[Info] [2025-4-30 11:22:17] /***************************Start Configuration***************************/
[Info] [2025-4-30 11:22:17] Path: D:/pango/PDS_2022.2-SP6.4/bin
[Info] [2025-4-30 11:22:17] Version: 146967
[Info] [2025-4-30 11:22:18] Current Path: D:/Downloads/pg2l200/2_Demo/2_10_hdmi_loop/2_10_hdmi_loop
[Info] [2025-4-30 11:22:18] PDS Dir Path: D:/Downloads/pg2l200/2_Demo/2_10_hdmi_loop/2_10_hdmi_loop
[Info] [2025-4-30 11:22:20] Configuration is not connect with server. connect first then scan chain.
[Debug] [2025-4-30 11:22:20] Client Local host name:PC-20200227DQAD
[Debug] [2025-4-30 11:22:20] Client Local Address:192.168.3.111
[Debug] [2025-4-30 11:22:20] Server Address:127.0.0.1, Port:65420
[Debug] [2025-4-30 11:22:20] Log::Print : Connecting to server[127.0.0.1 : 65420].
[Info] [2025-4-30 11:22:20] Connect OK, Server: 127.0.0.1  Port: 65420
[Debug] [2025-4-30 11:22:20] Finish.
[Info] [2025-4-30 11:22:20] Connect server succeeded
[Debug] [2025-4-30 11:22:20] Send RPC:1
[Debug] [2025-4-30 11:22:20] Send cmd [check version information:40004] OK
[Debug] [2025-4-30 11:22:20] Send RPC:2
[Debug] [2025-4-30 11:22:20] Send cmd [get_cable_paras:40010] OK
[Debug] [2025-4-30 11:22:20] Begin to send initialize chain cmd...
[Debug] [2025-4-30 11:22:20] Send RPC:3
[Debug] [2025-4-30 11:22:20] Send cmd [Open config cable:20001] OK
[Debug] [2025-4-30 11:22:20] End to send initialize chain cmd.
[Debug] [2025-4-30 11:22:20] COMMAND[check version information] execute successfully, takes 0.0 secs.
[Debug] [2025-4-30 11:22:20] Log::Print : Connect to server[127.0.0.1 : 65420] successfully.
[Debug] [2025-4-30 11:22:20] Log::Print : COMMAND[check version information] execute successfully, takes 0.0 secs.
[Debug] [2025-4-30 11:22:21] COMMAND[get_cable_paras] execute successfully, takes 1.1 secs.
[Debug] [2025-4-30 11:22:21] Log::Print : The cable List : 
Cable index 0:USB Cable II/fffffffffffffffe 

[Debug] [2025-4-30 11:22:21] Log::Print : COMMAND[get_cable_paras] execute successfully, takes 1.1 secs.
[Debug] [2025-4-30 11:22:22] begin the exec of open cable cmd...
[Debug] [2025-4-30 11:22:22] Begin to deal with chain from server...
[Debug] [2025-4-30 11:22:22] Begin to set user chain...
[Debug] [2025-4-30 11:22:22] End to set user chain.
[Debug] [2025-4-30 11:22:22] Begin to update graphic item and tree item ...
[Debug] [2025-4-30 11:22:22] End to update graphic item and tree item ...
[Debug] [2025-4-30 11:22:22] Log::Print : PANGO USB CABLE II cable driver: D2XX DLL
[Debug] [2025-4-30 11:22:22] Log::Print : PG2L200H
[Debug] [2025-4-30 11:22:22] Log::Print : This device configure situation (done bit): 0
[Info] [2025-4-30 11:22:23] set OpenLastPath: D:/Downloads/pg2l200/2_Demo/2_10_hdmi_loop/2_10_hdmi_loop/generate_bitstream/hdmi_loop.sbit
[Debug] [2025-4-30 11:22:23] begin to get device info from CFG file...
[Debug] [2025-4-30 11:22:23] end to get device info from CFG file...
[Debug] [2025-4-30 11:22:24] Begin to update graphic item and tree item ...
[Debug] [2025-4-30 11:22:24] End to update graphic item and tree item ...
[Debug] [2025-4-30 11:22:24] Begin to update graphic item and tree item ...
[Debug] [2025-4-30 11:22:24] End to update graphic item and tree item ...
[Debug] [2025-4-30 11:22:24] End to deal wiht chain from server.
[Debug] [2025-4-30 11:22:24] end the exec of open cable cmd.
[Debug] [2025-4-30 11:22:24] COMMAND[Open config cable] execute successfully, takes 3.3 secs.
[Debug] [2025-4-30 11:22:24] Log::Print : COMMAND[Open config cable] execute successfully, takes 3.3 secs.
[Debug] [2025-4-30 11:22:25] Begin to send programming cmd...
[Debug] [2025-4-30 11:22:25] Send RPC:4
[Debug] [2025-4-30 11:22:25] Begin to send program data.
[Debug] [2025-4-30 11:22:25] End to send program data.
[Debug] [2025-4-30 11:22:25] Send cmd [Program:20002] OK
[Debug] [2025-4-30 11:22:26] The value of Progress is 6
[Debug] [2025-4-30 11:22:26] The value of Progress is 10
[Debug] [2025-4-30 11:22:27] The value of Progress is 15
[Debug] [2025-4-30 11:22:27] The value of Progress is 20
[Debug] [2025-4-30 11:22:28] The value of Progress is 25
[Debug] [2025-4-30 11:22:28] The value of Progress is 30
[Debug] [2025-4-30 11:22:28] The value of Progress is 35
[Debug] [2025-4-30 11:22:29] The value of Progress is 40
[Debug] [2025-4-30 11:22:29] The value of Progress is 45
[Debug] [2025-4-30 11:22:29] The value of Progress is 50
[Debug] [2025-4-30 11:22:30] The value of Progress is 55
[Debug] [2025-4-30 11:22:30] The value of Progress is 60
[Debug] [2025-4-30 11:22:31] The value of Progress is 65
[Debug] [2025-4-30 11:22:31] The value of Progress is 70
[Debug] [2025-4-30 11:22:31] The value of Progress is 75
[Debug] [2025-4-30 11:22:32] The value of Progress is 80
[Debug] [2025-4-30 11:22:32] The value of Progress is 85
[Debug] [2025-4-30 11:22:33] The value of Progress is 90
[Debug] [2025-4-30 11:22:33] The value of Progress is 95
[Debug] [2025-4-30 11:22:33] The value of Progress is 100
[Debug] [2025-4-30 11:22:34] COMMAND[Program] execute successfully, takes 8.4 secs.
[Debug] [2025-4-30 11:22:34] End to send programming cmd.
[Debug] [2025-4-30 11:22:34] Log::Print : The done bit is 1
[Debug] [2025-4-30 11:22:34] Log::Print : COMMAND[Program] execute successfully, takes 8.4 secs.
[Debug] [2025-4-30 11:22:41] Begin to send programming cmd...
[Debug] [2025-4-30 11:22:41] Send RPC:5
[Debug] [2025-4-30 11:22:41] Begin to send program data.
[Debug] [2025-4-30 11:22:41] End to send program data.
[Debug] [2025-4-30 11:22:41] Send cmd [Program:20002] OK
[Debug] [2025-4-30 11:22:42] The value of Progress is 6
[Debug] [2025-4-30 11:22:42] The value of Progress is 10
[Debug] [2025-4-30 11:22:42] The value of Progress is 15
[Debug] [2025-4-30 11:22:43] The value of Progress is 20
[Debug] [2025-4-30 11:22:43] The value of Progress is 25
[Debug] [2025-4-30 11:22:44] The value of Progress is 30
[Debug] [2025-4-30 11:22:44] The value of Progress is 35
[Debug] [2025-4-30 11:22:44] The value of Progress is 40
[Debug] [2025-4-30 11:22:45] The value of Progress is 45
[Debug] [2025-4-30 11:22:45] The value of Progress is 50
[Debug] [2025-4-30 11:22:46] The value of Progress is 55
[Debug] [2025-4-30 11:22:46] The value of Progress is 60
[Debug] [2025-4-30 11:22:46] The value of Progress is 65
[Debug] [2025-4-30 11:22:47] The value of Progress is 70
[Debug] [2025-4-30 11:22:47] The value of Progress is 75
[Debug] [2025-4-30 11:22:47] The value of Progress is 80
[Debug] [2025-4-30 11:22:48] The value of Progress is 85
[Debug] [2025-4-30 11:22:48] The value of Progress is 90
[Debug] [2025-4-30 11:22:49] The value of Progress is 95
[Debug] [2025-4-30 11:22:49] The value of Progress is 100
[Debug] [2025-4-30 11:22:49] COMMAND[Program] execute successfully, takes 8.4 secs.
[Debug] [2025-4-30 11:22:49] End to send programming cmd.
[Debug] [2025-4-30 11:22:49] Log::Print : The done bit is 1
[Debug] [2025-4-30 11:22:49] Log::Print : COMMAND[Program] execute successfully, takes 8.4 secs.
[Debug] [2025-4-30 11:23:12] Begin to send programming cmd...
[Debug] [2025-4-30 11:23:12] Send RPC:6
[Debug] [2025-4-30 11:23:12] Begin to send program data.
[Debug] [2025-4-30 11:23:12] End to send program data.
[Debug] [2025-4-30 11:23:12] Send cmd [Program:20002] OK
[Debug] [2025-4-30 11:23:13] The value of Progress is 6
[Debug] [2025-4-30 11:23:13] The value of Progress is 10
[Debug] [2025-4-30 11:23:13] The value of Progress is 15
[Debug] [2025-4-30 11:23:14] The value of Progress is 20
[Debug] [2025-4-30 11:23:14] The value of Progress is 25
[Debug] [2025-4-30 11:23:15] The value of Progress is 30
[Debug] [2025-4-30 11:23:15] The value of Progress is 35
[Debug] [2025-4-30 11:23:15] The value of Progress is 40
[Debug] [2025-4-30 11:23:16] The value of Progress is 45
[Debug] [2025-4-30 11:23:16] The value of Progress is 50
[Debug] [2025-4-30 11:23:16] The value of Progress is 55
[Debug] [2025-4-30 11:23:17] The value of Progress is 60
[Debug] [2025-4-30 11:23:17] The value of Progress is 65
[Debug] [2025-4-30 11:23:18] The value of Progress is 70
[Debug] [2025-4-30 11:23:18] The value of Progress is 75
[Debug] [2025-4-30 11:23:18] The value of Progress is 80
[Debug] [2025-4-30 11:23:19] The value of Progress is 85
[Debug] [2025-4-30 11:23:19] The value of Progress is 90
[Debug] [2025-4-30 11:23:20] The value of Progress is 95
[Debug] [2025-4-30 11:23:20] The value of Progress is 100
[Debug] [2025-4-30 11:23:20] COMMAND[Program] execute successfully, takes 8.4 secs.
[Debug] [2025-4-30 11:23:20] End to send programming cmd.
[Debug] [2025-4-30 11:23:20] Log::Print : The done bit is 1
[Debug] [2025-4-30 11:23:20] Log::Print : COMMAND[Program] execute successfully, takes 8.4 secs.
[Debug] [2025-4-30 11:23:30] Begin to send programming cmd...
[Debug] [2025-4-30 11:23:30] Send RPC:7
[Debug] [2025-4-30 11:23:30] Begin to send program data.
[Debug] [2025-4-30 11:23:30] End to send program data.
[Debug] [2025-4-30 11:23:30] Send cmd [Program:20002] OK
[Debug] [2025-4-30 11:23:31] The value of Progress is 6
[Debug] [2025-4-30 11:23:31] The value of Progress is 10
[Debug] [2025-4-30 11:23:31] The value of Progress is 15
[Debug] [2025-4-30 11:23:32] The value of Progress is 20
[Debug] [2025-4-30 11:23:32] The value of Progress is 25
[Debug] [2025-4-30 11:23:32] The value of Progress is 30
[Debug] [2025-4-30 11:23:33] The value of Progress is 35
[Debug] [2025-4-30 11:23:33] The value of Progress is 40
[Debug] [2025-4-30 11:23:34] The value of Progress is 45
[Debug] [2025-4-30 11:23:34] The value of Progress is 50
[Debug] [2025-4-30 11:23:34] The value of Progress is 55
[Debug] [2025-4-30 11:23:35] The value of Progress is 60
[Debug] [2025-4-30 11:23:35] The value of Progress is 65
[Debug] [2025-4-30 11:23:36] The value of Progress is 70
[Debug] [2025-4-30 11:23:36] The value of Progress is 75
[Debug] [2025-4-30 11:23:36] The value of Progress is 80
[Debug] [2025-4-30 11:23:37] The value of Progress is 85
[Debug] [2025-4-30 11:23:37] The value of Progress is 90
[Debug] [2025-4-30 11:23:37] The value of Progress is 95
[Debug] [2025-4-30 11:23:38] The value of Progress is 100
[Debug] [2025-4-30 11:23:38] COMMAND[Program] execute successfully, takes 8.4 secs.
[Debug] [2025-4-30 11:23:38] End to send programming cmd.
[Debug] [2025-4-30 11:23:38] Log::Print : The done bit is 1
[Debug] [2025-4-30 11:23:38] Log::Print : COMMAND[Program] execute successfully, takes 8.4 secs.
[Debug] [2025-4-30 11:26:14] Begin to send programming cmd...
[Debug] [2025-4-30 11:26:14] Send RPC:8
[Debug] [2025-4-30 11:26:14] Begin to send program data.
[Debug] [2025-4-30 11:26:14] End to send program data.
[Debug] [2025-4-30 11:26:14] Send cmd [Program:20002] OK
[Debug] [2025-4-30 11:26:15] The value of Progress is 6
[Debug] [2025-4-30 11:26:16] The value of Progress is 10
[Debug] [2025-4-30 11:26:16] The value of Progress is 15
[Debug] [2025-4-30 11:26:16] The value of Progress is 20
[Debug] [2025-4-30 11:26:17] The value of Progress is 25
[Debug] [2025-4-30 11:26:17] The value of Progress is 30
[Debug] [2025-4-30 11:26:18] The value of Progress is 35
[Debug] [2025-4-30 11:26:18] The value of Progress is 40
[Debug] [2025-4-30 11:26:18] The value of Progress is 45
[Debug] [2025-4-30 11:26:19] The value of Progress is 50
[Debug] [2025-4-30 11:26:19] The value of Progress is 55
[Debug] [2025-4-30 11:26:19] The value of Progress is 60
[Debug] [2025-4-30 11:26:20] The value of Progress is 65
[Debug] [2025-4-30 11:26:20] The value of Progress is 70
[Debug] [2025-4-30 11:26:21] The value of Progress is 75
[Debug] [2025-4-30 11:26:21] The value of Progress is 80
[Debug] [2025-4-30 11:26:21] The value of Progress is 85
[Debug] [2025-4-30 11:26:22] The value of Progress is 90
[Debug] [2025-4-30 11:26:22] The value of Progress is 95
[Debug] [2025-4-30 11:26:23] The value of Progress is 100
[Debug] [2025-4-30 11:26:23] COMMAND[Program] execute successfully, takes 8.4 secs.
[Debug] [2025-4-30 11:26:23] End to send programming cmd.
[Debug] [2025-4-30 11:26:23] Log::Print : The done bit is 1
[Debug] [2025-4-30 11:26:23] Log::Print : COMMAND[Program] execute successfully, takes 8.4 secs.
[Debug] [2025-4-30 11:26:31] Begin to send programming cmd...
[Debug] [2025-4-30 11:26:31] Send RPC:9
[Debug] [2025-4-30 11:26:31] Begin to send program data.
[Debug] [2025-4-30 11:26:31] End to send program data.
[Debug] [2025-4-30 11:26:31] Send cmd [Program:20002] OK
[Debug] [2025-4-30 11:26:32] The value of Progress is 6
[Debug] [2025-4-30 11:26:33] The value of Progress is 10
[Debug] [2025-4-30 11:26:33] The value of Progress is 15
[Debug] [2025-4-30 11:26:33] The value of Progress is 20
[Debug] [2025-4-30 11:26:34] The value of Progress is 25
[Debug] [2025-4-30 11:26:34] The value of Progress is 30
[Debug] [2025-4-30 11:26:34] The value of Progress is 35
[Debug] [2025-4-30 11:26:35] The value of Progress is 40
[Debug] [2025-4-30 11:26:35] The value of Progress is 45
[Debug] [2025-4-30 11:26:36] The value of Progress is 50
[Debug] [2025-4-30 11:26:36] The value of Progress is 55
[Debug] [2025-4-30 11:26:36] The value of Progress is 60
[Debug] [2025-4-30 11:26:37] The value of Progress is 65
[Debug] [2025-4-30 11:26:37] The value of Progress is 70
[Debug] [2025-4-30 11:26:38] The value of Progress is 75
[Debug] [2025-4-30 11:26:38] The value of Progress is 80
[Debug] [2025-4-30 11:26:38] The value of Progress is 85
[Debug] [2025-4-30 11:26:39] The value of Progress is 90
[Debug] [2025-4-30 11:26:39] The value of Progress is 95
[Debug] [2025-4-30 11:26:39] The value of Progress is 100
[Debug] [2025-4-30 11:26:40] COMMAND[Program] execute successfully, takes 8.4 secs.
[Debug] [2025-4-30 11:26:40] End to send programming cmd.
[Debug] [2025-4-30 11:26:40] Log::Print : The done bit is 1
[Debug] [2025-4-30 11:26:40] Log::Print : COMMAND[Program] execute successfully, takes 8.4 secs.
[Debug] [2025-4-30 11:26:50] Begin to assign configuration file...
[Info] [2025-4-30 11:27:04] set OpenLastPath: E:/board/2L676/2L200H_676/demo/hdmi_loop/hdmi_loop/generate_bitstream/hdmi_loop.sbit
[Debug] [2025-4-30 11:27:04] begin to get device info from CFG file...
[Debug] [2025-4-30 11:27:04] end to get device info from CFG file...
[Debug] [2025-4-30 11:27:04] Begin to update graphic item and tree item ...
[Debug] [2025-4-30 11:27:04] End to update graphic item and tree item ...
[Debug] [2025-4-30 11:27:04] End to assign configuration file...
[Debug] [2025-4-30 11:27:05] Begin to send programming cmd...
[Debug] [2025-4-30 11:27:05] Send RPC:10
[Debug] [2025-4-30 11:27:05] Begin to send program data.
[Debug] [2025-4-30 11:27:05] End to send program data.
[Debug] [2025-4-30 11:27:05] Send cmd [Program:20002] OK
[Debug] [2025-4-30 11:27:06] The value of Progress is 6
[Debug] [2025-4-30 11:27:06] The value of Progress is 10
[Debug] [2025-4-30 11:27:07] The value of Progress is 15
[Debug] [2025-4-30 11:27:07] The value of Progress is 20
[Debug] [2025-4-30 11:27:08] The value of Progress is 25
[Debug] [2025-4-30 11:27:08] The value of Progress is 30
[Debug] [2025-4-30 11:27:08] The value of Progress is 35
[Debug] [2025-4-30 11:27:09] The value of Progress is 40
[Debug] [2025-4-30 11:27:09] The value of Progress is 45
[Debug] [2025-4-30 11:27:09] The value of Progress is 50
[Debug] [2025-4-30 11:27:10] The value of Progress is 55
[Debug] [2025-4-30 11:27:10] The value of Progress is 60
[Debug] [2025-4-30 11:27:11] The value of Progress is 65
[Debug] [2025-4-30 11:27:11] The value of Progress is 70
[Debug] [2025-4-30 11:27:11] The value of Progress is 75
[Debug] [2025-4-30 11:27:12] The value of Progress is 80
[Debug] [2025-4-30 11:27:12] The value of Progress is 85
[Debug] [2025-4-30 11:27:12] The value of Progress is 90
[Debug] [2025-4-30 11:27:13] The value of Progress is 95
[Debug] [2025-4-30 11:27:13] The value of Progress is 100
[Debug] [2025-4-30 11:27:14] COMMAND[Program] execute successfully, takes 8.4 secs.
[Debug] [2025-4-30 11:27:14] End to send programming cmd.
[Debug] [2025-4-30 11:27:14] Log::Print : The done bit is 1
[Debug] [2025-4-30 11:27:14] Log::Print : COMMAND[Program] execute successfully, takes 8.4 secs.
[Debug] [2025-4-30 11:27:18] Begin to send programming cmd...
[Debug] [2025-4-30 11:27:18] Send RPC:11
[Debug] [2025-4-30 11:27:18] Begin to send program data.
[Debug] [2025-4-30 11:27:18] End to send program data.
[Debug] [2025-4-30 11:27:18] Send cmd [Program:20002] OK
[Debug] [2025-4-30 11:27:19] The value of Progress is 6
[Debug] [2025-4-30 11:27:19] The value of Progress is 10
[Debug] [2025-4-30 11:27:19] The value of Progress is 15
[Debug] [2025-4-30 11:27:20] The value of Progress is 20
[Debug] [2025-4-30 11:27:20] The value of Progress is 25
[Debug] [2025-4-30 11:27:20] The value of Progress is 30
[Debug] [2025-4-30 11:27:21] The value of Progress is 35
[Debug] [2025-4-30 11:27:21] The value of Progress is 40
[Debug] [2025-4-30 11:27:22] The value of Progress is 45
[Debug] [2025-4-30 11:27:22] The value of Progress is 50
[Debug] [2025-4-30 11:27:22] The value of Progress is 55
[Debug] [2025-4-30 11:27:23] The value of Progress is 60
[Debug] [2025-4-30 11:27:23] The value of Progress is 65
[Debug] [2025-4-30 11:27:23] The value of Progress is 70
[Debug] [2025-4-30 11:27:24] The value of Progress is 75
[Debug] [2025-4-30 11:27:24] The value of Progress is 80
[Debug] [2025-4-30 11:27:25] The value of Progress is 85
[Debug] [2025-4-30 11:27:25] The value of Progress is 90
[Debug] [2025-4-30 11:27:25] The value of Progress is 95
[Debug] [2025-4-30 11:27:26] The value of Progress is 100
[Debug] [2025-4-30 11:27:26] COMMAND[Program] execute successfully, takes 8.4 secs.
[Debug] [2025-4-30 11:27:26] End to send programming cmd.
[Debug] [2025-4-30 11:27:26] Log::Print : The done bit is 1
[Debug] [2025-4-30 11:27:26] Log::Print : COMMAND[Program] execute successfully, takes 8.4 secs.
[Debug] [2025-4-30 11:27:31] Begin to send programming cmd...
[Debug] [2025-4-30 11:27:31] Send RPC:12
[Debug] [2025-4-30 11:27:31] Begin to send program data.
[Debug] [2025-4-30 11:27:31] End to send program data.
[Debug] [2025-4-30 11:27:31] Send cmd [Program:20002] OK
[Debug] [2025-4-30 11:27:32] The value of Progress is 6
[Debug] [2025-4-30 11:27:32] The value of Progress is 10
[Debug] [2025-4-30 11:27:33] The value of Progress is 15
[Debug] [2025-4-30 11:27:33] The value of Progress is 20
[Debug] [2025-4-30 11:27:33] The value of Progress is 25
[Debug] [2025-4-30 11:27:34] The value of Progress is 30
[Debug] [2025-4-30 11:27:34] The value of Progress is 35
[Debug] [2025-4-30 11:27:35] The value of Progress is 40
[Debug] [2025-4-30 11:27:35] The value of Progress is 45
[Debug] [2025-4-30 11:27:35] The value of Progress is 50
[Debug] [2025-4-30 11:27:36] The value of Progress is 55
[Debug] [2025-4-30 11:27:36] The value of Progress is 60
[Debug] [2025-4-30 11:27:37] The value of Progress is 65
[Debug] [2025-4-30 11:27:37] The value of Progress is 70
[Debug] [2025-4-30 11:27:37] The value of Progress is 75
[Debug] [2025-4-30 11:27:38] The value of Progress is 80
[Debug] [2025-4-30 11:27:38] The value of Progress is 85
[Debug] [2025-4-30 11:27:38] The value of Progress is 90
[Debug] [2025-4-30 11:27:39] The value of Progress is 95
[Debug] [2025-4-30 11:27:39] The value of Progress is 100
[Debug] [2025-4-30 11:27:40] COMMAND[Program] execute successfully, takes 8.4 secs.
[Debug] [2025-4-30 11:27:40] End to send programming cmd.
[Debug] [2025-4-30 11:27:40] Log::Print : The done bit is 1
[Debug] [2025-4-30 11:27:40] Log::Print : COMMAND[Program] execute successfully, takes 8.4 secs.
[Debug] [2025-4-30 11:27:42] Begin to assign configuration file...
[Info] [2025-4-30 11:28:00] set OpenLastPath: E:/board/2L676/2L200H_676/test_demo/hdmi_loop/hdmi_loop/generate_bitstream/hdmi_loop.sbit
[Debug] [2025-4-30 11:28:00] begin to get device info from CFG file...
[Debug] [2025-4-30 11:28:00] end to get device info from CFG file...
[Debug] [2025-4-30 11:28:00] Begin to update graphic item and tree item ...
[Debug] [2025-4-30 11:28:00] End to update graphic item and tree item ...
[Debug] [2025-4-30 11:28:00] End to assign configuration file...
[Debug] [2025-4-30 11:28:01] Begin to send programming cmd...
[Debug] [2025-4-30 11:28:01] Send RPC:13
[Debug] [2025-4-30 11:28:01] Begin to send program data.
[Debug] [2025-4-30 11:28:01] End to send program data.
[Debug] [2025-4-30 11:28:01] Send cmd [Program:20002] OK
[Debug] [2025-4-30 11:28:02] The value of Progress is 6
[Debug] [2025-4-30 11:28:02] The value of Progress is 10
[Debug] [2025-4-30 11:28:03] The value of Progress is 15
[Debug] [2025-4-30 11:28:03] The value of Progress is 20
[Debug] [2025-4-30 11:28:04] The value of Progress is 25
[Debug] [2025-4-30 11:28:04] The value of Progress is 30
[Debug] [2025-4-30 11:28:04] The value of Progress is 35
[Debug] [2025-4-30 11:28:05] The value of Progress is 40
[Debug] [2025-4-30 11:28:05] The value of Progress is 45
[Debug] [2025-4-30 11:28:05] The value of Progress is 50
[Debug] [2025-4-30 11:28:06] The value of Progress is 55
[Debug] [2025-4-30 11:28:06] The value of Progress is 60
[Debug] [2025-4-30 11:28:07] The value of Progress is 65
[Debug] [2025-4-30 11:28:07] The value of Progress is 70
[Debug] [2025-4-30 11:28:07] The value of Progress is 75
[Debug] [2025-4-30 11:28:08] The value of Progress is 80
[Debug] [2025-4-30 11:28:08] The value of Progress is 85
[Debug] [2025-4-30 11:28:09] The value of Progress is 90
[Debug] [2025-4-30 11:28:09] The value of Progress is 95
[Debug] [2025-4-30 11:28:09] The value of Progress is 100
[Debug] [2025-4-30 11:28:10] COMMAND[Program] execute successfully, takes 8.4 secs.
[Debug] [2025-4-30 11:28:10] End to send programming cmd.
[Debug] [2025-4-30 11:28:10] Log::Print : The done bit is 1
[Debug] [2025-4-30 11:28:10] Log::Print : COMMAND[Program] execute successfully, takes 8.4 secs.
[Debug] [2025-4-30 11:28:17] Begin to assign configuration file...
[Info] [2025-4-30 11:28:28] set OpenLastPath: E:/board/2L676/2L200H_676/demo/hdmi_test/hdmi_test/generate_bitstream/hdmi_test.sbit
[Debug] [2025-4-30 11:28:28] begin to get device info from CFG file...
[Debug] [2025-4-30 11:28:28] end to get device info from CFG file...
[Debug] [2025-4-30 11:28:28] Begin to update graphic item and tree item ...
[Debug] [2025-4-30 11:28:28] End to update graphic item and tree item ...
[Debug] [2025-4-30 11:28:28] End to assign configuration file...
[Debug] [2025-4-30 11:28:29] Begin to send programming cmd...
[Debug] [2025-4-30 11:28:29] Send RPC:14
[Debug] [2025-4-30 11:28:29] Begin to send program data.
[Debug] [2025-4-30 11:28:29] End to send program data.
[Debug] [2025-4-30 11:28:29] Send cmd [Program:20002] OK
[Debug] [2025-4-30 11:28:30] The value of Progress is 6
[Debug] [2025-4-30 11:28:30] The value of Progress is 10
[Debug] [2025-4-30 11:28:31] The value of Progress is 15
[Debug] [2025-4-30 11:28:31] The value of Progress is 20
[Debug] [2025-4-30 11:28:32] The value of Progress is 25
[Debug] [2025-4-30 11:28:32] The value of Progress is 30
[Debug] [2025-4-30 11:28:32] The value of Progress is 35
[Debug] [2025-4-30 11:28:33] The value of Progress is 40
[Debug] [2025-4-30 11:28:33] The value of Progress is 45
[Debug] [2025-4-30 11:28:33] The value of Progress is 50
[Debug] [2025-4-30 11:28:34] The value of Progress is 55
[Debug] [2025-4-30 11:28:34] The value of Progress is 60
[Debug] [2025-4-30 11:28:35] The value of Progress is 65
[Debug] [2025-4-30 11:28:35] The value of Progress is 70
[Debug] [2025-4-30 11:28:35] The value of Progress is 75
[Debug] [2025-4-30 11:28:36] The value of Progress is 80
[Debug] [2025-4-30 11:28:36] The value of Progress is 85
[Debug] [2025-4-30 11:28:37] The value of Progress is 90
[Debug] [2025-4-30 11:28:37] The value of Progress is 95
[Debug] [2025-4-30 11:28:37] The value of Progress is 100
[Debug] [2025-4-30 11:28:38] COMMAND[Program] execute successfully, takes 8.4 secs.
[Debug] [2025-4-30 11:28:38] End to send programming cmd.
[Debug] [2025-4-30 11:28:38] Log::Print : The done bit is 1
[Debug] [2025-4-30 11:28:38] Log::Print : COMMAND[Program] execute successfully, takes 8.4 secs.
[Debug] [2025-4-30 11:28:43] Begin to assign configuration file...
[Info] [2025-4-30 11:28:50] set OpenLastPath: E:/board/2L676/2L200H_676/demo/hdmi_loop/hdmi_loop/generate_bitstream/hdmi_loop.sbit
[Debug] [2025-4-30 11:28:50] begin to get device info from CFG file...
[Debug] [2025-4-30 11:28:50] end to get device info from CFG file...
[Debug] [2025-4-30 11:28:50] Begin to update graphic item and tree item ...
[Debug] [2025-4-30 11:28:50] End to update graphic item and tree item ...
[Debug] [2025-4-30 11:28:50] End to assign configuration file...
[Debug] [2025-4-30 11:28:52] Begin to send programming cmd...
[Debug] [2025-4-30 11:28:52] Send RPC:15
[Debug] [2025-4-30 11:28:52] Begin to send program data.
[Debug] [2025-4-30 11:28:52] End to send program data.
[Debug] [2025-4-30 11:28:52] Send cmd [Program:20002] OK
[Debug] [2025-4-30 11:28:52] The value of Progress is 6
[Debug] [2025-4-30 11:28:53] The value of Progress is 10
[Debug] [2025-4-30 11:28:53] The value of Progress is 15
[Debug] [2025-4-30 11:28:53] The value of Progress is 20
[Debug] [2025-4-30 11:28:54] The value of Progress is 25
[Debug] [2025-4-30 11:28:54] The value of Progress is 30
[Debug] [2025-4-30 11:28:55] The value of Progress is 35
[Debug] [2025-4-30 11:28:55] The value of Progress is 40
[Debug] [2025-4-30 11:28:55] The value of Progress is 45
[Debug] [2025-4-30 11:28:56] The value of Progress is 50
[Debug] [2025-4-30 11:28:56] The value of Progress is 55
[Debug] [2025-4-30 11:28:57] The value of Progress is 60
[Debug] [2025-4-30 11:28:57] The value of Progress is 65
[Debug] [2025-4-30 11:28:57] The value of Progress is 70
[Debug] [2025-4-30 11:28:58] The value of Progress is 75
[Debug] [2025-4-30 11:28:58] The value of Progress is 80
[Debug] [2025-4-30 11:28:58] The value of Progress is 85
[Debug] [2025-4-30 11:28:59] The value of Progress is 90
[Debug] [2025-4-30 11:28:59] The value of Progress is 95
[Debug] [2025-4-30 11:29:00] The value of Progress is 100
[Debug] [2025-4-30 11:29:00] COMMAND[Program] execute successfully, takes 8.4 secs.
[Debug] [2025-4-30 11:29:00] End to send programming cmd.
[Debug] [2025-4-30 11:29:00] Log::Print : The done bit is 1
[Debug] [2025-4-30 11:29:00] Log::Print : COMMAND[Program] execute successfully, takes 8.4 secs.
[Debug] [2025-4-30 11:29:08] Begin to send programming cmd...
[Debug] [2025-4-30 11:29:08] Send RPC:16
[Debug] [2025-4-30 11:29:08] Begin to send program data.
[Debug] [2025-4-30 11:29:08] End to send program data.
[Debug] [2025-4-30 11:29:08] Send cmd [Program:20002] OK
[Debug] [2025-4-30 11:29:09] The value of Progress is 6
[Debug] [2025-4-30 11:29:09] The value of Progress is 10
[Debug] [2025-4-30 11:29:09] The value of Progress is 15
[Debug] [2025-4-30 11:29:10] The value of Progress is 20
[Debug] [2025-4-30 11:29:10] The value of Progress is 25
[Debug] [2025-4-30 11:29:11] The value of Progress is 30
[Debug] [2025-4-30 11:29:11] The value of Progress is 35
[Debug] [2025-4-30 11:29:11] The value of Progress is 40
[Debug] [2025-4-30 11:29:12] The value of Progress is 45
[Debug] [2025-4-30 11:29:12] The value of Progress is 50
[Debug] [2025-4-30 11:29:13] The value of Progress is 55
[Debug] [2025-4-30 11:29:13] The value of Progress is 60
[Debug] [2025-4-30 11:29:13] The value of Progress is 65
[Debug] [2025-4-30 11:29:14] The value of Progress is 70
[Debug] [2025-4-30 11:29:14] The value of Progress is 75
[Debug] [2025-4-30 11:29:14] The value of Progress is 80
[Debug] [2025-4-30 11:29:15] The value of Progress is 85
[Debug] [2025-4-30 11:29:15] The value of Progress is 90
[Debug] [2025-4-30 11:29:16] The value of Progress is 95
[Debug] [2025-4-30 11:29:16] The value of Progress is 100
[Debug] [2025-4-30 11:29:16] COMMAND[Program] execute successfully, takes 8.4 secs.
[Debug] [2025-4-30 11:29:16] End to send programming cmd.
[Debug] [2025-4-30 11:29:16] Log::Print : The done bit is 1
[Debug] [2025-4-30 11:29:16] Log::Print : COMMAND[Program] execute successfully, takes 8.4 secs.
[Debug] [2025-4-30 11:29:30] Begin to assign configuration file...
[Info] [2025-4-30 11:29:51] set OpenLastPath: D:/Downloads/pg2l200/2_Demo/2_10_hdmi_loop/2_10_hdmi_loop/generate_bitstream/hdmi_loop.sbit
[Debug] [2025-4-30 11:29:51] begin to get device info from CFG file...
[Debug] [2025-4-30 11:29:51] end to get device info from CFG file...
[Debug] [2025-4-30 11:29:51] Begin to update graphic item and tree item ...
[Debug] [2025-4-30 11:29:51] End to update graphic item and tree item ...
[Debug] [2025-4-30 11:29:51] End to assign configuration file...
[Debug] [2025-4-30 11:29:53] Begin to send programming cmd...
[Debug] [2025-4-30 11:29:53] Send RPC:17
[Debug] [2025-4-30 11:29:53] Begin to send program data.
[Debug] [2025-4-30 11:29:53] End to send program data.
[Debug] [2025-4-30 11:29:53] Send cmd [Program:20002] OK
[Debug] [2025-4-30 11:29:54] The value of Progress is 6
[Debug] [2025-4-30 11:29:54] The value of Progress is 10
[Debug] [2025-4-30 11:29:54] The value of Progress is 15
[Debug] [2025-4-30 11:29:55] The value of Progress is 20
[Debug] [2025-4-30 11:29:55] The value of Progress is 25
[Debug] [2025-4-30 11:29:55] The value of Progress is 30
[Debug] [2025-4-30 11:29:56] The value of Progress is 35
[Debug] [2025-4-30 11:29:56] The value of Progress is 40
[Debug] [2025-4-30 11:29:57] The value of Progress is 45
[Debug] [2025-4-30 11:29:57] The value of Progress is 50
[Debug] [2025-4-30 11:29:57] The value of Progress is 55
[Debug] [2025-4-30 11:29:58] The value of Progress is 60
[Debug] [2025-4-30 11:29:58] The value of Progress is 65
[Debug] [2025-4-30 11:29:58] The value of Progress is 70
[Debug] [2025-4-30 11:29:59] The value of Progress is 75
[Debug] [2025-4-30 11:29:59] The value of Progress is 80
[Debug] [2025-4-30 11:30:00] The value of Progress is 85
[Debug] [2025-4-30 11:30:00] The value of Progress is 90
[Debug] [2025-4-30 11:30:00] The value of Progress is 95
[Debug] [2025-4-30 11:30:01] The value of Progress is 100
[Debug] [2025-4-30 11:30:01] COMMAND[Program] execute successfully, takes 8.4 secs.
[Debug] [2025-4-30 11:30:01] End to send programming cmd.
[Debug] [2025-4-30 11:30:01] Log::Print : The done bit is 1
[Debug] [2025-4-30 11:30:01] Log::Print : COMMAND[Program] execute successfully, takes 8.4 secs.
[Debug] [2025-4-30 11:32:26] Begin to assign configuration file...
[Info] [2025-4-30 11:32:32] set OpenLastPath: D:/Downloads/pg2l200/hdmi_loop_2023/hdmi_loop_2023/generate_bitstream/hdmi_loop.sbit
[Debug] [2025-4-30 11:32:32] begin to get device info from CFG file...
[Debug] [2025-4-30 11:32:32] end to get device info from CFG file...
[Debug] [2025-4-30 11:32:32] Begin to update graphic item and tree item ...
[Debug] [2025-4-30 11:32:32] End to update graphic item and tree item ...
[Debug] [2025-4-30 11:32:32] End to assign configuration file...
[Debug] [2025-4-30 11:32:34] Begin to send programming cmd...
[Debug] [2025-4-30 11:32:34] Send RPC:18
[Debug] [2025-4-30 11:32:34] Begin to send program data.
[Debug] [2025-4-30 11:32:34] End to send program data.
[Debug] [2025-4-30 11:32:34] Send cmd [Program:20002] OK
[Debug] [2025-4-30 11:32:34] The value of Progress is 6
[Debug] [2025-4-30 11:32:35] The value of Progress is 10
[Debug] [2025-4-30 11:32:35] The value of Progress is 15
[Debug] [2025-4-30 11:32:35] The value of Progress is 20
[Debug] [2025-4-30 11:32:36] The value of Progress is 25
[Debug] [2025-4-30 11:32:36] The value of Progress is 30
[Debug] [2025-4-30 11:32:37] The value of Progress is 35
[Debug] [2025-4-30 11:32:37] The value of Progress is 40
[Debug] [2025-4-30 11:32:37] The value of Progress is 45
[Debug] [2025-4-30 11:32:38] The value of Progress is 50
[Debug] [2025-4-30 11:32:38] The value of Progress is 55
[Debug] [2025-4-30 11:32:39] The value of Progress is 60
[Debug] [2025-4-30 11:32:39] The value of Progress is 65
[Debug] [2025-4-30 11:32:39] The value of Progress is 70
[Debug] [2025-4-30 11:32:40] The value of Progress is 75
[Debug] [2025-4-30 11:32:40] The value of Progress is 80
[Debug] [2025-4-30 11:32:40] The value of Progress is 85
[Debug] [2025-4-30 11:32:41] The value of Progress is 90
[Debug] [2025-4-30 11:32:41] The value of Progress is 95
[Debug] [2025-4-30 11:32:42] The value of Progress is 100
[Debug] [2025-4-30 11:32:42] COMMAND[Program] execute successfully, takes 8.4 secs.
[Debug] [2025-4-30 11:32:42] End to send programming cmd.
[Debug] [2025-4-30 11:32:42] Log::Print : The done bit is 1
[Debug] [2025-4-30 11:32:42] Log::Print : COMMAND[Program] execute successfully, takes 8.4 secs.
[Debug] [2025-4-30 11:32:54] Begin to send programming cmd...
[Debug] [2025-4-30 11:32:54] Send RPC:19
[Debug] [2025-4-30 11:32:54] Begin to send program data.
[Debug] [2025-4-30 11:32:54] End to send program data.
[Debug] [2025-4-30 11:32:54] Send cmd [Program:20002] OK
[Debug] [2025-4-30 11:32:55] The value of Progress is 6
[Debug] [2025-4-30 11:32:55] The value of Progress is 10
[Debug] [2025-4-30 11:32:56] The value of Progress is 15
[Debug] [2025-4-30 11:32:56] The value of Progress is 20
[Debug] [2025-4-30 11:32:56] The value of Progress is 25
[Debug] [2025-4-30 11:32:57] The value of Progress is 30
[Debug] [2025-4-30 11:32:57] The value of Progress is 35
[Debug] [2025-4-30 11:32:58] The value of Progress is 40
[Debug] [2025-4-30 11:32:58] The value of Progress is 45
[Debug] [2025-4-30 11:32:58] The value of Progress is 50
[Debug] [2025-4-30 11:32:59] The value of Progress is 55
[Debug] [2025-4-30 11:32:59] The value of Progress is 60
[Debug] [2025-4-30 11:33:00] The value of Progress is 65
[Debug] [2025-4-30 11:33:00] The value of Progress is 70
[Debug] [2025-4-30 11:33:00] The value of Progress is 75
[Debug] [2025-4-30 11:33:01] The value of Progress is 80
[Debug] [2025-4-30 11:33:01] The value of Progress is 85
[Debug] [2025-4-30 11:33:01] The value of Progress is 90
[Debug] [2025-4-30 11:33:02] The value of Progress is 95
[Debug] [2025-4-30 11:33:02] The value of Progress is 100
[Debug] [2025-4-30 11:33:03] COMMAND[Program] execute successfully, takes 8.4 secs.
[Debug] [2025-4-30 11:33:03] End to send programming cmd.
[Debug] [2025-4-30 11:33:03] Log::Print : The done bit is 1
[Debug] [2025-4-30 11:33:03] Log::Print : COMMAND[Program] execute successfully, takes 8.4 secs.
[Debug] [2025-4-30 11:33:11] Begin to send programming cmd...
[Debug] [2025-4-30 11:33:11] Send RPC:20
[Debug] [2025-4-30 11:33:11] Begin to send program data.
[Debug] [2025-4-30 11:33:11] End to send program data.
[Debug] [2025-4-30 11:33:11] Send cmd [Program:20002] OK
[Debug] [2025-4-30 11:33:12] The value of Progress is 6
[Debug] [2025-4-30 11:33:12] The value of Progress is 10
[Debug] [2025-4-30 11:33:12] The value of Progress is 15
[Debug] [2025-4-30 11:33:13] The value of Progress is 20
[Debug] [2025-4-30 11:33:13] The value of Progress is 25
[Debug] [2025-4-30 11:33:13] The value of Progress is 30
[Debug] [2025-4-30 11:33:14] The value of Progress is 35
[Debug] [2025-4-30 11:33:14] The value of Progress is 40
[Debug] [2025-4-30 11:33:15] The value of Progress is 45
[Debug] [2025-4-30 11:33:15] The value of Progress is 50
[Debug] [2025-4-30 11:33:15] The value of Progress is 55
[Debug] [2025-4-30 11:33:16] The value of Progress is 60
[Debug] [2025-4-30 11:33:16] The value of Progress is 65
[Debug] [2025-4-30 11:33:17] The value of Progress is 70
[Debug] [2025-4-30 11:33:17] The value of Progress is 75
[Debug] [2025-4-30 11:33:17] The value of Progress is 80
[Debug] [2025-4-30 11:33:18] The value of Progress is 85
[Debug] [2025-4-30 11:33:18] The value of Progress is 90
[Debug] [2025-4-30 11:33:18] The value of Progress is 95
[Debug] [2025-4-30 11:33:19] The value of Progress is 100
[Debug] [2025-4-30 11:33:19] COMMAND[Program] execute successfully, takes 8.4 secs.
[Debug] [2025-4-30 11:33:19] End to send programming cmd.
[Debug] [2025-4-30 11:33:19] Log::Print : The done bit is 1
[Debug] [2025-4-30 11:33:19] Log::Print : COMMAND[Program] execute successfully, takes 8.4 secs.
[Debug] [2025-4-30 11:33:39] Begin to send programming cmd...
[Debug] [2025-4-30 11:33:39] Send RPC:21
[Debug] [2025-4-30 11:33:39] Begin to send program data.
[Debug] [2025-4-30 11:33:39] End to send program data.
[Debug] [2025-4-30 11:33:39] Send cmd [Program:20002] OK
[Debug] [2025-4-30 11:33:40] The value of Progress is 6
[Debug] [2025-4-30 11:33:40] The value of Progress is 10
[Debug] [2025-4-30 11:33:41] The value of Progress is 15
[Debug] [2025-4-30 11:33:41] The value of Progress is 20
[Debug] [2025-4-30 11:33:42] The value of Progress is 25
[Debug] [2025-4-30 11:33:42] The value of Progress is 30
[Debug] [2025-4-30 11:33:42] The value of Progress is 35
[Debug] [2025-4-30 11:33:43] The value of Progress is 40
[Debug] [2025-4-30 11:33:43] The value of Progress is 45
[Debug] [2025-4-30 11:33:43] The value of Progress is 50
[Debug] [2025-4-30 11:33:44] The value of Progress is 55
[Debug] [2025-4-30 11:33:44] The value of Progress is 60
[Debug] [2025-4-30 11:33:45] The value of Progress is 65
[Debug] [2025-4-30 11:33:45] The value of Progress is 70
[Debug] [2025-4-30 11:33:45] The value of Progress is 75
[Debug] [2025-4-30 11:33:46] The value of Progress is 80
[Debug] [2025-4-30 11:33:46] The value of Progress is 85
[Debug] [2025-4-30 11:33:47] The value of Progress is 90
[Debug] [2025-4-30 11:33:47] The value of Progress is 95
[Debug] [2025-4-30 11:33:47] The value of Progress is 100
[Debug] [2025-4-30 11:33:48] COMMAND[Program] execute successfully, takes 8.4 secs.
[Debug] [2025-4-30 11:33:48] End to send programming cmd.
[Debug] [2025-4-30 11:33:48] Log::Print : The done bit is 1
[Debug] [2025-4-30 11:33:48] Log::Print : COMMAND[Program] execute successfully, takes 8.4 secs.
[Debug] [2025-4-30 11:34:23] Begin to assign configuration file...
[Info] [2025-4-30 11:34:31] set OpenLastPath: D:/Downloads/pg2l200/hdmi_loop/hdmi_loop/hdmi_loop/generate_bitstream/hdmi_loop.sbit
[Debug] [2025-4-30 11:34:31] begin to get device info from CFG file...
[Debug] [2025-4-30 11:34:31] end to get device info from CFG file...
[Debug] [2025-4-30 11:34:31] Begin to update graphic item and tree item ...
[Debug] [2025-4-30 11:34:31] End to update graphic item and tree item ...
[Debug] [2025-4-30 11:34:31] End to assign configuration file...
[Debug] [2025-4-30 11:34:33] Begin to send programming cmd...
[Debug] [2025-4-30 11:34:33] Send RPC:22
[Debug] [2025-4-30 11:34:33] Begin to send program data.
[Debug] [2025-4-30 11:34:33] End to send program data.
[Debug] [2025-4-30 11:34:33] Send cmd [Program:20002] OK
[Debug] [2025-4-30 11:34:33] The value of Progress is 6
[Debug] [2025-4-30 11:34:34] The value of Progress is 10
[Debug] [2025-4-30 11:34:34] The value of Progress is 15
[Debug] [2025-4-30 11:34:35] The value of Progress is 20
[Debug] [2025-4-30 11:34:35] The value of Progress is 25
[Debug] [2025-4-30 11:34:35] The value of Progress is 30
[Debug] [2025-4-30 11:34:36] The value of Progress is 35
[Debug] [2025-4-30 11:34:36] The value of Progress is 40
[Debug] [2025-4-30 11:34:36] The value of Progress is 45
[Debug] [2025-4-30 11:34:37] The value of Progress is 50
[Debug] [2025-4-30 11:34:37] The value of Progress is 55
[Debug] [2025-4-30 11:34:38] The value of Progress is 60
[Debug] [2025-4-30 11:34:38] The value of Progress is 65
[Debug] [2025-4-30 11:34:38] The value of Progress is 70
[Debug] [2025-4-30 11:34:39] The value of Progress is 75
[Debug] [2025-4-30 11:34:39] The value of Progress is 80
[Debug] [2025-4-30 11:34:40] The value of Progress is 85
[Debug] [2025-4-30 11:34:40] The value of Progress is 90
[Debug] [2025-4-30 11:34:40] The value of Progress is 95
[Debug] [2025-4-30 11:34:41] The value of Progress is 100
[Debug] [2025-4-30 11:34:41] COMMAND[Program] execute successfully, takes 8.4 secs.
[Debug] [2025-4-30 11:34:41] End to send programming cmd.
[Debug] [2025-4-30 11:34:41] Log::Print : The done bit is 1
[Debug] [2025-4-30 11:34:41] Log::Print : COMMAND[Program] execute successfully, takes 8.4 secs.
[Info] [2025-4-30 11:35:00] /***************************End Configration***************************/
[Info] [2025-4-30 11:40:44] /***************************Start Configuration***************************/
[Info] [2025-4-30 11:40:44] Path: D:/pango/PDS_2022.2-SP6.4/bin
[Info] [2025-4-30 11:40:44] Version: 146967
[Info] [2025-4-30 11:40:45] Current Path: D:/Downloads/pg2l200/2_Demo/2_10_hdmi_loop/2_10_hdmi_loop
[Info] [2025-4-30 11:40:45] PDS Dir Path: D:/Downloads/pg2l200/2_Demo/2_10_hdmi_loop/2_10_hdmi_loop
[Info] [2025-4-30 11:41:48] Configuration is not connect with server. connect first then scan chain.
[Debug] [2025-4-30 11:41:48] Client Local host name:PC-20200227DQAD
[Debug] [2025-4-30 11:41:48] Client Local Address:192.168.3.111
[Debug] [2025-4-30 11:41:48] Server Address:127.0.0.1, Port:65420
[Debug] [2025-4-30 11:41:48] Log::Print : Connecting to server[127.0.0.1 : 65420].
[Info] [2025-4-30 11:41:49] Connect OK, Server: 127.0.0.1  Port: 65420
[Debug] [2025-4-30 11:41:49] Finish.
[Info] [2025-4-30 11:41:49] Connect server succeeded
[Debug] [2025-4-30 11:41:49] Send RPC:1
[Debug] [2025-4-30 11:41:49] Send cmd [check version information:40004] OK
[Debug] [2025-4-30 11:41:49] Log::Print : Connect to server[127.0.0.1 : 65420] successfully.
[Debug] [2025-4-30 11:41:49] Send RPC:2
[Debug] [2025-4-30 11:41:49] Send cmd [get_cable_paras:40010] OK
[Debug] [2025-4-30 11:41:49] Begin to send initialize chain cmd...
[Debug] [2025-4-30 11:41:49] Send RPC:3
[Debug] [2025-4-30 11:41:49] Send cmd [Open config cable:20001] OK
[Debug] [2025-4-30 11:41:49] End to send initialize chain cmd.
[Debug] [2025-4-30 11:41:49] COMMAND[check version information] execute successfully, takes 0.4 secs.
[Debug] [2025-4-30 11:41:49] Log::Print : COMMAND[check version information] execute successfully, takes 0.4 secs.
[Debug] [2025-4-30 11:41:50] COMMAND[get_cable_paras] execute successfully, takes 1.0 secs.
[Debug] [2025-4-30 11:41:50] Log::Print : The cable List : 
Cable index 0:USB Cable II/fffffffffffffffe 

[Debug] [2025-4-30 11:41:50] Log::Print : COMMAND[get_cable_paras] execute successfully, takes 1.0 secs.
[Debug] [2025-4-30 11:41:51] begin the exec of open cable cmd...
[Debug] [2025-4-30 11:41:51] Begin to deal with chain from server...
[Debug] [2025-4-30 11:41:51] Begin to set user chain...
[Debug] [2025-4-30 11:41:51] End to set user chain.
[Debug] [2025-4-30 11:41:51] Begin to update graphic item and tree item ...
[Debug] [2025-4-30 11:41:51] End to update graphic item and tree item ...
[Debug] [2025-4-30 11:41:51] Log::Print : PANGO USB CABLE II cable driver: D2XX DLL
[Debug] [2025-4-30 11:41:51] Log::Print : PG2L200H
[Debug] [2025-4-30 11:41:51] Log::Print : This device configure situation (done bit): 1
[Info] [2025-4-30 11:41:52] set OpenLastPath: D:/Downloads/pg2l200/2_Demo/2_10_hdmi_loop/2_10_hdmi_loop/generate_bitstream/hdmi_loop.sbit
[Debug] [2025-4-30 11:41:52] begin to get device info from CFG file...
[Debug] [2025-4-30 11:41:52] end to get device info from CFG file...
[Debug] [2025-4-30 11:41:52] Begin to update graphic item and tree item ...
[Debug] [2025-4-30 11:41:52] End to update graphic item and tree item ...
[Debug] [2025-4-30 11:41:52] Begin to update graphic item and tree item ...
[Debug] [2025-4-30 11:41:52] End to update graphic item and tree item ...
[Debug] [2025-4-30 11:41:52] End to deal wiht chain from server.
[Debug] [2025-4-30 11:41:52] end the exec of open cable cmd.
[Debug] [2025-4-30 11:41:52] COMMAND[Open config cable] execute successfully, takes 2.9 secs.
[Debug] [2025-4-30 11:41:52] Log::Print : COMMAND[Open config cable] execute successfully, takes 2.9 secs.
[Debug] [2025-4-30 11:41:54] Begin to send programming cmd...
[Debug] [2025-4-30 11:41:54] Send RPC:4
[Debug] [2025-4-30 11:41:54] Begin to send program data.
[Debug] [2025-4-30 11:41:54] End to send program data.
[Debug] [2025-4-30 11:41:54] Send cmd [Program:20002] OK
[Debug] [2025-4-30 11:41:55] The value of Progress is 6
[Debug] [2025-4-30 11:41:55] The value of Progress is 10
[Debug] [2025-4-30 11:41:56] The value of Progress is 15
[Debug] [2025-4-30 11:41:56] The value of Progress is 20
[Debug] [2025-4-30 11:41:57] The value of Progress is 25
[Debug] [2025-4-30 11:41:57] The value of Progress is 30
[Debug] [2025-4-30 11:41:57] The value of Progress is 35
[Debug] [2025-4-30 11:41:58] The value of Progress is 40
[Debug] [2025-4-30 11:41:58] The value of Progress is 45
[Debug] [2025-4-30 11:41:59] The value of Progress is 50
[Debug] [2025-4-30 11:41:59] The value of Progress is 55
[Debug] [2025-4-30 11:41:59] The value of Progress is 60
[Debug] [2025-4-30 11:42:00] The value of Progress is 65
[Debug] [2025-4-30 11:42:00] The value of Progress is 70
[Debug] [2025-4-30 11:42:00] The value of Progress is 75
[Debug] [2025-4-30 11:42:01] The value of Progress is 80
[Debug] [2025-4-30 11:42:01] The value of Progress is 85
[Debug] [2025-4-30 11:42:02] The value of Progress is 90
[Debug] [2025-4-30 11:42:02] The value of Progress is 95
[Debug] [2025-4-30 11:42:02] The value of Progress is 100
[Debug] [2025-4-30 11:42:03] COMMAND[Program] execute successfully, takes 8.4 secs.
[Debug] [2025-4-30 11:42:03] End to send programming cmd.
[Debug] [2025-4-30 11:42:03] Log::Print : The done bit is 1
[Debug] [2025-4-30 11:42:03] Log::Print : COMMAND[Program] execute successfully, takes 8.4 secs.
[Info] [2025-4-30 11:42:39] /***************************End Configration***************************/
[Info] [2025-9-17 18:01:21] /***************************Start Configuration***************************/
[Info] [2025-9-17 18:01:21] Path: D:/pango/PDS_2022.2-SP4.2-ads/bin
[Info] [2025-9-17 18:01:21] Version: 132111
[Info] [2025-9-17 18:01:22] Current Path: C:/Users/Administrator/Desktop/new_200pro/2_10_hdmi_loop/2_10_hdmi_loop
[Info] [2025-9-17 18:01:22] PDS Dir Path: C:/Users/Administrator/Desktop/new_200pro/2_10_hdmi_loop/2_10_hdmi_loop
[Info] [2025-9-17 18:01:24] /***************************End Configration***************************/
[Info] [2025-9-19 10:15:54] /***************************Start Configuration***************************/
[Info] [2025-9-19 10:15:54] Path: D:/pango/PDS_2022.2-SP4.2-ads/bin
[Info] [2025-9-19 10:15:54] Version: 132111
[Info] [2025-9-19 10:15:55] Current Path: C:/Users/Administrator/Desktop/new_200pro/2_10_hdmi_loop/2_10_hdmi_loop
[Info] [2025-9-19 10:15:55] PDS Dir Path: C:/Users/Administrator/Desktop/new_200pro/2_10_hdmi_loop/2_10_hdmi_loop
[Info] [2025-9-19 10:15:57] Configuration is not connect with server. connect first then scan chain.
[Debug] [2025-9-19 10:15:57] Client Local host name:PC-20200227DQAD
[Debug] [2025-9-19 10:15:57] Client Local Address:192.168.3.111
[Debug] [2025-9-19 10:15:57] Server Address:127.0.0.1, Port:65420
[Info] [2025-9-19 10:15:57] Connect OK, Server: 127.0.0.1  Port: 65420
[Debug] [2025-9-19 10:15:57] Finish.
[Info] [2025-9-19 10:15:57] Connect server succeeded
[Debug] [2025-9-19 10:15:57] Send RPC:1
[Debug] [2025-9-19 10:15:57] Send cmd [check version information:40004] OK
[Debug] [2025-9-19 10:15:59] Send RPC:2
[Debug] [2025-9-19 10:15:59] Send cmd [get_cable_paras:40010] OK
[Debug] [2025-9-19 10:15:59] Begin to send initialize chain cmd...
[Debug] [2025-9-19 10:15:59] Send RPC:3
[Debug] [2025-9-19 10:15:59] Send cmd [Open config cable:20001] OK
[Debug] [2025-9-19 10:15:59] End to send initialize chain cmd.
[Debug] [2025-9-19 10:15:59] COMMAND[check version information] execute successfully, takes 1.5 secs.
[Debug] [2025-9-19 10:16:00] COMMAND[get_cable_paras] execute successfully, takes 1.6 secs.
[Debug] [2025-9-19 10:16:01] begin the exec of open cable cmd...
[Debug] [2025-9-19 10:16:01] Begin to deal with chain from server...
[Debug] [2025-9-19 10:16:01] Begin to set user chain...
[Debug] [2025-9-19 10:16:01] End to set user chain.
[Debug] [2025-9-19 10:16:01] Begin to update graphic item and tree item ...
[Debug] [2025-9-19 10:16:01] End to update graphic item and tree item ...
[Info] [2025-9-19 10:16:02] set OpenLastPath: C:/Users/Administrator/Desktop/new_200pro/2_10_hdmi_loop/2_10_hdmi_loop/generate_bitstream/hdmi_loop.sbit
[Debug] [2025-9-19 10:16:02] begin to get device info from CFG file...
[Debug] [2025-9-19 10:16:02] end to get device info from CFG file...
[Debug] [2025-9-19 10:16:02] Begin to update graphic item and tree item ...
[Debug] [2025-9-19 10:16:02] End to update graphic item and tree item ...
[Debug] [2025-9-19 10:16:02] Begin to update graphic item and tree item ...
[Debug] [2025-9-19 10:16:02] End to update graphic item and tree item ...
[Debug] [2025-9-19 10:16:02] End to deal wiht chain from server.
[Debug] [2025-9-19 10:16:02] end the exec of open cable cmd.
[Debug] [2025-9-19 10:16:02] COMMAND[Open config cable] execute successfully, takes 3.6 secs.
[Debug] [2025-9-19 10:16:03] Begin to send programming cmd...
[Debug] [2025-9-19 10:16:03] Send RPC:4
[Debug] [2025-9-19 10:16:03] Begin to send program data.
[Debug] [2025-9-19 10:16:03] End to send program data.
[Debug] [2025-9-19 10:16:03] Send cmd [Program:20002] OK
[Debug] [2025-9-19 10:16:04] The value of Progress is 6
[Debug] [2025-9-19 10:16:04] The value of Progress is 10
[Debug] [2025-9-19 10:16:05] The value of Progress is 15
[Debug] [2025-9-19 10:16:05] The value of Progress is 20
[Debug] [2025-9-19 10:16:06] The value of Progress is 25
[Debug] [2025-9-19 10:16:06] The value of Progress is 30
[Debug] [2025-9-19 10:16:06] The value of Progress is 35
[Debug] [2025-9-19 10:16:07] The value of Progress is 40
[Debug] [2025-9-19 10:16:07] The value of Progress is 45
[Debug] [2025-9-19 10:16:08] The value of Progress is 50
[Debug] [2025-9-19 10:16:08] The value of Progress is 55
[Debug] [2025-9-19 10:16:08] The value of Progress is 60
[Debug] [2025-9-19 10:16:09] The value of Progress is 65
[Debug] [2025-9-19 10:16:09] The value of Progress is 70
[Debug] [2025-9-19 10:16:09] The value of Progress is 75
[Debug] [2025-9-19 10:16:10] The value of Progress is 80
[Debug] [2025-9-19 10:16:10] The value of Progress is 85
[Debug] [2025-9-19 10:16:11] The value of Progress is 90
[Debug] [2025-9-19 10:16:11] The value of Progress is 95
[Debug] [2025-9-19 10:16:11] The value of Progress is 100
[Debug] [2025-9-19 10:16:12] COMMAND[Program] execute successfully, takes 8.4 secs.
[Debug] [2025-9-19 10:16:12] End to send programming cmd.
[Debug] [2025-9-19 10:18:07] Begin to send programming cmd...
[Debug] [2025-9-19 10:18:07] Send RPC:5
[Debug] [2025-9-19 10:18:07] Begin to send program data.
[Debug] [2025-9-19 10:18:07] End to send program data.
[Debug] [2025-9-19 10:18:07] Send cmd [Program:20002] OK
[Debug] [2025-9-19 10:18:08] The value of Progress is 6
[Debug] [2025-9-19 10:18:09] The value of Progress is 10
[Debug] [2025-9-19 10:18:09] The value of Progress is 15
[Debug] [2025-9-19 10:18:09] The value of Progress is 20
[Debug] [2025-9-19 10:18:10] The value of Progress is 25
[Debug] [2025-9-19 10:18:10] The value of Progress is 30
[Debug] [2025-9-19 10:18:11] The value of Progress is 35
[Debug] [2025-9-19 10:18:11] The value of Progress is 40
[Debug] [2025-9-19 10:18:11] The value of Progress is 45
[Debug] [2025-9-19 10:18:12] The value of Progress is 50
[Debug] [2025-9-19 10:18:12] The value of Progress is 55
[Debug] [2025-9-19 10:18:12] The value of Progress is 60
[Debug] [2025-9-19 10:18:13] The value of Progress is 65
[Debug] [2025-9-19 10:18:13] The value of Progress is 70
[Debug] [2025-9-19 10:18:14] The value of Progress is 75
[Debug] [2025-9-19 10:18:14] The value of Progress is 80
[Debug] [2025-9-19 10:18:14] The value of Progress is 85
[Debug] [2025-9-19 10:18:15] The value of Progress is 90
[Debug] [2025-9-19 10:18:15] The value of Progress is 95
[Debug] [2025-9-19 10:18:15] The value of Progress is 100
[Debug] [2025-9-19 10:18:16] COMMAND[Program] execute successfully, takes 8.4 secs.
[Debug] [2025-9-19 10:18:16] End to send programming cmd.
[Debug] [2025-9-19 10:24:59] Begin to send programming cmd...
[Debug] [2025-9-19 10:24:59] Send RPC:6
[Debug] [2025-9-19 10:24:59] Begin to send program data.
[Debug] [2025-9-19 10:24:59] End to send program data.
[Debug] [2025-9-19 10:24:59] Send cmd [Program:20002] OK
[Debug] [2025-9-19 10:25:00] The value of Progress is 6
[Debug] [2025-9-19 10:25:00] The value of Progress is 10
[Debug] [2025-9-19 10:25:01] The value of Progress is 15
[Debug] [2025-9-19 10:25:01] The value of Progress is 20
[Debug] [2025-9-19 10:25:01] The value of Progress is 25
[Debug] [2025-9-19 10:25:02] The value of Progress is 30
[Debug] [2025-9-19 10:25:02] The value of Progress is 35
[Debug] [2025-9-19 10:25:03] The value of Progress is 40
[Debug] [2025-9-19 10:25:03] The value of Progress is 45
[Debug] [2025-9-19 10:25:03] The value of Progress is 50
[Debug] [2025-9-19 10:25:04] The value of Progress is 55
[Debug] [2025-9-19 10:25:04] The value of Progress is 60
[Debug] [2025-9-19 10:25:04] The value of Progress is 65
[Debug] [2025-9-19 10:25:05] The value of Progress is 70
[Debug] [2025-9-19 10:25:05] The value of Progress is 75
[Debug] [2025-9-19 10:25:06] The value of Progress is 80
[Debug] [2025-9-19 10:25:06] The value of Progress is 85
[Debug] [2025-9-19 10:25:06] The value of Progress is 90
[Debug] [2025-9-19 10:25:07] The value of Progress is 95
[Debug] [2025-9-19 10:25:07] The value of Progress is 100
[Debug] [2025-9-19 10:25:08] COMMAND[Program] execute successfully, takes 8.4 secs.
[Debug] [2025-9-19 10:25:08] End to send programming cmd.
[Debug] [2025-9-19 10:25:13] Begin to send initialize chain cmd...
[Debug] [2025-9-19 10:25:13] Send RPC:7
[Debug] [2025-9-19 10:25:13] Send cmd [Open config cable:20001] OK
[Debug] [2025-9-19 10:25:13] End to send initialize chain cmd.
[Debug] [2025-9-19 10:25:14] begin the exec of open cable cmd...
[Debug] [2025-9-19 10:25:14] Begin to deal with chain from server...
[Debug] [2025-9-19 10:25:14] Begin to set user chain...
[Debug] [2025-9-19 10:25:14] End to set user chain.
[Debug] [2025-9-19 10:25:14] Begin to update graphic item and tree item ...
[Debug] [2025-9-19 10:25:14] End to update graphic item and tree item ...
[Info] [2025-9-19 10:25:15] set OpenLastPath: C:/Users/Administrator/Desktop/new_200pro/2_10_hdmi_loop/2_10_hdmi_loop/generate_bitstream/hdmi_loop.sbit
[Debug] [2025-9-19 10:25:15] begin to get device info from CFG file...
[Debug] [2025-9-19 10:25:15] end to get device info from CFG file...
[Debug] [2025-9-19 10:25:15] Begin to update graphic item and tree item ...
[Debug] [2025-9-19 10:25:15] End to update graphic item and tree item ...
[Debug] [2025-9-19 10:25:15] Begin to update graphic item and tree item ...
[Debug] [2025-9-19 10:25:15] End to update graphic item and tree item ...
[Debug] [2025-9-19 10:25:15] End to deal wiht chain from server.
[Debug] [2025-9-19 10:25:15] end the exec of open cable cmd.
[Debug] [2025-9-19 10:25:15] COMMAND[Open config cable] execute successfully, takes 1.8 secs.
[Debug] [2025-9-19 10:25:16] Begin to send verify cmd in BS mode...
[Debug] [2025-9-19 10:25:16] Begin to check mask file.
[Debug] [2025-9-19 10:25:16] End to check mask file.
[Debug] [2025-9-19 10:25:16] Send RPC:8
[Debug] [2025-9-19 10:25:16] Begin to send verify data.
[Debug] [2025-9-19 10:25:16] End to send verify data.
[Debug] [2025-9-19 10:25:16] Send cmd [Verify:20004] OK
[Debug] [2025-9-19 10:25:17] The value of Progress is 6
[Debug] [2025-9-19 10:25:18] Begin to send abort process cmd.
[Debug] [2025-9-19 10:25:18] Begin to flush aborting cmd. 
[Debug] [2025-9-19 10:25:18] End to flush aborting cmd. 
[Debug] [2025-9-19 10:25:18] End to send abort process cmd.
[Debug] [2025-9-19 10:25:18] End to send verify cmd in BS mode.
[Error] [2025-9-19 10:25:18] fail to exec Verify cmd...
[Debug] [2025-9-19 10:25:19] Begin to send initialize chain cmd...
[Debug] [2025-9-19 10:25:19] Send RPC:9
[Debug] [2025-9-19 10:25:19] Send cmd [Open config cable:20001] OK
[Debug] [2025-9-19 10:25:19] End to send initialize chain cmd.
[Debug] [2025-9-19 10:25:19] begin the exec of open cable cmd...
[Debug] [2025-9-19 10:25:19] Begin to deal with chain from server...
[Debug] [2025-9-19 10:25:19] Begin to set user chain...
[Debug] [2025-9-19 10:25:19] End to set user chain.
[Debug] [2025-9-19 10:25:19] Begin to update graphic item and tree item ...
[Debug] [2025-9-19 10:25:19] End to update graphic item and tree item ...
[Info] [2025-9-19 10:25:24] set OpenLastPath: C:/Users/Administrator/Desktop/new_200pro/2_10_hdmi_loop/2_10_hdmi_loop/generate_bitstream/hdmi_loop.sbit
[Debug] [2025-9-19 10:25:24] begin to get device info from CFG file...
[Debug] [2025-9-19 10:25:24] end to get device info from CFG file...
[Debug] [2025-9-19 10:25:24] Begin to update graphic item and tree item ...
[Debug] [2025-9-19 10:25:24] End to update graphic item and tree item ...
[Debug] [2025-9-19 10:25:24] Begin to update graphic item and tree item ...
[Debug] [2025-9-19 10:25:24] End to update graphic item and tree item ...
[Debug] [2025-9-19 10:25:24] End to deal wiht chain from server.
[Debug] [2025-9-19 10:25:24] end the exec of open cable cmd.
[Debug] [2025-9-19 10:25:24] COMMAND[Open config cable] execute successfully, takes 5.4 secs.
[Debug] [2025-9-19 10:25:25] Begin to send programming cmd...
[Debug] [2025-9-19 10:25:25] Send RPC:10
[Debug] [2025-9-19 10:25:25] Begin to send program data.
[Debug] [2025-9-19 10:25:25] End to send program data.
[Debug] [2025-9-19 10:25:25] Send cmd [Program:20002] OK
[Debug] [2025-9-19 10:25:26] The value of Progress is 6
[Debug] [2025-9-19 10:25:26] The value of Progress is 10
[Debug] [2025-9-19 10:25:27] The value of Progress is 15
[Debug] [2025-9-19 10:25:27] The value of Progress is 20
[Debug] [2025-9-19 10:25:27] The value of Progress is 25
[Debug] [2025-9-19 10:25:28] The value of Progress is 30
[Debug] [2025-9-19 10:25:28] The value of Progress is 35
[Debug] [2025-9-19 10:25:29] The value of Progress is 40
[Debug] [2025-9-19 10:25:29] The value of Progress is 45
[Debug] [2025-9-19 10:25:29] The value of Progress is 50
[Debug] [2025-9-19 10:25:30] The value of Progress is 55
[Debug] [2025-9-19 10:25:30] The value of Progress is 60
[Debug] [2025-9-19 10:25:30] The value of Progress is 65
[Debug] [2025-9-19 10:25:31] The value of Progress is 70
[Debug] [2025-9-19 10:25:31] The value of Progress is 75
[Debug] [2025-9-19 10:25:32] The value of Progress is 80
[Debug] [2025-9-19 10:25:32] The value of Progress is 85
[Debug] [2025-9-19 10:25:32] The value of Progress is 90
[Debug] [2025-9-19 10:25:33] The value of Progress is 95
[Debug] [2025-9-19 10:25:33] The value of Progress is 100
[Debug] [2025-9-19 10:25:34] COMMAND[Program] execute successfully, takes 8.4 secs.
[Debug] [2025-9-19 10:25:34] End to send programming cmd.
[Debug] [2025-9-19 10:34:15] Begin to send programming cmd...
[Debug] [2025-9-19 10:34:15] Send RPC:11
[Debug] [2025-9-19 10:34:15] Begin to send program data.
[Debug] [2025-9-19 10:34:15] End to send program data.
[Debug] [2025-9-19 10:34:15] Send cmd [Program:20002] OK
[Debug] [2025-9-19 10:34:16] The value of Progress is 6
[Debug] [2025-9-19 10:34:16] The value of Progress is 10
[Debug] [2025-9-19 10:34:17] The value of Progress is 15
[Debug] [2025-9-19 10:34:17] The value of Progress is 20
[Debug] [2025-9-19 10:34:17] The value of Progress is 25
[Debug] [2025-9-19 10:34:18] The value of Progress is 30
[Debug] [2025-9-19 10:34:18] The value of Progress is 35
[Debug] [2025-9-19 10:34:18] The value of Progress is 40
[Debug] [2025-9-19 10:34:19] The value of Progress is 45
[Debug] [2025-9-19 10:34:19] The value of Progress is 50
[Debug] [2025-9-19 10:34:20] The value of Progress is 55
[Debug] [2025-9-19 10:34:20] The value of Progress is 60
[Debug] [2025-9-19 10:34:20] The value of Progress is 65
[Debug] [2025-9-19 10:34:21] The value of Progress is 70
[Debug] [2025-9-19 10:34:21] The value of Progress is 75
[Debug] [2025-9-19 10:34:22] The value of Progress is 80
[Debug] [2025-9-19 10:34:22] The value of Progress is 85
[Debug] [2025-9-19 10:34:22] The value of Progress is 90
[Debug] [2025-9-19 10:34:23] The value of Progress is 95
[Debug] [2025-9-19 10:34:23] The value of Progress is 100
[Debug] [2025-9-19 10:34:23] COMMAND[Program] execute successfully, takes 8.4 secs.
[Debug] [2025-9-19 10:34:23] End to send programming cmd.
[Debug] [2025-9-19 10:36:31] Begin to send programming cmd...
[Debug] [2025-9-19 10:36:31] Send RPC:12
[Debug] [2025-9-19 10:36:31] Begin to send program data.
[Debug] [2025-9-19 10:36:31] End to send program data.
[Debug] [2025-9-19 10:36:31] Send cmd [Program:20002] OK
[Debug] [2025-9-19 10:36:32] The value of Progress is 6
[Debug] [2025-9-19 10:36:32] The value of Progress is 10
[Debug] [2025-9-19 10:36:33] The value of Progress is 15
[Debug] [2025-9-19 10:36:33] The value of Progress is 20
[Debug] [2025-9-19 10:36:33] The value of Progress is 25
[Debug] [2025-9-19 10:36:34] The value of Progress is 30
[Debug] [2025-9-19 10:36:34] The value of Progress is 35
[Debug] [2025-9-19 10:36:34] The value of Progress is 40
[Debug] [2025-9-19 10:36:35] The value of Progress is 45
[Debug] [2025-9-19 10:36:35] The value of Progress is 50
[Debug] [2025-9-19 10:36:36] The value of Progress is 55
[Debug] [2025-9-19 10:36:36] The value of Progress is 60
[Debug] [2025-9-19 10:36:36] The value of Progress is 65
[Debug] [2025-9-19 10:36:37] The value of Progress is 70
[Debug] [2025-9-19 10:36:37] The value of Progress is 75
[Debug] [2025-9-19 10:36:38] The value of Progress is 80
[Debug] [2025-9-19 10:36:38] The value of Progress is 85
[Debug] [2025-9-19 10:36:38] The value of Progress is 90
[Debug] [2025-9-19 10:36:39] The value of Progress is 95
[Debug] [2025-9-19 10:36:39] The value of Progress is 100
[Debug] [2025-9-19 10:36:39] COMMAND[Program] execute successfully, takes 8.4 secs.
[Debug] [2025-9-19 10:36:39] End to send programming cmd.
[Info] [2025-9-19 10:50:45] /***************************End Configration***************************/
[Info] [2025-9-25 11:35:58] /***************************Start Configuration***************************/
[Info] [2025-9-25 11:35:58] Path: D:/pango/PDS_2022.2-SP4.2-ads/bin
[Info] [2025-9-25 11:35:58] Version: 132111
[Info] [2025-9-25 11:35:59] Current Path: C:/Users/Administrator/Desktop/new_200pro/new_hdmi_loop/2_10_hdmi_loop
[Info] [2025-9-25 11:35:59] PDS Dir Path: C:/Users/Administrator/Desktop/new_200pro/new_hdmi_loop/2_10_hdmi_loop
[Info] [2025-9-25 11:36:01] Configuration is not connect with server. connect first then scan chain.
[Debug] [2025-9-25 11:36:01] Client Local host name:PC-20200227DQAD
[Debug] [2025-9-25 11:36:01] Client Local Address:192.168.3.111
[Debug] [2025-9-25 11:36:01] Server Address:127.0.0.1, Port:65420
[Info] [2025-9-25 11:36:01] Connect OK, Server: 127.0.0.1  Port: 65420
[Debug] [2025-9-25 11:36:01] Finish.
[Info] [2025-9-25 11:36:01] Connect server succeeded
[Debug] [2025-9-25 11:36:01] Send RPC:1
[Debug] [2025-9-25 11:36:01] Send cmd [check version information:40004] OK
[Debug] [2025-9-25 11:36:01] Send RPC:2
[Debug] [2025-9-25 11:36:01] Send cmd [get_cable_paras:40010] OK
[Debug] [2025-9-25 11:36:01] Begin to send initialize chain cmd...
[Debug] [2025-9-25 11:36:01] Send RPC:3
[Debug] [2025-9-25 11:36:01] Send cmd [Open config cable:20001] OK
[Debug] [2025-9-25 11:36:01] End to send initialize chain cmd.
[Debug] [2025-9-25 11:36:01] COMMAND[check version information] execute successfully, takes 0.0 secs.
[Debug] [2025-9-25 11:36:02] COMMAND[get_cable_paras] execute successfully, takes 1.2 secs.
[Debug] [2025-9-25 11:36:03] begin the exec of open cable cmd...
[Debug] [2025-9-25 11:36:03] Begin to deal with chain from server...
[Debug] [2025-9-25 11:36:03] Begin to set user chain...
[Debug] [2025-9-25 11:36:03] End to set user chain.
[Debug] [2025-9-25 11:36:03] Begin to update graphic item and tree item ...
[Debug] [2025-9-25 11:36:03] End to update graphic item and tree item ...
[Info] [2025-9-25 11:36:04] set OpenLastPath: C:/Users/Administrator/Desktop/new_200pro/new_hdmi_loop/2_10_hdmi_loop/generate_bitstream/hdmi_loop.sbit
[Debug] [2025-9-25 11:36:04] begin to get device info from CFG file...
[Debug] [2025-9-25 11:36:04] end to get device info from CFG file...
[Debug] [2025-9-25 11:36:04] Begin to update graphic item and tree item ...
[Debug] [2025-9-25 11:36:04] End to update graphic item and tree item ...
[Debug] [2025-9-25 11:36:04] Begin to update graphic item and tree item ...
[Debug] [2025-9-25 11:36:04] End to update graphic item and tree item ...
[Debug] [2025-9-25 11:36:04] End to deal wiht chain from server.
[Debug] [2025-9-25 11:36:04] end the exec of open cable cmd.
[Debug] [2025-9-25 11:36:04] COMMAND[Open config cable] execute successfully, takes 3.0 secs.
[Debug] [2025-9-25 11:36:05] Begin to send programming cmd...
[Debug] [2025-9-25 11:36:05] Send RPC:4
[Debug] [2025-9-25 11:36:05] Begin to send program data.
[Debug] [2025-9-25 11:36:05] End to send program data.
[Debug] [2025-9-25 11:36:05] Send cmd [Program:20002] OK
[Debug] [2025-9-25 11:36:06] The value of Progress is 6
[Debug] [2025-9-25 11:36:06] The value of Progress is 10
[Debug] [2025-9-25 11:36:06] The value of Progress is 15
[Debug] [2025-9-25 11:36:07] The value of Progress is 20
[Debug] [2025-9-25 11:36:07] The value of Progress is 25
[Debug] [2025-9-25 11:36:07] The value of Progress is 30
[Debug] [2025-9-25 11:36:08] The value of Progress is 35
[Debug] [2025-9-25 11:36:08] The value of Progress is 40
[Debug] [2025-9-25 11:36:09] The value of Progress is 45
[Debug] [2025-9-25 11:36:09] The value of Progress is 50
[Debug] [2025-9-25 11:36:09] The value of Progress is 55
[Debug] [2025-9-25 11:36:10] The value of Progress is 60
[Debug] [2025-9-25 11:36:10] The value of Progress is 65
[Debug] [2025-9-25 11:36:10] The value of Progress is 70
[Debug] [2025-9-25 11:36:11] The value of Progress is 75
[Debug] [2025-9-25 11:36:11] The value of Progress is 80
[Debug] [2025-9-25 11:36:12] The value of Progress is 85
[Debug] [2025-9-25 11:36:12] The value of Progress is 90
[Debug] [2025-9-25 11:36:12] The value of Progress is 95
[Debug] [2025-9-25 11:36:13] The value of Progress is 100
[Debug] [2025-9-25 11:36:13] COMMAND[Program] execute successfully, takes 8.4 secs.
[Debug] [2025-9-25 11:36:13] End to send programming cmd.
[Info] [2025-9-25 11:40:58] /***************************End Configration***************************/
[Info] [2025-9-25 15:01:49] /***************************Start Configuration***************************/
[Info] [2025-9-25 15:01:49] Path: D:/pango/PDS_2022.2-SP4.2-ads/bin
[Info] [2025-9-25 15:01:49] Version: 132111
[Info] [2025-9-25 15:01:50] Current Path: C:/Users/Administrator/Desktop/new_200pro/new_hdmi_loop/2_10_hdmi_loop
[Info] [2025-9-25 15:01:50] PDS Dir Path: C:/Users/Administrator/Desktop/new_200pro/new_hdmi_loop/2_10_hdmi_loop
[Info] [2025-9-25 15:01:51] Configuration is not connect with server. connect first then scan chain.
[Debug] [2025-9-25 15:01:51] Client Local host name:PC-20200227DQAD
[Debug] [2025-9-25 15:01:51] Client Local Address:192.168.3.111
[Debug] [2025-9-25 15:01:51] Server Address:127.0.0.1, Port:65420
[Info] [2025-9-25 15:01:51] Connect OK, Server: 127.0.0.1  Port: 65420
[Debug] [2025-9-25 15:01:51] Finish.
[Info] [2025-9-25 15:01:51] Connect server succeeded
[Debug] [2025-9-25 15:01:51] Send RPC:1
[Debug] [2025-9-25 15:01:51] Send cmd [check version information:40004] OK
[Debug] [2025-9-25 15:01:51] Send RPC:2
[Debug] [2025-9-25 15:01:51] Send cmd [get_cable_paras:40010] OK
[Debug] [2025-9-25 15:01:51] Begin to send initialize chain cmd...
[Debug] [2025-9-25 15:01:51] Send RPC:3
[Debug] [2025-9-25 15:01:51] Send cmd [Open config cable:20001] OK
[Debug] [2025-9-25 15:01:51] End to send initialize chain cmd.
[Debug] [2025-9-25 15:01:51] COMMAND[check version information] execute successfully, takes 0.0 secs.
[Debug] [2025-9-25 15:01:53] COMMAND[get_cable_paras] execute successfully, takes 1.3 secs.
[Debug] [2025-9-25 15:01:56] begin the exec of open cable cmd...
[Debug] [2025-9-25 15:01:56] Begin to deal with chain from server...
[Debug] [2025-9-25 15:01:56] Begin to set user chain...
[Debug] [2025-9-25 15:01:56] End to set user chain.
[Debug] [2025-9-25 15:01:56] Begin to update graphic item and tree item ...
[Debug] [2025-9-25 15:01:56] End to update graphic item and tree item ...
[Info] [2025-9-25 15:01:57] set OpenLastPath: C:/Users/Administrator/Desktop/new_200pro/new_hdmi_loop/2_10_hdmi_loop/generate_bitstream/hdmi_loop.sbit
[Debug] [2025-9-25 15:01:57] begin to get device info from CFG file...
[Debug] [2025-9-25 15:01:57] end to get device info from CFG file...
[Debug] [2025-9-25 15:01:57] Begin to update graphic item and tree item ...
[Debug] [2025-9-25 15:01:57] End to update graphic item and tree item ...
[Debug] [2025-9-25 15:01:57] Begin to update graphic item and tree item ...
[Debug] [2025-9-25 15:01:57] End to update graphic item and tree item ...
[Debug] [2025-9-25 15:01:57] End to deal wiht chain from server.
[Debug] [2025-9-25 15:01:57] end the exec of open cable cmd.
[Debug] [2025-9-25 15:01:57] COMMAND[Open config cable] execute successfully, takes 6.0 secs.
[Debug] [2025-9-25 15:01:58] Begin to send programming cmd...
[Debug] [2025-9-25 15:01:58] Send RPC:4
[Debug] [2025-9-25 15:01:58] Begin to send program data.
[Debug] [2025-9-25 15:01:58] End to send program data.
[Debug] [2025-9-25 15:01:58] Send cmd [Program:20002] OK
[Debug] [2025-9-25 15:01:59] The value of Progress is 6
[Debug] [2025-9-25 15:02:00] The value of Progress is 10
[Debug] [2025-9-25 15:02:00] The value of Progress is 15
[Debug] [2025-9-25 15:02:00] The value of Progress is 20
[Debug] [2025-9-25 15:02:01] The value of Progress is 25
[Debug] [2025-9-25 15:02:01] The value of Progress is 30
[Debug] [2025-9-25 15:02:02] The value of Progress is 35
[Debug] [2025-9-25 15:02:02] The value of Progress is 40
[Debug] [2025-9-25 15:02:02] The value of Progress is 45
[Debug] [2025-9-25 15:02:03] The value of Progress is 50
[Debug] [2025-9-25 15:02:03] The value of Progress is 55
[Debug] [2025-9-25 15:02:03] The value of Progress is 60
[Debug] [2025-9-25 15:02:04] The value of Progress is 65
[Debug] [2025-9-25 15:02:04] The value of Progress is 70
[Debug] [2025-9-25 15:02:05] The value of Progress is 75
[Debug] [2025-9-25 15:02:05] The value of Progress is 80
[Debug] [2025-9-25 15:02:05] The value of Progress is 85
[Debug] [2025-9-25 15:02:06] The value of Progress is 90
[Debug] [2025-9-25 15:02:06] The value of Progress is 95
[Debug] [2025-9-25 15:02:06] The value of Progress is 100
[Debug] [2025-9-25 15:02:07] COMMAND[Program] execute successfully, takes 8.4 secs.
[Debug] [2025-9-25 15:02:07] End to send programming cmd.
[Debug] [2025-9-25 15:03:27] Begin to send programming cmd...
[Debug] [2025-9-25 15:03:27] Send RPC:5
[Debug] [2025-9-25 15:03:27] Begin to send program data.
[Debug] [2025-9-25 15:03:27] End to send program data.
[Debug] [2025-9-25 15:03:27] Send cmd [Program:20002] OK
[Debug] [2025-9-25 15:03:28] The value of Progress is 6
[Debug] [2025-9-25 15:03:28] The value of Progress is 10
[Debug] [2025-9-25 15:03:29] The value of Progress is 15
[Debug] [2025-9-25 15:03:29] The value of Progress is 20
[Debug] [2025-9-25 15:03:29] The value of Progress is 25
[Debug] [2025-9-25 15:03:30] The value of Progress is 30
[Debug] [2025-9-25 15:03:30] The value of Progress is 35
[Debug] [2025-9-25 15:03:31] The value of Progress is 40
[Debug] [2025-9-25 15:03:31] The value of Progress is 45
[Debug] [2025-9-25 15:03:31] The value of Progress is 50
[Debug] [2025-9-25 15:03:32] The value of Progress is 55
[Debug] [2025-9-25 15:03:32] The value of Progress is 60
[Debug] [2025-9-25 15:03:32] The value of Progress is 65
[Debug] [2025-9-25 15:03:33] The value of Progress is 70
[Debug] [2025-9-25 15:03:33] The value of Progress is 75
[Debug] [2025-9-25 15:03:34] The value of Progress is 80
[Debug] [2025-9-25 15:03:34] The value of Progress is 85
[Debug] [2025-9-25 15:03:34] The value of Progress is 90
[Debug] [2025-9-25 15:03:35] The value of Progress is 95
[Debug] [2025-9-25 15:03:35] The value of Progress is 100
[Debug] [2025-9-25 15:03:35] COMMAND[Program] execute successfully, takes 8.4 secs.
[Debug] [2025-9-25 15:03:35] End to send programming cmd.
[Debug] [2025-9-25 15:06:10] Begin to send programming cmd...
[Debug] [2025-9-25 15:06:10] Send RPC:6
[Debug] [2025-9-25 15:06:10] Begin to send program data.
[Debug] [2025-9-25 15:06:10] End to send program data.
[Debug] [2025-9-25 15:06:10] Send cmd [Program:20002] OK
[Debug] [2025-9-25 15:06:11] The value of Progress is 6
[Debug] [2025-9-25 15:06:11] The value of Progress is 10
[Debug] [2025-9-25 15:06:11] The value of Progress is 15
[Debug] [2025-9-25 15:06:12] The value of Progress is 20
[Debug] [2025-9-25 15:06:12] The value of Progress is 25
[Debug] [2025-9-25 15:06:13] The value of Progress is 30
[Debug] [2025-9-25 15:06:13] The value of Progress is 35
[Debug] [2025-9-25 15:06:13] The value of Progress is 40
[Debug] [2025-9-25 15:06:14] The value of Progress is 45
[Debug] [2025-9-25 15:06:14] The value of Progress is 50
[Debug] [2025-9-25 15:06:15] The value of Progress is 55
[Debug] [2025-9-25 15:06:15] The value of Progress is 60
[Debug] [2025-9-25 15:06:15] The value of Progress is 65
[Debug] [2025-9-25 15:06:16] The value of Progress is 70
[Debug] [2025-9-25 15:06:16] The value of Progress is 75
[Debug] [2025-9-25 15:06:16] The value of Progress is 80
[Debug] [2025-9-25 15:06:17] The value of Progress is 85
[Debug] [2025-9-25 15:06:17] The value of Progress is 90
[Debug] [2025-9-25 15:06:18] The value of Progress is 95
[Debug] [2025-9-25 15:06:18] The value of Progress is 100
[Debug] [2025-9-25 15:06:18] COMMAND[Program] execute successfully, takes 8.4 secs.
[Debug] [2025-9-25 15:06:18] End to send programming cmd.
[Info] [2025-9-25 15:20:18] /***************************End Configration***************************/
[Info] [2025-9-26 10:13:46] /***************************Start Configuration***************************/
[Info] [2025-9-26 10:13:46] Path: D:/pango/PDS_2022.2-SP4.2-ads/bin
[Info] [2025-9-26 10:13:46] Version: 132111
[Info] [2025-9-26 10:13:47] Current Path: E:/link_work/new-200HP/2_Demo/2_10_hdmi_loop/2_10_hdmi_loop
[Info] [2025-9-26 10:13:47] PDS Dir Path: E:/link_work/new-200HP/2_Demo/2_10_hdmi_loop/2_10_hdmi_loop
[Info] [2025-9-26 10:13:49] Configuration is not connect with server. connect first then scan chain.
[Debug] [2025-9-26 10:13:49] Client Local host name:PC-20200227DQAD
[Debug] [2025-9-26 10:13:49] Client Local Address:192.168.3.111
[Debug] [2025-9-26 10:13:49] Server Address:127.0.0.1, Port:65420
[Info] [2025-9-26 10:13:49] Connect OK, Server: 127.0.0.1  Port: 65420
[Debug] [2025-9-26 10:13:49] Finish.
[Info] [2025-9-26 10:13:49] Connect server succeeded
[Debug] [2025-9-26 10:13:49] Send RPC:1
[Debug] [2025-9-26 10:13:49] Send cmd [check version information:40004] OK
[Debug] [2025-9-26 10:13:49] Send RPC:2
[Debug] [2025-9-26 10:13:49] Send cmd [get_cable_paras:40010] OK
[Debug] [2025-9-26 10:13:49] Begin to send initialize chain cmd...
[Debug] [2025-9-26 10:13:49] Send RPC:3
[Debug] [2025-9-26 10:13:49] Send cmd [Open config cable:20001] OK
[Debug] [2025-9-26 10:13:49] End to send initialize chain cmd.
[Debug] [2025-9-26 10:13:49] COMMAND[check version information] execute successfully, takes 0.0 secs.
[Debug] [2025-9-26 10:13:50] COMMAND[get_cable_paras] execute successfully, takes 1.2 secs.
[Debug] [2025-9-26 10:13:51] begin the exec of open cable cmd...
[Debug] [2025-9-26 10:13:51] Begin to deal with chain from server...
[Debug] [2025-9-26 10:13:51] Begin to set user chain...
[Debug] [2025-9-26 10:13:51] End to set user chain.
[Debug] [2025-9-26 10:13:51] Begin to update graphic item and tree item ...
[Debug] [2025-9-26 10:13:51] End to update graphic item and tree item ...
[Info] [2025-9-26 10:13:52] set OpenLastPath: E:/link_work/new-200HP/2_Demo/2_10_hdmi_loop/2_10_hdmi_loop/generate_bitstream/hdmi_loop.sbit
[Debug] [2025-9-26 10:13:52] begin to get device info from CFG file...
[Debug] [2025-9-26 10:13:52] end to get device info from CFG file...
[Debug] [2025-9-26 10:13:52] Begin to update graphic item and tree item ...
[Debug] [2025-9-26 10:13:52] End to update graphic item and tree item ...
[Debug] [2025-9-26 10:13:52] Begin to update graphic item and tree item ...
[Debug] [2025-9-26 10:13:52] End to update graphic item and tree item ...
[Debug] [2025-9-26 10:13:52] End to deal wiht chain from server.
[Debug] [2025-9-26 10:13:52] end the exec of open cable cmd.
[Debug] [2025-9-26 10:13:52] COMMAND[Open config cable] execute successfully, takes 3.3 secs.
[Debug] [2025-9-26 10:13:53] Begin to send programming cmd...
[Debug] [2025-9-26 10:13:53] Send RPC:4
[Debug] [2025-9-26 10:13:53] Begin to send program data.
[Debug] [2025-9-26 10:13:53] End to send program data.
[Debug] [2025-9-26 10:13:53] Send cmd [Program:20002] OK
[Debug] [2025-9-26 10:13:54] The value of Progress is 6
[Debug] [2025-9-26 10:13:55] The value of Progress is 10
[Debug] [2025-9-26 10:13:55] The value of Progress is 15
[Debug] [2025-9-26 10:13:55] The value of Progress is 20
[Debug] [2025-9-26 10:13:56] The value of Progress is 25
[Debug] [2025-9-26 10:13:56] The value of Progress is 30
[Debug] [2025-9-26 10:13:57] The value of Progress is 35
[Debug] [2025-9-26 10:13:57] The value of Progress is 40
[Debug] [2025-9-26 10:13:57] The value of Progress is 45
[Debug] [2025-9-26 10:13:58] The value of Progress is 50
[Debug] [2025-9-26 10:13:58] The value of Progress is 55
[Debug] [2025-9-26 10:13:58] The value of Progress is 60
[Debug] [2025-9-26 10:13:59] The value of Progress is 65
[Debug] [2025-9-26 10:13:59] The value of Progress is 70
[Debug] [2025-9-26 10:14:00] The value of Progress is 75
[Debug] [2025-9-26 10:14:00] The value of Progress is 80
[Debug] [2025-9-26 10:14:00] The value of Progress is 85
[Debug] [2025-9-26 10:14:01] The value of Progress is 90
[Debug] [2025-9-26 10:14:01] The value of Progress is 95
[Debug] [2025-9-26 10:14:01] The value of Progress is 100
[Debug] [2025-9-26 10:14:02] COMMAND[Program] execute successfully, takes 8.4 secs.
[Debug] [2025-9-26 10:14:02] End to send programming cmd.
[Debug] [2025-9-26 10:30:11] Begin to send programming cmd...
[Debug] [2025-9-26 10:30:11] Send RPC:5
[Debug] [2025-9-26 10:30:11] Begin to send program data.
[Debug] [2025-9-26 10:30:11] End to send program data.
[Debug] [2025-9-26 10:30:11] Send cmd [Program:20002] OK
[Debug] [2025-9-26 10:30:12] The value of Progress is 6
[Debug] [2025-9-26 10:30:12] The value of Progress is 10
[Debug] [2025-9-26 10:30:13] The value of Progress is 15
[Debug] [2025-9-26 10:30:13] The value of Progress is 20
[Debug] [2025-9-26 10:30:14] The value of Progress is 25
[Debug] [2025-9-26 10:30:14] The value of Progress is 30
[Debug] [2025-9-26 10:30:14] The value of Progress is 35
[Debug] [2025-9-26 10:30:15] The value of Progress is 40
[Debug] [2025-9-26 10:30:15] The value of Progress is 45
[Debug] [2025-9-26 10:30:15] The value of Progress is 50
[Debug] [2025-9-26 10:30:16] The value of Progress is 55
[Debug] [2025-9-26 10:30:16] The value of Progress is 60
[Debug] [2025-9-26 10:30:17] The value of Progress is 65
[Debug] [2025-9-26 10:30:17] The value of Progress is 70
[Debug] [2025-9-26 10:30:17] The value of Progress is 75
[Debug] [2025-9-26 10:30:18] The value of Progress is 80
[Debug] [2025-9-26 10:30:18] The value of Progress is 85
[Debug] [2025-9-26 10:30:19] The value of Progress is 90
[Debug] [2025-9-26 10:30:19] The value of Progress is 95
[Debug] [2025-9-26 10:30:19] The value of Progress is 100
[Debug] [2025-9-26 10:30:20] COMMAND[Program] execute successfully, takes 8.4 secs.
[Debug] [2025-9-26 10:30:20] End to send programming cmd.
[Info] [2025-9-26 10:30:25] /***************************End Configration***************************/
[Info] [2026-3-30 14:58:49] /***************************Start Configuration***************************/
[Info] [2026-3-30 14:58:49] Path: C:/pango/PDS_2022.2-SP6.4/bin
[Info] [2026-3-30 14:58:49] Version: 146967
[Info] [2026-3-30 14:58:50] Current Path: C:/Users/Datou21/Desktop/PDS/100K200KMINI/2_Demo/2_10_hdmi_loop/2_10_hdmi_loop
[Info] [2026-3-30 14:58:50] PDS Dir Path: C:/Users/Datou21/Desktop/PDS/100K200KMINI/2_Demo/2_10_hdmi_loop/2_10_hdmi_loop
[Info] [2026-3-30 14:58:52] Configuration is not connect with server. connect first then scan chain.
[Debug] [2026-3-30 14:58:52] Client Local host name:DESKTOP-VB8TKRO
[Debug] [2026-3-30 14:58:52] Client Local Address:2.0.0.1
[Debug] [2026-3-30 14:58:52] Client Local Address:192.168.44.1
[Debug] [2026-3-30 14:58:52] Client Local Address:192.168.176.1
[Debug] [2026-3-30 14:58:52] Client Local Address:210.77.26.220
[Debug] [2026-3-30 14:58:52] Server Address:127.0.0.1, Port:65420
[Debug] [2026-3-30 14:58:52] Log::Print : Connecting to server[127.0.0.1 : 65420].
[Info] [2026-3-30 14:58:52] Connect OK, Server: 127.0.0.1  Port: 65420
[Debug] [2026-3-30 14:58:52] Finish.
[Info] [2026-3-30 14:58:52] Connect server succeeded
[Debug] [2026-3-30 14:58:52] Send RPC:1
[Debug] [2026-3-30 14:58:52] Send cmd [check version information:40004] OK
[Debug] [2026-3-30 14:58:52] Log::Print : Connect to server[127.0.0.1 : 65420] successfully.
[Debug] [2026-3-30 14:58:54] Send RPC:2
[Debug] [2026-3-30 14:58:54] Send cmd [get_cable_paras:40010] OK
[Debug] [2026-3-30 14:58:54] Begin to send initialize chain cmd...
[Debug] [2026-3-30 14:58:54] Send RPC:3
[Debug] [2026-3-30 14:58:54] Send cmd [Open config cable:20001] OK
[Debug] [2026-3-30 14:58:54] End to send initialize chain cmd.
[Debug] [2026-3-30 14:58:54] COMMAND[check version information] execute successfully, takes 1.5 secs.
[Debug] [2026-3-30 14:58:54] Log::Print : COMMAND[check version information] execute successfully, takes 1.5 secs.
[Debug] [2026-3-30 14:58:56] COMMAND[get_cable_paras] execute successfully, takes 1.9 secs.
[Debug] [2026-3-30 14:58:56] Log::Print : The cable List : 
Cable index 0:USB Cable II/fffffffffffffffe 

[Debug] [2026-3-30 14:58:56] Log::Print : COMMAND[get_cable_paras] execute successfully, takes 1.9 secs.
[Debug] [2026-3-30 14:58:57] begin the exec of open cable cmd...
[Debug] [2026-3-30 14:58:57] Begin to deal with chain from server...
[Debug] [2026-3-30 14:58:57] Begin to set user chain...
[Debug] [2026-3-30 14:58:57] End to set user chain.
[Debug] [2026-3-30 14:58:57] Begin to update graphic item and tree item ...
[Debug] [2026-3-30 14:58:57] End to update graphic item and tree item ...
[Debug] [2026-3-30 14:58:57] Log::Print : PANGO USB CABLE II cable driver: D2XX DLL
[Debug] [2026-3-30 14:58:57] Log::Print : PG2L200H
[Debug] [2026-3-30 14:58:57] Log::Print : This device configure situation (done bit): 0
[Info] [2026-3-30 14:58:59] set OpenLastPath: C:/Users/Datou21/Desktop/PDS/100K200KMINI/2_Demo/2_10_hdmi_loop/2_10_hdmi_loop/generate_bitstream/hdmi_loop.sbit
[Debug] [2026-3-30 14:58:59] begin to get device info from CFG file...
[Debug] [2026-3-30 14:58:59] end to get device info from CFG file...
[Debug] [2026-3-30 14:58:59] Begin to update graphic item and tree item ...
[Debug] [2026-3-30 14:58:59] End to update graphic item and tree item ...
[Debug] [2026-3-30 14:58:59] Begin to update graphic item and tree item ...
[Debug] [2026-3-30 14:58:59] End to update graphic item and tree item ...
[Debug] [2026-3-30 14:58:59] End to deal wiht chain from server.
[Debug] [2026-3-30 14:58:59] end the exec of open cable cmd.
[Debug] [2026-3-30 14:58:59] COMMAND[Open config cable] execute successfully, takes 4.9 secs.
[Debug] [2026-3-30 14:58:59] Log::Print : COMMAND[Open config cable] execute successfully, takes 4.9 secs.
[Debug] [2026-3-30 14:59:02] Begin to send programming cmd...
[Debug] [2026-3-30 14:59:02] Send RPC:4
[Debug] [2026-3-30 14:59:02] Begin to send program data.
[Debug] [2026-3-30 14:59:02] End to send program data.
[Debug] [2026-3-30 14:59:02] Send cmd [Program:20002] OK
[Debug] [2026-3-30 14:59:03] The value of Progress is 6
[Debug] [2026-3-30 14:59:03] The value of Progress is 10
[Debug] [2026-3-30 14:59:03] The value of Progress is 15
[Debug] [2026-3-30 14:59:04] The value of Progress is 20
[Debug] [2026-3-30 14:59:04] The value of Progress is 25
[Debug] [2026-3-30 14:59:04] The value of Progress is 30
[Debug] [2026-3-30 14:59:05] The value of Progress is 35
[Debug] [2026-3-30 14:59:05] The value of Progress is 40
[Debug] [2026-3-30 14:59:06] The value of Progress is 45
[Debug] [2026-3-30 14:59:06] The value of Progress is 50
[Debug] [2026-3-30 14:59:06] The value of Progress is 55
[Debug] [2026-3-30 14:59:07] The value of Progress is 60
[Debug] [2026-3-30 14:59:07] The value of Progress is 65
[Debug] [2026-3-30 14:59:07] The value of Progress is 70
[Debug] [2026-3-30 14:59:08] The value of Progress is 75
[Debug] [2026-3-30 14:59:08] The value of Progress is 80
[Debug] [2026-3-30 14:59:09] The value of Progress is 85
[Debug] [2026-3-30 14:59:09] The value of Progress is 90
[Debug] [2026-3-30 14:59:09] The value of Progress is 95
[Debug] [2026-3-30 14:59:10] The value of Progress is 100
[Debug] [2026-3-30 14:59:10] COMMAND[Program] execute successfully, takes 8.5 secs.
[Debug] [2026-3-30 14:59:10] End to send programming cmd.
[Debug] [2026-3-30 14:59:10] Log::Print : The done bit is 1
[Debug] [2026-3-30 14:59:10] Log::Print : COMMAND[Program] execute successfully, takes 8.5 secs.
[Debug] [2026-3-30 15:01:23] Begin to send reset fpga cmd...
[Debug] [2026-3-30 15:01:23] Send RPC:5
[Debug] [2026-3-30 15:01:23] Send cmd [Reset FPGA:20025] OK
[Debug] [2026-3-30 15:01:23] End to send reset fpga cmd.
[Debug] [2026-3-30 15:01:23] COMMAND[Reset FPGA] execute successfully, takes 0.7 secs.
[Debug] [2026-3-30 15:01:23] Log::Print : COMMAND[Reset FPGA] execute successfully, takes 0.7 secs.
[Debug] [2026-3-30 15:02:35] Begin to send programming cmd...
[Debug] [2026-3-30 15:02:35] Send RPC:6
[Debug] [2026-3-30 15:02:35] Begin to send program data.
[Debug] [2026-3-30 15:02:35] End to send program data.
[Debug] [2026-3-30 15:02:35] Send cmd [Program:20002] OK
[Debug] [2026-3-30 15:02:36] The value of Progress is 6
[Debug] [2026-3-30 15:02:37] The value of Progress is 10
[Debug] [2026-3-30 15:02:37] The value of Progress is 15
[Debug] [2026-3-30 15:02:37] The value of Progress is 20
[Debug] [2026-3-30 15:02:38] The value of Progress is 25
[Debug] [2026-3-30 15:02:38] The value of Progress is 30
[Debug] [2026-3-30 15:02:39] The value of Progress is 35
[Debug] [2026-3-30 15:02:39] The value of Progress is 40
[Debug] [2026-3-30 15:02:39] The value of Progress is 45
[Debug] [2026-3-30 15:02:40] The value of Progress is 50
[Debug] [2026-3-30 15:02:40] The value of Progress is 55
[Debug] [2026-3-30 15:02:40] The value of Progress is 60
[Debug] [2026-3-30 15:02:41] The value of Progress is 65
[Debug] [2026-3-30 15:02:41] The value of Progress is 70
[Debug] [2026-3-30 15:02:42] The value of Progress is 75
[Debug] [2026-3-30 15:02:42] The value of Progress is 80
[Debug] [2026-3-30 15:02:42] The value of Progress is 85
[Debug] [2026-3-30 15:02:43] The value of Progress is 90
[Debug] [2026-3-30 15:02:43] The value of Progress is 95
[Debug] [2026-3-30 15:02:44] The value of Progress is 100
[Debug] [2026-3-30 15:02:44] COMMAND[Program] execute successfully, takes 8.3 secs.
[Debug] [2026-3-30 15:02:44] End to send programming cmd.
[Debug] [2026-3-30 15:02:44] Log::Print : The done bit is 1
[Debug] [2026-3-30 15:02:44] Log::Print : COMMAND[Program] execute successfully, takes 8.3 secs.
[Debug] [2026-3-30 15:12:27] Begin to send programming cmd...
[Debug] [2026-3-30 15:12:27] Send RPC:7
[Debug] [2026-3-30 15:12:27] Begin to send program data.
[Debug] [2026-3-30 15:12:27] End to send program data.
[Debug] [2026-3-30 15:12:27] Send cmd [Program:20002] OK
[Debug] [2026-3-30 15:12:28] The value of Progress is 6
[Debug] [2026-3-30 15:12:28] The value of Progress is 10
[Debug] [2026-3-30 15:12:28] The value of Progress is 15
[Debug] [2026-3-30 15:12:29] The value of Progress is 20
[Debug] [2026-3-30 15:12:29] The value of Progress is 25
[Debug] [2026-3-30 15:12:30] The value of Progress is 30
[Debug] [2026-3-30 15:12:30] The value of Progress is 35
[Debug] [2026-3-30 15:12:30] The value of Progress is 40
[Debug] [2026-3-30 15:12:31] The value of Progress is 45
[Debug] [2026-3-30 15:12:31] The value of Progress is 50
[Debug] [2026-3-30 15:12:31] The value of Progress is 55
[Debug] [2026-3-30 15:12:32] The value of Progress is 60
[Debug] [2026-3-30 15:12:32] The value of Progress is 65
[Debug] [2026-3-30 15:12:33] The value of Progress is 70
[Debug] [2026-3-30 15:12:33] The value of Progress is 75
[Debug] [2026-3-30 15:12:33] The value of Progress is 80
[Debug] [2026-3-30 15:12:34] The value of Progress is 85
[Debug] [2026-3-30 15:12:34] The value of Progress is 90
[Debug] [2026-3-30 15:12:35] The value of Progress is 95
[Debug] [2026-3-30 15:12:35] The value of Progress is 100
[Debug] [2026-3-30 15:12:35] COMMAND[Program] execute successfully, takes 8.4 secs.
[Debug] [2026-3-30 15:12:35] End to send programming cmd.
[Debug] [2026-3-30 15:12:35] Log::Print : The done bit is 1
[Debug] [2026-3-30 15:12:35] Log::Print : COMMAND[Program] execute successfully, takes 8.4 secs.
[Error] [2026-3-30 15:23:05] Server close connect
[Info] [2026-3-30 15:23:05] Disconnect from Server: 127.0.0.1  Port: 65420
[Warn] [2026-3-30 15:23:05] Server is disconnected
[Debug] [2026-3-30 15:23:05] end to connect server
[Debug] [2026-3-30 15:23:05] Server close connect process finish
[Debug] [2026-3-30 15:23:05] Begin to delete graphic item and tree item ...
[Debug] [2026-3-30 15:23:05] Begin to remove all device in BS mode...
[Debug] [2026-3-30 15:23:05] begin remove user device...
[Debug] [2026-3-30 15:23:05] begin remove user device...
[Debug] [2026-3-30 15:23:05] end remove user device.
[Debug] [2026-3-30 15:23:05] Begin to update graphic item and tree item ...
[Debug] [2026-3-30 15:23:05] End to update graphic item and tree item ...
[Debug] [2026-3-30 15:23:05] end remove user device.
[Debug] [2026-3-30 15:23:05] End to remove devices in BS mode...
[Debug] [2026-3-30 15:23:05] Begin to update graphic item and tree item ...
[Debug] [2026-3-30 15:23:05] End to update graphic item and tree item ...
[Debug] [2026-3-30 15:23:05] End to delete graphic item and tree item ...
[Error] [2026-3-30 15:23:05] MsgOut: CdtCommon-0402: Fail to connect to server. 
[Debug] [2026-3-30 15:23:05] Log::Print : Server is disconnect
[Info] [2026-3-30 15:38:51] /***************************Start Configuration***************************/
[Info] [2026-3-30 15:38:51] Path: C:/pango/PDS_2022.2-SP6.4/bin
[Info] [2026-3-30 15:38:51] Version: 146967
[Info] [2026-3-30 15:38:52] Current Path: C:/Users/Datou21/Desktop/PDS/100K200KMINI/2_Demo/2_10_hdmi_loop/2_10_hdmi_loop
[Info] [2026-3-30 15:38:52] PDS Dir Path: C:/Users/Datou21/Desktop/PDS/100K200KMINI/2_Demo/2_10_hdmi_loop/2_10_hdmi_loop
[Info] [2026-3-30 15:38:53] Configuration is not connect with server. connect first then scan chain.
[Debug] [2026-3-30 15:38:53] Client Local host name:DESKTOP-VB8TKRO
[Debug] [2026-3-30 15:38:53] Client Local Address:2.0.0.1
[Debug] [2026-3-30 15:38:53] Client Local Address:210.77.26.220
[Debug] [2026-3-30 15:38:53] Client Local Address:192.168.44.1
[Debug] [2026-3-30 15:38:53] Client Local Address:192.168.176.1
[Debug] [2026-3-30 15:38:53] Server Address:127.0.0.1, Port:65420
[Debug] [2026-3-30 15:38:53] Log::Print : Connecting to server[127.0.0.1 : 65420].
[Info] [2026-3-30 15:38:54] Connect OK, Server: 127.0.0.1  Port: 65420
[Debug] [2026-3-30 15:38:54] Finish.
[Info] [2026-3-30 15:38:54] Connect server succeeded
[Debug] [2026-3-30 15:38:54] Send RPC:1
[Debug] [2026-3-30 15:38:54] Send cmd [check version information:40004] OK
[Debug] [2026-3-30 15:38:54] Log::Print : Connect to server[127.0.0.1 : 65420] successfully.
[Debug] [2026-3-30 15:38:56] Send RPC:2
[Debug] [2026-3-30 15:38:56] Send cmd [get_cable_paras:40010] OK
[Debug] [2026-3-30 15:38:56] Begin to send initialize chain cmd...
[Debug] [2026-3-30 15:38:56] Send RPC:3
[Debug] [2026-3-30 15:38:56] Send cmd [Open config cable:20001] OK
[Debug] [2026-3-30 15:38:56] End to send initialize chain cmd.
[Debug] [2026-3-30 15:38:56] COMMAND[check version information] execute successfully, takes 1.6 secs.
[Debug] [2026-3-30 15:38:56] Log::Print : COMMAND[check version information] execute successfully, takes 1.6 secs.
[Debug] [2026-3-30 15:38:57] COMMAND[get_cable_paras] execute successfully, takes 1.9 secs.
[Debug] [2026-3-30 15:38:57] Log::Print : The cable List : 
Cable index 0:USB Cable II/fffffffffffffffe 

[Debug] [2026-3-30 15:38:57] Log::Print : COMMAND[get_cable_paras] execute successfully, takes 1.9 secs.
[Debug] [2026-3-30 15:38:58] begin the exec of open cable cmd...
[Debug] [2026-3-30 15:38:58] Begin to deal with chain from server...
[Debug] [2026-3-30 15:38:58] Begin to set user chain...
[Debug] [2026-3-30 15:38:58] End to set user chain.
[Debug] [2026-3-30 15:38:58] Begin to update graphic item and tree item ...
[Debug] [2026-3-30 15:38:58] End to update graphic item and tree item ...
[Debug] [2026-3-30 15:38:58] Log::Print : PANGO USB CABLE II cable driver: D2XX DLL
[Debug] [2026-3-30 15:38:58] Log::Print : PG2L200H
[Debug] [2026-3-30 15:38:58] Log::Print : This device configure situation (done bit): 0
[Info] [2026-3-30 15:39:00] set OpenLastPath: C:/Users/Datou21/Desktop/PDS/100K200KMINI/2_Demo/2_10_hdmi_loop/2_10_hdmi_loop/generate_bitstream/hdmi_loop.sbit
[Debug] [2026-3-30 15:39:00] begin to get device info from CFG file...
[Debug] [2026-3-30 15:39:00] end to get device info from CFG file...
[Debug] [2026-3-30 15:39:00] Begin to update graphic item and tree item ...
[Debug] [2026-3-30 15:39:00] End to update graphic item and tree item ...
[Debug] [2026-3-30 15:39:00] Begin to update graphic item and tree item ...
[Debug] [2026-3-30 15:39:00] End to update graphic item and tree item ...
[Debug] [2026-3-30 15:39:00] End to deal wiht chain from server.
[Debug] [2026-3-30 15:39:00] end the exec of open cable cmd.
[Debug] [2026-3-30 15:39:00] COMMAND[Open config cable] execute successfully, takes 4.4 secs.
[Debug] [2026-3-30 15:39:00] Log::Print : COMMAND[Open config cable] execute successfully, takes 4.4 secs.
[Debug] [2026-3-30 15:39:01] Begin to send programming cmd...
[Debug] [2026-3-30 15:39:01] Send RPC:4
[Debug] [2026-3-30 15:39:01] Begin to send program data.
[Debug] [2026-3-30 15:39:01] End to send program data.
[Debug] [2026-3-30 15:39:01] Send cmd [Program:20002] OK
[Debug] [2026-3-30 15:39:02] The value of Progress is 6
[Debug] [2026-3-30 15:39:02] The value of Progress is 10
[Debug] [2026-3-30 15:39:03] The value of Progress is 15
[Debug] [2026-3-30 15:39:03] The value of Progress is 20
[Debug] [2026-3-30 15:39:03] The value of Progress is 25
[Debug] [2026-3-30 15:39:04] The value of Progress is 30
[Debug] [2026-3-30 15:39:04] The value of Progress is 35
[Debug] [2026-3-30 15:39:05] The value of Progress is 40
[Debug] [2026-3-30 15:39:05] The value of Progress is 45
[Debug] [2026-3-30 15:39:05] The value of Progress is 50
[Debug] [2026-3-30 15:39:06] The value of Progress is 55
[Debug] [2026-3-30 15:39:06] The value of Progress is 60
[Debug] [2026-3-30 15:39:07] The value of Progress is 65
[Debug] [2026-3-30 15:39:07] The value of Progress is 70
[Debug] [2026-3-30 15:39:07] The value of Progress is 75
[Debug] [2026-3-30 15:39:08] The value of Progress is 80
[Debug] [2026-3-30 15:39:08] The value of Progress is 85
[Debug] [2026-3-30 15:39:08] The value of Progress is 90
[Debug] [2026-3-30 15:39:09] The value of Progress is 95
[Debug] [2026-3-30 15:39:09] The value of Progress is 100
[Debug] [2026-3-30 15:39:09] COMMAND[Program] execute successfully, takes 8.3 secs.
[Debug] [2026-3-30 15:39:09] End to send programming cmd.
[Debug] [2026-3-30 15:39:09] Log::Print : The done bit is 1
[Debug] [2026-3-30 15:39:09] Log::Print : COMMAND[Program] execute successfully, takes 8.3 secs.
[Info] [2026-3-30 15:39:23] /***************************End Configration***************************/
[Info] [2026-3-30 16:10:40] /***************************Start Configuration***************************/
[Info] [2026-3-30 16:10:40] Path: C:/pango/PDS_2022.2-SP6.4/bin
[Info] [2026-3-30 16:10:40] Version: 146967
[Info] [2026-3-30 16:10:42] Current Path: C:/Users/Datou21/Desktop/PDS/cnn_usb_copy_0328/cnn_usb_copy_0323/cnn_usb_copy/prj_pds
[Info] [2026-3-30 16:10:42] PDS Dir Path: C:/Users/Datou21/Desktop/PDS/cnn_usb_copy_0328/cnn_usb_copy_0323/cnn_usb_copy/prj_pds
[Info] [2026-3-30 16:10:44] Configuration is not connect with server. connect first then scan chain.
[Debug] [2026-3-30 16:10:44] Client Local host name:DESKTOP-VB8TKRO
[Debug] [2026-3-30 16:10:44] Client Local Address:2.0.0.1
[Debug] [2026-3-30 16:10:44] Client Local Address:210.77.26.220
[Debug] [2026-3-30 16:10:44] Client Local Address:192.168.44.1
[Debug] [2026-3-30 16:10:44] Client Local Address:192.168.176.1
[Debug] [2026-3-30 16:10:44] Server Address:127.0.0.1, Port:65420
[Debug] [2026-3-30 16:10:44] Log::Print : Connecting to server[127.0.0.1 : 65420].
[Info] [2026-3-30 16:10:44] Connect OK, Server: 127.0.0.1  Port: 65420
[Debug] [2026-3-30 16:10:44] Finish.
[Info] [2026-3-30 16:10:44] Connect server succeeded
[Debug] [2026-3-30 16:10:44] Send RPC:1
[Debug] [2026-3-30 16:10:44] Send cmd [check version information:40004] OK
[Debug] [2026-3-30 16:10:44] Log::Print : Connect to server[127.0.0.1 : 65420] successfully.
[Debug] [2026-3-30 16:10:45] Send RPC:2
[Debug] [2026-3-30 16:10:45] Send cmd [get_cable_paras:40010] OK
[Debug] [2026-3-30 16:10:45] Begin to send initialize chain cmd...
[Debug] [2026-3-30 16:10:45] Send RPC:3
[Debug] [2026-3-30 16:10:45] Send cmd [Open config cable:20001] OK
[Debug] [2026-3-30 16:10:45] End to send initialize chain cmd.
[Debug] [2026-3-30 16:10:45] COMMAND[check version information] execute successfully, takes 0.4 secs.
[Debug] [2026-3-30 16:10:45] Log::Print : COMMAND[check version information] execute successfully, takes 0.4 secs.
[Debug] [2026-3-30 16:10:46] COMMAND[get_cable_paras] execute successfully, takes 1.1 secs.
[Debug] [2026-3-30 16:10:46] Log::Print : The cable List : 
Cable index 0:USB Cable II/fffffffffffffffe 

[Debug] [2026-3-30 16:10:46] Log::Print : COMMAND[get_cable_paras] execute successfully, takes 1.1 secs.
[Debug] [2026-3-30 16:10:46] begin the exec of open cable cmd...
[Debug] [2026-3-30 16:10:46] Begin to deal with chain from server...
[Debug] [2026-3-30 16:10:46] Begin to set user chain...
[Debug] [2026-3-30 16:10:46] End to set user chain.
[Debug] [2026-3-30 16:10:46] Begin to update graphic item and tree item ...
[Debug] [2026-3-30 16:10:46] End to update graphic item and tree item ...
[Debug] [2026-3-30 16:10:46] Log::Print : PANGO USB CABLE II cable driver: D2XX DLL
[Debug] [2026-3-30 16:10:46] Log::Print : PG2L200H
[Debug] [2026-3-30 16:10:46] Log::Print : This device configure situation (done bit): 0
[Info] [2026-3-30 16:10:52] set OpenLastPath: C:/Users/Datou21/Desktop/PDS/cnn_usb_copy_0328/cnn_usb_copy_0323/cnn_usb_copy/prj_pds/generate_bitstream/hdmi_loop.sbit
[Debug] [2026-3-30 16:10:52] begin to get device info from CFG file...
[Debug] [2026-3-30 16:10:52] end to get device info from CFG file...
[Debug] [2026-3-30 16:10:52] Begin to update graphic item and tree item ...
[Debug] [2026-3-30 16:10:52] End to update graphic item and tree item ...
[Debug] [2026-3-30 16:10:52] Begin to update graphic item and tree item ...
[Debug] [2026-3-30 16:10:52] End to update graphic item and tree item ...
[Debug] [2026-3-30 16:10:52] End to deal wiht chain from server.
[Debug] [2026-3-30 16:10:52] end the exec of open cable cmd.
[Debug] [2026-3-30 16:10:52] COMMAND[Open config cable] execute successfully, takes 7.4 secs.
[Debug] [2026-3-30 16:10:52] Log::Print : COMMAND[Open config cable] execute successfully, takes 7.4 secs.
[Debug] [2026-3-30 16:10:57] Begin to send programming cmd...
[Debug] [2026-3-30 16:10:57] Send RPC:4
[Debug] [2026-3-30 16:10:57] Begin to send program data.
[Debug] [2026-3-30 16:10:57] End to send program data.
[Debug] [2026-3-30 16:10:57] Send cmd [Program:20002] OK
[Debug] [2026-3-30 16:10:58] The value of Progress is 6
[Debug] [2026-3-30 16:10:59] The value of Progress is 10
[Debug] [2026-3-30 16:10:59] The value of Progress is 15
[Debug] [2026-3-30 16:10:59] The value of Progress is 20
[Debug] [2026-3-30 16:11:00] The value of Progress is 25
[Debug] [2026-3-30 16:11:00] The value of Progress is 30
[Debug] [2026-3-30 16:11:00] The value of Progress is 35
[Debug] [2026-3-30 16:11:01] The value of Progress is 40
[Debug] [2026-3-30 16:11:01] The value of Progress is 45
[Debug] [2026-3-30 16:11:02] The value of Progress is 50
[Debug] [2026-3-30 16:11:02] The value of Progress is 55
[Debug] [2026-3-30 16:11:02] The value of Progress is 60
[Debug] [2026-3-30 16:11:03] The value of Progress is 65
[Debug] [2026-3-30 16:11:03] The value of Progress is 70
[Debug] [2026-3-30 16:11:04] The value of Progress is 75
[Debug] [2026-3-30 16:11:04] The value of Progress is 80
[Debug] [2026-3-30 16:11:04] The value of Progress is 85
[Debug] [2026-3-30 16:11:05] The value of Progress is 90
[Debug] [2026-3-30 16:11:05] The value of Progress is 95
[Debug] [2026-3-30 16:11:05] The value of Progress is 100
[Debug] [2026-3-30 16:11:06] COMMAND[Program] execute successfully, takes 8.3 secs.
[Debug] [2026-3-30 16:11:06] End to send programming cmd.
[Debug] [2026-3-30 16:11:06] Log::Print : The done bit is 1
[Debug] [2026-3-30 16:11:06] Log::Print : COMMAND[Program] execute successfully, takes 8.3 secs.
[Info] [2026-3-30 16:11:41] /***************************End Configration***************************/
[Info] [2026-3-31 14:45:28] /***************************Start Configuration***************************/
[Info] [2026-3-31 14:45:28] Path: C:/pango/PDS_2022.2-SP6.4/bin
[Info] [2026-3-31 14:45:28] Version: 146967
[Info] [2026-3-31 14:45:29] Current Path: C:/Users/Datou21/Desktop/PDS/cnn_usb_copy_0328/cnn_usb_copy/prj_pds
[Info] [2026-3-31 14:45:29] PDS Dir Path: C:/Users/Datou21/Desktop/PDS/cnn_usb_copy_0328/cnn_usb_copy/prj_pds
[Info] [2026-3-31 14:45:33] Configuration is not connect with server. connect first then scan chain.
[Debug] [2026-3-31 14:45:33] Client Local host name:DESKTOP-VB8TKRO
[Debug] [2026-3-31 14:45:33] Client Local Address:2.0.0.1
[Debug] [2026-3-31 14:45:33] Client Local Address:210.77.26.220
[Debug] [2026-3-31 14:45:33] Client Local Address:192.168.44.1
[Debug] [2026-3-31 14:45:33] Client Local Address:192.168.176.1
[Debug] [2026-3-31 14:45:33] Server Address:127.0.0.1, Port:65420
[Debug] [2026-3-31 14:45:33] Log::Print : Connecting to server[127.0.0.1 : 65420].
[Info] [2026-3-31 14:45:33] Connect OK, Server: 127.0.0.1  Port: 65420
[Debug] [2026-3-31 14:45:33] Finish.
[Info] [2026-3-31 14:45:33] Connect server succeeded
[Debug] [2026-3-31 14:45:33] Send RPC:1
[Debug] [2026-3-31 14:45:33] Send cmd [check version information:40004] OK
[Debug] [2026-3-31 14:45:33] Log::Print : Connect to server[127.0.0.1 : 65420] successfully.
[Debug] [2026-3-31 14:45:35] Send RPC:2
[Debug] [2026-3-31 14:45:35] Send cmd [get_cable_paras:40010] OK
[Debug] [2026-3-31 14:45:35] Begin to send initialize chain cmd...
[Debug] [2026-3-31 14:45:35] Send RPC:3
[Debug] [2026-3-31 14:45:35] Send cmd [Open config cable:20001] OK
[Debug] [2026-3-31 14:45:35] End to send initialize chain cmd.
[Debug] [2026-3-31 14:45:35] COMMAND[check version information] execute successfully, takes 1.5 secs.
[Debug] [2026-3-31 14:45:35] Log::Print : COMMAND[check version information] execute successfully, takes 1.5 secs.
[Debug] [2026-3-31 14:45:37] COMMAND[get_cable_paras] execute successfully, takes 1.9 secs.
[Debug] [2026-3-31 14:45:37] Log::Print : The cable List : 
Cable index 0:USB Cable II/fffffffffffffffe 

[Debug] [2026-3-31 14:45:37] Log::Print : COMMAND[get_cable_paras] execute successfully, takes 1.9 secs.
[Debug] [2026-3-31 14:45:37] begin the exec of open cable cmd...
[Debug] [2026-3-31 14:45:37] Begin to deal with chain from server...
[Debug] [2026-3-31 14:45:37] Begin to set user chain...
[Debug] [2026-3-31 14:45:37] End to set user chain.
[Debug] [2026-3-31 14:45:37] Begin to update graphic item and tree item ...
[Debug] [2026-3-31 14:45:38] End to update graphic item and tree item ...
[Debug] [2026-3-31 14:45:38] Log::Print : PANGO USB CABLE II cable driver: D2XX DLL
[Debug] [2026-3-31 14:45:38] Log::Print : PG2L200H
[Debug] [2026-3-31 14:45:38] Log::Print : This device configure situation (done bit): 0
[Info] [2026-3-31 14:45:39] set OpenLastPath: C:/Users/Datou21/Desktop/PDS/cnn_usb_copy_0328/cnn_usb_copy/prj_pds/generate_bitstream/hdmi_loop.sbit
[Debug] [2026-3-31 14:45:39] begin to get device info from CFG file...
[Debug] [2026-3-31 14:45:39] end to get device info from CFG file...
[Debug] [2026-3-31 14:45:39] Begin to update graphic item and tree item ...
[Debug] [2026-3-31 14:45:39] End to update graphic item and tree item ...
[Debug] [2026-3-31 14:45:39] Begin to update graphic item and tree item ...
[Debug] [2026-3-31 14:45:39] End to update graphic item and tree item ...
[Debug] [2026-3-31 14:45:39] End to deal wiht chain from server.
[Debug] [2026-3-31 14:45:39] end the exec of open cable cmd.
[Debug] [2026-3-31 14:45:39] COMMAND[Open config cable] execute successfully, takes 4.3 secs.
[Debug] [2026-3-31 14:45:39] Log::Print : COMMAND[Open config cable] execute successfully, takes 4.3 secs.
[Debug] [2026-3-31 14:45:40] Begin to send programming cmd...
[Debug] [2026-3-31 14:45:40] Send RPC:4
[Debug] [2026-3-31 14:45:40] Begin to send program data.
[Debug] [2026-3-31 14:45:40] End to send program data.
[Debug] [2026-3-31 14:45:40] Send cmd [Program:20002] OK
[Debug] [2026-3-31 14:45:41] The value of Progress is 6
[Debug] [2026-3-31 14:45:41] The value of Progress is 10
[Debug] [2026-3-31 14:45:42] The value of Progress is 15
[Debug] [2026-3-31 14:45:42] The value of Progress is 20
[Debug] [2026-3-31 14:45:43] The value of Progress is 25
[Debug] [2026-3-31 14:45:43] The value of Progress is 30
[Debug] [2026-3-31 14:45:43] The value of Progress is 35
[Debug] [2026-3-31 14:45:44] The value of Progress is 40
[Debug] [2026-3-31 14:45:44] The value of Progress is 45
[Debug] [2026-3-31 14:45:45] The value of Progress is 50
[Debug] [2026-3-31 14:45:45] The value of Progress is 55
[Debug] [2026-3-31 14:45:45] The value of Progress is 60
[Debug] [2026-3-31 14:45:46] The value of Progress is 65
[Debug] [2026-3-31 14:45:46] The value of Progress is 70
[Debug] [2026-3-31 14:45:46] The value of Progress is 75
[Debug] [2026-3-31 14:45:47] The value of Progress is 80
[Debug] [2026-3-31 14:45:47] The value of Progress is 85
[Debug] [2026-3-31 14:45:48] The value of Progress is 90
[Debug] [2026-3-31 14:45:48] The value of Progress is 95
[Debug] [2026-3-31 14:45:48] The value of Progress is 100
[Debug] [2026-3-31 14:45:49] COMMAND[Program] execute successfully, takes 8.4 secs.
[Debug] [2026-3-31 14:45:49] End to send programming cmd.
[Debug] [2026-3-31 14:45:49] Log::Print : The done bit is 1
[Debug] [2026-3-31 14:45:49] Log::Print : COMMAND[Program] execute successfully, takes 8.4 secs.
[Debug] [2026-3-31 14:46:20] Begin to send programming cmd...
[Debug] [2026-3-31 14:46:20] Send RPC:5
[Debug] [2026-3-31 14:46:20] Begin to send program data.
[Debug] [2026-3-31 14:46:20] End to send program data.
[Debug] [2026-3-31 14:46:20] Send cmd [Program:20002] OK
[Debug] [2026-3-31 14:46:21] The value of Progress is 6
[Debug] [2026-3-31 14:46:21] The value of Progress is 10
[Debug] [2026-3-31 14:46:22] The value of Progress is 15
[Debug] [2026-3-31 14:46:22] The value of Progress is 20
[Debug] [2026-3-31 14:46:22] The value of Progress is 25
[Debug] [2026-3-31 14:46:23] The value of Progress is 30
[Debug] [2026-3-31 14:46:23] The value of Progress is 35
[Debug] [2026-3-31 14:46:23] The value of Progress is 40
[Debug] [2026-3-31 14:46:24] The value of Progress is 45
[Debug] [2026-3-31 14:46:24] The value of Progress is 50
[Debug] [2026-3-31 14:46:25] The value of Progress is 55
[Debug] [2026-3-31 14:46:25] The value of Progress is 60
[Debug] [2026-3-31 14:46:25] The value of Progress is 65
[Debug] [2026-3-31 14:46:26] The value of Progress is 70
[Debug] [2026-3-31 14:46:26] The value of Progress is 75
[Debug] [2026-3-31 14:46:26] The value of Progress is 80
[Debug] [2026-3-31 14:46:27] The value of Progress is 85
[Debug] [2026-3-31 14:46:27] The value of Progress is 90
[Debug] [2026-3-31 14:46:28] The value of Progress is 95
[Debug] [2026-3-31 14:46:28] The value of Progress is 100
[Debug] [2026-3-31 14:46:28] COMMAND[Program] execute successfully, takes 8.4 secs.
[Debug] [2026-3-31 14:46:28] End to send programming cmd.
[Debug] [2026-3-31 14:46:28] Log::Print : The done bit is 1
[Debug] [2026-3-31 14:46:28] Log::Print : COMMAND[Program] execute successfully, takes 8.4 secs.
[Info] [2026-3-31 14:46:40] /***************************End Configration***************************/
[Info] [2026-3-31 14:46:42] /***************************Start Configuration***************************/
[Info] [2026-3-31 14:46:42] Path: C:/pango/PDS_2022.2-SP6.4/bin
[Info] [2026-3-31 14:46:42] Version: 146967
[Info] [2026-3-31 14:46:43] Current Path: C:/Users/Datou21/Desktop/PDS/cnn_usb_copy_0328/cnn_usb_copy/prj_pds
[Info] [2026-3-31 14:46:43] PDS Dir Path: C:/Users/Datou21/Desktop/PDS/cnn_usb_copy_0328/cnn_usb_copy/prj_pds
[Info] [2026-3-31 14:46:45] Configuration is not connect with server. connect first then scan chain.
[Debug] [2026-3-31 14:46:45] Client Local host name:DESKTOP-VB8TKRO
[Debug] [2026-3-31 14:46:45] Client Local Address:2.0.0.1
[Debug] [2026-3-31 14:46:45] Client Local Address:210.77.26.220
[Debug] [2026-3-31 14:46:45] Client Local Address:192.168.44.1
[Debug] [2026-3-31 14:46:45] Client Local Address:192.168.176.1
[Debug] [2026-3-31 14:46:45] Server Address:127.0.0.1, Port:65420
[Debug] [2026-3-31 14:46:45] Log::Print : Connecting to server[127.0.0.1 : 65420].
[Info] [2026-3-31 14:46:45] Connect OK, Server: 127.0.0.1  Port: 65420
[Debug] [2026-3-31 14:46:45] Finish.
[Info] [2026-3-31 14:46:45] Connect server succeeded
[Debug] [2026-3-31 14:46:45] Send RPC:1
[Debug] [2026-3-31 14:46:45] Send cmd [check version information:40004] OK
[Debug] [2026-3-31 14:46:45] Log::Print : Connect to server[127.0.0.1 : 65420] successfully.
[Debug] [2026-3-31 14:46:46] Send RPC:2
[Debug] [2026-3-31 14:46:46] Send cmd [get_cable_paras:40010] OK
[Debug] [2026-3-31 14:46:46] Begin to send initialize chain cmd...
[Debug] [2026-3-31 14:46:46] Send RPC:3
[Debug] [2026-3-31 14:46:46] Send cmd [Open config cable:20001] OK
[Debug] [2026-3-31 14:46:46] End to send initialize chain cmd.
[Debug] [2026-3-31 14:46:46] COMMAND[check version information] execute successfully, takes 0.4 secs.
[Debug] [2026-3-31 14:46:46] Log::Print : COMMAND[check version information] execute successfully, takes 0.4 secs.
[Debug] [2026-3-31 14:46:47] COMMAND[get_cable_paras] execute successfully, takes 1.2 secs.
[Debug] [2026-3-31 14:46:47] Log::Print : The cable List : 
Cable index 0:USB Cable II/fffffffffffffffe 

[Debug] [2026-3-31 14:46:47] Log::Print : COMMAND[get_cable_paras] execute successfully, takes 1.2 secs.
[Debug] [2026-3-31 14:46:48] begin the exec of open cable cmd...
[Debug] [2026-3-31 14:46:48] Begin to deal with chain from server...
[Debug] [2026-3-31 14:46:48] Begin to set user chain...
[Debug] [2026-3-31 14:46:48] End to set user chain.
[Debug] [2026-3-31 14:46:48] Begin to update graphic item and tree item ...
[Debug] [2026-3-31 14:46:48] End to update graphic item and tree item ...
[Debug] [2026-3-31 14:46:48] Log::Print : PANGO USB CABLE II cable driver: D2XX DLL
[Debug] [2026-3-31 14:46:48] Log::Print : PG2L200H
[Debug] [2026-3-31 14:46:48] Log::Print : This device configure situation (done bit): 1
[Info] [2026-3-31 14:47:04] set OpenLastPath: C:/Users/Datou21/Desktop/PDS/100K200KMINI/2_Demo/2_10_hdmi_loop/2_10_hdmi_loop/generate_bitstream/hdmi_loop.sbit
[Debug] [2026-3-31 14:47:04] begin to get device info from CFG file...
[Debug] [2026-3-31 14:47:04] end to get device info from CFG file...
[Debug] [2026-3-31 14:47:04] Begin to update graphic item and tree item ...
[Debug] [2026-3-31 14:47:04] End to update graphic item and tree item ...
[Debug] [2026-3-31 14:47:04] Begin to update graphic item and tree item ...
[Debug] [2026-3-31 14:47:04] End to update graphic item and tree item ...
[Debug] [2026-3-31 14:47:04] End to deal wiht chain from server.
[Debug] [2026-3-31 14:47:04] end the exec of open cable cmd.
[Debug] [2026-3-31 14:47:04] COMMAND[Open config cable] execute successfully, takes 18.1 secs.
[Debug] [2026-3-31 14:47:04] Log::Print : COMMAND[Open config cable] execute successfully, takes 18.1 secs.
[Debug] [2026-3-31 14:47:05] Begin to send programming cmd...
[Debug] [2026-3-31 14:47:05] Send RPC:4
[Debug] [2026-3-31 14:47:05] Begin to send program data.
[Debug] [2026-3-31 14:47:05] End to send program data.
[Debug] [2026-3-31 14:47:05] Send cmd [Program:20002] OK
[Debug] [2026-3-31 14:47:06] The value of Progress is 6
[Debug] [2026-3-31 14:47:07] The value of Progress is 10
[Debug] [2026-3-31 14:47:07] The value of Progress is 15
[Debug] [2026-3-31 14:47:07] The value of Progress is 20
[Debug] [2026-3-31 14:47:08] The value of Progress is 25
[Debug] [2026-3-31 14:47:08] The value of Progress is 30
[Debug] [2026-3-31 14:47:08] The value of Progress is 35
[Debug] [2026-3-31 14:47:09] The value of Progress is 40
[Debug] [2026-3-31 14:47:09] The value of Progress is 45
[Debug] [2026-3-31 14:47:10] The value of Progress is 50
[Debug] [2026-3-31 14:47:10] The value of Progress is 55
[Debug] [2026-3-31 14:47:10] The value of Progress is 60
[Debug] [2026-3-31 14:47:11] The value of Progress is 65
[Debug] [2026-3-31 14:47:11] The value of Progress is 70
[Debug] [2026-3-31 14:47:12] The value of Progress is 75
[Debug] [2026-3-31 14:47:12] The value of Progress is 80
[Debug] [2026-3-31 14:47:12] The value of Progress is 85
[Debug] [2026-3-31 14:47:13] The value of Progress is 90
[Debug] [2026-3-31 14:47:13] The value of Progress is 95
[Debug] [2026-3-31 14:47:13] The value of Progress is 100
[Debug] [2026-3-31 14:47:14] COMMAND[Program] execute successfully, takes 8.4 secs.
[Debug] [2026-3-31 14:47:14] End to send programming cmd.
[Debug] [2026-3-31 14:47:14] Log::Print : The done bit is 1
[Debug] [2026-3-31 14:47:14] Log::Print : COMMAND[Program] execute successfully, takes 8.4 secs.
[Debug] [2026-3-31 14:52:24] Begin to send programming cmd...
[Debug] [2026-3-31 14:52:24] Send RPC:5
[Debug] [2026-3-31 14:52:24] Begin to send program data.
[Debug] [2026-3-31 14:52:24] End to send program data.
[Debug] [2026-3-31 14:52:24] Send cmd [Program:20002] OK
[Debug] [2026-3-31 14:52:25] The value of Progress is 6
[Debug] [2026-3-31 14:52:25] The value of Progress is 10
[Debug] [2026-3-31 14:52:26] The value of Progress is 15
[Debug] [2026-3-31 14:52:26] The value of Progress is 20
[Debug] [2026-3-31 14:52:26] The value of Progress is 25
[Debug] [2026-3-31 14:52:27] The value of Progress is 30
[Debug] [2026-3-31 14:52:27] The value of Progress is 35
[Debug] [2026-3-31 14:52:28] The value of Progress is 40
[Debug] [2026-3-31 14:52:28] The value of Progress is 45
[Debug] [2026-3-31 14:52:28] The value of Progress is 50
[Debug] [2026-3-31 14:52:29] The value of Progress is 55
[Debug] [2026-3-31 14:52:29] The value of Progress is 60
[Debug] [2026-3-31 14:52:30] The value of Progress is 65
[Debug] [2026-3-31 14:52:30] The value of Progress is 70
[Debug] [2026-3-31 14:52:30] The value of Progress is 75
[Debug] [2026-3-31 14:52:31] The value of Progress is 80
[Debug] [2026-3-31 14:52:31] The value of Progress is 85
[Debug] [2026-3-31 14:52:31] The value of Progress is 90
[Debug] [2026-3-31 14:52:32] The value of Progress is 95
[Debug] [2026-3-31 14:52:32] The value of Progress is 100
[Debug] [2026-3-31 14:52:32] COMMAND[Program] execute successfully, takes 8.4 secs.
[Debug] [2026-3-31 14:52:32] End to send programming cmd.
[Debug] [2026-3-31 14:52:32] Log::Print : The done bit is 1
[Debug] [2026-3-31 14:52:33] Log::Print : COMMAND[Program] execute successfully, takes 8.4 secs.
[Debug] [2026-3-31 14:54:07] Begin to send initialize chain cmd...
[Debug] [2026-3-31 14:54:07] Send RPC:6
[Debug] [2026-3-31 14:54:07] Send cmd [Open config cable:20001] OK
[Debug] [2026-3-31 14:54:07] End to send initialize chain cmd.
[Debug] [2026-3-31 14:54:09] begin the exec of open cable cmd...
[Debug] [2026-3-31 14:54:09] Begin to deal with chain from server...
[Debug] [2026-3-31 14:54:09] Begin to set user chain...
[Debug] [2026-3-31 14:54:09] End to set user chain.
[Debug] [2026-3-31 14:54:09] Begin to update graphic item and tree item ...
[Debug] [2026-3-31 14:54:09] End to update graphic item and tree item ...
[Debug] [2026-3-31 14:54:09] Log::Print : PANGO USB CABLE II cable driver: D2XX DLL
[Debug] [2026-3-31 14:54:09] Log::Print : PG2L200H
[Debug] [2026-3-31 14:54:09] Log::Print : This device configure situation (done bit): 0
[Debug] [2026-3-31 14:54:12] selected file name is empty and ignore.
[Debug] [2026-3-31 14:54:12] Begin to update graphic item and tree item ...
[Debug] [2026-3-31 14:54:12] End to update graphic item and tree item ...
[Debug] [2026-3-31 14:54:12] End to deal wiht chain from server.
[Debug] [2026-3-31 14:54:12] end the exec of open cable cmd.
[Debug] [2026-3-31 14:54:12] COMMAND[Open config cable] execute successfully, takes 5.1 secs.
[Debug] [2026-3-31 14:54:12] Log::Print : COMMAND[Open config cable] execute successfully, takes 5.1 secs.
[Debug] [2026-3-31 14:54:13] Begin to send initialize chain cmd...
[Debug] [2026-3-31 14:54:13] Send RPC:7
[Debug] [2026-3-31 14:54:13] Send cmd [Open config cable:20001] OK
[Debug] [2026-3-31 14:54:13] End to send initialize chain cmd.
[Debug] [2026-3-31 14:54:13] begin the exec of open cable cmd...
[Debug] [2026-3-31 14:54:13] Begin to deal with chain from server...
[Debug] [2026-3-31 14:54:13] Begin to set user chain...
[Debug] [2026-3-31 14:54:13] End to set user chain.
[Debug] [2026-3-31 14:54:13] Begin to update graphic item and tree item ...
[Debug] [2026-3-31 14:54:13] End to update graphic item and tree item ...
[Debug] [2026-3-31 14:54:13] Log::Print : PANGO USB CABLE II cable driver: D2XX DLL
[Debug] [2026-3-31 14:54:13] Log::Print : PG2L200H
[Debug] [2026-3-31 14:54:13] Log::Print : This device configure situation (done bit): 0
[Info] [2026-3-31 14:54:19] set OpenLastPath: C:/Users/Datou21/Desktop/PDS/100K200KMINI/2_Demo/2_10_hdmi_loop/2_10_hdmi_loop/generate_bitstream/hdmi_loop.sbit
[Debug] [2026-3-31 14:54:19] begin to get device info from CFG file...
[Debug] [2026-3-31 14:54:19] end to get device info from CFG file...
[Debug] [2026-3-31 14:54:19] Begin to update graphic item and tree item ...
[Debug] [2026-3-31 14:54:19] End to update graphic item and tree item ...
[Debug] [2026-3-31 14:54:19] Begin to update graphic item and tree item ...
[Debug] [2026-3-31 14:54:19] End to update graphic item and tree item ...
[Debug] [2026-3-31 14:54:19] End to deal wiht chain from server.
[Debug] [2026-3-31 14:54:19] end the exec of open cable cmd.
[Debug] [2026-3-31 14:54:19] COMMAND[Open config cable] execute successfully, takes 6.7 secs.
[Debug] [2026-3-31 14:54:19] Log::Print : COMMAND[Open config cable] execute successfully, takes 6.7 secs.
[Debug] [2026-3-31 14:54:22] Begin to send programming cmd...
[Debug] [2026-3-31 14:54:22] Send RPC:8
[Debug] [2026-3-31 14:54:22] Begin to send program data.
[Debug] [2026-3-31 14:54:22] End to send program data.
[Debug] [2026-3-31 14:54:22] Send cmd [Program:20002] OK
[Debug] [2026-3-31 14:54:23] The value of Progress is 6
[Debug] [2026-3-31 14:54:23] The value of Progress is 10
[Debug] [2026-3-31 14:54:24] The value of Progress is 15
[Debug] [2026-3-31 14:54:24] The value of Progress is 20
[Debug] [2026-3-31 14:54:25] The value of Progress is 25
[Debug] [2026-3-31 14:54:25] The value of Progress is 30
[Debug] [2026-3-31 14:54:25] The value of Progress is 35
[Debug] [2026-3-31 14:54:26] The value of Progress is 40
[Debug] [2026-3-31 14:54:26] The value of Progress is 45
[Debug] [2026-3-31 14:54:27] The value of Progress is 50
[Debug] [2026-3-31 14:54:27] The value of Progress is 55
[Debug] [2026-3-31 14:54:27] The value of Progress is 60
[Debug] [2026-3-31 14:54:28] The value of Progress is 65
[Debug] [2026-3-31 14:54:28] The value of Progress is 70
[Debug] [2026-3-31 14:54:28] The value of Progress is 75
[Debug] [2026-3-31 14:54:29] The value of Progress is 80
[Debug] [2026-3-31 14:54:29] The value of Progress is 85
[Debug] [2026-3-31 14:54:30] The value of Progress is 90
[Debug] [2026-3-31 14:54:30] The value of Progress is 95
[Debug] [2026-3-31 14:54:30] The value of Progress is 100
[Debug] [2026-3-31 14:54:31] COMMAND[Program] execute successfully, takes 8.4 secs.
[Debug] [2026-3-31 14:54:31] End to send programming cmd.
[Debug] [2026-3-31 14:54:31] Log::Print : The done bit is 1
[Debug] [2026-3-31 14:54:31] Log::Print : COMMAND[Program] execute successfully, takes 8.4 secs.
[Debug] [2026-3-31 15:07:04] Begin to send programming cmd...
[Debug] [2026-3-31 15:07:04] Send RPC:9
[Debug] [2026-3-31 15:07:04] Begin to send program data.
[Debug] [2026-3-31 15:07:04] End to send program data.
[Debug] [2026-3-31 15:07:04] Send cmd [Program:20002] OK
[Error] [2026-3-31 15:07:04] fail to exec Program cmd...
[Debug] [2026-3-31 15:07:04] End to send programming cmd.
[Error] [2026-3-31 15:07:04] MsgOut: JtagServer-0001: No PANGO USB CABLE II cable was found in system.
[Error] [2026-3-31 15:07:04] MsgOut: JtagServer-0306: No devices detected while scanning the JTAG chain, failed detecting JTAG device chain.
[Error] [2026-3-31 15:07:04] MsgOut: Configuration-0008: The command 'Program' execute fail.
[Debug] [2026-3-31 15:07:19] Begin to send programming cmd...
[Debug] [2026-3-31 15:07:19] Send RPC:10
[Debug] [2026-3-31 15:07:19] Begin to send program data.
[Debug] [2026-3-31 15:07:19] End to send program data.
[Debug] [2026-3-31 15:07:19] Send cmd [Program:20002] OK
[Debug] [2026-3-31 15:07:23] The value of Progress is 6
[Debug] [2026-3-31 15:07:23] The value of Progress is 10
[Debug] [2026-3-31 15:07:23] The value of Progress is 15
[Debug] [2026-3-31 15:07:24] The value of Progress is 20
[Debug] [2026-3-31 15:07:24] The value of Progress is 25
[Debug] [2026-3-31 15:07:24] The value of Progress is 30
[Debug] [2026-3-31 15:07:25] The value of Progress is 35
[Debug] [2026-3-31 15:07:25] The value of Progress is 40
[Debug] [2026-3-31 15:07:26] The value of Progress is 45
[Debug] [2026-3-31 15:07:26] The value of Progress is 50
[Debug] [2026-3-31 15:07:26] The value of Progress is 55
[Debug] [2026-3-31 15:07:27] The value of Progress is 60
[Debug] [2026-3-31 15:07:27] The value of Progress is 65
[Debug] [2026-3-31 15:07:27] The value of Progress is 70
[Debug] [2026-3-31 15:07:28] The value of Progress is 75
[Debug] [2026-3-31 15:07:28] The value of Progress is 80
[Debug] [2026-3-31 15:07:29] The value of Progress is 85
[Debug] [2026-3-31 15:07:29] The value of Progress is 90
[Debug] [2026-3-31 15:07:29] The value of Progress is 95
[Debug] [2026-3-31 15:07:30] The value of Progress is 100
[Debug] [2026-3-31 15:07:30] COMMAND[Program] execute successfully, takes 10.5 secs.
[Debug] [2026-3-31 15:07:30] End to send programming cmd.
[Debug] [2026-3-31 15:07:30] Log::Print : The done bit is 1
[Debug] [2026-3-31 15:07:30] Log::Print : COMMAND[Program] execute successfully, takes 10.5 secs.
[Debug] [2026-3-31 15:08:35] Begin to send programming cmd...
[Debug] [2026-3-31 15:08:35] Send RPC:11
[Debug] [2026-3-31 15:08:35] Begin to send program data.
[Debug] [2026-3-31 15:08:35] End to send program data.
[Debug] [2026-3-31 15:08:35] Send cmd [Program:20002] OK
[Debug] [2026-3-31 15:08:36] The value of Progress is 6
[Debug] [2026-3-31 15:08:36] The value of Progress is 10
[Debug] [2026-3-31 15:08:37] The value of Progress is 15
[Debug] [2026-3-31 15:08:37] The value of Progress is 20
[Debug] [2026-3-31 15:08:37] The value of Progress is 25
[Debug] [2026-3-31 15:08:38] The value of Progress is 30
[Debug] [2026-3-31 15:08:38] The value of Progress is 35
[Debug] [2026-3-31 15:08:38] The value of Progress is 40
[Debug] [2026-3-31 15:08:39] The value of Progress is 45
[Debug] [2026-3-31 15:08:39] The value of Progress is 50
[Debug] [2026-3-31 15:08:40] The value of Progress is 55
[Debug] [2026-3-31 15:08:40] The value of Progress is 60
[Debug] [2026-3-31 15:08:40] The value of Progress is 65
[Debug] [2026-3-31 15:08:41] The value of Progress is 70
[Debug] [2026-3-31 15:08:41] The value of Progress is 75
[Debug] [2026-3-31 15:08:41] The value of Progress is 80
[Debug] [2026-3-31 15:08:42] The value of Progress is 85
[Debug] [2026-3-31 15:08:42] The value of Progress is 90
[Debug] [2026-3-31 15:08:43] The value of Progress is 95
[Debug] [2026-3-31 15:08:43] The value of Progress is 100
[Debug] [2026-3-31 15:08:43] COMMAND[Program] execute successfully, takes 8.4 secs.
[Debug] [2026-3-31 15:08:43] End to send programming cmd.
[Debug] [2026-3-31 15:08:43] Log::Print : The done bit is 1
[Debug] [2026-3-31 15:08:43] Log::Print : COMMAND[Program] execute successfully, takes 8.4 secs.
[Info] [2026-3-31 15:09:21] /***************************End Configration***************************/
[Info] [2026-3-31 15:09:23] /***************************Start Configuration***************************/
[Info] [2026-3-31 15:09:23] Path: C:/pango/PDS_2022.2-SP6.4/bin
[Info] [2026-3-31 15:09:23] Version: 146967
[Info] [2026-3-31 15:09:24] Current Path: C:/Users/Datou21/Desktop/PDS/cnn_usb_copy_0328/cnn_usb_copy/prj_pds
[Info] [2026-3-31 15:09:24] PDS Dir Path: C:/Users/Datou21/Desktop/PDS/cnn_usb_copy_0328/cnn_usb_copy/prj_pds
[Info] [2026-3-31 15:09:26] Configuration is not connect with server. connect first then scan chain.
[Debug] [2026-3-31 15:09:26] Client Local host name:DESKTOP-VB8TKRO
[Debug] [2026-3-31 15:09:26] Client Local Address:2.0.0.1
[Debug] [2026-3-31 15:09:26] Client Local Address:210.77.26.220
[Debug] [2026-3-31 15:09:26] Client Local Address:192.168.44.1
[Debug] [2026-3-31 15:09:26] Client Local Address:192.168.176.1
[Debug] [2026-3-31 15:09:26] Server Address:127.0.0.1, Port:65420
[Debug] [2026-3-31 15:09:26] Log::Print : Connecting to server[127.0.0.1 : 65420].
[Info] [2026-3-31 15:09:27] Connect OK, Server: 127.0.0.1  Port: 65420
[Debug] [2026-3-31 15:09:27] Finish.
[Info] [2026-3-31 15:09:27] Connect server succeeded
[Debug] [2026-3-31 15:09:27] Send RPC:1
[Debug] [2026-3-31 15:09:27] Send cmd [check version information:40004] OK
[Debug] [2026-3-31 15:09:27] Log::Print : Connect to server[127.0.0.1 : 65420] successfully.
[Debug] [2026-3-31 15:09:27] Send RPC:2
[Debug] [2026-3-31 15:09:27] Send cmd [get_cable_paras:40010] OK
[Debug] [2026-3-31 15:09:27] Begin to send initialize chain cmd...
[Debug] [2026-3-31 15:09:27] Send RPC:3
[Debug] [2026-3-31 15:09:27] Send cmd [Open config cable:20001] OK
[Debug] [2026-3-31 15:09:27] End to send initialize chain cmd.
[Debug] [2026-3-31 15:09:27] COMMAND[check version information] execute successfully, takes 0.4 secs.
[Debug] [2026-3-31 15:09:27] Log::Print : COMMAND[check version information] execute successfully, takes 0.4 secs.
[Debug] [2026-3-31 15:09:28] COMMAND[get_cable_paras] execute successfully, takes 1.1 secs.
[Debug] [2026-3-31 15:09:28] Log::Print : The cable List : 
Cable index 0:USB Cable II/fffffffffffffffe 

[Debug] [2026-3-31 15:09:28] Log::Print : COMMAND[get_cable_paras] execute successfully, takes 1.1 secs.
[Debug] [2026-3-31 15:09:29] begin the exec of open cable cmd...
[Debug] [2026-3-31 15:09:29] Begin to deal with chain from server...
[Debug] [2026-3-31 15:09:29] Begin to set user chain...
[Debug] [2026-3-31 15:09:29] End to set user chain.
[Debug] [2026-3-31 15:09:29] Begin to update graphic item and tree item ...
[Debug] [2026-3-31 15:09:29] End to update graphic item and tree item ...
[Debug] [2026-3-31 15:09:29] Log::Print : PANGO USB CABLE II cable driver: D2XX DLL
[Debug] [2026-3-31 15:09:29] Log::Print : PG2L200H
[Debug] [2026-3-31 15:09:29] Log::Print : This device configure situation (done bit): 1
[Info] [2026-3-31 15:09:37] set OpenLastPath: C:/Users/Datou21/Desktop/PDS/cnn_usb_copy_0328/cnn_usb_copy/prj_pds/generate_bitstream/hdmi_loop.sbit
[Debug] [2026-3-31 15:09:37] begin to get device info from CFG file...
[Debug] [2026-3-31 15:09:37] end to get device info from CFG file...
[Debug] [2026-3-31 15:09:37] Begin to update graphic item and tree item ...
[Debug] [2026-3-31 15:09:37] End to update graphic item and tree item ...
[Debug] [2026-3-31 15:09:37] Begin to update graphic item and tree item ...
[Debug] [2026-3-31 15:09:37] End to update graphic item and tree item ...
[Debug] [2026-3-31 15:09:37] End to deal wiht chain from server.
[Debug] [2026-3-31 15:09:37] end the exec of open cable cmd.
[Debug] [2026-3-31 15:09:37] COMMAND[Open config cable] execute successfully, takes 9.9 secs.
[Debug] [2026-3-31 15:09:37] Log::Print : COMMAND[Open config cable] execute successfully, takes 9.9 secs.
[Debug] [2026-3-31 15:09:39] Begin to send programming cmd...
[Debug] [2026-3-31 15:09:39] Send RPC:4
[Debug] [2026-3-31 15:09:39] Begin to send program data.
[Debug] [2026-3-31 15:09:39] End to send program data.
[Debug] [2026-3-31 15:09:39] Send cmd [Program:20002] OK
[Debug] [2026-3-31 15:09:40] The value of Progress is 6
[Debug] [2026-3-31 15:09:40] The value of Progress is 10
[Debug] [2026-3-31 15:09:40] The value of Progress is 15
[Debug] [2026-3-31 15:09:41] The value of Progress is 20
[Debug] [2026-3-31 15:09:41] The value of Progress is 25
[Debug] [2026-3-31 15:09:42] The value of Progress is 30
[Debug] [2026-3-31 15:09:42] The value of Progress is 35
[Debug] [2026-3-31 15:09:42] The value of Progress is 40
[Debug] [2026-3-31 15:09:43] The value of Progress is 45
[Debug] [2026-3-31 15:09:43] The value of Progress is 50
[Debug] [2026-3-31 15:09:43] The value of Progress is 55
[Debug] [2026-3-31 15:09:44] The value of Progress is 60
[Debug] [2026-3-31 15:09:44] The value of Progress is 65
[Debug] [2026-3-31 15:09:45] The value of Progress is 70
[Debug] [2026-3-31 15:09:45] The value of Progress is 75
[Debug] [2026-3-31 15:09:45] The value of Progress is 80
[Debug] [2026-3-31 15:09:46] The value of Progress is 85
[Debug] [2026-3-31 15:09:46] The value of Progress is 90
[Debug] [2026-3-31 15:09:46] The value of Progress is 95
[Debug] [2026-3-31 15:09:47] The value of Progress is 100
[Debug] [2026-3-31 15:09:47] COMMAND[Program] execute successfully, takes 8.4 secs.
[Debug] [2026-3-31 15:09:47] End to send programming cmd.
[Debug] [2026-3-31 15:09:47] Log::Print : The done bit is 1
[Debug] [2026-3-31 15:09:47] Log::Print : COMMAND[Program] execute successfully, takes 8.4 secs.
[Info] [2026-3-31 15:12:13] /***************************End Configration***************************/
[Info] [2026-3-31 15:39:53] /***************************Start Configuration***************************/
[Info] [2026-3-31 15:39:53] Path: C:/pango/PDS_2022.2-SP6.4/bin
[Info] [2026-3-31 15:39:53] Version: 146967
[Info] [2026-3-31 15:39:54] Current Path: C:/Users/Datou21/Desktop/PDS/cnn_usb_copy_0328/cnn_usb_copy/prj_pds
[Info] [2026-3-31 15:39:54] PDS Dir Path: C:/Users/Datou21/Desktop/PDS/cnn_usb_copy_0328/cnn_usb_copy/prj_pds
[Info] [2026-3-31 15:39:55] /***************************End Configration***************************/
[Info] [2026-3-31 15:55:26] /***************************Start Configuration***************************/
[Info] [2026-3-31 15:55:26] Path: C:/pango/PDS_2022.2-SP6.4/bin
[Info] [2026-3-31 15:55:26] Version: 146967
[Info] [2026-3-31 15:55:27] Current Path: C:/Users/Datou21/Desktop/PDS/cnn_usb_copy_0328/cnn_usb_copy/prj_pds
[Info] [2026-3-31 15:55:27] PDS Dir Path: C:/Users/Datou21/Desktop/PDS/cnn_usb_copy_0328/cnn_usb_copy/prj_pds
[Info] [2026-3-31 15:55:30] Configuration is not connect with server. connect first then scan chain.
[Debug] [2026-3-31 15:55:30] Client Local host name:DESKTOP-VB8TKRO
[Debug] [2026-3-31 15:55:30] Client Local Address:2.0.0.1
[Debug] [2026-3-31 15:55:30] Client Local Address:210.77.26.220
[Debug] [2026-3-31 15:55:30] Client Local Address:192.168.44.1
[Debug] [2026-3-31 15:55:30] Client Local Address:192.168.176.1
[Debug] [2026-3-31 15:55:30] Server Address:127.0.0.1, Port:65420
[Debug] [2026-3-31 15:55:30] Log::Print : Connecting to server[127.0.0.1 : 65420].
[Info] [2026-3-31 15:55:31] Connect OK, Server: 127.0.0.1  Port: 65420
[Debug] [2026-3-31 15:55:31] Finish.
[Info] [2026-3-31 15:55:31] Connect server succeeded
[Debug] [2026-3-31 15:55:31] Send RPC:1
[Debug] [2026-3-31 15:55:31] Send cmd [check version information:40004] OK
[Debug] [2026-3-31 15:55:31] Log::Print : Connect to server[127.0.0.1 : 65420] successfully.
[Debug] [2026-3-31 15:55:31] Send RPC:2
[Debug] [2026-3-31 15:55:31] Send cmd [get_cable_paras:40010] OK
[Debug] [2026-3-31 15:55:31] Begin to send initialize chain cmd...
[Debug] [2026-3-31 15:55:31] Send RPC:3
[Debug] [2026-3-31 15:55:31] Send cmd [Open config cable:20001] OK
[Debug] [2026-3-31 15:55:31] End to send initialize chain cmd.
[Debug] [2026-3-31 15:55:31] COMMAND[check version information] execute successfully, takes 0.4 secs.
[Debug] [2026-3-31 15:55:31] Log::Print : COMMAND[check version information] execute successfully, takes 0.4 secs.
[Debug] [2026-3-31 15:55:32] COMMAND[get_cable_paras] execute successfully, takes 1.1 secs.
[Debug] [2026-3-31 15:55:32] Log::Print : The cable List : 
Cable index 0:USB Cable II/fffffffffffffffe 

[Debug] [2026-3-31 15:55:32] Log::Print : COMMAND[get_cable_paras] execute successfully, takes 1.1 secs.
[Debug] [2026-3-31 15:55:33] begin the exec of open cable cmd...
[Debug] [2026-3-31 15:55:33] Begin to deal with chain from server...
[Debug] [2026-3-31 15:55:33] Begin to set user chain...
[Debug] [2026-3-31 15:55:33] End to set user chain.
[Debug] [2026-3-31 15:55:33] Begin to update graphic item and tree item ...
[Debug] [2026-3-31 15:55:33] End to update graphic item and tree item ...
[Debug] [2026-3-31 15:55:33] Log::Print : PANGO USB CABLE II cable driver: D2XX DLL
[Debug] [2026-3-31 15:55:33] Log::Print : PG2L200H
[Debug] [2026-3-31 15:55:33] Log::Print : This device configure situation (done bit): 0
[Debug] [2026-3-31 15:55:41] selected file name is empty and ignore.
[Debug] [2026-3-31 15:55:41] Begin to update graphic item and tree item ...
[Debug] [2026-3-31 15:55:41] End to update graphic item and tree item ...
[Debug] [2026-3-31 15:55:41] End to deal wiht chain from server.
[Debug] [2026-3-31 15:55:41] end the exec of open cable cmd.
[Debug] [2026-3-31 15:55:41] COMMAND[Open config cable] execute successfully, takes 9.8 secs.
[Debug] [2026-3-31 15:55:41] Log::Print : COMMAND[Open config cable] execute successfully, takes 9.8 secs.
[Info] [2026-3-31 15:55:42] /***************************End Configration***************************/
[Info] [2026-3-31 16:24:44] /***************************Start Configuration***************************/
[Info] [2026-3-31 16:24:44] Path: C:/pango/PDS_2022.2-SP6.4/bin
[Info] [2026-3-31 16:24:44] Version: 146967
[Info] [2026-3-31 16:24:45] Current Path: C:/Users/Datou21/Desktop/PDS/cnn_usb_copy_0328/cnn_usb_copy/prj_pds
[Info] [2026-3-31 16:24:45] PDS Dir Path: C:/Users/Datou21/Desktop/PDS/cnn_usb_copy_0328/cnn_usb_copy/prj_pds
[Info] [2026-3-31 16:24:47] Configuration is not connect with server. connect first then scan chain.
[Debug] [2026-3-31 16:24:47] Client Local host name:DESKTOP-VB8TKRO
[Debug] [2026-3-31 16:24:47] Client Local Address:2.0.0.1
[Debug] [2026-3-31 16:24:47] Client Local Address:210.77.26.220
[Debug] [2026-3-31 16:24:47] Client Local Address:192.168.44.1
[Debug] [2026-3-31 16:24:47] Client Local Address:192.168.176.1
[Debug] [2026-3-31 16:24:47] Server Address:127.0.0.1, Port:65420
[Debug] [2026-3-31 16:24:47] Log::Print : Connecting to server[127.0.0.1 : 65420].
[Info] [2026-3-31 16:24:48] Connect OK, Server: 127.0.0.1  Port: 65420
[Debug] [2026-3-31 16:24:48] Finish.
[Info] [2026-3-31 16:24:48] Connect server succeeded
[Debug] [2026-3-31 16:24:48] Send RPC:1
[Debug] [2026-3-31 16:24:48] Send cmd [check version information:40004] OK
[Debug] [2026-3-31 16:24:48] Log::Print : Connect to server[127.0.0.1 : 65420] successfully.
[Debug] [2026-3-31 16:24:48] Send RPC:2
[Debug] [2026-3-31 16:24:48] Send cmd [get_cable_paras:40010] OK
[Debug] [2026-3-31 16:24:48] Begin to send initialize chain cmd...
[Debug] [2026-3-31 16:24:48] Begin to send cmd of scanning flash device on board
[Debug] [2026-3-31 16:24:48] Send RPC:3
[Debug] [2026-3-31 16:24:48] Send cmd [Scan SPI Device On Board:20100] OK
[Debug] [2026-3-31 16:24:48] End to send cmd of scanning flash device on board
[Debug] [2026-3-31 16:24:48] End to send initialize chain cmd.
[Debug] [2026-3-31 16:24:48] COMMAND[check version information] execute successfully, takes 0.4 secs.
[Debug] [2026-3-31 16:24:48] Log::Print : COMMAND[check version information] execute successfully, takes 0.4 secs.
[Debug] [2026-3-31 16:24:49] COMMAND[get_cable_paras] execute successfully, takes 1.1 secs.
[Debug] [2026-3-31 16:24:49] Log::Print : The cable List : 
Cable index 0:USB Cable II/fffffffffffffffe 

[Debug] [2026-3-31 16:24:49] Log::Print : COMMAND[get_cable_paras] execute successfully, takes 1.1 secs.
[Debug] [2026-3-31 16:24:56] begin to scan flash device.
[Error] [2026-3-31 16:24:56] fail to exec Scan SPI Device On Board cmd...
[Debug] [2026-3-31 16:24:56] Log::Print : PANGO USB CABLE II cable driver: D2XX DLL
[Error] [2026-3-31 16:24:56] MsgOut: JtagServer-0335: No flash device detected, please check whether the cable is connected correctly, including independent power supply and ground, reset and SPI interface. In addition, you can also try to reduce the clock frequency of cable or replace with other cable.
[Error] [2026-3-31 16:24:56] MsgOut: Configuration-0008: The command 'Scan SPI Device On Board' execute fail.
[Debug] [2026-3-31 16:24:56] Begin to send initialize chain cmd...
[Debug] [2026-3-31 16:24:56] Send RPC:4
[Debug] [2026-3-31 16:24:56] Send cmd [Open config cable:20001] OK
[Debug] [2026-3-31 16:24:56] End to send initialize chain cmd.
[Debug] [2026-3-31 16:24:57] begin the exec of open cable cmd...
[Debug] [2026-3-31 16:24:57] Begin to deal with chain from server...
[Debug] [2026-3-31 16:24:57] Begin to set user chain...
[Debug] [2026-3-31 16:24:57] End to set user chain.
[Debug] [2026-3-31 16:24:57] Begin to update graphic item and tree item ...
[Debug] [2026-3-31 16:24:57] End to update graphic item and tree item ...
[Debug] [2026-3-31 16:24:57] Log::Print : PANGO USB CABLE II cable driver: D2XX DLL
[Debug] [2026-3-31 16:24:57] Log::Print : PG2L200H
[Debug] [2026-3-31 16:24:57] Log::Print : This device configure situation (done bit): 1
[Info] [2026-3-31 16:24:58] set OpenLastPath: C:/Users/Datou21/Desktop/PDS/cnn_usb_copy_0328/cnn_usb_copy/prj_pds/generate_bitstream/hdmi_loop.sbit
[Debug] [2026-3-31 16:24:58] begin to get device info from CFG file...
[Debug] [2026-3-31 16:24:58] end to get device info from CFG file...
[Debug] [2026-3-31 16:24:58] Begin to update graphic item and tree item ...
[Debug] [2026-3-31 16:24:58] End to update graphic item and tree item ...
[Debug] [2026-3-31 16:24:58] Begin to update graphic item and tree item ...
[Debug] [2026-3-31 16:24:58] End to update graphic item and tree item ...
[Debug] [2026-3-31 16:24:58] End to deal wiht chain from server.
[Debug] [2026-3-31 16:24:58] end the exec of open cable cmd.
[Debug] [2026-3-31 16:24:58] COMMAND[Open config cable] execute successfully, takes 2.2 secs.
[Debug] [2026-3-31 16:24:58] Log::Print : COMMAND[Open config cable] execute successfully, takes 2.2 secs.
[Debug] [2026-3-31 16:25:00] Begin to send programming cmd...
[Debug] [2026-3-31 16:25:00] Send RPC:5
[Debug] [2026-3-31 16:25:00] Begin to send program data.
[Debug] [2026-3-31 16:25:00] End to send program data.
[Debug] [2026-3-31 16:25:00] Send cmd [Program:20002] OK
[Debug] [2026-3-31 16:25:01] The value of Progress is 6
[Debug] [2026-3-31 16:25:01] The value of Progress is 10
[Debug] [2026-3-31 16:25:02] The value of Progress is 15
[Debug] [2026-3-31 16:25:02] The value of Progress is 20
[Debug] [2026-3-31 16:25:03] The value of Progress is 25
[Debug] [2026-3-31 16:25:03] The value of Progress is 30
[Debug] [2026-3-31 16:25:03] The value of Progress is 35
[Debug] [2026-3-31 16:25:04] The value of Progress is 40
[Debug] [2026-3-31 16:25:04] The value of Progress is 45
[Debug] [2026-3-31 16:25:04] The value of Progress is 50
[Debug] [2026-3-31 16:25:05] The value of Progress is 55
[Debug] [2026-3-31 16:25:05] The value of Progress is 60
[Debug] [2026-3-31 16:25:06] The value of Progress is 65
[Debug] [2026-3-31 16:25:06] The value of Progress is 70
[Debug] [2026-3-31 16:25:06] The value of Progress is 75
[Debug] [2026-3-31 16:25:07] The value of Progress is 80
[Debug] [2026-3-31 16:25:07] The value of Progress is 85
[Debug] [2026-3-31 16:25:08] The value of Progress is 90
[Debug] [2026-3-31 16:25:08] The value of Progress is 95
[Debug] [2026-3-31 16:25:08] The value of Progress is 100
[Debug] [2026-3-31 16:25:09] COMMAND[Program] execute successfully, takes 8.4 secs.
[Debug] [2026-3-31 16:25:09] End to send programming cmd.
[Debug] [2026-3-31 16:25:09] Log::Print : The done bit is 1
[Debug] [2026-3-31 16:25:09] Log::Print : COMMAND[Program] execute successfully, takes 8.4 secs.
[Info] [2026-3-31 16:25:25] /***************************End Configration***************************/
[Info] [2026-3-31 17:15:09] /***************************Start Configuration***************************/
[Info] [2026-3-31 17:15:09] Path: C:/pango/PDS_2022.2-SP6.4/bin
[Info] [2026-3-31 17:15:09] Version: 146967
[Info] [2026-3-31 17:15:10] Current Path: C:/Users/Datou21/Desktop/PDS/cnn_usb_copy_0328/cnn_usb_copy/prj_pds
[Info] [2026-3-31 17:15:10] PDS Dir Path: C:/Users/Datou21/Desktop/PDS/cnn_usb_copy_0328/cnn_usb_copy/prj_pds
[Info] [2026-3-31 17:15:12] Configuration is not connect with server. connect first then scan chain.
[Debug] [2026-3-31 17:15:12] Client Local host name:DESKTOP-VB8TKRO
[Debug] [2026-3-31 17:15:12] Client Local Address:2.0.0.1
[Debug] [2026-3-31 17:15:12] Client Local Address:210.77.26.220
[Debug] [2026-3-31 17:15:12] Client Local Address:192.168.44.1
[Debug] [2026-3-31 17:15:12] Client Local Address:192.168.176.1
[Debug] [2026-3-31 17:15:12] Server Address:127.0.0.1, Port:65420
[Debug] [2026-3-31 17:15:12] Log::Print : Connecting to server[127.0.0.1 : 65420].
[Info] [2026-3-31 17:15:12] Connect OK, Server: 127.0.0.1  Port: 65420
[Debug] [2026-3-31 17:15:12] Finish.
[Info] [2026-3-31 17:15:12] Connect server succeeded
[Debug] [2026-3-31 17:15:12] Send RPC:1
[Debug] [2026-3-31 17:15:12] Send cmd [check version information:40004] OK
[Debug] [2026-3-31 17:15:12] Log::Print : Connect to server[127.0.0.1 : 65420] successfully.
[Debug] [2026-3-31 17:15:13] Send RPC:2
[Debug] [2026-3-31 17:15:13] Send cmd [get_cable_paras:40010] OK
[Debug] [2026-3-31 17:15:13] Begin to send initialize chain cmd...
[Debug] [2026-3-31 17:15:13] Send RPC:3
[Debug] [2026-3-31 17:15:13] Send cmd [Open config cable:20001] OK
[Debug] [2026-3-31 17:15:13] End to send initialize chain cmd.
[Debug] [2026-3-31 17:15:13] COMMAND[check version information] execute successfully, takes 0.4 secs.
[Debug] [2026-3-31 17:15:13] Log::Print : COMMAND[check version information] execute successfully, takes 0.4 secs.
[Debug] [2026-3-31 17:15:14] COMMAND[get_cable_paras] execute successfully, takes 1.1 secs.
[Debug] [2026-3-31 17:15:14] Log::Print : The cable List : 
Cable index 0:USB Cable II/fffffffffffffffe 

[Debug] [2026-3-31 17:15:14] Log::Print : COMMAND[get_cable_paras] execute successfully, takes 1.1 secs.
[Debug] [2026-3-31 17:15:14] begin the exec of open cable cmd...
[Debug] [2026-3-31 17:15:14] Begin to deal with chain from server...
[Debug] [2026-3-31 17:15:14] Begin to set user chain...
[Debug] [2026-3-31 17:15:14] End to set user chain.
[Debug] [2026-3-31 17:15:14] Begin to update graphic item and tree item ...
[Debug] [2026-3-31 17:15:14] End to update graphic item and tree item ...
[Debug] [2026-3-31 17:15:15] Log::Print : PANGO USB CABLE II cable driver: D2XX DLL
[Debug] [2026-3-31 17:15:15] Log::Print : PG2L200H
[Debug] [2026-3-31 17:15:15] Log::Print : This device configure situation (done bit): 0
[Info] [2026-3-31 17:15:17] set OpenLastPath: C:/Users/Datou21/Desktop/PDS/cnn_usb_copy_0328/cnn_usb_copy/prj_pds/generate_bitstream/hdmi_loop.sbit
[Debug] [2026-3-31 17:15:17] begin to get device info from CFG file...
[Debug] [2026-3-31 17:15:17] end to get device info from CFG file...
[Debug] [2026-3-31 17:15:17] Begin to update graphic item and tree item ...
[Debug] [2026-3-31 17:15:17] End to update graphic item and tree item ...
[Debug] [2026-3-31 17:15:17] Begin to update graphic item and tree item ...
[Debug] [2026-3-31 17:15:17] End to update graphic item and tree item ...
[Debug] [2026-3-31 17:15:17] End to deal wiht chain from server.
[Debug] [2026-3-31 17:15:17] end the exec of open cable cmd.
[Debug] [2026-3-31 17:15:17] COMMAND[Open config cable] execute successfully, takes 3.9 secs.
[Debug] [2026-3-31 17:15:17] Log::Print : COMMAND[Open config cable] execute successfully, takes 3.9 secs.
[Debug] [2026-3-31 17:15:18] Begin to send programming cmd...
[Debug] [2026-3-31 17:15:18] Send RPC:4
[Debug] [2026-3-31 17:15:18] Begin to send program data.
[Debug] [2026-3-31 17:15:18] End to send program data.
[Debug] [2026-3-31 17:15:18] Send cmd [Program:20002] OK
[Debug] [2026-3-31 17:15:19] The value of Progress is 6
[Debug] [2026-3-31 17:15:19] The value of Progress is 10
[Debug] [2026-3-31 17:15:20] The value of Progress is 15
[Debug] [2026-3-31 17:15:20] The value of Progress is 20
[Debug] [2026-3-31 17:15:20] The value of Progress is 25
[Debug] [2026-3-31 17:15:21] The value of Progress is 30
[Debug] [2026-3-31 17:15:21] The value of Progress is 35
[Debug] [2026-3-31 17:15:22] The value of Progress is 40
[Debug] [2026-3-31 17:15:22] The value of Progress is 45
[Debug] [2026-3-31 17:15:22] The value of Progress is 50
[Debug] [2026-3-31 17:15:23] The value of Progress is 55
[Debug] [2026-3-31 17:15:23] The value of Progress is 60
[Debug] [2026-3-31 17:15:23] The value of Progress is 65
[Debug] [2026-3-31 17:15:24] The value of Progress is 70
[Debug] [2026-3-31 17:15:24] The value of Progress is 75
[Debug] [2026-3-31 17:15:25] The value of Progress is 80
[Debug] [2026-3-31 17:15:25] The value of Progress is 85
[Debug] [2026-3-31 17:15:25] The value of Progress is 90
[Debug] [2026-3-31 17:15:26] The value of Progress is 95
[Debug] [2026-3-31 17:15:26] The value of Progress is 100
[Debug] [2026-3-31 17:15:26] COMMAND[Program] execute successfully, takes 8.4 secs.
[Debug] [2026-3-31 17:15:26] End to send programming cmd.
[Debug] [2026-3-31 17:15:26] Log::Print : The done bit is 1
[Debug] [2026-3-31 17:15:26] Log::Print : COMMAND[Program] execute successfully, takes 8.4 secs.
[Info] [2026-3-31 17:15:48] /***************************End Configration***************************/
[Info] [2026-3-31 19:00:58] /***************************Start Configuration***************************/
[Info] [2026-3-31 19:00:58] Path: C:/pango/PDS_2022.2-SP6.4/bin
[Info] [2026-3-31 19:00:58] Version: 146967
[Info] [2026-3-31 19:00:59] Current Path: C:/Users/Datou21/Desktop/PDS/cnn_usb_copy_0328/cnn_usb_copy/prj_pds
[Info] [2026-3-31 19:00:59] PDS Dir Path: C:/Users/Datou21/Desktop/PDS/cnn_usb_copy_0328/cnn_usb_copy/prj_pds
[Info] [2026-3-31 19:01:01] Configuration is not connect with server. connect first then scan chain.
[Debug] [2026-3-31 19:01:01] Client Local host name:DESKTOP-VB8TKRO
[Debug] [2026-3-31 19:01:01] Client Local Address:2.0.0.1
[Debug] [2026-3-31 19:01:01] Client Local Address:210.77.26.220
[Debug] [2026-3-31 19:01:01] Client Local Address:192.168.44.1
[Debug] [2026-3-31 19:01:01] Client Local Address:192.168.176.1
[Debug] [2026-3-31 19:01:01] Server Address:127.0.0.1, Port:65420
[Debug] [2026-3-31 19:01:01] Log::Print : Connecting to server[127.0.0.1 : 65420].
[Info] [2026-3-31 19:01:01] Connect OK, Server: 127.0.0.1  Port: 65420
[Debug] [2026-3-31 19:01:01] Finish.
[Info] [2026-3-31 19:01:01] Connect server succeeded
[Debug] [2026-3-31 19:01:01] Send RPC:1
[Debug] [2026-3-31 19:01:01] Send cmd [check version information:40004] OK
[Debug] [2026-3-31 19:01:01] Log::Print : Connect to server[127.0.0.1 : 65420] successfully.
[Debug] [2026-3-31 19:01:02] Send RPC:2
[Debug] [2026-3-31 19:01:02] Send cmd [get_cable_paras:40010] OK
[Debug] [2026-3-31 19:01:02] Begin to send initialize chain cmd...
[Debug] [2026-3-31 19:01:02] Send RPC:3
[Debug] [2026-3-31 19:01:02] Send cmd [Open config cable:20001] OK
[Debug] [2026-3-31 19:01:02] End to send initialize chain cmd.
[Debug] [2026-3-31 19:01:02] COMMAND[check version information] execute successfully, takes 0.4 secs.
[Debug] [2026-3-31 19:01:02] Log::Print : COMMAND[check version information] execute successfully, takes 0.4 secs.
[Debug] [2026-3-31 19:01:03] COMMAND[get_cable_paras] execute successfully, takes 1.1 secs.
[Debug] [2026-3-31 19:01:03] Log::Print : The cable List : 
Cable index 0:USB Cable II/fffffffffffffffe 

[Debug] [2026-3-31 19:01:03] Log::Print : COMMAND[get_cable_paras] execute successfully, takes 1.1 secs.
[Debug] [2026-3-31 19:01:03] begin the exec of open cable cmd...
[Debug] [2026-3-31 19:01:03] Begin to deal with chain from server...
[Debug] [2026-3-31 19:01:03] Begin to set user chain...
[Debug] [2026-3-31 19:01:03] End to set user chain.
[Debug] [2026-3-31 19:01:03] Begin to update graphic item and tree item ...
[Debug] [2026-3-31 19:01:03] End to update graphic item and tree item ...
[Debug] [2026-3-31 19:01:03] Log::Print : PANGO USB CABLE II cable driver: D2XX DLL
[Debug] [2026-3-31 19:01:03] Log::Print : PG2L200H
[Debug] [2026-3-31 19:01:03] Log::Print : This device configure situation (done bit): 1
[Info] [2026-3-31 19:01:05] set OpenLastPath: C:/Users/Datou21/Desktop/PDS/cnn_usb_copy_0328/cnn_usb_copy/prj_pds/generate_bitstream/hdmi_loop.sbit
[Debug] [2026-3-31 19:01:05] begin to get device info from CFG file...
[Debug] [2026-3-31 19:01:05] end to get device info from CFG file...
[Debug] [2026-3-31 19:01:05] Begin to update graphic item and tree item ...
[Debug] [2026-3-31 19:01:05] End to update graphic item and tree item ...
[Debug] [2026-3-31 19:01:05] Begin to update graphic item and tree item ...
[Debug] [2026-3-31 19:01:05] End to update graphic item and tree item ...
[Debug] [2026-3-31 19:01:05] End to deal wiht chain from server.
[Debug] [2026-3-31 19:01:05] end the exec of open cable cmd.
[Debug] [2026-3-31 19:01:05] COMMAND[Open config cable] execute successfully, takes 3.5 secs.
[Debug] [2026-3-31 19:01:05] Log::Print : COMMAND[Open config cable] execute successfully, takes 3.5 secs.
[Debug] [2026-3-31 19:01:06] Begin to send programming cmd...
[Debug] [2026-3-31 19:01:06] Send RPC:4
[Debug] [2026-3-31 19:01:06] Begin to send program data.
[Debug] [2026-3-31 19:01:06] End to send program data.
[Debug] [2026-3-31 19:01:06] Send cmd [Program:20002] OK
[Debug] [2026-3-31 19:01:07] The value of Progress is 6
[Debug] [2026-3-31 19:01:07] The value of Progress is 10
[Debug] [2026-3-31 19:01:08] The value of Progress is 15
[Debug] [2026-3-31 19:01:08] The value of Progress is 20
[Debug] [2026-3-31 19:01:09] The value of Progress is 25
[Debug] [2026-3-31 19:01:09] The value of Progress is 30
[Debug] [2026-3-31 19:01:09] The value of Progress is 35
[Debug] [2026-3-31 19:01:10] The value of Progress is 40
[Debug] [2026-3-31 19:01:10] The value of Progress is 45
[Debug] [2026-3-31 19:01:10] The value of Progress is 50
[Debug] [2026-3-31 19:01:11] The value of Progress is 55
[Debug] [2026-3-31 19:01:11] The value of Progress is 60
[Debug] [2026-3-31 19:01:12] The value of Progress is 65
[Debug] [2026-3-31 19:01:12] The value of Progress is 70
[Debug] [2026-3-31 19:01:12] The value of Progress is 75
[Debug] [2026-3-31 19:01:13] The value of Progress is 80
[Debug] [2026-3-31 19:01:13] The value of Progress is 85
[Debug] [2026-3-31 19:01:14] The value of Progress is 90
[Debug] [2026-3-31 19:01:14] The value of Progress is 95
[Debug] [2026-3-31 19:01:14] The value of Progress is 100
[Debug] [2026-3-31 19:01:15] COMMAND[Program] execute successfully, takes 8.4 secs.
[Debug] [2026-3-31 19:01:15] End to send programming cmd.
[Debug] [2026-3-31 19:01:15] Log::Print : The done bit is 1
[Debug] [2026-3-31 19:01:15] Log::Print : COMMAND[Program] execute successfully, takes 8.4 secs.
[Info] [2026-3-31 19:01:46] /***************************End Configration***************************/
[Info] [2026-3-31 20:24:19] /***************************Start Configuration***************************/
[Info] [2026-3-31 20:24:19] Path: C:/pango/PDS_2022.2-SP6.4/bin
[Info] [2026-3-31 20:24:19] Version: 146967
[Info] [2026-3-31 20:24:20] Current Path: C:/Users/Datou21/Desktop/PDS/cnn_usb_copy_0328/cnn_usb_copy/prj_pds
[Info] [2026-3-31 20:24:20] PDS Dir Path: C:/Users/Datou21/Desktop/PDS/cnn_usb_copy_0328/cnn_usb_copy/prj_pds
[Info] [2026-3-31 20:24:23] Configuration is not connect with server. connect first then scan chain.
[Debug] [2026-3-31 20:24:23] Client Local host name:DESKTOP-VB8TKRO
[Debug] [2026-3-31 20:24:23] Client Local Address:2.0.0.1
[Debug] [2026-3-31 20:24:23] Client Local Address:210.77.26.220
[Debug] [2026-3-31 20:24:23] Client Local Address:192.168.44.1
[Debug] [2026-3-31 20:24:23] Client Local Address:192.168.176.1
[Debug] [2026-3-31 20:24:23] Server Address:127.0.0.1, Port:65420
[Debug] [2026-3-31 20:24:23] Log::Print : Connecting to server[127.0.0.1 : 65420].
[Info] [2026-3-31 20:24:24] Connect OK, Server: 127.0.0.1  Port: 65420
[Debug] [2026-3-31 20:24:24] Finish.
[Info] [2026-3-31 20:24:24] Connect server succeeded
[Debug] [2026-3-31 20:24:24] Send RPC:1
[Debug] [2026-3-31 20:24:24] Send cmd [check version information:40004] OK
[Debug] [2026-3-31 20:24:24] Log::Print : Connect to server[127.0.0.1 : 65420] successfully.
[Debug] [2026-3-31 20:24:24] Send RPC:2
[Debug] [2026-3-31 20:24:24] Send cmd [get_cable_paras:40010] OK
[Debug] [2026-3-31 20:24:24] Begin to send initialize chain cmd...
[Debug] [2026-3-31 20:24:24] Send RPC:3
[Debug] [2026-3-31 20:24:24] Send cmd [Open config cable:20001] OK
[Debug] [2026-3-31 20:24:24] End to send initialize chain cmd.
[Debug] [2026-3-31 20:24:24] COMMAND[check version information] execute successfully, takes 0.5 secs.
[Debug] [2026-3-31 20:24:24] Log::Print : COMMAND[check version information] execute successfully, takes 0.5 secs.
[Debug] [2026-3-31 20:24:25] COMMAND[get_cable_paras] execute successfully, takes 1.2 secs.
[Debug] [2026-3-31 20:24:25] Log::Print : The cable List : 
Cable index 0:USB Cable II/fffffffffffffffe 

[Debug] [2026-3-31 20:24:25] Log::Print : COMMAND[get_cable_paras] execute successfully, takes 1.2 secs.
[Info] [2026-3-31 20:24:27] /***************************End Configration***************************/
[Info] [2026-3-31 22:01:24] /***************************Start Configuration***************************/
[Info] [2026-3-31 22:01:24] Path: C:/pango/PDS_2022.2-SP6.4/bin
[Info] [2026-3-31 22:01:24] Version: 146967
[Info] [2026-3-31 22:01:25] Current Path: C:/Users/Datou21/Desktop/PDS/cnn_usb_copy_0328/cnn_usb_copy/prj_pds
[Info] [2026-3-31 22:01:25] PDS Dir Path: C:/Users/Datou21/Desktop/PDS/cnn_usb_copy_0328/cnn_usb_copy/prj_pds
[Info] [2026-3-31 22:01:28] /***************************End Configration***************************/
[Info] [2026-4-1 11:57:42] /***************************Start Configuration***************************/
[Info] [2026-4-1 11:57:42] Path: C:/pango/PDS_2022.2-SP6.4/bin
[Info] [2026-4-1 11:57:42] Version: 146967
[Info] [2026-4-1 11:57:43] Current Path: C:/Users/Datou21/Desktop/PDS/cnn_usb_copy_0328/cnn_usb_copy/prj_pds
[Info] [2026-4-1 11:57:43] PDS Dir Path: C:/Users/Datou21/Desktop/PDS/cnn_usb_copy_0328/cnn_usb_copy/prj_pds
[Info] [2026-4-1 11:57:46] /***************************End Configration***************************/
[Info] [2026-4-1 11:58:36] /***************************Start Configuration***************************/
[Info] [2026-4-1 11:58:36] Path: C:/pango/PDS_2022.2-SP6.4/bin
[Info] [2026-4-1 11:58:36] Version: 146967
[Info] [2026-4-1 11:58:37] Current Path: C:/Users/Datou21/Desktop/PDS/cnn_usb_copy_0328/cnn_usb_copy/prj_pds
[Info] [2026-4-1 11:58:37] PDS Dir Path: C:/Users/Datou21/Desktop/PDS/cnn_usb_copy_0328/cnn_usb_copy/prj_pds
[Info] [2026-4-1 11:58:39] Configuration is not connect with server. connect first then scan chain.
[Debug] [2026-4-1 11:58:39] Client Local host name:DESKTOP-VB8TKRO
[Debug] [2026-4-1 11:58:39] Client Local Address:2.0.0.1
[Debug] [2026-4-1 11:58:39] Client Local Address:210.77.26.220
[Debug] [2026-4-1 11:58:39] Client Local Address:192.168.44.1
[Debug] [2026-4-1 11:58:39] Client Local Address:192.168.176.1
[Debug] [2026-4-1 11:58:39] Server Address:127.0.0.1, Port:65420
[Debug] [2026-4-1 11:58:39] Log::Print : Connecting to server[127.0.0.1 : 65420].
[Info] [2026-4-1 11:58:39] Connect OK, Server: 127.0.0.1  Port: 65420
[Debug] [2026-4-1 11:58:39] Finish.
[Info] [2026-4-1 11:58:39] Connect server succeeded
[Debug] [2026-4-1 11:58:39] Send RPC:1
[Debug] [2026-4-1 11:58:39] Send cmd [check version information:40004] OK
[Debug] [2026-4-1 11:58:39] Log::Print : Connect to server[127.0.0.1 : 65420] successfully.
[Debug] [2026-4-1 11:58:40] Send RPC:2
[Debug] [2026-4-1 11:58:40] Send cmd [get_cable_paras:40010] OK
[Debug] [2026-4-1 11:58:40] Begin to send initialize chain cmd...
[Debug] [2026-4-1 11:58:40] Send RPC:3
[Debug] [2026-4-1 11:58:40] Send cmd [Open config cable:20001] OK
[Debug] [2026-4-1 11:58:40] End to send initialize chain cmd.
[Debug] [2026-4-1 11:58:40] COMMAND[check version information] execute successfully, takes 0.5 secs.
[Debug] [2026-4-1 11:58:40] Log::Print : COMMAND[check version information] execute successfully, takes 0.5 secs.
[Debug] [2026-4-1 11:58:41] COMMAND[get_cable_paras] execute successfully, takes 1.1 secs.
[Debug] [2026-4-1 11:58:41] Log::Print : The cable List : 
Cable index 0:USB Cable II/fffffffffffffffe 

[Debug] [2026-4-1 11:58:41] Log::Print : COMMAND[get_cable_paras] execute successfully, takes 1.1 secs.
[Debug] [2026-4-1 11:58:42] begin the exec of open cable cmd...
[Debug] [2026-4-1 11:58:42] Begin to deal with chain from server...
[Debug] [2026-4-1 11:58:42] Begin to set user chain...
[Debug] [2026-4-1 11:58:42] End to set user chain.
[Debug] [2026-4-1 11:58:42] Begin to update graphic item and tree item ...
[Debug] [2026-4-1 11:58:42] End to update graphic item and tree item ...
[Debug] [2026-4-1 11:58:42] Log::Print : PANGO USB CABLE II cable driver: D2XX DLL
[Debug] [2026-4-1 11:58:42] Log::Print : PG2L200H
[Debug] [2026-4-1 11:58:42] Log::Print : This device configure situation (done bit): 0
[Info] [2026-4-1 11:58:43] set OpenLastPath: C:/Users/Datou21/Desktop/PDS/cnn_usb_copy_0328/cnn_usb_copy/prj_pds/generate_bitstream/hdmi_loop.sbit
[Debug] [2026-4-1 11:58:43] begin to get device info from CFG file...
[Debug] [2026-4-1 11:58:43] end to get device info from CFG file...
[Debug] [2026-4-1 11:58:43] Begin to update graphic item and tree item ...
[Debug] [2026-4-1 11:58:43] End to update graphic item and tree item ...
[Debug] [2026-4-1 11:58:43] Begin to update graphic item and tree item ...
[Debug] [2026-4-1 11:58:43] End to update graphic item and tree item ...
[Debug] [2026-4-1 11:58:43] End to deal wiht chain from server.
[Debug] [2026-4-1 11:58:43] end the exec of open cable cmd.
[Debug] [2026-4-1 11:58:43] COMMAND[Open config cable] execute successfully, takes 2.9 secs.
[Debug] [2026-4-1 11:58:43] Log::Print : COMMAND[Open config cable] execute successfully, takes 2.9 secs.
[Debug] [2026-4-1 11:58:44] Begin to send programming cmd...
[Debug] [2026-4-1 11:58:44] Send RPC:4
[Debug] [2026-4-1 11:58:44] Begin to send program data.
[Debug] [2026-4-1 11:58:44] End to send program data.
[Debug] [2026-4-1 11:58:44] Send cmd [Program:20002] OK
[Debug] [2026-4-1 11:58:45] The value of Progress is 6
[Debug] [2026-4-1 11:58:45] The value of Progress is 10
[Debug] [2026-4-1 11:58:46] The value of Progress is 15
[Debug] [2026-4-1 11:58:46] The value of Progress is 20
[Debug] [2026-4-1 11:58:46] The value of Progress is 25
[Debug] [2026-4-1 11:58:47] The value of Progress is 30
[Debug] [2026-4-1 11:58:47] The value of Progress is 35
[Debug] [2026-4-1 11:58:47] The value of Progress is 40
[Debug] [2026-4-1 11:58:48] The value of Progress is 45
[Debug] [2026-4-1 11:58:48] The value of Progress is 50
[Debug] [2026-4-1 11:58:49] The value of Progress is 55
[Debug] [2026-4-1 11:58:49] The value of Progress is 60
[Debug] [2026-4-1 11:58:49] The value of Progress is 65
[Debug] [2026-4-1 11:58:50] The value of Progress is 70
[Debug] [2026-4-1 11:58:50] The value of Progress is 75
[Debug] [2026-4-1 11:58:51] The value of Progress is 80
[Debug] [2026-4-1 11:58:51] The value of Progress is 85
[Debug] [2026-4-1 11:58:51] The value of Progress is 90
[Debug] [2026-4-1 11:58:52] The value of Progress is 95
[Debug] [2026-4-1 11:58:52] The value of Progress is 100
[Debug] [2026-4-1 11:58:52] COMMAND[Program] execute successfully, takes 8.4 secs.
[Debug] [2026-4-1 11:58:52] End to send programming cmd.
[Debug] [2026-4-1 11:58:52] Log::Print : The done bit is 1
[Debug] [2026-4-1 11:58:52] Log::Print : COMMAND[Program] execute successfully, takes 8.4 secs.
[Debug] [2026-4-1 11:59:01] Begin to send programming cmd...
[Debug] [2026-4-1 11:59:01] Send RPC:5
[Debug] [2026-4-1 11:59:01] Begin to send program data.
[Debug] [2026-4-1 11:59:01] End to send program data.
[Debug] [2026-4-1 11:59:01] Send cmd [Program:20002] OK
[Debug] [2026-4-1 11:59:02] The value of Progress is 6
[Debug] [2026-4-1 11:59:02] The value of Progress is 10
[Debug] [2026-4-1 11:59:02] The value of Progress is 15
[Debug] [2026-4-1 11:59:03] The value of Progress is 20
[Debug] [2026-4-1 11:59:03] The value of Progress is 25
[Debug] [2026-4-1 11:59:04] The value of Progress is 30
[Debug] [2026-4-1 11:59:04] The value of Progress is 35
[Debug] [2026-4-1 11:59:04] The value of Progress is 40
[Debug] [2026-4-1 11:59:05] The value of Progress is 45
[Debug] [2026-4-1 11:59:05] The value of Progress is 50
[Debug] [2026-4-1 11:59:05] The value of Progress is 55
[Debug] [2026-4-1 11:59:06] The value of Progress is 60
[Debug] [2026-4-1 11:59:06] The value of Progress is 65
[Debug] [2026-4-1 11:59:07] The value of Progress is 70
[Debug] [2026-4-1 11:59:07] The value of Progress is 75
[Debug] [2026-4-1 11:59:07] The value of Progress is 80
[Debug] [2026-4-1 11:59:08] The value of Progress is 85
[Debug] [2026-4-1 11:59:08] The value of Progress is 90
[Debug] [2026-4-1 11:59:08] The value of Progress is 95
[Debug] [2026-4-1 11:59:09] The value of Progress is 100
[Debug] [2026-4-1 11:59:09] COMMAND[Program] execute successfully, takes 8.4 secs.
[Debug] [2026-4-1 11:59:09] End to send programming cmd.
[Debug] [2026-4-1 11:59:09] Log::Print : The done bit is 1
[Debug] [2026-4-1 11:59:09] Log::Print : COMMAND[Program] execute successfully, takes 8.4 secs.
[Info] [2026-4-1 12:01:29] /***************************End Configration***************************/
[Info] [2026-4-1 12:26:56] /***************************Start Configuration***************************/
[Info] [2026-4-1 12:26:56] Path: C:/pango/PDS_2022.2-SP6.4/bin
[Info] [2026-4-1 12:26:56] Version: 146967
[Info] [2026-4-1 12:26:57] Current Path: C:/Users/Datou21/Desktop/PDS/cnn_usb_copy_0328/cnn_usb_copy/prj_pds
[Info] [2026-4-1 12:26:57] PDS Dir Path: C:/Users/Datou21/Desktop/PDS/cnn_usb_copy_0328/cnn_usb_copy/prj_pds
[Info] [2026-4-1 12:26:58] Configuration is not connect with server. connect first then scan chain.
[Debug] [2026-4-1 12:26:58] Client Local host name:DESKTOP-VB8TKRO
[Debug] [2026-4-1 12:26:58] Client Local Address:2.0.0.1
[Debug] [2026-4-1 12:26:58] Client Local Address:210.77.26.220
[Debug] [2026-4-1 12:26:58] Client Local Address:192.168.44.1
[Debug] [2026-4-1 12:26:58] Client Local Address:192.168.176.1
[Debug] [2026-4-1 12:26:58] Server Address:127.0.0.1, Port:65420
[Debug] [2026-4-1 12:26:58] Log::Print : Connecting to server[127.0.0.1 : 65420].
[Info] [2026-4-1 12:26:59] Connect OK, Server: 127.0.0.1  Port: 65420
[Debug] [2026-4-1 12:26:59] Finish.
[Info] [2026-4-1 12:26:59] Connect server succeeded
[Debug] [2026-4-1 12:26:59] Send RPC:1
[Debug] [2026-4-1 12:26:59] Send cmd [check version information:40004] OK
[Debug] [2026-4-1 12:26:59] Log::Print : Connect to server[127.0.0.1 : 65420] successfully.
[Debug] [2026-4-1 12:26:59] Send RPC:2
[Debug] [2026-4-1 12:26:59] Send cmd [get_cable_paras:40010] OK
[Debug] [2026-4-1 12:26:59] Begin to send initialize chain cmd...
[Debug] [2026-4-1 12:26:59] Send RPC:3
[Debug] [2026-4-1 12:26:59] Send cmd [Open config cable:20001] OK
[Debug] [2026-4-1 12:26:59] End to send initialize chain cmd.
[Debug] [2026-4-1 12:26:59] COMMAND[check version information] execute successfully, takes 0.0 secs.
[Debug] [2026-4-1 12:26:59] Log::Print : COMMAND[check version information] execute successfully, takes 0.0 secs.
[Debug] [2026-4-1 12:27:00] COMMAND[get_cable_paras] execute successfully, takes 0.8 secs.
[Debug] [2026-4-1 12:27:00] Log::Print : The cable List : 

[Debug] [2026-4-1 12:27:00] Log::Print : COMMAND[get_cable_paras] execute successfully, takes 0.8 secs.
[Error] [2026-4-1 12:27:00] fail to exec Open config cable cmd...
[Error] [2026-4-1 12:27:00] MsgOut: JtagServer-0306: No devices detected while scanning the JTAG chain, failed detecting JTAG device chain.
[Warn] [2026-4-1 12:27:00] MsgOut: Please check the device power, cable connection situation and whether put the chip in the right way or not.
   If these do not work, try to restart the software.
[Error] [2026-4-1 12:27:00] MsgOut: Configuration-0008: The command 'Open config cable' execute fail.
[Debug] [2026-4-1 12:27:08] Begin to send initialize chain cmd...
[Debug] [2026-4-1 12:27:08] Send RPC:4
[Debug] [2026-4-1 12:27:08] Send cmd [Open config cable:20001] OK
[Debug] [2026-4-1 12:27:08] End to send initialize chain cmd.
[Error] [2026-4-1 12:27:08] fail to exec Open config cable cmd...
[Error] [2026-4-1 12:27:08] MsgOut: JtagServer-0306: No devices detected while scanning the JTAG chain, failed detecting JTAG device chain.
[Warn] [2026-4-1 12:27:08] MsgOut: Please check the device power, cable connection situation and whether put the chip in the right way or not.
   If these do not work, try to restart the software.
[Error] [2026-4-1 12:27:08] MsgOut: Configuration-0008: The command 'Open config cable' execute fail.
[Debug] [2026-4-1 12:27:11] Begin to send initialize chain cmd...
[Debug] [2026-4-1 12:27:11] Send RPC:5
[Debug] [2026-4-1 12:27:11] Send cmd [Open config cable:20001] OK
[Debug] [2026-4-1 12:27:11] End to send initialize chain cmd.
[Error] [2026-4-1 12:27:11] fail to exec Open config cable cmd...
[Error] [2026-4-1 12:27:11] MsgOut: JtagServer-0306: No devices detected while scanning the JTAG chain, failed detecting JTAG device chain.
[Warn] [2026-4-1 12:27:11] MsgOut: Please check the device power, cable connection situation and whether put the chip in the right way or not.
   If these do not work, try to restart the software.
[Error] [2026-4-1 12:27:11] MsgOut: Configuration-0008: The command 'Open config cable' execute fail.
[Info] [2026-4-1 12:27:12] /***************************End Configration***************************/
[Info] [2026-4-1 12:27:13] /***************************Start Configuration***************************/
[Info] [2026-4-1 12:27:13] Path: C:/pango/PDS_2022.2-SP6.4/bin
[Info] [2026-4-1 12:27:13] Version: 146967
[Info] [2026-4-1 12:27:14] Current Path: C:/Users/Datou21/Desktop/PDS/cnn_usb_copy_0328/cnn_usb_copy/prj_pds
[Info] [2026-4-1 12:27:14] PDS Dir Path: C:/Users/Datou21/Desktop/PDS/cnn_usb_copy_0328/cnn_usb_copy/prj_pds
[Info] [2026-4-1 12:27:15] Configuration is not connect with server. connect first then scan chain.
[Debug] [2026-4-1 12:27:15] Client Local host name:DESKTOP-VB8TKRO
[Debug] [2026-4-1 12:27:15] Client Local Address:2.0.0.1
[Debug] [2026-4-1 12:27:15] Client Local Address:210.77.26.220
[Debug] [2026-4-1 12:27:15] Client Local Address:192.168.44.1
[Debug] [2026-4-1 12:27:15] Client Local Address:192.168.176.1
[Debug] [2026-4-1 12:27:15] Server Address:127.0.0.1, Port:65420
[Debug] [2026-4-1 12:27:15] Log::Print : Connecting to server[127.0.0.1 : 65420].
[Info] [2026-4-1 12:27:16] Connect OK, Server: 127.0.0.1  Port: 65420
[Debug] [2026-4-1 12:27:16] Finish.
[Info] [2026-4-1 12:27:16] Connect server succeeded
[Debug] [2026-4-1 12:27:16] Send RPC:1
[Debug] [2026-4-1 12:27:16] Send cmd [check version information:40004] OK
[Debug] [2026-4-1 12:27:16] Log::Print : Connect to server[127.0.0.1 : 65420] successfully.
[Debug] [2026-4-1 12:27:17] Send RPC:2
[Debug] [2026-4-1 12:27:17] Send cmd [get_cable_paras:40010] OK
[Debug] [2026-4-1 12:27:17] Begin to send initialize chain cmd...
[Debug] [2026-4-1 12:27:17] Send RPC:3
[Debug] [2026-4-1 12:27:17] Send cmd [Open config cable:20001] OK
[Debug] [2026-4-1 12:27:17] End to send initialize chain cmd.
[Debug] [2026-4-1 12:27:17] COMMAND[check version information] execute successfully, takes 1.5 secs.
[Debug] [2026-4-1 12:27:17] Log::Print : COMMAND[check version information] execute successfully, takes 1.5 secs.
[Debug] [2026-4-1 12:27:19] COMMAND[get_cable_paras] execute successfully, takes 1.8 secs.
[Debug] [2026-4-1 12:27:19] Log::Print : The cable List : 
Cable index 0:USB Cable II/fffffffffffffffe 

[Debug] [2026-4-1 12:27:19] Log::Print : COMMAND[get_cable_paras] execute successfully, takes 1.8 secs.
[Debug] [2026-4-1 12:27:20] begin the exec of open cable cmd...
[Debug] [2026-4-1 12:27:20] Begin to deal with chain from server...
[Debug] [2026-4-1 12:27:20] Begin to set user chain...
[Debug] [2026-4-1 12:27:20] End to set user chain.
[Debug] [2026-4-1 12:27:20] Begin to update graphic item and tree item ...
[Debug] [2026-4-1 12:27:20] End to update graphic item and tree item ...
[Debug] [2026-4-1 12:27:20] Log::Print : PANGO USB CABLE II cable driver: D2XX DLL
[Debug] [2026-4-1 12:27:20] Log::Print : PG2L200H
[Debug] [2026-4-1 12:27:20] Log::Print : This device configure situation (done bit): 0
[Info] [2026-4-1 12:27:21] set OpenLastPath: C:/Users/Datou21/Desktop/PDS/cnn_usb_copy_0328/cnn_usb_copy/prj_pds/generate_bitstream/hdmi_loop.sbit
[Debug] [2026-4-1 12:27:21] begin to get device info from CFG file...
[Debug] [2026-4-1 12:27:21] end to get device info from CFG file...
[Debug] [2026-4-1 12:27:21] Begin to update graphic item and tree item ...
[Debug] [2026-4-1 12:27:21] End to update graphic item and tree item ...
[Debug] [2026-4-1 12:27:21] Begin to update graphic item and tree item ...
[Debug] [2026-4-1 12:27:21] End to update graphic item and tree item ...
[Debug] [2026-4-1 12:27:21] End to deal wiht chain from server.
[Debug] [2026-4-1 12:27:21] end the exec of open cable cmd.
[Debug] [2026-4-1 12:27:21] COMMAND[Open config cable] execute successfully, takes 4.0 secs.
[Debug] [2026-4-1 12:27:21] Log::Print : COMMAND[Open config cable] execute successfully, takes 4.0 secs.
[Debug] [2026-4-1 12:27:22] Begin to send programming cmd...
[Debug] [2026-4-1 12:27:22] Send RPC:4
[Debug] [2026-4-1 12:27:22] Begin to send program data.
[Debug] [2026-4-1 12:27:22] End to send program data.
[Debug] [2026-4-1 12:27:22] Send cmd [Program:20002] OK
[Debug] [2026-4-1 12:27:23] The value of Progress is 6
[Debug] [2026-4-1 12:27:23] The value of Progress is 10
[Debug] [2026-4-1 12:27:24] The value of Progress is 15
[Debug] [2026-4-1 12:27:24] The value of Progress is 20
[Debug] [2026-4-1 12:27:25] The value of Progress is 25
[Debug] [2026-4-1 12:27:25] The value of Progress is 30
[Debug] [2026-4-1 12:27:25] The value of Progress is 35
[Debug] [2026-4-1 12:27:26] The value of Progress is 40
[Debug] [2026-4-1 12:27:26] The value of Progress is 45
[Debug] [2026-4-1 12:27:27] The value of Progress is 50
[Debug] [2026-4-1 12:27:27] The value of Progress is 55
[Debug] [2026-4-1 12:27:27] The value of Progress is 60
[Debug] [2026-4-1 12:27:28] The value of Progress is 65
[Debug] [2026-4-1 12:27:28] The value of Progress is 70
[Debug] [2026-4-1 12:27:28] The value of Progress is 75
[Debug] [2026-4-1 12:27:29] The value of Progress is 80
[Debug] [2026-4-1 12:27:29] The value of Progress is 85
[Debug] [2026-4-1 12:27:30] The value of Progress is 90
[Debug] [2026-4-1 12:27:30] The value of Progress is 95
[Debug] [2026-4-1 12:27:30] The value of Progress is 100
[Debug] [2026-4-1 12:27:31] COMMAND[Program] execute successfully, takes 8.3 secs.
[Debug] [2026-4-1 12:27:31] End to send programming cmd.
[Debug] [2026-4-1 12:27:31] Log::Print : The done bit is 1
[Debug] [2026-4-1 12:27:31] Log::Print : COMMAND[Program] execute successfully, takes 8.3 secs.
[Debug] [2026-4-1 12:28:01] Begin to send programming cmd...
[Debug] [2026-4-1 12:28:01] Send RPC:5
[Debug] [2026-4-1 12:28:01] Begin to send program data.
[Debug] [2026-4-1 12:28:01] End to send program data.
[Debug] [2026-4-1 12:28:01] Send cmd [Program:20002] OK
[Debug] [2026-4-1 12:28:02] The value of Progress is 6
[Debug] [2026-4-1 12:28:02] The value of Progress is 10
[Debug] [2026-4-1 12:28:02] The value of Progress is 15
[Debug] [2026-4-1 12:28:03] The value of Progress is 20
[Debug] [2026-4-1 12:28:03] The value of Progress is 25
[Debug] [2026-4-1 12:28:03] The value of Progress is 30
[Debug] [2026-4-1 12:28:04] The value of Progress is 35
[Debug] [2026-4-1 12:28:04] The value of Progress is 40
[Debug] [2026-4-1 12:28:05] The value of Progress is 45
[Debug] [2026-4-1 12:28:05] The value of Progress is 50
[Debug] [2026-4-1 12:28:05] The value of Progress is 55
[Debug] [2026-4-1 12:28:06] The value of Progress is 60
[Debug] [2026-4-1 12:28:06] The value of Progress is 65
[Debug] [2026-4-1 12:28:06] The value of Progress is 70
[Debug] [2026-4-1 12:28:07] The value of Progress is 75
[Debug] [2026-4-1 12:28:07] The value of Progress is 80
[Debug] [2026-4-1 12:28:08] The value of Progress is 85
[Debug] [2026-4-1 12:28:08] The value of Progress is 90
[Debug] [2026-4-1 12:28:08] The value of Progress is 95
[Debug] [2026-4-1 12:28:09] The value of Progress is 100
[Debug] [2026-4-1 12:28:09] COMMAND[Program] execute successfully, takes 8.3 secs.
[Debug] [2026-4-1 12:28:09] End to send programming cmd.
[Debug] [2026-4-1 12:28:09] Log::Print : The done bit is 1
[Debug] [2026-4-1 12:28:09] Log::Print : COMMAND[Program] execute successfully, takes 8.3 secs.
[Debug] [2026-4-1 12:28:15] Begin to send programming cmd...
[Debug] [2026-4-1 12:28:15] Send RPC:6
[Debug] [2026-4-1 12:28:15] Begin to send program data.
[Debug] [2026-4-1 12:28:15] End to send program data.
[Debug] [2026-4-1 12:28:15] Send cmd [Program:20002] OK
[Debug] [2026-4-1 12:28:16] The value of Progress is 6
[Debug] [2026-4-1 12:28:16] The value of Progress is 10
[Debug] [2026-4-1 12:28:17] The value of Progress is 15
[Debug] [2026-4-1 12:28:17] The value of Progress is 20
[Debug] [2026-4-1 12:28:18] The value of Progress is 25
[Debug] [2026-4-1 12:28:18] The value of Progress is 30
[Debug] [2026-4-1 12:28:18] The value of Progress is 35
[Debug] [2026-4-1 12:28:19] The value of Progress is 40
[Debug] [2026-4-1 12:28:19] The value of Progress is 45
[Debug] [2026-4-1 12:28:20] The value of Progress is 50
[Debug] [2026-4-1 12:28:20] The value of Progress is 55
[Debug] [2026-4-1 12:28:20] The value of Progress is 60
[Debug] [2026-4-1 12:28:21] The value of Progress is 65
[Debug] [2026-4-1 12:28:21] The value of Progress is 70
[Debug] [2026-4-1 12:28:21] The value of Progress is 75
[Debug] [2026-4-1 12:28:22] The value of Progress is 80
[Debug] [2026-4-1 12:28:22] The value of Progress is 85
[Debug] [2026-4-1 12:28:23] The value of Progress is 90
[Debug] [2026-4-1 12:28:23] The value of Progress is 95
[Debug] [2026-4-1 12:28:23] The value of Progress is 100
[Debug] [2026-4-1 12:28:24] COMMAND[Program] execute successfully, takes 8.3 secs.
[Debug] [2026-4-1 12:28:24] End to send programming cmd.
[Debug] [2026-4-1 12:28:24] Log::Print : The done bit is 1
[Debug] [2026-4-1 12:28:24] Log::Print : COMMAND[Program] execute successfully, takes 8.3 secs.
[Info] [2026-4-1 12:33:06] /***************************End Configration***************************/
[Info] [2026-4-1 15:14:47] /***************************Start Configuration***************************/
[Info] [2026-4-1 15:14:47] Path: C:/pango/PDS_2022.2-SP6.4/bin
[Info] [2026-4-1 15:14:47] Version: 146967
[Info] [2026-4-1 15:14:48] Current Path: C:/Users/Datou21/Desktop/PDS/cnn_usb_copy/prj_pds
[Info] [2026-4-1 15:14:48] PDS Dir Path: C:/Users/Datou21/Desktop/PDS/cnn_usb_copy/prj_pds
[Info] [2026-4-1 15:14:50] Configuration is not connect with server. connect first then scan chain.
[Debug] [2026-4-1 15:14:50] Client Local host name:DESKTOP-VB8TKRO
[Debug] [2026-4-1 15:14:50] Client Local Address:2.0.0.1
[Debug] [2026-4-1 15:14:50] Client Local Address:210.77.26.220
[Debug] [2026-4-1 15:14:50] Client Local Address:192.168.44.1
[Debug] [2026-4-1 15:14:50] Client Local Address:192.168.176.1
[Debug] [2026-4-1 15:14:50] Server Address:127.0.0.1, Port:65420
[Debug] [2026-4-1 15:14:50] Log::Print : Connecting to server[127.0.0.1 : 65420].
[Info] [2026-4-1 15:14:51] Connect OK, Server: 127.0.0.1  Port: 65420
[Debug] [2026-4-1 15:14:51] Finish.
[Info] [2026-4-1 15:14:51] Connect server succeeded
[Debug] [2026-4-1 15:14:51] Send RPC:1
[Debug] [2026-4-1 15:14:51] Send cmd [check version information:40004] OK
[Debug] [2026-4-1 15:14:51] Log::Print : Connect to server[127.0.0.1 : 65420] successfully.
[Debug] [2026-4-1 15:14:51] Send RPC:2
[Debug] [2026-4-1 15:14:51] Send cmd [get_cable_paras:40010] OK
[Debug] [2026-4-1 15:14:51] Begin to send initialize chain cmd...
[Debug] [2026-4-1 15:14:51] Send RPC:3
[Debug] [2026-4-1 15:14:51] Send cmd [Open config cable:20001] OK
[Debug] [2026-4-1 15:14:51] End to send initialize chain cmd.
[Debug] [2026-4-1 15:14:51] COMMAND[check version information] execute successfully, takes 0.4 secs.
[Debug] [2026-4-1 15:14:51] Log::Print : COMMAND[check version information] execute successfully, takes 0.4 secs.
[Debug] [2026-4-1 15:14:52] COMMAND[get_cable_paras] execute successfully, takes 1.1 secs.
[Debug] [2026-4-1 15:14:52] Log::Print : The cable List : 
Cable index 0:USB Cable II/fffffffffffffffe 

[Debug] [2026-4-1 15:14:52] Log::Print : COMMAND[get_cable_paras] execute successfully, takes 1.1 secs.
[Debug] [2026-4-1 15:14:53] begin the exec of open cable cmd...
[Debug] [2026-4-1 15:14:53] Begin to deal with chain from server...
[Debug] [2026-4-1 15:14:53] Begin to set user chain...
[Debug] [2026-4-1 15:14:53] End to set user chain.
[Debug] [2026-4-1 15:14:53] Begin to update graphic item and tree item ...
[Debug] [2026-4-1 15:14:53] End to update graphic item and tree item ...
[Debug] [2026-4-1 15:14:53] Log::Print : PANGO USB CABLE II cable driver: D2XX DLL
[Debug] [2026-4-1 15:14:53] Log::Print : PG2L200H
[Debug] [2026-4-1 15:14:53] Log::Print : This device configure situation (done bit): 0
[Info] [2026-4-1 15:14:55] set OpenLastPath: C:/Users/Datou21/Desktop/PDS/cnn_usb_copy/prj_pds/generate_bitstream/hdmi_loop.sbit
[Debug] [2026-4-1 15:14:55] begin to get device info from CFG file...
[Debug] [2026-4-1 15:14:55] end to get device info from CFG file...
[Debug] [2026-4-1 15:14:55] Begin to update graphic item and tree item ...
[Debug] [2026-4-1 15:14:55] End to update graphic item and tree item ...
[Debug] [2026-4-1 15:14:55] Begin to update graphic item and tree item ...
[Debug] [2026-4-1 15:14:55] End to update graphic item and tree item ...
[Debug] [2026-4-1 15:14:55] End to deal wiht chain from server.
[Debug] [2026-4-1 15:14:55] end the exec of open cable cmd.
[Debug] [2026-4-1 15:14:55] COMMAND[Open config cable] execute successfully, takes 3.6 secs.
[Debug] [2026-4-1 15:14:55] Log::Print : COMMAND[Open config cable] execute successfully, takes 3.6 secs.
[Debug] [2026-4-1 15:14:59] Begin to send programming cmd...
[Debug] [2026-4-1 15:14:59] Send RPC:4
[Debug] [2026-4-1 15:14:59] Begin to send program data.
[Debug] [2026-4-1 15:14:59] End to send program data.
[Debug] [2026-4-1 15:14:59] Send cmd [Program:20002] OK
[Debug] [2026-4-1 15:15:00] The value of Progress is 6
[Debug] [2026-4-1 15:15:00] The value of Progress is 10
[Debug] [2026-4-1 15:15:01] The value of Progress is 15
[Debug] [2026-4-1 15:15:01] The value of Progress is 20
[Debug] [2026-4-1 15:15:02] The value of Progress is 25
[Debug] [2026-4-1 15:15:02] The value of Progress is 30
[Debug] [2026-4-1 15:15:02] The value of Progress is 35
[Debug] [2026-4-1 15:15:03] The value of Progress is 40
[Debug] [2026-4-1 15:15:03] The value of Progress is 45
[Debug] [2026-4-1 15:15:04] The value of Progress is 50
[Debug] [2026-4-1 15:15:04] The value of Progress is 55
[Debug] [2026-4-1 15:15:04] The value of Progress is 60
[Debug] [2026-4-1 15:15:05] The value of Progress is 65
[Debug] [2026-4-1 15:15:05] The value of Progress is 70
[Debug] [2026-4-1 15:15:05] The value of Progress is 75
[Debug] [2026-4-1 15:15:06] The value of Progress is 80
[Debug] [2026-4-1 15:15:06] The value of Progress is 85
[Debug] [2026-4-1 15:15:07] The value of Progress is 90
[Debug] [2026-4-1 15:15:07] The value of Progress is 95
[Debug] [2026-4-1 15:15:07] The value of Progress is 100
[Debug] [2026-4-1 15:15:08] COMMAND[Program] execute successfully, takes 8.4 secs.
[Debug] [2026-4-1 15:15:08] End to send programming cmd.
[Debug] [2026-4-1 15:15:08] Log::Print : The done bit is 1
[Debug] [2026-4-1 15:15:08] Log::Print : COMMAND[Program] execute successfully, takes 8.4 secs.
[Debug] [2026-4-1 15:15:26] Begin to send programming cmd...
[Debug] [2026-4-1 15:15:26] Send RPC:5
[Debug] [2026-4-1 15:15:26] Begin to send program data.
[Debug] [2026-4-1 15:15:26] End to send program data.
[Debug] [2026-4-1 15:15:26] Send cmd [Program:20002] OK
[Debug] [2026-4-1 15:15:26] The value of Progress is 6
[Debug] [2026-4-1 15:15:27] The value of Progress is 10
[Debug] [2026-4-1 15:15:27] The value of Progress is 15
[Debug] [2026-4-1 15:15:28] The value of Progress is 20
[Debug] [2026-4-1 15:15:28] The value of Progress is 25
[Debug] [2026-4-1 15:15:28] The value of Progress is 30
[Debug] [2026-4-1 15:15:29] The value of Progress is 35
[Debug] [2026-4-1 15:15:29] The value of Progress is 40
[Debug] [2026-4-1 15:15:29] The value of Progress is 45
[Debug] [2026-4-1 15:15:30] The value of Progress is 50
[Debug] [2026-4-1 15:15:30] The value of Progress is 55
[Debug] [2026-4-1 15:15:31] The value of Progress is 60
[Debug] [2026-4-1 15:15:31] The value of Progress is 65
[Debug] [2026-4-1 15:15:31] The value of Progress is 70
[Debug] [2026-4-1 15:15:32] The value of Progress is 75
[Debug] [2026-4-1 15:15:32] The value of Progress is 80
[Debug] [2026-4-1 15:15:32] The value of Progress is 85
[Debug] [2026-4-1 15:15:33] The value of Progress is 90
[Debug] [2026-4-1 15:15:33] The value of Progress is 95
[Debug] [2026-4-1 15:15:34] The value of Progress is 100
[Debug] [2026-4-1 15:15:34] COMMAND[Program] execute successfully, takes 8.3 secs.
[Debug] [2026-4-1 15:15:34] End to send programming cmd.
[Debug] [2026-4-1 15:15:34] Log::Print : The done bit is 1
[Debug] [2026-4-1 15:15:34] Log::Print : COMMAND[Program] execute successfully, takes 8.3 secs.
[Info] [2026-4-1 15:15:39] /***************************End Configration***************************/
[Info] [2026-4-1 15:38:25] /***************************Start Configuration***************************/
[Info] [2026-4-1 15:38:25] Path: C:/pango/PDS_2022.2-SP6.4/bin
[Info] [2026-4-1 15:38:25] Version: 146967
[Info] [2026-4-1 15:38:26] Current Path: C:/Users/Datou21/Desktop/PDS/cnn_usb_copy/prj_pds
[Info] [2026-4-1 15:38:26] PDS Dir Path: C:/Users/Datou21/Desktop/PDS/cnn_usb_copy/prj_pds
[Info] [2026-4-1 15:38:29] Configuration is not connect with server. connect first then scan chain.
[Debug] [2026-4-1 15:38:29] Client Local host name:DESKTOP-VB8TKRO
[Debug] [2026-4-1 15:38:29] Client Local Address:2.0.0.1
[Debug] [2026-4-1 15:38:29] Client Local Address:210.77.26.220
[Debug] [2026-4-1 15:38:29] Client Local Address:192.168.44.1
[Debug] [2026-4-1 15:38:29] Client Local Address:192.168.176.1
[Debug] [2026-4-1 15:38:29] Server Address:127.0.0.1, Port:65420
[Debug] [2026-4-1 15:38:29] Log::Print : Connecting to server[127.0.0.1 : 65420].
[Info] [2026-4-1 15:38:29] Connect OK, Server: 127.0.0.1  Port: 65420
[Debug] [2026-4-1 15:38:29] Finish.
[Info] [2026-4-1 15:38:29] Connect server succeeded
[Debug] [2026-4-1 15:38:29] Send RPC:1
[Debug] [2026-4-1 15:38:29] Send cmd [check version information:40004] OK
[Debug] [2026-4-1 15:38:29] Log::Print : Connect to server[127.0.0.1 : 65420] successfully.
[Debug] [2026-4-1 15:38:30] Send RPC:2
[Debug] [2026-4-1 15:38:30] Send cmd [get_cable_paras:40010] OK
[Debug] [2026-4-1 15:38:30] Begin to send initialize chain cmd...
[Debug] [2026-4-1 15:38:30] Send RPC:3
[Debug] [2026-4-1 15:38:30] Send cmd [Open config cable:20001] OK
[Debug] [2026-4-1 15:38:30] End to send initialize chain cmd.
[Debug] [2026-4-1 15:38:30] COMMAND[check version information] execute successfully, takes 0.4 secs.
[Debug] [2026-4-1 15:38:30] Log::Print : COMMAND[check version information] execute successfully, takes 0.4 secs.
[Debug] [2026-4-1 15:38:31] COMMAND[get_cable_paras] execute successfully, takes 1.1 secs.
[Debug] [2026-4-1 15:38:31] Log::Print : The cable List : 
Cable index 0:USB Cable II/fffffffffffffffe 

[Debug] [2026-4-1 15:38:31] Log::Print : COMMAND[get_cable_paras] execute successfully, takes 1.1 secs.
[Debug] [2026-4-1 15:38:31] begin the exec of open cable cmd...
[Debug] [2026-4-1 15:38:31] Begin to deal with chain from server...
[Debug] [2026-4-1 15:38:31] Begin to set user chain...
[Debug] [2026-4-1 15:38:31] End to set user chain.
[Debug] [2026-4-1 15:38:31] Begin to update graphic item and tree item ...
[Debug] [2026-4-1 15:38:31] End to update graphic item and tree item ...
[Debug] [2026-4-1 15:38:31] Log::Print : PANGO USB CABLE II cable driver: D2XX DLL
[Debug] [2026-4-1 15:38:31] Log::Print : PG2L200H
[Debug] [2026-4-1 15:38:31] Log::Print : This device configure situation (done bit): 0
[Info] [2026-4-1 15:38:58] set OpenLastPath: C:/Users/Datou21/Desktop/PDS/cnn_usb_copy/prj_pds/generate_bitstream/hdmi_loop.sbit
[Debug] [2026-4-1 15:38:58] begin to get device info from CFG file...
[Debug] [2026-4-1 15:38:58] end to get device info from CFG file...
[Debug] [2026-4-1 15:38:58] Begin to update graphic item and tree item ...
[Debug] [2026-4-1 15:38:58] End to update graphic item and tree item ...
[Debug] [2026-4-1 15:38:58] Begin to update graphic item and tree item ...
[Debug] [2026-4-1 15:38:58] End to update graphic item and tree item ...
[Debug] [2026-4-1 15:38:58] End to deal wiht chain from server.
[Debug] [2026-4-1 15:38:58] end the exec of open cable cmd.
[Debug] [2026-4-1 15:38:58] COMMAND[Open config cable] execute successfully, takes 28.9 secs.
[Debug] [2026-4-1 15:38:58] Log::Print : COMMAND[Open config cable] execute successfully, takes 28.9 secs.
[Debug] [2026-4-1 15:39:01] Begin to send programming cmd...
[Debug] [2026-4-1 15:39:01] Send RPC:4
[Debug] [2026-4-1 15:39:01] Begin to send program data.
[Debug] [2026-4-1 15:39:01] End to send program data.
[Debug] [2026-4-1 15:39:01] Send cmd [Program:20002] OK
[Debug] [2026-4-1 15:39:02] The value of Progress is 6
[Debug] [2026-4-1 15:39:02] The value of Progress is 10
[Debug] [2026-4-1 15:39:02] The value of Progress is 15
[Debug] [2026-4-1 15:39:03] The value of Progress is 20
[Debug] [2026-4-1 15:39:03] The value of Progress is 25
[Debug] [2026-4-1 15:39:04] The value of Progress is 30
[Debug] [2026-4-1 15:39:04] The value of Progress is 35
[Debug] [2026-4-1 15:39:04] The value of Progress is 40
[Debug] [2026-4-1 15:39:05] The value of Progress is 45
[Debug] [2026-4-1 15:39:05] The value of Progress is 50
[Debug] [2026-4-1 15:39:06] The value of Progress is 55
[Debug] [2026-4-1 15:39:06] The value of Progress is 60
[Debug] [2026-4-1 15:39:06] The value of Progress is 65
[Debug] [2026-4-1 15:39:07] The value of Progress is 70
[Debug] [2026-4-1 15:39:07] The value of Progress is 75
[Debug] [2026-4-1 15:39:07] The value of Progress is 80
[Debug] [2026-4-1 15:39:08] The value of Progress is 85
[Debug] [2026-4-1 15:39:08] The value of Progress is 90
[Debug] [2026-4-1 15:39:09] The value of Progress is 95
[Debug] [2026-4-1 15:39:09] The value of Progress is 100
[Debug] [2026-4-1 15:39:09] COMMAND[Program] execute successfully, takes 8.4 secs.
[Debug] [2026-4-1 15:39:09] End to send programming cmd.
[Debug] [2026-4-1 15:39:09] Log::Print : The done bit is 1
[Debug] [2026-4-1 15:39:09] Log::Print : COMMAND[Program] execute successfully, takes 8.4 secs.
[Debug] [2026-4-1 15:39:19] Begin to send programming cmd...
[Debug] [2026-4-1 15:39:19] Send RPC:5
[Debug] [2026-4-1 15:39:19] Begin to send program data.
[Debug] [2026-4-1 15:39:19] End to send program data.
[Debug] [2026-4-1 15:39:19] Send cmd [Program:20002] OK
[Debug] [2026-4-1 15:39:20] The value of Progress is 6
[Debug] [2026-4-1 15:39:20] The value of Progress is 10
[Debug] [2026-4-1 15:39:21] The value of Progress is 15
[Debug] [2026-4-1 15:39:21] The value of Progress is 20
[Debug] [2026-4-1 15:39:21] The value of Progress is 25
[Debug] [2026-4-1 15:39:22] The value of Progress is 30
[Debug] [2026-4-1 15:39:22] The value of Progress is 35
[Debug] [2026-4-1 15:39:22] The value of Progress is 40
[Debug] [2026-4-1 15:39:23] The value of Progress is 45
[Debug] [2026-4-1 15:39:23] The value of Progress is 50
[Debug] [2026-4-1 15:39:24] The value of Progress is 55
[Debug] [2026-4-1 15:39:24] The value of Progress is 60
[Debug] [2026-4-1 15:39:24] The value of Progress is 65
[Debug] [2026-4-1 15:39:25] The value of Progress is 70
[Debug] [2026-4-1 15:39:25] The value of Progress is 75
[Debug] [2026-4-1 15:39:26] The value of Progress is 80
[Debug] [2026-4-1 15:39:26] The value of Progress is 85
[Debug] [2026-4-1 15:39:26] The value of Progress is 90
[Debug] [2026-4-1 15:39:27] The value of Progress is 95
[Debug] [2026-4-1 15:39:27] The value of Progress is 100
[Debug] [2026-4-1 15:39:27] COMMAND[Program] execute successfully, takes 8.3 secs.
[Debug] [2026-4-1 15:39:27] End to send programming cmd.
[Debug] [2026-4-1 15:39:27] Log::Print : The done bit is 1
[Debug] [2026-4-1 15:39:27] Log::Print : COMMAND[Program] execute successfully, takes 8.3 secs.
[Debug] [2026-4-1 15:57:53] Begin to send initialize chain cmd...
[Debug] [2026-4-1 15:57:53] Send RPC:6
[Debug] [2026-4-1 15:57:53] Send cmd [Open config cable:20001] OK
[Debug] [2026-4-1 15:57:53] End to send initialize chain cmd.
[Debug] [2026-4-1 15:57:56] Begin to send programming cmd...
[Debug] [2026-4-1 15:57:56] Send RPC:7
[Debug] [2026-4-1 15:57:56] Begin to send program data.
[Debug] [2026-4-1 15:57:56] End to send program data.
[Debug] [2026-4-1 15:57:56] Send cmd [Program:20002] OK
[Error] [2026-4-1 15:58:00] fail to exec Open config cable cmd...
[Debug] [2026-4-1 15:58:00] End to send programming cmd.
[Debug] [2026-4-1 15:58:00] Log::Print : PANGO USB CABLE II cable driver: D2XX DLL
[Error] [2026-4-1 15:58:00] MsgOut: JtagServer-0306: No devices detected while scanning the JTAG chain, failed detecting JTAG device chain.
[Warn] [2026-4-1 15:58:00] MsgOut: Please check the device power, cable connection situation and whether put the chip in the right way or not.
   If these do not work, try to restart the software.
[Error] [2026-4-1 15:58:00] MsgOut: Configuration-0008: The command 'Open config cable' execute fail.
[Debug] [2026-4-1 15:58:03] The value of Progress is 6
[Debug] [2026-4-1 15:58:03] The value of Progress is 10
[Debug] [2026-4-1 15:58:03] The value of Progress is 15
[Debug] [2026-4-1 15:58:04] The value of Progress is 20
[Debug] [2026-4-1 15:58:04] Begin to send programming cmd...
[Debug] [2026-4-1 15:58:04] Send RPC:8
[Debug] [2026-4-1 15:58:04] Begin to send program data.
[Debug] [2026-4-1 15:58:04] End to send program data.
[Debug] [2026-4-1 15:58:04] Send cmd [Program:20002] OK
[Debug] [2026-4-1 15:58:04] The value of Progress is 25
[Debug] [2026-4-1 15:58:04] The value of Progress is 30
[Debug] [2026-4-1 15:58:05] The value of Progress is 35
[Debug] [2026-4-1 15:58:05] The value of Progress is 40
[Debug] [2026-4-1 15:58:06] The value of Progress is 45
[Debug] [2026-4-1 15:58:06] The value of Progress is 50
[Debug] [2026-4-1 15:58:06] The value of Progress is 55
[Debug] [2026-4-1 15:58:07] The value of Progress is 60
[Debug] [2026-4-1 15:58:07] The value of Progress is 65
[Debug] [2026-4-1 15:58:08] The value of Progress is 70
[Debug] [2026-4-1 15:58:08] The value of Progress is 75
[Debug] [2026-4-1 15:58:08] The value of Progress is 80
[Debug] [2026-4-1 15:58:09] The value of Progress is 85
[Debug] [2026-4-1 15:58:09] The value of Progress is 90
[Debug] [2026-4-1 15:58:09] The value of Progress is 95
[Debug] [2026-4-1 15:58:10] The value of Progress is 100
[Debug] [2026-4-1 15:58:10] COMMAND[Program] execute successfully, takes 14.3 secs.
[Debug] [2026-4-1 15:58:10] End to send programming cmd.
[Debug] [2026-4-1 15:58:10] Log::Print : The done bit is 1
[Debug] [2026-4-1 15:58:10] Log::Print : COMMAND[Program] execute successfully, takes 14.3 secs.
[Debug] [2026-4-1 15:58:11] The value of Progress is 6
[Debug] [2026-4-1 15:58:11] The value of Progress is 10
[Debug] [2026-4-1 15:58:12] The value of Progress is 15
[Debug] [2026-4-1 15:58:12] The value of Progress is 20
[Debug] [2026-4-1 15:58:13] The value of Progress is 25
[Debug] [2026-4-1 15:58:13] The value of Progress is 30
[Debug] [2026-4-1 15:58:13] The value of Progress is 35
[Debug] [2026-4-1 15:58:14] The value of Progress is 40
[Debug] [2026-4-1 15:58:14] The value of Progress is 45
[Debug] [2026-4-1 15:58:14] The value of Progress is 50
[Debug] [2026-4-1 15:58:15] The value of Progress is 55
[Debug] [2026-4-1 15:58:15] The value of Progress is 60
[Debug] [2026-4-1 15:58:16] The value of Progress is 65
[Debug] [2026-4-1 15:58:16] The value of Progress is 70
[Debug] [2026-4-1 15:58:16] The value of Progress is 75
[Debug] [2026-4-1 15:58:17] The value of Progress is 80
[Debug] [2026-4-1 15:58:17] The value of Progress is 85
[Debug] [2026-4-1 15:58:17] The value of Progress is 90
[Debug] [2026-4-1 15:58:18] The value of Progress is 95
[Debug] [2026-4-1 15:58:18] The value of Progress is 100
[Debug] [2026-4-1 15:58:19] COMMAND[Program] execute successfully, takes 14.9 secs.
[Debug] [2026-4-1 15:58:19] Log::Print : The done bit is 1
[Debug] [2026-4-1 15:58:19] Log::Print : COMMAND[Program] execute successfully, takes 14.9 secs.
[Info] [2026-4-1 15:59:38] /***************************End Configration***************************/
[Info] [2026-4-1 16:21:50] /***************************Start Configuration***************************/
[Info] [2026-4-1 16:21:50] Path: C:/pango/PDS_2022.2-SP6.4/bin
[Info] [2026-4-1 16:21:50] Version: 146967
[Info] [2026-4-1 16:21:51] Current Path: C:/Users/Datou21/Desktop/PDS/cnn_usb_copy/prj_pds
[Info] [2026-4-1 16:21:51] PDS Dir Path: C:/Users/Datou21/Desktop/PDS/cnn_usb_copy/prj_pds
[Info] [2026-4-1 16:21:53] Configuration is not connect with server. connect first then scan chain.
[Debug] [2026-4-1 16:21:53] Client Local host name:DESKTOP-VB8TKRO
[Debug] [2026-4-1 16:21:53] Client Local Address:2.0.0.1
[Debug] [2026-4-1 16:21:53] Client Local Address:210.77.26.220
[Debug] [2026-4-1 16:21:53] Client Local Address:192.168.44.1
[Debug] [2026-4-1 16:21:53] Client Local Address:192.168.176.1
[Debug] [2026-4-1 16:21:53] Server Address:127.0.0.1, Port:65420
[Debug] [2026-4-1 16:21:53] Log::Print : Connecting to server[127.0.0.1 : 65420].
[Info] [2026-4-1 16:21:53] Connect OK, Server: 127.0.0.1  Port: 65420
[Debug] [2026-4-1 16:21:53] Finish.
[Info] [2026-4-1 16:21:53] Connect server succeeded
[Debug] [2026-4-1 16:21:53] Send RPC:1
[Debug] [2026-4-1 16:21:53] Send cmd [check version information:40004] OK
[Debug] [2026-4-1 16:21:53] Log::Print : Connect to server[127.0.0.1 : 65420] successfully.
[Debug] [2026-4-1 16:21:54] Send RPC:2
[Debug] [2026-4-1 16:21:54] Send cmd [get_cable_paras:40010] OK
[Debug] [2026-4-1 16:21:54] Begin to send initialize chain cmd...
[Debug] [2026-4-1 16:21:54] Send RPC:3
[Debug] [2026-4-1 16:21:54] Send cmd [Open config cable:20001] OK
[Debug] [2026-4-1 16:21:54] End to send initialize chain cmd.
[Debug] [2026-4-1 16:21:54] COMMAND[check version information] execute successfully, takes 0.5 secs.
[Debug] [2026-4-1 16:21:54] Log::Print : COMMAND[check version information] execute successfully, takes 0.5 secs.
[Debug] [2026-4-1 16:21:55] COMMAND[get_cable_paras] execute successfully, takes 1.1 secs.
[Debug] [2026-4-1 16:21:55] Log::Print : The cable List : 
Cable index 0:USB Cable II/fffffffffffffffe 

[Debug] [2026-4-1 16:21:55] Log::Print : COMMAND[get_cable_paras] execute successfully, takes 1.1 secs.
[Debug] [2026-4-1 16:21:55] begin the exec of open cable cmd...
[Debug] [2026-4-1 16:21:55] Begin to deal with chain from server...
[Debug] [2026-4-1 16:21:55] Begin to set user chain...
[Debug] [2026-4-1 16:21:55] End to set user chain.
[Debug] [2026-4-1 16:21:55] Begin to update graphic item and tree item ...
[Debug] [2026-4-1 16:21:55] End to update graphic item and tree item ...
[Debug] [2026-4-1 16:21:55] Log::Print : PANGO USB CABLE II cable driver: D2XX DLL
[Debug] [2026-4-1 16:21:55] Log::Print : PG2L200H
[Debug] [2026-4-1 16:21:55] Log::Print : This device configure situation (done bit): 0
[Debug] [2026-4-1 16:21:57] selected file name is empty and ignore.
[Debug] [2026-4-1 16:21:57] Begin to update graphic item and tree item ...
[Debug] [2026-4-1 16:21:57] End to update graphic item and tree item ...
[Debug] [2026-4-1 16:21:57] End to deal wiht chain from server.
[Debug] [2026-4-1 16:21:57] end the exec of open cable cmd.
[Debug] [2026-4-1 16:21:57] COMMAND[Open config cable] execute successfully, takes 3.3 secs.
[Debug] [2026-4-1 16:21:57] Log::Print : COMMAND[Open config cable] execute successfully, takes 3.3 secs.
[Debug] [2026-4-1 16:22:04] Begin to send initialize chain cmd...
[Debug] [2026-4-1 16:22:04] Send RPC:4
[Debug] [2026-4-1 16:22:04] Send cmd [Open config cable:20001] OK
[Debug] [2026-4-1 16:22:04] End to send initialize chain cmd.
[Debug] [2026-4-1 16:22:04] begin the exec of open cable cmd...
[Debug] [2026-4-1 16:22:04] Begin to deal with chain from server...
[Debug] [2026-4-1 16:22:04] Begin to set user chain...
[Debug] [2026-4-1 16:22:04] End to set user chain.
[Debug] [2026-4-1 16:22:04] Begin to update graphic item and tree item ...
[Debug] [2026-4-1 16:22:04] End to update graphic item and tree item ...
[Debug] [2026-4-1 16:22:04] Log::Print : PANGO USB CABLE II cable driver: D2XX DLL
[Debug] [2026-4-1 16:22:04] Log::Print : PG2L200H
[Debug] [2026-4-1 16:22:04] Log::Print : This device configure situation (done bit): 0
[Info] [2026-4-1 16:22:05] set OpenLastPath: C:/Users/Datou21/Desktop/PDS/cnn_usb_copy/prj_pds/generate_bitstream/hdmi_loop.sbit
[Debug] [2026-4-1 16:22:05] begin to get device info from CFG file...
[Debug] [2026-4-1 16:22:05] end to get device info from CFG file...
[Debug] [2026-4-1 16:22:05] Begin to update graphic item and tree item ...
[Debug] [2026-4-1 16:22:05] End to update graphic item and tree item ...
[Debug] [2026-4-1 16:22:05] Begin to update graphic item and tree item ...
[Debug] [2026-4-1 16:22:05] End to update graphic item and tree item ...
[Debug] [2026-4-1 16:22:05] End to deal wiht chain from server.
[Debug] [2026-4-1 16:22:05] end the exec of open cable cmd.
[Debug] [2026-4-1 16:22:05] COMMAND[Open config cable] execute successfully, takes 1.5 secs.
[Debug] [2026-4-1 16:22:05] Log::Print : COMMAND[Open config cable] execute successfully, takes 1.5 secs.
[Debug] [2026-4-1 16:22:06] Begin to send programming cmd...
[Debug] [2026-4-1 16:22:06] Send RPC:5
[Debug] [2026-4-1 16:22:06] Begin to send program data.
[Debug] [2026-4-1 16:22:06] End to send program data.
[Debug] [2026-4-1 16:22:06] Send cmd [Program:20002] OK
[Debug] [2026-4-1 16:22:07] The value of Progress is 6
[Debug] [2026-4-1 16:22:07] The value of Progress is 10
[Debug] [2026-4-1 16:22:08] The value of Progress is 15
[Debug] [2026-4-1 16:22:08] The value of Progress is 20
[Debug] [2026-4-1 16:22:09] The value of Progress is 25
[Debug] [2026-4-1 16:22:09] The value of Progress is 30
[Debug] [2026-4-1 16:22:09] The value of Progress is 35
[Debug] [2026-4-1 16:22:10] The value of Progress is 40
[Debug] [2026-4-1 16:22:10] The value of Progress is 45
[Debug] [2026-4-1 16:22:10] The value of Progress is 50
[Debug] [2026-4-1 16:22:11] The value of Progress is 55
[Debug] [2026-4-1 16:22:11] The value of Progress is 60
[Debug] [2026-4-1 16:22:12] The value of Progress is 65
[Debug] [2026-4-1 16:22:12] The value of Progress is 70
[Debug] [2026-4-1 16:22:12] The value of Progress is 75
[Debug] [2026-4-1 16:22:13] The value of Progress is 80
[Debug] [2026-4-1 16:22:13] The value of Progress is 85
[Debug] [2026-4-1 16:22:14] The value of Progress is 90
[Debug] [2026-4-1 16:22:14] The value of Progress is 95
[Debug] [2026-4-1 16:22:14] The value of Progress is 100
[Debug] [2026-4-1 16:22:15] COMMAND[Program] execute successfully, takes 8.5 secs.
[Debug] [2026-4-1 16:22:15] End to send programming cmd.
[Debug] [2026-4-1 16:22:15] Log::Print : The done bit is 1
[Debug] [2026-4-1 16:22:15] Log::Print : COMMAND[Program] execute successfully, takes 8.5 secs.
[Debug] [2026-4-1 16:22:26] Begin to send programming cmd...
[Debug] [2026-4-1 16:22:26] Send RPC:6
[Debug] [2026-4-1 16:22:26] Begin to send program data.
[Debug] [2026-4-1 16:22:26] End to send program data.
[Debug] [2026-4-1 16:22:26] Send cmd [Program:20002] OK
[Debug] [2026-4-1 16:22:27] The value of Progress is 6
[Debug] [2026-4-1 16:22:28] The value of Progress is 10
[Debug] [2026-4-1 16:22:28] The value of Progress is 15
[Debug] [2026-4-1 16:22:28] The value of Progress is 20
[Debug] [2026-4-1 16:22:29] The value of Progress is 25
[Debug] [2026-4-1 16:22:29] The value of Progress is 30
[Debug] [2026-4-1 16:22:30] The value of Progress is 35
[Debug] [2026-4-1 16:22:30] The value of Progress is 40
[Debug] [2026-4-1 16:22:30] The value of Progress is 45
[Debug] [2026-4-1 16:22:31] The value of Progress is 50
[Debug] [2026-4-1 16:22:31] The value of Progress is 55
[Debug] [2026-4-1 16:22:32] The value of Progress is 60
[Debug] [2026-4-1 16:22:32] The value of Progress is 65
[Debug] [2026-4-1 16:22:32] The value of Progress is 70
[Debug] [2026-4-1 16:22:33] The value of Progress is 75
[Debug] [2026-4-1 16:22:33] The value of Progress is 80
[Debug] [2026-4-1 16:22:33] The value of Progress is 85
[Debug] [2026-4-1 16:22:34] The value of Progress is 90
[Debug] [2026-4-1 16:22:34] The value of Progress is 95
[Debug] [2026-4-1 16:22:35] The value of Progress is 100
[Debug] [2026-4-1 16:22:35] COMMAND[Program] execute successfully, takes 8.4 secs.
[Debug] [2026-4-1 16:22:35] End to send programming cmd.
[Debug] [2026-4-1 16:22:35] Log::Print : The done bit is 1
[Debug] [2026-4-1 16:22:35] Log::Print : COMMAND[Program] execute successfully, takes 8.4 secs.
[Info] [2026-4-1 16:24:24] /***************************End Configration***************************/
[Info] [2026-4-1 19:04:25] /***************************Start Configuration***************************/
[Info] [2026-4-1 19:04:25] Path: C:/pango/PDS_2022.2-SP6.4/bin
[Info] [2026-4-1 19:04:25] Version: 146967
[Info] [2026-4-1 19:04:26] Current Path: C:/Users/Datou21/Desktop/PDS/cnn_usb_copy/prj_pds
[Info] [2026-4-1 19:04:26] PDS Dir Path: C:/Users/Datou21/Desktop/PDS/cnn_usb_copy/prj_pds
[Info] [2026-4-1 19:04:33] Configuration is not connect with server. connect first then scan chain.
[Debug] [2026-4-1 19:04:33] Client Local host name:DESKTOP-VB8TKRO
[Debug] [2026-4-1 19:04:33] Client Local Address:2.0.0.1
[Debug] [2026-4-1 19:04:33] Client Local Address:210.77.26.220
[Debug] [2026-4-1 19:04:33] Client Local Address:192.168.44.1
[Debug] [2026-4-1 19:04:33] Client Local Address:192.168.176.1
[Debug] [2026-4-1 19:04:33] Server Address:127.0.0.1, Port:65420
[Debug] [2026-4-1 19:04:33] Log::Print : Connecting to server[127.0.0.1 : 65420].
[Info] [2026-4-1 19:04:34] Connect OK, Server: 127.0.0.1  Port: 65420
[Debug] [2026-4-1 19:04:34] Finish.
[Info] [2026-4-1 19:04:34] Connect server succeeded
[Debug] [2026-4-1 19:04:34] Send RPC:1
[Debug] [2026-4-1 19:04:34] Send cmd [check version information:40004] OK
[Debug] [2026-4-1 19:04:34] Log::Print : Connect to server[127.0.0.1 : 65420] successfully.
[Debug] [2026-4-1 19:04:34] Send RPC:2
[Debug] [2026-4-1 19:04:34] Send cmd [get_cable_paras:40010] OK
[Debug] [2026-4-1 19:04:34] Begin to send initialize chain cmd...
[Debug] [2026-4-1 19:04:34] Send RPC:3
[Debug] [2026-4-1 19:04:34] Send cmd [Open config cable:20001] OK
[Debug] [2026-4-1 19:04:34] End to send initialize chain cmd.
[Debug] [2026-4-1 19:04:34] COMMAND[check version information] execute successfully, takes 0.0 secs.
[Debug] [2026-4-1 19:04:34] Log::Print : COMMAND[check version information] execute successfully, takes 0.0 secs.
[Debug] [2026-4-1 19:04:34] COMMAND[get_cable_paras] execute successfully, takes 0.8 secs.
[Debug] [2026-4-1 19:04:34] Log::Print : The cable List : 

[Debug] [2026-4-1 19:04:34] Log::Print : COMMAND[get_cable_paras] execute successfully, takes 0.8 secs.
[Error] [2026-4-1 19:04:34] fail to exec Open config cable cmd...
[Error] [2026-4-1 19:04:34] MsgOut: JtagServer-0306: No devices detected while scanning the JTAG chain, failed detecting JTAG device chain.
[Warn] [2026-4-1 19:04:34] MsgOut: Please check the device power, cable connection situation and whether put the chip in the right way or not.
   If these do not work, try to restart the software.
[Error] [2026-4-1 19:04:34] MsgOut: Configuration-0008: The command 'Open config cable' execute fail.
[Debug] [2026-4-1 19:04:39] Begin to send initialize chain cmd...
[Debug] [2026-4-1 19:04:39] Send RPC:4
[Debug] [2026-4-1 19:04:39] Send cmd [Open config cable:20001] OK
[Debug] [2026-4-1 19:04:39] End to send initialize chain cmd.
[Error] [2026-4-1 19:04:39] fail to exec Open config cable cmd...
[Error] [2026-4-1 19:04:39] MsgOut: JtagServer-0306: No devices detected while scanning the JTAG chain, failed detecting JTAG device chain.
[Warn] [2026-4-1 19:04:39] MsgOut: Please check the device power, cable connection situation and whether put the chip in the right way or not.
   If these do not work, try to restart the software.
[Error] [2026-4-1 19:04:39] MsgOut: Configuration-0008: The command 'Open config cable' execute fail.
[Debug] [2026-4-1 19:04:46] Begin to send initialize chain cmd...
[Debug] [2026-4-1 19:04:46] Send RPC:5
[Debug] [2026-4-1 19:04:46] Send cmd [Open config cable:20001] OK
[Debug] [2026-4-1 19:04:46] End to send initialize chain cmd.
[Error] [2026-4-1 19:04:46] fail to exec Open config cable cmd...
[Error] [2026-4-1 19:04:46] MsgOut: JtagServer-0306: No devices detected while scanning the JTAG chain, failed detecting JTAG device chain.
[Warn] [2026-4-1 19:04:46] MsgOut: Please check the device power, cable connection situation and whether put the chip in the right way or not.
   If these do not work, try to restart the software.
[Error] [2026-4-1 19:04:46] MsgOut: Configuration-0008: The command 'Open config cable' execute fail.
[Info] [2026-4-1 19:04:48] /***************************End Configration***************************/
[Info] [2026-4-1 19:04:50] /***************************Start Configuration***************************/
[Info] [2026-4-1 19:04:50] Path: C:/pango/PDS_2022.2-SP6.4/bin
[Info] [2026-4-1 19:04:50] Version: 146967
[Info] [2026-4-1 19:04:51] Current Path: C:/Users/Datou21/Desktop/PDS/cnn_usb_copy/prj_pds
[Info] [2026-4-1 19:04:51] PDS Dir Path: C:/Users/Datou21/Desktop/PDS/cnn_usb_copy/prj_pds
[Info] [2026-4-1 19:04:53] Configuration is not connect with server. connect first then scan chain.
[Debug] [2026-4-1 19:04:53] Client Local host name:DESKTOP-VB8TKRO
[Debug] [2026-4-1 19:04:53] Client Local Address:2.0.0.1
[Debug] [2026-4-1 19:04:53] Client Local Address:210.77.26.220
[Debug] [2026-4-1 19:04:53] Client Local Address:192.168.44.1
[Debug] [2026-4-1 19:04:53] Client Local Address:192.168.176.1
[Debug] [2026-4-1 19:04:53] Server Address:127.0.0.1, Port:65420
[Debug] [2026-4-1 19:04:53] Log::Print : Connecting to server[127.0.0.1 : 65420].
[Info] [2026-4-1 19:04:53] Connect OK, Server: 127.0.0.1  Port: 65420
[Debug] [2026-4-1 19:04:53] Finish.
[Info] [2026-4-1 19:04:53] Connect server succeeded
[Debug] [2026-4-1 19:04:53] Send RPC:1
[Debug] [2026-4-1 19:04:53] Send cmd [check version information:40004] OK
[Debug] [2026-4-1 19:04:53] Log::Print : Connect to server[127.0.0.1 : 65420] successfully.
[Debug] [2026-4-1 19:04:55] Send RPC:2
[Debug] [2026-4-1 19:04:55] Send cmd [get_cable_paras:40010] OK
[Debug] [2026-4-1 19:04:55] Begin to send initialize chain cmd...
[Debug] [2026-4-1 19:04:55] Send RPC:3
[Debug] [2026-4-1 19:04:55] Send cmd [Open config cable:20001] OK
[Debug] [2026-4-1 19:04:55] End to send initialize chain cmd.
[Debug] [2026-4-1 19:04:55] COMMAND[check version information] execute successfully, takes 1.6 secs.
[Debug] [2026-4-1 19:04:55] Log::Print : COMMAND[check version information] execute successfully, takes 1.6 secs.
[Debug] [2026-4-1 19:04:57] COMMAND[get_cable_paras] execute successfully, takes 1.8 secs.
[Debug] [2026-4-1 19:04:57] Log::Print : The cable List : 
Cable index 0:USB Cable II/fffffffffffffffe 

[Debug] [2026-4-1 19:04:57] Log::Print : COMMAND[get_cable_paras] execute successfully, takes 1.8 secs.
[Debug] [2026-4-1 19:04:57] begin the exec of open cable cmd...
[Debug] [2026-4-1 19:04:57] Begin to deal with chain from server...
[Debug] [2026-4-1 19:04:57] Begin to set user chain...
[Debug] [2026-4-1 19:04:57] End to set user chain.
[Debug] [2026-4-1 19:04:57] Begin to update graphic item and tree item ...
[Debug] [2026-4-1 19:04:57] End to update graphic item and tree item ...
[Debug] [2026-4-1 19:04:57] Log::Print : PANGO USB CABLE II cable driver: D2XX DLL
[Debug] [2026-4-1 19:04:57] Log::Print : PG2L200H
[Debug] [2026-4-1 19:04:57] Log::Print : This device configure situation (done bit): 0
[Info] [2026-4-1 19:04:59] set OpenLastPath: C:/Users/Datou21/Desktop/PDS/cnn_usb_copy/prj_pds/generate_bitstream/hdmi_loop.sbit
[Debug] [2026-4-1 19:04:59] begin to get device info from CFG file...
[Debug] [2026-4-1 19:04:59] end to get device info from CFG file...
[Debug] [2026-4-1 19:04:59] Begin to update graphic item and tree item ...
[Debug] [2026-4-1 19:04:59] End to update graphic item and tree item ...
[Debug] [2026-4-1 19:04:59] Begin to update graphic item and tree item ...
[Debug] [2026-4-1 19:04:59] End to update graphic item and tree item ...
[Debug] [2026-4-1 19:04:59] End to deal wiht chain from server.
[Debug] [2026-4-1 19:04:59] end the exec of open cable cmd.
[Debug] [2026-4-1 19:04:59] COMMAND[Open config cable] execute successfully, takes 4.1 secs.
[Debug] [2026-4-1 19:04:59] Log::Print : COMMAND[Open config cable] execute successfully, takes 4.1 secs.
[Debug] [2026-4-1 19:05:00] Begin to send programming cmd...
[Debug] [2026-4-1 19:05:00] Send RPC:4
[Debug] [2026-4-1 19:05:00] Begin to send program data.
[Debug] [2026-4-1 19:05:00] End to send program data.
[Debug] [2026-4-1 19:05:00] Send cmd [Program:20002] OK
[Debug] [2026-4-1 19:05:01] The value of Progress is 6
[Debug] [2026-4-1 19:05:01] The value of Progress is 10
[Debug] [2026-4-1 19:05:02] The value of Progress is 15
[Debug] [2026-4-1 19:05:02] The value of Progress is 20
[Debug] [2026-4-1 19:05:02] The value of Progress is 25
[Debug] [2026-4-1 19:05:03] The value of Progress is 30
[Debug] [2026-4-1 19:05:03] The value of Progress is 35
[Debug] [2026-4-1 19:05:03] The value of Progress is 40
[Debug] [2026-4-1 19:05:04] The value of Progress is 45
[Debug] [2026-4-1 19:05:04] The value of Progress is 50
[Debug] [2026-4-1 19:05:05] The value of Progress is 55
[Debug] [2026-4-1 19:05:05] The value of Progress is 60
[Debug] [2026-4-1 19:05:05] The value of Progress is 65
[Debug] [2026-4-1 19:05:06] The value of Progress is 70
[Debug] [2026-4-1 19:05:06] The value of Progress is 75
[Debug] [2026-4-1 19:05:07] The value of Progress is 80
[Debug] [2026-4-1 19:05:07] The value of Progress is 85
[Debug] [2026-4-1 19:05:07] The value of Progress is 90
[Debug] [2026-4-1 19:05:08] The value of Progress is 95
[Debug] [2026-4-1 19:05:08] The value of Progress is 100
[Debug] [2026-4-1 19:05:08] COMMAND[Program] execute successfully, takes 8.4 secs.
[Debug] [2026-4-1 19:05:08] End to send programming cmd.
[Debug] [2026-4-1 19:05:08] Log::Print : The done bit is 1
[Debug] [2026-4-1 19:05:08] Log::Print : COMMAND[Program] execute successfully, takes 8.4 secs.
[Debug] [2026-4-1 19:05:20] Begin to send programming cmd...
[Debug] [2026-4-1 19:05:20] Send RPC:5
[Debug] [2026-4-1 19:05:20] Begin to send program data.
[Debug] [2026-4-1 19:05:20] End to send program data.
[Debug] [2026-4-1 19:05:20] Send cmd [Program:20002] OK
[Debug] [2026-4-1 19:05:21] The value of Progress is 6
[Debug] [2026-4-1 19:05:21] The value of Progress is 10
[Debug] [2026-4-1 19:05:21] The value of Progress is 15
[Debug] [2026-4-1 19:05:22] The value of Progress is 20
[Debug] [2026-4-1 19:05:22] The value of Progress is 25
[Debug] [2026-4-1 19:05:23] The value of Progress is 30
[Debug] [2026-4-1 19:05:23] The value of Progress is 35
[Debug] [2026-4-1 19:05:23] The value of Progress is 40
[Debug] [2026-4-1 19:05:24] The value of Progress is 45
[Debug] [2026-4-1 19:05:24] The value of Progress is 50
[Debug] [2026-4-1 19:05:25] The value of Progress is 55
[Debug] [2026-4-1 19:05:25] The value of Progress is 60
[Debug] [2026-4-1 19:05:25] The value of Progress is 65
[Debug] [2026-4-1 19:05:26] The value of Progress is 70
[Debug] [2026-4-1 19:05:26] The value of Progress is 75
[Debug] [2026-4-1 19:05:26] The value of Progress is 80
[Debug] [2026-4-1 19:05:27] The value of Progress is 85
[Debug] [2026-4-1 19:05:27] The value of Progress is 90
[Debug] [2026-4-1 19:05:28] The value of Progress is 95
[Debug] [2026-4-1 19:05:28] The value of Progress is 100
[Debug] [2026-4-1 19:05:28] COMMAND[Program] execute successfully, takes 8.4 secs.
[Debug] [2026-4-1 19:05:28] End to send programming cmd.
[Debug] [2026-4-1 19:05:28] Log::Print : The done bit is 1
[Debug] [2026-4-1 19:05:28] Log::Print : COMMAND[Program] execute successfully, takes 8.4 secs.
[Debug] [2026-4-1 19:09:58] Begin to send programming cmd...
[Debug] [2026-4-1 19:09:58] Send RPC:6
[Debug] [2026-4-1 19:09:58] Begin to send program data.
[Debug] [2026-4-1 19:09:58] End to send program data.
[Debug] [2026-4-1 19:09:58] Send cmd [Program:20002] OK
[Debug] [2026-4-1 19:09:59] The value of Progress is 6
[Debug] [2026-4-1 19:09:59] The value of Progress is 10
[Debug] [2026-4-1 19:10:00] The value of Progress is 15
[Debug] [2026-4-1 19:10:00] The value of Progress is 20
[Debug] [2026-4-1 19:10:00] The value of Progress is 25
[Debug] [2026-4-1 19:10:01] The value of Progress is 30
[Debug] [2026-4-1 19:10:01] The value of Progress is 35
[Debug] [2026-4-1 19:10:02] The value of Progress is 40
[Debug] [2026-4-1 19:10:02] The value of Progress is 45
[Debug] [2026-4-1 19:10:02] The value of Progress is 50
[Debug] [2026-4-1 19:10:03] The value of Progress is 55
[Debug] [2026-4-1 19:10:03] The value of Progress is 60
[Debug] [2026-4-1 19:10:04] The value of Progress is 65
[Debug] [2026-4-1 19:10:04] The value of Progress is 70
[Debug] [2026-4-1 19:10:04] The value of Progress is 75
[Debug] [2026-4-1 19:10:05] The value of Progress is 80
[Debug] [2026-4-1 19:10:05] The value of Progress is 85
[Debug] [2026-4-1 19:10:05] The value of Progress is 90
[Debug] [2026-4-1 19:10:06] The value of Progress is 95
[Debug] [2026-4-1 19:10:06] The value of Progress is 100
[Debug] [2026-4-1 19:10:07] COMMAND[Program] execute successfully, takes 8.5 secs.
[Debug] [2026-4-1 19:10:07] End to send programming cmd.
[Debug] [2026-4-1 19:10:07] Log::Print : The done bit is 1
[Debug] [2026-4-1 19:10:07] Log::Print : COMMAND[Program] execute successfully, takes 8.5 secs.
[Debug] [2026-4-1 19:12:23] Begin to send programming cmd...
[Debug] [2026-4-1 19:12:23] Send RPC:7
[Debug] [2026-4-1 19:12:23] Begin to send program data.
[Debug] [2026-4-1 19:12:23] End to send program data.
[Debug] [2026-4-1 19:12:23] Send cmd [Program:20002] OK
[Debug] [2026-4-1 19:12:24] The value of Progress is 6
[Debug] [2026-4-1 19:12:24] The value of Progress is 10
[Debug] [2026-4-1 19:12:24] The value of Progress is 15
[Debug] [2026-4-1 19:12:25] The value of Progress is 20
[Debug] [2026-4-1 19:12:25] The value of Progress is 25
[Debug] [2026-4-1 19:12:25] The value of Progress is 30
[Debug] [2026-4-1 19:12:26] The value of Progress is 35
[Debug] [2026-4-1 19:12:26] The value of Progress is 40
[Debug] [2026-4-1 19:12:27] The value of Progress is 45
[Debug] [2026-4-1 19:12:27] The value of Progress is 50
[Debug] [2026-4-1 19:12:27] The value of Progress is 55
[Debug] [2026-4-1 19:12:28] The value of Progress is 60
[Debug] [2026-4-1 19:12:28] The value of Progress is 65
[Debug] [2026-4-1 19:12:28] The value of Progress is 70
[Debug] [2026-4-1 19:12:29] The value of Progress is 75
[Debug] [2026-4-1 19:12:29] The value of Progress is 80
[Debug] [2026-4-1 19:12:30] The value of Progress is 85
[Debug] [2026-4-1 19:12:30] The value of Progress is 90
[Debug] [2026-4-1 19:12:30] The value of Progress is 95
[Debug] [2026-4-1 19:12:31] The value of Progress is 100
[Debug] [2026-4-1 19:12:31] COMMAND[Program] execute successfully, takes 8.5 secs.
[Debug] [2026-4-1 19:12:31] End to send programming cmd.
[Debug] [2026-4-1 19:12:31] Log::Print : The done bit is 1
[Debug] [2026-4-1 19:12:31] Log::Print : COMMAND[Program] execute successfully, takes 8.5 secs.
[Info] [2026-4-1 19:13:28] /***************************End Configration***************************/
[Info] [2026-4-1 19:50:16] /***************************Start Configuration***************************/
[Info] [2026-4-1 19:50:16] Path: C:/pango/PDS_2022.2-SP6.4/bin
[Info] [2026-4-1 19:50:16] Version: 146967
[Info] [2026-4-1 19:50:17] Current Path: C:/Users/Datou21/Desktop/PDS/cnn_usb_copy/prj_pds
[Info] [2026-4-1 19:50:17] PDS Dir Path: C:/Users/Datou21/Desktop/PDS/cnn_usb_copy/prj_pds
[Info] [2026-4-1 19:50:31] Configuration is not connect with server. connect first then scan chain.
[Debug] [2026-4-1 19:50:31] Client Local host name:DESKTOP-VB8TKRO
[Debug] [2026-4-1 19:50:31] Client Local Address:2.0.0.1
[Debug] [2026-4-1 19:50:31] Client Local Address:210.77.26.220
[Debug] [2026-4-1 19:50:31] Client Local Address:192.168.44.1
[Debug] [2026-4-1 19:50:31] Client Local Address:192.168.176.1
[Debug] [2026-4-1 19:50:31] Server Address:127.0.0.1, Port:65420
[Debug] [2026-4-1 19:50:31] Log::Print : Connecting to server[127.0.0.1 : 65420].
[Info] [2026-4-1 19:50:32] Connect OK, Server: 127.0.0.1  Port: 65420
[Debug] [2026-4-1 19:50:32] Finish.
[Info] [2026-4-1 19:50:32] Connect server succeeded
[Debug] [2026-4-1 19:50:32] Send RPC:1
[Debug] [2026-4-1 19:50:32] Send cmd [check version information:40004] OK
[Debug] [2026-4-1 19:50:32] Log::Print : Connect to server[127.0.0.1 : 65420] successfully.
[Debug] [2026-4-1 19:50:33] Send RPC:2
[Debug] [2026-4-1 19:50:33] Send cmd [get_cable_paras:40010] OK
[Debug] [2026-4-1 19:50:33] Begin to send initialize chain cmd...
[Debug] [2026-4-1 19:50:33] Send RPC:3
[Debug] [2026-4-1 19:50:33] Send cmd [Open config cable:20001] OK
[Debug] [2026-4-1 19:50:33] End to send initialize chain cmd.
[Debug] [2026-4-1 19:50:33] COMMAND[check version information] execute successfully, takes 1.5 secs.
[Debug] [2026-4-1 19:50:33] Log::Print : COMMAND[check version information] execute successfully, takes 1.5 secs.
[Debug] [2026-4-1 19:50:35] COMMAND[get_cable_paras] execute successfully, takes 1.9 secs.
[Debug] [2026-4-1 19:50:35] Log::Print : The cable List : 
Cable index 0:USB Cable II/fffffffffffffffe 

[Debug] [2026-4-1 19:50:35] Log::Print : COMMAND[get_cable_paras] execute successfully, takes 1.9 secs.
[Debug] [2026-4-1 19:50:36] begin the exec of open cable cmd...
[Debug] [2026-4-1 19:50:36] Begin to deal with chain from server...
[Debug] [2026-4-1 19:50:36] Begin to set user chain...
[Debug] [2026-4-1 19:50:36] End to set user chain.
[Debug] [2026-4-1 19:50:36] Begin to update graphic item and tree item ...
[Debug] [2026-4-1 19:50:36] End to update graphic item and tree item ...
[Debug] [2026-4-1 19:50:36] Log::Print : PANGO USB CABLE II cable driver: D2XX DLL
[Debug] [2026-4-1 19:50:36] Log::Print : PG2L200H
[Debug] [2026-4-1 19:50:36] Log::Print : This device configure situation (done bit): 0
[Info] [2026-4-1 19:50:37] set OpenLastPath: C:/Users/Datou21/Desktop/PDS/cnn_usb_copy/prj_pds/generate_bitstream/hdmi_loop.sbit
[Debug] [2026-4-1 19:50:37] begin to get device info from CFG file...
[Debug] [2026-4-1 19:50:37] end to get device info from CFG file...
[Debug] [2026-4-1 19:50:37] Begin to update graphic item and tree item ...
[Debug] [2026-4-1 19:50:37] End to update graphic item and tree item ...
[Debug] [2026-4-1 19:50:37] Begin to update graphic item and tree item ...
[Debug] [2026-4-1 19:50:37] End to update graphic item and tree item ...
[Debug] [2026-4-1 19:50:37] End to deal wiht chain from server.
[Debug] [2026-4-1 19:50:37] end the exec of open cable cmd.
[Debug] [2026-4-1 19:50:37] COMMAND[Open config cable] execute successfully, takes 4.2 secs.
[Debug] [2026-4-1 19:50:37] Log::Print : COMMAND[Open config cable] execute successfully, takes 4.2 secs.
[Debug] [2026-4-1 19:50:39] Begin to send programming cmd...
[Debug] [2026-4-1 19:50:39] Send RPC:4
[Debug] [2026-4-1 19:50:39] Begin to send program data.
[Debug] [2026-4-1 19:50:39] End to send program data.
[Debug] [2026-4-1 19:50:39] Send cmd [Program:20002] OK
[Debug] [2026-4-1 19:50:40] The value of Progress is 6
[Debug] [2026-4-1 19:50:40] The value of Progress is 10
[Debug] [2026-4-1 19:50:40] The value of Progress is 15
[Debug] [2026-4-1 19:50:41] The value of Progress is 20
[Debug] [2026-4-1 19:50:41] The value of Progress is 25
[Debug] [2026-4-1 19:50:42] The value of Progress is 30
[Debug] [2026-4-1 19:50:42] The value of Progress is 35
[Debug] [2026-4-1 19:50:42] The value of Progress is 40
[Debug] [2026-4-1 19:50:43] The value of Progress is 45
[Debug] [2026-4-1 19:50:43] The value of Progress is 50
[Debug] [2026-4-1 19:50:43] The value of Progress is 55
[Debug] [2026-4-1 19:50:44] The value of Progress is 60
[Debug] [2026-4-1 19:50:44] The value of Progress is 65
[Debug] [2026-4-1 19:50:45] The value of Progress is 70
[Debug] [2026-4-1 19:50:45] The value of Progress is 75
[Debug] [2026-4-1 19:50:45] The value of Progress is 80
[Debug] [2026-4-1 19:50:46] The value of Progress is 85
[Debug] [2026-4-1 19:50:46] The value of Progress is 90
[Debug] [2026-4-1 19:50:47] The value of Progress is 95
[Debug] [2026-4-1 19:50:47] The value of Progress is 100
[Debug] [2026-4-1 19:50:47] COMMAND[Program] execute successfully, takes 8.5 secs.
[Debug] [2026-4-1 19:50:47] End to send programming cmd.
[Debug] [2026-4-1 19:50:47] Log::Print : The done bit is 1
[Debug] [2026-4-1 19:50:47] Log::Print : COMMAND[Program] execute successfully, takes 8.5 secs.
[Debug] [2026-4-1 19:50:58] Begin to send programming cmd...
[Debug] [2026-4-1 19:50:58] Send RPC:5
[Debug] [2026-4-1 19:50:58] Begin to send program data.
[Debug] [2026-4-1 19:50:58] End to send program data.
[Debug] [2026-4-1 19:50:58] Send cmd [Program:20002] OK
[Debug] [2026-4-1 19:50:59] The value of Progress is 6
[Debug] [2026-4-1 19:50:59] The value of Progress is 10
[Debug] [2026-4-1 19:51:00] The value of Progress is 15
[Debug] [2026-4-1 19:51:00] The value of Progress is 20
[Debug] [2026-4-1 19:51:01] The value of Progress is 25
[Debug] [2026-4-1 19:51:01] The value of Progress is 30
[Debug] [2026-4-1 19:51:01] The value of Progress is 35
[Debug] [2026-4-1 19:51:02] The value of Progress is 40
[Debug] [2026-4-1 19:51:02] The value of Progress is 45
[Debug] [2026-4-1 19:51:02] The value of Progress is 50
[Debug] [2026-4-1 19:51:03] The value of Progress is 55
[Debug] [2026-4-1 19:51:03] The value of Progress is 60
[Debug] [2026-4-1 19:51:04] The value of Progress is 65
[Debug] [2026-4-1 19:51:04] The value of Progress is 70
[Debug] [2026-4-1 19:51:04] The value of Progress is 75
[Debug] [2026-4-1 19:51:05] The value of Progress is 80
[Debug] [2026-4-1 19:51:05] The value of Progress is 85
[Debug] [2026-4-1 19:51:06] The value of Progress is 90
[Debug] [2026-4-1 19:51:06] The value of Progress is 95
[Debug] [2026-4-1 19:51:06] The value of Progress is 100
[Debug] [2026-4-1 19:51:07] COMMAND[Program] execute successfully, takes 8.5 secs.
[Debug] [2026-4-1 19:51:07] End to send programming cmd.
[Debug] [2026-4-1 19:51:07] Log::Print : The done bit is 1
[Debug] [2026-4-1 19:51:07] Log::Print : COMMAND[Program] execute successfully, takes 8.5 secs.
[Info] [2026-4-1 19:54:58] /***************************End Configration***************************/
[Info] [2026-4-1 21:12:09] /***************************Start Configuration***************************/
[Info] [2026-4-1 21:12:09] Path: C:/pango/PDS_2022.2-SP6.4/bin
[Info] [2026-4-1 21:12:09] Version: 146967
[Info] [2026-4-1 21:12:10] Current Path: C:/Users/Datou21/Desktop/PDS/cnn_usb_copy/prj_pds
[Info] [2026-4-1 21:12:10] PDS Dir Path: C:/Users/Datou21/Desktop/PDS/cnn_usb_copy/prj_pds
[Info] [2026-4-1 21:12:11] Configuration is not connect with server. connect first then scan chain.
[Debug] [2026-4-1 21:12:11] Client Local host name:DESKTOP-VB8TKRO
[Debug] [2026-4-1 21:12:11] Client Local Address:2.0.0.1
[Debug] [2026-4-1 21:12:11] Client Local Address:210.77.26.220
[Debug] [2026-4-1 21:12:11] Client Local Address:192.168.44.1
[Debug] [2026-4-1 21:12:11] Client Local Address:192.168.176.1
[Debug] [2026-4-1 21:12:11] Server Address:127.0.0.1, Port:65420
[Debug] [2026-4-1 21:12:12] Log::Print : Connecting to server[127.0.0.1 : 65420].
[Info] [2026-4-1 21:12:12] Connect OK, Server: 127.0.0.1  Port: 65420
[Debug] [2026-4-1 21:12:12] Finish.
[Info] [2026-4-1 21:12:12] Connect server succeeded
[Debug] [2026-4-1 21:12:12] Send RPC:1
[Debug] [2026-4-1 21:12:12] Send cmd [check version information:40004] OK
[Debug] [2026-4-1 21:12:12] Log::Print : Connect to server[127.0.0.1 : 65420] successfully.
[Debug] [2026-4-1 21:12:14] Send RPC:2
[Debug] [2026-4-1 21:12:14] Send cmd [get_cable_paras:40010] OK
[Debug] [2026-4-1 21:12:14] Begin to send initialize chain cmd...
[Debug] [2026-4-1 21:12:14] Send RPC:3
[Debug] [2026-4-1 21:12:14] Send cmd [Open config cable:20001] OK
[Debug] [2026-4-1 21:12:14] End to send initialize chain cmd.
[Debug] [2026-4-1 21:12:14] COMMAND[check version information] execute successfully, takes 1.5 secs.
[Debug] [2026-4-1 21:12:14] Log::Print : COMMAND[check version information] execute successfully, takes 1.5 secs.
[Debug] [2026-4-1 21:12:15] COMMAND[get_cable_paras] execute successfully, takes 1.8 secs.
[Debug] [2026-4-1 21:12:15] Log::Print : The cable List : 
Cable index 0:USB Cable II/fffffffffffffffe 

[Debug] [2026-4-1 21:12:15] Log::Print : COMMAND[get_cable_paras] execute successfully, takes 1.8 secs.
[Debug] [2026-4-1 21:12:16] begin the exec of open cable cmd...
[Debug] [2026-4-1 21:12:16] Begin to deal with chain from server...
[Debug] [2026-4-1 21:12:16] Begin to set user chain...
[Debug] [2026-4-1 21:12:16] End to set user chain.
[Debug] [2026-4-1 21:12:16] Begin to update graphic item and tree item ...
[Debug] [2026-4-1 21:12:16] End to update graphic item and tree item ...
[Debug] [2026-4-1 21:12:16] Log::Print : PANGO USB CABLE II cable driver: D2XX DLL
[Debug] [2026-4-1 21:12:16] Log::Print : PG2L200H
[Debug] [2026-4-1 21:12:16] Log::Print : This device configure situation (done bit): 0
[Info] [2026-4-1 21:12:17] set OpenLastPath: C:/Users/Datou21/Desktop/PDS/cnn_usb_copy/prj_pds/generate_bitstream/hdmi_loop.sbit
[Debug] [2026-4-1 21:12:17] begin to get device info from CFG file...
[Debug] [2026-4-1 21:12:17] end to get device info from CFG file...
[Debug] [2026-4-1 21:12:17] Begin to update graphic item and tree item ...
[Debug] [2026-4-1 21:12:17] End to update graphic item and tree item ...
[Debug] [2026-4-1 21:12:17] Begin to update graphic item and tree item ...
[Debug] [2026-4-1 21:12:17] End to update graphic item and tree item ...
[Debug] [2026-4-1 21:12:17] End to deal wiht chain from server.
[Debug] [2026-4-1 21:12:17] end the exec of open cable cmd.
[Debug] [2026-4-1 21:12:17] COMMAND[Open config cable] execute successfully, takes 3.8 secs.
[Debug] [2026-4-1 21:12:17] Log::Print : COMMAND[Open config cable] execute successfully, takes 3.8 secs.
[Debug] [2026-4-1 21:12:18] Begin to send programming cmd...
[Debug] [2026-4-1 21:12:18] Send RPC:4
[Debug] [2026-4-1 21:12:18] Begin to send program data.
[Debug] [2026-4-1 21:12:18] End to send program data.
[Debug] [2026-4-1 21:12:18] Send cmd [Program:20002] OK
[Debug] [2026-4-1 21:12:19] The value of Progress is 6
[Debug] [2026-4-1 21:12:19] The value of Progress is 10
[Debug] [2026-4-1 21:12:20] The value of Progress is 15
[Debug] [2026-4-1 21:12:20] The value of Progress is 20
[Debug] [2026-4-1 21:12:21] The value of Progress is 25
[Debug] [2026-4-1 21:12:21] The value of Progress is 30
[Debug] [2026-4-1 21:12:21] The value of Progress is 35
[Debug] [2026-4-1 21:12:22] The value of Progress is 40
[Debug] [2026-4-1 21:12:22] The value of Progress is 45
[Debug] [2026-4-1 21:12:22] The value of Progress is 50
[Debug] [2026-4-1 21:12:23] The value of Progress is 55
[Debug] [2026-4-1 21:12:23] The value of Progress is 60
[Debug] [2026-4-1 21:12:24] The value of Progress is 65
[Debug] [2026-4-1 21:12:24] The value of Progress is 70
[Debug] [2026-4-1 21:12:24] The value of Progress is 75
[Debug] [2026-4-1 21:12:25] The value of Progress is 80
[Debug] [2026-4-1 21:12:25] The value of Progress is 85
[Debug] [2026-4-1 21:12:26] The value of Progress is 90
[Debug] [2026-4-1 21:12:26] The value of Progress is 95
[Debug] [2026-4-1 21:12:26] The value of Progress is 100
[Debug] [2026-4-1 21:12:27] COMMAND[Program] execute successfully, takes 8.4 secs.
[Debug] [2026-4-1 21:12:27] End to send programming cmd.
[Debug] [2026-4-1 21:12:27] Log::Print : The done bit is 1
[Debug] [2026-4-1 21:12:27] Log::Print : COMMAND[Program] execute successfully, takes 8.4 secs.
[Debug] [2026-4-1 21:12:44] Begin to send programming cmd...
[Debug] [2026-4-1 21:12:44] Send RPC:5
[Debug] [2026-4-1 21:12:44] Begin to send program data.
[Debug] [2026-4-1 21:12:44] End to send program data.
[Debug] [2026-4-1 21:12:44] Send cmd [Program:20002] OK
[Debug] [2026-4-1 21:12:44] The value of Progress is 6
[Debug] [2026-4-1 21:12:45] The value of Progress is 10
[Debug] [2026-4-1 21:12:45] The value of Progress is 15
[Debug] [2026-4-1 21:12:46] The value of Progress is 20
[Debug] [2026-4-1 21:12:46] The value of Progress is 25
[Debug] [2026-4-1 21:12:46] The value of Progress is 30
[Debug] [2026-4-1 21:12:47] The value of Progress is 35
[Debug] [2026-4-1 21:12:47] The value of Progress is 40
[Debug] [2026-4-1 21:12:47] The value of Progress is 45
[Debug] [2026-4-1 21:12:48] The value of Progress is 50
[Debug] [2026-4-1 21:12:48] The value of Progress is 55
[Debug] [2026-4-1 21:12:49] The value of Progress is 60
[Debug] [2026-4-1 21:12:49] The value of Progress is 65
[Debug] [2026-4-1 21:12:49] The value of Progress is 70
[Debug] [2026-4-1 21:12:50] The value of Progress is 75
[Debug] [2026-4-1 21:12:50] The value of Progress is 80
[Debug] [2026-4-1 21:12:51] The value of Progress is 85
[Debug] [2026-4-1 21:12:51] The value of Progress is 90
[Debug] [2026-4-1 21:12:51] The value of Progress is 95
[Debug] [2026-4-1 21:12:52] The value of Progress is 100
[Debug] [2026-4-1 21:12:52] COMMAND[Program] execute successfully, takes 8.4 secs.
[Debug] [2026-4-1 21:12:52] End to send programming cmd.
[Debug] [2026-4-1 21:12:52] Log::Print : The done bit is 1
[Debug] [2026-4-1 21:12:52] Log::Print : COMMAND[Program] execute successfully, takes 8.4 secs.
[Info] [2026-4-1 21:16:17] /***************************End Configration***************************/
[Info] [2026-4-1 21:40:18] /***************************Start Configuration***************************/
[Info] [2026-4-1 21:40:18] Path: C:/pango/PDS_2022.2-SP6.4/bin
[Info] [2026-4-1 21:40:18] Version: 146967
[Info] [2026-4-1 21:40:19] Current Path: C:/Users/Datou21/Desktop/PDS/cnn_usb_copy/prj_pds
[Info] [2026-4-1 21:40:19] PDS Dir Path: C:/Users/Datou21/Desktop/PDS/cnn_usb_copy/prj_pds
[Info] [2026-4-1 21:40:24] Configuration is not connect with server. connect first then scan chain.
[Debug] [2026-4-1 21:40:24] Client Local host name:DESKTOP-VB8TKRO
[Debug] [2026-4-1 21:40:24] Client Local Address:2.0.0.1
[Debug] [2026-4-1 21:40:24] Client Local Address:210.77.26.220
[Debug] [2026-4-1 21:40:24] Client Local Address:192.168.44.1
[Debug] [2026-4-1 21:40:24] Client Local Address:192.168.176.1
[Debug] [2026-4-1 21:40:24] Server Address:127.0.0.1, Port:65420
[Debug] [2026-4-1 21:40:24] Log::Print : Connecting to server[127.0.0.1 : 65420].
[Info] [2026-4-1 21:40:24] Connect OK, Server: 127.0.0.1  Port: 65420
[Debug] [2026-4-1 21:40:24] Finish.
[Info] [2026-4-1 21:40:24] Connect server succeeded
[Debug] [2026-4-1 21:40:24] Send RPC:1
[Debug] [2026-4-1 21:40:24] Send cmd [check version information:40004] OK
[Debug] [2026-4-1 21:40:24] Log::Print : Connect to server[127.0.0.1 : 65420] successfully.
[Debug] [2026-4-1 21:40:25] Send RPC:2
[Debug] [2026-4-1 21:40:25] Send cmd [get_cable_paras:40010] OK
[Debug] [2026-4-1 21:40:25] Begin to send initialize chain cmd...
[Debug] [2026-4-1 21:40:25] Send RPC:3
[Debug] [2026-4-1 21:40:25] Send cmd [Open config cable:20001] OK
[Debug] [2026-4-1 21:40:25] End to send initialize chain cmd.
[Debug] [2026-4-1 21:40:25] COMMAND[check version information] execute successfully, takes 0.4 secs.
[Debug] [2026-4-1 21:40:25] Log::Print : COMMAND[check version information] execute successfully, takes 0.4 secs.
[Debug] [2026-4-1 21:40:26] COMMAND[get_cable_paras] execute successfully, takes 1.1 secs.
[Debug] [2026-4-1 21:40:26] Log::Print : The cable List : 
Cable index 0:USB Cable II/fffffffffffffffe 

[Debug] [2026-4-1 21:40:26] Log::Print : COMMAND[get_cable_paras] execute successfully, takes 1.1 secs.
[Debug] [2026-4-1 21:40:26] begin the exec of open cable cmd...
[Debug] [2026-4-1 21:40:26] Begin to deal with chain from server...
[Debug] [2026-4-1 21:40:26] Begin to set user chain...
[Debug] [2026-4-1 21:40:26] End to set user chain.
[Debug] [2026-4-1 21:40:26] Begin to update graphic item and tree item ...
[Debug] [2026-4-1 21:40:26] End to update graphic item and tree item ...
[Debug] [2026-4-1 21:40:26] Log::Print : PANGO USB CABLE II cable driver: D2XX DLL
[Debug] [2026-4-1 21:40:26] Log::Print : PG2L200H
[Debug] [2026-4-1 21:40:26] Log::Print : This device configure situation (done bit): 0
[Info] [2026-4-1 21:40:28] set OpenLastPath: C:/Users/Datou21/Desktop/PDS/cnn_usb_copy/prj_pds/generate_bitstream/hdmi_loop.sbit
[Debug] [2026-4-1 21:40:28] begin to get device info from CFG file...
[Debug] [2026-4-1 21:40:28] end to get device info from CFG file...
[Debug] [2026-4-1 21:40:28] Begin to update graphic item and tree item ...
[Debug] [2026-4-1 21:40:28] End to update graphic item and tree item ...
[Debug] [2026-4-1 21:40:28] Begin to update graphic item and tree item ...
[Debug] [2026-4-1 21:40:28] End to update graphic item and tree item ...
[Debug] [2026-4-1 21:40:28] End to deal wiht chain from server.
[Debug] [2026-4-1 21:40:28] end the exec of open cable cmd.
[Debug] [2026-4-1 21:40:28] COMMAND[Open config cable] execute successfully, takes 3.0 secs.
[Debug] [2026-4-1 21:40:28] Log::Print : COMMAND[Open config cable] execute successfully, takes 3.0 secs.
[Debug] [2026-4-1 21:40:32] Begin to send programming cmd...
[Debug] [2026-4-1 21:40:32] Send RPC:4
[Debug] [2026-4-1 21:40:32] Begin to send program data.
[Debug] [2026-4-1 21:40:32] End to send program data.
[Debug] [2026-4-1 21:40:32] Send cmd [Program:20002] OK
[Debug] [2026-4-1 21:40:33] The value of Progress is 6
[Debug] [2026-4-1 21:40:33] The value of Progress is 10
[Debug] [2026-4-1 21:40:33] The value of Progress is 15
[Debug] [2026-4-1 21:40:34] The value of Progress is 20
[Debug] [2026-4-1 21:40:34] The value of Progress is 25
[Debug] [2026-4-1 21:40:34] The value of Progress is 30
[Debug] [2026-4-1 21:40:35] The value of Progress is 35
[Debug] [2026-4-1 21:40:35] The value of Progress is 40
[Debug] [2026-4-1 21:40:36] The value of Progress is 45
[Debug] [2026-4-1 21:40:36] The value of Progress is 50
[Debug] [2026-4-1 21:40:36] The value of Progress is 55
[Debug] [2026-4-1 21:40:37] The value of Progress is 60
[Debug] [2026-4-1 21:40:37] The value of Progress is 65
[Debug] [2026-4-1 21:40:37] The value of Progress is 70
[Debug] [2026-4-1 21:40:38] The value of Progress is 75
[Debug] [2026-4-1 21:40:38] The value of Progress is 80
[Debug] [2026-4-1 21:40:39] The value of Progress is 85
[Debug] [2026-4-1 21:40:39] The value of Progress is 90
[Debug] [2026-4-1 21:40:39] The value of Progress is 95
[Debug] [2026-4-1 21:40:40] The value of Progress is 100
[Debug] [2026-4-1 21:40:40] COMMAND[Program] execute successfully, takes 8.3 secs.
[Debug] [2026-4-1 21:40:40] End to send programming cmd.
[Debug] [2026-4-1 21:40:40] Log::Print : The done bit is 1
[Debug] [2026-4-1 21:40:40] Log::Print : COMMAND[Program] execute successfully, takes 8.3 secs.
[Debug] [2026-4-1 21:42:00] Begin to send programming cmd...
[Debug] [2026-4-1 21:42:00] Send RPC:5
[Debug] [2026-4-1 21:42:00] Begin to send program data.
[Debug] [2026-4-1 21:42:00] End to send program data.
[Debug] [2026-4-1 21:42:00] Send cmd [Program:20002] OK
[Debug] [2026-4-1 21:42:01] The value of Progress is 6
[Debug] [2026-4-1 21:42:02] The value of Progress is 10
[Debug] [2026-4-1 21:42:02] The value of Progress is 15
[Debug] [2026-4-1 21:42:02] The value of Progress is 20
[Debug] [2026-4-1 21:42:03] The value of Progress is 25
[Debug] [2026-4-1 21:42:03] The value of Progress is 30
[Debug] [2026-4-1 21:42:03] The value of Progress is 35
[Debug] [2026-4-1 21:42:04] The value of Progress is 40
[Debug] [2026-4-1 21:42:04] The value of Progress is 45
[Debug] [2026-4-1 21:42:05] The value of Progress is 50
[Debug] [2026-4-1 21:42:05] The value of Progress is 55
[Debug] [2026-4-1 21:42:05] The value of Progress is 60
[Debug] [2026-4-1 21:42:06] The value of Progress is 65
[Debug] [2026-4-1 21:42:06] The value of Progress is 70
[Debug] [2026-4-1 21:42:06] The value of Progress is 75
[Debug] [2026-4-1 21:42:07] The value of Progress is 80
[Debug] [2026-4-1 21:42:07] The value of Progress is 85
[Debug] [2026-4-1 21:42:08] The value of Progress is 90
[Debug] [2026-4-1 21:42:08] The value of Progress is 95
[Debug] [2026-4-1 21:42:08] The value of Progress is 100
[Debug] [2026-4-1 21:42:09] COMMAND[Program] execute successfully, takes 8.3 secs.
[Debug] [2026-4-1 21:42:09] End to send programming cmd.
[Debug] [2026-4-1 21:42:09] Log::Print : The done bit is 1
[Debug] [2026-4-1 21:42:09] Log::Print : COMMAND[Program] execute successfully, takes 8.3 secs.
[Debug] [2026-4-1 21:42:17] Begin to send programming cmd...
[Debug] [2026-4-1 21:42:17] Send RPC:6
[Debug] [2026-4-1 21:42:17] Begin to send program data.
[Debug] [2026-4-1 21:42:17] End to send program data.
[Debug] [2026-4-1 21:42:17] Send cmd [Program:20002] OK
[Debug] [2026-4-1 21:42:18] The value of Progress is 6
[Debug] [2026-4-1 21:42:18] The value of Progress is 10
[Debug] [2026-4-1 21:42:19] The value of Progress is 15
[Debug] [2026-4-1 21:42:19] The value of Progress is 20
[Debug] [2026-4-1 21:42:19] The value of Progress is 25
[Debug] [2026-4-1 21:42:20] The value of Progress is 30
[Debug] [2026-4-1 21:42:20] The value of Progress is 35
[Debug] [2026-4-1 21:42:21] The value of Progress is 40
[Debug] [2026-4-1 21:42:21] The value of Progress is 45
[Debug] [2026-4-1 21:42:21] The value of Progress is 50
[Debug] [2026-4-1 21:42:22] The value of Progress is 55
[Debug] [2026-4-1 21:42:22] The value of Progress is 60
[Debug] [2026-4-1 21:42:23] The value of Progress is 65
[Debug] [2026-4-1 21:42:23] The value of Progress is 70
[Debug] [2026-4-1 21:42:23] The value of Progress is 75
[Debug] [2026-4-1 21:42:24] The value of Progress is 80
[Debug] [2026-4-1 21:42:24] The value of Progress is 85
[Debug] [2026-4-1 21:42:24] The value of Progress is 90
[Debug] [2026-4-1 21:42:25] The value of Progress is 95
[Debug] [2026-4-1 21:42:25] The value of Progress is 100
[Debug] [2026-4-1 21:42:25] COMMAND[Program] execute successfully, takes 8.4 secs.
[Debug] [2026-4-1 21:42:25] End to send programming cmd.
[Debug] [2026-4-1 21:42:25] Log::Print : The done bit is 1
[Debug] [2026-4-1 21:42:25] Log::Print : COMMAND[Program] execute successfully, takes 8.4 secs.
[Debug] [2026-4-1 21:42:31] Begin to send programming cmd...
[Debug] [2026-4-1 21:42:31] Send RPC:7
[Debug] [2026-4-1 21:42:31] Begin to send program data.
[Debug] [2026-4-1 21:42:31] End to send program data.
[Debug] [2026-4-1 21:42:31] Send cmd [Program:20002] OK
[Debug] [2026-4-1 21:42:32] The value of Progress is 6
[Debug] [2026-4-1 21:42:32] The value of Progress is 10
[Debug] [2026-4-1 21:42:32] The value of Progress is 15
[Debug] [2026-4-1 21:42:33] The value of Progress is 20
[Debug] [2026-4-1 21:42:33] The value of Progress is 25
[Debug] [2026-4-1 21:42:34] The value of Progress is 30
[Debug] [2026-4-1 21:42:34] The value of Progress is 35
[Debug] [2026-4-1 21:42:34] The value of Progress is 40
[Debug] [2026-4-1 21:42:35] The value of Progress is 45
[Debug] [2026-4-1 21:42:35] The value of Progress is 50
[Debug] [2026-4-1 21:42:35] The value of Progress is 55
[Debug] [2026-4-1 21:42:36] The value of Progress is 60
[Debug] [2026-4-1 21:42:36] The value of Progress is 65
[Debug] [2026-4-1 21:42:37] The value of Progress is 70
[Debug] [2026-4-1 21:42:37] The value of Progress is 75
[Debug] [2026-4-1 21:42:37] The value of Progress is 80
[Debug] [2026-4-1 21:42:38] The value of Progress is 85
[Debug] [2026-4-1 21:42:38] The value of Progress is 90
[Debug] [2026-4-1 21:42:39] The value of Progress is 95
[Debug] [2026-4-1 21:42:39] The value of Progress is 100
[Debug] [2026-4-1 21:42:39] COMMAND[Program] execute successfully, takes 8.4 secs.
[Debug] [2026-4-1 21:42:39] End to send programming cmd.
[Debug] [2026-4-1 21:42:39] Log::Print : The done bit is 1
[Debug] [2026-4-1 21:42:39] Log::Print : COMMAND[Program] execute successfully, takes 8.4 secs.
[Debug] [2026-4-1 21:42:46] Begin to send programming cmd...
[Debug] [2026-4-1 21:42:46] Send RPC:8
[Debug] [2026-4-1 21:42:46] Begin to send program data.
[Debug] [2026-4-1 21:42:46] End to send program data.
[Debug] [2026-4-1 21:42:46] Send cmd [Program:20002] OK
[Debug] [2026-4-1 21:42:47] The value of Progress is 6
[Debug] [2026-4-1 21:42:47] The value of Progress is 10
[Debug] [2026-4-1 21:42:48] The value of Progress is 15
[Debug] [2026-4-1 21:42:48] The value of Progress is 20
[Debug] [2026-4-1 21:42:48] The value of Progress is 25
[Debug] [2026-4-1 21:42:49] The value of Progress is 30
[Debug] [2026-4-1 21:42:49] The value of Progress is 35
[Debug] [2026-4-1 21:42:49] The value of Progress is 40
[Debug] [2026-4-1 21:42:50] The value of Progress is 45
[Debug] [2026-4-1 21:42:50] The value of Progress is 50
[Debug] [2026-4-1 21:42:51] The value of Progress is 55
[Debug] [2026-4-1 21:42:51] The value of Progress is 60
[Debug] [2026-4-1 21:42:51] The value of Progress is 65
[Debug] [2026-4-1 21:42:52] The value of Progress is 70
[Debug] [2026-4-1 21:42:52] The value of Progress is 75
[Debug] [2026-4-1 21:42:53] The value of Progress is 80
[Debug] [2026-4-1 21:42:53] The value of Progress is 85
[Debug] [2026-4-1 21:42:53] The value of Progress is 90
[Debug] [2026-4-1 21:42:54] The value of Progress is 95
[Debug] [2026-4-1 21:42:54] The value of Progress is 100
[Debug] [2026-4-1 21:42:54] COMMAND[Program] execute successfully, takes 8.4 secs.
[Debug] [2026-4-1 21:42:54] End to send programming cmd.
[Debug] [2026-4-1 21:42:54] Log::Print : The done bit is 1
[Debug] [2026-4-1 21:42:54] Log::Print : COMMAND[Program] execute successfully, takes 8.4 secs.
[Error] [2026-4-1 21:47:47] Server close connect
[Info] [2026-4-1 21:47:47] Disconnect from Server: 127.0.0.1  Port: 65420
[Warn] [2026-4-1 21:47:47] Server is disconnected
[Debug] [2026-4-1 21:47:47] end to connect server
[Debug] [2026-4-1 21:47:47] Server close connect process finish
[Debug] [2026-4-1 21:47:47] Begin to delete graphic item and tree item ...
[Debug] [2026-4-1 21:47:47] Begin to remove all device in BS mode...
[Debug] [2026-4-1 21:47:47] begin remove user device...
[Debug] [2026-4-1 21:47:47] begin remove user device...
[Debug] [2026-4-1 21:47:47] end remove user device.
[Debug] [2026-4-1 21:47:47] Begin to update graphic item and tree item ...
[Debug] [2026-4-1 21:47:47] End to update graphic item and tree item ...
[Debug] [2026-4-1 21:47:47] end remove user device.
[Debug] [2026-4-1 21:47:47] End to remove devices in BS mode...
[Debug] [2026-4-1 21:47:47] Begin to update graphic item and tree item ...
[Debug] [2026-4-1 21:47:47] End to update graphic item and tree item ...
[Debug] [2026-4-1 21:47:47] End to delete graphic item and tree item ...
[Error] [2026-4-1 21:47:47] MsgOut: CdtCommon-0402: Fail to connect to server. 
[Debug] [2026-4-1 21:47:47] Log::Print : Server is disconnect
[Info] [2026-4-2 19:21:04] /***************************Start Configuration***************************/
[Info] [2026-4-2 19:21:04] Path: C:/pango/PDS_2022.2-SP6.4/bin
[Info] [2026-4-2 19:21:04] Version: 146967
[Info] [2026-4-2 19:21:05] Current Path: C:/Users/Datou21/Desktop/PDS/cnn_usb_copy/prj_pds
[Info] [2026-4-2 19:21:05] PDS Dir Path: C:/Users/Datou21/Desktop/PDS/cnn_usb_copy/prj_pds
[Info] [2026-4-2 19:21:12] Configuration is not connect with server. connect first then scan chain.
[Debug] [2026-4-2 19:21:12] Client Local host name:DESKTOP-VB8TKRO
[Debug] [2026-4-2 19:21:12] Client Local Address:2.0.0.1
[Debug] [2026-4-2 19:21:12] Client Local Address:210.77.26.220
[Debug] [2026-4-2 19:21:12] Client Local Address:192.168.44.1
[Debug] [2026-4-2 19:21:12] Client Local Address:192.168.176.1
[Debug] [2026-4-2 19:21:12] Server Address:127.0.0.1, Port:65420
[Debug] [2026-4-2 19:21:12] Log::Print : Connecting to server[127.0.0.1 : 65420].
[Info] [2026-4-2 19:21:12] Connect OK, Server: 127.0.0.1  Port: 65420
[Debug] [2026-4-2 19:21:12] Finish.
[Info] [2026-4-2 19:21:12] Connect server succeeded
[Debug] [2026-4-2 19:21:12] Send RPC:1
[Debug] [2026-4-2 19:21:12] Send cmd [check version information:40004] OK
[Debug] [2026-4-2 19:21:12] Log::Print : Connect to server[127.0.0.1 : 65420] successfully.
[Debug] [2026-4-2 19:21:13] Send RPC:2
[Debug] [2026-4-2 19:21:13] Send cmd [get_cable_paras:40010] OK
[Debug] [2026-4-2 19:21:13] Begin to send initialize chain cmd...
[Debug] [2026-4-2 19:21:13] Send RPC:3
[Debug] [2026-4-2 19:21:13] Send cmd [Open config cable:20001] OK
[Debug] [2026-4-2 19:21:13] End to send initialize chain cmd.
[Debug] [2026-4-2 19:21:13] COMMAND[check version information] execute successfully, takes 1.0 secs.
[Debug] [2026-4-2 19:21:13] Log::Print : COMMAND[check version information] execute successfully, takes 1.0 secs.
[Debug] [2026-4-2 19:21:15] COMMAND[get_cable_paras] execute successfully, takes 1.6 secs.
[Debug] [2026-4-2 19:21:15] Log::Print : The cable List : 
Cable index 0:USB Cable II/fffffffffffffffe 

[Debug] [2026-4-2 19:21:15] Log::Print : COMMAND[get_cable_paras] execute successfully, takes 1.6 secs.
[Debug] [2026-4-2 19:21:17] begin the exec of open cable cmd...
[Debug] [2026-4-2 19:21:17] Begin to deal with chain from server...
[Debug] [2026-4-2 19:21:17] Begin to set user chain...
[Debug] [2026-4-2 19:21:17] End to set user chain.
[Debug] [2026-4-2 19:21:17] Begin to update graphic item and tree item ...
[Debug] [2026-4-2 19:21:17] End to update graphic item and tree item ...
[Debug] [2026-4-2 19:21:17] Log::Print : PANGO USB CABLE II cable driver: D2XX DLL
[Debug] [2026-4-2 19:21:17] Log::Print : PG2L200H
[Debug] [2026-4-2 19:21:17] Log::Print : This device configure situation (done bit): 0
[Info] [2026-4-2 19:21:28] set OpenLastPath: C:/Users/Datou21/Desktop/PDS/cnn_usb_copy/prj_pds/generate_bitstream/hdmi_loop.sbit
[Debug] [2026-4-2 19:21:28] begin to get device info from CFG file...
[Debug] [2026-4-2 19:21:28] end to get device info from CFG file...
[Debug] [2026-4-2 19:21:28] Begin to update graphic item and tree item ...
[Debug] [2026-4-2 19:21:28] End to update graphic item and tree item ...
[Debug] [2026-4-2 19:21:28] Begin to update graphic item and tree item ...
[Debug] [2026-4-2 19:21:28] End to update graphic item and tree item ...
[Debug] [2026-4-2 19:21:28] End to deal wiht chain from server.
[Debug] [2026-4-2 19:21:28] end the exec of open cable cmd.
[Debug] [2026-4-2 19:21:28] COMMAND[Open config cable] execute successfully, takes 15.0 secs.
[Debug] [2026-4-2 19:21:28] Log::Print : COMMAND[Open config cable] execute successfully, takes 15.0 secs.
[Debug] [2026-4-2 19:21:30] Begin to send programming cmd...
[Debug] [2026-4-2 19:21:30] Send RPC:4
[Debug] [2026-4-2 19:21:30] Begin to send program data.
[Debug] [2026-4-2 19:21:30] End to send program data.
[Debug] [2026-4-2 19:21:30] Send cmd [Program:20002] OK
[Debug] [2026-4-2 19:21:31] The value of Progress is 6
[Debug] [2026-4-2 19:21:31] The value of Progress is 10
[Debug] [2026-4-2 19:21:31] The value of Progress is 15
[Debug] [2026-4-2 19:21:32] The value of Progress is 20
[Debug] [2026-4-2 19:21:32] The value of Progress is 25
[Debug] [2026-4-2 19:21:33] The value of Progress is 30
[Debug] [2026-4-2 19:21:33] The value of Progress is 35
[Debug] [2026-4-2 19:21:33] The value of Progress is 40
[Debug] [2026-4-2 19:21:34] The value of Progress is 45
[Debug] [2026-4-2 19:21:34] The value of Progress is 50
[Debug] [2026-4-2 19:21:35] The value of Progress is 55
[Debug] [2026-4-2 19:21:35] The value of Progress is 60
[Debug] [2026-4-2 19:21:35] The value of Progress is 65
[Debug] [2026-4-2 19:21:36] The value of Progress is 70
[Debug] [2026-4-2 19:21:36] The value of Progress is 75
[Debug] [2026-4-2 19:21:36] The value of Progress is 80
[Debug] [2026-4-2 19:21:37] The value of Progress is 85
[Debug] [2026-4-2 19:21:37] The value of Progress is 90
[Debug] [2026-4-2 19:21:38] The value of Progress is 95
[Debug] [2026-4-2 19:21:38] The value of Progress is 100
[Debug] [2026-4-2 19:21:38] COMMAND[Program] execute successfully, takes 8.4 secs.
[Debug] [2026-4-2 19:21:38] End to send programming cmd.
[Debug] [2026-4-2 19:21:38] Log::Print : The done bit is 1
[Debug] [2026-4-2 19:21:38] Log::Print : COMMAND[Program] execute successfully, takes 8.4 secs.
[Debug] [2026-4-2 19:22:22] Begin to send programming cmd...
[Debug] [2026-4-2 19:22:22] Send RPC:5
[Debug] [2026-4-2 19:22:22] Begin to send program data.
[Debug] [2026-4-2 19:22:22] End to send program data.
[Debug] [2026-4-2 19:22:22] Send cmd [Program:20002] OK
[Debug] [2026-4-2 19:22:23] The value of Progress is 6
[Debug] [2026-4-2 19:22:23] The value of Progress is 10
[Debug] [2026-4-2 19:22:23] The value of Progress is 15
[Debug] [2026-4-2 19:22:24] The value of Progress is 20
[Debug] [2026-4-2 19:22:24] The value of Progress is 25
[Debug] [2026-4-2 19:22:24] The value of Progress is 30
[Debug] [2026-4-2 19:22:25] The value of Progress is 35
[Debug] [2026-4-2 19:22:25] The value of Progress is 40
[Debug] [2026-4-2 19:22:26] The value of Progress is 45
[Debug] [2026-4-2 19:22:26] The value of Progress is 50
[Debug] [2026-4-2 19:22:26] The value of Progress is 55
[Debug] [2026-4-2 19:22:27] The value of Progress is 60
[Debug] [2026-4-2 19:22:27] The value of Progress is 65
[Debug] [2026-4-2 19:22:27] The value of Progress is 70
[Debug] [2026-4-2 19:22:28] The value of Progress is 75
[Debug] [2026-4-2 19:22:28] The value of Progress is 80
[Debug] [2026-4-2 19:22:29] The value of Progress is 85
[Debug] [2026-4-2 19:22:29] The value of Progress is 90
[Debug] [2026-4-2 19:22:29] The value of Progress is 95
[Debug] [2026-4-2 19:22:30] The value of Progress is 100
[Debug] [2026-4-2 19:22:30] COMMAND[Program] execute successfully, takes 8.4 secs.
[Debug] [2026-4-2 19:22:30] End to send programming cmd.
[Debug] [2026-4-2 19:22:30] Log::Print : The done bit is 1
[Debug] [2026-4-2 19:22:30] Log::Print : COMMAND[Program] execute successfully, takes 8.4 secs.
[Info] [2026-4-2 19:24:38] /***************************End Configration***************************/
[Info] [2026-4-2 19:50:04] /***************************Start Configuration***************************/
[Info] [2026-4-2 19:50:04] Path: C:/pango/PDS_2022.2-SP6.4/bin
[Info] [2026-4-2 19:50:04] Version: 146967
[Info] [2026-4-2 19:50:05] Current Path: C:/Users/Datou21/Desktop/PDS/cnn_usb_copy/prj_pds
[Info] [2026-4-2 19:50:05] PDS Dir Path: C:/Users/Datou21/Desktop/PDS/cnn_usb_copy/prj_pds
[Info] [2026-4-2 19:50:10] Configuration is not connect with server. connect first then scan chain.
[Debug] [2026-4-2 19:50:10] Client Local host name:DESKTOP-VB8TKRO
[Debug] [2026-4-2 19:50:10] Client Local Address:2.0.0.1
[Debug] [2026-4-2 19:50:10] Client Local Address:210.77.26.220
[Debug] [2026-4-2 19:50:10] Client Local Address:192.168.44.1
[Debug] [2026-4-2 19:50:10] Client Local Address:192.168.176.1
[Debug] [2026-4-2 19:50:10] Server Address:127.0.0.1, Port:65420
[Debug] [2026-4-2 19:50:10] Log::Print : Connecting to server[127.0.0.1 : 65420].
[Info] [2026-4-2 19:50:10] Connect OK, Server: 127.0.0.1  Port: 65420
[Debug] [2026-4-2 19:50:10] Finish.
[Info] [2026-4-2 19:50:10] Connect server succeeded
[Debug] [2026-4-2 19:50:10] Send RPC:1
[Debug] [2026-4-2 19:50:10] Send cmd [check version information:40004] OK
[Debug] [2026-4-2 19:50:10] Log::Print : Connect to server[127.0.0.1 : 65420] successfully.
[Debug] [2026-4-2 19:50:11] Send RPC:2
[Debug] [2026-4-2 19:50:11] Send cmd [get_cable_paras:40010] OK
[Debug] [2026-4-2 19:50:11] Begin to send initialize chain cmd...
[Debug] [2026-4-2 19:50:11] Send RPC:3
[Debug] [2026-4-2 19:50:11] Send cmd [Open config cable:20001] OK
[Debug] [2026-4-2 19:50:11] End to send initialize chain cmd.
[Debug] [2026-4-2 19:50:11] COMMAND[check version information] execute successfully, takes 0.4 secs.
[Debug] [2026-4-2 19:50:11] Log::Print : COMMAND[check version information] execute successfully, takes 0.4 secs.
[Debug] [2026-4-2 19:50:12] COMMAND[get_cable_paras] execute successfully, takes 1.1 secs.
[Debug] [2026-4-2 19:50:12] Log::Print : The cable List : 
Cable index 0:USB Cable II/fffffffffffffffe 

[Debug] [2026-4-2 19:50:12] Log::Print : COMMAND[get_cable_paras] execute successfully, takes 1.1 secs.
[Debug] [2026-4-2 19:50:13] begin the exec of open cable cmd...
[Debug] [2026-4-2 19:50:13] Begin to deal with chain from server...
[Debug] [2026-4-2 19:50:13] Begin to set user chain...
[Debug] [2026-4-2 19:50:13] End to set user chain.
[Debug] [2026-4-2 19:50:13] Begin to update graphic item and tree item ...
[Debug] [2026-4-2 19:50:13] End to update graphic item and tree item ...
[Debug] [2026-4-2 19:50:13] Log::Print : PANGO USB CABLE II cable driver: D2XX DLL
[Debug] [2026-4-2 19:50:13] Log::Print : PG2L200H
[Debug] [2026-4-2 19:50:13] Log::Print : This device configure situation (done bit): 0
[Info] [2026-4-2 19:50:13] set OpenLastPath: C:/Users/Datou21/Desktop/PDS/cnn_usb_copy/prj_pds/generate_bitstream/hdmi_loop.sbit
[Debug] [2026-4-2 19:50:13] begin to get device info from CFG file...
[Debug] [2026-4-2 19:50:13] end to get device info from CFG file...
[Debug] [2026-4-2 19:50:13] Begin to update graphic item and tree item ...
[Debug] [2026-4-2 19:50:13] End to update graphic item and tree item ...
[Debug] [2026-4-2 19:50:13] Begin to update graphic item and tree item ...
[Debug] [2026-4-2 19:50:13] End to update graphic item and tree item ...
[Debug] [2026-4-2 19:50:13] End to deal wiht chain from server.
[Debug] [2026-4-2 19:50:13] end the exec of open cable cmd.
[Debug] [2026-4-2 19:50:13] COMMAND[Open config cable] execute successfully, takes 2.7 secs.
[Debug] [2026-4-2 19:50:13] Log::Print : COMMAND[Open config cable] execute successfully, takes 2.7 secs.
[Debug] [2026-4-2 19:50:14] Begin to send programming cmd...
[Debug] [2026-4-2 19:50:14] Send RPC:4
[Debug] [2026-4-2 19:50:14] Begin to send program data.
[Debug] [2026-4-2 19:50:14] End to send program data.
[Debug] [2026-4-2 19:50:14] Send cmd [Program:20002] OK
[Debug] [2026-4-2 19:50:15] The value of Progress is 6
[Debug] [2026-4-2 19:50:16] The value of Progress is 10
[Debug] [2026-4-2 19:50:16] The value of Progress is 15
[Debug] [2026-4-2 19:50:16] The value of Progress is 20
[Debug] [2026-4-2 19:50:17] The value of Progress is 25
[Debug] [2026-4-2 19:50:17] The value of Progress is 30
[Debug] [2026-4-2 19:50:18] The value of Progress is 35
[Debug] [2026-4-2 19:50:18] The value of Progress is 40
[Debug] [2026-4-2 19:50:18] The value of Progress is 45
[Debug] [2026-4-2 19:50:19] The value of Progress is 50
[Debug] [2026-4-2 19:50:19] The value of Progress is 55
[Debug] [2026-4-2 19:50:19] The value of Progress is 60
[Debug] [2026-4-2 19:50:20] The value of Progress is 65
[Debug] [2026-4-2 19:50:20] The value of Progress is 70
[Debug] [2026-4-2 19:50:21] The value of Progress is 75
[Debug] [2026-4-2 19:50:21] The value of Progress is 80
[Debug] [2026-4-2 19:50:21] The value of Progress is 85
[Debug] [2026-4-2 19:50:22] The value of Progress is 90
[Debug] [2026-4-2 19:50:22] The value of Progress is 95
[Debug] [2026-4-2 19:50:23] The value of Progress is 100
[Debug] [2026-4-2 19:50:23] COMMAND[Program] execute successfully, takes 8.4 secs.
[Debug] [2026-4-2 19:50:23] End to send programming cmd.
[Debug] [2026-4-2 19:50:23] Log::Print : The done bit is 1
[Debug] [2026-4-2 19:50:23] Log::Print : COMMAND[Program] execute successfully, takes 8.4 secs.
[Debug] [2026-4-2 19:50:29] Begin to send programming cmd...
[Debug] [2026-4-2 19:50:29] Send RPC:5
[Debug] [2026-4-2 19:50:29] Begin to send program data.
[Debug] [2026-4-2 19:50:29] End to send program data.
[Debug] [2026-4-2 19:50:29] Send cmd [Program:20002] OK
[Debug] [2026-4-2 19:50:30] The value of Progress is 6
[Debug] [2026-4-2 19:50:31] The value of Progress is 10
[Debug] [2026-4-2 19:50:31] The value of Progress is 15
[Debug] [2026-4-2 19:50:31] The value of Progress is 20
[Debug] [2026-4-2 19:50:32] The value of Progress is 25
[Debug] [2026-4-2 19:50:32] The value of Progress is 30
[Debug] [2026-4-2 19:50:33] The value of Progress is 35
[Debug] [2026-4-2 19:50:33] The value of Progress is 40
[Debug] [2026-4-2 19:50:33] The value of Progress is 45
[Debug] [2026-4-2 19:50:34] The value of Progress is 50
[Debug] [2026-4-2 19:50:34] The value of Progress is 55
[Debug] [2026-4-2 19:50:35] The value of Progress is 60
[Debug] [2026-4-2 19:50:35] The value of Progress is 65
[Debug] [2026-4-2 19:50:35] The value of Progress is 70
[Debug] [2026-4-2 19:50:36] The value of Progress is 75
[Debug] [2026-4-2 19:50:36] The value of Progress is 80
[Debug] [2026-4-2 19:50:36] The value of Progress is 85
[Debug] [2026-4-2 19:50:37] The value of Progress is 90
[Debug] [2026-4-2 19:50:37] The value of Progress is 95
[Debug] [2026-4-2 19:50:38] The value of Progress is 100
[Debug] [2026-4-2 19:50:38] COMMAND[Program] execute successfully, takes 8.4 secs.
[Debug] [2026-4-2 19:50:38] End to send programming cmd.
[Debug] [2026-4-2 19:50:38] Log::Print : The done bit is 1
[Debug] [2026-4-2 19:50:38] Log::Print : COMMAND[Program] execute successfully, takes 8.4 secs.
[Info] [2026-4-2 19:52:02] /***************************End Configration***************************/
[Info] [2026-4-13 11:05:05] /***************************Start Configuration***************************/
[Info] [2026-4-13 11:05:05] Path: C:/pango/PDS_2022.2-SP6.4/bin
[Info] [2026-4-13 11:05:05] Version: 146967
[Info] [2026-4-13 11:05:07] Current Path: C:/Users/Datou21/Desktop/PDS/cnn_usb_copy/prj_pds
[Info] [2026-4-13 11:05:07] PDS Dir Path: C:/Users/Datou21/Desktop/PDS/cnn_usb_copy/prj_pds
[Info] [2026-4-13 11:05:08] /***************************End Configration***************************/
[Info] [2026-4-13 11:13:38] /***************************Start Configuration***************************/
[Info] [2026-4-13 11:13:38] Path: C:/pango/PDS_2022.2-SP6.4/bin
[Info] [2026-4-13 11:13:38] Version: 146967
[Info] [2026-4-13 11:13:39] Current Path: C:/Users/Datou21/Desktop/PDS/cnn_usb_copy/prj_pds
[Info] [2026-4-13 11:13:39] PDS Dir Path: C:/Users/Datou21/Desktop/PDS/cnn_usb_copy/prj_pds
[Info] [2026-4-13 11:13:40] /***************************End Configration***************************/
[Info] [2026-4-13 11:38:08] /***************************Start Configuration***************************/
[Info] [2026-4-13 11:38:08] Path: C:/pango/PDS_2022.2-SP6.4/bin
[Info] [2026-4-13 11:38:08] Version: 146967
[Info] [2026-4-13 11:38:09] Current Path: C:/Users/Datou21/Desktop/PDS/cnn_usb_copy/prj_pds
[Info] [2026-4-13 11:38:09] PDS Dir Path: C:/Users/Datou21/Desktop/PDS/cnn_usb_copy/prj_pds
[Info] [2026-4-13 11:38:12] Configuration is not connect with server. connect first then scan chain.
[Debug] [2026-4-13 11:38:12] Client Local host name:DESKTOP-VB8TKRO
[Debug] [2026-4-13 11:38:12] Client Local Address:2.0.0.1
[Debug] [2026-4-13 11:38:12] Client Local Address:210.77.26.220
[Debug] [2026-4-13 11:38:12] Client Local Address:192.168.44.1
[Debug] [2026-4-13 11:38:12] Client Local Address:192.168.176.1
[Debug] [2026-4-13 11:38:12] Server Address:127.0.0.1, Port:65420
[Debug] [2026-4-13 11:38:12] Log::Print : Connecting to server[127.0.0.1 : 65420].
[Info] [2026-4-13 11:38:13] Connect OK, Server: 127.0.0.1  Port: 65420
[Debug] [2026-4-13 11:38:13] Finish.
[Info] [2026-4-13 11:38:13] Connect server succeeded
[Debug] [2026-4-13 11:38:13] Send RPC:1
[Debug] [2026-4-13 11:38:13] Send cmd [check version information:40004] OK
[Debug] [2026-4-13 11:38:13] Log::Print : Connect to server[127.0.0.1 : 65420] successfully.
[Debug] [2026-4-13 11:38:14] Send RPC:2
[Debug] [2026-4-13 11:38:14] Send cmd [get_cable_paras:40010] OK
[Debug] [2026-4-13 11:38:14] Begin to send initialize chain cmd...
[Debug] [2026-4-13 11:38:14] Send RPC:3
[Debug] [2026-4-13 11:38:14] Send cmd [Open config cable:20001] OK
[Debug] [2026-4-13 11:38:14] End to send initialize chain cmd.
[Debug] [2026-4-13 11:38:14] COMMAND[check version information] execute successfully, takes 1.6 secs.
[Debug] [2026-4-13 11:38:14] Log::Print : COMMAND[check version information] execute successfully, takes 1.6 secs.
[Debug] [2026-4-13 11:38:16] COMMAND[get_cable_paras] execute successfully, takes 1.8 secs.
[Debug] [2026-4-13 11:38:16] Log::Print : The cable List : 
Cable index 0:USB Cable II/fffffffffffffffe 

[Debug] [2026-4-13 11:38:16] Log::Print : COMMAND[get_cable_paras] execute successfully, takes 1.8 secs.
[Debug] [2026-4-13 11:38:17] begin the exec of open cable cmd...
[Debug] [2026-4-13 11:38:17] Begin to deal with chain from server...
[Debug] [2026-4-13 11:38:17] Begin to set user chain...
[Debug] [2026-4-13 11:38:17] End to set user chain.
[Debug] [2026-4-13 11:38:17] Begin to update graphic item and tree item ...
[Debug] [2026-4-13 11:38:17] End to update graphic item and tree item ...
[Debug] [2026-4-13 11:38:17] Log::Print : PANGO USB CABLE II cable driver: D2XX DLL
[Debug] [2026-4-13 11:38:17] Log::Print : PG2L200H
[Debug] [2026-4-13 11:38:17] Log::Print : This device configure situation (done bit): 0
[Info] [2026-4-13 11:38:18] set OpenLastPath: C:/Users/Datou21/Desktop/PDS/cnn_usb_copy/prj_pds/generate_bitstream/hdmi_loop.sbit
[Debug] [2026-4-13 11:38:18] begin to get device info from CFG file...
[Debug] [2026-4-13 11:38:18] end to get device info from CFG file...
[Debug] [2026-4-13 11:38:18] Begin to update graphic item and tree item ...
[Debug] [2026-4-13 11:38:18] End to update graphic item and tree item ...
[Debug] [2026-4-13 11:38:18] Begin to update graphic item and tree item ...
[Debug] [2026-4-13 11:38:18] End to update graphic item and tree item ...
[Debug] [2026-4-13 11:38:18] End to deal wiht chain from server.
[Debug] [2026-4-13 11:38:18] end the exec of open cable cmd.
[Debug] [2026-4-13 11:38:18] COMMAND[Open config cable] execute successfully, takes 3.9 secs.
[Debug] [2026-4-13 11:38:18] Log::Print : COMMAND[Open config cable] execute successfully, takes 3.9 secs.
[Debug] [2026-4-13 11:38:20] Begin to send programming cmd...
[Debug] [2026-4-13 11:38:20] Send RPC:4
[Debug] [2026-4-13 11:38:20] Begin to send program data.
[Debug] [2026-4-13 11:38:20] End to send program data.
[Debug] [2026-4-13 11:38:20] Send cmd [Program:20002] OK
[Debug] [2026-4-13 11:38:21] The value of Progress is 6
[Debug] [2026-4-13 11:38:21] The value of Progress is 10
[Debug] [2026-4-13 11:38:21] The value of Progress is 15
[Debug] [2026-4-13 11:38:22] The value of Progress is 20
[Debug] [2026-4-13 11:38:22] The value of Progress is 25
[Debug] [2026-4-13 11:38:22] The value of Progress is 30
[Debug] [2026-4-13 11:38:23] The value of Progress is 35
[Debug] [2026-4-13 11:38:23] The value of Progress is 40
[Debug] [2026-4-13 11:38:23] The value of Progress is 45
[Debug] [2026-4-13 11:38:24] The value of Progress is 50
[Debug] [2026-4-13 11:38:24] The value of Progress is 55
[Debug] [2026-4-13 11:38:25] The value of Progress is 60
[Debug] [2026-4-13 11:38:25] The value of Progress is 65
[Debug] [2026-4-13 11:38:25] The value of Progress is 70
[Debug] [2026-4-13 11:38:26] The value of Progress is 75
[Debug] [2026-4-13 11:38:26] The value of Progress is 80
[Debug] [2026-4-13 11:38:27] The value of Progress is 85
[Debug] [2026-4-13 11:38:27] The value of Progress is 90
[Debug] [2026-4-13 11:38:27] The value of Progress is 95
[Debug] [2026-4-13 11:38:28] The value of Progress is 100
[Debug] [2026-4-13 11:38:28] COMMAND[Program] execute successfully, takes 8.3 secs.
[Debug] [2026-4-13 11:38:28] End to send programming cmd.
[Debug] [2026-4-13 11:38:28] Log::Print : The done bit is 1
[Debug] [2026-4-13 11:38:28] Log::Print : COMMAND[Program] execute successfully, takes 8.3 secs.
[Debug] [2026-4-13 11:38:57] Begin to send programming cmd...
[Debug] [2026-4-13 11:38:57] Send RPC:5
[Debug] [2026-4-13 11:38:57] Begin to send program data.
[Debug] [2026-4-13 11:38:57] End to send program data.
[Debug] [2026-4-13 11:38:57] Send cmd [Program:20002] OK
[Debug] [2026-4-13 11:38:58] The value of Progress is 6
[Debug] [2026-4-13 11:38:58] The value of Progress is 10
[Debug] [2026-4-13 11:38:59] The value of Progress is 15
[Debug] [2026-4-13 11:38:59] The value of Progress is 20
[Debug] [2026-4-13 11:39:00] The value of Progress is 25
[Debug] [2026-4-13 11:39:00] The value of Progress is 30
[Debug] [2026-4-13 11:39:00] The value of Progress is 35
[Debug] [2026-4-13 11:39:01] The value of Progress is 40
[Debug] [2026-4-13 11:39:01] The value of Progress is 45
[Debug] [2026-4-13 11:39:01] The value of Progress is 50
[Debug] [2026-4-13 11:39:02] The value of Progress is 55
[Debug] [2026-4-13 11:39:02] The value of Progress is 60
[Debug] [2026-4-13 11:39:03] The value of Progress is 65
[Debug] [2026-4-13 11:39:03] The value of Progress is 70
[Debug] [2026-4-13 11:39:03] The value of Progress is 75
[Debug] [2026-4-13 11:39:04] The value of Progress is 80
[Debug] [2026-4-13 11:39:04] The value of Progress is 85
[Debug] [2026-4-13 11:39:04] The value of Progress is 90
[Debug] [2026-4-13 11:39:05] The value of Progress is 95
[Debug] [2026-4-13 11:39:05] The value of Progress is 100
[Debug] [2026-4-13 11:39:05] COMMAND[Program] execute successfully, takes 8.3 secs.
[Debug] [2026-4-13 11:39:05] End to send programming cmd.
[Debug] [2026-4-13 11:39:05] Log::Print : The done bit is 1
[Debug] [2026-4-13 11:39:05] Log::Print : COMMAND[Program] execute successfully, takes 8.3 secs.
[Debug] [2026-4-13 11:39:52] Begin to send programming cmd...
[Debug] [2026-4-13 11:39:52] Send RPC:6
[Debug] [2026-4-13 11:39:52] Begin to send program data.
[Debug] [2026-4-13 11:39:52] End to send program data.
[Debug] [2026-4-13 11:39:52] Send cmd [Program:20002] OK
[Debug] [2026-4-13 11:39:53] The value of Progress is 6
[Debug] [2026-4-13 11:39:53] The value of Progress is 10
[Debug] [2026-4-13 11:39:53] The value of Progress is 15
[Debug] [2026-4-13 11:39:54] The value of Progress is 20
[Debug] [2026-4-13 11:39:54] The value of Progress is 25
[Debug] [2026-4-13 11:39:54] The value of Progress is 30
[Debug] [2026-4-13 11:39:55] The value of Progress is 35
[Debug] [2026-4-13 11:39:55] The value of Progress is 40
[Debug] [2026-4-13 11:39:56] The value of Progress is 45
[Debug] [2026-4-13 11:39:56] The value of Progress is 50
[Debug] [2026-4-13 11:39:56] The value of Progress is 55
[Debug] [2026-4-13 11:39:57] The value of Progress is 60
[Debug] [2026-4-13 11:39:57] The value of Progress is 65
[Debug] [2026-4-13 11:39:57] The value of Progress is 70
[Debug] [2026-4-13 11:39:58] The value of Progress is 75
[Debug] [2026-4-13 11:39:58] The value of Progress is 80
[Debug] [2026-4-13 11:39:59] The value of Progress is 85
[Debug] [2026-4-13 11:39:59] The value of Progress is 90
[Debug] [2026-4-13 11:39:59] The value of Progress is 95
[Debug] [2026-4-13 11:40:00] The value of Progress is 100
[Debug] [2026-4-13 11:40:00] COMMAND[Program] execute successfully, takes 8.3 secs.
[Debug] [2026-4-13 11:40:00] End to send programming cmd.
[Debug] [2026-4-13 11:40:00] Log::Print : The done bit is 1
[Debug] [2026-4-13 11:40:00] Log::Print : COMMAND[Program] execute successfully, takes 8.3 secs.
[Debug] [2026-4-13 11:40:35] Begin to send programming cmd...
[Debug] [2026-4-13 11:40:35] Send RPC:7
[Debug] [2026-4-13 11:40:35] Begin to send program data.
[Debug] [2026-4-13 11:40:35] End to send program data.
[Debug] [2026-4-13 11:40:35] Send cmd [Program:20002] OK
[Debug] [2026-4-13 11:40:36] The value of Progress is 6
[Debug] [2026-4-13 11:40:36] The value of Progress is 10
[Debug] [2026-4-13 11:40:36] The value of Progress is 15
[Debug] [2026-4-13 11:40:37] The value of Progress is 20
[Debug] [2026-4-13 11:40:37] The value of Progress is 25
[Debug] [2026-4-13 11:40:37] The value of Progress is 30
[Debug] [2026-4-13 11:40:38] The value of Progress is 35
[Debug] [2026-4-13 11:40:38] The value of Progress is 40
[Debug] [2026-4-13 11:40:39] The value of Progress is 45
[Debug] [2026-4-13 11:40:39] The value of Progress is 50
[Debug] [2026-4-13 11:40:39] The value of Progress is 55
[Debug] [2026-4-13 11:40:40] The value of Progress is 60
[Debug] [2026-4-13 11:40:40] The value of Progress is 65
[Debug] [2026-4-13 11:40:40] The value of Progress is 70
[Debug] [2026-4-13 11:40:41] The value of Progress is 75
[Debug] [2026-4-13 11:40:41] The value of Progress is 80
[Debug] [2026-4-13 11:40:42] The value of Progress is 85
[Debug] [2026-4-13 11:40:42] The value of Progress is 90
[Debug] [2026-4-13 11:40:42] The value of Progress is 95
[Debug] [2026-4-13 11:40:43] The value of Progress is 100
[Debug] [2026-4-13 11:40:43] COMMAND[Program] execute successfully, takes 8.3 secs.
[Debug] [2026-4-13 11:40:43] End to send programming cmd.
[Debug] [2026-4-13 11:40:43] Log::Print : The done bit is 1
[Debug] [2026-4-13 11:40:43] Log::Print : COMMAND[Program] execute successfully, takes 8.3 secs.
[Info] [2026-4-13 11:58:47] /***************************End Configration***************************/
[Info] [2026-4-13 12:10:01] /***************************Start Configuration***************************/
[Info] [2026-4-13 12:10:01] Path: C:/pango/PDS_2022.2-SP6.4/bin
[Info] [2026-4-13 12:10:01] Version: 146967
[Info] [2026-4-13 12:10:02] Current Path: C:/Users/Datou21/Desktop/PDS/cnn_usb_copy/prj_pds
[Info] [2026-4-13 12:10:02] PDS Dir Path: C:/Users/Datou21/Desktop/PDS/cnn_usb_copy/prj_pds
[Info] [2026-4-13 12:10:04] Configuration is not connect with server. connect first then scan chain.
[Debug] [2026-4-13 12:10:04] Client Local host name:DESKTOP-VB8TKRO
[Debug] [2026-4-13 12:10:04] Client Local Address:2.0.0.1
[Debug] [2026-4-13 12:10:04] Client Local Address:210.77.26.220
[Debug] [2026-4-13 12:10:04] Client Local Address:192.168.44.1
[Debug] [2026-4-13 12:10:04] Client Local Address:192.168.176.1
[Debug] [2026-4-13 12:10:04] Server Address:127.0.0.1, Port:65420
[Debug] [2026-4-13 12:10:04] Log::Print : Connecting to server[127.0.0.1 : 65420].
[Info] [2026-4-13 12:10:05] Connect OK, Server: 127.0.0.1  Port: 65420
[Debug] [2026-4-13 12:10:05] Finish.
[Info] [2026-4-13 12:10:05] Connect server succeeded
[Debug] [2026-4-13 12:10:05] Send RPC:1
[Debug] [2026-4-13 12:10:05] Send cmd [check version information:40004] OK
[Debug] [2026-4-13 12:10:05] Log::Print : Connect to server[127.0.0.1 : 65420] successfully.
[Debug] [2026-4-13 12:10:05] Send RPC:2
[Debug] [2026-4-13 12:10:05] Send cmd [get_cable_paras:40010] OK
[Debug] [2026-4-13 12:10:05] Begin to send initialize chain cmd...
[Debug] [2026-4-13 12:10:05] Send RPC:3
[Debug] [2026-4-13 12:10:05] Send cmd [Open config cable:20001] OK
[Debug] [2026-4-13 12:10:05] End to send initialize chain cmd.
[Debug] [2026-4-13 12:10:05] COMMAND[check version information] execute successfully, takes 0.4 secs.
[Debug] [2026-4-13 12:10:05] Log::Print : COMMAND[check version information] execute successfully, takes 0.4 secs.
[Debug] [2026-4-13 12:10:06] COMMAND[get_cable_paras] execute successfully, takes 1.1 secs.
[Debug] [2026-4-13 12:10:06] Log::Print : The cable List : 
Cable index 0:USB Cable II/fffffffffffffffe 

[Debug] [2026-4-13 12:10:06] Log::Print : COMMAND[get_cable_paras] execute successfully, takes 1.1 secs.
[Debug] [2026-4-13 12:10:07] begin the exec of open cable cmd...
[Debug] [2026-4-13 12:10:07] Begin to deal with chain from server...
[Debug] [2026-4-13 12:10:07] Begin to set user chain...
[Debug] [2026-4-13 12:10:07] End to set user chain.
[Debug] [2026-4-13 12:10:07] Begin to update graphic item and tree item ...
[Debug] [2026-4-13 12:10:07] End to update graphic item and tree item ...
[Debug] [2026-4-13 12:10:07] Log::Print : PANGO USB CABLE II cable driver: D2XX DLL
[Debug] [2026-4-13 12:10:07] Log::Print : PG2L200H
[Debug] [2026-4-13 12:10:07] Log::Print : This device configure situation (done bit): 0
[Info] [2026-4-13 12:10:08] set OpenLastPath: C:/Users/Datou21/Desktop/PDS/cnn_usb_copy/prj_pds/generate_bitstream/hdmi_loop.sbit
[Debug] [2026-4-13 12:10:08] begin to get device info from CFG file...
[Debug] [2026-4-13 12:10:08] end to get device info from CFG file...
[Debug] [2026-4-13 12:10:08] Begin to update graphic item and tree item ...
[Debug] [2026-4-13 12:10:08] End to update graphic item and tree item ...
[Debug] [2026-4-13 12:10:08] Begin to update graphic item and tree item ...
[Debug] [2026-4-13 12:10:08] End to update graphic item and tree item ...
[Debug] [2026-4-13 12:10:08] End to deal wiht chain from server.
[Debug] [2026-4-13 12:10:08] end the exec of open cable cmd.
[Debug] [2026-4-13 12:10:08] COMMAND[Open config cable] execute successfully, takes 2.9 secs.
[Debug] [2026-4-13 12:10:08] Log::Print : COMMAND[Open config cable] execute successfully, takes 2.9 secs.
[Debug] [2026-4-13 12:10:09] Begin to send programming cmd...
[Debug] [2026-4-13 12:10:09] Send RPC:4
[Debug] [2026-4-13 12:10:09] Begin to send program data.
[Debug] [2026-4-13 12:10:09] End to send program data.
[Debug] [2026-4-13 12:10:09] Send cmd [Program:20002] OK
[Debug] [2026-4-13 12:10:10] The value of Progress is 6
[Debug] [2026-4-13 12:10:10] The value of Progress is 10
[Debug] [2026-4-13 12:10:10] The value of Progress is 15
[Debug] [2026-4-13 12:10:11] The value of Progress is 20
[Debug] [2026-4-13 12:10:11] The value of Progress is 25
[Debug] [2026-4-13 12:10:12] The value of Progress is 30
[Debug] [2026-4-13 12:10:12] The value of Progress is 35
[Debug] [2026-4-13 12:10:12] The value of Progress is 40
[Debug] [2026-4-13 12:10:13] The value of Progress is 45
[Debug] [2026-4-13 12:10:13] The value of Progress is 50
[Debug] [2026-4-13 12:10:14] The value of Progress is 55
[Debug] [2026-4-13 12:10:14] The value of Progress is 60
[Debug] [2026-4-13 12:10:14] The value of Progress is 65
[Debug] [2026-4-13 12:10:15] The value of Progress is 70
[Debug] [2026-4-13 12:10:15] The value of Progress is 75
[Debug] [2026-4-13 12:10:15] The value of Progress is 80
[Debug] [2026-4-13 12:10:16] The value of Progress is 85
[Debug] [2026-4-13 12:10:16] The value of Progress is 90
[Debug] [2026-4-13 12:10:17] The value of Progress is 95
[Debug] [2026-4-13 12:10:17] The value of Progress is 100
[Debug] [2026-4-13 12:10:17] COMMAND[Program] execute successfully, takes 8.3 secs.
[Debug] [2026-4-13 12:10:17] End to send programming cmd.
[Debug] [2026-4-13 12:10:17] Log::Print : The done bit is 1
[Debug] [2026-4-13 12:10:17] Log::Print : COMMAND[Program] execute successfully, takes 8.3 secs.
[Debug] [2026-4-13 12:10:57] Begin to send programming cmd...
[Debug] [2026-4-13 12:10:57] Send RPC:5
[Debug] [2026-4-13 12:10:57] Begin to send program data.
[Debug] [2026-4-13 12:10:57] End to send program data.
[Debug] [2026-4-13 12:10:57] Send cmd [Program:20002] OK
[Debug] [2026-4-13 12:10:58] The value of Progress is 6
[Debug] [2026-4-13 12:10:58] The value of Progress is 10
[Debug] [2026-4-13 12:10:59] The value of Progress is 15
[Debug] [2026-4-13 12:10:59] The value of Progress is 20
[Debug] [2026-4-13 12:10:59] The value of Progress is 25
[Debug] [2026-4-13 12:11:00] The value of Progress is 30
[Debug] [2026-4-13 12:11:00] The value of Progress is 35
[Debug] [2026-4-13 12:11:01] The value of Progress is 40
[Debug] [2026-4-13 12:11:01] The value of Progress is 45
[Debug] [2026-4-13 12:11:01] The value of Progress is 50
[Debug] [2026-4-13 12:11:02] The value of Progress is 55
[Debug] [2026-4-13 12:11:02] The value of Progress is 60
[Debug] [2026-4-13 12:11:02] The value of Progress is 65
[Debug] [2026-4-13 12:11:03] The value of Progress is 70
[Debug] [2026-4-13 12:11:03] The value of Progress is 75
[Debug] [2026-4-13 12:11:04] The value of Progress is 80
[Debug] [2026-4-13 12:11:04] The value of Progress is 85
[Debug] [2026-4-13 12:11:04] The value of Progress is 90
[Debug] [2026-4-13 12:11:05] The value of Progress is 95
[Debug] [2026-4-13 12:11:05] The value of Progress is 100
[Debug] [2026-4-13 12:11:05] COMMAND[Program] execute successfully, takes 8.3 secs.
[Debug] [2026-4-13 12:11:05] End to send programming cmd.
[Debug] [2026-4-13 12:11:05] Log::Print : The done bit is 1
[Debug] [2026-4-13 12:11:05] Log::Print : COMMAND[Program] execute successfully, takes 8.3 secs.
[Info] [2026-4-13 12:11:55] /***************************End Configration***************************/
[Info] [2026-4-13 13:00:57] /***************************Start Configuration***************************/
[Info] [2026-4-13 13:00:57] Path: C:/pango/PDS_2022.2-SP6.4/bin
[Info] [2026-4-13 13:00:57] Version: 146967
[Info] [2026-4-13 13:00:58] Current Path: C:/Users/Datou21/Desktop/PDS/cnn_usb_copy/prj_pds
[Info] [2026-4-13 13:00:58] PDS Dir Path: C:/Users/Datou21/Desktop/PDS/cnn_usb_copy/prj_pds
[Info] [2026-4-13 13:01:01] Configuration is not connect with server. connect first then scan chain.
[Debug] [2026-4-13 13:01:01] Client Local host name:DESKTOP-VB8TKRO
[Debug] [2026-4-13 13:01:01] Client Local Address:2.0.0.1
[Debug] [2026-4-13 13:01:01] Client Local Address:210.77.26.220
[Debug] [2026-4-13 13:01:01] Client Local Address:192.168.44.1
[Debug] [2026-4-13 13:01:01] Client Local Address:192.168.176.1
[Debug] [2026-4-13 13:01:01] Server Address:127.0.0.1, Port:65420
[Debug] [2026-4-13 13:01:01] Log::Print : Connecting to server[127.0.0.1 : 65420].
[Info] [2026-4-13 13:01:02] Connect OK, Server: 127.0.0.1  Port: 65420
[Debug] [2026-4-13 13:01:02] Finish.
[Info] [2026-4-13 13:01:02] Connect server succeeded
[Debug] [2026-4-13 13:01:02] Send RPC:1
[Debug] [2026-4-13 13:01:02] Send cmd [check version information:40004] OK
[Debug] [2026-4-13 13:01:02] Log::Print : Connect to server[127.0.0.1 : 65420] successfully.
[Debug] [2026-4-13 13:01:02] Send RPC:2
[Debug] [2026-4-13 13:01:02] Send cmd [get_cable_paras:40010] OK
[Debug] [2026-4-13 13:01:02] Begin to send initialize chain cmd...
[Debug] [2026-4-13 13:01:02] Send RPC:3
[Debug] [2026-4-13 13:01:02] Send cmd [Open config cable:20001] OK
[Debug] [2026-4-13 13:01:02] End to send initialize chain cmd.
[Debug] [2026-4-13 13:01:02] COMMAND[check version information] execute successfully, takes 0.5 secs.
[Debug] [2026-4-13 13:01:02] Log::Print : COMMAND[check version information] execute successfully, takes 0.5 secs.
[Debug] [2026-4-13 13:01:03] COMMAND[get_cable_paras] execute successfully, takes 1.1 secs.
[Debug] [2026-4-13 13:01:03] Log::Print : The cable List : 
Cable index 0:USB Cable II/fffffffffffffffe 

[Debug] [2026-4-13 13:01:03] Log::Print : COMMAND[get_cable_paras] execute successfully, takes 1.1 secs.
[Debug] [2026-4-13 13:01:04] begin the exec of open cable cmd...
[Debug] [2026-4-13 13:01:04] Begin to deal with chain from server...
[Debug] [2026-4-13 13:01:04] Begin to set user chain...
[Debug] [2026-4-13 13:01:04] End to set user chain.
[Debug] [2026-4-13 13:01:04] Begin to update graphic item and tree item ...
[Debug] [2026-4-13 13:01:04] End to update graphic item and tree item ...
[Debug] [2026-4-13 13:01:04] Log::Print : PANGO USB CABLE II cable driver: D2XX DLL
[Debug] [2026-4-13 13:01:04] Log::Print : PG2L200H
[Debug] [2026-4-13 13:01:04] Log::Print : This device configure situation (done bit): 0
[Info] [2026-4-13 13:01:26] set OpenLastPath: C:/Users/Datou21/Desktop/PDS/cnn_usb_copy/prj_pds/generate_bitstream/hdmi_loop.sbit
[Debug] [2026-4-13 13:01:26] begin to get device info from CFG file...
[Debug] [2026-4-13 13:01:26] end to get device info from CFG file...
[Debug] [2026-4-13 13:01:26] Begin to update graphic item and tree item ...
[Debug] [2026-4-13 13:01:26] End to update graphic item and tree item ...
[Debug] [2026-4-13 13:01:26] Begin to update graphic item and tree item ...
[Debug] [2026-4-13 13:01:26] End to update graphic item and tree item ...
[Debug] [2026-4-13 13:01:26] End to deal wiht chain from server.
[Debug] [2026-4-13 13:01:26] end the exec of open cable cmd.
[Debug] [2026-4-13 13:01:26] COMMAND[Open config cable] execute successfully, takes 24.1 secs.
[Debug] [2026-4-13 13:01:26] Log::Print : COMMAND[Open config cable] execute successfully, takes 24.1 secs.
[Debug] [2026-4-13 13:01:28] Begin to send programming cmd...
[Debug] [2026-4-13 13:01:28] Send RPC:4
[Debug] [2026-4-13 13:01:28] Begin to send program data.
[Debug] [2026-4-13 13:01:28] End to send program data.
[Debug] [2026-4-13 13:01:28] Send cmd [Program:20002] OK
[Debug] [2026-4-13 13:01:29] The value of Progress is 6
[Debug] [2026-4-13 13:01:29] The value of Progress is 10
[Debug] [2026-4-13 13:01:30] The value of Progress is 15
[Debug] [2026-4-13 13:01:30] The value of Progress is 20
[Debug] [2026-4-13 13:01:30] The value of Progress is 25
[Debug] [2026-4-13 13:01:31] The value of Progress is 30
[Debug] [2026-4-13 13:01:31] The value of Progress is 35
[Debug] [2026-4-13 13:01:32] The value of Progress is 40
[Debug] [2026-4-13 13:01:32] The value of Progress is 45
[Debug] [2026-4-13 13:01:32] The value of Progress is 50
[Debug] [2026-4-13 13:01:33] The value of Progress is 55
[Debug] [2026-4-13 13:01:33] The value of Progress is 60
[Debug] [2026-4-13 13:01:33] The value of Progress is 65
[Debug] [2026-4-13 13:01:34] The value of Progress is 70
[Debug] [2026-4-13 13:01:34] The value of Progress is 75
[Debug] [2026-4-13 13:01:35] The value of Progress is 80
[Debug] [2026-4-13 13:01:35] The value of Progress is 85
[Debug] [2026-4-13 13:01:35] The value of Progress is 90
[Debug] [2026-4-13 13:01:36] The value of Progress is 95
[Debug] [2026-4-13 13:01:36] The value of Progress is 100
[Debug] [2026-4-13 13:01:36] COMMAND[Program] execute successfully, takes 8.3 secs.
[Debug] [2026-4-13 13:01:36] End to send programming cmd.
[Debug] [2026-4-13 13:01:36] Log::Print : The done bit is 1
[Debug] [2026-4-13 13:01:36] Log::Print : COMMAND[Program] execute successfully, takes 8.3 secs.
[Debug] [2026-4-13 13:01:46] Begin to send programming cmd...
[Debug] [2026-4-13 13:01:46] Send RPC:5
[Debug] [2026-4-13 13:01:46] Begin to send program data.
[Debug] [2026-4-13 13:01:46] End to send program data.
[Debug] [2026-4-13 13:01:46] Send cmd [Program:20002] OK
[Debug] [2026-4-13 13:01:47] The value of Progress is 6
[Debug] [2026-4-13 13:01:47] The value of Progress is 10
[Debug] [2026-4-13 13:01:47] The value of Progress is 15
[Debug] [2026-4-13 13:01:48] The value of Progress is 20
[Debug] [2026-4-13 13:01:48] The value of Progress is 25
[Debug] [2026-4-13 13:01:49] The value of Progress is 30
[Debug] [2026-4-13 13:01:49] The value of Progress is 35
[Debug] [2026-4-13 13:01:49] The value of Progress is 40
[Debug] [2026-4-13 13:01:50] The value of Progress is 45
[Debug] [2026-4-13 13:01:50] The value of Progress is 50
[Debug] [2026-4-13 13:01:50] The value of Progress is 55
[Debug] [2026-4-13 13:01:51] The value of Progress is 60
[Debug] [2026-4-13 13:01:51] The value of Progress is 65
[Debug] [2026-4-13 13:01:52] The value of Progress is 70
[Debug] [2026-4-13 13:01:52] The value of Progress is 75
[Debug] [2026-4-13 13:01:52] The value of Progress is 80
[Debug] [2026-4-13 13:01:53] The value of Progress is 85
[Debug] [2026-4-13 13:01:53] The value of Progress is 90
[Debug] [2026-4-13 13:01:54] The value of Progress is 95
[Debug] [2026-4-13 13:01:54] The value of Progress is 100
[Debug] [2026-4-13 13:01:54] COMMAND[Program] execute successfully, takes 8.3 secs.
[Debug] [2026-4-13 13:01:54] End to send programming cmd.
[Debug] [2026-4-13 13:01:54] Log::Print : The done bit is 1
[Debug] [2026-4-13 13:01:54] Log::Print : COMMAND[Program] execute successfully, takes 8.3 secs.
[Info] [2026-4-13 13:22:25] /***************************End Configration***************************/
[Info] [2026-4-13 13:23:54] /***************************Start Configuration***************************/
[Info] [2026-4-13 13:23:54] Path: C:/pango/PDS_2022.2-SP6.4/bin
[Info] [2026-4-13 13:23:54] Version: 146967
[Info] [2026-4-13 13:23:55] Current Path: C:/Users/Datou21/Desktop/PDS/cnn_usb_copy/prj_pds
[Info] [2026-4-13 13:23:55] PDS Dir Path: C:/Users/Datou21/Desktop/PDS/cnn_usb_copy/prj_pds
[Info] [2026-4-13 13:23:57] Configuration is not connect with server. connect first then scan chain.
[Debug] [2026-4-13 13:23:57] Client Local host name:DESKTOP-VB8TKRO
[Debug] [2026-4-13 13:23:57] Client Local Address:2.0.0.1
[Debug] [2026-4-13 13:23:57] Client Local Address:210.77.26.220
[Debug] [2026-4-13 13:23:57] Client Local Address:192.168.44.1
[Debug] [2026-4-13 13:23:57] Client Local Address:192.168.176.1
[Debug] [2026-4-13 13:23:57] Server Address:127.0.0.1, Port:65420
[Debug] [2026-4-13 13:23:57] Log::Print : Connecting to server[127.0.0.1 : 65420].
[Info] [2026-4-13 13:23:57] Connect OK, Server: 127.0.0.1  Port: 65420
[Debug] [2026-4-13 13:23:57] Finish.
[Info] [2026-4-13 13:23:57] Connect server succeeded
[Debug] [2026-4-13 13:23:57] Send RPC:1
[Debug] [2026-4-13 13:23:57] Send cmd [check version information:40004] OK
[Debug] [2026-4-13 13:23:57] Log::Print : Connect to server[127.0.0.1 : 65420] successfully.
[Debug] [2026-4-13 13:23:59] Send RPC:2
[Debug] [2026-4-13 13:23:59] Send cmd [get_cable_paras:40010] OK
[Debug] [2026-4-13 13:23:59] Begin to send initialize chain cmd...
[Debug] [2026-4-13 13:23:59] Send RPC:3
[Debug] [2026-4-13 13:23:59] Send cmd [Open config cable:20001] OK
[Debug] [2026-4-13 13:23:59] End to send initialize chain cmd.
[Debug] [2026-4-13 13:23:59] COMMAND[check version information] execute successfully, takes 1.6 secs.
[Debug] [2026-4-13 13:23:59] Log::Print : COMMAND[check version information] execute successfully, takes 1.6 secs.
[Debug] [2026-4-13 13:24:00] COMMAND[get_cable_paras] execute successfully, takes 1.8 secs.
[Debug] [2026-4-13 13:24:00] Log::Print : The cable List : 
Cable index 0:USB Cable II/fffffffffffffffe 

[Debug] [2026-4-13 13:24:00] Log::Print : COMMAND[get_cable_paras] execute successfully, takes 1.8 secs.
[Debug] [2026-4-13 13:24:01] begin the exec of open cable cmd...
[Debug] [2026-4-13 13:24:01] Begin to deal with chain from server...
[Debug] [2026-4-13 13:24:01] Begin to set user chain...
[Debug] [2026-4-13 13:24:01] End to set user chain.
[Debug] [2026-4-13 13:24:01] Begin to update graphic item and tree item ...
[Debug] [2026-4-13 13:24:02] End to update graphic item and tree item ...
[Debug] [2026-4-13 13:24:02] Log::Print : PANGO USB CABLE II cable driver: D2XX DLL
[Debug] [2026-4-13 13:24:02] Log::Print : PG2L200H
[Debug] [2026-4-13 13:24:02] Log::Print : This device configure situation (done bit): 0
[Info] [2026-4-13 13:24:03] set OpenLastPath: C:/Users/Datou21/Desktop/PDS/cnn_usb_copy/prj_pds/generate_bitstream/hdmi_loop.sbit
[Debug] [2026-4-13 13:24:03] begin to get device info from CFG file...
[Debug] [2026-4-13 13:24:03] end to get device info from CFG file...
[Debug] [2026-4-13 13:24:03] Begin to update graphic item and tree item ...
[Debug] [2026-4-13 13:24:03] End to update graphic item and tree item ...
[Debug] [2026-4-13 13:24:03] Begin to update graphic item and tree item ...
[Debug] [2026-4-13 13:24:03] End to update graphic item and tree item ...
[Debug] [2026-4-13 13:24:03] End to deal wiht chain from server.
[Debug] [2026-4-13 13:24:03] end the exec of open cable cmd.
[Debug] [2026-4-13 13:24:03] COMMAND[Open config cable] execute successfully, takes 3.8 secs.
[Debug] [2026-4-13 13:24:03] Log::Print : COMMAND[Open config cable] execute successfully, takes 3.8 secs.
[Debug] [2026-4-13 13:24:04] Begin to send programming cmd...
[Debug] [2026-4-13 13:24:04] Send RPC:4
[Debug] [2026-4-13 13:24:04] Begin to send program data.
[Debug] [2026-4-13 13:24:04] End to send program data.
[Debug] [2026-4-13 13:24:04] Send cmd [Program:20002] OK
[Debug] [2026-4-13 13:24:05] The value of Progress is 6
[Debug] [2026-4-13 13:24:05] The value of Progress is 10
[Debug] [2026-4-13 13:24:05] The value of Progress is 15
[Debug] [2026-4-13 13:24:06] The value of Progress is 20
[Debug] [2026-4-13 13:24:06] The value of Progress is 25
[Debug] [2026-4-13 13:24:06] The value of Progress is 30
[Debug] [2026-4-13 13:24:07] The value of Progress is 35
[Debug] [2026-4-13 13:24:07] The value of Progress is 40
[Debug] [2026-4-13 13:24:08] The value of Progress is 45
[Debug] [2026-4-13 13:24:08] The value of Progress is 50
[Debug] [2026-4-13 13:24:08] The value of Progress is 55
[Debug] [2026-4-13 13:24:09] The value of Progress is 60
[Debug] [2026-4-13 13:24:09] The value of Progress is 65
[Debug] [2026-4-13 13:24:09] The value of Progress is 70
[Debug] [2026-4-13 13:24:10] The value of Progress is 75
[Debug] [2026-4-13 13:24:10] The value of Progress is 80
[Debug] [2026-4-13 13:24:11] The value of Progress is 85
[Debug] [2026-4-13 13:24:11] The value of Progress is 90
[Debug] [2026-4-13 13:24:11] The value of Progress is 95
[Debug] [2026-4-13 13:24:12] The value of Progress is 100
[Debug] [2026-4-13 13:24:12] COMMAND[Program] execute successfully, takes 8.3 secs.
[Debug] [2026-4-13 13:24:12] End to send programming cmd.
[Debug] [2026-4-13 13:24:12] Log::Print : The done bit is 1
[Debug] [2026-4-13 13:24:12] Log::Print : COMMAND[Program] execute successfully, takes 8.3 secs.
[Debug] [2026-4-13 13:24:39] Begin to send programming cmd...
[Debug] [2026-4-13 13:24:39] Send RPC:5
[Debug] [2026-4-13 13:24:39] Begin to send program data.
[Debug] [2026-4-13 13:24:39] End to send program data.
[Debug] [2026-4-13 13:24:39] Send cmd [Program:20002] OK
[Debug] [2026-4-13 13:24:40] The value of Progress is 6
[Debug] [2026-4-13 13:24:41] The value of Progress is 10
[Debug] [2026-4-13 13:24:41] The value of Progress is 15
[Debug] [2026-4-13 13:24:41] The value of Progress is 20
[Debug] [2026-4-13 13:24:42] The value of Progress is 25
[Debug] [2026-4-13 13:24:42] The value of Progress is 30
[Debug] [2026-4-13 13:24:42] The value of Progress is 35
[Debug] [2026-4-13 13:24:43] The value of Progress is 40
[Debug] [2026-4-13 13:24:43] The value of Progress is 45
[Debug] [2026-4-13 13:24:44] The value of Progress is 50
[Debug] [2026-4-13 13:24:44] The value of Progress is 55
[Debug] [2026-4-13 13:24:44] The value of Progress is 60
[Debug] [2026-4-13 13:24:45] The value of Progress is 65
[Debug] [2026-4-13 13:24:45] The value of Progress is 70
[Debug] [2026-4-13 13:24:46] The value of Progress is 75
[Debug] [2026-4-13 13:24:46] The value of Progress is 80
[Debug] [2026-4-13 13:24:46] The value of Progress is 85
[Debug] [2026-4-13 13:24:47] The value of Progress is 90
[Debug] [2026-4-13 13:24:47] The value of Progress is 95
[Debug] [2026-4-13 13:24:47] The value of Progress is 100
[Debug] [2026-4-13 13:24:48] COMMAND[Program] execute successfully, takes 8.3 secs.
[Debug] [2026-4-13 13:24:48] End to send programming cmd.
[Debug] [2026-4-13 13:24:48] Log::Print : The done bit is 1
[Debug] [2026-4-13 13:24:48] Log::Print : COMMAND[Program] execute successfully, takes 8.3 secs.
[Debug] [2026-4-13 13:25:13] Begin to send programming cmd...
[Debug] [2026-4-13 13:25:13] Send RPC:6
[Debug] [2026-4-13 13:25:13] Begin to send program data.
[Debug] [2026-4-13 13:25:13] End to send program data.
[Debug] [2026-4-13 13:25:13] Send cmd [Program:20002] OK
[Debug] [2026-4-13 13:25:14] The value of Progress is 6
[Debug] [2026-4-13 13:25:14] The value of Progress is 10
[Debug] [2026-4-13 13:25:15] The value of Progress is 15
[Debug] [2026-4-13 13:25:15] The value of Progress is 20
[Debug] [2026-4-13 13:25:15] The value of Progress is 25
[Debug] [2026-4-13 13:25:16] The value of Progress is 30
[Debug] [2026-4-13 13:25:16] The value of Progress is 35
[Debug] [2026-4-13 13:25:17] The value of Progress is 40
[Debug] [2026-4-13 13:25:17] The value of Progress is 45
[Debug] [2026-4-13 13:25:17] The value of Progress is 50
[Debug] [2026-4-13 13:25:18] The value of Progress is 55
[Debug] [2026-4-13 13:25:18] The value of Progress is 60
[Debug] [2026-4-13 13:25:18] The value of Progress is 65
[Debug] [2026-4-13 13:25:19] The value of Progress is 70
[Debug] [2026-4-13 13:25:19] The value of Progress is 75
[Debug] [2026-4-13 13:25:20] The value of Progress is 80
[Debug] [2026-4-13 13:25:20] The value of Progress is 85
[Debug] [2026-4-13 13:25:20] The value of Progress is 90
[Debug] [2026-4-13 13:25:21] The value of Progress is 95
[Debug] [2026-4-13 13:25:21] The value of Progress is 100
[Debug] [2026-4-13 13:25:22] COMMAND[Program] execute successfully, takes 8.5 secs.
[Debug] [2026-4-13 13:25:22] End to send programming cmd.
[Debug] [2026-4-13 13:25:22] Log::Print : The done bit is 1
[Debug] [2026-4-13 13:25:22] Log::Print : COMMAND[Program] execute successfully, takes 8.5 secs.
[Debug] [2026-4-13 13:29:13] Begin to send programming cmd...
[Debug] [2026-4-13 13:29:13] Send RPC:7
[Debug] [2026-4-13 13:29:13] Begin to send program data.
[Debug] [2026-4-13 13:29:13] End to send program data.
[Debug] [2026-4-13 13:29:13] Send cmd [Program:20002] OK
[Debug] [2026-4-13 13:29:14] The value of Progress is 6
[Debug] [2026-4-13 13:29:14] The value of Progress is 10
[Debug] [2026-4-13 13:29:14] The value of Progress is 15
[Debug] [2026-4-13 13:29:15] The value of Progress is 20
[Debug] [2026-4-13 13:29:15] The value of Progress is 25
[Debug] [2026-4-13 13:29:15] The value of Progress is 30
[Debug] [2026-4-13 13:29:16] The value of Progress is 35
[Debug] [2026-4-13 13:29:16] The value of Progress is 40
[Debug] [2026-4-13 13:29:17] The value of Progress is 45
[Debug] [2026-4-13 13:29:17] The value of Progress is 50
[Debug] [2026-4-13 13:29:17] The value of Progress is 55
[Debug] [2026-4-13 13:29:18] The value of Progress is 60
[Debug] [2026-4-13 13:29:18] The value of Progress is 65
[Debug] [2026-4-13 13:29:18] The value of Progress is 70
[Debug] [2026-4-13 13:29:19] The value of Progress is 75
[Debug] [2026-4-13 13:29:19] The value of Progress is 80
[Debug] [2026-4-13 13:29:20] The value of Progress is 85
[Debug] [2026-4-13 13:29:20] The value of Progress is 90
[Debug] [2026-4-13 13:29:20] The value of Progress is 95
[Debug] [2026-4-13 13:29:21] The value of Progress is 100
[Debug] [2026-4-13 13:29:21] COMMAND[Program] execute successfully, takes 8.5 secs.
[Debug] [2026-4-13 13:29:21] End to send programming cmd.
[Debug] [2026-4-13 13:29:21] Log::Print : The done bit is 1
[Debug] [2026-4-13 13:29:21] Log::Print : COMMAND[Program] execute successfully, takes 8.5 secs.
[Info] [2026-4-13 13:34:54] /***************************End Configration***************************/
[Info] [2026-4-13 13:50:49] /***************************Start Configuration***************************/
[Info] [2026-4-13 13:50:49] Path: C:/pango/PDS_2022.2-SP6.4/bin
[Info] [2026-4-13 13:50:49] Version: 146967
[Info] [2026-4-13 13:50:50] Current Path: C:/Users/Datou21/Desktop/PDS/cnn_usb_copy/prj_pds
[Info] [2026-4-13 13:50:50] PDS Dir Path: C:/Users/Datou21/Desktop/PDS/cnn_usb_copy/prj_pds
[Info] [2026-4-13 13:50:53] Configuration is not connect with server. connect first then scan chain.
[Debug] [2026-4-13 13:50:53] Client Local host name:DESKTOP-VB8TKRO
[Debug] [2026-4-13 13:50:53] Client Local Address:2.0.0.1
[Debug] [2026-4-13 13:50:53] Client Local Address:210.77.26.220
[Debug] [2026-4-13 13:50:53] Client Local Address:192.168.44.1
[Debug] [2026-4-13 13:50:53] Client Local Address:192.168.176.1
[Debug] [2026-4-13 13:50:53] Server Address:127.0.0.1, Port:65420
[Debug] [2026-4-13 13:50:53] Log::Print : Connecting to server[127.0.0.1 : 65420].
[Info] [2026-4-13 13:50:54] Connect OK, Server: 127.0.0.1  Port: 65420
[Debug] [2026-4-13 13:50:54] Finish.
[Info] [2026-4-13 13:50:54] Connect server succeeded
[Debug] [2026-4-13 13:50:54] Send RPC:1
[Debug] [2026-4-13 13:50:54] Send cmd [check version information:40004] OK
[Debug] [2026-4-13 13:50:54] Log::Print : Connect to server[127.0.0.1 : 65420] successfully.
[Debug] [2026-4-13 13:50:54] Send RPC:2
[Debug] [2026-4-13 13:50:54] Send cmd [get_cable_paras:40010] OK
[Debug] [2026-4-13 13:50:54] Begin to send initialize chain cmd...
[Debug] [2026-4-13 13:50:54] Send RPC:3
[Debug] [2026-4-13 13:50:54] Send cmd [Open config cable:20001] OK
[Debug] [2026-4-13 13:50:54] End to send initialize chain cmd.
[Debug] [2026-4-13 13:50:54] COMMAND[check version information] execute successfully, takes 0.5 secs.
[Debug] [2026-4-13 13:50:54] Log::Print : COMMAND[check version information] execute successfully, takes 0.5 secs.
[Debug] [2026-4-13 13:50:55] COMMAND[get_cable_paras] execute successfully, takes 1.1 secs.
[Debug] [2026-4-13 13:50:55] Log::Print : The cable List : 
Cable index 0:USB Cable II/fffffffffffffffe 

[Debug] [2026-4-13 13:50:55] Log::Print : COMMAND[get_cable_paras] execute successfully, takes 1.1 secs.
[Debug] [2026-4-13 13:50:56] begin the exec of open cable cmd...
[Debug] [2026-4-13 13:50:56] Begin to deal with chain from server...
[Debug] [2026-4-13 13:50:56] Begin to set user chain...
[Debug] [2026-4-13 13:50:56] End to set user chain.
[Debug] [2026-4-13 13:50:56] Begin to update graphic item and tree item ...
[Debug] [2026-4-13 13:50:56] End to update graphic item and tree item ...
[Debug] [2026-4-13 13:50:56] Log::Print : PANGO USB CABLE II cable driver: D2XX DLL
[Debug] [2026-4-13 13:50:56] Log::Print : PG2L200H
[Debug] [2026-4-13 13:50:56] Log::Print : This device configure situation (done bit): 0
[Info] [2026-4-13 13:50:57] set OpenLastPath: C:/Users/Datou21/Desktop/PDS/cnn_usb_copy/prj_pds/generate_bitstream/hdmi_loop.sbit
[Debug] [2026-4-13 13:50:57] begin to get device info from CFG file...
[Debug] [2026-4-13 13:50:57] end to get device info from CFG file...
[Debug] [2026-4-13 13:50:57] Begin to update graphic item and tree item ...
[Debug] [2026-4-13 13:50:57] End to update graphic item and tree item ...
[Debug] [2026-4-13 13:50:57] Begin to update graphic item and tree item ...
[Debug] [2026-4-13 13:50:57] End to update graphic item and tree item ...
[Debug] [2026-4-13 13:50:57] End to deal wiht chain from server.
[Debug] [2026-4-13 13:50:57] end the exec of open cable cmd.
[Debug] [2026-4-13 13:50:57] COMMAND[Open config cable] execute successfully, takes 2.9 secs.
[Debug] [2026-4-13 13:50:57] Log::Print : COMMAND[Open config cable] execute successfully, takes 2.9 secs.
[Debug] [2026-4-13 13:50:59] Begin to send programming cmd...
[Debug] [2026-4-13 13:50:59] Send RPC:4
[Debug] [2026-4-13 13:50:59] Begin to send program data.
[Debug] [2026-4-13 13:50:59] End to send program data.
[Debug] [2026-4-13 13:50:59] Send cmd [Program:20002] OK
[Debug] [2026-4-13 13:51:00] The value of Progress is 6
[Debug] [2026-4-13 13:51:00] The value of Progress is 10
[Debug] [2026-4-13 13:51:00] The value of Progress is 15
[Debug] [2026-4-13 13:51:01] The value of Progress is 20
[Debug] [2026-4-13 13:51:01] The value of Progress is 25
[Debug] [2026-4-13 13:51:01] The value of Progress is 30
[Debug] [2026-4-13 13:51:02] The value of Progress is 35
[Debug] [2026-4-13 13:51:02] The value of Progress is 40
[Debug] [2026-4-13 13:51:02] The value of Progress is 45
[Debug] [2026-4-13 13:51:03] The value of Progress is 50
[Debug] [2026-4-13 13:51:03] The value of Progress is 55
[Debug] [2026-4-13 13:51:04] The value of Progress is 60
[Debug] [2026-4-13 13:51:04] The value of Progress is 65
[Debug] [2026-4-13 13:51:04] The value of Progress is 70
[Debug] [2026-4-13 13:51:05] The value of Progress is 75
[Debug] [2026-4-13 13:51:05] The value of Progress is 80
[Debug] [2026-4-13 13:51:06] The value of Progress is 85
[Debug] [2026-4-13 13:51:06] The value of Progress is 90
[Debug] [2026-4-13 13:51:06] The value of Progress is 95
[Debug] [2026-4-13 13:51:07] The value of Progress is 100
[Debug] [2026-4-13 13:51:07] COMMAND[Program] execute successfully, takes 8.3 secs.
[Debug] [2026-4-13 13:51:07] End to send programming cmd.
[Debug] [2026-4-13 13:51:07] Log::Print : The done bit is 1
[Debug] [2026-4-13 13:51:07] Log::Print : COMMAND[Program] execute successfully, takes 8.3 secs.
[Debug] [2026-4-13 13:51:24] Begin to send verify cmd in BS mode...
[Debug] [2026-4-13 13:51:24] Begin to check mask file.
[Debug] [2026-4-13 13:51:24] End to check mask file.
[Debug] [2026-4-13 13:51:24] Send RPC:5
[Debug] [2026-4-13 13:51:24] Begin to send verify data.
[Debug] [2026-4-13 13:51:24] End to send verify data.
[Debug] [2026-4-13 13:51:24] Send cmd [Verify:20004] OK
[Debug] [2026-4-13 13:51:25] The value of Progress is 6
[Debug] [2026-4-13 13:51:26] The value of Progress is 10
[Debug] [2026-4-13 13:51:26] The value of Progress is 15
[Debug] [2026-4-13 13:51:27] The value of Progress is 20
[Debug] [2026-4-13 13:51:27] The value of Progress is 25
[Debug] [2026-4-13 13:51:28] The value of Progress is 30
[Debug] [2026-4-13 13:51:29] The value of Progress is 35
[Debug] [2026-4-13 13:51:29] The value of Progress is 40
[Debug] [2026-4-13 13:51:30] The value of Progress is 45
[Debug] [2026-4-13 13:51:30] The value of Progress is 50
[Debug] [2026-4-13 13:51:31] The value of Progress is 55
[Debug] [2026-4-13 13:51:31] The value of Progress is 60
[Debug] [2026-4-13 13:51:32] The value of Progress is 65
[Debug] [2026-4-13 13:51:33] The value of Progress is 70
[Debug] [2026-4-13 13:51:33] The value of Progress is 75
[Debug] [2026-4-13 13:51:34] The value of Progress is 80
[Debug] [2026-4-13 13:51:34] The value of Progress is 85
[Debug] [2026-4-13 13:51:35] The value of Progress is 90
[Debug] [2026-4-13 13:51:35] The value of Progress is 95
[Debug] [2026-4-13 13:51:36] The value of Progress is 100
[Debug] [2026-4-13 13:51:36] COMMAND[Verify] execute successfully, takes 12.2 secs.
[Debug] [2026-4-13 13:51:36] End to send verify cmd in BS mode.
[Debug] [2026-4-13 13:51:36] Log::Print : COMMAND[Verify] execute successfully, takes 12.2 secs.
[Debug] [2026-4-13 13:52:04] Begin to send programming cmd...
[Debug] [2026-4-13 13:52:04] Send RPC:6
[Debug] [2026-4-13 13:52:04] Begin to send program data.
[Debug] [2026-4-13 13:52:04] End to send program data.
[Debug] [2026-4-13 13:52:04] Send cmd [Program:20002] OK
[Debug] [2026-4-13 13:52:05] The value of Progress is 6
[Debug] [2026-4-13 13:52:05] The value of Progress is 10
[Debug] [2026-4-13 13:52:05] The value of Progress is 15
[Debug] [2026-4-13 13:52:06] The value of Progress is 20
[Debug] [2026-4-13 13:52:06] The value of Progress is 25
[Debug] [2026-4-13 13:52:07] The value of Progress is 30
[Debug] [2026-4-13 13:52:07] The value of Progress is 35
[Debug] [2026-4-13 13:52:07] The value of Progress is 40
[Debug] [2026-4-13 13:52:08] The value of Progress is 45
[Debug] [2026-4-13 13:52:08] The value of Progress is 50
[Debug] [2026-4-13 13:52:08] The value of Progress is 55
[Debug] [2026-4-13 13:52:09] The value of Progress is 60
[Debug] [2026-4-13 13:52:09] The value of Progress is 65
[Debug] [2026-4-13 13:52:10] The value of Progress is 70
[Debug] [2026-4-13 13:52:10] The value of Progress is 75
[Debug] [2026-4-13 13:52:10] The value of Progress is 80
[Debug] [2026-4-13 13:52:11] The value of Progress is 85
[Debug] [2026-4-13 13:52:11] The value of Progress is 90
[Debug] [2026-4-13 13:52:12] The value of Progress is 95
[Debug] [2026-4-13 13:52:12] The value of Progress is 100
[Debug] [2026-4-13 13:52:12] COMMAND[Program] execute successfully, takes 8.3 secs.
[Debug] [2026-4-13 13:52:12] End to send programming cmd.
[Debug] [2026-4-13 13:52:12] Log::Print : The done bit is 1
[Debug] [2026-4-13 13:52:12] Log::Print : COMMAND[Program] execute successfully, takes 8.3 secs.
[Debug] [2026-4-13 14:47:33] Begin to send programming cmd...
[Debug] [2026-4-13 14:47:33] Send RPC:7
[Debug] [2026-4-13 14:47:33] Begin to send program data.
[Debug] [2026-4-13 14:47:33] End to send program data.
[Debug] [2026-4-13 14:47:33] Send cmd [Program:20002] OK
[Debug] [2026-4-13 14:47:33] The value of Progress is 6
[Debug] [2026-4-13 14:47:34] The value of Progress is 10
[Debug] [2026-4-13 14:47:34] The value of Progress is 15
[Debug] [2026-4-13 14:47:35] The value of Progress is 20
[Debug] [2026-4-13 14:47:35] The value of Progress is 25
[Debug] [2026-4-13 14:47:35] The value of Progress is 30
[Debug] [2026-4-13 14:47:36] The value of Progress is 35
[Debug] [2026-4-13 14:47:36] The value of Progress is 40
[Debug] [2026-4-13 14:47:36] The value of Progress is 45
[Debug] [2026-4-13 14:47:37] The value of Progress is 50
[Debug] [2026-4-13 14:47:37] The value of Progress is 55
[Debug] [2026-4-13 14:47:38] The value of Progress is 60
[Debug] [2026-4-13 14:47:38] The value of Progress is 65
[Debug] [2026-4-13 14:47:38] The value of Progress is 70
[Debug] [2026-4-13 14:47:39] The value of Progress is 75
[Debug] [2026-4-13 14:47:39] The value of Progress is 80
[Debug] [2026-4-13 14:47:40] The value of Progress is 85
[Debug] [2026-4-13 14:47:40] The value of Progress is 90
[Debug] [2026-4-13 14:47:40] The value of Progress is 95
[Debug] [2026-4-13 14:47:41] The value of Progress is 100
[Debug] [2026-4-13 14:47:41] COMMAND[Program] execute successfully, takes 8.5 secs.
[Debug] [2026-4-13 14:47:41] End to send programming cmd.
[Debug] [2026-4-13 14:47:41] Log::Print : The done bit is 1
[Debug] [2026-4-13 14:47:41] Log::Print : COMMAND[Program] execute successfully, takes 8.5 secs.
[Debug] [2026-4-13 14:47:46] Begin to send programming cmd...
[Debug] [2026-4-13 14:47:46] Send RPC:8
[Debug] [2026-4-13 14:47:46] Begin to send program data.
[Debug] [2026-4-13 14:47:46] End to send program data.
[Debug] [2026-4-13 14:47:46] Send cmd [Program:20002] OK
[Debug] [2026-4-13 14:47:47] The value of Progress is 6
[Debug] [2026-4-13 14:47:48] The value of Progress is 10
[Debug] [2026-4-13 14:47:48] The value of Progress is 15
[Debug] [2026-4-13 14:47:48] The value of Progress is 20
[Debug] [2026-4-13 14:47:49] The value of Progress is 25
[Debug] [2026-4-13 14:47:49] The value of Progress is 30
[Debug] [2026-4-13 14:47:50] The value of Progress is 35
[Debug] [2026-4-13 14:47:50] The value of Progress is 40
[Debug] [2026-4-13 14:47:50] The value of Progress is 45
[Debug] [2026-4-13 14:47:51] The value of Progress is 50
[Debug] [2026-4-13 14:47:51] The value of Progress is 55
[Debug] [2026-4-13 14:47:51] The value of Progress is 60
[Debug] [2026-4-13 14:47:52] The value of Progress is 65
[Debug] [2026-4-13 14:47:52] The value of Progress is 70
[Debug] [2026-4-13 14:47:53] The value of Progress is 75
[Debug] [2026-4-13 14:47:53] The value of Progress is 80
[Debug] [2026-4-13 14:47:53] The value of Progress is 85
[Debug] [2026-4-13 14:47:54] The value of Progress is 90
[Debug] [2026-4-13 14:47:54] The value of Progress is 95
[Debug] [2026-4-13 14:47:55] The value of Progress is 100
[Debug] [2026-4-13 14:47:55] COMMAND[Program] execute successfully, takes 8.3 secs.
[Debug] [2026-4-13 14:47:55] End to send programming cmd.
[Debug] [2026-4-13 14:47:55] Log::Print : The done bit is 1
[Debug] [2026-4-13 14:47:55] Log::Print : COMMAND[Program] execute successfully, takes 8.3 secs.
[Debug] [2026-4-13 16:53:12] Begin to send programming cmd...
[Debug] [2026-4-13 16:53:12] Send RPC:9
[Debug] [2026-4-13 16:53:12] Begin to send program data.
[Debug] [2026-4-13 16:53:12] End to send program data.
[Debug] [2026-4-13 16:53:12] Send cmd [Program:20002] OK
[Debug] [2026-4-13 16:53:13] The value of Progress is 6
[Debug] [2026-4-13 16:53:14] The value of Progress is 10
[Debug] [2026-4-13 16:53:14] The value of Progress is 15
[Debug] [2026-4-13 16:53:14] The value of Progress is 20
[Debug] [2026-4-13 16:53:15] The value of Progress is 25
[Debug] [2026-4-13 16:53:15] The value of Progress is 30
[Debug] [2026-4-13 16:53:16] The value of Progress is 35
[Debug] [2026-4-13 16:53:16] The value of Progress is 40
[Debug] [2026-4-13 16:53:16] The value of Progress is 45
[Debug] [2026-4-13 16:53:17] The value of Progress is 50
[Debug] [2026-4-13 16:53:17] The value of Progress is 55
[Debug] [2026-4-13 16:53:18] The value of Progress is 60
[Debug] [2026-4-13 16:53:18] The value of Progress is 65
[Debug] [2026-4-13 16:53:18] The value of Progress is 70
[Debug] [2026-4-13 16:53:19] The value of Progress is 75
[Debug] [2026-4-13 16:53:19] The value of Progress is 80
[Debug] [2026-4-13 16:53:19] The value of Progress is 85
[Debug] [2026-4-13 16:53:20] The value of Progress is 90
[Debug] [2026-4-13 16:53:20] The value of Progress is 95
[Debug] [2026-4-13 16:53:21] The value of Progress is 100
[Debug] [2026-4-13 16:53:21] COMMAND[Program] execute successfully, takes 8.8 secs.
[Debug] [2026-4-13 16:53:21] End to send programming cmd.
[Debug] [2026-4-13 16:53:21] Log::Print : The done bit is 1
[Debug] [2026-4-13 16:53:21] Log::Print : COMMAND[Program] execute successfully, takes 8.8 secs.
[Debug] [2026-4-13 16:53:43] Begin to send programming cmd...
[Debug] [2026-4-13 16:53:43] Send RPC:10
[Debug] [2026-4-13 16:53:43] Begin to send program data.
[Debug] [2026-4-13 16:53:43] End to send program data.
[Debug] [2026-4-13 16:53:43] Send cmd [Program:20002] OK
[Debug] [2026-4-13 16:53:44] The value of Progress is 6
[Debug] [2026-4-13 16:53:45] The value of Progress is 10
[Debug] [2026-4-13 16:53:45] The value of Progress is 15
[Debug] [2026-4-13 16:53:45] The value of Progress is 20
[Debug] [2026-4-13 16:53:46] The value of Progress is 25
[Debug] [2026-4-13 16:53:46] The value of Progress is 30
[Debug] [2026-4-13 16:53:47] The value of Progress is 35
[Debug] [2026-4-13 16:53:47] The value of Progress is 40
[Debug] [2026-4-13 16:53:47] The value of Progress is 45
[Debug] [2026-4-13 16:53:48] The value of Progress is 50
[Debug] [2026-4-13 16:53:48] The value of Progress is 55
[Debug] [2026-4-13 16:53:49] The value of Progress is 60
[Debug] [2026-4-13 16:53:49] The value of Progress is 65
[Debug] [2026-4-13 16:53:49] The value of Progress is 70
[Debug] [2026-4-13 16:53:50] The value of Progress is 75
[Debug] [2026-4-13 16:53:50] The value of Progress is 80
[Debug] [2026-4-13 16:53:50] The value of Progress is 85
[Debug] [2026-4-13 16:53:51] The value of Progress is 90
[Debug] [2026-4-13 16:53:51] The value of Progress is 95
[Debug] [2026-4-13 16:53:52] The value of Progress is 100
[Debug] [2026-4-13 16:53:52] COMMAND[Program] execute successfully, takes 8.3 secs.
[Debug] [2026-4-13 16:53:52] End to send programming cmd.
[Debug] [2026-4-13 16:53:52] Log::Print : The done bit is 1
[Debug] [2026-4-13 16:53:52] Log::Print : COMMAND[Program] execute successfully, takes 8.3 secs.
[Debug] [2026-4-13 17:08:56] Begin to send programming cmd...
[Debug] [2026-4-13 17:08:56] Send RPC:11
[Debug] [2026-4-13 17:08:56] Begin to send program data.
[Debug] [2026-4-13 17:08:56] End to send program data.
[Debug] [2026-4-13 17:08:56] Send cmd [Program:20002] OK
[Debug] [2026-4-13 17:08:57] The value of Progress is 6
[Debug] [2026-4-13 17:08:57] The value of Progress is 10
[Debug] [2026-4-13 17:08:58] The value of Progress is 15
[Debug] [2026-4-13 17:08:58] The value of Progress is 20
[Debug] [2026-4-13 17:08:59] The value of Progress is 25
[Debug] [2026-4-13 17:08:59] The value of Progress is 30
[Debug] [2026-4-13 17:08:59] The value of Progress is 35
[Debug] [2026-4-13 17:09:00] The value of Progress is 40
[Debug] [2026-4-13 17:09:00] The value of Progress is 45
[Debug] [2026-4-13 17:09:00] The value of Progress is 50
[Debug] [2026-4-13 17:09:01] The value of Progress is 55
[Debug] [2026-4-13 17:09:01] The value of Progress is 60
[Debug] [2026-4-13 17:09:02] The value of Progress is 65
[Debug] [2026-4-13 17:09:02] The value of Progress is 70
[Debug] [2026-4-13 17:09:02] The value of Progress is 75
[Debug] [2026-4-13 17:09:03] The value of Progress is 80
[Debug] [2026-4-13 17:09:03] The value of Progress is 85
[Debug] [2026-4-13 17:09:03] The value of Progress is 90
[Debug] [2026-4-13 17:09:04] The value of Progress is 95
[Debug] [2026-4-13 17:09:04] The value of Progress is 100
[Debug] [2026-4-13 17:09:05] COMMAND[Program] execute successfully, takes 8.5 secs.
[Debug] [2026-4-13 17:09:05] End to send programming cmd.
[Debug] [2026-4-13 17:09:05] Log::Print : The done bit is 1
[Debug] [2026-4-13 17:09:05] Log::Print : COMMAND[Program] execute successfully, takes 8.5 secs.
[Debug] [2026-4-13 17:09:10] Begin to send programming cmd...
[Debug] [2026-4-13 17:09:10] Send RPC:12
[Debug] [2026-4-13 17:09:10] Begin to send program data.
[Debug] [2026-4-13 17:09:10] End to send program data.
[Debug] [2026-4-13 17:09:10] Send cmd [Program:20002] OK
[Debug] [2026-4-13 17:09:11] The value of Progress is 6
[Debug] [2026-4-13 17:09:11] The value of Progress is 10
[Debug] [2026-4-13 17:09:12] The value of Progress is 15
[Debug] [2026-4-13 17:09:12] The value of Progress is 20
[Debug] [2026-4-13 17:09:12] The value of Progress is 25
[Debug] [2026-4-13 17:09:13] The value of Progress is 30
[Debug] [2026-4-13 17:09:13] The value of Progress is 35
[Debug] [2026-4-13 17:09:14] The value of Progress is 40
[Debug] [2026-4-13 17:09:14] The value of Progress is 45
[Debug] [2026-4-13 17:09:14] The value of Progress is 50
[Debug] [2026-4-13 17:09:15] The value of Progress is 55
[Debug] [2026-4-13 17:09:15] The value of Progress is 60
[Debug] [2026-4-13 17:09:16] The value of Progress is 65
[Debug] [2026-4-13 17:09:16] The value of Progress is 70
[Debug] [2026-4-13 17:09:16] The value of Progress is 75
[Debug] [2026-4-13 17:09:17] The value of Progress is 80
[Debug] [2026-4-13 17:09:17] The value of Progress is 85
[Debug] [2026-4-13 17:09:17] The value of Progress is 90
[Debug] [2026-4-13 17:09:18] The value of Progress is 95
[Debug] [2026-4-13 17:09:18] The value of Progress is 100
[Debug] [2026-4-13 17:09:18] COMMAND[Program] execute successfully, takes 8.3 secs.
[Debug] [2026-4-13 17:09:18] End to send programming cmd.
[Debug] [2026-4-13 17:09:18] Log::Print : The done bit is 1
[Debug] [2026-4-13 17:09:18] Log::Print : COMMAND[Program] execute successfully, takes 8.3 secs.
[Debug] [2026-4-13 17:09:43] Begin to send programming cmd...
[Debug] [2026-4-13 17:09:43] Send RPC:13
[Debug] [2026-4-13 17:09:43] Begin to send program data.
[Debug] [2026-4-13 17:09:43] End to send program data.
[Debug] [2026-4-13 17:09:43] Send cmd [Program:20002] OK
[Debug] [2026-4-13 17:09:44] The value of Progress is 6
[Debug] [2026-4-13 17:09:44] Begin to send abort process cmd.
[Debug] [2026-4-13 17:09:44] Begin to flush aborting cmd. 
[Debug] [2026-4-13 17:09:44] End to flush aborting cmd. 
[Debug] [2026-4-13 17:09:44] End to send abort process cmd.
[Debug] [2026-4-13 17:09:44] End to send programming cmd.
[Error] [2026-4-13 17:09:44] MsgOut: Configuration-0005: Try to abort Programming.
[Debug] [2026-4-13 17:09:44] COMMAND[Program] execute successfully, takes 1.2 secs.
[Debug] [2026-4-13 17:09:44] Log::Print : The done bit is 0
[Debug] [2026-4-13 17:09:44] Log::Print : COMMAND[Program] execute successfully, takes 1.2 secs.
[Debug] [2026-4-13 17:09:45] Begin to send initialize chain cmd...
[Debug] [2026-4-13 17:09:45] Send RPC:14
[Debug] [2026-4-13 17:09:45] Send cmd [Open config cable:20001] OK
[Debug] [2026-4-13 17:09:45] End to send initialize chain cmd.
[Debug] [2026-4-13 17:09:46] begin the exec of open cable cmd...
[Debug] [2026-4-13 17:09:46] Begin to deal with chain from server...
[Debug] [2026-4-13 17:09:46] Begin to set user chain...
[Debug] [2026-4-13 17:09:46] End to set user chain.
[Debug] [2026-4-13 17:09:46] Begin to update graphic item and tree item ...
[Debug] [2026-4-13 17:09:46] End to update graphic item and tree item ...
[Debug] [2026-4-13 17:09:46] Log::Print : PANGO USB CABLE II cable driver: D2XX DLL
[Debug] [2026-4-13 17:09:46] Log::Print : PG2L200H
[Debug] [2026-4-13 17:09:46] Log::Print : This device configure situation (done bit): 0
[Info] [2026-4-13 17:09:51] set OpenLastPath: C:/Users/Datou21/Desktop/PDS/cnn_usb_copy/bit_files/720P_hdmi_loop_pds_200kmini_v2.sbit
[Debug] [2026-4-13 17:09:51] begin to get device info from CFG file...
[Debug] [2026-4-13 17:09:51] end to get device info from CFG file...
[Debug] [2026-4-13 17:09:51] Begin to update graphic item and tree item ...
[Debug] [2026-4-13 17:09:51] End to update graphic item and tree item ...
[Debug] [2026-4-13 17:09:51] Begin to update graphic item and tree item ...
[Debug] [2026-4-13 17:09:51] End to update graphic item and tree item ...
[Debug] [2026-4-13 17:09:51] End to deal wiht chain from server.
[Debug] [2026-4-13 17:09:51] end the exec of open cable cmd.
[Debug] [2026-4-13 17:09:51] COMMAND[Open config cable] execute successfully, takes 5.6 secs.
[Debug] [2026-4-13 17:09:51] Log::Print : COMMAND[Open config cable] execute successfully, takes 5.6 secs.
[Debug] [2026-4-13 17:09:53] Begin to send programming cmd...
[Debug] [2026-4-13 17:09:53] Send RPC:15
[Debug] [2026-4-13 17:09:53] Begin to send program data.
[Debug] [2026-4-13 17:09:53] End to send program data.
[Debug] [2026-4-13 17:09:53] Send cmd [Program:20002] OK
[Debug] [2026-4-13 17:09:54] The value of Progress is 6
[Debug] [2026-4-13 17:09:54] The value of Progress is 10
[Debug] [2026-4-13 17:09:54] The value of Progress is 15
[Debug] [2026-4-13 17:09:55] The value of Progress is 20
[Debug] [2026-4-13 17:09:55] The value of Progress is 25
[Debug] [2026-4-13 17:09:56] The value of Progress is 30
[Debug] [2026-4-13 17:09:56] The value of Progress is 35
[Debug] [2026-4-13 17:09:56] The value of Progress is 40
[Debug] [2026-4-13 17:09:57] The value of Progress is 45
[Debug] [2026-4-13 17:09:57] The value of Progress is 50
[Debug] [2026-4-13 17:09:57] The value of Progress is 55
[Debug] [2026-4-13 17:09:58] The value of Progress is 60
[Debug] [2026-4-13 17:09:58] The value of Progress is 65
[Debug] [2026-4-13 17:09:59] The value of Progress is 70
[Debug] [2026-4-13 17:09:59] The value of Progress is 75
[Debug] [2026-4-13 17:09:59] The value of Progress is 80
[Debug] [2026-4-13 17:10:00] The value of Progress is 85
[Debug] [2026-4-13 17:10:00] The value of Progress is 90
[Debug] [2026-4-13 17:10:00] The value of Progress is 95
[Debug] [2026-4-13 17:10:01] The value of Progress is 100
[Debug] [2026-4-13 17:10:01] COMMAND[Program] execute successfully, takes 8.3 secs.
[Debug] [2026-4-13 17:10:01] End to send programming cmd.
[Debug] [2026-4-13 17:10:01] Log::Print : The done bit is 1
[Debug] [2026-4-13 17:10:01] Log::Print : COMMAND[Program] execute successfully, takes 8.3 secs.
[Debug] [2026-4-13 17:11:49] Begin to send initialize chain cmd...
[Debug] [2026-4-13 17:11:49] Send RPC:16
[Debug] [2026-4-13 17:11:49] Send cmd [Open config cable:20001] OK
[Debug] [2026-4-13 17:11:49] End to send initialize chain cmd.
[Debug] [2026-4-13 17:11:50] begin the exec of open cable cmd...
[Debug] [2026-4-13 17:11:50] Begin to deal with chain from server...
[Debug] [2026-4-13 17:11:50] Begin to set user chain...
[Debug] [2026-4-13 17:11:50] End to set user chain.
[Debug] [2026-4-13 17:11:50] Begin to update graphic item and tree item ...
[Debug] [2026-4-13 17:11:50] End to update graphic item and tree item ...
[Debug] [2026-4-13 17:11:50] Log::Print : PANGO USB CABLE II cable driver: D2XX DLL
[Debug] [2026-4-13 17:11:50] Log::Print : PG2L200H
[Debug] [2026-4-13 17:11:50] Log::Print : This device configure situation (done bit): 1
[Info] [2026-4-13 17:11:55] set OpenLastPath: C:/Users/Datou21/Desktop/PDS/cnn_usb_copy/prj_pds/generate_bitstream/hdmi_loop.sbit
[Debug] [2026-4-13 17:11:55] begin to get device info from CFG file...
[Debug] [2026-4-13 17:11:55] end to get device info from CFG file...
[Debug] [2026-4-13 17:11:55] Begin to update graphic item and tree item ...
[Debug] [2026-4-13 17:11:55] End to update graphic item and tree item ...
[Debug] [2026-4-13 17:11:55] Begin to update graphic item and tree item ...
[Debug] [2026-4-13 17:11:55] End to update graphic item and tree item ...
[Debug] [2026-4-13 17:11:55] End to deal wiht chain from server.
[Debug] [2026-4-13 17:11:55] end the exec of open cable cmd.
[Debug] [2026-4-13 17:11:55] COMMAND[Open config cable] execute successfully, takes 6.4 secs.
[Debug] [2026-4-13 17:11:55] Log::Print : COMMAND[Open config cable] execute successfully, takes 6.4 secs.
[Debug] [2026-4-13 17:40:50] Begin to send initialize chain cmd...
[Debug] [2026-4-13 17:40:50] Send RPC:17
[Debug] [2026-4-13 17:40:50] Send cmd [Open config cable:20001] OK
[Debug] [2026-4-13 17:40:50] End to send initialize chain cmd.
[Debug] [2026-4-13 17:40:51] begin the exec of open cable cmd...
[Debug] [2026-4-13 17:40:51] Begin to deal with chain from server...
[Debug] [2026-4-13 17:40:51] Begin to set user chain...
[Debug] [2026-4-13 17:40:51] End to set user chain.
[Debug] [2026-4-13 17:40:51] Begin to update graphic item and tree item ...
[Debug] [2026-4-13 17:40:51] End to update graphic item and tree item ...
[Debug] [2026-4-13 17:40:51] Log::Print : PANGO USB CABLE II cable driver: D2XX DLL
[Debug] [2026-4-13 17:40:51] Log::Print : PG2L200H
[Debug] [2026-4-13 17:40:51] Log::Print : This device configure situation (done bit): 0
[Info] [2026-4-13 17:40:52] set OpenLastPath: C:/Users/Datou21/Desktop/PDS/cnn_usb_copy/prj_pds/generate_bitstream/hdmi_loop.sbit
[Debug] [2026-4-13 17:40:52] begin to get device info from CFG file...
[Debug] [2026-4-13 17:40:52] end to get device info from CFG file...
[Debug] [2026-4-13 17:40:52] Begin to update graphic item and tree item ...
[Debug] [2026-4-13 17:40:52] End to update graphic item and tree item ...
[Debug] [2026-4-13 17:40:52] Begin to update graphic item and tree item ...
[Debug] [2026-4-13 17:40:52] End to update graphic item and tree item ...
[Debug] [2026-4-13 17:40:52] End to deal wiht chain from server.
[Debug] [2026-4-13 17:40:52] end the exec of open cable cmd.
[Debug] [2026-4-13 17:40:52] COMMAND[Open config cable] execute successfully, takes 2.3 secs.
[Debug] [2026-4-13 17:40:52] Log::Print : COMMAND[Open config cable] execute successfully, takes 2.3 secs.
[Debug] [2026-4-13 17:40:54] Begin to send programming cmd...
[Debug] [2026-4-13 17:40:54] Send RPC:18
[Debug] [2026-4-13 17:40:54] Begin to send program data.
[Debug] [2026-4-13 17:40:54] End to send program data.
[Debug] [2026-4-13 17:40:54] Send cmd [Program:20002] OK
[Debug] [2026-4-13 17:40:55] The value of Progress is 6
[Debug] [2026-4-13 17:40:55] The value of Progress is 10
[Debug] [2026-4-13 17:40:55] The value of Progress is 15
[Debug] [2026-4-13 17:40:56] The value of Progress is 20
[Debug] [2026-4-13 17:40:56] The value of Progress is 25
[Debug] [2026-4-13 17:40:57] The value of Progress is 30
[Debug] [2026-4-13 17:40:57] The value of Progress is 35
[Debug] [2026-4-13 17:40:57] The value of Progress is 40
[Debug] [2026-4-13 17:40:58] The value of Progress is 45
[Debug] [2026-4-13 17:40:58] The value of Progress is 50
[Debug] [2026-4-13 17:40:59] The value of Progress is 55
[Debug] [2026-4-13 17:40:59] The value of Progress is 60
[Debug] [2026-4-13 17:40:59] The value of Progress is 65
[Debug] [2026-4-13 17:41:00] The value of Progress is 70
[Debug] [2026-4-13 17:41:00] The value of Progress is 75
[Debug] [2026-4-13 17:41:00] The value of Progress is 80
[Debug] [2026-4-13 17:41:01] The value of Progress is 85
[Debug] [2026-4-13 17:41:01] The value of Progress is 90
[Debug] [2026-4-13 17:41:02] The value of Progress is 95
[Debug] [2026-4-13 17:41:02] The value of Progress is 100
[Debug] [2026-4-13 17:41:02] COMMAND[Program] execute successfully, takes 8.3 secs.
[Debug] [2026-4-13 17:41:02] End to send programming cmd.
[Debug] [2026-4-13 17:41:02] Log::Print : The done bit is 1
[Debug] [2026-4-13 17:41:02] Log::Print : COMMAND[Program] execute successfully, takes 8.3 secs.
[Debug] [2026-4-13 17:41:11] Begin to send programming cmd...
[Debug] [2026-4-13 17:41:11] Send RPC:19
[Debug] [2026-4-13 17:41:11] Begin to send program data.
[Debug] [2026-4-13 17:41:11] End to send program data.
[Debug] [2026-4-13 17:41:11] Send cmd [Program:20002] OK
[Debug] [2026-4-13 17:41:12] The value of Progress is 6
[Debug] [2026-4-13 17:41:12] The value of Progress is 10
[Debug] [2026-4-13 17:41:12] The value of Progress is 15
[Debug] [2026-4-13 17:41:13] The value of Progress is 20
[Debug] [2026-4-13 17:41:13] The value of Progress is 25
[Debug] [2026-4-13 17:41:13] The value of Progress is 30
[Debug] [2026-4-13 17:41:14] The value of Progress is 35
[Debug] [2026-4-13 17:41:14] The value of Progress is 40
[Debug] [2026-4-13 17:41:15] The value of Progress is 45
[Debug] [2026-4-13 17:41:15] The value of Progress is 50
[Debug] [2026-4-13 17:41:15] The value of Progress is 55
[Debug] [2026-4-13 17:41:16] The value of Progress is 60
[Debug] [2026-4-13 17:41:16] The value of Progress is 65
[Debug] [2026-4-13 17:41:16] The value of Progress is 70
[Debug] [2026-4-13 17:41:17] The value of Progress is 75
[Debug] [2026-4-13 17:41:17] The value of Progress is 80
[Debug] [2026-4-13 17:41:18] The value of Progress is 85
[Debug] [2026-4-13 17:41:18] The value of Progress is 90
[Debug] [2026-4-13 17:41:18] The value of Progress is 95
[Debug] [2026-4-13 17:41:19] The value of Progress is 100
[Debug] [2026-4-13 17:41:19] COMMAND[Program] execute successfully, takes 8.3 secs.
[Debug] [2026-4-13 17:41:19] End to send programming cmd.
[Debug] [2026-4-13 17:41:19] Log::Print : The done bit is 1
[Debug] [2026-4-13 17:41:19] Log::Print : COMMAND[Program] execute successfully, takes 8.3 secs.
[Info] [2026-4-13 17:45:32] /***************************End Configration***************************/
[Info] [2026-4-13 18:00:10] /***************************Start Configuration***************************/
[Info] [2026-4-13 18:00:10] Path: C:/pango/PDS_2022.2-SP6.4/bin
[Info] [2026-4-13 18:00:10] Version: 146967
[Info] [2026-4-13 18:00:11] Current Path: C:/Users/Datou21/Desktop/PDS/cnn_usb_copy/prj_pds
[Info] [2026-4-13 18:00:11] PDS Dir Path: C:/Users/Datou21/Desktop/PDS/cnn_usb_copy/prj_pds
[Info] [2026-4-13 18:00:13] Configuration is not connect with server. connect first then scan chain.
[Debug] [2026-4-13 18:00:13] Client Local host name:DESKTOP-VB8TKRO
[Debug] [2026-4-13 18:00:13] Client Local Address:2.0.0.1
[Debug] [2026-4-13 18:00:13] Client Local Address:210.77.26.220
[Debug] [2026-4-13 18:00:13] Client Local Address:192.168.44.1
[Debug] [2026-4-13 18:00:13] Client Local Address:192.168.176.1
[Debug] [2026-4-13 18:00:13] Server Address:127.0.0.1, Port:65420
[Debug] [2026-4-13 18:00:13] Log::Print : Connecting to server[127.0.0.1 : 65420].
[Info] [2026-4-13 18:00:13] Connect OK, Server: 127.0.0.1  Port: 65420
[Debug] [2026-4-13 18:00:13] Finish.
[Info] [2026-4-13 18:00:13] Connect server succeeded
[Debug] [2026-4-13 18:00:13] Send RPC:1
[Debug] [2026-4-13 18:00:13] Send cmd [check version information:40004] OK
[Debug] [2026-4-13 18:00:13] Log::Print : Connect to server[127.0.0.1 : 65420] successfully.
[Debug] [2026-4-13 18:00:14] Send RPC:2
[Debug] [2026-4-13 18:00:14] Send cmd [get_cable_paras:40010] OK
[Debug] [2026-4-13 18:00:14] Begin to send initialize chain cmd...
[Debug] [2026-4-13 18:00:14] Send RPC:3
[Debug] [2026-4-13 18:00:14] Send cmd [Open config cable:20001] OK
[Debug] [2026-4-13 18:00:14] End to send initialize chain cmd.
[Debug] [2026-4-13 18:00:14] COMMAND[check version information] execute successfully, takes 0.5 secs.
[Debug] [2026-4-13 18:00:14] Log::Print : COMMAND[check version information] execute successfully, takes 0.5 secs.
[Debug] [2026-4-13 18:00:15] COMMAND[get_cable_paras] execute successfully, takes 1.2 secs.
[Debug] [2026-4-13 18:00:15] Log::Print : The cable List : 
Cable index 0:USB Cable II/fffffffffffffffe 

[Debug] [2026-4-13 18:00:15] Log::Print : COMMAND[get_cable_paras] execute successfully, takes 1.2 secs.
[Debug] [2026-4-13 18:00:16] begin the exec of open cable cmd...
[Debug] [2026-4-13 18:00:16] Begin to deal with chain from server...
[Debug] [2026-4-13 18:00:16] Begin to set user chain...
[Debug] [2026-4-13 18:00:16] End to set user chain.
[Debug] [2026-4-13 18:00:16] Begin to update graphic item and tree item ...
[Debug] [2026-4-13 18:00:16] End to update graphic item and tree item ...
[Debug] [2026-4-13 18:00:16] Log::Print : PANGO USB CABLE II cable driver: D2XX DLL
[Debug] [2026-4-13 18:00:16] Log::Print : PG2L200H
[Debug] [2026-4-13 18:00:16] Log::Print : This device configure situation (done bit): 0
[Info] [2026-4-13 18:00:17] set OpenLastPath: C:/Users/Datou21/Desktop/PDS/cnn_usb_copy/prj_pds/generate_bitstream/hdmi_loop.sbit
[Debug] [2026-4-13 18:00:17] begin to get device info from CFG file...
[Debug] [2026-4-13 18:00:17] end to get device info from CFG file...
[Debug] [2026-4-13 18:00:17] Begin to update graphic item and tree item ...
[Debug] [2026-4-13 18:00:17] End to update graphic item and tree item ...
[Debug] [2026-4-13 18:00:17] Begin to update graphic item and tree item ...
[Debug] [2026-4-13 18:00:17] End to update graphic item and tree item ...
[Debug] [2026-4-13 18:00:17] End to deal wiht chain from server.
[Debug] [2026-4-13 18:00:17] end the exec of open cable cmd.
[Debug] [2026-4-13 18:00:17] COMMAND[Open config cable] execute successfully, takes 2.8 secs.
[Debug] [2026-4-13 18:00:17] Log::Print : COMMAND[Open config cable] execute successfully, takes 2.8 secs.
[Debug] [2026-4-13 18:00:17] Begin to send programming cmd...
[Debug] [2026-4-13 18:00:17] Send RPC:4
[Debug] [2026-4-13 18:00:17] Begin to send program data.
[Debug] [2026-4-13 18:00:17] End to send program data.
[Debug] [2026-4-13 18:00:17] Send cmd [Program:20002] OK
[Debug] [2026-4-13 18:00:18] The value of Progress is 6
[Debug] [2026-4-13 18:00:19] The value of Progress is 10
[Debug] [2026-4-13 18:00:19] The value of Progress is 15
[Debug] [2026-4-13 18:00:19] The value of Progress is 20
[Debug] [2026-4-13 18:00:20] The value of Progress is 25
[Debug] [2026-4-13 18:00:20] The value of Progress is 30
[Debug] [2026-4-13 18:00:20] The value of Progress is 35
[Debug] [2026-4-13 18:00:21] The value of Progress is 40
[Debug] [2026-4-13 18:00:21] The value of Progress is 45
[Debug] [2026-4-13 18:00:22] The value of Progress is 50
[Debug] [2026-4-13 18:00:22] The value of Progress is 55
[Debug] [2026-4-13 18:00:22] The value of Progress is 60
[Debug] [2026-4-13 18:00:23] The value of Progress is 65
[Debug] [2026-4-13 18:00:23] The value of Progress is 70
[Debug] [2026-4-13 18:00:24] The value of Progress is 75
[Debug] [2026-4-13 18:00:24] The value of Progress is 80
[Debug] [2026-4-13 18:00:24] The value of Progress is 85
[Debug] [2026-4-13 18:00:25] The value of Progress is 90
[Debug] [2026-4-13 18:00:25] The value of Progress is 95
[Debug] [2026-4-13 18:00:25] The value of Progress is 100
[Debug] [2026-4-13 18:00:26] COMMAND[Program] execute successfully, takes 8.3 secs.
[Debug] [2026-4-13 18:00:26] End to send programming cmd.
[Debug] [2026-4-13 18:00:26] Log::Print : The done bit is 1
[Debug] [2026-4-13 18:00:26] Log::Print : COMMAND[Program] execute successfully, takes 8.3 secs.
[Debug] [2026-4-13 18:00:45] Begin to send programming cmd...
[Debug] [2026-4-13 18:00:45] Send RPC:5
[Debug] [2026-4-13 18:00:45] Begin to send program data.
[Debug] [2026-4-13 18:00:45] End to send program data.
[Debug] [2026-4-13 18:00:45] Send cmd [Program:20002] OK
[Debug] [2026-4-13 18:00:46] The value of Progress is 6
[Debug] [2026-4-13 18:00:46] The value of Progress is 10
[Debug] [2026-4-13 18:00:46] The value of Progress is 15
[Debug] [2026-4-13 18:00:47] The value of Progress is 20
[Debug] [2026-4-13 18:00:47] The value of Progress is 25
[Debug] [2026-4-13 18:00:47] The value of Progress is 30
[Debug] [2026-4-13 18:00:48] The value of Progress is 35
[Debug] [2026-4-13 18:00:48] The value of Progress is 40
[Debug] [2026-4-13 18:00:49] The value of Progress is 45
[Debug] [2026-4-13 18:00:49] The value of Progress is 50
[Debug] [2026-4-13 18:00:49] The value of Progress is 55
[Debug] [2026-4-13 18:00:50] The value of Progress is 60
[Debug] [2026-4-13 18:00:50] The value of Progress is 65
[Debug] [2026-4-13 18:00:51] The value of Progress is 70
[Debug] [2026-4-13 18:00:51] The value of Progress is 75
[Debug] [2026-4-13 18:00:51] The value of Progress is 80
[Debug] [2026-4-13 18:00:52] The value of Progress is 85
[Debug] [2026-4-13 18:00:52] The value of Progress is 90
[Debug] [2026-4-13 18:00:52] The value of Progress is 95
[Debug] [2026-4-13 18:00:53] The value of Progress is 100
[Debug] [2026-4-13 18:00:53] COMMAND[Program] execute successfully, takes 8.3 secs.
[Debug] [2026-4-13 18:00:53] End to send programming cmd.
[Debug] [2026-4-13 18:00:53] Log::Print : The done bit is 1
[Debug] [2026-4-13 18:00:53] Log::Print : COMMAND[Program] execute successfully, takes 8.3 secs.
[Info] [2026-4-13 18:18:57] /***************************End Configration***************************/
[Info] [2026-4-13 19:02:25] /***************************Start Configuration***************************/
[Info] [2026-4-13 19:02:25] Path: C:/pango/PDS_2022.2-SP6.4/bin
[Info] [2026-4-13 19:02:25] Version: 146967
[Info] [2026-4-13 19:02:27] Current Path: C:/Users/Datou21/Desktop/PDS/cnn_usb_copy/prj_pds
[Info] [2026-4-13 19:02:27] PDS Dir Path: C:/Users/Datou21/Desktop/PDS/cnn_usb_copy/prj_pds
[Info] [2026-4-13 19:02:28] /***************************End Configration***************************/
[Info] [2026-4-13 19:46:47] /***************************Start Configuration***************************/
[Info] [2026-4-13 19:46:47] Path: C:/pango/PDS_2022.2-SP6.4/bin
[Info] [2026-4-13 19:46:47] Version: 146967
[Info] [2026-4-13 19:46:48] Current Path: C:/Users/Datou21/Desktop/PDS/cnn_usb_copy/prj_pds
[Info] [2026-4-13 19:46:48] PDS Dir Path: C:/Users/Datou21/Desktop/PDS/cnn_usb_copy/prj_pds
[Info] [2026-4-13 19:46:49] /***************************End Configration***************************/
[Info] [2026-4-13 21:39:12] /***************************Start Configuration***************************/
[Info] [2026-4-13 21:39:12] Path: C:/pango/PDS_2022.2-SP6.4/bin
[Info] [2026-4-13 21:39:12] Version: 146967
[Info] [2026-4-13 21:39:13] Current Path: C:/Users/Datou21/Desktop/PDS/cnn_usb_copy/prj_pds
[Info] [2026-4-13 21:39:13] PDS Dir Path: C:/Users/Datou21/Desktop/PDS/cnn_usb_copy/prj_pds
[Info] [2026-4-13 21:39:15] /***************************End Configration***************************/
[Info] [2026-4-14 11:12:04] /***************************Start Configuration***************************/
[Info] [2026-4-14 11:12:04] Path: C:/pango/PDS_2022.2-SP6.4/bin
[Info] [2026-4-14 11:12:04] Version: 146967
[Info] [2026-4-14 11:12:05] Current Path: C:/Users/Datou21/Desktop/PDS/cnn_usb_copy/prj_pds
[Info] [2026-4-14 11:12:05] PDS Dir Path: C:/Users/Datou21/Desktop/PDS/cnn_usb_copy/prj_pds
[Info] [2026-4-14 11:12:08] Configuration is not connect with server. connect first then scan chain.
[Debug] [2026-4-14 11:12:08] Client Local host name:DESKTOP-VB8TKRO
[Debug] [2026-4-14 11:12:08] Client Local Address:2.0.0.1
[Debug] [2026-4-14 11:12:08] Client Local Address:210.77.26.220
[Debug] [2026-4-14 11:12:08] Client Local Address:192.168.44.1
[Debug] [2026-4-14 11:12:08] Client Local Address:192.168.176.1
[Debug] [2026-4-14 11:12:08] Server Address:127.0.0.1, Port:65420
[Debug] [2026-4-14 11:12:08] Log::Print : Connecting to server[127.0.0.1 : 65420].
[Info] [2026-4-14 11:12:08] Connect OK, Server: 127.0.0.1  Port: 65420
[Debug] [2026-4-14 11:12:08] Finish.
[Info] [2026-4-14 11:12:08] Connect server succeeded
[Debug] [2026-4-14 11:12:08] Send RPC:1
[Debug] [2026-4-14 11:12:08] Send cmd [check version information:40004] OK
[Debug] [2026-4-14 11:12:08] Log::Print : Connect to server[127.0.0.1 : 65420] successfully.
[Debug] [2026-4-14 11:12:10] Send RPC:2
[Debug] [2026-4-14 11:12:10] Send cmd [get_cable_paras:40010] OK
[Debug] [2026-4-14 11:12:10] Begin to send initialize chain cmd...
[Debug] [2026-4-14 11:12:10] Send RPC:3
[Debug] [2026-4-14 11:12:10] Send cmd [Open config cable:20001] OK
[Debug] [2026-4-14 11:12:10] End to send initialize chain cmd.
[Debug] [2026-4-14 11:12:10] COMMAND[check version information] execute successfully, takes 1.4 secs.
[Debug] [2026-4-14 11:12:10] Log::Print : COMMAND[check version information] execute successfully, takes 1.4 secs.
[Debug] [2026-4-14 11:12:12] COMMAND[get_cable_paras] execute successfully, takes 1.9 secs.
[Debug] [2026-4-14 11:12:12] Log::Print : The cable List : 
Cable index 0:USB Cable II/fffffffffffffffe 

[Debug] [2026-4-14 11:12:12] Log::Print : COMMAND[get_cable_paras] execute successfully, takes 1.9 secs.
[Debug] [2026-4-14 11:12:13] begin the exec of open cable cmd...
[Debug] [2026-4-14 11:12:13] Begin to deal with chain from server...
[Debug] [2026-4-14 11:12:13] Begin to set user chain...
[Debug] [2026-4-14 11:12:13] End to set user chain.
[Debug] [2026-4-14 11:12:13] Begin to update graphic item and tree item ...
[Debug] [2026-4-14 11:12:13] End to update graphic item and tree item ...
[Debug] [2026-4-14 11:12:13] Log::Print : PANGO USB CABLE II cable driver: D2XX DLL
[Debug] [2026-4-14 11:12:13] Log::Print : PG2L200H
[Debug] [2026-4-14 11:12:13] Log::Print : This device configure situation (done bit): 0
[Info] [2026-4-14 11:12:14] set OpenLastPath: C:/Users/Datou21/Desktop/PDS/cnn_usb_copy/prj_pds/generate_bitstream/hdmi_loop.sbit
[Debug] [2026-4-14 11:12:14] begin to get device info from CFG file...
[Debug] [2026-4-14 11:12:14] end to get device info from CFG file...
[Debug] [2026-4-14 11:12:14] Begin to update graphic item and tree item ...
[Debug] [2026-4-14 11:12:14] End to update graphic item and tree item ...
[Debug] [2026-4-14 11:12:14] Begin to update graphic item and tree item ...
[Debug] [2026-4-14 11:12:14] End to update graphic item and tree item ...
[Debug] [2026-4-14 11:12:14] End to deal wiht chain from server.
[Debug] [2026-4-14 11:12:14] end the exec of open cable cmd.
[Debug] [2026-4-14 11:12:14] COMMAND[Open config cable] execute successfully, takes 4.3 secs.
[Debug] [2026-4-14 11:12:14] Log::Print : COMMAND[Open config cable] execute successfully, takes 4.3 secs.
[Debug] [2026-4-14 11:12:16] Begin to send programming cmd...
[Debug] [2026-4-14 11:12:16] Send RPC:4
[Debug] [2026-4-14 11:12:16] Begin to send program data.
[Debug] [2026-4-14 11:12:16] End to send program data.
[Debug] [2026-4-14 11:12:16] Send cmd [Program:20002] OK
[Debug] [2026-4-14 11:12:17] The value of Progress is 6
[Debug] [2026-4-14 11:12:17] The value of Progress is 10
[Debug] [2026-4-14 11:12:17] The value of Progress is 15
[Debug] [2026-4-14 11:12:18] The value of Progress is 20
[Debug] [2026-4-14 11:12:18] The value of Progress is 25
[Debug] [2026-4-14 11:12:18] The value of Progress is 30
[Debug] [2026-4-14 11:12:19] The value of Progress is 35
[Debug] [2026-4-14 11:12:19] The value of Progress is 40
[Debug] [2026-4-14 11:12:20] The value of Progress is 45
[Debug] [2026-4-14 11:12:20] The value of Progress is 50
[Debug] [2026-4-14 11:12:20] The value of Progress is 55
[Debug] [2026-4-14 11:12:21] The value of Progress is 60
[Debug] [2026-4-14 11:12:21] The value of Progress is 65
[Debug] [2026-4-14 11:12:21] The value of Progress is 70
[Debug] [2026-4-14 11:12:22] The value of Progress is 75
[Debug] [2026-4-14 11:12:22] The value of Progress is 80
[Debug] [2026-4-14 11:12:23] The value of Progress is 85
[Debug] [2026-4-14 11:12:23] The value of Progress is 90
[Debug] [2026-4-14 11:12:23] The value of Progress is 95
[Debug] [2026-4-14 11:12:24] The value of Progress is 100
[Debug] [2026-4-14 11:12:24] COMMAND[Program] execute successfully, takes 8.4 secs.
[Debug] [2026-4-14 11:12:24] End to send programming cmd.
[Debug] [2026-4-14 11:12:24] Log::Print : The done bit is 1
[Debug] [2026-4-14 11:12:24] Log::Print : COMMAND[Program] execute successfully, takes 8.4 secs.
[Debug] [2026-4-14 11:12:49] Begin to send programming cmd...
[Debug] [2026-4-14 11:12:49] Send RPC:5
[Debug] [2026-4-14 11:12:49] Begin to send program data.
[Debug] [2026-4-14 11:12:49] End to send program data.
[Debug] [2026-4-14 11:12:49] Send cmd [Program:20002] OK
[Debug] [2026-4-14 11:12:50] The value of Progress is 6
[Debug] [2026-4-14 11:12:51] The value of Progress is 10
[Debug] [2026-4-14 11:12:51] The value of Progress is 15
[Debug] [2026-4-14 11:12:51] The value of Progress is 20
[Debug] [2026-4-14 11:12:52] The value of Progress is 25
[Debug] [2026-4-14 11:12:52] The value of Progress is 30
[Debug] [2026-4-14 11:12:53] The value of Progress is 35
[Debug] [2026-4-14 11:12:53] The value of Progress is 40
[Debug] [2026-4-14 11:12:53] The value of Progress is 45
[Debug] [2026-4-14 11:12:54] The value of Progress is 50
[Debug] [2026-4-14 11:12:54] The value of Progress is 55
[Debug] [2026-4-14 11:12:54] The value of Progress is 60
[Debug] [2026-4-14 11:12:55] The value of Progress is 65
[Debug] [2026-4-14 11:12:55] The value of Progress is 70
[Debug] [2026-4-14 11:12:56] The value of Progress is 75
[Debug] [2026-4-14 11:12:56] The value of Progress is 80
[Debug] [2026-4-14 11:12:56] The value of Progress is 85
[Debug] [2026-4-14 11:12:57] The value of Progress is 90
[Debug] [2026-4-14 11:12:57] The value of Progress is 95
[Debug] [2026-4-14 11:12:58] The value of Progress is 100
[Debug] [2026-4-14 11:12:58] COMMAND[Program] execute successfully, takes 8.4 secs.
[Debug] [2026-4-14 11:12:58] End to send programming cmd.
[Debug] [2026-4-14 11:12:58] Log::Print : The done bit is 1
[Debug] [2026-4-14 11:12:58] Log::Print : COMMAND[Program] execute successfully, takes 8.4 secs.
[Info] [2026-4-14 11:45:48] /***************************End Configration***************************/
[Info] [2026-4-14 14:43:59] /***************************Start Configuration***************************/
[Info] [2026-4-14 14:43:59] Path: C:/pango/PDS_2022.2-SP6.4/bin
[Info] [2026-4-14 14:43:59] Version: 146967
[Info] [2026-4-14 14:44:00] Current Path: C:/Users/Datou21/Desktop/PDS/cnn_usb_copy/prj_pds
[Info] [2026-4-14 14:44:00] PDS Dir Path: C:/Users/Datou21/Desktop/PDS/cnn_usb_copy/prj_pds
[Info] [2026-4-14 14:44:08] Configuration is not connect with server. connect first then scan chain.
[Debug] [2026-4-14 14:44:08] Client Local host name:DESKTOP-VB8TKRO
[Debug] [2026-4-14 14:44:08] Client Local Address:2.0.0.1
[Debug] [2026-4-14 14:44:08] Client Local Address:210.77.26.220
[Debug] [2026-4-14 14:44:08] Client Local Address:192.168.44.1
[Debug] [2026-4-14 14:44:08] Client Local Address:192.168.176.1
[Debug] [2026-4-14 14:44:08] Server Address:127.0.0.1, Port:65420
[Debug] [2026-4-14 14:44:08] Log::Print : Connecting to server[127.0.0.1 : 65420].
[Info] [2026-4-14 14:44:09] Connect OK, Server: 127.0.0.1  Port: 65420
[Debug] [2026-4-14 14:44:09] Finish.
[Info] [2026-4-14 14:44:09] Connect server succeeded
[Debug] [2026-4-14 14:44:09] Send RPC:1
[Debug] [2026-4-14 14:44:09] Send cmd [check version information:40004] OK
[Debug] [2026-4-14 14:44:09] Log::Print : Connect to server[127.0.0.1 : 65420] successfully.
[Debug] [2026-4-14 14:44:10] Send RPC:2
[Debug] [2026-4-14 14:44:10] Send cmd [get_cable_paras:40010] OK
[Debug] [2026-4-14 14:44:10] Begin to send initialize chain cmd...
[Debug] [2026-4-14 14:44:10] Send RPC:3
[Debug] [2026-4-14 14:44:10] Send cmd [Open config cable:20001] OK
[Debug] [2026-4-14 14:44:10] End to send initialize chain cmd.
[Debug] [2026-4-14 14:44:10] COMMAND[check version information] execute successfully, takes 1.3 secs.
[Debug] [2026-4-14 14:44:10] Log::Print : COMMAND[check version information] execute successfully, takes 1.3 secs.
[Debug] [2026-4-14 14:44:12] COMMAND[get_cable_paras] execute successfully, takes 1.7 secs.
[Debug] [2026-4-14 14:44:12] Log::Print : The cable List : 
Cable index 0:USB Cable II/fffffffffffffffe 

[Debug] [2026-4-14 14:44:12] Log::Print : COMMAND[get_cable_paras] execute successfully, takes 1.7 secs.
[Debug] [2026-4-14 14:44:13] begin the exec of open cable cmd...
[Debug] [2026-4-14 14:44:13] Begin to deal with chain from server...
[Debug] [2026-4-14 14:44:13] Begin to set user chain...
[Debug] [2026-4-14 14:44:13] End to set user chain.
[Debug] [2026-4-14 14:44:13] Begin to update graphic item and tree item ...
[Debug] [2026-4-14 14:44:13] End to update graphic item and tree item ...
[Debug] [2026-4-14 14:44:13] Log::Print : PANGO USB CABLE II cable driver: D2XX DLL
[Debug] [2026-4-14 14:44:13] Log::Print : PG2L200H
[Debug] [2026-4-14 14:44:13] Log::Print : This device configure situation (done bit): 0
[Info] [2026-4-14 14:44:14] set OpenLastPath: C:/Users/Datou21/Desktop/PDS/cnn_usb_copy/prj_pds/generate_bitstream/hdmi_loop.sbit
[Debug] [2026-4-14 14:44:14] begin to get device info from CFG file...
[Debug] [2026-4-14 14:44:14] end to get device info from CFG file...
[Debug] [2026-4-14 14:44:14] Begin to update graphic item and tree item ...
[Debug] [2026-4-14 14:44:14] End to update graphic item and tree item ...
[Debug] [2026-4-14 14:44:14] Begin to update graphic item and tree item ...
[Debug] [2026-4-14 14:44:14] End to update graphic item and tree item ...
[Debug] [2026-4-14 14:44:14] End to deal wiht chain from server.
[Debug] [2026-4-14 14:44:14] end the exec of open cable cmd.
[Debug] [2026-4-14 14:44:14] COMMAND[Open config cable] execute successfully, takes 4.0 secs.
[Debug] [2026-4-14 14:44:14] Log::Print : COMMAND[Open config cable] execute successfully, takes 4.0 secs.
[Debug] [2026-4-14 14:44:15] Begin to send programming cmd...
[Debug] [2026-4-14 14:44:15] Send RPC:4
[Debug] [2026-4-14 14:44:15] Begin to send program data.
[Debug] [2026-4-14 14:44:15] End to send program data.
[Debug] [2026-4-14 14:44:15] Send cmd [Program:20002] OK
[Debug] [2026-4-14 14:44:16] The value of Progress is 6
[Debug] [2026-4-14 14:44:16] The value of Progress is 10
[Debug] [2026-4-14 14:44:17] The value of Progress is 15
[Debug] [2026-4-14 14:44:17] The value of Progress is 20
[Debug] [2026-4-14 14:44:18] The value of Progress is 25
[Debug] [2026-4-14 14:44:18] The value of Progress is 30
[Debug] [2026-4-14 14:44:18] The value of Progress is 35
[Debug] [2026-4-14 14:44:19] The value of Progress is 40
[Debug] [2026-4-14 14:44:19] The value of Progress is 45
[Debug] [2026-4-14 14:44:19] The value of Progress is 50
[Debug] [2026-4-14 14:44:20] The value of Progress is 55
[Debug] [2026-4-14 14:44:20] The value of Progress is 60
[Debug] [2026-4-14 14:44:21] The value of Progress is 65
[Debug] [2026-4-14 14:44:21] The value of Progress is 70
[Debug] [2026-4-14 14:44:21] The value of Progress is 75
[Debug] [2026-4-14 14:44:22] The value of Progress is 80
[Debug] [2026-4-14 14:44:22] The value of Progress is 85
[Debug] [2026-4-14 14:44:22] The value of Progress is 90
[Debug] [2026-4-14 14:44:23] The value of Progress is 95
[Debug] [2026-4-14 14:44:23] The value of Progress is 100
[Debug] [2026-4-14 14:44:24] COMMAND[Program] execute successfully, takes 8.4 secs.
[Debug] [2026-4-14 14:44:24] End to send programming cmd.
[Debug] [2026-4-14 14:44:24] Log::Print : The done bit is 1
[Debug] [2026-4-14 14:44:24] Log::Print : COMMAND[Program] execute successfully, takes 8.4 secs.
[Debug] [2026-4-14 14:44:40] Begin to send programming cmd...
[Debug] [2026-4-14 14:44:40] Send RPC:5
[Debug] [2026-4-14 14:44:40] Begin to send program data.
[Debug] [2026-4-14 14:44:40] End to send program data.
[Debug] [2026-4-14 14:44:40] Send cmd [Program:20002] OK
[Debug] [2026-4-14 14:44:41] The value of Progress is 6
[Debug] [2026-4-14 14:44:42] The value of Progress is 10
[Debug] [2026-4-14 14:44:42] The value of Progress is 15
[Debug] [2026-4-14 14:44:42] The value of Progress is 20
[Debug] [2026-4-14 14:44:43] The value of Progress is 25
[Debug] [2026-4-14 14:44:43] The value of Progress is 30
[Debug] [2026-4-14 14:44:44] The value of Progress is 35
[Debug] [2026-4-14 14:44:44] The value of Progress is 40
[Debug] [2026-4-14 14:44:44] The value of Progress is 45
[Debug] [2026-4-14 14:44:45] The value of Progress is 50
[Debug] [2026-4-14 14:44:45] The value of Progress is 55
[Debug] [2026-4-14 14:44:45] The value of Progress is 60
[Debug] [2026-4-14 14:44:46] The value of Progress is 65
[Debug] [2026-4-14 14:44:46] The value of Progress is 70
[Debug] [2026-4-14 14:44:47] The value of Progress is 75
[Debug] [2026-4-14 14:44:47] The value of Progress is 80
[Debug] [2026-4-14 14:44:47] The value of Progress is 85
[Debug] [2026-4-14 14:44:48] The value of Progress is 90
[Debug] [2026-4-14 14:44:48] The value of Progress is 95
[Debug] [2026-4-14 14:44:48] The value of Progress is 100
[Debug] [2026-4-14 14:44:49] COMMAND[Program] execute successfully, takes 8.3 secs.
[Debug] [2026-4-14 14:44:49] End to send programming cmd.
[Debug] [2026-4-14 14:44:49] Log::Print : The done bit is 1
[Debug] [2026-4-14 14:44:49] Log::Print : COMMAND[Program] execute successfully, takes 8.3 secs.
[Debug] [2026-4-14 14:47:44] Begin to send programming cmd...
[Debug] [2026-4-14 14:47:44] Send RPC:6
[Debug] [2026-4-14 14:47:44] Begin to send program data.
[Debug] [2026-4-14 14:47:44] End to send program data.
[Debug] [2026-4-14 14:47:44] Send cmd [Program:20002] OK
[Debug] [2026-4-14 14:47:45] The value of Progress is 6
[Debug] [2026-4-14 14:47:45] The value of Progress is 10
[Debug] [2026-4-14 14:47:46] The value of Progress is 15
[Debug] [2026-4-14 14:47:46] The value of Progress is 20
[Debug] [2026-4-14 14:47:46] The value of Progress is 25
[Debug] [2026-4-14 14:47:47] The value of Progress is 30
[Debug] [2026-4-14 14:47:47] The value of Progress is 35
[Debug] [2026-4-14 14:47:47] The value of Progress is 40
[Debug] [2026-4-14 14:47:48] The value of Progress is 45
[Debug] [2026-4-14 14:47:48] The value of Progress is 50
[Debug] [2026-4-14 14:47:49] The value of Progress is 55
[Debug] [2026-4-14 14:47:49] The value of Progress is 60
[Debug] [2026-4-14 14:47:49] The value of Progress is 65
[Debug] [2026-4-14 14:47:50] The value of Progress is 70
[Debug] [2026-4-14 14:47:50] The value of Progress is 75
[Debug] [2026-4-14 14:47:51] The value of Progress is 80
[Debug] [2026-4-14 14:47:51] The value of Progress is 85
[Debug] [2026-4-14 14:47:51] The value of Progress is 90
[Debug] [2026-4-14 14:47:52] The value of Progress is 95
[Debug] [2026-4-14 14:47:52] The value of Progress is 100
[Debug] [2026-4-14 14:47:52] COMMAND[Program] execute successfully, takes 8.4 secs.
[Debug] [2026-4-14 14:47:52] End to send programming cmd.
[Debug] [2026-4-14 14:47:52] Log::Print : The done bit is 1
[Debug] [2026-4-14 14:47:52] Log::Print : COMMAND[Program] execute successfully, takes 8.4 secs.
[Debug] [2026-4-14 14:47:59] Begin to send programming cmd...
[Debug] [2026-4-14 14:47:59] Send RPC:7
[Debug] [2026-4-14 14:47:59] Begin to send program data.
[Debug] [2026-4-14 14:47:59] End to send program data.
[Debug] [2026-4-14 14:47:59] Send cmd [Program:20002] OK
[Debug] [2026-4-14 14:48:00] The value of Progress is 6
[Debug] [2026-4-14 14:48:00] The value of Progress is 10
[Debug] [2026-4-14 14:48:01] The value of Progress is 15
[Debug] [2026-4-14 14:48:01] The value of Progress is 20
[Debug] [2026-4-14 14:48:02] The value of Progress is 25
[Debug] [2026-4-14 14:48:02] The value of Progress is 30
[Debug] [2026-4-14 14:48:02] The value of Progress is 35
[Debug] [2026-4-14 14:48:03] The value of Progress is 40
[Debug] [2026-4-14 14:48:03] The value of Progress is 45
[Debug] [2026-4-14 14:48:03] The value of Progress is 50
[Debug] [2026-4-14 14:48:04] The value of Progress is 55
[Debug] [2026-4-14 14:48:04] The value of Progress is 60
[Debug] [2026-4-14 14:48:05] The value of Progress is 65
[Debug] [2026-4-14 14:48:05] The value of Progress is 70
[Debug] [2026-4-14 14:48:05] The value of Progress is 75
[Debug] [2026-4-14 14:48:06] The value of Progress is 80
[Debug] [2026-4-14 14:48:06] The value of Progress is 85
[Debug] [2026-4-14 14:48:06] The value of Progress is 90
[Debug] [2026-4-14 14:48:07] The value of Progress is 95
[Debug] [2026-4-14 14:48:07] The value of Progress is 100
[Debug] [2026-4-14 14:48:08] COMMAND[Program] execute successfully, takes 8.4 secs.
[Debug] [2026-4-14 14:48:08] End to send programming cmd.
[Debug] [2026-4-14 14:48:08] Log::Print : The done bit is 1
[Debug] [2026-4-14 14:48:08] Log::Print : COMMAND[Program] execute successfully, takes 8.4 secs.
[Info] [2026-4-14 14:49:46] /***************************End Configration***************************/
[Info] [2026-4-23 14:13:15] /***************************Start Configuration***************************/
[Info] [2026-4-23 14:13:15] Path: C:/pango/PDS_2022.2-SP6.4/bin
[Info] [2026-4-23 14:13:15] Version: 146967
[Info] [2026-4-23 14:13:16] Current Path: C:/Users/Datou21/Desktop/PDS/back1/cnn_usb_copy/prj_pds
[Info] [2026-4-23 14:13:16] PDS Dir Path: C:/Users/Datou21/Desktop/PDS/back1/cnn_usb_copy/prj_pds
[Info] [2026-4-23 14:13:18] Configuration is not connect with server. connect first then scan chain.
[Debug] [2026-4-23 14:13:18] Client Local host name:DESKTOP-VB8TKRO
[Debug] [2026-4-23 14:13:18] Client Local Address:2.0.0.1
[Debug] [2026-4-23 14:13:18] Client Local Address:210.77.26.220
[Debug] [2026-4-23 14:13:18] Client Local Address:192.168.44.1
[Debug] [2026-4-23 14:13:18] Client Local Address:192.168.176.1
[Debug] [2026-4-23 14:13:18] Server Address:127.0.0.1, Port:65420
[Debug] [2026-4-23 14:13:18] Log::Print : Connecting to server[127.0.0.1 : 65420].
[Info] [2026-4-23 14:13:18] Connect OK, Server: 127.0.0.1  Port: 65420
[Debug] [2026-4-23 14:13:18] Finish.
[Info] [2026-4-23 14:13:18] Connect server succeeded
[Debug] [2026-4-23 14:13:18] Send RPC:1
[Debug] [2026-4-23 14:13:18] Send cmd [check version information:40004] OK
[Debug] [2026-4-23 14:13:18] Log::Print : Connect to server[127.0.0.1 : 65420] successfully.
[Debug] [2026-4-23 14:13:19] Send RPC:2
[Debug] [2026-4-23 14:13:19] Send cmd [get_cable_paras:40010] OK
[Debug] [2026-4-23 14:13:19] Begin to send initialize chain cmd...
[Debug] [2026-4-23 14:13:19] Send RPC:3
[Debug] [2026-4-23 14:13:19] Send cmd [Open config cable:20001] OK
[Debug] [2026-4-23 14:13:19] End to send initialize chain cmd.
[Debug] [2026-4-23 14:13:19] COMMAND[check version information] execute successfully, takes 0.4 secs.
[Debug] [2026-4-23 14:13:19] Log::Print : COMMAND[check version information] execute successfully, takes 0.4 secs.
[Debug] [2026-4-23 14:13:20] COMMAND[get_cable_paras] execute successfully, takes 1.1 secs.
[Debug] [2026-4-23 14:13:20] Log::Print : The cable List : 
Cable index 0:USB Cable II/fffffffffffffffe 

[Debug] [2026-4-23 14:13:20] Log::Print : COMMAND[get_cable_paras] execute successfully, takes 1.1 secs.
[Debug] [2026-4-23 14:13:21] begin the exec of open cable cmd...
[Debug] [2026-4-23 14:13:21] Begin to deal with chain from server...
[Debug] [2026-4-23 14:13:21] Begin to set user chain...
[Debug] [2026-4-23 14:13:21] End to set user chain.
[Debug] [2026-4-23 14:13:21] Begin to update graphic item and tree item ...
[Debug] [2026-4-23 14:13:21] End to update graphic item and tree item ...
[Debug] [2026-4-23 14:13:21] Log::Print : PANGO USB CABLE II cable driver: D2XX DLL
[Debug] [2026-4-23 14:13:21] Log::Print : PG2L200H
[Debug] [2026-4-23 14:13:21] Log::Print : This device configure situation (done bit): 0
[Info] [2026-4-23 14:13:22] set OpenLastPath: C:/Users/Datou21/Desktop/PDS/back1/cnn_usb_copy/prj_pds/generate_bitstream/hdmi_loop_scaler.sbit
[Debug] [2026-4-23 14:13:22] begin to get device info from CFG file...
[Debug] [2026-4-23 14:13:22] end to get device info from CFG file...
[Debug] [2026-4-23 14:13:22] Begin to update graphic item and tree item ...
[Debug] [2026-4-23 14:13:22] End to update graphic item and tree item ...
[Debug] [2026-4-23 14:13:22] Begin to update graphic item and tree item ...
[Debug] [2026-4-23 14:13:22] End to update graphic item and tree item ...
[Debug] [2026-4-23 14:13:22] End to deal wiht chain from server.
[Debug] [2026-4-23 14:13:22] end the exec of open cable cmd.
[Debug] [2026-4-23 14:13:22] COMMAND[Open config cable] execute successfully, takes 2.9 secs.
[Debug] [2026-4-23 14:13:22] Log::Print : COMMAND[Open config cable] execute successfully, takes 2.9 secs.
[Debug] [2026-4-23 14:13:23] Begin to send programming cmd...
[Debug] [2026-4-23 14:13:23] Send RPC:4
[Debug] [2026-4-23 14:13:23] Begin to send program data.
[Debug] [2026-4-23 14:13:23] End to send program data.
[Debug] [2026-4-23 14:13:23] Send cmd [Program:20002] OK
[Debug] [2026-4-23 14:13:24] The value of Progress is 6
[Debug] [2026-4-23 14:13:24] The value of Progress is 10
[Debug] [2026-4-23 14:13:24] The value of Progress is 15
[Debug] [2026-4-23 14:13:25] The value of Progress is 20
[Debug] [2026-4-23 14:13:25] The value of Progress is 25
[Debug] [2026-4-23 14:13:26] The value of Progress is 30
[Debug] [2026-4-23 14:13:26] The value of Progress is 35
[Debug] [2026-4-23 14:13:26] The value of Progress is 40
[Debug] [2026-4-23 14:13:27] The value of Progress is 45
[Debug] [2026-4-23 14:13:27] The value of Progress is 50
[Debug] [2026-4-23 14:13:28] The value of Progress is 55
[Debug] [2026-4-23 14:13:28] The value of Progress is 60
[Debug] [2026-4-23 14:13:28] The value of Progress is 65
[Debug] [2026-4-23 14:13:29] The value of Progress is 70
[Debug] [2026-4-23 14:13:29] The value of Progress is 75
[Debug] [2026-4-23 14:13:29] The value of Progress is 80
[Debug] [2026-4-23 14:13:30] The value of Progress is 85
[Debug] [2026-4-23 14:13:30] The value of Progress is 90
[Debug] [2026-4-23 14:13:31] The value of Progress is 95
[Debug] [2026-4-23 14:13:31] The value of Progress is 100
[Debug] [2026-4-23 14:13:31] COMMAND[Program] execute successfully, takes 8.4 secs.
[Debug] [2026-4-23 14:13:31] End to send programming cmd.
[Debug] [2026-4-23 14:13:31] Log::Print : The done bit is 1
[Debug] [2026-4-23 14:13:31] Log::Print : COMMAND[Program] execute successfully, takes 8.4 secs.
[Debug] [2026-4-23 14:13:37] Begin to send programming cmd...
[Debug] [2026-4-23 14:13:37] Send RPC:5
[Debug] [2026-4-23 14:13:37] Begin to send program data.
[Debug] [2026-4-23 14:13:37] End to send program data.
[Debug] [2026-4-23 14:13:37] Send cmd [Program:20002] OK
[Debug] [2026-4-23 14:13:38] The value of Progress is 6
[Debug] [2026-4-23 14:13:38] The value of Progress is 10
[Debug] [2026-4-23 14:13:38] The value of Progress is 15
[Debug] [2026-4-23 14:13:39] The value of Progress is 20
[Debug] [2026-4-23 14:13:39] The value of Progress is 25
[Debug] [2026-4-23 14:13:39] The value of Progress is 30
[Debug] [2026-4-23 14:13:40] The value of Progress is 35
[Debug] [2026-4-23 14:13:40] The value of Progress is 40
[Debug] [2026-4-23 14:13:40] The value of Progress is 45
[Debug] [2026-4-23 14:13:41] The value of Progress is 50
[Debug] [2026-4-23 14:13:41] The value of Progress is 55
[Debug] [2026-4-23 14:13:42] The value of Progress is 60
[Debug] [2026-4-23 14:13:42] The value of Progress is 65
[Debug] [2026-4-23 14:13:42] The value of Progress is 70
[Debug] [2026-4-23 14:13:43] The value of Progress is 75
[Debug] [2026-4-23 14:13:43] The value of Progress is 80
[Debug] [2026-4-23 14:13:44] The value of Progress is 85
[Debug] [2026-4-23 14:13:44] The value of Progress is 90
[Debug] [2026-4-23 14:13:44] The value of Progress is 95
[Debug] [2026-4-23 14:13:45] The value of Progress is 100
[Debug] [2026-4-23 14:13:45] COMMAND[Program] execute successfully, takes 8.4 secs.
[Debug] [2026-4-23 14:13:45] End to send programming cmd.
[Debug] [2026-4-23 14:13:45] Log::Print : The done bit is 1
[Debug] [2026-4-23 14:13:45] Log::Print : COMMAND[Program] execute successfully, takes 8.4 secs.
[Info] [2026-4-23 14:18:50] /***************************End Configration***************************/
[Info] [2026-4-23 16:16:04] /***************************Start Configuration***************************/
[Info] [2026-4-23 16:16:04] Path: C:/pango/PDS_2022.2-SP6.4/bin
[Info] [2026-4-23 16:16:04] Version: 146967
[Info] [2026-4-23 16:16:05] Current Path: C:/Users/Datou21/Desktop/PDS/back1/cnn_usb_copy/prj_pds
[Info] [2026-4-23 16:16:05] PDS Dir Path: C:/Users/Datou21/Desktop/PDS/back1/cnn_usb_copy/prj_pds
[Info] [2026-4-23 16:16:08] Configuration is not connect with server. connect first then scan chain.
[Debug] [2026-4-23 16:16:08] Client Local host name:DESKTOP-VB8TKRO
[Debug] [2026-4-23 16:16:08] Client Local Address:2.0.0.1
[Debug] [2026-4-23 16:16:08] Client Local Address:210.77.26.220
[Debug] [2026-4-23 16:16:08] Client Local Address:192.168.44.1
[Debug] [2026-4-23 16:16:08] Client Local Address:192.168.176.1
[Debug] [2026-4-23 16:16:08] Server Address:127.0.0.1, Port:65420
[Debug] [2026-4-23 16:16:08] Log::Print : Connecting to server[127.0.0.1 : 65420].
[Info] [2026-4-23 16:16:09] Connect OK, Server: 127.0.0.1  Port: 65420
[Debug] [2026-4-23 16:16:09] Finish.
[Info] [2026-4-23 16:16:09] Connect server succeeded
[Debug] [2026-4-23 16:16:09] Send RPC:1
[Debug] [2026-4-23 16:16:09] Send cmd [check version information:40004] OK
[Debug] [2026-4-23 16:16:09] Log::Print : Connect to server[127.0.0.1 : 65420] successfully.
[Debug] [2026-4-23 16:16:10] Send RPC:2
[Debug] [2026-4-23 16:16:10] Send cmd [get_cable_paras:40010] OK
[Debug] [2026-4-23 16:16:10] Begin to send initialize chain cmd...
[Debug] [2026-4-23 16:16:10] Send RPC:3
[Debug] [2026-4-23 16:16:10] Send cmd [Open config cable:20001] OK
[Debug] [2026-4-23 16:16:10] End to send initialize chain cmd.
[Debug] [2026-4-23 16:16:10] COMMAND[check version information] execute successfully, takes 1.4 secs.
[Debug] [2026-4-23 16:16:10] Log::Print : COMMAND[check version information] execute successfully, takes 1.4 secs.
[Debug] [2026-4-23 16:16:12] COMMAND[get_cable_paras] execute successfully, takes 1.9 secs.
[Debug] [2026-4-23 16:16:12] Log::Print : The cable List : 
Cable index 0:USB Cable II/fffffffffffffffe 

[Debug] [2026-4-23 16:16:12] Log::Print : COMMAND[get_cable_paras] execute successfully, takes 1.9 secs.
[Debug] [2026-4-23 16:16:13] begin the exec of open cable cmd...
[Debug] [2026-4-23 16:16:13] Begin to deal with chain from server...
[Debug] [2026-4-23 16:16:13] Begin to set user chain...
[Debug] [2026-4-23 16:16:13] End to set user chain.
[Debug] [2026-4-23 16:16:13] Begin to update graphic item and tree item ...
[Debug] [2026-4-23 16:16:13] End to update graphic item and tree item ...
[Debug] [2026-4-23 16:16:13] Log::Print : PANGO USB CABLE II cable driver: D2XX DLL
[Debug] [2026-4-23 16:16:13] Log::Print : PG2L200H
[Debug] [2026-4-23 16:16:13] Log::Print : This device configure situation (done bit): 0
[Info] [2026-4-23 16:16:14] set OpenLastPath: C:/Users/Datou21/Desktop/PDS/back1/cnn_usb_copy/prj_pds/generate_bitstream/hdmi_loop_scaler.sbit
[Debug] [2026-4-23 16:16:14] begin to get device info from CFG file...
[Debug] [2026-4-23 16:16:14] end to get device info from CFG file...
[Debug] [2026-4-23 16:16:14] Begin to update graphic item and tree item ...
[Debug] [2026-4-23 16:16:14] End to update graphic item and tree item ...
[Debug] [2026-4-23 16:16:14] Begin to update graphic item and tree item ...
[Debug] [2026-4-23 16:16:14] End to update graphic item and tree item ...
[Debug] [2026-4-23 16:16:14] End to deal wiht chain from server.
[Debug] [2026-4-23 16:16:14] end the exec of open cable cmd.
[Debug] [2026-4-23 16:16:14] COMMAND[Open config cable] execute successfully, takes 4.1 secs.
[Debug] [2026-4-23 16:16:14] Log::Print : COMMAND[Open config cable] execute successfully, takes 4.1 secs.
[Debug] [2026-4-23 16:16:15] Begin to send programming cmd...
[Debug] [2026-4-23 16:16:15] Send RPC:4
[Debug] [2026-4-23 16:16:15] Begin to send program data.
[Debug] [2026-4-23 16:16:15] End to send program data.
[Debug] [2026-4-23 16:16:15] Send cmd [Program:20002] OK
[Debug] [2026-4-23 16:16:16] The value of Progress is 6
[Debug] [2026-4-23 16:16:16] The value of Progress is 10
[Debug] [2026-4-23 16:16:17] The value of Progress is 15
[Debug] [2026-4-23 16:16:17] The value of Progress is 20
[Debug] [2026-4-23 16:16:17] The value of Progress is 25
[Debug] [2026-4-23 16:16:18] The value of Progress is 30
[Debug] [2026-4-23 16:16:18] The value of Progress is 35
[Debug] [2026-4-23 16:16:19] The value of Progress is 40
[Debug] [2026-4-23 16:16:19] The value of Progress is 45
[Debug] [2026-4-23 16:16:19] The value of Progress is 50
[Debug] [2026-4-23 16:16:20] The value of Progress is 55
[Debug] [2026-4-23 16:16:20] The value of Progress is 60
[Debug] [2026-4-23 16:16:20] The value of Progress is 65
[Debug] [2026-4-23 16:16:21] The value of Progress is 70
[Debug] [2026-4-23 16:16:21] The value of Progress is 75
[Debug] [2026-4-23 16:16:22] The value of Progress is 80
[Debug] [2026-4-23 16:16:22] The value of Progress is 85
[Debug] [2026-4-23 16:16:22] The value of Progress is 90
[Debug] [2026-4-23 16:16:23] The value of Progress is 95
[Debug] [2026-4-23 16:16:23] The value of Progress is 100
[Debug] [2026-4-23 16:16:23] COMMAND[Program] execute successfully, takes 8.4 secs.
[Debug] [2026-4-23 16:16:23] End to send programming cmd.
[Debug] [2026-4-23 16:16:23] Log::Print : The done bit is 1
[Debug] [2026-4-23 16:16:23] Log::Print : COMMAND[Program] execute successfully, takes 8.4 secs.
[Debug] [2026-4-23 16:16:33] Begin to send programming cmd...
[Debug] [2026-4-23 16:16:33] Send RPC:5
[Debug] [2026-4-23 16:16:33] Begin to send program data.
[Debug] [2026-4-23 16:16:33] End to send program data.
[Debug] [2026-4-23 16:16:33] Send cmd [Program:20002] OK
[Debug] [2026-4-23 16:16:33] The value of Progress is 6
[Debug] [2026-4-23 16:16:34] The value of Progress is 10
[Debug] [2026-4-23 16:16:34] The value of Progress is 15
[Debug] [2026-4-23 16:16:35] The value of Progress is 20
[Debug] [2026-4-23 16:16:35] The value of Progress is 25
[Debug] [2026-4-23 16:16:35] The value of Progress is 30
[Debug] [2026-4-23 16:16:36] The value of Progress is 35
[Debug] [2026-4-23 16:16:36] The value of Progress is 40
[Debug] [2026-4-23 16:16:36] The value of Progress is 45
[Debug] [2026-4-23 16:16:37] The value of Progress is 50
[Debug] [2026-4-23 16:16:37] The value of Progress is 55
[Debug] [2026-4-23 16:16:38] The value of Progress is 60
[Debug] [2026-4-23 16:16:38] The value of Progress is 65
[Debug] [2026-4-23 16:16:38] The value of Progress is 70
[Debug] [2026-4-23 16:16:39] The value of Progress is 75
[Debug] [2026-4-23 16:16:39] The value of Progress is 80
[Debug] [2026-4-23 16:16:40] The value of Progress is 85
[Debug] [2026-4-23 16:16:40] The value of Progress is 90
[Debug] [2026-4-23 16:16:40] The value of Progress is 95
[Debug] [2026-4-23 16:16:41] The value of Progress is 100
[Debug] [2026-4-23 16:16:41] COMMAND[Program] execute successfully, takes 8.4 secs.
[Debug] [2026-4-23 16:16:41] End to send programming cmd.
[Debug] [2026-4-23 16:16:41] Log::Print : The done bit is 1
[Debug] [2026-4-23 16:16:41] Log::Print : COMMAND[Program] execute successfully, takes 8.4 secs.
[Info] [2026-4-23 16:17:35] /***************************End Configration***************************/
[Info] [2026-4-23 16:32:30] /***************************Start Configuration***************************/
[Info] [2026-4-23 16:32:30] Path: C:/pango/PDS_2022.2-SP6.4/bin
[Info] [2026-4-23 16:32:30] Version: 146967
[Info] [2026-4-23 16:32:31] Current Path: C:/Users/Datou21/Desktop/PDS/back1/cnn_usb_copy/prj_pds
[Info] [2026-4-23 16:32:31] PDS Dir Path: C:/Users/Datou21/Desktop/PDS/back1/cnn_usb_copy/prj_pds
[Info] [2026-4-23 16:32:32] Configuration is not connect with server. connect first then scan chain.
[Debug] [2026-4-23 16:32:32] Client Local host name:DESKTOP-VB8TKRO
[Debug] [2026-4-23 16:32:32] Client Local Address:2.0.0.1
[Debug] [2026-4-23 16:32:32] Client Local Address:210.77.26.220
[Debug] [2026-4-23 16:32:32] Client Local Address:192.168.44.1
[Debug] [2026-4-23 16:32:32] Client Local Address:192.168.176.1
[Debug] [2026-4-23 16:32:32] Server Address:127.0.0.1, Port:65420
[Debug] [2026-4-23 16:32:32] Log::Print : Connecting to server[127.0.0.1 : 65420].
[Info] [2026-4-23 16:32:33] Connect OK, Server: 127.0.0.1  Port: 65420
[Debug] [2026-4-23 16:32:33] Finish.
[Info] [2026-4-23 16:32:33] Connect server succeeded
[Debug] [2026-4-23 16:32:33] Send RPC:1
[Debug] [2026-4-23 16:32:33] Send cmd [check version information:40004] OK
[Debug] [2026-4-23 16:32:33] Log::Print : Connect to server[127.0.0.1 : 65420] successfully.
[Debug] [2026-4-23 16:32:33] Send RPC:2
[Debug] [2026-4-23 16:32:33] Send cmd [get_cable_paras:40010] OK
[Debug] [2026-4-23 16:32:33] Begin to send initialize chain cmd...
[Debug] [2026-4-23 16:32:33] Send RPC:3
[Debug] [2026-4-23 16:32:33] Send cmd [Open config cable:20001] OK
[Debug] [2026-4-23 16:32:33] End to send initialize chain cmd.
[Debug] [2026-4-23 16:32:33] COMMAND[check version information] execute successfully, takes 0.4 secs.
[Debug] [2026-4-23 16:32:33] Log::Print : COMMAND[check version information] execute successfully, takes 0.4 secs.
[Debug] [2026-4-23 16:32:34] COMMAND[get_cable_paras] execute successfully, takes 1.1 secs.
[Debug] [2026-4-23 16:32:34] Log::Print : The cable List : 
Cable index 0:USB Cable II/fffffffffffffffe 

[Debug] [2026-4-23 16:32:34] Log::Print : COMMAND[get_cable_paras] execute successfully, takes 1.1 secs.
[Debug] [2026-4-23 16:32:35] begin the exec of open cable cmd...
[Debug] [2026-4-23 16:32:35] Begin to deal with chain from server...
[Debug] [2026-4-23 16:32:35] Begin to set user chain...
[Debug] [2026-4-23 16:32:35] End to set user chain.
[Debug] [2026-4-23 16:32:35] Begin to update graphic item and tree item ...
[Debug] [2026-4-23 16:32:35] End to update graphic item and tree item ...
[Debug] [2026-4-23 16:32:35] Log::Print : PANGO USB CABLE II cable driver: D2XX DLL
[Debug] [2026-4-23 16:32:35] Log::Print : PG2L200H
[Debug] [2026-4-23 16:32:35] Log::Print : This device configure situation (done bit): 0
[Info] [2026-4-23 16:32:36] set OpenLastPath: C:/Users/Datou21/Desktop/PDS/back1/cnn_usb_copy/prj_pds/generate_bitstream/hdmi_loop_scaler.sbit
[Debug] [2026-4-23 16:32:36] begin to get device info from CFG file...
[Debug] [2026-4-23 16:32:36] end to get device info from CFG file...
[Debug] [2026-4-23 16:32:36] Begin to update graphic item and tree item ...
[Debug] [2026-4-23 16:32:36] End to update graphic item and tree item ...
[Debug] [2026-4-23 16:32:36] Begin to update graphic item and tree item ...
[Debug] [2026-4-23 16:32:36] End to update graphic item and tree item ...
[Debug] [2026-4-23 16:32:36] End to deal wiht chain from server.
[Debug] [2026-4-23 16:32:36] end the exec of open cable cmd.
[Debug] [2026-4-23 16:32:36] COMMAND[Open config cable] execute successfully, takes 2.8 secs.
[Debug] [2026-4-23 16:32:36] Log::Print : COMMAND[Open config cable] execute successfully, takes 2.8 secs.
[Debug] [2026-4-23 16:32:37] Begin to send programming cmd...
[Debug] [2026-4-23 16:32:37] Send RPC:4
[Debug] [2026-4-23 16:32:37] Begin to send program data.
[Debug] [2026-4-23 16:32:37] End to send program data.
[Debug] [2026-4-23 16:32:37] Send cmd [Program:20002] OK
[Debug] [2026-4-23 16:32:38] The value of Progress is 6
[Debug] [2026-4-23 16:32:38] The value of Progress is 10
[Debug] [2026-4-23 16:32:38] The value of Progress is 15
[Debug] [2026-4-23 16:32:39] The value of Progress is 20
[Debug] [2026-4-23 16:32:39] The value of Progress is 25
[Debug] [2026-4-23 16:32:40] The value of Progress is 30
[Debug] [2026-4-23 16:32:40] The value of Progress is 35
[Debug] [2026-4-23 16:32:40] The value of Progress is 40
[Debug] [2026-4-23 16:32:41] The value of Progress is 45
[Debug] [2026-4-23 16:32:41] The value of Progress is 50
[Debug] [2026-4-23 16:32:41] The value of Progress is 55
[Debug] [2026-4-23 16:32:42] The value of Progress is 60
[Debug] [2026-4-23 16:32:42] The value of Progress is 65
[Debug] [2026-4-23 16:32:43] The value of Progress is 70
[Debug] [2026-4-23 16:32:43] The value of Progress is 75
[Debug] [2026-4-23 16:32:43] The value of Progress is 80
[Debug] [2026-4-23 16:32:44] The value of Progress is 85
[Debug] [2026-4-23 16:32:44] The value of Progress is 90
[Debug] [2026-4-23 16:32:45] The value of Progress is 95
[Debug] [2026-4-23 16:32:45] The value of Progress is 100
[Debug] [2026-4-23 16:32:45] COMMAND[Program] execute successfully, takes 8.4 secs.
[Debug] [2026-4-23 16:32:45] End to send programming cmd.
[Debug] [2026-4-23 16:32:45] Log::Print : The done bit is 1
[Debug] [2026-4-23 16:32:45] Log::Print : COMMAND[Program] execute successfully, takes 8.4 secs.
[Debug] [2026-4-23 16:32:52] Begin to send programming cmd...
[Debug] [2026-4-23 16:32:52] Send RPC:5
[Debug] [2026-4-23 16:32:52] Begin to send program data.
[Debug] [2026-4-23 16:32:52] End to send program data.
[Debug] [2026-4-23 16:32:52] Send cmd [Program:20002] OK
[Debug] [2026-4-23 16:32:53] The value of Progress is 6
[Debug] [2026-4-23 16:32:53] The value of Progress is 10
[Debug] [2026-4-23 16:32:54] The value of Progress is 15
[Debug] [2026-4-23 16:32:54] The value of Progress is 20
[Debug] [2026-4-23 16:32:54] The value of Progress is 25
[Debug] [2026-4-23 16:32:55] The value of Progress is 30
[Debug] [2026-4-23 16:32:55] The value of Progress is 35
[Debug] [2026-4-23 16:32:56] The value of Progress is 40
[Debug] [2026-4-23 16:32:56] The value of Progress is 45
[Debug] [2026-4-23 16:32:56] The value of Progress is 50
[Debug] [2026-4-23 16:32:57] The value of Progress is 55
[Debug] [2026-4-23 16:32:57] The value of Progress is 60
[Debug] [2026-4-23 16:32:58] The value of Progress is 65
[Debug] [2026-4-23 16:32:58] The value of Progress is 70
[Debug] [2026-4-23 16:32:58] The value of Progress is 75
[Debug] [2026-4-23 16:32:59] The value of Progress is 80
[Debug] [2026-4-23 16:32:59] The value of Progress is 85
[Debug] [2026-4-23 16:32:59] The value of Progress is 90
[Debug] [2026-4-23 16:33:00] The value of Progress is 95
[Debug] [2026-4-23 16:33:00] The value of Progress is 100
[Debug] [2026-4-23 16:33:00] COMMAND[Program] execute successfully, takes 8.4 secs.
[Debug] [2026-4-23 16:33:00] End to send programming cmd.
[Debug] [2026-4-23 16:33:00] Log::Print : The done bit is 1
[Debug] [2026-4-23 16:33:00] Log::Print : COMMAND[Program] execute successfully, takes 8.4 secs.
[Info] [2026-4-23 16:40:54] /***************************End Configration***************************/
[Info] [2026-4-23 17:14:35] /***************************Start Configuration***************************/
[Info] [2026-4-23 17:14:35] Path: C:/pango/PDS_2022.2-SP6.4/bin
[Info] [2026-4-23 17:14:35] Version: 146967
[Info] [2026-4-23 17:14:36] Current Path: C:/Users/Datou21/Desktop/PDS/back1/cnn_usb_copy/prj_pds
[Info] [2026-4-23 17:14:36] PDS Dir Path: C:/Users/Datou21/Desktop/PDS/back1/cnn_usb_copy/prj_pds
[Info] [2026-4-23 17:14:38] Configuration is not connect with server. connect first then scan chain.
[Debug] [2026-4-23 17:14:38] Client Local host name:DESKTOP-VB8TKRO
[Debug] [2026-4-23 17:14:38] Client Local Address:2.0.0.1
[Debug] [2026-4-23 17:14:38] Client Local Address:210.77.26.220
[Debug] [2026-4-23 17:14:38] Client Local Address:192.168.44.1
[Debug] [2026-4-23 17:14:38] Client Local Address:192.168.176.1
[Debug] [2026-4-23 17:14:38] Server Address:127.0.0.1, Port:65420
[Debug] [2026-4-23 17:14:38] Log::Print : Connecting to server[127.0.0.1 : 65420].
[Info] [2026-4-23 17:14:39] Connect OK, Server: 127.0.0.1  Port: 65420
[Debug] [2026-4-23 17:14:39] Finish.
[Info] [2026-4-23 17:14:39] Connect server succeeded
[Debug] [2026-4-23 17:14:39] Send RPC:1
[Debug] [2026-4-23 17:14:39] Send cmd [check version information:40004] OK
[Debug] [2026-4-23 17:14:39] Log::Print : Connect to server[127.0.0.1 : 65420] successfully.
[Debug] [2026-4-23 17:14:40] Send RPC:2
[Debug] [2026-4-23 17:14:40] Send cmd [get_cable_paras:40010] OK
[Debug] [2026-4-23 17:14:40] Begin to send initialize chain cmd...
[Debug] [2026-4-23 17:14:40] Send RPC:3
[Debug] [2026-4-23 17:14:40] Send cmd [Open config cable:20001] OK
[Debug] [2026-4-23 17:14:40] End to send initialize chain cmd.
[Debug] [2026-4-23 17:14:40] COMMAND[check version information] execute successfully, takes 1.5 secs.
[Debug] [2026-4-23 17:14:40] Log::Print : COMMAND[check version information] execute successfully, takes 1.5 secs.
[Debug] [2026-4-23 17:14:42] COMMAND[get_cable_paras] execute successfully, takes 1.9 secs.
[Debug] [2026-4-23 17:14:42] Log::Print : The cable List : 
Cable index 0:USB Cable II/fffffffffffffffe 

[Debug] [2026-4-23 17:14:42] Log::Print : COMMAND[get_cable_paras] execute successfully, takes 1.9 secs.
[Debug] [2026-4-23 17:14:43] begin the exec of open cable cmd...
[Debug] [2026-4-23 17:14:43] Begin to deal with chain from server...
[Debug] [2026-4-23 17:14:43] Begin to set user chain...
[Debug] [2026-4-23 17:14:43] End to set user chain.
[Debug] [2026-4-23 17:14:43] Begin to update graphic item and tree item ...
[Debug] [2026-4-23 17:14:43] End to update graphic item and tree item ...
[Debug] [2026-4-23 17:14:43] Log::Print : PANGO USB CABLE II cable driver: D2XX DLL
[Debug] [2026-4-23 17:14:43] Log::Print : PG2L200H
[Debug] [2026-4-23 17:14:43] Log::Print : This device configure situation (done bit): 0
[Info] [2026-4-23 17:14:44] set OpenLastPath: C:/Users/Datou21/Desktop/PDS/back1/cnn_usb_copy/prj_pds/generate_bitstream/hdmi_loop.sbit
[Debug] [2026-4-23 17:14:44] begin to get device info from CFG file...
[Debug] [2026-4-23 17:14:44] end to get device info from CFG file...
[Debug] [2026-4-23 17:14:44] Begin to update graphic item and tree item ...
[Debug] [2026-4-23 17:14:44] End to update graphic item and tree item ...
[Debug] [2026-4-23 17:14:44] Begin to update graphic item and tree item ...
[Debug] [2026-4-23 17:14:44] End to update graphic item and tree item ...
[Debug] [2026-4-23 17:14:44] End to deal wiht chain from server.
[Debug] [2026-4-23 17:14:44] end the exec of open cable cmd.
[Debug] [2026-4-23 17:14:44] COMMAND[Open config cable] execute successfully, takes 3.9 secs.
[Debug] [2026-4-23 17:14:44] Log::Print : COMMAND[Open config cable] execute successfully, takes 3.9 secs.
[Debug] [2026-4-23 17:14:45] Begin to send programming cmd...
[Debug] [2026-4-23 17:14:45] Send RPC:4
[Debug] [2026-4-23 17:14:45] Begin to send program data.
[Debug] [2026-4-23 17:14:45] End to send program data.
[Debug] [2026-4-23 17:14:45] Send cmd [Program:20002] OK
[Debug] [2026-4-23 17:14:46] The value of Progress is 6
[Debug] [2026-4-23 17:14:47] The value of Progress is 10
[Debug] [2026-4-23 17:14:47] The value of Progress is 15
[Debug] [2026-4-23 17:14:47] The value of Progress is 20
[Debug] [2026-4-23 17:14:48] The value of Progress is 25
[Debug] [2026-4-23 17:14:48] The value of Progress is 30
[Debug] [2026-4-23 17:14:48] The value of Progress is 35
[Debug] [2026-4-23 17:14:49] The value of Progress is 40
[Debug] [2026-4-23 17:14:49] The value of Progress is 45
[Debug] [2026-4-23 17:14:50] The value of Progress is 50
[Debug] [2026-4-23 17:14:50] The value of Progress is 55
[Debug] [2026-4-23 17:14:50] The value of Progress is 60
[Debug] [2026-4-23 17:14:51] The value of Progress is 65
[Debug] [2026-4-23 17:14:51] The value of Progress is 70
[Debug] [2026-4-23 17:14:52] The value of Progress is 75
[Debug] [2026-4-23 17:14:52] The value of Progress is 80
[Debug] [2026-4-23 17:14:52] The value of Progress is 85
[Debug] [2026-4-23 17:14:53] The value of Progress is 90
[Debug] [2026-4-23 17:14:53] The value of Progress is 95
[Debug] [2026-4-23 17:14:53] The value of Progress is 100
[Debug] [2026-4-23 17:14:54] COMMAND[Program] execute successfully, takes 8.3 secs.
[Debug] [2026-4-23 17:14:54] End to send programming cmd.
[Debug] [2026-4-23 17:14:54] Log::Print : The done bit is 1
[Debug] [2026-4-23 17:14:54] Log::Print : COMMAND[Program] execute successfully, takes 8.3 secs.
[Debug] [2026-4-23 17:15:00] Begin to send programming cmd...
[Debug] [2026-4-23 17:15:00] Send RPC:5
[Debug] [2026-4-23 17:15:00] Begin to send program data.
[Debug] [2026-4-23 17:15:00] End to send program data.
[Debug] [2026-4-23 17:15:00] Send cmd [Program:20002] OK
[Debug] [2026-4-23 17:15:01] The value of Progress is 6
[Debug] [2026-4-23 17:15:01] The value of Progress is 10
[Debug] [2026-4-23 17:15:02] The value of Progress is 15
[Debug] [2026-4-23 17:15:02] The value of Progress is 20
[Debug] [2026-4-23 17:15:03] The value of Progress is 25
[Debug] [2026-4-23 17:15:03] The value of Progress is 30
[Debug] [2026-4-23 17:15:03] The value of Progress is 35
[Debug] [2026-4-23 17:15:04] The value of Progress is 40
[Debug] [2026-4-23 17:15:04] The value of Progress is 45
[Debug] [2026-4-23 17:15:04] The value of Progress is 50
[Debug] [2026-4-23 17:15:05] The value of Progress is 55
[Debug] [2026-4-23 17:15:05] The value of Progress is 60
[Debug] [2026-4-23 17:15:06] The value of Progress is 65
[Debug] [2026-4-23 17:15:06] The value of Progress is 70
[Debug] [2026-4-23 17:15:06] The value of Progress is 75
[Debug] [2026-4-23 17:15:07] The value of Progress is 80
[Debug] [2026-4-23 17:15:07] The value of Progress is 85
[Debug] [2026-4-23 17:15:08] The value of Progress is 90
[Debug] [2026-4-23 17:15:08] The value of Progress is 95
[Debug] [2026-4-23 17:15:08] The value of Progress is 100
[Debug] [2026-4-23 17:15:09] COMMAND[Program] execute successfully, takes 8.5 secs.
[Debug] [2026-4-23 17:15:09] End to send programming cmd.
[Debug] [2026-4-23 17:15:09] Log::Print : The done bit is 1
[Debug] [2026-4-23 17:15:09] Log::Print : COMMAND[Program] execute successfully, takes 8.5 secs.
[Debug] [2026-4-23 17:15:51] Begin to send programming cmd...
[Debug] [2026-4-23 17:15:51] Send RPC:6
[Debug] [2026-4-23 17:15:51] Begin to send program data.
[Debug] [2026-4-23 17:15:51] End to send program data.
[Debug] [2026-4-23 17:15:51] Send cmd [Program:20002] OK
[Debug] [2026-4-23 17:15:52] The value of Progress is 6
[Debug] [2026-4-23 17:15:53] The value of Progress is 10
[Debug] [2026-4-23 17:15:53] The value of Progress is 15
[Debug] [2026-4-23 17:15:53] The value of Progress is 20
[Debug] [2026-4-23 17:15:54] The value of Progress is 25
[Debug] [2026-4-23 17:15:54] The value of Progress is 30
[Debug] [2026-4-23 17:15:54] The value of Progress is 35
[Debug] [2026-4-23 17:15:55] The value of Progress is 40
[Debug] [2026-4-23 17:15:55] The value of Progress is 45
[Debug] [2026-4-23 17:15:56] The value of Progress is 50
[Debug] [2026-4-23 17:15:56] The value of Progress is 55
[Debug] [2026-4-23 17:15:56] The value of Progress is 60
[Debug] [2026-4-23 17:15:57] The value of Progress is 65
[Debug] [2026-4-23 17:15:57] The value of Progress is 70
[Debug] [2026-4-23 17:15:58] The value of Progress is 75
[Debug] [2026-4-23 17:15:58] The value of Progress is 80
[Debug] [2026-4-23 17:15:58] The value of Progress is 85
[Debug] [2026-4-23 17:15:59] The value of Progress is 90
[Debug] [2026-4-23 17:15:59] The value of Progress is 95
[Debug] [2026-4-23 17:15:59] The value of Progress is 100
[Debug] [2026-4-23 17:16:00] COMMAND[Program] execute successfully, takes 8.3 secs.
[Debug] [2026-4-23 17:16:00] End to send programming cmd.
[Debug] [2026-4-23 17:16:00] Log::Print : The done bit is 1
[Debug] [2026-4-23 17:16:00] Log::Print : COMMAND[Program] execute successfully, takes 8.3 secs.
[Debug] [2026-4-23 17:17:01] Begin to send programming cmd...
[Debug] [2026-4-23 17:17:01] Send RPC:7
[Debug] [2026-4-23 17:17:01] Begin to send program data.
[Debug] [2026-4-23 17:17:01] End to send program data.
[Debug] [2026-4-23 17:17:01] Send cmd [Program:20002] OK
[Debug] [2026-4-23 17:17:02] The value of Progress is 6
[Debug] [2026-4-23 17:17:03] The value of Progress is 10
[Debug] [2026-4-23 17:17:03] The value of Progress is 15
[Debug] [2026-4-23 17:17:03] The value of Progress is 20
[Debug] [2026-4-23 17:17:04] The value of Progress is 25
[Debug] [2026-4-23 17:17:04] The value of Progress is 30
[Debug] [2026-4-23 17:17:05] The value of Progress is 35
[Debug] [2026-4-23 17:17:05] The value of Progress is 40
[Debug] [2026-4-23 17:17:05] The value of Progress is 45
[Debug] [2026-4-23 17:17:06] The value of Progress is 50
[Debug] [2026-4-23 17:17:06] The value of Progress is 55
[Debug] [2026-4-23 17:17:07] The value of Progress is 60
[Debug] [2026-4-23 17:17:07] The value of Progress is 65
[Debug] [2026-4-23 17:17:07] The value of Progress is 70
[Debug] [2026-4-23 17:17:08] The value of Progress is 75
[Debug] [2026-4-23 17:17:08] The value of Progress is 80
[Debug] [2026-4-23 17:17:08] The value of Progress is 85
[Debug] [2026-4-23 17:17:09] The value of Progress is 90
[Debug] [2026-4-23 17:17:09] The value of Progress is 95
[Debug] [2026-4-23 17:17:10] The value of Progress is 100
[Debug] [2026-4-23 17:17:10] COMMAND[Program] execute successfully, takes 8.5 secs.
[Debug] [2026-4-23 17:17:10] End to send programming cmd.
[Debug] [2026-4-23 17:17:10] Log::Print : The done bit is 1
[Debug] [2026-4-23 17:17:10] Log::Print : COMMAND[Program] execute successfully, takes 8.5 secs.
[Debug] [2026-4-23 17:17:22] Begin to send programming cmd...
[Debug] [2026-4-23 17:17:22] Send RPC:8
[Debug] [2026-4-23 17:17:22] Begin to send program data.
[Debug] [2026-4-23 17:17:22] End to send program data.
[Debug] [2026-4-23 17:17:22] Send cmd [Program:20002] OK
[Debug] [2026-4-23 17:17:23] The value of Progress is 6
[Debug] [2026-4-23 17:17:23] The value of Progress is 10
[Debug] [2026-4-23 17:17:23] The value of Progress is 15
[Debug] [2026-4-23 17:17:24] The value of Progress is 20
[Debug] [2026-4-23 17:17:24] The value of Progress is 25
[Debug] [2026-4-23 17:17:25] The value of Progress is 30
[Debug] [2026-4-23 17:17:25] The value of Progress is 35
[Debug] [2026-4-23 17:17:25] The value of Progress is 40
[Debug] [2026-4-23 17:17:26] The value of Progress is 45
[Debug] [2026-4-23 17:17:26] The value of Progress is 50
[Debug] [2026-4-23 17:17:27] The value of Progress is 55
[Debug] [2026-4-23 17:17:27] The value of Progress is 60
[Debug] [2026-4-23 17:17:27] The value of Progress is 65
[Debug] [2026-4-23 17:17:28] The value of Progress is 70
[Debug] [2026-4-23 17:17:28] The value of Progress is 75
[Debug] [2026-4-23 17:17:28] The value of Progress is 80
[Debug] [2026-4-23 17:17:29] The value of Progress is 85
[Debug] [2026-4-23 17:17:29] The value of Progress is 90
[Debug] [2026-4-23 17:17:30] The value of Progress is 95
[Debug] [2026-4-23 17:17:30] The value of Progress is 100
[Debug] [2026-4-23 17:17:30] COMMAND[Program] execute successfully, takes 8.5 secs.
[Debug] [2026-4-23 17:17:30] End to send programming cmd.
[Debug] [2026-4-23 17:17:30] Log::Print : The done bit is 1
[Debug] [2026-4-23 17:17:30] Log::Print : COMMAND[Program] execute successfully, takes 8.5 secs.
[Debug] [2026-4-23 17:17:46] Begin to send programming cmd...
[Debug] [2026-4-23 17:17:46] Send RPC:9
[Debug] [2026-4-23 17:17:46] Begin to send program data.
[Debug] [2026-4-23 17:17:46] End to send program data.
[Debug] [2026-4-23 17:17:46] Send cmd [Program:20002] OK
[Debug] [2026-4-23 17:17:47] The value of Progress is 6
[Debug] [2026-4-23 17:17:47] The value of Progress is 10
[Debug] [2026-4-23 17:17:47] The value of Progress is 15
[Debug] [2026-4-23 17:17:48] The value of Progress is 20
[Debug] [2026-4-23 17:17:48] The value of Progress is 25
[Debug] [2026-4-23 17:17:48] The value of Progress is 30
[Debug] [2026-4-23 17:17:49] The value of Progress is 35
[Debug] [2026-4-23 17:17:49] The value of Progress is 40
[Debug] [2026-4-23 17:17:50] The value of Progress is 45
[Debug] [2026-4-23 17:17:50] The value of Progress is 50
[Debug] [2026-4-23 17:17:50] The value of Progress is 55
[Debug] [2026-4-23 17:17:51] The value of Progress is 60
[Debug] [2026-4-23 17:17:51] The value of Progress is 65
[Debug] [2026-4-23 17:17:51] The value of Progress is 70
[Debug] [2026-4-23 17:17:52] The value of Progress is 75
[Debug] [2026-4-23 17:17:52] The value of Progress is 80
[Debug] [2026-4-23 17:17:53] The value of Progress is 85
[Debug] [2026-4-23 17:17:53] The value of Progress is 90
[Debug] [2026-4-23 17:17:53] The value of Progress is 95
[Debug] [2026-4-23 17:17:54] The value of Progress is 100
[Debug] [2026-4-23 17:17:54] COMMAND[Program] execute successfully, takes 8.3 secs.
[Debug] [2026-4-23 17:17:54] End to send programming cmd.
[Debug] [2026-4-23 17:17:54] Log::Print : The done bit is 1
[Debug] [2026-4-23 17:17:54] Log::Print : COMMAND[Program] execute successfully, takes 8.3 secs.
[Info] [2026-4-23 17:18:47] /***************************End Configration***************************/
[Info] [2026-4-23 18:04:39] /***************************Start Configuration***************************/
[Info] [2026-4-23 18:04:39] Path: C:/pango/PDS_2022.2-SP6.4/bin
[Info] [2026-4-23 18:04:39] Version: 146967
[Info] [2026-4-23 18:04:40] Current Path: C:/Users/Datou21/Desktop/PDS/back1/cnn_usb_copy/prj_pds
[Info] [2026-4-23 18:04:40] PDS Dir Path: C:/Users/Datou21/Desktop/PDS/back1/cnn_usb_copy/prj_pds
[Info] [2026-4-23 18:04:42] Configuration is not connect with server. connect first then scan chain.
[Debug] [2026-4-23 18:04:42] Client Local host name:DESKTOP-VB8TKRO
[Debug] [2026-4-23 18:04:42] Client Local Address:2.0.0.1
[Debug] [2026-4-23 18:04:42] Client Local Address:210.77.26.220
[Debug] [2026-4-23 18:04:42] Client Local Address:192.168.44.1
[Debug] [2026-4-23 18:04:42] Client Local Address:192.168.176.1
[Debug] [2026-4-23 18:04:42] Server Address:127.0.0.1, Port:65420
[Debug] [2026-4-23 18:04:42] Log::Print : Connecting to server[127.0.0.1 : 65420].
[Info] [2026-4-23 18:04:43] Connect OK, Server: 127.0.0.1  Port: 65420
[Debug] [2026-4-23 18:04:43] Finish.
[Info] [2026-4-23 18:04:43] Connect server succeeded
[Debug] [2026-4-23 18:04:43] Send RPC:1
[Debug] [2026-4-23 18:04:43] Send cmd [check version information:40004] OK
[Debug] [2026-4-23 18:04:43] Log::Print : Connect to server[127.0.0.1 : 65420] successfully.
[Debug] [2026-4-23 18:04:44] Send RPC:2
[Debug] [2026-4-23 18:04:44] Send cmd [get_cable_paras:40010] OK
[Debug] [2026-4-23 18:04:44] Begin to send initialize chain cmd...
[Debug] [2026-4-23 18:04:44] Send RPC:3
[Debug] [2026-4-23 18:04:44] Send cmd [Open config cable:20001] OK
[Debug] [2026-4-23 18:04:44] End to send initialize chain cmd.
[Debug] [2026-4-23 18:04:44] COMMAND[check version information] execute successfully, takes 1.5 secs.
[Debug] [2026-4-23 18:04:44] Log::Print : COMMAND[check version information] execute successfully, takes 1.5 secs.
[Debug] [2026-4-23 18:04:46] COMMAND[get_cable_paras] execute successfully, takes 1.9 secs.
[Debug] [2026-4-23 18:04:46] Log::Print : The cable List : 
Cable index 0:USB Cable II/fffffffffffffffe 

[Debug] [2026-4-23 18:04:46] Log::Print : COMMAND[get_cable_paras] execute successfully, takes 1.9 secs.
[Debug] [2026-4-23 18:04:47] begin the exec of open cable cmd...
[Debug] [2026-4-23 18:04:47] Begin to deal with chain from server...
[Debug] [2026-4-23 18:04:47] Begin to set user chain...
[Debug] [2026-4-23 18:04:47] End to set user chain.
[Debug] [2026-4-23 18:04:47] Begin to update graphic item and tree item ...
[Debug] [2026-4-23 18:04:47] End to update graphic item and tree item ...
[Debug] [2026-4-23 18:04:47] Log::Print : PANGO USB CABLE II cable driver: D2XX DLL
[Debug] [2026-4-23 18:04:47] Log::Print : PG2L200H
[Debug] [2026-4-23 18:04:47] Log::Print : This device configure situation (done bit): 0
[Info] [2026-4-23 18:04:51] set OpenLastPath: C:/Users/Datou21/Desktop/PDS/back1/cnn_usb_copy/prj_pds/generate_bitstream/hdmi_loop.sbit
[Debug] [2026-4-23 18:04:51] begin to get device info from CFG file...
[Debug] [2026-4-23 18:04:51] end to get device info from CFG file...
[Debug] [2026-4-23 18:04:51] Begin to update graphic item and tree item ...
[Debug] [2026-4-23 18:04:51] End to update graphic item and tree item ...
[Debug] [2026-4-23 18:04:51] Begin to update graphic item and tree item ...
[Debug] [2026-4-23 18:04:51] End to update graphic item and tree item ...
[Debug] [2026-4-23 18:04:51] End to deal wiht chain from server.
[Debug] [2026-4-23 18:04:51] end the exec of open cable cmd.
[Debug] [2026-4-23 18:04:51] COMMAND[Open config cable] execute successfully, takes 6.4 secs.
[Debug] [2026-4-23 18:04:51] Log::Print : COMMAND[Open config cable] execute successfully, takes 6.4 secs.
[Debug] [2026-4-23 18:04:52] Begin to send programming cmd...
[Debug] [2026-4-23 18:04:52] Send RPC:4
[Debug] [2026-4-23 18:04:52] Begin to send program data.
[Debug] [2026-4-23 18:04:52] End to send program data.
[Debug] [2026-4-23 18:04:52] Send cmd [Program:20002] OK
[Debug] [2026-4-23 18:04:53] The value of Progress is 6
[Debug] [2026-4-23 18:04:53] The value of Progress is 10
[Debug] [2026-4-23 18:04:53] The value of Progress is 15
[Debug] [2026-4-23 18:04:54] The value of Progress is 20
[Debug] [2026-4-23 18:04:54] The value of Progress is 25
[Debug] [2026-4-23 18:04:55] The value of Progress is 30
[Debug] [2026-4-23 18:04:55] The value of Progress is 35
[Debug] [2026-4-23 18:04:55] The value of Progress is 40
[Debug] [2026-4-23 18:04:56] The value of Progress is 45
[Debug] [2026-4-23 18:04:56] The value of Progress is 50
[Debug] [2026-4-23 18:04:56] The value of Progress is 55
[Debug] [2026-4-23 18:04:57] The value of Progress is 60
[Debug] [2026-4-23 18:04:57] The value of Progress is 65
[Debug] [2026-4-23 18:04:58] The value of Progress is 70
[Debug] [2026-4-23 18:04:58] The value of Progress is 75
[Debug] [2026-4-23 18:04:58] The value of Progress is 80
[Debug] [2026-4-23 18:04:59] The value of Progress is 85
[Debug] [2026-4-23 18:04:59] The value of Progress is 90
[Debug] [2026-4-23 18:04:59] The value of Progress is 95
[Debug] [2026-4-23 18:05:00] The value of Progress is 100
[Debug] [2026-4-23 18:05:00] COMMAND[Program] execute successfully, takes 8.4 secs.
[Debug] [2026-4-23 18:05:00] End to send programming cmd.
[Debug] [2026-4-23 18:05:00] Log::Print : The done bit is 1
[Debug] [2026-4-23 18:05:00] Log::Print : COMMAND[Program] execute successfully, takes 8.4 secs.
[Debug] [2026-4-23 18:05:05] Begin to send programming cmd...
[Debug] [2026-4-23 18:05:05] Send RPC:5
[Debug] [2026-4-23 18:05:05] Begin to send program data.
[Debug] [2026-4-23 18:05:05] End to send program data.
[Debug] [2026-4-23 18:05:05] Send cmd [Program:20002] OK
[Debug] [2026-4-23 18:05:06] The value of Progress is 6
[Debug] [2026-4-23 18:05:06] The value of Progress is 10
[Debug] [2026-4-23 18:05:07] The value of Progress is 15
[Debug] [2026-4-23 18:05:07] The value of Progress is 20
[Debug] [2026-4-23 18:05:07] The value of Progress is 25
[Debug] [2026-4-23 18:05:08] The value of Progress is 30
[Debug] [2026-4-23 18:05:08] The value of Progress is 35
[Debug] [2026-4-23 18:05:09] The value of Progress is 40
[Debug] [2026-4-23 18:05:09] The value of Progress is 45
[Debug] [2026-4-23 18:05:09] The value of Progress is 50
[Debug] [2026-4-23 18:05:10] The value of Progress is 55
[Debug] [2026-4-23 18:05:10] The value of Progress is 60
[Debug] [2026-4-23 18:05:10] The value of Progress is 65
[Debug] [2026-4-23 18:05:11] The value of Progress is 70
[Debug] [2026-4-23 18:05:11] The value of Progress is 75
[Debug] [2026-4-23 18:05:12] The value of Progress is 80
[Debug] [2026-4-23 18:05:12] The value of Progress is 85
[Debug] [2026-4-23 18:05:12] The value of Progress is 90
[Debug] [2026-4-23 18:05:13] The value of Progress is 95
[Debug] [2026-4-23 18:05:13] The value of Progress is 100
[Debug] [2026-4-23 18:05:13] COMMAND[Program] execute successfully, takes 8.4 secs.
[Debug] [2026-4-23 18:05:13] End to send programming cmd.
[Debug] [2026-4-23 18:05:13] Log::Print : The done bit is 1
[Debug] [2026-4-23 18:05:13] Log::Print : COMMAND[Program] execute successfully, takes 8.4 secs.
[Debug] [2026-4-23 18:07:04] Begin to send programming cmd...
[Debug] [2026-4-23 18:07:04] Send RPC:6
[Debug] [2026-4-23 18:07:04] Begin to send program data.
[Debug] [2026-4-23 18:07:04] End to send program data.
[Debug] [2026-4-23 18:07:04] Send cmd [Program:20002] OK
[Debug] [2026-4-23 18:07:04] The value of Progress is 6
[Debug] [2026-4-23 18:07:05] The value of Progress is 10
[Debug] [2026-4-23 18:07:05] The value of Progress is 15
[Debug] [2026-4-23 18:07:06] The value of Progress is 20
[Debug] [2026-4-23 18:07:06] The value of Progress is 25
[Debug] [2026-4-23 18:07:06] The value of Progress is 30
[Debug] [2026-4-23 18:07:07] The value of Progress is 35
[Debug] [2026-4-23 18:07:07] The value of Progress is 40
[Debug] [2026-4-23 18:07:07] The value of Progress is 45
[Debug] [2026-4-23 18:07:08] The value of Progress is 50
[Debug] [2026-4-23 18:07:08] The value of Progress is 55
[Debug] [2026-4-23 18:07:09] The value of Progress is 60
[Debug] [2026-4-23 18:07:09] The value of Progress is 65
[Debug] [2026-4-23 18:07:09] The value of Progress is 70
[Debug] [2026-4-23 18:07:10] The value of Progress is 75
[Debug] [2026-4-23 18:07:10] The value of Progress is 80
[Debug] [2026-4-23 18:07:11] The value of Progress is 85
[Debug] [2026-4-23 18:07:11] The value of Progress is 90
[Debug] [2026-4-23 18:07:11] The value of Progress is 95
[Debug] [2026-4-23 18:07:12] The value of Progress is 100
[Debug] [2026-4-23 18:07:12] COMMAND[Program] execute successfully, takes 8.4 secs.
[Debug] [2026-4-23 18:07:12] End to send programming cmd.
[Debug] [2026-4-23 18:07:12] Log::Print : The done bit is 1
[Debug] [2026-4-23 18:07:12] Log::Print : COMMAND[Program] execute successfully, takes 8.4 secs.
[Debug] [2026-4-23 18:08:07] Begin to send initialize chain cmd...
[Debug] [2026-4-23 18:08:07] Send RPC:7
[Debug] [2026-4-23 18:08:07] Send cmd [Open config cable:20001] OK
[Debug] [2026-4-23 18:08:07] End to send initialize chain cmd.
[Debug] [2026-4-23 18:08:08] begin the exec of open cable cmd...
[Debug] [2026-4-23 18:08:08] Begin to deal with chain from server...
[Debug] [2026-4-23 18:08:08] Begin to set user chain...
[Debug] [2026-4-23 18:08:08] End to set user chain.
[Debug] [2026-4-23 18:08:08] Begin to update graphic item and tree item ...
[Debug] [2026-4-23 18:08:08] End to update graphic item and tree item ...
[Debug] [2026-4-23 18:08:08] Log::Print : PANGO USB CABLE II cable driver: D2XX DLL
[Debug] [2026-4-23 18:08:08] Log::Print : PG2L200H
[Debug] [2026-4-23 18:08:08] Log::Print : This device configure situation (done bit): 1
[Info] [2026-4-23 18:08:14] set OpenLastPath: C:/Users/Datou21/Desktop/PDS/back1/cnn_usb_copy/bit_files/720P_hdmi_loop_pds_200kmini_v2.sbit
[Debug] [2026-4-23 18:08:14] begin to get device info from CFG file...
[Debug] [2026-4-23 18:08:14] end to get device info from CFG file...
[Debug] [2026-4-23 18:08:14] Begin to update graphic item and tree item ...
[Debug] [2026-4-23 18:08:14] End to update graphic item and tree item ...
[Debug] [2026-4-23 18:08:14] Begin to update graphic item and tree item ...
[Debug] [2026-4-23 18:08:14] End to update graphic item and tree item ...
[Debug] [2026-4-23 18:08:14] End to deal wiht chain from server.
[Debug] [2026-4-23 18:08:14] end the exec of open cable cmd.
[Debug] [2026-4-23 18:08:14] COMMAND[Open config cable] execute successfully, takes 6.6 secs.
[Debug] [2026-4-23 18:08:14] Log::Print : COMMAND[Open config cable] execute successfully, takes 6.6 secs.
[Debug] [2026-4-23 18:08:15] Begin to send programming cmd...
[Debug] [2026-4-23 18:08:15] Send RPC:8
[Debug] [2026-4-23 18:08:15] Begin to send program data.
[Debug] [2026-4-23 18:08:15] End to send program data.
[Debug] [2026-4-23 18:08:15] Send cmd [Program:20002] OK
[Debug] [2026-4-23 18:08:16] The value of Progress is 6
[Debug] [2026-4-23 18:08:17] The value of Progress is 10
[Debug] [2026-4-23 18:08:17] The value of Progress is 15
[Debug] [2026-4-23 18:08:17] The value of Progress is 20
[Debug] [2026-4-23 18:08:18] The value of Progress is 25
[Debug] [2026-4-23 18:08:18] The value of Progress is 30
[Debug] [2026-4-23 18:08:19] The value of Progress is 35
[Debug] [2026-4-23 18:08:19] The value of Progress is 40
[Debug] [2026-4-23 18:08:19] The value of Progress is 45
[Debug] [2026-4-23 18:08:20] The value of Progress is 50
[Debug] [2026-4-23 18:08:20] The value of Progress is 55
[Debug] [2026-4-23 18:08:20] The value of Progress is 60
[Debug] [2026-4-23 18:08:21] The value of Progress is 65
[Debug] [2026-4-23 18:08:21] The value of Progress is 70
[Debug] [2026-4-23 18:08:22] The value of Progress is 75
[Debug] [2026-4-23 18:08:22] The value of Progress is 80
[Debug] [2026-4-23 18:08:22] The value of Progress is 85
[Debug] [2026-4-23 18:08:23] The value of Progress is 90
[Debug] [2026-4-23 18:08:23] The value of Progress is 95
[Debug] [2026-4-23 18:08:24] The value of Progress is 100
[Debug] [2026-4-23 18:08:24] COMMAND[Program] execute successfully, takes 8.4 secs.
[Debug] [2026-4-23 18:08:24] End to send programming cmd.
[Debug] [2026-4-23 18:08:24] Log::Print : The done bit is 1
[Debug] [2026-4-23 18:08:24] Log::Print : COMMAND[Program] execute successfully, takes 8.4 secs.
[Debug] [2026-4-23 18:08:30] Begin to send programming cmd...
[Debug] [2026-4-23 18:08:30] Send RPC:9
[Debug] [2026-4-23 18:08:30] Begin to send program data.
[Debug] [2026-4-23 18:08:30] End to send program data.
[Debug] [2026-4-23 18:08:30] Send cmd [Program:20002] OK
[Debug] [2026-4-23 18:08:30] The value of Progress is 6
[Debug] [2026-4-23 18:08:31] The value of Progress is 10
[Debug] [2026-4-23 18:08:31] The value of Progress is 15
[Debug] [2026-4-23 18:08:32] The value of Progress is 20
[Debug] [2026-4-23 18:08:32] The value of Progress is 25
[Debug] [2026-4-23 18:08:32] The value of Progress is 30
[Debug] [2026-4-23 18:08:33] The value of Progress is 35
[Debug] [2026-4-23 18:08:33] The value of Progress is 40
[Debug] [2026-4-23 18:08:33] The value of Progress is 45
[Debug] [2026-4-23 18:08:34] The value of Progress is 50
[Debug] [2026-4-23 18:08:34] The value of Progress is 55
[Debug] [2026-4-23 18:08:35] The value of Progress is 60
[Debug] [2026-4-23 18:08:35] The value of Progress is 65
[Debug] [2026-4-23 18:08:35] The value of Progress is 70
[Debug] [2026-4-23 18:08:36] The value of Progress is 75
[Debug] [2026-4-23 18:08:36] The value of Progress is 80
[Debug] [2026-4-23 18:08:36] The value of Progress is 85
[Debug] [2026-4-23 18:08:37] The value of Progress is 90
[Debug] [2026-4-23 18:08:37] The value of Progress is 95
[Debug] [2026-4-23 18:08:38] The value of Progress is 100
[Debug] [2026-4-23 18:08:38] COMMAND[Program] execute successfully, takes 8.4 secs.
[Debug] [2026-4-23 18:08:38] End to send programming cmd.
[Debug] [2026-4-23 18:08:38] Log::Print : The done bit is 1
[Debug] [2026-4-23 18:08:38] Log::Print : COMMAND[Program] execute successfully, takes 8.4 secs.
[Debug] [2026-4-23 18:10:10] Begin to send initialize chain cmd...
[Debug] [2026-4-23 18:10:10] Send RPC:10
[Debug] [2026-4-23 18:10:10] Send cmd [Open config cable:20001] OK
[Debug] [2026-4-23 18:10:10] End to send initialize chain cmd.
[Debug] [2026-4-23 18:10:11] begin the exec of open cable cmd...
[Debug] [2026-4-23 18:10:11] Begin to deal with chain from server...
[Debug] [2026-4-23 18:10:11] Begin to set user chain...
[Debug] [2026-4-23 18:10:11] End to set user chain.
[Debug] [2026-4-23 18:10:11] Begin to update graphic item and tree item ...
[Debug] [2026-4-23 18:10:11] End to update graphic item and tree item ...
[Debug] [2026-4-23 18:10:11] Log::Print : PANGO USB CABLE II cable driver: D2XX DLL
[Debug] [2026-4-23 18:10:11] Log::Print : PG2L200H
[Debug] [2026-4-23 18:10:11] Log::Print : This device configure situation (done bit): 1
[Info] [2026-4-23 18:10:17] set OpenLastPath: C:/Users/Datou21/Desktop/PDS/back1/cnn_usb_copy/prj_pds/generate_bitstream/hdmi_loop.sbit
[Debug] [2026-4-23 18:10:17] begin to get device info from CFG file...
[Debug] [2026-4-23 18:10:17] end to get device info from CFG file...
[Debug] [2026-4-23 18:10:18] Begin to update graphic item and tree item ...
[Debug] [2026-4-23 18:10:18] End to update graphic item and tree item ...
[Debug] [2026-4-23 18:10:18] Begin to update graphic item and tree item ...
[Debug] [2026-4-23 18:10:18] End to update graphic item and tree item ...
[Debug] [2026-4-23 18:10:18] End to deal wiht chain from server.
[Debug] [2026-4-23 18:10:18] end the exec of open cable cmd.
[Debug] [2026-4-23 18:10:18] COMMAND[Open config cable] execute successfully, takes 7.1 secs.
[Debug] [2026-4-23 18:10:18] Log::Print : COMMAND[Open config cable] execute successfully, takes 7.1 secs.
[Debug] [2026-4-23 18:10:19] Begin to send programming cmd...
[Debug] [2026-4-23 18:10:19] Send RPC:11
[Debug] [2026-4-23 18:10:19] Begin to send program data.
[Debug] [2026-4-23 18:10:19] End to send program data.
[Debug] [2026-4-23 18:10:19] Send cmd [Program:20002] OK
[Debug] [2026-4-23 18:10:20] The value of Progress is 6
[Debug] [2026-4-23 18:10:20] The value of Progress is 10
[Debug] [2026-4-23 18:10:21] The value of Progress is 15
[Debug] [2026-4-23 18:10:21] The value of Progress is 20
[Debug] [2026-4-23 18:10:21] The value of Progress is 25
[Debug] [2026-4-23 18:10:22] The value of Progress is 30
[Debug] [2026-4-23 18:10:22] The value of Progress is 35
[Debug] [2026-4-23 18:10:23] The value of Progress is 40
[Debug] [2026-4-23 18:10:23] The value of Progress is 45
[Debug] [2026-4-23 18:10:23] The value of Progress is 50
[Debug] [2026-4-23 18:10:24] The value of Progress is 55
[Debug] [2026-4-23 18:10:24] The value of Progress is 60
[Debug] [2026-4-23 18:10:25] The value of Progress is 65
[Debug] [2026-4-23 18:10:25] The value of Progress is 70
[Debug] [2026-4-23 18:10:25] The value of Progress is 75
[Debug] [2026-4-23 18:10:26] The value of Progress is 80
[Debug] [2026-4-23 18:10:26] The value of Progress is 85
[Debug] [2026-4-23 18:10:26] The value of Progress is 90
[Debug] [2026-4-23 18:10:27] The value of Progress is 95
[Debug] [2026-4-23 18:10:27] The value of Progress is 100
[Debug] [2026-4-23 18:10:28] COMMAND[Program] execute successfully, takes 8.4 secs.
[Debug] [2026-4-23 18:10:28] End to send programming cmd.
[Debug] [2026-4-23 18:10:28] Log::Print : The done bit is 1
[Debug] [2026-4-23 18:10:28] Log::Print : COMMAND[Program] execute successfully, takes 8.4 secs.
[Debug] [2026-4-23 18:10:33] Begin to send programming cmd...
[Debug] [2026-4-23 18:10:33] Send RPC:12
[Debug] [2026-4-23 18:10:33] Begin to send program data.
[Debug] [2026-4-23 18:10:33] End to send program data.
[Debug] [2026-4-23 18:10:33] Send cmd [Program:20002] OK
[Debug] [2026-4-23 18:10:34] The value of Progress is 6
[Debug] [2026-4-23 18:10:35] The value of Progress is 10
[Debug] [2026-4-23 18:10:35] The value of Progress is 15
[Debug] [2026-4-23 18:10:35] The value of Progress is 20
[Debug] [2026-4-23 18:10:36] The value of Progress is 25
[Debug] [2026-4-23 18:10:36] The value of Progress is 30
[Debug] [2026-4-23 18:10:36] The value of Progress is 35
[Debug] [2026-4-23 18:10:37] The value of Progress is 40
[Debug] [2026-4-23 18:10:37] The value of Progress is 45
[Debug] [2026-4-23 18:10:38] The value of Progress is 50
[Debug] [2026-4-23 18:10:38] The value of Progress is 55
[Debug] [2026-4-23 18:10:38] The value of Progress is 60
[Debug] [2026-4-23 18:10:39] The value of Progress is 65
[Debug] [2026-4-23 18:10:39] The value of Progress is 70
[Debug] [2026-4-23 18:10:40] The value of Progress is 75
[Debug] [2026-4-23 18:10:40] The value of Progress is 80
[Debug] [2026-4-23 18:10:40] The value of Progress is 85
[Debug] [2026-4-23 18:10:41] The value of Progress is 90
[Debug] [2026-4-23 18:10:41] The value of Progress is 95
[Debug] [2026-4-23 18:10:41] The value of Progress is 100
[Debug] [2026-4-23 18:10:42] COMMAND[Program] execute successfully, takes 8.4 secs.
[Debug] [2026-4-23 18:10:42] End to send programming cmd.
[Debug] [2026-4-23 18:10:42] Log::Print : The done bit is 1
[Debug] [2026-4-23 18:10:42] Log::Print : COMMAND[Program] execute successfully, takes 8.4 secs.
[Info] [2026-4-23 18:11:52] /***************************End Configration***************************/
[Info] [2026-4-23 18:43:11] /***************************Start Configuration***************************/
[Info] [2026-4-23 18:43:11] Path: C:/pango/PDS_2022.2-SP6.4/bin
[Info] [2026-4-23 18:43:11] Version: 146967
[Info] [2026-4-23 18:43:12] Current Path: C:/Users/Datou21/Desktop/PDS/back1/cnn_usb_copy/prj_pds
[Info] [2026-4-23 18:43:12] PDS Dir Path: C:/Users/Datou21/Desktop/PDS/back1/cnn_usb_copy/prj_pds
[Info] [2026-4-23 18:44:37] Configuration is not connect with server. connect first then scan chain.
[Debug] [2026-4-23 18:44:38] Client Local host name:DESKTOP-VB8TKRO
[Debug] [2026-4-23 18:44:38] Client Local Address:2.0.0.1
[Debug] [2026-4-23 18:44:38] Client Local Address:210.77.26.220
[Debug] [2026-4-23 18:44:38] Client Local Address:192.168.44.1
[Debug] [2026-4-23 18:44:38] Client Local Address:192.168.176.1
[Debug] [2026-4-23 18:44:38] Server Address:127.0.0.1, Port:65420
[Debug] [2026-4-23 18:44:38] Log::Print : Connecting to server[127.0.0.1 : 65420].
[Info] [2026-4-23 18:44:38] Connect OK, Server: 127.0.0.1  Port: 65420
[Debug] [2026-4-23 18:44:38] Finish.
[Info] [2026-4-23 18:44:38] Connect server succeeded
[Debug] [2026-4-23 18:44:38] Send RPC:1
[Debug] [2026-4-23 18:44:38] Send cmd [check version information:40004] OK
[Debug] [2026-4-23 18:44:38] Log::Print : Connect to server[127.0.0.1 : 65420] successfully.
[Debug] [2026-4-23 18:44:39] Send RPC:2
[Debug] [2026-4-23 18:44:39] Send cmd [get_cable_paras:40010] OK
[Debug] [2026-4-23 18:44:39] Begin to send initialize chain cmd...
[Debug] [2026-4-23 18:44:39] Send RPC:3
[Debug] [2026-4-23 18:44:39] Send cmd [Open config cable:20001] OK
[Debug] [2026-4-23 18:44:39] End to send initialize chain cmd.
[Debug] [2026-4-23 18:44:39] COMMAND[check version information] execute successfully, takes 1.4 secs.
[Debug] [2026-4-23 18:44:39] Log::Print : COMMAND[check version information] execute successfully, takes 1.4 secs.
[Debug] [2026-4-23 18:44:41] COMMAND[get_cable_paras] execute successfully, takes 1.9 secs.
[Debug] [2026-4-23 18:44:41] Log::Print : The cable List : 
Cable index 0:USB Cable II/fffffffffffffffe 

[Debug] [2026-4-23 18:44:41] Log::Print : COMMAND[get_cable_paras] execute successfully, takes 1.9 secs.
[Debug] [2026-4-23 18:44:42] begin the exec of open cable cmd...
[Debug] [2026-4-23 18:44:42] Begin to deal with chain from server...
[Debug] [2026-4-23 18:44:42] Begin to set user chain...
[Debug] [2026-4-23 18:44:42] End to set user chain.
[Debug] [2026-4-23 18:44:42] Begin to update graphic item and tree item ...
[Debug] [2026-4-23 18:44:42] End to update graphic item and tree item ...
[Debug] [2026-4-23 18:44:42] Log::Print : PANGO USB CABLE II cable driver: D2XX DLL
[Debug] [2026-4-23 18:44:42] Log::Print : PG2L200H
[Debug] [2026-4-23 18:44:42] Log::Print : This device configure situation (done bit): 0
[Info] [2026-4-23 18:44:43] set OpenLastPath: C:/Users/Datou21/Desktop/PDS/back1/cnn_usb_copy/prj_pds/generate_bitstream/hdmi_loop.sbit
[Debug] [2026-4-23 18:44:43] begin to get device info from CFG file...
[Debug] [2026-4-23 18:44:43] end to get device info from CFG file...
[Debug] [2026-4-23 18:44:43] Begin to update graphic item and tree item ...
[Debug] [2026-4-23 18:44:43] End to update graphic item and tree item ...
[Debug] [2026-4-23 18:44:43] Begin to update graphic item and tree item ...
[Debug] [2026-4-23 18:44:43] End to update graphic item and tree item ...
[Debug] [2026-4-23 18:44:43] End to deal wiht chain from server.
[Debug] [2026-4-23 18:44:43] end the exec of open cable cmd.
[Debug] [2026-4-23 18:44:43] COMMAND[Open config cable] execute successfully, takes 4.0 secs.
[Debug] [2026-4-23 18:44:44] Log::Print : COMMAND[Open config cable] execute successfully, takes 4.0 secs.
[Debug] [2026-4-23 18:44:44] Begin to send programming cmd...
[Debug] [2026-4-23 18:44:44] Send RPC:4
[Debug] [2026-4-23 18:44:44] Begin to send program data.
[Debug] [2026-4-23 18:44:44] End to send program data.
[Debug] [2026-4-23 18:44:44] Send cmd [Program:20002] OK
[Debug] [2026-4-23 18:44:45] The value of Progress is 6
[Debug] [2026-4-23 18:44:45] The value of Progress is 10
[Debug] [2026-4-23 18:44:46] The value of Progress is 15
[Debug] [2026-4-23 18:44:46] The value of Progress is 20
[Debug] [2026-4-23 18:44:47] The value of Progress is 25
[Debug] [2026-4-23 18:44:47] The value of Progress is 30
[Debug] [2026-4-23 18:44:47] The value of Progress is 35
[Debug] [2026-4-23 18:44:48] The value of Progress is 40
[Debug] [2026-4-23 18:44:48] The value of Progress is 45
[Debug] [2026-4-23 18:44:48] The value of Progress is 50
[Debug] [2026-4-23 18:44:49] The value of Progress is 55
[Debug] [2026-4-23 18:44:49] The value of Progress is 60
[Debug] [2026-4-23 18:44:50] The value of Progress is 65
[Debug] [2026-4-23 18:44:50] The value of Progress is 70
[Debug] [2026-4-23 18:44:50] The value of Progress is 75
[Debug] [2026-4-23 18:44:51] The value of Progress is 80
[Debug] [2026-4-23 18:44:51] The value of Progress is 85
[Debug] [2026-4-23 18:44:52] The value of Progress is 90
[Debug] [2026-4-23 18:44:52] The value of Progress is 95
[Debug] [2026-4-23 18:44:52] The value of Progress is 100
[Debug] [2026-4-23 18:44:53] COMMAND[Program] execute successfully, takes 8.4 secs.
[Debug] [2026-4-23 18:44:53] End to send programming cmd.
[Debug] [2026-4-23 18:44:53] Log::Print : The done bit is 1
[Debug] [2026-4-23 18:44:53] Log::Print : COMMAND[Program] execute successfully, takes 8.4 secs.
[Debug] [2026-4-23 18:44:59] Begin to send programming cmd...
[Debug] [2026-4-23 18:44:59] Send RPC:5
[Debug] [2026-4-23 18:44:59] Begin to send program data.
[Debug] [2026-4-23 18:44:59] End to send program data.
[Debug] [2026-4-23 18:44:59] Send cmd [Program:20002] OK
[Debug] [2026-4-23 18:45:00] The value of Progress is 6
[Debug] [2026-4-23 18:45:00] The value of Progress is 10
[Debug] [2026-4-23 18:45:01] The value of Progress is 15
[Debug] [2026-4-23 18:45:01] The value of Progress is 20
[Debug] [2026-4-23 18:45:01] The value of Progress is 25
[Debug] [2026-4-23 18:45:02] The value of Progress is 30
[Debug] [2026-4-23 18:45:02] The value of Progress is 35
[Debug] [2026-4-23 18:45:02] The value of Progress is 40
[Debug] [2026-4-23 18:45:03] The value of Progress is 45
[Debug] [2026-4-23 18:45:03] The value of Progress is 50
[Debug] [2026-4-23 18:45:04] The value of Progress is 55
[Debug] [2026-4-23 18:45:04] The value of Progress is 60
[Debug] [2026-4-23 18:45:04] The value of Progress is 65
[Debug] [2026-4-23 18:45:05] The value of Progress is 70
[Debug] [2026-4-23 18:45:05] The value of Progress is 75
[Debug] [2026-4-23 18:45:06] The value of Progress is 80
[Debug] [2026-4-23 18:45:06] The value of Progress is 85
[Debug] [2026-4-23 18:45:06] The value of Progress is 90
[Debug] [2026-4-23 18:45:07] The value of Progress is 95
[Debug] [2026-4-23 18:45:07] The value of Progress is 100
[Debug] [2026-4-23 18:45:07] COMMAND[Program] execute successfully, takes 8.4 secs.
[Debug] [2026-4-23 18:45:07] End to send programming cmd.
[Debug] [2026-4-23 18:45:07] Log::Print : The done bit is 1
[Debug] [2026-4-23 18:45:07] Log::Print : COMMAND[Program] execute successfully, takes 8.4 secs.
[Info] [2026-4-23 18:49:45] /***************************End Configration***************************/
[Info] [2026-4-23 19:10:59] /***************************Start Configuration***************************/
[Info] [2026-4-23 19:10:59] Path: C:/pango/PDS_2022.2-SP6.4/bin
[Info] [2026-4-23 19:10:59] Version: 146967
[Info] [2026-4-23 19:11:00] Current Path: C:/Users/Datou21/Desktop/PDS/back1/cnn_usb_copy/prj_pds
[Info] [2026-4-23 19:11:00] PDS Dir Path: C:/Users/Datou21/Desktop/PDS/back1/cnn_usb_copy/prj_pds
[Info] [2026-4-23 19:11:10] Configuration is not connect with server. connect first then scan chain.
[Debug] [2026-4-23 19:11:10] Client Local host name:DESKTOP-VB8TKRO
[Debug] [2026-4-23 19:11:10] Client Local Address:2.0.0.1
[Debug] [2026-4-23 19:11:10] Client Local Address:210.77.26.220
[Debug] [2026-4-23 19:11:10] Client Local Address:192.168.44.1
[Debug] [2026-4-23 19:11:10] Client Local Address:192.168.176.1
[Debug] [2026-4-23 19:11:10] Server Address:127.0.0.1, Port:65420
[Debug] [2026-4-23 19:11:10] Log::Print : Connecting to server[127.0.0.1 : 65420].
[Info] [2026-4-23 19:11:10] Connect OK, Server: 127.0.0.1  Port: 65420
[Debug] [2026-4-23 19:11:10] Finish.
[Info] [2026-4-23 19:11:10] Connect server succeeded
[Debug] [2026-4-23 19:11:10] Send RPC:1
[Debug] [2026-4-23 19:11:10] Send cmd [check version information:40004] OK
[Debug] [2026-4-23 19:11:10] Log::Print : Connect to server[127.0.0.1 : 65420] successfully.
[Debug] [2026-4-23 19:11:11] Send RPC:2
[Debug] [2026-4-23 19:11:11] Send cmd [get_cable_paras:40010] OK
[Debug] [2026-4-23 19:11:11] Begin to send initialize chain cmd...
[Debug] [2026-4-23 19:11:11] Send RPC:3
[Debug] [2026-4-23 19:11:11] Send cmd [Open config cable:20001] OK
[Debug] [2026-4-23 19:11:11] End to send initialize chain cmd.
[Debug] [2026-4-23 19:11:11] COMMAND[check version information] execute successfully, takes 0.5 secs.
[Debug] [2026-4-23 19:11:11] Log::Print : COMMAND[check version information] execute successfully, takes 0.5 secs.
[Debug] [2026-4-23 19:11:12] COMMAND[get_cable_paras] execute successfully, takes 1.2 secs.
[Debug] [2026-4-23 19:11:12] Log::Print : The cable List : 
Cable index 0:USB Cable II/fffffffffffffffe 

[Debug] [2026-4-23 19:11:12] Log::Print : COMMAND[get_cable_paras] execute successfully, takes 1.2 secs.
[Debug] [2026-4-23 19:11:13] begin the exec of open cable cmd...
[Debug] [2026-4-23 19:11:13] Begin to deal with chain from server...
[Debug] [2026-4-23 19:11:13] Begin to set user chain...
[Debug] [2026-4-23 19:11:13] End to set user chain.
[Debug] [2026-4-23 19:11:13] Begin to update graphic item and tree item ...
[Debug] [2026-4-23 19:11:13] End to update graphic item and tree item ...
[Debug] [2026-4-23 19:11:13] Log::Print : PANGO USB CABLE II cable driver: D2XX DLL
[Debug] [2026-4-23 19:11:13] Log::Print : PG2L200H
[Debug] [2026-4-23 19:11:13] Log::Print : This device configure situation (done bit): 0
[Info] [2026-4-23 19:11:14] set OpenLastPath: C:/Users/Datou21/Desktop/PDS/back1/cnn_usb_copy/prj_pds/generate_bitstream/hdmi_loop.sbit
[Debug] [2026-4-23 19:11:14] begin to get device info from CFG file...
[Debug] [2026-4-23 19:11:14] end to get device info from CFG file...
[Debug] [2026-4-23 19:11:14] Begin to update graphic item and tree item ...
[Debug] [2026-4-23 19:11:14] End to update graphic item and tree item ...
[Debug] [2026-4-23 19:11:14] Begin to update graphic item and tree item ...
[Debug] [2026-4-23 19:11:14] End to update graphic item and tree item ...
[Debug] [2026-4-23 19:11:14] End to deal wiht chain from server.
[Debug] [2026-4-23 19:11:14] end the exec of open cable cmd.
[Debug] [2026-4-23 19:11:14] COMMAND[Open config cable] execute successfully, takes 3.0 secs.
[Debug] [2026-4-23 19:11:14] Log::Print : COMMAND[Open config cable] execute successfully, takes 3.0 secs.
[Debug] [2026-4-23 19:11:15] Begin to send programming cmd...
[Debug] [2026-4-23 19:11:15] Send RPC:4
[Debug] [2026-4-23 19:11:15] Begin to send program data.
[Debug] [2026-4-23 19:11:15] End to send program data.
[Debug] [2026-4-23 19:11:15] Send cmd [Program:20002] OK
[Debug] [2026-4-23 19:11:16] The value of Progress is 6
[Debug] [2026-4-23 19:11:16] The value of Progress is 10
[Debug] [2026-4-23 19:11:16] The value of Progress is 15
[Debug] [2026-4-23 19:11:17] The value of Progress is 20
[Debug] [2026-4-23 19:11:17] The value of Progress is 25
[Debug] [2026-4-23 19:11:18] The value of Progress is 30
[Debug] [2026-4-23 19:11:18] The value of Progress is 35
[Debug] [2026-4-23 19:11:18] The value of Progress is 40
[Debug] [2026-4-23 19:11:19] The value of Progress is 45
[Debug] [2026-4-23 19:11:19] The value of Progress is 50
[Debug] [2026-4-23 19:11:20] The value of Progress is 55
[Debug] [2026-4-23 19:11:20] The value of Progress is 60
[Debug] [2026-4-23 19:11:20] The value of Progress is 65
[Debug] [2026-4-23 19:11:21] The value of Progress is 70
[Debug] [2026-4-23 19:11:21] The value of Progress is 75
[Debug] [2026-4-23 19:11:21] The value of Progress is 80
[Debug] [2026-4-23 19:11:22] The value of Progress is 85
[Debug] [2026-4-23 19:11:22] The value of Progress is 90
[Debug] [2026-4-23 19:11:23] The value of Progress is 95
[Debug] [2026-4-23 19:11:23] The value of Progress is 100
[Debug] [2026-4-23 19:11:23] COMMAND[Program] execute successfully, takes 8.4 secs.
[Debug] [2026-4-23 19:11:23] End to send programming cmd.
[Debug] [2026-4-23 19:11:23] Log::Print : The done bit is 1
[Debug] [2026-4-23 19:11:23] Log::Print : COMMAND[Program] execute successfully, takes 8.4 secs.
[Debug] [2026-4-23 19:11:28] Begin to send programming cmd...
[Debug] [2026-4-23 19:11:28] Send RPC:5
[Debug] [2026-4-23 19:11:28] Begin to send program data.
[Debug] [2026-4-23 19:11:28] End to send program data.
[Debug] [2026-4-23 19:11:28] Send cmd [Program:20002] OK
[Debug] [2026-4-23 19:11:29] The value of Progress is 6
[Debug] [2026-4-23 19:11:29] The value of Progress is 10
[Debug] [2026-4-23 19:11:30] The value of Progress is 15
[Debug] [2026-4-23 19:11:30] The value of Progress is 20
[Debug] [2026-4-23 19:11:30] The value of Progress is 25
[Debug] [2026-4-23 19:11:31] The value of Progress is 30
[Debug] [2026-4-23 19:11:31] The value of Progress is 35
[Debug] [2026-4-23 19:11:31] The value of Progress is 40
[Debug] [2026-4-23 19:11:32] The value of Progress is 45
[Debug] [2026-4-23 19:11:32] The value of Progress is 50
[Debug] [2026-4-23 19:11:33] The value of Progress is 55
[Debug] [2026-4-23 19:11:33] The value of Progress is 60
[Debug] [2026-4-23 19:11:33] The value of Progress is 65
[Debug] [2026-4-23 19:11:34] The value of Progress is 70
[Debug] [2026-4-23 19:11:34] The value of Progress is 75
[Debug] [2026-4-23 19:11:35] The value of Progress is 80
[Debug] [2026-4-23 19:11:35] The value of Progress is 85
[Debug] [2026-4-23 19:11:35] The value of Progress is 90
[Debug] [2026-4-23 19:11:36] The value of Progress is 95
[Debug] [2026-4-23 19:11:36] The value of Progress is 100
[Debug] [2026-4-23 19:11:36] COMMAND[Program] execute successfully, takes 8.3 secs.
[Debug] [2026-4-23 19:11:36] End to send programming cmd.
[Debug] [2026-4-23 19:11:36] Log::Print : The done bit is 1
[Debug] [2026-4-23 19:11:36] Log::Print : COMMAND[Program] execute successfully, takes 8.3 secs.
[Debug] [2026-4-23 19:40:41] Begin to send programming cmd...
[Debug] [2026-4-23 19:40:41] Send RPC:6
[Debug] [2026-4-23 19:40:41] Begin to send program data.
[Debug] [2026-4-23 19:40:41] End to send program data.
[Debug] [2026-4-23 19:40:41] Send cmd [Program:20002] OK
[Debug] [2026-4-23 19:40:43] The value of Progress is 6
[Debug] [2026-4-23 19:40:43] The value of Progress is 10
[Debug] [2026-4-23 19:40:43] The value of Progress is 15
[Debug] [2026-4-23 19:40:44] The value of Progress is 20
[Debug] [2026-4-23 19:40:44] The value of Progress is 25
[Debug] [2026-4-23 19:40:45] The value of Progress is 30
[Debug] [2026-4-23 19:40:45] The value of Progress is 35
[Debug] [2026-4-23 19:40:45] The value of Progress is 40
[Debug] [2026-4-23 19:40:46] The value of Progress is 45
[Debug] [2026-4-23 19:40:46] The value of Progress is 50
[Debug] [2026-4-23 19:40:46] The value of Progress is 55
[Debug] [2026-4-23 19:40:47] The value of Progress is 60
[Debug] [2026-4-23 19:40:47] The value of Progress is 65
[Debug] [2026-4-23 19:40:48] The value of Progress is 70
[Debug] [2026-4-23 19:40:48] The value of Progress is 75
[Debug] [2026-4-23 19:40:48] The value of Progress is 80
[Debug] [2026-4-23 19:40:49] The value of Progress is 85
[Debug] [2026-4-23 19:40:49] The value of Progress is 90
[Debug] [2026-4-23 19:40:50] The value of Progress is 95
[Debug] [2026-4-23 19:40:50] The value of Progress is 100
[Debug] [2026-4-23 19:40:50] COMMAND[Program] execute successfully, takes 9.4 secs.
[Debug] [2026-4-23 19:40:50] End to send programming cmd.
[Debug] [2026-4-23 19:40:50] Log::Print : The done bit is 1
[Debug] [2026-4-23 19:40:50] Log::Print : COMMAND[Program] execute successfully, takes 9.4 secs.
[Debug] [2026-4-23 19:40:58] Begin to send programming cmd...
[Debug] [2026-4-23 19:40:58] Send RPC:7
[Debug] [2026-4-23 19:40:58] Begin to send program data.
[Debug] [2026-4-23 19:40:58] End to send program data.
[Debug] [2026-4-23 19:40:58] Send cmd [Program:20002] OK
[Debug] [2026-4-23 19:40:59] The value of Progress is 6
[Debug] [2026-4-23 19:40:59] The value of Progress is 10
[Debug] [2026-4-23 19:41:00] The value of Progress is 15
[Debug] [2026-4-23 19:41:00] The value of Progress is 20
[Debug] [2026-4-23 19:41:01] The value of Progress is 25
[Debug] [2026-4-23 19:41:01] The value of Progress is 30
[Debug] [2026-4-23 19:41:01] The value of Progress is 35
[Debug] [2026-4-23 19:41:02] The value of Progress is 40
[Debug] [2026-4-23 19:41:02] The value of Progress is 45
[Debug] [2026-4-23 19:41:02] The value of Progress is 50
[Debug] [2026-4-23 19:41:03] The value of Progress is 55
[Debug] [2026-4-23 19:41:03] The value of Progress is 60
[Debug] [2026-4-23 19:41:04] The value of Progress is 65
[Debug] [2026-4-23 19:41:04] The value of Progress is 70
[Debug] [2026-4-23 19:41:04] The value of Progress is 75
[Debug] [2026-4-23 19:41:05] The value of Progress is 80
[Debug] [2026-4-23 19:41:05] The value of Progress is 85
[Debug] [2026-4-23 19:41:05] The value of Progress is 90
[Debug] [2026-4-23 19:41:06] The value of Progress is 95
[Debug] [2026-4-23 19:41:06] The value of Progress is 100
[Debug] [2026-4-23 19:41:06] COMMAND[Program] execute successfully, takes 8.4 secs.
[Debug] [2026-4-23 19:41:06] End to send programming cmd.
[Debug] [2026-4-23 19:41:06] Log::Print : The done bit is 1
[Debug] [2026-4-23 19:41:07] Log::Print : COMMAND[Program] execute successfully, takes 8.4 secs.
[Debug] [2026-4-23 19:41:10] Begin to send programming cmd...
[Debug] [2026-4-23 19:41:10] Send RPC:8
[Debug] [2026-4-23 19:41:10] Begin to send program data.
[Debug] [2026-4-23 19:41:10] End to send program data.
[Debug] [2026-4-23 19:41:10] Send cmd [Program:20002] OK
[Debug] [2026-4-23 19:41:11] The value of Progress is 6
[Debug] [2026-4-23 19:41:12] The value of Progress is 10
[Debug] [2026-4-23 19:41:12] The value of Progress is 15
[Debug] [2026-4-23 19:41:12] The value of Progress is 20
[Debug] [2026-4-23 19:41:13] The value of Progress is 25
[Debug] [2026-4-23 19:41:13] The value of Progress is 30
[Debug] [2026-4-23 19:41:14] The value of Progress is 35
[Debug] [2026-4-23 19:41:14] The value of Progress is 40
[Debug] [2026-4-23 19:41:14] The value of Progress is 45
[Debug] [2026-4-23 19:41:15] The value of Progress is 50
[Debug] [2026-4-23 19:41:15] The value of Progress is 55
[Debug] [2026-4-23 19:41:15] The value of Progress is 60
[Debug] [2026-4-23 19:41:16] The value of Progress is 65
[Debug] [2026-4-23 19:41:16] The value of Progress is 70
[Debug] [2026-4-23 19:41:17] The value of Progress is 75
[Debug] [2026-4-23 19:41:17] The value of Progress is 80
[Debug] [2026-4-23 19:41:17] The value of Progress is 85
[Debug] [2026-4-23 19:41:18] The value of Progress is 90
[Debug] [2026-4-23 19:41:18] The value of Progress is 95
[Debug] [2026-4-23 19:41:19] The value of Progress is 100
[Debug] [2026-4-23 19:41:19] COMMAND[Program] execute successfully, takes 8.3 secs.
[Debug] [2026-4-23 19:41:19] End to send programming cmd.
[Debug] [2026-4-23 19:41:19] Log::Print : The done bit is 1
[Debug] [2026-4-23 19:41:19] Log::Print : COMMAND[Program] execute successfully, takes 8.3 secs.
[Debug] [2026-4-23 20:07:16] Begin to send programming cmd...
[Debug] [2026-4-23 20:07:16] Send RPC:9
[Debug] [2026-4-23 20:07:16] Begin to send program data.
[Debug] [2026-4-23 20:07:16] End to send program data.
[Debug] [2026-4-23 20:07:16] Send cmd [Program:20002] OK
[Error] [2026-4-23 20:07:16] fail to exec Program cmd...
[Debug] [2026-4-23 20:07:16] End to send programming cmd.
[Error] [2026-4-23 20:07:16] MsgOut: JtagServer-0001: No PANGO USB CABLE II cable was found in system.
[Error] [2026-4-23 20:07:16] MsgOut: JtagServer-0306: No devices detected while scanning the JTAG chain, failed detecting JTAG device chain.
[Error] [2026-4-23 20:07:16] MsgOut: Configuration-0008: The command 'Program' execute fail.
[Debug] [2026-4-23 20:07:22] Begin to send programming cmd...
[Debug] [2026-4-23 20:07:22] Send RPC:10
[Debug] [2026-4-23 20:07:22] Begin to send program data.
[Debug] [2026-4-23 20:07:22] End to send program data.
[Debug] [2026-4-23 20:07:22] Send cmd [Program:20002] OK
[Debug] [2026-4-23 20:07:26] The value of Progress is 6
[Debug] [2026-4-23 20:07:27] The value of Progress is 10
[Debug] [2026-4-23 20:07:27] The value of Progress is 15
[Debug] [2026-4-23 20:07:27] The value of Progress is 20
[Debug] [2026-4-23 20:07:28] The value of Progress is 25
[Debug] [2026-4-23 20:07:28] The value of Progress is 30
[Debug] [2026-4-23 20:07:29] The value of Progress is 35
[Debug] [2026-4-23 20:07:29] The value of Progress is 40
[Debug] [2026-4-23 20:07:29] The value of Progress is 45
[Debug] [2026-4-23 20:07:30] The value of Progress is 50
[Debug] [2026-4-23 20:07:30] The value of Progress is 55
[Debug] [2026-4-23 20:07:31] The value of Progress is 60
[Debug] [2026-4-23 20:07:31] The value of Progress is 65
[Debug] [2026-4-23 20:07:31] The value of Progress is 70
[Debug] [2026-4-23 20:07:32] The value of Progress is 75
[Debug] [2026-4-23 20:07:32] The value of Progress is 80
[Debug] [2026-4-23 20:07:32] The value of Progress is 85
[Debug] [2026-4-23 20:07:33] The value of Progress is 90
[Debug] [2026-4-23 20:07:33] The value of Progress is 95
[Debug] [2026-4-23 20:07:34] The value of Progress is 100
[Debug] [2026-4-23 20:07:34] COMMAND[Program] execute successfully, takes 11.5 secs.
[Debug] [2026-4-23 20:07:34] End to send programming cmd.
[Debug] [2026-4-23 20:07:34] Log::Print : The done bit is 1
[Debug] [2026-4-23 20:07:34] Log::Print : COMMAND[Program] execute successfully, takes 11.5 secs.
[Debug] [2026-4-23 20:07:42] Begin to send programming cmd...
[Debug] [2026-4-23 20:07:42] Send RPC:11
[Debug] [2026-4-23 20:07:42] Begin to send program data.
[Debug] [2026-4-23 20:07:42] End to send program data.
[Debug] [2026-4-23 20:07:42] Send cmd [Program:20002] OK
[Debug] [2026-4-23 20:07:43] The value of Progress is 6
[Debug] [2026-4-23 20:07:43] The value of Progress is 10
[Debug] [2026-4-23 20:07:44] The value of Progress is 15
[Debug] [2026-4-23 20:07:44] The value of Progress is 20
[Debug] [2026-4-23 20:07:44] The value of Progress is 25
[Debug] [2026-4-23 20:07:45] The value of Progress is 30
[Debug] [2026-4-23 20:07:45] The value of Progress is 35
[Debug] [2026-4-23 20:07:46] The value of Progress is 40
[Debug] [2026-4-23 20:07:46] The value of Progress is 45
[Debug] [2026-4-23 20:07:46] The value of Progress is 50
[Debug] [2026-4-23 20:07:47] The value of Progress is 55
[Debug] [2026-4-23 20:07:47] The value of Progress is 60
[Debug] [2026-4-23 20:07:47] The value of Progress is 65
[Debug] [2026-4-23 20:07:48] The value of Progress is 70
[Debug] [2026-4-23 20:07:48] The value of Progress is 75
[Debug] [2026-4-23 20:07:49] The value of Progress is 80
[Debug] [2026-4-23 20:07:49] The value of Progress is 85
[Debug] [2026-4-23 20:07:49] The value of Progress is 90
[Debug] [2026-4-23 20:07:50] The value of Progress is 95
[Debug] [2026-4-23 20:07:50] The value of Progress is 100
[Debug] [2026-4-23 20:07:50] COMMAND[Program] execute successfully, takes 8.4 secs.
[Debug] [2026-4-23 20:07:50] End to send programming cmd.
[Debug] [2026-4-23 20:07:50] Log::Print : The done bit is 1
[Debug] [2026-4-23 20:07:50] Log::Print : COMMAND[Program] execute successfully, takes 8.4 secs.
[Debug] [2026-4-23 20:08:39] Begin to send programming cmd...
[Debug] [2026-4-23 20:08:39] Send RPC:12
[Debug] [2026-4-23 20:08:39] Begin to send program data.
[Debug] [2026-4-23 20:08:39] End to send program data.
[Debug] [2026-4-23 20:08:39] Send cmd [Program:20002] OK
[Debug] [2026-4-23 20:08:40] The value of Progress is 6
[Debug] [2026-4-23 20:08:40] The value of Progress is 10
[Debug] [2026-4-23 20:08:40] The value of Progress is 15
[Debug] [2026-4-23 20:08:41] The value of Progress is 20
[Debug] [2026-4-23 20:08:41] The value of Progress is 25
[Debug] [2026-4-23 20:08:42] The value of Progress is 30
[Debug] [2026-4-23 20:08:42] The value of Progress is 35
[Debug] [2026-4-23 20:08:42] The value of Progress is 40
[Debug] [2026-4-23 20:08:43] The value of Progress is 45
[Debug] [2026-4-23 20:08:43] The value of Progress is 50
[Debug] [2026-4-23 20:08:43] The value of Progress is 55
[Debug] [2026-4-23 20:08:44] The value of Progress is 60
[Debug] [2026-4-23 20:08:44] The value of Progress is 65
[Debug] [2026-4-23 20:08:45] The value of Progress is 70
[Debug] [2026-4-23 20:08:45] The value of Progress is 75
[Debug] [2026-4-23 20:08:45] The value of Progress is 80
[Debug] [2026-4-23 20:08:46] The value of Progress is 85
[Debug] [2026-4-23 20:08:46] The value of Progress is 90
[Debug] [2026-4-23 20:08:47] The value of Progress is 95
[Debug] [2026-4-23 20:08:47] The value of Progress is 100
[Debug] [2026-4-23 20:08:47] COMMAND[Program] execute successfully, takes 8.4 secs.
[Debug] [2026-4-23 20:08:47] End to send programming cmd.
[Debug] [2026-4-23 20:08:47] Log::Print : The done bit is 1
[Debug] [2026-4-23 20:08:47] Log::Print : COMMAND[Program] execute successfully, takes 8.4 secs.
[Debug] [2026-4-23 20:09:11] Begin to send programming cmd...
[Debug] [2026-4-23 20:09:11] Send RPC:13
[Debug] [2026-4-23 20:09:11] Begin to send program data.
[Debug] [2026-4-23 20:09:11] End to send program data.
[Debug] [2026-4-23 20:09:11] Send cmd [Program:20002] OK
[Debug] [2026-4-23 20:09:12] The value of Progress is 6
[Debug] [2026-4-23 20:09:12] The value of Progress is 10
[Debug] [2026-4-23 20:09:13] The value of Progress is 15
[Debug] [2026-4-23 20:09:13] The value of Progress is 20
[Debug] [2026-4-23 20:09:14] The value of Progress is 25
[Debug] [2026-4-23 20:09:14] The value of Progress is 30
[Debug] [2026-4-23 20:09:14] The value of Progress is 35
[Debug] [2026-4-23 20:09:15] The value of Progress is 40
[Debug] [2026-4-23 20:09:15] The value of Progress is 45
[Debug] [2026-4-23 20:09:15] The value of Progress is 50
[Debug] [2026-4-23 20:09:16] The value of Progress is 55
[Debug] [2026-4-23 20:09:16] The value of Progress is 60
[Debug] [2026-4-23 20:09:17] The value of Progress is 65
[Debug] [2026-4-23 20:09:17] The value of Progress is 70
[Debug] [2026-4-23 20:09:17] The value of Progress is 75
[Debug] [2026-4-23 20:09:18] The value of Progress is 80
[Debug] [2026-4-23 20:09:18] The value of Progress is 85
[Debug] [2026-4-23 20:09:19] The value of Progress is 90
[Debug] [2026-4-23 20:09:19] The value of Progress is 95
[Debug] [2026-4-23 20:09:19] The value of Progress is 100
[Debug] [2026-4-23 20:09:20] COMMAND[Program] execute successfully, takes 8.4 secs.
[Debug] [2026-4-23 20:09:20] End to send programming cmd.
[Debug] [2026-4-23 20:09:20] Log::Print : The done bit is 1
[Debug] [2026-4-23 20:09:20] Log::Print : COMMAND[Program] execute successfully, takes 8.4 secs.
[Debug] [2026-4-23 20:09:23] Begin to send programming cmd...
[Debug] [2026-4-23 20:09:23] Send RPC:14
[Debug] [2026-4-23 20:09:23] Begin to send program data.
[Debug] [2026-4-23 20:09:23] End to send program data.
[Debug] [2026-4-23 20:09:23] Send cmd [Program:20002] OK
[Debug] [2026-4-23 20:09:24] The value of Progress is 6
[Debug] [2026-4-23 20:09:25] The value of Progress is 10
[Debug] [2026-4-23 20:09:25] The value of Progress is 15
[Debug] [2026-4-23 20:09:25] The value of Progress is 20
[Debug] [2026-4-23 20:09:26] The value of Progress is 25
[Debug] [2026-4-23 20:09:26] The value of Progress is 30
[Debug] [2026-4-23 20:09:27] The value of Progress is 35
[Debug] [2026-4-23 20:09:27] The value of Progress is 40
[Debug] [2026-4-23 20:09:27] The value of Progress is 45
[Debug] [2026-4-23 20:09:28] The value of Progress is 50
[Debug] [2026-4-23 20:09:28] The value of Progress is 55
[Debug] [2026-4-23 20:09:29] The value of Progress is 60
[Debug] [2026-4-23 20:09:29] The value of Progress is 65
[Debug] [2026-4-23 20:09:29] The value of Progress is 70
[Debug] [2026-4-23 20:09:30] The value of Progress is 75
[Debug] [2026-4-23 20:09:30] The value of Progress is 80
[Debug] [2026-4-23 20:09:30] The value of Progress is 85
[Debug] [2026-4-23 20:09:31] The value of Progress is 90
[Debug] [2026-4-23 20:09:31] The value of Progress is 95
[Debug] [2026-4-23 20:09:32] The value of Progress is 100
[Debug] [2026-4-23 20:09:32] COMMAND[Program] execute successfully, takes 8.4 secs.
[Debug] [2026-4-23 20:09:32] End to send programming cmd.
[Debug] [2026-4-23 20:09:32] Log::Print : The done bit is 1
[Debug] [2026-4-23 20:09:32] Log::Print : COMMAND[Program] execute successfully, takes 8.4 secs.
[Debug] [2026-4-23 20:24:25] Begin to send initialize chain cmd...
[Debug] [2026-4-23 20:24:25] Send RPC:15
[Debug] [2026-4-23 20:24:25] Send cmd [Open config cable:20001] OK
[Debug] [2026-4-23 20:24:25] End to send initialize chain cmd.
[Debug] [2026-4-23 20:24:25] begin the exec of open cable cmd...
[Debug] [2026-4-23 20:24:25] Begin to deal with chain from server...
[Debug] [2026-4-23 20:24:25] Begin to set user chain...
[Debug] [2026-4-23 20:24:25] End to set user chain.
[Debug] [2026-4-23 20:24:25] Begin to update graphic item and tree item ...
[Debug] [2026-4-23 20:24:25] End to update graphic item and tree item ...
[Debug] [2026-4-23 20:24:25] Log::Print : PANGO USB CABLE II cable driver: D2XX DLL
[Debug] [2026-4-23 20:24:25] Log::Print : PG2L200H
[Debug] [2026-4-23 20:24:25] Log::Print : This device configure situation (done bit): 0
[Info] [2026-4-23 20:24:31] set OpenLastPath: C:/Users/Datou21/Desktop/PDS/back1/cnn_usb_copy/bit_files/newNet_newBox.sbit
[Debug] [2026-4-23 20:24:31] begin to get device info from CFG file...
[Debug] [2026-4-23 20:24:31] end to get device info from CFG file...
[Debug] [2026-4-23 20:24:31] Begin to update graphic item and tree item ...
[Debug] [2026-4-23 20:24:31] End to update graphic item and tree item ...
[Debug] [2026-4-23 20:24:31] Begin to update graphic item and tree item ...
[Debug] [2026-4-23 20:24:31] End to update graphic item and tree item ...
[Debug] [2026-4-23 20:24:31] End to deal wiht chain from server.
[Debug] [2026-4-23 20:24:31] end the exec of open cable cmd.
[Debug] [2026-4-23 20:24:31] COMMAND[Open config cable] execute successfully, takes 6.5 secs.
[Debug] [2026-4-23 20:24:31] Log::Print : COMMAND[Open config cable] execute successfully, takes 6.5 secs.
[Debug] [2026-4-23 20:24:42] Begin to send programming cmd...
[Debug] [2026-4-23 20:24:42] Send RPC:16
[Debug] [2026-4-23 20:24:42] Begin to send program data.
[Debug] [2026-4-23 20:24:42] End to send program data.
[Debug] [2026-4-23 20:24:42] Send cmd [Program:20002] OK
[Debug] [2026-4-23 20:24:43] The value of Progress is 6
[Debug] [2026-4-23 20:24:43] The value of Progress is 10
[Debug] [2026-4-23 20:24:44] The value of Progress is 15
[Debug] [2026-4-23 20:24:44] The value of Progress is 20
[Debug] [2026-4-23 20:24:45] The value of Progress is 25
[Debug] [2026-4-23 20:24:45] The value of Progress is 30
[Debug] [2026-4-23 20:24:45] The value of Progress is 35
[Debug] [2026-4-23 20:24:46] The value of Progress is 40
[Debug] [2026-4-23 20:24:46] The value of Progress is 45
[Debug] [2026-4-23 20:24:46] The value of Progress is 50
[Debug] [2026-4-23 20:24:47] The value of Progress is 55
[Debug] [2026-4-23 20:24:47] The value of Progress is 60
[Debug] [2026-4-23 20:24:48] The value of Progress is 65
[Debug] [2026-4-23 20:24:48] The value of Progress is 70
[Debug] [2026-4-23 20:24:48] The value of Progress is 75
[Debug] [2026-4-23 20:24:49] The value of Progress is 80
[Debug] [2026-4-23 20:24:49] The value of Progress is 85
[Debug] [2026-4-23 20:24:50] The value of Progress is 90
[Debug] [2026-4-23 20:24:50] The value of Progress is 95
[Debug] [2026-4-23 20:24:50] The value of Progress is 100
[Debug] [2026-4-23 20:24:51] COMMAND[Program] execute successfully, takes 8.5 secs.
[Debug] [2026-4-23 20:24:51] End to send programming cmd.
[Debug] [2026-4-23 20:24:51] Log::Print : The done bit is 1
[Debug] [2026-4-23 20:24:51] Log::Print : COMMAND[Program] execute successfully, takes 8.5 secs.
[Debug] [2026-4-23 20:24:56] Begin to send programming cmd...
[Debug] [2026-4-23 20:24:56] Send RPC:17
[Debug] [2026-4-23 20:24:56] Begin to send program data.
[Debug] [2026-4-23 20:24:56] End to send program data.
[Debug] [2026-4-23 20:24:56] Send cmd [Program:20002] OK
[Debug] [2026-4-23 20:24:57] The value of Progress is 6
[Debug] [2026-4-23 20:24:57] The value of Progress is 10
[Debug] [2026-4-23 20:24:58] The value of Progress is 15
[Debug] [2026-4-23 20:24:58] The value of Progress is 20
[Debug] [2026-4-23 20:24:59] The value of Progress is 25
[Debug] [2026-4-23 20:24:59] The value of Progress is 30
[Debug] [2026-4-23 20:24:59] The value of Progress is 35
[Debug] [2026-4-23 20:25:00] The value of Progress is 40
[Debug] [2026-4-23 20:25:00] The value of Progress is 45
[Debug] [2026-4-23 20:25:00] The value of Progress is 50
[Debug] [2026-4-23 20:25:01] The value of Progress is 55
[Debug] [2026-4-23 20:25:01] The value of Progress is 60
[Debug] [2026-4-23 20:25:02] The value of Progress is 65
[Debug] [2026-4-23 20:25:02] The value of Progress is 70
[Debug] [2026-4-23 20:25:02] The value of Progress is 75
[Debug] [2026-4-23 20:25:03] The value of Progress is 80
[Debug] [2026-4-23 20:25:03] The value of Progress is 85
[Debug] [2026-4-23 20:25:03] The value of Progress is 90
[Debug] [2026-4-23 20:25:04] The value of Progress is 95
[Debug] [2026-4-23 20:25:04] The value of Progress is 100
[Debug] [2026-4-23 20:25:05] COMMAND[Program] execute successfully, takes 8.4 secs.
[Debug] [2026-4-23 20:25:05] End to send programming cmd.
[Debug] [2026-4-23 20:25:05] Log::Print : The done bit is 1
[Debug] [2026-4-23 20:25:05] Log::Print : COMMAND[Program] execute successfully, takes 8.4 secs.
[Debug] [2026-4-23 20:40:06] Begin to send programming cmd...
[Debug] [2026-4-23 20:40:06] Send RPC:18
[Debug] [2026-4-23 20:40:06] Begin to send program data.
[Debug] [2026-4-23 20:40:06] End to send program data.
[Debug] [2026-4-23 20:40:06] Send cmd [Program:20002] OK
[Debug] [2026-4-23 20:40:07] The value of Progress is 6
[Debug] [2026-4-23 20:40:07] The value of Progress is 10
[Debug] [2026-4-23 20:40:07] Begin to send abort process cmd.
[Debug] [2026-4-23 20:40:07] Begin to flush aborting cmd. 
[Debug] [2026-4-23 20:40:07] End to flush aborting cmd. 
[Debug] [2026-4-23 20:40:07] End to send abort process cmd.
[Debug] [2026-4-23 20:40:07] End to send programming cmd.
[Error] [2026-4-23 20:40:07] MsgOut: Configuration-0005: Try to abort Programming.
[Debug] [2026-4-23 20:40:07] COMMAND[Program] execute successfully, takes 1.7 secs.
[Debug] [2026-4-23 20:40:07] Log::Print : The done bit is 0
[Debug] [2026-4-23 20:40:07] Log::Print : COMMAND[Program] execute successfully, takes 1.7 secs.
[Debug] [2026-4-23 20:40:08] Begin to send initialize chain cmd...
[Debug] [2026-4-23 20:40:08] Send RPC:19
[Debug] [2026-4-23 20:40:08] Send cmd [Open config cable:20001] OK
[Debug] [2026-4-23 20:40:08] End to send initialize chain cmd.
[Debug] [2026-4-23 20:40:09] begin the exec of open cable cmd...
[Debug] [2026-4-23 20:40:09] Begin to deal with chain from server...
[Debug] [2026-4-23 20:40:09] Begin to set user chain...
[Debug] [2026-4-23 20:40:09] End to set user chain.
[Debug] [2026-4-23 20:40:09] Begin to update graphic item and tree item ...
[Debug] [2026-4-23 20:40:09] End to update graphic item and tree item ...
[Debug] [2026-4-23 20:40:09] Log::Print : PANGO USB CABLE II cable driver: D2XX DLL
[Debug] [2026-4-23 20:40:09] Log::Print : PG2L200H
[Debug] [2026-4-23 20:40:09] Log::Print : This device configure situation (done bit): 0
[Info] [2026-4-23 20:40:15] set OpenLastPath: C:/Users/Datou21/Desktop/PDS/back1/cnn_usb_copy/prj_pds/generate_bitstream/hdmi_loop.sbit
[Debug] [2026-4-23 20:40:15] begin to get device info from CFG file...
[Debug] [2026-4-23 20:40:15] end to get device info from CFG file...
[Debug] [2026-4-23 20:40:15] Begin to update graphic item and tree item ...
[Debug] [2026-4-23 20:40:15] End to update graphic item and tree item ...
[Debug] [2026-4-23 20:40:15] Begin to update graphic item and tree item ...
[Debug] [2026-4-23 20:40:15] End to update graphic item and tree item ...
[Debug] [2026-4-23 20:40:15] End to deal wiht chain from server.
[Debug] [2026-4-23 20:40:15] end the exec of open cable cmd.
[Debug] [2026-4-23 20:40:15] COMMAND[Open config cable] execute successfully, takes 7.4 secs.
[Debug] [2026-4-23 20:40:15] Log::Print : COMMAND[Open config cable] execute successfully, takes 7.4 secs.
[Debug] [2026-4-23 20:40:16] Begin to send programming cmd...
[Debug] [2026-4-23 20:40:16] Send RPC:20
[Debug] [2026-4-23 20:40:16] Begin to send program data.
[Debug] [2026-4-23 20:40:16] End to send program data.
[Debug] [2026-4-23 20:40:16] Send cmd [Program:20002] OK
[Debug] [2026-4-23 20:40:17] The value of Progress is 6
[Debug] [2026-4-23 20:40:17] The value of Progress is 10
[Debug] [2026-4-23 20:40:18] The value of Progress is 15
[Debug] [2026-4-23 20:40:18] The value of Progress is 20
[Debug] [2026-4-23 20:40:18] The value of Progress is 25
[Debug] [2026-4-23 20:40:19] The value of Progress is 30
[Debug] [2026-4-23 20:40:19] The value of Progress is 35
[Debug] [2026-4-23 20:40:20] The value of Progress is 40
[Debug] [2026-4-23 20:40:20] The value of Progress is 45
[Debug] [2026-4-23 20:40:20] The value of Progress is 50
[Debug] [2026-4-23 20:40:21] The value of Progress is 55
[Debug] [2026-4-23 20:40:21] The value of Progress is 60
[Debug] [2026-4-23 20:40:21] The value of Progress is 65
[Debug] [2026-4-23 20:40:22] The value of Progress is 70
[Debug] [2026-4-23 20:40:22] The value of Progress is 75
[Debug] [2026-4-23 20:40:23] The value of Progress is 80
[Debug] [2026-4-23 20:40:23] The value of Progress is 85
[Debug] [2026-4-23 20:40:23] The value of Progress is 90
[Debug] [2026-4-23 20:40:24] The value of Progress is 95
[Debug] [2026-4-23 20:40:24] The value of Progress is 100
[Debug] [2026-4-23 20:40:24] COMMAND[Program] execute successfully, takes 8.3 secs.
[Debug] [2026-4-23 20:40:24] End to send programming cmd.
[Debug] [2026-4-23 20:40:24] Log::Print : The done bit is 1
[Debug] [2026-4-23 20:40:24] Log::Print : COMMAND[Program] execute successfully, takes 8.3 secs.
[Debug] [2026-4-23 20:40:29] Begin to send programming cmd...
[Debug] [2026-4-23 20:40:29] Send RPC:21
[Debug] [2026-4-23 20:40:29] Begin to send program data.
[Debug] [2026-4-23 20:40:29] End to send program data.
[Debug] [2026-4-23 20:40:29] Send cmd [Program:20002] OK
[Debug] [2026-4-23 20:40:30] The value of Progress is 6
[Debug] [2026-4-23 20:40:30] The value of Progress is 10
[Debug] [2026-4-23 20:40:31] The value of Progress is 15
[Debug] [2026-4-23 20:40:31] The value of Progress is 20
[Debug] [2026-4-23 20:40:32] The value of Progress is 25
[Debug] [2026-4-23 20:40:32] The value of Progress is 30
[Debug] [2026-4-23 20:40:32] The value of Progress is 35
[Debug] [2026-4-23 20:40:33] The value of Progress is 40
[Debug] [2026-4-23 20:40:33] The value of Progress is 45
[Debug] [2026-4-23 20:40:33] The value of Progress is 50
[Debug] [2026-4-23 20:40:34] The value of Progress is 55
[Debug] [2026-4-23 20:40:34] The value of Progress is 60
[Debug] [2026-4-23 20:40:35] The value of Progress is 65
[Debug] [2026-4-23 20:40:35] The value of Progress is 70
[Debug] [2026-4-23 20:40:35] The value of Progress is 75
[Debug] [2026-4-23 20:40:36] The value of Progress is 80
[Debug] [2026-4-23 20:40:36] The value of Progress is 85
[Debug] [2026-4-23 20:40:37] The value of Progress is 90
[Debug] [2026-4-23 20:40:37] The value of Progress is 95
[Debug] [2026-4-23 20:40:37] The value of Progress is 100
[Debug] [2026-4-23 20:40:37] COMMAND[Program] execute successfully, takes 8.3 secs.
[Debug] [2026-4-23 20:40:37] End to send programming cmd.
[Debug] [2026-4-23 20:40:37] Log::Print : The done bit is 1
[Debug] [2026-4-23 20:40:37] Log::Print : COMMAND[Program] execute successfully, takes 8.3 secs.
[Debug] [2026-4-23 20:41:16] Begin to send programming cmd...
[Debug] [2026-4-23 20:41:16] Send RPC:22
[Debug] [2026-4-23 20:41:16] Begin to send program data.
[Debug] [2026-4-23 20:41:16] End to send program data.
[Debug] [2026-4-23 20:41:16] Send cmd [Program:20002] OK
[Debug] [2026-4-23 20:41:17] The value of Progress is 6
[Debug] [2026-4-23 20:41:17] The value of Progress is 10
[Debug] [2026-4-23 20:41:17] The value of Progress is 15
[Debug] [2026-4-23 20:41:18] The value of Progress is 20
[Debug] [2026-4-23 20:41:18] The value of Progress is 25
[Debug] [2026-4-23 20:41:19] The value of Progress is 30
[Debug] [2026-4-23 20:41:19] The value of Progress is 35
[Debug] [2026-4-23 20:41:19] The value of Progress is 40
[Debug] [2026-4-23 20:41:20] The value of Progress is 45
[Debug] [2026-4-23 20:41:20] The value of Progress is 50
[Debug] [2026-4-23 20:41:21] The value of Progress is 55
[Debug] [2026-4-23 20:41:21] The value of Progress is 60
[Debug] [2026-4-23 20:41:21] The value of Progress is 65
[Debug] [2026-4-23 20:41:22] The value of Progress is 70
[Debug] [2026-4-23 20:41:22] The value of Progress is 75
[Debug] [2026-4-23 20:41:22] The value of Progress is 80
[Debug] [2026-4-23 20:41:23] The value of Progress is 85
[Debug] [2026-4-23 20:41:23] The value of Progress is 90
[Debug] [2026-4-23 20:41:24] The value of Progress is 95
[Debug] [2026-4-23 20:41:24] The value of Progress is 100
[Debug] [2026-4-23 20:41:24] COMMAND[Program] execute successfully, takes 8.3 secs.
[Debug] [2026-4-23 20:41:24] End to send programming cmd.
[Debug] [2026-4-23 20:41:24] Log::Print : The done bit is 1
[Debug] [2026-4-23 20:41:24] Log::Print : COMMAND[Program] execute successfully, takes 8.3 secs.
[Debug] [2026-4-23 21:12:08] Begin to send programming cmd...
[Debug] [2026-4-23 21:12:08] Send RPC:23
[Debug] [2026-4-23 21:12:08] Begin to send program data.
[Debug] [2026-4-23 21:12:08] End to send program data.
[Debug] [2026-4-23 21:12:08] Send cmd [Program:20002] OK
[Debug] [2026-4-23 21:12:09] The value of Progress is 6
[Debug] [2026-4-23 21:12:10] The value of Progress is 10
[Debug] [2026-4-23 21:12:10] The value of Progress is 15
[Debug] [2026-4-23 21:12:10] The value of Progress is 20
[Debug] [2026-4-23 21:12:11] The value of Progress is 25
[Debug] [2026-4-23 21:12:11] The value of Progress is 30
[Debug] [2026-4-23 21:12:12] The value of Progress is 35
[Debug] [2026-4-23 21:12:12] The value of Progress is 40
[Debug] [2026-4-23 21:12:12] The value of Progress is 45
[Debug] [2026-4-23 21:12:13] The value of Progress is 50
[Debug] [2026-4-23 21:12:13] The value of Progress is 55
[Debug] [2026-4-23 21:12:13] The value of Progress is 60
[Debug] [2026-4-23 21:12:14] The value of Progress is 65
[Debug] [2026-4-23 21:12:14] The value of Progress is 70
[Debug] [2026-4-23 21:12:15] The value of Progress is 75
[Debug] [2026-4-23 21:12:15] The value of Progress is 80
[Debug] [2026-4-23 21:12:15] The value of Progress is 85
[Debug] [2026-4-23 21:12:16] The value of Progress is 90
[Debug] [2026-4-23 21:12:16] The value of Progress is 95
[Debug] [2026-4-23 21:12:17] The value of Progress is 100
[Debug] [2026-4-23 21:12:17] COMMAND[Program] execute successfully, takes 8.5 secs.
[Debug] [2026-4-23 21:12:17] End to send programming cmd.
[Debug] [2026-4-23 21:12:17] Log::Print : The done bit is 1
[Debug] [2026-4-23 21:12:17] Log::Print : COMMAND[Program] execute successfully, takes 8.5 secs.
[Debug] [2026-4-23 21:12:23] Begin to send programming cmd...
[Debug] [2026-4-23 21:12:23] Send RPC:24
[Debug] [2026-4-23 21:12:23] Begin to send program data.
[Debug] [2026-4-23 21:12:23] End to send program data.
[Debug] [2026-4-23 21:12:23] Send cmd [Program:20002] OK
[Debug] [2026-4-23 21:12:23] The value of Progress is 6
[Debug] [2026-4-23 21:12:24] The value of Progress is 10
[Debug] [2026-4-23 21:12:24] The value of Progress is 15
[Debug] [2026-4-23 21:12:25] The value of Progress is 20
[Debug] [2026-4-23 21:12:25] The value of Progress is 25
[Debug] [2026-4-23 21:12:25] The value of Progress is 30
[Debug] [2026-4-23 21:12:26] The value of Progress is 35
[Debug] [2026-4-23 21:12:26] The value of Progress is 40
[Debug] [2026-4-23 21:12:26] The value of Progress is 45
[Debug] [2026-4-23 21:12:27] The value of Progress is 50
[Debug] [2026-4-23 21:12:27] The value of Progress is 55
[Debug] [2026-4-23 21:12:28] The value of Progress is 60
[Debug] [2026-4-23 21:12:28] The value of Progress is 65
[Debug] [2026-4-23 21:12:28] The value of Progress is 70
[Debug] [2026-4-23 21:12:29] The value of Progress is 75
[Debug] [2026-4-23 21:12:29] The value of Progress is 80
[Debug] [2026-4-23 21:12:30] The value of Progress is 85
[Debug] [2026-4-23 21:12:30] The value of Progress is 90
[Debug] [2026-4-23 21:12:30] The value of Progress is 95
[Debug] [2026-4-23 21:12:31] The value of Progress is 100
[Debug] [2026-4-23 21:12:31] COMMAND[Program] execute successfully, takes 8.5 secs.
[Debug] [2026-4-23 21:12:31] End to send programming cmd.
[Debug] [2026-4-23 21:12:31] Log::Print : The done bit is 1
[Debug] [2026-4-23 21:12:31] Log::Print : COMMAND[Program] execute successfully, takes 8.5 secs.
[Debug] [2026-4-23 21:12:47] Begin to send programming cmd...
[Debug] [2026-4-23 21:12:47] Send RPC:25
[Debug] [2026-4-23 21:12:47] Begin to send program data.
[Debug] [2026-4-23 21:12:47] End to send program data.
[Debug] [2026-4-23 21:12:47] Send cmd [Program:20002] OK
[Debug] [2026-4-23 21:12:48] The value of Progress is 6
[Debug] [2026-4-23 21:12:49] The value of Progress is 10
[Debug] [2026-4-23 21:12:49] The value of Progress is 15
[Debug] [2026-4-23 21:12:49] The value of Progress is 20
[Debug] [2026-4-23 21:12:50] The value of Progress is 25
[Debug] [2026-4-23 21:12:50] The value of Progress is 30
[Debug] [2026-4-23 21:12:51] The value of Progress is 35
[Debug] [2026-4-23 21:12:51] The value of Progress is 40
[Debug] [2026-4-23 21:12:51] The value of Progress is 45
[Debug] [2026-4-23 21:12:52] The value of Progress is 50
[Debug] [2026-4-23 21:12:52] The value of Progress is 55
[Debug] [2026-4-23 21:12:52] The value of Progress is 60
[Debug] [2026-4-23 21:12:53] The value of Progress is 65
[Debug] [2026-4-23 21:12:53] The value of Progress is 70
[Debug] [2026-4-23 21:12:54] The value of Progress is 75
[Debug] [2026-4-23 21:12:54] The value of Progress is 80
[Debug] [2026-4-23 21:12:54] The value of Progress is 85
[Debug] [2026-4-23 21:12:55] The value of Progress is 90
[Debug] [2026-4-23 21:12:55] The value of Progress is 95
[Debug] [2026-4-23 21:12:56] The value of Progress is 100
[Debug] [2026-4-23 21:12:56] COMMAND[Program] execute successfully, takes 8.6 secs.
[Debug] [2026-4-23 21:12:56] End to send programming cmd.
[Debug] [2026-4-23 21:12:56] Log::Print : The done bit is 1
[Debug] [2026-4-23 21:12:56] Log::Print : COMMAND[Program] execute successfully, takes 8.6 secs.
[Debug] [2026-4-23 21:13:32] Begin to send programming cmd...
[Debug] [2026-4-23 21:13:32] Send RPC:26
[Debug] [2026-4-23 21:13:32] Begin to send program data.
[Debug] [2026-4-23 21:13:32] End to send program data.
[Debug] [2026-4-23 21:13:32] Send cmd [Program:20002] OK
[Debug] [2026-4-23 21:13:33] The value of Progress is 6
[Debug] [2026-4-23 21:13:34] The value of Progress is 10
[Debug] [2026-4-23 21:13:34] The value of Progress is 15
[Debug] [2026-4-23 21:13:34] The value of Progress is 20
[Debug] [2026-4-23 21:13:35] The value of Progress is 25
[Debug] [2026-4-23 21:13:35] The value of Progress is 30
[Debug] [2026-4-23 21:13:36] The value of Progress is 35
[Debug] [2026-4-23 21:13:36] The value of Progress is 40
[Debug] [2026-4-23 21:13:36] The value of Progress is 45
[Debug] [2026-4-23 21:13:37] The value of Progress is 50
[Debug] [2026-4-23 21:13:37] The value of Progress is 55
[Debug] [2026-4-23 21:13:37] The value of Progress is 60
[Debug] [2026-4-23 21:13:38] The value of Progress is 65
[Debug] [2026-4-23 21:13:38] The value of Progress is 70
[Debug] [2026-4-23 21:13:39] The value of Progress is 75
[Debug] [2026-4-23 21:13:39] The value of Progress is 80
[Debug] [2026-4-23 21:13:39] The value of Progress is 85
[Debug] [2026-4-23 21:13:40] The value of Progress is 90
[Debug] [2026-4-23 21:13:40] The value of Progress is 95
[Debug] [2026-4-23 21:13:40] The value of Progress is 100
[Debug] [2026-4-23 21:13:41] COMMAND[Program] execute successfully, takes 8.6 secs.
[Debug] [2026-4-23 21:13:41] End to send programming cmd.
[Debug] [2026-4-23 21:13:41] Log::Print : The done bit is 1
[Debug] [2026-4-23 21:13:41] Log::Print : COMMAND[Program] execute successfully, takes 8.6 secs.
[Info] [2026-4-23 21:18:08] /***************************End Configration***************************/
[Info] [2026-4-23 21:52:04] /***************************Start Configuration***************************/
[Info] [2026-4-23 21:52:04] Path: C:/pango/PDS_2022.2-SP6.4/bin
[Info] [2026-4-23 21:52:04] Version: 146967
[Info] [2026-4-23 21:52:05] Current Path: C:/Users/Datou21/Desktop/PDS/back1/cnn_usb_copy/prj_pds
[Info] [2026-4-23 21:52:05] PDS Dir Path: C:/Users/Datou21/Desktop/PDS/back1/cnn_usb_copy/prj_pds
[Info] [2026-4-23 21:52:07] Configuration is not connect with server. connect first then scan chain.
[Debug] [2026-4-23 21:52:07] Client Local host name:DESKTOP-VB8TKRO
[Debug] [2026-4-23 21:52:07] Client Local Address:2.0.0.1
[Debug] [2026-4-23 21:52:07] Client Local Address:210.77.26.220
[Debug] [2026-4-23 21:52:07] Client Local Address:192.168.44.1
[Debug] [2026-4-23 21:52:07] Client Local Address:192.168.176.1
[Debug] [2026-4-23 21:52:07] Server Address:127.0.0.1, Port:65420
[Debug] [2026-4-23 21:52:07] Log::Print : Connecting to server[127.0.0.1 : 65420].
[Info] [2026-4-23 21:52:07] Connect OK, Server: 127.0.0.1  Port: 65420
[Debug] [2026-4-23 21:52:07] Finish.
[Info] [2026-4-23 21:52:07] Connect server succeeded
[Debug] [2026-4-23 21:52:07] Send RPC:1
[Debug] [2026-4-23 21:52:07] Send cmd [check version information:40004] OK
[Debug] [2026-4-23 21:52:07] Log::Print : Connect to server[127.0.0.1 : 65420] successfully.
[Debug] [2026-4-23 21:52:08] Send RPC:2
[Debug] [2026-4-23 21:52:08] Send cmd [get_cable_paras:40010] OK
[Debug] [2026-4-23 21:52:08] Begin to send initialize chain cmd...
[Debug] [2026-4-23 21:52:08] Send RPC:3
[Debug] [2026-4-23 21:52:08] Send cmd [Open config cable:20001] OK
[Debug] [2026-4-23 21:52:08] End to send initialize chain cmd.
[Debug] [2026-4-23 21:52:08] COMMAND[check version information] execute successfully, takes 0.7 secs.
[Debug] [2026-4-23 21:52:08] Log::Print : COMMAND[check version information] execute successfully, takes 0.7 secs.
[Debug] [2026-4-23 21:52:09] COMMAND[get_cable_paras] execute successfully, takes 1.2 secs.
[Debug] [2026-4-23 21:52:09] Log::Print : The cable List : 
Cable index 0:USB Cable II/fffffffffffffffe 

[Debug] [2026-4-23 21:52:09] Log::Print : COMMAND[get_cable_paras] execute successfully, takes 1.2 secs.
[Debug] [2026-4-23 21:52:10] begin the exec of open cable cmd...
[Debug] [2026-4-23 21:52:10] Begin to deal with chain from server...
[Debug] [2026-4-23 21:52:10] Begin to set user chain...
[Debug] [2026-4-23 21:52:10] End to set user chain.
[Debug] [2026-4-23 21:52:10] Begin to update graphic item and tree item ...
[Debug] [2026-4-23 21:52:10] End to update graphic item and tree item ...
[Debug] [2026-4-23 21:52:10] Log::Print : PANGO USB CABLE II cable driver: D2XX DLL
[Debug] [2026-4-23 21:52:10] Log::Print : PG2L200H
[Debug] [2026-4-23 21:52:10] Log::Print : This device configure situation (done bit): 0
[Info] [2026-4-23 21:52:11] set OpenLastPath: C:/Users/Datou21/Desktop/PDS/back1/cnn_usb_copy/prj_pds/generate_bitstream/hdmi_loop.sbit
[Debug] [2026-4-23 21:52:11] begin to get device info from CFG file...
[Debug] [2026-4-23 21:52:11] end to get device info from CFG file...
[Debug] [2026-4-23 21:52:11] Begin to update graphic item and tree item ...
[Debug] [2026-4-23 21:52:11] End to update graphic item and tree item ...
[Debug] [2026-4-23 21:52:11] Begin to update graphic item and tree item ...
[Debug] [2026-4-23 21:52:11] End to update graphic item and tree item ...
[Debug] [2026-4-23 21:52:11] End to deal wiht chain from server.
[Debug] [2026-4-23 21:52:11] end the exec of open cable cmd.
[Debug] [2026-4-23 21:52:11] COMMAND[Open config cable] execute successfully, takes 3.4 secs.
[Debug] [2026-4-23 21:52:11] Log::Print : COMMAND[Open config cable] execute successfully, takes 3.4 secs.
[Debug] [2026-4-23 21:52:14] Begin to send programming cmd...
[Debug] [2026-4-23 21:52:14] Send RPC:4
[Debug] [2026-4-23 21:52:14] Begin to send program data.
[Debug] [2026-4-23 21:52:14] End to send program data.
[Debug] [2026-4-23 21:52:14] Send cmd [Program:20002] OK
[Debug] [2026-4-23 21:52:15] The value of Progress is 6
[Debug] [2026-4-23 21:52:15] The value of Progress is 10
[Debug] [2026-4-23 21:52:16] The value of Progress is 15
[Debug] [2026-4-23 21:52:16] The value of Progress is 20
[Debug] [2026-4-23 21:52:16] The value of Progress is 25
[Debug] [2026-4-23 21:52:17] The value of Progress is 30
[Debug] [2026-4-23 21:52:17] The value of Progress is 35
[Debug] [2026-4-23 21:52:18] The value of Progress is 40
[Debug] [2026-4-23 21:52:18] The value of Progress is 45
[Debug] [2026-4-23 21:52:18] The value of Progress is 50
[Debug] [2026-4-23 21:52:19] The value of Progress is 55
[Debug] [2026-4-23 21:52:19] The value of Progress is 60
[Debug] [2026-4-23 21:52:19] The value of Progress is 65
[Debug] [2026-4-23 21:52:20] The value of Progress is 70
[Debug] [2026-4-23 21:52:20] The value of Progress is 75
[Debug] [2026-4-23 21:52:21] The value of Progress is 80
[Debug] [2026-4-23 21:52:21] The value of Progress is 85
[Debug] [2026-4-23 21:52:21] The value of Progress is 90
[Debug] [2026-4-23 21:52:22] The value of Progress is 95
[Debug] [2026-4-23 21:52:22] The value of Progress is 100
[Debug] [2026-4-23 21:52:22] COMMAND[Program] execute successfully, takes 8.3 secs.
[Debug] [2026-4-23 21:52:22] End to send programming cmd.
[Debug] [2026-4-23 21:52:22] Log::Print : The done bit is 1
[Debug] [2026-4-23 21:52:22] Log::Print : COMMAND[Program] execute successfully, takes 8.3 secs.
[Debug] [2026-4-23 21:52:41] Begin to send programming cmd...
[Debug] [2026-4-23 21:52:41] Send RPC:5
[Debug] [2026-4-23 21:52:41] Begin to send program data.
[Debug] [2026-4-23 21:52:41] End to send program data.
[Debug] [2026-4-23 21:52:41] Send cmd [Program:20002] OK
[Debug] [2026-4-23 21:52:42] The value of Progress is 6
[Debug] [2026-4-23 21:52:43] The value of Progress is 10
[Debug] [2026-4-23 21:52:43] The value of Progress is 15
[Debug] [2026-4-23 21:52:43] The value of Progress is 20
[Debug] [2026-4-23 21:52:44] The value of Progress is 25
[Debug] [2026-4-23 21:52:44] The value of Progress is 30
[Debug] [2026-4-23 21:52:44] The value of Progress is 35
[Debug] [2026-4-23 21:52:45] The value of Progress is 40
[Debug] [2026-4-23 21:52:45] The value of Progress is 45
[Debug] [2026-4-23 21:52:46] The value of Progress is 50
[Debug] [2026-4-23 21:52:46] The value of Progress is 55
[Debug] [2026-4-23 21:52:46] The value of Progress is 60
[Debug] [2026-4-23 21:52:47] The value of Progress is 65
[Debug] [2026-4-23 21:52:47] The value of Progress is 70
[Debug] [2026-4-23 21:52:48] The value of Progress is 75
[Debug] [2026-4-23 21:52:48] The value of Progress is 80
[Debug] [2026-4-23 21:52:48] The value of Progress is 85
[Debug] [2026-4-23 21:52:49] The value of Progress is 90
[Debug] [2026-4-23 21:52:49] The value of Progress is 95
[Debug] [2026-4-23 21:52:49] The value of Progress is 100
[Debug] [2026-4-23 21:52:50] COMMAND[Program] execute successfully, takes 8.4 secs.
[Debug] [2026-4-23 21:52:50] End to send programming cmd.
[Debug] [2026-4-23 21:52:50] Log::Print : The done bit is 1
[Debug] [2026-4-23 21:52:50] Log::Print : COMMAND[Program] execute successfully, takes 8.4 secs.
[Debug] [2026-4-23 21:55:44] Begin to send programming cmd...
[Debug] [2026-4-23 21:55:44] Send RPC:6
[Debug] [2026-4-23 21:55:44] Begin to send program data.
[Debug] [2026-4-23 21:55:44] End to send program data.
[Debug] [2026-4-23 21:55:44] Send cmd [Program:20002] OK
[Debug] [2026-4-23 21:55:45] The value of Progress is 6
[Debug] [2026-4-23 21:55:45] The value of Progress is 10
[Debug] [2026-4-23 21:55:46] The value of Progress is 15
[Debug] [2026-4-23 21:55:46] The value of Progress is 20
[Debug] [2026-4-23 21:55:47] The value of Progress is 25
[Debug] [2026-4-23 21:55:47] The value of Progress is 30
[Debug] [2026-4-23 21:55:47] The value of Progress is 35
[Debug] [2026-4-23 21:55:48] The value of Progress is 40
[Debug] [2026-4-23 21:55:48] The value of Progress is 45
[Debug] [2026-4-23 21:55:48] The value of Progress is 50
[Debug] [2026-4-23 21:55:49] The value of Progress is 55
[Debug] [2026-4-23 21:55:49] The value of Progress is 60
[Debug] [2026-4-23 21:55:50] The value of Progress is 65
[Debug] [2026-4-23 21:55:50] The value of Progress is 70
[Debug] [2026-4-23 21:55:50] The value of Progress is 75
[Debug] [2026-4-23 21:55:51] The value of Progress is 80
[Debug] [2026-4-23 21:55:51] The value of Progress is 85
[Debug] [2026-4-23 21:55:52] The value of Progress is 90
[Debug] [2026-4-23 21:55:52] The value of Progress is 95
[Debug] [2026-4-23 21:55:52] The value of Progress is 100
[Debug] [2026-4-23 21:55:53] COMMAND[Program] execute successfully, takes 8.4 secs.
[Debug] [2026-4-23 21:55:53] End to send programming cmd.
[Debug] [2026-4-23 21:55:53] Log::Print : The done bit is 1
[Debug] [2026-4-23 21:55:53] Log::Print : COMMAND[Program] execute successfully, takes 8.4 secs.
[Debug] [2026-4-23 21:56:01] Begin to send programming cmd...
[Debug] [2026-4-23 21:56:01] Send RPC:7
[Debug] [2026-4-23 21:56:01] Begin to send program data.
[Debug] [2026-4-23 21:56:01] End to send program data.
[Debug] [2026-4-23 21:56:01] Send cmd [Program:20002] OK
[Debug] [2026-4-23 21:56:02] The value of Progress is 6
[Debug] [2026-4-23 21:56:02] The value of Progress is 10
[Debug] [2026-4-23 21:56:02] The value of Progress is 15
[Debug] [2026-4-23 21:56:03] The value of Progress is 20
[Debug] [2026-4-23 21:56:03] The value of Progress is 25
[Debug] [2026-4-23 21:56:04] The value of Progress is 30
[Debug] [2026-4-23 21:56:04] The value of Progress is 35
[Debug] [2026-4-23 21:56:04] The value of Progress is 40
[Debug] [2026-4-23 21:56:05] The value of Progress is 45
[Debug] [2026-4-23 21:56:05] The value of Progress is 50
[Debug] [2026-4-23 21:56:06] The value of Progress is 55
[Debug] [2026-4-23 21:56:06] The value of Progress is 60
[Debug] [2026-4-23 21:56:06] The value of Progress is 65
[Debug] [2026-4-23 21:56:07] The value of Progress is 70
[Debug] [2026-4-23 21:56:07] The value of Progress is 75
[Debug] [2026-4-23 21:56:07] The value of Progress is 80
[Debug] [2026-4-23 21:56:08] The value of Progress is 85
[Debug] [2026-4-23 21:56:08] The value of Progress is 90
[Debug] [2026-4-23 21:56:09] The value of Progress is 95
[Debug] [2026-4-23 21:56:09] The value of Progress is 100
[Debug] [2026-4-23 21:56:09] COMMAND[Program] execute successfully, takes 8.4 secs.
[Debug] [2026-4-23 21:56:09] End to send programming cmd.
[Debug] [2026-4-23 21:56:09] Log::Print : The done bit is 1
[Debug] [2026-4-23 21:56:09] Log::Print : COMMAND[Program] execute successfully, takes 8.4 secs.
[Debug] [2026-4-23 21:58:37] Begin to send programming cmd...
[Debug] [2026-4-23 21:58:37] Send RPC:8
[Debug] [2026-4-23 21:58:37] Begin to send program data.
[Debug] [2026-4-23 21:58:37] End to send program data.
[Debug] [2026-4-23 21:58:37] Send cmd [Program:20002] OK
[Debug] [2026-4-23 21:58:38] The value of Progress is 6
[Debug] [2026-4-23 21:58:39] The value of Progress is 10
[Debug] [2026-4-23 21:58:39] The value of Progress is 15
[Debug] [2026-4-23 21:58:39] The value of Progress is 20
[Debug] [2026-4-23 21:58:40] The value of Progress is 25
[Debug] [2026-4-23 21:58:40] The value of Progress is 30
[Debug] [2026-4-23 21:58:40] The value of Progress is 35
[Debug] [2026-4-23 21:58:41] The value of Progress is 40
[Debug] [2026-4-23 21:58:41] The value of Progress is 45
[Debug] [2026-4-23 21:58:42] The value of Progress is 50
[Debug] [2026-4-23 21:58:42] The value of Progress is 55
[Debug] [2026-4-23 21:58:42] The value of Progress is 60
[Debug] [2026-4-23 21:58:43] The value of Progress is 65
[Debug] [2026-4-23 21:58:43] The value of Progress is 70
[Debug] [2026-4-23 21:58:44] The value of Progress is 75
[Debug] [2026-4-23 21:58:44] The value of Progress is 80
[Debug] [2026-4-23 21:58:44] The value of Progress is 85
[Debug] [2026-4-23 21:58:45] The value of Progress is 90
[Debug] [2026-4-23 21:58:45] The value of Progress is 95
[Debug] [2026-4-23 21:58:45] The value of Progress is 100
[Debug] [2026-4-23 21:58:46] COMMAND[Program] execute successfully, takes 8.3 secs.
[Debug] [2026-4-23 21:58:46] End to send programming cmd.
[Debug] [2026-4-23 21:58:46] Log::Print : The done bit is 1
[Debug] [2026-4-23 21:58:46] Log::Print : COMMAND[Program] execute successfully, takes 8.3 secs.
[Debug] [2026-4-23 22:00:32] Begin to send verify cmd in BS mode...
[Debug] [2026-4-23 22:00:32] Begin to check mask file.
[Debug] [2026-4-23 22:00:32] End to check mask file.
[Debug] [2026-4-23 22:00:32] Send RPC:9
[Debug] [2026-4-23 22:00:32] Begin to send verify data.
[Debug] [2026-4-23 22:00:32] End to send verify data.
[Debug] [2026-4-23 22:00:32] Send cmd [Verify:20004] OK
[Debug] [2026-4-23 22:00:33] The value of Progress is 6
[Debug] [2026-4-23 22:00:33] Begin to send abort process cmd.
[Debug] [2026-4-23 22:00:33] Begin to flush aborting cmd. 
[Debug] [2026-4-23 22:00:33] End to flush aborting cmd. 
[Debug] [2026-4-23 22:00:33] End to send abort process cmd.
[Debug] [2026-4-23 22:00:33] End to send verify cmd in BS mode.
[Error] [2026-4-23 22:00:33] MsgOut: Configuration-0005: Try to abort Verifying.
[Error] [2026-4-23 22:00:34] fail to exec Verify cmd...
[Error] [2026-4-23 22:00:34] MsgOut: JtagServer-0320: Fail to read back bitstream.
[Error] [2026-4-23 22:00:34] MsgOut: JtagServer-0607: Fail to compare C:/Users/Datou21/Desktop/PDS/back1/cnn_usb_copy/prj_pds/generate_bitstream/hdmi_loop.sbit file with readback file.
[Warn] [2026-4-23 22:00:34] MsgOut: Configuration-4003: Configuration execute warning: Maybe the cable frequency is high or file error, decreasing frequency may avoid fail or check file. And check flash mode whether device supports.
[Error] [2026-4-23 22:00:34] MsgOut: Configuration-0008: The command 'Verify' execute fail.
[Debug] [2026-4-23 22:00:34] Begin to send programming cmd...
[Debug] [2026-4-23 22:00:34] Send RPC:10
[Debug] [2026-4-23 22:00:34] Begin to send program data.
[Debug] [2026-4-23 22:00:34] End to send program data.
[Debug] [2026-4-23 22:00:34] Send cmd [Program:20002] OK
[Debug] [2026-4-23 22:00:35] The value of Progress is 6
[Debug] [2026-4-23 22:00:36] The value of Progress is 10
[Debug] [2026-4-23 22:00:36] The value of Progress is 15
[Debug] [2026-4-23 22:00:36] The value of Progress is 20
[Debug] [2026-4-23 22:00:37] The value of Progress is 25
[Debug] [2026-4-23 22:00:37] The value of Progress is 30
[Debug] [2026-4-23 22:00:37] The value of Progress is 35
[Debug] [2026-4-23 22:00:38] The value of Progress is 40
[Debug] [2026-4-23 22:00:38] The value of Progress is 45
[Debug] [2026-4-23 22:00:39] The value of Progress is 50
[Debug] [2026-4-23 22:00:39] The value of Progress is 55
[Debug] [2026-4-23 22:00:39] The value of Progress is 60
[Debug] [2026-4-23 22:00:40] The value of Progress is 65
[Debug] [2026-4-23 22:00:40] The value of Progress is 70
[Debug] [2026-4-23 22:00:41] The value of Progress is 75
[Debug] [2026-4-23 22:00:41] The value of Progress is 80
[Debug] [2026-4-23 22:00:41] The value of Progress is 85
[Debug] [2026-4-23 22:00:42] The value of Progress is 90
[Debug] [2026-4-23 22:00:42] The value of Progress is 95
[Debug] [2026-4-23 22:00:42] The value of Progress is 100
[Debug] [2026-4-23 22:00:43] COMMAND[Program] execute successfully, takes 8.4 secs.
[Debug] [2026-4-23 22:00:43] End to send programming cmd.
[Debug] [2026-4-23 22:00:43] Log::Print : The done bit is 1
[Debug] [2026-4-23 22:00:43] Log::Print : COMMAND[Program] execute successfully, takes 8.4 secs.
[Debug] [2026-4-23 22:01:14] Begin to send programming cmd...
[Debug] [2026-4-23 22:01:14] Send RPC:11
[Debug] [2026-4-23 22:01:14] Begin to send program data.
[Debug] [2026-4-23 22:01:14] End to send program data.
[Debug] [2026-4-23 22:01:14] Send cmd [Program:20002] OK
[Debug] [2026-4-23 22:01:15] The value of Progress is 6
[Debug] [2026-4-23 22:01:16] The value of Progress is 10
[Debug] [2026-4-23 22:01:16] The value of Progress is 15
[Debug] [2026-4-23 22:01:16] The value of Progress is 20
[Debug] [2026-4-23 22:01:17] The value of Progress is 25
[Debug] [2026-4-23 22:01:17] The value of Progress is 30
[Debug] [2026-4-23 22:01:18] The value of Progress is 35
[Debug] [2026-4-23 22:01:18] The value of Progress is 40
[Debug] [2026-4-23 22:01:18] The value of Progress is 45
[Debug] [2026-4-23 22:01:19] The value of Progress is 50
[Debug] [2026-4-23 22:01:19] The value of Progress is 55
[Debug] [2026-4-23 22:01:19] The value of Progress is 60
[Debug] [2026-4-23 22:01:20] The value of Progress is 65
[Debug] [2026-4-23 22:01:20] The value of Progress is 70
[Debug] [2026-4-23 22:01:21] The value of Progress is 75
[Debug] [2026-4-23 22:01:21] The value of Progress is 80
[Debug] [2026-4-23 22:01:21] The value of Progress is 85
[Debug] [2026-4-23 22:01:22] The value of Progress is 90
[Debug] [2026-4-23 22:01:22] The value of Progress is 95
[Debug] [2026-4-23 22:01:23] The value of Progress is 100
[Debug] [2026-4-23 22:01:23] COMMAND[Program] execute successfully, takes 8.4 secs.
[Debug] [2026-4-23 22:01:23] End to send programming cmd.
[Debug] [2026-4-23 22:01:23] Log::Print : The done bit is 1
[Debug] [2026-4-23 22:01:23] Log::Print : COMMAND[Program] execute successfully, takes 8.4 secs.
[Info] [2026-4-23 22:05:14] /***************************End Configration***************************/
[Info] [2026-4-23 22:47:42] /***************************Start Configuration***************************/
[Info] [2026-4-23 22:47:42] Path: C:/pango/PDS_2022.2-SP6.4/bin
[Info] [2026-4-23 22:47:42] Version: 146967
[Info] [2026-4-23 22:47:43] Current Path: C:/Users/Datou21/Desktop/PDS/back1/cnn_usb_copy/prj_pds
[Info] [2026-4-23 22:47:43] PDS Dir Path: C:/Users/Datou21/Desktop/PDS/back1/cnn_usb_copy/prj_pds
[Info] [2026-4-23 22:47:45] Configuration is not connect with server. connect first then scan chain.
[Debug] [2026-4-23 22:47:45] Client Local host name:DESKTOP-VB8TKRO
[Debug] [2026-4-23 22:47:45] Client Local Address:2.0.0.1
[Debug] [2026-4-23 22:47:45] Client Local Address:210.77.26.220
[Debug] [2026-4-23 22:47:45] Client Local Address:192.168.44.1
[Debug] [2026-4-23 22:47:45] Client Local Address:192.168.176.1
[Debug] [2026-4-23 22:47:45] Server Address:127.0.0.1, Port:65420
[Debug] [2026-4-23 22:47:45] Log::Print : Connecting to server[127.0.0.1 : 65420].
[Info] [2026-4-23 22:47:46] Connect OK, Server: 127.0.0.1  Port: 65420
[Debug] [2026-4-23 22:47:46] Finish.
[Info] [2026-4-23 22:47:46] Connect server succeeded
[Debug] [2026-4-23 22:47:46] Send RPC:1
[Debug] [2026-4-23 22:47:46] Send cmd [check version information:40004] OK
[Debug] [2026-4-23 22:47:46] Log::Print : Connect to server[127.0.0.1 : 65420] successfully.
[Debug] [2026-4-23 22:47:46] Send RPC:2
[Debug] [2026-4-23 22:47:46] Send cmd [get_cable_paras:40010] OK
[Debug] [2026-4-23 22:47:46] Begin to send initialize chain cmd...
[Debug] [2026-4-23 22:47:46] Send RPC:3
[Debug] [2026-4-23 22:47:46] Send cmd [Open config cable:20001] OK
[Debug] [2026-4-23 22:47:46] End to send initialize chain cmd.
[Debug] [2026-4-23 22:47:46] COMMAND[check version information] execute successfully, takes 0.5 secs.
[Debug] [2026-4-23 22:47:46] Log::Print : COMMAND[check version information] execute successfully, takes 0.5 secs.
[Debug] [2026-4-23 22:47:47] COMMAND[get_cable_paras] execute successfully, takes 1.2 secs.
[Debug] [2026-4-23 22:47:47] Log::Print : The cable List : 
Cable index 0:USB Cable II/fffffffffffffffe 

[Debug] [2026-4-23 22:47:47] Log::Print : COMMAND[get_cable_paras] execute successfully, takes 1.2 secs.
[Debug] [2026-4-23 22:47:48] begin the exec of open cable cmd...
[Debug] [2026-4-23 22:47:48] Begin to deal with chain from server...
[Debug] [2026-4-23 22:47:48] Begin to set user chain...
[Debug] [2026-4-23 22:47:48] End to set user chain.
[Debug] [2026-4-23 22:47:48] Begin to update graphic item and tree item ...
[Debug] [2026-4-23 22:47:48] End to update graphic item and tree item ...
[Debug] [2026-4-23 22:47:48] Log::Print : PANGO USB CABLE II cable driver: D2XX DLL
[Debug] [2026-4-23 22:47:48] Log::Print : PG2L200H
[Debug] [2026-4-23 22:47:48] Log::Print : This device configure situation (done bit): 0
[Info] [2026-4-23 22:47:50] set OpenLastPath: C:/Users/Datou21/Desktop/PDS/back1/cnn_usb_copy/prj_pds/generate_bitstream/hdmi_loop.sbit
[Debug] [2026-4-23 22:47:50] begin to get device info from CFG file...
[Debug] [2026-4-23 22:47:50] end to get device info from CFG file...
[Debug] [2026-4-23 22:47:50] Begin to update graphic item and tree item ...
[Debug] [2026-4-23 22:47:50] End to update graphic item and tree item ...
[Debug] [2026-4-23 22:47:50] Begin to update graphic item and tree item ...
[Debug] [2026-4-23 22:47:50] End to update graphic item and tree item ...
[Debug] [2026-4-23 22:47:50] End to deal wiht chain from server.
[Debug] [2026-4-23 22:47:50] end the exec of open cable cmd.
[Debug] [2026-4-23 22:47:50] COMMAND[Open config cable] execute successfully, takes 4.1 secs.
[Debug] [2026-4-23 22:47:50] Log::Print : COMMAND[Open config cable] execute successfully, takes 4.1 secs.
[Debug] [2026-4-23 22:47:52] Begin to send programming cmd...
[Debug] [2026-4-23 22:47:52] Send RPC:4
[Debug] [2026-4-23 22:47:52] Begin to send program data.
[Debug] [2026-4-23 22:47:52] End to send program data.
[Debug] [2026-4-23 22:47:52] Send cmd [Program:20002] OK
[Debug] [2026-4-23 22:47:52] The value of Progress is 6
[Debug] [2026-4-23 22:47:53] The value of Progress is 10
[Debug] [2026-4-23 22:47:53] The value of Progress is 15
[Debug] [2026-4-23 22:47:54] The value of Progress is 20
[Debug] [2026-4-23 22:47:54] The value of Progress is 25
[Debug] [2026-4-23 22:47:54] The value of Progress is 30
[Debug] [2026-4-23 22:47:55] The value of Progress is 35
[Debug] [2026-4-23 22:47:55] The value of Progress is 40
[Debug] [2026-4-23 22:47:55] The value of Progress is 45
[Debug] [2026-4-23 22:47:56] The value of Progress is 50
[Debug] [2026-4-23 22:47:56] The value of Progress is 55
[Debug] [2026-4-23 22:47:57] The value of Progress is 60
[Debug] [2026-4-23 22:47:57] The value of Progress is 65
[Debug] [2026-4-23 22:47:57] The value of Progress is 70
[Debug] [2026-4-23 22:47:58] The value of Progress is 75
[Debug] [2026-4-23 22:47:58] The value of Progress is 80
[Debug] [2026-4-23 22:47:58] The value of Progress is 85
[Debug] [2026-4-23 22:47:59] The value of Progress is 90
[Debug] [2026-4-23 22:47:59] The value of Progress is 95
[Debug] [2026-4-23 22:48:00] The value of Progress is 100
[Debug] [2026-4-23 22:48:00] COMMAND[Program] execute successfully, takes 8.4 secs.
[Debug] [2026-4-23 22:48:00] End to send programming cmd.
[Debug] [2026-4-23 22:48:00] Log::Print : The done bit is 1
[Debug] [2026-4-23 22:48:00] Log::Print : COMMAND[Program] execute successfully, takes 8.4 secs.
[Debug] [2026-4-23 22:48:05] Begin to send programming cmd...
[Debug] [2026-4-23 22:48:05] Send RPC:5
[Debug] [2026-4-23 22:48:05] Begin to send program data.
[Debug] [2026-4-23 22:48:05] End to send program data.
[Debug] [2026-4-23 22:48:05] Send cmd [Program:20002] OK
[Debug] [2026-4-23 22:48:06] The value of Progress is 6
[Debug] [2026-4-23 22:48:06] The value of Progress is 10
[Debug] [2026-4-23 22:48:07] The value of Progress is 15
[Debug] [2026-4-23 22:48:07] The value of Progress is 20
[Debug] [2026-4-23 22:48:07] The value of Progress is 25
[Debug] [2026-4-23 22:48:08] The value of Progress is 30
[Debug] [2026-4-23 22:48:08] The value of Progress is 35
[Debug] [2026-4-23 22:48:09] The value of Progress is 40
[Debug] [2026-4-23 22:48:09] The value of Progress is 45
[Debug] [2026-4-23 22:48:09] The value of Progress is 50
[Debug] [2026-4-23 22:48:10] The value of Progress is 55
[Debug] [2026-4-23 22:48:10] The value of Progress is 60
[Debug] [2026-4-23 22:48:10] The value of Progress is 65
[Debug] [2026-4-23 22:48:11] The value of Progress is 70
[Debug] [2026-4-23 22:48:11] The value of Progress is 75
[Debug] [2026-4-23 22:48:12] The value of Progress is 80
[Debug] [2026-4-23 22:48:12] The value of Progress is 85
[Debug] [2026-4-23 22:48:12] The value of Progress is 90
[Debug] [2026-4-23 22:48:13] The value of Progress is 95
[Debug] [2026-4-23 22:48:13] The value of Progress is 100
[Debug] [2026-4-23 22:48:13] COMMAND[Program] execute successfully, takes 8.4 secs.
[Debug] [2026-4-23 22:48:13] End to send programming cmd.
[Debug] [2026-4-23 22:48:13] Log::Print : The done bit is 1
[Debug] [2026-4-23 22:48:13] Log::Print : COMMAND[Program] execute successfully, takes 8.4 secs.
[Debug] [2026-4-23 22:48:28] Begin to send programming cmd...
[Debug] [2026-4-23 22:48:28] Send RPC:6
[Debug] [2026-4-23 22:48:28] Begin to send program data.
[Debug] [2026-4-23 22:48:28] End to send program data.
[Debug] [2026-4-23 22:48:28] Send cmd [Program:20002] OK
[Debug] [2026-4-23 22:48:29] The value of Progress is 6
[Debug] [2026-4-23 22:48:30] The value of Progress is 10
[Debug] [2026-4-23 22:48:30] The value of Progress is 15
[Debug] [2026-4-23 22:48:30] The value of Progress is 20
[Debug] [2026-4-23 22:48:31] The value of Progress is 25
[Debug] [2026-4-23 22:48:31] The value of Progress is 30
[Debug] [2026-4-23 22:48:32] The value of Progress is 35
[Debug] [2026-4-23 22:48:32] The value of Progress is 40
[Debug] [2026-4-23 22:48:32] The value of Progress is 45
[Debug] [2026-4-23 22:48:33] The value of Progress is 50
[Debug] [2026-4-23 22:48:33] The value of Progress is 55
[Debug] [2026-4-23 22:48:33] The value of Progress is 60
[Debug] [2026-4-23 22:48:34] The value of Progress is 65
[Debug] [2026-4-23 22:48:34] The value of Progress is 70
[Debug] [2026-4-23 22:48:35] The value of Progress is 75
[Debug] [2026-4-23 22:48:35] The value of Progress is 80
[Debug] [2026-4-23 22:48:35] The value of Progress is 85
[Debug] [2026-4-23 22:48:36] The value of Progress is 90
[Debug] [2026-4-23 22:48:36] The value of Progress is 95
[Debug] [2026-4-23 22:48:36] The value of Progress is 100
[Debug] [2026-4-23 22:48:37] COMMAND[Program] execute successfully, takes 8.3 secs.
[Debug] [2026-4-23 22:48:37] End to send programming cmd.
[Debug] [2026-4-23 22:48:37] Log::Print : The done bit is 1
[Debug] [2026-4-23 22:48:37] Log::Print : COMMAND[Program] execute successfully, takes 8.3 secs.
[Info] [2026-4-23 22:50:56] /***************************End Configration***************************/
[Info] [2026-4-23 23:09:15] /***************************Start Configuration***************************/
[Info] [2026-4-23 23:09:15] Path: C:/pango/PDS_2022.2-SP6.4/bin
[Info] [2026-4-23 23:09:15] Version: 146967
[Info] [2026-4-23 23:09:16] Current Path: C:/Users/Datou21/Desktop/PDS/back1/cnn_usb_copy/prj_pds
[Info] [2026-4-23 23:09:16] PDS Dir Path: C:/Users/Datou21/Desktop/PDS/back1/cnn_usb_copy/prj_pds
[Info] [2026-4-23 23:09:17] Configuration is not connect with server. connect first then scan chain.
[Debug] [2026-4-23 23:09:18] Client Local host name:DESKTOP-VB8TKRO
[Debug] [2026-4-23 23:09:18] Client Local Address:2.0.0.1
[Debug] [2026-4-23 23:09:18] Client Local Address:210.77.26.220
[Debug] [2026-4-23 23:09:18] Client Local Address:192.168.44.1
[Debug] [2026-4-23 23:09:18] Client Local Address:192.168.176.1
[Debug] [2026-4-23 23:09:18] Server Address:127.0.0.1, Port:65420
[Debug] [2026-4-23 23:09:18] Log::Print : Connecting to server[127.0.0.1 : 65420].
[Info] [2026-4-23 23:09:18] Connect OK, Server: 127.0.0.1  Port: 65420
[Debug] [2026-4-23 23:09:18] Finish.
[Info] [2026-4-23 23:09:18] Connect server succeeded
[Debug] [2026-4-23 23:09:18] Send RPC:1
[Debug] [2026-4-23 23:09:18] Send cmd [check version information:40004] OK
[Debug] [2026-4-23 23:09:18] Log::Print : Connect to server[127.0.0.1 : 65420] successfully.
[Debug] [2026-4-23 23:09:20] Send RPC:2
[Debug] [2026-4-23 23:09:20] Send cmd [get_cable_paras:40010] OK
[Debug] [2026-4-23 23:09:20] Begin to send initialize chain cmd...
[Debug] [2026-4-23 23:09:20] Send RPC:3
[Debug] [2026-4-23 23:09:20] Send cmd [Open config cable:20001] OK
[Debug] [2026-4-23 23:09:20] End to send initialize chain cmd.
[Debug] [2026-4-23 23:09:20] COMMAND[check version information] execute successfully, takes 1.5 secs.
[Debug] [2026-4-23 23:09:20] Log::Print : COMMAND[check version information] execute successfully, takes 1.5 secs.
[Debug] [2026-4-23 23:09:21] COMMAND[get_cable_paras] execute successfully, takes 1.9 secs.
[Debug] [2026-4-23 23:09:21] Log::Print : The cable List : 
Cable index 0:USB Cable II/fffffffffffffffe 

[Debug] [2026-4-23 23:09:21] Log::Print : COMMAND[get_cable_paras] execute successfully, takes 1.9 secs.
[Debug] [2026-4-23 23:09:24] begin the exec of open cable cmd...
[Debug] [2026-4-23 23:09:24] Begin to deal with chain from server...
[Debug] [2026-4-23 23:09:24] Begin to set user chain...
[Debug] [2026-4-23 23:09:24] End to set user chain.
[Debug] [2026-4-23 23:09:24] Begin to update graphic item and tree item ...
[Debug] [2026-4-23 23:09:24] End to update graphic item and tree item ...
[Debug] [2026-4-23 23:09:24] Log::Print : PANGO USB CABLE II cable driver: D2XX DLL
[Debug] [2026-4-23 23:09:24] Log::Print : PG2L200H
[Debug] [2026-4-23 23:09:24] Log::Print : This device configure situation (done bit): 0
[Info] [2026-4-23 23:09:25] set OpenLastPath: C:/Users/Datou21/Desktop/PDS/back1/cnn_usb_copy/prj_pds/generate_bitstream/hdmi_loop.sbit
[Debug] [2026-4-23 23:09:25] begin to get device info from CFG file...
[Debug] [2026-4-23 23:09:25] end to get device info from CFG file...
[Debug] [2026-4-23 23:09:25] Begin to update graphic item and tree item ...
[Debug] [2026-4-23 23:09:25] End to update graphic item and tree item ...
[Debug] [2026-4-23 23:09:25] Begin to update graphic item and tree item ...
[Debug] [2026-4-23 23:09:25] End to update graphic item and tree item ...
[Debug] [2026-4-23 23:09:25] End to deal wiht chain from server.
[Debug] [2026-4-23 23:09:25] end the exec of open cable cmd.
[Debug] [2026-4-23 23:09:25] COMMAND[Open config cable] execute successfully, takes 5.9 secs.
[Debug] [2026-4-23 23:09:25] Log::Print : COMMAND[Open config cable] execute successfully, takes 5.9 secs.
[Debug] [2026-4-23 23:09:27] Begin to send programming cmd...
[Debug] [2026-4-23 23:09:27] Send RPC:4
[Debug] [2026-4-23 23:09:27] Begin to send program data.
[Debug] [2026-4-23 23:09:27] End to send program data.
[Debug] [2026-4-23 23:09:27] Send cmd [Program:20002] OK
[Debug] [2026-4-23 23:09:28] The value of Progress is 6
[Debug] [2026-4-23 23:09:29] The value of Progress is 10
[Debug] [2026-4-23 23:09:29] The value of Progress is 15
[Debug] [2026-4-23 23:09:29] The value of Progress is 20
[Debug] [2026-4-23 23:09:30] The value of Progress is 25
[Debug] [2026-4-23 23:09:30] The value of Progress is 30
[Debug] [2026-4-23 23:09:31] The value of Progress is 35
[Debug] [2026-4-23 23:09:31] The value of Progress is 40
[Debug] [2026-4-23 23:09:31] The value of Progress is 45
[Debug] [2026-4-23 23:09:32] The value of Progress is 50
[Debug] [2026-4-23 23:09:32] The value of Progress is 55
[Debug] [2026-4-23 23:09:32] The value of Progress is 60
[Debug] [2026-4-23 23:09:33] The value of Progress is 65
[Debug] [2026-4-23 23:09:33] The value of Progress is 70
[Debug] [2026-4-23 23:09:34] The value of Progress is 75
[Debug] [2026-4-23 23:09:34] The value of Progress is 80
[Debug] [2026-4-23 23:09:34] The value of Progress is 85
[Debug] [2026-4-23 23:09:35] The value of Progress is 90
[Debug] [2026-4-23 23:09:35] The value of Progress is 95
[Debug] [2026-4-23 23:09:36] The value of Progress is 100
[Debug] [2026-4-23 23:09:36] COMMAND[Program] execute successfully, takes 8.4 secs.
[Debug] [2026-4-23 23:09:36] End to send programming cmd.
[Debug] [2026-4-23 23:09:36] Log::Print : The done bit is 1
[Debug] [2026-4-23 23:09:36] Log::Print : COMMAND[Program] execute successfully, takes 8.4 secs.
[Debug] [2026-4-23 23:09:41] Begin to send programming cmd...
[Debug] [2026-4-23 23:09:41] Send RPC:5
[Debug] [2026-4-23 23:09:41] Begin to send program data.
[Debug] [2026-4-23 23:09:41] End to send program data.
[Debug] [2026-4-23 23:09:41] Send cmd [Program:20002] OK
[Debug] [2026-4-23 23:09:42] The value of Progress is 6
[Debug] [2026-4-23 23:09:42] The value of Progress is 10
[Debug] [2026-4-23 23:09:42] The value of Progress is 15
[Debug] [2026-4-23 23:09:43] The value of Progress is 20
[Debug] [2026-4-23 23:09:43] The value of Progress is 25
[Debug] [2026-4-23 23:09:43] The value of Progress is 30
[Debug] [2026-4-23 23:09:44] The value of Progress is 35
[Debug] [2026-4-23 23:09:44] The value of Progress is 40
[Debug] [2026-4-23 23:09:45] The value of Progress is 45
[Debug] [2026-4-23 23:09:45] The value of Progress is 50
[Debug] [2026-4-23 23:09:45] The value of Progress is 55
[Debug] [2026-4-23 23:09:46] The value of Progress is 60
[Debug] [2026-4-23 23:09:46] The value of Progress is 65
[Debug] [2026-4-23 23:09:46] The value of Progress is 70
[Debug] [2026-4-23 23:09:47] The value of Progress is 75
[Debug] [2026-4-23 23:09:47] The value of Progress is 80
[Debug] [2026-4-23 23:09:48] The value of Progress is 85
[Debug] [2026-4-23 23:09:48] The value of Progress is 90
[Debug] [2026-4-23 23:09:48] The value of Progress is 95
[Debug] [2026-4-23 23:09:49] The value of Progress is 100
[Debug] [2026-4-23 23:09:49] COMMAND[Program] execute successfully, takes 8.3 secs.
[Debug] [2026-4-23 23:09:49] End to send programming cmd.
[Debug] [2026-4-23 23:09:49] Log::Print : The done bit is 1
[Debug] [2026-4-23 23:09:49] Log::Print : COMMAND[Program] execute successfully, takes 8.3 secs.
[Info] [2026-4-23 23:12:50] /***************************End Configration***************************/
[Info] [2026-4-24 20:08:20] /***************************Start Configuration***************************/
[Info] [2026-4-24 20:08:20] Path: C:/pango/PDS_2022.2-SP6.4/bin
[Info] [2026-4-24 20:08:20] Version: 146967
[Info] [2026-4-24 20:08:21] Current Path: C:/Users/Datou21/Desktop/PDS/back1/cnn_usb_copy/prj_pds
[Info] [2026-4-24 20:08:21] PDS Dir Path: C:/Users/Datou21/Desktop/PDS/back1/cnn_usb_copy/prj_pds
[Info] [2026-4-24 20:08:22] Configuration is not connect with server. connect first then scan chain.
[Debug] [2026-4-24 20:08:22] Client Local host name:DESKTOP-VB8TKRO
[Debug] [2026-4-24 20:08:22] Client Local Address:2.0.0.1
[Debug] [2026-4-24 20:08:22] Client Local Address:210.77.26.220
[Debug] [2026-4-24 20:08:22] Client Local Address:192.168.44.1
[Debug] [2026-4-24 20:08:22] Client Local Address:192.168.176.1
[Debug] [2026-4-24 20:08:22] Server Address:127.0.0.1, Port:65420
[Debug] [2026-4-24 20:08:22] Log::Print : Connecting to server[127.0.0.1 : 65420].
[Info] [2026-4-24 20:08:23] Connect OK, Server: 127.0.0.1  Port: 65420
[Debug] [2026-4-24 20:08:23] Finish.
[Info] [2026-4-24 20:08:23] Connect server succeeded
[Debug] [2026-4-24 20:08:23] Send RPC:1
[Debug] [2026-4-24 20:08:23] Send cmd [check version information:40004] OK
[Debug] [2026-4-24 20:08:23] Log::Print : Connect to server[127.0.0.1 : 65420] successfully.
[Debug] [2026-4-24 20:08:24] Send RPC:2
[Debug] [2026-4-24 20:08:24] Send cmd [get_cable_paras:40010] OK
[Debug] [2026-4-24 20:08:24] Begin to send initialize chain cmd...
[Debug] [2026-4-24 20:08:24] Send RPC:3
[Debug] [2026-4-24 20:08:24] Send cmd [Open config cable:20001] OK
[Debug] [2026-4-24 20:08:24] End to send initialize chain cmd.
[Debug] [2026-4-24 20:08:24] COMMAND[check version information] execute successfully, takes 1.6 secs.
[Debug] [2026-4-24 20:08:24] Log::Print : COMMAND[check version information] execute successfully, takes 1.6 secs.
[Debug] [2026-4-24 20:08:26] COMMAND[get_cable_paras] execute successfully, takes 1.9 secs.
[Debug] [2026-4-24 20:08:26] Log::Print : The cable List : 
Cable index 0:USB Cable II/fffffffffffffffe 

[Debug] [2026-4-24 20:08:26] Log::Print : COMMAND[get_cable_paras] execute successfully, takes 1.9 secs.
[Debug] [2026-4-24 20:08:27] begin the exec of open cable cmd...
[Debug] [2026-4-24 20:08:27] Begin to deal with chain from server...
[Debug] [2026-4-24 20:08:27] Begin to set user chain...
[Debug] [2026-4-24 20:08:27] End to set user chain.
[Debug] [2026-4-24 20:08:27] Begin to update graphic item and tree item ...
[Debug] [2026-4-24 20:08:27] End to update graphic item and tree item ...
[Debug] [2026-4-24 20:08:27] Log::Print : PANGO USB CABLE II cable driver: D2XX DLL
[Debug] [2026-4-24 20:08:27] Log::Print : PG2L200H
[Debug] [2026-4-24 20:08:27] Log::Print : This device configure situation (done bit): 0
[Info] [2026-4-24 20:08:35] set OpenLastPath: C:/Users/Datou21/Desktop/PDS/back1/cnn_usb_copy/prj_pds/generate_bitstream/hdmi_loop.sbit
[Debug] [2026-4-24 20:08:35] begin to get device info from CFG file...
[Debug] [2026-4-24 20:08:35] end to get device info from CFG file...
[Debug] [2026-4-24 20:08:35] Begin to update graphic item and tree item ...
[Debug] [2026-4-24 20:08:35] End to update graphic item and tree item ...
[Debug] [2026-4-24 20:08:35] Begin to update graphic item and tree item ...
[Debug] [2026-4-24 20:08:35] End to update graphic item and tree item ...
[Debug] [2026-4-24 20:08:35] End to deal wiht chain from server.
[Debug] [2026-4-24 20:08:35] end the exec of open cable cmd.
[Debug] [2026-4-24 20:08:35] COMMAND[Open config cable] execute successfully, takes 10.6 secs.
[Debug] [2026-4-24 20:08:35] Log::Print : COMMAND[Open config cable] execute successfully, takes 10.6 secs.
[Debug] [2026-4-24 20:08:41] Begin to send programming cmd...
[Debug] [2026-4-24 20:08:41] Send RPC:4
[Debug] [2026-4-24 20:08:41] Begin to send program data.
[Debug] [2026-4-24 20:08:41] End to send program data.
[Debug] [2026-4-24 20:08:41] Send cmd [Program:20002] OK
[Debug] [2026-4-24 20:08:42] The value of Progress is 6
[Debug] [2026-4-24 20:08:42] The value of Progress is 10
[Debug] [2026-4-24 20:08:43] The value of Progress is 15
[Debug] [2026-4-24 20:08:43] The value of Progress is 20
[Debug] [2026-4-24 20:08:44] The value of Progress is 25
[Debug] [2026-4-24 20:08:44] The value of Progress is 30
[Debug] [2026-4-24 20:08:44] The value of Progress is 35
[Debug] [2026-4-24 20:08:45] The value of Progress is 40
[Debug] [2026-4-24 20:08:45] The value of Progress is 45
[Debug] [2026-4-24 20:08:45] The value of Progress is 50
[Debug] [2026-4-24 20:08:46] The value of Progress is 55
[Debug] [2026-4-24 20:08:46] The value of Progress is 60
[Debug] [2026-4-24 20:08:47] The value of Progress is 65
[Debug] [2026-4-24 20:08:47] The value of Progress is 70
[Debug] [2026-4-24 20:08:47] The value of Progress is 75
[Debug] [2026-4-24 20:08:48] The value of Progress is 80
[Debug] [2026-4-24 20:08:48] The value of Progress is 85
[Debug] [2026-4-24 20:08:49] The value of Progress is 90
[Debug] [2026-4-24 20:08:49] The value of Progress is 95
[Debug] [2026-4-24 20:08:49] The value of Progress is 100
[Debug] [2026-4-24 20:08:49] COMMAND[Program] execute successfully, takes 8.3 secs.
[Debug] [2026-4-24 20:08:49] End to send programming cmd.
[Debug] [2026-4-24 20:08:49] Log::Print : The done bit is 1
[Debug] [2026-4-24 20:08:49] Log::Print : COMMAND[Program] execute successfully, takes 8.3 secs.
[Debug] [2026-4-24 20:08:56] Begin to send programming cmd...
[Debug] [2026-4-24 20:08:56] Send RPC:5
[Debug] [2026-4-24 20:08:56] Begin to send program data.
[Debug] [2026-4-24 20:08:56] End to send program data.
[Debug] [2026-4-24 20:08:56] Send cmd [Program:20002] OK
[Debug] [2026-4-24 20:08:57] The value of Progress is 6
[Debug] [2026-4-24 20:08:57] The value of Progress is 10
[Debug] [2026-4-24 20:08:57] The value of Progress is 15
[Debug] [2026-4-24 20:08:58] The value of Progress is 20
[Debug] [2026-4-24 20:08:58] The value of Progress is 25
[Debug] [2026-4-24 20:08:59] The value of Progress is 30
[Debug] [2026-4-24 20:08:59] The value of Progress is 35
[Debug] [2026-4-24 20:08:59] The value of Progress is 40
[Debug] [2026-4-24 20:09:00] The value of Progress is 45
[Debug] [2026-4-24 20:09:00] The value of Progress is 50
[Debug] [2026-4-24 20:09:00] The value of Progress is 55
[Debug] [2026-4-24 20:09:01] The value of Progress is 60
[Debug] [2026-4-24 20:09:01] The value of Progress is 65
[Debug] [2026-4-24 20:09:02] The value of Progress is 70
[Debug] [2026-4-24 20:09:02] The value of Progress is 75
[Debug] [2026-4-24 20:09:02] The value of Progress is 80
[Debug] [2026-4-24 20:09:03] The value of Progress is 85
[Debug] [2026-4-24 20:09:03] The value of Progress is 90
[Debug] [2026-4-24 20:09:03] The value of Progress is 95
[Debug] [2026-4-24 20:09:04] The value of Progress is 100
[Debug] [2026-4-24 20:09:04] COMMAND[Program] execute successfully, takes 8.5 secs.
[Debug] [2026-4-24 20:09:04] End to send programming cmd.
[Debug] [2026-4-24 20:09:04] Log::Print : The done bit is 1
[Debug] [2026-4-24 20:09:04] Log::Print : COMMAND[Program] execute successfully, takes 8.5 secs.
[Info] [2026-4-24 20:11:10] /***************************End Configration***************************/
[Info] [2026-4-24 21:03:11] /***************************Start Configuration***************************/
[Info] [2026-4-24 21:03:11] Path: C:/pango/PDS_2022.2-SP6.4/bin
[Info] [2026-4-24 21:03:11] Version: 146967
[Info] [2026-4-24 21:03:12] Current Path: C:/Users/Datou21/Desktop/PDS/back1/cnn_usb_copy/prj_pds
[Info] [2026-4-24 21:03:12] PDS Dir Path: C:/Users/Datou21/Desktop/PDS/back1/cnn_usb_copy/prj_pds
[Info] [2026-4-24 21:03:18] Configuration is not connect with server. connect first then scan chain.
[Debug] [2026-4-24 21:03:19] Client Local host name:DESKTOP-VB8TKRO
[Debug] [2026-4-24 21:03:19] Client Local Address:2.0.0.1
[Debug] [2026-4-24 21:03:19] Client Local Address:210.77.26.220
[Debug] [2026-4-24 21:03:19] Client Local Address:192.168.44.1
[Debug] [2026-4-24 21:03:19] Client Local Address:192.168.176.1
[Debug] [2026-4-24 21:03:19] Server Address:127.0.0.1, Port:65420
[Debug] [2026-4-24 21:03:19] Log::Print : Connecting to server[127.0.0.1 : 65420].
[Info] [2026-4-24 21:03:19] Connect OK, Server: 127.0.0.1  Port: 65420
[Debug] [2026-4-24 21:03:19] Finish.
[Info] [2026-4-24 21:03:19] Connect server succeeded
[Debug] [2026-4-24 21:03:19] Send RPC:1
[Debug] [2026-4-24 21:03:19] Send cmd [check version information:40004] OK
[Debug] [2026-4-24 21:03:19] Log::Print : Connect to server[127.0.0.1 : 65420] successfully.
[Debug] [2026-4-24 21:03:21] Send RPC:2
[Debug] [2026-4-24 21:03:21] Send cmd [get_cable_paras:40010] OK
[Debug] [2026-4-24 21:03:21] Begin to send initialize chain cmd...
[Debug] [2026-4-24 21:03:21] Send RPC:3
[Debug] [2026-4-24 21:03:21] Send cmd [Open config cable:20001] OK
[Debug] [2026-4-24 21:03:21] End to send initialize chain cmd.
[Debug] [2026-4-24 21:03:21] COMMAND[check version information] execute successfully, takes 1.5 secs.
[Debug] [2026-4-24 21:03:21] Log::Print : COMMAND[check version information] execute successfully, takes 1.5 secs.
[Debug] [2026-4-24 21:03:22] COMMAND[get_cable_paras] execute successfully, takes 1.9 secs.
[Debug] [2026-4-24 21:03:22] Log::Print : The cable List : 
Cable index 0:USB Cable II/fffffffffffffffe 

[Debug] [2026-4-24 21:03:22] Log::Print : COMMAND[get_cable_paras] execute successfully, takes 1.9 secs.
[Debug] [2026-4-24 21:03:23] begin the exec of open cable cmd...
[Debug] [2026-4-24 21:03:23] Begin to deal with chain from server...
[Debug] [2026-4-24 21:03:23] Begin to set user chain...
[Debug] [2026-4-24 21:03:23] End to set user chain.
[Debug] [2026-4-24 21:03:23] Begin to update graphic item and tree item ...
[Debug] [2026-4-24 21:03:23] End to update graphic item and tree item ...
[Debug] [2026-4-24 21:03:23] Log::Print : PANGO USB CABLE II cable driver: D2XX DLL
[Debug] [2026-4-24 21:03:23] Log::Print : PG2L200H
[Debug] [2026-4-24 21:03:23] Log::Print : This device configure situation (done bit): 0
[Info] [2026-4-24 21:03:25] set OpenLastPath: C:/Users/Datou21/Desktop/PDS/back1/cnn_usb_copy/prj_pds/generate_bitstream/hdmi_loop.sbit
[Debug] [2026-4-24 21:03:25] begin to get device info from CFG file...
[Debug] [2026-4-24 21:03:25] end to get device info from CFG file...
[Debug] [2026-4-24 21:03:25] Begin to update graphic item and tree item ...
[Debug] [2026-4-24 21:03:25] End to update graphic item and tree item ...
[Debug] [2026-4-24 21:03:25] Begin to update graphic item and tree item ...
[Debug] [2026-4-24 21:03:25] End to update graphic item and tree item ...
[Debug] [2026-4-24 21:03:25] End to deal wiht chain from server.
[Debug] [2026-4-24 21:03:25] end the exec of open cable cmd.
[Debug] [2026-4-24 21:03:25] COMMAND[Open config cable] execute successfully, takes 4.0 secs.
[Debug] [2026-4-24 21:03:25] Log::Print : COMMAND[Open config cable] execute successfully, takes 4.0 secs.
[Debug] [2026-4-24 21:03:25] Begin to send programming cmd...
[Debug] [2026-4-24 21:03:25] Send RPC:4
[Debug] [2026-4-24 21:03:25] Begin to send program data.
[Debug] [2026-4-24 21:03:25] End to send program data.
[Debug] [2026-4-24 21:03:25] Send cmd [Program:20002] OK
[Debug] [2026-4-24 21:03:26] The value of Progress is 6
[Debug] [2026-4-24 21:03:26] The value of Progress is 10
[Debug] [2026-4-24 21:03:27] The value of Progress is 15
[Debug] [2026-4-24 21:03:27] The value of Progress is 20
[Debug] [2026-4-24 21:03:28] The value of Progress is 25
[Debug] [2026-4-24 21:03:28] The value of Progress is 30
[Debug] [2026-4-24 21:03:28] The value of Progress is 35
[Debug] [2026-4-24 21:03:29] The value of Progress is 40
[Debug] [2026-4-24 21:03:29] The value of Progress is 45
[Debug] [2026-4-24 21:03:30] The value of Progress is 50
[Debug] [2026-4-24 21:03:30] The value of Progress is 55
[Debug] [2026-4-24 21:03:30] The value of Progress is 60
[Debug] [2026-4-24 21:03:31] The value of Progress is 65
[Debug] [2026-4-24 21:03:31] The value of Progress is 70
[Debug] [2026-4-24 21:03:31] The value of Progress is 75
[Debug] [2026-4-24 21:03:32] The value of Progress is 80
[Debug] [2026-4-24 21:03:32] The value of Progress is 85
[Debug] [2026-4-24 21:03:33] The value of Progress is 90
[Debug] [2026-4-24 21:03:33] The value of Progress is 95
[Debug] [2026-4-24 21:03:33] The value of Progress is 100
[Debug] [2026-4-24 21:03:34] COMMAND[Program] execute successfully, takes 8.4 secs.
[Debug] [2026-4-24 21:03:34] End to send programming cmd.
[Debug] [2026-4-24 21:03:34] Log::Print : The done bit is 1
[Debug] [2026-4-24 21:03:34] Log::Print : COMMAND[Program] execute successfully, takes 8.4 secs.
[Debug] [2026-4-24 21:03:47] Begin to send programming cmd...
[Debug] [2026-4-24 21:03:47] Send RPC:5
[Debug] [2026-4-24 21:03:47] Begin to send program data.
[Debug] [2026-4-24 21:03:47] End to send program data.
[Debug] [2026-4-24 21:03:47] Send cmd [Program:20002] OK
[Debug] [2026-4-24 21:03:48] The value of Progress is 6
[Debug] [2026-4-24 21:03:48] The value of Progress is 10
[Debug] [2026-4-24 21:03:48] The value of Progress is 15
[Debug] [2026-4-24 21:03:49] The value of Progress is 20
[Debug] [2026-4-24 21:03:49] The value of Progress is 25
[Debug] [2026-4-24 21:03:50] The value of Progress is 30
[Debug] [2026-4-24 21:03:50] The value of Progress is 35
[Debug] [2026-4-24 21:03:50] The value of Progress is 40
[Debug] [2026-4-24 21:03:51] The value of Progress is 45
[Debug] [2026-4-24 21:03:51] The value of Progress is 50
[Debug] [2026-4-24 21:03:51] The value of Progress is 55
[Debug] [2026-4-24 21:03:52] The value of Progress is 60
[Debug] [2026-4-24 21:03:52] The value of Progress is 65
[Debug] [2026-4-24 21:03:53] The value of Progress is 70
[Debug] [2026-4-24 21:03:53] The value of Progress is 75
[Debug] [2026-4-24 21:03:53] The value of Progress is 80
[Debug] [2026-4-24 21:03:54] The value of Progress is 85
[Debug] [2026-4-24 21:03:54] The value of Progress is 90
[Debug] [2026-4-24 21:03:55] The value of Progress is 95
[Debug] [2026-4-24 21:03:55] The value of Progress is 100
[Debug] [2026-4-24 21:03:55] COMMAND[Program] execute successfully, takes 8.5 secs.
[Debug] [2026-4-24 21:03:55] End to send programming cmd.
[Debug] [2026-4-24 21:03:55] Log::Print : The done bit is 1
[Debug] [2026-4-24 21:03:55] Log::Print : COMMAND[Program] execute successfully, takes 8.5 secs.
[Info] [2026-4-24 21:21:05] /***************************End Configration***************************/
[Info] [2026-4-24 21:37:45] /***************************Start Configuration***************************/
[Info] [2026-4-24 21:37:45] Path: C:/pango/PDS_2022.2-SP6.4/bin
[Info] [2026-4-24 21:37:45] Version: 146967
[Info] [2026-4-24 21:37:46] Current Path: C:/Users/Datou21/Desktop/PDS/back1/cnn_usb_copy/prj_pds
[Info] [2026-4-24 21:37:46] PDS Dir Path: C:/Users/Datou21/Desktop/PDS/back1/cnn_usb_copy/prj_pds
[Info] [2026-4-24 21:37:47] Configuration is not connect with server. connect first then scan chain.
[Debug] [2026-4-24 21:37:47] Client Local host name:DESKTOP-VB8TKRO
[Debug] [2026-4-24 21:37:47] Client Local Address:2.0.0.1
[Debug] [2026-4-24 21:37:47] Client Local Address:210.77.26.220
[Debug] [2026-4-24 21:37:47] Client Local Address:192.168.44.1
[Debug] [2026-4-24 21:37:47] Client Local Address:192.168.176.1
[Debug] [2026-4-24 21:37:47] Server Address:127.0.0.1, Port:65420
[Debug] [2026-4-24 21:37:47] Log::Print : Connecting to server[127.0.0.1 : 65420].
[Info] [2026-4-24 21:37:48] Connect OK, Server: 127.0.0.1  Port: 65420
[Debug] [2026-4-24 21:37:48] Finish.
[Info] [2026-4-24 21:37:48] Connect server succeeded
[Debug] [2026-4-24 21:37:48] Send RPC:1
[Debug] [2026-4-24 21:37:48] Send cmd [check version information:40004] OK
[Debug] [2026-4-24 21:37:48] Log::Print : Connect to server[127.0.0.1 : 65420] successfully.
[Debug] [2026-4-24 21:37:48] Send RPC:2
[Debug] [2026-4-24 21:37:48] Send cmd [get_cable_paras:40010] OK
[Debug] [2026-4-24 21:37:48] Begin to send initialize chain cmd...
[Debug] [2026-4-24 21:37:48] Send RPC:3
[Debug] [2026-4-24 21:37:48] Send cmd [Open config cable:20001] OK
[Debug] [2026-4-24 21:37:48] End to send initialize chain cmd.
[Debug] [2026-4-24 21:37:48] COMMAND[check version information] execute successfully, takes 0.0 secs.
[Debug] [2026-4-24 21:37:48] Log::Print : COMMAND[check version information] execute successfully, takes 0.0 secs.
[Debug] [2026-4-24 21:37:49] COMMAND[get_cable_paras] execute successfully, takes 0.8 secs.
[Debug] [2026-4-24 21:37:49] Log::Print : The cable List : 

[Debug] [2026-4-24 21:37:49] Log::Print : COMMAND[get_cable_paras] execute successfully, takes 0.8 secs.
[Error] [2026-4-24 21:37:49] fail to exec Open config cable cmd...
[Error] [2026-4-24 21:37:49] MsgOut: JtagServer-0306: No devices detected while scanning the JTAG chain, failed detecting JTAG device chain.
[Warn] [2026-4-24 21:37:49] MsgOut: Please check the device power, cable connection situation and whether put the chip in the right way or not.
   If these do not work, try to restart the software.
[Error] [2026-4-24 21:37:49] MsgOut: Configuration-0008: The command 'Open config cable' execute fail.
[Debug] [2026-4-24 21:38:02] Begin to send initialize chain cmd...
[Debug] [2026-4-24 21:38:02] Send RPC:4
[Debug] [2026-4-24 21:38:02] Send cmd [Open config cable:20001] OK
[Debug] [2026-4-24 21:38:02] End to send initialize chain cmd.
[Error] [2026-4-24 21:38:02] fail to exec Open config cable cmd...
[Error] [2026-4-24 21:38:02] MsgOut: JtagServer-0306: No devices detected while scanning the JTAG chain, failed detecting JTAG device chain.
[Warn] [2026-4-24 21:38:02] MsgOut: Please check the device power, cable connection situation and whether put the chip in the right way or not.
   If these do not work, try to restart the software.
[Error] [2026-4-24 21:38:02] MsgOut: Configuration-0008: The command 'Open config cable' execute fail.
[Debug] [2026-4-24 21:38:04] Begin to send initialize chain cmd...
[Debug] [2026-4-24 21:38:04] Send RPC:5
[Debug] [2026-4-24 21:38:04] Send cmd [Open config cable:20001] OK
[Debug] [2026-4-24 21:38:04] End to send initialize chain cmd.
[Error] [2026-4-24 21:38:04] fail to exec Open config cable cmd...
[Error] [2026-4-24 21:38:04] MsgOut: JtagServer-0306: No devices detected while scanning the JTAG chain, failed detecting JTAG device chain.
[Warn] [2026-4-24 21:38:04] MsgOut: Please check the device power, cable connection situation and whether put the chip in the right way or not.
   If these do not work, try to restart the software.
[Error] [2026-4-24 21:38:04] MsgOut: Configuration-0008: The command 'Open config cable' execute fail.
[Info] [2026-4-24 21:38:05] /***************************End Configration***************************/
[Info] [2026-4-24 21:38:07] /***************************Start Configuration***************************/
[Info] [2026-4-24 21:38:07] Path: C:/pango/PDS_2022.2-SP6.4/bin
[Info] [2026-4-24 21:38:07] Version: 146967
[Info] [2026-4-24 21:38:08] Current Path: C:/Users/Datou21/Desktop/PDS/back1/cnn_usb_copy/prj_pds
[Info] [2026-4-24 21:38:08] PDS Dir Path: C:/Users/Datou21/Desktop/PDS/back1/cnn_usb_copy/prj_pds
[Info] [2026-4-24 21:38:09] Configuration is not connect with server. connect first then scan chain.
[Debug] [2026-4-24 21:38:09] Client Local host name:DESKTOP-VB8TKRO
[Debug] [2026-4-24 21:38:09] Client Local Address:2.0.0.1
[Debug] [2026-4-24 21:38:09] Client Local Address:210.77.26.220
[Debug] [2026-4-24 21:38:09] Client Local Address:192.168.44.1
[Debug] [2026-4-24 21:38:09] Client Local Address:192.168.176.1
[Debug] [2026-4-24 21:38:09] Server Address:127.0.0.1, Port:65420
[Debug] [2026-4-24 21:38:09] Log::Print : Connecting to server[127.0.0.1 : 65420].
[Info] [2026-4-24 21:38:10] Connect OK, Server: 127.0.0.1  Port: 65420
[Debug] [2026-4-24 21:38:10] Finish.
[Info] [2026-4-24 21:38:10] Connect server succeeded
[Debug] [2026-4-24 21:38:10] Send RPC:1
[Debug] [2026-4-24 21:38:10] Send cmd [check version information:40004] OK
[Debug] [2026-4-24 21:38:10] Log::Print : Connect to server[127.0.0.1 : 65420] successfully.
[Debug] [2026-4-24 21:38:11] Send RPC:2
[Debug] [2026-4-24 21:38:11] Send cmd [get_cable_paras:40010] OK
[Debug] [2026-4-24 21:38:11] Begin to send initialize chain cmd...
[Debug] [2026-4-24 21:38:11] Send RPC:3
[Debug] [2026-4-24 21:38:11] Send cmd [Open config cable:20001] OK
[Debug] [2026-4-24 21:38:11] End to send initialize chain cmd.
[Debug] [2026-4-24 21:38:11] COMMAND[check version information] execute successfully, takes 1.5 secs.
[Debug] [2026-4-24 21:38:11] Log::Print : COMMAND[check version information] execute successfully, takes 1.5 secs.
[Debug] [2026-4-24 21:38:13] COMMAND[get_cable_paras] execute successfully, takes 1.8 secs.
[Debug] [2026-4-24 21:38:13] Log::Print : The cable List : 
Cable index 0:USB Cable II/fffffffffffffffe 

[Debug] [2026-4-24 21:38:13] Log::Print : COMMAND[get_cable_paras] execute successfully, takes 1.8 secs.
[Debug] [2026-4-24 21:38:14] begin the exec of open cable cmd...
[Debug] [2026-4-24 21:38:14] Begin to deal with chain from server...
[Debug] [2026-4-24 21:38:14] Begin to set user chain...
[Debug] [2026-4-24 21:38:14] End to set user chain.
[Debug] [2026-4-24 21:38:14] Begin to update graphic item and tree item ...
[Debug] [2026-4-24 21:38:14] End to update graphic item and tree item ...
[Debug] [2026-4-24 21:38:14] Log::Print : PANGO USB CABLE II cable driver: D2XX DLL
[Debug] [2026-4-24 21:38:14] Log::Print : PG2L200H
[Debug] [2026-4-24 21:38:14] Log::Print : This device configure situation (done bit): 0
[Info] [2026-4-24 21:38:15] set OpenLastPath: C:/Users/Datou21/Desktop/PDS/back1/cnn_usb_copy/prj_pds/generate_bitstream/hdmi_loop.sbit
[Debug] [2026-4-24 21:38:15] begin to get device info from CFG file...
[Debug] [2026-4-24 21:38:15] end to get device info from CFG file...
[Debug] [2026-4-24 21:38:15] Begin to update graphic item and tree item ...
[Debug] [2026-4-24 21:38:15] End to update graphic item and tree item ...
[Debug] [2026-4-24 21:38:15] Begin to update graphic item and tree item ...
[Debug] [2026-4-24 21:38:15] End to update graphic item and tree item ...
[Debug] [2026-4-24 21:38:15] End to deal wiht chain from server.
[Debug] [2026-4-24 21:38:15] end the exec of open cable cmd.
[Debug] [2026-4-24 21:38:15] COMMAND[Open config cable] execute successfully, takes 4.0 secs.
[Debug] [2026-4-24 21:38:15] Log::Print : COMMAND[Open config cable] execute successfully, takes 4.0 secs.
[Debug] [2026-4-24 21:38:16] Begin to send programming cmd...
[Debug] [2026-4-24 21:38:16] Send RPC:4
[Debug] [2026-4-24 21:38:16] Begin to send program data.
[Debug] [2026-4-24 21:38:16] End to send program data.
[Debug] [2026-4-24 21:38:16] Send cmd [Program:20002] OK
[Debug] [2026-4-24 21:38:17] The value of Progress is 6
[Debug] [2026-4-24 21:38:17] The value of Progress is 10
[Debug] [2026-4-24 21:38:18] The value of Progress is 15
[Debug] [2026-4-24 21:38:18] The value of Progress is 20
[Debug] [2026-4-24 21:38:18] The value of Progress is 25
[Debug] [2026-4-24 21:38:19] The value of Progress is 30
[Debug] [2026-4-24 21:38:19] The value of Progress is 35
[Debug] [2026-4-24 21:38:19] The value of Progress is 40
[Debug] [2026-4-24 21:38:20] The value of Progress is 45
[Debug] [2026-4-24 21:38:20] The value of Progress is 50
[Debug] [2026-4-24 21:38:21] The value of Progress is 55
[Debug] [2026-4-24 21:38:21] The value of Progress is 60
[Debug] [2026-4-24 21:38:21] The value of Progress is 65
[Debug] [2026-4-24 21:38:22] The value of Progress is 70
[Debug] [2026-4-24 21:38:22] The value of Progress is 75
[Debug] [2026-4-24 21:38:23] The value of Progress is 80
[Debug] [2026-4-24 21:38:23] The value of Progress is 85
[Debug] [2026-4-24 21:38:23] The value of Progress is 90
[Debug] [2026-4-24 21:38:24] The value of Progress is 95
[Debug] [2026-4-24 21:38:24] The value of Progress is 100
[Debug] [2026-4-24 21:38:24] COMMAND[Program] execute successfully, takes 8.4 secs.
[Debug] [2026-4-24 21:38:24] End to send programming cmd.
[Debug] [2026-4-24 21:38:24] Log::Print : The done bit is 1
[Debug] [2026-4-24 21:38:24] Log::Print : COMMAND[Program] execute successfully, takes 8.4 secs.
[Debug] [2026-4-24 21:38:29] Begin to send programming cmd...
[Debug] [2026-4-24 21:38:29] Send RPC:5
[Debug] [2026-4-24 21:38:29] Begin to send program data.
[Debug] [2026-4-24 21:38:29] End to send program data.
[Debug] [2026-4-24 21:38:29] Send cmd [Program:20002] OK
[Debug] [2026-4-24 21:38:30] The value of Progress is 6
[Debug] [2026-4-24 21:38:30] The value of Progress is 10
[Debug] [2026-4-24 21:38:31] The value of Progress is 15
[Debug] [2026-4-24 21:38:31] The value of Progress is 20
[Debug] [2026-4-24 21:38:31] The value of Progress is 25
[Debug] [2026-4-24 21:38:32] The value of Progress is 30
[Debug] [2026-4-24 21:38:32] The value of Progress is 35
[Debug] [2026-4-24 21:38:33] The value of Progress is 40
[Debug] [2026-4-24 21:38:33] The value of Progress is 45
[Debug] [2026-4-24 21:38:33] The value of Progress is 50
[Debug] [2026-4-24 21:38:34] The value of Progress is 55
[Debug] [2026-4-24 21:38:34] The value of Progress is 60
[Debug] [2026-4-24 21:38:34] The value of Progress is 65
[Debug] [2026-4-24 21:38:35] The value of Progress is 70
[Debug] [2026-4-24 21:38:35] The value of Progress is 75
[Debug] [2026-4-24 21:38:36] The value of Progress is 80
[Debug] [2026-4-24 21:38:36] The value of Progress is 85
[Debug] [2026-4-24 21:38:36] The value of Progress is 90
[Debug] [2026-4-24 21:38:37] The value of Progress is 95
[Debug] [2026-4-24 21:38:37] The value of Progress is 100
[Debug] [2026-4-24 21:38:37] COMMAND[Program] execute successfully, takes 8.4 secs.
[Debug] [2026-4-24 21:38:37] End to send programming cmd.
[Debug] [2026-4-24 21:38:37] Log::Print : The done bit is 1
[Debug] [2026-4-24 21:38:37] Log::Print : COMMAND[Program] execute successfully, takes 8.4 secs.
[Debug] [2026-4-24 21:39:12] Begin to send programming cmd...
[Debug] [2026-4-24 21:39:12] Send RPC:6
[Debug] [2026-4-24 21:39:12] Begin to send program data.
[Debug] [2026-4-24 21:39:12] End to send program data.
[Debug] [2026-4-24 21:39:12] Send cmd [Program:20002] OK
[Debug] [2026-4-24 21:39:13] The value of Progress is 6
[Debug] [2026-4-24 21:39:13] The value of Progress is 10
[Debug] [2026-4-24 21:39:13] The value of Progress is 15
[Debug] [2026-4-24 21:39:14] The value of Progress is 20
[Debug] [2026-4-24 21:39:14] The value of Progress is 25
[Debug] [2026-4-24 21:39:15] The value of Progress is 30
[Debug] [2026-4-24 21:39:15] The value of Progress is 35
[Debug] [2026-4-24 21:39:15] The value of Progress is 40
[Debug] [2026-4-24 21:39:16] The value of Progress is 45
[Debug] [2026-4-24 21:39:16] The value of Progress is 50
[Debug] [2026-4-24 21:39:17] The value of Progress is 55
[Debug] [2026-4-24 21:39:17] The value of Progress is 60
[Debug] [2026-4-24 21:39:17] The value of Progress is 65
[Debug] [2026-4-24 21:39:18] The value of Progress is 70
[Debug] [2026-4-24 21:39:18] The value of Progress is 75
[Debug] [2026-4-24 21:39:18] The value of Progress is 80
[Debug] [2026-4-24 21:39:19] The value of Progress is 85
[Debug] [2026-4-24 21:39:19] The value of Progress is 90
[Debug] [2026-4-24 21:39:20] The value of Progress is 95
[Debug] [2026-4-24 21:39:20] The value of Progress is 100
[Debug] [2026-4-24 21:39:20] COMMAND[Program] execute successfully, takes 8.4 secs.
[Debug] [2026-4-24 21:39:20] End to send programming cmd.
[Debug] [2026-4-24 21:39:20] Log::Print : The done bit is 1
[Debug] [2026-4-24 21:39:20] Log::Print : COMMAND[Program] execute successfully, takes 8.4 secs.
[Debug] [2026-4-24 22:25:43] Begin to send programming cmd...
[Debug] [2026-4-24 22:25:43] Send RPC:7
[Debug] [2026-4-24 22:25:43] Begin to send program data.
[Debug] [2026-4-24 22:25:43] End to send program data.
[Debug] [2026-4-24 22:25:43] Send cmd [Program:20002] OK
[Debug] [2026-4-24 22:25:44] The value of Progress is 6
[Debug] [2026-4-24 22:25:44] The value of Progress is 10
[Debug] [2026-4-24 22:25:44] The value of Progress is 15
[Debug] [2026-4-24 22:25:45] The value of Progress is 20
[Debug] [2026-4-24 22:25:45] The value of Progress is 25
[Debug] [2026-4-24 22:25:45] The value of Progress is 30
[Debug] [2026-4-24 22:25:46] The value of Progress is 35
[Debug] [2026-4-24 22:25:46] The value of Progress is 40
[Debug] [2026-4-24 22:25:47] The value of Progress is 45
[Debug] [2026-4-24 22:25:47] The value of Progress is 50
[Debug] [2026-4-24 22:25:47] The value of Progress is 55
[Debug] [2026-4-24 22:25:48] The value of Progress is 60
[Debug] [2026-4-24 22:25:48] The value of Progress is 65
[Debug] [2026-4-24 22:25:49] The value of Progress is 70
[Debug] [2026-4-24 22:25:49] The value of Progress is 75
[Debug] [2026-4-24 22:25:49] The value of Progress is 80
[Debug] [2026-4-24 22:25:50] The value of Progress is 85
[Debug] [2026-4-24 22:25:50] The value of Progress is 90
[Debug] [2026-4-24 22:25:50] The value of Progress is 95
[Debug] [2026-4-24 22:25:51] The value of Progress is 100
[Debug] [2026-4-24 22:25:51] COMMAND[Program] execute successfully, takes 8.4 secs.
[Debug] [2026-4-24 22:25:51] End to send programming cmd.
[Debug] [2026-4-24 22:25:51] Log::Print : The done bit is 1
[Debug] [2026-4-24 22:25:51] Log::Print : COMMAND[Program] execute successfully, takes 8.4 secs.
[Debug] [2026-4-24 22:25:55] Begin to send programming cmd...
[Debug] [2026-4-24 22:25:55] Send RPC:8
[Debug] [2026-4-24 22:25:55] Begin to send program data.
[Debug] [2026-4-24 22:25:55] End to send program data.
[Debug] [2026-4-24 22:25:55] Send cmd [Program:20002] OK
[Debug] [2026-4-24 22:25:56] The value of Progress is 6
[Debug] [2026-4-24 22:25:57] The value of Progress is 10
[Debug] [2026-4-24 22:25:57] The value of Progress is 15
[Debug] [2026-4-24 22:25:57] The value of Progress is 20
[Debug] [2026-4-24 22:25:58] The value of Progress is 25
[Debug] [2026-4-24 22:25:58] The value of Progress is 30
[Debug] [2026-4-24 22:25:58] The value of Progress is 35
[Debug] [2026-4-24 22:25:59] The value of Progress is 40
[Debug] [2026-4-24 22:25:59] The value of Progress is 45
[Debug] [2026-4-24 22:26:00] The value of Progress is 50
[Debug] [2026-4-24 22:26:00] The value of Progress is 55
[Debug] [2026-4-24 22:26:00] The value of Progress is 60
[Debug] [2026-4-24 22:26:01] The value of Progress is 65
[Debug] [2026-4-24 22:26:01] The value of Progress is 70
[Debug] [2026-4-24 22:26:01] The value of Progress is 75
[Debug] [2026-4-24 22:26:02] The value of Progress is 80
[Debug] [2026-4-24 22:26:02] The value of Progress is 85
[Debug] [2026-4-24 22:26:03] The value of Progress is 90
[Debug] [2026-4-24 22:26:03] The value of Progress is 95
[Debug] [2026-4-24 22:26:03] The value of Progress is 100
[Debug] [2026-4-24 22:26:04] COMMAND[Program] execute successfully, takes 8.4 secs.
[Debug] [2026-4-24 22:26:04] End to send programming cmd.
[Debug] [2026-4-24 22:26:04] Log::Print : The done bit is 1
[Debug] [2026-4-24 22:26:04] Log::Print : COMMAND[Program] execute successfully, takes 8.4 secs.
[Debug] [2026-4-24 22:26:15] Begin to send programming cmd...
[Debug] [2026-4-24 22:26:15] Send RPC:9
[Debug] [2026-4-24 22:26:15] Begin to send program data.
[Debug] [2026-4-24 22:26:15] End to send program data.
[Debug] [2026-4-24 22:26:15] Send cmd [Program:20002] OK
[Debug] [2026-4-24 22:26:16] The value of Progress is 6
[Debug] [2026-4-24 22:26:16] The value of Progress is 10
[Debug] [2026-4-24 22:26:17] The value of Progress is 15
[Debug] [2026-4-24 22:26:17] The value of Progress is 20
[Debug] [2026-4-24 22:26:18] The value of Progress is 25
[Debug] [2026-4-24 22:26:18] The value of Progress is 30
[Debug] [2026-4-24 22:26:18] The value of Progress is 35
[Debug] [2026-4-24 22:26:19] The value of Progress is 40
[Debug] [2026-4-24 22:26:19] The value of Progress is 45
[Debug] [2026-4-24 22:26:19] The value of Progress is 50
[Debug] [2026-4-24 22:26:20] The value of Progress is 55
[Debug] [2026-4-24 22:26:20] The value of Progress is 60
[Debug] [2026-4-24 22:26:21] The value of Progress is 65
[Debug] [2026-4-24 22:26:21] The value of Progress is 70
[Debug] [2026-4-24 22:26:21] The value of Progress is 75
[Debug] [2026-4-24 22:26:22] The value of Progress is 80
[Debug] [2026-4-24 22:26:22] The value of Progress is 85
[Debug] [2026-4-24 22:26:22] The value of Progress is 90
[Debug] [2026-4-24 22:26:23] The value of Progress is 95
[Debug] [2026-4-24 22:26:23] The value of Progress is 100
[Debug] [2026-4-24 22:26:24] COMMAND[Program] execute successfully, takes 8.4 secs.
[Debug] [2026-4-24 22:26:24] End to send programming cmd.
[Debug] [2026-4-24 22:26:24] Log::Print : The done bit is 1
[Debug] [2026-4-24 22:26:24] Log::Print : COMMAND[Program] execute successfully, takes 8.4 secs.
[Debug] [2026-4-24 22:27:08] Begin to send programming cmd...
[Debug] [2026-4-24 22:27:08] Send RPC:10
[Debug] [2026-4-24 22:27:08] Begin to send program data.
[Debug] [2026-4-24 22:27:08] End to send program data.
[Debug] [2026-4-24 22:27:08] Send cmd [Program:20002] OK
[Debug] [2026-4-24 22:27:09] The value of Progress is 6
[Debug] [2026-4-24 22:27:09] The value of Progress is 10
[Debug] [2026-4-24 22:27:09] The value of Progress is 15
[Debug] [2026-4-24 22:27:10] The value of Progress is 20
[Debug] [2026-4-24 22:27:10] The value of Progress is 25
[Debug] [2026-4-24 22:27:11] The value of Progress is 30
[Debug] [2026-4-24 22:27:11] The value of Progress is 35
[Debug] [2026-4-24 22:27:11] The value of Progress is 40
[Debug] [2026-4-24 22:27:12] The value of Progress is 45
[Debug] [2026-4-24 22:27:12] The value of Progress is 50
[Debug] [2026-4-24 22:27:12] The value of Progress is 55
[Debug] [2026-4-24 22:27:13] The value of Progress is 60
[Debug] [2026-4-24 22:27:13] The value of Progress is 65
[Debug] [2026-4-24 22:27:14] The value of Progress is 70
[Debug] [2026-4-24 22:27:14] The value of Progress is 75
[Debug] [2026-4-24 22:27:14] The value of Progress is 80
[Debug] [2026-4-24 22:27:15] The value of Progress is 85
[Debug] [2026-4-24 22:27:15] The value of Progress is 90
[Debug] [2026-4-24 22:27:15] The value of Progress is 95
[Debug] [2026-4-24 22:27:16] The value of Progress is 100
[Debug] [2026-4-24 22:27:16] COMMAND[Program] execute successfully, takes 8.3 secs.
[Debug] [2026-4-24 22:27:16] End to send programming cmd.
[Debug] [2026-4-24 22:27:16] Log::Print : The done bit is 1
[Debug] [2026-4-24 22:27:16] Log::Print : COMMAND[Program] execute successfully, takes 8.3 secs.
[Debug] [2026-4-24 22:27:21] Begin to send programming cmd...
[Debug] [2026-4-24 22:27:21] Send RPC:11
[Debug] [2026-4-24 22:27:21] Begin to send program data.
[Debug] [2026-4-24 22:27:21] End to send program data.
[Debug] [2026-4-24 22:27:21] Send cmd [Program:20002] OK
[Debug] [2026-4-24 22:27:22] The value of Progress is 6
[Debug] [2026-4-24 22:27:22] The value of Progress is 10
[Debug] [2026-4-24 22:27:22] The value of Progress is 15
[Debug] [2026-4-24 22:27:23] The value of Progress is 20
[Debug] [2026-4-24 22:27:23] The value of Progress is 25
[Debug] [2026-4-24 22:27:23] The value of Progress is 30
[Debug] [2026-4-24 22:27:24] The value of Progress is 35
[Debug] [2026-4-24 22:27:24] The value of Progress is 40
[Debug] [2026-4-24 22:27:25] The value of Progress is 45
[Debug] [2026-4-24 22:27:25] The value of Progress is 50
[Debug] [2026-4-24 22:27:25] The value of Progress is 55
[Debug] [2026-4-24 22:27:26] The value of Progress is 60
[Debug] [2026-4-24 22:27:26] The value of Progress is 65
[Debug] [2026-4-24 22:27:26] The value of Progress is 70
[Debug] [2026-4-24 22:27:27] The value of Progress is 75
[Debug] [2026-4-24 22:27:27] The value of Progress is 80
[Debug] [2026-4-24 22:27:28] The value of Progress is 85
[Debug] [2026-4-24 22:27:28] The value of Progress is 90
[Debug] [2026-4-24 22:27:28] The value of Progress is 95
[Debug] [2026-4-24 22:27:29] The value of Progress is 100
[Debug] [2026-4-24 22:27:29] COMMAND[Program] execute successfully, takes 8.3 secs.
[Debug] [2026-4-24 22:27:29] End to send programming cmd.
[Debug] [2026-4-24 22:27:29] Log::Print : The done bit is 1
[Debug] [2026-4-24 22:27:29] Log::Print : COMMAND[Program] execute successfully, takes 8.3 secs.
[Debug] [2026-4-24 22:49:52] Begin to send programming cmd...
[Debug] [2026-4-24 22:49:52] Send RPC:12
[Debug] [2026-4-24 22:49:52] Begin to send program data.
[Debug] [2026-4-24 22:49:52] End to send program data.
[Debug] [2026-4-24 22:49:52] Send cmd [Program:20002] OK
[Debug] [2026-4-24 22:49:53] The value of Progress is 6
[Debug] [2026-4-24 22:49:54] The value of Progress is 10
[Debug] [2026-4-24 22:49:54] The value of Progress is 15
[Debug] [2026-4-24 22:49:54] The value of Progress is 20
[Debug] [2026-4-24 22:49:55] The value of Progress is 25
[Debug] [2026-4-24 22:49:55] The value of Progress is 30
[Debug] [2026-4-24 22:49:56] The value of Progress is 35
[Debug] [2026-4-24 22:49:56] The value of Progress is 40
[Debug] [2026-4-24 22:49:56] The value of Progress is 45
[Debug] [2026-4-24 22:49:57] The value of Progress is 50
[Debug] [2026-4-24 22:49:57] The value of Progress is 55
[Debug] [2026-4-24 22:49:57] The value of Progress is 60
[Debug] [2026-4-24 22:49:58] The value of Progress is 65
[Debug] [2026-4-24 22:49:58] The value of Progress is 70
[Debug] [2026-4-24 22:49:59] The value of Progress is 75
[Debug] [2026-4-24 22:49:59] The value of Progress is 80
[Debug] [2026-4-24 22:49:59] The value of Progress is 85
[Debug] [2026-4-24 22:50:00] The value of Progress is 90
[Debug] [2026-4-24 22:50:00] The value of Progress is 95
[Debug] [2026-4-24 22:50:00] The value of Progress is 100
[Debug] [2026-4-24 22:50:01] COMMAND[Program] execute successfully, takes 8.4 secs.
[Debug] [2026-4-24 22:50:01] End to send programming cmd.
[Debug] [2026-4-24 22:50:01] Log::Print : The done bit is 1
[Debug] [2026-4-24 22:50:01] Log::Print : COMMAND[Program] execute successfully, takes 8.4 secs.
[Debug] [2026-4-24 22:50:05] Begin to send programming cmd...
[Debug] [2026-4-24 22:50:05] Send RPC:13
[Debug] [2026-4-24 22:50:05] Begin to send program data.
[Debug] [2026-4-24 22:50:05] End to send program data.
[Debug] [2026-4-24 22:50:05] Send cmd [Program:20002] OK
[Debug] [2026-4-24 22:50:06] The value of Progress is 6
[Debug] [2026-4-24 22:50:06] The value of Progress is 10
[Debug] [2026-4-24 22:50:07] The value of Progress is 15
[Debug] [2026-4-24 22:50:07] The value of Progress is 20
[Debug] [2026-4-24 22:50:08] The value of Progress is 25
[Debug] [2026-4-24 22:50:08] The value of Progress is 30
[Debug] [2026-4-24 22:50:08] The value of Progress is 35
[Debug] [2026-4-24 22:50:09] The value of Progress is 40
[Debug] [2026-4-24 22:50:09] The value of Progress is 45
[Debug] [2026-4-24 22:50:10] The value of Progress is 50
[Debug] [2026-4-24 22:50:10] The value of Progress is 55
[Debug] [2026-4-24 22:50:10] The value of Progress is 60
[Debug] [2026-4-24 22:50:11] The value of Progress is 65
[Debug] [2026-4-24 22:50:11] The value of Progress is 70
[Debug] [2026-4-24 22:50:11] The value of Progress is 75
[Debug] [2026-4-24 22:50:12] The value of Progress is 80
[Debug] [2026-4-24 22:50:12] The value of Progress is 85
[Debug] [2026-4-24 22:50:13] The value of Progress is 90
[Debug] [2026-4-24 22:50:13] The value of Progress is 95
[Debug] [2026-4-24 22:50:13] The value of Progress is 100
[Debug] [2026-4-24 22:50:14] COMMAND[Program] execute successfully, takes 8.5 secs.
[Debug] [2026-4-24 22:50:14] End to send programming cmd.
[Debug] [2026-4-24 22:50:14] Log::Print : The done bit is 1
[Debug] [2026-4-24 22:50:14] Log::Print : COMMAND[Program] execute successfully, takes 8.5 secs.
[Debug] [2026-4-24 22:50:20] Begin to send programming cmd...
[Debug] [2026-4-24 22:50:20] Send RPC:14
[Debug] [2026-4-24 22:50:20] Begin to send program data.
[Debug] [2026-4-24 22:50:20] End to send program data.
[Debug] [2026-4-24 22:50:20] Send cmd [Program:20002] OK
[Debug] [2026-4-24 22:50:21] The value of Progress is 6
[Debug] [2026-4-24 22:50:21] The value of Progress is 10
[Debug] [2026-4-24 22:50:22] The value of Progress is 15
[Debug] [2026-4-24 22:50:22] The value of Progress is 20
[Debug] [2026-4-24 22:50:22] The value of Progress is 25
[Debug] [2026-4-24 22:50:23] The value of Progress is 30
[Debug] [2026-4-24 22:50:23] The value of Progress is 35
[Debug] [2026-4-24 22:50:24] The value of Progress is 40
[Debug] [2026-4-24 22:50:24] The value of Progress is 45
[Debug] [2026-4-24 22:50:24] The value of Progress is 50
[Debug] [2026-4-24 22:50:25] The value of Progress is 55
[Debug] [2026-4-24 22:50:25] The value of Progress is 60
[Debug] [2026-4-24 22:50:26] The value of Progress is 65
[Debug] [2026-4-24 22:50:26] The value of Progress is 70
[Debug] [2026-4-24 22:50:26] The value of Progress is 75
[Debug] [2026-4-24 22:50:27] The value of Progress is 80
[Debug] [2026-4-24 22:50:27] The value of Progress is 85
[Debug] [2026-4-24 22:50:27] The value of Progress is 90
[Debug] [2026-4-24 22:50:28] The value of Progress is 95
[Debug] [2026-4-24 22:50:28] The value of Progress is 100
[Debug] [2026-4-24 22:50:28] COMMAND[Program] execute successfully, takes 8.4 secs.
[Debug] [2026-4-24 22:50:28] End to send programming cmd.
[Debug] [2026-4-24 22:50:28] Log::Print : The done bit is 1
[Debug] [2026-4-24 22:50:28] Log::Print : COMMAND[Program] execute successfully, takes 8.4 secs.
[Debug] [2026-4-24 22:50:42] Begin to send programming cmd...
[Debug] [2026-4-24 22:50:42] Send RPC:15
[Debug] [2026-4-24 22:50:42] Begin to send program data.
[Debug] [2026-4-24 22:50:42] End to send program data.
[Debug] [2026-4-24 22:50:42] Send cmd [Program:20002] OK
[Debug] [2026-4-24 22:50:43] The value of Progress is 6
[Debug] [2026-4-24 22:50:43] The value of Progress is 10
[Debug] [2026-4-24 22:50:44] The value of Progress is 15
[Debug] [2026-4-24 22:50:44] The value of Progress is 20
[Debug] [2026-4-24 22:50:44] The value of Progress is 25
[Debug] [2026-4-24 22:50:45] The value of Progress is 30
[Debug] [2026-4-24 22:50:45] The value of Progress is 35
[Debug] [2026-4-24 22:50:46] The value of Progress is 40
[Debug] [2026-4-24 22:50:46] The value of Progress is 45
[Debug] [2026-4-24 22:50:46] The value of Progress is 50
[Debug] [2026-4-24 22:50:47] The value of Progress is 55
[Debug] [2026-4-24 22:50:47] The value of Progress is 60
[Debug] [2026-4-24 22:50:47] The value of Progress is 65
[Debug] [2026-4-24 22:50:48] The value of Progress is 70
[Debug] [2026-4-24 22:50:48] The value of Progress is 75
[Debug] [2026-4-24 22:50:49] The value of Progress is 80
[Debug] [2026-4-24 22:50:49] The value of Progress is 85
[Debug] [2026-4-24 22:50:49] The value of Progress is 90
[Debug] [2026-4-24 22:50:50] The value of Progress is 95
[Debug] [2026-4-24 22:50:50] The value of Progress is 100
[Debug] [2026-4-24 22:50:50] COMMAND[Program] execute successfully, takes 8.4 secs.
[Debug] [2026-4-24 22:50:50] End to send programming cmd.
[Debug] [2026-4-24 22:50:50] Log::Print : The done bit is 1
[Debug] [2026-4-24 22:50:50] Log::Print : COMMAND[Program] execute successfully, takes 8.4 secs.
[Debug] [2026-4-24 22:51:51] Begin to send initialize chain cmd...
[Debug] [2026-4-24 22:51:51] Send RPC:16
[Debug] [2026-4-24 22:51:51] Send cmd [Open config cable:20001] OK
[Debug] [2026-4-24 22:51:51] End to send initialize chain cmd.
[Debug] [2026-4-24 22:51:52] begin the exec of open cable cmd...
[Debug] [2026-4-24 22:51:52] Begin to deal with chain from server...
[Debug] [2026-4-24 22:51:52] Begin to set user chain...
[Debug] [2026-4-24 22:51:52] End to set user chain.
[Debug] [2026-4-24 22:51:52] Begin to update graphic item and tree item ...
[Debug] [2026-4-24 22:51:52] End to update graphic item and tree item ...
[Debug] [2026-4-24 22:51:52] Log::Print : PANGO USB CABLE II cable driver: D2XX DLL
[Debug] [2026-4-24 22:51:52] Log::Print : PG2L200H
[Debug] [2026-4-24 22:51:52] Log::Print : This device configure situation (done bit): 1
[Info] [2026-4-24 22:51:53] set OpenLastPath: C:/Users/Datou21/Desktop/PDS/back1/cnn_usb_copy/prj_pds/generate_bitstream/hdmi_loop.sbit
[Debug] [2026-4-24 22:51:53] begin to get device info from CFG file...
[Debug] [2026-4-24 22:51:53] end to get device info from CFG file...
[Debug] [2026-4-24 22:51:53] Begin to update graphic item and tree item ...
[Debug] [2026-4-24 22:51:53] End to update graphic item and tree item ...
[Debug] [2026-4-24 22:51:53] Begin to update graphic item and tree item ...
[Debug] [2026-4-24 22:51:53] End to update graphic item and tree item ...
[Debug] [2026-4-24 22:51:53] End to deal wiht chain from server.
[Debug] [2026-4-24 22:51:53] end the exec of open cable cmd.
[Debug] [2026-4-24 22:51:53] COMMAND[Open config cable] execute successfully, takes 1.6 secs.
[Debug] [2026-4-24 22:51:53] Log::Print : COMMAND[Open config cable] execute successfully, takes 1.6 secs.
[Debug] [2026-4-24 22:54:14] Begin to send programming cmd...
[Debug] [2026-4-24 22:54:14] Send RPC:17
[Debug] [2026-4-24 22:54:14] Begin to send program data.
[Debug] [2026-4-24 22:54:14] End to send program data.
[Debug] [2026-4-24 22:54:14] Send cmd [Program:20002] OK
[Debug] [2026-4-24 22:54:15] The value of Progress is 6
[Debug] [2026-4-24 22:54:16] The value of Progress is 10
[Debug] [2026-4-24 22:54:16] The value of Progress is 15
[Debug] [2026-4-24 22:54:16] The value of Progress is 20
[Debug] [2026-4-24 22:54:17] The value of Progress is 25
[Debug] [2026-4-24 22:54:17] The value of Progress is 30
[Debug] [2026-4-24 22:54:18] The value of Progress is 35
[Debug] [2026-4-24 22:54:18] The value of Progress is 40
[Debug] [2026-4-24 22:54:18] The value of Progress is 45
[Debug] [2026-4-24 22:54:19] The value of Progress is 50
[Debug] [2026-4-24 22:54:19] The value of Progress is 55
[Debug] [2026-4-24 22:54:19] The value of Progress is 60
[Debug] [2026-4-24 22:54:20] The value of Progress is 65
[Debug] [2026-4-24 22:54:20] The value of Progress is 70
[Debug] [2026-4-24 22:54:21] The value of Progress is 75
[Debug] [2026-4-24 22:54:21] The value of Progress is 80
[Debug] [2026-4-24 22:54:21] The value of Progress is 85
[Debug] [2026-4-24 22:54:22] The value of Progress is 90
[Debug] [2026-4-24 22:54:22] The value of Progress is 95
[Debug] [2026-4-24 22:54:23] The value of Progress is 100
[Debug] [2026-4-24 22:54:23] COMMAND[Program] execute successfully, takes 8.3 secs.
[Debug] [2026-4-24 22:54:23] End to send programming cmd.
[Debug] [2026-4-24 22:54:23] Log::Print : The done bit is 1
[Debug] [2026-4-24 22:54:23] Log::Print : COMMAND[Program] execute successfully, takes 8.3 secs.
[Debug] [2026-4-24 23:15:13] Begin to send programming cmd...
[Debug] [2026-4-24 23:15:13] Send RPC:18
[Debug] [2026-4-24 23:15:13] Begin to send program data.
[Debug] [2026-4-24 23:15:13] End to send program data.
[Debug] [2026-4-24 23:15:13] Send cmd [Program:20002] OK
[Debug] [2026-4-24 23:15:14] The value of Progress is 6
[Debug] [2026-4-24 23:15:14] The value of Progress is 10
[Debug] [2026-4-24 23:15:14] The value of Progress is 15
[Debug] [2026-4-24 23:15:15] The value of Progress is 20
[Debug] [2026-4-24 23:15:15] The value of Progress is 25
[Debug] [2026-4-24 23:15:16] The value of Progress is 30
[Debug] [2026-4-24 23:15:16] The value of Progress is 35
[Debug] [2026-4-24 23:15:16] The value of Progress is 40
[Debug] [2026-4-24 23:15:17] The value of Progress is 45
[Debug] [2026-4-24 23:15:17] The value of Progress is 50
[Debug] [2026-4-24 23:15:18] The value of Progress is 55
[Debug] [2026-4-24 23:15:18] The value of Progress is 60
[Debug] [2026-4-24 23:15:18] The value of Progress is 65
[Debug] [2026-4-24 23:15:19] The value of Progress is 70
[Debug] [2026-4-24 23:15:19] The value of Progress is 75
[Debug] [2026-4-24 23:15:19] The value of Progress is 80
[Debug] [2026-4-24 23:15:20] The value of Progress is 85
[Debug] [2026-4-24 23:15:20] The value of Progress is 90
[Debug] [2026-4-24 23:15:21] The value of Progress is 95
[Debug] [2026-4-24 23:15:21] The value of Progress is 100
[Debug] [2026-4-24 23:15:21] COMMAND[Program] execute successfully, takes 8.5 secs.
[Debug] [2026-4-24 23:15:21] End to send programming cmd.
[Debug] [2026-4-24 23:15:21] Log::Print : The done bit is 1
[Debug] [2026-4-24 23:15:21] Log::Print : COMMAND[Program] execute successfully, takes 8.5 secs.
[Debug] [2026-4-24 23:15:27] Begin to send programming cmd...
[Debug] [2026-4-24 23:15:27] Send RPC:19
[Debug] [2026-4-24 23:15:27] Begin to send program data.
[Debug] [2026-4-24 23:15:27] End to send program data.
[Debug] [2026-4-24 23:15:27] Send cmd [Program:20002] OK
[Debug] [2026-4-24 23:15:28] The value of Progress is 6
[Debug] [2026-4-24 23:15:29] The value of Progress is 10
[Debug] [2026-4-24 23:15:29] The value of Progress is 15
[Debug] [2026-4-24 23:15:29] The value of Progress is 20
[Debug] [2026-4-24 23:15:30] The value of Progress is 25
[Debug] [2026-4-24 23:15:30] The value of Progress is 30
[Debug] [2026-4-24 23:15:31] The value of Progress is 35
[Debug] [2026-4-24 23:15:31] The value of Progress is 40
[Debug] [2026-4-24 23:15:31] The value of Progress is 45
[Debug] [2026-4-24 23:15:32] The value of Progress is 50
[Debug] [2026-4-24 23:15:32] The value of Progress is 55
[Debug] [2026-4-24 23:15:32] The value of Progress is 60
[Debug] [2026-4-24 23:15:33] The value of Progress is 65
[Debug] [2026-4-24 23:15:33] The value of Progress is 70
[Debug] [2026-4-24 23:15:34] The value of Progress is 75
[Debug] [2026-4-24 23:15:34] The value of Progress is 80
[Debug] [2026-4-24 23:15:34] The value of Progress is 85
[Debug] [2026-4-24 23:15:35] The value of Progress is 90
[Debug] [2026-4-24 23:15:35] The value of Progress is 95
[Debug] [2026-4-24 23:15:36] The value of Progress is 100
[Debug] [2026-4-24 23:15:36] COMMAND[Program] execute successfully, takes 8.4 secs.
[Debug] [2026-4-24 23:15:36] End to send programming cmd.
[Debug] [2026-4-24 23:15:36] Log::Print : The done bit is 1
[Debug] [2026-4-24 23:15:36] Log::Print : COMMAND[Program] execute successfully, takes 8.4 secs.
[Debug] [2026-4-24 23:15:43] Begin to send programming cmd...
[Debug] [2026-4-24 23:15:43] Send RPC:20
[Debug] [2026-4-24 23:15:43] Begin to send program data.
[Debug] [2026-4-24 23:15:43] End to send program data.
[Debug] [2026-4-24 23:15:43] Send cmd [Program:20002] OK
[Debug] [2026-4-24 23:15:44] The value of Progress is 6
[Debug] [2026-4-24 23:15:44] The value of Progress is 10
[Debug] [2026-4-24 23:15:45] The value of Progress is 15
[Debug] [2026-4-24 23:15:45] The value of Progress is 20
[Debug] [2026-4-24 23:15:45] The value of Progress is 25
[Debug] [2026-4-24 23:15:46] The value of Progress is 30
[Debug] [2026-4-24 23:15:46] The value of Progress is 35
[Debug] [2026-4-24 23:15:46] The value of Progress is 40
[Debug] [2026-4-24 23:15:47] The value of Progress is 45
[Debug] [2026-4-24 23:15:47] The value of Progress is 50
[Debug] [2026-4-24 23:15:48] The value of Progress is 55
[Debug] [2026-4-24 23:15:48] The value of Progress is 60
[Debug] [2026-4-24 23:15:48] The value of Progress is 65
[Debug] [2026-4-24 23:15:49] The value of Progress is 70
[Debug] [2026-4-24 23:15:49] The value of Progress is 75
[Debug] [2026-4-24 23:15:50] The value of Progress is 80
[Debug] [2026-4-24 23:15:50] The value of Progress is 85
[Debug] [2026-4-24 23:15:50] The value of Progress is 90
[Debug] [2026-4-24 23:15:51] The value of Progress is 95
[Debug] [2026-4-24 23:15:51] The value of Progress is 100
[Debug] [2026-4-24 23:15:51] COMMAND[Program] execute successfully, takes 8.4 secs.
[Debug] [2026-4-24 23:15:51] End to send programming cmd.
[Debug] [2026-4-24 23:15:51] Log::Print : The done bit is 1
[Debug] [2026-4-24 23:15:51] Log::Print : COMMAND[Program] execute successfully, takes 8.4 secs.
[Debug] [2026-4-24 23:36:57] Begin to send programming cmd...
[Debug] [2026-4-24 23:36:57] Send RPC:21
[Debug] [2026-4-24 23:36:57] Begin to send program data.
[Debug] [2026-4-24 23:36:57] End to send program data.
[Debug] [2026-4-24 23:36:57] Send cmd [Program:20002] OK
[Debug] [2026-4-24 23:36:58] The value of Progress is 6
[Debug] [2026-4-24 23:36:58] The value of Progress is 10
[Debug] [2026-4-24 23:36:59] The value of Progress is 15
[Debug] [2026-4-24 23:36:59] The value of Progress is 20
[Debug] [2026-4-24 23:36:59] The value of Progress is 25
[Debug] [2026-4-24 23:37:00] The value of Progress is 30
[Debug] [2026-4-24 23:37:00] The value of Progress is 35
[Debug] [2026-4-24 23:37:00] The value of Progress is 40
[Debug] [2026-4-24 23:37:01] The value of Progress is 45
[Debug] [2026-4-24 23:37:01] The value of Progress is 50
[Debug] [2026-4-24 23:37:02] The value of Progress is 55
[Debug] [2026-4-24 23:37:02] The value of Progress is 60
[Debug] [2026-4-24 23:37:02] The value of Progress is 65
[Debug] [2026-4-24 23:37:03] The value of Progress is 70
[Debug] [2026-4-24 23:37:03] The value of Progress is 75
[Debug] [2026-4-24 23:37:04] The value of Progress is 80
[Debug] [2026-4-24 23:37:04] The value of Progress is 85
[Debug] [2026-4-24 23:37:04] The value of Progress is 90
[Debug] [2026-4-24 23:37:05] The value of Progress is 95
[Debug] [2026-4-24 23:37:05] The value of Progress is 100
[Error] [2026-4-24 23:37:05] fail to exec Program cmd...
[Debug] [2026-4-24 23:37:05] End to send programming cmd.
[Error] [2026-4-24 23:37:05] MsgOut: JtagServer-0312: DONE pin did not go high.
[Error] [2026-4-24 23:37:05] MsgOut: Configuration-0008: The command 'Program' execute fail.
[Debug] [2026-4-24 23:37:09] Begin to send programming cmd...
[Debug] [2026-4-24 23:37:09] Send RPC:22
[Debug] [2026-4-24 23:37:09] Begin to send program data.
[Debug] [2026-4-24 23:37:09] End to send program data.
[Debug] [2026-4-24 23:37:09] Send cmd [Program:20002] OK
[Debug] [2026-4-24 23:37:10] The value of Progress is 6
[Debug] [2026-4-24 23:37:10] The value of Progress is 10
[Debug] [2026-4-24 23:37:10] The value of Progress is 15
[Debug] [2026-4-24 23:37:11] The value of Progress is 20
[Debug] [2026-4-24 23:37:11] The value of Progress is 25
[Debug] [2026-4-24 23:37:11] The value of Progress is 30
[Debug] [2026-4-24 23:37:12] The value of Progress is 35
[Debug] [2026-4-24 23:37:12] The value of Progress is 40
[Debug] [2026-4-24 23:37:13] The value of Progress is 45
[Debug] [2026-4-24 23:37:13] The value of Progress is 50
[Debug] [2026-4-24 23:37:13] The value of Progress is 55
[Debug] [2026-4-24 23:37:14] The value of Progress is 60
[Debug] [2026-4-24 23:37:14] The value of Progress is 65
[Debug] [2026-4-24 23:37:14] The value of Progress is 70
[Debug] [2026-4-24 23:37:15] The value of Progress is 75
[Debug] [2026-4-24 23:37:15] The value of Progress is 80
[Debug] [2026-4-24 23:37:16] The value of Progress is 85
[Debug] [2026-4-24 23:37:16] The value of Progress is 90
[Debug] [2026-4-24 23:37:16] The value of Progress is 95
[Debug] [2026-4-24 23:37:17] The value of Progress is 100
[Debug] [2026-4-24 23:37:17] COMMAND[Program] execute successfully, takes 8.3 secs.
[Debug] [2026-4-24 23:37:17] End to send programming cmd.
[Debug] [2026-4-24 23:37:17] Log::Print : The done bit is 1
[Debug] [2026-4-24 23:37:17] Log::Print : COMMAND[Program] execute successfully, takes 8.3 secs.
[Debug] [2026-4-24 23:37:23] Begin to send programming cmd...
[Debug] [2026-4-24 23:37:23] Send RPC:23
[Debug] [2026-4-24 23:37:23] Begin to send program data.
[Debug] [2026-4-24 23:37:23] End to send program data.
[Debug] [2026-4-24 23:37:23] Send cmd [Program:20002] OK
[Debug] [2026-4-24 23:37:24] The value of Progress is 6
[Debug] [2026-4-24 23:37:24] The value of Progress is 10
[Debug] [2026-4-24 23:37:25] The value of Progress is 15
[Debug] [2026-4-24 23:37:25] The value of Progress is 20
[Debug] [2026-4-24 23:37:25] The value of Progress is 25
[Debug] [2026-4-24 23:37:26] The value of Progress is 30
[Debug] [2026-4-24 23:37:26] The value of Progress is 35
[Debug] [2026-4-24 23:37:27] The value of Progress is 40
[Debug] [2026-4-24 23:37:27] The value of Progress is 45
[Debug] [2026-4-24 23:37:27] The value of Progress is 50
[Debug] [2026-4-24 23:37:28] The value of Progress is 55
[Debug] [2026-4-24 23:37:28] The value of Progress is 60
[Debug] [2026-4-24 23:37:28] The value of Progress is 65
[Debug] [2026-4-24 23:37:29] The value of Progress is 70
[Debug] [2026-4-24 23:37:29] The value of Progress is 75
[Debug] [2026-4-24 23:37:30] The value of Progress is 80
[Debug] [2026-4-24 23:37:30] The value of Progress is 85
[Debug] [2026-4-24 23:37:30] The value of Progress is 90
[Debug] [2026-4-24 23:37:31] The value of Progress is 95
[Debug] [2026-4-24 23:37:31] The value of Progress is 100
[Debug] [2026-4-24 23:37:31] COMMAND[Program] execute successfully, takes 8.3 secs.
[Debug] [2026-4-24 23:37:31] End to send programming cmd.
[Debug] [2026-4-24 23:37:31] Log::Print : The done bit is 1
[Debug] [2026-4-24 23:37:31] Log::Print : COMMAND[Program] execute successfully, takes 8.3 secs.
[Error] [2026-4-25 00:30:09] Server close connect
[Info] [2026-4-25 00:30:09] Disconnect from Server: 127.0.0.1  Port: 65420
[Warn] [2026-4-25 00:30:09] Server is disconnected
[Debug] [2026-4-25 00:30:09] end to connect server
[Debug] [2026-4-25 00:30:09] Server close connect process finish
[Debug] [2026-4-25 00:30:09] Begin to delete graphic item and tree item ...
[Debug] [2026-4-25 00:30:09] Begin to remove all device in BS mode...
[Debug] [2026-4-25 00:30:09] begin remove user device...
[Debug] [2026-4-25 00:30:09] begin remove user device...
[Debug] [2026-4-25 00:30:09] end remove user device.
[Debug] [2026-4-25 00:30:09] Begin to update graphic item and tree item ...
[Debug] [2026-4-25 00:30:09] End to update graphic item and tree item ...
[Debug] [2026-4-25 00:30:09] end remove user device.
[Debug] [2026-4-25 00:30:09] End to remove devices in BS mode...
[Debug] [2026-4-25 00:30:09] Begin to update graphic item and tree item ...
[Debug] [2026-4-25 00:30:09] End to update graphic item and tree item ...
[Debug] [2026-4-25 00:30:09] End to delete graphic item and tree item ...
[Error] [2026-4-25 00:30:10] MsgOut: CdtCommon-0402: Fail to connect to server. 
[Debug] [2026-4-25 00:30:10] Log::Print : Server is disconnect
[Info] [2026-4-25 10:25:43] /***************************Start Configuration***************************/
[Info] [2026-4-25 10:25:43] Path: C:/pango/PDS_2022.2-SP6.4/bin
[Info] [2026-4-25 10:25:43] Version: 146967
[Info] [2026-4-25 10:25:44] Current Path: C:/Users/Datou21/Desktop/PDS/back1/cnn_usb_copy/prj_pds
[Info] [2026-4-25 10:25:44] PDS Dir Path: C:/Users/Datou21/Desktop/PDS/back1/cnn_usb_copy/prj_pds
[Info] [2026-4-25 10:25:46] Configuration is not connect with server. connect first then scan chain.
[Debug] [2026-4-25 10:25:46] Client Local host name:DESKTOP-VB8TKRO
[Debug] [2026-4-25 10:25:46] Client Local Address:2.0.0.1
[Debug] [2026-4-25 10:25:46] Client Local Address:210.77.26.220
[Debug] [2026-4-25 10:25:46] Client Local Address:192.168.44.1
[Debug] [2026-4-25 10:25:46] Client Local Address:192.168.176.1
[Debug] [2026-4-25 10:25:46] Server Address:127.0.0.1, Port:65420
[Debug] [2026-4-25 10:25:46] Log::Print : Connecting to server[127.0.0.1 : 65420].
[Info] [2026-4-25 10:25:46] Connect OK, Server: 127.0.0.1  Port: 65420
[Debug] [2026-4-25 10:25:46] Finish.
[Info] [2026-4-25 10:25:46] Connect server succeeded
[Debug] [2026-4-25 10:25:46] Send RPC:1
[Debug] [2026-4-25 10:25:46] Send cmd [check version information:40004] OK
[Debug] [2026-4-25 10:25:46] Log::Print : Connect to server[127.0.0.1 : 65420] successfully.
[Debug] [2026-4-25 10:25:48] Send RPC:2
[Debug] [2026-4-25 10:25:48] Send cmd [get_cable_paras:40010] OK
[Debug] [2026-4-25 10:25:48] Begin to send initialize chain cmd...
[Debug] [2026-4-25 10:25:48] Send RPC:3
[Debug] [2026-4-25 10:25:48] Send cmd [Open config cable:20001] OK
[Debug] [2026-4-25 10:25:48] End to send initialize chain cmd.
[Debug] [2026-4-25 10:25:48] COMMAND[check version information] execute successfully, takes 1.6 secs.
[Debug] [2026-4-25 10:25:48] Log::Print : COMMAND[check version information] execute successfully, takes 1.6 secs.
[Debug] [2026-4-25 10:25:50] COMMAND[get_cable_paras] execute successfully, takes 1.8 secs.
[Debug] [2026-4-25 10:25:50] Log::Print : The cable List : 
Cable index 0:USB Cable II/fffffffffffffffe 

[Debug] [2026-4-25 10:25:50] Log::Print : COMMAND[get_cable_paras] execute successfully, takes 1.8 secs.
[Debug] [2026-4-25 10:25:51] begin the exec of open cable cmd...
[Debug] [2026-4-25 10:25:51] Begin to deal with chain from server...
[Debug] [2026-4-25 10:25:51] Begin to set user chain...
[Debug] [2026-4-25 10:25:51] End to set user chain.
[Debug] [2026-4-25 10:25:51] Begin to update graphic item and tree item ...
[Debug] [2026-4-25 10:25:51] End to update graphic item and tree item ...
[Debug] [2026-4-25 10:25:51] Log::Print : PANGO USB CABLE II cable driver: D2XX DLL
[Debug] [2026-4-25 10:25:51] Log::Print : PG2L200H
[Debug] [2026-4-25 10:25:51] Log::Print : This device configure situation (done bit): 0
[Info] [2026-4-25 10:25:52] set OpenLastPath: C:/Users/Datou21/Desktop/PDS/back1/cnn_usb_copy/prj_pds/generate_bitstream/hdmi_loop.sbit
[Debug] [2026-4-25 10:25:52] begin to get device info from CFG file...
[Debug] [2026-4-25 10:25:52] end to get device info from CFG file...
[Debug] [2026-4-25 10:25:52] Begin to update graphic item and tree item ...
[Debug] [2026-4-25 10:25:52] End to update graphic item and tree item ...
[Debug] [2026-4-25 10:25:52] Begin to update graphic item and tree item ...
[Debug] [2026-4-25 10:25:52] End to update graphic item and tree item ...
[Debug] [2026-4-25 10:25:52] End to deal wiht chain from server.
[Debug] [2026-4-25 10:25:52] end the exec of open cable cmd.
[Debug] [2026-4-25 10:25:52] COMMAND[Open config cable] execute successfully, takes 3.8 secs.
[Debug] [2026-4-25 10:25:52] Log::Print : COMMAND[Open config cable] execute successfully, takes 3.8 secs.
[Debug] [2026-4-25 10:25:52] Begin to send programming cmd...
[Debug] [2026-4-25 10:25:52] Send RPC:4
[Debug] [2026-4-25 10:25:52] Begin to send program data.
[Debug] [2026-4-25 10:25:52] End to send program data.
[Debug] [2026-4-25 10:25:52] Send cmd [Program:20002] OK
[Debug] [2026-4-25 10:25:53] The value of Progress is 6
[Debug] [2026-4-25 10:25:54] The value of Progress is 10
[Debug] [2026-4-25 10:25:54] The value of Progress is 15
[Debug] [2026-4-25 10:25:54] The value of Progress is 20
[Debug] [2026-4-25 10:25:55] The value of Progress is 25
[Debug] [2026-4-25 10:25:55] The value of Progress is 30
[Debug] [2026-4-25 10:25:56] The value of Progress is 35
[Debug] [2026-4-25 10:25:56] The value of Progress is 40
[Debug] [2026-4-25 10:25:56] The value of Progress is 45
[Debug] [2026-4-25 10:25:57] The value of Progress is 50
[Debug] [2026-4-25 10:25:57] The value of Progress is 55
[Debug] [2026-4-25 10:25:58] The value of Progress is 60
[Debug] [2026-4-25 10:25:58] The value of Progress is 65
[Debug] [2026-4-25 10:25:58] The value of Progress is 70
[Debug] [2026-4-25 10:25:59] The value of Progress is 75
[Debug] [2026-4-25 10:25:59] The value of Progress is 80
[Debug] [2026-4-25 10:25:59] The value of Progress is 85
[Debug] [2026-4-25 10:26:00] The value of Progress is 90
[Debug] [2026-4-25 10:26:00] The value of Progress is 95
[Debug] [2026-4-25 10:26:01] The value of Progress is 100
[Debug] [2026-4-25 10:26:01] COMMAND[Program] execute successfully, takes 8.3 secs.
[Debug] [2026-4-25 10:26:01] End to send programming cmd.
[Debug] [2026-4-25 10:26:01] Log::Print : The done bit is 1
[Debug] [2026-4-25 10:26:01] Log::Print : COMMAND[Program] execute successfully, takes 8.3 secs.
[Debug] [2026-4-25 10:26:09] Begin to send programming cmd...
[Debug] [2026-4-25 10:26:09] Send RPC:5
[Debug] [2026-4-25 10:26:09] Begin to send program data.
[Debug] [2026-4-25 10:26:09] End to send program data.
[Debug] [2026-4-25 10:26:09] Send cmd [Program:20002] OK
[Debug] [2026-4-25 10:26:10] The value of Progress is 6
[Debug] [2026-4-25 10:26:10] The value of Progress is 10
[Debug] [2026-4-25 10:26:11] The value of Progress is 15
[Debug] [2026-4-25 10:26:11] The value of Progress is 20
[Debug] [2026-4-25 10:26:11] The value of Progress is 25
[Debug] [2026-4-25 10:26:12] The value of Progress is 30
[Debug] [2026-4-25 10:26:12] The value of Progress is 35
[Debug] [2026-4-25 10:26:12] The value of Progress is 40
[Debug] [2026-4-25 10:26:13] The value of Progress is 45
[Debug] [2026-4-25 10:26:13] The value of Progress is 50
[Debug] [2026-4-25 10:26:14] The value of Progress is 55
[Debug] [2026-4-25 10:26:14] The value of Progress is 60
[Debug] [2026-4-25 10:26:14] The value of Progress is 65
[Debug] [2026-4-25 10:26:15] The value of Progress is 70
[Debug] [2026-4-25 10:26:15] The value of Progress is 75
[Debug] [2026-4-25 10:26:16] The value of Progress is 80
[Debug] [2026-4-25 10:26:16] The value of Progress is 85
[Debug] [2026-4-25 10:26:16] The value of Progress is 90
[Debug] [2026-4-25 10:26:17] The value of Progress is 95
[Debug] [2026-4-25 10:26:17] The value of Progress is 100
[Debug] [2026-4-25 10:26:17] COMMAND[Program] execute successfully, takes 8.3 secs.
[Debug] [2026-4-25 10:26:17] End to send programming cmd.
[Debug] [2026-4-25 10:26:17] Log::Print : The done bit is 1
[Debug] [2026-4-25 10:26:17] Log::Print : COMMAND[Program] execute successfully, takes 8.3 secs.
[Debug] [2026-4-25 10:30:50] Begin to send programming cmd...
[Debug] [2026-4-25 10:30:50] Send RPC:6
[Debug] [2026-4-25 10:30:50] Begin to send program data.
[Debug] [2026-4-25 10:30:50] End to send program data.
[Debug] [2026-4-25 10:30:50] Send cmd [Program:20002] OK
[Debug] [2026-4-25 10:30:51] The value of Progress is 6
[Debug] [2026-4-25 10:30:51] The value of Progress is 10
[Debug] [2026-4-25 10:30:52] The value of Progress is 15
[Debug] [2026-4-25 10:30:52] The value of Progress is 20
[Debug] [2026-4-25 10:30:52] The value of Progress is 25
[Debug] [2026-4-25 10:30:53] The value of Progress is 30
[Debug] [2026-4-25 10:30:53] The value of Progress is 35
[Debug] [2026-4-25 10:30:54] The value of Progress is 40
[Debug] [2026-4-25 10:30:54] The value of Progress is 45
[Debug] [2026-4-25 10:30:54] The value of Progress is 50
[Debug] [2026-4-25 10:30:55] The value of Progress is 55
[Debug] [2026-4-25 10:30:55] The value of Progress is 60
[Debug] [2026-4-25 10:30:55] The value of Progress is 65
[Debug] [2026-4-25 10:30:56] The value of Progress is 70
[Debug] [2026-4-25 10:30:56] The value of Progress is 75
[Debug] [2026-4-25 10:30:57] The value of Progress is 80
[Debug] [2026-4-25 10:30:57] The value of Progress is 85
[Debug] [2026-4-25 10:30:57] The value of Progress is 90
[Debug] [2026-4-25 10:30:58] The value of Progress is 95
[Debug] [2026-4-25 10:30:58] The value of Progress is 100
[Debug] [2026-4-25 10:30:58] COMMAND[Program] execute successfully, takes 8.3 secs.
[Debug] [2026-4-25 10:30:58] End to send programming cmd.
[Debug] [2026-4-25 10:30:58] Log::Print : The done bit is 1
[Debug] [2026-4-25 10:30:58] Log::Print : COMMAND[Program] execute successfully, takes 8.3 secs.
[Debug] [2026-4-25 10:33:38] Begin to send verify cmd in BS mode...
[Debug] [2026-4-25 10:33:38] Begin to check mask file.
[Debug] [2026-4-25 10:33:38] End to check mask file.
[Debug] [2026-4-25 10:33:38] Send RPC:7
[Debug] [2026-4-25 10:33:38] Begin to send verify data.
[Debug] [2026-4-25 10:33:38] End to send verify data.
[Debug] [2026-4-25 10:33:38] Send cmd [Verify:20004] OK
[Debug] [2026-4-25 10:33:40] Begin to send abort process cmd.
[Debug] [2026-4-25 10:33:40] Begin to flush aborting cmd. 
[Debug] [2026-4-25 10:33:40] End to flush aborting cmd. 
[Debug] [2026-4-25 10:33:40] End to send abort process cmd.
[Debug] [2026-4-25 10:33:40] End to send verify cmd in BS mode.
[Error] [2026-4-25 10:33:40] MsgOut: Configuration-0005: Try to abort Verifying.
[Error] [2026-4-25 10:33:40] fail to exec Verify cmd...
[Error] [2026-4-25 10:33:40] MsgOut: JtagServer-0320: Fail to read back bitstream.
[Error] [2026-4-25 10:33:40] MsgOut: JtagServer-0607: Fail to compare C:/Users/Datou21/Desktop/PDS/back1/cnn_usb_copy/prj_pds/generate_bitstream/hdmi_loop.sbit file with readback file.
[Warn] [2026-4-25 10:33:40] MsgOut: Configuration-4003: Configuration execute warning: Maybe the cable frequency is high or file error, decreasing frequency may avoid fail or check file. And check flash mode whether device supports.
[Error] [2026-4-25 10:33:40] MsgOut: Configuration-0008: The command 'Verify' execute fail.
[Debug] [2026-4-25 10:33:40] Begin to send programming cmd...
[Debug] [2026-4-25 10:33:40] Send RPC:8
[Debug] [2026-4-25 10:33:40] Begin to send program data.
[Debug] [2026-4-25 10:33:40] End to send program data.
[Debug] [2026-4-25 10:33:40] Send cmd [Program:20002] OK
[Debug] [2026-4-25 10:33:41] The value of Progress is 6
[Debug] [2026-4-25 10:33:42] The value of Progress is 10
[Debug] [2026-4-25 10:33:42] The value of Progress is 15
[Debug] [2026-4-25 10:33:42] The value of Progress is 20
[Debug] [2026-4-25 10:33:43] The value of Progress is 25
[Debug] [2026-4-25 10:33:43] The value of Progress is 30
[Debug] [2026-4-25 10:33:44] The value of Progress is 35
[Debug] [2026-4-25 10:33:44] The value of Progress is 40
[Debug] [2026-4-25 10:33:44] The value of Progress is 45
[Debug] [2026-4-25 10:33:45] The value of Progress is 50
[Debug] [2026-4-25 10:33:45] The value of Progress is 55
[Debug] [2026-4-25 10:33:45] The value of Progress is 60
[Debug] [2026-4-25 10:33:46] The value of Progress is 65
[Debug] [2026-4-25 10:33:46] The value of Progress is 70
[Debug] [2026-4-25 10:33:47] The value of Progress is 75
[Debug] [2026-4-25 10:33:47] The value of Progress is 80
[Debug] [2026-4-25 10:33:47] The value of Progress is 85
[Debug] [2026-4-25 10:33:48] The value of Progress is 90
[Debug] [2026-4-25 10:33:48] The value of Progress is 95
[Debug] [2026-4-25 10:33:49] The value of Progress is 100
[Debug] [2026-4-25 10:33:49] COMMAND[Program] execute successfully, takes 8.3 secs.
[Debug] [2026-4-25 10:33:49] End to send programming cmd.
[Debug] [2026-4-25 10:33:49] Log::Print : The done bit is 1
[Debug] [2026-4-25 10:33:49] Log::Print : COMMAND[Program] execute successfully, takes 8.3 secs.
[Debug] [2026-4-25 11:09:04] Begin to send programming cmd...
[Debug] [2026-4-25 11:09:04] Send RPC:9
[Debug] [2026-4-25 11:09:04] Begin to send program data.
[Debug] [2026-4-25 11:09:04] End to send program data.
[Debug] [2026-4-25 11:09:04] Send cmd [Program:20002] OK
[Debug] [2026-4-25 11:09:05] The value of Progress is 6
[Debug] [2026-4-25 11:09:06] The value of Progress is 10
[Debug] [2026-4-25 11:09:06] The value of Progress is 15
[Debug] [2026-4-25 11:09:06] The value of Progress is 20
[Debug] [2026-4-25 11:09:07] The value of Progress is 25
[Debug] [2026-4-25 11:09:07] The value of Progress is 30
[Debug] [2026-4-25 11:09:07] The value of Progress is 35
[Debug] [2026-4-25 11:09:08] The value of Progress is 40
[Debug] [2026-4-25 11:09:08] The value of Progress is 45
[Debug] [2026-4-25 11:09:09] The value of Progress is 50
[Debug] [2026-4-25 11:09:09] The value of Progress is 55
[Debug] [2026-4-25 11:09:09] The value of Progress is 60
[Debug] [2026-4-25 11:09:10] The value of Progress is 65
[Debug] [2026-4-25 11:09:10] The value of Progress is 70
[Debug] [2026-4-25 11:09:11] The value of Progress is 75
[Debug] [2026-4-25 11:09:11] The value of Progress is 80
[Debug] [2026-4-25 11:09:11] The value of Progress is 85
[Debug] [2026-4-25 11:09:12] The value of Progress is 90
[Debug] [2026-4-25 11:09:12] The value of Progress is 95
[Debug] [2026-4-25 11:09:12] The value of Progress is 100
[Debug] [2026-4-25 11:09:13] COMMAND[Program] execute successfully, takes 8.7 secs.
[Debug] [2026-4-25 11:09:13] End to send programming cmd.
[Debug] [2026-4-25 11:09:13] Log::Print : The done bit is 1
[Debug] [2026-4-25 11:09:13] Log::Print : COMMAND[Program] execute successfully, takes 8.7 secs.
[Debug] [2026-4-25 11:09:17] Begin to send programming cmd...
[Debug] [2026-4-25 11:09:17] Send RPC:10
[Debug] [2026-4-25 11:09:17] Begin to send program data.
[Debug] [2026-4-25 11:09:17] End to send program data.
[Debug] [2026-4-25 11:09:17] Send cmd [Program:20002] OK
[Debug] [2026-4-25 11:09:18] The value of Progress is 6
[Debug] [2026-4-25 11:09:19] The value of Progress is 10
[Debug] [2026-4-25 11:09:19] The value of Progress is 15
[Debug] [2026-4-25 11:09:19] The value of Progress is 20
[Debug] [2026-4-25 11:09:20] The value of Progress is 25
[Debug] [2026-4-25 11:09:20] The value of Progress is 30
[Debug] [2026-4-25 11:09:21] The value of Progress is 35
[Debug] [2026-4-25 11:09:21] The value of Progress is 40
[Debug] [2026-4-25 11:09:21] The value of Progress is 45
[Debug] [2026-4-25 11:09:22] The value of Progress is 50
[Debug] [2026-4-25 11:09:22] The value of Progress is 55
[Debug] [2026-4-25 11:09:22] The value of Progress is 60
[Debug] [2026-4-25 11:09:23] The value of Progress is 65
[Debug] [2026-4-25 11:09:23] The value of Progress is 70
[Debug] [2026-4-25 11:09:24] The value of Progress is 75
[Debug] [2026-4-25 11:09:24] The value of Progress is 80
[Debug] [2026-4-25 11:09:24] The value of Progress is 85
[Debug] [2026-4-25 11:09:25] The value of Progress is 90
[Debug] [2026-4-25 11:09:25] The value of Progress is 95
[Debug] [2026-4-25 11:09:25] The value of Progress is 100
[Debug] [2026-4-25 11:09:26] COMMAND[Program] execute successfully, takes 8.3 secs.
[Debug] [2026-4-25 11:09:26] End to send programming cmd.
[Debug] [2026-4-25 11:09:26] Log::Print : The done bit is 1
[Debug] [2026-4-25 11:09:26] Log::Print : COMMAND[Program] execute successfully, takes 8.3 secs.
[Debug] [2026-4-25 11:09:45] Begin to send programming cmd...
[Debug] [2026-4-25 11:09:45] Send RPC:11
[Debug] [2026-4-25 11:09:45] Begin to send program data.
[Debug] [2026-4-25 11:09:45] End to send program data.
[Debug] [2026-4-25 11:09:45] Send cmd [Program:20002] OK
[Debug] [2026-4-25 11:09:46] The value of Progress is 6
[Debug] [2026-4-25 11:09:46] The value of Progress is 10
[Debug] [2026-4-25 11:09:46] The value of Progress is 15
[Debug] [2026-4-25 11:09:47] The value of Progress is 20
[Debug] [2026-4-25 11:09:47] The value of Progress is 25
[Debug] [2026-4-25 11:09:47] The value of Progress is 30
[Debug] [2026-4-25 11:09:48] The value of Progress is 35
[Debug] [2026-4-25 11:09:48] The value of Progress is 40
[Debug] [2026-4-25 11:09:49] The value of Progress is 45
[Debug] [2026-4-25 11:09:49] The value of Progress is 50
[Debug] [2026-4-25 11:09:49] The value of Progress is 55
[Debug] [2026-4-25 11:09:50] The value of Progress is 60
[Debug] [2026-4-25 11:09:50] The value of Progress is 65
[Debug] [2026-4-25 11:09:50] The value of Progress is 70
[Debug] [2026-4-25 11:09:51] The value of Progress is 75
[Debug] [2026-4-25 11:09:51] The value of Progress is 80
[Debug] [2026-4-25 11:09:52] The value of Progress is 85
[Debug] [2026-4-25 11:09:52] The value of Progress is 90
[Debug] [2026-4-25 11:09:52] The value of Progress is 95
[Debug] [2026-4-25 11:09:53] The value of Progress is 100
[Debug] [2026-4-25 11:09:53] COMMAND[Program] execute successfully, takes 8.4 secs.
[Debug] [2026-4-25 11:09:53] End to send programming cmd.
[Debug] [2026-4-25 11:09:53] Log::Print : The done bit is 1
[Debug] [2026-4-25 11:09:53] Log::Print : COMMAND[Program] execute successfully, takes 8.4 secs.
[Debug] [2026-4-25 11:09:58] Begin to send programming cmd...
[Debug] [2026-4-25 11:09:58] Send RPC:12
[Debug] [2026-4-25 11:09:58] Begin to send program data.
[Debug] [2026-4-25 11:09:58] End to send program data.
[Debug] [2026-4-25 11:09:58] Send cmd [Program:20002] OK
[Debug] [2026-4-25 11:09:59] The value of Progress is 6
[Debug] [2026-4-25 11:09:59] The value of Progress is 10
[Debug] [2026-4-25 11:09:59] The value of Progress is 15
[Debug] [2026-4-25 11:10:00] The value of Progress is 20
[Debug] [2026-4-25 11:10:00] The value of Progress is 25
[Debug] [2026-4-25 11:10:00] The value of Progress is 30
[Debug] [2026-4-25 11:10:01] The value of Progress is 35
[Debug] [2026-4-25 11:10:01] The value of Progress is 40
[Debug] [2026-4-25 11:10:02] The value of Progress is 45
[Debug] [2026-4-25 11:10:02] The value of Progress is 50
[Debug] [2026-4-25 11:10:02] The value of Progress is 55
[Debug] [2026-4-25 11:10:03] The value of Progress is 60
[Debug] [2026-4-25 11:10:03] The value of Progress is 65
[Debug] [2026-4-25 11:10:03] The value of Progress is 70
[Debug] [2026-4-25 11:10:04] The value of Progress is 75
[Debug] [2026-4-25 11:10:04] The value of Progress is 80
[Debug] [2026-4-25 11:10:05] The value of Progress is 85
[Debug] [2026-4-25 11:10:05] The value of Progress is 90
[Debug] [2026-4-25 11:10:05] The value of Progress is 95
[Debug] [2026-4-25 11:10:06] The value of Progress is 100
[Debug] [2026-4-25 11:10:06] COMMAND[Program] execute successfully, takes 8.3 secs.
[Debug] [2026-4-25 11:10:06] End to send programming cmd.
[Debug] [2026-4-25 11:10:06] Log::Print : The done bit is 1
[Debug] [2026-4-25 11:10:06] Log::Print : COMMAND[Program] execute successfully, takes 8.3 secs.
[Info] [2026-4-25 14:59:19] /***************************End Configration***************************/
[Info] [2026-4-25 15:08:32] /***************************Start Configuration***************************/
[Info] [2026-4-25 15:08:32] Path: C:/pango/PDS_2022.2-SP6.4/bin
[Info] [2026-4-25 15:08:32] Version: 146967
[Info] [2026-4-25 15:08:33] Current Path: C:/Users/Datou21/Desktop/PDS/back1/cnn_usb_copy/prj_pds
[Info] [2026-4-25 15:08:33] PDS Dir Path: C:/Users/Datou21/Desktop/PDS/back1/cnn_usb_copy/prj_pds
[Info] [2026-4-25 15:08:36] Configuration is not connect with server. connect first then scan chain.
[Debug] [2026-4-25 15:08:36] Client Local host name:DESKTOP-VB8TKRO
[Debug] [2026-4-25 15:08:36] Client Local Address:2.0.0.1
[Debug] [2026-4-25 15:08:36] Client Local Address:210.77.26.220
[Debug] [2026-4-25 15:08:36] Client Local Address:192.168.44.1
[Debug] [2026-4-25 15:08:36] Client Local Address:192.168.176.1
[Debug] [2026-4-25 15:08:36] Server Address:127.0.0.1, Port:65420
[Debug] [2026-4-25 15:08:36] Log::Print : Connecting to server[127.0.0.1 : 65420].
[Info] [2026-4-25 15:08:37] Connect OK, Server: 127.0.0.1  Port: 65420
[Debug] [2026-4-25 15:08:37] Finish.
[Info] [2026-4-25 15:08:37] Connect server succeeded
[Debug] [2026-4-25 15:08:37] Send RPC:1
[Debug] [2026-4-25 15:08:37] Send cmd [check version information:40004] OK
[Debug] [2026-4-25 15:08:37] Log::Print : Connect to server[127.0.0.1 : 65420] successfully.
[Debug] [2026-4-25 15:08:38] Send RPC:2
[Debug] [2026-4-25 15:08:38] Send cmd [get_cable_paras:40010] OK
[Debug] [2026-4-25 15:08:38] Begin to send initialize chain cmd...
[Debug] [2026-4-25 15:08:38] Send RPC:3
[Debug] [2026-4-25 15:08:38] Send cmd [Open config cable:20001] OK
[Debug] [2026-4-25 15:08:38] End to send initialize chain cmd.
[Debug] [2026-4-25 15:08:38] COMMAND[check version information] execute successfully, takes 1.6 secs.
[Debug] [2026-4-25 15:08:38] Log::Print : COMMAND[check version information] execute successfully, takes 1.6 secs.
[Debug] [2026-4-25 15:08:40] COMMAND[get_cable_paras] execute successfully, takes 1.8 secs.
[Debug] [2026-4-25 15:08:40] Log::Print : The cable List : 
Cable index 0:USB Cable II/fffffffffffffffe 

[Debug] [2026-4-25 15:08:40] Log::Print : COMMAND[get_cable_paras] execute successfully, takes 1.8 secs.
[Debug] [2026-4-25 15:08:41] begin the exec of open cable cmd...
[Debug] [2026-4-25 15:08:41] Begin to deal with chain from server...
[Debug] [2026-4-25 15:08:41] Begin to set user chain...
[Debug] [2026-4-25 15:08:41] End to set user chain.
[Debug] [2026-4-25 15:08:41] Begin to update graphic item and tree item ...
[Debug] [2026-4-25 15:08:41] End to update graphic item and tree item ...
[Debug] [2026-4-25 15:08:41] Log::Print : PANGO USB CABLE II cable driver: D2XX DLL
[Debug] [2026-4-25 15:08:41] Log::Print : PG2L200H
[Debug] [2026-4-25 15:08:41] Log::Print : This device configure situation (done bit): 0
[Info] [2026-4-25 15:08:45] set OpenLastPath: C:/Users/Datou21/Desktop/PDS/back1/cnn_usb_copy/prj_pds/generate_bitstream/hdmi_loop.sbit
[Debug] [2026-4-25 15:08:45] begin to get device info from CFG file...
[Debug] [2026-4-25 15:08:45] end to get device info from CFG file...
[Debug] [2026-4-25 15:08:45] Begin to update graphic item and tree item ...
[Debug] [2026-4-25 15:08:45] End to update graphic item and tree item ...
[Debug] [2026-4-25 15:08:45] Begin to update graphic item and tree item ...
[Debug] [2026-4-25 15:08:45] End to update graphic item and tree item ...
[Debug] [2026-4-25 15:08:45] End to deal wiht chain from server.
[Debug] [2026-4-25 15:08:45] end the exec of open cable cmd.
[Debug] [2026-4-25 15:08:45] COMMAND[Open config cable] execute successfully, takes 6.2 secs.
[Debug] [2026-4-25 15:08:45] Log::Print : COMMAND[Open config cable] execute successfully, takes 6.2 secs.
[Debug] [2026-4-25 15:08:46] Begin to send programming cmd...
[Debug] [2026-4-25 15:08:46] Send RPC:4
[Debug] [2026-4-25 15:08:46] Begin to send program data.
[Debug] [2026-4-25 15:08:46] End to send program data.
[Debug] [2026-4-25 15:08:46] Send cmd [Program:20002] OK
[Debug] [2026-4-25 15:08:47] The value of Progress is 6
[Debug] [2026-4-25 15:08:47] The value of Progress is 10
[Debug] [2026-4-25 15:08:47] The value of Progress is 15
[Debug] [2026-4-25 15:08:48] The value of Progress is 20
[Debug] [2026-4-25 15:08:48] The value of Progress is 25
[Debug] [2026-4-25 15:08:49] The value of Progress is 30
[Debug] [2026-4-25 15:08:49] The value of Progress is 35
[Debug] [2026-4-25 15:08:49] The value of Progress is 40
[Debug] [2026-4-25 15:08:50] The value of Progress is 45
[Debug] [2026-4-25 15:08:50] The value of Progress is 50
[Debug] [2026-4-25 15:08:51] The value of Progress is 55
[Debug] [2026-4-25 15:08:51] The value of Progress is 60
[Debug] [2026-4-25 15:08:51] The value of Progress is 65
[Debug] [2026-4-25 15:08:52] The value of Progress is 70
[Debug] [2026-4-25 15:08:52] The value of Progress is 75
[Debug] [2026-4-25 15:08:52] The value of Progress is 80
[Debug] [2026-4-25 15:08:53] The value of Progress is 85
[Debug] [2026-4-25 15:08:53] The value of Progress is 90
[Debug] [2026-4-25 15:08:54] The value of Progress is 95
[Debug] [2026-4-25 15:08:54] The value of Progress is 100
[Debug] [2026-4-25 15:08:54] COMMAND[Program] execute successfully, takes 8.3 secs.
[Debug] [2026-4-25 15:08:54] End to send programming cmd.
[Debug] [2026-4-25 15:08:54] Log::Print : The done bit is 1
[Debug] [2026-4-25 15:08:54] Log::Print : COMMAND[Program] execute successfully, takes 8.3 secs.
[Debug] [2026-4-25 15:08:59] Begin to send programming cmd...
[Debug] [2026-4-25 15:08:59] Send RPC:5
[Debug] [2026-4-25 15:08:59] Begin to send program data.
[Debug] [2026-4-25 15:08:59] End to send program data.
[Debug] [2026-4-25 15:08:59] Send cmd [Program:20002] OK
[Debug] [2026-4-25 15:09:00] The value of Progress is 6
[Debug] [2026-4-25 15:09:01] The value of Progress is 10
[Debug] [2026-4-25 15:09:01] The value of Progress is 15
[Debug] [2026-4-25 15:09:01] The value of Progress is 20
[Debug] [2026-4-25 15:09:02] The value of Progress is 25
[Debug] [2026-4-25 15:09:02] The value of Progress is 30
[Debug] [2026-4-25 15:09:03] The value of Progress is 35
[Debug] [2026-4-25 15:09:03] The value of Progress is 40
[Debug] [2026-4-25 15:09:03] The value of Progress is 45
[Debug] [2026-4-25 15:09:04] The value of Progress is 50
[Debug] [2026-4-25 15:09:04] The value of Progress is 55
[Debug] [2026-4-25 15:09:04] The value of Progress is 60
[Debug] [2026-4-25 15:09:05] The value of Progress is 65
[Debug] [2026-4-25 15:09:05] The value of Progress is 70
[Debug] [2026-4-25 15:09:06] The value of Progress is 75
[Debug] [2026-4-25 15:09:06] The value of Progress is 80
[Debug] [2026-4-25 15:09:06] The value of Progress is 85
[Debug] [2026-4-25 15:09:07] The value of Progress is 90
[Debug] [2026-4-25 15:09:07] The value of Progress is 95
[Debug] [2026-4-25 15:09:07] The value of Progress is 100
[Debug] [2026-4-25 15:09:08] COMMAND[Program] execute successfully, takes 8.4 secs.
[Debug] [2026-4-25 15:09:08] End to send programming cmd.
[Debug] [2026-4-25 15:09:08] Log::Print : The done bit is 1
[Debug] [2026-4-25 15:09:08] Log::Print : COMMAND[Program] execute successfully, takes 8.4 secs.
[Debug] [2026-4-25 15:10:35] Begin to send programming cmd...
[Debug] [2026-4-25 15:10:35] Send RPC:6
[Debug] [2026-4-25 15:10:35] Begin to send program data.
[Debug] [2026-4-25 15:10:35] End to send program data.
[Debug] [2026-4-25 15:10:35] Send cmd [Program:20002] OK
[Debug] [2026-4-25 15:10:36] The value of Progress is 6
[Debug] [2026-4-25 15:10:36] The value of Progress is 10
[Debug] [2026-4-25 15:10:36] The value of Progress is 15
[Debug] [2026-4-25 15:10:37] The value of Progress is 20
[Debug] [2026-4-25 15:10:37] The value of Progress is 25
[Debug] [2026-4-25 15:10:37] The value of Progress is 30
[Debug] [2026-4-25 15:10:38] The value of Progress is 35
[Debug] [2026-4-25 15:10:38] The value of Progress is 40
[Debug] [2026-4-25 15:10:39] The value of Progress is 45
[Debug] [2026-4-25 15:10:39] The value of Progress is 50
[Debug] [2026-4-25 15:10:39] The value of Progress is 55
[Debug] [2026-4-25 15:10:40] The value of Progress is 60
[Debug] [2026-4-25 15:10:40] The value of Progress is 65
[Debug] [2026-4-25 15:10:41] The value of Progress is 70
[Debug] [2026-4-25 15:10:41] The value of Progress is 75
[Debug] [2026-4-25 15:10:41] The value of Progress is 80
[Debug] [2026-4-25 15:10:42] The value of Progress is 85
[Debug] [2026-4-25 15:10:42] The value of Progress is 90
[Debug] [2026-4-25 15:10:42] The value of Progress is 95
[Debug] [2026-4-25 15:10:43] The value of Progress is 100
[Debug] [2026-4-25 15:10:43] COMMAND[Program] execute successfully, takes 8.4 secs.
[Debug] [2026-4-25 15:10:43] End to send programming cmd.
[Debug] [2026-4-25 15:10:43] Log::Print : The done bit is 1
[Debug] [2026-4-25 15:10:43] Log::Print : COMMAND[Program] execute successfully, takes 8.4 secs.
[Debug] [2026-4-25 15:11:09] Begin to send initialize chain cmd...
[Debug] [2026-4-25 15:11:09] Send RPC:7
[Debug] [2026-4-25 15:11:09] Send cmd [Open config cable:20001] OK
[Debug] [2026-4-25 15:11:09] End to send initialize chain cmd.
[Debug] [2026-4-25 15:11:09] begin the exec of open cable cmd...
[Debug] [2026-4-25 15:11:09] Begin to deal with chain from server...
[Debug] [2026-4-25 15:11:09] Begin to set user chain...
[Debug] [2026-4-25 15:11:09] End to set user chain.
[Debug] [2026-4-25 15:11:09] Begin to update graphic item and tree item ...
[Debug] [2026-4-25 15:11:09] End to update graphic item and tree item ...
[Debug] [2026-4-25 15:11:09] Log::Print : PANGO USB CABLE II cable driver: D2XX DLL
[Debug] [2026-4-25 15:11:09] Log::Print : PG2L200H
[Debug] [2026-4-25 15:11:09] Log::Print : This device configure situation (done bit): 1
[Info] [2026-4-25 15:11:16] set OpenLastPath: C:/Users/Datou21/Desktop/PDS/back1/cnn_usb_copy/bit_files/720P_hdmi_loop_pds_200kmini-v3.sbit
[Debug] [2026-4-25 15:11:16] begin to get device info from CFG file...
[Debug] [2026-4-25 15:11:16] end to get device info from CFG file...
[Debug] [2026-4-25 15:11:16] Begin to update graphic item and tree item ...
[Debug] [2026-4-25 15:11:16] End to update graphic item and tree item ...
[Debug] [2026-4-25 15:11:16] Begin to update graphic item and tree item ...
[Debug] [2026-4-25 15:11:16] End to update graphic item and tree item ...
[Debug] [2026-4-25 15:11:16] End to deal wiht chain from server.
[Debug] [2026-4-25 15:11:16] end the exec of open cable cmd.
[Debug] [2026-4-25 15:11:16] COMMAND[Open config cable] execute successfully, takes 7.4 secs.
[Debug] [2026-4-25 15:11:16] Log::Print : COMMAND[Open config cable] execute successfully, takes 7.4 secs.
[Debug] [2026-4-25 15:11:17] Begin to send programming cmd...
[Debug] [2026-4-25 15:11:17] Send RPC:8
[Debug] [2026-4-25 15:11:17] Begin to send program data.
[Debug] [2026-4-25 15:11:17] End to send program data.
[Debug] [2026-4-25 15:11:17] Send cmd [Program:20002] OK
[Debug] [2026-4-25 15:11:18] The value of Progress is 6
[Debug] [2026-4-25 15:11:18] The value of Progress is 10
[Debug] [2026-4-25 15:11:18] The value of Progress is 15
[Debug] [2026-4-25 15:11:19] The value of Progress is 20
[Debug] [2026-4-25 15:11:19] The value of Progress is 25
[Debug] [2026-4-25 15:11:20] The value of Progress is 30
[Debug] [2026-4-25 15:11:20] The value of Progress is 35
[Debug] [2026-4-25 15:11:20] The value of Progress is 40
[Debug] [2026-4-25 15:11:21] The value of Progress is 45
[Debug] [2026-4-25 15:11:21] The value of Progress is 50
[Debug] [2026-4-25 15:11:21] The value of Progress is 55
[Debug] [2026-4-25 15:11:22] The value of Progress is 60
[Debug] [2026-4-25 15:11:22] The value of Progress is 65
[Debug] [2026-4-25 15:11:23] The value of Progress is 70
[Debug] [2026-4-25 15:11:23] The value of Progress is 75
[Debug] [2026-4-25 15:11:23] The value of Progress is 80
[Debug] [2026-4-25 15:11:24] The value of Progress is 85
[Debug] [2026-4-25 15:11:24] The value of Progress is 90
[Debug] [2026-4-25 15:11:25] The value of Progress is 95
[Debug] [2026-4-25 15:11:25] The value of Progress is 100
[Debug] [2026-4-25 15:11:25] COMMAND[Program] execute successfully, takes 8.3 secs.
[Debug] [2026-4-25 15:11:25] End to send programming cmd.
[Debug] [2026-4-25 15:11:25] Log::Print : The done bit is 1
[Debug] [2026-4-25 15:11:25] Log::Print : COMMAND[Program] execute successfully, takes 8.3 secs.
[Debug] [2026-4-25 15:11:57] Begin to send programming cmd...
[Debug] [2026-4-25 15:11:57] Send RPC:9
[Debug] [2026-4-25 15:11:57] Begin to send program data.
[Debug] [2026-4-25 15:11:57] End to send program data.
[Debug] [2026-4-25 15:11:57] Send cmd [Program:20002] OK
[Debug] [2026-4-25 15:11:58] The value of Progress is 6
[Debug] [2026-4-25 15:11:58] The value of Progress is 10
[Debug] [2026-4-25 15:11:59] The value of Progress is 15
[Debug] [2026-4-25 15:11:59] The value of Progress is 20
[Debug] [2026-4-25 15:11:59] The value of Progress is 25
[Debug] [2026-4-25 15:12:00] The value of Progress is 30
[Debug] [2026-4-25 15:12:00] The value of Progress is 35
[Debug] [2026-4-25 15:12:01] The value of Progress is 40
[Debug] [2026-4-25 15:12:01] The value of Progress is 45
[Debug] [2026-4-25 15:12:01] The value of Progress is 50
[Debug] [2026-4-25 15:12:02] The value of Progress is 55
[Debug] [2026-4-25 15:12:02] The value of Progress is 60
[Debug] [2026-4-25 15:12:02] The value of Progress is 65
[Debug] [2026-4-25 15:12:03] The value of Progress is 70
[Debug] [2026-4-25 15:12:03] The value of Progress is 75
[Debug] [2026-4-25 15:12:04] The value of Progress is 80
[Debug] [2026-4-25 15:12:04] The value of Progress is 85
[Debug] [2026-4-25 15:12:04] The value of Progress is 90
[Debug] [2026-4-25 15:12:05] The value of Progress is 95
[Debug] [2026-4-25 15:12:05] The value of Progress is 100
[Debug] [2026-4-25 15:12:05] COMMAND[Program] execute successfully, takes 8.3 secs.
[Debug] [2026-4-25 15:12:05] End to send programming cmd.
[Debug] [2026-4-25 15:12:05] Log::Print : The done bit is 1
[Debug] [2026-4-25 15:12:05] Log::Print : COMMAND[Program] execute successfully, takes 8.3 secs.
[Info] [2026-4-25 15:12:39] /***************************End Configration***************************/
[Info] [2026-4-25 15:14:03] /***************************Start Configuration***************************/
[Info] [2026-4-25 15:14:03] Path: C:/pango/PDS_2022.2-SP6.4/bin
[Info] [2026-4-25 15:14:03] Version: 146967
[Info] [2026-4-25 15:14:04] Current Path: C:/Users/Datou21/Desktop/PDS/back1/cnn_usb_copy/prj_pds
[Info] [2026-4-25 15:14:04] PDS Dir Path: C:/Users/Datou21/Desktop/PDS/back1/cnn_usb_copy/prj_pds
[Info] [2026-4-25 15:14:05] Configuration is not connect with server. connect first then scan chain.
[Debug] [2026-4-25 15:14:05] Client Local host name:DESKTOP-VB8TKRO
[Debug] [2026-4-25 15:14:05] Client Local Address:2.0.0.1
[Debug] [2026-4-25 15:14:05] Client Local Address:210.77.26.220
[Debug] [2026-4-25 15:14:05] Client Local Address:192.168.44.1
[Debug] [2026-4-25 15:14:05] Client Local Address:192.168.176.1
[Debug] [2026-4-25 15:14:05] Server Address:127.0.0.1, Port:65420
[Debug] [2026-4-25 15:14:05] Log::Print : Connecting to server[127.0.0.1 : 65420].
[Info] [2026-4-25 15:14:06] Connect OK, Server: 127.0.0.1  Port: 65420
[Debug] [2026-4-25 15:14:06] Finish.
[Info] [2026-4-25 15:14:06] Connect server succeeded
[Debug] [2026-4-25 15:14:06] Send RPC:1
[Debug] [2026-4-25 15:14:06] Send cmd [check version information:40004] OK
[Debug] [2026-4-25 15:14:06] Log::Print : Connect to server[127.0.0.1 : 65420] successfully.
[Debug] [2026-4-25 15:14:06] Send RPC:2
[Debug] [2026-4-25 15:14:06] Send cmd [get_cable_paras:40010] OK
[Debug] [2026-4-25 15:14:06] Begin to send initialize chain cmd...
[Debug] [2026-4-25 15:14:06] Send RPC:3
[Debug] [2026-4-25 15:14:06] Send cmd [Open config cable:20001] OK
[Debug] [2026-4-25 15:14:06] End to send initialize chain cmd.
[Debug] [2026-4-25 15:14:06] COMMAND[check version information] execute successfully, takes 0.5 secs.
[Debug] [2026-4-25 15:14:06] Log::Print : COMMAND[check version information] execute successfully, takes 0.5 secs.
[Debug] [2026-4-25 15:14:07] COMMAND[get_cable_paras] execute successfully, takes 1.1 secs.
[Debug] [2026-4-25 15:14:07] Log::Print : The cable List : 
Cable index 0:USB Cable II/fffffffffffffffe 

[Debug] [2026-4-25 15:14:07] Log::Print : COMMAND[get_cable_paras] execute successfully, takes 1.1 secs.
[Debug] [2026-4-25 15:14:08] begin the exec of open cable cmd...
[Debug] [2026-4-25 15:14:08] Begin to deal with chain from server...
[Debug] [2026-4-25 15:14:08] Begin to set user chain...
[Debug] [2026-4-25 15:14:08] End to set user chain.
[Debug] [2026-4-25 15:14:08] Begin to update graphic item and tree item ...
[Debug] [2026-4-25 15:14:08] End to update graphic item and tree item ...
[Debug] [2026-4-25 15:14:08] Log::Print : PANGO USB CABLE II cable driver: D2XX DLL
[Debug] [2026-4-25 15:14:08] Log::Print : PG2L200H
[Debug] [2026-4-25 15:14:08] Log::Print : This device configure situation (done bit): 0
[Info] [2026-4-25 15:14:11] set OpenLastPath: C:/Users/Datou21/Desktop/PDS/back1/cnn_usb_copy/prj_pds/generate_bitstream/bak/hdmi_loop.sbit
[Debug] [2026-4-25 15:14:11] begin to get device info from CFG file...
[Debug] [2026-4-25 15:14:11] end to get device info from CFG file...
[Debug] [2026-4-25 15:14:11] Begin to update graphic item and tree item ...
[Debug] [2026-4-25 15:14:11] End to update graphic item and tree item ...
[Debug] [2026-4-25 15:14:11] Begin to update graphic item and tree item ...
[Debug] [2026-4-25 15:14:11] End to update graphic item and tree item ...
[Debug] [2026-4-25 15:14:11] End to deal wiht chain from server.
[Debug] [2026-4-25 15:14:11] end the exec of open cable cmd.
[Debug] [2026-4-25 15:14:11] COMMAND[Open config cable] execute successfully, takes 4.9 secs.
[Debug] [2026-4-25 15:14:11] Log::Print : COMMAND[Open config cable] execute successfully, takes 4.9 secs.
[Debug] [2026-4-25 15:14:12] Begin to send programming cmd...
[Debug] [2026-4-25 15:14:12] Send RPC:4
[Debug] [2026-4-25 15:14:12] Begin to send program data.
[Debug] [2026-4-25 15:14:12] End to send program data.
[Debug] [2026-4-25 15:14:12] Send cmd [Program:20002] OK
[Debug] [2026-4-25 15:14:13] The value of Progress is 6
[Debug] [2026-4-25 15:14:13] The value of Progress is 10
[Debug] [2026-4-25 15:14:13] The value of Progress is 15
[Debug] [2026-4-25 15:14:14] The value of Progress is 20
[Debug] [2026-4-25 15:14:14] The value of Progress is 25
[Debug] [2026-4-25 15:14:15] The value of Progress is 30
[Debug] [2026-4-25 15:14:15] The value of Progress is 35
[Debug] [2026-4-25 15:14:15] The value of Progress is 40
[Debug] [2026-4-25 15:14:16] The value of Progress is 45
[Debug] [2026-4-25 15:14:16] The value of Progress is 50
[Debug] [2026-4-25 15:14:17] The value of Progress is 55
[Debug] [2026-4-25 15:14:17] The value of Progress is 60
[Debug] [2026-4-25 15:14:17] The value of Progress is 65
[Debug] [2026-4-25 15:14:18] The value of Progress is 70
[Debug] [2026-4-25 15:14:18] The value of Progress is 75
[Debug] [2026-4-25 15:14:18] The value of Progress is 80
[Debug] [2026-4-25 15:14:19] The value of Progress is 85
[Debug] [2026-4-25 15:14:19] The value of Progress is 90
[Debug] [2026-4-25 15:14:20] The value of Progress is 95
[Debug] [2026-4-25 15:14:20] The value of Progress is 100
[Debug] [2026-4-25 15:14:20] COMMAND[Program] execute successfully, takes 8.3 secs.
[Debug] [2026-4-25 15:14:20] End to send programming cmd.
[Debug] [2026-4-25 15:14:20] Log::Print : The done bit is 1
[Debug] [2026-4-25 15:14:20] Log::Print : COMMAND[Program] execute successfully, takes 8.3 secs.
[Debug] [2026-4-25 15:14:26] Begin to send programming cmd...
[Debug] [2026-4-25 15:14:26] Send RPC:5
[Debug] [2026-4-25 15:14:26] Begin to send program data.
[Debug] [2026-4-25 15:14:26] End to send program data.
[Debug] [2026-4-25 15:14:26] Send cmd [Program:20002] OK
[Debug] [2026-4-25 15:14:26] The value of Progress is 6
[Debug] [2026-4-25 15:14:27] The value of Progress is 10
[Debug] [2026-4-25 15:14:27] The value of Progress is 15
[Debug] [2026-4-25 15:14:28] The value of Progress is 20
[Debug] [2026-4-25 15:14:28] The value of Progress is 25
[Debug] [2026-4-25 15:14:28] The value of Progress is 30
[Debug] [2026-4-25 15:14:29] The value of Progress is 35
[Debug] [2026-4-25 15:14:29] The value of Progress is 40
[Debug] [2026-4-25 15:14:29] The value of Progress is 45
[Debug] [2026-4-25 15:14:30] The value of Progress is 50
[Debug] [2026-4-25 15:14:30] The value of Progress is 55
[Debug] [2026-4-25 15:14:31] The value of Progress is 60
[Debug] [2026-4-25 15:14:31] The value of Progress is 65
[Debug] [2026-4-25 15:14:31] The value of Progress is 70
[Debug] [2026-4-25 15:14:32] The value of Progress is 75
[Debug] [2026-4-25 15:14:32] The value of Progress is 80
[Debug] [2026-4-25 15:14:32] The value of Progress is 85
[Debug] [2026-4-25 15:14:33] The value of Progress is 90
[Debug] [2026-4-25 15:14:33] The value of Progress is 95
[Debug] [2026-4-25 15:14:34] The value of Progress is 100
[Debug] [2026-4-25 15:14:34] COMMAND[Program] execute successfully, takes 8.3 secs.
[Debug] [2026-4-25 15:14:34] End to send programming cmd.
[Debug] [2026-4-25 15:14:34] Log::Print : The done bit is 1
[Debug] [2026-4-25 15:14:34] Log::Print : COMMAND[Program] execute successfully, takes 8.3 secs.
[Debug] [2026-4-25 15:16:25] Begin to send initialize chain cmd...
[Debug] [2026-4-25 15:16:25] Send RPC:6
[Debug] [2026-4-25 15:16:25] Send cmd [Open config cable:20001] OK
[Debug] [2026-4-25 15:16:25] End to send initialize chain cmd.
[Debug] [2026-4-25 15:16:25] begin the exec of open cable cmd...
[Debug] [2026-4-25 15:16:25] Begin to deal with chain from server...
[Debug] [2026-4-25 15:16:25] Begin to set user chain...
[Debug] [2026-4-25 15:16:25] End to set user chain.
[Debug] [2026-4-25 15:16:25] Begin to update graphic item and tree item ...
[Debug] [2026-4-25 15:16:25] End to update graphic item and tree item ...
[Debug] [2026-4-25 15:16:25] Log::Print : PANGO USB CABLE II cable driver: D2XX DLL
[Debug] [2026-4-25 15:16:25] Log::Print : PG2L200H
[Debug] [2026-4-25 15:16:25] Log::Print : This device configure situation (done bit): 1
[Info] [2026-4-25 15:16:31] set OpenLastPath: C:/Users/Datou21/Desktop/PDS/back1/cnn_usb_copy/bit_files/720P_hdmi_loop_pds_200kmini-v3.sbit
[Debug] [2026-4-25 15:16:31] begin to get device info from CFG file...
[Debug] [2026-4-25 15:16:31] end to get device info from CFG file...
[Debug] [2026-4-25 15:16:31] Begin to update graphic item and tree item ...
[Debug] [2026-4-25 15:16:31] End to update graphic item and tree item ...
[Debug] [2026-4-25 15:16:31] Begin to update graphic item and tree item ...
[Debug] [2026-4-25 15:16:31] End to update graphic item and tree item ...
[Debug] [2026-4-25 15:16:31] End to deal wiht chain from server.
[Debug] [2026-4-25 15:16:31] end the exec of open cable cmd.
[Debug] [2026-4-25 15:16:31] COMMAND[Open config cable] execute successfully, takes 6.6 secs.
[Debug] [2026-4-25 15:16:31] Log::Print : COMMAND[Open config cable] execute successfully, takes 6.6 secs.
[Debug] [2026-4-25 15:16:32] Begin to send programming cmd...
[Debug] [2026-4-25 15:16:32] Send RPC:7
[Debug] [2026-4-25 15:16:32] Begin to send program data.
[Debug] [2026-4-25 15:16:32] End to send program data.
[Debug] [2026-4-25 15:16:32] Send cmd [Program:20002] OK
[Debug] [2026-4-25 15:16:33] The value of Progress is 6
[Debug] [2026-4-25 15:16:33] The value of Progress is 10
[Debug] [2026-4-25 15:16:34] The value of Progress is 15
[Debug] [2026-4-25 15:16:34] The value of Progress is 20
[Debug] [2026-4-25 15:16:35] The value of Progress is 25
[Debug] [2026-4-25 15:16:35] The value of Progress is 30
[Debug] [2026-4-25 15:16:35] The value of Progress is 35
[Debug] [2026-4-25 15:16:36] The value of Progress is 40
[Debug] [2026-4-25 15:16:36] The value of Progress is 45
[Debug] [2026-4-25 15:16:36] The value of Progress is 50
[Debug] [2026-4-25 15:16:37] The value of Progress is 55
[Debug] [2026-4-25 15:16:37] The value of Progress is 60
[Debug] [2026-4-25 15:16:38] The value of Progress is 65
[Debug] [2026-4-25 15:16:38] The value of Progress is 70
[Debug] [2026-4-25 15:16:38] The value of Progress is 75
[Debug] [2026-4-25 15:16:39] The value of Progress is 80
[Debug] [2026-4-25 15:16:39] The value of Progress is 85
[Debug] [2026-4-25 15:16:39] The value of Progress is 90
[Debug] [2026-4-25 15:16:40] The value of Progress is 95
[Debug] [2026-4-25 15:16:40] The value of Progress is 100
[Debug] [2026-4-25 15:16:40] COMMAND[Program] execute successfully, takes 8.3 secs.
[Debug] [2026-4-25 15:16:40] End to send programming cmd.
[Debug] [2026-4-25 15:16:40] Log::Print : The done bit is 1
[Debug] [2026-4-25 15:16:40] Log::Print : COMMAND[Program] execute successfully, takes 8.3 secs.
[Debug] [2026-4-25 15:16:45] Begin to send programming cmd...
[Debug] [2026-4-25 15:16:45] Send RPC:8
[Debug] [2026-4-25 15:16:45] Begin to send program data.
[Debug] [2026-4-25 15:16:45] End to send program data.
[Debug] [2026-4-25 15:16:45] Send cmd [Program:20002] OK
[Debug] [2026-4-25 15:16:46] The value of Progress is 6
[Debug] [2026-4-25 15:16:46] The value of Progress is 10
[Debug] [2026-4-25 15:16:47] The value of Progress is 15
[Debug] [2026-4-25 15:16:47] The value of Progress is 20
[Debug] [2026-4-25 15:16:47] The value of Progress is 25
[Debug] [2026-4-25 15:16:48] The value of Progress is 30
[Debug] [2026-4-25 15:16:48] The value of Progress is 35
[Debug] [2026-4-25 15:16:48] The value of Progress is 40
[Debug] [2026-4-25 15:16:49] The value of Progress is 45
[Debug] [2026-4-25 15:16:49] The value of Progress is 50
[Debug] [2026-4-25 15:16:50] The value of Progress is 55
[Debug] [2026-4-25 15:16:50] The value of Progress is 60
[Debug] [2026-4-25 15:16:50] The value of Progress is 65
[Debug] [2026-4-25 15:16:51] The value of Progress is 70
[Debug] [2026-4-25 15:16:51] The value of Progress is 75
[Debug] [2026-4-25 15:16:52] The value of Progress is 80
[Debug] [2026-4-25 15:16:52] The value of Progress is 85
[Debug] [2026-4-25 15:16:52] The value of Progress is 90
[Debug] [2026-4-25 15:16:53] The value of Progress is 95
[Debug] [2026-4-25 15:16:53] The value of Progress is 100
[Debug] [2026-4-25 15:16:53] COMMAND[Program] execute successfully, takes 8.3 secs.
[Debug] [2026-4-25 15:16:53] End to send programming cmd.
[Debug] [2026-4-25 15:16:53] Log::Print : The done bit is 1
[Debug] [2026-4-25 15:16:53] Log::Print : COMMAND[Program] execute successfully, takes 8.3 secs.
[Debug] [2026-4-25 15:18:52] Begin to send programming cmd...
[Debug] [2026-4-25 15:18:52] Send RPC:9
[Debug] [2026-4-25 15:18:52] Begin to send program data.
[Debug] [2026-4-25 15:18:52] End to send program data.
[Debug] [2026-4-25 15:18:52] Send cmd [Program:20002] OK
[Debug] [2026-4-25 15:18:53] The value of Progress is 6
[Debug] [2026-4-25 15:18:53] The value of Progress is 10
[Debug] [2026-4-25 15:18:54] The value of Progress is 15
[Debug] [2026-4-25 15:18:54] The value of Progress is 20
[Debug] [2026-4-25 15:18:55] The value of Progress is 25
[Debug] [2026-4-25 15:18:55] The value of Progress is 30
[Debug] [2026-4-25 15:18:55] The value of Progress is 35
[Debug] [2026-4-25 15:18:56] The value of Progress is 40
[Debug] [2026-4-25 15:18:56] The value of Progress is 45
[Debug] [2026-4-25 15:18:57] The value of Progress is 50
[Debug] [2026-4-25 15:18:57] The value of Progress is 55
[Debug] [2026-4-25 15:18:57] The value of Progress is 60
[Debug] [2026-4-25 15:18:58] The value of Progress is 65
[Debug] [2026-4-25 15:18:58] The value of Progress is 70
[Debug] [2026-4-25 15:18:58] The value of Progress is 75
[Debug] [2026-4-25 15:18:59] The value of Progress is 80
[Debug] [2026-4-25 15:18:59] The value of Progress is 85
[Debug] [2026-4-25 15:19:00] The value of Progress is 90
[Debug] [2026-4-25 15:19:00] The value of Progress is 95
[Debug] [2026-4-25 15:19:00] The value of Progress is 100
[Debug] [2026-4-25 15:19:01] COMMAND[Program] execute successfully, takes 8.3 secs.
[Debug] [2026-4-25 15:19:01] End to send programming cmd.
[Debug] [2026-4-25 15:19:01] Log::Print : The done bit is 1
[Debug] [2026-4-25 15:19:01] Log::Print : COMMAND[Program] execute successfully, takes 8.3 secs.
[Debug] [2026-4-25 15:19:06] Begin to send initialize chain cmd...
[Debug] [2026-4-25 15:19:06] Send RPC:10
[Debug] [2026-4-25 15:19:06] Send cmd [Open config cable:20001] OK
[Debug] [2026-4-25 15:19:06] End to send initialize chain cmd.
[Debug] [2026-4-25 15:19:06] begin the exec of open cable cmd...
[Debug] [2026-4-25 15:19:06] Begin to deal with chain from server...
[Debug] [2026-4-25 15:19:06] Begin to set user chain...
[Debug] [2026-4-25 15:19:06] End to set user chain.
[Debug] [2026-4-25 15:19:06] Begin to update graphic item and tree item ...
[Debug] [2026-4-25 15:19:06] End to update graphic item and tree item ...
[Debug] [2026-4-25 15:19:06] Log::Print : PANGO USB CABLE II cable driver: D2XX DLL
[Debug] [2026-4-25 15:19:06] Log::Print : PG2L200H
[Debug] [2026-4-25 15:19:06] Log::Print : This device configure situation (done bit): 1
[Info] [2026-4-25 15:19:15] set OpenLastPath: C:/Users/Datou21/Desktop/PDS/back1/cnn_usb_copy/prj_pds/generate_bitstream/bak/hdmi_loop.sbit
[Debug] [2026-4-25 15:19:15] begin to get device info from CFG file...
[Debug] [2026-4-25 15:19:15] end to get device info from CFG file...
[Debug] [2026-4-25 15:19:15] Begin to update graphic item and tree item ...
[Debug] [2026-4-25 15:19:15] End to update graphic item and tree item ...
[Debug] [2026-4-25 15:19:15] Begin to update graphic item and tree item ...
[Debug] [2026-4-25 15:19:15] End to update graphic item and tree item ...
[Debug] [2026-4-25 15:19:15] End to deal wiht chain from server.
[Debug] [2026-4-25 15:19:15] end the exec of open cable cmd.
[Debug] [2026-4-25 15:19:15] COMMAND[Open config cable] execute successfully, takes 9.4 secs.
[Debug] [2026-4-25 15:19:15] Log::Print : COMMAND[Open config cable] execute successfully, takes 9.4 secs.
[Debug] [2026-4-25 15:19:17] Begin to send programming cmd...
[Debug] [2026-4-25 15:19:17] Send RPC:11
[Debug] [2026-4-25 15:19:17] Begin to send program data.
[Debug] [2026-4-25 15:19:17] End to send program data.
[Debug] [2026-4-25 15:19:17] Send cmd [Program:20002] OK
[Debug] [2026-4-25 15:19:18] The value of Progress is 6
[Debug] [2026-4-25 15:19:18] The value of Progress is 10
[Debug] [2026-4-25 15:19:18] The value of Progress is 15
[Debug] [2026-4-25 15:19:19] The value of Progress is 20
[Debug] [2026-4-25 15:19:19] The value of Progress is 25
[Debug] [2026-4-25 15:19:20] The value of Progress is 30
[Debug] [2026-4-25 15:19:20] The value of Progress is 35
[Debug] [2026-4-25 15:19:20] The value of Progress is 40
[Debug] [2026-4-25 15:19:21] The value of Progress is 45
[Debug] [2026-4-25 15:19:21] The value of Progress is 50
[Debug] [2026-4-25 15:19:22] The value of Progress is 55
[Debug] [2026-4-25 15:19:22] The value of Progress is 60
[Debug] [2026-4-25 15:19:22] The value of Progress is 65
[Debug] [2026-4-25 15:19:23] The value of Progress is 70
[Debug] [2026-4-25 15:19:23] The value of Progress is 75
[Debug] [2026-4-25 15:19:23] The value of Progress is 80
[Debug] [2026-4-25 15:19:24] The value of Progress is 85
[Debug] [2026-4-25 15:19:24] The value of Progress is 90
[Debug] [2026-4-25 15:19:25] The value of Progress is 95
[Debug] [2026-4-25 15:19:25] The value of Progress is 100
[Debug] [2026-4-25 15:19:25] COMMAND[Program] execute successfully, takes 8.3 secs.
[Debug] [2026-4-25 15:19:25] End to send programming cmd.
[Debug] [2026-4-25 15:19:25] Log::Print : The done bit is 1
[Debug] [2026-4-25 15:19:25] Log::Print : COMMAND[Program] execute successfully, takes 8.3 secs.
[Debug] [2026-4-25 15:19:42] Begin to send programming cmd...
[Debug] [2026-4-25 15:19:42] Send RPC:12
[Debug] [2026-4-25 15:19:42] Begin to send program data.
[Debug] [2026-4-25 15:19:42] End to send program data.
[Debug] [2026-4-25 15:19:42] Send cmd [Program:20002] OK
[Debug] [2026-4-25 15:19:43] The value of Progress is 6
[Debug] [2026-4-25 15:19:43] The value of Progress is 10
[Debug] [2026-4-25 15:19:43] The value of Progress is 15
[Debug] [2026-4-25 15:19:44] The value of Progress is 20
[Debug] [2026-4-25 15:19:44] The value of Progress is 25
[Debug] [2026-4-25 15:19:45] The value of Progress is 30
[Debug] [2026-4-25 15:19:45] The value of Progress is 35
[Debug] [2026-4-25 15:19:45] The value of Progress is 40
[Debug] [2026-4-25 15:19:46] The value of Progress is 45
[Debug] [2026-4-25 15:19:46] The value of Progress is 50
[Debug] [2026-4-25 15:19:46] The value of Progress is 55
[Debug] [2026-4-25 15:19:47] The value of Progress is 60
[Debug] [2026-4-25 15:19:47] The value of Progress is 65
[Debug] [2026-4-25 15:19:48] The value of Progress is 70
[Debug] [2026-4-25 15:19:48] The value of Progress is 75
[Debug] [2026-4-25 15:19:48] The value of Progress is 80
[Debug] [2026-4-25 15:19:49] The value of Progress is 85
[Debug] [2026-4-25 15:19:49] The value of Progress is 90
[Debug] [2026-4-25 15:19:50] The value of Progress is 95
[Debug] [2026-4-25 15:19:50] The value of Progress is 100
[Debug] [2026-4-25 15:19:50] COMMAND[Program] execute successfully, takes 8.3 secs.
[Debug] [2026-4-25 15:19:50] End to send programming cmd.
[Debug] [2026-4-25 15:19:50] Log::Print : The done bit is 1
[Debug] [2026-4-25 15:19:50] Log::Print : COMMAND[Program] execute successfully, takes 8.3 secs.
[Debug] [2026-4-25 15:21:13] Begin to send programming cmd...
[Debug] [2026-4-25 15:21:13] Send RPC:13
[Debug] [2026-4-25 15:21:13] Begin to send program data.
[Debug] [2026-4-25 15:21:13] End to send program data.
[Debug] [2026-4-25 15:21:13] Send cmd [Program:20002] OK
[Debug] [2026-4-25 15:21:14] The value of Progress is 6
[Debug] [2026-4-25 15:21:14] The value of Progress is 10
[Debug] [2026-4-25 15:21:14] The value of Progress is 15
[Debug] [2026-4-25 15:21:15] The value of Progress is 20
[Debug] [2026-4-25 15:21:15] The value of Progress is 25
[Debug] [2026-4-25 15:21:15] The value of Progress is 30
[Debug] [2026-4-25 15:21:16] The value of Progress is 35
[Debug] [2026-4-25 15:21:16] The value of Progress is 40
[Debug] [2026-4-25 15:21:17] The value of Progress is 45
[Debug] [2026-4-25 15:21:17] The value of Progress is 50
[Debug] [2026-4-25 15:21:17] The value of Progress is 55
[Debug] [2026-4-25 15:21:18] The value of Progress is 60
[Debug] [2026-4-25 15:21:18] The value of Progress is 65
[Debug] [2026-4-25 15:21:18] The value of Progress is 70
[Debug] [2026-4-25 15:21:19] The value of Progress is 75
[Debug] [2026-4-25 15:21:19] The value of Progress is 80
[Debug] [2026-4-25 15:21:20] The value of Progress is 85
[Debug] [2026-4-25 15:21:20] The value of Progress is 90
[Debug] [2026-4-25 15:21:20] The value of Progress is 95
[Debug] [2026-4-25 15:21:21] The value of Progress is 100
[Debug] [2026-4-25 15:21:21] COMMAND[Program] execute successfully, takes 8.3 secs.
[Debug] [2026-4-25 15:21:21] End to send programming cmd.
[Debug] [2026-4-25 15:21:21] Log::Print : The done bit is 1
[Debug] [2026-4-25 15:21:21] Log::Print : COMMAND[Program] execute successfully, takes 8.3 secs.
[Debug] [2026-4-25 15:23:14] Begin to send programming cmd...
[Debug] [2026-4-25 15:23:14] Send RPC:14
[Debug] [2026-4-25 15:23:14] Begin to send program data.
[Debug] [2026-4-25 15:23:14] End to send program data.
[Debug] [2026-4-25 15:23:14] Send cmd [Program:20002] OK
[Debug] [2026-4-25 15:23:15] The value of Progress is 6
[Debug] [2026-4-25 15:23:16] The value of Progress is 10
[Debug] [2026-4-25 15:23:16] The value of Progress is 15
[Debug] [2026-4-25 15:23:16] The value of Progress is 20
[Debug] [2026-4-25 15:23:17] The value of Progress is 25
[Debug] [2026-4-25 15:23:17] The value of Progress is 30
[Debug] [2026-4-25 15:23:18] The value of Progress is 35
[Debug] [2026-4-25 15:23:18] The value of Progress is 40
[Debug] [2026-4-25 15:23:18] The value of Progress is 45
[Debug] [2026-4-25 15:23:19] The value of Progress is 50
[Debug] [2026-4-25 15:23:19] The value of Progress is 55
[Debug] [2026-4-25 15:23:20] The value of Progress is 60
[Debug] [2026-4-25 15:23:20] The value of Progress is 65
[Debug] [2026-4-25 15:23:20] The value of Progress is 70
[Debug] [2026-4-25 15:23:21] The value of Progress is 75
[Debug] [2026-4-25 15:23:21] The value of Progress is 80
[Debug] [2026-4-25 15:23:21] The value of Progress is 85
[Debug] [2026-4-25 15:23:22] The value of Progress is 90
[Debug] [2026-4-25 15:23:22] The value of Progress is 95
[Debug] [2026-4-25 15:23:23] The value of Progress is 100
[Debug] [2026-4-25 15:23:23] COMMAND[Program] execute successfully, takes 8.3 secs.
[Debug] [2026-4-25 15:23:23] End to send programming cmd.
[Debug] [2026-4-25 15:23:23] Log::Print : The done bit is 1
[Debug] [2026-4-25 15:23:23] Log::Print : COMMAND[Program] execute successfully, takes 8.3 secs.
[Debug] [2026-4-25 15:23:28] Begin to send programming cmd...
[Debug] [2026-4-25 15:23:28] Send RPC:15
[Debug] [2026-4-25 15:23:28] Begin to send program data.
[Debug] [2026-4-25 15:23:28] End to send program data.
[Debug] [2026-4-25 15:23:28] Send cmd [Program:20002] OK
[Debug] [2026-4-25 15:23:29] The value of Progress is 6
[Debug] [2026-4-25 15:23:29] The value of Progress is 10
[Debug] [2026-4-25 15:23:29] The value of Progress is 15
[Debug] [2026-4-25 15:23:30] The value of Progress is 20
[Debug] [2026-4-25 15:23:30] The value of Progress is 25
[Debug] [2026-4-25 15:23:30] The value of Progress is 30
[Debug] [2026-4-25 15:23:31] The value of Progress is 35
[Debug] [2026-4-25 15:23:31] The value of Progress is 40
[Debug] [2026-4-25 15:23:32] The value of Progress is 45
[Debug] [2026-4-25 15:23:32] The value of Progress is 50
[Debug] [2026-4-25 15:23:32] The value of Progress is 55
[Debug] [2026-4-25 15:23:33] The value of Progress is 60
[Debug] [2026-4-25 15:23:33] The value of Progress is 65
[Debug] [2026-4-25 15:23:33] The value of Progress is 70
[Debug] [2026-4-25 15:23:34] The value of Progress is 75
[Debug] [2026-4-25 15:23:34] The value of Progress is 80
[Debug] [2026-4-25 15:23:35] The value of Progress is 85
[Debug] [2026-4-25 15:23:35] The value of Progress is 90
[Debug] [2026-4-25 15:23:35] The value of Progress is 95
[Debug] [2026-4-25 15:23:36] The value of Progress is 100
[Debug] [2026-4-25 15:23:36] COMMAND[Program] execute successfully, takes 8.3 secs.
[Debug] [2026-4-25 15:23:36] End to send programming cmd.
[Debug] [2026-4-25 15:23:36] Log::Print : The done bit is 1
[Debug] [2026-4-25 15:23:36] Log::Print : COMMAND[Program] execute successfully, takes 8.3 secs.
[Debug] [2026-4-25 15:24:39] Begin to send initialize chain cmd...
[Debug] [2026-4-25 15:24:39] Send RPC:16
[Debug] [2026-4-25 15:24:39] Send cmd [Open config cable:20001] OK
[Debug] [2026-4-25 15:24:39] End to send initialize chain cmd.
[Debug] [2026-4-25 15:24:40] begin the exec of open cable cmd...
[Debug] [2026-4-25 15:24:40] Begin to deal with chain from server...
[Debug] [2026-4-25 15:24:40] Begin to set user chain...
[Debug] [2026-4-25 15:24:40] End to set user chain.
[Debug] [2026-4-25 15:24:40] Begin to update graphic item and tree item ...
[Debug] [2026-4-25 15:24:40] End to update graphic item and tree item ...
[Debug] [2026-4-25 15:24:40] Log::Print : PANGO USB CABLE II cable driver: D2XX DLL
[Debug] [2026-4-25 15:24:40] Log::Print : PG2L200H
[Debug] [2026-4-25 15:24:40] Log::Print : This device configure situation (done bit): 1
[Info] [2026-4-25 15:25:03] set OpenLastPath: C:/Users/Datou21/Desktop/PDS/back1/cnn_usb_copy/bit_files/hdmi_loop_newBoxCrop_newLpr.sbit
[Debug] [2026-4-25 15:25:03] begin to get device info from CFG file...
[Debug] [2026-4-25 15:25:03] end to get device info from CFG file...
[Debug] [2026-4-25 15:25:03] Begin to update graphic item and tree item ...
[Debug] [2026-4-25 15:25:03] End to update graphic item and tree item ...
[Debug] [2026-4-25 15:25:03] Begin to update graphic item and tree item ...
[Debug] [2026-4-25 15:25:03] End to update graphic item and tree item ...
[Debug] [2026-4-25 15:25:03] End to deal wiht chain from server.
[Debug] [2026-4-25 15:25:03] end the exec of open cable cmd.
[Debug] [2026-4-25 15:25:03] COMMAND[Open config cable] execute successfully, takes 23.9 secs.
[Debug] [2026-4-25 15:25:03] Log::Print : COMMAND[Open config cable] execute successfully, takes 23.9 secs.
[Debug] [2026-4-25 15:25:04] Begin to send programming cmd...
[Debug] [2026-4-25 15:25:04] Send RPC:17
[Debug] [2026-4-25 15:25:04] Begin to send program data.
[Debug] [2026-4-25 15:25:04] End to send program data.
[Debug] [2026-4-25 15:25:04] Send cmd [Program:20002] OK
[Debug] [2026-4-25 15:25:05] The value of Progress is 6
[Debug] [2026-4-25 15:25:05] The value of Progress is 10
[Debug] [2026-4-25 15:25:05] The value of Progress is 15
[Debug] [2026-4-25 15:25:06] The value of Progress is 20
[Debug] [2026-4-25 15:25:06] The value of Progress is 25
[Debug] [2026-4-25 15:25:07] The value of Progress is 30
[Debug] [2026-4-25 15:25:07] The value of Progress is 35
[Debug] [2026-4-25 15:25:07] The value of Progress is 40
[Debug] [2026-4-25 15:25:08] The value of Progress is 45
[Debug] [2026-4-25 15:25:08] The value of Progress is 50
[Debug] [2026-4-25 15:25:08] The value of Progress is 55
[Debug] [2026-4-25 15:25:09] The value of Progress is 60
[Debug] [2026-4-25 15:25:09] The value of Progress is 65
[Debug] [2026-4-25 15:25:10] The value of Progress is 70
[Debug] [2026-4-25 15:25:10] The value of Progress is 75
[Debug] [2026-4-25 15:25:10] The value of Progress is 80
[Debug] [2026-4-25 15:25:11] The value of Progress is 85
[Debug] [2026-4-25 15:25:11] The value of Progress is 90
[Debug] [2026-4-25 15:25:11] The value of Progress is 95
[Debug] [2026-4-25 15:25:12] The value of Progress is 100
[Debug] [2026-4-25 15:25:12] COMMAND[Program] execute successfully, takes 8.3 secs.
[Debug] [2026-4-25 15:25:12] End to send programming cmd.
[Debug] [2026-4-25 15:25:12] Log::Print : The done bit is 1
[Debug] [2026-4-25 15:25:12] Log::Print : COMMAND[Program] execute successfully, takes 8.3 secs.
[Debug] [2026-4-25 15:25:16] Begin to send programming cmd...
[Debug] [2026-4-25 15:25:16] Send RPC:18
[Debug] [2026-4-25 15:25:16] Begin to send program data.
[Debug] [2026-4-25 15:25:16] End to send program data.
[Debug] [2026-4-25 15:25:16] Send cmd [Program:20002] OK
[Debug] [2026-4-25 15:25:16] The value of Progress is 6
[Debug] [2026-4-25 15:25:17] The value of Progress is 10
[Debug] [2026-4-25 15:25:17] The value of Progress is 15
[Debug] [2026-4-25 15:25:18] The value of Progress is 20
[Debug] [2026-4-25 15:25:18] The value of Progress is 25
[Debug] [2026-4-25 15:25:18] The value of Progress is 30
[Debug] [2026-4-25 15:25:19] The value of Progress is 35
[Debug] [2026-4-25 15:25:19] The value of Progress is 40
[Debug] [2026-4-25 15:25:19] The value of Progress is 45
[Debug] [2026-4-25 15:25:20] The value of Progress is 50
[Debug] [2026-4-25 15:25:20] The value of Progress is 55
[Debug] [2026-4-25 15:25:21] The value of Progress is 60
[Debug] [2026-4-25 15:25:21] The value of Progress is 65
[Debug] [2026-4-25 15:25:21] The value of Progress is 70
[Debug] [2026-4-25 15:25:22] The value of Progress is 75
[Debug] [2026-4-25 15:25:22] The value of Progress is 80
[Debug] [2026-4-25 15:25:22] The value of Progress is 85
[Debug] [2026-4-25 15:25:23] The value of Progress is 90
[Debug] [2026-4-25 15:25:23] The value of Progress is 95
[Debug] [2026-4-25 15:25:24] The value of Progress is 100
[Debug] [2026-4-25 15:25:24] COMMAND[Program] execute successfully, takes 8.3 secs.
[Debug] [2026-4-25 15:25:24] End to send programming cmd.
[Debug] [2026-4-25 15:25:24] Log::Print : The done bit is 1
[Debug] [2026-4-25 15:25:24] Log::Print : COMMAND[Program] execute successfully, takes 8.3 secs.
[Info] [2026-4-25 15:28:33] /***************************End Configration***************************/
[Info] [2026-4-25 15:46:18] /***************************Start Configuration***************************/
[Info] [2026-4-25 15:46:18] Path: C:/pango/PDS_2022.2-SP6.4/bin
[Info] [2026-4-25 15:46:18] Version: 146967
[Info] [2026-4-25 15:46:19] Current Path: C:/Users/Datou21/Desktop/PDS/back1/cnn_usb_copy/prj_pds
[Info] [2026-4-25 15:46:19] PDS Dir Path: C:/Users/Datou21/Desktop/PDS/back1/cnn_usb_copy/prj_pds
[Info] [2026-4-25 15:46:21] Configuration is not connect with server. connect first then scan chain.
[Debug] [2026-4-25 15:46:21] Client Local host name:DESKTOP-VB8TKRO
[Debug] [2026-4-25 15:46:22] Client Local Address:2.0.0.1
[Debug] [2026-4-25 15:46:22] Client Local Address:210.77.26.220
[Debug] [2026-4-25 15:46:22] Client Local Address:192.168.44.1
[Debug] [2026-4-25 15:46:22] Client Local Address:192.168.176.1
[Debug] [2026-4-25 15:46:22] Server Address:127.0.0.1, Port:65420
[Debug] [2026-4-25 15:46:22] Log::Print : Connecting to server[127.0.0.1 : 65420].
[Info] [2026-4-25 15:46:22] Connect OK, Server: 127.0.0.1  Port: 65420
[Debug] [2026-4-25 15:46:22] Finish.
[Info] [2026-4-25 15:46:22] Connect server succeeded
[Debug] [2026-4-25 15:46:22] Send RPC:1
[Debug] [2026-4-25 15:46:22] Send cmd [check version information:40004] OK
[Debug] [2026-4-25 15:46:22] Log::Print : Connect to server[127.0.0.1 : 65420] successfully.
[Debug] [2026-4-25 15:46:23] Send RPC:2
[Debug] [2026-4-25 15:46:23] Send cmd [get_cable_paras:40010] OK
[Debug] [2026-4-25 15:46:23] Begin to send initialize chain cmd...
[Debug] [2026-4-25 15:46:23] Send RPC:3
[Debug] [2026-4-25 15:46:23] Send cmd [Open config cable:20001] OK
[Debug] [2026-4-25 15:46:23] End to send initialize chain cmd.
[Debug] [2026-4-25 15:46:23] COMMAND[check version information] execute successfully, takes 0.6 secs.
[Debug] [2026-4-25 15:46:23] Log::Print : COMMAND[check version information] execute successfully, takes 0.6 secs.
[Debug] [2026-4-25 15:46:24] COMMAND[get_cable_paras] execute successfully, takes 1.2 secs.
[Debug] [2026-4-25 15:46:24] Log::Print : The cable List : 
Cable index 0:USB Cable II/fffffffffffffffe 

[Debug] [2026-4-25 15:46:24] Log::Print : COMMAND[get_cable_paras] execute successfully, takes 1.2 secs.
[Debug] [2026-4-25 15:46:24] begin the exec of open cable cmd...
[Debug] [2026-4-25 15:46:24] Begin to deal with chain from server...
[Debug] [2026-4-25 15:46:24] Begin to set user chain...
[Debug] [2026-4-25 15:46:24] End to set user chain.
[Debug] [2026-4-25 15:46:24] Begin to update graphic item and tree item ...
[Debug] [2026-4-25 15:46:24] End to update graphic item and tree item ...
[Debug] [2026-4-25 15:46:24] Log::Print : PANGO USB CABLE II cable driver: D2XX DLL
[Debug] [2026-4-25 15:46:24] Log::Print : PG2L200H
[Debug] [2026-4-25 15:46:24] Log::Print : This device configure situation (done bit): 0
[Info] [2026-4-25 15:46:31] set OpenLastPath: C:/Users/Datou21/Desktop/PDS/back1/cnn_usb_copy/prj_pds/generate_bitstream/hdmi_loop.sbit
[Debug] [2026-4-25 15:46:31] begin to get device info from CFG file...
[Debug] [2026-4-25 15:46:31] end to get device info from CFG file...
[Debug] [2026-4-25 15:46:31] Begin to update graphic item and tree item ...
[Debug] [2026-4-25 15:46:31] End to update graphic item and tree item ...
[Debug] [2026-4-25 15:46:31] Begin to update graphic item and tree item ...
[Debug] [2026-4-25 15:46:31] End to update graphic item and tree item ...
[Debug] [2026-4-25 15:46:31] End to deal wiht chain from server.
[Debug] [2026-4-25 15:46:31] end the exec of open cable cmd.
[Debug] [2026-4-25 15:46:31] COMMAND[Open config cable] execute successfully, takes 8.4 secs.
[Debug] [2026-4-25 15:46:31] Log::Print : COMMAND[Open config cable] execute successfully, takes 8.4 secs.
[Debug] [2026-4-25 15:46:37] Begin to send programming cmd...
[Debug] [2026-4-25 15:46:37] Send RPC:4
[Debug] [2026-4-25 15:46:37] Begin to send program data.
[Debug] [2026-4-25 15:46:37] End to send program data.
[Debug] [2026-4-25 15:46:37] Send cmd [Program:20002] OK
[Debug] [2026-4-25 15:46:38] The value of Progress is 6
[Debug] [2026-4-25 15:46:38] The value of Progress is 10
[Debug] [2026-4-25 15:46:39] The value of Progress is 15
[Debug] [2026-4-25 15:46:39] The value of Progress is 20
[Debug] [2026-4-25 15:46:39] The value of Progress is 25
[Debug] [2026-4-25 15:46:40] The value of Progress is 30
[Debug] [2026-4-25 15:46:40] The value of Progress is 35
[Debug] [2026-4-25 15:46:41] The value of Progress is 40
[Debug] [2026-4-25 15:46:41] The value of Progress is 45
[Debug] [2026-4-25 15:46:41] The value of Progress is 50
[Debug] [2026-4-25 15:46:42] The value of Progress is 55
[Debug] [2026-4-25 15:46:42] The value of Progress is 60
[Debug] [2026-4-25 15:46:43] The value of Progress is 65
[Debug] [2026-4-25 15:46:43] The value of Progress is 70
[Debug] [2026-4-25 15:46:43] The value of Progress is 75
[Debug] [2026-4-25 15:46:44] The value of Progress is 80
[Debug] [2026-4-25 15:46:44] The value of Progress is 85
[Debug] [2026-4-25 15:46:44] The value of Progress is 90
[Debug] [2026-4-25 15:46:45] The value of Progress is 95
[Debug] [2026-4-25 15:46:45] The value of Progress is 100
[Debug] [2026-4-25 15:46:46] COMMAND[Program] execute successfully, takes 8.5 secs.
[Debug] [2026-4-25 15:46:46] End to send programming cmd.
[Debug] [2026-4-25 15:46:46] Log::Print : The done bit is 1
[Debug] [2026-4-25 15:46:46] Log::Print : COMMAND[Program] execute successfully, takes 8.5 secs.
[Debug] [2026-4-25 15:46:50] Begin to send programming cmd...
[Debug] [2026-4-25 15:46:50] Send RPC:5
[Debug] [2026-4-25 15:46:50] Begin to send program data.
[Debug] [2026-4-25 15:46:50] End to send program data.
[Debug] [2026-4-25 15:46:50] Send cmd [Program:20002] OK
[Debug] [2026-4-25 15:46:51] The value of Progress is 6
[Debug] [2026-4-25 15:46:51] The value of Progress is 10
[Debug] [2026-4-25 15:46:51] The value of Progress is 15
[Debug] [2026-4-25 15:46:52] The value of Progress is 20
[Debug] [2026-4-25 15:46:52] The value of Progress is 25
[Debug] [2026-4-25 15:46:53] The value of Progress is 30
[Debug] [2026-4-25 15:46:53] The value of Progress is 35
[Debug] [2026-4-25 15:46:53] The value of Progress is 40
[Debug] [2026-4-25 15:46:54] The value of Progress is 45
[Debug] [2026-4-25 15:46:54] The value of Progress is 50
[Debug] [2026-4-25 15:46:55] The value of Progress is 55
[Debug] [2026-4-25 15:46:55] The value of Progress is 60
[Debug] [2026-4-25 15:46:55] The value of Progress is 65
[Debug] [2026-4-25 15:46:56] The value of Progress is 70
[Debug] [2026-4-25 15:46:56] The value of Progress is 75
[Debug] [2026-4-25 15:46:56] The value of Progress is 80
[Debug] [2026-4-25 15:46:57] The value of Progress is 85
[Debug] [2026-4-25 15:46:57] The value of Progress is 90
[Debug] [2026-4-25 15:46:58] The value of Progress is 95
[Debug] [2026-4-25 15:46:58] The value of Progress is 100
[Debug] [2026-4-25 15:46:58] COMMAND[Program] execute successfully, takes 8.3 secs.
[Debug] [2026-4-25 15:46:58] End to send programming cmd.
[Debug] [2026-4-25 15:46:58] Log::Print : The done bit is 1
[Debug] [2026-4-25 15:46:58] Log::Print : COMMAND[Program] execute successfully, takes 8.3 secs.
[Info] [2026-4-25 15:48:08] /***************************End Configration***************************/
[Info] [2026-4-25 16:35:41] /***************************Start Configuration***************************/
[Info] [2026-4-25 16:35:41] Path: C:/pango/PDS_2022.2-SP6.4/bin
[Info] [2026-4-25 16:35:41] Version: 146967
[Info] [2026-4-25 16:35:42] Current Path: C:/Users/Datou21/Desktop/PDS/back1/cnn_usb_copy/prj_pds
[Info] [2026-4-25 16:35:42] PDS Dir Path: C:/Users/Datou21/Desktop/PDS/back1/cnn_usb_copy/prj_pds
[Info] [2026-4-25 16:35:43] Configuration is not connect with server. connect first then scan chain.
[Debug] [2026-4-25 16:35:43] Client Local host name:DESKTOP-VB8TKRO
[Debug] [2026-4-25 16:35:43] Client Local Address:2.0.0.1
[Debug] [2026-4-25 16:35:43] Client Local Address:210.77.26.220
[Debug] [2026-4-25 16:35:43] Client Local Address:192.168.44.1
[Debug] [2026-4-25 16:35:43] Client Local Address:192.168.176.1
[Debug] [2026-4-25 16:35:43] Server Address:127.0.0.1, Port:65420
[Debug] [2026-4-25 16:35:43] Log::Print : Connecting to server[127.0.0.1 : 65420].
[Info] [2026-4-25 16:35:44] Connect OK, Server: 127.0.0.1  Port: 65420
[Debug] [2026-4-25 16:35:44] Finish.
[Info] [2026-4-25 16:35:44] Connect server succeeded
[Debug] [2026-4-25 16:35:44] Send RPC:1
[Debug] [2026-4-25 16:35:44] Send cmd [check version information:40004] OK
[Debug] [2026-4-25 16:35:44] Log::Print : Connect to server[127.0.0.1 : 65420] successfully.
[Debug] [2026-4-25 16:35:45] Send RPC:2
[Debug] [2026-4-25 16:35:45] Send cmd [get_cable_paras:40010] OK
[Debug] [2026-4-25 16:35:45] Begin to send initialize chain cmd...
[Debug] [2026-4-25 16:35:45] Send RPC:3
[Debug] [2026-4-25 16:35:45] Send cmd [Open config cable:20001] OK
[Debug] [2026-4-25 16:35:45] End to send initialize chain cmd.
[Debug] [2026-4-25 16:35:45] COMMAND[check version information] execute successfully, takes 1.5 secs.
[Debug] [2026-4-25 16:35:45] Log::Print : COMMAND[check version information] execute successfully, takes 1.5 secs.
[Debug] [2026-4-25 16:35:47] COMMAND[get_cable_paras] execute successfully, takes 1.9 secs.
[Debug] [2026-4-25 16:35:47] Log::Print : The cable List : 
Cable index 0:USB Cable II/fffffffffffffffe 

[Debug] [2026-4-25 16:35:47] Log::Print : COMMAND[get_cable_paras] execute successfully, takes 1.9 secs.
[Debug] [2026-4-25 16:35:48] begin the exec of open cable cmd...
[Debug] [2026-4-25 16:35:48] Begin to deal with chain from server...
[Debug] [2026-4-25 16:35:48] Begin to set user chain...
[Debug] [2026-4-25 16:35:48] End to set user chain.
[Debug] [2026-4-25 16:35:48] Begin to update graphic item and tree item ...
[Debug] [2026-4-25 16:35:48] End to update graphic item and tree item ...
[Debug] [2026-4-25 16:35:48] Log::Print : PANGO USB CABLE II cable driver: D2XX DLL
[Debug] [2026-4-25 16:35:48] Log::Print : PG2L200H
[Debug] [2026-4-25 16:35:48] Log::Print : This device configure situation (done bit): 0
[Info] [2026-4-25 16:35:49] set OpenLastPath: C:/Users/Datou21/Desktop/PDS/back1/cnn_usb_copy/prj_pds/generate_bitstream/hdmi_loop.sbit
[Debug] [2026-4-25 16:35:49] begin to get device info from CFG file...
[Debug] [2026-4-25 16:35:49] end to get device info from CFG file...
[Debug] [2026-4-25 16:35:49] Begin to update graphic item and tree item ...
[Debug] [2026-4-25 16:35:49] End to update graphic item and tree item ...
[Debug] [2026-4-25 16:35:49] Begin to update graphic item and tree item ...
[Debug] [2026-4-25 16:35:49] End to update graphic item and tree item ...
[Debug] [2026-4-25 16:35:49] End to deal wiht chain from server.
[Debug] [2026-4-25 16:35:49] end the exec of open cable cmd.
[Debug] [2026-4-25 16:35:49] COMMAND[Open config cable] execute successfully, takes 4.1 secs.
[Debug] [2026-4-25 16:35:49] Log::Print : COMMAND[Open config cable] execute successfully, takes 4.1 secs.
[Debug] [2026-4-25 16:35:50] Begin to send programming cmd...
[Debug] [2026-4-25 16:35:50] Send RPC:4
[Debug] [2026-4-25 16:35:50] Begin to send program data.
[Debug] [2026-4-25 16:35:50] End to send program data.
[Debug] [2026-4-25 16:35:50] Send cmd [Program:20002] OK
[Debug] [2026-4-25 16:35:51] The value of Progress is 6
[Debug] [2026-4-25 16:35:51] The value of Progress is 10
[Debug] [2026-4-25 16:35:52] The value of Progress is 15
[Debug] [2026-4-25 16:35:52] The value of Progress is 20
[Debug] [2026-4-25 16:35:52] The value of Progress is 25
[Debug] [2026-4-25 16:35:53] The value of Progress is 30
[Debug] [2026-4-25 16:35:53] The value of Progress is 35
[Debug] [2026-4-25 16:35:54] The value of Progress is 40
[Debug] [2026-4-25 16:35:54] The value of Progress is 45
[Debug] [2026-4-25 16:35:54] The value of Progress is 50
[Debug] [2026-4-25 16:35:55] The value of Progress is 55
[Debug] [2026-4-25 16:35:55] The value of Progress is 60
[Debug] [2026-4-25 16:35:56] The value of Progress is 65
[Debug] [2026-4-25 16:35:56] The value of Progress is 70
[Debug] [2026-4-25 16:35:56] The value of Progress is 75
[Debug] [2026-4-25 16:35:57] The value of Progress is 80
[Debug] [2026-4-25 16:35:57] The value of Progress is 85
[Debug] [2026-4-25 16:35:57] The value of Progress is 90
[Debug] [2026-4-25 16:35:58] The value of Progress is 95
[Debug] [2026-4-25 16:35:58] The value of Progress is 100
[Debug] [2026-4-25 16:35:58] COMMAND[Program] execute successfully, takes 8.3 secs.
[Debug] [2026-4-25 16:35:58] End to send programming cmd.
[Debug] [2026-4-25 16:35:58] Log::Print : The done bit is 1
[Debug] [2026-4-25 16:35:58] Log::Print : COMMAND[Program] execute successfully, takes 8.3 secs.
[Debug] [2026-4-25 16:36:03] Begin to send programming cmd...
[Debug] [2026-4-25 16:36:03] Send RPC:5
[Debug] [2026-4-25 16:36:03] Begin to send program data.
[Debug] [2026-4-25 16:36:03] End to send program data.
[Debug] [2026-4-25 16:36:03] Send cmd [Program:20002] OK
[Debug] [2026-4-25 16:36:04] The value of Progress is 6
[Debug] [2026-4-25 16:36:05] The value of Progress is 10
[Debug] [2026-4-25 16:36:05] The value of Progress is 15
[Debug] [2026-4-25 16:36:05] The value of Progress is 20
[Debug] [2026-4-25 16:36:06] The value of Progress is 25
[Debug] [2026-4-25 16:36:06] The value of Progress is 30
[Debug] [2026-4-25 16:36:06] The value of Progress is 35
[Debug] [2026-4-25 16:36:07] The value of Progress is 40
[Debug] [2026-4-25 16:36:07] The value of Progress is 45
[Debug] [2026-4-25 16:36:08] The value of Progress is 50
[Debug] [2026-4-25 16:36:08] The value of Progress is 55
[Debug] [2026-4-25 16:36:08] The value of Progress is 60
[Debug] [2026-4-25 16:36:09] The value of Progress is 65
[Debug] [2026-4-25 16:36:09] The value of Progress is 70
[Debug] [2026-4-25 16:36:10] The value of Progress is 75
[Debug] [2026-4-25 16:36:10] The value of Progress is 80
[Debug] [2026-4-25 16:36:10] The value of Progress is 85
[Debug] [2026-4-25 16:36:11] The value of Progress is 90
[Debug] [2026-4-25 16:36:11] The value of Progress is 95
[Debug] [2026-4-25 16:36:11] The value of Progress is 100
[Debug] [2026-4-25 16:36:12] COMMAND[Program] execute successfully, takes 8.4 secs.
[Debug] [2026-4-25 16:36:12] End to send programming cmd.
[Debug] [2026-4-25 16:36:12] Log::Print : The done bit is 1
[Debug] [2026-4-25 16:36:12] Log::Print : COMMAND[Program] execute successfully, takes 8.4 secs.
[Debug] [2026-4-25 16:37:28] Begin to send programming cmd...
[Debug] [2026-4-25 16:37:28] Send RPC:6
[Debug] [2026-4-25 16:37:28] Begin to send program data.
[Debug] [2026-4-25 16:37:28] End to send program data.
[Debug] [2026-4-25 16:37:28] Send cmd [Program:20002] OK
[Debug] [2026-4-25 16:37:29] The value of Progress is 6
[Debug] [2026-4-25 16:37:29] The value of Progress is 10
[Debug] [2026-4-25 16:37:30] The value of Progress is 15
[Debug] [2026-4-25 16:37:30] The value of Progress is 20
[Debug] [2026-4-25 16:37:31] The value of Progress is 25
[Debug] [2026-4-25 16:37:31] The value of Progress is 30
[Debug] [2026-4-25 16:37:31] The value of Progress is 35
[Debug] [2026-4-25 16:37:32] The value of Progress is 40
[Debug] [2026-4-25 16:37:32] The value of Progress is 45
[Debug] [2026-4-25 16:37:32] The value of Progress is 50
[Debug] [2026-4-25 16:37:33] The value of Progress is 55
[Debug] [2026-4-25 16:37:33] The value of Progress is 60
[Debug] [2026-4-25 16:37:34] The value of Progress is 65
[Debug] [2026-4-25 16:37:34] The value of Progress is 70
[Debug] [2026-4-25 16:37:34] The value of Progress is 75
[Debug] [2026-4-25 16:37:35] The value of Progress is 80
[Debug] [2026-4-25 16:37:35] The value of Progress is 85
[Debug] [2026-4-25 16:37:35] The value of Progress is 90
[Debug] [2026-4-25 16:37:36] The value of Progress is 95
[Debug] [2026-4-25 16:37:36] The value of Progress is 100
[Debug] [2026-4-25 16:37:36] COMMAND[Program] execute successfully, takes 8.4 secs.
[Debug] [2026-4-25 16:37:36] End to send programming cmd.
[Debug] [2026-4-25 16:37:36] Log::Print : The done bit is 1
[Debug] [2026-4-25 16:37:36] Log::Print : COMMAND[Program] execute successfully, takes 8.4 secs.
[Debug] [2026-4-25 16:37:46] Begin to send programming cmd...
[Debug] [2026-4-25 16:37:46] Send RPC:7
[Debug] [2026-4-25 16:37:46] Begin to send program data.
[Debug] [2026-4-25 16:37:46] End to send program data.
[Debug] [2026-4-25 16:37:46] Send cmd [Program:20002] OK
[Debug] [2026-4-25 16:37:47] The value of Progress is 6
[Debug] [2026-4-25 16:37:47] The value of Progress is 10
[Debug] [2026-4-25 16:37:48] The value of Progress is 15
[Debug] [2026-4-25 16:37:48] The value of Progress is 20
[Debug] [2026-4-25 16:37:49] The value of Progress is 25
[Debug] [2026-4-25 16:37:49] The value of Progress is 30
[Debug] [2026-4-25 16:37:49] The value of Progress is 35
[Debug] [2026-4-25 16:37:50] The value of Progress is 40
[Debug] [2026-4-25 16:37:50] The value of Progress is 45
[Debug] [2026-4-25 16:37:51] The value of Progress is 50
[Debug] [2026-4-25 16:37:51] The value of Progress is 55
[Debug] [2026-4-25 16:37:51] The value of Progress is 60
[Debug] [2026-4-25 16:37:52] The value of Progress is 65
[Debug] [2026-4-25 16:37:52] The value of Progress is 70
[Debug] [2026-4-25 16:37:52] The value of Progress is 75
[Debug] [2026-4-25 16:37:53] The value of Progress is 80
[Debug] [2026-4-25 16:37:53] The value of Progress is 85
[Debug] [2026-4-25 16:37:54] The value of Progress is 90
[Debug] [2026-4-25 16:37:54] The value of Progress is 95
[Debug] [2026-4-25 16:37:54] The value of Progress is 100
[Debug] [2026-4-25 16:37:55] COMMAND[Program] execute successfully, takes 8.4 secs.
[Debug] [2026-4-25 16:37:55] End to send programming cmd.
[Debug] [2026-4-25 16:37:55] Log::Print : The done bit is 1
[Debug] [2026-4-25 16:37:55] Log::Print : COMMAND[Program] execute successfully, takes 8.4 secs.
[Debug] [2026-4-25 16:46:06] Begin to send programming cmd...
[Debug] [2026-4-25 16:46:06] Send RPC:8
[Debug] [2026-4-25 16:46:06] Begin to send program data.
[Debug] [2026-4-25 16:46:06] End to send program data.
[Debug] [2026-4-25 16:46:06] Send cmd [Program:20002] OK
[Debug] [2026-4-25 16:46:07] The value of Progress is 6
[Debug] [2026-4-25 16:46:07] The value of Progress is 10
[Debug] [2026-4-25 16:46:08] The value of Progress is 15
[Debug] [2026-4-25 16:46:08] The value of Progress is 20
[Debug] [2026-4-25 16:46:09] The value of Progress is 25
[Debug] [2026-4-25 16:46:09] The value of Progress is 30
[Debug] [2026-4-25 16:46:09] The value of Progress is 35
[Debug] [2026-4-25 16:46:10] The value of Progress is 40
[Debug] [2026-4-25 16:46:10] The value of Progress is 45
[Debug] [2026-4-25 16:46:10] The value of Progress is 50
[Debug] [2026-4-25 16:46:11] The value of Progress is 55
[Debug] [2026-4-25 16:46:11] The value of Progress is 60
[Debug] [2026-4-25 16:46:12] The value of Progress is 65
[Debug] [2026-4-25 16:46:12] The value of Progress is 70
[Debug] [2026-4-25 16:46:12] The value of Progress is 75
[Debug] [2026-4-25 16:46:13] The value of Progress is 80
[Debug] [2026-4-25 16:46:13] The value of Progress is 85
[Debug] [2026-4-25 16:46:14] The value of Progress is 90
[Debug] [2026-4-25 16:46:14] The value of Progress is 95
[Debug] [2026-4-25 16:46:14] The value of Progress is 100
[Debug] [2026-4-25 16:46:15] COMMAND[Program] execute successfully, takes 8.7 secs.
[Debug] [2026-4-25 16:46:15] End to send programming cmd.
[Debug] [2026-4-25 16:46:15] Log::Print : The done bit is 1
[Debug] [2026-4-25 16:46:15] Log::Print : COMMAND[Program] execute successfully, takes 8.7 secs.
[Debug] [2026-4-25 16:46:28] Begin to send programming cmd...
[Debug] [2026-4-25 16:46:28] Send RPC:9
[Debug] [2026-4-25 16:46:28] Begin to send program data.
[Debug] [2026-4-25 16:46:28] End to send program data.
[Debug] [2026-4-25 16:46:28] Send cmd [Program:20002] OK
[Debug] [2026-4-25 16:46:29] The value of Progress is 6
[Debug] [2026-4-25 16:46:29] The value of Progress is 10
[Debug] [2026-4-25 16:46:30] The value of Progress is 15
[Debug] [2026-4-25 16:46:30] The value of Progress is 20
[Debug] [2026-4-25 16:46:30] The value of Progress is 25
[Debug] [2026-4-25 16:46:31] The value of Progress is 30
[Debug] [2026-4-25 16:46:31] The value of Progress is 35
[Debug] [2026-4-25 16:46:32] The value of Progress is 40
[Debug] [2026-4-25 16:46:32] The value of Progress is 45
[Debug] [2026-4-25 16:46:32] The value of Progress is 50
[Debug] [2026-4-25 16:46:33] The value of Progress is 55
[Debug] [2026-4-25 16:46:33] The value of Progress is 60
[Debug] [2026-4-25 16:46:34] The value of Progress is 65
[Debug] [2026-4-25 16:46:34] The value of Progress is 70
[Debug] [2026-4-25 16:46:34] The value of Progress is 75
[Debug] [2026-4-25 16:46:35] The value of Progress is 80
[Debug] [2026-4-25 16:46:35] The value of Progress is 85
[Debug] [2026-4-25 16:46:35] The value of Progress is 90
[Debug] [2026-4-25 16:46:36] The value of Progress is 95
[Debug] [2026-4-25 16:46:36] The value of Progress is 100
[Debug] [2026-4-25 16:46:36] COMMAND[Program] execute successfully, takes 8.4 secs.
[Debug] [2026-4-25 16:46:36] End to send programming cmd.
[Debug] [2026-4-25 16:46:36] Log::Print : The done bit is 1
[Debug] [2026-4-25 16:46:36] Log::Print : COMMAND[Program] execute successfully, takes 8.4 secs.
[Debug] [2026-4-25 16:47:15] Begin to send programming cmd...
[Debug] [2026-4-25 16:47:15] Send RPC:10
[Debug] [2026-4-25 16:47:15] Begin to send program data.
[Debug] [2026-4-25 16:47:15] End to send program data.
[Debug] [2026-4-25 16:47:15] Send cmd [Program:20002] OK
[Debug] [2026-4-25 16:47:16] The value of Progress is 6
[Debug] [2026-4-25 16:47:16] The value of Progress is 10
[Debug] [2026-4-25 16:47:16] The value of Progress is 15
[Debug] [2026-4-25 16:47:17] The value of Progress is 20
[Debug] [2026-4-25 16:47:17] The value of Progress is 25
[Debug] [2026-4-25 16:47:18] The value of Progress is 30
[Debug] [2026-4-25 16:47:18] The value of Progress is 35
[Debug] [2026-4-25 16:47:18] The value of Progress is 40
[Debug] [2026-4-25 16:47:19] The value of Progress is 45
[Debug] [2026-4-25 16:47:19] The value of Progress is 50
[Debug] [2026-4-25 16:47:19] The value of Progress is 55
[Debug] [2026-4-25 16:47:20] The value of Progress is 60
[Debug] [2026-4-25 16:47:20] The value of Progress is 65
[Debug] [2026-4-25 16:47:21] The value of Progress is 70
[Debug] [2026-4-25 16:47:21] The value of Progress is 75
[Debug] [2026-4-25 16:47:21] The value of Progress is 80
[Debug] [2026-4-25 16:47:22] The value of Progress is 85
[Debug] [2026-4-25 16:47:22] The value of Progress is 90
[Debug] [2026-4-25 16:47:23] The value of Progress is 95
[Debug] [2026-4-25 16:47:23] The value of Progress is 100
[Debug] [2026-4-25 16:47:23] COMMAND[Program] execute successfully, takes 8.4 secs.
[Debug] [2026-4-25 16:47:23] End to send programming cmd.
[Debug] [2026-4-25 16:47:23] Log::Print : The done bit is 1
[Debug] [2026-4-25 16:47:23] Log::Print : COMMAND[Program] execute successfully, takes 8.4 secs.
[Debug] [2026-4-25 16:47:54] Begin to send programming cmd...
[Debug] [2026-4-25 16:47:54] Send RPC:11
[Debug] [2026-4-25 16:47:54] Begin to send program data.
[Debug] [2026-4-25 16:47:54] End to send program data.
[Debug] [2026-4-25 16:47:54] Send cmd [Program:20002] OK
[Debug] [2026-4-25 16:47:55] The value of Progress is 6
[Debug] [2026-4-25 16:47:55] The value of Progress is 10
[Debug] [2026-4-25 16:47:56] The value of Progress is 15
[Debug] [2026-4-25 16:47:56] The value of Progress is 20
[Debug] [2026-4-25 16:47:56] The value of Progress is 25
[Debug] [2026-4-25 16:47:57] The value of Progress is 30
[Debug] [2026-4-25 16:47:57] The value of Progress is 35
[Debug] [2026-4-25 16:47:58] The value of Progress is 40
[Debug] [2026-4-25 16:47:58] The value of Progress is 45
[Debug] [2026-4-25 16:47:58] The value of Progress is 50
[Debug] [2026-4-25 16:47:59] The value of Progress is 55
[Debug] [2026-4-25 16:47:59] The value of Progress is 60
[Debug] [2026-4-25 16:48:00] The value of Progress is 65
[Debug] [2026-4-25 16:48:00] The value of Progress is 70
[Debug] [2026-4-25 16:48:00] The value of Progress is 75
[Debug] [2026-4-25 16:48:01] The value of Progress is 80
[Debug] [2026-4-25 16:48:01] The value of Progress is 85
[Debug] [2026-4-25 16:48:01] The value of Progress is 90
[Debug] [2026-4-25 16:48:02] The value of Progress is 95
[Debug] [2026-4-25 16:48:02] The value of Progress is 100
[Debug] [2026-4-25 16:48:02] COMMAND[Program] execute successfully, takes 8.3 secs.
[Debug] [2026-4-25 16:48:02] End to send programming cmd.
[Debug] [2026-4-25 16:48:02] Log::Print : The done bit is 1
[Debug] [2026-4-25 16:48:02] Log::Print : COMMAND[Program] execute successfully, takes 8.3 secs.
[Debug] [2026-4-25 16:49:38] Begin to send programming cmd...
[Debug] [2026-4-25 16:49:38] Send RPC:12
[Debug] [2026-4-25 16:49:38] Begin to send program data.
[Debug] [2026-4-25 16:49:38] End to send program data.
[Debug] [2026-4-25 16:49:38] Send cmd [Program:20002] OK
[Debug] [2026-4-25 16:49:39] The value of Progress is 6
[Debug] [2026-4-25 16:49:39] The value of Progress is 10
[Debug] [2026-4-25 16:49:39] The value of Progress is 15
[Debug] [2026-4-25 16:49:40] The value of Progress is 20
[Debug] [2026-4-25 16:49:40] The value of Progress is 25
[Debug] [2026-4-25 16:49:40] The value of Progress is 30
[Debug] [2026-4-25 16:49:41] The value of Progress is 35
[Debug] [2026-4-25 16:49:41] The value of Progress is 40
[Debug] [2026-4-25 16:49:42] The value of Progress is 45
[Debug] [2026-4-25 16:49:42] The value of Progress is 50
[Debug] [2026-4-25 16:49:42] The value of Progress is 55
[Debug] [2026-4-25 16:49:43] The value of Progress is 60
[Debug] [2026-4-25 16:49:43] The value of Progress is 65
[Debug] [2026-4-25 16:49:43] The value of Progress is 70
[Debug] [2026-4-25 16:49:44] The value of Progress is 75
[Debug] [2026-4-25 16:49:44] The value of Progress is 80
[Debug] [2026-4-25 16:49:45] The value of Progress is 85
[Debug] [2026-4-25 16:49:45] The value of Progress is 90
[Debug] [2026-4-25 16:49:45] The value of Progress is 95
[Debug] [2026-4-25 16:49:46] The value of Progress is 100
[Debug] [2026-4-25 16:49:46] COMMAND[Program] execute successfully, takes 8.3 secs.
[Debug] [2026-4-25 16:49:46] End to send programming cmd.
[Debug] [2026-4-25 16:49:46] Log::Print : The done bit is 1
[Debug] [2026-4-25 16:49:46] Log::Print : COMMAND[Program] execute successfully, takes 8.3 secs.
[Debug] [2026-4-25 16:50:29] Begin to send programming cmd...
[Debug] [2026-4-25 16:50:29] Send RPC:13
[Debug] [2026-4-25 16:50:29] Begin to send program data.
[Debug] [2026-4-25 16:50:29] End to send program data.
[Debug] [2026-4-25 16:50:29] Send cmd [Program:20002] OK
[Debug] [2026-4-25 16:50:30] The value of Progress is 6
[Debug] [2026-4-25 16:50:30] The value of Progress is 10
[Debug] [2026-4-25 16:50:30] The value of Progress is 15
[Debug] [2026-4-25 16:50:31] The value of Progress is 20
[Debug] [2026-4-25 16:50:31] The value of Progress is 25
[Debug] [2026-4-25 16:50:32] The value of Progress is 30
[Debug] [2026-4-25 16:50:32] The value of Progress is 35
[Debug] [2026-4-25 16:50:32] The value of Progress is 40
[Debug] [2026-4-25 16:50:33] The value of Progress is 45
[Debug] [2026-4-25 16:50:33] The value of Progress is 50
[Debug] [2026-4-25 16:50:34] The value of Progress is 55
[Debug] [2026-4-25 16:50:34] The value of Progress is 60
[Debug] [2026-4-25 16:50:34] The value of Progress is 65
[Debug] [2026-4-25 16:50:35] The value of Progress is 70
[Debug] [2026-4-25 16:50:35] The value of Progress is 75
[Debug] [2026-4-25 16:50:35] The value of Progress is 80
[Debug] [2026-4-25 16:50:36] The value of Progress is 85
[Debug] [2026-4-25 16:50:36] The value of Progress is 90
[Debug] [2026-4-25 16:50:37] The value of Progress is 95
[Debug] [2026-4-25 16:50:37] The value of Progress is 100
[Debug] [2026-4-25 16:50:37] COMMAND[Program] execute successfully, takes 8.3 secs.
[Debug] [2026-4-25 16:50:37] End to send programming cmd.
[Debug] [2026-4-25 16:50:37] Log::Print : The done bit is 1
[Debug] [2026-4-25 16:50:37] Log::Print : COMMAND[Program] execute successfully, takes 8.3 secs.
[Debug] [2026-4-25 16:51:39] Begin to send programming cmd...
[Debug] [2026-4-25 16:51:39] Send RPC:14
[Debug] [2026-4-25 16:51:39] Begin to send program data.
[Debug] [2026-4-25 16:51:39] End to send program data.
[Debug] [2026-4-25 16:51:39] Send cmd [Program:20002] OK
[Debug] [2026-4-25 16:51:40] The value of Progress is 6
[Debug] [2026-4-25 16:51:41] The value of Progress is 10
[Debug] [2026-4-25 16:51:41] The value of Progress is 15
[Debug] [2026-4-25 16:51:41] The value of Progress is 20
[Debug] [2026-4-25 16:51:42] The value of Progress is 25
[Debug] [2026-4-25 16:51:42] The value of Progress is 30
[Debug] [2026-4-25 16:51:43] The value of Progress is 35
[Debug] [2026-4-25 16:51:43] The value of Progress is 40
[Debug] [2026-4-25 16:51:43] The value of Progress is 45
[Debug] [2026-4-25 16:51:44] The value of Progress is 50
[Debug] [2026-4-25 16:51:44] The value of Progress is 55
[Debug] [2026-4-25 16:51:44] The value of Progress is 60
[Debug] [2026-4-25 16:51:45] The value of Progress is 65
[Debug] [2026-4-25 16:51:45] The value of Progress is 70
[Debug] [2026-4-25 16:51:46] The value of Progress is 75
[Debug] [2026-4-25 16:51:46] The value of Progress is 80
[Debug] [2026-4-25 16:51:46] The value of Progress is 85
[Debug] [2026-4-25 16:51:47] The value of Progress is 90
[Debug] [2026-4-25 16:51:47] The value of Progress is 95
[Debug] [2026-4-25 16:51:47] The value of Progress is 100
[Debug] [2026-4-25 16:51:48] COMMAND[Program] execute successfully, takes 8.3 secs.
[Debug] [2026-4-25 16:51:48] End to send programming cmd.
[Debug] [2026-4-25 16:51:48] Log::Print : The done bit is 1
[Debug] [2026-4-25 16:51:48] Log::Print : COMMAND[Program] execute successfully, takes 8.3 secs.
[Debug] [2026-4-25 16:51:51] begin to add pango device by bitstream file.
[Debug] [2026-4-25 16:51:53] bin file name is empty and end add pango device.
[Debug] [2026-4-25 16:51:54] Begin to send programming cmd...
[Debug] [2026-4-25 16:51:54] Send RPC:15
[Debug] [2026-4-25 16:51:54] Begin to send program data.
[Debug] [2026-4-25 16:51:54] End to send program data.
[Debug] [2026-4-25 16:51:54] Send cmd [Program:20002] OK
[Debug] [2026-4-25 16:51:55] The value of Progress is 6
[Debug] [2026-4-25 16:51:55] The value of Progress is 10
[Debug] [2026-4-25 16:51:55] The value of Progress is 15
[Debug] [2026-4-25 16:51:56] The value of Progress is 20
[Debug] [2026-4-25 16:51:56] The value of Progress is 25
[Debug] [2026-4-25 16:51:57] The value of Progress is 30
[Debug] [2026-4-25 16:51:57] The value of Progress is 35
[Debug] [2026-4-25 16:51:57] The value of Progress is 40
[Debug] [2026-4-25 16:51:58] The value of Progress is 45
[Debug] [2026-4-25 16:51:58] The value of Progress is 50
[Debug] [2026-4-25 16:51:58] The value of Progress is 55
[Debug] [2026-4-25 16:51:59] The value of Progress is 60
[Debug] [2026-4-25 16:51:59] The value of Progress is 65
[Debug] [2026-4-25 16:52:00] The value of Progress is 70
[Debug] [2026-4-25 16:52:00] The value of Progress is 75
[Debug] [2026-4-25 16:52:00] The value of Progress is 80
[Debug] [2026-4-25 16:52:01] The value of Progress is 85
[Debug] [2026-4-25 16:52:01] The value of Progress is 90
[Debug] [2026-4-25 16:52:02] The value of Progress is 95
[Debug] [2026-4-25 16:52:02] The value of Progress is 100
[Debug] [2026-4-25 16:52:02] COMMAND[Program] execute successfully, takes 8.4 secs.
[Debug] [2026-4-25 16:52:02] End to send programming cmd.
[Debug] [2026-4-25 16:52:02] Log::Print : The done bit is 1
[Debug] [2026-4-25 16:52:02] Log::Print : COMMAND[Program] execute successfully, takes 8.4 secs.
[Debug] [2026-4-25 16:54:21] Begin to send programming cmd...
[Debug] [2026-4-25 16:54:21] Send RPC:16
[Debug] [2026-4-25 16:54:21] Begin to send program data.
[Debug] [2026-4-25 16:54:21] End to send program data.
[Debug] [2026-4-25 16:54:21] Send cmd [Program:20002] OK
[Debug] [2026-4-25 16:54:22] The value of Progress is 6
[Debug] [2026-4-25 16:54:22] The value of Progress is 10
[Debug] [2026-4-25 16:54:22] The value of Progress is 15
[Debug] [2026-4-25 16:54:23] The value of Progress is 20
[Debug] [2026-4-25 16:54:23] The value of Progress is 25
[Debug] [2026-4-25 16:54:24] The value of Progress is 30
[Debug] [2026-4-25 16:54:24] The value of Progress is 35
[Debug] [2026-4-25 16:54:24] The value of Progress is 40
[Debug] [2026-4-25 16:54:25] The value of Progress is 45
[Debug] [2026-4-25 16:54:25] The value of Progress is 50
[Debug] [2026-4-25 16:54:25] The value of Progress is 55
[Debug] [2026-4-25 16:54:26] The value of Progress is 60
[Debug] [2026-4-25 16:54:26] The value of Progress is 65
[Debug] [2026-4-25 16:54:27] The value of Progress is 70
[Debug] [2026-4-25 16:54:27] The value of Progress is 75
[Debug] [2026-4-25 16:54:27] The value of Progress is 80
[Debug] [2026-4-25 16:54:28] The value of Progress is 85
[Debug] [2026-4-25 16:54:28] The value of Progress is 90
[Debug] [2026-4-25 16:54:29] The value of Progress is 95
[Debug] [2026-4-25 16:54:29] The value of Progress is 100
[Debug] [2026-4-25 16:54:29] COMMAND[Program] execute successfully, takes 8.4 secs.
[Debug] [2026-4-25 16:54:29] End to send programming cmd.
[Debug] [2026-4-25 16:54:29] Log::Print : The done bit is 1
[Debug] [2026-4-25 16:54:29] Log::Print : COMMAND[Program] execute successfully, takes 8.4 secs.
[Debug] [2026-4-25 16:54:34] Begin to send programming cmd...
[Debug] [2026-4-25 16:54:34] Send RPC:17
[Debug] [2026-4-25 16:54:34] Begin to send program data.
[Debug] [2026-4-25 16:54:34] End to send program data.
[Debug] [2026-4-25 16:54:34] Send cmd [Program:20002] OK
[Debug] [2026-4-25 16:54:35] The value of Progress is 6
[Debug] [2026-4-25 16:54:35] The value of Progress is 10
[Debug] [2026-4-25 16:54:35] The value of Progress is 15
[Debug] [2026-4-25 16:54:36] The value of Progress is 20
[Debug] [2026-4-25 16:54:36] The value of Progress is 25
[Debug] [2026-4-25 16:54:36] The value of Progress is 30
[Debug] [2026-4-25 16:54:37] The value of Progress is 35
[Debug] [2026-4-25 16:54:37] The value of Progress is 40
[Debug] [2026-4-25 16:54:38] The value of Progress is 45
[Debug] [2026-4-25 16:54:38] The value of Progress is 50
[Debug] [2026-4-25 16:54:38] The value of Progress is 55
[Debug] [2026-4-25 16:54:39] The value of Progress is 60
[Debug] [2026-4-25 16:54:39] The value of Progress is 65
[Debug] [2026-4-25 16:54:40] The value of Progress is 70
[Debug] [2026-4-25 16:54:40] The value of Progress is 75
[Debug] [2026-4-25 16:54:40] The value of Progress is 80
[Debug] [2026-4-25 16:54:41] The value of Progress is 85
[Debug] [2026-4-25 16:54:41] The value of Progress is 90
[Debug] [2026-4-25 16:54:41] The value of Progress is 95
[Debug] [2026-4-25 16:54:42] The value of Progress is 100
[Debug] [2026-4-25 16:54:42] COMMAND[Program] execute successfully, takes 8.3 secs.
[Debug] [2026-4-25 16:54:42] End to send programming cmd.
[Debug] [2026-4-25 16:54:42] Log::Print : The done bit is 1
[Debug] [2026-4-25 16:54:42] Log::Print : COMMAND[Program] execute successfully, takes 8.3 secs.
[Debug] [2026-4-25 17:02:43] Begin to send programming cmd...
[Debug] [2026-4-25 17:02:43] Send RPC:18
[Debug] [2026-4-25 17:02:43] Begin to send program data.
[Debug] [2026-4-25 17:02:43] End to send program data.
[Debug] [2026-4-25 17:02:43] Send cmd [Program:20002] OK
[Debug] [2026-4-25 17:02:49] The value of Progress is 6
[Debug] [2026-4-25 17:02:49] The value of Progress is 10
[Debug] [2026-4-25 17:02:49] The value of Progress is 15
[Debug] [2026-4-25 17:02:50] The value of Progress is 20
[Debug] [2026-4-25 17:02:50] The value of Progress is 25
[Debug] [2026-4-25 17:02:51] The value of Progress is 30
[Debug] [2026-4-25 17:02:51] The value of Progress is 35
[Debug] [2026-4-25 17:02:51] The value of Progress is 40
[Debug] [2026-4-25 17:02:52] The value of Progress is 45
[Debug] [2026-4-25 17:02:52] The value of Progress is 50
[Debug] [2026-4-25 17:02:52] The value of Progress is 55
[Debug] [2026-4-25 17:02:53] The value of Progress is 60
[Debug] [2026-4-25 17:02:53] The value of Progress is 65
[Debug] [2026-4-25 17:02:54] The value of Progress is 70
[Debug] [2026-4-25 17:02:54] The value of Progress is 75
[Debug] [2026-4-25 17:02:54] The value of Progress is 80
[Debug] [2026-4-25 17:02:55] The value of Progress is 85
[Debug] [2026-4-25 17:02:55] The value of Progress is 90
[Debug] [2026-4-25 17:02:56] The value of Progress is 95
[Debug] [2026-4-25 17:02:56] The value of Progress is 100
[Debug] [2026-4-25 17:02:56] COMMAND[Program] execute successfully, takes 13.0 secs.
[Debug] [2026-4-25 17:02:56] End to send programming cmd.
[Debug] [2026-4-25 17:02:56] Log::Print : The done bit is 1
[Debug] [2026-4-25 17:02:56] Log::Print : COMMAND[Program] execute successfully, takes 13.0 secs.
[Debug] [2026-4-25 17:03:18] Begin to send programming cmd...
[Debug] [2026-4-25 17:03:18] Send RPC:19
[Debug] [2026-4-25 17:03:18] Begin to send program data.
[Debug] [2026-4-25 17:03:18] End to send program data.
[Debug] [2026-4-25 17:03:18] Send cmd [Program:20002] OK
[Debug] [2026-4-25 17:03:19] The value of Progress is 6
[Debug] [2026-4-25 17:03:19] The value of Progress is 10
[Debug] [2026-4-25 17:03:20] The value of Progress is 15
[Debug] [2026-4-25 17:03:20] The value of Progress is 20
[Debug] [2026-4-25 17:03:20] The value of Progress is 25
[Debug] [2026-4-25 17:03:21] The value of Progress is 30
[Debug] [2026-4-25 17:03:21] The value of Progress is 35
[Debug] [2026-4-25 17:03:22] The value of Progress is 40
[Debug] [2026-4-25 17:03:22] The value of Progress is 45
[Debug] [2026-4-25 17:03:22] The value of Progress is 50
[Debug] [2026-4-25 17:03:23] The value of Progress is 55
[Debug] [2026-4-25 17:03:23] The value of Progress is 60
[Debug] [2026-4-25 17:03:24] The value of Progress is 65
[Debug] [2026-4-25 17:03:24] The value of Progress is 70
[Debug] [2026-4-25 17:03:24] The value of Progress is 75
[Debug] [2026-4-25 17:03:25] The value of Progress is 80
[Debug] [2026-4-25 17:03:25] The value of Progress is 85
[Debug] [2026-4-25 17:03:25] The value of Progress is 90
[Debug] [2026-4-25 17:03:26] The value of Progress is 95
[Debug] [2026-4-25 17:03:26] The value of Progress is 100
[Debug] [2026-4-25 17:03:26] COMMAND[Program] execute successfully, takes 8.3 secs.
[Debug] [2026-4-25 17:03:26] End to send programming cmd.
[Debug] [2026-4-25 17:03:26] Log::Print : The done bit is 1
[Debug] [2026-4-25 17:03:26] Log::Print : COMMAND[Program] execute successfully, takes 8.3 secs.
[Debug] [2026-4-25 17:04:15] Begin to send programming cmd...
[Debug] [2026-4-25 17:04:15] Send RPC:20
[Debug] [2026-4-25 17:04:15] Begin to send program data.
[Debug] [2026-4-25 17:04:15] End to send program data.
[Debug] [2026-4-25 17:04:15] Send cmd [Program:20002] OK
[Debug] [2026-4-25 17:04:16] The value of Progress is 6
[Debug] [2026-4-25 17:04:17] The value of Progress is 10
[Debug] [2026-4-25 17:04:17] The value of Progress is 15
[Debug] [2026-4-25 17:04:17] The value of Progress is 20
[Debug] [2026-4-25 17:04:18] The value of Progress is 25
[Debug] [2026-4-25 17:04:18] The value of Progress is 30
[Debug] [2026-4-25 17:04:18] The value of Progress is 35
[Debug] [2026-4-25 17:04:19] The value of Progress is 40
[Debug] [2026-4-25 17:04:19] The value of Progress is 45
[Debug] [2026-4-25 17:04:20] The value of Progress is 50
[Debug] [2026-4-25 17:04:20] The value of Progress is 55
[Debug] [2026-4-25 17:04:20] The value of Progress is 60
[Debug] [2026-4-25 17:04:21] The value of Progress is 65
[Debug] [2026-4-25 17:04:21] The value of Progress is 70
[Debug] [2026-4-25 17:04:22] The value of Progress is 75
[Debug] [2026-4-25 17:04:22] The value of Progress is 80
[Debug] [2026-4-25 17:04:22] The value of Progress is 85
[Debug] [2026-4-25 17:04:23] The value of Progress is 90
[Debug] [2026-4-25 17:04:23] The value of Progress is 95
[Debug] [2026-4-25 17:04:23] The value of Progress is 100
[Debug] [2026-4-25 17:04:24] COMMAND[Program] execute successfully, takes 8.3 secs.
[Debug] [2026-4-25 17:04:24] End to send programming cmd.
[Debug] [2026-4-25 17:04:24] Log::Print : The done bit is 1
[Debug] [2026-4-25 17:04:24] Log::Print : COMMAND[Program] execute successfully, takes 8.3 secs.
[Error] [2026-4-25 17:40:57] Server close connect
[Info] [2026-4-25 17:40:57] Disconnect from Server: 127.0.0.1  Port: 65420
[Warn] [2026-4-25 17:40:57] Server is disconnected
[Debug] [2026-4-25 17:40:57] end to connect server
[Debug] [2026-4-25 17:40:57] Server close connect process finish
[Debug] [2026-4-25 17:40:57] Begin to delete graphic item and tree item ...
[Debug] [2026-4-25 17:40:57] Begin to remove all device in BS mode...
[Debug] [2026-4-25 17:40:57] begin remove user device...
[Debug] [2026-4-25 17:40:57] begin remove user device...
[Debug] [2026-4-25 17:40:57] end remove user device.
[Debug] [2026-4-25 17:40:57] Begin to update graphic item and tree item ...
[Debug] [2026-4-25 17:40:57] End to update graphic item and tree item ...
[Debug] [2026-4-25 17:40:57] end remove user device.
[Debug] [2026-4-25 17:40:57] End to remove devices in BS mode...
[Debug] [2026-4-25 17:40:57] Begin to update graphic item and tree item ...
[Debug] [2026-4-25 17:40:57] End to update graphic item and tree item ...
[Debug] [2026-4-25 17:40:57] End to delete graphic item and tree item ...
[Error] [2026-4-25 17:40:57] MsgOut: CdtCommon-0402: Fail to connect to server. 
[Debug] [2026-4-25 17:40:57] Log::Print : Server is disconnect
[Info] [2026-5-28 23:11:13] /***************************Start Configuration***************************/
[Info] [2026-5-28 23:11:13] Path: C:/pango/PDS_2022.2-SP6.4/bin
[Info] [2026-5-28 23:11:13] Version: 146967
[Info] [2026-5-28 23:11:14] Current Path: C:/Users/Datou21/Desktop/PDS/back1/cnn_usb_copy/prj_pds
[Info] [2026-5-28 23:11:14] PDS Dir Path: C:/Users/Datou21/Desktop/PDS/back1/cnn_usb_copy/prj_pds
[Info] [2026-5-28 23:11:18] Configuration is not connect with server. connect first then scan chain.
[Debug] [2026-5-28 23:11:18] Client Local host name:DESKTOP-VB8TKRO
[Debug] [2026-5-28 23:11:18] Client Local Address:2.0.0.1
[Debug] [2026-5-28 23:11:18] Client Local Address:210.77.26.220
[Debug] [2026-5-28 23:11:18] Client Local Address:192.168.44.1
[Debug] [2026-5-28 23:11:18] Client Local Address:192.168.176.1
[Debug] [2026-5-28 23:11:18] Client Local Address:10.210.132.78
[Debug] [2026-5-28 23:11:18] Server Address:127.0.0.1, Port:65420
[Debug] [2026-5-28 23:11:18] Log::Print : Connecting to server[127.0.0.1 : 65420].
[Info] [2026-5-28 23:11:19] Connect OK, Server: 127.0.0.1  Port: 65420
[Debug] [2026-5-28 23:11:19] Finish.
[Info] [2026-5-28 23:11:19] Connect server succeeded
[Debug] [2026-5-28 23:11:19] Send RPC:1
[Debug] [2026-5-28 23:11:19] Send cmd [check version information:40004] OK
[Debug] [2026-5-28 23:11:19] Log::Print : Connect to server[127.0.0.1 : 65420] successfully.
[Debug] [2026-5-28 23:11:27] Send RPC:2
[Debug] [2026-5-28 23:11:27] Send cmd [get_cable_paras:40010] OK
[Debug] [2026-5-28 23:11:27] Begin to send initialize chain cmd...
[Debug] [2026-5-28 23:11:27] Send RPC:3
[Debug] [2026-5-28 23:11:27] Send cmd [Open config cable:20001] OK
[Debug] [2026-5-28 23:11:27] End to send initialize chain cmd.
[Debug] [2026-5-28 23:11:27] COMMAND[check version information] execute successfully, takes 8.8 secs.
[Debug] [2026-5-28 23:11:27] Log::Print : COMMAND[check version information] execute successfully, takes 8.8 secs.
[Debug] [2026-5-28 23:11:28] COMMAND[get_cable_paras] execute successfully, takes 0.8 secs.
[Debug] [2026-5-28 23:11:28] Log::Print : The cable List : 

[Debug] [2026-5-28 23:11:28] Log::Print : COMMAND[get_cable_paras] execute successfully, takes 0.8 secs.
[Error] [2026-5-28 23:11:28] fail to exec Open config cable cmd...
[Error] [2026-5-28 23:11:28] MsgOut: JtagServer-0306: No devices detected while scanning the JTAG chain, failed detecting JTAG device chain.
[Warn] [2026-5-28 23:11:28] MsgOut: Please check the device power, cable connection situation and whether put the chip in the right way or not.
   If these do not work, try to restart the software.
[Error] [2026-5-28 23:11:28] MsgOut: Configuration-0008: The command 'Open config cable' execute fail.
[Debug] [2026-5-28 23:11:45] Begin to send initialize chain cmd...
[Debug] [2026-5-28 23:11:45] Send RPC:4
[Debug] [2026-5-28 23:11:45] Send cmd [Open config cable:20001] OK
[Debug] [2026-5-28 23:11:45] End to send initialize chain cmd.
[Error] [2026-5-28 23:11:45] fail to exec Open config cable cmd...
[Error] [2026-5-28 23:11:45] MsgOut: JtagServer-0306: No devices detected while scanning the JTAG chain, failed detecting JTAG device chain.
[Warn] [2026-5-28 23:11:45] MsgOut: Please check the device power, cable connection situation and whether put the chip in the right way or not.
   If these do not work, try to restart the software.
[Error] [2026-5-28 23:11:45] MsgOut: Configuration-0008: The command 'Open config cable' execute fail.
[Info] [2026-5-28 23:11:46] /***************************End Configration***************************/
[Info] [2026-5-28 23:11:47] /***************************Start Configuration***************************/
[Info] [2026-5-28 23:11:47] Path: C:/pango/PDS_2022.2-SP6.4/bin
[Info] [2026-5-28 23:11:47] Version: 146967
[Info] [2026-5-28 23:11:48] Current Path: C:/Users/Datou21/Desktop/PDS/back1/cnn_usb_copy/prj_pds
[Info] [2026-5-28 23:11:48] PDS Dir Path: C:/Users/Datou21/Desktop/PDS/back1/cnn_usb_copy/prj_pds
[Info] [2026-5-28 23:11:50] Configuration is not connect with server. connect first then scan chain.
[Debug] [2026-5-28 23:11:50] Client Local host name:DESKTOP-VB8TKRO
[Debug] [2026-5-28 23:11:50] Client Local Address:2.0.0.1
[Debug] [2026-5-28 23:11:50] Client Local Address:210.77.26.220
[Debug] [2026-5-28 23:11:50] Client Local Address:192.168.44.1
[Debug] [2026-5-28 23:11:50] Client Local Address:192.168.176.1
[Debug] [2026-5-28 23:11:50] Client Local Address:10.210.132.78
[Debug] [2026-5-28 23:11:50] Server Address:127.0.0.1, Port:65420
[Debug] [2026-5-28 23:11:50] Log::Print : Connecting to server[127.0.0.1 : 65420].
[Info] [2026-5-28 23:11:50] Connect OK, Server: 127.0.0.1  Port: 65420
[Debug] [2026-5-28 23:11:50] Finish.
[Info] [2026-5-28 23:11:50] Connect server succeeded
[Debug] [2026-5-28 23:11:50] Send RPC:1
[Debug] [2026-5-28 23:11:50] Send cmd [check version information:40004] OK
[Debug] [2026-5-28 23:11:50] Log::Print : Connect to server[127.0.0.1 : 65420] successfully.
[Debug] [2026-5-28 23:11:50] Send RPC:2
[Debug] [2026-5-28 23:11:50] Send cmd [get_cable_paras:40010] OK
[Debug] [2026-5-28 23:11:50] Begin to send initialize chain cmd...
[Debug] [2026-5-28 23:11:50] Send RPC:3
[Debug] [2026-5-28 23:11:50] Send cmd [Open config cable:20001] OK
[Debug] [2026-5-28 23:11:50] End to send initialize chain cmd.
[Debug] [2026-5-28 23:11:50] COMMAND[check version information] execute successfully, takes 0.1 secs.
[Debug] [2026-5-28 23:11:50] Log::Print : COMMAND[check version information] execute successfully, takes 0.1 secs.
[Debug] [2026-5-28 23:11:51] COMMAND[get_cable_paras] execute successfully, takes 0.8 secs.
[Debug] [2026-5-28 23:11:51] Log::Print : The cable List : 
Cable index 0:USB Cable II/fffffffffffffffe 

[Debug] [2026-5-28 23:11:51] Log::Print : COMMAND[get_cable_paras] execute successfully, takes 0.8 secs.
[Debug] [2026-5-28 23:11:52] begin the exec of open cable cmd...
[Debug] [2026-5-28 23:11:52] Begin to deal with chain from server...
[Debug] [2026-5-28 23:11:52] Begin to set user chain...
[Debug] [2026-5-28 23:11:52] End to set user chain.
[Debug] [2026-5-28 23:11:52] Begin to update graphic item and tree item ...
[Debug] [2026-5-28 23:11:52] End to update graphic item and tree item ...
[Debug] [2026-5-28 23:11:52] Log::Print : PANGO USB CABLE II cable driver: D2XX DLL
[Debug] [2026-5-28 23:11:52] Log::Print : PG2L200H
[Debug] [2026-5-28 23:11:52] Log::Print : This device configure situation (done bit): 0
[Info] [2026-5-28 23:11:53] set OpenLastPath: C:/Users/Datou21/Desktop/PDS/back1/cnn_usb_copy/prj_pds/generate_bitstream/hdmi_loop.sbit
[Debug] [2026-5-28 23:11:53] begin to get device info from CFG file...
[Debug] [2026-5-28 23:11:53] end to get device info from CFG file...
[Debug] [2026-5-28 23:11:53] Begin to update graphic item and tree item ...
[Debug] [2026-5-28 23:11:53] End to update graphic item and tree item ...
[Debug] [2026-5-28 23:11:53] Begin to update graphic item and tree item ...
[Debug] [2026-5-28 23:11:53] End to update graphic item and tree item ...
[Debug] [2026-5-28 23:11:53] End to deal wiht chain from server.
[Debug] [2026-5-28 23:11:53] end the exec of open cable cmd.
[Debug] [2026-5-28 23:11:53] COMMAND[Open config cable] execute successfully, takes 2.5 secs.
[Debug] [2026-5-28 23:11:53] Log::Print : COMMAND[Open config cable] execute successfully, takes 2.5 secs.
[Debug] [2026-5-28 23:11:54] Begin to send programming cmd...
[Debug] [2026-5-28 23:11:54] Send RPC:4
[Debug] [2026-5-28 23:11:54] Begin to send program data.
[Debug] [2026-5-28 23:11:54] End to send program data.
[Debug] [2026-5-28 23:11:54] Send cmd [Program:20002] OK
[Debug] [2026-5-28 23:11:55] The value of Progress is 6
[Debug] [2026-5-28 23:11:55] The value of Progress is 10
[Debug] [2026-5-28 23:11:55] The value of Progress is 15
[Debug] [2026-5-28 23:11:56] The value of Progress is 20
[Debug] [2026-5-28 23:11:56] The value of Progress is 25
[Debug] [2026-5-28 23:11:56] The value of Progress is 30
[Debug] [2026-5-28 23:11:57] The value of Progress is 35
[Debug] [2026-5-28 23:11:57] The value of Progress is 40
[Debug] [2026-5-28 23:11:58] The value of Progress is 45
[Debug] [2026-5-28 23:11:58] The value of Progress is 50
[Debug] [2026-5-28 23:11:58] The value of Progress is 55
[Debug] [2026-5-28 23:11:59] The value of Progress is 60
[Debug] [2026-5-28 23:11:59] The value of Progress is 65
[Debug] [2026-5-28 23:12:00] The value of Progress is 70
[Debug] [2026-5-28 23:12:00] The value of Progress is 75
[Debug] [2026-5-28 23:12:00] The value of Progress is 80
[Debug] [2026-5-28 23:12:01] The value of Progress is 85
[Debug] [2026-5-28 23:12:01] The value of Progress is 90
[Debug] [2026-5-28 23:12:01] The value of Progress is 95
[Debug] [2026-5-28 23:12:02] The value of Progress is 100
[Debug] [2026-5-28 23:12:02] COMMAND[Program] execute successfully, takes 8.1 secs.
[Debug] [2026-5-28 23:12:02] End to send programming cmd.
[Debug] [2026-5-28 23:12:02] Log::Print : The done bit is 1
[Debug] [2026-5-28 23:12:02] Log::Print : COMMAND[Program] execute successfully, takes 8.1 secs.
[Debug] [2026-5-28 23:12:10] Begin to send programming cmd...
[Debug] [2026-5-28 23:12:10] Send RPC:5
[Debug] [2026-5-28 23:12:10] Begin to send program data.
[Debug] [2026-5-28 23:12:10] End to send program data.
[Debug] [2026-5-28 23:12:10] Send cmd [Program:20002] OK
[Debug] [2026-5-28 23:12:11] The value of Progress is 6
[Debug] [2026-5-28 23:12:11] The value of Progress is 10
[Debug] [2026-5-28 23:12:11] The value of Progress is 15
[Debug] [2026-5-28 23:12:12] The value of Progress is 20
[Debug] [2026-5-28 23:12:12] The value of Progress is 25
[Debug] [2026-5-28 23:12:13] The value of Progress is 30
[Debug] [2026-5-28 23:12:13] The value of Progress is 35
[Debug] [2026-5-28 23:12:13] The value of Progress is 40
[Debug] [2026-5-28 23:12:14] The value of Progress is 45
[Debug] [2026-5-28 23:12:14] The value of Progress is 50
[Debug] [2026-5-28 23:12:15] The value of Progress is 55
[Debug] [2026-5-28 23:12:15] The value of Progress is 60
[Debug] [2026-5-28 23:12:15] The value of Progress is 65
[Debug] [2026-5-28 23:12:16] The value of Progress is 70
[Debug] [2026-5-28 23:12:16] The value of Progress is 75
[Debug] [2026-5-28 23:12:16] The value of Progress is 80
[Debug] [2026-5-28 23:12:17] The value of Progress is 85
[Debug] [2026-5-28 23:12:17] The value of Progress is 90
[Debug] [2026-5-28 23:12:18] The value of Progress is 95
[Debug] [2026-5-28 23:12:18] The value of Progress is 100
[Debug] [2026-5-28 23:12:18] COMMAND[Program] execute successfully, takes 8.1 secs.
[Debug] [2026-5-28 23:12:18] End to send programming cmd.
[Debug] [2026-5-28 23:12:18] Log::Print : The done bit is 1
[Debug] [2026-5-28 23:12:18] Log::Print : COMMAND[Program] execute successfully, takes 8.1 secs.
[Debug] [2026-5-28 23:12:36] Begin to send programming cmd...
[Debug] [2026-5-28 23:12:36] Send RPC:6
[Debug] [2026-5-28 23:12:36] Begin to send program data.
[Debug] [2026-5-28 23:12:36] End to send program data.
[Debug] [2026-5-28 23:12:36] Send cmd [Program:20002] OK
[Debug] [2026-5-28 23:12:37] The value of Progress is 6
[Debug] [2026-5-28 23:12:37] The value of Progress is 10
[Debug] [2026-5-28 23:12:38] The value of Progress is 15
[Debug] [2026-5-28 23:12:38] The value of Progress is 20
[Debug] [2026-5-28 23:12:39] The value of Progress is 25
[Debug] [2026-5-28 23:12:39] The value of Progress is 30
[Debug] [2026-5-28 23:12:39] The value of Progress is 35
[Debug] [2026-5-28 23:12:40] The value of Progress is 40
[Debug] [2026-5-28 23:12:40] The value of Progress is 45
[Debug] [2026-5-28 23:12:40] The value of Progress is 50
[Debug] [2026-5-28 23:12:41] The value of Progress is 55
[Debug] [2026-5-28 23:12:41] The value of Progress is 60
[Debug] [2026-5-28 23:12:42] The value of Progress is 65
[Debug] [2026-5-28 23:12:42] The value of Progress is 70
[Debug] [2026-5-28 23:12:42] The value of Progress is 75
[Debug] [2026-5-28 23:12:43] The value of Progress is 80
[Debug] [2026-5-28 23:12:43] The value of Progress is 85
[Debug] [2026-5-28 23:12:43] The value of Progress is 90
[Debug] [2026-5-28 23:12:44] The value of Progress is 95
[Debug] [2026-5-28 23:12:44] The value of Progress is 100
[Debug] [2026-5-28 23:12:44] COMMAND[Program] execute successfully, takes 8.1 secs.
[Debug] [2026-5-28 23:12:44] End to send programming cmd.
[Debug] [2026-5-28 23:12:44] Log::Print : The done bit is 1
[Debug] [2026-5-28 23:12:44] Log::Print : COMMAND[Program] execute successfully, takes 8.1 secs.
[Info] [2026-5-28 23:15:21] /***************************End Configration***************************/
[Info] [2026-6-28 23:09:54] /***************************Start Configuration***************************/
[Info] [2026-6-28 23:09:54] Path: C:/pango/PDS_2022.2-SP6.4/bin
[Info] [2026-6-28 23:09:54] Version: 146967
[Info] [2026-6-28 23:09:55] Current Path: C:/Users/Datou21/Desktop/PDS/back1/cnn_usb_copy/prj_pds
[Info] [2026-6-28 23:09:55] PDS Dir Path: C:/Users/Datou21/Desktop/PDS/back1/cnn_usb_copy/prj_pds
[Info] [2026-6-28 23:10:05] Configuration is not connect with server. connect first then scan chain.
[Debug] [2026-6-28 23:10:05] Client Local host name:DESKTOP-VB8TKRO
[Debug] [2026-6-28 23:10:05] Client Local Address:2.0.0.1
[Debug] [2026-6-28 23:10:05] Client Local Address:192.168.44.1
[Debug] [2026-6-28 23:10:05] Client Local Address:192.168.176.1
[Debug] [2026-6-28 23:10:05] Client Local Address:10.210.132.87
[Debug] [2026-6-28 23:10:05] Server Address:127.0.0.1, Port:65420
[Debug] [2026-6-28 23:10:05] Log::Print : Connecting to server[127.0.0.1 : 65420].
[Info] [2026-6-28 23:10:06] Connect OK, Server: 127.0.0.1  Port: 65420
[Debug] [2026-6-28 23:10:06] Finish.
[Info] [2026-6-28 23:10:06] Connect server succeeded
[Debug] [2026-6-28 23:10:06] Send RPC:1
[Debug] [2026-6-28 23:10:06] Send cmd [check version information:40004] OK
[Debug] [2026-6-28 23:10:06] Log::Print : Connect to server[127.0.0.1 : 65420] successfully.
[Debug] [2026-6-28 23:10:06] Send RPC:2
[Debug] [2026-6-28 23:10:06] Send cmd [get_cable_paras:40010] OK
[Debug] [2026-6-28 23:10:06] Begin to send initialize chain cmd...
[Debug] [2026-6-28 23:10:06] Send RPC:3
[Debug] [2026-6-28 23:10:06] Send cmd [Open config cable:20001] OK
[Debug] [2026-6-28 23:10:06] End to send initialize chain cmd.
[Debug] [2026-6-28 23:10:06] COMMAND[check version information] execute successfully, takes 0.0 secs.
[Debug] [2026-6-28 23:10:06] Log::Print : COMMAND[check version information] execute successfully, takes 0.0 secs.
[Debug] [2026-6-28 23:10:07] COMMAND[get_cable_paras] execute successfully, takes 0.7 secs.
[Debug] [2026-6-28 23:10:07] Log::Print : The cable List : 
Cable index 0:USB Cable II/fffffffffffffffe 

[Debug] [2026-6-28 23:10:07] Log::Print : COMMAND[get_cable_paras] execute successfully, takes 0.7 secs.
[Error] [2026-6-28 23:10:11] fail to exec Open config cable cmd...
[Debug] [2026-6-28 23:10:11] Log::Print : PANGO USB CABLE II cable driver: D2XX DLL
[Error] [2026-6-28 23:10:11] MsgOut: JtagServer-0306: No devices detected while scanning the JTAG chain, failed detecting JTAG device chain.
[Warn] [2026-6-28 23:10:11] MsgOut: Please check the device power, cable connection situation and whether put the chip in the right way or not.
   If these do not work, try to restart the software.
[Error] [2026-6-28 23:10:11] MsgOut: Configuration-0008: The command 'Open config cable' execute fail.
[Info] [2026-6-28 23:10:15] /***************************End Configration***************************/
[Info] [2026-6-28 23:10:16] /***************************Start Configuration***************************/
[Info] [2026-6-28 23:10:16] Path: C:/pango/PDS_2022.2-SP6.4/bin
[Info] [2026-6-28 23:10:16] Version: 146967
[Info] [2026-6-28 23:10:17] Current Path: C:/Users/Datou21/Desktop/PDS/back1/cnn_usb_copy/prj_pds
[Info] [2026-6-28 23:10:17] PDS Dir Path: C:/Users/Datou21/Desktop/PDS/back1/cnn_usb_copy/prj_pds
[Info] [2026-6-28 23:10:30] Configuration is not connect with server. connect first then scan chain.
[Debug] [2026-6-28 23:10:30] Client Local host name:DESKTOP-VB8TKRO
[Debug] [2026-6-28 23:10:30] Client Local Address:2.0.0.1
[Debug] [2026-6-28 23:10:30] Client Local Address:192.168.44.1
[Debug] [2026-6-28 23:10:30] Client Local Address:192.168.176.1
[Debug] [2026-6-28 23:10:30] Client Local Address:10.210.132.87
[Debug] [2026-6-28 23:10:30] Server Address:127.0.0.1, Port:65420
[Debug] [2026-6-28 23:10:30] Log::Print : Connecting to server[127.0.0.1 : 65420].
[Info] [2026-6-28 23:10:31] Connect OK, Server: 127.0.0.1  Port: 65420
[Debug] [2026-6-28 23:10:31] Finish.
[Info] [2026-6-28 23:10:31] Connect server succeeded
[Debug] [2026-6-28 23:10:31] Send RPC:1
[Debug] [2026-6-28 23:10:31] Send cmd [check version information:40004] OK
[Debug] [2026-6-28 23:10:31] Log::Print : Connect to server[127.0.0.1 : 65420] successfully.
[Debug] [2026-6-28 23:10:31] Send RPC:2
[Debug] [2026-6-28 23:10:31] Send cmd [get_cable_paras:40010] OK
[Debug] [2026-6-28 23:10:31] Begin to send initialize chain cmd...
[Debug] [2026-6-28 23:10:31] Send RPC:3
[Debug] [2026-6-28 23:10:31] Send cmd [Open config cable:20001] OK
[Debug] [2026-6-28 23:10:31] End to send initialize chain cmd.
[Debug] [2026-6-28 23:10:31] COMMAND[check version information] execute successfully, takes 0.0 secs.
[Debug] [2026-6-28 23:10:31] Log::Print : COMMAND[check version information] execute successfully, takes 0.0 secs.
[Debug] [2026-6-28 23:10:32] COMMAND[get_cable_paras] execute successfully, takes 0.7 secs.
[Debug] [2026-6-28 23:10:32] Log::Print : The cable List : 
Cable index 0:USB Cable II/fffffffffffffffe 

[Debug] [2026-6-28 23:10:32] Log::Print : COMMAND[get_cable_paras] execute successfully, takes 0.7 secs.
[Debug] [2026-6-28 23:10:32] begin the exec of open cable cmd...
[Debug] [2026-6-28 23:10:32] Begin to deal with chain from server...
[Debug] [2026-6-28 23:10:32] Begin to set user chain...
[Debug] [2026-6-28 23:10:32] End to set user chain.
[Debug] [2026-6-28 23:10:32] Begin to update graphic item and tree item ...
[Debug] [2026-6-28 23:10:32] End to update graphic item and tree item ...
[Debug] [2026-6-28 23:10:32] Log::Print : PANGO USB CABLE II cable driver: D2XX DLL
[Debug] [2026-6-28 23:10:32] Log::Print : PG2L200H
[Debug] [2026-6-28 23:10:32] Log::Print : This device configure situation (done bit): 0
[Info] [2026-6-28 23:10:33] set OpenLastPath: C:/Users/Datou21/Desktop/PDS/back1/cnn_usb_copy/prj_pds/generate_bitstream/hdmi_loop.sbit
[Debug] [2026-6-28 23:10:33] begin to get device info from CFG file...
[Debug] [2026-6-28 23:10:33] end to get device info from CFG file...
[Debug] [2026-6-28 23:10:33] Begin to update graphic item and tree item ...
[Debug] [2026-6-28 23:10:33] End to update graphic item and tree item ...
[Debug] [2026-6-28 23:10:33] Begin to update graphic item and tree item ...
[Debug] [2026-6-28 23:10:33] End to update graphic item and tree item ...
[Debug] [2026-6-28 23:10:33] End to deal wiht chain from server.
[Debug] [2026-6-28 23:10:33] end the exec of open cable cmd.
[Debug] [2026-6-28 23:10:33] COMMAND[Open config cable] execute successfully, takes 2.5 secs.
[Debug] [2026-6-28 23:10:33] Log::Print : COMMAND[Open config cable] execute successfully, takes 2.5 secs.
[Debug] [2026-6-28 23:10:34] Begin to send programming cmd...
[Debug] [2026-6-28 23:10:34] Send RPC:4
[Debug] [2026-6-28 23:10:34] Begin to send program data.
[Debug] [2026-6-28 23:10:34] End to send program data.
[Debug] [2026-6-28 23:10:34] Send cmd [Program:20002] OK
[Debug] [2026-6-28 23:10:35] The value of Progress is 6
[Debug] [2026-6-28 23:10:35] The value of Progress is 10
[Debug] [2026-6-28 23:10:36] The value of Progress is 15
[Debug] [2026-6-28 23:10:36] The value of Progress is 20
[Debug] [2026-6-28 23:10:37] The value of Progress is 25
[Debug] [2026-6-28 23:10:37] The value of Progress is 30
[Debug] [2026-6-28 23:10:37] The value of Progress is 35
[Debug] [2026-6-28 23:10:38] The value of Progress is 40
[Debug] [2026-6-28 23:10:38] The value of Progress is 45
[Debug] [2026-6-28 23:10:39] The value of Progress is 50
[Debug] [2026-6-28 23:10:39] The value of Progress is 55
[Debug] [2026-6-28 23:10:39] The value of Progress is 60
[Debug] [2026-6-28 23:10:40] The value of Progress is 65
[Debug] [2026-6-28 23:10:40] The value of Progress is 70
[Debug] [2026-6-28 23:10:40] The value of Progress is 75
[Debug] [2026-6-28 23:10:41] The value of Progress is 80
[Debug] [2026-6-28 23:10:41] The value of Progress is 85
[Debug] [2026-6-28 23:10:42] The value of Progress is 90
[Debug] [2026-6-28 23:10:42] The value of Progress is 95
[Debug] [2026-6-28 23:10:42] The value of Progress is 100
[Debug] [2026-6-28 23:10:42] COMMAND[Program] execute successfully, takes 8.0 secs.
[Debug] [2026-6-28 23:10:42] End to send programming cmd.
[Debug] [2026-6-28 23:10:42] Log::Print : The done bit is 1
[Debug] [2026-6-28 23:10:42] Log::Print : COMMAND[Program] execute successfully, takes 8.0 secs.
[Debug] [2026-6-28 23:10:57] Begin to send programming cmd...
[Debug] [2026-6-28 23:10:57] Send RPC:5
[Debug] [2026-6-28 23:10:57] Begin to send program data.
[Debug] [2026-6-28 23:10:57] End to send program data.
[Debug] [2026-6-28 23:10:57] Send cmd [Program:20002] OK
[Debug] [2026-6-28 23:10:58] The value of Progress is 6
[Debug] [2026-6-28 23:10:58] The value of Progress is 10
[Debug] [2026-6-28 23:10:59] The value of Progress is 15
[Debug] [2026-6-28 23:10:59] The value of Progress is 20
[Debug] [2026-6-28 23:11:00] The value of Progress is 25
[Debug] [2026-6-28 23:11:00] The value of Progress is 30
[Debug] [2026-6-28 23:11:00] The value of Progress is 35
[Debug] [2026-6-28 23:11:01] The value of Progress is 40
[Debug] [2026-6-28 23:11:01] The value of Progress is 45
[Debug] [2026-6-28 23:11:01] The value of Progress is 50
[Debug] [2026-6-28 23:11:02] The value of Progress is 55
[Debug] [2026-6-28 23:11:02] The value of Progress is 60
[Debug] [2026-6-28 23:11:03] The value of Progress is 65
[Debug] [2026-6-28 23:11:03] The value of Progress is 70
[Debug] [2026-6-28 23:11:03] The value of Progress is 75
[Debug] [2026-6-28 23:11:04] The value of Progress is 80
[Debug] [2026-6-28 23:11:04] The value of Progress is 85
[Debug] [2026-6-28 23:11:05] The value of Progress is 90
[Debug] [2026-6-28 23:11:05] The value of Progress is 95
[Debug] [2026-6-28 23:11:05] The value of Progress is 100
[Debug] [2026-6-28 23:11:05] COMMAND[Program] execute successfully, takes 8.0 secs.
[Debug] [2026-6-28 23:11:05] End to send programming cmd.
[Debug] [2026-6-28 23:11:05] Log::Print : The done bit is 1
[Debug] [2026-6-28 23:11:05] Log::Print : COMMAND[Program] execute successfully, takes 8.0 secs.
[Debug] [2026-6-28 23:21:27] Begin to send programming cmd...
[Debug] [2026-6-28 23:21:27] Send RPC:6
[Debug] [2026-6-28 23:21:27] Begin to send program data.
[Debug] [2026-6-28 23:21:27] End to send program data.
[Debug] [2026-6-28 23:21:27] Send cmd [Program:20002] OK
[Error] [2026-6-28 23:21:31] fail to exec Program cmd...
[Debug] [2026-6-28 23:21:31] End to send programming cmd.
[Error] [2026-6-28 23:21:31] MsgOut: JtagServer-0306: No devices detected while scanning the JTAG chain, failed detecting JTAG device chain.
[Error] [2026-6-28 23:21:31] MsgOut: Configuration-0008: The command 'Program' execute fail.
[Debug] [2026-6-28 23:21:38] Begin to send programming cmd...
[Debug] [2026-6-28 23:21:38] Send RPC:7
[Debug] [2026-6-28 23:21:38] Begin to send program data.
[Debug] [2026-6-28 23:21:38] End to send program data.
[Debug] [2026-6-28 23:21:38] Send cmd [Program:20002] OK
[Debug] [2026-6-28 23:21:38] The value of Progress is 6
[Debug] [2026-6-28 23:21:39] The value of Progress is 10
[Debug] [2026-6-28 23:21:39] The value of Progress is 15
[Debug] [2026-6-28 23:21:39] The value of Progress is 20
[Debug] [2026-6-28 23:21:40] The value of Progress is 25
[Debug] [2026-6-28 23:21:40] The value of Progress is 30
[Debug] [2026-6-28 23:21:40] The value of Progress is 35
[Debug] [2026-6-28 23:21:41] The value of Progress is 40
[Debug] [2026-6-28 23:21:41] The value of Progress is 45
[Debug] [2026-6-28 23:21:42] The value of Progress is 50
[Debug] [2026-6-28 23:21:42] The value of Progress is 55
[Debug] [2026-6-28 23:21:42] The value of Progress is 60
[Debug] [2026-6-28 23:21:43] The value of Progress is 65
[Debug] [2026-6-28 23:21:43] The value of Progress is 70
[Debug] [2026-6-28 23:22:19] Begin to send abort process cmd.
[Debug] [2026-6-28 23:22:19] Begin to flush aborting cmd. 
[Debug] [2026-6-28 23:22:19] End to flush aborting cmd. 
[Debug] [2026-6-28 23:22:19] End to send abort process cmd.
[Debug] [2026-6-28 23:22:19] End to send programming cmd.
[Error] [2026-6-28 23:22:19] MsgOut: Configuration-0005: Try to abort Programming.
[Debug] [2026-6-28 23:22:20] Begin to send programming cmd...
[Debug] [2026-6-28 23:22:20] Send RPC:8
[Debug] [2026-6-28 23:22:20] Begin to send program data.
[Debug] [2026-6-28 23:22:20] End to send program data.
[Debug] [2026-6-28 23:22:20] Send cmd [Program:20002] OK
[Debug] [2026-6-28 23:22:22] Begin to send abort process cmd.
[Debug] [2026-6-28 23:22:22] Begin to flush aborting cmd. 
[Debug] [2026-6-28 23:22:22] End to flush aborting cmd. 
[Debug] [2026-6-28 23:22:22] End to send abort process cmd.
[Debug] [2026-6-28 23:22:22] End to send programming cmd.
[Error] [2026-6-28 23:22:22] MsgOut: Configuration-0005: Try to abort Programming.
[Error] [2026-6-28 23:22:24] fail to exec Program cmd...
[Error] [2026-6-28 23:22:24] MsgOut: JtagServer-0014: Fail to write instruction or data to PANGO USB CABLE II cable using JTAG protocol.
[Error] [2026-6-28 23:22:24] MsgOut: Configuration-0008: The command 'Program' execute fail.
[Error] [2026-6-28 23:22:24] fail to exec Program cmd...
[Error] [2026-6-28 23:22:24] MsgOut: JtagServer-0001: No PANGO USB CABLE II cable was found in system.
[Error] [2026-6-28 23:22:24] MsgOut: JtagServer-0306: No devices detected while scanning the JTAG chain, failed detecting JTAG device chain.
[Error] [2026-6-28 23:22:24] MsgOut: Configuration-0008: The command 'Program' execute fail.
[Debug] [2026-6-28 23:22:30] Begin to send programming cmd...
[Debug] [2026-6-28 23:22:30] Send RPC:9
[Debug] [2026-6-28 23:22:30] Begin to send program data.
[Debug] [2026-6-28 23:22:30] End to send program data.
[Debug] [2026-6-28 23:22:30] Send cmd [Program:20002] OK
[Debug] [2026-6-28 23:22:31] The value of Progress is 6
[Debug] [2026-6-28 23:22:31] The value of Progress is 10
[Debug] [2026-6-28 23:22:32] The value of Progress is 15
[Debug] [2026-6-28 23:22:32] The value of Progress is 20
[Debug] [2026-6-28 23:22:32] The value of Progress is 25
[Debug] [2026-6-28 23:22:33] The value of Progress is 30
[Debug] [2026-6-28 23:22:33] The value of Progress is 35
[Debug] [2026-6-28 23:22:34] The value of Progress is 40
[Debug] [2026-6-28 23:22:34] The value of Progress is 45
[Debug] [2026-6-28 23:22:34] The value of Progress is 50
[Debug] [2026-6-28 23:22:35] The value of Progress is 55
[Debug] [2026-6-28 23:22:35] The value of Progress is 60
[Debug] [2026-6-28 23:22:35] The value of Progress is 65
[Debug] [2026-6-28 23:22:36] The value of Progress is 70
[Debug] [2026-6-28 23:22:36] The value of Progress is 75
[Debug] [2026-6-28 23:22:37] The value of Progress is 80
[Debug] [2026-6-28 23:22:37] The value of Progress is 85
[Debug] [2026-6-28 23:22:37] The value of Progress is 90
[Debug] [2026-6-28 23:22:38] The value of Progress is 95
[Debug] [2026-6-28 23:22:38] The value of Progress is 100
[Debug] [2026-6-28 23:22:38] COMMAND[Program] execute successfully, takes 8.1 secs.
[Debug] [2026-6-28 23:22:38] End to send programming cmd.
[Debug] [2026-6-28 23:22:38] Log::Print : The done bit is 1
[Debug] [2026-6-28 23:22:38] Log::Print : COMMAND[Program] execute successfully, takes 8.1 secs.
[Debug] [2026-6-28 23:22:45] Begin to send programming cmd...
[Debug] [2026-6-28 23:22:45] Send RPC:10
[Debug] [2026-6-28 23:22:45] Begin to send program data.
[Debug] [2026-6-28 23:22:45] End to send program data.
[Debug] [2026-6-28 23:22:45] Send cmd [Program:20002] OK
[Debug] [2026-6-28 23:22:46] The value of Progress is 6
[Debug] [2026-6-28 23:22:46] The value of Progress is 10
[Debug] [2026-6-28 23:22:46] The value of Progress is 15
[Debug] [2026-6-28 23:22:47] The value of Progress is 20
[Debug] [2026-6-28 23:22:47] The value of Progress is 25
[Debug] [2026-6-28 23:22:47] The value of Progress is 30
[Debug] [2026-6-28 23:22:48] The value of Progress is 35
[Debug] [2026-6-28 23:22:48] The value of Progress is 40
[Debug] [2026-6-28 23:22:49] The value of Progress is 45
[Debug] [2026-6-28 23:22:49] The value of Progress is 50
[Debug] [2026-6-28 23:22:49] The value of Progress is 55
[Debug] [2026-6-28 23:22:50] The value of Progress is 60
[Debug] [2026-6-28 23:22:50] The value of Progress is 65
[Debug] [2026-6-28 23:22:50] The value of Progress is 70
[Debug] [2026-6-28 23:22:51] The value of Progress is 75
[Debug] [2026-6-28 23:22:51] The value of Progress is 80
[Debug] [2026-6-28 23:22:52] The value of Progress is 85
[Debug] [2026-6-28 23:22:52] The value of Progress is 90
[Debug] [2026-6-28 23:22:52] The value of Progress is 95
[Debug] [2026-6-28 23:22:53] The value of Progress is 100
[Debug] [2026-6-28 23:22:53] COMMAND[Program] execute successfully, takes 8.1 secs.
[Debug] [2026-6-28 23:22:53] End to send programming cmd.
[Debug] [2026-6-28 23:22:53] Log::Print : The done bit is 1
[Debug] [2026-6-28 23:22:53] Log::Print : COMMAND[Program] execute successfully, takes 8.1 secs.
[Debug] [2026-6-28 23:23:52] Begin to send programming cmd...
[Debug] [2026-6-28 23:23:52] Send RPC:11
[Debug] [2026-6-28 23:23:52] Begin to send program data.
[Debug] [2026-6-28 23:23:52] End to send program data.
[Debug] [2026-6-28 23:23:52] Send cmd [Program:20002] OK
[Debug] [2026-6-28 23:23:53] The value of Progress is 6
[Debug] [2026-6-28 23:23:53] The value of Progress is 10
[Debug] [2026-6-28 23:23:54] The value of Progress is 15
[Debug] [2026-6-28 23:23:54] The value of Progress is 20
[Debug] [2026-6-28 23:23:54] The value of Progress is 25
[Debug] [2026-6-28 23:23:55] The value of Progress is 30
[Debug] [2026-6-28 23:23:55] The value of Progress is 35
[Debug] [2026-6-28 23:23:56] The value of Progress is 40
[Debug] [2026-6-28 23:23:56] The value of Progress is 45
[Debug] [2026-6-28 23:23:56] The value of Progress is 50
[Debug] [2026-6-28 23:23:57] The value of Progress is 55
[Debug] [2026-6-28 23:23:57] The value of Progress is 60
[Debug] [2026-6-28 23:23:58] The value of Progress is 65
[Debug] [2026-6-28 23:23:58] The value of Progress is 70
[Debug] [2026-6-28 23:23:58] The value of Progress is 75
[Debug] [2026-6-28 23:23:59] The value of Progress is 80
[Debug] [2026-6-28 23:23:59] The value of Progress is 85
[Debug] [2026-6-28 23:23:59] The value of Progress is 90
[Debug] [2026-6-28 23:24:00] The value of Progress is 95
[Debug] [2026-6-28 23:24:00] The value of Progress is 100
[Debug] [2026-6-28 23:24:00] COMMAND[Program] execute successfully, takes 8.1 secs.
[Debug] [2026-6-28 23:24:00] End to send programming cmd.
[Debug] [2026-6-28 23:24:00] Log::Print : The done bit is 1
[Debug] [2026-6-28 23:24:00] Log::Print : COMMAND[Program] execute successfully, takes 8.1 secs.
[Debug] [2026-6-28 23:24:13] Begin to send programming cmd...
[Debug] [2026-6-28 23:24:13] Send RPC:12
[Debug] [2026-6-28 23:24:13] Begin to send program data.
[Debug] [2026-6-28 23:24:13] End to send program data.
[Debug] [2026-6-28 23:24:13] Send cmd [Program:20002] OK
[Debug] [2026-6-28 23:24:13] The value of Progress is 6
[Debug] [2026-6-28 23:24:14] The value of Progress is 10
[Debug] [2026-6-28 23:24:14] The value of Progress is 15
[Debug] [2026-6-28 23:24:14] The value of Progress is 20
[Debug] [2026-6-28 23:24:15] The value of Progress is 25
[Debug] [2026-6-28 23:24:15] The value of Progress is 30
[Debug] [2026-6-28 23:24:16] The value of Progress is 35
[Debug] [2026-6-28 23:24:16] The value of Progress is 40
[Debug] [2026-6-28 23:24:16] The value of Progress is 45
[Debug] [2026-6-28 23:24:17] The value of Progress is 50
[Debug] [2026-6-28 23:24:17] The value of Progress is 55
[Debug] [2026-6-28 23:24:18] The value of Progress is 60
[Debug] [2026-6-28 23:24:18] The value of Progress is 65
[Debug] [2026-6-28 23:24:18] The value of Progress is 70
[Debug] [2026-6-28 23:24:19] The value of Progress is 75
[Debug] [2026-6-28 23:24:19] The value of Progress is 80
[Debug] [2026-6-28 23:24:19] The value of Progress is 85
[Debug] [2026-6-28 23:24:20] The value of Progress is 90
[Debug] [2026-6-28 23:24:20] The value of Progress is 95
[Debug] [2026-6-28 23:24:21] The value of Progress is 100
[Debug] [2026-6-28 23:24:21] COMMAND[Program] execute successfully, takes 8.1 secs.
[Debug] [2026-6-28 23:24:21] End to send programming cmd.
[Debug] [2026-6-28 23:24:21] Log::Print : The done bit is 1
[Debug] [2026-6-28 23:24:21] Log::Print : COMMAND[Program] execute successfully, takes 8.1 secs.
[Error] [2026-6-28 23:28:23] Server close connect
[Info] [2026-6-28 23:28:23] Disconnect from Server: 127.0.0.1  Port: 65420
[Warn] [2026-6-28 23:28:23] Server is disconnected
[Debug] [2026-6-28 23:28:23] end to connect server
[Debug] [2026-6-28 23:28:23] Server close connect process finish
[Debug] [2026-6-28 23:28:23] Begin to delete graphic item and tree item ...
[Debug] [2026-6-28 23:28:23] Begin to remove all device in BS mode...
[Debug] [2026-6-28 23:28:23] begin remove user device...
[Debug] [2026-6-28 23:28:23] begin remove user device...
[Debug] [2026-6-28 23:28:23] end remove user device.
[Debug] [2026-6-28 23:28:23] Begin to update graphic item and tree item ...
[Debug] [2026-6-28 23:28:23] End to update graphic item and tree item ...
[Debug] [2026-6-28 23:28:23] end remove user device.
[Debug] [2026-6-28 23:28:23] End to remove devices in BS mode...
[Debug] [2026-6-28 23:28:23] Begin to update graphic item and tree item ...
[Debug] [2026-6-28 23:28:24] End to update graphic item and tree item ...
[Debug] [2026-6-28 23:28:24] End to delete graphic item and tree item ...
[Info] [2026-7-1 13:18:19] /***************************Start Configuration***************************/
[Info] [2026-7-1 13:18:19] Path: C:/pango/PDS_2022.2-SP6.4/bin
[Info] [2026-7-1 13:18:19] Version: 146967
[Info] [2026-7-1 13:18:20] Current Path: C:/Users/Datou21/Desktop/PDS/back1/cnn_usb_copy/prj_pds
[Info] [2026-7-1 13:18:20] PDS Dir Path: C:/Users/Datou21/Desktop/PDS/back1/cnn_usb_copy/prj_pds
[Info] [2026-7-1 13:18:23] Configuration is not connect with server. connect first then scan chain.
[Debug] [2026-7-1 13:18:23] Client Local host name:DESKTOP-VB8TKRO
[Debug] [2026-7-1 13:18:23] Client Local Address:2.0.0.1
[Debug] [2026-7-1 13:18:23] Client Local Address:192.168.44.1
[Debug] [2026-7-1 13:18:23] Client Local Address:192.168.176.1
[Debug] [2026-7-1 13:18:23] Client Local Address:10.210.132.87
[Debug] [2026-7-1 13:18:23] Server Address:127.0.0.1, Port:65420
[Debug] [2026-7-1 13:18:23] Log::Print : Connecting to server[127.0.0.1 : 65420].
[Info] [2026-7-1 13:18:24] Connect OK, Server: 127.0.0.1  Port: 65420
[Debug] [2026-7-1 13:18:24] Finish.
[Info] [2026-7-1 13:18:24] Connect server succeeded
[Debug] [2026-7-1 13:18:24] Send RPC:1
[Debug] [2026-7-1 13:18:24] Send cmd [check version information:40004] OK
[Debug] [2026-7-1 13:18:24] Log::Print : Connect to server[127.0.0.1 : 65420] successfully.
[Debug] [2026-7-1 13:18:24] Send RPC:2
[Debug] [2026-7-1 13:18:24] Send cmd [get_cable_paras:40010] OK
[Debug] [2026-7-1 13:18:24] Begin to send initialize chain cmd...
[Debug] [2026-7-1 13:18:24] Send RPC:3
[Debug] [2026-7-1 13:18:24] Send cmd [Open config cable:20001] OK
[Debug] [2026-7-1 13:18:24] End to send initialize chain cmd.
[Debug] [2026-7-1 13:18:24] COMMAND[check version information] execute successfully, takes 0.0 secs.
[Debug] [2026-7-1 13:18:24] Log::Print : COMMAND[check version information] execute successfully, takes 0.0 secs.
[Debug] [2026-7-1 13:18:25] COMMAND[get_cable_paras] execute successfully, takes 0.8 secs.
[Debug] [2026-7-1 13:18:25] Log::Print : The cable List : 
Cable index 0:USB Cable II/fffffffffffffffe 

[Debug] [2026-7-1 13:18:25] Log::Print : COMMAND[get_cable_paras] execute successfully, takes 0.8 secs.
[Debug] [2026-7-1 13:18:25] begin the exec of open cable cmd...
[Debug] [2026-7-1 13:18:25] Begin to deal with chain from server...
[Debug] [2026-7-1 13:18:25] Begin to set user chain...
[Debug] [2026-7-1 13:18:25] End to set user chain.
[Debug] [2026-7-1 13:18:25] Begin to update graphic item and tree item ...
[Debug] [2026-7-1 13:18:25] End to update graphic item and tree item ...
[Debug] [2026-7-1 13:18:25] Log::Print : PANGO USB CABLE II cable driver: D2XX DLL
[Debug] [2026-7-1 13:18:25] Log::Print : PG2L200H
[Debug] [2026-7-1 13:18:25] Log::Print : This device configure situation (done bit): 0
[Info] [2026-7-1 13:18:26] set OpenLastPath: C:/Users/Datou21/Desktop/PDS/back1/cnn_usb_copy/prj_pds/generate_bitstream/hdmi_loop.sbit
[Debug] [2026-7-1 13:18:26] begin to get device info from CFG file...
[Debug] [2026-7-1 13:18:26] end to get device info from CFG file...
[Debug] [2026-7-1 13:18:26] Begin to update graphic item and tree item ...
[Debug] [2026-7-1 13:18:26] End to update graphic item and tree item ...
[Debug] [2026-7-1 13:18:26] Begin to update graphic item and tree item ...
[Debug] [2026-7-1 13:18:26] End to update graphic item and tree item ...
[Debug] [2026-7-1 13:18:26] End to deal wiht chain from server.
[Debug] [2026-7-1 13:18:26] end the exec of open cable cmd.
[Debug] [2026-7-1 13:18:26] COMMAND[Open config cable] execute successfully, takes 2.6 secs.
[Debug] [2026-7-1 13:18:26] Log::Print : COMMAND[Open config cable] execute successfully, takes 2.6 secs.
[Debug] [2026-7-1 13:18:27] Begin to send programming cmd...
[Debug] [2026-7-1 13:18:27] Send RPC:4
[Debug] [2026-7-1 13:18:27] Begin to send program data.
[Debug] [2026-7-1 13:18:27] End to send program data.
[Debug] [2026-7-1 13:18:27] Send cmd [Program:20002] OK
[Debug] [2026-7-1 13:18:28] The value of Progress is 6
[Debug] [2026-7-1 13:18:28] The value of Progress is 10
[Debug] [2026-7-1 13:18:29] The value of Progress is 15
[Debug] [2026-7-1 13:18:29] The value of Progress is 20
[Debug] [2026-7-1 13:18:29] The value of Progress is 25
[Debug] [2026-7-1 13:18:30] The value of Progress is 30
[Debug] [2026-7-1 13:18:30] The value of Progress is 35
[Debug] [2026-7-1 13:18:31] The value of Progress is 40
[Debug] [2026-7-1 13:18:31] The value of Progress is 45
[Debug] [2026-7-1 13:18:31] The value of Progress is 50
[Debug] [2026-7-1 13:18:32] The value of Progress is 55
[Debug] [2026-7-1 13:18:32] The value of Progress is 60
[Debug] [2026-7-1 13:18:32] The value of Progress is 65
[Debug] [2026-7-1 13:18:33] The value of Progress is 70
[Debug] [2026-7-1 13:18:33] The value of Progress is 75
[Debug] [2026-7-1 13:18:34] The value of Progress is 80
[Debug] [2026-7-1 13:18:34] The value of Progress is 85
[Debug] [2026-7-1 13:18:34] The value of Progress is 90
[Debug] [2026-7-1 13:18:35] The value of Progress is 95
[Debug] [2026-7-1 13:18:35] The value of Progress is 100
[Debug] [2026-7-1 13:18:35] COMMAND[Program] execute successfully, takes 8.0 secs.
[Debug] [2026-7-1 13:18:35] End to send programming cmd.
[Debug] [2026-7-1 13:18:35] Log::Print : The done bit is 1
[Debug] [2026-7-1 13:18:35] Log::Print : COMMAND[Program] execute successfully, takes 8.0 secs.
[Debug] [2026-7-1 13:18:41] Begin to send programming cmd...
[Debug] [2026-7-1 13:18:41] Send RPC:5
[Debug] [2026-7-1 13:18:41] Begin to send program data.
[Debug] [2026-7-1 13:18:41] End to send program data.
[Debug] [2026-7-1 13:18:41] Send cmd [Program:20002] OK
[Debug] [2026-7-1 13:18:42] The value of Progress is 6
[Debug] [2026-7-1 13:18:42] The value of Progress is 10
[Debug] [2026-7-1 13:18:42] The value of Progress is 15
[Debug] [2026-7-1 13:18:43] The value of Progress is 20
[Debug] [2026-7-1 13:18:43] The value of Progress is 25
[Debug] [2026-7-1 13:18:44] The value of Progress is 30
[Debug] [2026-7-1 13:18:44] The value of Progress is 35
[Debug] [2026-7-1 13:18:44] The value of Progress is 40
[Debug] [2026-7-1 13:18:45] The value of Progress is 45
[Debug] [2026-7-1 13:18:45] The value of Progress is 50
[Debug] [2026-7-1 13:18:45] The value of Progress is 55
[Debug] [2026-7-1 13:18:46] The value of Progress is 60
[Debug] [2026-7-1 13:18:46] The value of Progress is 65
[Debug] [2026-7-1 13:18:47] The value of Progress is 70
[Debug] [2026-7-1 13:18:47] The value of Progress is 75
[Debug] [2026-7-1 13:18:47] The value of Progress is 80
[Debug] [2026-7-1 13:18:48] The value of Progress is 85
[Debug] [2026-7-1 13:18:48] The value of Progress is 90
[Debug] [2026-7-1 13:18:49] The value of Progress is 95
[Debug] [2026-7-1 13:18:49] The value of Progress is 100
[Debug] [2026-7-1 13:18:49] COMMAND[Program] execute successfully, takes 8.0 secs.
[Debug] [2026-7-1 13:18:49] End to send programming cmd.
[Debug] [2026-7-1 13:18:49] Log::Print : The done bit is 1
[Debug] [2026-7-1 13:18:49] Log::Print : COMMAND[Program] execute successfully, takes 8.0 secs.
[Info] [2026-7-1 13:20:22] /***************************End Configration***************************/
[Info] [2026-7-1 13:59:01] /***************************Start Configuration***************************/
[Info] [2026-7-1 13:59:01] Path: C:/pango/PDS_2022.2-SP6.4/bin
[Info] [2026-7-1 13:59:01] Version: 146967
[Info] [2026-7-1 13:59:02] Current Path: C:/Users/Datou21/Desktop/PDS/back1/cnn_usb_copy/prj_pds
[Info] [2026-7-1 13:59:02] PDS Dir Path: C:/Users/Datou21/Desktop/PDS/back1/cnn_usb_copy/prj_pds
[Info] [2026-7-1 13:59:04] Configuration is not connect with server. connect first then scan chain.
[Debug] [2026-7-1 13:59:04] Client Local host name:DESKTOP-VB8TKRO
[Debug] [2026-7-1 13:59:04] Client Local Address:2.0.0.1
[Debug] [2026-7-1 13:59:04] Client Local Address:192.168.44.1
[Debug] [2026-7-1 13:59:04] Client Local Address:192.168.176.1
[Debug] [2026-7-1 13:59:04] Client Local Address:10.210.132.87
[Debug] [2026-7-1 13:59:04] Server Address:127.0.0.1, Port:65420
[Debug] [2026-7-1 13:59:04] Log::Print : Connecting to server[127.0.0.1 : 65420].
[Info] [2026-7-1 13:59:05] Connect OK, Server: 127.0.0.1  Port: 65420
[Debug] [2026-7-1 13:59:05] Finish.
[Info] [2026-7-1 13:59:05] Connect server succeeded
[Debug] [2026-7-1 13:59:05] Send RPC:1
[Debug] [2026-7-1 13:59:05] Send cmd [check version information:40004] OK
[Debug] [2026-7-1 13:59:05] Log::Print : Connect to server[127.0.0.1 : 65420] successfully.
[Debug] [2026-7-1 13:59:05] Send RPC:2
[Debug] [2026-7-1 13:59:05] Send cmd [get_cable_paras:40010] OK
[Debug] [2026-7-1 13:59:05] Begin to send initialize chain cmd...
[Debug] [2026-7-1 13:59:05] Send RPC:3
[Debug] [2026-7-1 13:59:05] Send cmd [Open config cable:20001] OK
[Debug] [2026-7-1 13:59:05] End to send initialize chain cmd.
[Debug] [2026-7-1 13:59:05] COMMAND[check version information] execute successfully, takes 0.0 secs.
[Debug] [2026-7-1 13:59:05] Log::Print : COMMAND[check version information] execute successfully, takes 0.0 secs.
[Debug] [2026-7-1 13:59:06] COMMAND[get_cable_paras] execute successfully, takes 0.8 secs.
[Debug] [2026-7-1 13:59:06] Log::Print : The cable List : 
Cable index 0:USB Cable II/fffffffffffffffe 

[Debug] [2026-7-1 13:59:06] Log::Print : COMMAND[get_cable_paras] execute successfully, takes 0.8 secs.
[Debug] [2026-7-1 13:59:06] begin the exec of open cable cmd...
[Debug] [2026-7-1 13:59:06] Begin to deal with chain from server...
[Debug] [2026-7-1 13:59:06] Begin to set user chain...
[Debug] [2026-7-1 13:59:06] End to set user chain.
[Debug] [2026-7-1 13:59:06] Begin to update graphic item and tree item ...
[Debug] [2026-7-1 13:59:06] End to update graphic item and tree item ...
[Debug] [2026-7-1 13:59:06] Log::Print : PANGO USB CABLE II cable driver: D2XX DLL
[Debug] [2026-7-1 13:59:06] Log::Print : PG2L200H
[Debug] [2026-7-1 13:59:06] Log::Print : This device configure situation (done bit): 0
[Info] [2026-7-1 13:59:07] set OpenLastPath: C:/Users/Datou21/Desktop/PDS/back1/cnn_usb_copy/prj_pds/generate_bitstream/hdmi_loop.sbit
[Debug] [2026-7-1 13:59:07] begin to get device info from CFG file...
[Debug] [2026-7-1 13:59:07] end to get device info from CFG file...
[Debug] [2026-7-1 13:59:07] Begin to update graphic item and tree item ...
[Debug] [2026-7-1 13:59:07] End to update graphic item and tree item ...
[Debug] [2026-7-1 13:59:07] Begin to update graphic item and tree item ...
[Debug] [2026-7-1 13:59:07] End to update graphic item and tree item ...
[Debug] [2026-7-1 13:59:07] End to deal wiht chain from server.
[Debug] [2026-7-1 13:59:07] end the exec of open cable cmd.
[Debug] [2026-7-1 13:59:07] COMMAND[Open config cable] execute successfully, takes 2.4 secs.
[Debug] [2026-7-1 13:59:07] Log::Print : COMMAND[Open config cable] execute successfully, takes 2.4 secs.
[Debug] [2026-7-1 13:59:08] Begin to send programming cmd...
[Debug] [2026-7-1 13:59:08] Send RPC:4
[Debug] [2026-7-1 13:59:08] Begin to send program data.
[Debug] [2026-7-1 13:59:08] End to send program data.
[Debug] [2026-7-1 13:59:08] Send cmd [Program:20002] OK
[Debug] [2026-7-1 13:59:09] The value of Progress is 6
[Debug] [2026-7-1 13:59:09] The value of Progress is 10
[Debug] [2026-7-1 13:59:09] The value of Progress is 15
[Debug] [2026-7-1 13:59:10] The value of Progress is 20
[Debug] [2026-7-1 13:59:10] The value of Progress is 25
[Debug] [2026-7-1 13:59:11] The value of Progress is 30
[Debug] [2026-7-1 13:59:11] The value of Progress is 35
[Debug] [2026-7-1 13:59:11] The value of Progress is 40
[Debug] [2026-7-1 13:59:12] The value of Progress is 45
[Debug] [2026-7-1 13:59:12] The value of Progress is 50
[Debug] [2026-7-1 13:59:12] The value of Progress is 55
[Debug] [2026-7-1 13:59:13] The value of Progress is 60
[Debug] [2026-7-1 13:59:13] The value of Progress is 65
[Debug] [2026-7-1 13:59:14] The value of Progress is 70
[Debug] [2026-7-1 13:59:14] The value of Progress is 75
[Debug] [2026-7-1 13:59:14] The value of Progress is 80
[Debug] [2026-7-1 13:59:15] The value of Progress is 85
[Debug] [2026-7-1 13:59:15] The value of Progress is 90
[Debug] [2026-7-1 13:59:16] The value of Progress is 95
[Debug] [2026-7-1 13:59:16] The value of Progress is 100
[Debug] [2026-7-1 13:59:16] COMMAND[Program] execute successfully, takes 7.9 secs.
[Debug] [2026-7-1 13:59:16] End to send programming cmd.
[Debug] [2026-7-1 13:59:16] Log::Print : The done bit is 1
[Debug] [2026-7-1 13:59:16] Log::Print : COMMAND[Program] execute successfully, takes 7.9 secs.
[Debug] [2026-7-1 13:59:25] Begin to send programming cmd...
[Debug] [2026-7-1 13:59:25] Send RPC:5
[Debug] [2026-7-1 13:59:25] Begin to send program data.
[Debug] [2026-7-1 13:59:25] End to send program data.
[Debug] [2026-7-1 13:59:25] Send cmd [Program:20002] OK
[Debug] [2026-7-1 13:59:26] The value of Progress is 6
[Debug] [2026-7-1 13:59:26] The value of Progress is 10
[Debug] [2026-7-1 13:59:26] The value of Progress is 15
[Debug] [2026-7-1 13:59:26] The value of Progress is 20
[Debug] [2026-7-1 13:59:27] The value of Progress is 25
[Debug] [2026-7-1 13:59:27] The value of Progress is 30
[Debug] [2026-7-1 13:59:28] The value of Progress is 35
[Debug] [2026-7-1 13:59:28] The value of Progress is 40
[Debug] [2026-7-1 13:59:28] The value of Progress is 45
[Debug] [2026-7-1 13:59:29] The value of Progress is 50
[Debug] [2026-7-1 13:59:29] The value of Progress is 55
[Debug] [2026-7-1 13:59:30] The value of Progress is 60
[Debug] [2026-7-1 13:59:30] The value of Progress is 65
[Debug] [2026-7-1 13:59:30] The value of Progress is 70
[Debug] [2026-7-1 13:59:31] The value of Progress is 75
[Debug] [2026-7-1 13:59:31] The value of Progress is 80
[Debug] [2026-7-1 13:59:31] The value of Progress is 85
[Debug] [2026-7-1 13:59:32] The value of Progress is 90
[Debug] [2026-7-1 13:59:32] The value of Progress is 95
[Debug] [2026-7-1 13:59:33] The value of Progress is 100
[Debug] [2026-7-1 13:59:33] COMMAND[Program] execute successfully, takes 7.9 secs.
[Debug] [2026-7-1 13:59:33] End to send programming cmd.
[Debug] [2026-7-1 13:59:33] Log::Print : The done bit is 1
[Debug] [2026-7-1 13:59:33] Log::Print : COMMAND[Program] execute successfully, takes 7.9 secs.
[Info] [2026-7-1 13:59:48] /***************************End Configration***************************/
[Info] [2026-7-1 22:57:42] /***************************Start Configuration***************************/
[Info] [2026-7-1 22:57:42] Path: C:/pango/PDS_2022.2-SP6.4/bin
[Info] [2026-7-1 22:57:42] Version: 146967
[Info] [2026-7-1 22:57:43] Current Path: C:/Users/Datou21/Desktop/PDS/back1/cnn_usb_copy/prj_pds
[Info] [2026-7-1 22:57:43] PDS Dir Path: C:/Users/Datou21/Desktop/PDS/back1/cnn_usb_copy/prj_pds
[Info] [2026-7-1 22:57:45] Configuration is not connect with server. connect first then scan chain.
[Debug] [2026-7-1 22:57:45] Client Local host name:DESKTOP-VB8TKRO
[Debug] [2026-7-1 22:57:45] Client Local Address:2.0.0.1
[Debug] [2026-7-1 22:57:45] Client Local Address:192.168.44.1
[Debug] [2026-7-1 22:57:45] Client Local Address:192.168.176.1
[Debug] [2026-7-1 22:57:45] Client Local Address:10.210.132.87
[Debug] [2026-7-1 22:57:45] Server Address:127.0.0.1, Port:65420
[Debug] [2026-7-1 22:57:45] Log::Print : Connecting to server[127.0.0.1 : 65420].
[Info] [2026-7-1 22:57:46] Connect OK, Server: 127.0.0.1  Port: 65420
[Debug] [2026-7-1 22:57:46] Finish.
[Info] [2026-7-1 22:57:46] Connect server succeeded
[Debug] [2026-7-1 22:57:46] Send RPC:1
[Debug] [2026-7-1 22:57:46] Send cmd [check version information:40004] OK
[Debug] [2026-7-1 22:57:46] Send RPC:2
[Debug] [2026-7-1 22:57:46] Send cmd [get_cable_paras:40010] OK
[Debug] [2026-7-1 22:57:46] Begin to send initialize chain cmd...
[Debug] [2026-7-1 22:57:46] Send RPC:3
[Debug] [2026-7-1 22:57:46] Send cmd [Open config cable:20001] OK
[Debug] [2026-7-1 22:57:46] End to send initialize chain cmd.
[Debug] [2026-7-1 22:57:46] COMMAND[check version information] execute successfully, takes 0.0 secs.
[Debug] [2026-7-1 22:57:46] Log::Print : Connect to server[127.0.0.1 : 65420] successfully.
[Debug] [2026-7-1 22:57:46] Log::Print : COMMAND[check version information] execute successfully, takes 0.0 secs.
[Debug] [2026-7-1 22:57:46] COMMAND[get_cable_paras] execute successfully, takes 0.7 secs.
[Debug] [2026-7-1 22:57:46] Log::Print : The cable List : 

[Debug] [2026-7-1 22:57:46] Log::Print : COMMAND[get_cable_paras] execute successfully, takes 0.7 secs.
[Error] [2026-7-1 22:57:46] fail to exec Open config cable cmd...
[Error] [2026-7-1 22:57:46] MsgOut: JtagServer-0306: No devices detected while scanning the JTAG chain, failed detecting JTAG device chain.
[Warn] [2026-7-1 22:57:46] MsgOut: Please check the device power, cable connection situation and whether put the chip in the right way or not.
   If these do not work, try to restart the software.
[Error] [2026-7-1 22:57:46] MsgOut: Configuration-0008: The command 'Open config cable' execute fail.
[Debug] [2026-7-1 22:57:57] Begin to send initialize chain cmd...
[Debug] [2026-7-1 22:57:57] Send RPC:4
[Debug] [2026-7-1 22:57:57] Send cmd [Open config cable:20001] OK
[Debug] [2026-7-1 22:57:57] End to send initialize chain cmd.
[Error] [2026-7-1 22:57:57] fail to exec Open config cable cmd...
[Error] [2026-7-1 22:57:57] MsgOut: JtagServer-0306: No devices detected while scanning the JTAG chain, failed detecting JTAG device chain.
[Warn] [2026-7-1 22:57:57] MsgOut: Please check the device power, cable connection situation and whether put the chip in the right way or not.
   If these do not work, try to restart the software.
[Error] [2026-7-1 22:57:57] MsgOut: Configuration-0008: The command 'Open config cable' execute fail.
[Info] [2026-7-1 22:58:01] /***************************End Configration***************************/
[Info] [2026-7-1 22:58:02] /***************************Start Configuration***************************/
[Info] [2026-7-1 22:58:02] Path: C:/pango/PDS_2022.2-SP6.4/bin
[Info] [2026-7-1 22:58:02] Version: 146967
[Info] [2026-7-1 22:58:03] Current Path: C:/Users/Datou21/Desktop/PDS/back1/cnn_usb_copy/prj_pds
[Info] [2026-7-1 22:58:03] PDS Dir Path: C:/Users/Datou21/Desktop/PDS/back1/cnn_usb_copy/prj_pds
[Info] [2026-7-1 22:58:05] Configuration is not connect with server. connect first then scan chain.
[Debug] [2026-7-1 22:58:05] Client Local host name:DESKTOP-VB8TKRO
[Debug] [2026-7-1 22:58:05] Client Local Address:2.0.0.1
[Debug] [2026-7-1 22:58:05] Client Local Address:192.168.44.1
[Debug] [2026-7-1 22:58:05] Client Local Address:192.168.176.1
[Debug] [2026-7-1 22:58:05] Client Local Address:10.210.132.87
[Debug] [2026-7-1 22:58:05] Server Address:127.0.0.1, Port:65420
[Debug] [2026-7-1 22:58:05] Log::Print : Connecting to server[127.0.0.1 : 65420].
[Info] [2026-7-1 22:58:05] Connect OK, Server: 127.0.0.1  Port: 65420
[Debug] [2026-7-1 22:58:05] Finish.
[Info] [2026-7-1 22:58:05] Connect server succeeded
[Debug] [2026-7-1 22:58:05] Send RPC:1
[Debug] [2026-7-1 22:58:05] Send cmd [check version information:40004] OK
[Debug] [2026-7-1 22:58:05] Log::Print : Connect to server[127.0.0.1 : 65420] successfully.
[Debug] [2026-7-1 22:58:05] Send RPC:2
[Debug] [2026-7-1 22:58:05] Send cmd [get_cable_paras:40010] OK
[Debug] [2026-7-1 22:58:05] Begin to send initialize chain cmd...
[Debug] [2026-7-1 22:58:05] Send RPC:3
[Debug] [2026-7-1 22:58:05] Send cmd [Open config cable:20001] OK
[Debug] [2026-7-1 22:58:05] End to send initialize chain cmd.
[Debug] [2026-7-1 22:58:05] COMMAND[check version information] execute successfully, takes 0.0 secs.
[Debug] [2026-7-1 22:58:05] Log::Print : COMMAND[check version information] execute successfully, takes 0.0 secs.
[Debug] [2026-7-1 22:58:06] COMMAND[get_cable_paras] execute successfully, takes 0.7 secs.
[Debug] [2026-7-1 22:58:06] Log::Print : The cable List : 
Cable index 0:USB Cable II/fffffffffffffffe 

[Debug] [2026-7-1 22:58:06] Log::Print : COMMAND[get_cable_paras] execute successfully, takes 0.7 secs.
[Debug] [2026-7-1 22:58:06] begin the exec of open cable cmd...
[Debug] [2026-7-1 22:58:06] Begin to deal with chain from server...
[Debug] [2026-7-1 22:58:06] Begin to set user chain...
[Debug] [2026-7-1 22:58:06] End to set user chain.
[Debug] [2026-7-1 22:58:06] Begin to update graphic item and tree item ...
[Debug] [2026-7-1 22:58:06] End to update graphic item and tree item ...
[Debug] [2026-7-1 22:58:06] Log::Print : PANGO USB CABLE II cable driver: D2XX DLL
[Debug] [2026-7-1 22:58:06] Log::Print : PG2L200H
[Debug] [2026-7-1 22:58:06] Log::Print : This device configure situation (done bit): 0
[Info] [2026-7-1 22:58:07] set OpenLastPath: C:/Users/Datou21/Desktop/PDS/back1/cnn_usb_copy/prj_pds/generate_bitstream/hdmi_loop.sbit
[Debug] [2026-7-1 22:58:07] begin to get device info from CFG file...
[Debug] [2026-7-1 22:58:07] end to get device info from CFG file...
[Debug] [2026-7-1 22:58:07] Begin to update graphic item and tree item ...
[Debug] [2026-7-1 22:58:07] End to update graphic item and tree item ...
[Debug] [2026-7-1 22:58:07] Begin to update graphic item and tree item ...
[Debug] [2026-7-1 22:58:07] End to update graphic item and tree item ...
[Debug] [2026-7-1 22:58:07] End to deal wiht chain from server.
[Debug] [2026-7-1 22:58:07] end the exec of open cable cmd.
[Debug] [2026-7-1 22:58:07] COMMAND[Open config cable] execute successfully, takes 2.3 secs.
[Debug] [2026-7-1 22:58:07] Log::Print : COMMAND[Open config cable] execute successfully, takes 2.3 secs.
[Debug] [2026-7-1 22:58:08] Begin to send programming cmd...
[Debug] [2026-7-1 22:58:08] Send RPC:4
[Debug] [2026-7-1 22:58:08] Begin to send program data.
[Debug] [2026-7-1 22:58:08] End to send program data.
[Debug] [2026-7-1 22:58:08] Send cmd [Program:20002] OK
[Debug] [2026-7-1 22:58:09] The value of Progress is 6
[Debug] [2026-7-1 22:58:09] The value of Progress is 10
[Debug] [2026-7-1 22:58:10] The value of Progress is 15
[Debug] [2026-7-1 22:58:10] The value of Progress is 20
[Debug] [2026-7-1 22:58:10] The value of Progress is 25
[Debug] [2026-7-1 22:58:11] The value of Progress is 30
[Debug] [2026-7-1 22:58:11] The value of Progress is 35
[Debug] [2026-7-1 22:58:11] The value of Progress is 40
[Debug] [2026-7-1 22:58:12] The value of Progress is 45
[Debug] [2026-7-1 22:58:12] The value of Progress is 50
[Debug] [2026-7-1 22:58:13] The value of Progress is 55
[Debug] [2026-7-1 22:58:13] The value of Progress is 60
[Debug] [2026-7-1 22:58:13] The value of Progress is 65
[Debug] [2026-7-1 22:58:14] The value of Progress is 70
[Debug] [2026-7-1 22:58:14] The value of Progress is 75
[Debug] [2026-7-1 22:58:15] The value of Progress is 80
[Debug] [2026-7-1 22:58:15] The value of Progress is 85
[Debug] [2026-7-1 22:58:15] The value of Progress is 90
[Debug] [2026-7-1 22:58:16] The value of Progress is 95
[Debug] [2026-7-1 22:58:16] The value of Progress is 100
[Debug] [2026-7-1 22:58:16] COMMAND[Program] execute successfully, takes 8.1 secs.
[Debug] [2026-7-1 22:58:16] End to send programming cmd.
[Debug] [2026-7-1 22:58:16] Log::Print : The done bit is 1
[Debug] [2026-7-1 22:58:16] Log::Print : COMMAND[Program] execute successfully, takes 8.1 secs.
[Debug] [2026-7-1 22:58:23] Begin to send programming cmd...
[Debug] [2026-7-1 22:58:23] Send RPC:5
[Debug] [2026-7-1 22:58:23] Begin to send program data.
[Debug] [2026-7-1 22:58:23] End to send program data.
[Debug] [2026-7-1 22:58:23] Send cmd [Program:20002] OK
[Debug] [2026-7-1 22:58:23] The value of Progress is 6
[Debug] [2026-7-1 22:58:24] The value of Progress is 10
[Debug] [2026-7-1 22:58:24] The value of Progress is 15
[Debug] [2026-7-1 22:58:24] The value of Progress is 20
[Debug] [2026-7-1 22:58:25] The value of Progress is 25
[Debug] [2026-7-1 22:58:25] The value of Progress is 30
[Debug] [2026-7-1 22:58:26] The value of Progress is 35
[Debug] [2026-7-1 22:58:26] The value of Progress is 40
[Debug] [2026-7-1 22:58:26] The value of Progress is 45
[Debug] [2026-7-1 22:58:27] The value of Progress is 50
[Debug] [2026-7-1 22:58:27] The value of Progress is 55
[Debug] [2026-7-1 22:58:27] The value of Progress is 60
[Debug] [2026-7-1 22:58:28] The value of Progress is 65
[Debug] [2026-7-1 22:58:28] The value of Progress is 70
[Debug] [2026-7-1 22:58:29] The value of Progress is 75
[Debug] [2026-7-1 22:58:29] The value of Progress is 80
[Debug] [2026-7-1 22:58:29] The value of Progress is 85
[Debug] [2026-7-1 22:58:30] The value of Progress is 90
[Debug] [2026-7-1 22:58:30] The value of Progress is 95
[Debug] [2026-7-1 22:58:31] The value of Progress is 100
[Debug] [2026-7-1 22:58:31] COMMAND[Program] execute successfully, takes 8.0 secs.
[Debug] [2026-7-1 22:58:31] End to send programming cmd.
[Debug] [2026-7-1 22:58:31] Log::Print : The done bit is 1
[Debug] [2026-7-1 22:58:31] Log::Print : COMMAND[Program] execute successfully, takes 8.0 secs.
[Info] [2026-7-1 22:59:06] /***************************End Configration***************************/
[Info] [2026-7-1 23:40:19] /***************************Start Configuration***************************/
[Info] [2026-7-1 23:40:19] Path: C:/pango/PDS_2022.2-SP6.4/bin
[Info] [2026-7-1 23:40:19] Version: 146967
[Info] [2026-7-1 23:40:20] Current Path: C:/Users/Datou21/Desktop/PDS/back1/cnn_usb_copy/prj_pds
[Info] [2026-7-1 23:40:20] PDS Dir Path: C:/Users/Datou21/Desktop/PDS/back1/cnn_usb_copy/prj_pds
[Info] [2026-7-1 23:40:22] Configuration is not connect with server. connect first then scan chain.
[Debug] [2026-7-1 23:40:22] Client Local host name:DESKTOP-VB8TKRO
[Debug] [2026-7-1 23:40:22] Client Local Address:2.0.0.1
[Debug] [2026-7-1 23:40:22] Client Local Address:192.168.44.1
[Debug] [2026-7-1 23:40:22] Client Local Address:192.168.176.1
[Debug] [2026-7-1 23:40:22] Client Local Address:10.210.132.87
[Debug] [2026-7-1 23:40:22] Server Address:127.0.0.1, Port:65420
[Debug] [2026-7-1 23:40:22] Log::Print : Connecting to server[127.0.0.1 : 65420].
[Info] [2026-7-1 23:40:22] Connect OK, Server: 127.0.0.1  Port: 65420
[Debug] [2026-7-1 23:40:22] Finish.
[Info] [2026-7-1 23:40:22] Connect server succeeded
[Debug] [2026-7-1 23:40:22] Send RPC:1
[Debug] [2026-7-1 23:40:22] Send cmd [check version information:40004] OK
[Debug] [2026-7-1 23:40:22] Log::Print : Connect to server[127.0.0.1 : 65420] successfully.
[Debug] [2026-7-1 23:40:34] Begin to send initialize chain cmd...
[Error] [2026-7-1 23:40:34] fail to exec  cmd...
[Debug] [2026-7-1 23:40:34] End to send initialize chain cmd.
[Error] [2026-7-1 23:40:34] MsgOut: CdtCommon-0403: Version mismatch between client and server.
[Warn] [2026-7-1 23:40:34] MsgOut: Please check the device power, cable connection situation and whether put the chip in the right way or not.
   If these do not work, try to restart the software.
[Info] [2026-7-1 23:40:46] /***************************End Configration***************************/
[Info] [2026-7-1 23:40:49] /***************************Start Configuration***************************/
[Info] [2026-7-1 23:40:49] Path: C:/pango/PDS_2022.2-SP6.4/bin
[Info] [2026-7-1 23:40:49] Version: 146967
[Info] [2026-7-1 23:40:50] Current Path: C:/Users/Datou21/Desktop/PDS/back1/cnn_usb_copy/prj_pds
[Info] [2026-7-1 23:40:50] PDS Dir Path: C:/Users/Datou21/Desktop/PDS/back1/cnn_usb_copy/prj_pds
[Info] [2026-7-1 23:40:51] Configuration is not connect with server. connect first then scan chain.
[Debug] [2026-7-1 23:40:51] Client Local host name:DESKTOP-VB8TKRO
[Debug] [2026-7-1 23:40:51] Client Local Address:2.0.0.1
[Debug] [2026-7-1 23:40:51] Client Local Address:192.168.44.1
[Debug] [2026-7-1 23:40:51] Client Local Address:192.168.176.1
[Debug] [2026-7-1 23:40:51] Client Local Address:10.210.132.87
[Debug] [2026-7-1 23:40:51] Server Address:127.0.0.1, Port:65420
[Debug] [2026-7-1 23:40:51] Log::Print : Connecting to server[127.0.0.1 : 65420].
[Info] [2026-7-1 23:40:52] Connect OK, Server: 127.0.0.1  Port: 65420
[Debug] [2026-7-1 23:40:52] Finish.
[Info] [2026-7-1 23:40:52] Connect server succeeded
[Debug] [2026-7-1 23:40:52] Send RPC:1
[Debug] [2026-7-1 23:40:52] Send cmd [check version information:40004] OK
[Debug] [2026-7-1 23:40:52] Log::Print : Connect to server[127.0.0.1 : 65420] successfully.
[Debug] [2026-7-1 23:41:10] Send RPC:2
[Debug] [2026-7-1 23:41:10] Send cmd [get_cable_paras:40010] OK
[Debug] [2026-7-1 23:41:10] Begin to send initialize chain cmd...
[Debug] [2026-7-1 23:41:10] Send RPC:3
[Debug] [2026-7-1 23:41:10] Send cmd [Open config cable:20001] OK
[Debug] [2026-7-1 23:41:10] End to send initialize chain cmd.
[Debug] [2026-7-1 23:41:10] COMMAND[check version information] execute successfully, takes 18.6 secs.
[Debug] [2026-7-1 23:41:10] Log::Print : COMMAND[check version information] execute successfully, takes 18.6 secs.
[Debug] [2026-7-1 23:41:11] COMMAND[get_cable_paras] execute successfully, takes 0.7 secs.
[Debug] [2026-7-1 23:41:11] Log::Print : The cable List : 

[Debug] [2026-7-1 23:41:11] Log::Print : COMMAND[get_cable_paras] execute successfully, takes 0.7 secs.
[Error] [2026-7-1 23:41:11] fail to exec Open config cable cmd...
[Error] [2026-7-1 23:41:11] MsgOut: JtagServer-0306: No devices detected while scanning the JTAG chain, failed detecting JTAG device chain.
[Warn] [2026-7-1 23:41:11] MsgOut: Please check the device power, cable connection situation and whether put the chip in the right way or not.
   If these do not work, try to restart the software.
[Error] [2026-7-1 23:41:11] MsgOut: Configuration-0008: The command 'Open config cable' execute fail.
[Info] [2026-7-1 23:41:13] /***************************End Configration***************************/
[Info] [2026-7-1 23:41:23] /***************************Start Configuration***************************/
[Info] [2026-7-1 23:41:23] Path: C:/pango/PDS_2022.2-SP6.4/bin
[Info] [2026-7-1 23:41:23] Version: 146967
[Info] [2026-7-1 23:41:24] Current Path: C:/Users/Datou21/Desktop/PDS/back1/cnn_usb_copy/prj_pds
[Info] [2026-7-1 23:41:24] PDS Dir Path: C:/Users/Datou21/Desktop/PDS/back1/cnn_usb_copy/prj_pds
[Info] [2026-7-1 23:41:25] Configuration is not connect with server. connect first then scan chain.
[Debug] [2026-7-1 23:41:25] Client Local host name:DESKTOP-VB8TKRO
[Debug] [2026-7-1 23:41:25] Client Local Address:2.0.0.1
[Debug] [2026-7-1 23:41:25] Client Local Address:192.168.44.1
[Debug] [2026-7-1 23:41:25] Client Local Address:192.168.176.1
[Debug] [2026-7-1 23:41:25] Client Local Address:10.210.132.87
[Debug] [2026-7-1 23:41:25] Server Address:127.0.0.1, Port:65420
[Debug] [2026-7-1 23:41:26] Log::Print : Connecting to server[127.0.0.1 : 65420].
[Info] [2026-7-1 23:41:26] Connect OK, Server: 127.0.0.1  Port: 65420
[Debug] [2026-7-1 23:41:26] Finish.
[Info] [2026-7-1 23:41:26] Connect server succeeded
[Debug] [2026-7-1 23:41:26] Send RPC:1
[Debug] [2026-7-1 23:41:26] Send cmd [check version information:40004] OK
[Debug] [2026-7-1 23:41:26] Log::Print : Connect to server[127.0.0.1 : 65420] successfully.
[Debug] [2026-7-1 23:41:26] Send RPC:2
[Debug] [2026-7-1 23:41:26] Send cmd [get_cable_paras:40010] OK
[Debug] [2026-7-1 23:41:26] Begin to send initialize chain cmd...
[Debug] [2026-7-1 23:41:26] Send RPC:3
[Debug] [2026-7-1 23:41:26] Send cmd [Open config cable:20001] OK
[Debug] [2026-7-1 23:41:26] End to send initialize chain cmd.
[Debug] [2026-7-1 23:41:26] COMMAND[check version information] execute successfully, takes 0.0 secs.
[Debug] [2026-7-1 23:41:26] Log::Print : COMMAND[check version information] execute successfully, takes 0.0 secs.
[Debug] [2026-7-1 23:41:27] COMMAND[get_cable_paras] execute successfully, takes 0.7 secs.
[Debug] [2026-7-1 23:41:27] Log::Print : The cable List : 

[Debug] [2026-7-1 23:41:27] Log::Print : COMMAND[get_cable_paras] execute successfully, takes 0.7 secs.
[Error] [2026-7-1 23:41:27] fail to exec Open config cable cmd...
[Error] [2026-7-1 23:41:27] MsgOut: JtagServer-0306: No devices detected while scanning the JTAG chain, failed detecting JTAG device chain.
[Warn] [2026-7-1 23:41:27] MsgOut: Please check the device power, cable connection situation and whether put the chip in the right way or not.
   If these do not work, try to restart the software.
[Error] [2026-7-1 23:41:27] MsgOut: Configuration-0008: The command 'Open config cable' execute fail.
[Debug] [2026-7-1 23:41:34] Begin to send initialize chain cmd...
[Debug] [2026-7-1 23:41:34] Send RPC:4
[Debug] [2026-7-1 23:41:34] Send cmd [Open config cable:20001] OK
[Debug] [2026-7-1 23:41:34] End to send initialize chain cmd.
[Error] [2026-7-1 23:41:34] fail to exec Open config cable cmd...
[Error] [2026-7-1 23:41:34] MsgOut: JtagServer-0306: No devices detected while scanning the JTAG chain, failed detecting JTAG device chain.
[Warn] [2026-7-1 23:41:34] MsgOut: Please check the device power, cable connection situation and whether put the chip in the right way or not.
   If these do not work, try to restart the software.
[Error] [2026-7-1 23:41:34] MsgOut: Configuration-0008: The command 'Open config cable' execute fail.
[Info] [2026-7-1 23:41:36] /***************************End Configration***************************/
[Info] [2026-7-1 23:41:37] /***************************Start Configuration***************************/
[Info] [2026-7-1 23:41:37] Path: C:/pango/PDS_2022.2-SP6.4/bin
[Info] [2026-7-1 23:41:37] Version: 146967
[Info] [2026-7-1 23:41:38] Current Path: C:/Users/Datou21/Desktop/PDS/back1/cnn_usb_copy/prj_pds
[Info] [2026-7-1 23:41:38] PDS Dir Path: C:/Users/Datou21/Desktop/PDS/back1/cnn_usb_copy/prj_pds
[Info] [2026-7-1 23:41:39] Configuration is not connect with server. connect first then scan chain.
[Debug] [2026-7-1 23:41:39] Client Local host name:DESKTOP-VB8TKRO
[Debug] [2026-7-1 23:41:39] Client Local Address:2.0.0.1
[Debug] [2026-7-1 23:41:39] Client Local Address:192.168.44.1
[Debug] [2026-7-1 23:41:39] Client Local Address:192.168.176.1
[Debug] [2026-7-1 23:41:39] Client Local Address:10.210.132.87
[Debug] [2026-7-1 23:41:39] Server Address:127.0.0.1, Port:65420
[Debug] [2026-7-1 23:41:39] Log::Print : Connecting to server[127.0.0.1 : 65420].
[Info] [2026-7-1 23:41:40] Connect OK, Server: 127.0.0.1  Port: 65420
[Debug] [2026-7-1 23:41:40] Finish.
[Info] [2026-7-1 23:41:40] Connect server succeeded
[Debug] [2026-7-1 23:41:40] Send RPC:1
[Debug] [2026-7-1 23:41:40] Send cmd [check version information:40004] OK
[Debug] [2026-7-1 23:41:40] Log::Print : Connect to server[127.0.0.1 : 65420] successfully.
[Debug] [2026-7-1 23:41:40] Send RPC:2
[Debug] [2026-7-1 23:41:40] Send cmd [get_cable_paras:40010] OK
[Debug] [2026-7-1 23:41:40] Begin to send initialize chain cmd...
[Debug] [2026-7-1 23:41:40] Send RPC:3
[Debug] [2026-7-1 23:41:40] Send cmd [Open config cable:20001] OK
[Debug] [2026-7-1 23:41:40] End to send initialize chain cmd.
[Debug] [2026-7-1 23:41:40] COMMAND[check version information] execute successfully, takes 0.0 secs.
[Debug] [2026-7-1 23:41:40] Log::Print : COMMAND[check version information] execute successfully, takes 0.0 secs.
[Debug] [2026-7-1 23:41:41] COMMAND[get_cable_paras] execute successfully, takes 0.7 secs.
[Debug] [2026-7-1 23:41:41] Log::Print : The cable List : 

[Debug] [2026-7-1 23:41:41] Log::Print : COMMAND[get_cable_paras] execute successfully, takes 0.7 secs.
[Error] [2026-7-1 23:41:41] fail to exec Open config cable cmd...
[Error] [2026-7-1 23:41:41] MsgOut: JtagServer-0306: No devices detected while scanning the JTAG chain, failed detecting JTAG device chain.
[Warn] [2026-7-1 23:41:41] MsgOut: Please check the device power, cable connection situation and whether put the chip in the right way or not.
   If these do not work, try to restart the software.
[Error] [2026-7-1 23:41:41] MsgOut: Configuration-0008: The command 'Open config cable' execute fail.
[Debug] [2026-7-1 23:41:52] Begin to send initialize chain cmd...
[Debug] [2026-7-1 23:41:52] Send RPC:4
[Debug] [2026-7-1 23:41:52] Send cmd [Open config cable:20001] OK
[Debug] [2026-7-1 23:41:52] End to send initialize chain cmd.
[Error] [2026-7-1 23:41:52] fail to exec Open config cable cmd...
[Error] [2026-7-1 23:41:52] MsgOut: JtagServer-0306: No devices detected while scanning the JTAG chain, failed detecting JTAG device chain.
[Warn] [2026-7-1 23:41:52] MsgOut: Please check the device power, cable connection situation and whether put the chip in the right way or not.
   If these do not work, try to restart the software.
[Error] [2026-7-1 23:41:52] MsgOut: Configuration-0008: The command 'Open config cable' execute fail.
[Info] [2026-7-1 23:41:53] /***************************End Configration***************************/
[Info] [2026-7-1 23:41:54] /***************************Start Configuration***************************/
[Info] [2026-7-1 23:41:54] Path: C:/pango/PDS_2022.2-SP6.4/bin
[Info] [2026-7-1 23:41:54] Version: 146967
[Info] [2026-7-1 23:41:55] Current Path: C:/Users/Datou21/Desktop/PDS/back1/cnn_usb_copy/prj_pds
[Info] [2026-7-1 23:41:55] PDS Dir Path: C:/Users/Datou21/Desktop/PDS/back1/cnn_usb_copy/prj_pds
[Info] [2026-7-1 23:41:56] Configuration is not connect with server. connect first then scan chain.
[Debug] [2026-7-1 23:41:56] Client Local host name:DESKTOP-VB8TKRO
[Debug] [2026-7-1 23:41:56] Client Local Address:2.0.0.1
[Debug] [2026-7-1 23:41:56] Client Local Address:192.168.44.1
[Debug] [2026-7-1 23:41:56] Client Local Address:192.168.176.1
[Debug] [2026-7-1 23:41:56] Client Local Address:10.210.132.87
[Debug] [2026-7-1 23:41:56] Server Address:127.0.0.1, Port:65420
[Debug] [2026-7-1 23:41:56] Log::Print : Connecting to server[127.0.0.1 : 65420].
[Info] [2026-7-1 23:41:57] Connect OK, Server: 127.0.0.1  Port: 65420
[Debug] [2026-7-1 23:41:57] Finish.
[Info] [2026-7-1 23:41:57] Connect server succeeded
[Debug] [2026-7-1 23:41:57] Send RPC:1
[Debug] [2026-7-1 23:41:57] Send cmd [check version information:40004] OK
[Debug] [2026-7-1 23:41:57] Log::Print : Connect to server[127.0.0.1 : 65420] successfully.
[Debug] [2026-7-1 23:41:57] Send RPC:2
[Debug] [2026-7-1 23:41:57] Send cmd [get_cable_paras:40010] OK
[Debug] [2026-7-1 23:41:57] Begin to send initialize chain cmd...
[Debug] [2026-7-1 23:41:57] Send RPC:3
[Debug] [2026-7-1 23:41:57] Send cmd [Open config cable:20001] OK
[Debug] [2026-7-1 23:41:57] End to send initialize chain cmd.
[Debug] [2026-7-1 23:41:57] COMMAND[check version information] execute successfully, takes 0.0 secs.
[Debug] [2026-7-1 23:41:57] Log::Print : COMMAND[check version information] execute successfully, takes 0.0 secs.
[Debug] [2026-7-1 23:41:57] COMMAND[get_cable_paras] execute successfully, takes 0.7 secs.
[Debug] [2026-7-1 23:41:57] Log::Print : The cable List : 

[Debug] [2026-7-1 23:41:57] Log::Print : COMMAND[get_cable_paras] execute successfully, takes 0.7 secs.
[Error] [2026-7-1 23:41:57] fail to exec Open config cable cmd...
[Error] [2026-7-1 23:41:57] MsgOut: JtagServer-0306: No devices detected while scanning the JTAG chain, failed detecting JTAG device chain.
[Warn] [2026-7-1 23:41:57] MsgOut: Please check the device power, cable connection situation and whether put the chip in the right way or not.
   If these do not work, try to restart the software.
[Error] [2026-7-1 23:41:57] MsgOut: Configuration-0008: The command 'Open config cable' execute fail.
[Debug] [2026-7-1 23:42:05] Begin to send initialize chain cmd...
[Debug] [2026-7-1 23:42:05] Send RPC:4
[Debug] [2026-7-1 23:42:05] Send cmd [Open config cable:20001] OK
[Debug] [2026-7-1 23:42:05] End to send initialize chain cmd.
[Error] [2026-7-1 23:42:05] fail to exec Open config cable cmd...
[Error] [2026-7-1 23:42:05] MsgOut: JtagServer-0306: No devices detected while scanning the JTAG chain, failed detecting JTAG device chain.
[Warn] [2026-7-1 23:42:05] MsgOut: Please check the device power, cable connection situation and whether put the chip in the right way or not.
   If these do not work, try to restart the software.
[Error] [2026-7-1 23:42:05] MsgOut: Configuration-0008: The command 'Open config cable' execute fail.
[Info] [2026-7-1 23:42:06] /***************************End Configration***************************/
[Info] [2026-7-1 23:42:22] /***************************Start Configuration***************************/
[Info] [2026-7-1 23:42:22] Path: C:/pango/PDS_2022.2-SP6.4/bin
[Info] [2026-7-1 23:42:22] Version: 146967
[Info] [2026-7-1 23:42:23] Current Path: C:/Users/Datou21/Desktop/PDS/back1/cnn_usb_copy/prj_pds
[Info] [2026-7-1 23:42:23] PDS Dir Path: C:/Users/Datou21/Desktop/PDS/back1/cnn_usb_copy/prj_pds
[Info] [2026-7-1 23:42:25] Configuration is not connect with server. connect first then scan chain.
[Debug] [2026-7-1 23:42:25] Client Local host name:DESKTOP-VB8TKRO
[Debug] [2026-7-1 23:42:25] Client Local Address:2.0.0.1
[Debug] [2026-7-1 23:42:25] Client Local Address:192.168.44.1
[Debug] [2026-7-1 23:42:25] Client Local Address:192.168.176.1
[Debug] [2026-7-1 23:42:25] Client Local Address:10.210.132.87
[Debug] [2026-7-1 23:42:25] Server Address:127.0.0.1, Port:65420
[Debug] [2026-7-1 23:42:25] Log::Print : Connecting to server[127.0.0.1 : 65420].
[Info] [2026-7-1 23:42:26] Connect OK, Server: 127.0.0.1  Port: 65420
[Debug] [2026-7-1 23:42:26] Finish.
[Info] [2026-7-1 23:42:26] Connect server succeeded
[Debug] [2026-7-1 23:42:26] Send RPC:1
[Debug] [2026-7-1 23:42:26] Send cmd [check version information:40004] OK
[Debug] [2026-7-1 23:42:26] Log::Print : Connect to server[127.0.0.1 : 65420] successfully.
[Debug] [2026-7-1 23:42:26] Send RPC:2
[Debug] [2026-7-1 23:42:26] Send cmd [get_cable_paras:40010] OK
[Debug] [2026-7-1 23:42:26] Begin to send initialize chain cmd...
[Debug] [2026-7-1 23:42:26] Send RPC:3
[Debug] [2026-7-1 23:42:26] Send cmd [Open config cable:20001] OK
[Debug] [2026-7-1 23:42:26] End to send initialize chain cmd.
[Debug] [2026-7-1 23:42:26] COMMAND[check version information] execute successfully, takes 0.0 secs.
[Debug] [2026-7-1 23:42:26] Log::Print : COMMAND[check version information] execute successfully, takes 0.0 secs.
[Debug] [2026-7-1 23:42:26] COMMAND[get_cable_paras] execute successfully, takes 0.7 secs.
[Debug] [2026-7-1 23:42:26] Log::Print : The cable List : 
Cable index 0:USB Cable II/fffffffffffffffe 

[Debug] [2026-7-1 23:42:26] Log::Print : COMMAND[get_cable_paras] execute successfully, takes 0.7 secs.
[Debug] [2026-7-1 23:42:27] begin the exec of open cable cmd...
[Debug] [2026-7-1 23:42:27] Begin to deal with chain from server...
[Debug] [2026-7-1 23:42:27] Begin to set user chain...
[Debug] [2026-7-1 23:42:27] End to set user chain.
[Debug] [2026-7-1 23:42:27] Begin to update graphic item and tree item ...
[Debug] [2026-7-1 23:42:27] End to update graphic item and tree item ...
[Debug] [2026-7-1 23:42:27] Log::Print : PANGO USB CABLE II cable driver: D2XX DLL
[Debug] [2026-7-1 23:42:27] Log::Print : PG2L200H
[Debug] [2026-7-1 23:42:27] Log::Print : This device configure situation (done bit): 0
[Info] [2026-7-1 23:42:28] set OpenLastPath: C:/Users/Datou21/Desktop/PDS/back1/cnn_usb_copy/prj_pds/generate_bitstream/hdmi_loop.sbit
[Debug] [2026-7-1 23:42:28] begin to get device info from CFG file...
[Debug] [2026-7-1 23:42:28] end to get device info from CFG file...
[Debug] [2026-7-1 23:42:28] Begin to update graphic item and tree item ...
[Debug] [2026-7-1 23:42:28] End to update graphic item and tree item ...
[Debug] [2026-7-1 23:42:28] Begin to update graphic item and tree item ...
[Debug] [2026-7-1 23:42:28] End to update graphic item and tree item ...
[Debug] [2026-7-1 23:42:28] End to deal wiht chain from server.
[Debug] [2026-7-1 23:42:28] end the exec of open cable cmd.
[Debug] [2026-7-1 23:42:28] COMMAND[Open config cable] execute successfully, takes 2.3 secs.
[Debug] [2026-7-1 23:42:28] Log::Print : COMMAND[Open config cable] execute successfully, takes 2.3 secs.
[Debug] [2026-7-1 23:42:29] Begin to send programming cmd...
[Debug] [2026-7-1 23:42:29] Send RPC:4
[Debug] [2026-7-1 23:42:29] Begin to send program data.
[Debug] [2026-7-1 23:42:29] End to send program data.
[Debug] [2026-7-1 23:42:29] Send cmd [Program:20002] OK
[Debug] [2026-7-1 23:42:29] The value of Progress is 6
[Debug] [2026-7-1 23:42:30] The value of Progress is 10
[Debug] [2026-7-1 23:42:30] The value of Progress is 15
[Debug] [2026-7-1 23:42:31] The value of Progress is 20
[Debug] [2026-7-1 23:42:31] The value of Progress is 25
[Debug] [2026-7-1 23:42:31] The value of Progress is 30
[Debug] [2026-7-1 23:42:32] The value of Progress is 35
[Debug] [2026-7-1 23:42:32] The value of Progress is 40
[Debug] [2026-7-1 23:42:32] The value of Progress is 45
[Debug] [2026-7-1 23:42:33] The value of Progress is 50
[Debug] [2026-7-1 23:42:33] The value of Progress is 55
[Debug] [2026-7-1 23:42:34] The value of Progress is 60
[Debug] [2026-7-1 23:42:34] The value of Progress is 65
[Debug] [2026-7-1 23:42:34] The value of Progress is 70
[Debug] [2026-7-1 23:42:35] The value of Progress is 75
[Debug] [2026-7-1 23:42:35] The value of Progress is 80
[Debug] [2026-7-1 23:42:36] The value of Progress is 85
[Debug] [2026-7-1 23:42:36] The value of Progress is 90
[Debug] [2026-7-1 23:42:36] The value of Progress is 95
[Debug] [2026-7-1 23:42:37] The value of Progress is 100
[Debug] [2026-7-1 23:42:37] COMMAND[Program] execute successfully, takes 8.0 secs.
[Debug] [2026-7-1 23:42:37] End to send programming cmd.
[Debug] [2026-7-1 23:42:37] Log::Print : The done bit is 1
[Debug] [2026-7-1 23:42:37] Log::Print : COMMAND[Program] execute successfully, takes 8.0 secs.
[Debug] [2026-7-1 23:42:43] Begin to send programming cmd...
[Debug] [2026-7-1 23:42:43] Send RPC:5
[Debug] [2026-7-1 23:42:43] Begin to send program data.
[Debug] [2026-7-1 23:42:43] End to send program data.
[Debug] [2026-7-1 23:42:43] Send cmd [Program:20002] OK
[Debug] [2026-7-1 23:42:44] The value of Progress is 6
[Debug] [2026-7-1 23:42:44] The value of Progress is 10
[Debug] [2026-7-1 23:42:45] The value of Progress is 15
[Debug] [2026-7-1 23:42:45] The value of Progress is 20
[Debug] [2026-7-1 23:42:45] The value of Progress is 25
[Debug] [2026-7-1 23:42:46] The value of Progress is 30
[Debug] [2026-7-1 23:42:46] The value of Progress is 35
[Debug] [2026-7-1 23:42:47] The value of Progress is 40
[Debug] [2026-7-1 23:42:47] The value of Progress is 45
[Debug] [2026-7-1 23:42:47] The value of Progress is 50
[Debug] [2026-7-1 23:42:48] The value of Progress is 55
[Debug] [2026-7-1 23:42:48] The value of Progress is 60
[Debug] [2026-7-1 23:42:49] The value of Progress is 65
[Debug] [2026-7-1 23:42:49] The value of Progress is 70
[Debug] [2026-7-1 23:42:49] The value of Progress is 75
[Debug] [2026-7-1 23:42:50] The value of Progress is 80
[Debug] [2026-7-1 23:42:50] The value of Progress is 85
[Debug] [2026-7-1 23:42:50] The value of Progress is 90
[Debug] [2026-7-1 23:42:51] The value of Progress is 95
[Debug] [2026-7-1 23:42:51] The value of Progress is 100
[Debug] [2026-7-1 23:42:51] COMMAND[Program] execute successfully, takes 8.2 secs.
[Debug] [2026-7-1 23:42:51] End to send programming cmd.
[Debug] [2026-7-1 23:42:51] Log::Print : The done bit is 1
[Debug] [2026-7-1 23:42:52] Log::Print : COMMAND[Program] execute successfully, takes 8.2 secs.
[Debug] [2026-7-1 23:43:10] Begin to send programming cmd...
[Debug] [2026-7-1 23:43:10] Send RPC:6
[Debug] [2026-7-1 23:43:10] Begin to send program data.
[Debug] [2026-7-1 23:43:10] End to send program data.
[Debug] [2026-7-1 23:43:10] Send cmd [Program:20002] OK
[Debug] [2026-7-1 23:43:10] The value of Progress is 6
[Debug] [2026-7-1 23:43:11] The value of Progress is 10
[Debug] [2026-7-1 23:43:11] The value of Progress is 15
[Debug] [2026-7-1 23:43:11] Begin to send abort process cmd.
[Debug] [2026-7-1 23:43:11] Begin to flush aborting cmd. 
[Debug] [2026-7-1 23:43:11] End to flush aborting cmd. 
[Debug] [2026-7-1 23:43:11] End to send abort process cmd.
[Debug] [2026-7-1 23:43:11] End to send programming cmd.
[Error] [2026-7-1 23:43:11] MsgOut: Configuration-0005: Try to abort Programming.
[Debug] [2026-7-1 23:43:11] COMMAND[Program] execute successfully, takes 1.7 secs.
[Debug] [2026-7-1 23:43:11] Log::Print : The done bit is 0
[Debug] [2026-7-1 23:43:11] Log::Print : COMMAND[Program] execute successfully, takes 1.7 secs.
[Debug] [2026-7-1 23:43:14] Begin to send initialize chain cmd...
[Debug] [2026-7-1 23:43:14] Send RPC:7
[Debug] [2026-7-1 23:43:14] Send cmd [Open config cable:20001] OK
[Debug] [2026-7-1 23:43:14] End to send initialize chain cmd.
[Debug] [2026-7-1 23:43:14] begin the exec of open cable cmd...
[Debug] [2026-7-1 23:43:14] Begin to deal with chain from server...
[Debug] [2026-7-1 23:43:14] Begin to set user chain...
[Debug] [2026-7-1 23:43:14] End to set user chain.
[Debug] [2026-7-1 23:43:14] Begin to update graphic item and tree item ...
[Debug] [2026-7-1 23:43:14] End to update graphic item and tree item ...
[Debug] [2026-7-1 23:43:15] Log::Print : PANGO USB CABLE II cable driver: D2XX DLL
[Debug] [2026-7-1 23:43:15] Log::Print : PG2L200H
[Debug] [2026-7-1 23:43:15] Log::Print : This device configure situation (done bit): 0
[Info] [2026-7-1 23:44:03] set OpenLastPath: C:/Users/Datou21/Desktop/PDS/back1/cnn_usb_copy/bit_files/ddr_oldLPRNet.sbit
[Debug] [2026-7-1 23:44:03] begin to get device info from CFG file...
[Debug] [2026-7-1 23:44:03] end to get device info from CFG file...
[Debug] [2026-7-1 23:44:03] Begin to update graphic item and tree item ...
[Debug] [2026-7-1 23:44:03] End to update graphic item and tree item ...
[Debug] [2026-7-1 23:44:03] Begin to update graphic item and tree item ...
[Debug] [2026-7-1 23:44:03] End to update graphic item and tree item ...
[Debug] [2026-7-1 23:44:03] End to deal wiht chain from server.
[Debug] [2026-7-1 23:44:03] end the exec of open cable cmd.
[Debug] [2026-7-1 23:44:03] COMMAND[Open config cable] execute successfully, takes 49.1 secs.
[Debug] [2026-7-1 23:44:03] Log::Print : COMMAND[Open config cable] execute successfully, takes 49.1 secs.
[Debug] [2026-7-1 23:44:08] Begin to send programming cmd...
[Debug] [2026-7-1 23:44:08] Send RPC:8
[Debug] [2026-7-1 23:44:08] Begin to send program data.
[Debug] [2026-7-1 23:44:08] End to send program data.
[Debug] [2026-7-1 23:44:08] Send cmd [Program:20002] OK
[Debug] [2026-7-1 23:44:08] The value of Progress is 6
[Debug] [2026-7-1 23:44:09] The value of Progress is 10
[Debug] [2026-7-1 23:44:09] The value of Progress is 15
[Debug] [2026-7-1 23:44:09] The value of Progress is 20
[Debug] [2026-7-1 23:44:10] The value of Progress is 25
[Debug] [2026-7-1 23:44:10] The value of Progress is 30
[Debug] [2026-7-1 23:44:10] The value of Progress is 35
[Debug] [2026-7-1 23:44:11] The value of Progress is 40
[Debug] [2026-7-1 23:44:11] The value of Progress is 45
[Debug] [2026-7-1 23:44:12] The value of Progress is 50
[Debug] [2026-7-1 23:44:12] The value of Progress is 55
[Debug] [2026-7-1 23:44:12] The value of Progress is 60
[Debug] [2026-7-1 23:44:13] The value of Progress is 65
[Debug] [2026-7-1 23:44:13] The value of Progress is 70
[Debug] [2026-7-1 23:44:14] The value of Progress is 75
[Debug] [2026-7-1 23:44:14] The value of Progress is 80
[Debug] [2026-7-1 23:44:14] The value of Progress is 85
[Debug] [2026-7-1 23:44:15] The value of Progress is 90
[Debug] [2026-7-1 23:44:15] The value of Progress is 95
[Debug] [2026-7-1 23:44:15] The value of Progress is 100
[Debug] [2026-7-1 23:44:16] COMMAND[Program] execute successfully, takes 8.2 secs.
[Debug] [2026-7-1 23:44:16] End to send programming cmd.
[Debug] [2026-7-1 23:44:16] Log::Print : The done bit is 1
[Debug] [2026-7-1 23:44:16] Log::Print : COMMAND[Program] execute successfully, takes 8.2 secs.
[Debug] [2026-7-1 23:44:48] Begin to send initialize chain cmd...
[Debug] [2026-7-1 23:44:48] Send RPC:9
[Debug] [2026-7-1 23:44:48] Send cmd [Open config cable:20001] OK
[Debug] [2026-7-1 23:44:48] End to send initialize chain cmd.
[Debug] [2026-7-1 23:44:48] begin the exec of open cable cmd...
[Debug] [2026-7-1 23:44:48] Begin to deal with chain from server...
[Debug] [2026-7-1 23:44:48] Begin to set user chain...
[Debug] [2026-7-1 23:44:48] End to set user chain.
[Debug] [2026-7-1 23:44:48] Begin to update graphic item and tree item ...
[Debug] [2026-7-1 23:44:48] End to update graphic item and tree item ...
[Debug] [2026-7-1 23:44:48] Log::Print : PANGO USB CABLE II cable driver: D2XX DLL
[Debug] [2026-7-1 23:44:48] Log::Print : PG2L200H
[Debug] [2026-7-1 23:44:48] Log::Print : This device configure situation (done bit): 1
[Info] [2026-7-1 23:45:12] set OpenLastPath: C:/Users/Datou21/Desktop/PDS/back1/cnn_usb_copy/prj_pds/generate_bitstream/hdmi_loop.sbit
[Debug] [2026-7-1 23:45:12] begin to get device info from CFG file...
[Debug] [2026-7-1 23:45:12] end to get device info from CFG file...
[Debug] [2026-7-1 23:45:12] Begin to update graphic item and tree item ...
[Debug] [2026-7-1 23:45:12] End to update graphic item and tree item ...
[Debug] [2026-7-1 23:45:12] Begin to update graphic item and tree item ...
[Debug] [2026-7-1 23:45:12] End to update graphic item and tree item ...
[Debug] [2026-7-1 23:45:12] End to deal wiht chain from server.
[Debug] [2026-7-1 23:45:12] end the exec of open cable cmd.
[Debug] [2026-7-1 23:45:12] COMMAND[Open config cable] execute successfully, takes 24.9 secs.
[Debug] [2026-7-1 23:45:12] Log::Print : COMMAND[Open config cable] execute successfully, takes 24.9 secs.
[Debug] [2026-7-1 23:45:14] Begin to send programming cmd...
[Debug] [2026-7-1 23:45:14] Send RPC:10
[Debug] [2026-7-1 23:45:14] Begin to send program data.
[Debug] [2026-7-1 23:45:14] End to send program data.
[Debug] [2026-7-1 23:45:14] Send cmd [Program:20002] OK
[Debug] [2026-7-1 23:45:15] The value of Progress is 6
[Debug] [2026-7-1 23:45:15] The value of Progress is 10
[Debug] [2026-7-1 23:45:15] The value of Progress is 15
[Debug] [2026-7-1 23:45:16] The value of Progress is 20
[Debug] [2026-7-1 23:45:16] The value of Progress is 25
[Debug] [2026-7-1 23:45:16] The value of Progress is 30
[Debug] [2026-7-1 23:45:17] The value of Progress is 35
[Debug] [2026-7-1 23:45:17] The value of Progress is 40
[Debug] [2026-7-1 23:45:18] The value of Progress is 45
[Debug] [2026-7-1 23:45:18] The value of Progress is 50
[Debug] [2026-7-1 23:45:18] The value of Progress is 55
[Debug] [2026-7-1 23:45:19] The value of Progress is 60
[Debug] [2026-7-1 23:45:19] The value of Progress is 65
[Debug] [2026-7-1 23:45:19] The value of Progress is 70
[Debug] [2026-7-1 23:45:20] The value of Progress is 75
[Debug] [2026-7-1 23:45:20] The value of Progress is 80
[Debug] [2026-7-1 23:45:21] The value of Progress is 85
[Debug] [2026-7-1 23:45:21] The value of Progress is 90
[Debug] [2026-7-1 23:45:21] The value of Progress is 95
[Debug] [2026-7-1 23:45:22] The value of Progress is 100
[Debug] [2026-7-1 23:45:22] COMMAND[Program] execute successfully, takes 7.9 secs.
[Debug] [2026-7-1 23:45:22] End to send programming cmd.
[Debug] [2026-7-1 23:45:22] Log::Print : The done bit is 1
[Debug] [2026-7-1 23:45:22] Log::Print : COMMAND[Program] execute successfully, takes 7.9 secs.
[Debug] [2026-7-1 23:45:29] Begin to send programming cmd...
[Debug] [2026-7-1 23:45:29] Send RPC:11
[Debug] [2026-7-1 23:45:29] Begin to send program data.
[Debug] [2026-7-1 23:45:29] End to send program data.
[Debug] [2026-7-1 23:45:29] Send cmd [Program:20002] OK
[Debug] [2026-7-1 23:45:29] The value of Progress is 6
[Debug] [2026-7-1 23:45:29] The value of Progress is 10
[Debug] [2026-7-1 23:45:30] The value of Progress is 15
[Debug] [2026-7-1 23:45:30] The value of Progress is 20
[Debug] [2026-7-1 23:45:31] The value of Progress is 25
[Debug] [2026-7-1 23:45:31] The value of Progress is 30
[Debug] [2026-7-1 23:45:31] The value of Progress is 35
[Debug] [2026-7-1 23:45:32] The value of Progress is 40
[Debug] [2026-7-1 23:45:32] The value of Progress is 45
[Debug] [2026-7-1 23:45:33] The value of Progress is 50
[Debug] [2026-7-1 23:45:33] The value of Progress is 55
[Debug] [2026-7-1 23:45:33] The value of Progress is 60
[Debug] [2026-7-1 23:45:34] The value of Progress is 65
[Debug] [2026-7-1 23:45:34] The value of Progress is 70
[Debug] [2026-7-1 23:45:34] The value of Progress is 75
[Debug] [2026-7-1 23:45:35] The value of Progress is 80
[Debug] [2026-7-1 23:45:35] The value of Progress is 85
[Debug] [2026-7-1 23:45:36] The value of Progress is 90
[Debug] [2026-7-1 23:45:36] The value of Progress is 95
[Debug] [2026-7-1 23:45:36] The value of Progress is 100
[Debug] [2026-7-1 23:45:37] COMMAND[Program] execute successfully, takes 8.2 secs.
[Debug] [2026-7-1 23:45:37] End to send programming cmd.
[Debug] [2026-7-1 23:45:37] Log::Print : The done bit is 1
[Debug] [2026-7-1 23:45:37] Log::Print : COMMAND[Program] execute successfully, takes 8.2 secs.
[Error] [2026-7-1 23:46:25] Server close connect
[Info] [2026-7-1 23:46:25] Disconnect from Server: 127.0.0.1  Port: 65420
[Warn] [2026-7-1 23:46:25] Server is disconnected
[Debug] [2026-7-1 23:46:25] end to connect server
[Debug] [2026-7-1 23:46:25] Server close connect process finish
[Debug] [2026-7-1 23:46:25] Begin to delete graphic item and tree item ...
[Debug] [2026-7-1 23:46:25] Begin to remove all device in BS mode...
[Debug] [2026-7-1 23:46:25] begin remove user device...
[Debug] [2026-7-1 23:46:25] begin remove user device...
[Debug] [2026-7-1 23:46:25] end remove user device.
[Debug] [2026-7-1 23:46:25] Begin to update graphic item and tree item ...
[Debug] [2026-7-1 23:46:25] End to update graphic item and tree item ...
[Debug] [2026-7-1 23:46:25] end remove user device.
[Debug] [2026-7-1 23:46:25] End to remove devices in BS mode...
[Debug] [2026-7-1 23:46:25] Begin to update graphic item and tree item ...
[Debug] [2026-7-1 23:46:25] End to update graphic item and tree item ...
[Debug] [2026-7-1 23:46:25] End to delete graphic item and tree item ...
[Info] [2026-7-2 10:55:55] /***************************Start Configuration***************************/
[Info] [2026-7-2 10:55:55] Path: C:/pango/PDS_2022.2-SP6.4/bin
[Info] [2026-7-2 10:55:55] Version: 146967
[Info] [2026-7-2 10:55:56] Current Path: C:/Users/Datou21/Desktop/PDS/back1/cnn_usb_copy/prj_pds
[Info] [2026-7-2 10:55:56] PDS Dir Path: C:/Users/Datou21/Desktop/PDS/back1/cnn_usb_copy/prj_pds
[Info] [2026-7-2 10:55:57] /***************************End Configration***************************/
[Info] [2026-7-2 11:57:38] /***************************Start Configuration***************************/
[Info] [2026-7-2 11:57:38] Path: C:/pango/PDS_2022.2-SP6.4/bin
[Info] [2026-7-2 11:57:38] Version: 146967
[Info] [2026-7-2 11:57:39] Current Path: C:/Users/Datou21/Desktop/PDS/back1/cnn_usb_copy/prj_pds
[Info] [2026-7-2 11:57:39] PDS Dir Path: C:/Users/Datou21/Desktop/PDS/back1/cnn_usb_copy/prj_pds
[Info] [2026-7-2 11:57:41] Configuration is not connect with server. connect first then scan chain.
[Debug] [2026-7-2 11:57:41] Client Local host name:DESKTOP-VB8TKRO
[Debug] [2026-7-2 11:57:41] Client Local Address:2.0.0.1
[Debug] [2026-7-2 11:57:41] Client Local Address:192.168.44.1
[Debug] [2026-7-2 11:57:41] Client Local Address:192.168.176.1
[Debug] [2026-7-2 11:57:41] Client Local Address:10.210.132.87
[Debug] [2026-7-2 11:57:41] Server Address:127.0.0.1, Port:65420
[Debug] [2026-7-2 11:57:41] Log::Print : Connecting to server[127.0.0.1 : 65420].
[Info] [2026-7-2 11:57:41] Connect OK, Server: 127.0.0.1  Port: 65420
[Debug] [2026-7-2 11:57:41] Finish.
[Info] [2026-7-2 11:57:41] Connect server succeeded
[Debug] [2026-7-2 11:57:41] Send RPC:1
[Debug] [2026-7-2 11:57:41] Send cmd [check version information:40004] OK
[Debug] [2026-7-2 11:57:41] Log::Print : Connect to server[127.0.0.1 : 65420] successfully.
[Debug] [2026-7-2 11:57:41] Send RPC:2
[Debug] [2026-7-2 11:57:41] Send cmd [get_cable_paras:40010] OK
[Debug] [2026-7-2 11:57:41] Begin to send initialize chain cmd...
[Debug] [2026-7-2 11:57:41] Send RPC:3
[Debug] [2026-7-2 11:57:41] Send cmd [Open config cable:20001] OK
[Debug] [2026-7-2 11:57:41] End to send initialize chain cmd.
[Debug] [2026-7-2 11:57:41] COMMAND[check version information] execute successfully, takes 0.0 secs.
[Debug] [2026-7-2 11:57:41] Log::Print : COMMAND[check version information] execute successfully, takes 0.0 secs.
[Debug] [2026-7-2 11:57:42] COMMAND[get_cable_paras] execute successfully, takes 0.7 secs.
[Debug] [2026-7-2 11:57:42] Log::Print : The cable List : 
Cable index 0:USB Cable II/fffffffffffffffe 

[Debug] [2026-7-2 11:57:42] Log::Print : COMMAND[get_cable_paras] execute successfully, takes 0.7 secs.
[Debug] [2026-7-2 11:57:43] begin the exec of open cable cmd...
[Debug] [2026-7-2 11:57:43] Begin to deal with chain from server...
[Debug] [2026-7-2 11:57:43] Begin to set user chain...
[Debug] [2026-7-2 11:57:43] End to set user chain.
[Debug] [2026-7-2 11:57:43] Begin to update graphic item and tree item ...
[Debug] [2026-7-2 11:57:43] End to update graphic item and tree item ...
[Debug] [2026-7-2 11:57:43] Log::Print : PANGO USB CABLE II cable driver: D2XX DLL
[Debug] [2026-7-2 11:57:43] Log::Print : PG2L200H
[Debug] [2026-7-2 11:57:43] Log::Print : This device configure situation (done bit): 1
[Info] [2026-7-2 11:57:44] set OpenLastPath: C:/Users/Datou21/Desktop/PDS/back1/cnn_usb_copy/prj_pds/generate_bitstream/hdmi_loop.sbit
[Debug] [2026-7-2 11:57:44] begin to get device info from CFG file...
[Debug] [2026-7-2 11:57:44] end to get device info from CFG file...
[Debug] [2026-7-2 11:57:44] Begin to update graphic item and tree item ...
[Debug] [2026-7-2 11:57:44] End to update graphic item and tree item ...
[Debug] [2026-7-2 11:57:44] Begin to update graphic item and tree item ...
[Debug] [2026-7-2 11:57:44] End to update graphic item and tree item ...
[Debug] [2026-7-2 11:57:44] End to deal wiht chain from server.
[Debug] [2026-7-2 11:57:44] end the exec of open cable cmd.
[Debug] [2026-7-2 11:57:44] COMMAND[Open config cable] execute successfully, takes 2.8 secs.
[Debug] [2026-7-2 11:57:44] Log::Print : COMMAND[Open config cable] execute successfully, takes 2.8 secs.
[Debug] [2026-7-2 11:57:45] Begin to send programming cmd...
[Debug] [2026-7-2 11:57:45] Send RPC:4
[Debug] [2026-7-2 11:57:45] Begin to send program data.
[Debug] [2026-7-2 11:57:45] End to send program data.
[Debug] [2026-7-2 11:57:45] Send cmd [Program:20002] OK
[Debug] [2026-7-2 11:57:46] The value of Progress is 6
[Debug] [2026-7-2 11:57:46] The value of Progress is 10
[Debug] [2026-7-2 11:57:47] The value of Progress is 15
[Debug] [2026-7-2 11:57:47] The value of Progress is 20
[Debug] [2026-7-2 11:57:47] The value of Progress is 25
[Debug] [2026-7-2 11:57:48] The value of Progress is 30
[Debug] [2026-7-2 11:57:48] The value of Progress is 35
[Debug] [2026-7-2 11:57:49] The value of Progress is 40
[Debug] [2026-7-2 11:57:49] The value of Progress is 45
[Debug] [2026-7-2 11:57:49] The value of Progress is 50
[Debug] [2026-7-2 11:57:50] The value of Progress is 55
[Debug] [2026-7-2 11:57:50] The value of Progress is 60
[Debug] [2026-7-2 11:57:51] The value of Progress is 65
[Debug] [2026-7-2 11:57:51] The value of Progress is 70
[Debug] [2026-7-2 11:57:51] The value of Progress is 75
[Debug] [2026-7-2 11:57:52] The value of Progress is 80
[Debug] [2026-7-2 11:57:52] The value of Progress is 85
[Debug] [2026-7-2 11:57:52] The value of Progress is 90
[Debug] [2026-7-2 11:57:53] The value of Progress is 95
[Debug] [2026-7-2 11:57:53] The value of Progress is 100
[Debug] [2026-7-2 11:57:53] COMMAND[Program] execute successfully, takes 7.9 secs.
[Debug] [2026-7-2 11:57:53] End to send programming cmd.
[Debug] [2026-7-2 11:57:53] Log::Print : The done bit is 1
[Debug] [2026-7-2 11:57:53] Log::Print : COMMAND[Program] execute successfully, takes 7.9 secs.
[Info] [2026-7-2 12:01:08] /***************************End Configration***************************/
[Info] [2026-7-2 12:07:22] /***************************Start Configuration***************************/
[Info] [2026-7-2 12:07:22] Path: C:/pango/PDS_2022.2-SP6.4/bin
[Info] [2026-7-2 12:07:22] Version: 146967
[Info] [2026-7-2 12:07:23] Current Path: C:/Users/Datou21/Desktop/PDS/back1/cnn_usb_copy/prj_pds
[Info] [2026-7-2 12:07:23] PDS Dir Path: C:/Users/Datou21/Desktop/PDS/back1/cnn_usb_copy/prj_pds
[Info] [2026-7-2 12:07:25] Configuration is not connect with server. connect first then scan chain.
[Debug] [2026-7-2 12:07:25] Client Local host name:DESKTOP-VB8TKRO
[Debug] [2026-7-2 12:07:26] Client Local Address:2.0.0.1
[Debug] [2026-7-2 12:07:26] Client Local Address:192.168.44.1
[Debug] [2026-7-2 12:07:26] Client Local Address:192.168.176.1
[Debug] [2026-7-2 12:07:26] Client Local Address:10.210.132.87
[Debug] [2026-7-2 12:07:26] Server Address:127.0.0.1, Port:65420
[Debug] [2026-7-2 12:07:26] Log::Print : Connecting to server[127.0.0.1 : 65420].
[Info] [2026-7-2 12:07:26] Connect OK, Server: 127.0.0.1  Port: 65420
[Debug] [2026-7-2 12:07:26] Finish.
[Info] [2026-7-2 12:07:26] Connect server succeeded
[Debug] [2026-7-2 12:07:26] Send RPC:1
[Debug] [2026-7-2 12:07:26] Send cmd [check version information:40004] OK
[Debug] [2026-7-2 12:07:26] Log::Print : Connect to server[127.0.0.1 : 65420] successfully.
[Debug] [2026-7-2 12:07:26] Send RPC:2
[Debug] [2026-7-2 12:07:26] Send cmd [get_cable_paras:40010] OK
[Debug] [2026-7-2 12:07:26] Begin to send initialize chain cmd...
[Debug] [2026-7-2 12:07:26] Send RPC:3
[Debug] [2026-7-2 12:07:26] Send cmd [Open config cable:20001] OK
[Debug] [2026-7-2 12:07:26] End to send initialize chain cmd.
[Debug] [2026-7-2 12:07:26] COMMAND[check version information] execute successfully, takes 0.0 secs.
[Debug] [2026-7-2 12:07:26] Log::Print : COMMAND[check version information] execute successfully, takes 0.0 secs.
[Debug] [2026-7-2 12:07:27] COMMAND[get_cable_paras] execute successfully, takes 0.7 secs.
[Debug] [2026-7-2 12:07:27] Log::Print : The cable List : 
Cable index 0:USB Cable II/fffffffffffffffe 

[Debug] [2026-7-2 12:07:27] Log::Print : COMMAND[get_cable_paras] execute successfully, takes 0.7 secs.
[Error] [2026-7-2 12:07:31] fail to exec Open config cable cmd...
[Debug] [2026-7-2 12:07:31] Log::Print : PANGO USB CABLE II cable driver: D2XX DLL
[Error] [2026-7-2 12:07:31] MsgOut: JtagServer-0306: No devices detected while scanning the JTAG chain, failed detecting JTAG device chain.
[Warn] [2026-7-2 12:07:31] MsgOut: Please check the device power, cable connection situation and whether put the chip in the right way or not.
   If these do not work, try to restart the software.
[Error] [2026-7-2 12:07:31] MsgOut: Configuration-0008: The command 'Open config cable' execute fail.
[Info] [2026-7-2 12:07:36] /***************************End Configration***************************/
[Info] [2026-7-2 12:07:38] /***************************Start Configuration***************************/
[Info] [2026-7-2 12:07:38] Path: C:/pango/PDS_2022.2-SP6.4/bin
[Info] [2026-7-2 12:07:38] Version: 146967
[Info] [2026-7-2 12:07:39] Current Path: C:/Users/Datou21/Desktop/PDS/back1/cnn_usb_copy/prj_pds
[Info] [2026-7-2 12:07:39] PDS Dir Path: C:/Users/Datou21/Desktop/PDS/back1/cnn_usb_copy/prj_pds
[Info] [2026-7-2 12:07:41] Configuration is not connect with server. connect first then scan chain.
[Debug] [2026-7-2 12:07:41] Client Local host name:DESKTOP-VB8TKRO
[Debug] [2026-7-2 12:07:41] Client Local Address:2.0.0.1
[Debug] [2026-7-2 12:07:41] Client Local Address:192.168.44.1
[Debug] [2026-7-2 12:07:41] Client Local Address:192.168.176.1
[Debug] [2026-7-2 12:07:41] Client Local Address:10.210.132.87
[Debug] [2026-7-2 12:07:41] Server Address:127.0.0.1, Port:65420
[Debug] [2026-7-2 12:07:41] Log::Print : Connecting to server[127.0.0.1 : 65420].
[Info] [2026-7-2 12:07:42] Connect OK, Server: 127.0.0.1  Port: 65420
[Debug] [2026-7-2 12:07:42] Finish.
[Info] [2026-7-2 12:07:42] Connect server succeeded
[Debug] [2026-7-2 12:07:42] Send RPC:1
[Debug] [2026-7-2 12:07:42] Send cmd [check version information:40004] OK
[Debug] [2026-7-2 12:07:42] Log::Print : Connect to server[127.0.0.1 : 65420] successfully.
[Debug] [2026-7-2 12:07:42] Send RPC:2
[Debug] [2026-7-2 12:07:42] Send cmd [get_cable_paras:40010] OK
[Debug] [2026-7-2 12:07:42] Begin to send initialize chain cmd...
[Debug] [2026-7-2 12:07:42] Send RPC:3
[Debug] [2026-7-2 12:07:42] Send cmd [Open config cable:20001] OK
[Debug] [2026-7-2 12:07:42] End to send initialize chain cmd.
[Debug] [2026-7-2 12:07:42] COMMAND[check version information] execute successfully, takes 0.0 secs.
[Debug] [2026-7-2 12:07:42] Log::Print : COMMAND[check version information] execute successfully, takes 0.0 secs.
[Debug] [2026-7-2 12:07:43] COMMAND[get_cable_paras] execute successfully, takes 0.6 secs.
[Debug] [2026-7-2 12:07:43] Log::Print : The cable List : 
Cable index 0:USB Cable II/fffffffffffffffe 

[Debug] [2026-7-2 12:07:43] Log::Print : COMMAND[get_cable_paras] execute successfully, takes 0.6 secs.
[Error] [2026-7-2 12:07:47] fail to exec Open config cable cmd...
[Debug] [2026-7-2 12:07:47] Log::Print : PANGO USB CABLE II cable driver: D2XX DLL
[Error] [2026-7-2 12:07:47] MsgOut: JtagServer-0306: No devices detected while scanning the JTAG chain, failed detecting JTAG device chain.
[Warn] [2026-7-2 12:07:47] MsgOut: Please check the device power, cable connection situation and whether put the chip in the right way or not.
   If these do not work, try to restart the software.
[Error] [2026-7-2 12:07:47] MsgOut: Configuration-0008: The command 'Open config cable' execute fail.
[Info] [2026-7-2 12:07:48] /***************************End Configration***************************/
[Info] [2026-7-2 12:07:49] /***************************Start Configuration***************************/
[Info] [2026-7-2 12:07:49] Path: C:/pango/PDS_2022.2-SP6.4/bin
[Info] [2026-7-2 12:07:49] Version: 146967
[Info] [2026-7-2 12:07:50] Current Path: C:/Users/Datou21/Desktop/PDS/back1/cnn_usb_copy/prj_pds
[Info] [2026-7-2 12:07:50] PDS Dir Path: C:/Users/Datou21/Desktop/PDS/back1/cnn_usb_copy/prj_pds
[Info] [2026-7-2 12:07:53] Configuration is not connect with server. connect first then scan chain.
[Debug] [2026-7-2 12:07:53] Client Local host name:DESKTOP-VB8TKRO
[Debug] [2026-7-2 12:07:53] Client Local Address:2.0.0.1
[Debug] [2026-7-2 12:07:53] Client Local Address:192.168.44.1
[Debug] [2026-7-2 12:07:53] Client Local Address:192.168.176.1
[Debug] [2026-7-2 12:07:53] Client Local Address:10.210.132.87
[Debug] [2026-7-2 12:07:53] Server Address:127.0.0.1, Port:65420
[Debug] [2026-7-2 12:07:53] Log::Print : Connecting to server[127.0.0.1 : 65420].
[Info] [2026-7-2 12:07:53] Connect OK, Server: 127.0.0.1  Port: 65420
[Debug] [2026-7-2 12:07:53] Finish.
[Info] [2026-7-2 12:07:53] Connect server succeeded
[Debug] [2026-7-2 12:07:53] Send RPC:1
[Debug] [2026-7-2 12:07:53] Send cmd [check version information:40004] OK
[Debug] [2026-7-2 12:07:53] Log::Print : Connect to server[127.0.0.1 : 65420] successfully.
[Debug] [2026-7-2 12:07:53] Send RPC:2
[Debug] [2026-7-2 12:07:53] Send cmd [get_cable_paras:40010] OK
[Debug] [2026-7-2 12:07:53] Begin to send initialize chain cmd...
[Debug] [2026-7-2 12:07:53] Send RPC:3
[Debug] [2026-7-2 12:07:53] Send cmd [Open config cable:20001] OK
[Debug] [2026-7-2 12:07:53] End to send initialize chain cmd.
[Debug] [2026-7-2 12:07:53] COMMAND[check version information] execute successfully, takes 0.0 secs.
[Debug] [2026-7-2 12:07:53] Log::Print : COMMAND[check version information] execute successfully, takes 0.0 secs.
[Debug] [2026-7-2 12:07:54] COMMAND[get_cable_paras] execute successfully, takes 0.7 secs.
[Debug] [2026-7-2 12:07:54] Log::Print : The cable List : 
Cable index 0:USB Cable II/fffffffffffffffe 

[Debug] [2026-7-2 12:07:54] Log::Print : COMMAND[get_cable_paras] execute successfully, takes 0.7 secs.
[Debug] [2026-7-2 12:07:54] begin the exec of open cable cmd...
[Debug] [2026-7-2 12:07:54] Begin to deal with chain from server...
[Debug] [2026-7-2 12:07:54] Begin to set user chain...
[Debug] [2026-7-2 12:07:54] End to set user chain.
[Debug] [2026-7-2 12:07:54] Begin to update graphic item and tree item ...
[Debug] [2026-7-2 12:07:54] End to update graphic item and tree item ...
[Debug] [2026-7-2 12:07:54] Log::Print : PANGO USB CABLE II cable driver: D2XX DLL
[Debug] [2026-7-2 12:07:54] Log::Print : PG2L200H
[Debug] [2026-7-2 12:07:54] Log::Print : This device configure situation (done bit): 0
[Info] [2026-7-2 12:07:55] set OpenLastPath: C:/Users/Datou21/Desktop/PDS/back1/cnn_usb_copy/prj_pds/generate_bitstream/hdmi_loop.sbit
[Debug] [2026-7-2 12:07:55] begin to get device info from CFG file...
[Debug] [2026-7-2 12:07:55] end to get device info from CFG file...
[Debug] [2026-7-2 12:07:55] Begin to update graphic item and tree item ...
[Debug] [2026-7-2 12:07:55] End to update graphic item and tree item ...
[Debug] [2026-7-2 12:07:55] Begin to update graphic item and tree item ...
[Debug] [2026-7-2 12:07:55] End to update graphic item and tree item ...
[Debug] [2026-7-2 12:07:55] End to deal wiht chain from server.
[Debug] [2026-7-2 12:07:55] end the exec of open cable cmd.
[Debug] [2026-7-2 12:07:55] COMMAND[Open config cable] execute successfully, takes 2.0 secs.
[Debug] [2026-7-2 12:07:55] Log::Print : COMMAND[Open config cable] execute successfully, takes 2.0 secs.
[Debug] [2026-7-2 12:07:56] Begin to send programming cmd...
[Debug] [2026-7-2 12:07:56] Send RPC:4
[Debug] [2026-7-2 12:07:56] Begin to send program data.
[Debug] [2026-7-2 12:07:56] End to send program data.
[Debug] [2026-7-2 12:07:56] Send cmd [Program:20002] OK
[Debug] [2026-7-2 12:07:57] The value of Progress is 6
[Debug] [2026-7-2 12:07:57] The value of Progress is 10
[Debug] [2026-7-2 12:07:58] The value of Progress is 15
[Debug] [2026-7-2 12:07:58] The value of Progress is 20
[Debug] [2026-7-2 12:07:58] The value of Progress is 25
[Debug] [2026-7-2 12:07:59] The value of Progress is 30
[Debug] [2026-7-2 12:07:59] The value of Progress is 35
[Debug] [2026-7-2 12:08:00] The value of Progress is 40
[Debug] [2026-7-2 12:08:00] The value of Progress is 45
[Debug] [2026-7-2 12:08:00] The value of Progress is 50
[Debug] [2026-7-2 12:08:01] The value of Progress is 55
[Debug] [2026-7-2 12:08:01] The value of Progress is 60
[Debug] [2026-7-2 12:08:01] The value of Progress is 65
[Debug] [2026-7-2 12:08:02] The value of Progress is 70
[Debug] [2026-7-2 12:08:02] The value of Progress is 75
[Debug] [2026-7-2 12:08:03] The value of Progress is 80
[Debug] [2026-7-2 12:08:03] The value of Progress is 85
[Debug] [2026-7-2 12:08:03] The value of Progress is 90
[Debug] [2026-7-2 12:08:04] The value of Progress is 95
[Debug] [2026-7-2 12:08:04] The value of Progress is 100
[Debug] [2026-7-2 12:08:04] COMMAND[Program] execute successfully, takes 8.0 secs.
[Debug] [2026-7-2 12:08:04] End to send programming cmd.
[Debug] [2026-7-2 12:08:04] Log::Print : The done bit is 1
[Debug] [2026-7-2 12:08:04] Log::Print : COMMAND[Program] execute successfully, takes 8.0 secs.
[Debug] [2026-7-2 12:08:12] Begin to send programming cmd...
[Debug] [2026-7-2 12:08:12] Send RPC:5
[Debug] [2026-7-2 12:08:12] Begin to send program data.
[Debug] [2026-7-2 12:08:12] End to send program data.
[Debug] [2026-7-2 12:08:12] Send cmd [Program:20002] OK
[Debug] [2026-7-2 12:08:13] The value of Progress is 6
[Debug] [2026-7-2 12:08:13] The value of Progress is 10
[Debug] [2026-7-2 12:08:13] The value of Progress is 15
[Debug] [2026-7-2 12:08:14] The value of Progress is 20
[Debug] [2026-7-2 12:08:14] The value of Progress is 25
[Debug] [2026-7-2 12:08:14] The value of Progress is 30
[Debug] [2026-7-2 12:08:15] The value of Progress is 35
[Debug] [2026-7-2 12:08:15] The value of Progress is 40
[Debug] [2026-7-2 12:08:16] The value of Progress is 45
[Debug] [2026-7-2 12:08:16] The value of Progress is 50
[Debug] [2026-7-2 12:08:16] The value of Progress is 55
[Debug] [2026-7-2 12:08:17] The value of Progress is 60
[Debug] [2026-7-2 12:08:17] The value of Progress is 65
[Debug] [2026-7-2 12:08:17] The value of Progress is 70
[Debug] [2026-7-2 12:08:18] The value of Progress is 75
[Debug] [2026-7-2 12:08:18] The value of Progress is 80
[Debug] [2026-7-2 12:08:19] The value of Progress is 85
[Debug] [2026-7-2 12:08:19] The value of Progress is 90
[Debug] [2026-7-2 12:08:19] The value of Progress is 95
[Debug] [2026-7-2 12:08:20] The value of Progress is 100
[Debug] [2026-7-2 12:08:20] COMMAND[Program] execute successfully, takes 8.0 secs.
[Debug] [2026-7-2 12:08:20] End to send programming cmd.
[Debug] [2026-7-2 12:08:20] Log::Print : The done bit is 1
[Debug] [2026-7-2 12:08:20] Log::Print : COMMAND[Program] execute successfully, takes 8.0 secs.
[Info] [2026-7-2 12:08:47] /***************************End Configration***************************/
