[Debug] [2025-9-17 17:52:16] /*************************** 2025-09-17 17:52:16  Start ***************************/
[Debug] [2025-9-17 17:52:16] Path: D:/pango/PDS_2022.2-SP4.2-ads/bin
[Debug] [2025-9-17 17:52:16] #Generated by Fabric Debugger (version 2022.2-SP4.2 build 132111) at Wed Sep 17 17:52:16 2025


[Info] [2025-9-17 17:52:16] MsgOut: Fabric Debugger Started.
[Debug] [2025-9-17 17:52:16] Main window show.
[Debug] [2025-9-17 17:52:17] Operation: Scan.
[Debug] [2025-9-17 17:52:17] Client Local host name:PC-20200227DQAD
[Debug] [2025-9-17 17:52:17] Client Local Address:192.168.3.111
[Debug] [2025-9-17 17:52:17] Server Address:127.0.0.1, Port:65420
[Info] [2025-9-17 17:52:17] MsgOut: Connecting to server[127.0.0.1 : 65420].
[Info] [2025-9-17 17:52:18] Connect OK, Server: 127.0.0.1  Port: 65420
[Info] [2025-9-17 17:52:18] MsgOut: Connect to server[127.0.0.1 : 65420] successfully.
[Debug] [2025-9-17 17:52:18] Finish.
[Debug] [2025-9-17 17:52:18] Log::Print : check version information
[Debug] [2025-9-17 17:52:18] Send RPC: 1.
[Debug] [2025-9-17 17:52:18] Send cmd [check version information:40004] OK
[Debug] [2025-9-17 17:52:19] Log::Print : get_cable_paras
[Debug] [2025-9-17 17:52:19] Send RPC: 2.
[Debug] [2025-9-17 17:52:19] Send cmd [get_cable_paras:40010] OK
[Debug] [2025-9-17 17:52:19] Log::Print : open_cable
[Debug] [2025-9-17 17:52:19] Send RPC: 3.
[Debug] [2025-9-17 17:52:19] Send cmd [open_cable:10001] OK
[Info] [2025-9-17 17:52:19] MsgOut: COMMAND[check version information] execute successfully, takes 1.4 secs.
[Debug] [2025-9-17 17:52:19] COMMAND[check version information] execute successfully, takes 1.4 secs.
[Info] [2025-9-17 17:52:21] MsgOut: The Cable List : 
Cable index 0:USB Cable II/fffffffffffffffe 

[Info] [2025-9-17 17:52:21] MsgOut: COMMAND[get_cable_paras] execute successfully, takes 1.7 secs.
[Debug] [2025-9-17 17:52:21] COMMAND[get_cable_paras] execute successfully, takes 1.7 secs.
[Info] [2025-9-17 17:52:22] MsgOut: PANGO USB CABLE II cable driver: D2XX DLL
[Info] [2025-9-17 17:52:37] MsgOut: COMMAND[open_cable] execute successfully, takes 17.3 secs.
[Debug] [2025-9-17 17:52:37] COMMAND[open_cable] execute successfully, takes 17.3 secs.
[Debug] [2025-9-17 17:52:39] Operation: Scan.
[Debug] [2025-9-17 17:52:39] Log::Print : open_cable
[Debug] [2025-9-17 17:52:39] Send RPC: 4.
[Debug] [2025-9-17 17:52:39] Send cmd [open_cable:10001] OK
[Info] [2025-9-17 17:52:40] MsgOut: PANGO USB CABLE II cable driver: D2XX DLL
[Info] [2025-9-17 17:52:41] MsgOut: COMMAND[open_cable] execute successfully, takes 1.7 secs.
[Debug] [2025-9-17 17:52:41] COMMAND[open_cable] execute successfully, takes 1.7 secs.
[Debug] [2025-9-17 17:52:47] Operation: Program.
[Debug] [2025-9-17 17:52:47] Log::Print : configure
[Debug] [2025-9-17 17:52:47] Send RPC: 5.
[Debug] [2025-9-17 17:52:47] Send cmd [configure:10002] OK
[Debug] [2025-9-17 17:52:48] The value is 6.
[Debug] [2025-9-17 17:52:48] The value is 10.
[Debug] [2025-9-17 17:52:49] The value is 15.
[Debug] [2025-9-17 17:52:49] The value is 20.
[Debug] [2025-9-17 17:52:49] The value is 25.
[Debug] [2025-9-17 17:52:50] The value is 30.
[Debug] [2025-9-17 17:52:50] The value is 35.
[Debug] [2025-9-17 17:52:50] The value is 40.
[Debug] [2025-9-17 17:52:51] The value is 45.
[Debug] [2025-9-17 17:52:51] The value is 50.
[Debug] [2025-9-17 17:52:52] The value is 55.
[Debug] [2025-9-17 17:52:52] The value is 60.
[Debug] [2025-9-17 17:52:52] The value is 65.
[Debug] [2025-9-17 17:52:53] The value is 70.
[Debug] [2025-9-17 17:52:53] The value is 75.
[Debug] [2025-9-17 17:52:54] The value is 80.
[Debug] [2025-9-17 17:52:54] The value is 85.
[Debug] [2025-9-17 17:52:54] The value is 90.
[Debug] [2025-9-17 17:52:55] The value is 95.
[Debug] [2025-9-17 17:52:55] The value is 100.
[Debug] [2025-9-17 17:52:57] [BusValue] Opt:Add.
[Debug] [2025-9-17 17:52:57] [BusValue] Opt:Add.
[Debug] [2025-9-17 17:52:57] [BusValue] Opt:Add.
[Debug] [2025-9-17 17:52:57] [BusValue] Opt:Add.
[Debug] [2025-9-17 17:52:57] [BusValue] Opt:Add.
[Debug] [2025-9-17 17:52:57] [BusValue] Opt:Add.
[Debug] [2025-9-17 17:52:57] [BusValue] Opt:Add.
[Info] [2025-9-17 17:52:57] MsgOut: COMMAND[configure] execute successfully, takes 9.6 secs.
[Debug] [2025-9-17 17:52:57] COMMAND[configure] execute successfully, takes 9.6 secs.
[Debug] [2025-9-17 17:52:57] Log::Print : Import Core: 0 OK
[Debug] [2025-9-17 17:53:03] Operation: Trigger.
[Debug] [2025-9-17 17:53:03] Log::Print : run
[Debug] [2025-9-17 17:53:03] Send RPC: 6.
[Debug] [2025-9-17 17:53:03] Send cmd [run:10003] OK
[Info] [2025-9-17 17:53:03] MsgOut: Core 0 trigger successful at Wed Sep 17 17:53:03 2025
[Debug] [2025-9-17 17:53:04] Operation: ZoomFit
[Debug] [2025-9-17 17:53:04] Finish.
[Debug] [2025-9-17 17:53:04] [BusValue] Opt:Flush.
[Debug] [2025-9-17 17:53:04] [BusValue] Opt:Update.
[Info] [2025-9-17 17:53:04] MsgOut: COMMAND[run] execute successfully, takes 1.0 secs.
[Debug] [2025-9-17 17:53:04] COMMAND[run] execute successfully, takes 1.0 secs.
[Debug] [2025-9-17 17:53:11] Operation: Bus radix changed.
[Debug] [2025-9-17 17:53:11] Bus radix: Unsigned Decimal.
[Debug] [2025-9-17 17:53:11] [BusValue] Opt:Update.
[Debug] [2025-9-17 17:53:11] Finish.
[Debug] [2025-9-17 17:53:11] Bus radix: Unsigned Decimal.
[Debug] [2025-9-17 17:53:11] [BusValue] Opt:Update.
[Debug] [2025-9-17 17:53:11] Finish.
[Debug] [2025-9-17 17:53:11] Bus radix: Unsigned Decimal.
[Debug] [2025-9-17 17:53:11] [BusValue] Opt:Update.
[Debug] [2025-9-17 17:53:11] Finish.
[Debug] [2025-9-17 17:53:11] Bus radix: Unsigned Decimal.
[Debug] [2025-9-17 17:53:11] [BusValue] Opt:Update.
[Debug] [2025-9-17 17:53:11] Finish.
[Debug] [2025-9-17 17:53:11] Bus radix: Unsigned Decimal.
[Debug] [2025-9-17 17:53:11] [BusValue] Opt:Update.
[Debug] [2025-9-17 17:53:11] Finish.
[Debug] [2025-9-17 17:53:11] Bus radix: Unsigned Decimal.
[Debug] [2025-9-17 17:53:11] [BusValue] Opt:Update.
[Debug] [2025-9-17 17:53:11] Finish.
[Debug] [2025-9-17 17:53:11] Bus radix: Unsigned Decimal.
[Debug] [2025-9-17 17:53:11] [BusValue] Opt:Update.
[Debug] [2025-9-17 17:53:11] Finish.
[Debug] [2025-9-17 17:53:19] Operation: ZoomOut
[Debug] [2025-9-17 17:53:19] Operation: ZoomOut
[Debug] [2025-9-17 17:53:32] Operation: Trigger.
[Debug] [2025-9-17 17:53:32] Log::Print : run
[Debug] [2025-9-17 17:53:32] Send RPC: 7.
[Debug] [2025-9-17 17:53:32] Send cmd [run:10003] OK
[Info] [2025-9-17 17:53:32] MsgOut: Core 0 trigger successful at Wed Sep 17 17:53:32 2025
[Debug] [2025-9-17 17:53:33] Operation: ZoomFit
[Debug] [2025-9-17 17:53:33] Finish.
[Debug] [2025-9-17 17:53:33] [BusValue] Opt:Flush.
[Debug] [2025-9-17 17:53:33] [BusValue] Opt:Update.
[Info] [2025-9-17 17:53:33] MsgOut: COMMAND[run] execute successfully, takes 0.9 secs.
[Debug] [2025-9-17 17:53:33] COMMAND[run] execute successfully, takes 0.9 secs.
[Debug] [2025-9-17 17:54:05] Operation: Try to close window.
[Debug] [2025-9-17 17:54:05] /*************************** 2025-09-17 17:54:05  End ***************************/
[Debug] [2025-9-17 18:01:25] /*************************** 2025-09-17 18:01:25  Start ***************************/
[Debug] [2025-9-17 18:01:25] Path: D:/pango/PDS_2022.2-SP4.2-ads/bin
[Debug] [2025-9-17 18:01:25] #Generated by Fabric Debugger (version 2022.2-SP4.2 build 132111) at Wed Sep 17 18:01:25 2025


[Info] [2025-9-17 18:01:25] MsgOut: Fabric Debugger Started.
[Debug] [2025-9-17 18:01:25] Main window show.
[Debug] [2025-9-17 18:01:27] Operation: Scan.
[Debug] [2025-9-17 18:01:27] Client Local host name:PC-20200227DQAD
[Debug] [2025-9-17 18:01:27] Client Local Address:192.168.3.111
[Debug] [2025-9-17 18:01:27] Server Address:127.0.0.1, Port:65420
[Info] [2025-9-17 18:01:27] MsgOut: Connecting to server[127.0.0.1 : 65420].
[Info] [2025-9-17 18:01:27] Connect OK, Server: 127.0.0.1  Port: 65420
[Info] [2025-9-17 18:01:27] MsgOut: Connect to server[127.0.0.1 : 65420] successfully.
[Debug] [2025-9-17 18:01:27] Finish.
[Debug] [2025-9-17 18:01:27] Log::Print : check version information
[Debug] [2025-9-17 18:01:27] Send RPC: 1.
[Debug] [2025-9-17 18:01:27] Send cmd [check version information:40004] OK
[Debug] [2025-9-17 18:01:28] Log::Print : get_cable_paras
[Debug] [2025-9-17 18:01:28] Send RPC: 2.
[Debug] [2025-9-17 18:01:28] Send cmd [get_cable_paras:40010] OK
[Debug] [2025-9-17 18:01:28] Log::Print : open_cable
[Debug] [2025-9-17 18:01:28] Send RPC: 3.
[Debug] [2025-9-17 18:01:28] Send cmd [open_cable:10001] OK
[Info] [2025-9-17 18:01:28] MsgOut: COMMAND[check version information] execute successfully, takes 0.6 secs.
[Debug] [2025-9-17 18:01:28] COMMAND[check version information] execute successfully, takes 0.6 secs.
[Info] [2025-9-17 18:01:29] MsgOut: The Cable List : 
Cable index 0:USB Cable II/fffffffffffffffe 

[Info] [2025-9-17 18:01:29] MsgOut: COMMAND[get_cable_paras] execute successfully, takes 1.0 secs.
[Debug] [2025-9-17 18:01:29] COMMAND[get_cable_paras] execute successfully, takes 1.0 secs.
[Info] [2025-9-17 18:01:30] MsgOut: PANGO USB CABLE II cable driver: D2XX DLL
[Info] [2025-9-17 18:01:31] MsgOut: COMMAND[open_cable] execute successfully, takes 3.1 secs.
[Debug] [2025-9-17 18:01:31] COMMAND[open_cable] execute successfully, takes 3.1 secs.
[Debug] [2025-9-17 18:01:36] Operation: Program.
[Debug] [2025-9-17 18:01:36] Log::Print : configure
[Debug] [2025-9-17 18:01:36] Send RPC: 4.
[Debug] [2025-9-17 18:01:36] Send cmd [configure:10002] OK
[Debug] [2025-9-17 18:01:37] The value is 6.
[Debug] [2025-9-17 18:01:37] The value is 10.
[Debug] [2025-9-17 18:01:38] The value is 15.
[Debug] [2025-9-17 18:01:38] The value is 20.
[Debug] [2025-9-17 18:01:38] The value is 25.
[Debug] [2025-9-17 18:01:39] The value is 30.
[Debug] [2025-9-17 18:01:39] The value is 35.
[Debug] [2025-9-17 18:01:39] The value is 40.
[Debug] [2025-9-17 18:01:40] The value is 45.
[Debug] [2025-9-17 18:01:40] The value is 50.
[Debug] [2025-9-17 18:01:41] The value is 55.
[Debug] [2025-9-17 18:01:41] The value is 60.
[Debug] [2025-9-17 18:01:41] The value is 65.
[Debug] [2025-9-17 18:01:42] The value is 70.
[Debug] [2025-9-17 18:01:42] The value is 75.
[Debug] [2025-9-17 18:01:43] The value is 80.
[Debug] [2025-9-17 18:01:43] The value is 85.
[Debug] [2025-9-17 18:01:43] The value is 90.
[Debug] [2025-9-17 18:01:44] The value is 95.
[Debug] [2025-9-17 18:01:44] The value is 100.
[Debug] [2025-9-17 18:01:45] [BusValue] Opt:Add.
[Debug] [2025-9-17 18:01:45] [BusValue] Opt:Add.
[Debug] [2025-9-17 18:01:45] [BusValue] Opt:Add.
[Debug] [2025-9-17 18:01:45] [BusValue] Opt:Add.
[Debug] [2025-9-17 18:01:45] [BusValue] Opt:Add.
[Debug] [2025-9-17 18:01:45] [BusValue] Opt:Add.
[Info] [2025-9-17 18:01:45] MsgOut: COMMAND[configure] execute successfully, takes 9.4 secs.
[Debug] [2025-9-17 18:01:45] COMMAND[configure] execute successfully, takes 9.4 secs.
[Debug] [2025-9-17 18:01:45] Log::Print : Import Core: 0 OK
[Debug] [2025-9-17 18:01:49] Operation: Trigger.
[Debug] [2025-9-17 18:01:49] Log::Print : run
[Debug] [2025-9-17 18:01:49] Send RPC: 5.
[Debug] [2025-9-17 18:01:49] Send cmd [run:10003] OK
[Info] [2025-9-17 18:01:49] MsgOut: Core 0 trigger successful at Wed Sep 17 18:01:49 2025
[Debug] [2025-9-17 18:01:50] Operation: ZoomFit
[Debug] [2025-9-17 18:01:50] Finish.
[Debug] [2025-9-17 18:01:50] [BusValue] Opt:Flush.
[Debug] [2025-9-17 18:01:50] [BusValue] Opt:Update.
[Info] [2025-9-17 18:01:50] MsgOut: COMMAND[run] execute successfully, takes 0.9 secs.
[Debug] [2025-9-17 18:01:50] COMMAND[run] execute successfully, takes 0.9 secs.
[Debug] [2025-9-17 18:01:57] Operation: Bus radix changed.
[Debug] [2025-9-17 18:01:57] Bus radix: Binary.
[Debug] [2025-9-17 18:01:57] [BusValue] Opt:Update.
[Debug] [2025-9-17 18:01:57] Finish.
[Debug] [2025-9-17 18:01:57] Bus radix: Binary.
[Debug] [2025-9-17 18:01:57] [BusValue] Opt:Update.
[Debug] [2025-9-17 18:01:57] Finish.
[Debug] [2025-9-17 18:01:57] Bus radix: Binary.
[Debug] [2025-9-17 18:01:57] [BusValue] Opt:Update.
[Debug] [2025-9-17 18:01:57] Finish.
[Debug] [2025-9-17 18:01:57] Bus radix: Binary.
[Debug] [2025-9-17 18:01:57] [BusValue] Opt:Update.
[Debug] [2025-9-17 18:01:57] Finish.
[Debug] [2025-9-17 18:01:57] Bus radix: Binary.
[Debug] [2025-9-17 18:01:57] [BusValue] Opt:Update.
[Debug] [2025-9-17 18:01:57] Finish.
[Debug] [2025-9-17 18:01:57] Bus radix: Binary.
[Debug] [2025-9-17 18:01:57] [BusValue] Opt:Update.
[Debug] [2025-9-17 18:01:57] Finish.
[Debug] [2025-9-17 18:02:01] Operation: Bus radix changed.
[Debug] [2025-9-17 18:02:01] Bus radix: Unsigned Decimal.
[Debug] [2025-9-17 18:02:01] [BusValue] Opt:Update.
[Debug] [2025-9-17 18:02:01] Finish.
[Debug] [2025-9-17 18:02:01] Bus radix: Unsigned Decimal.
[Debug] [2025-9-17 18:02:01] [BusValue] Opt:Update.
[Debug] [2025-9-17 18:02:01] Finish.
[Debug] [2025-9-17 18:02:01] Bus radix: Unsigned Decimal.
[Debug] [2025-9-17 18:02:01] [BusValue] Opt:Update.
[Debug] [2025-9-17 18:02:01] Finish.
[Debug] [2025-9-17 18:02:01] Bus radix: Unsigned Decimal.
[Debug] [2025-9-17 18:02:01] [BusValue] Opt:Update.
[Debug] [2025-9-17 18:02:01] Finish.
[Debug] [2025-9-17 18:02:01] Bus radix: Unsigned Decimal.
[Debug] [2025-9-17 18:02:01] [BusValue] Opt:Update.
[Debug] [2025-9-17 18:02:01] Finish.
[Debug] [2025-9-17 18:02:01] Bus radix: Unsigned Decimal.
[Debug] [2025-9-17 18:02:01] [BusValue] Opt:Update.
[Debug] [2025-9-17 18:02:01] Finish.
[Debug] [2025-9-17 18:02:06] Operation: Zoom in.
[Debug] [2025-9-17 18:02:06] Finish.
[Debug] [2025-9-17 18:02:06] Operation: Zoom in.
[Debug] [2025-9-17 18:02:06] Finish.
[Debug] [2025-9-17 18:02:07] Operation: Zoom in.
[Debug] [2025-9-17 18:02:07] Finish.
[Debug] [2025-9-17 18:02:07] Operation: Zoom in.
[Debug] [2025-9-17 18:02:07] Finish.
[Debug] [2025-9-17 18:02:11] Operation: ZoomOut
[Debug] [2025-9-17 18:02:11] Finish.
[Debug] [2025-9-17 18:02:11] Operation: ZoomOut
[Debug] [2025-9-17 18:02:11] Finish.
[Debug] [2025-9-17 18:02:27] Operation: ZoomOut
[Debug] [2025-9-17 18:02:27] Finish.
[Debug] [2025-9-17 18:02:28] Operation: ZoomOut
[Debug] [2025-9-17 18:02:28] Finish.
[Debug] [2025-9-17 18:02:28] Operation: ZoomOut
[Debug] [2025-9-17 18:02:28] Operation: ZoomOut
[Debug] [2025-9-17 18:07:05] Operation: Trigger.
[Debug] [2025-9-17 18:07:05] Log::Print : run
[Debug] [2025-9-17 18:07:05] Send RPC: 6.
[Debug] [2025-9-17 18:07:05] Send cmd [run:10003] OK
[Info] [2025-9-17 18:07:06] MsgOut: Core 0 trigger successful at Wed Sep 17 18:07:06 2025
[Debug] [2025-9-17 18:07:06] Operation: ZoomFit
[Debug] [2025-9-17 18:07:06] Finish.
[Debug] [2025-9-17 18:07:06] [BusValue] Opt:Flush.
[Debug] [2025-9-17 18:07:06] [BusValue] Opt:Update.
[Info] [2025-9-17 18:07:06] MsgOut: COMMAND[run] execute successfully, takes 0.9 secs.
[Debug] [2025-9-17 18:07:06] COMMAND[run] execute successfully, takes 0.9 secs.
[Debug] [2025-9-17 18:12:45] Operation: Trigger.
[Debug] [2025-9-17 18:12:45] Log::Print : run
[Debug] [2025-9-17 18:12:45] Send RPC: 7.
[Debug] [2025-9-17 18:12:45] Send cmd [run:10003] OK
[Info] [2025-9-17 18:12:45] MsgOut: Core 0 trigger successful at Wed Sep 17 18:12:45 2025
[Debug] [2025-9-17 18:12:45] Operation: ZoomFit
[Debug] [2025-9-17 18:12:45] Finish.
[Debug] [2025-9-17 18:12:45] [BusValue] Opt:Flush.
[Debug] [2025-9-17 18:12:45] [BusValue] Opt:Update.
[Info] [2025-9-17 18:12:45] MsgOut: COMMAND[run] execute successfully, takes 0.9 secs.
[Debug] [2025-9-17 18:12:45] COMMAND[run] execute successfully, takes 0.9 secs.
[Debug] [2025-9-17 18:12:57] Operation: Trigger.
[Debug] [2025-9-17 18:12:57] Log::Print : run
[Debug] [2025-9-17 18:12:57] Send RPC: 8.
[Debug] [2025-9-17 18:12:57] Send cmd [run:10003] OK
[Info] [2025-9-17 18:12:58] MsgOut: Core 0 trigger successful at Wed Sep 17 18:12:58 2025
[Debug] [2025-9-17 18:12:58] Operation: ZoomFit
[Debug] [2025-9-17 18:12:58] Finish.
[Debug] [2025-9-17 18:12:58] [BusValue] Opt:Flush.
[Debug] [2025-9-17 18:12:58] [BusValue] Opt:Update.
[Info] [2025-9-17 18:12:58] MsgOut: COMMAND[run] execute successfully, takes 0.9 secs.
[Debug] [2025-9-17 18:12:58] COMMAND[run] execute successfully, takes 0.9 secs.
[Debug] [2025-9-17 18:13:05] Operation: Zoom in.
[Debug] [2025-9-17 18:13:05] Finish.
[Debug] [2025-9-17 18:13:06] Operation: Zoom in.
[Debug] [2025-9-17 18:13:06] Finish.
[Debug] [2025-9-17 18:13:06] Operation: Zoom in.
[Debug] [2025-9-17 18:13:06] Finish.
[Debug] [2025-9-17 18:13:06] Operation: Zoom in.
[Debug] [2025-9-17 18:13:07] Finish.
[Debug] [2025-9-17 18:13:07] Operation: Zoom in.
[Debug] [2025-9-17 18:13:07] Finish.
[Debug] [2025-9-17 18:13:07] Operation: Zoom in.
[Debug] [2025-9-17 18:13:07] Finish.
[Debug] [2025-9-17 18:13:08] Operation: ZoomOut
[Debug] [2025-9-17 18:13:08] Finish.
[Debug] [2025-9-17 18:13:08] Operation: ZoomOut
[Debug] [2025-9-17 18:13:08] Finish.
[Debug] [2025-9-17 18:13:08] Operation: ZoomOut
[Debug] [2025-9-17 18:13:08] Finish.
[Debug] [2025-9-17 18:13:09] Operation: ZoomOut
[Debug] [2025-9-17 18:13:09] Finish.
[Debug] [2025-9-17 18:13:09] Operation: ZoomOut
[Debug] [2025-9-17 18:13:09] Finish.
[Debug] [2025-9-17 18:13:15] Operation: ZoomOut
[Debug] [2025-9-17 18:13:15] Finish.
[Debug] [2025-9-17 18:13:16] Operation: ZoomOut
[Debug] [2025-9-17 18:13:16] Operation: ZoomOut
[Debug] [2025-9-17 18:13:17] Operation: ZoomOut
[Debug] [2025-9-17 18:13:17] Operation: ZoomOut
[Debug] [2025-9-17 18:18:38] Operation: Zoom in.
[Debug] [2025-9-17 18:18:38] Finish.
[Debug] [2025-9-17 18:18:38] Operation: Zoom in.
[Debug] [2025-9-17 18:18:38] Finish.
[Debug] [2025-9-17 18:18:39] Operation: Zoom in.
[Debug] [2025-9-17 18:18:39] Finish.
[Debug] [2025-9-17 18:18:39] Operation: Zoom in.
[Debug] [2025-9-17 18:18:39] Finish.
[Debug] [2025-9-17 18:18:40] Operation: ZoomOut
[Debug] [2025-9-17 18:18:40] Finish.
[Debug] [2025-9-17 18:18:44] Operation: Try to close window.
[Debug] [2025-9-17 18:18:44] /*************************** 2025-09-17 18:18:44  End ***************************/
[Debug] [2025-9-19 10:46:34] /*************************** 2025-09-19 10:46:34  Start ***************************/
[Debug] [2025-9-19 10:46:34] Path: D:/pango/PDS_2022.2-SP4.2-ads/bin
[Debug] [2025-9-19 10:46:34] #Generated by Fabric Debugger (version 2022.2-SP4.2 build 132111) at Fri Sep 19 10:46:34 2025


[Info] [2025-9-19 10:46:34] MsgOut: Fabric Debugger Started.
[Debug] [2025-9-19 10:46:34] Main window show.
[Debug] [2025-9-19 10:46:35] Operation: Scan.
[Debug] [2025-9-19 10:46:35] Client Local host name:PC-20200227DQAD
[Debug] [2025-9-19 10:46:35] Client Local Address:192.168.3.111
[Debug] [2025-9-19 10:46:35] Server Address:127.0.0.1, Port:65420
[Info] [2025-9-19 10:46:35] MsgOut: Connecting to server[127.0.0.1 : 65420].
[Info] [2025-9-19 10:46:36] Connect OK, Server: 127.0.0.1  Port: 65420
[Info] [2025-9-19 10:46:36] MsgOut: Connect to server[127.0.0.1 : 65420] successfully.
[Debug] [2025-9-19 10:46:36] Finish.
[Debug] [2025-9-19 10:46:36] Log::Print : check version information
[Debug] [2025-9-19 10:46:36] Send RPC: 1.
[Debug] [2025-9-19 10:46:36] Send cmd [check version information:40004] OK
[Debug] [2025-9-19 10:46:36] Log::Print : get_cable_paras
[Debug] [2025-9-19 10:46:36] Send RPC: 2.
[Debug] [2025-9-19 10:46:36] Send cmd [get_cable_paras:40010] OK
[Debug] [2025-9-19 10:46:36] Log::Print : open_cable
[Debug] [2025-9-19 10:46:36] Send RPC: 3.
[Debug] [2025-9-19 10:46:36] Send cmd [open_cable:10001] OK
[Info] [2025-9-19 10:46:36] MsgOut: COMMAND[check version information] execute successfully, takes 0.0 secs.
[Debug] [2025-9-19 10:46:36] COMMAND[check version information] execute successfully, takes 0.0 secs.
[Info] [2025-9-19 10:46:37] MsgOut: The Cable List : 
Cable index 0:USB Cable II/fffffffffffffffe 

[Info] [2025-9-19 10:46:37] MsgOut: COMMAND[get_cable_paras] execute successfully, takes 1.3 secs.
[Debug] [2025-9-19 10:46:37] COMMAND[get_cable_paras] execute successfully, takes 1.3 secs.
[Info] [2025-9-19 10:46:37] MsgOut: PANGO USB CABLE II cable driver: D2XX DLL
[Info] [2025-9-19 10:46:39] MsgOut: COMMAND[open_cable] execute successfully, takes 3.1 secs.
[Debug] [2025-9-19 10:46:39] COMMAND[open_cable] execute successfully, takes 3.1 secs.
[Debug] [2025-9-19 10:46:43] Operation: Program.
[Debug] [2025-9-19 10:46:43] Log::Print : configure
[Debug] [2025-9-19 10:46:43] Send RPC: 4.
[Debug] [2025-9-19 10:46:43] Send cmd [configure:10002] OK
[Debug] [2025-9-19 10:46:44] The value is 6.
[Debug] [2025-9-19 10:46:44] The value is 10.
[Debug] [2025-9-19 10:46:44] The value is 15.
[Debug] [2025-9-19 10:46:45] The value is 20.
[Debug] [2025-9-19 10:46:45] The value is 25.
[Debug] [2025-9-19 10:46:45] The value is 30.
[Debug] [2025-9-19 10:46:46] The value is 35.
[Debug] [2025-9-19 10:46:46] The value is 40.
[Debug] [2025-9-19 10:46:47] The value is 45.
[Debug] [2025-9-19 10:46:47] The value is 50.
[Debug] [2025-9-19 10:46:47] The value is 55.
[Debug] [2025-9-19 10:46:48] The value is 60.
[Debug] [2025-9-19 10:46:48] The value is 65.
[Debug] [2025-9-19 10:46:49] The value is 70.
[Debug] [2025-9-19 10:46:49] The value is 75.
[Debug] [2025-9-19 10:46:49] The value is 80.
[Debug] [2025-9-19 10:46:50] The value is 85.
[Debug] [2025-9-19 10:46:50] The value is 90.
[Debug] [2025-9-19 10:46:50] The value is 95.
[Debug] [2025-9-19 10:46:51] The value is 100.
[Info] [2025-9-19 10:46:52] MsgOut: COMMAND[configure] execute successfully, takes 9.6 secs.
[Debug] [2025-9-19 10:46:52] COMMAND[configure] execute successfully, takes 9.6 secs.
[Debug] [2025-9-19 10:46:53] Log::Print : Import Core: 0 OK
[Debug] [2025-9-19 10:51:24] Operation: Try to close window.
[Debug] [2025-9-19 10:51:24] /*************************** 2025-09-19 10:51:24  End ***************************/
[Debug] [2026-3-30 19:31:03] /*************************** 2026-03-30 19:31:03  Start ***************************/
[Debug] [2026-3-30 19:31:03] Path: C:/pango/PDS_2022.2-SP6.4/bin
[Debug] [2026-3-30 19:31:03] #Generated by Fabric Debugger (version 2022.2-SP6.4 build 146967) at Mon Mar 30 19:31:03 2026


[Info] [2026-3-30 19:31:03] MsgOut: Fabric Debugger Started.
[Debug] [2026-3-30 19:31:03] Main window show.
[Debug] [2026-3-30 19:31:04] Operation: Try to close window.
[Debug] [2026-3-30 19:31:04] /*************************** 2026-03-30 19:31:04  End ***************************/
[Debug] [2026-3-30 22:16:06] /*************************** 2026-03-30 22:16:06  Start ***************************/
[Debug] [2026-3-30 22:16:06] Path: C:/pango/PDS_2022.2-SP6.4/bin
[Debug] [2026-3-30 22:16:06] #Generated by Fabric Debugger (version 2022.2-SP6.4 build 146967) at Mon Mar 30 22:16:06 2026


[Info] [2026-3-30 22:16:06] MsgOut: Fabric Debugger Started.
[Debug] [2026-3-30 22:16:06] Main window show.
[Debug] [2026-3-30 22:16:17] Operation: Try to close window.
[Debug] [2026-3-30 22:16:17] /*************************** 2026-03-30 22:16:17  End ***************************/
[Debug] [2026-3-31 15:55:43] /*************************** 2026-03-31 15:55:43  Start ***************************/
[Debug] [2026-3-31 15:55:43] Path: C:/pango/PDS_2022.2-SP6.4/bin
[Debug] [2026-3-31 15:55:43] #Generated by Fabric Debugger (version 2022.2-SP6.4 build 146967) at Tue Mar 31 15:55:43 2026


[Info] [2026-3-31 15:55:44] MsgOut: Fabric Debugger Started.
[Debug] [2026-3-31 15:55:44] Main window show.
[Debug] [2026-3-31 15:55:46] Operation: Scan.
[Debug] [2026-3-31 15:55:46] Client Local host name:DESKTOP-VB8TKRO
[Debug] [2026-3-31 15:55:46] Client Local Address:2.0.0.1
[Debug] [2026-3-31 15:55:46] Client Local Address:210.77.26.220
[Debug] [2026-3-31 15:55:46] Client Local Address:192.168.44.1
[Debug] [2026-3-31 15:55:46] Client Local Address:192.168.176.1
[Debug] [2026-3-31 15:55:46] Server Address:127.0.0.1, Port:65420
[Info] [2026-3-31 15:55:46] MsgOut: Connecting to server[127.0.0.1 : 65420].
[Info] [2026-3-31 15:55:46] Connect OK, Server: 127.0.0.1  Port: 65420
[Info] [2026-3-31 15:55:46] MsgOut: Connect to server[127.0.0.1 : 65420] successfully.
[Debug] [2026-3-31 15:55:46] Finish.
[Debug] [2026-3-31 15:55:46] Log::Print : check version information
[Debug] [2026-3-31 15:55:46] Send RPC: 1.
[Debug] [2026-3-31 15:55:46] Send cmd [check version information:40004] OK
[Debug] [2026-3-31 15:55:47] Log::Print : get_cable_paras
[Debug] [2026-3-31 15:55:47] Send RPC: 2.
[Debug] [2026-3-31 15:55:47] Send cmd [get_cable_paras:40010] OK
[Debug] [2026-3-31 15:55:47] Log::Print : open_cable
[Debug] [2026-3-31 15:55:47] Send RPC: 3.
[Debug] [2026-3-31 15:55:47] Send cmd [open_cable:10001] OK
[Info] [2026-3-31 15:55:47] MsgOut: COMMAND[check version information] execute successfully, takes 0.4 secs.
[Debug] [2026-3-31 15:55:47] COMMAND[check version information] execute successfully, takes 0.4 secs.
[Info] [2026-3-31 15:55:48] MsgOut: The Cable List : 
Cable index 0:USB Cable II/fffffffffffffffe 

[Info] [2026-3-31 15:55:48] MsgOut: COMMAND[get_cable_paras] execute successfully, takes 1.1 secs.
[Debug] [2026-3-31 15:55:48] COMMAND[get_cable_paras] execute successfully, takes 1.1 secs.
[Info] [2026-3-31 15:55:49] MsgOut: PANGO USB CABLE II cable driver: D2XX DLL
[Info] [2026-3-31 15:55:53] MsgOut: COMMAND[open_cable] execute successfully, takes 6.6 secs.
[Debug] [2026-3-31 15:55:53] COMMAND[open_cable] execute successfully, takes 6.6 secs.
[Debug] [2026-3-31 15:56:00] Operation: Scan.
[Debug] [2026-3-31 15:56:00] Log::Print : open_cable
[Debug] [2026-3-31 15:56:00] Send RPC: 4.
[Debug] [2026-3-31 15:56:00] Send cmd [open_cable:10001] OK
[Info] [2026-3-31 15:56:01] MsgOut: PANGO USB CABLE II cable driver: D2XX DLL
[Info] [2026-3-31 15:56:02] MsgOut: COMMAND[open_cable] execute successfully, takes 1.8 secs.
[Debug] [2026-3-31 15:56:02] COMMAND[open_cable] execute successfully, takes 1.8 secs.
[Debug] [2026-3-31 15:56:07] Configure.
[Debug] [2026-3-31 15:56:13] Operation: Program.
[Debug] [2026-3-31 15:56:13] Log::Print : configure
[Debug] [2026-3-31 15:56:13] Send RPC: 5.
[Debug] [2026-3-31 15:56:13] Send cmd [configure:10002] OK
[Debug] [2026-3-31 15:56:14] The value is 6.
[Debug] [2026-3-31 15:56:14] The value is 10.
[Debug] [2026-3-31 15:56:14] The value is 15.
[Debug] [2026-3-31 15:56:15] The value is 20.
[Debug] [2026-3-31 15:56:15] The value is 25.
[Debug] [2026-3-31 15:56:15] The value is 30.
[Debug] [2026-3-31 15:56:16] The value is 35.
[Debug] [2026-3-31 15:56:16] The value is 40.
[Debug] [2026-3-31 15:56:16] The value is 45.
[Debug] [2026-3-31 15:56:17] The value is 50.
[Debug] [2026-3-31 15:56:17] The value is 55.
[Debug] [2026-3-31 15:56:18] The value is 60.
[Debug] [2026-3-31 15:56:18] The value is 65.
[Debug] [2026-3-31 15:56:18] The value is 70.
[Debug] [2026-3-31 15:56:19] The value is 75.
[Debug] [2026-3-31 15:56:19] The value is 80.
[Debug] [2026-3-31 15:56:20] The value is 85.
[Debug] [2026-3-31 15:56:20] The value is 90.
[Debug] [2026-3-31 15:56:20] The value is 95.
[Debug] [2026-3-31 15:56:21] The value is 100.
[Debug] [2026-3-31 15:56:22] [BusValue] Opt:Add.
[Info] [2026-3-31 15:56:22] MsgOut: COMMAND[configure] execute successfully, takes 9.7 secs.
[Debug] [2026-3-31 15:56:22] COMMAND[configure] execute successfully, takes 9.7 secs.
[Debug] [2026-3-31 15:56:22] Log::Print : Import Core: 0 OK
[Debug] [2026-3-31 15:56:52] Configure.
[Debug] [2026-3-31 15:56:55] Operation: Program.
[Debug] [2026-3-31 15:56:55] Log::Print : configure
[Debug] [2026-3-31 15:56:55] Send RPC: 6.
[Debug] [2026-3-31 15:56:55] Send cmd [configure:10002] OK
[Debug] [2026-3-31 15:56:56] The value is 6.
[Debug] [2026-3-31 15:56:56] The value is 10.
[Debug] [2026-3-31 15:56:57] The value is 15.
[Debug] [2026-3-31 15:56:57] The value is 20.
[Debug] [2026-3-31 15:56:57] The value is 25.
[Debug] [2026-3-31 15:56:58] The value is 30.
[Debug] [2026-3-31 15:56:58] The value is 35.
[Debug] [2026-3-31 15:56:58] The value is 40.
[Debug] [2026-3-31 15:56:59] The value is 45.
[Debug] [2026-3-31 15:56:59] The value is 50.
[Debug] [2026-3-31 15:57:00] The value is 55.
[Debug] [2026-3-31 15:57:00] The value is 60.
[Debug] [2026-3-31 15:57:00] The value is 65.
[Debug] [2026-3-31 15:57:01] The value is 70.
[Debug] [2026-3-31 15:57:01] The value is 75.
[Debug] [2026-3-31 15:57:02] The value is 80.
[Debug] [2026-3-31 15:57:02] The value is 85.
[Debug] [2026-3-31 15:57:02] The value is 90.
[Debug] [2026-3-31 15:57:03] The value is 95.
[Debug] [2026-3-31 15:57:03] The value is 100.
[Info] [2026-3-31 15:57:04] MsgOut: COMMAND[configure] execute successfully, takes 9.4 secs.
[Debug] [2026-3-31 15:57:04] COMMAND[configure] execute successfully, takes 9.4 secs.
[Warn] [2026-3-31 15:57:04] MsgOut: Debugger-4002: Core Parse: Trigger Port bus name:data_to_layer exist, fail to import.
[Warn] [2026-3-31 15:57:04] MsgOut: Debugger-4002: Core Parse: Bus name:data_to_layer exist, fail to import.
[Debug] [2026-3-31 15:57:04] Log::Print : Import Core: 0 OK
[Debug] [2026-3-31 15:58:14] Operation: Trigger.
[Debug] [2026-3-31 15:58:14] Log::Print : run
[Debug] [2026-3-31 15:58:14] Send RPC: 7.
[Debug] [2026-3-31 15:58:14] Send cmd [run:10003] OK
[Info] [2026-3-31 15:58:14] MsgOut: Core 0 trigger successful at Tue Mar 31 15:58:14 2026
[Debug] [2026-3-31 15:58:15] Operation: ZoomFit
[Debug] [2026-3-31 15:58:15] Finish.
[Debug] [2026-3-31 15:58:15] [BusValue] Opt:Flush.
[Debug] [2026-3-31 15:58:15] [BusValue] Opt:Update.
[Info] [2026-3-31 15:58:15] MsgOut: COMMAND[run] execute successfully, takes 1.0 secs.
[Debug] [2026-3-31 15:58:15] COMMAND[run] execute successfully, takes 1.0 secs.
[Debug] [2026-3-31 15:58:25] Operation: Zoom in.
[Debug] [2026-3-31 15:58:25] Finish.
[Debug] [2026-3-31 15:58:25] Operation: Zoom in.
[Debug] [2026-3-31 15:58:25] Finish.
[Debug] [2026-3-31 15:58:25] Operation: Zoom in.
[Debug] [2026-3-31 15:58:25] Finish.
[Debug] [2026-3-31 15:58:25] Operation: Zoom in.
[Debug] [2026-3-31 15:58:25] Finish.
[Debug] [2026-3-31 15:58:26] Operation: Zoom in.
[Debug] [2026-3-31 15:58:26] Finish.
[Debug] [2026-3-31 15:58:27] Operation: ZoomOut
[Debug] [2026-3-31 15:58:27] Finish.
[Debug] [2026-3-31 15:58:27] Operation: ZoomOut
[Debug] [2026-3-31 15:58:27] Finish.
[Debug] [2026-3-31 15:58:27] Operation: Zoom in.
[Debug] [2026-3-31 15:58:27] Finish.
[Debug] [2026-3-31 15:59:01] Operation: Trigger.
[Debug] [2026-3-31 15:59:01] Log::Print : run
[Debug] [2026-3-31 15:59:01] Send RPC: 8.
[Debug] [2026-3-31 15:59:01] Send cmd [run:10003] OK
[Info] [2026-3-31 15:59:01] MsgOut: Core 0 trigger successful at Tue Mar 31 15:59:01 2026
[Debug] [2026-3-31 15:59:02] Operation: ZoomFit
[Debug] [2026-3-31 15:59:02] Finish.
[Debug] [2026-3-31 15:59:02] [BusValue] Opt:Flush.
[Debug] [2026-3-31 15:59:02] [BusValue] Opt:Update.
[Info] [2026-3-31 15:59:02] MsgOut: COMMAND[run] execute successfully, takes 1.0 secs.
[Debug] [2026-3-31 15:59:02] COMMAND[run] execute successfully, takes 1.0 secs.
[Debug] [2026-3-31 15:59:27] Operation: ZoomOut
[Debug] [2026-3-31 15:59:27] Finish.
[Debug] [2026-3-31 15:59:27] Operation: ZoomOut
[Debug] [2026-3-31 15:59:27] Finish.
[Debug] [2026-3-31 15:59:27] Operation: ZoomOut
[Debug] [2026-3-31 15:59:27] Finish.
[Debug] [2026-3-31 15:59:28] Operation: Zoom in.
[Debug] [2026-3-31 15:59:28] Finish.
[Debug] [2026-3-31 15:59:28] Operation: Zoom in.
[Debug] [2026-3-31 15:59:28] Finish.
[Debug] [2026-3-31 15:59:28] Operation: Zoom in.
[Debug] [2026-3-31 15:59:29] Finish.
[Debug] [2026-3-31 15:59:30] Operation: Trigger.
[Debug] [2026-3-31 15:59:30] Log::Print : run
[Debug] [2026-3-31 15:59:30] Send RPC: 9.
[Debug] [2026-3-31 15:59:30] Send cmd [run:10003] OK
[Info] [2026-3-31 15:59:31] MsgOut: Core 0 trigger successful at Tue Mar 31 15:59:31 2026
[Debug] [2026-3-31 15:59:31] Operation: ZoomFit
[Debug] [2026-3-31 15:59:31] Finish.
[Debug] [2026-3-31 15:59:31] [BusValue] Opt:Flush.
[Debug] [2026-3-31 15:59:31] [BusValue] Opt:Update.
[Info] [2026-3-31 15:59:31] MsgOut: COMMAND[run] execute successfully, takes 1.0 secs.
[Debug] [2026-3-31 15:59:31] COMMAND[run] execute successfully, takes 1.0 secs.
[Debug] [2026-3-31 15:59:33] Operation: Trigger.
[Debug] [2026-3-31 15:59:33] Log::Print : run
[Debug] [2026-3-31 15:59:33] Send RPC: 10.
[Debug] [2026-3-31 15:59:33] Send cmd [run:10003] OK
[Info] [2026-3-31 15:59:34] MsgOut: Core 0 trigger successful at Tue Mar 31 15:59:34 2026
[Debug] [2026-3-31 15:59:34] Operation: ZoomFit
[Debug] [2026-3-31 15:59:34] Finish.
[Debug] [2026-3-31 15:59:34] [BusValue] Opt:Flush.
[Debug] [2026-3-31 15:59:34] [BusValue] Opt:Update.
[Info] [2026-3-31 15:59:34] MsgOut: COMMAND[run] execute successfully, takes 1.0 secs.
[Debug] [2026-3-31 15:59:34] COMMAND[run] execute successfully, takes 1.0 secs.
[Debug] [2026-3-31 15:59:52] Operation: Trigger.
[Debug] [2026-3-31 15:59:52] Log::Print : run
[Debug] [2026-3-31 15:59:52] Send RPC: 11.
[Debug] [2026-3-31 15:59:52] Send cmd [run:10003] OK
[Info] [2026-3-31 15:59:52] MsgOut: Core 0 trigger successful at Tue Mar 31 15:59:52 2026
[Debug] [2026-3-31 15:59:53] Operation: ZoomFit
[Debug] [2026-3-31 15:59:53] Finish.
[Debug] [2026-3-31 15:59:53] [BusValue] Opt:Flush.
[Debug] [2026-3-31 15:59:53] [BusValue] Opt:Update.
[Info] [2026-3-31 15:59:53] MsgOut: COMMAND[run] execute successfully, takes 1.0 secs.
[Debug] [2026-3-31 15:59:53] COMMAND[run] execute successfully, takes 1.0 secs.
[Debug] [2026-3-31 15:59:54] Operation: Trigger.
[Debug] [2026-3-31 15:59:54] Log::Print : run
[Debug] [2026-3-31 15:59:54] Send RPC: 12.
[Debug] [2026-3-31 15:59:54] Send cmd [run:10003] OK
[Info] [2026-3-31 15:59:55] MsgOut: Core 0 trigger successful at Tue Mar 31 15:59:55 2026
[Debug] [2026-3-31 15:59:55] Operation: ZoomFit
[Debug] [2026-3-31 15:59:55] Finish.
[Debug] [2026-3-31 15:59:55] [BusValue] Opt:Flush.
[Debug] [2026-3-31 15:59:55] [BusValue] Opt:Update.
[Info] [2026-3-31 15:59:55] MsgOut: COMMAND[run] execute successfully, takes 1.0 secs.
[Debug] [2026-3-31 15:59:55] COMMAND[run] execute successfully, takes 1.0 secs.
[Debug] [2026-3-31 15:59:57] Operation: ZoomOut
[Debug] [2026-3-31 15:59:57] Finish.
[Debug] [2026-3-31 15:59:57] Operation: ZoomOut
[Debug] [2026-3-31 15:59:57] Finish.
[Debug] [2026-3-31 15:59:57] Operation: ZoomOut
[Debug] [2026-3-31 15:59:57] Finish.
[Debug] [2026-3-31 15:59:57] Operation: ZoomOut
[Debug] [2026-3-31 15:59:57] Finish.
[Debug] [2026-3-31 15:59:58] Operation: ZoomOut
[Debug] [2026-3-31 15:59:58] Finish.
[Debug] [2026-3-31 15:59:58] Operation: ZoomOut
[Debug] [2026-3-31 15:59:58] Finish.
[Debug] [2026-3-31 15:59:58] Operation: ZoomOut
[Debug] [2026-3-31 15:59:58] Finish.
[Debug] [2026-3-31 16:00:01] Operation: ZoomOut
[Debug] [2026-3-31 16:00:01] Operation: ZoomOut
[Debug] [2026-3-31 16:00:01] Operation: ZoomOut
[Debug] [2026-3-31 16:00:14] Operation: Go to X cursor.
[Debug] [2026-3-31 16:00:14] Finish.
[Debug] [2026-3-31 16:00:19] Operation: Trigger.
[Debug] [2026-3-31 16:00:19] Log::Print : run
[Debug] [2026-3-31 16:00:19] Send RPC: 13.
[Debug] [2026-3-31 16:00:19] Send cmd [run:10003] OK
[Info] [2026-3-31 16:00:20] MsgOut: Core 0 trigger successful at Tue Mar 31 16:00:20 2026
[Debug] [2026-3-31 16:00:20] Operation: ZoomFit
[Debug] [2026-3-31 16:00:20] Finish.
[Debug] [2026-3-31 16:00:20] [BusValue] Opt:Flush.
[Debug] [2026-3-31 16:00:20] [BusValue] Opt:Update.
[Info] [2026-3-31 16:00:20] MsgOut: COMMAND[run] execute successfully, takes 1.0 secs.
[Debug] [2026-3-31 16:00:20] COMMAND[run] execute successfully, takes 1.0 secs.
[Debug] [2026-3-31 16:00:30] Operation: Zoom in.
[Debug] [2026-3-31 16:00:30] Finish.
[Debug] [2026-3-31 16:00:30] Operation: Zoom in.
[Debug] [2026-3-31 16:00:30] Finish.
[Debug] [2026-3-31 16:00:30] Operation: Zoom in.
[Debug] [2026-3-31 16:00:30] Finish.
[Debug] [2026-3-31 16:00:30] Operation: Zoom in.
[Debug] [2026-3-31 16:00:30] Finish.
[Debug] [2026-3-31 16:00:30] Operation: Zoom in.
[Debug] [2026-3-31 16:00:30] Finish.
[Debug] [2026-3-31 16:00:31] Operation: Zoom in.
[Debug] [2026-3-31 16:00:31] Finish.
[Debug] [2026-3-31 16:00:31] Operation: Zoom in.
[Debug] [2026-3-31 16:00:31] Finish.
[Debug] [2026-3-31 16:00:32] Operation: Zoom in.
[Debug] [2026-3-31 16:00:32] Finish.
[Debug] [2026-3-31 16:00:38] Operation: Trigger.
[Debug] [2026-3-31 16:00:38] Log::Print : run
[Debug] [2026-3-31 16:00:38] Send RPC: 14.
[Debug] [2026-3-31 16:00:38] Send cmd [run:10003] OK
[Info] [2026-3-31 16:00:39] MsgOut: Core 0 trigger successful at Tue Mar 31 16:00:39 2026
[Debug] [2026-3-31 16:00:39] Operation: ZoomFit
[Debug] [2026-3-31 16:00:39] Finish.
[Debug] [2026-3-31 16:00:39] [BusValue] Opt:Flush.
[Debug] [2026-3-31 16:00:39] [BusValue] Opt:Update.
[Info] [2026-3-31 16:00:39] MsgOut: COMMAND[run] execute successfully, takes 1.0 secs.
[Debug] [2026-3-31 16:00:39] COMMAND[run] execute successfully, takes 1.0 secs.
[Debug] [2026-3-31 16:00:42] Operation: Try to close window.
[Debug] [2026-3-31 16:00:42] /*************************** 2026-03-31 16:00:42  End ***************************/
[Debug] [2026-3-31 16:13:19] /*************************** 2026-03-31 16:13:19  Start ***************************/
[Debug] [2026-3-31 16:13:19] Path: C:/pango/PDS_2022.2-SP6.4/bin
[Debug] [2026-3-31 16:13:19] #Generated by Fabric Debugger (version 2022.2-SP6.4 build 146967) at Tue Mar 31 16:13:19 2026


[Info] [2026-3-31 16:13:20] MsgOut: Fabric Debugger Started.
[Debug] [2026-3-31 16:13:20] Main window show.
[Debug] [2026-3-31 16:13:22] Operation: Scan.
[Debug] [2026-3-31 16:13:22] Client Local host name:DESKTOP-VB8TKRO
[Debug] [2026-3-31 16:13:22] Client Local Address:2.0.0.1
[Debug] [2026-3-31 16:13:22] Client Local Address:210.77.26.220
[Debug] [2026-3-31 16:13:22] Client Local Address:192.168.44.1
[Debug] [2026-3-31 16:13:22] Client Local Address:192.168.176.1
[Debug] [2026-3-31 16:13:22] Server Address:127.0.0.1, Port:65420
[Info] [2026-3-31 16:13:22] MsgOut: Connecting to server[127.0.0.1 : 65420].
[Info] [2026-3-31 16:13:23] Connect OK, Server: 127.0.0.1  Port: 65420
[Info] [2026-3-31 16:13:23] MsgOut: Connect to server[127.0.0.1 : 65420] successfully.
[Debug] [2026-3-31 16:13:23] Finish.
[Debug] [2026-3-31 16:13:23] Log::Print : check version information
[Debug] [2026-3-31 16:13:23] Send RPC: 1.
[Debug] [2026-3-31 16:13:23] Send cmd [check version information:40004] OK
[Debug] [2026-3-31 16:13:23] Log::Print : get_cable_paras
[Debug] [2026-3-31 16:13:23] Send RPC: 2.
[Debug] [2026-3-31 16:13:23] Send cmd [get_cable_paras:40010] OK
[Debug] [2026-3-31 16:13:23] Log::Print : open_cable
[Debug] [2026-3-31 16:13:23] Send RPC: 3.
[Debug] [2026-3-31 16:13:23] Send cmd [open_cable:10001] OK
[Info] [2026-3-31 16:13:23] MsgOut: COMMAND[check version information] execute successfully, takes 0.4 secs.
[Debug] [2026-3-31 16:13:23] COMMAND[check version information] execute successfully, takes 0.4 secs.
[Info] [2026-3-31 16:13:24] MsgOut: The Cable List : 
Cable index 0:USB Cable II/fffffffffffffffe 

[Info] [2026-3-31 16:13:24] MsgOut: COMMAND[get_cable_paras] execute successfully, takes 1.1 secs.
[Debug] [2026-3-31 16:13:24] COMMAND[get_cable_paras] execute successfully, takes 1.1 secs.
[Info] [2026-3-31 16:13:25] MsgOut: PANGO USB CABLE II cable driver: D2XX DLL
[Info] [2026-3-31 16:13:27] MsgOut: COMMAND[open_cable] execute successfully, takes 3.5 secs.
[Debug] [2026-3-31 16:13:27] COMMAND[open_cable] execute successfully, takes 3.5 secs.
[Debug] [2026-3-31 16:13:31] Configure.
[Debug] [2026-3-31 16:13:35] Operation: Program.
[Debug] [2026-3-31 16:13:35] Log::Print : configure
[Debug] [2026-3-31 16:13:35] Send RPC: 4.
[Debug] [2026-3-31 16:13:35] Send cmd [configure:10002] OK
[Debug] [2026-3-31 16:13:36] The value is 6.
[Debug] [2026-3-31 16:13:36] The value is 10.
[Debug] [2026-3-31 16:13:37] The value is 15.
[Debug] [2026-3-31 16:13:37] The value is 20.
[Debug] [2026-3-31 16:13:37] The value is 25.
[Debug] [2026-3-31 16:13:38] The value is 30.
[Debug] [2026-3-31 16:13:38] The value is 35.
[Debug] [2026-3-31 16:13:39] The value is 40.
[Debug] [2026-3-31 16:13:39] The value is 45.
[Debug] [2026-3-31 16:13:39] The value is 50.
[Debug] [2026-3-31 16:13:40] The value is 55.
[Debug] [2026-3-31 16:13:40] The value is 60.
[Debug] [2026-3-31 16:13:41] The value is 65.
[Debug] [2026-3-31 16:13:41] The value is 70.
[Debug] [2026-3-31 16:13:41] The value is 75.
[Debug] [2026-3-31 16:13:42] The value is 80.
[Debug] [2026-3-31 16:13:42] The value is 85.
[Debug] [2026-3-31 16:13:42] The value is 90.
[Debug] [2026-3-31 16:13:43] The value is 95.
[Debug] [2026-3-31 16:13:43] The value is 100.
[Debug] [2026-3-31 16:13:45] [BusValue] Opt:Add.
[Debug] [2026-3-31 16:13:45] [BusValue] Opt:Add.
[Debug] [2026-3-31 16:13:45] [BusValue] Opt:Add.
[Debug] [2026-3-31 16:13:45] [BusValue] Opt:Add.
[Debug] [2026-3-31 16:13:45] [BusValue] Opt:Add.
[Info] [2026-3-31 16:13:45] MsgOut: COMMAND[configure] execute successfully, takes 9.7 secs.
[Debug] [2026-3-31 16:13:45] COMMAND[configure] execute successfully, takes 9.7 secs.
[Debug] [2026-3-31 16:13:45] Log::Print : Import Core: 0 OK
[Debug] [2026-3-31 16:14:22] Operation: Trigger.
[Debug] [2026-3-31 16:14:22] Log::Print : run
[Debug] [2026-3-31 16:14:22] Send RPC: 5.
[Debug] [2026-3-31 16:14:22] Send cmd [run:10003] OK
[Info] [2026-3-31 16:14:22] MsgOut: Core 0 trigger successful at Tue Mar 31 16:14:22 2026
[Debug] [2026-3-31 16:14:23] Operation: ZoomFit
[Debug] [2026-3-31 16:14:23] Finish.
[Debug] [2026-3-31 16:14:23] [BusValue] Opt:Flush.
[Debug] [2026-3-31 16:14:23] [BusValue] Opt:Update.
[Info] [2026-3-31 16:14:23] MsgOut: COMMAND[run] execute successfully, takes 1.1 secs.
[Debug] [2026-3-31 16:14:23] COMMAND[run] execute successfully, takes 1.1 secs.
[Debug] [2026-3-31 16:14:25] Operation: Go to X cursor.
[Debug] [2026-3-31 16:14:25] Finish.
[Debug] [2026-3-31 16:14:27] Operation: Zoom in.
[Debug] [2026-3-31 16:14:27] Finish.
[Debug] [2026-3-31 16:14:27] Operation: Zoom in.
[Debug] [2026-3-31 16:14:27] Finish.
[Debug] [2026-3-31 16:14:28] Operation: Zoom in.
[Debug] [2026-3-31 16:14:28] Finish.
[Debug] [2026-3-31 16:14:28] Operation: Zoom in.
[Debug] [2026-3-31 16:14:28] Finish.
[Debug] [2026-3-31 16:14:28] Operation: Zoom in.
[Debug] [2026-3-31 16:14:28] Finish.
[Debug] [2026-3-31 16:14:30] Operation: Zoom in.
[Debug] [2026-3-31 16:14:30] Finish.
[Debug] [2026-3-31 16:14:40] Operation: Trigger.
[Debug] [2026-3-31 16:14:40] Log::Print : run
[Debug] [2026-3-31 16:14:40] Send RPC: 6.
[Debug] [2026-3-31 16:14:40] Send cmd [run:10003] OK
[Info] [2026-3-31 16:14:53] MsgOut: Core 0 trigger successful at Tue Mar 31 16:14:53 2026
[Debug] [2026-3-31 16:14:53] Operation: ZoomFit
[Debug] [2026-3-31 16:14:53] Finish.
[Debug] [2026-3-31 16:14:53] [BusValue] Opt:Flush.
[Debug] [2026-3-31 16:14:53] [BusValue] Opt:Update.
[Info] [2026-3-31 16:14:53] MsgOut: COMMAND[run] execute successfully, takes 13.2 secs.
[Debug] [2026-3-31 16:14:53] COMMAND[run] execute successfully, takes 13.2 secs.
[Debug] [2026-3-31 16:15:41] Operation: Zoom in.
[Debug] [2026-3-31 16:15:41] Finish.
[Debug] [2026-3-31 16:15:41] Operation: Zoom in.
[Debug] [2026-3-31 16:15:41] Finish.
[Debug] [2026-3-31 16:15:42] Operation: ZoomOut
[Debug] [2026-3-31 16:15:42] Finish.
[Debug] [2026-3-31 16:15:46] Operation: ZoomOut
[Debug] [2026-3-31 16:15:46] Finish.
[Debug] [2026-3-31 16:15:47] Operation: ZoomOut
[Debug] [2026-3-31 16:15:47] Finish.
[Debug] [2026-3-31 16:15:47] Operation: ZoomOut
[Debug] [2026-3-31 16:15:47] Finish.
[Debug] [2026-3-31 16:15:47] Operation: ZoomOut
[Debug] [2026-3-31 16:15:47] Finish.
[Debug] [2026-3-31 16:15:48] Operation: Zoom in.
[Debug] [2026-3-31 16:15:48] Finish.
[Debug] [2026-3-31 16:15:48] Operation: Zoom in.
[Debug] [2026-3-31 16:15:48] Finish.
[Debug] [2026-3-31 16:15:48] Operation: Zoom in.
[Debug] [2026-3-31 16:15:48] Finish.
[Debug] [2026-3-31 16:15:48] Operation: Zoom in.
[Debug] [2026-3-31 16:15:48] Finish.
[Debug] [2026-3-31 16:15:49] Operation: ZoomOut
[Debug] [2026-3-31 16:15:49] Finish.
[Debug] [2026-3-31 16:15:49] Operation: Zoom in.
[Debug] [2026-3-31 16:15:49] Finish.
[Debug] [2026-3-31 16:16:03] Operation: Trigger.
[Debug] [2026-3-31 16:16:03] Log::Print : run
[Debug] [2026-3-31 16:16:03] Send RPC: 7.
[Debug] [2026-3-31 16:16:03] Send cmd [run:10003] OK
[Info] [2026-3-31 16:16:04] MsgOut: Core 0 trigger successful at Tue Mar 31 16:16:04 2026
[Debug] [2026-3-31 16:16:04] Operation: ZoomFit
[Debug] [2026-3-31 16:16:04] Finish.
[Debug] [2026-3-31 16:16:04] [BusValue] Opt:Flush.
[Debug] [2026-3-31 16:16:04] [BusValue] Opt:Update.
[Info] [2026-3-31 16:16:04] MsgOut: COMMAND[run] execute successfully, takes 1.0 secs.
[Debug] [2026-3-31 16:16:04] COMMAND[run] execute successfully, takes 1.0 secs.
[Debug] [2026-3-31 16:16:06] Operation: ZoomOut
[Debug] [2026-3-31 16:16:06] Finish.
[Debug] [2026-3-31 16:16:06] Operation: ZoomOut
[Debug] [2026-3-31 16:16:06] Finish.
[Debug] [2026-3-31 16:16:06] Operation: ZoomOut
[Debug] [2026-3-31 16:16:06] Finish.
[Debug] [2026-3-31 16:16:06] Operation: ZoomOut
[Debug] [2026-3-31 16:16:06] Finish.
[Debug] [2026-3-31 16:16:06] Operation: ZoomOut
[Debug] [2026-3-31 16:16:06] Finish.
[Debug] [2026-3-31 16:16:06] Operation: ZoomOut
[Debug] [2026-3-31 16:16:06] Finish.
[Debug] [2026-3-31 16:16:07] Operation: ZoomOut
[Debug] [2026-3-31 16:16:07] Finish.
[Debug] [2026-3-31 16:16:07] Operation: ZoomOut
[Debug] [2026-3-31 16:16:07] Finish.
[Debug] [2026-3-31 16:16:07] Operation: ZoomOut
[Debug] [2026-3-31 16:16:07] Finish.
[Debug] [2026-3-31 16:16:07] Operation: ZoomOut
[Debug] [2026-3-31 16:16:07] Finish.
[Debug] [2026-3-31 16:16:07] Operation: ZoomOut
[Debug] [2026-3-31 16:16:08] Operation: Zoom in.
[Debug] [2026-3-31 16:16:08] Finish.
[Debug] [2026-3-31 16:16:09] Operation: Zoom in.
[Debug] [2026-3-31 16:16:09] Finish.
[Debug] [2026-3-31 16:16:09] Operation: Zoom in.
[Debug] [2026-3-31 16:16:09] Finish.
[Debug] [2026-3-31 16:16:09] Operation: Zoom in.
[Debug] [2026-3-31 16:16:09] Finish.
[Debug] [2026-3-31 16:16:09] Operation: Zoom in.
[Debug] [2026-3-31 16:16:09] Finish.
[Debug] [2026-3-31 16:16:10] Operation: Zoom in.
[Debug] [2026-3-31 16:16:10] Finish.
[Debug] [2026-3-31 16:16:10] Operation: Zoom in.
[Debug] [2026-3-31 16:16:10] Finish.
[Debug] [2026-3-31 16:16:10] Operation: Zoom in.
[Debug] [2026-3-31 16:16:10] Finish.
[Debug] [2026-3-31 16:16:10] Operation: Zoom in.
[Debug] [2026-3-31 16:16:10] Finish.
[Debug] [2026-3-31 16:16:10] Operation: Zoom in.
[Debug] [2026-3-31 16:16:10] Finish.
[Debug] [2026-3-31 16:16:14] Operation: Trigger.
[Debug] [2026-3-31 16:16:14] Log::Print : run
[Debug] [2026-3-31 16:16:14] Send RPC: 8.
[Debug] [2026-3-31 16:16:14] Send cmd [run:10003] OK
[Info] [2026-3-31 16:16:15] MsgOut: Core 0 trigger successful at Tue Mar 31 16:16:15 2026
[Debug] [2026-3-31 16:16:15] Operation: ZoomFit
[Debug] [2026-3-31 16:16:15] Finish.
[Debug] [2026-3-31 16:16:15] [BusValue] Opt:Flush.
[Debug] [2026-3-31 16:16:15] [BusValue] Opt:Update.
[Info] [2026-3-31 16:16:15] MsgOut: COMMAND[run] execute successfully, takes 1.0 secs.
[Debug] [2026-3-31 16:16:15] COMMAND[run] execute successfully, takes 1.0 secs.
[Debug] [2026-3-31 16:16:20] Operation: ZoomOut
[Debug] [2026-3-31 16:16:20] Finish.
[Debug] [2026-3-31 16:16:21] Operation: ZoomOut
[Debug] [2026-3-31 16:16:21] Finish.
[Debug] [2026-3-31 16:16:21] Operation: ZoomOut
[Debug] [2026-3-31 16:16:21] Finish.
[Debug] [2026-3-31 16:16:22] Operation: Zoom in.
[Debug] [2026-3-31 16:16:22] Finish.
[Debug] [2026-3-31 16:16:22] Operation: Zoom in.
[Debug] [2026-3-31 16:16:22] Finish.
[Debug] [2026-3-31 16:16:30] Operation: Trigger.
[Debug] [2026-3-31 16:16:30] Log::Print : run
[Debug] [2026-3-31 16:16:30] Send RPC: 9.
[Debug] [2026-3-31 16:16:30] Send cmd [run:10003] OK
[Info] [2026-3-31 16:16:30] MsgOut: Core 0 trigger successful at Tue Mar 31 16:16:30 2026
[Debug] [2026-3-31 16:16:31] Operation: ZoomFit
[Debug] [2026-3-31 16:16:31] Finish.
[Debug] [2026-3-31 16:16:31] [BusValue] Opt:Flush.
[Debug] [2026-3-31 16:16:31] [BusValue] Opt:Update.
[Info] [2026-3-31 16:16:31] MsgOut: COMMAND[run] execute successfully, takes 1.1 secs.
[Debug] [2026-3-31 16:16:31] COMMAND[run] execute successfully, takes 1.1 secs.
[Debug] [2026-3-31 16:16:38] Operation: Trigger.
[Debug] [2026-3-31 16:16:38] Log::Print : run
[Debug] [2026-3-31 16:16:38] Send RPC: 10.
[Debug] [2026-3-31 16:16:38] Send cmd [run:10003] OK
[Info] [2026-3-31 16:16:39] MsgOut: Core 0 trigger successful at Tue Mar 31 16:16:39 2026
[Debug] [2026-3-31 16:16:39] Operation: ZoomFit
[Debug] [2026-3-31 16:16:39] Finish.
[Debug] [2026-3-31 16:16:39] [BusValue] Opt:Flush.
[Debug] [2026-3-31 16:16:39] [BusValue] Opt:Update.
[Info] [2026-3-31 16:16:39] MsgOut: COMMAND[run] execute successfully, takes 1.0 secs.
[Debug] [2026-3-31 16:16:39] COMMAND[run] execute successfully, takes 1.0 secs.
[Debug] [2026-3-31 16:16:42] Operation: Trigger.
[Debug] [2026-3-31 16:16:42] Log::Print : run
[Debug] [2026-3-31 16:16:42] Send RPC: 11.
[Debug] [2026-3-31 16:16:42] Send cmd [run:10003] OK
[Info] [2026-3-31 16:16:43] MsgOut: Core 0 trigger successful at Tue Mar 31 16:16:43 2026
[Debug] [2026-3-31 16:16:43] Operation: ZoomFit
[Debug] [2026-3-31 16:16:43] Finish.
[Debug] [2026-3-31 16:16:43] [BusValue] Opt:Flush.
[Debug] [2026-3-31 16:16:43] [BusValue] Opt:Update.
[Info] [2026-3-31 16:16:43] MsgOut: COMMAND[run] execute successfully, takes 1.0 secs.
[Debug] [2026-3-31 16:16:43] COMMAND[run] execute successfully, takes 1.0 secs.
[Debug] [2026-3-31 16:19:01] Operation: Trigger.
[Debug] [2026-3-31 16:19:01] Log::Print : run
[Debug] [2026-3-31 16:19:01] Send RPC: 12.
[Debug] [2026-3-31 16:19:01] Send cmd [run:10003] OK
[Info] [2026-3-31 16:19:02] MsgOut: Core 0 trigger successful at Tue Mar 31 16:19:02 2026
[Debug] [2026-3-31 16:19:02] Operation: ZoomFit
[Debug] [2026-3-31 16:19:02] Finish.
[Debug] [2026-3-31 16:19:02] [BusValue] Opt:Flush.
[Debug] [2026-3-31 16:19:02] [BusValue] Opt:Update.
[Info] [2026-3-31 16:19:02] MsgOut: COMMAND[run] execute successfully, takes 1.1 secs.
[Debug] [2026-3-31 16:19:02] COMMAND[run] execute successfully, takes 1.1 secs.
[Debug] [2026-3-31 16:19:08] Operation: ZoomOut
[Debug] [2026-3-31 16:19:08] Finish.
[Debug] [2026-3-31 16:19:12] Operation: ZoomOut
[Debug] [2026-3-31 16:19:12] Finish.
[Debug] [2026-3-31 16:19:13] Operation: Zoom in.
[Debug] [2026-3-31 16:19:13] Finish.
[Debug] [2026-3-31 16:19:13] Operation: Zoom in.
[Debug] [2026-3-31 16:19:13] Finish.
[Debug] [2026-3-31 16:19:37] Operation: Trigger.
[Debug] [2026-3-31 16:19:37] Log::Print : run
[Debug] [2026-3-31 16:19:37] Send RPC: 13.
[Debug] [2026-3-31 16:19:37] Send cmd [run:10003] OK
[Info] [2026-3-31 16:19:38] MsgOut: Core 0 trigger successful at Tue Mar 31 16:19:38 2026
[Debug] [2026-3-31 16:19:38] Operation: ZoomFit
[Debug] [2026-3-31 16:19:38] Finish.
[Debug] [2026-3-31 16:19:38] [BusValue] Opt:Flush.
[Debug] [2026-3-31 16:19:38] [BusValue] Opt:Update.
[Info] [2026-3-31 16:19:39] MsgOut: COMMAND[run] execute successfully, takes 1.0 secs.
[Debug] [2026-3-31 16:19:39] COMMAND[run] execute successfully, takes 1.0 secs.
[Debug] [2026-3-31 16:20:27] Operation: Trigger.
[Debug] [2026-3-31 16:20:27] Log::Print : run
[Debug] [2026-3-31 16:20:27] Send RPC: 14.
[Debug] [2026-3-31 16:20:27] Send cmd [run:10003] OK
[Debug] [2026-3-31 16:21:02] Operation: Stop trigger.
[Debug] [2026-3-31 16:21:02] Log::Print : stop
[Debug] [2026-3-31 16:21:02] Send RPC: 15.
[Debug] [2026-3-31 16:21:02] Send cmd [stop:10010] OK
[Info] [2026-3-31 16:21:02] MsgOut: COMMAND[stop] execute successfully, takes 0.0 secs.
[Debug] [2026-3-31 16:21:02] COMMAND[stop] execute successfully, takes 0.0 secs.
[Error] [2026-3-31 16:21:03] Fail to exec trigger command.
[Warn] [2026-3-31 16:21:03] cmdid:10003 HandleWarnExec msg:Core 0 is stopped by user
[Debug] [2026-3-31 16:21:03] HandleErrorExec run Show Core:
[Debug] [2026-3-31 16:21:03] /******************** Core Information *************************/
[Debug] [2026-3-31 16:21:03] Core basic info: 
[Debug] [2026-3-31 16:21:03] 	Core version: 0x9001f003
[Debug] [2026-3-31 16:21:03] 	Index: 0
[Debug] [2026-3-31 16:21:03] 	Name: MyFLA0
[Debug] [2026-3-31 16:21:03] 	Core type: 
[Debug] [2026-3-31 16:21:03] 	Data same as trigger: true
[Debug] [2026-3-31 16:21:03] 	Storage qualification: false
[Debug] [2026-3-31 16:21:03] 	Max data depth: 1000
[Debug] [2026-3-31 16:21:03] 	Sample data width: 31
[Debug] [2026-3-31 16:21:03] 	Trigger sequencer level: 1
[Debug] [2026-3-31 16:21:03] 	Trigger output enabled: false
[Debug] [2026-3-31 16:21:03] 	Multi windows enabled: false
[Debug] [2026-3-31 16:21:03] 	Reset wave property status: false
[Debug] [2026-3-31 16:21:03] Core Property: 
[Debug] [2026-3-31 16:21:03] 	Core version: 0x9001f003
[Debug] [2026-3-31 16:21:03] 	Index: 0
[Debug] [2026-3-31 16:21:03] 	Core type: 
[Debug] [2026-3-31 16:21:03] 	Data same as trigger: true
[Debug] [2026-3-31 16:21:03] 	Storage qualification: false
[Debug] [2026-3-31 16:21:03] 	Trigger output enabled: false
[Debug] [2026-3-31 16:21:03] 	Multi windows enabled: false
[Debug] [2026-3-31 16:21:03] 	Max data depth: 1000
[Debug] [2026-3-31 16:21:03] 	Sample data width: 31
[Debug] [2026-3-31 16:21:03] 	Trigger sequencer level: 1
[Debug] [2026-3-31 16:21:03] 	Channel num		Match unit num		Match unit type		Counter width		Port is data
[Debug] [2026-3-31 16:21:03] 	Trigger port 0 : 	31	3	1	0	true
[Debug] [2026-3-31 16:21:03] Signals Property: 
[Debug] [2026-3-31 16:21:03] 	Window num: 1
[Debug] [2026-3-31 16:21:03] 	Samples num in window: 1000
[Debug] [2026-3-31 16:21:03] 	Trigger time in window: 800
[Debug] [2026-3-31 16:21:03] 	Samples num: 1000
[Debug] [2026-3-31 16:21:03] 	Negative time: true
[Debug] [2026-3-31 16:21:03] 	Signal type: 0
[Debug] [2026-3-31 16:21:03] 	Total trigger position: 1
[Debug] [2026-3-31 16:21:03] Storage Style Property: 
[Debug] [2026-3-31 16:21:03] 	Style type: 0
[Debug] [2026-3-31 16:21:03] 	Windows num: 1
[Debug] [2026-3-31 16:21:03] 	Depth per window: 1000
[Debug] [2026-3-31 16:21:03] 	Window position: 800
[Debug] [2026-3-31 16:21:03] 	Samples per trigger: 1000
[Debug] [2026-3-31 16:21:03] 	Storage qualification: All Data
[Debug] [2026-3-31 16:21:03] Data Port: 
[Debug] [2026-3-31 16:21:03] 	Max depth: 0
[Debug] [2026-3-31 16:21:03] 	Depth: 0
[Debug] [2026-3-31 16:21:03] Trigger Port: 
[Debug] [2026-3-31 16:21:03] Trigger Port 0 :
[Debug] [2026-3-31 16:21:03] 	Port index: 0
[Debug] [2026-3-31 16:21:03] 	Match type: 1
[Debug] [2026-3-31 16:21:03] 	Counter width: 0
[Debug] [2026-3-31 16:21:03] 	Is data: true
[Debug] [2026-3-31 16:21:03] Match Unit: 
[Debug] [2026-3-31 16:21:03] Match Unit 0 :
[Debug] [2026-3-31 16:21:03] 	Trigger port index: 0
[Debug] [2026-3-31 16:21:03] 	Value: XXXXXXXXXXXXXXXXXXXXXXXXXXXXXXXXXXXXXXXXXXXXXXX1X
[Debug] [2026-3-31 16:21:03] 	Index: 0
[Debug] [2026-3-31 16:21:03] 	Function: 0
[Debug] [2026-3-31 16:21:03] 	Radix: 
[Debug] [2026-3-31 16:21:03] 	Counter match event: 0
[Debug] [2026-3-31 16:21:03] 	Counter cycles: 1
[Debug] [2026-3-31 16:21:03] 	Trigger output enabled: true
[Debug] [2026-3-31 16:21:03] 	Range form : 0000000000000000000000000000000000000000000000000 to 0000000000000000000000000000000000000000000000000
[Debug] [2026-3-31 16:21:03] 	Is tp need deleted: false
[Debug] [2026-3-31 16:21:03] Match Unit 1 :
[Debug] [2026-3-31 16:21:03] 	Trigger port index: 0
[Debug] [2026-3-31 16:21:03] 	Value: XXXXXXXXXXXXXXXXXXXXXXXXXXXXXXXXXXXXXXXXXXXXXXXXX
[Debug] [2026-3-31 16:21:03] 	Index: 1
[Debug] [2026-3-31 16:21:03] 	Function: 0
[Debug] [2026-3-31 16:21:03] 	Radix: 
[Debug] [2026-3-31 16:21:03] 	Counter match event: 0
[Debug] [2026-3-31 16:21:03] 	Counter cycles: 1
[Debug] [2026-3-31 16:21:03] 	Trigger output enabled: true
[Debug] [2026-3-31 16:21:03] 	Range form : 0000000000000000000000000000000000000000000000000 to 0000000000000000000000000000000000000000000000000
[Debug] [2026-3-31 16:21:03] 	Is tp need deleted: false
[Debug] [2026-3-31 16:21:03] Match Unit 2 :
[Debug] [2026-3-31 16:21:03] 	Trigger port index: 0
[Debug] [2026-3-31 16:21:03] 	Value: XXXXXXXXXXXXXXXXXXXXXXXXXXXXXXXXXXXXXXXXXXXXXXXXX
[Debug] [2026-3-31 16:21:03] 	Index: 2
[Debug] [2026-3-31 16:21:03] 	Function: 0
[Debug] [2026-3-31 16:21:03] 	Radix: 
[Debug] [2026-3-31 16:21:03] 	Counter match event: 0
[Debug] [2026-3-31 16:21:03] 	Counter cycles: 1
[Debug] [2026-3-31 16:21:03] 	Trigger output enabled: true
[Debug] [2026-3-31 16:21:03] 	Range form : 0000000000000000000000000000000000000000000000000 to 0000000000000000000000000000000000000000000000000
[Debug] [2026-3-31 16:21:03] 	Is tp need deleted: false
[Debug] [2026-3-31 16:21:03] Bus: 
[Debug] [2026-3-31 16:21:03] Bus 0 :
[Debug] [2026-3-31 16:21:03] 	box_wr_data
[Debug] [2026-3-31 16:21:03] Channel Index 0 :	Data Port: 2	Channel name: box_wr_data[0]
[Debug] [2026-3-31 16:21:03] Channel Index 1 :	Data Port: 3	Channel name: box_wr_data[1]
[Debug] [2026-3-31 16:21:03] Channel Index 2 :	Data Port: 4	Channel name: box_wr_data[2]
[Debug] [2026-3-31 16:21:03] Channel Index 3 :	Data Port: 5	Channel name: box_wr_data[3]
[Debug] [2026-3-31 16:21:03] Channel Index 4 :	Data Port: 6	Channel name: box_wr_data[4]
[Debug] [2026-3-31 16:21:03] Channel Index 5 :	Data Port: 7	Channel name: box_wr_data[5]
[Debug] [2026-3-31 16:21:03] Channel Index 6 :	Data Port: 8	Channel name: box_wr_data[6]
[Debug] [2026-3-31 16:21:03] Channel Index 7 :	Data Port: 9	Channel name: box_wr_data[7]
[Debug] [2026-3-31 16:21:03] Channel Index 8 :	Data Port: a	Channel name: box_wr_data[8]
[Debug] [2026-3-31 16:21:03] Channel Index 9 :	Data Port: b	Channel name: box_wr_data[9]
[Debug] [2026-3-31 16:21:03] Channel Index a :	Data Port: c	Channel name: box_wr_data[10]
[Debug] [2026-3-31 16:21:03] Channel Index b :	Data Port: d	Channel name: box_wr_data[11]
[Debug] [2026-3-31 16:21:03] Channel Index c :	Data Port: e	Channel name: box_wr_data[12]
[Debug] [2026-3-31 16:21:03] Channel Index d :	Data Port: f	Channel name: box_wr_data[13]
[Debug] [2026-3-31 16:21:03] Channel Index e :	Data Port: 10	Channel name: box_wr_data[16]
[Debug] [2026-3-31 16:21:03] Channel Index f :	Data Port: 11	Channel name: box_wr_data[17]
[Debug] [2026-3-31 16:21:03] Channel Index 10 :	Data Port: 12	Channel name: box_wr_data[18]
[Debug] [2026-3-31 16:21:03] Channel Index 11 :	Data Port: 13	Channel name: box_wr_data[19]
[Debug] [2026-3-31 16:21:03] Channel Index 12 :	Data Port: 14	Channel name: box_wr_data[20]
[Debug] [2026-3-31 16:21:03] Channel Index 13 :	Data Port: 15	Channel name: box_wr_data[21]
[Debug] [2026-3-31 16:21:03] Channel Index 14 :	Data Port: 16	Channel name: box_wr_data[22]
[Debug] [2026-3-31 16:21:03] Channel Index 15 :	Data Port: 17	Channel name: box_wr_data[24]
[Debug] [2026-3-31 16:21:03] Channel Index 16 :	Data Port: 18	Channel name: box_wr_data[25]
[Debug] [2026-3-31 16:21:03] Channel Index 17 :	Data Port: 19	Channel name: box_wr_data[26]
[Debug] [2026-3-31 16:21:03] Channel Index 18 :	Data Port: 1a	Channel name: box_wr_data[27]
[Debug] [2026-3-31 16:21:03] Channel Index 19 :	Data Port: 1b	Channel name: box_wr_data[28]
[Debug] [2026-3-31 16:21:03] Bus 1 :
[Debug] [2026-3-31 16:21:03] 	u_box_overlay_sync/box_cls[0]
[Debug] [2026-3-31 16:21:03] Channel Index 0 :	Data Port: 1c	Channel name: u_box_overlay_sync/box_cls[0][0]
[Debug] [2026-3-31 16:21:03] Channel Index 1 :	Data Port: 1d	Channel name: u_box_overlay_sync/box_cls[0][1]
[Debug] [2026-3-31 16:21:03] Channel Index 2 :	Data Port: 1e	Channel name: u_box_overlay_sync/box_cls[0][2]
[Debug] [2026-3-31 16:21:03] Channel Index 3 :	Data Port: 1f	Channel name: u_box_overlay_sync/box_cls[0][3]
[Debug] [2026-3-31 16:21:03] Channel Index 4 :	Data Port: 20	Channel name: u_box_overlay_sync/box_cls[0][4]
[Debug] [2026-3-31 16:21:03] Bus 2 :
[Debug] [2026-3-31 16:21:03] 	u_box_overlay_sync/box_cls[1]
[Debug] [2026-3-31 16:21:03] Channel Index 0 :	Data Port: 21	Channel name: u_box_overlay_sync/box_cls[1][0]
[Debug] [2026-3-31 16:21:03] Channel Index 1 :	Data Port: 22	Channel name: u_box_overlay_sync/box_cls[1][1]
[Debug] [2026-3-31 16:21:03] Channel Index 2 :	Data Port: 23	Channel name: u_box_overlay_sync/box_cls[1][2]
[Debug] [2026-3-31 16:21:03] Channel Index 3 :	Data Port: 24	Channel name: u_box_overlay_sync/box_cls[1][3]
[Debug] [2026-3-31 16:21:03] Channel Index 4 :	Data Port: 25	Channel name: u_box_overlay_sync/box_cls[1][4]
[Debug] [2026-3-31 16:21:03] Bus 3 :
[Debug] [2026-3-31 16:21:03] 	u_box_overlay_sync/box_cls[2]
[Debug] [2026-3-31 16:21:03] Channel Index 0 :	Data Port: 26	Channel name: u_box_overlay_sync/box_cls[2][0]
[Debug] [2026-3-31 16:21:03] Channel Index 1 :	Data Port: 27	Channel name: u_box_overlay_sync/box_cls[2][1]
[Debug] [2026-3-31 16:21:03] Channel Index 2 :	Data Port: 28	Channel name: u_box_overlay_sync/box_cls[2][2]
[Debug] [2026-3-31 16:21:03] Channel Index 3 :	Data Port: 29	Channel name: u_box_overlay_sync/box_cls[2][3]
[Debug] [2026-3-31 16:21:03] Channel Index 4 :	Data Port: 2a	Channel name: u_box_overlay_sync/box_cls[2][4]
[Debug] [2026-3-31 16:21:03] Bus 4 :
[Debug] [2026-3-31 16:21:03] 	u_box_overlay_sync/box_cls[3]
[Debug] [2026-3-31 16:21:03] Channel Index 0 :	Data Port: 2b	Channel name: u_box_overlay_sync/box_cls[3][0]
[Debug] [2026-3-31 16:21:03] Channel Index 1 :	Data Port: 2c	Channel name: u_box_overlay_sync/box_cls[3][1]
[Debug] [2026-3-31 16:21:03] Channel Index 2 :	Data Port: 2d	Channel name: u_box_overlay_sync/box_cls[3][2]
[Debug] [2026-3-31 16:21:03] Channel Index 3 :	Data Port: 2e	Channel name: u_box_overlay_sync/box_cls[3][3]
[Debug] [2026-3-31 16:21:03] Channel Index 4 :	Data Port: 2f	Channel name: u_box_overlay_sync/box_cls[3][4]
[Debug] [2026-3-31 16:21:03] Trigger Condition: 
[Debug] [2026-3-31 16:21:03] Trigger Condition 0 :
[Debug] [2026-3-31 16:21:03] 	Is active: true
[Debug] [2026-3-31 16:21:03] 	Name: TriggerCondition0
[Debug] [2026-3-31 16:21:03] 	Equation: TU0
[Debug] [2026-3-31 16:21:03] 	Output enable type: 0
[Debug] [2026-3-31 16:21:03] 	Trigger condition type: 0
[Debug] [2026-3-31 16:21:03] 	Use contiguous match event: false
[Debug] [2026-3-31 16:21:03] /**************************************************************/
[Warn] [2026-3-31 16:21:03] MsgOut: Core 0 is stopped by user
[Error] [2026-3-31 16:21:03] MsgOut: Debugger-0006: Command run exec unsuccessfully.
[Debug] [2026-3-31 16:21:12] Operation: Trigger.
[Debug] [2026-3-31 16:21:12] Log::Print : run
[Debug] [2026-3-31 16:21:12] Send RPC: 10.
[Debug] [2026-3-31 16:21:12] Send cmd [run:2713] OK
[Info] [2026-3-31 16:21:13] MsgOut: Core 0 trigger successful at Tue Mar 31 16:21:13 2026
[Debug] [2026-3-31 16:21:13] Operation: ZoomFit
[Debug] [2026-3-31 16:21:13] Finish.
[Debug] [2026-3-31 16:21:13] [BusValue] Opt:Flush.
[Debug] [2026-3-31 16:21:13] [BusValue] Opt:Update.
[Info] [2026-3-31 16:21:13] MsgOut: COMMAND[run] execute successfully, takes 1.0 secs.
[Debug] [2026-3-31 16:21:13] COMMAND[run] execute successfully, takes 1.0 secs.
[Debug] [2026-3-31 16:21:17] Operation: Go to X cursor.
[Debug] [2026-3-31 16:21:17] Finish.
[Debug] [2026-3-31 16:21:20] Operation: ZoomOut
[Debug] [2026-3-31 16:21:20] Finish.
[Debug] [2026-3-31 16:21:20] Operation: ZoomOut
[Debug] [2026-3-31 16:21:20] Finish.
[Debug] [2026-3-31 16:21:20] Operation: ZoomOut
[Debug] [2026-3-31 16:21:20] Finish.
[Debug] [2026-3-31 16:21:20] Operation: ZoomOut
[Debug] [2026-3-31 16:21:20] Finish.
[Debug] [2026-3-31 16:21:20] Operation: ZoomOut
[Debug] [2026-3-31 16:21:20] Finish.
[Debug] [2026-3-31 16:21:20] Operation: ZoomOut
[Debug] [2026-3-31 16:21:20] Finish.
[Debug] [2026-3-31 16:21:20] Operation: ZoomOut
[Debug] [2026-3-31 16:21:20] Finish.
[Debug] [2026-3-31 16:21:20] Operation: ZoomOut
[Debug] [2026-3-31 16:21:20] Finish.
[Debug] [2026-3-31 16:21:21] Operation: ZoomOut
[Debug] [2026-3-31 16:21:21] Finish.
[Debug] [2026-3-31 16:21:21] Operation: ZoomOut
[Debug] [2026-3-31 16:21:21] Operation: ZoomOut
[Debug] [2026-3-31 16:21:21] Operation: ZoomOut
[Debug] [2026-3-31 16:21:21] Operation: ZoomOut
[Debug] [2026-3-31 16:21:27] Operation: Trigger.
[Debug] [2026-3-31 16:21:27] Log::Print : run
[Debug] [2026-3-31 16:21:27] Send RPC: 11.
[Debug] [2026-3-31 16:21:27] Send cmd [run:2713] OK
[Info] [2026-3-31 16:21:28] MsgOut: Core 0 trigger successful at Tue Mar 31 16:21:28 2026
[Debug] [2026-3-31 16:21:28] Operation: ZoomFit
[Debug] [2026-3-31 16:21:28] Finish.
[Debug] [2026-3-31 16:21:28] [BusValue] Opt:Flush.
[Debug] [2026-3-31 16:21:28] [BusValue] Opt:Update.
[Info] [2026-3-31 16:21:28] MsgOut: COMMAND[run] execute successfully, takes 1.0 secs.
[Debug] [2026-3-31 16:21:28] COMMAND[run] execute successfully, takes 1.0 secs.
[Debug] [2026-3-31 16:21:30] Operation: ZoomOut
[Debug] [2026-3-31 16:21:30] Operation: Zoom in.
[Debug] [2026-3-31 16:21:30] Finish.
[Debug] [2026-3-31 16:21:31] Operation: Zoom in.
[Debug] [2026-3-31 16:21:31] Finish.
[Debug] [2026-3-31 16:21:31] Operation: Zoom in.
[Debug] [2026-3-31 16:21:31] Finish.
[Debug] [2026-3-31 16:21:31] Operation: Zoom in.
[Debug] [2026-3-31 16:21:31] Finish.
[Debug] [2026-3-31 16:21:32] Operation: Zoom in.
[Debug] [2026-3-31 16:21:32] Finish.
[Debug] [2026-3-31 16:21:32] Operation: Zoom in.
[Debug] [2026-3-31 16:21:32] Finish.
[Debug] [2026-3-31 16:21:32] Operation: Zoom in.
[Debug] [2026-3-31 16:21:32] Finish.
[Debug] [2026-3-31 16:21:33] Operation: Zoom in.
[Debug] [2026-3-31 16:21:33] Finish.
[Debug] [2026-3-31 16:21:33] Operation: Zoom in.
[Debug] [2026-3-31 16:21:33] Finish.
[Debug] [2026-3-31 16:21:33] Operation: ZoomOut
[Debug] [2026-3-31 16:21:33] Finish.
[Debug] [2026-3-31 16:21:33] Operation: ZoomOut
[Debug] [2026-3-31 16:21:33] Finish.
[Debug] [2026-3-31 16:21:34] Operation: ZoomOut
[Debug] [2026-3-31 16:21:34] Finish.
[Debug] [2026-3-31 16:21:34] Operation: ZoomOut
[Debug] [2026-3-31 16:21:34] Finish.
[Debug] [2026-3-31 16:21:34] Operation: ZoomOut
[Debug] [2026-3-31 16:21:34] Finish.
[Debug] [2026-3-31 16:21:34] Operation: ZoomOut
[Debug] [2026-3-31 16:21:34] Finish.
[Debug] [2026-3-31 16:21:34] Operation: ZoomOut
[Debug] [2026-3-31 16:21:34] Finish.
[Debug] [2026-3-31 16:21:35] Operation: ZoomOut
[Debug] [2026-3-31 16:21:35] Finish.
[Debug] [2026-3-31 16:21:35] Operation: ZoomOut
[Debug] [2026-3-31 16:21:35] Finish.
[Debug] [2026-3-31 16:21:35] Operation: ZoomOut
[Debug] [2026-3-31 16:21:36] Operation: ZoomOut
[Debug] [2026-3-31 16:21:36] Operation: ZoomOut
[Debug] [2026-3-31 16:21:40] Operation: Zoom in.
[Debug] [2026-3-31 16:21:40] Finish.
[Debug] [2026-3-31 16:21:40] Operation: Zoom in.
[Debug] [2026-3-31 16:21:40] Finish.
[Debug] [2026-3-31 16:21:40] Operation: Zoom in.
[Debug] [2026-3-31 16:21:40] Finish.
[Debug] [2026-3-31 16:21:41] Operation: Zoom in.
[Debug] [2026-3-31 16:21:41] Finish.
[Debug] [2026-3-31 16:21:41] Operation: Zoom in.
[Debug] [2026-3-31 16:21:41] Finish.
[Debug] [2026-3-31 16:21:41] Operation: Zoom in.
[Debug] [2026-3-31 16:21:41] Finish.
[Debug] [2026-3-31 16:21:42] Operation: Zoom in.
[Debug] [2026-3-31 16:21:42] Finish.
[Debug] [2026-3-31 16:21:42] Operation: Zoom in.
[Debug] [2026-3-31 16:21:42] Finish.
[Debug] [2026-3-31 16:21:42] Operation: Zoom in.
[Debug] [2026-3-31 16:21:42] Finish.
[Debug] [2026-3-31 16:21:42] Operation: Zoom in.
[Debug] [2026-3-31 16:21:42] Finish.
[Debug] [2026-3-31 16:21:49] Operation: ZoomOut
[Debug] [2026-3-31 16:21:49] Finish.
[Debug] [2026-3-31 16:21:49] Operation: ZoomOut
[Debug] [2026-3-31 16:21:49] Finish.
[Debug] [2026-3-31 16:21:49] Operation: ZoomOut
[Debug] [2026-3-31 16:21:49] Finish.
[Debug] [2026-3-31 16:21:49] Operation: ZoomOut
[Debug] [2026-3-31 16:21:49] Finish.
[Debug] [2026-3-31 16:21:49] Operation: ZoomOut
[Debug] [2026-3-31 16:21:49] Finish.
[Debug] [2026-3-31 16:21:51] Operation: Zoom in.
[Debug] [2026-3-31 16:21:51] Finish.
[Debug] [2026-3-31 16:21:51] Operation: Zoom in.
[Debug] [2026-3-31 16:21:51] Finish.
[Debug] [2026-3-31 16:21:51] Operation: Zoom in.
[Debug] [2026-3-31 16:21:51] Finish.
[Debug] [2026-3-31 16:21:51] Operation: Zoom in.
[Debug] [2026-3-31 16:21:51] Finish.
[Debug] [2026-3-31 16:21:51] Operation: Zoom in.
[Debug] [2026-3-31 16:21:51] Finish.
[Debug] [2026-3-31 16:21:52] Operation: Zoom in.
[Debug] [2026-3-31 16:21:52] Finish.
[Debug] [2026-3-31 16:21:52] Operation: Zoom in.
[Debug] [2026-3-31 16:21:52] Finish.
[Debug] [2026-3-31 16:23:21] Operation: ZoomOut
[Debug] [2026-3-31 16:23:21] Finish.
[Debug] [2026-3-31 16:23:22] Operation: ZoomOut
[Debug] [2026-3-31 16:23:22] Finish.
[Debug] [2026-3-31 16:23:22] Operation: ZoomOut
[Debug] [2026-3-31 16:23:22] Finish.
[Debug] [2026-3-31 16:23:22] Operation: ZoomOut
[Debug] [2026-3-31 16:23:22] Finish.
[Debug] [2026-3-31 16:23:22] Operation: Zoom in.
[Debug] [2026-3-31 16:23:22] Finish.
[Debug] [2026-3-31 16:23:22] Operation: Zoom in.
[Debug] [2026-3-31 16:23:22] Finish.
[Debug] [2026-3-31 16:23:24] Operation: Zoom in.
[Debug] [2026-3-31 16:23:24] Finish.
[Debug] [2026-3-31 16:23:24] Operation: Zoom in.
[Debug] [2026-3-31 16:23:24] Finish.
[Debug] [2026-3-31 16:24:01] Operation: ZoomOut
[Debug] [2026-3-31 16:24:01] Finish.
[Debug] [2026-3-31 16:24:02] Operation: ZoomOut
[Debug] [2026-3-31 16:24:02] Finish.
[Debug] [2026-3-31 16:24:02] Operation: ZoomOut
[Debug] [2026-3-31 16:24:02] Finish.
[Debug] [2026-3-31 16:24:26] Operation: Try to close window.
[Debug] [2026-3-31 16:24:26] /*************************** 2026-03-31 16:24:26  End ***************************/
[Debug] [2026-3-31 16:24:28] /*************************** 2026-03-31 16:24:28  Start ***************************/
[Debug] [2026-3-31 16:24:28] Path: C:/pango/PDS_2022.2-SP6.4/bin
[Debug] [2026-3-31 16:24:28] #Generated by Fabric Debugger (version 2022.2-SP6.4 build 146967) at Tue Mar 31 16:24:28 2026


[Info] [2026-3-31 16:24:28] MsgOut: Fabric Debugger Started.
[Debug] [2026-3-31 16:24:29] Main window show.
[Debug] [2026-3-31 16:24:32] Operation: Scan.
[Debug] [2026-3-31 16:24:32] Client Local host name:DESKTOP-VB8TKRO
[Debug] [2026-3-31 16:24:32] Client Local Address:2.0.0.1
[Debug] [2026-3-31 16:24:32] Client Local Address:210.77.26.220
[Debug] [2026-3-31 16:24:32] Client Local Address:192.168.44.1
[Debug] [2026-3-31 16:24:32] Client Local Address:192.168.176.1
[Debug] [2026-3-31 16:24:32] Server Address:127.0.0.1, Port:65420
[Info] [2026-3-31 16:24:32] MsgOut: Connecting to server[127.0.0.1 : 65420].
[Info] [2026-3-31 16:24:33] Connect OK, Server: 127.0.0.1  Port: 65420
[Info] [2026-3-31 16:24:33] MsgOut: Connect to server[127.0.0.1 : 65420] successfully.
[Debug] [2026-3-31 16:24:33] Finish.
[Debug] [2026-3-31 16:24:33] Log::Print : check version information
[Debug] [2026-3-31 16:24:33] Send RPC: 1.
[Debug] [2026-3-31 16:24:33] Send cmd [check version information:40004] OK
[Debug] [2026-3-31 16:24:33] Log::Print : get_cable_paras
[Debug] [2026-3-31 16:24:33] Send RPC: 2.
[Debug] [2026-3-31 16:24:33] Send cmd [get_cable_paras:40010] OK
[Debug] [2026-3-31 16:24:33] Log::Print : open_cable
[Debug] [2026-3-31 16:24:33] Send RPC: 3.
[Debug] [2026-3-31 16:24:33] Send cmd [open_cable:10001] OK
[Info] [2026-3-31 16:24:33] MsgOut: COMMAND[check version information] execute successfully, takes 0.4 secs.
[Debug] [2026-3-31 16:24:33] COMMAND[check version information] execute successfully, takes 0.4 secs.
[Info] [2026-3-31 16:24:34] MsgOut: The Cable List : 
Cable index 0:USB Cable II/fffffffffffffffe 

[Info] [2026-3-31 16:24:34] MsgOut: COMMAND[get_cable_paras] execute successfully, takes 1.1 secs.
[Debug] [2026-3-31 16:24:34] COMMAND[get_cable_paras] execute successfully, takes 1.1 secs.
[Info] [2026-3-31 16:24:35] MsgOut: PANGO USB CABLE II cable driver: D2XX DLL
[Info] [2026-3-31 16:24:38] MsgOut: COMMAND[open_cable] execute successfully, takes 5.3 secs.
[Debug] [2026-3-31 16:24:38] COMMAND[open_cable] execute successfully, takes 5.3 secs.
[Debug] [2026-3-31 16:24:43] Operation: Try to close window.
[Debug] [2026-3-31 16:24:43] /*************************** 2026-03-31 16:24:43  End ***************************/
[Debug] [2026-3-31 17:15:53] /*************************** 2026-03-31 17:15:53  Start ***************************/
[Debug] [2026-3-31 17:15:53] Path: C:/pango/PDS_2022.2-SP6.4/bin
[Debug] [2026-3-31 17:15:53] #Generated by Fabric Debugger (version 2022.2-SP6.4 build 146967) at Tue Mar 31 17:15:53 2026


[Info] [2026-3-31 17:15:54] MsgOut: Fabric Debugger Started.
[Debug] [2026-3-31 17:15:55] Main window show.
[Debug] [2026-3-31 17:15:57] Operation: Scan.
[Debug] [2026-3-31 17:15:57] Client Local host name:DESKTOP-VB8TKRO
[Debug] [2026-3-31 17:15:57] Client Local Address:2.0.0.1
[Debug] [2026-3-31 17:15:57] Client Local Address:210.77.26.220
[Debug] [2026-3-31 17:15:57] Client Local Address:192.168.44.1
[Debug] [2026-3-31 17:15:57] Client Local Address:192.168.176.1
[Debug] [2026-3-31 17:15:57] Server Address:127.0.0.1, Port:65420
[Info] [2026-3-31 17:15:57] MsgOut: Connecting to server[127.0.0.1 : 65420].
[Info] [2026-3-31 17:15:58] Connect OK, Server: 127.0.0.1  Port: 65420
[Info] [2026-3-31 17:15:58] MsgOut: Connect to server[127.0.0.1 : 65420] successfully.
[Debug] [2026-3-31 17:15:58] Finish.
[Debug] [2026-3-31 17:15:58] Log::Print : check version information
[Debug] [2026-3-31 17:15:58] Send RPC: 1.
[Debug] [2026-3-31 17:15:58] Send cmd [check version information:40004] OK
[Debug] [2026-3-31 17:15:58] Log::Print : get_cable_paras
[Debug] [2026-3-31 17:15:58] Send RPC: 2.
[Debug] [2026-3-31 17:15:58] Send cmd [get_cable_paras:40010] OK
[Debug] [2026-3-31 17:15:58] Log::Print : open_cable
[Debug] [2026-3-31 17:15:58] Send RPC: 3.
[Debug] [2026-3-31 17:15:58] Send cmd [open_cable:10001] OK
[Info] [2026-3-31 17:15:58] MsgOut: COMMAND[check version information] execute successfully, takes 0.4 secs.
[Debug] [2026-3-31 17:15:58] COMMAND[check version information] execute successfully, takes 0.4 secs.
[Info] [2026-3-31 17:15:59] MsgOut: The Cable List : 
Cable index 0:USB Cable II/fffffffffffffffe 

[Info] [2026-3-31 17:15:59] MsgOut: COMMAND[get_cable_paras] execute successfully, takes 1.1 secs.
[Debug] [2026-3-31 17:15:59] COMMAND[get_cable_paras] execute successfully, takes 1.1 secs.
[Info] [2026-3-31 17:16:00] MsgOut: PANGO USB CABLE II cable driver: D2XX DLL
[Info] [2026-3-31 17:16:04] MsgOut: COMMAND[open_cable] execute successfully, takes 5.9 secs.
[Debug] [2026-3-31 17:16:04] COMMAND[open_cable] execute successfully, takes 5.9 secs.
[Debug] [2026-3-31 17:16:07] Configure.
[Debug] [2026-3-31 17:16:10] Operation: Program.
[Debug] [2026-3-31 17:16:10] Log::Print : configure
[Debug] [2026-3-31 17:16:10] Send RPC: 4.
[Debug] [2026-3-31 17:16:10] Send cmd [configure:10002] OK
[Debug] [2026-3-31 17:16:11] The value is 6.
[Debug] [2026-3-31 17:16:12] The value is 10.
[Debug] [2026-3-31 17:16:12] The value is 15.
[Debug] [2026-3-31 17:16:12] The value is 20.
[Debug] [2026-3-31 17:16:13] The value is 25.
[Debug] [2026-3-31 17:16:13] The value is 30.
[Debug] [2026-3-31 17:16:14] The value is 35.
[Debug] [2026-3-31 17:16:14] The value is 40.
[Debug] [2026-3-31 17:16:14] The value is 45.
[Debug] [2026-3-31 17:16:15] The value is 50.
[Debug] [2026-3-31 17:16:15] The value is 55.
[Debug] [2026-3-31 17:16:16] The value is 60.
[Debug] [2026-3-31 17:16:16] The value is 65.
[Debug] [2026-3-31 17:16:16] The value is 70.
[Debug] [2026-3-31 17:16:17] The value is 75.
[Debug] [2026-3-31 17:16:17] The value is 80.
[Debug] [2026-3-31 17:16:17] The value is 85.
[Debug] [2026-3-31 17:16:18] The value is 90.
[Debug] [2026-3-31 17:16:18] The value is 95.
[Debug] [2026-3-31 17:16:19] The value is 100.
[Debug] [2026-3-31 17:16:20] [BusValue] Opt:Add.
[Debug] [2026-3-31 17:16:20] [BusValue] Opt:Add.
[Debug] [2026-3-31 17:16:20] [BusValue] Opt:Add.
[Info] [2026-3-31 17:16:20] MsgOut: COMMAND[configure] execute successfully, takes 9.4 secs.
[Debug] [2026-3-31 17:16:20] COMMAND[configure] execute successfully, takes 9.4 secs.
[Debug] [2026-3-31 17:16:20] Log::Print : Import Core: 0 OK
[Debug] [2026-3-31 17:16:34] Operation: Trigger.
[Debug] [2026-3-31 17:16:34] Log::Print : run
[Debug] [2026-3-31 17:16:34] Send RPC: 5.
[Debug] [2026-3-31 17:16:34] Send cmd [run:10003] OK
[Info] [2026-3-31 17:16:35] MsgOut: Core 0 trigger successful at Tue Mar 31 17:16:35 2026
[Debug] [2026-3-31 17:16:35] Operation: ZoomFit
[Debug] [2026-3-31 17:16:35] Finish.
[Debug] [2026-3-31 17:16:35] [BusValue] Opt:Flush.
[Debug] [2026-3-31 17:16:35] [BusValue] Opt:Update.
[Info] [2026-3-31 17:16:35] MsgOut: COMMAND[run] execute successfully, takes 1.0 secs.
[Debug] [2026-3-31 17:16:35] COMMAND[run] execute successfully, takes 1.0 secs.
[Debug] [2026-3-31 17:16:39] Operation: ZoomOut
[Debug] [2026-3-31 17:16:39] Finish.
[Debug] [2026-3-31 17:16:40] Operation: ZoomOut
[Debug] [2026-3-31 17:16:40] Finish.
[Debug] [2026-3-31 17:16:40] Operation: ZoomOut
[Debug] [2026-3-31 17:16:40] Finish.
[Debug] [2026-3-31 17:16:40] Operation: ZoomOut
[Debug] [2026-3-31 17:16:41] Operation: ZoomOut
[Debug] [2026-3-31 17:16:45] Operation: Zoom in.
[Debug] [2026-3-31 17:16:45] Finish.
[Debug] [2026-3-31 17:16:45] Operation: Zoom in.
[Debug] [2026-3-31 17:16:45] Finish.
[Debug] [2026-3-31 17:16:45] Operation: Zoom in.
[Debug] [2026-3-31 17:16:45] Finish.
[Debug] [2026-3-31 17:16:46] Operation: ZoomOut
[Debug] [2026-3-31 17:16:46] Finish.
[Debug] [2026-3-31 17:16:47] Operation: ZoomOut
[Debug] [2026-3-31 17:16:47] Finish.
[Debug] [2026-3-31 17:16:47] Operation: Zoom in.
[Debug] [2026-3-31 17:16:47] Finish.
[Debug] [2026-3-31 17:16:47] Operation: Zoom in.
[Debug] [2026-3-31 17:16:47] Finish.
[Debug] [2026-3-31 17:16:47] Operation: Zoom in.
[Debug] [2026-3-31 17:16:47] Finish.
[Debug] [2026-3-31 17:16:48] Operation: Zoom in.
[Debug] [2026-3-31 17:16:48] Finish.
[Debug] [2026-3-31 17:16:48] Operation: Zoom in.
[Debug] [2026-3-31 17:16:48] Finish.
[Debug] [2026-3-31 17:16:56] Operation: Zoom in.
[Debug] [2026-3-31 17:16:56] Finish.
[Debug] [2026-3-31 17:16:56] Operation: Zoom in.
[Debug] [2026-3-31 17:16:56] Finish.
[Debug] [2026-3-31 17:16:56] Operation: Zoom in.
[Debug] [2026-3-31 17:16:56] Finish.
[Debug] [2026-3-31 17:16:56] Operation: ZoomOut
[Debug] [2026-3-31 17:16:56] Finish.
[Debug] [2026-3-31 17:16:58] Operation: Zoom in.
[Debug] [2026-3-31 17:16:58] Finish.
[Debug] [2026-3-31 17:16:59] Operation: ZoomOut
[Debug] [2026-3-31 17:16:59] Finish.
[Debug] [2026-3-31 17:17:19] Operation: Trigger.
[Debug] [2026-3-31 17:17:19] Log::Print : run
[Debug] [2026-3-31 17:17:19] Send RPC: 6.
[Debug] [2026-3-31 17:17:19] Send cmd [run:10003] OK
[Info] [2026-3-31 17:17:20] MsgOut: Core 0 trigger successful at Tue Mar 31 17:17:20 2026
[Debug] [2026-3-31 17:17:20] Operation: ZoomFit
[Debug] [2026-3-31 17:17:20] Finish.
[Debug] [2026-3-31 17:17:20] [BusValue] Opt:Flush.
[Debug] [2026-3-31 17:17:20] [BusValue] Opt:Update.
[Info] [2026-3-31 17:17:20] MsgOut: COMMAND[run] execute successfully, takes 1.1 secs.
[Debug] [2026-3-31 17:17:20] COMMAND[run] execute successfully, takes 1.1 secs.
[Debug] [2026-3-31 17:17:24] Operation: Zoom in.
[Debug] [2026-3-31 17:17:24] Finish.
[Debug] [2026-3-31 17:17:24] Operation: Zoom in.
[Debug] [2026-3-31 17:17:24] Finish.
[Debug] [2026-3-31 17:17:25] Operation: ZoomOut
[Debug] [2026-3-31 17:17:25] Finish.
[Debug] [2026-3-31 17:17:25] Operation: ZoomOut
[Debug] [2026-3-31 17:17:25] Finish.
[Debug] [2026-3-31 17:17:25] Operation: ZoomOut
[Debug] [2026-3-31 17:17:25] Finish.
[Debug] [2026-3-31 17:17:26] Operation: ZoomOut
[Debug] [2026-3-31 17:17:26] Finish.
[Debug] [2026-3-31 17:17:26] Operation: ZoomOut
[Debug] [2026-3-31 17:17:26] Finish.
[Debug] [2026-3-31 17:17:26] Operation: ZoomOut
[Debug] [2026-3-31 17:17:26] Finish.
[Debug] [2026-3-31 17:17:26] Operation: ZoomOut
[Debug] [2026-3-31 17:17:26] Finish.
[Debug] [2026-3-31 17:17:26] Operation: ZoomOut
[Debug] [2026-3-31 17:17:26] Finish.
[Debug] [2026-3-31 17:17:26] Operation: ZoomOut
[Debug] [2026-3-31 17:17:26] Finish.
[Debug] [2026-3-31 17:17:29] Operation: Zoom in.
[Debug] [2026-3-31 17:17:29] Finish.
[Debug] [2026-3-31 17:17:29] Operation: Zoom in.
[Debug] [2026-3-31 17:17:29] Finish.
[Debug] [2026-3-31 17:17:29] Operation: Zoom in.
[Debug] [2026-3-31 17:17:29] Finish.
[Debug] [2026-3-31 17:17:30] Operation: Zoom in.
[Debug] [2026-3-31 17:17:30] Finish.
[Debug] [2026-3-31 17:17:30] Operation: Zoom in.
[Debug] [2026-3-31 17:17:30] Finish.
[Debug] [2026-3-31 17:17:31] Operation: Zoom in.
[Debug] [2026-3-31 17:17:31] Finish.
[Debug] [2026-3-31 17:17:36] Operation: Go to X cursor.
[Debug] [2026-3-31 17:17:36] Finish.
[Debug] [2026-3-31 17:17:36] Operation: Zoom in.
[Debug] [2026-3-31 17:17:36] Finish.
[Debug] [2026-3-31 17:17:37] Operation: Zoom in.
[Debug] [2026-3-31 17:17:37] Finish.
[Debug] [2026-3-31 17:17:37] Operation: ZoomOut
[Debug] [2026-3-31 17:17:37] Finish.
[Debug] [2026-3-31 17:17:55] Operation: Trigger.
[Debug] [2026-3-31 17:17:55] Log::Print : run
[Debug] [2026-3-31 17:17:55] Send RPC: 7.
[Debug] [2026-3-31 17:17:55] Send cmd [run:10003] OK
[Info] [2026-3-31 17:17:56] MsgOut: Core 0 trigger successful at Tue Mar 31 17:17:56 2026
[Debug] [2026-3-31 17:17:56] Operation: ZoomFit
[Debug] [2026-3-31 17:17:56] Finish.
[Debug] [2026-3-31 17:17:56] [BusValue] Opt:Flush.
[Debug] [2026-3-31 17:17:56] [BusValue] Opt:Update.
[Info] [2026-3-31 17:17:56] MsgOut: COMMAND[run] execute successfully, takes 1.0 secs.
[Debug] [2026-3-31 17:17:56] COMMAND[run] execute successfully, takes 1.0 secs.
[Debug] [2026-3-31 17:18:00] Operation: Zoom in.
[Debug] [2026-3-31 17:18:00] Finish.
[Debug] [2026-3-31 17:18:01] Operation: ZoomOut
[Debug] [2026-3-31 17:18:01] Finish.
[Debug] [2026-3-31 17:19:55] Operation: Trigger.
[Debug] [2026-3-31 17:19:55] Log::Print : run
[Debug] [2026-3-31 17:19:55] Send RPC: 8.
[Debug] [2026-3-31 17:19:55] Send cmd [run:10003] OK
[Info] [2026-3-31 17:19:56] MsgOut: Core 0 trigger successful at Tue Mar 31 17:19:56 2026
[Debug] [2026-3-31 17:19:56] Operation: ZoomFit
[Debug] [2026-3-31 17:19:56] Finish.
[Debug] [2026-3-31 17:19:56] [BusValue] Opt:Flush.
[Debug] [2026-3-31 17:19:56] [BusValue] Opt:Update.
[Info] [2026-3-31 17:19:56] MsgOut: COMMAND[run] execute successfully, takes 1.1 secs.
[Debug] [2026-3-31 17:19:56] COMMAND[run] execute successfully, takes 1.1 secs.
[Debug] [2026-3-31 17:20:15] Operation: Trigger.
[Debug] [2026-3-31 17:20:15] Log::Print : run
[Debug] [2026-3-31 17:20:15] Send RPC: 9.
[Debug] [2026-3-31 17:20:15] Send cmd [run:10003] OK
[Info] [2026-3-31 17:20:15] MsgOut: Core 0 trigger successful at Tue Mar 31 17:20:15 2026
[Debug] [2026-3-31 17:20:16] Operation: ZoomFit
[Debug] [2026-3-31 17:20:16] Finish.
[Debug] [2026-3-31 17:20:16] [BusValue] Opt:Flush.
[Debug] [2026-3-31 17:20:16] [BusValue] Opt:Update.
[Info] [2026-3-31 17:20:16] MsgOut: COMMAND[run] execute successfully, takes 1.1 secs.
[Debug] [2026-3-31 17:20:16] COMMAND[run] execute successfully, takes 1.1 secs.
[Debug] [2026-3-31 17:21:06] Operation: Trigger.
[Debug] [2026-3-31 17:21:06] Log::Print : run
[Debug] [2026-3-31 17:21:06] Send RPC: 10.
[Debug] [2026-3-31 17:21:06] Send cmd [run:10003] OK
[Info] [2026-3-31 17:21:06] MsgOut: Core 0 trigger successful at Tue Mar 31 17:21:06 2026
[Debug] [2026-3-31 17:21:07] Operation: ZoomFit
[Debug] [2026-3-31 17:21:07] Finish.
[Debug] [2026-3-31 17:21:07] [BusValue] Opt:Flush.
[Debug] [2026-3-31 17:21:07] [BusValue] Opt:Update.
[Info] [2026-3-31 17:21:07] MsgOut: COMMAND[run] execute successfully, takes 1.1 secs.
[Debug] [2026-3-31 17:21:07] COMMAND[run] execute successfully, takes 1.1 secs.
[Debug] [2026-3-31 17:21:25] Operation: ZoomOut
[Debug] [2026-3-31 17:21:25] Finish.
[Debug] [2026-3-31 17:21:25] Operation: ZoomOut
[Debug] [2026-3-31 17:21:25] Finish.
[Debug] [2026-3-31 17:21:25] Operation: ZoomOut
[Debug] [2026-3-31 17:21:25] Finish.
[Debug] [2026-3-31 17:21:25] Operation: ZoomOut
[Debug] [2026-3-31 17:21:25] Finish.
[Debug] [2026-3-31 17:21:27] Operation: Zoom in.
[Debug] [2026-3-31 17:21:27] Finish.
[Debug] [2026-3-31 17:21:27] Operation: Zoom in.
[Debug] [2026-3-31 17:21:27] Finish.
[Debug] [2026-3-31 17:21:27] Operation: Zoom in.
[Debug] [2026-3-31 17:21:27] Finish.
[Debug] [2026-3-31 17:21:27] Operation: ZoomOut
[Debug] [2026-3-31 17:21:27] Finish.
[Debug] [2026-3-31 17:21:27] Operation: ZoomOut
[Debug] [2026-3-31 17:21:27] Finish.
[Debug] [2026-3-31 17:21:27] Operation: ZoomOut
[Debug] [2026-3-31 17:21:27] Finish.
[Debug] [2026-3-31 17:21:27] Operation: ZoomOut
[Debug] [2026-3-31 17:21:27] Finish.
[Debug] [2026-3-31 17:21:27] Operation: ZoomOut
[Debug] [2026-3-31 17:21:27] Finish.
[Debug] [2026-3-31 17:21:27] Operation: ZoomOut
[Debug] [2026-3-31 17:21:27] Finish.
[Debug] [2026-3-31 17:21:28] Operation: Zoom in.
[Debug] [2026-3-31 17:21:28] Finish.
[Debug] [2026-3-31 17:21:28] Operation: Zoom in.
[Debug] [2026-3-31 17:21:28] Finish.
[Debug] [2026-3-31 17:21:28] Operation: Zoom in.
[Debug] [2026-3-31 17:21:28] Finish.
[Debug] [2026-3-31 17:21:28] Operation: Zoom in.
[Debug] [2026-3-31 17:21:28] Finish.
[Debug] [2026-3-31 17:21:28] Operation: Zoom in.
[Debug] [2026-3-31 17:21:28] Finish.
[Debug] [2026-3-31 17:21:30] Operation: ZoomOut
[Debug] [2026-3-31 17:21:30] Finish.
[Debug] [2026-3-31 17:21:30] Operation: ZoomOut
[Debug] [2026-3-31 17:21:30] Finish.
[Debug] [2026-3-31 17:21:30] Operation: ZoomOut
[Debug] [2026-3-31 17:21:30] Finish.
[Debug] [2026-3-31 17:21:30] Operation: ZoomOut
[Debug] [2026-3-31 17:21:30] Finish.
[Debug] [2026-3-31 17:21:30] Operation: ZoomOut
[Debug] [2026-3-31 17:21:30] Finish.
[Debug] [2026-3-31 17:21:30] Operation: ZoomOut
[Debug] [2026-3-31 17:21:30] Finish.
[Debug] [2026-3-31 17:21:30] Operation: ZoomOut
[Debug] [2026-3-31 17:21:30] Operation: ZoomOut
[Debug] [2026-3-31 17:21:30] Operation: ZoomOut
[Debug] [2026-3-31 17:21:30] Operation: ZoomOut
[Debug] [2026-3-31 17:21:31] Operation: Zoom in.
[Debug] [2026-3-31 17:21:31] Finish.
[Debug] [2026-3-31 17:21:31] Operation: Zoom in.
[Debug] [2026-3-31 17:21:31] Finish.
[Debug] [2026-3-31 17:21:31] Operation: Zoom in.
[Debug] [2026-3-31 17:21:31] Finish.
[Debug] [2026-3-31 17:21:31] Operation: Zoom in.
[Debug] [2026-3-31 17:21:31] Finish.
[Debug] [2026-3-31 17:21:32] Operation: Zoom in.
[Debug] [2026-3-31 17:21:32] Finish.
[Debug] [2026-3-31 17:21:32] Operation: Zoom in.
[Debug] [2026-3-31 17:21:32] Finish.
[Debug] [2026-3-31 17:21:32] Operation: Zoom in.
[Debug] [2026-3-31 17:21:32] Finish.
[Debug] [2026-3-31 17:21:41] Operation: ZoomOut
[Debug] [2026-3-31 17:21:41] Finish.
[Debug] [2026-3-31 17:21:41] Operation: Zoom in.
[Debug] [2026-3-31 17:21:41] Finish.
[Debug] [2026-3-31 17:21:41] Operation: ZoomOut
[Debug] [2026-3-31 17:21:41] Finish.
[Debug] [2026-3-31 17:21:41] Operation: Zoom in.
[Debug] [2026-3-31 17:21:41] Finish.
[Debug] [2026-3-31 17:21:42] Operation: Zoom in.
[Debug] [2026-3-31 17:21:42] Finish.
[Debug] [2026-3-31 17:21:43] Operation: Zoom in.
[Debug] [2026-3-31 17:21:43] Finish.
[Debug] [2026-3-31 17:21:45] Operation: ZoomFull
[Debug] [2026-3-31 17:21:45] Finish.
[Debug] [2026-3-31 17:21:46] Operation: ZoomOut
[Debug] [2026-3-31 17:21:46] Operation: ZoomOut
[Debug] [2026-3-31 17:21:47] Operation: Zoom in.
[Debug] [2026-3-31 17:21:47] Finish.
[Debug] [2026-3-31 17:21:47] Operation: Zoom in.
[Debug] [2026-3-31 17:21:47] Finish.
[Debug] [2026-3-31 17:21:48] Operation: Zoom in.
[Debug] [2026-3-31 17:21:48] Finish.
[Debug] [2026-3-31 17:21:48] Operation: Zoom in.
[Debug] [2026-3-31 17:21:48] Finish.
[Debug] [2026-3-31 17:21:48] Operation: Zoom in.
[Debug] [2026-3-31 17:21:48] Finish.
[Debug] [2026-3-31 17:21:49] Operation: Zoom in.
[Debug] [2026-3-31 17:21:49] Finish.
[Debug] [2026-3-31 17:21:49] Operation: Zoom in.
[Debug] [2026-3-31 17:21:49] Finish.
[Debug] [2026-3-31 17:21:49] Operation: Zoom in.
[Debug] [2026-3-31 17:21:49] Finish.
[Debug] [2026-3-31 17:22:06] Operation: ZoomOut
[Debug] [2026-3-31 17:22:06] Finish.
[Debug] [2026-3-31 17:22:06] Operation: ZoomOut
[Debug] [2026-3-31 17:22:06] Finish.
[Debug] [2026-3-31 17:22:07] Operation: ZoomOut
[Debug] [2026-3-31 17:22:07] Finish.
[Debug] [2026-3-31 17:22:08] Operation: Zoom in.
[Debug] [2026-3-31 17:22:09] Finish.
[Debug] [2026-3-31 17:22:09] Operation: Zoom in.
[Debug] [2026-3-31 17:22:09] Finish.
[Debug] [2026-3-31 17:22:10] Operation: Zoom in.
[Debug] [2026-3-31 17:22:10] Finish.
[Debug] [2026-3-31 17:22:10] Operation: ZoomOut
[Debug] [2026-3-31 17:22:10] Finish.
[Debug] [2026-3-31 17:22:12] Operation: Zoom in.
[Debug] [2026-3-31 17:22:12] Finish.
[Debug] [2026-3-31 17:22:30] Operation: ZoomOut
[Debug] [2026-3-31 17:22:30] Finish.
[Debug] [2026-3-31 17:23:18] Operation: Trigger.
[Debug] [2026-3-31 17:23:18] Log::Print : run
[Debug] [2026-3-31 17:23:18] Send RPC: 11.
[Debug] [2026-3-31 17:23:18] Send cmd [run:10003] OK
[Info] [2026-3-31 17:23:18] MsgOut: Core 0 trigger successful at Tue Mar 31 17:23:18 2026
[Debug] [2026-3-31 17:23:19] Operation: ZoomFit
[Debug] [2026-3-31 17:23:19] Finish.
[Debug] [2026-3-31 17:23:19] [BusValue] Opt:Flush.
[Debug] [2026-3-31 17:23:19] [BusValue] Opt:Update.
[Info] [2026-3-31 17:23:19] MsgOut: COMMAND[run] execute successfully, takes 1.0 secs.
[Debug] [2026-3-31 17:23:19] COMMAND[run] execute successfully, takes 1.0 secs.
[Debug] [2026-3-31 17:23:20] Operation: ZoomOut
[Debug] [2026-3-31 17:23:20] Finish.
[Debug] [2026-3-31 17:23:20] Operation: ZoomOut
[Debug] [2026-3-31 17:23:20] Finish.
[Debug] [2026-3-31 17:23:20] Operation: ZoomOut
[Debug] [2026-3-31 17:23:20] Finish.
[Debug] [2026-3-31 17:23:20] Operation: ZoomOut
[Debug] [2026-3-31 17:23:20] Finish.
[Debug] [2026-3-31 17:23:21] Operation: Zoom in.
[Debug] [2026-3-31 17:23:21] Finish.
[Debug] [2026-3-31 17:23:21] Operation: Zoom in.
[Debug] [2026-3-31 17:23:21] Finish.
[Debug] [2026-3-31 17:23:21] Operation: Zoom in.
[Debug] [2026-3-31 17:23:21] Finish.
[Debug] [2026-3-31 17:23:22] Operation: Zoom in.
[Debug] [2026-3-31 17:23:22] Finish.
[Debug] [2026-3-31 17:24:30] Operation: Zoom in.
[Debug] [2026-3-31 17:24:30] Finish.
[Debug] [2026-3-31 17:24:30] Operation: Zoom in.
[Debug] [2026-3-31 17:24:30] Finish.
[Debug] [2026-3-31 17:24:31] Operation: ZoomOut
[Debug] [2026-3-31 17:24:31] Finish.
[Debug] [2026-3-31 17:24:32] Operation: Zoom in.
[Debug] [2026-3-31 17:24:32] Finish.
[Debug] [2026-3-31 17:24:43] Operation: Try to close window.
[Debug] [2026-3-31 17:24:43] /*************************** 2026-03-31 17:24:43  End ***************************/
[Debug] [2026-3-31 17:26:05] /*************************** 2026-03-31 17:26:05  Start ***************************/
[Debug] [2026-3-31 17:26:05] Path: C:/pango/PDS_2022.2-SP6.4/bin
[Debug] [2026-3-31 17:26:05] #Generated by Fabric Debugger (version 2022.2-SP6.4 build 146967) at Tue Mar 31 17:26:05 2026


[Info] [2026-3-31 17:26:05] MsgOut: Fabric Debugger Started.
[Debug] [2026-3-31 17:26:05] Main window show.
[Debug] [2026-3-31 17:26:09] Operation: Try to close window.
[Debug] [2026-3-31 17:26:09] /*************************** 2026-03-31 17:26:09  End ***************************/
[Debug] [2026-3-31 17:47:06] /*************************** 2026-03-31 17:47:06  Start ***************************/
[Debug] [2026-3-31 17:47:06] Path: C:/pango/PDS_2022.2-SP6.4/bin
[Debug] [2026-3-31 17:47:06] #Generated by Fabric Debugger (version 2022.2-SP6.4 build 146967) at Tue Mar 31 17:47:06 2026


[Info] [2026-3-31 17:47:06] MsgOut: Fabric Debugger Started.
[Debug] [2026-3-31 17:47:06] Main window show.
[Debug] [2026-3-31 17:47:09] Operation: Scan.
[Debug] [2026-3-31 17:47:09] Client Local host name:DESKTOP-VB8TKRO
[Debug] [2026-3-31 17:47:09] Client Local Address:2.0.0.1
[Debug] [2026-3-31 17:47:09] Client Local Address:210.77.26.220
[Debug] [2026-3-31 17:47:09] Client Local Address:192.168.44.1
[Debug] [2026-3-31 17:47:09] Client Local Address:192.168.176.1
[Debug] [2026-3-31 17:47:09] Server Address:127.0.0.1, Port:65420
[Info] [2026-3-31 17:47:09] MsgOut: Connecting to server[127.0.0.1 : 65420].
[Info] [2026-3-31 17:47:10] Connect OK, Server: 127.0.0.1  Port: 65420
[Info] [2026-3-31 17:47:10] MsgOut: Connect to server[127.0.0.1 : 65420] successfully.
[Debug] [2026-3-31 17:47:10] Finish.
[Debug] [2026-3-31 17:47:10] Log::Print : check version information
[Debug] [2026-3-31 17:47:10] Send RPC: 1.
[Debug] [2026-3-31 17:47:10] Send cmd [check version information:40004] OK
[Debug] [2026-3-31 17:47:10] Log::Print : get_cable_paras
[Debug] [2026-3-31 17:47:10] Send RPC: 2.
[Debug] [2026-3-31 17:47:10] Send cmd [get_cable_paras:40010] OK
[Debug] [2026-3-31 17:47:10] Log::Print : open_cable
[Debug] [2026-3-31 17:47:10] Send RPC: 3.
[Debug] [2026-3-31 17:47:10] Send cmd [open_cable:10001] OK
[Info] [2026-3-31 17:47:10] MsgOut: COMMAND[check version information] execute successfully, takes 0.5 secs.
[Debug] [2026-3-31 17:47:10] COMMAND[check version information] execute successfully, takes 0.5 secs.
[Info] [2026-3-31 17:47:11] MsgOut: The Cable List : 
Cable index 0:USB Cable II/fffffffffffffffe 

[Info] [2026-3-31 17:47:11] MsgOut: COMMAND[get_cable_paras] execute successfully, takes 1.1 secs.
[Debug] [2026-3-31 17:47:11] COMMAND[get_cable_paras] execute successfully, takes 1.1 secs.
[Info] [2026-3-31 17:47:12] MsgOut: PANGO USB CABLE II cable driver: D2XX DLL
[Info] [2026-3-31 17:47:13] MsgOut: COMMAND[open_cable] execute successfully, takes 3.1 secs.
[Debug] [2026-3-31 17:47:13] COMMAND[open_cable] execute successfully, takes 3.1 secs.
[Debug] [2026-3-31 17:47:17] Configure.
[Debug] [2026-3-31 17:47:21] Operation: Program.
[Debug] [2026-3-31 17:47:21] Log::Print : configure
[Debug] [2026-3-31 17:47:21] Send RPC: 4.
[Debug] [2026-3-31 17:47:21] Send cmd [configure:10002] OK
[Debug] [2026-3-31 17:47:22] The value is 6.
[Debug] [2026-3-31 17:47:22] The value is 10.
[Debug] [2026-3-31 17:47:23] The value is 15.
[Debug] [2026-3-31 17:47:23] The value is 20.
[Debug] [2026-3-31 17:47:24] The value is 25.
[Debug] [2026-3-31 17:47:24] The value is 30.
[Debug] [2026-3-31 17:47:24] The value is 35.
[Debug] [2026-3-31 17:47:25] The value is 40.
[Debug] [2026-3-31 17:47:25] The value is 45.
[Debug] [2026-3-31 17:47:26] The value is 50.
[Debug] [2026-3-31 17:47:26] The value is 55.
[Debug] [2026-3-31 17:47:26] The value is 60.
[Debug] [2026-3-31 17:47:27] The value is 65.
[Debug] [2026-3-31 17:47:27] The value is 70.
[Debug] [2026-3-31 17:47:27] The value is 75.
[Debug] [2026-3-31 17:47:28] The value is 80.
[Debug] [2026-3-31 17:47:28] The value is 85.
[Debug] [2026-3-31 17:47:29] The value is 90.
[Debug] [2026-3-31 17:47:29] The value is 95.
[Debug] [2026-3-31 17:47:29] The value is 100.
[Debug] [2026-3-31 17:47:31] [BusValue] Opt:Add.
[Debug] [2026-3-31 17:47:31] [BusValue] Opt:Add.
[Debug] [2026-3-31 17:47:31] [BusValue] Opt:Add.
[Info] [2026-3-31 17:47:31] MsgOut: COMMAND[configure] execute successfully, takes 9.8 secs.
[Debug] [2026-3-31 17:47:31] COMMAND[configure] execute successfully, takes 9.8 secs.
[Debug] [2026-3-31 17:47:31] Log::Print : Import Core: 0 OK
[Debug] [2026-3-31 17:48:07] Operation: Trigger.
[Debug] [2026-3-31 17:48:07] Log::Print : run
[Debug] [2026-3-31 17:48:07] Send RPC: 5.
[Debug] [2026-3-31 17:48:07] Send cmd [run:10003] OK
[Info] [2026-3-31 17:48:08] MsgOut: Core 0 trigger successful at Tue Mar 31 17:48:08 2026
[Debug] [2026-3-31 17:48:08] Operation: ZoomFit
[Debug] [2026-3-31 17:48:08] Finish.
[Debug] [2026-3-31 17:48:08] [BusValue] Opt:Flush.
[Debug] [2026-3-31 17:48:08] [BusValue] Opt:Update.
[Info] [2026-3-31 17:48:08] MsgOut: COMMAND[run] execute successfully, takes 1.1 secs.
[Debug] [2026-3-31 17:48:08] COMMAND[run] execute successfully, takes 1.1 secs.
[Debug] [2026-3-31 17:48:15] Operation: Zoom in.
[Debug] [2026-3-31 17:48:15] Finish.
[Debug] [2026-3-31 17:48:15] Operation: Zoom in.
[Debug] [2026-3-31 17:48:15] Finish.
[Debug] [2026-3-31 17:48:15] Operation: Zoom in.
[Debug] [2026-3-31 17:48:15] Finish.
[Debug] [2026-3-31 17:48:16] Operation: Zoom in.
[Debug] [2026-3-31 17:48:16] Finish.
[Debug] [2026-3-31 17:48:16] Operation: Zoom in.
[Debug] [2026-3-31 17:48:16] Finish.
[Debug] [2026-3-31 17:48:17] Operation: Zoom in.
[Debug] [2026-3-31 17:48:17] Finish.
[Debug] [2026-3-31 17:48:17] Operation: Zoom in.
[Debug] [2026-3-31 17:48:17] Finish.
[Debug] [2026-3-31 17:48:17] Operation: ZoomOut
[Debug] [2026-3-31 17:48:17] Finish.
[Debug] [2026-3-31 17:48:21] Operation: ZoomOut
[Debug] [2026-3-31 17:48:21] Finish.
[Debug] [2026-3-31 17:48:48] Operation: Trigger.
[Debug] [2026-3-31 17:48:48] Log::Print : run
[Debug] [2026-3-31 17:48:48] Send RPC: 6.
[Debug] [2026-3-31 17:48:48] Send cmd [run:10003] OK
[Info] [2026-3-31 17:48:48] MsgOut: Core 0 trigger successful at Tue Mar 31 17:48:48 2026
[Debug] [2026-3-31 17:48:49] Operation: ZoomFit
[Debug] [2026-3-31 17:48:49] Finish.
[Debug] [2026-3-31 17:48:49] [BusValue] Opt:Flush.
[Debug] [2026-3-31 17:48:49] [BusValue] Opt:Update.
[Info] [2026-3-31 17:48:49] MsgOut: COMMAND[run] execute successfully, takes 1.1 secs.
[Debug] [2026-3-31 17:48:49] COMMAND[run] execute successfully, takes 1.1 secs.
[Debug] [2026-3-31 17:48:50] Operation: ZoomOut
[Debug] [2026-3-31 17:48:50] Finish.
[Debug] [2026-3-31 17:48:51] Operation: ZoomOut
[Debug] [2026-3-31 17:48:51] Finish.
[Debug] [2026-3-31 17:48:51] Operation: ZoomOut
[Debug] [2026-3-31 17:48:51] Finish.
[Debug] [2026-3-31 17:48:52] Operation: ZoomOut
[Debug] [2026-3-31 17:48:52] Finish.
[Debug] [2026-3-31 17:48:52] Operation: ZoomOut
[Debug] [2026-3-31 17:48:52] Finish.
[Debug] [2026-3-31 17:48:52] Operation: ZoomOut
[Debug] [2026-3-31 17:48:52] Finish.
[Debug] [2026-3-31 17:48:52] Operation: ZoomOut
[Debug] [2026-3-31 17:48:52] Finish.
[Debug] [2026-3-31 17:48:52] Operation: ZoomOut
[Debug] [2026-3-31 17:48:52] Finish.
[Debug] [2026-3-31 17:48:52] Operation: ZoomOut
[Debug] [2026-3-31 17:48:54] Operation: Zoom in.
[Debug] [2026-3-31 17:48:54] Finish.
[Debug] [2026-3-31 17:48:54] Operation: Zoom in.
[Debug] [2026-3-31 17:48:54] Finish.
[Debug] [2026-3-31 17:48:55] Operation: Zoom in.
[Debug] [2026-3-31 17:48:55] Finish.
[Debug] [2026-3-31 17:48:55] Operation: Zoom in.
[Debug] [2026-3-31 17:48:55] Finish.
[Debug] [2026-3-31 17:48:55] Operation: Zoom in.
[Debug] [2026-3-31 17:48:55] Finish.
[Debug] [2026-3-31 17:48:56] Operation: Zoom in.
[Debug] [2026-3-31 17:48:56] Finish.
[Debug] [2026-3-31 17:48:59] Operation: Zoom in.
[Debug] [2026-3-31 17:48:59] Finish.
[Debug] [2026-3-31 17:48:59] Operation: Zoom in.
[Debug] [2026-3-31 17:48:59] Finish.
[Debug] [2026-3-31 17:49:19] Operation: Trigger.
[Debug] [2026-3-31 17:49:19] Log::Print : run
[Debug] [2026-3-31 17:49:19] Send RPC: 7.
[Debug] [2026-3-31 17:49:19] Send cmd [run:10003] OK
[Info] [2026-3-31 17:49:20] MsgOut: Core 0 trigger successful at Tue Mar 31 17:49:20 2026
[Debug] [2026-3-31 17:49:20] Operation: ZoomFit
[Debug] [2026-3-31 17:49:20] Finish.
[Debug] [2026-3-31 17:49:20] [BusValue] Opt:Flush.
[Debug] [2026-3-31 17:49:20] [BusValue] Opt:Update.
[Info] [2026-3-31 17:49:20] MsgOut: COMMAND[run] execute successfully, takes 1.1 secs.
[Debug] [2026-3-31 17:49:20] COMMAND[run] execute successfully, takes 1.1 secs.
[Debug] [2026-3-31 17:50:12] Operation: Trigger.
[Debug] [2026-3-31 17:50:12] Log::Print : run
[Debug] [2026-3-31 17:50:12] Send RPC: 8.
[Debug] [2026-3-31 17:50:12] Send cmd [run:10003] OK
[Info] [2026-3-31 17:50:12] MsgOut: Core 0 trigger successful at Tue Mar 31 17:50:12 2026
[Debug] [2026-3-31 17:50:13] Operation: ZoomFit
[Debug] [2026-3-31 17:50:13] Finish.
[Debug] [2026-3-31 17:50:13] [BusValue] Opt:Flush.
[Debug] [2026-3-31 17:50:13] [BusValue] Opt:Update.
[Info] [2026-3-31 17:50:13] MsgOut: COMMAND[run] execute successfully, takes 1.0 secs.
[Debug] [2026-3-31 17:50:13] COMMAND[run] execute successfully, takes 1.0 secs.
[Debug] [2026-3-31 17:50:16] Operation: ZoomOut
[Debug] [2026-3-31 17:50:16] Finish.
[Debug] [2026-3-31 17:50:16] Operation: ZoomOut
[Debug] [2026-3-31 17:50:16] Finish.
[Debug] [2026-3-31 17:50:16] Operation: ZoomOut
[Debug] [2026-3-31 17:50:16] Finish.
[Debug] [2026-3-31 17:50:17] Operation: Zoom in.
[Debug] [2026-3-31 17:50:17] Finish.
[Debug] [2026-3-31 17:50:17] Operation: Zoom in.
[Debug] [2026-3-31 17:50:17] Finish.
[Debug] [2026-3-31 17:50:17] Operation: Zoom in.
[Debug] [2026-3-31 17:50:17] Finish.
[Debug] [2026-3-31 17:50:18] Operation: Zoom in.
[Debug] [2026-3-31 17:50:18] Finish.
[Debug] [2026-3-31 17:50:22] Operation: ZoomOut
[Debug] [2026-3-31 17:50:22] Finish.
[Debug] [2026-3-31 17:50:22] Operation: ZoomOut
[Debug] [2026-3-31 17:50:22] Finish.
[Debug] [2026-3-31 17:50:22] Operation: ZoomOut
[Debug] [2026-3-31 17:50:22] Finish.
[Debug] [2026-3-31 17:50:22] Operation: ZoomOut
[Debug] [2026-3-31 17:50:22] Finish.
[Debug] [2026-3-31 17:50:23] Operation: Zoom in.
[Debug] [2026-3-31 17:50:23] Finish.
[Debug] [2026-3-31 17:50:23] Operation: Zoom in.
[Debug] [2026-3-31 17:50:23] Finish.
[Debug] [2026-3-31 17:50:23] Operation: Zoom in.
[Debug] [2026-3-31 17:50:23] Finish.
[Debug] [2026-3-31 17:50:23] Operation: Zoom in.
[Debug] [2026-3-31 17:50:23] Finish.
[Debug] [2026-3-31 17:50:37] Operation: ZoomOut
[Debug] [2026-3-31 17:50:37] Finish.
[Debug] [2026-3-31 17:50:38] Operation: ZoomOut
[Debug] [2026-3-31 17:50:38] Finish.
[Debug] [2026-3-31 17:50:47] Operation: Trigger.
[Debug] [2026-3-31 17:50:47] Log::Print : run
[Debug] [2026-3-31 17:50:47] Send RPC: 9.
[Debug] [2026-3-31 17:50:47] Send cmd [run:10003] OK
[Info] [2026-3-31 17:50:48] MsgOut: Core 0 trigger successful at Tue Mar 31 17:50:48 2026
[Debug] [2026-3-31 17:50:48] Operation: ZoomFit
[Debug] [2026-3-31 17:50:48] Finish.
[Debug] [2026-3-31 17:50:48] [BusValue] Opt:Flush.
[Debug] [2026-3-31 17:50:48] [BusValue] Opt:Update.
[Info] [2026-3-31 17:50:48] MsgOut: COMMAND[run] execute successfully, takes 1.1 secs.
[Debug] [2026-3-31 17:50:48] COMMAND[run] execute successfully, takes 1.1 secs.
[Debug] [2026-3-31 17:50:56] Operation: Trigger.
[Debug] [2026-3-31 17:50:56] Log::Print : run
[Debug] [2026-3-31 17:50:56] Send RPC: 10.
[Debug] [2026-3-31 17:50:56] Send cmd [run:10003] OK
[Info] [2026-3-31 17:50:57] MsgOut: Core 0 trigger successful at Tue Mar 31 17:50:57 2026
[Debug] [2026-3-31 17:50:57] Operation: ZoomFit
[Debug] [2026-3-31 17:50:57] Finish.
[Debug] [2026-3-31 17:50:57] [BusValue] Opt:Flush.
[Debug] [2026-3-31 17:50:57] [BusValue] Opt:Update.
[Info] [2026-3-31 17:50:57] MsgOut: COMMAND[run] execute successfully, takes 1.1 secs.
[Debug] [2026-3-31 17:50:57] COMMAND[run] execute successfully, takes 1.1 secs.
[Debug] [2026-3-31 17:50:58] Operation: Zoom in.
[Debug] [2026-3-31 17:50:58] Finish.
[Debug] [2026-3-31 17:50:58] Operation: Zoom in.
[Debug] [2026-3-31 17:50:58] Finish.
[Debug] [2026-3-31 17:51:03] Operation: Trigger.
[Debug] [2026-3-31 17:51:03] Log::Print : run
[Debug] [2026-3-31 17:51:03] Send RPC: 11.
[Debug] [2026-3-31 17:51:03] Send cmd [run:10003] OK
[Info] [2026-3-31 17:51:04] MsgOut: Core 0 trigger successful at Tue Mar 31 17:51:04 2026
[Debug] [2026-3-31 17:51:04] Operation: ZoomFit
[Debug] [2026-3-31 17:51:04] Finish.
[Debug] [2026-3-31 17:51:04] [BusValue] Opt:Flush.
[Debug] [2026-3-31 17:51:04] [BusValue] Opt:Update.
[Info] [2026-3-31 17:51:04] MsgOut: COMMAND[run] execute successfully, takes 1.1 secs.
[Debug] [2026-3-31 17:51:04] COMMAND[run] execute successfully, takes 1.1 secs.
[Debug] [2026-3-31 17:51:09] Operation: ZoomOut
[Debug] [2026-3-31 17:51:09] Finish.
[Debug] [2026-3-31 17:51:11] Operation: Zoom in.
[Debug] [2026-3-31 17:51:11] Finish.
[Debug] [2026-3-31 17:51:20] Operation: Trigger.
[Debug] [2026-3-31 17:51:20] Log::Print : run
[Debug] [2026-3-31 17:51:20] Send RPC: 12.
[Debug] [2026-3-31 17:51:20] Send cmd [run:10003] OK
[Info] [2026-3-31 17:51:21] MsgOut: Core 0 trigger successful at Tue Mar 31 17:51:21 2026
[Debug] [2026-3-31 17:51:21] Operation: ZoomFit
[Debug] [2026-3-31 17:51:21] Finish.
[Debug] [2026-3-31 17:51:21] [BusValue] Opt:Flush.
[Debug] [2026-3-31 17:51:21] [BusValue] Opt:Update.
[Info] [2026-3-31 17:51:21] MsgOut: COMMAND[run] execute successfully, takes 1.1 secs.
[Debug] [2026-3-31 17:51:21] COMMAND[run] execute successfully, takes 1.1 secs.
[Debug] [2026-3-31 17:51:22] Operation: ZoomOut
[Debug] [2026-3-31 17:51:22] Finish.
[Debug] [2026-3-31 17:52:30] Operation: ZoomOut
[Debug] [2026-3-31 17:52:30] Finish.
[Debug] [2026-3-31 17:52:30] Operation: ZoomOut
[Debug] [2026-3-31 17:52:30] Finish.
[Debug] [2026-3-31 17:52:30] Operation: ZoomOut
[Debug] [2026-3-31 17:52:30] Finish.
[Debug] [2026-3-31 17:52:31] Operation: Zoom in.
[Debug] [2026-3-31 17:52:31] Finish.
[Debug] [2026-3-31 17:52:31] Operation: Zoom in.
[Debug] [2026-3-31 17:52:31] Finish.
[Debug] [2026-3-31 17:52:32] Operation: Zoom in.
[Debug] [2026-3-31 17:52:32] Finish.
[Debug] [2026-3-31 17:52:34] Operation: Zoom in.
[Debug] [2026-3-31 17:52:34] Finish.
[Debug] [2026-3-31 17:52:37] Operation: ZoomOut
[Debug] [2026-3-31 17:52:37] Finish.
[Debug] [2026-3-31 17:52:37] Operation: ZoomOut
[Debug] [2026-3-31 17:52:37] Finish.
[Debug] [2026-3-31 17:52:37] Operation: ZoomOut
[Debug] [2026-3-31 17:52:37] Finish.
[Debug] [2026-3-31 17:52:39] Operation: Try to close window.
[Debug] [2026-3-31 17:52:39] /*************************** 2026-03-31 17:52:39  End ***************************/
[Debug] [2026-3-31 18:12:15] /*************************** 2026-03-31 18:12:15  Start ***************************/
[Debug] [2026-3-31 18:12:15] Path: C:/pango/PDS_2022.2-SP6.4/bin
[Debug] [2026-3-31 18:12:15] #Generated by Fabric Debugger (version 2022.2-SP6.4 build 146967) at Tue Mar 31 18:12:15 2026


[Info] [2026-3-31 18:12:16] MsgOut: Fabric Debugger Started.
[Debug] [2026-3-31 18:12:16] Main window show.
[Debug] [2026-3-31 18:12:18] Operation: Scan.
[Debug] [2026-3-31 18:12:18] Client Local host name:DESKTOP-VB8TKRO
[Debug] [2026-3-31 18:12:18] Client Local Address:2.0.0.1
[Debug] [2026-3-31 18:12:18] Client Local Address:210.77.26.220
[Debug] [2026-3-31 18:12:18] Client Local Address:192.168.44.1
[Debug] [2026-3-31 18:12:18] Client Local Address:192.168.176.1
[Debug] [2026-3-31 18:12:18] Server Address:127.0.0.1, Port:65420
[Info] [2026-3-31 18:12:18] MsgOut: Connecting to server[127.0.0.1 : 65420].
[Info] [2026-3-31 18:12:18] Connect OK, Server: 127.0.0.1  Port: 65420
[Info] [2026-3-31 18:12:18] MsgOut: Connect to server[127.0.0.1 : 65420] successfully.
[Debug] [2026-3-31 18:12:18] Finish.
[Debug] [2026-3-31 18:12:18] Log::Print : check version information
[Debug] [2026-3-31 18:12:18] Send RPC: 1.
[Debug] [2026-3-31 18:12:18] Send cmd [check version information:40004] OK
[Debug] [2026-3-31 18:12:19] Log::Print : get_cable_paras
[Debug] [2026-3-31 18:12:19] Send RPC: 2.
[Debug] [2026-3-31 18:12:19] Send cmd [get_cable_paras:40010] OK
[Debug] [2026-3-31 18:12:19] Log::Print : open_cable
[Debug] [2026-3-31 18:12:19] Send RPC: 3.
[Debug] [2026-3-31 18:12:19] Send cmd [open_cable:10001] OK
[Info] [2026-3-31 18:12:19] MsgOut: COMMAND[check version information] execute successfully, takes 0.4 secs.
[Debug] [2026-3-31 18:12:19] COMMAND[check version information] execute successfully, takes 0.4 secs.
[Info] [2026-3-31 18:12:20] MsgOut: The Cable List : 
Cable index 0:USB Cable II/fffffffffffffffe 

[Info] [2026-3-31 18:12:20] MsgOut: COMMAND[get_cable_paras] execute successfully, takes 1.1 secs.
[Debug] [2026-3-31 18:12:20] COMMAND[get_cable_paras] execute successfully, takes 1.1 secs.
[Info] [2026-3-31 18:12:21] MsgOut: PANGO USB CABLE II cable driver: D2XX DLL
[Info] [2026-3-31 18:12:22] MsgOut: COMMAND[open_cable] execute successfully, takes 3.6 secs.
[Debug] [2026-3-31 18:12:22] COMMAND[open_cable] execute successfully, takes 3.6 secs.
[Debug] [2026-3-31 18:12:52] Configure.
[Debug] [2026-3-31 18:12:55] Operation: Program.
[Debug] [2026-3-31 18:12:55] Log::Print : configure
[Debug] [2026-3-31 18:12:55] Send RPC: 4.
[Debug] [2026-3-31 18:12:55] Send cmd [configure:10002] OK
[Debug] [2026-3-31 18:12:56] The value is 6.
[Debug] [2026-3-31 18:12:57] The value is 10.
[Debug] [2026-3-31 18:12:57] The value is 15.
[Debug] [2026-3-31 18:12:57] The value is 20.
[Debug] [2026-3-31 18:12:58] The value is 25.
[Debug] [2026-3-31 18:12:58] The value is 30.
[Debug] [2026-3-31 18:12:59] The value is 35.
[Debug] [2026-3-31 18:12:59] The value is 40.
[Debug] [2026-3-31 18:12:59] The value is 45.
[Debug] [2026-3-31 18:13:00] The value is 50.
[Debug] [2026-3-31 18:13:00] The value is 55.
[Debug] [2026-3-31 18:13:00] The value is 60.
[Debug] [2026-3-31 18:13:01] The value is 65.
[Debug] [2026-3-31 18:13:01] The value is 70.
[Debug] [2026-3-31 18:13:02] The value is 75.
[Debug] [2026-3-31 18:13:02] The value is 80.
[Debug] [2026-3-31 18:13:02] The value is 85.
[Debug] [2026-3-31 18:13:03] The value is 90.
[Debug] [2026-3-31 18:13:03] The value is 95.
[Debug] [2026-3-31 18:13:03] The value is 100.
[Debug] [2026-3-31 18:13:05] [BusValue] Opt:Add.
[Debug] [2026-3-31 18:13:05] [BusValue] Opt:Add.
[Debug] [2026-3-31 18:13:05] [BusValue] Opt:Add.
[Info] [2026-3-31 18:13:05] MsgOut: COMMAND[configure] execute successfully, takes 9.8 secs.
[Debug] [2026-3-31 18:13:05] COMMAND[configure] execute successfully, takes 9.8 secs.
[Debug] [2026-3-31 18:13:05] Log::Print : Import Core: 0 OK
[Debug] [2026-3-31 18:13:24] Operation: Trigger.
[Debug] [2026-3-31 18:13:24] Log::Print : run
[Debug] [2026-3-31 18:13:24] Send RPC: 5.
[Debug] [2026-3-31 18:13:24] Send cmd [run:10003] OK
[Info] [2026-3-31 18:13:25] MsgOut: Core 0 trigger successful at Tue Mar 31 18:13:25 2026
[Debug] [2026-3-31 18:13:25] Operation: ZoomFit
[Debug] [2026-3-31 18:13:25] Finish.
[Debug] [2026-3-31 18:13:25] [BusValue] Opt:Flush.
[Debug] [2026-3-31 18:13:25] [BusValue] Opt:Update.
[Info] [2026-3-31 18:13:25] MsgOut: COMMAND[run] execute successfully, takes 1.0 secs.
[Debug] [2026-3-31 18:13:25] COMMAND[run] execute successfully, takes 1.0 secs.
[Debug] [2026-3-31 18:13:28] Operation: ZoomOut
[Debug] [2026-3-31 18:13:28] Finish.
[Debug] [2026-3-31 18:13:28] Operation: ZoomOut
[Debug] [2026-3-31 18:13:28] Finish.
[Debug] [2026-3-31 18:13:28] Operation: ZoomOut
[Debug] [2026-3-31 18:13:28] Finish.
[Debug] [2026-3-31 18:13:28] Operation: ZoomOut
[Debug] [2026-3-31 18:13:29] Operation: Zoom in.
[Debug] [2026-3-31 18:13:29] Finish.
[Debug] [2026-3-31 18:13:29] Operation: Zoom in.
[Debug] [2026-3-31 18:13:29] Finish.
[Debug] [2026-3-31 18:13:29] Operation: Zoom in.
[Debug] [2026-3-31 18:13:29] Finish.
[Debug] [2026-3-31 18:13:30] Operation: Zoom in.
[Debug] [2026-3-31 18:13:30] Finish.
[Debug] [2026-3-31 18:13:30] Operation: Zoom in.
[Debug] [2026-3-31 18:13:30] Finish.
[Debug] [2026-3-31 18:13:30] Operation: Zoom in.
[Debug] [2026-3-31 18:13:30] Finish.
[Debug] [2026-3-31 18:13:30] Operation: Zoom in.
[Debug] [2026-3-31 18:13:30] Finish.
[Debug] [2026-3-31 18:13:31] Operation: Zoom in.
[Debug] [2026-3-31 18:13:31] Finish.
[Debug] [2026-3-31 18:13:41] Operation: Trigger.
[Debug] [2026-3-31 18:13:41] Log::Print : run
[Debug] [2026-3-31 18:13:41] Send RPC: 6.
[Debug] [2026-3-31 18:13:41] Send cmd [run:10003] OK
[Info] [2026-3-31 18:13:42] MsgOut: Core 0 trigger successful at Tue Mar 31 18:13:42 2026
[Debug] [2026-3-31 18:13:42] Operation: ZoomFit
[Debug] [2026-3-31 18:13:42] Finish.
[Debug] [2026-3-31 18:13:42] [BusValue] Opt:Flush.
[Debug] [2026-3-31 18:13:42] [BusValue] Opt:Update.
[Info] [2026-3-31 18:13:42] MsgOut: COMMAND[run] execute successfully, takes 1.1 secs.
[Debug] [2026-3-31 18:13:42] COMMAND[run] execute successfully, takes 1.1 secs.
[Debug] [2026-3-31 18:13:44] Operation: ZoomOut
[Debug] [2026-3-31 18:13:44] Finish.
[Debug] [2026-3-31 18:13:44] Operation: ZoomOut
[Debug] [2026-3-31 18:13:44] Finish.
[Debug] [2026-3-31 18:13:44] Operation: Zoom in.
[Debug] [2026-3-31 18:13:44] Finish.
[Debug] [2026-3-31 18:13:45] Operation: Zoom in.
[Debug] [2026-3-31 18:13:45] Finish.
[Debug] [2026-3-31 18:13:57] Operation: ZoomOut
[Debug] [2026-3-31 18:13:57] Finish.
[Debug] [2026-3-31 18:13:58] Operation: Zoom in.
[Debug] [2026-3-31 18:13:58] Finish.
[Debug] [2026-3-31 18:14:09] Operation: Trigger.
[Debug] [2026-3-31 18:14:09] Log::Print : run
[Debug] [2026-3-31 18:14:09] Send RPC: 7.
[Debug] [2026-3-31 18:14:09] Send cmd [run:10003] OK
[Info] [2026-3-31 18:14:10] MsgOut: Core 0 trigger successful at Tue Mar 31 18:14:10 2026
[Debug] [2026-3-31 18:14:10] Operation: ZoomFit
[Debug] [2026-3-31 18:14:10] Finish.
[Debug] [2026-3-31 18:14:10] [BusValue] Opt:Flush.
[Debug] [2026-3-31 18:14:10] [BusValue] Opt:Update.
[Info] [2026-3-31 18:14:10] MsgOut: COMMAND[run] execute successfully, takes 1.1 secs.
[Debug] [2026-3-31 18:14:10] COMMAND[run] execute successfully, takes 1.1 secs.
[Debug] [2026-3-31 18:14:22] Operation: Trigger.
[Debug] [2026-3-31 18:14:22] Log::Print : run
[Debug] [2026-3-31 18:14:22] Send RPC: 8.
[Debug] [2026-3-31 18:14:22] Send cmd [run:10003] OK
[Info] [2026-3-31 18:14:23] MsgOut: Core 0 trigger successful at Tue Mar 31 18:14:23 2026
[Debug] [2026-3-31 18:14:23] Operation: ZoomFit
[Debug] [2026-3-31 18:14:23] Finish.
[Debug] [2026-3-31 18:14:23] [BusValue] Opt:Flush.
[Debug] [2026-3-31 18:14:23] [BusValue] Opt:Update.
[Info] [2026-3-31 18:14:23] MsgOut: COMMAND[run] execute successfully, takes 1.1 secs.
[Debug] [2026-3-31 18:14:23] COMMAND[run] execute successfully, takes 1.1 secs.
[Debug] [2026-3-31 18:14:25] Operation: ZoomOut
[Debug] [2026-3-31 18:14:25] Finish.
[Debug] [2026-3-31 18:14:25] Operation: ZoomOut
[Debug] [2026-3-31 18:14:25] Finish.
[Debug] [2026-3-31 18:14:26] Operation: Zoom in.
[Debug] [2026-3-31 18:14:26] Finish.
[Debug] [2026-3-31 18:14:26] Operation: Zoom in.
[Debug] [2026-3-31 18:14:26] Finish.
[Debug] [2026-3-31 18:14:27] Operation: Trigger.
[Debug] [2026-3-31 18:14:27] Log::Print : run
[Debug] [2026-3-31 18:14:27] Send RPC: 9.
[Debug] [2026-3-31 18:14:27] Send cmd [run:10003] OK
[Info] [2026-3-31 18:14:28] MsgOut: Core 0 trigger successful at Tue Mar 31 18:14:28 2026
[Debug] [2026-3-31 18:14:28] Operation: ZoomFit
[Debug] [2026-3-31 18:14:28] Finish.
[Debug] [2026-3-31 18:14:28] [BusValue] Opt:Flush.
[Debug] [2026-3-31 18:14:28] [BusValue] Opt:Update.
[Info] [2026-3-31 18:14:28] MsgOut: COMMAND[run] execute successfully, takes 1.0 secs.
[Debug] [2026-3-31 18:14:28] COMMAND[run] execute successfully, takes 1.0 secs.
[Debug] [2026-3-31 18:14:29] Operation: Trigger.
[Debug] [2026-3-31 18:14:29] Log::Print : run
[Debug] [2026-3-31 18:14:29] Send RPC: 10.
[Debug] [2026-3-31 18:14:29] Send cmd [run:10003] OK
[Info] [2026-3-31 18:14:30] MsgOut: Core 0 trigger successful at Tue Mar 31 18:14:30 2026
[Debug] [2026-3-31 18:14:30] Operation: ZoomFit
[Debug] [2026-3-31 18:14:30] Finish.
[Debug] [2026-3-31 18:14:30] [BusValue] Opt:Flush.
[Debug] [2026-3-31 18:14:30] [BusValue] Opt:Update.
[Info] [2026-3-31 18:14:31] MsgOut: COMMAND[run] execute successfully, takes 1.0 secs.
[Debug] [2026-3-31 18:14:31] COMMAND[run] execute successfully, takes 1.0 secs.
[Debug] [2026-3-31 18:14:35] Operation: Trigger.
[Debug] [2026-3-31 18:14:35] Log::Print : run
[Debug] [2026-3-31 18:14:35] Send RPC: 11.
[Debug] [2026-3-31 18:14:35] Send cmd [run:10003] OK
[Info] [2026-3-31 18:14:35] MsgOut: Core 0 trigger successful at Tue Mar 31 18:14:35 2026
[Debug] [2026-3-31 18:14:36] Operation: ZoomFit
[Debug] [2026-3-31 18:14:36] Finish.
[Debug] [2026-3-31 18:14:36] [BusValue] Opt:Flush.
[Debug] [2026-3-31 18:14:36] [BusValue] Opt:Update.
[Info] [2026-3-31 18:14:36] MsgOut: COMMAND[run] execute successfully, takes 1.0 secs.
[Debug] [2026-3-31 18:14:36] COMMAND[run] execute successfully, takes 1.0 secs.
[Debug] [2026-3-31 18:14:42] Operation: Trigger.
[Debug] [2026-3-31 18:14:42] Log::Print : run
[Debug] [2026-3-31 18:14:42] Send RPC: 12.
[Debug] [2026-3-31 18:14:42] Send cmd [run:10003] OK
[Info] [2026-3-31 18:14:43] MsgOut: Core 0 trigger successful at Tue Mar 31 18:14:43 2026
[Debug] [2026-3-31 18:14:44] Operation: ZoomFit
[Debug] [2026-3-31 18:14:44] Finish.
[Debug] [2026-3-31 18:14:44] [BusValue] Opt:Flush.
[Debug] [2026-3-31 18:14:44] [BusValue] Opt:Update.
[Info] [2026-3-31 18:14:44] MsgOut: COMMAND[run] execute successfully, takes 1.0 secs.
[Debug] [2026-3-31 18:14:44] COMMAND[run] execute successfully, takes 1.0 secs.
[Debug] [2026-3-31 18:15:42] Operation: Try to close window.
[Debug] [2026-3-31 18:15:42] /*************************** 2026-03-31 18:15:42  End ***************************/
[Debug] [2026-3-31 18:56:19] /*************************** 2026-03-31 18:56:19  Start ***************************/
[Debug] [2026-3-31 18:56:19] Path: C:/pango/PDS_2022.2-SP6.4/bin
[Debug] [2026-3-31 18:56:19] #Generated by Fabric Debugger (version 2022.2-SP6.4 build 146967) at Tue Mar 31 18:56:19 2026


[Info] [2026-3-31 18:56:19] MsgOut: Fabric Debugger Started.
[Debug] [2026-3-31 18:56:19] Main window show.
[Debug] [2026-3-31 18:56:37] Operation: Scan.
[Debug] [2026-3-31 18:56:37] Client Local host name:DESKTOP-VB8TKRO
[Debug] [2026-3-31 18:56:37] Client Local Address:2.0.0.1
[Debug] [2026-3-31 18:56:37] Client Local Address:210.77.26.220
[Debug] [2026-3-31 18:56:37] Client Local Address:192.168.44.1
[Debug] [2026-3-31 18:56:37] Client Local Address:192.168.176.1
[Debug] [2026-3-31 18:56:37] Server Address:127.0.0.1, Port:65420
[Info] [2026-3-31 18:56:37] MsgOut: Connecting to server[127.0.0.1 : 65420].
[Info] [2026-3-31 18:56:37] Connect OK, Server: 127.0.0.1  Port: 65420
[Info] [2026-3-31 18:56:37] MsgOut: Connect to server[127.0.0.1 : 65420] successfully.
[Debug] [2026-3-31 18:56:37] Finish.
[Debug] [2026-3-31 18:56:37] Log::Print : check version information
[Debug] [2026-3-31 18:56:37] Send RPC: 1.
[Debug] [2026-3-31 18:56:37] Send cmd [check version information:40004] OK
[Debug] [2026-3-31 18:56:38] Log::Print : get_cable_paras
[Debug] [2026-3-31 18:56:38] Send RPC: 2.
[Debug] [2026-3-31 18:56:38] Send cmd [get_cable_paras:40010] OK
[Debug] [2026-3-31 18:56:38] Log::Print : open_cable
[Debug] [2026-3-31 18:56:38] Send RPC: 3.
[Debug] [2026-3-31 18:56:38] Send cmd [open_cable:10001] OK
[Info] [2026-3-31 18:56:38] MsgOut: COMMAND[check version information] execute successfully, takes 0.4 secs.
[Debug] [2026-3-31 18:56:38] COMMAND[check version information] execute successfully, takes 0.4 secs.
[Info] [2026-3-31 18:56:39] MsgOut: The Cable List : 
Cable index 0:USB Cable II/fffffffffffffffe 

[Info] [2026-3-31 18:56:39] MsgOut: COMMAND[get_cable_paras] execute successfully, takes 1.1 secs.
[Debug] [2026-3-31 18:56:39] COMMAND[get_cable_paras] execute successfully, takes 1.1 secs.
[Info] [2026-3-31 18:56:40] MsgOut: PANGO USB CABLE II cable driver: D2XX DLL
[Info] [2026-3-31 18:56:43] MsgOut: COMMAND[open_cable] execute successfully, takes 5.3 secs.
[Debug] [2026-3-31 18:56:43] COMMAND[open_cable] execute successfully, takes 5.3 secs.
[Debug] [2026-3-31 18:56:48] Configure.
[Debug] [2026-3-31 18:56:51] Operation: Program.
[Debug] [2026-3-31 18:56:51] Log::Print : configure
[Debug] [2026-3-31 18:56:51] Send RPC: 4.
[Debug] [2026-3-31 18:56:51] Send cmd [configure:10002] OK
[Debug] [2026-3-31 18:56:52] The value is 6.
[Debug] [2026-3-31 18:56:52] The value is 10.
[Debug] [2026-3-31 18:56:52] The value is 15.
[Debug] [2026-3-31 18:56:53] The value is 20.
[Debug] [2026-3-31 18:56:53] The value is 25.
[Debug] [2026-3-31 18:56:53] The value is 30.
[Debug] [2026-3-31 18:56:54] The value is 35.
[Debug] [2026-3-31 18:56:54] The value is 40.
[Debug] [2026-3-31 18:56:55] The value is 45.
[Debug] [2026-3-31 18:56:55] The value is 50.
[Debug] [2026-3-31 18:56:55] The value is 55.
[Debug] [2026-3-31 18:56:56] The value is 60.
[Debug] [2026-3-31 18:56:56] The value is 65.
[Debug] [2026-3-31 18:56:57] The value is 70.
[Debug] [2026-3-31 18:56:57] The value is 75.
[Debug] [2026-3-31 18:56:57] The value is 80.
[Debug] [2026-3-31 18:56:58] The value is 85.
[Debug] [2026-3-31 18:56:58] The value is 90.
[Debug] [2026-3-31 18:56:58] The value is 95.
[Debug] [2026-3-31 18:56:59] The value is 100.
[Debug] [2026-3-31 18:57:00] [BusValue] Opt:Add.
[Debug] [2026-3-31 18:57:00] [BusValue] Opt:Add.
[Debug] [2026-3-31 18:57:00] [BusValue] Opt:Add.
[Debug] [2026-3-31 18:57:00] [BusValue] Opt:Add.
[Info] [2026-3-31 18:57:01] MsgOut: COMMAND[configure] execute successfully, takes 9.8 secs.
[Debug] [2026-3-31 18:57:01] COMMAND[configure] execute successfully, takes 9.8 secs.
[Debug] [2026-3-31 18:57:01] Log::Print : Import Core: 0 OK
[Debug] [2026-3-31 18:57:31] Configure.
[Debug] [2026-3-31 18:57:34] Operation: Program.
[Debug] [2026-3-31 18:57:34] Log::Print : configure
[Debug] [2026-3-31 18:57:34] Send RPC: 5.
[Debug] [2026-3-31 18:57:34] Send cmd [configure:10002] OK
[Debug] [2026-3-31 18:57:35] The value is 6.
[Debug] [2026-3-31 18:57:35] The value is 10.
[Debug] [2026-3-31 18:57:35] The value is 15.
[Debug] [2026-3-31 18:57:36] The value is 20.
[Debug] [2026-3-31 18:57:36] The value is 25.
[Debug] [2026-3-31 18:57:37] The value is 30.
[Debug] [2026-3-31 18:57:37] The value is 35.
[Debug] [2026-3-31 18:57:37] The value is 40.
[Debug] [2026-3-31 18:57:38] The value is 45.
[Debug] [2026-3-31 18:57:38] The value is 50.
[Debug] [2026-3-31 18:57:39] The value is 55.
[Debug] [2026-3-31 18:57:39] The value is 60.
[Debug] [2026-3-31 18:57:39] The value is 65.
[Debug] [2026-3-31 18:57:40] The value is 70.
[Debug] [2026-3-31 18:57:40] The value is 75.
[Debug] [2026-3-31 18:57:40] The value is 80.
[Debug] [2026-3-31 18:57:41] The value is 85.
[Debug] [2026-3-31 18:57:41] The value is 90.
[Debug] [2026-3-31 18:57:42] The value is 95.
[Debug] [2026-3-31 18:57:42] The value is 100.
[Info] [2026-3-31 18:57:43] MsgOut: COMMAND[configure] execute successfully, takes 9.3 secs.
[Debug] [2026-3-31 18:57:43] COMMAND[configure] execute successfully, takes 9.3 secs.
[Warn] [2026-3-31 18:57:43] MsgOut: Debugger-4002: Core Parse: Trigger Port bus name:box_wr_data exist, fail to import.
[Warn] [2026-3-31 18:57:43] MsgOut: Debugger-4002: Core Parse: Trigger Port bus name:data_to_layer exist, fail to import.
[Warn] [2026-3-31 18:57:43] MsgOut: Debugger-4002: Core Parse: Trigger Port bus name:rgb_in_dly2 exist, fail to import.
[Warn] [2026-3-31 18:57:43] MsgOut: Debugger-4002: Core Parse: Trigger Port bus name:u_top_yolo/layer_y_out_layer0 exist, fail to import.
[Warn] [2026-3-31 18:57:43] MsgOut: Debugger-4002: Core Parse: Bus name:box_wr_data exist, fail to import.
[Warn] [2026-3-31 18:57:43] MsgOut: Debugger-4002: Core Parse: Bus name:data_to_layer exist, fail to import.
[Warn] [2026-3-31 18:57:43] MsgOut: Debugger-4002: Core Parse: Bus name:rgb_in_dly2 exist, fail to import.
[Warn] [2026-3-31 18:57:43] MsgOut: Debugger-4002: Core Parse: Bus name:u_top_yolo/layer_y_out_layer0 exist, fail to import.
[Debug] [2026-3-31 18:57:43] Log::Print : Import Core: 0 OK
[Debug] [2026-3-31 18:57:55] Operation: Trigger.
[Debug] [2026-3-31 18:57:55] Log::Print : run
[Debug] [2026-3-31 18:57:55] Send RPC: 6.
[Debug] [2026-3-31 18:57:55] Send cmd [run:10003] OK
[Info] [2026-3-31 18:57:56] MsgOut: Core 0 trigger successful at Tue Mar 31 18:57:56 2026
[Debug] [2026-3-31 18:57:56] Operation: ZoomFit
[Debug] [2026-3-31 18:57:57] Finish.
[Debug] [2026-3-31 18:57:57] [BusValue] Opt:Flush.
[Debug] [2026-3-31 18:57:57] [BusValue] Opt:Update.
[Info] [2026-3-31 18:57:57] MsgOut: COMMAND[run] execute successfully, takes 1.1 secs.
[Debug] [2026-3-31 18:57:57] COMMAND[run] execute successfully, takes 1.1 secs.
[Debug] [2026-3-31 18:58:00] Operation: Go to X cursor.
[Debug] [2026-3-31 18:58:00] Finish.
[Debug] [2026-3-31 18:58:01] Operation: ZoomOut
[Debug] [2026-3-31 18:58:01] Finish.
[Debug] [2026-3-31 18:58:01] Operation: ZoomOut
[Debug] [2026-3-31 18:58:01] Finish.
[Debug] [2026-3-31 18:58:01] Operation: ZoomOut
[Debug] [2026-3-31 18:58:01] Finish.
[Debug] [2026-3-31 18:58:01] Operation: ZoomOut
[Debug] [2026-3-31 18:58:02] Operation: ZoomOut
[Debug] [2026-3-31 18:58:02] Operation: ZoomOut
[Debug] [2026-3-31 18:58:02] Operation: ZoomOut
[Debug] [2026-3-31 18:58:07] Operation: Zoom in.
[Debug] [2026-3-31 18:58:07] Finish.
[Debug] [2026-3-31 18:58:07] Operation: Zoom in.
[Debug] [2026-3-31 18:58:07] Finish.
[Debug] [2026-3-31 18:58:07] Operation: Zoom in.
[Debug] [2026-3-31 18:58:07] Finish.
[Debug] [2026-3-31 18:58:08] Operation: Zoom in.
[Debug] [2026-3-31 18:58:08] Finish.
[Debug] [2026-3-31 18:58:08] Operation: Zoom in.
[Debug] [2026-3-31 18:58:08] Finish.
[Debug] [2026-3-31 18:58:08] Operation: Zoom in.
[Debug] [2026-3-31 18:58:08] Finish.
[Debug] [2026-3-31 18:58:09] Operation: Zoom in.
[Debug] [2026-3-31 18:58:09] Finish.
[Debug] [2026-3-31 18:58:09] Operation: Zoom in.
[Debug] [2026-3-31 18:58:09] Finish.
[Debug] [2026-3-31 18:58:09] Operation: Zoom in.
[Debug] [2026-3-31 18:58:09] Finish.
[Debug] [2026-3-31 18:58:14] Operation: ZoomOut
[Debug] [2026-3-31 18:58:14] Finish.
[Debug] [2026-3-31 18:58:14] Operation: ZoomOut
[Debug] [2026-3-31 18:58:14] Finish.
[Debug] [2026-3-31 18:58:14] Operation: ZoomOut
[Debug] [2026-3-31 18:58:14] Finish.
[Debug] [2026-3-31 18:58:14] Operation: ZoomOut
[Debug] [2026-3-31 18:58:14] Finish.
[Debug] [2026-3-31 18:58:14] Operation: ZoomOut
[Debug] [2026-3-31 18:58:14] Finish.
[Debug] [2026-3-31 18:58:14] Operation: ZoomOut
[Debug] [2026-3-31 18:58:14] Finish.
[Debug] [2026-3-31 18:58:15] Operation: ZoomOut
[Debug] [2026-3-31 18:58:15] Finish.
[Debug] [2026-3-31 18:58:15] Operation: ZoomOut
[Debug] [2026-3-31 18:58:15] Finish.
[Debug] [2026-3-31 18:58:15] Operation: ZoomOut
[Debug] [2026-3-31 18:58:15] Finish.
[Debug] [2026-3-31 18:58:15] Operation: ZoomOut
[Debug] [2026-3-31 18:58:16] Operation: Zoom in.
[Debug] [2026-3-31 18:58:16] Finish.
[Debug] [2026-3-31 18:58:16] Operation: Zoom in.
[Debug] [2026-3-31 18:58:16] Finish.
[Debug] [2026-3-31 18:58:17] Operation: Zoom in.
[Debug] [2026-3-31 18:58:17] Finish.
[Debug] [2026-3-31 18:58:17] Operation: Zoom in.
[Debug] [2026-3-31 18:58:17] Finish.
[Debug] [2026-3-31 18:58:18] Operation: Zoom in.
[Debug] [2026-3-31 18:58:18] Finish.
[Debug] [2026-3-31 18:58:18] Operation: Zoom in.
[Debug] [2026-3-31 18:58:18] Finish.
[Debug] [2026-3-31 18:58:18] Operation: Zoom in.
[Debug] [2026-3-31 18:58:18] Finish.
[Debug] [2026-3-31 18:58:19] Operation: Zoom in.
[Debug] [2026-3-31 18:58:19] Finish.
[Debug] [2026-3-31 18:58:20] Operation: ZoomOut
[Debug] [2026-3-31 18:58:20] Finish.
[Debug] [2026-3-31 18:58:25] Operation: Zoom in.
[Debug] [2026-3-31 18:58:25] Finish.
[Debug] [2026-3-31 18:58:53] Operation: Trigger.
[Debug] [2026-3-31 18:58:53] Log::Print : run
[Debug] [2026-3-31 18:58:53] Send RPC: 7.
[Debug] [2026-3-31 18:58:53] Send cmd [run:10003] OK
[Info] [2026-3-31 18:58:54] MsgOut: Core 0 trigger successful at Tue Mar 31 18:58:54 2026
[Debug] [2026-3-31 18:58:54] Operation: ZoomFit
[Debug] [2026-3-31 18:58:54] Finish.
[Debug] [2026-3-31 18:58:54] [BusValue] Opt:Flush.
[Debug] [2026-3-31 18:58:54] [BusValue] Opt:Update.
[Info] [2026-3-31 18:58:54] MsgOut: COMMAND[run] execute successfully, takes 1.1 secs.
[Debug] [2026-3-31 18:58:54] COMMAND[run] execute successfully, takes 1.1 secs.
[Debug] [2026-3-31 18:58:55] Operation: ZoomOut
[Debug] [2026-3-31 18:58:55] Finish.
[Debug] [2026-3-31 18:58:56] Operation: ZoomOut
[Debug] [2026-3-31 18:58:56] Finish.
[Debug] [2026-3-31 18:58:56] Operation: ZoomOut
[Debug] [2026-3-31 18:58:56] Finish.
[Debug] [2026-3-31 18:58:56] Operation: Zoom in.
[Debug] [2026-3-31 18:58:56] Finish.
[Debug] [2026-3-31 18:58:56] Operation: Zoom in.
[Debug] [2026-3-31 18:58:56] Finish.
[Debug] [2026-3-31 18:58:57] Operation: Zoom in.
[Debug] [2026-3-31 18:58:57] Finish.
[Debug] [2026-3-31 18:58:57] Operation: ZoomOut
[Debug] [2026-3-31 18:58:57] Finish.
[Debug] [2026-3-31 18:58:58] Operation: ZoomOut
[Debug] [2026-3-31 18:58:58] Finish.
[Debug] [2026-3-31 18:58:59] Operation: Zoom in.
[Debug] [2026-3-31 18:58:59] Finish.
[Debug] [2026-3-31 18:59:50] Operation: Trigger.
[Debug] [2026-3-31 18:59:50] Log::Print : run
[Debug] [2026-3-31 18:59:50] Send RPC: 8.
[Debug] [2026-3-31 18:59:50] Send cmd [run:10003] OK
[Info] [2026-3-31 18:59:50] MsgOut: Core 0 trigger successful at Tue Mar 31 18:59:50 2026
[Debug] [2026-3-31 18:59:51] Operation: ZoomFit
[Debug] [2026-3-31 18:59:51] Finish.
[Debug] [2026-3-31 18:59:51] [BusValue] Opt:Flush.
[Debug] [2026-3-31 18:59:51] [BusValue] Opt:Update.
[Info] [2026-3-31 18:59:51] MsgOut: COMMAND[run] execute successfully, takes 1.1 secs.
[Debug] [2026-3-31 18:59:51] COMMAND[run] execute successfully, takes 1.1 secs.
[Debug] [2026-3-31 18:59:52] Operation: Zoom in.
[Debug] [2026-3-31 18:59:52] Finish.
[Debug] [2026-3-31 18:59:53] Operation: Zoom in.
[Debug] [2026-3-31 18:59:53] Finish.
[Debug] [2026-3-31 18:59:53] Operation: ZoomOut
[Debug] [2026-3-31 18:59:53] Finish.
[Debug] [2026-3-31 18:59:54] Operation: Zoom in.
[Debug] [2026-3-31 18:59:54] Finish.
[Debug] [2026-3-31 19:00:52] Operation: ZoomOut
[Debug] [2026-3-31 19:00:52] Finish.
[Debug] [2026-3-31 19:00:52] Operation: ZoomOut
[Debug] [2026-3-31 19:00:52] Finish.
[Debug] [2026-3-31 19:00:52] Operation: ZoomOut
[Debug] [2026-3-31 19:00:52] Finish.
[Debug] [2026-3-31 19:00:53] Operation: Zoom in.
[Debug] [2026-3-31 19:00:53] Finish.
[Debug] [2026-3-31 19:00:53] Operation: Zoom in.
[Debug] [2026-3-31 19:00:53] Finish.
[Debug] [2026-3-31 19:00:53] Operation: Zoom in.
[Debug] [2026-3-31 19:00:53] Finish.
[Debug] [2026-3-31 19:00:56] Operation: Try to close window.
[Debug] [2026-3-31 19:00:56] /*************************** 2026-03-31 19:00:56  End ***************************/
[Debug] [2026-3-31 19:19:48] /*************************** 2026-03-31 19:19:48  Start ***************************/
[Debug] [2026-3-31 19:19:48] Path: C:/pango/PDS_2022.2-SP6.4/bin
[Debug] [2026-3-31 19:19:48] #Generated by Fabric Debugger (version 2022.2-SP6.4 build 146967) at Tue Mar 31 19:19:48 2026


[Info] [2026-3-31 19:19:48] MsgOut: Fabric Debugger Started.
[Debug] [2026-3-31 19:19:48] Main window show.
[Debug] [2026-3-31 19:19:50] Operation: Scan.
[Debug] [2026-3-31 19:19:50] Client Local host name:DESKTOP-VB8TKRO
[Debug] [2026-3-31 19:19:50] Client Local Address:2.0.0.1
[Debug] [2026-3-31 19:19:50] Client Local Address:210.77.26.220
[Debug] [2026-3-31 19:19:50] Client Local Address:192.168.44.1
[Debug] [2026-3-31 19:19:50] Client Local Address:192.168.176.1
[Debug] [2026-3-31 19:19:50] Server Address:127.0.0.1, Port:65420
[Info] [2026-3-31 19:19:50] MsgOut: Connecting to server[127.0.0.1 : 65420].
[Info] [2026-3-31 19:19:50] Connect OK, Server: 127.0.0.1  Port: 65420
[Info] [2026-3-31 19:19:50] MsgOut: Connect to server[127.0.0.1 : 65420] successfully.
[Debug] [2026-3-31 19:19:50] Finish.
[Debug] [2026-3-31 19:19:50] Log::Print : check version information
[Debug] [2026-3-31 19:19:50] Send RPC: 1.
[Debug] [2026-3-31 19:19:50] Send cmd [check version information:40004] OK
[Debug] [2026-3-31 19:19:51] Log::Print : get_cable_paras
[Debug] [2026-3-31 19:19:51] Send RPC: 2.
[Debug] [2026-3-31 19:19:51] Send cmd [get_cable_paras:40010] OK
[Debug] [2026-3-31 19:19:51] Log::Print : open_cable
[Debug] [2026-3-31 19:19:51] Send RPC: 3.
[Debug] [2026-3-31 19:19:51] Send cmd [open_cable:10001] OK
[Info] [2026-3-31 19:19:51] MsgOut: COMMAND[check version information] execute successfully, takes 0.4 secs.
[Debug] [2026-3-31 19:19:51] COMMAND[check version information] execute successfully, takes 0.4 secs.
[Info] [2026-3-31 19:19:52] MsgOut: The Cable List : 
Cable index 0:USB Cable II/fffffffffffffffe 

[Info] [2026-3-31 19:19:52] MsgOut: COMMAND[get_cable_paras] execute successfully, takes 1.1 secs.
[Debug] [2026-3-31 19:19:52] COMMAND[get_cable_paras] execute successfully, takes 1.1 secs.
[Info] [2026-3-31 19:19:53] MsgOut: PANGO USB CABLE II cable driver: D2XX DLL
[Info] [2026-3-31 19:19:54] MsgOut: COMMAND[open_cable] execute successfully, takes 3.4 secs.
[Debug] [2026-3-31 19:19:54] COMMAND[open_cable] execute successfully, takes 3.4 secs.
[Debug] [2026-3-31 19:19:59] Configure.
[Debug] [2026-3-31 19:20:02] Operation: Program.
[Debug] [2026-3-31 19:20:02] Log::Print : configure
[Debug] [2026-3-31 19:20:02] Send RPC: 4.
[Debug] [2026-3-31 19:20:02] Send cmd [configure:10002] OK
[Debug] [2026-3-31 19:20:03] The value is 6.
[Debug] [2026-3-31 19:20:03] The value is 10.
[Debug] [2026-3-31 19:20:03] The value is 15.
[Debug] [2026-3-31 19:20:04] The value is 20.
[Debug] [2026-3-31 19:20:04] The value is 25.
[Debug] [2026-3-31 19:20:05] The value is 30.
[Debug] [2026-3-31 19:20:05] The value is 35.
[Debug] [2026-3-31 19:20:05] The value is 40.
[Debug] [2026-3-31 19:20:06] The value is 45.
[Debug] [2026-3-31 19:20:06] The value is 50.
[Debug] [2026-3-31 19:20:06] The value is 55.
[Debug] [2026-3-31 19:20:07] The value is 60.
[Debug] [2026-3-31 19:20:07] The value is 65.
[Debug] [2026-3-31 19:20:08] The value is 70.
[Debug] [2026-3-31 19:20:08] The value is 75.
[Debug] [2026-3-31 19:20:08] The value is 80.
[Debug] [2026-3-31 19:20:09] The value is 85.
[Debug] [2026-3-31 19:20:09] The value is 90.
[Debug] [2026-3-31 19:20:10] The value is 95.
[Debug] [2026-3-31 19:20:10] The value is 100.
[Debug] [2026-3-31 19:20:12] [BusValue] Opt:Add.
[Debug] [2026-3-31 19:20:12] [BusValue] Opt:Add.
[Info] [2026-3-31 19:20:12] MsgOut: COMMAND[configure] execute successfully, takes 9.8 secs.
[Debug] [2026-3-31 19:20:12] COMMAND[configure] execute successfully, takes 9.8 secs.
[Debug] [2026-3-31 19:20:12] Log::Print : Import Core: 0 OK
[Debug] [2026-3-31 19:20:26] Operation: Trigger.
[Debug] [2026-3-31 19:20:26] Log::Print : run
[Debug] [2026-3-31 19:20:26] Send RPC: 5.
[Debug] [2026-3-31 19:20:26] Send cmd [run:10003] OK
[Info] [2026-3-31 19:20:27] MsgOut: Core 0 trigger successful at Tue Mar 31 19:20:27 2026
[Debug] [2026-3-31 19:20:27] Operation: ZoomFit
[Debug] [2026-3-31 19:20:27] Finish.
[Debug] [2026-3-31 19:20:27] [BusValue] Opt:Flush.
[Debug] [2026-3-31 19:20:27] [BusValue] Opt:Update.
[Info] [2026-3-31 19:20:27] MsgOut: COMMAND[run] execute successfully, takes 1.0 secs.
[Debug] [2026-3-31 19:20:27] COMMAND[run] execute successfully, takes 1.0 secs.
[Debug] [2026-3-31 19:20:31] Operation: Zoom in.
[Debug] [2026-3-31 19:20:31] Finish.
[Debug] [2026-3-31 19:20:31] Operation: Zoom in.
[Debug] [2026-3-31 19:20:31] Finish.
[Debug] [2026-3-31 19:20:31] Operation: Zoom in.
[Debug] [2026-3-31 19:20:31] Finish.
[Debug] [2026-3-31 19:20:32] Operation: Zoom in.
[Debug] [2026-3-31 19:20:32] Finish.
[Debug] [2026-3-31 19:20:32] Operation: Zoom in.
[Debug] [2026-3-31 19:20:32] Finish.
[Debug] [2026-3-31 19:20:32] Operation: Zoom in.
[Debug] [2026-3-31 19:20:32] Finish.
[Debug] [2026-3-31 19:20:44] Operation: ZoomOut
[Debug] [2026-3-31 19:20:44] Finish.
[Debug] [2026-3-31 19:20:44] Operation: ZoomOut
[Debug] [2026-3-31 19:20:44] Finish.
[Debug] [2026-3-31 19:20:45] Operation: Zoom in.
[Debug] [2026-3-31 19:20:45] Finish.
[Debug] [2026-3-31 19:20:45] Operation: Zoom in.
[Debug] [2026-3-31 19:20:45] Finish.
[Debug] [2026-3-31 19:21:56] Operation: Trigger.
[Debug] [2026-3-31 19:21:56] Log::Print : run
[Debug] [2026-3-31 19:21:56] Send RPC: 6.
[Debug] [2026-3-31 19:21:56] Send cmd [run:10003] OK
[Info] [2026-3-31 19:21:57] MsgOut: Core 0 trigger successful at Tue Mar 31 19:21:57 2026
[Debug] [2026-3-31 19:21:57] Operation: ZoomFit
[Debug] [2026-3-31 19:21:57] Finish.
[Debug] [2026-3-31 19:21:57] [BusValue] Opt:Flush.
[Debug] [2026-3-31 19:21:57] [BusValue] Opt:Update.
[Info] [2026-3-31 19:21:57] MsgOut: COMMAND[run] execute successfully, takes 1.0 secs.
[Debug] [2026-3-31 19:21:57] COMMAND[run] execute successfully, takes 1.0 secs.
[Debug] [2026-3-31 19:22:41] Operation: ZoomOut
[Debug] [2026-3-31 19:22:41] Finish.
[Debug] [2026-3-31 19:22:41] Operation: ZoomOut
[Debug] [2026-3-31 19:22:41] Finish.
[Debug] [2026-3-31 19:22:41] Operation: ZoomOut
[Debug] [2026-3-31 19:22:41] Finish.
[Debug] [2026-3-31 19:22:41] Operation: Zoom in.
[Debug] [2026-3-31 19:22:41] Finish.
[Debug] [2026-3-31 19:22:41] Operation: Zoom in.
[Debug] [2026-3-31 19:22:41] Finish.
[Debug] [2026-3-31 19:22:41] Operation: Zoom in.
[Debug] [2026-3-31 19:22:41] Finish.
[Debug] [2026-3-31 19:22:47] Operation: ZoomOut
[Debug] [2026-3-31 19:22:47] Finish.
[Debug] [2026-3-31 19:22:56] Operation: Zoom in.
[Debug] [2026-3-31 19:22:57] Finish.
[Debug] [2026-3-31 19:23:29] Operation: ZoomOut
[Debug] [2026-3-31 19:23:29] Finish.
[Debug] [2026-3-31 19:23:30] Operation: ZoomOut
[Debug] [2026-3-31 19:23:30] Finish.
[Debug] [2026-3-31 19:23:30] Operation: ZoomOut
[Debug] [2026-3-31 19:23:30] Finish.
[Debug] [2026-3-31 19:23:30] Operation: ZoomOut
[Debug] [2026-3-31 19:23:30] Finish.
[Debug] [2026-3-31 19:23:30] Operation: Zoom in.
[Debug] [2026-3-31 19:23:30] Finish.
[Debug] [2026-3-31 19:23:30] Operation: Zoom in.
[Debug] [2026-3-31 19:23:30] Finish.
[Debug] [2026-3-31 19:23:30] Operation: Zoom in.
[Debug] [2026-3-31 19:23:30] Finish.
[Debug] [2026-3-31 19:23:33] Operation: Zoom in.
[Debug] [2026-3-31 19:23:33] Finish.
[Debug] [2026-3-31 19:23:33] Operation: Zoom in.
[Debug] [2026-3-31 19:23:33] Finish.
[Debug] [2026-3-31 19:23:33] Operation: Zoom in.
[Debug] [2026-3-31 19:23:33] Finish.
[Debug] [2026-3-31 19:23:34] Operation: ZoomOut
[Debug] [2026-3-31 19:23:34] Finish.
[Debug] [2026-3-31 19:23:40] Operation: Trigger.
[Debug] [2026-3-31 19:23:40] Log::Print : run
[Debug] [2026-3-31 19:23:40] Send RPC: 7.
[Debug] [2026-3-31 19:23:40] Send cmd [run:10003] OK
[Info] [2026-3-31 19:23:41] MsgOut: Core 0 trigger successful at Tue Mar 31 19:23:41 2026
[Debug] [2026-3-31 19:23:41] Operation: ZoomFit
[Debug] [2026-3-31 19:23:41] Finish.
[Debug] [2026-3-31 19:23:41] [BusValue] Opt:Flush.
[Debug] [2026-3-31 19:23:41] [BusValue] Opt:Update.
[Info] [2026-3-31 19:23:41] MsgOut: COMMAND[run] execute successfully, takes 1.0 secs.
[Debug] [2026-3-31 19:23:41] COMMAND[run] execute successfully, takes 1.0 secs.
[Debug] [2026-3-31 19:23:43] Operation: ZoomOut
[Debug] [2026-3-31 19:23:43] Finish.
[Debug] [2026-3-31 19:23:43] Operation: ZoomOut
[Debug] [2026-3-31 19:23:43] Finish.
[Debug] [2026-3-31 19:23:44] Operation: Zoom in.
[Debug] [2026-3-31 19:23:44] Finish.
[Debug] [2026-3-31 19:24:29] Operation: Trigger.
[Debug] [2026-3-31 19:24:29] Log::Print : run
[Debug] [2026-3-31 19:24:29] Send RPC: 8.
[Debug] [2026-3-31 19:24:29] Send cmd [run:10003] OK
[Info] [2026-3-31 19:24:30] MsgOut: Core 0 trigger successful at Tue Mar 31 19:24:30 2026
[Debug] [2026-3-31 19:24:30] Operation: ZoomFit
[Debug] [2026-3-31 19:24:30] Finish.
[Debug] [2026-3-31 19:24:30] [BusValue] Opt:Flush.
[Debug] [2026-3-31 19:24:30] [BusValue] Opt:Update.
[Info] [2026-3-31 19:24:30] MsgOut: COMMAND[run] execute successfully, takes 1.0 secs.
[Debug] [2026-3-31 19:24:30] COMMAND[run] execute successfully, takes 1.0 secs.
[Debug] [2026-3-31 19:26:25] Operation: Trigger.
[Debug] [2026-3-31 19:26:25] Log::Print : run
[Debug] [2026-3-31 19:26:25] Send RPC: 9.
[Debug] [2026-3-31 19:26:25] Send cmd [run:10003] OK
[Info] [2026-3-31 19:26:26] MsgOut: Core 0 trigger successful at Tue Mar 31 19:26:26 2026
[Debug] [2026-3-31 19:26:26] Operation: ZoomFit
[Debug] [2026-3-31 19:26:26] Finish.
[Debug] [2026-3-31 19:26:26] [BusValue] Opt:Flush.
[Debug] [2026-3-31 19:26:26] [BusValue] Opt:Update.
[Info] [2026-3-31 19:26:26] MsgOut: COMMAND[run] execute successfully, takes 1.1 secs.
[Debug] [2026-3-31 19:26:26] COMMAND[run] execute successfully, takes 1.1 secs.
[Debug] [2026-3-31 19:26:29] Operation: Trigger.
[Debug] [2026-3-31 19:26:29] Log::Print : run
[Debug] [2026-3-31 19:26:29] Send RPC: 10.
[Debug] [2026-3-31 19:26:29] Send cmd [run:10003] OK
[Info] [2026-3-31 19:26:30] MsgOut: Core 0 trigger successful at Tue Mar 31 19:26:30 2026
[Debug] [2026-3-31 19:26:30] Operation: ZoomFit
[Debug] [2026-3-31 19:26:30] Finish.
[Debug] [2026-3-31 19:26:30] [BusValue] Opt:Flush.
[Debug] [2026-3-31 19:26:30] [BusValue] Opt:Update.
[Info] [2026-3-31 19:26:30] MsgOut: COMMAND[run] execute successfully, takes 1.0 secs.
[Debug] [2026-3-31 19:26:30] COMMAND[run] execute successfully, takes 1.0 secs.
[Debug] [2026-3-31 19:26:32] Operation: ZoomOut
[Debug] [2026-3-31 19:26:32] Finish.
[Debug] [2026-3-31 19:26:33] Operation: Zoom in.
[Debug] [2026-3-31 19:26:33] Finish.
[Debug] [2026-3-31 19:26:37] Operation: Trigger.
[Debug] [2026-3-31 19:26:37] Log::Print : run
[Debug] [2026-3-31 19:26:37] Send RPC: 11.
[Debug] [2026-3-31 19:26:37] Send cmd [run:10003] OK
[Info] [2026-3-31 19:26:37] MsgOut: Core 0 trigger successful at Tue Mar 31 19:26:37 2026
[Debug] [2026-3-31 19:26:38] Operation: ZoomFit
[Debug] [2026-3-31 19:26:38] Finish.
[Debug] [2026-3-31 19:26:38] [BusValue] Opt:Flush.
[Debug] [2026-3-31 19:26:38] [BusValue] Opt:Update.
[Info] [2026-3-31 19:26:38] MsgOut: COMMAND[run] execute successfully, takes 1.0 secs.
[Debug] [2026-3-31 19:26:38] COMMAND[run] execute successfully, takes 1.0 secs.
[Debug] [2026-3-31 19:26:45] Operation: Trigger.
[Debug] [2026-3-31 19:26:45] Log::Print : run
[Debug] [2026-3-31 19:26:45] Send RPC: 12.
[Debug] [2026-3-31 19:26:45] Send cmd [run:10003] OK
[Info] [2026-3-31 19:26:46] MsgOut: Core 0 trigger successful at Tue Mar 31 19:26:46 2026
[Debug] [2026-3-31 19:26:46] Operation: ZoomFit
[Debug] [2026-3-31 19:26:46] Finish.
[Debug] [2026-3-31 19:26:46] [BusValue] Opt:Flush.
[Debug] [2026-3-31 19:26:46] [BusValue] Opt:Update.
[Info] [2026-3-31 19:26:46] MsgOut: COMMAND[run] execute successfully, takes 1.0 secs.
[Debug] [2026-3-31 19:26:46] COMMAND[run] execute successfully, takes 1.0 secs.
[Debug] [2026-3-31 19:26:54] Operation: Trigger.
[Debug] [2026-3-31 19:26:54] Log::Print : run
[Debug] [2026-3-31 19:26:54] Send RPC: 13.
[Debug] [2026-3-31 19:26:54] Send cmd [run:10003] OK
[Info] [2026-3-31 19:26:55] MsgOut: Core 0 trigger successful at Tue Mar 31 19:26:55 2026
[Debug] [2026-3-31 19:26:55] Operation: ZoomFit
[Debug] [2026-3-31 19:26:55] Finish.
[Debug] [2026-3-31 19:26:55] [BusValue] Opt:Flush.
[Debug] [2026-3-31 19:26:55] [BusValue] Opt:Update.
[Info] [2026-3-31 19:26:55] MsgOut: COMMAND[run] execute successfully, takes 1.1 secs.
[Debug] [2026-3-31 19:26:55] COMMAND[run] execute successfully, takes 1.1 secs.
[Debug] [2026-3-31 19:27:01] Operation: Trigger.
[Debug] [2026-3-31 19:27:01] Log::Print : run
[Debug] [2026-3-31 19:27:01] Send RPC: 14.
[Debug] [2026-3-31 19:27:01] Send cmd [run:10003] OK
[Info] [2026-3-31 19:27:01] MsgOut: Core 0 trigger successful at Tue Mar 31 19:27:01 2026
[Debug] [2026-3-31 19:27:02] Operation: ZoomFit
[Debug] [2026-3-31 19:27:02] Finish.
[Debug] [2026-3-31 19:27:02] [BusValue] Opt:Flush.
[Debug] [2026-3-31 19:27:02] [BusValue] Opt:Update.
[Info] [2026-3-31 19:27:02] MsgOut: COMMAND[run] execute successfully, takes 1.0 secs.
[Debug] [2026-3-31 19:27:02] COMMAND[run] execute successfully, takes 1.0 secs.
[Debug] [2026-3-31 19:27:08] Operation: Trigger.
[Debug] [2026-3-31 19:27:08] Log::Print : run
[Debug] [2026-3-31 19:27:08] Send RPC: 15.
[Debug] [2026-3-31 19:27:08] Send cmd [run:10003] OK
[Info] [2026-3-31 19:27:09] MsgOut: Core 0 trigger successful at Tue Mar 31 19:27:09 2026
[Debug] [2026-3-31 19:27:09] Operation: ZoomFit
[Debug] [2026-3-31 19:27:09] Finish.
[Debug] [2026-3-31 19:27:09] [BusValue] Opt:Flush.
[Debug] [2026-3-31 19:27:09] [BusValue] Opt:Update.
[Info] [2026-3-31 19:27:09] MsgOut: COMMAND[run] execute successfully, takes 1.1 secs.
[Debug] [2026-3-31 19:27:09] COMMAND[run] execute successfully, takes 1.1 secs.
[Debug] [2026-3-31 19:27:10] Operation: Zoom in.
[Debug] [2026-3-31 19:27:10] Finish.
[Debug] [2026-3-31 19:27:10] Operation: ZoomOut
[Debug] [2026-3-31 19:27:10] Finish.
[Debug] [2026-3-31 19:27:10] Operation: ZoomOut
[Debug] [2026-3-31 19:27:10] Finish.
[Debug] [2026-3-31 19:27:10] Operation: ZoomOut
[Debug] [2026-3-31 19:27:10] Finish.
[Debug] [2026-3-31 19:27:11] Operation: Zoom in.
[Debug] [2026-3-31 19:27:11] Finish.
[Debug] [2026-3-31 19:27:11] Operation: Zoom in.
[Debug] [2026-3-31 19:27:11] Finish.
[Debug] [2026-3-31 19:27:31] Operation: Trigger.
[Debug] [2026-3-31 19:27:31] Log::Print : run
[Debug] [2026-3-31 19:27:31] Send RPC: 16.
[Debug] [2026-3-31 19:27:31] Send cmd [run:10003] OK
[Info] [2026-3-31 19:27:42] MsgOut: Core 0 trigger successful at Tue Mar 31 19:27:42 2026
[Debug] [2026-3-31 19:27:42] Operation: ZoomFit
[Debug] [2026-3-31 19:27:42] Finish.
[Debug] [2026-3-31 19:27:42] [BusValue] Opt:Flush.
[Debug] [2026-3-31 19:27:42] [BusValue] Opt:Update.
[Info] [2026-3-31 19:27:42] MsgOut: COMMAND[run] execute successfully, takes 11.1 secs.
[Debug] [2026-3-31 19:27:42] COMMAND[run] execute successfully, takes 11.1 secs.
[Debug] [2026-3-31 19:28:16] Operation: Trigger.
[Debug] [2026-3-31 19:28:16] Log::Print : run
[Debug] [2026-3-31 19:28:16] Send RPC: 17.
[Debug] [2026-3-31 19:28:16] Send cmd [run:10003] OK
[Info] [2026-3-31 19:28:17] MsgOut: Core 0 trigger successful at Tue Mar 31 19:28:17 2026
[Debug] [2026-3-31 19:28:17] Operation: ZoomFit
[Debug] [2026-3-31 19:28:17] Finish.
[Debug] [2026-3-31 19:28:17] [BusValue] Opt:Flush.
[Debug] [2026-3-31 19:28:17] [BusValue] Opt:Update.
[Info] [2026-3-31 19:28:17] MsgOut: COMMAND[run] execute successfully, takes 1.1 secs.
[Debug] [2026-3-31 19:28:17] COMMAND[run] execute successfully, takes 1.1 secs.
[Debug] [2026-3-31 19:28:19] Operation: Zoom in.
[Debug] [2026-3-31 19:28:19] Finish.
[Debug] [2026-3-31 19:28:19] Operation: Zoom in.
[Debug] [2026-3-31 19:28:19] Finish.
[Debug] [2026-3-31 19:28:21] Operation: ZoomOut
[Debug] [2026-3-31 19:28:21] Finish.
[Debug] [2026-3-31 19:28:26] Operation: ZoomOut
[Debug] [2026-3-31 19:28:26] Finish.
[Debug] [2026-3-31 19:28:26] Operation: ZoomOut
[Debug] [2026-3-31 19:28:26] Finish.
[Debug] [2026-3-31 19:28:26] Operation: ZoomOut
[Debug] [2026-3-31 19:28:26] Finish.
[Debug] [2026-3-31 19:28:26] Operation: Zoom in.
[Debug] [2026-3-31 19:28:26] Finish.
[Debug] [2026-3-31 19:28:26] Operation: Zoom in.
[Debug] [2026-3-31 19:28:26] Finish.
[Debug] [2026-3-31 19:28:26] Operation: Zoom in.
[Debug] [2026-3-31 19:28:26] Finish.
[Debug] [2026-3-31 19:28:30] Operation: ZoomOut
[Debug] [2026-3-31 19:28:30] Finish.
[Debug] [2026-3-31 19:28:33] Operation: Zoom in.
[Debug] [2026-3-31 19:28:33] Finish.
[Debug] [2026-3-31 19:28:41] Operation: ZoomOut
[Debug] [2026-3-31 19:28:41] Finish.
[Debug] [2026-3-31 19:28:41] Operation: ZoomOut
[Debug] [2026-3-31 19:28:41] Finish.
[Debug] [2026-3-31 19:28:41] Operation: ZoomOut
[Debug] [2026-3-31 19:28:41] Finish.
[Debug] [2026-3-31 19:28:41] Operation: ZoomOut
[Debug] [2026-3-31 19:28:41] Finish.
[Debug] [2026-3-31 19:28:41] Operation: ZoomOut
[Debug] [2026-3-31 19:28:41] Finish.
[Debug] [2026-3-31 19:28:41] Operation: Zoom in.
[Debug] [2026-3-31 19:28:41] Finish.
[Debug] [2026-3-31 19:28:42] Operation: Zoom in.
[Debug] [2026-3-31 19:28:42] Finish.
[Debug] [2026-3-31 19:28:42] Operation: Zoom in.
[Debug] [2026-3-31 19:28:42] Finish.
[Debug] [2026-3-31 19:28:42] Operation: Zoom in.
[Debug] [2026-3-31 19:28:42] Finish.
[Debug] [2026-3-31 19:29:04] Operation: ZoomOut
[Debug] [2026-3-31 19:29:04] Finish.
[Debug] [2026-3-31 19:29:04] Operation: ZoomOut
[Debug] [2026-3-31 19:29:04] Finish.
[Debug] [2026-3-31 19:29:04] Operation: ZoomOut
[Debug] [2026-3-31 19:29:04] Finish.
[Debug] [2026-3-31 19:29:04] Operation: ZoomOut
[Debug] [2026-3-31 19:29:04] Finish.
[Debug] [2026-3-31 19:29:04] Operation: ZoomOut
[Debug] [2026-3-31 19:29:04] Finish.
[Debug] [2026-3-31 19:29:04] Operation: ZoomOut
[Debug] [2026-3-31 19:29:04] Finish.
[Debug] [2026-3-31 19:29:05] Operation: ZoomOut
[Debug] [2026-3-31 19:29:05] Finish.
[Debug] [2026-3-31 19:29:05] Operation: ZoomOut
[Debug] [2026-3-31 19:29:05] Finish.
[Debug] [2026-3-31 19:29:06] Operation: ZoomOut
[Debug] [2026-3-31 19:29:06] Finish.
[Debug] [2026-3-31 19:29:06] Operation: Zoom in.
[Debug] [2026-3-31 19:29:06] Finish.
[Debug] [2026-3-31 19:29:06] Operation: Zoom in.
[Debug] [2026-3-31 19:29:06] Finish.
[Debug] [2026-3-31 19:29:12] Operation: Zoom in.
[Debug] [2026-3-31 19:29:12] Finish.
[Debug] [2026-3-31 19:29:12] Operation: Zoom in.
[Debug] [2026-3-31 19:29:12] Finish.
[Debug] [2026-3-31 19:29:13] Operation: Zoom in.
[Debug] [2026-3-31 19:29:13] Finish.
[Debug] [2026-3-31 19:29:13] Operation: Zoom in.
[Debug] [2026-3-31 19:29:13] Finish.
[Debug] [2026-3-31 19:29:13] Operation: Zoom in.
[Debug] [2026-3-31 19:29:13] Finish.
[Debug] [2026-3-31 19:29:13] Operation: Zoom in.
[Debug] [2026-3-31 19:29:13] Finish.
[Debug] [2026-3-31 19:29:13] Operation: Zoom in.
[Debug] [2026-3-31 19:29:13] Finish.
[Debug] [2026-3-31 19:29:15] Operation: ZoomOut
[Debug] [2026-3-31 19:29:15] Finish.
[Debug] [2026-3-31 19:29:15] Operation: ZoomOut
[Debug] [2026-3-31 19:29:15] Finish.
[Debug] [2026-3-31 19:29:15] Operation: ZoomOut
[Debug] [2026-3-31 19:29:15] Finish.
[Debug] [2026-3-31 19:29:15] Operation: ZoomOut
[Debug] [2026-3-31 19:29:15] Finish.
[Debug] [2026-3-31 19:29:15] Operation: ZoomOut
[Debug] [2026-3-31 19:29:15] Finish.
[Debug] [2026-3-31 19:29:15] Operation: ZoomOut
[Debug] [2026-3-31 19:29:16] Finish.
[Debug] [2026-3-31 19:29:16] Operation: ZoomOut
[Debug] [2026-3-31 19:29:16] Finish.
[Debug] [2026-3-31 19:29:16] Operation: ZoomOut
[Debug] [2026-3-31 19:29:16] Finish.
[Debug] [2026-3-31 19:29:17] Operation: Zoom in.
[Debug] [2026-3-31 19:29:17] Finish.
[Debug] [2026-3-31 19:29:17] Operation: Zoom in.
[Debug] [2026-3-31 19:29:17] Finish.
[Debug] [2026-3-31 19:29:18] Operation: Zoom in.
[Debug] [2026-3-31 19:29:18] Finish.
[Debug] [2026-3-31 19:29:18] Operation: Zoom in.
[Debug] [2026-3-31 19:29:18] Finish.
[Debug] [2026-3-31 19:29:18] Operation: Zoom in.
[Debug] [2026-3-31 19:29:18] Finish.
[Debug] [2026-3-31 19:29:18] Operation: Zoom in.
[Debug] [2026-3-31 19:29:18] Finish.
[Debug] [2026-3-31 19:29:18] Operation: Zoom in.
[Debug] [2026-3-31 19:29:18] Finish.
[Debug] [2026-3-31 19:29:19] Operation: Zoom in.
[Debug] [2026-3-31 19:29:19] Finish.
[Debug] [2026-3-31 19:29:19] Operation: ZoomOut
[Debug] [2026-3-31 19:29:19] Finish.
[Debug] [2026-3-31 19:29:19] Operation: ZoomOut
[Debug] [2026-3-31 19:29:19] Finish.
[Debug] [2026-3-31 19:29:19] Operation: ZoomOut
[Debug] [2026-3-31 19:29:19] Finish.
[Debug] [2026-3-31 19:29:19] Operation: ZoomOut
[Debug] [2026-3-31 19:29:19] Finish.
[Debug] [2026-3-31 19:29:19] Operation: ZoomOut
[Debug] [2026-3-31 19:29:19] Finish.
[Debug] [2026-3-31 19:29:19] Operation: ZoomOut
[Debug] [2026-3-31 19:29:19] Finish.
[Debug] [2026-3-31 19:29:19] Operation: ZoomOut
[Debug] [2026-3-31 19:29:19] Finish.
[Debug] [2026-3-31 19:29:20] Operation: ZoomOut
[Debug] [2026-3-31 19:29:20] Finish.
[Debug] [2026-3-31 19:29:20] Operation: ZoomOut
[Debug] [2026-3-31 19:29:20] Finish.
[Debug] [2026-3-31 19:29:37] Operation: Zoom in.
[Debug] [2026-3-31 19:29:37] Finish.
[Debug] [2026-3-31 19:29:37] Operation: Zoom in.
[Debug] [2026-3-31 19:29:37] Finish.
[Debug] [2026-3-31 19:29:37] Operation: Zoom in.
[Debug] [2026-3-31 19:29:37] Finish.
[Debug] [2026-3-31 19:29:37] Operation: Zoom in.
[Debug] [2026-3-31 19:29:37] Finish.
[Debug] [2026-3-31 19:29:38] Operation: Zoom in.
[Debug] [2026-3-31 19:29:38] Finish.
[Debug] [2026-3-31 19:29:38] Operation: Zoom in.
[Debug] [2026-3-31 19:29:38] Finish.
[Debug] [2026-3-31 19:29:38] Operation: Zoom in.
[Debug] [2026-3-31 19:29:38] Finish.
[Debug] [2026-3-31 19:29:39] Operation: Zoom in.
[Debug] [2026-3-31 19:29:39] Finish.
[Debug] [2026-3-31 19:29:52] Operation: Try to close window.
[Debug] [2026-3-31 19:29:52] /*************************** 2026-03-31 19:29:52  End ***************************/
[Debug] [2026-3-31 19:59:16] /*************************** 2026-03-31 19:59:16  Start ***************************/
[Debug] [2026-3-31 19:59:16] Path: C:/pango/PDS_2022.2-SP6.4/bin
[Debug] [2026-3-31 19:59:16] #Generated by Fabric Debugger (version 2022.2-SP6.4 build 146967) at Tue Mar 31 19:59:16 2026


[Info] [2026-3-31 19:59:16] MsgOut: Fabric Debugger Started.
[Debug] [2026-3-31 19:59:16] Main window show.
[Debug] [2026-3-31 19:59:18] Operation: Scan.
[Debug] [2026-3-31 19:59:18] Client Local host name:DESKTOP-VB8TKRO
[Debug] [2026-3-31 19:59:18] Client Local Address:2.0.0.1
[Debug] [2026-3-31 19:59:18] Client Local Address:210.77.26.220
[Debug] [2026-3-31 19:59:18] Client Local Address:192.168.44.1
[Debug] [2026-3-31 19:59:18] Client Local Address:192.168.176.1
[Debug] [2026-3-31 19:59:18] Server Address:127.0.0.1, Port:65420
[Info] [2026-3-31 19:59:18] MsgOut: Connecting to server[127.0.0.1 : 65420].
[Info] [2026-3-31 19:59:19] Connect OK, Server: 127.0.0.1  Port: 65420
[Info] [2026-3-31 19:59:19] MsgOut: Connect to server[127.0.0.1 : 65420] successfully.
[Debug] [2026-3-31 19:59:19] Finish.
[Debug] [2026-3-31 19:59:19] Log::Print : check version information
[Debug] [2026-3-31 19:59:19] Send RPC: 1.
[Debug] [2026-3-31 19:59:19] Send cmd [check version information:40004] OK
[Debug] [2026-3-31 19:59:19] Log::Print : get_cable_paras
[Debug] [2026-3-31 19:59:19] Send RPC: 2.
[Debug] [2026-3-31 19:59:19] Send cmd [get_cable_paras:40010] OK
[Debug] [2026-3-31 19:59:19] Log::Print : open_cable
[Debug] [2026-3-31 19:59:19] Send RPC: 3.
[Debug] [2026-3-31 19:59:19] Send cmd [open_cable:10001] OK
[Info] [2026-3-31 19:59:19] MsgOut: COMMAND[check version information] execute successfully, takes 0.4 secs.
[Debug] [2026-3-31 19:59:19] COMMAND[check version information] execute successfully, takes 0.4 secs.
[Info] [2026-3-31 19:59:20] MsgOut: The Cable List : 
Cable index 0:USB Cable II/fffffffffffffffe 

[Info] [2026-3-31 19:59:20] MsgOut: COMMAND[get_cable_paras] execute successfully, takes 1.1 secs.
[Debug] [2026-3-31 19:59:20] COMMAND[get_cable_paras] execute successfully, takes 1.1 secs.
[Info] [2026-3-31 19:59:21] MsgOut: PANGO USB CABLE II cable driver: D2XX DLL
[Info] [2026-3-31 19:59:25] MsgOut: COMMAND[open_cable] execute successfully, takes 5.8 secs.
[Debug] [2026-3-31 19:59:25] COMMAND[open_cable] execute successfully, takes 5.8 secs.
[Debug] [2026-3-31 19:59:27] Configure.
[Debug] [2026-3-31 19:59:29] Operation: Program.
[Debug] [2026-3-31 19:59:29] Log::Print : configure
[Debug] [2026-3-31 19:59:29] Send RPC: 4.
[Debug] [2026-3-31 19:59:29] Send cmd [configure:10002] OK
[Debug] [2026-3-31 19:59:30] The value is 6.
[Debug] [2026-3-31 19:59:31] The value is 10.
[Debug] [2026-3-31 19:59:31] The value is 15.
[Debug] [2026-3-31 19:59:31] The value is 20.
[Debug] [2026-3-31 19:59:32] The value is 25.
[Debug] [2026-3-31 19:59:32] The value is 30.
[Debug] [2026-3-31 19:59:32] The value is 35.
[Debug] [2026-3-31 19:59:33] The value is 40.
[Debug] [2026-3-31 19:59:33] The value is 45.
[Debug] [2026-3-31 19:59:34] The value is 50.
[Debug] [2026-3-31 19:59:34] The value is 55.
[Debug] [2026-3-31 19:59:34] The value is 60.
[Debug] [2026-3-31 19:59:35] The value is 65.
[Debug] [2026-3-31 19:59:35] The value is 70.
[Debug] [2026-3-31 19:59:36] The value is 75.
[Debug] [2026-3-31 19:59:36] The value is 80.
[Debug] [2026-3-31 19:59:36] The value is 85.
[Debug] [2026-3-31 19:59:37] The value is 90.
[Debug] [2026-3-31 19:59:37] The value is 95.
[Debug] [2026-3-31 19:59:37] The value is 100.
[Debug] [2026-3-31 19:59:39] [BusValue] Opt:Add.
[Debug] [2026-3-31 19:59:39] [BusValue] Opt:Add.
[Info] [2026-3-31 19:59:39] MsgOut: COMMAND[configure] execute successfully, takes 9.8 secs.
[Debug] [2026-3-31 19:59:39] COMMAND[configure] execute successfully, takes 9.8 secs.
[Debug] [2026-3-31 19:59:39] Log::Print : Import Core: 0 OK
[Debug] [2026-3-31 19:59:54] Operation: Trigger.
[Debug] [2026-3-31 19:59:54] Log::Print : run
[Debug] [2026-3-31 19:59:54] Send RPC: 5.
[Debug] [2026-3-31 19:59:54] Send cmd [run:10003] OK
[Info] [2026-3-31 19:59:55] MsgOut: Core 0 trigger successful at Tue Mar 31 19:59:55 2026
[Debug] [2026-3-31 19:59:55] Operation: ZoomFit
[Debug] [2026-3-31 19:59:55] Finish.
[Debug] [2026-3-31 19:59:55] [BusValue] Opt:Flush.
[Debug] [2026-3-31 19:59:55] [BusValue] Opt:Update.
[Info] [2026-3-31 19:59:55] MsgOut: COMMAND[run] execute successfully, takes 1.1 secs.
[Debug] [2026-3-31 19:59:55] COMMAND[run] execute successfully, takes 1.1 secs.
[Debug] [2026-3-31 20:00:01] Operation: Zoom in.
[Debug] [2026-3-31 20:00:01] Finish.
[Debug] [2026-3-31 20:00:02] Operation: Zoom in.
[Debug] [2026-3-31 20:00:02] Finish.
[Debug] [2026-3-31 20:00:02] Operation: Zoom in.
[Debug] [2026-3-31 20:00:02] Finish.
[Debug] [2026-3-31 20:00:02] Operation: Zoom in.
[Debug] [2026-3-31 20:00:02] Finish.
[Debug] [2026-3-31 20:00:03] Operation: Zoom in.
[Debug] [2026-3-31 20:00:03] Finish.
[Debug] [2026-3-31 20:00:03] Operation: Zoom in.
[Debug] [2026-3-31 20:00:03] Finish.
[Debug] [2026-3-31 20:00:03] Operation: Zoom in.
[Debug] [2026-3-31 20:00:03] Finish.
[Debug] [2026-3-31 20:00:04] Operation: ZoomOut
[Debug] [2026-3-31 20:00:04] Finish.
[Debug] [2026-3-31 20:00:19] Operation: Trigger.
[Debug] [2026-3-31 20:00:19] Log::Print : run
[Debug] [2026-3-31 20:00:19] Send RPC: 6.
[Debug] [2026-3-31 20:00:19] Send cmd [run:10003] OK
[Info] [2026-3-31 20:00:19] MsgOut: Core 0 trigger successful at Tue Mar 31 20:00:19 2026
[Debug] [2026-3-31 20:00:20] Operation: ZoomFit
[Debug] [2026-3-31 20:00:20] Finish.
[Debug] [2026-3-31 20:00:20] [BusValue] Opt:Flush.
[Debug] [2026-3-31 20:00:20] [BusValue] Opt:Update.
[Info] [2026-3-31 20:00:20] MsgOut: COMMAND[run] execute successfully, takes 1.1 secs.
[Debug] [2026-3-31 20:00:20] COMMAND[run] execute successfully, takes 1.1 secs.
[Debug] [2026-3-31 20:01:04] Operation: Trigger.
[Debug] [2026-3-31 20:01:04] Log::Print : run
[Debug] [2026-3-31 20:01:04] Send RPC: 7.
[Debug] [2026-3-31 20:01:04] Send cmd [run:10003] OK
[Info] [2026-3-31 20:01:05] MsgOut: Core 0 trigger successful at Tue Mar 31 20:01:05 2026
[Debug] [2026-3-31 20:01:05] Operation: ZoomFit
[Debug] [2026-3-31 20:01:05] Finish.
[Debug] [2026-3-31 20:01:05] [BusValue] Opt:Flush.
[Debug] [2026-3-31 20:01:05] [BusValue] Opt:Update.
[Info] [2026-3-31 20:01:05] MsgOut: COMMAND[run] execute successfully, takes 1.0 secs.
[Debug] [2026-3-31 20:01:05] COMMAND[run] execute successfully, takes 1.0 secs.
[Debug] [2026-3-31 20:02:32] Operation: Try to close window.
[Debug] [2026-3-31 20:02:32] /*************************** 2026-03-31 20:02:32  End ***************************/
[Debug] [2026-3-31 20:15:32] /*************************** 2026-03-31 20:15:32  Start ***************************/
[Debug] [2026-3-31 20:15:32] Path: C:/pango/PDS_2022.2-SP6.4/bin
[Debug] [2026-3-31 20:15:32] #Generated by Fabric Debugger (version 2022.2-SP6.4 build 146967) at Tue Mar 31 20:15:32 2026


[Info] [2026-3-31 20:15:32] MsgOut: Fabric Debugger Started.
[Debug] [2026-3-31 20:15:32] Main window show.
[Debug] [2026-3-31 20:15:33] Operation: Scan.
[Debug] [2026-3-31 20:15:33] Client Local host name:DESKTOP-VB8TKRO
[Debug] [2026-3-31 20:15:33] Client Local Address:2.0.0.1
[Debug] [2026-3-31 20:15:33] Client Local Address:210.77.26.220
[Debug] [2026-3-31 20:15:33] Client Local Address:192.168.44.1
[Debug] [2026-3-31 20:15:33] Client Local Address:192.168.176.1
[Debug] [2026-3-31 20:15:33] Server Address:127.0.0.1, Port:65420
[Info] [2026-3-31 20:15:33] MsgOut: Connecting to server[127.0.0.1 : 65420].
[Info] [2026-3-31 20:15:34] Connect OK, Server: 127.0.0.1  Port: 65420
[Info] [2026-3-31 20:15:34] MsgOut: Connect to server[127.0.0.1 : 65420] successfully.
[Debug] [2026-3-31 20:15:34] Finish.
[Debug] [2026-3-31 20:15:34] Log::Print : check version information
[Debug] [2026-3-31 20:15:34] Send RPC: 1.
[Debug] [2026-3-31 20:15:34] Send cmd [check version information:40004] OK
[Debug] [2026-3-31 20:15:34] Log::Print : get_cable_paras
[Debug] [2026-3-31 20:15:34] Send RPC: 2.
[Debug] [2026-3-31 20:15:34] Send cmd [get_cable_paras:40010] OK
[Debug] [2026-3-31 20:15:34] Log::Print : open_cable
[Debug] [2026-3-31 20:15:34] Send RPC: 3.
[Debug] [2026-3-31 20:15:34] Send cmd [open_cable:10001] OK
[Info] [2026-3-31 20:15:34] MsgOut: COMMAND[check version information] execute successfully, takes 0.0 secs.
[Debug] [2026-3-31 20:15:34] COMMAND[check version information] execute successfully, takes 0.0 secs.
[Info] [2026-3-31 20:15:35] MsgOut: The Cable List : 

[Info] [2026-3-31 20:15:35] MsgOut: COMMAND[get_cable_paras] execute successfully, takes 0.8 secs.
[Debug] [2026-3-31 20:15:35] COMMAND[get_cable_paras] execute successfully, takes 0.8 secs.
[Error] [2026-3-31 20:15:35] Fail to exec scan command.
[Error] [2026-3-31 20:15:35] cmdid:10001 HandleErrorExec msg:JtagServer-0306: No devices detected while scanning the JTAG chain, failed detecting JTAG device chain.
[Error] [2026-3-31 20:15:35] MsgOut: JtagServer-0306: No devices detected while scanning the JTAG chain, failed detecting JTAG device chain.
[Error] [2026-3-31 20:15:35] MsgOut: Debugger-0006: Command open_cable exec unsuccessfully.
[Debug] [2026-3-31 20:15:36] Operation: Scan.
[Debug] [2026-3-31 20:15:36] Log::Print : open_cable
[Debug] [2026-3-31 20:15:36] Send RPC: 4.
[Debug] [2026-3-31 20:15:36] Send cmd [open_cable:10001] OK
[Error] [2026-3-31 20:15:36] Fail to exec scan command.
[Error] [2026-3-31 20:15:36] cmdid:10001 HandleErrorExec msg:JtagServer-0306: No devices detected while scanning the JTAG chain, failed detecting JTAG device chain.
[Error] [2026-3-31 20:15:36] MsgOut: JtagServer-0306: No devices detected while scanning the JTAG chain, failed detecting JTAG device chain.
[Error] [2026-3-31 20:15:36] MsgOut: Debugger-0006: Command open_cable exec unsuccessfully.
[Debug] [2026-3-31 20:15:40] Operation: Scan.
[Debug] [2026-3-31 20:15:40] Log::Print : open_cable
[Debug] [2026-3-31 20:15:40] Send RPC: 5.
[Debug] [2026-3-31 20:15:40] Send cmd [open_cable:10001] OK
[Error] [2026-3-31 20:15:40] Fail to exec scan command.
[Error] [2026-3-31 20:15:40] cmdid:10001 HandleErrorExec msg:JtagServer-0306: No devices detected while scanning the JTAG chain, failed detecting JTAG device chain.
[Error] [2026-3-31 20:15:40] MsgOut: JtagServer-0306: No devices detected while scanning the JTAG chain, failed detecting JTAG device chain.
[Error] [2026-3-31 20:15:40] MsgOut: Debugger-0006: Command open_cable exec unsuccessfully.
[Debug] [2026-3-31 20:15:43] Operation: Scan.
[Debug] [2026-3-31 20:15:43] Log::Print : open_cable
[Debug] [2026-3-31 20:15:43] Send RPC: 6.
[Debug] [2026-3-31 20:15:43] Send cmd [open_cable:10001] OK
[Error] [2026-3-31 20:15:43] Fail to exec scan command.
[Error] [2026-3-31 20:15:43] cmdid:10001 HandleErrorExec msg:JtagServer-0306: No devices detected while scanning the JTAG chain, failed detecting JTAG device chain.
[Error] [2026-3-31 20:15:43] MsgOut: JtagServer-0306: No devices detected while scanning the JTAG chain, failed detecting JTAG device chain.
[Error] [2026-3-31 20:15:43] MsgOut: Debugger-0006: Command open_cable exec unsuccessfully.
[Debug] [2026-3-31 20:15:48] Operation: Try to close window.
[Debug] [2026-3-31 20:15:48] /*************************** 2026-03-31 20:15:48  End ***************************/
[Debug] [2026-3-31 20:15:52] /*************************** 2026-03-31 20:15:52  Start ***************************/
[Debug] [2026-3-31 20:15:52] Path: C:/pango/PDS_2022.2-SP6.4/bin
[Debug] [2026-3-31 20:15:52] #Generated by Fabric Debugger (version 2022.2-SP6.4 build 146967) at Tue Mar 31 20:15:52 2026


[Info] [2026-3-31 20:15:52] MsgOut: Fabric Debugger Started.
[Debug] [2026-3-31 20:15:52] Main window show.
[Debug] [2026-3-31 20:15:53] Operation: Scan.
[Debug] [2026-3-31 20:15:53] Client Local host name:DESKTOP-VB8TKRO
[Debug] [2026-3-31 20:15:53] Client Local Address:2.0.0.1
[Debug] [2026-3-31 20:15:53] Client Local Address:210.77.26.220
[Debug] [2026-3-31 20:15:53] Client Local Address:192.168.44.1
[Debug] [2026-3-31 20:15:53] Client Local Address:192.168.176.1
[Debug] [2026-3-31 20:15:53] Server Address:127.0.0.1, Port:65420
[Info] [2026-3-31 20:15:54] MsgOut: Connecting to server[127.0.0.1 : 65420].
[Info] [2026-3-31 20:15:54] Connect OK, Server: 127.0.0.1  Port: 65420
[Info] [2026-3-31 20:15:54] MsgOut: Connect to server[127.0.0.1 : 65420] successfully.
[Debug] [2026-3-31 20:15:54] Finish.
[Debug] [2026-3-31 20:15:54] Log::Print : check version information
[Debug] [2026-3-31 20:15:54] Send RPC: 1.
[Debug] [2026-3-31 20:15:54] Send cmd [check version information:40004] OK
[Debug] [2026-3-31 20:15:55] Log::Print : get_cable_paras
[Debug] [2026-3-31 20:15:55] Send RPC: 2.
[Debug] [2026-3-31 20:15:55] Send cmd [get_cable_paras:40010] OK
[Debug] [2026-3-31 20:15:55] Log::Print : open_cable
[Debug] [2026-3-31 20:15:55] Send RPC: 3.
[Debug] [2026-3-31 20:15:55] Send cmd [open_cable:10001] OK
[Info] [2026-3-31 20:15:55] MsgOut: COMMAND[check version information] execute successfully, takes 1.3 secs.
[Debug] [2026-3-31 20:15:55] COMMAND[check version information] execute successfully, takes 1.3 secs.
[Info] [2026-3-31 20:15:57] MsgOut: The Cable List : 
Cable index 0:USB Cable II/fffffffffffffffe 

[Info] [2026-3-31 20:15:57] MsgOut: COMMAND[get_cable_paras] execute successfully, takes 1.9 secs.
[Debug] [2026-3-31 20:15:57] COMMAND[get_cable_paras] execute successfully, takes 1.9 secs.
[Info] [2026-3-31 20:15:58] MsgOut: PANGO USB CABLE II cable driver: D2XX DLL
[Info] [2026-3-31 20:16:01] MsgOut: COMMAND[open_cable] execute successfully, takes 5.4 secs.
[Debug] [2026-3-31 20:16:01] COMMAND[open_cable] execute successfully, takes 5.4 secs.
[Debug] [2026-3-31 20:16:03] Configure.
[Debug] [2026-3-31 20:16:06] Operation: Program.
[Debug] [2026-3-31 20:16:06] Log::Print : configure
[Debug] [2026-3-31 20:16:06] Send RPC: 4.
[Debug] [2026-3-31 20:16:06] Send cmd [configure:10002] OK
[Debug] [2026-3-31 20:16:07] The value is 6.
[Debug] [2026-3-31 20:16:07] The value is 10.
[Debug] [2026-3-31 20:16:08] The value is 15.
[Debug] [2026-3-31 20:16:08] The value is 20.
[Debug] [2026-3-31 20:16:08] The value is 25.
[Debug] [2026-3-31 20:16:09] The value is 30.
[Debug] [2026-3-31 20:16:09] The value is 35.
[Debug] [2026-3-31 20:16:09] The value is 40.
[Debug] [2026-3-31 20:16:10] The value is 45.
[Debug] [2026-3-31 20:16:10] The value is 50.
[Debug] [2026-3-31 20:16:11] The value is 55.
[Debug] [2026-3-31 20:16:11] The value is 60.
[Debug] [2026-3-31 20:16:11] The value is 65.
[Debug] [2026-3-31 20:16:12] The value is 70.
[Debug] [2026-3-31 20:16:12] The value is 75.
[Debug] [2026-3-31 20:16:13] The value is 80.
[Debug] [2026-3-31 20:16:13] The value is 85.
[Debug] [2026-3-31 20:16:13] The value is 90.
[Debug] [2026-3-31 20:16:14] The value is 95.
[Debug] [2026-3-31 20:16:14] The value is 100.
[Debug] [2026-3-31 20:16:16] [BusValue] Opt:Add.
[Debug] [2026-3-31 20:16:16] [BusValue] Opt:Add.
[Info] [2026-3-31 20:16:16] MsgOut: COMMAND[configure] execute successfully, takes 9.8 secs.
[Debug] [2026-3-31 20:16:16] COMMAND[configure] execute successfully, takes 9.8 secs.
[Debug] [2026-3-31 20:16:16] Log::Print : Import Core: 0 OK
[Debug] [2026-3-31 20:16:31] Operation: Trigger.
[Debug] [2026-3-31 20:16:31] Log::Print : run
[Debug] [2026-3-31 20:16:31] Send RPC: 5.
[Debug] [2026-3-31 20:16:31] Send cmd [run:10003] OK
[Debug] [2026-3-31 20:16:38] Operation: Stop trigger.
[Debug] [2026-3-31 20:16:38] Log::Print : stop
[Debug] [2026-3-31 20:16:38] Send RPC: 6.
[Debug] [2026-3-31 20:16:38] Send cmd [stop:10010] OK
[Info] [2026-3-31 20:16:38] MsgOut: COMMAND[stop] execute successfully, takes 0.0 secs.
[Debug] [2026-3-31 20:16:38] COMMAND[stop] execute successfully, takes 0.0 secs.
[Error] [2026-3-31 20:16:39] Fail to exec trigger command.
[Warn] [2026-3-31 20:16:39] cmdid:10003 HandleWarnExec msg:Core 0 is stopped by user
[Debug] [2026-3-31 20:16:39] HandleErrorExec run Show Core:
[Debug] [2026-3-31 20:16:39] /******************** Core Information *************************/
[Debug] [2026-3-31 20:16:39] Core basic info: 
[Debug] [2026-3-31 20:16:39] 	Core version: 0x9001f003
[Debug] [2026-3-31 20:16:39] 	Index: 0
[Debug] [2026-3-31 20:16:39] 	Name: MyFLA0
[Debug] [2026-3-31 20:16:39] 	Core type: 
[Debug] [2026-3-31 20:16:39] 	Data same as trigger: true
[Debug] [2026-3-31 20:16:39] 	Storage qualification: false
[Debug] [2026-3-31 20:16:39] 	Max data depth: 1000
[Debug] [2026-3-31 20:16:39] 	Sample data width: 2b
[Debug] [2026-3-31 20:16:39] 	Trigger sequencer level: 1
[Debug] [2026-3-31 20:16:39] 	Trigger output enabled: false
[Debug] [2026-3-31 20:16:39] 	Multi windows enabled: false
[Debug] [2026-3-31 20:16:39] 	Reset wave property status: false
[Debug] [2026-3-31 20:16:39] Core Property: 
[Debug] [2026-3-31 20:16:39] 	Core version: 0x9001f003
[Debug] [2026-3-31 20:16:39] 	Index: 0
[Debug] [2026-3-31 20:16:39] 	Core type: 
[Debug] [2026-3-31 20:16:39] 	Data same as trigger: true
[Debug] [2026-3-31 20:16:39] 	Storage qualification: false
[Debug] [2026-3-31 20:16:39] 	Trigger output enabled: false
[Debug] [2026-3-31 20:16:39] 	Multi windows enabled: false
[Debug] [2026-3-31 20:16:39] 	Max data depth: 1000
[Debug] [2026-3-31 20:16:39] 	Sample data width: 2b
[Debug] [2026-3-31 20:16:39] 	Trigger sequencer level: 1
[Debug] [2026-3-31 20:16:39] 	Channel num		Match unit num		Match unit type		Counter width		Port is data
[Debug] [2026-3-31 20:16:39] 	Trigger port 0 : 	2b	3	1	0	true
[Debug] [2026-3-31 20:16:39] Signals Property: 
[Debug] [2026-3-31 20:16:39] 	Window num: 0
[Debug] [2026-3-31 20:16:39] 	Samples num in window: 0
[Debug] [2026-3-31 20:16:39] 	Trigger time in window: 0
[Debug] [2026-3-31 20:16:39] 	Samples num: 0
[Debug] [2026-3-31 20:16:39] 	Negative time: true
[Debug] [2026-3-31 20:16:39] 	Signal type: 0
[Debug] [2026-3-31 20:16:39] 	Total trigger position: 0
[Debug] [2026-3-31 20:16:39] Storage Style Property: 
[Debug] [2026-3-31 20:16:39] 	Style type: 0
[Debug] [2026-3-31 20:16:39] 	Windows num: 1
[Debug] [2026-3-31 20:16:39] 	Depth per window: 1000
[Debug] [2026-3-31 20:16:39] 	Window position: 800
[Debug] [2026-3-31 20:16:39] 	Samples per trigger: 1000
[Debug] [2026-3-31 20:16:39] 	Storage qualification: All Data
[Debug] [2026-3-31 20:16:39] Data Port: 
[Debug] [2026-3-31 20:16:39] 	Max depth: 0
[Debug] [2026-3-31 20:16:39] 	Depth: 0
[Debug] [2026-3-31 20:16:39] Trigger Port: 
[Debug] [2026-3-31 20:16:39] Trigger Port 0 :
[Debug] [2026-3-31 20:16:39] 	Port index: 0
[Debug] [2026-3-31 20:16:39] 	Match type: 1
[Debug] [2026-3-31 20:16:39] 	Counter width: 0
[Debug] [2026-3-31 20:16:39] 	Is data: true
[Debug] [2026-3-31 20:16:39] Match Unit: 
[Debug] [2026-3-31 20:16:39] Match Unit 0 :
[Debug] [2026-3-31 20:16:39] 	Trigger port index: 0
[Debug] [2026-3-31 20:16:39] 	Value: XXXXXXXXXXXXXXXXXXXXXXXXXXXXXXXXXXXXXXXXXX1
[Debug] [2026-3-31 20:16:39] 	Index: 0
[Debug] [2026-3-31 20:16:39] 	Function: 0
[Debug] [2026-3-31 20:16:39] 	Radix: 
[Debug] [2026-3-31 20:16:39] 	Counter match event: 0
[Debug] [2026-3-31 20:16:39] 	Counter cycles: 1
[Debug] [2026-3-31 20:16:39] 	Trigger output enabled: true
[Debug] [2026-3-31 20:16:39] 	Range form : 0000000000000000000000000000000000000000000 to 0000000000000000000000000000000000000000000
[Debug] [2026-3-31 20:16:39] 	Is tp need deleted: false
[Debug] [2026-3-31 20:16:39] Match Unit 1 :
[Debug] [2026-3-31 20:16:39] 	Trigger port index: 0
[Debug] [2026-3-31 20:16:39] 	Value: XXXXXXXXXXXXXXXXXXXXXXXXXXXXXXXXXXXXXXXXXXX
[Debug] [2026-3-31 20:16:39] 	Index: 1
[Debug] [2026-3-31 20:16:39] 	Function: 0
[Debug] [2026-3-31 20:16:39] 	Radix: 
[Debug] [2026-3-31 20:16:39] 	Counter match event: 0
[Debug] [2026-3-31 20:16:39] 	Counter cycles: 1
[Debug] [2026-3-31 20:16:39] 	Trigger output enabled: true
[Debug] [2026-3-31 20:16:39] 	Range form : 0000000000000000000000000000000000000000000 to 0000000000000000000000000000000000000000000
[Debug] [2026-3-31 20:16:39] 	Is tp need deleted: false
[Debug] [2026-3-31 20:16:39] Match Unit 2 :
[Debug] [2026-3-31 20:16:39] 	Trigger port index: 0
[Debug] [2026-3-31 20:16:39] 	Value: XXXXXXXXXXXXXXXXXXXXXXXXXXXXXXXXXXXXXXXXXXX
[Debug] [2026-3-31 20:16:39] 	Index: 2
[Debug] [2026-3-31 20:16:39] 	Function: 0
[Debug] [2026-3-31 20:16:39] 	Radix: 
[Debug] [2026-3-31 20:16:39] 	Counter match event: 0
[Debug] [2026-3-31 20:16:39] 	Counter cycles: 1
[Debug] [2026-3-31 20:16:39] 	Trigger output enabled: true
[Debug] [2026-3-31 20:16:39] 	Range form : 0000000000000000000000000000000000000000000 to 0000000000000000000000000000000000000000000
[Debug] [2026-3-31 20:16:39] 	Is tp need deleted: false
[Debug] [2026-3-31 20:16:39] Bus: 
[Debug] [2026-3-31 20:16:39] Bus 0 :
[Debug] [2026-3-31 20:16:39] 	data_to_layer
[Debug] [2026-3-31 20:16:39] Channel Index 0 :	Data Port: 1	Channel name: data_to_layer[1]
[Debug] [2026-3-31 20:16:39] Channel Index 1 :	Data Port: 2	Channel name: data_to_layer[2]
[Debug] [2026-3-31 20:16:39] Channel Index 2 :	Data Port: 3	Channel name: data_to_layer[3]
[Debug] [2026-3-31 20:16:39] Channel Index 3 :	Data Port: 4	Channel name: data_to_layer[4]
[Debug] [2026-3-31 20:16:39] Channel Index 4 :	Data Port: 5	Channel name: data_to_layer[5]
[Debug] [2026-3-31 20:16:39] Channel Index 5 :	Data Port: 6	Channel name: data_to_layer[6]
[Debug] [2026-3-31 20:16:39] Channel Index 6 :	Data Port: 7	Channel name: data_to_layer[7]
[Debug] [2026-3-31 20:16:39] Channel Index 7 :	Data Port: 8	Channel name: data_to_layer[8]
[Debug] [2026-3-31 20:16:39] Channel Index 8 :	Data Port: 9	Channel name: data_to_layer[9]
[Debug] [2026-3-31 20:16:39] Channel Index 9 :	Data Port: a	Channel name: data_to_layer[10]
[Debug] [2026-3-31 20:16:39] Channel Index a :	Data Port: b	Channel name: data_to_layer[11]
[Debug] [2026-3-31 20:16:39] Channel Index b :	Data Port: c	Channel name: data_to_layer[12]
[Debug] [2026-3-31 20:16:39] Channel Index c :	Data Port: d	Channel name: data_to_layer[13]
[Debug] [2026-3-31 20:16:39] Channel Index d :	Data Port: e	Channel name: data_to_layer[14]
[Debug] [2026-3-31 20:16:39] Channel Index e :	Data Port: f	Channel name: data_to_layer[15]
[Debug] [2026-3-31 20:16:39] Channel Index f :	Data Port: 10	Channel name: data_to_layer[16]
[Debug] [2026-3-31 20:16:39] Channel Index 10 :	Data Port: 11	Channel name: data_to_layer[17]
[Debug] [2026-3-31 20:16:39] Channel Index 11 :	Data Port: 12	Channel name: data_to_layer[18]
[Debug] [2026-3-31 20:16:39] Channel Index 12 :	Data Port: 13	Channel name: data_to_layer[19]
[Debug] [2026-3-31 20:16:39] Channel Index 13 :	Data Port: 14	Channel name: data_to_layer[20]
[Debug] [2026-3-31 20:16:39] Channel Index 14 :	Data Port: 15	Channel name: data_to_layer[21]
[Debug] [2026-3-31 20:16:39] Channel Index 15 :	Data Port: 16	Channel name: data_to_layer[22]
[Debug] [2026-3-31 20:16:39] Channel Index 16 :	Data Port: 17	Channel name: data_to_layer[23]
[Debug] [2026-3-31 20:16:39] Bus 1 :
[Debug] [2026-3-31 20:16:39] 	u_top_yolo/layer_y_out_layer0
[Debug] [2026-3-31 20:16:39] Channel Index 0 :	Data Port: 1a	Channel name: u_top_yolo/layer_y_out_layer0[0]
[Debug] [2026-3-31 20:16:39] Channel Index 1 :	Data Port: 1b	Channel name: u_top_yolo/layer_y_out_layer0[1]
[Debug] [2026-3-31 20:16:39] Channel Index 2 :	Data Port: 1c	Channel name: u_top_yolo/layer_y_out_layer0[2]
[Debug] [2026-3-31 20:16:39] Channel Index 3 :	Data Port: 1d	Channel name: u_top_yolo/layer_y_out_layer0[3]
[Debug] [2026-3-31 20:16:39] Channel Index 4 :	Data Port: 1e	Channel name: u_top_yolo/layer_y_out_layer0[4]
[Debug] [2026-3-31 20:16:39] Channel Index 5 :	Data Port: 1f	Channel name: u_top_yolo/layer_y_out_layer0[5]
[Debug] [2026-3-31 20:16:39] Channel Index 6 :	Data Port: 20	Channel name: u_top_yolo/layer_y_out_layer0[6]
[Debug] [2026-3-31 20:16:39] Channel Index 7 :	Data Port: 21	Channel name: u_top_yolo/layer_y_out_layer0[7]
[Debug] [2026-3-31 20:16:39] Channel Index 8 :	Data Port: 22	Channel name: u_top_yolo/layer_y_out_layer0[8]
[Debug] [2026-3-31 20:16:39] Channel Index 9 :	Data Port: 23	Channel name: u_top_yolo/layer_y_out_layer0[9]
[Debug] [2026-3-31 20:16:39] Channel Index a :	Data Port: 24	Channel name: u_top_yolo/layer_y_out_layer0[10]
[Debug] [2026-3-31 20:16:39] Channel Index b :	Data Port: 25	Channel name: u_top_yolo/layer_y_out_layer0[11]
[Debug] [2026-3-31 20:16:39] Channel Index c :	Data Port: 26	Channel name: u_top_yolo/layer_y_out_layer0[12]
[Debug] [2026-3-31 20:16:39] Channel Index d :	Data Port: 27	Channel name: u_top_yolo/layer_y_out_layer0[13]
[Debug] [2026-3-31 20:16:39] Channel Index e :	Data Port: 28	Channel name: u_top_yolo/layer_y_out_layer0[14]
[Debug] [2026-3-31 20:16:39] Channel Index f :	Data Port: 29	Channel name: u_top_yolo/layer_y_out_layer0[15]
[Debug] [2026-3-31 20:16:39] Trigger Condition: 
[Debug] [2026-3-31 20:16:39] Trigger Condition 0 :
[Debug] [2026-3-31 20:16:39] 	Is active: true
[Debug] [2026-3-31 20:16:39] 	Name: TriggerCondition0
[Debug] [2026-3-31 20:16:39] 	Equation: TU0
[Debug] [2026-3-31 20:16:39] 	Output enable type: 0
[Debug] [2026-3-31 20:16:39] 	Trigger condition type: 0
[Debug] [2026-3-31 20:16:39] 	Use contiguous match event: false
[Debug] [2026-3-31 20:16:39] /**************************************************************/
[Warn] [2026-3-31 20:16:39] MsgOut: Core 0 is stopped by user
[Error] [2026-3-31 20:16:39] MsgOut: Debugger-0006: Command run exec unsuccessfully.
[Debug] [2026-3-31 20:16:41] Configure.
[Debug] [2026-3-31 20:16:57] Configure.
[Debug] [2026-3-31 20:16:59] Operation: Program.
[Debug] [2026-3-31 20:16:59] Log::Print : configure
[Debug] [2026-3-31 20:16:59] Send RPC: 7.
[Debug] [2026-3-31 20:16:59] Send cmd [configure:2712] OK
[Debug] [2026-3-31 20:17:00] The value is 6.
[Debug] [2026-3-31 20:17:00] The value is a.
[Debug] [2026-3-31 20:17:01] The value is f.
[Debug] [2026-3-31 20:17:01] The value is 14.
[Debug] [2026-3-31 20:17:02] The value is 19.
[Debug] [2026-3-31 20:17:02] The value is 1e.
[Debug] [2026-3-31 20:17:02] The value is 23.
[Debug] [2026-3-31 20:17:03] The value is 28.
[Debug] [2026-3-31 20:17:03] The value is 2d.
[Debug] [2026-3-31 20:17:03] The value is 32.
[Debug] [2026-3-31 20:17:04] The value is 37.
[Debug] [2026-3-31 20:17:04] The value is 3c.
[Debug] [2026-3-31 20:17:05] The value is 41.
[Debug] [2026-3-31 20:17:05] The value is 46.
[Debug] [2026-3-31 20:17:05] The value is 4b.
[Debug] [2026-3-31 20:17:06] The value is 50.
[Debug] [2026-3-31 20:17:06] The value is 55.
[Debug] [2026-3-31 20:17:07] The value is 5a.
[Debug] [2026-3-31 20:17:07] The value is 5f.
[Debug] [2026-3-31 20:17:07] The value is 64.
[Info] [2026-3-31 20:17:09] MsgOut: COMMAND[configure] execute successfully, takes 9.4 secs.
[Debug] [2026-3-31 20:17:09] COMMAND[configure] execute successfully, takes 9.4 secs.
[Warn] [2026-3-31 20:17:09] MsgOut: Debugger-4002: Core Parse: Trigger Port bus name:data_to_layer exist, fail to import.
[Warn] [2026-3-31 20:17:09] MsgOut: Debugger-4002: Core Parse: Trigger Port bus name:u_top_yolo/layer_y_out_layer0 exist, fail to import.
[Warn] [2026-3-31 20:17:09] MsgOut: Debugger-4002: Core Parse: Bus name:data_to_layer exist, fail to import.
[Warn] [2026-3-31 20:17:09] MsgOut: Debugger-4002: Core Parse: Bus name:u_top_yolo/layer_y_out_layer0 exist, fail to import.
[Debug] [2026-3-31 20:17:09] Log::Print : Import Core: 0 OK
[Debug] [2026-3-31 20:17:31] Operation: Trigger.
[Debug] [2026-3-31 20:17:31] Log::Print : run
[Debug] [2026-3-31 20:17:31] Send RPC: 8.
[Debug] [2026-3-31 20:17:31] Send cmd [run:2713] OK
[Info] [2026-3-31 20:17:32] MsgOut: Core 0 trigger successful at Tue Mar 31 20:17:32 2026
[Debug] [2026-3-31 20:17:32] Operation: ZoomFit
[Debug] [2026-3-31 20:17:32] Finish.
[Debug] [2026-3-31 20:17:32] [BusValue] Opt:Flush.
[Debug] [2026-3-31 20:17:32] [BusValue] Opt:Update.
[Info] [2026-3-31 20:17:32] MsgOut: COMMAND[run] execute successfully, takes 1.0 secs.
[Debug] [2026-3-31 20:17:32] COMMAND[run] execute successfully, takes 1.0 secs.
[Debug] [2026-3-31 20:17:39] Operation: Zoom in.
[Debug] [2026-3-31 20:17:39] Finish.
[Debug] [2026-3-31 20:17:39] Operation: Zoom in.
[Debug] [2026-3-31 20:17:39] Finish.
[Debug] [2026-3-31 20:17:40] Operation: Zoom in.
[Debug] [2026-3-31 20:17:40] Finish.
[Debug] [2026-3-31 20:17:40] Operation: Zoom in.
[Debug] [2026-3-31 20:17:40] Finish.
[Debug] [2026-3-31 20:17:40] Operation: Zoom in.
[Debug] [2026-3-31 20:17:40] Finish.
[Debug] [2026-3-31 20:17:44] Operation: Zoom in.
[Debug] [2026-3-31 20:17:44] Finish.
[Debug] [2026-3-31 20:17:44] Operation: Zoom in.
[Debug] [2026-3-31 20:17:44] Finish.
[Debug] [2026-3-31 20:17:45] Operation: ZoomOut
[Debug] [2026-3-31 20:17:45] Finish.
[Debug] [2026-3-31 20:17:52] Operation: ZoomOut
[Debug] [2026-3-31 20:17:52] Finish.
[Debug] [2026-3-31 20:17:52] Operation: ZoomOut
[Debug] [2026-3-31 20:17:52] Finish.
[Debug] [2026-3-31 20:17:52] Operation: ZoomOut
[Debug] [2026-3-31 20:17:52] Finish.
[Debug] [2026-3-31 20:17:53] Operation: ZoomOut
[Debug] [2026-3-31 20:17:53] Finish.
[Debug] [2026-3-31 20:17:53] Operation: ZoomOut
[Debug] [2026-3-31 20:17:53] Finish.
[Debug] [2026-3-31 20:17:53] Operation: Zoom in.
[Debug] [2026-3-31 20:17:53] Finish.
[Debug] [2026-3-31 20:17:53] Operation: ZoomOut
[Debug] [2026-3-31 20:17:53] Finish.
[Debug] [2026-3-31 20:17:54] Operation: Zoom in.
[Debug] [2026-3-31 20:17:54] Finish.
[Debug] [2026-3-31 20:17:54] Operation: Zoom in.
[Debug] [2026-3-31 20:17:54] Finish.
[Debug] [2026-3-31 20:17:54] Operation: Zoom in.
[Debug] [2026-3-31 20:17:54] Finish.
[Debug] [2026-3-31 20:17:56] Operation: ZoomOut
[Debug] [2026-3-31 20:17:56] Finish.
[Debug] [2026-3-31 20:17:56] Operation: ZoomOut
[Debug] [2026-3-31 20:17:56] Finish.
[Debug] [2026-3-31 20:17:56] Operation: Zoom in.
[Debug] [2026-3-31 20:17:56] Finish.
[Debug] [2026-3-31 20:17:56] Operation: Zoom in.
[Debug] [2026-3-31 20:17:56] Finish.
[Debug] [2026-3-31 20:17:57] Operation: Zoom in.
[Debug] [2026-3-31 20:17:57] Finish.
[Debug] [2026-3-31 20:17:57] Operation: Zoom in.
[Debug] [2026-3-31 20:17:57] Finish.
[Debug] [2026-3-31 20:18:12] Operation: Trigger.
[Debug] [2026-3-31 20:18:12] Log::Print : run
[Debug] [2026-3-31 20:18:12] Send RPC: 9.
[Debug] [2026-3-31 20:18:12] Send cmd [run:2713] OK
[Info] [2026-3-31 20:18:12] MsgOut: Core 0 trigger successful at Tue Mar 31 20:18:12 2026
[Debug] [2026-3-31 20:18:13] Operation: ZoomFit
[Debug] [2026-3-31 20:18:13] Finish.
[Debug] [2026-3-31 20:18:13] [BusValue] Opt:Flush.
[Debug] [2026-3-31 20:18:13] [BusValue] Opt:Update.
[Info] [2026-3-31 20:18:13] MsgOut: COMMAND[run] execute successfully, takes 1.0 secs.
[Debug] [2026-3-31 20:18:13] COMMAND[run] execute successfully, takes 1.0 secs.
[Debug] [2026-3-31 20:18:30] Operation: Trigger.
[Debug] [2026-3-31 20:18:30] Log::Print : run
[Debug] [2026-3-31 20:18:30] Send RPC: a.
[Debug] [2026-3-31 20:18:30] Send cmd [run:2713] OK
[Info] [2026-3-31 20:18:31] MsgOut: Core 0 trigger successful at Tue Mar 31 20:18:31 2026
[Debug] [2026-3-31 20:18:31] Operation: ZoomFit
[Debug] [2026-3-31 20:18:31] Finish.
[Debug] [2026-3-31 20:18:31] [BusValue] Opt:Flush.
[Debug] [2026-3-31 20:18:31] [BusValue] Opt:Update.
[Info] [2026-3-31 20:18:31] MsgOut: COMMAND[run] execute successfully, takes 1.1 secs.
[Debug] [2026-3-31 20:18:31] COMMAND[run] execute successfully, takes 1.1 secs.
[Debug] [2026-3-31 20:18:35] Operation: Zoom in.
[Debug] [2026-3-31 20:18:35] Finish.
[Debug] [2026-3-31 20:18:35] Operation: Zoom in.
[Debug] [2026-3-31 20:18:35] Finish.
[Debug] [2026-3-31 20:18:35] Operation: Zoom in.
[Debug] [2026-3-31 20:18:35] Finish.
[Debug] [2026-3-31 20:18:36] Operation: Zoom in.
[Debug] [2026-3-31 20:18:36] Finish.
[Debug] [2026-3-31 20:18:36] Operation: Zoom in.
[Debug] [2026-3-31 20:18:36] Finish.
[Debug] [2026-3-31 20:18:37] Operation: Zoom in.
[Debug] [2026-3-31 20:18:37] Finish.
[Debug] [2026-3-31 20:18:38] Operation: Zoom in.
[Debug] [2026-3-31 20:18:38] Finish.
[Debug] [2026-3-31 20:21:16] Operation: ZoomOut
[Debug] [2026-3-31 20:21:16] Finish.
[Debug] [2026-3-31 20:21:16] Operation: ZoomOut
[Debug] [2026-3-31 20:21:16] Finish.
[Debug] [2026-3-31 20:21:17] Operation: Zoom in.
[Debug] [2026-3-31 20:21:17] Finish.
[Debug] [2026-3-31 20:21:17] Operation: Zoom in.
[Debug] [2026-3-31 20:21:17] Finish.
[Debug] [2026-3-31 20:24:09] Operation: Try to close window.
[Debug] [2026-3-31 20:24:09] /*************************** 2026-03-31 20:24:09  End ***************************/
[Debug] [2026-3-31 20:45:17] /*************************** 2026-03-31 20:45:17  Start ***************************/
[Debug] [2026-3-31 20:45:17] Path: C:/pango/PDS_2022.2-SP6.4/bin
[Debug] [2026-3-31 20:45:17] #Generated by Fabric Debugger (version 2022.2-SP6.4 build 146967) at Tue Mar 31 20:45:17 2026


[Info] [2026-3-31 20:45:18] MsgOut: Fabric Debugger Started.
[Debug] [2026-3-31 20:45:18] Main window show.
[Debug] [2026-3-31 20:45:19] Operation: Scan.
[Debug] [2026-3-31 20:45:19] Client Local host name:DESKTOP-VB8TKRO
[Debug] [2026-3-31 20:45:19] Client Local Address:2.0.0.1
[Debug] [2026-3-31 20:45:19] Client Local Address:210.77.26.220
[Debug] [2026-3-31 20:45:19] Client Local Address:192.168.44.1
[Debug] [2026-3-31 20:45:19] Client Local Address:192.168.176.1
[Debug] [2026-3-31 20:45:19] Server Address:127.0.0.1, Port:65420
[Info] [2026-3-31 20:45:19] MsgOut: Connecting to server[127.0.0.1 : 65420].
[Info] [2026-3-31 20:45:20] Connect OK, Server: 127.0.0.1  Port: 65420
[Info] [2026-3-31 20:45:20] MsgOut: Connect to server[127.0.0.1 : 65420] successfully.
[Debug] [2026-3-31 20:45:20] Finish.
[Debug] [2026-3-31 20:45:20] Log::Print : check version information
[Debug] [2026-3-31 20:45:20] Send RPC: 1.
[Debug] [2026-3-31 20:45:20] Send cmd [check version information:40004] OK
[Debug] [2026-3-31 20:45:20] Log::Print : get_cable_paras
[Debug] [2026-3-31 20:45:20] Send RPC: 2.
[Debug] [2026-3-31 20:45:20] Send cmd [get_cable_paras:40010] OK
[Debug] [2026-3-31 20:45:20] Log::Print : open_cable
[Debug] [2026-3-31 20:45:20] Send RPC: 3.
[Debug] [2026-3-31 20:45:20] Send cmd [open_cable:10001] OK
[Info] [2026-3-31 20:45:20] MsgOut: COMMAND[check version information] execute successfully, takes 0.5 secs.
[Debug] [2026-3-31 20:45:20] COMMAND[check version information] execute successfully, takes 0.5 secs.
[Info] [2026-3-31 20:45:22] MsgOut: The Cable List : 
Cable index 0:USB Cable II/fffffffffffffffe 

[Info] [2026-3-31 20:45:22] MsgOut: COMMAND[get_cable_paras] execute successfully, takes 1.1 secs.
[Debug] [2026-3-31 20:45:22] COMMAND[get_cable_paras] execute successfully, takes 1.1 secs.
[Info] [2026-3-31 20:45:22] MsgOut: PANGO USB CABLE II cable driver: D2XX DLL
[Info] [2026-3-31 20:45:24] MsgOut: COMMAND[open_cable] execute successfully, takes 3.3 secs.
[Debug] [2026-3-31 20:45:24] COMMAND[open_cable] execute successfully, takes 3.3 secs.
[Debug] [2026-3-31 20:45:26] Configure.
[Debug] [2026-3-31 20:45:28] Operation: Program.
[Debug] [2026-3-31 20:45:28] Log::Print : configure
[Debug] [2026-3-31 20:45:28] Send RPC: 4.
[Debug] [2026-3-31 20:45:28] Send cmd [configure:10002] OK
[Debug] [2026-3-31 20:45:29] The value is 6.
[Debug] [2026-3-31 20:45:30] The value is 10.
[Debug] [2026-3-31 20:45:30] The value is 15.
[Debug] [2026-3-31 20:45:30] The value is 20.
[Debug] [2026-3-31 20:45:31] The value is 25.
[Debug] [2026-3-31 20:45:31] The value is 30.
[Debug] [2026-3-31 20:45:32] The value is 35.
[Debug] [2026-3-31 20:45:32] The value is 40.
[Debug] [2026-3-31 20:45:32] The value is 45.
[Debug] [2026-3-31 20:45:33] The value is 50.
[Debug] [2026-3-31 20:45:33] The value is 55.
[Debug] [2026-3-31 20:45:33] The value is 60.
[Debug] [2026-3-31 20:45:34] The value is 65.
[Debug] [2026-3-31 20:45:34] The value is 70.
[Debug] [2026-3-31 20:45:35] The value is 75.
[Debug] [2026-3-31 20:45:35] The value is 80.
[Debug] [2026-3-31 20:45:35] The value is 85.
[Debug] [2026-3-31 20:45:36] The value is 90.
[Debug] [2026-3-31 20:45:36] The value is 95.
[Debug] [2026-3-31 20:45:36] The value is 100.
[Debug] [2026-3-31 20:45:38] [BusValue] Opt:Add.
[Debug] [2026-3-31 20:45:38] [BusValue] Opt:Add.
[Debug] [2026-3-31 20:45:38] [BusValue] Opt:Add.
[Debug] [2026-3-31 20:45:38] [BusValue] Opt:Add.
[Debug] [2026-3-31 20:45:38] [BusValue] Opt:Add.
[Debug] [2026-3-31 20:45:38] [BusValue] Opt:Add.
[Debug] [2026-3-31 20:45:38] [BusValue] Opt:Add.
[Debug] [2026-3-31 20:45:38] [BusValue] Opt:Add.
[Info] [2026-3-31 20:45:39] MsgOut: COMMAND[configure] execute successfully, takes 10.2 secs.
[Debug] [2026-3-31 20:45:39] COMMAND[configure] execute successfully, takes 10.2 secs.
[Debug] [2026-3-31 20:45:39] Log::Print : Import Core: 0 OK
[Debug] [2026-3-31 20:46:20] Operation: Trigger.
[Debug] [2026-3-31 20:46:20] Log::Print : run
[Debug] [2026-3-31 20:46:20] Send RPC: 5.
[Debug] [2026-3-31 20:46:20] Send cmd [run:10003] OK
[Info] [2026-3-31 20:46:21] MsgOut: Core 0 trigger successful at Tue Mar 31 20:46:21 2026
[Debug] [2026-3-31 20:46:21] Operation: ZoomFit
[Debug] [2026-3-31 20:46:21] Finish.
[Debug] [2026-3-31 20:46:21] [BusValue] Opt:Flush.
[Debug] [2026-3-31 20:46:21] [BusValue] Opt:Update.
[Info] [2026-3-31 20:46:21] MsgOut: COMMAND[run] execute successfully, takes 1.1 secs.
[Debug] [2026-3-31 20:46:21] COMMAND[run] execute successfully, takes 1.1 secs.
[Debug] [2026-3-31 20:46:27] Operation: Zoom in.
[Debug] [2026-3-31 20:46:27] Finish.
[Debug] [2026-3-31 20:46:27] Operation: Zoom in.
[Debug] [2026-3-31 20:46:27] Finish.
[Debug] [2026-3-31 20:46:27] Operation: Zoom in.
[Debug] [2026-3-31 20:46:27] Finish.
[Debug] [2026-3-31 20:46:27] Operation: Zoom in.
[Debug] [2026-3-31 20:46:27] Finish.
[Debug] [2026-3-31 20:46:27] Operation: Zoom in.
[Debug] [2026-3-31 20:46:27] Finish.
[Debug] [2026-3-31 20:46:27] Operation: Zoom in.
[Debug] [2026-3-31 20:46:27] Finish.
[Debug] [2026-3-31 20:46:29] Operation: ZoomOut
[Debug] [2026-3-31 20:46:29] Finish.
[Debug] [2026-3-31 20:46:30] Operation: Zoom in.
[Debug] [2026-3-31 20:46:30] Finish.
[Debug] [2026-3-31 20:48:14] Operation: ZoomOut
[Debug] [2026-3-31 20:48:14] Finish.
[Debug] [2026-3-31 20:48:14] Operation: ZoomOut
[Debug] [2026-3-31 20:48:14] Finish.
[Debug] [2026-3-31 20:48:14] Operation: ZoomOut
[Debug] [2026-3-31 20:48:14] Finish.
[Debug] [2026-3-31 20:48:15] Operation: ZoomOut
[Debug] [2026-3-31 20:48:15] Finish.
[Debug] [2026-3-31 20:48:15] Operation: Zoom in.
[Debug] [2026-3-31 20:48:15] Finish.
[Debug] [2026-3-31 20:48:16] Operation: Zoom in.
[Debug] [2026-3-31 20:48:16] Finish.
[Debug] [2026-3-31 20:48:16] Operation: Zoom in.
[Debug] [2026-3-31 20:48:16] Finish.
[Debug] [2026-3-31 20:48:16] Operation: Zoom in.
[Debug] [2026-3-31 20:48:16] Finish.
[Debug] [2026-3-31 20:48:16] Operation: Zoom in.
[Debug] [2026-3-31 20:48:16] Finish.
[Debug] [2026-3-31 20:48:46] Operation: ZoomOut
[Debug] [2026-3-31 20:48:46] Finish.
[Debug] [2026-3-31 20:48:47] Operation: ZoomOut
[Debug] [2026-3-31 20:48:47] Finish.
[Debug] [2026-3-31 20:48:47] Operation: Zoom in.
[Debug] [2026-3-31 20:48:47] Finish.
[Debug] [2026-3-31 20:48:48] Operation: Zoom in.
[Debug] [2026-3-31 20:48:48] Finish.
[Debug] [2026-3-31 20:49:03] Operation: ZoomOut
[Debug] [2026-3-31 20:49:03] Finish.
[Debug] [2026-3-31 20:49:03] Operation: ZoomOut
[Debug] [2026-3-31 20:49:03] Finish.
[Debug] [2026-3-31 20:49:04] Operation: Zoom in.
[Debug] [2026-3-31 20:49:04] Finish.
[Debug] [2026-3-31 20:49:52] Operation: Go to X cursor.
[Debug] [2026-3-31 20:49:52] Finish.
[Debug] [2026-3-31 20:55:48] Operation: ZoomOut
[Debug] [2026-3-31 20:55:48] Finish.
[Debug] [2026-3-31 20:55:48] Operation: ZoomOut
[Debug] [2026-3-31 20:55:48] Finish.
[Debug] [2026-3-31 20:55:48] Operation: ZoomOut
[Debug] [2026-3-31 20:55:48] Finish.
[Debug] [2026-3-31 20:55:48] Operation: ZoomOut
[Debug] [2026-3-31 20:55:48] Finish.
[Debug] [2026-3-31 20:55:49] Operation: Zoom in.
[Debug] [2026-3-31 20:55:49] Finish.
[Debug] [2026-3-31 20:55:49] Operation: Zoom in.
[Debug] [2026-3-31 20:55:49] Finish.
[Debug] [2026-3-31 20:55:50] Operation: Zoom in.
[Debug] [2026-3-31 20:55:50] Finish.
[Debug] [2026-3-31 20:55:51] Operation: Zoom in.
[Debug] [2026-3-31 20:55:51] Finish.
[Debug] [2026-3-31 21:00:55] Operation: Zoom in.
[Debug] [2026-3-31 21:00:55] Finish.
[Debug] [2026-3-31 21:00:55] Operation: Zoom in.
[Debug] [2026-3-31 21:00:56] Finish.
[Debug] [2026-3-31 21:00:56] Operation: Zoom in.
[Debug] [2026-3-31 21:00:56] Finish.
[Debug] [2026-3-31 21:00:57] Operation: ZoomOut
[Debug] [2026-3-31 21:00:57] Finish.
[Debug] [2026-3-31 21:01:36] Operation: Bus radix changed.
[Debug] [2026-3-31 21:01:36] Bus radix: Signed Decimal.
[Debug] [2026-3-31 21:01:36] [BusValue] Opt:Update.
[Debug] [2026-3-31 21:01:36] Finish.
[Debug] [2026-3-31 21:02:01] Operation: Go to X cursor.
[Debug] [2026-3-31 21:02:01] Finish.
[Debug] [2026-3-31 21:02:02] Operation: ZoomOut
[Debug] [2026-3-31 21:02:02] Finish.
[Debug] [2026-3-31 21:02:02] Operation: ZoomOut
[Debug] [2026-3-31 21:02:02] Finish.
[Debug] [2026-3-31 21:07:34] Operation: Zoom in.
[Debug] [2026-3-31 21:07:34] Finish.
[Debug] [2026-3-31 21:07:34] Operation: Zoom in.
[Debug] [2026-3-31 21:07:34] Finish.
[Debug] [2026-3-31 21:07:35] Operation: Zoom in.
[Debug] [2026-3-31 21:07:35] Finish.
[Debug] [2026-3-31 21:07:35] Operation: ZoomOut
[Debug] [2026-3-31 21:07:35] Finish.
[Debug] [2026-3-31 21:07:50] Operation: ZoomOut
[Debug] [2026-3-31 21:07:50] Finish.
[Debug] [2026-3-31 21:11:40] Operation: Bus radix changed.
[Debug] [2026-3-31 21:11:40] Bus radix: Signed Decimal.
[Debug] [2026-3-31 21:11:40] [BusValue] Opt:Update.
[Debug] [2026-3-31 21:11:40] Finish.
[Debug] [2026-3-31 21:12:15] Operation: Bus radix changed.
[Debug] [2026-3-31 21:12:15] Bus radix: Hex.
[Debug] [2026-3-31 21:12:15] [BusValue] Opt:Update.
[Debug] [2026-3-31 21:12:15] Finish.
[Debug] [2026-3-31 21:14:41] Operation: Try to close window.
[Debug] [2026-3-31 21:14:42] /*************************** 2026-03-31 21:14:42  End ***************************/
[Debug] [2026-3-31 21:26:51] /*************************** 2026-03-31 21:26:51  Start ***************************/
[Debug] [2026-3-31 21:26:51] Path: C:/pango/PDS_2022.2-SP6.4/bin
[Debug] [2026-3-31 21:26:51] #Generated by Fabric Debugger (version 2022.2-SP6.4 build 146967) at Tue Mar 31 21:26:51 2026


[Info] [2026-3-31 21:26:52] MsgOut: Fabric Debugger Started.
[Debug] [2026-3-31 21:26:52] Main window show.
[Debug] [2026-3-31 21:26:54] Operation: Scan.
[Debug] [2026-3-31 21:26:54] Client Local host name:DESKTOP-VB8TKRO
[Debug] [2026-3-31 21:26:54] Client Local Address:2.0.0.1
[Debug] [2026-3-31 21:26:54] Client Local Address:210.77.26.220
[Debug] [2026-3-31 21:26:54] Client Local Address:192.168.44.1
[Debug] [2026-3-31 21:26:54] Client Local Address:192.168.176.1
[Debug] [2026-3-31 21:26:54] Server Address:127.0.0.1, Port:65420
[Info] [2026-3-31 21:26:54] MsgOut: Connecting to server[127.0.0.1 : 65420].
[Info] [2026-3-31 21:26:55] Connect OK, Server: 127.0.0.1  Port: 65420
[Info] [2026-3-31 21:26:55] MsgOut: Connect to server[127.0.0.1 : 65420] successfully.
[Debug] [2026-3-31 21:26:55] Finish.
[Debug] [2026-3-31 21:26:55] Log::Print : check version information
[Debug] [2026-3-31 21:26:55] Send RPC: 1.
[Debug] [2026-3-31 21:26:55] Send cmd [check version information:40004] OK
[Debug] [2026-3-31 21:26:55] Log::Print : get_cable_paras
[Debug] [2026-3-31 21:26:55] Send RPC: 2.
[Debug] [2026-3-31 21:26:55] Send cmd [get_cable_paras:40010] OK
[Debug] [2026-3-31 21:26:55] Log::Print : open_cable
[Debug] [2026-3-31 21:26:55] Send RPC: 3.
[Debug] [2026-3-31 21:26:55] Send cmd [open_cable:10001] OK
[Info] [2026-3-31 21:26:55] MsgOut: COMMAND[check version information] execute successfully, takes 0.5 secs.
[Debug] [2026-3-31 21:26:55] COMMAND[check version information] execute successfully, takes 0.5 secs.
[Info] [2026-3-31 21:26:56] MsgOut: The Cable List : 
Cable index 0:USB Cable II/fffffffffffffffe 

[Info] [2026-3-31 21:26:56] MsgOut: COMMAND[get_cable_paras] execute successfully, takes 1.1 secs.
[Debug] [2026-3-31 21:26:56] COMMAND[get_cable_paras] execute successfully, takes 1.1 secs.
[Info] [2026-3-31 21:26:57] MsgOut: PANGO USB CABLE II cable driver: D2XX DLL
[Info] [2026-3-31 21:26:59] MsgOut: COMMAND[open_cable] execute successfully, takes 4.2 secs.
[Debug] [2026-3-31 21:26:59] COMMAND[open_cable] execute successfully, takes 4.2 secs.
[Debug] [2026-3-31 21:27:03] Configure.
[Debug] [2026-3-31 21:27:05] Operation: Program.
[Debug] [2026-3-31 21:27:05] Log::Print : configure
[Debug] [2026-3-31 21:27:05] Send RPC: 4.
[Debug] [2026-3-31 21:27:05] Send cmd [configure:10002] OK
[Debug] [2026-3-31 21:27:06] The value is 6.
[Debug] [2026-3-31 21:27:06] The value is 10.
[Debug] [2026-3-31 21:27:07] The value is 15.
[Debug] [2026-3-31 21:27:07] The value is 20.
[Debug] [2026-3-31 21:27:08] The value is 25.
[Debug] [2026-3-31 21:27:08] The value is 30.
[Debug] [2026-3-31 21:27:08] The value is 35.
[Debug] [2026-3-31 21:27:09] The value is 40.
[Debug] [2026-3-31 21:27:09] The value is 45.
[Debug] [2026-3-31 21:27:09] The value is 50.
[Debug] [2026-3-31 21:27:10] The value is 55.
[Debug] [2026-3-31 21:27:10] The value is 60.
[Debug] [2026-3-31 21:27:11] The value is 65.
[Debug] [2026-3-31 21:27:11] The value is 70.
[Debug] [2026-3-31 21:27:11] The value is 75.
[Debug] [2026-3-31 21:27:12] The value is 80.
[Debug] [2026-3-31 21:27:12] The value is 85.
[Debug] [2026-3-31 21:27:12] The value is 90.
[Debug] [2026-3-31 21:27:13] The value is 95.
[Debug] [2026-3-31 21:27:13] The value is 100.
[Debug] [2026-3-31 21:27:15] [BusValue] Opt:Add.
[Debug] [2026-3-31 21:27:15] [BusValue] Opt:Add.
[Info] [2026-3-31 21:27:15] MsgOut: COMMAND[configure] execute successfully, takes 10.1 secs.
[Debug] [2026-3-31 21:27:15] COMMAND[configure] execute successfully, takes 10.1 secs.
[Debug] [2026-3-31 21:27:15] Log::Print : Import Core: 0 OK
[Debug] [2026-3-31 21:27:32] Operation: Trigger.
[Debug] [2026-3-31 21:27:32] Log::Print : run
[Debug] [2026-3-31 21:27:32] Send RPC: 5.
[Debug] [2026-3-31 21:27:32] Send cmd [run:10003] OK
[Info] [2026-3-31 21:27:32] MsgOut: Core 0 trigger successful at Tue Mar 31 21:27:32 2026
[Debug] [2026-3-31 21:27:33] Operation: ZoomFit
[Debug] [2026-3-31 21:27:34] Finish.
[Debug] [2026-3-31 21:27:34] [BusValue] Opt:Flush.
[Debug] [2026-3-31 21:27:34] [BusValue] Opt:Update.
[Info] [2026-3-31 21:27:34] MsgOut: COMMAND[run] execute successfully, takes 2.3 secs.
[Debug] [2026-3-31 21:27:34] COMMAND[run] execute successfully, takes 2.3 secs.
[Debug] [2026-3-31 21:27:37] Operation: Go to X cursor.
[Debug] [2026-3-31 21:27:37] Finish.
[Debug] [2026-3-31 21:27:39] Operation: Zoom in.
[Debug] [2026-3-31 21:27:39] Finish.
[Debug] [2026-3-31 21:27:39] Operation: Zoom in.
[Debug] [2026-3-31 21:27:39] Finish.
[Debug] [2026-3-31 21:29:03] Operation: Trigger.
[Debug] [2026-3-31 21:29:03] Log::Print : run
[Debug] [2026-3-31 21:29:03] Send RPC: 6.
[Debug] [2026-3-31 21:29:03] Send cmd [run:10003] OK
[Info] [2026-3-31 21:29:04] MsgOut: Core 0 trigger successful at Tue Mar 31 21:29:04 2026
[Debug] [2026-3-31 21:29:05] Operation: ZoomFit
[Debug] [2026-3-31 21:29:05] Finish.
[Debug] [2026-3-31 21:29:05] [BusValue] Opt:Flush.
[Debug] [2026-3-31 21:29:05] [BusValue] Opt:Update.
[Info] [2026-3-31 21:29:05] MsgOut: COMMAND[run] execute successfully, takes 1.6 secs.
[Debug] [2026-3-31 21:29:05] COMMAND[run] execute successfully, takes 1.6 secs.
[Debug] [2026-3-31 21:29:10] Operation: Zoom in.
[Debug] [2026-3-31 21:29:10] Finish.
[Debug] [2026-3-31 21:29:10] Operation: Zoom in.
[Debug] [2026-3-31 21:29:10] Finish.
[Debug] [2026-3-31 21:29:10] Operation: Zoom in.
[Debug] [2026-3-31 21:29:10] Finish.
[Debug] [2026-3-31 21:29:11] Operation: Zoom in.
[Debug] [2026-3-31 21:29:11] Finish.
[Debug] [2026-3-31 21:29:14] Operation: ZoomOut
[Debug] [2026-3-31 21:29:14] Finish.
[Debug] [2026-3-31 21:29:14] Operation: ZoomOut
[Debug] [2026-3-31 21:29:14] Finish.
[Debug] [2026-3-31 21:29:15] Operation: Zoom in.
[Debug] [2026-3-31 21:29:15] Finish.
[Debug] [2026-3-31 21:29:15] Operation: ZoomOut
[Debug] [2026-3-31 21:29:15] Finish.
[Debug] [2026-3-31 21:29:15] Operation: ZoomOut
[Debug] [2026-3-31 21:29:15] Finish.
[Debug] [2026-3-31 21:29:15] Operation: ZoomOut
[Debug] [2026-3-31 21:29:15] Finish.
[Debug] [2026-3-31 21:29:16] Operation: Zoom in.
[Debug] [2026-3-31 21:29:16] Finish.
[Debug] [2026-3-31 21:29:16] Operation: Zoom in.
[Debug] [2026-3-31 21:29:16] Finish.
[Debug] [2026-3-31 21:29:16] Operation: Zoom in.
[Debug] [2026-3-31 21:29:16] Finish.
[Debug] [2026-3-31 21:29:17] Operation: Zoom in.
[Debug] [2026-3-31 21:29:17] Finish.
[Debug] [2026-3-31 21:29:17] Operation: ZoomOut
[Debug] [2026-3-31 21:29:17] Finish.
[Debug] [2026-3-31 21:29:22] Operation: Zoom in.
[Debug] [2026-3-31 21:29:22] Finish.
[Debug] [2026-3-31 21:29:23] Operation: ZoomOut
[Debug] [2026-3-31 21:29:23] Finish.
[Debug] [2026-3-31 21:29:43] Operation: Trigger.
[Debug] [2026-3-31 21:29:43] Log::Print : run
[Debug] [2026-3-31 21:29:43] Send RPC: 7.
[Debug] [2026-3-31 21:29:43] Send cmd [run:10003] OK
[Info] [2026-3-31 21:29:44] MsgOut: Core 0 trigger successful at Tue Mar 31 21:29:44 2026
[Debug] [2026-3-31 21:29:44] Operation: ZoomFit
[Debug] [2026-3-31 21:29:44] Finish.
[Debug] [2026-3-31 21:29:44] [BusValue] Opt:Flush.
[Debug] [2026-3-31 21:29:44] [BusValue] Opt:Update.
[Info] [2026-3-31 21:29:45] MsgOut: COMMAND[run] execute successfully, takes 1.6 secs.
[Debug] [2026-3-31 21:29:45] COMMAND[run] execute successfully, takes 1.6 secs.
[Debug] [2026-3-31 21:37:03] Operation: Try to close window.
[Debug] [2026-3-31 21:37:03] /*************************** 2026-03-31 21:37:03  End ***************************/
[Debug] [2026-3-31 21:37:08] /*************************** 2026-03-31 21:37:08  Start ***************************/
[Debug] [2026-3-31 21:37:08] Path: C:/pango/PDS_2022.2-SP6.4/bin
[Debug] [2026-3-31 21:37:08] #Generated by Fabric Debugger (version 2022.2-SP6.4 build 146967) at Tue Mar 31 21:37:08 2026


[Info] [2026-3-31 21:37:08] MsgOut: Fabric Debugger Started.
[Debug] [2026-3-31 21:37:08] Main window show.
[Debug] [2026-3-31 21:37:10] Operation: Scan.
[Debug] [2026-3-31 21:37:10] Client Local host name:DESKTOP-VB8TKRO
[Debug] [2026-3-31 21:37:10] Client Local Address:2.0.0.1
[Debug] [2026-3-31 21:37:10] Client Local Address:210.77.26.220
[Debug] [2026-3-31 21:37:10] Client Local Address:192.168.44.1
[Debug] [2026-3-31 21:37:10] Client Local Address:192.168.176.1
[Debug] [2026-3-31 21:37:10] Server Address:127.0.0.1, Port:65420
[Info] [2026-3-31 21:37:10] MsgOut: Connecting to server[127.0.0.1 : 65420].
[Info] [2026-3-31 21:37:10] Connect OK, Server: 127.0.0.1  Port: 65420
[Info] [2026-3-31 21:37:10] MsgOut: Connect to server[127.0.0.1 : 65420] successfully.
[Debug] [2026-3-31 21:37:10] Finish.
[Debug] [2026-3-31 21:37:10] Log::Print : check version information
[Debug] [2026-3-31 21:37:10] Send RPC: 1.
[Debug] [2026-3-31 21:37:10] Send cmd [check version information:40004] OK
[Debug] [2026-3-31 21:37:11] Log::Print : get_cable_paras
[Debug] [2026-3-31 21:37:11] Send RPC: 2.
[Debug] [2026-3-31 21:37:11] Send cmd [get_cable_paras:40010] OK
[Debug] [2026-3-31 21:37:11] Log::Print : open_cable
[Debug] [2026-3-31 21:37:11] Send RPC: 3.
[Debug] [2026-3-31 21:37:11] Send cmd [open_cable:10001] OK
[Info] [2026-3-31 21:37:11] MsgOut: COMMAND[check version information] execute successfully, takes 0.4 secs.
[Debug] [2026-3-31 21:37:11] COMMAND[check version information] execute successfully, takes 0.4 secs.
[Info] [2026-3-31 21:37:12] MsgOut: The Cable List : 
Cable index 0:USB Cable II/fffffffffffffffe 

[Info] [2026-3-31 21:37:12] MsgOut: COMMAND[get_cable_paras] execute successfully, takes 1.1 secs.
[Debug] [2026-3-31 21:37:12] COMMAND[get_cable_paras] execute successfully, takes 1.1 secs.
[Info] [2026-3-31 21:37:13] MsgOut: PANGO USB CABLE II cable driver: D2XX DLL
[Info] [2026-3-31 21:37:14] MsgOut: COMMAND[open_cable] execute successfully, takes 3.2 secs.
[Debug] [2026-3-31 21:37:14] COMMAND[open_cable] execute successfully, takes 3.2 secs.
[Debug] [2026-3-31 21:37:15] Configure.
[Debug] [2026-3-31 21:37:18] Operation: Program.
[Debug] [2026-3-31 21:37:18] Log::Print : configure
[Debug] [2026-3-31 21:37:18] Send RPC: 4.
[Debug] [2026-3-31 21:37:18] Send cmd [configure:10002] OK
[Debug] [2026-3-31 21:37:19] The value is 6.
[Debug] [2026-3-31 21:37:19] The value is 10.
[Debug] [2026-3-31 21:37:20] The value is 15.
[Debug] [2026-3-31 21:37:20] The value is 20.
[Debug] [2026-3-31 21:37:21] The value is 25.
[Debug] [2026-3-31 21:37:21] The value is 30.
[Debug] [2026-3-31 21:37:21] The value is 35.
[Debug] [2026-3-31 21:37:22] The value is 40.
[Debug] [2026-3-31 21:37:22] The value is 45.
[Debug] [2026-3-31 21:37:23] The value is 50.
[Debug] [2026-3-31 21:37:23] The value is 55.
[Debug] [2026-3-31 21:37:23] The value is 60.
[Debug] [2026-3-31 21:37:24] The value is 65.
[Debug] [2026-3-31 21:37:24] The value is 70.
[Debug] [2026-3-31 21:37:24] The value is 75.
[Debug] [2026-3-31 21:37:25] The value is 80.
[Debug] [2026-3-31 21:37:25] The value is 85.
[Debug] [2026-3-31 21:37:26] The value is 90.
[Debug] [2026-3-31 21:37:26] The value is 95.
[Debug] [2026-3-31 21:37:26] The value is 100.
[Error] [2026-3-31 21:37:31] Fail to exec program command.
[Error] [2026-3-31 21:37:31] cmdid:10002 HandleErrorExec msg:JtagServer-0311: Init in IR is not high.
[Error] [2026-3-31 21:37:31] MsgOut: JtagServer-0311: Init in IR is not high.
[Error] [2026-3-31 21:37:31] MsgOut: Debugger-0006: Command configure exec unsuccessfully.
[Debug] [2026-3-31 21:37:35] Configure.
[Debug] [2026-3-31 21:37:38] Operation: Program.
[Debug] [2026-3-31 21:37:38] Log::Print : configure
[Debug] [2026-3-31 21:37:38] Send RPC: 5.
[Debug] [2026-3-31 21:37:38] Send cmd [configure:10002] OK
[Debug] [2026-3-31 21:37:39] The value is 6.
[Debug] [2026-3-31 21:37:39] The value is 10.
[Debug] [2026-3-31 21:37:39] The value is 15.
[Debug] [2026-3-31 21:37:40] The value is 20.
[Debug] [2026-3-31 21:37:40] The value is 25.
[Debug] [2026-3-31 21:37:40] The value is 30.
[Debug] [2026-3-31 21:37:41] The value is 35.
[Debug] [2026-3-31 21:37:41] The value is 40.
[Debug] [2026-3-31 21:37:42] The value is 45.
[Debug] [2026-3-31 21:37:42] The value is 50.
[Debug] [2026-3-31 21:37:42] The value is 55.
[Debug] [2026-3-31 21:37:43] The value is 60.
[Debug] [2026-3-31 21:37:43] The value is 65.
[Debug] [2026-3-31 21:37:44] The value is 70.
[Debug] [2026-3-31 21:37:44] The value is 75.
[Debug] [2026-3-31 21:37:44] The value is 80.
[Debug] [2026-3-31 21:37:45] The value is 85.
[Debug] [2026-3-31 21:37:45] The value is 90.
[Debug] [2026-3-31 21:37:45] The value is 95.
[Debug] [2026-3-31 21:37:46] The value is 100.
[Debug] [2026-3-31 21:37:47] [BusValue] Opt:Add.
[Info] [2026-3-31 21:37:47] MsgOut: COMMAND[configure] execute successfully, takes 9.8 secs.
[Debug] [2026-3-31 21:37:47] COMMAND[configure] execute successfully, takes 9.8 secs.
[Debug] [2026-3-31 21:37:48] Log::Print : Import Core: 0 OK
[Debug] [2026-3-31 21:37:57] Operation: Trigger.
[Debug] [2026-3-31 21:37:57] Log::Print : run
[Debug] [2026-3-31 21:37:57] Send RPC: 6.
[Debug] [2026-3-31 21:37:57] Send cmd [run:10003] OK
[Info] [2026-3-31 21:37:58] MsgOut: Core 0 trigger successful at Tue Mar 31 21:37:58 2026
[Debug] [2026-3-31 21:37:58] Operation: ZoomFit
[Debug] [2026-3-31 21:37:58] Finish.
[Debug] [2026-3-31 21:37:58] [BusValue] Opt:Flush.
[Debug] [2026-3-31 21:37:58] [BusValue] Opt:Update.
[Info] [2026-3-31 21:37:58] MsgOut: COMMAND[run] execute successfully, takes 1.0 secs.
[Debug] [2026-3-31 21:37:58] COMMAND[run] execute successfully, takes 1.0 secs.
[Debug] [2026-3-31 21:38:01] Operation: ZoomOut
[Debug] [2026-3-31 21:38:01] Finish.
[Debug] [2026-3-31 21:38:01] Operation: ZoomOut
[Debug] [2026-3-31 21:38:01] Finish.
[Debug] [2026-3-31 21:38:01] Operation: ZoomOut
[Debug] [2026-3-31 21:38:01] Finish.
[Debug] [2026-3-31 21:38:01] Operation: ZoomOut
[Debug] [2026-3-31 21:38:01] Operation: ZoomOut
[Debug] [2026-3-31 21:38:01] Operation: ZoomOut
[Debug] [2026-3-31 21:38:01] Operation: ZoomOut
[Debug] [2026-3-31 21:38:02] Operation: Zoom in.
[Debug] [2026-3-31 21:38:02] Finish.
[Debug] [2026-3-31 21:38:02] Operation: Zoom in.
[Debug] [2026-3-31 21:38:02] Finish.
[Debug] [2026-3-31 21:38:02] Operation: Zoom in.
[Debug] [2026-3-31 21:38:02] Finish.
[Debug] [2026-3-31 21:38:02] Operation: Zoom in.
[Debug] [2026-3-31 21:38:02] Finish.
[Debug] [2026-3-31 21:38:02] Operation: Zoom in.
[Debug] [2026-3-31 21:38:02] Finish.
[Debug] [2026-3-31 21:38:02] Operation: Zoom in.
[Debug] [2026-3-31 21:38:02] Finish.
[Debug] [2026-3-31 21:38:14] Configure.
[Debug] [2026-3-31 21:38:16] Operation: Program.
[Debug] [2026-3-31 21:38:16] Log::Print : configure
[Debug] [2026-3-31 21:38:16] Send RPC: 7.
[Debug] [2026-3-31 21:38:16] Send cmd [configure:10002] OK
[Debug] [2026-3-31 21:38:17] The value is 6.
[Debug] [2026-3-31 21:38:18] The value is 10.
[Debug] [2026-3-31 21:38:18] The value is 15.
[Debug] [2026-3-31 21:38:18] The value is 20.
[Debug] [2026-3-31 21:38:19] The value is 25.
[Debug] [2026-3-31 21:38:19] The value is 30.
[Debug] [2026-3-31 21:38:20] The value is 35.
[Debug] [2026-3-31 21:38:20] The value is 40.
[Debug] [2026-3-31 21:38:20] The value is 45.
[Debug] [2026-3-31 21:38:21] The value is 50.
[Debug] [2026-3-31 21:38:21] The value is 55.
[Debug] [2026-3-31 21:38:22] The value is 60.
[Debug] [2026-3-31 21:38:22] The value is 65.
[Debug] [2026-3-31 21:38:22] The value is 70.
[Debug] [2026-3-31 21:38:23] The value is 75.
[Debug] [2026-3-31 21:38:23] The value is 80.
[Debug] [2026-3-31 21:38:23] The value is 85.
[Debug] [2026-3-31 21:38:24] The value is 90.
[Debug] [2026-3-31 21:38:24] The value is 95.
[Debug] [2026-3-31 21:38:25] The value is 100.
[Info] [2026-3-31 21:38:26] MsgOut: COMMAND[configure] execute successfully, takes 9.4 secs.
[Debug] [2026-3-31 21:38:26] COMMAND[configure] execute successfully, takes 9.4 secs.
[Warn] [2026-3-31 21:38:26] MsgOut: Debugger-4002: Core Parse: Trigger Port bus name:rgb_in_dly2 exist, fail to import.
[Warn] [2026-3-31 21:38:26] MsgOut: Debugger-4002: Core Parse: Bus name:rgb_in_dly2 exist, fail to import.
[Debug] [2026-3-31 21:38:26] Log::Print : Import Core: 0 OK
[Debug] [2026-3-31 21:38:51] Operation: Trigger.
[Debug] [2026-3-31 21:38:51] Log::Print : run
[Debug] [2026-3-31 21:38:51] Send RPC: 8.
[Debug] [2026-3-31 21:38:51] Send cmd [run:10003] OK
[Info] [2026-3-31 21:38:51] MsgOut: Core 0 trigger successful at Tue Mar 31 21:38:51 2026
[Debug] [2026-3-31 21:38:52] Operation: ZoomFit
[Debug] [2026-3-31 21:38:52] Finish.
[Debug] [2026-3-31 21:38:52] [BusValue] Opt:Flush.
[Debug] [2026-3-31 21:38:52] [BusValue] Opt:Update.
[Info] [2026-3-31 21:38:52] MsgOut: COMMAND[run] execute successfully, takes 1.0 secs.
[Debug] [2026-3-31 21:38:52] COMMAND[run] execute successfully, takes 1.0 secs.
[Debug] [2026-3-31 21:38:54] Operation: ZoomOut
[Debug] [2026-3-31 21:38:54] Finish.
[Debug] [2026-3-31 21:38:54] Operation: ZoomOut
[Debug] [2026-3-31 21:38:54] Finish.
[Debug] [2026-3-31 21:38:55] Operation: ZoomOut
[Debug] [2026-3-31 21:38:55] Finish.
[Debug] [2026-3-31 21:39:02] Operation: Trigger.
[Debug] [2026-3-31 21:39:02] Log::Print : run
[Debug] [2026-3-31 21:39:02] Send RPC: 9.
[Debug] [2026-3-31 21:39:02] Send cmd [run:10003] OK
[Info] [2026-3-31 21:39:03] MsgOut: Core 0 trigger successful at Tue Mar 31 21:39:03 2026
[Debug] [2026-3-31 21:39:03] Operation: ZoomFit
[Debug] [2026-3-31 21:39:03] Finish.
[Debug] [2026-3-31 21:39:03] [BusValue] Opt:Flush.
[Debug] [2026-3-31 21:39:03] [BusValue] Opt:Update.
[Info] [2026-3-31 21:39:03] MsgOut: COMMAND[run] execute successfully, takes 1.0 secs.
[Debug] [2026-3-31 21:39:03] COMMAND[run] execute successfully, takes 1.0 secs.
[Debug] [2026-3-31 21:39:04] Operation: Zoom in.
[Debug] [2026-3-31 21:39:04] Finish.
[Debug] [2026-3-31 21:39:05] Operation: Zoom in.
[Debug] [2026-3-31 21:39:05] Finish.
[Debug] [2026-3-31 21:39:05] Operation: Zoom in.
[Debug] [2026-3-31 21:39:05] Finish.
[Debug] [2026-3-31 21:39:06] Operation: Zoom in.
[Debug] [2026-3-31 21:39:06] Finish.
[Debug] [2026-3-31 21:39:07] Operation: Zoom in.
[Debug] [2026-3-31 21:39:07] Finish.
[Debug] [2026-3-31 21:39:08] Operation: ZoomOut
[Debug] [2026-3-31 21:39:08] Finish.
[Debug] [2026-3-31 21:39:12] Operation: Zoom in.
[Debug] [2026-3-31 21:39:12] Finish.
[Debug] [2026-3-31 21:39:12] Operation: Zoom in.
[Debug] [2026-3-31 21:39:12] Finish.
[Debug] [2026-3-31 21:39:42] Operation: Trigger.
[Debug] [2026-3-31 21:39:42] Log::Print : run
[Debug] [2026-3-31 21:39:42] Send RPC: 10.
[Debug] [2026-3-31 21:39:42] Send cmd [run:10003] OK
[Info] [2026-3-31 21:39:43] MsgOut: Core 0 trigger successful at Tue Mar 31 21:39:43 2026
[Debug] [2026-3-31 21:39:43] Operation: ZoomFit
[Debug] [2026-3-31 21:39:43] Finish.
[Debug] [2026-3-31 21:39:43] [BusValue] Opt:Flush.
[Debug] [2026-3-31 21:39:43] [BusValue] Opt:Update.
[Info] [2026-3-31 21:39:43] MsgOut: COMMAND[run] execute successfully, takes 1.0 secs.
[Debug] [2026-3-31 21:39:43] COMMAND[run] execute successfully, takes 1.0 secs.
[Debug] [2026-3-31 21:39:44] Operation: ZoomOut
[Debug] [2026-3-31 21:39:44] Finish.
[Debug] [2026-3-31 21:39:45] Operation: ZoomOut
[Debug] [2026-3-31 21:39:45] Finish.
[Debug] [2026-3-31 21:39:45] Operation: ZoomOut
[Debug] [2026-3-31 21:39:45] Finish.
[Debug] [2026-3-31 21:39:45] Operation: ZoomOut
[Debug] [2026-3-31 21:39:45] Finish.
[Debug] [2026-3-31 21:39:45] Operation: ZoomOut
[Debug] [2026-3-31 21:39:45] Finish.
[Debug] [2026-3-31 21:39:46] Operation: Zoom in.
[Debug] [2026-3-31 21:39:46] Finish.
[Debug] [2026-3-31 21:39:46] Operation: Zoom in.
[Debug] [2026-3-31 21:39:46] Finish.
[Debug] [2026-3-31 21:39:46] Operation: Zoom in.
[Debug] [2026-3-31 21:39:46] Finish.
[Debug] [2026-3-31 21:39:46] Operation: Zoom in.
[Debug] [2026-3-31 21:39:46] Finish.
[Debug] [2026-3-31 21:39:47] Operation: Zoom in.
[Debug] [2026-3-31 21:39:47] Finish.
[Debug] [2026-3-31 21:39:52] Operation: ZoomOut
[Debug] [2026-3-31 21:39:52] Finish.
[Debug] [2026-3-31 21:39:52] Operation: ZoomOut
[Debug] [2026-3-31 21:39:52] Finish.
[Debug] [2026-3-31 21:39:52] Operation: ZoomOut
[Debug] [2026-3-31 21:39:52] Finish.
[Debug] [2026-3-31 21:39:52] Operation: Zoom in.
[Debug] [2026-3-31 21:39:52] Finish.
[Debug] [2026-3-31 21:39:52] Operation: Zoom in.
[Debug] [2026-3-31 21:39:52] Finish.
[Debug] [2026-3-31 21:40:07] Operation: Trigger.
[Debug] [2026-3-31 21:40:07] Log::Print : run
[Debug] [2026-3-31 21:40:07] Send RPC: 11.
[Debug] [2026-3-31 21:40:07] Send cmd [run:10003] OK
[Info] [2026-3-31 21:40:07] MsgOut: Core 0 trigger successful at Tue Mar 31 21:40:07 2026
[Debug] [2026-3-31 21:40:08] Operation: ZoomFit
[Debug] [2026-3-31 21:40:08] Finish.
[Debug] [2026-3-31 21:40:08] [BusValue] Opt:Flush.
[Debug] [2026-3-31 21:40:08] [BusValue] Opt:Update.
[Info] [2026-3-31 21:40:08] MsgOut: COMMAND[run] execute successfully, takes 1.0 secs.
[Debug] [2026-3-31 21:40:08] COMMAND[run] execute successfully, takes 1.0 secs.
[Debug] [2026-3-31 21:40:11] Operation: ZoomOut
[Debug] [2026-3-31 21:40:11] Finish.
[Debug] [2026-3-31 21:40:11] Operation: ZoomOut
[Debug] [2026-3-31 21:40:11] Finish.
[Debug] [2026-3-31 21:40:11] Operation: ZoomOut
[Debug] [2026-3-31 21:40:11] Finish.
[Debug] [2026-3-31 21:40:12] Operation: Zoom in.
[Debug] [2026-3-31 21:40:12] Finish.
[Debug] [2026-3-31 21:40:12] Operation: Zoom in.
[Debug] [2026-3-31 21:40:12] Finish.
[Debug] [2026-3-31 21:40:12] Operation: Zoom in.
[Debug] [2026-3-31 21:40:12] Finish.
[Debug] [2026-3-31 21:46:07] Operation: Try to close window.
[Debug] [2026-3-31 21:46:07] /*************************** 2026-03-31 21:46:07  End ***************************/
[Debug] [2026-4-1 08:11:32] /*************************** 2026-04-01 08:11:32  Start ***************************/
[Debug] [2026-4-1 08:11:32] Path: C:/pango/PDS_2022.2-SP6.4/bin
[Debug] [2026-4-1 08:11:32] #Generated by Fabric Debugger (version 2022.2-SP6.4 build 146967) at Wed Apr  1 08:11:32 2026


[Info] [2026-4-1 08:11:32] MsgOut: Fabric Debugger Started.
[Debug] [2026-4-1 08:11:32] Main window show.
[Debug] [2026-4-1 08:11:33] Operation: Scan.
[Debug] [2026-4-1 08:11:33] Client Local host name:DESKTOP-VB8TKRO
[Debug] [2026-4-1 08:11:33] Client Local Address:2.0.0.1
[Debug] [2026-4-1 08:11:33] Client Local Address:210.77.26.220
[Debug] [2026-4-1 08:11:33] Client Local Address:192.168.44.1
[Debug] [2026-4-1 08:11:33] Client Local Address:192.168.176.1
[Debug] [2026-4-1 08:11:33] Server Address:127.0.0.1, Port:65420
[Info] [2026-4-1 08:11:33] MsgOut: Connecting to server[127.0.0.1 : 65420].
[Info] [2026-4-1 08:11:34] Connect OK, Server: 127.0.0.1  Port: 65420
[Info] [2026-4-1 08:11:34] MsgOut: Connect to server[127.0.0.1 : 65420] successfully.
[Debug] [2026-4-1 08:11:34] Finish.
[Debug] [2026-4-1 08:11:34] Log::Print : check version information
[Debug] [2026-4-1 08:11:34] Send RPC: 1.
[Debug] [2026-4-1 08:11:34] Send cmd [check version information:40004] OK
[Debug] [2026-4-1 08:11:35] Log::Print : get_cable_paras
[Debug] [2026-4-1 08:11:35] Send RPC: 2.
[Debug] [2026-4-1 08:11:35] Send cmd [get_cable_paras:40010] OK
[Debug] [2026-4-1 08:11:35] Log::Print : open_cable
[Debug] [2026-4-1 08:11:35] Send RPC: 3.
[Debug] [2026-4-1 08:11:35] Send cmd [open_cable:10001] OK
[Info] [2026-4-1 08:11:35] MsgOut: COMMAND[check version information] execute successfully, takes 1.5 secs.
[Debug] [2026-4-1 08:11:35] COMMAND[check version information] execute successfully, takes 1.5 secs.
[Info] [2026-4-1 08:11:37] MsgOut: The Cable List : 
Cable index 0:USB Cable II/fffffffffffffffe 

[Info] [2026-4-1 08:11:37] MsgOut: COMMAND[get_cable_paras] execute successfully, takes 1.9 secs.
[Debug] [2026-4-1 08:11:37] COMMAND[get_cable_paras] execute successfully, takes 1.9 secs.
[Info] [2026-4-1 08:11:38] MsgOut: PANGO USB CABLE II cable driver: D2XX DLL
[Info] [2026-4-1 08:11:40] MsgOut: COMMAND[open_cable] execute successfully, takes 4.2 secs.
[Debug] [2026-4-1 08:11:40] COMMAND[open_cable] execute successfully, takes 4.2 secs.
[Debug] [2026-4-1 08:11:41] Configure.
[Debug] [2026-4-1 08:11:44] Operation: Program.
[Debug] [2026-4-1 08:11:44] Log::Print : configure
[Debug] [2026-4-1 08:11:44] Send RPC: 4.
[Debug] [2026-4-1 08:11:44] Send cmd [configure:10002] OK
[Debug] [2026-4-1 08:11:45] The value is 6.
[Debug] [2026-4-1 08:11:45] The value is 10.
[Debug] [2026-4-1 08:11:46] The value is 15.
[Debug] [2026-4-1 08:11:46] The value is 20.
[Debug] [2026-4-1 08:11:46] The value is 25.
[Debug] [2026-4-1 08:11:47] The value is 30.
[Debug] [2026-4-1 08:11:47] The value is 35.
[Debug] [2026-4-1 08:11:47] The value is 40.
[Debug] [2026-4-1 08:11:48] The value is 45.
[Debug] [2026-4-1 08:11:48] The value is 50.
[Debug] [2026-4-1 08:11:49] The value is 55.
[Debug] [2026-4-1 08:11:49] The value is 60.
[Debug] [2026-4-1 08:11:49] The value is 65.
[Debug] [2026-4-1 08:11:50] The value is 70.
[Debug] [2026-4-1 08:11:50] The value is 75.
[Debug] [2026-4-1 08:11:51] The value is 80.
[Debug] [2026-4-1 08:11:51] The value is 85.
[Debug] [2026-4-1 08:11:51] The value is 90.
[Debug] [2026-4-1 08:11:52] The value is 95.
[Debug] [2026-4-1 08:11:52] The value is 100.
[Debug] [2026-4-1 08:11:53] [BusValue] Opt:Add.
[Debug] [2026-4-1 08:11:53] [BusValue] Opt:Add.
[Info] [2026-4-1 08:11:54] MsgOut: COMMAND[configure] execute successfully, takes 9.6 secs.
[Debug] [2026-4-1 08:11:54] COMMAND[configure] execute successfully, takes 9.6 secs.
[Debug] [2026-4-1 08:11:54] Log::Print : Import Core: 0 OK
[Debug] [2026-4-1 08:12:04] Operation: Trigger.
[Debug] [2026-4-1 08:12:04] Log::Print : run
[Debug] [2026-4-1 08:12:04] Send RPC: 5.
[Debug] [2026-4-1 08:12:04] Send cmd [run:10003] OK
[Info] [2026-4-1 08:12:04] MsgOut: Core 0 trigger successful at Wed Apr  1 08:12:04 2026
[Debug] [2026-4-1 08:12:05] Operation: ZoomFit
[Debug] [2026-4-1 08:12:05] Finish.
[Debug] [2026-4-1 08:12:05] [BusValue] Opt:Flush.
[Debug] [2026-4-1 08:12:05] [BusValue] Opt:Update.
[Info] [2026-4-1 08:12:05] MsgOut: COMMAND[run] execute successfully, takes 1.0 secs.
[Debug] [2026-4-1 08:12:05] COMMAND[run] execute successfully, takes 1.0 secs.
[Debug] [2026-4-1 08:12:19] Operation: Go to X cursor.
[Debug] [2026-4-1 08:12:19] Finish.
[Debug] [2026-4-1 08:12:19] Operation: Zoom in.
[Debug] [2026-4-1 08:12:19] Finish.
[Debug] [2026-4-1 08:12:19] Operation: Zoom in.
[Debug] [2026-4-1 08:12:19] Finish.
[Debug] [2026-4-1 08:12:20] Operation: Zoom in.
[Debug] [2026-4-1 08:12:20] Finish.
[Debug] [2026-4-1 08:12:20] Operation: Zoom in.
[Debug] [2026-4-1 08:12:20] Finish.
[Debug] [2026-4-1 08:12:20] Operation: Zoom in.
[Debug] [2026-4-1 08:12:20] Finish.
[Debug] [2026-4-1 08:12:20] Operation: Zoom in.
[Debug] [2026-4-1 08:12:20] Finish.
[Debug] [2026-4-1 08:12:56] Operation: Trigger.
[Debug] [2026-4-1 08:12:56] Log::Print : run
[Debug] [2026-4-1 08:12:56] Send RPC: 6.
[Debug] [2026-4-1 08:12:56] Send cmd [run:10003] OK
[Info] [2026-4-1 08:12:56] MsgOut: Core 0 trigger successful at Wed Apr  1 08:12:56 2026
[Debug] [2026-4-1 08:12:57] Operation: ZoomFit
[Debug] [2026-4-1 08:12:57] Finish.
[Debug] [2026-4-1 08:12:57] [BusValue] Opt:Flush.
[Debug] [2026-4-1 08:12:57] [BusValue] Opt:Update.
[Info] [2026-4-1 08:12:57] MsgOut: COMMAND[run] execute successfully, takes 1.1 secs.
[Debug] [2026-4-1 08:12:57] COMMAND[run] execute successfully, takes 1.1 secs.
[Debug] [2026-4-1 08:12:59] Operation: ZoomOut
[Debug] [2026-4-1 08:12:59] Finish.
[Debug] [2026-4-1 08:12:59] Operation: ZoomOut
[Debug] [2026-4-1 08:12:59] Finish.
[Debug] [2026-4-1 08:12:59] Operation: Zoom in.
[Debug] [2026-4-1 08:12:59] Finish.
[Debug] [2026-4-1 08:13:00] Operation: Zoom in.
[Debug] [2026-4-1 08:13:00] Finish.
[Debug] [2026-4-1 08:13:09] Operation: ZoomOut
[Debug] [2026-4-1 08:13:09] Finish.
[Debug] [2026-4-1 08:16:41] Operation: Try to close window.
[Debug] [2026-4-1 08:16:41] /*************************** 2026-04-01 08:16:41  End ***************************/
[Debug] [2026-4-1 08:20:17] /*************************** 2026-04-01 08:20:17  Start ***************************/
[Debug] [2026-4-1 08:20:17] Path: C:/pango/PDS_2022.2-SP6.4/bin
[Debug] [2026-4-1 08:20:17] #Generated by Fabric Debugger (version 2022.2-SP6.4 build 146967) at Wed Apr  1 08:20:17 2026


[Info] [2026-4-1 08:20:17] MsgOut: Fabric Debugger Started.
[Debug] [2026-4-1 08:20:17] Main window show.
[Debug] [2026-4-1 08:20:19] Operation: Scan.
[Debug] [2026-4-1 08:20:19] Client Local host name:DESKTOP-VB8TKRO
[Debug] [2026-4-1 08:20:19] Client Local Address:2.0.0.1
[Debug] [2026-4-1 08:20:19] Client Local Address:210.77.26.220
[Debug] [2026-4-1 08:20:19] Client Local Address:192.168.44.1
[Debug] [2026-4-1 08:20:19] Client Local Address:192.168.176.1
[Debug] [2026-4-1 08:20:19] Server Address:127.0.0.1, Port:65420
[Info] [2026-4-1 08:20:19] MsgOut: Connecting to server[127.0.0.1 : 65420].
[Info] [2026-4-1 08:20:20] Connect OK, Server: 127.0.0.1  Port: 65420
[Info] [2026-4-1 08:20:20] MsgOut: Connect to server[127.0.0.1 : 65420] successfully.
[Debug] [2026-4-1 08:20:20] Finish.
[Debug] [2026-4-1 08:20:20] Log::Print : check version information
[Debug] [2026-4-1 08:20:20] Send RPC: 1.
[Debug] [2026-4-1 08:20:20] Send cmd [check version information:40004] OK
[Debug] [2026-4-1 08:20:20] Log::Print : get_cable_paras
[Debug] [2026-4-1 08:20:20] Send RPC: 2.
[Debug] [2026-4-1 08:20:20] Send cmd [get_cable_paras:40010] OK
[Debug] [2026-4-1 08:20:20] Log::Print : open_cable
[Debug] [2026-4-1 08:20:20] Send RPC: 3.
[Debug] [2026-4-1 08:20:20] Send cmd [open_cable:10001] OK
[Info] [2026-4-1 08:20:20] MsgOut: COMMAND[check version information] execute successfully, takes 0.4 secs.
[Debug] [2026-4-1 08:20:20] COMMAND[check version information] execute successfully, takes 0.4 secs.
[Info] [2026-4-1 08:20:21] MsgOut: The Cable List : 
Cable index 0:USB Cable II/fffffffffffffffe 

[Info] [2026-4-1 08:20:21] MsgOut: COMMAND[get_cable_paras] execute successfully, takes 1.1 secs.
[Debug] [2026-4-1 08:20:21] COMMAND[get_cable_paras] execute successfully, takes 1.1 secs.
[Info] [2026-4-1 08:20:22] MsgOut: PANGO USB CABLE II cable driver: D2XX DLL
[Info] [2026-4-1 08:20:24] MsgOut: COMMAND[open_cable] execute successfully, takes 3.9 secs.
[Debug] [2026-4-1 08:20:24] COMMAND[open_cable] execute successfully, takes 3.9 secs.
[Debug] [2026-4-1 08:20:26] Configure.
[Debug] [2026-4-1 08:20:28] Operation: Program.
[Debug] [2026-4-1 08:20:28] Log::Print : configure
[Debug] [2026-4-1 08:20:28] Send RPC: 4.
[Debug] [2026-4-1 08:20:28] Send cmd [configure:10002] OK
[Debug] [2026-4-1 08:20:29] The value is 6.
[Debug] [2026-4-1 08:20:30] The value is 10.
[Debug] [2026-4-1 08:20:30] The value is 15.
[Debug] [2026-4-1 08:20:30] The value is 20.
[Debug] [2026-4-1 08:20:31] The value is 25.
[Debug] [2026-4-1 08:20:31] The value is 30.
[Debug] [2026-4-1 08:20:32] The value is 35.
[Debug] [2026-4-1 08:20:32] The value is 40.
[Debug] [2026-4-1 08:20:32] The value is 45.
[Debug] [2026-4-1 08:20:33] The value is 50.
[Debug] [2026-4-1 08:20:33] The value is 55.
[Debug] [2026-4-1 08:20:33] The value is 60.
[Debug] [2026-4-1 08:20:34] The value is 65.
[Debug] [2026-4-1 08:20:34] The value is 70.
[Debug] [2026-4-1 08:20:35] The value is 75.
[Debug] [2026-4-1 08:20:35] The value is 80.
[Debug] [2026-4-1 08:20:35] The value is 85.
[Debug] [2026-4-1 08:20:36] The value is 90.
[Debug] [2026-4-1 08:20:36] The value is 95.
[Debug] [2026-4-1 08:20:37] The value is 100.
[Debug] [2026-4-1 08:20:38] [BusValue] Opt:Add.
[Debug] [2026-4-1 08:20:38] [BusValue] Opt:Add.
[Info] [2026-4-1 08:20:38] MsgOut: COMMAND[configure] execute successfully, takes 9.3 secs.
[Debug] [2026-4-1 08:20:38] COMMAND[configure] execute successfully, takes 9.3 secs.
[Debug] [2026-4-1 08:20:38] Log::Print : Import Core: 0 OK
[Debug] [2026-4-1 08:20:41] Operation: Trigger.
[Debug] [2026-4-1 08:20:41] Log::Print : run
[Debug] [2026-4-1 08:20:41] Send RPC: 5.
[Debug] [2026-4-1 08:20:41] Send cmd [run:10003] OK
[Info] [2026-4-1 08:20:42] MsgOut: Core 0 trigger successful at Wed Apr  1 08:20:42 2026
[Debug] [2026-4-1 08:20:42] Operation: ZoomFit
[Debug] [2026-4-1 08:20:42] Finish.
[Debug] [2026-4-1 08:20:42] [BusValue] Opt:Flush.
[Debug] [2026-4-1 08:20:42] [BusValue] Opt:Update.
[Info] [2026-4-1 08:20:42] MsgOut: COMMAND[run] execute successfully, takes 1.0 secs.
[Debug] [2026-4-1 08:20:42] COMMAND[run] execute successfully, takes 1.0 secs.
[Debug] [2026-4-1 08:20:47] Operation: Zoom in.
[Debug] [2026-4-1 08:20:47] Finish.
[Debug] [2026-4-1 08:20:47] Operation: Zoom in.
[Debug] [2026-4-1 08:20:47] Finish.
[Debug] [2026-4-1 08:20:47] Operation: Zoom in.
[Debug] [2026-4-1 08:20:47] Finish.
[Debug] [2026-4-1 08:20:47] Operation: Zoom in.
[Debug] [2026-4-1 08:20:47] Finish.
[Debug] [2026-4-1 08:20:48] Operation: Zoom in.
[Debug] [2026-4-1 08:20:48] Finish.
[Debug] [2026-4-1 08:20:48] Operation: Zoom in.
[Debug] [2026-4-1 08:20:48] Finish.
[Debug] [2026-4-1 08:20:49] Operation: ZoomOut
[Debug] [2026-4-1 08:20:49] Finish.
[Debug] [2026-4-1 08:21:14] Operation: Trigger.
[Debug] [2026-4-1 08:21:14] Log::Print : run
[Debug] [2026-4-1 08:21:14] Send RPC: 6.
[Debug] [2026-4-1 08:21:14] Send cmd [run:10003] OK
[Info] [2026-4-1 08:21:15] MsgOut: Core 0 trigger successful at Wed Apr  1 08:21:14 2026
[Debug] [2026-4-1 08:21:15] Operation: ZoomFit
[Debug] [2026-4-1 08:21:15] Finish.
[Debug] [2026-4-1 08:21:15] [BusValue] Opt:Flush.
[Debug] [2026-4-1 08:21:15] [BusValue] Opt:Update.
[Info] [2026-4-1 08:21:15] MsgOut: COMMAND[run] execute successfully, takes 1.0 secs.
[Debug] [2026-4-1 08:21:15] COMMAND[run] execute successfully, takes 1.0 secs.
[Debug] [2026-4-1 08:34:55] Operation: Try to close window.
[Debug] [2026-4-1 08:34:55] /*************************** 2026-04-01 08:34:55  End ***************************/
[Debug] [2026-4-1 08:37:54] /*************************** 2026-04-01 08:37:54  Start ***************************/
[Debug] [2026-4-1 08:37:54] Path: C:/pango/PDS_2022.2-SP6.4/bin
[Debug] [2026-4-1 08:37:54] #Generated by Fabric Debugger (version 2022.2-SP6.4 build 146967) at Wed Apr  1 08:37:54 2026


[Info] [2026-4-1 08:37:54] MsgOut: Fabric Debugger Started.
[Debug] [2026-4-1 08:37:55] Main window show.
[Debug] [2026-4-1 08:38:00] Operation: Scan.
[Debug] [2026-4-1 08:38:00] Client Local host name:DESKTOP-VB8TKRO
[Debug] [2026-4-1 08:38:00] Client Local Address:2.0.0.1
[Debug] [2026-4-1 08:38:00] Client Local Address:210.77.26.220
[Debug] [2026-4-1 08:38:00] Client Local Address:192.168.44.1
[Debug] [2026-4-1 08:38:00] Client Local Address:192.168.176.1
[Debug] [2026-4-1 08:38:00] Server Address:127.0.0.1, Port:65420
[Info] [2026-4-1 08:38:00] MsgOut: Connecting to server[127.0.0.1 : 65420].
[Info] [2026-4-1 08:38:00] Connect OK, Server: 127.0.0.1  Port: 65420
[Info] [2026-4-1 08:38:00] MsgOut: Connect to server[127.0.0.1 : 65420] successfully.
[Debug] [2026-4-1 08:38:00] Finish.
[Debug] [2026-4-1 08:38:00] Log::Print : check version information
[Debug] [2026-4-1 08:38:00] Send RPC: 1.
[Debug] [2026-4-1 08:38:00] Send cmd [check version information:40004] OK
[Debug] [2026-4-1 08:38:00] Log::Print : get_cable_paras
[Debug] [2026-4-1 08:38:00] Send RPC: 2.
[Debug] [2026-4-1 08:38:00] Send cmd [get_cable_paras:40010] OK
[Debug] [2026-4-1 08:38:00] Log::Print : open_cable
[Debug] [2026-4-1 08:38:00] Send RPC: 3.
[Debug] [2026-4-1 08:38:00] Send cmd [open_cable:10001] OK
[Info] [2026-4-1 08:38:00] MsgOut: COMMAND[check version information] execute successfully, takes 0.4 secs.
[Debug] [2026-4-1 08:38:00] COMMAND[check version information] execute successfully, takes 0.4 secs.
[Info] [2026-4-1 08:38:02] MsgOut: The Cable List : 
Cable index 0:USB Cable II/fffffffffffffffe 

[Info] [2026-4-1 08:38:02] MsgOut: COMMAND[get_cable_paras] execute successfully, takes 1.1 secs.
[Debug] [2026-4-1 08:38:02] COMMAND[get_cable_paras] execute successfully, takes 1.1 secs.
[Info] [2026-4-1 08:38:03] MsgOut: PANGO USB CABLE II cable driver: D2XX DLL
[Info] [2026-4-1 08:38:04] MsgOut: COMMAND[open_cable] execute successfully, takes 3.3 secs.
[Debug] [2026-4-1 08:38:04] COMMAND[open_cable] execute successfully, takes 3.3 secs.
[Debug] [2026-4-1 08:38:06] Configure.
[Debug] [2026-4-1 08:38:08] Operation: Program.
[Debug] [2026-4-1 08:38:08] Log::Print : configure
[Debug] [2026-4-1 08:38:08] Send RPC: 4.
[Debug] [2026-4-1 08:38:08] Send cmd [configure:10002] OK
[Debug] [2026-4-1 08:38:09] The value is 6.
[Debug] [2026-4-1 08:38:10] The value is 10.
[Debug] [2026-4-1 08:38:10] The value is 15.
[Debug] [2026-4-1 08:38:10] The value is 20.
[Debug] [2026-4-1 08:38:11] The value is 25.
[Debug] [2026-4-1 08:38:11] The value is 30.
[Debug] [2026-4-1 08:38:12] The value is 35.
[Debug] [2026-4-1 08:38:12] The value is 40.
[Debug] [2026-4-1 08:38:12] The value is 45.
[Debug] [2026-4-1 08:38:13] The value is 50.
[Debug] [2026-4-1 08:38:13] The value is 55.
[Debug] [2026-4-1 08:38:13] The value is 60.
[Debug] [2026-4-1 08:38:14] The value is 65.
[Debug] [2026-4-1 08:38:14] The value is 70.
[Debug] [2026-4-1 08:38:15] The value is 75.
[Debug] [2026-4-1 08:38:15] The value is 80.
[Debug] [2026-4-1 08:38:15] The value is 85.
[Debug] [2026-4-1 08:38:16] The value is 90.
[Debug] [2026-4-1 08:38:16] The value is 95.
[Debug] [2026-4-1 08:38:17] The value is 100.
[Debug] [2026-4-1 08:38:18] [BusValue] Opt:Add.
[Debug] [2026-4-1 08:38:18] [BusValue] Opt:Add.
[Info] [2026-4-1 08:38:18] MsgOut: COMMAND[configure] execute successfully, takes 9.7 secs.
[Debug] [2026-4-1 08:38:18] COMMAND[configure] execute successfully, takes 9.7 secs.
[Debug] [2026-4-1 08:38:18] Log::Print : Import Core: 0 OK
[Debug] [2026-4-1 08:38:25] Operation: Trigger.
[Debug] [2026-4-1 08:38:25] Log::Print : run
[Debug] [2026-4-1 08:38:25] Send RPC: 5.
[Debug] [2026-4-1 08:38:25] Send cmd [run:10003] OK
[Info] [2026-4-1 08:38:26] MsgOut: Core 0 trigger successful at Wed Apr  1 08:38:26 2026
[Debug] [2026-4-1 08:38:26] Operation: ZoomFit
[Debug] [2026-4-1 08:38:26] Finish.
[Debug] [2026-4-1 08:38:26] [BusValue] Opt:Flush.
[Debug] [2026-4-1 08:38:26] [BusValue] Opt:Update.
[Info] [2026-4-1 08:38:26] MsgOut: COMMAND[run] execute successfully, takes 1.0 secs.
[Debug] [2026-4-1 08:38:26] COMMAND[run] execute successfully, takes 1.0 secs.
[Debug] [2026-4-1 08:38:35] Operation: Trigger.
[Debug] [2026-4-1 08:38:35] Log::Print : run
[Debug] [2026-4-1 08:38:35] Send RPC: 6.
[Debug] [2026-4-1 08:38:35] Send cmd [run:10003] OK
[Info] [2026-4-1 08:38:36] MsgOut: Core 0 trigger successful at Wed Apr  1 08:38:36 2026
[Debug] [2026-4-1 08:38:37] Operation: ZoomFit
[Debug] [2026-4-1 08:38:37] Finish.
[Debug] [2026-4-1 08:38:37] [BusValue] Opt:Flush.
[Debug] [2026-4-1 08:38:37] [BusValue] Opt:Update.
[Info] [2026-4-1 08:38:37] MsgOut: COMMAND[run] execute successfully, takes 1.0 secs.
[Debug] [2026-4-1 08:38:37] COMMAND[run] execute successfully, takes 1.0 secs.
[Debug] [2026-4-1 08:38:48] Operation: Trigger.
[Debug] [2026-4-1 08:38:48] Log::Print : run
[Debug] [2026-4-1 08:38:48] Send RPC: 7.
[Debug] [2026-4-1 08:38:48] Send cmd [run:10003] OK
[Info] [2026-4-1 08:38:48] MsgOut: Core 0 trigger successful at Wed Apr  1 08:38:48 2026
[Debug] [2026-4-1 08:38:49] Operation: ZoomFit
[Debug] [2026-4-1 08:38:49] Finish.
[Debug] [2026-4-1 08:38:49] [BusValue] Opt:Flush.
[Debug] [2026-4-1 08:38:49] [BusValue] Opt:Update.
[Info] [2026-4-1 08:38:49] MsgOut: COMMAND[run] execute successfully, takes 1.0 secs.
[Debug] [2026-4-1 08:38:49] COMMAND[run] execute successfully, takes 1.0 secs.
[Debug] [2026-4-1 08:38:52] Operation: Zoom in.
[Debug] [2026-4-1 08:38:52] Finish.
[Debug] [2026-4-1 08:38:52] Operation: Zoom in.
[Debug] [2026-4-1 08:38:52] Finish.
[Debug] [2026-4-1 08:38:52] Operation: Zoom in.
[Debug] [2026-4-1 08:38:52] Finish.
[Debug] [2026-4-1 08:38:53] Operation: Zoom in.
[Debug] [2026-4-1 08:38:53] Finish.
[Debug] [2026-4-1 08:38:53] Operation: Zoom in.
[Debug] [2026-4-1 08:38:53] Finish.
[Debug] [2026-4-1 08:38:54] Operation: Zoom in.
[Debug] [2026-4-1 08:38:54] Finish.
[Debug] [2026-4-1 08:39:46] Operation: Try to close window.
[Debug] [2026-4-1 08:39:46] /*************************** 2026-04-01 08:39:46  End ***************************/
[Debug] [2026-4-1 08:46:42] /*************************** 2026-04-01 08:46:42  Start ***************************/
[Debug] [2026-4-1 08:46:42] Path: C:/pango/PDS_2022.2-SP6.4/bin
[Debug] [2026-4-1 08:46:42] #Generated by Fabric Debugger (version 2022.2-SP6.4 build 146967) at Wed Apr  1 08:46:42 2026


[Info] [2026-4-1 08:46:42] MsgOut: Fabric Debugger Started.
[Debug] [2026-4-1 08:46:42] Main window show.
[Debug] [2026-4-1 08:46:44] Operation: Scan.
[Debug] [2026-4-1 08:46:44] Client Local host name:DESKTOP-VB8TKRO
[Debug] [2026-4-1 08:46:44] Client Local Address:2.0.0.1
[Debug] [2026-4-1 08:46:44] Client Local Address:210.77.26.220
[Debug] [2026-4-1 08:46:44] Client Local Address:192.168.44.1
[Debug] [2026-4-1 08:46:44] Client Local Address:192.168.176.1
[Debug] [2026-4-1 08:46:44] Server Address:127.0.0.1, Port:65420
[Info] [2026-4-1 08:46:44] MsgOut: Connecting to server[127.0.0.1 : 65420].
[Info] [2026-4-1 08:46:45] Connect OK, Server: 127.0.0.1  Port: 65420
[Info] [2026-4-1 08:46:45] MsgOut: Connect to server[127.0.0.1 : 65420] successfully.
[Debug] [2026-4-1 08:46:45] Finish.
[Debug] [2026-4-1 08:46:45] Log::Print : check version information
[Debug] [2026-4-1 08:46:45] Send RPC: 1.
[Debug] [2026-4-1 08:46:45] Send cmd [check version information:40004] OK
[Debug] [2026-4-1 08:46:45] Log::Print : get_cable_paras
[Debug] [2026-4-1 08:46:45] Send RPC: 2.
[Debug] [2026-4-1 08:46:45] Send cmd [get_cable_paras:40010] OK
[Debug] [2026-4-1 08:46:45] Log::Print : open_cable
[Debug] [2026-4-1 08:46:45] Send RPC: 3.
[Debug] [2026-4-1 08:46:45] Send cmd [open_cable:10001] OK
[Info] [2026-4-1 08:46:45] MsgOut: COMMAND[check version information] execute successfully, takes 0.5 secs.
[Debug] [2026-4-1 08:46:45] COMMAND[check version information] execute successfully, takes 0.5 secs.
[Info] [2026-4-1 08:46:46] MsgOut: The Cable List : 
Cable index 0:USB Cable II/fffffffffffffffe 

[Info] [2026-4-1 08:46:46] MsgOut: COMMAND[get_cable_paras] execute successfully, takes 1.2 secs.
[Debug] [2026-4-1 08:46:46] COMMAND[get_cable_paras] execute successfully, takes 1.2 secs.
[Info] [2026-4-1 08:46:47] MsgOut: PANGO USB CABLE II cable driver: D2XX DLL
[Info] [2026-4-1 08:46:48] MsgOut: COMMAND[open_cable] execute successfully, takes 3.3 secs.
[Debug] [2026-4-1 08:46:48] COMMAND[open_cable] execute successfully, takes 3.3 secs.
[Debug] [2026-4-1 08:46:50] Configure.
[Debug] [2026-4-1 08:46:52] Operation: Program.
[Debug] [2026-4-1 08:46:52] Log::Print : configure
[Debug] [2026-4-1 08:46:52] Send RPC: 4.
[Debug] [2026-4-1 08:46:52] Send cmd [configure:10002] OK
[Debug] [2026-4-1 08:46:53] The value is 6.
[Debug] [2026-4-1 08:46:53] The value is 10.
[Debug] [2026-4-1 08:46:54] The value is 15.
[Debug] [2026-4-1 08:46:54] The value is 20.
[Debug] [2026-4-1 08:46:55] The value is 25.
[Debug] [2026-4-1 08:46:55] The value is 30.
[Debug] [2026-4-1 08:46:55] The value is 35.
[Debug] [2026-4-1 08:46:56] The value is 40.
[Debug] [2026-4-1 08:46:56] The value is 45.
[Debug] [2026-4-1 08:46:57] The value is 50.
[Debug] [2026-4-1 08:46:57] The value is 55.
[Debug] [2026-4-1 08:46:57] The value is 60.
[Debug] [2026-4-1 08:46:58] The value is 65.
[Debug] [2026-4-1 08:46:58] The value is 70.
[Debug] [2026-4-1 08:46:58] The value is 75.
[Debug] [2026-4-1 08:46:59] The value is 80.
[Debug] [2026-4-1 08:46:59] The value is 85.
[Debug] [2026-4-1 08:47:00] The value is 90.
[Debug] [2026-4-1 08:47:00] The value is 95.
[Debug] [2026-4-1 08:47:00] The value is 100.
[Debug] [2026-4-1 08:47:02] [BusValue] Opt:Add.
[Debug] [2026-4-1 08:47:02] [BusValue] Opt:Add.
[Info] [2026-4-1 08:47:02] MsgOut: COMMAND[configure] execute successfully, takes 9.8 secs.
[Debug] [2026-4-1 08:47:02] COMMAND[configure] execute successfully, takes 9.8 secs.
[Debug] [2026-4-1 08:47:02] Log::Print : Import Core: 0 OK
[Debug] [2026-4-1 08:47:21] Operation: Trigger.
[Debug] [2026-4-1 08:47:21] Log::Print : run
[Debug] [2026-4-1 08:47:21] Send RPC: 5.
[Debug] [2026-4-1 08:47:21] Send cmd [run:10003] OK
[Info] [2026-4-1 08:47:22] MsgOut: Core 0 trigger successful at Wed Apr  1 08:47:22 2026
[Debug] [2026-4-1 08:47:22] Operation: ZoomFit
[Debug] [2026-4-1 08:47:22] Finish.
[Debug] [2026-4-1 08:47:22] [BusValue] Opt:Flush.
[Debug] [2026-4-1 08:47:22] [BusValue] Opt:Update.
[Info] [2026-4-1 08:47:22] MsgOut: COMMAND[run] execute successfully, takes 1.0 secs.
[Debug] [2026-4-1 08:47:22] COMMAND[run] execute successfully, takes 1.0 secs.
[Debug] [2026-4-1 08:47:25] Operation: Zoom in.
[Debug] [2026-4-1 08:47:25] Finish.
[Debug] [2026-4-1 08:47:25] Operation: Zoom in.
[Debug] [2026-4-1 08:47:25] Finish.
[Debug] [2026-4-1 08:47:25] Operation: Zoom in.
[Debug] [2026-4-1 08:47:25] Finish.
[Debug] [2026-4-1 08:47:26] Operation: Zoom in.
[Debug] [2026-4-1 08:47:26] Finish.
[Debug] [2026-4-1 08:47:26] Operation: Zoom in.
[Debug] [2026-4-1 08:47:26] Finish.
[Debug] [2026-4-1 08:47:34] Operation: Trigger.
[Debug] [2026-4-1 08:47:34] Log::Print : run
[Debug] [2026-4-1 08:47:34] Send RPC: 6.
[Debug] [2026-4-1 08:47:34] Send cmd [run:10003] OK
[Info] [2026-4-1 08:47:35] MsgOut: Core 0 trigger successful at Wed Apr  1 08:47:35 2026
[Debug] [2026-4-1 08:47:35] Operation: ZoomFit
[Debug] [2026-4-1 08:47:35] Finish.
[Debug] [2026-4-1 08:47:35] [BusValue] Opt:Flush.
[Debug] [2026-4-1 08:47:35] [BusValue] Opt:Update.
[Info] [2026-4-1 08:47:35] MsgOut: COMMAND[run] execute successfully, takes 1.0 secs.
[Debug] [2026-4-1 08:47:35] COMMAND[run] execute successfully, takes 1.0 secs.
[Debug] [2026-4-1 08:53:00] Operation: Try to close window.
[Debug] [2026-4-1 08:53:00] /*************************** 2026-04-01 08:53:00  End ***************************/
[Debug] [2026-4-1 09:02:53] /*************************** 2026-04-01 09:02:53  Start ***************************/
[Debug] [2026-4-1 09:02:53] Path: C:/pango/PDS_2022.2-SP6.4/bin
[Debug] [2026-4-1 09:02:53] #Generated by Fabric Debugger (version 2022.2-SP6.4 build 146967) at Wed Apr  1 09:02:53 2026


[Info] [2026-4-1 09:02:53] MsgOut: Fabric Debugger Started.
[Debug] [2026-4-1 09:02:53] Main window show.
[Debug] [2026-4-1 09:03:01] Operation: Scan.
[Debug] [2026-4-1 09:03:01] Client Local host name:DESKTOP-VB8TKRO
[Debug] [2026-4-1 09:03:01] Client Local Address:2.0.0.1
[Debug] [2026-4-1 09:03:01] Client Local Address:210.77.26.220
[Debug] [2026-4-1 09:03:01] Client Local Address:192.168.44.1
[Debug] [2026-4-1 09:03:01] Client Local Address:192.168.176.1
[Debug] [2026-4-1 09:03:01] Server Address:127.0.0.1, Port:65420
[Info] [2026-4-1 09:03:01] MsgOut: Connecting to server[127.0.0.1 : 65420].
[Info] [2026-4-1 09:03:01] Connect OK, Server: 127.0.0.1  Port: 65420
[Info] [2026-4-1 09:03:01] MsgOut: Connect to server[127.0.0.1 : 65420] successfully.
[Debug] [2026-4-1 09:03:01] Finish.
[Debug] [2026-4-1 09:03:01] Log::Print : check version information
[Debug] [2026-4-1 09:03:01] Send RPC: 1.
[Debug] [2026-4-1 09:03:01] Send cmd [check version information:40004] OK
[Debug] [2026-4-1 09:03:02] Log::Print : get_cable_paras
[Debug] [2026-4-1 09:03:02] Send RPC: 2.
[Debug] [2026-4-1 09:03:02] Send cmd [get_cable_paras:40010] OK
[Debug] [2026-4-1 09:03:02] Log::Print : open_cable
[Debug] [2026-4-1 09:03:02] Send RPC: 3.
[Debug] [2026-4-1 09:03:02] Send cmd [open_cable:10001] OK
[Info] [2026-4-1 09:03:02] MsgOut: COMMAND[check version information] execute successfully, takes 0.4 secs.
[Debug] [2026-4-1 09:03:02] COMMAND[check version information] execute successfully, takes 0.4 secs.
[Info] [2026-4-1 09:03:03] MsgOut: The Cable List : 
Cable index 0:USB Cable II/fffffffffffffffe 

[Info] [2026-4-1 09:03:03] MsgOut: COMMAND[get_cable_paras] execute successfully, takes 1.1 secs.
[Debug] [2026-4-1 09:03:03] COMMAND[get_cable_paras] execute successfully, takes 1.1 secs.
[Info] [2026-4-1 09:03:04] MsgOut: PANGO USB CABLE II cable driver: D2XX DLL
[Info] [2026-4-1 09:03:05] MsgOut: COMMAND[open_cable] execute successfully, takes 3.2 secs.
[Debug] [2026-4-1 09:03:05] COMMAND[open_cable] execute successfully, takes 3.2 secs.
[Debug] [2026-4-1 09:03:07] Configure.
[Debug] [2026-4-1 09:03:10] Operation: Program.
[Debug] [2026-4-1 09:03:10] Log::Print : configure
[Debug] [2026-4-1 09:03:10] Send RPC: 4.
[Debug] [2026-4-1 09:03:10] Send cmd [configure:10002] OK
[Debug] [2026-4-1 09:03:11] The value is 6.
[Debug] [2026-4-1 09:03:11] The value is 10.
[Debug] [2026-4-1 09:03:12] The value is 15.
[Debug] [2026-4-1 09:03:12] The value is 20.
[Debug] [2026-4-1 09:03:13] The value is 25.
[Debug] [2026-4-1 09:03:13] The value is 30.
[Debug] [2026-4-1 09:03:13] The value is 35.
[Debug] [2026-4-1 09:03:14] The value is 40.
[Debug] [2026-4-1 09:03:14] The value is 45.
[Debug] [2026-4-1 09:03:14] The value is 50.
[Debug] [2026-4-1 09:03:15] The value is 55.
[Debug] [2026-4-1 09:03:15] The value is 60.
[Debug] [2026-4-1 09:03:16] The value is 65.
[Debug] [2026-4-1 09:03:16] The value is 70.
[Debug] [2026-4-1 09:03:16] The value is 75.
[Debug] [2026-4-1 09:03:17] The value is 80.
[Debug] [2026-4-1 09:03:17] The value is 85.
[Debug] [2026-4-1 09:03:17] The value is 90.
[Debug] [2026-4-1 09:03:18] The value is 95.
[Debug] [2026-4-1 09:03:18] The value is 100.
[Debug] [2026-4-1 09:03:20] [BusValue] Opt:Add.
[Debug] [2026-4-1 09:03:20] [BusValue] Opt:Add.
[Debug] [2026-4-1 09:03:20] [BusValue] Opt:Add.
[Debug] [2026-4-1 09:03:20] [BusValue] Opt:Add.
[Debug] [2026-4-1 09:03:20] [BusValue] Opt:Add.
[Debug] [2026-4-1 09:03:20] [BusValue] Opt:Add.
[Info] [2026-4-1 09:03:20] MsgOut: COMMAND[configure] execute successfully, takes 9.7 secs.
[Debug] [2026-4-1 09:03:20] COMMAND[configure] execute successfully, takes 9.7 secs.
[Debug] [2026-4-1 09:03:20] Log::Print : Import Core: 0 OK
[Debug] [2026-4-1 09:04:00] Operation: Trigger.
[Debug] [2026-4-1 09:04:00] Log::Print : run
[Debug] [2026-4-1 09:04:00] Send RPC: 5.
[Debug] [2026-4-1 09:04:00] Send cmd [run:10003] OK
[Info] [2026-4-1 09:04:01] MsgOut: Core 0 trigger successful at Wed Apr  1 09:04:01 2026
[Debug] [2026-4-1 09:04:01] Operation: ZoomFit
[Debug] [2026-4-1 09:04:01] Finish.
[Debug] [2026-4-1 09:04:01] [BusValue] Opt:Flush.
[Debug] [2026-4-1 09:04:01] [BusValue] Opt:Update.
[Info] [2026-4-1 09:04:01] MsgOut: COMMAND[run] execute successfully, takes 1.1 secs.
[Debug] [2026-4-1 09:04:01] COMMAND[run] execute successfully, takes 1.1 secs.
[Debug] [2026-4-1 09:04:13] Operation: ZoomFull
[Debug] [2026-4-1 09:04:13] Finish.
[Debug] [2026-4-1 09:04:14] Operation: Zoom in.
[Debug] [2026-4-1 09:04:14] Finish.
[Debug] [2026-4-1 09:04:14] Operation: Zoom in.
[Debug] [2026-4-1 09:04:14] Finish.
[Debug] [2026-4-1 09:04:14] Operation: Zoom in.
[Debug] [2026-4-1 09:04:14] Finish.
[Debug] [2026-4-1 09:04:15] Operation: Zoom in.
[Debug] [2026-4-1 09:04:15] Finish.
[Debug] [2026-4-1 09:04:15] Operation: Zoom in.
[Debug] [2026-4-1 09:04:15] Finish.
[Debug] [2026-4-1 09:04:15] Operation: Zoom in.
[Debug] [2026-4-1 09:04:15] Finish.
[Debug] [2026-4-1 09:04:15] Operation: Zoom in.
[Debug] [2026-4-1 09:04:15] Finish.
[Debug] [2026-4-1 09:04:15] Operation: Zoom in.
[Debug] [2026-4-1 09:04:15] Finish.
[Debug] [2026-4-1 09:04:16] Operation: ZoomOut
[Debug] [2026-4-1 09:04:16] Finish.
[Debug] [2026-4-1 09:04:16] Operation: ZoomOut
[Debug] [2026-4-1 09:04:16] Finish.
[Debug] [2026-4-1 09:04:22] Operation: Zoom in.
[Debug] [2026-4-1 09:04:22] Finish.
[Debug] [2026-4-1 09:04:22] Operation: Zoom in.
[Debug] [2026-4-1 09:04:22] Finish.
[Debug] [2026-4-1 09:04:23] Operation: Zoom in.
[Debug] [2026-4-1 09:04:23] Finish.
[Debug] [2026-4-1 09:04:23] Operation: ZoomOut
[Debug] [2026-4-1 09:04:23] Finish.
[Debug] [2026-4-1 09:04:24] Operation: ZoomOut
[Debug] [2026-4-1 09:04:24] Finish.
[Debug] [2026-4-1 09:04:25] Operation: Zoom in.
[Debug] [2026-4-1 09:04:25] Finish.
[Debug] [2026-4-1 09:04:49] Operation: Zoom in.
[Debug] [2026-4-1 09:04:49] Finish.
[Debug] [2026-4-1 09:04:49] Operation: Zoom in.
[Debug] [2026-4-1 09:04:49] Finish.
[Debug] [2026-4-1 09:04:49] Operation: ZoomOut
[Debug] [2026-4-1 09:04:49] Finish.
[Debug] [2026-4-1 09:05:02] Operation: Trigger.
[Debug] [2026-4-1 09:05:02] Log::Print : run
[Debug] [2026-4-1 09:05:02] Send RPC: 6.
[Debug] [2026-4-1 09:05:02] Send cmd [run:10003] OK
[Info] [2026-4-1 09:05:03] MsgOut: Core 0 trigger successful at Wed Apr  1 09:05:03 2026
[Debug] [2026-4-1 09:05:04] Operation: ZoomFit
[Debug] [2026-4-1 09:05:04] Finish.
[Debug] [2026-4-1 09:05:04] [BusValue] Opt:Flush.
[Debug] [2026-4-1 09:05:04] [BusValue] Opt:Update.
[Info] [2026-4-1 09:05:04] MsgOut: COMMAND[run] execute successfully, takes 1.0 secs.
[Debug] [2026-4-1 09:05:04] COMMAND[run] execute successfully, takes 1.0 secs.
[Debug] [2026-4-1 09:05:05] Operation: ZoomOut
[Debug] [2026-4-1 09:05:05] Finish.
[Debug] [2026-4-1 09:05:05] Operation: ZoomOut
[Debug] [2026-4-1 09:05:05] Finish.
[Debug] [2026-4-1 09:05:05] Operation: ZoomOut
[Debug] [2026-4-1 09:05:05] Finish.
[Debug] [2026-4-1 09:05:06] Operation: ZoomOut
[Debug] [2026-4-1 09:05:06] Finish.
[Debug] [2026-4-1 09:05:06] Operation: ZoomOut
[Debug] [2026-4-1 09:05:06] Finish.
[Debug] [2026-4-1 09:05:06] Operation: ZoomOut
[Debug] [2026-4-1 09:05:06] Finish.
[Debug] [2026-4-1 09:05:07] Operation: Zoom in.
[Debug] [2026-4-1 09:05:07] Finish.
[Debug] [2026-4-1 09:05:07] Operation: Zoom in.
[Debug] [2026-4-1 09:05:07] Finish.
[Debug] [2026-4-1 09:05:07] Operation: Zoom in.
[Debug] [2026-4-1 09:05:07] Finish.
[Debug] [2026-4-1 09:05:07] Operation: Zoom in.
[Debug] [2026-4-1 09:05:07] Finish.
[Debug] [2026-4-1 09:05:09] Operation: Zoom in.
[Debug] [2026-4-1 09:05:09] Finish.
[Debug] [2026-4-1 09:05:09] Operation: Zoom in.
[Debug] [2026-4-1 09:05:09] Finish.
[Debug] [2026-4-1 09:05:09] Operation: ZoomOut
[Debug] [2026-4-1 09:05:09] Finish.
[Debug] [2026-4-1 09:05:09] Operation: ZoomOut
[Debug] [2026-4-1 09:05:09] Finish.
[Debug] [2026-4-1 09:05:10] Operation: ZoomOut
[Debug] [2026-4-1 09:05:10] Finish.
[Debug] [2026-4-1 09:05:10] Operation: ZoomOut
[Debug] [2026-4-1 09:05:10] Finish.
[Debug] [2026-4-1 09:05:10] Operation: ZoomOut
[Debug] [2026-4-1 09:05:10] Finish.
[Debug] [2026-4-1 09:05:10] Operation: ZoomOut
[Debug] [2026-4-1 09:05:10] Finish.
[Debug] [2026-4-1 09:05:10] Operation: ZoomOut
[Debug] [2026-4-1 09:05:10] Finish.
[Debug] [2026-4-1 09:05:11] Operation: Zoom in.
[Debug] [2026-4-1 09:05:11] Finish.
[Debug] [2026-4-1 09:05:11] Operation: Zoom in.
[Debug] [2026-4-1 09:05:11] Finish.
[Debug] [2026-4-1 09:05:11] Operation: Zoom in.
[Debug] [2026-4-1 09:05:11] Finish.
[Debug] [2026-4-1 09:05:12] Operation: Zoom in.
[Debug] [2026-4-1 09:05:12] Finish.
[Debug] [2026-4-1 09:05:12] Operation: Zoom in.
[Debug] [2026-4-1 09:05:12] Finish.
[Debug] [2026-4-1 09:05:12] Operation: Zoom in.
[Debug] [2026-4-1 09:05:12] Finish.
[Debug] [2026-4-1 09:05:13] Operation: ZoomOut
[Debug] [2026-4-1 09:05:13] Finish.
[Debug] [2026-4-1 09:05:13] Operation: ZoomOut
[Debug] [2026-4-1 09:05:13] Finish.
[Debug] [2026-4-1 09:05:13] Operation: ZoomOut
[Debug] [2026-4-1 09:05:13] Finish.
[Debug] [2026-4-1 09:05:13] Operation: ZoomOut
[Debug] [2026-4-1 09:05:13] Finish.
[Debug] [2026-4-1 09:05:15] Operation: Zoom in.
[Debug] [2026-4-1 09:05:15] Finish.
[Debug] [2026-4-1 09:05:15] Operation: Zoom in.
[Debug] [2026-4-1 09:05:15] Finish.
[Debug] [2026-4-1 09:05:15] Operation: Zoom in.
[Debug] [2026-4-1 09:05:15] Finish.
[Debug] [2026-4-1 09:05:16] Operation: Zoom in.
[Debug] [2026-4-1 09:05:16] Finish.
[Debug] [2026-4-1 09:05:17] Operation: Zoom in.
[Debug] [2026-4-1 09:05:17] Finish.
[Debug] [2026-4-1 09:05:23] Operation: Trigger.
[Debug] [2026-4-1 09:05:23] Log::Print : run
[Debug] [2026-4-1 09:05:23] Send RPC: 7.
[Debug] [2026-4-1 09:05:23] Send cmd [run:10003] OK
[Info] [2026-4-1 09:05:23] MsgOut: Core 0 trigger successful at Wed Apr  1 09:05:23 2026
[Debug] [2026-4-1 09:05:24] Operation: ZoomFit
[Debug] [2026-4-1 09:05:24] Finish.
[Debug] [2026-4-1 09:05:24] [BusValue] Opt:Flush.
[Debug] [2026-4-1 09:05:24] [BusValue] Opt:Update.
[Info] [2026-4-1 09:05:24] MsgOut: COMMAND[run] execute successfully, takes 1.1 secs.
[Debug] [2026-4-1 09:05:24] COMMAND[run] execute successfully, takes 1.1 secs.
[Debug] [2026-4-1 09:05:28] Operation: Trigger.
[Debug] [2026-4-1 09:05:28] Log::Print : run
[Debug] [2026-4-1 09:05:28] Send RPC: 8.
[Debug] [2026-4-1 09:05:28] Send cmd [run:10003] OK
[Info] [2026-4-1 09:05:28] MsgOut: Core 0 trigger successful at Wed Apr  1 09:05:28 2026
[Debug] [2026-4-1 09:05:29] Operation: ZoomFit
[Debug] [2026-4-1 09:05:29] Finish.
[Debug] [2026-4-1 09:05:29] [BusValue] Opt:Flush.
[Debug] [2026-4-1 09:05:29] [BusValue] Opt:Update.
[Info] [2026-4-1 09:05:29] MsgOut: COMMAND[run] execute successfully, takes 1.0 secs.
[Debug] [2026-4-1 09:05:29] COMMAND[run] execute successfully, takes 1.0 secs.
[Debug] [2026-4-1 09:05:30] Operation: Trigger.
[Debug] [2026-4-1 09:05:30] Log::Print : run
[Debug] [2026-4-1 09:05:30] Send RPC: 9.
[Debug] [2026-4-1 09:05:30] Send cmd [run:10003] OK
[Info] [2026-4-1 09:05:30] MsgOut: Core 0 trigger successful at Wed Apr  1 09:05:30 2026
[Debug] [2026-4-1 09:05:31] Operation: ZoomFit
[Debug] [2026-4-1 09:05:31] Finish.
[Debug] [2026-4-1 09:05:31] [BusValue] Opt:Flush.
[Debug] [2026-4-1 09:05:31] [BusValue] Opt:Update.
[Info] [2026-4-1 09:05:31] MsgOut: COMMAND[run] execute successfully, takes 1.0 secs.
[Debug] [2026-4-1 09:05:31] COMMAND[run] execute successfully, takes 1.0 secs.
[Debug] [2026-4-1 09:05:34] Operation: ZoomOut
[Debug] [2026-4-1 09:05:34] Finish.
[Debug] [2026-4-1 09:05:35] Operation: ZoomOut
[Debug] [2026-4-1 09:05:35] Finish.
[Debug] [2026-4-1 09:05:35] Operation: Zoom in.
[Debug] [2026-4-1 09:05:35] Finish.
[Debug] [2026-4-1 09:06:12] Operation: Trigger.
[Debug] [2026-4-1 09:06:12] Log::Print : run
[Debug] [2026-4-1 09:06:12] Send RPC: 10.
[Debug] [2026-4-1 09:06:12] Send cmd [run:10003] OK
[Info] [2026-4-1 09:06:13] MsgOut: Core 0 trigger successful at Wed Apr  1 09:06:13 2026
[Debug] [2026-4-1 09:06:13] Operation: ZoomFit
[Debug] [2026-4-1 09:06:13] Finish.
[Debug] [2026-4-1 09:06:13] [BusValue] Opt:Flush.
[Debug] [2026-4-1 09:06:13] [BusValue] Opt:Update.
[Info] [2026-4-1 09:06:13] MsgOut: COMMAND[run] execute successfully, takes 1.0 secs.
[Debug] [2026-4-1 09:06:13] COMMAND[run] execute successfully, takes 1.0 secs.
[Debug] [2026-4-1 09:06:19] Operation: ZoomOut
[Debug] [2026-4-1 09:06:19] Finish.
[Debug] [2026-4-1 09:06:20] Operation: ZoomOut
[Debug] [2026-4-1 09:06:20] Finish.
[Debug] [2026-4-1 09:06:20] Operation: ZoomOut
[Debug] [2026-4-1 09:06:20] Finish.
[Debug] [2026-4-1 09:06:21] Operation: Zoom in.
[Debug] [2026-4-1 09:06:21] Finish.
[Debug] [2026-4-1 09:06:21] Operation: Zoom in.
[Debug] [2026-4-1 09:06:21] Finish.
[Debug] [2026-4-1 09:06:21] Operation: ZoomOut
[Debug] [2026-4-1 09:06:21] Finish.
[Debug] [2026-4-1 09:06:21] Operation: ZoomOut
[Debug] [2026-4-1 09:06:21] Finish.
[Debug] [2026-4-1 09:06:25] Operation: Zoom in.
[Debug] [2026-4-1 09:06:25] Finish.
[Debug] [2026-4-1 09:06:25] Operation: Zoom in.
[Debug] [2026-4-1 09:06:25] Finish.
[Debug] [2026-4-1 09:06:26] Operation: ZoomOut
[Debug] [2026-4-1 09:06:26] Finish.
[Debug] [2026-4-1 09:06:27] Operation: Zoom in.
[Debug] [2026-4-1 09:06:27] Finish.
[Debug] [2026-4-1 09:06:27] Operation: Zoom in.
[Debug] [2026-4-1 09:06:27] Finish.
[Debug] [2026-4-1 09:06:28] Operation: Zoom in.
[Debug] [2026-4-1 09:06:28] Finish.
[Debug] [2026-4-1 09:06:29] Operation: ZoomOut
[Debug] [2026-4-1 09:06:29] Finish.
[Debug] [2026-4-1 09:06:36] Operation: ZoomOut
[Debug] [2026-4-1 09:06:36] Finish.
[Debug] [2026-4-1 09:06:36] Operation: ZoomOut
[Debug] [2026-4-1 09:06:36] Finish.
[Debug] [2026-4-1 09:06:36] Operation: ZoomOut
[Debug] [2026-4-1 09:06:36] Finish.
[Debug] [2026-4-1 09:06:37] Operation: ZoomOut
[Debug] [2026-4-1 09:06:37] Finish.
[Debug] [2026-4-1 09:06:37] Operation: ZoomOut
[Debug] [2026-4-1 09:06:37] Finish.
[Debug] [2026-4-1 09:06:40] Operation: Zoom in.
[Debug] [2026-4-1 09:06:40] Finish.
[Debug] [2026-4-1 09:06:40] Operation: Zoom in.
[Debug] [2026-4-1 09:06:40] Finish.
[Debug] [2026-4-1 09:06:41] Operation: Zoom in.
[Debug] [2026-4-1 09:06:41] Finish.
[Debug] [2026-4-1 09:06:41] Operation: Zoom in.
[Debug] [2026-4-1 09:06:41] Finish.
[Debug] [2026-4-1 09:06:42] Operation: Zoom in.
[Debug] [2026-4-1 09:06:42] Finish.
[Debug] [2026-4-1 09:06:42] Operation: ZoomOut
[Debug] [2026-4-1 09:06:42] Finish.
[Debug] [2026-4-1 09:06:42] Operation: ZoomOut
[Debug] [2026-4-1 09:06:42] Finish.
[Debug] [2026-4-1 09:06:46] Operation: Zoom in.
[Debug] [2026-4-1 09:06:46] Finish.
[Debug] [2026-4-1 09:06:46] Operation: Zoom in.
[Debug] [2026-4-1 09:06:46] Finish.
[Debug] [2026-4-1 09:06:46] Operation: Zoom in.
[Debug] [2026-4-1 09:06:46] Finish.
[Debug] [2026-4-1 09:06:48] Operation: ZoomOut
[Debug] [2026-4-1 09:06:48] Finish.
[Debug] [2026-4-1 09:06:48] Operation: ZoomOut
[Debug] [2026-4-1 09:06:48] Finish.
[Debug] [2026-4-1 09:06:48] Operation: ZoomOut
[Debug] [2026-4-1 09:06:48] Finish.
[Debug] [2026-4-1 09:06:48] Operation: ZoomOut
[Debug] [2026-4-1 09:06:48] Finish.
[Debug] [2026-4-1 09:06:52] Operation: Trigger.
[Debug] [2026-4-1 09:06:52] Log::Print : run
[Debug] [2026-4-1 09:06:52] Send RPC: 11.
[Debug] [2026-4-1 09:06:52] Send cmd [run:10003] OK
[Info] [2026-4-1 09:06:53] MsgOut: Core 0 trigger successful at Wed Apr  1 09:06:53 2026
[Debug] [2026-4-1 09:06:53] Operation: ZoomFit
[Debug] [2026-4-1 09:06:53] Finish.
[Debug] [2026-4-1 09:06:53] [BusValue] Opt:Flush.
[Debug] [2026-4-1 09:06:53] [BusValue] Opt:Update.
[Info] [2026-4-1 09:06:53] MsgOut: COMMAND[run] execute successfully, takes 1.1 secs.
[Debug] [2026-4-1 09:06:53] COMMAND[run] execute successfully, takes 1.1 secs.
[Debug] [2026-4-1 09:06:55] Operation: Zoom in.
[Debug] [2026-4-1 09:06:55] Finish.
[Debug] [2026-4-1 09:06:55] Operation: Zoom in.
[Debug] [2026-4-1 09:06:55] Finish.
[Debug] [2026-4-1 09:06:56] Operation: ZoomOut
[Debug] [2026-4-1 09:06:56] Finish.
[Debug] [2026-4-1 09:06:56] Operation: ZoomOut
[Debug] [2026-4-1 09:06:56] Finish.
[Debug] [2026-4-1 09:06:58] Operation: ZoomOut
[Debug] [2026-4-1 09:06:58] Finish.
[Debug] [2026-4-1 09:06:58] Operation: ZoomOut
[Debug] [2026-4-1 09:06:58] Finish.
[Debug] [2026-4-1 09:06:58] Operation: ZoomOut
[Debug] [2026-4-1 09:06:58] Finish.
[Debug] [2026-4-1 09:06:59] Operation: Zoom in.
[Debug] [2026-4-1 09:06:59] Finish.
[Debug] [2026-4-1 09:06:59] Operation: Zoom in.
[Debug] [2026-4-1 09:06:59] Finish.
[Debug] [2026-4-1 09:06:59] Operation: Zoom in.
[Debug] [2026-4-1 09:06:59] Finish.
[Debug] [2026-4-1 09:06:59] Operation: Zoom in.
[Debug] [2026-4-1 09:06:59] Finish.
[Debug] [2026-4-1 09:06:59] Operation: Zoom in.
[Debug] [2026-4-1 09:06:59] Finish.
[Debug] [2026-4-1 09:07:00] Operation: ZoomOut
[Debug] [2026-4-1 09:07:00] Finish.
[Debug] [2026-4-1 09:07:01] Operation: ZoomOut
[Debug] [2026-4-1 09:07:01] Finish.
[Debug] [2026-4-1 09:07:01] Operation: ZoomOut
[Debug] [2026-4-1 09:07:01] Finish.
[Debug] [2026-4-1 09:07:01] Operation: ZoomOut
[Debug] [2026-4-1 09:07:01] Finish.
[Debug] [2026-4-1 09:07:01] Operation: ZoomOut
[Debug] [2026-4-1 09:07:01] Finish.
[Debug] [2026-4-1 09:07:02] Operation: ZoomOut
[Debug] [2026-4-1 09:07:02] Finish.
[Debug] [2026-4-1 09:07:05] Operation: Zoom in.
[Debug] [2026-4-1 09:07:05] Finish.
[Debug] [2026-4-1 09:07:05] Operation: Zoom in.
[Debug] [2026-4-1 09:07:05] Finish.
[Debug] [2026-4-1 09:07:05] Operation: Zoom in.
[Debug] [2026-4-1 09:07:05] Finish.
[Debug] [2026-4-1 09:07:05] Operation: Zoom in.
[Debug] [2026-4-1 09:07:05] Finish.
[Debug] [2026-4-1 09:07:05] Operation: Zoom in.
[Debug] [2026-4-1 09:07:05] Finish.
[Debug] [2026-4-1 09:07:06] Operation: Zoom in.
[Debug] [2026-4-1 09:07:06] Finish.
[Debug] [2026-4-1 09:07:06] Operation: Zoom in.
[Debug] [2026-4-1 09:07:06] Finish.
[Debug] [2026-4-1 09:07:08] Operation: ZoomOut
[Debug] [2026-4-1 09:07:08] Finish.
[Debug] [2026-4-1 09:07:13] Operation: Zoom in.
[Debug] [2026-4-1 09:07:13] Finish.
[Debug] [2026-4-1 09:07:13] Operation: Zoom in.
[Debug] [2026-4-1 09:07:13] Finish.
[Debug] [2026-4-1 09:07:33] Operation: Trigger.
[Debug] [2026-4-1 09:07:33] Log::Print : run
[Debug] [2026-4-1 09:07:33] Send RPC: 12.
[Debug] [2026-4-1 09:07:33] Send cmd [run:10003] OK
[Debug] [2026-4-1 09:07:47] Operation: Stop trigger.
[Debug] [2026-4-1 09:07:47] Log::Print : stop
[Debug] [2026-4-1 09:07:47] Send RPC: 13.
[Debug] [2026-4-1 09:07:47] Send cmd [stop:10010] OK
[Info] [2026-4-1 09:07:47] MsgOut: COMMAND[stop] execute successfully, takes 0.0 secs.
[Debug] [2026-4-1 09:07:47] COMMAND[stop] execute successfully, takes 0.0 secs.
[Error] [2026-4-1 09:07:48] Fail to exec trigger command.
[Warn] [2026-4-1 09:07:48] cmdid:10003 HandleWarnExec msg:Core 0 is stopped by user
[Debug] [2026-4-1 09:07:48] HandleErrorExec run Show Core:
[Debug] [2026-4-1 09:07:48] /******************** Core Information *************************/
[Debug] [2026-4-1 09:07:48] Core basic info: 
[Debug] [2026-4-1 09:07:48] 	Core version: 0x9001f003
[Debug] [2026-4-1 09:07:48] 	Index: 0
[Debug] [2026-4-1 09:07:48] 	Name: MyFLA0
[Debug] [2026-4-1 09:07:48] 	Core type: 
[Debug] [2026-4-1 09:07:48] 	Data same as trigger: true
[Debug] [2026-4-1 09:07:48] 	Storage qualification: false
[Debug] [2026-4-1 09:07:48] 	Max data depth: 1000
[Debug] [2026-4-1 09:07:48] 	Sample data width: 3c
[Debug] [2026-4-1 09:07:48] 	Trigger sequencer level: 1
[Debug] [2026-4-1 09:07:48] 	Trigger output enabled: false
[Debug] [2026-4-1 09:07:48] 	Multi windows enabled: false
[Debug] [2026-4-1 09:07:48] 	Reset wave property status: false
[Debug] [2026-4-1 09:07:48] Core Property: 
[Debug] [2026-4-1 09:07:48] 	Core version: 0x9001f003
[Debug] [2026-4-1 09:07:48] 	Index: 0
[Debug] [2026-4-1 09:07:48] 	Core type: 
[Debug] [2026-4-1 09:07:48] 	Data same as trigger: true
[Debug] [2026-4-1 09:07:48] 	Storage qualification: false
[Debug] [2026-4-1 09:07:48] 	Trigger output enabled: false
[Debug] [2026-4-1 09:07:48] 	Multi windows enabled: false
[Debug] [2026-4-1 09:07:48] 	Max data depth: 1000
[Debug] [2026-4-1 09:07:48] 	Sample data width: 3c
[Debug] [2026-4-1 09:07:48] 	Trigger sequencer level: 1
[Debug] [2026-4-1 09:07:48] 	Channel num		Match unit num		Match unit type		Counter width		Port is data
[Debug] [2026-4-1 09:07:48] 	Trigger port 0 : 	3c	3	1	0	true
[Debug] [2026-4-1 09:07:48] Signals Property: 
[Debug] [2026-4-1 09:07:48] 	Window num: 1
[Debug] [2026-4-1 09:07:48] 	Samples num in window: 1000
[Debug] [2026-4-1 09:07:48] 	Trigger time in window: 800
[Debug] [2026-4-1 09:07:48] 	Samples num: 1000
[Debug] [2026-4-1 09:07:48] 	Negative time: true
[Debug] [2026-4-1 09:07:48] 	Signal type: 0
[Debug] [2026-4-1 09:07:48] 	Total trigger position: 1
[Debug] [2026-4-1 09:07:48] Storage Style Property: 
[Debug] [2026-4-1 09:07:48] 	Style type: 0
[Debug] [2026-4-1 09:07:48] 	Windows num: 1
[Debug] [2026-4-1 09:07:48] 	Depth per window: 1000
[Debug] [2026-4-1 09:07:48] 	Window position: 800
[Debug] [2026-4-1 09:07:48] 	Samples per trigger: 1000
[Debug] [2026-4-1 09:07:48] 	Storage qualification: All Data
[Debug] [2026-4-1 09:07:48] Data Port: 
[Debug] [2026-4-1 09:07:48] 	Max depth: 0
[Debug] [2026-4-1 09:07:48] 	Depth: 0
[Debug] [2026-4-1 09:07:48] Trigger Port: 
[Debug] [2026-4-1 09:07:48] Trigger Port 0 :
[Debug] [2026-4-1 09:07:48] 	Port index: 0
[Debug] [2026-4-1 09:07:48] 	Match type: 1
[Debug] [2026-4-1 09:07:48] 	Counter width: 0
[Debug] [2026-4-1 09:07:48] 	Is data: true
[Debug] [2026-4-1 09:07:48] Match Unit: 
[Debug] [2026-4-1 09:07:48] Match Unit 0 :
[Debug] [2026-4-1 09:07:48] 	Trigger port index: 0
[Debug] [2026-4-1 09:07:48] 	Value: XXXXXXXXXXXXXXXXXXXXXXXXXXXXXXXXXXXXXXXXXXXXXXXXXXXX01000101
[Debug] [2026-4-1 09:07:48] 	Index: 0
[Debug] [2026-4-1 09:07:48] 	Function: 0
[Debug] [2026-4-1 09:07:48] 	Radix: 
[Debug] [2026-4-1 09:07:48] 	Counter match event: 0
[Debug] [2026-4-1 09:07:48] 	Counter cycles: 1
[Debug] [2026-4-1 09:07:48] 	Trigger output enabled: true
[Debug] [2026-4-1 09:07:48] 	Range form : 000000000000000000000000000000000000000000000000000000000000 to 000000000000000000000000000000000000000000000000000000000000
[Debug] [2026-4-1 09:07:48] 	Is tp need deleted: false
[Debug] [2026-4-1 09:07:48] Match Unit 1 :
[Debug] [2026-4-1 09:07:48] 	Trigger port index: 0
[Debug] [2026-4-1 09:07:48] 	Value: XXXXXXXXXXXXXXXXXXXXXXXXXXXXXXXXXXXXXXXXXXXXXXXXXXXXXXXXXXXX
[Debug] [2026-4-1 09:07:48] 	Index: 1
[Debug] [2026-4-1 09:07:48] 	Function: 0
[Debug] [2026-4-1 09:07:48] 	Radix: 
[Debug] [2026-4-1 09:07:48] 	Counter match event: 0
[Debug] [2026-4-1 09:07:48] 	Counter cycles: 1
[Debug] [2026-4-1 09:07:48] 	Trigger output enabled: true
[Debug] [2026-4-1 09:07:48] 	Range form : 000000000000000000000000000000000000000000000000000000000000 to 000000000000000000000000000000000000000000000000000000000000
[Debug] [2026-4-1 09:07:48] 	Is tp need deleted: false
[Debug] [2026-4-1 09:07:48] Match Unit 2 :
[Debug] [2026-4-1 09:07:48] 	Trigger port index: 0
[Debug] [2026-4-1 09:07:48] 	Value: XXXXXXXXXXXXXXXXXXXXXXXXXXXXXXXXXXXXXXXXXXXXXXXXXXXXXXXXXXXX
[Debug] [2026-4-1 09:07:48] 	Index: 2
[Debug] [2026-4-1 09:07:48] 	Function: 0
[Debug] [2026-4-1 09:07:48] 	Radix: 
[Debug] [2026-4-1 09:07:48] 	Counter match event: 0
[Debug] [2026-4-1 09:07:48] 	Counter cycles: 1
[Debug] [2026-4-1 09:07:48] 	Trigger output enabled: true
[Debug] [2026-4-1 09:07:48] 	Range form : 000000000000000000000000000000000000000000000000000000000000 to 000000000000000000000000000000000000000000000000000000000000
[Debug] [2026-4-1 09:07:48] 	Is tp need deleted: false
[Debug] [2026-4-1 09:07:48] Bus: 
[Debug] [2026-4-1 09:07:48] Bus 0 :
[Debug] [2026-4-1 09:07:48] 	u_top_yolo/u_post_process/confidence
[Debug] [2026-4-1 09:07:48] Channel Index 0 :	Data Port: 0	Channel name: u_top_yolo/u_post_process/confidence[0]
[Debug] [2026-4-1 09:07:48] Channel Index 1 :	Data Port: 1	Channel name: u_top_yolo/u_post_process/confidence[1]
[Debug] [2026-4-1 09:07:48] Channel Index 2 :	Data Port: 2	Channel name: u_top_yolo/u_post_process/confidence[2]
[Debug] [2026-4-1 09:07:48] Channel Index 3 :	Data Port: 3	Channel name: u_top_yolo/u_post_process/confidence[3]
[Debug] [2026-4-1 09:07:48] Channel Index 4 :	Data Port: 4	Channel name: u_top_yolo/u_post_process/confidence[4]
[Debug] [2026-4-1 09:07:48] Channel Index 5 :	Data Port: 5	Channel name: u_top_yolo/u_post_process/confidence[5]
[Debug] [2026-4-1 09:07:48] Channel Index 6 :	Data Port: 6	Channel name: u_top_yolo/u_post_process/confidence[6]
[Debug] [2026-4-1 09:07:48] Channel Index 7 :	Data Port: 7	Channel name: u_top_yolo/u_post_process/confidence[7]
[Debug] [2026-4-1 09:07:48] Bus 1 :
[Debug] [2026-4-1 09:07:48] 	u_top_yolo/u_post_process/idx_x
[Debug] [2026-4-1 09:07:48] Channel Index 0 :	Data Port: 8	Channel name: u_top_yolo/u_post_process/idx_x[0]
[Debug] [2026-4-1 09:07:48] Channel Index 1 :	Data Port: 9	Channel name: u_top_yolo/u_post_process/idx_x[1]
[Debug] [2026-4-1 09:07:48] Channel Index 2 :	Data Port: a	Channel name: u_top_yolo/u_post_process/idx_x[2]
[Debug] [2026-4-1 09:07:48] Channel Index 3 :	Data Port: b	Channel name: u_top_yolo/u_post_process/idx_x[3]
[Debug] [2026-4-1 09:07:48] Channel Index 4 :	Data Port: c	Channel name: u_top_yolo/u_post_process/idx_x[4]
[Debug] [2026-4-1 09:07:48] Channel Index 5 :	Data Port: d	Channel name: u_top_yolo/u_post_process/idx_x[5]
[Debug] [2026-4-1 09:07:48] Channel Index 6 :	Data Port: e	Channel name: u_top_yolo/u_post_process/idx_x[6]
[Debug] [2026-4-1 09:07:48] Bus 2 :
[Debug] [2026-4-1 09:07:48] 	u_top_yolo/u_post_process/idx_y
[Debug] [2026-4-1 09:07:48] Channel Index 0 :	Data Port: f	Channel name: u_top_yolo/u_post_process/idx_y[0]
[Debug] [2026-4-1 09:07:48] Channel Index 1 :	Data Port: 10	Channel name: u_top_yolo/u_post_process/idx_y[1]
[Debug] [2026-4-1 09:07:48] Channel Index 2 :	Data Port: 11	Channel name: u_top_yolo/u_post_process/idx_y[2]
[Debug] [2026-4-1 09:07:48] Channel Index 3 :	Data Port: 12	Channel name: u_top_yolo/u_post_process/idx_y[3]
[Debug] [2026-4-1 09:07:48] Channel Index 4 :	Data Port: 13	Channel name: u_top_yolo/u_post_process/idx_y[4]
[Debug] [2026-4-1 09:07:48] Channel Index 5 :	Data Port: 14	Channel name: u_top_yolo/u_post_process/idx_y[5]
[Debug] [2026-4-1 09:07:48] Bus 3 :
[Debug] [2026-4-1 09:07:48] 	u_top_yolo/layer_y_out_layer11
[Debug] [2026-4-1 09:07:48] Channel Index 0 :	Data Port: 15	Channel name: u_top_yolo/layer_y_out_layer11[0]
[Debug] [2026-4-1 09:07:48] Channel Index 1 :	Data Port: 16	Channel name: u_top_yolo/layer_y_out_layer11[1]
[Debug] [2026-4-1 09:07:48] Channel Index 2 :	Data Port: 17	Channel name: u_top_yolo/layer_y_out_layer11[2]
[Debug] [2026-4-1 09:07:48] Channel Index 3 :	Data Port: 18	Channel name: u_top_yolo/layer_y_out_layer11[3]
[Debug] [2026-4-1 09:07:48] Channel Index 4 :	Data Port: 19	Channel name: u_top_yolo/layer_y_out_layer11[4]
[Debug] [2026-4-1 09:07:48] Channel Index 5 :	Data Port: 1a	Channel name: u_top_yolo/layer_y_out_layer11[5]
[Debug] [2026-4-1 09:07:48] Channel Index 6 :	Data Port: 1b	Channel name: u_top_yolo/layer_y_out_layer11[6]
[Debug] [2026-4-1 09:07:48] Channel Index 7 :	Data Port: 1c	Channel name: u_top_yolo/layer_y_out_layer11[7]
[Debug] [2026-4-1 09:07:48] Channel Index 8 :	Data Port: 1d	Channel name: u_top_yolo/layer_y_out_layer11[8]
[Debug] [2026-4-1 09:07:48] Bus 4 :
[Debug] [2026-4-1 09:07:48] 	u_top_yolo/u_post_process/val_out_channel
[Debug] [2026-4-1 09:07:48] Channel Index 0 :	Data Port: 1f	Channel name: u_top_yolo/u_post_process/val_out_channel[0]
[Debug] [2026-4-1 09:07:48] Channel Index 1 :	Data Port: 20	Channel name: u_top_yolo/u_post_process/val_out_channel[1]
[Debug] [2026-4-1 09:07:48] Channel Index 2 :	Data Port: 21	Channel name: u_top_yolo/u_post_process/val_out_channel[2]
[Debug] [2026-4-1 09:07:48] Channel Index 3 :	Data Port: 22	Channel name: u_top_yolo/u_post_process/val_out_channel[3]
[Debug] [2026-4-1 09:07:48] Channel Index 4 :	Data Port: 23	Channel name: u_top_yolo/u_post_process/val_out_channel[4]
[Debug] [2026-4-1 09:07:48] Bus 5 :
[Debug] [2026-4-1 09:07:48] 	rgb_in_dly2
[Debug] [2026-4-1 09:07:48] Channel Index 0 :	Data Port: 24	Channel name: rgb_in_dly2[0]
[Debug] [2026-4-1 09:07:48] Channel Index 1 :	Data Port: 25	Channel name: rgb_in_dly2[1]
[Debug] [2026-4-1 09:07:48] Channel Index 2 :	Data Port: 26	Channel name: rgb_in_dly2[2]
[Debug] [2026-4-1 09:07:48] Channel Index 3 :	Data Port: 27	Channel name: rgb_in_dly2[3]
[Debug] [2026-4-1 09:07:48] Channel Index 4 :	Data Port: 28	Channel name: rgb_in_dly2[4]
[Debug] [2026-4-1 09:07:48] Channel Index 5 :	Data Port: 29	Channel name: rgb_in_dly2[5]
[Debug] [2026-4-1 09:07:48] Channel Index 6 :	Data Port: 2a	Channel name: rgb_in_dly2[6]
[Debug] [2026-4-1 09:07:48] Channel Index 7 :	Data Port: 2b	Channel name: rgb_in_dly2[7]
[Debug] [2026-4-1 09:07:48] Channel Index 8 :	Data Port: 2c	Channel name: rgb_in_dly2[8]
[Debug] [2026-4-1 09:07:48] Channel Index 9 :	Data Port: 2d	Channel name: rgb_in_dly2[9]
[Debug] [2026-4-1 09:07:48] Channel Index a :	Data Port: 2e	Channel name: rgb_in_dly2[10]
[Debug] [2026-4-1 09:07:48] Channel Index b :	Data Port: 2f	Channel name: rgb_in_dly2[11]
[Debug] [2026-4-1 09:07:48] Channel Index c :	Data Port: 30	Channel name: rgb_in_dly2[12]
[Debug] [2026-4-1 09:07:48] Channel Index d :	Data Port: 31	Channel name: rgb_in_dly2[13]
[Debug] [2026-4-1 09:07:48] Channel Index e :	Data Port: 32	Channel name: rgb_in_dly2[14]
[Debug] [2026-4-1 09:07:48] Channel Index f :	Data Port: 33	Channel name: rgb_in_dly2[15]
[Debug] [2026-4-1 09:07:48] Channel Index 10 :	Data Port: 34	Channel name: rgb_in_dly2[16]
[Debug] [2026-4-1 09:07:48] Channel Index 11 :	Data Port: 35	Channel name: rgb_in_dly2[17]
[Debug] [2026-4-1 09:07:48] Channel Index 12 :	Data Port: 36	Channel name: rgb_in_dly2[18]
[Debug] [2026-4-1 09:07:48] Channel Index 13 :	Data Port: 37	Channel name: rgb_in_dly2[19]
[Debug] [2026-4-1 09:07:48] Channel Index 14 :	Data Port: 38	Channel name: rgb_in_dly2[20]
[Debug] [2026-4-1 09:07:48] Channel Index 15 :	Data Port: 39	Channel name: rgb_in_dly2[21]
[Debug] [2026-4-1 09:07:48] Channel Index 16 :	Data Port: 3a	Channel name: rgb_in_dly2[22]
[Debug] [2026-4-1 09:07:48] Channel Index 17 :	Data Port: 3b	Channel name: rgb_in_dly2[23]
[Debug] [2026-4-1 09:07:48] Trigger Condition: 
[Debug] [2026-4-1 09:07:48] Trigger Condition 0 :
[Debug] [2026-4-1 09:07:48] 	Is active: true
[Debug] [2026-4-1 09:07:48] 	Name: TriggerCondition0
[Debug] [2026-4-1 09:07:48] 	Equation: TU0
[Debug] [2026-4-1 09:07:48] 	Output enable type: 0
[Debug] [2026-4-1 09:07:48] 	Trigger condition type: 0
[Debug] [2026-4-1 09:07:48] 	Use contiguous match event: false
[Debug] [2026-4-1 09:07:48] /**************************************************************/
[Warn] [2026-4-1 09:07:48] MsgOut: Core 0 is stopped by user
[Error] [2026-4-1 09:07:48] MsgOut: Debugger-0006: Command run exec unsuccessfully.
[Debug] [2026-4-1 09:08:16] Operation: Trigger.
[Debug] [2026-4-1 09:08:16] Log::Print : run
[Debug] [2026-4-1 09:08:16] Send RPC: e.
[Debug] [2026-4-1 09:08:16] Send cmd [run:2713] OK
[Info] [2026-4-1 09:08:17] MsgOut: Core 0 trigger successful at Wed Apr  1 09:08:17 2026
[Debug] [2026-4-1 09:08:17] Operation: ZoomFit
[Debug] [2026-4-1 09:08:17] Finish.
[Debug] [2026-4-1 09:08:17] [BusValue] Opt:Flush.
[Debug] [2026-4-1 09:08:17] [BusValue] Opt:Update.
[Info] [2026-4-1 09:08:17] MsgOut: COMMAND[run] execute successfully, takes 1.1 secs.
[Debug] [2026-4-1 09:08:17] COMMAND[run] execute successfully, takes 1.1 secs.
[Debug] [2026-4-1 09:08:19] Operation: ZoomOut
[Debug] [2026-4-1 09:08:19] Finish.
[Debug] [2026-4-1 09:08:19] Operation: ZoomOut
[Debug] [2026-4-1 09:08:19] Finish.
[Debug] [2026-4-1 09:08:20] Operation: ZoomOut
[Debug] [2026-4-1 09:08:20] Finish.
[Debug] [2026-4-1 09:08:20] Operation: ZoomOut
[Debug] [2026-4-1 09:08:20] Finish.
[Debug] [2026-4-1 09:08:21] Operation: Zoom in.
[Debug] [2026-4-1 09:08:21] Finish.
[Debug] [2026-4-1 09:08:21] Operation: Zoom in.
[Debug] [2026-4-1 09:08:21] Finish.
[Debug] [2026-4-1 09:08:21] Operation: Zoom in.
[Debug] [2026-4-1 09:08:21] Finish.
[Debug] [2026-4-1 09:08:27] Operation: Zoom in.
[Debug] [2026-4-1 09:08:27] Finish.
[Debug] [2026-4-1 09:08:36] Operation: Bus radix changed.
[Debug] [2026-4-1 09:08:36] Bus radix: Signed Decimal.
[Debug] [2026-4-1 09:08:36] [BusValue] Opt:Update.
[Debug] [2026-4-1 09:08:36] Finish.
[Debug] [2026-4-1 09:09:11] Operation: ZoomOut
[Debug] [2026-4-1 09:09:11] Finish.
[Debug] [2026-4-1 09:09:11] Operation: ZoomOut
[Debug] [2026-4-1 09:09:11] Finish.
[Debug] [2026-4-1 09:09:11] Operation: ZoomOut
[Debug] [2026-4-1 09:09:11] Finish.
[Debug] [2026-4-1 09:09:11] Operation: ZoomOut
[Debug] [2026-4-1 09:09:11] Finish.
[Debug] [2026-4-1 09:09:12] Operation: Zoom in.
[Debug] [2026-4-1 09:09:12] Finish.
[Debug] [2026-4-1 09:09:12] Operation: Zoom in.
[Debug] [2026-4-1 09:09:12] Finish.
[Debug] [2026-4-1 09:09:12] Operation: Zoom in.
[Debug] [2026-4-1 09:09:12] Finish.
[Debug] [2026-4-1 09:18:16] Configure.
[Debug] [2026-4-1 09:18:18] Operation: Program.
[Debug] [2026-4-1 09:18:18] Log::Print : configure
[Debug] [2026-4-1 09:18:18] Send RPC: f.
[Debug] [2026-4-1 09:18:18] Send cmd [configure:2712] OK
[Debug] [2026-4-1 09:18:19] The value is 6.
[Debug] [2026-4-1 09:18:19] The value is a.
[Debug] [2026-4-1 09:18:19] The value is f.
[Debug] [2026-4-1 09:18:20] The value is 14.
[Debug] [2026-4-1 09:18:20] The value is 19.
[Debug] [2026-4-1 09:18:21] The value is 1e.
[Debug] [2026-4-1 09:18:21] The value is 23.
[Debug] [2026-4-1 09:18:21] The value is 28.
[Debug] [2026-4-1 09:18:22] The value is 2d.
[Debug] [2026-4-1 09:18:22] The value is 32.
[Debug] [2026-4-1 09:18:23] The value is 37.
[Debug] [2026-4-1 09:18:23] The value is 3c.
[Debug] [2026-4-1 09:18:23] The value is 41.
[Debug] [2026-4-1 09:18:24] The value is 46.
[Debug] [2026-4-1 09:18:24] The value is 4b.
[Debug] [2026-4-1 09:18:24] The value is 50.
[Debug] [2026-4-1 09:18:25] The value is 55.
[Debug] [2026-4-1 09:18:25] The value is 5a.
[Debug] [2026-4-1 09:18:26] The value is 5f.
[Debug] [2026-4-1 09:18:26] The value is 64.
[Debug] [2026-4-1 09:18:28] [BusValue] Opt:Add.
[Debug] [2026-4-1 09:18:28] [BusValue] Opt:Add.
[Debug] [2026-4-1 09:18:28] [BusValue] Opt:Add.
[Debug] [2026-4-1 09:18:28] [BusValue] Opt:Add.
[Debug] [2026-4-1 09:18:28] [BusValue] Opt:Add.
[Debug] [2026-4-1 09:18:28] [BusValue] Opt:Add.
[Info] [2026-4-1 09:18:28] MsgOut: COMMAND[configure] execute successfully, takes 9.7 secs.
[Debug] [2026-4-1 09:18:28] COMMAND[configure] execute successfully, takes 9.7 secs.
[Debug] [2026-4-1 09:18:28] Log::Print : Import Core: 0 OK
[Debug] [2026-4-1 09:19:06] Operation: Trigger.
[Debug] [2026-4-1 09:19:06] Log::Print : run
[Debug] [2026-4-1 09:19:06] Send RPC: 10.
[Debug] [2026-4-1 09:19:06] Send cmd [run:2713] OK
[Info] [2026-4-1 09:19:07] MsgOut: Core 0 trigger successful at Wed Apr  1 09:19:07 2026
[Debug] [2026-4-1 09:19:07] Operation: ZoomFit
[Debug] [2026-4-1 09:19:07] Finish.
[Debug] [2026-4-1 09:19:07] [BusValue] Opt:Flush.
[Debug] [2026-4-1 09:19:07] [BusValue] Opt:Update.
[Info] [2026-4-1 09:19:07] MsgOut: COMMAND[run] execute successfully, takes 1.1 secs.
[Debug] [2026-4-1 09:19:07] COMMAND[run] execute successfully, takes 1.1 secs.
[Debug] [2026-4-1 09:19:14] Operation: Zoom in.
[Debug] [2026-4-1 09:19:14] Finish.
[Debug] [2026-4-1 09:19:14] Operation: Zoom in.
[Debug] [2026-4-1 09:19:14] Finish.
[Debug] [2026-4-1 09:19:14] Operation: Zoom in.
[Debug] [2026-4-1 09:19:14] Finish.
[Debug] [2026-4-1 09:19:18] Operation: Zoom in.
[Debug] [2026-4-1 09:19:18] Finish.
[Debug] [2026-4-1 09:19:18] Operation: Zoom in.
[Debug] [2026-4-1 09:19:18] Finish.
[Debug] [2026-4-1 09:19:22] Operation: ZoomOut
[Debug] [2026-4-1 09:19:22] Finish.
[Debug] [2026-4-1 09:19:23] Operation: Zoom in.
[Debug] [2026-4-1 09:19:23] Finish.
[Debug] [2026-4-1 09:19:24] Operation: Go to X cursor.
[Debug] [2026-4-1 09:19:24] Finish.
[Debug] [2026-4-1 09:19:31] Operation: Bus radix changed.
[Debug] [2026-4-1 09:19:31] Bus radix: Signed Decimal.
[Debug] [2026-4-1 09:19:31] [BusValue] Opt:Update.
[Debug] [2026-4-1 09:19:31] Finish.
[Debug] [2026-4-1 09:19:37] Operation: Bus radix changed.
[Debug] [2026-4-1 09:19:37] Bus radix: Hex.
[Debug] [2026-4-1 09:19:37] [BusValue] Opt:Update.
[Debug] [2026-4-1 09:19:37] Finish.
[Debug] [2026-4-1 09:19:46] Operation: Bus radix changed.
[Debug] [2026-4-1 09:19:46] Bus radix: Unsigned Decimal.
[Debug] [2026-4-1 09:19:46] [BusValue] Opt:Update.
[Debug] [2026-4-1 09:19:46] Finish.
[Debug] [2026-4-1 09:19:50] Operation: Bus radix changed.
[Debug] [2026-4-1 09:19:50] Bus radix: Signed Decimal.
[Debug] [2026-4-1 09:19:50] [BusValue] Opt:Update.
[Debug] [2026-4-1 09:19:50] Finish.
[Debug] [2026-4-1 09:19:57] Operation: Go to X cursor.
[Debug] [2026-4-1 09:19:57] Finish.
[Debug] [2026-4-1 09:19:58] Operation: ZoomOut
[Debug] [2026-4-1 09:19:58] Finish.
[Debug] [2026-4-1 09:19:58] Operation: ZoomOut
[Debug] [2026-4-1 09:19:58] Finish.
[Debug] [2026-4-1 09:19:58] Operation: ZoomOut
[Debug] [2026-4-1 09:19:58] Finish.
[Debug] [2026-4-1 09:19:58] Operation: ZoomOut
[Debug] [2026-4-1 09:19:58] Finish.
[Debug] [2026-4-1 09:20:12] Operation: Trigger.
[Debug] [2026-4-1 09:20:12] Log::Print : run
[Debug] [2026-4-1 09:20:12] Send RPC: 11.
[Debug] [2026-4-1 09:20:12] Send cmd [run:2713] OK
[Info] [2026-4-1 09:20:21] MsgOut: Core 0 trigger successful at Wed Apr  1 09:20:21 2026
[Debug] [2026-4-1 09:20:21] Operation: ZoomFit
[Debug] [2026-4-1 09:20:21] Finish.
[Debug] [2026-4-1 09:20:21] [BusValue] Opt:Flush.
[Debug] [2026-4-1 09:20:21] [BusValue] Opt:Update.
[Info] [2026-4-1 09:20:21] MsgOut: COMMAND[run] execute successfully, takes 8.9 secs.
[Debug] [2026-4-1 09:20:21] COMMAND[run] execute successfully, takes 8.9 secs.
[Debug] [2026-4-1 09:20:25] Operation: Zoom in.
[Debug] [2026-4-1 09:20:25] Finish.
[Debug] [2026-4-1 09:20:26] Operation: Zoom in.
[Debug] [2026-4-1 09:20:26] Finish.
[Debug] [2026-4-1 09:20:27] Operation: Zoom in.
[Debug] [2026-4-1 09:20:27] Finish.
[Debug] [2026-4-1 09:20:28] Operation: ZoomOut
[Debug] [2026-4-1 09:20:28] Finish.
[Debug] [2026-4-1 09:20:28] Operation: ZoomOut
[Debug] [2026-4-1 09:20:28] Finish.
[Debug] [2026-4-1 09:20:32] Operation: Zoom in.
[Debug] [2026-4-1 09:20:32] Finish.
[Debug] [2026-4-1 09:20:32] Operation: Zoom in.
[Debug] [2026-4-1 09:20:32] Finish.
[Debug] [2026-4-1 09:20:33] Operation: Zoom in.
[Debug] [2026-4-1 09:20:33] Finish.
[Debug] [2026-4-1 09:20:33] Operation: Zoom in.
[Debug] [2026-4-1 09:20:33] Finish.
[Debug] [2026-4-1 09:20:36] Operation: ZoomOut
[Debug] [2026-4-1 09:20:36] Finish.
[Debug] [2026-4-1 09:21:27] Operation: ZoomOut
[Debug] [2026-4-1 09:21:27] Finish.
[Debug] [2026-4-1 09:21:27] Operation: ZoomOut
[Debug] [2026-4-1 09:21:27] Finish.
[Debug] [2026-4-1 09:21:27] Operation: ZoomOut
[Debug] [2026-4-1 09:21:27] Finish.
[Debug] [2026-4-1 09:21:27] Operation: ZoomOut
[Debug] [2026-4-1 09:21:28] Finish.
[Debug] [2026-4-1 09:21:28] Operation: Zoom in.
[Debug] [2026-4-1 09:21:28] Finish.
[Debug] [2026-4-1 09:21:56] Operation: Trigger.
[Debug] [2026-4-1 09:21:56] Log::Print : run
[Debug] [2026-4-1 09:21:56] Send RPC: 12.
[Debug] [2026-4-1 09:21:56] Send cmd [run:2713] OK
[Info] [2026-4-1 09:21:57] MsgOut: Core 0 trigger successful at Wed Apr  1 09:21:57 2026
[Debug] [2026-4-1 09:21:57] Operation: ZoomFit
[Debug] [2026-4-1 09:21:57] Finish.
[Debug] [2026-4-1 09:21:57] [BusValue] Opt:Flush.
[Debug] [2026-4-1 09:21:57] [BusValue] Opt:Update.
[Info] [2026-4-1 09:21:57] MsgOut: COMMAND[run] execute successfully, takes 1.1 secs.
[Debug] [2026-4-1 09:21:57] COMMAND[run] execute successfully, takes 1.1 secs.
[Debug] [2026-4-1 09:22:02] Operation: Zoom in.
[Debug] [2026-4-1 09:22:02] Finish.
[Debug] [2026-4-1 09:22:03] Operation: Zoom in.
[Debug] [2026-4-1 09:22:03] Finish.
[Debug] [2026-4-1 09:22:04] Operation: Zoom in.
[Debug] [2026-4-1 09:22:04] Finish.
[Debug] [2026-4-1 09:22:07] Operation: ZoomOut
[Debug] [2026-4-1 09:22:07] Finish.
[Debug] [2026-4-1 09:22:07] Operation: ZoomOut
[Debug] [2026-4-1 09:22:07] Finish.
[Debug] [2026-4-1 09:22:07] Operation: ZoomOut
[Debug] [2026-4-1 09:22:07] Finish.
[Debug] [2026-4-1 09:22:11] Operation: Zoom in.
[Debug] [2026-4-1 09:22:11] Finish.
[Debug] [2026-4-1 09:22:11] Operation: Zoom in.
[Debug] [2026-4-1 09:22:11] Finish.
[Debug] [2026-4-1 09:22:12] Operation: Zoom in.
[Debug] [2026-4-1 09:22:12] Finish.
[Debug] [2026-4-1 09:22:13] Operation: Trigger.
[Debug] [2026-4-1 09:22:13] Log::Print : run
[Debug] [2026-4-1 09:22:13] Send RPC: 13.
[Debug] [2026-4-1 09:22:13] Send cmd [run:2713] OK
[Info] [2026-4-1 09:22:14] MsgOut: Core 0 trigger successful at Wed Apr  1 09:22:14 2026
[Debug] [2026-4-1 09:22:14] Operation: ZoomFit
[Debug] [2026-4-1 09:22:14] Finish.
[Debug] [2026-4-1 09:22:14] [BusValue] Opt:Flush.
[Debug] [2026-4-1 09:22:14] [BusValue] Opt:Update.
[Info] [2026-4-1 09:22:14] MsgOut: COMMAND[run] execute successfully, takes 1.1 secs.
[Debug] [2026-4-1 09:22:14] COMMAND[run] execute successfully, takes 1.1 secs.
[Debug] [2026-4-1 09:22:16] Operation: ZoomOut
[Debug] [2026-4-1 09:22:16] Finish.
[Debug] [2026-4-1 09:22:16] Operation: ZoomOut
[Debug] [2026-4-1 09:22:16] Finish.
[Debug] [2026-4-1 09:22:17] Operation: Zoom in.
[Debug] [2026-4-1 09:22:17] Finish.
[Debug] [2026-4-1 09:22:19] Operation: ZoomOut
[Debug] [2026-4-1 09:22:19] Finish.
[Debug] [2026-4-1 09:22:19] Operation: ZoomOut
[Debug] [2026-4-1 09:22:19] Finish.
[Debug] [2026-4-1 09:22:20] Operation: Zoom in.
[Debug] [2026-4-1 09:22:20] Finish.
[Debug] [2026-4-1 09:22:20] Operation: Zoom in.
[Debug] [2026-4-1 09:22:20] Finish.
[Debug] [2026-4-1 09:22:21] Operation: Zoom in.
[Debug] [2026-4-1 09:22:21] Finish.
[Debug] [2026-4-1 09:22:21] Operation: Zoom in.
[Debug] [2026-4-1 09:22:21] Finish.
[Debug] [2026-4-1 09:22:22] Operation: ZoomOut
[Debug] [2026-4-1 09:22:22] Finish.
[Debug] [2026-4-1 09:22:27] Operation: ZoomOut
[Debug] [2026-4-1 09:22:27] Finish.
[Debug] [2026-4-1 09:22:27] Operation: ZoomOut
[Debug] [2026-4-1 09:22:27] Finish.
[Debug] [2026-4-1 09:22:32] Operation: Bus radix changed.
[Debug] [2026-4-1 09:22:32] Bus radix: Hex.
[Debug] [2026-4-1 09:22:32] [BusValue] Opt:Update.
[Debug] [2026-4-1 09:22:32] Finish.
[Debug] [2026-4-1 09:22:36] Operation: Zoom in.
[Debug] [2026-4-1 09:22:36] Finish.
[Debug] [2026-4-1 09:22:36] Operation: Zoom in.
[Debug] [2026-4-1 09:22:36] Finish.
[Debug] [2026-4-1 09:22:40] Operation: ZoomOut
[Debug] [2026-4-1 09:22:40] Finish.
[Debug] [2026-4-1 09:22:41] Operation: Zoom in.
[Debug] [2026-4-1 09:22:41] Finish.
[Debug] [2026-4-1 09:22:58] Operation: Trigger.
[Debug] [2026-4-1 09:22:58] Log::Print : run
[Debug] [2026-4-1 09:22:58] Send RPC: 14.
[Debug] [2026-4-1 09:22:58] Send cmd [run:2713] OK
[Debug] [2026-4-1 09:23:47] Operation: Stop trigger.
[Debug] [2026-4-1 09:23:47] Log::Print : stop
[Debug] [2026-4-1 09:23:47] Send RPC: 15.
[Debug] [2026-4-1 09:23:47] Send cmd [stop:271a] OK
[Info] [2026-4-1 09:23:47] MsgOut: COMMAND[stop] execute successfully, takes 0.0 secs.
[Debug] [2026-4-1 09:23:47] COMMAND[stop] execute successfully, takes 0.0 secs.
[Error] [2026-4-1 09:23:47] Fail to exec trigger command.
[Warn] [2026-4-1 09:23:47] cmdid:2713 HandleWarnExec msg:Core 0 is stopped by user
[Debug] [2026-4-1 09:23:47] HandleErrorExec run Show Core:
[Debug] [2026-4-1 09:23:47] /******************** Core Information *************************/
[Debug] [2026-4-1 09:23:47] Core basic info: 
[Debug] [2026-4-1 09:23:47] 	Core version: 0x9001f003
[Debug] [2026-4-1 09:23:47] 	Index: 0
[Debug] [2026-4-1 09:23:47] 	Name: MyFLA0
[Debug] [2026-4-1 09:23:47] 	Core type: 
[Debug] [2026-4-1 09:23:47] 	Data same as trigger: true
[Debug] [2026-4-1 09:23:47] 	Storage qualification: false
[Debug] [2026-4-1 09:23:47] 	Max data depth: 1000
[Debug] [2026-4-1 09:23:47] 	Sample data width: 3f
[Debug] [2026-4-1 09:23:47] 	Trigger sequencer level: 1
[Debug] [2026-4-1 09:23:47] 	Trigger output enabled: false
[Debug] [2026-4-1 09:23:47] 	Multi windows enabled: false
[Debug] [2026-4-1 09:23:47] 	Reset wave property status: false
[Debug] [2026-4-1 09:23:47] Core Property: 
[Debug] [2026-4-1 09:23:47] 	Core version: 0x9001f003
[Debug] [2026-4-1 09:23:47] 	Index: 0
[Debug] [2026-4-1 09:23:47] 	Core type: 
[Debug] [2026-4-1 09:23:47] 	Data same as trigger: true
[Debug] [2026-4-1 09:23:47] 	Storage qualification: false
[Debug] [2026-4-1 09:23:47] 	Trigger output enabled: false
[Debug] [2026-4-1 09:23:47] 	Multi windows enabled: false
[Debug] [2026-4-1 09:23:47] 	Max data depth: 1000
[Debug] [2026-4-1 09:23:47] 	Sample data width: 3f
[Debug] [2026-4-1 09:23:47] 	Trigger sequencer level: 1
[Debug] [2026-4-1 09:23:47] 	Channel num		Match unit num		Match unit type		Counter width		Port is data
[Debug] [2026-4-1 09:23:47] 	Trigger port 0 : 	3f	3	1	0	true
[Debug] [2026-4-1 09:23:47] Signals Property: 
[Debug] [2026-4-1 09:23:47] 	Window num: 1
[Debug] [2026-4-1 09:23:47] 	Samples num in window: 1000
[Debug] [2026-4-1 09:23:47] 	Trigger time in window: 800
[Debug] [2026-4-1 09:23:47] 	Samples num: 1000
[Debug] [2026-4-1 09:23:47] 	Negative time: true
[Debug] [2026-4-1 09:23:47] 	Signal type: 0
[Debug] [2026-4-1 09:23:47] 	Total trigger position: 1
[Debug] [2026-4-1 09:23:47] Storage Style Property: 
[Debug] [2026-4-1 09:23:47] 	Style type: 0
[Debug] [2026-4-1 09:23:47] 	Windows num: 1
[Debug] [2026-4-1 09:23:47] 	Depth per window: 1000
[Debug] [2026-4-1 09:23:47] 	Window position: 800
[Debug] [2026-4-1 09:23:47] 	Samples per trigger: 1000
[Debug] [2026-4-1 09:23:47] 	Storage qualification: All Data
[Debug] [2026-4-1 09:23:47] Data Port: 
[Debug] [2026-4-1 09:23:47] 	Max depth: 0
[Debug] [2026-4-1 09:23:47] 	Depth: 0
[Debug] [2026-4-1 09:23:47] Trigger Port: 
[Debug] [2026-4-1 09:23:47] Trigger Port 0 :
[Debug] [2026-4-1 09:23:47] 	Port index: 0
[Debug] [2026-4-1 09:23:47] 	Match type: 1
[Debug] [2026-4-1 09:23:47] 	Counter width: 0
[Debug] [2026-4-1 09:23:47] 	Is data: true
[Debug] [2026-4-1 09:23:47] Match Unit: 
[Debug] [2026-4-1 09:23:47] Match Unit 0 :
[Debug] [2026-4-1 09:23:47] 	Trigger port index: 0
[Debug] [2026-4-1 09:23:47] 	Value: XXXXXXXXXXXXXXXXXXXXXXXXXXXXXXXXX0XXXXXXXXXXXXXXXXXXXXXXXXXXXXX
[Debug] [2026-4-1 09:23:47] 	Index: 0
[Debug] [2026-4-1 09:23:47] 	Function: 0
[Debug] [2026-4-1 09:23:47] 	Radix: 
[Debug] [2026-4-1 09:23:47] 	Counter match event: 0
[Debug] [2026-4-1 09:23:47] 	Counter cycles: 1
[Debug] [2026-4-1 09:23:47] 	Trigger output enabled: true
[Debug] [2026-4-1 09:23:47] 	Range form : 000000000000000000000000000000000000000000000000000000000000000 to 000000000000000000000000000000000000000000000000000000000000000
[Debug] [2026-4-1 09:23:47] 	Is tp need deleted: false
[Debug] [2026-4-1 09:23:47] Match Unit 1 :
[Debug] [2026-4-1 09:23:47] 	Trigger port index: 0
[Debug] [2026-4-1 09:23:47] 	Value: XXXXXXXXXXXXXXXXXXXXXXXXXXXXXXXXXXXXXXXXXXXXXXXXXXXXXXXXXXXXXXX
[Debug] [2026-4-1 09:23:47] 	Index: 1
[Debug] [2026-4-1 09:23:47] 	Function: 0
[Debug] [2026-4-1 09:23:47] 	Radix: 
[Debug] [2026-4-1 09:23:47] 	Counter match event: 0
[Debug] [2026-4-1 09:23:47] 	Counter cycles: 1
[Debug] [2026-4-1 09:23:47] 	Trigger output enabled: true
[Debug] [2026-4-1 09:23:47] 	Range form : 000000000000000000000000000000000000000000000000000000000000000 to 000000000000000000000000000000000000000000000000000000000000000
[Debug] [2026-4-1 09:23:47] 	Is tp need deleted: false
[Debug] [2026-4-1 09:23:47] Match Unit 2 :
[Debug] [2026-4-1 09:23:47] 	Trigger port index: 0
[Debug] [2026-4-1 09:23:47] 	Value: XXXXXXXXXXXXXXXXXXXXXXXXXXXXXXXXXXXXXXXXXXXXXXXXXXXXXXXXXXXXXXX
[Debug] [2026-4-1 09:23:47] 	Index: 2
[Debug] [2026-4-1 09:23:47] 	Function: 0
[Debug] [2026-4-1 09:23:47] 	Radix: 
[Debug] [2026-4-1 09:23:47] 	Counter match event: 0
[Debug] [2026-4-1 09:23:47] 	Counter cycles: 1
[Debug] [2026-4-1 09:23:47] 	Trigger output enabled: true
[Debug] [2026-4-1 09:23:47] 	Range form : 000000000000000000000000000000000000000000000000000000000000000 to 000000000000000000000000000000000000000000000000000000000000000
[Debug] [2026-4-1 09:23:47] 	Is tp need deleted: false
[Debug] [2026-4-1 09:23:47] Bus: 
[Debug] [2026-4-1 09:23:47] Bus 0 :
[Debug] [2026-4-1 09:23:47] 	u_top_yolo/u_post_process/confidence
[Debug] [2026-4-1 09:23:47] Channel Index 0 :	Data Port: 0	Channel name: u_top_yolo/u_post_process/confidence[0]
[Debug] [2026-4-1 09:23:47] Channel Index 1 :	Data Port: 1	Channel name: u_top_yolo/u_post_process/confidence[1]
[Debug] [2026-4-1 09:23:47] Channel Index 2 :	Data Port: 2	Channel name: u_top_yolo/u_post_process/confidence[2]
[Debug] [2026-4-1 09:23:47] Channel Index 3 :	Data Port: 3	Channel name: u_top_yolo/u_post_process/confidence[3]
[Debug] [2026-4-1 09:23:47] Channel Index 4 :	Data Port: 4	Channel name: u_top_yolo/u_post_process/confidence[4]
[Debug] [2026-4-1 09:23:47] Channel Index 5 :	Data Port: 5	Channel name: u_top_yolo/u_post_process/confidence[5]
[Debug] [2026-4-1 09:23:47] Channel Index 6 :	Data Port: 6	Channel name: u_top_yolo/u_post_process/confidence[6]
[Debug] [2026-4-1 09:23:47] Channel Index 7 :	Data Port: 7	Channel name: u_top_yolo/u_post_process/confidence[7]
[Debug] [2026-4-1 09:23:47] Bus 1 :
[Debug] [2026-4-1 09:23:47] 	u_top_yolo/u_post_process/idx_x
[Debug] [2026-4-1 09:23:47] Channel Index 0 :	Data Port: 8	Channel name: u_top_yolo/u_post_process/idx_x[0]
[Debug] [2026-4-1 09:23:47] Channel Index 1 :	Data Port: 9	Channel name: u_top_yolo/u_post_process/idx_x[1]
[Debug] [2026-4-1 09:23:47] Channel Index 2 :	Data Port: a	Channel name: u_top_yolo/u_post_process/idx_x[2]
[Debug] [2026-4-1 09:23:47] Channel Index 3 :	Data Port: b	Channel name: u_top_yolo/u_post_process/idx_x[3]
[Debug] [2026-4-1 09:23:47] Channel Index 4 :	Data Port: c	Channel name: u_top_yolo/u_post_process/idx_x[4]
[Debug] [2026-4-1 09:23:47] Channel Index 5 :	Data Port: d	Channel name: u_top_yolo/u_post_process/idx_x[5]
[Debug] [2026-4-1 09:23:47] Channel Index 6 :	Data Port: e	Channel name: u_top_yolo/u_post_process/idx_x[6]
[Debug] [2026-4-1 09:23:47] Bus 2 :
[Debug] [2026-4-1 09:23:47] 	u_top_yolo/u_post_process/idx_y
[Debug] [2026-4-1 09:23:47] Channel Index 0 :	Data Port: f	Channel name: u_top_yolo/u_post_process/idx_y[0]
[Debug] [2026-4-1 09:23:47] Channel Index 1 :	Data Port: 10	Channel name: u_top_yolo/u_post_process/idx_y[1]
[Debug] [2026-4-1 09:23:47] Channel Index 2 :	Data Port: 11	Channel name: u_top_yolo/u_post_process/idx_y[2]
[Debug] [2026-4-1 09:23:47] Channel Index 3 :	Data Port: 12	Channel name: u_top_yolo/u_post_process/idx_y[3]
[Debug] [2026-4-1 09:23:47] Channel Index 4 :	Data Port: 13	Channel name: u_top_yolo/u_post_process/idx_y[4]
[Debug] [2026-4-1 09:23:47] Channel Index 5 :	Data Port: 14	Channel name: u_top_yolo/u_post_process/idx_y[5]
[Debug] [2026-4-1 09:23:47] Bus 3 :
[Debug] [2026-4-1 09:23:47] 	u_top_yolo/layer_y_out_layer11
[Debug] [2026-4-1 09:23:47] Channel Index 0 :	Data Port: 15	Channel name: u_top_yolo/layer_y_out_layer11[0]
[Debug] [2026-4-1 09:23:47] Channel Index 1 :	Data Port: 16	Channel name: u_top_yolo/layer_y_out_layer11[1]
[Debug] [2026-4-1 09:23:47] Channel Index 2 :	Data Port: 17	Channel name: u_top_yolo/layer_y_out_layer11[2]
[Debug] [2026-4-1 09:23:47] Channel Index 3 :	Data Port: 18	Channel name: u_top_yolo/layer_y_out_layer11[3]
[Debug] [2026-4-1 09:23:47] Channel Index 4 :	Data Port: 19	Channel name: u_top_yolo/layer_y_out_layer11[4]
[Debug] [2026-4-1 09:23:47] Channel Index 5 :	Data Port: 1a	Channel name: u_top_yolo/layer_y_out_layer11[5]
[Debug] [2026-4-1 09:23:47] Channel Index 6 :	Data Port: 1b	Channel name: u_top_yolo/layer_y_out_layer11[6]
[Debug] [2026-4-1 09:23:47] Channel Index 7 :	Data Port: 1c	Channel name: u_top_yolo/layer_y_out_layer11[7]
[Debug] [2026-4-1 09:23:47] Channel Index 8 :	Data Port: 1d	Channel name: u_top_yolo/layer_y_out_layer11[8]
[Debug] [2026-4-1 09:23:47] Bus 4 :
[Debug] [2026-4-1 09:23:47] 	u_top_yolo/u_post_process/val_out_channel
[Debug] [2026-4-1 09:23:47] Channel Index 0 :	Data Port: 1f	Channel name: u_top_yolo/u_post_process/val_out_channel[0]
[Debug] [2026-4-1 09:23:47] Channel Index 1 :	Data Port: 20	Channel name: u_top_yolo/u_post_process/val_out_channel[1]
[Debug] [2026-4-1 09:23:47] Channel Index 2 :	Data Port: 21	Channel name: u_top_yolo/u_post_process/val_out_channel[2]
[Debug] [2026-4-1 09:23:47] Channel Index 3 :	Data Port: 22	Channel name: u_top_yolo/u_post_process/val_out_channel[3]
[Debug] [2026-4-1 09:23:47] Channel Index 4 :	Data Port: 23	Channel name: u_top_yolo/u_post_process/val_out_channel[4]
[Debug] [2026-4-1 09:23:47] Bus 5 :
[Debug] [2026-4-1 09:23:47] 	box_wr_data
[Debug] [2026-4-1 09:23:47] Channel Index 0 :	Data Port: 25	Channel name: box_wr_data[0]
[Debug] [2026-4-1 09:23:47] Channel Index 1 :	Data Port: 26	Channel name: box_wr_data[1]
[Debug] [2026-4-1 09:23:47] Channel Index 2 :	Data Port: 27	Channel name: box_wr_data[2]
[Debug] [2026-4-1 09:23:47] Channel Index 3 :	Data Port: 28	Channel name: box_wr_data[3]
[Debug] [2026-4-1 09:23:47] Channel Index 4 :	Data Port: 29	Channel name: box_wr_data[4]
[Debug] [2026-4-1 09:23:47] Channel Index 5 :	Data Port: 2a	Channel name: box_wr_data[5]
[Debug] [2026-4-1 09:23:47] Channel Index 6 :	Data Port: 2b	Channel name: box_wr_data[6]
[Debug] [2026-4-1 09:23:47] Channel Index 7 :	Data Port: 2c	Channel name: box_wr_data[7]
[Debug] [2026-4-1 09:23:47] Channel Index 8 :	Data Port: 2d	Channel name: box_wr_data[8]
[Debug] [2026-4-1 09:23:47] Channel Index 9 :	Data Port: 2e	Channel name: box_wr_data[9]
[Debug] [2026-4-1 09:23:47] Channel Index a :	Data Port: 2f	Channel name: box_wr_data[10]
[Debug] [2026-4-1 09:23:47] Channel Index b :	Data Port: 30	Channel name: box_wr_data[11]
[Debug] [2026-4-1 09:23:47] Channel Index c :	Data Port: 31	Channel name: box_wr_data[12]
[Debug] [2026-4-1 09:23:47] Channel Index d :	Data Port: 32	Channel name: box_wr_data[13]
[Debug] [2026-4-1 09:23:47] Channel Index e :	Data Port: 33	Channel name: box_wr_data[16]
[Debug] [2026-4-1 09:23:47] Channel Index f :	Data Port: 34	Channel name: box_wr_data[17]
[Debug] [2026-4-1 09:23:47] Channel Index 10 :	Data Port: 35	Channel name: box_wr_data[18]
[Debug] [2026-4-1 09:23:47] Channel Index 11 :	Data Port: 36	Channel name: box_wr_data[19]
[Debug] [2026-4-1 09:23:47] Channel Index 12 :	Data Port: 37	Channel name: box_wr_data[20]
[Debug] [2026-4-1 09:23:47] Channel Index 13 :	Data Port: 38	Channel name: box_wr_data[21]
[Debug] [2026-4-1 09:23:47] Channel Index 14 :	Data Port: 39	Channel name: box_wr_data[22]
[Debug] [2026-4-1 09:23:47] Channel Index 15 :	Data Port: 3a	Channel name: box_wr_data[24]
[Debug] [2026-4-1 09:23:47] Channel Index 16 :	Data Port: 3b	Channel name: box_wr_data[25]
[Debug] [2026-4-1 09:23:47] Channel Index 17 :	Data Port: 3c	Channel name: box_wr_data[26]
[Debug] [2026-4-1 09:23:47] Channel Index 18 :	Data Port: 3d	Channel name: box_wr_data[27]
[Debug] [2026-4-1 09:23:47] Channel Index 19 :	Data Port: 3e	Channel name: box_wr_data[28]
[Debug] [2026-4-1 09:23:47] Trigger Condition: 
[Debug] [2026-4-1 09:23:47] Trigger Condition 0 :
[Debug] [2026-4-1 09:23:47] 	Is active: true
[Debug] [2026-4-1 09:23:47] 	Name: TriggerCondition0
[Debug] [2026-4-1 09:23:47] 	Equation: TU0
[Debug] [2026-4-1 09:23:47] 	Output enable type: 0
[Debug] [2026-4-1 09:23:47] 	Trigger condition type: 0
[Debug] [2026-4-1 09:23:47] 	Use contiguous match event: false
[Debug] [2026-4-1 09:23:47] /**************************************************************/
[Warn] [2026-4-1 09:23:47] MsgOut: Core 0 is stopped by user
[Error] [2026-4-1 09:23:47] MsgOut: Debugger-0006: Command run exec unsuccessfully.
[Debug] [2026-4-1 09:38:11] Operation: Try to close window.
[Debug] [2026-4-1 09:38:11] /*************************** 2026-04-01 09:38:11  End ***************************/
[Debug] [2026-4-1 09:42:47] /*************************** 2026-04-01 09:42:47  Start ***************************/
[Debug] [2026-4-1 09:42:47] Path: C:/pango/PDS_2022.2-SP6.4/bin
[Debug] [2026-4-1 09:42:47] #Generated by Fabric Debugger (version 2022.2-SP6.4 build 146967) at Wed Apr  1 09:42:47 2026


[Info] [2026-4-1 09:42:47] MsgOut: Fabric Debugger Started.
[Debug] [2026-4-1 09:42:47] Main window show.
[Debug] [2026-4-1 09:42:49] Operation: Scan.
[Debug] [2026-4-1 09:42:49] Client Local host name:DESKTOP-VB8TKRO
[Debug] [2026-4-1 09:42:49] Client Local Address:2.0.0.1
[Debug] [2026-4-1 09:42:49] Client Local Address:210.77.26.220
[Debug] [2026-4-1 09:42:49] Client Local Address:192.168.44.1
[Debug] [2026-4-1 09:42:49] Client Local Address:192.168.176.1
[Debug] [2026-4-1 09:42:49] Server Address:127.0.0.1, Port:65420
[Info] [2026-4-1 09:42:49] MsgOut: Connecting to server[127.0.0.1 : 65420].
[Info] [2026-4-1 09:42:49] Connect OK, Server: 127.0.0.1  Port: 65420
[Info] [2026-4-1 09:42:49] MsgOut: Connect to server[127.0.0.1 : 65420] successfully.
[Debug] [2026-4-1 09:42:49] Finish.
[Debug] [2026-4-1 09:42:49] Log::Print : check version information
[Debug] [2026-4-1 09:42:49] Send RPC: 1.
[Debug] [2026-4-1 09:42:49] Send cmd [check version information:40004] OK
[Debug] [2026-4-1 09:42:50] Log::Print : get_cable_paras
[Debug] [2026-4-1 09:42:50] Send RPC: 2.
[Debug] [2026-4-1 09:42:50] Send cmd [get_cable_paras:40010] OK
[Debug] [2026-4-1 09:42:50] Log::Print : open_cable
[Debug] [2026-4-1 09:42:50] Send RPC: 3.
[Debug] [2026-4-1 09:42:50] Send cmd [open_cable:10001] OK
[Info] [2026-4-1 09:42:50] MsgOut: COMMAND[check version information] execute successfully, takes 0.4 secs.
[Debug] [2026-4-1 09:42:50] COMMAND[check version information] execute successfully, takes 0.4 secs.
[Info] [2026-4-1 09:42:51] MsgOut: The Cable List : 
Cable index 0:USB Cable II/fffffffffffffffe 

[Info] [2026-4-1 09:42:51] MsgOut: COMMAND[get_cable_paras] execute successfully, takes 1.1 secs.
[Debug] [2026-4-1 09:42:51] COMMAND[get_cable_paras] execute successfully, takes 1.1 secs.
[Info] [2026-4-1 09:42:52] MsgOut: PANGO USB CABLE II cable driver: D2XX DLL
[Info] [2026-4-1 09:42:53] MsgOut: COMMAND[open_cable] execute successfully, takes 3.4 secs.
[Debug] [2026-4-1 09:42:53] COMMAND[open_cable] execute successfully, takes 3.4 secs.
[Debug] [2026-4-1 09:42:56] Configure.
[Debug] [2026-4-1 09:42:58] Operation: Program.
[Debug] [2026-4-1 09:42:58] Log::Print : configure
[Debug] [2026-4-1 09:42:58] Send RPC: 4.
[Debug] [2026-4-1 09:42:58] Send cmd [configure:10002] OK
[Debug] [2026-4-1 09:42:59] The value is 6.
[Debug] [2026-4-1 09:43:00] The value is 10.
[Debug] [2026-4-1 09:43:00] The value is 15.
[Debug] [2026-4-1 09:43:00] The value is 20.
[Debug] [2026-4-1 09:43:01] The value is 25.
[Debug] [2026-4-1 09:43:01] The value is 30.
[Debug] [2026-4-1 09:43:02] The value is 35.
[Debug] [2026-4-1 09:43:02] The value is 40.
[Debug] [2026-4-1 09:43:02] The value is 45.
[Debug] [2026-4-1 09:43:03] The value is 50.
[Debug] [2026-4-1 09:43:03] The value is 55.
[Debug] [2026-4-1 09:43:04] The value is 60.
[Debug] [2026-4-1 09:43:04] The value is 65.
[Debug] [2026-4-1 09:43:04] The value is 70.
[Debug] [2026-4-1 09:43:05] The value is 75.
[Debug] [2026-4-1 09:43:05] The value is 80.
[Debug] [2026-4-1 09:43:05] The value is 85.
[Debug] [2026-4-1 09:43:06] The value is 90.
[Debug] [2026-4-1 09:43:06] The value is 95.
[Debug] [2026-4-1 09:43:07] The value is 100.
[Debug] [2026-4-1 09:43:08] [BusValue] Opt:Add.
[Debug] [2026-4-1 09:43:08] [BusValue] Opt:Add.
[Debug] [2026-4-1 09:43:08] [BusValue] Opt:Add.
[Debug] [2026-4-1 09:43:08] [BusValue] Opt:Add.
[Info] [2026-4-1 09:43:08] MsgOut: COMMAND[configure] execute successfully, takes 9.9 secs.
[Debug] [2026-4-1 09:43:08] COMMAND[configure] execute successfully, takes 9.9 secs.
[Debug] [2026-4-1 09:43:08] Log::Print : Import Core: 0 OK
[Debug] [2026-4-1 09:43:55] Operation: Trigger.
[Debug] [2026-4-1 09:43:55] Log::Print : run
[Debug] [2026-4-1 09:43:55] Send RPC: 5.
[Debug] [2026-4-1 09:43:55] Send cmd [run:10003] OK
[Info] [2026-4-1 09:43:56] MsgOut: Core 0 trigger successful at Wed Apr  1 09:43:56 2026
[Debug] [2026-4-1 09:43:56] Operation: ZoomFit
[Debug] [2026-4-1 09:43:56] Finish.
[Debug] [2026-4-1 09:43:56] [BusValue] Opt:Flush.
[Debug] [2026-4-1 09:43:56] [BusValue] Opt:Update.
[Info] [2026-4-1 09:43:56] MsgOut: COMMAND[run] execute successfully, takes 1.4 secs.
[Debug] [2026-4-1 09:43:56] COMMAND[run] execute successfully, takes 1.4 secs.
[Debug] [2026-4-1 09:44:00] Operation: Zoom in.
[Debug] [2026-4-1 09:44:00] Finish.
[Debug] [2026-4-1 09:44:00] Operation: Zoom in.
[Debug] [2026-4-1 09:44:00] Finish.
[Debug] [2026-4-1 09:44:01] Operation: Zoom in.
[Debug] [2026-4-1 09:44:01] Finish.
[Debug] [2026-4-1 09:44:01] Operation: Zoom in.
[Debug] [2026-4-1 09:44:01] Finish.
[Debug] [2026-4-1 09:44:01] Operation: Zoom in.
[Debug] [2026-4-1 09:44:01] Finish.
[Debug] [2026-4-1 09:44:13] Operation: ZoomOut
[Debug] [2026-4-1 09:44:13] Finish.
[Debug] [2026-4-1 09:44:13] Operation: ZoomOut
[Debug] [2026-4-1 09:44:13] Finish.
[Debug] [2026-4-1 09:44:13] Operation: ZoomOut
[Debug] [2026-4-1 09:44:13] Finish.
[Debug] [2026-4-1 09:44:14] Operation: Zoom in.
[Debug] [2026-4-1 09:44:14] Finish.
[Debug] [2026-4-1 09:44:14] Operation: Zoom in.
[Debug] [2026-4-1 09:44:14] Finish.
[Debug] [2026-4-1 09:44:14] Operation: Zoom in.
[Debug] [2026-4-1 09:44:14] Finish.
[Debug] [2026-4-1 09:44:15] Operation: Zoom in.
[Debug] [2026-4-1 09:44:15] Finish.
[Debug] [2026-4-1 09:44:25] Operation: ZoomOut
[Debug] [2026-4-1 09:44:25] Finish.
[Debug] [2026-4-1 09:44:25] Operation: ZoomOut
[Debug] [2026-4-1 09:44:25] Finish.
[Debug] [2026-4-1 09:44:26] Operation: ZoomOut
[Debug] [2026-4-1 09:44:26] Finish.
[Debug] [2026-4-1 09:44:26] Operation: Zoom in.
[Debug] [2026-4-1 09:44:26] Finish.
[Debug] [2026-4-1 09:44:26] Operation: Zoom in.
[Debug] [2026-4-1 09:44:26] Finish.
[Debug] [2026-4-1 09:44:26] Operation: Zoom in.
[Debug] [2026-4-1 09:44:26] Finish.
[Debug] [2026-4-1 09:44:37] Operation: ZoomOut
[Debug] [2026-4-1 09:44:37] Finish.
[Debug] [2026-4-1 09:44:37] Operation: ZoomOut
[Debug] [2026-4-1 09:44:37] Finish.
[Debug] [2026-4-1 09:44:37] Operation: ZoomOut
[Debug] [2026-4-1 09:44:37] Finish.
[Debug] [2026-4-1 09:44:50] Operation: Trigger.
[Debug] [2026-4-1 09:44:50] Log::Print : run
[Debug] [2026-4-1 09:44:50] Send RPC: 6.
[Debug] [2026-4-1 09:44:50] Send cmd [run:10003] OK
[Info] [2026-4-1 09:44:51] MsgOut: Core 0 trigger successful at Wed Apr  1 09:44:51 2026
[Debug] [2026-4-1 09:44:52] Operation: ZoomFit
[Debug] [2026-4-1 09:44:52] Finish.
[Debug] [2026-4-1 09:44:52] [BusValue] Opt:Flush.
[Debug] [2026-4-1 09:44:52] [BusValue] Opt:Update.
[Info] [2026-4-1 09:44:52] MsgOut: COMMAND[run] execute successfully, takes 1.4 secs.
[Debug] [2026-4-1 09:44:52] COMMAND[run] execute successfully, takes 1.4 secs.
[Debug] [2026-4-1 09:45:02] Operation: Zoom in.
[Debug] [2026-4-1 09:45:02] Finish.
[Debug] [2026-4-1 09:45:02] Operation: Zoom in.
[Debug] [2026-4-1 09:45:02] Finish.
[Debug] [2026-4-1 09:45:02] Operation: Zoom in.
[Debug] [2026-4-1 09:45:02] Finish.
[Debug] [2026-4-1 09:45:02] Operation: Zoom in.
[Debug] [2026-4-1 09:45:02] Finish.
[Debug] [2026-4-1 09:45:07] Operation: ZoomOut
[Debug] [2026-4-1 09:45:07] Finish.
[Debug] [2026-4-1 09:45:08] Operation: Zoom in.
[Debug] [2026-4-1 09:45:08] Finish.
[Debug] [2026-4-1 09:45:16] Operation: ZoomOut
[Debug] [2026-4-1 09:45:16] Finish.
[Debug] [2026-4-1 09:45:16] Operation: ZoomOut
[Debug] [2026-4-1 09:45:16] Finish.
[Debug] [2026-4-1 09:45:18] Operation: Zoom in.
[Debug] [2026-4-1 09:45:18] Finish.
[Debug] [2026-4-1 09:45:18] Operation: Zoom in.
[Debug] [2026-4-1 09:45:18] Finish.
[Debug] [2026-4-1 09:47:05] Operation: ZoomOut
[Debug] [2026-4-1 09:47:05] Finish.
[Debug] [2026-4-1 09:47:06] Operation: Zoom in.
[Debug] [2026-4-1 09:47:06] Finish.
[Debug] [2026-4-1 09:47:08] Operation: ZoomOut
[Debug] [2026-4-1 09:47:08] Finish.
[Debug] [2026-4-1 09:47:09] Operation: ZoomOut
[Debug] [2026-4-1 09:47:09] Finish.
[Debug] [2026-4-1 09:47:09] Operation: ZoomOut
[Debug] [2026-4-1 09:47:09] Finish.
[Debug] [2026-4-1 09:47:10] Operation: Zoom in.
[Debug] [2026-4-1 09:47:10] Finish.
[Debug] [2026-4-1 09:47:10] Operation: Zoom in.
[Debug] [2026-4-1 09:47:10] Finish.
[Debug] [2026-4-1 09:47:10] Operation: Zoom in.
[Debug] [2026-4-1 09:47:10] Finish.
[Debug] [2026-4-1 09:47:27] Operation: ZoomOut
[Debug] [2026-4-1 09:47:27] Finish.
[Debug] [2026-4-1 09:47:28] Operation: ZoomOut
[Debug] [2026-4-1 09:47:28] Finish.
[Debug] [2026-4-1 09:47:28] Operation: ZoomOut
[Debug] [2026-4-1 09:47:28] Finish.
[Debug] [2026-4-1 09:47:28] Operation: ZoomOut
[Debug] [2026-4-1 09:47:28] Finish.
[Debug] [2026-4-1 09:47:28] Operation: Zoom in.
[Debug] [2026-4-1 09:47:28] Finish.
[Debug] [2026-4-1 09:47:28] Operation: Zoom in.
[Debug] [2026-4-1 09:47:28] Finish.
[Debug] [2026-4-1 09:47:29] Operation: Zoom in.
[Debug] [2026-4-1 09:47:29] Finish.
[Debug] [2026-4-1 09:48:24] Operation: Trigger.
[Debug] [2026-4-1 09:48:24] Log::Print : run
[Debug] [2026-4-1 09:48:24] Send RPC: 7.
[Debug] [2026-4-1 09:48:24] Send cmd [run:10003] OK
[Info] [2026-4-1 09:48:25] MsgOut: Core 0 trigger successful at Wed Apr  1 09:48:25 2026
[Debug] [2026-4-1 09:48:26] Operation: ZoomFit
[Debug] [2026-4-1 09:48:26] Finish.
[Debug] [2026-4-1 09:48:26] [BusValue] Opt:Flush.
[Debug] [2026-4-1 09:48:26] [BusValue] Opt:Update.
[Info] [2026-4-1 09:48:26] MsgOut: COMMAND[run] execute successfully, takes 1.5 secs.
[Debug] [2026-4-1 09:48:26] COMMAND[run] execute successfully, takes 1.5 secs.
[Debug] [2026-4-1 09:48:27] Operation: ZoomOut
[Debug] [2026-4-1 09:48:27] Finish.
[Debug] [2026-4-1 09:48:27] Operation: ZoomOut
[Debug] [2026-4-1 09:48:27] Finish.
[Debug] [2026-4-1 09:48:27] Operation: ZoomOut
[Debug] [2026-4-1 09:48:27] Finish.
[Debug] [2026-4-1 09:48:27] Operation: ZoomOut
[Debug] [2026-4-1 09:48:27] Finish.
[Debug] [2026-4-1 09:48:27] Operation: ZoomOut
[Debug] [2026-4-1 09:48:27] Finish.
[Debug] [2026-4-1 09:48:27] Operation: ZoomOut
[Debug] [2026-4-1 09:48:27] Finish.
[Debug] [2026-4-1 09:48:27] Operation: ZoomOut
[Debug] [2026-4-1 09:48:27] Finish.
[Debug] [2026-4-1 09:48:27] Operation: ZoomOut
[Debug] [2026-4-1 09:48:27] Finish.
[Debug] [2026-4-1 09:48:27] Operation: ZoomOut
[Debug] [2026-4-1 09:48:27] Finish.
[Debug] [2026-4-1 09:48:28] Operation: ZoomOut
[Debug] [2026-4-1 09:48:28] Operation: ZoomOut
[Debug] [2026-4-1 09:48:28] Operation: ZoomOut
[Debug] [2026-4-1 09:48:28] Operation: ZoomOut
[Debug] [2026-4-1 09:48:30] Operation: Zoom in.
[Debug] [2026-4-1 09:48:30] Finish.
[Debug] [2026-4-1 09:48:30] Operation: Zoom in.
[Debug] [2026-4-1 09:48:30] Finish.
[Debug] [2026-4-1 09:48:31] Operation: Zoom in.
[Debug] [2026-4-1 09:48:31] Finish.
[Debug] [2026-4-1 09:48:31] Operation: Zoom in.
[Debug] [2026-4-1 09:48:31] Finish.
[Debug] [2026-4-1 09:48:31] Operation: Zoom in.
[Debug] [2026-4-1 09:48:31] Finish.
[Debug] [2026-4-1 09:48:32] Operation: Zoom in.
[Debug] [2026-4-1 09:48:32] Finish.
[Debug] [2026-4-1 09:48:32] Operation: Zoom in.
[Debug] [2026-4-1 09:48:32] Finish.
[Debug] [2026-4-1 09:48:33] Operation: Zoom in.
[Debug] [2026-4-1 09:48:33] Finish.
[Debug] [2026-4-1 09:48:33] Operation: Zoom in.
[Debug] [2026-4-1 09:48:33] Finish.
[Debug] [2026-4-1 09:48:36] Operation: Trigger.
[Debug] [2026-4-1 09:48:36] Log::Print : run
[Debug] [2026-4-1 09:48:36] Send RPC: 8.
[Debug] [2026-4-1 09:48:36] Send cmd [run:10003] OK
[Info] [2026-4-1 09:48:37] MsgOut: Core 0 trigger successful at Wed Apr  1 09:48:37 2026
[Debug] [2026-4-1 09:48:37] Operation: ZoomFit
[Debug] [2026-4-1 09:48:37] Finish.
[Debug] [2026-4-1 09:48:37] [BusValue] Opt:Flush.
[Debug] [2026-4-1 09:48:37] [BusValue] Opt:Update.
[Info] [2026-4-1 09:48:37] MsgOut: COMMAND[run] execute successfully, takes 1.4 secs.
[Debug] [2026-4-1 09:48:37] COMMAND[run] execute successfully, takes 1.4 secs.
[Debug] [2026-4-1 09:48:40] Operation: ZoomOut
[Debug] [2026-4-1 09:48:40] Finish.
[Debug] [2026-4-1 09:48:41] Operation: Zoom in.
[Debug] [2026-4-1 09:48:41] Finish.
[Debug] [2026-4-1 09:48:44] Operation: Trigger.
[Debug] [2026-4-1 09:48:44] Log::Print : run
[Debug] [2026-4-1 09:48:44] Send RPC: 9.
[Debug] [2026-4-1 09:48:44] Send cmd [run:10003] OK
[Info] [2026-4-1 09:48:44] MsgOut: Core 0 trigger successful at Wed Apr  1 09:48:44 2026
[Debug] [2026-4-1 09:48:45] Operation: ZoomFit
[Debug] [2026-4-1 09:48:45] Finish.
[Debug] [2026-4-1 09:48:45] [BusValue] Opt:Flush.
[Debug] [2026-4-1 09:48:45] [BusValue] Opt:Update.
[Info] [2026-4-1 09:48:45] MsgOut: COMMAND[run] execute successfully, takes 1.4 secs.
[Debug] [2026-4-1 09:48:45] COMMAND[run] execute successfully, takes 1.4 secs.
[Debug] [2026-4-1 09:48:47] Operation: Trigger.
[Debug] [2026-4-1 09:48:47] Log::Print : run
[Debug] [2026-4-1 09:48:47] Send RPC: 10.
[Debug] [2026-4-1 09:48:47] Send cmd [run:10003] OK
[Info] [2026-4-1 09:48:48] MsgOut: Core 0 trigger successful at Wed Apr  1 09:48:48 2026
[Debug] [2026-4-1 09:48:48] Operation: ZoomFit
[Debug] [2026-4-1 09:48:48] Finish.
[Debug] [2026-4-1 09:48:48] [BusValue] Opt:Flush.
[Debug] [2026-4-1 09:48:48] [BusValue] Opt:Update.
[Info] [2026-4-1 09:48:48] MsgOut: COMMAND[run] execute successfully, takes 1.4 secs.
[Debug] [2026-4-1 09:48:48] COMMAND[run] execute successfully, takes 1.4 secs.
[Debug] [2026-4-1 09:48:51] Operation: Trigger.
[Debug] [2026-4-1 09:48:51] Log::Print : run
[Debug] [2026-4-1 09:48:51] Send RPC: 11.
[Debug] [2026-4-1 09:48:51] Send cmd [run:10003] OK
[Info] [2026-4-1 09:48:51] MsgOut: Core 0 trigger successful at Wed Apr  1 09:48:51 2026
[Debug] [2026-4-1 09:48:52] Operation: ZoomFit
[Debug] [2026-4-1 09:48:52] Finish.
[Debug] [2026-4-1 09:48:52] [BusValue] Opt:Flush.
[Debug] [2026-4-1 09:48:52] [BusValue] Opt:Update.
[Info] [2026-4-1 09:48:52] MsgOut: COMMAND[run] execute successfully, takes 1.4 secs.
[Debug] [2026-4-1 09:48:52] COMMAND[run] execute successfully, takes 1.4 secs.
[Debug] [2026-4-1 09:48:55] Operation: Trigger.
[Debug] [2026-4-1 09:48:55] Log::Print : run
[Debug] [2026-4-1 09:48:55] Send RPC: 12.
[Debug] [2026-4-1 09:48:56] Send cmd [run:10003] OK
[Info] [2026-4-1 09:48:56] MsgOut: Core 0 trigger successful at Wed Apr  1 09:48:56 2026
[Debug] [2026-4-1 09:48:57] Operation: ZoomFit
[Debug] [2026-4-1 09:48:57] Finish.
[Debug] [2026-4-1 09:48:57] [BusValue] Opt:Flush.
[Debug] [2026-4-1 09:48:57] [BusValue] Opt:Update.
[Info] [2026-4-1 09:48:57] MsgOut: COMMAND[run] execute successfully, takes 1.4 secs.
[Debug] [2026-4-1 09:48:57] COMMAND[run] execute successfully, takes 1.4 secs.
[Debug] [2026-4-1 09:49:39] Operation: ZoomOut
[Debug] [2026-4-1 09:49:39] Finish.
[Debug] [2026-4-1 09:49:39] Operation: ZoomOut
[Debug] [2026-4-1 09:49:39] Finish.
[Debug] [2026-4-1 09:49:40] Operation: Zoom in.
[Debug] [2026-4-1 09:49:40] Finish.
[Debug] [2026-4-1 09:49:40] Operation: Zoom in.
[Debug] [2026-4-1 09:49:40] Finish.
[Debug] [2026-4-1 09:49:41] Operation: ZoomOut
[Debug] [2026-4-1 09:49:41] Finish.
[Debug] [2026-4-1 09:49:59] Operation: Zoom in.
[Debug] [2026-4-1 09:49:59] Finish.
[Debug] [2026-4-1 09:50:09] Operation: ZoomOut
[Debug] [2026-4-1 09:50:09] Finish.
[Debug] [2026-4-1 09:50:09] Operation: Zoom in.
[Debug] [2026-4-1 09:50:09] Finish.
[Debug] [2026-4-1 09:50:49] Operation: ZoomOut
[Debug] [2026-4-1 09:50:49] Finish.
[Debug] [2026-4-1 09:50:49] Operation: ZoomOut
[Debug] [2026-4-1 09:50:49] Finish.
[Debug] [2026-4-1 09:50:49] Operation: ZoomOut
[Debug] [2026-4-1 09:50:49] Finish.
[Debug] [2026-4-1 09:50:49] Operation: ZoomOut
[Debug] [2026-4-1 09:50:49] Finish.
[Debug] [2026-4-1 09:50:50] Operation: Zoom in.
[Debug] [2026-4-1 09:50:50] Finish.
[Debug] [2026-4-1 09:50:50] Operation: Zoom in.
[Debug] [2026-4-1 09:50:50] Finish.
[Debug] [2026-4-1 09:50:50] Operation: Zoom in.
[Debug] [2026-4-1 09:50:50] Finish.
[Debug] [2026-4-1 09:50:51] Operation: Zoom in.
[Debug] [2026-4-1 09:50:51] Finish.
[Debug] [2026-4-1 09:52:09] Operation: Trigger.
[Debug] [2026-4-1 09:52:09] Log::Print : run
[Debug] [2026-4-1 09:52:09] Send RPC: 13.
[Debug] [2026-4-1 09:52:09] Send cmd [run:10003] OK
[Info] [2026-4-1 09:52:10] MsgOut: Core 0 trigger successful at Wed Apr  1 09:52:10 2026
[Debug] [2026-4-1 09:52:10] Operation: ZoomFit
[Debug] [2026-4-1 09:52:10] Finish.
[Debug] [2026-4-1 09:52:10] [BusValue] Opt:Flush.
[Debug] [2026-4-1 09:52:10] [BusValue] Opt:Update.
[Info] [2026-4-1 09:52:10] MsgOut: COMMAND[run] execute successfully, takes 1.4 secs.
[Debug] [2026-4-1 09:52:10] COMMAND[run] execute successfully, takes 1.4 secs.
[Debug] [2026-4-1 09:52:12] Operation: ZoomOut
[Debug] [2026-4-1 09:52:12] Finish.
[Debug] [2026-4-1 09:52:12] Operation: ZoomOut
[Debug] [2026-4-1 09:52:12] Finish.
[Debug] [2026-4-1 09:52:12] Operation: ZoomOut
[Debug] [2026-4-1 09:52:12] Finish.
[Debug] [2026-4-1 09:52:13] Operation: ZoomOut
[Debug] [2026-4-1 09:52:13] Finish.
[Debug] [2026-4-1 09:52:13] Operation: ZoomOut
[Debug] [2026-4-1 09:52:13] Finish.
[Debug] [2026-4-1 09:52:13] Operation: ZoomOut
[Debug] [2026-4-1 09:52:13] Finish.
[Debug] [2026-4-1 09:52:13] Operation: ZoomOut
[Debug] [2026-4-1 09:52:13] Finish.
[Debug] [2026-4-1 09:52:13] Operation: ZoomOut
[Debug] [2026-4-1 09:52:13] Finish.
[Debug] [2026-4-1 09:52:13] Operation: ZoomOut
[Debug] [2026-4-1 09:52:13] Finish.
[Debug] [2026-4-1 09:52:13] Operation: ZoomOut
[Debug] [2026-4-1 09:52:14] Operation: Zoom in.
[Debug] [2026-4-1 09:52:14] Finish.
[Debug] [2026-4-1 09:52:14] Operation: Zoom in.
[Debug] [2026-4-1 09:52:14] Finish.
[Debug] [2026-4-1 09:52:15] Operation: Zoom in.
[Debug] [2026-4-1 09:52:15] Finish.
[Debug] [2026-4-1 09:52:15] Operation: Zoom in.
[Debug] [2026-4-1 09:52:15] Finish.
[Debug] [2026-4-1 09:52:16] Operation: Zoom in.
[Debug] [2026-4-1 09:52:16] Finish.
[Debug] [2026-4-1 09:52:16] Operation: Zoom in.
[Debug] [2026-4-1 09:52:16] Finish.
[Debug] [2026-4-1 09:52:16] Operation: Zoom in.
[Debug] [2026-4-1 09:52:16] Finish.
[Debug] [2026-4-1 09:52:17] Operation: Go to X cursor.
[Debug] [2026-4-1 09:52:17] Finish.
[Debug] [2026-4-1 09:52:19] Operation: ZoomOut
[Debug] [2026-4-1 09:52:19] Finish.
[Debug] [2026-4-1 09:52:19] Operation: ZoomOut
[Debug] [2026-4-1 09:52:19] Finish.
[Debug] [2026-4-1 09:52:19] Operation: ZoomOut
[Debug] [2026-4-1 09:52:19] Finish.
[Debug] [2026-4-1 09:52:21] Operation: Zoom in.
[Debug] [2026-4-1 09:52:21] Finish.
[Debug] [2026-4-1 09:52:21] Operation: Zoom in.
[Debug] [2026-4-1 09:52:21] Finish.
[Debug] [2026-4-1 09:52:22] Operation: Zoom in.
[Debug] [2026-4-1 09:52:22] Finish.
[Debug] [2026-4-1 09:52:22] Operation: Zoom in.
[Debug] [2026-4-1 09:52:22] Finish.
[Debug] [2026-4-1 09:52:22] Operation: Zoom in.
[Debug] [2026-4-1 09:52:22] Finish.
[Debug] [2026-4-1 09:52:24] Operation: Zoom in.
[Debug] [2026-4-1 09:52:24] Finish.
[Debug] [2026-4-1 09:52:24] Operation: Zoom in.
[Debug] [2026-4-1 09:52:24] Finish.
[Debug] [2026-4-1 09:52:26] Operation: ZoomOut
[Debug] [2026-4-1 09:52:26] Finish.
[Debug] [2026-4-1 10:28:39] Operation: ZoomOut
[Debug] [2026-4-1 10:28:39] Finish.
[Debug] [2026-4-1 10:28:39] Operation: ZoomOut
[Debug] [2026-4-1 10:28:39] Finish.
[Debug] [2026-4-1 10:28:39] Operation: ZoomOut
[Debug] [2026-4-1 10:28:39] Finish.
[Debug] [2026-4-1 10:28:39] Operation: ZoomOut
[Debug] [2026-4-1 10:28:39] Finish.
[Debug] [2026-4-1 10:28:39] Operation: ZoomOut
[Debug] [2026-4-1 10:28:39] Finish.
[Debug] [2026-4-1 10:28:39] Operation: ZoomOut
[Debug] [2026-4-1 10:28:39] Finish.
[Debug] [2026-4-1 10:28:39] Operation: ZoomOut
[Debug] [2026-4-1 10:28:39] Finish.
[Debug] [2026-4-1 10:28:40] Operation: Zoom in.
[Debug] [2026-4-1 10:28:40] Finish.
[Debug] [2026-4-1 10:28:40] Operation: Zoom in.
[Debug] [2026-4-1 10:28:40] Finish.
[Debug] [2026-4-1 10:28:41] Operation: Zoom in.
[Debug] [2026-4-1 10:28:41] Finish.
[Debug] [2026-4-1 10:28:41] Operation: Zoom in.
[Debug] [2026-4-1 10:28:42] Finish.
[Debug] [2026-4-1 10:28:42] Operation: Zoom in.
[Debug] [2026-4-1 10:28:42] Finish.
[Debug] [2026-4-1 10:28:48] Operation: Zoom in.
[Debug] [2026-4-1 10:28:48] Finish.
[Debug] [2026-4-1 10:30:32] Operation: ZoomOut
[Debug] [2026-4-1 10:30:32] Finish.
[Debug] [2026-4-1 10:30:32] Operation: ZoomOut
[Debug] [2026-4-1 10:30:32] Finish.
[Debug] [2026-4-1 10:30:32] Operation: ZoomOut
[Debug] [2026-4-1 10:30:32] Finish.
[Debug] [2026-4-1 10:30:32] Operation: Zoom in.
[Debug] [2026-4-1 10:30:32] Finish.
[Debug] [2026-4-1 10:30:32] Operation: Zoom in.
[Debug] [2026-4-1 10:30:32] Finish.
[Debug] [2026-4-1 10:30:37] Operation: Zoom in.
[Debug] [2026-4-1 10:30:37] Finish.
[Debug] [2026-4-1 10:30:37] Operation: Zoom in.
[Debug] [2026-4-1 10:30:37] Finish.
[Debug] [2026-4-1 10:31:15] Operation: ZoomOut
[Debug] [2026-4-1 10:31:15] Finish.
[Debug] [2026-4-1 10:31:15] Operation: ZoomOut
[Debug] [2026-4-1 10:31:15] Finish.
[Debug] [2026-4-1 10:31:16] Operation: ZoomOut
[Debug] [2026-4-1 10:31:16] Finish.
[Debug] [2026-4-1 10:31:17] Operation: Zoom in.
[Debug] [2026-4-1 10:31:17] Finish.
[Debug] [2026-4-1 10:31:17] Operation: Zoom in.
[Debug] [2026-4-1 10:31:17] Finish.
[Debug] [2026-4-1 10:31:18] Operation: ZoomOut
[Debug] [2026-4-1 10:31:18] Finish.
[Debug] [2026-4-1 10:31:19] Operation: ZoomOut
[Debug] [2026-4-1 10:31:19] Finish.
[Debug] [2026-4-1 10:31:19] Operation: Zoom in.
[Debug] [2026-4-1 10:31:19] Finish.
[Debug] [2026-4-1 10:31:22] Operation: Zoom in.
[Debug] [2026-4-1 10:31:22] Finish.
[Debug] [2026-4-1 10:31:29] Operation: Go to X cursor.
[Debug] [2026-4-1 10:31:29] Finish.
[Debug] [2026-4-1 10:31:30] Operation: ZoomOut
[Debug] [2026-4-1 10:31:30] Finish.
[Debug] [2026-4-1 10:31:30] Operation: Zoom in.
[Debug] [2026-4-1 10:31:30] Finish.
[Debug] [2026-4-1 10:31:32] Operation: Zoom in.
[Debug] [2026-4-1 10:31:32] Finish.
[Debug] [2026-4-1 10:32:12] Operation: ZoomOut
[Debug] [2026-4-1 10:32:12] Finish.
[Debug] [2026-4-1 10:32:12] Operation: ZoomOut
[Debug] [2026-4-1 10:32:12] Finish.
[Debug] [2026-4-1 10:32:13] Operation: Zoom in.
[Debug] [2026-4-1 10:32:13] Finish.
[Debug] [2026-4-1 10:32:14] Operation: Zoom in.
[Debug] [2026-4-1 10:32:14] Finish.
[Debug] [2026-4-1 10:32:35] Operation: ZoomOut
[Debug] [2026-4-1 10:32:35] Finish.
[Debug] [2026-4-1 10:32:35] Operation: ZoomOut
[Debug] [2026-4-1 10:32:35] Finish.
[Debug] [2026-4-1 10:32:36] Operation: Zoom in.
[Debug] [2026-4-1 10:32:36] Finish.
[Debug] [2026-4-1 10:32:36] Operation: Zoom in.
[Debug] [2026-4-1 10:32:36] Finish.
[Debug] [2026-4-1 10:32:37] Operation: ZoomOut
[Debug] [2026-4-1 10:32:37] Finish.
[Debug] [2026-4-1 10:34:28] Operation: Zoom in.
[Debug] [2026-4-1 10:34:28] Finish.
[Debug] [2026-4-1 10:34:51] Operation: ZoomOut
[Debug] [2026-4-1 10:34:51] Finish.
[Debug] [2026-4-1 10:34:52] Operation: ZoomOut
[Debug] [2026-4-1 10:34:52] Finish.
[Debug] [2026-4-1 10:34:52] Operation: Zoom in.
[Debug] [2026-4-1 10:34:52] Finish.
[Debug] [2026-4-1 10:35:05] Operation: ZoomOut
[Debug] [2026-4-1 10:35:05] Finish.
[Debug] [2026-4-1 10:35:05] Operation: ZoomOut
[Debug] [2026-4-1 10:35:05] Finish.
[Debug] [2026-4-1 10:35:06] Operation: Zoom in.
[Debug] [2026-4-1 10:35:06] Finish.
[Debug] [2026-4-1 10:35:06] Operation: Zoom in.
[Debug] [2026-4-1 10:35:06] Finish.
[Debug] [2026-4-1 10:35:18] Operation: ZoomOut
[Debug] [2026-4-1 10:35:18] Finish.
[Debug] [2026-4-1 10:35:18] Operation: ZoomOut
[Debug] [2026-4-1 10:35:18] Finish.
[Debug] [2026-4-1 10:35:18] Operation: ZoomOut
[Debug] [2026-4-1 10:35:18] Finish.
[Debug] [2026-4-1 10:35:19] Operation: ZoomOut
[Debug] [2026-4-1 10:35:19] Finish.
[Debug] [2026-4-1 10:35:19] Operation: ZoomOut
[Debug] [2026-4-1 10:35:19] Finish.
[Debug] [2026-4-1 10:35:20] Operation: Zoom in.
[Debug] [2026-4-1 10:35:20] Finish.
[Debug] [2026-4-1 10:35:20] Operation: Zoom in.
[Debug] [2026-4-1 10:35:20] Finish.
[Debug] [2026-4-1 10:35:20] Operation: Zoom in.
[Debug] [2026-4-1 10:35:20] Finish.
[Debug] [2026-4-1 10:35:20] Operation: Zoom in.
[Debug] [2026-4-1 10:35:20] Finish.
[Debug] [2026-4-1 10:35:22] Operation: Zoom in.
[Debug] [2026-4-1 10:35:22] Finish.
[Debug] [2026-4-1 10:35:37] Operation: ZoomOut
[Debug] [2026-4-1 10:35:37] Finish.
[Debug] [2026-4-1 10:35:37] Operation: ZoomOut
[Debug] [2026-4-1 10:35:37] Finish.
[Debug] [2026-4-1 10:35:38] Operation: Zoom in.
[Debug] [2026-4-1 10:35:38] Finish.
[Debug] [2026-4-1 10:35:38] Operation: Zoom in.
[Debug] [2026-4-1 10:35:38] Finish.
[Debug] [2026-4-1 10:35:59] Operation: ZoomOut
[Debug] [2026-4-1 10:35:59] Finish.
[Debug] [2026-4-1 10:35:59] Operation: ZoomOut
[Debug] [2026-4-1 10:35:59] Finish.
[Debug] [2026-4-1 10:36:00] Operation: Zoom in.
[Debug] [2026-4-1 10:36:00] Finish.
[Debug] [2026-4-1 10:36:00] Operation: Zoom in.
[Debug] [2026-4-1 10:36:00] Finish.
[Debug] [2026-4-1 10:36:02] Operation: ZoomOut
[Debug] [2026-4-1 10:36:02] Finish.
[Debug] [2026-4-1 10:36:07] Operation: Zoom in.
[Debug] [2026-4-1 10:36:07] Finish.
[Debug] [2026-4-1 10:36:07] Operation: Zoom in.
[Debug] [2026-4-1 10:36:07] Finish.
[Debug] [2026-4-1 10:36:09] Operation: ZoomOut
[Debug] [2026-4-1 10:36:09] Finish.
[Debug] [2026-4-1 10:36:16] Operation: ZoomOut
[Debug] [2026-4-1 10:36:16] Finish.
[Debug] [2026-4-1 10:36:16] Operation: ZoomOut
[Debug] [2026-4-1 10:36:16] Finish.
[Debug] [2026-4-1 10:36:17] Operation: Zoom in.
[Debug] [2026-4-1 10:36:17] Finish.
[Debug] [2026-4-1 10:36:17] Operation: Zoom in.
[Debug] [2026-4-1 10:36:17] Finish.
[Debug] [2026-4-1 10:36:17] Operation: Zoom in.
[Debug] [2026-4-1 10:36:17] Finish.
[Debug] [2026-4-1 10:36:51] Operation: ZoomOut
[Debug] [2026-4-1 10:36:51] Finish.
[Debug] [2026-4-1 10:36:51] Operation: ZoomOut
[Debug] [2026-4-1 10:36:51] Finish.
[Debug] [2026-4-1 10:36:51] Operation: ZoomOut
[Debug] [2026-4-1 10:36:51] Finish.
[Debug] [2026-4-1 10:36:51] Operation: Zoom in.
[Debug] [2026-4-1 10:36:51] Finish.
[Debug] [2026-4-1 10:36:51] Operation: Zoom in.
[Debug] [2026-4-1 10:36:51] Finish.
[Debug] [2026-4-1 10:36:51] Operation: Zoom in.
[Debug] [2026-4-1 10:36:51] Finish.
[Debug] [2026-4-1 10:36:53] Operation: ZoomOut
[Debug] [2026-4-1 10:36:53] Finish.
[Debug] [2026-4-1 10:37:01] Operation: Zoom in.
[Debug] [2026-4-1 10:37:01] Finish.
[Debug] [2026-4-1 10:37:01] Operation: Zoom in.
[Debug] [2026-4-1 10:37:01] Finish.
[Debug] [2026-4-1 10:37:03] Operation: ZoomOut
[Debug] [2026-4-1 10:37:03] Finish.
[Debug] [2026-4-1 10:37:03] Operation: ZoomOut
[Debug] [2026-4-1 10:37:03] Finish.
[Debug] [2026-4-1 10:37:13] Operation: ZoomOut
[Debug] [2026-4-1 10:37:13] Finish.
[Debug] [2026-4-1 10:37:13] Operation: ZoomOut
[Debug] [2026-4-1 10:37:13] Finish.
[Debug] [2026-4-1 10:37:14] Operation: Zoom in.
[Debug] [2026-4-1 10:37:14] Finish.
[Debug] [2026-4-1 10:37:14] Operation: Zoom in.
[Debug] [2026-4-1 10:37:14] Finish.
[Debug] [2026-4-1 10:37:18] Operation: ZoomOut
[Debug] [2026-4-1 10:37:18] Finish.
[Debug] [2026-4-1 10:37:18] Operation: ZoomOut
[Debug] [2026-4-1 10:37:18] Finish.
[Debug] [2026-4-1 10:37:18] Operation: ZoomOut
[Debug] [2026-4-1 10:37:18] Finish.
[Debug] [2026-4-1 10:37:19] Operation: Zoom in.
[Debug] [2026-4-1 10:37:19] Finish.
[Debug] [2026-4-1 10:37:19] Operation: Zoom in.
[Debug] [2026-4-1 10:37:19] Finish.
[Debug] [2026-4-1 10:37:19] Operation: Zoom in.
[Debug] [2026-4-1 10:37:19] Finish.
[Debug] [2026-4-1 10:38:30] Operation: ZoomOut
[Debug] [2026-4-1 10:38:30] Finish.
[Debug] [2026-4-1 10:38:31] Operation: Zoom in.
[Debug] [2026-4-1 10:38:31] Finish.
[Debug] [2026-4-1 10:38:34] Operation: Zoom in.
[Debug] [2026-4-1 10:38:34] Finish.
[Debug] [2026-4-1 10:38:36] Operation: ZoomOut
[Debug] [2026-4-1 10:38:36] Finish.
[Debug] [2026-4-1 10:38:36] Operation: ZoomOut
[Debug] [2026-4-1 10:38:36] Finish.
[Debug] [2026-4-1 10:38:36] Operation: ZoomOut
[Debug] [2026-4-1 10:38:36] Finish.
[Debug] [2026-4-1 10:38:37] Operation: Zoom in.
[Debug] [2026-4-1 10:38:37] Finish.
[Debug] [2026-4-1 10:38:37] Operation: Zoom in.
[Debug] [2026-4-1 10:38:37] Finish.
[Debug] [2026-4-1 10:38:43] Operation: ZoomOut
[Debug] [2026-4-1 10:38:43] Finish.
[Debug] [2026-4-1 10:38:43] Operation: ZoomOut
[Debug] [2026-4-1 10:38:43] Finish.
[Debug] [2026-4-1 10:38:44] Operation: Zoom in.
[Debug] [2026-4-1 10:38:44] Finish.
[Debug] [2026-4-1 10:38:44] Operation: Zoom in.
[Debug] [2026-4-1 10:38:44] Finish.
[Debug] [2026-4-1 10:38:54] Operation: Zoom in.
[Debug] [2026-4-1 10:38:54] Finish.
[Debug] [2026-4-1 10:39:00] Operation: ZoomOut
[Debug] [2026-4-1 10:39:00] Finish.
[Debug] [2026-4-1 10:39:01] Operation: ZoomOut
[Debug] [2026-4-1 10:39:01] Finish.
[Debug] [2026-4-1 10:39:02] Operation: ZoomOut
[Debug] [2026-4-1 10:39:02] Finish.
[Debug] [2026-4-1 10:39:02] Operation: Zoom in.
[Debug] [2026-4-1 10:39:02] Finish.
[Debug] [2026-4-1 10:39:02] Operation: Zoom in.
[Debug] [2026-4-1 10:39:02] Finish.
[Debug] [2026-4-1 10:39:02] Operation: Zoom in.
[Debug] [2026-4-1 10:39:02] Finish.
[Debug] [2026-4-1 10:39:03] Operation: ZoomOut
[Debug] [2026-4-1 10:39:03] Finish.
[Debug] [2026-4-1 10:39:03] Operation: ZoomOut
[Debug] [2026-4-1 10:39:03] Finish.
[Debug] [2026-4-1 10:39:03] Operation: Zoom in.
[Debug] [2026-4-1 10:39:03] Finish.
[Debug] [2026-4-1 10:39:12] Operation: ZoomOut
[Debug] [2026-4-1 10:39:12] Finish.
[Debug] [2026-4-1 10:39:13] Operation: Zoom in.
[Debug] [2026-4-1 10:39:13] Finish.
[Debug] [2026-4-1 10:40:29] Operation: ZoomOut
[Debug] [2026-4-1 10:40:29] Finish.
[Debug] [2026-4-1 10:40:29] Operation: ZoomOut
[Debug] [2026-4-1 10:40:29] Finish.
[Debug] [2026-4-1 10:40:30] Operation: ZoomOut
[Debug] [2026-4-1 10:40:30] Finish.
[Debug] [2026-4-1 10:40:30] Operation: Zoom in.
[Debug] [2026-4-1 10:40:30] Finish.
[Debug] [2026-4-1 10:40:30] Operation: Zoom in.
[Debug] [2026-4-1 10:40:30] Finish.
[Debug] [2026-4-1 10:40:31] Operation: Zoom in.
[Debug] [2026-4-1 10:40:31] Finish.
[Debug] [2026-4-1 11:01:41] Operation: Try to close window.
[Debug] [2026-4-1 11:01:41] /*************************** 2026-04-01 11:01:41  End ***************************/
[Debug] [2026-4-1 11:01:54] /*************************** 2026-04-01 11:01:54  Start ***************************/
[Debug] [2026-4-1 11:01:54] Path: C:/pango/PDS_2022.2-SP6.4/bin
[Debug] [2026-4-1 11:01:54] #Generated by Fabric Debugger (version 2022.2-SP6.4 build 146967) at Wed Apr  1 11:01:54 2026


[Info] [2026-4-1 11:01:55] MsgOut: Fabric Debugger Started.
[Debug] [2026-4-1 11:01:55] Main window show.
[Debug] [2026-4-1 11:01:57] Operation: Scan.
[Debug] [2026-4-1 11:01:57] Client Local host name:DESKTOP-VB8TKRO
[Debug] [2026-4-1 11:01:57] Client Local Address:2.0.0.1
[Debug] [2026-4-1 11:01:57] Client Local Address:210.77.26.220
[Debug] [2026-4-1 11:01:57] Client Local Address:192.168.44.1
[Debug] [2026-4-1 11:01:57] Client Local Address:192.168.176.1
[Debug] [2026-4-1 11:01:57] Server Address:127.0.0.1, Port:65420
[Info] [2026-4-1 11:01:57] MsgOut: Connecting to server[127.0.0.1 : 65420].
[Info] [2026-4-1 11:01:58] Connect OK, Server: 127.0.0.1  Port: 65420
[Info] [2026-4-1 11:01:58] MsgOut: Connect to server[127.0.0.1 : 65420] successfully.
[Debug] [2026-4-1 11:01:58] Finish.
[Debug] [2026-4-1 11:01:58] Log::Print : check version information
[Debug] [2026-4-1 11:01:58] Send RPC: 1.
[Debug] [2026-4-1 11:01:58] Send cmd [check version information:40004] OK
[Debug] [2026-4-1 11:01:58] Log::Print : get_cable_paras
[Debug] [2026-4-1 11:01:58] Send RPC: 2.
[Debug] [2026-4-1 11:01:58] Send cmd [get_cable_paras:40010] OK
[Debug] [2026-4-1 11:01:58] Log::Print : open_cable
[Debug] [2026-4-1 11:01:58] Send RPC: 3.
[Debug] [2026-4-1 11:01:58] Send cmd [open_cable:10001] OK
[Info] [2026-4-1 11:01:58] MsgOut: COMMAND[check version information] execute successfully, takes 0.6 secs.
[Debug] [2026-4-1 11:01:58] COMMAND[check version information] execute successfully, takes 0.6 secs.
[Info] [2026-4-1 11:01:59] MsgOut: The Cable List : 
Cable index 0:USB Cable II/fffffffffffffffe 

[Info] [2026-4-1 11:01:59] MsgOut: COMMAND[get_cable_paras] execute successfully, takes 1.1 secs.
[Debug] [2026-4-1 11:01:59] COMMAND[get_cable_paras] execute successfully, takes 1.1 secs.
[Info] [2026-4-1 11:02:00] MsgOut: PANGO USB CABLE II cable driver: D2XX DLL
[Info] [2026-4-1 11:02:02] MsgOut: COMMAND[open_cable] execute successfully, takes 3.6 secs.
[Debug] [2026-4-1 11:02:02] COMMAND[open_cable] execute successfully, takes 3.6 secs.
[Debug] [2026-4-1 11:02:04] Configure.
[Debug] [2026-4-1 11:02:07] Operation: Program.
[Debug] [2026-4-1 11:02:07] Log::Print : configure
[Debug] [2026-4-1 11:02:07] Send RPC: 4.
[Debug] [2026-4-1 11:02:07] Send cmd [configure:10002] OK
[Debug] [2026-4-1 11:02:08] The value is 6.
[Debug] [2026-4-1 11:02:08] The value is 10.
[Debug] [2026-4-1 11:02:08] The value is 15.
[Debug] [2026-4-1 11:02:09] The value is 20.
[Debug] [2026-4-1 11:02:09] The value is 25.
[Debug] [2026-4-1 11:02:09] The value is 30.
[Debug] [2026-4-1 11:02:10] The value is 35.
[Debug] [2026-4-1 11:02:10] The value is 40.
[Debug] [2026-4-1 11:02:11] The value is 45.
[Debug] [2026-4-1 11:02:11] The value is 50.
[Debug] [2026-4-1 11:02:11] The value is 55.
[Debug] [2026-4-1 11:02:12] The value is 60.
[Debug] [2026-4-1 11:02:12] The value is 65.
[Debug] [2026-4-1 11:02:13] The value is 70.
[Debug] [2026-4-1 11:02:13] The value is 75.
[Debug] [2026-4-1 11:02:13] The value is 80.
[Debug] [2026-4-1 11:02:14] The value is 85.
[Debug] [2026-4-1 11:02:14] The value is 90.
[Debug] [2026-4-1 11:02:14] The value is 95.
[Debug] [2026-4-1 11:02:15] The value is 100.
[Debug] [2026-4-1 11:02:16] [BusValue] Opt:Add.
[Debug] [2026-4-1 11:02:16] [BusValue] Opt:Add.
[Debug] [2026-4-1 11:02:16] [BusValue] Opt:Add.
[Debug] [2026-4-1 11:02:16] [BusValue] Opt:Add.
[Info] [2026-4-1 11:02:17] MsgOut: COMMAND[configure] execute successfully, takes 10.1 secs.
[Debug] [2026-4-1 11:02:17] COMMAND[configure] execute successfully, takes 10.1 secs.
[Debug] [2026-4-1 11:02:17] Log::Print : Import Core: 0 OK
[Debug] [2026-4-1 11:02:43] Operation: Trigger.
[Debug] [2026-4-1 11:02:43] Log::Print : run
[Debug] [2026-4-1 11:02:43] Send RPC: 5.
[Debug] [2026-4-1 11:02:43] Send cmd [run:10003] OK
[Info] [2026-4-1 11:02:44] MsgOut: Core 0 trigger successful at Wed Apr  1 11:02:44 2026
[Debug] [2026-4-1 11:02:45] Operation: ZoomFit
[Debug] [2026-4-1 11:02:45] Finish.
[Debug] [2026-4-1 11:02:45] [BusValue] Opt:Flush.
[Debug] [2026-4-1 11:02:45] [BusValue] Opt:Update.
[Info] [2026-4-1 11:02:45] MsgOut: COMMAND[run] execute successfully, takes 1.4 secs.
[Debug] [2026-4-1 11:02:45] COMMAND[run] execute successfully, takes 1.4 secs.
[Debug] [2026-4-1 11:02:56] Operation: Zoom in.
[Debug] [2026-4-1 11:02:56] Finish.
[Debug] [2026-4-1 11:02:56] Operation: Zoom in.
[Debug] [2026-4-1 11:02:56] Finish.
[Debug] [2026-4-1 11:02:56] Operation: Zoom in.
[Debug] [2026-4-1 11:02:56] Finish.
[Debug] [2026-4-1 11:02:56] Operation: Zoom in.
[Debug] [2026-4-1 11:02:56] Finish.
[Debug] [2026-4-1 11:02:59] Operation: ZoomOut
[Debug] [2026-4-1 11:02:59] Finish.
[Debug] [2026-4-1 11:03:00] Operation: Trigger.
[Debug] [2026-4-1 11:03:00] Log::Print : run
[Debug] [2026-4-1 11:03:00] Send RPC: 6.
[Debug] [2026-4-1 11:03:00] Send cmd [run:10003] OK
[Info] [2026-4-1 11:03:01] MsgOut: Core 0 trigger successful at Wed Apr  1 11:03:01 2026
[Debug] [2026-4-1 11:03:01] Operation: ZoomFit
[Debug] [2026-4-1 11:03:01] Finish.
[Debug] [2026-4-1 11:03:01] [BusValue] Opt:Flush.
[Debug] [2026-4-1 11:03:01] [BusValue] Opt:Update.
[Info] [2026-4-1 11:03:01] MsgOut: COMMAND[run] execute successfully, takes 1.4 secs.
[Debug] [2026-4-1 11:03:01] COMMAND[run] execute successfully, takes 1.4 secs.
[Debug] [2026-4-1 11:03:03] Operation: ZoomOut
[Debug] [2026-4-1 11:03:03] Finish.
[Debug] [2026-4-1 11:03:03] Operation: ZoomOut
[Debug] [2026-4-1 11:03:03] Finish.
[Debug] [2026-4-1 11:03:03] Operation: ZoomOut
[Debug] [2026-4-1 11:03:03] Finish.
[Debug] [2026-4-1 11:03:03] Operation: ZoomOut
[Debug] [2026-4-1 11:03:03] Finish.
[Debug] [2026-4-1 11:03:03] Operation: ZoomOut
[Debug] [2026-4-1 11:03:03] Finish.
[Debug] [2026-4-1 11:03:06] Operation: Zoom in.
[Debug] [2026-4-1 11:03:06] Finish.
[Debug] [2026-4-1 11:03:06] Operation: Zoom in.
[Debug] [2026-4-1 11:03:06] Finish.
[Debug] [2026-4-1 11:03:07] Operation: Zoom in.
[Debug] [2026-4-1 11:03:07] Finish.
[Debug] [2026-4-1 11:03:07] Operation: Zoom in.
[Debug] [2026-4-1 11:03:07] Finish.
[Debug] [2026-4-1 11:03:08] Operation: Zoom in.
[Debug] [2026-4-1 11:03:08] Finish.
[Debug] [2026-4-1 11:03:09] Operation: Zoom in.
[Debug] [2026-4-1 11:03:09] Finish.
[Debug] [2026-4-1 11:03:09] Operation: Zoom in.
[Debug] [2026-4-1 11:03:09] Finish.
[Debug] [2026-4-1 11:03:10] Operation: Zoom in.
[Debug] [2026-4-1 11:03:10] Finish.
[Debug] [2026-4-1 11:19:27] Operation: Try to close window.
[Debug] [2026-4-1 11:19:27] /*************************** 2026-04-01 11:19:27  End ***************************/
[Debug] [2026-4-1 11:30:45] /*************************** 2026-04-01 11:30:45  Start ***************************/
[Debug] [2026-4-1 11:30:45] Path: C:/pango/PDS_2022.2-SP6.4/bin
[Debug] [2026-4-1 11:30:45] #Generated by Fabric Debugger (version 2022.2-SP6.4 build 146967) at Wed Apr  1 11:30:45 2026


[Info] [2026-4-1 11:30:45] MsgOut: Fabric Debugger Started.
[Debug] [2026-4-1 11:30:45] Main window show.
[Debug] [2026-4-1 11:30:47] Operation: Scan.
[Debug] [2026-4-1 11:30:47] Client Local host name:DESKTOP-VB8TKRO
[Debug] [2026-4-1 11:30:47] Client Local Address:2.0.0.1
[Debug] [2026-4-1 11:30:47] Client Local Address:210.77.26.220
[Debug] [2026-4-1 11:30:47] Client Local Address:192.168.44.1
[Debug] [2026-4-1 11:30:47] Client Local Address:192.168.176.1
[Debug] [2026-4-1 11:30:47] Server Address:127.0.0.1, Port:65420
[Info] [2026-4-1 11:30:47] MsgOut: Connecting to server[127.0.0.1 : 65420].
[Info] [2026-4-1 11:30:47] Connect OK, Server: 127.0.0.1  Port: 65420
[Info] [2026-4-1 11:30:47] MsgOut: Connect to server[127.0.0.1 : 65420] successfully.
[Debug] [2026-4-1 11:30:47] Finish.
[Debug] [2026-4-1 11:30:47] Log::Print : check version information
[Debug] [2026-4-1 11:30:47] Send RPC: 1.
[Debug] [2026-4-1 11:30:47] Send cmd [check version information:40004] OK
[Debug] [2026-4-1 11:30:48] Log::Print : get_cable_paras
[Debug] [2026-4-1 11:30:48] Send RPC: 2.
[Debug] [2026-4-1 11:30:48] Send cmd [get_cable_paras:40010] OK
[Debug] [2026-4-1 11:30:48] Log::Print : open_cable
[Debug] [2026-4-1 11:30:48] Send RPC: 3.
[Debug] [2026-4-1 11:30:48] Send cmd [open_cable:10001] OK
[Info] [2026-4-1 11:30:48] MsgOut: COMMAND[check version information] execute successfully, takes 0.4 secs.
[Debug] [2026-4-1 11:30:48] COMMAND[check version information] execute successfully, takes 0.4 secs.
[Info] [2026-4-1 11:30:49] MsgOut: The Cable List : 
Cable index 0:USB Cable II/fffffffffffffffe 

[Info] [2026-4-1 11:30:49] MsgOut: COMMAND[get_cable_paras] execute successfully, takes 1.2 secs.
[Debug] [2026-4-1 11:30:49] COMMAND[get_cable_paras] execute successfully, takes 1.2 secs.
[Info] [2026-4-1 11:30:50] MsgOut: PANGO USB CABLE II cable driver: D2XX DLL
[Info] [2026-4-1 11:30:51] MsgOut: COMMAND[open_cable] execute successfully, takes 3.4 secs.
[Debug] [2026-4-1 11:30:51] COMMAND[open_cable] execute successfully, takes 3.4 secs.
[Debug] [2026-4-1 11:30:53] Configure.
[Debug] [2026-4-1 11:30:56] Operation: Program.
[Debug] [2026-4-1 11:30:56] Log::Print : configure
[Debug] [2026-4-1 11:30:56] Send RPC: 4.
[Debug] [2026-4-1 11:30:56] Send cmd [configure:10002] OK
[Debug] [2026-4-1 11:30:57] The value is 6.
[Debug] [2026-4-1 11:30:57] The value is 10.
[Debug] [2026-4-1 11:30:57] The value is 15.
[Debug] [2026-4-1 11:30:58] The value is 20.
[Debug] [2026-4-1 11:30:58] The value is 25.
[Debug] [2026-4-1 11:30:59] The value is 30.
[Debug] [2026-4-1 11:30:59] The value is 35.
[Debug] [2026-4-1 11:30:59] The value is 40.
[Debug] [2026-4-1 11:31:00] The value is 45.
[Debug] [2026-4-1 11:31:00] The value is 50.
[Debug] [2026-4-1 11:31:01] The value is 55.
[Debug] [2026-4-1 11:31:01] The value is 60.
[Debug] [2026-4-1 11:31:01] The value is 65.
[Debug] [2026-4-1 11:31:02] The value is 70.
[Debug] [2026-4-1 11:31:02] The value is 75.
[Debug] [2026-4-1 11:31:02] The value is 80.
[Debug] [2026-4-1 11:31:03] The value is 85.
[Debug] [2026-4-1 11:31:03] The value is 90.
[Debug] [2026-4-1 11:31:04] The value is 95.
[Debug] [2026-4-1 11:31:04] The value is 100.
[Debug] [2026-4-1 11:31:06] [BusValue] Opt:Add.
[Debug] [2026-4-1 11:31:06] [BusValue] Opt:Add.
[Debug] [2026-4-1 11:31:06] [BusValue] Opt:Add.
[Debug] [2026-4-1 11:31:06] [BusValue] Opt:Add.
[Info] [2026-4-1 11:31:06] MsgOut: COMMAND[configure] execute successfully, takes 10.1 secs.
[Debug] [2026-4-1 11:31:06] COMMAND[configure] execute successfully, takes 10.1 secs.
[Debug] [2026-4-1 11:31:06] Log::Print : Import Core: 0 OK
[Debug] [2026-4-1 11:31:19] Operation: Trigger.
[Debug] [2026-4-1 11:31:19] Log::Print : run
[Debug] [2026-4-1 11:31:19] Send RPC: 5.
[Debug] [2026-4-1 11:31:19] Send cmd [run:10003] OK
[Info] [2026-4-1 11:31:19] MsgOut: Core 0 trigger successful at Wed Apr  1 11:31:19 2026
[Debug] [2026-4-1 11:31:20] Operation: ZoomFit
[Debug] [2026-4-1 11:31:20] Finish.
[Debug] [2026-4-1 11:31:20] [BusValue] Opt:Flush.
[Debug] [2026-4-1 11:31:20] [BusValue] Opt:Update.
[Info] [2026-4-1 11:31:20] MsgOut: COMMAND[run] execute successfully, takes 1.4 secs.
[Debug] [2026-4-1 11:31:20] COMMAND[run] execute successfully, takes 1.4 secs.
[Debug] [2026-4-1 11:31:25] Operation: Go to X cursor.
[Debug] [2026-4-1 11:31:25] Finish.
[Debug] [2026-4-1 11:31:27] Operation: Zoom in.
[Debug] [2026-4-1 11:31:27] Finish.
[Debug] [2026-4-1 11:31:27] Operation: Zoom in.
[Debug] [2026-4-1 11:31:27] Finish.
[Debug] [2026-4-1 11:31:27] Operation: Zoom in.
[Debug] [2026-4-1 11:31:27] Finish.
[Debug] [2026-4-1 11:31:27] Operation: Zoom in.
[Debug] [2026-4-1 11:31:27] Finish.
[Debug] [2026-4-1 11:31:27] Operation: Zoom in.
[Debug] [2026-4-1 11:31:27] Finish.
[Debug] [2026-4-1 11:31:28] Operation: Zoom in.
[Debug] [2026-4-1 11:31:28] Finish.
[Debug] [2026-4-1 11:31:46] Operation: Trigger.
[Debug] [2026-4-1 11:31:46] Log::Print : run
[Debug] [2026-4-1 11:31:46] Send RPC: 6.
[Debug] [2026-4-1 11:31:46] Send cmd [run:10003] OK
[Info] [2026-4-1 11:31:47] MsgOut: Core 0 trigger successful at Wed Apr  1 11:31:47 2026
[Debug] [2026-4-1 11:31:48] Operation: ZoomFit
[Debug] [2026-4-1 11:31:48] Finish.
[Debug] [2026-4-1 11:31:48] [BusValue] Opt:Flush.
[Debug] [2026-4-1 11:31:48] [BusValue] Opt:Update.
[Info] [2026-4-1 11:31:48] MsgOut: COMMAND[run] execute successfully, takes 1.4 secs.
[Debug] [2026-4-1 11:31:48] COMMAND[run] execute successfully, takes 1.4 secs.
[Debug] [2026-4-1 11:31:49] Operation: ZoomOut
[Debug] [2026-4-1 11:31:49] Finish.
[Debug] [2026-4-1 11:31:49] Operation: ZoomOut
[Debug] [2026-4-1 11:31:49] Finish.
[Debug] [2026-4-1 11:31:49] Operation: ZoomOut
[Debug] [2026-4-1 11:31:49] Finish.
[Debug] [2026-4-1 11:31:50] Operation: ZoomOut
[Debug] [2026-4-1 11:31:50] Finish.
[Debug] [2026-4-1 11:31:50] Operation: ZoomOut
[Debug] [2026-4-1 11:31:50] Finish.
[Debug] [2026-4-1 11:31:51] Operation: Zoom in.
[Debug] [2026-4-1 11:31:51] Finish.
[Debug] [2026-4-1 11:31:51] Operation: Zoom in.
[Debug] [2026-4-1 11:31:51] Finish.
[Debug] [2026-4-1 11:31:51] Operation: Zoom in.
[Debug] [2026-4-1 11:31:51] Finish.
[Debug] [2026-4-1 11:31:51] Operation: Zoom in.
[Debug] [2026-4-1 11:31:51] Finish.
[Debug] [2026-4-1 11:31:51] Operation: Zoom in.
[Debug] [2026-4-1 11:31:51] Finish.
[Debug] [2026-4-1 11:31:51] Operation: Zoom in.
[Debug] [2026-4-1 11:31:51] Finish.
[Debug] [2026-4-1 11:31:51] Operation: Zoom in.
[Debug] [2026-4-1 11:31:51] Finish.
[Debug] [2026-4-1 11:31:56] Operation: ZoomOut
[Debug] [2026-4-1 11:31:56] Finish.
[Debug] [2026-4-1 11:31:56] Operation: ZoomOut
[Debug] [2026-4-1 11:31:56] Finish.
[Debug] [2026-4-1 11:31:56] Operation: ZoomOut
[Debug] [2026-4-1 11:31:56] Finish.
[Debug] [2026-4-1 11:31:56] Operation: ZoomOut
[Debug] [2026-4-1 11:31:56] Finish.
[Debug] [2026-4-1 11:31:56] Operation: ZoomOut
[Debug] [2026-4-1 11:31:56] Finish.
[Debug] [2026-4-1 11:31:57] Operation: ZoomOut
[Debug] [2026-4-1 11:31:57] Finish.
[Debug] [2026-4-1 11:31:57] Operation: ZoomOut
[Debug] [2026-4-1 11:31:57] Finish.
[Debug] [2026-4-1 11:31:57] Operation: ZoomOut
[Debug] [2026-4-1 11:31:57] Finish.
[Debug] [2026-4-1 11:31:57] Operation: ZoomOut
[Debug] [2026-4-1 11:31:57] Finish.
[Debug] [2026-4-1 11:31:57] Operation: ZoomOut
[Debug] [2026-4-1 11:31:57] Finish.
[Debug] [2026-4-1 11:31:57] Operation: ZoomOut
[Debug] [2026-4-1 11:31:57] Finish.
[Debug] [2026-4-1 11:31:58] Operation: Zoom in.
[Debug] [2026-4-1 11:31:58] Finish.
[Debug] [2026-4-1 11:31:58] Operation: Zoom in.
[Debug] [2026-4-1 11:31:58] Finish.
[Debug] [2026-4-1 11:31:58] Operation: Zoom in.
[Debug] [2026-4-1 11:31:58] Finish.
[Debug] [2026-4-1 11:31:58] Operation: Zoom in.
[Debug] [2026-4-1 11:31:59] Finish.
[Debug] [2026-4-1 11:31:59] Operation: Zoom in.
[Debug] [2026-4-1 11:31:59] Finish.
[Debug] [2026-4-1 11:31:59] Operation: Zoom in.
[Debug] [2026-4-1 11:31:59] Finish.
[Debug] [2026-4-1 11:31:59] Operation: Zoom in.
[Debug] [2026-4-1 11:31:59] Finish.
[Debug] [2026-4-1 11:32:00] Operation: Zoom in.
[Debug] [2026-4-1 11:32:00] Finish.
[Debug] [2026-4-1 11:32:00] Operation: Zoom in.
[Debug] [2026-4-1 11:32:00] Finish.
[Debug] [2026-4-1 11:32:03] Operation: ZoomOut
[Debug] [2026-4-1 11:32:03] Finish.
[Debug] [2026-4-1 11:32:04] Operation: Zoom in.
[Debug] [2026-4-1 11:32:04] Finish.
[Debug] [2026-4-1 11:32:05] Operation: Zoom in.
[Debug] [2026-4-1 11:32:05] Finish.
[Debug] [2026-4-1 11:32:09] Operation: ZoomOut
[Debug] [2026-4-1 11:32:09] Finish.
[Debug] [2026-4-1 11:32:09] Operation: ZoomOut
[Debug] [2026-4-1 11:32:09] Finish.
[Debug] [2026-4-1 11:32:13] Operation: Zoom in.
[Debug] [2026-4-1 11:32:13] Finish.
[Debug] [2026-4-1 11:32:23] Operation: ZoomOut
[Debug] [2026-4-1 11:32:23] Finish.
[Debug] [2026-4-1 11:32:23] Operation: ZoomOut
[Debug] [2026-4-1 11:32:23] Finish.
[Debug] [2026-4-1 11:32:23] Operation: ZoomOut
[Debug] [2026-4-1 11:32:24] Finish.
[Debug] [2026-4-1 11:32:24] Operation: Zoom in.
[Debug] [2026-4-1 11:32:24] Finish.
[Debug] [2026-4-1 11:32:24] Operation: Zoom in.
[Debug] [2026-4-1 11:32:24] Finish.
[Debug] [2026-4-1 11:32:25] Operation: Zoom in.
[Debug] [2026-4-1 11:32:25] Finish.
[Debug] [2026-4-1 11:32:25] Operation: Zoom in.
[Debug] [2026-4-1 11:32:25] Finish.
[Debug] [2026-4-1 11:32:26] Operation: ZoomOut
[Debug] [2026-4-1 11:32:26] Finish.
[Debug] [2026-4-1 11:32:26] Operation: ZoomOut
[Debug] [2026-4-1 11:32:26] Finish.
[Debug] [2026-4-1 11:32:26] Operation: ZoomOut
[Debug] [2026-4-1 11:32:26] Finish.
[Debug] [2026-4-1 11:32:27] Operation: Zoom in.
[Debug] [2026-4-1 11:32:27] Finish.
[Debug] [2026-4-1 11:32:28] Operation: Zoom in.
[Debug] [2026-4-1 11:32:28] Finish.
[Debug] [2026-4-1 11:32:29] Operation: Trigger.
[Debug] [2026-4-1 11:32:29] Log::Print : run
[Debug] [2026-4-1 11:32:29] Send RPC: 7.
[Debug] [2026-4-1 11:32:29] Send cmd [run:10003] OK
[Info] [2026-4-1 11:32:30] MsgOut: Core 0 trigger successful at Wed Apr  1 11:32:30 2026
[Debug] [2026-4-1 11:32:31] Operation: ZoomFit
[Debug] [2026-4-1 11:32:31] Finish.
[Debug] [2026-4-1 11:32:31] [BusValue] Opt:Flush.
[Debug] [2026-4-1 11:32:31] [BusValue] Opt:Update.
[Info] [2026-4-1 11:32:31] MsgOut: COMMAND[run] execute successfully, takes 1.4 secs.
[Debug] [2026-4-1 11:32:31] COMMAND[run] execute successfully, takes 1.4 secs.
[Debug] [2026-4-1 11:32:42] Operation: ZoomOut
[Debug] [2026-4-1 11:32:42] Finish.
[Debug] [2026-4-1 11:33:10] Configure.
[Debug] [2026-4-1 11:33:13] Operation: Program.
[Debug] [2026-4-1 11:33:13] Log::Print : configure
[Debug] [2026-4-1 11:33:13] Send RPC: 8.
[Debug] [2026-4-1 11:33:13] Send cmd [configure:10002] OK
[Debug] [2026-4-1 11:33:14] The value is 6.
[Debug] [2026-4-1 11:33:14] The value is 10.
[Debug] [2026-4-1 11:33:14] The value is 15.
[Debug] [2026-4-1 11:33:15] The value is 20.
[Debug] [2026-4-1 11:33:15] The value is 25.
[Debug] [2026-4-1 11:33:15] The value is 30.
[Debug] [2026-4-1 11:33:16] The value is 35.
[Debug] [2026-4-1 11:33:16] The value is 40.
[Debug] [2026-4-1 11:33:17] The value is 45.
[Debug] [2026-4-1 11:33:17] The value is 50.
[Debug] [2026-4-1 11:33:17] The value is 55.
[Debug] [2026-4-1 11:33:18] The value is 60.
[Debug] [2026-4-1 11:33:18] The value is 65.
[Debug] [2026-4-1 11:33:19] The value is 70.
[Debug] [2026-4-1 11:33:19] The value is 75.
[Debug] [2026-4-1 11:33:19] The value is 80.
[Debug] [2026-4-1 11:33:20] The value is 85.
[Debug] [2026-4-1 11:33:20] The value is 90.
[Debug] [2026-4-1 11:33:20] The value is 95.
[Debug] [2026-4-1 11:33:21] The value is 100.
[Info] [2026-4-1 11:33:22] MsgOut: COMMAND[configure] execute successfully, takes 9.6 secs.
[Debug] [2026-4-1 11:33:22] COMMAND[configure] execute successfully, takes 9.6 secs.
[Warn] [2026-4-1 11:33:22] MsgOut: Debugger-4002: Core Parse: Trigger Port bus name:u_top_yolo/layer_y_out_layer0 exist, fail to import.
[Warn] [2026-4-1 11:33:22] MsgOut: Debugger-4002: Core Parse: Trigger Port bus name:u_top_yolo/layer_y_out_layer1 exist, fail to import.
[Warn] [2026-4-1 11:33:22] MsgOut: Debugger-4002: Core Parse: Trigger Port bus name:u_top_yolo/u_layer1/window_data exist, fail to import.
[Warn] [2026-4-1 11:33:22] MsgOut: Debugger-4002: Core Parse: Trigger Port bus name:u_top_yolo/u_layer1/u_input_layer/line_ram_out exist, fail to import.
[Warn] [2026-4-1 11:33:22] MsgOut: Debugger-4002: Core Parse: Bus name:u_top_yolo/layer_y_out_layer0 exist, fail to import.
[Warn] [2026-4-1 11:33:22] MsgOut: Debugger-4002: Core Parse: Bus name:u_top_yolo/layer_y_out_layer1 exist, fail to import.
[Warn] [2026-4-1 11:33:22] MsgOut: Debugger-4002: Core Parse: Bus name:u_top_yolo/u_layer1/window_data exist, fail to import.
[Warn] [2026-4-1 11:33:22] MsgOut: Debugger-4002: Core Parse: Bus name:u_top_yolo/u_layer1/u_input_layer/line_ram_out exist, fail to import.
[Debug] [2026-4-1 11:33:22] Log::Print : Import Core: 0 OK
[Debug] [2026-4-1 11:33:57] Operation: Try to close window.
[Debug] [2026-4-1 11:33:57] /*************************** 2026-04-01 11:33:57  End ***************************/
[Debug] [2026-4-1 15:16:07] /*************************** 2026-04-01 15:16:07  Start ***************************/
[Debug] [2026-4-1 15:16:07] Path: C:/pango/PDS_2022.2-SP6.4/bin
[Debug] [2026-4-1 15:16:07] #Generated by Fabric Debugger (version 2022.2-SP6.4 build 146967) at Wed Apr  1 15:16:07 2026


[Info] [2026-4-1 15:16:07] MsgOut: Fabric Debugger Started.
[Debug] [2026-4-1 15:16:07] Main window show.
[Debug] [2026-4-1 15:16:09] Operation: Scan.
[Debug] [2026-4-1 15:16:09] Client Local host name:DESKTOP-VB8TKRO
[Debug] [2026-4-1 15:16:09] Client Local Address:2.0.0.1
[Debug] [2026-4-1 15:16:09] Client Local Address:210.77.26.220
[Debug] [2026-4-1 15:16:09] Client Local Address:192.168.44.1
[Debug] [2026-4-1 15:16:09] Client Local Address:192.168.176.1
[Debug] [2026-4-1 15:16:09] Server Address:127.0.0.1, Port:65420
[Info] [2026-4-1 15:16:09] MsgOut: Connecting to server[127.0.0.1 : 65420].
[Info] [2026-4-1 15:16:09] Connect OK, Server: 127.0.0.1  Port: 65420
[Info] [2026-4-1 15:16:09] MsgOut: Connect to server[127.0.0.1 : 65420] successfully.
[Debug] [2026-4-1 15:16:09] Finish.
[Debug] [2026-4-1 15:16:09] Log::Print : check version information
[Debug] [2026-4-1 15:16:09] Send RPC: 1.
[Debug] [2026-4-1 15:16:09] Send cmd [check version information:40004] OK
[Debug] [2026-4-1 15:16:10] Log::Print : get_cable_paras
[Debug] [2026-4-1 15:16:10] Send RPC: 2.
[Debug] [2026-4-1 15:16:10] Send cmd [get_cable_paras:40010] OK
[Debug] [2026-4-1 15:16:10] Log::Print : open_cable
[Debug] [2026-4-1 15:16:10] Send RPC: 3.
[Debug] [2026-4-1 15:16:10] Send cmd [open_cable:10001] OK
[Info] [2026-4-1 15:16:10] MsgOut: COMMAND[check version information] execute successfully, takes 0.4 secs.
[Debug] [2026-4-1 15:16:10] COMMAND[check version information] execute successfully, takes 0.4 secs.
[Info] [2026-4-1 15:16:11] MsgOut: The Cable List : 
Cable index 0:USB Cable II/fffffffffffffffe 

[Info] [2026-4-1 15:16:11] MsgOut: COMMAND[get_cable_paras] execute successfully, takes 1.2 secs.
[Debug] [2026-4-1 15:16:11] COMMAND[get_cable_paras] execute successfully, takes 1.2 secs.
[Info] [2026-4-1 15:16:12] MsgOut: PANGO USB CABLE II cable driver: D2XX DLL
[Info] [2026-4-1 15:16:13] MsgOut: COMMAND[open_cable] execute successfully, takes 3.9 secs.
[Debug] [2026-4-1 15:16:13] COMMAND[open_cable] execute successfully, takes 3.9 secs.
[Debug] [2026-4-1 15:16:16] Configure.
[Debug] [2026-4-1 15:16:19] Operation: Program.
[Debug] [2026-4-1 15:16:19] Log::Print : configure
[Debug] [2026-4-1 15:16:19] Send RPC: 4.
[Debug] [2026-4-1 15:16:19] Send cmd [configure:10002] OK
[Debug] [2026-4-1 15:16:20] The value is 6.
[Debug] [2026-4-1 15:16:20] The value is 10.
[Debug] [2026-4-1 15:16:20] The value is 15.
[Debug] [2026-4-1 15:16:21] The value is 20.
[Debug] [2026-4-1 15:16:21] The value is 25.
[Debug] [2026-4-1 15:16:21] The value is 30.
[Debug] [2026-4-1 15:16:22] The value is 35.
[Debug] [2026-4-1 15:16:22] The value is 40.
[Debug] [2026-4-1 15:16:23] The value is 45.
[Debug] [2026-4-1 15:16:23] The value is 50.
[Debug] [2026-4-1 15:16:23] The value is 55.
[Debug] [2026-4-1 15:16:24] The value is 60.
[Debug] [2026-4-1 15:16:24] The value is 65.
[Debug] [2026-4-1 15:16:24] The value is 70.
[Debug] [2026-4-1 15:16:25] The value is 75.
[Debug] [2026-4-1 15:16:25] The value is 80.
[Debug] [2026-4-1 15:16:26] The value is 85.
[Debug] [2026-4-1 15:16:26] The value is 90.
[Debug] [2026-4-1 15:16:26] The value is 95.
[Debug] [2026-4-1 15:16:27] The value is 100.
[Info] [2026-4-1 15:16:28] MsgOut: COMMAND[configure] execute successfully, takes 9.2 secs.
[Debug] [2026-4-1 15:16:28] COMMAND[configure] execute successfully, takes 9.2 secs.
[Warn] [2026-4-1 15:16:28] MsgOut: Debugger-4007: No debug cores were detected in current programmed file. Please make sure that debug core has been generated through "Inserter" or generated by "IP Compiler" then instantiated in RTL.
For more details on generating debug core, consult the "Fabric_Inserter_User_Guide".
[Debug] [2026-4-1 15:17:28] Operation: Try to close window.
[Debug] [2026-4-1 15:17:28] /*************************** 2026-04-01 15:17:28  End ***************************/
[Debug] [2026-4-13 18:18:58] /*************************** 2026-04-13 18:18:58  Start ***************************/
[Debug] [2026-4-13 18:18:58] Path: C:/pango/PDS_2022.2-SP6.4/bin
[Debug] [2026-4-13 18:18:58] #Generated by Fabric Debugger (version 2022.2-SP6.4 build 146967) at Mon Apr 13 18:18:58 2026


[Info] [2026-4-13 18:18:58] MsgOut: Fabric Debugger Started.
[Debug] [2026-4-13 18:18:58] Main window show.
[Debug] [2026-4-13 18:19:03] Operation: Scan.
[Debug] [2026-4-13 18:19:03] Client Local host name:DESKTOP-VB8TKRO
[Debug] [2026-4-13 18:19:03] Client Local Address:2.0.0.1
[Debug] [2026-4-13 18:19:03] Client Local Address:210.77.26.220
[Debug] [2026-4-13 18:19:03] Client Local Address:192.168.44.1
[Debug] [2026-4-13 18:19:03] Client Local Address:192.168.176.1
[Debug] [2026-4-13 18:19:03] Server Address:127.0.0.1, Port:65420
[Info] [2026-4-13 18:19:03] MsgOut: Connecting to server[127.0.0.1 : 65420].
[Info] [2026-4-13 18:19:03] Connect OK, Server: 127.0.0.1  Port: 65420
[Info] [2026-4-13 18:19:03] MsgOut: Connect to server[127.0.0.1 : 65420] successfully.
[Debug] [2026-4-13 18:19:03] Finish.
[Debug] [2026-4-13 18:19:03] Log::Print : check version information
[Debug] [2026-4-13 18:19:03] Send RPC: 1.
[Debug] [2026-4-13 18:19:03] Send cmd [check version information:40004] OK
[Debug] [2026-4-13 18:19:04] Log::Print : get_cable_paras
[Debug] [2026-4-13 18:19:04] Send RPC: 2.
[Debug] [2026-4-13 18:19:04] Send cmd [get_cable_paras:40010] OK
[Debug] [2026-4-13 18:19:04] Log::Print : open_cable
[Debug] [2026-4-13 18:19:04] Send RPC: 3.
[Debug] [2026-4-13 18:19:04] Send cmd [open_cable:10001] OK
[Info] [2026-4-13 18:19:04] MsgOut: COMMAND[check version information] execute successfully, takes 0.4 secs.
[Debug] [2026-4-13 18:19:04] COMMAND[check version information] execute successfully, takes 0.4 secs.
[Info] [2026-4-13 18:19:05] MsgOut: The Cable List : 
Cable index 0:USB Cable II/fffffffffffffffe 

[Info] [2026-4-13 18:19:05] MsgOut: COMMAND[get_cable_paras] execute successfully, takes 1.1 secs.
[Debug] [2026-4-13 18:19:05] COMMAND[get_cable_paras] execute successfully, takes 1.1 secs.
[Info] [2026-4-13 18:19:06] MsgOut: PANGO USB CABLE II cable driver: D2XX DLL
[Info] [2026-4-13 18:19:07] MsgOut: COMMAND[open_cable] execute successfully, takes 3.1 secs.
[Debug] [2026-4-13 18:19:07] COMMAND[open_cable] execute successfully, takes 3.1 secs.
[Debug] [2026-4-13 18:19:13] Configure.
[Debug] [2026-4-13 18:19:16] Operation: Program.
[Debug] [2026-4-13 18:19:16] Log::Print : configure
[Debug] [2026-4-13 18:19:16] Send RPC: 4.
[Debug] [2026-4-13 18:19:16] Send cmd [configure:10002] OK
[Debug] [2026-4-13 18:19:17] The value is 6.
[Debug] [2026-4-13 18:19:17] The value is 10.
[Debug] [2026-4-13 18:19:17] The value is 15.
[Debug] [2026-4-13 18:19:18] The value is 20.
[Debug] [2026-4-13 18:19:18] The value is 25.
[Debug] [2026-4-13 18:19:19] The value is 30.
[Debug] [2026-4-13 18:19:19] The value is 35.
[Debug] [2026-4-13 18:19:19] The value is 40.
[Debug] [2026-4-13 18:19:20] The value is 45.
[Debug] [2026-4-13 18:19:20] The value is 50.
[Debug] [2026-4-13 18:19:21] The value is 55.
[Debug] [2026-4-13 18:19:21] The value is 60.
[Debug] [2026-4-13 18:19:21] The value is 65.
[Debug] [2026-4-13 18:19:22] The value is 70.
[Debug] [2026-4-13 18:19:22] The value is 75.
[Debug] [2026-4-13 18:19:22] The value is 80.
[Debug] [2026-4-13 18:19:23] The value is 85.
[Debug] [2026-4-13 18:19:23] The value is 90.
[Debug] [2026-4-13 18:19:24] The value is 95.
[Debug] [2026-4-13 18:19:24] The value is 100.
[Debug] [2026-4-13 18:19:26] [BusValue] Opt:Add.
[Debug] [2026-4-13 18:19:26] [BusValue] Opt:Add.
[Debug] [2026-4-13 18:19:26] [BusValue] Opt:Add.
[Debug] [2026-4-13 18:19:26] [BusValue] Opt:Add.
[Debug] [2026-4-13 18:19:26] [BusValue] Opt:Add.
[Debug] [2026-4-13 18:19:26] [BusValue] Opt:Add.
[Debug] [2026-4-13 18:19:26] [BusValue] Opt:Add.
[Info] [2026-4-13 18:19:26] MsgOut: COMMAND[configure] execute successfully, takes 9.8 secs.
[Debug] [2026-4-13 18:19:26] COMMAND[configure] execute successfully, takes 9.8 secs.
[Debug] [2026-4-13 18:19:26] Log::Print : Import Core: 0 OK
[Debug] [2026-4-13 18:19:49] Operation: Trigger.
[Debug] [2026-4-13 18:19:49] Log::Print : run
[Debug] [2026-4-13 18:19:49] Send RPC: 5.
[Debug] [2026-4-13 18:19:49] Send cmd [run:10003] OK
[Debug] [2026-4-13 18:20:06] Operation: Stop trigger.
[Debug] [2026-4-13 18:20:06] Log::Print : stop
[Debug] [2026-4-13 18:20:06] Send RPC: 6.
[Debug] [2026-4-13 18:20:06] Send cmd [stop:10010] OK
[Info] [2026-4-13 18:20:06] MsgOut: COMMAND[stop] execute successfully, takes 0.0 secs.
[Debug] [2026-4-13 18:20:06] COMMAND[stop] execute successfully, takes 0.0 secs.
[Error] [2026-4-13 18:20:06] Fail to exec trigger command.
[Warn] [2026-4-13 18:20:06] cmdid:10003 HandleWarnExec msg:Core 0 is stopped by user
[Debug] [2026-4-13 18:20:06] HandleErrorExec run Show Core:
[Debug] [2026-4-13 18:20:06] /******************** Core Information *************************/
[Debug] [2026-4-13 18:20:06] Core basic info: 
[Debug] [2026-4-13 18:20:06] 	Core version: 0x9001f003
[Debug] [2026-4-13 18:20:06] 	Index: 0
[Debug] [2026-4-13 18:20:06] 	Name: MyFLA0
[Debug] [2026-4-13 18:20:06] 	Core type: 
[Debug] [2026-4-13 18:20:06] 	Data same as trigger: true
[Debug] [2026-4-13 18:20:06] 	Storage qualification: false
[Debug] [2026-4-13 18:20:06] 	Max data depth: 200
[Debug] [2026-4-13 18:20:06] 	Sample data width: 2c
[Debug] [2026-4-13 18:20:06] 	Trigger sequencer level: 1
[Debug] [2026-4-13 18:20:06] 	Trigger output enabled: false
[Debug] [2026-4-13 18:20:06] 	Multi windows enabled: false
[Debug] [2026-4-13 18:20:06] 	Reset wave property status: false
[Debug] [2026-4-13 18:20:06] Core Property: 
[Debug] [2026-4-13 18:20:06] 	Core version: 0x9001f003
[Debug] [2026-4-13 18:20:06] 	Index: 0
[Debug] [2026-4-13 18:20:06] 	Core type: 
[Debug] [2026-4-13 18:20:06] 	Data same as trigger: true
[Debug] [2026-4-13 18:20:06] 	Storage qualification: false
[Debug] [2026-4-13 18:20:06] 	Trigger output enabled: false
[Debug] [2026-4-13 18:20:06] 	Multi windows enabled: false
[Debug] [2026-4-13 18:20:06] 	Max data depth: 200
[Debug] [2026-4-13 18:20:06] 	Sample data width: 2c
[Debug] [2026-4-13 18:20:06] 	Trigger sequencer level: 1
[Debug] [2026-4-13 18:20:06] 	Channel num		Match unit num		Match unit type		Counter width		Port is data
[Debug] [2026-4-13 18:20:06] 	Trigger port 0 : 	2c	1	1	0	true
[Debug] [2026-4-13 18:20:06] Signals Property: 
[Debug] [2026-4-13 18:20:06] 	Window num: 0
[Debug] [2026-4-13 18:20:06] 	Samples num in window: 0
[Debug] [2026-4-13 18:20:06] 	Trigger time in window: 0
[Debug] [2026-4-13 18:20:06] 	Samples num: 0
[Debug] [2026-4-13 18:20:06] 	Negative time: true
[Debug] [2026-4-13 18:20:06] 	Signal type: 0
[Debug] [2026-4-13 18:20:06] 	Total trigger position: 0
[Debug] [2026-4-13 18:20:06] Storage Style Property: 
[Debug] [2026-4-13 18:20:06] 	Style type: 0
[Debug] [2026-4-13 18:20:06] 	Windows num: 1
[Debug] [2026-4-13 18:20:06] 	Depth per window: 200
[Debug] [2026-4-13 18:20:06] 	Window position: 100
[Debug] [2026-4-13 18:20:06] 	Samples per trigger: 200
[Debug] [2026-4-13 18:20:06] 	Storage qualification: All Data
[Debug] [2026-4-13 18:20:06] Data Port: 
[Debug] [2026-4-13 18:20:06] 	Max depth: 0
[Debug] [2026-4-13 18:20:06] 	Depth: 0
[Debug] [2026-4-13 18:20:06] Trigger Port: 
[Debug] [2026-4-13 18:20:06] Trigger Port 0 :
[Debug] [2026-4-13 18:20:06] 	Port index: 0
[Debug] [2026-4-13 18:20:06] 	Match type: 1
[Debug] [2026-4-13 18:20:06] 	Counter width: 0
[Debug] [2026-4-13 18:20:06] 	Is data: true
[Debug] [2026-4-13 18:20:06] Match Unit: 
[Debug] [2026-4-13 18:20:06] Match Unit 0 :
[Debug] [2026-4-13 18:20:06] 	Trigger port index: 0
[Debug] [2026-4-13 18:20:06] 	Value: XXXXXXXXXX1XXXXXXXXXXXXXXXXXXXXXXXXXXXXXXXXX
[Debug] [2026-4-13 18:20:06] 	Index: 0
[Debug] [2026-4-13 18:20:06] 	Function: 0
[Debug] [2026-4-13 18:20:06] 	Radix: 
[Debug] [2026-4-13 18:20:06] 	Counter match event: 0
[Debug] [2026-4-13 18:20:06] 	Counter cycles: 1
[Debug] [2026-4-13 18:20:06] 	Trigger output enabled: true
[Debug] [2026-4-13 18:20:06] 	Range form : 00000000000000000000000000000000000000000000 to 00000000000000000000000000000000000000000000
[Debug] [2026-4-13 18:20:06] 	Is tp need deleted: false
[Debug] [2026-4-13 18:20:06] Bus: 
[Debug] [2026-4-13 18:20:06] Bus 0 :
[Debug] [2026-4-13 18:20:06] 	u_box_overlay_sync/gen_crop_fifo[0].ram_max_ptr
[Debug] [2026-4-13 18:20:06] Channel Index 0 :	Data Port: 0	Channel name: u_box_overlay_sync/gen_crop_fifo[0].ram_max_ptr[0]
[Debug] [2026-4-13 18:20:06] Channel Index 1 :	Data Port: 1	Channel name: u_box_overlay_sync/gen_crop_fifo[0].ram_max_ptr[1]
[Debug] [2026-4-13 18:20:06] Channel Index 2 :	Data Port: 2	Channel name: u_box_overlay_sync/gen_crop_fifo[0].ram_max_ptr[2]
[Debug] [2026-4-13 18:20:06] Channel Index 3 :	Data Port: 3	Channel name: u_box_overlay_sync/gen_crop_fifo[0].ram_max_ptr[3]
[Debug] [2026-4-13 18:20:06] Channel Index 4 :	Data Port: 4	Channel name: u_box_overlay_sync/gen_crop_fifo[0].ram_max_ptr[4]
[Debug] [2026-4-13 18:20:06] Channel Index 5 :	Data Port: 5	Channel name: u_box_overlay_sync/gen_crop_fifo[0].ram_max_ptr[5]
[Debug] [2026-4-13 18:20:06] Channel Index 6 :	Data Port: 6	Channel name: u_box_overlay_sync/gen_crop_fifo[0].ram_max_ptr[6]
[Debug] [2026-4-13 18:20:06] Channel Index 7 :	Data Port: 7	Channel name: u_box_overlay_sync/gen_crop_fifo[0].ram_max_ptr[7]
[Debug] [2026-4-13 18:20:06] Bus 1 :
[Debug] [2026-4-13 18:20:06] 	u_box_overlay_sync/gen_crop_fifo[0].ram_rd_ptr
[Debug] [2026-4-13 18:20:06] Channel Index 0 :	Data Port: 8	Channel name: u_box_overlay_sync/gen_crop_fifo[0].ram_rd_ptr[0]
[Debug] [2026-4-13 18:20:06] Channel Index 1 :	Data Port: 9	Channel name: u_box_overlay_sync/gen_crop_fifo[0].ram_rd_ptr[1]
[Debug] [2026-4-13 18:20:06] Channel Index 2 :	Data Port: a	Channel name: u_box_overlay_sync/gen_crop_fifo[0].ram_rd_ptr[2]
[Debug] [2026-4-13 18:20:06] Channel Index 3 :	Data Port: b	Channel name: u_box_overlay_sync/gen_crop_fifo[0].ram_rd_ptr[3]
[Debug] [2026-4-13 18:20:06] Channel Index 4 :	Data Port: c	Channel name: u_box_overlay_sync/gen_crop_fifo[0].ram_rd_ptr[4]
[Debug] [2026-4-13 18:20:06] Channel Index 5 :	Data Port: d	Channel name: u_box_overlay_sync/gen_crop_fifo[0].ram_rd_ptr[5]
[Debug] [2026-4-13 18:20:06] Channel Index 6 :	Data Port: e	Channel name: u_box_overlay_sync/gen_crop_fifo[0].ram_rd_ptr[6]
[Debug] [2026-4-13 18:20:06] Channel Index 7 :	Data Port: f	Channel name: u_box_overlay_sync/gen_crop_fifo[0].ram_rd_ptr[7]
[Debug] [2026-4-13 18:20:06] Bus 2 :
[Debug] [2026-4-13 18:20:06] 	u_box_overlay_sync/gen_crop_fifo[1].ram_max_ptr
[Debug] [2026-4-13 18:20:06] Channel Index 0 :	Data Port: 10	Channel name: u_box_overlay_sync/gen_crop_fifo[1].ram_max_ptr[0]
[Debug] [2026-4-13 18:20:06] Channel Index 1 :	Data Port: 11	Channel name: u_box_overlay_sync/gen_crop_fifo[1].ram_max_ptr[1]
[Debug] [2026-4-13 18:20:06] Channel Index 2 :	Data Port: 12	Channel name: u_box_overlay_sync/gen_crop_fifo[1].ram_max_ptr[2]
[Debug] [2026-4-13 18:20:06] Channel Index 3 :	Data Port: 13	Channel name: u_box_overlay_sync/gen_crop_fifo[1].ram_max_ptr[3]
[Debug] [2026-4-13 18:20:06] Channel Index 4 :	Data Port: 14	Channel name: u_box_overlay_sync/gen_crop_fifo[1].ram_max_ptr[4]
[Debug] [2026-4-13 18:20:06] Channel Index 5 :	Data Port: 15	Channel name: u_box_overlay_sync/gen_crop_fifo[1].ram_max_ptr[5]
[Debug] [2026-4-13 18:20:06] Channel Index 6 :	Data Port: 16	Channel name: u_box_overlay_sync/gen_crop_fifo[1].ram_max_ptr[6]
[Debug] [2026-4-13 18:20:06] Channel Index 7 :	Data Port: 17	Channel name: u_box_overlay_sync/gen_crop_fifo[1].ram_max_ptr[7]
[Debug] [2026-4-13 18:20:06] Bus 3 :
[Debug] [2026-4-13 18:20:06] 	u_box_overlay_sync/gen_crop_fifo[1].ram_rd_ptr
[Debug] [2026-4-13 18:20:06] Channel Index 0 :	Data Port: 18	Channel name: u_box_overlay_sync/gen_crop_fifo[1].ram_rd_ptr[0]
[Debug] [2026-4-13 18:20:06] Channel Index 1 :	Data Port: 19	Channel name: u_box_overlay_sync/gen_crop_fifo[1].ram_rd_ptr[1]
[Debug] [2026-4-13 18:20:06] Channel Index 2 :	Data Port: 1a	Channel name: u_box_overlay_sync/gen_crop_fifo[1].ram_rd_ptr[2]
[Debug] [2026-4-13 18:20:06] Channel Index 3 :	Data Port: 1b	Channel name: u_box_overlay_sync/gen_crop_fifo[1].ram_rd_ptr[3]
[Debug] [2026-4-13 18:20:06] Channel Index 4 :	Data Port: 1c	Channel name: u_box_overlay_sync/gen_crop_fifo[1].ram_rd_ptr[4]
[Debug] [2026-4-13 18:20:06] Channel Index 5 :	Data Port: 1d	Channel name: u_box_overlay_sync/gen_crop_fifo[1].ram_rd_ptr[5]
[Debug] [2026-4-13 18:20:06] Channel Index 6 :	Data Port: 1e	Channel name: u_box_overlay_sync/gen_crop_fifo[1].ram_rd_ptr[6]
[Debug] [2026-4-13 18:20:06] Channel Index 7 :	Data Port: 1f	Channel name: u_box_overlay_sync/gen_crop_fifo[1].ram_rd_ptr[7]
[Debug] [2026-4-13 18:20:06] Bus 4 :
[Debug] [2026-4-13 18:20:06] 	crop_wr_en
[Debug] [2026-4-13 18:20:06] Channel Index 0 :	Data Port: 20	Channel name: crop_wr_en[0]
[Debug] [2026-4-13 18:20:06] Channel Index 1 :	Data Port: 21	Channel name: crop_wr_en[1]
[Debug] [2026-4-13 18:20:06] Channel Index 2 :	Data Port: 22	Channel name: crop_wr_en[2]
[Debug] [2026-4-13 18:20:06] Channel Index 3 :	Data Port: 23	Channel name: crop_wr_en[3]
[Debug] [2026-4-13 18:20:06] Bus 5 :
[Debug] [2026-4-13 18:20:06] 	start_box_wr
[Debug] [2026-4-13 18:20:06] Channel Index 0 :	Data Port: 24	Channel name: start_box_wr[0]
[Debug] [2026-4-13 18:20:06] Channel Index 1 :	Data Port: 25	Channel name: start_box_wr[1]
[Debug] [2026-4-13 18:20:06] Channel Index 2 :	Data Port: 26	Channel name: start_box_wr[2]
[Debug] [2026-4-13 18:20:06] Channel Index 3 :	Data Port: 27	Channel name: start_box_wr[3]
[Debug] [2026-4-13 18:20:06] Bus 6 :
[Debug] [2026-4-13 18:20:06] 	end_box_wr
[Debug] [2026-4-13 18:20:06] Channel Index 0 :	Data Port: 28	Channel name: end_box_wr[0]
[Debug] [2026-4-13 18:20:06] Channel Index 1 :	Data Port: 29	Channel name: end_box_wr[1]
[Debug] [2026-4-13 18:20:06] Channel Index 2 :	Data Port: 2a	Channel name: end_box_wr[2]
[Debug] [2026-4-13 18:20:06] Channel Index 3 :	Data Port: 2b	Channel name: end_box_wr[3]
[Debug] [2026-4-13 18:20:06] Trigger Condition: 
[Debug] [2026-4-13 18:20:06] Trigger Condition 0 :
[Debug] [2026-4-13 18:20:06] 	Is active: true
[Debug] [2026-4-13 18:20:06] 	Name: TriggerCondition0
[Debug] [2026-4-13 18:20:06] 	Equation: TU0
[Debug] [2026-4-13 18:20:06] 	Output enable type: 0
[Debug] [2026-4-13 18:20:06] 	Trigger condition type: 0
[Debug] [2026-4-13 18:20:06] 	Use contiguous match event: false
[Debug] [2026-4-13 18:20:06] /**************************************************************/
[Warn] [2026-4-13 18:20:06] MsgOut: Core 0 is stopped by user
[Error] [2026-4-13 18:20:06] MsgOut: Debugger-0006: Command run exec unsuccessfully.
[Debug] [2026-4-13 18:20:08] Configure.
[Debug] [2026-4-13 18:20:10] Operation: Program.
[Debug] [2026-4-13 18:20:10] Log::Print : configure
[Debug] [2026-4-13 18:20:10] Send RPC: 7.
[Debug] [2026-4-13 18:20:10] Send cmd [configure:2712] OK
[Debug] [2026-4-13 18:20:11] The value is 6.
[Debug] [2026-4-13 18:20:11] The value is a.
[Debug] [2026-4-13 18:20:12] The value is f.
[Debug] [2026-4-13 18:20:12] The value is 14.
[Debug] [2026-4-13 18:20:13] The value is 19.
[Debug] [2026-4-13 18:20:13] The value is 1e.
[Debug] [2026-4-13 18:20:13] The value is 23.
[Debug] [2026-4-13 18:20:14] The value is 28.
[Debug] [2026-4-13 18:20:14] The value is 2d.
[Debug] [2026-4-13 18:20:14] The value is 32.
[Debug] [2026-4-13 18:20:15] The value is 37.
[Debug] [2026-4-13 18:20:15] The value is 3c.
[Debug] [2026-4-13 18:20:16] The value is 41.
[Debug] [2026-4-13 18:20:16] The value is 46.
[Debug] [2026-4-13 18:20:16] The value is 4b.
[Debug] [2026-4-13 18:20:17] The value is 50.
[Debug] [2026-4-13 18:20:17] The value is 55.
[Debug] [2026-4-13 18:20:18] The value is 5a.
[Debug] [2026-4-13 18:20:18] The value is 5f.
[Debug] [2026-4-13 18:20:18] The value is 64.
[Info] [2026-4-13 18:20:19] MsgOut: COMMAND[configure] execute successfully, takes 9.3 secs.
[Debug] [2026-4-13 18:20:19] COMMAND[configure] execute successfully, takes 9.3 secs.
[Warn] [2026-4-13 18:20:19] MsgOut: Debugger-4002: Core Parse: Trigger Port bus name:u_box_overlay_sync/gen_crop_fifo[0].ram_max_ptr exist, fail to import.
[Warn] [2026-4-13 18:20:19] MsgOut: Debugger-4002: Core Parse: Trigger Port bus name:u_box_overlay_sync/gen_crop_fifo[0].ram_rd_ptr exist, fail to import.
[Warn] [2026-4-13 18:20:19] MsgOut: Debugger-4002: Core Parse: Trigger Port bus name:u_box_overlay_sync/gen_crop_fifo[1].ram_max_ptr exist, fail to import.
[Warn] [2026-4-13 18:20:19] MsgOut: Debugger-4002: Core Parse: Trigger Port bus name:u_box_overlay_sync/gen_crop_fifo[1].ram_rd_ptr exist, fail to import.
[Warn] [2026-4-13 18:20:19] MsgOut: Debugger-4002: Core Parse: Trigger Port bus name:crop_wr_en exist, fail to import.
[Warn] [2026-4-13 18:20:19] MsgOut: Debugger-4002: Core Parse: Trigger Port bus name:start_box_wr exist, fail to import.
[Warn] [2026-4-13 18:20:19] MsgOut: Debugger-4002: Core Parse: Trigger Port bus name:end_box_wr exist, fail to import.
[Warn] [2026-4-13 18:20:19] MsgOut: Debugger-4002: Core Parse: Bus name:u_box_overlay_sync/gen_crop_fifo[0].ram_max_ptr exist, fail to import.
[Warn] [2026-4-13 18:20:19] MsgOut: Debugger-4002: Core Parse: Bus name:u_box_overlay_sync/gen_crop_fifo[0].ram_rd_ptr exist, fail to import.
[Warn] [2026-4-13 18:20:19] MsgOut: Debugger-4002: Core Parse: Bus name:u_box_overlay_sync/gen_crop_fifo[1].ram_max_ptr exist, fail to import.
[Warn] [2026-4-13 18:20:19] MsgOut: Debugger-4002: Core Parse: Bus name:u_box_overlay_sync/gen_crop_fifo[1].ram_rd_ptr exist, fail to import.
[Warn] [2026-4-13 18:20:19] MsgOut: Debugger-4002: Core Parse: Bus name:crop_wr_en exist, fail to import.
[Warn] [2026-4-13 18:20:19] MsgOut: Debugger-4002: Core Parse: Bus name:start_box_wr exist, fail to import.
[Warn] [2026-4-13 18:20:19] MsgOut: Debugger-4002: Core Parse: Bus name:end_box_wr exist, fail to import.
[Debug] [2026-4-13 18:20:19] Log::Print : Import Core: 0 OK
[Debug] [2026-4-13 18:20:38] Operation: Trigger.
[Debug] [2026-4-13 18:20:38] Log::Print : run
[Debug] [2026-4-13 18:20:38] Send RPC: 8.
[Debug] [2026-4-13 18:20:38] Send cmd [run:2713] OK
[Info] [2026-4-13 18:20:38] MsgOut: Core 0 trigger successful at Mon Apr 13 18:20:38 2026
[Debug] [2026-4-13 18:20:39] Operation: ZoomFit
[Debug] [2026-4-13 18:20:39] Finish.
[Debug] [2026-4-13 18:20:39] [BusValue] Opt:Flush.
[Debug] [2026-4-13 18:20:39] [BusValue] Opt:Update.
[Info] [2026-4-13 18:20:39] MsgOut: COMMAND[run] execute successfully, takes 1.1 secs.
[Debug] [2026-4-13 18:20:39] COMMAND[run] execute successfully, takes 1.1 secs.
[Debug] [2026-4-13 18:20:49] Operation: ZoomFull
[Debug] [2026-4-13 18:20:49] Finish.
[Debug] [2026-4-13 18:20:49] Operation: Zoom in.
[Debug] [2026-4-13 18:20:49] Finish.
[Debug] [2026-4-13 18:20:49] Operation: Zoom in.
[Debug] [2026-4-13 18:20:49] Finish.
[Debug] [2026-4-13 18:20:49] Operation: Zoom in.
[Debug] [2026-4-13 18:20:49] Finish.
[Debug] [2026-4-13 18:20:50] Operation: Zoom in.
[Debug] [2026-4-13 18:20:50] Finish.
[Debug] [2026-4-13 18:20:50] Operation: Zoom in.
[Debug] [2026-4-13 18:20:50] Finish.
[Debug] [2026-4-13 18:20:50] Operation: Zoom in.
[Debug] [2026-4-13 18:20:50] Finish.
[Debug] [2026-4-13 18:20:50] Operation: ZoomOut
[Debug] [2026-4-13 18:20:50] Finish.
[Debug] [2026-4-13 18:20:50] Operation: ZoomOut
[Debug] [2026-4-13 18:20:50] Finish.
[Debug] [2026-4-13 18:20:50] Operation: ZoomOut
[Debug] [2026-4-13 18:20:50] Finish.
[Debug] [2026-4-13 18:20:51] Operation: ZoomOut
[Debug] [2026-4-13 18:20:51] Finish.
[Debug] [2026-4-13 18:20:51] Operation: ZoomOut
[Debug] [2026-4-13 18:20:51] Finish.
[Debug] [2026-4-13 18:20:51] Operation: ZoomOut
[Debug] [2026-4-13 18:20:51] Finish.
[Debug] [2026-4-13 18:20:51] Operation: ZoomOut
[Debug] [2026-4-13 18:20:51] Operation: ZoomOut
[Debug] [2026-4-13 18:20:51] Operation: ZoomOut
[Debug] [2026-4-13 18:20:51] Operation: ZoomOut
[Debug] [2026-4-13 18:20:51] Operation: ZoomOut
[Debug] [2026-4-13 18:20:51] Operation: ZoomOut
[Debug] [2026-4-13 18:20:51] Operation: ZoomOut
[Debug] [2026-4-13 18:20:51] Operation: ZoomOut
[Debug] [2026-4-13 18:20:52] Operation: Zoom in.
[Debug] [2026-4-13 18:20:52] Finish.
[Debug] [2026-4-13 18:20:52] Operation: Zoom in.
[Debug] [2026-4-13 18:20:52] Finish.
[Debug] [2026-4-13 18:20:53] Operation: Zoom in.
[Debug] [2026-4-13 18:20:53] Finish.
[Debug] [2026-4-13 18:20:53] Operation: Zoom in.
[Debug] [2026-4-13 18:20:53] Finish.
[Debug] [2026-4-13 18:20:53] Operation: Zoom in.
[Debug] [2026-4-13 18:20:53] Finish.
[Debug] [2026-4-13 18:20:54] Operation: Trigger.
[Debug] [2026-4-13 18:20:54] Log::Print : run
[Debug] [2026-4-13 18:20:54] Send RPC: 9.
[Debug] [2026-4-13 18:20:54] Send cmd [run:2713] OK
[Info] [2026-4-13 18:20:56] MsgOut: Core 0 trigger successful at Mon Apr 13 18:20:56 2026
[Debug] [2026-4-13 18:20:57] Operation: ZoomFit
[Debug] [2026-4-13 18:20:57] Finish.
[Debug] [2026-4-13 18:20:57] [BusValue] Opt:Flush.
[Debug] [2026-4-13 18:20:57] [BusValue] Opt:Update.
[Info] [2026-4-13 18:20:57] MsgOut: COMMAND[run] execute successfully, takes 2.1 secs.
[Debug] [2026-4-13 18:20:57] COMMAND[run] execute successfully, takes 2.1 secs.
[Debug] [2026-4-13 18:21:01] Operation: Trigger.
[Debug] [2026-4-13 18:21:01] Log::Print : run
[Debug] [2026-4-13 18:21:01] Send RPC: a.
[Debug] [2026-4-13 18:21:01] Send cmd [run:2713] OK
[Info] [2026-4-13 18:21:01] MsgOut: Core 0 trigger successful at Mon Apr 13 18:21:01 2026
[Debug] [2026-4-13 18:21:02] Operation: ZoomFit
[Debug] [2026-4-13 18:21:02] Finish.
[Debug] [2026-4-13 18:21:02] [BusValue] Opt:Flush.
[Debug] [2026-4-13 18:21:02] [BusValue] Opt:Update.
[Info] [2026-4-13 18:21:02] MsgOut: COMMAND[run] execute successfully, takes 1.1 secs.
[Debug] [2026-4-13 18:21:02] COMMAND[run] execute successfully, takes 1.1 secs.
[Debug] [2026-4-13 18:21:02] Operation: ZoomOut
[Debug] [2026-4-13 18:21:02] Finish.
[Debug] [2026-4-13 18:21:02] Operation: ZoomOut
[Debug] [2026-4-13 18:21:02] Finish.
[Debug] [2026-4-13 18:21:02] Operation: ZoomOut
[Debug] [2026-4-13 18:21:02] Finish.
[Debug] [2026-4-13 18:21:02] Operation: ZoomOut
[Debug] [2026-4-13 18:21:03] Finish.
[Debug] [2026-4-13 18:21:03] Operation: ZoomOut
[Debug] [2026-4-13 18:21:03] Finish.
[Debug] [2026-4-13 18:21:03] Operation: ZoomOut
[Debug] [2026-4-13 18:21:03] Operation: ZoomOut
[Debug] [2026-4-13 18:21:07] Operation: Zoom in.
[Debug] [2026-4-13 18:21:07] Finish.
[Debug] [2026-4-13 18:21:07] Operation: Zoom in.
[Debug] [2026-4-13 18:21:07] Finish.
[Debug] [2026-4-13 18:21:18] Operation: Trigger.
[Debug] [2026-4-13 18:21:18] Log::Print : run
[Debug] [2026-4-13 18:21:18] Send RPC: b.
[Debug] [2026-4-13 18:21:18] Send cmd [run:2713] OK
[Info] [2026-4-13 18:21:19] MsgOut: Core 0 trigger successful at Mon Apr 13 18:21:19 2026
[Debug] [2026-4-13 18:21:20] Operation: ZoomFit
[Debug] [2026-4-13 18:21:20] Finish.
[Debug] [2026-4-13 18:21:20] [BusValue] Opt:Flush.
[Debug] [2026-4-13 18:21:20] [BusValue] Opt:Update.
[Info] [2026-4-13 18:21:20] MsgOut: COMMAND[run] execute successfully, takes 1.1 secs.
[Debug] [2026-4-13 18:21:20] COMMAND[run] execute successfully, takes 1.1 secs.
[Debug] [2026-4-13 18:21:20] Operation: ZoomOut
[Debug] [2026-4-13 18:21:20] Finish.
[Debug] [2026-4-13 18:21:20] Operation: ZoomOut
[Debug] [2026-4-13 18:21:20] Finish.
[Debug] [2026-4-13 18:21:20] Operation: ZoomOut
[Debug] [2026-4-13 18:21:20] Operation: ZoomOut
[Debug] [2026-4-13 18:21:21] Operation: ZoomOut
[Debug] [2026-4-13 18:21:29] Operation: Zoom in.
[Debug] [2026-4-13 18:21:29] Finish.
[Debug] [2026-4-13 18:21:29] Operation: Zoom in.
[Debug] [2026-4-13 18:21:29] Finish.
[Debug] [2026-4-13 18:21:32] Operation: Zoom in.
[Debug] [2026-4-13 18:21:32] Finish.
[Debug] [2026-4-13 18:21:32] Operation: Zoom in.
[Debug] [2026-4-13 18:21:32] Finish.
[Debug] [2026-4-13 18:21:32] Operation: Zoom in.
[Debug] [2026-4-13 18:21:32] Finish.
[Debug] [2026-4-13 18:21:33] Operation: Zoom in.
[Debug] [2026-4-13 18:21:33] Finish.
[Debug] [2026-4-13 18:21:33] Operation: Zoom in.
[Debug] [2026-4-13 18:21:33] Finish.
[Debug] [2026-4-13 18:21:34] Operation: ZoomOut
[Debug] [2026-4-13 18:21:34] Finish.
[Debug] [2026-4-13 18:21:36] Operation: ZoomOut
[Debug] [2026-4-13 18:21:36] Finish.
[Debug] [2026-4-13 18:21:36] Operation: ZoomOut
[Debug] [2026-4-13 18:21:36] Finish.
[Debug] [2026-4-13 18:21:37] Operation: ZoomOut
[Debug] [2026-4-13 18:21:37] Finish.
[Debug] [2026-4-13 18:21:37] Operation: ZoomOut
[Debug] [2026-4-13 18:21:37] Finish.
[Debug] [2026-4-13 18:21:37] Operation: ZoomOut
[Debug] [2026-4-13 18:21:37] Finish.
[Debug] [2026-4-13 18:21:37] Operation: ZoomOut
[Debug] [2026-4-13 18:21:37] Finish.
[Debug] [2026-4-13 18:21:37] Operation: ZoomOut
[Debug] [2026-4-13 18:21:38] Operation: Zoom in.
[Debug] [2026-4-13 18:21:38] Finish.
[Debug] [2026-4-13 18:21:38] Operation: Zoom in.
[Debug] [2026-4-13 18:21:38] Finish.
[Debug] [2026-4-13 18:21:39] Operation: Zoom in.
[Debug] [2026-4-13 18:21:39] Finish.
[Debug] [2026-4-13 18:21:39] Operation: Zoom in.
[Debug] [2026-4-13 18:21:39] Finish.
[Debug] [2026-4-13 18:21:41] Operation: ZoomOut
[Debug] [2026-4-13 18:21:41] Finish.
[Debug] [2026-4-13 18:21:41] Operation: ZoomOut
[Debug] [2026-4-13 18:21:41] Finish.
[Debug] [2026-4-13 18:21:41] Operation: ZoomOut
[Debug] [2026-4-13 18:21:41] Finish.
[Debug] [2026-4-13 18:21:41] Operation: ZoomOut
[Debug] [2026-4-13 18:21:41] Finish.
[Debug] [2026-4-13 18:21:41] Operation: ZoomOut
[Debug] [2026-4-13 18:21:41] Operation: ZoomOut
[Debug] [2026-4-13 18:21:41] Operation: ZoomOut
[Debug] [2026-4-13 18:22:22] Operation: Zoom in.
[Debug] [2026-4-13 18:22:22] Finish.
[Debug] [2026-4-13 18:22:22] Operation: Zoom in.
[Debug] [2026-4-13 18:22:22] Finish.
[Debug] [2026-4-13 18:22:22] Operation: ZoomOut
[Debug] [2026-4-13 18:22:22] Finish.
[Debug] [2026-4-13 18:22:22] Operation: Zoom in.
[Debug] [2026-4-13 18:22:22] Finish.
[Debug] [2026-4-13 18:22:23] Operation: Zoom in.
[Debug] [2026-4-13 18:22:23] Finish.
[Debug] [2026-4-13 18:22:29] Operation: Zoom in.
[Debug] [2026-4-13 18:22:29] Finish.
[Debug] [2026-4-13 18:22:29] Operation: Zoom in.
[Debug] [2026-4-13 18:22:29] Finish.
[Debug] [2026-4-13 18:22:29] Operation: Zoom in.
[Debug] [2026-4-13 18:22:29] Finish.
[Debug] [2026-4-13 18:22:29] Operation: ZoomOut
[Debug] [2026-4-13 18:22:29] Finish.
[Debug] [2026-4-13 18:22:29] Operation: ZoomOut
[Debug] [2026-4-13 18:22:29] Finish.
[Debug] [2026-4-13 18:22:30] Operation: Zoom in.
[Debug] [2026-4-13 18:22:30] Finish.
[Debug] [2026-4-13 18:22:34] Operation: ZoomOut
[Debug] [2026-4-13 18:22:34] Finish.
[Debug] [2026-4-13 18:22:34] Operation: ZoomOut
[Debug] [2026-4-13 18:22:34] Finish.
[Debug] [2026-4-13 18:22:34] Operation: ZoomOut
[Debug] [2026-4-13 18:22:34] Finish.
[Debug] [2026-4-13 18:22:34] Operation: ZoomOut
[Debug] [2026-4-13 18:22:34] Finish.
[Debug] [2026-4-13 18:22:35] Operation: ZoomOut
[Debug] [2026-4-13 18:22:35] Finish.
[Debug] [2026-4-13 18:22:35] Operation: ZoomOut
[Debug] [2026-4-13 18:22:35] Operation: ZoomOut
[Debug] [2026-4-13 18:22:36] Operation: Zoom in.
[Debug] [2026-4-13 18:22:36] Finish.
[Debug] [2026-4-13 18:22:36] Operation: Zoom in.
[Debug] [2026-4-13 18:22:36] Finish.
[Debug] [2026-4-13 18:22:36] Operation: Zoom in.
[Debug] [2026-4-13 18:22:36] Finish.
[Debug] [2026-4-13 18:22:36] Operation: Zoom in.
[Debug] [2026-4-13 18:22:36] Finish.
[Debug] [2026-4-13 18:22:37] Operation: Zoom in.
[Debug] [2026-4-13 18:22:37] Finish.
[Debug] [2026-4-13 18:22:37] Operation: Zoom in.
[Debug] [2026-4-13 18:22:37] Finish.
[Debug] [2026-4-13 18:22:48] Operation: ZoomOut
[Debug] [2026-4-13 18:22:48] Finish.
[Debug] [2026-4-13 18:22:48] Operation: ZoomOut
[Debug] [2026-4-13 18:22:48] Finish.
[Debug] [2026-4-13 18:22:48] Operation: ZoomOut
[Debug] [2026-4-13 18:22:48] Finish.
[Debug] [2026-4-13 18:22:48] Operation: ZoomOut
[Debug] [2026-4-13 18:22:48] Finish.
[Debug] [2026-4-13 18:22:48] Operation: ZoomOut
[Debug] [2026-4-13 18:22:48] Finish.
[Debug] [2026-4-13 18:22:48] Operation: ZoomOut
[Debug] [2026-4-13 18:22:48] Finish.
[Debug] [2026-4-13 18:22:49] Operation: ZoomOut
[Debug] [2026-4-13 18:22:49] Operation: ZoomOut
[Debug] [2026-4-13 18:22:49] Operation: ZoomOut
[Debug] [2026-4-13 18:22:49] Operation: ZoomOut
[Debug] [2026-4-13 18:23:15] Configure.
[Debug] [2026-4-13 18:23:17] Operation: Program.
[Debug] [2026-4-13 18:23:17] Log::Print : configure
[Debug] [2026-4-13 18:23:17] Send RPC: c.
[Debug] [2026-4-13 18:23:17] Send cmd [configure:2712] OK
[Debug] [2026-4-13 18:23:18] The value is 6.
[Debug] [2026-4-13 18:23:18] The value is a.
[Debug] [2026-4-13 18:23:19] The value is f.
[Debug] [2026-4-13 18:23:19] The value is 14.
[Debug] [2026-4-13 18:23:20] The value is 19.
[Debug] [2026-4-13 18:23:20] The value is 1e.
[Debug] [2026-4-13 18:23:20] The value is 23.
[Debug] [2026-4-13 18:23:21] The value is 28.
[Debug] [2026-4-13 18:23:21] The value is 2d.
[Debug] [2026-4-13 18:23:21] The value is 32.
[Debug] [2026-4-13 18:23:22] The value is 37.
[Debug] [2026-4-13 18:23:22] The value is 3c.
[Debug] [2026-4-13 18:23:23] The value is 41.
[Debug] [2026-4-13 18:23:23] The value is 46.
[Debug] [2026-4-13 18:23:23] The value is 4b.
[Debug] [2026-4-13 18:23:24] The value is 50.
[Debug] [2026-4-13 18:23:24] The value is 55.
[Debug] [2026-4-13 18:23:25] The value is 5a.
[Debug] [2026-4-13 18:23:25] The value is 5f.
[Debug] [2026-4-13 18:23:25] The value is 64.
[Info] [2026-4-13 18:23:27] MsgOut: COMMAND[configure] execute successfully, takes 9.4 secs.
[Debug] [2026-4-13 18:23:27] COMMAND[configure] execute successfully, takes 9.4 secs.
[Warn] [2026-4-13 18:23:27] MsgOut: Debugger-4002: Core Parse: Trigger Port bus name:u_box_overlay_sync/gen_crop_fifo[0].ram_max_ptr exist, fail to import.
[Warn] [2026-4-13 18:23:27] MsgOut: Debugger-4002: Core Parse: Trigger Port bus name:u_box_overlay_sync/gen_crop_fifo[0].ram_rd_ptr exist, fail to import.
[Warn] [2026-4-13 18:23:27] MsgOut: Debugger-4002: Core Parse: Trigger Port bus name:u_box_overlay_sync/gen_crop_fifo[1].ram_max_ptr exist, fail to import.
[Warn] [2026-4-13 18:23:27] MsgOut: Debugger-4002: Core Parse: Trigger Port bus name:u_box_overlay_sync/gen_crop_fifo[1].ram_rd_ptr exist, fail to import.
[Warn] [2026-4-13 18:23:27] MsgOut: Debugger-4002: Core Parse: Trigger Port bus name:crop_wr_en exist, fail to import.
[Warn] [2026-4-13 18:23:27] MsgOut: Debugger-4002: Core Parse: Trigger Port bus name:start_box_wr exist, fail to import.
[Warn] [2026-4-13 18:23:27] MsgOut: Debugger-4002: Core Parse: Trigger Port bus name:end_box_wr exist, fail to import.
[Warn] [2026-4-13 18:23:27] MsgOut: Debugger-4002: Core Parse: Bus name:u_box_overlay_sync/gen_crop_fifo[0].ram_max_ptr exist, fail to import.
[Warn] [2026-4-13 18:23:27] MsgOut: Debugger-4002: Core Parse: Bus name:u_box_overlay_sync/gen_crop_fifo[0].ram_rd_ptr exist, fail to import.
[Warn] [2026-4-13 18:23:27] MsgOut: Debugger-4002: Core Parse: Bus name:u_box_overlay_sync/gen_crop_fifo[1].ram_max_ptr exist, fail to import.
[Warn] [2026-4-13 18:23:27] MsgOut: Debugger-4002: Core Parse: Bus name:u_box_overlay_sync/gen_crop_fifo[1].ram_rd_ptr exist, fail to import.
[Warn] [2026-4-13 18:23:27] MsgOut: Debugger-4002: Core Parse: Bus name:crop_wr_en exist, fail to import.
[Warn] [2026-4-13 18:23:27] MsgOut: Debugger-4002: Core Parse: Bus name:start_box_wr exist, fail to import.
[Warn] [2026-4-13 18:23:27] MsgOut: Debugger-4002: Core Parse: Bus name:end_box_wr exist, fail to import.
[Debug] [2026-4-13 18:23:27] Log::Print : Import Core: 0 OK
[Debug] [2026-4-13 18:23:38] Configure.
[Debug] [2026-4-13 18:23:42] Operation: Program.
[Debug] [2026-4-13 18:23:42] Log::Print : configure
[Debug] [2026-4-13 18:23:42] Send RPC: d.
[Debug] [2026-4-13 18:23:42] Send cmd [configure:2712] OK
[Debug] [2026-4-13 18:23:43] The value is 6.
[Debug] [2026-4-13 18:23:44] The value is a.
[Debug] [2026-4-13 18:23:44] The value is f.
[Debug] [2026-4-13 18:23:44] The value is 14.
[Debug] [2026-4-13 18:23:45] The value is 19.
[Debug] [2026-4-13 18:23:45] The value is 1e.
[Debug] [2026-4-13 18:23:45] The value is 23.
[Debug] [2026-4-13 18:23:46] The value is 28.
[Debug] [2026-4-13 18:23:46] The value is 2d.
[Debug] [2026-4-13 18:23:47] The value is 32.
[Debug] [2026-4-13 18:23:47] The value is 37.
[Debug] [2026-4-13 18:23:47] The value is 3c.
[Debug] [2026-4-13 18:23:48] The value is 41.
[Debug] [2026-4-13 18:23:48] The value is 46.
[Debug] [2026-4-13 18:23:49] The value is 4b.
[Debug] [2026-4-13 18:23:49] The value is 50.
[Debug] [2026-4-13 18:23:49] The value is 55.
[Debug] [2026-4-13 18:23:50] The value is 5a.
[Debug] [2026-4-13 18:23:50] The value is 5f.
[Debug] [2026-4-13 18:23:50] The value is 64.
[Info] [2026-4-13 18:23:52] MsgOut: COMMAND[configure] execute successfully, takes 9.2 secs.
[Debug] [2026-4-13 18:23:52] COMMAND[configure] execute successfully, takes 9.2 secs.
[Warn] [2026-4-13 18:23:52] MsgOut: Debugger-4002: Core Parse: Trigger Port bus name:u_box_overlay_sync/gen_crop_fifo[0].ram_max_ptr exist, fail to import.
[Warn] [2026-4-13 18:23:52] MsgOut: Debugger-4002: Core Parse: Trigger Port bus name:u_box_overlay_sync/gen_crop_fifo[0].ram_rd_ptr exist, fail to import.
[Warn] [2026-4-13 18:23:52] MsgOut: Debugger-4002: Core Parse: Trigger Port bus name:u_box_overlay_sync/gen_crop_fifo[1].ram_max_ptr exist, fail to import.
[Warn] [2026-4-13 18:23:52] MsgOut: Debugger-4002: Core Parse: Trigger Port bus name:u_box_overlay_sync/gen_crop_fifo[1].ram_rd_ptr exist, fail to import.
[Warn] [2026-4-13 18:23:52] MsgOut: Debugger-4002: Core Parse: Trigger Port bus name:crop_wr_en exist, fail to import.
[Warn] [2026-4-13 18:23:52] MsgOut: Debugger-4002: Core Parse: Trigger Port bus name:start_box_wr exist, fail to import.
[Warn] [2026-4-13 18:23:52] MsgOut: Debugger-4002: Core Parse: Trigger Port bus name:end_box_wr exist, fail to import.
[Warn] [2026-4-13 18:23:52] MsgOut: Debugger-4002: Core Parse: Bus name:u_box_overlay_sync/gen_crop_fifo[0].ram_max_ptr exist, fail to import.
[Warn] [2026-4-13 18:23:52] MsgOut: Debugger-4002: Core Parse: Bus name:u_box_overlay_sync/gen_crop_fifo[0].ram_rd_ptr exist, fail to import.
[Warn] [2026-4-13 18:23:52] MsgOut: Debugger-4002: Core Parse: Bus name:u_box_overlay_sync/gen_crop_fifo[1].ram_max_ptr exist, fail to import.
[Warn] [2026-4-13 18:23:52] MsgOut: Debugger-4002: Core Parse: Bus name:u_box_overlay_sync/gen_crop_fifo[1].ram_rd_ptr exist, fail to import.
[Warn] [2026-4-13 18:23:52] MsgOut: Debugger-4002: Core Parse: Bus name:crop_wr_en exist, fail to import.
[Warn] [2026-4-13 18:23:52] MsgOut: Debugger-4002: Core Parse: Bus name:start_box_wr exist, fail to import.
[Warn] [2026-4-13 18:23:52] MsgOut: Debugger-4002: Core Parse: Bus name:end_box_wr exist, fail to import.
[Debug] [2026-4-13 18:23:52] Log::Print : Import Core: 0 OK
[Debug] [2026-4-13 18:23:56] Operation: Trigger.
[Debug] [2026-4-13 18:23:56] Log::Print : run
[Debug] [2026-4-13 18:23:56] Send RPC: e.
[Debug] [2026-4-13 18:23:56] Send cmd [run:2713] OK
[Info] [2026-4-13 18:23:57] MsgOut: Core 0 trigger successful at Mon Apr 13 18:23:57 2026
[Debug] [2026-4-13 18:23:57] Operation: ZoomFit
[Debug] [2026-4-13 18:23:57] Finish.
[Debug] [2026-4-13 18:23:57] [BusValue] Opt:Flush.
[Debug] [2026-4-13 18:23:57] [BusValue] Opt:Update.
[Info] [2026-4-13 18:23:57] MsgOut: COMMAND[run] execute successfully, takes 1.0 secs.
[Debug] [2026-4-13 18:23:57] COMMAND[run] execute successfully, takes 1.0 secs.
[Debug] [2026-4-13 18:24:05] Operation: ZoomOut
[Debug] [2026-4-13 18:24:05] Operation: ZoomOut
[Debug] [2026-4-13 18:24:05] Operation: ZoomOut
[Debug] [2026-4-13 18:24:11] Operation: Go to X cursor.
[Debug] [2026-4-13 18:24:11] Finish.
[Debug] [2026-4-13 18:24:11] Operation: Zoom in.
[Debug] [2026-4-13 18:24:11] Finish.
[Debug] [2026-4-13 18:24:11] Operation: Zoom in.
[Debug] [2026-4-13 18:24:11] Finish.
[Debug] [2026-4-13 18:24:12] Operation: Zoom in.
[Debug] [2026-4-13 18:24:12] Finish.
[Debug] [2026-4-13 18:24:12] Operation: Zoom in.
[Debug] [2026-4-13 18:24:12] Finish.
[Debug] [2026-4-13 18:24:12] Operation: Zoom in.
[Debug] [2026-4-13 18:24:12] Finish.
[Debug] [2026-4-13 18:24:12] Operation: ZoomOut
[Debug] [2026-4-13 18:24:12] Finish.
[Debug] [2026-4-13 18:24:13] Operation: ZoomOut
[Debug] [2026-4-13 18:24:13] Finish.
[Debug] [2026-4-13 18:24:13] Operation: ZoomOut
[Debug] [2026-4-13 18:24:13] Finish.
[Debug] [2026-4-13 18:24:13] Operation: ZoomOut
[Debug] [2026-4-13 18:24:13] Finish.
[Debug] [2026-4-13 18:24:13] Operation: ZoomOut
[Debug] [2026-4-13 18:24:13] Finish.
[Debug] [2026-4-13 18:24:13] Operation: ZoomOut
[Debug] [2026-4-13 18:24:13] Operation: ZoomOut
[Debug] [2026-4-13 18:24:13] Operation: ZoomOut
[Debug] [2026-4-13 18:24:13] Operation: ZoomOut
[Debug] [2026-4-13 18:24:13] Operation: ZoomOut
[Debug] [2026-4-13 18:24:13] Operation: ZoomOut
[Debug] [2026-4-13 18:24:13] Operation: ZoomOut
[Debug] [2026-4-13 18:24:13] Operation: ZoomOut
[Debug] [2026-4-13 18:24:17] Operation: Trigger.
[Debug] [2026-4-13 18:24:17] Log::Print : run
[Debug] [2026-4-13 18:24:17] Send RPC: f.
[Debug] [2026-4-13 18:24:17] Send cmd [run:2713] OK
[Info] [2026-4-13 18:24:18] MsgOut: Core 0 trigger successful at Mon Apr 13 18:24:18 2026
[Debug] [2026-4-13 18:24:18] Operation: ZoomFit
[Debug] [2026-4-13 18:24:18] Finish.
[Debug] [2026-4-13 18:24:18] [BusValue] Opt:Flush.
[Debug] [2026-4-13 18:24:18] [BusValue] Opt:Update.
[Info] [2026-4-13 18:24:18] MsgOut: COMMAND[run] execute successfully, takes 1.1 secs.
[Debug] [2026-4-13 18:24:18] COMMAND[run] execute successfully, takes 1.1 secs.
[Debug] [2026-4-13 18:24:21] Operation: Trigger.
[Debug] [2026-4-13 18:24:21] Log::Print : run
[Debug] [2026-4-13 18:24:21] Send RPC: 10.
[Debug] [2026-4-13 18:24:21] Send cmd [run:2713] OK
[Info] [2026-4-13 18:24:21] MsgOut: Core 0 trigger successful at Mon Apr 13 18:24:21 2026
[Debug] [2026-4-13 18:24:22] Operation: ZoomFit
[Debug] [2026-4-13 18:24:22] Finish.
[Debug] [2026-4-13 18:24:22] [BusValue] Opt:Flush.
[Debug] [2026-4-13 18:24:22] [BusValue] Opt:Update.
[Info] [2026-4-13 18:24:22] MsgOut: COMMAND[run] execute successfully, takes 1.0 secs.
[Debug] [2026-4-13 18:24:22] COMMAND[run] execute successfully, takes 1.0 secs.
[Debug] [2026-4-13 18:24:36] Operation: Trigger.
[Debug] [2026-4-13 18:24:36] Log::Print : run
[Debug] [2026-4-13 18:24:36] Send RPC: 11.
[Debug] [2026-4-13 18:24:36] Send cmd [run:2713] OK
[Info] [2026-4-13 18:24:37] MsgOut: Core 0 trigger successful at Mon Apr 13 18:24:37 2026
[Debug] [2026-4-13 18:24:37] Operation: ZoomFit
[Debug] [2026-4-13 18:24:37] Finish.
[Debug] [2026-4-13 18:24:37] [BusValue] Opt:Flush.
[Debug] [2026-4-13 18:24:37] [BusValue] Opt:Update.
[Info] [2026-4-13 18:24:37] MsgOut: COMMAND[run] execute successfully, takes 1.1 secs.
[Debug] [2026-4-13 18:24:37] COMMAND[run] execute successfully, takes 1.1 secs.
[Debug] [2026-4-13 18:25:18] Operation: Trigger.
[Debug] [2026-4-13 18:25:18] Log::Print : run
[Debug] [2026-4-13 18:25:18] Send RPC: 12.
[Debug] [2026-4-13 18:25:18] Send cmd [run:2713] OK
[Info] [2026-4-13 18:25:19] MsgOut: Core 0 trigger successful at Mon Apr 13 18:25:19 2026
[Debug] [2026-4-13 18:25:19] Operation: ZoomFit
[Debug] [2026-4-13 18:25:19] Finish.
[Debug] [2026-4-13 18:25:19] [BusValue] Opt:Flush.
[Debug] [2026-4-13 18:25:19] [BusValue] Opt:Update.
[Info] [2026-4-13 18:25:19] MsgOut: COMMAND[run] execute successfully, takes 1.1 secs.
[Debug] [2026-4-13 18:25:19] COMMAND[run] execute successfully, takes 1.1 secs.
[Debug] [2026-4-13 18:25:27] Operation: Zoom in.
[Debug] [2026-4-13 18:25:27] Finish.
[Debug] [2026-4-13 18:25:27] Operation: Zoom in.
[Debug] [2026-4-13 18:25:27] Finish.
[Debug] [2026-4-13 18:25:27] Operation: Zoom in.
[Debug] [2026-4-13 18:25:27] Finish.
[Debug] [2026-4-13 18:25:27] Operation: ZoomOut
[Debug] [2026-4-13 18:25:27] Finish.
[Debug] [2026-4-13 18:25:27] Operation: ZoomOut
[Debug] [2026-4-13 18:25:27] Finish.
[Debug] [2026-4-13 18:25:28] Operation: ZoomOut
[Debug] [2026-4-13 18:25:28] Finish.
[Debug] [2026-4-13 18:25:28] Operation: ZoomOut
[Debug] [2026-4-13 18:25:28] Finish.
[Debug] [2026-4-13 18:25:30] Operation: Zoom in.
[Debug] [2026-4-13 18:25:30] Finish.
[Debug] [2026-4-13 18:25:30] Operation: Zoom in.
[Debug] [2026-4-13 18:25:30] Finish.
[Debug] [2026-4-13 18:25:31] Operation: Zoom in.
[Debug] [2026-4-13 18:25:31] Finish.
[Debug] [2026-4-13 18:25:31] Operation: Zoom in.
[Debug] [2026-4-13 18:25:31] Finish.
[Debug] [2026-4-13 18:25:34] Operation: ZoomOut
[Debug] [2026-4-13 18:25:34] Finish.
[Debug] [2026-4-13 18:25:34] Operation: ZoomOut
[Debug] [2026-4-13 18:25:34] Finish.
[Debug] [2026-4-13 18:25:34] Operation: ZoomOut
[Debug] [2026-4-13 18:25:34] Finish.
[Debug] [2026-4-13 18:25:35] Operation: ZoomOut
[Debug] [2026-4-13 18:25:35] Finish.
[Debug] [2026-4-13 18:25:35] Operation: ZoomOut
[Debug] [2026-4-13 18:25:41] Operation: Trigger.
[Debug] [2026-4-13 18:25:41] Log::Print : run
[Debug] [2026-4-13 18:25:41] Send RPC: 13.
[Debug] [2026-4-13 18:25:41] Send cmd [run:2713] OK
[Info] [2026-4-13 18:25:41] MsgOut: Core 0 trigger successful at Mon Apr 13 18:25:41 2026
[Debug] [2026-4-13 18:25:42] Operation: ZoomFit
[Debug] [2026-4-13 18:25:42] Finish.
[Debug] [2026-4-13 18:25:42] [BusValue] Opt:Flush.
[Debug] [2026-4-13 18:25:42] [BusValue] Opt:Update.
[Info] [2026-4-13 18:25:42] MsgOut: COMMAND[run] execute successfully, takes 1.0 secs.
[Debug] [2026-4-13 18:25:42] COMMAND[run] execute successfully, takes 1.0 secs.
[Debug] [2026-4-13 18:25:44] Operation: Zoom in.
[Debug] [2026-4-13 18:25:44] Finish.
[Debug] [2026-4-13 18:25:44] Operation: Zoom in.
[Debug] [2026-4-13 18:25:44] Finish.
[Debug] [2026-4-13 18:25:45] Operation: Zoom in.
[Debug] [2026-4-13 18:25:45] Finish.
[Debug] [2026-4-13 18:25:45] Operation: ZoomOut
[Debug] [2026-4-13 18:25:45] Finish.
[Debug] [2026-4-13 18:26:14] Operation: Trigger.
[Debug] [2026-4-13 18:26:14] Log::Print : run
[Debug] [2026-4-13 18:26:14] Send RPC: 14.
[Debug] [2026-4-13 18:26:14] Send cmd [run:2713] OK
[Info] [2026-4-13 18:26:15] MsgOut: Core 0 trigger successful at Mon Apr 13 18:26:15 2026
[Debug] [2026-4-13 18:26:15] Operation: ZoomFit
[Debug] [2026-4-13 18:26:15] Finish.
[Debug] [2026-4-13 18:26:15] [BusValue] Opt:Flush.
[Debug] [2026-4-13 18:26:15] [BusValue] Opt:Update.
[Info] [2026-4-13 18:26:15] MsgOut: COMMAND[run] execute successfully, takes 1.1 secs.
[Debug] [2026-4-13 18:26:15] COMMAND[run] execute successfully, takes 1.1 secs.
[Debug] [2026-4-13 18:26:29] Operation: Trigger.
[Debug] [2026-4-13 18:26:29] Log::Print : run
[Debug] [2026-4-13 18:26:29] Send RPC: 15.
[Debug] [2026-4-13 18:26:29] Send cmd [run:2713] OK
[Info] [2026-4-13 18:26:29] MsgOut: Core 0 trigger successful at Mon Apr 13 18:26:29 2026
[Debug] [2026-4-13 18:26:30] Operation: ZoomFit
[Debug] [2026-4-13 18:26:30] Finish.
[Debug] [2026-4-13 18:26:30] [BusValue] Opt:Flush.
[Debug] [2026-4-13 18:26:30] [BusValue] Opt:Update.
[Info] [2026-4-13 18:26:30] MsgOut: COMMAND[run] execute successfully, takes 1.1 secs.
[Debug] [2026-4-13 18:26:30] COMMAND[run] execute successfully, takes 1.1 secs.
[Debug] [2026-4-13 18:26:35] Operation: Trigger.
[Debug] [2026-4-13 18:26:35] Log::Print : run
[Debug] [2026-4-13 18:26:35] Send RPC: 16.
[Debug] [2026-4-13 18:26:35] Send cmd [run:2713] OK
[Info] [2026-4-13 18:26:36] MsgOut: Core 0 trigger successful at Mon Apr 13 18:26:36 2026
[Debug] [2026-4-13 18:26:36] Operation: ZoomFit
[Debug] [2026-4-13 18:26:36] Finish.
[Debug] [2026-4-13 18:26:36] [BusValue] Opt:Flush.
[Debug] [2026-4-13 18:26:36] [BusValue] Opt:Update.
[Info] [2026-4-13 18:26:36] MsgOut: COMMAND[run] execute successfully, takes 1.1 secs.
[Debug] [2026-4-13 18:26:36] COMMAND[run] execute successfully, takes 1.1 secs.
[Debug] [2026-4-13 18:26:41] Operation: Trigger.
[Debug] [2026-4-13 18:26:41] Log::Print : run
[Debug] [2026-4-13 18:26:41] Send RPC: 17.
[Debug] [2026-4-13 18:26:41] Send cmd [run:2713] OK
[Info] [2026-4-13 18:26:42] MsgOut: Core 0 trigger successful at Mon Apr 13 18:26:42 2026
[Debug] [2026-4-13 18:26:42] Operation: ZoomFit
[Debug] [2026-4-13 18:26:42] Finish.
[Debug] [2026-4-13 18:26:42] [BusValue] Opt:Flush.
[Debug] [2026-4-13 18:26:42] [BusValue] Opt:Update.
[Info] [2026-4-13 18:26:42] MsgOut: COMMAND[run] execute successfully, takes 1.1 secs.
[Debug] [2026-4-13 18:26:42] COMMAND[run] execute successfully, takes 1.1 secs.
[Debug] [2026-4-13 18:30:27] Operation: Try to close window.
[Debug] [2026-4-13 18:30:27] /*************************** 2026-04-13 18:30:27  End ***************************/
[Debug] [2026-4-13 18:30:30] /*************************** 2026-04-13 18:30:30  Start ***************************/
[Debug] [2026-4-13 18:30:30] Path: C:/pango/PDS_2022.2-SP6.4/bin
[Debug] [2026-4-13 18:30:30] #Generated by Fabric Debugger (version 2022.2-SP6.4 build 146967) at Mon Apr 13 18:30:30 2026


[Info] [2026-4-13 18:30:30] MsgOut: Fabric Debugger Started.
[Debug] [2026-4-13 18:30:31] Main window show.
[Debug] [2026-4-13 18:30:35] Operation: Try to close window.
[Debug] [2026-4-13 18:30:35] /*************************** 2026-04-13 18:30:35  End ***************************/
[Debug] [2026-4-13 19:46:50] /*************************** 2026-04-13 19:46:50  Start ***************************/
[Debug] [2026-4-13 19:46:50] Path: C:/pango/PDS_2022.2-SP6.4/bin
[Debug] [2026-4-13 19:46:50] #Generated by Fabric Debugger (version 2022.2-SP6.4 build 146967) at Mon Apr 13 19:46:50 2026


[Info] [2026-4-13 19:46:51] MsgOut: Fabric Debugger Started.
[Debug] [2026-4-13 19:46:51] Main window show.
[Debug] [2026-4-13 19:46:54] Operation: Scan.
[Debug] [2026-4-13 19:46:54] Client Local host name:DESKTOP-VB8TKRO
[Debug] [2026-4-13 19:46:54] Client Local Address:2.0.0.1
[Debug] [2026-4-13 19:46:54] Client Local Address:210.77.26.220
[Debug] [2026-4-13 19:46:54] Client Local Address:192.168.44.1
[Debug] [2026-4-13 19:46:54] Client Local Address:192.168.176.1
[Debug] [2026-4-13 19:46:54] Server Address:127.0.0.1, Port:65420
[Info] [2026-4-13 19:46:54] MsgOut: Connecting to server[127.0.0.1 : 65420].
[Info] [2026-4-13 19:46:55] Connect OK, Server: 127.0.0.1  Port: 65420
[Info] [2026-4-13 19:46:55] MsgOut: Connect to server[127.0.0.1 : 65420] successfully.
[Debug] [2026-4-13 19:46:55] Finish.
[Debug] [2026-4-13 19:46:55] Log::Print : check version information
[Debug] [2026-4-13 19:46:55] Send RPC: 1.
[Debug] [2026-4-13 19:46:55] Send cmd [check version information:40004] OK
[Debug] [2026-4-13 19:46:55] Log::Print : get_cable_paras
[Debug] [2026-4-13 19:46:55] Send RPC: 2.
[Debug] [2026-4-13 19:46:55] Send cmd [get_cable_paras:40010] OK
[Debug] [2026-4-13 19:46:55] Log::Print : open_cable
[Debug] [2026-4-13 19:46:55] Send RPC: 3.
[Debug] [2026-4-13 19:46:55] Send cmd [open_cable:10001] OK
[Info] [2026-4-13 19:46:55] MsgOut: COMMAND[check version information] execute successfully, takes 0.4 secs.
[Debug] [2026-4-13 19:46:55] COMMAND[check version information] execute successfully, takes 0.4 secs.
[Info] [2026-4-13 19:46:56] MsgOut: The Cable List : 
Cable index 0:USB Cable II/fffffffffffffffe 

[Info] [2026-4-13 19:46:56] MsgOut: COMMAND[get_cable_paras] execute successfully, takes 1.1 secs.
[Debug] [2026-4-13 19:46:56] COMMAND[get_cable_paras] execute successfully, takes 1.1 secs.
[Info] [2026-4-13 19:46:57] MsgOut: PANGO USB CABLE II cable driver: D2XX DLL
[Info] [2026-4-13 19:46:58] MsgOut: COMMAND[open_cable] execute successfully, takes 2.9 secs.
[Debug] [2026-4-13 19:46:58] COMMAND[open_cable] execute successfully, takes 2.9 secs.
[Debug] [2026-4-13 19:47:00] Configure.
[Debug] [2026-4-13 19:47:02] Operation: Program.
[Debug] [2026-4-13 19:47:02] Log::Print : configure
[Debug] [2026-4-13 19:47:02] Send RPC: 4.
[Debug] [2026-4-13 19:47:02] Send cmd [configure:10002] OK
[Debug] [2026-4-13 19:47:03] The value is 6.
[Debug] [2026-4-13 19:47:03] The value is 10.
[Debug] [2026-4-13 19:47:04] The value is 15.
[Debug] [2026-4-13 19:47:04] The value is 20.
[Debug] [2026-4-13 19:47:05] The value is 25.
[Debug] [2026-4-13 19:47:05] The value is 30.
[Debug] [2026-4-13 19:47:05] The value is 35.
[Debug] [2026-4-13 19:47:06] The value is 40.
[Debug] [2026-4-13 19:47:06] The value is 45.
[Debug] [2026-4-13 19:47:06] The value is 50.
[Debug] [2026-4-13 19:47:07] The value is 55.
[Debug] [2026-4-13 19:47:07] The value is 60.
[Debug] [2026-4-13 19:47:08] The value is 65.
[Debug] [2026-4-13 19:47:08] The value is 70.
[Debug] [2026-4-13 19:47:08] The value is 75.
[Debug] [2026-4-13 19:47:09] The value is 80.
[Debug] [2026-4-13 19:47:09] The value is 85.
[Debug] [2026-4-13 19:47:10] The value is 90.
[Debug] [2026-4-13 19:47:10] The value is 95.
[Debug] [2026-4-13 19:47:10] The value is 100.
[Debug] [2026-4-13 19:47:12] [BusValue] Opt:Add.
[Debug] [2026-4-13 19:47:12] [BusValue] Opt:Add.
[Debug] [2026-4-13 19:47:12] [BusValue] Opt:Add.
[Debug] [2026-4-13 19:47:12] [BusValue] Opt:Add.
[Debug] [2026-4-13 19:47:12] [BusValue] Opt:Add.
[Debug] [2026-4-13 19:47:12] [BusValue] Opt:Add.
[Debug] [2026-4-13 19:47:12] [BusValue] Opt:Add.
[Debug] [2026-4-13 19:47:12] [BusValue] Opt:Add.
[Debug] [2026-4-13 19:47:12] [BusValue] Opt:Add.
[Info] [2026-4-13 19:47:12] MsgOut: COMMAND[configure] execute successfully, takes 10.1 secs.
[Debug] [2026-4-13 19:47:12] COMMAND[configure] execute successfully, takes 10.1 secs.
[Debug] [2026-4-13 19:47:12] Log::Print : Import Core: 0 OK
[Debug] [2026-4-13 19:47:34] Configure.
[Debug] [2026-4-13 19:47:36] Operation: Program.
[Debug] [2026-4-13 19:47:36] Log::Print : configure
[Debug] [2026-4-13 19:47:36] Send RPC: 5.
[Debug] [2026-4-13 19:47:36] Send cmd [configure:10002] OK
[Debug] [2026-4-13 19:47:37] The value is 6.
[Debug] [2026-4-13 19:47:38] The value is 10.
[Debug] [2026-4-13 19:47:38] The value is 15.
[Debug] [2026-4-13 19:47:38] The value is 20.
[Debug] [2026-4-13 19:47:39] The value is 25.
[Debug] [2026-4-13 19:47:39] The value is 30.
[Debug] [2026-4-13 19:47:40] The value is 35.
[Debug] [2026-4-13 19:47:40] The value is 40.
[Debug] [2026-4-13 19:47:40] The value is 45.
[Debug] [2026-4-13 19:47:41] The value is 50.
[Debug] [2026-4-13 19:47:41] The value is 55.
[Debug] [2026-4-13 19:47:42] The value is 60.
[Debug] [2026-4-13 19:47:42] The value is 65.
[Debug] [2026-4-13 19:47:42] The value is 70.
[Debug] [2026-4-13 19:47:43] The value is 75.
[Debug] [2026-4-13 19:47:43] The value is 80.
[Debug] [2026-4-13 19:47:43] The value is 85.
[Debug] [2026-4-13 19:47:44] The value is 90.
[Debug] [2026-4-13 19:47:44] The value is 95.
[Debug] [2026-4-13 19:47:45] The value is 100.
[Info] [2026-4-13 19:47:46] MsgOut: COMMAND[configure] execute successfully, takes 9.3 secs.
[Debug] [2026-4-13 19:47:46] COMMAND[configure] execute successfully, takes 9.3 secs.
[Warn] [2026-4-13 19:47:46] MsgOut: Debugger-4002: Core Parse: Trigger Port bus name:crop_wr_en_1 exist, fail to import.
[Warn] [2026-4-13 19:47:46] MsgOut: Debugger-4002: Core Parse: Trigger Port bus name:crop_rgb_out_1 exist, fail to import.
[Warn] [2026-4-13 19:47:46] MsgOut: Debugger-4002: Core Parse: Trigger Port bus name:start_crop_wr_1 exist, fail to import.
[Warn] [2026-4-13 19:47:46] MsgOut: Debugger-4002: Core Parse: Trigger Port bus name:end_crop_wr_1 exist, fail to import.
[Warn] [2026-4-13 19:47:46] MsgOut: Debugger-4002: Core Parse: Trigger Port bus name:u_box_overlay_sync/gen_crop_fifo[0].nxt_x exist, fail to import.
[Warn] [2026-4-13 19:47:46] MsgOut: Debugger-4002: Core Parse: Trigger Port bus name:u_box_overlay_sync/gen_crop_fifo[0].cur_rep_x exist, fail to import.
[Warn] [2026-4-13 19:47:46] MsgOut: Debugger-4002: Core Parse: Trigger Port bus name:u_box_overlay_sync/gen_crop_fifo[0].ram_max_ptr exist, fail to import.
[Warn] [2026-4-13 19:47:46] MsgOut: Debugger-4002: Core Parse: Trigger Port bus name:u_box_overlay_sync/gen_crop_fifo[0].ram_rd_ptr exist, fail to import.
[Warn] [2026-4-13 19:47:46] MsgOut: Debugger-4002: Core Parse: Trigger Port bus name:u_box_overlay_sync/gen_crop_fifo[0].x_acc exist, fail to import.
[Warn] [2026-4-13 19:47:46] MsgOut: Debugger-4002: Core Parse: Bus name:crop_wr_en_1 exist, fail to import.
[Warn] [2026-4-13 19:47:46] MsgOut: Debugger-4002: Core Parse: Bus name:crop_rgb_out_1 exist, fail to import.
[Warn] [2026-4-13 19:47:46] MsgOut: Debugger-4002: Core Parse: Bus name:start_crop_wr_1 exist, fail to import.
[Warn] [2026-4-13 19:47:46] MsgOut: Debugger-4002: Core Parse: Bus name:end_crop_wr_1 exist, fail to import.
[Warn] [2026-4-13 19:47:46] MsgOut: Debugger-4002: Core Parse: Bus name:u_box_overlay_sync/gen_crop_fifo[0].nxt_x exist, fail to import.
[Warn] [2026-4-13 19:47:46] MsgOut: Debugger-4002: Core Parse: Bus name:u_box_overlay_sync/gen_crop_fifo[0].cur_rep_x exist, fail to import.
[Warn] [2026-4-13 19:47:46] MsgOut: Debugger-4002: Core Parse: Bus name:u_box_overlay_sync/gen_crop_fifo[0].ram_max_ptr exist, fail to import.
[Warn] [2026-4-13 19:47:46] MsgOut: Debugger-4002: Core Parse: Bus name:u_box_overlay_sync/gen_crop_fifo[0].ram_rd_ptr exist, fail to import.
[Warn] [2026-4-13 19:47:46] MsgOut: Debugger-4002: Core Parse: Bus name:u_box_overlay_sync/gen_crop_fifo[0].x_acc exist, fail to import.
[Debug] [2026-4-13 19:47:46] Log::Print : Import Core: 0 OK
[Debug] [2026-4-13 19:48:23] Operation: Trigger.
[Debug] [2026-4-13 19:48:23] Log::Print : run
[Debug] [2026-4-13 19:48:23] Send RPC: 6.
[Debug] [2026-4-13 19:48:23] Send cmd [run:10003] OK
[Info] [2026-4-13 19:48:23] MsgOut: Core 0 trigger successful at Mon Apr 13 19:48:23 2026
[Debug] [2026-4-13 19:48:24] Operation: ZoomFit
[Debug] [2026-4-13 19:48:24] Finish.
[Debug] [2026-4-13 19:48:24] [BusValue] Opt:Flush.
[Debug] [2026-4-13 19:48:24] [BusValue] Opt:Update.
[Info] [2026-4-13 19:48:24] MsgOut: COMMAND[run] execute successfully, takes 1.1 secs.
[Debug] [2026-4-13 19:48:24] COMMAND[run] execute successfully, takes 1.1 secs.
[Debug] [2026-4-13 19:48:36] Operation: Zoom in.
[Debug] [2026-4-13 19:48:36] Finish.
[Debug] [2026-4-13 19:48:36] Operation: Zoom in.
[Debug] [2026-4-13 19:48:36] Finish.
[Debug] [2026-4-13 19:48:37] Operation: ZoomOut
[Debug] [2026-4-13 19:48:37] Finish.
[Debug] [2026-4-13 19:48:37] Operation: ZoomOut
[Debug] [2026-4-13 19:48:37] Finish.
[Debug] [2026-4-13 19:48:38] Operation: Zoom in.
[Debug] [2026-4-13 19:48:38] Finish.
[Debug] [2026-4-13 19:49:24] Operation: Trigger.
[Debug] [2026-4-13 19:49:24] Log::Print : run
[Debug] [2026-4-13 19:49:24] Send RPC: 7.
[Debug] [2026-4-13 19:49:24] Send cmd [run:10003] OK
[Info] [2026-4-13 19:49:25] MsgOut: Core 0 trigger successful at Mon Apr 13 19:49:25 2026
[Debug] [2026-4-13 19:49:25] Operation: ZoomFit
[Debug] [2026-4-13 19:49:25] Finish.
[Debug] [2026-4-13 19:49:25] [BusValue] Opt:Flush.
[Debug] [2026-4-13 19:49:25] [BusValue] Opt:Update.
[Info] [2026-4-13 19:49:25] MsgOut: COMMAND[run] execute successfully, takes 1.1 secs.
[Debug] [2026-4-13 19:49:25] COMMAND[run] execute successfully, takes 1.1 secs.
[Debug] [2026-4-13 19:49:49] Operation: Trigger.
[Debug] [2026-4-13 19:49:49] Log::Print : run
[Debug] [2026-4-13 19:49:49] Send RPC: 8.
[Debug] [2026-4-13 19:49:49] Send cmd [run:10003] OK
[Info] [2026-4-13 19:49:50] MsgOut: Core 0 trigger successful at Mon Apr 13 19:49:50 2026
[Debug] [2026-4-13 19:49:50] Operation: ZoomFit
[Debug] [2026-4-13 19:49:50] Finish.
[Debug] [2026-4-13 19:49:50] [BusValue] Opt:Flush.
[Debug] [2026-4-13 19:49:50] [BusValue] Opt:Update.
[Info] [2026-4-13 19:49:50] MsgOut: COMMAND[run] execute successfully, takes 1.1 secs.
[Debug] [2026-4-13 19:49:50] COMMAND[run] execute successfully, takes 1.1 secs.
[Debug] [2026-4-13 19:50:00] Operation: Zoom in.
[Debug] [2026-4-13 19:50:00] Finish.
[Debug] [2026-4-13 19:50:00] Operation: Zoom in.
[Debug] [2026-4-13 19:50:00] Finish.
[Debug] [2026-4-13 19:50:00] Operation: Zoom in.
[Debug] [2026-4-13 19:50:00] Finish.
[Debug] [2026-4-13 19:50:01] Operation: Zoom in.
[Debug] [2026-4-13 19:50:01] Finish.
[Debug] [2026-4-13 19:50:03] Operation: ZoomOut
[Debug] [2026-4-13 19:50:03] Finish.
[Debug] [2026-4-13 19:50:04] Operation: Zoom in.
[Debug] [2026-4-13 19:50:04] Finish.
[Debug] [2026-4-13 19:50:04] Operation: Zoom in.
[Debug] [2026-4-13 19:50:04] Finish.
[Debug] [2026-4-13 19:50:24] Operation: Move next.
[Debug] [2026-4-13 19:50:24] Finish.
[Debug] [2026-4-13 19:50:25] Operation: ZoomFull
[Debug] [2026-4-13 19:50:25] Finish.
[Debug] [2026-4-13 19:50:29] Operation: Zoom in.
[Debug] [2026-4-13 19:50:29] Finish.
[Debug] [2026-4-13 19:50:29] Operation: Zoom in.
[Debug] [2026-4-13 19:50:29] Finish.
[Debug] [2026-4-13 19:50:29] Operation: Zoom in.
[Debug] [2026-4-13 19:50:29] Finish.
[Debug] [2026-4-13 19:50:34] Operation: Zoom in.
[Debug] [2026-4-13 19:50:34] Finish.
[Debug] [2026-4-13 19:50:34] Operation: Zoom in.
[Debug] [2026-4-13 19:50:34] Finish.
[Debug] [2026-4-13 19:50:35] Operation: Zoom in.
[Debug] [2026-4-13 19:50:35] Finish.
[Debug] [2026-4-13 19:51:01] Operation: ZoomOut
[Debug] [2026-4-13 19:51:01] Finish.
[Debug] [2026-4-13 19:51:01] Operation: ZoomOut
[Debug] [2026-4-13 19:51:01] Finish.
[Debug] [2026-4-13 19:51:01] Operation: ZoomOut
[Debug] [2026-4-13 19:51:01] Finish.
[Debug] [2026-4-13 19:51:01] Operation: ZoomOut
[Debug] [2026-4-13 19:51:01] Finish.
[Debug] [2026-4-13 19:51:02] Operation: ZoomOut
[Debug] [2026-4-13 19:51:02] Finish.
[Debug] [2026-4-13 19:51:03] Operation: Zoom in.
[Debug] [2026-4-13 19:51:03] Finish.
[Debug] [2026-4-13 19:51:03] Operation: Zoom in.
[Debug] [2026-4-13 19:51:03] Finish.
[Debug] [2026-4-13 19:51:03] Operation: Zoom in.
[Debug] [2026-4-13 19:51:03] Finish.
[Debug] [2026-4-13 19:51:04] Operation: Zoom in.
[Debug] [2026-4-13 19:51:04] Finish.
[Debug] [2026-4-13 19:51:06] Operation: ZoomOut
[Debug] [2026-4-13 19:51:06] Finish.
[Debug] [2026-4-13 19:51:07] Operation: Zoom in.
[Debug] [2026-4-13 19:51:07] Finish.
[Debug] [2026-4-13 19:51:38] Operation: ZoomOut
[Debug] [2026-4-13 19:51:38] Finish.
[Debug] [2026-4-13 19:51:38] Operation: ZoomOut
[Debug] [2026-4-13 19:51:38] Finish.
[Debug] [2026-4-13 19:51:39] Operation: ZoomOut
[Debug] [2026-4-13 19:51:39] Finish.
[Debug] [2026-4-13 19:51:39] Operation: ZoomOut
[Debug] [2026-4-13 19:51:39] Finish.
[Debug] [2026-4-13 19:51:39] Operation: ZoomOut
[Debug] [2026-4-13 19:51:39] Finish.
[Debug] [2026-4-13 19:51:40] Operation: Zoom in.
[Debug] [2026-4-13 19:51:40] Finish.
[Debug] [2026-4-13 19:51:40] Operation: Zoom in.
[Debug] [2026-4-13 19:51:40] Finish.
[Debug] [2026-4-13 19:51:40] Operation: Zoom in.
[Debug] [2026-4-13 19:51:40] Finish.
[Debug] [2026-4-13 19:51:41] Operation: Zoom in.
[Debug] [2026-4-13 19:51:41] Finish.
[Debug] [2026-4-13 19:51:41] Operation: Zoom in.
[Debug] [2026-4-13 19:51:41] Finish.
[Debug] [2026-4-13 19:52:44] Operation: Go to X cursor.
[Debug] [2026-4-13 19:52:44] Finish.
[Debug] [2026-4-13 19:53:55] Configure.
[Debug] [2026-4-13 19:53:58] Operation: Program.
[Debug] [2026-4-13 19:53:58] Log::Print : configure
[Debug] [2026-4-13 19:53:58] Send RPC: 9.
[Debug] [2026-4-13 19:53:58] Send cmd [configure:10002] OK
[Debug] [2026-4-13 19:53:59] The value is 6.
[Debug] [2026-4-13 19:53:59] The value is 10.
[Debug] [2026-4-13 19:54:00] The value is 15.
[Debug] [2026-4-13 19:54:00] The value is 20.
[Debug] [2026-4-13 19:54:00] The value is 25.
[Debug] [2026-4-13 19:54:01] The value is 30.
[Debug] [2026-4-13 19:54:01] The value is 35.
[Debug] [2026-4-13 19:54:02] The value is 40.
[Debug] [2026-4-13 19:54:02] The value is 45.
[Debug] [2026-4-13 19:54:02] The value is 50.
[Debug] [2026-4-13 19:54:03] The value is 55.
[Debug] [2026-4-13 19:54:03] The value is 60.
[Debug] [2026-4-13 19:54:03] The value is 65.
[Debug] [2026-4-13 19:54:04] The value is 70.
[Debug] [2026-4-13 19:54:04] The value is 75.
[Debug] [2026-4-13 19:54:05] The value is 80.
[Debug] [2026-4-13 19:54:05] The value is 85.
[Debug] [2026-4-13 19:54:05] The value is 90.
[Debug] [2026-4-13 19:54:06] The value is 95.
[Debug] [2026-4-13 19:54:06] The value is 100.
[Info] [2026-4-13 19:54:08] MsgOut: COMMAND[configure] execute successfully, takes 9.6 secs.
[Debug] [2026-4-13 19:54:08] COMMAND[configure] execute successfully, takes 9.6 secs.
[Warn] [2026-4-13 19:54:08] MsgOut: Debugger-4002: Core Parse: Trigger Port bus name:crop_wr_en_1 exist, fail to import.
[Warn] [2026-4-13 19:54:08] MsgOut: Debugger-4002: Core Parse: Trigger Port bus name:crop_rgb_out_1 exist, fail to import.
[Warn] [2026-4-13 19:54:08] MsgOut: Debugger-4002: Core Parse: Trigger Port bus name:start_crop_wr_1 exist, fail to import.
[Warn] [2026-4-13 19:54:08] MsgOut: Debugger-4002: Core Parse: Trigger Port bus name:end_crop_wr_1 exist, fail to import.
[Warn] [2026-4-13 19:54:08] MsgOut: Debugger-4002: Core Parse: Trigger Port bus name:u_box_overlay_sync/gen_crop_fifo[0].nxt_x exist, fail to import.
[Warn] [2026-4-13 19:54:08] MsgOut: Debugger-4002: Core Parse: Trigger Port bus name:u_box_overlay_sync/gen_crop_fifo[0].cur_rep_x exist, fail to import.
[Warn] [2026-4-13 19:54:08] MsgOut: Debugger-4002: Core Parse: Trigger Port bus name:u_box_overlay_sync/gen_crop_fifo[0].ram_max_ptr exist, fail to import.
[Warn] [2026-4-13 19:54:08] MsgOut: Debugger-4002: Core Parse: Trigger Port bus name:u_box_overlay_sync/gen_crop_fifo[0].ram_rd_ptr exist, fail to import.
[Warn] [2026-4-13 19:54:08] MsgOut: Debugger-4002: Core Parse: Trigger Port bus name:u_box_overlay_sync/gen_crop_fifo[0].x_acc exist, fail to import.
[Warn] [2026-4-13 19:54:08] MsgOut: Debugger-4002: Core Parse: Bus name:crop_wr_en_1 exist, fail to import.
[Warn] [2026-4-13 19:54:08] MsgOut: Debugger-4002: Core Parse: Bus name:crop_rgb_out_1 exist, fail to import.
[Warn] [2026-4-13 19:54:08] MsgOut: Debugger-4002: Core Parse: Bus name:start_crop_wr_1 exist, fail to import.
[Warn] [2026-4-13 19:54:08] MsgOut: Debugger-4002: Core Parse: Bus name:end_crop_wr_1 exist, fail to import.
[Warn] [2026-4-13 19:54:08] MsgOut: Debugger-4002: Core Parse: Bus name:u_box_overlay_sync/gen_crop_fifo[0].nxt_x exist, fail to import.
[Warn] [2026-4-13 19:54:08] MsgOut: Debugger-4002: Core Parse: Bus name:u_box_overlay_sync/gen_crop_fifo[0].cur_rep_x exist, fail to import.
[Warn] [2026-4-13 19:54:08] MsgOut: Debugger-4002: Core Parse: Bus name:u_box_overlay_sync/gen_crop_fifo[0].ram_max_ptr exist, fail to import.
[Warn] [2026-4-13 19:54:08] MsgOut: Debugger-4002: Core Parse: Bus name:u_box_overlay_sync/gen_crop_fifo[0].ram_rd_ptr exist, fail to import.
[Warn] [2026-4-13 19:54:08] MsgOut: Debugger-4002: Core Parse: Bus name:u_box_overlay_sync/gen_crop_fifo[0].x_acc exist, fail to import.
[Debug] [2026-4-13 19:54:08] Log::Print : Import Core: 0 OK
[Debug] [2026-4-13 19:54:21] Operation: Trigger.
[Debug] [2026-4-13 19:54:21] Log::Print : run
[Debug] [2026-4-13 19:54:21] Send RPC: 10.
[Debug] [2026-4-13 19:54:21] Send cmd [run:10003] OK
[Info] [2026-4-13 19:54:22] MsgOut: Core 0 trigger successful at Mon Apr 13 19:54:22 2026
[Debug] [2026-4-13 19:54:22] Operation: ZoomFit
[Debug] [2026-4-13 19:54:22] Finish.
[Debug] [2026-4-13 19:54:22] [BusValue] Opt:Flush.
[Debug] [2026-4-13 19:54:22] [BusValue] Opt:Update.
[Info] [2026-4-13 19:54:22] MsgOut: COMMAND[run] execute successfully, takes 1.0 secs.
[Debug] [2026-4-13 19:54:22] COMMAND[run] execute successfully, takes 1.0 secs.
[Debug] [2026-4-13 19:54:25] Operation: ZoomOut
[Debug] [2026-4-13 19:54:25] Finish.
[Debug] [2026-4-13 19:54:25] Operation: ZoomOut
[Debug] [2026-4-13 19:54:25] Finish.
[Debug] [2026-4-13 19:54:25] Operation: ZoomOut
[Debug] [2026-4-13 19:54:25] Finish.
[Debug] [2026-4-13 19:54:25] Operation: ZoomOut
[Debug] [2026-4-13 19:54:25] Finish.
[Debug] [2026-4-13 19:54:28] Operation: ZoomOut
[Debug] [2026-4-13 19:54:28] Finish.
[Debug] [2026-4-13 19:54:28] Operation: ZoomOut
[Debug] [2026-4-13 19:54:28] Operation: ZoomOut
[Debug] [2026-4-13 19:54:28] Operation: ZoomOut
[Debug] [2026-4-13 19:54:31] Operation: Zoom in.
[Debug] [2026-4-13 19:54:31] Finish.
[Debug] [2026-4-13 19:54:31] Operation: Zoom in.
[Debug] [2026-4-13 19:54:31] Finish.
[Debug] [2026-4-13 19:54:32] Operation: Zoom in.
[Debug] [2026-4-13 19:54:32] Finish.
[Debug] [2026-4-13 19:54:32] Operation: Zoom in.
[Debug] [2026-4-13 19:54:32] Finish.
[Debug] [2026-4-13 19:54:33] Operation: Zoom in.
[Debug] [2026-4-13 19:54:33] Finish.
[Debug] [2026-4-13 19:54:34] Operation: ZoomOut
[Debug] [2026-4-13 19:54:34] Finish.
[Debug] [2026-4-13 19:54:35] Operation: Zoom in.
[Debug] [2026-4-13 19:54:35] Finish.
[Debug] [2026-4-13 19:54:37] Operation: ZoomOut
[Debug] [2026-4-13 19:54:37] Finish.
[Debug] [2026-4-13 19:54:37] Operation: ZoomOut
[Debug] [2026-4-13 19:54:37] Finish.
[Debug] [2026-4-13 19:54:37] Operation: ZoomOut
[Debug] [2026-4-13 19:54:37] Finish.
[Debug] [2026-4-13 19:54:38] Operation: ZoomOut
[Debug] [2026-4-13 19:54:38] Finish.
[Debug] [2026-4-13 19:54:38] Operation: Zoom in.
[Debug] [2026-4-13 19:54:38] Finish.
[Debug] [2026-4-13 19:54:39] Operation: Zoom in.
[Debug] [2026-4-13 19:54:39] Finish.
[Debug] [2026-4-13 19:54:39] Operation: Zoom in.
[Debug] [2026-4-13 19:54:39] Finish.
[Debug] [2026-4-13 19:55:01] Operation: Zoom in.
[Debug] [2026-4-13 19:55:01] Finish.
[Debug] [2026-4-13 19:55:01] Operation: Zoom in.
[Debug] [2026-4-13 19:55:01] Finish.
[Debug] [2026-4-13 19:55:02] Operation: ZoomOut
[Debug] [2026-4-13 19:55:02] Finish.
[Debug] [2026-4-13 19:55:08] Operation: ZoomOut
[Debug] [2026-4-13 19:55:08] Finish.
[Debug] [2026-4-13 19:55:08] Operation: ZoomOut
[Debug] [2026-4-13 19:55:08] Finish.
[Debug] [2026-4-13 19:55:08] Operation: ZoomOut
[Debug] [2026-4-13 19:55:08] Finish.
[Debug] [2026-4-13 19:55:08] Operation: ZoomOut
[Debug] [2026-4-13 19:55:08] Finish.
[Debug] [2026-4-13 19:55:09] Operation: Zoom in.
[Debug] [2026-4-13 19:55:09] Finish.
[Debug] [2026-4-13 19:55:09] Operation: Zoom in.
[Debug] [2026-4-13 19:55:09] Finish.
[Debug] [2026-4-13 19:55:09] Operation: Zoom in.
[Debug] [2026-4-13 19:55:09] Finish.
[Debug] [2026-4-13 19:55:09] Operation: Zoom in.
[Debug] [2026-4-13 19:55:09] Finish.
[Debug] [2026-4-13 19:55:10] Operation: Zoom in.
[Debug] [2026-4-13 19:55:10] Finish.
[Debug] [2026-4-13 19:55:11] Operation: ZoomOut
[Debug] [2026-4-13 19:55:11] Finish.
[Debug] [2026-4-13 19:55:11] Operation: ZoomOut
[Debug] [2026-4-13 19:55:11] Finish.
[Debug] [2026-4-13 19:55:11] Operation: ZoomOut
[Debug] [2026-4-13 19:55:11] Finish.
[Debug] [2026-4-13 19:55:13] Operation: Zoom in.
[Debug] [2026-4-13 19:55:13] Finish.
[Debug] [2026-4-13 19:55:13] Operation: Zoom in.
[Debug] [2026-4-13 19:55:13] Finish.
[Debug] [2026-4-13 19:55:15] Operation: ZoomOut
[Debug] [2026-4-13 19:55:15] Finish.
[Debug] [2026-4-13 19:55:20] Operation: ZoomOut
[Debug] [2026-4-13 19:55:20] Finish.
[Debug] [2026-4-13 19:55:20] Operation: ZoomOut
[Debug] [2026-4-13 19:55:20] Finish.
[Debug] [2026-4-13 19:55:20] Operation: ZoomOut
[Debug] [2026-4-13 19:55:20] Finish.
[Debug] [2026-4-13 19:55:20] Operation: ZoomOut
[Debug] [2026-4-13 19:55:20] Finish.
[Debug] [2026-4-13 19:55:20] Operation: ZoomOut
[Debug] [2026-4-13 19:55:20] Operation: ZoomOut
[Debug] [2026-4-13 19:55:21] Operation: ZoomOut
[Debug] [2026-4-13 19:55:21] Operation: ZoomOut
[Debug] [2026-4-13 19:55:22] Operation: Zoom in.
[Debug] [2026-4-13 19:55:22] Finish.
[Debug] [2026-4-13 19:55:22] Operation: Zoom in.
[Debug] [2026-4-13 19:55:22] Finish.
[Debug] [2026-4-13 19:55:22] Operation: Zoom in.
[Debug] [2026-4-13 19:55:22] Finish.
[Debug] [2026-4-13 19:55:23] Operation: ZoomOut
[Debug] [2026-4-13 19:55:23] Finish.
[Debug] [2026-4-13 19:55:32] Operation: Trigger.
[Debug] [2026-4-13 19:55:32] Log::Print : run
[Debug] [2026-4-13 19:55:32] Send RPC: 11.
[Debug] [2026-4-13 19:55:32] Send cmd [run:10003] OK
[Info] [2026-4-13 19:55:32] MsgOut: Core 0 trigger successful at Mon Apr 13 19:55:32 2026
[Debug] [2026-4-13 19:55:33] Operation: ZoomFit
[Debug] [2026-4-13 19:55:33] Finish.
[Debug] [2026-4-13 19:55:33] [BusValue] Opt:Flush.
[Debug] [2026-4-13 19:55:33] [BusValue] Opt:Update.
[Info] [2026-4-13 19:55:33] MsgOut: COMMAND[run] execute successfully, takes 1.1 secs.
[Debug] [2026-4-13 19:55:33] COMMAND[run] execute successfully, takes 1.1 secs.
[Debug] [2026-4-13 19:55:50] Operation: Zoom in.
[Debug] [2026-4-13 19:55:50] Finish.
[Debug] [2026-4-13 19:55:50] Operation: Zoom in.
[Debug] [2026-4-13 19:55:50] Finish.
[Debug] [2026-4-13 19:55:51] Operation: Zoom in.
[Debug] [2026-4-13 19:55:51] Finish.
[Debug] [2026-4-13 19:55:52] Operation: ZoomOut
[Debug] [2026-4-13 19:55:52] Finish.
[Debug] [2026-4-13 19:55:54] Operation: ZoomOut
[Debug] [2026-4-13 19:55:54] Finish.
[Debug] [2026-4-13 19:55:54] Operation: ZoomOut
[Debug] [2026-4-13 19:55:54] Finish.
[Debug] [2026-4-13 19:56:05] Operation: Zoom in.
[Debug] [2026-4-13 19:56:05] Finish.
[Debug] [2026-4-13 19:56:05] Operation: Zoom in.
[Debug] [2026-4-13 19:56:05] Finish.
[Debug] [2026-4-13 19:56:05] Operation: Zoom in.
[Debug] [2026-4-13 19:56:05] Finish.
[Debug] [2026-4-13 19:56:06] Operation: Zoom in.
[Debug] [2026-4-13 19:56:06] Finish.
[Debug] [2026-4-13 19:56:07] Operation: ZoomOut
[Debug] [2026-4-13 19:56:07] Finish.
[Debug] [2026-4-13 19:56:09] Operation: Zoom in.
[Debug] [2026-4-13 19:56:09] Finish.
[Debug] [2026-4-13 19:56:10] Operation: Zoom in.
[Debug] [2026-4-13 19:56:10] Finish.
[Debug] [2026-4-13 19:56:19] Operation: ZoomOut
[Debug] [2026-4-13 19:56:19] Finish.
[Debug] [2026-4-13 19:56:19] Operation: ZoomOut
[Debug] [2026-4-13 19:56:19] Finish.
[Debug] [2026-4-13 19:56:19] Operation: ZoomOut
[Debug] [2026-4-13 19:56:19] Finish.
[Debug] [2026-4-13 19:56:20] Operation: ZoomOut
[Debug] [2026-4-13 19:56:20] Finish.
[Debug] [2026-4-13 19:56:20] Operation: ZoomOut
[Debug] [2026-4-13 19:56:20] Finish.
[Debug] [2026-4-13 19:56:20] Operation: ZoomOut
[Debug] [2026-4-13 19:56:20] Finish.
[Debug] [2026-4-13 19:56:20] Operation: ZoomOut
[Debug] [2026-4-13 19:56:20] Finish.
[Debug] [2026-4-13 19:56:21] Operation: Zoom in.
[Debug] [2026-4-13 19:56:21] Finish.
[Debug] [2026-4-13 19:56:22] Operation: Zoom in.
[Debug] [2026-4-13 19:56:22] Finish.
[Debug] [2026-4-13 19:56:22] Operation: Zoom in.
[Debug] [2026-4-13 19:56:22] Finish.
[Debug] [2026-4-13 19:56:22] Operation: Zoom in.
[Debug] [2026-4-13 19:56:22] Finish.
[Debug] [2026-4-13 19:56:23] Operation: Zoom in.
[Debug] [2026-4-13 19:56:23] Finish.
[Debug] [2026-4-13 19:56:23] Operation: Zoom in.
[Debug] [2026-4-13 19:56:23] Finish.
[Debug] [2026-4-13 19:57:25] Operation: Trigger.
[Debug] [2026-4-13 19:57:25] Log::Print : run
[Debug] [2026-4-13 19:57:25] Send RPC: 12.
[Debug] [2026-4-13 19:57:25] Send cmd [run:10003] OK
[Info] [2026-4-13 19:57:26] MsgOut: Core 0 trigger successful at Mon Apr 13 19:57:26 2026
[Debug] [2026-4-13 19:57:26] Operation: ZoomFit
[Debug] [2026-4-13 19:57:26] Finish.
[Debug] [2026-4-13 19:57:26] [BusValue] Opt:Flush.
[Debug] [2026-4-13 19:57:26] [BusValue] Opt:Update.
[Info] [2026-4-13 19:57:26] MsgOut: COMMAND[run] execute successfully, takes 1.1 secs.
[Debug] [2026-4-13 19:57:26] COMMAND[run] execute successfully, takes 1.1 secs.
[Debug] [2026-4-13 19:57:27] Operation: ZoomOut
[Debug] [2026-4-13 19:57:27] Finish.
[Debug] [2026-4-13 19:57:27] Operation: ZoomOut
[Debug] [2026-4-13 19:57:27] Finish.
[Debug] [2026-4-13 19:57:27] Operation: ZoomOut
[Debug] [2026-4-13 19:57:27] Finish.
[Debug] [2026-4-13 19:57:27] Operation: ZoomOut
[Debug] [2026-4-13 19:57:27] Finish.
[Debug] [2026-4-13 19:57:27] Operation: ZoomOut
[Debug] [2026-4-13 19:57:27] Finish.
[Debug] [2026-4-13 19:57:27] Operation: ZoomOut
[Debug] [2026-4-13 19:57:27] Finish.
[Debug] [2026-4-13 19:57:28] Operation: ZoomOut
[Debug] [2026-4-13 19:57:28] Operation: ZoomOut
[Debug] [2026-4-13 19:57:28] Operation: ZoomOut
[Debug] [2026-4-13 19:57:28] Operation: ZoomOut
[Debug] [2026-4-13 19:57:28] Operation: Zoom in.
[Debug] [2026-4-13 19:57:28] Finish.
[Debug] [2026-4-13 19:57:28] Operation: Zoom in.
[Debug] [2026-4-13 19:57:28] Finish.
[Debug] [2026-4-13 19:57:28] Operation: Zoom in.
[Debug] [2026-4-13 19:57:28] Finish.
[Debug] [2026-4-13 19:57:29] Operation: ZoomOut
[Debug] [2026-4-13 19:57:29] Finish.
[Debug] [2026-4-13 19:57:29] Operation: ZoomOut
[Debug] [2026-4-13 19:57:29] Finish.
[Debug] [2026-4-13 19:57:29] Operation: ZoomOut
[Debug] [2026-4-13 19:57:29] Finish.
[Debug] [2026-4-13 19:57:29] Operation: ZoomOut
[Debug] [2026-4-13 19:57:29] Operation: ZoomOut
[Debug] [2026-4-13 19:57:29] Operation: ZoomOut
[Debug] [2026-4-13 19:57:29] Operation: ZoomOut
[Debug] [2026-4-13 19:57:29] Operation: ZoomOut
[Debug] [2026-4-13 19:57:32] Operation: Trigger.
[Debug] [2026-4-13 19:57:32] Log::Print : run
[Debug] [2026-4-13 19:57:32] Send RPC: 13.
[Debug] [2026-4-13 19:57:32] Send cmd [run:10003] OK
[Info] [2026-4-13 19:57:33] MsgOut: Core 0 trigger successful at Mon Apr 13 19:57:33 2026
[Debug] [2026-4-13 19:57:33] Operation: ZoomFit
[Debug] [2026-4-13 19:57:33] Finish.
[Debug] [2026-4-13 19:57:33] [BusValue] Opt:Flush.
[Debug] [2026-4-13 19:57:33] [BusValue] Opt:Update.
[Info] [2026-4-13 19:57:33] MsgOut: COMMAND[run] execute successfully, takes 1.1 secs.
[Debug] [2026-4-13 19:57:33] COMMAND[run] execute successfully, takes 1.1 secs.
[Debug] [2026-4-13 19:57:35] Operation: Zoom in.
[Debug] [2026-4-13 19:57:35] Finish.
[Debug] [2026-4-13 19:57:35] Operation: Zoom in.
[Debug] [2026-4-13 19:57:35] Finish.
[Debug] [2026-4-13 19:57:35] Operation: Zoom in.
[Debug] [2026-4-13 19:57:35] Finish.
[Debug] [2026-4-13 19:57:36] Operation: Zoom in.
[Debug] [2026-4-13 19:57:36] Finish.
[Debug] [2026-4-13 19:57:36] Operation: Zoom in.
[Debug] [2026-4-13 19:57:36] Finish.
[Debug] [2026-4-13 19:57:43] Operation: ZoomOut
[Debug] [2026-4-13 19:57:43] Finish.
[Debug] [2026-4-13 19:57:43] Operation: ZoomOut
[Debug] [2026-4-13 19:57:43] Finish.
[Debug] [2026-4-13 19:57:43] Operation: ZoomOut
[Debug] [2026-4-13 19:57:43] Finish.
[Debug] [2026-4-13 19:57:43] Operation: ZoomOut
[Debug] [2026-4-13 19:57:43] Finish.
[Debug] [2026-4-13 19:57:44] Operation: ZoomOut
[Debug] [2026-4-13 19:57:44] Finish.
[Debug] [2026-4-13 19:57:44] Operation: ZoomOut
[Debug] [2026-4-13 19:57:44] Operation: ZoomOut
[Debug] [2026-4-13 19:57:44] Operation: ZoomOut
[Debug] [2026-4-13 19:57:44] Operation: ZoomOut
[Debug] [2026-4-13 19:57:44] Operation: ZoomOut
[Debug] [2026-4-13 19:57:44] Operation: ZoomOut
[Debug] [2026-4-13 19:57:44] Operation: ZoomOut
[Debug] [2026-4-13 19:57:47] Operation: Trigger.
[Debug] [2026-4-13 19:57:47] Log::Print : run
[Debug] [2026-4-13 19:57:47] Send RPC: 14.
[Debug] [2026-4-13 19:57:47] Send cmd [run:10003] OK
[Info] [2026-4-13 19:57:47] MsgOut: Core 0 trigger successful at Mon Apr 13 19:57:47 2026
[Debug] [2026-4-13 19:57:48] Operation: ZoomFit
[Debug] [2026-4-13 19:57:48] Finish.
[Debug] [2026-4-13 19:57:48] [BusValue] Opt:Flush.
[Debug] [2026-4-13 19:57:48] [BusValue] Opt:Update.
[Info] [2026-4-13 19:57:48] MsgOut: COMMAND[run] execute successfully, takes 1.0 secs.
[Debug] [2026-4-13 19:57:48] COMMAND[run] execute successfully, takes 1.0 secs.
[Debug] [2026-4-13 19:57:56] Operation: Trigger.
[Debug] [2026-4-13 19:57:56] Log::Print : run
[Debug] [2026-4-13 19:57:56] Send RPC: 15.
[Debug] [2026-4-13 19:57:56] Send cmd [run:10003] OK
[Info] [2026-4-13 19:57:57] MsgOut: Core 0 trigger successful at Mon Apr 13 19:57:57 2026
[Debug] [2026-4-13 19:57:57] Operation: ZoomFit
[Debug] [2026-4-13 19:57:57] Finish.
[Debug] [2026-4-13 19:57:57] [BusValue] Opt:Flush.
[Debug] [2026-4-13 19:57:57] [BusValue] Opt:Update.
[Info] [2026-4-13 19:57:57] MsgOut: COMMAND[run] execute successfully, takes 1.0 secs.
[Debug] [2026-4-13 19:57:57] COMMAND[run] execute successfully, takes 1.0 secs.
[Debug] [2026-4-13 19:58:19] Operation: Trigger.
[Debug] [2026-4-13 19:58:19] Log::Print : run
[Debug] [2026-4-13 19:58:19] Send RPC: 16.
[Debug] [2026-4-13 19:58:19] Send cmd [run:10003] OK
[Debug] [2026-4-13 19:58:23] Operation: Stop trigger.
[Debug] [2026-4-13 19:58:23] Log::Print : stop
[Debug] [2026-4-13 19:58:23] Send RPC: 17.
[Debug] [2026-4-13 19:58:23] Send cmd [stop:10010] OK
[Info] [2026-4-13 19:58:23] MsgOut: COMMAND[stop] execute successfully, takes 0.0 secs.
[Debug] [2026-4-13 19:58:23] COMMAND[stop] execute successfully, takes 0.0 secs.
[Error] [2026-4-13 19:58:24] Fail to exec trigger command.
[Warn] [2026-4-13 19:58:24] cmdid:10003 HandleWarnExec msg:Core 0 is stopped by user
[Debug] [2026-4-13 19:58:24] HandleErrorExec run Show Core:
[Debug] [2026-4-13 19:58:24] /******************** Core Information *************************/
[Debug] [2026-4-13 19:58:24] Core basic info: 
[Debug] [2026-4-13 19:58:24] 	Core version: 0x9001f003
[Debug] [2026-4-13 19:58:24] 	Index: 0
[Debug] [2026-4-13 19:58:24] 	Name: MyFLA0
[Debug] [2026-4-13 19:58:24] 	Core type: 
[Debug] [2026-4-13 19:58:24] 	Data same as trigger: true
[Debug] [2026-4-13 19:58:24] 	Storage qualification: false
[Debug] [2026-4-13 19:58:24] 	Max data depth: 200
[Debug] [2026-4-13 19:58:24] 	Sample data width: 9e
[Debug] [2026-4-13 19:58:24] 	Trigger sequencer level: 1
[Debug] [2026-4-13 19:58:24] 	Trigger output enabled: false
[Debug] [2026-4-13 19:58:24] 	Multi windows enabled: false
[Debug] [2026-4-13 19:58:24] 	Reset wave property status: false
[Debug] [2026-4-13 19:58:24] Core Property: 
[Debug] [2026-4-13 19:58:24] 	Core version: 0x9001f003
[Debug] [2026-4-13 19:58:24] 	Index: 0
[Debug] [2026-4-13 19:58:24] 	Core type: 
[Debug] [2026-4-13 19:58:24] 	Data same as trigger: true
[Debug] [2026-4-13 19:58:24] 	Storage qualification: false
[Debug] [2026-4-13 19:58:24] 	Trigger output enabled: false
[Debug] [2026-4-13 19:58:24] 	Multi windows enabled: false
[Debug] [2026-4-13 19:58:24] 	Max data depth: 200
[Debug] [2026-4-13 19:58:24] 	Sample data width: 9e
[Debug] [2026-4-13 19:58:24] 	Trigger sequencer level: 1
[Debug] [2026-4-13 19:58:24] 	Channel num		Match unit num		Match unit type		Counter width		Port is data
[Debug] [2026-4-13 19:58:24] 	Trigger port 0 : 	9e	1	1	0	true
[Debug] [2026-4-13 19:58:24] Signals Property: 
[Debug] [2026-4-13 19:58:24] 	Window num: 1
[Debug] [2026-4-13 19:58:24] 	Samples num in window: 200
[Debug] [2026-4-13 19:58:24] 	Trigger time in window: 100
[Debug] [2026-4-13 19:58:24] 	Samples num: 200
[Debug] [2026-4-13 19:58:24] 	Negative time: true
[Debug] [2026-4-13 19:58:24] 	Signal type: 0
[Debug] [2026-4-13 19:58:24] 	Total trigger position: 1
[Debug] [2026-4-13 19:58:24] Storage Style Property: 
[Debug] [2026-4-13 19:58:24] 	Style type: 0
[Debug] [2026-4-13 19:58:24] 	Windows num: 1
[Debug] [2026-4-13 19:58:24] 	Depth per window: 200
[Debug] [2026-4-13 19:58:24] 	Window position: 100
[Debug] [2026-4-13 19:58:24] 	Samples per trigger: 200
[Debug] [2026-4-13 19:58:24] 	Storage qualification: All Data
[Debug] [2026-4-13 19:58:24] Data Port: 
[Debug] [2026-4-13 19:58:24] 	Max depth: 0
[Debug] [2026-4-13 19:58:24] 	Depth: 0
[Debug] [2026-4-13 19:58:24] Trigger Port: 
[Debug] [2026-4-13 19:58:24] Trigger Port 0 :
[Debug] [2026-4-13 19:58:24] 	Port index: 0
[Debug] [2026-4-13 19:58:24] 	Match type: 1
[Debug] [2026-4-13 19:58:24] 	Counter width: 0
[Debug] [2026-4-13 19:58:24] 	Is data: true
[Debug] [2026-4-13 19:58:24] Match Unit: 
[Debug] [2026-4-13 19:58:24] Match Unit 0 :
[Debug] [2026-4-13 19:58:24] 	Trigger port index: 0
[Debug] [2026-4-13 19:58:24] 	Value: XXXXXXXXXXXXXXXXXXXXXXXXXXXXXXXXXXXXXXXXXXXXXXXXXXXXXXXXXXXXXXXXXXXXXXXXXXXXXXXXXXXXXXXXXXXXXXXXXXXXXXXXXXXXXXXXXXXXXXXXXXXXXXXXXXXXXXXXXXXXXXXXXXXXXXXXXXXXX1
[Debug] [2026-4-13 19:58:24] 	Index: 0
[Debug] [2026-4-13 19:58:24] 	Function: 0
[Debug] [2026-4-13 19:58:24] 	Radix: 
[Debug] [2026-4-13 19:58:24] 	Counter match event: 0
[Debug] [2026-4-13 19:58:24] 	Counter cycles: 1
[Debug] [2026-4-13 19:58:24] 	Trigger output enabled: true
[Debug] [2026-4-13 19:58:24] 	Range form : 00000000000000000000000000000000000000000000000000000000000000000000000000000000000000000000000000000000000000000000000000000000000000000000000000000000000000 to 00000000000000000000000000000000000000000000000000000000000000000000000000000000000000000000000000000000000000000000000000000000000000000000000000000000000000
[Debug] [2026-4-13 19:58:24] 	Is tp need deleted: false
[Debug] [2026-4-13 19:58:24] Bus: 
[Debug] [2026-4-13 19:58:24] Bus 0 :
[Debug] [2026-4-13 19:58:24] 	crop_wr_en_1
[Debug] [2026-4-13 19:58:24] Channel Index 0 :	Data Port: 0	Channel name: crop_wr_en_1[0]
[Debug] [2026-4-13 19:58:24] Channel Index 1 :	Data Port: 1	Channel name: crop_wr_en_1[1]
[Debug] [2026-4-13 19:58:24] Channel Index 2 :	Data Port: 2	Channel name: crop_wr_en_1[2]
[Debug] [2026-4-13 19:58:24] Channel Index 3 :	Data Port: 3	Channel name: crop_wr_en_1[3]
[Debug] [2026-4-13 19:58:24] Bus 1 :
[Debug] [2026-4-13 19:58:24] 	crop_rgb_out_1
[Debug] [2026-4-13 19:58:24] Channel Index 0 :	Data Port: 4	Channel name: crop_rgb_out_1[0]
[Debug] [2026-4-13 19:58:24] Channel Index 1 :	Data Port: 5	Channel name: crop_rgb_out_1[1]
[Debug] [2026-4-13 19:58:24] Channel Index 2 :	Data Port: 6	Channel name: crop_rgb_out_1[2]
[Debug] [2026-4-13 19:58:24] Channel Index 3 :	Data Port: 7	Channel name: crop_rgb_out_1[3]
[Debug] [2026-4-13 19:58:24] Channel Index 4 :	Data Port: 8	Channel name: crop_rgb_out_1[4]
[Debug] [2026-4-13 19:58:24] Channel Index 5 :	Data Port: 9	Channel name: crop_rgb_out_1[5]
[Debug] [2026-4-13 19:58:24] Channel Index 6 :	Data Port: a	Channel name: crop_rgb_out_1[6]
[Debug] [2026-4-13 19:58:24] Channel Index 7 :	Data Port: b	Channel name: crop_rgb_out_1[7]
[Debug] [2026-4-13 19:58:24] Channel Index 8 :	Data Port: c	Channel name: crop_rgb_out_1[8]
[Debug] [2026-4-13 19:58:24] Channel Index 9 :	Data Port: d	Channel name: crop_rgb_out_1[9]
[Debug] [2026-4-13 19:58:24] Channel Index a :	Data Port: e	Channel name: crop_rgb_out_1[10]
[Debug] [2026-4-13 19:58:24] Channel Index b :	Data Port: f	Channel name: crop_rgb_out_1[11]
[Debug] [2026-4-13 19:58:24] Channel Index c :	Data Port: 10	Channel name: crop_rgb_out_1[12]
[Debug] [2026-4-13 19:58:24] Channel Index d :	Data Port: 11	Channel name: crop_rgb_out_1[13]
[Debug] [2026-4-13 19:58:24] Channel Index e :	Data Port: 12	Channel name: crop_rgb_out_1[14]
[Debug] [2026-4-13 19:58:24] Channel Index f :	Data Port: 13	Channel name: crop_rgb_out_1[15]
[Debug] [2026-4-13 19:58:24] Channel Index 10 :	Data Port: 14	Channel name: crop_rgb_out_1[16]
[Debug] [2026-4-13 19:58:24] Channel Index 11 :	Data Port: 15	Channel name: crop_rgb_out_1[17]
[Debug] [2026-4-13 19:58:24] Channel Index 12 :	Data Port: 16	Channel name: crop_rgb_out_1[18]
[Debug] [2026-4-13 19:58:24] Channel Index 13 :	Data Port: 17	Channel name: crop_rgb_out_1[19]
[Debug] [2026-4-13 19:58:24] Channel Index 14 :	Data Port: 18	Channel name: crop_rgb_out_1[20]
[Debug] [2026-4-13 19:58:24] Channel Index 15 :	Data Port: 19	Channel name: crop_rgb_out_1[21]
[Debug] [2026-4-13 19:58:24] Channel Index 16 :	Data Port: 1a	Channel name: crop_rgb_out_1[22]
[Debug] [2026-4-13 19:58:24] Channel Index 17 :	Data Port: 1b	Channel name: crop_rgb_out_1[23]
[Debug] [2026-4-13 19:58:24] Channel Index 18 :	Data Port: 1c	Channel name: crop_rgb_out_1[24]
[Debug] [2026-4-13 19:58:24] Channel Index 19 :	Data Port: 1d	Channel name: crop_rgb_out_1[25]
[Debug] [2026-4-13 19:58:24] Channel Index 1a :	Data Port: 1e	Channel name: crop_rgb_out_1[26]
[Debug] [2026-4-13 19:58:24] Channel Index 1b :	Data Port: 1f	Channel name: crop_rgb_out_1[27]
[Debug] [2026-4-13 19:58:24] Channel Index 1c :	Data Port: 20	Channel name: crop_rgb_out_1[28]
[Debug] [2026-4-13 19:58:24] Channel Index 1d :	Data Port: 21	Channel name: crop_rgb_out_1[29]
[Debug] [2026-4-13 19:58:24] Channel Index 1e :	Data Port: 22	Channel name: crop_rgb_out_1[30]
[Debug] [2026-4-13 19:58:24] Channel Index 1f :	Data Port: 23	Channel name: crop_rgb_out_1[31]
[Debug] [2026-4-13 19:58:24] Channel Index 20 :	Data Port: 24	Channel name: crop_rgb_out_1[32]
[Debug] [2026-4-13 19:58:24] Channel Index 21 :	Data Port: 25	Channel name: crop_rgb_out_1[33]
[Debug] [2026-4-13 19:58:24] Channel Index 22 :	Data Port: 26	Channel name: crop_rgb_out_1[34]
[Debug] [2026-4-13 19:58:24] Channel Index 23 :	Data Port: 27	Channel name: crop_rgb_out_1[35]
[Debug] [2026-4-13 19:58:24] Channel Index 24 :	Data Port: 28	Channel name: crop_rgb_out_1[36]
[Debug] [2026-4-13 19:58:24] Channel Index 25 :	Data Port: 29	Channel name: crop_rgb_out_1[37]
[Debug] [2026-4-13 19:58:24] Channel Index 26 :	Data Port: 2a	Channel name: crop_rgb_out_1[38]
[Debug] [2026-4-13 19:58:24] Channel Index 27 :	Data Port: 2b	Channel name: crop_rgb_out_1[39]
[Debug] [2026-4-13 19:58:24] Channel Index 28 :	Data Port: 2c	Channel name: crop_rgb_out_1[40]
[Debug] [2026-4-13 19:58:24] Channel Index 29 :	Data Port: 2d	Channel name: crop_rgb_out_1[41]
[Debug] [2026-4-13 19:58:24] Channel Index 2a :	Data Port: 2e	Channel name: crop_rgb_out_1[42]
[Debug] [2026-4-13 19:58:24] Channel Index 2b :	Data Port: 2f	Channel name: crop_rgb_out_1[43]
[Debug] [2026-4-13 19:58:24] Channel Index 2c :	Data Port: 30	Channel name: crop_rgb_out_1[44]
[Debug] [2026-4-13 19:58:24] Channel Index 2d :	Data Port: 31	Channel name: crop_rgb_out_1[45]
[Debug] [2026-4-13 19:58:24] Channel Index 2e :	Data Port: 32	Channel name: crop_rgb_out_1[46]
[Debug] [2026-4-13 19:58:24] Channel Index 2f :	Data Port: 33	Channel name: crop_rgb_out_1[47]
[Debug] [2026-4-13 19:58:24] Channel Index 30 :	Data Port: 34	Channel name: crop_rgb_out_1[48]
[Debug] [2026-4-13 19:58:24] Channel Index 31 :	Data Port: 35	Channel name: crop_rgb_out_1[49]
[Debug] [2026-4-13 19:58:24] Channel Index 32 :	Data Port: 36	Channel name: crop_rgb_out_1[50]
[Debug] [2026-4-13 19:58:24] Channel Index 33 :	Data Port: 37	Channel name: crop_rgb_out_1[51]
[Debug] [2026-4-13 19:58:24] Channel Index 34 :	Data Port: 38	Channel name: crop_rgb_out_1[52]
[Debug] [2026-4-13 19:58:24] Channel Index 35 :	Data Port: 39	Channel name: crop_rgb_out_1[53]
[Debug] [2026-4-13 19:58:24] Channel Index 36 :	Data Port: 3a	Channel name: crop_rgb_out_1[54]
[Debug] [2026-4-13 19:58:24] Channel Index 37 :	Data Port: 3b	Channel name: crop_rgb_out_1[55]
[Debug] [2026-4-13 19:58:24] Channel Index 38 :	Data Port: 3c	Channel name: crop_rgb_out_1[56]
[Debug] [2026-4-13 19:58:24] Channel Index 39 :	Data Port: 3d	Channel name: crop_rgb_out_1[57]
[Debug] [2026-4-13 19:58:24] Channel Index 3a :	Data Port: 3e	Channel name: crop_rgb_out_1[58]
[Debug] [2026-4-13 19:58:24] Channel Index 3b :	Data Port: 3f	Channel name: crop_rgb_out_1[59]
[Debug] [2026-4-13 19:58:24] Channel Index 3c :	Data Port: 40	Channel name: crop_rgb_out_1[60]
[Debug] [2026-4-13 19:58:24] Channel Index 3d :	Data Port: 41	Channel name: crop_rgb_out_1[61]
[Debug] [2026-4-13 19:58:24] Channel Index 3e :	Data Port: 42	Channel name: crop_rgb_out_1[62]
[Debug] [2026-4-13 19:58:24] Channel Index 3f :	Data Port: 43	Channel name: crop_rgb_out_1[63]
[Debug] [2026-4-13 19:58:24] Channel Index 40 :	Data Port: 44	Channel name: crop_rgb_out_1[64]
[Debug] [2026-4-13 19:58:24] Channel Index 41 :	Data Port: 45	Channel name: crop_rgb_out_1[65]
[Debug] [2026-4-13 19:58:24] Channel Index 42 :	Data Port: 46	Channel name: crop_rgb_out_1[66]
[Debug] [2026-4-13 19:58:24] Channel Index 43 :	Data Port: 47	Channel name: crop_rgb_out_1[67]
[Debug] [2026-4-13 19:58:24] Channel Index 44 :	Data Port: 48	Channel name: crop_rgb_out_1[68]
[Debug] [2026-4-13 19:58:24] Channel Index 45 :	Data Port: 49	Channel name: crop_rgb_out_1[69]
[Debug] [2026-4-13 19:58:24] Channel Index 46 :	Data Port: 4a	Channel name: crop_rgb_out_1[70]
[Debug] [2026-4-13 19:58:24] Channel Index 47 :	Data Port: 4b	Channel name: crop_rgb_out_1[71]
[Debug] [2026-4-13 19:58:24] Channel Index 48 :	Data Port: 4c	Channel name: crop_rgb_out_1[72]
[Debug] [2026-4-13 19:58:24] Channel Index 49 :	Data Port: 4d	Channel name: crop_rgb_out_1[73]
[Debug] [2026-4-13 19:58:24] Channel Index 4a :	Data Port: 4e	Channel name: crop_rgb_out_1[74]
[Debug] [2026-4-13 19:58:24] Channel Index 4b :	Data Port: 4f	Channel name: crop_rgb_out_1[75]
[Debug] [2026-4-13 19:58:24] Channel Index 4c :	Data Port: 50	Channel name: crop_rgb_out_1[76]
[Debug] [2026-4-13 19:58:24] Channel Index 4d :	Data Port: 51	Channel name: crop_rgb_out_1[77]
[Debug] [2026-4-13 19:58:24] Channel Index 4e :	Data Port: 52	Channel name: crop_rgb_out_1[78]
[Debug] [2026-4-13 19:58:24] Channel Index 4f :	Data Port: 53	Channel name: crop_rgb_out_1[79]
[Debug] [2026-4-13 19:58:24] Channel Index 50 :	Data Port: 54	Channel name: crop_rgb_out_1[80]
[Debug] [2026-4-13 19:58:24] Channel Index 51 :	Data Port: 55	Channel name: crop_rgb_out_1[81]
[Debug] [2026-4-13 19:58:24] Channel Index 52 :	Data Port: 56	Channel name: crop_rgb_out_1[82]
[Debug] [2026-4-13 19:58:24] Channel Index 53 :	Data Port: 57	Channel name: crop_rgb_out_1[83]
[Debug] [2026-4-13 19:58:24] Channel Index 54 :	Data Port: 58	Channel name: crop_rgb_out_1[84]
[Debug] [2026-4-13 19:58:24] Channel Index 55 :	Data Port: 59	Channel name: crop_rgb_out_1[85]
[Debug] [2026-4-13 19:58:24] Channel Index 56 :	Data Port: 5a	Channel name: crop_rgb_out_1[86]
[Debug] [2026-4-13 19:58:24] Channel Index 57 :	Data Port: 5b	Channel name: crop_rgb_out_1[87]
[Debug] [2026-4-13 19:58:24] Channel Index 58 :	Data Port: 5c	Channel name: crop_rgb_out_1[88]
[Debug] [2026-4-13 19:58:24] Channel Index 59 :	Data Port: 5d	Channel name: crop_rgb_out_1[89]
[Debug] [2026-4-13 19:58:24] Channel Index 5a :	Data Port: 5e	Channel name: crop_rgb_out_1[90]
[Debug] [2026-4-13 19:58:24] Channel Index 5b :	Data Port: 5f	Channel name: crop_rgb_out_1[91]
[Debug] [2026-4-13 19:58:24] Channel Index 5c :	Data Port: 60	Channel name: crop_rgb_out_1[92]
[Debug] [2026-4-13 19:58:24] Channel Index 5d :	Data Port: 61	Channel name: crop_rgb_out_1[93]
[Debug] [2026-4-13 19:58:24] Channel Index 5e :	Data Port: 62	Channel name: crop_rgb_out_1[94]
[Debug] [2026-4-13 19:58:24] Channel Index 5f :	Data Port: 63	Channel name: crop_rgb_out_1[95]
[Debug] [2026-4-13 19:58:24] Bus 2 :
[Debug] [2026-4-13 19:58:24] 	start_crop_wr_1
[Debug] [2026-4-13 19:58:24] Channel Index 0 :	Data Port: 64	Channel name: start_crop_wr_1[0]
[Debug] [2026-4-13 19:58:24] Channel Index 1 :	Data Port: 65	Channel name: start_crop_wr_1[1]
[Debug] [2026-4-13 19:58:24] Channel Index 2 :	Data Port: 66	Channel name: start_crop_wr_1[2]
[Debug] [2026-4-13 19:58:24] Channel Index 3 :	Data Port: 67	Channel name: start_crop_wr_1[3]
[Debug] [2026-4-13 19:58:24] Bus 3 :
[Debug] [2026-4-13 19:58:24] 	end_crop_wr_1
[Debug] [2026-4-13 19:58:24] Channel Index 0 :	Data Port: 68	Channel name: end_crop_wr_1[0]
[Debug] [2026-4-13 19:58:24] Channel Index 1 :	Data Port: 69	Channel name: end_crop_wr_1[1]
[Debug] [2026-4-13 19:58:24] Channel Index 2 :	Data Port: 6a	Channel name: end_crop_wr_1[2]
[Debug] [2026-4-13 19:58:24] Channel Index 3 :	Data Port: 6b	Channel name: end_crop_wr_1[3]
[Debug] [2026-4-13 19:58:24] Bus 4 :
[Debug] [2026-4-13 19:58:24] 	u_box_overlay_sync/gen_crop_fifo[0].nxt_x
[Debug] [2026-4-13 19:58:24] Channel Index 0 :	Data Port: 6c	Channel name: u_box_overlay_sync/gen_crop_fifo[0].nxt_x[0]
[Debug] [2026-4-13 19:58:24] Channel Index 1 :	Data Port: 6d	Channel name: u_box_overlay_sync/gen_crop_fifo[0].nxt_x[1]
[Debug] [2026-4-13 19:58:24] Channel Index 2 :	Data Port: 6e	Channel name: u_box_overlay_sync/gen_crop_fifo[0].nxt_x[2]
[Debug] [2026-4-13 19:58:24] Channel Index 3 :	Data Port: 6f	Channel name: u_box_overlay_sync/gen_crop_fifo[0].nxt_x[3]
[Debug] [2026-4-13 19:58:24] Channel Index 4 :	Data Port: 70	Channel name: u_box_overlay_sync/gen_crop_fifo[0].nxt_x[4]
[Debug] [2026-4-13 19:58:24] Channel Index 5 :	Data Port: 71	Channel name: u_box_overlay_sync/gen_crop_fifo[0].nxt_x[5]
[Debug] [2026-4-13 19:58:24] Channel Index 6 :	Data Port: 72	Channel name: u_box_overlay_sync/gen_crop_fifo[0].nxt_x[6]
[Debug] [2026-4-13 19:58:24] Channel Index 7 :	Data Port: 73	Channel name: u_box_overlay_sync/gen_crop_fifo[0].nxt_x[7]
[Debug] [2026-4-13 19:58:24] Channel Index 8 :	Data Port: 74	Channel name: u_box_overlay_sync/gen_crop_fifo[0].nxt_x[8]
[Debug] [2026-4-13 19:58:24] Channel Index 9 :	Data Port: 75	Channel name: u_box_overlay_sync/gen_crop_fifo[0].nxt_x[9]
[Debug] [2026-4-13 19:58:24] Channel Index a :	Data Port: 76	Channel name: u_box_overlay_sync/gen_crop_fifo[0].nxt_x[10]
[Debug] [2026-4-13 19:58:24] Channel Index b :	Data Port: 77	Channel name: u_box_overlay_sync/gen_crop_fifo[0].nxt_x[11]
[Debug] [2026-4-13 19:58:24] Channel Index c :	Data Port: 78	Channel name: u_box_overlay_sync/gen_crop_fifo[0].nxt_x[12]
[Debug] [2026-4-13 19:58:24] Channel Index d :	Data Port: 79	Channel name: u_box_overlay_sync/gen_crop_fifo[0].nxt_x[13]
[Debug] [2026-4-13 19:58:24] Channel Index e :	Data Port: 7a	Channel name: u_box_overlay_sync/gen_crop_fifo[0].nxt_x[14]
[Debug] [2026-4-13 19:58:24] Bus 5 :
[Debug] [2026-4-13 19:58:24] 	u_box_overlay_sync/gen_crop_fifo[0].cur_rep_x
[Debug] [2026-4-13 19:58:24] Channel Index 0 :	Data Port: 7b	Channel name: u_box_overlay_sync/gen_crop_fifo[0].cur_rep_x[0]
[Debug] [2026-4-13 19:58:24] Channel Index 1 :	Data Port: 7c	Channel name: u_box_overlay_sync/gen_crop_fifo[0].cur_rep_x[1]
[Debug] [2026-4-13 19:58:24] Channel Index 2 :	Data Port: 7d	Channel name: u_box_overlay_sync/gen_crop_fifo[0].cur_rep_x[2]
[Debug] [2026-4-13 19:58:24] Bus 6 :
[Debug] [2026-4-13 19:58:24] 	u_box_overlay_sync/gen_crop_fifo[0].ram_max_ptr
[Debug] [2026-4-13 19:58:24] Channel Index 0 :	Data Port: 7e	Channel name: u_box_overlay_sync/gen_crop_fifo[0].ram_max_ptr[0]
[Debug] [2026-4-13 19:58:24] Channel Index 1 :	Data Port: 7f	Channel name: u_box_overlay_sync/gen_crop_fifo[0].ram_max_ptr[1]
[Debug] [2026-4-13 19:58:24] Channel Index 2 :	Data Port: 80	Channel name: u_box_overlay_sync/gen_crop_fifo[0].ram_max_ptr[2]
[Debug] [2026-4-13 19:58:24] Channel Index 3 :	Data Port: 81	Channel name: u_box_overlay_sync/gen_crop_fifo[0].ram_max_ptr[3]
[Debug] [2026-4-13 19:58:24] Channel Index 4 :	Data Port: 82	Channel name: u_box_overlay_sync/gen_crop_fifo[0].ram_max_ptr[4]
[Debug] [2026-4-13 19:58:24] Channel Index 5 :	Data Port: 83	Channel name: u_box_overlay_sync/gen_crop_fifo[0].ram_max_ptr[5]
[Debug] [2026-4-13 19:58:24] Channel Index 6 :	Data Port: 84	Channel name: u_box_overlay_sync/gen_crop_fifo[0].ram_max_ptr[6]
[Debug] [2026-4-13 19:58:24] Channel Index 7 :	Data Port: 85	Channel name: u_box_overlay_sync/gen_crop_fifo[0].ram_max_ptr[7]
[Debug] [2026-4-13 19:58:24] Bus 7 :
[Debug] [2026-4-13 19:58:24] 	u_box_overlay_sync/gen_crop_fifo[0].ram_rd_ptr
[Debug] [2026-4-13 19:58:24] Channel Index 0 :	Data Port: 86	Channel name: u_box_overlay_sync/gen_crop_fifo[0].ram_rd_ptr[0]
[Debug] [2026-4-13 19:58:24] Channel Index 1 :	Data Port: 87	Channel name: u_box_overlay_sync/gen_crop_fifo[0].ram_rd_ptr[1]
[Debug] [2026-4-13 19:58:24] Channel Index 2 :	Data Port: 88	Channel name: u_box_overlay_sync/gen_crop_fifo[0].ram_rd_ptr[2]
[Debug] [2026-4-13 19:58:24] Channel Index 3 :	Data Port: 89	Channel name: u_box_overlay_sync/gen_crop_fifo[0].ram_rd_ptr[3]
[Debug] [2026-4-13 19:58:24] Channel Index 4 :	Data Port: 8a	Channel name: u_box_overlay_sync/gen_crop_fifo[0].ram_rd_ptr[4]
[Debug] [2026-4-13 19:58:24] Channel Index 5 :	Data Port: 8b	Channel name: u_box_overlay_sync/gen_crop_fifo[0].ram_rd_ptr[5]
[Debug] [2026-4-13 19:58:24] Channel Index 6 :	Data Port: 8c	Channel name: u_box_overlay_sync/gen_crop_fifo[0].ram_rd_ptr[6]
[Debug] [2026-4-13 19:58:24] Channel Index 7 :	Data Port: 8d	Channel name: u_box_overlay_sync/gen_crop_fifo[0].ram_rd_ptr[7]
[Debug] [2026-4-13 19:58:24] Bus 8 :
[Debug] [2026-4-13 19:58:24] 	u_box_overlay_sync/gen_crop_fifo[0].x_acc
[Debug] [2026-4-13 19:58:24] Channel Index 0 :	Data Port: 8e	Channel name: u_box_overlay_sync/gen_crop_fifo[0].x_acc[0]
[Debug] [2026-4-13 19:58:24] Channel Index 1 :	Data Port: 8f	Channel name: u_box_overlay_sync/gen_crop_fifo[0].x_acc[1]
[Debug] [2026-4-13 19:58:24] Channel Index 2 :	Data Port: 90	Channel name: u_box_overlay_sync/gen_crop_fifo[0].x_acc[2]
[Debug] [2026-4-13 19:58:24] Channel Index 3 :	Data Port: 91	Channel name: u_box_overlay_sync/gen_crop_fifo[0].x_acc[3]
[Debug] [2026-4-13 19:58:24] Channel Index 4 :	Data Port: 92	Channel name: u_box_overlay_sync/gen_crop_fifo[0].x_acc[4]
[Debug] [2026-4-13 19:58:24] Channel Index 5 :	Data Port: 93	Channel name: u_box_overlay_sync/gen_crop_fifo[0].x_acc[5]
[Debug] [2026-4-13 19:58:24] Channel Index 6 :	Data Port: 94	Channel name: u_box_overlay_sync/gen_crop_fifo[0].x_acc[6]
[Debug] [2026-4-13 19:58:24] Channel Index 7 :	Data Port: 95	Channel name: u_box_overlay_sync/gen_crop_fifo[0].x_acc[7]
[Debug] [2026-4-13 19:58:24] Channel Index 8 :	Data Port: 96	Channel name: u_box_overlay_sync/gen_crop_fifo[0].x_acc[8]
[Debug] [2026-4-13 19:58:24] Channel Index 9 :	Data Port: 97	Channel name: u_box_overlay_sync/gen_crop_fifo[0].x_acc[9]
[Debug] [2026-4-13 19:58:24] Channel Index a :	Data Port: 98	Channel name: u_box_overlay_sync/gen_crop_fifo[0].x_acc[10]
[Debug] [2026-4-13 19:58:24] Channel Index b :	Data Port: 99	Channel name: u_box_overlay_sync/gen_crop_fifo[0].x_acc[11]
[Debug] [2026-4-13 19:58:24] Channel Index c :	Data Port: 9a	Channel name: u_box_overlay_sync/gen_crop_fifo[0].x_acc[12]
[Debug] [2026-4-13 19:58:24] Channel Index d :	Data Port: 9b	Channel name: u_box_overlay_sync/gen_crop_fifo[0].x_acc[13]
[Debug] [2026-4-13 19:58:24] Channel Index e :	Data Port: 9c	Channel name: u_box_overlay_sync/gen_crop_fifo[0].x_acc[14]
[Debug] [2026-4-13 19:58:24] Channel Index f :	Data Port: 9d	Channel name: u_box_overlay_sync/gen_crop_fifo[0].x_acc[15]
[Debug] [2026-4-13 19:58:24] Trigger Condition: 
[Debug] [2026-4-13 19:58:24] Trigger Condition 0 :
[Debug] [2026-4-13 19:58:24] 	Is active: true
[Debug] [2026-4-13 19:58:24] 	Name: TriggerCondition0
[Debug] [2026-4-13 19:58:24] 	Equation: TU0
[Debug] [2026-4-13 19:58:24] 	Output enable type: 0
[Debug] [2026-4-13 19:58:24] 	Trigger condition type: 0
[Debug] [2026-4-13 19:58:24] 	Use contiguous match event: false
[Debug] [2026-4-13 19:58:24] /**************************************************************/
[Warn] [2026-4-13 19:58:24] MsgOut: Core 0 is stopped by user
[Error] [2026-4-13 19:58:24] MsgOut: Debugger-0006: Command run exec unsuccessfully.
[Debug] [2026-4-13 19:58:29] Operation: Trigger.
[Debug] [2026-4-13 19:58:29] Log::Print : run
[Debug] [2026-4-13 19:58:29] Send RPC: 12.
[Debug] [2026-4-13 19:58:29] Send cmd [run:2713] OK
[Info] [2026-4-13 19:58:29] MsgOut: Core 0 trigger successful at Mon Apr 13 19:58:29 2026
[Debug] [2026-4-13 19:58:30] Operation: ZoomFit
[Debug] [2026-4-13 19:58:30] Finish.
[Debug] [2026-4-13 19:58:30] [BusValue] Opt:Flush.
[Debug] [2026-4-13 19:58:30] [BusValue] Opt:Update.
[Info] [2026-4-13 19:58:30] MsgOut: COMMAND[run] execute successfully, takes 1.1 secs.
[Debug] [2026-4-13 19:58:30] COMMAND[run] execute successfully, takes 1.1 secs.
[Debug] [2026-4-13 19:59:00] Operation: Trigger.
[Debug] [2026-4-13 19:59:00] Log::Print : run
[Debug] [2026-4-13 19:59:00] Send RPC: 13.
[Debug] [2026-4-13 19:59:00] Send cmd [run:2713] OK
[Info] [2026-4-13 19:59:01] MsgOut: Core 0 trigger successful at Mon Apr 13 19:59:01 2026
[Debug] [2026-4-13 19:59:01] Operation: ZoomFit
[Debug] [2026-4-13 19:59:01] Finish.
[Debug] [2026-4-13 19:59:01] [BusValue] Opt:Flush.
[Debug] [2026-4-13 19:59:01] [BusValue] Opt:Update.
[Info] [2026-4-13 19:59:01] MsgOut: COMMAND[run] execute successfully, takes 1.1 secs.
[Debug] [2026-4-13 19:59:01] COMMAND[run] execute successfully, takes 1.1 secs.
[Debug] [2026-4-13 19:59:02] Operation: ZoomOut
[Debug] [2026-4-13 19:59:02] Operation: ZoomOut
[Debug] [2026-4-13 19:59:02] Operation: ZoomOut
[Debug] [2026-4-13 19:59:03] Operation: ZoomOut
[Debug] [2026-4-13 19:59:05] Operation: Zoom in.
[Debug] [2026-4-13 19:59:05] Finish.
[Debug] [2026-4-13 19:59:05] Operation: Zoom in.
[Debug] [2026-4-13 19:59:05] Finish.
[Debug] [2026-4-13 19:59:06] Operation: ZoomOut
[Debug] [2026-4-13 19:59:06] Finish.
[Debug] [2026-4-13 19:59:06] Operation: ZoomOut
[Debug] [2026-4-13 19:59:06] Finish.
[Debug] [2026-4-13 19:59:07] Operation: ZoomOut
[Debug] [2026-4-13 19:59:07] Operation: ZoomOut
[Debug] [2026-4-13 19:59:07] Operation: ZoomOut
[Debug] [2026-4-13 19:59:07] Operation: ZoomOut
[Debug] [2026-4-13 19:59:11] Operation: Trigger.
[Debug] [2026-4-13 19:59:11] Log::Print : run
[Debug] [2026-4-13 19:59:11] Send RPC: 14.
[Debug] [2026-4-13 19:59:11] Send cmd [run:2713] OK
[Info] [2026-4-13 19:59:12] MsgOut: Core 0 trigger successful at Mon Apr 13 19:59:12 2026
[Debug] [2026-4-13 19:59:12] Operation: ZoomFit
[Debug] [2026-4-13 19:59:12] Finish.
[Debug] [2026-4-13 19:59:12] [BusValue] Opt:Flush.
[Debug] [2026-4-13 19:59:12] [BusValue] Opt:Update.
[Info] [2026-4-13 19:59:12] MsgOut: COMMAND[run] execute successfully, takes 1.1 secs.
[Debug] [2026-4-13 19:59:12] COMMAND[run] execute successfully, takes 1.1 secs.
[Debug] [2026-4-13 19:59:18] Operation: Zoom in.
[Debug] [2026-4-13 19:59:18] Finish.
[Debug] [2026-4-13 19:59:19] Operation: Zoom in.
[Debug] [2026-4-13 19:59:19] Finish.
[Debug] [2026-4-13 19:59:19] Operation: Zoom in.
[Debug] [2026-4-13 19:59:19] Finish.
[Debug] [2026-4-13 19:59:19] Operation: Zoom in.
[Debug] [2026-4-13 19:59:19] Finish.
[Debug] [2026-4-13 19:59:20] Operation: ZoomOut
[Debug] [2026-4-13 19:59:20] Finish.
[Debug] [2026-4-13 19:59:20] Operation: ZoomOut
[Debug] [2026-4-13 19:59:20] Finish.
[Debug] [2026-4-13 19:59:20] Operation: ZoomOut
[Debug] [2026-4-13 19:59:20] Finish.
[Debug] [2026-4-13 19:59:20] Operation: ZoomOut
[Debug] [2026-4-13 19:59:20] Finish.
[Debug] [2026-4-13 19:59:20] Operation: ZoomOut
[Debug] [2026-4-13 19:59:20] Operation: ZoomOut
[Debug] [2026-4-13 19:59:20] Operation: ZoomOut
[Debug] [2026-4-13 19:59:36] Operation: Trigger.
[Debug] [2026-4-13 19:59:36] Log::Print : run
[Debug] [2026-4-13 19:59:36] Send RPC: 15.
[Debug] [2026-4-13 19:59:36] Send cmd [run:2713] OK
[Info] [2026-4-13 19:59:37] MsgOut: Core 0 trigger successful at Mon Apr 13 19:59:37 2026
[Debug] [2026-4-13 19:59:37] Operation: ZoomFit
[Debug] [2026-4-13 19:59:37] Finish.
[Debug] [2026-4-13 19:59:37] [BusValue] Opt:Flush.
[Debug] [2026-4-13 19:59:37] [BusValue] Opt:Update.
[Info] [2026-4-13 19:59:37] MsgOut: COMMAND[run] execute successfully, takes 1.1 secs.
[Debug] [2026-4-13 19:59:37] COMMAND[run] execute successfully, takes 1.1 secs.
[Debug] [2026-4-13 19:59:39] Operation: Zoom in.
[Debug] [2026-4-13 19:59:39] Finish.
[Debug] [2026-4-13 19:59:39] Operation: Zoom in.
[Debug] [2026-4-13 19:59:39] Finish.
[Debug] [2026-4-13 19:59:40] Operation: Zoom in.
[Debug] [2026-4-13 19:59:40] Finish.
[Debug] [2026-4-13 19:59:40] Operation: Zoom in.
[Debug] [2026-4-13 19:59:40] Finish.
[Debug] [2026-4-13 19:59:41] Operation: Zoom in.
[Debug] [2026-4-13 19:59:41] Finish.
[Debug] [2026-4-13 19:59:41] Operation: Zoom in.
[Debug] [2026-4-13 19:59:41] Finish.
[Debug] [2026-4-13 19:59:56] Operation: Trigger.
[Debug] [2026-4-13 19:59:56] Log::Print : run
[Debug] [2026-4-13 19:59:56] Send RPC: 16.
[Debug] [2026-4-13 19:59:56] Send cmd [run:2713] OK
[Info] [2026-4-13 19:59:56] MsgOut: Core 0 trigger successful at Mon Apr 13 19:59:56 2026
[Debug] [2026-4-13 19:59:57] Operation: ZoomFit
[Debug] [2026-4-13 19:59:57] Finish.
[Debug] [2026-4-13 19:59:57] [BusValue] Opt:Flush.
[Debug] [2026-4-13 19:59:57] [BusValue] Opt:Update.
[Info] [2026-4-13 19:59:57] MsgOut: COMMAND[run] execute successfully, takes 1.1 secs.
[Debug] [2026-4-13 19:59:57] COMMAND[run] execute successfully, takes 1.1 secs.
[Debug] [2026-4-13 19:59:57] Operation: ZoomOut
[Debug] [2026-4-13 19:59:57] Finish.
[Debug] [2026-4-13 19:59:57] Operation: ZoomOut
[Debug] [2026-4-13 19:59:57] Finish.
[Debug] [2026-4-13 19:59:57] Operation: ZoomOut
[Debug] [2026-4-13 19:59:57] Finish.
[Debug] [2026-4-13 19:59:58] Operation: ZoomOut
[Debug] [2026-4-13 19:59:58] Finish.
[Debug] [2026-4-13 19:59:58] Operation: ZoomOut
[Debug] [2026-4-13 19:59:58] Finish.
[Debug] [2026-4-13 19:59:58] Operation: ZoomOut
[Debug] [2026-4-13 19:59:58] Finish.
[Debug] [2026-4-13 19:59:59] Operation: Zoom in.
[Debug] [2026-4-13 19:59:59] Finish.
[Debug] [2026-4-13 19:59:59] Operation: Zoom in.
[Debug] [2026-4-13 19:59:59] Finish.
[Debug] [2026-4-13 19:59:59] Operation: Zoom in.
[Debug] [2026-4-13 19:59:59] Finish.
[Debug] [2026-4-13 19:59:59] Operation: Zoom in.
[Debug] [2026-4-13 19:59:59] Finish.
[Debug] [2026-4-13 19:59:59] Operation: Zoom in.
[Debug] [2026-4-13 19:59:59] Finish.
[Debug] [2026-4-13 20:00:05] Operation: Zoom in.
[Debug] [2026-4-13 20:00:05] Finish.
[Debug] [2026-4-13 20:00:05] Operation: Zoom in.
[Debug] [2026-4-13 20:00:05] Finish.
[Debug] [2026-4-13 20:00:06] Operation: ZoomOut
[Debug] [2026-4-13 20:00:06] Finish.
[Debug] [2026-4-13 20:01:31] Operation: ZoomOut
[Debug] [2026-4-13 20:01:31] Finish.
[Debug] [2026-4-13 20:01:31] Operation: ZoomOut
[Debug] [2026-4-13 20:01:31] Finish.
[Debug] [2026-4-13 20:01:31] Operation: ZoomOut
[Debug] [2026-4-13 20:01:31] Finish.
[Debug] [2026-4-13 20:01:31] Operation: ZoomOut
[Debug] [2026-4-13 20:01:31] Finish.
[Debug] [2026-4-13 20:01:31] Operation: ZoomOut
[Debug] [2026-4-13 20:01:31] Finish.
[Debug] [2026-4-13 20:01:31] Operation: ZoomOut
[Debug] [2026-4-13 20:01:31] Finish.
[Debug] [2026-4-13 20:01:32] Operation: Zoom in.
[Debug] [2026-4-13 20:01:32] Finish.
[Debug] [2026-4-13 20:01:32] Operation: Zoom in.
[Debug] [2026-4-13 20:01:32] Finish.
[Debug] [2026-4-13 20:01:32] Operation: Zoom in.
[Debug] [2026-4-13 20:01:32] Finish.
[Debug] [2026-4-13 20:01:32] Operation: Zoom in.
[Debug] [2026-4-13 20:01:32] Finish.
[Debug] [2026-4-13 20:01:33] Operation: ZoomOut
[Debug] [2026-4-13 20:01:33] Finish.
[Debug] [2026-4-13 20:01:33] Operation: ZoomOut
[Debug] [2026-4-13 20:01:33] Finish.
[Debug] [2026-4-13 20:01:33] Operation: ZoomOut
[Debug] [2026-4-13 20:01:33] Finish.
[Debug] [2026-4-13 20:01:33] Operation: ZoomOut
[Debug] [2026-4-13 20:01:33] Finish.
[Debug] [2026-4-13 20:01:33] Operation: ZoomOut
[Debug] [2026-4-13 20:01:36] Operation: Zoom in.
[Debug] [2026-4-13 20:01:36] Finish.
[Debug] [2026-4-13 20:01:36] Operation: Zoom in.
[Debug] [2026-4-13 20:01:36] Finish.
[Debug] [2026-4-13 20:01:36] Operation: Zoom in.
[Debug] [2026-4-13 20:01:36] Finish.
[Debug] [2026-4-13 20:01:41] Operation: Trigger.
[Debug] [2026-4-13 20:01:41] Log::Print : run
[Debug] [2026-4-13 20:01:41] Send RPC: 17.
[Debug] [2026-4-13 20:01:41] Send cmd [run:2713] OK
[Debug] [2026-4-13 20:01:47] Operation: Stop trigger.
[Debug] [2026-4-13 20:01:47] Log::Print : stop
[Debug] [2026-4-13 20:01:47] Send RPC: 18.
[Debug] [2026-4-13 20:01:47] Send cmd [stop:271a] OK
[Error] [2026-4-13 20:01:47] Fail to exec trigger command.
[Error] [2026-4-13 20:01:47] cmdid:2713 HandleErrorExec msg:JtagServer-0306: No devices detected while scanning the JTAG chain, failed detecting JTAG device chain.
[Debug] [2026-4-13 20:01:47] HandleErrorExec run Show Core:
[Debug] [2026-4-13 20:01:47] /******************** Core Information *************************/
[Debug] [2026-4-13 20:01:47] Core basic info: 
[Debug] [2026-4-13 20:01:47] 	Core version: 0x9001f003
[Debug] [2026-4-13 20:01:47] 	Index: 0
[Debug] [2026-4-13 20:01:47] 	Name: MyFLA0
[Debug] [2026-4-13 20:01:47] 	Core type: 
[Debug] [2026-4-13 20:01:47] 	Data same as trigger: true
[Debug] [2026-4-13 20:01:47] 	Storage qualification: false
[Debug] [2026-4-13 20:01:47] 	Max data depth: 200
[Debug] [2026-4-13 20:01:47] 	Sample data width: 9e
[Debug] [2026-4-13 20:01:47] 	Trigger sequencer level: 1
[Debug] [2026-4-13 20:01:47] 	Trigger output enabled: false
[Debug] [2026-4-13 20:01:47] 	Multi windows enabled: false
[Debug] [2026-4-13 20:01:47] 	Reset wave property status: false
[Debug] [2026-4-13 20:01:47] Core Property: 
[Debug] [2026-4-13 20:01:47] 	Core version: 0x9001f003
[Debug] [2026-4-13 20:01:47] 	Index: 0
[Debug] [2026-4-13 20:01:47] 	Core type: 
[Debug] [2026-4-13 20:01:47] 	Data same as trigger: true
[Debug] [2026-4-13 20:01:47] 	Storage qualification: false
[Debug] [2026-4-13 20:01:47] 	Trigger output enabled: false
[Debug] [2026-4-13 20:01:47] 	Multi windows enabled: false
[Debug] [2026-4-13 20:01:47] 	Max data depth: 200
[Debug] [2026-4-13 20:01:47] 	Sample data width: 9e
[Debug] [2026-4-13 20:01:47] 	Trigger sequencer level: 1
[Debug] [2026-4-13 20:01:47] 	Channel num		Match unit num		Match unit type		Counter width		Port is data
[Debug] [2026-4-13 20:01:47] 	Trigger port 0 : 	9e	1	1	0	true
[Debug] [2026-4-13 20:01:47] Signals Property: 
[Debug] [2026-4-13 20:01:47] 	Window num: 1
[Debug] [2026-4-13 20:01:47] 	Samples num in window: 200
[Debug] [2026-4-13 20:01:47] 	Trigger time in window: 100
[Debug] [2026-4-13 20:01:47] 	Samples num: 200
[Debug] [2026-4-13 20:01:47] 	Negative time: true
[Debug] [2026-4-13 20:01:47] 	Signal type: 0
[Debug] [2026-4-13 20:01:47] 	Total trigger position: 1
[Debug] [2026-4-13 20:01:47] Storage Style Property: 
[Debug] [2026-4-13 20:01:47] 	Style type: 0
[Debug] [2026-4-13 20:01:47] 	Windows num: 1
[Debug] [2026-4-13 20:01:47] 	Depth per window: 200
[Debug] [2026-4-13 20:01:47] 	Window position: 100
[Debug] [2026-4-13 20:01:47] 	Samples per trigger: 200
[Debug] [2026-4-13 20:01:47] 	Storage qualification: All Data
[Debug] [2026-4-13 20:01:47] Data Port: 
[Debug] [2026-4-13 20:01:47] 	Max depth: 0
[Debug] [2026-4-13 20:01:47] 	Depth: 0
[Debug] [2026-4-13 20:01:47] Trigger Port: 
[Debug] [2026-4-13 20:01:47] Trigger Port 0 :
[Debug] [2026-4-13 20:01:47] 	Port index: 0
[Debug] [2026-4-13 20:01:47] 	Match type: 1
[Debug] [2026-4-13 20:01:47] 	Counter width: 0
[Debug] [2026-4-13 20:01:47] 	Is data: true
[Debug] [2026-4-13 20:01:47] Match Unit: 
[Debug] [2026-4-13 20:01:47] Match Unit 0 :
[Debug] [2026-4-13 20:01:47] 	Trigger port index: 0
[Debug] [2026-4-13 20:01:47] 	Value: XXXXXXXXXXXXXXXXXXXXXXXXXXXXXXXXXXXXXXXXXXXXXXXXXXXXXXXXXXXXXXXXXXXXXXXXXXXXXXXXXXXXXXXXXXXXXXXXXXXXXXXXXXXXXXXXXXXXXXXXXXXXXXXXXXXXXXXXXXXXXXXXXXXXXXXXXX1XXX
[Debug] [2026-4-13 20:01:47] 	Index: 0
[Debug] [2026-4-13 20:01:47] 	Function: 0
[Debug] [2026-4-13 20:01:47] 	Radix: 
[Debug] [2026-4-13 20:01:47] 	Counter match event: 0
[Debug] [2026-4-13 20:01:47] 	Counter cycles: 1
[Debug] [2026-4-13 20:01:47] 	Trigger output enabled: true
[Debug] [2026-4-13 20:01:47] 	Range form : 00000000000000000000000000000000000000000000000000000000000000000000000000000000000000000000000000000000000000000000000000000000000000000000000000000000000000 to 00000000000000000000000000000000000000000000000000000000000000000000000000000000000000000000000000000000000000000000000000000000000000000000000000000000000000
[Debug] [2026-4-13 20:01:47] 	Is tp need deleted: false
[Debug] [2026-4-13 20:01:47] Bus: 
[Debug] [2026-4-13 20:01:47] Bus 0 :
[Debug] [2026-4-13 20:01:47] 	crop_wr_en_1
[Debug] [2026-4-13 20:01:47] Channel Index 0 :	Data Port: 0	Channel name: crop_wr_en_1[0]
[Debug] [2026-4-13 20:01:47] Channel Index 1 :	Data Port: 1	Channel name: crop_wr_en_1[1]
[Debug] [2026-4-13 20:01:47] Channel Index 2 :	Data Port: 2	Channel name: crop_wr_en_1[2]
[Debug] [2026-4-13 20:01:47] Channel Index 3 :	Data Port: 3	Channel name: crop_wr_en_1[3]
[Debug] [2026-4-13 20:01:47] Bus 1 :
[Debug] [2026-4-13 20:01:47] 	crop_rgb_out_1
[Debug] [2026-4-13 20:01:47] Channel Index 0 :	Data Port: 4	Channel name: crop_rgb_out_1[0]
[Debug] [2026-4-13 20:01:47] Channel Index 1 :	Data Port: 5	Channel name: crop_rgb_out_1[1]
[Debug] [2026-4-13 20:01:47] Channel Index 2 :	Data Port: 6	Channel name: crop_rgb_out_1[2]
[Debug] [2026-4-13 20:01:47] Channel Index 3 :	Data Port: 7	Channel name: crop_rgb_out_1[3]
[Debug] [2026-4-13 20:01:47] Channel Index 4 :	Data Port: 8	Channel name: crop_rgb_out_1[4]
[Debug] [2026-4-13 20:01:47] Channel Index 5 :	Data Port: 9	Channel name: crop_rgb_out_1[5]
[Debug] [2026-4-13 20:01:47] Channel Index 6 :	Data Port: a	Channel name: crop_rgb_out_1[6]
[Debug] [2026-4-13 20:01:47] Channel Index 7 :	Data Port: b	Channel name: crop_rgb_out_1[7]
[Debug] [2026-4-13 20:01:47] Channel Index 8 :	Data Port: c	Channel name: crop_rgb_out_1[8]
[Debug] [2026-4-13 20:01:47] Channel Index 9 :	Data Port: d	Channel name: crop_rgb_out_1[9]
[Debug] [2026-4-13 20:01:47] Channel Index a :	Data Port: e	Channel name: crop_rgb_out_1[10]
[Debug] [2026-4-13 20:01:47] Channel Index b :	Data Port: f	Channel name: crop_rgb_out_1[11]
[Debug] [2026-4-13 20:01:47] Channel Index c :	Data Port: 10	Channel name: crop_rgb_out_1[12]
[Debug] [2026-4-13 20:01:47] Channel Index d :	Data Port: 11	Channel name: crop_rgb_out_1[13]
[Debug] [2026-4-13 20:01:47] Channel Index e :	Data Port: 12	Channel name: crop_rgb_out_1[14]
[Debug] [2026-4-13 20:01:47] Channel Index f :	Data Port: 13	Channel name: crop_rgb_out_1[15]
[Debug] [2026-4-13 20:01:47] Channel Index 10 :	Data Port: 14	Channel name: crop_rgb_out_1[16]
[Debug] [2026-4-13 20:01:47] Channel Index 11 :	Data Port: 15	Channel name: crop_rgb_out_1[17]
[Debug] [2026-4-13 20:01:47] Channel Index 12 :	Data Port: 16	Channel name: crop_rgb_out_1[18]
[Debug] [2026-4-13 20:01:47] Channel Index 13 :	Data Port: 17	Channel name: crop_rgb_out_1[19]
[Debug] [2026-4-13 20:01:47] Channel Index 14 :	Data Port: 18	Channel name: crop_rgb_out_1[20]
[Debug] [2026-4-13 20:01:47] Channel Index 15 :	Data Port: 19	Channel name: crop_rgb_out_1[21]
[Debug] [2026-4-13 20:01:47] Channel Index 16 :	Data Port: 1a	Channel name: crop_rgb_out_1[22]
[Debug] [2026-4-13 20:01:47] Channel Index 17 :	Data Port: 1b	Channel name: crop_rgb_out_1[23]
[Debug] [2026-4-13 20:01:47] Channel Index 18 :	Data Port: 1c	Channel name: crop_rgb_out_1[24]
[Debug] [2026-4-13 20:01:47] Channel Index 19 :	Data Port: 1d	Channel name: crop_rgb_out_1[25]
[Debug] [2026-4-13 20:01:47] Channel Index 1a :	Data Port: 1e	Channel name: crop_rgb_out_1[26]
[Debug] [2026-4-13 20:01:47] Channel Index 1b :	Data Port: 1f	Channel name: crop_rgb_out_1[27]
[Debug] [2026-4-13 20:01:47] Channel Index 1c :	Data Port: 20	Channel name: crop_rgb_out_1[28]
[Debug] [2026-4-13 20:01:47] Channel Index 1d :	Data Port: 21	Channel name: crop_rgb_out_1[29]
[Debug] [2026-4-13 20:01:47] Channel Index 1e :	Data Port: 22	Channel name: crop_rgb_out_1[30]
[Debug] [2026-4-13 20:01:47] Channel Index 1f :	Data Port: 23	Channel name: crop_rgb_out_1[31]
[Debug] [2026-4-13 20:01:47] Channel Index 20 :	Data Port: 24	Channel name: crop_rgb_out_1[32]
[Debug] [2026-4-13 20:01:47] Channel Index 21 :	Data Port: 25	Channel name: crop_rgb_out_1[33]
[Debug] [2026-4-13 20:01:47] Channel Index 22 :	Data Port: 26	Channel name: crop_rgb_out_1[34]
[Debug] [2026-4-13 20:01:47] Channel Index 23 :	Data Port: 27	Channel name: crop_rgb_out_1[35]
[Debug] [2026-4-13 20:01:47] Channel Index 24 :	Data Port: 28	Channel name: crop_rgb_out_1[36]
[Debug] [2026-4-13 20:01:47] Channel Index 25 :	Data Port: 29	Channel name: crop_rgb_out_1[37]
[Debug] [2026-4-13 20:01:47] Channel Index 26 :	Data Port: 2a	Channel name: crop_rgb_out_1[38]
[Debug] [2026-4-13 20:01:47] Channel Index 27 :	Data Port: 2b	Channel name: crop_rgb_out_1[39]
[Debug] [2026-4-13 20:01:47] Channel Index 28 :	Data Port: 2c	Channel name: crop_rgb_out_1[40]
[Debug] [2026-4-13 20:01:47] Channel Index 29 :	Data Port: 2d	Channel name: crop_rgb_out_1[41]
[Debug] [2026-4-13 20:01:47] Channel Index 2a :	Data Port: 2e	Channel name: crop_rgb_out_1[42]
[Debug] [2026-4-13 20:01:47] Channel Index 2b :	Data Port: 2f	Channel name: crop_rgb_out_1[43]
[Debug] [2026-4-13 20:01:47] Channel Index 2c :	Data Port: 30	Channel name: crop_rgb_out_1[44]
[Debug] [2026-4-13 20:01:47] Channel Index 2d :	Data Port: 31	Channel name: crop_rgb_out_1[45]
[Debug] [2026-4-13 20:01:47] Channel Index 2e :	Data Port: 32	Channel name: crop_rgb_out_1[46]
[Debug] [2026-4-13 20:01:47] Channel Index 2f :	Data Port: 33	Channel name: crop_rgb_out_1[47]
[Debug] [2026-4-13 20:01:47] Channel Index 30 :	Data Port: 34	Channel name: crop_rgb_out_1[48]
[Debug] [2026-4-13 20:01:47] Channel Index 31 :	Data Port: 35	Channel name: crop_rgb_out_1[49]
[Debug] [2026-4-13 20:01:47] Channel Index 32 :	Data Port: 36	Channel name: crop_rgb_out_1[50]
[Debug] [2026-4-13 20:01:47] Channel Index 33 :	Data Port: 37	Channel name: crop_rgb_out_1[51]
[Debug] [2026-4-13 20:01:47] Channel Index 34 :	Data Port: 38	Channel name: crop_rgb_out_1[52]
[Debug] [2026-4-13 20:01:47] Channel Index 35 :	Data Port: 39	Channel name: crop_rgb_out_1[53]
[Debug] [2026-4-13 20:01:47] Channel Index 36 :	Data Port: 3a	Channel name: crop_rgb_out_1[54]
[Debug] [2026-4-13 20:01:47] Channel Index 37 :	Data Port: 3b	Channel name: crop_rgb_out_1[55]
[Debug] [2026-4-13 20:01:47] Channel Index 38 :	Data Port: 3c	Channel name: crop_rgb_out_1[56]
[Debug] [2026-4-13 20:01:47] Channel Index 39 :	Data Port: 3d	Channel name: crop_rgb_out_1[57]
[Debug] [2026-4-13 20:01:47] Channel Index 3a :	Data Port: 3e	Channel name: crop_rgb_out_1[58]
[Debug] [2026-4-13 20:01:47] Channel Index 3b :	Data Port: 3f	Channel name: crop_rgb_out_1[59]
[Debug] [2026-4-13 20:01:47] Channel Index 3c :	Data Port: 40	Channel name: crop_rgb_out_1[60]
[Debug] [2026-4-13 20:01:47] Channel Index 3d :	Data Port: 41	Channel name: crop_rgb_out_1[61]
[Debug] [2026-4-13 20:01:47] Channel Index 3e :	Data Port: 42	Channel name: crop_rgb_out_1[62]
[Debug] [2026-4-13 20:01:47] Channel Index 3f :	Data Port: 43	Channel name: crop_rgb_out_1[63]
[Debug] [2026-4-13 20:01:47] Channel Index 40 :	Data Port: 44	Channel name: crop_rgb_out_1[64]
[Debug] [2026-4-13 20:01:47] Channel Index 41 :	Data Port: 45	Channel name: crop_rgb_out_1[65]
[Debug] [2026-4-13 20:01:47] Channel Index 42 :	Data Port: 46	Channel name: crop_rgb_out_1[66]
[Debug] [2026-4-13 20:01:47] Channel Index 43 :	Data Port: 47	Channel name: crop_rgb_out_1[67]
[Debug] [2026-4-13 20:01:47] Channel Index 44 :	Data Port: 48	Channel name: crop_rgb_out_1[68]
[Debug] [2026-4-13 20:01:47] Channel Index 45 :	Data Port: 49	Channel name: crop_rgb_out_1[69]
[Debug] [2026-4-13 20:01:47] Channel Index 46 :	Data Port: 4a	Channel name: crop_rgb_out_1[70]
[Debug] [2026-4-13 20:01:47] Channel Index 47 :	Data Port: 4b	Channel name: crop_rgb_out_1[71]
[Debug] [2026-4-13 20:01:47] Channel Index 48 :	Data Port: 4c	Channel name: crop_rgb_out_1[72]
[Debug] [2026-4-13 20:01:47] Channel Index 49 :	Data Port: 4d	Channel name: crop_rgb_out_1[73]
[Debug] [2026-4-13 20:01:47] Channel Index 4a :	Data Port: 4e	Channel name: crop_rgb_out_1[74]
[Debug] [2026-4-13 20:01:47] Channel Index 4b :	Data Port: 4f	Channel name: crop_rgb_out_1[75]
[Debug] [2026-4-13 20:01:47] Channel Index 4c :	Data Port: 50	Channel name: crop_rgb_out_1[76]
[Debug] [2026-4-13 20:01:47] Channel Index 4d :	Data Port: 51	Channel name: crop_rgb_out_1[77]
[Debug] [2026-4-13 20:01:47] Channel Index 4e :	Data Port: 52	Channel name: crop_rgb_out_1[78]
[Debug] [2026-4-13 20:01:47] Channel Index 4f :	Data Port: 53	Channel name: crop_rgb_out_1[79]
[Debug] [2026-4-13 20:01:47] Channel Index 50 :	Data Port: 54	Channel name: crop_rgb_out_1[80]
[Debug] [2026-4-13 20:01:47] Channel Index 51 :	Data Port: 55	Channel name: crop_rgb_out_1[81]
[Debug] [2026-4-13 20:01:47] Channel Index 52 :	Data Port: 56	Channel name: crop_rgb_out_1[82]
[Debug] [2026-4-13 20:01:47] Channel Index 53 :	Data Port: 57	Channel name: crop_rgb_out_1[83]
[Debug] [2026-4-13 20:01:47] Channel Index 54 :	Data Port: 58	Channel name: crop_rgb_out_1[84]
[Debug] [2026-4-13 20:01:47] Channel Index 55 :	Data Port: 59	Channel name: crop_rgb_out_1[85]
[Debug] [2026-4-13 20:01:47] Channel Index 56 :	Data Port: 5a	Channel name: crop_rgb_out_1[86]
[Debug] [2026-4-13 20:01:47] Channel Index 57 :	Data Port: 5b	Channel name: crop_rgb_out_1[87]
[Debug] [2026-4-13 20:01:47] Channel Index 58 :	Data Port: 5c	Channel name: crop_rgb_out_1[88]
[Debug] [2026-4-13 20:01:47] Channel Index 59 :	Data Port: 5d	Channel name: crop_rgb_out_1[89]
[Debug] [2026-4-13 20:01:47] Channel Index 5a :	Data Port: 5e	Channel name: crop_rgb_out_1[90]
[Debug] [2026-4-13 20:01:47] Channel Index 5b :	Data Port: 5f	Channel name: crop_rgb_out_1[91]
[Debug] [2026-4-13 20:01:47] Channel Index 5c :	Data Port: 60	Channel name: crop_rgb_out_1[92]
[Debug] [2026-4-13 20:01:47] Channel Index 5d :	Data Port: 61	Channel name: crop_rgb_out_1[93]
[Debug] [2026-4-13 20:01:47] Channel Index 5e :	Data Port: 62	Channel name: crop_rgb_out_1[94]
[Debug] [2026-4-13 20:01:47] Channel Index 5f :	Data Port: 63	Channel name: crop_rgb_out_1[95]
[Debug] [2026-4-13 20:01:47] Bus 2 :
[Debug] [2026-4-13 20:01:47] 	start_crop_wr_1
[Debug] [2026-4-13 20:01:47] Channel Index 0 :	Data Port: 64	Channel name: start_crop_wr_1[0]
[Debug] [2026-4-13 20:01:47] Channel Index 1 :	Data Port: 65	Channel name: start_crop_wr_1[1]
[Debug] [2026-4-13 20:01:47] Channel Index 2 :	Data Port: 66	Channel name: start_crop_wr_1[2]
[Debug] [2026-4-13 20:01:47] Channel Index 3 :	Data Port: 67	Channel name: start_crop_wr_1[3]
[Debug] [2026-4-13 20:01:47] Bus 3 :
[Debug] [2026-4-13 20:01:47] 	end_crop_wr_1
[Debug] [2026-4-13 20:01:47] Channel Index 0 :	Data Port: 68	Channel name: end_crop_wr_1[0]
[Debug] [2026-4-13 20:01:47] Channel Index 1 :	Data Port: 69	Channel name: end_crop_wr_1[1]
[Debug] [2026-4-13 20:01:47] Channel Index 2 :	Data Port: 6a	Channel name: end_crop_wr_1[2]
[Debug] [2026-4-13 20:01:47] Channel Index 3 :	Data Port: 6b	Channel name: end_crop_wr_1[3]
[Debug] [2026-4-13 20:01:47] Bus 4 :
[Debug] [2026-4-13 20:01:47] 	u_box_overlay_sync/gen_crop_fifo[0].nxt_x
[Debug] [2026-4-13 20:01:47] Channel Index 0 :	Data Port: 6c	Channel name: u_box_overlay_sync/gen_crop_fifo[0].nxt_x[0]
[Debug] [2026-4-13 20:01:47] Channel Index 1 :	Data Port: 6d	Channel name: u_box_overlay_sync/gen_crop_fifo[0].nxt_x[1]
[Debug] [2026-4-13 20:01:47] Channel Index 2 :	Data Port: 6e	Channel name: u_box_overlay_sync/gen_crop_fifo[0].nxt_x[2]
[Debug] [2026-4-13 20:01:47] Channel Index 3 :	Data Port: 6f	Channel name: u_box_overlay_sync/gen_crop_fifo[0].nxt_x[3]
[Debug] [2026-4-13 20:01:47] Channel Index 4 :	Data Port: 70	Channel name: u_box_overlay_sync/gen_crop_fifo[0].nxt_x[4]
[Debug] [2026-4-13 20:01:47] Channel Index 5 :	Data Port: 71	Channel name: u_box_overlay_sync/gen_crop_fifo[0].nxt_x[5]
[Debug] [2026-4-13 20:01:47] Channel Index 6 :	Data Port: 72	Channel name: u_box_overlay_sync/gen_crop_fifo[0].nxt_x[6]
[Debug] [2026-4-13 20:01:47] Channel Index 7 :	Data Port: 73	Channel name: u_box_overlay_sync/gen_crop_fifo[0].nxt_x[7]
[Debug] [2026-4-13 20:01:47] Channel Index 8 :	Data Port: 74	Channel name: u_box_overlay_sync/gen_crop_fifo[0].nxt_x[8]
[Debug] [2026-4-13 20:01:47] Channel Index 9 :	Data Port: 75	Channel name: u_box_overlay_sync/gen_crop_fifo[0].nxt_x[9]
[Debug] [2026-4-13 20:01:47] Channel Index a :	Data Port: 76	Channel name: u_box_overlay_sync/gen_crop_fifo[0].nxt_x[10]
[Debug] [2026-4-13 20:01:47] Channel Index b :	Data Port: 77	Channel name: u_box_overlay_sync/gen_crop_fifo[0].nxt_x[11]
[Debug] [2026-4-13 20:01:47] Channel Index c :	Data Port: 78	Channel name: u_box_overlay_sync/gen_crop_fifo[0].nxt_x[12]
[Debug] [2026-4-13 20:01:47] Channel Index d :	Data Port: 79	Channel name: u_box_overlay_sync/gen_crop_fifo[0].nxt_x[13]
[Debug] [2026-4-13 20:01:47] Channel Index e :	Data Port: 7a	Channel name: u_box_overlay_sync/gen_crop_fifo[0].nxt_x[14]
[Debug] [2026-4-13 20:01:47] Bus 5 :
[Debug] [2026-4-13 20:01:47] 	u_box_overlay_sync/gen_crop_fifo[0].cur_rep_x
[Debug] [2026-4-13 20:01:47] Channel Index 0 :	Data Port: 7b	Channel name: u_box_overlay_sync/gen_crop_fifo[0].cur_rep_x[0]
[Debug] [2026-4-13 20:01:47] Channel Index 1 :	Data Port: 7c	Channel name: u_box_overlay_sync/gen_crop_fifo[0].cur_rep_x[1]
[Debug] [2026-4-13 20:01:47] Channel Index 2 :	Data Port: 7d	Channel name: u_box_overlay_sync/gen_crop_fifo[0].cur_rep_x[2]
[Debug] [2026-4-13 20:01:47] Bus 6 :
[Debug] [2026-4-13 20:01:47] 	u_box_overlay_sync/gen_crop_fifo[0].ram_max_ptr
[Debug] [2026-4-13 20:01:47] Channel Index 0 :	Data Port: 7e	Channel name: u_box_overlay_sync/gen_crop_fifo[0].ram_max_ptr[0]
[Debug] [2026-4-13 20:01:47] Channel Index 1 :	Data Port: 7f	Channel name: u_box_overlay_sync/gen_crop_fifo[0].ram_max_ptr[1]
[Debug] [2026-4-13 20:01:47] Channel Index 2 :	Data Port: 80	Channel name: u_box_overlay_sync/gen_crop_fifo[0].ram_max_ptr[2]
[Debug] [2026-4-13 20:01:47] Channel Index 3 :	Data Port: 81	Channel name: u_box_overlay_sync/gen_crop_fifo[0].ram_max_ptr[3]
[Debug] [2026-4-13 20:01:47] Channel Index 4 :	Data Port: 82	Channel name: u_box_overlay_sync/gen_crop_fifo[0].ram_max_ptr[4]
[Debug] [2026-4-13 20:01:47] Channel Index 5 :	Data Port: 83	Channel name: u_box_overlay_sync/gen_crop_fifo[0].ram_max_ptr[5]
[Debug] [2026-4-13 20:01:47] Channel Index 6 :	Data Port: 84	Channel name: u_box_overlay_sync/gen_crop_fifo[0].ram_max_ptr[6]
[Debug] [2026-4-13 20:01:47] Channel Index 7 :	Data Port: 85	Channel name: u_box_overlay_sync/gen_crop_fifo[0].ram_max_ptr[7]
[Debug] [2026-4-13 20:01:47] Bus 7 :
[Debug] [2026-4-13 20:01:47] 	u_box_overlay_sync/gen_crop_fifo[0].ram_rd_ptr
[Debug] [2026-4-13 20:01:47] Channel Index 0 :	Data Port: 86	Channel name: u_box_overlay_sync/gen_crop_fifo[0].ram_rd_ptr[0]
[Debug] [2026-4-13 20:01:47] Channel Index 1 :	Data Port: 87	Channel name: u_box_overlay_sync/gen_crop_fifo[0].ram_rd_ptr[1]
[Debug] [2026-4-13 20:01:47] Channel Index 2 :	Data Port: 88	Channel name: u_box_overlay_sync/gen_crop_fifo[0].ram_rd_ptr[2]
[Debug] [2026-4-13 20:01:47] Channel Index 3 :	Data Port: 89	Channel name: u_box_overlay_sync/gen_crop_fifo[0].ram_rd_ptr[3]
[Debug] [2026-4-13 20:01:47] Channel Index 4 :	Data Port: 8a	Channel name: u_box_overlay_sync/gen_crop_fifo[0].ram_rd_ptr[4]
[Debug] [2026-4-13 20:01:47] Channel Index 5 :	Data Port: 8b	Channel name: u_box_overlay_sync/gen_crop_fifo[0].ram_rd_ptr[5]
[Debug] [2026-4-13 20:01:47] Channel Index 6 :	Data Port: 8c	Channel name: u_box_overlay_sync/gen_crop_fifo[0].ram_rd_ptr[6]
[Debug] [2026-4-13 20:01:47] Channel Index 7 :	Data Port: 8d	Channel name: u_box_overlay_sync/gen_crop_fifo[0].ram_rd_ptr[7]
[Debug] [2026-4-13 20:01:47] Bus 8 :
[Debug] [2026-4-13 20:01:47] 	u_box_overlay_sync/gen_crop_fifo[0].x_acc
[Debug] [2026-4-13 20:01:47] Channel Index 0 :	Data Port: 8e	Channel name: u_box_overlay_sync/gen_crop_fifo[0].x_acc[0]
[Debug] [2026-4-13 20:01:47] Channel Index 1 :	Data Port: 8f	Channel name: u_box_overlay_sync/gen_crop_fifo[0].x_acc[1]
[Debug] [2026-4-13 20:01:47] Channel Index 2 :	Data Port: 90	Channel name: u_box_overlay_sync/gen_crop_fifo[0].x_acc[2]
[Debug] [2026-4-13 20:01:47] Channel Index 3 :	Data Port: 91	Channel name: u_box_overlay_sync/gen_crop_fifo[0].x_acc[3]
[Debug] [2026-4-13 20:01:47] Channel Index 4 :	Data Port: 92	Channel name: u_box_overlay_sync/gen_crop_fifo[0].x_acc[4]
[Debug] [2026-4-13 20:01:47] Channel Index 5 :	Data Port: 93	Channel name: u_box_overlay_sync/gen_crop_fifo[0].x_acc[5]
[Debug] [2026-4-13 20:01:47] Channel Index 6 :	Data Port: 94	Channel name: u_box_overlay_sync/gen_crop_fifo[0].x_acc[6]
[Debug] [2026-4-13 20:01:47] Channel Index 7 :	Data Port: 95	Channel name: u_box_overlay_sync/gen_crop_fifo[0].x_acc[7]
[Debug] [2026-4-13 20:01:47] Channel Index 8 :	Data Port: 96	Channel name: u_box_overlay_sync/gen_crop_fifo[0].x_acc[8]
[Debug] [2026-4-13 20:01:47] Channel Index 9 :	Data Port: 97	Channel name: u_box_overlay_sync/gen_crop_fifo[0].x_acc[9]
[Debug] [2026-4-13 20:01:47] Channel Index a :	Data Port: 98	Channel name: u_box_overlay_sync/gen_crop_fifo[0].x_acc[10]
[Debug] [2026-4-13 20:01:47] Channel Index b :	Data Port: 99	Channel name: u_box_overlay_sync/gen_crop_fifo[0].x_acc[11]
[Debug] [2026-4-13 20:01:47] Channel Index c :	Data Port: 9a	Channel name: u_box_overlay_sync/gen_crop_fifo[0].x_acc[12]
[Debug] [2026-4-13 20:01:47] Channel Index d :	Data Port: 9b	Channel name: u_box_overlay_sync/gen_crop_fifo[0].x_acc[13]
[Debug] [2026-4-13 20:01:47] Channel Index e :	Data Port: 9c	Channel name: u_box_overlay_sync/gen_crop_fifo[0].x_acc[14]
[Debug] [2026-4-13 20:01:47] Channel Index f :	Data Port: 9d	Channel name: u_box_overlay_sync/gen_crop_fifo[0].x_acc[15]
[Debug] [2026-4-13 20:01:47] Trigger Condition: 
[Debug] [2026-4-13 20:01:47] Trigger Condition 0 :
[Debug] [2026-4-13 20:01:47] 	Is active: true
[Debug] [2026-4-13 20:01:47] 	Name: TriggerCondition0
[Debug] [2026-4-13 20:01:47] 	Equation: TU0
[Debug] [2026-4-13 20:01:47] 	Output enable type: 0
[Debug] [2026-4-13 20:01:47] 	Trigger condition type: 0
[Debug] [2026-4-13 20:01:47] 	Use contiguous match event: false
[Debug] [2026-4-13 20:01:47] /**************************************************************/
[Error] [2026-4-13 20:01:47] MsgOut: JtagServer-0306: No devices detected while scanning the JTAG chain, failed detecting JTAG device chain.
[Error] [2026-4-13 20:01:47] MsgOut: Debugger-0006: Command run exec unsuccessfully.
[Info] [2026-4-13 20:01:47] MsgOut: COMMAND[stop] execute successfully, takes 0.8 secs.
[Debug] [2026-4-13 20:01:47] COMMAND[stop] execute successfully, takes 0.8 secs.
[Debug] [2026-4-13 20:01:50] Configure.
[Debug] [2026-4-13 20:01:53] Operation: Program.
[Debug] [2026-4-13 20:01:53] Log::Print : configure
[Debug] [2026-4-13 20:01:53] Send RPC: 19.
[Debug] [2026-4-13 20:01:53] Send cmd [configure:2712] OK
[Debug] [2026-4-13 20:01:54] The value is 6.
[Debug] [2026-4-13 20:01:54] The value is a.
[Debug] [2026-4-13 20:01:55] The value is f.
[Debug] [2026-4-13 20:01:55] The value is 14.
[Debug] [2026-4-13 20:01:55] The value is 19.
[Debug] [2026-4-13 20:01:56] The value is 1e.
[Debug] [2026-4-13 20:01:56] The value is 23.
[Debug] [2026-4-13 20:01:57] The value is 28.
[Debug] [2026-4-13 20:01:57] The value is 2d.
[Debug] [2026-4-13 20:01:57] The value is 32.
[Debug] [2026-4-13 20:01:58] The value is 37.
[Debug] [2026-4-13 20:01:58] The value is 3c.
[Debug] [2026-4-13 20:01:59] The value is 41.
[Debug] [2026-4-13 20:01:59] The value is 46.
[Debug] [2026-4-13 20:01:59] The value is 4b.
[Debug] [2026-4-13 20:02:00] The value is 50.
[Debug] [2026-4-13 20:02:00] The value is 55.
[Debug] [2026-4-13 20:02:00] The value is 5a.
[Debug] [2026-4-13 20:02:01] The value is 5f.
[Debug] [2026-4-13 20:02:01] The value is 64.
[Info] [2026-4-13 20:02:03] MsgOut: COMMAND[configure] execute successfully, takes 9.5 secs.
[Debug] [2026-4-13 20:02:03] COMMAND[configure] execute successfully, takes 9.5 secs.
[Warn] [2026-4-13 20:02:03] MsgOut: Debugger-4002: Core Parse: Trigger Port bus name:crop_wr_en_1 exist, fail to import.
[Warn] [2026-4-13 20:02:03] MsgOut: Debugger-4002: Core Parse: Trigger Port bus name:crop_rgb_out_1 exist, fail to import.
[Warn] [2026-4-13 20:02:03] MsgOut: Debugger-4002: Core Parse: Trigger Port bus name:start_crop_wr_1 exist, fail to import.
[Warn] [2026-4-13 20:02:03] MsgOut: Debugger-4002: Core Parse: Trigger Port bus name:end_crop_wr_1 exist, fail to import.
[Warn] [2026-4-13 20:02:03] MsgOut: Debugger-4002: Core Parse: Trigger Port bus name:u_box_overlay_sync/gen_crop_fifo[0].nxt_x exist, fail to import.
[Warn] [2026-4-13 20:02:03] MsgOut: Debugger-4002: Core Parse: Trigger Port bus name:u_box_overlay_sync/gen_crop_fifo[0].cur_rep_x exist, fail to import.
[Warn] [2026-4-13 20:02:03] MsgOut: Debugger-4002: Core Parse: Trigger Port bus name:u_box_overlay_sync/gen_crop_fifo[0].ram_max_ptr exist, fail to import.
[Warn] [2026-4-13 20:02:03] MsgOut: Debugger-4002: Core Parse: Trigger Port bus name:u_box_overlay_sync/gen_crop_fifo[0].ram_rd_ptr exist, fail to import.
[Warn] [2026-4-13 20:02:03] MsgOut: Debugger-4002: Core Parse: Trigger Port bus name:u_box_overlay_sync/gen_crop_fifo[0].x_acc exist, fail to import.
[Warn] [2026-4-13 20:02:03] MsgOut: Debugger-4002: Core Parse: Bus name:crop_wr_en_1 exist, fail to import.
[Warn] [2026-4-13 20:02:03] MsgOut: Debugger-4002: Core Parse: Bus name:crop_rgb_out_1 exist, fail to import.
[Warn] [2026-4-13 20:02:03] MsgOut: Debugger-4002: Core Parse: Bus name:start_crop_wr_1 exist, fail to import.
[Warn] [2026-4-13 20:02:03] MsgOut: Debugger-4002: Core Parse: Bus name:end_crop_wr_1 exist, fail to import.
[Warn] [2026-4-13 20:02:03] MsgOut: Debugger-4002: Core Parse: Bus name:u_box_overlay_sync/gen_crop_fifo[0].nxt_x exist, fail to import.
[Warn] [2026-4-13 20:02:03] MsgOut: Debugger-4002: Core Parse: Bus name:u_box_overlay_sync/gen_crop_fifo[0].cur_rep_x exist, fail to import.
[Warn] [2026-4-13 20:02:03] MsgOut: Debugger-4002: Core Parse: Bus name:u_box_overlay_sync/gen_crop_fifo[0].ram_max_ptr exist, fail to import.
[Warn] [2026-4-13 20:02:03] MsgOut: Debugger-4002: Core Parse: Bus name:u_box_overlay_sync/gen_crop_fifo[0].ram_rd_ptr exist, fail to import.
[Warn] [2026-4-13 20:02:03] MsgOut: Debugger-4002: Core Parse: Bus name:u_box_overlay_sync/gen_crop_fifo[0].x_acc exist, fail to import.
[Debug] [2026-4-13 20:02:03] Log::Print : Import Core: 0 OK
[Debug] [2026-4-13 20:02:13] Operation: Trigger.
[Debug] [2026-4-13 20:02:13] Log::Print : run
[Debug] [2026-4-13 20:02:13] Send RPC: 1a.
[Debug] [2026-4-13 20:02:13] Send cmd [run:2713] OK
[Debug] [2026-4-13 20:02:31] Operation: Stop trigger.
[Debug] [2026-4-13 20:02:31] Log::Print : stop
[Debug] [2026-4-13 20:02:31] Send RPC: 1b.
[Debug] [2026-4-13 20:02:31] Send cmd [stop:271a] OK
[Info] [2026-4-13 20:02:31] MsgOut: COMMAND[stop] execute successfully, takes 0.0 secs.
[Debug] [2026-4-13 20:02:31] COMMAND[stop] execute successfully, takes 0.0 secs.
[Error] [2026-4-13 20:02:31] Fail to exec trigger command.
[Warn] [2026-4-13 20:02:31] cmdid:2713 HandleWarnExec msg:Core 0 is stopped by user
[Debug] [2026-4-13 20:02:31] HandleErrorExec run Show Core:
[Debug] [2026-4-13 20:02:31] /******************** Core Information *************************/
[Debug] [2026-4-13 20:02:31] Core basic info: 
[Debug] [2026-4-13 20:02:31] 	Core version: 0x9001f003
[Debug] [2026-4-13 20:02:31] 	Index: 0
[Debug] [2026-4-13 20:02:31] 	Name: MyFLA0
[Debug] [2026-4-13 20:02:31] 	Core type: 
[Debug] [2026-4-13 20:02:31] 	Data same as trigger: true
[Debug] [2026-4-13 20:02:31] 	Storage qualification: false
[Debug] [2026-4-13 20:02:31] 	Max data depth: 200
[Debug] [2026-4-13 20:02:31] 	Sample data width: 9e
[Debug] [2026-4-13 20:02:31] 	Trigger sequencer level: 1
[Debug] [2026-4-13 20:02:31] 	Trigger output enabled: false
[Debug] [2026-4-13 20:02:31] 	Multi windows enabled: false
[Debug] [2026-4-13 20:02:31] 	Reset wave property status: false
[Debug] [2026-4-13 20:02:31] Core Property: 
[Debug] [2026-4-13 20:02:31] 	Core version: 0x9001f003
[Debug] [2026-4-13 20:02:31] 	Index: 0
[Debug] [2026-4-13 20:02:31] 	Core type: 
[Debug] [2026-4-13 20:02:31] 	Data same as trigger: true
[Debug] [2026-4-13 20:02:31] 	Storage qualification: false
[Debug] [2026-4-13 20:02:31] 	Trigger output enabled: false
[Debug] [2026-4-13 20:02:31] 	Multi windows enabled: false
[Debug] [2026-4-13 20:02:31] 	Max data depth: 200
[Debug] [2026-4-13 20:02:31] 	Sample data width: 9e
[Debug] [2026-4-13 20:02:31] 	Trigger sequencer level: 1
[Debug] [2026-4-13 20:02:31] 	Channel num		Match unit num		Match unit type		Counter width		Port is data
[Debug] [2026-4-13 20:02:31] 	Trigger port 0 : 	9e	1	1	0	true
[Debug] [2026-4-13 20:02:31] Signals Property: 
[Debug] [2026-4-13 20:02:31] 	Window num: 1
[Debug] [2026-4-13 20:02:31] 	Samples num in window: 200
[Debug] [2026-4-13 20:02:31] 	Trigger time in window: 100
[Debug] [2026-4-13 20:02:31] 	Samples num: 200
[Debug] [2026-4-13 20:02:31] 	Negative time: true
[Debug] [2026-4-13 20:02:31] 	Signal type: 0
[Debug] [2026-4-13 20:02:31] 	Total trigger position: 1
[Debug] [2026-4-13 20:02:31] Storage Style Property: 
[Debug] [2026-4-13 20:02:31] 	Style type: 0
[Debug] [2026-4-13 20:02:31] 	Windows num: 1
[Debug] [2026-4-13 20:02:31] 	Depth per window: 200
[Debug] [2026-4-13 20:02:31] 	Window position: 100
[Debug] [2026-4-13 20:02:31] 	Samples per trigger: 200
[Debug] [2026-4-13 20:02:31] 	Storage qualification: All Data
[Debug] [2026-4-13 20:02:31] Data Port: 
[Debug] [2026-4-13 20:02:31] 	Max depth: 0
[Debug] [2026-4-13 20:02:31] 	Depth: 0
[Debug] [2026-4-13 20:02:31] Trigger Port: 
[Debug] [2026-4-13 20:02:31] Trigger Port 0 :
[Debug] [2026-4-13 20:02:31] 	Port index: 0
[Debug] [2026-4-13 20:02:31] 	Match type: 1
[Debug] [2026-4-13 20:02:31] 	Counter width: 0
[Debug] [2026-4-13 20:02:31] 	Is data: true
[Debug] [2026-4-13 20:02:31] Match Unit: 
[Debug] [2026-4-13 20:02:31] Match Unit 0 :
[Debug] [2026-4-13 20:02:31] 	Trigger port index: 0
[Debug] [2026-4-13 20:02:31] 	Value: XXXXXXXXXXXXXXXXXXXXXXXXXXXXXXXXXXXXXXXXXXXXXXXXXXXXXXXXXXXXXXXXXXXXXXXXXXXXXXXXXXXXXXXXXXXXXXXXXXXXXXXXXXXXXXXXXXXXXXXXXXXXXXXXXXXXXXXXXXXXXXXXXXXXXXXXXX1XXX
[Debug] [2026-4-13 20:02:31] 	Index: 0
[Debug] [2026-4-13 20:02:31] 	Function: 0
[Debug] [2026-4-13 20:02:31] 	Radix: 
[Debug] [2026-4-13 20:02:31] 	Counter match event: 0
[Debug] [2026-4-13 20:02:31] 	Counter cycles: 1
[Debug] [2026-4-13 20:02:31] 	Trigger output enabled: true
[Debug] [2026-4-13 20:02:31] 	Range form : 00000000000000000000000000000000000000000000000000000000000000000000000000000000000000000000000000000000000000000000000000000000000000000000000000000000000000 to 00000000000000000000000000000000000000000000000000000000000000000000000000000000000000000000000000000000000000000000000000000000000000000000000000000000000000
[Debug] [2026-4-13 20:02:31] 	Is tp need deleted: false
[Debug] [2026-4-13 20:02:31] Bus: 
[Debug] [2026-4-13 20:02:31] Bus 0 :
[Debug] [2026-4-13 20:02:31] 	crop_wr_en_1
[Debug] [2026-4-13 20:02:31] Channel Index 0 :	Data Port: 0	Channel name: crop_wr_en_1[0]
[Debug] [2026-4-13 20:02:31] Channel Index 1 :	Data Port: 1	Channel name: crop_wr_en_1[1]
[Debug] [2026-4-13 20:02:31] Channel Index 2 :	Data Port: 2	Channel name: crop_wr_en_1[2]
[Debug] [2026-4-13 20:02:31] Channel Index 3 :	Data Port: 3	Channel name: crop_wr_en_1[3]
[Debug] [2026-4-13 20:02:31] Bus 1 :
[Debug] [2026-4-13 20:02:31] 	crop_rgb_out_1
[Debug] [2026-4-13 20:02:31] Channel Index 0 :	Data Port: 4	Channel name: crop_rgb_out_1[0]
[Debug] [2026-4-13 20:02:31] Channel Index 1 :	Data Port: 5	Channel name: crop_rgb_out_1[1]
[Debug] [2026-4-13 20:02:31] Channel Index 2 :	Data Port: 6	Channel name: crop_rgb_out_1[2]
[Debug] [2026-4-13 20:02:31] Channel Index 3 :	Data Port: 7	Channel name: crop_rgb_out_1[3]
[Debug] [2026-4-13 20:02:31] Channel Index 4 :	Data Port: 8	Channel name: crop_rgb_out_1[4]
[Debug] [2026-4-13 20:02:31] Channel Index 5 :	Data Port: 9	Channel name: crop_rgb_out_1[5]
[Debug] [2026-4-13 20:02:31] Channel Index 6 :	Data Port: a	Channel name: crop_rgb_out_1[6]
[Debug] [2026-4-13 20:02:31] Channel Index 7 :	Data Port: b	Channel name: crop_rgb_out_1[7]
[Debug] [2026-4-13 20:02:31] Channel Index 8 :	Data Port: c	Channel name: crop_rgb_out_1[8]
[Debug] [2026-4-13 20:02:31] Channel Index 9 :	Data Port: d	Channel name: crop_rgb_out_1[9]
[Debug] [2026-4-13 20:02:31] Channel Index a :	Data Port: e	Channel name: crop_rgb_out_1[10]
[Debug] [2026-4-13 20:02:31] Channel Index b :	Data Port: f	Channel name: crop_rgb_out_1[11]
[Debug] [2026-4-13 20:02:31] Channel Index c :	Data Port: 10	Channel name: crop_rgb_out_1[12]
[Debug] [2026-4-13 20:02:31] Channel Index d :	Data Port: 11	Channel name: crop_rgb_out_1[13]
[Debug] [2026-4-13 20:02:31] Channel Index e :	Data Port: 12	Channel name: crop_rgb_out_1[14]
[Debug] [2026-4-13 20:02:31] Channel Index f :	Data Port: 13	Channel name: crop_rgb_out_1[15]
[Debug] [2026-4-13 20:02:31] Channel Index 10 :	Data Port: 14	Channel name: crop_rgb_out_1[16]
[Debug] [2026-4-13 20:02:31] Channel Index 11 :	Data Port: 15	Channel name: crop_rgb_out_1[17]
[Debug] [2026-4-13 20:02:31] Channel Index 12 :	Data Port: 16	Channel name: crop_rgb_out_1[18]
[Debug] [2026-4-13 20:02:31] Channel Index 13 :	Data Port: 17	Channel name: crop_rgb_out_1[19]
[Debug] [2026-4-13 20:02:31] Channel Index 14 :	Data Port: 18	Channel name: crop_rgb_out_1[20]
[Debug] [2026-4-13 20:02:31] Channel Index 15 :	Data Port: 19	Channel name: crop_rgb_out_1[21]
[Debug] [2026-4-13 20:02:31] Channel Index 16 :	Data Port: 1a	Channel name: crop_rgb_out_1[22]
[Debug] [2026-4-13 20:02:31] Channel Index 17 :	Data Port: 1b	Channel name: crop_rgb_out_1[23]
[Debug] [2026-4-13 20:02:31] Channel Index 18 :	Data Port: 1c	Channel name: crop_rgb_out_1[24]
[Debug] [2026-4-13 20:02:31] Channel Index 19 :	Data Port: 1d	Channel name: crop_rgb_out_1[25]
[Debug] [2026-4-13 20:02:31] Channel Index 1a :	Data Port: 1e	Channel name: crop_rgb_out_1[26]
[Debug] [2026-4-13 20:02:31] Channel Index 1b :	Data Port: 1f	Channel name: crop_rgb_out_1[27]
[Debug] [2026-4-13 20:02:31] Channel Index 1c :	Data Port: 20	Channel name: crop_rgb_out_1[28]
[Debug] [2026-4-13 20:02:31] Channel Index 1d :	Data Port: 21	Channel name: crop_rgb_out_1[29]
[Debug] [2026-4-13 20:02:31] Channel Index 1e :	Data Port: 22	Channel name: crop_rgb_out_1[30]
[Debug] [2026-4-13 20:02:31] Channel Index 1f :	Data Port: 23	Channel name: crop_rgb_out_1[31]
[Debug] [2026-4-13 20:02:31] Channel Index 20 :	Data Port: 24	Channel name: crop_rgb_out_1[32]
[Debug] [2026-4-13 20:02:31] Channel Index 21 :	Data Port: 25	Channel name: crop_rgb_out_1[33]
[Debug] [2026-4-13 20:02:31] Channel Index 22 :	Data Port: 26	Channel name: crop_rgb_out_1[34]
[Debug] [2026-4-13 20:02:31] Channel Index 23 :	Data Port: 27	Channel name: crop_rgb_out_1[35]
[Debug] [2026-4-13 20:02:31] Channel Index 24 :	Data Port: 28	Channel name: crop_rgb_out_1[36]
[Debug] [2026-4-13 20:02:31] Channel Index 25 :	Data Port: 29	Channel name: crop_rgb_out_1[37]
[Debug] [2026-4-13 20:02:31] Channel Index 26 :	Data Port: 2a	Channel name: crop_rgb_out_1[38]
[Debug] [2026-4-13 20:02:31] Channel Index 27 :	Data Port: 2b	Channel name: crop_rgb_out_1[39]
[Debug] [2026-4-13 20:02:31] Channel Index 28 :	Data Port: 2c	Channel name: crop_rgb_out_1[40]
[Debug] [2026-4-13 20:02:31] Channel Index 29 :	Data Port: 2d	Channel name: crop_rgb_out_1[41]
[Debug] [2026-4-13 20:02:31] Channel Index 2a :	Data Port: 2e	Channel name: crop_rgb_out_1[42]
[Debug] [2026-4-13 20:02:31] Channel Index 2b :	Data Port: 2f	Channel name: crop_rgb_out_1[43]
[Debug] [2026-4-13 20:02:31] Channel Index 2c :	Data Port: 30	Channel name: crop_rgb_out_1[44]
[Debug] [2026-4-13 20:02:31] Channel Index 2d :	Data Port: 31	Channel name: crop_rgb_out_1[45]
[Debug] [2026-4-13 20:02:31] Channel Index 2e :	Data Port: 32	Channel name: crop_rgb_out_1[46]
[Debug] [2026-4-13 20:02:31] Channel Index 2f :	Data Port: 33	Channel name: crop_rgb_out_1[47]
[Debug] [2026-4-13 20:02:31] Channel Index 30 :	Data Port: 34	Channel name: crop_rgb_out_1[48]
[Debug] [2026-4-13 20:02:31] Channel Index 31 :	Data Port: 35	Channel name: crop_rgb_out_1[49]
[Debug] [2026-4-13 20:02:31] Channel Index 32 :	Data Port: 36	Channel name: crop_rgb_out_1[50]
[Debug] [2026-4-13 20:02:31] Channel Index 33 :	Data Port: 37	Channel name: crop_rgb_out_1[51]
[Debug] [2026-4-13 20:02:31] Channel Index 34 :	Data Port: 38	Channel name: crop_rgb_out_1[52]
[Debug] [2026-4-13 20:02:31] Channel Index 35 :	Data Port: 39	Channel name: crop_rgb_out_1[53]
[Debug] [2026-4-13 20:02:31] Channel Index 36 :	Data Port: 3a	Channel name: crop_rgb_out_1[54]
[Debug] [2026-4-13 20:02:31] Channel Index 37 :	Data Port: 3b	Channel name: crop_rgb_out_1[55]
[Debug] [2026-4-13 20:02:31] Channel Index 38 :	Data Port: 3c	Channel name: crop_rgb_out_1[56]
[Debug] [2026-4-13 20:02:31] Channel Index 39 :	Data Port: 3d	Channel name: crop_rgb_out_1[57]
[Debug] [2026-4-13 20:02:31] Channel Index 3a :	Data Port: 3e	Channel name: crop_rgb_out_1[58]
[Debug] [2026-4-13 20:02:31] Channel Index 3b :	Data Port: 3f	Channel name: crop_rgb_out_1[59]
[Debug] [2026-4-13 20:02:31] Channel Index 3c :	Data Port: 40	Channel name: crop_rgb_out_1[60]
[Debug] [2026-4-13 20:02:31] Channel Index 3d :	Data Port: 41	Channel name: crop_rgb_out_1[61]
[Debug] [2026-4-13 20:02:31] Channel Index 3e :	Data Port: 42	Channel name: crop_rgb_out_1[62]
[Debug] [2026-4-13 20:02:31] Channel Index 3f :	Data Port: 43	Channel name: crop_rgb_out_1[63]
[Debug] [2026-4-13 20:02:31] Channel Index 40 :	Data Port: 44	Channel name: crop_rgb_out_1[64]
[Debug] [2026-4-13 20:02:31] Channel Index 41 :	Data Port: 45	Channel name: crop_rgb_out_1[65]
[Debug] [2026-4-13 20:02:31] Channel Index 42 :	Data Port: 46	Channel name: crop_rgb_out_1[66]
[Debug] [2026-4-13 20:02:31] Channel Index 43 :	Data Port: 47	Channel name: crop_rgb_out_1[67]
[Debug] [2026-4-13 20:02:31] Channel Index 44 :	Data Port: 48	Channel name: crop_rgb_out_1[68]
[Debug] [2026-4-13 20:02:31] Channel Index 45 :	Data Port: 49	Channel name: crop_rgb_out_1[69]
[Debug] [2026-4-13 20:02:31] Channel Index 46 :	Data Port: 4a	Channel name: crop_rgb_out_1[70]
[Debug] [2026-4-13 20:02:31] Channel Index 47 :	Data Port: 4b	Channel name: crop_rgb_out_1[71]
[Debug] [2026-4-13 20:02:31] Channel Index 48 :	Data Port: 4c	Channel name: crop_rgb_out_1[72]
[Debug] [2026-4-13 20:02:31] Channel Index 49 :	Data Port: 4d	Channel name: crop_rgb_out_1[73]
[Debug] [2026-4-13 20:02:31] Channel Index 4a :	Data Port: 4e	Channel name: crop_rgb_out_1[74]
[Debug] [2026-4-13 20:02:31] Channel Index 4b :	Data Port: 4f	Channel name: crop_rgb_out_1[75]
[Debug] [2026-4-13 20:02:31] Channel Index 4c :	Data Port: 50	Channel name: crop_rgb_out_1[76]
[Debug] [2026-4-13 20:02:31] Channel Index 4d :	Data Port: 51	Channel name: crop_rgb_out_1[77]
[Debug] [2026-4-13 20:02:31] Channel Index 4e :	Data Port: 52	Channel name: crop_rgb_out_1[78]
[Debug] [2026-4-13 20:02:31] Channel Index 4f :	Data Port: 53	Channel name: crop_rgb_out_1[79]
[Debug] [2026-4-13 20:02:31] Channel Index 50 :	Data Port: 54	Channel name: crop_rgb_out_1[80]
[Debug] [2026-4-13 20:02:31] Channel Index 51 :	Data Port: 55	Channel name: crop_rgb_out_1[81]
[Debug] [2026-4-13 20:02:31] Channel Index 52 :	Data Port: 56	Channel name: crop_rgb_out_1[82]
[Debug] [2026-4-13 20:02:31] Channel Index 53 :	Data Port: 57	Channel name: crop_rgb_out_1[83]
[Debug] [2026-4-13 20:02:31] Channel Index 54 :	Data Port: 58	Channel name: crop_rgb_out_1[84]
[Debug] [2026-4-13 20:02:31] Channel Index 55 :	Data Port: 59	Channel name: crop_rgb_out_1[85]
[Debug] [2026-4-13 20:02:31] Channel Index 56 :	Data Port: 5a	Channel name: crop_rgb_out_1[86]
[Debug] [2026-4-13 20:02:31] Channel Index 57 :	Data Port: 5b	Channel name: crop_rgb_out_1[87]
[Debug] [2026-4-13 20:02:31] Channel Index 58 :	Data Port: 5c	Channel name: crop_rgb_out_1[88]
[Debug] [2026-4-13 20:02:31] Channel Index 59 :	Data Port: 5d	Channel name: crop_rgb_out_1[89]
[Debug] [2026-4-13 20:02:31] Channel Index 5a :	Data Port: 5e	Channel name: crop_rgb_out_1[90]
[Debug] [2026-4-13 20:02:31] Channel Index 5b :	Data Port: 5f	Channel name: crop_rgb_out_1[91]
[Debug] [2026-4-13 20:02:31] Channel Index 5c :	Data Port: 60	Channel name: crop_rgb_out_1[92]
[Debug] [2026-4-13 20:02:31] Channel Index 5d :	Data Port: 61	Channel name: crop_rgb_out_1[93]
[Debug] [2026-4-13 20:02:31] Channel Index 5e :	Data Port: 62	Channel name: crop_rgb_out_1[94]
[Debug] [2026-4-13 20:02:31] Channel Index 5f :	Data Port: 63	Channel name: crop_rgb_out_1[95]
[Debug] [2026-4-13 20:02:31] Bus 2 :
[Debug] [2026-4-13 20:02:31] 	start_crop_wr_1
[Debug] [2026-4-13 20:02:31] Channel Index 0 :	Data Port: 64	Channel name: start_crop_wr_1[0]
[Debug] [2026-4-13 20:02:31] Channel Index 1 :	Data Port: 65	Channel name: start_crop_wr_1[1]
[Debug] [2026-4-13 20:02:31] Channel Index 2 :	Data Port: 66	Channel name: start_crop_wr_1[2]
[Debug] [2026-4-13 20:02:31] Channel Index 3 :	Data Port: 67	Channel name: start_crop_wr_1[3]
[Debug] [2026-4-13 20:02:31] Bus 3 :
[Debug] [2026-4-13 20:02:31] 	end_crop_wr_1
[Debug] [2026-4-13 20:02:31] Channel Index 0 :	Data Port: 68	Channel name: end_crop_wr_1[0]
[Debug] [2026-4-13 20:02:31] Channel Index 1 :	Data Port: 69	Channel name: end_crop_wr_1[1]
[Debug] [2026-4-13 20:02:31] Channel Index 2 :	Data Port: 6a	Channel name: end_crop_wr_1[2]
[Debug] [2026-4-13 20:02:31] Channel Index 3 :	Data Port: 6b	Channel name: end_crop_wr_1[3]
[Debug] [2026-4-13 20:02:31] Bus 4 :
[Debug] [2026-4-13 20:02:31] 	u_box_overlay_sync/gen_crop_fifo[0].nxt_x
[Debug] [2026-4-13 20:02:31] Channel Index 0 :	Data Port: 6c	Channel name: u_box_overlay_sync/gen_crop_fifo[0].nxt_x[0]
[Debug] [2026-4-13 20:02:31] Channel Index 1 :	Data Port: 6d	Channel name: u_box_overlay_sync/gen_crop_fifo[0].nxt_x[1]
[Debug] [2026-4-13 20:02:31] Channel Index 2 :	Data Port: 6e	Channel name: u_box_overlay_sync/gen_crop_fifo[0].nxt_x[2]
[Debug] [2026-4-13 20:02:31] Channel Index 3 :	Data Port: 6f	Channel name: u_box_overlay_sync/gen_crop_fifo[0].nxt_x[3]
[Debug] [2026-4-13 20:02:31] Channel Index 4 :	Data Port: 70	Channel name: u_box_overlay_sync/gen_crop_fifo[0].nxt_x[4]
[Debug] [2026-4-13 20:02:31] Channel Index 5 :	Data Port: 71	Channel name: u_box_overlay_sync/gen_crop_fifo[0].nxt_x[5]
[Debug] [2026-4-13 20:02:31] Channel Index 6 :	Data Port: 72	Channel name: u_box_overlay_sync/gen_crop_fifo[0].nxt_x[6]
[Debug] [2026-4-13 20:02:31] Channel Index 7 :	Data Port: 73	Channel name: u_box_overlay_sync/gen_crop_fifo[0].nxt_x[7]
[Debug] [2026-4-13 20:02:31] Channel Index 8 :	Data Port: 74	Channel name: u_box_overlay_sync/gen_crop_fifo[0].nxt_x[8]
[Debug] [2026-4-13 20:02:31] Channel Index 9 :	Data Port: 75	Channel name: u_box_overlay_sync/gen_crop_fifo[0].nxt_x[9]
[Debug] [2026-4-13 20:02:31] Channel Index a :	Data Port: 76	Channel name: u_box_overlay_sync/gen_crop_fifo[0].nxt_x[10]
[Debug] [2026-4-13 20:02:31] Channel Index b :	Data Port: 77	Channel name: u_box_overlay_sync/gen_crop_fifo[0].nxt_x[11]
[Debug] [2026-4-13 20:02:31] Channel Index c :	Data Port: 78	Channel name: u_box_overlay_sync/gen_crop_fifo[0].nxt_x[12]
[Debug] [2026-4-13 20:02:31] Channel Index d :	Data Port: 79	Channel name: u_box_overlay_sync/gen_crop_fifo[0].nxt_x[13]
[Debug] [2026-4-13 20:02:31] Channel Index e :	Data Port: 7a	Channel name: u_box_overlay_sync/gen_crop_fifo[0].nxt_x[14]
[Debug] [2026-4-13 20:02:31] Bus 5 :
[Debug] [2026-4-13 20:02:31] 	u_box_overlay_sync/gen_crop_fifo[0].cur_rep_x
[Debug] [2026-4-13 20:02:31] Channel Index 0 :	Data Port: 7b	Channel name: u_box_overlay_sync/gen_crop_fifo[0].cur_rep_x[0]
[Debug] [2026-4-13 20:02:31] Channel Index 1 :	Data Port: 7c	Channel name: u_box_overlay_sync/gen_crop_fifo[0].cur_rep_x[1]
[Debug] [2026-4-13 20:02:31] Channel Index 2 :	Data Port: 7d	Channel name: u_box_overlay_sync/gen_crop_fifo[0].cur_rep_x[2]
[Debug] [2026-4-13 20:02:31] Bus 6 :
[Debug] [2026-4-13 20:02:31] 	u_box_overlay_sync/gen_crop_fifo[0].ram_max_ptr
[Debug] [2026-4-13 20:02:31] Channel Index 0 :	Data Port: 7e	Channel name: u_box_overlay_sync/gen_crop_fifo[0].ram_max_ptr[0]
[Debug] [2026-4-13 20:02:31] Channel Index 1 :	Data Port: 7f	Channel name: u_box_overlay_sync/gen_crop_fifo[0].ram_max_ptr[1]
[Debug] [2026-4-13 20:02:31] Channel Index 2 :	Data Port: 80	Channel name: u_box_overlay_sync/gen_crop_fifo[0].ram_max_ptr[2]
[Debug] [2026-4-13 20:02:31] Channel Index 3 :	Data Port: 81	Channel name: u_box_overlay_sync/gen_crop_fifo[0].ram_max_ptr[3]
[Debug] [2026-4-13 20:02:31] Channel Index 4 :	Data Port: 82	Channel name: u_box_overlay_sync/gen_crop_fifo[0].ram_max_ptr[4]
[Debug] [2026-4-13 20:02:31] Channel Index 5 :	Data Port: 83	Channel name: u_box_overlay_sync/gen_crop_fifo[0].ram_max_ptr[5]
[Debug] [2026-4-13 20:02:31] Channel Index 6 :	Data Port: 84	Channel name: u_box_overlay_sync/gen_crop_fifo[0].ram_max_ptr[6]
[Debug] [2026-4-13 20:02:31] Channel Index 7 :	Data Port: 85	Channel name: u_box_overlay_sync/gen_crop_fifo[0].ram_max_ptr[7]
[Debug] [2026-4-13 20:02:31] Bus 7 :
[Debug] [2026-4-13 20:02:31] 	u_box_overlay_sync/gen_crop_fifo[0].ram_rd_ptr
[Debug] [2026-4-13 20:02:31] Channel Index 0 :	Data Port: 86	Channel name: u_box_overlay_sync/gen_crop_fifo[0].ram_rd_ptr[0]
[Debug] [2026-4-13 20:02:31] Channel Index 1 :	Data Port: 87	Channel name: u_box_overlay_sync/gen_crop_fifo[0].ram_rd_ptr[1]
[Debug] [2026-4-13 20:02:31] Channel Index 2 :	Data Port: 88	Channel name: u_box_overlay_sync/gen_crop_fifo[0].ram_rd_ptr[2]
[Debug] [2026-4-13 20:02:31] Channel Index 3 :	Data Port: 89	Channel name: u_box_overlay_sync/gen_crop_fifo[0].ram_rd_ptr[3]
[Debug] [2026-4-13 20:02:31] Channel Index 4 :	Data Port: 8a	Channel name: u_box_overlay_sync/gen_crop_fifo[0].ram_rd_ptr[4]
[Debug] [2026-4-13 20:02:31] Channel Index 5 :	Data Port: 8b	Channel name: u_box_overlay_sync/gen_crop_fifo[0].ram_rd_ptr[5]
[Debug] [2026-4-13 20:02:31] Channel Index 6 :	Data Port: 8c	Channel name: u_box_overlay_sync/gen_crop_fifo[0].ram_rd_ptr[6]
[Debug] [2026-4-13 20:02:31] Channel Index 7 :	Data Port: 8d	Channel name: u_box_overlay_sync/gen_crop_fifo[0].ram_rd_ptr[7]
[Debug] [2026-4-13 20:02:31] Bus 8 :
[Debug] [2026-4-13 20:02:31] 	u_box_overlay_sync/gen_crop_fifo[0].x_acc
[Debug] [2026-4-13 20:02:31] Channel Index 0 :	Data Port: 8e	Channel name: u_box_overlay_sync/gen_crop_fifo[0].x_acc[0]
[Debug] [2026-4-13 20:02:31] Channel Index 1 :	Data Port: 8f	Channel name: u_box_overlay_sync/gen_crop_fifo[0].x_acc[1]
[Debug] [2026-4-13 20:02:31] Channel Index 2 :	Data Port: 90	Channel name: u_box_overlay_sync/gen_crop_fifo[0].x_acc[2]
[Debug] [2026-4-13 20:02:31] Channel Index 3 :	Data Port: 91	Channel name: u_box_overlay_sync/gen_crop_fifo[0].x_acc[3]
[Debug] [2026-4-13 20:02:31] Channel Index 4 :	Data Port: 92	Channel name: u_box_overlay_sync/gen_crop_fifo[0].x_acc[4]
[Debug] [2026-4-13 20:02:31] Channel Index 5 :	Data Port: 93	Channel name: u_box_overlay_sync/gen_crop_fifo[0].x_acc[5]
[Debug] [2026-4-13 20:02:31] Channel Index 6 :	Data Port: 94	Channel name: u_box_overlay_sync/gen_crop_fifo[0].x_acc[6]
[Debug] [2026-4-13 20:02:31] Channel Index 7 :	Data Port: 95	Channel name: u_box_overlay_sync/gen_crop_fifo[0].x_acc[7]
[Debug] [2026-4-13 20:02:31] Channel Index 8 :	Data Port: 96	Channel name: u_box_overlay_sync/gen_crop_fifo[0].x_acc[8]
[Debug] [2026-4-13 20:02:31] Channel Index 9 :	Data Port: 97	Channel name: u_box_overlay_sync/gen_crop_fifo[0].x_acc[9]
[Debug] [2026-4-13 20:02:31] Channel Index a :	Data Port: 98	Channel name: u_box_overlay_sync/gen_crop_fifo[0].x_acc[10]
[Debug] [2026-4-13 20:02:31] Channel Index b :	Data Port: 99	Channel name: u_box_overlay_sync/gen_crop_fifo[0].x_acc[11]
[Debug] [2026-4-13 20:02:31] Channel Index c :	Data Port: 9a	Channel name: u_box_overlay_sync/gen_crop_fifo[0].x_acc[12]
[Debug] [2026-4-13 20:02:31] Channel Index d :	Data Port: 9b	Channel name: u_box_overlay_sync/gen_crop_fifo[0].x_acc[13]
[Debug] [2026-4-13 20:02:31] Channel Index e :	Data Port: 9c	Channel name: u_box_overlay_sync/gen_crop_fifo[0].x_acc[14]
[Debug] [2026-4-13 20:02:31] Channel Index f :	Data Port: 9d	Channel name: u_box_overlay_sync/gen_crop_fifo[0].x_acc[15]
[Debug] [2026-4-13 20:02:31] Trigger Condition: 
[Debug] [2026-4-13 20:02:31] Trigger Condition 0 :
[Debug] [2026-4-13 20:02:31] 	Is active: true
[Debug] [2026-4-13 20:02:31] 	Name: TriggerCondition0
[Debug] [2026-4-13 20:02:31] 	Equation: TU0
[Debug] [2026-4-13 20:02:31] 	Output enable type: 0
[Debug] [2026-4-13 20:02:31] 	Trigger condition type: 0
[Debug] [2026-4-13 20:02:31] 	Use contiguous match event: false
[Debug] [2026-4-13 20:02:31] /**************************************************************/
[Warn] [2026-4-13 20:02:31] MsgOut: Core 0 is stopped by user
[Error] [2026-4-13 20:02:31] MsgOut: Debugger-0006: Command run exec unsuccessfully.
[Debug] [2026-4-13 20:02:32] Configure.
[Debug] [2026-4-13 20:02:35] Operation: Program.
[Debug] [2026-4-13 20:02:35] Log::Print : configure
[Debug] [2026-4-13 20:02:35] Send RPC: 1c.
[Debug] [2026-4-13 20:02:35] Send cmd [configure:2712] OK
[Debug] [2026-4-13 20:02:36] The value is 6.
[Debug] [2026-4-13 20:02:36] The value is a.
[Debug] [2026-4-13 20:02:37] The value is f.
[Debug] [2026-4-13 20:02:37] The value is 14.
[Debug] [2026-4-13 20:02:37] The value is 19.
[Debug] [2026-4-13 20:02:38] The value is 1e.
[Debug] [2026-4-13 20:02:38] The value is 23.
[Debug] [2026-4-13 20:02:39] The value is 28.
[Debug] [2026-4-13 20:02:39] The value is 2d.
[Debug] [2026-4-13 20:02:39] The value is 32.
[Debug] [2026-4-13 20:02:40] The value is 37.
[Debug] [2026-4-13 20:02:40] The value is 3c.
[Debug] [2026-4-13 20:02:40] The value is 41.
[Debug] [2026-4-13 20:02:41] The value is 46.
[Debug] [2026-4-13 20:02:41] The value is 4b.
[Debug] [2026-4-13 20:02:42] The value is 50.
[Debug] [2026-4-13 20:02:42] The value is 55.
[Debug] [2026-4-13 20:02:42] The value is 5a.
[Debug] [2026-4-13 20:02:43] The value is 5f.
[Debug] [2026-4-13 20:02:43] The value is 64.
[Info] [2026-4-13 20:02:44] MsgOut: COMMAND[configure] execute successfully, takes 9.2 secs.
[Debug] [2026-4-13 20:02:44] COMMAND[configure] execute successfully, takes 9.2 secs.
[Warn] [2026-4-13 20:02:44] MsgOut: Debugger-4002: Core Parse: Trigger Port bus name:crop_wr_en_1 exist, fail to import.
[Warn] [2026-4-13 20:02:44] MsgOut: Debugger-4002: Core Parse: Trigger Port bus name:crop_rgb_out_1 exist, fail to import.
[Warn] [2026-4-13 20:02:44] MsgOut: Debugger-4002: Core Parse: Trigger Port bus name:start_crop_wr_1 exist, fail to import.
[Warn] [2026-4-13 20:02:44] MsgOut: Debugger-4002: Core Parse: Trigger Port bus name:end_crop_wr_1 exist, fail to import.
[Warn] [2026-4-13 20:02:44] MsgOut: Debugger-4002: Core Parse: Trigger Port bus name:u_box_overlay_sync/gen_crop_fifo[0].nxt_x exist, fail to import.
[Warn] [2026-4-13 20:02:44] MsgOut: Debugger-4002: Core Parse: Trigger Port bus name:u_box_overlay_sync/gen_crop_fifo[0].cur_rep_x exist, fail to import.
[Warn] [2026-4-13 20:02:44] MsgOut: Debugger-4002: Core Parse: Trigger Port bus name:u_box_overlay_sync/gen_crop_fifo[0].ram_max_ptr exist, fail to import.
[Warn] [2026-4-13 20:02:44] MsgOut: Debugger-4002: Core Parse: Trigger Port bus name:u_box_overlay_sync/gen_crop_fifo[0].ram_rd_ptr exist, fail to import.
[Warn] [2026-4-13 20:02:44] MsgOut: Debugger-4002: Core Parse: Trigger Port bus name:u_box_overlay_sync/gen_crop_fifo[0].x_acc exist, fail to import.
[Warn] [2026-4-13 20:02:44] MsgOut: Debugger-4002: Core Parse: Bus name:crop_wr_en_1 exist, fail to import.
[Warn] [2026-4-13 20:02:44] MsgOut: Debugger-4002: Core Parse: Bus name:crop_rgb_out_1 exist, fail to import.
[Warn] [2026-4-13 20:02:44] MsgOut: Debugger-4002: Core Parse: Bus name:start_crop_wr_1 exist, fail to import.
[Warn] [2026-4-13 20:02:44] MsgOut: Debugger-4002: Core Parse: Bus name:end_crop_wr_1 exist, fail to import.
[Warn] [2026-4-13 20:02:44] MsgOut: Debugger-4002: Core Parse: Bus name:u_box_overlay_sync/gen_crop_fifo[0].nxt_x exist, fail to import.
[Warn] [2026-4-13 20:02:44] MsgOut: Debugger-4002: Core Parse: Bus name:u_box_overlay_sync/gen_crop_fifo[0].cur_rep_x exist, fail to import.
[Warn] [2026-4-13 20:02:44] MsgOut: Debugger-4002: Core Parse: Bus name:u_box_overlay_sync/gen_crop_fifo[0].ram_max_ptr exist, fail to import.
[Warn] [2026-4-13 20:02:44] MsgOut: Debugger-4002: Core Parse: Bus name:u_box_overlay_sync/gen_crop_fifo[0].ram_rd_ptr exist, fail to import.
[Warn] [2026-4-13 20:02:44] MsgOut: Debugger-4002: Core Parse: Bus name:u_box_overlay_sync/gen_crop_fifo[0].x_acc exist, fail to import.
[Debug] [2026-4-13 20:02:44] Log::Print : Import Core: 0 OK
[Debug] [2026-4-13 20:02:48] Operation: Trigger.
[Debug] [2026-4-13 20:02:48] Log::Print : run
[Debug] [2026-4-13 20:02:48] Send RPC: 1d.
[Debug] [2026-4-13 20:02:48] Send cmd [run:2713] OK
[Debug] [2026-4-13 20:02:52] Operation: Stop trigger.
[Debug] [2026-4-13 20:02:52] Log::Print : stop
[Debug] [2026-4-13 20:02:52] Send RPC: 1e.
[Debug] [2026-4-13 20:02:52] Send cmd [stop:271a] OK
[Info] [2026-4-13 20:02:52] MsgOut: COMMAND[stop] execute successfully, takes 0.0 secs.
[Debug] [2026-4-13 20:02:52] COMMAND[stop] execute successfully, takes 0.0 secs.
[Error] [2026-4-13 20:02:53] Fail to exec trigger command.
[Warn] [2026-4-13 20:02:53] cmdid:2713 HandleWarnExec msg:Core 0 is stopped by user
[Debug] [2026-4-13 20:02:53] HandleErrorExec run Show Core:
[Debug] [2026-4-13 20:02:53] /******************** Core Information *************************/
[Debug] [2026-4-13 20:02:53] Core basic info: 
[Debug] [2026-4-13 20:02:53] 	Core version: 0x9001f003
[Debug] [2026-4-13 20:02:53] 	Index: 0
[Debug] [2026-4-13 20:02:53] 	Name: MyFLA0
[Debug] [2026-4-13 20:02:53] 	Core type: 
[Debug] [2026-4-13 20:02:53] 	Data same as trigger: true
[Debug] [2026-4-13 20:02:53] 	Storage qualification: false
[Debug] [2026-4-13 20:02:53] 	Max data depth: 200
[Debug] [2026-4-13 20:02:53] 	Sample data width: 9e
[Debug] [2026-4-13 20:02:53] 	Trigger sequencer level: 1
[Debug] [2026-4-13 20:02:53] 	Trigger output enabled: false
[Debug] [2026-4-13 20:02:53] 	Multi windows enabled: false
[Debug] [2026-4-13 20:02:53] 	Reset wave property status: false
[Debug] [2026-4-13 20:02:53] Core Property: 
[Debug] [2026-4-13 20:02:53] 	Core version: 0x9001f003
[Debug] [2026-4-13 20:02:53] 	Index: 0
[Debug] [2026-4-13 20:02:53] 	Core type: 
[Debug] [2026-4-13 20:02:53] 	Data same as trigger: true
[Debug] [2026-4-13 20:02:53] 	Storage qualification: false
[Debug] [2026-4-13 20:02:53] 	Trigger output enabled: false
[Debug] [2026-4-13 20:02:53] 	Multi windows enabled: false
[Debug] [2026-4-13 20:02:53] 	Max data depth: 200
[Debug] [2026-4-13 20:02:53] 	Sample data width: 9e
[Debug] [2026-4-13 20:02:53] 	Trigger sequencer level: 1
[Debug] [2026-4-13 20:02:53] 	Channel num		Match unit num		Match unit type		Counter width		Port is data
[Debug] [2026-4-13 20:02:53] 	Trigger port 0 : 	9e	1	1	0	true
[Debug] [2026-4-13 20:02:53] Signals Property: 
[Debug] [2026-4-13 20:02:53] 	Window num: 1
[Debug] [2026-4-13 20:02:53] 	Samples num in window: 200
[Debug] [2026-4-13 20:02:53] 	Trigger time in window: 100
[Debug] [2026-4-13 20:02:53] 	Samples num: 200
[Debug] [2026-4-13 20:02:53] 	Negative time: true
[Debug] [2026-4-13 20:02:53] 	Signal type: 0
[Debug] [2026-4-13 20:02:53] 	Total trigger position: 1
[Debug] [2026-4-13 20:02:53] Storage Style Property: 
[Debug] [2026-4-13 20:02:53] 	Style type: 0
[Debug] [2026-4-13 20:02:53] 	Windows num: 1
[Debug] [2026-4-13 20:02:53] 	Depth per window: 200
[Debug] [2026-4-13 20:02:53] 	Window position: 100
[Debug] [2026-4-13 20:02:53] 	Samples per trigger: 200
[Debug] [2026-4-13 20:02:53] 	Storage qualification: All Data
[Debug] [2026-4-13 20:02:53] Data Port: 
[Debug] [2026-4-13 20:02:53] 	Max depth: 0
[Debug] [2026-4-13 20:02:53] 	Depth: 0
[Debug] [2026-4-13 20:02:53] Trigger Port: 
[Debug] [2026-4-13 20:02:53] Trigger Port 0 :
[Debug] [2026-4-13 20:02:53] 	Port index: 0
[Debug] [2026-4-13 20:02:53] 	Match type: 1
[Debug] [2026-4-13 20:02:53] 	Counter width: 0
[Debug] [2026-4-13 20:02:53] 	Is data: true
[Debug] [2026-4-13 20:02:53] Match Unit: 
[Debug] [2026-4-13 20:02:53] Match Unit 0 :
[Debug] [2026-4-13 20:02:53] 	Trigger port index: 0
[Debug] [2026-4-13 20:02:53] 	Value: XXXXXXXXXXXXXXXXXXXXXXXXXXXXXXXXXXXXXXXXXXXXXXXXXXXXXXXXXXXXXXXXXXXXXXXXXXXXXXXXXXXXXXXXXXXXXXXXXXXXXXXXXXXXXXXXXXXXXXXXXXXXXXXXXXXXXXXXXXXXXXXXXXXXXXXXXX1XXX
[Debug] [2026-4-13 20:02:53] 	Index: 0
[Debug] [2026-4-13 20:02:53] 	Function: 0
[Debug] [2026-4-13 20:02:53] 	Radix: 
[Debug] [2026-4-13 20:02:53] 	Counter match event: 0
[Debug] [2026-4-13 20:02:53] 	Counter cycles: 1
[Debug] [2026-4-13 20:02:53] 	Trigger output enabled: true
[Debug] [2026-4-13 20:02:53] 	Range form : 00000000000000000000000000000000000000000000000000000000000000000000000000000000000000000000000000000000000000000000000000000000000000000000000000000000000000 to 00000000000000000000000000000000000000000000000000000000000000000000000000000000000000000000000000000000000000000000000000000000000000000000000000000000000000
[Debug] [2026-4-13 20:02:53] 	Is tp need deleted: false
[Debug] [2026-4-13 20:02:53] Bus: 
[Debug] [2026-4-13 20:02:53] Bus 0 :
[Debug] [2026-4-13 20:02:53] 	crop_wr_en_1
[Debug] [2026-4-13 20:02:53] Channel Index 0 :	Data Port: 0	Channel name: crop_wr_en_1[0]
[Debug] [2026-4-13 20:02:53] Channel Index 1 :	Data Port: 1	Channel name: crop_wr_en_1[1]
[Debug] [2026-4-13 20:02:53] Channel Index 2 :	Data Port: 2	Channel name: crop_wr_en_1[2]
[Debug] [2026-4-13 20:02:53] Channel Index 3 :	Data Port: 3	Channel name: crop_wr_en_1[3]
[Debug] [2026-4-13 20:02:53] Bus 1 :
[Debug] [2026-4-13 20:02:53] 	crop_rgb_out_1
[Debug] [2026-4-13 20:02:53] Channel Index 0 :	Data Port: 4	Channel name: crop_rgb_out_1[0]
[Debug] [2026-4-13 20:02:53] Channel Index 1 :	Data Port: 5	Channel name: crop_rgb_out_1[1]
[Debug] [2026-4-13 20:02:53] Channel Index 2 :	Data Port: 6	Channel name: crop_rgb_out_1[2]
[Debug] [2026-4-13 20:02:53] Channel Index 3 :	Data Port: 7	Channel name: crop_rgb_out_1[3]
[Debug] [2026-4-13 20:02:53] Channel Index 4 :	Data Port: 8	Channel name: crop_rgb_out_1[4]
[Debug] [2026-4-13 20:02:53] Channel Index 5 :	Data Port: 9	Channel name: crop_rgb_out_1[5]
[Debug] [2026-4-13 20:02:53] Channel Index 6 :	Data Port: a	Channel name: crop_rgb_out_1[6]
[Debug] [2026-4-13 20:02:53] Channel Index 7 :	Data Port: b	Channel name: crop_rgb_out_1[7]
[Debug] [2026-4-13 20:02:53] Channel Index 8 :	Data Port: c	Channel name: crop_rgb_out_1[8]
[Debug] [2026-4-13 20:02:53] Channel Index 9 :	Data Port: d	Channel name: crop_rgb_out_1[9]
[Debug] [2026-4-13 20:02:53] Channel Index a :	Data Port: e	Channel name: crop_rgb_out_1[10]
[Debug] [2026-4-13 20:02:53] Channel Index b :	Data Port: f	Channel name: crop_rgb_out_1[11]
[Debug] [2026-4-13 20:02:53] Channel Index c :	Data Port: 10	Channel name: crop_rgb_out_1[12]
[Debug] [2026-4-13 20:02:53] Channel Index d :	Data Port: 11	Channel name: crop_rgb_out_1[13]
[Debug] [2026-4-13 20:02:53] Channel Index e :	Data Port: 12	Channel name: crop_rgb_out_1[14]
[Debug] [2026-4-13 20:02:53] Channel Index f :	Data Port: 13	Channel name: crop_rgb_out_1[15]
[Debug] [2026-4-13 20:02:53] Channel Index 10 :	Data Port: 14	Channel name: crop_rgb_out_1[16]
[Debug] [2026-4-13 20:02:53] Channel Index 11 :	Data Port: 15	Channel name: crop_rgb_out_1[17]
[Debug] [2026-4-13 20:02:53] Channel Index 12 :	Data Port: 16	Channel name: crop_rgb_out_1[18]
[Debug] [2026-4-13 20:02:53] Channel Index 13 :	Data Port: 17	Channel name: crop_rgb_out_1[19]
[Debug] [2026-4-13 20:02:53] Channel Index 14 :	Data Port: 18	Channel name: crop_rgb_out_1[20]
[Debug] [2026-4-13 20:02:53] Channel Index 15 :	Data Port: 19	Channel name: crop_rgb_out_1[21]
[Debug] [2026-4-13 20:02:53] Channel Index 16 :	Data Port: 1a	Channel name: crop_rgb_out_1[22]
[Debug] [2026-4-13 20:02:53] Channel Index 17 :	Data Port: 1b	Channel name: crop_rgb_out_1[23]
[Debug] [2026-4-13 20:02:53] Channel Index 18 :	Data Port: 1c	Channel name: crop_rgb_out_1[24]
[Debug] [2026-4-13 20:02:53] Channel Index 19 :	Data Port: 1d	Channel name: crop_rgb_out_1[25]
[Debug] [2026-4-13 20:02:53] Channel Index 1a :	Data Port: 1e	Channel name: crop_rgb_out_1[26]
[Debug] [2026-4-13 20:02:53] Channel Index 1b :	Data Port: 1f	Channel name: crop_rgb_out_1[27]
[Debug] [2026-4-13 20:02:53] Channel Index 1c :	Data Port: 20	Channel name: crop_rgb_out_1[28]
[Debug] [2026-4-13 20:02:53] Channel Index 1d :	Data Port: 21	Channel name: crop_rgb_out_1[29]
[Debug] [2026-4-13 20:02:53] Channel Index 1e :	Data Port: 22	Channel name: crop_rgb_out_1[30]
[Debug] [2026-4-13 20:02:53] Channel Index 1f :	Data Port: 23	Channel name: crop_rgb_out_1[31]
[Debug] [2026-4-13 20:02:53] Channel Index 20 :	Data Port: 24	Channel name: crop_rgb_out_1[32]
[Debug] [2026-4-13 20:02:53] Channel Index 21 :	Data Port: 25	Channel name: crop_rgb_out_1[33]
[Debug] [2026-4-13 20:02:53] Channel Index 22 :	Data Port: 26	Channel name: crop_rgb_out_1[34]
[Debug] [2026-4-13 20:02:53] Channel Index 23 :	Data Port: 27	Channel name: crop_rgb_out_1[35]
[Debug] [2026-4-13 20:02:53] Channel Index 24 :	Data Port: 28	Channel name: crop_rgb_out_1[36]
[Debug] [2026-4-13 20:02:53] Channel Index 25 :	Data Port: 29	Channel name: crop_rgb_out_1[37]
[Debug] [2026-4-13 20:02:53] Channel Index 26 :	Data Port: 2a	Channel name: crop_rgb_out_1[38]
[Debug] [2026-4-13 20:02:53] Channel Index 27 :	Data Port: 2b	Channel name: crop_rgb_out_1[39]
[Debug] [2026-4-13 20:02:53] Channel Index 28 :	Data Port: 2c	Channel name: crop_rgb_out_1[40]
[Debug] [2026-4-13 20:02:53] Channel Index 29 :	Data Port: 2d	Channel name: crop_rgb_out_1[41]
[Debug] [2026-4-13 20:02:53] Channel Index 2a :	Data Port: 2e	Channel name: crop_rgb_out_1[42]
[Debug] [2026-4-13 20:02:53] Channel Index 2b :	Data Port: 2f	Channel name: crop_rgb_out_1[43]
[Debug] [2026-4-13 20:02:53] Channel Index 2c :	Data Port: 30	Channel name: crop_rgb_out_1[44]
[Debug] [2026-4-13 20:02:53] Channel Index 2d :	Data Port: 31	Channel name: crop_rgb_out_1[45]
[Debug] [2026-4-13 20:02:53] Channel Index 2e :	Data Port: 32	Channel name: crop_rgb_out_1[46]
[Debug] [2026-4-13 20:02:53] Channel Index 2f :	Data Port: 33	Channel name: crop_rgb_out_1[47]
[Debug] [2026-4-13 20:02:53] Channel Index 30 :	Data Port: 34	Channel name: crop_rgb_out_1[48]
[Debug] [2026-4-13 20:02:53] Channel Index 31 :	Data Port: 35	Channel name: crop_rgb_out_1[49]
[Debug] [2026-4-13 20:02:53] Channel Index 32 :	Data Port: 36	Channel name: crop_rgb_out_1[50]
[Debug] [2026-4-13 20:02:53] Channel Index 33 :	Data Port: 37	Channel name: crop_rgb_out_1[51]
[Debug] [2026-4-13 20:02:53] Channel Index 34 :	Data Port: 38	Channel name: crop_rgb_out_1[52]
[Debug] [2026-4-13 20:02:53] Channel Index 35 :	Data Port: 39	Channel name: crop_rgb_out_1[53]
[Debug] [2026-4-13 20:02:53] Channel Index 36 :	Data Port: 3a	Channel name: crop_rgb_out_1[54]
[Debug] [2026-4-13 20:02:53] Channel Index 37 :	Data Port: 3b	Channel name: crop_rgb_out_1[55]
[Debug] [2026-4-13 20:02:53] Channel Index 38 :	Data Port: 3c	Channel name: crop_rgb_out_1[56]
[Debug] [2026-4-13 20:02:53] Channel Index 39 :	Data Port: 3d	Channel name: crop_rgb_out_1[57]
[Debug] [2026-4-13 20:02:53] Channel Index 3a :	Data Port: 3e	Channel name: crop_rgb_out_1[58]
[Debug] [2026-4-13 20:02:53] Channel Index 3b :	Data Port: 3f	Channel name: crop_rgb_out_1[59]
[Debug] [2026-4-13 20:02:53] Channel Index 3c :	Data Port: 40	Channel name: crop_rgb_out_1[60]
[Debug] [2026-4-13 20:02:53] Channel Index 3d :	Data Port: 41	Channel name: crop_rgb_out_1[61]
[Debug] [2026-4-13 20:02:53] Channel Index 3e :	Data Port: 42	Channel name: crop_rgb_out_1[62]
[Debug] [2026-4-13 20:02:53] Channel Index 3f :	Data Port: 43	Channel name: crop_rgb_out_1[63]
[Debug] [2026-4-13 20:02:53] Channel Index 40 :	Data Port: 44	Channel name: crop_rgb_out_1[64]
[Debug] [2026-4-13 20:02:53] Channel Index 41 :	Data Port: 45	Channel name: crop_rgb_out_1[65]
[Debug] [2026-4-13 20:02:53] Channel Index 42 :	Data Port: 46	Channel name: crop_rgb_out_1[66]
[Debug] [2026-4-13 20:02:53] Channel Index 43 :	Data Port: 47	Channel name: crop_rgb_out_1[67]
[Debug] [2026-4-13 20:02:53] Channel Index 44 :	Data Port: 48	Channel name: crop_rgb_out_1[68]
[Debug] [2026-4-13 20:02:53] Channel Index 45 :	Data Port: 49	Channel name: crop_rgb_out_1[69]
[Debug] [2026-4-13 20:02:53] Channel Index 46 :	Data Port: 4a	Channel name: crop_rgb_out_1[70]
[Debug] [2026-4-13 20:02:53] Channel Index 47 :	Data Port: 4b	Channel name: crop_rgb_out_1[71]
[Debug] [2026-4-13 20:02:53] Channel Index 48 :	Data Port: 4c	Channel name: crop_rgb_out_1[72]
[Debug] [2026-4-13 20:02:53] Channel Index 49 :	Data Port: 4d	Channel name: crop_rgb_out_1[73]
[Debug] [2026-4-13 20:02:53] Channel Index 4a :	Data Port: 4e	Channel name: crop_rgb_out_1[74]
[Debug] [2026-4-13 20:02:53] Channel Index 4b :	Data Port: 4f	Channel name: crop_rgb_out_1[75]
[Debug] [2026-4-13 20:02:53] Channel Index 4c :	Data Port: 50	Channel name: crop_rgb_out_1[76]
[Debug] [2026-4-13 20:02:53] Channel Index 4d :	Data Port: 51	Channel name: crop_rgb_out_1[77]
[Debug] [2026-4-13 20:02:53] Channel Index 4e :	Data Port: 52	Channel name: crop_rgb_out_1[78]
[Debug] [2026-4-13 20:02:53] Channel Index 4f :	Data Port: 53	Channel name: crop_rgb_out_1[79]
[Debug] [2026-4-13 20:02:53] Channel Index 50 :	Data Port: 54	Channel name: crop_rgb_out_1[80]
[Debug] [2026-4-13 20:02:53] Channel Index 51 :	Data Port: 55	Channel name: crop_rgb_out_1[81]
[Debug] [2026-4-13 20:02:53] Channel Index 52 :	Data Port: 56	Channel name: crop_rgb_out_1[82]
[Debug] [2026-4-13 20:02:53] Channel Index 53 :	Data Port: 57	Channel name: crop_rgb_out_1[83]
[Debug] [2026-4-13 20:02:53] Channel Index 54 :	Data Port: 58	Channel name: crop_rgb_out_1[84]
[Debug] [2026-4-13 20:02:53] Channel Index 55 :	Data Port: 59	Channel name: crop_rgb_out_1[85]
[Debug] [2026-4-13 20:02:53] Channel Index 56 :	Data Port: 5a	Channel name: crop_rgb_out_1[86]
[Debug] [2026-4-13 20:02:53] Channel Index 57 :	Data Port: 5b	Channel name: crop_rgb_out_1[87]
[Debug] [2026-4-13 20:02:53] Channel Index 58 :	Data Port: 5c	Channel name: crop_rgb_out_1[88]
[Debug] [2026-4-13 20:02:53] Channel Index 59 :	Data Port: 5d	Channel name: crop_rgb_out_1[89]
[Debug] [2026-4-13 20:02:53] Channel Index 5a :	Data Port: 5e	Channel name: crop_rgb_out_1[90]
[Debug] [2026-4-13 20:02:53] Channel Index 5b :	Data Port: 5f	Channel name: crop_rgb_out_1[91]
[Debug] [2026-4-13 20:02:53] Channel Index 5c :	Data Port: 60	Channel name: crop_rgb_out_1[92]
[Debug] [2026-4-13 20:02:53] Channel Index 5d :	Data Port: 61	Channel name: crop_rgb_out_1[93]
[Debug] [2026-4-13 20:02:53] Channel Index 5e :	Data Port: 62	Channel name: crop_rgb_out_1[94]
[Debug] [2026-4-13 20:02:53] Channel Index 5f :	Data Port: 63	Channel name: crop_rgb_out_1[95]
[Debug] [2026-4-13 20:02:53] Bus 2 :
[Debug] [2026-4-13 20:02:53] 	start_crop_wr_1
[Debug] [2026-4-13 20:02:53] Channel Index 0 :	Data Port: 64	Channel name: start_crop_wr_1[0]
[Debug] [2026-4-13 20:02:53] Channel Index 1 :	Data Port: 65	Channel name: start_crop_wr_1[1]
[Debug] [2026-4-13 20:02:53] Channel Index 2 :	Data Port: 66	Channel name: start_crop_wr_1[2]
[Debug] [2026-4-13 20:02:53] Channel Index 3 :	Data Port: 67	Channel name: start_crop_wr_1[3]
[Debug] [2026-4-13 20:02:53] Bus 3 :
[Debug] [2026-4-13 20:02:53] 	end_crop_wr_1
[Debug] [2026-4-13 20:02:53] Channel Index 0 :	Data Port: 68	Channel name: end_crop_wr_1[0]
[Debug] [2026-4-13 20:02:53] Channel Index 1 :	Data Port: 69	Channel name: end_crop_wr_1[1]
[Debug] [2026-4-13 20:02:53] Channel Index 2 :	Data Port: 6a	Channel name: end_crop_wr_1[2]
[Debug] [2026-4-13 20:02:53] Channel Index 3 :	Data Port: 6b	Channel name: end_crop_wr_1[3]
[Debug] [2026-4-13 20:02:53] Bus 4 :
[Debug] [2026-4-13 20:02:53] 	u_box_overlay_sync/gen_crop_fifo[0].nxt_x
[Debug] [2026-4-13 20:02:53] Channel Index 0 :	Data Port: 6c	Channel name: u_box_overlay_sync/gen_crop_fifo[0].nxt_x[0]
[Debug] [2026-4-13 20:02:53] Channel Index 1 :	Data Port: 6d	Channel name: u_box_overlay_sync/gen_crop_fifo[0].nxt_x[1]
[Debug] [2026-4-13 20:02:53] Channel Index 2 :	Data Port: 6e	Channel name: u_box_overlay_sync/gen_crop_fifo[0].nxt_x[2]
[Debug] [2026-4-13 20:02:53] Channel Index 3 :	Data Port: 6f	Channel name: u_box_overlay_sync/gen_crop_fifo[0].nxt_x[3]
[Debug] [2026-4-13 20:02:53] Channel Index 4 :	Data Port: 70	Channel name: u_box_overlay_sync/gen_crop_fifo[0].nxt_x[4]
[Debug] [2026-4-13 20:02:53] Channel Index 5 :	Data Port: 71	Channel name: u_box_overlay_sync/gen_crop_fifo[0].nxt_x[5]
[Debug] [2026-4-13 20:02:53] Channel Index 6 :	Data Port: 72	Channel name: u_box_overlay_sync/gen_crop_fifo[0].nxt_x[6]
[Debug] [2026-4-13 20:02:53] Channel Index 7 :	Data Port: 73	Channel name: u_box_overlay_sync/gen_crop_fifo[0].nxt_x[7]
[Debug] [2026-4-13 20:02:53] Channel Index 8 :	Data Port: 74	Channel name: u_box_overlay_sync/gen_crop_fifo[0].nxt_x[8]
[Debug] [2026-4-13 20:02:53] Channel Index 9 :	Data Port: 75	Channel name: u_box_overlay_sync/gen_crop_fifo[0].nxt_x[9]
[Debug] [2026-4-13 20:02:53] Channel Index a :	Data Port: 76	Channel name: u_box_overlay_sync/gen_crop_fifo[0].nxt_x[10]
[Debug] [2026-4-13 20:02:53] Channel Index b :	Data Port: 77	Channel name: u_box_overlay_sync/gen_crop_fifo[0].nxt_x[11]
[Debug] [2026-4-13 20:02:53] Channel Index c :	Data Port: 78	Channel name: u_box_overlay_sync/gen_crop_fifo[0].nxt_x[12]
[Debug] [2026-4-13 20:02:53] Channel Index d :	Data Port: 79	Channel name: u_box_overlay_sync/gen_crop_fifo[0].nxt_x[13]
[Debug] [2026-4-13 20:02:53] Channel Index e :	Data Port: 7a	Channel name: u_box_overlay_sync/gen_crop_fifo[0].nxt_x[14]
[Debug] [2026-4-13 20:02:53] Bus 5 :
[Debug] [2026-4-13 20:02:53] 	u_box_overlay_sync/gen_crop_fifo[0].cur_rep_x
[Debug] [2026-4-13 20:02:53] Channel Index 0 :	Data Port: 7b	Channel name: u_box_overlay_sync/gen_crop_fifo[0].cur_rep_x[0]
[Debug] [2026-4-13 20:02:53] Channel Index 1 :	Data Port: 7c	Channel name: u_box_overlay_sync/gen_crop_fifo[0].cur_rep_x[1]
[Debug] [2026-4-13 20:02:53] Channel Index 2 :	Data Port: 7d	Channel name: u_box_overlay_sync/gen_crop_fifo[0].cur_rep_x[2]
[Debug] [2026-4-13 20:02:53] Bus 6 :
[Debug] [2026-4-13 20:02:53] 	u_box_overlay_sync/gen_crop_fifo[0].ram_max_ptr
[Debug] [2026-4-13 20:02:53] Channel Index 0 :	Data Port: 7e	Channel name: u_box_overlay_sync/gen_crop_fifo[0].ram_max_ptr[0]
[Debug] [2026-4-13 20:02:53] Channel Index 1 :	Data Port: 7f	Channel name: u_box_overlay_sync/gen_crop_fifo[0].ram_max_ptr[1]
[Debug] [2026-4-13 20:02:53] Channel Index 2 :	Data Port: 80	Channel name: u_box_overlay_sync/gen_crop_fifo[0].ram_max_ptr[2]
[Debug] [2026-4-13 20:02:53] Channel Index 3 :	Data Port: 81	Channel name: u_box_overlay_sync/gen_crop_fifo[0].ram_max_ptr[3]
[Debug] [2026-4-13 20:02:53] Channel Index 4 :	Data Port: 82	Channel name: u_box_overlay_sync/gen_crop_fifo[0].ram_max_ptr[4]
[Debug] [2026-4-13 20:02:53] Channel Index 5 :	Data Port: 83	Channel name: u_box_overlay_sync/gen_crop_fifo[0].ram_max_ptr[5]
[Debug] [2026-4-13 20:02:53] Channel Index 6 :	Data Port: 84	Channel name: u_box_overlay_sync/gen_crop_fifo[0].ram_max_ptr[6]
[Debug] [2026-4-13 20:02:53] Channel Index 7 :	Data Port: 85	Channel name: u_box_overlay_sync/gen_crop_fifo[0].ram_max_ptr[7]
[Debug] [2026-4-13 20:02:53] Bus 7 :
[Debug] [2026-4-13 20:02:53] 	u_box_overlay_sync/gen_crop_fifo[0].ram_rd_ptr
[Debug] [2026-4-13 20:02:53] Channel Index 0 :	Data Port: 86	Channel name: u_box_overlay_sync/gen_crop_fifo[0].ram_rd_ptr[0]
[Debug] [2026-4-13 20:02:53] Channel Index 1 :	Data Port: 87	Channel name: u_box_overlay_sync/gen_crop_fifo[0].ram_rd_ptr[1]
[Debug] [2026-4-13 20:02:53] Channel Index 2 :	Data Port: 88	Channel name: u_box_overlay_sync/gen_crop_fifo[0].ram_rd_ptr[2]
[Debug] [2026-4-13 20:02:53] Channel Index 3 :	Data Port: 89	Channel name: u_box_overlay_sync/gen_crop_fifo[0].ram_rd_ptr[3]
[Debug] [2026-4-13 20:02:53] Channel Index 4 :	Data Port: 8a	Channel name: u_box_overlay_sync/gen_crop_fifo[0].ram_rd_ptr[4]
[Debug] [2026-4-13 20:02:53] Channel Index 5 :	Data Port: 8b	Channel name: u_box_overlay_sync/gen_crop_fifo[0].ram_rd_ptr[5]
[Debug] [2026-4-13 20:02:53] Channel Index 6 :	Data Port: 8c	Channel name: u_box_overlay_sync/gen_crop_fifo[0].ram_rd_ptr[6]
[Debug] [2026-4-13 20:02:53] Channel Index 7 :	Data Port: 8d	Channel name: u_box_overlay_sync/gen_crop_fifo[0].ram_rd_ptr[7]
[Debug] [2026-4-13 20:02:53] Bus 8 :
[Debug] [2026-4-13 20:02:53] 	u_box_overlay_sync/gen_crop_fifo[0].x_acc
[Debug] [2026-4-13 20:02:53] Channel Index 0 :	Data Port: 8e	Channel name: u_box_overlay_sync/gen_crop_fifo[0].x_acc[0]
[Debug] [2026-4-13 20:02:53] Channel Index 1 :	Data Port: 8f	Channel name: u_box_overlay_sync/gen_crop_fifo[0].x_acc[1]
[Debug] [2026-4-13 20:02:53] Channel Index 2 :	Data Port: 90	Channel name: u_box_overlay_sync/gen_crop_fifo[0].x_acc[2]
[Debug] [2026-4-13 20:02:53] Channel Index 3 :	Data Port: 91	Channel name: u_box_overlay_sync/gen_crop_fifo[0].x_acc[3]
[Debug] [2026-4-13 20:02:53] Channel Index 4 :	Data Port: 92	Channel name: u_box_overlay_sync/gen_crop_fifo[0].x_acc[4]
[Debug] [2026-4-13 20:02:53] Channel Index 5 :	Data Port: 93	Channel name: u_box_overlay_sync/gen_crop_fifo[0].x_acc[5]
[Debug] [2026-4-13 20:02:53] Channel Index 6 :	Data Port: 94	Channel name: u_box_overlay_sync/gen_crop_fifo[0].x_acc[6]
[Debug] [2026-4-13 20:02:53] Channel Index 7 :	Data Port: 95	Channel name: u_box_overlay_sync/gen_crop_fifo[0].x_acc[7]
[Debug] [2026-4-13 20:02:53] Channel Index 8 :	Data Port: 96	Channel name: u_box_overlay_sync/gen_crop_fifo[0].x_acc[8]
[Debug] [2026-4-13 20:02:53] Channel Index 9 :	Data Port: 97	Channel name: u_box_overlay_sync/gen_crop_fifo[0].x_acc[9]
[Debug] [2026-4-13 20:02:53] Channel Index a :	Data Port: 98	Channel name: u_box_overlay_sync/gen_crop_fifo[0].x_acc[10]
[Debug] [2026-4-13 20:02:53] Channel Index b :	Data Port: 99	Channel name: u_box_overlay_sync/gen_crop_fifo[0].x_acc[11]
[Debug] [2026-4-13 20:02:53] Channel Index c :	Data Port: 9a	Channel name: u_box_overlay_sync/gen_crop_fifo[0].x_acc[12]
[Debug] [2026-4-13 20:02:53] Channel Index d :	Data Port: 9b	Channel name: u_box_overlay_sync/gen_crop_fifo[0].x_acc[13]
[Debug] [2026-4-13 20:02:53] Channel Index e :	Data Port: 9c	Channel name: u_box_overlay_sync/gen_crop_fifo[0].x_acc[14]
[Debug] [2026-4-13 20:02:53] Channel Index f :	Data Port: 9d	Channel name: u_box_overlay_sync/gen_crop_fifo[0].x_acc[15]
[Debug] [2026-4-13 20:02:53] Trigger Condition: 
[Debug] [2026-4-13 20:02:53] Trigger Condition 0 :
[Debug] [2026-4-13 20:02:53] 	Is active: true
[Debug] [2026-4-13 20:02:53] 	Name: TriggerCondition0
[Debug] [2026-4-13 20:02:53] 	Equation: TU0
[Debug] [2026-4-13 20:02:53] 	Output enable type: 0
[Debug] [2026-4-13 20:02:53] 	Trigger condition type: 0
[Debug] [2026-4-13 20:02:53] 	Use contiguous match event: false
[Debug] [2026-4-13 20:02:53] /**************************************************************/
[Warn] [2026-4-13 20:02:53] MsgOut: Core 0 is stopped by user
[Error] [2026-4-13 20:02:53] MsgOut: Debugger-0006: Command run exec unsuccessfully.
[Debug] [2026-4-13 20:03:03] Operation: Trigger.
[Debug] [2026-4-13 20:03:03] Log::Print : run
[Debug] [2026-4-13 20:03:03] Send RPC: 1f.
[Debug] [2026-4-13 20:03:03] Send cmd [run:2713] OK
[Info] [2026-4-13 20:03:04] MsgOut: Core 0 trigger successful at Mon Apr 13 20:03:04 2026
[Debug] [2026-4-13 20:03:04] Operation: ZoomFit
[Debug] [2026-4-13 20:03:04] Finish.
[Debug] [2026-4-13 20:03:04] [BusValue] Opt:Flush.
[Debug] [2026-4-13 20:03:04] [BusValue] Opt:Update.
[Info] [2026-4-13 20:03:04] MsgOut: COMMAND[run] execute successfully, takes 1.0 secs.
[Debug] [2026-4-13 20:03:04] COMMAND[run] execute successfully, takes 1.0 secs.
[Debug] [2026-4-13 20:03:06] Operation: ZoomOut
[Debug] [2026-4-13 20:03:06] Finish.
[Debug] [2026-4-13 20:03:06] Operation: ZoomOut
[Debug] [2026-4-13 20:03:06] Finish.
[Debug] [2026-4-13 20:03:06] Operation: ZoomOut
[Debug] [2026-4-13 20:03:06] Finish.
[Debug] [2026-4-13 20:03:06] Operation: ZoomOut
[Debug] [2026-4-13 20:03:07] Operation: ZoomOut
[Debug] [2026-4-13 20:03:07] Operation: ZoomOut
[Debug] [2026-4-13 20:03:07] Operation: ZoomOut
[Debug] [2026-4-13 20:03:10] Operation: Trigger.
[Debug] [2026-4-13 20:03:10] Log::Print : run
[Debug] [2026-4-13 20:03:10] Send RPC: 20.
[Debug] [2026-4-13 20:03:10] Send cmd [run:2713] OK
[Info] [2026-4-13 20:03:11] MsgOut: Core 0 trigger successful at Mon Apr 13 20:03:11 2026
[Debug] [2026-4-13 20:03:11] Operation: ZoomFit
[Debug] [2026-4-13 20:03:11] Finish.
[Debug] [2026-4-13 20:03:11] [BusValue] Opt:Flush.
[Debug] [2026-4-13 20:03:11] [BusValue] Opt:Update.
[Info] [2026-4-13 20:03:11] MsgOut: COMMAND[run] execute successfully, takes 1.3 secs.
[Debug] [2026-4-13 20:03:11] COMMAND[run] execute successfully, takes 1.3 secs.
[Debug] [2026-4-13 20:03:14] Operation: Trigger.
[Debug] [2026-4-13 20:03:14] Log::Print : run
[Debug] [2026-4-13 20:03:14] Send RPC: 21.
[Debug] [2026-4-13 20:03:14] Send cmd [run:2713] OK
[Info] [2026-4-13 20:03:15] MsgOut: Core 0 trigger successful at Mon Apr 13 20:03:15 2026
[Debug] [2026-4-13 20:03:16] Operation: ZoomFit
[Debug] [2026-4-13 20:03:16] Finish.
[Debug] [2026-4-13 20:03:16] [BusValue] Opt:Flush.
[Debug] [2026-4-13 20:03:16] [BusValue] Opt:Update.
[Info] [2026-4-13 20:03:16] MsgOut: COMMAND[run] execute successfully, takes 1.6 secs.
[Debug] [2026-4-13 20:03:16] COMMAND[run] execute successfully, takes 1.6 secs.
[Debug] [2026-4-13 20:03:21] Operation: Trigger.
[Debug] [2026-4-13 20:03:21] Log::Print : run
[Debug] [2026-4-13 20:03:21] Send RPC: 22.
[Debug] [2026-4-13 20:03:21] Send cmd [run:2713] OK
[Info] [2026-4-13 20:03:22] MsgOut: Core 0 trigger successful at Mon Apr 13 20:03:22 2026
[Debug] [2026-4-13 20:03:22] Operation: ZoomFit
[Debug] [2026-4-13 20:03:22] Finish.
[Debug] [2026-4-13 20:03:22] [BusValue] Opt:Flush.
[Debug] [2026-4-13 20:03:22] [BusValue] Opt:Update.
[Info] [2026-4-13 20:03:22] MsgOut: COMMAND[run] execute successfully, takes 1.1 secs.
[Debug] [2026-4-13 20:03:22] COMMAND[run] execute successfully, takes 1.1 secs.
[Debug] [2026-4-13 20:03:24] Operation: ZoomOut
[Debug] [2026-4-13 20:03:24] Operation: ZoomOut
[Debug] [2026-4-13 20:03:24] Operation: ZoomOut
[Debug] [2026-4-13 20:03:24] Operation: ZoomOut
[Debug] [2026-4-13 20:03:25] Operation: Zoom in.
[Debug] [2026-4-13 20:03:25] Finish.
[Debug] [2026-4-13 20:03:25] Operation: Zoom in.
[Debug] [2026-4-13 20:03:25] Finish.
[Debug] [2026-4-13 20:03:25] Operation: ZoomOut
[Debug] [2026-4-13 20:03:25] Finish.
[Debug] [2026-4-13 20:03:25] Operation: ZoomOut
[Debug] [2026-4-13 20:03:25] Finish.
[Debug] [2026-4-13 20:03:25] Operation: ZoomOut
[Debug] [2026-4-13 20:03:26] Operation: ZoomOut
[Debug] [2026-4-13 20:03:26] Operation: ZoomOut
[Debug] [2026-4-13 20:03:26] Operation: ZoomOut
[Debug] [2026-4-13 20:03:28] Operation: Trigger.
[Debug] [2026-4-13 20:03:28] Log::Print : run
[Debug] [2026-4-13 20:03:28] Send RPC: 23.
[Debug] [2026-4-13 20:03:28] Send cmd [run:2713] OK
[Info] [2026-4-13 20:03:29] MsgOut: Core 0 trigger successful at Mon Apr 13 20:03:29 2026
[Debug] [2026-4-13 20:03:29] Operation: ZoomFit
[Debug] [2026-4-13 20:03:29] Finish.
[Debug] [2026-4-13 20:03:29] [BusValue] Opt:Flush.
[Debug] [2026-4-13 20:03:29] [BusValue] Opt:Update.
[Info] [2026-4-13 20:03:29] MsgOut: COMMAND[run] execute successfully, takes 1.0 secs.
[Debug] [2026-4-13 20:03:29] COMMAND[run] execute successfully, takes 1.0 secs.
[Debug] [2026-4-13 20:03:35] Operation: ZoomOut
[Debug] [2026-4-13 20:03:35] Operation: ZoomOut
[Debug] [2026-4-13 20:03:56] Operation: Trigger.
[Debug] [2026-4-13 20:03:56] Log::Print : run
[Debug] [2026-4-13 20:03:56] Send RPC: 24.
[Debug] [2026-4-13 20:03:56] Send cmd [run:2713] OK
[Info] [2026-4-13 20:03:57] MsgOut: Core 0 trigger successful at Mon Apr 13 20:03:57 2026
[Debug] [2026-4-13 20:03:57] Operation: ZoomFit
[Debug] [2026-4-13 20:03:57] Finish.
[Debug] [2026-4-13 20:03:57] [BusValue] Opt:Flush.
[Debug] [2026-4-13 20:03:57] [BusValue] Opt:Update.
[Info] [2026-4-13 20:03:57] MsgOut: COMMAND[run] execute successfully, takes 1.1 secs.
[Debug] [2026-4-13 20:03:57] COMMAND[run] execute successfully, takes 1.1 secs.
[Debug] [2026-4-13 20:04:01] Operation: Zoom in.
[Debug] [2026-4-13 20:04:01] Finish.
[Debug] [2026-4-13 20:04:01] Operation: Zoom in.
[Debug] [2026-4-13 20:04:01] Finish.
[Debug] [2026-4-13 20:04:01] Operation: Zoom in.
[Debug] [2026-4-13 20:04:01] Finish.
[Debug] [2026-4-13 20:04:01] Operation: Zoom in.
[Debug] [2026-4-13 20:04:01] Finish.
[Debug] [2026-4-13 20:04:02] Operation: Zoom in.
[Debug] [2026-4-13 20:04:02] Finish.
[Debug] [2026-4-13 20:04:02] Operation: ZoomOut
[Debug] [2026-4-13 20:04:02] Finish.
[Debug] [2026-4-13 20:04:02] Operation: ZoomOut
[Debug] [2026-4-13 20:04:02] Finish.
[Debug] [2026-4-13 20:04:02] Operation: ZoomOut
[Debug] [2026-4-13 20:04:02] Finish.
[Debug] [2026-4-13 20:04:02] Operation: ZoomOut
[Debug] [2026-4-13 20:04:02] Finish.
[Debug] [2026-4-13 20:04:02] Operation: ZoomOut
[Debug] [2026-4-13 20:04:02] Finish.
[Debug] [2026-4-13 20:04:03] Operation: ZoomOut
[Debug] [2026-4-13 20:04:03] Operation: ZoomOut
[Debug] [2026-4-13 20:04:03] Operation: Zoom in.
[Debug] [2026-4-13 20:04:03] Finish.
[Debug] [2026-4-13 20:04:03] Operation: Zoom in.
[Debug] [2026-4-13 20:04:03] Finish.
[Debug] [2026-4-13 20:04:03] Operation: Zoom in.
[Debug] [2026-4-13 20:04:03] Finish.
[Debug] [2026-4-13 20:04:04] Operation: Zoom in.
[Debug] [2026-4-13 20:04:04] Finish.
[Debug] [2026-4-13 20:04:04] Operation: Zoom in.
[Debug] [2026-4-13 20:04:04] Finish.
[Debug] [2026-4-13 20:04:04] Operation: Zoom in.
[Debug] [2026-4-13 20:04:04] Finish.
[Debug] [2026-4-13 20:04:05] Operation: ZoomOut
[Debug] [2026-4-13 20:04:05] Finish.
[Debug] [2026-4-13 20:04:05] Operation: ZoomOut
[Debug] [2026-4-13 20:04:05] Finish.
[Debug] [2026-4-13 20:04:05] Operation: ZoomOut
[Debug] [2026-4-13 20:04:05] Finish.
[Debug] [2026-4-13 20:04:05] Operation: ZoomOut
[Debug] [2026-4-13 20:04:05] Finish.
[Debug] [2026-4-13 20:04:05] Operation: ZoomOut
[Debug] [2026-4-13 20:04:05] Finish.
[Debug] [2026-4-13 20:04:05] Operation: ZoomOut
[Debug] [2026-4-13 20:04:05] Finish.
[Debug] [2026-4-13 20:04:05] Operation: ZoomOut
[Debug] [2026-4-13 20:04:08] Operation: Trigger.
[Debug] [2026-4-13 20:04:08] Log::Print : run
[Debug] [2026-4-13 20:04:08] Send RPC: 25.
[Debug] [2026-4-13 20:04:08] Send cmd [run:2713] OK
[Info] [2026-4-13 20:04:09] MsgOut: Core 0 trigger successful at Mon Apr 13 20:04:09 2026
[Debug] [2026-4-13 20:04:09] Operation: ZoomFit
[Debug] [2026-4-13 20:04:09] Finish.
[Debug] [2026-4-13 20:04:09] [BusValue] Opt:Flush.
[Debug] [2026-4-13 20:04:09] [BusValue] Opt:Update.
[Info] [2026-4-13 20:04:09] MsgOut: COMMAND[run] execute successfully, takes 1.1 secs.
[Debug] [2026-4-13 20:04:09] COMMAND[run] execute successfully, takes 1.1 secs.
[Debug] [2026-4-13 20:04:10] Operation: Zoom in.
[Debug] [2026-4-13 20:04:10] Finish.
[Debug] [2026-4-13 20:04:10] Operation: Zoom in.
[Debug] [2026-4-13 20:04:10] Finish.
[Debug] [2026-4-13 20:04:10] Operation: Zoom in.
[Debug] [2026-4-13 20:04:10] Finish.
[Debug] [2026-4-13 20:04:11] Operation: Zoom in.
[Debug] [2026-4-13 20:04:11] Finish.
[Debug] [2026-4-13 20:04:15] Operation: Zoom in.
[Debug] [2026-4-13 20:04:15] Finish.
[Debug] [2026-4-13 20:04:16] Operation: Zoom in.
[Debug] [2026-4-13 20:04:16] Finish.
[Debug] [2026-4-13 20:04:32] Operation: Trigger.
[Debug] [2026-4-13 20:04:32] Log::Print : run
[Debug] [2026-4-13 20:04:32] Send RPC: 26.
[Debug] [2026-4-13 20:04:32] Send cmd [run:2713] OK
[Info] [2026-4-13 20:04:33] MsgOut: Core 0 trigger successful at Mon Apr 13 20:04:33 2026
[Debug] [2026-4-13 20:04:33] Operation: ZoomFit
[Debug] [2026-4-13 20:04:33] Finish.
[Debug] [2026-4-13 20:04:33] [BusValue] Opt:Flush.
[Debug] [2026-4-13 20:04:33] [BusValue] Opt:Update.
[Info] [2026-4-13 20:04:33] MsgOut: COMMAND[run] execute successfully, takes 1.1 secs.
[Debug] [2026-4-13 20:04:33] COMMAND[run] execute successfully, takes 1.1 secs.
[Debug] [2026-4-13 20:04:35] Operation: ZoomOut
[Debug] [2026-4-13 20:04:35] Finish.
[Debug] [2026-4-13 20:04:35] Operation: ZoomOut
[Debug] [2026-4-13 20:04:35] Finish.
[Debug] [2026-4-13 20:04:35] Operation: ZoomOut
[Debug] [2026-4-13 20:04:35] Finish.
[Debug] [2026-4-13 20:04:35] Operation: ZoomOut
[Debug] [2026-4-13 20:04:35] Finish.
[Debug] [2026-4-13 20:04:35] Operation: Zoom in.
[Debug] [2026-4-13 20:04:35] Finish.
[Debug] [2026-4-13 20:04:35] Operation: Zoom in.
[Debug] [2026-4-13 20:04:35] Finish.
[Debug] [2026-4-13 20:04:36] Operation: Zoom in.
[Debug] [2026-4-13 20:04:36] Finish.
[Debug] [2026-4-13 20:04:36] Operation: ZoomOut
[Debug] [2026-4-13 20:04:36] Finish.
[Debug] [2026-4-13 20:04:36] Operation: ZoomOut
[Debug] [2026-4-13 20:04:36] Finish.
[Debug] [2026-4-13 20:04:36] Operation: ZoomOut
[Debug] [2026-4-13 20:04:36] Finish.
[Debug] [2026-4-13 20:04:36] Operation: ZoomOut
[Debug] [2026-4-13 20:04:36] Finish.
[Debug] [2026-4-13 20:04:36] Operation: ZoomOut
[Debug] [2026-4-13 20:04:36] Finish.
[Debug] [2026-4-13 20:04:37] Operation: Zoom in.
[Debug] [2026-4-13 20:04:37] Finish.
[Debug] [2026-4-13 20:04:37] Operation: Zoom in.
[Debug] [2026-4-13 20:04:37] Finish.
[Debug] [2026-4-13 20:04:38] Operation: Zoom in.
[Debug] [2026-4-13 20:04:38] Finish.
[Debug] [2026-4-13 20:04:38] Operation: Zoom in.
[Debug] [2026-4-13 20:04:38] Finish.
[Debug] [2026-4-13 20:04:38] Operation: Zoom in.
[Debug] [2026-4-13 20:04:38] Finish.
[Debug] [2026-4-13 20:04:38] Operation: Zoom in.
[Debug] [2026-4-13 20:04:38] Finish.
[Debug] [2026-4-13 20:04:40] Operation: ZoomOut
[Debug] [2026-4-13 20:04:40] Finish.
[Debug] [2026-4-13 20:04:41] Operation: ZoomOut
[Debug] [2026-4-13 20:04:41] Finish.
[Debug] [2026-4-13 20:04:41] Operation: ZoomOut
[Debug] [2026-4-13 20:04:41] Finish.
[Debug] [2026-4-13 20:04:41] Operation: ZoomOut
[Debug] [2026-4-13 20:04:41] Finish.
[Debug] [2026-4-13 20:04:42] Operation: ZoomOut
[Debug] [2026-4-13 20:04:42] Finish.
[Debug] [2026-4-13 20:04:42] Operation: ZoomOut
[Debug] [2026-4-13 20:04:42] Finish.
[Debug] [2026-4-13 20:04:42] Operation: ZoomOut
[Debug] [2026-4-13 20:04:42] Operation: ZoomOut
[Debug] [2026-4-13 20:04:43] Operation: Zoom in.
[Debug] [2026-4-13 20:04:43] Finish.
[Debug] [2026-4-13 20:04:43] Operation: Zoom in.
[Debug] [2026-4-13 20:04:43] Finish.
[Debug] [2026-4-13 20:04:44] Operation: Zoom in.
[Debug] [2026-4-13 20:04:44] Finish.
[Debug] [2026-4-13 20:04:44] Operation: Zoom in.
[Debug] [2026-4-13 20:04:44] Finish.
[Debug] [2026-4-13 20:04:44] Operation: Zoom in.
[Debug] [2026-4-13 20:04:44] Finish.
[Debug] [2026-4-13 20:04:44] Operation: Zoom in.
[Debug] [2026-4-13 20:04:44] Finish.
[Debug] [2026-4-13 20:05:07] Operation: Trigger.
[Debug] [2026-4-13 20:05:07] Log::Print : run
[Debug] [2026-4-13 20:05:07] Send RPC: 27.
[Debug] [2026-4-13 20:05:07] Send cmd [run:2713] OK
[Info] [2026-4-13 20:05:08] MsgOut: Core 0 trigger successful at Mon Apr 13 20:05:08 2026
[Debug] [2026-4-13 20:05:08] Operation: ZoomFit
[Debug] [2026-4-13 20:05:08] Finish.
[Debug] [2026-4-13 20:05:08] [BusValue] Opt:Flush.
[Debug] [2026-4-13 20:05:08] [BusValue] Opt:Update.
[Info] [2026-4-13 20:05:08] MsgOut: COMMAND[run] execute successfully, takes 1.1 secs.
[Debug] [2026-4-13 20:05:08] COMMAND[run] execute successfully, takes 1.1 secs.
[Debug] [2026-4-13 20:05:09] Operation: ZoomOut
[Debug] [2026-4-13 20:05:09] Finish.
[Debug] [2026-4-13 20:05:09] Operation: ZoomOut
[Debug] [2026-4-13 20:05:09] Finish.
[Debug] [2026-4-13 20:05:09] Operation: ZoomOut
[Debug] [2026-4-13 20:05:09] Finish.
[Debug] [2026-4-13 20:05:09] Operation: ZoomOut
[Debug] [2026-4-13 20:05:09] Finish.
[Debug] [2026-4-13 20:05:09] Operation: ZoomOut
[Debug] [2026-4-13 20:05:09] Finish.
[Debug] [2026-4-13 20:05:09] Operation: ZoomOut
[Debug] [2026-4-13 20:05:09] Finish.
[Debug] [2026-4-13 20:05:10] Operation: Zoom in.
[Debug] [2026-4-13 20:05:10] Finish.
[Debug] [2026-4-13 20:05:10] Operation: Zoom in.
[Debug] [2026-4-13 20:05:10] Finish.
[Debug] [2026-4-13 20:05:10] Operation: Zoom in.
[Debug] [2026-4-13 20:05:10] Finish.
[Debug] [2026-4-13 20:05:10] Operation: Zoom in.
[Debug] [2026-4-13 20:05:11] Finish.
[Debug] [2026-4-13 20:05:11] Operation: Zoom in.
[Debug] [2026-4-13 20:05:11] Finish.
[Debug] [2026-4-13 20:05:11] Operation: Zoom in.
[Debug] [2026-4-13 20:05:11] Finish.
[Debug] [2026-4-13 20:05:12] Operation: Zoom in.
[Debug] [2026-4-13 20:05:12] Finish.
[Debug] [2026-4-13 20:05:13] Operation: ZoomOut
[Debug] [2026-4-13 20:05:13] Finish.
[Debug] [2026-4-13 20:05:14] Operation: ZoomOut
[Debug] [2026-4-13 20:05:14] Finish.
[Debug] [2026-4-13 20:05:14] Operation: ZoomOut
[Debug] [2026-4-13 20:05:14] Finish.
[Debug] [2026-4-13 20:05:14] Operation: ZoomOut
[Debug] [2026-4-13 20:05:14] Finish.
[Debug] [2026-4-13 20:05:14] Operation: ZoomOut
[Debug] [2026-4-13 20:05:14] Finish.
[Debug] [2026-4-13 20:05:14] Operation: ZoomOut
[Debug] [2026-4-13 20:05:14] Finish.
[Debug] [2026-4-13 20:05:14] Operation: ZoomOut
[Debug] [2026-4-13 20:05:14] Finish.
[Debug] [2026-4-13 20:05:15] Operation: Zoom in.
[Debug] [2026-4-13 20:05:15] Finish.
[Debug] [2026-4-13 20:05:15] Operation: Zoom in.
[Debug] [2026-4-13 20:05:15] Finish.
[Debug] [2026-4-13 20:05:15] Operation: Zoom in.
[Debug] [2026-4-13 20:05:15] Finish.
[Debug] [2026-4-13 20:05:15] Operation: Zoom in.
[Debug] [2026-4-13 20:05:15] Finish.
[Debug] [2026-4-13 20:05:15] Operation: Zoom in.
[Debug] [2026-4-13 20:05:16] Finish.
[Debug] [2026-4-13 20:05:18] Operation: ZoomOut
[Debug] [2026-4-13 20:05:18] Finish.
[Debug] [2026-4-13 20:05:18] Operation: ZoomOut
[Debug] [2026-4-13 20:05:18] Finish.
[Debug] [2026-4-13 20:05:18] Operation: ZoomOut
[Debug] [2026-4-13 20:05:18] Finish.
[Debug] [2026-4-13 20:05:18] Operation: ZoomOut
[Debug] [2026-4-13 20:05:18] Finish.
[Debug] [2026-4-13 20:05:55] Operation: ZoomOut
[Debug] [2026-4-13 20:05:55] Finish.
[Debug] [2026-4-13 20:05:55] Operation: ZoomOut
[Debug] [2026-4-13 20:05:55] Operation: ZoomOut
[Debug] [2026-4-13 20:06:01] Operation: Zoom in.
[Debug] [2026-4-13 20:06:01] Finish.
[Debug] [2026-4-13 20:06:03] Operation: Zoom in.
[Debug] [2026-4-13 20:06:03] Finish.
[Debug] [2026-4-13 20:06:05] Operation: Zoom in.
[Debug] [2026-4-13 20:06:05] Finish.
[Debug] [2026-4-13 20:06:06] Operation: Zoom in.
[Debug] [2026-4-13 20:06:06] Finish.
[Debug] [2026-4-13 20:06:06] Operation: Zoom in.
[Debug] [2026-4-13 20:06:06] Finish.
[Debug] [2026-4-13 20:06:06] Operation: Zoom in.
[Debug] [2026-4-13 20:06:06] Finish.
[Debug] [2026-4-13 20:06:07] Operation: ZoomOut
[Debug] [2026-4-13 20:06:07] Finish.
[Debug] [2026-4-13 20:06:07] Operation: ZoomOut
[Debug] [2026-4-13 20:06:07] Finish.
[Debug] [2026-4-13 20:06:08] Operation: Zoom in.
[Debug] [2026-4-13 20:06:08] Finish.
[Debug] [2026-4-13 20:06:08] Operation: Zoom in.
[Debug] [2026-4-13 20:06:08] Finish.
[Debug] [2026-4-13 20:06:10] Operation: Zoom in.
[Debug] [2026-4-13 20:06:10] Finish.
[Debug] [2026-4-13 20:06:11] Operation: ZoomOut
[Debug] [2026-4-13 20:06:11] Finish.
[Debug] [2026-4-13 20:06:11] Operation: ZoomOut
[Debug] [2026-4-13 20:06:11] Finish.
[Debug] [2026-4-13 20:06:11] Operation: ZoomOut
[Debug] [2026-4-13 20:06:11] Finish.
[Debug] [2026-4-13 20:06:11] Operation: ZoomOut
[Debug] [2026-4-13 20:06:11] Finish.
[Debug] [2026-4-13 20:06:11] Operation: ZoomOut
[Debug] [2026-4-13 20:06:11] Finish.
[Debug] [2026-4-13 20:06:11] Operation: ZoomOut
[Debug] [2026-4-13 20:06:11] Finish.
[Debug] [2026-4-13 20:06:11] Operation: ZoomOut
[Debug] [2026-4-13 20:06:11] Finish.
[Debug] [2026-4-13 20:06:13] Operation: Zoom in.
[Debug] [2026-4-13 20:06:13] Finish.
[Debug] [2026-4-13 20:06:13] Operation: Zoom in.
[Debug] [2026-4-13 20:06:13] Finish.
[Debug] [2026-4-13 20:06:15] Operation: Zoom in.
[Debug] [2026-4-13 20:06:15] Finish.
[Debug] [2026-4-13 20:06:16] Operation: Zoom in.
[Debug] [2026-4-13 20:06:16] Finish.
[Debug] [2026-4-13 20:06:16] Operation: Zoom in.
[Debug] [2026-4-13 20:06:16] Finish.
[Debug] [2026-4-13 20:06:16] Operation: Zoom in.
[Debug] [2026-4-13 20:06:16] Finish.
[Debug] [2026-4-13 20:06:17] Operation: ZoomOut
[Debug] [2026-4-13 20:06:17] Finish.
[Debug] [2026-4-13 20:06:19] Operation: ZoomOut
[Debug] [2026-4-13 20:06:19] Finish.
[Debug] [2026-4-13 20:06:19] Operation: ZoomOut
[Debug] [2026-4-13 20:06:19] Finish.
[Debug] [2026-4-13 20:06:19] Operation: ZoomOut
[Debug] [2026-4-13 20:06:19] Finish.
[Debug] [2026-4-13 20:06:19] Operation: ZoomOut
[Debug] [2026-4-13 20:06:19] Finish.
[Debug] [2026-4-13 20:06:19] Operation: ZoomOut
[Debug] [2026-4-13 20:06:19] Finish.
[Debug] [2026-4-13 20:06:19] Operation: ZoomOut
[Debug] [2026-4-13 20:06:19] Operation: ZoomOut
[Debug] [2026-4-13 20:06:19] Operation: ZoomOut
[Debug] [2026-4-13 20:06:22] Operation: Zoom in.
[Debug] [2026-4-13 20:06:22] Finish.
[Debug] [2026-4-13 20:06:22] Operation: Zoom in.
[Debug] [2026-4-13 20:06:22] Finish.
[Debug] [2026-4-13 20:06:22] Operation: Zoom in.
[Debug] [2026-4-13 20:06:22] Finish.
[Debug] [2026-4-13 20:06:22] Operation: Zoom in.
[Debug] [2026-4-13 20:06:23] Finish.
[Debug] [2026-4-13 20:06:23] Operation: Zoom in.
[Debug] [2026-4-13 20:06:23] Finish.
[Debug] [2026-4-13 20:06:38] Operation: ZoomOut
[Debug] [2026-4-13 20:06:38] Finish.
[Debug] [2026-4-13 20:06:38] Operation: ZoomOut
[Debug] [2026-4-13 20:06:38] Finish.
[Debug] [2026-4-13 20:06:39] Operation: Zoom in.
[Debug] [2026-4-13 20:06:39] Finish.
[Debug] [2026-4-13 20:06:39] Operation: Zoom in.
[Debug] [2026-4-13 20:06:39] Finish.
[Debug] [2026-4-13 20:06:39] Operation: Zoom in.
[Debug] [2026-4-13 20:06:39] Finish.
[Debug] [2026-4-13 20:06:39] Operation: ZoomOut
[Debug] [2026-4-13 20:06:39] Finish.
[Debug] [2026-4-13 20:06:40] Operation: ZoomOut
[Debug] [2026-4-13 20:06:40] Finish.
[Debug] [2026-4-13 20:06:40] Operation: ZoomOut
[Debug] [2026-4-13 20:06:40] Finish.
[Debug] [2026-4-13 20:06:40] Operation: ZoomOut
[Debug] [2026-4-13 20:06:40] Finish.
[Debug] [2026-4-13 20:06:40] Operation: ZoomOut
[Debug] [2026-4-13 20:06:40] Finish.
[Debug] [2026-4-13 20:06:41] Operation: Zoom in.
[Debug] [2026-4-13 20:06:41] Finish.
[Debug] [2026-4-13 20:06:41] Operation: Zoom in.
[Debug] [2026-4-13 20:06:41] Finish.
[Debug] [2026-4-13 20:06:41] Operation: Zoom in.
[Debug] [2026-4-13 20:06:41] Finish.
[Debug] [2026-4-13 20:06:42] Operation: ZoomOut
[Debug] [2026-4-13 20:06:42] Finish.
[Debug] [2026-4-13 20:06:42] Operation: ZoomOut
[Debug] [2026-4-13 20:06:42] Finish.
[Debug] [2026-4-13 20:06:42] Operation: ZoomOut
[Debug] [2026-4-13 20:06:42] Finish.
[Debug] [2026-4-13 20:06:45] Operation: Zoom in.
[Debug] [2026-4-13 20:06:45] Finish.
[Debug] [2026-4-13 20:06:45] Operation: Zoom in.
[Debug] [2026-4-13 20:06:45] Finish.
[Debug] [2026-4-13 20:06:45] Operation: Zoom in.
[Debug] [2026-4-13 20:06:45] Finish.
[Debug] [2026-4-13 20:07:03] Operation: ZoomOut
[Debug] [2026-4-13 20:07:03] Finish.
[Debug] [2026-4-13 20:07:03] Operation: ZoomOut
[Debug] [2026-4-13 20:07:03] Finish.
[Debug] [2026-4-13 20:07:03] Operation: ZoomOut
[Debug] [2026-4-13 20:07:03] Finish.
[Debug] [2026-4-13 20:07:03] Operation: ZoomOut
[Debug] [2026-4-13 20:07:03] Finish.
[Debug] [2026-4-13 20:07:03] Operation: ZoomOut
[Debug] [2026-4-13 20:07:03] Operation: Zoom in.
[Debug] [2026-4-13 20:07:03] Finish.
[Debug] [2026-4-13 20:07:04] Operation: Zoom in.
[Debug] [2026-4-13 20:07:04] Finish.
[Debug] [2026-4-13 20:07:05] Operation: ZoomOut
[Debug] [2026-4-13 20:07:05] Finish.
[Debug] [2026-4-13 20:07:05] Operation: ZoomOut
[Debug] [2026-4-13 20:07:05] Finish.
[Debug] [2026-4-13 20:07:13] Operation: Zoom in.
[Debug] [2026-4-13 20:07:13] Finish.
[Debug] [2026-4-13 20:07:14] Operation: Zoom in.
[Debug] [2026-4-13 20:07:14] Finish.
[Debug] [2026-4-13 20:07:14] Operation: Zoom in.
[Debug] [2026-4-13 20:07:14] Finish.
[Debug] [2026-4-13 20:07:14] Operation: Zoom in.
[Debug] [2026-4-13 20:07:14] Finish.
[Debug] [2026-4-13 20:07:14] Operation: Zoom in.
[Debug] [2026-4-13 20:07:14] Finish.
[Debug] [2026-4-13 20:07:16] Operation: Trigger.
[Debug] [2026-4-13 20:07:16] Log::Print : run
[Debug] [2026-4-13 20:07:16] Send RPC: 28.
[Debug] [2026-4-13 20:07:16] Send cmd [run:2713] OK
[Info] [2026-4-13 20:07:17] MsgOut: Core 0 trigger successful at Mon Apr 13 20:07:17 2026
[Debug] [2026-4-13 20:07:18] Operation: ZoomFit
[Debug] [2026-4-13 20:07:18] Finish.
[Debug] [2026-4-13 20:07:18] [BusValue] Opt:Flush.
[Debug] [2026-4-13 20:07:18] [BusValue] Opt:Update.
[Info] [2026-4-13 20:07:18] MsgOut: COMMAND[run] execute successfully, takes 1.1 secs.
[Debug] [2026-4-13 20:07:18] COMMAND[run] execute successfully, takes 1.1 secs.
[Debug] [2026-4-13 20:07:18] Operation: ZoomOut
[Debug] [2026-4-13 20:07:18] Finish.
[Debug] [2026-4-13 20:07:19] Operation: ZoomOut
[Debug] [2026-4-13 20:07:19] Finish.
[Debug] [2026-4-13 20:07:23] Operation: Trigger.
[Debug] [2026-4-13 20:07:23] Log::Print : run
[Debug] [2026-4-13 20:07:23] Send RPC: 29.
[Debug] [2026-4-13 20:07:23] Send cmd [run:2713] OK
[Info] [2026-4-13 20:07:24] MsgOut: Core 0 trigger successful at Mon Apr 13 20:07:24 2026
[Debug] [2026-4-13 20:07:24] Operation: ZoomFit
[Debug] [2026-4-13 20:07:24] Finish.
[Debug] [2026-4-13 20:07:24] [BusValue] Opt:Flush.
[Debug] [2026-4-13 20:07:24] [BusValue] Opt:Update.
[Info] [2026-4-13 20:07:24] MsgOut: COMMAND[run] execute successfully, takes 1.1 secs.
[Debug] [2026-4-13 20:07:24] COMMAND[run] execute successfully, takes 1.1 secs.
[Debug] [2026-4-13 20:07:26] Operation: ZoomOut
[Debug] [2026-4-13 20:07:26] Finish.
[Debug] [2026-4-13 20:07:26] Operation: ZoomOut
[Debug] [2026-4-13 20:07:26] Finish.
[Debug] [2026-4-13 20:07:26] Operation: ZoomOut
[Debug] [2026-4-13 20:07:26] Finish.
[Debug] [2026-4-13 20:07:27] Operation: Zoom in.
[Debug] [2026-4-13 20:07:27] Finish.
[Debug] [2026-4-13 20:07:27] Operation: Zoom in.
[Debug] [2026-4-13 20:07:27] Finish.
[Debug] [2026-4-13 20:07:27] Operation: ZoomOut
[Debug] [2026-4-13 20:07:27] Finish.
[Debug] [2026-4-13 20:07:29] Operation: Trigger.
[Debug] [2026-4-13 20:07:29] Log::Print : run
[Debug] [2026-4-13 20:07:29] Send RPC: 2a.
[Debug] [2026-4-13 20:07:29] Send cmd [run:2713] OK
[Info] [2026-4-13 20:07:29] MsgOut: Core 0 trigger successful at Mon Apr 13 20:07:29 2026
[Debug] [2026-4-13 20:07:30] Operation: ZoomFit
[Debug] [2026-4-13 20:07:30] Finish.
[Debug] [2026-4-13 20:07:30] [BusValue] Opt:Flush.
[Debug] [2026-4-13 20:07:30] [BusValue] Opt:Update.
[Info] [2026-4-13 20:07:30] MsgOut: COMMAND[run] execute successfully, takes 1.1 secs.
[Debug] [2026-4-13 20:07:30] COMMAND[run] execute successfully, takes 1.1 secs.
[Debug] [2026-4-13 20:07:31] Operation: ZoomOut
[Debug] [2026-4-13 20:07:31] Finish.
[Debug] [2026-4-13 20:07:31] Operation: ZoomOut
[Debug] [2026-4-13 20:07:31] Operation: ZoomOut
[Debug] [2026-4-13 20:07:37] Operation: Zoom in.
[Debug] [2026-4-13 20:07:37] Finish.
[Debug] [2026-4-13 20:07:38] Operation: Zoom in.
[Debug] [2026-4-13 20:07:38] Finish.
[Debug] [2026-4-13 20:07:38] Operation: Zoom in.
[Debug] [2026-4-13 20:07:38] Finish.
[Debug] [2026-4-13 20:07:39] Operation: ZoomOut
[Debug] [2026-4-13 20:07:39] Finish.
[Debug] [2026-4-13 20:07:39] Operation: ZoomOut
[Debug] [2026-4-13 20:07:39] Finish.
[Debug] [2026-4-13 20:07:39] Operation: ZoomOut
[Debug] [2026-4-13 20:07:39] Finish.
[Debug] [2026-4-13 20:07:41] Operation: Zoom in.
[Debug] [2026-4-13 20:07:41] Finish.
[Debug] [2026-4-13 20:07:41] Operation: Zoom in.
[Debug] [2026-4-13 20:07:41] Finish.
[Debug] [2026-4-13 20:07:41] Operation: Zoom in.
[Debug] [2026-4-13 20:07:41] Finish.
[Debug] [2026-4-13 20:07:41] Operation: Zoom in.
[Debug] [2026-4-13 20:07:41] Finish.
[Debug] [2026-4-13 20:07:41] Operation: Zoom in.
[Debug] [2026-4-13 20:07:41] Finish.
[Debug] [2026-4-13 20:07:43] Operation: ZoomOut
[Debug] [2026-4-13 20:07:43] Finish.
[Debug] [2026-4-13 20:07:43] Operation: Zoom in.
[Debug] [2026-4-13 20:07:43] Finish.
[Debug] [2026-4-13 20:07:50] Operation: ZoomOut
[Debug] [2026-4-13 20:07:50] Finish.
[Debug] [2026-4-13 20:07:50] Operation: ZoomOut
[Debug] [2026-4-13 20:07:50] Finish.
[Debug] [2026-4-13 20:07:50] Operation: ZoomOut
[Debug] [2026-4-13 20:07:50] Finish.
[Debug] [2026-4-13 20:07:50] Operation: ZoomOut
[Debug] [2026-4-13 20:07:50] Finish.
[Debug] [2026-4-13 20:07:50] Operation: ZoomOut
[Debug] [2026-4-13 20:07:50] Finish.
[Debug] [2026-4-13 20:07:50] Operation: ZoomOut
[Debug] [2026-4-13 20:07:50] Operation: ZoomOut
[Debug] [2026-4-13 20:07:50] Operation: ZoomOut
[Debug] [2026-4-13 20:07:50] Operation: ZoomOut
[Debug] [2026-4-13 20:07:52] Operation: Trigger.
[Debug] [2026-4-13 20:07:52] Log::Print : run
[Debug] [2026-4-13 20:07:52] Send RPC: 2b.
[Debug] [2026-4-13 20:07:52] Send cmd [run:2713] OK
[Info] [2026-4-13 20:07:53] MsgOut: Core 0 trigger successful at Mon Apr 13 20:07:53 2026
[Debug] [2026-4-13 20:07:53] Operation: ZoomFit
[Debug] [2026-4-13 20:07:53] Finish.
[Debug] [2026-4-13 20:07:53] [BusValue] Opt:Flush.
[Debug] [2026-4-13 20:07:53] [BusValue] Opt:Update.
[Info] [2026-4-13 20:07:53] MsgOut: COMMAND[run] execute successfully, takes 1.0 secs.
[Debug] [2026-4-13 20:07:53] COMMAND[run] execute successfully, takes 1.0 secs.
[Debug] [2026-4-13 20:08:02] Operation: Zoom in.
[Debug] [2026-4-13 20:08:02] Finish.
[Debug] [2026-4-13 20:08:02] Operation: Zoom in.
[Debug] [2026-4-13 20:08:02] Finish.
[Debug] [2026-4-13 20:08:02] Operation: Zoom in.
[Debug] [2026-4-13 20:08:02] Finish.
[Debug] [2026-4-13 20:08:02] Operation: Zoom in.
[Debug] [2026-4-13 20:08:02] Finish.
[Debug] [2026-4-13 20:08:03] Operation: Zoom in.
[Debug] [2026-4-13 20:08:03] Finish.
[Debug] [2026-4-13 20:08:03] Operation: Zoom in.
[Debug] [2026-4-13 20:08:03] Finish.
[Debug] [2026-4-13 20:08:03] Operation: Zoom in.
[Debug] [2026-4-13 20:08:03] Finish.
[Debug] [2026-4-13 20:08:11] Operation: ZoomOut
[Debug] [2026-4-13 20:08:11] Finish.
[Debug] [2026-4-13 20:08:11] Operation: ZoomOut
[Debug] [2026-4-13 20:08:11] Finish.
[Debug] [2026-4-13 20:08:12] Operation: Zoom in.
[Debug] [2026-4-13 20:08:12] Finish.
[Debug] [2026-4-13 20:08:12] Operation: Zoom in.
[Debug] [2026-4-13 20:08:12] Finish.
[Debug] [2026-4-13 20:08:20] Operation: ZoomOut
[Debug] [2026-4-13 20:08:20] Finish.
[Debug] [2026-4-13 20:08:20] Operation: ZoomOut
[Debug] [2026-4-13 20:08:20] Finish.
[Debug] [2026-4-13 20:08:21] Operation: ZoomOut
[Debug] [2026-4-13 20:08:21] Finish.
[Debug] [2026-4-13 20:08:21] Operation: ZoomOut
[Debug] [2026-4-13 20:08:21] Finish.
[Debug] [2026-4-13 20:08:21] Operation: Zoom in.
[Debug] [2026-4-13 20:08:21] Finish.
[Debug] [2026-4-13 20:08:21] Operation: Zoom in.
[Debug] [2026-4-13 20:08:21] Finish.
[Debug] [2026-4-13 20:08:22] Operation: Zoom in.
[Debug] [2026-4-13 20:08:22] Finish.
[Debug] [2026-4-13 20:08:22] Operation: Zoom in.
[Debug] [2026-4-13 20:08:22] Finish.
[Debug] [2026-4-13 20:08:22] Operation: Zoom in.
[Debug] [2026-4-13 20:08:22] Finish.
[Debug] [2026-4-13 20:08:23] Operation: ZoomOut
[Debug] [2026-4-13 20:08:23] Finish.
[Debug] [2026-4-13 20:08:30] Operation: Trigger.
[Debug] [2026-4-13 20:08:30] Log::Print : run
[Debug] [2026-4-13 20:08:30] Send RPC: 2c.
[Debug] [2026-4-13 20:08:30] Send cmd [run:2713] OK
[Info] [2026-4-13 20:08:31] MsgOut: Core 0 trigger successful at Mon Apr 13 20:08:31 2026
[Debug] [2026-4-13 20:08:31] Operation: ZoomFit
[Debug] [2026-4-13 20:08:31] Finish.
[Debug] [2026-4-13 20:08:31] [BusValue] Opt:Flush.
[Debug] [2026-4-13 20:08:31] [BusValue] Opt:Update.
[Info] [2026-4-13 20:08:31] MsgOut: COMMAND[run] execute successfully, takes 1.1 secs.
[Debug] [2026-4-13 20:08:31] COMMAND[run] execute successfully, takes 1.1 secs.
[Debug] [2026-4-13 20:08:33] Operation: ZoomOut
[Debug] [2026-4-13 20:08:33] Finish.
[Debug] [2026-4-13 20:08:33] Operation: ZoomOut
[Debug] [2026-4-13 20:08:33] Finish.
[Debug] [2026-4-13 20:08:33] Operation: ZoomOut
[Debug] [2026-4-13 20:08:33] Finish.
[Debug] [2026-4-13 20:08:34] Operation: Zoom in.
[Debug] [2026-4-13 20:08:34] Finish.
[Debug] [2026-4-13 20:08:34] Operation: Zoom in.
[Debug] [2026-4-13 20:08:34] Finish.
[Debug] [2026-4-13 20:08:34] Operation: Zoom in.
[Debug] [2026-4-13 20:08:34] Finish.
[Debug] [2026-4-13 20:08:40] Operation: Trigger.
[Debug] [2026-4-13 20:08:40] Log::Print : run
[Debug] [2026-4-13 20:08:40] Send RPC: 2d.
[Debug] [2026-4-13 20:08:40] Send cmd [run:2713] OK
[Info] [2026-4-13 20:08:40] MsgOut: Core 0 trigger successful at Mon Apr 13 20:08:40 2026
[Debug] [2026-4-13 20:08:41] Operation: ZoomFit
[Debug] [2026-4-13 20:08:41] Finish.
[Debug] [2026-4-13 20:08:41] [BusValue] Opt:Flush.
[Debug] [2026-4-13 20:08:41] [BusValue] Opt:Update.
[Info] [2026-4-13 20:08:41] MsgOut: COMMAND[run] execute successfully, takes 1.1 secs.
[Debug] [2026-4-13 20:08:41] COMMAND[run] execute successfully, takes 1.1 secs.
[Debug] [2026-4-13 20:08:42] Operation: ZoomOut
[Debug] [2026-4-13 20:08:42] Finish.
[Debug] [2026-4-13 20:08:42] Operation: ZoomOut
[Debug] [2026-4-13 20:08:42] Finish.
[Debug] [2026-4-13 20:08:42] Operation: ZoomOut
[Debug] [2026-4-13 20:08:42] Finish.
[Debug] [2026-4-13 20:08:43] Operation: Zoom in.
[Debug] [2026-4-13 20:08:43] Finish.
[Debug] [2026-4-13 20:08:43] Operation: Zoom in.
[Debug] [2026-4-13 20:08:43] Finish.
[Debug] [2026-4-13 20:08:43] Operation: Zoom in.
[Debug] [2026-4-13 20:08:43] Finish.
[Debug] [2026-4-13 20:08:45] Operation: ZoomOut
[Debug] [2026-4-13 20:08:45] Finish.
[Debug] [2026-4-13 20:08:45] Operation: ZoomOut
[Debug] [2026-4-13 20:08:45] Finish.
[Debug] [2026-4-13 20:08:45] Operation: ZoomOut
[Debug] [2026-4-13 20:08:45] Finish.
[Debug] [2026-4-13 20:08:45] Operation: ZoomOut
[Debug] [2026-4-13 20:08:45] Finish.
[Debug] [2026-4-13 20:08:46] Operation: ZoomOut
[Debug] [2026-4-13 20:08:46] Finish.
[Debug] [2026-4-13 20:08:46] Operation: ZoomOut
[Debug] [2026-4-13 20:08:46] Finish.
[Debug] [2026-4-13 20:08:46] Operation: ZoomOut
[Debug] [2026-4-13 20:08:46] Finish.
[Debug] [2026-4-13 20:08:46] Operation: ZoomOut
[Debug] [2026-4-13 20:08:46] Operation: Zoom in.
[Debug] [2026-4-13 20:08:46] Finish.
[Debug] [2026-4-13 20:08:46] Operation: Zoom in.
[Debug] [2026-4-13 20:08:46] Finish.
[Debug] [2026-4-13 20:08:46] Operation: Zoom in.
[Debug] [2026-4-13 20:08:46] Finish.
[Debug] [2026-4-13 20:08:47] Operation: Zoom in.
[Debug] [2026-4-13 20:08:47] Finish.
[Debug] [2026-4-13 20:08:47] Operation: Zoom in.
[Debug] [2026-4-13 20:08:47] Finish.
[Debug] [2026-4-13 20:08:51] Operation: Zoom in.
[Debug] [2026-4-13 20:08:51] Finish.
[Debug] [2026-4-13 20:08:52] Operation: ZoomOut
[Debug] [2026-4-13 20:08:52] Finish.
[Debug] [2026-4-13 20:08:52] Operation: ZoomOut
[Debug] [2026-4-13 20:08:52] Finish.
[Debug] [2026-4-13 20:08:52] Operation: ZoomOut
[Debug] [2026-4-13 20:08:52] Finish.
[Debug] [2026-4-13 20:08:53] Operation: Zoom in.
[Debug] [2026-4-13 20:08:53] Finish.
[Debug] [2026-4-13 20:08:53] Operation: Zoom in.
[Debug] [2026-4-13 20:08:53] Finish.
[Debug] [2026-4-13 20:08:54] Operation: ZoomOut
[Debug] [2026-4-13 20:08:54] Finish.
[Debug] [2026-4-13 20:08:54] Operation: ZoomOut
[Debug] [2026-4-13 20:08:54] Finish.
[Debug] [2026-4-13 20:08:54] Operation: ZoomOut
[Debug] [2026-4-13 20:08:54] Finish.
[Debug] [2026-4-13 20:08:54] Operation: ZoomOut
[Debug] [2026-4-13 20:08:54] Finish.
[Debug] [2026-4-13 20:08:54] Operation: ZoomOut
[Debug] [2026-4-13 20:08:54] Finish.
[Debug] [2026-4-13 20:08:55] Operation: Zoom in.
[Debug] [2026-4-13 20:08:55] Finish.
[Debug] [2026-4-13 20:08:55] Operation: Zoom in.
[Debug] [2026-4-13 20:08:55] Finish.
[Debug] [2026-4-13 20:08:55] Operation: Zoom in.
[Debug] [2026-4-13 20:08:55] Finish.
[Debug] [2026-4-13 20:08:55] Operation: Zoom in.
[Debug] [2026-4-13 20:08:56] Finish.
[Debug] [2026-4-13 20:08:56] Operation: Zoom in.
[Debug] [2026-4-13 20:08:56] Finish.
[Debug] [2026-4-13 20:08:57] Operation: ZoomOut
[Debug] [2026-4-13 20:08:57] Finish.
[Debug] [2026-4-13 20:08:57] Operation: ZoomOut
[Debug] [2026-4-13 20:08:57] Finish.
[Debug] [2026-4-13 20:08:57] Operation: ZoomOut
[Debug] [2026-4-13 20:08:57] Finish.
[Debug] [2026-4-13 20:08:57] Operation: ZoomOut
[Debug] [2026-4-13 20:08:57] Finish.
[Debug] [2026-4-13 20:08:58] Operation: ZoomOut
[Debug] [2026-4-13 20:08:58] Finish.
[Debug] [2026-4-13 20:09:00] Operation: ZoomOut
[Debug] [2026-4-13 20:09:00] Operation: ZoomOut
[Debug] [2026-4-13 20:09:00] Operation: ZoomOut
[Debug] [2026-4-13 20:09:10] Operation: Zoom in.
[Debug] [2026-4-13 20:09:10] Finish.
[Debug] [2026-4-13 20:09:10] Operation: Zoom in.
[Debug] [2026-4-13 20:09:10] Finish.
[Debug] [2026-4-13 20:09:12] Operation: Zoom in.
[Debug] [2026-4-13 20:09:12] Finish.
[Debug] [2026-4-13 20:09:12] Operation: Zoom in.
[Debug] [2026-4-13 20:09:12] Finish.
[Debug] [2026-4-13 20:16:29] Operation: Try to close window.
[Debug] [2026-4-13 20:16:29] /*************************** 2026-04-13 20:16:29  End ***************************/
[Debug] [2026-4-13 20:33:57] /*************************** 2026-04-13 20:33:57  Start ***************************/
[Debug] [2026-4-13 20:33:57] Path: C:/pango/PDS_2022.2-SP6.4/bin
[Debug] [2026-4-13 20:33:57] #Generated by Fabric Debugger (version 2022.2-SP6.4 build 146967) at Mon Apr 13 20:33:57 2026


[Info] [2026-4-13 20:33:58] MsgOut: Fabric Debugger Started.
[Debug] [2026-4-13 20:33:58] Main window show.
[Debug] [2026-4-13 20:34:00] Operation: Scan.
[Debug] [2026-4-13 20:34:00] Client Local host name:DESKTOP-VB8TKRO
[Debug] [2026-4-13 20:34:00] Client Local Address:2.0.0.1
[Debug] [2026-4-13 20:34:00] Client Local Address:210.77.26.220
[Debug] [2026-4-13 20:34:00] Client Local Address:192.168.44.1
[Debug] [2026-4-13 20:34:00] Client Local Address:192.168.176.1
[Debug] [2026-4-13 20:34:00] Server Address:127.0.0.1, Port:65420
[Info] [2026-4-13 20:34:00] MsgOut: Connecting to server[127.0.0.1 : 65420].
[Info] [2026-4-13 20:34:00] Connect OK, Server: 127.0.0.1  Port: 65420
[Info] [2026-4-13 20:34:00] MsgOut: Connect to server[127.0.0.1 : 65420] successfully.
[Debug] [2026-4-13 20:34:00] Finish.
[Debug] [2026-4-13 20:34:00] Log::Print : check version information
[Debug] [2026-4-13 20:34:00] Send RPC: 1.
[Debug] [2026-4-13 20:34:00] Send cmd [check version information:40004] OK
[Debug] [2026-4-13 20:34:01] Log::Print : get_cable_paras
[Debug] [2026-4-13 20:34:01] Send RPC: 2.
[Debug] [2026-4-13 20:34:01] Send cmd [get_cable_paras:40010] OK
[Debug] [2026-4-13 20:34:01] Log::Print : open_cable
[Debug] [2026-4-13 20:34:01] Send RPC: 3.
[Debug] [2026-4-13 20:34:01] Send cmd [open_cable:10001] OK
[Info] [2026-4-13 20:34:01] MsgOut: COMMAND[check version information] execute successfully, takes 0.4 secs.
[Debug] [2026-4-13 20:34:01] COMMAND[check version information] execute successfully, takes 0.4 secs.
[Info] [2026-4-13 20:34:02] MsgOut: The Cable List : 
Cable index 0:USB Cable II/fffffffffffffffe 

[Info] [2026-4-13 20:34:02] MsgOut: COMMAND[get_cable_paras] execute successfully, takes 1.1 secs.
[Debug] [2026-4-13 20:34:02] COMMAND[get_cable_paras] execute successfully, takes 1.1 secs.
[Info] [2026-4-13 20:34:03] MsgOut: PANGO USB CABLE II cable driver: D2XX DLL
[Info] [2026-4-13 20:34:04] MsgOut: COMMAND[open_cable] execute successfully, takes 3.8 secs.
[Debug] [2026-4-13 20:34:04] COMMAND[open_cable] execute successfully, takes 3.8 secs.
[Debug] [2026-4-13 20:34:06] Configure.
[Debug] [2026-4-13 20:34:08] Operation: Program.
[Debug] [2026-4-13 20:34:08] Log::Print : configure
[Debug] [2026-4-13 20:34:08] Send RPC: 4.
[Debug] [2026-4-13 20:34:08] Send cmd [configure:10002] OK
[Debug] [2026-4-13 20:34:09] The value is 6.
[Debug] [2026-4-13 20:34:10] The value is 10.
[Debug] [2026-4-13 20:34:10] The value is 15.
[Debug] [2026-4-13 20:34:10] The value is 20.
[Debug] [2026-4-13 20:34:11] The value is 25.
[Debug] [2026-4-13 20:34:11] The value is 30.
[Debug] [2026-4-13 20:34:12] The value is 35.
[Debug] [2026-4-13 20:34:12] The value is 40.
[Debug] [2026-4-13 20:34:12] The value is 45.
[Debug] [2026-4-13 20:34:13] The value is 50.
[Debug] [2026-4-13 20:34:13] The value is 55.
[Debug] [2026-4-13 20:34:13] The value is 60.
[Debug] [2026-4-13 20:34:14] The value is 65.
[Debug] [2026-4-13 20:34:14] The value is 70.
[Debug] [2026-4-13 20:34:15] The value is 75.
[Debug] [2026-4-13 20:34:15] The value is 80.
[Debug] [2026-4-13 20:34:15] The value is 85.
[Debug] [2026-4-13 20:34:16] The value is 90.
[Debug] [2026-4-13 20:34:16] The value is 95.
[Debug] [2026-4-13 20:34:17] The value is 100.
[Debug] [2026-4-13 20:34:18] [BusValue] Opt:Add.
[Debug] [2026-4-13 20:34:18] [BusValue] Opt:Add.
[Debug] [2026-4-13 20:34:18] [BusValue] Opt:Add.
[Debug] [2026-4-13 20:34:18] [BusValue] Opt:Add.
[Debug] [2026-4-13 20:34:18] [BusValue] Opt:Add.
[Debug] [2026-4-13 20:34:18] [BusValue] Opt:Add.
[Debug] [2026-4-13 20:34:18] [BusValue] Opt:Add.
[Debug] [2026-4-13 20:34:18] [BusValue] Opt:Add.
[Debug] [2026-4-13 20:34:18] [BusValue] Opt:Add.
[Debug] [2026-4-13 20:34:18] [BusValue] Opt:Add.
[Debug] [2026-4-13 20:34:18] [BusValue] Opt:Add.
[Debug] [2026-4-13 20:34:18] [BusValue] Opt:Add.
[Debug] [2026-4-13 20:34:18] [BusValue] Opt:Add.
[Info] [2026-4-13 20:34:18] MsgOut: COMMAND[configure] execute successfully, takes 9.8 secs.
[Debug] [2026-4-13 20:34:18] COMMAND[configure] execute successfully, takes 9.8 secs.
[Debug] [2026-4-13 20:34:18] Log::Print : Import Core: 0 OK
[Debug] [2026-4-13 20:34:38] Operation: Trigger.
[Debug] [2026-4-13 20:34:38] Log::Print : run
[Debug] [2026-4-13 20:34:38] Send RPC: 5.
[Debug] [2026-4-13 20:34:38] Send cmd [run:10003] OK
[Info] [2026-4-13 20:34:39] MsgOut: Core 0 trigger successful at Mon Apr 13 20:34:39 2026
[Debug] [2026-4-13 20:34:40] Operation: ZoomFit
[Debug] [2026-4-13 20:34:40] Finish.
[Debug] [2026-4-13 20:34:40] [BusValue] Opt:Flush.
[Debug] [2026-4-13 20:34:40] [BusValue] Opt:Update.
[Info] [2026-4-13 20:34:40] MsgOut: COMMAND[run] execute successfully, takes 1.0 secs.
[Debug] [2026-4-13 20:34:40] COMMAND[run] execute successfully, takes 1.0 secs.
[Debug] [2026-4-13 20:34:45] Operation: Zoom in.
[Debug] [2026-4-13 20:34:45] Finish.
[Debug] [2026-4-13 20:34:45] Operation: Zoom in.
[Debug] [2026-4-13 20:34:45] Finish.
[Debug] [2026-4-13 20:34:45] Operation: Zoom in.
[Debug] [2026-4-13 20:34:45] Finish.
[Debug] [2026-4-13 20:34:45] Operation: ZoomOut
[Debug] [2026-4-13 20:34:45] Finish.
[Debug] [2026-4-13 20:34:46] Operation: ZoomOut
[Debug] [2026-4-13 20:34:46] Finish.
[Debug] [2026-4-13 20:34:46] Operation: Zoom in.
[Debug] [2026-4-13 20:34:46] Finish.
[Debug] [2026-4-13 20:34:46] Operation: Zoom in.
[Debug] [2026-4-13 20:34:46] Finish.
[Debug] [2026-4-13 20:34:46] Operation: Zoom in.
[Debug] [2026-4-13 20:34:46] Finish.
[Debug] [2026-4-13 20:34:47] Operation: Zoom in.
[Debug] [2026-4-13 20:34:47] Finish.
[Debug] [2026-4-13 20:34:47] Operation: Zoom in.
[Debug] [2026-4-13 20:34:47] Finish.
[Debug] [2026-4-13 20:34:48] Operation: ZoomOut
[Debug] [2026-4-13 20:34:48] Finish.
[Debug] [2026-4-13 20:35:21] Operation: ZoomOut
[Debug] [2026-4-13 20:35:21] Finish.
[Debug] [2026-4-13 20:35:21] Operation: ZoomOut
[Debug] [2026-4-13 20:35:21] Finish.
[Debug] [2026-4-13 20:35:21] Operation: ZoomOut
[Debug] [2026-4-13 20:35:21] Finish.
[Debug] [2026-4-13 20:35:21] Operation: ZoomOut
[Debug] [2026-4-13 20:35:21] Finish.
[Debug] [2026-4-13 20:35:22] Operation: Zoom in.
[Debug] [2026-4-13 20:35:22] Finish.
[Debug] [2026-4-13 20:35:22] Operation: Zoom in.
[Debug] [2026-4-13 20:35:22] Finish.
[Debug] [2026-4-13 20:35:23] Operation: Zoom in.
[Debug] [2026-4-13 20:35:23] Finish.
[Debug] [2026-4-13 20:35:23] Operation: Zoom in.
[Debug] [2026-4-13 20:35:23] Finish.
[Debug] [2026-4-13 20:35:39] Operation: Go to X cursor.
[Debug] [2026-4-13 20:35:39] Finish.
[Debug] [2026-4-13 20:35:41] Operation: ZoomFull
[Debug] [2026-4-13 20:35:41] Finish.
[Debug] [2026-4-13 20:35:43] Operation: ZoomOut
[Debug] [2026-4-13 20:35:43] Operation: ZoomOut
[Debug] [2026-4-13 20:35:43] Operation: ZoomOut
[Debug] [2026-4-13 20:35:43] Operation: ZoomOut
[Debug] [2026-4-13 20:35:44] Operation: Zoom in.
[Debug] [2026-4-13 20:35:44] Finish.
[Debug] [2026-4-13 20:35:44] Operation: Zoom in.
[Debug] [2026-4-13 20:35:44] Finish.
[Debug] [2026-4-13 20:35:44] Operation: Zoom in.
[Debug] [2026-4-13 20:35:44] Finish.
[Debug] [2026-4-13 20:35:45] Operation: Zoom in.
[Debug] [2026-4-13 20:35:45] Finish.
[Debug] [2026-4-13 20:35:45] Operation: Zoom in.
[Debug] [2026-4-13 20:35:45] Finish.
[Debug] [2026-4-13 20:35:48] Operation: Trigger.
[Debug] [2026-4-13 20:35:48] Log::Print : run
[Debug] [2026-4-13 20:35:48] Send RPC: 6.
[Debug] [2026-4-13 20:35:48] Send cmd [run:10003] OK
[Info] [2026-4-13 20:35:49] MsgOut: Core 0 trigger successful at Mon Apr 13 20:35:49 2026
[Debug] [2026-4-13 20:35:49] Operation: ZoomFit
[Debug] [2026-4-13 20:35:49] Finish.
[Debug] [2026-4-13 20:35:49] [BusValue] Opt:Flush.
[Debug] [2026-4-13 20:35:49] [BusValue] Opt:Update.
[Info] [2026-4-13 20:35:49] MsgOut: COMMAND[run] execute successfully, takes 1.1 secs.
[Debug] [2026-4-13 20:35:49] COMMAND[run] execute successfully, takes 1.1 secs.
[Debug] [2026-4-13 20:36:19] Operation: Trigger.
[Debug] [2026-4-13 20:36:19] Log::Print : run
[Debug] [2026-4-13 20:36:19] Send RPC: 7.
[Debug] [2026-4-13 20:36:19] Send cmd [run:10003] OK
[Debug] [2026-4-13 20:36:23] Operation: Stop trigger.
[Debug] [2026-4-13 20:36:23] Log::Print : stop
[Debug] [2026-4-13 20:36:23] Send RPC: 8.
[Debug] [2026-4-13 20:36:23] Send cmd [stop:10010] OK
[Info] [2026-4-13 20:36:23] MsgOut: COMMAND[stop] execute successfully, takes 0.0 secs.
[Debug] [2026-4-13 20:36:23] COMMAND[stop] execute successfully, takes 0.0 secs.
[Error] [2026-4-13 20:36:23] Fail to exec trigger command.
[Warn] [2026-4-13 20:36:23] cmdid:10003 HandleWarnExec msg:Core 0 is stopped by user
[Debug] [2026-4-13 20:36:23] HandleErrorExec run Show Core:
[Debug] [2026-4-13 20:36:23] /******************** Core Information *************************/
[Debug] [2026-4-13 20:36:23] Core basic info: 
[Debug] [2026-4-13 20:36:23] 	Core version: 0x9001f003
[Debug] [2026-4-13 20:36:23] 	Index: 0
[Debug] [2026-4-13 20:36:23] 	Name: MyFLA0
[Debug] [2026-4-13 20:36:23] 	Core type: 
[Debug] [2026-4-13 20:36:23] 	Data same as trigger: true
[Debug] [2026-4-13 20:36:23] 	Storage qualification: false
[Debug] [2026-4-13 20:36:23] 	Max data depth: 200
[Debug] [2026-4-13 20:36:23] 	Sample data width: 6a
[Debug] [2026-4-13 20:36:23] 	Trigger sequencer level: 1
[Debug] [2026-4-13 20:36:23] 	Trigger output enabled: false
[Debug] [2026-4-13 20:36:23] 	Multi windows enabled: false
[Debug] [2026-4-13 20:36:23] 	Reset wave property status: false
[Debug] [2026-4-13 20:36:23] Core Property: 
[Debug] [2026-4-13 20:36:23] 	Core version: 0x9001f003
[Debug] [2026-4-13 20:36:23] 	Index: 0
[Debug] [2026-4-13 20:36:23] 	Core type: 
[Debug] [2026-4-13 20:36:23] 	Data same as trigger: true
[Debug] [2026-4-13 20:36:23] 	Storage qualification: false
[Debug] [2026-4-13 20:36:23] 	Trigger output enabled: false
[Debug] [2026-4-13 20:36:23] 	Multi windows enabled: false
[Debug] [2026-4-13 20:36:23] 	Max data depth: 200
[Debug] [2026-4-13 20:36:23] 	Sample data width: 6a
[Debug] [2026-4-13 20:36:23] 	Trigger sequencer level: 1
[Debug] [2026-4-13 20:36:23] 	Channel num		Match unit num		Match unit type		Counter width		Port is data
[Debug] [2026-4-13 20:36:23] 	Trigger port 0 : 	6a	1	1	0	true
[Debug] [2026-4-13 20:36:23] Signals Property: 
[Debug] [2026-4-13 20:36:23] 	Window num: 1
[Debug] [2026-4-13 20:36:23] 	Samples num in window: 200
[Debug] [2026-4-13 20:36:23] 	Trigger time in window: 100
[Debug] [2026-4-13 20:36:23] 	Samples num: 200
[Debug] [2026-4-13 20:36:23] 	Negative time: true
[Debug] [2026-4-13 20:36:23] 	Signal type: 0
[Debug] [2026-4-13 20:36:23] 	Total trigger position: 1
[Debug] [2026-4-13 20:36:23] Storage Style Property: 
[Debug] [2026-4-13 20:36:23] 	Style type: 0
[Debug] [2026-4-13 20:36:23] 	Windows num: 1
[Debug] [2026-4-13 20:36:23] 	Depth per window: 200
[Debug] [2026-4-13 20:36:23] 	Window position: 100
[Debug] [2026-4-13 20:36:23] 	Samples per trigger: 200
[Debug] [2026-4-13 20:36:23] 	Storage qualification: All Data
[Debug] [2026-4-13 20:36:23] Data Port: 
[Debug] [2026-4-13 20:36:23] 	Max depth: 0
[Debug] [2026-4-13 20:36:23] 	Depth: 0
[Debug] [2026-4-13 20:36:23] Trigger Port: 
[Debug] [2026-4-13 20:36:23] Trigger Port 0 :
[Debug] [2026-4-13 20:36:23] 	Port index: 0
[Debug] [2026-4-13 20:36:23] 	Match type: 1
[Debug] [2026-4-13 20:36:23] 	Counter width: 0
[Debug] [2026-4-13 20:36:23] 	Is data: true
[Debug] [2026-4-13 20:36:23] Match Unit: 
[Debug] [2026-4-13 20:36:23] Match Unit 0 :
[Debug] [2026-4-13 20:36:23] 	Trigger port index: 0
[Debug] [2026-4-13 20:36:23] 	Value: XXXXXXXXXXXXXXXXXXXXXXXXXXXXXX1XXXXXXXXXXXXXXXXXXXXXXXXXXXXXXXXXXXXXXXXXXXXXXXXXXXXXXXXXXXXXXXXXXXXXXX1XXX
[Debug] [2026-4-13 20:36:23] 	Index: 0
[Debug] [2026-4-13 20:36:23] 	Function: 0
[Debug] [2026-4-13 20:36:23] 	Radix: 
[Debug] [2026-4-13 20:36:23] 	Counter match event: 0
[Debug] [2026-4-13 20:36:23] 	Counter cycles: 1
[Debug] [2026-4-13 20:36:23] 	Trigger output enabled: true
[Debug] [2026-4-13 20:36:23] 	Range form : 0000000000000000000000000000000000000000000000000000000000000000000000000000000000000000000000000000000000 to 0000000000000000000000000000000000000000000000000000000000000000000000000000000000000000000000000000000000
[Debug] [2026-4-13 20:36:23] 	Is tp need deleted: false
[Debug] [2026-4-13 20:36:23] Bus: 
[Debug] [2026-4-13 20:36:23] Bus 0 :
[Debug] [2026-4-13 20:36:23] 	crop_wr_en_1
[Debug] [2026-4-13 20:36:23] Channel Index 0 :	Data Port: 0	Channel name: crop_wr_en_1[0]
[Debug] [2026-4-13 20:36:23] Channel Index 1 :	Data Port: 1	Channel name: crop_wr_en_1[1]
[Debug] [2026-4-13 20:36:23] Channel Index 2 :	Data Port: 2	Channel name: crop_wr_en_1[2]
[Debug] [2026-4-13 20:36:23] Channel Index 3 :	Data Port: 3	Channel name: crop_wr_en_1[3]
[Debug] [2026-4-13 20:36:23] Bus 1 :
[Debug] [2026-4-13 20:36:23] 	u_box_overlay_sync/gen_crop_fifo[0].cur_rep_x
[Debug] [2026-4-13 20:36:23] Channel Index 0 :	Data Port: 4	Channel name: u_box_overlay_sync/gen_crop_fifo[0].cur_rep_x[0]
[Debug] [2026-4-13 20:36:23] Channel Index 1 :	Data Port: 5	Channel name: u_box_overlay_sync/gen_crop_fifo[0].cur_rep_x[1]
[Debug] [2026-4-13 20:36:23] Channel Index 2 :	Data Port: 6	Channel name: u_box_overlay_sync/gen_crop_fifo[0].cur_rep_x[2]
[Debug] [2026-4-13 20:36:23] Bus 2 :
[Debug] [2026-4-13 20:36:23] 	u_box_overlay_sync/gen_crop_fifo[0].cur_rep_y
[Debug] [2026-4-13 20:36:23] Channel Index 0 :	Data Port: 7	Channel name: u_box_overlay_sync/gen_crop_fifo[0].cur_rep_y[0]
[Debug] [2026-4-13 20:36:23] Channel Index 1 :	Data Port: 8	Channel name: u_box_overlay_sync/gen_crop_fifo[0].cur_rep_y[1]
[Debug] [2026-4-13 20:36:23] Channel Index 2 :	Data Port: 9	Channel name: u_box_overlay_sync/gen_crop_fifo[0].cur_rep_y[2]
[Debug] [2026-4-13 20:36:23] Bus 3 :
[Debug] [2026-4-13 20:36:23] 	u_box_overlay_sync/gen_crop_fifo[0].nxt_x
[Debug] [2026-4-13 20:36:23] Channel Index 0 :	Data Port: a	Channel name: u_box_overlay_sync/gen_crop_fifo[0].nxt_x[0]
[Debug] [2026-4-13 20:36:23] Channel Index 1 :	Data Port: b	Channel name: u_box_overlay_sync/gen_crop_fifo[0].nxt_x[1]
[Debug] [2026-4-13 20:36:23] Channel Index 2 :	Data Port: c	Channel name: u_box_overlay_sync/gen_crop_fifo[0].nxt_x[2]
[Debug] [2026-4-13 20:36:23] Channel Index 3 :	Data Port: d	Channel name: u_box_overlay_sync/gen_crop_fifo[0].nxt_x[3]
[Debug] [2026-4-13 20:36:23] Channel Index 4 :	Data Port: e	Channel name: u_box_overlay_sync/gen_crop_fifo[0].nxt_x[4]
[Debug] [2026-4-13 20:36:23] Channel Index 5 :	Data Port: f	Channel name: u_box_overlay_sync/gen_crop_fifo[0].nxt_x[5]
[Debug] [2026-4-13 20:36:23] Channel Index 6 :	Data Port: 10	Channel name: u_box_overlay_sync/gen_crop_fifo[0].nxt_x[6]
[Debug] [2026-4-13 20:36:23] Channel Index 7 :	Data Port: 11	Channel name: u_box_overlay_sync/gen_crop_fifo[0].nxt_x[7]
[Debug] [2026-4-13 20:36:23] Channel Index 8 :	Data Port: 12	Channel name: u_box_overlay_sync/gen_crop_fifo[0].nxt_x[8]
[Debug] [2026-4-13 20:36:23] Channel Index 9 :	Data Port: 13	Channel name: u_box_overlay_sync/gen_crop_fifo[0].nxt_x[9]
[Debug] [2026-4-13 20:36:23] Channel Index a :	Data Port: 14	Channel name: u_box_overlay_sync/gen_crop_fifo[0].nxt_x[10]
[Debug] [2026-4-13 20:36:23] Channel Index b :	Data Port: 15	Channel name: u_box_overlay_sync/gen_crop_fifo[0].nxt_x[11]
[Debug] [2026-4-13 20:36:23] Channel Index c :	Data Port: 16	Channel name: u_box_overlay_sync/gen_crop_fifo[0].nxt_x[12]
[Debug] [2026-4-13 20:36:23] Channel Index d :	Data Port: 17	Channel name: u_box_overlay_sync/gen_crop_fifo[0].nxt_x[13]
[Debug] [2026-4-13 20:36:23] Channel Index e :	Data Port: 18	Channel name: u_box_overlay_sync/gen_crop_fifo[0].nxt_x[14]
[Debug] [2026-4-13 20:36:23] Bus 4 :
[Debug] [2026-4-13 20:36:23] 	u_box_overlay_sync/gen_crop_fifo[0].nxt_y
[Debug] [2026-4-13 20:36:23] Channel Index 0 :	Data Port: 19	Channel name: u_box_overlay_sync/gen_crop_fifo[0].nxt_y[0]
[Debug] [2026-4-13 20:36:23] Channel Index 1 :	Data Port: 1a	Channel name: u_box_overlay_sync/gen_crop_fifo[0].nxt_y[1]
[Debug] [2026-4-13 20:36:23] Channel Index 2 :	Data Port: 1b	Channel name: u_box_overlay_sync/gen_crop_fifo[0].nxt_y[2]
[Debug] [2026-4-13 20:36:23] Channel Index 3 :	Data Port: 1c	Channel name: u_box_overlay_sync/gen_crop_fifo[0].nxt_y[3]
[Debug] [2026-4-13 20:36:23] Channel Index 4 :	Data Port: 1d	Channel name: u_box_overlay_sync/gen_crop_fifo[0].nxt_y[4]
[Debug] [2026-4-13 20:36:23] Channel Index 5 :	Data Port: 1e	Channel name: u_box_overlay_sync/gen_crop_fifo[0].nxt_y[5]
[Debug] [2026-4-13 20:36:23] Channel Index 6 :	Data Port: 1f	Channel name: u_box_overlay_sync/gen_crop_fifo[0].nxt_y[6]
[Debug] [2026-4-13 20:36:23] Channel Index 7 :	Data Port: 20	Channel name: u_box_overlay_sync/gen_crop_fifo[0].nxt_y[7]
[Debug] [2026-4-13 20:36:23] Channel Index 8 :	Data Port: 21	Channel name: u_box_overlay_sync/gen_crop_fifo[0].nxt_y[8]
[Debug] [2026-4-13 20:36:23] Channel Index 9 :	Data Port: 22	Channel name: u_box_overlay_sync/gen_crop_fifo[0].nxt_y[9]
[Debug] [2026-4-13 20:36:23] Channel Index a :	Data Port: 23	Channel name: u_box_overlay_sync/gen_crop_fifo[0].nxt_y[10]
[Debug] [2026-4-13 20:36:23] Channel Index b :	Data Port: 24	Channel name: u_box_overlay_sync/gen_crop_fifo[0].nxt_y[11]
[Debug] [2026-4-13 20:36:23] Channel Index c :	Data Port: 25	Channel name: u_box_overlay_sync/gen_crop_fifo[0].nxt_y[12]
[Debug] [2026-4-13 20:36:23] Channel Index d :	Data Port: 26	Channel name: u_box_overlay_sync/gen_crop_fifo[0].nxt_y[13]
[Debug] [2026-4-13 20:36:23] Channel Index e :	Data Port: 27	Channel name: u_box_overlay_sync/gen_crop_fifo[0].nxt_y[14]
[Debug] [2026-4-13 20:36:23] Channel Index f :	Data Port: 28	Channel name: u_box_overlay_sync/gen_crop_fifo[0].nxt_y[15]
[Debug] [2026-4-13 20:36:23] Bus 5 :
[Debug] [2026-4-13 20:36:23] 	u_box_overlay_sync/gen_crop_fifo[0].ram_max_ptr
[Debug] [2026-4-13 20:36:23] Channel Index 0 :	Data Port: 29	Channel name: u_box_overlay_sync/gen_crop_fifo[0].ram_max_ptr[0]
[Debug] [2026-4-13 20:36:23] Channel Index 1 :	Data Port: 2a	Channel name: u_box_overlay_sync/gen_crop_fifo[0].ram_max_ptr[1]
[Debug] [2026-4-13 20:36:23] Channel Index 2 :	Data Port: 2b	Channel name: u_box_overlay_sync/gen_crop_fifo[0].ram_max_ptr[2]
[Debug] [2026-4-13 20:36:23] Channel Index 3 :	Data Port: 2c	Channel name: u_box_overlay_sync/gen_crop_fifo[0].ram_max_ptr[3]
[Debug] [2026-4-13 20:36:23] Channel Index 4 :	Data Port: 2d	Channel name: u_box_overlay_sync/gen_crop_fifo[0].ram_max_ptr[4]
[Debug] [2026-4-13 20:36:23] Channel Index 5 :	Data Port: 2e	Channel name: u_box_overlay_sync/gen_crop_fifo[0].ram_max_ptr[5]
[Debug] [2026-4-13 20:36:23] Channel Index 6 :	Data Port: 2f	Channel name: u_box_overlay_sync/gen_crop_fifo[0].ram_max_ptr[6]
[Debug] [2026-4-13 20:36:23] Channel Index 7 :	Data Port: 30	Channel name: u_box_overlay_sync/gen_crop_fifo[0].ram_max_ptr[7]
[Debug] [2026-4-13 20:36:23] Bus 6 :
[Debug] [2026-4-13 20:36:23] 	u_box_overlay_sync/gen_crop_fifo[0].ram_rd_ptr
[Debug] [2026-4-13 20:36:23] Channel Index 0 :	Data Port: 31	Channel name: u_box_overlay_sync/gen_crop_fifo[0].ram_rd_ptr[0]
[Debug] [2026-4-13 20:36:23] Channel Index 1 :	Data Port: 32	Channel name: u_box_overlay_sync/gen_crop_fifo[0].ram_rd_ptr[1]
[Debug] [2026-4-13 20:36:23] Channel Index 2 :	Data Port: 33	Channel name: u_box_overlay_sync/gen_crop_fifo[0].ram_rd_ptr[2]
[Debug] [2026-4-13 20:36:23] Channel Index 3 :	Data Port: 34	Channel name: u_box_overlay_sync/gen_crop_fifo[0].ram_rd_ptr[3]
[Debug] [2026-4-13 20:36:23] Channel Index 4 :	Data Port: 35	Channel name: u_box_overlay_sync/gen_crop_fifo[0].ram_rd_ptr[4]
[Debug] [2026-4-13 20:36:23] Channel Index 5 :	Data Port: 36	Channel name: u_box_overlay_sync/gen_crop_fifo[0].ram_rd_ptr[5]
[Debug] [2026-4-13 20:36:23] Channel Index 6 :	Data Port: 37	Channel name: u_box_overlay_sync/gen_crop_fifo[0].ram_rd_ptr[6]
[Debug] [2026-4-13 20:36:23] Channel Index 7 :	Data Port: 38	Channel name: u_box_overlay_sync/gen_crop_fifo[0].ram_rd_ptr[7]
[Debug] [2026-4-13 20:36:23] Bus 7 :
[Debug] [2026-4-13 20:36:23] 	u_box_overlay_sync/gen_crop_fifo[0].ram_rep_x[0]
[Debug] [2026-4-13 20:36:23] Channel Index 0 :	Data Port: 39	Channel name: u_box_overlay_sync/gen_crop_fifo[0].ram_rep_x[0][0]
[Debug] [2026-4-13 20:36:23] Channel Index 1 :	Data Port: 3a	Channel name: u_box_overlay_sync/gen_crop_fifo[0].ram_rep_x[0][1]
[Debug] [2026-4-13 20:36:23] Channel Index 2 :	Data Port: 3b	Channel name: u_box_overlay_sync/gen_crop_fifo[0].ram_rep_x[0][2]
[Debug] [2026-4-13 20:36:23] Bus 8 :
[Debug] [2026-4-13 20:36:23] 	u_box_overlay_sync/gen_crop_fifo[0].ram_wr_ptr
[Debug] [2026-4-13 20:36:23] Channel Index 0 :	Data Port: 3c	Channel name: u_box_overlay_sync/gen_crop_fifo[0].ram_wr_ptr[0]
[Debug] [2026-4-13 20:36:23] Channel Index 1 :	Data Port: 3d	Channel name: u_box_overlay_sync/gen_crop_fifo[0].ram_wr_ptr[1]
[Debug] [2026-4-13 20:36:23] Channel Index 2 :	Data Port: 3e	Channel name: u_box_overlay_sync/gen_crop_fifo[0].ram_wr_ptr[2]
[Debug] [2026-4-13 20:36:23] Channel Index 3 :	Data Port: 3f	Channel name: u_box_overlay_sync/gen_crop_fifo[0].ram_wr_ptr[3]
[Debug] [2026-4-13 20:36:23] Channel Index 4 :	Data Port: 40	Channel name: u_box_overlay_sync/gen_crop_fifo[0].ram_wr_ptr[4]
[Debug] [2026-4-13 20:36:23] Channel Index 5 :	Data Port: 41	Channel name: u_box_overlay_sync/gen_crop_fifo[0].ram_wr_ptr[5]
[Debug] [2026-4-13 20:36:23] Channel Index 6 :	Data Port: 42	Channel name: u_box_overlay_sync/gen_crop_fifo[0].ram_wr_ptr[6]
[Debug] [2026-4-13 20:36:23] Channel Index 7 :	Data Port: 43	Channel name: u_box_overlay_sync/gen_crop_fifo[0].ram_wr_ptr[7]
[Debug] [2026-4-13 20:36:23] Bus 9 :
[Debug] [2026-4-13 20:36:23] 	u_box_overlay_sync/gen_crop_fifo[0].rep_x
[Debug] [2026-4-13 20:36:23] Channel Index 0 :	Data Port: 44	Channel name: u_box_overlay_sync/gen_crop_fifo[0].rep_x[0]
[Debug] [2026-4-13 20:36:23] Channel Index 1 :	Data Port: 45	Channel name: u_box_overlay_sync/gen_crop_fifo[0].rep_x[1]
[Debug] [2026-4-13 20:36:23] Channel Index 2 :	Data Port: 46	Channel name: u_box_overlay_sync/gen_crop_fifo[0].rep_x[2]
[Debug] [2026-4-13 20:36:23] Bus a :
[Debug] [2026-4-13 20:36:23] 	u_box_overlay_sync/gen_crop_fifo[0].rep_y_reg
[Debug] [2026-4-13 20:36:23] Channel Index 0 :	Data Port: 47	Channel name: u_box_overlay_sync/gen_crop_fifo[0].rep_y_reg[0]
[Debug] [2026-4-13 20:36:23] Channel Index 1 :	Data Port: 48	Channel name: u_box_overlay_sync/gen_crop_fifo[0].rep_y_reg[1]
[Debug] [2026-4-13 20:36:23] Channel Index 2 :	Data Port: 49	Channel name: u_box_overlay_sync/gen_crop_fifo[0].rep_y_reg[2]
[Debug] [2026-4-13 20:36:23] Bus b :
[Debug] [2026-4-13 20:36:23] 	u_box_overlay_sync/gen_crop_fifo[0].x_acc
[Debug] [2026-4-13 20:36:23] Channel Index 0 :	Data Port: 4a	Channel name: u_box_overlay_sync/gen_crop_fifo[0].x_acc[0]
[Debug] [2026-4-13 20:36:23] Channel Index 1 :	Data Port: 4b	Channel name: u_box_overlay_sync/gen_crop_fifo[0].x_acc[1]
[Debug] [2026-4-13 20:36:23] Channel Index 2 :	Data Port: 4c	Channel name: u_box_overlay_sync/gen_crop_fifo[0].x_acc[2]
[Debug] [2026-4-13 20:36:23] Channel Index 3 :	Data Port: 4d	Channel name: u_box_overlay_sync/gen_crop_fifo[0].x_acc[3]
[Debug] [2026-4-13 20:36:23] Channel Index 4 :	Data Port: 4e	Channel name: u_box_overlay_sync/gen_crop_fifo[0].x_acc[4]
[Debug] [2026-4-13 20:36:23] Channel Index 5 :	Data Port: 4f	Channel name: u_box_overlay_sync/gen_crop_fifo[0].x_acc[5]
[Debug] [2026-4-13 20:36:23] Channel Index 6 :	Data Port: 50	Channel name: u_box_overlay_sync/gen_crop_fifo[0].x_acc[6]
[Debug] [2026-4-13 20:36:23] Channel Index 7 :	Data Port: 51	Channel name: u_box_overlay_sync/gen_crop_fifo[0].x_acc[7]
[Debug] [2026-4-13 20:36:23] Channel Index 8 :	Data Port: 52	Channel name: u_box_overlay_sync/gen_crop_fifo[0].x_acc[8]
[Debug] [2026-4-13 20:36:23] Channel Index 9 :	Data Port: 53	Channel name: u_box_overlay_sync/gen_crop_fifo[0].x_acc[9]
[Debug] [2026-4-13 20:36:23] Channel Index a :	Data Port: 54	Channel name: u_box_overlay_sync/gen_crop_fifo[0].x_acc[10]
[Debug] [2026-4-13 20:36:23] Channel Index b :	Data Port: 55	Channel name: u_box_overlay_sync/gen_crop_fifo[0].x_acc[11]
[Debug] [2026-4-13 20:36:23] Channel Index c :	Data Port: 56	Channel name: u_box_overlay_sync/gen_crop_fifo[0].x_acc[12]
[Debug] [2026-4-13 20:36:23] Channel Index d :	Data Port: 57	Channel name: u_box_overlay_sync/gen_crop_fifo[0].x_acc[13]
[Debug] [2026-4-13 20:36:23] Channel Index e :	Data Port: 58	Channel name: u_box_overlay_sync/gen_crop_fifo[0].x_acc[14]
[Debug] [2026-4-13 20:36:23] Channel Index f :	Data Port: 59	Channel name: u_box_overlay_sync/gen_crop_fifo[0].x_acc[15]
[Debug] [2026-4-13 20:36:23] Bus c :
[Debug] [2026-4-13 20:36:23] 	u_box_overlay_sync/gen_crop_fifo[0].y_acc
[Debug] [2026-4-13 20:36:23] Channel Index 0 :	Data Port: 5a	Channel name: u_box_overlay_sync/gen_crop_fifo[0].y_acc[0]
[Debug] [2026-4-13 20:36:23] Channel Index 1 :	Data Port: 5b	Channel name: u_box_overlay_sync/gen_crop_fifo[0].y_acc[1]
[Debug] [2026-4-13 20:36:23] Channel Index 2 :	Data Port: 5c	Channel name: u_box_overlay_sync/gen_crop_fifo[0].y_acc[2]
[Debug] [2026-4-13 20:36:23] Channel Index 3 :	Data Port: 5d	Channel name: u_box_overlay_sync/gen_crop_fifo[0].y_acc[3]
[Debug] [2026-4-13 20:36:23] Channel Index 4 :	Data Port: 5e	Channel name: u_box_overlay_sync/gen_crop_fifo[0].y_acc[4]
[Debug] [2026-4-13 20:36:23] Channel Index 5 :	Data Port: 5f	Channel name: u_box_overlay_sync/gen_crop_fifo[0].y_acc[5]
[Debug] [2026-4-13 20:36:23] Channel Index 6 :	Data Port: 60	Channel name: u_box_overlay_sync/gen_crop_fifo[0].y_acc[6]
[Debug] [2026-4-13 20:36:23] Channel Index 7 :	Data Port: 61	Channel name: u_box_overlay_sync/gen_crop_fifo[0].y_acc[7]
[Debug] [2026-4-13 20:36:23] Channel Index 8 :	Data Port: 62	Channel name: u_box_overlay_sync/gen_crop_fifo[0].y_acc[8]
[Debug] [2026-4-13 20:36:23] Channel Index 9 :	Data Port: 63	Channel name: u_box_overlay_sync/gen_crop_fifo[0].y_acc[9]
[Debug] [2026-4-13 20:36:23] Channel Index a :	Data Port: 64	Channel name: u_box_overlay_sync/gen_crop_fifo[0].y_acc[10]
[Debug] [2026-4-13 20:36:23] Channel Index b :	Data Port: 65	Channel name: u_box_overlay_sync/gen_crop_fifo[0].y_acc[11]
[Debug] [2026-4-13 20:36:23] Channel Index c :	Data Port: 66	Channel name: u_box_overlay_sync/gen_crop_fifo[0].y_acc[12]
[Debug] [2026-4-13 20:36:23] Channel Index d :	Data Port: 67	Channel name: u_box_overlay_sync/gen_crop_fifo[0].y_acc[13]
[Debug] [2026-4-13 20:36:23] Channel Index e :	Data Port: 68	Channel name: u_box_overlay_sync/gen_crop_fifo[0].y_acc[14]
[Debug] [2026-4-13 20:36:23] Channel Index f :	Data Port: 69	Channel name: u_box_overlay_sync/gen_crop_fifo[0].y_acc[15]
[Debug] [2026-4-13 20:36:23] Trigger Condition: 
[Debug] [2026-4-13 20:36:23] Trigger Condition 0 :
[Debug] [2026-4-13 20:36:23] 	Is active: true
[Debug] [2026-4-13 20:36:23] 	Name: TriggerCondition0
[Debug] [2026-4-13 20:36:23] 	Equation: TU0
[Debug] [2026-4-13 20:36:23] 	Output enable type: 0
[Debug] [2026-4-13 20:36:23] 	Trigger condition type: 0
[Debug] [2026-4-13 20:36:23] 	Use contiguous match event: false
[Debug] [2026-4-13 20:36:23] /**************************************************************/
[Warn] [2026-4-13 20:36:23] MsgOut: Core 0 is stopped by user
[Error] [2026-4-13 20:36:23] MsgOut: Debugger-0006: Command run exec unsuccessfully.
[Debug] [2026-4-13 20:36:26] Operation: Trigger.
[Debug] [2026-4-13 20:36:26] Log::Print : run
[Debug] [2026-4-13 20:36:26] Send RPC: 9.
[Debug] [2026-4-13 20:36:26] Send cmd [run:2713] OK
[Info] [2026-4-13 20:36:27] MsgOut: Core 0 trigger successful at Mon Apr 13 20:36:27 2026
[Debug] [2026-4-13 20:36:27] Operation: ZoomFit
[Debug] [2026-4-13 20:36:27] Finish.
[Debug] [2026-4-13 20:36:27] [BusValue] Opt:Flush.
[Debug] [2026-4-13 20:36:27] [BusValue] Opt:Update.
[Info] [2026-4-13 20:36:27] MsgOut: COMMAND[run] execute successfully, takes 1.1 secs.
[Debug] [2026-4-13 20:36:27] COMMAND[run] execute successfully, takes 1.1 secs.
[Debug] [2026-4-13 20:36:31] Operation: ZoomOut
[Debug] [2026-4-13 20:36:31] Finish.
[Debug] [2026-4-13 20:36:31] Operation: ZoomOut
[Debug] [2026-4-13 20:36:31] Finish.
[Debug] [2026-4-13 20:36:31] Operation: ZoomOut
[Debug] [2026-4-13 20:36:31] Finish.
[Debug] [2026-4-13 20:36:32] Operation: ZoomOut
[Debug] [2026-4-13 20:36:32] Finish.
[Debug] [2026-4-13 20:36:32] Operation: ZoomOut
[Debug] [2026-4-13 20:36:32] Finish.
[Debug] [2026-4-13 20:36:33] Operation: Zoom in.
[Debug] [2026-4-13 20:36:33] Finish.
[Debug] [2026-4-13 20:36:33] Operation: Zoom in.
[Debug] [2026-4-13 20:36:33] Finish.
[Debug] [2026-4-13 20:36:33] Operation: Zoom in.
[Debug] [2026-4-13 20:36:33] Finish.
[Debug] [2026-4-13 20:36:33] Operation: ZoomOut
[Debug] [2026-4-13 20:36:33] Finish.
[Debug] [2026-4-13 20:36:33] Operation: Zoom in.
[Debug] [2026-4-13 20:36:33] Finish.
[Debug] [2026-4-13 20:36:34] Operation: Zoom in.
[Debug] [2026-4-13 20:36:34] Finish.
[Debug] [2026-4-13 20:36:34] Operation: Zoom in.
[Debug] [2026-4-13 20:36:34] Finish.
[Debug] [2026-4-13 20:36:35] Operation: Go to X cursor.
[Debug] [2026-4-13 20:36:35] Finish.
[Debug] [2026-4-13 20:36:45] Operation: ZoomOut
[Debug] [2026-4-13 20:36:46] Finish.
[Debug] [2026-4-13 20:36:46] Operation: ZoomOut
[Debug] [2026-4-13 20:36:46] Finish.
[Debug] [2026-4-13 20:36:46] Operation: ZoomOut
[Debug] [2026-4-13 20:36:46] Finish.
[Debug] [2026-4-13 20:36:46] Operation: Zoom in.
[Debug] [2026-4-13 20:36:46] Finish.
[Debug] [2026-4-13 20:36:46] Operation: Zoom in.
[Debug] [2026-4-13 20:36:46] Finish.
[Debug] [2026-4-13 20:39:02] Operation: ZoomOut
[Debug] [2026-4-13 20:39:02] Finish.
[Debug] [2026-4-13 20:39:02] Operation: ZoomOut
[Debug] [2026-4-13 20:39:02] Finish.
[Debug] [2026-4-13 20:39:03] Operation: ZoomOut
[Debug] [2026-4-13 20:39:03] Finish.
[Debug] [2026-4-13 20:39:03] Operation: ZoomOut
[Debug] [2026-4-13 20:39:03] Finish.
[Debug] [2026-4-13 20:39:03] Operation: ZoomOut
[Debug] [2026-4-13 20:39:03] Operation: ZoomOut
[Debug] [2026-4-13 20:39:19] Operation: ZoomFull
[Debug] [2026-4-13 20:39:19] Finish.
[Debug] [2026-4-13 20:39:19] Operation: Zoom in.
[Debug] [2026-4-13 20:39:19] Finish.
[Debug] [2026-4-13 20:39:19] Operation: Zoom in.
[Debug] [2026-4-13 20:39:19] Finish.
[Debug] [2026-4-13 20:39:19] Operation: Zoom in.
[Debug] [2026-4-13 20:39:19] Finish.
[Debug] [2026-4-13 20:39:20] Operation: Zoom in.
[Debug] [2026-4-13 20:39:20] Finish.
[Debug] [2026-4-13 20:39:20] Operation: Zoom in.
[Debug] [2026-4-13 20:39:20] Finish.
[Debug] [2026-4-13 20:39:21] Operation: ZoomOut
[Debug] [2026-4-13 20:39:21] Finish.
[Debug] [2026-4-13 20:39:22] Operation: ZoomOut
[Debug] [2026-4-13 20:39:22] Finish.
[Debug] [2026-4-13 20:39:22] Operation: ZoomOut
[Debug] [2026-4-13 20:39:22] Finish.
[Debug] [2026-4-13 20:39:22] Operation: ZoomOut
[Debug] [2026-4-13 20:39:22] Finish.
[Debug] [2026-4-13 20:39:22] Operation: ZoomOut
[Debug] [2026-4-13 20:39:22] Finish.
[Debug] [2026-4-13 20:39:23] Operation: ZoomOut
[Debug] [2026-4-13 20:39:23] Operation: ZoomOut
[Debug] [2026-4-13 20:39:30] Operation: Zoom in.
[Debug] [2026-4-13 20:39:30] Finish.
[Debug] [2026-4-13 20:39:30] Operation: Zoom in.
[Debug] [2026-4-13 20:39:30] Finish.
[Debug] [2026-4-13 20:39:30] Operation: Zoom in.
[Debug] [2026-4-13 20:39:30] Finish.
[Debug] [2026-4-13 20:39:30] Operation: Zoom in.
[Debug] [2026-4-13 20:39:30] Finish.
[Debug] [2026-4-13 20:39:31] Operation: Zoom in.
[Debug] [2026-4-13 20:39:31] Finish.
[Debug] [2026-4-13 20:39:32] Operation: ZoomOut
[Debug] [2026-4-13 20:39:32] Finish.
[Debug] [2026-4-13 20:39:32] Operation: ZoomOut
[Debug] [2026-4-13 20:39:32] Finish.
[Debug] [2026-4-13 20:39:32] Operation: ZoomOut
[Debug] [2026-4-13 20:39:32] Finish.
[Debug] [2026-4-13 20:39:32] Operation: ZoomOut
[Debug] [2026-4-13 20:39:32] Finish.
[Debug] [2026-4-13 20:39:33] Operation: ZoomOut
[Debug] [2026-4-13 20:39:33] Finish.
[Debug] [2026-4-13 20:39:33] Operation: ZoomOut
[Debug] [2026-4-13 20:39:33] Operation: ZoomOut
[Debug] [2026-4-13 20:39:34] Operation: Zoom in.
[Debug] [2026-4-13 20:39:34] Finish.
[Debug] [2026-4-13 20:39:34] Operation: Zoom in.
[Debug] [2026-4-13 20:39:34] Finish.
[Debug] [2026-4-13 20:39:34] Operation: Zoom in.
[Debug] [2026-4-13 20:39:34] Finish.
[Debug] [2026-4-13 20:39:34] Operation: Zoom in.
[Debug] [2026-4-13 20:39:34] Finish.
[Debug] [2026-4-13 20:39:34] Operation: Zoom in.
[Debug] [2026-4-13 20:39:34] Finish.
[Debug] [2026-4-13 20:39:35] Operation: ZoomOut
[Debug] [2026-4-13 20:39:35] Finish.
[Debug] [2026-4-13 20:39:35] Operation: ZoomOut
[Debug] [2026-4-13 20:39:35] Finish.
[Debug] [2026-4-13 20:39:35] Operation: ZoomOut
[Debug] [2026-4-13 20:39:35] Finish.
[Debug] [2026-4-13 20:39:37] Operation: ZoomOut
[Debug] [2026-4-13 20:39:37] Finish.
[Debug] [2026-4-13 20:39:37] Operation: ZoomOut
[Debug] [2026-4-13 20:39:37] Finish.
[Debug] [2026-4-13 20:39:37] Operation: ZoomOut
[Debug] [2026-4-13 20:39:37] Operation: Zoom in.
[Debug] [2026-4-13 20:39:37] Finish.
[Debug] [2026-4-13 20:39:37] Operation: Zoom in.
[Debug] [2026-4-13 20:39:37] Finish.
[Debug] [2026-4-13 20:39:37] Operation: Zoom in.
[Debug] [2026-4-13 20:39:37] Finish.
[Debug] [2026-4-13 20:39:38] Operation: ZoomOut
[Debug] [2026-4-13 20:39:38] Finish.
[Debug] [2026-4-13 20:39:38] Operation: Zoom in.
[Debug] [2026-4-13 20:39:38] Finish.
[Debug] [2026-4-13 20:39:38] Operation: Zoom in.
[Debug] [2026-4-13 20:39:38] Finish.
[Debug] [2026-4-13 20:39:38] Operation: Zoom in.
[Debug] [2026-4-13 20:39:38] Finish.
[Debug] [2026-4-13 20:39:39] Operation: ZoomOut
[Debug] [2026-4-13 20:39:39] Finish.
[Debug] [2026-4-13 20:39:39] Operation: ZoomOut
[Debug] [2026-4-13 20:39:39] Finish.
[Debug] [2026-4-13 20:39:39] Operation: ZoomOut
[Debug] [2026-4-13 20:39:39] Finish.
[Debug] [2026-4-13 20:39:39] Operation: ZoomOut
[Debug] [2026-4-13 20:39:39] Finish.
[Debug] [2026-4-13 20:39:39] Operation: ZoomOut
[Debug] [2026-4-13 20:39:39] Finish.
[Debug] [2026-4-13 20:39:39] Operation: ZoomOut
[Debug] [2026-4-13 20:39:39] Operation: ZoomOut
[Debug] [2026-4-13 20:39:39] Operation: ZoomOut
[Debug] [2026-4-13 21:39:18] Configure.
[Debug] [2026-4-13 21:39:20] Operation: Program.
[Debug] [2026-4-13 21:39:20] Log::Print : configure
[Debug] [2026-4-13 21:39:20] Send RPC: a.
[Debug] [2026-4-13 21:39:20] Send cmd [configure:2712] OK
[Debug] [2026-4-13 21:39:21] The value is 6.
[Debug] [2026-4-13 21:39:21] The value is a.
[Debug] [2026-4-13 21:39:22] The value is f.
[Debug] [2026-4-13 21:39:22] The value is 14.
[Debug] [2026-4-13 21:39:23] The value is 19.
[Debug] [2026-4-13 21:39:23] The value is 1e.
[Debug] [2026-4-13 21:39:23] The value is 23.
[Debug] [2026-4-13 21:39:24] The value is 28.
[Debug] [2026-4-13 21:39:24] The value is 2d.
[Debug] [2026-4-13 21:39:25] The value is 32.
[Debug] [2026-4-13 21:39:25] The value is 37.
[Debug] [2026-4-13 21:39:25] The value is 3c.
[Debug] [2026-4-13 21:39:26] The value is 41.
[Debug] [2026-4-13 21:39:26] The value is 46.
[Debug] [2026-4-13 21:39:26] The value is 4b.
[Debug] [2026-4-13 21:39:27] The value is 50.
[Debug] [2026-4-13 21:39:27] The value is 55.
[Debug] [2026-4-13 21:39:28] The value is 5a.
[Debug] [2026-4-13 21:39:28] The value is 5f.
[Debug] [2026-4-13 21:39:28] The value is 64.
[Debug] [2026-4-13 21:39:30] [BusValue] Opt:Add.
[Debug] [2026-4-13 21:39:30] [BusValue] Opt:Add.
[Debug] [2026-4-13 21:39:30] [BusValue] Opt:Add.
[Debug] [2026-4-13 21:39:30] [BusValue] Opt:Add.
[Debug] [2026-4-13 21:39:30] [BusValue] Opt:Add.
[Debug] [2026-4-13 21:39:30] [BusValue] Opt:Add.
[Debug] [2026-4-13 21:39:30] [BusValue] Opt:Add.
[Debug] [2026-4-13 21:39:30] [BusValue] Opt:Add.
[Debug] [2026-4-13 21:39:30] [BusValue] Opt:Add.
[Debug] [2026-4-13 21:39:30] [BusValue] Opt:Add.
[Debug] [2026-4-13 21:39:30] [BusValue] Opt:Add.
[Debug] [2026-4-13 21:39:30] [BusValue] Opt:Add.
[Debug] [2026-4-13 21:39:30] [BusValue] Opt:Add.
[Debug] [2026-4-13 21:39:30] [BusValue] Opt:Add.
[Info] [2026-4-13 21:39:31] MsgOut: COMMAND[configure] execute successfully, takes 10.3 secs.
[Debug] [2026-4-13 21:39:31] COMMAND[configure] execute successfully, takes 10.3 secs.
[Debug] [2026-4-13 21:39:31] Log::Print : Import Core: 0 OK
[Debug] [2026-4-13 21:39:45] Configure.
[Debug] [2026-4-13 21:39:49] Operation: Program.
[Debug] [2026-4-13 21:39:49] Log::Print : configure
[Debug] [2026-4-13 21:39:49] Send RPC: b.
[Debug] [2026-4-13 21:39:49] Send cmd [configure:2712] OK
[Debug] [2026-4-13 21:39:50] The value is 6.
[Debug] [2026-4-13 21:39:50] The value is a.
[Debug] [2026-4-13 21:39:50] The value is f.
[Debug] [2026-4-13 21:39:51] The value is 14.
[Debug] [2026-4-13 21:39:51] The value is 19.
[Debug] [2026-4-13 21:39:52] The value is 1e.
[Debug] [2026-4-13 21:39:52] The value is 23.
[Debug] [2026-4-13 21:39:52] The value is 28.
[Debug] [2026-4-13 21:39:53] The value is 2d.
[Debug] [2026-4-13 21:39:53] The value is 32.
[Debug] [2026-4-13 21:39:54] The value is 37.
[Debug] [2026-4-13 21:39:54] The value is 3c.
[Debug] [2026-4-13 21:39:54] The value is 41.
[Debug] [2026-4-13 21:39:55] The value is 46.
[Debug] [2026-4-13 21:39:55] The value is 4b.
[Debug] [2026-4-13 21:39:55] The value is 50.
[Debug] [2026-4-13 21:39:56] The value is 55.
[Debug] [2026-4-13 21:39:56] The value is 5a.
[Debug] [2026-4-13 21:39:57] The value is 5f.
[Debug] [2026-4-13 21:39:57] The value is 64.
[Info] [2026-4-13 21:39:58] MsgOut: COMMAND[configure] execute successfully, takes 9.3 secs.
[Debug] [2026-4-13 21:39:58] COMMAND[configure] execute successfully, takes 9.3 secs.
[Warn] [2026-4-13 21:39:58] MsgOut: Debugger-4002: Core Parse: Trigger Port bus name:crop_wr_en_1 exist, fail to import.
[Warn] [2026-4-13 21:39:58] MsgOut: Debugger-4002: Core Parse: Trigger Port bus name:crop_rgb_out_1 exist, fail to import.
[Warn] [2026-4-13 21:39:58] MsgOut: Debugger-4002: Core Parse: Trigger Port bus name:end_crop_wr_1 exist, fail to import.
[Warn] [2026-4-13 21:39:58] MsgOut: Debugger-4002: Core Parse: Trigger Port bus name:start_crop_wr_1 exist, fail to import.
[Warn] [2026-4-13 21:39:58] MsgOut: Debugger-4002: Core Parse: Trigger Port bus name:u_box_overlay_sync/gen_crop_fifo[0].cur_rep_x exist, fail to import.
[Warn] [2026-4-13 21:39:58] MsgOut: Debugger-4002: Core Parse: Trigger Port bus name:u_box_overlay_sync/gen_crop_fifo[0].cur_rep_y exist, fail to import.
[Warn] [2026-4-13 21:39:58] MsgOut: Debugger-4002: Core Parse: Trigger Port bus name:u_box_overlay_sync/gen_crop_fifo[0].nxt_x exist, fail to import.
[Warn] [2026-4-13 21:39:58] MsgOut: Debugger-4002: Core Parse: Trigger Port bus name:u_box_overlay_sync/gen_crop_fifo[0].nxt_y exist, fail to import.
[Warn] [2026-4-13 21:39:58] MsgOut: Debugger-4002: Core Parse: Trigger Port bus name:u_box_overlay_sync/gen_crop_fifo[0].ram_max_ptr exist, fail to import.
[Warn] [2026-4-13 21:39:58] MsgOut: Debugger-4002: Core Parse: Trigger Port bus name:u_box_overlay_sync/gen_crop_fifo[0].ram_rd_ptr exist, fail to import.
[Warn] [2026-4-13 21:39:58] MsgOut: Debugger-4002: Core Parse: Trigger Port bus name:u_box_overlay_sync/gen_crop_fifo[0].ram_rep_x[0] exist, fail to import.
[Warn] [2026-4-13 21:39:58] MsgOut: Debugger-4002: Core Parse: Trigger Port bus name:u_box_overlay_sync/gen_crop_fifo[0].ram_wr_ptr exist, fail to import.
[Warn] [2026-4-13 21:39:58] MsgOut: Debugger-4002: Core Parse: Trigger Port bus name:u_box_overlay_sync/gen_crop_fifo[0].rep_x exist, fail to import.
[Warn] [2026-4-13 21:39:58] MsgOut: Debugger-4002: Core Parse: Trigger Port bus name:u_box_overlay_sync/gen_crop_fifo[0].rep_y_reg exist, fail to import.
[Warn] [2026-4-13 21:39:58] MsgOut: Debugger-4002: Core Parse: Bus name:crop_wr_en_1 exist, fail to import.
[Warn] [2026-4-13 21:39:58] MsgOut: Debugger-4002: Core Parse: Bus name:crop_rgb_out_1 exist, fail to import.
[Warn] [2026-4-13 21:39:58] MsgOut: Debugger-4002: Core Parse: Bus name:end_crop_wr_1 exist, fail to import.
[Warn] [2026-4-13 21:39:58] MsgOut: Debugger-4002: Core Parse: Bus name:start_crop_wr_1 exist, fail to import.
[Warn] [2026-4-13 21:39:58] MsgOut: Debugger-4002: Core Parse: Bus name:u_box_overlay_sync/gen_crop_fifo[0].cur_rep_x exist, fail to import.
[Warn] [2026-4-13 21:39:58] MsgOut: Debugger-4002: Core Parse: Bus name:u_box_overlay_sync/gen_crop_fifo[0].cur_rep_y exist, fail to import.
[Warn] [2026-4-13 21:39:58] MsgOut: Debugger-4002: Core Parse: Bus name:u_box_overlay_sync/gen_crop_fifo[0].nxt_x exist, fail to import.
[Warn] [2026-4-13 21:39:58] MsgOut: Debugger-4002: Core Parse: Bus name:u_box_overlay_sync/gen_crop_fifo[0].nxt_y exist, fail to import.
[Warn] [2026-4-13 21:39:58] MsgOut: Debugger-4002: Core Parse: Bus name:u_box_overlay_sync/gen_crop_fifo[0].ram_max_ptr exist, fail to import.
[Warn] [2026-4-13 21:39:58] MsgOut: Debugger-4002: Core Parse: Bus name:u_box_overlay_sync/gen_crop_fifo[0].ram_rd_ptr exist, fail to import.
[Warn] [2026-4-13 21:39:58] MsgOut: Debugger-4002: Core Parse: Bus name:u_box_overlay_sync/gen_crop_fifo[0].ram_rep_x[0] exist, fail to import.
[Warn] [2026-4-13 21:39:58] MsgOut: Debugger-4002: Core Parse: Bus name:u_box_overlay_sync/gen_crop_fifo[0].ram_wr_ptr exist, fail to import.
[Warn] [2026-4-13 21:39:58] MsgOut: Debugger-4002: Core Parse: Bus name:u_box_overlay_sync/gen_crop_fifo[0].rep_x exist, fail to import.
[Warn] [2026-4-13 21:39:58] MsgOut: Debugger-4002: Core Parse: Bus name:u_box_overlay_sync/gen_crop_fifo[0].rep_y_reg exist, fail to import.
[Debug] [2026-4-13 21:39:58] Log::Print : Import Core: 0 OK
[Debug] [2026-4-13 21:40:56] Operation: Trigger.
[Debug] [2026-4-13 21:40:56] Log::Print : run
[Debug] [2026-4-13 21:40:56] Send RPC: c.
[Debug] [2026-4-13 21:40:56] Send cmd [run:2713] OK
[Debug] [2026-4-13 21:41:04] Operation: Stop trigger.
[Debug] [2026-4-13 21:41:04] Log::Print : stop
[Debug] [2026-4-13 21:41:04] Send RPC: d.
[Debug] [2026-4-13 21:41:04] Send cmd [stop:271a] OK
[Info] [2026-4-13 21:41:04] MsgOut: COMMAND[stop] execute successfully, takes 0.0 secs.
[Debug] [2026-4-13 21:41:04] COMMAND[stop] execute successfully, takes 0.0 secs.
[Error] [2026-4-13 21:41:05] Fail to exec trigger command.
[Warn] [2026-4-13 21:41:05] cmdid:2713 HandleWarnExec msg:Core 0 is stopped by user
[Debug] [2026-4-13 21:41:05] HandleErrorExec run Show Core:
[Debug] [2026-4-13 21:41:05] /******************** Core Information *************************/
[Debug] [2026-4-13 21:41:05] Core basic info: 
[Debug] [2026-4-13 21:41:05] 	Core version: 0x9001f003
[Debug] [2026-4-13 21:41:05] 	Index: 0
[Debug] [2026-4-13 21:41:05] 	Name: MyFLA0
[Debug] [2026-4-13 21:41:05] 	Core type: 
[Debug] [2026-4-13 21:41:05] 	Data same as trigger: true
[Debug] [2026-4-13 21:41:05] 	Storage qualification: false
[Debug] [2026-4-13 21:41:05] 	Max data depth: 200
[Debug] [2026-4-13 21:41:05] 	Sample data width: a4
[Debug] [2026-4-13 21:41:05] 	Trigger sequencer level: 1
[Debug] [2026-4-13 21:41:05] 	Trigger output enabled: false
[Debug] [2026-4-13 21:41:05] 	Multi windows enabled: false
[Debug] [2026-4-13 21:41:05] 	Reset wave property status: false
[Debug] [2026-4-13 21:41:05] Core Property: 
[Debug] [2026-4-13 21:41:05] 	Core version: 0x9001f003
[Debug] [2026-4-13 21:41:05] 	Index: 0
[Debug] [2026-4-13 21:41:05] 	Core type: 
[Debug] [2026-4-13 21:41:05] 	Data same as trigger: true
[Debug] [2026-4-13 21:41:05] 	Storage qualification: false
[Debug] [2026-4-13 21:41:05] 	Trigger output enabled: false
[Debug] [2026-4-13 21:41:05] 	Multi windows enabled: false
[Debug] [2026-4-13 21:41:05] 	Max data depth: 200
[Debug] [2026-4-13 21:41:05] 	Sample data width: a4
[Debug] [2026-4-13 21:41:05] 	Trigger sequencer level: 1
[Debug] [2026-4-13 21:41:05] 	Channel num		Match unit num		Match unit type		Counter width		Port is data
[Debug] [2026-4-13 21:41:05] 	Trigger port 0 : 	a4	1	1	0	true
[Debug] [2026-4-13 21:41:05] Signals Property: 
[Debug] [2026-4-13 21:41:05] 	Window num: 0
[Debug] [2026-4-13 21:41:05] 	Samples num in window: 0
[Debug] [2026-4-13 21:41:05] 	Trigger time in window: 0
[Debug] [2026-4-13 21:41:05] 	Samples num: 0
[Debug] [2026-4-13 21:41:05] 	Negative time: true
[Debug] [2026-4-13 21:41:05] 	Signal type: 0
[Debug] [2026-4-13 21:41:05] 	Total trigger position: 0
[Debug] [2026-4-13 21:41:05] Storage Style Property: 
[Debug] [2026-4-13 21:41:05] 	Style type: 0
[Debug] [2026-4-13 21:41:05] 	Windows num: 1
[Debug] [2026-4-13 21:41:05] 	Depth per window: 200
[Debug] [2026-4-13 21:41:05] 	Window position: 100
[Debug] [2026-4-13 21:41:05] 	Samples per trigger: 200
[Debug] [2026-4-13 21:41:05] 	Storage qualification: All Data
[Debug] [2026-4-13 21:41:05] Data Port: 
[Debug] [2026-4-13 21:41:05] 	Max depth: 0
[Debug] [2026-4-13 21:41:05] 	Depth: 0
[Debug] [2026-4-13 21:41:05] Trigger Port: 
[Debug] [2026-4-13 21:41:05] Trigger Port 0 :
[Debug] [2026-4-13 21:41:05] 	Port index: 0
[Debug] [2026-4-13 21:41:05] 	Match type: 1
[Debug] [2026-4-13 21:41:05] 	Counter width: 0
[Debug] [2026-4-13 21:41:05] 	Is data: true
[Debug] [2026-4-13 21:41:05] Match Unit: 
[Debug] [2026-4-13 21:41:05] Match Unit 0 :
[Debug] [2026-4-13 21:41:05] 	Trigger port index: 0
[Debug] [2026-4-13 21:41:05] 	Value: XXXXXXXXXXXXX1XXXXXXXXXXXXXXXXXXXXXXXXXXXXXXXXXXXXXXXXXXXXXXXXXXXXXXXXXXXXXXXXXXXXXXXXXXXXXXXXXXXXXXXXXXXXXXXXXXXXXXXXXXXXXXXXXXXXXXXXXXXXXXXXXXXXXXXXXXXXXXXXXXXXXX
[Debug] [2026-4-13 21:41:05] 	Index: 0
[Debug] [2026-4-13 21:41:05] 	Function: 0
[Debug] [2026-4-13 21:41:05] 	Radix: 
[Debug] [2026-4-13 21:41:05] 	Counter match event: 0
[Debug] [2026-4-13 21:41:05] 	Counter cycles: 1
[Debug] [2026-4-13 21:41:05] 	Trigger output enabled: true
[Debug] [2026-4-13 21:41:05] 	Range form : 00000000000000000000000000000000000000000000000000000000000000000000000000000000000000000000000000000000000000000000000000000000000000000000000000000000000000000000 to 00000000000000000000000000000000000000000000000000000000000000000000000000000000000000000000000000000000000000000000000000000000000000000000000000000000000000000000
[Debug] [2026-4-13 21:41:05] 	Is tp need deleted: false
[Debug] [2026-4-13 21:41:05] Bus: 
[Debug] [2026-4-13 21:41:05] Bus 0 :
[Debug] [2026-4-13 21:41:05] 	crop_wr_en_1
[Debug] [2026-4-13 21:41:05] Channel Index 0 :	Data Port: 0	Channel name: crop_wr_en_1[0]
[Debug] [2026-4-13 21:41:05] Channel Index 1 :	Data Port: 1	Channel name: crop_wr_en_1[1]
[Debug] [2026-4-13 21:41:05] Channel Index 2 :	Data Port: 2	Channel name: crop_wr_en_1[2]
[Debug] [2026-4-13 21:41:05] Channel Index 3 :	Data Port: 3	Channel name: crop_wr_en_1[3]
[Debug] [2026-4-13 21:41:05] Bus 1 :
[Debug] [2026-4-13 21:41:05] 	crop_rgb_out_1
[Debug] [2026-4-13 21:41:05] Channel Index 0 :	Data Port: 4	Channel name: crop_rgb_out_1[0]
[Debug] [2026-4-13 21:41:05] Channel Index 1 :	Data Port: 5	Channel name: crop_rgb_out_1[1]
[Debug] [2026-4-13 21:41:05] Channel Index 2 :	Data Port: 6	Channel name: crop_rgb_out_1[2]
[Debug] [2026-4-13 21:41:05] Channel Index 3 :	Data Port: 7	Channel name: crop_rgb_out_1[3]
[Debug] [2026-4-13 21:41:05] Channel Index 4 :	Data Port: 8	Channel name: crop_rgb_out_1[4]
[Debug] [2026-4-13 21:41:05] Channel Index 5 :	Data Port: 9	Channel name: crop_rgb_out_1[5]
[Debug] [2026-4-13 21:41:05] Channel Index 6 :	Data Port: a	Channel name: crop_rgb_out_1[6]
[Debug] [2026-4-13 21:41:05] Channel Index 7 :	Data Port: b	Channel name: crop_rgb_out_1[7]
[Debug] [2026-4-13 21:41:05] Channel Index 8 :	Data Port: c	Channel name: crop_rgb_out_1[8]
[Debug] [2026-4-13 21:41:05] Channel Index 9 :	Data Port: d	Channel name: crop_rgb_out_1[9]
[Debug] [2026-4-13 21:41:05] Channel Index a :	Data Port: e	Channel name: crop_rgb_out_1[10]
[Debug] [2026-4-13 21:41:05] Channel Index b :	Data Port: f	Channel name: crop_rgb_out_1[11]
[Debug] [2026-4-13 21:41:05] Channel Index c :	Data Port: 10	Channel name: crop_rgb_out_1[12]
[Debug] [2026-4-13 21:41:05] Channel Index d :	Data Port: 11	Channel name: crop_rgb_out_1[13]
[Debug] [2026-4-13 21:41:05] Channel Index e :	Data Port: 12	Channel name: crop_rgb_out_1[14]
[Debug] [2026-4-13 21:41:05] Channel Index f :	Data Port: 13	Channel name: crop_rgb_out_1[15]
[Debug] [2026-4-13 21:41:05] Channel Index 10 :	Data Port: 14	Channel name: crop_rgb_out_1[16]
[Debug] [2026-4-13 21:41:05] Channel Index 11 :	Data Port: 15	Channel name: crop_rgb_out_1[17]
[Debug] [2026-4-13 21:41:05] Channel Index 12 :	Data Port: 16	Channel name: crop_rgb_out_1[18]
[Debug] [2026-4-13 21:41:05] Channel Index 13 :	Data Port: 17	Channel name: crop_rgb_out_1[19]
[Debug] [2026-4-13 21:41:05] Channel Index 14 :	Data Port: 18	Channel name: crop_rgb_out_1[20]
[Debug] [2026-4-13 21:41:05] Channel Index 15 :	Data Port: 19	Channel name: crop_rgb_out_1[21]
[Debug] [2026-4-13 21:41:05] Channel Index 16 :	Data Port: 1a	Channel name: crop_rgb_out_1[22]
[Debug] [2026-4-13 21:41:05] Channel Index 17 :	Data Port: 1b	Channel name: crop_rgb_out_1[23]
[Debug] [2026-4-13 21:41:05] Channel Index 18 :	Data Port: 1c	Channel name: crop_rgb_out_1[24]
[Debug] [2026-4-13 21:41:05] Channel Index 19 :	Data Port: 1d	Channel name: crop_rgb_out_1[25]
[Debug] [2026-4-13 21:41:05] Channel Index 1a :	Data Port: 1e	Channel name: crop_rgb_out_1[26]
[Debug] [2026-4-13 21:41:05] Channel Index 1b :	Data Port: 1f	Channel name: crop_rgb_out_1[27]
[Debug] [2026-4-13 21:41:05] Channel Index 1c :	Data Port: 20	Channel name: crop_rgb_out_1[28]
[Debug] [2026-4-13 21:41:05] Channel Index 1d :	Data Port: 21	Channel name: crop_rgb_out_1[29]
[Debug] [2026-4-13 21:41:05] Channel Index 1e :	Data Port: 22	Channel name: crop_rgb_out_1[30]
[Debug] [2026-4-13 21:41:05] Channel Index 1f :	Data Port: 23	Channel name: crop_rgb_out_1[31]
[Debug] [2026-4-13 21:41:05] Channel Index 20 :	Data Port: 24	Channel name: crop_rgb_out_1[32]
[Debug] [2026-4-13 21:41:05] Channel Index 21 :	Data Port: 25	Channel name: crop_rgb_out_1[33]
[Debug] [2026-4-13 21:41:05] Channel Index 22 :	Data Port: 26	Channel name: crop_rgb_out_1[34]
[Debug] [2026-4-13 21:41:05] Channel Index 23 :	Data Port: 27	Channel name: crop_rgb_out_1[35]
[Debug] [2026-4-13 21:41:05] Channel Index 24 :	Data Port: 28	Channel name: crop_rgb_out_1[36]
[Debug] [2026-4-13 21:41:05] Channel Index 25 :	Data Port: 29	Channel name: crop_rgb_out_1[37]
[Debug] [2026-4-13 21:41:05] Channel Index 26 :	Data Port: 2a	Channel name: crop_rgb_out_1[38]
[Debug] [2026-4-13 21:41:05] Channel Index 27 :	Data Port: 2b	Channel name: crop_rgb_out_1[39]
[Debug] [2026-4-13 21:41:05] Channel Index 28 :	Data Port: 2c	Channel name: crop_rgb_out_1[40]
[Debug] [2026-4-13 21:41:05] Channel Index 29 :	Data Port: 2d	Channel name: crop_rgb_out_1[41]
[Debug] [2026-4-13 21:41:05] Channel Index 2a :	Data Port: 2e	Channel name: crop_rgb_out_1[42]
[Debug] [2026-4-13 21:41:05] Channel Index 2b :	Data Port: 2f	Channel name: crop_rgb_out_1[43]
[Debug] [2026-4-13 21:41:05] Channel Index 2c :	Data Port: 30	Channel name: crop_rgb_out_1[44]
[Debug] [2026-4-13 21:41:05] Channel Index 2d :	Data Port: 31	Channel name: crop_rgb_out_1[45]
[Debug] [2026-4-13 21:41:05] Channel Index 2e :	Data Port: 32	Channel name: crop_rgb_out_1[46]
[Debug] [2026-4-13 21:41:05] Channel Index 2f :	Data Port: 33	Channel name: crop_rgb_out_1[47]
[Debug] [2026-4-13 21:41:05] Channel Index 30 :	Data Port: 34	Channel name: crop_rgb_out_1[48]
[Debug] [2026-4-13 21:41:05] Channel Index 31 :	Data Port: 35	Channel name: crop_rgb_out_1[49]
[Debug] [2026-4-13 21:41:05] Channel Index 32 :	Data Port: 36	Channel name: crop_rgb_out_1[50]
[Debug] [2026-4-13 21:41:05] Channel Index 33 :	Data Port: 37	Channel name: crop_rgb_out_1[51]
[Debug] [2026-4-13 21:41:05] Channel Index 34 :	Data Port: 38	Channel name: crop_rgb_out_1[52]
[Debug] [2026-4-13 21:41:05] Channel Index 35 :	Data Port: 39	Channel name: crop_rgb_out_1[53]
[Debug] [2026-4-13 21:41:05] Channel Index 36 :	Data Port: 3a	Channel name: crop_rgb_out_1[54]
[Debug] [2026-4-13 21:41:05] Channel Index 37 :	Data Port: 3b	Channel name: crop_rgb_out_1[55]
[Debug] [2026-4-13 21:41:05] Channel Index 38 :	Data Port: 3c	Channel name: crop_rgb_out_1[56]
[Debug] [2026-4-13 21:41:05] Channel Index 39 :	Data Port: 3d	Channel name: crop_rgb_out_1[57]
[Debug] [2026-4-13 21:41:05] Channel Index 3a :	Data Port: 3e	Channel name: crop_rgb_out_1[58]
[Debug] [2026-4-13 21:41:05] Channel Index 3b :	Data Port: 3f	Channel name: crop_rgb_out_1[59]
[Debug] [2026-4-13 21:41:05] Channel Index 3c :	Data Port: 40	Channel name: crop_rgb_out_1[60]
[Debug] [2026-4-13 21:41:05] Channel Index 3d :	Data Port: 41	Channel name: crop_rgb_out_1[61]
[Debug] [2026-4-13 21:41:05] Channel Index 3e :	Data Port: 42	Channel name: crop_rgb_out_1[62]
[Debug] [2026-4-13 21:41:05] Channel Index 3f :	Data Port: 43	Channel name: crop_rgb_out_1[63]
[Debug] [2026-4-13 21:41:05] Channel Index 40 :	Data Port: 44	Channel name: crop_rgb_out_1[64]
[Debug] [2026-4-13 21:41:05] Channel Index 41 :	Data Port: 45	Channel name: crop_rgb_out_1[65]
[Debug] [2026-4-13 21:41:05] Channel Index 42 :	Data Port: 46	Channel name: crop_rgb_out_1[66]
[Debug] [2026-4-13 21:41:05] Channel Index 43 :	Data Port: 47	Channel name: crop_rgb_out_1[67]
[Debug] [2026-4-13 21:41:05] Channel Index 44 :	Data Port: 48	Channel name: crop_rgb_out_1[68]
[Debug] [2026-4-13 21:41:05] Channel Index 45 :	Data Port: 49	Channel name: crop_rgb_out_1[69]
[Debug] [2026-4-13 21:41:05] Channel Index 46 :	Data Port: 4a	Channel name: crop_rgb_out_1[70]
[Debug] [2026-4-13 21:41:05] Channel Index 47 :	Data Port: 4b	Channel name: crop_rgb_out_1[71]
[Debug] [2026-4-13 21:41:05] Channel Index 48 :	Data Port: 4c	Channel name: crop_rgb_out_1[72]
[Debug] [2026-4-13 21:41:05] Channel Index 49 :	Data Port: 4d	Channel name: crop_rgb_out_1[73]
[Debug] [2026-4-13 21:41:05] Channel Index 4a :	Data Port: 4e	Channel name: crop_rgb_out_1[74]
[Debug] [2026-4-13 21:41:05] Channel Index 4b :	Data Port: 4f	Channel name: crop_rgb_out_1[75]
[Debug] [2026-4-13 21:41:05] Channel Index 4c :	Data Port: 50	Channel name: crop_rgb_out_1[76]
[Debug] [2026-4-13 21:41:05] Channel Index 4d :	Data Port: 51	Channel name: crop_rgb_out_1[77]
[Debug] [2026-4-13 21:41:05] Channel Index 4e :	Data Port: 52	Channel name: crop_rgb_out_1[78]
[Debug] [2026-4-13 21:41:05] Channel Index 4f :	Data Port: 53	Channel name: crop_rgb_out_1[79]
[Debug] [2026-4-13 21:41:05] Channel Index 50 :	Data Port: 54	Channel name: crop_rgb_out_1[80]
[Debug] [2026-4-13 21:41:05] Channel Index 51 :	Data Port: 55	Channel name: crop_rgb_out_1[81]
[Debug] [2026-4-13 21:41:05] Channel Index 52 :	Data Port: 56	Channel name: crop_rgb_out_1[82]
[Debug] [2026-4-13 21:41:05] Channel Index 53 :	Data Port: 57	Channel name: crop_rgb_out_1[83]
[Debug] [2026-4-13 21:41:05] Channel Index 54 :	Data Port: 58	Channel name: crop_rgb_out_1[84]
[Debug] [2026-4-13 21:41:05] Channel Index 55 :	Data Port: 59	Channel name: crop_rgb_out_1[85]
[Debug] [2026-4-13 21:41:05] Channel Index 56 :	Data Port: 5a	Channel name: crop_rgb_out_1[86]
[Debug] [2026-4-13 21:41:05] Channel Index 57 :	Data Port: 5b	Channel name: crop_rgb_out_1[87]
[Debug] [2026-4-13 21:41:05] Channel Index 58 :	Data Port: 5c	Channel name: crop_rgb_out_1[88]
[Debug] [2026-4-13 21:41:05] Channel Index 59 :	Data Port: 5d	Channel name: crop_rgb_out_1[89]
[Debug] [2026-4-13 21:41:05] Channel Index 5a :	Data Port: 5e	Channel name: crop_rgb_out_1[90]
[Debug] [2026-4-13 21:41:05] Channel Index 5b :	Data Port: 5f	Channel name: crop_rgb_out_1[91]
[Debug] [2026-4-13 21:41:05] Channel Index 5c :	Data Port: 60	Channel name: crop_rgb_out_1[92]
[Debug] [2026-4-13 21:41:05] Channel Index 5d :	Data Port: 61	Channel name: crop_rgb_out_1[93]
[Debug] [2026-4-13 21:41:05] Channel Index 5e :	Data Port: 62	Channel name: crop_rgb_out_1[94]
[Debug] [2026-4-13 21:41:05] Channel Index 5f :	Data Port: 63	Channel name: crop_rgb_out_1[95]
[Debug] [2026-4-13 21:41:05] Bus 2 :
[Debug] [2026-4-13 21:41:05] 	end_crop_wr_1
[Debug] [2026-4-13 21:41:05] Channel Index 0 :	Data Port: 64	Channel name: end_crop_wr_1[0]
[Debug] [2026-4-13 21:41:05] Channel Index 1 :	Data Port: 65	Channel name: end_crop_wr_1[1]
[Debug] [2026-4-13 21:41:05] Channel Index 2 :	Data Port: 66	Channel name: end_crop_wr_1[2]
[Debug] [2026-4-13 21:41:05] Channel Index 3 :	Data Port: 67	Channel name: end_crop_wr_1[3]
[Debug] [2026-4-13 21:41:05] Bus 3 :
[Debug] [2026-4-13 21:41:05] 	start_crop_wr_1
[Debug] [2026-4-13 21:41:05] Channel Index 0 :	Data Port: 68	Channel name: start_crop_wr_1[0]
[Debug] [2026-4-13 21:41:05] Channel Index 1 :	Data Port: 69	Channel name: start_crop_wr_1[1]
[Debug] [2026-4-13 21:41:05] Channel Index 2 :	Data Port: 6a	Channel name: start_crop_wr_1[2]
[Debug] [2026-4-13 21:41:05] Channel Index 3 :	Data Port: 6b	Channel name: start_crop_wr_1[3]
[Debug] [2026-4-13 21:41:05] Bus 4 :
[Debug] [2026-4-13 21:41:05] 	u_box_overlay_sync/gen_crop_fifo[0].cur_rep_x
[Debug] [2026-4-13 21:41:05] Channel Index 0 :	Data Port: 6c	Channel name: u_box_overlay_sync/gen_crop_fifo[0].cur_rep_x[0]
[Debug] [2026-4-13 21:41:05] Channel Index 1 :	Data Port: 6d	Channel name: u_box_overlay_sync/gen_crop_fifo[0].cur_rep_x[1]
[Debug] [2026-4-13 21:41:05] Channel Index 2 :	Data Port: 6e	Channel name: u_box_overlay_sync/gen_crop_fifo[0].cur_rep_x[2]
[Debug] [2026-4-13 21:41:05] Bus 5 :
[Debug] [2026-4-13 21:41:05] 	u_box_overlay_sync/gen_crop_fifo[0].cur_rep_y
[Debug] [2026-4-13 21:41:05] Channel Index 0 :	Data Port: 6f	Channel name: u_box_overlay_sync/gen_crop_fifo[0].cur_rep_y[0]
[Debug] [2026-4-13 21:41:05] Channel Index 1 :	Data Port: 70	Channel name: u_box_overlay_sync/gen_crop_fifo[0].cur_rep_y[1]
[Debug] [2026-4-13 21:41:05] Channel Index 2 :	Data Port: 71	Channel name: u_box_overlay_sync/gen_crop_fifo[0].cur_rep_y[2]
[Debug] [2026-4-13 21:41:05] Bus 6 :
[Debug] [2026-4-13 21:41:05] 	u_box_overlay_sync/gen_crop_fifo[0].nxt_x
[Debug] [2026-4-13 21:41:05] Channel Index 0 :	Data Port: 72	Channel name: u_box_overlay_sync/gen_crop_fifo[0].nxt_x[0]
[Debug] [2026-4-13 21:41:05] Channel Index 1 :	Data Port: 73	Channel name: u_box_overlay_sync/gen_crop_fifo[0].nxt_x[1]
[Debug] [2026-4-13 21:41:05] Channel Index 2 :	Data Port: 74	Channel name: u_box_overlay_sync/gen_crop_fifo[0].nxt_x[2]
[Debug] [2026-4-13 21:41:05] Channel Index 3 :	Data Port: 75	Channel name: u_box_overlay_sync/gen_crop_fifo[0].nxt_x[3]
[Debug] [2026-4-13 21:41:05] Channel Index 4 :	Data Port: 76	Channel name: u_box_overlay_sync/gen_crop_fifo[0].nxt_x[4]
[Debug] [2026-4-13 21:41:05] Channel Index 5 :	Data Port: 77	Channel name: u_box_overlay_sync/gen_crop_fifo[0].nxt_x[5]
[Debug] [2026-4-13 21:41:05] Channel Index 6 :	Data Port: 78	Channel name: u_box_overlay_sync/gen_crop_fifo[0].nxt_x[6]
[Debug] [2026-4-13 21:41:05] Channel Index 7 :	Data Port: 79	Channel name: u_box_overlay_sync/gen_crop_fifo[0].nxt_x[7]
[Debug] [2026-4-13 21:41:05] Channel Index 8 :	Data Port: 7a	Channel name: u_box_overlay_sync/gen_crop_fifo[0].nxt_x[8]
[Debug] [2026-4-13 21:41:05] Channel Index 9 :	Data Port: 7b	Channel name: u_box_overlay_sync/gen_crop_fifo[0].nxt_x[9]
[Debug] [2026-4-13 21:41:05] Channel Index a :	Data Port: 7c	Channel name: u_box_overlay_sync/gen_crop_fifo[0].nxt_x[10]
[Debug] [2026-4-13 21:41:05] Channel Index b :	Data Port: 7d	Channel name: u_box_overlay_sync/gen_crop_fifo[0].nxt_x[11]
[Debug] [2026-4-13 21:41:05] Channel Index c :	Data Port: 7e	Channel name: u_box_overlay_sync/gen_crop_fifo[0].nxt_x[12]
[Debug] [2026-4-13 21:41:05] Channel Index d :	Data Port: 7f	Channel name: u_box_overlay_sync/gen_crop_fifo[0].nxt_x[13]
[Debug] [2026-4-13 21:41:05] Channel Index e :	Data Port: 80	Channel name: u_box_overlay_sync/gen_crop_fifo[0].nxt_x[14]
[Debug] [2026-4-13 21:41:05] Bus 7 :
[Debug] [2026-4-13 21:41:05] 	u_box_overlay_sync/gen_crop_fifo[0].nxt_y
[Debug] [2026-4-13 21:41:05] Channel Index 0 :	Data Port: 81	Channel name: u_box_overlay_sync/gen_crop_fifo[0].nxt_y[0]
[Debug] [2026-4-13 21:41:05] Channel Index 1 :	Data Port: 82	Channel name: u_box_overlay_sync/gen_crop_fifo[0].nxt_y[1]
[Debug] [2026-4-13 21:41:05] Bus 8 :
[Debug] [2026-4-13 21:41:05] 	u_box_overlay_sync/gen_crop_fifo[0].ram_max_ptr
[Debug] [2026-4-13 21:41:05] Channel Index 0 :	Data Port: 83	Channel name: u_box_overlay_sync/gen_crop_fifo[0].ram_max_ptr[0]
[Debug] [2026-4-13 21:41:05] Channel Index 1 :	Data Port: 84	Channel name: u_box_overlay_sync/gen_crop_fifo[0].ram_max_ptr[1]
[Debug] [2026-4-13 21:41:05] Channel Index 2 :	Data Port: 85	Channel name: u_box_overlay_sync/gen_crop_fifo[0].ram_max_ptr[2]
[Debug] [2026-4-13 21:41:05] Channel Index 3 :	Data Port: 86	Channel name: u_box_overlay_sync/gen_crop_fifo[0].ram_max_ptr[3]
[Debug] [2026-4-13 21:41:05] Channel Index 4 :	Data Port: 87	Channel name: u_box_overlay_sync/gen_crop_fifo[0].ram_max_ptr[4]
[Debug] [2026-4-13 21:41:05] Channel Index 5 :	Data Port: 88	Channel name: u_box_overlay_sync/gen_crop_fifo[0].ram_max_ptr[5]
[Debug] [2026-4-13 21:41:05] Channel Index 6 :	Data Port: 89	Channel name: u_box_overlay_sync/gen_crop_fifo[0].ram_max_ptr[6]
[Debug] [2026-4-13 21:41:05] Channel Index 7 :	Data Port: 8a	Channel name: u_box_overlay_sync/gen_crop_fifo[0].ram_max_ptr[7]
[Debug] [2026-4-13 21:41:05] Bus 9 :
[Debug] [2026-4-13 21:41:05] 	u_box_overlay_sync/gen_crop_fifo[0].ram_rd_ptr
[Debug] [2026-4-13 21:41:05] Channel Index 0 :	Data Port: 8b	Channel name: u_box_overlay_sync/gen_crop_fifo[0].ram_rd_ptr[0]
[Debug] [2026-4-13 21:41:05] Channel Index 1 :	Data Port: 8c	Channel name: u_box_overlay_sync/gen_crop_fifo[0].ram_rd_ptr[1]
[Debug] [2026-4-13 21:41:05] Channel Index 2 :	Data Port: 8d	Channel name: u_box_overlay_sync/gen_crop_fifo[0].ram_rd_ptr[2]
[Debug] [2026-4-13 21:41:05] Channel Index 3 :	Data Port: 8e	Channel name: u_box_overlay_sync/gen_crop_fifo[0].ram_rd_ptr[3]
[Debug] [2026-4-13 21:41:05] Channel Index 4 :	Data Port: 8f	Channel name: u_box_overlay_sync/gen_crop_fifo[0].ram_rd_ptr[4]
[Debug] [2026-4-13 21:41:05] Channel Index 5 :	Data Port: 90	Channel name: u_box_overlay_sync/gen_crop_fifo[0].ram_rd_ptr[5]
[Debug] [2026-4-13 21:41:05] Channel Index 6 :	Data Port: 91	Channel name: u_box_overlay_sync/gen_crop_fifo[0].ram_rd_ptr[6]
[Debug] [2026-4-13 21:41:05] Channel Index 7 :	Data Port: 92	Channel name: u_box_overlay_sync/gen_crop_fifo[0].ram_rd_ptr[7]
[Debug] [2026-4-13 21:41:05] Bus a :
[Debug] [2026-4-13 21:41:05] 	u_box_overlay_sync/gen_crop_fifo[0].ram_rep_x[0]
[Debug] [2026-4-13 21:41:05] Channel Index 0 :	Data Port: 93	Channel name: u_box_overlay_sync/gen_crop_fifo[0].ram_rep_x[0][0]
[Debug] [2026-4-13 21:41:05] Channel Index 1 :	Data Port: 94	Channel name: u_box_overlay_sync/gen_crop_fifo[0].ram_rep_x[0][1]
[Debug] [2026-4-13 21:41:05] Channel Index 2 :	Data Port: 95	Channel name: u_box_overlay_sync/gen_crop_fifo[0].ram_rep_x[0][2]
[Debug] [2026-4-13 21:41:05] Bus b :
[Debug] [2026-4-13 21:41:05] 	u_box_overlay_sync/gen_crop_fifo[0].ram_wr_ptr
[Debug] [2026-4-13 21:41:05] Channel Index 0 :	Data Port: 96	Channel name: u_box_overlay_sync/gen_crop_fifo[0].ram_wr_ptr[0]
[Debug] [2026-4-13 21:41:05] Channel Index 1 :	Data Port: 97	Channel name: u_box_overlay_sync/gen_crop_fifo[0].ram_wr_ptr[1]
[Debug] [2026-4-13 21:41:05] Channel Index 2 :	Data Port: 98	Channel name: u_box_overlay_sync/gen_crop_fifo[0].ram_wr_ptr[2]
[Debug] [2026-4-13 21:41:05] Channel Index 3 :	Data Port: 99	Channel name: u_box_overlay_sync/gen_crop_fifo[0].ram_wr_ptr[3]
[Debug] [2026-4-13 21:41:05] Channel Index 4 :	Data Port: 9a	Channel name: u_box_overlay_sync/gen_crop_fifo[0].ram_wr_ptr[4]
[Debug] [2026-4-13 21:41:05] Channel Index 5 :	Data Port: 9b	Channel name: u_box_overlay_sync/gen_crop_fifo[0].ram_wr_ptr[5]
[Debug] [2026-4-13 21:41:05] Channel Index 6 :	Data Port: 9c	Channel name: u_box_overlay_sync/gen_crop_fifo[0].ram_wr_ptr[6]
[Debug] [2026-4-13 21:41:05] Channel Index 7 :	Data Port: 9d	Channel name: u_box_overlay_sync/gen_crop_fifo[0].ram_wr_ptr[7]
[Debug] [2026-4-13 21:41:05] Bus c :
[Debug] [2026-4-13 21:41:05] 	u_box_overlay_sync/gen_crop_fifo[0].rep_x
[Debug] [2026-4-13 21:41:05] Channel Index 0 :	Data Port: 9e	Channel name: u_box_overlay_sync/gen_crop_fifo[0].rep_x[0]
[Debug] [2026-4-13 21:41:05] Channel Index 1 :	Data Port: 9f	Channel name: u_box_overlay_sync/gen_crop_fifo[0].rep_x[1]
[Debug] [2026-4-13 21:41:05] Channel Index 2 :	Data Port: a0	Channel name: u_box_overlay_sync/gen_crop_fifo[0].rep_x[2]
[Debug] [2026-4-13 21:41:05] Bus d :
[Debug] [2026-4-13 21:41:05] 	u_box_overlay_sync/gen_crop_fifo[0].rep_y_reg
[Debug] [2026-4-13 21:41:05] Channel Index 0 :	Data Port: a1	Channel name: u_box_overlay_sync/gen_crop_fifo[0].rep_y_reg[0]
[Debug] [2026-4-13 21:41:05] Channel Index 1 :	Data Port: a2	Channel name: u_box_overlay_sync/gen_crop_fifo[0].rep_y_reg[1]
[Debug] [2026-4-13 21:41:05] Channel Index 2 :	Data Port: a3	Channel name: u_box_overlay_sync/gen_crop_fifo[0].rep_y_reg[2]
[Debug] [2026-4-13 21:41:05] Trigger Condition: 
[Debug] [2026-4-13 21:41:05] Trigger Condition 0 :
[Debug] [2026-4-13 21:41:05] 	Is active: true
[Debug] [2026-4-13 21:41:05] 	Name: TriggerCondition0
[Debug] [2026-4-13 21:41:05] 	Equation: TU0
[Debug] [2026-4-13 21:41:05] 	Output enable type: 0
[Debug] [2026-4-13 21:41:05] 	Trigger condition type: 0
[Debug] [2026-4-13 21:41:05] 	Use contiguous match event: false
[Debug] [2026-4-13 21:41:05] /**************************************************************/
[Warn] [2026-4-13 21:41:05] MsgOut: Core 0 is stopped by user
[Error] [2026-4-13 21:41:05] MsgOut: Debugger-0006: Command run exec unsuccessfully.
[Debug] [2026-4-13 21:41:12] Operation: Trigger.
[Debug] [2026-4-13 21:41:12] Log::Print : run
[Debug] [2026-4-13 21:41:12] Send RPC: e.
[Debug] [2026-4-13 21:41:12] Send cmd [run:2713] OK
[Debug] [2026-4-13 21:41:19] Operation: Stop trigger.
[Debug] [2026-4-13 21:41:19] Log::Print : stop
[Debug] [2026-4-13 21:41:19] Send RPC: f.
[Debug] [2026-4-13 21:41:19] Send cmd [stop:271a] OK
[Info] [2026-4-13 21:41:19] MsgOut: COMMAND[stop] execute successfully, takes 0.0 secs.
[Debug] [2026-4-13 21:41:19] COMMAND[stop] execute successfully, takes 0.0 secs.
[Error] [2026-4-13 21:41:20] Fail to exec trigger command.
[Warn] [2026-4-13 21:41:20] cmdid:2713 HandleWarnExec msg:Core 0 is stopped by user
[Debug] [2026-4-13 21:41:20] HandleErrorExec run Show Core:
[Debug] [2026-4-13 21:41:20] /******************** Core Information *************************/
[Debug] [2026-4-13 21:41:20] Core basic info: 
[Debug] [2026-4-13 21:41:20] 	Core version: 0x9001f003
[Debug] [2026-4-13 21:41:20] 	Index: 0
[Debug] [2026-4-13 21:41:20] 	Name: MyFLA0
[Debug] [2026-4-13 21:41:20] 	Core type: 
[Debug] [2026-4-13 21:41:20] 	Data same as trigger: true
[Debug] [2026-4-13 21:41:20] 	Storage qualification: false
[Debug] [2026-4-13 21:41:20] 	Max data depth: 200
[Debug] [2026-4-13 21:41:20] 	Sample data width: a4
[Debug] [2026-4-13 21:41:20] 	Trigger sequencer level: 1
[Debug] [2026-4-13 21:41:20] 	Trigger output enabled: false
[Debug] [2026-4-13 21:41:20] 	Multi windows enabled: false
[Debug] [2026-4-13 21:41:20] 	Reset wave property status: false
[Debug] [2026-4-13 21:41:20] Core Property: 
[Debug] [2026-4-13 21:41:20] 	Core version: 0x9001f003
[Debug] [2026-4-13 21:41:20] 	Index: 0
[Debug] [2026-4-13 21:41:20] 	Core type: 
[Debug] [2026-4-13 21:41:20] 	Data same as trigger: true
[Debug] [2026-4-13 21:41:20] 	Storage qualification: false
[Debug] [2026-4-13 21:41:20] 	Trigger output enabled: false
[Debug] [2026-4-13 21:41:20] 	Multi windows enabled: false
[Debug] [2026-4-13 21:41:20] 	Max data depth: 200
[Debug] [2026-4-13 21:41:20] 	Sample data width: a4
[Debug] [2026-4-13 21:41:20] 	Trigger sequencer level: 1
[Debug] [2026-4-13 21:41:20] 	Channel num		Match unit num		Match unit type		Counter width		Port is data
[Debug] [2026-4-13 21:41:20] 	Trigger port 0 : 	a4	1	1	0	true
[Debug] [2026-4-13 21:41:20] Signals Property: 
[Debug] [2026-4-13 21:41:20] 	Window num: 0
[Debug] [2026-4-13 21:41:20] 	Samples num in window: 0
[Debug] [2026-4-13 21:41:20] 	Trigger time in window: 0
[Debug] [2026-4-13 21:41:20] 	Samples num: 0
[Debug] [2026-4-13 21:41:20] 	Negative time: true
[Debug] [2026-4-13 21:41:20] 	Signal type: 0
[Debug] [2026-4-13 21:41:20] 	Total trigger position: 0
[Debug] [2026-4-13 21:41:20] Storage Style Property: 
[Debug] [2026-4-13 21:41:20] 	Style type: 0
[Debug] [2026-4-13 21:41:20] 	Windows num: 1
[Debug] [2026-4-13 21:41:20] 	Depth per window: 200
[Debug] [2026-4-13 21:41:20] 	Window position: 100
[Debug] [2026-4-13 21:41:20] 	Samples per trigger: 200
[Debug] [2026-4-13 21:41:20] 	Storage qualification: All Data
[Debug] [2026-4-13 21:41:20] Data Port: 
[Debug] [2026-4-13 21:41:20] 	Max depth: 0
[Debug] [2026-4-13 21:41:20] 	Depth: 0
[Debug] [2026-4-13 21:41:20] Trigger Port: 
[Debug] [2026-4-13 21:41:20] Trigger Port 0 :
[Debug] [2026-4-13 21:41:20] 	Port index: 0
[Debug] [2026-4-13 21:41:20] 	Match type: 1
[Debug] [2026-4-13 21:41:20] 	Counter width: 0
[Debug] [2026-4-13 21:41:20] 	Is data: true
[Debug] [2026-4-13 21:41:20] Match Unit: 
[Debug] [2026-4-13 21:41:20] Match Unit 0 :
[Debug] [2026-4-13 21:41:20] 	Trigger port index: 0
[Debug] [2026-4-13 21:41:20] 	Value: XXXXXXXXXXXXX1XXXXXXXXXXXXXXXXXXXXXXXXXXXXXXXXXXXXXXXXXXXXXXXXXXXXXXXXXXXXXXXXXXXXXXXXXXXXXXXXXXXXXXXXXXXXXXXXXXXXXXXXXXXXXXXXXXXXXXXXXXXXXXXXXXXXXXXXXXXXXXXXXXXXXX
[Debug] [2026-4-13 21:41:20] 	Index: 0
[Debug] [2026-4-13 21:41:20] 	Function: 0
[Debug] [2026-4-13 21:41:20] 	Radix: 
[Debug] [2026-4-13 21:41:20] 	Counter match event: 0
[Debug] [2026-4-13 21:41:20] 	Counter cycles: 1
[Debug] [2026-4-13 21:41:20] 	Trigger output enabled: true
[Debug] [2026-4-13 21:41:20] 	Range form : 00000000000000000000000000000000000000000000000000000000000000000000000000000000000000000000000000000000000000000000000000000000000000000000000000000000000000000000 to 00000000000000000000000000000000000000000000000000000000000000000000000000000000000000000000000000000000000000000000000000000000000000000000000000000000000000000000
[Debug] [2026-4-13 21:41:20] 	Is tp need deleted: false
[Debug] [2026-4-13 21:41:20] Bus: 
[Debug] [2026-4-13 21:41:20] Bus 0 :
[Debug] [2026-4-13 21:41:20] 	crop_wr_en_1
[Debug] [2026-4-13 21:41:20] Channel Index 0 :	Data Port: 0	Channel name: crop_wr_en_1[0]
[Debug] [2026-4-13 21:41:20] Channel Index 1 :	Data Port: 1	Channel name: crop_wr_en_1[1]
[Debug] [2026-4-13 21:41:20] Channel Index 2 :	Data Port: 2	Channel name: crop_wr_en_1[2]
[Debug] [2026-4-13 21:41:20] Channel Index 3 :	Data Port: 3	Channel name: crop_wr_en_1[3]
[Debug] [2026-4-13 21:41:20] Bus 1 :
[Debug] [2026-4-13 21:41:20] 	crop_rgb_out_1
[Debug] [2026-4-13 21:41:20] Channel Index 0 :	Data Port: 4	Channel name: crop_rgb_out_1[0]
[Debug] [2026-4-13 21:41:20] Channel Index 1 :	Data Port: 5	Channel name: crop_rgb_out_1[1]
[Debug] [2026-4-13 21:41:20] Channel Index 2 :	Data Port: 6	Channel name: crop_rgb_out_1[2]
[Debug] [2026-4-13 21:41:20] Channel Index 3 :	Data Port: 7	Channel name: crop_rgb_out_1[3]
[Debug] [2026-4-13 21:41:20] Channel Index 4 :	Data Port: 8	Channel name: crop_rgb_out_1[4]
[Debug] [2026-4-13 21:41:20] Channel Index 5 :	Data Port: 9	Channel name: crop_rgb_out_1[5]
[Debug] [2026-4-13 21:41:20] Channel Index 6 :	Data Port: a	Channel name: crop_rgb_out_1[6]
[Debug] [2026-4-13 21:41:20] Channel Index 7 :	Data Port: b	Channel name: crop_rgb_out_1[7]
[Debug] [2026-4-13 21:41:20] Channel Index 8 :	Data Port: c	Channel name: crop_rgb_out_1[8]
[Debug] [2026-4-13 21:41:20] Channel Index 9 :	Data Port: d	Channel name: crop_rgb_out_1[9]
[Debug] [2026-4-13 21:41:20] Channel Index a :	Data Port: e	Channel name: crop_rgb_out_1[10]
[Debug] [2026-4-13 21:41:20] Channel Index b :	Data Port: f	Channel name: crop_rgb_out_1[11]
[Debug] [2026-4-13 21:41:20] Channel Index c :	Data Port: 10	Channel name: crop_rgb_out_1[12]
[Debug] [2026-4-13 21:41:20] Channel Index d :	Data Port: 11	Channel name: crop_rgb_out_1[13]
[Debug] [2026-4-13 21:41:20] Channel Index e :	Data Port: 12	Channel name: crop_rgb_out_1[14]
[Debug] [2026-4-13 21:41:20] Channel Index f :	Data Port: 13	Channel name: crop_rgb_out_1[15]
[Debug] [2026-4-13 21:41:20] Channel Index 10 :	Data Port: 14	Channel name: crop_rgb_out_1[16]
[Debug] [2026-4-13 21:41:20] Channel Index 11 :	Data Port: 15	Channel name: crop_rgb_out_1[17]
[Debug] [2026-4-13 21:41:20] Channel Index 12 :	Data Port: 16	Channel name: crop_rgb_out_1[18]
[Debug] [2026-4-13 21:41:20] Channel Index 13 :	Data Port: 17	Channel name: crop_rgb_out_1[19]
[Debug] [2026-4-13 21:41:20] Channel Index 14 :	Data Port: 18	Channel name: crop_rgb_out_1[20]
[Debug] [2026-4-13 21:41:20] Channel Index 15 :	Data Port: 19	Channel name: crop_rgb_out_1[21]
[Debug] [2026-4-13 21:41:20] Channel Index 16 :	Data Port: 1a	Channel name: crop_rgb_out_1[22]
[Debug] [2026-4-13 21:41:20] Channel Index 17 :	Data Port: 1b	Channel name: crop_rgb_out_1[23]
[Debug] [2026-4-13 21:41:20] Channel Index 18 :	Data Port: 1c	Channel name: crop_rgb_out_1[24]
[Debug] [2026-4-13 21:41:20] Channel Index 19 :	Data Port: 1d	Channel name: crop_rgb_out_1[25]
[Debug] [2026-4-13 21:41:20] Channel Index 1a :	Data Port: 1e	Channel name: crop_rgb_out_1[26]
[Debug] [2026-4-13 21:41:20] Channel Index 1b :	Data Port: 1f	Channel name: crop_rgb_out_1[27]
[Debug] [2026-4-13 21:41:20] Channel Index 1c :	Data Port: 20	Channel name: crop_rgb_out_1[28]
[Debug] [2026-4-13 21:41:20] Channel Index 1d :	Data Port: 21	Channel name: crop_rgb_out_1[29]
[Debug] [2026-4-13 21:41:20] Channel Index 1e :	Data Port: 22	Channel name: crop_rgb_out_1[30]
[Debug] [2026-4-13 21:41:20] Channel Index 1f :	Data Port: 23	Channel name: crop_rgb_out_1[31]
[Debug] [2026-4-13 21:41:20] Channel Index 20 :	Data Port: 24	Channel name: crop_rgb_out_1[32]
[Debug] [2026-4-13 21:41:20] Channel Index 21 :	Data Port: 25	Channel name: crop_rgb_out_1[33]
[Debug] [2026-4-13 21:41:20] Channel Index 22 :	Data Port: 26	Channel name: crop_rgb_out_1[34]
[Debug] [2026-4-13 21:41:20] Channel Index 23 :	Data Port: 27	Channel name: crop_rgb_out_1[35]
[Debug] [2026-4-13 21:41:20] Channel Index 24 :	Data Port: 28	Channel name: crop_rgb_out_1[36]
[Debug] [2026-4-13 21:41:20] Channel Index 25 :	Data Port: 29	Channel name: crop_rgb_out_1[37]
[Debug] [2026-4-13 21:41:20] Channel Index 26 :	Data Port: 2a	Channel name: crop_rgb_out_1[38]
[Debug] [2026-4-13 21:41:20] Channel Index 27 :	Data Port: 2b	Channel name: crop_rgb_out_1[39]
[Debug] [2026-4-13 21:41:20] Channel Index 28 :	Data Port: 2c	Channel name: crop_rgb_out_1[40]
[Debug] [2026-4-13 21:41:20] Channel Index 29 :	Data Port: 2d	Channel name: crop_rgb_out_1[41]
[Debug] [2026-4-13 21:41:20] Channel Index 2a :	Data Port: 2e	Channel name: crop_rgb_out_1[42]
[Debug] [2026-4-13 21:41:20] Channel Index 2b :	Data Port: 2f	Channel name: crop_rgb_out_1[43]
[Debug] [2026-4-13 21:41:20] Channel Index 2c :	Data Port: 30	Channel name: crop_rgb_out_1[44]
[Debug] [2026-4-13 21:41:20] Channel Index 2d :	Data Port: 31	Channel name: crop_rgb_out_1[45]
[Debug] [2026-4-13 21:41:20] Channel Index 2e :	Data Port: 32	Channel name: crop_rgb_out_1[46]
[Debug] [2026-4-13 21:41:20] Channel Index 2f :	Data Port: 33	Channel name: crop_rgb_out_1[47]
[Debug] [2026-4-13 21:41:20] Channel Index 30 :	Data Port: 34	Channel name: crop_rgb_out_1[48]
[Debug] [2026-4-13 21:41:20] Channel Index 31 :	Data Port: 35	Channel name: crop_rgb_out_1[49]
[Debug] [2026-4-13 21:41:20] Channel Index 32 :	Data Port: 36	Channel name: crop_rgb_out_1[50]
[Debug] [2026-4-13 21:41:20] Channel Index 33 :	Data Port: 37	Channel name: crop_rgb_out_1[51]
[Debug] [2026-4-13 21:41:20] Channel Index 34 :	Data Port: 38	Channel name: crop_rgb_out_1[52]
[Debug] [2026-4-13 21:41:20] Channel Index 35 :	Data Port: 39	Channel name: crop_rgb_out_1[53]
[Debug] [2026-4-13 21:41:20] Channel Index 36 :	Data Port: 3a	Channel name: crop_rgb_out_1[54]
[Debug] [2026-4-13 21:41:20] Channel Index 37 :	Data Port: 3b	Channel name: crop_rgb_out_1[55]
[Debug] [2026-4-13 21:41:20] Channel Index 38 :	Data Port: 3c	Channel name: crop_rgb_out_1[56]
[Debug] [2026-4-13 21:41:20] Channel Index 39 :	Data Port: 3d	Channel name: crop_rgb_out_1[57]
[Debug] [2026-4-13 21:41:20] Channel Index 3a :	Data Port: 3e	Channel name: crop_rgb_out_1[58]
[Debug] [2026-4-13 21:41:20] Channel Index 3b :	Data Port: 3f	Channel name: crop_rgb_out_1[59]
[Debug] [2026-4-13 21:41:20] Channel Index 3c :	Data Port: 40	Channel name: crop_rgb_out_1[60]
[Debug] [2026-4-13 21:41:20] Channel Index 3d :	Data Port: 41	Channel name: crop_rgb_out_1[61]
[Debug] [2026-4-13 21:41:20] Channel Index 3e :	Data Port: 42	Channel name: crop_rgb_out_1[62]
[Debug] [2026-4-13 21:41:20] Channel Index 3f :	Data Port: 43	Channel name: crop_rgb_out_1[63]
[Debug] [2026-4-13 21:41:20] Channel Index 40 :	Data Port: 44	Channel name: crop_rgb_out_1[64]
[Debug] [2026-4-13 21:41:20] Channel Index 41 :	Data Port: 45	Channel name: crop_rgb_out_1[65]
[Debug] [2026-4-13 21:41:20] Channel Index 42 :	Data Port: 46	Channel name: crop_rgb_out_1[66]
[Debug] [2026-4-13 21:41:20] Channel Index 43 :	Data Port: 47	Channel name: crop_rgb_out_1[67]
[Debug] [2026-4-13 21:41:20] Channel Index 44 :	Data Port: 48	Channel name: crop_rgb_out_1[68]
[Debug] [2026-4-13 21:41:20] Channel Index 45 :	Data Port: 49	Channel name: crop_rgb_out_1[69]
[Debug] [2026-4-13 21:41:20] Channel Index 46 :	Data Port: 4a	Channel name: crop_rgb_out_1[70]
[Debug] [2026-4-13 21:41:20] Channel Index 47 :	Data Port: 4b	Channel name: crop_rgb_out_1[71]
[Debug] [2026-4-13 21:41:20] Channel Index 48 :	Data Port: 4c	Channel name: crop_rgb_out_1[72]
[Debug] [2026-4-13 21:41:20] Channel Index 49 :	Data Port: 4d	Channel name: crop_rgb_out_1[73]
[Debug] [2026-4-13 21:41:20] Channel Index 4a :	Data Port: 4e	Channel name: crop_rgb_out_1[74]
[Debug] [2026-4-13 21:41:20] Channel Index 4b :	Data Port: 4f	Channel name: crop_rgb_out_1[75]
[Debug] [2026-4-13 21:41:20] Channel Index 4c :	Data Port: 50	Channel name: crop_rgb_out_1[76]
[Debug] [2026-4-13 21:41:20] Channel Index 4d :	Data Port: 51	Channel name: crop_rgb_out_1[77]
[Debug] [2026-4-13 21:41:20] Channel Index 4e :	Data Port: 52	Channel name: crop_rgb_out_1[78]
[Debug] [2026-4-13 21:41:20] Channel Index 4f :	Data Port: 53	Channel name: crop_rgb_out_1[79]
[Debug] [2026-4-13 21:41:20] Channel Index 50 :	Data Port: 54	Channel name: crop_rgb_out_1[80]
[Debug] [2026-4-13 21:41:20] Channel Index 51 :	Data Port: 55	Channel name: crop_rgb_out_1[81]
[Debug] [2026-4-13 21:41:20] Channel Index 52 :	Data Port: 56	Channel name: crop_rgb_out_1[82]
[Debug] [2026-4-13 21:41:20] Channel Index 53 :	Data Port: 57	Channel name: crop_rgb_out_1[83]
[Debug] [2026-4-13 21:41:20] Channel Index 54 :	Data Port: 58	Channel name: crop_rgb_out_1[84]
[Debug] [2026-4-13 21:41:20] Channel Index 55 :	Data Port: 59	Channel name: crop_rgb_out_1[85]
[Debug] [2026-4-13 21:41:20] Channel Index 56 :	Data Port: 5a	Channel name: crop_rgb_out_1[86]
[Debug] [2026-4-13 21:41:20] Channel Index 57 :	Data Port: 5b	Channel name: crop_rgb_out_1[87]
[Debug] [2026-4-13 21:41:20] Channel Index 58 :	Data Port: 5c	Channel name: crop_rgb_out_1[88]
[Debug] [2026-4-13 21:41:20] Channel Index 59 :	Data Port: 5d	Channel name: crop_rgb_out_1[89]
[Debug] [2026-4-13 21:41:20] Channel Index 5a :	Data Port: 5e	Channel name: crop_rgb_out_1[90]
[Debug] [2026-4-13 21:41:20] Channel Index 5b :	Data Port: 5f	Channel name: crop_rgb_out_1[91]
[Debug] [2026-4-13 21:41:20] Channel Index 5c :	Data Port: 60	Channel name: crop_rgb_out_1[92]
[Debug] [2026-4-13 21:41:20] Channel Index 5d :	Data Port: 61	Channel name: crop_rgb_out_1[93]
[Debug] [2026-4-13 21:41:20] Channel Index 5e :	Data Port: 62	Channel name: crop_rgb_out_1[94]
[Debug] [2026-4-13 21:41:20] Channel Index 5f :	Data Port: 63	Channel name: crop_rgb_out_1[95]
[Debug] [2026-4-13 21:41:20] Bus 2 :
[Debug] [2026-4-13 21:41:20] 	end_crop_wr_1
[Debug] [2026-4-13 21:41:20] Channel Index 0 :	Data Port: 64	Channel name: end_crop_wr_1[0]
[Debug] [2026-4-13 21:41:20] Channel Index 1 :	Data Port: 65	Channel name: end_crop_wr_1[1]
[Debug] [2026-4-13 21:41:20] Channel Index 2 :	Data Port: 66	Channel name: end_crop_wr_1[2]
[Debug] [2026-4-13 21:41:20] Channel Index 3 :	Data Port: 67	Channel name: end_crop_wr_1[3]
[Debug] [2026-4-13 21:41:20] Bus 3 :
[Debug] [2026-4-13 21:41:20] 	start_crop_wr_1
[Debug] [2026-4-13 21:41:20] Channel Index 0 :	Data Port: 68	Channel name: start_crop_wr_1[0]
[Debug] [2026-4-13 21:41:20] Channel Index 1 :	Data Port: 69	Channel name: start_crop_wr_1[1]
[Debug] [2026-4-13 21:41:20] Channel Index 2 :	Data Port: 6a	Channel name: start_crop_wr_1[2]
[Debug] [2026-4-13 21:41:20] Channel Index 3 :	Data Port: 6b	Channel name: start_crop_wr_1[3]
[Debug] [2026-4-13 21:41:20] Bus 4 :
[Debug] [2026-4-13 21:41:20] 	u_box_overlay_sync/gen_crop_fifo[0].cur_rep_x
[Debug] [2026-4-13 21:41:20] Channel Index 0 :	Data Port: 6c	Channel name: u_box_overlay_sync/gen_crop_fifo[0].cur_rep_x[0]
[Debug] [2026-4-13 21:41:20] Channel Index 1 :	Data Port: 6d	Channel name: u_box_overlay_sync/gen_crop_fifo[0].cur_rep_x[1]
[Debug] [2026-4-13 21:41:20] Channel Index 2 :	Data Port: 6e	Channel name: u_box_overlay_sync/gen_crop_fifo[0].cur_rep_x[2]
[Debug] [2026-4-13 21:41:20] Bus 5 :
[Debug] [2026-4-13 21:41:20] 	u_box_overlay_sync/gen_crop_fifo[0].cur_rep_y
[Debug] [2026-4-13 21:41:20] Channel Index 0 :	Data Port: 6f	Channel name: u_box_overlay_sync/gen_crop_fifo[0].cur_rep_y[0]
[Debug] [2026-4-13 21:41:20] Channel Index 1 :	Data Port: 70	Channel name: u_box_overlay_sync/gen_crop_fifo[0].cur_rep_y[1]
[Debug] [2026-4-13 21:41:20] Channel Index 2 :	Data Port: 71	Channel name: u_box_overlay_sync/gen_crop_fifo[0].cur_rep_y[2]
[Debug] [2026-4-13 21:41:20] Bus 6 :
[Debug] [2026-4-13 21:41:20] 	u_box_overlay_sync/gen_crop_fifo[0].nxt_x
[Debug] [2026-4-13 21:41:20] Channel Index 0 :	Data Port: 72	Channel name: u_box_overlay_sync/gen_crop_fifo[0].nxt_x[0]
[Debug] [2026-4-13 21:41:20] Channel Index 1 :	Data Port: 73	Channel name: u_box_overlay_sync/gen_crop_fifo[0].nxt_x[1]
[Debug] [2026-4-13 21:41:20] Channel Index 2 :	Data Port: 74	Channel name: u_box_overlay_sync/gen_crop_fifo[0].nxt_x[2]
[Debug] [2026-4-13 21:41:20] Channel Index 3 :	Data Port: 75	Channel name: u_box_overlay_sync/gen_crop_fifo[0].nxt_x[3]
[Debug] [2026-4-13 21:41:20] Channel Index 4 :	Data Port: 76	Channel name: u_box_overlay_sync/gen_crop_fifo[0].nxt_x[4]
[Debug] [2026-4-13 21:41:20] Channel Index 5 :	Data Port: 77	Channel name: u_box_overlay_sync/gen_crop_fifo[0].nxt_x[5]
[Debug] [2026-4-13 21:41:20] Channel Index 6 :	Data Port: 78	Channel name: u_box_overlay_sync/gen_crop_fifo[0].nxt_x[6]
[Debug] [2026-4-13 21:41:20] Channel Index 7 :	Data Port: 79	Channel name: u_box_overlay_sync/gen_crop_fifo[0].nxt_x[7]
[Debug] [2026-4-13 21:41:20] Channel Index 8 :	Data Port: 7a	Channel name: u_box_overlay_sync/gen_crop_fifo[0].nxt_x[8]
[Debug] [2026-4-13 21:41:20] Channel Index 9 :	Data Port: 7b	Channel name: u_box_overlay_sync/gen_crop_fifo[0].nxt_x[9]
[Debug] [2026-4-13 21:41:20] Channel Index a :	Data Port: 7c	Channel name: u_box_overlay_sync/gen_crop_fifo[0].nxt_x[10]
[Debug] [2026-4-13 21:41:20] Channel Index b :	Data Port: 7d	Channel name: u_box_overlay_sync/gen_crop_fifo[0].nxt_x[11]
[Debug] [2026-4-13 21:41:20] Channel Index c :	Data Port: 7e	Channel name: u_box_overlay_sync/gen_crop_fifo[0].nxt_x[12]
[Debug] [2026-4-13 21:41:20] Channel Index d :	Data Port: 7f	Channel name: u_box_overlay_sync/gen_crop_fifo[0].nxt_x[13]
[Debug] [2026-4-13 21:41:20] Channel Index e :	Data Port: 80	Channel name: u_box_overlay_sync/gen_crop_fifo[0].nxt_x[14]
[Debug] [2026-4-13 21:41:20] Bus 7 :
[Debug] [2026-4-13 21:41:20] 	u_box_overlay_sync/gen_crop_fifo[0].nxt_y
[Debug] [2026-4-13 21:41:20] Channel Index 0 :	Data Port: 81	Channel name: u_box_overlay_sync/gen_crop_fifo[0].nxt_y[0]
[Debug] [2026-4-13 21:41:20] Channel Index 1 :	Data Port: 82	Channel name: u_box_overlay_sync/gen_crop_fifo[0].nxt_y[1]
[Debug] [2026-4-13 21:41:20] Bus 8 :
[Debug] [2026-4-13 21:41:20] 	u_box_overlay_sync/gen_crop_fifo[0].ram_max_ptr
[Debug] [2026-4-13 21:41:20] Channel Index 0 :	Data Port: 83	Channel name: u_box_overlay_sync/gen_crop_fifo[0].ram_max_ptr[0]
[Debug] [2026-4-13 21:41:20] Channel Index 1 :	Data Port: 84	Channel name: u_box_overlay_sync/gen_crop_fifo[0].ram_max_ptr[1]
[Debug] [2026-4-13 21:41:20] Channel Index 2 :	Data Port: 85	Channel name: u_box_overlay_sync/gen_crop_fifo[0].ram_max_ptr[2]
[Debug] [2026-4-13 21:41:20] Channel Index 3 :	Data Port: 86	Channel name: u_box_overlay_sync/gen_crop_fifo[0].ram_max_ptr[3]
[Debug] [2026-4-13 21:41:20] Channel Index 4 :	Data Port: 87	Channel name: u_box_overlay_sync/gen_crop_fifo[0].ram_max_ptr[4]
[Debug] [2026-4-13 21:41:20] Channel Index 5 :	Data Port: 88	Channel name: u_box_overlay_sync/gen_crop_fifo[0].ram_max_ptr[5]
[Debug] [2026-4-13 21:41:20] Channel Index 6 :	Data Port: 89	Channel name: u_box_overlay_sync/gen_crop_fifo[0].ram_max_ptr[6]
[Debug] [2026-4-13 21:41:20] Channel Index 7 :	Data Port: 8a	Channel name: u_box_overlay_sync/gen_crop_fifo[0].ram_max_ptr[7]
[Debug] [2026-4-13 21:41:20] Bus 9 :
[Debug] [2026-4-13 21:41:20] 	u_box_overlay_sync/gen_crop_fifo[0].ram_rd_ptr
[Debug] [2026-4-13 21:41:20] Channel Index 0 :	Data Port: 8b	Channel name: u_box_overlay_sync/gen_crop_fifo[0].ram_rd_ptr[0]
[Debug] [2026-4-13 21:41:20] Channel Index 1 :	Data Port: 8c	Channel name: u_box_overlay_sync/gen_crop_fifo[0].ram_rd_ptr[1]
[Debug] [2026-4-13 21:41:20] Channel Index 2 :	Data Port: 8d	Channel name: u_box_overlay_sync/gen_crop_fifo[0].ram_rd_ptr[2]
[Debug] [2026-4-13 21:41:20] Channel Index 3 :	Data Port: 8e	Channel name: u_box_overlay_sync/gen_crop_fifo[0].ram_rd_ptr[3]
[Debug] [2026-4-13 21:41:20] Channel Index 4 :	Data Port: 8f	Channel name: u_box_overlay_sync/gen_crop_fifo[0].ram_rd_ptr[4]
[Debug] [2026-4-13 21:41:20] Channel Index 5 :	Data Port: 90	Channel name: u_box_overlay_sync/gen_crop_fifo[0].ram_rd_ptr[5]
[Debug] [2026-4-13 21:41:20] Channel Index 6 :	Data Port: 91	Channel name: u_box_overlay_sync/gen_crop_fifo[0].ram_rd_ptr[6]
[Debug] [2026-4-13 21:41:20] Channel Index 7 :	Data Port: 92	Channel name: u_box_overlay_sync/gen_crop_fifo[0].ram_rd_ptr[7]
[Debug] [2026-4-13 21:41:20] Bus a :
[Debug] [2026-4-13 21:41:20] 	u_box_overlay_sync/gen_crop_fifo[0].ram_rep_x[0]
[Debug] [2026-4-13 21:41:20] Channel Index 0 :	Data Port: 93	Channel name: u_box_overlay_sync/gen_crop_fifo[0].ram_rep_x[0][0]
[Debug] [2026-4-13 21:41:20] Channel Index 1 :	Data Port: 94	Channel name: u_box_overlay_sync/gen_crop_fifo[0].ram_rep_x[0][1]
[Debug] [2026-4-13 21:41:20] Channel Index 2 :	Data Port: 95	Channel name: u_box_overlay_sync/gen_crop_fifo[0].ram_rep_x[0][2]
[Debug] [2026-4-13 21:41:20] Bus b :
[Debug] [2026-4-13 21:41:20] 	u_box_overlay_sync/gen_crop_fifo[0].ram_wr_ptr
[Debug] [2026-4-13 21:41:20] Channel Index 0 :	Data Port: 96	Channel name: u_box_overlay_sync/gen_crop_fifo[0].ram_wr_ptr[0]
[Debug] [2026-4-13 21:41:20] Channel Index 1 :	Data Port: 97	Channel name: u_box_overlay_sync/gen_crop_fifo[0].ram_wr_ptr[1]
[Debug] [2026-4-13 21:41:20] Channel Index 2 :	Data Port: 98	Channel name: u_box_overlay_sync/gen_crop_fifo[0].ram_wr_ptr[2]
[Debug] [2026-4-13 21:41:20] Channel Index 3 :	Data Port: 99	Channel name: u_box_overlay_sync/gen_crop_fifo[0].ram_wr_ptr[3]
[Debug] [2026-4-13 21:41:20] Channel Index 4 :	Data Port: 9a	Channel name: u_box_overlay_sync/gen_crop_fifo[0].ram_wr_ptr[4]
[Debug] [2026-4-13 21:41:20] Channel Index 5 :	Data Port: 9b	Channel name: u_box_overlay_sync/gen_crop_fifo[0].ram_wr_ptr[5]
[Debug] [2026-4-13 21:41:20] Channel Index 6 :	Data Port: 9c	Channel name: u_box_overlay_sync/gen_crop_fifo[0].ram_wr_ptr[6]
[Debug] [2026-4-13 21:41:20] Channel Index 7 :	Data Port: 9d	Channel name: u_box_overlay_sync/gen_crop_fifo[0].ram_wr_ptr[7]
[Debug] [2026-4-13 21:41:20] Bus c :
[Debug] [2026-4-13 21:41:20] 	u_box_overlay_sync/gen_crop_fifo[0].rep_x
[Debug] [2026-4-13 21:41:20] Channel Index 0 :	Data Port: 9e	Channel name: u_box_overlay_sync/gen_crop_fifo[0].rep_x[0]
[Debug] [2026-4-13 21:41:20] Channel Index 1 :	Data Port: 9f	Channel name: u_box_overlay_sync/gen_crop_fifo[0].rep_x[1]
[Debug] [2026-4-13 21:41:20] Channel Index 2 :	Data Port: a0	Channel name: u_box_overlay_sync/gen_crop_fifo[0].rep_x[2]
[Debug] [2026-4-13 21:41:20] Bus d :
[Debug] [2026-4-13 21:41:20] 	u_box_overlay_sync/gen_crop_fifo[0].rep_y_reg
[Debug] [2026-4-13 21:41:20] Channel Index 0 :	Data Port: a1	Channel name: u_box_overlay_sync/gen_crop_fifo[0].rep_y_reg[0]
[Debug] [2026-4-13 21:41:20] Channel Index 1 :	Data Port: a2	Channel name: u_box_overlay_sync/gen_crop_fifo[0].rep_y_reg[1]
[Debug] [2026-4-13 21:41:20] Channel Index 2 :	Data Port: a3	Channel name: u_box_overlay_sync/gen_crop_fifo[0].rep_y_reg[2]
[Debug] [2026-4-13 21:41:20] Trigger Condition: 
[Debug] [2026-4-13 21:41:20] Trigger Condition 0 :
[Debug] [2026-4-13 21:41:20] 	Is active: true
[Debug] [2026-4-13 21:41:20] 	Name: TriggerCondition0
[Debug] [2026-4-13 21:41:20] 	Equation: TU0
[Debug] [2026-4-13 21:41:20] 	Output enable type: 0
[Debug] [2026-4-13 21:41:20] 	Trigger condition type: 0
[Debug] [2026-4-13 21:41:20] 	Use contiguous match event: false
[Debug] [2026-4-13 21:41:20] /**************************************************************/
[Warn] [2026-4-13 21:41:20] MsgOut: Core 0 is stopped by user
[Error] [2026-4-13 21:41:20] MsgOut: Debugger-0006: Command run exec unsuccessfully.
[Debug] [2026-4-13 21:41:25] Operation: Trigger.
[Debug] [2026-4-13 21:41:25] Log::Print : run
[Debug] [2026-4-13 21:41:25] Send RPC: 10.
[Debug] [2026-4-13 21:41:25] Send cmd [run:2713] OK
[Info] [2026-4-13 21:41:25] MsgOut: Core 0 trigger successful at Mon Apr 13 21:41:25 2026
[Debug] [2026-4-13 21:41:26] Operation: ZoomFit
[Debug] [2026-4-13 21:41:26] Finish.
[Debug] [2026-4-13 21:41:26] [BusValue] Opt:Flush.
[Debug] [2026-4-13 21:41:26] [BusValue] Opt:Update.
[Info] [2026-4-13 21:41:26] MsgOut: COMMAND[run] execute successfully, takes 1.1 secs.
[Debug] [2026-4-13 21:41:26] COMMAND[run] execute successfully, takes 1.1 secs.
[Debug] [2026-4-13 21:41:33] Operation: Zoom in.
[Debug] [2026-4-13 21:41:33] Finish.
[Debug] [2026-4-13 21:41:33] Operation: Zoom in.
[Debug] [2026-4-13 21:41:33] Finish.
[Debug] [2026-4-13 21:41:33] Operation: Zoom in.
[Debug] [2026-4-13 21:41:33] Finish.
[Debug] [2026-4-13 21:41:33] Operation: Zoom in.
[Debug] [2026-4-13 21:41:33] Finish.
[Debug] [2026-4-13 21:41:33] Operation: Zoom in.
[Debug] [2026-4-13 21:41:33] Finish.
[Debug] [2026-4-13 21:41:34] Operation: ZoomOut
[Debug] [2026-4-13 21:41:34] Finish.
[Debug] [2026-4-13 21:41:35] Operation: ZoomOut
[Debug] [2026-4-13 21:41:35] Finish.
[Debug] [2026-4-13 21:41:35] Operation: Zoom in.
[Debug] [2026-4-13 21:41:35] Finish.
[Debug] [2026-4-13 21:41:40] Operation: Zoom in.
[Debug] [2026-4-13 21:41:40] Finish.
[Debug] [2026-4-13 21:41:40] Operation: Zoom in.
[Debug] [2026-4-13 21:41:40] Finish.
[Debug] [2026-4-13 21:41:40] Operation: Zoom in.
[Debug] [2026-4-13 21:41:40] Finish.
[Debug] [2026-4-13 21:41:47] Operation: ZoomOut
[Debug] [2026-4-13 21:41:47] Finish.
[Debug] [2026-4-13 21:41:47] Operation: ZoomOut
[Debug] [2026-4-13 21:41:47] Finish.
[Debug] [2026-4-13 21:41:48] Operation: ZoomOut
[Debug] [2026-4-13 21:41:48] Finish.
[Debug] [2026-4-13 21:41:48] Operation: ZoomOut
[Debug] [2026-4-13 21:41:48] Finish.
[Debug] [2026-4-13 21:41:52] Operation: Zoom in.
[Debug] [2026-4-13 21:41:52] Finish.
[Debug] [2026-4-13 21:41:52] Operation: Zoom in.
[Debug] [2026-4-13 21:41:52] Finish.
[Debug] [2026-4-13 21:42:00] Operation: Trigger.
[Debug] [2026-4-13 21:42:00] Log::Print : run
[Debug] [2026-4-13 21:42:00] Send RPC: 11.
[Debug] [2026-4-13 21:42:00] Send cmd [run:2713] OK
[Info] [2026-4-13 21:42:01] MsgOut: Core 0 trigger successful at Mon Apr 13 21:42:01 2026
[Debug] [2026-4-13 21:42:01] Operation: ZoomFit
[Debug] [2026-4-13 21:42:01] Finish.
[Debug] [2026-4-13 21:42:01] [BusValue] Opt:Flush.
[Debug] [2026-4-13 21:42:01] [BusValue] Opt:Update.
[Info] [2026-4-13 21:42:01] MsgOut: COMMAND[run] execute successfully, takes 1.1 secs.
[Debug] [2026-4-13 21:42:01] COMMAND[run] execute successfully, takes 1.1 secs.
[Debug] [2026-4-13 21:42:03] Operation: ZoomOut
[Debug] [2026-4-13 21:42:03] Finish.
[Debug] [2026-4-13 21:42:03] Operation: ZoomOut
[Debug] [2026-4-13 21:42:03] Finish.
[Debug] [2026-4-13 21:42:03] Operation: ZoomOut
[Debug] [2026-4-13 21:42:03] Finish.
[Debug] [2026-4-13 21:42:03] Operation: ZoomOut
[Debug] [2026-4-13 21:42:03] Finish.
[Debug] [2026-4-13 21:42:03] Operation: ZoomOut
[Debug] [2026-4-13 21:42:03] Finish.
[Debug] [2026-4-13 21:42:03] Operation: ZoomOut
[Debug] [2026-4-13 21:42:03] Operation: ZoomOut
[Debug] [2026-4-13 21:42:04] Operation: Zoom in.
[Debug] [2026-4-13 21:42:04] Finish.
[Debug] [2026-4-13 21:42:04] Operation: Zoom in.
[Debug] [2026-4-13 21:42:04] Finish.
[Debug] [2026-4-13 21:42:05] Operation: Zoom in.
[Debug] [2026-4-13 21:42:05] Finish.
[Debug] [2026-4-13 21:42:05] Operation: Zoom in.
[Debug] [2026-4-13 21:42:05] Finish.
[Debug] [2026-4-13 21:42:06] Operation: Zoom in.
[Debug] [2026-4-13 21:42:06] Finish.
[Debug] [2026-4-13 21:42:07] Operation: Zoom in.
[Debug] [2026-4-13 21:42:07] Finish.
[Debug] [2026-4-13 21:42:15] Operation: ZoomOut
[Debug] [2026-4-13 21:42:15] Finish.
[Debug] [2026-4-13 21:42:15] Operation: ZoomOut
[Debug] [2026-4-13 21:42:15] Finish.
[Debug] [2026-4-13 21:42:15] Operation: ZoomOut
[Debug] [2026-4-13 21:42:15] Finish.
[Debug] [2026-4-13 21:42:15] Operation: ZoomOut
[Debug] [2026-4-13 21:42:15] Finish.
[Debug] [2026-4-13 21:42:16] Operation: ZoomOut
[Debug] [2026-4-13 21:42:16] Finish.
[Debug] [2026-4-13 21:42:16] Operation: ZoomOut
[Debug] [2026-4-13 21:42:16] Finish.
[Debug] [2026-4-13 21:42:21] Operation: Trigger.
[Debug] [2026-4-13 21:42:21] Log::Print : run
[Debug] [2026-4-13 21:42:21] Send RPC: 12.
[Debug] [2026-4-13 21:42:21] Send cmd [run:2713] OK
[Info] [2026-4-13 21:42:22] MsgOut: Core 0 trigger successful at Mon Apr 13 21:42:22 2026
[Debug] [2026-4-13 21:42:22] Operation: ZoomFit
[Debug] [2026-4-13 21:42:22] Finish.
[Debug] [2026-4-13 21:42:22] [BusValue] Opt:Flush.
[Debug] [2026-4-13 21:42:22] [BusValue] Opt:Update.
[Info] [2026-4-13 21:42:22] MsgOut: COMMAND[run] execute successfully, takes 1.1 secs.
[Debug] [2026-4-13 21:42:22] COMMAND[run] execute successfully, takes 1.1 secs.
[Debug] [2026-4-13 21:42:24] Operation: Zoom in.
[Debug] [2026-4-13 21:42:25] Finish.
[Debug] [2026-4-13 21:42:25] Operation: ZoomOut
[Debug] [2026-4-13 21:42:25] Finish.
[Debug] [2026-4-13 21:42:26] Operation: ZoomOut
[Debug] [2026-4-13 21:42:27] Operation: Zoom in.
[Debug] [2026-4-13 21:42:27] Finish.
[Debug] [2026-4-13 21:42:27] Operation: Zoom in.
[Debug] [2026-4-13 21:42:27] Finish.
[Debug] [2026-4-13 21:42:27] Operation: Zoom in.
[Debug] [2026-4-13 21:42:27] Finish.
[Debug] [2026-4-13 21:42:28] Operation: Zoom in.
[Debug] [2026-4-13 21:42:28] Finish.
[Debug] [2026-4-13 21:42:28] Operation: ZoomOut
[Debug] [2026-4-13 21:42:28] Finish.
[Debug] [2026-4-13 21:42:28] Operation: ZoomOut
[Debug] [2026-4-13 21:42:28] Finish.
[Debug] [2026-4-13 21:42:28] Operation: ZoomOut
[Debug] [2026-4-13 21:42:28] Finish.
[Debug] [2026-4-13 21:42:29] Operation: ZoomOut
[Debug] [2026-4-13 21:42:29] Finish.
[Debug] [2026-4-13 21:42:29] Operation: ZoomOut
[Debug] [2026-4-13 21:42:37] Operation: Zoom in.
[Debug] [2026-4-13 21:42:37] Finish.
[Debug] [2026-4-13 21:42:37] Operation: Zoom in.
[Debug] [2026-4-13 21:42:37] Finish.
[Debug] [2026-4-13 21:42:37] Operation: Zoom in.
[Debug] [2026-4-13 21:42:37] Finish.
[Debug] [2026-4-13 21:42:37] Operation: Zoom in.
[Debug] [2026-4-13 21:42:37] Finish.
[Debug] [2026-4-13 21:42:38] Operation: Zoom in.
[Debug] [2026-4-13 21:42:38] Finish.
[Debug] [2026-4-13 21:42:38] Operation: ZoomOut
[Debug] [2026-4-13 21:42:38] Finish.
[Debug] [2026-4-13 21:42:39] Operation: ZoomOut
[Debug] [2026-4-13 21:42:39] Finish.
[Debug] [2026-4-13 21:42:39] Operation: ZoomOut
[Debug] [2026-4-13 21:42:39] Finish.
[Debug] [2026-4-13 21:42:39] Operation: ZoomOut
[Debug] [2026-4-13 21:42:39] Finish.
[Debug] [2026-4-13 21:42:39] Operation: ZoomOut
[Debug] [2026-4-13 21:42:39] Finish.
[Debug] [2026-4-13 21:42:39] Operation: ZoomOut
[Debug] [2026-4-13 21:42:40] Operation: ZoomOut
[Debug] [2026-4-13 21:42:40] Operation: ZoomOut
[Debug] [2026-4-13 21:42:40] Operation: ZoomOut
[Debug] [2026-4-13 21:42:40] Operation: Zoom in.
[Debug] [2026-4-13 21:42:40] Finish.
[Debug] [2026-4-13 21:42:40] Operation: Zoom in.
[Debug] [2026-4-13 21:42:40] Finish.
[Debug] [2026-4-13 21:42:41] Operation: Zoom in.
[Debug] [2026-4-13 21:42:41] Finish.
[Debug] [2026-4-13 21:42:41] Operation: Zoom in.
[Debug] [2026-4-13 21:42:41] Finish.
[Debug] [2026-4-13 21:42:42] Operation: Zoom in.
[Debug] [2026-4-13 21:42:42] Finish.
[Debug] [2026-4-13 21:42:45] Operation: ZoomOut
[Debug] [2026-4-13 21:42:45] Finish.
[Debug] [2026-4-13 21:42:45] Operation: Zoom in.
[Debug] [2026-4-13 21:42:46] Finish.
[Debug] [2026-4-13 21:42:59] Operation: Trigger.
[Debug] [2026-4-13 21:42:59] Log::Print : run
[Debug] [2026-4-13 21:42:59] Send RPC: 13.
[Debug] [2026-4-13 21:42:59] Send cmd [run:2713] OK
[Info] [2026-4-13 21:43:00] MsgOut: Core 0 trigger successful at Mon Apr 13 21:43:00 2026
[Debug] [2026-4-13 21:43:00] Operation: ZoomFit
[Debug] [2026-4-13 21:43:00] Finish.
[Debug] [2026-4-13 21:43:00] [BusValue] Opt:Flush.
[Debug] [2026-4-13 21:43:00] [BusValue] Opt:Update.
[Info] [2026-4-13 21:43:00] MsgOut: COMMAND[run] execute successfully, takes 1.1 secs.
[Debug] [2026-4-13 21:43:00] COMMAND[run] execute successfully, takes 1.1 secs.
[Debug] [2026-4-13 21:43:01] Operation: ZoomOut
[Debug] [2026-4-13 21:43:01] Finish.
[Debug] [2026-4-13 21:43:01] Operation: ZoomOut
[Debug] [2026-4-13 21:43:01] Finish.
[Debug] [2026-4-13 21:43:01] Operation: ZoomOut
[Debug] [2026-4-13 21:43:01] Finish.
[Debug] [2026-4-13 21:43:01] Operation: ZoomOut
[Debug] [2026-4-13 21:43:01] Finish.
[Debug] [2026-4-13 21:43:01] Operation: ZoomOut
[Debug] [2026-4-13 21:43:01] Finish.
[Debug] [2026-4-13 21:43:01] Operation: ZoomOut
[Debug] [2026-4-13 21:43:01] Operation: ZoomOut
[Debug] [2026-4-13 21:43:01] Operation: ZoomOut
[Debug] [2026-4-13 21:43:16] Operation: Go to X cursor.
[Debug] [2026-4-13 21:43:16] Finish.
[Debug] [2026-4-13 21:43:18] Operation: Trigger.
[Debug] [2026-4-13 21:43:18] Log::Print : run
[Debug] [2026-4-13 21:43:18] Send RPC: 14.
[Debug] [2026-4-13 21:43:18] Send cmd [run:2713] OK
[Info] [2026-4-13 21:43:19] MsgOut: Core 0 trigger successful at Mon Apr 13 21:43:19 2026
[Debug] [2026-4-13 21:43:19] Operation: ZoomFit
[Debug] [2026-4-13 21:43:19] Finish.
[Debug] [2026-4-13 21:43:19] [BusValue] Opt:Flush.
[Debug] [2026-4-13 21:43:19] [BusValue] Opt:Update.
[Info] [2026-4-13 21:43:19] MsgOut: COMMAND[run] execute successfully, takes 1.1 secs.
[Debug] [2026-4-13 21:43:19] COMMAND[run] execute successfully, takes 1.1 secs.
[Debug] [2026-4-13 21:43:23] Operation: Zoom in.
[Debug] [2026-4-13 21:43:23] Finish.
[Debug] [2026-4-13 21:43:23] Operation: Zoom in.
[Debug] [2026-4-13 21:43:23] Finish.
[Debug] [2026-4-13 21:43:23] Operation: Zoom in.
[Debug] [2026-4-13 21:43:23] Finish.
[Debug] [2026-4-13 21:43:23] Operation: Zoom in.
[Debug] [2026-4-13 21:43:23] Finish.
[Debug] [2026-4-13 21:43:24] Operation: Zoom in.
[Debug] [2026-4-13 21:43:24] Finish.
[Debug] [2026-4-13 21:43:24] Operation: Zoom in.
[Debug] [2026-4-13 21:43:24] Finish.
[Debug] [2026-4-13 21:43:25] Operation: Zoom in.
[Debug] [2026-4-13 21:43:25] Finish.
[Debug] [2026-4-13 21:43:36] Operation: Trigger.
[Debug] [2026-4-13 21:43:36] Log::Print : run
[Debug] [2026-4-13 21:43:36] Send RPC: 15.
[Debug] [2026-4-13 21:43:36] Send cmd [run:2713] OK
[Info] [2026-4-13 21:43:36] MsgOut: Core 0 trigger successful at Mon Apr 13 21:43:36 2026
[Debug] [2026-4-13 21:43:37] Operation: ZoomFit
[Debug] [2026-4-13 21:43:37] Finish.
[Debug] [2026-4-13 21:43:37] [BusValue] Opt:Flush.
[Debug] [2026-4-13 21:43:37] [BusValue] Opt:Update.
[Info] [2026-4-13 21:43:37] MsgOut: COMMAND[run] execute successfully, takes 1.1 secs.
[Debug] [2026-4-13 21:43:37] COMMAND[run] execute successfully, takes 1.1 secs.
[Debug] [2026-4-13 21:44:04] Operation: ZoomOut
[Debug] [2026-4-13 21:44:04] Finish.
[Debug] [2026-4-13 21:44:04] Operation: ZoomOut
[Debug] [2026-4-13 21:44:04] Finish.
[Debug] [2026-4-13 21:44:04] Operation: ZoomOut
[Debug] [2026-4-13 21:44:04] Finish.
[Debug] [2026-4-13 21:44:04] Operation: ZoomOut
[Debug] [2026-4-13 21:44:04] Finish.
[Debug] [2026-4-13 21:44:04] Operation: ZoomOut
[Debug] [2026-4-13 21:44:04] Finish.
[Debug] [2026-4-13 21:44:04] Operation: ZoomOut
[Debug] [2026-4-13 21:44:04] Finish.
[Debug] [2026-4-13 21:44:05] Operation: ZoomOut
[Debug] [2026-4-13 21:44:05] Finish.
[Debug] [2026-4-13 23:41:09] Operation: Try to close window.
[Error] [2026-4-13 23:41:09] Server close connect
[Info] [2026-4-13 23:41:09] Disconnect from Server: 127.0.0.1  Port: 65420
[Info] [2026-4-13 23:41:10] MsgOut: Server is disconnect
[Debug] [2026-4-13 23:41:10] Finish.
[Debug] [2026-4-13 23:41:10] Server close connect process finish
[Error] [2026-4-13 23:41:10] MsgOut: CdtCommon-0402: Fail to connect to server. 
[Debug] [2026-4-14 12:23:47] /*************************** 2026-04-14 12:23:47  Start ***************************/
[Debug] [2026-4-14 12:23:47] Path: C:/pango/PDS_2022.2-SP6.4/bin
[Debug] [2026-4-14 12:23:47] #Generated by Fabric Debugger (version 2022.2-SP6.4 build 146967) at Tue Apr 14 12:23:47 2026


[Info] [2026-4-14 12:23:47] MsgOut: Fabric Debugger Started.
[Debug] [2026-4-14 12:23:47] Main window show.
[Debug] [2026-4-14 12:23:51] Operation: Try to close window.
[Debug] [2026-4-14 12:23:51] /*************************** 2026-04-14 12:23:51  End ***************************/
[Debug] [2026-7-2 10:55:58] /*************************** 2026-07-02 10:55:58  Start ***************************/
[Debug] [2026-7-2 10:55:58] Path: C:/pango/PDS_2022.2-SP6.4/bin
[Debug] [2026-7-2 10:55:58] #Generated by Fabric Debugger (version 2022.2-SP6.4 build 146967) at Thu Jul  2 10:55:58 2026


[Info] [2026-7-2 10:55:58] MsgOut: Fabric Debugger Started.
[Debug] [2026-7-2 10:55:58] Main window show.
[Debug] [2026-7-2 10:56:06] Operation: Try to close window.
[Debug] [2026-7-2 10:56:06] /*************************** 2026-07-02 10:56:06  End ***************************/
[Debug] [2026-7-2 11:21:00] /*************************** 2026-07-02 11:21:00  Start ***************************/
[Debug] [2026-7-2 11:21:00] Path: C:/pango/PDS_2022.2-SP6.4/bin
[Debug] [2026-7-2 11:21:00] #Generated by Fabric Debugger (version 2022.2-SP6.4 build 146967) at Thu Jul  2 11:21:00 2026


[Info] [2026-7-2 11:21:00] MsgOut: Fabric Debugger Started.
[Debug] [2026-7-2 11:21:00] Main window show.
[Debug] [2026-7-2 11:21:03] Operation: Scan.
[Debug] [2026-7-2 11:21:03] Client Local host name:DESKTOP-VB8TKRO
[Debug] [2026-7-2 11:21:03] Client Local Address:2.0.0.1
[Debug] [2026-7-2 11:21:03] Client Local Address:192.168.44.1
[Debug] [2026-7-2 11:21:03] Client Local Address:192.168.176.1
[Debug] [2026-7-2 11:21:03] Client Local Address:10.210.132.87
[Debug] [2026-7-2 11:21:03] Server Address:127.0.0.1, Port:65420
[Info] [2026-7-2 11:21:03] MsgOut: Connecting to server[127.0.0.1 : 65420].
[Info] [2026-7-2 11:21:03] Connect OK, Server: 127.0.0.1  Port: 65420
[Info] [2026-7-2 11:21:03] MsgOut: Connect to server[127.0.0.1 : 65420] successfully.
[Debug] [2026-7-2 11:21:03] Finish.
[Debug] [2026-7-2 11:21:03] Log::Print : check version information
[Debug] [2026-7-2 11:21:03] Send RPC: 1.
[Debug] [2026-7-2 11:21:03] Send cmd [check version information:40004] OK
[Debug] [2026-7-2 11:21:03] Log::Print : get_cable_paras
[Debug] [2026-7-2 11:21:03] Send RPC: 2.
[Debug] [2026-7-2 11:21:03] Send cmd [get_cable_paras:40010] OK
[Debug] [2026-7-2 11:21:03] Log::Print : open_cable
[Debug] [2026-7-2 11:21:03] Send RPC: 3.
[Debug] [2026-7-2 11:21:03] Send cmd [open_cable:10001] OK
[Info] [2026-7-2 11:21:03] MsgOut: COMMAND[check version information] execute successfully, takes 0.0 secs.
[Debug] [2026-7-2 11:21:03] COMMAND[check version information] execute successfully, takes 0.0 secs.
[Info] [2026-7-2 11:21:04] MsgOut: The Cable List : 
Cable index 0:USB Cable II/fffffffffffffffe 

[Info] [2026-7-2 11:21:04] MsgOut: COMMAND[get_cable_paras] execute successfully, takes 0.8 secs.
[Debug] [2026-7-2 11:21:04] COMMAND[get_cable_paras] execute successfully, takes 0.8 secs.
[Info] [2026-7-2 11:21:04] MsgOut: PANGO USB CABLE II cable driver: D2XX DLL
[Info] [2026-7-2 11:21:07] MsgOut: COMMAND[open_cable] execute successfully, takes 3.9 secs.
[Debug] [2026-7-2 11:21:07] COMMAND[open_cable] execute successfully, takes 3.9 secs.
[Debug] [2026-7-2 11:21:13] Configure.
[Debug] [2026-7-2 11:21:16] Operation: Program.
[Debug] [2026-7-2 11:21:16] Log::Print : configure
[Debug] [2026-7-2 11:21:16] Send RPC: 4.
[Debug] [2026-7-2 11:21:16] Send cmd [configure:10002] OK
[Debug] [2026-7-2 11:21:17] The value is 6.
[Debug] [2026-7-2 11:21:17] The value is 10.
[Debug] [2026-7-2 11:21:18] The value is 15.
[Debug] [2026-7-2 11:21:18] The value is 20.
[Debug] [2026-7-2 11:21:19] The value is 25.
[Debug] [2026-7-2 11:21:19] The value is 30.
[Debug] [2026-7-2 11:21:19] The value is 35.
[Debug] [2026-7-2 11:21:20] The value is 40.
[Debug] [2026-7-2 11:21:20] The value is 45.
[Debug] [2026-7-2 11:21:20] The value is 50.
[Debug] [2026-7-2 11:21:21] The value is 55.
[Debug] [2026-7-2 11:21:21] The value is 60.
[Debug] [2026-7-2 11:21:22] The value is 65.
[Debug] [2026-7-2 11:21:22] The value is 70.
[Debug] [2026-7-2 11:21:22] The value is 75.
[Debug] [2026-7-2 11:21:23] The value is 80.
[Debug] [2026-7-2 11:21:23] The value is 85.
[Debug] [2026-7-2 11:21:24] The value is 90.
[Debug] [2026-7-2 11:21:24] The value is 95.
[Debug] [2026-7-2 11:21:24] The value is 100.
[Debug] [2026-7-2 11:21:26] [BusValue] Opt:Add.
[Debug] [2026-7-2 11:21:26] [BusValue] Opt:Add.
[Debug] [2026-7-2 11:21:26] [BusValue] Opt:Add.
[Debug] [2026-7-2 11:21:26] [BusValue] Opt:Add.
[Debug] [2026-7-2 11:21:26] [BusValue] Opt:Add.
[Info] [2026-7-2 11:21:26] MsgOut: COMMAND[configure] execute successfully, takes 9.2 secs.
[Debug] [2026-7-2 11:21:26] COMMAND[configure] execute successfully, takes 9.2 secs.
[Debug] [2026-7-2 11:21:26] Log::Print : Import Core: 0 OK
[Debug] [2026-7-2 11:21:45] Configure.
[Debug] [2026-7-2 11:21:47] Operation: Program.
[Debug] [2026-7-2 11:21:47] Log::Print : configure
[Debug] [2026-7-2 11:21:47] Send RPC: 5.
[Debug] [2026-7-2 11:21:47] Send cmd [configure:10002] OK
[Debug] [2026-7-2 11:21:48] The value is 6.
[Debug] [2026-7-2 11:21:48] The value is 10.
[Debug] [2026-7-2 11:21:49] The value is 15.
[Debug] [2026-7-2 11:21:49] The value is 20.
[Debug] [2026-7-2 11:21:49] The value is 25.
[Debug] [2026-7-2 11:21:50] The value is 30.
[Debug] [2026-7-2 11:21:50] The value is 35.
[Debug] [2026-7-2 11:21:50] The value is 40.
[Debug] [2026-7-2 11:21:51] The value is 45.
[Debug] [2026-7-2 11:21:51] The value is 50.
[Debug] [2026-7-2 11:21:52] The value is 55.
[Debug] [2026-7-2 11:21:52] The value is 60.
[Debug] [2026-7-2 11:21:52] The value is 65.
[Debug] [2026-7-2 11:21:53] The value is 70.
[Debug] [2026-7-2 11:21:53] The value is 75.
[Debug] [2026-7-2 11:21:54] The value is 80.
[Debug] [2026-7-2 11:21:54] The value is 85.
[Debug] [2026-7-2 11:21:54] The value is 90.
[Debug] [2026-7-2 11:21:55] The value is 95.
[Debug] [2026-7-2 11:21:55] The value is 100.
[Info] [2026-7-2 11:21:56] MsgOut: COMMAND[configure] execute successfully, takes 8.9 secs.
[Debug] [2026-7-2 11:21:56] COMMAND[configure] execute successfully, takes 8.9 secs.
[Warn] [2026-7-2 11:21:56] MsgOut: Debugger-4002: Core Parse: Trigger Port bus name:crop_wr_en exist, fail to import.
[Warn] [2026-7-2 11:21:56] MsgOut: Debugger-4002: Core Parse: Trigger Port bus name:end_crop_wr exist, fail to import.
[Warn] [2026-7-2 11:21:56] MsgOut: Debugger-4002: Core Parse: Trigger Port bus name:start_crop_wr exist, fail to import.
[Warn] [2026-7-2 11:21:56] MsgOut: Debugger-4002: Core Parse: Trigger Port bus name:lprnet_out_char exist, fail to import.
[Warn] [2026-7-2 11:21:56] MsgOut: Debugger-4002: Core Parse: Trigger Port bus name:lprnet_rgb_data exist, fail to import.
[Warn] [2026-7-2 11:21:56] MsgOut: Debugger-4002: Core Parse: Bus name:crop_wr_en exist, fail to import.
[Warn] [2026-7-2 11:21:56] MsgOut: Debugger-4002: Core Parse: Bus name:end_crop_wr exist, fail to import.
[Warn] [2026-7-2 11:21:56] MsgOut: Debugger-4002: Core Parse: Bus name:start_crop_wr exist, fail to import.
[Warn] [2026-7-2 11:21:56] MsgOut: Debugger-4002: Core Parse: Bus name:lprnet_out_char exist, fail to import.
[Warn] [2026-7-2 11:21:56] MsgOut: Debugger-4002: Core Parse: Bus name:lprnet_rgb_data exist, fail to import.
[Debug] [2026-7-2 11:21:56] Log::Print : Import Core: 0 OK
[Debug] [2026-7-2 11:22:31] Operation: Trigger.
[Debug] [2026-7-2 11:22:31] Log::Print : run
[Debug] [2026-7-2 11:22:31] Send RPC: 6.
[Debug] [2026-7-2 11:22:31] Send cmd [run:10003] OK
[Info] [2026-7-2 11:22:32] MsgOut: Core 0 trigger successful at Thu Jul  2 11:22:32 2026
[Debug] [2026-7-2 11:22:32] Operation: ZoomFit
[Debug] [2026-7-2 11:22:32] Finish.
[Debug] [2026-7-2 11:22:32] [BusValue] Opt:Flush.
[Debug] [2026-7-2 11:22:32] [BusValue] Opt:Update.
[Info] [2026-7-2 11:22:32] MsgOut: COMMAND[run] execute successfully, takes 0.8 secs.
[Debug] [2026-7-2 11:22:32] COMMAND[run] execute successfully, takes 0.8 secs.
[Debug] [2026-7-2 11:22:58] Operation: Trigger.
[Debug] [2026-7-2 11:22:58] Log::Print : run
[Debug] [2026-7-2 11:22:58] Send RPC: 7.
[Debug] [2026-7-2 11:22:58] Send cmd [run:10003] OK
[Info] [2026-7-2 11:22:59] MsgOut: Core 0 trigger successful at Thu Jul  2 11:22:59 2026
[Debug] [2026-7-2 11:22:59] Operation: ZoomFit
[Debug] [2026-7-2 11:22:59] Finish.
[Debug] [2026-7-2 11:22:59] [BusValue] Opt:Flush.
[Debug] [2026-7-2 11:22:59] [BusValue] Opt:Update.
[Info] [2026-7-2 11:22:59] MsgOut: COMMAND[run] execute successfully, takes 0.8 secs.
[Debug] [2026-7-2 11:22:59] COMMAND[run] execute successfully, takes 0.8 secs.
[Debug] [2026-7-2 11:23:04] Operation: Zoom in.
[Debug] [2026-7-2 11:23:04] Finish.
[Debug] [2026-7-2 11:23:04] Operation: Zoom in.
[Debug] [2026-7-2 11:23:04] Finish.
[Debug] [2026-7-2 11:23:05] Operation: Zoom in.
[Debug] [2026-7-2 11:23:05] Finish.
[Debug] [2026-7-2 11:23:05] Operation: Zoom in.
[Debug] [2026-7-2 11:23:05] Finish.
[Debug] [2026-7-2 11:23:05] Operation: Zoom in.
[Debug] [2026-7-2 11:23:05] Finish.
[Debug] [2026-7-2 11:23:06] Operation: ZoomOut
[Debug] [2026-7-2 11:23:06] Finish.
[Debug] [2026-7-2 11:23:06] Operation: ZoomOut
[Debug] [2026-7-2 11:23:06] Finish.
[Debug] [2026-7-2 11:23:06] Operation: ZoomOut
[Debug] [2026-7-2 11:23:06] Finish.
[Debug] [2026-7-2 11:23:06] Operation: ZoomOut
[Debug] [2026-7-2 11:23:06] Finish.
[Debug] [2026-7-2 11:23:07] Operation: ZoomOut
[Debug] [2026-7-2 11:23:07] Finish.
[Debug] [2026-7-2 11:23:07] Operation: ZoomOut
[Debug] [2026-7-2 11:23:07] Operation: Zoom in.
[Debug] [2026-7-2 11:23:07] Finish.
[Debug] [2026-7-2 11:23:08] Operation: Zoom in.
[Debug] [2026-7-2 11:23:08] Finish.
[Debug] [2026-7-2 11:23:08] Operation: Zoom in.
[Debug] [2026-7-2 11:23:08] Finish.
[Debug] [2026-7-2 11:23:08] Operation: Zoom in.
[Debug] [2026-7-2 11:23:08] Finish.
[Debug] [2026-7-2 11:23:09] Operation: ZoomOut
[Debug] [2026-7-2 11:23:09] Finish.
[Debug] [2026-7-2 11:23:09] Operation: ZoomOut
[Debug] [2026-7-2 11:23:09] Finish.
[Debug] [2026-7-2 11:23:09] Operation: ZoomOut
[Debug] [2026-7-2 11:23:09] Finish.
[Debug] [2026-7-2 11:23:10] Operation: ZoomOut
[Debug] [2026-7-2 11:23:10] Finish.
[Debug] [2026-7-2 11:23:10] Operation: Zoom in.
[Debug] [2026-7-2 11:23:10] Finish.
[Debug] [2026-7-2 11:23:10] Operation: Zoom in.
[Debug] [2026-7-2 11:23:10] Finish.
[Debug] [2026-7-2 11:23:11] Operation: Zoom in.
[Debug] [2026-7-2 11:23:11] Finish.
[Debug] [2026-7-2 11:23:12] Operation: Zoom in.
[Debug] [2026-7-2 11:23:12] Finish.
[Debug] [2026-7-2 11:23:50] Operation: Trigger.
[Debug] [2026-7-2 11:23:50] Log::Print : run
[Debug] [2026-7-2 11:23:50] Send RPC: 8.
[Debug] [2026-7-2 11:23:50] Send cmd [run:10003] OK
[Error] [2026-7-2 11:24:03] Fail to exec trigger command.
[Error] [2026-7-2 11:24:03] cmdid:10003 HandleErrorExec msg:JtagServer-0325: No available debugger core detected, please check power or reset.
[Error] [2026-7-2 11:24:03] cmdid:10003 HandleErrorExec msg:JtagServer-0327: Fail to capture the core status.
[Error] [2026-7-2 11:24:03] cmdid:10003 HandleErrorExec msg:JtagServer-0330: Fail to capture the data.
[Debug] [2026-7-2 11:24:03] HandleErrorExec run Show Core:
[Debug] [2026-7-2 11:24:03] /******************** Core Information *************************/
[Debug] [2026-7-2 11:24:03] Core basic info: 
[Debug] [2026-7-2 11:24:03] 	Core version: 0x9001f003
[Debug] [2026-7-2 11:24:03] 	Index: 0
[Debug] [2026-7-2 11:24:03] 	Name: MyFLA0
[Debug] [2026-7-2 11:24:03] 	Core type: 
[Debug] [2026-7-2 11:24:03] 	Data same as trigger: true
[Debug] [2026-7-2 11:24:03] 	Storage qualification: false
[Debug] [2026-7-2 11:24:03] 	Max data depth: 200
[Debug] [2026-7-2 11:24:03] 	Sample data width: 3b
[Debug] [2026-7-2 11:24:03] 	Trigger sequencer level: 1
[Debug] [2026-7-2 11:24:03] 	Trigger output enabled: false
[Debug] [2026-7-2 11:24:03] 	Multi windows enabled: false
[Debug] [2026-7-2 11:24:03] 	Reset wave property status: false
[Debug] [2026-7-2 11:24:03] Core Property: 
[Debug] [2026-7-2 11:24:03] 	Core version: 0x9001f003
[Debug] [2026-7-2 11:24:03] 	Index: 0
[Debug] [2026-7-2 11:24:03] 	Core type: 
[Debug] [2026-7-2 11:24:03] 	Data same as trigger: true
[Debug] [2026-7-2 11:24:03] 	Storage qualification: false
[Debug] [2026-7-2 11:24:03] 	Trigger output enabled: false
[Debug] [2026-7-2 11:24:03] 	Multi windows enabled: false
[Debug] [2026-7-2 11:24:03] 	Max data depth: 200
[Debug] [2026-7-2 11:24:03] 	Sample data width: 3b
[Debug] [2026-7-2 11:24:03] 	Trigger sequencer level: 1
[Debug] [2026-7-2 11:24:03] 	Channel num		Match unit num		Match unit type		Counter width		Port is data
[Debug] [2026-7-2 11:24:03] 	Trigger port 0 : 	3b	1	1	0	true
[Debug] [2026-7-2 11:24:03] Signals Property: 
[Debug] [2026-7-2 11:24:03] 	Window num: 1
[Debug] [2026-7-2 11:24:03] 	Samples num in window: 200
[Debug] [2026-7-2 11:24:03] 	Trigger time in window: 100
[Debug] [2026-7-2 11:24:03] 	Samples num: 200
[Debug] [2026-7-2 11:24:03] 	Negative time: true
[Debug] [2026-7-2 11:24:03] 	Signal type: 0
[Debug] [2026-7-2 11:24:03] 	Total trigger position: 1
[Debug] [2026-7-2 11:24:03] Storage Style Property: 
[Debug] [2026-7-2 11:24:03] 	Style type: 0
[Debug] [2026-7-2 11:24:03] 	Windows num: 1
[Debug] [2026-7-2 11:24:03] 	Depth per window: 200
[Debug] [2026-7-2 11:24:03] 	Window position: 100
[Debug] [2026-7-2 11:24:03] 	Samples per trigger: 200
[Debug] [2026-7-2 11:24:03] 	Storage qualification: All Data
[Debug] [2026-7-2 11:24:03] Data Port: 
[Debug] [2026-7-2 11:24:03] 	Max depth: 0
[Debug] [2026-7-2 11:24:03] 	Depth: 0
[Debug] [2026-7-2 11:24:03] Trigger Port: 
[Debug] [2026-7-2 11:24:03] Trigger Port 0 :
[Debug] [2026-7-2 11:24:03] 	Port index: 0
[Debug] [2026-7-2 11:24:03] 	Match type: 1
[Debug] [2026-7-2 11:24:03] 	Counter width: 0
[Debug] [2026-7-2 11:24:03] 	Is data: true
[Debug] [2026-7-2 11:24:03] Match Unit: 
[Debug] [2026-7-2 11:24:03] Match Unit 0 :
[Debug] [2026-7-2 11:24:03] 	Trigger port index: 0
[Debug] [2026-7-2 11:24:03] 	Value: XXXXXXXXXXXXXXXXXXXXXXXXXXXXXXXXX1XXXXXXXXXXXXXXXXXXXXXXXXX
[Debug] [2026-7-2 11:24:03] 	Index: 0
[Debug] [2026-7-2 11:24:03] 	Function: 0
[Debug] [2026-7-2 11:24:03] 	Radix: 
[Debug] [2026-7-2 11:24:03] 	Counter match event: 0
[Debug] [2026-7-2 11:24:03] 	Counter cycles: 1
[Debug] [2026-7-2 11:24:03] 	Trigger output enabled: true
[Debug] [2026-7-2 11:24:03] 	Range form : 00000000000000000000000000000000000000000000000000000000000 to 00000000000000000000000000000000000000000000000000000000000
[Debug] [2026-7-2 11:24:03] 	Is tp need deleted: false
[Debug] [2026-7-2 11:24:03] Bus: 
[Debug] [2026-7-2 11:24:03] Bus 0 :
[Debug] [2026-7-2 11:24:03] 	crop_wr_en
[Debug] [2026-7-2 11:24:03] Channel Index 0 :	Data Port: 0	Channel name: crop_wr_en[0]
[Debug] [2026-7-2 11:24:03] Channel Index 1 :	Data Port: 1	Channel name: crop_wr_en[1]
[Debug] [2026-7-2 11:24:03] Channel Index 2 :	Data Port: 2	Channel name: crop_wr_en[2]
[Debug] [2026-7-2 11:24:03] Channel Index 3 :	Data Port: 3	Channel name: crop_wr_en[3]
[Debug] [2026-7-2 11:24:03] Channel Index 4 :	Data Port: 4	Channel name: crop_wr_en[4]
[Debug] [2026-7-2 11:24:03] Channel Index 5 :	Data Port: 5	Channel name: crop_wr_en[5]
[Debug] [2026-7-2 11:24:03] Channel Index 6 :	Data Port: 6	Channel name: crop_wr_en[6]
[Debug] [2026-7-2 11:24:03] Channel Index 7 :	Data Port: 7	Channel name: crop_wr_en[7]
[Debug] [2026-7-2 11:24:03] Bus 1 :
[Debug] [2026-7-2 11:24:03] 	end_crop_wr
[Debug] [2026-7-2 11:24:03] Channel Index 0 :	Data Port: 8	Channel name: end_crop_wr[0]
[Debug] [2026-7-2 11:24:03] Channel Index 1 :	Data Port: 9	Channel name: end_crop_wr[1]
[Debug] [2026-7-2 11:24:03] Channel Index 2 :	Data Port: a	Channel name: end_crop_wr[2]
[Debug] [2026-7-2 11:24:03] Channel Index 3 :	Data Port: b	Channel name: end_crop_wr[3]
[Debug] [2026-7-2 11:24:03] Channel Index 4 :	Data Port: c	Channel name: end_crop_wr[4]
[Debug] [2026-7-2 11:24:03] Channel Index 5 :	Data Port: d	Channel name: end_crop_wr[5]
[Debug] [2026-7-2 11:24:03] Channel Index 6 :	Data Port: e	Channel name: end_crop_wr[6]
[Debug] [2026-7-2 11:24:03] Channel Index 7 :	Data Port: f	Channel name: end_crop_wr[7]
[Debug] [2026-7-2 11:24:03] Bus 2 :
[Debug] [2026-7-2 11:24:03] 	start_crop_wr
[Debug] [2026-7-2 11:24:03] Channel Index 0 :	Data Port: 10	Channel name: start_crop_wr[0]
[Debug] [2026-7-2 11:24:03] Channel Index 1 :	Data Port: 11	Channel name: start_crop_wr[1]
[Debug] [2026-7-2 11:24:03] Channel Index 2 :	Data Port: 12	Channel name: start_crop_wr[2]
[Debug] [2026-7-2 11:24:03] Channel Index 3 :	Data Port: 13	Channel name: start_crop_wr[3]
[Debug] [2026-7-2 11:24:03] Channel Index 4 :	Data Port: 14	Channel name: start_crop_wr[4]
[Debug] [2026-7-2 11:24:03] Channel Index 5 :	Data Port: 15	Channel name: start_crop_wr[5]
[Debug] [2026-7-2 11:24:03] Channel Index 6 :	Data Port: 16	Channel name: start_crop_wr[6]
[Debug] [2026-7-2 11:24:03] Channel Index 7 :	Data Port: 17	Channel name: start_crop_wr[7]
[Debug] [2026-7-2 11:24:03] Bus 3 :
[Debug] [2026-7-2 11:24:03] 	lprnet_out_char
[Debug] [2026-7-2 11:24:03] Channel Index 0 :	Data Port: 1a	Channel name: lprnet_out_char[0]
[Debug] [2026-7-2 11:24:03] Channel Index 1 :	Data Port: 1b	Channel name: lprnet_out_char[1]
[Debug] [2026-7-2 11:24:03] Channel Index 2 :	Data Port: 1c	Channel name: lprnet_out_char[2]
[Debug] [2026-7-2 11:24:03] Channel Index 3 :	Data Port: 1d	Channel name: lprnet_out_char[3]
[Debug] [2026-7-2 11:24:03] Channel Index 4 :	Data Port: 1e	Channel name: lprnet_out_char[4]
[Debug] [2026-7-2 11:24:03] Channel Index 5 :	Data Port: 1f	Channel name: lprnet_out_char[5]
[Debug] [2026-7-2 11:24:03] Channel Index 6 :	Data Port: 20	Channel name: lprnet_out_char[6]
[Debug] [2026-7-2 11:24:03] Bus 4 :
[Debug] [2026-7-2 11:24:03] 	lprnet_rgb_data
[Debug] [2026-7-2 11:24:03] Channel Index 0 :	Data Port: 23	Channel name: lprnet_rgb_data[0]
[Debug] [2026-7-2 11:24:03] Channel Index 1 :	Data Port: 24	Channel name: lprnet_rgb_data[1]
[Debug] [2026-7-2 11:24:03] Channel Index 2 :	Data Port: 25	Channel name: lprnet_rgb_data[2]
[Debug] [2026-7-2 11:24:03] Channel Index 3 :	Data Port: 26	Channel name: lprnet_rgb_data[3]
[Debug] [2026-7-2 11:24:03] Channel Index 4 :	Data Port: 27	Channel name: lprnet_rgb_data[4]
[Debug] [2026-7-2 11:24:03] Channel Index 5 :	Data Port: 28	Channel name: lprnet_rgb_data[5]
[Debug] [2026-7-2 11:24:03] Channel Index 6 :	Data Port: 29	Channel name: lprnet_rgb_data[6]
[Debug] [2026-7-2 11:24:03] Channel Index 7 :	Data Port: 2a	Channel name: lprnet_rgb_data[7]
[Debug] [2026-7-2 11:24:03] Channel Index 8 :	Data Port: 2b	Channel name: lprnet_rgb_data[8]
[Debug] [2026-7-2 11:24:03] Channel Index 9 :	Data Port: 2c	Channel name: lprnet_rgb_data[9]
[Debug] [2026-7-2 11:24:03] Channel Index a :	Data Port: 2d	Channel name: lprnet_rgb_data[10]
[Debug] [2026-7-2 11:24:03] Channel Index b :	Data Port: 2e	Channel name: lprnet_rgb_data[11]
[Debug] [2026-7-2 11:24:03] Channel Index c :	Data Port: 2f	Channel name: lprnet_rgb_data[12]
[Debug] [2026-7-2 11:24:03] Channel Index d :	Data Port: 30	Channel name: lprnet_rgb_data[13]
[Debug] [2026-7-2 11:24:03] Channel Index e :	Data Port: 31	Channel name: lprnet_rgb_data[14]
[Debug] [2026-7-2 11:24:03] Channel Index f :	Data Port: 32	Channel name: lprnet_rgb_data[15]
[Debug] [2026-7-2 11:24:03] Channel Index 10 :	Data Port: 33	Channel name: lprnet_rgb_data[16]
[Debug] [2026-7-2 11:24:03] Channel Index 11 :	Data Port: 34	Channel name: lprnet_rgb_data[17]
[Debug] [2026-7-2 11:24:03] Channel Index 12 :	Data Port: 35	Channel name: lprnet_rgb_data[18]
[Debug] [2026-7-2 11:24:03] Channel Index 13 :	Data Port: 36	Channel name: lprnet_rgb_data[19]
[Debug] [2026-7-2 11:24:03] Channel Index 14 :	Data Port: 37	Channel name: lprnet_rgb_data[20]
[Debug] [2026-7-2 11:24:03] Channel Index 15 :	Data Port: 38	Channel name: lprnet_rgb_data[21]
[Debug] [2026-7-2 11:24:03] Channel Index 16 :	Data Port: 39	Channel name: lprnet_rgb_data[22]
[Debug] [2026-7-2 11:24:03] Channel Index 17 :	Data Port: 3a	Channel name: lprnet_rgb_data[23]
[Debug] [2026-7-2 11:24:03] Trigger Condition: 
[Debug] [2026-7-2 11:24:03] Trigger Condition 0 :
[Debug] [2026-7-2 11:24:03] 	Is active: true
[Debug] [2026-7-2 11:24:03] 	Name: TriggerCondition0
[Debug] [2026-7-2 11:24:03] 	Equation: TU0
[Debug] [2026-7-2 11:24:03] 	Output enable type: 0
[Debug] [2026-7-2 11:24:03] 	Trigger condition type: 0
[Debug] [2026-7-2 11:24:03] 	Use contiguous match event: false
[Debug] [2026-7-2 11:24:03] /**************************************************************/
[Error] [2026-7-2 11:24:03] MsgOut: JtagServer-0325: No available debugger core detected, please check power or reset.
[Error] [2026-7-2 11:24:03] MsgOut: JtagServer-0327: Fail to capture the core status.
[Error] [2026-7-2 11:24:03] MsgOut: JtagServer-0330: Fail to capture the data.
[Error] [2026-7-2 11:24:03] MsgOut: Debugger-0006: Command run exec unsuccessfully.
[Debug] [2026-7-2 11:28:23] Configure.
[Debug] [2026-7-2 11:28:26] Operation: Program.
[Debug] [2026-7-2 11:28:26] Log::Print : configure
[Debug] [2026-7-2 11:28:26] Send RPC: 9.
[Debug] [2026-7-2 11:28:26] Send cmd [configure:2712] OK
[Debug] [2026-7-2 11:28:27] The value is 6.
[Debug] [2026-7-2 11:28:27] The value is a.
[Debug] [2026-7-2 11:28:27] The value is f.
[Debug] [2026-7-2 11:28:28] The value is 14.
[Debug] [2026-7-2 11:28:28] The value is 19.
[Debug] [2026-7-2 11:28:29] The value is 1e.
[Debug] [2026-7-2 11:28:29] The value is 23.
[Debug] [2026-7-2 11:28:29] The value is 28.
[Debug] [2026-7-2 11:28:30] The value is 2d.
[Debug] [2026-7-2 11:28:30] The value is 32.
[Debug] [2026-7-2 11:28:30] The value is 37.
[Debug] [2026-7-2 11:28:31] The value is 3c.
[Debug] [2026-7-2 11:28:31] The value is 41.
[Debug] [2026-7-2 11:28:32] The value is 46.
[Debug] [2026-7-2 11:28:32] The value is 4b.
[Debug] [2026-7-2 11:28:32] The value is 50.
[Debug] [2026-7-2 11:28:33] The value is 55.
[Debug] [2026-7-2 11:28:33] The value is 5a.
[Debug] [2026-7-2 11:28:34] The value is 5f.
[Debug] [2026-7-2 11:28:34] The value is 64.
[Info] [2026-7-2 11:28:35] MsgOut: COMMAND[configure] execute successfully, takes 8.6 secs.
[Debug] [2026-7-2 11:28:35] COMMAND[configure] execute successfully, takes 8.6 secs.
[Warn] [2026-7-2 11:28:35] MsgOut: Debugger-4002: Core Parse: Trigger Port bus name:crop_wr_en exist, fail to import.
[Warn] [2026-7-2 11:28:35] MsgOut: Debugger-4002: Core Parse: Trigger Port bus name:end_crop_wr exist, fail to import.
[Warn] [2026-7-2 11:28:35] MsgOut: Debugger-4002: Core Parse: Trigger Port bus name:start_crop_wr exist, fail to import.
[Warn] [2026-7-2 11:28:35] MsgOut: Debugger-4002: Core Parse: Trigger Port bus name:lprnet_out_char exist, fail to import.
[Warn] [2026-7-2 11:28:35] MsgOut: Debugger-4002: Core Parse: Trigger Port bus name:lprnet_rgb_data exist, fail to import.
[Warn] [2026-7-2 11:28:35] MsgOut: Debugger-4002: Core Parse: Bus name:crop_wr_en exist, fail to import.
[Warn] [2026-7-2 11:28:35] MsgOut: Debugger-4002: Core Parse: Bus name:end_crop_wr exist, fail to import.
[Warn] [2026-7-2 11:28:35] MsgOut: Debugger-4002: Core Parse: Bus name:start_crop_wr exist, fail to import.
[Warn] [2026-7-2 11:28:35] MsgOut: Debugger-4002: Core Parse: Bus name:lprnet_out_char exist, fail to import.
[Warn] [2026-7-2 11:28:35] MsgOut: Debugger-4002: Core Parse: Bus name:lprnet_rgb_data exist, fail to import.
[Debug] [2026-7-2 11:28:35] Log::Print : Import Core: 0 OK
[Debug] [2026-7-2 11:28:45] Configure.
[Debug] [2026-7-2 11:28:48] Operation: Program.
[Debug] [2026-7-2 11:28:48] Log::Print : configure
[Debug] [2026-7-2 11:28:48] Send RPC: a.
[Debug] [2026-7-2 11:28:48] Send cmd [configure:2712] OK
[Debug] [2026-7-2 11:28:49] The value is 6.
[Debug] [2026-7-2 11:28:49] The value is a.
[Debug] [2026-7-2 11:28:49] The value is f.
[Debug] [2026-7-2 11:28:50] The value is 14.
[Debug] [2026-7-2 11:28:50] The value is 19.
[Debug] [2026-7-2 11:28:50] The value is 1e.
[Debug] [2026-7-2 11:28:51] The value is 23.
[Debug] [2026-7-2 11:28:51] The value is 28.
[Debug] [2026-7-2 11:28:52] The value is 2d.
[Debug] [2026-7-2 11:28:52] The value is 32.
[Debug] [2026-7-2 11:28:52] The value is 37.
[Debug] [2026-7-2 11:28:53] The value is 3c.
[Debug] [2026-7-2 11:28:53] The value is 41.
[Debug] [2026-7-2 11:28:54] The value is 46.
[Debug] [2026-7-2 11:28:54] The value is 4b.
[Debug] [2026-7-2 11:28:54] The value is 50.
[Debug] [2026-7-2 11:28:55] The value is 55.
[Debug] [2026-7-2 11:28:55] The value is 5a.
[Debug] [2026-7-2 11:28:55] The value is 5f.
[Debug] [2026-7-2 11:28:56] The value is 64.
[Info] [2026-7-2 11:28:57] MsgOut: COMMAND[configure] execute successfully, takes 8.8 secs.
[Debug] [2026-7-2 11:28:57] COMMAND[configure] execute successfully, takes 8.8 secs.
[Warn] [2026-7-2 11:28:57] MsgOut: Debugger-4002: Core Parse: Trigger Port bus name:crop_wr_en exist, fail to import.
[Warn] [2026-7-2 11:28:57] MsgOut: Debugger-4002: Core Parse: Trigger Port bus name:end_crop_wr exist, fail to import.
[Warn] [2026-7-2 11:28:57] MsgOut: Debugger-4002: Core Parse: Trigger Port bus name:start_crop_wr exist, fail to import.
[Warn] [2026-7-2 11:28:57] MsgOut: Debugger-4002: Core Parse: Trigger Port bus name:lprnet_out_char exist, fail to import.
[Warn] [2026-7-2 11:28:57] MsgOut: Debugger-4002: Core Parse: Trigger Port bus name:lprnet_rgb_data exist, fail to import.
[Warn] [2026-7-2 11:28:57] MsgOut: Debugger-4002: Core Parse: Bus name:crop_wr_en exist, fail to import.
[Warn] [2026-7-2 11:28:57] MsgOut: Debugger-4002: Core Parse: Bus name:end_crop_wr exist, fail to import.
[Warn] [2026-7-2 11:28:57] MsgOut: Debugger-4002: Core Parse: Bus name:start_crop_wr exist, fail to import.
[Warn] [2026-7-2 11:28:57] MsgOut: Debugger-4002: Core Parse: Bus name:lprnet_out_char exist, fail to import.
[Warn] [2026-7-2 11:28:57] MsgOut: Debugger-4002: Core Parse: Bus name:lprnet_rgb_data exist, fail to import.
[Debug] [2026-7-2 11:28:57] Log::Print : Import Core: 0 OK
[Debug] [2026-7-2 11:29:15] Operation: Trigger.
[Debug] [2026-7-2 11:29:15] Log::Print : run
[Debug] [2026-7-2 11:29:15] Send RPC: b.
[Debug] [2026-7-2 11:29:15] Send cmd [run:2713] OK
[Debug] [2026-7-2 11:29:44] Operation: Stop trigger.
[Debug] [2026-7-2 11:29:44] Log::Print : stop
[Debug] [2026-7-2 11:29:44] Send RPC: c.
[Debug] [2026-7-2 11:29:44] Send cmd [stop:271a] OK
[Info] [2026-7-2 11:29:44] MsgOut: COMMAND[stop] execute successfully, takes 0.0 secs.
[Debug] [2026-7-2 11:29:44] COMMAND[stop] execute successfully, takes 0.0 secs.
[Error] [2026-7-2 11:29:44] Fail to exec trigger command.
[Warn] [2026-7-2 11:29:44] cmdid:2713 HandleWarnExec msg:Core 0 is stopped by user
[Debug] [2026-7-2 11:29:44] HandleErrorExec run Show Core:
[Debug] [2026-7-2 11:29:44] /******************** Core Information *************************/
[Debug] [2026-7-2 11:29:44] Core basic info: 
[Debug] [2026-7-2 11:29:44] 	Core version: 0x9001f003
[Debug] [2026-7-2 11:29:44] 	Index: 0
[Debug] [2026-7-2 11:29:44] 	Name: MyFLA0
[Debug] [2026-7-2 11:29:44] 	Core type: 
[Debug] [2026-7-2 11:29:44] 	Data same as trigger: true
[Debug] [2026-7-2 11:29:44] 	Storage qualification: false
[Debug] [2026-7-2 11:29:44] 	Max data depth: 200
[Debug] [2026-7-2 11:29:44] 	Sample data width: 3b
[Debug] [2026-7-2 11:29:44] 	Trigger sequencer level: 1
[Debug] [2026-7-2 11:29:44] 	Trigger output enabled: false
[Debug] [2026-7-2 11:29:44] 	Multi windows enabled: false
[Debug] [2026-7-2 11:29:44] 	Reset wave property status: false
[Debug] [2026-7-2 11:29:44] Core Property: 
[Debug] [2026-7-2 11:29:44] 	Core version: 0x9001f003
[Debug] [2026-7-2 11:29:44] 	Index: 0
[Debug] [2026-7-2 11:29:44] 	Core type: 
[Debug] [2026-7-2 11:29:44] 	Data same as trigger: true
[Debug] [2026-7-2 11:29:44] 	Storage qualification: false
[Debug] [2026-7-2 11:29:44] 	Trigger output enabled: false
[Debug] [2026-7-2 11:29:44] 	Multi windows enabled: false
[Debug] [2026-7-2 11:29:44] 	Max data depth: 200
[Debug] [2026-7-2 11:29:44] 	Sample data width: 3b
[Debug] [2026-7-2 11:29:44] 	Trigger sequencer level: 1
[Debug] [2026-7-2 11:29:44] 	Channel num		Match unit num		Match unit type		Counter width		Port is data
[Debug] [2026-7-2 11:29:44] 	Trigger port 0 : 	3b	1	1	0	true
[Debug] [2026-7-2 11:29:44] Signals Property: 
[Debug] [2026-7-2 11:29:44] 	Window num: 1
[Debug] [2026-7-2 11:29:44] 	Samples num in window: 200
[Debug] [2026-7-2 11:29:44] 	Trigger time in window: 100
[Debug] [2026-7-2 11:29:44] 	Samples num: 200
[Debug] [2026-7-2 11:29:44] 	Negative time: true
[Debug] [2026-7-2 11:29:44] 	Signal type: 0
[Debug] [2026-7-2 11:29:44] 	Total trigger position: 1
[Debug] [2026-7-2 11:29:44] Storage Style Property: 
[Debug] [2026-7-2 11:29:44] 	Style type: 0
[Debug] [2026-7-2 11:29:44] 	Windows num: 1
[Debug] [2026-7-2 11:29:44] 	Depth per window: 200
[Debug] [2026-7-2 11:29:44] 	Window position: 100
[Debug] [2026-7-2 11:29:44] 	Samples per trigger: 200
[Debug] [2026-7-2 11:29:44] 	Storage qualification: All Data
[Debug] [2026-7-2 11:29:44] Data Port: 
[Debug] [2026-7-2 11:29:44] 	Max depth: 0
[Debug] [2026-7-2 11:29:44] 	Depth: 0
[Debug] [2026-7-2 11:29:44] Trigger Port: 
[Debug] [2026-7-2 11:29:44] Trigger Port 0 :
[Debug] [2026-7-2 11:29:44] 	Port index: 0
[Debug] [2026-7-2 11:29:44] 	Match type: 1
[Debug] [2026-7-2 11:29:44] 	Counter width: 0
[Debug] [2026-7-2 11:29:44] 	Is data: true
[Debug] [2026-7-2 11:29:44] Match Unit: 
[Debug] [2026-7-2 11:29:44] Match Unit 0 :
[Debug] [2026-7-2 11:29:44] 	Trigger port index: 0
[Debug] [2026-7-2 11:29:44] 	Value: XXXXXXXXXXXXXXXXXXXXXXXXX0XXXXXXXXXXXXXXXXXXXXXXXXXXXXXXXXX
[Debug] [2026-7-2 11:29:44] 	Index: 0
[Debug] [2026-7-2 11:29:44] 	Function: 0
[Debug] [2026-7-2 11:29:44] 	Radix: 
[Debug] [2026-7-2 11:29:44] 	Counter match event: 0
[Debug] [2026-7-2 11:29:44] 	Counter cycles: 1
[Debug] [2026-7-2 11:29:44] 	Trigger output enabled: true
[Debug] [2026-7-2 11:29:44] 	Range form : 00000000000000000000000000000000000000000000000000000000000 to 00000000000000000000000000000000000000000000000000000000000
[Debug] [2026-7-2 11:29:44] 	Is tp need deleted: false
[Debug] [2026-7-2 11:29:44] Bus: 
[Debug] [2026-7-2 11:29:44] Bus 0 :
[Debug] [2026-7-2 11:29:44] 	crop_wr_en
[Debug] [2026-7-2 11:29:44] Channel Index 0 :	Data Port: 0	Channel name: crop_wr_en[0]
[Debug] [2026-7-2 11:29:44] Channel Index 1 :	Data Port: 1	Channel name: crop_wr_en[1]
[Debug] [2026-7-2 11:29:44] Channel Index 2 :	Data Port: 2	Channel name: crop_wr_en[2]
[Debug] [2026-7-2 11:29:44] Channel Index 3 :	Data Port: 3	Channel name: crop_wr_en[3]
[Debug] [2026-7-2 11:29:44] Channel Index 4 :	Data Port: 4	Channel name: crop_wr_en[4]
[Debug] [2026-7-2 11:29:44] Channel Index 5 :	Data Port: 5	Channel name: crop_wr_en[5]
[Debug] [2026-7-2 11:29:44] Channel Index 6 :	Data Port: 6	Channel name: crop_wr_en[6]
[Debug] [2026-7-2 11:29:44] Channel Index 7 :	Data Port: 7	Channel name: crop_wr_en[7]
[Debug] [2026-7-2 11:29:44] Bus 1 :
[Debug] [2026-7-2 11:29:44] 	end_crop_wr
[Debug] [2026-7-2 11:29:44] Channel Index 0 :	Data Port: 8	Channel name: end_crop_wr[0]
[Debug] [2026-7-2 11:29:44] Channel Index 1 :	Data Port: 9	Channel name: end_crop_wr[1]
[Debug] [2026-7-2 11:29:44] Channel Index 2 :	Data Port: a	Channel name: end_crop_wr[2]
[Debug] [2026-7-2 11:29:44] Channel Index 3 :	Data Port: b	Channel name: end_crop_wr[3]
[Debug] [2026-7-2 11:29:44] Channel Index 4 :	Data Port: c	Channel name: end_crop_wr[4]
[Debug] [2026-7-2 11:29:44] Channel Index 5 :	Data Port: d	Channel name: end_crop_wr[5]
[Debug] [2026-7-2 11:29:44] Channel Index 6 :	Data Port: e	Channel name: end_crop_wr[6]
[Debug] [2026-7-2 11:29:44] Channel Index 7 :	Data Port: f	Channel name: end_crop_wr[7]
[Debug] [2026-7-2 11:29:44] Bus 2 :
[Debug] [2026-7-2 11:29:44] 	start_crop_wr
[Debug] [2026-7-2 11:29:44] Channel Index 0 :	Data Port: 10	Channel name: start_crop_wr[0]
[Debug] [2026-7-2 11:29:44] Channel Index 1 :	Data Port: 11	Channel name: start_crop_wr[1]
[Debug] [2026-7-2 11:29:44] Channel Index 2 :	Data Port: 12	Channel name: start_crop_wr[2]
[Debug] [2026-7-2 11:29:44] Channel Index 3 :	Data Port: 13	Channel name: start_crop_wr[3]
[Debug] [2026-7-2 11:29:44] Channel Index 4 :	Data Port: 14	Channel name: start_crop_wr[4]
[Debug] [2026-7-2 11:29:44] Channel Index 5 :	Data Port: 15	Channel name: start_crop_wr[5]
[Debug] [2026-7-2 11:29:44] Channel Index 6 :	Data Port: 16	Channel name: start_crop_wr[6]
[Debug] [2026-7-2 11:29:44] Channel Index 7 :	Data Port: 17	Channel name: start_crop_wr[7]
[Debug] [2026-7-2 11:29:44] Bus 3 :
[Debug] [2026-7-2 11:29:44] 	lprnet_out_char
[Debug] [2026-7-2 11:29:44] Channel Index 0 :	Data Port: 1a	Channel name: lprnet_out_char[0]
[Debug] [2026-7-2 11:29:44] Channel Index 1 :	Data Port: 1b	Channel name: lprnet_out_char[1]
[Debug] [2026-7-2 11:29:44] Channel Index 2 :	Data Port: 1c	Channel name: lprnet_out_char[2]
[Debug] [2026-7-2 11:29:44] Channel Index 3 :	Data Port: 1d	Channel name: lprnet_out_char[3]
[Debug] [2026-7-2 11:29:44] Channel Index 4 :	Data Port: 1e	Channel name: lprnet_out_char[4]
[Debug] [2026-7-2 11:29:44] Channel Index 5 :	Data Port: 1f	Channel name: lprnet_out_char[5]
[Debug] [2026-7-2 11:29:44] Channel Index 6 :	Data Port: 20	Channel name: lprnet_out_char[6]
[Debug] [2026-7-2 11:29:44] Bus 4 :
[Debug] [2026-7-2 11:29:44] 	lprnet_rgb_data
[Debug] [2026-7-2 11:29:44] Channel Index 0 :	Data Port: 23	Channel name: lprnet_rgb_data[0]
[Debug] [2026-7-2 11:29:44] Channel Index 1 :	Data Port: 24	Channel name: lprnet_rgb_data[1]
[Debug] [2026-7-2 11:29:44] Channel Index 2 :	Data Port: 25	Channel name: lprnet_rgb_data[2]
[Debug] [2026-7-2 11:29:44] Channel Index 3 :	Data Port: 26	Channel name: lprnet_rgb_data[3]
[Debug] [2026-7-2 11:29:44] Channel Index 4 :	Data Port: 27	Channel name: lprnet_rgb_data[4]
[Debug] [2026-7-2 11:29:44] Channel Index 5 :	Data Port: 28	Channel name: lprnet_rgb_data[5]
[Debug] [2026-7-2 11:29:44] Channel Index 6 :	Data Port: 29	Channel name: lprnet_rgb_data[6]
[Debug] [2026-7-2 11:29:44] Channel Index 7 :	Data Port: 2a	Channel name: lprnet_rgb_data[7]
[Debug] [2026-7-2 11:29:44] Channel Index 8 :	Data Port: 2b	Channel name: lprnet_rgb_data[8]
[Debug] [2026-7-2 11:29:44] Channel Index 9 :	Data Port: 2c	Channel name: lprnet_rgb_data[9]
[Debug] [2026-7-2 11:29:44] Channel Index a :	Data Port: 2d	Channel name: lprnet_rgb_data[10]
[Debug] [2026-7-2 11:29:44] Channel Index b :	Data Port: 2e	Channel name: lprnet_rgb_data[11]
[Debug] [2026-7-2 11:29:44] Channel Index c :	Data Port: 2f	Channel name: lprnet_rgb_data[12]
[Debug] [2026-7-2 11:29:44] Channel Index d :	Data Port: 30	Channel name: lprnet_rgb_data[13]
[Debug] [2026-7-2 11:29:44] Channel Index e :	Data Port: 31	Channel name: lprnet_rgb_data[14]
[Debug] [2026-7-2 11:29:44] Channel Index f :	Data Port: 32	Channel name: lprnet_rgb_data[15]
[Debug] [2026-7-2 11:29:44] Channel Index 10 :	Data Port: 33	Channel name: lprnet_rgb_data[16]
[Debug] [2026-7-2 11:29:44] Channel Index 11 :	Data Port: 34	Channel name: lprnet_rgb_data[17]
[Debug] [2026-7-2 11:29:44] Channel Index 12 :	Data Port: 35	Channel name: lprnet_rgb_data[18]
[Debug] [2026-7-2 11:29:44] Channel Index 13 :	Data Port: 36	Channel name: lprnet_rgb_data[19]
[Debug] [2026-7-2 11:29:44] Channel Index 14 :	Data Port: 37	Channel name: lprnet_rgb_data[20]
[Debug] [2026-7-2 11:29:44] Channel Index 15 :	Data Port: 38	Channel name: lprnet_rgb_data[21]
[Debug] [2026-7-2 11:29:44] Channel Index 16 :	Data Port: 39	Channel name: lprnet_rgb_data[22]
[Debug] [2026-7-2 11:29:44] Channel Index 17 :	Data Port: 3a	Channel name: lprnet_rgb_data[23]
[Debug] [2026-7-2 11:29:44] Trigger Condition: 
[Debug] [2026-7-2 11:29:44] Trigger Condition 0 :
[Debug] [2026-7-2 11:29:44] 	Is active: true
[Debug] [2026-7-2 11:29:44] 	Name: TriggerCondition0
[Debug] [2026-7-2 11:29:44] 	Equation: TU0
[Debug] [2026-7-2 11:29:44] 	Output enable type: 0
[Debug] [2026-7-2 11:29:44] 	Trigger condition type: 0
[Debug] [2026-7-2 11:29:44] 	Use contiguous match event: false
[Debug] [2026-7-2 11:29:44] /**************************************************************/
[Warn] [2026-7-2 11:29:44] MsgOut: Core 0 is stopped by user
[Error] [2026-7-2 11:29:44] MsgOut: Debugger-0006: Command run exec unsuccessfully.
[Debug] [2026-7-2 11:29:45] Operation: Trigger.
[Debug] [2026-7-2 11:29:45] Log::Print : run
[Debug] [2026-7-2 11:29:45] Send RPC: d.
[Debug] [2026-7-2 11:29:45] Send cmd [run:2713] OK
[Info] [2026-7-2 11:29:46] MsgOut: Core 0 trigger successful at Thu Jul  2 11:29:46 2026
[Debug] [2026-7-2 11:29:46] Operation: ZoomFit
[Debug] [2026-7-2 11:29:46] Finish.
[Debug] [2026-7-2 11:29:46] [BusValue] Opt:Flush.
[Debug] [2026-7-2 11:29:46] [BusValue] Opt:Update.
[Info] [2026-7-2 11:29:46] MsgOut: COMMAND[run] execute successfully, takes 0.5 secs.
[Debug] [2026-7-2 11:29:46] COMMAND[run] execute successfully, takes 0.5 secs.
[Debug] [2026-7-2 11:29:50] Operation: Trigger.
[Debug] [2026-7-2 11:29:50] Log::Print : run
[Debug] [2026-7-2 11:29:50] Send RPC: e.
[Debug] [2026-7-2 11:29:50] Send cmd [run:2713] OK
[Debug] [2026-7-2 11:30:02] Operation: Stop trigger.
[Debug] [2026-7-2 11:30:02] Log::Print : stop
[Debug] [2026-7-2 11:30:02] Send RPC: f.
[Debug] [2026-7-2 11:30:02] Send cmd [stop:271a] OK
[Info] [2026-7-2 11:30:02] MsgOut: COMMAND[stop] execute successfully, takes 0.0 secs.
[Debug] [2026-7-2 11:30:02] COMMAND[stop] execute successfully, takes 0.0 secs.
[Error] [2026-7-2 11:30:02] Fail to exec trigger command.
[Warn] [2026-7-2 11:30:02] cmdid:2713 HandleWarnExec msg:Core 0 is stopped by user
[Debug] [2026-7-2 11:30:02] HandleErrorExec run Show Core:
[Debug] [2026-7-2 11:30:02] /******************** Core Information *************************/
[Debug] [2026-7-2 11:30:02] Core basic info: 
[Debug] [2026-7-2 11:30:02] 	Core version: 0x9001f003
[Debug] [2026-7-2 11:30:02] 	Index: 0
[Debug] [2026-7-2 11:30:02] 	Name: MyFLA0
[Debug] [2026-7-2 11:30:02] 	Core type: 
[Debug] [2026-7-2 11:30:02] 	Data same as trigger: true
[Debug] [2026-7-2 11:30:02] 	Storage qualification: false
[Debug] [2026-7-2 11:30:02] 	Max data depth: 200
[Debug] [2026-7-2 11:30:02] 	Sample data width: 3b
[Debug] [2026-7-2 11:30:02] 	Trigger sequencer level: 1
[Debug] [2026-7-2 11:30:02] 	Trigger output enabled: false
[Debug] [2026-7-2 11:30:02] 	Multi windows enabled: false
[Debug] [2026-7-2 11:30:02] 	Reset wave property status: false
[Debug] [2026-7-2 11:30:02] Core Property: 
[Debug] [2026-7-2 11:30:02] 	Core version: 0x9001f003
[Debug] [2026-7-2 11:30:02] 	Index: 0
[Debug] [2026-7-2 11:30:02] 	Core type: 
[Debug] [2026-7-2 11:30:02] 	Data same as trigger: true
[Debug] [2026-7-2 11:30:02] 	Storage qualification: false
[Debug] [2026-7-2 11:30:02] 	Trigger output enabled: false
[Debug] [2026-7-2 11:30:02] 	Multi windows enabled: false
[Debug] [2026-7-2 11:30:02] 	Max data depth: 200
[Debug] [2026-7-2 11:30:02] 	Sample data width: 3b
[Debug] [2026-7-2 11:30:02] 	Trigger sequencer level: 1
[Debug] [2026-7-2 11:30:02] 	Channel num		Match unit num		Match unit type		Counter width		Port is data
[Debug] [2026-7-2 11:30:02] 	Trigger port 0 : 	3b	1	1	0	true
[Debug] [2026-7-2 11:30:02] Signals Property: 
[Debug] [2026-7-2 11:30:02] 	Window num: 1
[Debug] [2026-7-2 11:30:02] 	Samples num in window: 200
[Debug] [2026-7-2 11:30:02] 	Trigger time in window: 100
[Debug] [2026-7-2 11:30:02] 	Samples num: 200
[Debug] [2026-7-2 11:30:02] 	Negative time: true
[Debug] [2026-7-2 11:30:02] 	Signal type: 0
[Debug] [2026-7-2 11:30:02] 	Total trigger position: 1
[Debug] [2026-7-2 11:30:02] Storage Style Property: 
[Debug] [2026-7-2 11:30:02] 	Style type: 0
[Debug] [2026-7-2 11:30:02] 	Windows num: 1
[Debug] [2026-7-2 11:30:02] 	Depth per window: 200
[Debug] [2026-7-2 11:30:02] 	Window position: 100
[Debug] [2026-7-2 11:30:02] 	Samples per trigger: 200
[Debug] [2026-7-2 11:30:02] 	Storage qualification: All Data
[Debug] [2026-7-2 11:30:02] Data Port: 
[Debug] [2026-7-2 11:30:02] 	Max depth: 0
[Debug] [2026-7-2 11:30:02] 	Depth: 0
[Debug] [2026-7-2 11:30:02] Trigger Port: 
[Debug] [2026-7-2 11:30:02] Trigger Port 0 :
[Debug] [2026-7-2 11:30:02] 	Port index: 0
[Debug] [2026-7-2 11:30:02] 	Match type: 1
[Debug] [2026-7-2 11:30:02] 	Counter width: 0
[Debug] [2026-7-2 11:30:02] 	Is data: true
[Debug] [2026-7-2 11:30:02] Match Unit: 
[Debug] [2026-7-2 11:30:02] Match Unit 0 :
[Debug] [2026-7-2 11:30:02] 	Trigger port index: 0
[Debug] [2026-7-2 11:30:02] 	Value: XXXXXXXXXXXXXXXXXXXXXXXXX1XXXXXXXXXXXXXXXXXXXXXXXXXXXXXXXXX
[Debug] [2026-7-2 11:30:02] 	Index: 0
[Debug] [2026-7-2 11:30:02] 	Function: 0
[Debug] [2026-7-2 11:30:02] 	Radix: 
[Debug] [2026-7-2 11:30:02] 	Counter match event: 0
[Debug] [2026-7-2 11:30:02] 	Counter cycles: 1
[Debug] [2026-7-2 11:30:02] 	Trigger output enabled: true
[Debug] [2026-7-2 11:30:02] 	Range form : 00000000000000000000000000000000000000000000000000000000000 to 00000000000000000000000000000000000000000000000000000000000
[Debug] [2026-7-2 11:30:02] 	Is tp need deleted: false
[Debug] [2026-7-2 11:30:02] Bus: 
[Debug] [2026-7-2 11:30:02] Bus 0 :
[Debug] [2026-7-2 11:30:02] 	crop_wr_en
[Debug] [2026-7-2 11:30:02] Channel Index 0 :	Data Port: 0	Channel name: crop_wr_en[0]
[Debug] [2026-7-2 11:30:02] Channel Index 1 :	Data Port: 1	Channel name: crop_wr_en[1]
[Debug] [2026-7-2 11:30:02] Channel Index 2 :	Data Port: 2	Channel name: crop_wr_en[2]
[Debug] [2026-7-2 11:30:02] Channel Index 3 :	Data Port: 3	Channel name: crop_wr_en[3]
[Debug] [2026-7-2 11:30:02] Channel Index 4 :	Data Port: 4	Channel name: crop_wr_en[4]
[Debug] [2026-7-2 11:30:02] Channel Index 5 :	Data Port: 5	Channel name: crop_wr_en[5]
[Debug] [2026-7-2 11:30:02] Channel Index 6 :	Data Port: 6	Channel name: crop_wr_en[6]
[Debug] [2026-7-2 11:30:02] Channel Index 7 :	Data Port: 7	Channel name: crop_wr_en[7]
[Debug] [2026-7-2 11:30:02] Bus 1 :
[Debug] [2026-7-2 11:30:02] 	end_crop_wr
[Debug] [2026-7-2 11:30:02] Channel Index 0 :	Data Port: 8	Channel name: end_crop_wr[0]
[Debug] [2026-7-2 11:30:02] Channel Index 1 :	Data Port: 9	Channel name: end_crop_wr[1]
[Debug] [2026-7-2 11:30:02] Channel Index 2 :	Data Port: a	Channel name: end_crop_wr[2]
[Debug] [2026-7-2 11:30:02] Channel Index 3 :	Data Port: b	Channel name: end_crop_wr[3]
[Debug] [2026-7-2 11:30:02] Channel Index 4 :	Data Port: c	Channel name: end_crop_wr[4]
[Debug] [2026-7-2 11:30:02] Channel Index 5 :	Data Port: d	Channel name: end_crop_wr[5]
[Debug] [2026-7-2 11:30:02] Channel Index 6 :	Data Port: e	Channel name: end_crop_wr[6]
[Debug] [2026-7-2 11:30:02] Channel Index 7 :	Data Port: f	Channel name: end_crop_wr[7]
[Debug] [2026-7-2 11:30:02] Bus 2 :
[Debug] [2026-7-2 11:30:02] 	start_crop_wr
[Debug] [2026-7-2 11:30:02] Channel Index 0 :	Data Port: 10	Channel name: start_crop_wr[0]
[Debug] [2026-7-2 11:30:02] Channel Index 1 :	Data Port: 11	Channel name: start_crop_wr[1]
[Debug] [2026-7-2 11:30:02] Channel Index 2 :	Data Port: 12	Channel name: start_crop_wr[2]
[Debug] [2026-7-2 11:30:02] Channel Index 3 :	Data Port: 13	Channel name: start_crop_wr[3]
[Debug] [2026-7-2 11:30:02] Channel Index 4 :	Data Port: 14	Channel name: start_crop_wr[4]
[Debug] [2026-7-2 11:30:02] Channel Index 5 :	Data Port: 15	Channel name: start_crop_wr[5]
[Debug] [2026-7-2 11:30:02] Channel Index 6 :	Data Port: 16	Channel name: start_crop_wr[6]
[Debug] [2026-7-2 11:30:02] Channel Index 7 :	Data Port: 17	Channel name: start_crop_wr[7]
[Debug] [2026-7-2 11:30:02] Bus 3 :
[Debug] [2026-7-2 11:30:02] 	lprnet_out_char
[Debug] [2026-7-2 11:30:02] Channel Index 0 :	Data Port: 1a	Channel name: lprnet_out_char[0]
[Debug] [2026-7-2 11:30:02] Channel Index 1 :	Data Port: 1b	Channel name: lprnet_out_char[1]
[Debug] [2026-7-2 11:30:02] Channel Index 2 :	Data Port: 1c	Channel name: lprnet_out_char[2]
[Debug] [2026-7-2 11:30:02] Channel Index 3 :	Data Port: 1d	Channel name: lprnet_out_char[3]
[Debug] [2026-7-2 11:30:02] Channel Index 4 :	Data Port: 1e	Channel name: lprnet_out_char[4]
[Debug] [2026-7-2 11:30:02] Channel Index 5 :	Data Port: 1f	Channel name: lprnet_out_char[5]
[Debug] [2026-7-2 11:30:02] Channel Index 6 :	Data Port: 20	Channel name: lprnet_out_char[6]
[Debug] [2026-7-2 11:30:02] Bus 4 :
[Debug] [2026-7-2 11:30:02] 	lprnet_rgb_data
[Debug] [2026-7-2 11:30:02] Channel Index 0 :	Data Port: 23	Channel name: lprnet_rgb_data[0]
[Debug] [2026-7-2 11:30:02] Channel Index 1 :	Data Port: 24	Channel name: lprnet_rgb_data[1]
[Debug] [2026-7-2 11:30:02] Channel Index 2 :	Data Port: 25	Channel name: lprnet_rgb_data[2]
[Debug] [2026-7-2 11:30:02] Channel Index 3 :	Data Port: 26	Channel name: lprnet_rgb_data[3]
[Debug] [2026-7-2 11:30:02] Channel Index 4 :	Data Port: 27	Channel name: lprnet_rgb_data[4]
[Debug] [2026-7-2 11:30:02] Channel Index 5 :	Data Port: 28	Channel name: lprnet_rgb_data[5]
[Debug] [2026-7-2 11:30:02] Channel Index 6 :	Data Port: 29	Channel name: lprnet_rgb_data[6]
[Debug] [2026-7-2 11:30:02] Channel Index 7 :	Data Port: 2a	Channel name: lprnet_rgb_data[7]
[Debug] [2026-7-2 11:30:02] Channel Index 8 :	Data Port: 2b	Channel name: lprnet_rgb_data[8]
[Debug] [2026-7-2 11:30:02] Channel Index 9 :	Data Port: 2c	Channel name: lprnet_rgb_data[9]
[Debug] [2026-7-2 11:30:02] Channel Index a :	Data Port: 2d	Channel name: lprnet_rgb_data[10]
[Debug] [2026-7-2 11:30:02] Channel Index b :	Data Port: 2e	Channel name: lprnet_rgb_data[11]
[Debug] [2026-7-2 11:30:02] Channel Index c :	Data Port: 2f	Channel name: lprnet_rgb_data[12]
[Debug] [2026-7-2 11:30:02] Channel Index d :	Data Port: 30	Channel name: lprnet_rgb_data[13]
[Debug] [2026-7-2 11:30:02] Channel Index e :	Data Port: 31	Channel name: lprnet_rgb_data[14]
[Debug] [2026-7-2 11:30:02] Channel Index f :	Data Port: 32	Channel name: lprnet_rgb_data[15]
[Debug] [2026-7-2 11:30:02] Channel Index 10 :	Data Port: 33	Channel name: lprnet_rgb_data[16]
[Debug] [2026-7-2 11:30:02] Channel Index 11 :	Data Port: 34	Channel name: lprnet_rgb_data[17]
[Debug] [2026-7-2 11:30:02] Channel Index 12 :	Data Port: 35	Channel name: lprnet_rgb_data[18]
[Debug] [2026-7-2 11:30:02] Channel Index 13 :	Data Port: 36	Channel name: lprnet_rgb_data[19]
[Debug] [2026-7-2 11:30:02] Channel Index 14 :	Data Port: 37	Channel name: lprnet_rgb_data[20]
[Debug] [2026-7-2 11:30:02] Channel Index 15 :	Data Port: 38	Channel name: lprnet_rgb_data[21]
[Debug] [2026-7-2 11:30:02] Channel Index 16 :	Data Port: 39	Channel name: lprnet_rgb_data[22]
[Debug] [2026-7-2 11:30:02] Channel Index 17 :	Data Port: 3a	Channel name: lprnet_rgb_data[23]
[Debug] [2026-7-2 11:30:02] Trigger Condition: 
[Debug] [2026-7-2 11:30:02] Trigger Condition 0 :
[Debug] [2026-7-2 11:30:02] 	Is active: true
[Debug] [2026-7-2 11:30:02] 	Name: TriggerCondition0
[Debug] [2026-7-2 11:30:02] 	Equation: TU0
[Debug] [2026-7-2 11:30:02] 	Output enable type: 0
[Debug] [2026-7-2 11:30:02] 	Trigger condition type: 0
[Debug] [2026-7-2 11:30:02] 	Use contiguous match event: false
[Debug] [2026-7-2 11:30:02] /**************************************************************/
[Warn] [2026-7-2 11:30:02] MsgOut: Core 0 is stopped by user
[Error] [2026-7-2 11:30:02] MsgOut: Debugger-0006: Command run exec unsuccessfully.
[Debug] [2026-7-2 11:30:13] Operation: Trigger.
[Debug] [2026-7-2 11:30:13] Log::Print : run
[Debug] [2026-7-2 11:30:13] Send RPC: 10.
[Debug] [2026-7-2 11:30:13] Send cmd [run:2713] OK
[Info] [2026-7-2 11:30:13] MsgOut: Core 0 trigger successful at Thu Jul  2 11:30:13 2026
[Debug] [2026-7-2 11:30:13] Operation: ZoomFit
[Debug] [2026-7-2 11:30:13] Finish.
[Debug] [2026-7-2 11:30:13] [BusValue] Opt:Flush.
[Debug] [2026-7-2 11:30:13] [BusValue] Opt:Update.
[Info] [2026-7-2 11:30:13] MsgOut: COMMAND[run] execute successfully, takes 0.5 secs.
[Debug] [2026-7-2 11:30:13] COMMAND[run] execute successfully, takes 0.5 secs.
[Debug] [2026-7-2 11:32:48] Operation: Try to close window.
[Debug] [2026-7-2 11:32:49] /*************************** 2026-07-02 11:32:49  End ***************************/
[Debug] [2026-7-2 11:56:43] /*************************** 2026-07-02 11:56:43  Start ***************************/
[Debug] [2026-7-2 11:56:43] Path: C:/pango/PDS_2022.2-SP6.4/bin
[Debug] [2026-7-2 11:56:43] #Generated by Fabric Debugger (version 2022.2-SP6.4 build 146967) at Thu Jul  2 11:56:43 2026


[Info] [2026-7-2 11:56:44] MsgOut: Fabric Debugger Started.
[Debug] [2026-7-2 11:56:44] Main window show.
[Debug] [2026-7-2 11:56:46] Operation: Scan.
[Debug] [2026-7-2 11:56:46] Client Local host name:DESKTOP-VB8TKRO
[Debug] [2026-7-2 11:56:46] Client Local Address:2.0.0.1
[Debug] [2026-7-2 11:56:46] Client Local Address:192.168.44.1
[Debug] [2026-7-2 11:56:46] Client Local Address:192.168.176.1
[Debug] [2026-7-2 11:56:46] Client Local Address:10.210.132.87
[Debug] [2026-7-2 11:56:46] Server Address:127.0.0.1, Port:65420
[Info] [2026-7-2 11:56:46] MsgOut: Connecting to server[127.0.0.1 : 65420].
[Info] [2026-7-2 11:56:46] Connect OK, Server: 127.0.0.1  Port: 65420
[Info] [2026-7-2 11:56:46] MsgOut: Connect to server[127.0.0.1 : 65420] successfully.
[Debug] [2026-7-2 11:56:46] Finish.
[Debug] [2026-7-2 11:56:46] Log::Print : check version information
[Debug] [2026-7-2 11:56:46] Send RPC: 1.
[Debug] [2026-7-2 11:56:46] Send cmd [check version information:40004] OK
[Debug] [2026-7-2 11:56:46] Log::Print : get_cable_paras
[Debug] [2026-7-2 11:56:46] Send RPC: 2.
[Debug] [2026-7-2 11:56:46] Send cmd [get_cable_paras:40010] OK
[Debug] [2026-7-2 11:56:46] Log::Print : open_cable
[Debug] [2026-7-2 11:56:46] Send RPC: 3.
[Debug] [2026-7-2 11:56:46] Send cmd [open_cable:10001] OK
[Info] [2026-7-2 11:56:46] MsgOut: COMMAND[check version information] execute successfully, takes 0.0 secs.
[Debug] [2026-7-2 11:56:46] COMMAND[check version information] execute successfully, takes 0.0 secs.
[Info] [2026-7-2 11:56:47] MsgOut: The Cable List : 
Cable index 0:USB Cable II/fffffffffffffffe 

[Info] [2026-7-2 11:56:47] MsgOut: COMMAND[get_cable_paras] execute successfully, takes 0.7 secs.
[Debug] [2026-7-2 11:56:47] COMMAND[get_cable_paras] execute successfully, takes 0.7 secs.
[Info] [2026-7-2 11:56:50] MsgOut: PANGO USB CABLE II cable driver: D2XX DLL
[Info] [2026-7-2 11:56:52] MsgOut: COMMAND[open_cable] execute successfully, takes 5.8 secs.
[Debug] [2026-7-2 11:56:52] COMMAND[open_cable] execute successfully, takes 5.8 secs.
[Debug] [2026-7-2 11:56:54] Configure.
[Debug] [2026-7-2 11:56:56] Operation: Program.
[Debug] [2026-7-2 11:56:56] Log::Print : configure
[Debug] [2026-7-2 11:56:56] Send RPC: 4.
[Debug] [2026-7-2 11:56:56] Send cmd [configure:10002] OK
[Debug] [2026-7-2 11:56:57] The value is 6.
[Debug] [2026-7-2 11:56:57] The value is 10.
[Debug] [2026-7-2 11:56:58] The value is 15.
[Debug] [2026-7-2 11:56:58] The value is 20.
[Debug] [2026-7-2 11:56:59] The value is 25.
[Debug] [2026-7-2 11:56:59] The value is 30.
[Debug] [2026-7-2 11:56:59] The value is 35.
[Debug] [2026-7-2 11:57:00] The value is 40.
[Debug] [2026-7-2 11:57:00] The value is 45.
[Debug] [2026-7-2 11:57:00] The value is 50.
[Debug] [2026-7-2 11:57:01] The value is 55.
[Debug] [2026-7-2 11:57:01] The value is 60.
[Debug] [2026-7-2 11:57:02] The value is 65.
[Debug] [2026-7-2 11:57:02] The value is 70.
[Debug] [2026-7-2 11:57:02] The value is 75.
[Debug] [2026-7-2 11:57:03] The value is 80.
[Debug] [2026-7-2 11:57:03] The value is 85.
[Debug] [2026-7-2 11:57:04] The value is 90.
[Debug] [2026-7-2 11:57:04] The value is 95.
[Debug] [2026-7-2 11:57:04] The value is 100.
[Debug] [2026-7-2 11:57:05] [BusValue] Opt:Add.
[Debug] [2026-7-2 11:57:05] [BusValue] Opt:Add.
[Debug] [2026-7-2 11:57:05] [BusValue] Opt:Add.
[Debug] [2026-7-2 11:57:05] [BusValue] Opt:Add.
[Debug] [2026-7-2 11:57:05] [BusValue] Opt:Add.
[Info] [2026-7-2 11:57:05] MsgOut: COMMAND[configure] execute successfully, takes 9.0 secs.
[Debug] [2026-7-2 11:57:05] COMMAND[configure] execute successfully, takes 9.0 secs.
[Debug] [2026-7-2 11:57:06] Log::Print : Import Core: 0 OK
[Debug] [2026-7-2 11:57:13] Configure.
[Debug] [2026-7-2 11:57:16] Operation: Program.
[Debug] [2026-7-2 11:57:16] Log::Print : configure
[Debug] [2026-7-2 11:57:16] Send RPC: 5.
[Debug] [2026-7-2 11:57:16] Send cmd [configure:10002] OK
[Debug] [2026-7-2 11:57:17] The value is 6.
[Debug] [2026-7-2 11:57:17] The value is 10.
[Debug] [2026-7-2 11:57:17] The value is 15.
[Debug] [2026-7-2 11:57:18] The value is 20.
[Debug] [2026-7-2 11:57:18] The value is 25.
[Debug] [2026-7-2 11:57:18] The value is 30.
[Debug] [2026-7-2 11:57:19] The value is 35.
[Debug] [2026-7-2 11:57:19] The value is 40.
[Debug] [2026-7-2 11:57:20] The value is 45.
[Debug] [2026-7-2 11:57:20] The value is 50.
[Debug] [2026-7-2 11:57:20] The value is 55.
[Debug] [2026-7-2 11:57:21] The value is 60.
[Debug] [2026-7-2 11:57:21] The value is 65.
[Debug] [2026-7-2 11:57:22] The value is 70.
[Debug] [2026-7-2 11:57:22] The value is 75.
[Debug] [2026-7-2 11:57:22] The value is 80.
[Debug] [2026-7-2 11:57:23] The value is 85.
[Debug] [2026-7-2 11:57:23] The value is 90.
[Debug] [2026-7-2 11:57:23] The value is 95.
[Debug] [2026-7-2 11:57:24] The value is 100.
[Info] [2026-7-2 11:57:25] MsgOut: COMMAND[configure] execute successfully, takes 8.8 secs.
[Debug] [2026-7-2 11:57:25] COMMAND[configure] execute successfully, takes 8.8 secs.
[Warn] [2026-7-2 11:57:25] MsgOut: Debugger-4002: Core Parse: Trigger Port bus name:crop_wr_en exist, fail to import.
[Warn] [2026-7-2 11:57:25] MsgOut: Debugger-4002: Core Parse: Trigger Port bus name:end_crop_wr exist, fail to import.
[Warn] [2026-7-2 11:57:25] MsgOut: Debugger-4002: Core Parse: Trigger Port bus name:start_crop_wr exist, fail to import.
[Warn] [2026-7-2 11:57:25] MsgOut: Debugger-4002: Core Parse: Trigger Port bus name:lprnet_out_char exist, fail to import.
[Warn] [2026-7-2 11:57:25] MsgOut: Debugger-4002: Core Parse: Trigger Port bus name:lprnet_rgb_data exist, fail to import.
[Warn] [2026-7-2 11:57:25] MsgOut: Debugger-4002: Core Parse: Bus name:crop_wr_en exist, fail to import.
[Warn] [2026-7-2 11:57:25] MsgOut: Debugger-4002: Core Parse: Bus name:end_crop_wr exist, fail to import.
[Warn] [2026-7-2 11:57:25] MsgOut: Debugger-4002: Core Parse: Bus name:start_crop_wr exist, fail to import.
[Warn] [2026-7-2 11:57:25] MsgOut: Debugger-4002: Core Parse: Bus name:lprnet_out_char exist, fail to import.
[Warn] [2026-7-2 11:57:25] MsgOut: Debugger-4002: Core Parse: Bus name:lprnet_rgb_data exist, fail to import.
[Debug] [2026-7-2 11:57:25] Log::Print : Import Core: 0 OK
[Debug] [2026-7-2 11:57:37] Operation: Try to close window.
[Debug] [2026-7-2 11:57:37] /*************************** 2026-07-02 11:57:37  End ***************************/
