#Build: Fabric Compiler 2022.2-SP6.4, Build 146967, Jan 31 01:39 2024
#Install: C:\pango\PDS_2022.2-SP6.4\bin
#Application name: pds_shell.exe
#OS: Windows 10 10.0.22631
#Hostname: DESKTOP-VB8TKRO
Generated by Fabric Compiler (version 2022.2-SP6.4 build 146967) at Wed Jul  1 23:28:25 2026
Compiling verification operator library.
Compiling common defs.
Loading technology operator library.
Compiling technology operator library.
Compiling technology operator (valence) library.
Compiling operator packing rules.
Compiling prim grid devices.
Compiling gate devices.
Compiling gate operators.
Compiling tech operator impls.
Building architecture model.
Loading device packaging model.
Flattening design 'hdmi_loop'
W: Adm-4019: Unable to further flatten instance 'u_lprnet_top/u_layer20'. The design is empty.
W: Adm-4019: Unable to further flatten instance 'u_lprnet_top/u_layer21'. The design is empty.
W: Adm-4019: Unable to further flatten instance 'u_lprnet_top/u_layer24'. The design is empty.
W: Public-4008: Instance 'u_lprnet_top/u_layer22/u_input_layer/pixel_valid' of 'GTP_DFF_E' unit is dangling and will be cleaned.
W: Public-4008: Instance 'u_lprnet_top/u_layer22/u_input_layer/pp_wr_cnt[0]' of 'GTP_DFF_CE' unit is dangling and will be cleaned.
W: Public-4008: Instance 'u_lprnet_top/u_layer22/u_input_layer/pp_wr_cnt[1]' of 'GTP_DFF_CE' unit is dangling and will be cleaned.
W: Public-4008: Instance 'u_lprnet_top/u_layer22/u_input_layer/pp_wr_cnt[2]' of 'GTP_DFF_CE' unit is dangling and will be cleaned.
W: Public-4008: Instance 'u_lprnet_top/u_layer22/u_input_layer/pp_wr_cnt[3]' of 'GTP_DFF_CE' unit is dangling and will be cleaned.
W: Public-4008: Instance 'u_lprnet_top/u_layer22/u_input_layer/pp_wr_cnt[4]' of 'GTP_DFF_CE' unit is dangling and will be cleaned.
W: Public-4008: Instance 'u_lprnet_top/u_layer22/u_input_layer/pp_wr_cnt[5]' of 'GTP_DFF_CE' unit is dangling and will be cleaned.
W: Public-4008: Instance 'u_lprnet_top/u_layer22/u_input_layer/pp_wr_cnt[6]' of 'GTP_DFF_CE' unit is dangling and will be cleaned.
W: Public-4008: Instance 'u_lprnet_top/u_layer22/u_input_layer/pp_wr_cnt[7]' of 'GTP_DFF_CE' unit is dangling and will be cleaned.
W: Public-4008: Instance 'u_lprnet_top/u_layer22/u_input_layer/pp_wr_cnt[8]' of 'GTP_DFF_CE' unit is dangling and will be cleaned.
W: Public-4008: Instance 'u_lprnet_top/u_layer22/u_input_layer/pp_wr_cnt[9]' of 'GTP_DFF_CE' unit is dangling and will be cleaned.
W: Public-4008: Instance 'u_lprnet_top/u_layer23/u_input_layer/data_out_valid' of 'GTP_DFF_C' unit is dangling and will be cleaned.
W: Public-4008: Instance 'u_lprnet_top/u_layer23/u_input_layer/pixel_valid' of 'GTP_DFF_E' unit is dangling and will be cleaned.
W: Public-4008: Instance 'u_lprnet_top/u_layer25/u_input_layer/pixel_valid' of 'GTP_DFF_E' unit is dangling and will be cleaned.
W: Public-4008: Instance 'u_lprnet_top/u_layer25/u_input_layer/pp_wr_cnt[0]' of 'GTP_DFF_CE' unit is dangling and will be cleaned.
W: Public-4008: Instance 'u_lprnet_top/u_layer25/u_input_layer/pp_wr_cnt[1]' of 'GTP_DFF_CE' unit is dangling and will be cleaned.
W: Public-4008: Instance 'u_lprnet_top/u_layer25/u_input_layer/pp_wr_cnt[2]' of 'GTP_DFF_CE' unit is dangling and will be cleaned.
W: Public-4008: Instance 'u_lprnet_top/u_layer25/u_input_layer/pp_wr_cnt[3]' of 'GTP_DFF_CE' unit is dangling and will be cleaned.
W: Public-4008: Instance 'u_lprnet_top/u_layer25/u_input_layer/pp_wr_cnt[4]' of 'GTP_DFF_CE' unit is dangling and will be cleaned.
W: Public-4008: Instance 'u_lprnet_top/u_layer25/u_input_layer/pp_wr_cnt[5]' of 'GTP_DFF_CE' unit is dangling and will be cleaned.
W: Public-4008: Instance 'u_lprnet_top/u_layer25/u_input_layer/pp_wr_cnt[6]' of 'GTP_DFF_CE' unit is dangling and will be cleaned.
W: Public-4008: Instance 'u_lprnet_top/u_layer25/u_input_layer/pp_wr_cnt[7]' of 'GTP_DFF_CE' unit is dangling and will be cleaned.
W: Public-4008: Instance 'u_lprnet_top/u_layer25/u_input_layer/pp_wr_cnt[8]' of 'GTP_DFF_CE' unit is dangling and will be cleaned.
W: Public-4008: Instance 'u_lprnet_top/u_layer25/u_input_layer/pp_wr_cnt[9]' of 'GTP_DFF_CE' unit is dangling and will be cleaned.
W: Public-4008: Instance 'u_lprnet_top/u_layer25/u_input_layer/pp_wr_cnt[10]' of 'GTP_DFF_CE' unit is dangling and will be cleaned.
W: Public-4008: Instance 'u_lprnet_top/u_layer26/u_input_layer/data_out_valid' of 'GTP_DFF_C' unit is dangling and will be cleaned.
W: Public-4008: Instance 'u_lprnet_top/u_layer26/u_input_layer/pixel_valid' of 'GTP_DFF_E' unit is dangling and will be cleaned.
W: Public-4008: Instance 'u_lprnet_top/u_layer27/u_input_layer/data_out_valid' of 'GTP_DFF_C' unit is dangling and will be cleaned.
W: Public-4008: Instance 'u_lprnet_top/u_layer29/u_input_layer/data_out_valid' of 'GTP_DFF_C' unit is dangling and will be cleaned.
W: Public-4008: Instance 'u_lprnet_top/u_layer30/u_input_layer/data_out_valid' of 'GTP_DFF_C' unit is dangling and will be cleaned.
W: Public-4008: Instance 'u_lprnet_top/u_layer31/u_input_layer/data_out_valid' of 'GTP_DFF_C' unit is dangling and will be cleaned.
W: Public-4008: Instance 'u_lprnet_top/u_post_process/u_extrema_finder/val_out[0]' of 'GTP_DFF_CE' unit is dangling and will be cleaned.
W: Public-4008: Instance 'u_lprnet_top/u_post_process/u_extrema_finder/val_out[1]' of 'GTP_DFF_CE' unit is dangling and will be cleaned.
W: Public-4008: Instance 'u_lprnet_top/u_post_process/u_extrema_finder/val_out[2]' of 'GTP_DFF_CE' unit is dangling and will be cleaned.
W: Public-4008: Instance 'u_lprnet_top/u_post_process/u_extrema_finder/val_out[3]' of 'GTP_DFF_CE' unit is dangling and will be cleaned.
W: Public-4008: Instance 'u_lprnet_top/u_post_process/u_extrema_finder/val_out[4]' of 'GTP_DFF_CE' unit is dangling and will be cleaned.
W: Public-4008: Instance 'u_lprnet_top/u_post_process/u_extrema_finder/val_out[5]' of 'GTP_DFF_CE' unit is dangling and will be cleaned.
W: Public-4008: Instance 'u_lprnet_top/u_post_process/u_extrema_finder/val_out[6]' of 'GTP_DFF_CE' unit is dangling and will be cleaned.
W: Public-4008: Instance 'u_lprnet_top/u_post_process/u_extrema_finder/val_out[7]' of 'GTP_DFF_CE' unit is dangling and will be cleaned.
W: Public-4008: Instance 'u_lprnet_top/u_post_process/u_extrema_finder/val_out[8]' of 'GTP_DFF_CE' unit is dangling and will be cleaned.
W: Public-4008: Instance 'u_lprnet_top/u_post_process/u_extrema_finder/val_out[9]' of 'GTP_DFF_CE' unit is dangling and will be cleaned.
W: Public-4008: Instance 'u_lprnet_top/u_post_process/u_extrema_finder/val_out[10]' of 'GTP_DFF_CE' unit is dangling and will be cleaned.
W: Public-4008: Instance 'u_lprnet_top/u_post_process/u_extrema_finder/val_out[11]' of 'GTP_DFF_CE' unit is dangling and will be cleaned.
W: Public-4008: Instance 'u_lprnet_top/u_post_process/u_extrema_finder/val_out[12]' of 'GTP_DFF_CE' unit is dangling and will be cleaned.
W: Public-4008: Instance 'u_top_yolo/u_layer0/u_input_layer/data_out_valid' of 'GTP_DFF_C' unit is dangling and will be cleaned.
W: Public-4008: Instance 'u_top_yolo/u_layer1/u_input_layer/data_out_valid' of 'GTP_DFF_C' unit is dangling and will be cleaned.
W: Public-4008: Instance 'u_top_yolo/u_layer2/u_input_layer/data_out_valid' of 'GTP_DFF_C' unit is dangling and will be cleaned.
W: Public-4008: Instance 'u_top_yolo/u_layer3/u_input_layer/data_out_valid' of 'GTP_DFF_C' unit is dangling and will be cleaned.
W: Public-4008: Instance 'u_top_yolo/u_layer4/u_input_layer/data_out_valid' of 'GTP_DFF_C' unit is dangling and will be cleaned.
W: Public-4008: Instance 'u_top_yolo/u_layer5/u_input_layer/data_out_valid' of 'GTP_DFF_C' unit is dangling and will be cleaned.
W: Public-4008: Instance 'u_top_yolo/u_layer6/u_input_layer/data_out_valid' of 'GTP_DFF_C' unit is dangling and will be cleaned.
W: Public-4008: Instance 'u_top_yolo/u_layer7/u_input_layer/data_out_valid' of 'GTP_DFF_C' unit is dangling and will be cleaned.
W: Public-4008: Instance 'u_top_yolo/u_layer8/u_input_layer/data_out_valid' of 'GTP_DFF_C' unit is dangling and will be cleaned.
W: Public-4008: Instance 'u_top_yolo/u_layer9/u_input_layer/data_out_valid' of 'GTP_DFF_C' unit is dangling and will be cleaned.
W: Public-4008: Instance 'u_top_yolo/u_layer10/u_input_layer/data_out_valid' of 'GTP_DFF_C' unit is dangling and will be cleaned.
W: Public-4008: Instance 'u_ddr_video_delay_sync/u_ddr3_test/u_ddrphy_top/ddrphy_reset_ctrl/ddrphy_ioclk_gate[2]' of 'GTP_DFF_P' unit is dangling and will be cleaned.
W: Public-4008: Instance 'u_ddr_video_delay_sync/u_ddr3_test/u_ddrphy_top/ddrphy_calib_top/ddrphy_wrcal/wrcal_move_en[4]' of 'GTP_DFF_C' unit is dangling and will be cleaned.
W: Public-4008: Instance 'u_ddr_video_delay_sync/u_ddr3_test/u_ddrphy_top/ddrphy_calib_top/ddrphy_wrcal/wrcal_move_en[5]' of 'GTP_DFF_C' unit is dangling and will be cleaned.
W: Public-4008: Instance 'u_ddr_video_delay_sync/u_ddr3_test/u_ddrphy_top/ddrphy_calib_top/ddrphy_wrcal/wrcal_move_en[6]' of 'GTP_DFF_C' unit is dangling and will be cleaned.
W: Public-4008: Instance 'u_ddr_video_delay_sync/u_ddr3_test/u_ddrphy_top/ddrphy_calib_top/ddrphy_wrcal/wrcal_move_en[7]' of 'GTP_DFF_C' unit is dangling and will be cleaned.
W: Public-4008: Instance 'u_ddr_video_delay_sync/u_ddr3_test/u_ddrphy_top/ddrphy_calib_top/ddrphy_wrcal/wrcal_move_en[8]' of 'GTP_DFF_C' unit is dangling and will be cleaned.
W: Public-4008: Instance 'u_ddr_video_delay_sync/u_ddr3_test/u_ddrphy_top/ddrphy_calib_top/ddrphy_wrcal/write_calibration[4]' of 'GTP_DFF_C' unit is dangling and will be cleaned.
W: Public-4008: Instance 'u_ddr_video_delay_sync/u_ddr3_test/u_ddrphy_top/ddrphy_calib_top/ddrphy_wrcal/write_calibration[5]' of 'GTP_DFF_C' unit is dangling and will be cleaned.
W: Public-4008: Instance 'u_ddr_video_delay_sync/u_ddr3_test/u_ddrphy_top/ddrphy_calib_top/ddrphy_wrcal/write_calibration[6]' of 'GTP_DFF_C' unit is dangling and will be cleaned.
W: Public-4008: Instance 'u_ddr_video_delay_sync/u_ddr3_test/u_ddrphy_top/ddrphy_calib_top/ddrphy_wrcal/write_calibration[7]' of 'GTP_DFF_C' unit is dangling and will be cleaned.
W: Public-4008: Instance 'u_ddr_video_delay_sync/u_ddr3_test/u_ddrphy_top/ddrphy_calib_top/ddrphy_wrcal/write_calibration[8]' of 'GTP_DFF_C' unit is dangling and will be cleaned.
Device mapping started.
Optimizing circuit logic.
I: Const net (pin RSTY of inst u_box_overlay_sync/N463) has been disconnected.
I: Const net (pin RSTY of inst u_box_overlay_sync/N475_m1) has been disconnected.
I: Const net (pin RSTX of inst u_box_overlay_sync/N475_m2) has been disconnected.
I: Const net (pin RSTY of inst u_box_overlay_sync/N1155) has been disconnected.
I: Const net (pin RSTY of inst u_box_overlay_sync/N1167_m1) has been disconnected.
I: Const net (pin RSTX of inst u_box_overlay_sync/N1167_m2) has been disconnected.
I: Const net (pin RSTY of inst u_box_overlay_sync/N1847) has been disconnected.
I: Const net (pin RSTY of inst u_box_overlay_sync/N1859_m1) has been disconnected.
I: Const net (pin RSTX of inst u_box_overlay_sync/N1859_m2) has been disconnected.
I: Const net (pin RSTY of inst u_box_overlay_sync/N2539) has been disconnected.
I: Const net (pin RSTY of inst u_box_overlay_sync/N2551_m1) has been disconnected.
I: Const net (pin RSTX of inst u_box_overlay_sync/N2551_m2) has been disconnected.
I: Const net (pin RSTY of inst u_box_overlay_sync/N3231) has been disconnected.
I: Const net (pin RSTY of inst u_box_overlay_sync/N3243_m1) has been disconnected.
I: Const net (pin RSTX of inst u_box_overlay_sync/N3243_m2) has been disconnected.
I: Const net (pin RSTY of inst u_box_overlay_sync/N3923) has been disconnected.
I: Const net (pin RSTY of inst u_box_overlay_sync/N3935_m1) has been disconnected.
I: Const net (pin RSTX of inst u_box_overlay_sync/N3935_m2) has been disconnected.
I: Const net (pin RSTY of inst u_box_overlay_sync/N4615) has been disconnected.
I: Const net (pin RSTY of inst u_box_overlay_sync/N4627_m1) has been disconnected.
I: Const net (pin RSTX of inst u_box_overlay_sync/N4627_m2) has been disconnected.
I: Const net (pin RSTY of inst u_box_overlay_sync/N5307) has been disconnected.
I: Const net (pin RSTY of inst u_box_overlay_sync/N5319_m1) has been disconnected.
I: Const net (pin RSTX of inst u_box_overlay_sync/N5319_m2) has been disconnected.
I: Const net (pin CEX1 of inst u_lprnet_top/u_layer27/genblk1.gen_pages[0].pe_inst.u_pe_page/pe_col_inst[0].u_pe_col/pe_inst[0].u_pe/N3) has been disconnected.
I: Const net (pin RSTX of inst u_lprnet_top/u_layer27/genblk1.gen_pages[0].pe_inst.u_pe_page/pe_col_inst[0].u_pe_col/pe_inst[0].u_pe/N3) has been disconnected.
I: Const net (pin CEY1 of inst u_lprnet_top/u_layer27/genblk1.gen_pages[0].pe_inst.u_pe_page/pe_col_inst[0].u_pe_col/pe_inst[0].u_pe/N3) has been disconnected.
I: Const net (pin RSTY of inst u_lprnet_top/u_layer27/genblk1.gen_pages[0].pe_inst.u_pe_page/pe_col_inst[0].u_pe_col/pe_inst[0].u_pe/N3) has been disconnected.
I: Const net (pin CEM of inst u_lprnet_top/u_layer27/genblk1.gen_pages[0].pe_inst.u_pe_page/pe_col_inst[0].u_pe_col/pe_inst[0].u_pe/N3) has been disconnected.
I: Const net (pin RSTM of inst u_lprnet_top/u_layer27/genblk1.gen_pages[0].pe_inst.u_pe_page/pe_col_inst[0].u_pe_col/pe_inst[0].u_pe/N3) has been disconnected.
I: Const net (pin CEX1 of inst u_lprnet_top/u_layer27/genblk1.gen_pages[0].pe_inst.u_pe_page/pe_col_inst[0].u_pe_col/pe_inst[0].u_pe_1/N3) has been disconnected.
I: Const net (pin RSTX of inst u_lprnet_top/u_layer27/genblk1.gen_pages[0].pe_inst.u_pe_page/pe_col_inst[0].u_pe_col/pe_inst[0].u_pe_1/N3) has been disconnected.
I: Const net (pin CEY1 of inst u_lprnet_top/u_layer27/genblk1.gen_pages[0].pe_inst.u_pe_page/pe_col_inst[0].u_pe_col/pe_inst[0].u_pe_1/N3) has been disconnected.
I: Const net (pin RSTY of inst u_lprnet_top/u_layer27/genblk1.gen_pages[0].pe_inst.u_pe_page/pe_col_inst[0].u_pe_col/pe_inst[0].u_pe_1/N3) has been disconnected.
I: Const net (pin CEM of inst u_lprnet_top/u_layer27/genblk1.gen_pages[0].pe_inst.u_pe_page/pe_col_inst[0].u_pe_col/pe_inst[0].u_pe_1/N3) has been disconnected.
I: Const net (pin RSTM of inst u_lprnet_top/u_layer27/genblk1.gen_pages[0].pe_inst.u_pe_page/pe_col_inst[0].u_pe_col/pe_inst[0].u_pe_1/N3) has been disconnected.
I: Const net (pin CEX1 of inst u_lprnet_top/u_layer27/genblk1.gen_pages[0].pe_inst.u_pe_page/pe_col_inst[0].u_pe_col/pe_inst[0].u_pe_2/N3) has been disconnected.
I: Const net (pin RSTX of inst u_lprnet_top/u_layer27/genblk1.gen_pages[0].pe_inst.u_pe_page/pe_col_inst[0].u_pe_col/pe_inst[0].u_pe_2/N3) has been disconnected.
I: Const net (pin CEY1 of inst u_lprnet_top/u_layer27/genblk1.gen_pages[0].pe_inst.u_pe_page/pe_col_inst[0].u_pe_col/pe_inst[0].u_pe_2/N3) has been disconnected.
I: Const net (pin RSTY of inst u_lprnet_top/u_layer27/genblk1.gen_pages[0].pe_inst.u_pe_page/pe_col_inst[0].u_pe_col/pe_inst[0].u_pe_2/N3) has been disconnected.
I: Const net (pin CEM of inst u_lprnet_top/u_layer27/genblk1.gen_pages[0].pe_inst.u_pe_page/pe_col_inst[0].u_pe_col/pe_inst[0].u_pe_2/N3) has been disconnected.
I: Const net (pin RSTM of inst u_lprnet_top/u_layer27/genblk1.gen_pages[0].pe_inst.u_pe_page/pe_col_inst[0].u_pe_col/pe_inst[0].u_pe_2/N3) has been disconnected.
I: Const net (pin CEX1 of inst u_lprnet_top/u_layer27/genblk1.gen_pages[0].pe_inst.u_pe_page/pe_col_inst[0].u_pe_col/pe_inst[0].u_pe_3/N3) has been disconnected.
I: Const net (pin RSTX of inst u_lprnet_top/u_layer27/genblk1.gen_pages[0].pe_inst.u_pe_page/pe_col_inst[0].u_pe_col/pe_inst[0].u_pe_3/N3) has been disconnected.
I: Const net (pin CEY1 of inst u_lprnet_top/u_layer27/genblk1.gen_pages[0].pe_inst.u_pe_page/pe_col_inst[0].u_pe_col/pe_inst[0].u_pe_3/N3) has been disconnected.
I: Const net (pin RSTY of inst u_lprnet_top/u_layer27/genblk1.gen_pages[0].pe_inst.u_pe_page/pe_col_inst[0].u_pe_col/pe_inst[0].u_pe_3/N3) has been disconnected.
I: Const net (pin CEM of inst u_lprnet_top/u_layer27/genblk1.gen_pages[0].pe_inst.u_pe_page/pe_col_inst[0].u_pe_col/pe_inst[0].u_pe_3/N3) has been disconnected.
I: Const net (pin RSTM of inst u_lprnet_top/u_layer27/genblk1.gen_pages[0].pe_inst.u_pe_page/pe_col_inst[0].u_pe_col/pe_inst[0].u_pe_3/N3) has been disconnected.
I: Const net (pin CEX1 of inst u_lprnet_top/u_layer27/genblk1.gen_pages[0].pe_inst.u_pe_page/pe_col_inst[0].u_pe_col/pe_inst[0].u_pe_4/N3) has been disconnected.
I: Const net (pin RSTX of inst u_lprnet_top/u_layer27/genblk1.gen_pages[0].pe_inst.u_pe_page/pe_col_inst[0].u_pe_col/pe_inst[0].u_pe_4/N3) has been disconnected.
I: Const net (pin CEY1 of inst u_lprnet_top/u_layer27/genblk1.gen_pages[0].pe_inst.u_pe_page/pe_col_inst[0].u_pe_col/pe_inst[0].u_pe_4/N3) has been disconnected.
I: Const net (pin RSTY of inst u_lprnet_top/u_layer27/genblk1.gen_pages[0].pe_inst.u_pe_page/pe_col_inst[0].u_pe_col/pe_inst[0].u_pe_4/N3) has been disconnected.
I: Const net (pin CEM of inst u_lprnet_top/u_layer27/genblk1.gen_pages[0].pe_inst.u_pe_page/pe_col_inst[0].u_pe_col/pe_inst[0].u_pe_4/N3) has been disconnected.
I: Const net (pin RSTM of inst u_lprnet_top/u_layer27/genblk1.gen_pages[0].pe_inst.u_pe_page/pe_col_inst[0].u_pe_col/pe_inst[0].u_pe_4/N3) has been disconnected.
I: Const net (pin CEX1 of inst u_lprnet_top/u_layer27/genblk1.gen_pages[0].pe_inst.u_pe_page/pe_col_inst[0].u_pe_col/pe_inst[0].u_pe_5/N3) has been disconnected.
I: Const net (pin RSTX of inst u_lprnet_top/u_layer27/genblk1.gen_pages[0].pe_inst.u_pe_page/pe_col_inst[0].u_pe_col/pe_inst[0].u_pe_5/N3) has been disconnected.
I: Const net (pin CEY1 of inst u_lprnet_top/u_layer27/genblk1.gen_pages[0].pe_inst.u_pe_page/pe_col_inst[0].u_pe_col/pe_inst[0].u_pe_5/N3) has been disconnected.
I: Const net (pin RSTY of inst u_lprnet_top/u_layer27/genblk1.gen_pages[0].pe_inst.u_pe_page/pe_col_inst[0].u_pe_col/pe_inst[0].u_pe_5/N3) has been disconnected.
I: Const net (pin CEM of inst u_lprnet_top/u_layer27/genblk1.gen_pages[0].pe_inst.u_pe_page/pe_col_inst[0].u_pe_col/pe_inst[0].u_pe_5/N3) has been disconnected.
I: Const net (pin RSTM of inst u_lprnet_top/u_layer27/genblk1.gen_pages[0].pe_inst.u_pe_page/pe_col_inst[0].u_pe_col/pe_inst[0].u_pe_5/N3) has been disconnected.
I: Const net (pin CEX1 of inst u_lprnet_top/u_layer27/genblk1.gen_pages[0].pe_inst.u_pe_page/pe_col_inst[0].u_pe_col/pe_inst[0].u_pe_6/N3) has been disconnected.
I: Const net (pin RSTX of inst u_lprnet_top/u_layer27/genblk1.gen_pages[0].pe_inst.u_pe_page/pe_col_inst[0].u_pe_col/pe_inst[0].u_pe_6/N3) has been disconnected.
I: Const net (pin CEY1 of inst u_lprnet_top/u_layer27/genblk1.gen_pages[0].pe_inst.u_pe_page/pe_col_inst[0].u_pe_col/pe_inst[0].u_pe_6/N3) has been disconnected.
I: Const net (pin RSTY of inst u_lprnet_top/u_layer27/genblk1.gen_pages[0].pe_inst.u_pe_page/pe_col_inst[0].u_pe_col/pe_inst[0].u_pe_6/N3) has been disconnected.
I: Const net (pin CEM of inst u_lprnet_top/u_layer27/genblk1.gen_pages[0].pe_inst.u_pe_page/pe_col_inst[0].u_pe_col/pe_inst[0].u_pe_6/N3) has been disconnected.
I: Const net (pin RSTM of inst u_lprnet_top/u_layer27/genblk1.gen_pages[0].pe_inst.u_pe_page/pe_col_inst[0].u_pe_col/pe_inst[0].u_pe_6/N3) has been disconnected.
I: Const net (pin CEX1 of inst u_lprnet_top/u_layer27/genblk1.gen_pages[0].pe_inst.u_pe_page/pe_col_inst[0].u_pe_col/pe_inst[0].u_pe_7/N3) has been disconnected.
I: Const net (pin RSTX of inst u_lprnet_top/u_layer27/genblk1.gen_pages[0].pe_inst.u_pe_page/pe_col_inst[0].u_pe_col/pe_inst[0].u_pe_7/N3) has been disconnected.
I: Const net (pin CEY1 of inst u_lprnet_top/u_layer27/genblk1.gen_pages[0].pe_inst.u_pe_page/pe_col_inst[0].u_pe_col/pe_inst[0].u_pe_7/N3) has been disconnected.
I: Const net (pin RSTY of inst u_lprnet_top/u_layer27/genblk1.gen_pages[0].pe_inst.u_pe_page/pe_col_inst[0].u_pe_col/pe_inst[0].u_pe_7/N3) has been disconnected.
I: Const net (pin CEM of inst u_lprnet_top/u_layer27/genblk1.gen_pages[0].pe_inst.u_pe_page/pe_col_inst[0].u_pe_col/pe_inst[0].u_pe_7/N3) has been disconnected.
I: Const net (pin RSTM of inst u_lprnet_top/u_layer27/genblk1.gen_pages[0].pe_inst.u_pe_page/pe_col_inst[0].u_pe_col/pe_inst[0].u_pe_7/N3) has been disconnected.
I: Const net (pin CEX1 of inst u_lprnet_top/u_layer27/genblk1.gen_pages[0].pe_inst.u_pe_page/pe_col_inst[0].u_pe_col/pe_inst[0].u_pe_8/N3) has been disconnected.
I: Const net (pin RSTX of inst u_lprnet_top/u_layer27/genblk1.gen_pages[0].pe_inst.u_pe_page/pe_col_inst[0].u_pe_col/pe_inst[0].u_pe_8/N3) has been disconnected.
I: Const net (pin CEY1 of inst u_lprnet_top/u_layer27/genblk1.gen_pages[0].pe_inst.u_pe_page/pe_col_inst[0].u_pe_col/pe_inst[0].u_pe_8/N3) has been disconnected.
I: Const net (pin RSTY of inst u_lprnet_top/u_layer27/genblk1.gen_pages[0].pe_inst.u_pe_page/pe_col_inst[0].u_pe_col/pe_inst[0].u_pe_8/N3) has been disconnected.
I: Const net (pin CEM of inst u_lprnet_top/u_layer27/genblk1.gen_pages[0].pe_inst.u_pe_page/pe_col_inst[0].u_pe_col/pe_inst[0].u_pe_8/N3) has been disconnected.
I: Const net (pin RSTM of inst u_lprnet_top/u_layer27/genblk1.gen_pages[0].pe_inst.u_pe_page/pe_col_inst[0].u_pe_col/pe_inst[0].u_pe_8/N3) has been disconnected.
I: Const net (pin CEX1 of inst u_lprnet_top/u_layer27/genblk1.gen_pages[0].pe_inst.u_pe_page/pe_col_inst[1].u_pe_col/pe_inst[0].u_pe/N3) has been disconnected.
I: Const net (pin RSTX of inst u_lprnet_top/u_layer27/genblk1.gen_pages[0].pe_inst.u_pe_page/pe_col_inst[1].u_pe_col/pe_inst[0].u_pe/N3) has been disconnected.
I: Const net (pin CEY1 of inst u_lprnet_top/u_layer27/genblk1.gen_pages[0].pe_inst.u_pe_page/pe_col_inst[1].u_pe_col/pe_inst[0].u_pe/N3) has been disconnected.
I: Const net (pin RSTY of inst u_lprnet_top/u_layer27/genblk1.gen_pages[0].pe_inst.u_pe_page/pe_col_inst[1].u_pe_col/pe_inst[0].u_pe/N3) has been disconnected.
I: Const net (pin CEM of inst u_lprnet_top/u_layer27/genblk1.gen_pages[0].pe_inst.u_pe_page/pe_col_inst[1].u_pe_col/pe_inst[0].u_pe/N3) has been disconnected.
I: Const net (pin RSTM of inst u_lprnet_top/u_layer27/genblk1.gen_pages[0].pe_inst.u_pe_page/pe_col_inst[1].u_pe_col/pe_inst[0].u_pe/N3) has been disconnected.
I: Const net (pin CEX1 of inst u_lprnet_top/u_layer27/genblk1.gen_pages[0].pe_inst.u_pe_page/pe_col_inst[1].u_pe_col/pe_inst[0].u_pe_1/N3) has been disconnected.
I: Const net (pin RSTX of inst u_lprnet_top/u_layer27/genblk1.gen_pages[0].pe_inst.u_pe_page/pe_col_inst[1].u_pe_col/pe_inst[0].u_pe_1/N3) has been disconnected.
I: Const net (pin CEY1 of inst u_lprnet_top/u_layer27/genblk1.gen_pages[0].pe_inst.u_pe_page/pe_col_inst[1].u_pe_col/pe_inst[0].u_pe_1/N3) has been disconnected.
I: Const net (pin RSTY of inst u_lprnet_top/u_layer27/genblk1.gen_pages[0].pe_inst.u_pe_page/pe_col_inst[1].u_pe_col/pe_inst[0].u_pe_1/N3) has been disconnected.
I: Const net (pin CEM of inst u_lprnet_top/u_layer27/genblk1.gen_pages[0].pe_inst.u_pe_page/pe_col_inst[1].u_pe_col/pe_inst[0].u_pe_1/N3) has been disconnected.
I: Const net (pin RSTM of inst u_lprnet_top/u_layer27/genblk1.gen_pages[0].pe_inst.u_pe_page/pe_col_inst[1].u_pe_col/pe_inst[0].u_pe_1/N3) has been disconnected.
I: Const net (pin CEX1 of inst u_lprnet_top/u_layer27/genblk1.gen_pages[0].pe_inst.u_pe_page/pe_col_inst[1].u_pe_col/pe_inst[0].u_pe_2/N3) has been disconnected.
I: Const net (pin RSTX of inst u_lprnet_top/u_layer27/genblk1.gen_pages[0].pe_inst.u_pe_page/pe_col_inst[1].u_pe_col/pe_inst[0].u_pe_2/N3) has been disconnected.
I: Const net (pin CEY1 of inst u_lprnet_top/u_layer27/genblk1.gen_pages[0].pe_inst.u_pe_page/pe_col_inst[1].u_pe_col/pe_inst[0].u_pe_2/N3) has been disconnected.
I: Const net (pin RSTY of inst u_lprnet_top/u_layer27/genblk1.gen_pages[0].pe_inst.u_pe_page/pe_col_inst[1].u_pe_col/pe_inst[0].u_pe_2/N3) has been disconnected.
I: Const net (pin CEM of inst u_lprnet_top/u_layer27/genblk1.gen_pages[0].pe_inst.u_pe_page/pe_col_inst[1].u_pe_col/pe_inst[0].u_pe_2/N3) has been disconnected.
I: Const net (pin RSTM of inst u_lprnet_top/u_layer27/genblk1.gen_pages[0].pe_inst.u_pe_page/pe_col_inst[1].u_pe_col/pe_inst[0].u_pe_2/N3) has been disconnected.
I: Const net (pin CEX1 of inst u_lprnet_top/u_layer27/genblk1.gen_pages[0].pe_inst.u_pe_page/pe_col_inst[1].u_pe_col/pe_inst[0].u_pe_3/N3) has been disconnected.
I: Const net (pin RSTX of inst u_lprnet_top/u_layer27/genblk1.gen_pages[0].pe_inst.u_pe_page/pe_col_inst[1].u_pe_col/pe_inst[0].u_pe_3/N3) has been disconnected.
I: Const net (pin CEY1 of inst u_lprnet_top/u_layer27/genblk1.gen_pages[0].pe_inst.u_pe_page/pe_col_inst[1].u_pe_col/pe_inst[0].u_pe_3/N3) has been disconnected.
I: Const net (pin RSTY of inst u_lprnet_top/u_layer27/genblk1.gen_pages[0].pe_inst.u_pe_page/pe_col_inst[1].u_pe_col/pe_inst[0].u_pe_3/N3) has been disconnected.
I: Const net (pin CEM of inst u_lprnet_top/u_layer27/genblk1.gen_pages[0].pe_inst.u_pe_page/pe_col_inst[1].u_pe_col/pe_inst[0].u_pe_3/N3) has been disconnected.
I: Const net (pin RSTM of inst u_lprnet_top/u_layer27/genblk1.gen_pages[0].pe_inst.u_pe_page/pe_col_inst[1].u_pe_col/pe_inst[0].u_pe_3/N3) has been disconnected.
I: Const net (pin CEX1 of inst u_lprnet_top/u_layer27/genblk1.gen_pages[0].pe_inst.u_pe_page/pe_col_inst[1].u_pe_col/pe_inst[0].u_pe_4/N3) has been disconnected.
I: Const net (pin RSTX of inst u_lprnet_top/u_layer27/genblk1.gen_pages[0].pe_inst.u_pe_page/pe_col_inst[1].u_pe_col/pe_inst[0].u_pe_4/N3) has been disconnected.
I: Const net (pin CEY1 of inst u_lprnet_top/u_layer27/genblk1.gen_pages[0].pe_inst.u_pe_page/pe_col_inst[1].u_pe_col/pe_inst[0].u_pe_4/N3) has been disconnected.
I: Const net (pin RSTY of inst u_lprnet_top/u_layer27/genblk1.gen_pages[0].pe_inst.u_pe_page/pe_col_inst[1].u_pe_col/pe_inst[0].u_pe_4/N3) has been disconnected.
I: Const net (pin CEM of inst u_lprnet_top/u_layer27/genblk1.gen_pages[0].pe_inst.u_pe_page/pe_col_inst[1].u_pe_col/pe_inst[0].u_pe_4/N3) has been disconnected.
I: Const net (pin RSTM of inst u_lprnet_top/u_layer27/genblk1.gen_pages[0].pe_inst.u_pe_page/pe_col_inst[1].u_pe_col/pe_inst[0].u_pe_4/N3) has been disconnected.
I: Const net (pin CEX1 of inst u_lprnet_top/u_layer27/genblk1.gen_pages[0].pe_inst.u_pe_page/pe_col_inst[1].u_pe_col/pe_inst[0].u_pe_5/N3) has been disconnected.
I: Const net (pin RSTX of inst u_lprnet_top/u_layer27/genblk1.gen_pages[0].pe_inst.u_pe_page/pe_col_inst[1].u_pe_col/pe_inst[0].u_pe_5/N3) has been disconnected.
I: Const net (pin CEY1 of inst u_lprnet_top/u_layer27/genblk1.gen_pages[0].pe_inst.u_pe_page/pe_col_inst[1].u_pe_col/pe_inst[0].u_pe_5/N3) has been disconnected.
I: Const net (pin RSTY of inst u_lprnet_top/u_layer27/genblk1.gen_pages[0].pe_inst.u_pe_page/pe_col_inst[1].u_pe_col/pe_inst[0].u_pe_5/N3) has been disconnected.
I: Const net (pin CEM of inst u_lprnet_top/u_layer27/genblk1.gen_pages[0].pe_inst.u_pe_page/pe_col_inst[1].u_pe_col/pe_inst[0].u_pe_5/N3) has been disconnected.
I: Const net (pin RSTM of inst u_lprnet_top/u_layer27/genblk1.gen_pages[0].pe_inst.u_pe_page/pe_col_inst[1].u_pe_col/pe_inst[0].u_pe_5/N3) has been disconnected.
I: Const net (pin CEX1 of inst u_lprnet_top/u_layer27/genblk1.gen_pages[0].pe_inst.u_pe_page/pe_col_inst[1].u_pe_col/pe_inst[0].u_pe_6/N3) has been disconnected.
I: Const net (pin RSTX of inst u_lprnet_top/u_layer27/genblk1.gen_pages[0].pe_inst.u_pe_page/pe_col_inst[1].u_pe_col/pe_inst[0].u_pe_6/N3) has been disconnected.
I: Const net (pin CEY1 of inst u_lprnet_top/u_layer27/genblk1.gen_pages[0].pe_inst.u_pe_page/pe_col_inst[1].u_pe_col/pe_inst[0].u_pe_6/N3) has been disconnected.
I: Const net (pin RSTY of inst u_lprnet_top/u_layer27/genblk1.gen_pages[0].pe_inst.u_pe_page/pe_col_inst[1].u_pe_col/pe_inst[0].u_pe_6/N3) has been disconnected.
I: Const net (pin CEM of inst u_lprnet_top/u_layer27/genblk1.gen_pages[0].pe_inst.u_pe_page/pe_col_inst[1].u_pe_col/pe_inst[0].u_pe_6/N3) has been disconnected.
I: Const net (pin RSTM of inst u_lprnet_top/u_layer27/genblk1.gen_pages[0].pe_inst.u_pe_page/pe_col_inst[1].u_pe_col/pe_inst[0].u_pe_6/N3) has been disconnected.
I: Const net (pin CEX1 of inst u_lprnet_top/u_layer27/genblk1.gen_pages[0].pe_inst.u_pe_page/pe_col_inst[1].u_pe_col/pe_inst[0].u_pe_7/N3) has been disconnected.
I: Const net (pin RSTX of inst u_lprnet_top/u_layer27/genblk1.gen_pages[0].pe_inst.u_pe_page/pe_col_inst[1].u_pe_col/pe_inst[0].u_pe_7/N3) has been disconnected.
I: Const net (pin CEY1 of inst u_lprnet_top/u_layer27/genblk1.gen_pages[0].pe_inst.u_pe_page/pe_col_inst[1].u_pe_col/pe_inst[0].u_pe_7/N3) has been disconnected.
I: Const net (pin RSTY of inst u_lprnet_top/u_layer27/genblk1.gen_pages[0].pe_inst.u_pe_page/pe_col_inst[1].u_pe_col/pe_inst[0].u_pe_7/N3) has been disconnected.
I: Const net (pin CEM of inst u_lprnet_top/u_layer27/genblk1.gen_pages[0].pe_inst.u_pe_page/pe_col_inst[1].u_pe_col/pe_inst[0].u_pe_7/N3) has been disconnected.
I: Const net (pin RSTM of inst u_lprnet_top/u_layer27/genblk1.gen_pages[0].pe_inst.u_pe_page/pe_col_inst[1].u_pe_col/pe_inst[0].u_pe_7/N3) has been disconnected.
I: Const net (pin CEX1 of inst u_lprnet_top/u_layer27/genblk1.gen_pages[0].pe_inst.u_pe_page/pe_col_inst[1].u_pe_col/pe_inst[0].u_pe_8/N3) has been disconnected.
I: Const net (pin RSTX of inst u_lprnet_top/u_layer27/genblk1.gen_pages[0].pe_inst.u_pe_page/pe_col_inst[1].u_pe_col/pe_inst[0].u_pe_8/N3) has been disconnected.
I: Const net (pin CEY1 of inst u_lprnet_top/u_layer27/genblk1.gen_pages[0].pe_inst.u_pe_page/pe_col_inst[1].u_pe_col/pe_inst[0].u_pe_8/N3) has been disconnected.
I: Const net (pin RSTY of inst u_lprnet_top/u_layer27/genblk1.gen_pages[0].pe_inst.u_pe_page/pe_col_inst[1].u_pe_col/pe_inst[0].u_pe_8/N3) has been disconnected.
I: Const net (pin CEM of inst u_lprnet_top/u_layer27/genblk1.gen_pages[0].pe_inst.u_pe_page/pe_col_inst[1].u_pe_col/pe_inst[0].u_pe_8/N3) has been disconnected.
I: Const net (pin RSTM of inst u_lprnet_top/u_layer27/genblk1.gen_pages[0].pe_inst.u_pe_page/pe_col_inst[1].u_pe_col/pe_inst[0].u_pe_8/N3) has been disconnected.
I: Const net (pin CEX1 of inst u_lprnet_top/u_layer27/genblk1.gen_pages[1].pe_inst.u_pe_page/pe_col_inst[0].u_pe_col/pe_inst[0].u_pe/N3) has been disconnected.
I: Const net (pin RSTX of inst u_lprnet_top/u_layer27/genblk1.gen_pages[1].pe_inst.u_pe_page/pe_col_inst[0].u_pe_col/pe_inst[0].u_pe/N3) has been disconnected.
I: Const net (pin CEY1 of inst u_lprnet_top/u_layer27/genblk1.gen_pages[1].pe_inst.u_pe_page/pe_col_inst[0].u_pe_col/pe_inst[0].u_pe/N3) has been disconnected.
I: Const net (pin RSTY of inst u_lprnet_top/u_layer27/genblk1.gen_pages[1].pe_inst.u_pe_page/pe_col_inst[0].u_pe_col/pe_inst[0].u_pe/N3) has been disconnected.
I: Const net (pin CEM of inst u_lprnet_top/u_layer27/genblk1.gen_pages[1].pe_inst.u_pe_page/pe_col_inst[0].u_pe_col/pe_inst[0].u_pe/N3) has been disconnected.
I: Const net (pin RSTM of inst u_lprnet_top/u_layer27/genblk1.gen_pages[1].pe_inst.u_pe_page/pe_col_inst[0].u_pe_col/pe_inst[0].u_pe/N3) has been disconnected.
I: Const net (pin CEX1 of inst u_lprnet_top/u_layer27/genblk1.gen_pages[1].pe_inst.u_pe_page/pe_col_inst[0].u_pe_col/pe_inst[0].u_pe_1/N3) has been disconnected.
I: Const net (pin RSTX of inst u_lprnet_top/u_layer27/genblk1.gen_pages[1].pe_inst.u_pe_page/pe_col_inst[0].u_pe_col/pe_inst[0].u_pe_1/N3) has been disconnected.
I: Const net (pin CEY1 of inst u_lprnet_top/u_layer27/genblk1.gen_pages[1].pe_inst.u_pe_page/pe_col_inst[0].u_pe_col/pe_inst[0].u_pe_1/N3) has been disconnected.
I: Const net (pin RSTY of inst u_lprnet_top/u_layer27/genblk1.gen_pages[1].pe_inst.u_pe_page/pe_col_inst[0].u_pe_col/pe_inst[0].u_pe_1/N3) has been disconnected.
I: Const net (pin CEM of inst u_lprnet_top/u_layer27/genblk1.gen_pages[1].pe_inst.u_pe_page/pe_col_inst[0].u_pe_col/pe_inst[0].u_pe_1/N3) has been disconnected.
I: Const net (pin RSTM of inst u_lprnet_top/u_layer27/genblk1.gen_pages[1].pe_inst.u_pe_page/pe_col_inst[0].u_pe_col/pe_inst[0].u_pe_1/N3) has been disconnected.
I: Const net (pin CEX1 of inst u_lprnet_top/u_layer27/genblk1.gen_pages[1].pe_inst.u_pe_page/pe_col_inst[0].u_pe_col/pe_inst[0].u_pe_2/N3) has been disconnected.
I: Const net (pin RSTX of inst u_lprnet_top/u_layer27/genblk1.gen_pages[1].pe_inst.u_pe_page/pe_col_inst[0].u_pe_col/pe_inst[0].u_pe_2/N3) has been disconnected.
I: Const net (pin CEY1 of inst u_lprnet_top/u_layer27/genblk1.gen_pages[1].pe_inst.u_pe_page/pe_col_inst[0].u_pe_col/pe_inst[0].u_pe_2/N3) has been disconnected.
I: Const net (pin RSTY of inst u_lprnet_top/u_layer27/genblk1.gen_pages[1].pe_inst.u_pe_page/pe_col_inst[0].u_pe_col/pe_inst[0].u_pe_2/N3) has been disconnected.
I: Const net (pin CEM of inst u_lprnet_top/u_layer27/genblk1.gen_pages[1].pe_inst.u_pe_page/pe_col_inst[0].u_pe_col/pe_inst[0].u_pe_2/N3) has been disconnected.
I: Const net (pin RSTM of inst u_lprnet_top/u_layer27/genblk1.gen_pages[1].pe_inst.u_pe_page/pe_col_inst[0].u_pe_col/pe_inst[0].u_pe_2/N3) has been disconnected.
I: Const net (pin CEX1 of inst u_lprnet_top/u_layer27/genblk1.gen_pages[1].pe_inst.u_pe_page/pe_col_inst[0].u_pe_col/pe_inst[0].u_pe_3/N3) has been disconnected.
I: Const net (pin RSTX of inst u_lprnet_top/u_layer27/genblk1.gen_pages[1].pe_inst.u_pe_page/pe_col_inst[0].u_pe_col/pe_inst[0].u_pe_3/N3) has been disconnected.
I: Const net (pin CEY1 of inst u_lprnet_top/u_layer27/genblk1.gen_pages[1].pe_inst.u_pe_page/pe_col_inst[0].u_pe_col/pe_inst[0].u_pe_3/N3) has been disconnected.
I: Const net (pin RSTY of inst u_lprnet_top/u_layer27/genblk1.gen_pages[1].pe_inst.u_pe_page/pe_col_inst[0].u_pe_col/pe_inst[0].u_pe_3/N3) has been disconnected.
I: Const net (pin CEM of inst u_lprnet_top/u_layer27/genblk1.gen_pages[1].pe_inst.u_pe_page/pe_col_inst[0].u_pe_col/pe_inst[0].u_pe_3/N3) has been disconnected.
I: Const net (pin RSTM of inst u_lprnet_top/u_layer27/genblk1.gen_pages[1].pe_inst.u_pe_page/pe_col_inst[0].u_pe_col/pe_inst[0].u_pe_3/N3) has been disconnected.
I: Const net (pin CEX1 of inst u_lprnet_top/u_layer27/genblk1.gen_pages[1].pe_inst.u_pe_page/pe_col_inst[0].u_pe_col/pe_inst[0].u_pe_4/N3) has been disconnected.
I: Const net (pin RSTX of inst u_lprnet_top/u_layer27/genblk1.gen_pages[1].pe_inst.u_pe_page/pe_col_inst[0].u_pe_col/pe_inst[0].u_pe_4/N3) has been disconnected.
I: Const net (pin CEY1 of inst u_lprnet_top/u_layer27/genblk1.gen_pages[1].pe_inst.u_pe_page/pe_col_inst[0].u_pe_col/pe_inst[0].u_pe_4/N3) has been disconnected.
I: Const net (pin RSTY of inst u_lprnet_top/u_layer27/genblk1.gen_pages[1].pe_inst.u_pe_page/pe_col_inst[0].u_pe_col/pe_inst[0].u_pe_4/N3) has been disconnected.
I: Const net (pin CEM of inst u_lprnet_top/u_layer27/genblk1.gen_pages[1].pe_inst.u_pe_page/pe_col_inst[0].u_pe_col/pe_inst[0].u_pe_4/N3) has been disconnected.
I: Const net (pin RSTM of inst u_lprnet_top/u_layer27/genblk1.gen_pages[1].pe_inst.u_pe_page/pe_col_inst[0].u_pe_col/pe_inst[0].u_pe_4/N3) has been disconnected.
I: Const net (pin CEX1 of inst u_lprnet_top/u_layer27/genblk1.gen_pages[1].pe_inst.u_pe_page/pe_col_inst[0].u_pe_col/pe_inst[0].u_pe_5/N3) has been disconnected.
I: Const net (pin RSTX of inst u_lprnet_top/u_layer27/genblk1.gen_pages[1].pe_inst.u_pe_page/pe_col_inst[0].u_pe_col/pe_inst[0].u_pe_5/N3) has been disconnected.
I: Const net (pin CEY1 of inst u_lprnet_top/u_layer27/genblk1.gen_pages[1].pe_inst.u_pe_page/pe_col_inst[0].u_pe_col/pe_inst[0].u_pe_5/N3) has been disconnected.
I: Const net (pin RSTY of inst u_lprnet_top/u_layer27/genblk1.gen_pages[1].pe_inst.u_pe_page/pe_col_inst[0].u_pe_col/pe_inst[0].u_pe_5/N3) has been disconnected.
I: Const net (pin CEM of inst u_lprnet_top/u_layer27/genblk1.gen_pages[1].pe_inst.u_pe_page/pe_col_inst[0].u_pe_col/pe_inst[0].u_pe_5/N3) has been disconnected.
I: Const net (pin RSTM of inst u_lprnet_top/u_layer27/genblk1.gen_pages[1].pe_inst.u_pe_page/pe_col_inst[0].u_pe_col/pe_inst[0].u_pe_5/N3) has been disconnected.
I: Const net (pin CEX1 of inst u_lprnet_top/u_layer27/genblk1.gen_pages[1].pe_inst.u_pe_page/pe_col_inst[0].u_pe_col/pe_inst[0].u_pe_6/N3) has been disconnected.
I: Const net (pin RSTX of inst u_lprnet_top/u_layer27/genblk1.gen_pages[1].pe_inst.u_pe_page/pe_col_inst[0].u_pe_col/pe_inst[0].u_pe_6/N3) has been disconnected.
I: Const net (pin CEY1 of inst u_lprnet_top/u_layer27/genblk1.gen_pages[1].pe_inst.u_pe_page/pe_col_inst[0].u_pe_col/pe_inst[0].u_pe_6/N3) has been disconnected.
I: Const net (pin RSTY of inst u_lprnet_top/u_layer27/genblk1.gen_pages[1].pe_inst.u_pe_page/pe_col_inst[0].u_pe_col/pe_inst[0].u_pe_6/N3) has been disconnected.
I: Const net (pin CEM of inst u_lprnet_top/u_layer27/genblk1.gen_pages[1].pe_inst.u_pe_page/pe_col_inst[0].u_pe_col/pe_inst[0].u_pe_6/N3) has been disconnected.
I: Const net (pin RSTM of inst u_lprnet_top/u_layer27/genblk1.gen_pages[1].pe_inst.u_pe_page/pe_col_inst[0].u_pe_col/pe_inst[0].u_pe_6/N3) has been disconnected.
I: Const net (pin CEX1 of inst u_lprnet_top/u_layer27/genblk1.gen_pages[1].pe_inst.u_pe_page/pe_col_inst[0].u_pe_col/pe_inst[0].u_pe_7/N3) has been disconnected.
I: Const net (pin RSTX of inst u_lprnet_top/u_layer27/genblk1.gen_pages[1].pe_inst.u_pe_page/pe_col_inst[0].u_pe_col/pe_inst[0].u_pe_7/N3) has been disconnected.
I: Const net (pin CEY1 of inst u_lprnet_top/u_layer27/genblk1.gen_pages[1].pe_inst.u_pe_page/pe_col_inst[0].u_pe_col/pe_inst[0].u_pe_7/N3) has been disconnected.
I: Const net (pin RSTY of inst u_lprnet_top/u_layer27/genblk1.gen_pages[1].pe_inst.u_pe_page/pe_col_inst[0].u_pe_col/pe_inst[0].u_pe_7/N3) has been disconnected.
I: Const net (pin CEM of inst u_lprnet_top/u_layer27/genblk1.gen_pages[1].pe_inst.u_pe_page/pe_col_inst[0].u_pe_col/pe_inst[0].u_pe_7/N3) has been disconnected.
I: Const net (pin RSTM of inst u_lprnet_top/u_layer27/genblk1.gen_pages[1].pe_inst.u_pe_page/pe_col_inst[0].u_pe_col/pe_inst[0].u_pe_7/N3) has been disconnected.
I: Const net (pin CEX1 of inst u_lprnet_top/u_layer27/genblk1.gen_pages[1].pe_inst.u_pe_page/pe_col_inst[0].u_pe_col/pe_inst[0].u_pe_8/N3) has been disconnected.
I: Const net (pin RSTX of inst u_lprnet_top/u_layer27/genblk1.gen_pages[1].pe_inst.u_pe_page/pe_col_inst[0].u_pe_col/pe_inst[0].u_pe_8/N3) has been disconnected.
I: Const net (pin CEY1 of inst u_lprnet_top/u_layer27/genblk1.gen_pages[1].pe_inst.u_pe_page/pe_col_inst[0].u_pe_col/pe_inst[0].u_pe_8/N3) has been disconnected.
I: Const net (pin RSTY of inst u_lprnet_top/u_layer27/genblk1.gen_pages[1].pe_inst.u_pe_page/pe_col_inst[0].u_pe_col/pe_inst[0].u_pe_8/N3) has been disconnected.
I: Const net (pin CEM of inst u_lprnet_top/u_layer27/genblk1.gen_pages[1].pe_inst.u_pe_page/pe_col_inst[0].u_pe_col/pe_inst[0].u_pe_8/N3) has been disconnected.
I: Const net (pin RSTM of inst u_lprnet_top/u_layer27/genblk1.gen_pages[1].pe_inst.u_pe_page/pe_col_inst[0].u_pe_col/pe_inst[0].u_pe_8/N3) has been disconnected.
I: Const net (pin CEX1 of inst u_lprnet_top/u_layer27/genblk1.gen_pages[1].pe_inst.u_pe_page/pe_col_inst[1].u_pe_col/pe_inst[0].u_pe/N3) has been disconnected.
I: Const net (pin RSTX of inst u_lprnet_top/u_layer27/genblk1.gen_pages[1].pe_inst.u_pe_page/pe_col_inst[1].u_pe_col/pe_inst[0].u_pe/N3) has been disconnected.
I: Const net (pin CEY1 of inst u_lprnet_top/u_layer27/genblk1.gen_pages[1].pe_inst.u_pe_page/pe_col_inst[1].u_pe_col/pe_inst[0].u_pe/N3) has been disconnected.
I: Const net (pin RSTY of inst u_lprnet_top/u_layer27/genblk1.gen_pages[1].pe_inst.u_pe_page/pe_col_inst[1].u_pe_col/pe_inst[0].u_pe/N3) has been disconnected.
I: Const net (pin CEM of inst u_lprnet_top/u_layer27/genblk1.gen_pages[1].pe_inst.u_pe_page/pe_col_inst[1].u_pe_col/pe_inst[0].u_pe/N3) has been disconnected.
I: Const net (pin RSTM of inst u_lprnet_top/u_layer27/genblk1.gen_pages[1].pe_inst.u_pe_page/pe_col_inst[1].u_pe_col/pe_inst[0].u_pe/N3) has been disconnected.
I: Const net (pin CEX1 of inst u_lprnet_top/u_layer27/genblk1.gen_pages[1].pe_inst.u_pe_page/pe_col_inst[1].u_pe_col/pe_inst[0].u_pe_1/N3) has been disconnected.
I: Const net (pin RSTX of inst u_lprnet_top/u_layer27/genblk1.gen_pages[1].pe_inst.u_pe_page/pe_col_inst[1].u_pe_col/pe_inst[0].u_pe_1/N3) has been disconnected.
I: Const net (pin CEY1 of inst u_lprnet_top/u_layer27/genblk1.gen_pages[1].pe_inst.u_pe_page/pe_col_inst[1].u_pe_col/pe_inst[0].u_pe_1/N3) has been disconnected.
I: Const net (pin RSTY of inst u_lprnet_top/u_layer27/genblk1.gen_pages[1].pe_inst.u_pe_page/pe_col_inst[1].u_pe_col/pe_inst[0].u_pe_1/N3) has been disconnected.
I: Const net (pin CEM of inst u_lprnet_top/u_layer27/genblk1.gen_pages[1].pe_inst.u_pe_page/pe_col_inst[1].u_pe_col/pe_inst[0].u_pe_1/N3) has been disconnected.
I: Const net (pin RSTM of inst u_lprnet_top/u_layer27/genblk1.gen_pages[1].pe_inst.u_pe_page/pe_col_inst[1].u_pe_col/pe_inst[0].u_pe_1/N3) has been disconnected.
I: Const net (pin CEX1 of inst u_lprnet_top/u_layer27/genblk1.gen_pages[1].pe_inst.u_pe_page/pe_col_inst[1].u_pe_col/pe_inst[0].u_pe_2/N3) has been disconnected.
I: Const net (pin RSTX of inst u_lprnet_top/u_layer27/genblk1.gen_pages[1].pe_inst.u_pe_page/pe_col_inst[1].u_pe_col/pe_inst[0].u_pe_2/N3) has been disconnected.
I: Const net (pin CEY1 of inst u_lprnet_top/u_layer27/genblk1.gen_pages[1].pe_inst.u_pe_page/pe_col_inst[1].u_pe_col/pe_inst[0].u_pe_2/N3) has been disconnected.
I: Const net (pin RSTY of inst u_lprnet_top/u_layer27/genblk1.gen_pages[1].pe_inst.u_pe_page/pe_col_inst[1].u_pe_col/pe_inst[0].u_pe_2/N3) has been disconnected.
I: Const net (pin CEM of inst u_lprnet_top/u_layer27/genblk1.gen_pages[1].pe_inst.u_pe_page/pe_col_inst[1].u_pe_col/pe_inst[0].u_pe_2/N3) has been disconnected.
I: Const net (pin RSTM of inst u_lprnet_top/u_layer27/genblk1.gen_pages[1].pe_inst.u_pe_page/pe_col_inst[1].u_pe_col/pe_inst[0].u_pe_2/N3) has been disconnected.
I: Const net (pin CEX1 of inst u_lprnet_top/u_layer27/genblk1.gen_pages[1].pe_inst.u_pe_page/pe_col_inst[1].u_pe_col/pe_inst[0].u_pe_3/N3) has been disconnected.
I: Const net (pin RSTX of inst u_lprnet_top/u_layer27/genblk1.gen_pages[1].pe_inst.u_pe_page/pe_col_inst[1].u_pe_col/pe_inst[0].u_pe_3/N3) has been disconnected.
I: Const net (pin CEY1 of inst u_lprnet_top/u_layer27/genblk1.gen_pages[1].pe_inst.u_pe_page/pe_col_inst[1].u_pe_col/pe_inst[0].u_pe_3/N3) has been disconnected.
I: Const net (pin RSTY of inst u_lprnet_top/u_layer27/genblk1.gen_pages[1].pe_inst.u_pe_page/pe_col_inst[1].u_pe_col/pe_inst[0].u_pe_3/N3) has been disconnected.
I: Const net (pin CEM of inst u_lprnet_top/u_layer27/genblk1.gen_pages[1].pe_inst.u_pe_page/pe_col_inst[1].u_pe_col/pe_inst[0].u_pe_3/N3) has been disconnected.
I: Const net (pin RSTM of inst u_lprnet_top/u_layer27/genblk1.gen_pages[1].pe_inst.u_pe_page/pe_col_inst[1].u_pe_col/pe_inst[0].u_pe_3/N3) has been disconnected.
I: Const net (pin CEX1 of inst u_lprnet_top/u_layer27/genblk1.gen_pages[1].pe_inst.u_pe_page/pe_col_inst[1].u_pe_col/pe_inst[0].u_pe_4/N3) has been disconnected.
I: Const net (pin RSTX of inst u_lprnet_top/u_layer27/genblk1.gen_pages[1].pe_inst.u_pe_page/pe_col_inst[1].u_pe_col/pe_inst[0].u_pe_4/N3) has been disconnected.
I: Const net (pin CEY1 of inst u_lprnet_top/u_layer27/genblk1.gen_pages[1].pe_inst.u_pe_page/pe_col_inst[1].u_pe_col/pe_inst[0].u_pe_4/N3) has been disconnected.
I: Const net (pin RSTY of inst u_lprnet_top/u_layer27/genblk1.gen_pages[1].pe_inst.u_pe_page/pe_col_inst[1].u_pe_col/pe_inst[0].u_pe_4/N3) has been disconnected.
I: Const net (pin CEM of inst u_lprnet_top/u_layer27/genblk1.gen_pages[1].pe_inst.u_pe_page/pe_col_inst[1].u_pe_col/pe_inst[0].u_pe_4/N3) has been disconnected.
I: Const net (pin RSTM of inst u_lprnet_top/u_layer27/genblk1.gen_pages[1].pe_inst.u_pe_page/pe_col_inst[1].u_pe_col/pe_inst[0].u_pe_4/N3) has been disconnected.
I: Const net (pin CEX1 of inst u_lprnet_top/u_layer27/genblk1.gen_pages[1].pe_inst.u_pe_page/pe_col_inst[1].u_pe_col/pe_inst[0].u_pe_5/N3) has been disconnected.
I: Const net (pin RSTX of inst u_lprnet_top/u_layer27/genblk1.gen_pages[1].pe_inst.u_pe_page/pe_col_inst[1].u_pe_col/pe_inst[0].u_pe_5/N3) has been disconnected.
I: Const net (pin CEY1 of inst u_lprnet_top/u_layer27/genblk1.gen_pages[1].pe_inst.u_pe_page/pe_col_inst[1].u_pe_col/pe_inst[0].u_pe_5/N3) has been disconnected.
I: Const net (pin RSTY of inst u_lprnet_top/u_layer27/genblk1.gen_pages[1].pe_inst.u_pe_page/pe_col_inst[1].u_pe_col/pe_inst[0].u_pe_5/N3) has been disconnected.
I: Const net (pin CEM of inst u_lprnet_top/u_layer27/genblk1.gen_pages[1].pe_inst.u_pe_page/pe_col_inst[1].u_pe_col/pe_inst[0].u_pe_5/N3) has been disconnected.
I: Const net (pin RSTM of inst u_lprnet_top/u_layer27/genblk1.gen_pages[1].pe_inst.u_pe_page/pe_col_inst[1].u_pe_col/pe_inst[0].u_pe_5/N3) has been disconnected.
I: Const net (pin CEX1 of inst u_lprnet_top/u_layer27/genblk1.gen_pages[1].pe_inst.u_pe_page/pe_col_inst[1].u_pe_col/pe_inst[0].u_pe_6/N3) has been disconnected.
I: Const net (pin RSTX of inst u_lprnet_top/u_layer27/genblk1.gen_pages[1].pe_inst.u_pe_page/pe_col_inst[1].u_pe_col/pe_inst[0].u_pe_6/N3) has been disconnected.
I: Const net (pin CEY1 of inst u_lprnet_top/u_layer27/genblk1.gen_pages[1].pe_inst.u_pe_page/pe_col_inst[1].u_pe_col/pe_inst[0].u_pe_6/N3) has been disconnected.
I: Const net (pin RSTY of inst u_lprnet_top/u_layer27/genblk1.gen_pages[1].pe_inst.u_pe_page/pe_col_inst[1].u_pe_col/pe_inst[0].u_pe_6/N3) has been disconnected.
I: Const net (pin CEM of inst u_lprnet_top/u_layer27/genblk1.gen_pages[1].pe_inst.u_pe_page/pe_col_inst[1].u_pe_col/pe_inst[0].u_pe_6/N3) has been disconnected.
I: Const net (pin RSTM of inst u_lprnet_top/u_layer27/genblk1.gen_pages[1].pe_inst.u_pe_page/pe_col_inst[1].u_pe_col/pe_inst[0].u_pe_6/N3) has been disconnected.
I: Const net (pin CEX1 of inst u_lprnet_top/u_layer27/genblk1.gen_pages[1].pe_inst.u_pe_page/pe_col_inst[1].u_pe_col/pe_inst[0].u_pe_7/N3) has been disconnected.
I: Const net (pin RSTX of inst u_lprnet_top/u_layer27/genblk1.gen_pages[1].pe_inst.u_pe_page/pe_col_inst[1].u_pe_col/pe_inst[0].u_pe_7/N3) has been disconnected.
I: Const net (pin CEY1 of inst u_lprnet_top/u_layer27/genblk1.gen_pages[1].pe_inst.u_pe_page/pe_col_inst[1].u_pe_col/pe_inst[0].u_pe_7/N3) has been disconnected.
I: Const net (pin RSTY of inst u_lprnet_top/u_layer27/genblk1.gen_pages[1].pe_inst.u_pe_page/pe_col_inst[1].u_pe_col/pe_inst[0].u_pe_7/N3) has been disconnected.
I: Const net (pin CEM of inst u_lprnet_top/u_layer27/genblk1.gen_pages[1].pe_inst.u_pe_page/pe_col_inst[1].u_pe_col/pe_inst[0].u_pe_7/N3) has been disconnected.
I: Const net (pin RSTM of inst u_lprnet_top/u_layer27/genblk1.gen_pages[1].pe_inst.u_pe_page/pe_col_inst[1].u_pe_col/pe_inst[0].u_pe_7/N3) has been disconnected.
I: Const net (pin CEX1 of inst u_lprnet_top/u_layer27/genblk1.gen_pages[1].pe_inst.u_pe_page/pe_col_inst[1].u_pe_col/pe_inst[0].u_pe_8/N3) has been disconnected.
I: Const net (pin RSTX of inst u_lprnet_top/u_layer27/genblk1.gen_pages[1].pe_inst.u_pe_page/pe_col_inst[1].u_pe_col/pe_inst[0].u_pe_8/N3) has been disconnected.
I: Const net (pin CEY1 of inst u_lprnet_top/u_layer27/genblk1.gen_pages[1].pe_inst.u_pe_page/pe_col_inst[1].u_pe_col/pe_inst[0].u_pe_8/N3) has been disconnected.
I: Const net (pin RSTY of inst u_lprnet_top/u_layer27/genblk1.gen_pages[1].pe_inst.u_pe_page/pe_col_inst[1].u_pe_col/pe_inst[0].u_pe_8/N3) has been disconnected.
I: Const net (pin CEM of inst u_lprnet_top/u_layer27/genblk1.gen_pages[1].pe_inst.u_pe_page/pe_col_inst[1].u_pe_col/pe_inst[0].u_pe_8/N3) has been disconnected.
I: Const net (pin RSTM of inst u_lprnet_top/u_layer27/genblk1.gen_pages[1].pe_inst.u_pe_page/pe_col_inst[1].u_pe_col/pe_inst[0].u_pe_8/N3) has been disconnected.
I: Const net (pin CEX1 of inst u_lprnet_top/u_layer29/genblk1.gen_pages[0].pe_inst.u_pe_page/pe_col_inst[0].u_pe_col/pe_inst[0].u_pe/N3) has been disconnected.
I: Const net (pin RSTX of inst u_lprnet_top/u_layer29/genblk1.gen_pages[0].pe_inst.u_pe_page/pe_col_inst[0].u_pe_col/pe_inst[0].u_pe/N3) has been disconnected.
I: Const net (pin CEY1 of inst u_lprnet_top/u_layer29/genblk1.gen_pages[0].pe_inst.u_pe_page/pe_col_inst[0].u_pe_col/pe_inst[0].u_pe/N3) has been disconnected.
I: Const net (pin RSTY of inst u_lprnet_top/u_layer29/genblk1.gen_pages[0].pe_inst.u_pe_page/pe_col_inst[0].u_pe_col/pe_inst[0].u_pe/N3) has been disconnected.
I: Const net (pin CEM of inst u_lprnet_top/u_layer29/genblk1.gen_pages[0].pe_inst.u_pe_page/pe_col_inst[0].u_pe_col/pe_inst[0].u_pe/N3) has been disconnected.
I: Const net (pin RSTM of inst u_lprnet_top/u_layer29/genblk1.gen_pages[0].pe_inst.u_pe_page/pe_col_inst[0].u_pe_col/pe_inst[0].u_pe/N3) has been disconnected.
I: Const net (pin CEX1 of inst u_lprnet_top/u_layer29/genblk1.gen_pages[0].pe_inst.u_pe_page/pe_col_inst[0].u_pe_col/pe_inst[0].u_pe_1/N3) has been disconnected.
I: Const net (pin RSTX of inst u_lprnet_top/u_layer29/genblk1.gen_pages[0].pe_inst.u_pe_page/pe_col_inst[0].u_pe_col/pe_inst[0].u_pe_1/N3) has been disconnected.
I: Const net (pin CEY1 of inst u_lprnet_top/u_layer29/genblk1.gen_pages[0].pe_inst.u_pe_page/pe_col_inst[0].u_pe_col/pe_inst[0].u_pe_1/N3) has been disconnected.
I: Const net (pin RSTY of inst u_lprnet_top/u_layer29/genblk1.gen_pages[0].pe_inst.u_pe_page/pe_col_inst[0].u_pe_col/pe_inst[0].u_pe_1/N3) has been disconnected.
I: Const net (pin CEM of inst u_lprnet_top/u_layer29/genblk1.gen_pages[0].pe_inst.u_pe_page/pe_col_inst[0].u_pe_col/pe_inst[0].u_pe_1/N3) has been disconnected.
I: Const net (pin RSTM of inst u_lprnet_top/u_layer29/genblk1.gen_pages[0].pe_inst.u_pe_page/pe_col_inst[0].u_pe_col/pe_inst[0].u_pe_1/N3) has been disconnected.
I: Const net (pin CEX1 of inst u_lprnet_top/u_layer29/genblk1.gen_pages[0].pe_inst.u_pe_page/pe_col_inst[0].u_pe_col/pe_inst[0].u_pe_2/N3) has been disconnected.
I: Const net (pin RSTX of inst u_lprnet_top/u_layer29/genblk1.gen_pages[0].pe_inst.u_pe_page/pe_col_inst[0].u_pe_col/pe_inst[0].u_pe_2/N3) has been disconnected.
I: Const net (pin CEY1 of inst u_lprnet_top/u_layer29/genblk1.gen_pages[0].pe_inst.u_pe_page/pe_col_inst[0].u_pe_col/pe_inst[0].u_pe_2/N3) has been disconnected.
I: Const net (pin RSTY of inst u_lprnet_top/u_layer29/genblk1.gen_pages[0].pe_inst.u_pe_page/pe_col_inst[0].u_pe_col/pe_inst[0].u_pe_2/N3) has been disconnected.
I: Const net (pin CEM of inst u_lprnet_top/u_layer29/genblk1.gen_pages[0].pe_inst.u_pe_page/pe_col_inst[0].u_pe_col/pe_inst[0].u_pe_2/N3) has been disconnected.
I: Const net (pin RSTM of inst u_lprnet_top/u_layer29/genblk1.gen_pages[0].pe_inst.u_pe_page/pe_col_inst[0].u_pe_col/pe_inst[0].u_pe_2/N3) has been disconnected.
I: Const net (pin CEX1 of inst u_lprnet_top/u_layer29/genblk1.gen_pages[0].pe_inst.u_pe_page/pe_col_inst[0].u_pe_col/pe_inst[0].u_pe_3/N3) has been disconnected.
I: Const net (pin RSTX of inst u_lprnet_top/u_layer29/genblk1.gen_pages[0].pe_inst.u_pe_page/pe_col_inst[0].u_pe_col/pe_inst[0].u_pe_3/N3) has been disconnected.
I: Const net (pin CEY1 of inst u_lprnet_top/u_layer29/genblk1.gen_pages[0].pe_inst.u_pe_page/pe_col_inst[0].u_pe_col/pe_inst[0].u_pe_3/N3) has been disconnected.
I: Const net (pin RSTY of inst u_lprnet_top/u_layer29/genblk1.gen_pages[0].pe_inst.u_pe_page/pe_col_inst[0].u_pe_col/pe_inst[0].u_pe_3/N3) has been disconnected.
I: Const net (pin CEM of inst u_lprnet_top/u_layer29/genblk1.gen_pages[0].pe_inst.u_pe_page/pe_col_inst[0].u_pe_col/pe_inst[0].u_pe_3/N3) has been disconnected.
I: Const net (pin RSTM of inst u_lprnet_top/u_layer29/genblk1.gen_pages[0].pe_inst.u_pe_page/pe_col_inst[0].u_pe_col/pe_inst[0].u_pe_3/N3) has been disconnected.
I: Const net (pin CEX1 of inst u_lprnet_top/u_layer29/genblk1.gen_pages[0].pe_inst.u_pe_page/pe_col_inst[0].u_pe_col/pe_inst[0].u_pe_4/N3) has been disconnected.
I: Const net (pin RSTX of inst u_lprnet_top/u_layer29/genblk1.gen_pages[0].pe_inst.u_pe_page/pe_col_inst[0].u_pe_col/pe_inst[0].u_pe_4/N3) has been disconnected.
I: Const net (pin CEY1 of inst u_lprnet_top/u_layer29/genblk1.gen_pages[0].pe_inst.u_pe_page/pe_col_inst[0].u_pe_col/pe_inst[0].u_pe_4/N3) has been disconnected.
I: Const net (pin RSTY of inst u_lprnet_top/u_layer29/genblk1.gen_pages[0].pe_inst.u_pe_page/pe_col_inst[0].u_pe_col/pe_inst[0].u_pe_4/N3) has been disconnected.
I: Const net (pin CEM of inst u_lprnet_top/u_layer29/genblk1.gen_pages[0].pe_inst.u_pe_page/pe_col_inst[0].u_pe_col/pe_inst[0].u_pe_4/N3) has been disconnected.
I: Const net (pin RSTM of inst u_lprnet_top/u_layer29/genblk1.gen_pages[0].pe_inst.u_pe_page/pe_col_inst[0].u_pe_col/pe_inst[0].u_pe_4/N3) has been disconnected.
I: Const net (pin CEX1 of inst u_lprnet_top/u_layer29/genblk1.gen_pages[0].pe_inst.u_pe_page/pe_col_inst[0].u_pe_col/pe_inst[0].u_pe_5/N3) has been disconnected.
I: Const net (pin RSTX of inst u_lprnet_top/u_layer29/genblk1.gen_pages[0].pe_inst.u_pe_page/pe_col_inst[0].u_pe_col/pe_inst[0].u_pe_5/N3) has been disconnected.
I: Const net (pin CEY1 of inst u_lprnet_top/u_layer29/genblk1.gen_pages[0].pe_inst.u_pe_page/pe_col_inst[0].u_pe_col/pe_inst[0].u_pe_5/N3) has been disconnected.
I: Const net (pin RSTY of inst u_lprnet_top/u_layer29/genblk1.gen_pages[0].pe_inst.u_pe_page/pe_col_inst[0].u_pe_col/pe_inst[0].u_pe_5/N3) has been disconnected.
I: Const net (pin CEM of inst u_lprnet_top/u_layer29/genblk1.gen_pages[0].pe_inst.u_pe_page/pe_col_inst[0].u_pe_col/pe_inst[0].u_pe_5/N3) has been disconnected.
I: Const net (pin RSTM of inst u_lprnet_top/u_layer29/genblk1.gen_pages[0].pe_inst.u_pe_page/pe_col_inst[0].u_pe_col/pe_inst[0].u_pe_5/N3) has been disconnected.
I: Const net (pin CEX1 of inst u_lprnet_top/u_layer29/genblk1.gen_pages[0].pe_inst.u_pe_page/pe_col_inst[0].u_pe_col/pe_inst[0].u_pe_6/N3) has been disconnected.
I: Const net (pin RSTX of inst u_lprnet_top/u_layer29/genblk1.gen_pages[0].pe_inst.u_pe_page/pe_col_inst[0].u_pe_col/pe_inst[0].u_pe_6/N3) has been disconnected.
I: Const net (pin CEY1 of inst u_lprnet_top/u_layer29/genblk1.gen_pages[0].pe_inst.u_pe_page/pe_col_inst[0].u_pe_col/pe_inst[0].u_pe_6/N3) has been disconnected.
I: Const net (pin RSTY of inst u_lprnet_top/u_layer29/genblk1.gen_pages[0].pe_inst.u_pe_page/pe_col_inst[0].u_pe_col/pe_inst[0].u_pe_6/N3) has been disconnected.
I: Const net (pin CEM of inst u_lprnet_top/u_layer29/genblk1.gen_pages[0].pe_inst.u_pe_page/pe_col_inst[0].u_pe_col/pe_inst[0].u_pe_6/N3) has been disconnected.
I: Const net (pin RSTM of inst u_lprnet_top/u_layer29/genblk1.gen_pages[0].pe_inst.u_pe_page/pe_col_inst[0].u_pe_col/pe_inst[0].u_pe_6/N3) has been disconnected.
I: Const net (pin CEX1 of inst u_lprnet_top/u_layer29/genblk1.gen_pages[0].pe_inst.u_pe_page/pe_col_inst[0].u_pe_col/pe_inst[0].u_pe_7/N3) has been disconnected.
I: Const net (pin RSTX of inst u_lprnet_top/u_layer29/genblk1.gen_pages[0].pe_inst.u_pe_page/pe_col_inst[0].u_pe_col/pe_inst[0].u_pe_7/N3) has been disconnected.
I: Const net (pin CEY1 of inst u_lprnet_top/u_layer29/genblk1.gen_pages[0].pe_inst.u_pe_page/pe_col_inst[0].u_pe_col/pe_inst[0].u_pe_7/N3) has been disconnected.
I: Const net (pin RSTY of inst u_lprnet_top/u_layer29/genblk1.gen_pages[0].pe_inst.u_pe_page/pe_col_inst[0].u_pe_col/pe_inst[0].u_pe_7/N3) has been disconnected.
I: Const net (pin CEM of inst u_lprnet_top/u_layer29/genblk1.gen_pages[0].pe_inst.u_pe_page/pe_col_inst[0].u_pe_col/pe_inst[0].u_pe_7/N3) has been disconnected.
I: Const net (pin RSTM of inst u_lprnet_top/u_layer29/genblk1.gen_pages[0].pe_inst.u_pe_page/pe_col_inst[0].u_pe_col/pe_inst[0].u_pe_7/N3) has been disconnected.
I: Const net (pin CEX1 of inst u_lprnet_top/u_layer29/genblk1.gen_pages[0].pe_inst.u_pe_page/pe_col_inst[0].u_pe_col/pe_inst[0].u_pe_8/N3) has been disconnected.
I: Const net (pin RSTX of inst u_lprnet_top/u_layer29/genblk1.gen_pages[0].pe_inst.u_pe_page/pe_col_inst[0].u_pe_col/pe_inst[0].u_pe_8/N3) has been disconnected.
I: Const net (pin CEY1 of inst u_lprnet_top/u_layer29/genblk1.gen_pages[0].pe_inst.u_pe_page/pe_col_inst[0].u_pe_col/pe_inst[0].u_pe_8/N3) has been disconnected.
I: Const net (pin RSTY of inst u_lprnet_top/u_layer29/genblk1.gen_pages[0].pe_inst.u_pe_page/pe_col_inst[0].u_pe_col/pe_inst[0].u_pe_8/N3) has been disconnected.
I: Const net (pin CEM of inst u_lprnet_top/u_layer29/genblk1.gen_pages[0].pe_inst.u_pe_page/pe_col_inst[0].u_pe_col/pe_inst[0].u_pe_8/N3) has been disconnected.
I: Const net (pin RSTM of inst u_lprnet_top/u_layer29/genblk1.gen_pages[0].pe_inst.u_pe_page/pe_col_inst[0].u_pe_col/pe_inst[0].u_pe_8/N3) has been disconnected.
I: Const net (pin CEX1 of inst u_lprnet_top/u_layer29/genblk1.gen_pages[0].pe_inst.u_pe_page/pe_col_inst[1].u_pe_col/pe_inst[0].u_pe/N3) has been disconnected.
I: Const net (pin RSTX of inst u_lprnet_top/u_layer29/genblk1.gen_pages[0].pe_inst.u_pe_page/pe_col_inst[1].u_pe_col/pe_inst[0].u_pe/N3) has been disconnected.
I: Const net (pin CEY1 of inst u_lprnet_top/u_layer29/genblk1.gen_pages[0].pe_inst.u_pe_page/pe_col_inst[1].u_pe_col/pe_inst[0].u_pe/N3) has been disconnected.
I: Const net (pin RSTY of inst u_lprnet_top/u_layer29/genblk1.gen_pages[0].pe_inst.u_pe_page/pe_col_inst[1].u_pe_col/pe_inst[0].u_pe/N3) has been disconnected.
I: Const net (pin CEM of inst u_lprnet_top/u_layer29/genblk1.gen_pages[0].pe_inst.u_pe_page/pe_col_inst[1].u_pe_col/pe_inst[0].u_pe/N3) has been disconnected.
I: Const net (pin RSTM of inst u_lprnet_top/u_layer29/genblk1.gen_pages[0].pe_inst.u_pe_page/pe_col_inst[1].u_pe_col/pe_inst[0].u_pe/N3) has been disconnected.
I: Const net (pin CEX1 of inst u_lprnet_top/u_layer29/genblk1.gen_pages[0].pe_inst.u_pe_page/pe_col_inst[1].u_pe_col/pe_inst[0].u_pe_1/N3) has been disconnected.
I: Const net (pin RSTX of inst u_lprnet_top/u_layer29/genblk1.gen_pages[0].pe_inst.u_pe_page/pe_col_inst[1].u_pe_col/pe_inst[0].u_pe_1/N3) has been disconnected.
I: Const net (pin CEY1 of inst u_lprnet_top/u_layer29/genblk1.gen_pages[0].pe_inst.u_pe_page/pe_col_inst[1].u_pe_col/pe_inst[0].u_pe_1/N3) has been disconnected.
I: Const net (pin RSTY of inst u_lprnet_top/u_layer29/genblk1.gen_pages[0].pe_inst.u_pe_page/pe_col_inst[1].u_pe_col/pe_inst[0].u_pe_1/N3) has been disconnected.
I: Const net (pin CEM of inst u_lprnet_top/u_layer29/genblk1.gen_pages[0].pe_inst.u_pe_page/pe_col_inst[1].u_pe_col/pe_inst[0].u_pe_1/N3) has been disconnected.
I: Const net (pin RSTM of inst u_lprnet_top/u_layer29/genblk1.gen_pages[0].pe_inst.u_pe_page/pe_col_inst[1].u_pe_col/pe_inst[0].u_pe_1/N3) has been disconnected.
I: Const net (pin CEX1 of inst u_lprnet_top/u_layer29/genblk1.gen_pages[0].pe_inst.u_pe_page/pe_col_inst[1].u_pe_col/pe_inst[0].u_pe_2/N3) has been disconnected.
I: Const net (pin RSTX of inst u_lprnet_top/u_layer29/genblk1.gen_pages[0].pe_inst.u_pe_page/pe_col_inst[1].u_pe_col/pe_inst[0].u_pe_2/N3) has been disconnected.
I: Const net (pin CEY1 of inst u_lprnet_top/u_layer29/genblk1.gen_pages[0].pe_inst.u_pe_page/pe_col_inst[1].u_pe_col/pe_inst[0].u_pe_2/N3) has been disconnected.
I: Const net (pin RSTY of inst u_lprnet_top/u_layer29/genblk1.gen_pages[0].pe_inst.u_pe_page/pe_col_inst[1].u_pe_col/pe_inst[0].u_pe_2/N3) has been disconnected.
I: Const net (pin CEM of inst u_lprnet_top/u_layer29/genblk1.gen_pages[0].pe_inst.u_pe_page/pe_col_inst[1].u_pe_col/pe_inst[0].u_pe_2/N3) has been disconnected.
I: Const net (pin RSTM of inst u_lprnet_top/u_layer29/genblk1.gen_pages[0].pe_inst.u_pe_page/pe_col_inst[1].u_pe_col/pe_inst[0].u_pe_2/N3) has been disconnected.
I: Const net (pin CEX1 of inst u_lprnet_top/u_layer29/genblk1.gen_pages[0].pe_inst.u_pe_page/pe_col_inst[1].u_pe_col/pe_inst[0].u_pe_3/N3) has been disconnected.
I: Const net (pin RSTX of inst u_lprnet_top/u_layer29/genblk1.gen_pages[0].pe_inst.u_pe_page/pe_col_inst[1].u_pe_col/pe_inst[0].u_pe_3/N3) has been disconnected.
I: Const net (pin CEY1 of inst u_lprnet_top/u_layer29/genblk1.gen_pages[0].pe_inst.u_pe_page/pe_col_inst[1].u_pe_col/pe_inst[0].u_pe_3/N3) has been disconnected.
I: Const net (pin RSTY of inst u_lprnet_top/u_layer29/genblk1.gen_pages[0].pe_inst.u_pe_page/pe_col_inst[1].u_pe_col/pe_inst[0].u_pe_3/N3) has been disconnected.
I: Const net (pin CEM of inst u_lprnet_top/u_layer29/genblk1.gen_pages[0].pe_inst.u_pe_page/pe_col_inst[1].u_pe_col/pe_inst[0].u_pe_3/N3) has been disconnected.
I: Const net (pin RSTM of inst u_lprnet_top/u_layer29/genblk1.gen_pages[0].pe_inst.u_pe_page/pe_col_inst[1].u_pe_col/pe_inst[0].u_pe_3/N3) has been disconnected.
I: Const net (pin CEX1 of inst u_lprnet_top/u_layer29/genblk1.gen_pages[0].pe_inst.u_pe_page/pe_col_inst[1].u_pe_col/pe_inst[0].u_pe_4/N3) has been disconnected.
I: Const net (pin RSTX of inst u_lprnet_top/u_layer29/genblk1.gen_pages[0].pe_inst.u_pe_page/pe_col_inst[1].u_pe_col/pe_inst[0].u_pe_4/N3) has been disconnected.
I: Const net (pin CEY1 of inst u_lprnet_top/u_layer29/genblk1.gen_pages[0].pe_inst.u_pe_page/pe_col_inst[1].u_pe_col/pe_inst[0].u_pe_4/N3) has been disconnected.
I: Const net (pin RSTY of inst u_lprnet_top/u_layer29/genblk1.gen_pages[0].pe_inst.u_pe_page/pe_col_inst[1].u_pe_col/pe_inst[0].u_pe_4/N3) has been disconnected.
I: Const net (pin CEM of inst u_lprnet_top/u_layer29/genblk1.gen_pages[0].pe_inst.u_pe_page/pe_col_inst[1].u_pe_col/pe_inst[0].u_pe_4/N3) has been disconnected.
I: Const net (pin RSTM of inst u_lprnet_top/u_layer29/genblk1.gen_pages[0].pe_inst.u_pe_page/pe_col_inst[1].u_pe_col/pe_inst[0].u_pe_4/N3) has been disconnected.
I: Const net (pin CEX1 of inst u_lprnet_top/u_layer29/genblk1.gen_pages[0].pe_inst.u_pe_page/pe_col_inst[1].u_pe_col/pe_inst[0].u_pe_5/N3) has been disconnected.
I: Const net (pin RSTX of inst u_lprnet_top/u_layer29/genblk1.gen_pages[0].pe_inst.u_pe_page/pe_col_inst[1].u_pe_col/pe_inst[0].u_pe_5/N3) has been disconnected.
I: Const net (pin CEY1 of inst u_lprnet_top/u_layer29/genblk1.gen_pages[0].pe_inst.u_pe_page/pe_col_inst[1].u_pe_col/pe_inst[0].u_pe_5/N3) has been disconnected.
I: Const net (pin RSTY of inst u_lprnet_top/u_layer29/genblk1.gen_pages[0].pe_inst.u_pe_page/pe_col_inst[1].u_pe_col/pe_inst[0].u_pe_5/N3) has been disconnected.
I: Const net (pin CEM of inst u_lprnet_top/u_layer29/genblk1.gen_pages[0].pe_inst.u_pe_page/pe_col_inst[1].u_pe_col/pe_inst[0].u_pe_5/N3) has been disconnected.
I: Const net (pin RSTM of inst u_lprnet_top/u_layer29/genblk1.gen_pages[0].pe_inst.u_pe_page/pe_col_inst[1].u_pe_col/pe_inst[0].u_pe_5/N3) has been disconnected.
I: Const net (pin CEX1 of inst u_lprnet_top/u_layer29/genblk1.gen_pages[0].pe_inst.u_pe_page/pe_col_inst[1].u_pe_col/pe_inst[0].u_pe_6/N3) has been disconnected.
I: Const net (pin RSTX of inst u_lprnet_top/u_layer29/genblk1.gen_pages[0].pe_inst.u_pe_page/pe_col_inst[1].u_pe_col/pe_inst[0].u_pe_6/N3) has been disconnected.
I: Const net (pin CEY1 of inst u_lprnet_top/u_layer29/genblk1.gen_pages[0].pe_inst.u_pe_page/pe_col_inst[1].u_pe_col/pe_inst[0].u_pe_6/N3) has been disconnected.
I: Const net (pin RSTY of inst u_lprnet_top/u_layer29/genblk1.gen_pages[0].pe_inst.u_pe_page/pe_col_inst[1].u_pe_col/pe_inst[0].u_pe_6/N3) has been disconnected.
I: Const net (pin CEM of inst u_lprnet_top/u_layer29/genblk1.gen_pages[0].pe_inst.u_pe_page/pe_col_inst[1].u_pe_col/pe_inst[0].u_pe_6/N3) has been disconnected.
I: Const net (pin RSTM of inst u_lprnet_top/u_layer29/genblk1.gen_pages[0].pe_inst.u_pe_page/pe_col_inst[1].u_pe_col/pe_inst[0].u_pe_6/N3) has been disconnected.
I: Const net (pin CEX1 of inst u_lprnet_top/u_layer29/genblk1.gen_pages[0].pe_inst.u_pe_page/pe_col_inst[1].u_pe_col/pe_inst[0].u_pe_7/N3) has been disconnected.
I: Const net (pin RSTX of inst u_lprnet_top/u_layer29/genblk1.gen_pages[0].pe_inst.u_pe_page/pe_col_inst[1].u_pe_col/pe_inst[0].u_pe_7/N3) has been disconnected.
I: Const net (pin CEY1 of inst u_lprnet_top/u_layer29/genblk1.gen_pages[0].pe_inst.u_pe_page/pe_col_inst[1].u_pe_col/pe_inst[0].u_pe_7/N3) has been disconnected.
I: Const net (pin RSTY of inst u_lprnet_top/u_layer29/genblk1.gen_pages[0].pe_inst.u_pe_page/pe_col_inst[1].u_pe_col/pe_inst[0].u_pe_7/N3) has been disconnected.
I: Const net (pin CEM of inst u_lprnet_top/u_layer29/genblk1.gen_pages[0].pe_inst.u_pe_page/pe_col_inst[1].u_pe_col/pe_inst[0].u_pe_7/N3) has been disconnected.
I: Const net (pin RSTM of inst u_lprnet_top/u_layer29/genblk1.gen_pages[0].pe_inst.u_pe_page/pe_col_inst[1].u_pe_col/pe_inst[0].u_pe_7/N3) has been disconnected.
I: Const net (pin CEX1 of inst u_lprnet_top/u_layer29/genblk1.gen_pages[0].pe_inst.u_pe_page/pe_col_inst[1].u_pe_col/pe_inst[0].u_pe_8/N3) has been disconnected.
I: Const net (pin RSTX of inst u_lprnet_top/u_layer29/genblk1.gen_pages[0].pe_inst.u_pe_page/pe_col_inst[1].u_pe_col/pe_inst[0].u_pe_8/N3) has been disconnected.
I: Const net (pin CEY1 of inst u_lprnet_top/u_layer29/genblk1.gen_pages[0].pe_inst.u_pe_page/pe_col_inst[1].u_pe_col/pe_inst[0].u_pe_8/N3) has been disconnected.
I: Const net (pin RSTY of inst u_lprnet_top/u_layer29/genblk1.gen_pages[0].pe_inst.u_pe_page/pe_col_inst[1].u_pe_col/pe_inst[0].u_pe_8/N3) has been disconnected.
I: Const net (pin CEM of inst u_lprnet_top/u_layer29/genblk1.gen_pages[0].pe_inst.u_pe_page/pe_col_inst[1].u_pe_col/pe_inst[0].u_pe_8/N3) has been disconnected.
I: Const net (pin RSTM of inst u_lprnet_top/u_layer29/genblk1.gen_pages[0].pe_inst.u_pe_page/pe_col_inst[1].u_pe_col/pe_inst[0].u_pe_8/N3) has been disconnected.
I: Const net (pin CEX1 of inst u_lprnet_top/u_layer29/genblk1.gen_pages[0].pe_inst.u_pe_page/pe_col_inst[2].u_pe_col/pe_inst[0].u_pe/N3) has been disconnected.
I: Const net (pin RSTX of inst u_lprnet_top/u_layer29/genblk1.gen_pages[0].pe_inst.u_pe_page/pe_col_inst[2].u_pe_col/pe_inst[0].u_pe/N3) has been disconnected.
I: Const net (pin CEY1 of inst u_lprnet_top/u_layer29/genblk1.gen_pages[0].pe_inst.u_pe_page/pe_col_inst[2].u_pe_col/pe_inst[0].u_pe/N3) has been disconnected.
I: Const net (pin RSTY of inst u_lprnet_top/u_layer29/genblk1.gen_pages[0].pe_inst.u_pe_page/pe_col_inst[2].u_pe_col/pe_inst[0].u_pe/N3) has been disconnected.
I: Const net (pin CEM of inst u_lprnet_top/u_layer29/genblk1.gen_pages[0].pe_inst.u_pe_page/pe_col_inst[2].u_pe_col/pe_inst[0].u_pe/N3) has been disconnected.
I: Const net (pin RSTM of inst u_lprnet_top/u_layer29/genblk1.gen_pages[0].pe_inst.u_pe_page/pe_col_inst[2].u_pe_col/pe_inst[0].u_pe/N3) has been disconnected.
I: Const net (pin CEX1 of inst u_lprnet_top/u_layer29/genblk1.gen_pages[0].pe_inst.u_pe_page/pe_col_inst[2].u_pe_col/pe_inst[0].u_pe_1/N3) has been disconnected.
I: Const net (pin RSTX of inst u_lprnet_top/u_layer29/genblk1.gen_pages[0].pe_inst.u_pe_page/pe_col_inst[2].u_pe_col/pe_inst[0].u_pe_1/N3) has been disconnected.
I: Const net (pin CEY1 of inst u_lprnet_top/u_layer29/genblk1.gen_pages[0].pe_inst.u_pe_page/pe_col_inst[2].u_pe_col/pe_inst[0].u_pe_1/N3) has been disconnected.
I: Const net (pin RSTY of inst u_lprnet_top/u_layer29/genblk1.gen_pages[0].pe_inst.u_pe_page/pe_col_inst[2].u_pe_col/pe_inst[0].u_pe_1/N3) has been disconnected.
I: Const net (pin CEM of inst u_lprnet_top/u_layer29/genblk1.gen_pages[0].pe_inst.u_pe_page/pe_col_inst[2].u_pe_col/pe_inst[0].u_pe_1/N3) has been disconnected.
I: Const net (pin RSTM of inst u_lprnet_top/u_layer29/genblk1.gen_pages[0].pe_inst.u_pe_page/pe_col_inst[2].u_pe_col/pe_inst[0].u_pe_1/N3) has been disconnected.
I: Const net (pin CEX1 of inst u_lprnet_top/u_layer29/genblk1.gen_pages[0].pe_inst.u_pe_page/pe_col_inst[2].u_pe_col/pe_inst[0].u_pe_2/N3) has been disconnected.
I: Const net (pin RSTX of inst u_lprnet_top/u_layer29/genblk1.gen_pages[0].pe_inst.u_pe_page/pe_col_inst[2].u_pe_col/pe_inst[0].u_pe_2/N3) has been disconnected.
I: Const net (pin CEY1 of inst u_lprnet_top/u_layer29/genblk1.gen_pages[0].pe_inst.u_pe_page/pe_col_inst[2].u_pe_col/pe_inst[0].u_pe_2/N3) has been disconnected.
I: Const net (pin RSTY of inst u_lprnet_top/u_layer29/genblk1.gen_pages[0].pe_inst.u_pe_page/pe_col_inst[2].u_pe_col/pe_inst[0].u_pe_2/N3) has been disconnected.
I: Const net (pin CEM of inst u_lprnet_top/u_layer29/genblk1.gen_pages[0].pe_inst.u_pe_page/pe_col_inst[2].u_pe_col/pe_inst[0].u_pe_2/N3) has been disconnected.
I: Const net (pin RSTM of inst u_lprnet_top/u_layer29/genblk1.gen_pages[0].pe_inst.u_pe_page/pe_col_inst[2].u_pe_col/pe_inst[0].u_pe_2/N3) has been disconnected.
I: Const net (pin CEX1 of inst u_lprnet_top/u_layer29/genblk1.gen_pages[0].pe_inst.u_pe_page/pe_col_inst[2].u_pe_col/pe_inst[0].u_pe_3/N3) has been disconnected.
I: Const net (pin RSTX of inst u_lprnet_top/u_layer29/genblk1.gen_pages[0].pe_inst.u_pe_page/pe_col_inst[2].u_pe_col/pe_inst[0].u_pe_3/N3) has been disconnected.
I: Const net (pin CEY1 of inst u_lprnet_top/u_layer29/genblk1.gen_pages[0].pe_inst.u_pe_page/pe_col_inst[2].u_pe_col/pe_inst[0].u_pe_3/N3) has been disconnected.
I: Const net (pin RSTY of inst u_lprnet_top/u_layer29/genblk1.gen_pages[0].pe_inst.u_pe_page/pe_col_inst[2].u_pe_col/pe_inst[0].u_pe_3/N3) has been disconnected.
I: Const net (pin CEM of inst u_lprnet_top/u_layer29/genblk1.gen_pages[0].pe_inst.u_pe_page/pe_col_inst[2].u_pe_col/pe_inst[0].u_pe_3/N3) has been disconnected.
I: Const net (pin RSTM of inst u_lprnet_top/u_layer29/genblk1.gen_pages[0].pe_inst.u_pe_page/pe_col_inst[2].u_pe_col/pe_inst[0].u_pe_3/N3) has been disconnected.
I: Const net (pin CEX1 of inst u_lprnet_top/u_layer29/genblk1.gen_pages[0].pe_inst.u_pe_page/pe_col_inst[2].u_pe_col/pe_inst[0].u_pe_4/N3) has been disconnected.
I: Const net (pin RSTX of inst u_lprnet_top/u_layer29/genblk1.gen_pages[0].pe_inst.u_pe_page/pe_col_inst[2].u_pe_col/pe_inst[0].u_pe_4/N3) has been disconnected.
I: Const net (pin CEY1 of inst u_lprnet_top/u_layer29/genblk1.gen_pages[0].pe_inst.u_pe_page/pe_col_inst[2].u_pe_col/pe_inst[0].u_pe_4/N3) has been disconnected.
I: Const net (pin RSTY of inst u_lprnet_top/u_layer29/genblk1.gen_pages[0].pe_inst.u_pe_page/pe_col_inst[2].u_pe_col/pe_inst[0].u_pe_4/N3) has been disconnected.
I: Const net (pin CEM of inst u_lprnet_top/u_layer29/genblk1.gen_pages[0].pe_inst.u_pe_page/pe_col_inst[2].u_pe_col/pe_inst[0].u_pe_4/N3) has been disconnected.
I: Const net (pin RSTM of inst u_lprnet_top/u_layer29/genblk1.gen_pages[0].pe_inst.u_pe_page/pe_col_inst[2].u_pe_col/pe_inst[0].u_pe_4/N3) has been disconnected.
I: Const net (pin CEX1 of inst u_lprnet_top/u_layer29/genblk1.gen_pages[0].pe_inst.u_pe_page/pe_col_inst[2].u_pe_col/pe_inst[0].u_pe_5/N3) has been disconnected.
I: Const net (pin RSTX of inst u_lprnet_top/u_layer29/genblk1.gen_pages[0].pe_inst.u_pe_page/pe_col_inst[2].u_pe_col/pe_inst[0].u_pe_5/N3) has been disconnected.
I: Const net (pin CEY1 of inst u_lprnet_top/u_layer29/genblk1.gen_pages[0].pe_inst.u_pe_page/pe_col_inst[2].u_pe_col/pe_inst[0].u_pe_5/N3) has been disconnected.
I: Const net (pin RSTY of inst u_lprnet_top/u_layer29/genblk1.gen_pages[0].pe_inst.u_pe_page/pe_col_inst[2].u_pe_col/pe_inst[0].u_pe_5/N3) has been disconnected.
I: Const net (pin CEM of inst u_lprnet_top/u_layer29/genblk1.gen_pages[0].pe_inst.u_pe_page/pe_col_inst[2].u_pe_col/pe_inst[0].u_pe_5/N3) has been disconnected.
I: Const net (pin RSTM of inst u_lprnet_top/u_layer29/genblk1.gen_pages[0].pe_inst.u_pe_page/pe_col_inst[2].u_pe_col/pe_inst[0].u_pe_5/N3) has been disconnected.
I: Const net (pin CEX1 of inst u_lprnet_top/u_layer29/genblk1.gen_pages[0].pe_inst.u_pe_page/pe_col_inst[2].u_pe_col/pe_inst[0].u_pe_6/N3) has been disconnected.
I: Const net (pin RSTX of inst u_lprnet_top/u_layer29/genblk1.gen_pages[0].pe_inst.u_pe_page/pe_col_inst[2].u_pe_col/pe_inst[0].u_pe_6/N3) has been disconnected.
I: Const net (pin CEY1 of inst u_lprnet_top/u_layer29/genblk1.gen_pages[0].pe_inst.u_pe_page/pe_col_inst[2].u_pe_col/pe_inst[0].u_pe_6/N3) has been disconnected.
I: Const net (pin RSTY of inst u_lprnet_top/u_layer29/genblk1.gen_pages[0].pe_inst.u_pe_page/pe_col_inst[2].u_pe_col/pe_inst[0].u_pe_6/N3) has been disconnected.
I: Const net (pin CEM of inst u_lprnet_top/u_layer29/genblk1.gen_pages[0].pe_inst.u_pe_page/pe_col_inst[2].u_pe_col/pe_inst[0].u_pe_6/N3) has been disconnected.
I: Const net (pin RSTM of inst u_lprnet_top/u_layer29/genblk1.gen_pages[0].pe_inst.u_pe_page/pe_col_inst[2].u_pe_col/pe_inst[0].u_pe_6/N3) has been disconnected.
I: Const net (pin CEX1 of inst u_lprnet_top/u_layer29/genblk1.gen_pages[0].pe_inst.u_pe_page/pe_col_inst[2].u_pe_col/pe_inst[0].u_pe_7/N3) has been disconnected.
I: Const net (pin RSTX of inst u_lprnet_top/u_layer29/genblk1.gen_pages[0].pe_inst.u_pe_page/pe_col_inst[2].u_pe_col/pe_inst[0].u_pe_7/N3) has been disconnected.
I: Const net (pin CEY1 of inst u_lprnet_top/u_layer29/genblk1.gen_pages[0].pe_inst.u_pe_page/pe_col_inst[2].u_pe_col/pe_inst[0].u_pe_7/N3) has been disconnected.
I: Const net (pin RSTY of inst u_lprnet_top/u_layer29/genblk1.gen_pages[0].pe_inst.u_pe_page/pe_col_inst[2].u_pe_col/pe_inst[0].u_pe_7/N3) has been disconnected.
I: Const net (pin CEM of inst u_lprnet_top/u_layer29/genblk1.gen_pages[0].pe_inst.u_pe_page/pe_col_inst[2].u_pe_col/pe_inst[0].u_pe_7/N3) has been disconnected.
I: Const net (pin RSTM of inst u_lprnet_top/u_layer29/genblk1.gen_pages[0].pe_inst.u_pe_page/pe_col_inst[2].u_pe_col/pe_inst[0].u_pe_7/N3) has been disconnected.
I: Const net (pin CEX1 of inst u_lprnet_top/u_layer29/genblk1.gen_pages[0].pe_inst.u_pe_page/pe_col_inst[2].u_pe_col/pe_inst[0].u_pe_8/N3) has been disconnected.
I: Const net (pin RSTX of inst u_lprnet_top/u_layer29/genblk1.gen_pages[0].pe_inst.u_pe_page/pe_col_inst[2].u_pe_col/pe_inst[0].u_pe_8/N3) has been disconnected.
I: Const net (pin CEY1 of inst u_lprnet_top/u_layer29/genblk1.gen_pages[0].pe_inst.u_pe_page/pe_col_inst[2].u_pe_col/pe_inst[0].u_pe_8/N3) has been disconnected.
I: Const net (pin RSTY of inst u_lprnet_top/u_layer29/genblk1.gen_pages[0].pe_inst.u_pe_page/pe_col_inst[2].u_pe_col/pe_inst[0].u_pe_8/N3) has been disconnected.
I: Const net (pin CEM of inst u_lprnet_top/u_layer29/genblk1.gen_pages[0].pe_inst.u_pe_page/pe_col_inst[2].u_pe_col/pe_inst[0].u_pe_8/N3) has been disconnected.
I: Const net (pin RSTM of inst u_lprnet_top/u_layer29/genblk1.gen_pages[0].pe_inst.u_pe_page/pe_col_inst[2].u_pe_col/pe_inst[0].u_pe_8/N3) has been disconnected.
I: Const net (pin CEX1 of inst u_lprnet_top/u_layer29/genblk1.gen_pages[0].pe_inst.u_pe_page/pe_col_inst[3].u_pe_col/pe_inst[0].u_pe/N3) has been disconnected.
I: Const net (pin RSTX of inst u_lprnet_top/u_layer29/genblk1.gen_pages[0].pe_inst.u_pe_page/pe_col_inst[3].u_pe_col/pe_inst[0].u_pe/N3) has been disconnected.
I: Const net (pin CEY1 of inst u_lprnet_top/u_layer29/genblk1.gen_pages[0].pe_inst.u_pe_page/pe_col_inst[3].u_pe_col/pe_inst[0].u_pe/N3) has been disconnected.
I: Const net (pin RSTY of inst u_lprnet_top/u_layer29/genblk1.gen_pages[0].pe_inst.u_pe_page/pe_col_inst[3].u_pe_col/pe_inst[0].u_pe/N3) has been disconnected.
I: Const net (pin CEM of inst u_lprnet_top/u_layer29/genblk1.gen_pages[0].pe_inst.u_pe_page/pe_col_inst[3].u_pe_col/pe_inst[0].u_pe/N3) has been disconnected.
I: Const net (pin RSTM of inst u_lprnet_top/u_layer29/genblk1.gen_pages[0].pe_inst.u_pe_page/pe_col_inst[3].u_pe_col/pe_inst[0].u_pe/N3) has been disconnected.
I: Const net (pin CEX1 of inst u_lprnet_top/u_layer29/genblk1.gen_pages[0].pe_inst.u_pe_page/pe_col_inst[3].u_pe_col/pe_inst[0].u_pe_1/N3) has been disconnected.
I: Const net (pin RSTX of inst u_lprnet_top/u_layer29/genblk1.gen_pages[0].pe_inst.u_pe_page/pe_col_inst[3].u_pe_col/pe_inst[0].u_pe_1/N3) has been disconnected.
I: Const net (pin CEY1 of inst u_lprnet_top/u_layer29/genblk1.gen_pages[0].pe_inst.u_pe_page/pe_col_inst[3].u_pe_col/pe_inst[0].u_pe_1/N3) has been disconnected.
I: Const net (pin RSTY of inst u_lprnet_top/u_layer29/genblk1.gen_pages[0].pe_inst.u_pe_page/pe_col_inst[3].u_pe_col/pe_inst[0].u_pe_1/N3) has been disconnected.
I: Const net (pin CEM of inst u_lprnet_top/u_layer29/genblk1.gen_pages[0].pe_inst.u_pe_page/pe_col_inst[3].u_pe_col/pe_inst[0].u_pe_1/N3) has been disconnected.
I: Const net (pin RSTM of inst u_lprnet_top/u_layer29/genblk1.gen_pages[0].pe_inst.u_pe_page/pe_col_inst[3].u_pe_col/pe_inst[0].u_pe_1/N3) has been disconnected.
I: Const net (pin CEX1 of inst u_lprnet_top/u_layer29/genblk1.gen_pages[0].pe_inst.u_pe_page/pe_col_inst[3].u_pe_col/pe_inst[0].u_pe_2/N3) has been disconnected.
I: Const net (pin RSTX of inst u_lprnet_top/u_layer29/genblk1.gen_pages[0].pe_inst.u_pe_page/pe_col_inst[3].u_pe_col/pe_inst[0].u_pe_2/N3) has been disconnected.
I: Const net (pin CEY1 of inst u_lprnet_top/u_layer29/genblk1.gen_pages[0].pe_inst.u_pe_page/pe_col_inst[3].u_pe_col/pe_inst[0].u_pe_2/N3) has been disconnected.
I: Const net (pin RSTY of inst u_lprnet_top/u_layer29/genblk1.gen_pages[0].pe_inst.u_pe_page/pe_col_inst[3].u_pe_col/pe_inst[0].u_pe_2/N3) has been disconnected.
I: Const net (pin CEM of inst u_lprnet_top/u_layer29/genblk1.gen_pages[0].pe_inst.u_pe_page/pe_col_inst[3].u_pe_col/pe_inst[0].u_pe_2/N3) has been disconnected.
I: Const net (pin RSTM of inst u_lprnet_top/u_layer29/genblk1.gen_pages[0].pe_inst.u_pe_page/pe_col_inst[3].u_pe_col/pe_inst[0].u_pe_2/N3) has been disconnected.
I: Const net (pin CEX1 of inst u_lprnet_top/u_layer29/genblk1.gen_pages[0].pe_inst.u_pe_page/pe_col_inst[3].u_pe_col/pe_inst[0].u_pe_3/N3) has been disconnected.
I: Const net (pin RSTX of inst u_lprnet_top/u_layer29/genblk1.gen_pages[0].pe_inst.u_pe_page/pe_col_inst[3].u_pe_col/pe_inst[0].u_pe_3/N3) has been disconnected.
I: Const net (pin CEY1 of inst u_lprnet_top/u_layer29/genblk1.gen_pages[0].pe_inst.u_pe_page/pe_col_inst[3].u_pe_col/pe_inst[0].u_pe_3/N3) has been disconnected.
I: Const net (pin RSTY of inst u_lprnet_top/u_layer29/genblk1.gen_pages[0].pe_inst.u_pe_page/pe_col_inst[3].u_pe_col/pe_inst[0].u_pe_3/N3) has been disconnected.
I: Const net (pin CEM of inst u_lprnet_top/u_layer29/genblk1.gen_pages[0].pe_inst.u_pe_page/pe_col_inst[3].u_pe_col/pe_inst[0].u_pe_3/N3) has been disconnected.
I: Const net (pin RSTM of inst u_lprnet_top/u_layer29/genblk1.gen_pages[0].pe_inst.u_pe_page/pe_col_inst[3].u_pe_col/pe_inst[0].u_pe_3/N3) has been disconnected.
I: Const net (pin CEX1 of inst u_lprnet_top/u_layer29/genblk1.gen_pages[0].pe_inst.u_pe_page/pe_col_inst[3].u_pe_col/pe_inst[0].u_pe_4/N3) has been disconnected.
I: Const net (pin RSTX of inst u_lprnet_top/u_layer29/genblk1.gen_pages[0].pe_inst.u_pe_page/pe_col_inst[3].u_pe_col/pe_inst[0].u_pe_4/N3) has been disconnected.
I: Const net (pin CEY1 of inst u_lprnet_top/u_layer29/genblk1.gen_pages[0].pe_inst.u_pe_page/pe_col_inst[3].u_pe_col/pe_inst[0].u_pe_4/N3) has been disconnected.
I: Const net (pin RSTY of inst u_lprnet_top/u_layer29/genblk1.gen_pages[0].pe_inst.u_pe_page/pe_col_inst[3].u_pe_col/pe_inst[0].u_pe_4/N3) has been disconnected.
I: Const net (pin CEM of inst u_lprnet_top/u_layer29/genblk1.gen_pages[0].pe_inst.u_pe_page/pe_col_inst[3].u_pe_col/pe_inst[0].u_pe_4/N3) has been disconnected.
I: Const net (pin RSTM of inst u_lprnet_top/u_layer29/genblk1.gen_pages[0].pe_inst.u_pe_page/pe_col_inst[3].u_pe_col/pe_inst[0].u_pe_4/N3) has been disconnected.
I: Const net (pin CEX1 of inst u_lprnet_top/u_layer29/genblk1.gen_pages[0].pe_inst.u_pe_page/pe_col_inst[3].u_pe_col/pe_inst[0].u_pe_5/N3) has been disconnected.
I: Const net (pin RSTX of inst u_lprnet_top/u_layer29/genblk1.gen_pages[0].pe_inst.u_pe_page/pe_col_inst[3].u_pe_col/pe_inst[0].u_pe_5/N3) has been disconnected.
I: Const net (pin CEY1 of inst u_lprnet_top/u_layer29/genblk1.gen_pages[0].pe_inst.u_pe_page/pe_col_inst[3].u_pe_col/pe_inst[0].u_pe_5/N3) has been disconnected.
I: Const net (pin RSTY of inst u_lprnet_top/u_layer29/genblk1.gen_pages[0].pe_inst.u_pe_page/pe_col_inst[3].u_pe_col/pe_inst[0].u_pe_5/N3) has been disconnected.
I: Const net (pin CEM of inst u_lprnet_top/u_layer29/genblk1.gen_pages[0].pe_inst.u_pe_page/pe_col_inst[3].u_pe_col/pe_inst[0].u_pe_5/N3) has been disconnected.
I: Const net (pin RSTM of inst u_lprnet_top/u_layer29/genblk1.gen_pages[0].pe_inst.u_pe_page/pe_col_inst[3].u_pe_col/pe_inst[0].u_pe_5/N3) has been disconnected.
I: Const net (pin CEX1 of inst u_lprnet_top/u_layer29/genblk1.gen_pages[0].pe_inst.u_pe_page/pe_col_inst[3].u_pe_col/pe_inst[0].u_pe_6/N3) has been disconnected.
I: Const net (pin RSTX of inst u_lprnet_top/u_layer29/genblk1.gen_pages[0].pe_inst.u_pe_page/pe_col_inst[3].u_pe_col/pe_inst[0].u_pe_6/N3) has been disconnected.
I: Const net (pin CEY1 of inst u_lprnet_top/u_layer29/genblk1.gen_pages[0].pe_inst.u_pe_page/pe_col_inst[3].u_pe_col/pe_inst[0].u_pe_6/N3) has been disconnected.
I: Const net (pin RSTY of inst u_lprnet_top/u_layer29/genblk1.gen_pages[0].pe_inst.u_pe_page/pe_col_inst[3].u_pe_col/pe_inst[0].u_pe_6/N3) has been disconnected.
I: Const net (pin CEM of inst u_lprnet_top/u_layer29/genblk1.gen_pages[0].pe_inst.u_pe_page/pe_col_inst[3].u_pe_col/pe_inst[0].u_pe_6/N3) has been disconnected.
I: Const net (pin RSTM of inst u_lprnet_top/u_layer29/genblk1.gen_pages[0].pe_inst.u_pe_page/pe_col_inst[3].u_pe_col/pe_inst[0].u_pe_6/N3) has been disconnected.
I: Const net (pin CEX1 of inst u_lprnet_top/u_layer29/genblk1.gen_pages[0].pe_inst.u_pe_page/pe_col_inst[3].u_pe_col/pe_inst[0].u_pe_7/N3) has been disconnected.
I: Const net (pin RSTX of inst u_lprnet_top/u_layer29/genblk1.gen_pages[0].pe_inst.u_pe_page/pe_col_inst[3].u_pe_col/pe_inst[0].u_pe_7/N3) has been disconnected.
I: Const net (pin CEY1 of inst u_lprnet_top/u_layer29/genblk1.gen_pages[0].pe_inst.u_pe_page/pe_col_inst[3].u_pe_col/pe_inst[0].u_pe_7/N3) has been disconnected.
I: Const net (pin RSTY of inst u_lprnet_top/u_layer29/genblk1.gen_pages[0].pe_inst.u_pe_page/pe_col_inst[3].u_pe_col/pe_inst[0].u_pe_7/N3) has been disconnected.
I: Const net (pin CEM of inst u_lprnet_top/u_layer29/genblk1.gen_pages[0].pe_inst.u_pe_page/pe_col_inst[3].u_pe_col/pe_inst[0].u_pe_7/N3) has been disconnected.
I: Const net (pin RSTM of inst u_lprnet_top/u_layer29/genblk1.gen_pages[0].pe_inst.u_pe_page/pe_col_inst[3].u_pe_col/pe_inst[0].u_pe_7/N3) has been disconnected.
I: Const net (pin CEX1 of inst u_lprnet_top/u_layer29/genblk1.gen_pages[0].pe_inst.u_pe_page/pe_col_inst[3].u_pe_col/pe_inst[0].u_pe_8/N3) has been disconnected.
I: Const net (pin RSTX of inst u_lprnet_top/u_layer29/genblk1.gen_pages[0].pe_inst.u_pe_page/pe_col_inst[3].u_pe_col/pe_inst[0].u_pe_8/N3) has been disconnected.
I: Const net (pin CEY1 of inst u_lprnet_top/u_layer29/genblk1.gen_pages[0].pe_inst.u_pe_page/pe_col_inst[3].u_pe_col/pe_inst[0].u_pe_8/N3) has been disconnected.
I: Const net (pin RSTY of inst u_lprnet_top/u_layer29/genblk1.gen_pages[0].pe_inst.u_pe_page/pe_col_inst[3].u_pe_col/pe_inst[0].u_pe_8/N3) has been disconnected.
I: Const net (pin CEM of inst u_lprnet_top/u_layer29/genblk1.gen_pages[0].pe_inst.u_pe_page/pe_col_inst[3].u_pe_col/pe_inst[0].u_pe_8/N3) has been disconnected.
I: Const net (pin RSTM of inst u_lprnet_top/u_layer29/genblk1.gen_pages[0].pe_inst.u_pe_page/pe_col_inst[3].u_pe_col/pe_inst[0].u_pe_8/N3) has been disconnected.
I: Const net (pin CEX1 of inst u_lprnet_top/u_layer29/genblk1.gen_pages[1].pe_inst.u_pe_page/pe_col_inst[0].u_pe_col/pe_inst[0].u_pe/N3) has been disconnected.
I: Const net (pin RSTX of inst u_lprnet_top/u_layer29/genblk1.gen_pages[1].pe_inst.u_pe_page/pe_col_inst[0].u_pe_col/pe_inst[0].u_pe/N3) has been disconnected.
I: Const net (pin CEY1 of inst u_lprnet_top/u_layer29/genblk1.gen_pages[1].pe_inst.u_pe_page/pe_col_inst[0].u_pe_col/pe_inst[0].u_pe/N3) has been disconnected.
I: Const net (pin RSTY of inst u_lprnet_top/u_layer29/genblk1.gen_pages[1].pe_inst.u_pe_page/pe_col_inst[0].u_pe_col/pe_inst[0].u_pe/N3) has been disconnected.
I: Const net (pin CEM of inst u_lprnet_top/u_layer29/genblk1.gen_pages[1].pe_inst.u_pe_page/pe_col_inst[0].u_pe_col/pe_inst[0].u_pe/N3) has been disconnected.
I: Const net (pin RSTM of inst u_lprnet_top/u_layer29/genblk1.gen_pages[1].pe_inst.u_pe_page/pe_col_inst[0].u_pe_col/pe_inst[0].u_pe/N3) has been disconnected.
I: Const net (pin CEX1 of inst u_lprnet_top/u_layer29/genblk1.gen_pages[1].pe_inst.u_pe_page/pe_col_inst[0].u_pe_col/pe_inst[0].u_pe_1/N3) has been disconnected.
I: Const net (pin RSTX of inst u_lprnet_top/u_layer29/genblk1.gen_pages[1].pe_inst.u_pe_page/pe_col_inst[0].u_pe_col/pe_inst[0].u_pe_1/N3) has been disconnected.
I: Const net (pin CEY1 of inst u_lprnet_top/u_layer29/genblk1.gen_pages[1].pe_inst.u_pe_page/pe_col_inst[0].u_pe_col/pe_inst[0].u_pe_1/N3) has been disconnected.
I: Const net (pin RSTY of inst u_lprnet_top/u_layer29/genblk1.gen_pages[1].pe_inst.u_pe_page/pe_col_inst[0].u_pe_col/pe_inst[0].u_pe_1/N3) has been disconnected.
I: Const net (pin CEM of inst u_lprnet_top/u_layer29/genblk1.gen_pages[1].pe_inst.u_pe_page/pe_col_inst[0].u_pe_col/pe_inst[0].u_pe_1/N3) has been disconnected.
I: Const net (pin RSTM of inst u_lprnet_top/u_layer29/genblk1.gen_pages[1].pe_inst.u_pe_page/pe_col_inst[0].u_pe_col/pe_inst[0].u_pe_1/N3) has been disconnected.
I: Const net (pin CEX1 of inst u_lprnet_top/u_layer29/genblk1.gen_pages[1].pe_inst.u_pe_page/pe_col_inst[0].u_pe_col/pe_inst[0].u_pe_2/N3) has been disconnected.
I: Const net (pin RSTX of inst u_lprnet_top/u_layer29/genblk1.gen_pages[1].pe_inst.u_pe_page/pe_col_inst[0].u_pe_col/pe_inst[0].u_pe_2/N3) has been disconnected.
I: Const net (pin CEY1 of inst u_lprnet_top/u_layer29/genblk1.gen_pages[1].pe_inst.u_pe_page/pe_col_inst[0].u_pe_col/pe_inst[0].u_pe_2/N3) has been disconnected.
I: Const net (pin RSTY of inst u_lprnet_top/u_layer29/genblk1.gen_pages[1].pe_inst.u_pe_page/pe_col_inst[0].u_pe_col/pe_inst[0].u_pe_2/N3) has been disconnected.
I: Const net (pin CEM of inst u_lprnet_top/u_layer29/genblk1.gen_pages[1].pe_inst.u_pe_page/pe_col_inst[0].u_pe_col/pe_inst[0].u_pe_2/N3) has been disconnected.
I: Const net (pin RSTM of inst u_lprnet_top/u_layer29/genblk1.gen_pages[1].pe_inst.u_pe_page/pe_col_inst[0].u_pe_col/pe_inst[0].u_pe_2/N3) has been disconnected.
I: Const net (pin CEX1 of inst u_lprnet_top/u_layer29/genblk1.gen_pages[1].pe_inst.u_pe_page/pe_col_inst[0].u_pe_col/pe_inst[0].u_pe_3/N3) has been disconnected.
I: Const net (pin RSTX of inst u_lprnet_top/u_layer29/genblk1.gen_pages[1].pe_inst.u_pe_page/pe_col_inst[0].u_pe_col/pe_inst[0].u_pe_3/N3) has been disconnected.
I: Const net (pin CEY1 of inst u_lprnet_top/u_layer29/genblk1.gen_pages[1].pe_inst.u_pe_page/pe_col_inst[0].u_pe_col/pe_inst[0].u_pe_3/N3) has been disconnected.
I: Const net (pin RSTY of inst u_lprnet_top/u_layer29/genblk1.gen_pages[1].pe_inst.u_pe_page/pe_col_inst[0].u_pe_col/pe_inst[0].u_pe_3/N3) has been disconnected.
I: Const net (pin CEM of inst u_lprnet_top/u_layer29/genblk1.gen_pages[1].pe_inst.u_pe_page/pe_col_inst[0].u_pe_col/pe_inst[0].u_pe_3/N3) has been disconnected.
I: Const net (pin RSTM of inst u_lprnet_top/u_layer29/genblk1.gen_pages[1].pe_inst.u_pe_page/pe_col_inst[0].u_pe_col/pe_inst[0].u_pe_3/N3) has been disconnected.
I: Const net (pin CEX1 of inst u_lprnet_top/u_layer29/genblk1.gen_pages[1].pe_inst.u_pe_page/pe_col_inst[0].u_pe_col/pe_inst[0].u_pe_4/N3) has been disconnected.
I: Const net (pin RSTX of inst u_lprnet_top/u_layer29/genblk1.gen_pages[1].pe_inst.u_pe_page/pe_col_inst[0].u_pe_col/pe_inst[0].u_pe_4/N3) has been disconnected.
I: Const net (pin CEY1 of inst u_lprnet_top/u_layer29/genblk1.gen_pages[1].pe_inst.u_pe_page/pe_col_inst[0].u_pe_col/pe_inst[0].u_pe_4/N3) has been disconnected.
I: Const net (pin RSTY of inst u_lprnet_top/u_layer29/genblk1.gen_pages[1].pe_inst.u_pe_page/pe_col_inst[0].u_pe_col/pe_inst[0].u_pe_4/N3) has been disconnected.
I: Const net (pin CEM of inst u_lprnet_top/u_layer29/genblk1.gen_pages[1].pe_inst.u_pe_page/pe_col_inst[0].u_pe_col/pe_inst[0].u_pe_4/N3) has been disconnected.
I: Const net (pin RSTM of inst u_lprnet_top/u_layer29/genblk1.gen_pages[1].pe_inst.u_pe_page/pe_col_inst[0].u_pe_col/pe_inst[0].u_pe_4/N3) has been disconnected.
I: Const net (pin CEX1 of inst u_lprnet_top/u_layer29/genblk1.gen_pages[1].pe_inst.u_pe_page/pe_col_inst[0].u_pe_col/pe_inst[0].u_pe_5/N3) has been disconnected.
I: Const net (pin RSTX of inst u_lprnet_top/u_layer29/genblk1.gen_pages[1].pe_inst.u_pe_page/pe_col_inst[0].u_pe_col/pe_inst[0].u_pe_5/N3) has been disconnected.
I: Const net (pin CEY1 of inst u_lprnet_top/u_layer29/genblk1.gen_pages[1].pe_inst.u_pe_page/pe_col_inst[0].u_pe_col/pe_inst[0].u_pe_5/N3) has been disconnected.
I: Const net (pin RSTY of inst u_lprnet_top/u_layer29/genblk1.gen_pages[1].pe_inst.u_pe_page/pe_col_inst[0].u_pe_col/pe_inst[0].u_pe_5/N3) has been disconnected.
I: Const net (pin CEM of inst u_lprnet_top/u_layer29/genblk1.gen_pages[1].pe_inst.u_pe_page/pe_col_inst[0].u_pe_col/pe_inst[0].u_pe_5/N3) has been disconnected.
I: Const net (pin RSTM of inst u_lprnet_top/u_layer29/genblk1.gen_pages[1].pe_inst.u_pe_page/pe_col_inst[0].u_pe_col/pe_inst[0].u_pe_5/N3) has been disconnected.
I: Const net (pin CEX1 of inst u_lprnet_top/u_layer29/genblk1.gen_pages[1].pe_inst.u_pe_page/pe_col_inst[0].u_pe_col/pe_inst[0].u_pe_6/N3) has been disconnected.
I: Const net (pin RSTX of inst u_lprnet_top/u_layer29/genblk1.gen_pages[1].pe_inst.u_pe_page/pe_col_inst[0].u_pe_col/pe_inst[0].u_pe_6/N3) has been disconnected.
I: Const net (pin CEY1 of inst u_lprnet_top/u_layer29/genblk1.gen_pages[1].pe_inst.u_pe_page/pe_col_inst[0].u_pe_col/pe_inst[0].u_pe_6/N3) has been disconnected.
I: Const net (pin RSTY of inst u_lprnet_top/u_layer29/genblk1.gen_pages[1].pe_inst.u_pe_page/pe_col_inst[0].u_pe_col/pe_inst[0].u_pe_6/N3) has been disconnected.
I: Const net (pin CEM of inst u_lprnet_top/u_layer29/genblk1.gen_pages[1].pe_inst.u_pe_page/pe_col_inst[0].u_pe_col/pe_inst[0].u_pe_6/N3) has been disconnected.
I: Const net (pin RSTM of inst u_lprnet_top/u_layer29/genblk1.gen_pages[1].pe_inst.u_pe_page/pe_col_inst[0].u_pe_col/pe_inst[0].u_pe_6/N3) has been disconnected.
I: Const net (pin CEX1 of inst u_lprnet_top/u_layer29/genblk1.gen_pages[1].pe_inst.u_pe_page/pe_col_inst[0].u_pe_col/pe_inst[0].u_pe_7/N3) has been disconnected.
I: Const net (pin RSTX of inst u_lprnet_top/u_layer29/genblk1.gen_pages[1].pe_inst.u_pe_page/pe_col_inst[0].u_pe_col/pe_inst[0].u_pe_7/N3) has been disconnected.
I: Const net (pin CEY1 of inst u_lprnet_top/u_layer29/genblk1.gen_pages[1].pe_inst.u_pe_page/pe_col_inst[0].u_pe_col/pe_inst[0].u_pe_7/N3) has been disconnected.
I: Const net (pin RSTY of inst u_lprnet_top/u_layer29/genblk1.gen_pages[1].pe_inst.u_pe_page/pe_col_inst[0].u_pe_col/pe_inst[0].u_pe_7/N3) has been disconnected.
I: Const net (pin CEM of inst u_lprnet_top/u_layer29/genblk1.gen_pages[1].pe_inst.u_pe_page/pe_col_inst[0].u_pe_col/pe_inst[0].u_pe_7/N3) has been disconnected.
I: Const net (pin RSTM of inst u_lprnet_top/u_layer29/genblk1.gen_pages[1].pe_inst.u_pe_page/pe_col_inst[0].u_pe_col/pe_inst[0].u_pe_7/N3) has been disconnected.
I: Const net (pin CEX1 of inst u_lprnet_top/u_layer29/genblk1.gen_pages[1].pe_inst.u_pe_page/pe_col_inst[0].u_pe_col/pe_inst[0].u_pe_8/N3) has been disconnected.
I: Const net (pin RSTX of inst u_lprnet_top/u_layer29/genblk1.gen_pages[1].pe_inst.u_pe_page/pe_col_inst[0].u_pe_col/pe_inst[0].u_pe_8/N3) has been disconnected.
I: Const net (pin CEY1 of inst u_lprnet_top/u_layer29/genblk1.gen_pages[1].pe_inst.u_pe_page/pe_col_inst[0].u_pe_col/pe_inst[0].u_pe_8/N3) has been disconnected.
I: Const net (pin RSTY of inst u_lprnet_top/u_layer29/genblk1.gen_pages[1].pe_inst.u_pe_page/pe_col_inst[0].u_pe_col/pe_inst[0].u_pe_8/N3) has been disconnected.
I: Const net (pin CEM of inst u_lprnet_top/u_layer29/genblk1.gen_pages[1].pe_inst.u_pe_page/pe_col_inst[0].u_pe_col/pe_inst[0].u_pe_8/N3) has been disconnected.
I: Const net (pin RSTM of inst u_lprnet_top/u_layer29/genblk1.gen_pages[1].pe_inst.u_pe_page/pe_col_inst[0].u_pe_col/pe_inst[0].u_pe_8/N3) has been disconnected.
I: Const net (pin CEX1 of inst u_lprnet_top/u_layer29/genblk1.gen_pages[1].pe_inst.u_pe_page/pe_col_inst[1].u_pe_col/pe_inst[0].u_pe/N3) has been disconnected.
I: Const net (pin RSTX of inst u_lprnet_top/u_layer29/genblk1.gen_pages[1].pe_inst.u_pe_page/pe_col_inst[1].u_pe_col/pe_inst[0].u_pe/N3) has been disconnected.
I: Const net (pin CEY1 of inst u_lprnet_top/u_layer29/genblk1.gen_pages[1].pe_inst.u_pe_page/pe_col_inst[1].u_pe_col/pe_inst[0].u_pe/N3) has been disconnected.
I: Const net (pin RSTY of inst u_lprnet_top/u_layer29/genblk1.gen_pages[1].pe_inst.u_pe_page/pe_col_inst[1].u_pe_col/pe_inst[0].u_pe/N3) has been disconnected.
I: Const net (pin CEM of inst u_lprnet_top/u_layer29/genblk1.gen_pages[1].pe_inst.u_pe_page/pe_col_inst[1].u_pe_col/pe_inst[0].u_pe/N3) has been disconnected.
I: Const net (pin RSTM of inst u_lprnet_top/u_layer29/genblk1.gen_pages[1].pe_inst.u_pe_page/pe_col_inst[1].u_pe_col/pe_inst[0].u_pe/N3) has been disconnected.
I: Const net (pin CEX1 of inst u_lprnet_top/u_layer29/genblk1.gen_pages[1].pe_inst.u_pe_page/pe_col_inst[1].u_pe_col/pe_inst[0].u_pe_1/N3) has been disconnected.
I: Const net (pin RSTX of inst u_lprnet_top/u_layer29/genblk1.gen_pages[1].pe_inst.u_pe_page/pe_col_inst[1].u_pe_col/pe_inst[0].u_pe_1/N3) has been disconnected.
I: Const net (pin CEY1 of inst u_lprnet_top/u_layer29/genblk1.gen_pages[1].pe_inst.u_pe_page/pe_col_inst[1].u_pe_col/pe_inst[0].u_pe_1/N3) has been disconnected.
I: Const net (pin RSTY of inst u_lprnet_top/u_layer29/genblk1.gen_pages[1].pe_inst.u_pe_page/pe_col_inst[1].u_pe_col/pe_inst[0].u_pe_1/N3) has been disconnected.
I: Const net (pin CEM of inst u_lprnet_top/u_layer29/genblk1.gen_pages[1].pe_inst.u_pe_page/pe_col_inst[1].u_pe_col/pe_inst[0].u_pe_1/N3) has been disconnected.
I: Const net (pin RSTM of inst u_lprnet_top/u_layer29/genblk1.gen_pages[1].pe_inst.u_pe_page/pe_col_inst[1].u_pe_col/pe_inst[0].u_pe_1/N3) has been disconnected.
I: Const net (pin CEX1 of inst u_lprnet_top/u_layer29/genblk1.gen_pages[1].pe_inst.u_pe_page/pe_col_inst[1].u_pe_col/pe_inst[0].u_pe_2/N3) has been disconnected.
I: Const net (pin RSTX of inst u_lprnet_top/u_layer29/genblk1.gen_pages[1].pe_inst.u_pe_page/pe_col_inst[1].u_pe_col/pe_inst[0].u_pe_2/N3) has been disconnected.
I: Const net (pin CEY1 of inst u_lprnet_top/u_layer29/genblk1.gen_pages[1].pe_inst.u_pe_page/pe_col_inst[1].u_pe_col/pe_inst[0].u_pe_2/N3) has been disconnected.
I: Const net (pin RSTY of inst u_lprnet_top/u_layer29/genblk1.gen_pages[1].pe_inst.u_pe_page/pe_col_inst[1].u_pe_col/pe_inst[0].u_pe_2/N3) has been disconnected.
I: Const net (pin CEM of inst u_lprnet_top/u_layer29/genblk1.gen_pages[1].pe_inst.u_pe_page/pe_col_inst[1].u_pe_col/pe_inst[0].u_pe_2/N3) has been disconnected.
I: Const net (pin RSTM of inst u_lprnet_top/u_layer29/genblk1.gen_pages[1].pe_inst.u_pe_page/pe_col_inst[1].u_pe_col/pe_inst[0].u_pe_2/N3) has been disconnected.
I: Const net (pin CEX1 of inst u_lprnet_top/u_layer29/genblk1.gen_pages[1].pe_inst.u_pe_page/pe_col_inst[1].u_pe_col/pe_inst[0].u_pe_3/N3) has been disconnected.
I: Const net (pin RSTX of inst u_lprnet_top/u_layer29/genblk1.gen_pages[1].pe_inst.u_pe_page/pe_col_inst[1].u_pe_col/pe_inst[0].u_pe_3/N3) has been disconnected.
I: Const net (pin CEY1 of inst u_lprnet_top/u_layer29/genblk1.gen_pages[1].pe_inst.u_pe_page/pe_col_inst[1].u_pe_col/pe_inst[0].u_pe_3/N3) has been disconnected.
I: Const net (pin RSTY of inst u_lprnet_top/u_layer29/genblk1.gen_pages[1].pe_inst.u_pe_page/pe_col_inst[1].u_pe_col/pe_inst[0].u_pe_3/N3) has been disconnected.
I: Const net (pin CEM of inst u_lprnet_top/u_layer29/genblk1.gen_pages[1].pe_inst.u_pe_page/pe_col_inst[1].u_pe_col/pe_inst[0].u_pe_3/N3) has been disconnected.
I: Const net (pin RSTM of inst u_lprnet_top/u_layer29/genblk1.gen_pages[1].pe_inst.u_pe_page/pe_col_inst[1].u_pe_col/pe_inst[0].u_pe_3/N3) has been disconnected.
I: Const net (pin CEX1 of inst u_lprnet_top/u_layer29/genblk1.gen_pages[1].pe_inst.u_pe_page/pe_col_inst[1].u_pe_col/pe_inst[0].u_pe_4/N3) has been disconnected.
I: Const net (pin RSTX of inst u_lprnet_top/u_layer29/genblk1.gen_pages[1].pe_inst.u_pe_page/pe_col_inst[1].u_pe_col/pe_inst[0].u_pe_4/N3) has been disconnected.
I: Const net (pin CEY1 of inst u_lprnet_top/u_layer29/genblk1.gen_pages[1].pe_inst.u_pe_page/pe_col_inst[1].u_pe_col/pe_inst[0].u_pe_4/N3) has been disconnected.
I: Const net (pin RSTY of inst u_lprnet_top/u_layer29/genblk1.gen_pages[1].pe_inst.u_pe_page/pe_col_inst[1].u_pe_col/pe_inst[0].u_pe_4/N3) has been disconnected.
I: Const net (pin CEM of inst u_lprnet_top/u_layer29/genblk1.gen_pages[1].pe_inst.u_pe_page/pe_col_inst[1].u_pe_col/pe_inst[0].u_pe_4/N3) has been disconnected.
I: Const net (pin RSTM of inst u_lprnet_top/u_layer29/genblk1.gen_pages[1].pe_inst.u_pe_page/pe_col_inst[1].u_pe_col/pe_inst[0].u_pe_4/N3) has been disconnected.
I: Const net (pin CEX1 of inst u_lprnet_top/u_layer29/genblk1.gen_pages[1].pe_inst.u_pe_page/pe_col_inst[1].u_pe_col/pe_inst[0].u_pe_5/N3) has been disconnected.
I: Const net (pin RSTX of inst u_lprnet_top/u_layer29/genblk1.gen_pages[1].pe_inst.u_pe_page/pe_col_inst[1].u_pe_col/pe_inst[0].u_pe_5/N3) has been disconnected.
I: Const net (pin CEY1 of inst u_lprnet_top/u_layer29/genblk1.gen_pages[1].pe_inst.u_pe_page/pe_col_inst[1].u_pe_col/pe_inst[0].u_pe_5/N3) has been disconnected.
I: Const net (pin RSTY of inst u_lprnet_top/u_layer29/genblk1.gen_pages[1].pe_inst.u_pe_page/pe_col_inst[1].u_pe_col/pe_inst[0].u_pe_5/N3) has been disconnected.
I: Const net (pin CEM of inst u_lprnet_top/u_layer29/genblk1.gen_pages[1].pe_inst.u_pe_page/pe_col_inst[1].u_pe_col/pe_inst[0].u_pe_5/N3) has been disconnected.
I: Const net (pin RSTM of inst u_lprnet_top/u_layer29/genblk1.gen_pages[1].pe_inst.u_pe_page/pe_col_inst[1].u_pe_col/pe_inst[0].u_pe_5/N3) has been disconnected.
I: Const net (pin CEX1 of inst u_lprnet_top/u_layer29/genblk1.gen_pages[1].pe_inst.u_pe_page/pe_col_inst[1].u_pe_col/pe_inst[0].u_pe_6/N3) has been disconnected.
I: Const net (pin RSTX of inst u_lprnet_top/u_layer29/genblk1.gen_pages[1].pe_inst.u_pe_page/pe_col_inst[1].u_pe_col/pe_inst[0].u_pe_6/N3) has been disconnected.
I: Const net (pin CEY1 of inst u_lprnet_top/u_layer29/genblk1.gen_pages[1].pe_inst.u_pe_page/pe_col_inst[1].u_pe_col/pe_inst[0].u_pe_6/N3) has been disconnected.
I: Const net (pin RSTY of inst u_lprnet_top/u_layer29/genblk1.gen_pages[1].pe_inst.u_pe_page/pe_col_inst[1].u_pe_col/pe_inst[0].u_pe_6/N3) has been disconnected.
I: Const net (pin CEM of inst u_lprnet_top/u_layer29/genblk1.gen_pages[1].pe_inst.u_pe_page/pe_col_inst[1].u_pe_col/pe_inst[0].u_pe_6/N3) has been disconnected.
I: Const net (pin RSTM of inst u_lprnet_top/u_layer29/genblk1.gen_pages[1].pe_inst.u_pe_page/pe_col_inst[1].u_pe_col/pe_inst[0].u_pe_6/N3) has been disconnected.
I: Const net (pin CEX1 of inst u_lprnet_top/u_layer29/genblk1.gen_pages[1].pe_inst.u_pe_page/pe_col_inst[1].u_pe_col/pe_inst[0].u_pe_7/N3) has been disconnected.
I: Const net (pin RSTX of inst u_lprnet_top/u_layer29/genblk1.gen_pages[1].pe_inst.u_pe_page/pe_col_inst[1].u_pe_col/pe_inst[0].u_pe_7/N3) has been disconnected.
I: Const net (pin CEY1 of inst u_lprnet_top/u_layer29/genblk1.gen_pages[1].pe_inst.u_pe_page/pe_col_inst[1].u_pe_col/pe_inst[0].u_pe_7/N3) has been disconnected.
I: Const net (pin RSTY of inst u_lprnet_top/u_layer29/genblk1.gen_pages[1].pe_inst.u_pe_page/pe_col_inst[1].u_pe_col/pe_inst[0].u_pe_7/N3) has been disconnected.
I: Const net (pin CEM of inst u_lprnet_top/u_layer29/genblk1.gen_pages[1].pe_inst.u_pe_page/pe_col_inst[1].u_pe_col/pe_inst[0].u_pe_7/N3) has been disconnected.
I: Const net (pin RSTM of inst u_lprnet_top/u_layer29/genblk1.gen_pages[1].pe_inst.u_pe_page/pe_col_inst[1].u_pe_col/pe_inst[0].u_pe_7/N3) has been disconnected.
I: Const net (pin CEX1 of inst u_lprnet_top/u_layer29/genblk1.gen_pages[1].pe_inst.u_pe_page/pe_col_inst[1].u_pe_col/pe_inst[0].u_pe_8/N3) has been disconnected.
I: Const net (pin RSTX of inst u_lprnet_top/u_layer29/genblk1.gen_pages[1].pe_inst.u_pe_page/pe_col_inst[1].u_pe_col/pe_inst[0].u_pe_8/N3) has been disconnected.
I: Const net (pin CEY1 of inst u_lprnet_top/u_layer29/genblk1.gen_pages[1].pe_inst.u_pe_page/pe_col_inst[1].u_pe_col/pe_inst[0].u_pe_8/N3) has been disconnected.
I: Const net (pin RSTY of inst u_lprnet_top/u_layer29/genblk1.gen_pages[1].pe_inst.u_pe_page/pe_col_inst[1].u_pe_col/pe_inst[0].u_pe_8/N3) has been disconnected.
I: Const net (pin CEM of inst u_lprnet_top/u_layer29/genblk1.gen_pages[1].pe_inst.u_pe_page/pe_col_inst[1].u_pe_col/pe_inst[0].u_pe_8/N3) has been disconnected.
I: Const net (pin RSTM of inst u_lprnet_top/u_layer29/genblk1.gen_pages[1].pe_inst.u_pe_page/pe_col_inst[1].u_pe_col/pe_inst[0].u_pe_8/N3) has been disconnected.
I: Const net (pin CEX1 of inst u_lprnet_top/u_layer29/genblk1.gen_pages[1].pe_inst.u_pe_page/pe_col_inst[2].u_pe_col/pe_inst[0].u_pe/N3) has been disconnected.
I: Const net (pin RSTX of inst u_lprnet_top/u_layer29/genblk1.gen_pages[1].pe_inst.u_pe_page/pe_col_inst[2].u_pe_col/pe_inst[0].u_pe/N3) has been disconnected.
I: Const net (pin CEY1 of inst u_lprnet_top/u_layer29/genblk1.gen_pages[1].pe_inst.u_pe_page/pe_col_inst[2].u_pe_col/pe_inst[0].u_pe/N3) has been disconnected.
I: Const net (pin RSTY of inst u_lprnet_top/u_layer29/genblk1.gen_pages[1].pe_inst.u_pe_page/pe_col_inst[2].u_pe_col/pe_inst[0].u_pe/N3) has been disconnected.
I: Const net (pin CEM of inst u_lprnet_top/u_layer29/genblk1.gen_pages[1].pe_inst.u_pe_page/pe_col_inst[2].u_pe_col/pe_inst[0].u_pe/N3) has been disconnected.
I: Const net (pin RSTM of inst u_lprnet_top/u_layer29/genblk1.gen_pages[1].pe_inst.u_pe_page/pe_col_inst[2].u_pe_col/pe_inst[0].u_pe/N3) has been disconnected.
I: Const net (pin CEX1 of inst u_lprnet_top/u_layer29/genblk1.gen_pages[1].pe_inst.u_pe_page/pe_col_inst[2].u_pe_col/pe_inst[0].u_pe_1/N3) has been disconnected.
I: Const net (pin RSTX of inst u_lprnet_top/u_layer29/genblk1.gen_pages[1].pe_inst.u_pe_page/pe_col_inst[2].u_pe_col/pe_inst[0].u_pe_1/N3) has been disconnected.
I: Const net (pin CEY1 of inst u_lprnet_top/u_layer29/genblk1.gen_pages[1].pe_inst.u_pe_page/pe_col_inst[2].u_pe_col/pe_inst[0].u_pe_1/N3) has been disconnected.
I: Const net (pin RSTY of inst u_lprnet_top/u_layer29/genblk1.gen_pages[1].pe_inst.u_pe_page/pe_col_inst[2].u_pe_col/pe_inst[0].u_pe_1/N3) has been disconnected.
I: Const net (pin CEM of inst u_lprnet_top/u_layer29/genblk1.gen_pages[1].pe_inst.u_pe_page/pe_col_inst[2].u_pe_col/pe_inst[0].u_pe_1/N3) has been disconnected.
I: Const net (pin RSTM of inst u_lprnet_top/u_layer29/genblk1.gen_pages[1].pe_inst.u_pe_page/pe_col_inst[2].u_pe_col/pe_inst[0].u_pe_1/N3) has been disconnected.
I: Const net (pin CEX1 of inst u_lprnet_top/u_layer29/genblk1.gen_pages[1].pe_inst.u_pe_page/pe_col_inst[2].u_pe_col/pe_inst[0].u_pe_2/N3) has been disconnected.
I: Const net (pin RSTX of inst u_lprnet_top/u_layer29/genblk1.gen_pages[1].pe_inst.u_pe_page/pe_col_inst[2].u_pe_col/pe_inst[0].u_pe_2/N3) has been disconnected.
I: Const net (pin CEY1 of inst u_lprnet_top/u_layer29/genblk1.gen_pages[1].pe_inst.u_pe_page/pe_col_inst[2].u_pe_col/pe_inst[0].u_pe_2/N3) has been disconnected.
I: Const net (pin RSTY of inst u_lprnet_top/u_layer29/genblk1.gen_pages[1].pe_inst.u_pe_page/pe_col_inst[2].u_pe_col/pe_inst[0].u_pe_2/N3) has been disconnected.
I: Const net (pin CEM of inst u_lprnet_top/u_layer29/genblk1.gen_pages[1].pe_inst.u_pe_page/pe_col_inst[2].u_pe_col/pe_inst[0].u_pe_2/N3) has been disconnected.
I: Const net (pin RSTM of inst u_lprnet_top/u_layer29/genblk1.gen_pages[1].pe_inst.u_pe_page/pe_col_inst[2].u_pe_col/pe_inst[0].u_pe_2/N3) has been disconnected.
I: Const net (pin CEX1 of inst u_lprnet_top/u_layer29/genblk1.gen_pages[1].pe_inst.u_pe_page/pe_col_inst[2].u_pe_col/pe_inst[0].u_pe_3/N3) has been disconnected.
I: Const net (pin RSTX of inst u_lprnet_top/u_layer29/genblk1.gen_pages[1].pe_inst.u_pe_page/pe_col_inst[2].u_pe_col/pe_inst[0].u_pe_3/N3) has been disconnected.
I: Const net (pin CEY1 of inst u_lprnet_top/u_layer29/genblk1.gen_pages[1].pe_inst.u_pe_page/pe_col_inst[2].u_pe_col/pe_inst[0].u_pe_3/N3) has been disconnected.
I: Const net (pin RSTY of inst u_lprnet_top/u_layer29/genblk1.gen_pages[1].pe_inst.u_pe_page/pe_col_inst[2].u_pe_col/pe_inst[0].u_pe_3/N3) has been disconnected.
I: Const net (pin CEM of inst u_lprnet_top/u_layer29/genblk1.gen_pages[1].pe_inst.u_pe_page/pe_col_inst[2].u_pe_col/pe_inst[0].u_pe_3/N3) has been disconnected.
I: Const net (pin RSTM of inst u_lprnet_top/u_layer29/genblk1.gen_pages[1].pe_inst.u_pe_page/pe_col_inst[2].u_pe_col/pe_inst[0].u_pe_3/N3) has been disconnected.
I: Const net (pin CEX1 of inst u_lprnet_top/u_layer29/genblk1.gen_pages[1].pe_inst.u_pe_page/pe_col_inst[2].u_pe_col/pe_inst[0].u_pe_4/N3) has been disconnected.
I: Const net (pin RSTX of inst u_lprnet_top/u_layer29/genblk1.gen_pages[1].pe_inst.u_pe_page/pe_col_inst[2].u_pe_col/pe_inst[0].u_pe_4/N3) has been disconnected.
I: Const net (pin CEY1 of inst u_lprnet_top/u_layer29/genblk1.gen_pages[1].pe_inst.u_pe_page/pe_col_inst[2].u_pe_col/pe_inst[0].u_pe_4/N3) has been disconnected.
I: Const net (pin RSTY of inst u_lprnet_top/u_layer29/genblk1.gen_pages[1].pe_inst.u_pe_page/pe_col_inst[2].u_pe_col/pe_inst[0].u_pe_4/N3) has been disconnected.
I: Const net (pin CEM of inst u_lprnet_top/u_layer29/genblk1.gen_pages[1].pe_inst.u_pe_page/pe_col_inst[2].u_pe_col/pe_inst[0].u_pe_4/N3) has been disconnected.
I: Const net (pin RSTM of inst u_lprnet_top/u_layer29/genblk1.gen_pages[1].pe_inst.u_pe_page/pe_col_inst[2].u_pe_col/pe_inst[0].u_pe_4/N3) has been disconnected.
I: Const net (pin CEX1 of inst u_lprnet_top/u_layer29/genblk1.gen_pages[1].pe_inst.u_pe_page/pe_col_inst[2].u_pe_col/pe_inst[0].u_pe_5/N3) has been disconnected.
I: Const net (pin RSTX of inst u_lprnet_top/u_layer29/genblk1.gen_pages[1].pe_inst.u_pe_page/pe_col_inst[2].u_pe_col/pe_inst[0].u_pe_5/N3) has been disconnected.
I: Const net (pin CEY1 of inst u_lprnet_top/u_layer29/genblk1.gen_pages[1].pe_inst.u_pe_page/pe_col_inst[2].u_pe_col/pe_inst[0].u_pe_5/N3) has been disconnected.
I: Const net (pin RSTY of inst u_lprnet_top/u_layer29/genblk1.gen_pages[1].pe_inst.u_pe_page/pe_col_inst[2].u_pe_col/pe_inst[0].u_pe_5/N3) has been disconnected.
I: Const net (pin CEM of inst u_lprnet_top/u_layer29/genblk1.gen_pages[1].pe_inst.u_pe_page/pe_col_inst[2].u_pe_col/pe_inst[0].u_pe_5/N3) has been disconnected.
I: Const net (pin RSTM of inst u_lprnet_top/u_layer29/genblk1.gen_pages[1].pe_inst.u_pe_page/pe_col_inst[2].u_pe_col/pe_inst[0].u_pe_5/N3) has been disconnected.
I: Const net (pin CEX1 of inst u_lprnet_top/u_layer29/genblk1.gen_pages[1].pe_inst.u_pe_page/pe_col_inst[2].u_pe_col/pe_inst[0].u_pe_6/N3) has been disconnected.
I: Const net (pin RSTX of inst u_lprnet_top/u_layer29/genblk1.gen_pages[1].pe_inst.u_pe_page/pe_col_inst[2].u_pe_col/pe_inst[0].u_pe_6/N3) has been disconnected.
I: Const net (pin CEY1 of inst u_lprnet_top/u_layer29/genblk1.gen_pages[1].pe_inst.u_pe_page/pe_col_inst[2].u_pe_col/pe_inst[0].u_pe_6/N3) has been disconnected.
I: Const net (pin RSTY of inst u_lprnet_top/u_layer29/genblk1.gen_pages[1].pe_inst.u_pe_page/pe_col_inst[2].u_pe_col/pe_inst[0].u_pe_6/N3) has been disconnected.
I: Const net (pin CEM of inst u_lprnet_top/u_layer29/genblk1.gen_pages[1].pe_inst.u_pe_page/pe_col_inst[2].u_pe_col/pe_inst[0].u_pe_6/N3) has been disconnected.
I: Const net (pin RSTM of inst u_lprnet_top/u_layer29/genblk1.gen_pages[1].pe_inst.u_pe_page/pe_col_inst[2].u_pe_col/pe_inst[0].u_pe_6/N3) has been disconnected.
I: Const net (pin CEX1 of inst u_lprnet_top/u_layer29/genblk1.gen_pages[1].pe_inst.u_pe_page/pe_col_inst[2].u_pe_col/pe_inst[0].u_pe_7/N3) has been disconnected.
I: Const net (pin RSTX of inst u_lprnet_top/u_layer29/genblk1.gen_pages[1].pe_inst.u_pe_page/pe_col_inst[2].u_pe_col/pe_inst[0].u_pe_7/N3) has been disconnected.
I: Const net (pin CEY1 of inst u_lprnet_top/u_layer29/genblk1.gen_pages[1].pe_inst.u_pe_page/pe_col_inst[2].u_pe_col/pe_inst[0].u_pe_7/N3) has been disconnected.
I: Const net (pin RSTY of inst u_lprnet_top/u_layer29/genblk1.gen_pages[1].pe_inst.u_pe_page/pe_col_inst[2].u_pe_col/pe_inst[0].u_pe_7/N3) has been disconnected.
I: Const net (pin CEM of inst u_lprnet_top/u_layer29/genblk1.gen_pages[1].pe_inst.u_pe_page/pe_col_inst[2].u_pe_col/pe_inst[0].u_pe_7/N3) has been disconnected.
I: Const net (pin RSTM of inst u_lprnet_top/u_layer29/genblk1.gen_pages[1].pe_inst.u_pe_page/pe_col_inst[2].u_pe_col/pe_inst[0].u_pe_7/N3) has been disconnected.
I: Const net (pin CEX1 of inst u_lprnet_top/u_layer29/genblk1.gen_pages[1].pe_inst.u_pe_page/pe_col_inst[2].u_pe_col/pe_inst[0].u_pe_8/N3) has been disconnected.
I: Const net (pin RSTX of inst u_lprnet_top/u_layer29/genblk1.gen_pages[1].pe_inst.u_pe_page/pe_col_inst[2].u_pe_col/pe_inst[0].u_pe_8/N3) has been disconnected.
I: Const net (pin CEY1 of inst u_lprnet_top/u_layer29/genblk1.gen_pages[1].pe_inst.u_pe_page/pe_col_inst[2].u_pe_col/pe_inst[0].u_pe_8/N3) has been disconnected.
I: Const net (pin RSTY of inst u_lprnet_top/u_layer29/genblk1.gen_pages[1].pe_inst.u_pe_page/pe_col_inst[2].u_pe_col/pe_inst[0].u_pe_8/N3) has been disconnected.
I: Const net (pin CEM of inst u_lprnet_top/u_layer29/genblk1.gen_pages[1].pe_inst.u_pe_page/pe_col_inst[2].u_pe_col/pe_inst[0].u_pe_8/N3) has been disconnected.
I: Const net (pin RSTM of inst u_lprnet_top/u_layer29/genblk1.gen_pages[1].pe_inst.u_pe_page/pe_col_inst[2].u_pe_col/pe_inst[0].u_pe_8/N3) has been disconnected.
I: Const net (pin CEX1 of inst u_lprnet_top/u_layer29/genblk1.gen_pages[1].pe_inst.u_pe_page/pe_col_inst[3].u_pe_col/pe_inst[0].u_pe/N3) has been disconnected.
I: Const net (pin RSTX of inst u_lprnet_top/u_layer29/genblk1.gen_pages[1].pe_inst.u_pe_page/pe_col_inst[3].u_pe_col/pe_inst[0].u_pe/N3) has been disconnected.
I: Const net (pin CEY1 of inst u_lprnet_top/u_layer29/genblk1.gen_pages[1].pe_inst.u_pe_page/pe_col_inst[3].u_pe_col/pe_inst[0].u_pe/N3) has been disconnected.
I: Const net (pin RSTY of inst u_lprnet_top/u_layer29/genblk1.gen_pages[1].pe_inst.u_pe_page/pe_col_inst[3].u_pe_col/pe_inst[0].u_pe/N3) has been disconnected.
I: Const net (pin CEM of inst u_lprnet_top/u_layer29/genblk1.gen_pages[1].pe_inst.u_pe_page/pe_col_inst[3].u_pe_col/pe_inst[0].u_pe/N3) has been disconnected.
I: Const net (pin RSTM of inst u_lprnet_top/u_layer29/genblk1.gen_pages[1].pe_inst.u_pe_page/pe_col_inst[3].u_pe_col/pe_inst[0].u_pe/N3) has been disconnected.
I: Const net (pin CEX1 of inst u_lprnet_top/u_layer29/genblk1.gen_pages[1].pe_inst.u_pe_page/pe_col_inst[3].u_pe_col/pe_inst[0].u_pe_1/N3) has been disconnected.
I: Const net (pin RSTX of inst u_lprnet_top/u_layer29/genblk1.gen_pages[1].pe_inst.u_pe_page/pe_col_inst[3].u_pe_col/pe_inst[0].u_pe_1/N3) has been disconnected.
I: Const net (pin CEY1 of inst u_lprnet_top/u_layer29/genblk1.gen_pages[1].pe_inst.u_pe_page/pe_col_inst[3].u_pe_col/pe_inst[0].u_pe_1/N3) has been disconnected.
I: Const net (pin RSTY of inst u_lprnet_top/u_layer29/genblk1.gen_pages[1].pe_inst.u_pe_page/pe_col_inst[3].u_pe_col/pe_inst[0].u_pe_1/N3) has been disconnected.
I: Const net (pin CEM of inst u_lprnet_top/u_layer29/genblk1.gen_pages[1].pe_inst.u_pe_page/pe_col_inst[3].u_pe_col/pe_inst[0].u_pe_1/N3) has been disconnected.
I: Const net (pin RSTM of inst u_lprnet_top/u_layer29/genblk1.gen_pages[1].pe_inst.u_pe_page/pe_col_inst[3].u_pe_col/pe_inst[0].u_pe_1/N3) has been disconnected.
I: Const net (pin CEX1 of inst u_lprnet_top/u_layer29/genblk1.gen_pages[1].pe_inst.u_pe_page/pe_col_inst[3].u_pe_col/pe_inst[0].u_pe_2/N3) has been disconnected.
I: Const net (pin RSTX of inst u_lprnet_top/u_layer29/genblk1.gen_pages[1].pe_inst.u_pe_page/pe_col_inst[3].u_pe_col/pe_inst[0].u_pe_2/N3) has been disconnected.
I: Const net (pin CEY1 of inst u_lprnet_top/u_layer29/genblk1.gen_pages[1].pe_inst.u_pe_page/pe_col_inst[3].u_pe_col/pe_inst[0].u_pe_2/N3) has been disconnected.
I: Const net (pin RSTY of inst u_lprnet_top/u_layer29/genblk1.gen_pages[1].pe_inst.u_pe_page/pe_col_inst[3].u_pe_col/pe_inst[0].u_pe_2/N3) has been disconnected.
I: Const net (pin CEM of inst u_lprnet_top/u_layer29/genblk1.gen_pages[1].pe_inst.u_pe_page/pe_col_inst[3].u_pe_col/pe_inst[0].u_pe_2/N3) has been disconnected.
I: Const net (pin RSTM of inst u_lprnet_top/u_layer29/genblk1.gen_pages[1].pe_inst.u_pe_page/pe_col_inst[3].u_pe_col/pe_inst[0].u_pe_2/N3) has been disconnected.
I: Const net (pin CEX1 of inst u_lprnet_top/u_layer29/genblk1.gen_pages[1].pe_inst.u_pe_page/pe_col_inst[3].u_pe_col/pe_inst[0].u_pe_3/N3) has been disconnected.
I: Const net (pin RSTX of inst u_lprnet_top/u_layer29/genblk1.gen_pages[1].pe_inst.u_pe_page/pe_col_inst[3].u_pe_col/pe_inst[0].u_pe_3/N3) has been disconnected.
I: Const net (pin CEY1 of inst u_lprnet_top/u_layer29/genblk1.gen_pages[1].pe_inst.u_pe_page/pe_col_inst[3].u_pe_col/pe_inst[0].u_pe_3/N3) has been disconnected.
I: Const net (pin RSTY of inst u_lprnet_top/u_layer29/genblk1.gen_pages[1].pe_inst.u_pe_page/pe_col_inst[3].u_pe_col/pe_inst[0].u_pe_3/N3) has been disconnected.
I: Const net (pin CEM of inst u_lprnet_top/u_layer29/genblk1.gen_pages[1].pe_inst.u_pe_page/pe_col_inst[3].u_pe_col/pe_inst[0].u_pe_3/N3) has been disconnected.
I: Const net (pin RSTM of inst u_lprnet_top/u_layer29/genblk1.gen_pages[1].pe_inst.u_pe_page/pe_col_inst[3].u_pe_col/pe_inst[0].u_pe_3/N3) has been disconnected.
I: Const net (pin CEX1 of inst u_lprnet_top/u_layer29/genblk1.gen_pages[1].pe_inst.u_pe_page/pe_col_inst[3].u_pe_col/pe_inst[0].u_pe_4/N3) has been disconnected.
I: Const net (pin RSTX of inst u_lprnet_top/u_layer29/genblk1.gen_pages[1].pe_inst.u_pe_page/pe_col_inst[3].u_pe_col/pe_inst[0].u_pe_4/N3) has been disconnected.
I: Const net (pin CEY1 of inst u_lprnet_top/u_layer29/genblk1.gen_pages[1].pe_inst.u_pe_page/pe_col_inst[3].u_pe_col/pe_inst[0].u_pe_4/N3) has been disconnected.
I: Const net (pin RSTY of inst u_lprnet_top/u_layer29/genblk1.gen_pages[1].pe_inst.u_pe_page/pe_col_inst[3].u_pe_col/pe_inst[0].u_pe_4/N3) has been disconnected.
I: Const net (pin CEM of inst u_lprnet_top/u_layer29/genblk1.gen_pages[1].pe_inst.u_pe_page/pe_col_inst[3].u_pe_col/pe_inst[0].u_pe_4/N3) has been disconnected.
I: Const net (pin RSTM of inst u_lprnet_top/u_layer29/genblk1.gen_pages[1].pe_inst.u_pe_page/pe_col_inst[3].u_pe_col/pe_inst[0].u_pe_4/N3) has been disconnected.
I: Const net (pin CEX1 of inst u_lprnet_top/u_layer29/genblk1.gen_pages[1].pe_inst.u_pe_page/pe_col_inst[3].u_pe_col/pe_inst[0].u_pe_5/N3) has been disconnected.
I: Const net (pin RSTX of inst u_lprnet_top/u_layer29/genblk1.gen_pages[1].pe_inst.u_pe_page/pe_col_inst[3].u_pe_col/pe_inst[0].u_pe_5/N3) has been disconnected.
I: Const net (pin CEY1 of inst u_lprnet_top/u_layer29/genblk1.gen_pages[1].pe_inst.u_pe_page/pe_col_inst[3].u_pe_col/pe_inst[0].u_pe_5/N3) has been disconnected.
I: Const net (pin RSTY of inst u_lprnet_top/u_layer29/genblk1.gen_pages[1].pe_inst.u_pe_page/pe_col_inst[3].u_pe_col/pe_inst[0].u_pe_5/N3) has been disconnected.
I: Const net (pin CEM of inst u_lprnet_top/u_layer29/genblk1.gen_pages[1].pe_inst.u_pe_page/pe_col_inst[3].u_pe_col/pe_inst[0].u_pe_5/N3) has been disconnected.
I: Const net (pin RSTM of inst u_lprnet_top/u_layer29/genblk1.gen_pages[1].pe_inst.u_pe_page/pe_col_inst[3].u_pe_col/pe_inst[0].u_pe_5/N3) has been disconnected.
I: Const net (pin CEX1 of inst u_lprnet_top/u_layer29/genblk1.gen_pages[1].pe_inst.u_pe_page/pe_col_inst[3].u_pe_col/pe_inst[0].u_pe_6/N3) has been disconnected.
I: Const net (pin RSTX of inst u_lprnet_top/u_layer29/genblk1.gen_pages[1].pe_inst.u_pe_page/pe_col_inst[3].u_pe_col/pe_inst[0].u_pe_6/N3) has been disconnected.
I: Const net (pin CEY1 of inst u_lprnet_top/u_layer29/genblk1.gen_pages[1].pe_inst.u_pe_page/pe_col_inst[3].u_pe_col/pe_inst[0].u_pe_6/N3) has been disconnected.
I: Const net (pin RSTY of inst u_lprnet_top/u_layer29/genblk1.gen_pages[1].pe_inst.u_pe_page/pe_col_inst[3].u_pe_col/pe_inst[0].u_pe_6/N3) has been disconnected.
I: Const net (pin CEM of inst u_lprnet_top/u_layer29/genblk1.gen_pages[1].pe_inst.u_pe_page/pe_col_inst[3].u_pe_col/pe_inst[0].u_pe_6/N3) has been disconnected.
I: Const net (pin RSTM of inst u_lprnet_top/u_layer29/genblk1.gen_pages[1].pe_inst.u_pe_page/pe_col_inst[3].u_pe_col/pe_inst[0].u_pe_6/N3) has been disconnected.
I: Const net (pin CEX1 of inst u_lprnet_top/u_layer29/genblk1.gen_pages[1].pe_inst.u_pe_page/pe_col_inst[3].u_pe_col/pe_inst[0].u_pe_7/N3) has been disconnected.
I: Const net (pin RSTX of inst u_lprnet_top/u_layer29/genblk1.gen_pages[1].pe_inst.u_pe_page/pe_col_inst[3].u_pe_col/pe_inst[0].u_pe_7/N3) has been disconnected.
I: Const net (pin CEY1 of inst u_lprnet_top/u_layer29/genblk1.gen_pages[1].pe_inst.u_pe_page/pe_col_inst[3].u_pe_col/pe_inst[0].u_pe_7/N3) has been disconnected.
I: Const net (pin RSTY of inst u_lprnet_top/u_layer29/genblk1.gen_pages[1].pe_inst.u_pe_page/pe_col_inst[3].u_pe_col/pe_inst[0].u_pe_7/N3) has been disconnected.
I: Const net (pin CEM of inst u_lprnet_top/u_layer29/genblk1.gen_pages[1].pe_inst.u_pe_page/pe_col_inst[3].u_pe_col/pe_inst[0].u_pe_7/N3) has been disconnected.
I: Const net (pin RSTM of inst u_lprnet_top/u_layer29/genblk1.gen_pages[1].pe_inst.u_pe_page/pe_col_inst[3].u_pe_col/pe_inst[0].u_pe_7/N3) has been disconnected.
I: Const net (pin CEX1 of inst u_lprnet_top/u_layer29/genblk1.gen_pages[1].pe_inst.u_pe_page/pe_col_inst[3].u_pe_col/pe_inst[0].u_pe_8/N3) has been disconnected.
I: Const net (pin RSTX of inst u_lprnet_top/u_layer29/genblk1.gen_pages[1].pe_inst.u_pe_page/pe_col_inst[3].u_pe_col/pe_inst[0].u_pe_8/N3) has been disconnected.
I: Const net (pin CEY1 of inst u_lprnet_top/u_layer29/genblk1.gen_pages[1].pe_inst.u_pe_page/pe_col_inst[3].u_pe_col/pe_inst[0].u_pe_8/N3) has been disconnected.
I: Const net (pin RSTY of inst u_lprnet_top/u_layer29/genblk1.gen_pages[1].pe_inst.u_pe_page/pe_col_inst[3].u_pe_col/pe_inst[0].u_pe_8/N3) has been disconnected.
I: Const net (pin CEM of inst u_lprnet_top/u_layer29/genblk1.gen_pages[1].pe_inst.u_pe_page/pe_col_inst[3].u_pe_col/pe_inst[0].u_pe_8/N3) has been disconnected.
I: Const net (pin RSTM of inst u_lprnet_top/u_layer29/genblk1.gen_pages[1].pe_inst.u_pe_page/pe_col_inst[3].u_pe_col/pe_inst[0].u_pe_8/N3) has been disconnected.
I: Const net (pin CEX1 of inst u_lprnet_top/u_layer30/genblk1.gen_pages[0].pe_inst.u_pe_page/pe_col_inst[0].u_pe_col/pe_inst[0].u_pe/N3) has been disconnected.
I: Const net (pin RSTX of inst u_lprnet_top/u_layer30/genblk1.gen_pages[0].pe_inst.u_pe_page/pe_col_inst[0].u_pe_col/pe_inst[0].u_pe/N3) has been disconnected.
I: Const net (pin CEY1 of inst u_lprnet_top/u_layer30/genblk1.gen_pages[0].pe_inst.u_pe_page/pe_col_inst[0].u_pe_col/pe_inst[0].u_pe/N3) has been disconnected.
I: Const net (pin RSTY of inst u_lprnet_top/u_layer30/genblk1.gen_pages[0].pe_inst.u_pe_page/pe_col_inst[0].u_pe_col/pe_inst[0].u_pe/N3) has been disconnected.
I: Const net (pin CEM of inst u_lprnet_top/u_layer30/genblk1.gen_pages[0].pe_inst.u_pe_page/pe_col_inst[0].u_pe_col/pe_inst[0].u_pe/N3) has been disconnected.
I: Const net (pin RSTM of inst u_lprnet_top/u_layer30/genblk1.gen_pages[0].pe_inst.u_pe_page/pe_col_inst[0].u_pe_col/pe_inst[0].u_pe/N3) has been disconnected.
I: Const net (pin CEX1 of inst u_lprnet_top/u_layer30/genblk1.gen_pages[0].pe_inst.u_pe_page/pe_col_inst[0].u_pe_col/pe_inst[0].u_pe_1/N3) has been disconnected.
I: Const net (pin RSTX of inst u_lprnet_top/u_layer30/genblk1.gen_pages[0].pe_inst.u_pe_page/pe_col_inst[0].u_pe_col/pe_inst[0].u_pe_1/N3) has been disconnected.
I: Const net (pin CEY1 of inst u_lprnet_top/u_layer30/genblk1.gen_pages[0].pe_inst.u_pe_page/pe_col_inst[0].u_pe_col/pe_inst[0].u_pe_1/N3) has been disconnected.
I: Const net (pin RSTY of inst u_lprnet_top/u_layer30/genblk1.gen_pages[0].pe_inst.u_pe_page/pe_col_inst[0].u_pe_col/pe_inst[0].u_pe_1/N3) has been disconnected.
I: Const net (pin CEM of inst u_lprnet_top/u_layer30/genblk1.gen_pages[0].pe_inst.u_pe_page/pe_col_inst[0].u_pe_col/pe_inst[0].u_pe_1/N3) has been disconnected.
I: Const net (pin RSTM of inst u_lprnet_top/u_layer30/genblk1.gen_pages[0].pe_inst.u_pe_page/pe_col_inst[0].u_pe_col/pe_inst[0].u_pe_1/N3) has been disconnected.
I: Const net (pin CEX1 of inst u_lprnet_top/u_layer30/genblk1.gen_pages[0].pe_inst.u_pe_page/pe_col_inst[0].u_pe_col/pe_inst[0].u_pe_2/N3) has been disconnected.
I: Const net (pin RSTX of inst u_lprnet_top/u_layer30/genblk1.gen_pages[0].pe_inst.u_pe_page/pe_col_inst[0].u_pe_col/pe_inst[0].u_pe_2/N3) has been disconnected.
I: Const net (pin CEY1 of inst u_lprnet_top/u_layer30/genblk1.gen_pages[0].pe_inst.u_pe_page/pe_col_inst[0].u_pe_col/pe_inst[0].u_pe_2/N3) has been disconnected.
I: Const net (pin RSTY of inst u_lprnet_top/u_layer30/genblk1.gen_pages[0].pe_inst.u_pe_page/pe_col_inst[0].u_pe_col/pe_inst[0].u_pe_2/N3) has been disconnected.
I: Const net (pin CEM of inst u_lprnet_top/u_layer30/genblk1.gen_pages[0].pe_inst.u_pe_page/pe_col_inst[0].u_pe_col/pe_inst[0].u_pe_2/N3) has been disconnected.
I: Const net (pin RSTM of inst u_lprnet_top/u_layer30/genblk1.gen_pages[0].pe_inst.u_pe_page/pe_col_inst[0].u_pe_col/pe_inst[0].u_pe_2/N3) has been disconnected.
I: Const net (pin CEX1 of inst u_lprnet_top/u_layer30/genblk1.gen_pages[0].pe_inst.u_pe_page/pe_col_inst[1].u_pe_col/pe_inst[0].u_pe/N3) has been disconnected.
I: Const net (pin RSTX of inst u_lprnet_top/u_layer30/genblk1.gen_pages[0].pe_inst.u_pe_page/pe_col_inst[1].u_pe_col/pe_inst[0].u_pe/N3) has been disconnected.
I: Const net (pin CEY1 of inst u_lprnet_top/u_layer30/genblk1.gen_pages[0].pe_inst.u_pe_page/pe_col_inst[1].u_pe_col/pe_inst[0].u_pe/N3) has been disconnected.
I: Const net (pin RSTY of inst u_lprnet_top/u_layer30/genblk1.gen_pages[0].pe_inst.u_pe_page/pe_col_inst[1].u_pe_col/pe_inst[0].u_pe/N3) has been disconnected.
I: Const net (pin CEM of inst u_lprnet_top/u_layer30/genblk1.gen_pages[0].pe_inst.u_pe_page/pe_col_inst[1].u_pe_col/pe_inst[0].u_pe/N3) has been disconnected.
I: Const net (pin RSTM of inst u_lprnet_top/u_layer30/genblk1.gen_pages[0].pe_inst.u_pe_page/pe_col_inst[1].u_pe_col/pe_inst[0].u_pe/N3) has been disconnected.
I: Const net (pin CEX1 of inst u_lprnet_top/u_layer30/genblk1.gen_pages[0].pe_inst.u_pe_page/pe_col_inst[1].u_pe_col/pe_inst[0].u_pe_1/N3) has been disconnected.
I: Const net (pin RSTX of inst u_lprnet_top/u_layer30/genblk1.gen_pages[0].pe_inst.u_pe_page/pe_col_inst[1].u_pe_col/pe_inst[0].u_pe_1/N3) has been disconnected.
I: Const net (pin CEY1 of inst u_lprnet_top/u_layer30/genblk1.gen_pages[0].pe_inst.u_pe_page/pe_col_inst[1].u_pe_col/pe_inst[0].u_pe_1/N3) has been disconnected.
I: Const net (pin RSTY of inst u_lprnet_top/u_layer30/genblk1.gen_pages[0].pe_inst.u_pe_page/pe_col_inst[1].u_pe_col/pe_inst[0].u_pe_1/N3) has been disconnected.
I: Const net (pin CEM of inst u_lprnet_top/u_layer30/genblk1.gen_pages[0].pe_inst.u_pe_page/pe_col_inst[1].u_pe_col/pe_inst[0].u_pe_1/N3) has been disconnected.
I: Const net (pin RSTM of inst u_lprnet_top/u_layer30/genblk1.gen_pages[0].pe_inst.u_pe_page/pe_col_inst[1].u_pe_col/pe_inst[0].u_pe_1/N3) has been disconnected.
I: Const net (pin CEX1 of inst u_lprnet_top/u_layer30/genblk1.gen_pages[0].pe_inst.u_pe_page/pe_col_inst[1].u_pe_col/pe_inst[0].u_pe_2/N3) has been disconnected.
I: Const net (pin RSTX of inst u_lprnet_top/u_layer30/genblk1.gen_pages[0].pe_inst.u_pe_page/pe_col_inst[1].u_pe_col/pe_inst[0].u_pe_2/N3) has been disconnected.
I: Const net (pin CEY1 of inst u_lprnet_top/u_layer30/genblk1.gen_pages[0].pe_inst.u_pe_page/pe_col_inst[1].u_pe_col/pe_inst[0].u_pe_2/N3) has been disconnected.
I: Const net (pin RSTY of inst u_lprnet_top/u_layer30/genblk1.gen_pages[0].pe_inst.u_pe_page/pe_col_inst[1].u_pe_col/pe_inst[0].u_pe_2/N3) has been disconnected.
I: Const net (pin CEM of inst u_lprnet_top/u_layer30/genblk1.gen_pages[0].pe_inst.u_pe_page/pe_col_inst[1].u_pe_col/pe_inst[0].u_pe_2/N3) has been disconnected.
I: Const net (pin RSTM of inst u_lprnet_top/u_layer30/genblk1.gen_pages[0].pe_inst.u_pe_page/pe_col_inst[1].u_pe_col/pe_inst[0].u_pe_2/N3) has been disconnected.
I: Const net (pin CEX1 of inst u_lprnet_top/u_layer30/genblk1.gen_pages[1].pe_inst.u_pe_page/pe_col_inst[0].u_pe_col/pe_inst[0].u_pe/N3) has been disconnected.
I: Const net (pin RSTX of inst u_lprnet_top/u_layer30/genblk1.gen_pages[1].pe_inst.u_pe_page/pe_col_inst[0].u_pe_col/pe_inst[0].u_pe/N3) has been disconnected.
I: Const net (pin CEY1 of inst u_lprnet_top/u_layer30/genblk1.gen_pages[1].pe_inst.u_pe_page/pe_col_inst[0].u_pe_col/pe_inst[0].u_pe/N3) has been disconnected.
I: Const net (pin RSTY of inst u_lprnet_top/u_layer30/genblk1.gen_pages[1].pe_inst.u_pe_page/pe_col_inst[0].u_pe_col/pe_inst[0].u_pe/N3) has been disconnected.
I: Const net (pin CEM of inst u_lprnet_top/u_layer30/genblk1.gen_pages[1].pe_inst.u_pe_page/pe_col_inst[0].u_pe_col/pe_inst[0].u_pe/N3) has been disconnected.
I: Const net (pin RSTM of inst u_lprnet_top/u_layer30/genblk1.gen_pages[1].pe_inst.u_pe_page/pe_col_inst[0].u_pe_col/pe_inst[0].u_pe/N3) has been disconnected.
I: Const net (pin CEX1 of inst u_lprnet_top/u_layer30/genblk1.gen_pages[1].pe_inst.u_pe_page/pe_col_inst[0].u_pe_col/pe_inst[0].u_pe_1/N3) has been disconnected.
I: Const net (pin RSTX of inst u_lprnet_top/u_layer30/genblk1.gen_pages[1].pe_inst.u_pe_page/pe_col_inst[0].u_pe_col/pe_inst[0].u_pe_1/N3) has been disconnected.
I: Const net (pin CEY1 of inst u_lprnet_top/u_layer30/genblk1.gen_pages[1].pe_inst.u_pe_page/pe_col_inst[0].u_pe_col/pe_inst[0].u_pe_1/N3) has been disconnected.
I: Const net (pin RSTY of inst u_lprnet_top/u_layer30/genblk1.gen_pages[1].pe_inst.u_pe_page/pe_col_inst[0].u_pe_col/pe_inst[0].u_pe_1/N3) has been disconnected.
I: Const net (pin CEM of inst u_lprnet_top/u_layer30/genblk1.gen_pages[1].pe_inst.u_pe_page/pe_col_inst[0].u_pe_col/pe_inst[0].u_pe_1/N3) has been disconnected.
I: Const net (pin RSTM of inst u_lprnet_top/u_layer30/genblk1.gen_pages[1].pe_inst.u_pe_page/pe_col_inst[0].u_pe_col/pe_inst[0].u_pe_1/N3) has been disconnected.
I: Const net (pin CEX1 of inst u_lprnet_top/u_layer30/genblk1.gen_pages[1].pe_inst.u_pe_page/pe_col_inst[0].u_pe_col/pe_inst[0].u_pe_2/N3) has been disconnected.
I: Const net (pin RSTX of inst u_lprnet_top/u_layer30/genblk1.gen_pages[1].pe_inst.u_pe_page/pe_col_inst[0].u_pe_col/pe_inst[0].u_pe_2/N3) has been disconnected.
I: Const net (pin CEY1 of inst u_lprnet_top/u_layer30/genblk1.gen_pages[1].pe_inst.u_pe_page/pe_col_inst[0].u_pe_col/pe_inst[0].u_pe_2/N3) has been disconnected.
I: Const net (pin RSTY of inst u_lprnet_top/u_layer30/genblk1.gen_pages[1].pe_inst.u_pe_page/pe_col_inst[0].u_pe_col/pe_inst[0].u_pe_2/N3) has been disconnected.
I: Const net (pin CEM of inst u_lprnet_top/u_layer30/genblk1.gen_pages[1].pe_inst.u_pe_page/pe_col_inst[0].u_pe_col/pe_inst[0].u_pe_2/N3) has been disconnected.
I: Const net (pin RSTM of inst u_lprnet_top/u_layer30/genblk1.gen_pages[1].pe_inst.u_pe_page/pe_col_inst[0].u_pe_col/pe_inst[0].u_pe_2/N3) has been disconnected.
I: Const net (pin CEX1 of inst u_lprnet_top/u_layer30/genblk1.gen_pages[1].pe_inst.u_pe_page/pe_col_inst[1].u_pe_col/pe_inst[0].u_pe/N3) has been disconnected.
I: Const net (pin RSTX of inst u_lprnet_top/u_layer30/genblk1.gen_pages[1].pe_inst.u_pe_page/pe_col_inst[1].u_pe_col/pe_inst[0].u_pe/N3) has been disconnected.
I: Const net (pin CEY1 of inst u_lprnet_top/u_layer30/genblk1.gen_pages[1].pe_inst.u_pe_page/pe_col_inst[1].u_pe_col/pe_inst[0].u_pe/N3) has been disconnected.
I: Const net (pin RSTY of inst u_lprnet_top/u_layer30/genblk1.gen_pages[1].pe_inst.u_pe_page/pe_col_inst[1].u_pe_col/pe_inst[0].u_pe/N3) has been disconnected.
I: Const net (pin CEM of inst u_lprnet_top/u_layer30/genblk1.gen_pages[1].pe_inst.u_pe_page/pe_col_inst[1].u_pe_col/pe_inst[0].u_pe/N3) has been disconnected.
I: Const net (pin RSTM of inst u_lprnet_top/u_layer30/genblk1.gen_pages[1].pe_inst.u_pe_page/pe_col_inst[1].u_pe_col/pe_inst[0].u_pe/N3) has been disconnected.
I: Const net (pin CEX1 of inst u_lprnet_top/u_layer30/genblk1.gen_pages[1].pe_inst.u_pe_page/pe_col_inst[1].u_pe_col/pe_inst[0].u_pe_1/N3) has been disconnected.
I: Const net (pin RSTX of inst u_lprnet_top/u_layer30/genblk1.gen_pages[1].pe_inst.u_pe_page/pe_col_inst[1].u_pe_col/pe_inst[0].u_pe_1/N3) has been disconnected.
I: Const net (pin CEY1 of inst u_lprnet_top/u_layer30/genblk1.gen_pages[1].pe_inst.u_pe_page/pe_col_inst[1].u_pe_col/pe_inst[0].u_pe_1/N3) has been disconnected.
I: Const net (pin RSTY of inst u_lprnet_top/u_layer30/genblk1.gen_pages[1].pe_inst.u_pe_page/pe_col_inst[1].u_pe_col/pe_inst[0].u_pe_1/N3) has been disconnected.
I: Const net (pin CEM of inst u_lprnet_top/u_layer30/genblk1.gen_pages[1].pe_inst.u_pe_page/pe_col_inst[1].u_pe_col/pe_inst[0].u_pe_1/N3) has been disconnected.
I: Const net (pin RSTM of inst u_lprnet_top/u_layer30/genblk1.gen_pages[1].pe_inst.u_pe_page/pe_col_inst[1].u_pe_col/pe_inst[0].u_pe_1/N3) has been disconnected.
I: Const net (pin CEX1 of inst u_lprnet_top/u_layer30/genblk1.gen_pages[1].pe_inst.u_pe_page/pe_col_inst[1].u_pe_col/pe_inst[0].u_pe_2/N3) has been disconnected.
I: Const net (pin RSTX of inst u_lprnet_top/u_layer30/genblk1.gen_pages[1].pe_inst.u_pe_page/pe_col_inst[1].u_pe_col/pe_inst[0].u_pe_2/N3) has been disconnected.
I: Const net (pin CEY1 of inst u_lprnet_top/u_layer30/genblk1.gen_pages[1].pe_inst.u_pe_page/pe_col_inst[1].u_pe_col/pe_inst[0].u_pe_2/N3) has been disconnected.
I: Const net (pin RSTY of inst u_lprnet_top/u_layer30/genblk1.gen_pages[1].pe_inst.u_pe_page/pe_col_inst[1].u_pe_col/pe_inst[0].u_pe_2/N3) has been disconnected.
I: Const net (pin CEM of inst u_lprnet_top/u_layer30/genblk1.gen_pages[1].pe_inst.u_pe_page/pe_col_inst[1].u_pe_col/pe_inst[0].u_pe_2/N3) has been disconnected.
I: Const net (pin RSTM of inst u_lprnet_top/u_layer30/genblk1.gen_pages[1].pe_inst.u_pe_page/pe_col_inst[1].u_pe_col/pe_inst[0].u_pe_2/N3) has been disconnected.
I: Const net (pin CEX1 of inst u_lprnet_top/u_layer30/genblk1.gen_pages[2].pe_inst.u_pe_page/pe_col_inst[0].u_pe_col/pe_inst[0].u_pe/N3) has been disconnected.
I: Const net (pin RSTX of inst u_lprnet_top/u_layer30/genblk1.gen_pages[2].pe_inst.u_pe_page/pe_col_inst[0].u_pe_col/pe_inst[0].u_pe/N3) has been disconnected.
I: Const net (pin CEY1 of inst u_lprnet_top/u_layer30/genblk1.gen_pages[2].pe_inst.u_pe_page/pe_col_inst[0].u_pe_col/pe_inst[0].u_pe/N3) has been disconnected.
I: Const net (pin RSTY of inst u_lprnet_top/u_layer30/genblk1.gen_pages[2].pe_inst.u_pe_page/pe_col_inst[0].u_pe_col/pe_inst[0].u_pe/N3) has been disconnected.
I: Const net (pin CEM of inst u_lprnet_top/u_layer30/genblk1.gen_pages[2].pe_inst.u_pe_page/pe_col_inst[0].u_pe_col/pe_inst[0].u_pe/N3) has been disconnected.
I: Const net (pin RSTM of inst u_lprnet_top/u_layer30/genblk1.gen_pages[2].pe_inst.u_pe_page/pe_col_inst[0].u_pe_col/pe_inst[0].u_pe/N3) has been disconnected.
I: Const net (pin CEX1 of inst u_lprnet_top/u_layer30/genblk1.gen_pages[2].pe_inst.u_pe_page/pe_col_inst[0].u_pe_col/pe_inst[0].u_pe_1/N3) has been disconnected.
I: Const net (pin RSTX of inst u_lprnet_top/u_layer30/genblk1.gen_pages[2].pe_inst.u_pe_page/pe_col_inst[0].u_pe_col/pe_inst[0].u_pe_1/N3) has been disconnected.
I: Const net (pin CEY1 of inst u_lprnet_top/u_layer30/genblk1.gen_pages[2].pe_inst.u_pe_page/pe_col_inst[0].u_pe_col/pe_inst[0].u_pe_1/N3) has been disconnected.
I: Const net (pin RSTY of inst u_lprnet_top/u_layer30/genblk1.gen_pages[2].pe_inst.u_pe_page/pe_col_inst[0].u_pe_col/pe_inst[0].u_pe_1/N3) has been disconnected.
I: Const net (pin CEM of inst u_lprnet_top/u_layer30/genblk1.gen_pages[2].pe_inst.u_pe_page/pe_col_inst[0].u_pe_col/pe_inst[0].u_pe_1/N3) has been disconnected.
I: Const net (pin RSTM of inst u_lprnet_top/u_layer30/genblk1.gen_pages[2].pe_inst.u_pe_page/pe_col_inst[0].u_pe_col/pe_inst[0].u_pe_1/N3) has been disconnected.
I: Const net (pin CEX1 of inst u_lprnet_top/u_layer30/genblk1.gen_pages[2].pe_inst.u_pe_page/pe_col_inst[0].u_pe_col/pe_inst[0].u_pe_2/N3) has been disconnected.
I: Const net (pin RSTX of inst u_lprnet_top/u_layer30/genblk1.gen_pages[2].pe_inst.u_pe_page/pe_col_inst[0].u_pe_col/pe_inst[0].u_pe_2/N3) has been disconnected.
I: Const net (pin CEY1 of inst u_lprnet_top/u_layer30/genblk1.gen_pages[2].pe_inst.u_pe_page/pe_col_inst[0].u_pe_col/pe_inst[0].u_pe_2/N3) has been disconnected.
I: Const net (pin RSTY of inst u_lprnet_top/u_layer30/genblk1.gen_pages[2].pe_inst.u_pe_page/pe_col_inst[0].u_pe_col/pe_inst[0].u_pe_2/N3) has been disconnected.
I: Const net (pin CEM of inst u_lprnet_top/u_layer30/genblk1.gen_pages[2].pe_inst.u_pe_page/pe_col_inst[0].u_pe_col/pe_inst[0].u_pe_2/N3) has been disconnected.
I: Const net (pin RSTM of inst u_lprnet_top/u_layer30/genblk1.gen_pages[2].pe_inst.u_pe_page/pe_col_inst[0].u_pe_col/pe_inst[0].u_pe_2/N3) has been disconnected.
I: Const net (pin CEX1 of inst u_lprnet_top/u_layer30/genblk1.gen_pages[2].pe_inst.u_pe_page/pe_col_inst[1].u_pe_col/pe_inst[0].u_pe/N3) has been disconnected.
I: Const net (pin RSTX of inst u_lprnet_top/u_layer30/genblk1.gen_pages[2].pe_inst.u_pe_page/pe_col_inst[1].u_pe_col/pe_inst[0].u_pe/N3) has been disconnected.
I: Const net (pin CEY1 of inst u_lprnet_top/u_layer30/genblk1.gen_pages[2].pe_inst.u_pe_page/pe_col_inst[1].u_pe_col/pe_inst[0].u_pe/N3) has been disconnected.
I: Const net (pin RSTY of inst u_lprnet_top/u_layer30/genblk1.gen_pages[2].pe_inst.u_pe_page/pe_col_inst[1].u_pe_col/pe_inst[0].u_pe/N3) has been disconnected.
I: Const net (pin CEM of inst u_lprnet_top/u_layer30/genblk1.gen_pages[2].pe_inst.u_pe_page/pe_col_inst[1].u_pe_col/pe_inst[0].u_pe/N3) has been disconnected.
I: Const net (pin RSTM of inst u_lprnet_top/u_layer30/genblk1.gen_pages[2].pe_inst.u_pe_page/pe_col_inst[1].u_pe_col/pe_inst[0].u_pe/N3) has been disconnected.
I: Const net (pin CEX1 of inst u_lprnet_top/u_layer30/genblk1.gen_pages[2].pe_inst.u_pe_page/pe_col_inst[1].u_pe_col/pe_inst[0].u_pe_1/N3) has been disconnected.
I: Const net (pin RSTX of inst u_lprnet_top/u_layer30/genblk1.gen_pages[2].pe_inst.u_pe_page/pe_col_inst[1].u_pe_col/pe_inst[0].u_pe_1/N3) has been disconnected.
I: Const net (pin CEY1 of inst u_lprnet_top/u_layer30/genblk1.gen_pages[2].pe_inst.u_pe_page/pe_col_inst[1].u_pe_col/pe_inst[0].u_pe_1/N3) has been disconnected.
I: Const net (pin RSTY of inst u_lprnet_top/u_layer30/genblk1.gen_pages[2].pe_inst.u_pe_page/pe_col_inst[1].u_pe_col/pe_inst[0].u_pe_1/N3) has been disconnected.
I: Const net (pin CEM of inst u_lprnet_top/u_layer30/genblk1.gen_pages[2].pe_inst.u_pe_page/pe_col_inst[1].u_pe_col/pe_inst[0].u_pe_1/N3) has been disconnected.
I: Const net (pin RSTM of inst u_lprnet_top/u_layer30/genblk1.gen_pages[2].pe_inst.u_pe_page/pe_col_inst[1].u_pe_col/pe_inst[0].u_pe_1/N3) has been disconnected.
I: Const net (pin CEX1 of inst u_lprnet_top/u_layer30/genblk1.gen_pages[2].pe_inst.u_pe_page/pe_col_inst[1].u_pe_col/pe_inst[0].u_pe_2/N3) has been disconnected.
I: Const net (pin RSTX of inst u_lprnet_top/u_layer30/genblk1.gen_pages[2].pe_inst.u_pe_page/pe_col_inst[1].u_pe_col/pe_inst[0].u_pe_2/N3) has been disconnected.
I: Const net (pin CEY1 of inst u_lprnet_top/u_layer30/genblk1.gen_pages[2].pe_inst.u_pe_page/pe_col_inst[1].u_pe_col/pe_inst[0].u_pe_2/N3) has been disconnected.
I: Const net (pin RSTY of inst u_lprnet_top/u_layer30/genblk1.gen_pages[2].pe_inst.u_pe_page/pe_col_inst[1].u_pe_col/pe_inst[0].u_pe_2/N3) has been disconnected.
I: Const net (pin CEM of inst u_lprnet_top/u_layer30/genblk1.gen_pages[2].pe_inst.u_pe_page/pe_col_inst[1].u_pe_col/pe_inst[0].u_pe_2/N3) has been disconnected.
I: Const net (pin RSTM of inst u_lprnet_top/u_layer30/genblk1.gen_pages[2].pe_inst.u_pe_page/pe_col_inst[1].u_pe_col/pe_inst[0].u_pe_2/N3) has been disconnected.
I: Const net (pin CEX1 of inst u_lprnet_top/u_layer30/genblk1.gen_pages[3].pe_inst.u_pe_page/pe_col_inst[0].u_pe_col/pe_inst[0].u_pe/N3) has been disconnected.
I: Const net (pin RSTX of inst u_lprnet_top/u_layer30/genblk1.gen_pages[3].pe_inst.u_pe_page/pe_col_inst[0].u_pe_col/pe_inst[0].u_pe/N3) has been disconnected.
I: Const net (pin CEY1 of inst u_lprnet_top/u_layer30/genblk1.gen_pages[3].pe_inst.u_pe_page/pe_col_inst[0].u_pe_col/pe_inst[0].u_pe/N3) has been disconnected.
I: Const net (pin RSTY of inst u_lprnet_top/u_layer30/genblk1.gen_pages[3].pe_inst.u_pe_page/pe_col_inst[0].u_pe_col/pe_inst[0].u_pe/N3) has been disconnected.
I: Const net (pin CEM of inst u_lprnet_top/u_layer30/genblk1.gen_pages[3].pe_inst.u_pe_page/pe_col_inst[0].u_pe_col/pe_inst[0].u_pe/N3) has been disconnected.
I: Const net (pin RSTM of inst u_lprnet_top/u_layer30/genblk1.gen_pages[3].pe_inst.u_pe_page/pe_col_inst[0].u_pe_col/pe_inst[0].u_pe/N3) has been disconnected.
I: Const net (pin CEX1 of inst u_lprnet_top/u_layer30/genblk1.gen_pages[3].pe_inst.u_pe_page/pe_col_inst[0].u_pe_col/pe_inst[0].u_pe_1/N3) has been disconnected.
I: Const net (pin RSTX of inst u_lprnet_top/u_layer30/genblk1.gen_pages[3].pe_inst.u_pe_page/pe_col_inst[0].u_pe_col/pe_inst[0].u_pe_1/N3) has been disconnected.
I: Const net (pin CEY1 of inst u_lprnet_top/u_layer30/genblk1.gen_pages[3].pe_inst.u_pe_page/pe_col_inst[0].u_pe_col/pe_inst[0].u_pe_1/N3) has been disconnected.
I: Const net (pin RSTY of inst u_lprnet_top/u_layer30/genblk1.gen_pages[3].pe_inst.u_pe_page/pe_col_inst[0].u_pe_col/pe_inst[0].u_pe_1/N3) has been disconnected.
I: Const net (pin CEM of inst u_lprnet_top/u_layer30/genblk1.gen_pages[3].pe_inst.u_pe_page/pe_col_inst[0].u_pe_col/pe_inst[0].u_pe_1/N3) has been disconnected.
I: Const net (pin RSTM of inst u_lprnet_top/u_layer30/genblk1.gen_pages[3].pe_inst.u_pe_page/pe_col_inst[0].u_pe_col/pe_inst[0].u_pe_1/N3) has been disconnected.
I: Const net (pin CEX1 of inst u_lprnet_top/u_layer30/genblk1.gen_pages[3].pe_inst.u_pe_page/pe_col_inst[0].u_pe_col/pe_inst[0].u_pe_2/N3) has been disconnected.
I: Const net (pin RSTX of inst u_lprnet_top/u_layer30/genblk1.gen_pages[3].pe_inst.u_pe_page/pe_col_inst[0].u_pe_col/pe_inst[0].u_pe_2/N3) has been disconnected.
I: Const net (pin CEY1 of inst u_lprnet_top/u_layer30/genblk1.gen_pages[3].pe_inst.u_pe_page/pe_col_inst[0].u_pe_col/pe_inst[0].u_pe_2/N3) has been disconnected.
I: Const net (pin RSTY of inst u_lprnet_top/u_layer30/genblk1.gen_pages[3].pe_inst.u_pe_page/pe_col_inst[0].u_pe_col/pe_inst[0].u_pe_2/N3) has been disconnected.
I: Const net (pin CEM of inst u_lprnet_top/u_layer30/genblk1.gen_pages[3].pe_inst.u_pe_page/pe_col_inst[0].u_pe_col/pe_inst[0].u_pe_2/N3) has been disconnected.
I: Const net (pin RSTM of inst u_lprnet_top/u_layer30/genblk1.gen_pages[3].pe_inst.u_pe_page/pe_col_inst[0].u_pe_col/pe_inst[0].u_pe_2/N3) has been disconnected.
I: Const net (pin CEX1 of inst u_lprnet_top/u_layer30/genblk1.gen_pages[3].pe_inst.u_pe_page/pe_col_inst[1].u_pe_col/pe_inst[0].u_pe/N3) has been disconnected.
I: Const net (pin RSTX of inst u_lprnet_top/u_layer30/genblk1.gen_pages[3].pe_inst.u_pe_page/pe_col_inst[1].u_pe_col/pe_inst[0].u_pe/N3) has been disconnected.
I: Const net (pin CEY1 of inst u_lprnet_top/u_layer30/genblk1.gen_pages[3].pe_inst.u_pe_page/pe_col_inst[1].u_pe_col/pe_inst[0].u_pe/N3) has been disconnected.
I: Const net (pin RSTY of inst u_lprnet_top/u_layer30/genblk1.gen_pages[3].pe_inst.u_pe_page/pe_col_inst[1].u_pe_col/pe_inst[0].u_pe/N3) has been disconnected.
I: Const net (pin CEM of inst u_lprnet_top/u_layer30/genblk1.gen_pages[3].pe_inst.u_pe_page/pe_col_inst[1].u_pe_col/pe_inst[0].u_pe/N3) has been disconnected.
I: Const net (pin RSTM of inst u_lprnet_top/u_layer30/genblk1.gen_pages[3].pe_inst.u_pe_page/pe_col_inst[1].u_pe_col/pe_inst[0].u_pe/N3) has been disconnected.
I: Const net (pin CEX1 of inst u_lprnet_top/u_layer30/genblk1.gen_pages[3].pe_inst.u_pe_page/pe_col_inst[1].u_pe_col/pe_inst[0].u_pe_1/N3) has been disconnected.
I: Const net (pin RSTX of inst u_lprnet_top/u_layer30/genblk1.gen_pages[3].pe_inst.u_pe_page/pe_col_inst[1].u_pe_col/pe_inst[0].u_pe_1/N3) has been disconnected.
I: Const net (pin CEY1 of inst u_lprnet_top/u_layer30/genblk1.gen_pages[3].pe_inst.u_pe_page/pe_col_inst[1].u_pe_col/pe_inst[0].u_pe_1/N3) has been disconnected.
I: Const net (pin RSTY of inst u_lprnet_top/u_layer30/genblk1.gen_pages[3].pe_inst.u_pe_page/pe_col_inst[1].u_pe_col/pe_inst[0].u_pe_1/N3) has been disconnected.
I: Const net (pin CEM of inst u_lprnet_top/u_layer30/genblk1.gen_pages[3].pe_inst.u_pe_page/pe_col_inst[1].u_pe_col/pe_inst[0].u_pe_1/N3) has been disconnected.
I: Const net (pin RSTM of inst u_lprnet_top/u_layer30/genblk1.gen_pages[3].pe_inst.u_pe_page/pe_col_inst[1].u_pe_col/pe_inst[0].u_pe_1/N3) has been disconnected.
I: Const net (pin CEX1 of inst u_lprnet_top/u_layer30/genblk1.gen_pages[3].pe_inst.u_pe_page/pe_col_inst[1].u_pe_col/pe_inst[0].u_pe_2/N3) has been disconnected.
I: Const net (pin RSTX of inst u_lprnet_top/u_layer30/genblk1.gen_pages[3].pe_inst.u_pe_page/pe_col_inst[1].u_pe_col/pe_inst[0].u_pe_2/N3) has been disconnected.
I: Const net (pin CEY1 of inst u_lprnet_top/u_layer30/genblk1.gen_pages[3].pe_inst.u_pe_page/pe_col_inst[1].u_pe_col/pe_inst[0].u_pe_2/N3) has been disconnected.
I: Const net (pin RSTY of inst u_lprnet_top/u_layer30/genblk1.gen_pages[3].pe_inst.u_pe_page/pe_col_inst[1].u_pe_col/pe_inst[0].u_pe_2/N3) has been disconnected.
I: Const net (pin CEM of inst u_lprnet_top/u_layer30/genblk1.gen_pages[3].pe_inst.u_pe_page/pe_col_inst[1].u_pe_col/pe_inst[0].u_pe_2/N3) has been disconnected.
I: Const net (pin RSTM of inst u_lprnet_top/u_layer30/genblk1.gen_pages[3].pe_inst.u_pe_page/pe_col_inst[1].u_pe_col/pe_inst[0].u_pe_2/N3) has been disconnected.
I: Const net (pin CEX1 of inst u_lprnet_top/u_layer31/genblk1.gen_pages[0].pe_inst.u_pe_page/pe_col_inst[0].u_pe_col/pe_inst[0].u_pe/N3) has been disconnected.
I: Const net (pin RSTX of inst u_lprnet_top/u_layer31/genblk1.gen_pages[0].pe_inst.u_pe_page/pe_col_inst[0].u_pe_col/pe_inst[0].u_pe/N3) has been disconnected.
I: Const net (pin CEY1 of inst u_lprnet_top/u_layer31/genblk1.gen_pages[0].pe_inst.u_pe_page/pe_col_inst[0].u_pe_col/pe_inst[0].u_pe/N3) has been disconnected.
I: Const net (pin RSTY of inst u_lprnet_top/u_layer31/genblk1.gen_pages[0].pe_inst.u_pe_page/pe_col_inst[0].u_pe_col/pe_inst[0].u_pe/N3) has been disconnected.
I: Const net (pin CEM of inst u_lprnet_top/u_layer31/genblk1.gen_pages[0].pe_inst.u_pe_page/pe_col_inst[0].u_pe_col/pe_inst[0].u_pe/N3) has been disconnected.
I: Const net (pin RSTM of inst u_lprnet_top/u_layer31/genblk1.gen_pages[0].pe_inst.u_pe_page/pe_col_inst[0].u_pe_col/pe_inst[0].u_pe/N3) has been disconnected.
I: Const net (pin CEP of inst u_lprnet_top/u_layer31/genblk1.gen_pages[0].pe_inst.u_pe_page/pe_col_inst[0].u_pe_col/pe_inst[0].u_pe/N3) has been disconnected.
I: Const net (pin RSTP of inst u_lprnet_top/u_layer31/genblk1.gen_pages[0].pe_inst.u_pe_page/pe_col_inst[0].u_pe_col/pe_inst[0].u_pe/N3) has been disconnected.
I: Const net (pin CEX1 of inst u_lprnet_top/u_layer31/genblk1.gen_pages[0].pe_inst.u_pe_page/pe_col_inst[1].u_pe_col/pe_inst[0].u_pe/N3) has been disconnected.
I: Const net (pin RSTX of inst u_lprnet_top/u_layer31/genblk1.gen_pages[0].pe_inst.u_pe_page/pe_col_inst[1].u_pe_col/pe_inst[0].u_pe/N3) has been disconnected.
I: Const net (pin CEY1 of inst u_lprnet_top/u_layer31/genblk1.gen_pages[0].pe_inst.u_pe_page/pe_col_inst[1].u_pe_col/pe_inst[0].u_pe/N3) has been disconnected.
I: Const net (pin RSTY of inst u_lprnet_top/u_layer31/genblk1.gen_pages[0].pe_inst.u_pe_page/pe_col_inst[1].u_pe_col/pe_inst[0].u_pe/N3) has been disconnected.
I: Const net (pin CEM of inst u_lprnet_top/u_layer31/genblk1.gen_pages[0].pe_inst.u_pe_page/pe_col_inst[1].u_pe_col/pe_inst[0].u_pe/N3) has been disconnected.
I: Const net (pin RSTM of inst u_lprnet_top/u_layer31/genblk1.gen_pages[0].pe_inst.u_pe_page/pe_col_inst[1].u_pe_col/pe_inst[0].u_pe/N3) has been disconnected.
I: Const net (pin CEP of inst u_lprnet_top/u_layer31/genblk1.gen_pages[0].pe_inst.u_pe_page/pe_col_inst[1].u_pe_col/pe_inst[0].u_pe/N3) has been disconnected.
I: Const net (pin RSTP of inst u_lprnet_top/u_layer31/genblk1.gen_pages[0].pe_inst.u_pe_page/pe_col_inst[1].u_pe_col/pe_inst[0].u_pe/N3) has been disconnected.
I: Const net (pin CEX1 of inst u_lprnet_top/u_layer31/genblk1.gen_pages[0].pe_inst.u_pe_page/pe_col_inst[2].u_pe_col/pe_inst[0].u_pe/N3) has been disconnected.
I: Const net (pin RSTX of inst u_lprnet_top/u_layer31/genblk1.gen_pages[0].pe_inst.u_pe_page/pe_col_inst[2].u_pe_col/pe_inst[0].u_pe/N3) has been disconnected.
I: Const net (pin CEY1 of inst u_lprnet_top/u_layer31/genblk1.gen_pages[0].pe_inst.u_pe_page/pe_col_inst[2].u_pe_col/pe_inst[0].u_pe/N3) has been disconnected.
I: Const net (pin RSTY of inst u_lprnet_top/u_layer31/genblk1.gen_pages[0].pe_inst.u_pe_page/pe_col_inst[2].u_pe_col/pe_inst[0].u_pe/N3) has been disconnected.
I: Const net (pin CEM of inst u_lprnet_top/u_layer31/genblk1.gen_pages[0].pe_inst.u_pe_page/pe_col_inst[2].u_pe_col/pe_inst[0].u_pe/N3) has been disconnected.
I: Const net (pin RSTM of inst u_lprnet_top/u_layer31/genblk1.gen_pages[0].pe_inst.u_pe_page/pe_col_inst[2].u_pe_col/pe_inst[0].u_pe/N3) has been disconnected.
I: Const net (pin CEP of inst u_lprnet_top/u_layer31/genblk1.gen_pages[0].pe_inst.u_pe_page/pe_col_inst[2].u_pe_col/pe_inst[0].u_pe/N3) has been disconnected.
I: Const net (pin RSTP of inst u_lprnet_top/u_layer31/genblk1.gen_pages[0].pe_inst.u_pe_page/pe_col_inst[2].u_pe_col/pe_inst[0].u_pe/N3) has been disconnected.
I: Const net (pin CEX1 of inst u_lprnet_top/u_layer31/genblk1.gen_pages[0].pe_inst.u_pe_page/pe_col_inst[3].u_pe_col/pe_inst[0].u_pe/N3) has been disconnected.
I: Const net (pin RSTX of inst u_lprnet_top/u_layer31/genblk1.gen_pages[0].pe_inst.u_pe_page/pe_col_inst[3].u_pe_col/pe_inst[0].u_pe/N3) has been disconnected.
I: Const net (pin CEY1 of inst u_lprnet_top/u_layer31/genblk1.gen_pages[0].pe_inst.u_pe_page/pe_col_inst[3].u_pe_col/pe_inst[0].u_pe/N3) has been disconnected.
I: Const net (pin RSTY of inst u_lprnet_top/u_layer31/genblk1.gen_pages[0].pe_inst.u_pe_page/pe_col_inst[3].u_pe_col/pe_inst[0].u_pe/N3) has been disconnected.
I: Const net (pin CEM of inst u_lprnet_top/u_layer31/genblk1.gen_pages[0].pe_inst.u_pe_page/pe_col_inst[3].u_pe_col/pe_inst[0].u_pe/N3) has been disconnected.
I: Const net (pin RSTM of inst u_lprnet_top/u_layer31/genblk1.gen_pages[0].pe_inst.u_pe_page/pe_col_inst[3].u_pe_col/pe_inst[0].u_pe/N3) has been disconnected.
I: Const net (pin CEP of inst u_lprnet_top/u_layer31/genblk1.gen_pages[0].pe_inst.u_pe_page/pe_col_inst[3].u_pe_col/pe_inst[0].u_pe/N3) has been disconnected.
I: Const net (pin RSTP of inst u_lprnet_top/u_layer31/genblk1.gen_pages[0].pe_inst.u_pe_page/pe_col_inst[3].u_pe_col/pe_inst[0].u_pe/N3) has been disconnected.
I: Const net (pin CEX1 of inst u_lprnet_top/u_layer31/genblk1.gen_pages[1].pe_inst.u_pe_page/pe_col_inst[0].u_pe_col/pe_inst[0].u_pe/N3) has been disconnected.
I: Const net (pin RSTX of inst u_lprnet_top/u_layer31/genblk1.gen_pages[1].pe_inst.u_pe_page/pe_col_inst[0].u_pe_col/pe_inst[0].u_pe/N3) has been disconnected.
I: Const net (pin CEY1 of inst u_lprnet_top/u_layer31/genblk1.gen_pages[1].pe_inst.u_pe_page/pe_col_inst[0].u_pe_col/pe_inst[0].u_pe/N3) has been disconnected.
I: Const net (pin RSTY of inst u_lprnet_top/u_layer31/genblk1.gen_pages[1].pe_inst.u_pe_page/pe_col_inst[0].u_pe_col/pe_inst[0].u_pe/N3) has been disconnected.
I: Const net (pin CEM of inst u_lprnet_top/u_layer31/genblk1.gen_pages[1].pe_inst.u_pe_page/pe_col_inst[0].u_pe_col/pe_inst[0].u_pe/N3) has been disconnected.
I: Const net (pin RSTM of inst u_lprnet_top/u_layer31/genblk1.gen_pages[1].pe_inst.u_pe_page/pe_col_inst[0].u_pe_col/pe_inst[0].u_pe/N3) has been disconnected.
I: Const net (pin CEP of inst u_lprnet_top/u_layer31/genblk1.gen_pages[1].pe_inst.u_pe_page/pe_col_inst[0].u_pe_col/pe_inst[0].u_pe/N3) has been disconnected.
I: Const net (pin RSTP of inst u_lprnet_top/u_layer31/genblk1.gen_pages[1].pe_inst.u_pe_page/pe_col_inst[0].u_pe_col/pe_inst[0].u_pe/N3) has been disconnected.
I: Const net (pin CEX1 of inst u_lprnet_top/u_layer31/genblk1.gen_pages[1].pe_inst.u_pe_page/pe_col_inst[1].u_pe_col/pe_inst[0].u_pe/N3) has been disconnected.
I: Const net (pin RSTX of inst u_lprnet_top/u_layer31/genblk1.gen_pages[1].pe_inst.u_pe_page/pe_col_inst[1].u_pe_col/pe_inst[0].u_pe/N3) has been disconnected.
I: Const net (pin CEY1 of inst u_lprnet_top/u_layer31/genblk1.gen_pages[1].pe_inst.u_pe_page/pe_col_inst[1].u_pe_col/pe_inst[0].u_pe/N3) has been disconnected.
I: Const net (pin RSTY of inst u_lprnet_top/u_layer31/genblk1.gen_pages[1].pe_inst.u_pe_page/pe_col_inst[1].u_pe_col/pe_inst[0].u_pe/N3) has been disconnected.
I: Const net (pin CEM of inst u_lprnet_top/u_layer31/genblk1.gen_pages[1].pe_inst.u_pe_page/pe_col_inst[1].u_pe_col/pe_inst[0].u_pe/N3) has been disconnected.
I: Const net (pin RSTM of inst u_lprnet_top/u_layer31/genblk1.gen_pages[1].pe_inst.u_pe_page/pe_col_inst[1].u_pe_col/pe_inst[0].u_pe/N3) has been disconnected.
I: Const net (pin CEP of inst u_lprnet_top/u_layer31/genblk1.gen_pages[1].pe_inst.u_pe_page/pe_col_inst[1].u_pe_col/pe_inst[0].u_pe/N3) has been disconnected.
I: Const net (pin RSTP of inst u_lprnet_top/u_layer31/genblk1.gen_pages[1].pe_inst.u_pe_page/pe_col_inst[1].u_pe_col/pe_inst[0].u_pe/N3) has been disconnected.
I: Const net (pin CEX1 of inst u_lprnet_top/u_layer31/genblk1.gen_pages[1].pe_inst.u_pe_page/pe_col_inst[2].u_pe_col/pe_inst[0].u_pe/N3) has been disconnected.
I: Const net (pin RSTX of inst u_lprnet_top/u_layer31/genblk1.gen_pages[1].pe_inst.u_pe_page/pe_col_inst[2].u_pe_col/pe_inst[0].u_pe/N3) has been disconnected.
I: Const net (pin CEY1 of inst u_lprnet_top/u_layer31/genblk1.gen_pages[1].pe_inst.u_pe_page/pe_col_inst[2].u_pe_col/pe_inst[0].u_pe/N3) has been disconnected.
I: Const net (pin RSTY of inst u_lprnet_top/u_layer31/genblk1.gen_pages[1].pe_inst.u_pe_page/pe_col_inst[2].u_pe_col/pe_inst[0].u_pe/N3) has been disconnected.
I: Const net (pin CEM of inst u_lprnet_top/u_layer31/genblk1.gen_pages[1].pe_inst.u_pe_page/pe_col_inst[2].u_pe_col/pe_inst[0].u_pe/N3) has been disconnected.
I: Const net (pin RSTM of inst u_lprnet_top/u_layer31/genblk1.gen_pages[1].pe_inst.u_pe_page/pe_col_inst[2].u_pe_col/pe_inst[0].u_pe/N3) has been disconnected.
I: Const net (pin CEP of inst u_lprnet_top/u_layer31/genblk1.gen_pages[1].pe_inst.u_pe_page/pe_col_inst[2].u_pe_col/pe_inst[0].u_pe/N3) has been disconnected.
I: Const net (pin RSTP of inst u_lprnet_top/u_layer31/genblk1.gen_pages[1].pe_inst.u_pe_page/pe_col_inst[2].u_pe_col/pe_inst[0].u_pe/N3) has been disconnected.
I: Const net (pin CEX1 of inst u_lprnet_top/u_layer31/genblk1.gen_pages[1].pe_inst.u_pe_page/pe_col_inst[3].u_pe_col/pe_inst[0].u_pe/N3) has been disconnected.
I: Const net (pin RSTX of inst u_lprnet_top/u_layer31/genblk1.gen_pages[1].pe_inst.u_pe_page/pe_col_inst[3].u_pe_col/pe_inst[0].u_pe/N3) has been disconnected.
I: Const net (pin CEY1 of inst u_lprnet_top/u_layer31/genblk1.gen_pages[1].pe_inst.u_pe_page/pe_col_inst[3].u_pe_col/pe_inst[0].u_pe/N3) has been disconnected.
I: Const net (pin RSTY of inst u_lprnet_top/u_layer31/genblk1.gen_pages[1].pe_inst.u_pe_page/pe_col_inst[3].u_pe_col/pe_inst[0].u_pe/N3) has been disconnected.
I: Const net (pin CEM of inst u_lprnet_top/u_layer31/genblk1.gen_pages[1].pe_inst.u_pe_page/pe_col_inst[3].u_pe_col/pe_inst[0].u_pe/N3) has been disconnected.
I: Const net (pin RSTM of inst u_lprnet_top/u_layer31/genblk1.gen_pages[1].pe_inst.u_pe_page/pe_col_inst[3].u_pe_col/pe_inst[0].u_pe/N3) has been disconnected.
I: Const net (pin CEP of inst u_lprnet_top/u_layer31/genblk1.gen_pages[1].pe_inst.u_pe_page/pe_col_inst[3].u_pe_col/pe_inst[0].u_pe/N3) has been disconnected.
I: Const net (pin RSTP of inst u_lprnet_top/u_layer31/genblk1.gen_pages[1].pe_inst.u_pe_page/pe_col_inst[3].u_pe_col/pe_inst[0].u_pe/N3) has been disconnected.
I: Const net (pin CEX1 of inst u_top_yolo/u_layer0/genblk1.gen_pages[0].pe_inst.u_pe_page/pe_col_inst[0].u_pe_col/pe_inst[0].u_pe/N3) has been disconnected.
I: Const net (pin RSTX of inst u_top_yolo/u_layer0/genblk1.gen_pages[0].pe_inst.u_pe_page/pe_col_inst[0].u_pe_col/pe_inst[0].u_pe/N3) has been disconnected.
I: Const net (pin CEY1 of inst u_top_yolo/u_layer0/genblk1.gen_pages[0].pe_inst.u_pe_page/pe_col_inst[0].u_pe_col/pe_inst[0].u_pe/N3) has been disconnected.
I: Const net (pin RSTY of inst u_top_yolo/u_layer0/genblk1.gen_pages[0].pe_inst.u_pe_page/pe_col_inst[0].u_pe_col/pe_inst[0].u_pe/N3) has been disconnected.
I: Const net (pin CEP of inst u_top_yolo/u_layer0/genblk1.gen_pages[0].pe_inst.u_pe_page/pe_col_inst[0].u_pe_col/pe_inst[0].u_pe/N3) has been disconnected.
I: Const net (pin RSTP of inst u_top_yolo/u_layer0/genblk1.gen_pages[0].pe_inst.u_pe_page/pe_col_inst[0].u_pe_col/pe_inst[0].u_pe/N3) has been disconnected.
I: Const net (pin CEX1 of inst u_top_yolo/u_layer0/genblk1.gen_pages[0].pe_inst.u_pe_page/pe_col_inst[0].u_pe_col/pe_inst[0].u_pe_1/N3) has been disconnected.
I: Const net (pin RSTX of inst u_top_yolo/u_layer0/genblk1.gen_pages[0].pe_inst.u_pe_page/pe_col_inst[0].u_pe_col/pe_inst[0].u_pe_1/N3) has been disconnected.
I: Const net (pin CEY1 of inst u_top_yolo/u_layer0/genblk1.gen_pages[0].pe_inst.u_pe_page/pe_col_inst[0].u_pe_col/pe_inst[0].u_pe_1/N3) has been disconnected.
I: Const net (pin RSTY of inst u_top_yolo/u_layer0/genblk1.gen_pages[0].pe_inst.u_pe_page/pe_col_inst[0].u_pe_col/pe_inst[0].u_pe_1/N3) has been disconnected.
I: Const net (pin CEP of inst u_top_yolo/u_layer0/genblk1.gen_pages[0].pe_inst.u_pe_page/pe_col_inst[0].u_pe_col/pe_inst[0].u_pe_1/N3) has been disconnected.
I: Const net (pin RSTP of inst u_top_yolo/u_layer0/genblk1.gen_pages[0].pe_inst.u_pe_page/pe_col_inst[0].u_pe_col/pe_inst[0].u_pe_1/N3) has been disconnected.
I: Const net (pin CEX1 of inst u_top_yolo/u_layer0/genblk1.gen_pages[0].pe_inst.u_pe_page/pe_col_inst[0].u_pe_col/pe_inst[0].u_pe_2/N3) has been disconnected.
I: Const net (pin RSTX of inst u_top_yolo/u_layer0/genblk1.gen_pages[0].pe_inst.u_pe_page/pe_col_inst[0].u_pe_col/pe_inst[0].u_pe_2/N3) has been disconnected.
I: Const net (pin CEY1 of inst u_top_yolo/u_layer0/genblk1.gen_pages[0].pe_inst.u_pe_page/pe_col_inst[0].u_pe_col/pe_inst[0].u_pe_2/N3) has been disconnected.
I: Const net (pin RSTY of inst u_top_yolo/u_layer0/genblk1.gen_pages[0].pe_inst.u_pe_page/pe_col_inst[0].u_pe_col/pe_inst[0].u_pe_2/N3) has been disconnected.
I: Const net (pin CEP of inst u_top_yolo/u_layer0/genblk1.gen_pages[0].pe_inst.u_pe_page/pe_col_inst[0].u_pe_col/pe_inst[0].u_pe_2/N3) has been disconnected.
I: Const net (pin RSTP of inst u_top_yolo/u_layer0/genblk1.gen_pages[0].pe_inst.u_pe_page/pe_col_inst[0].u_pe_col/pe_inst[0].u_pe_2/N3) has been disconnected.
I: Const net (pin CEX1 of inst u_top_yolo/u_layer0/genblk1.gen_pages[0].pe_inst.u_pe_page/pe_col_inst[0].u_pe_col/pe_inst[0].u_pe_3/N3) has been disconnected.
I: Const net (pin RSTX of inst u_top_yolo/u_layer0/genblk1.gen_pages[0].pe_inst.u_pe_page/pe_col_inst[0].u_pe_col/pe_inst[0].u_pe_3/N3) has been disconnected.
I: Const net (pin CEY1 of inst u_top_yolo/u_layer0/genblk1.gen_pages[0].pe_inst.u_pe_page/pe_col_inst[0].u_pe_col/pe_inst[0].u_pe_3/N3) has been disconnected.
I: Const net (pin RSTY of inst u_top_yolo/u_layer0/genblk1.gen_pages[0].pe_inst.u_pe_page/pe_col_inst[0].u_pe_col/pe_inst[0].u_pe_3/N3) has been disconnected.
I: Const net (pin CEP of inst u_top_yolo/u_layer0/genblk1.gen_pages[0].pe_inst.u_pe_page/pe_col_inst[0].u_pe_col/pe_inst[0].u_pe_3/N3) has been disconnected.
I: Const net (pin RSTP of inst u_top_yolo/u_layer0/genblk1.gen_pages[0].pe_inst.u_pe_page/pe_col_inst[0].u_pe_col/pe_inst[0].u_pe_3/N3) has been disconnected.
I: Const net (pin CEX1 of inst u_top_yolo/u_layer0/genblk1.gen_pages[0].pe_inst.u_pe_page/pe_col_inst[0].u_pe_col/pe_inst[0].u_pe_4/N3) has been disconnected.
I: Const net (pin RSTX of inst u_top_yolo/u_layer0/genblk1.gen_pages[0].pe_inst.u_pe_page/pe_col_inst[0].u_pe_col/pe_inst[0].u_pe_4/N3) has been disconnected.
I: Const net (pin CEY1 of inst u_top_yolo/u_layer0/genblk1.gen_pages[0].pe_inst.u_pe_page/pe_col_inst[0].u_pe_col/pe_inst[0].u_pe_4/N3) has been disconnected.
I: Const net (pin RSTY of inst u_top_yolo/u_layer0/genblk1.gen_pages[0].pe_inst.u_pe_page/pe_col_inst[0].u_pe_col/pe_inst[0].u_pe_4/N3) has been disconnected.
I: Const net (pin CEP of inst u_top_yolo/u_layer0/genblk1.gen_pages[0].pe_inst.u_pe_page/pe_col_inst[0].u_pe_col/pe_inst[0].u_pe_4/N3) has been disconnected.
I: Const net (pin RSTP of inst u_top_yolo/u_layer0/genblk1.gen_pages[0].pe_inst.u_pe_page/pe_col_inst[0].u_pe_col/pe_inst[0].u_pe_4/N3) has been disconnected.
I: Const net (pin CEX1 of inst u_top_yolo/u_layer0/genblk1.gen_pages[0].pe_inst.u_pe_page/pe_col_inst[0].u_pe_col/pe_inst[0].u_pe_5/N3) has been disconnected.
I: Const net (pin RSTX of inst u_top_yolo/u_layer0/genblk1.gen_pages[0].pe_inst.u_pe_page/pe_col_inst[0].u_pe_col/pe_inst[0].u_pe_5/N3) has been disconnected.
I: Const net (pin CEY1 of inst u_top_yolo/u_layer0/genblk1.gen_pages[0].pe_inst.u_pe_page/pe_col_inst[0].u_pe_col/pe_inst[0].u_pe_5/N3) has been disconnected.
I: Const net (pin RSTY of inst u_top_yolo/u_layer0/genblk1.gen_pages[0].pe_inst.u_pe_page/pe_col_inst[0].u_pe_col/pe_inst[0].u_pe_5/N3) has been disconnected.
I: Const net (pin CEP of inst u_top_yolo/u_layer0/genblk1.gen_pages[0].pe_inst.u_pe_page/pe_col_inst[0].u_pe_col/pe_inst[0].u_pe_5/N3) has been disconnected.
I: Const net (pin RSTP of inst u_top_yolo/u_layer0/genblk1.gen_pages[0].pe_inst.u_pe_page/pe_col_inst[0].u_pe_col/pe_inst[0].u_pe_5/N3) has been disconnected.
I: Const net (pin CEX1 of inst u_top_yolo/u_layer0/genblk1.gen_pages[0].pe_inst.u_pe_page/pe_col_inst[0].u_pe_col/pe_inst[0].u_pe_6/N3) has been disconnected.
I: Const net (pin RSTX of inst u_top_yolo/u_layer0/genblk1.gen_pages[0].pe_inst.u_pe_page/pe_col_inst[0].u_pe_col/pe_inst[0].u_pe_6/N3) has been disconnected.
I: Const net (pin CEY1 of inst u_top_yolo/u_layer0/genblk1.gen_pages[0].pe_inst.u_pe_page/pe_col_inst[0].u_pe_col/pe_inst[0].u_pe_6/N3) has been disconnected.
I: Const net (pin RSTY of inst u_top_yolo/u_layer0/genblk1.gen_pages[0].pe_inst.u_pe_page/pe_col_inst[0].u_pe_col/pe_inst[0].u_pe_6/N3) has been disconnected.
I: Const net (pin CEP of inst u_top_yolo/u_layer0/genblk1.gen_pages[0].pe_inst.u_pe_page/pe_col_inst[0].u_pe_col/pe_inst[0].u_pe_6/N3) has been disconnected.
I: Const net (pin RSTP of inst u_top_yolo/u_layer0/genblk1.gen_pages[0].pe_inst.u_pe_page/pe_col_inst[0].u_pe_col/pe_inst[0].u_pe_6/N3) has been disconnected.
I: Const net (pin CEX1 of inst u_top_yolo/u_layer0/genblk1.gen_pages[0].pe_inst.u_pe_page/pe_col_inst[0].u_pe_col/pe_inst[0].u_pe_7/N3) has been disconnected.
I: Const net (pin RSTX of inst u_top_yolo/u_layer0/genblk1.gen_pages[0].pe_inst.u_pe_page/pe_col_inst[0].u_pe_col/pe_inst[0].u_pe_7/N3) has been disconnected.
I: Const net (pin CEY1 of inst u_top_yolo/u_layer0/genblk1.gen_pages[0].pe_inst.u_pe_page/pe_col_inst[0].u_pe_col/pe_inst[0].u_pe_7/N3) has been disconnected.
I: Const net (pin RSTY of inst u_top_yolo/u_layer0/genblk1.gen_pages[0].pe_inst.u_pe_page/pe_col_inst[0].u_pe_col/pe_inst[0].u_pe_7/N3) has been disconnected.
I: Const net (pin CEP of inst u_top_yolo/u_layer0/genblk1.gen_pages[0].pe_inst.u_pe_page/pe_col_inst[0].u_pe_col/pe_inst[0].u_pe_7/N3) has been disconnected.
I: Const net (pin RSTP of inst u_top_yolo/u_layer0/genblk1.gen_pages[0].pe_inst.u_pe_page/pe_col_inst[0].u_pe_col/pe_inst[0].u_pe_7/N3) has been disconnected.
I: Const net (pin CEX1 of inst u_top_yolo/u_layer0/genblk1.gen_pages[0].pe_inst.u_pe_page/pe_col_inst[0].u_pe_col/pe_inst[0].u_pe_8/N3) has been disconnected.
I: Const net (pin RSTX of inst u_top_yolo/u_layer0/genblk1.gen_pages[0].pe_inst.u_pe_page/pe_col_inst[0].u_pe_col/pe_inst[0].u_pe_8/N3) has been disconnected.
I: Const net (pin CEY1 of inst u_top_yolo/u_layer0/genblk1.gen_pages[0].pe_inst.u_pe_page/pe_col_inst[0].u_pe_col/pe_inst[0].u_pe_8/N3) has been disconnected.
I: Const net (pin RSTY of inst u_top_yolo/u_layer0/genblk1.gen_pages[0].pe_inst.u_pe_page/pe_col_inst[0].u_pe_col/pe_inst[0].u_pe_8/N3) has been disconnected.
I: Const net (pin CEP of inst u_top_yolo/u_layer0/genblk1.gen_pages[0].pe_inst.u_pe_page/pe_col_inst[0].u_pe_col/pe_inst[0].u_pe_8/N3) has been disconnected.
I: Const net (pin RSTP of inst u_top_yolo/u_layer0/genblk1.gen_pages[0].pe_inst.u_pe_page/pe_col_inst[0].u_pe_col/pe_inst[0].u_pe_8/N3) has been disconnected.
I: Const net (pin CEX1 of inst u_top_yolo/u_layer0/genblk1.gen_pages[1].pe_inst.u_pe_page/pe_col_inst[0].u_pe_col/pe_inst[0].u_pe/N3) has been disconnected.
I: Const net (pin RSTX of inst u_top_yolo/u_layer0/genblk1.gen_pages[1].pe_inst.u_pe_page/pe_col_inst[0].u_pe_col/pe_inst[0].u_pe/N3) has been disconnected.
I: Const net (pin CEY1 of inst u_top_yolo/u_layer0/genblk1.gen_pages[1].pe_inst.u_pe_page/pe_col_inst[0].u_pe_col/pe_inst[0].u_pe/N3) has been disconnected.
I: Const net (pin RSTY of inst u_top_yolo/u_layer0/genblk1.gen_pages[1].pe_inst.u_pe_page/pe_col_inst[0].u_pe_col/pe_inst[0].u_pe/N3) has been disconnected.
I: Const net (pin CEP of inst u_top_yolo/u_layer0/genblk1.gen_pages[1].pe_inst.u_pe_page/pe_col_inst[0].u_pe_col/pe_inst[0].u_pe/N3) has been disconnected.
I: Const net (pin RSTP of inst u_top_yolo/u_layer0/genblk1.gen_pages[1].pe_inst.u_pe_page/pe_col_inst[0].u_pe_col/pe_inst[0].u_pe/N3) has been disconnected.
I: Const net (pin CEX1 of inst u_top_yolo/u_layer0/genblk1.gen_pages[1].pe_inst.u_pe_page/pe_col_inst[0].u_pe_col/pe_inst[0].u_pe_1/N3) has been disconnected.
I: Const net (pin RSTX of inst u_top_yolo/u_layer0/genblk1.gen_pages[1].pe_inst.u_pe_page/pe_col_inst[0].u_pe_col/pe_inst[0].u_pe_1/N3) has been disconnected.
I: Const net (pin CEY1 of inst u_top_yolo/u_layer0/genblk1.gen_pages[1].pe_inst.u_pe_page/pe_col_inst[0].u_pe_col/pe_inst[0].u_pe_1/N3) has been disconnected.
I: Const net (pin RSTY of inst u_top_yolo/u_layer0/genblk1.gen_pages[1].pe_inst.u_pe_page/pe_col_inst[0].u_pe_col/pe_inst[0].u_pe_1/N3) has been disconnected.
I: Const net (pin CEP of inst u_top_yolo/u_layer0/genblk1.gen_pages[1].pe_inst.u_pe_page/pe_col_inst[0].u_pe_col/pe_inst[0].u_pe_1/N3) has been disconnected.
I: Const net (pin RSTP of inst u_top_yolo/u_layer0/genblk1.gen_pages[1].pe_inst.u_pe_page/pe_col_inst[0].u_pe_col/pe_inst[0].u_pe_1/N3) has been disconnected.
I: Const net (pin CEX1 of inst u_top_yolo/u_layer0/genblk1.gen_pages[1].pe_inst.u_pe_page/pe_col_inst[0].u_pe_col/pe_inst[0].u_pe_2/N3) has been disconnected.
I: Const net (pin RSTX of inst u_top_yolo/u_layer0/genblk1.gen_pages[1].pe_inst.u_pe_page/pe_col_inst[0].u_pe_col/pe_inst[0].u_pe_2/N3) has been disconnected.
I: Const net (pin CEY1 of inst u_top_yolo/u_layer0/genblk1.gen_pages[1].pe_inst.u_pe_page/pe_col_inst[0].u_pe_col/pe_inst[0].u_pe_2/N3) has been disconnected.
I: Const net (pin RSTY of inst u_top_yolo/u_layer0/genblk1.gen_pages[1].pe_inst.u_pe_page/pe_col_inst[0].u_pe_col/pe_inst[0].u_pe_2/N3) has been disconnected.
I: Const net (pin CEP of inst u_top_yolo/u_layer0/genblk1.gen_pages[1].pe_inst.u_pe_page/pe_col_inst[0].u_pe_col/pe_inst[0].u_pe_2/N3) has been disconnected.
I: Const net (pin RSTP of inst u_top_yolo/u_layer0/genblk1.gen_pages[1].pe_inst.u_pe_page/pe_col_inst[0].u_pe_col/pe_inst[0].u_pe_2/N3) has been disconnected.
I: Const net (pin CEX1 of inst u_top_yolo/u_layer0/genblk1.gen_pages[1].pe_inst.u_pe_page/pe_col_inst[0].u_pe_col/pe_inst[0].u_pe_3/N3) has been disconnected.
I: Const net (pin RSTX of inst u_top_yolo/u_layer0/genblk1.gen_pages[1].pe_inst.u_pe_page/pe_col_inst[0].u_pe_col/pe_inst[0].u_pe_3/N3) has been disconnected.
I: Const net (pin CEY1 of inst u_top_yolo/u_layer0/genblk1.gen_pages[1].pe_inst.u_pe_page/pe_col_inst[0].u_pe_col/pe_inst[0].u_pe_3/N3) has been disconnected.
I: Const net (pin RSTY of inst u_top_yolo/u_layer0/genblk1.gen_pages[1].pe_inst.u_pe_page/pe_col_inst[0].u_pe_col/pe_inst[0].u_pe_3/N3) has been disconnected.
I: Const net (pin CEP of inst u_top_yolo/u_layer0/genblk1.gen_pages[1].pe_inst.u_pe_page/pe_col_inst[0].u_pe_col/pe_inst[0].u_pe_3/N3) has been disconnected.
I: Const net (pin RSTP of inst u_top_yolo/u_layer0/genblk1.gen_pages[1].pe_inst.u_pe_page/pe_col_inst[0].u_pe_col/pe_inst[0].u_pe_3/N3) has been disconnected.
I: Const net (pin CEX1 of inst u_top_yolo/u_layer0/genblk1.gen_pages[1].pe_inst.u_pe_page/pe_col_inst[0].u_pe_col/pe_inst[0].u_pe_4/N3) has been disconnected.
I: Const net (pin RSTX of inst u_top_yolo/u_layer0/genblk1.gen_pages[1].pe_inst.u_pe_page/pe_col_inst[0].u_pe_col/pe_inst[0].u_pe_4/N3) has been disconnected.
I: Const net (pin CEY1 of inst u_top_yolo/u_layer0/genblk1.gen_pages[1].pe_inst.u_pe_page/pe_col_inst[0].u_pe_col/pe_inst[0].u_pe_4/N3) has been disconnected.
I: Const net (pin RSTY of inst u_top_yolo/u_layer0/genblk1.gen_pages[1].pe_inst.u_pe_page/pe_col_inst[0].u_pe_col/pe_inst[0].u_pe_4/N3) has been disconnected.
I: Const net (pin CEP of inst u_top_yolo/u_layer0/genblk1.gen_pages[1].pe_inst.u_pe_page/pe_col_inst[0].u_pe_col/pe_inst[0].u_pe_4/N3) has been disconnected.
I: Const net (pin RSTP of inst u_top_yolo/u_layer0/genblk1.gen_pages[1].pe_inst.u_pe_page/pe_col_inst[0].u_pe_col/pe_inst[0].u_pe_4/N3) has been disconnected.
I: Const net (pin CEX1 of inst u_top_yolo/u_layer0/genblk1.gen_pages[1].pe_inst.u_pe_page/pe_col_inst[0].u_pe_col/pe_inst[0].u_pe_5/N3) has been disconnected.
I: Const net (pin RSTX of inst u_top_yolo/u_layer0/genblk1.gen_pages[1].pe_inst.u_pe_page/pe_col_inst[0].u_pe_col/pe_inst[0].u_pe_5/N3) has been disconnected.
I: Const net (pin CEY1 of inst u_top_yolo/u_layer0/genblk1.gen_pages[1].pe_inst.u_pe_page/pe_col_inst[0].u_pe_col/pe_inst[0].u_pe_5/N3) has been disconnected.
I: Const net (pin RSTY of inst u_top_yolo/u_layer0/genblk1.gen_pages[1].pe_inst.u_pe_page/pe_col_inst[0].u_pe_col/pe_inst[0].u_pe_5/N3) has been disconnected.
I: Const net (pin CEP of inst u_top_yolo/u_layer0/genblk1.gen_pages[1].pe_inst.u_pe_page/pe_col_inst[0].u_pe_col/pe_inst[0].u_pe_5/N3) has been disconnected.
I: Const net (pin RSTP of inst u_top_yolo/u_layer0/genblk1.gen_pages[1].pe_inst.u_pe_page/pe_col_inst[0].u_pe_col/pe_inst[0].u_pe_5/N3) has been disconnected.
I: Const net (pin CEX1 of inst u_top_yolo/u_layer0/genblk1.gen_pages[1].pe_inst.u_pe_page/pe_col_inst[0].u_pe_col/pe_inst[0].u_pe_6/N3) has been disconnected.
I: Const net (pin RSTX of inst u_top_yolo/u_layer0/genblk1.gen_pages[1].pe_inst.u_pe_page/pe_col_inst[0].u_pe_col/pe_inst[0].u_pe_6/N3) has been disconnected.
I: Const net (pin CEY1 of inst u_top_yolo/u_layer0/genblk1.gen_pages[1].pe_inst.u_pe_page/pe_col_inst[0].u_pe_col/pe_inst[0].u_pe_6/N3) has been disconnected.
I: Const net (pin RSTY of inst u_top_yolo/u_layer0/genblk1.gen_pages[1].pe_inst.u_pe_page/pe_col_inst[0].u_pe_col/pe_inst[0].u_pe_6/N3) has been disconnected.
I: Const net (pin CEP of inst u_top_yolo/u_layer0/genblk1.gen_pages[1].pe_inst.u_pe_page/pe_col_inst[0].u_pe_col/pe_inst[0].u_pe_6/N3) has been disconnected.
I: Const net (pin RSTP of inst u_top_yolo/u_layer0/genblk1.gen_pages[1].pe_inst.u_pe_page/pe_col_inst[0].u_pe_col/pe_inst[0].u_pe_6/N3) has been disconnected.
I: Const net (pin CEX1 of inst u_top_yolo/u_layer0/genblk1.gen_pages[1].pe_inst.u_pe_page/pe_col_inst[0].u_pe_col/pe_inst[0].u_pe_7/N3) has been disconnected.
I: Const net (pin RSTX of inst u_top_yolo/u_layer0/genblk1.gen_pages[1].pe_inst.u_pe_page/pe_col_inst[0].u_pe_col/pe_inst[0].u_pe_7/N3) has been disconnected.
I: Const net (pin CEY1 of inst u_top_yolo/u_layer0/genblk1.gen_pages[1].pe_inst.u_pe_page/pe_col_inst[0].u_pe_col/pe_inst[0].u_pe_7/N3) has been disconnected.
I: Const net (pin RSTY of inst u_top_yolo/u_layer0/genblk1.gen_pages[1].pe_inst.u_pe_page/pe_col_inst[0].u_pe_col/pe_inst[0].u_pe_7/N3) has been disconnected.
I: Const net (pin CEP of inst u_top_yolo/u_layer0/genblk1.gen_pages[1].pe_inst.u_pe_page/pe_col_inst[0].u_pe_col/pe_inst[0].u_pe_7/N3) has been disconnected.
I: Const net (pin RSTP of inst u_top_yolo/u_layer0/genblk1.gen_pages[1].pe_inst.u_pe_page/pe_col_inst[0].u_pe_col/pe_inst[0].u_pe_7/N3) has been disconnected.
I: Const net (pin CEX1 of inst u_top_yolo/u_layer0/genblk1.gen_pages[1].pe_inst.u_pe_page/pe_col_inst[0].u_pe_col/pe_inst[0].u_pe_8/N3) has been disconnected.
I: Const net (pin RSTX of inst u_top_yolo/u_layer0/genblk1.gen_pages[1].pe_inst.u_pe_page/pe_col_inst[0].u_pe_col/pe_inst[0].u_pe_8/N3) has been disconnected.
I: Const net (pin CEY1 of inst u_top_yolo/u_layer0/genblk1.gen_pages[1].pe_inst.u_pe_page/pe_col_inst[0].u_pe_col/pe_inst[0].u_pe_8/N3) has been disconnected.
I: Const net (pin RSTY of inst u_top_yolo/u_layer0/genblk1.gen_pages[1].pe_inst.u_pe_page/pe_col_inst[0].u_pe_col/pe_inst[0].u_pe_8/N3) has been disconnected.
I: Const net (pin CEP of inst u_top_yolo/u_layer0/genblk1.gen_pages[1].pe_inst.u_pe_page/pe_col_inst[0].u_pe_col/pe_inst[0].u_pe_8/N3) has been disconnected.
I: Const net (pin RSTP of inst u_top_yolo/u_layer0/genblk1.gen_pages[1].pe_inst.u_pe_page/pe_col_inst[0].u_pe_col/pe_inst[0].u_pe_8/N3) has been disconnected.
I: Const net (pin CEX1 of inst u_top_yolo/u_layer0/genblk1.gen_pages[2].pe_inst.u_pe_page/pe_col_inst[0].u_pe_col/pe_inst[0].u_pe/N3) has been disconnected.
I: Const net (pin RSTX of inst u_top_yolo/u_layer0/genblk1.gen_pages[2].pe_inst.u_pe_page/pe_col_inst[0].u_pe_col/pe_inst[0].u_pe/N3) has been disconnected.
I: Const net (pin CEY1 of inst u_top_yolo/u_layer0/genblk1.gen_pages[2].pe_inst.u_pe_page/pe_col_inst[0].u_pe_col/pe_inst[0].u_pe/N3) has been disconnected.
I: Const net (pin RSTY of inst u_top_yolo/u_layer0/genblk1.gen_pages[2].pe_inst.u_pe_page/pe_col_inst[0].u_pe_col/pe_inst[0].u_pe/N3) has been disconnected.
I: Const net (pin CEP of inst u_top_yolo/u_layer0/genblk1.gen_pages[2].pe_inst.u_pe_page/pe_col_inst[0].u_pe_col/pe_inst[0].u_pe/N3) has been disconnected.
I: Const net (pin RSTP of inst u_top_yolo/u_layer0/genblk1.gen_pages[2].pe_inst.u_pe_page/pe_col_inst[0].u_pe_col/pe_inst[0].u_pe/N3) has been disconnected.
I: Const net (pin CEX1 of inst u_top_yolo/u_layer0/genblk1.gen_pages[2].pe_inst.u_pe_page/pe_col_inst[0].u_pe_col/pe_inst[0].u_pe_1/N3) has been disconnected.
I: Const net (pin RSTX of inst u_top_yolo/u_layer0/genblk1.gen_pages[2].pe_inst.u_pe_page/pe_col_inst[0].u_pe_col/pe_inst[0].u_pe_1/N3) has been disconnected.
I: Const net (pin CEY1 of inst u_top_yolo/u_layer0/genblk1.gen_pages[2].pe_inst.u_pe_page/pe_col_inst[0].u_pe_col/pe_inst[0].u_pe_1/N3) has been disconnected.
I: Const net (pin RSTY of inst u_top_yolo/u_layer0/genblk1.gen_pages[2].pe_inst.u_pe_page/pe_col_inst[0].u_pe_col/pe_inst[0].u_pe_1/N3) has been disconnected.
I: Const net (pin CEP of inst u_top_yolo/u_layer0/genblk1.gen_pages[2].pe_inst.u_pe_page/pe_col_inst[0].u_pe_col/pe_inst[0].u_pe_1/N3) has been disconnected.
I: Const net (pin RSTP of inst u_top_yolo/u_layer0/genblk1.gen_pages[2].pe_inst.u_pe_page/pe_col_inst[0].u_pe_col/pe_inst[0].u_pe_1/N3) has been disconnected.
I: Const net (pin CEX1 of inst u_top_yolo/u_layer0/genblk1.gen_pages[2].pe_inst.u_pe_page/pe_col_inst[0].u_pe_col/pe_inst[0].u_pe_2/N3) has been disconnected.
I: Const net (pin RSTX of inst u_top_yolo/u_layer0/genblk1.gen_pages[2].pe_inst.u_pe_page/pe_col_inst[0].u_pe_col/pe_inst[0].u_pe_2/N3) has been disconnected.
I: Const net (pin CEY1 of inst u_top_yolo/u_layer0/genblk1.gen_pages[2].pe_inst.u_pe_page/pe_col_inst[0].u_pe_col/pe_inst[0].u_pe_2/N3) has been disconnected.
I: Const net (pin RSTY of inst u_top_yolo/u_layer0/genblk1.gen_pages[2].pe_inst.u_pe_page/pe_col_inst[0].u_pe_col/pe_inst[0].u_pe_2/N3) has been disconnected.
I: Const net (pin CEP of inst u_top_yolo/u_layer0/genblk1.gen_pages[2].pe_inst.u_pe_page/pe_col_inst[0].u_pe_col/pe_inst[0].u_pe_2/N3) has been disconnected.
I: Const net (pin RSTP of inst u_top_yolo/u_layer0/genblk1.gen_pages[2].pe_inst.u_pe_page/pe_col_inst[0].u_pe_col/pe_inst[0].u_pe_2/N3) has been disconnected.
I: Const net (pin CEX1 of inst u_top_yolo/u_layer0/genblk1.gen_pages[2].pe_inst.u_pe_page/pe_col_inst[0].u_pe_col/pe_inst[0].u_pe_3/N3) has been disconnected.
I: Const net (pin RSTX of inst u_top_yolo/u_layer0/genblk1.gen_pages[2].pe_inst.u_pe_page/pe_col_inst[0].u_pe_col/pe_inst[0].u_pe_3/N3) has been disconnected.
I: Const net (pin CEY1 of inst u_top_yolo/u_layer0/genblk1.gen_pages[2].pe_inst.u_pe_page/pe_col_inst[0].u_pe_col/pe_inst[0].u_pe_3/N3) has been disconnected.
I: Const net (pin RSTY of inst u_top_yolo/u_layer0/genblk1.gen_pages[2].pe_inst.u_pe_page/pe_col_inst[0].u_pe_col/pe_inst[0].u_pe_3/N3) has been disconnected.
I: Const net (pin CEP of inst u_top_yolo/u_layer0/genblk1.gen_pages[2].pe_inst.u_pe_page/pe_col_inst[0].u_pe_col/pe_inst[0].u_pe_3/N3) has been disconnected.
I: Const net (pin RSTP of inst u_top_yolo/u_layer0/genblk1.gen_pages[2].pe_inst.u_pe_page/pe_col_inst[0].u_pe_col/pe_inst[0].u_pe_3/N3) has been disconnected.
I: Const net (pin CEX1 of inst u_top_yolo/u_layer0/genblk1.gen_pages[2].pe_inst.u_pe_page/pe_col_inst[0].u_pe_col/pe_inst[0].u_pe_4/N3) has been disconnected.
I: Const net (pin RSTX of inst u_top_yolo/u_layer0/genblk1.gen_pages[2].pe_inst.u_pe_page/pe_col_inst[0].u_pe_col/pe_inst[0].u_pe_4/N3) has been disconnected.
I: Const net (pin CEY1 of inst u_top_yolo/u_layer0/genblk1.gen_pages[2].pe_inst.u_pe_page/pe_col_inst[0].u_pe_col/pe_inst[0].u_pe_4/N3) has been disconnected.
I: Const net (pin RSTY of inst u_top_yolo/u_layer0/genblk1.gen_pages[2].pe_inst.u_pe_page/pe_col_inst[0].u_pe_col/pe_inst[0].u_pe_4/N3) has been disconnected.
I: Const net (pin CEP of inst u_top_yolo/u_layer0/genblk1.gen_pages[2].pe_inst.u_pe_page/pe_col_inst[0].u_pe_col/pe_inst[0].u_pe_4/N3) has been disconnected.
I: Const net (pin RSTP of inst u_top_yolo/u_layer0/genblk1.gen_pages[2].pe_inst.u_pe_page/pe_col_inst[0].u_pe_col/pe_inst[0].u_pe_4/N3) has been disconnected.
I: Const net (pin CEX1 of inst u_top_yolo/u_layer0/genblk1.gen_pages[2].pe_inst.u_pe_page/pe_col_inst[0].u_pe_col/pe_inst[0].u_pe_5/N3) has been disconnected.
I: Const net (pin RSTX of inst u_top_yolo/u_layer0/genblk1.gen_pages[2].pe_inst.u_pe_page/pe_col_inst[0].u_pe_col/pe_inst[0].u_pe_5/N3) has been disconnected.
I: Const net (pin CEY1 of inst u_top_yolo/u_layer0/genblk1.gen_pages[2].pe_inst.u_pe_page/pe_col_inst[0].u_pe_col/pe_inst[0].u_pe_5/N3) has been disconnected.
I: Const net (pin RSTY of inst u_top_yolo/u_layer0/genblk1.gen_pages[2].pe_inst.u_pe_page/pe_col_inst[0].u_pe_col/pe_inst[0].u_pe_5/N3) has been disconnected.
I: Const net (pin CEP of inst u_top_yolo/u_layer0/genblk1.gen_pages[2].pe_inst.u_pe_page/pe_col_inst[0].u_pe_col/pe_inst[0].u_pe_5/N3) has been disconnected.
I: Const net (pin RSTP of inst u_top_yolo/u_layer0/genblk1.gen_pages[2].pe_inst.u_pe_page/pe_col_inst[0].u_pe_col/pe_inst[0].u_pe_5/N3) has been disconnected.
I: Const net (pin CEX1 of inst u_top_yolo/u_layer0/genblk1.gen_pages[2].pe_inst.u_pe_page/pe_col_inst[0].u_pe_col/pe_inst[0].u_pe_6/N3) has been disconnected.
I: Const net (pin RSTX of inst u_top_yolo/u_layer0/genblk1.gen_pages[2].pe_inst.u_pe_page/pe_col_inst[0].u_pe_col/pe_inst[0].u_pe_6/N3) has been disconnected.
I: Const net (pin CEY1 of inst u_top_yolo/u_layer0/genblk1.gen_pages[2].pe_inst.u_pe_page/pe_col_inst[0].u_pe_col/pe_inst[0].u_pe_6/N3) has been disconnected.
I: Const net (pin RSTY of inst u_top_yolo/u_layer0/genblk1.gen_pages[2].pe_inst.u_pe_page/pe_col_inst[0].u_pe_col/pe_inst[0].u_pe_6/N3) has been disconnected.
I: Const net (pin CEP of inst u_top_yolo/u_layer0/genblk1.gen_pages[2].pe_inst.u_pe_page/pe_col_inst[0].u_pe_col/pe_inst[0].u_pe_6/N3) has been disconnected.
I: Const net (pin RSTP of inst u_top_yolo/u_layer0/genblk1.gen_pages[2].pe_inst.u_pe_page/pe_col_inst[0].u_pe_col/pe_inst[0].u_pe_6/N3) has been disconnected.
I: Const net (pin CEX1 of inst u_top_yolo/u_layer0/genblk1.gen_pages[2].pe_inst.u_pe_page/pe_col_inst[0].u_pe_col/pe_inst[0].u_pe_7/N3) has been disconnected.
I: Const net (pin RSTX of inst u_top_yolo/u_layer0/genblk1.gen_pages[2].pe_inst.u_pe_page/pe_col_inst[0].u_pe_col/pe_inst[0].u_pe_7/N3) has been disconnected.
I: Const net (pin CEY1 of inst u_top_yolo/u_layer0/genblk1.gen_pages[2].pe_inst.u_pe_page/pe_col_inst[0].u_pe_col/pe_inst[0].u_pe_7/N3) has been disconnected.
I: Const net (pin RSTY of inst u_top_yolo/u_layer0/genblk1.gen_pages[2].pe_inst.u_pe_page/pe_col_inst[0].u_pe_col/pe_inst[0].u_pe_7/N3) has been disconnected.
I: Const net (pin CEP of inst u_top_yolo/u_layer0/genblk1.gen_pages[2].pe_inst.u_pe_page/pe_col_inst[0].u_pe_col/pe_inst[0].u_pe_7/N3) has been disconnected.
I: Const net (pin RSTP of inst u_top_yolo/u_layer0/genblk1.gen_pages[2].pe_inst.u_pe_page/pe_col_inst[0].u_pe_col/pe_inst[0].u_pe_7/N3) has been disconnected.
I: Const net (pin CEX1 of inst u_top_yolo/u_layer0/genblk1.gen_pages[2].pe_inst.u_pe_page/pe_col_inst[0].u_pe_col/pe_inst[0].u_pe_8/N3) has been disconnected.
I: Const net (pin RSTX of inst u_top_yolo/u_layer0/genblk1.gen_pages[2].pe_inst.u_pe_page/pe_col_inst[0].u_pe_col/pe_inst[0].u_pe_8/N3) has been disconnected.
I: Const net (pin CEY1 of inst u_top_yolo/u_layer0/genblk1.gen_pages[2].pe_inst.u_pe_page/pe_col_inst[0].u_pe_col/pe_inst[0].u_pe_8/N3) has been disconnected.
I: Const net (pin RSTY of inst u_top_yolo/u_layer0/genblk1.gen_pages[2].pe_inst.u_pe_page/pe_col_inst[0].u_pe_col/pe_inst[0].u_pe_8/N3) has been disconnected.
I: Const net (pin CEP of inst u_top_yolo/u_layer0/genblk1.gen_pages[2].pe_inst.u_pe_page/pe_col_inst[0].u_pe_col/pe_inst[0].u_pe_8/N3) has been disconnected.
I: Const net (pin RSTP of inst u_top_yolo/u_layer0/genblk1.gen_pages[2].pe_inst.u_pe_page/pe_col_inst[0].u_pe_col/pe_inst[0].u_pe_8/N3) has been disconnected.
I: Const net (pin CEX1 of inst u_top_yolo/u_layer1/genblk1.gen_pages[0].pe_inst.u_pe_page/pe_col_inst[0].u_pe_col/pe_inst[0].u_pe/N3) has been disconnected.
I: Const net (pin RSTX of inst u_top_yolo/u_layer1/genblk1.gen_pages[0].pe_inst.u_pe_page/pe_col_inst[0].u_pe_col/pe_inst[0].u_pe/N3) has been disconnected.
I: Const net (pin CEY1 of inst u_top_yolo/u_layer1/genblk1.gen_pages[0].pe_inst.u_pe_page/pe_col_inst[0].u_pe_col/pe_inst[0].u_pe/N3) has been disconnected.
I: Const net (pin RSTY of inst u_top_yolo/u_layer1/genblk1.gen_pages[0].pe_inst.u_pe_page/pe_col_inst[0].u_pe_col/pe_inst[0].u_pe/N3) has been disconnected.
I: Const net (pin CEP of inst u_top_yolo/u_layer1/genblk1.gen_pages[0].pe_inst.u_pe_page/pe_col_inst[0].u_pe_col/pe_inst[0].u_pe/N3) has been disconnected.
I: Const net (pin RSTP of inst u_top_yolo/u_layer1/genblk1.gen_pages[0].pe_inst.u_pe_page/pe_col_inst[0].u_pe_col/pe_inst[0].u_pe/N3) has been disconnected.
I: Const net (pin CEX1 of inst u_top_yolo/u_layer1/genblk1.gen_pages[0].pe_inst.u_pe_page/pe_col_inst[0].u_pe_col/pe_inst[0].u_pe_1/N3) has been disconnected.
I: Const net (pin RSTX of inst u_top_yolo/u_layer1/genblk1.gen_pages[0].pe_inst.u_pe_page/pe_col_inst[0].u_pe_col/pe_inst[0].u_pe_1/N3) has been disconnected.
I: Const net (pin CEY1 of inst u_top_yolo/u_layer1/genblk1.gen_pages[0].pe_inst.u_pe_page/pe_col_inst[0].u_pe_col/pe_inst[0].u_pe_1/N3) has been disconnected.
I: Const net (pin RSTY of inst u_top_yolo/u_layer1/genblk1.gen_pages[0].pe_inst.u_pe_page/pe_col_inst[0].u_pe_col/pe_inst[0].u_pe_1/N3) has been disconnected.
I: Const net (pin CEP of inst u_top_yolo/u_layer1/genblk1.gen_pages[0].pe_inst.u_pe_page/pe_col_inst[0].u_pe_col/pe_inst[0].u_pe_1/N3) has been disconnected.
I: Const net (pin RSTP of inst u_top_yolo/u_layer1/genblk1.gen_pages[0].pe_inst.u_pe_page/pe_col_inst[0].u_pe_col/pe_inst[0].u_pe_1/N3) has been disconnected.
I: Const net (pin CEX1 of inst u_top_yolo/u_layer1/genblk1.gen_pages[0].pe_inst.u_pe_page/pe_col_inst[0].u_pe_col/pe_inst[0].u_pe_2/N3) has been disconnected.
I: Const net (pin RSTX of inst u_top_yolo/u_layer1/genblk1.gen_pages[0].pe_inst.u_pe_page/pe_col_inst[0].u_pe_col/pe_inst[0].u_pe_2/N3) has been disconnected.
I: Const net (pin CEY1 of inst u_top_yolo/u_layer1/genblk1.gen_pages[0].pe_inst.u_pe_page/pe_col_inst[0].u_pe_col/pe_inst[0].u_pe_2/N3) has been disconnected.
I: Const net (pin RSTY of inst u_top_yolo/u_layer1/genblk1.gen_pages[0].pe_inst.u_pe_page/pe_col_inst[0].u_pe_col/pe_inst[0].u_pe_2/N3) has been disconnected.
I: Const net (pin CEP of inst u_top_yolo/u_layer1/genblk1.gen_pages[0].pe_inst.u_pe_page/pe_col_inst[0].u_pe_col/pe_inst[0].u_pe_2/N3) has been disconnected.
I: Const net (pin RSTP of inst u_top_yolo/u_layer1/genblk1.gen_pages[0].pe_inst.u_pe_page/pe_col_inst[0].u_pe_col/pe_inst[0].u_pe_2/N3) has been disconnected.
I: Const net (pin CEX1 of inst u_top_yolo/u_layer1/genblk1.gen_pages[0].pe_inst.u_pe_page/pe_col_inst[0].u_pe_col/pe_inst[0].u_pe_3/N3) has been disconnected.
I: Const net (pin RSTX of inst u_top_yolo/u_layer1/genblk1.gen_pages[0].pe_inst.u_pe_page/pe_col_inst[0].u_pe_col/pe_inst[0].u_pe_3/N3) has been disconnected.
I: Const net (pin CEY1 of inst u_top_yolo/u_layer1/genblk1.gen_pages[0].pe_inst.u_pe_page/pe_col_inst[0].u_pe_col/pe_inst[0].u_pe_3/N3) has been disconnected.
I: Const net (pin RSTY of inst u_top_yolo/u_layer1/genblk1.gen_pages[0].pe_inst.u_pe_page/pe_col_inst[0].u_pe_col/pe_inst[0].u_pe_3/N3) has been disconnected.
I: Const net (pin CEP of inst u_top_yolo/u_layer1/genblk1.gen_pages[0].pe_inst.u_pe_page/pe_col_inst[0].u_pe_col/pe_inst[0].u_pe_3/N3) has been disconnected.
I: Const net (pin RSTP of inst u_top_yolo/u_layer1/genblk1.gen_pages[0].pe_inst.u_pe_page/pe_col_inst[0].u_pe_col/pe_inst[0].u_pe_3/N3) has been disconnected.
I: Const net (pin CEX1 of inst u_top_yolo/u_layer1/genblk1.gen_pages[0].pe_inst.u_pe_page/pe_col_inst[0].u_pe_col/pe_inst[0].u_pe_4/N3) has been disconnected.
I: Const net (pin RSTX of inst u_top_yolo/u_layer1/genblk1.gen_pages[0].pe_inst.u_pe_page/pe_col_inst[0].u_pe_col/pe_inst[0].u_pe_4/N3) has been disconnected.
I: Const net (pin CEY1 of inst u_top_yolo/u_layer1/genblk1.gen_pages[0].pe_inst.u_pe_page/pe_col_inst[0].u_pe_col/pe_inst[0].u_pe_4/N3) has been disconnected.
I: Const net (pin RSTY of inst u_top_yolo/u_layer1/genblk1.gen_pages[0].pe_inst.u_pe_page/pe_col_inst[0].u_pe_col/pe_inst[0].u_pe_4/N3) has been disconnected.
I: Const net (pin CEP of inst u_top_yolo/u_layer1/genblk1.gen_pages[0].pe_inst.u_pe_page/pe_col_inst[0].u_pe_col/pe_inst[0].u_pe_4/N3) has been disconnected.
I: Const net (pin RSTP of inst u_top_yolo/u_layer1/genblk1.gen_pages[0].pe_inst.u_pe_page/pe_col_inst[0].u_pe_col/pe_inst[0].u_pe_4/N3) has been disconnected.
I: Const net (pin CEX1 of inst u_top_yolo/u_layer1/genblk1.gen_pages[0].pe_inst.u_pe_page/pe_col_inst[0].u_pe_col/pe_inst[0].u_pe_5/N3) has been disconnected.
I: Const net (pin RSTX of inst u_top_yolo/u_layer1/genblk1.gen_pages[0].pe_inst.u_pe_page/pe_col_inst[0].u_pe_col/pe_inst[0].u_pe_5/N3) has been disconnected.
I: Const net (pin CEY1 of inst u_top_yolo/u_layer1/genblk1.gen_pages[0].pe_inst.u_pe_page/pe_col_inst[0].u_pe_col/pe_inst[0].u_pe_5/N3) has been disconnected.
I: Const net (pin RSTY of inst u_top_yolo/u_layer1/genblk1.gen_pages[0].pe_inst.u_pe_page/pe_col_inst[0].u_pe_col/pe_inst[0].u_pe_5/N3) has been disconnected.
I: Const net (pin CEP of inst u_top_yolo/u_layer1/genblk1.gen_pages[0].pe_inst.u_pe_page/pe_col_inst[0].u_pe_col/pe_inst[0].u_pe_5/N3) has been disconnected.
I: Const net (pin RSTP of inst u_top_yolo/u_layer1/genblk1.gen_pages[0].pe_inst.u_pe_page/pe_col_inst[0].u_pe_col/pe_inst[0].u_pe_5/N3) has been disconnected.
I: Const net (pin CEX1 of inst u_top_yolo/u_layer1/genblk1.gen_pages[0].pe_inst.u_pe_page/pe_col_inst[0].u_pe_col/pe_inst[0].u_pe_6/N3) has been disconnected.
I: Const net (pin RSTX of inst u_top_yolo/u_layer1/genblk1.gen_pages[0].pe_inst.u_pe_page/pe_col_inst[0].u_pe_col/pe_inst[0].u_pe_6/N3) has been disconnected.
I: Const net (pin CEY1 of inst u_top_yolo/u_layer1/genblk1.gen_pages[0].pe_inst.u_pe_page/pe_col_inst[0].u_pe_col/pe_inst[0].u_pe_6/N3) has been disconnected.
I: Const net (pin RSTY of inst u_top_yolo/u_layer1/genblk1.gen_pages[0].pe_inst.u_pe_page/pe_col_inst[0].u_pe_col/pe_inst[0].u_pe_6/N3) has been disconnected.
I: Const net (pin CEP of inst u_top_yolo/u_layer1/genblk1.gen_pages[0].pe_inst.u_pe_page/pe_col_inst[0].u_pe_col/pe_inst[0].u_pe_6/N3) has been disconnected.
I: Const net (pin RSTP of inst u_top_yolo/u_layer1/genblk1.gen_pages[0].pe_inst.u_pe_page/pe_col_inst[0].u_pe_col/pe_inst[0].u_pe_6/N3) has been disconnected.
I: Const net (pin CEX1 of inst u_top_yolo/u_layer1/genblk1.gen_pages[0].pe_inst.u_pe_page/pe_col_inst[0].u_pe_col/pe_inst[0].u_pe_7/N3) has been disconnected.
I: Const net (pin RSTX of inst u_top_yolo/u_layer1/genblk1.gen_pages[0].pe_inst.u_pe_page/pe_col_inst[0].u_pe_col/pe_inst[0].u_pe_7/N3) has been disconnected.
I: Const net (pin CEY1 of inst u_top_yolo/u_layer1/genblk1.gen_pages[0].pe_inst.u_pe_page/pe_col_inst[0].u_pe_col/pe_inst[0].u_pe_7/N3) has been disconnected.
I: Const net (pin RSTY of inst u_top_yolo/u_layer1/genblk1.gen_pages[0].pe_inst.u_pe_page/pe_col_inst[0].u_pe_col/pe_inst[0].u_pe_7/N3) has been disconnected.
I: Const net (pin CEP of inst u_top_yolo/u_layer1/genblk1.gen_pages[0].pe_inst.u_pe_page/pe_col_inst[0].u_pe_col/pe_inst[0].u_pe_7/N3) has been disconnected.
I: Const net (pin RSTP of inst u_top_yolo/u_layer1/genblk1.gen_pages[0].pe_inst.u_pe_page/pe_col_inst[0].u_pe_col/pe_inst[0].u_pe_7/N3) has been disconnected.
I: Const net (pin CEX1 of inst u_top_yolo/u_layer1/genblk1.gen_pages[0].pe_inst.u_pe_page/pe_col_inst[0].u_pe_col/pe_inst[0].u_pe_8/N3) has been disconnected.
I: Const net (pin RSTX of inst u_top_yolo/u_layer1/genblk1.gen_pages[0].pe_inst.u_pe_page/pe_col_inst[0].u_pe_col/pe_inst[0].u_pe_8/N3) has been disconnected.
I: Const net (pin CEY1 of inst u_top_yolo/u_layer1/genblk1.gen_pages[0].pe_inst.u_pe_page/pe_col_inst[0].u_pe_col/pe_inst[0].u_pe_8/N3) has been disconnected.
I: Const net (pin RSTY of inst u_top_yolo/u_layer1/genblk1.gen_pages[0].pe_inst.u_pe_page/pe_col_inst[0].u_pe_col/pe_inst[0].u_pe_8/N3) has been disconnected.
I: Const net (pin CEP of inst u_top_yolo/u_layer1/genblk1.gen_pages[0].pe_inst.u_pe_page/pe_col_inst[0].u_pe_col/pe_inst[0].u_pe_8/N3) has been disconnected.
I: Const net (pin RSTP of inst u_top_yolo/u_layer1/genblk1.gen_pages[0].pe_inst.u_pe_page/pe_col_inst[0].u_pe_col/pe_inst[0].u_pe_8/N3) has been disconnected.
I: Const net (pin CEX1 of inst u_top_yolo/u_layer1/genblk1.gen_pages[0].pe_inst.u_pe_page/pe_col_inst[1].u_pe_col/pe_inst[0].u_pe/N3) has been disconnected.
I: Const net (pin RSTX of inst u_top_yolo/u_layer1/genblk1.gen_pages[0].pe_inst.u_pe_page/pe_col_inst[1].u_pe_col/pe_inst[0].u_pe/N3) has been disconnected.
I: Const net (pin CEY1 of inst u_top_yolo/u_layer1/genblk1.gen_pages[0].pe_inst.u_pe_page/pe_col_inst[1].u_pe_col/pe_inst[0].u_pe/N3) has been disconnected.
I: Const net (pin RSTY of inst u_top_yolo/u_layer1/genblk1.gen_pages[0].pe_inst.u_pe_page/pe_col_inst[1].u_pe_col/pe_inst[0].u_pe/N3) has been disconnected.
I: Const net (pin CEP of inst u_top_yolo/u_layer1/genblk1.gen_pages[0].pe_inst.u_pe_page/pe_col_inst[1].u_pe_col/pe_inst[0].u_pe/N3) has been disconnected.
I: Const net (pin RSTP of inst u_top_yolo/u_layer1/genblk1.gen_pages[0].pe_inst.u_pe_page/pe_col_inst[1].u_pe_col/pe_inst[0].u_pe/N3) has been disconnected.
I: Const net (pin CEX1 of inst u_top_yolo/u_layer1/genblk1.gen_pages[0].pe_inst.u_pe_page/pe_col_inst[1].u_pe_col/pe_inst[0].u_pe_1/N3) has been disconnected.
I: Const net (pin RSTX of inst u_top_yolo/u_layer1/genblk1.gen_pages[0].pe_inst.u_pe_page/pe_col_inst[1].u_pe_col/pe_inst[0].u_pe_1/N3) has been disconnected.
I: Const net (pin CEY1 of inst u_top_yolo/u_layer1/genblk1.gen_pages[0].pe_inst.u_pe_page/pe_col_inst[1].u_pe_col/pe_inst[0].u_pe_1/N3) has been disconnected.
I: Const net (pin RSTY of inst u_top_yolo/u_layer1/genblk1.gen_pages[0].pe_inst.u_pe_page/pe_col_inst[1].u_pe_col/pe_inst[0].u_pe_1/N3) has been disconnected.
I: Const net (pin CEP of inst u_top_yolo/u_layer1/genblk1.gen_pages[0].pe_inst.u_pe_page/pe_col_inst[1].u_pe_col/pe_inst[0].u_pe_1/N3) has been disconnected.
I: Const net (pin RSTP of inst u_top_yolo/u_layer1/genblk1.gen_pages[0].pe_inst.u_pe_page/pe_col_inst[1].u_pe_col/pe_inst[0].u_pe_1/N3) has been disconnected.
I: Const net (pin CEX1 of inst u_top_yolo/u_layer1/genblk1.gen_pages[0].pe_inst.u_pe_page/pe_col_inst[1].u_pe_col/pe_inst[0].u_pe_2/N3) has been disconnected.
I: Const net (pin RSTX of inst u_top_yolo/u_layer1/genblk1.gen_pages[0].pe_inst.u_pe_page/pe_col_inst[1].u_pe_col/pe_inst[0].u_pe_2/N3) has been disconnected.
I: Const net (pin CEY1 of inst u_top_yolo/u_layer1/genblk1.gen_pages[0].pe_inst.u_pe_page/pe_col_inst[1].u_pe_col/pe_inst[0].u_pe_2/N3) has been disconnected.
I: Const net (pin RSTY of inst u_top_yolo/u_layer1/genblk1.gen_pages[0].pe_inst.u_pe_page/pe_col_inst[1].u_pe_col/pe_inst[0].u_pe_2/N3) has been disconnected.
I: Const net (pin CEP of inst u_top_yolo/u_layer1/genblk1.gen_pages[0].pe_inst.u_pe_page/pe_col_inst[1].u_pe_col/pe_inst[0].u_pe_2/N3) has been disconnected.
I: Const net (pin RSTP of inst u_top_yolo/u_layer1/genblk1.gen_pages[0].pe_inst.u_pe_page/pe_col_inst[1].u_pe_col/pe_inst[0].u_pe_2/N3) has been disconnected.
I: Const net (pin CEX1 of inst u_top_yolo/u_layer1/genblk1.gen_pages[0].pe_inst.u_pe_page/pe_col_inst[1].u_pe_col/pe_inst[0].u_pe_3/N3) has been disconnected.
I: Const net (pin RSTX of inst u_top_yolo/u_layer1/genblk1.gen_pages[0].pe_inst.u_pe_page/pe_col_inst[1].u_pe_col/pe_inst[0].u_pe_3/N3) has been disconnected.
I: Const net (pin CEY1 of inst u_top_yolo/u_layer1/genblk1.gen_pages[0].pe_inst.u_pe_page/pe_col_inst[1].u_pe_col/pe_inst[0].u_pe_3/N3) has been disconnected.
I: Const net (pin RSTY of inst u_top_yolo/u_layer1/genblk1.gen_pages[0].pe_inst.u_pe_page/pe_col_inst[1].u_pe_col/pe_inst[0].u_pe_3/N3) has been disconnected.
I: Const net (pin CEP of inst u_top_yolo/u_layer1/genblk1.gen_pages[0].pe_inst.u_pe_page/pe_col_inst[1].u_pe_col/pe_inst[0].u_pe_3/N3) has been disconnected.
I: Const net (pin RSTP of inst u_top_yolo/u_layer1/genblk1.gen_pages[0].pe_inst.u_pe_page/pe_col_inst[1].u_pe_col/pe_inst[0].u_pe_3/N3) has been disconnected.
I: Const net (pin CEX1 of inst u_top_yolo/u_layer1/genblk1.gen_pages[0].pe_inst.u_pe_page/pe_col_inst[1].u_pe_col/pe_inst[0].u_pe_4/N3) has been disconnected.
I: Const net (pin RSTX of inst u_top_yolo/u_layer1/genblk1.gen_pages[0].pe_inst.u_pe_page/pe_col_inst[1].u_pe_col/pe_inst[0].u_pe_4/N3) has been disconnected.
I: Const net (pin CEY1 of inst u_top_yolo/u_layer1/genblk1.gen_pages[0].pe_inst.u_pe_page/pe_col_inst[1].u_pe_col/pe_inst[0].u_pe_4/N3) has been disconnected.
I: Const net (pin RSTY of inst u_top_yolo/u_layer1/genblk1.gen_pages[0].pe_inst.u_pe_page/pe_col_inst[1].u_pe_col/pe_inst[0].u_pe_4/N3) has been disconnected.
I: Const net (pin CEP of inst u_top_yolo/u_layer1/genblk1.gen_pages[0].pe_inst.u_pe_page/pe_col_inst[1].u_pe_col/pe_inst[0].u_pe_4/N3) has been disconnected.
I: Const net (pin RSTP of inst u_top_yolo/u_layer1/genblk1.gen_pages[0].pe_inst.u_pe_page/pe_col_inst[1].u_pe_col/pe_inst[0].u_pe_4/N3) has been disconnected.
I: Const net (pin CEX1 of inst u_top_yolo/u_layer1/genblk1.gen_pages[0].pe_inst.u_pe_page/pe_col_inst[1].u_pe_col/pe_inst[0].u_pe_5/N3) has been disconnected.
I: Const net (pin RSTX of inst u_top_yolo/u_layer1/genblk1.gen_pages[0].pe_inst.u_pe_page/pe_col_inst[1].u_pe_col/pe_inst[0].u_pe_5/N3) has been disconnected.
I: Const net (pin CEY1 of inst u_top_yolo/u_layer1/genblk1.gen_pages[0].pe_inst.u_pe_page/pe_col_inst[1].u_pe_col/pe_inst[0].u_pe_5/N3) has been disconnected.
I: Const net (pin RSTY of inst u_top_yolo/u_layer1/genblk1.gen_pages[0].pe_inst.u_pe_page/pe_col_inst[1].u_pe_col/pe_inst[0].u_pe_5/N3) has been disconnected.
I: Const net (pin CEP of inst u_top_yolo/u_layer1/genblk1.gen_pages[0].pe_inst.u_pe_page/pe_col_inst[1].u_pe_col/pe_inst[0].u_pe_5/N3) has been disconnected.
I: Const net (pin RSTP of inst u_top_yolo/u_layer1/genblk1.gen_pages[0].pe_inst.u_pe_page/pe_col_inst[1].u_pe_col/pe_inst[0].u_pe_5/N3) has been disconnected.
I: Const net (pin CEX1 of inst u_top_yolo/u_layer1/genblk1.gen_pages[0].pe_inst.u_pe_page/pe_col_inst[1].u_pe_col/pe_inst[0].u_pe_6/N3) has been disconnected.
I: Const net (pin RSTX of inst u_top_yolo/u_layer1/genblk1.gen_pages[0].pe_inst.u_pe_page/pe_col_inst[1].u_pe_col/pe_inst[0].u_pe_6/N3) has been disconnected.
I: Const net (pin CEY1 of inst u_top_yolo/u_layer1/genblk1.gen_pages[0].pe_inst.u_pe_page/pe_col_inst[1].u_pe_col/pe_inst[0].u_pe_6/N3) has been disconnected.
I: Const net (pin RSTY of inst u_top_yolo/u_layer1/genblk1.gen_pages[0].pe_inst.u_pe_page/pe_col_inst[1].u_pe_col/pe_inst[0].u_pe_6/N3) has been disconnected.
I: Const net (pin CEP of inst u_top_yolo/u_layer1/genblk1.gen_pages[0].pe_inst.u_pe_page/pe_col_inst[1].u_pe_col/pe_inst[0].u_pe_6/N3) has been disconnected.
I: Const net (pin RSTP of inst u_top_yolo/u_layer1/genblk1.gen_pages[0].pe_inst.u_pe_page/pe_col_inst[1].u_pe_col/pe_inst[0].u_pe_6/N3) has been disconnected.
I: Const net (pin CEX1 of inst u_top_yolo/u_layer1/genblk1.gen_pages[0].pe_inst.u_pe_page/pe_col_inst[1].u_pe_col/pe_inst[0].u_pe_7/N3) has been disconnected.
I: Const net (pin RSTX of inst u_top_yolo/u_layer1/genblk1.gen_pages[0].pe_inst.u_pe_page/pe_col_inst[1].u_pe_col/pe_inst[0].u_pe_7/N3) has been disconnected.
I: Const net (pin CEY1 of inst u_top_yolo/u_layer1/genblk1.gen_pages[0].pe_inst.u_pe_page/pe_col_inst[1].u_pe_col/pe_inst[0].u_pe_7/N3) has been disconnected.
I: Const net (pin RSTY of inst u_top_yolo/u_layer1/genblk1.gen_pages[0].pe_inst.u_pe_page/pe_col_inst[1].u_pe_col/pe_inst[0].u_pe_7/N3) has been disconnected.
I: Const net (pin CEP of inst u_top_yolo/u_layer1/genblk1.gen_pages[0].pe_inst.u_pe_page/pe_col_inst[1].u_pe_col/pe_inst[0].u_pe_7/N3) has been disconnected.
I: Const net (pin RSTP of inst u_top_yolo/u_layer1/genblk1.gen_pages[0].pe_inst.u_pe_page/pe_col_inst[1].u_pe_col/pe_inst[0].u_pe_7/N3) has been disconnected.
I: Const net (pin CEX1 of inst u_top_yolo/u_layer1/genblk1.gen_pages[0].pe_inst.u_pe_page/pe_col_inst[1].u_pe_col/pe_inst[0].u_pe_8/N3) has been disconnected.
I: Const net (pin RSTX of inst u_top_yolo/u_layer1/genblk1.gen_pages[0].pe_inst.u_pe_page/pe_col_inst[1].u_pe_col/pe_inst[0].u_pe_8/N3) has been disconnected.
I: Const net (pin CEY1 of inst u_top_yolo/u_layer1/genblk1.gen_pages[0].pe_inst.u_pe_page/pe_col_inst[1].u_pe_col/pe_inst[0].u_pe_8/N3) has been disconnected.
I: Const net (pin RSTY of inst u_top_yolo/u_layer1/genblk1.gen_pages[0].pe_inst.u_pe_page/pe_col_inst[1].u_pe_col/pe_inst[0].u_pe_8/N3) has been disconnected.
I: Const net (pin CEP of inst u_top_yolo/u_layer1/genblk1.gen_pages[0].pe_inst.u_pe_page/pe_col_inst[1].u_pe_col/pe_inst[0].u_pe_8/N3) has been disconnected.
I: Const net (pin RSTP of inst u_top_yolo/u_layer1/genblk1.gen_pages[0].pe_inst.u_pe_page/pe_col_inst[1].u_pe_col/pe_inst[0].u_pe_8/N3) has been disconnected.
I: Const net (pin CEX1 of inst u_top_yolo/u_layer1/genblk1.gen_pages[0].pe_inst.u_pe_page/pe_col_inst[2].u_pe_col/pe_inst[0].u_pe/N3) has been disconnected.
I: Const net (pin RSTX of inst u_top_yolo/u_layer1/genblk1.gen_pages[0].pe_inst.u_pe_page/pe_col_inst[2].u_pe_col/pe_inst[0].u_pe/N3) has been disconnected.
I: Const net (pin CEY1 of inst u_top_yolo/u_layer1/genblk1.gen_pages[0].pe_inst.u_pe_page/pe_col_inst[2].u_pe_col/pe_inst[0].u_pe/N3) has been disconnected.
I: Const net (pin RSTY of inst u_top_yolo/u_layer1/genblk1.gen_pages[0].pe_inst.u_pe_page/pe_col_inst[2].u_pe_col/pe_inst[0].u_pe/N3) has been disconnected.
I: Const net (pin CEP of inst u_top_yolo/u_layer1/genblk1.gen_pages[0].pe_inst.u_pe_page/pe_col_inst[2].u_pe_col/pe_inst[0].u_pe/N3) has been disconnected.
I: Const net (pin RSTP of inst u_top_yolo/u_layer1/genblk1.gen_pages[0].pe_inst.u_pe_page/pe_col_inst[2].u_pe_col/pe_inst[0].u_pe/N3) has been disconnected.
I: Const net (pin CEX1 of inst u_top_yolo/u_layer1/genblk1.gen_pages[0].pe_inst.u_pe_page/pe_col_inst[2].u_pe_col/pe_inst[0].u_pe_1/N3) has been disconnected.
I: Const net (pin RSTX of inst u_top_yolo/u_layer1/genblk1.gen_pages[0].pe_inst.u_pe_page/pe_col_inst[2].u_pe_col/pe_inst[0].u_pe_1/N3) has been disconnected.
I: Const net (pin CEY1 of inst u_top_yolo/u_layer1/genblk1.gen_pages[0].pe_inst.u_pe_page/pe_col_inst[2].u_pe_col/pe_inst[0].u_pe_1/N3) has been disconnected.
I: Const net (pin RSTY of inst u_top_yolo/u_layer1/genblk1.gen_pages[0].pe_inst.u_pe_page/pe_col_inst[2].u_pe_col/pe_inst[0].u_pe_1/N3) has been disconnected.
I: Const net (pin CEP of inst u_top_yolo/u_layer1/genblk1.gen_pages[0].pe_inst.u_pe_page/pe_col_inst[2].u_pe_col/pe_inst[0].u_pe_1/N3) has been disconnected.
I: Const net (pin RSTP of inst u_top_yolo/u_layer1/genblk1.gen_pages[0].pe_inst.u_pe_page/pe_col_inst[2].u_pe_col/pe_inst[0].u_pe_1/N3) has been disconnected.
I: Const net (pin CEX1 of inst u_top_yolo/u_layer1/genblk1.gen_pages[0].pe_inst.u_pe_page/pe_col_inst[2].u_pe_col/pe_inst[0].u_pe_2/N3) has been disconnected.
I: Const net (pin RSTX of inst u_top_yolo/u_layer1/genblk1.gen_pages[0].pe_inst.u_pe_page/pe_col_inst[2].u_pe_col/pe_inst[0].u_pe_2/N3) has been disconnected.
I: Const net (pin CEY1 of inst u_top_yolo/u_layer1/genblk1.gen_pages[0].pe_inst.u_pe_page/pe_col_inst[2].u_pe_col/pe_inst[0].u_pe_2/N3) has been disconnected.
I: Const net (pin RSTY of inst u_top_yolo/u_layer1/genblk1.gen_pages[0].pe_inst.u_pe_page/pe_col_inst[2].u_pe_col/pe_inst[0].u_pe_2/N3) has been disconnected.
I: Const net (pin CEP of inst u_top_yolo/u_layer1/genblk1.gen_pages[0].pe_inst.u_pe_page/pe_col_inst[2].u_pe_col/pe_inst[0].u_pe_2/N3) has been disconnected.
I: Const net (pin RSTP of inst u_top_yolo/u_layer1/genblk1.gen_pages[0].pe_inst.u_pe_page/pe_col_inst[2].u_pe_col/pe_inst[0].u_pe_2/N3) has been disconnected.
I: Const net (pin CEX1 of inst u_top_yolo/u_layer1/genblk1.gen_pages[0].pe_inst.u_pe_page/pe_col_inst[2].u_pe_col/pe_inst[0].u_pe_3/N3) has been disconnected.
I: Const net (pin RSTX of inst u_top_yolo/u_layer1/genblk1.gen_pages[0].pe_inst.u_pe_page/pe_col_inst[2].u_pe_col/pe_inst[0].u_pe_3/N3) has been disconnected.
I: Const net (pin CEY1 of inst u_top_yolo/u_layer1/genblk1.gen_pages[0].pe_inst.u_pe_page/pe_col_inst[2].u_pe_col/pe_inst[0].u_pe_3/N3) has been disconnected.
I: Const net (pin RSTY of inst u_top_yolo/u_layer1/genblk1.gen_pages[0].pe_inst.u_pe_page/pe_col_inst[2].u_pe_col/pe_inst[0].u_pe_3/N3) has been disconnected.
I: Const net (pin CEP of inst u_top_yolo/u_layer1/genblk1.gen_pages[0].pe_inst.u_pe_page/pe_col_inst[2].u_pe_col/pe_inst[0].u_pe_3/N3) has been disconnected.
I: Const net (pin RSTP of inst u_top_yolo/u_layer1/genblk1.gen_pages[0].pe_inst.u_pe_page/pe_col_inst[2].u_pe_col/pe_inst[0].u_pe_3/N3) has been disconnected.
I: Const net (pin CEX1 of inst u_top_yolo/u_layer1/genblk1.gen_pages[0].pe_inst.u_pe_page/pe_col_inst[2].u_pe_col/pe_inst[0].u_pe_4/N3) has been disconnected.
I: Const net (pin RSTX of inst u_top_yolo/u_layer1/genblk1.gen_pages[0].pe_inst.u_pe_page/pe_col_inst[2].u_pe_col/pe_inst[0].u_pe_4/N3) has been disconnected.
I: Const net (pin CEY1 of inst u_top_yolo/u_layer1/genblk1.gen_pages[0].pe_inst.u_pe_page/pe_col_inst[2].u_pe_col/pe_inst[0].u_pe_4/N3) has been disconnected.
I: Const net (pin RSTY of inst u_top_yolo/u_layer1/genblk1.gen_pages[0].pe_inst.u_pe_page/pe_col_inst[2].u_pe_col/pe_inst[0].u_pe_4/N3) has been disconnected.
I: Const net (pin CEP of inst u_top_yolo/u_layer1/genblk1.gen_pages[0].pe_inst.u_pe_page/pe_col_inst[2].u_pe_col/pe_inst[0].u_pe_4/N3) has been disconnected.
I: Const net (pin RSTP of inst u_top_yolo/u_layer1/genblk1.gen_pages[0].pe_inst.u_pe_page/pe_col_inst[2].u_pe_col/pe_inst[0].u_pe_4/N3) has been disconnected.
I: Const net (pin CEX1 of inst u_top_yolo/u_layer1/genblk1.gen_pages[0].pe_inst.u_pe_page/pe_col_inst[2].u_pe_col/pe_inst[0].u_pe_5/N3) has been disconnected.
I: Const net (pin RSTX of inst u_top_yolo/u_layer1/genblk1.gen_pages[0].pe_inst.u_pe_page/pe_col_inst[2].u_pe_col/pe_inst[0].u_pe_5/N3) has been disconnected.
I: Const net (pin CEY1 of inst u_top_yolo/u_layer1/genblk1.gen_pages[0].pe_inst.u_pe_page/pe_col_inst[2].u_pe_col/pe_inst[0].u_pe_5/N3) has been disconnected.
I: Const net (pin RSTY of inst u_top_yolo/u_layer1/genblk1.gen_pages[0].pe_inst.u_pe_page/pe_col_inst[2].u_pe_col/pe_inst[0].u_pe_5/N3) has been disconnected.
I: Const net (pin CEP of inst u_top_yolo/u_layer1/genblk1.gen_pages[0].pe_inst.u_pe_page/pe_col_inst[2].u_pe_col/pe_inst[0].u_pe_5/N3) has been disconnected.
I: Const net (pin RSTP of inst u_top_yolo/u_layer1/genblk1.gen_pages[0].pe_inst.u_pe_page/pe_col_inst[2].u_pe_col/pe_inst[0].u_pe_5/N3) has been disconnected.
I: Const net (pin CEX1 of inst u_top_yolo/u_layer1/genblk1.gen_pages[0].pe_inst.u_pe_page/pe_col_inst[2].u_pe_col/pe_inst[0].u_pe_6/N3) has been disconnected.
I: Const net (pin RSTX of inst u_top_yolo/u_layer1/genblk1.gen_pages[0].pe_inst.u_pe_page/pe_col_inst[2].u_pe_col/pe_inst[0].u_pe_6/N3) has been disconnected.
I: Const net (pin CEY1 of inst u_top_yolo/u_layer1/genblk1.gen_pages[0].pe_inst.u_pe_page/pe_col_inst[2].u_pe_col/pe_inst[0].u_pe_6/N3) has been disconnected.
I: Const net (pin RSTY of inst u_top_yolo/u_layer1/genblk1.gen_pages[0].pe_inst.u_pe_page/pe_col_inst[2].u_pe_col/pe_inst[0].u_pe_6/N3) has been disconnected.
I: Const net (pin CEP of inst u_top_yolo/u_layer1/genblk1.gen_pages[0].pe_inst.u_pe_page/pe_col_inst[2].u_pe_col/pe_inst[0].u_pe_6/N3) has been disconnected.
I: Const net (pin RSTP of inst u_top_yolo/u_layer1/genblk1.gen_pages[0].pe_inst.u_pe_page/pe_col_inst[2].u_pe_col/pe_inst[0].u_pe_6/N3) has been disconnected.
I: Const net (pin CEX1 of inst u_top_yolo/u_layer1/genblk1.gen_pages[0].pe_inst.u_pe_page/pe_col_inst[2].u_pe_col/pe_inst[0].u_pe_7/N3) has been disconnected.
I: Const net (pin RSTX of inst u_top_yolo/u_layer1/genblk1.gen_pages[0].pe_inst.u_pe_page/pe_col_inst[2].u_pe_col/pe_inst[0].u_pe_7/N3) has been disconnected.
I: Const net (pin CEY1 of inst u_top_yolo/u_layer1/genblk1.gen_pages[0].pe_inst.u_pe_page/pe_col_inst[2].u_pe_col/pe_inst[0].u_pe_7/N3) has been disconnected.
I: Const net (pin RSTY of inst u_top_yolo/u_layer1/genblk1.gen_pages[0].pe_inst.u_pe_page/pe_col_inst[2].u_pe_col/pe_inst[0].u_pe_7/N3) has been disconnected.
I: Const net (pin CEP of inst u_top_yolo/u_layer1/genblk1.gen_pages[0].pe_inst.u_pe_page/pe_col_inst[2].u_pe_col/pe_inst[0].u_pe_7/N3) has been disconnected.
I: Const net (pin RSTP of inst u_top_yolo/u_layer1/genblk1.gen_pages[0].pe_inst.u_pe_page/pe_col_inst[2].u_pe_col/pe_inst[0].u_pe_7/N3) has been disconnected.
I: Const net (pin CEX1 of inst u_top_yolo/u_layer1/genblk1.gen_pages[0].pe_inst.u_pe_page/pe_col_inst[2].u_pe_col/pe_inst[0].u_pe_8/N3) has been disconnected.
I: Const net (pin RSTX of inst u_top_yolo/u_layer1/genblk1.gen_pages[0].pe_inst.u_pe_page/pe_col_inst[2].u_pe_col/pe_inst[0].u_pe_8/N3) has been disconnected.
I: Const net (pin CEY1 of inst u_top_yolo/u_layer1/genblk1.gen_pages[0].pe_inst.u_pe_page/pe_col_inst[2].u_pe_col/pe_inst[0].u_pe_8/N3) has been disconnected.
I: Const net (pin RSTY of inst u_top_yolo/u_layer1/genblk1.gen_pages[0].pe_inst.u_pe_page/pe_col_inst[2].u_pe_col/pe_inst[0].u_pe_8/N3) has been disconnected.
I: Const net (pin CEP of inst u_top_yolo/u_layer1/genblk1.gen_pages[0].pe_inst.u_pe_page/pe_col_inst[2].u_pe_col/pe_inst[0].u_pe_8/N3) has been disconnected.
I: Const net (pin RSTP of inst u_top_yolo/u_layer1/genblk1.gen_pages[0].pe_inst.u_pe_page/pe_col_inst[2].u_pe_col/pe_inst[0].u_pe_8/N3) has been disconnected.
I: Const net (pin CEX1 of inst u_top_yolo/u_layer1/genblk1.gen_pages[0].pe_inst.u_pe_page/pe_col_inst[3].u_pe_col/pe_inst[0].u_pe/N3) has been disconnected.
I: Const net (pin RSTX of inst u_top_yolo/u_layer1/genblk1.gen_pages[0].pe_inst.u_pe_page/pe_col_inst[3].u_pe_col/pe_inst[0].u_pe/N3) has been disconnected.
I: Const net (pin CEY1 of inst u_top_yolo/u_layer1/genblk1.gen_pages[0].pe_inst.u_pe_page/pe_col_inst[3].u_pe_col/pe_inst[0].u_pe/N3) has been disconnected.
I: Const net (pin RSTY of inst u_top_yolo/u_layer1/genblk1.gen_pages[0].pe_inst.u_pe_page/pe_col_inst[3].u_pe_col/pe_inst[0].u_pe/N3) has been disconnected.
I: Const net (pin CEP of inst u_top_yolo/u_layer1/genblk1.gen_pages[0].pe_inst.u_pe_page/pe_col_inst[3].u_pe_col/pe_inst[0].u_pe/N3) has been disconnected.
I: Const net (pin RSTP of inst u_top_yolo/u_layer1/genblk1.gen_pages[0].pe_inst.u_pe_page/pe_col_inst[3].u_pe_col/pe_inst[0].u_pe/N3) has been disconnected.
I: Const net (pin CEX1 of inst u_top_yolo/u_layer1/genblk1.gen_pages[0].pe_inst.u_pe_page/pe_col_inst[3].u_pe_col/pe_inst[0].u_pe_1/N3) has been disconnected.
I: Const net (pin RSTX of inst u_top_yolo/u_layer1/genblk1.gen_pages[0].pe_inst.u_pe_page/pe_col_inst[3].u_pe_col/pe_inst[0].u_pe_1/N3) has been disconnected.
I: Const net (pin CEY1 of inst u_top_yolo/u_layer1/genblk1.gen_pages[0].pe_inst.u_pe_page/pe_col_inst[3].u_pe_col/pe_inst[0].u_pe_1/N3) has been disconnected.
I: Const net (pin RSTY of inst u_top_yolo/u_layer1/genblk1.gen_pages[0].pe_inst.u_pe_page/pe_col_inst[3].u_pe_col/pe_inst[0].u_pe_1/N3) has been disconnected.
I: Const net (pin CEP of inst u_top_yolo/u_layer1/genblk1.gen_pages[0].pe_inst.u_pe_page/pe_col_inst[3].u_pe_col/pe_inst[0].u_pe_1/N3) has been disconnected.
I: Const net (pin RSTP of inst u_top_yolo/u_layer1/genblk1.gen_pages[0].pe_inst.u_pe_page/pe_col_inst[3].u_pe_col/pe_inst[0].u_pe_1/N3) has been disconnected.
I: Const net (pin CEX1 of inst u_top_yolo/u_layer1/genblk1.gen_pages[0].pe_inst.u_pe_page/pe_col_inst[3].u_pe_col/pe_inst[0].u_pe_2/N3) has been disconnected.
I: Const net (pin RSTX of inst u_top_yolo/u_layer1/genblk1.gen_pages[0].pe_inst.u_pe_page/pe_col_inst[3].u_pe_col/pe_inst[0].u_pe_2/N3) has been disconnected.
I: Const net (pin CEY1 of inst u_top_yolo/u_layer1/genblk1.gen_pages[0].pe_inst.u_pe_page/pe_col_inst[3].u_pe_col/pe_inst[0].u_pe_2/N3) has been disconnected.
I: Const net (pin RSTY of inst u_top_yolo/u_layer1/genblk1.gen_pages[0].pe_inst.u_pe_page/pe_col_inst[3].u_pe_col/pe_inst[0].u_pe_2/N3) has been disconnected.
I: Const net (pin CEP of inst u_top_yolo/u_layer1/genblk1.gen_pages[0].pe_inst.u_pe_page/pe_col_inst[3].u_pe_col/pe_inst[0].u_pe_2/N3) has been disconnected.
I: Const net (pin RSTP of inst u_top_yolo/u_layer1/genblk1.gen_pages[0].pe_inst.u_pe_page/pe_col_inst[3].u_pe_col/pe_inst[0].u_pe_2/N3) has been disconnected.
I: Const net (pin CEX1 of inst u_top_yolo/u_layer1/genblk1.gen_pages[0].pe_inst.u_pe_page/pe_col_inst[3].u_pe_col/pe_inst[0].u_pe_3/N3) has been disconnected.
I: Const net (pin RSTX of inst u_top_yolo/u_layer1/genblk1.gen_pages[0].pe_inst.u_pe_page/pe_col_inst[3].u_pe_col/pe_inst[0].u_pe_3/N3) has been disconnected.
I: Const net (pin CEY1 of inst u_top_yolo/u_layer1/genblk1.gen_pages[0].pe_inst.u_pe_page/pe_col_inst[3].u_pe_col/pe_inst[0].u_pe_3/N3) has been disconnected.
I: Const net (pin RSTY of inst u_top_yolo/u_layer1/genblk1.gen_pages[0].pe_inst.u_pe_page/pe_col_inst[3].u_pe_col/pe_inst[0].u_pe_3/N3) has been disconnected.
I: Const net (pin CEP of inst u_top_yolo/u_layer1/genblk1.gen_pages[0].pe_inst.u_pe_page/pe_col_inst[3].u_pe_col/pe_inst[0].u_pe_3/N3) has been disconnected.
I: Const net (pin RSTP of inst u_top_yolo/u_layer1/genblk1.gen_pages[0].pe_inst.u_pe_page/pe_col_inst[3].u_pe_col/pe_inst[0].u_pe_3/N3) has been disconnected.
I: Const net (pin CEX1 of inst u_top_yolo/u_layer1/genblk1.gen_pages[0].pe_inst.u_pe_page/pe_col_inst[3].u_pe_col/pe_inst[0].u_pe_4/N3) has been disconnected.
I: Const net (pin RSTX of inst u_top_yolo/u_layer1/genblk1.gen_pages[0].pe_inst.u_pe_page/pe_col_inst[3].u_pe_col/pe_inst[0].u_pe_4/N3) has been disconnected.
I: Const net (pin CEY1 of inst u_top_yolo/u_layer1/genblk1.gen_pages[0].pe_inst.u_pe_page/pe_col_inst[3].u_pe_col/pe_inst[0].u_pe_4/N3) has been disconnected.
I: Const net (pin RSTY of inst u_top_yolo/u_layer1/genblk1.gen_pages[0].pe_inst.u_pe_page/pe_col_inst[3].u_pe_col/pe_inst[0].u_pe_4/N3) has been disconnected.
I: Const net (pin CEP of inst u_top_yolo/u_layer1/genblk1.gen_pages[0].pe_inst.u_pe_page/pe_col_inst[3].u_pe_col/pe_inst[0].u_pe_4/N3) has been disconnected.
I: Const net (pin RSTP of inst u_top_yolo/u_layer1/genblk1.gen_pages[0].pe_inst.u_pe_page/pe_col_inst[3].u_pe_col/pe_inst[0].u_pe_4/N3) has been disconnected.
I: Const net (pin CEX1 of inst u_top_yolo/u_layer1/genblk1.gen_pages[0].pe_inst.u_pe_page/pe_col_inst[3].u_pe_col/pe_inst[0].u_pe_5/N3) has been disconnected.
I: Const net (pin RSTX of inst u_top_yolo/u_layer1/genblk1.gen_pages[0].pe_inst.u_pe_page/pe_col_inst[3].u_pe_col/pe_inst[0].u_pe_5/N3) has been disconnected.
I: Const net (pin CEY1 of inst u_top_yolo/u_layer1/genblk1.gen_pages[0].pe_inst.u_pe_page/pe_col_inst[3].u_pe_col/pe_inst[0].u_pe_5/N3) has been disconnected.
I: Const net (pin RSTY of inst u_top_yolo/u_layer1/genblk1.gen_pages[0].pe_inst.u_pe_page/pe_col_inst[3].u_pe_col/pe_inst[0].u_pe_5/N3) has been disconnected.
I: Const net (pin CEP of inst u_top_yolo/u_layer1/genblk1.gen_pages[0].pe_inst.u_pe_page/pe_col_inst[3].u_pe_col/pe_inst[0].u_pe_5/N3) has been disconnected.
I: Const net (pin RSTP of inst u_top_yolo/u_layer1/genblk1.gen_pages[0].pe_inst.u_pe_page/pe_col_inst[3].u_pe_col/pe_inst[0].u_pe_5/N3) has been disconnected.
I: Const net (pin CEX1 of inst u_top_yolo/u_layer1/genblk1.gen_pages[0].pe_inst.u_pe_page/pe_col_inst[3].u_pe_col/pe_inst[0].u_pe_6/N3) has been disconnected.
I: Const net (pin RSTX of inst u_top_yolo/u_layer1/genblk1.gen_pages[0].pe_inst.u_pe_page/pe_col_inst[3].u_pe_col/pe_inst[0].u_pe_6/N3) has been disconnected.
I: Const net (pin CEY1 of inst u_top_yolo/u_layer1/genblk1.gen_pages[0].pe_inst.u_pe_page/pe_col_inst[3].u_pe_col/pe_inst[0].u_pe_6/N3) has been disconnected.
I: Const net (pin RSTY of inst u_top_yolo/u_layer1/genblk1.gen_pages[0].pe_inst.u_pe_page/pe_col_inst[3].u_pe_col/pe_inst[0].u_pe_6/N3) has been disconnected.
I: Const net (pin CEP of inst u_top_yolo/u_layer1/genblk1.gen_pages[0].pe_inst.u_pe_page/pe_col_inst[3].u_pe_col/pe_inst[0].u_pe_6/N3) has been disconnected.
I: Const net (pin RSTP of inst u_top_yolo/u_layer1/genblk1.gen_pages[0].pe_inst.u_pe_page/pe_col_inst[3].u_pe_col/pe_inst[0].u_pe_6/N3) has been disconnected.
I: Const net (pin CEX1 of inst u_top_yolo/u_layer1/genblk1.gen_pages[0].pe_inst.u_pe_page/pe_col_inst[3].u_pe_col/pe_inst[0].u_pe_7/N3) has been disconnected.
I: Const net (pin RSTX of inst u_top_yolo/u_layer1/genblk1.gen_pages[0].pe_inst.u_pe_page/pe_col_inst[3].u_pe_col/pe_inst[0].u_pe_7/N3) has been disconnected.
I: Const net (pin CEY1 of inst u_top_yolo/u_layer1/genblk1.gen_pages[0].pe_inst.u_pe_page/pe_col_inst[3].u_pe_col/pe_inst[0].u_pe_7/N3) has been disconnected.
I: Const net (pin RSTY of inst u_top_yolo/u_layer1/genblk1.gen_pages[0].pe_inst.u_pe_page/pe_col_inst[3].u_pe_col/pe_inst[0].u_pe_7/N3) has been disconnected.
I: Const net (pin CEP of inst u_top_yolo/u_layer1/genblk1.gen_pages[0].pe_inst.u_pe_page/pe_col_inst[3].u_pe_col/pe_inst[0].u_pe_7/N3) has been disconnected.
I: Const net (pin RSTP of inst u_top_yolo/u_layer1/genblk1.gen_pages[0].pe_inst.u_pe_page/pe_col_inst[3].u_pe_col/pe_inst[0].u_pe_7/N3) has been disconnected.
I: Const net (pin CEX1 of inst u_top_yolo/u_layer1/genblk1.gen_pages[0].pe_inst.u_pe_page/pe_col_inst[3].u_pe_col/pe_inst[0].u_pe_8/N3) has been disconnected.
I: Const net (pin RSTX of inst u_top_yolo/u_layer1/genblk1.gen_pages[0].pe_inst.u_pe_page/pe_col_inst[3].u_pe_col/pe_inst[0].u_pe_8/N3) has been disconnected.
I: Const net (pin CEY1 of inst u_top_yolo/u_layer1/genblk1.gen_pages[0].pe_inst.u_pe_page/pe_col_inst[3].u_pe_col/pe_inst[0].u_pe_8/N3) has been disconnected.
I: Const net (pin RSTY of inst u_top_yolo/u_layer1/genblk1.gen_pages[0].pe_inst.u_pe_page/pe_col_inst[3].u_pe_col/pe_inst[0].u_pe_8/N3) has been disconnected.
I: Const net (pin CEP of inst u_top_yolo/u_layer1/genblk1.gen_pages[0].pe_inst.u_pe_page/pe_col_inst[3].u_pe_col/pe_inst[0].u_pe_8/N3) has been disconnected.
I: Const net (pin RSTP of inst u_top_yolo/u_layer1/genblk1.gen_pages[0].pe_inst.u_pe_page/pe_col_inst[3].u_pe_col/pe_inst[0].u_pe_8/N3) has been disconnected.
I: Const net (pin CEX1 of inst u_top_yolo/u_layer2/genblk1.gen_pages[0].pe_inst.u_pe_page/pe_col_inst[0].u_pe_col/pe_inst[0].u_pe/N3) has been disconnected.
I: Const net (pin RSTX of inst u_top_yolo/u_layer2/genblk1.gen_pages[0].pe_inst.u_pe_page/pe_col_inst[0].u_pe_col/pe_inst[0].u_pe/N3) has been disconnected.
I: Const net (pin CEY1 of inst u_top_yolo/u_layer2/genblk1.gen_pages[0].pe_inst.u_pe_page/pe_col_inst[0].u_pe_col/pe_inst[0].u_pe/N3) has been disconnected.
I: Const net (pin RSTY of inst u_top_yolo/u_layer2/genblk1.gen_pages[0].pe_inst.u_pe_page/pe_col_inst[0].u_pe_col/pe_inst[0].u_pe/N3) has been disconnected.
I: Const net (pin CEP of inst u_top_yolo/u_layer2/genblk1.gen_pages[0].pe_inst.u_pe_page/pe_col_inst[0].u_pe_col/pe_inst[0].u_pe/N3) has been disconnected.
I: Const net (pin RSTP of inst u_top_yolo/u_layer2/genblk1.gen_pages[0].pe_inst.u_pe_page/pe_col_inst[0].u_pe_col/pe_inst[0].u_pe/N3) has been disconnected.
I: Const net (pin CEX1 of inst u_top_yolo/u_layer2/genblk1.gen_pages[0].pe_inst.u_pe_page/pe_col_inst[0].u_pe_col/pe_inst[0].u_pe_1/N3) has been disconnected.
I: Const net (pin RSTX of inst u_top_yolo/u_layer2/genblk1.gen_pages[0].pe_inst.u_pe_page/pe_col_inst[0].u_pe_col/pe_inst[0].u_pe_1/N3) has been disconnected.
I: Const net (pin CEY1 of inst u_top_yolo/u_layer2/genblk1.gen_pages[0].pe_inst.u_pe_page/pe_col_inst[0].u_pe_col/pe_inst[0].u_pe_1/N3) has been disconnected.
I: Const net (pin RSTY of inst u_top_yolo/u_layer2/genblk1.gen_pages[0].pe_inst.u_pe_page/pe_col_inst[0].u_pe_col/pe_inst[0].u_pe_1/N3) has been disconnected.
I: Const net (pin CEP of inst u_top_yolo/u_layer2/genblk1.gen_pages[0].pe_inst.u_pe_page/pe_col_inst[0].u_pe_col/pe_inst[0].u_pe_1/N3) has been disconnected.
I: Const net (pin RSTP of inst u_top_yolo/u_layer2/genblk1.gen_pages[0].pe_inst.u_pe_page/pe_col_inst[0].u_pe_col/pe_inst[0].u_pe_1/N3) has been disconnected.
I: Const net (pin CEX1 of inst u_top_yolo/u_layer2/genblk1.gen_pages[0].pe_inst.u_pe_page/pe_col_inst[0].u_pe_col/pe_inst[0].u_pe_2/N3) has been disconnected.
I: Const net (pin RSTX of inst u_top_yolo/u_layer2/genblk1.gen_pages[0].pe_inst.u_pe_page/pe_col_inst[0].u_pe_col/pe_inst[0].u_pe_2/N3) has been disconnected.
I: Const net (pin CEY1 of inst u_top_yolo/u_layer2/genblk1.gen_pages[0].pe_inst.u_pe_page/pe_col_inst[0].u_pe_col/pe_inst[0].u_pe_2/N3) has been disconnected.
I: Const net (pin RSTY of inst u_top_yolo/u_layer2/genblk1.gen_pages[0].pe_inst.u_pe_page/pe_col_inst[0].u_pe_col/pe_inst[0].u_pe_2/N3) has been disconnected.
I: Const net (pin CEP of inst u_top_yolo/u_layer2/genblk1.gen_pages[0].pe_inst.u_pe_page/pe_col_inst[0].u_pe_col/pe_inst[0].u_pe_2/N3) has been disconnected.
I: Const net (pin RSTP of inst u_top_yolo/u_layer2/genblk1.gen_pages[0].pe_inst.u_pe_page/pe_col_inst[0].u_pe_col/pe_inst[0].u_pe_2/N3) has been disconnected.
I: Const net (pin CEX1 of inst u_top_yolo/u_layer2/genblk1.gen_pages[0].pe_inst.u_pe_page/pe_col_inst[0].u_pe_col/pe_inst[0].u_pe_3/N3) has been disconnected.
I: Const net (pin RSTX of inst u_top_yolo/u_layer2/genblk1.gen_pages[0].pe_inst.u_pe_page/pe_col_inst[0].u_pe_col/pe_inst[0].u_pe_3/N3) has been disconnected.
I: Const net (pin CEY1 of inst u_top_yolo/u_layer2/genblk1.gen_pages[0].pe_inst.u_pe_page/pe_col_inst[0].u_pe_col/pe_inst[0].u_pe_3/N3) has been disconnected.
I: Const net (pin RSTY of inst u_top_yolo/u_layer2/genblk1.gen_pages[0].pe_inst.u_pe_page/pe_col_inst[0].u_pe_col/pe_inst[0].u_pe_3/N3) has been disconnected.
I: Const net (pin CEP of inst u_top_yolo/u_layer2/genblk1.gen_pages[0].pe_inst.u_pe_page/pe_col_inst[0].u_pe_col/pe_inst[0].u_pe_3/N3) has been disconnected.
I: Const net (pin RSTP of inst u_top_yolo/u_layer2/genblk1.gen_pages[0].pe_inst.u_pe_page/pe_col_inst[0].u_pe_col/pe_inst[0].u_pe_3/N3) has been disconnected.
I: Const net (pin CEX1 of inst u_top_yolo/u_layer2/genblk1.gen_pages[0].pe_inst.u_pe_page/pe_col_inst[0].u_pe_col/pe_inst[0].u_pe_4/N3) has been disconnected.
I: Const net (pin RSTX of inst u_top_yolo/u_layer2/genblk1.gen_pages[0].pe_inst.u_pe_page/pe_col_inst[0].u_pe_col/pe_inst[0].u_pe_4/N3) has been disconnected.
I: Const net (pin CEY1 of inst u_top_yolo/u_layer2/genblk1.gen_pages[0].pe_inst.u_pe_page/pe_col_inst[0].u_pe_col/pe_inst[0].u_pe_4/N3) has been disconnected.
I: Const net (pin RSTY of inst u_top_yolo/u_layer2/genblk1.gen_pages[0].pe_inst.u_pe_page/pe_col_inst[0].u_pe_col/pe_inst[0].u_pe_4/N3) has been disconnected.
I: Const net (pin CEP of inst u_top_yolo/u_layer2/genblk1.gen_pages[0].pe_inst.u_pe_page/pe_col_inst[0].u_pe_col/pe_inst[0].u_pe_4/N3) has been disconnected.
I: Const net (pin RSTP of inst u_top_yolo/u_layer2/genblk1.gen_pages[0].pe_inst.u_pe_page/pe_col_inst[0].u_pe_col/pe_inst[0].u_pe_4/N3) has been disconnected.
I: Const net (pin CEX1 of inst u_top_yolo/u_layer2/genblk1.gen_pages[0].pe_inst.u_pe_page/pe_col_inst[0].u_pe_col/pe_inst[0].u_pe_5/N3) has been disconnected.
I: Const net (pin RSTX of inst u_top_yolo/u_layer2/genblk1.gen_pages[0].pe_inst.u_pe_page/pe_col_inst[0].u_pe_col/pe_inst[0].u_pe_5/N3) has been disconnected.
I: Const net (pin CEY1 of inst u_top_yolo/u_layer2/genblk1.gen_pages[0].pe_inst.u_pe_page/pe_col_inst[0].u_pe_col/pe_inst[0].u_pe_5/N3) has been disconnected.
I: Const net (pin RSTY of inst u_top_yolo/u_layer2/genblk1.gen_pages[0].pe_inst.u_pe_page/pe_col_inst[0].u_pe_col/pe_inst[0].u_pe_5/N3) has been disconnected.
I: Const net (pin CEP of inst u_top_yolo/u_layer2/genblk1.gen_pages[0].pe_inst.u_pe_page/pe_col_inst[0].u_pe_col/pe_inst[0].u_pe_5/N3) has been disconnected.
I: Const net (pin RSTP of inst u_top_yolo/u_layer2/genblk1.gen_pages[0].pe_inst.u_pe_page/pe_col_inst[0].u_pe_col/pe_inst[0].u_pe_5/N3) has been disconnected.
I: Const net (pin CEX1 of inst u_top_yolo/u_layer2/genblk1.gen_pages[0].pe_inst.u_pe_page/pe_col_inst[0].u_pe_col/pe_inst[0].u_pe_6/N3) has been disconnected.
I: Const net (pin RSTX of inst u_top_yolo/u_layer2/genblk1.gen_pages[0].pe_inst.u_pe_page/pe_col_inst[0].u_pe_col/pe_inst[0].u_pe_6/N3) has been disconnected.
I: Const net (pin CEY1 of inst u_top_yolo/u_layer2/genblk1.gen_pages[0].pe_inst.u_pe_page/pe_col_inst[0].u_pe_col/pe_inst[0].u_pe_6/N3) has been disconnected.
I: Const net (pin RSTY of inst u_top_yolo/u_layer2/genblk1.gen_pages[0].pe_inst.u_pe_page/pe_col_inst[0].u_pe_col/pe_inst[0].u_pe_6/N3) has been disconnected.
I: Const net (pin CEP of inst u_top_yolo/u_layer2/genblk1.gen_pages[0].pe_inst.u_pe_page/pe_col_inst[0].u_pe_col/pe_inst[0].u_pe_6/N3) has been disconnected.
I: Const net (pin RSTP of inst u_top_yolo/u_layer2/genblk1.gen_pages[0].pe_inst.u_pe_page/pe_col_inst[0].u_pe_col/pe_inst[0].u_pe_6/N3) has been disconnected.
I: Const net (pin CEX1 of inst u_top_yolo/u_layer2/genblk1.gen_pages[0].pe_inst.u_pe_page/pe_col_inst[0].u_pe_col/pe_inst[0].u_pe_7/N3) has been disconnected.
I: Const net (pin RSTX of inst u_top_yolo/u_layer2/genblk1.gen_pages[0].pe_inst.u_pe_page/pe_col_inst[0].u_pe_col/pe_inst[0].u_pe_7/N3) has been disconnected.
I: Const net (pin CEY1 of inst u_top_yolo/u_layer2/genblk1.gen_pages[0].pe_inst.u_pe_page/pe_col_inst[0].u_pe_col/pe_inst[0].u_pe_7/N3) has been disconnected.
I: Const net (pin RSTY of inst u_top_yolo/u_layer2/genblk1.gen_pages[0].pe_inst.u_pe_page/pe_col_inst[0].u_pe_col/pe_inst[0].u_pe_7/N3) has been disconnected.
I: Const net (pin CEP of inst u_top_yolo/u_layer2/genblk1.gen_pages[0].pe_inst.u_pe_page/pe_col_inst[0].u_pe_col/pe_inst[0].u_pe_7/N3) has been disconnected.
I: Const net (pin RSTP of inst u_top_yolo/u_layer2/genblk1.gen_pages[0].pe_inst.u_pe_page/pe_col_inst[0].u_pe_col/pe_inst[0].u_pe_7/N3) has been disconnected.
I: Const net (pin CEX1 of inst u_top_yolo/u_layer2/genblk1.gen_pages[0].pe_inst.u_pe_page/pe_col_inst[0].u_pe_col/pe_inst[0].u_pe_8/N3) has been disconnected.
I: Const net (pin RSTX of inst u_top_yolo/u_layer2/genblk1.gen_pages[0].pe_inst.u_pe_page/pe_col_inst[0].u_pe_col/pe_inst[0].u_pe_8/N3) has been disconnected.
I: Const net (pin CEY1 of inst u_top_yolo/u_layer2/genblk1.gen_pages[0].pe_inst.u_pe_page/pe_col_inst[0].u_pe_col/pe_inst[0].u_pe_8/N3) has been disconnected.
I: Const net (pin RSTY of inst u_top_yolo/u_layer2/genblk1.gen_pages[0].pe_inst.u_pe_page/pe_col_inst[0].u_pe_col/pe_inst[0].u_pe_8/N3) has been disconnected.
I: Const net (pin CEP of inst u_top_yolo/u_layer2/genblk1.gen_pages[0].pe_inst.u_pe_page/pe_col_inst[0].u_pe_col/pe_inst[0].u_pe_8/N3) has been disconnected.
I: Const net (pin RSTP of inst u_top_yolo/u_layer2/genblk1.gen_pages[0].pe_inst.u_pe_page/pe_col_inst[0].u_pe_col/pe_inst[0].u_pe_8/N3) has been disconnected.
I: Const net (pin CEX1 of inst u_top_yolo/u_layer2/genblk1.gen_pages[1].pe_inst.u_pe_page/pe_col_inst[0].u_pe_col/pe_inst[0].u_pe/N3) has been disconnected.
I: Const net (pin RSTX of inst u_top_yolo/u_layer2/genblk1.gen_pages[1].pe_inst.u_pe_page/pe_col_inst[0].u_pe_col/pe_inst[0].u_pe/N3) has been disconnected.
I: Const net (pin CEY1 of inst u_top_yolo/u_layer2/genblk1.gen_pages[1].pe_inst.u_pe_page/pe_col_inst[0].u_pe_col/pe_inst[0].u_pe/N3) has been disconnected.
I: Const net (pin RSTY of inst u_top_yolo/u_layer2/genblk1.gen_pages[1].pe_inst.u_pe_page/pe_col_inst[0].u_pe_col/pe_inst[0].u_pe/N3) has been disconnected.
I: Const net (pin CEP of inst u_top_yolo/u_layer2/genblk1.gen_pages[1].pe_inst.u_pe_page/pe_col_inst[0].u_pe_col/pe_inst[0].u_pe/N3) has been disconnected.
I: Const net (pin RSTP of inst u_top_yolo/u_layer2/genblk1.gen_pages[1].pe_inst.u_pe_page/pe_col_inst[0].u_pe_col/pe_inst[0].u_pe/N3) has been disconnected.
I: Const net (pin CEX1 of inst u_top_yolo/u_layer2/genblk1.gen_pages[1].pe_inst.u_pe_page/pe_col_inst[0].u_pe_col/pe_inst[0].u_pe_1/N3) has been disconnected.
I: Const net (pin RSTX of inst u_top_yolo/u_layer2/genblk1.gen_pages[1].pe_inst.u_pe_page/pe_col_inst[0].u_pe_col/pe_inst[0].u_pe_1/N3) has been disconnected.
I: Const net (pin CEY1 of inst u_top_yolo/u_layer2/genblk1.gen_pages[1].pe_inst.u_pe_page/pe_col_inst[0].u_pe_col/pe_inst[0].u_pe_1/N3) has been disconnected.
I: Const net (pin RSTY of inst u_top_yolo/u_layer2/genblk1.gen_pages[1].pe_inst.u_pe_page/pe_col_inst[0].u_pe_col/pe_inst[0].u_pe_1/N3) has been disconnected.
I: Const net (pin CEP of inst u_top_yolo/u_layer2/genblk1.gen_pages[1].pe_inst.u_pe_page/pe_col_inst[0].u_pe_col/pe_inst[0].u_pe_1/N3) has been disconnected.
I: Const net (pin RSTP of inst u_top_yolo/u_layer2/genblk1.gen_pages[1].pe_inst.u_pe_page/pe_col_inst[0].u_pe_col/pe_inst[0].u_pe_1/N3) has been disconnected.
I: Const net (pin CEX1 of inst u_top_yolo/u_layer2/genblk1.gen_pages[1].pe_inst.u_pe_page/pe_col_inst[0].u_pe_col/pe_inst[0].u_pe_2/N3) has been disconnected.
I: Const net (pin RSTX of inst u_top_yolo/u_layer2/genblk1.gen_pages[1].pe_inst.u_pe_page/pe_col_inst[0].u_pe_col/pe_inst[0].u_pe_2/N3) has been disconnected.
I: Const net (pin CEY1 of inst u_top_yolo/u_layer2/genblk1.gen_pages[1].pe_inst.u_pe_page/pe_col_inst[0].u_pe_col/pe_inst[0].u_pe_2/N3) has been disconnected.
I: Const net (pin RSTY of inst u_top_yolo/u_layer2/genblk1.gen_pages[1].pe_inst.u_pe_page/pe_col_inst[0].u_pe_col/pe_inst[0].u_pe_2/N3) has been disconnected.
I: Const net (pin CEP of inst u_top_yolo/u_layer2/genblk1.gen_pages[1].pe_inst.u_pe_page/pe_col_inst[0].u_pe_col/pe_inst[0].u_pe_2/N3) has been disconnected.
I: Const net (pin RSTP of inst u_top_yolo/u_layer2/genblk1.gen_pages[1].pe_inst.u_pe_page/pe_col_inst[0].u_pe_col/pe_inst[0].u_pe_2/N3) has been disconnected.
I: Const net (pin CEX1 of inst u_top_yolo/u_layer2/genblk1.gen_pages[1].pe_inst.u_pe_page/pe_col_inst[0].u_pe_col/pe_inst[0].u_pe_3/N3) has been disconnected.
I: Const net (pin RSTX of inst u_top_yolo/u_layer2/genblk1.gen_pages[1].pe_inst.u_pe_page/pe_col_inst[0].u_pe_col/pe_inst[0].u_pe_3/N3) has been disconnected.
I: Const net (pin CEY1 of inst u_top_yolo/u_layer2/genblk1.gen_pages[1].pe_inst.u_pe_page/pe_col_inst[0].u_pe_col/pe_inst[0].u_pe_3/N3) has been disconnected.
I: Const net (pin RSTY of inst u_top_yolo/u_layer2/genblk1.gen_pages[1].pe_inst.u_pe_page/pe_col_inst[0].u_pe_col/pe_inst[0].u_pe_3/N3) has been disconnected.
I: Const net (pin CEP of inst u_top_yolo/u_layer2/genblk1.gen_pages[1].pe_inst.u_pe_page/pe_col_inst[0].u_pe_col/pe_inst[0].u_pe_3/N3) has been disconnected.
I: Const net (pin RSTP of inst u_top_yolo/u_layer2/genblk1.gen_pages[1].pe_inst.u_pe_page/pe_col_inst[0].u_pe_col/pe_inst[0].u_pe_3/N3) has been disconnected.
I: Const net (pin CEX1 of inst u_top_yolo/u_layer2/genblk1.gen_pages[1].pe_inst.u_pe_page/pe_col_inst[0].u_pe_col/pe_inst[0].u_pe_4/N3) has been disconnected.
I: Const net (pin RSTX of inst u_top_yolo/u_layer2/genblk1.gen_pages[1].pe_inst.u_pe_page/pe_col_inst[0].u_pe_col/pe_inst[0].u_pe_4/N3) has been disconnected.
I: Const net (pin CEY1 of inst u_top_yolo/u_layer2/genblk1.gen_pages[1].pe_inst.u_pe_page/pe_col_inst[0].u_pe_col/pe_inst[0].u_pe_4/N3) has been disconnected.
I: Const net (pin RSTY of inst u_top_yolo/u_layer2/genblk1.gen_pages[1].pe_inst.u_pe_page/pe_col_inst[0].u_pe_col/pe_inst[0].u_pe_4/N3) has been disconnected.
I: Const net (pin CEP of inst u_top_yolo/u_layer2/genblk1.gen_pages[1].pe_inst.u_pe_page/pe_col_inst[0].u_pe_col/pe_inst[0].u_pe_4/N3) has been disconnected.
I: Const net (pin RSTP of inst u_top_yolo/u_layer2/genblk1.gen_pages[1].pe_inst.u_pe_page/pe_col_inst[0].u_pe_col/pe_inst[0].u_pe_4/N3) has been disconnected.
I: Const net (pin CEX1 of inst u_top_yolo/u_layer2/genblk1.gen_pages[1].pe_inst.u_pe_page/pe_col_inst[0].u_pe_col/pe_inst[0].u_pe_5/N3) has been disconnected.
I: Const net (pin RSTX of inst u_top_yolo/u_layer2/genblk1.gen_pages[1].pe_inst.u_pe_page/pe_col_inst[0].u_pe_col/pe_inst[0].u_pe_5/N3) has been disconnected.
I: Const net (pin CEY1 of inst u_top_yolo/u_layer2/genblk1.gen_pages[1].pe_inst.u_pe_page/pe_col_inst[0].u_pe_col/pe_inst[0].u_pe_5/N3) has been disconnected.
I: Const net (pin RSTY of inst u_top_yolo/u_layer2/genblk1.gen_pages[1].pe_inst.u_pe_page/pe_col_inst[0].u_pe_col/pe_inst[0].u_pe_5/N3) has been disconnected.
I: Const net (pin CEP of inst u_top_yolo/u_layer2/genblk1.gen_pages[1].pe_inst.u_pe_page/pe_col_inst[0].u_pe_col/pe_inst[0].u_pe_5/N3) has been disconnected.
I: Const net (pin RSTP of inst u_top_yolo/u_layer2/genblk1.gen_pages[1].pe_inst.u_pe_page/pe_col_inst[0].u_pe_col/pe_inst[0].u_pe_5/N3) has been disconnected.
I: Const net (pin CEX1 of inst u_top_yolo/u_layer2/genblk1.gen_pages[1].pe_inst.u_pe_page/pe_col_inst[0].u_pe_col/pe_inst[0].u_pe_6/N3) has been disconnected.
I: Const net (pin RSTX of inst u_top_yolo/u_layer2/genblk1.gen_pages[1].pe_inst.u_pe_page/pe_col_inst[0].u_pe_col/pe_inst[0].u_pe_6/N3) has been disconnected.
I: Const net (pin CEY1 of inst u_top_yolo/u_layer2/genblk1.gen_pages[1].pe_inst.u_pe_page/pe_col_inst[0].u_pe_col/pe_inst[0].u_pe_6/N3) has been disconnected.
I: Const net (pin RSTY of inst u_top_yolo/u_layer2/genblk1.gen_pages[1].pe_inst.u_pe_page/pe_col_inst[0].u_pe_col/pe_inst[0].u_pe_6/N3) has been disconnected.
I: Const net (pin CEP of inst u_top_yolo/u_layer2/genblk1.gen_pages[1].pe_inst.u_pe_page/pe_col_inst[0].u_pe_col/pe_inst[0].u_pe_6/N3) has been disconnected.
I: Const net (pin RSTP of inst u_top_yolo/u_layer2/genblk1.gen_pages[1].pe_inst.u_pe_page/pe_col_inst[0].u_pe_col/pe_inst[0].u_pe_6/N3) has been disconnected.
I: Const net (pin CEX1 of inst u_top_yolo/u_layer2/genblk1.gen_pages[1].pe_inst.u_pe_page/pe_col_inst[0].u_pe_col/pe_inst[0].u_pe_7/N3) has been disconnected.
I: Const net (pin RSTX of inst u_top_yolo/u_layer2/genblk1.gen_pages[1].pe_inst.u_pe_page/pe_col_inst[0].u_pe_col/pe_inst[0].u_pe_7/N3) has been disconnected.
I: Const net (pin CEY1 of inst u_top_yolo/u_layer2/genblk1.gen_pages[1].pe_inst.u_pe_page/pe_col_inst[0].u_pe_col/pe_inst[0].u_pe_7/N3) has been disconnected.
I: Const net (pin RSTY of inst u_top_yolo/u_layer2/genblk1.gen_pages[1].pe_inst.u_pe_page/pe_col_inst[0].u_pe_col/pe_inst[0].u_pe_7/N3) has been disconnected.
I: Const net (pin CEP of inst u_top_yolo/u_layer2/genblk1.gen_pages[1].pe_inst.u_pe_page/pe_col_inst[0].u_pe_col/pe_inst[0].u_pe_7/N3) has been disconnected.
I: Const net (pin RSTP of inst u_top_yolo/u_layer2/genblk1.gen_pages[1].pe_inst.u_pe_page/pe_col_inst[0].u_pe_col/pe_inst[0].u_pe_7/N3) has been disconnected.
I: Const net (pin CEX1 of inst u_top_yolo/u_layer2/genblk1.gen_pages[1].pe_inst.u_pe_page/pe_col_inst[0].u_pe_col/pe_inst[0].u_pe_8/N3) has been disconnected.
I: Const net (pin RSTX of inst u_top_yolo/u_layer2/genblk1.gen_pages[1].pe_inst.u_pe_page/pe_col_inst[0].u_pe_col/pe_inst[0].u_pe_8/N3) has been disconnected.
I: Const net (pin CEY1 of inst u_top_yolo/u_layer2/genblk1.gen_pages[1].pe_inst.u_pe_page/pe_col_inst[0].u_pe_col/pe_inst[0].u_pe_8/N3) has been disconnected.
I: Const net (pin RSTY of inst u_top_yolo/u_layer2/genblk1.gen_pages[1].pe_inst.u_pe_page/pe_col_inst[0].u_pe_col/pe_inst[0].u_pe_8/N3) has been disconnected.
I: Const net (pin CEP of inst u_top_yolo/u_layer2/genblk1.gen_pages[1].pe_inst.u_pe_page/pe_col_inst[0].u_pe_col/pe_inst[0].u_pe_8/N3) has been disconnected.
I: Const net (pin RSTP of inst u_top_yolo/u_layer2/genblk1.gen_pages[1].pe_inst.u_pe_page/pe_col_inst[0].u_pe_col/pe_inst[0].u_pe_8/N3) has been disconnected.
I: Const net (pin CEX1 of inst u_top_yolo/u_layer2/genblk1.gen_pages[2].pe_inst.u_pe_page/pe_col_inst[0].u_pe_col/pe_inst[0].u_pe/N3) has been disconnected.
I: Const net (pin RSTX of inst u_top_yolo/u_layer2/genblk1.gen_pages[2].pe_inst.u_pe_page/pe_col_inst[0].u_pe_col/pe_inst[0].u_pe/N3) has been disconnected.
I: Const net (pin CEY1 of inst u_top_yolo/u_layer2/genblk1.gen_pages[2].pe_inst.u_pe_page/pe_col_inst[0].u_pe_col/pe_inst[0].u_pe/N3) has been disconnected.
I: Const net (pin RSTY of inst u_top_yolo/u_layer2/genblk1.gen_pages[2].pe_inst.u_pe_page/pe_col_inst[0].u_pe_col/pe_inst[0].u_pe/N3) has been disconnected.
I: Const net (pin CEP of inst u_top_yolo/u_layer2/genblk1.gen_pages[2].pe_inst.u_pe_page/pe_col_inst[0].u_pe_col/pe_inst[0].u_pe/N3) has been disconnected.
I: Const net (pin RSTP of inst u_top_yolo/u_layer2/genblk1.gen_pages[2].pe_inst.u_pe_page/pe_col_inst[0].u_pe_col/pe_inst[0].u_pe/N3) has been disconnected.
I: Const net (pin CEX1 of inst u_top_yolo/u_layer2/genblk1.gen_pages[2].pe_inst.u_pe_page/pe_col_inst[0].u_pe_col/pe_inst[0].u_pe_1/N3) has been disconnected.
I: Const net (pin RSTX of inst u_top_yolo/u_layer2/genblk1.gen_pages[2].pe_inst.u_pe_page/pe_col_inst[0].u_pe_col/pe_inst[0].u_pe_1/N3) has been disconnected.
I: Const net (pin CEY1 of inst u_top_yolo/u_layer2/genblk1.gen_pages[2].pe_inst.u_pe_page/pe_col_inst[0].u_pe_col/pe_inst[0].u_pe_1/N3) has been disconnected.
I: Const net (pin RSTY of inst u_top_yolo/u_layer2/genblk1.gen_pages[2].pe_inst.u_pe_page/pe_col_inst[0].u_pe_col/pe_inst[0].u_pe_1/N3) has been disconnected.
I: Const net (pin CEP of inst u_top_yolo/u_layer2/genblk1.gen_pages[2].pe_inst.u_pe_page/pe_col_inst[0].u_pe_col/pe_inst[0].u_pe_1/N3) has been disconnected.
I: Const net (pin RSTP of inst u_top_yolo/u_layer2/genblk1.gen_pages[2].pe_inst.u_pe_page/pe_col_inst[0].u_pe_col/pe_inst[0].u_pe_1/N3) has been disconnected.
I: Const net (pin CEX1 of inst u_top_yolo/u_layer2/genblk1.gen_pages[2].pe_inst.u_pe_page/pe_col_inst[0].u_pe_col/pe_inst[0].u_pe_2/N3) has been disconnected.
I: Const net (pin RSTX of inst u_top_yolo/u_layer2/genblk1.gen_pages[2].pe_inst.u_pe_page/pe_col_inst[0].u_pe_col/pe_inst[0].u_pe_2/N3) has been disconnected.
I: Const net (pin CEY1 of inst u_top_yolo/u_layer2/genblk1.gen_pages[2].pe_inst.u_pe_page/pe_col_inst[0].u_pe_col/pe_inst[0].u_pe_2/N3) has been disconnected.
I: Const net (pin RSTY of inst u_top_yolo/u_layer2/genblk1.gen_pages[2].pe_inst.u_pe_page/pe_col_inst[0].u_pe_col/pe_inst[0].u_pe_2/N3) has been disconnected.
I: Const net (pin CEP of inst u_top_yolo/u_layer2/genblk1.gen_pages[2].pe_inst.u_pe_page/pe_col_inst[0].u_pe_col/pe_inst[0].u_pe_2/N3) has been disconnected.
I: Const net (pin RSTP of inst u_top_yolo/u_layer2/genblk1.gen_pages[2].pe_inst.u_pe_page/pe_col_inst[0].u_pe_col/pe_inst[0].u_pe_2/N3) has been disconnected.
I: Const net (pin CEX1 of inst u_top_yolo/u_layer2/genblk1.gen_pages[2].pe_inst.u_pe_page/pe_col_inst[0].u_pe_col/pe_inst[0].u_pe_3/N3) has been disconnected.
I: Const net (pin RSTX of inst u_top_yolo/u_layer2/genblk1.gen_pages[2].pe_inst.u_pe_page/pe_col_inst[0].u_pe_col/pe_inst[0].u_pe_3/N3) has been disconnected.
I: Const net (pin CEY1 of inst u_top_yolo/u_layer2/genblk1.gen_pages[2].pe_inst.u_pe_page/pe_col_inst[0].u_pe_col/pe_inst[0].u_pe_3/N3) has been disconnected.
I: Const net (pin RSTY of inst u_top_yolo/u_layer2/genblk1.gen_pages[2].pe_inst.u_pe_page/pe_col_inst[0].u_pe_col/pe_inst[0].u_pe_3/N3) has been disconnected.
I: Const net (pin CEP of inst u_top_yolo/u_layer2/genblk1.gen_pages[2].pe_inst.u_pe_page/pe_col_inst[0].u_pe_col/pe_inst[0].u_pe_3/N3) has been disconnected.
I: Const net (pin RSTP of inst u_top_yolo/u_layer2/genblk1.gen_pages[2].pe_inst.u_pe_page/pe_col_inst[0].u_pe_col/pe_inst[0].u_pe_3/N3) has been disconnected.
I: Const net (pin CEX1 of inst u_top_yolo/u_layer2/genblk1.gen_pages[2].pe_inst.u_pe_page/pe_col_inst[0].u_pe_col/pe_inst[0].u_pe_4/N3) has been disconnected.
I: Const net (pin RSTX of inst u_top_yolo/u_layer2/genblk1.gen_pages[2].pe_inst.u_pe_page/pe_col_inst[0].u_pe_col/pe_inst[0].u_pe_4/N3) has been disconnected.
I: Const net (pin CEY1 of inst u_top_yolo/u_layer2/genblk1.gen_pages[2].pe_inst.u_pe_page/pe_col_inst[0].u_pe_col/pe_inst[0].u_pe_4/N3) has been disconnected.
I: Const net (pin RSTY of inst u_top_yolo/u_layer2/genblk1.gen_pages[2].pe_inst.u_pe_page/pe_col_inst[0].u_pe_col/pe_inst[0].u_pe_4/N3) has been disconnected.
I: Const net (pin CEP of inst u_top_yolo/u_layer2/genblk1.gen_pages[2].pe_inst.u_pe_page/pe_col_inst[0].u_pe_col/pe_inst[0].u_pe_4/N3) has been disconnected.
I: Const net (pin RSTP of inst u_top_yolo/u_layer2/genblk1.gen_pages[2].pe_inst.u_pe_page/pe_col_inst[0].u_pe_col/pe_inst[0].u_pe_4/N3) has been disconnected.
I: Const net (pin CEX1 of inst u_top_yolo/u_layer2/genblk1.gen_pages[2].pe_inst.u_pe_page/pe_col_inst[0].u_pe_col/pe_inst[0].u_pe_5/N3) has been disconnected.
I: Const net (pin RSTX of inst u_top_yolo/u_layer2/genblk1.gen_pages[2].pe_inst.u_pe_page/pe_col_inst[0].u_pe_col/pe_inst[0].u_pe_5/N3) has been disconnected.
I: Const net (pin CEY1 of inst u_top_yolo/u_layer2/genblk1.gen_pages[2].pe_inst.u_pe_page/pe_col_inst[0].u_pe_col/pe_inst[0].u_pe_5/N3) has been disconnected.
I: Const net (pin RSTY of inst u_top_yolo/u_layer2/genblk1.gen_pages[2].pe_inst.u_pe_page/pe_col_inst[0].u_pe_col/pe_inst[0].u_pe_5/N3) has been disconnected.
I: Const net (pin CEP of inst u_top_yolo/u_layer2/genblk1.gen_pages[2].pe_inst.u_pe_page/pe_col_inst[0].u_pe_col/pe_inst[0].u_pe_5/N3) has been disconnected.
I: Const net (pin RSTP of inst u_top_yolo/u_layer2/genblk1.gen_pages[2].pe_inst.u_pe_page/pe_col_inst[0].u_pe_col/pe_inst[0].u_pe_5/N3) has been disconnected.
I: Const net (pin CEX1 of inst u_top_yolo/u_layer2/genblk1.gen_pages[2].pe_inst.u_pe_page/pe_col_inst[0].u_pe_col/pe_inst[0].u_pe_6/N3) has been disconnected.
I: Const net (pin RSTX of inst u_top_yolo/u_layer2/genblk1.gen_pages[2].pe_inst.u_pe_page/pe_col_inst[0].u_pe_col/pe_inst[0].u_pe_6/N3) has been disconnected.
I: Const net (pin CEY1 of inst u_top_yolo/u_layer2/genblk1.gen_pages[2].pe_inst.u_pe_page/pe_col_inst[0].u_pe_col/pe_inst[0].u_pe_6/N3) has been disconnected.
I: Const net (pin RSTY of inst u_top_yolo/u_layer2/genblk1.gen_pages[2].pe_inst.u_pe_page/pe_col_inst[0].u_pe_col/pe_inst[0].u_pe_6/N3) has been disconnected.
I: Const net (pin CEP of inst u_top_yolo/u_layer2/genblk1.gen_pages[2].pe_inst.u_pe_page/pe_col_inst[0].u_pe_col/pe_inst[0].u_pe_6/N3) has been disconnected.
I: Const net (pin RSTP of inst u_top_yolo/u_layer2/genblk1.gen_pages[2].pe_inst.u_pe_page/pe_col_inst[0].u_pe_col/pe_inst[0].u_pe_6/N3) has been disconnected.
I: Const net (pin CEX1 of inst u_top_yolo/u_layer2/genblk1.gen_pages[2].pe_inst.u_pe_page/pe_col_inst[0].u_pe_col/pe_inst[0].u_pe_7/N3) has been disconnected.
I: Const net (pin RSTX of inst u_top_yolo/u_layer2/genblk1.gen_pages[2].pe_inst.u_pe_page/pe_col_inst[0].u_pe_col/pe_inst[0].u_pe_7/N3) has been disconnected.
I: Const net (pin CEY1 of inst u_top_yolo/u_layer2/genblk1.gen_pages[2].pe_inst.u_pe_page/pe_col_inst[0].u_pe_col/pe_inst[0].u_pe_7/N3) has been disconnected.
I: Const net (pin RSTY of inst u_top_yolo/u_layer2/genblk1.gen_pages[2].pe_inst.u_pe_page/pe_col_inst[0].u_pe_col/pe_inst[0].u_pe_7/N3) has been disconnected.
I: Const net (pin CEP of inst u_top_yolo/u_layer2/genblk1.gen_pages[2].pe_inst.u_pe_page/pe_col_inst[0].u_pe_col/pe_inst[0].u_pe_7/N3) has been disconnected.
I: Const net (pin RSTP of inst u_top_yolo/u_layer2/genblk1.gen_pages[2].pe_inst.u_pe_page/pe_col_inst[0].u_pe_col/pe_inst[0].u_pe_7/N3) has been disconnected.
I: Const net (pin CEX1 of inst u_top_yolo/u_layer2/genblk1.gen_pages[2].pe_inst.u_pe_page/pe_col_inst[0].u_pe_col/pe_inst[0].u_pe_8/N3) has been disconnected.
I: Const net (pin RSTX of inst u_top_yolo/u_layer2/genblk1.gen_pages[2].pe_inst.u_pe_page/pe_col_inst[0].u_pe_col/pe_inst[0].u_pe_8/N3) has been disconnected.
I: Const net (pin CEY1 of inst u_top_yolo/u_layer2/genblk1.gen_pages[2].pe_inst.u_pe_page/pe_col_inst[0].u_pe_col/pe_inst[0].u_pe_8/N3) has been disconnected.
I: Const net (pin RSTY of inst u_top_yolo/u_layer2/genblk1.gen_pages[2].pe_inst.u_pe_page/pe_col_inst[0].u_pe_col/pe_inst[0].u_pe_8/N3) has been disconnected.
I: Const net (pin CEP of inst u_top_yolo/u_layer2/genblk1.gen_pages[2].pe_inst.u_pe_page/pe_col_inst[0].u_pe_col/pe_inst[0].u_pe_8/N3) has been disconnected.
I: Const net (pin RSTP of inst u_top_yolo/u_layer2/genblk1.gen_pages[2].pe_inst.u_pe_page/pe_col_inst[0].u_pe_col/pe_inst[0].u_pe_8/N3) has been disconnected.
I: Const net (pin CEX1 of inst u_top_yolo/u_layer2/genblk1.gen_pages[3].pe_inst.u_pe_page/pe_col_inst[0].u_pe_col/pe_inst[0].u_pe/N3) has been disconnected.
I: Const net (pin RSTX of inst u_top_yolo/u_layer2/genblk1.gen_pages[3].pe_inst.u_pe_page/pe_col_inst[0].u_pe_col/pe_inst[0].u_pe/N3) has been disconnected.
I: Const net (pin CEY1 of inst u_top_yolo/u_layer2/genblk1.gen_pages[3].pe_inst.u_pe_page/pe_col_inst[0].u_pe_col/pe_inst[0].u_pe/N3) has been disconnected.
I: Const net (pin RSTY of inst u_top_yolo/u_layer2/genblk1.gen_pages[3].pe_inst.u_pe_page/pe_col_inst[0].u_pe_col/pe_inst[0].u_pe/N3) has been disconnected.
I: Const net (pin CEP of inst u_top_yolo/u_layer2/genblk1.gen_pages[3].pe_inst.u_pe_page/pe_col_inst[0].u_pe_col/pe_inst[0].u_pe/N3) has been disconnected.
I: Const net (pin RSTP of inst u_top_yolo/u_layer2/genblk1.gen_pages[3].pe_inst.u_pe_page/pe_col_inst[0].u_pe_col/pe_inst[0].u_pe/N3) has been disconnected.
I: Const net (pin CEX1 of inst u_top_yolo/u_layer2/genblk1.gen_pages[3].pe_inst.u_pe_page/pe_col_inst[0].u_pe_col/pe_inst[0].u_pe_1/N3) has been disconnected.
I: Const net (pin RSTX of inst u_top_yolo/u_layer2/genblk1.gen_pages[3].pe_inst.u_pe_page/pe_col_inst[0].u_pe_col/pe_inst[0].u_pe_1/N3) has been disconnected.
I: Const net (pin CEY1 of inst u_top_yolo/u_layer2/genblk1.gen_pages[3].pe_inst.u_pe_page/pe_col_inst[0].u_pe_col/pe_inst[0].u_pe_1/N3) has been disconnected.
I: Const net (pin RSTY of inst u_top_yolo/u_layer2/genblk1.gen_pages[3].pe_inst.u_pe_page/pe_col_inst[0].u_pe_col/pe_inst[0].u_pe_1/N3) has been disconnected.
I: Const net (pin CEP of inst u_top_yolo/u_layer2/genblk1.gen_pages[3].pe_inst.u_pe_page/pe_col_inst[0].u_pe_col/pe_inst[0].u_pe_1/N3) has been disconnected.
I: Const net (pin RSTP of inst u_top_yolo/u_layer2/genblk1.gen_pages[3].pe_inst.u_pe_page/pe_col_inst[0].u_pe_col/pe_inst[0].u_pe_1/N3) has been disconnected.
I: Const net (pin CEX1 of inst u_top_yolo/u_layer2/genblk1.gen_pages[3].pe_inst.u_pe_page/pe_col_inst[0].u_pe_col/pe_inst[0].u_pe_2/N3) has been disconnected.
I: Const net (pin RSTX of inst u_top_yolo/u_layer2/genblk1.gen_pages[3].pe_inst.u_pe_page/pe_col_inst[0].u_pe_col/pe_inst[0].u_pe_2/N3) has been disconnected.
I: Const net (pin CEY1 of inst u_top_yolo/u_layer2/genblk1.gen_pages[3].pe_inst.u_pe_page/pe_col_inst[0].u_pe_col/pe_inst[0].u_pe_2/N3) has been disconnected.
I: Const net (pin RSTY of inst u_top_yolo/u_layer2/genblk1.gen_pages[3].pe_inst.u_pe_page/pe_col_inst[0].u_pe_col/pe_inst[0].u_pe_2/N3) has been disconnected.
I: Const net (pin CEP of inst u_top_yolo/u_layer2/genblk1.gen_pages[3].pe_inst.u_pe_page/pe_col_inst[0].u_pe_col/pe_inst[0].u_pe_2/N3) has been disconnected.
I: Const net (pin RSTP of inst u_top_yolo/u_layer2/genblk1.gen_pages[3].pe_inst.u_pe_page/pe_col_inst[0].u_pe_col/pe_inst[0].u_pe_2/N3) has been disconnected.
I: Const net (pin CEX1 of inst u_top_yolo/u_layer2/genblk1.gen_pages[3].pe_inst.u_pe_page/pe_col_inst[0].u_pe_col/pe_inst[0].u_pe_3/N3) has been disconnected.
I: Const net (pin RSTX of inst u_top_yolo/u_layer2/genblk1.gen_pages[3].pe_inst.u_pe_page/pe_col_inst[0].u_pe_col/pe_inst[0].u_pe_3/N3) has been disconnected.
I: Const net (pin CEY1 of inst u_top_yolo/u_layer2/genblk1.gen_pages[3].pe_inst.u_pe_page/pe_col_inst[0].u_pe_col/pe_inst[0].u_pe_3/N3) has been disconnected.
I: Const net (pin RSTY of inst u_top_yolo/u_layer2/genblk1.gen_pages[3].pe_inst.u_pe_page/pe_col_inst[0].u_pe_col/pe_inst[0].u_pe_3/N3) has been disconnected.
I: Const net (pin CEP of inst u_top_yolo/u_layer2/genblk1.gen_pages[3].pe_inst.u_pe_page/pe_col_inst[0].u_pe_col/pe_inst[0].u_pe_3/N3) has been disconnected.
I: Const net (pin RSTP of inst u_top_yolo/u_layer2/genblk1.gen_pages[3].pe_inst.u_pe_page/pe_col_inst[0].u_pe_col/pe_inst[0].u_pe_3/N3) has been disconnected.
I: Const net (pin CEX1 of inst u_top_yolo/u_layer2/genblk1.gen_pages[3].pe_inst.u_pe_page/pe_col_inst[0].u_pe_col/pe_inst[0].u_pe_4/N3) has been disconnected.
I: Const net (pin RSTX of inst u_top_yolo/u_layer2/genblk1.gen_pages[3].pe_inst.u_pe_page/pe_col_inst[0].u_pe_col/pe_inst[0].u_pe_4/N3) has been disconnected.
I: Const net (pin CEY1 of inst u_top_yolo/u_layer2/genblk1.gen_pages[3].pe_inst.u_pe_page/pe_col_inst[0].u_pe_col/pe_inst[0].u_pe_4/N3) has been disconnected.
I: Const net (pin RSTY of inst u_top_yolo/u_layer2/genblk1.gen_pages[3].pe_inst.u_pe_page/pe_col_inst[0].u_pe_col/pe_inst[0].u_pe_4/N3) has been disconnected.
I: Const net (pin CEP of inst u_top_yolo/u_layer2/genblk1.gen_pages[3].pe_inst.u_pe_page/pe_col_inst[0].u_pe_col/pe_inst[0].u_pe_4/N3) has been disconnected.
I: Const net (pin RSTP of inst u_top_yolo/u_layer2/genblk1.gen_pages[3].pe_inst.u_pe_page/pe_col_inst[0].u_pe_col/pe_inst[0].u_pe_4/N3) has been disconnected.
I: Const net (pin CEX1 of inst u_top_yolo/u_layer2/genblk1.gen_pages[3].pe_inst.u_pe_page/pe_col_inst[0].u_pe_col/pe_inst[0].u_pe_5/N3) has been disconnected.
I: Const net (pin RSTX of inst u_top_yolo/u_layer2/genblk1.gen_pages[3].pe_inst.u_pe_page/pe_col_inst[0].u_pe_col/pe_inst[0].u_pe_5/N3) has been disconnected.
I: Const net (pin CEY1 of inst u_top_yolo/u_layer2/genblk1.gen_pages[3].pe_inst.u_pe_page/pe_col_inst[0].u_pe_col/pe_inst[0].u_pe_5/N3) has been disconnected.
I: Const net (pin RSTY of inst u_top_yolo/u_layer2/genblk1.gen_pages[3].pe_inst.u_pe_page/pe_col_inst[0].u_pe_col/pe_inst[0].u_pe_5/N3) has been disconnected.
I: Const net (pin CEP of inst u_top_yolo/u_layer2/genblk1.gen_pages[3].pe_inst.u_pe_page/pe_col_inst[0].u_pe_col/pe_inst[0].u_pe_5/N3) has been disconnected.
I: Const net (pin RSTP of inst u_top_yolo/u_layer2/genblk1.gen_pages[3].pe_inst.u_pe_page/pe_col_inst[0].u_pe_col/pe_inst[0].u_pe_5/N3) has been disconnected.
I: Const net (pin CEX1 of inst u_top_yolo/u_layer2/genblk1.gen_pages[3].pe_inst.u_pe_page/pe_col_inst[0].u_pe_col/pe_inst[0].u_pe_6/N3) has been disconnected.
I: Const net (pin RSTX of inst u_top_yolo/u_layer2/genblk1.gen_pages[3].pe_inst.u_pe_page/pe_col_inst[0].u_pe_col/pe_inst[0].u_pe_6/N3) has been disconnected.
I: Const net (pin CEY1 of inst u_top_yolo/u_layer2/genblk1.gen_pages[3].pe_inst.u_pe_page/pe_col_inst[0].u_pe_col/pe_inst[0].u_pe_6/N3) has been disconnected.
I: Const net (pin RSTY of inst u_top_yolo/u_layer2/genblk1.gen_pages[3].pe_inst.u_pe_page/pe_col_inst[0].u_pe_col/pe_inst[0].u_pe_6/N3) has been disconnected.
I: Const net (pin CEP of inst u_top_yolo/u_layer2/genblk1.gen_pages[3].pe_inst.u_pe_page/pe_col_inst[0].u_pe_col/pe_inst[0].u_pe_6/N3) has been disconnected.
I: Const net (pin RSTP of inst u_top_yolo/u_layer2/genblk1.gen_pages[3].pe_inst.u_pe_page/pe_col_inst[0].u_pe_col/pe_inst[0].u_pe_6/N3) has been disconnected.
I: Const net (pin CEX1 of inst u_top_yolo/u_layer2/genblk1.gen_pages[3].pe_inst.u_pe_page/pe_col_inst[0].u_pe_col/pe_inst[0].u_pe_7/N3) has been disconnected.
I: Const net (pin RSTX of inst u_top_yolo/u_layer2/genblk1.gen_pages[3].pe_inst.u_pe_page/pe_col_inst[0].u_pe_col/pe_inst[0].u_pe_7/N3) has been disconnected.
I: Const net (pin CEY1 of inst u_top_yolo/u_layer2/genblk1.gen_pages[3].pe_inst.u_pe_page/pe_col_inst[0].u_pe_col/pe_inst[0].u_pe_7/N3) has been disconnected.
I: Const net (pin RSTY of inst u_top_yolo/u_layer2/genblk1.gen_pages[3].pe_inst.u_pe_page/pe_col_inst[0].u_pe_col/pe_inst[0].u_pe_7/N3) has been disconnected.
I: Const net (pin CEP of inst u_top_yolo/u_layer2/genblk1.gen_pages[3].pe_inst.u_pe_page/pe_col_inst[0].u_pe_col/pe_inst[0].u_pe_7/N3) has been disconnected.
I: Const net (pin RSTP of inst u_top_yolo/u_layer2/genblk1.gen_pages[3].pe_inst.u_pe_page/pe_col_inst[0].u_pe_col/pe_inst[0].u_pe_7/N3) has been disconnected.
I: Const net (pin CEX1 of inst u_top_yolo/u_layer2/genblk1.gen_pages[3].pe_inst.u_pe_page/pe_col_inst[0].u_pe_col/pe_inst[0].u_pe_8/N3) has been disconnected.
I: Const net (pin RSTX of inst u_top_yolo/u_layer2/genblk1.gen_pages[3].pe_inst.u_pe_page/pe_col_inst[0].u_pe_col/pe_inst[0].u_pe_8/N3) has been disconnected.
I: Const net (pin CEY1 of inst u_top_yolo/u_layer2/genblk1.gen_pages[3].pe_inst.u_pe_page/pe_col_inst[0].u_pe_col/pe_inst[0].u_pe_8/N3) has been disconnected.
I: Const net (pin RSTY of inst u_top_yolo/u_layer2/genblk1.gen_pages[3].pe_inst.u_pe_page/pe_col_inst[0].u_pe_col/pe_inst[0].u_pe_8/N3) has been disconnected.
I: Const net (pin CEP of inst u_top_yolo/u_layer2/genblk1.gen_pages[3].pe_inst.u_pe_page/pe_col_inst[0].u_pe_col/pe_inst[0].u_pe_8/N3) has been disconnected.
I: Const net (pin RSTP of inst u_top_yolo/u_layer2/genblk1.gen_pages[3].pe_inst.u_pe_page/pe_col_inst[0].u_pe_col/pe_inst[0].u_pe_8/N3) has been disconnected.
I: Const net (pin CEX1 of inst u_top_yolo/u_layer3/genblk1.gen_pages[0].pe_inst.u_pe_page/pe_col_inst[0].u_pe_col/pe_inst[0].u_pe/N3) has been disconnected.
I: Const net (pin RSTX of inst u_top_yolo/u_layer3/genblk1.gen_pages[0].pe_inst.u_pe_page/pe_col_inst[0].u_pe_col/pe_inst[0].u_pe/N3) has been disconnected.
I: Const net (pin CEY1 of inst u_top_yolo/u_layer3/genblk1.gen_pages[0].pe_inst.u_pe_page/pe_col_inst[0].u_pe_col/pe_inst[0].u_pe/N3) has been disconnected.
I: Const net (pin RSTY of inst u_top_yolo/u_layer3/genblk1.gen_pages[0].pe_inst.u_pe_page/pe_col_inst[0].u_pe_col/pe_inst[0].u_pe/N3) has been disconnected.
I: Const net (pin CEP of inst u_top_yolo/u_layer3/genblk1.gen_pages[0].pe_inst.u_pe_page/pe_col_inst[0].u_pe_col/pe_inst[0].u_pe/N3) has been disconnected.
I: Const net (pin RSTP of inst u_top_yolo/u_layer3/genblk1.gen_pages[0].pe_inst.u_pe_page/pe_col_inst[0].u_pe_col/pe_inst[0].u_pe/N3) has been disconnected.
I: Const net (pin CEX1 of inst u_top_yolo/u_layer3/genblk1.gen_pages[0].pe_inst.u_pe_page/pe_col_inst[0].u_pe_col/pe_inst[0].u_pe_1/N3) has been disconnected.
I: Const net (pin RSTX of inst u_top_yolo/u_layer3/genblk1.gen_pages[0].pe_inst.u_pe_page/pe_col_inst[0].u_pe_col/pe_inst[0].u_pe_1/N3) has been disconnected.
I: Const net (pin CEY1 of inst u_top_yolo/u_layer3/genblk1.gen_pages[0].pe_inst.u_pe_page/pe_col_inst[0].u_pe_col/pe_inst[0].u_pe_1/N3) has been disconnected.
I: Const net (pin RSTY of inst u_top_yolo/u_layer3/genblk1.gen_pages[0].pe_inst.u_pe_page/pe_col_inst[0].u_pe_col/pe_inst[0].u_pe_1/N3) has been disconnected.
I: Const net (pin CEP of inst u_top_yolo/u_layer3/genblk1.gen_pages[0].pe_inst.u_pe_page/pe_col_inst[0].u_pe_col/pe_inst[0].u_pe_1/N3) has been disconnected.
I: Const net (pin RSTP of inst u_top_yolo/u_layer3/genblk1.gen_pages[0].pe_inst.u_pe_page/pe_col_inst[0].u_pe_col/pe_inst[0].u_pe_1/N3) has been disconnected.
I: Const net (pin CEX1 of inst u_top_yolo/u_layer3/genblk1.gen_pages[0].pe_inst.u_pe_page/pe_col_inst[0].u_pe_col/pe_inst[0].u_pe_2/N3) has been disconnected.
I: Const net (pin RSTX of inst u_top_yolo/u_layer3/genblk1.gen_pages[0].pe_inst.u_pe_page/pe_col_inst[0].u_pe_col/pe_inst[0].u_pe_2/N3) has been disconnected.
I: Const net (pin CEY1 of inst u_top_yolo/u_layer3/genblk1.gen_pages[0].pe_inst.u_pe_page/pe_col_inst[0].u_pe_col/pe_inst[0].u_pe_2/N3) has been disconnected.
I: Const net (pin RSTY of inst u_top_yolo/u_layer3/genblk1.gen_pages[0].pe_inst.u_pe_page/pe_col_inst[0].u_pe_col/pe_inst[0].u_pe_2/N3) has been disconnected.
I: Const net (pin CEP of inst u_top_yolo/u_layer3/genblk1.gen_pages[0].pe_inst.u_pe_page/pe_col_inst[0].u_pe_col/pe_inst[0].u_pe_2/N3) has been disconnected.
I: Const net (pin RSTP of inst u_top_yolo/u_layer3/genblk1.gen_pages[0].pe_inst.u_pe_page/pe_col_inst[0].u_pe_col/pe_inst[0].u_pe_2/N3) has been disconnected.
I: Const net (pin CEX1 of inst u_top_yolo/u_layer3/genblk1.gen_pages[0].pe_inst.u_pe_page/pe_col_inst[0].u_pe_col/pe_inst[0].u_pe_3/N3) has been disconnected.
I: Const net (pin RSTX of inst u_top_yolo/u_layer3/genblk1.gen_pages[0].pe_inst.u_pe_page/pe_col_inst[0].u_pe_col/pe_inst[0].u_pe_3/N3) has been disconnected.
I: Const net (pin CEY1 of inst u_top_yolo/u_layer3/genblk1.gen_pages[0].pe_inst.u_pe_page/pe_col_inst[0].u_pe_col/pe_inst[0].u_pe_3/N3) has been disconnected.
I: Const net (pin RSTY of inst u_top_yolo/u_layer3/genblk1.gen_pages[0].pe_inst.u_pe_page/pe_col_inst[0].u_pe_col/pe_inst[0].u_pe_3/N3) has been disconnected.
I: Const net (pin CEP of inst u_top_yolo/u_layer3/genblk1.gen_pages[0].pe_inst.u_pe_page/pe_col_inst[0].u_pe_col/pe_inst[0].u_pe_3/N3) has been disconnected.
I: Const net (pin RSTP of inst u_top_yolo/u_layer3/genblk1.gen_pages[0].pe_inst.u_pe_page/pe_col_inst[0].u_pe_col/pe_inst[0].u_pe_3/N3) has been disconnected.
I: Const net (pin CEX1 of inst u_top_yolo/u_layer3/genblk1.gen_pages[0].pe_inst.u_pe_page/pe_col_inst[0].u_pe_col/pe_inst[0].u_pe_4/N3) has been disconnected.
I: Const net (pin RSTX of inst u_top_yolo/u_layer3/genblk1.gen_pages[0].pe_inst.u_pe_page/pe_col_inst[0].u_pe_col/pe_inst[0].u_pe_4/N3) has been disconnected.
I: Const net (pin CEY1 of inst u_top_yolo/u_layer3/genblk1.gen_pages[0].pe_inst.u_pe_page/pe_col_inst[0].u_pe_col/pe_inst[0].u_pe_4/N3) has been disconnected.
I: Const net (pin RSTY of inst u_top_yolo/u_layer3/genblk1.gen_pages[0].pe_inst.u_pe_page/pe_col_inst[0].u_pe_col/pe_inst[0].u_pe_4/N3) has been disconnected.
I: Const net (pin CEP of inst u_top_yolo/u_layer3/genblk1.gen_pages[0].pe_inst.u_pe_page/pe_col_inst[0].u_pe_col/pe_inst[0].u_pe_4/N3) has been disconnected.
I: Const net (pin RSTP of inst u_top_yolo/u_layer3/genblk1.gen_pages[0].pe_inst.u_pe_page/pe_col_inst[0].u_pe_col/pe_inst[0].u_pe_4/N3) has been disconnected.
I: Const net (pin CEX1 of inst u_top_yolo/u_layer3/genblk1.gen_pages[0].pe_inst.u_pe_page/pe_col_inst[0].u_pe_col/pe_inst[0].u_pe_5/N3) has been disconnected.
I: Const net (pin RSTX of inst u_top_yolo/u_layer3/genblk1.gen_pages[0].pe_inst.u_pe_page/pe_col_inst[0].u_pe_col/pe_inst[0].u_pe_5/N3) has been disconnected.
I: Const net (pin CEY1 of inst u_top_yolo/u_layer3/genblk1.gen_pages[0].pe_inst.u_pe_page/pe_col_inst[0].u_pe_col/pe_inst[0].u_pe_5/N3) has been disconnected.
I: Const net (pin RSTY of inst u_top_yolo/u_layer3/genblk1.gen_pages[0].pe_inst.u_pe_page/pe_col_inst[0].u_pe_col/pe_inst[0].u_pe_5/N3) has been disconnected.
I: Const net (pin CEP of inst u_top_yolo/u_layer3/genblk1.gen_pages[0].pe_inst.u_pe_page/pe_col_inst[0].u_pe_col/pe_inst[0].u_pe_5/N3) has been disconnected.
I: Const net (pin RSTP of inst u_top_yolo/u_layer3/genblk1.gen_pages[0].pe_inst.u_pe_page/pe_col_inst[0].u_pe_col/pe_inst[0].u_pe_5/N3) has been disconnected.
I: Const net (pin CEX1 of inst u_top_yolo/u_layer3/genblk1.gen_pages[0].pe_inst.u_pe_page/pe_col_inst[0].u_pe_col/pe_inst[0].u_pe_6/N3) has been disconnected.
I: Const net (pin RSTX of inst u_top_yolo/u_layer3/genblk1.gen_pages[0].pe_inst.u_pe_page/pe_col_inst[0].u_pe_col/pe_inst[0].u_pe_6/N3) has been disconnected.
I: Const net (pin CEY1 of inst u_top_yolo/u_layer3/genblk1.gen_pages[0].pe_inst.u_pe_page/pe_col_inst[0].u_pe_col/pe_inst[0].u_pe_6/N3) has been disconnected.
I: Const net (pin RSTY of inst u_top_yolo/u_layer3/genblk1.gen_pages[0].pe_inst.u_pe_page/pe_col_inst[0].u_pe_col/pe_inst[0].u_pe_6/N3) has been disconnected.
I: Const net (pin CEP of inst u_top_yolo/u_layer3/genblk1.gen_pages[0].pe_inst.u_pe_page/pe_col_inst[0].u_pe_col/pe_inst[0].u_pe_6/N3) has been disconnected.
I: Const net (pin RSTP of inst u_top_yolo/u_layer3/genblk1.gen_pages[0].pe_inst.u_pe_page/pe_col_inst[0].u_pe_col/pe_inst[0].u_pe_6/N3) has been disconnected.
I: Const net (pin CEX1 of inst u_top_yolo/u_layer3/genblk1.gen_pages[0].pe_inst.u_pe_page/pe_col_inst[0].u_pe_col/pe_inst[0].u_pe_7/N3) has been disconnected.
I: Const net (pin RSTX of inst u_top_yolo/u_layer3/genblk1.gen_pages[0].pe_inst.u_pe_page/pe_col_inst[0].u_pe_col/pe_inst[0].u_pe_7/N3) has been disconnected.
I: Const net (pin CEY1 of inst u_top_yolo/u_layer3/genblk1.gen_pages[0].pe_inst.u_pe_page/pe_col_inst[0].u_pe_col/pe_inst[0].u_pe_7/N3) has been disconnected.
I: Const net (pin RSTY of inst u_top_yolo/u_layer3/genblk1.gen_pages[0].pe_inst.u_pe_page/pe_col_inst[0].u_pe_col/pe_inst[0].u_pe_7/N3) has been disconnected.
I: Const net (pin CEP of inst u_top_yolo/u_layer3/genblk1.gen_pages[0].pe_inst.u_pe_page/pe_col_inst[0].u_pe_col/pe_inst[0].u_pe_7/N3) has been disconnected.
I: Const net (pin RSTP of inst u_top_yolo/u_layer3/genblk1.gen_pages[0].pe_inst.u_pe_page/pe_col_inst[0].u_pe_col/pe_inst[0].u_pe_7/N3) has been disconnected.
I: Const net (pin CEX1 of inst u_top_yolo/u_layer3/genblk1.gen_pages[0].pe_inst.u_pe_page/pe_col_inst[0].u_pe_col/pe_inst[0].u_pe_8/N3) has been disconnected.
I: Const net (pin RSTX of inst u_top_yolo/u_layer3/genblk1.gen_pages[0].pe_inst.u_pe_page/pe_col_inst[0].u_pe_col/pe_inst[0].u_pe_8/N3) has been disconnected.
I: Const net (pin CEY1 of inst u_top_yolo/u_layer3/genblk1.gen_pages[0].pe_inst.u_pe_page/pe_col_inst[0].u_pe_col/pe_inst[0].u_pe_8/N3) has been disconnected.
I: Const net (pin RSTY of inst u_top_yolo/u_layer3/genblk1.gen_pages[0].pe_inst.u_pe_page/pe_col_inst[0].u_pe_col/pe_inst[0].u_pe_8/N3) has been disconnected.
I: Const net (pin CEP of inst u_top_yolo/u_layer3/genblk1.gen_pages[0].pe_inst.u_pe_page/pe_col_inst[0].u_pe_col/pe_inst[0].u_pe_8/N3) has been disconnected.
I: Const net (pin RSTP of inst u_top_yolo/u_layer3/genblk1.gen_pages[0].pe_inst.u_pe_page/pe_col_inst[0].u_pe_col/pe_inst[0].u_pe_8/N3) has been disconnected.
I: Const net (pin CEX1 of inst u_top_yolo/u_layer3/genblk1.gen_pages[0].pe_inst.u_pe_page/pe_col_inst[1].u_pe_col/pe_inst[0].u_pe/N3) has been disconnected.
I: Const net (pin RSTX of inst u_top_yolo/u_layer3/genblk1.gen_pages[0].pe_inst.u_pe_page/pe_col_inst[1].u_pe_col/pe_inst[0].u_pe/N3) has been disconnected.
I: Const net (pin CEY1 of inst u_top_yolo/u_layer3/genblk1.gen_pages[0].pe_inst.u_pe_page/pe_col_inst[1].u_pe_col/pe_inst[0].u_pe/N3) has been disconnected.
I: Const net (pin RSTY of inst u_top_yolo/u_layer3/genblk1.gen_pages[0].pe_inst.u_pe_page/pe_col_inst[1].u_pe_col/pe_inst[0].u_pe/N3) has been disconnected.
I: Const net (pin CEP of inst u_top_yolo/u_layer3/genblk1.gen_pages[0].pe_inst.u_pe_page/pe_col_inst[1].u_pe_col/pe_inst[0].u_pe/N3) has been disconnected.
I: Const net (pin RSTP of inst u_top_yolo/u_layer3/genblk1.gen_pages[0].pe_inst.u_pe_page/pe_col_inst[1].u_pe_col/pe_inst[0].u_pe/N3) has been disconnected.
I: Const net (pin CEX1 of inst u_top_yolo/u_layer3/genblk1.gen_pages[0].pe_inst.u_pe_page/pe_col_inst[1].u_pe_col/pe_inst[0].u_pe_1/N3) has been disconnected.
I: Const net (pin RSTX of inst u_top_yolo/u_layer3/genblk1.gen_pages[0].pe_inst.u_pe_page/pe_col_inst[1].u_pe_col/pe_inst[0].u_pe_1/N3) has been disconnected.
I: Const net (pin CEY1 of inst u_top_yolo/u_layer3/genblk1.gen_pages[0].pe_inst.u_pe_page/pe_col_inst[1].u_pe_col/pe_inst[0].u_pe_1/N3) has been disconnected.
I: Const net (pin RSTY of inst u_top_yolo/u_layer3/genblk1.gen_pages[0].pe_inst.u_pe_page/pe_col_inst[1].u_pe_col/pe_inst[0].u_pe_1/N3) has been disconnected.
I: Const net (pin CEP of inst u_top_yolo/u_layer3/genblk1.gen_pages[0].pe_inst.u_pe_page/pe_col_inst[1].u_pe_col/pe_inst[0].u_pe_1/N3) has been disconnected.
I: Const net (pin RSTP of inst u_top_yolo/u_layer3/genblk1.gen_pages[0].pe_inst.u_pe_page/pe_col_inst[1].u_pe_col/pe_inst[0].u_pe_1/N3) has been disconnected.
I: Const net (pin CEX1 of inst u_top_yolo/u_layer3/genblk1.gen_pages[0].pe_inst.u_pe_page/pe_col_inst[1].u_pe_col/pe_inst[0].u_pe_2/N3) has been disconnected.
I: Const net (pin RSTX of inst u_top_yolo/u_layer3/genblk1.gen_pages[0].pe_inst.u_pe_page/pe_col_inst[1].u_pe_col/pe_inst[0].u_pe_2/N3) has been disconnected.
I: Const net (pin CEY1 of inst u_top_yolo/u_layer3/genblk1.gen_pages[0].pe_inst.u_pe_page/pe_col_inst[1].u_pe_col/pe_inst[0].u_pe_2/N3) has been disconnected.
I: Const net (pin RSTY of inst u_top_yolo/u_layer3/genblk1.gen_pages[0].pe_inst.u_pe_page/pe_col_inst[1].u_pe_col/pe_inst[0].u_pe_2/N3) has been disconnected.
I: Const net (pin CEP of inst u_top_yolo/u_layer3/genblk1.gen_pages[0].pe_inst.u_pe_page/pe_col_inst[1].u_pe_col/pe_inst[0].u_pe_2/N3) has been disconnected.
I: Const net (pin RSTP of inst u_top_yolo/u_layer3/genblk1.gen_pages[0].pe_inst.u_pe_page/pe_col_inst[1].u_pe_col/pe_inst[0].u_pe_2/N3) has been disconnected.
I: Const net (pin CEX1 of inst u_top_yolo/u_layer3/genblk1.gen_pages[0].pe_inst.u_pe_page/pe_col_inst[1].u_pe_col/pe_inst[0].u_pe_3/N3) has been disconnected.
I: Const net (pin RSTX of inst u_top_yolo/u_layer3/genblk1.gen_pages[0].pe_inst.u_pe_page/pe_col_inst[1].u_pe_col/pe_inst[0].u_pe_3/N3) has been disconnected.
I: Const net (pin CEY1 of inst u_top_yolo/u_layer3/genblk1.gen_pages[0].pe_inst.u_pe_page/pe_col_inst[1].u_pe_col/pe_inst[0].u_pe_3/N3) has been disconnected.
I: Const net (pin RSTY of inst u_top_yolo/u_layer3/genblk1.gen_pages[0].pe_inst.u_pe_page/pe_col_inst[1].u_pe_col/pe_inst[0].u_pe_3/N3) has been disconnected.
I: Const net (pin CEP of inst u_top_yolo/u_layer3/genblk1.gen_pages[0].pe_inst.u_pe_page/pe_col_inst[1].u_pe_col/pe_inst[0].u_pe_3/N3) has been disconnected.
I: Const net (pin RSTP of inst u_top_yolo/u_layer3/genblk1.gen_pages[0].pe_inst.u_pe_page/pe_col_inst[1].u_pe_col/pe_inst[0].u_pe_3/N3) has been disconnected.
I: Const net (pin CEX1 of inst u_top_yolo/u_layer3/genblk1.gen_pages[0].pe_inst.u_pe_page/pe_col_inst[1].u_pe_col/pe_inst[0].u_pe_4/N3) has been disconnected.
I: Const net (pin RSTX of inst u_top_yolo/u_layer3/genblk1.gen_pages[0].pe_inst.u_pe_page/pe_col_inst[1].u_pe_col/pe_inst[0].u_pe_4/N3) has been disconnected.
I: Const net (pin CEY1 of inst u_top_yolo/u_layer3/genblk1.gen_pages[0].pe_inst.u_pe_page/pe_col_inst[1].u_pe_col/pe_inst[0].u_pe_4/N3) has been disconnected.
I: Const net (pin RSTY of inst u_top_yolo/u_layer3/genblk1.gen_pages[0].pe_inst.u_pe_page/pe_col_inst[1].u_pe_col/pe_inst[0].u_pe_4/N3) has been disconnected.
I: Const net (pin CEP of inst u_top_yolo/u_layer3/genblk1.gen_pages[0].pe_inst.u_pe_page/pe_col_inst[1].u_pe_col/pe_inst[0].u_pe_4/N3) has been disconnected.
I: Const net (pin RSTP of inst u_top_yolo/u_layer3/genblk1.gen_pages[0].pe_inst.u_pe_page/pe_col_inst[1].u_pe_col/pe_inst[0].u_pe_4/N3) has been disconnected.
I: Const net (pin CEX1 of inst u_top_yolo/u_layer3/genblk1.gen_pages[0].pe_inst.u_pe_page/pe_col_inst[1].u_pe_col/pe_inst[0].u_pe_5/N3) has been disconnected.
I: Const net (pin RSTX of inst u_top_yolo/u_layer3/genblk1.gen_pages[0].pe_inst.u_pe_page/pe_col_inst[1].u_pe_col/pe_inst[0].u_pe_5/N3) has been disconnected.
I: Const net (pin CEY1 of inst u_top_yolo/u_layer3/genblk1.gen_pages[0].pe_inst.u_pe_page/pe_col_inst[1].u_pe_col/pe_inst[0].u_pe_5/N3) has been disconnected.
I: Const net (pin RSTY of inst u_top_yolo/u_layer3/genblk1.gen_pages[0].pe_inst.u_pe_page/pe_col_inst[1].u_pe_col/pe_inst[0].u_pe_5/N3) has been disconnected.
I: Const net (pin CEP of inst u_top_yolo/u_layer3/genblk1.gen_pages[0].pe_inst.u_pe_page/pe_col_inst[1].u_pe_col/pe_inst[0].u_pe_5/N3) has been disconnected.
I: Const net (pin RSTP of inst u_top_yolo/u_layer3/genblk1.gen_pages[0].pe_inst.u_pe_page/pe_col_inst[1].u_pe_col/pe_inst[0].u_pe_5/N3) has been disconnected.
I: Const net (pin CEX1 of inst u_top_yolo/u_layer3/genblk1.gen_pages[0].pe_inst.u_pe_page/pe_col_inst[1].u_pe_col/pe_inst[0].u_pe_6/N3) has been disconnected.
I: Const net (pin RSTX of inst u_top_yolo/u_layer3/genblk1.gen_pages[0].pe_inst.u_pe_page/pe_col_inst[1].u_pe_col/pe_inst[0].u_pe_6/N3) has been disconnected.
I: Const net (pin CEY1 of inst u_top_yolo/u_layer3/genblk1.gen_pages[0].pe_inst.u_pe_page/pe_col_inst[1].u_pe_col/pe_inst[0].u_pe_6/N3) has been disconnected.
I: Const net (pin RSTY of inst u_top_yolo/u_layer3/genblk1.gen_pages[0].pe_inst.u_pe_page/pe_col_inst[1].u_pe_col/pe_inst[0].u_pe_6/N3) has been disconnected.
I: Const net (pin CEP of inst u_top_yolo/u_layer3/genblk1.gen_pages[0].pe_inst.u_pe_page/pe_col_inst[1].u_pe_col/pe_inst[0].u_pe_6/N3) has been disconnected.
I: Const net (pin RSTP of inst u_top_yolo/u_layer3/genblk1.gen_pages[0].pe_inst.u_pe_page/pe_col_inst[1].u_pe_col/pe_inst[0].u_pe_6/N3) has been disconnected.
I: Const net (pin CEX1 of inst u_top_yolo/u_layer3/genblk1.gen_pages[0].pe_inst.u_pe_page/pe_col_inst[1].u_pe_col/pe_inst[0].u_pe_7/N3) has been disconnected.
I: Const net (pin RSTX of inst u_top_yolo/u_layer3/genblk1.gen_pages[0].pe_inst.u_pe_page/pe_col_inst[1].u_pe_col/pe_inst[0].u_pe_7/N3) has been disconnected.
I: Const net (pin CEY1 of inst u_top_yolo/u_layer3/genblk1.gen_pages[0].pe_inst.u_pe_page/pe_col_inst[1].u_pe_col/pe_inst[0].u_pe_7/N3) has been disconnected.
I: Const net (pin RSTY of inst u_top_yolo/u_layer3/genblk1.gen_pages[0].pe_inst.u_pe_page/pe_col_inst[1].u_pe_col/pe_inst[0].u_pe_7/N3) has been disconnected.
I: Const net (pin CEP of inst u_top_yolo/u_layer3/genblk1.gen_pages[0].pe_inst.u_pe_page/pe_col_inst[1].u_pe_col/pe_inst[0].u_pe_7/N3) has been disconnected.
I: Const net (pin RSTP of inst u_top_yolo/u_layer3/genblk1.gen_pages[0].pe_inst.u_pe_page/pe_col_inst[1].u_pe_col/pe_inst[0].u_pe_7/N3) has been disconnected.
I: Const net (pin CEX1 of inst u_top_yolo/u_layer3/genblk1.gen_pages[0].pe_inst.u_pe_page/pe_col_inst[1].u_pe_col/pe_inst[0].u_pe_8/N3) has been disconnected.
I: Const net (pin RSTX of inst u_top_yolo/u_layer3/genblk1.gen_pages[0].pe_inst.u_pe_page/pe_col_inst[1].u_pe_col/pe_inst[0].u_pe_8/N3) has been disconnected.
I: Const net (pin CEY1 of inst u_top_yolo/u_layer3/genblk1.gen_pages[0].pe_inst.u_pe_page/pe_col_inst[1].u_pe_col/pe_inst[0].u_pe_8/N3) has been disconnected.
I: Const net (pin RSTY of inst u_top_yolo/u_layer3/genblk1.gen_pages[0].pe_inst.u_pe_page/pe_col_inst[1].u_pe_col/pe_inst[0].u_pe_8/N3) has been disconnected.
I: Const net (pin CEP of inst u_top_yolo/u_layer3/genblk1.gen_pages[0].pe_inst.u_pe_page/pe_col_inst[1].u_pe_col/pe_inst[0].u_pe_8/N3) has been disconnected.
I: Const net (pin RSTP of inst u_top_yolo/u_layer3/genblk1.gen_pages[0].pe_inst.u_pe_page/pe_col_inst[1].u_pe_col/pe_inst[0].u_pe_8/N3) has been disconnected.
I: Const net (pin CEX1 of inst u_top_yolo/u_layer3/genblk1.gen_pages[0].pe_inst.u_pe_page/pe_col_inst[2].u_pe_col/pe_inst[0].u_pe/N3) has been disconnected.
I: Const net (pin RSTX of inst u_top_yolo/u_layer3/genblk1.gen_pages[0].pe_inst.u_pe_page/pe_col_inst[2].u_pe_col/pe_inst[0].u_pe/N3) has been disconnected.
I: Const net (pin CEY1 of inst u_top_yolo/u_layer3/genblk1.gen_pages[0].pe_inst.u_pe_page/pe_col_inst[2].u_pe_col/pe_inst[0].u_pe/N3) has been disconnected.
I: Const net (pin RSTY of inst u_top_yolo/u_layer3/genblk1.gen_pages[0].pe_inst.u_pe_page/pe_col_inst[2].u_pe_col/pe_inst[0].u_pe/N3) has been disconnected.
I: Const net (pin CEP of inst u_top_yolo/u_layer3/genblk1.gen_pages[0].pe_inst.u_pe_page/pe_col_inst[2].u_pe_col/pe_inst[0].u_pe/N3) has been disconnected.
I: Const net (pin RSTP of inst u_top_yolo/u_layer3/genblk1.gen_pages[0].pe_inst.u_pe_page/pe_col_inst[2].u_pe_col/pe_inst[0].u_pe/N3) has been disconnected.
I: Const net (pin CEX1 of inst u_top_yolo/u_layer3/genblk1.gen_pages[0].pe_inst.u_pe_page/pe_col_inst[2].u_pe_col/pe_inst[0].u_pe_1/N3) has been disconnected.
I: Const net (pin RSTX of inst u_top_yolo/u_layer3/genblk1.gen_pages[0].pe_inst.u_pe_page/pe_col_inst[2].u_pe_col/pe_inst[0].u_pe_1/N3) has been disconnected.
I: Const net (pin CEY1 of inst u_top_yolo/u_layer3/genblk1.gen_pages[0].pe_inst.u_pe_page/pe_col_inst[2].u_pe_col/pe_inst[0].u_pe_1/N3) has been disconnected.
I: Const net (pin RSTY of inst u_top_yolo/u_layer3/genblk1.gen_pages[0].pe_inst.u_pe_page/pe_col_inst[2].u_pe_col/pe_inst[0].u_pe_1/N3) has been disconnected.
I: Const net (pin CEP of inst u_top_yolo/u_layer3/genblk1.gen_pages[0].pe_inst.u_pe_page/pe_col_inst[2].u_pe_col/pe_inst[0].u_pe_1/N3) has been disconnected.
I: Const net (pin RSTP of inst u_top_yolo/u_layer3/genblk1.gen_pages[0].pe_inst.u_pe_page/pe_col_inst[2].u_pe_col/pe_inst[0].u_pe_1/N3) has been disconnected.
I: Const net (pin CEX1 of inst u_top_yolo/u_layer3/genblk1.gen_pages[0].pe_inst.u_pe_page/pe_col_inst[2].u_pe_col/pe_inst[0].u_pe_2/N3) has been disconnected.
I: Const net (pin RSTX of inst u_top_yolo/u_layer3/genblk1.gen_pages[0].pe_inst.u_pe_page/pe_col_inst[2].u_pe_col/pe_inst[0].u_pe_2/N3) has been disconnected.
I: Const net (pin CEY1 of inst u_top_yolo/u_layer3/genblk1.gen_pages[0].pe_inst.u_pe_page/pe_col_inst[2].u_pe_col/pe_inst[0].u_pe_2/N3) has been disconnected.
I: Const net (pin RSTY of inst u_top_yolo/u_layer3/genblk1.gen_pages[0].pe_inst.u_pe_page/pe_col_inst[2].u_pe_col/pe_inst[0].u_pe_2/N3) has been disconnected.
I: Const net (pin CEP of inst u_top_yolo/u_layer3/genblk1.gen_pages[0].pe_inst.u_pe_page/pe_col_inst[2].u_pe_col/pe_inst[0].u_pe_2/N3) has been disconnected.
I: Const net (pin RSTP of inst u_top_yolo/u_layer3/genblk1.gen_pages[0].pe_inst.u_pe_page/pe_col_inst[2].u_pe_col/pe_inst[0].u_pe_2/N3) has been disconnected.
I: Const net (pin CEX1 of inst u_top_yolo/u_layer3/genblk1.gen_pages[0].pe_inst.u_pe_page/pe_col_inst[2].u_pe_col/pe_inst[0].u_pe_3/N3) has been disconnected.
I: Const net (pin RSTX of inst u_top_yolo/u_layer3/genblk1.gen_pages[0].pe_inst.u_pe_page/pe_col_inst[2].u_pe_col/pe_inst[0].u_pe_3/N3) has been disconnected.
I: Const net (pin CEY1 of inst u_top_yolo/u_layer3/genblk1.gen_pages[0].pe_inst.u_pe_page/pe_col_inst[2].u_pe_col/pe_inst[0].u_pe_3/N3) has been disconnected.
I: Const net (pin RSTY of inst u_top_yolo/u_layer3/genblk1.gen_pages[0].pe_inst.u_pe_page/pe_col_inst[2].u_pe_col/pe_inst[0].u_pe_3/N3) has been disconnected.
I: Const net (pin CEP of inst u_top_yolo/u_layer3/genblk1.gen_pages[0].pe_inst.u_pe_page/pe_col_inst[2].u_pe_col/pe_inst[0].u_pe_3/N3) has been disconnected.
I: Const net (pin RSTP of inst u_top_yolo/u_layer3/genblk1.gen_pages[0].pe_inst.u_pe_page/pe_col_inst[2].u_pe_col/pe_inst[0].u_pe_3/N3) has been disconnected.
I: Const net (pin CEX1 of inst u_top_yolo/u_layer3/genblk1.gen_pages[0].pe_inst.u_pe_page/pe_col_inst[2].u_pe_col/pe_inst[0].u_pe_4/N3) has been disconnected.
I: Const net (pin RSTX of inst u_top_yolo/u_layer3/genblk1.gen_pages[0].pe_inst.u_pe_page/pe_col_inst[2].u_pe_col/pe_inst[0].u_pe_4/N3) has been disconnected.
I: Const net (pin CEY1 of inst u_top_yolo/u_layer3/genblk1.gen_pages[0].pe_inst.u_pe_page/pe_col_inst[2].u_pe_col/pe_inst[0].u_pe_4/N3) has been disconnected.
I: Const net (pin RSTY of inst u_top_yolo/u_layer3/genblk1.gen_pages[0].pe_inst.u_pe_page/pe_col_inst[2].u_pe_col/pe_inst[0].u_pe_4/N3) has been disconnected.
I: Const net (pin CEP of inst u_top_yolo/u_layer3/genblk1.gen_pages[0].pe_inst.u_pe_page/pe_col_inst[2].u_pe_col/pe_inst[0].u_pe_4/N3) has been disconnected.
I: Const net (pin RSTP of inst u_top_yolo/u_layer3/genblk1.gen_pages[0].pe_inst.u_pe_page/pe_col_inst[2].u_pe_col/pe_inst[0].u_pe_4/N3) has been disconnected.
I: Const net (pin CEX1 of inst u_top_yolo/u_layer3/genblk1.gen_pages[0].pe_inst.u_pe_page/pe_col_inst[2].u_pe_col/pe_inst[0].u_pe_5/N3) has been disconnected.
I: Const net (pin RSTX of inst u_top_yolo/u_layer3/genblk1.gen_pages[0].pe_inst.u_pe_page/pe_col_inst[2].u_pe_col/pe_inst[0].u_pe_5/N3) has been disconnected.
I: Const net (pin CEY1 of inst u_top_yolo/u_layer3/genblk1.gen_pages[0].pe_inst.u_pe_page/pe_col_inst[2].u_pe_col/pe_inst[0].u_pe_5/N3) has been disconnected.
I: Const net (pin RSTY of inst u_top_yolo/u_layer3/genblk1.gen_pages[0].pe_inst.u_pe_page/pe_col_inst[2].u_pe_col/pe_inst[0].u_pe_5/N3) has been disconnected.
I: Const net (pin CEP of inst u_top_yolo/u_layer3/genblk1.gen_pages[0].pe_inst.u_pe_page/pe_col_inst[2].u_pe_col/pe_inst[0].u_pe_5/N3) has been disconnected.
I: Const net (pin RSTP of inst u_top_yolo/u_layer3/genblk1.gen_pages[0].pe_inst.u_pe_page/pe_col_inst[2].u_pe_col/pe_inst[0].u_pe_5/N3) has been disconnected.
I: Const net (pin CEX1 of inst u_top_yolo/u_layer3/genblk1.gen_pages[0].pe_inst.u_pe_page/pe_col_inst[2].u_pe_col/pe_inst[0].u_pe_6/N3) has been disconnected.
I: Const net (pin RSTX of inst u_top_yolo/u_layer3/genblk1.gen_pages[0].pe_inst.u_pe_page/pe_col_inst[2].u_pe_col/pe_inst[0].u_pe_6/N3) has been disconnected.
I: Const net (pin CEY1 of inst u_top_yolo/u_layer3/genblk1.gen_pages[0].pe_inst.u_pe_page/pe_col_inst[2].u_pe_col/pe_inst[0].u_pe_6/N3) has been disconnected.
I: Const net (pin RSTY of inst u_top_yolo/u_layer3/genblk1.gen_pages[0].pe_inst.u_pe_page/pe_col_inst[2].u_pe_col/pe_inst[0].u_pe_6/N3) has been disconnected.
I: Const net (pin CEP of inst u_top_yolo/u_layer3/genblk1.gen_pages[0].pe_inst.u_pe_page/pe_col_inst[2].u_pe_col/pe_inst[0].u_pe_6/N3) has been disconnected.
I: Const net (pin RSTP of inst u_top_yolo/u_layer3/genblk1.gen_pages[0].pe_inst.u_pe_page/pe_col_inst[2].u_pe_col/pe_inst[0].u_pe_6/N3) has been disconnected.
I: Const net (pin CEX1 of inst u_top_yolo/u_layer3/genblk1.gen_pages[0].pe_inst.u_pe_page/pe_col_inst[2].u_pe_col/pe_inst[0].u_pe_7/N3) has been disconnected.
I: Const net (pin RSTX of inst u_top_yolo/u_layer3/genblk1.gen_pages[0].pe_inst.u_pe_page/pe_col_inst[2].u_pe_col/pe_inst[0].u_pe_7/N3) has been disconnected.
I: Const net (pin CEY1 of inst u_top_yolo/u_layer3/genblk1.gen_pages[0].pe_inst.u_pe_page/pe_col_inst[2].u_pe_col/pe_inst[0].u_pe_7/N3) has been disconnected.
I: Const net (pin RSTY of inst u_top_yolo/u_layer3/genblk1.gen_pages[0].pe_inst.u_pe_page/pe_col_inst[2].u_pe_col/pe_inst[0].u_pe_7/N3) has been disconnected.
I: Const net (pin CEP of inst u_top_yolo/u_layer3/genblk1.gen_pages[0].pe_inst.u_pe_page/pe_col_inst[2].u_pe_col/pe_inst[0].u_pe_7/N3) has been disconnected.
I: Const net (pin RSTP of inst u_top_yolo/u_layer3/genblk1.gen_pages[0].pe_inst.u_pe_page/pe_col_inst[2].u_pe_col/pe_inst[0].u_pe_7/N3) has been disconnected.
I: Const net (pin CEX1 of inst u_top_yolo/u_layer3/genblk1.gen_pages[0].pe_inst.u_pe_page/pe_col_inst[2].u_pe_col/pe_inst[0].u_pe_8/N3) has been disconnected.
I: Const net (pin RSTX of inst u_top_yolo/u_layer3/genblk1.gen_pages[0].pe_inst.u_pe_page/pe_col_inst[2].u_pe_col/pe_inst[0].u_pe_8/N3) has been disconnected.
I: Const net (pin CEY1 of inst u_top_yolo/u_layer3/genblk1.gen_pages[0].pe_inst.u_pe_page/pe_col_inst[2].u_pe_col/pe_inst[0].u_pe_8/N3) has been disconnected.
I: Const net (pin RSTY of inst u_top_yolo/u_layer3/genblk1.gen_pages[0].pe_inst.u_pe_page/pe_col_inst[2].u_pe_col/pe_inst[0].u_pe_8/N3) has been disconnected.
I: Const net (pin CEP of inst u_top_yolo/u_layer3/genblk1.gen_pages[0].pe_inst.u_pe_page/pe_col_inst[2].u_pe_col/pe_inst[0].u_pe_8/N3) has been disconnected.
I: Const net (pin RSTP of inst u_top_yolo/u_layer3/genblk1.gen_pages[0].pe_inst.u_pe_page/pe_col_inst[2].u_pe_col/pe_inst[0].u_pe_8/N3) has been disconnected.
I: Const net (pin CEX1 of inst u_top_yolo/u_layer3/genblk1.gen_pages[0].pe_inst.u_pe_page/pe_col_inst[3].u_pe_col/pe_inst[0].u_pe/N3) has been disconnected.
I: Const net (pin RSTX of inst u_top_yolo/u_layer3/genblk1.gen_pages[0].pe_inst.u_pe_page/pe_col_inst[3].u_pe_col/pe_inst[0].u_pe/N3) has been disconnected.
I: Const net (pin CEY1 of inst u_top_yolo/u_layer3/genblk1.gen_pages[0].pe_inst.u_pe_page/pe_col_inst[3].u_pe_col/pe_inst[0].u_pe/N3) has been disconnected.
I: Const net (pin RSTY of inst u_top_yolo/u_layer3/genblk1.gen_pages[0].pe_inst.u_pe_page/pe_col_inst[3].u_pe_col/pe_inst[0].u_pe/N3) has been disconnected.
I: Const net (pin CEP of inst u_top_yolo/u_layer3/genblk1.gen_pages[0].pe_inst.u_pe_page/pe_col_inst[3].u_pe_col/pe_inst[0].u_pe/N3) has been disconnected.
I: Const net (pin RSTP of inst u_top_yolo/u_layer3/genblk1.gen_pages[0].pe_inst.u_pe_page/pe_col_inst[3].u_pe_col/pe_inst[0].u_pe/N3) has been disconnected.
I: Const net (pin CEX1 of inst u_top_yolo/u_layer3/genblk1.gen_pages[0].pe_inst.u_pe_page/pe_col_inst[3].u_pe_col/pe_inst[0].u_pe_1/N3) has been disconnected.
I: Const net (pin RSTX of inst u_top_yolo/u_layer3/genblk1.gen_pages[0].pe_inst.u_pe_page/pe_col_inst[3].u_pe_col/pe_inst[0].u_pe_1/N3) has been disconnected.
I: Const net (pin CEY1 of inst u_top_yolo/u_layer3/genblk1.gen_pages[0].pe_inst.u_pe_page/pe_col_inst[3].u_pe_col/pe_inst[0].u_pe_1/N3) has been disconnected.
I: Const net (pin RSTY of inst u_top_yolo/u_layer3/genblk1.gen_pages[0].pe_inst.u_pe_page/pe_col_inst[3].u_pe_col/pe_inst[0].u_pe_1/N3) has been disconnected.
I: Const net (pin CEP of inst u_top_yolo/u_layer3/genblk1.gen_pages[0].pe_inst.u_pe_page/pe_col_inst[3].u_pe_col/pe_inst[0].u_pe_1/N3) has been disconnected.
I: Const net (pin RSTP of inst u_top_yolo/u_layer3/genblk1.gen_pages[0].pe_inst.u_pe_page/pe_col_inst[3].u_pe_col/pe_inst[0].u_pe_1/N3) has been disconnected.
I: Const net (pin CEX1 of inst u_top_yolo/u_layer3/genblk1.gen_pages[0].pe_inst.u_pe_page/pe_col_inst[3].u_pe_col/pe_inst[0].u_pe_2/N3) has been disconnected.
I: Const net (pin RSTX of inst u_top_yolo/u_layer3/genblk1.gen_pages[0].pe_inst.u_pe_page/pe_col_inst[3].u_pe_col/pe_inst[0].u_pe_2/N3) has been disconnected.
I: Const net (pin CEY1 of inst u_top_yolo/u_layer3/genblk1.gen_pages[0].pe_inst.u_pe_page/pe_col_inst[3].u_pe_col/pe_inst[0].u_pe_2/N3) has been disconnected.
I: Const net (pin RSTY of inst u_top_yolo/u_layer3/genblk1.gen_pages[0].pe_inst.u_pe_page/pe_col_inst[3].u_pe_col/pe_inst[0].u_pe_2/N3) has been disconnected.
I: Const net (pin CEP of inst u_top_yolo/u_layer3/genblk1.gen_pages[0].pe_inst.u_pe_page/pe_col_inst[3].u_pe_col/pe_inst[0].u_pe_2/N3) has been disconnected.
I: Const net (pin RSTP of inst u_top_yolo/u_layer3/genblk1.gen_pages[0].pe_inst.u_pe_page/pe_col_inst[3].u_pe_col/pe_inst[0].u_pe_2/N3) has been disconnected.
I: Const net (pin CEX1 of inst u_top_yolo/u_layer3/genblk1.gen_pages[0].pe_inst.u_pe_page/pe_col_inst[3].u_pe_col/pe_inst[0].u_pe_3/N3) has been disconnected.
I: Const net (pin RSTX of inst u_top_yolo/u_layer3/genblk1.gen_pages[0].pe_inst.u_pe_page/pe_col_inst[3].u_pe_col/pe_inst[0].u_pe_3/N3) has been disconnected.
I: Const net (pin CEY1 of inst u_top_yolo/u_layer3/genblk1.gen_pages[0].pe_inst.u_pe_page/pe_col_inst[3].u_pe_col/pe_inst[0].u_pe_3/N3) has been disconnected.
I: Const net (pin RSTY of inst u_top_yolo/u_layer3/genblk1.gen_pages[0].pe_inst.u_pe_page/pe_col_inst[3].u_pe_col/pe_inst[0].u_pe_3/N3) has been disconnected.
I: Const net (pin CEP of inst u_top_yolo/u_layer3/genblk1.gen_pages[0].pe_inst.u_pe_page/pe_col_inst[3].u_pe_col/pe_inst[0].u_pe_3/N3) has been disconnected.
I: Const net (pin RSTP of inst u_top_yolo/u_layer3/genblk1.gen_pages[0].pe_inst.u_pe_page/pe_col_inst[3].u_pe_col/pe_inst[0].u_pe_3/N3) has been disconnected.
I: Const net (pin CEX1 of inst u_top_yolo/u_layer3/genblk1.gen_pages[0].pe_inst.u_pe_page/pe_col_inst[3].u_pe_col/pe_inst[0].u_pe_4/N3) has been disconnected.
I: Const net (pin RSTX of inst u_top_yolo/u_layer3/genblk1.gen_pages[0].pe_inst.u_pe_page/pe_col_inst[3].u_pe_col/pe_inst[0].u_pe_4/N3) has been disconnected.
I: Const net (pin CEY1 of inst u_top_yolo/u_layer3/genblk1.gen_pages[0].pe_inst.u_pe_page/pe_col_inst[3].u_pe_col/pe_inst[0].u_pe_4/N3) has been disconnected.
I: Const net (pin RSTY of inst u_top_yolo/u_layer3/genblk1.gen_pages[0].pe_inst.u_pe_page/pe_col_inst[3].u_pe_col/pe_inst[0].u_pe_4/N3) has been disconnected.
I: Const net (pin CEP of inst u_top_yolo/u_layer3/genblk1.gen_pages[0].pe_inst.u_pe_page/pe_col_inst[3].u_pe_col/pe_inst[0].u_pe_4/N3) has been disconnected.
I: Const net (pin RSTP of inst u_top_yolo/u_layer3/genblk1.gen_pages[0].pe_inst.u_pe_page/pe_col_inst[3].u_pe_col/pe_inst[0].u_pe_4/N3) has been disconnected.
I: Const net (pin CEX1 of inst u_top_yolo/u_layer3/genblk1.gen_pages[0].pe_inst.u_pe_page/pe_col_inst[3].u_pe_col/pe_inst[0].u_pe_5/N3) has been disconnected.
I: Const net (pin RSTX of inst u_top_yolo/u_layer3/genblk1.gen_pages[0].pe_inst.u_pe_page/pe_col_inst[3].u_pe_col/pe_inst[0].u_pe_5/N3) has been disconnected.
I: Const net (pin CEY1 of inst u_top_yolo/u_layer3/genblk1.gen_pages[0].pe_inst.u_pe_page/pe_col_inst[3].u_pe_col/pe_inst[0].u_pe_5/N3) has been disconnected.
I: Const net (pin RSTY of inst u_top_yolo/u_layer3/genblk1.gen_pages[0].pe_inst.u_pe_page/pe_col_inst[3].u_pe_col/pe_inst[0].u_pe_5/N3) has been disconnected.
I: Const net (pin CEP of inst u_top_yolo/u_layer3/genblk1.gen_pages[0].pe_inst.u_pe_page/pe_col_inst[3].u_pe_col/pe_inst[0].u_pe_5/N3) has been disconnected.
I: Const net (pin RSTP of inst u_top_yolo/u_layer3/genblk1.gen_pages[0].pe_inst.u_pe_page/pe_col_inst[3].u_pe_col/pe_inst[0].u_pe_5/N3) has been disconnected.
I: Const net (pin CEX1 of inst u_top_yolo/u_layer3/genblk1.gen_pages[0].pe_inst.u_pe_page/pe_col_inst[3].u_pe_col/pe_inst[0].u_pe_6/N3) has been disconnected.
I: Const net (pin RSTX of inst u_top_yolo/u_layer3/genblk1.gen_pages[0].pe_inst.u_pe_page/pe_col_inst[3].u_pe_col/pe_inst[0].u_pe_6/N3) has been disconnected.
I: Const net (pin CEY1 of inst u_top_yolo/u_layer3/genblk1.gen_pages[0].pe_inst.u_pe_page/pe_col_inst[3].u_pe_col/pe_inst[0].u_pe_6/N3) has been disconnected.
I: Const net (pin RSTY of inst u_top_yolo/u_layer3/genblk1.gen_pages[0].pe_inst.u_pe_page/pe_col_inst[3].u_pe_col/pe_inst[0].u_pe_6/N3) has been disconnected.
I: Const net (pin CEP of inst u_top_yolo/u_layer3/genblk1.gen_pages[0].pe_inst.u_pe_page/pe_col_inst[3].u_pe_col/pe_inst[0].u_pe_6/N3) has been disconnected.
I: Const net (pin RSTP of inst u_top_yolo/u_layer3/genblk1.gen_pages[0].pe_inst.u_pe_page/pe_col_inst[3].u_pe_col/pe_inst[0].u_pe_6/N3) has been disconnected.
I: Const net (pin CEX1 of inst u_top_yolo/u_layer3/genblk1.gen_pages[0].pe_inst.u_pe_page/pe_col_inst[3].u_pe_col/pe_inst[0].u_pe_7/N3) has been disconnected.
I: Const net (pin RSTX of inst u_top_yolo/u_layer3/genblk1.gen_pages[0].pe_inst.u_pe_page/pe_col_inst[3].u_pe_col/pe_inst[0].u_pe_7/N3) has been disconnected.
I: Const net (pin CEY1 of inst u_top_yolo/u_layer3/genblk1.gen_pages[0].pe_inst.u_pe_page/pe_col_inst[3].u_pe_col/pe_inst[0].u_pe_7/N3) has been disconnected.
I: Const net (pin RSTY of inst u_top_yolo/u_layer3/genblk1.gen_pages[0].pe_inst.u_pe_page/pe_col_inst[3].u_pe_col/pe_inst[0].u_pe_7/N3) has been disconnected.
I: Const net (pin CEP of inst u_top_yolo/u_layer3/genblk1.gen_pages[0].pe_inst.u_pe_page/pe_col_inst[3].u_pe_col/pe_inst[0].u_pe_7/N3) has been disconnected.
I: Const net (pin RSTP of inst u_top_yolo/u_layer3/genblk1.gen_pages[0].pe_inst.u_pe_page/pe_col_inst[3].u_pe_col/pe_inst[0].u_pe_7/N3) has been disconnected.
I: Const net (pin CEX1 of inst u_top_yolo/u_layer3/genblk1.gen_pages[0].pe_inst.u_pe_page/pe_col_inst[3].u_pe_col/pe_inst[0].u_pe_8/N3) has been disconnected.
I: Const net (pin RSTX of inst u_top_yolo/u_layer3/genblk1.gen_pages[0].pe_inst.u_pe_page/pe_col_inst[3].u_pe_col/pe_inst[0].u_pe_8/N3) has been disconnected.
I: Const net (pin CEY1 of inst u_top_yolo/u_layer3/genblk1.gen_pages[0].pe_inst.u_pe_page/pe_col_inst[3].u_pe_col/pe_inst[0].u_pe_8/N3) has been disconnected.
I: Const net (pin RSTY of inst u_top_yolo/u_layer3/genblk1.gen_pages[0].pe_inst.u_pe_page/pe_col_inst[3].u_pe_col/pe_inst[0].u_pe_8/N3) has been disconnected.
I: Const net (pin CEP of inst u_top_yolo/u_layer3/genblk1.gen_pages[0].pe_inst.u_pe_page/pe_col_inst[3].u_pe_col/pe_inst[0].u_pe_8/N3) has been disconnected.
I: Const net (pin RSTP of inst u_top_yolo/u_layer3/genblk1.gen_pages[0].pe_inst.u_pe_page/pe_col_inst[3].u_pe_col/pe_inst[0].u_pe_8/N3) has been disconnected.
I: Const net (pin CEX1 of inst u_top_yolo/u_layer4/genblk1.gen_pages[0].pe_inst.u_pe_page/pe_col_inst[0].u_pe_col/pe_inst[0].u_pe/N3) has been disconnected.
I: Const net (pin RSTX of inst u_top_yolo/u_layer4/genblk1.gen_pages[0].pe_inst.u_pe_page/pe_col_inst[0].u_pe_col/pe_inst[0].u_pe/N3) has been disconnected.
I: Const net (pin CEY1 of inst u_top_yolo/u_layer4/genblk1.gen_pages[0].pe_inst.u_pe_page/pe_col_inst[0].u_pe_col/pe_inst[0].u_pe/N3) has been disconnected.
I: Const net (pin RSTY of inst u_top_yolo/u_layer4/genblk1.gen_pages[0].pe_inst.u_pe_page/pe_col_inst[0].u_pe_col/pe_inst[0].u_pe/N3) has been disconnected.
I: Const net (pin CEP of inst u_top_yolo/u_layer4/genblk1.gen_pages[0].pe_inst.u_pe_page/pe_col_inst[0].u_pe_col/pe_inst[0].u_pe/N3) has been disconnected.
I: Const net (pin RSTP of inst u_top_yolo/u_layer4/genblk1.gen_pages[0].pe_inst.u_pe_page/pe_col_inst[0].u_pe_col/pe_inst[0].u_pe/N3) has been disconnected.
I: Const net (pin CEX1 of inst u_top_yolo/u_layer4/genblk1.gen_pages[0].pe_inst.u_pe_page/pe_col_inst[0].u_pe_col/pe_inst[0].u_pe_1/N3) has been disconnected.
I: Const net (pin RSTX of inst u_top_yolo/u_layer4/genblk1.gen_pages[0].pe_inst.u_pe_page/pe_col_inst[0].u_pe_col/pe_inst[0].u_pe_1/N3) has been disconnected.
I: Const net (pin CEY1 of inst u_top_yolo/u_layer4/genblk1.gen_pages[0].pe_inst.u_pe_page/pe_col_inst[0].u_pe_col/pe_inst[0].u_pe_1/N3) has been disconnected.
I: Const net (pin RSTY of inst u_top_yolo/u_layer4/genblk1.gen_pages[0].pe_inst.u_pe_page/pe_col_inst[0].u_pe_col/pe_inst[0].u_pe_1/N3) has been disconnected.
I: Const net (pin CEP of inst u_top_yolo/u_layer4/genblk1.gen_pages[0].pe_inst.u_pe_page/pe_col_inst[0].u_pe_col/pe_inst[0].u_pe_1/N3) has been disconnected.
I: Const net (pin RSTP of inst u_top_yolo/u_layer4/genblk1.gen_pages[0].pe_inst.u_pe_page/pe_col_inst[0].u_pe_col/pe_inst[0].u_pe_1/N3) has been disconnected.
I: Const net (pin CEX1 of inst u_top_yolo/u_layer4/genblk1.gen_pages[0].pe_inst.u_pe_page/pe_col_inst[0].u_pe_col/pe_inst[0].u_pe_2/N3) has been disconnected.
I: Const net (pin RSTX of inst u_top_yolo/u_layer4/genblk1.gen_pages[0].pe_inst.u_pe_page/pe_col_inst[0].u_pe_col/pe_inst[0].u_pe_2/N3) has been disconnected.
I: Const net (pin CEY1 of inst u_top_yolo/u_layer4/genblk1.gen_pages[0].pe_inst.u_pe_page/pe_col_inst[0].u_pe_col/pe_inst[0].u_pe_2/N3) has been disconnected.
I: Const net (pin RSTY of inst u_top_yolo/u_layer4/genblk1.gen_pages[0].pe_inst.u_pe_page/pe_col_inst[0].u_pe_col/pe_inst[0].u_pe_2/N3) has been disconnected.
I: Const net (pin CEP of inst u_top_yolo/u_layer4/genblk1.gen_pages[0].pe_inst.u_pe_page/pe_col_inst[0].u_pe_col/pe_inst[0].u_pe_2/N3) has been disconnected.
I: Const net (pin RSTP of inst u_top_yolo/u_layer4/genblk1.gen_pages[0].pe_inst.u_pe_page/pe_col_inst[0].u_pe_col/pe_inst[0].u_pe_2/N3) has been disconnected.
I: Const net (pin CEX1 of inst u_top_yolo/u_layer4/genblk1.gen_pages[0].pe_inst.u_pe_page/pe_col_inst[0].u_pe_col/pe_inst[0].u_pe_3/N3) has been disconnected.
I: Const net (pin RSTX of inst u_top_yolo/u_layer4/genblk1.gen_pages[0].pe_inst.u_pe_page/pe_col_inst[0].u_pe_col/pe_inst[0].u_pe_3/N3) has been disconnected.
I: Const net (pin CEY1 of inst u_top_yolo/u_layer4/genblk1.gen_pages[0].pe_inst.u_pe_page/pe_col_inst[0].u_pe_col/pe_inst[0].u_pe_3/N3) has been disconnected.
I: Const net (pin RSTY of inst u_top_yolo/u_layer4/genblk1.gen_pages[0].pe_inst.u_pe_page/pe_col_inst[0].u_pe_col/pe_inst[0].u_pe_3/N3) has been disconnected.
I: Const net (pin CEP of inst u_top_yolo/u_layer4/genblk1.gen_pages[0].pe_inst.u_pe_page/pe_col_inst[0].u_pe_col/pe_inst[0].u_pe_3/N3) has been disconnected.
I: Const net (pin RSTP of inst u_top_yolo/u_layer4/genblk1.gen_pages[0].pe_inst.u_pe_page/pe_col_inst[0].u_pe_col/pe_inst[0].u_pe_3/N3) has been disconnected.
I: Const net (pin CEX1 of inst u_top_yolo/u_layer4/genblk1.gen_pages[0].pe_inst.u_pe_page/pe_col_inst[0].u_pe_col/pe_inst[0].u_pe_4/N3) has been disconnected.
I: Const net (pin RSTX of inst u_top_yolo/u_layer4/genblk1.gen_pages[0].pe_inst.u_pe_page/pe_col_inst[0].u_pe_col/pe_inst[0].u_pe_4/N3) has been disconnected.
I: Const net (pin CEY1 of inst u_top_yolo/u_layer4/genblk1.gen_pages[0].pe_inst.u_pe_page/pe_col_inst[0].u_pe_col/pe_inst[0].u_pe_4/N3) has been disconnected.
I: Const net (pin RSTY of inst u_top_yolo/u_layer4/genblk1.gen_pages[0].pe_inst.u_pe_page/pe_col_inst[0].u_pe_col/pe_inst[0].u_pe_4/N3) has been disconnected.
I: Const net (pin CEP of inst u_top_yolo/u_layer4/genblk1.gen_pages[0].pe_inst.u_pe_page/pe_col_inst[0].u_pe_col/pe_inst[0].u_pe_4/N3) has been disconnected.
I: Const net (pin RSTP of inst u_top_yolo/u_layer4/genblk1.gen_pages[0].pe_inst.u_pe_page/pe_col_inst[0].u_pe_col/pe_inst[0].u_pe_4/N3) has been disconnected.
I: Const net (pin CEX1 of inst u_top_yolo/u_layer4/genblk1.gen_pages[0].pe_inst.u_pe_page/pe_col_inst[0].u_pe_col/pe_inst[0].u_pe_5/N3) has been disconnected.
I: Const net (pin RSTX of inst u_top_yolo/u_layer4/genblk1.gen_pages[0].pe_inst.u_pe_page/pe_col_inst[0].u_pe_col/pe_inst[0].u_pe_5/N3) has been disconnected.
I: Const net (pin CEY1 of inst u_top_yolo/u_layer4/genblk1.gen_pages[0].pe_inst.u_pe_page/pe_col_inst[0].u_pe_col/pe_inst[0].u_pe_5/N3) has been disconnected.
I: Const net (pin RSTY of inst u_top_yolo/u_layer4/genblk1.gen_pages[0].pe_inst.u_pe_page/pe_col_inst[0].u_pe_col/pe_inst[0].u_pe_5/N3) has been disconnected.
I: Const net (pin CEP of inst u_top_yolo/u_layer4/genblk1.gen_pages[0].pe_inst.u_pe_page/pe_col_inst[0].u_pe_col/pe_inst[0].u_pe_5/N3) has been disconnected.
I: Const net (pin RSTP of inst u_top_yolo/u_layer4/genblk1.gen_pages[0].pe_inst.u_pe_page/pe_col_inst[0].u_pe_col/pe_inst[0].u_pe_5/N3) has been disconnected.
I: Const net (pin CEX1 of inst u_top_yolo/u_layer4/genblk1.gen_pages[0].pe_inst.u_pe_page/pe_col_inst[0].u_pe_col/pe_inst[0].u_pe_6/N3) has been disconnected.
I: Const net (pin RSTX of inst u_top_yolo/u_layer4/genblk1.gen_pages[0].pe_inst.u_pe_page/pe_col_inst[0].u_pe_col/pe_inst[0].u_pe_6/N3) has been disconnected.
I: Const net (pin CEY1 of inst u_top_yolo/u_layer4/genblk1.gen_pages[0].pe_inst.u_pe_page/pe_col_inst[0].u_pe_col/pe_inst[0].u_pe_6/N3) has been disconnected.
I: Const net (pin RSTY of inst u_top_yolo/u_layer4/genblk1.gen_pages[0].pe_inst.u_pe_page/pe_col_inst[0].u_pe_col/pe_inst[0].u_pe_6/N3) has been disconnected.
I: Const net (pin CEP of inst u_top_yolo/u_layer4/genblk1.gen_pages[0].pe_inst.u_pe_page/pe_col_inst[0].u_pe_col/pe_inst[0].u_pe_6/N3) has been disconnected.
I: Const net (pin RSTP of inst u_top_yolo/u_layer4/genblk1.gen_pages[0].pe_inst.u_pe_page/pe_col_inst[0].u_pe_col/pe_inst[0].u_pe_6/N3) has been disconnected.
I: Const net (pin CEX1 of inst u_top_yolo/u_layer4/genblk1.gen_pages[0].pe_inst.u_pe_page/pe_col_inst[0].u_pe_col/pe_inst[0].u_pe_7/N3) has been disconnected.
I: Const net (pin RSTX of inst u_top_yolo/u_layer4/genblk1.gen_pages[0].pe_inst.u_pe_page/pe_col_inst[0].u_pe_col/pe_inst[0].u_pe_7/N3) has been disconnected.
I: Const net (pin CEY1 of inst u_top_yolo/u_layer4/genblk1.gen_pages[0].pe_inst.u_pe_page/pe_col_inst[0].u_pe_col/pe_inst[0].u_pe_7/N3) has been disconnected.
I: Const net (pin RSTY of inst u_top_yolo/u_layer4/genblk1.gen_pages[0].pe_inst.u_pe_page/pe_col_inst[0].u_pe_col/pe_inst[0].u_pe_7/N3) has been disconnected.
I: Const net (pin CEP of inst u_top_yolo/u_layer4/genblk1.gen_pages[0].pe_inst.u_pe_page/pe_col_inst[0].u_pe_col/pe_inst[0].u_pe_7/N3) has been disconnected.
I: Const net (pin RSTP of inst u_top_yolo/u_layer4/genblk1.gen_pages[0].pe_inst.u_pe_page/pe_col_inst[0].u_pe_col/pe_inst[0].u_pe_7/N3) has been disconnected.
I: Const net (pin CEX1 of inst u_top_yolo/u_layer4/genblk1.gen_pages[0].pe_inst.u_pe_page/pe_col_inst[0].u_pe_col/pe_inst[0].u_pe_8/N3) has been disconnected.
I: Const net (pin RSTX of inst u_top_yolo/u_layer4/genblk1.gen_pages[0].pe_inst.u_pe_page/pe_col_inst[0].u_pe_col/pe_inst[0].u_pe_8/N3) has been disconnected.
I: Const net (pin CEY1 of inst u_top_yolo/u_layer4/genblk1.gen_pages[0].pe_inst.u_pe_page/pe_col_inst[0].u_pe_col/pe_inst[0].u_pe_8/N3) has been disconnected.
I: Const net (pin RSTY of inst u_top_yolo/u_layer4/genblk1.gen_pages[0].pe_inst.u_pe_page/pe_col_inst[0].u_pe_col/pe_inst[0].u_pe_8/N3) has been disconnected.
I: Const net (pin CEP of inst u_top_yolo/u_layer4/genblk1.gen_pages[0].pe_inst.u_pe_page/pe_col_inst[0].u_pe_col/pe_inst[0].u_pe_8/N3) has been disconnected.
I: Const net (pin RSTP of inst u_top_yolo/u_layer4/genblk1.gen_pages[0].pe_inst.u_pe_page/pe_col_inst[0].u_pe_col/pe_inst[0].u_pe_8/N3) has been disconnected.
I: Const net (pin CEX1 of inst u_top_yolo/u_layer4/genblk1.gen_pages[0].pe_inst.u_pe_page/pe_col_inst[1].u_pe_col/pe_inst[0].u_pe/N3) has been disconnected.
I: Const net (pin RSTX of inst u_top_yolo/u_layer4/genblk1.gen_pages[0].pe_inst.u_pe_page/pe_col_inst[1].u_pe_col/pe_inst[0].u_pe/N3) has been disconnected.
I: Const net (pin CEY1 of inst u_top_yolo/u_layer4/genblk1.gen_pages[0].pe_inst.u_pe_page/pe_col_inst[1].u_pe_col/pe_inst[0].u_pe/N3) has been disconnected.
I: Const net (pin RSTY of inst u_top_yolo/u_layer4/genblk1.gen_pages[0].pe_inst.u_pe_page/pe_col_inst[1].u_pe_col/pe_inst[0].u_pe/N3) has been disconnected.
I: Const net (pin CEP of inst u_top_yolo/u_layer4/genblk1.gen_pages[0].pe_inst.u_pe_page/pe_col_inst[1].u_pe_col/pe_inst[0].u_pe/N3) has been disconnected.
I: Const net (pin RSTP of inst u_top_yolo/u_layer4/genblk1.gen_pages[0].pe_inst.u_pe_page/pe_col_inst[1].u_pe_col/pe_inst[0].u_pe/N3) has been disconnected.
I: Const net (pin CEX1 of inst u_top_yolo/u_layer4/genblk1.gen_pages[0].pe_inst.u_pe_page/pe_col_inst[1].u_pe_col/pe_inst[0].u_pe_1/N3) has been disconnected.
I: Const net (pin RSTX of inst u_top_yolo/u_layer4/genblk1.gen_pages[0].pe_inst.u_pe_page/pe_col_inst[1].u_pe_col/pe_inst[0].u_pe_1/N3) has been disconnected.
I: Const net (pin CEY1 of inst u_top_yolo/u_layer4/genblk1.gen_pages[0].pe_inst.u_pe_page/pe_col_inst[1].u_pe_col/pe_inst[0].u_pe_1/N3) has been disconnected.
I: Const net (pin RSTY of inst u_top_yolo/u_layer4/genblk1.gen_pages[0].pe_inst.u_pe_page/pe_col_inst[1].u_pe_col/pe_inst[0].u_pe_1/N3) has been disconnected.
I: Const net (pin CEP of inst u_top_yolo/u_layer4/genblk1.gen_pages[0].pe_inst.u_pe_page/pe_col_inst[1].u_pe_col/pe_inst[0].u_pe_1/N3) has been disconnected.
I: Const net (pin RSTP of inst u_top_yolo/u_layer4/genblk1.gen_pages[0].pe_inst.u_pe_page/pe_col_inst[1].u_pe_col/pe_inst[0].u_pe_1/N3) has been disconnected.
I: Const net (pin CEX1 of inst u_top_yolo/u_layer4/genblk1.gen_pages[0].pe_inst.u_pe_page/pe_col_inst[1].u_pe_col/pe_inst[0].u_pe_2/N3) has been disconnected.
I: Const net (pin RSTX of inst u_top_yolo/u_layer4/genblk1.gen_pages[0].pe_inst.u_pe_page/pe_col_inst[1].u_pe_col/pe_inst[0].u_pe_2/N3) has been disconnected.
I: Const net (pin CEY1 of inst u_top_yolo/u_layer4/genblk1.gen_pages[0].pe_inst.u_pe_page/pe_col_inst[1].u_pe_col/pe_inst[0].u_pe_2/N3) has been disconnected.
I: Const net (pin RSTY of inst u_top_yolo/u_layer4/genblk1.gen_pages[0].pe_inst.u_pe_page/pe_col_inst[1].u_pe_col/pe_inst[0].u_pe_2/N3) has been disconnected.
I: Const net (pin CEP of inst u_top_yolo/u_layer4/genblk1.gen_pages[0].pe_inst.u_pe_page/pe_col_inst[1].u_pe_col/pe_inst[0].u_pe_2/N3) has been disconnected.
I: Const net (pin RSTP of inst u_top_yolo/u_layer4/genblk1.gen_pages[0].pe_inst.u_pe_page/pe_col_inst[1].u_pe_col/pe_inst[0].u_pe_2/N3) has been disconnected.
I: Const net (pin CEX1 of inst u_top_yolo/u_layer4/genblk1.gen_pages[0].pe_inst.u_pe_page/pe_col_inst[1].u_pe_col/pe_inst[0].u_pe_3/N3) has been disconnected.
I: Const net (pin RSTX of inst u_top_yolo/u_layer4/genblk1.gen_pages[0].pe_inst.u_pe_page/pe_col_inst[1].u_pe_col/pe_inst[0].u_pe_3/N3) has been disconnected.
I: Const net (pin CEY1 of inst u_top_yolo/u_layer4/genblk1.gen_pages[0].pe_inst.u_pe_page/pe_col_inst[1].u_pe_col/pe_inst[0].u_pe_3/N3) has been disconnected.
I: Const net (pin RSTY of inst u_top_yolo/u_layer4/genblk1.gen_pages[0].pe_inst.u_pe_page/pe_col_inst[1].u_pe_col/pe_inst[0].u_pe_3/N3) has been disconnected.
I: Const net (pin CEP of inst u_top_yolo/u_layer4/genblk1.gen_pages[0].pe_inst.u_pe_page/pe_col_inst[1].u_pe_col/pe_inst[0].u_pe_3/N3) has been disconnected.
I: Const net (pin RSTP of inst u_top_yolo/u_layer4/genblk1.gen_pages[0].pe_inst.u_pe_page/pe_col_inst[1].u_pe_col/pe_inst[0].u_pe_3/N3) has been disconnected.
I: Const net (pin CEX1 of inst u_top_yolo/u_layer4/genblk1.gen_pages[0].pe_inst.u_pe_page/pe_col_inst[1].u_pe_col/pe_inst[0].u_pe_4/N3) has been disconnected.
I: Const net (pin RSTX of inst u_top_yolo/u_layer4/genblk1.gen_pages[0].pe_inst.u_pe_page/pe_col_inst[1].u_pe_col/pe_inst[0].u_pe_4/N3) has been disconnected.
I: Const net (pin CEY1 of inst u_top_yolo/u_layer4/genblk1.gen_pages[0].pe_inst.u_pe_page/pe_col_inst[1].u_pe_col/pe_inst[0].u_pe_4/N3) has been disconnected.
I: Const net (pin RSTY of inst u_top_yolo/u_layer4/genblk1.gen_pages[0].pe_inst.u_pe_page/pe_col_inst[1].u_pe_col/pe_inst[0].u_pe_4/N3) has been disconnected.
I: Const net (pin CEP of inst u_top_yolo/u_layer4/genblk1.gen_pages[0].pe_inst.u_pe_page/pe_col_inst[1].u_pe_col/pe_inst[0].u_pe_4/N3) has been disconnected.
I: Const net (pin RSTP of inst u_top_yolo/u_layer4/genblk1.gen_pages[0].pe_inst.u_pe_page/pe_col_inst[1].u_pe_col/pe_inst[0].u_pe_4/N3) has been disconnected.
I: Const net (pin CEX1 of inst u_top_yolo/u_layer4/genblk1.gen_pages[0].pe_inst.u_pe_page/pe_col_inst[1].u_pe_col/pe_inst[0].u_pe_5/N3) has been disconnected.
I: Const net (pin RSTX of inst u_top_yolo/u_layer4/genblk1.gen_pages[0].pe_inst.u_pe_page/pe_col_inst[1].u_pe_col/pe_inst[0].u_pe_5/N3) has been disconnected.
I: Const net (pin CEY1 of inst u_top_yolo/u_layer4/genblk1.gen_pages[0].pe_inst.u_pe_page/pe_col_inst[1].u_pe_col/pe_inst[0].u_pe_5/N3) has been disconnected.
I: Const net (pin RSTY of inst u_top_yolo/u_layer4/genblk1.gen_pages[0].pe_inst.u_pe_page/pe_col_inst[1].u_pe_col/pe_inst[0].u_pe_5/N3) has been disconnected.
I: Const net (pin CEP of inst u_top_yolo/u_layer4/genblk1.gen_pages[0].pe_inst.u_pe_page/pe_col_inst[1].u_pe_col/pe_inst[0].u_pe_5/N3) has been disconnected.
I: Const net (pin RSTP of inst u_top_yolo/u_layer4/genblk1.gen_pages[0].pe_inst.u_pe_page/pe_col_inst[1].u_pe_col/pe_inst[0].u_pe_5/N3) has been disconnected.
I: Const net (pin CEX1 of inst u_top_yolo/u_layer4/genblk1.gen_pages[0].pe_inst.u_pe_page/pe_col_inst[1].u_pe_col/pe_inst[0].u_pe_6/N3) has been disconnected.
I: Const net (pin RSTX of inst u_top_yolo/u_layer4/genblk1.gen_pages[0].pe_inst.u_pe_page/pe_col_inst[1].u_pe_col/pe_inst[0].u_pe_6/N3) has been disconnected.
I: Const net (pin CEY1 of inst u_top_yolo/u_layer4/genblk1.gen_pages[0].pe_inst.u_pe_page/pe_col_inst[1].u_pe_col/pe_inst[0].u_pe_6/N3) has been disconnected.
I: Const net (pin RSTY of inst u_top_yolo/u_layer4/genblk1.gen_pages[0].pe_inst.u_pe_page/pe_col_inst[1].u_pe_col/pe_inst[0].u_pe_6/N3) has been disconnected.
I: Const net (pin CEP of inst u_top_yolo/u_layer4/genblk1.gen_pages[0].pe_inst.u_pe_page/pe_col_inst[1].u_pe_col/pe_inst[0].u_pe_6/N3) has been disconnected.
I: Const net (pin RSTP of inst u_top_yolo/u_layer4/genblk1.gen_pages[0].pe_inst.u_pe_page/pe_col_inst[1].u_pe_col/pe_inst[0].u_pe_6/N3) has been disconnected.
I: Const net (pin CEX1 of inst u_top_yolo/u_layer4/genblk1.gen_pages[0].pe_inst.u_pe_page/pe_col_inst[1].u_pe_col/pe_inst[0].u_pe_7/N3) has been disconnected.
I: Const net (pin RSTX of inst u_top_yolo/u_layer4/genblk1.gen_pages[0].pe_inst.u_pe_page/pe_col_inst[1].u_pe_col/pe_inst[0].u_pe_7/N3) has been disconnected.
I: Const net (pin CEY1 of inst u_top_yolo/u_layer4/genblk1.gen_pages[0].pe_inst.u_pe_page/pe_col_inst[1].u_pe_col/pe_inst[0].u_pe_7/N3) has been disconnected.
I: Const net (pin RSTY of inst u_top_yolo/u_layer4/genblk1.gen_pages[0].pe_inst.u_pe_page/pe_col_inst[1].u_pe_col/pe_inst[0].u_pe_7/N3) has been disconnected.
I: Const net (pin CEP of inst u_top_yolo/u_layer4/genblk1.gen_pages[0].pe_inst.u_pe_page/pe_col_inst[1].u_pe_col/pe_inst[0].u_pe_7/N3) has been disconnected.
I: Const net (pin RSTP of inst u_top_yolo/u_layer4/genblk1.gen_pages[0].pe_inst.u_pe_page/pe_col_inst[1].u_pe_col/pe_inst[0].u_pe_7/N3) has been disconnected.
I: Const net (pin CEX1 of inst u_top_yolo/u_layer4/genblk1.gen_pages[0].pe_inst.u_pe_page/pe_col_inst[1].u_pe_col/pe_inst[0].u_pe_8/N3) has been disconnected.
I: Const net (pin RSTX of inst u_top_yolo/u_layer4/genblk1.gen_pages[0].pe_inst.u_pe_page/pe_col_inst[1].u_pe_col/pe_inst[0].u_pe_8/N3) has been disconnected.
I: Const net (pin CEY1 of inst u_top_yolo/u_layer4/genblk1.gen_pages[0].pe_inst.u_pe_page/pe_col_inst[1].u_pe_col/pe_inst[0].u_pe_8/N3) has been disconnected.
I: Const net (pin RSTY of inst u_top_yolo/u_layer4/genblk1.gen_pages[0].pe_inst.u_pe_page/pe_col_inst[1].u_pe_col/pe_inst[0].u_pe_8/N3) has been disconnected.
I: Const net (pin CEP of inst u_top_yolo/u_layer4/genblk1.gen_pages[0].pe_inst.u_pe_page/pe_col_inst[1].u_pe_col/pe_inst[0].u_pe_8/N3) has been disconnected.
I: Const net (pin RSTP of inst u_top_yolo/u_layer4/genblk1.gen_pages[0].pe_inst.u_pe_page/pe_col_inst[1].u_pe_col/pe_inst[0].u_pe_8/N3) has been disconnected.
I: Const net (pin CEX1 of inst u_top_yolo/u_layer4/genblk1.gen_pages[1].pe_inst.u_pe_page/pe_col_inst[0].u_pe_col/pe_inst[0].u_pe/N3) has been disconnected.
I: Const net (pin RSTX of inst u_top_yolo/u_layer4/genblk1.gen_pages[1].pe_inst.u_pe_page/pe_col_inst[0].u_pe_col/pe_inst[0].u_pe/N3) has been disconnected.
I: Const net (pin CEY1 of inst u_top_yolo/u_layer4/genblk1.gen_pages[1].pe_inst.u_pe_page/pe_col_inst[0].u_pe_col/pe_inst[0].u_pe/N3) has been disconnected.
I: Const net (pin RSTY of inst u_top_yolo/u_layer4/genblk1.gen_pages[1].pe_inst.u_pe_page/pe_col_inst[0].u_pe_col/pe_inst[0].u_pe/N3) has been disconnected.
I: Const net (pin CEP of inst u_top_yolo/u_layer4/genblk1.gen_pages[1].pe_inst.u_pe_page/pe_col_inst[0].u_pe_col/pe_inst[0].u_pe/N3) has been disconnected.
I: Const net (pin RSTP of inst u_top_yolo/u_layer4/genblk1.gen_pages[1].pe_inst.u_pe_page/pe_col_inst[0].u_pe_col/pe_inst[0].u_pe/N3) has been disconnected.
I: Const net (pin CEX1 of inst u_top_yolo/u_layer4/genblk1.gen_pages[1].pe_inst.u_pe_page/pe_col_inst[0].u_pe_col/pe_inst[0].u_pe_1/N3) has been disconnected.
I: Const net (pin RSTX of inst u_top_yolo/u_layer4/genblk1.gen_pages[1].pe_inst.u_pe_page/pe_col_inst[0].u_pe_col/pe_inst[0].u_pe_1/N3) has been disconnected.
I: Const net (pin CEY1 of inst u_top_yolo/u_layer4/genblk1.gen_pages[1].pe_inst.u_pe_page/pe_col_inst[0].u_pe_col/pe_inst[0].u_pe_1/N3) has been disconnected.
I: Const net (pin RSTY of inst u_top_yolo/u_layer4/genblk1.gen_pages[1].pe_inst.u_pe_page/pe_col_inst[0].u_pe_col/pe_inst[0].u_pe_1/N3) has been disconnected.
I: Const net (pin CEP of inst u_top_yolo/u_layer4/genblk1.gen_pages[1].pe_inst.u_pe_page/pe_col_inst[0].u_pe_col/pe_inst[0].u_pe_1/N3) has been disconnected.
I: Const net (pin RSTP of inst u_top_yolo/u_layer4/genblk1.gen_pages[1].pe_inst.u_pe_page/pe_col_inst[0].u_pe_col/pe_inst[0].u_pe_1/N3) has been disconnected.
I: Const net (pin CEX1 of inst u_top_yolo/u_layer4/genblk1.gen_pages[1].pe_inst.u_pe_page/pe_col_inst[0].u_pe_col/pe_inst[0].u_pe_2/N3) has been disconnected.
I: Const net (pin RSTX of inst u_top_yolo/u_layer4/genblk1.gen_pages[1].pe_inst.u_pe_page/pe_col_inst[0].u_pe_col/pe_inst[0].u_pe_2/N3) has been disconnected.
I: Const net (pin CEY1 of inst u_top_yolo/u_layer4/genblk1.gen_pages[1].pe_inst.u_pe_page/pe_col_inst[0].u_pe_col/pe_inst[0].u_pe_2/N3) has been disconnected.
I: Const net (pin RSTY of inst u_top_yolo/u_layer4/genblk1.gen_pages[1].pe_inst.u_pe_page/pe_col_inst[0].u_pe_col/pe_inst[0].u_pe_2/N3) has been disconnected.
I: Const net (pin CEP of inst u_top_yolo/u_layer4/genblk1.gen_pages[1].pe_inst.u_pe_page/pe_col_inst[0].u_pe_col/pe_inst[0].u_pe_2/N3) has been disconnected.
I: Const net (pin RSTP of inst u_top_yolo/u_layer4/genblk1.gen_pages[1].pe_inst.u_pe_page/pe_col_inst[0].u_pe_col/pe_inst[0].u_pe_2/N3) has been disconnected.
I: Const net (pin CEX1 of inst u_top_yolo/u_layer4/genblk1.gen_pages[1].pe_inst.u_pe_page/pe_col_inst[0].u_pe_col/pe_inst[0].u_pe_3/N3) has been disconnected.
I: Const net (pin RSTX of inst u_top_yolo/u_layer4/genblk1.gen_pages[1].pe_inst.u_pe_page/pe_col_inst[0].u_pe_col/pe_inst[0].u_pe_3/N3) has been disconnected.
I: Const net (pin CEY1 of inst u_top_yolo/u_layer4/genblk1.gen_pages[1].pe_inst.u_pe_page/pe_col_inst[0].u_pe_col/pe_inst[0].u_pe_3/N3) has been disconnected.
I: Const net (pin RSTY of inst u_top_yolo/u_layer4/genblk1.gen_pages[1].pe_inst.u_pe_page/pe_col_inst[0].u_pe_col/pe_inst[0].u_pe_3/N3) has been disconnected.
I: Const net (pin CEP of inst u_top_yolo/u_layer4/genblk1.gen_pages[1].pe_inst.u_pe_page/pe_col_inst[0].u_pe_col/pe_inst[0].u_pe_3/N3) has been disconnected.
I: Const net (pin RSTP of inst u_top_yolo/u_layer4/genblk1.gen_pages[1].pe_inst.u_pe_page/pe_col_inst[0].u_pe_col/pe_inst[0].u_pe_3/N3) has been disconnected.
I: Const net (pin CEX1 of inst u_top_yolo/u_layer4/genblk1.gen_pages[1].pe_inst.u_pe_page/pe_col_inst[0].u_pe_col/pe_inst[0].u_pe_4/N3) has been disconnected.
I: Const net (pin RSTX of inst u_top_yolo/u_layer4/genblk1.gen_pages[1].pe_inst.u_pe_page/pe_col_inst[0].u_pe_col/pe_inst[0].u_pe_4/N3) has been disconnected.
I: Const net (pin CEY1 of inst u_top_yolo/u_layer4/genblk1.gen_pages[1].pe_inst.u_pe_page/pe_col_inst[0].u_pe_col/pe_inst[0].u_pe_4/N3) has been disconnected.
I: Const net (pin RSTY of inst u_top_yolo/u_layer4/genblk1.gen_pages[1].pe_inst.u_pe_page/pe_col_inst[0].u_pe_col/pe_inst[0].u_pe_4/N3) has been disconnected.
I: Const net (pin CEP of inst u_top_yolo/u_layer4/genblk1.gen_pages[1].pe_inst.u_pe_page/pe_col_inst[0].u_pe_col/pe_inst[0].u_pe_4/N3) has been disconnected.
I: Const net (pin RSTP of inst u_top_yolo/u_layer4/genblk1.gen_pages[1].pe_inst.u_pe_page/pe_col_inst[0].u_pe_col/pe_inst[0].u_pe_4/N3) has been disconnected.
I: Const net (pin CEX1 of inst u_top_yolo/u_layer4/genblk1.gen_pages[1].pe_inst.u_pe_page/pe_col_inst[0].u_pe_col/pe_inst[0].u_pe_5/N3) has been disconnected.
I: Const net (pin RSTX of inst u_top_yolo/u_layer4/genblk1.gen_pages[1].pe_inst.u_pe_page/pe_col_inst[0].u_pe_col/pe_inst[0].u_pe_5/N3) has been disconnected.
I: Const net (pin CEY1 of inst u_top_yolo/u_layer4/genblk1.gen_pages[1].pe_inst.u_pe_page/pe_col_inst[0].u_pe_col/pe_inst[0].u_pe_5/N3) has been disconnected.
I: Const net (pin RSTY of inst u_top_yolo/u_layer4/genblk1.gen_pages[1].pe_inst.u_pe_page/pe_col_inst[0].u_pe_col/pe_inst[0].u_pe_5/N3) has been disconnected.
I: Const net (pin CEP of inst u_top_yolo/u_layer4/genblk1.gen_pages[1].pe_inst.u_pe_page/pe_col_inst[0].u_pe_col/pe_inst[0].u_pe_5/N3) has been disconnected.
I: Const net (pin RSTP of inst u_top_yolo/u_layer4/genblk1.gen_pages[1].pe_inst.u_pe_page/pe_col_inst[0].u_pe_col/pe_inst[0].u_pe_5/N3) has been disconnected.
I: Const net (pin CEX1 of inst u_top_yolo/u_layer4/genblk1.gen_pages[1].pe_inst.u_pe_page/pe_col_inst[0].u_pe_col/pe_inst[0].u_pe_6/N3) has been disconnected.
I: Const net (pin RSTX of inst u_top_yolo/u_layer4/genblk1.gen_pages[1].pe_inst.u_pe_page/pe_col_inst[0].u_pe_col/pe_inst[0].u_pe_6/N3) has been disconnected.
I: Const net (pin CEY1 of inst u_top_yolo/u_layer4/genblk1.gen_pages[1].pe_inst.u_pe_page/pe_col_inst[0].u_pe_col/pe_inst[0].u_pe_6/N3) has been disconnected.
I: Const net (pin RSTY of inst u_top_yolo/u_layer4/genblk1.gen_pages[1].pe_inst.u_pe_page/pe_col_inst[0].u_pe_col/pe_inst[0].u_pe_6/N3) has been disconnected.
I: Const net (pin CEP of inst u_top_yolo/u_layer4/genblk1.gen_pages[1].pe_inst.u_pe_page/pe_col_inst[0].u_pe_col/pe_inst[0].u_pe_6/N3) has been disconnected.
I: Const net (pin RSTP of inst u_top_yolo/u_layer4/genblk1.gen_pages[1].pe_inst.u_pe_page/pe_col_inst[0].u_pe_col/pe_inst[0].u_pe_6/N3) has been disconnected.
I: Const net (pin CEX1 of inst u_top_yolo/u_layer4/genblk1.gen_pages[1].pe_inst.u_pe_page/pe_col_inst[0].u_pe_col/pe_inst[0].u_pe_7/N3) has been disconnected.
I: Const net (pin RSTX of inst u_top_yolo/u_layer4/genblk1.gen_pages[1].pe_inst.u_pe_page/pe_col_inst[0].u_pe_col/pe_inst[0].u_pe_7/N3) has been disconnected.
I: Const net (pin CEY1 of inst u_top_yolo/u_layer4/genblk1.gen_pages[1].pe_inst.u_pe_page/pe_col_inst[0].u_pe_col/pe_inst[0].u_pe_7/N3) has been disconnected.
I: Const net (pin RSTY of inst u_top_yolo/u_layer4/genblk1.gen_pages[1].pe_inst.u_pe_page/pe_col_inst[0].u_pe_col/pe_inst[0].u_pe_7/N3) has been disconnected.
I: Const net (pin CEP of inst u_top_yolo/u_layer4/genblk1.gen_pages[1].pe_inst.u_pe_page/pe_col_inst[0].u_pe_col/pe_inst[0].u_pe_7/N3) has been disconnected.
I: Const net (pin RSTP of inst u_top_yolo/u_layer4/genblk1.gen_pages[1].pe_inst.u_pe_page/pe_col_inst[0].u_pe_col/pe_inst[0].u_pe_7/N3) has been disconnected.
I: Const net (pin CEX1 of inst u_top_yolo/u_layer4/genblk1.gen_pages[1].pe_inst.u_pe_page/pe_col_inst[0].u_pe_col/pe_inst[0].u_pe_8/N3) has been disconnected.
I: Const net (pin RSTX of inst u_top_yolo/u_layer4/genblk1.gen_pages[1].pe_inst.u_pe_page/pe_col_inst[0].u_pe_col/pe_inst[0].u_pe_8/N3) has been disconnected.
I: Const net (pin CEY1 of inst u_top_yolo/u_layer4/genblk1.gen_pages[1].pe_inst.u_pe_page/pe_col_inst[0].u_pe_col/pe_inst[0].u_pe_8/N3) has been disconnected.
I: Const net (pin RSTY of inst u_top_yolo/u_layer4/genblk1.gen_pages[1].pe_inst.u_pe_page/pe_col_inst[0].u_pe_col/pe_inst[0].u_pe_8/N3) has been disconnected.
I: Const net (pin CEP of inst u_top_yolo/u_layer4/genblk1.gen_pages[1].pe_inst.u_pe_page/pe_col_inst[0].u_pe_col/pe_inst[0].u_pe_8/N3) has been disconnected.
I: Const net (pin RSTP of inst u_top_yolo/u_layer4/genblk1.gen_pages[1].pe_inst.u_pe_page/pe_col_inst[0].u_pe_col/pe_inst[0].u_pe_8/N3) has been disconnected.
I: Const net (pin CEX1 of inst u_top_yolo/u_layer4/genblk1.gen_pages[1].pe_inst.u_pe_page/pe_col_inst[1].u_pe_col/pe_inst[0].u_pe/N3) has been disconnected.
I: Const net (pin RSTX of inst u_top_yolo/u_layer4/genblk1.gen_pages[1].pe_inst.u_pe_page/pe_col_inst[1].u_pe_col/pe_inst[0].u_pe/N3) has been disconnected.
I: Const net (pin CEY1 of inst u_top_yolo/u_layer4/genblk1.gen_pages[1].pe_inst.u_pe_page/pe_col_inst[1].u_pe_col/pe_inst[0].u_pe/N3) has been disconnected.
I: Const net (pin RSTY of inst u_top_yolo/u_layer4/genblk1.gen_pages[1].pe_inst.u_pe_page/pe_col_inst[1].u_pe_col/pe_inst[0].u_pe/N3) has been disconnected.
I: Const net (pin CEP of inst u_top_yolo/u_layer4/genblk1.gen_pages[1].pe_inst.u_pe_page/pe_col_inst[1].u_pe_col/pe_inst[0].u_pe/N3) has been disconnected.
I: Const net (pin RSTP of inst u_top_yolo/u_layer4/genblk1.gen_pages[1].pe_inst.u_pe_page/pe_col_inst[1].u_pe_col/pe_inst[0].u_pe/N3) has been disconnected.
I: Const net (pin CEX1 of inst u_top_yolo/u_layer4/genblk1.gen_pages[1].pe_inst.u_pe_page/pe_col_inst[1].u_pe_col/pe_inst[0].u_pe_1/N3) has been disconnected.
I: Const net (pin RSTX of inst u_top_yolo/u_layer4/genblk1.gen_pages[1].pe_inst.u_pe_page/pe_col_inst[1].u_pe_col/pe_inst[0].u_pe_1/N3) has been disconnected.
I: Const net (pin CEY1 of inst u_top_yolo/u_layer4/genblk1.gen_pages[1].pe_inst.u_pe_page/pe_col_inst[1].u_pe_col/pe_inst[0].u_pe_1/N3) has been disconnected.
I: Const net (pin RSTY of inst u_top_yolo/u_layer4/genblk1.gen_pages[1].pe_inst.u_pe_page/pe_col_inst[1].u_pe_col/pe_inst[0].u_pe_1/N3) has been disconnected.
I: Const net (pin CEP of inst u_top_yolo/u_layer4/genblk1.gen_pages[1].pe_inst.u_pe_page/pe_col_inst[1].u_pe_col/pe_inst[0].u_pe_1/N3) has been disconnected.
I: Const net (pin RSTP of inst u_top_yolo/u_layer4/genblk1.gen_pages[1].pe_inst.u_pe_page/pe_col_inst[1].u_pe_col/pe_inst[0].u_pe_1/N3) has been disconnected.
I: Const net (pin CEX1 of inst u_top_yolo/u_layer4/genblk1.gen_pages[1].pe_inst.u_pe_page/pe_col_inst[1].u_pe_col/pe_inst[0].u_pe_2/N3) has been disconnected.
I: Const net (pin RSTX of inst u_top_yolo/u_layer4/genblk1.gen_pages[1].pe_inst.u_pe_page/pe_col_inst[1].u_pe_col/pe_inst[0].u_pe_2/N3) has been disconnected.
I: Const net (pin CEY1 of inst u_top_yolo/u_layer4/genblk1.gen_pages[1].pe_inst.u_pe_page/pe_col_inst[1].u_pe_col/pe_inst[0].u_pe_2/N3) has been disconnected.
I: Const net (pin RSTY of inst u_top_yolo/u_layer4/genblk1.gen_pages[1].pe_inst.u_pe_page/pe_col_inst[1].u_pe_col/pe_inst[0].u_pe_2/N3) has been disconnected.
I: Const net (pin CEP of inst u_top_yolo/u_layer4/genblk1.gen_pages[1].pe_inst.u_pe_page/pe_col_inst[1].u_pe_col/pe_inst[0].u_pe_2/N3) has been disconnected.
I: Const net (pin RSTP of inst u_top_yolo/u_layer4/genblk1.gen_pages[1].pe_inst.u_pe_page/pe_col_inst[1].u_pe_col/pe_inst[0].u_pe_2/N3) has been disconnected.
I: Const net (pin CEX1 of inst u_top_yolo/u_layer4/genblk1.gen_pages[1].pe_inst.u_pe_page/pe_col_inst[1].u_pe_col/pe_inst[0].u_pe_3/N3) has been disconnected.
I: Const net (pin RSTX of inst u_top_yolo/u_layer4/genblk1.gen_pages[1].pe_inst.u_pe_page/pe_col_inst[1].u_pe_col/pe_inst[0].u_pe_3/N3) has been disconnected.
I: Const net (pin CEY1 of inst u_top_yolo/u_layer4/genblk1.gen_pages[1].pe_inst.u_pe_page/pe_col_inst[1].u_pe_col/pe_inst[0].u_pe_3/N3) has been disconnected.
I: Const net (pin RSTY of inst u_top_yolo/u_layer4/genblk1.gen_pages[1].pe_inst.u_pe_page/pe_col_inst[1].u_pe_col/pe_inst[0].u_pe_3/N3) has been disconnected.
I: Const net (pin CEP of inst u_top_yolo/u_layer4/genblk1.gen_pages[1].pe_inst.u_pe_page/pe_col_inst[1].u_pe_col/pe_inst[0].u_pe_3/N3) has been disconnected.
I: Const net (pin RSTP of inst u_top_yolo/u_layer4/genblk1.gen_pages[1].pe_inst.u_pe_page/pe_col_inst[1].u_pe_col/pe_inst[0].u_pe_3/N3) has been disconnected.
I: Const net (pin CEX1 of inst u_top_yolo/u_layer4/genblk1.gen_pages[1].pe_inst.u_pe_page/pe_col_inst[1].u_pe_col/pe_inst[0].u_pe_4/N3) has been disconnected.
I: Const net (pin RSTX of inst u_top_yolo/u_layer4/genblk1.gen_pages[1].pe_inst.u_pe_page/pe_col_inst[1].u_pe_col/pe_inst[0].u_pe_4/N3) has been disconnected.
I: Const net (pin CEY1 of inst u_top_yolo/u_layer4/genblk1.gen_pages[1].pe_inst.u_pe_page/pe_col_inst[1].u_pe_col/pe_inst[0].u_pe_4/N3) has been disconnected.
I: Const net (pin RSTY of inst u_top_yolo/u_layer4/genblk1.gen_pages[1].pe_inst.u_pe_page/pe_col_inst[1].u_pe_col/pe_inst[0].u_pe_4/N3) has been disconnected.
I: Const net (pin CEP of inst u_top_yolo/u_layer4/genblk1.gen_pages[1].pe_inst.u_pe_page/pe_col_inst[1].u_pe_col/pe_inst[0].u_pe_4/N3) has been disconnected.
I: Const net (pin RSTP of inst u_top_yolo/u_layer4/genblk1.gen_pages[1].pe_inst.u_pe_page/pe_col_inst[1].u_pe_col/pe_inst[0].u_pe_4/N3) has been disconnected.
I: Const net (pin CEX1 of inst u_top_yolo/u_layer4/genblk1.gen_pages[1].pe_inst.u_pe_page/pe_col_inst[1].u_pe_col/pe_inst[0].u_pe_5/N3) has been disconnected.
I: Const net (pin RSTX of inst u_top_yolo/u_layer4/genblk1.gen_pages[1].pe_inst.u_pe_page/pe_col_inst[1].u_pe_col/pe_inst[0].u_pe_5/N3) has been disconnected.
I: Const net (pin CEY1 of inst u_top_yolo/u_layer4/genblk1.gen_pages[1].pe_inst.u_pe_page/pe_col_inst[1].u_pe_col/pe_inst[0].u_pe_5/N3) has been disconnected.
I: Const net (pin RSTY of inst u_top_yolo/u_layer4/genblk1.gen_pages[1].pe_inst.u_pe_page/pe_col_inst[1].u_pe_col/pe_inst[0].u_pe_5/N3) has been disconnected.
I: Const net (pin CEP of inst u_top_yolo/u_layer4/genblk1.gen_pages[1].pe_inst.u_pe_page/pe_col_inst[1].u_pe_col/pe_inst[0].u_pe_5/N3) has been disconnected.
I: Const net (pin RSTP of inst u_top_yolo/u_layer4/genblk1.gen_pages[1].pe_inst.u_pe_page/pe_col_inst[1].u_pe_col/pe_inst[0].u_pe_5/N3) has been disconnected.
I: Const net (pin CEX1 of inst u_top_yolo/u_layer4/genblk1.gen_pages[1].pe_inst.u_pe_page/pe_col_inst[1].u_pe_col/pe_inst[0].u_pe_6/N3) has been disconnected.
I: Const net (pin RSTX of inst u_top_yolo/u_layer4/genblk1.gen_pages[1].pe_inst.u_pe_page/pe_col_inst[1].u_pe_col/pe_inst[0].u_pe_6/N3) has been disconnected.
I: Const net (pin CEY1 of inst u_top_yolo/u_layer4/genblk1.gen_pages[1].pe_inst.u_pe_page/pe_col_inst[1].u_pe_col/pe_inst[0].u_pe_6/N3) has been disconnected.
I: Const net (pin RSTY of inst u_top_yolo/u_layer4/genblk1.gen_pages[1].pe_inst.u_pe_page/pe_col_inst[1].u_pe_col/pe_inst[0].u_pe_6/N3) has been disconnected.
I: Const net (pin CEP of inst u_top_yolo/u_layer4/genblk1.gen_pages[1].pe_inst.u_pe_page/pe_col_inst[1].u_pe_col/pe_inst[0].u_pe_6/N3) has been disconnected.
I: Const net (pin RSTP of inst u_top_yolo/u_layer4/genblk1.gen_pages[1].pe_inst.u_pe_page/pe_col_inst[1].u_pe_col/pe_inst[0].u_pe_6/N3) has been disconnected.
I: Const net (pin CEX1 of inst u_top_yolo/u_layer4/genblk1.gen_pages[1].pe_inst.u_pe_page/pe_col_inst[1].u_pe_col/pe_inst[0].u_pe_7/N3) has been disconnected.
I: Const net (pin RSTX of inst u_top_yolo/u_layer4/genblk1.gen_pages[1].pe_inst.u_pe_page/pe_col_inst[1].u_pe_col/pe_inst[0].u_pe_7/N3) has been disconnected.
I: Const net (pin CEY1 of inst u_top_yolo/u_layer4/genblk1.gen_pages[1].pe_inst.u_pe_page/pe_col_inst[1].u_pe_col/pe_inst[0].u_pe_7/N3) has been disconnected.
I: Const net (pin RSTY of inst u_top_yolo/u_layer4/genblk1.gen_pages[1].pe_inst.u_pe_page/pe_col_inst[1].u_pe_col/pe_inst[0].u_pe_7/N3) has been disconnected.
I: Const net (pin CEP of inst u_top_yolo/u_layer4/genblk1.gen_pages[1].pe_inst.u_pe_page/pe_col_inst[1].u_pe_col/pe_inst[0].u_pe_7/N3) has been disconnected.
I: Const net (pin RSTP of inst u_top_yolo/u_layer4/genblk1.gen_pages[1].pe_inst.u_pe_page/pe_col_inst[1].u_pe_col/pe_inst[0].u_pe_7/N3) has been disconnected.
I: Const net (pin CEX1 of inst u_top_yolo/u_layer4/genblk1.gen_pages[1].pe_inst.u_pe_page/pe_col_inst[1].u_pe_col/pe_inst[0].u_pe_8/N3) has been disconnected.
I: Const net (pin RSTX of inst u_top_yolo/u_layer4/genblk1.gen_pages[1].pe_inst.u_pe_page/pe_col_inst[1].u_pe_col/pe_inst[0].u_pe_8/N3) has been disconnected.
I: Const net (pin CEY1 of inst u_top_yolo/u_layer4/genblk1.gen_pages[1].pe_inst.u_pe_page/pe_col_inst[1].u_pe_col/pe_inst[0].u_pe_8/N3) has been disconnected.
I: Const net (pin RSTY of inst u_top_yolo/u_layer4/genblk1.gen_pages[1].pe_inst.u_pe_page/pe_col_inst[1].u_pe_col/pe_inst[0].u_pe_8/N3) has been disconnected.
I: Const net (pin CEP of inst u_top_yolo/u_layer4/genblk1.gen_pages[1].pe_inst.u_pe_page/pe_col_inst[1].u_pe_col/pe_inst[0].u_pe_8/N3) has been disconnected.
I: Const net (pin RSTP of inst u_top_yolo/u_layer4/genblk1.gen_pages[1].pe_inst.u_pe_page/pe_col_inst[1].u_pe_col/pe_inst[0].u_pe_8/N3) has been disconnected.
I: Const net (pin CEX1 of inst u_top_yolo/u_layer4/genblk1.gen_pages[2].pe_inst.u_pe_page/pe_col_inst[0].u_pe_col/pe_inst[0].u_pe/N3) has been disconnected.
I: Const net (pin RSTX of inst u_top_yolo/u_layer4/genblk1.gen_pages[2].pe_inst.u_pe_page/pe_col_inst[0].u_pe_col/pe_inst[0].u_pe/N3) has been disconnected.
I: Const net (pin CEY1 of inst u_top_yolo/u_layer4/genblk1.gen_pages[2].pe_inst.u_pe_page/pe_col_inst[0].u_pe_col/pe_inst[0].u_pe/N3) has been disconnected.
I: Const net (pin RSTY of inst u_top_yolo/u_layer4/genblk1.gen_pages[2].pe_inst.u_pe_page/pe_col_inst[0].u_pe_col/pe_inst[0].u_pe/N3) has been disconnected.
I: Const net (pin CEP of inst u_top_yolo/u_layer4/genblk1.gen_pages[2].pe_inst.u_pe_page/pe_col_inst[0].u_pe_col/pe_inst[0].u_pe/N3) has been disconnected.
I: Const net (pin RSTP of inst u_top_yolo/u_layer4/genblk1.gen_pages[2].pe_inst.u_pe_page/pe_col_inst[0].u_pe_col/pe_inst[0].u_pe/N3) has been disconnected.
I: Const net (pin CEX1 of inst u_top_yolo/u_layer4/genblk1.gen_pages[2].pe_inst.u_pe_page/pe_col_inst[0].u_pe_col/pe_inst[0].u_pe_1/N3) has been disconnected.
I: Const net (pin RSTX of inst u_top_yolo/u_layer4/genblk1.gen_pages[2].pe_inst.u_pe_page/pe_col_inst[0].u_pe_col/pe_inst[0].u_pe_1/N3) has been disconnected.
I: Const net (pin CEY1 of inst u_top_yolo/u_layer4/genblk1.gen_pages[2].pe_inst.u_pe_page/pe_col_inst[0].u_pe_col/pe_inst[0].u_pe_1/N3) has been disconnected.
I: Const net (pin RSTY of inst u_top_yolo/u_layer4/genblk1.gen_pages[2].pe_inst.u_pe_page/pe_col_inst[0].u_pe_col/pe_inst[0].u_pe_1/N3) has been disconnected.
I: Const net (pin CEP of inst u_top_yolo/u_layer4/genblk1.gen_pages[2].pe_inst.u_pe_page/pe_col_inst[0].u_pe_col/pe_inst[0].u_pe_1/N3) has been disconnected.
I: Const net (pin RSTP of inst u_top_yolo/u_layer4/genblk1.gen_pages[2].pe_inst.u_pe_page/pe_col_inst[0].u_pe_col/pe_inst[0].u_pe_1/N3) has been disconnected.
I: Const net (pin CEX1 of inst u_top_yolo/u_layer4/genblk1.gen_pages[2].pe_inst.u_pe_page/pe_col_inst[0].u_pe_col/pe_inst[0].u_pe_2/N3) has been disconnected.
I: Const net (pin RSTX of inst u_top_yolo/u_layer4/genblk1.gen_pages[2].pe_inst.u_pe_page/pe_col_inst[0].u_pe_col/pe_inst[0].u_pe_2/N3) has been disconnected.
I: Const net (pin CEY1 of inst u_top_yolo/u_layer4/genblk1.gen_pages[2].pe_inst.u_pe_page/pe_col_inst[0].u_pe_col/pe_inst[0].u_pe_2/N3) has been disconnected.
I: Const net (pin RSTY of inst u_top_yolo/u_layer4/genblk1.gen_pages[2].pe_inst.u_pe_page/pe_col_inst[0].u_pe_col/pe_inst[0].u_pe_2/N3) has been disconnected.
I: Const net (pin CEP of inst u_top_yolo/u_layer4/genblk1.gen_pages[2].pe_inst.u_pe_page/pe_col_inst[0].u_pe_col/pe_inst[0].u_pe_2/N3) has been disconnected.
I: Const net (pin RSTP of inst u_top_yolo/u_layer4/genblk1.gen_pages[2].pe_inst.u_pe_page/pe_col_inst[0].u_pe_col/pe_inst[0].u_pe_2/N3) has been disconnected.
I: Const net (pin CEX1 of inst u_top_yolo/u_layer4/genblk1.gen_pages[2].pe_inst.u_pe_page/pe_col_inst[0].u_pe_col/pe_inst[0].u_pe_3/N3) has been disconnected.
I: Const net (pin RSTX of inst u_top_yolo/u_layer4/genblk1.gen_pages[2].pe_inst.u_pe_page/pe_col_inst[0].u_pe_col/pe_inst[0].u_pe_3/N3) has been disconnected.
I: Const net (pin CEY1 of inst u_top_yolo/u_layer4/genblk1.gen_pages[2].pe_inst.u_pe_page/pe_col_inst[0].u_pe_col/pe_inst[0].u_pe_3/N3) has been disconnected.
I: Const net (pin RSTY of inst u_top_yolo/u_layer4/genblk1.gen_pages[2].pe_inst.u_pe_page/pe_col_inst[0].u_pe_col/pe_inst[0].u_pe_3/N3) has been disconnected.
I: Const net (pin CEP of inst u_top_yolo/u_layer4/genblk1.gen_pages[2].pe_inst.u_pe_page/pe_col_inst[0].u_pe_col/pe_inst[0].u_pe_3/N3) has been disconnected.
I: Const net (pin RSTP of inst u_top_yolo/u_layer4/genblk1.gen_pages[2].pe_inst.u_pe_page/pe_col_inst[0].u_pe_col/pe_inst[0].u_pe_3/N3) has been disconnected.
I: Const net (pin CEX1 of inst u_top_yolo/u_layer4/genblk1.gen_pages[2].pe_inst.u_pe_page/pe_col_inst[0].u_pe_col/pe_inst[0].u_pe_4/N3) has been disconnected.
I: Const net (pin RSTX of inst u_top_yolo/u_layer4/genblk1.gen_pages[2].pe_inst.u_pe_page/pe_col_inst[0].u_pe_col/pe_inst[0].u_pe_4/N3) has been disconnected.
I: Const net (pin CEY1 of inst u_top_yolo/u_layer4/genblk1.gen_pages[2].pe_inst.u_pe_page/pe_col_inst[0].u_pe_col/pe_inst[0].u_pe_4/N3) has been disconnected.
I: Const net (pin RSTY of inst u_top_yolo/u_layer4/genblk1.gen_pages[2].pe_inst.u_pe_page/pe_col_inst[0].u_pe_col/pe_inst[0].u_pe_4/N3) has been disconnected.
I: Const net (pin CEP of inst u_top_yolo/u_layer4/genblk1.gen_pages[2].pe_inst.u_pe_page/pe_col_inst[0].u_pe_col/pe_inst[0].u_pe_4/N3) has been disconnected.
I: Const net (pin RSTP of inst u_top_yolo/u_layer4/genblk1.gen_pages[2].pe_inst.u_pe_page/pe_col_inst[0].u_pe_col/pe_inst[0].u_pe_4/N3) has been disconnected.
I: Const net (pin CEX1 of inst u_top_yolo/u_layer4/genblk1.gen_pages[2].pe_inst.u_pe_page/pe_col_inst[0].u_pe_col/pe_inst[0].u_pe_5/N3) has been disconnected.
I: Const net (pin RSTX of inst u_top_yolo/u_layer4/genblk1.gen_pages[2].pe_inst.u_pe_page/pe_col_inst[0].u_pe_col/pe_inst[0].u_pe_5/N3) has been disconnected.
I: Const net (pin CEY1 of inst u_top_yolo/u_layer4/genblk1.gen_pages[2].pe_inst.u_pe_page/pe_col_inst[0].u_pe_col/pe_inst[0].u_pe_5/N3) has been disconnected.
I: Const net (pin RSTY of inst u_top_yolo/u_layer4/genblk1.gen_pages[2].pe_inst.u_pe_page/pe_col_inst[0].u_pe_col/pe_inst[0].u_pe_5/N3) has been disconnected.
I: Const net (pin CEP of inst u_top_yolo/u_layer4/genblk1.gen_pages[2].pe_inst.u_pe_page/pe_col_inst[0].u_pe_col/pe_inst[0].u_pe_5/N3) has been disconnected.
I: Const net (pin RSTP of inst u_top_yolo/u_layer4/genblk1.gen_pages[2].pe_inst.u_pe_page/pe_col_inst[0].u_pe_col/pe_inst[0].u_pe_5/N3) has been disconnected.
I: Const net (pin CEX1 of inst u_top_yolo/u_layer4/genblk1.gen_pages[2].pe_inst.u_pe_page/pe_col_inst[0].u_pe_col/pe_inst[0].u_pe_6/N3) has been disconnected.
I: Const net (pin RSTX of inst u_top_yolo/u_layer4/genblk1.gen_pages[2].pe_inst.u_pe_page/pe_col_inst[0].u_pe_col/pe_inst[0].u_pe_6/N3) has been disconnected.
I: Const net (pin CEY1 of inst u_top_yolo/u_layer4/genblk1.gen_pages[2].pe_inst.u_pe_page/pe_col_inst[0].u_pe_col/pe_inst[0].u_pe_6/N3) has been disconnected.
I: Const net (pin RSTY of inst u_top_yolo/u_layer4/genblk1.gen_pages[2].pe_inst.u_pe_page/pe_col_inst[0].u_pe_col/pe_inst[0].u_pe_6/N3) has been disconnected.
I: Const net (pin CEP of inst u_top_yolo/u_layer4/genblk1.gen_pages[2].pe_inst.u_pe_page/pe_col_inst[0].u_pe_col/pe_inst[0].u_pe_6/N3) has been disconnected.
I: Const net (pin RSTP of inst u_top_yolo/u_layer4/genblk1.gen_pages[2].pe_inst.u_pe_page/pe_col_inst[0].u_pe_col/pe_inst[0].u_pe_6/N3) has been disconnected.
I: Const net (pin CEX1 of inst u_top_yolo/u_layer4/genblk1.gen_pages[2].pe_inst.u_pe_page/pe_col_inst[0].u_pe_col/pe_inst[0].u_pe_7/N3) has been disconnected.
I: Const net (pin RSTX of inst u_top_yolo/u_layer4/genblk1.gen_pages[2].pe_inst.u_pe_page/pe_col_inst[0].u_pe_col/pe_inst[0].u_pe_7/N3) has been disconnected.
I: Const net (pin CEY1 of inst u_top_yolo/u_layer4/genblk1.gen_pages[2].pe_inst.u_pe_page/pe_col_inst[0].u_pe_col/pe_inst[0].u_pe_7/N3) has been disconnected.
I: Const net (pin RSTY of inst u_top_yolo/u_layer4/genblk1.gen_pages[2].pe_inst.u_pe_page/pe_col_inst[0].u_pe_col/pe_inst[0].u_pe_7/N3) has been disconnected.
I: Const net (pin CEP of inst u_top_yolo/u_layer4/genblk1.gen_pages[2].pe_inst.u_pe_page/pe_col_inst[0].u_pe_col/pe_inst[0].u_pe_7/N3) has been disconnected.
I: Const net (pin RSTP of inst u_top_yolo/u_layer4/genblk1.gen_pages[2].pe_inst.u_pe_page/pe_col_inst[0].u_pe_col/pe_inst[0].u_pe_7/N3) has been disconnected.
I: Const net (pin CEX1 of inst u_top_yolo/u_layer4/genblk1.gen_pages[2].pe_inst.u_pe_page/pe_col_inst[0].u_pe_col/pe_inst[0].u_pe_8/N3) has been disconnected.
I: Const net (pin RSTX of inst u_top_yolo/u_layer4/genblk1.gen_pages[2].pe_inst.u_pe_page/pe_col_inst[0].u_pe_col/pe_inst[0].u_pe_8/N3) has been disconnected.
I: Const net (pin CEY1 of inst u_top_yolo/u_layer4/genblk1.gen_pages[2].pe_inst.u_pe_page/pe_col_inst[0].u_pe_col/pe_inst[0].u_pe_8/N3) has been disconnected.
I: Const net (pin RSTY of inst u_top_yolo/u_layer4/genblk1.gen_pages[2].pe_inst.u_pe_page/pe_col_inst[0].u_pe_col/pe_inst[0].u_pe_8/N3) has been disconnected.
I: Const net (pin CEP of inst u_top_yolo/u_layer4/genblk1.gen_pages[2].pe_inst.u_pe_page/pe_col_inst[0].u_pe_col/pe_inst[0].u_pe_8/N3) has been disconnected.
I: Const net (pin RSTP of inst u_top_yolo/u_layer4/genblk1.gen_pages[2].pe_inst.u_pe_page/pe_col_inst[0].u_pe_col/pe_inst[0].u_pe_8/N3) has been disconnected.
I: Const net (pin CEX1 of inst u_top_yolo/u_layer4/genblk1.gen_pages[2].pe_inst.u_pe_page/pe_col_inst[1].u_pe_col/pe_inst[0].u_pe/N3) has been disconnected.
I: Const net (pin RSTX of inst u_top_yolo/u_layer4/genblk1.gen_pages[2].pe_inst.u_pe_page/pe_col_inst[1].u_pe_col/pe_inst[0].u_pe/N3) has been disconnected.
I: Const net (pin CEY1 of inst u_top_yolo/u_layer4/genblk1.gen_pages[2].pe_inst.u_pe_page/pe_col_inst[1].u_pe_col/pe_inst[0].u_pe/N3) has been disconnected.
I: Const net (pin RSTY of inst u_top_yolo/u_layer4/genblk1.gen_pages[2].pe_inst.u_pe_page/pe_col_inst[1].u_pe_col/pe_inst[0].u_pe/N3) has been disconnected.
I: Const net (pin CEP of inst u_top_yolo/u_layer4/genblk1.gen_pages[2].pe_inst.u_pe_page/pe_col_inst[1].u_pe_col/pe_inst[0].u_pe/N3) has been disconnected.
I: Const net (pin RSTP of inst u_top_yolo/u_layer4/genblk1.gen_pages[2].pe_inst.u_pe_page/pe_col_inst[1].u_pe_col/pe_inst[0].u_pe/N3) has been disconnected.
I: Const net (pin CEX1 of inst u_top_yolo/u_layer4/genblk1.gen_pages[2].pe_inst.u_pe_page/pe_col_inst[1].u_pe_col/pe_inst[0].u_pe_1/N3) has been disconnected.
I: Const net (pin RSTX of inst u_top_yolo/u_layer4/genblk1.gen_pages[2].pe_inst.u_pe_page/pe_col_inst[1].u_pe_col/pe_inst[0].u_pe_1/N3) has been disconnected.
I: Const net (pin CEY1 of inst u_top_yolo/u_layer4/genblk1.gen_pages[2].pe_inst.u_pe_page/pe_col_inst[1].u_pe_col/pe_inst[0].u_pe_1/N3) has been disconnected.
I: Const net (pin RSTY of inst u_top_yolo/u_layer4/genblk1.gen_pages[2].pe_inst.u_pe_page/pe_col_inst[1].u_pe_col/pe_inst[0].u_pe_1/N3) has been disconnected.
I: Const net (pin CEP of inst u_top_yolo/u_layer4/genblk1.gen_pages[2].pe_inst.u_pe_page/pe_col_inst[1].u_pe_col/pe_inst[0].u_pe_1/N3) has been disconnected.
I: Const net (pin RSTP of inst u_top_yolo/u_layer4/genblk1.gen_pages[2].pe_inst.u_pe_page/pe_col_inst[1].u_pe_col/pe_inst[0].u_pe_1/N3) has been disconnected.
I: Const net (pin CEX1 of inst u_top_yolo/u_layer4/genblk1.gen_pages[2].pe_inst.u_pe_page/pe_col_inst[1].u_pe_col/pe_inst[0].u_pe_2/N3) has been disconnected.
I: Const net (pin RSTX of inst u_top_yolo/u_layer4/genblk1.gen_pages[2].pe_inst.u_pe_page/pe_col_inst[1].u_pe_col/pe_inst[0].u_pe_2/N3) has been disconnected.
I: Const net (pin CEY1 of inst u_top_yolo/u_layer4/genblk1.gen_pages[2].pe_inst.u_pe_page/pe_col_inst[1].u_pe_col/pe_inst[0].u_pe_2/N3) has been disconnected.
I: Const net (pin RSTY of inst u_top_yolo/u_layer4/genblk1.gen_pages[2].pe_inst.u_pe_page/pe_col_inst[1].u_pe_col/pe_inst[0].u_pe_2/N3) has been disconnected.
I: Const net (pin CEP of inst u_top_yolo/u_layer4/genblk1.gen_pages[2].pe_inst.u_pe_page/pe_col_inst[1].u_pe_col/pe_inst[0].u_pe_2/N3) has been disconnected.
I: Const net (pin RSTP of inst u_top_yolo/u_layer4/genblk1.gen_pages[2].pe_inst.u_pe_page/pe_col_inst[1].u_pe_col/pe_inst[0].u_pe_2/N3) has been disconnected.
I: Const net (pin CEX1 of inst u_top_yolo/u_layer4/genblk1.gen_pages[2].pe_inst.u_pe_page/pe_col_inst[1].u_pe_col/pe_inst[0].u_pe_3/N3) has been disconnected.
I: Const net (pin RSTX of inst u_top_yolo/u_layer4/genblk1.gen_pages[2].pe_inst.u_pe_page/pe_col_inst[1].u_pe_col/pe_inst[0].u_pe_3/N3) has been disconnected.
I: Const net (pin CEY1 of inst u_top_yolo/u_layer4/genblk1.gen_pages[2].pe_inst.u_pe_page/pe_col_inst[1].u_pe_col/pe_inst[0].u_pe_3/N3) has been disconnected.
I: Const net (pin RSTY of inst u_top_yolo/u_layer4/genblk1.gen_pages[2].pe_inst.u_pe_page/pe_col_inst[1].u_pe_col/pe_inst[0].u_pe_3/N3) has been disconnected.
I: Const net (pin CEP of inst u_top_yolo/u_layer4/genblk1.gen_pages[2].pe_inst.u_pe_page/pe_col_inst[1].u_pe_col/pe_inst[0].u_pe_3/N3) has been disconnected.
I: Const net (pin RSTP of inst u_top_yolo/u_layer4/genblk1.gen_pages[2].pe_inst.u_pe_page/pe_col_inst[1].u_pe_col/pe_inst[0].u_pe_3/N3) has been disconnected.
I: Const net (pin CEX1 of inst u_top_yolo/u_layer4/genblk1.gen_pages[2].pe_inst.u_pe_page/pe_col_inst[1].u_pe_col/pe_inst[0].u_pe_4/N3) has been disconnected.
I: Const net (pin RSTX of inst u_top_yolo/u_layer4/genblk1.gen_pages[2].pe_inst.u_pe_page/pe_col_inst[1].u_pe_col/pe_inst[0].u_pe_4/N3) has been disconnected.
I: Const net (pin CEY1 of inst u_top_yolo/u_layer4/genblk1.gen_pages[2].pe_inst.u_pe_page/pe_col_inst[1].u_pe_col/pe_inst[0].u_pe_4/N3) has been disconnected.
I: Const net (pin RSTY of inst u_top_yolo/u_layer4/genblk1.gen_pages[2].pe_inst.u_pe_page/pe_col_inst[1].u_pe_col/pe_inst[0].u_pe_4/N3) has been disconnected.
I: Const net (pin CEP of inst u_top_yolo/u_layer4/genblk1.gen_pages[2].pe_inst.u_pe_page/pe_col_inst[1].u_pe_col/pe_inst[0].u_pe_4/N3) has been disconnected.
I: Const net (pin RSTP of inst u_top_yolo/u_layer4/genblk1.gen_pages[2].pe_inst.u_pe_page/pe_col_inst[1].u_pe_col/pe_inst[0].u_pe_4/N3) has been disconnected.
I: Const net (pin CEX1 of inst u_top_yolo/u_layer4/genblk1.gen_pages[2].pe_inst.u_pe_page/pe_col_inst[1].u_pe_col/pe_inst[0].u_pe_5/N3) has been disconnected.
I: Const net (pin RSTX of inst u_top_yolo/u_layer4/genblk1.gen_pages[2].pe_inst.u_pe_page/pe_col_inst[1].u_pe_col/pe_inst[0].u_pe_5/N3) has been disconnected.
I: Const net (pin CEY1 of inst u_top_yolo/u_layer4/genblk1.gen_pages[2].pe_inst.u_pe_page/pe_col_inst[1].u_pe_col/pe_inst[0].u_pe_5/N3) has been disconnected.
I: Const net (pin RSTY of inst u_top_yolo/u_layer4/genblk1.gen_pages[2].pe_inst.u_pe_page/pe_col_inst[1].u_pe_col/pe_inst[0].u_pe_5/N3) has been disconnected.
I: Const net (pin CEP of inst u_top_yolo/u_layer4/genblk1.gen_pages[2].pe_inst.u_pe_page/pe_col_inst[1].u_pe_col/pe_inst[0].u_pe_5/N3) has been disconnected.
I: Const net (pin RSTP of inst u_top_yolo/u_layer4/genblk1.gen_pages[2].pe_inst.u_pe_page/pe_col_inst[1].u_pe_col/pe_inst[0].u_pe_5/N3) has been disconnected.
I: Const net (pin CEX1 of inst u_top_yolo/u_layer4/genblk1.gen_pages[2].pe_inst.u_pe_page/pe_col_inst[1].u_pe_col/pe_inst[0].u_pe_6/N3) has been disconnected.
I: Const net (pin RSTX of inst u_top_yolo/u_layer4/genblk1.gen_pages[2].pe_inst.u_pe_page/pe_col_inst[1].u_pe_col/pe_inst[0].u_pe_6/N3) has been disconnected.
I: Const net (pin CEY1 of inst u_top_yolo/u_layer4/genblk1.gen_pages[2].pe_inst.u_pe_page/pe_col_inst[1].u_pe_col/pe_inst[0].u_pe_6/N3) has been disconnected.
I: Const net (pin RSTY of inst u_top_yolo/u_layer4/genblk1.gen_pages[2].pe_inst.u_pe_page/pe_col_inst[1].u_pe_col/pe_inst[0].u_pe_6/N3) has been disconnected.
I: Const net (pin CEP of inst u_top_yolo/u_layer4/genblk1.gen_pages[2].pe_inst.u_pe_page/pe_col_inst[1].u_pe_col/pe_inst[0].u_pe_6/N3) has been disconnected.
I: Const net (pin RSTP of inst u_top_yolo/u_layer4/genblk1.gen_pages[2].pe_inst.u_pe_page/pe_col_inst[1].u_pe_col/pe_inst[0].u_pe_6/N3) has been disconnected.
I: Const net (pin CEX1 of inst u_top_yolo/u_layer4/genblk1.gen_pages[2].pe_inst.u_pe_page/pe_col_inst[1].u_pe_col/pe_inst[0].u_pe_7/N3) has been disconnected.
I: Const net (pin RSTX of inst u_top_yolo/u_layer4/genblk1.gen_pages[2].pe_inst.u_pe_page/pe_col_inst[1].u_pe_col/pe_inst[0].u_pe_7/N3) has been disconnected.
I: Const net (pin CEY1 of inst u_top_yolo/u_layer4/genblk1.gen_pages[2].pe_inst.u_pe_page/pe_col_inst[1].u_pe_col/pe_inst[0].u_pe_7/N3) has been disconnected.
I: Const net (pin RSTY of inst u_top_yolo/u_layer4/genblk1.gen_pages[2].pe_inst.u_pe_page/pe_col_inst[1].u_pe_col/pe_inst[0].u_pe_7/N3) has been disconnected.
I: Const net (pin CEP of inst u_top_yolo/u_layer4/genblk1.gen_pages[2].pe_inst.u_pe_page/pe_col_inst[1].u_pe_col/pe_inst[0].u_pe_7/N3) has been disconnected.
I: Const net (pin RSTP of inst u_top_yolo/u_layer4/genblk1.gen_pages[2].pe_inst.u_pe_page/pe_col_inst[1].u_pe_col/pe_inst[0].u_pe_7/N3) has been disconnected.
I: Const net (pin CEX1 of inst u_top_yolo/u_layer4/genblk1.gen_pages[2].pe_inst.u_pe_page/pe_col_inst[1].u_pe_col/pe_inst[0].u_pe_8/N3) has been disconnected.
I: Const net (pin RSTX of inst u_top_yolo/u_layer4/genblk1.gen_pages[2].pe_inst.u_pe_page/pe_col_inst[1].u_pe_col/pe_inst[0].u_pe_8/N3) has been disconnected.
I: Const net (pin CEY1 of inst u_top_yolo/u_layer4/genblk1.gen_pages[2].pe_inst.u_pe_page/pe_col_inst[1].u_pe_col/pe_inst[0].u_pe_8/N3) has been disconnected.
I: Const net (pin RSTY of inst u_top_yolo/u_layer4/genblk1.gen_pages[2].pe_inst.u_pe_page/pe_col_inst[1].u_pe_col/pe_inst[0].u_pe_8/N3) has been disconnected.
I: Const net (pin CEP of inst u_top_yolo/u_layer4/genblk1.gen_pages[2].pe_inst.u_pe_page/pe_col_inst[1].u_pe_col/pe_inst[0].u_pe_8/N3) has been disconnected.
I: Const net (pin RSTP of inst u_top_yolo/u_layer4/genblk1.gen_pages[2].pe_inst.u_pe_page/pe_col_inst[1].u_pe_col/pe_inst[0].u_pe_8/N3) has been disconnected.
I: Const net (pin CEX1 of inst u_top_yolo/u_layer4/genblk1.gen_pages[3].pe_inst.u_pe_page/pe_col_inst[0].u_pe_col/pe_inst[0].u_pe/N3) has been disconnected.
I: Const net (pin RSTX of inst u_top_yolo/u_layer4/genblk1.gen_pages[3].pe_inst.u_pe_page/pe_col_inst[0].u_pe_col/pe_inst[0].u_pe/N3) has been disconnected.
I: Const net (pin CEY1 of inst u_top_yolo/u_layer4/genblk1.gen_pages[3].pe_inst.u_pe_page/pe_col_inst[0].u_pe_col/pe_inst[0].u_pe/N3) has been disconnected.
I: Const net (pin RSTY of inst u_top_yolo/u_layer4/genblk1.gen_pages[3].pe_inst.u_pe_page/pe_col_inst[0].u_pe_col/pe_inst[0].u_pe/N3) has been disconnected.
I: Const net (pin CEP of inst u_top_yolo/u_layer4/genblk1.gen_pages[3].pe_inst.u_pe_page/pe_col_inst[0].u_pe_col/pe_inst[0].u_pe/N3) has been disconnected.
I: Const net (pin RSTP of inst u_top_yolo/u_layer4/genblk1.gen_pages[3].pe_inst.u_pe_page/pe_col_inst[0].u_pe_col/pe_inst[0].u_pe/N3) has been disconnected.
I: Const net (pin CEX1 of inst u_top_yolo/u_layer4/genblk1.gen_pages[3].pe_inst.u_pe_page/pe_col_inst[0].u_pe_col/pe_inst[0].u_pe_1/N3) has been disconnected.
I: Const net (pin RSTX of inst u_top_yolo/u_layer4/genblk1.gen_pages[3].pe_inst.u_pe_page/pe_col_inst[0].u_pe_col/pe_inst[0].u_pe_1/N3) has been disconnected.
I: Const net (pin CEY1 of inst u_top_yolo/u_layer4/genblk1.gen_pages[3].pe_inst.u_pe_page/pe_col_inst[0].u_pe_col/pe_inst[0].u_pe_1/N3) has been disconnected.
I: Const net (pin RSTY of inst u_top_yolo/u_layer4/genblk1.gen_pages[3].pe_inst.u_pe_page/pe_col_inst[0].u_pe_col/pe_inst[0].u_pe_1/N3) has been disconnected.
I: Const net (pin CEP of inst u_top_yolo/u_layer4/genblk1.gen_pages[3].pe_inst.u_pe_page/pe_col_inst[0].u_pe_col/pe_inst[0].u_pe_1/N3) has been disconnected.
I: Const net (pin RSTP of inst u_top_yolo/u_layer4/genblk1.gen_pages[3].pe_inst.u_pe_page/pe_col_inst[0].u_pe_col/pe_inst[0].u_pe_1/N3) has been disconnected.
I: Const net (pin CEX1 of inst u_top_yolo/u_layer4/genblk1.gen_pages[3].pe_inst.u_pe_page/pe_col_inst[0].u_pe_col/pe_inst[0].u_pe_2/N3) has been disconnected.
I: Const net (pin RSTX of inst u_top_yolo/u_layer4/genblk1.gen_pages[3].pe_inst.u_pe_page/pe_col_inst[0].u_pe_col/pe_inst[0].u_pe_2/N3) has been disconnected.
I: Const net (pin CEY1 of inst u_top_yolo/u_layer4/genblk1.gen_pages[3].pe_inst.u_pe_page/pe_col_inst[0].u_pe_col/pe_inst[0].u_pe_2/N3) has been disconnected.
I: Const net (pin RSTY of inst u_top_yolo/u_layer4/genblk1.gen_pages[3].pe_inst.u_pe_page/pe_col_inst[0].u_pe_col/pe_inst[0].u_pe_2/N3) has been disconnected.
I: Const net (pin CEP of inst u_top_yolo/u_layer4/genblk1.gen_pages[3].pe_inst.u_pe_page/pe_col_inst[0].u_pe_col/pe_inst[0].u_pe_2/N3) has been disconnected.
I: Const net (pin RSTP of inst u_top_yolo/u_layer4/genblk1.gen_pages[3].pe_inst.u_pe_page/pe_col_inst[0].u_pe_col/pe_inst[0].u_pe_2/N3) has been disconnected.
I: Const net (pin CEX1 of inst u_top_yolo/u_layer4/genblk1.gen_pages[3].pe_inst.u_pe_page/pe_col_inst[0].u_pe_col/pe_inst[0].u_pe_3/N3) has been disconnected.
I: Const net (pin RSTX of inst u_top_yolo/u_layer4/genblk1.gen_pages[3].pe_inst.u_pe_page/pe_col_inst[0].u_pe_col/pe_inst[0].u_pe_3/N3) has been disconnected.
I: Const net (pin CEY1 of inst u_top_yolo/u_layer4/genblk1.gen_pages[3].pe_inst.u_pe_page/pe_col_inst[0].u_pe_col/pe_inst[0].u_pe_3/N3) has been disconnected.
I: Const net (pin RSTY of inst u_top_yolo/u_layer4/genblk1.gen_pages[3].pe_inst.u_pe_page/pe_col_inst[0].u_pe_col/pe_inst[0].u_pe_3/N3) has been disconnected.
I: Const net (pin CEP of inst u_top_yolo/u_layer4/genblk1.gen_pages[3].pe_inst.u_pe_page/pe_col_inst[0].u_pe_col/pe_inst[0].u_pe_3/N3) has been disconnected.
I: Const net (pin RSTP of inst u_top_yolo/u_layer4/genblk1.gen_pages[3].pe_inst.u_pe_page/pe_col_inst[0].u_pe_col/pe_inst[0].u_pe_3/N3) has been disconnected.
I: Const net (pin CEX1 of inst u_top_yolo/u_layer4/genblk1.gen_pages[3].pe_inst.u_pe_page/pe_col_inst[0].u_pe_col/pe_inst[0].u_pe_4/N3) has been disconnected.
I: Const net (pin RSTX of inst u_top_yolo/u_layer4/genblk1.gen_pages[3].pe_inst.u_pe_page/pe_col_inst[0].u_pe_col/pe_inst[0].u_pe_4/N3) has been disconnected.
I: Const net (pin CEY1 of inst u_top_yolo/u_layer4/genblk1.gen_pages[3].pe_inst.u_pe_page/pe_col_inst[0].u_pe_col/pe_inst[0].u_pe_4/N3) has been disconnected.
I: Const net (pin RSTY of inst u_top_yolo/u_layer4/genblk1.gen_pages[3].pe_inst.u_pe_page/pe_col_inst[0].u_pe_col/pe_inst[0].u_pe_4/N3) has been disconnected.
I: Const net (pin CEP of inst u_top_yolo/u_layer4/genblk1.gen_pages[3].pe_inst.u_pe_page/pe_col_inst[0].u_pe_col/pe_inst[0].u_pe_4/N3) has been disconnected.
I: Const net (pin RSTP of inst u_top_yolo/u_layer4/genblk1.gen_pages[3].pe_inst.u_pe_page/pe_col_inst[0].u_pe_col/pe_inst[0].u_pe_4/N3) has been disconnected.
I: Const net (pin CEX1 of inst u_top_yolo/u_layer4/genblk1.gen_pages[3].pe_inst.u_pe_page/pe_col_inst[0].u_pe_col/pe_inst[0].u_pe_5/N3) has been disconnected.
I: Const net (pin RSTX of inst u_top_yolo/u_layer4/genblk1.gen_pages[3].pe_inst.u_pe_page/pe_col_inst[0].u_pe_col/pe_inst[0].u_pe_5/N3) has been disconnected.
I: Const net (pin CEY1 of inst u_top_yolo/u_layer4/genblk1.gen_pages[3].pe_inst.u_pe_page/pe_col_inst[0].u_pe_col/pe_inst[0].u_pe_5/N3) has been disconnected.
I: Const net (pin RSTY of inst u_top_yolo/u_layer4/genblk1.gen_pages[3].pe_inst.u_pe_page/pe_col_inst[0].u_pe_col/pe_inst[0].u_pe_5/N3) has been disconnected.
I: Const net (pin CEP of inst u_top_yolo/u_layer4/genblk1.gen_pages[3].pe_inst.u_pe_page/pe_col_inst[0].u_pe_col/pe_inst[0].u_pe_5/N3) has been disconnected.
I: Const net (pin RSTP of inst u_top_yolo/u_layer4/genblk1.gen_pages[3].pe_inst.u_pe_page/pe_col_inst[0].u_pe_col/pe_inst[0].u_pe_5/N3) has been disconnected.
I: Const net (pin CEX1 of inst u_top_yolo/u_layer4/genblk1.gen_pages[3].pe_inst.u_pe_page/pe_col_inst[0].u_pe_col/pe_inst[0].u_pe_6/N3) has been disconnected.
I: Const net (pin RSTX of inst u_top_yolo/u_layer4/genblk1.gen_pages[3].pe_inst.u_pe_page/pe_col_inst[0].u_pe_col/pe_inst[0].u_pe_6/N3) has been disconnected.
I: Const net (pin CEY1 of inst u_top_yolo/u_layer4/genblk1.gen_pages[3].pe_inst.u_pe_page/pe_col_inst[0].u_pe_col/pe_inst[0].u_pe_6/N3) has been disconnected.
I: Const net (pin RSTY of inst u_top_yolo/u_layer4/genblk1.gen_pages[3].pe_inst.u_pe_page/pe_col_inst[0].u_pe_col/pe_inst[0].u_pe_6/N3) has been disconnected.
I: Const net (pin CEP of inst u_top_yolo/u_layer4/genblk1.gen_pages[3].pe_inst.u_pe_page/pe_col_inst[0].u_pe_col/pe_inst[0].u_pe_6/N3) has been disconnected.
I: Const net (pin RSTP of inst u_top_yolo/u_layer4/genblk1.gen_pages[3].pe_inst.u_pe_page/pe_col_inst[0].u_pe_col/pe_inst[0].u_pe_6/N3) has been disconnected.
I: Const net (pin CEX1 of inst u_top_yolo/u_layer4/genblk1.gen_pages[3].pe_inst.u_pe_page/pe_col_inst[0].u_pe_col/pe_inst[0].u_pe_7/N3) has been disconnected.
I: Const net (pin RSTX of inst u_top_yolo/u_layer4/genblk1.gen_pages[3].pe_inst.u_pe_page/pe_col_inst[0].u_pe_col/pe_inst[0].u_pe_7/N3) has been disconnected.
I: Const net (pin CEY1 of inst u_top_yolo/u_layer4/genblk1.gen_pages[3].pe_inst.u_pe_page/pe_col_inst[0].u_pe_col/pe_inst[0].u_pe_7/N3) has been disconnected.
I: Const net (pin RSTY of inst u_top_yolo/u_layer4/genblk1.gen_pages[3].pe_inst.u_pe_page/pe_col_inst[0].u_pe_col/pe_inst[0].u_pe_7/N3) has been disconnected.
I: Const net (pin CEP of inst u_top_yolo/u_layer4/genblk1.gen_pages[3].pe_inst.u_pe_page/pe_col_inst[0].u_pe_col/pe_inst[0].u_pe_7/N3) has been disconnected.
I: Const net (pin RSTP of inst u_top_yolo/u_layer4/genblk1.gen_pages[3].pe_inst.u_pe_page/pe_col_inst[0].u_pe_col/pe_inst[0].u_pe_7/N3) has been disconnected.
I: Const net (pin CEX1 of inst u_top_yolo/u_layer4/genblk1.gen_pages[3].pe_inst.u_pe_page/pe_col_inst[0].u_pe_col/pe_inst[0].u_pe_8/N3) has been disconnected.
I: Const net (pin RSTX of inst u_top_yolo/u_layer4/genblk1.gen_pages[3].pe_inst.u_pe_page/pe_col_inst[0].u_pe_col/pe_inst[0].u_pe_8/N3) has been disconnected.
I: Const net (pin CEY1 of inst u_top_yolo/u_layer4/genblk1.gen_pages[3].pe_inst.u_pe_page/pe_col_inst[0].u_pe_col/pe_inst[0].u_pe_8/N3) has been disconnected.
I: Const net (pin RSTY of inst u_top_yolo/u_layer4/genblk1.gen_pages[3].pe_inst.u_pe_page/pe_col_inst[0].u_pe_col/pe_inst[0].u_pe_8/N3) has been disconnected.
I: Const net (pin CEP of inst u_top_yolo/u_layer4/genblk1.gen_pages[3].pe_inst.u_pe_page/pe_col_inst[0].u_pe_col/pe_inst[0].u_pe_8/N3) has been disconnected.
I: Const net (pin RSTP of inst u_top_yolo/u_layer4/genblk1.gen_pages[3].pe_inst.u_pe_page/pe_col_inst[0].u_pe_col/pe_inst[0].u_pe_8/N3) has been disconnected.
I: Const net (pin CEX1 of inst u_top_yolo/u_layer4/genblk1.gen_pages[3].pe_inst.u_pe_page/pe_col_inst[1].u_pe_col/pe_inst[0].u_pe/N3) has been disconnected.
I: Const net (pin RSTX of inst u_top_yolo/u_layer4/genblk1.gen_pages[3].pe_inst.u_pe_page/pe_col_inst[1].u_pe_col/pe_inst[0].u_pe/N3) has been disconnected.
I: Const net (pin CEY1 of inst u_top_yolo/u_layer4/genblk1.gen_pages[3].pe_inst.u_pe_page/pe_col_inst[1].u_pe_col/pe_inst[0].u_pe/N3) has been disconnected.
I: Const net (pin RSTY of inst u_top_yolo/u_layer4/genblk1.gen_pages[3].pe_inst.u_pe_page/pe_col_inst[1].u_pe_col/pe_inst[0].u_pe/N3) has been disconnected.
I: Const net (pin CEP of inst u_top_yolo/u_layer4/genblk1.gen_pages[3].pe_inst.u_pe_page/pe_col_inst[1].u_pe_col/pe_inst[0].u_pe/N3) has been disconnected.
I: Const net (pin RSTP of inst u_top_yolo/u_layer4/genblk1.gen_pages[3].pe_inst.u_pe_page/pe_col_inst[1].u_pe_col/pe_inst[0].u_pe/N3) has been disconnected.
I: Const net (pin CEX1 of inst u_top_yolo/u_layer4/genblk1.gen_pages[3].pe_inst.u_pe_page/pe_col_inst[1].u_pe_col/pe_inst[0].u_pe_1/N3) has been disconnected.
I: Const net (pin RSTX of inst u_top_yolo/u_layer4/genblk1.gen_pages[3].pe_inst.u_pe_page/pe_col_inst[1].u_pe_col/pe_inst[0].u_pe_1/N3) has been disconnected.
I: Const net (pin CEY1 of inst u_top_yolo/u_layer4/genblk1.gen_pages[3].pe_inst.u_pe_page/pe_col_inst[1].u_pe_col/pe_inst[0].u_pe_1/N3) has been disconnected.
I: Const net (pin RSTY of inst u_top_yolo/u_layer4/genblk1.gen_pages[3].pe_inst.u_pe_page/pe_col_inst[1].u_pe_col/pe_inst[0].u_pe_1/N3) has been disconnected.
I: Const net (pin CEP of inst u_top_yolo/u_layer4/genblk1.gen_pages[3].pe_inst.u_pe_page/pe_col_inst[1].u_pe_col/pe_inst[0].u_pe_1/N3) has been disconnected.
I: Const net (pin RSTP of inst u_top_yolo/u_layer4/genblk1.gen_pages[3].pe_inst.u_pe_page/pe_col_inst[1].u_pe_col/pe_inst[0].u_pe_1/N3) has been disconnected.
I: Const net (pin CEX1 of inst u_top_yolo/u_layer4/genblk1.gen_pages[3].pe_inst.u_pe_page/pe_col_inst[1].u_pe_col/pe_inst[0].u_pe_2/N3) has been disconnected.
I: Const net (pin RSTX of inst u_top_yolo/u_layer4/genblk1.gen_pages[3].pe_inst.u_pe_page/pe_col_inst[1].u_pe_col/pe_inst[0].u_pe_2/N3) has been disconnected.
I: Const net (pin CEY1 of inst u_top_yolo/u_layer4/genblk1.gen_pages[3].pe_inst.u_pe_page/pe_col_inst[1].u_pe_col/pe_inst[0].u_pe_2/N3) has been disconnected.
I: Const net (pin RSTY of inst u_top_yolo/u_layer4/genblk1.gen_pages[3].pe_inst.u_pe_page/pe_col_inst[1].u_pe_col/pe_inst[0].u_pe_2/N3) has been disconnected.
I: Const net (pin CEP of inst u_top_yolo/u_layer4/genblk1.gen_pages[3].pe_inst.u_pe_page/pe_col_inst[1].u_pe_col/pe_inst[0].u_pe_2/N3) has been disconnected.
I: Const net (pin RSTP of inst u_top_yolo/u_layer4/genblk1.gen_pages[3].pe_inst.u_pe_page/pe_col_inst[1].u_pe_col/pe_inst[0].u_pe_2/N3) has been disconnected.
I: Const net (pin CEX1 of inst u_top_yolo/u_layer4/genblk1.gen_pages[3].pe_inst.u_pe_page/pe_col_inst[1].u_pe_col/pe_inst[0].u_pe_3/N3) has been disconnected.
I: Const net (pin RSTX of inst u_top_yolo/u_layer4/genblk1.gen_pages[3].pe_inst.u_pe_page/pe_col_inst[1].u_pe_col/pe_inst[0].u_pe_3/N3) has been disconnected.
I: Const net (pin CEY1 of inst u_top_yolo/u_layer4/genblk1.gen_pages[3].pe_inst.u_pe_page/pe_col_inst[1].u_pe_col/pe_inst[0].u_pe_3/N3) has been disconnected.
I: Const net (pin RSTY of inst u_top_yolo/u_layer4/genblk1.gen_pages[3].pe_inst.u_pe_page/pe_col_inst[1].u_pe_col/pe_inst[0].u_pe_3/N3) has been disconnected.
I: Const net (pin CEP of inst u_top_yolo/u_layer4/genblk1.gen_pages[3].pe_inst.u_pe_page/pe_col_inst[1].u_pe_col/pe_inst[0].u_pe_3/N3) has been disconnected.
I: Const net (pin RSTP of inst u_top_yolo/u_layer4/genblk1.gen_pages[3].pe_inst.u_pe_page/pe_col_inst[1].u_pe_col/pe_inst[0].u_pe_3/N3) has been disconnected.
I: Const net (pin CEX1 of inst u_top_yolo/u_layer4/genblk1.gen_pages[3].pe_inst.u_pe_page/pe_col_inst[1].u_pe_col/pe_inst[0].u_pe_4/N3) has been disconnected.
I: Const net (pin RSTX of inst u_top_yolo/u_layer4/genblk1.gen_pages[3].pe_inst.u_pe_page/pe_col_inst[1].u_pe_col/pe_inst[0].u_pe_4/N3) has been disconnected.
I: Const net (pin CEY1 of inst u_top_yolo/u_layer4/genblk1.gen_pages[3].pe_inst.u_pe_page/pe_col_inst[1].u_pe_col/pe_inst[0].u_pe_4/N3) has been disconnected.
I: Const net (pin RSTY of inst u_top_yolo/u_layer4/genblk1.gen_pages[3].pe_inst.u_pe_page/pe_col_inst[1].u_pe_col/pe_inst[0].u_pe_4/N3) has been disconnected.
I: Const net (pin CEP of inst u_top_yolo/u_layer4/genblk1.gen_pages[3].pe_inst.u_pe_page/pe_col_inst[1].u_pe_col/pe_inst[0].u_pe_4/N3) has been disconnected.
I: Const net (pin RSTP of inst u_top_yolo/u_layer4/genblk1.gen_pages[3].pe_inst.u_pe_page/pe_col_inst[1].u_pe_col/pe_inst[0].u_pe_4/N3) has been disconnected.
I: Const net (pin CEX1 of inst u_top_yolo/u_layer4/genblk1.gen_pages[3].pe_inst.u_pe_page/pe_col_inst[1].u_pe_col/pe_inst[0].u_pe_5/N3) has been disconnected.
I: Const net (pin RSTX of inst u_top_yolo/u_layer4/genblk1.gen_pages[3].pe_inst.u_pe_page/pe_col_inst[1].u_pe_col/pe_inst[0].u_pe_5/N3) has been disconnected.
I: Const net (pin CEY1 of inst u_top_yolo/u_layer4/genblk1.gen_pages[3].pe_inst.u_pe_page/pe_col_inst[1].u_pe_col/pe_inst[0].u_pe_5/N3) has been disconnected.
I: Const net (pin RSTY of inst u_top_yolo/u_layer4/genblk1.gen_pages[3].pe_inst.u_pe_page/pe_col_inst[1].u_pe_col/pe_inst[0].u_pe_5/N3) has been disconnected.
I: Const net (pin CEP of inst u_top_yolo/u_layer4/genblk1.gen_pages[3].pe_inst.u_pe_page/pe_col_inst[1].u_pe_col/pe_inst[0].u_pe_5/N3) has been disconnected.
I: Const net (pin RSTP of inst u_top_yolo/u_layer4/genblk1.gen_pages[3].pe_inst.u_pe_page/pe_col_inst[1].u_pe_col/pe_inst[0].u_pe_5/N3) has been disconnected.
I: Const net (pin CEX1 of inst u_top_yolo/u_layer4/genblk1.gen_pages[3].pe_inst.u_pe_page/pe_col_inst[1].u_pe_col/pe_inst[0].u_pe_6/N3) has been disconnected.
I: Const net (pin RSTX of inst u_top_yolo/u_layer4/genblk1.gen_pages[3].pe_inst.u_pe_page/pe_col_inst[1].u_pe_col/pe_inst[0].u_pe_6/N3) has been disconnected.
I: Const net (pin CEY1 of inst u_top_yolo/u_layer4/genblk1.gen_pages[3].pe_inst.u_pe_page/pe_col_inst[1].u_pe_col/pe_inst[0].u_pe_6/N3) has been disconnected.
I: Const net (pin RSTY of inst u_top_yolo/u_layer4/genblk1.gen_pages[3].pe_inst.u_pe_page/pe_col_inst[1].u_pe_col/pe_inst[0].u_pe_6/N3) has been disconnected.
I: Const net (pin CEP of inst u_top_yolo/u_layer4/genblk1.gen_pages[3].pe_inst.u_pe_page/pe_col_inst[1].u_pe_col/pe_inst[0].u_pe_6/N3) has been disconnected.
I: Const net (pin RSTP of inst u_top_yolo/u_layer4/genblk1.gen_pages[3].pe_inst.u_pe_page/pe_col_inst[1].u_pe_col/pe_inst[0].u_pe_6/N3) has been disconnected.
I: Const net (pin CEX1 of inst u_top_yolo/u_layer4/genblk1.gen_pages[3].pe_inst.u_pe_page/pe_col_inst[1].u_pe_col/pe_inst[0].u_pe_7/N3) has been disconnected.
I: Const net (pin RSTX of inst u_top_yolo/u_layer4/genblk1.gen_pages[3].pe_inst.u_pe_page/pe_col_inst[1].u_pe_col/pe_inst[0].u_pe_7/N3) has been disconnected.
I: Const net (pin CEY1 of inst u_top_yolo/u_layer4/genblk1.gen_pages[3].pe_inst.u_pe_page/pe_col_inst[1].u_pe_col/pe_inst[0].u_pe_7/N3) has been disconnected.
I: Const net (pin RSTY of inst u_top_yolo/u_layer4/genblk1.gen_pages[3].pe_inst.u_pe_page/pe_col_inst[1].u_pe_col/pe_inst[0].u_pe_7/N3) has been disconnected.
I: Const net (pin CEP of inst u_top_yolo/u_layer4/genblk1.gen_pages[3].pe_inst.u_pe_page/pe_col_inst[1].u_pe_col/pe_inst[0].u_pe_7/N3) has been disconnected.
I: Const net (pin RSTP of inst u_top_yolo/u_layer4/genblk1.gen_pages[3].pe_inst.u_pe_page/pe_col_inst[1].u_pe_col/pe_inst[0].u_pe_7/N3) has been disconnected.
I: Const net (pin CEX1 of inst u_top_yolo/u_layer4/genblk1.gen_pages[3].pe_inst.u_pe_page/pe_col_inst[1].u_pe_col/pe_inst[0].u_pe_8/N3) has been disconnected.
I: Const net (pin RSTX of inst u_top_yolo/u_layer4/genblk1.gen_pages[3].pe_inst.u_pe_page/pe_col_inst[1].u_pe_col/pe_inst[0].u_pe_8/N3) has been disconnected.
I: Const net (pin CEY1 of inst u_top_yolo/u_layer4/genblk1.gen_pages[3].pe_inst.u_pe_page/pe_col_inst[1].u_pe_col/pe_inst[0].u_pe_8/N3) has been disconnected.
I: Const net (pin RSTY of inst u_top_yolo/u_layer4/genblk1.gen_pages[3].pe_inst.u_pe_page/pe_col_inst[1].u_pe_col/pe_inst[0].u_pe_8/N3) has been disconnected.
I: Const net (pin CEP of inst u_top_yolo/u_layer4/genblk1.gen_pages[3].pe_inst.u_pe_page/pe_col_inst[1].u_pe_col/pe_inst[0].u_pe_8/N3) has been disconnected.
I: Const net (pin RSTP of inst u_top_yolo/u_layer4/genblk1.gen_pages[3].pe_inst.u_pe_page/pe_col_inst[1].u_pe_col/pe_inst[0].u_pe_8/N3) has been disconnected.
I: Const net (pin CEX1 of inst u_top_yolo/u_layer5/genblk1.gen_pages[0].pe_inst.u_pe_page/pe_col_inst[0].u_pe_col/pe_inst[0].u_pe/N3) has been disconnected.
I: Const net (pin RSTX of inst u_top_yolo/u_layer5/genblk1.gen_pages[0].pe_inst.u_pe_page/pe_col_inst[0].u_pe_col/pe_inst[0].u_pe/N3) has been disconnected.
I: Const net (pin CEY1 of inst u_top_yolo/u_layer5/genblk1.gen_pages[0].pe_inst.u_pe_page/pe_col_inst[0].u_pe_col/pe_inst[0].u_pe/N3) has been disconnected.
I: Const net (pin RSTY of inst u_top_yolo/u_layer5/genblk1.gen_pages[0].pe_inst.u_pe_page/pe_col_inst[0].u_pe_col/pe_inst[0].u_pe/N3) has been disconnected.
I: Const net (pin CEM of inst u_top_yolo/u_layer5/genblk1.gen_pages[0].pe_inst.u_pe_page/pe_col_inst[0].u_pe_col/pe_inst[0].u_pe/N3) has been disconnected.
I: Const net (pin RSTM of inst u_top_yolo/u_layer5/genblk1.gen_pages[0].pe_inst.u_pe_page/pe_col_inst[0].u_pe_col/pe_inst[0].u_pe/N3) has been disconnected.
I: Const net (pin CEX1 of inst u_top_yolo/u_layer5/genblk1.gen_pages[0].pe_inst.u_pe_page/pe_col_inst[0].u_pe_col/pe_inst[0].u_pe_1/N3) has been disconnected.
I: Const net (pin RSTX of inst u_top_yolo/u_layer5/genblk1.gen_pages[0].pe_inst.u_pe_page/pe_col_inst[0].u_pe_col/pe_inst[0].u_pe_1/N3) has been disconnected.
I: Const net (pin CEY1 of inst u_top_yolo/u_layer5/genblk1.gen_pages[0].pe_inst.u_pe_page/pe_col_inst[0].u_pe_col/pe_inst[0].u_pe_1/N3) has been disconnected.
I: Const net (pin RSTY of inst u_top_yolo/u_layer5/genblk1.gen_pages[0].pe_inst.u_pe_page/pe_col_inst[0].u_pe_col/pe_inst[0].u_pe_1/N3) has been disconnected.
I: Const net (pin CEM of inst u_top_yolo/u_layer5/genblk1.gen_pages[0].pe_inst.u_pe_page/pe_col_inst[0].u_pe_col/pe_inst[0].u_pe_1/N3) has been disconnected.
I: Const net (pin RSTM of inst u_top_yolo/u_layer5/genblk1.gen_pages[0].pe_inst.u_pe_page/pe_col_inst[0].u_pe_col/pe_inst[0].u_pe_1/N3) has been disconnected.
I: Const net (pin CEX1 of inst u_top_yolo/u_layer5/genblk1.gen_pages[0].pe_inst.u_pe_page/pe_col_inst[0].u_pe_col/pe_inst[0].u_pe_2/N3) has been disconnected.
I: Const net (pin RSTX of inst u_top_yolo/u_layer5/genblk1.gen_pages[0].pe_inst.u_pe_page/pe_col_inst[0].u_pe_col/pe_inst[0].u_pe_2/N3) has been disconnected.
I: Const net (pin CEY1 of inst u_top_yolo/u_layer5/genblk1.gen_pages[0].pe_inst.u_pe_page/pe_col_inst[0].u_pe_col/pe_inst[0].u_pe_2/N3) has been disconnected.
I: Const net (pin RSTY of inst u_top_yolo/u_layer5/genblk1.gen_pages[0].pe_inst.u_pe_page/pe_col_inst[0].u_pe_col/pe_inst[0].u_pe_2/N3) has been disconnected.
I: Const net (pin CEM of inst u_top_yolo/u_layer5/genblk1.gen_pages[0].pe_inst.u_pe_page/pe_col_inst[0].u_pe_col/pe_inst[0].u_pe_2/N3) has been disconnected.
I: Const net (pin RSTM of inst u_top_yolo/u_layer5/genblk1.gen_pages[0].pe_inst.u_pe_page/pe_col_inst[0].u_pe_col/pe_inst[0].u_pe_2/N3) has been disconnected.
I: Const net (pin CEX1 of inst u_top_yolo/u_layer5/genblk1.gen_pages[0].pe_inst.u_pe_page/pe_col_inst[0].u_pe_col/pe_inst[0].u_pe_3/N3) has been disconnected.
I: Const net (pin RSTX of inst u_top_yolo/u_layer5/genblk1.gen_pages[0].pe_inst.u_pe_page/pe_col_inst[0].u_pe_col/pe_inst[0].u_pe_3/N3) has been disconnected.
I: Const net (pin CEY1 of inst u_top_yolo/u_layer5/genblk1.gen_pages[0].pe_inst.u_pe_page/pe_col_inst[0].u_pe_col/pe_inst[0].u_pe_3/N3) has been disconnected.
I: Const net (pin RSTY of inst u_top_yolo/u_layer5/genblk1.gen_pages[0].pe_inst.u_pe_page/pe_col_inst[0].u_pe_col/pe_inst[0].u_pe_3/N3) has been disconnected.
I: Const net (pin CEM of inst u_top_yolo/u_layer5/genblk1.gen_pages[0].pe_inst.u_pe_page/pe_col_inst[0].u_pe_col/pe_inst[0].u_pe_3/N3) has been disconnected.
I: Const net (pin RSTM of inst u_top_yolo/u_layer5/genblk1.gen_pages[0].pe_inst.u_pe_page/pe_col_inst[0].u_pe_col/pe_inst[0].u_pe_3/N3) has been disconnected.
I: Const net (pin CEX1 of inst u_top_yolo/u_layer5/genblk1.gen_pages[0].pe_inst.u_pe_page/pe_col_inst[0].u_pe_col/pe_inst[0].u_pe_4/N3) has been disconnected.
I: Const net (pin RSTX of inst u_top_yolo/u_layer5/genblk1.gen_pages[0].pe_inst.u_pe_page/pe_col_inst[0].u_pe_col/pe_inst[0].u_pe_4/N3) has been disconnected.
I: Const net (pin CEY1 of inst u_top_yolo/u_layer5/genblk1.gen_pages[0].pe_inst.u_pe_page/pe_col_inst[0].u_pe_col/pe_inst[0].u_pe_4/N3) has been disconnected.
I: Const net (pin RSTY of inst u_top_yolo/u_layer5/genblk1.gen_pages[0].pe_inst.u_pe_page/pe_col_inst[0].u_pe_col/pe_inst[0].u_pe_4/N3) has been disconnected.
I: Const net (pin CEM of inst u_top_yolo/u_layer5/genblk1.gen_pages[0].pe_inst.u_pe_page/pe_col_inst[0].u_pe_col/pe_inst[0].u_pe_4/N3) has been disconnected.
I: Const net (pin RSTM of inst u_top_yolo/u_layer5/genblk1.gen_pages[0].pe_inst.u_pe_page/pe_col_inst[0].u_pe_col/pe_inst[0].u_pe_4/N3) has been disconnected.
I: Const net (pin CEX1 of inst u_top_yolo/u_layer5/genblk1.gen_pages[0].pe_inst.u_pe_page/pe_col_inst[0].u_pe_col/pe_inst[0].u_pe_5/N3) has been disconnected.
I: Const net (pin RSTX of inst u_top_yolo/u_layer5/genblk1.gen_pages[0].pe_inst.u_pe_page/pe_col_inst[0].u_pe_col/pe_inst[0].u_pe_5/N3) has been disconnected.
I: Const net (pin CEY1 of inst u_top_yolo/u_layer5/genblk1.gen_pages[0].pe_inst.u_pe_page/pe_col_inst[0].u_pe_col/pe_inst[0].u_pe_5/N3) has been disconnected.
I: Const net (pin RSTY of inst u_top_yolo/u_layer5/genblk1.gen_pages[0].pe_inst.u_pe_page/pe_col_inst[0].u_pe_col/pe_inst[0].u_pe_5/N3) has been disconnected.
I: Const net (pin CEM of inst u_top_yolo/u_layer5/genblk1.gen_pages[0].pe_inst.u_pe_page/pe_col_inst[0].u_pe_col/pe_inst[0].u_pe_5/N3) has been disconnected.
I: Const net (pin RSTM of inst u_top_yolo/u_layer5/genblk1.gen_pages[0].pe_inst.u_pe_page/pe_col_inst[0].u_pe_col/pe_inst[0].u_pe_5/N3) has been disconnected.
I: Const net (pin CEX1 of inst u_top_yolo/u_layer5/genblk1.gen_pages[0].pe_inst.u_pe_page/pe_col_inst[0].u_pe_col/pe_inst[0].u_pe_6/N3) has been disconnected.
I: Const net (pin RSTX of inst u_top_yolo/u_layer5/genblk1.gen_pages[0].pe_inst.u_pe_page/pe_col_inst[0].u_pe_col/pe_inst[0].u_pe_6/N3) has been disconnected.
I: Const net (pin CEY1 of inst u_top_yolo/u_layer5/genblk1.gen_pages[0].pe_inst.u_pe_page/pe_col_inst[0].u_pe_col/pe_inst[0].u_pe_6/N3) has been disconnected.
I: Const net (pin RSTY of inst u_top_yolo/u_layer5/genblk1.gen_pages[0].pe_inst.u_pe_page/pe_col_inst[0].u_pe_col/pe_inst[0].u_pe_6/N3) has been disconnected.
I: Const net (pin CEM of inst u_top_yolo/u_layer5/genblk1.gen_pages[0].pe_inst.u_pe_page/pe_col_inst[0].u_pe_col/pe_inst[0].u_pe_6/N3) has been disconnected.
I: Const net (pin RSTM of inst u_top_yolo/u_layer5/genblk1.gen_pages[0].pe_inst.u_pe_page/pe_col_inst[0].u_pe_col/pe_inst[0].u_pe_6/N3) has been disconnected.
I: Const net (pin CEX1 of inst u_top_yolo/u_layer5/genblk1.gen_pages[0].pe_inst.u_pe_page/pe_col_inst[0].u_pe_col/pe_inst[0].u_pe_7/N3) has been disconnected.
I: Const net (pin RSTX of inst u_top_yolo/u_layer5/genblk1.gen_pages[0].pe_inst.u_pe_page/pe_col_inst[0].u_pe_col/pe_inst[0].u_pe_7/N3) has been disconnected.
I: Const net (pin CEY1 of inst u_top_yolo/u_layer5/genblk1.gen_pages[0].pe_inst.u_pe_page/pe_col_inst[0].u_pe_col/pe_inst[0].u_pe_7/N3) has been disconnected.
I: Const net (pin RSTY of inst u_top_yolo/u_layer5/genblk1.gen_pages[0].pe_inst.u_pe_page/pe_col_inst[0].u_pe_col/pe_inst[0].u_pe_7/N3) has been disconnected.
I: Const net (pin CEM of inst u_top_yolo/u_layer5/genblk1.gen_pages[0].pe_inst.u_pe_page/pe_col_inst[0].u_pe_col/pe_inst[0].u_pe_7/N3) has been disconnected.
I: Const net (pin RSTM of inst u_top_yolo/u_layer5/genblk1.gen_pages[0].pe_inst.u_pe_page/pe_col_inst[0].u_pe_col/pe_inst[0].u_pe_7/N3) has been disconnected.
I: Const net (pin CEX1 of inst u_top_yolo/u_layer5/genblk1.gen_pages[0].pe_inst.u_pe_page/pe_col_inst[0].u_pe_col/pe_inst[0].u_pe_8/N3) has been disconnected.
I: Const net (pin RSTX of inst u_top_yolo/u_layer5/genblk1.gen_pages[0].pe_inst.u_pe_page/pe_col_inst[0].u_pe_col/pe_inst[0].u_pe_8/N3) has been disconnected.
I: Const net (pin CEY1 of inst u_top_yolo/u_layer5/genblk1.gen_pages[0].pe_inst.u_pe_page/pe_col_inst[0].u_pe_col/pe_inst[0].u_pe_8/N3) has been disconnected.
I: Const net (pin RSTY of inst u_top_yolo/u_layer5/genblk1.gen_pages[0].pe_inst.u_pe_page/pe_col_inst[0].u_pe_col/pe_inst[0].u_pe_8/N3) has been disconnected.
I: Const net (pin CEM of inst u_top_yolo/u_layer5/genblk1.gen_pages[0].pe_inst.u_pe_page/pe_col_inst[0].u_pe_col/pe_inst[0].u_pe_8/N3) has been disconnected.
I: Const net (pin RSTM of inst u_top_yolo/u_layer5/genblk1.gen_pages[0].pe_inst.u_pe_page/pe_col_inst[0].u_pe_col/pe_inst[0].u_pe_8/N3) has been disconnected.
I: Const net (pin CEX1 of inst u_top_yolo/u_layer5/genblk1.gen_pages[0].pe_inst.u_pe_page/pe_col_inst[1].u_pe_col/pe_inst[0].u_pe/N3) has been disconnected.
I: Const net (pin RSTX of inst u_top_yolo/u_layer5/genblk1.gen_pages[0].pe_inst.u_pe_page/pe_col_inst[1].u_pe_col/pe_inst[0].u_pe/N3) has been disconnected.
I: Const net (pin CEY1 of inst u_top_yolo/u_layer5/genblk1.gen_pages[0].pe_inst.u_pe_page/pe_col_inst[1].u_pe_col/pe_inst[0].u_pe/N3) has been disconnected.
I: Const net (pin RSTY of inst u_top_yolo/u_layer5/genblk1.gen_pages[0].pe_inst.u_pe_page/pe_col_inst[1].u_pe_col/pe_inst[0].u_pe/N3) has been disconnected.
I: Const net (pin CEM of inst u_top_yolo/u_layer5/genblk1.gen_pages[0].pe_inst.u_pe_page/pe_col_inst[1].u_pe_col/pe_inst[0].u_pe/N3) has been disconnected.
I: Const net (pin RSTM of inst u_top_yolo/u_layer5/genblk1.gen_pages[0].pe_inst.u_pe_page/pe_col_inst[1].u_pe_col/pe_inst[0].u_pe/N3) has been disconnected.
I: Const net (pin CEX1 of inst u_top_yolo/u_layer5/genblk1.gen_pages[0].pe_inst.u_pe_page/pe_col_inst[1].u_pe_col/pe_inst[0].u_pe_1/N3) has been disconnected.
I: Const net (pin RSTX of inst u_top_yolo/u_layer5/genblk1.gen_pages[0].pe_inst.u_pe_page/pe_col_inst[1].u_pe_col/pe_inst[0].u_pe_1/N3) has been disconnected.
I: Const net (pin CEY1 of inst u_top_yolo/u_layer5/genblk1.gen_pages[0].pe_inst.u_pe_page/pe_col_inst[1].u_pe_col/pe_inst[0].u_pe_1/N3) has been disconnected.
I: Const net (pin RSTY of inst u_top_yolo/u_layer5/genblk1.gen_pages[0].pe_inst.u_pe_page/pe_col_inst[1].u_pe_col/pe_inst[0].u_pe_1/N3) has been disconnected.
I: Const net (pin CEM of inst u_top_yolo/u_layer5/genblk1.gen_pages[0].pe_inst.u_pe_page/pe_col_inst[1].u_pe_col/pe_inst[0].u_pe_1/N3) has been disconnected.
I: Const net (pin RSTM of inst u_top_yolo/u_layer5/genblk1.gen_pages[0].pe_inst.u_pe_page/pe_col_inst[1].u_pe_col/pe_inst[0].u_pe_1/N3) has been disconnected.
I: Const net (pin CEX1 of inst u_top_yolo/u_layer5/genblk1.gen_pages[0].pe_inst.u_pe_page/pe_col_inst[1].u_pe_col/pe_inst[0].u_pe_2/N3) has been disconnected.
I: Const net (pin RSTX of inst u_top_yolo/u_layer5/genblk1.gen_pages[0].pe_inst.u_pe_page/pe_col_inst[1].u_pe_col/pe_inst[0].u_pe_2/N3) has been disconnected.
I: Const net (pin CEY1 of inst u_top_yolo/u_layer5/genblk1.gen_pages[0].pe_inst.u_pe_page/pe_col_inst[1].u_pe_col/pe_inst[0].u_pe_2/N3) has been disconnected.
I: Const net (pin RSTY of inst u_top_yolo/u_layer5/genblk1.gen_pages[0].pe_inst.u_pe_page/pe_col_inst[1].u_pe_col/pe_inst[0].u_pe_2/N3) has been disconnected.
I: Const net (pin CEM of inst u_top_yolo/u_layer5/genblk1.gen_pages[0].pe_inst.u_pe_page/pe_col_inst[1].u_pe_col/pe_inst[0].u_pe_2/N3) has been disconnected.
I: Const net (pin RSTM of inst u_top_yolo/u_layer5/genblk1.gen_pages[0].pe_inst.u_pe_page/pe_col_inst[1].u_pe_col/pe_inst[0].u_pe_2/N3) has been disconnected.
I: Const net (pin CEX1 of inst u_top_yolo/u_layer5/genblk1.gen_pages[0].pe_inst.u_pe_page/pe_col_inst[1].u_pe_col/pe_inst[0].u_pe_3/N3) has been disconnected.
I: Const net (pin RSTX of inst u_top_yolo/u_layer5/genblk1.gen_pages[0].pe_inst.u_pe_page/pe_col_inst[1].u_pe_col/pe_inst[0].u_pe_3/N3) has been disconnected.
I: Const net (pin CEY1 of inst u_top_yolo/u_layer5/genblk1.gen_pages[0].pe_inst.u_pe_page/pe_col_inst[1].u_pe_col/pe_inst[0].u_pe_3/N3) has been disconnected.
I: Const net (pin RSTY of inst u_top_yolo/u_layer5/genblk1.gen_pages[0].pe_inst.u_pe_page/pe_col_inst[1].u_pe_col/pe_inst[0].u_pe_3/N3) has been disconnected.
I: Const net (pin CEM of inst u_top_yolo/u_layer5/genblk1.gen_pages[0].pe_inst.u_pe_page/pe_col_inst[1].u_pe_col/pe_inst[0].u_pe_3/N3) has been disconnected.
I: Const net (pin RSTM of inst u_top_yolo/u_layer5/genblk1.gen_pages[0].pe_inst.u_pe_page/pe_col_inst[1].u_pe_col/pe_inst[0].u_pe_3/N3) has been disconnected.
I: Const net (pin CEX1 of inst u_top_yolo/u_layer5/genblk1.gen_pages[0].pe_inst.u_pe_page/pe_col_inst[1].u_pe_col/pe_inst[0].u_pe_4/N3) has been disconnected.
I: Const net (pin RSTX of inst u_top_yolo/u_layer5/genblk1.gen_pages[0].pe_inst.u_pe_page/pe_col_inst[1].u_pe_col/pe_inst[0].u_pe_4/N3) has been disconnected.
I: Const net (pin CEY1 of inst u_top_yolo/u_layer5/genblk1.gen_pages[0].pe_inst.u_pe_page/pe_col_inst[1].u_pe_col/pe_inst[0].u_pe_4/N3) has been disconnected.
I: Const net (pin RSTY of inst u_top_yolo/u_layer5/genblk1.gen_pages[0].pe_inst.u_pe_page/pe_col_inst[1].u_pe_col/pe_inst[0].u_pe_4/N3) has been disconnected.
I: Const net (pin CEM of inst u_top_yolo/u_layer5/genblk1.gen_pages[0].pe_inst.u_pe_page/pe_col_inst[1].u_pe_col/pe_inst[0].u_pe_4/N3) has been disconnected.
I: Const net (pin RSTM of inst u_top_yolo/u_layer5/genblk1.gen_pages[0].pe_inst.u_pe_page/pe_col_inst[1].u_pe_col/pe_inst[0].u_pe_4/N3) has been disconnected.
I: Const net (pin CEX1 of inst u_top_yolo/u_layer5/genblk1.gen_pages[0].pe_inst.u_pe_page/pe_col_inst[1].u_pe_col/pe_inst[0].u_pe_5/N3) has been disconnected.
I: Const net (pin RSTX of inst u_top_yolo/u_layer5/genblk1.gen_pages[0].pe_inst.u_pe_page/pe_col_inst[1].u_pe_col/pe_inst[0].u_pe_5/N3) has been disconnected.
I: Const net (pin CEY1 of inst u_top_yolo/u_layer5/genblk1.gen_pages[0].pe_inst.u_pe_page/pe_col_inst[1].u_pe_col/pe_inst[0].u_pe_5/N3) has been disconnected.
I: Const net (pin RSTY of inst u_top_yolo/u_layer5/genblk1.gen_pages[0].pe_inst.u_pe_page/pe_col_inst[1].u_pe_col/pe_inst[0].u_pe_5/N3) has been disconnected.
I: Const net (pin CEM of inst u_top_yolo/u_layer5/genblk1.gen_pages[0].pe_inst.u_pe_page/pe_col_inst[1].u_pe_col/pe_inst[0].u_pe_5/N3) has been disconnected.
I: Const net (pin RSTM of inst u_top_yolo/u_layer5/genblk1.gen_pages[0].pe_inst.u_pe_page/pe_col_inst[1].u_pe_col/pe_inst[0].u_pe_5/N3) has been disconnected.
I: Const net (pin CEX1 of inst u_top_yolo/u_layer5/genblk1.gen_pages[0].pe_inst.u_pe_page/pe_col_inst[1].u_pe_col/pe_inst[0].u_pe_6/N3) has been disconnected.
I: Const net (pin RSTX of inst u_top_yolo/u_layer5/genblk1.gen_pages[0].pe_inst.u_pe_page/pe_col_inst[1].u_pe_col/pe_inst[0].u_pe_6/N3) has been disconnected.
I: Const net (pin CEY1 of inst u_top_yolo/u_layer5/genblk1.gen_pages[0].pe_inst.u_pe_page/pe_col_inst[1].u_pe_col/pe_inst[0].u_pe_6/N3) has been disconnected.
I: Const net (pin RSTY of inst u_top_yolo/u_layer5/genblk1.gen_pages[0].pe_inst.u_pe_page/pe_col_inst[1].u_pe_col/pe_inst[0].u_pe_6/N3) has been disconnected.
I: Const net (pin CEM of inst u_top_yolo/u_layer5/genblk1.gen_pages[0].pe_inst.u_pe_page/pe_col_inst[1].u_pe_col/pe_inst[0].u_pe_6/N3) has been disconnected.
I: Const net (pin RSTM of inst u_top_yolo/u_layer5/genblk1.gen_pages[0].pe_inst.u_pe_page/pe_col_inst[1].u_pe_col/pe_inst[0].u_pe_6/N3) has been disconnected.
I: Const net (pin CEX1 of inst u_top_yolo/u_layer5/genblk1.gen_pages[0].pe_inst.u_pe_page/pe_col_inst[1].u_pe_col/pe_inst[0].u_pe_7/N3) has been disconnected.
I: Const net (pin RSTX of inst u_top_yolo/u_layer5/genblk1.gen_pages[0].pe_inst.u_pe_page/pe_col_inst[1].u_pe_col/pe_inst[0].u_pe_7/N3) has been disconnected.
I: Const net (pin CEY1 of inst u_top_yolo/u_layer5/genblk1.gen_pages[0].pe_inst.u_pe_page/pe_col_inst[1].u_pe_col/pe_inst[0].u_pe_7/N3) has been disconnected.
I: Const net (pin RSTY of inst u_top_yolo/u_layer5/genblk1.gen_pages[0].pe_inst.u_pe_page/pe_col_inst[1].u_pe_col/pe_inst[0].u_pe_7/N3) has been disconnected.
I: Const net (pin CEM of inst u_top_yolo/u_layer5/genblk1.gen_pages[0].pe_inst.u_pe_page/pe_col_inst[1].u_pe_col/pe_inst[0].u_pe_7/N3) has been disconnected.
I: Const net (pin RSTM of inst u_top_yolo/u_layer5/genblk1.gen_pages[0].pe_inst.u_pe_page/pe_col_inst[1].u_pe_col/pe_inst[0].u_pe_7/N3) has been disconnected.
I: Const net (pin CEX1 of inst u_top_yolo/u_layer5/genblk1.gen_pages[0].pe_inst.u_pe_page/pe_col_inst[1].u_pe_col/pe_inst[0].u_pe_8/N3) has been disconnected.
I: Const net (pin RSTX of inst u_top_yolo/u_layer5/genblk1.gen_pages[0].pe_inst.u_pe_page/pe_col_inst[1].u_pe_col/pe_inst[0].u_pe_8/N3) has been disconnected.
I: Const net (pin CEY1 of inst u_top_yolo/u_layer5/genblk1.gen_pages[0].pe_inst.u_pe_page/pe_col_inst[1].u_pe_col/pe_inst[0].u_pe_8/N3) has been disconnected.
I: Const net (pin RSTY of inst u_top_yolo/u_layer5/genblk1.gen_pages[0].pe_inst.u_pe_page/pe_col_inst[1].u_pe_col/pe_inst[0].u_pe_8/N3) has been disconnected.
I: Const net (pin CEM of inst u_top_yolo/u_layer5/genblk1.gen_pages[0].pe_inst.u_pe_page/pe_col_inst[1].u_pe_col/pe_inst[0].u_pe_8/N3) has been disconnected.
I: Const net (pin RSTM of inst u_top_yolo/u_layer5/genblk1.gen_pages[0].pe_inst.u_pe_page/pe_col_inst[1].u_pe_col/pe_inst[0].u_pe_8/N3) has been disconnected.
I: Const net (pin CEX1 of inst u_top_yolo/u_layer5/genblk1.gen_pages[1].pe_inst.u_pe_page/pe_col_inst[0].u_pe_col/pe_inst[0].u_pe/N3) has been disconnected.
I: Const net (pin RSTX of inst u_top_yolo/u_layer5/genblk1.gen_pages[1].pe_inst.u_pe_page/pe_col_inst[0].u_pe_col/pe_inst[0].u_pe/N3) has been disconnected.
I: Const net (pin CEY1 of inst u_top_yolo/u_layer5/genblk1.gen_pages[1].pe_inst.u_pe_page/pe_col_inst[0].u_pe_col/pe_inst[0].u_pe/N3) has been disconnected.
I: Const net (pin RSTY of inst u_top_yolo/u_layer5/genblk1.gen_pages[1].pe_inst.u_pe_page/pe_col_inst[0].u_pe_col/pe_inst[0].u_pe/N3) has been disconnected.
I: Const net (pin CEM of inst u_top_yolo/u_layer5/genblk1.gen_pages[1].pe_inst.u_pe_page/pe_col_inst[0].u_pe_col/pe_inst[0].u_pe/N3) has been disconnected.
I: Const net (pin RSTM of inst u_top_yolo/u_layer5/genblk1.gen_pages[1].pe_inst.u_pe_page/pe_col_inst[0].u_pe_col/pe_inst[0].u_pe/N3) has been disconnected.
I: Const net (pin CEX1 of inst u_top_yolo/u_layer5/genblk1.gen_pages[1].pe_inst.u_pe_page/pe_col_inst[0].u_pe_col/pe_inst[0].u_pe_1/N3) has been disconnected.
I: Const net (pin RSTX of inst u_top_yolo/u_layer5/genblk1.gen_pages[1].pe_inst.u_pe_page/pe_col_inst[0].u_pe_col/pe_inst[0].u_pe_1/N3) has been disconnected.
I: Const net (pin CEY1 of inst u_top_yolo/u_layer5/genblk1.gen_pages[1].pe_inst.u_pe_page/pe_col_inst[0].u_pe_col/pe_inst[0].u_pe_1/N3) has been disconnected.
I: Const net (pin RSTY of inst u_top_yolo/u_layer5/genblk1.gen_pages[1].pe_inst.u_pe_page/pe_col_inst[0].u_pe_col/pe_inst[0].u_pe_1/N3) has been disconnected.
I: Const net (pin CEM of inst u_top_yolo/u_layer5/genblk1.gen_pages[1].pe_inst.u_pe_page/pe_col_inst[0].u_pe_col/pe_inst[0].u_pe_1/N3) has been disconnected.
I: Const net (pin RSTM of inst u_top_yolo/u_layer5/genblk1.gen_pages[1].pe_inst.u_pe_page/pe_col_inst[0].u_pe_col/pe_inst[0].u_pe_1/N3) has been disconnected.
I: Const net (pin CEX1 of inst u_top_yolo/u_layer5/genblk1.gen_pages[1].pe_inst.u_pe_page/pe_col_inst[0].u_pe_col/pe_inst[0].u_pe_2/N3) has been disconnected.
I: Const net (pin RSTX of inst u_top_yolo/u_layer5/genblk1.gen_pages[1].pe_inst.u_pe_page/pe_col_inst[0].u_pe_col/pe_inst[0].u_pe_2/N3) has been disconnected.
I: Const net (pin CEY1 of inst u_top_yolo/u_layer5/genblk1.gen_pages[1].pe_inst.u_pe_page/pe_col_inst[0].u_pe_col/pe_inst[0].u_pe_2/N3) has been disconnected.
I: Const net (pin RSTY of inst u_top_yolo/u_layer5/genblk1.gen_pages[1].pe_inst.u_pe_page/pe_col_inst[0].u_pe_col/pe_inst[0].u_pe_2/N3) has been disconnected.
I: Const net (pin CEM of inst u_top_yolo/u_layer5/genblk1.gen_pages[1].pe_inst.u_pe_page/pe_col_inst[0].u_pe_col/pe_inst[0].u_pe_2/N3) has been disconnected.
I: Const net (pin RSTM of inst u_top_yolo/u_layer5/genblk1.gen_pages[1].pe_inst.u_pe_page/pe_col_inst[0].u_pe_col/pe_inst[0].u_pe_2/N3) has been disconnected.
I: Const net (pin CEX1 of inst u_top_yolo/u_layer5/genblk1.gen_pages[1].pe_inst.u_pe_page/pe_col_inst[0].u_pe_col/pe_inst[0].u_pe_3/N3) has been disconnected.
I: Const net (pin RSTX of inst u_top_yolo/u_layer5/genblk1.gen_pages[1].pe_inst.u_pe_page/pe_col_inst[0].u_pe_col/pe_inst[0].u_pe_3/N3) has been disconnected.
I: Const net (pin CEY1 of inst u_top_yolo/u_layer5/genblk1.gen_pages[1].pe_inst.u_pe_page/pe_col_inst[0].u_pe_col/pe_inst[0].u_pe_3/N3) has been disconnected.
I: Const net (pin RSTY of inst u_top_yolo/u_layer5/genblk1.gen_pages[1].pe_inst.u_pe_page/pe_col_inst[0].u_pe_col/pe_inst[0].u_pe_3/N3) has been disconnected.
I: Const net (pin CEM of inst u_top_yolo/u_layer5/genblk1.gen_pages[1].pe_inst.u_pe_page/pe_col_inst[0].u_pe_col/pe_inst[0].u_pe_3/N3) has been disconnected.
I: Const net (pin RSTM of inst u_top_yolo/u_layer5/genblk1.gen_pages[1].pe_inst.u_pe_page/pe_col_inst[0].u_pe_col/pe_inst[0].u_pe_3/N3) has been disconnected.
I: Const net (pin CEX1 of inst u_top_yolo/u_layer5/genblk1.gen_pages[1].pe_inst.u_pe_page/pe_col_inst[0].u_pe_col/pe_inst[0].u_pe_4/N3) has been disconnected.
I: Const net (pin RSTX of inst u_top_yolo/u_layer5/genblk1.gen_pages[1].pe_inst.u_pe_page/pe_col_inst[0].u_pe_col/pe_inst[0].u_pe_4/N3) has been disconnected.
I: Const net (pin CEY1 of inst u_top_yolo/u_layer5/genblk1.gen_pages[1].pe_inst.u_pe_page/pe_col_inst[0].u_pe_col/pe_inst[0].u_pe_4/N3) has been disconnected.
I: Const net (pin RSTY of inst u_top_yolo/u_layer5/genblk1.gen_pages[1].pe_inst.u_pe_page/pe_col_inst[0].u_pe_col/pe_inst[0].u_pe_4/N3) has been disconnected.
I: Const net (pin CEM of inst u_top_yolo/u_layer5/genblk1.gen_pages[1].pe_inst.u_pe_page/pe_col_inst[0].u_pe_col/pe_inst[0].u_pe_4/N3) has been disconnected.
I: Const net (pin RSTM of inst u_top_yolo/u_layer5/genblk1.gen_pages[1].pe_inst.u_pe_page/pe_col_inst[0].u_pe_col/pe_inst[0].u_pe_4/N3) has been disconnected.
I: Const net (pin CEX1 of inst u_top_yolo/u_layer5/genblk1.gen_pages[1].pe_inst.u_pe_page/pe_col_inst[0].u_pe_col/pe_inst[0].u_pe_5/N3) has been disconnected.
I: Const net (pin RSTX of inst u_top_yolo/u_layer5/genblk1.gen_pages[1].pe_inst.u_pe_page/pe_col_inst[0].u_pe_col/pe_inst[0].u_pe_5/N3) has been disconnected.
I: Const net (pin CEY1 of inst u_top_yolo/u_layer5/genblk1.gen_pages[1].pe_inst.u_pe_page/pe_col_inst[0].u_pe_col/pe_inst[0].u_pe_5/N3) has been disconnected.
I: Const net (pin RSTY of inst u_top_yolo/u_layer5/genblk1.gen_pages[1].pe_inst.u_pe_page/pe_col_inst[0].u_pe_col/pe_inst[0].u_pe_5/N3) has been disconnected.
I: Const net (pin CEM of inst u_top_yolo/u_layer5/genblk1.gen_pages[1].pe_inst.u_pe_page/pe_col_inst[0].u_pe_col/pe_inst[0].u_pe_5/N3) has been disconnected.
I: Const net (pin RSTM of inst u_top_yolo/u_layer5/genblk1.gen_pages[1].pe_inst.u_pe_page/pe_col_inst[0].u_pe_col/pe_inst[0].u_pe_5/N3) has been disconnected.
I: Const net (pin CEX1 of inst u_top_yolo/u_layer5/genblk1.gen_pages[1].pe_inst.u_pe_page/pe_col_inst[0].u_pe_col/pe_inst[0].u_pe_6/N3) has been disconnected.
I: Const net (pin RSTX of inst u_top_yolo/u_layer5/genblk1.gen_pages[1].pe_inst.u_pe_page/pe_col_inst[0].u_pe_col/pe_inst[0].u_pe_6/N3) has been disconnected.
I: Const net (pin CEY1 of inst u_top_yolo/u_layer5/genblk1.gen_pages[1].pe_inst.u_pe_page/pe_col_inst[0].u_pe_col/pe_inst[0].u_pe_6/N3) has been disconnected.
I: Const net (pin RSTY of inst u_top_yolo/u_layer5/genblk1.gen_pages[1].pe_inst.u_pe_page/pe_col_inst[0].u_pe_col/pe_inst[0].u_pe_6/N3) has been disconnected.
I: Const net (pin CEM of inst u_top_yolo/u_layer5/genblk1.gen_pages[1].pe_inst.u_pe_page/pe_col_inst[0].u_pe_col/pe_inst[0].u_pe_6/N3) has been disconnected.
I: Const net (pin RSTM of inst u_top_yolo/u_layer5/genblk1.gen_pages[1].pe_inst.u_pe_page/pe_col_inst[0].u_pe_col/pe_inst[0].u_pe_6/N3) has been disconnected.
I: Const net (pin CEX1 of inst u_top_yolo/u_layer5/genblk1.gen_pages[1].pe_inst.u_pe_page/pe_col_inst[0].u_pe_col/pe_inst[0].u_pe_7/N3) has been disconnected.
I: Const net (pin RSTX of inst u_top_yolo/u_layer5/genblk1.gen_pages[1].pe_inst.u_pe_page/pe_col_inst[0].u_pe_col/pe_inst[0].u_pe_7/N3) has been disconnected.
I: Const net (pin CEY1 of inst u_top_yolo/u_layer5/genblk1.gen_pages[1].pe_inst.u_pe_page/pe_col_inst[0].u_pe_col/pe_inst[0].u_pe_7/N3) has been disconnected.
I: Const net (pin RSTY of inst u_top_yolo/u_layer5/genblk1.gen_pages[1].pe_inst.u_pe_page/pe_col_inst[0].u_pe_col/pe_inst[0].u_pe_7/N3) has been disconnected.
I: Const net (pin CEM of inst u_top_yolo/u_layer5/genblk1.gen_pages[1].pe_inst.u_pe_page/pe_col_inst[0].u_pe_col/pe_inst[0].u_pe_7/N3) has been disconnected.
I: Const net (pin RSTM of inst u_top_yolo/u_layer5/genblk1.gen_pages[1].pe_inst.u_pe_page/pe_col_inst[0].u_pe_col/pe_inst[0].u_pe_7/N3) has been disconnected.
I: Const net (pin CEX1 of inst u_top_yolo/u_layer5/genblk1.gen_pages[1].pe_inst.u_pe_page/pe_col_inst[0].u_pe_col/pe_inst[0].u_pe_8/N3) has been disconnected.
I: Const net (pin RSTX of inst u_top_yolo/u_layer5/genblk1.gen_pages[1].pe_inst.u_pe_page/pe_col_inst[0].u_pe_col/pe_inst[0].u_pe_8/N3) has been disconnected.
I: Const net (pin CEY1 of inst u_top_yolo/u_layer5/genblk1.gen_pages[1].pe_inst.u_pe_page/pe_col_inst[0].u_pe_col/pe_inst[0].u_pe_8/N3) has been disconnected.
I: Const net (pin RSTY of inst u_top_yolo/u_layer5/genblk1.gen_pages[1].pe_inst.u_pe_page/pe_col_inst[0].u_pe_col/pe_inst[0].u_pe_8/N3) has been disconnected.
I: Const net (pin CEM of inst u_top_yolo/u_layer5/genblk1.gen_pages[1].pe_inst.u_pe_page/pe_col_inst[0].u_pe_col/pe_inst[0].u_pe_8/N3) has been disconnected.
I: Const net (pin RSTM of inst u_top_yolo/u_layer5/genblk1.gen_pages[1].pe_inst.u_pe_page/pe_col_inst[0].u_pe_col/pe_inst[0].u_pe_8/N3) has been disconnected.
I: Const net (pin CEX1 of inst u_top_yolo/u_layer5/genblk1.gen_pages[1].pe_inst.u_pe_page/pe_col_inst[1].u_pe_col/pe_inst[0].u_pe/N3) has been disconnected.
I: Const net (pin RSTX of inst u_top_yolo/u_layer5/genblk1.gen_pages[1].pe_inst.u_pe_page/pe_col_inst[1].u_pe_col/pe_inst[0].u_pe/N3) has been disconnected.
I: Const net (pin CEY1 of inst u_top_yolo/u_layer5/genblk1.gen_pages[1].pe_inst.u_pe_page/pe_col_inst[1].u_pe_col/pe_inst[0].u_pe/N3) has been disconnected.
I: Const net (pin RSTY of inst u_top_yolo/u_layer5/genblk1.gen_pages[1].pe_inst.u_pe_page/pe_col_inst[1].u_pe_col/pe_inst[0].u_pe/N3) has been disconnected.
I: Const net (pin CEM of inst u_top_yolo/u_layer5/genblk1.gen_pages[1].pe_inst.u_pe_page/pe_col_inst[1].u_pe_col/pe_inst[0].u_pe/N3) has been disconnected.
I: Const net (pin RSTM of inst u_top_yolo/u_layer5/genblk1.gen_pages[1].pe_inst.u_pe_page/pe_col_inst[1].u_pe_col/pe_inst[0].u_pe/N3) has been disconnected.
I: Const net (pin CEX1 of inst u_top_yolo/u_layer5/genblk1.gen_pages[1].pe_inst.u_pe_page/pe_col_inst[1].u_pe_col/pe_inst[0].u_pe_1/N3) has been disconnected.
I: Const net (pin RSTX of inst u_top_yolo/u_layer5/genblk1.gen_pages[1].pe_inst.u_pe_page/pe_col_inst[1].u_pe_col/pe_inst[0].u_pe_1/N3) has been disconnected.
I: Const net (pin CEY1 of inst u_top_yolo/u_layer5/genblk1.gen_pages[1].pe_inst.u_pe_page/pe_col_inst[1].u_pe_col/pe_inst[0].u_pe_1/N3) has been disconnected.
I: Const net (pin RSTY of inst u_top_yolo/u_layer5/genblk1.gen_pages[1].pe_inst.u_pe_page/pe_col_inst[1].u_pe_col/pe_inst[0].u_pe_1/N3) has been disconnected.
I: Const net (pin CEM of inst u_top_yolo/u_layer5/genblk1.gen_pages[1].pe_inst.u_pe_page/pe_col_inst[1].u_pe_col/pe_inst[0].u_pe_1/N3) has been disconnected.
I: Const net (pin RSTM of inst u_top_yolo/u_layer5/genblk1.gen_pages[1].pe_inst.u_pe_page/pe_col_inst[1].u_pe_col/pe_inst[0].u_pe_1/N3) has been disconnected.
I: Const net (pin CEX1 of inst u_top_yolo/u_layer5/genblk1.gen_pages[1].pe_inst.u_pe_page/pe_col_inst[1].u_pe_col/pe_inst[0].u_pe_2/N3) has been disconnected.
I: Const net (pin RSTX of inst u_top_yolo/u_layer5/genblk1.gen_pages[1].pe_inst.u_pe_page/pe_col_inst[1].u_pe_col/pe_inst[0].u_pe_2/N3) has been disconnected.
I: Const net (pin CEY1 of inst u_top_yolo/u_layer5/genblk1.gen_pages[1].pe_inst.u_pe_page/pe_col_inst[1].u_pe_col/pe_inst[0].u_pe_2/N3) has been disconnected.
I: Const net (pin RSTY of inst u_top_yolo/u_layer5/genblk1.gen_pages[1].pe_inst.u_pe_page/pe_col_inst[1].u_pe_col/pe_inst[0].u_pe_2/N3) has been disconnected.
I: Const net (pin CEM of inst u_top_yolo/u_layer5/genblk1.gen_pages[1].pe_inst.u_pe_page/pe_col_inst[1].u_pe_col/pe_inst[0].u_pe_2/N3) has been disconnected.
I: Const net (pin RSTM of inst u_top_yolo/u_layer5/genblk1.gen_pages[1].pe_inst.u_pe_page/pe_col_inst[1].u_pe_col/pe_inst[0].u_pe_2/N3) has been disconnected.
I: Const net (pin CEX1 of inst u_top_yolo/u_layer5/genblk1.gen_pages[1].pe_inst.u_pe_page/pe_col_inst[1].u_pe_col/pe_inst[0].u_pe_3/N3) has been disconnected.
I: Const net (pin RSTX of inst u_top_yolo/u_layer5/genblk1.gen_pages[1].pe_inst.u_pe_page/pe_col_inst[1].u_pe_col/pe_inst[0].u_pe_3/N3) has been disconnected.
I: Const net (pin CEY1 of inst u_top_yolo/u_layer5/genblk1.gen_pages[1].pe_inst.u_pe_page/pe_col_inst[1].u_pe_col/pe_inst[0].u_pe_3/N3) has been disconnected.
I: Const net (pin RSTY of inst u_top_yolo/u_layer5/genblk1.gen_pages[1].pe_inst.u_pe_page/pe_col_inst[1].u_pe_col/pe_inst[0].u_pe_3/N3) has been disconnected.
I: Const net (pin CEM of inst u_top_yolo/u_layer5/genblk1.gen_pages[1].pe_inst.u_pe_page/pe_col_inst[1].u_pe_col/pe_inst[0].u_pe_3/N3) has been disconnected.
I: Const net (pin RSTM of inst u_top_yolo/u_layer5/genblk1.gen_pages[1].pe_inst.u_pe_page/pe_col_inst[1].u_pe_col/pe_inst[0].u_pe_3/N3) has been disconnected.
I: Const net (pin CEX1 of inst u_top_yolo/u_layer5/genblk1.gen_pages[1].pe_inst.u_pe_page/pe_col_inst[1].u_pe_col/pe_inst[0].u_pe_4/N3) has been disconnected.
I: Const net (pin RSTX of inst u_top_yolo/u_layer5/genblk1.gen_pages[1].pe_inst.u_pe_page/pe_col_inst[1].u_pe_col/pe_inst[0].u_pe_4/N3) has been disconnected.
I: Const net (pin CEY1 of inst u_top_yolo/u_layer5/genblk1.gen_pages[1].pe_inst.u_pe_page/pe_col_inst[1].u_pe_col/pe_inst[0].u_pe_4/N3) has been disconnected.
I: Const net (pin RSTY of inst u_top_yolo/u_layer5/genblk1.gen_pages[1].pe_inst.u_pe_page/pe_col_inst[1].u_pe_col/pe_inst[0].u_pe_4/N3) has been disconnected.
I: Const net (pin CEM of inst u_top_yolo/u_layer5/genblk1.gen_pages[1].pe_inst.u_pe_page/pe_col_inst[1].u_pe_col/pe_inst[0].u_pe_4/N3) has been disconnected.
I: Const net (pin RSTM of inst u_top_yolo/u_layer5/genblk1.gen_pages[1].pe_inst.u_pe_page/pe_col_inst[1].u_pe_col/pe_inst[0].u_pe_4/N3) has been disconnected.
I: Const net (pin CEX1 of inst u_top_yolo/u_layer5/genblk1.gen_pages[1].pe_inst.u_pe_page/pe_col_inst[1].u_pe_col/pe_inst[0].u_pe_5/N3) has been disconnected.
I: Const net (pin RSTX of inst u_top_yolo/u_layer5/genblk1.gen_pages[1].pe_inst.u_pe_page/pe_col_inst[1].u_pe_col/pe_inst[0].u_pe_5/N3) has been disconnected.
I: Const net (pin CEY1 of inst u_top_yolo/u_layer5/genblk1.gen_pages[1].pe_inst.u_pe_page/pe_col_inst[1].u_pe_col/pe_inst[0].u_pe_5/N3) has been disconnected.
I: Const net (pin RSTY of inst u_top_yolo/u_layer5/genblk1.gen_pages[1].pe_inst.u_pe_page/pe_col_inst[1].u_pe_col/pe_inst[0].u_pe_5/N3) has been disconnected.
I: Const net (pin CEM of inst u_top_yolo/u_layer5/genblk1.gen_pages[1].pe_inst.u_pe_page/pe_col_inst[1].u_pe_col/pe_inst[0].u_pe_5/N3) has been disconnected.
I: Const net (pin RSTM of inst u_top_yolo/u_layer5/genblk1.gen_pages[1].pe_inst.u_pe_page/pe_col_inst[1].u_pe_col/pe_inst[0].u_pe_5/N3) has been disconnected.
I: Const net (pin CEX1 of inst u_top_yolo/u_layer5/genblk1.gen_pages[1].pe_inst.u_pe_page/pe_col_inst[1].u_pe_col/pe_inst[0].u_pe_6/N3) has been disconnected.
I: Const net (pin RSTX of inst u_top_yolo/u_layer5/genblk1.gen_pages[1].pe_inst.u_pe_page/pe_col_inst[1].u_pe_col/pe_inst[0].u_pe_6/N3) has been disconnected.
I: Const net (pin CEY1 of inst u_top_yolo/u_layer5/genblk1.gen_pages[1].pe_inst.u_pe_page/pe_col_inst[1].u_pe_col/pe_inst[0].u_pe_6/N3) has been disconnected.
I: Const net (pin RSTY of inst u_top_yolo/u_layer5/genblk1.gen_pages[1].pe_inst.u_pe_page/pe_col_inst[1].u_pe_col/pe_inst[0].u_pe_6/N3) has been disconnected.
I: Const net (pin CEM of inst u_top_yolo/u_layer5/genblk1.gen_pages[1].pe_inst.u_pe_page/pe_col_inst[1].u_pe_col/pe_inst[0].u_pe_6/N3) has been disconnected.
I: Const net (pin RSTM of inst u_top_yolo/u_layer5/genblk1.gen_pages[1].pe_inst.u_pe_page/pe_col_inst[1].u_pe_col/pe_inst[0].u_pe_6/N3) has been disconnected.
I: Const net (pin CEX1 of inst u_top_yolo/u_layer5/genblk1.gen_pages[1].pe_inst.u_pe_page/pe_col_inst[1].u_pe_col/pe_inst[0].u_pe_7/N3) has been disconnected.
I: Const net (pin RSTX of inst u_top_yolo/u_layer5/genblk1.gen_pages[1].pe_inst.u_pe_page/pe_col_inst[1].u_pe_col/pe_inst[0].u_pe_7/N3) has been disconnected.
I: Const net (pin CEY1 of inst u_top_yolo/u_layer5/genblk1.gen_pages[1].pe_inst.u_pe_page/pe_col_inst[1].u_pe_col/pe_inst[0].u_pe_7/N3) has been disconnected.
I: Const net (pin RSTY of inst u_top_yolo/u_layer5/genblk1.gen_pages[1].pe_inst.u_pe_page/pe_col_inst[1].u_pe_col/pe_inst[0].u_pe_7/N3) has been disconnected.
I: Const net (pin CEM of inst u_top_yolo/u_layer5/genblk1.gen_pages[1].pe_inst.u_pe_page/pe_col_inst[1].u_pe_col/pe_inst[0].u_pe_7/N3) has been disconnected.
I: Const net (pin RSTM of inst u_top_yolo/u_layer5/genblk1.gen_pages[1].pe_inst.u_pe_page/pe_col_inst[1].u_pe_col/pe_inst[0].u_pe_7/N3) has been disconnected.
I: Const net (pin CEX1 of inst u_top_yolo/u_layer5/genblk1.gen_pages[1].pe_inst.u_pe_page/pe_col_inst[1].u_pe_col/pe_inst[0].u_pe_8/N3) has been disconnected.
I: Const net (pin RSTX of inst u_top_yolo/u_layer5/genblk1.gen_pages[1].pe_inst.u_pe_page/pe_col_inst[1].u_pe_col/pe_inst[0].u_pe_8/N3) has been disconnected.
I: Const net (pin CEY1 of inst u_top_yolo/u_layer5/genblk1.gen_pages[1].pe_inst.u_pe_page/pe_col_inst[1].u_pe_col/pe_inst[0].u_pe_8/N3) has been disconnected.
I: Const net (pin RSTY of inst u_top_yolo/u_layer5/genblk1.gen_pages[1].pe_inst.u_pe_page/pe_col_inst[1].u_pe_col/pe_inst[0].u_pe_8/N3) has been disconnected.
I: Const net (pin CEM of inst u_top_yolo/u_layer5/genblk1.gen_pages[1].pe_inst.u_pe_page/pe_col_inst[1].u_pe_col/pe_inst[0].u_pe_8/N3) has been disconnected.
I: Const net (pin RSTM of inst u_top_yolo/u_layer5/genblk1.gen_pages[1].pe_inst.u_pe_page/pe_col_inst[1].u_pe_col/pe_inst[0].u_pe_8/N3) has been disconnected.
I: Const net (pin CEX1 of inst u_top_yolo/u_layer6/genblk1.gen_pages[0].pe_inst.u_pe_page/pe_col_inst[0].u_pe_col/pe_inst[0].u_pe/N3) has been disconnected.
I: Const net (pin RSTX of inst u_top_yolo/u_layer6/genblk1.gen_pages[0].pe_inst.u_pe_page/pe_col_inst[0].u_pe_col/pe_inst[0].u_pe/N3) has been disconnected.
I: Const net (pin CEY1 of inst u_top_yolo/u_layer6/genblk1.gen_pages[0].pe_inst.u_pe_page/pe_col_inst[0].u_pe_col/pe_inst[0].u_pe/N3) has been disconnected.
I: Const net (pin RSTY of inst u_top_yolo/u_layer6/genblk1.gen_pages[0].pe_inst.u_pe_page/pe_col_inst[0].u_pe_col/pe_inst[0].u_pe/N3) has been disconnected.
I: Const net (pin CEM of inst u_top_yolo/u_layer6/genblk1.gen_pages[0].pe_inst.u_pe_page/pe_col_inst[0].u_pe_col/pe_inst[0].u_pe/N3) has been disconnected.
I: Const net (pin RSTM of inst u_top_yolo/u_layer6/genblk1.gen_pages[0].pe_inst.u_pe_page/pe_col_inst[0].u_pe_col/pe_inst[0].u_pe/N3) has been disconnected.
I: Const net (pin CEX1 of inst u_top_yolo/u_layer6/genblk1.gen_pages[0].pe_inst.u_pe_page/pe_col_inst[0].u_pe_col/pe_inst[0].u_pe_1/N3) has been disconnected.
I: Const net (pin RSTX of inst u_top_yolo/u_layer6/genblk1.gen_pages[0].pe_inst.u_pe_page/pe_col_inst[0].u_pe_col/pe_inst[0].u_pe_1/N3) has been disconnected.
I: Const net (pin CEY1 of inst u_top_yolo/u_layer6/genblk1.gen_pages[0].pe_inst.u_pe_page/pe_col_inst[0].u_pe_col/pe_inst[0].u_pe_1/N3) has been disconnected.
I: Const net (pin RSTY of inst u_top_yolo/u_layer6/genblk1.gen_pages[0].pe_inst.u_pe_page/pe_col_inst[0].u_pe_col/pe_inst[0].u_pe_1/N3) has been disconnected.
I: Const net (pin CEM of inst u_top_yolo/u_layer6/genblk1.gen_pages[0].pe_inst.u_pe_page/pe_col_inst[0].u_pe_col/pe_inst[0].u_pe_1/N3) has been disconnected.
I: Const net (pin RSTM of inst u_top_yolo/u_layer6/genblk1.gen_pages[0].pe_inst.u_pe_page/pe_col_inst[0].u_pe_col/pe_inst[0].u_pe_1/N3) has been disconnected.
I: Const net (pin CEX1 of inst u_top_yolo/u_layer6/genblk1.gen_pages[0].pe_inst.u_pe_page/pe_col_inst[0].u_pe_col/pe_inst[0].u_pe_2/N3) has been disconnected.
I: Const net (pin RSTX of inst u_top_yolo/u_layer6/genblk1.gen_pages[0].pe_inst.u_pe_page/pe_col_inst[0].u_pe_col/pe_inst[0].u_pe_2/N3) has been disconnected.
I: Const net (pin CEY1 of inst u_top_yolo/u_layer6/genblk1.gen_pages[0].pe_inst.u_pe_page/pe_col_inst[0].u_pe_col/pe_inst[0].u_pe_2/N3) has been disconnected.
I: Const net (pin RSTY of inst u_top_yolo/u_layer6/genblk1.gen_pages[0].pe_inst.u_pe_page/pe_col_inst[0].u_pe_col/pe_inst[0].u_pe_2/N3) has been disconnected.
I: Const net (pin CEM of inst u_top_yolo/u_layer6/genblk1.gen_pages[0].pe_inst.u_pe_page/pe_col_inst[0].u_pe_col/pe_inst[0].u_pe_2/N3) has been disconnected.
I: Const net (pin RSTM of inst u_top_yolo/u_layer6/genblk1.gen_pages[0].pe_inst.u_pe_page/pe_col_inst[0].u_pe_col/pe_inst[0].u_pe_2/N3) has been disconnected.
I: Const net (pin CEX1 of inst u_top_yolo/u_layer6/genblk1.gen_pages[0].pe_inst.u_pe_page/pe_col_inst[0].u_pe_col/pe_inst[0].u_pe_3/N3) has been disconnected.
I: Const net (pin RSTX of inst u_top_yolo/u_layer6/genblk1.gen_pages[0].pe_inst.u_pe_page/pe_col_inst[0].u_pe_col/pe_inst[0].u_pe_3/N3) has been disconnected.
I: Const net (pin CEY1 of inst u_top_yolo/u_layer6/genblk1.gen_pages[0].pe_inst.u_pe_page/pe_col_inst[0].u_pe_col/pe_inst[0].u_pe_3/N3) has been disconnected.
I: Const net (pin RSTY of inst u_top_yolo/u_layer6/genblk1.gen_pages[0].pe_inst.u_pe_page/pe_col_inst[0].u_pe_col/pe_inst[0].u_pe_3/N3) has been disconnected.
I: Const net (pin CEM of inst u_top_yolo/u_layer6/genblk1.gen_pages[0].pe_inst.u_pe_page/pe_col_inst[0].u_pe_col/pe_inst[0].u_pe_3/N3) has been disconnected.
I: Const net (pin RSTM of inst u_top_yolo/u_layer6/genblk1.gen_pages[0].pe_inst.u_pe_page/pe_col_inst[0].u_pe_col/pe_inst[0].u_pe_3/N3) has been disconnected.
I: Const net (pin CEX1 of inst u_top_yolo/u_layer6/genblk1.gen_pages[0].pe_inst.u_pe_page/pe_col_inst[0].u_pe_col/pe_inst[0].u_pe_4/N3) has been disconnected.
I: Const net (pin RSTX of inst u_top_yolo/u_layer6/genblk1.gen_pages[0].pe_inst.u_pe_page/pe_col_inst[0].u_pe_col/pe_inst[0].u_pe_4/N3) has been disconnected.
I: Const net (pin CEY1 of inst u_top_yolo/u_layer6/genblk1.gen_pages[0].pe_inst.u_pe_page/pe_col_inst[0].u_pe_col/pe_inst[0].u_pe_4/N3) has been disconnected.
I: Const net (pin RSTY of inst u_top_yolo/u_layer6/genblk1.gen_pages[0].pe_inst.u_pe_page/pe_col_inst[0].u_pe_col/pe_inst[0].u_pe_4/N3) has been disconnected.
I: Const net (pin CEM of inst u_top_yolo/u_layer6/genblk1.gen_pages[0].pe_inst.u_pe_page/pe_col_inst[0].u_pe_col/pe_inst[0].u_pe_4/N3) has been disconnected.
I: Const net (pin RSTM of inst u_top_yolo/u_layer6/genblk1.gen_pages[0].pe_inst.u_pe_page/pe_col_inst[0].u_pe_col/pe_inst[0].u_pe_4/N3) has been disconnected.
I: Const net (pin CEX1 of inst u_top_yolo/u_layer6/genblk1.gen_pages[0].pe_inst.u_pe_page/pe_col_inst[0].u_pe_col/pe_inst[0].u_pe_5/N3) has been disconnected.
I: Const net (pin RSTX of inst u_top_yolo/u_layer6/genblk1.gen_pages[0].pe_inst.u_pe_page/pe_col_inst[0].u_pe_col/pe_inst[0].u_pe_5/N3) has been disconnected.
I: Const net (pin CEY1 of inst u_top_yolo/u_layer6/genblk1.gen_pages[0].pe_inst.u_pe_page/pe_col_inst[0].u_pe_col/pe_inst[0].u_pe_5/N3) has been disconnected.
I: Const net (pin RSTY of inst u_top_yolo/u_layer6/genblk1.gen_pages[0].pe_inst.u_pe_page/pe_col_inst[0].u_pe_col/pe_inst[0].u_pe_5/N3) has been disconnected.
I: Const net (pin CEM of inst u_top_yolo/u_layer6/genblk1.gen_pages[0].pe_inst.u_pe_page/pe_col_inst[0].u_pe_col/pe_inst[0].u_pe_5/N3) has been disconnected.
I: Const net (pin RSTM of inst u_top_yolo/u_layer6/genblk1.gen_pages[0].pe_inst.u_pe_page/pe_col_inst[0].u_pe_col/pe_inst[0].u_pe_5/N3) has been disconnected.
I: Const net (pin CEX1 of inst u_top_yolo/u_layer6/genblk1.gen_pages[0].pe_inst.u_pe_page/pe_col_inst[0].u_pe_col/pe_inst[0].u_pe_6/N3) has been disconnected.
I: Const net (pin RSTX of inst u_top_yolo/u_layer6/genblk1.gen_pages[0].pe_inst.u_pe_page/pe_col_inst[0].u_pe_col/pe_inst[0].u_pe_6/N3) has been disconnected.
I: Const net (pin CEY1 of inst u_top_yolo/u_layer6/genblk1.gen_pages[0].pe_inst.u_pe_page/pe_col_inst[0].u_pe_col/pe_inst[0].u_pe_6/N3) has been disconnected.
I: Const net (pin RSTY of inst u_top_yolo/u_layer6/genblk1.gen_pages[0].pe_inst.u_pe_page/pe_col_inst[0].u_pe_col/pe_inst[0].u_pe_6/N3) has been disconnected.
I: Const net (pin CEM of inst u_top_yolo/u_layer6/genblk1.gen_pages[0].pe_inst.u_pe_page/pe_col_inst[0].u_pe_col/pe_inst[0].u_pe_6/N3) has been disconnected.
I: Const net (pin RSTM of inst u_top_yolo/u_layer6/genblk1.gen_pages[0].pe_inst.u_pe_page/pe_col_inst[0].u_pe_col/pe_inst[0].u_pe_6/N3) has been disconnected.
I: Const net (pin CEX1 of inst u_top_yolo/u_layer6/genblk1.gen_pages[0].pe_inst.u_pe_page/pe_col_inst[0].u_pe_col/pe_inst[0].u_pe_7/N3) has been disconnected.
I: Const net (pin RSTX of inst u_top_yolo/u_layer6/genblk1.gen_pages[0].pe_inst.u_pe_page/pe_col_inst[0].u_pe_col/pe_inst[0].u_pe_7/N3) has been disconnected.
I: Const net (pin CEY1 of inst u_top_yolo/u_layer6/genblk1.gen_pages[0].pe_inst.u_pe_page/pe_col_inst[0].u_pe_col/pe_inst[0].u_pe_7/N3) has been disconnected.
I: Const net (pin RSTY of inst u_top_yolo/u_layer6/genblk1.gen_pages[0].pe_inst.u_pe_page/pe_col_inst[0].u_pe_col/pe_inst[0].u_pe_7/N3) has been disconnected.
I: Const net (pin CEM of inst u_top_yolo/u_layer6/genblk1.gen_pages[0].pe_inst.u_pe_page/pe_col_inst[0].u_pe_col/pe_inst[0].u_pe_7/N3) has been disconnected.
I: Const net (pin RSTM of inst u_top_yolo/u_layer6/genblk1.gen_pages[0].pe_inst.u_pe_page/pe_col_inst[0].u_pe_col/pe_inst[0].u_pe_7/N3) has been disconnected.
I: Const net (pin CEX1 of inst u_top_yolo/u_layer6/genblk1.gen_pages[0].pe_inst.u_pe_page/pe_col_inst[0].u_pe_col/pe_inst[0].u_pe_8/N3) has been disconnected.
I: Const net (pin RSTX of inst u_top_yolo/u_layer6/genblk1.gen_pages[0].pe_inst.u_pe_page/pe_col_inst[0].u_pe_col/pe_inst[0].u_pe_8/N3) has been disconnected.
I: Const net (pin CEY1 of inst u_top_yolo/u_layer6/genblk1.gen_pages[0].pe_inst.u_pe_page/pe_col_inst[0].u_pe_col/pe_inst[0].u_pe_8/N3) has been disconnected.
I: Const net (pin RSTY of inst u_top_yolo/u_layer6/genblk1.gen_pages[0].pe_inst.u_pe_page/pe_col_inst[0].u_pe_col/pe_inst[0].u_pe_8/N3) has been disconnected.
I: Const net (pin CEM of inst u_top_yolo/u_layer6/genblk1.gen_pages[0].pe_inst.u_pe_page/pe_col_inst[0].u_pe_col/pe_inst[0].u_pe_8/N3) has been disconnected.
I: Const net (pin RSTM of inst u_top_yolo/u_layer6/genblk1.gen_pages[0].pe_inst.u_pe_page/pe_col_inst[0].u_pe_col/pe_inst[0].u_pe_8/N3) has been disconnected.
I: Const net (pin CEX1 of inst u_top_yolo/u_layer6/genblk1.gen_pages[1].pe_inst.u_pe_page/pe_col_inst[0].u_pe_col/pe_inst[0].u_pe/N3) has been disconnected.
I: Const net (pin RSTX of inst u_top_yolo/u_layer6/genblk1.gen_pages[1].pe_inst.u_pe_page/pe_col_inst[0].u_pe_col/pe_inst[0].u_pe/N3) has been disconnected.
I: Const net (pin CEY1 of inst u_top_yolo/u_layer6/genblk1.gen_pages[1].pe_inst.u_pe_page/pe_col_inst[0].u_pe_col/pe_inst[0].u_pe/N3) has been disconnected.
I: Const net (pin RSTY of inst u_top_yolo/u_layer6/genblk1.gen_pages[1].pe_inst.u_pe_page/pe_col_inst[0].u_pe_col/pe_inst[0].u_pe/N3) has been disconnected.
I: Const net (pin CEM of inst u_top_yolo/u_layer6/genblk1.gen_pages[1].pe_inst.u_pe_page/pe_col_inst[0].u_pe_col/pe_inst[0].u_pe/N3) has been disconnected.
I: Const net (pin RSTM of inst u_top_yolo/u_layer6/genblk1.gen_pages[1].pe_inst.u_pe_page/pe_col_inst[0].u_pe_col/pe_inst[0].u_pe/N3) has been disconnected.
I: Const net (pin CEX1 of inst u_top_yolo/u_layer6/genblk1.gen_pages[1].pe_inst.u_pe_page/pe_col_inst[0].u_pe_col/pe_inst[0].u_pe_1/N3) has been disconnected.
I: Const net (pin RSTX of inst u_top_yolo/u_layer6/genblk1.gen_pages[1].pe_inst.u_pe_page/pe_col_inst[0].u_pe_col/pe_inst[0].u_pe_1/N3) has been disconnected.
I: Const net (pin CEY1 of inst u_top_yolo/u_layer6/genblk1.gen_pages[1].pe_inst.u_pe_page/pe_col_inst[0].u_pe_col/pe_inst[0].u_pe_1/N3) has been disconnected.
I: Const net (pin RSTY of inst u_top_yolo/u_layer6/genblk1.gen_pages[1].pe_inst.u_pe_page/pe_col_inst[0].u_pe_col/pe_inst[0].u_pe_1/N3) has been disconnected.
I: Const net (pin CEM of inst u_top_yolo/u_layer6/genblk1.gen_pages[1].pe_inst.u_pe_page/pe_col_inst[0].u_pe_col/pe_inst[0].u_pe_1/N3) has been disconnected.
I: Const net (pin RSTM of inst u_top_yolo/u_layer6/genblk1.gen_pages[1].pe_inst.u_pe_page/pe_col_inst[0].u_pe_col/pe_inst[0].u_pe_1/N3) has been disconnected.
I: Const net (pin CEX1 of inst u_top_yolo/u_layer6/genblk1.gen_pages[1].pe_inst.u_pe_page/pe_col_inst[0].u_pe_col/pe_inst[0].u_pe_2/N3) has been disconnected.
I: Const net (pin RSTX of inst u_top_yolo/u_layer6/genblk1.gen_pages[1].pe_inst.u_pe_page/pe_col_inst[0].u_pe_col/pe_inst[0].u_pe_2/N3) has been disconnected.
I: Const net (pin CEY1 of inst u_top_yolo/u_layer6/genblk1.gen_pages[1].pe_inst.u_pe_page/pe_col_inst[0].u_pe_col/pe_inst[0].u_pe_2/N3) has been disconnected.
I: Const net (pin RSTY of inst u_top_yolo/u_layer6/genblk1.gen_pages[1].pe_inst.u_pe_page/pe_col_inst[0].u_pe_col/pe_inst[0].u_pe_2/N3) has been disconnected.
I: Const net (pin CEM of inst u_top_yolo/u_layer6/genblk1.gen_pages[1].pe_inst.u_pe_page/pe_col_inst[0].u_pe_col/pe_inst[0].u_pe_2/N3) has been disconnected.
I: Const net (pin RSTM of inst u_top_yolo/u_layer6/genblk1.gen_pages[1].pe_inst.u_pe_page/pe_col_inst[0].u_pe_col/pe_inst[0].u_pe_2/N3) has been disconnected.
I: Const net (pin CEX1 of inst u_top_yolo/u_layer6/genblk1.gen_pages[1].pe_inst.u_pe_page/pe_col_inst[0].u_pe_col/pe_inst[0].u_pe_3/N3) has been disconnected.
I: Const net (pin RSTX of inst u_top_yolo/u_layer6/genblk1.gen_pages[1].pe_inst.u_pe_page/pe_col_inst[0].u_pe_col/pe_inst[0].u_pe_3/N3) has been disconnected.
I: Const net (pin CEY1 of inst u_top_yolo/u_layer6/genblk1.gen_pages[1].pe_inst.u_pe_page/pe_col_inst[0].u_pe_col/pe_inst[0].u_pe_3/N3) has been disconnected.
I: Const net (pin RSTY of inst u_top_yolo/u_layer6/genblk1.gen_pages[1].pe_inst.u_pe_page/pe_col_inst[0].u_pe_col/pe_inst[0].u_pe_3/N3) has been disconnected.
I: Const net (pin CEM of inst u_top_yolo/u_layer6/genblk1.gen_pages[1].pe_inst.u_pe_page/pe_col_inst[0].u_pe_col/pe_inst[0].u_pe_3/N3) has been disconnected.
I: Const net (pin RSTM of inst u_top_yolo/u_layer6/genblk1.gen_pages[1].pe_inst.u_pe_page/pe_col_inst[0].u_pe_col/pe_inst[0].u_pe_3/N3) has been disconnected.
I: Const net (pin CEX1 of inst u_top_yolo/u_layer6/genblk1.gen_pages[1].pe_inst.u_pe_page/pe_col_inst[0].u_pe_col/pe_inst[0].u_pe_4/N3) has been disconnected.
I: Const net (pin RSTX of inst u_top_yolo/u_layer6/genblk1.gen_pages[1].pe_inst.u_pe_page/pe_col_inst[0].u_pe_col/pe_inst[0].u_pe_4/N3) has been disconnected.
I: Const net (pin CEY1 of inst u_top_yolo/u_layer6/genblk1.gen_pages[1].pe_inst.u_pe_page/pe_col_inst[0].u_pe_col/pe_inst[0].u_pe_4/N3) has been disconnected.
I: Const net (pin RSTY of inst u_top_yolo/u_layer6/genblk1.gen_pages[1].pe_inst.u_pe_page/pe_col_inst[0].u_pe_col/pe_inst[0].u_pe_4/N3) has been disconnected.
I: Const net (pin CEM of inst u_top_yolo/u_layer6/genblk1.gen_pages[1].pe_inst.u_pe_page/pe_col_inst[0].u_pe_col/pe_inst[0].u_pe_4/N3) has been disconnected.
I: Const net (pin RSTM of inst u_top_yolo/u_layer6/genblk1.gen_pages[1].pe_inst.u_pe_page/pe_col_inst[0].u_pe_col/pe_inst[0].u_pe_4/N3) has been disconnected.
I: Const net (pin CEX1 of inst u_top_yolo/u_layer6/genblk1.gen_pages[1].pe_inst.u_pe_page/pe_col_inst[0].u_pe_col/pe_inst[0].u_pe_5/N3) has been disconnected.
I: Const net (pin RSTX of inst u_top_yolo/u_layer6/genblk1.gen_pages[1].pe_inst.u_pe_page/pe_col_inst[0].u_pe_col/pe_inst[0].u_pe_5/N3) has been disconnected.
I: Const net (pin CEY1 of inst u_top_yolo/u_layer6/genblk1.gen_pages[1].pe_inst.u_pe_page/pe_col_inst[0].u_pe_col/pe_inst[0].u_pe_5/N3) has been disconnected.
I: Const net (pin RSTY of inst u_top_yolo/u_layer6/genblk1.gen_pages[1].pe_inst.u_pe_page/pe_col_inst[0].u_pe_col/pe_inst[0].u_pe_5/N3) has been disconnected.
I: Const net (pin CEM of inst u_top_yolo/u_layer6/genblk1.gen_pages[1].pe_inst.u_pe_page/pe_col_inst[0].u_pe_col/pe_inst[0].u_pe_5/N3) has been disconnected.
I: Const net (pin RSTM of inst u_top_yolo/u_layer6/genblk1.gen_pages[1].pe_inst.u_pe_page/pe_col_inst[0].u_pe_col/pe_inst[0].u_pe_5/N3) has been disconnected.
I: Const net (pin CEX1 of inst u_top_yolo/u_layer6/genblk1.gen_pages[1].pe_inst.u_pe_page/pe_col_inst[0].u_pe_col/pe_inst[0].u_pe_6/N3) has been disconnected.
I: Const net (pin RSTX of inst u_top_yolo/u_layer6/genblk1.gen_pages[1].pe_inst.u_pe_page/pe_col_inst[0].u_pe_col/pe_inst[0].u_pe_6/N3) has been disconnected.
I: Const net (pin CEY1 of inst u_top_yolo/u_layer6/genblk1.gen_pages[1].pe_inst.u_pe_page/pe_col_inst[0].u_pe_col/pe_inst[0].u_pe_6/N3) has been disconnected.
I: Const net (pin RSTY of inst u_top_yolo/u_layer6/genblk1.gen_pages[1].pe_inst.u_pe_page/pe_col_inst[0].u_pe_col/pe_inst[0].u_pe_6/N3) has been disconnected.
I: Const net (pin CEM of inst u_top_yolo/u_layer6/genblk1.gen_pages[1].pe_inst.u_pe_page/pe_col_inst[0].u_pe_col/pe_inst[0].u_pe_6/N3) has been disconnected.
I: Const net (pin RSTM of inst u_top_yolo/u_layer6/genblk1.gen_pages[1].pe_inst.u_pe_page/pe_col_inst[0].u_pe_col/pe_inst[0].u_pe_6/N3) has been disconnected.
I: Const net (pin CEX1 of inst u_top_yolo/u_layer6/genblk1.gen_pages[1].pe_inst.u_pe_page/pe_col_inst[0].u_pe_col/pe_inst[0].u_pe_7/N3) has been disconnected.
I: Const net (pin RSTX of inst u_top_yolo/u_layer6/genblk1.gen_pages[1].pe_inst.u_pe_page/pe_col_inst[0].u_pe_col/pe_inst[0].u_pe_7/N3) has been disconnected.
I: Const net (pin CEY1 of inst u_top_yolo/u_layer6/genblk1.gen_pages[1].pe_inst.u_pe_page/pe_col_inst[0].u_pe_col/pe_inst[0].u_pe_7/N3) has been disconnected.
I: Const net (pin RSTY of inst u_top_yolo/u_layer6/genblk1.gen_pages[1].pe_inst.u_pe_page/pe_col_inst[0].u_pe_col/pe_inst[0].u_pe_7/N3) has been disconnected.
I: Const net (pin CEM of inst u_top_yolo/u_layer6/genblk1.gen_pages[1].pe_inst.u_pe_page/pe_col_inst[0].u_pe_col/pe_inst[0].u_pe_7/N3) has been disconnected.
I: Const net (pin RSTM of inst u_top_yolo/u_layer6/genblk1.gen_pages[1].pe_inst.u_pe_page/pe_col_inst[0].u_pe_col/pe_inst[0].u_pe_7/N3) has been disconnected.
I: Const net (pin CEX1 of inst u_top_yolo/u_layer6/genblk1.gen_pages[1].pe_inst.u_pe_page/pe_col_inst[0].u_pe_col/pe_inst[0].u_pe_8/N3) has been disconnected.
I: Const net (pin RSTX of inst u_top_yolo/u_layer6/genblk1.gen_pages[1].pe_inst.u_pe_page/pe_col_inst[0].u_pe_col/pe_inst[0].u_pe_8/N3) has been disconnected.
I: Const net (pin CEY1 of inst u_top_yolo/u_layer6/genblk1.gen_pages[1].pe_inst.u_pe_page/pe_col_inst[0].u_pe_col/pe_inst[0].u_pe_8/N3) has been disconnected.
I: Const net (pin RSTY of inst u_top_yolo/u_layer6/genblk1.gen_pages[1].pe_inst.u_pe_page/pe_col_inst[0].u_pe_col/pe_inst[0].u_pe_8/N3) has been disconnected.
I: Const net (pin CEM of inst u_top_yolo/u_layer6/genblk1.gen_pages[1].pe_inst.u_pe_page/pe_col_inst[0].u_pe_col/pe_inst[0].u_pe_8/N3) has been disconnected.
I: Const net (pin RSTM of inst u_top_yolo/u_layer6/genblk1.gen_pages[1].pe_inst.u_pe_page/pe_col_inst[0].u_pe_col/pe_inst[0].u_pe_8/N3) has been disconnected.
I: Const net (pin CEX1 of inst u_top_yolo/u_layer7/genblk1.gen_pages[0].pe_inst.u_pe_page/pe_col_inst[0].u_pe_col/pe_inst[0].u_pe/N3) has been disconnected.
I: Const net (pin RSTX of inst u_top_yolo/u_layer7/genblk1.gen_pages[0].pe_inst.u_pe_page/pe_col_inst[0].u_pe_col/pe_inst[0].u_pe/N3) has been disconnected.
I: Const net (pin CEY1 of inst u_top_yolo/u_layer7/genblk1.gen_pages[0].pe_inst.u_pe_page/pe_col_inst[0].u_pe_col/pe_inst[0].u_pe/N3) has been disconnected.
I: Const net (pin RSTY of inst u_top_yolo/u_layer7/genblk1.gen_pages[0].pe_inst.u_pe_page/pe_col_inst[0].u_pe_col/pe_inst[0].u_pe/N3) has been disconnected.
I: Const net (pin CEM of inst u_top_yolo/u_layer7/genblk1.gen_pages[0].pe_inst.u_pe_page/pe_col_inst[0].u_pe_col/pe_inst[0].u_pe/N3) has been disconnected.
I: Const net (pin RSTM of inst u_top_yolo/u_layer7/genblk1.gen_pages[0].pe_inst.u_pe_page/pe_col_inst[0].u_pe_col/pe_inst[0].u_pe/N3) has been disconnected.
I: Const net (pin CEP of inst u_top_yolo/u_layer7/genblk1.gen_pages[0].pe_inst.u_pe_page/pe_col_inst[0].u_pe_col/pe_inst[0].u_pe/N3) has been disconnected.
I: Const net (pin RSTP of inst u_top_yolo/u_layer7/genblk1.gen_pages[0].pe_inst.u_pe_page/pe_col_inst[0].u_pe_col/pe_inst[0].u_pe/N3) has been disconnected.
I: Const net (pin CEX1 of inst u_top_yolo/u_layer8/genblk1.gen_pages[0].pe_inst.u_pe_page/pe_col_inst[0].u_pe_col/pe_inst[0].u_pe/N3) has been disconnected.
I: Const net (pin RSTX of inst u_top_yolo/u_layer8/genblk1.gen_pages[0].pe_inst.u_pe_page/pe_col_inst[0].u_pe_col/pe_inst[0].u_pe/N3) has been disconnected.
I: Const net (pin CEY1 of inst u_top_yolo/u_layer8/genblk1.gen_pages[0].pe_inst.u_pe_page/pe_col_inst[0].u_pe_col/pe_inst[0].u_pe/N3) has been disconnected.
I: Const net (pin RSTY of inst u_top_yolo/u_layer8/genblk1.gen_pages[0].pe_inst.u_pe_page/pe_col_inst[0].u_pe_col/pe_inst[0].u_pe/N3) has been disconnected.
I: Const net (pin CEM of inst u_top_yolo/u_layer8/genblk1.gen_pages[0].pe_inst.u_pe_page/pe_col_inst[0].u_pe_col/pe_inst[0].u_pe/N3) has been disconnected.
I: Const net (pin RSTM of inst u_top_yolo/u_layer8/genblk1.gen_pages[0].pe_inst.u_pe_page/pe_col_inst[0].u_pe_col/pe_inst[0].u_pe/N3) has been disconnected.
I: Const net (pin CEX1 of inst u_top_yolo/u_layer8/genblk1.gen_pages[0].pe_inst.u_pe_page/pe_col_inst[0].u_pe_col/pe_inst[0].u_pe_1/N3) has been disconnected.
I: Const net (pin RSTX of inst u_top_yolo/u_layer8/genblk1.gen_pages[0].pe_inst.u_pe_page/pe_col_inst[0].u_pe_col/pe_inst[0].u_pe_1/N3) has been disconnected.
I: Const net (pin CEY1 of inst u_top_yolo/u_layer8/genblk1.gen_pages[0].pe_inst.u_pe_page/pe_col_inst[0].u_pe_col/pe_inst[0].u_pe_1/N3) has been disconnected.
I: Const net (pin RSTY of inst u_top_yolo/u_layer8/genblk1.gen_pages[0].pe_inst.u_pe_page/pe_col_inst[0].u_pe_col/pe_inst[0].u_pe_1/N3) has been disconnected.
I: Const net (pin CEM of inst u_top_yolo/u_layer8/genblk1.gen_pages[0].pe_inst.u_pe_page/pe_col_inst[0].u_pe_col/pe_inst[0].u_pe_1/N3) has been disconnected.
I: Const net (pin RSTM of inst u_top_yolo/u_layer8/genblk1.gen_pages[0].pe_inst.u_pe_page/pe_col_inst[0].u_pe_col/pe_inst[0].u_pe_1/N3) has been disconnected.
I: Const net (pin CEX1 of inst u_top_yolo/u_layer8/genblk1.gen_pages[0].pe_inst.u_pe_page/pe_col_inst[0].u_pe_col/pe_inst[0].u_pe_2/N3) has been disconnected.
I: Const net (pin RSTX of inst u_top_yolo/u_layer8/genblk1.gen_pages[0].pe_inst.u_pe_page/pe_col_inst[0].u_pe_col/pe_inst[0].u_pe_2/N3) has been disconnected.
I: Const net (pin CEY1 of inst u_top_yolo/u_layer8/genblk1.gen_pages[0].pe_inst.u_pe_page/pe_col_inst[0].u_pe_col/pe_inst[0].u_pe_2/N3) has been disconnected.
I: Const net (pin RSTY of inst u_top_yolo/u_layer8/genblk1.gen_pages[0].pe_inst.u_pe_page/pe_col_inst[0].u_pe_col/pe_inst[0].u_pe_2/N3) has been disconnected.
I: Const net (pin CEM of inst u_top_yolo/u_layer8/genblk1.gen_pages[0].pe_inst.u_pe_page/pe_col_inst[0].u_pe_col/pe_inst[0].u_pe_2/N3) has been disconnected.
I: Const net (pin RSTM of inst u_top_yolo/u_layer8/genblk1.gen_pages[0].pe_inst.u_pe_page/pe_col_inst[0].u_pe_col/pe_inst[0].u_pe_2/N3) has been disconnected.
I: Const net (pin CEX1 of inst u_top_yolo/u_layer8/genblk1.gen_pages[0].pe_inst.u_pe_page/pe_col_inst[0].u_pe_col/pe_inst[0].u_pe_3/N3) has been disconnected.
I: Const net (pin RSTX of inst u_top_yolo/u_layer8/genblk1.gen_pages[0].pe_inst.u_pe_page/pe_col_inst[0].u_pe_col/pe_inst[0].u_pe_3/N3) has been disconnected.
I: Const net (pin CEY1 of inst u_top_yolo/u_layer8/genblk1.gen_pages[0].pe_inst.u_pe_page/pe_col_inst[0].u_pe_col/pe_inst[0].u_pe_3/N3) has been disconnected.
I: Const net (pin RSTY of inst u_top_yolo/u_layer8/genblk1.gen_pages[0].pe_inst.u_pe_page/pe_col_inst[0].u_pe_col/pe_inst[0].u_pe_3/N3) has been disconnected.
I: Const net (pin CEM of inst u_top_yolo/u_layer8/genblk1.gen_pages[0].pe_inst.u_pe_page/pe_col_inst[0].u_pe_col/pe_inst[0].u_pe_3/N3) has been disconnected.
I: Const net (pin RSTM of inst u_top_yolo/u_layer8/genblk1.gen_pages[0].pe_inst.u_pe_page/pe_col_inst[0].u_pe_col/pe_inst[0].u_pe_3/N3) has been disconnected.
I: Const net (pin CEX1 of inst u_top_yolo/u_layer8/genblk1.gen_pages[0].pe_inst.u_pe_page/pe_col_inst[0].u_pe_col/pe_inst[0].u_pe_4/N3) has been disconnected.
I: Const net (pin RSTX of inst u_top_yolo/u_layer8/genblk1.gen_pages[0].pe_inst.u_pe_page/pe_col_inst[0].u_pe_col/pe_inst[0].u_pe_4/N3) has been disconnected.
I: Const net (pin CEY1 of inst u_top_yolo/u_layer8/genblk1.gen_pages[0].pe_inst.u_pe_page/pe_col_inst[0].u_pe_col/pe_inst[0].u_pe_4/N3) has been disconnected.
I: Const net (pin RSTY of inst u_top_yolo/u_layer8/genblk1.gen_pages[0].pe_inst.u_pe_page/pe_col_inst[0].u_pe_col/pe_inst[0].u_pe_4/N3) has been disconnected.
I: Const net (pin CEM of inst u_top_yolo/u_layer8/genblk1.gen_pages[0].pe_inst.u_pe_page/pe_col_inst[0].u_pe_col/pe_inst[0].u_pe_4/N3) has been disconnected.
I: Const net (pin RSTM of inst u_top_yolo/u_layer8/genblk1.gen_pages[0].pe_inst.u_pe_page/pe_col_inst[0].u_pe_col/pe_inst[0].u_pe_4/N3) has been disconnected.
I: Const net (pin CEX1 of inst u_top_yolo/u_layer8/genblk1.gen_pages[0].pe_inst.u_pe_page/pe_col_inst[0].u_pe_col/pe_inst[0].u_pe_5/N3) has been disconnected.
I: Const net (pin RSTX of inst u_top_yolo/u_layer8/genblk1.gen_pages[0].pe_inst.u_pe_page/pe_col_inst[0].u_pe_col/pe_inst[0].u_pe_5/N3) has been disconnected.
I: Const net (pin CEY1 of inst u_top_yolo/u_layer8/genblk1.gen_pages[0].pe_inst.u_pe_page/pe_col_inst[0].u_pe_col/pe_inst[0].u_pe_5/N3) has been disconnected.
I: Const net (pin RSTY of inst u_top_yolo/u_layer8/genblk1.gen_pages[0].pe_inst.u_pe_page/pe_col_inst[0].u_pe_col/pe_inst[0].u_pe_5/N3) has been disconnected.
I: Const net (pin CEM of inst u_top_yolo/u_layer8/genblk1.gen_pages[0].pe_inst.u_pe_page/pe_col_inst[0].u_pe_col/pe_inst[0].u_pe_5/N3) has been disconnected.
I: Const net (pin RSTM of inst u_top_yolo/u_layer8/genblk1.gen_pages[0].pe_inst.u_pe_page/pe_col_inst[0].u_pe_col/pe_inst[0].u_pe_5/N3) has been disconnected.
I: Const net (pin CEX1 of inst u_top_yolo/u_layer8/genblk1.gen_pages[0].pe_inst.u_pe_page/pe_col_inst[0].u_pe_col/pe_inst[0].u_pe_6/N3) has been disconnected.
I: Const net (pin RSTX of inst u_top_yolo/u_layer8/genblk1.gen_pages[0].pe_inst.u_pe_page/pe_col_inst[0].u_pe_col/pe_inst[0].u_pe_6/N3) has been disconnected.
I: Const net (pin CEY1 of inst u_top_yolo/u_layer8/genblk1.gen_pages[0].pe_inst.u_pe_page/pe_col_inst[0].u_pe_col/pe_inst[0].u_pe_6/N3) has been disconnected.
I: Const net (pin RSTY of inst u_top_yolo/u_layer8/genblk1.gen_pages[0].pe_inst.u_pe_page/pe_col_inst[0].u_pe_col/pe_inst[0].u_pe_6/N3) has been disconnected.
I: Const net (pin CEM of inst u_top_yolo/u_layer8/genblk1.gen_pages[0].pe_inst.u_pe_page/pe_col_inst[0].u_pe_col/pe_inst[0].u_pe_6/N3) has been disconnected.
I: Const net (pin RSTM of inst u_top_yolo/u_layer8/genblk1.gen_pages[0].pe_inst.u_pe_page/pe_col_inst[0].u_pe_col/pe_inst[0].u_pe_6/N3) has been disconnected.
I: Const net (pin CEX1 of inst u_top_yolo/u_layer8/genblk1.gen_pages[0].pe_inst.u_pe_page/pe_col_inst[0].u_pe_col/pe_inst[0].u_pe_7/N3) has been disconnected.
I: Const net (pin RSTX of inst u_top_yolo/u_layer8/genblk1.gen_pages[0].pe_inst.u_pe_page/pe_col_inst[0].u_pe_col/pe_inst[0].u_pe_7/N3) has been disconnected.
I: Const net (pin CEY1 of inst u_top_yolo/u_layer8/genblk1.gen_pages[0].pe_inst.u_pe_page/pe_col_inst[0].u_pe_col/pe_inst[0].u_pe_7/N3) has been disconnected.
I: Const net (pin RSTY of inst u_top_yolo/u_layer8/genblk1.gen_pages[0].pe_inst.u_pe_page/pe_col_inst[0].u_pe_col/pe_inst[0].u_pe_7/N3) has been disconnected.
I: Const net (pin CEM of inst u_top_yolo/u_layer8/genblk1.gen_pages[0].pe_inst.u_pe_page/pe_col_inst[0].u_pe_col/pe_inst[0].u_pe_7/N3) has been disconnected.
I: Const net (pin RSTM of inst u_top_yolo/u_layer8/genblk1.gen_pages[0].pe_inst.u_pe_page/pe_col_inst[0].u_pe_col/pe_inst[0].u_pe_7/N3) has been disconnected.
I: Const net (pin CEX1 of inst u_top_yolo/u_layer8/genblk1.gen_pages[0].pe_inst.u_pe_page/pe_col_inst[0].u_pe_col/pe_inst[0].u_pe_8/N3) has been disconnected.
I: Const net (pin RSTX of inst u_top_yolo/u_layer8/genblk1.gen_pages[0].pe_inst.u_pe_page/pe_col_inst[0].u_pe_col/pe_inst[0].u_pe_8/N3) has been disconnected.
I: Const net (pin CEY1 of inst u_top_yolo/u_layer8/genblk1.gen_pages[0].pe_inst.u_pe_page/pe_col_inst[0].u_pe_col/pe_inst[0].u_pe_8/N3) has been disconnected.
I: Const net (pin RSTY of inst u_top_yolo/u_layer8/genblk1.gen_pages[0].pe_inst.u_pe_page/pe_col_inst[0].u_pe_col/pe_inst[0].u_pe_8/N3) has been disconnected.
I: Const net (pin CEM of inst u_top_yolo/u_layer8/genblk1.gen_pages[0].pe_inst.u_pe_page/pe_col_inst[0].u_pe_col/pe_inst[0].u_pe_8/N3) has been disconnected.
I: Const net (pin RSTM of inst u_top_yolo/u_layer8/genblk1.gen_pages[0].pe_inst.u_pe_page/pe_col_inst[0].u_pe_col/pe_inst[0].u_pe_8/N3) has been disconnected.
I: Const net (pin CEX1 of inst u_top_yolo/u_layer8/genblk1.gen_pages[0].pe_inst.u_pe_page/pe_col_inst[1].u_pe_col/pe_inst[0].u_pe/N3) has been disconnected.
I: Const net (pin RSTX of inst u_top_yolo/u_layer8/genblk1.gen_pages[0].pe_inst.u_pe_page/pe_col_inst[1].u_pe_col/pe_inst[0].u_pe/N3) has been disconnected.
I: Const net (pin CEY1 of inst u_top_yolo/u_layer8/genblk1.gen_pages[0].pe_inst.u_pe_page/pe_col_inst[1].u_pe_col/pe_inst[0].u_pe/N3) has been disconnected.
I: Const net (pin RSTY of inst u_top_yolo/u_layer8/genblk1.gen_pages[0].pe_inst.u_pe_page/pe_col_inst[1].u_pe_col/pe_inst[0].u_pe/N3) has been disconnected.
I: Const net (pin CEM of inst u_top_yolo/u_layer8/genblk1.gen_pages[0].pe_inst.u_pe_page/pe_col_inst[1].u_pe_col/pe_inst[0].u_pe/N3) has been disconnected.
I: Const net (pin RSTM of inst u_top_yolo/u_layer8/genblk1.gen_pages[0].pe_inst.u_pe_page/pe_col_inst[1].u_pe_col/pe_inst[0].u_pe/N3) has been disconnected.
I: Const net (pin CEX1 of inst u_top_yolo/u_layer8/genblk1.gen_pages[0].pe_inst.u_pe_page/pe_col_inst[1].u_pe_col/pe_inst[0].u_pe_1/N3) has been disconnected.
I: Const net (pin RSTX of inst u_top_yolo/u_layer8/genblk1.gen_pages[0].pe_inst.u_pe_page/pe_col_inst[1].u_pe_col/pe_inst[0].u_pe_1/N3) has been disconnected.
I: Const net (pin CEY1 of inst u_top_yolo/u_layer8/genblk1.gen_pages[0].pe_inst.u_pe_page/pe_col_inst[1].u_pe_col/pe_inst[0].u_pe_1/N3) has been disconnected.
I: Const net (pin RSTY of inst u_top_yolo/u_layer8/genblk1.gen_pages[0].pe_inst.u_pe_page/pe_col_inst[1].u_pe_col/pe_inst[0].u_pe_1/N3) has been disconnected.
I: Const net (pin CEM of inst u_top_yolo/u_layer8/genblk1.gen_pages[0].pe_inst.u_pe_page/pe_col_inst[1].u_pe_col/pe_inst[0].u_pe_1/N3) has been disconnected.
I: Const net (pin RSTM of inst u_top_yolo/u_layer8/genblk1.gen_pages[0].pe_inst.u_pe_page/pe_col_inst[1].u_pe_col/pe_inst[0].u_pe_1/N3) has been disconnected.
I: Const net (pin CEX1 of inst u_top_yolo/u_layer8/genblk1.gen_pages[0].pe_inst.u_pe_page/pe_col_inst[1].u_pe_col/pe_inst[0].u_pe_2/N3) has been disconnected.
I: Const net (pin RSTX of inst u_top_yolo/u_layer8/genblk1.gen_pages[0].pe_inst.u_pe_page/pe_col_inst[1].u_pe_col/pe_inst[0].u_pe_2/N3) has been disconnected.
I: Const net (pin CEY1 of inst u_top_yolo/u_layer8/genblk1.gen_pages[0].pe_inst.u_pe_page/pe_col_inst[1].u_pe_col/pe_inst[0].u_pe_2/N3) has been disconnected.
I: Const net (pin RSTY of inst u_top_yolo/u_layer8/genblk1.gen_pages[0].pe_inst.u_pe_page/pe_col_inst[1].u_pe_col/pe_inst[0].u_pe_2/N3) has been disconnected.
I: Const net (pin CEM of inst u_top_yolo/u_layer8/genblk1.gen_pages[0].pe_inst.u_pe_page/pe_col_inst[1].u_pe_col/pe_inst[0].u_pe_2/N3) has been disconnected.
I: Const net (pin RSTM of inst u_top_yolo/u_layer8/genblk1.gen_pages[0].pe_inst.u_pe_page/pe_col_inst[1].u_pe_col/pe_inst[0].u_pe_2/N3) has been disconnected.
I: Const net (pin CEX1 of inst u_top_yolo/u_layer8/genblk1.gen_pages[0].pe_inst.u_pe_page/pe_col_inst[1].u_pe_col/pe_inst[0].u_pe_3/N3) has been disconnected.
I: Const net (pin RSTX of inst u_top_yolo/u_layer8/genblk1.gen_pages[0].pe_inst.u_pe_page/pe_col_inst[1].u_pe_col/pe_inst[0].u_pe_3/N3) has been disconnected.
I: Const net (pin CEY1 of inst u_top_yolo/u_layer8/genblk1.gen_pages[0].pe_inst.u_pe_page/pe_col_inst[1].u_pe_col/pe_inst[0].u_pe_3/N3) has been disconnected.
I: Const net (pin RSTY of inst u_top_yolo/u_layer8/genblk1.gen_pages[0].pe_inst.u_pe_page/pe_col_inst[1].u_pe_col/pe_inst[0].u_pe_3/N3) has been disconnected.
I: Const net (pin CEM of inst u_top_yolo/u_layer8/genblk1.gen_pages[0].pe_inst.u_pe_page/pe_col_inst[1].u_pe_col/pe_inst[0].u_pe_3/N3) has been disconnected.
I: Const net (pin RSTM of inst u_top_yolo/u_layer8/genblk1.gen_pages[0].pe_inst.u_pe_page/pe_col_inst[1].u_pe_col/pe_inst[0].u_pe_3/N3) has been disconnected.
I: Const net (pin CEX1 of inst u_top_yolo/u_layer8/genblk1.gen_pages[0].pe_inst.u_pe_page/pe_col_inst[1].u_pe_col/pe_inst[0].u_pe_4/N3) has been disconnected.
I: Const net (pin RSTX of inst u_top_yolo/u_layer8/genblk1.gen_pages[0].pe_inst.u_pe_page/pe_col_inst[1].u_pe_col/pe_inst[0].u_pe_4/N3) has been disconnected.
I: Const net (pin CEY1 of inst u_top_yolo/u_layer8/genblk1.gen_pages[0].pe_inst.u_pe_page/pe_col_inst[1].u_pe_col/pe_inst[0].u_pe_4/N3) has been disconnected.
I: Const net (pin RSTY of inst u_top_yolo/u_layer8/genblk1.gen_pages[0].pe_inst.u_pe_page/pe_col_inst[1].u_pe_col/pe_inst[0].u_pe_4/N3) has been disconnected.
I: Const net (pin CEM of inst u_top_yolo/u_layer8/genblk1.gen_pages[0].pe_inst.u_pe_page/pe_col_inst[1].u_pe_col/pe_inst[0].u_pe_4/N3) has been disconnected.
I: Const net (pin RSTM of inst u_top_yolo/u_layer8/genblk1.gen_pages[0].pe_inst.u_pe_page/pe_col_inst[1].u_pe_col/pe_inst[0].u_pe_4/N3) has been disconnected.
I: Const net (pin CEX1 of inst u_top_yolo/u_layer8/genblk1.gen_pages[0].pe_inst.u_pe_page/pe_col_inst[1].u_pe_col/pe_inst[0].u_pe_5/N3) has been disconnected.
I: Const net (pin RSTX of inst u_top_yolo/u_layer8/genblk1.gen_pages[0].pe_inst.u_pe_page/pe_col_inst[1].u_pe_col/pe_inst[0].u_pe_5/N3) has been disconnected.
I: Const net (pin CEY1 of inst u_top_yolo/u_layer8/genblk1.gen_pages[0].pe_inst.u_pe_page/pe_col_inst[1].u_pe_col/pe_inst[0].u_pe_5/N3) has been disconnected.
I: Const net (pin RSTY of inst u_top_yolo/u_layer8/genblk1.gen_pages[0].pe_inst.u_pe_page/pe_col_inst[1].u_pe_col/pe_inst[0].u_pe_5/N3) has been disconnected.
I: Const net (pin CEM of inst u_top_yolo/u_layer8/genblk1.gen_pages[0].pe_inst.u_pe_page/pe_col_inst[1].u_pe_col/pe_inst[0].u_pe_5/N3) has been disconnected.
I: Const net (pin RSTM of inst u_top_yolo/u_layer8/genblk1.gen_pages[0].pe_inst.u_pe_page/pe_col_inst[1].u_pe_col/pe_inst[0].u_pe_5/N3) has been disconnected.
I: Const net (pin CEX1 of inst u_top_yolo/u_layer8/genblk1.gen_pages[0].pe_inst.u_pe_page/pe_col_inst[1].u_pe_col/pe_inst[0].u_pe_6/N3) has been disconnected.
I: Const net (pin RSTX of inst u_top_yolo/u_layer8/genblk1.gen_pages[0].pe_inst.u_pe_page/pe_col_inst[1].u_pe_col/pe_inst[0].u_pe_6/N3) has been disconnected.
I: Const net (pin CEY1 of inst u_top_yolo/u_layer8/genblk1.gen_pages[0].pe_inst.u_pe_page/pe_col_inst[1].u_pe_col/pe_inst[0].u_pe_6/N3) has been disconnected.
I: Const net (pin RSTY of inst u_top_yolo/u_layer8/genblk1.gen_pages[0].pe_inst.u_pe_page/pe_col_inst[1].u_pe_col/pe_inst[0].u_pe_6/N3) has been disconnected.
I: Const net (pin CEM of inst u_top_yolo/u_layer8/genblk1.gen_pages[0].pe_inst.u_pe_page/pe_col_inst[1].u_pe_col/pe_inst[0].u_pe_6/N3) has been disconnected.
I: Const net (pin RSTM of inst u_top_yolo/u_layer8/genblk1.gen_pages[0].pe_inst.u_pe_page/pe_col_inst[1].u_pe_col/pe_inst[0].u_pe_6/N3) has been disconnected.
I: Const net (pin CEX1 of inst u_top_yolo/u_layer8/genblk1.gen_pages[0].pe_inst.u_pe_page/pe_col_inst[1].u_pe_col/pe_inst[0].u_pe_7/N3) has been disconnected.
I: Const net (pin RSTX of inst u_top_yolo/u_layer8/genblk1.gen_pages[0].pe_inst.u_pe_page/pe_col_inst[1].u_pe_col/pe_inst[0].u_pe_7/N3) has been disconnected.
I: Const net (pin CEY1 of inst u_top_yolo/u_layer8/genblk1.gen_pages[0].pe_inst.u_pe_page/pe_col_inst[1].u_pe_col/pe_inst[0].u_pe_7/N3) has been disconnected.
I: Const net (pin RSTY of inst u_top_yolo/u_layer8/genblk1.gen_pages[0].pe_inst.u_pe_page/pe_col_inst[1].u_pe_col/pe_inst[0].u_pe_7/N3) has been disconnected.
I: Const net (pin CEM of inst u_top_yolo/u_layer8/genblk1.gen_pages[0].pe_inst.u_pe_page/pe_col_inst[1].u_pe_col/pe_inst[0].u_pe_7/N3) has been disconnected.
I: Const net (pin RSTM of inst u_top_yolo/u_layer8/genblk1.gen_pages[0].pe_inst.u_pe_page/pe_col_inst[1].u_pe_col/pe_inst[0].u_pe_7/N3) has been disconnected.
I: Const net (pin CEX1 of inst u_top_yolo/u_layer8/genblk1.gen_pages[0].pe_inst.u_pe_page/pe_col_inst[1].u_pe_col/pe_inst[0].u_pe_8/N3) has been disconnected.
I: Const net (pin RSTX of inst u_top_yolo/u_layer8/genblk1.gen_pages[0].pe_inst.u_pe_page/pe_col_inst[1].u_pe_col/pe_inst[0].u_pe_8/N3) has been disconnected.
I: Const net (pin CEY1 of inst u_top_yolo/u_layer8/genblk1.gen_pages[0].pe_inst.u_pe_page/pe_col_inst[1].u_pe_col/pe_inst[0].u_pe_8/N3) has been disconnected.
I: Const net (pin RSTY of inst u_top_yolo/u_layer8/genblk1.gen_pages[0].pe_inst.u_pe_page/pe_col_inst[1].u_pe_col/pe_inst[0].u_pe_8/N3) has been disconnected.
I: Const net (pin CEM of inst u_top_yolo/u_layer8/genblk1.gen_pages[0].pe_inst.u_pe_page/pe_col_inst[1].u_pe_col/pe_inst[0].u_pe_8/N3) has been disconnected.
I: Const net (pin RSTM of inst u_top_yolo/u_layer8/genblk1.gen_pages[0].pe_inst.u_pe_page/pe_col_inst[1].u_pe_col/pe_inst[0].u_pe_8/N3) has been disconnected.
I: Const net (pin CEX1 of inst u_top_yolo/u_layer8/genblk1.gen_pages[1].pe_inst.u_pe_page/pe_col_inst[0].u_pe_col/pe_inst[0].u_pe/N3) has been disconnected.
I: Const net (pin RSTX of inst u_top_yolo/u_layer8/genblk1.gen_pages[1].pe_inst.u_pe_page/pe_col_inst[0].u_pe_col/pe_inst[0].u_pe/N3) has been disconnected.
I: Const net (pin CEY1 of inst u_top_yolo/u_layer8/genblk1.gen_pages[1].pe_inst.u_pe_page/pe_col_inst[0].u_pe_col/pe_inst[0].u_pe/N3) has been disconnected.
I: Const net (pin RSTY of inst u_top_yolo/u_layer8/genblk1.gen_pages[1].pe_inst.u_pe_page/pe_col_inst[0].u_pe_col/pe_inst[0].u_pe/N3) has been disconnected.
I: Const net (pin CEM of inst u_top_yolo/u_layer8/genblk1.gen_pages[1].pe_inst.u_pe_page/pe_col_inst[0].u_pe_col/pe_inst[0].u_pe/N3) has been disconnected.
I: Const net (pin RSTM of inst u_top_yolo/u_layer8/genblk1.gen_pages[1].pe_inst.u_pe_page/pe_col_inst[0].u_pe_col/pe_inst[0].u_pe/N3) has been disconnected.
I: Const net (pin CEX1 of inst u_top_yolo/u_layer8/genblk1.gen_pages[1].pe_inst.u_pe_page/pe_col_inst[0].u_pe_col/pe_inst[0].u_pe_1/N3) has been disconnected.
I: Const net (pin RSTX of inst u_top_yolo/u_layer8/genblk1.gen_pages[1].pe_inst.u_pe_page/pe_col_inst[0].u_pe_col/pe_inst[0].u_pe_1/N3) has been disconnected.
I: Const net (pin CEY1 of inst u_top_yolo/u_layer8/genblk1.gen_pages[1].pe_inst.u_pe_page/pe_col_inst[0].u_pe_col/pe_inst[0].u_pe_1/N3) has been disconnected.
I: Const net (pin RSTY of inst u_top_yolo/u_layer8/genblk1.gen_pages[1].pe_inst.u_pe_page/pe_col_inst[0].u_pe_col/pe_inst[0].u_pe_1/N3) has been disconnected.
I: Const net (pin CEM of inst u_top_yolo/u_layer8/genblk1.gen_pages[1].pe_inst.u_pe_page/pe_col_inst[0].u_pe_col/pe_inst[0].u_pe_1/N3) has been disconnected.
I: Const net (pin RSTM of inst u_top_yolo/u_layer8/genblk1.gen_pages[1].pe_inst.u_pe_page/pe_col_inst[0].u_pe_col/pe_inst[0].u_pe_1/N3) has been disconnected.
I: Const net (pin CEX1 of inst u_top_yolo/u_layer8/genblk1.gen_pages[1].pe_inst.u_pe_page/pe_col_inst[0].u_pe_col/pe_inst[0].u_pe_2/N3) has been disconnected.
I: Const net (pin RSTX of inst u_top_yolo/u_layer8/genblk1.gen_pages[1].pe_inst.u_pe_page/pe_col_inst[0].u_pe_col/pe_inst[0].u_pe_2/N3) has been disconnected.
I: Const net (pin CEY1 of inst u_top_yolo/u_layer8/genblk1.gen_pages[1].pe_inst.u_pe_page/pe_col_inst[0].u_pe_col/pe_inst[0].u_pe_2/N3) has been disconnected.
I: Const net (pin RSTY of inst u_top_yolo/u_layer8/genblk1.gen_pages[1].pe_inst.u_pe_page/pe_col_inst[0].u_pe_col/pe_inst[0].u_pe_2/N3) has been disconnected.
I: Const net (pin CEM of inst u_top_yolo/u_layer8/genblk1.gen_pages[1].pe_inst.u_pe_page/pe_col_inst[0].u_pe_col/pe_inst[0].u_pe_2/N3) has been disconnected.
I: Const net (pin RSTM of inst u_top_yolo/u_layer8/genblk1.gen_pages[1].pe_inst.u_pe_page/pe_col_inst[0].u_pe_col/pe_inst[0].u_pe_2/N3) has been disconnected.
I: Const net (pin CEX1 of inst u_top_yolo/u_layer8/genblk1.gen_pages[1].pe_inst.u_pe_page/pe_col_inst[0].u_pe_col/pe_inst[0].u_pe_3/N3) has been disconnected.
I: Const net (pin RSTX of inst u_top_yolo/u_layer8/genblk1.gen_pages[1].pe_inst.u_pe_page/pe_col_inst[0].u_pe_col/pe_inst[0].u_pe_3/N3) has been disconnected.
I: Const net (pin CEY1 of inst u_top_yolo/u_layer8/genblk1.gen_pages[1].pe_inst.u_pe_page/pe_col_inst[0].u_pe_col/pe_inst[0].u_pe_3/N3) has been disconnected.
I: Const net (pin RSTY of inst u_top_yolo/u_layer8/genblk1.gen_pages[1].pe_inst.u_pe_page/pe_col_inst[0].u_pe_col/pe_inst[0].u_pe_3/N3) has been disconnected.
I: Const net (pin CEM of inst u_top_yolo/u_layer8/genblk1.gen_pages[1].pe_inst.u_pe_page/pe_col_inst[0].u_pe_col/pe_inst[0].u_pe_3/N3) has been disconnected.
I: Const net (pin RSTM of inst u_top_yolo/u_layer8/genblk1.gen_pages[1].pe_inst.u_pe_page/pe_col_inst[0].u_pe_col/pe_inst[0].u_pe_3/N3) has been disconnected.
I: Const net (pin CEX1 of inst u_top_yolo/u_layer8/genblk1.gen_pages[1].pe_inst.u_pe_page/pe_col_inst[0].u_pe_col/pe_inst[0].u_pe_4/N3) has been disconnected.
I: Const net (pin RSTX of inst u_top_yolo/u_layer8/genblk1.gen_pages[1].pe_inst.u_pe_page/pe_col_inst[0].u_pe_col/pe_inst[0].u_pe_4/N3) has been disconnected.
I: Const net (pin CEY1 of inst u_top_yolo/u_layer8/genblk1.gen_pages[1].pe_inst.u_pe_page/pe_col_inst[0].u_pe_col/pe_inst[0].u_pe_4/N3) has been disconnected.
I: Const net (pin RSTY of inst u_top_yolo/u_layer8/genblk1.gen_pages[1].pe_inst.u_pe_page/pe_col_inst[0].u_pe_col/pe_inst[0].u_pe_4/N3) has been disconnected.
I: Const net (pin CEM of inst u_top_yolo/u_layer8/genblk1.gen_pages[1].pe_inst.u_pe_page/pe_col_inst[0].u_pe_col/pe_inst[0].u_pe_4/N3) has been disconnected.
I: Const net (pin RSTM of inst u_top_yolo/u_layer8/genblk1.gen_pages[1].pe_inst.u_pe_page/pe_col_inst[0].u_pe_col/pe_inst[0].u_pe_4/N3) has been disconnected.
I: Const net (pin CEX1 of inst u_top_yolo/u_layer8/genblk1.gen_pages[1].pe_inst.u_pe_page/pe_col_inst[0].u_pe_col/pe_inst[0].u_pe_5/N3) has been disconnected.
I: Const net (pin RSTX of inst u_top_yolo/u_layer8/genblk1.gen_pages[1].pe_inst.u_pe_page/pe_col_inst[0].u_pe_col/pe_inst[0].u_pe_5/N3) has been disconnected.
I: Const net (pin CEY1 of inst u_top_yolo/u_layer8/genblk1.gen_pages[1].pe_inst.u_pe_page/pe_col_inst[0].u_pe_col/pe_inst[0].u_pe_5/N3) has been disconnected.
I: Const net (pin RSTY of inst u_top_yolo/u_layer8/genblk1.gen_pages[1].pe_inst.u_pe_page/pe_col_inst[0].u_pe_col/pe_inst[0].u_pe_5/N3) has been disconnected.
I: Const net (pin CEM of inst u_top_yolo/u_layer8/genblk1.gen_pages[1].pe_inst.u_pe_page/pe_col_inst[0].u_pe_col/pe_inst[0].u_pe_5/N3) has been disconnected.
I: Const net (pin RSTM of inst u_top_yolo/u_layer8/genblk1.gen_pages[1].pe_inst.u_pe_page/pe_col_inst[0].u_pe_col/pe_inst[0].u_pe_5/N3) has been disconnected.
I: Const net (pin CEX1 of inst u_top_yolo/u_layer8/genblk1.gen_pages[1].pe_inst.u_pe_page/pe_col_inst[0].u_pe_col/pe_inst[0].u_pe_6/N3) has been disconnected.
I: Const net (pin RSTX of inst u_top_yolo/u_layer8/genblk1.gen_pages[1].pe_inst.u_pe_page/pe_col_inst[0].u_pe_col/pe_inst[0].u_pe_6/N3) has been disconnected.
I: Const net (pin CEY1 of inst u_top_yolo/u_layer8/genblk1.gen_pages[1].pe_inst.u_pe_page/pe_col_inst[0].u_pe_col/pe_inst[0].u_pe_6/N3) has been disconnected.
I: Const net (pin RSTY of inst u_top_yolo/u_layer8/genblk1.gen_pages[1].pe_inst.u_pe_page/pe_col_inst[0].u_pe_col/pe_inst[0].u_pe_6/N3) has been disconnected.
I: Const net (pin CEM of inst u_top_yolo/u_layer8/genblk1.gen_pages[1].pe_inst.u_pe_page/pe_col_inst[0].u_pe_col/pe_inst[0].u_pe_6/N3) has been disconnected.
I: Const net (pin RSTM of inst u_top_yolo/u_layer8/genblk1.gen_pages[1].pe_inst.u_pe_page/pe_col_inst[0].u_pe_col/pe_inst[0].u_pe_6/N3) has been disconnected.
I: Const net (pin CEX1 of inst u_top_yolo/u_layer8/genblk1.gen_pages[1].pe_inst.u_pe_page/pe_col_inst[0].u_pe_col/pe_inst[0].u_pe_7/N3) has been disconnected.
I: Const net (pin RSTX of inst u_top_yolo/u_layer8/genblk1.gen_pages[1].pe_inst.u_pe_page/pe_col_inst[0].u_pe_col/pe_inst[0].u_pe_7/N3) has been disconnected.
I: Const net (pin CEY1 of inst u_top_yolo/u_layer8/genblk1.gen_pages[1].pe_inst.u_pe_page/pe_col_inst[0].u_pe_col/pe_inst[0].u_pe_7/N3) has been disconnected.
I: Const net (pin RSTY of inst u_top_yolo/u_layer8/genblk1.gen_pages[1].pe_inst.u_pe_page/pe_col_inst[0].u_pe_col/pe_inst[0].u_pe_7/N3) has been disconnected.
I: Const net (pin CEM of inst u_top_yolo/u_layer8/genblk1.gen_pages[1].pe_inst.u_pe_page/pe_col_inst[0].u_pe_col/pe_inst[0].u_pe_7/N3) has been disconnected.
I: Const net (pin RSTM of inst u_top_yolo/u_layer8/genblk1.gen_pages[1].pe_inst.u_pe_page/pe_col_inst[0].u_pe_col/pe_inst[0].u_pe_7/N3) has been disconnected.
I: Const net (pin CEX1 of inst u_top_yolo/u_layer8/genblk1.gen_pages[1].pe_inst.u_pe_page/pe_col_inst[0].u_pe_col/pe_inst[0].u_pe_8/N3) has been disconnected.
I: Const net (pin RSTX of inst u_top_yolo/u_layer8/genblk1.gen_pages[1].pe_inst.u_pe_page/pe_col_inst[0].u_pe_col/pe_inst[0].u_pe_8/N3) has been disconnected.
I: Const net (pin CEY1 of inst u_top_yolo/u_layer8/genblk1.gen_pages[1].pe_inst.u_pe_page/pe_col_inst[0].u_pe_col/pe_inst[0].u_pe_8/N3) has been disconnected.
I: Const net (pin RSTY of inst u_top_yolo/u_layer8/genblk1.gen_pages[1].pe_inst.u_pe_page/pe_col_inst[0].u_pe_col/pe_inst[0].u_pe_8/N3) has been disconnected.
I: Const net (pin CEM of inst u_top_yolo/u_layer8/genblk1.gen_pages[1].pe_inst.u_pe_page/pe_col_inst[0].u_pe_col/pe_inst[0].u_pe_8/N3) has been disconnected.
I: Const net (pin RSTM of inst u_top_yolo/u_layer8/genblk1.gen_pages[1].pe_inst.u_pe_page/pe_col_inst[0].u_pe_col/pe_inst[0].u_pe_8/N3) has been disconnected.
I: Const net (pin CEX1 of inst u_top_yolo/u_layer8/genblk1.gen_pages[1].pe_inst.u_pe_page/pe_col_inst[1].u_pe_col/pe_inst[0].u_pe/N3) has been disconnected.
I: Const net (pin RSTX of inst u_top_yolo/u_layer8/genblk1.gen_pages[1].pe_inst.u_pe_page/pe_col_inst[1].u_pe_col/pe_inst[0].u_pe/N3) has been disconnected.
I: Const net (pin CEY1 of inst u_top_yolo/u_layer8/genblk1.gen_pages[1].pe_inst.u_pe_page/pe_col_inst[1].u_pe_col/pe_inst[0].u_pe/N3) has been disconnected.
I: Const net (pin RSTY of inst u_top_yolo/u_layer8/genblk1.gen_pages[1].pe_inst.u_pe_page/pe_col_inst[1].u_pe_col/pe_inst[0].u_pe/N3) has been disconnected.
I: Const net (pin CEM of inst u_top_yolo/u_layer8/genblk1.gen_pages[1].pe_inst.u_pe_page/pe_col_inst[1].u_pe_col/pe_inst[0].u_pe/N3) has been disconnected.
I: Const net (pin RSTM of inst u_top_yolo/u_layer8/genblk1.gen_pages[1].pe_inst.u_pe_page/pe_col_inst[1].u_pe_col/pe_inst[0].u_pe/N3) has been disconnected.
I: Const net (pin CEX1 of inst u_top_yolo/u_layer8/genblk1.gen_pages[1].pe_inst.u_pe_page/pe_col_inst[1].u_pe_col/pe_inst[0].u_pe_1/N3) has been disconnected.
I: Const net (pin RSTX of inst u_top_yolo/u_layer8/genblk1.gen_pages[1].pe_inst.u_pe_page/pe_col_inst[1].u_pe_col/pe_inst[0].u_pe_1/N3) has been disconnected.
I: Const net (pin CEY1 of inst u_top_yolo/u_layer8/genblk1.gen_pages[1].pe_inst.u_pe_page/pe_col_inst[1].u_pe_col/pe_inst[0].u_pe_1/N3) has been disconnected.
I: Const net (pin RSTY of inst u_top_yolo/u_layer8/genblk1.gen_pages[1].pe_inst.u_pe_page/pe_col_inst[1].u_pe_col/pe_inst[0].u_pe_1/N3) has been disconnected.
I: Const net (pin CEM of inst u_top_yolo/u_layer8/genblk1.gen_pages[1].pe_inst.u_pe_page/pe_col_inst[1].u_pe_col/pe_inst[0].u_pe_1/N3) has been disconnected.
I: Const net (pin RSTM of inst u_top_yolo/u_layer8/genblk1.gen_pages[1].pe_inst.u_pe_page/pe_col_inst[1].u_pe_col/pe_inst[0].u_pe_1/N3) has been disconnected.
I: Const net (pin CEX1 of inst u_top_yolo/u_layer8/genblk1.gen_pages[1].pe_inst.u_pe_page/pe_col_inst[1].u_pe_col/pe_inst[0].u_pe_2/N3) has been disconnected.
I: Const net (pin RSTX of inst u_top_yolo/u_layer8/genblk1.gen_pages[1].pe_inst.u_pe_page/pe_col_inst[1].u_pe_col/pe_inst[0].u_pe_2/N3) has been disconnected.
I: Const net (pin CEY1 of inst u_top_yolo/u_layer8/genblk1.gen_pages[1].pe_inst.u_pe_page/pe_col_inst[1].u_pe_col/pe_inst[0].u_pe_2/N3) has been disconnected.
I: Const net (pin RSTY of inst u_top_yolo/u_layer8/genblk1.gen_pages[1].pe_inst.u_pe_page/pe_col_inst[1].u_pe_col/pe_inst[0].u_pe_2/N3) has been disconnected.
I: Const net (pin CEM of inst u_top_yolo/u_layer8/genblk1.gen_pages[1].pe_inst.u_pe_page/pe_col_inst[1].u_pe_col/pe_inst[0].u_pe_2/N3) has been disconnected.
I: Const net (pin RSTM of inst u_top_yolo/u_layer8/genblk1.gen_pages[1].pe_inst.u_pe_page/pe_col_inst[1].u_pe_col/pe_inst[0].u_pe_2/N3) has been disconnected.
I: Const net (pin CEX1 of inst u_top_yolo/u_layer8/genblk1.gen_pages[1].pe_inst.u_pe_page/pe_col_inst[1].u_pe_col/pe_inst[0].u_pe_3/N3) has been disconnected.
I: Const net (pin RSTX of inst u_top_yolo/u_layer8/genblk1.gen_pages[1].pe_inst.u_pe_page/pe_col_inst[1].u_pe_col/pe_inst[0].u_pe_3/N3) has been disconnected.
I: Const net (pin CEY1 of inst u_top_yolo/u_layer8/genblk1.gen_pages[1].pe_inst.u_pe_page/pe_col_inst[1].u_pe_col/pe_inst[0].u_pe_3/N3) has been disconnected.
I: Const net (pin RSTY of inst u_top_yolo/u_layer8/genblk1.gen_pages[1].pe_inst.u_pe_page/pe_col_inst[1].u_pe_col/pe_inst[0].u_pe_3/N3) has been disconnected.
I: Const net (pin CEM of inst u_top_yolo/u_layer8/genblk1.gen_pages[1].pe_inst.u_pe_page/pe_col_inst[1].u_pe_col/pe_inst[0].u_pe_3/N3) has been disconnected.
I: Const net (pin RSTM of inst u_top_yolo/u_layer8/genblk1.gen_pages[1].pe_inst.u_pe_page/pe_col_inst[1].u_pe_col/pe_inst[0].u_pe_3/N3) has been disconnected.
I: Const net (pin CEX1 of inst u_top_yolo/u_layer8/genblk1.gen_pages[1].pe_inst.u_pe_page/pe_col_inst[1].u_pe_col/pe_inst[0].u_pe_4/N3) has been disconnected.
I: Const net (pin RSTX of inst u_top_yolo/u_layer8/genblk1.gen_pages[1].pe_inst.u_pe_page/pe_col_inst[1].u_pe_col/pe_inst[0].u_pe_4/N3) has been disconnected.
I: Const net (pin CEY1 of inst u_top_yolo/u_layer8/genblk1.gen_pages[1].pe_inst.u_pe_page/pe_col_inst[1].u_pe_col/pe_inst[0].u_pe_4/N3) has been disconnected.
I: Const net (pin RSTY of inst u_top_yolo/u_layer8/genblk1.gen_pages[1].pe_inst.u_pe_page/pe_col_inst[1].u_pe_col/pe_inst[0].u_pe_4/N3) has been disconnected.
I: Const net (pin CEM of inst u_top_yolo/u_layer8/genblk1.gen_pages[1].pe_inst.u_pe_page/pe_col_inst[1].u_pe_col/pe_inst[0].u_pe_4/N3) has been disconnected.
I: Const net (pin RSTM of inst u_top_yolo/u_layer8/genblk1.gen_pages[1].pe_inst.u_pe_page/pe_col_inst[1].u_pe_col/pe_inst[0].u_pe_4/N3) has been disconnected.
I: Const net (pin CEX1 of inst u_top_yolo/u_layer8/genblk1.gen_pages[1].pe_inst.u_pe_page/pe_col_inst[1].u_pe_col/pe_inst[0].u_pe_5/N3) has been disconnected.
I: Const net (pin RSTX of inst u_top_yolo/u_layer8/genblk1.gen_pages[1].pe_inst.u_pe_page/pe_col_inst[1].u_pe_col/pe_inst[0].u_pe_5/N3) has been disconnected.
I: Const net (pin CEY1 of inst u_top_yolo/u_layer8/genblk1.gen_pages[1].pe_inst.u_pe_page/pe_col_inst[1].u_pe_col/pe_inst[0].u_pe_5/N3) has been disconnected.
I: Const net (pin RSTY of inst u_top_yolo/u_layer8/genblk1.gen_pages[1].pe_inst.u_pe_page/pe_col_inst[1].u_pe_col/pe_inst[0].u_pe_5/N3) has been disconnected.
I: Const net (pin CEM of inst u_top_yolo/u_layer8/genblk1.gen_pages[1].pe_inst.u_pe_page/pe_col_inst[1].u_pe_col/pe_inst[0].u_pe_5/N3) has been disconnected.
I: Const net (pin RSTM of inst u_top_yolo/u_layer8/genblk1.gen_pages[1].pe_inst.u_pe_page/pe_col_inst[1].u_pe_col/pe_inst[0].u_pe_5/N3) has been disconnected.
I: Const net (pin CEX1 of inst u_top_yolo/u_layer8/genblk1.gen_pages[1].pe_inst.u_pe_page/pe_col_inst[1].u_pe_col/pe_inst[0].u_pe_6/N3) has been disconnected.
I: Const net (pin RSTX of inst u_top_yolo/u_layer8/genblk1.gen_pages[1].pe_inst.u_pe_page/pe_col_inst[1].u_pe_col/pe_inst[0].u_pe_6/N3) has been disconnected.
I: Const net (pin CEY1 of inst u_top_yolo/u_layer8/genblk1.gen_pages[1].pe_inst.u_pe_page/pe_col_inst[1].u_pe_col/pe_inst[0].u_pe_6/N3) has been disconnected.
I: Const net (pin RSTY of inst u_top_yolo/u_layer8/genblk1.gen_pages[1].pe_inst.u_pe_page/pe_col_inst[1].u_pe_col/pe_inst[0].u_pe_6/N3) has been disconnected.
I: Const net (pin CEM of inst u_top_yolo/u_layer8/genblk1.gen_pages[1].pe_inst.u_pe_page/pe_col_inst[1].u_pe_col/pe_inst[0].u_pe_6/N3) has been disconnected.
I: Const net (pin RSTM of inst u_top_yolo/u_layer8/genblk1.gen_pages[1].pe_inst.u_pe_page/pe_col_inst[1].u_pe_col/pe_inst[0].u_pe_6/N3) has been disconnected.
I: Const net (pin CEX1 of inst u_top_yolo/u_layer8/genblk1.gen_pages[1].pe_inst.u_pe_page/pe_col_inst[1].u_pe_col/pe_inst[0].u_pe_7/N3) has been disconnected.
I: Const net (pin RSTX of inst u_top_yolo/u_layer8/genblk1.gen_pages[1].pe_inst.u_pe_page/pe_col_inst[1].u_pe_col/pe_inst[0].u_pe_7/N3) has been disconnected.
I: Const net (pin CEY1 of inst u_top_yolo/u_layer8/genblk1.gen_pages[1].pe_inst.u_pe_page/pe_col_inst[1].u_pe_col/pe_inst[0].u_pe_7/N3) has been disconnected.
I: Const net (pin RSTY of inst u_top_yolo/u_layer8/genblk1.gen_pages[1].pe_inst.u_pe_page/pe_col_inst[1].u_pe_col/pe_inst[0].u_pe_7/N3) has been disconnected.
I: Const net (pin CEM of inst u_top_yolo/u_layer8/genblk1.gen_pages[1].pe_inst.u_pe_page/pe_col_inst[1].u_pe_col/pe_inst[0].u_pe_7/N3) has been disconnected.
I: Const net (pin RSTM of inst u_top_yolo/u_layer8/genblk1.gen_pages[1].pe_inst.u_pe_page/pe_col_inst[1].u_pe_col/pe_inst[0].u_pe_7/N3) has been disconnected.
I: Const net (pin CEX1 of inst u_top_yolo/u_layer8/genblk1.gen_pages[1].pe_inst.u_pe_page/pe_col_inst[1].u_pe_col/pe_inst[0].u_pe_8/N3) has been disconnected.
I: Const net (pin RSTX of inst u_top_yolo/u_layer8/genblk1.gen_pages[1].pe_inst.u_pe_page/pe_col_inst[1].u_pe_col/pe_inst[0].u_pe_8/N3) has been disconnected.
I: Const net (pin CEY1 of inst u_top_yolo/u_layer8/genblk1.gen_pages[1].pe_inst.u_pe_page/pe_col_inst[1].u_pe_col/pe_inst[0].u_pe_8/N3) has been disconnected.
I: Const net (pin RSTY of inst u_top_yolo/u_layer8/genblk1.gen_pages[1].pe_inst.u_pe_page/pe_col_inst[1].u_pe_col/pe_inst[0].u_pe_8/N3) has been disconnected.
I: Const net (pin CEM of inst u_top_yolo/u_layer8/genblk1.gen_pages[1].pe_inst.u_pe_page/pe_col_inst[1].u_pe_col/pe_inst[0].u_pe_8/N3) has been disconnected.
I: Const net (pin RSTM of inst u_top_yolo/u_layer8/genblk1.gen_pages[1].pe_inst.u_pe_page/pe_col_inst[1].u_pe_col/pe_inst[0].u_pe_8/N3) has been disconnected.
I: Const net (pin CEX1 of inst u_top_yolo/u_layer9/genblk1.gen_pages[0].pe_inst.u_pe_page/pe_col_inst[0].u_pe_col/pe_inst[0].u_pe/N3) has been disconnected.
I: Const net (pin RSTX of inst u_top_yolo/u_layer9/genblk1.gen_pages[0].pe_inst.u_pe_page/pe_col_inst[0].u_pe_col/pe_inst[0].u_pe/N3) has been disconnected.
I: Const net (pin CEY1 of inst u_top_yolo/u_layer9/genblk1.gen_pages[0].pe_inst.u_pe_page/pe_col_inst[0].u_pe_col/pe_inst[0].u_pe/N3) has been disconnected.
I: Const net (pin RSTY of inst u_top_yolo/u_layer9/genblk1.gen_pages[0].pe_inst.u_pe_page/pe_col_inst[0].u_pe_col/pe_inst[0].u_pe/N3) has been disconnected.
I: Const net (pin CEM of inst u_top_yolo/u_layer9/genblk1.gen_pages[0].pe_inst.u_pe_page/pe_col_inst[0].u_pe_col/pe_inst[0].u_pe/N3) has been disconnected.
I: Const net (pin RSTM of inst u_top_yolo/u_layer9/genblk1.gen_pages[0].pe_inst.u_pe_page/pe_col_inst[0].u_pe_col/pe_inst[0].u_pe/N3) has been disconnected.
I: Const net (pin CEX1 of inst u_top_yolo/u_layer9/genblk1.gen_pages[0].pe_inst.u_pe_page/pe_col_inst[0].u_pe_col/pe_inst[0].u_pe_1/N3) has been disconnected.
I: Const net (pin RSTX of inst u_top_yolo/u_layer9/genblk1.gen_pages[0].pe_inst.u_pe_page/pe_col_inst[0].u_pe_col/pe_inst[0].u_pe_1/N3) has been disconnected.
I: Const net (pin CEY1 of inst u_top_yolo/u_layer9/genblk1.gen_pages[0].pe_inst.u_pe_page/pe_col_inst[0].u_pe_col/pe_inst[0].u_pe_1/N3) has been disconnected.
I: Const net (pin RSTY of inst u_top_yolo/u_layer9/genblk1.gen_pages[0].pe_inst.u_pe_page/pe_col_inst[0].u_pe_col/pe_inst[0].u_pe_1/N3) has been disconnected.
I: Const net (pin CEM of inst u_top_yolo/u_layer9/genblk1.gen_pages[0].pe_inst.u_pe_page/pe_col_inst[0].u_pe_col/pe_inst[0].u_pe_1/N3) has been disconnected.
I: Const net (pin RSTM of inst u_top_yolo/u_layer9/genblk1.gen_pages[0].pe_inst.u_pe_page/pe_col_inst[0].u_pe_col/pe_inst[0].u_pe_1/N3) has been disconnected.
I: Const net (pin CEX1 of inst u_top_yolo/u_layer9/genblk1.gen_pages[0].pe_inst.u_pe_page/pe_col_inst[0].u_pe_col/pe_inst[0].u_pe_2/N3) has been disconnected.
I: Const net (pin RSTX of inst u_top_yolo/u_layer9/genblk1.gen_pages[0].pe_inst.u_pe_page/pe_col_inst[0].u_pe_col/pe_inst[0].u_pe_2/N3) has been disconnected.
I: Const net (pin CEY1 of inst u_top_yolo/u_layer9/genblk1.gen_pages[0].pe_inst.u_pe_page/pe_col_inst[0].u_pe_col/pe_inst[0].u_pe_2/N3) has been disconnected.
I: Const net (pin RSTY of inst u_top_yolo/u_layer9/genblk1.gen_pages[0].pe_inst.u_pe_page/pe_col_inst[0].u_pe_col/pe_inst[0].u_pe_2/N3) has been disconnected.
I: Const net (pin CEM of inst u_top_yolo/u_layer9/genblk1.gen_pages[0].pe_inst.u_pe_page/pe_col_inst[0].u_pe_col/pe_inst[0].u_pe_2/N3) has been disconnected.
I: Const net (pin RSTM of inst u_top_yolo/u_layer9/genblk1.gen_pages[0].pe_inst.u_pe_page/pe_col_inst[0].u_pe_col/pe_inst[0].u_pe_2/N3) has been disconnected.
I: Const net (pin CEX1 of inst u_top_yolo/u_layer9/genblk1.gen_pages[0].pe_inst.u_pe_page/pe_col_inst[0].u_pe_col/pe_inst[0].u_pe_3/N3) has been disconnected.
I: Const net (pin RSTX of inst u_top_yolo/u_layer9/genblk1.gen_pages[0].pe_inst.u_pe_page/pe_col_inst[0].u_pe_col/pe_inst[0].u_pe_3/N3) has been disconnected.
I: Const net (pin CEY1 of inst u_top_yolo/u_layer9/genblk1.gen_pages[0].pe_inst.u_pe_page/pe_col_inst[0].u_pe_col/pe_inst[0].u_pe_3/N3) has been disconnected.
I: Const net (pin RSTY of inst u_top_yolo/u_layer9/genblk1.gen_pages[0].pe_inst.u_pe_page/pe_col_inst[0].u_pe_col/pe_inst[0].u_pe_3/N3) has been disconnected.
I: Const net (pin CEM of inst u_top_yolo/u_layer9/genblk1.gen_pages[0].pe_inst.u_pe_page/pe_col_inst[0].u_pe_col/pe_inst[0].u_pe_3/N3) has been disconnected.
I: Const net (pin RSTM of inst u_top_yolo/u_layer9/genblk1.gen_pages[0].pe_inst.u_pe_page/pe_col_inst[0].u_pe_col/pe_inst[0].u_pe_3/N3) has been disconnected.
I: Const net (pin CEX1 of inst u_top_yolo/u_layer9/genblk1.gen_pages[0].pe_inst.u_pe_page/pe_col_inst[0].u_pe_col/pe_inst[0].u_pe_4/N3) has been disconnected.
I: Const net (pin RSTX of inst u_top_yolo/u_layer9/genblk1.gen_pages[0].pe_inst.u_pe_page/pe_col_inst[0].u_pe_col/pe_inst[0].u_pe_4/N3) has been disconnected.
I: Const net (pin CEY1 of inst u_top_yolo/u_layer9/genblk1.gen_pages[0].pe_inst.u_pe_page/pe_col_inst[0].u_pe_col/pe_inst[0].u_pe_4/N3) has been disconnected.
I: Const net (pin RSTY of inst u_top_yolo/u_layer9/genblk1.gen_pages[0].pe_inst.u_pe_page/pe_col_inst[0].u_pe_col/pe_inst[0].u_pe_4/N3) has been disconnected.
I: Const net (pin CEM of inst u_top_yolo/u_layer9/genblk1.gen_pages[0].pe_inst.u_pe_page/pe_col_inst[0].u_pe_col/pe_inst[0].u_pe_4/N3) has been disconnected.
I: Const net (pin RSTM of inst u_top_yolo/u_layer9/genblk1.gen_pages[0].pe_inst.u_pe_page/pe_col_inst[0].u_pe_col/pe_inst[0].u_pe_4/N3) has been disconnected.
I: Const net (pin CEX1 of inst u_top_yolo/u_layer9/genblk1.gen_pages[0].pe_inst.u_pe_page/pe_col_inst[0].u_pe_col/pe_inst[0].u_pe_5/N3) has been disconnected.
I: Const net (pin RSTX of inst u_top_yolo/u_layer9/genblk1.gen_pages[0].pe_inst.u_pe_page/pe_col_inst[0].u_pe_col/pe_inst[0].u_pe_5/N3) has been disconnected.
I: Const net (pin CEY1 of inst u_top_yolo/u_layer9/genblk1.gen_pages[0].pe_inst.u_pe_page/pe_col_inst[0].u_pe_col/pe_inst[0].u_pe_5/N3) has been disconnected.
I: Const net (pin RSTY of inst u_top_yolo/u_layer9/genblk1.gen_pages[0].pe_inst.u_pe_page/pe_col_inst[0].u_pe_col/pe_inst[0].u_pe_5/N3) has been disconnected.
I: Const net (pin CEM of inst u_top_yolo/u_layer9/genblk1.gen_pages[0].pe_inst.u_pe_page/pe_col_inst[0].u_pe_col/pe_inst[0].u_pe_5/N3) has been disconnected.
I: Const net (pin RSTM of inst u_top_yolo/u_layer9/genblk1.gen_pages[0].pe_inst.u_pe_page/pe_col_inst[0].u_pe_col/pe_inst[0].u_pe_5/N3) has been disconnected.
I: Const net (pin CEX1 of inst u_top_yolo/u_layer9/genblk1.gen_pages[0].pe_inst.u_pe_page/pe_col_inst[0].u_pe_col/pe_inst[0].u_pe_6/N3) has been disconnected.
I: Const net (pin RSTX of inst u_top_yolo/u_layer9/genblk1.gen_pages[0].pe_inst.u_pe_page/pe_col_inst[0].u_pe_col/pe_inst[0].u_pe_6/N3) has been disconnected.
I: Const net (pin CEY1 of inst u_top_yolo/u_layer9/genblk1.gen_pages[0].pe_inst.u_pe_page/pe_col_inst[0].u_pe_col/pe_inst[0].u_pe_6/N3) has been disconnected.
I: Const net (pin RSTY of inst u_top_yolo/u_layer9/genblk1.gen_pages[0].pe_inst.u_pe_page/pe_col_inst[0].u_pe_col/pe_inst[0].u_pe_6/N3) has been disconnected.
I: Const net (pin CEM of inst u_top_yolo/u_layer9/genblk1.gen_pages[0].pe_inst.u_pe_page/pe_col_inst[0].u_pe_col/pe_inst[0].u_pe_6/N3) has been disconnected.
I: Const net (pin RSTM of inst u_top_yolo/u_layer9/genblk1.gen_pages[0].pe_inst.u_pe_page/pe_col_inst[0].u_pe_col/pe_inst[0].u_pe_6/N3) has been disconnected.
I: Const net (pin CEX1 of inst u_top_yolo/u_layer9/genblk1.gen_pages[0].pe_inst.u_pe_page/pe_col_inst[0].u_pe_col/pe_inst[0].u_pe_7/N3) has been disconnected.
I: Const net (pin RSTX of inst u_top_yolo/u_layer9/genblk1.gen_pages[0].pe_inst.u_pe_page/pe_col_inst[0].u_pe_col/pe_inst[0].u_pe_7/N3) has been disconnected.
I: Const net (pin CEY1 of inst u_top_yolo/u_layer9/genblk1.gen_pages[0].pe_inst.u_pe_page/pe_col_inst[0].u_pe_col/pe_inst[0].u_pe_7/N3) has been disconnected.
I: Const net (pin RSTY of inst u_top_yolo/u_layer9/genblk1.gen_pages[0].pe_inst.u_pe_page/pe_col_inst[0].u_pe_col/pe_inst[0].u_pe_7/N3) has been disconnected.
I: Const net (pin CEM of inst u_top_yolo/u_layer9/genblk1.gen_pages[0].pe_inst.u_pe_page/pe_col_inst[0].u_pe_col/pe_inst[0].u_pe_7/N3) has been disconnected.
I: Const net (pin RSTM of inst u_top_yolo/u_layer9/genblk1.gen_pages[0].pe_inst.u_pe_page/pe_col_inst[0].u_pe_col/pe_inst[0].u_pe_7/N3) has been disconnected.
I: Const net (pin CEX1 of inst u_top_yolo/u_layer9/genblk1.gen_pages[0].pe_inst.u_pe_page/pe_col_inst[0].u_pe_col/pe_inst[0].u_pe_8/N3) has been disconnected.
I: Const net (pin RSTX of inst u_top_yolo/u_layer9/genblk1.gen_pages[0].pe_inst.u_pe_page/pe_col_inst[0].u_pe_col/pe_inst[0].u_pe_8/N3) has been disconnected.
I: Const net (pin CEY1 of inst u_top_yolo/u_layer9/genblk1.gen_pages[0].pe_inst.u_pe_page/pe_col_inst[0].u_pe_col/pe_inst[0].u_pe_8/N3) has been disconnected.
I: Const net (pin RSTY of inst u_top_yolo/u_layer9/genblk1.gen_pages[0].pe_inst.u_pe_page/pe_col_inst[0].u_pe_col/pe_inst[0].u_pe_8/N3) has been disconnected.
I: Const net (pin CEM of inst u_top_yolo/u_layer9/genblk1.gen_pages[0].pe_inst.u_pe_page/pe_col_inst[0].u_pe_col/pe_inst[0].u_pe_8/N3) has been disconnected.
I: Const net (pin RSTM of inst u_top_yolo/u_layer9/genblk1.gen_pages[0].pe_inst.u_pe_page/pe_col_inst[0].u_pe_col/pe_inst[0].u_pe_8/N3) has been disconnected.
I: Const net (pin CEX1 of inst u_top_yolo/u_layer9/genblk1.gen_pages[1].pe_inst.u_pe_page/pe_col_inst[0].u_pe_col/pe_inst[0].u_pe/N3) has been disconnected.
I: Const net (pin RSTX of inst u_top_yolo/u_layer9/genblk1.gen_pages[1].pe_inst.u_pe_page/pe_col_inst[0].u_pe_col/pe_inst[0].u_pe/N3) has been disconnected.
I: Const net (pin CEY1 of inst u_top_yolo/u_layer9/genblk1.gen_pages[1].pe_inst.u_pe_page/pe_col_inst[0].u_pe_col/pe_inst[0].u_pe/N3) has been disconnected.
I: Const net (pin RSTY of inst u_top_yolo/u_layer9/genblk1.gen_pages[1].pe_inst.u_pe_page/pe_col_inst[0].u_pe_col/pe_inst[0].u_pe/N3) has been disconnected.
I: Const net (pin CEM of inst u_top_yolo/u_layer9/genblk1.gen_pages[1].pe_inst.u_pe_page/pe_col_inst[0].u_pe_col/pe_inst[0].u_pe/N3) has been disconnected.
I: Const net (pin RSTM of inst u_top_yolo/u_layer9/genblk1.gen_pages[1].pe_inst.u_pe_page/pe_col_inst[0].u_pe_col/pe_inst[0].u_pe/N3) has been disconnected.
I: Const net (pin CEX1 of inst u_top_yolo/u_layer9/genblk1.gen_pages[1].pe_inst.u_pe_page/pe_col_inst[0].u_pe_col/pe_inst[0].u_pe_1/N3) has been disconnected.
I: Const net (pin RSTX of inst u_top_yolo/u_layer9/genblk1.gen_pages[1].pe_inst.u_pe_page/pe_col_inst[0].u_pe_col/pe_inst[0].u_pe_1/N3) has been disconnected.
I: Const net (pin CEY1 of inst u_top_yolo/u_layer9/genblk1.gen_pages[1].pe_inst.u_pe_page/pe_col_inst[0].u_pe_col/pe_inst[0].u_pe_1/N3) has been disconnected.
I: Const net (pin RSTY of inst u_top_yolo/u_layer9/genblk1.gen_pages[1].pe_inst.u_pe_page/pe_col_inst[0].u_pe_col/pe_inst[0].u_pe_1/N3) has been disconnected.
I: Const net (pin CEM of inst u_top_yolo/u_layer9/genblk1.gen_pages[1].pe_inst.u_pe_page/pe_col_inst[0].u_pe_col/pe_inst[0].u_pe_1/N3) has been disconnected.
I: Const net (pin RSTM of inst u_top_yolo/u_layer9/genblk1.gen_pages[1].pe_inst.u_pe_page/pe_col_inst[0].u_pe_col/pe_inst[0].u_pe_1/N3) has been disconnected.
I: Const net (pin CEX1 of inst u_top_yolo/u_layer9/genblk1.gen_pages[1].pe_inst.u_pe_page/pe_col_inst[0].u_pe_col/pe_inst[0].u_pe_2/N3) has been disconnected.
I: Const net (pin RSTX of inst u_top_yolo/u_layer9/genblk1.gen_pages[1].pe_inst.u_pe_page/pe_col_inst[0].u_pe_col/pe_inst[0].u_pe_2/N3) has been disconnected.
I: Const net (pin CEY1 of inst u_top_yolo/u_layer9/genblk1.gen_pages[1].pe_inst.u_pe_page/pe_col_inst[0].u_pe_col/pe_inst[0].u_pe_2/N3) has been disconnected.
I: Const net (pin RSTY of inst u_top_yolo/u_layer9/genblk1.gen_pages[1].pe_inst.u_pe_page/pe_col_inst[0].u_pe_col/pe_inst[0].u_pe_2/N3) has been disconnected.
I: Const net (pin CEM of inst u_top_yolo/u_layer9/genblk1.gen_pages[1].pe_inst.u_pe_page/pe_col_inst[0].u_pe_col/pe_inst[0].u_pe_2/N3) has been disconnected.
I: Const net (pin RSTM of inst u_top_yolo/u_layer9/genblk1.gen_pages[1].pe_inst.u_pe_page/pe_col_inst[0].u_pe_col/pe_inst[0].u_pe_2/N3) has been disconnected.
I: Const net (pin CEX1 of inst u_top_yolo/u_layer9/genblk1.gen_pages[1].pe_inst.u_pe_page/pe_col_inst[0].u_pe_col/pe_inst[0].u_pe_3/N3) has been disconnected.
I: Const net (pin RSTX of inst u_top_yolo/u_layer9/genblk1.gen_pages[1].pe_inst.u_pe_page/pe_col_inst[0].u_pe_col/pe_inst[0].u_pe_3/N3) has been disconnected.
I: Const net (pin CEY1 of inst u_top_yolo/u_layer9/genblk1.gen_pages[1].pe_inst.u_pe_page/pe_col_inst[0].u_pe_col/pe_inst[0].u_pe_3/N3) has been disconnected.
I: Const net (pin RSTY of inst u_top_yolo/u_layer9/genblk1.gen_pages[1].pe_inst.u_pe_page/pe_col_inst[0].u_pe_col/pe_inst[0].u_pe_3/N3) has been disconnected.
I: Const net (pin CEM of inst u_top_yolo/u_layer9/genblk1.gen_pages[1].pe_inst.u_pe_page/pe_col_inst[0].u_pe_col/pe_inst[0].u_pe_3/N3) has been disconnected.
I: Const net (pin RSTM of inst u_top_yolo/u_layer9/genblk1.gen_pages[1].pe_inst.u_pe_page/pe_col_inst[0].u_pe_col/pe_inst[0].u_pe_3/N3) has been disconnected.
I: Const net (pin CEX1 of inst u_top_yolo/u_layer9/genblk1.gen_pages[1].pe_inst.u_pe_page/pe_col_inst[0].u_pe_col/pe_inst[0].u_pe_4/N3) has been disconnected.
I: Const net (pin RSTX of inst u_top_yolo/u_layer9/genblk1.gen_pages[1].pe_inst.u_pe_page/pe_col_inst[0].u_pe_col/pe_inst[0].u_pe_4/N3) has been disconnected.
I: Const net (pin CEY1 of inst u_top_yolo/u_layer9/genblk1.gen_pages[1].pe_inst.u_pe_page/pe_col_inst[0].u_pe_col/pe_inst[0].u_pe_4/N3) has been disconnected.
I: Const net (pin RSTY of inst u_top_yolo/u_layer9/genblk1.gen_pages[1].pe_inst.u_pe_page/pe_col_inst[0].u_pe_col/pe_inst[0].u_pe_4/N3) has been disconnected.
I: Const net (pin CEM of inst u_top_yolo/u_layer9/genblk1.gen_pages[1].pe_inst.u_pe_page/pe_col_inst[0].u_pe_col/pe_inst[0].u_pe_4/N3) has been disconnected.
I: Const net (pin RSTM of inst u_top_yolo/u_layer9/genblk1.gen_pages[1].pe_inst.u_pe_page/pe_col_inst[0].u_pe_col/pe_inst[0].u_pe_4/N3) has been disconnected.
I: Const net (pin CEX1 of inst u_top_yolo/u_layer9/genblk1.gen_pages[1].pe_inst.u_pe_page/pe_col_inst[0].u_pe_col/pe_inst[0].u_pe_5/N3) has been disconnected.
I: Const net (pin RSTX of inst u_top_yolo/u_layer9/genblk1.gen_pages[1].pe_inst.u_pe_page/pe_col_inst[0].u_pe_col/pe_inst[0].u_pe_5/N3) has been disconnected.
I: Const net (pin CEY1 of inst u_top_yolo/u_layer9/genblk1.gen_pages[1].pe_inst.u_pe_page/pe_col_inst[0].u_pe_col/pe_inst[0].u_pe_5/N3) has been disconnected.
I: Const net (pin RSTY of inst u_top_yolo/u_layer9/genblk1.gen_pages[1].pe_inst.u_pe_page/pe_col_inst[0].u_pe_col/pe_inst[0].u_pe_5/N3) has been disconnected.
I: Const net (pin CEM of inst u_top_yolo/u_layer9/genblk1.gen_pages[1].pe_inst.u_pe_page/pe_col_inst[0].u_pe_col/pe_inst[0].u_pe_5/N3) has been disconnected.
I: Const net (pin RSTM of inst u_top_yolo/u_layer9/genblk1.gen_pages[1].pe_inst.u_pe_page/pe_col_inst[0].u_pe_col/pe_inst[0].u_pe_5/N3) has been disconnected.
I: Const net (pin CEX1 of inst u_top_yolo/u_layer9/genblk1.gen_pages[1].pe_inst.u_pe_page/pe_col_inst[0].u_pe_col/pe_inst[0].u_pe_6/N3) has been disconnected.
I: Const net (pin RSTX of inst u_top_yolo/u_layer9/genblk1.gen_pages[1].pe_inst.u_pe_page/pe_col_inst[0].u_pe_col/pe_inst[0].u_pe_6/N3) has been disconnected.
I: Const net (pin CEY1 of inst u_top_yolo/u_layer9/genblk1.gen_pages[1].pe_inst.u_pe_page/pe_col_inst[0].u_pe_col/pe_inst[0].u_pe_6/N3) has been disconnected.
I: Const net (pin RSTY of inst u_top_yolo/u_layer9/genblk1.gen_pages[1].pe_inst.u_pe_page/pe_col_inst[0].u_pe_col/pe_inst[0].u_pe_6/N3) has been disconnected.
I: Const net (pin CEM of inst u_top_yolo/u_layer9/genblk1.gen_pages[1].pe_inst.u_pe_page/pe_col_inst[0].u_pe_col/pe_inst[0].u_pe_6/N3) has been disconnected.
I: Const net (pin RSTM of inst u_top_yolo/u_layer9/genblk1.gen_pages[1].pe_inst.u_pe_page/pe_col_inst[0].u_pe_col/pe_inst[0].u_pe_6/N3) has been disconnected.
I: Const net (pin CEX1 of inst u_top_yolo/u_layer9/genblk1.gen_pages[1].pe_inst.u_pe_page/pe_col_inst[0].u_pe_col/pe_inst[0].u_pe_7/N3) has been disconnected.
I: Const net (pin RSTX of inst u_top_yolo/u_layer9/genblk1.gen_pages[1].pe_inst.u_pe_page/pe_col_inst[0].u_pe_col/pe_inst[0].u_pe_7/N3) has been disconnected.
I: Const net (pin CEY1 of inst u_top_yolo/u_layer9/genblk1.gen_pages[1].pe_inst.u_pe_page/pe_col_inst[0].u_pe_col/pe_inst[0].u_pe_7/N3) has been disconnected.
I: Const net (pin RSTY of inst u_top_yolo/u_layer9/genblk1.gen_pages[1].pe_inst.u_pe_page/pe_col_inst[0].u_pe_col/pe_inst[0].u_pe_7/N3) has been disconnected.
I: Const net (pin CEM of inst u_top_yolo/u_layer9/genblk1.gen_pages[1].pe_inst.u_pe_page/pe_col_inst[0].u_pe_col/pe_inst[0].u_pe_7/N3) has been disconnected.
I: Const net (pin RSTM of inst u_top_yolo/u_layer9/genblk1.gen_pages[1].pe_inst.u_pe_page/pe_col_inst[0].u_pe_col/pe_inst[0].u_pe_7/N3) has been disconnected.
I: Const net (pin CEX1 of inst u_top_yolo/u_layer9/genblk1.gen_pages[1].pe_inst.u_pe_page/pe_col_inst[0].u_pe_col/pe_inst[0].u_pe_8/N3) has been disconnected.
I: Const net (pin RSTX of inst u_top_yolo/u_layer9/genblk1.gen_pages[1].pe_inst.u_pe_page/pe_col_inst[0].u_pe_col/pe_inst[0].u_pe_8/N3) has been disconnected.
I: Const net (pin CEY1 of inst u_top_yolo/u_layer9/genblk1.gen_pages[1].pe_inst.u_pe_page/pe_col_inst[0].u_pe_col/pe_inst[0].u_pe_8/N3) has been disconnected.
I: Const net (pin RSTY of inst u_top_yolo/u_layer9/genblk1.gen_pages[1].pe_inst.u_pe_page/pe_col_inst[0].u_pe_col/pe_inst[0].u_pe_8/N3) has been disconnected.
I: Const net (pin CEM of inst u_top_yolo/u_layer9/genblk1.gen_pages[1].pe_inst.u_pe_page/pe_col_inst[0].u_pe_col/pe_inst[0].u_pe_8/N3) has been disconnected.
I: Const net (pin RSTM of inst u_top_yolo/u_layer9/genblk1.gen_pages[1].pe_inst.u_pe_page/pe_col_inst[0].u_pe_col/pe_inst[0].u_pe_8/N3) has been disconnected.
I: Const net (pin CEX1 of inst u_top_yolo/u_layer10/genblk1.gen_pages[0].pe_inst.u_pe_page/pe_col_inst[0].u_pe_col/pe_inst[0].u_pe/N3) has been disconnected.
I: Const net (pin RSTX of inst u_top_yolo/u_layer10/genblk1.gen_pages[0].pe_inst.u_pe_page/pe_col_inst[0].u_pe_col/pe_inst[0].u_pe/N3) has been disconnected.
I: Const net (pin CEY1 of inst u_top_yolo/u_layer10/genblk1.gen_pages[0].pe_inst.u_pe_page/pe_col_inst[0].u_pe_col/pe_inst[0].u_pe/N3) has been disconnected.
I: Const net (pin RSTY of inst u_top_yolo/u_layer10/genblk1.gen_pages[0].pe_inst.u_pe_page/pe_col_inst[0].u_pe_col/pe_inst[0].u_pe/N3) has been disconnected.
I: Const net (pin CEM of inst u_top_yolo/u_layer10/genblk1.gen_pages[0].pe_inst.u_pe_page/pe_col_inst[0].u_pe_col/pe_inst[0].u_pe/N3) has been disconnected.
I: Const net (pin RSTM of inst u_top_yolo/u_layer10/genblk1.gen_pages[0].pe_inst.u_pe_page/pe_col_inst[0].u_pe_col/pe_inst[0].u_pe/N3) has been disconnected.
I: Const net (pin CEP of inst u_top_yolo/u_layer10/genblk1.gen_pages[0].pe_inst.u_pe_page/pe_col_inst[0].u_pe_col/pe_inst[0].u_pe/N3) has been disconnected.
I: Const net (pin RSTP of inst u_top_yolo/u_layer10/genblk1.gen_pages[0].pe_inst.u_pe_page/pe_col_inst[0].u_pe_col/pe_inst[0].u_pe/N3) has been disconnected.
W: Public-4008: Instance 'u_box_overlay_sync/crop_rgb_out[0]' of 'GTP_DFF_CE' unit is dangling and will be cleaned.
W: Public-4008: Instance 'u_box_overlay_sync/crop_rgb_out[1]' of 'GTP_DFF_CE' unit is dangling and will be cleaned.
W: Public-4008: Instance 'u_box_overlay_sync/crop_rgb_out[2]' of 'GTP_DFF_CE' unit is dangling and will be cleaned.
W: Public-4008: Instance 'u_box_overlay_sync/crop_rgb_out[3]' of 'GTP_DFF_CE' unit is dangling and will be cleaned.
W: Public-4008: Instance 'u_box_overlay_sync/crop_rgb_out[4]' of 'GTP_DFF_CE' unit is dangling and will be cleaned.
W: Public-4008: Instance 'u_box_overlay_sync/crop_rgb_out[5]' of 'GTP_DFF_CE' unit is dangling and will be cleaned.
W: Public-4008: Instance 'u_box_overlay_sync/crop_rgb_out[6]' of 'GTP_DFF_CE' unit is dangling and will be cleaned.
W: Public-4008: Instance 'u_box_overlay_sync/crop_rgb_out[7]' of 'GTP_DFF_CE' unit is dangling and will be cleaned.
W: Public-4008: Instance 'u_box_overlay_sync/crop_rgb_out[8]' of 'GTP_DFF_CE' unit is dangling and will be cleaned.
W: Public-4008: Instance 'u_box_overlay_sync/crop_rgb_out[9]' of 'GTP_DFF_CE' unit is dangling and will be cleaned.
W: Public-4008: Instance 'u_box_overlay_sync/crop_rgb_out[10]' of 'GTP_DFF_CE' unit is dangling and will be cleaned.
W: Public-4008: Instance 'u_box_overlay_sync/crop_rgb_out[11]' of 'GTP_DFF_CE' unit is dangling and will be cleaned.
W: Public-4008: Instance 'u_box_overlay_sync/crop_rgb_out[12]' of 'GTP_DFF_CE' unit is dangling and will be cleaned.
W: Public-4008: Instance 'u_box_overlay_sync/crop_rgb_out[13]' of 'GTP_DFF_CE' unit is dangling and will be cleaned.
W: Public-4008: Instance 'u_box_overlay_sync/crop_rgb_out[14]' of 'GTP_DFF_CE' unit is dangling and will be cleaned.
W: Public-4008: Instance 'u_box_overlay_sync/crop_rgb_out[15]' of 'GTP_DFF_CE' unit is dangling and will be cleaned.
W: Public-4008: Instance 'u_box_overlay_sync/crop_rgb_out[16]' of 'GTP_DFF_CE' unit is dangling and will be cleaned.
W: Public-4008: Instance 'u_box_overlay_sync/crop_rgb_out[17]' of 'GTP_DFF_CE' unit is dangling and will be cleaned.
W: Public-4008: Instance 'u_box_overlay_sync/crop_rgb_out[18]' of 'GTP_DFF_CE' unit is dangling and will be cleaned.
W: Public-4008: Instance 'u_box_overlay_sync/crop_rgb_out[19]' of 'GTP_DFF_CE' unit is dangling and will be cleaned.
W: Public-4008: Instance 'u_box_overlay_sync/crop_rgb_out[20]' of 'GTP_DFF_CE' unit is dangling and will be cleaned.
W: Public-4008: Instance 'u_box_overlay_sync/crop_rgb_out[21]' of 'GTP_DFF_CE' unit is dangling and will be cleaned.
W: Public-4008: Instance 'u_box_overlay_sync/crop_rgb_out[22]' of 'GTP_DFF_CE' unit is dangling and will be cleaned.
W: Public-4008: Instance 'u_box_overlay_sync/crop_rgb_out[23]' of 'GTP_DFF_CE' unit is dangling and will be cleaned.
W: Public-4008: Instance 'u_box_overlay_sync/crop_rgb_out[24]' of 'GTP_DFF_CE' unit is dangling and will be cleaned.
W: Public-4008: Instance 'u_box_overlay_sync/crop_rgb_out[25]' of 'GTP_DFF_CE' unit is dangling and will be cleaned.
W: Public-4008: Instance 'u_box_overlay_sync/crop_rgb_out[26]' of 'GTP_DFF_CE' unit is dangling and will be cleaned.
W: Public-4008: Instance 'u_box_overlay_sync/crop_rgb_out[27]' of 'GTP_DFF_CE' unit is dangling and will be cleaned.
W: Public-4008: Instance 'u_box_overlay_sync/crop_rgb_out[28]' of 'GTP_DFF_CE' unit is dangling and will be cleaned.
W: Public-4008: Instance 'u_box_overlay_sync/crop_rgb_out[29]' of 'GTP_DFF_CE' unit is dangling and will be cleaned.
W: Public-4008: Instance 'u_box_overlay_sync/crop_rgb_out[30]' of 'GTP_DFF_CE' unit is dangling and will be cleaned.
W: Public-4008: Instance 'u_box_overlay_sync/crop_rgb_out[31]' of 'GTP_DFF_CE' unit is dangling and will be cleaned.
W: Public-4008: Instance 'u_box_overlay_sync/crop_rgb_out[32]' of 'GTP_DFF_CE' unit is dangling and will be cleaned.
W: Public-4008: Instance 'u_box_overlay_sync/crop_rgb_out[33]' of 'GTP_DFF_CE' unit is dangling and will be cleaned.
W: Public-4008: Instance 'u_box_overlay_sync/crop_rgb_out[34]' of 'GTP_DFF_CE' unit is dangling and will be cleaned.
W: Public-4008: Instance 'u_box_overlay_sync/crop_rgb_out[35]' of 'GTP_DFF_CE' unit is dangling and will be cleaned.
W: Public-4008: Instance 'u_box_overlay_sync/crop_rgb_out[36]' of 'GTP_DFF_CE' unit is dangling and will be cleaned.
W: Public-4008: Instance 'u_box_overlay_sync/crop_rgb_out[37]' of 'GTP_DFF_CE' unit is dangling and will be cleaned.
W: Public-4008: Instance 'u_box_overlay_sync/crop_rgb_out[38]' of 'GTP_DFF_CE' unit is dangling and will be cleaned.
W: Public-4008: Instance 'u_box_overlay_sync/crop_rgb_out[39]' of 'GTP_DFF_CE' unit is dangling and will be cleaned.
W: Public-4008: Instance 'u_box_overlay_sync/crop_rgb_out[40]' of 'GTP_DFF_CE' unit is dangling and will be cleaned.
W: Public-4008: Instance 'u_box_overlay_sync/crop_rgb_out[41]' of 'GTP_DFF_CE' unit is dangling and will be cleaned.
W: Public-4008: Instance 'u_box_overlay_sync/crop_rgb_out[42]' of 'GTP_DFF_CE' unit is dangling and will be cleaned.
W: Public-4008: Instance 'u_box_overlay_sync/crop_rgb_out[43]' of 'GTP_DFF_CE' unit is dangling and will be cleaned.
W: Public-4008: Instance 'u_box_overlay_sync/crop_rgb_out[44]' of 'GTP_DFF_CE' unit is dangling and will be cleaned.
W: Public-4008: Instance 'u_box_overlay_sync/crop_rgb_out[45]' of 'GTP_DFF_CE' unit is dangling and will be cleaned.
W: Public-4008: Instance 'u_box_overlay_sync/crop_rgb_out[46]' of 'GTP_DFF_CE' unit is dangling and will be cleaned.
W: Public-4008: Instance 'u_box_overlay_sync/crop_rgb_out[47]' of 'GTP_DFF_CE' unit is dangling and will be cleaned.
W: Public-4008: Instance 'u_box_overlay_sync/crop_rgb_out[48]' of 'GTP_DFF_CE' unit is dangling and will be cleaned.
W: Public-4008: Instance 'u_box_overlay_sync/crop_rgb_out[49]' of 'GTP_DFF_CE' unit is dangling and will be cleaned.
W: Public-4008: Instance 'u_box_overlay_sync/crop_rgb_out[50]' of 'GTP_DFF_CE' unit is dangling and will be cleaned.
W: Public-4008: Instance 'u_box_overlay_sync/crop_rgb_out[51]' of 'GTP_DFF_CE' unit is dangling and will be cleaned.
W: Public-4008: Instance 'u_box_overlay_sync/crop_rgb_out[52]' of 'GTP_DFF_CE' unit is dangling and will be cleaned.
W: Public-4008: Instance 'u_box_overlay_sync/crop_rgb_out[53]' of 'GTP_DFF_CE' unit is dangling and will be cleaned.
W: Public-4008: Instance 'u_box_overlay_sync/crop_rgb_out[54]' of 'GTP_DFF_CE' unit is dangling and will be cleaned.
W: Public-4008: Instance 'u_box_overlay_sync/crop_rgb_out[55]' of 'GTP_DFF_CE' unit is dangling and will be cleaned.
W: Public-4008: Instance 'u_box_overlay_sync/crop_rgb_out[56]' of 'GTP_DFF_CE' unit is dangling and will be cleaned.
W: Public-4008: Instance 'u_box_overlay_sync/crop_rgb_out[57]' of 'GTP_DFF_CE' unit is dangling and will be cleaned.
W: Public-4008: Instance 'u_box_overlay_sync/crop_rgb_out[58]' of 'GTP_DFF_CE' unit is dangling and will be cleaned.
W: Public-4008: Instance 'u_box_overlay_sync/crop_rgb_out[59]' of 'GTP_DFF_CE' unit is dangling and will be cleaned.
W: Public-4008: Instance 'u_box_overlay_sync/crop_rgb_out[60]' of 'GTP_DFF_CE' unit is dangling and will be cleaned.
W: Public-4008: Instance 'u_box_overlay_sync/crop_rgb_out[61]' of 'GTP_DFF_CE' unit is dangling and will be cleaned.
W: Public-4008: Instance 'u_box_overlay_sync/crop_rgb_out[62]' of 'GTP_DFF_CE' unit is dangling and will be cleaned.
W: Public-4008: Instance 'u_box_overlay_sync/crop_rgb_out[63]' of 'GTP_DFF_CE' unit is dangling and will be cleaned.
W: Public-4008: Instance 'u_box_overlay_sync/crop_rgb_out[64]' of 'GTP_DFF_CE' unit is dangling and will be cleaned.
W: Public-4008: Instance 'u_box_overlay_sync/crop_rgb_out[65]' of 'GTP_DFF_CE' unit is dangling and will be cleaned.
W: Public-4008: Instance 'u_box_overlay_sync/crop_rgb_out[66]' of 'GTP_DFF_CE' unit is dangling and will be cleaned.
W: Public-4008: Instance 'u_box_overlay_sync/crop_rgb_out[67]' of 'GTP_DFF_CE' unit is dangling and will be cleaned.
W: Public-4008: Instance 'u_box_overlay_sync/crop_rgb_out[68]' of 'GTP_DFF_CE' unit is dangling and will be cleaned.
W: Public-4008: Instance 'u_box_overlay_sync/crop_rgb_out[69]' of 'GTP_DFF_CE' unit is dangling and will be cleaned.
W: Public-4008: Instance 'u_box_overlay_sync/crop_rgb_out[70]' of 'GTP_DFF_CE' unit is dangling and will be cleaned.
W: Public-4008: Instance 'u_box_overlay_sync/crop_rgb_out[71]' of 'GTP_DFF_CE' unit is dangling and will be cleaned.
W: Public-4008: Instance 'u_box_overlay_sync/crop_rgb_out[72]' of 'GTP_DFF_CE' unit is dangling and will be cleaned.
W: Public-4008: Instance 'u_box_overlay_sync/crop_rgb_out[73]' of 'GTP_DFF_CE' unit is dangling and will be cleaned.
W: Public-4008: Instance 'u_box_overlay_sync/crop_rgb_out[74]' of 'GTP_DFF_CE' unit is dangling and will be cleaned.
W: Public-4008: Instance 'u_box_overlay_sync/crop_rgb_out[75]' of 'GTP_DFF_CE' unit is dangling and will be cleaned.
W: Public-4008: Instance 'u_box_overlay_sync/crop_rgb_out[76]' of 'GTP_DFF_CE' unit is dangling and will be cleaned.
W: Public-4008: Instance 'u_box_overlay_sync/crop_rgb_out[77]' of 'GTP_DFF_CE' unit is dangling and will be cleaned.
W: Public-4008: Instance 'u_box_overlay_sync/crop_rgb_out[78]' of 'GTP_DFF_CE' unit is dangling and will be cleaned.
W: Public-4008: Instance 'u_box_overlay_sync/crop_rgb_out[79]' of 'GTP_DFF_CE' unit is dangling and will be cleaned.
W: Public-4008: Instance 'u_box_overlay_sync/crop_rgb_out[80]' of 'GTP_DFF_CE' unit is dangling and will be cleaned.
W: Public-4008: Instance 'u_box_overlay_sync/crop_rgb_out[81]' of 'GTP_DFF_CE' unit is dangling and will be cleaned.
W: Public-4008: Instance 'u_box_overlay_sync/crop_rgb_out[82]' of 'GTP_DFF_CE' unit is dangling and will be cleaned.
W: Public-4008: Instance 'u_box_overlay_sync/crop_rgb_out[83]' of 'GTP_DFF_CE' unit is dangling and will be cleaned.
W: Public-4008: Instance 'u_box_overlay_sync/crop_rgb_out[84]' of 'GTP_DFF_CE' unit is dangling and will be cleaned.
W: Public-4008: Instance 'u_box_overlay_sync/crop_rgb_out[85]' of 'GTP_DFF_CE' unit is dangling and will be cleaned.
W: Public-4008: Instance 'u_box_overlay_sync/crop_rgb_out[86]' of 'GTP_DFF_CE' unit is dangling and will be cleaned.
W: Public-4008: Instance 'u_box_overlay_sync/crop_rgb_out[87]' of 'GTP_DFF_CE' unit is dangling and will be cleaned.
W: Public-4008: Instance 'u_box_overlay_sync/crop_rgb_out[88]' of 'GTP_DFF_CE' unit is dangling and will be cleaned.
W: Public-4008: Instance 'u_box_overlay_sync/crop_rgb_out[89]' of 'GTP_DFF_CE' unit is dangling and will be cleaned.
W: Public-4008: Instance 'u_box_overlay_sync/crop_rgb_out[90]' of 'GTP_DFF_CE' unit is dangling and will be cleaned.
W: Public-4008: Instance 'u_box_overlay_sync/crop_rgb_out[91]' of 'GTP_DFF_CE' unit is dangling and will be cleaned.
W: Public-4008: Instance 'u_box_overlay_sync/crop_rgb_out[92]' of 'GTP_DFF_CE' unit is dangling and will be cleaned.
W: Public-4008: Instance 'u_box_overlay_sync/crop_rgb_out[93]' of 'GTP_DFF_CE' unit is dangling and will be cleaned.
W: Public-4008: Instance 'u_box_overlay_sync/crop_rgb_out[94]' of 'GTP_DFF_CE' unit is dangling and will be cleaned.
W: Public-4008: Instance 'u_box_overlay_sync/crop_rgb_out[95]' of 'GTP_DFF_CE' unit is dangling and will be cleaned.
W: Public-4008: Instance 'u_box_overlay_sync/crop_rgb_out[96]' of 'GTP_DFF_CE' unit is dangling and will be cleaned.
W: Public-4008: Instance 'u_box_overlay_sync/crop_rgb_out[97]' of 'GTP_DFF_CE' unit is dangling and will be cleaned.
W: Public-4008: Instance 'u_box_overlay_sync/crop_rgb_out[98]' of 'GTP_DFF_CE' unit is dangling and will be cleaned.
W: Public-4008: Instance 'u_box_overlay_sync/crop_rgb_out[99]' of 'GTP_DFF_CE' unit is dangling and will be cleaned.
W: Public-4008: Instance 'u_box_overlay_sync/crop_rgb_out[100]' of 'GTP_DFF_CE' unit is dangling and will be cleaned.
W: Public-4008: Instance 'u_box_overlay_sync/crop_rgb_out[101]' of 'GTP_DFF_CE' unit is dangling and will be cleaned.
W: Public-4008: Instance 'u_box_overlay_sync/crop_rgb_out[102]' of 'GTP_DFF_CE' unit is dangling and will be cleaned.
W: Public-4008: Instance 'u_box_overlay_sync/crop_rgb_out[103]' of 'GTP_DFF_CE' unit is dangling and will be cleaned.
W: Public-4008: Instance 'u_box_overlay_sync/crop_rgb_out[104]' of 'GTP_DFF_CE' unit is dangling and will be cleaned.
W: Public-4008: Instance 'u_box_overlay_sync/crop_rgb_out[105]' of 'GTP_DFF_CE' unit is dangling and will be cleaned.
W: Public-4008: Instance 'u_box_overlay_sync/crop_rgb_out[106]' of 'GTP_DFF_CE' unit is dangling and will be cleaned.
W: Public-4008: Instance 'u_box_overlay_sync/crop_rgb_out[107]' of 'GTP_DFF_CE' unit is dangling and will be cleaned.
W: Public-4008: Instance 'u_box_overlay_sync/crop_rgb_out[108]' of 'GTP_DFF_CE' unit is dangling and will be cleaned.
W: Public-4008: Instance 'u_box_overlay_sync/crop_rgb_out[109]' of 'GTP_DFF_CE' unit is dangling and will be cleaned.
W: Public-4008: Instance 'u_box_overlay_sync/crop_rgb_out[110]' of 'GTP_DFF_CE' unit is dangling and will be cleaned.
W: Public-4008: Instance 'u_box_overlay_sync/crop_rgb_out[111]' of 'GTP_DFF_CE' unit is dangling and will be cleaned.
W: Public-4008: Instance 'u_box_overlay_sync/crop_rgb_out[112]' of 'GTP_DFF_CE' unit is dangling and will be cleaned.
W: Public-4008: Instance 'u_box_overlay_sync/crop_rgb_out[113]' of 'GTP_DFF_CE' unit is dangling and will be cleaned.
W: Public-4008: Instance 'u_box_overlay_sync/crop_rgb_out[114]' of 'GTP_DFF_CE' unit is dangling and will be cleaned.
W: Public-4008: Instance 'u_box_overlay_sync/crop_rgb_out[115]' of 'GTP_DFF_CE' unit is dangling and will be cleaned.
W: Public-4008: Instance 'u_box_overlay_sync/crop_rgb_out[116]' of 'GTP_DFF_CE' unit is dangling and will be cleaned.
W: Public-4008: Instance 'u_box_overlay_sync/crop_rgb_out[117]' of 'GTP_DFF_CE' unit is dangling and will be cleaned.
W: Public-4008: Instance 'u_box_overlay_sync/crop_rgb_out[118]' of 'GTP_DFF_CE' unit is dangling and will be cleaned.
W: Public-4008: Instance 'u_box_overlay_sync/crop_rgb_out[119]' of 'GTP_DFF_CE' unit is dangling and will be cleaned.
W: Public-4008: Instance 'u_box_overlay_sync/crop_rgb_out[120]' of 'GTP_DFF_CE' unit is dangling and will be cleaned.
W: Public-4008: Instance 'u_box_overlay_sync/crop_rgb_out[121]' of 'GTP_DFF_CE' unit is dangling and will be cleaned.
W: Public-4008: Instance 'u_box_overlay_sync/crop_rgb_out[122]' of 'GTP_DFF_CE' unit is dangling and will be cleaned.
W: Public-4008: Instance 'u_box_overlay_sync/crop_rgb_out[123]' of 'GTP_DFF_CE' unit is dangling and will be cleaned.
W: Public-4008: Instance 'u_box_overlay_sync/crop_rgb_out[124]' of 'GTP_DFF_CE' unit is dangling and will be cleaned.
W: Public-4008: Instance 'u_box_overlay_sync/crop_rgb_out[125]' of 'GTP_DFF_CE' unit is dangling and will be cleaned.
W: Public-4008: Instance 'u_box_overlay_sync/crop_rgb_out[126]' of 'GTP_DFF_CE' unit is dangling and will be cleaned.
W: Public-4008: Instance 'u_box_overlay_sync/crop_rgb_out[127]' of 'GTP_DFF_CE' unit is dangling and will be cleaned.
W: Public-4008: Instance 'u_box_overlay_sync/crop_rgb_out[128]' of 'GTP_DFF_CE' unit is dangling and will be cleaned.
W: Public-4008: Instance 'u_box_overlay_sync/crop_rgb_out[129]' of 'GTP_DFF_CE' unit is dangling and will be cleaned.
W: Public-4008: Instance 'u_box_overlay_sync/crop_rgb_out[130]' of 'GTP_DFF_CE' unit is dangling and will be cleaned.
W: Public-4008: Instance 'u_box_overlay_sync/crop_rgb_out[131]' of 'GTP_DFF_CE' unit is dangling and will be cleaned.
W: Public-4008: Instance 'u_box_overlay_sync/crop_rgb_out[132]' of 'GTP_DFF_CE' unit is dangling and will be cleaned.
W: Public-4008: Instance 'u_box_overlay_sync/crop_rgb_out[133]' of 'GTP_DFF_CE' unit is dangling and will be cleaned.
W: Public-4008: Instance 'u_box_overlay_sync/crop_rgb_out[134]' of 'GTP_DFF_CE' unit is dangling and will be cleaned.
W: Public-4008: Instance 'u_box_overlay_sync/crop_rgb_out[135]' of 'GTP_DFF_CE' unit is dangling and will be cleaned.
W: Public-4008: Instance 'u_box_overlay_sync/crop_rgb_out[136]' of 'GTP_DFF_CE' unit is dangling and will be cleaned.
W: Public-4008: Instance 'u_box_overlay_sync/crop_rgb_out[137]' of 'GTP_DFF_CE' unit is dangling and will be cleaned.
W: Public-4008: Instance 'u_box_overlay_sync/crop_rgb_out[138]' of 'GTP_DFF_CE' unit is dangling and will be cleaned.
W: Public-4008: Instance 'u_box_overlay_sync/crop_rgb_out[139]' of 'GTP_DFF_CE' unit is dangling and will be cleaned.
W: Public-4008: Instance 'u_box_overlay_sync/crop_rgb_out[140]' of 'GTP_DFF_CE' unit is dangling and will be cleaned.
W: Public-4008: Instance 'u_box_overlay_sync/crop_rgb_out[141]' of 'GTP_DFF_CE' unit is dangling and will be cleaned.
W: Public-4008: Instance 'u_box_overlay_sync/crop_rgb_out[142]' of 'GTP_DFF_CE' unit is dangling and will be cleaned.
W: Public-4008: Instance 'u_box_overlay_sync/crop_rgb_out[143]' of 'GTP_DFF_CE' unit is dangling and will be cleaned.
W: Public-4008: Instance 'u_box_overlay_sync/crop_rgb_out[144]' of 'GTP_DFF_CE' unit is dangling and will be cleaned.
W: Public-4008: Instance 'u_box_overlay_sync/crop_rgb_out[145]' of 'GTP_DFF_CE' unit is dangling and will be cleaned.
W: Public-4008: Instance 'u_box_overlay_sync/crop_rgb_out[146]' of 'GTP_DFF_CE' unit is dangling and will be cleaned.
W: Public-4008: Instance 'u_box_overlay_sync/crop_rgb_out[147]' of 'GTP_DFF_CE' unit is dangling and will be cleaned.
W: Public-4008: Instance 'u_box_overlay_sync/crop_rgb_out[148]' of 'GTP_DFF_CE' unit is dangling and will be cleaned.
W: Public-4008: Instance 'u_box_overlay_sync/crop_rgb_out[149]' of 'GTP_DFF_CE' unit is dangling and will be cleaned.
W: Public-4008: Instance 'u_box_overlay_sync/crop_rgb_out[150]' of 'GTP_DFF_CE' unit is dangling and will be cleaned.
W: Public-4008: Instance 'u_box_overlay_sync/crop_rgb_out[151]' of 'GTP_DFF_CE' unit is dangling and will be cleaned.
W: Public-4008: Instance 'u_box_overlay_sync/crop_rgb_out[152]' of 'GTP_DFF_CE' unit is dangling and will be cleaned.
W: Public-4008: Instance 'u_box_overlay_sync/crop_rgb_out[153]' of 'GTP_DFF_CE' unit is dangling and will be cleaned.
W: Public-4008: Instance 'u_box_overlay_sync/crop_rgb_out[154]' of 'GTP_DFF_CE' unit is dangling and will be cleaned.
W: Public-4008: Instance 'u_box_overlay_sync/crop_rgb_out[155]' of 'GTP_DFF_CE' unit is dangling and will be cleaned.
W: Public-4008: Instance 'u_box_overlay_sync/crop_rgb_out[156]' of 'GTP_DFF_CE' unit is dangling and will be cleaned.
W: Public-4008: Instance 'u_box_overlay_sync/crop_rgb_out[157]' of 'GTP_DFF_CE' unit is dangling and will be cleaned.
W: Public-4008: Instance 'u_box_overlay_sync/crop_rgb_out[158]' of 'GTP_DFF_CE' unit is dangling and will be cleaned.
W: Public-4008: Instance 'u_box_overlay_sync/crop_rgb_out[159]' of 'GTP_DFF_CE' unit is dangling and will be cleaned.
W: Public-4008: Instance 'u_box_overlay_sync/crop_rgb_out[160]' of 'GTP_DFF_CE' unit is dangling and will be cleaned.
W: Public-4008: Instance 'u_box_overlay_sync/crop_rgb_out[161]' of 'GTP_DFF_CE' unit is dangling and will be cleaned.
W: Public-4008: Instance 'u_box_overlay_sync/crop_rgb_out[162]' of 'GTP_DFF_CE' unit is dangling and will be cleaned.
W: Public-4008: Instance 'u_box_overlay_sync/crop_rgb_out[163]' of 'GTP_DFF_CE' unit is dangling and will be cleaned.
W: Public-4008: Instance 'u_box_overlay_sync/crop_rgb_out[164]' of 'GTP_DFF_CE' unit is dangling and will be cleaned.
W: Public-4008: Instance 'u_box_overlay_sync/crop_rgb_out[165]' of 'GTP_DFF_CE' unit is dangling and will be cleaned.
W: Public-4008: Instance 'u_box_overlay_sync/crop_rgb_out[166]' of 'GTP_DFF_CE' unit is dangling and will be cleaned.
W: Public-4008: Instance 'u_box_overlay_sync/crop_rgb_out[167]' of 'GTP_DFF_CE' unit is dangling and will be cleaned.
W: Public-4008: Instance 'u_box_overlay_sync/crop_rgb_out[168]' of 'GTP_DFF_CE' unit is dangling and will be cleaned.
W: Public-4008: Instance 'u_box_overlay_sync/crop_rgb_out[169]' of 'GTP_DFF_CE' unit is dangling and will be cleaned.
W: Public-4008: Instance 'u_box_overlay_sync/crop_rgb_out[170]' of 'GTP_DFF_CE' unit is dangling and will be cleaned.
W: Public-4008: Instance 'u_box_overlay_sync/crop_rgb_out[171]' of 'GTP_DFF_CE' unit is dangling and will be cleaned.
W: Public-4008: Instance 'u_box_overlay_sync/crop_rgb_out[172]' of 'GTP_DFF_CE' unit is dangling and will be cleaned.
W: Public-4008: Instance 'u_box_overlay_sync/crop_rgb_out[173]' of 'GTP_DFF_CE' unit is dangling and will be cleaned.
W: Public-4008: Instance 'u_box_overlay_sync/crop_rgb_out[174]' of 'GTP_DFF_CE' unit is dangling and will be cleaned.
W: Public-4008: Instance 'u_box_overlay_sync/crop_rgb_out[175]' of 'GTP_DFF_CE' unit is dangling and will be cleaned.
W: Public-4008: Instance 'u_box_overlay_sync/crop_rgb_out[176]' of 'GTP_DFF_CE' unit is dangling and will be cleaned.
W: Public-4008: Instance 'u_box_overlay_sync/crop_rgb_out[177]' of 'GTP_DFF_CE' unit is dangling and will be cleaned.
W: Public-4008: Instance 'u_box_overlay_sync/crop_rgb_out[178]' of 'GTP_DFF_CE' unit is dangling and will be cleaned.
W: Public-4008: Instance 'u_box_overlay_sync/crop_rgb_out[179]' of 'GTP_DFF_CE' unit is dangling and will be cleaned.
W: Public-4008: Instance 'u_box_overlay_sync/crop_rgb_out[180]' of 'GTP_DFF_CE' unit is dangling and will be cleaned.
W: Public-4008: Instance 'u_box_overlay_sync/crop_rgb_out[181]' of 'GTP_DFF_CE' unit is dangling and will be cleaned.
W: Public-4008: Instance 'u_box_overlay_sync/crop_rgb_out[182]' of 'GTP_DFF_CE' unit is dangling and will be cleaned.
W: Public-4008: Instance 'u_box_overlay_sync/crop_rgb_out[183]' of 'GTP_DFF_CE' unit is dangling and will be cleaned.
W: Public-4008: Instance 'u_box_overlay_sync/crop_rgb_out[184]' of 'GTP_DFF_CE' unit is dangling and will be cleaned.
W: Public-4008: Instance 'u_box_overlay_sync/crop_rgb_out[185]' of 'GTP_DFF_CE' unit is dangling and will be cleaned.
W: Public-4008: Instance 'u_box_overlay_sync/crop_rgb_out[186]' of 'GTP_DFF_CE' unit is dangling and will be cleaned.
W: Public-4008: Instance 'u_box_overlay_sync/crop_rgb_out[187]' of 'GTP_DFF_CE' unit is dangling and will be cleaned.
W: Public-4008: Instance 'u_box_overlay_sync/crop_rgb_out[188]' of 'GTP_DFF_CE' unit is dangling and will be cleaned.
W: Public-4008: Instance 'u_box_overlay_sync/crop_rgb_out[189]' of 'GTP_DFF_CE' unit is dangling and will be cleaned.
W: Public-4008: Instance 'u_box_overlay_sync/crop_rgb_out[190]' of 'GTP_DFF_CE' unit is dangling and will be cleaned.
W: Public-4008: Instance 'u_box_overlay_sync/crop_rgb_out[191]' of 'GTP_DFF_CE' unit is dangling and will be cleaned.
W: Public-4008: Instance 'u_box_overlay_sync/crop_wr_en[0]' of 'GTP_DFF_C' unit is dangling and will be cleaned.
W: Public-4008: Instance 'u_box_overlay_sync/crop_wr_en[1]' of 'GTP_DFF_C' unit is dangling and will be cleaned.
W: Public-4008: Instance 'u_box_overlay_sync/crop_wr_en[2]' of 'GTP_DFF_C' unit is dangling and will be cleaned.
W: Public-4008: Instance 'u_box_overlay_sync/crop_wr_en[3]' of 'GTP_DFF_C' unit is dangling and will be cleaned.
W: Public-4008: Instance 'u_box_overlay_sync/crop_wr_en[4]' of 'GTP_DFF_C' unit is dangling and will be cleaned.
W: Public-4008: Instance 'u_box_overlay_sync/crop_wr_en[5]' of 'GTP_DFF_C' unit is dangling and will be cleaned.
W: Public-4008: Instance 'u_box_overlay_sync/crop_wr_en[6]' of 'GTP_DFF_C' unit is dangling and will be cleaned.
W: Public-4008: Instance 'u_box_overlay_sync/crop_wr_en[7]' of 'GTP_DFF_C' unit is dangling and will be cleaned.
W: Public-4008: Instance 'u_box_overlay_sync/curr_rgb_left[0]' of 'GTP_DFF_CE' unit is dangling and will be cleaned.
W: Public-4008: Instance 'u_box_overlay_sync/curr_rgb_left[1]' of 'GTP_DFF_CE' unit is dangling and will be cleaned.
W: Public-4008: Instance 'u_box_overlay_sync/curr_rgb_left[2]' of 'GTP_DFF_CE' unit is dangling and will be cleaned.
W: Public-4008: Instance 'u_box_overlay_sync/curr_rgb_left[3]' of 'GTP_DFF_CE' unit is dangling and will be cleaned.
W: Public-4008: Instance 'u_box_overlay_sync/curr_rgb_left[4]' of 'GTP_DFF_CE' unit is dangling and will be cleaned.
W: Public-4008: Instance 'u_box_overlay_sync/curr_rgb_left[8]' of 'GTP_DFF_CE' unit is dangling and will be cleaned.
W: Public-4008: Instance 'u_box_overlay_sync/curr_rgb_left[9]' of 'GTP_DFF_CE' unit is dangling and will be cleaned.
W: Public-4008: Instance 'u_box_overlay_sync/curr_rgb_left[10]' of 'GTP_DFF_CE' unit is dangling and will be cleaned.
W: Public-4008: Instance 'u_box_overlay_sync/curr_rgb_left[11]' of 'GTP_DFF_CE' unit is dangling and will be cleaned.
W: Public-4008: Instance 'u_box_overlay_sync/curr_rgb_left[12]' of 'GTP_DFF_CE' unit is dangling and will be cleaned.
W: Public-4008: Instance 'u_box_overlay_sync/curr_rgb_left[13]' of 'GTP_DFF_CE' unit is dangling and will be cleaned.
W: Public-4008: Instance 'u_box_overlay_sync/curr_rgb_left[16]' of 'GTP_DFF_CE' unit is dangling and will be cleaned.
W: Public-4008: Instance 'u_box_overlay_sync/curr_rgb_left[17]' of 'GTP_DFF_CE' unit is dangling and will be cleaned.
W: Public-4008: Instance 'u_box_overlay_sync/curr_rgb_left[18]' of 'GTP_DFF_CE' unit is dangling and will be cleaned.
W: Public-4008: Instance 'u_box_overlay_sync/curr_rgb_left[19]' of 'GTP_DFF_CE' unit is dangling and will be cleaned.
W: Public-4008: Instance 'u_box_overlay_sync/curr_rgb_left[20]' of 'GTP_DFF_CE' unit is dangling and will be cleaned.
W: Public-4008: Instance 'u_box_overlay_sync/gen_crop_fifo[0].interp_valid_s1' of 'GTP_DFF_C' unit is dangling and will be cleaned.
W: Public-4008: Instance 'u_box_overlay_sync/gen_crop_fifo[0].interp_valid_s2' of 'GTP_DFF_C' unit is dangling and will be cleaned.
W: Public-4008: Instance 'u_box_overlay_sync/gen_crop_fifo[1].interp_valid_s1' of 'GTP_DFF_C' unit is dangling and will be cleaned.
W: Public-4008: Instance 'u_box_overlay_sync/gen_crop_fifo[1].interp_valid_s2' of 'GTP_DFF_C' unit is dangling and will be cleaned.
W: Public-4008: Instance 'u_box_overlay_sync/gen_crop_fifo[2].interp_valid_s1' of 'GTP_DFF_C' unit is dangling and will be cleaned.
W: Public-4008: Instance 'u_box_overlay_sync/gen_crop_fifo[2].interp_valid_s2' of 'GTP_DFF_C' unit is dangling and will be cleaned.
W: Public-4008: Instance 'u_box_overlay_sync/gen_crop_fifo[3].interp_valid_s1' of 'GTP_DFF_C' unit is dangling and will be cleaned.
W: Public-4008: Instance 'u_box_overlay_sync/gen_crop_fifo[3].interp_valid_s2' of 'GTP_DFF_C' unit is dangling and will be cleaned.
W: Public-4008: Instance 'u_box_overlay_sync/gen_crop_fifo[4].interp_valid_s1' of 'GTP_DFF_C' unit is dangling and will be cleaned.
W: Public-4008: Instance 'u_box_overlay_sync/gen_crop_fifo[4].interp_valid_s2' of 'GTP_DFF_C' unit is dangling and will be cleaned.
W: Public-4008: Instance 'u_box_overlay_sync/gen_crop_fifo[5].interp_valid_s1' of 'GTP_DFF_C' unit is dangling and will be cleaned.
W: Public-4008: Instance 'u_box_overlay_sync/gen_crop_fifo[5].interp_valid_s2' of 'GTP_DFF_C' unit is dangling and will be cleaned.
W: Public-4008: Instance 'u_box_overlay_sync/gen_crop_fifo[6].interp_valid_s1' of 'GTP_DFF_C' unit is dangling and will be cleaned.
W: Public-4008: Instance 'u_box_overlay_sync/gen_crop_fifo[6].interp_valid_s2' of 'GTP_DFF_C' unit is dangling and will be cleaned.
W: Public-4008: Instance 'u_box_overlay_sync/gen_crop_fifo[7].interp_valid_s1' of 'GTP_DFF_C' unit is dangling and will be cleaned.
W: Public-4008: Instance 'u_box_overlay_sync/gen_crop_fifo[7].interp_valid_s2' of 'GTP_DFF_C' unit is dangling and will be cleaned.
W: Public-4008: Instance 'u_box_overlay_sync/line_buf[1279][0]' of 'GTP_DFF_E' unit is dangling and will be cleaned.
W: Public-4008: Instance 'u_box_overlay_sync/line_buf[1279][1]' of 'GTP_DFF_E' unit is dangling and will be cleaned.
W: Public-4008: Instance 'u_box_overlay_sync/line_buf[1279][2]' of 'GTP_DFF_E' unit is dangling and will be cleaned.
W: Public-4008: Instance 'u_box_overlay_sync/line_buf[1279][3]' of 'GTP_DFF_E' unit is dangling and will be cleaned.
W: Public-4008: Instance 'u_box_overlay_sync/line_buf[1279][4]' of 'GTP_DFF_E' unit is dangling and will be cleaned.
W: Public-4008: Instance 'u_box_overlay_sync/line_buf[1279][8]' of 'GTP_DFF_E' unit is dangling and will be cleaned.
W: Public-4008: Instance 'u_box_overlay_sync/line_buf[1279][9]' of 'GTP_DFF_E' unit is dangling and will be cleaned.
W: Public-4008: Instance 'u_box_overlay_sync/line_buf[1279][10]' of 'GTP_DFF_E' unit is dangling and will be cleaned.
W: Public-4008: Instance 'u_box_overlay_sync/line_buf[1279][11]' of 'GTP_DFF_E' unit is dangling and will be cleaned.
W: Public-4008: Instance 'u_box_overlay_sync/line_buf[1279][12]' of 'GTP_DFF_E' unit is dangling and will be cleaned.
W: Public-4008: Instance 'u_box_overlay_sync/line_buf[1279][13]' of 'GTP_DFF_E' unit is dangling and will be cleaned.
W: Public-4008: Instance 'u_box_overlay_sync/line_buf[1279][16]' of 'GTP_DFF_E' unit is dangling and will be cleaned.
W: Public-4008: Instance 'u_box_overlay_sync/line_buf[1279][17]' of 'GTP_DFF_E' unit is dangling and will be cleaned.
W: Public-4008: Instance 'u_box_overlay_sync/line_buf[1279][18]' of 'GTP_DFF_E' unit is dangling and will be cleaned.
W: Public-4008: Instance 'u_box_overlay_sync/line_buf[1279][19]' of 'GTP_DFF_E' unit is dangling and will be cleaned.
W: Public-4008: Instance 'u_box_overlay_sync/line_buf[1279][20]' of 'GTP_DFF_E' unit is dangling and will be cleaned.
W: Public-4008: Instance 'u_box_overlay_sync/prev_row_left[0]' of 'GTP_DFF_CE' unit is dangling and will be cleaned.
W: Public-4008: Instance 'u_box_overlay_sync/prev_row_left[1]' of 'GTP_DFF_CE' unit is dangling and will be cleaned.
W: Public-4008: Instance 'u_box_overlay_sync/prev_row_left[2]' of 'GTP_DFF_CE' unit is dangling and will be cleaned.
W: Public-4008: Instance 'u_box_overlay_sync/prev_row_left[3]' of 'GTP_DFF_CE' unit is dangling and will be cleaned.
W: Public-4008: Instance 'u_box_overlay_sync/prev_row_left[4]' of 'GTP_DFF_CE' unit is dangling and will be cleaned.
W: Public-4008: Instance 'u_box_overlay_sync/prev_row_left[8]' of 'GTP_DFF_CE' unit is dangling and will be cleaned.
W: Public-4008: Instance 'u_box_overlay_sync/prev_row_left[9]' of 'GTP_DFF_CE' unit is dangling and will be cleaned.
W: Public-4008: Instance 'u_box_overlay_sync/prev_row_left[10]' of 'GTP_DFF_CE' unit is dangling and will be cleaned.
W: Public-4008: Instance 'u_box_overlay_sync/prev_row_left[11]' of 'GTP_DFF_CE' unit is dangling and will be cleaned.
W: Public-4008: Instance 'u_box_overlay_sync/prev_row_left[12]' of 'GTP_DFF_CE' unit is dangling and will be cleaned.
W: Public-4008: Instance 'u_box_overlay_sync/prev_row_left[13]' of 'GTP_DFF_CE' unit is dangling and will be cleaned.
W: Public-4008: Instance 'u_box_overlay_sync/prev_row_left[16]' of 'GTP_DFF_CE' unit is dangling and will be cleaned.
W: Public-4008: Instance 'u_box_overlay_sync/prev_row_left[17]' of 'GTP_DFF_CE' unit is dangling and will be cleaned.
W: Public-4008: Instance 'u_box_overlay_sync/prev_row_left[18]' of 'GTP_DFF_CE' unit is dangling and will be cleaned.
W: Public-4008: Instance 'u_box_overlay_sync/prev_row_left[19]' of 'GTP_DFF_CE' unit is dangling and will be cleaned.
W: Public-4008: Instance 'u_box_overlay_sync/prev_row_left[20]' of 'GTP_DFF_CE' unit is dangling and will be cleaned.
W: Public-4008: Instance 'u_crop_buffer_manager/data_out[0]' of 'GTP_DFF_CE' unit is dangling and will be cleaned.
W: Public-4008: Instance 'u_crop_buffer_manager/data_out[1]' of 'GTP_DFF_CE' unit is dangling and will be cleaned.
W: Public-4008: Instance 'u_crop_buffer_manager/data_out[2]' of 'GTP_DFF_CE' unit is dangling and will be cleaned.
W: Public-4008: Instance 'u_crop_buffer_manager/data_out[3]' of 'GTP_DFF_CE' unit is dangling and will be cleaned.
W: Public-4008: Instance 'u_crop_buffer_manager/data_out[4]' of 'GTP_DFF_CE' unit is dangling and will be cleaned.
W: Public-4008: Instance 'u_crop_buffer_manager/data_out[5]' of 'GTP_DFF_CE' unit is dangling and will be cleaned.
W: Public-4008: Instance 'u_crop_buffer_manager/data_out[6]' of 'GTP_DFF_CE' unit is dangling and will be cleaned.
W: Public-4008: Instance 'u_crop_buffer_manager/data_out[7]' of 'GTP_DFF_CE' unit is dangling and will be cleaned.
W: Public-4008: Instance 'u_crop_buffer_manager/data_out[8]' of 'GTP_DFF_CE' unit is dangling and will be cleaned.
W: Public-4008: Instance 'u_crop_buffer_manager/data_out[9]' of 'GTP_DFF_CE' unit is dangling and will be cleaned.
W: Public-4008: Instance 'u_crop_buffer_manager/data_out[10]' of 'GTP_DFF_CE' unit is dangling and will be cleaned.
W: Public-4008: Instance 'u_crop_buffer_manager/data_out[11]' of 'GTP_DFF_CE' unit is dangling and will be cleaned.
W: Public-4008: Instance 'u_crop_buffer_manager/data_out[12]' of 'GTP_DFF_CE' unit is dangling and will be cleaned.
W: Public-4008: Instance 'u_crop_buffer_manager/data_out[13]' of 'GTP_DFF_CE' unit is dangling and will be cleaned.
W: Public-4008: Instance 'u_crop_buffer_manager/data_out[14]' of 'GTP_DFF_CE' unit is dangling and will be cleaned.
W: Public-4008: Instance 'u_crop_buffer_manager/data_out[15]' of 'GTP_DFF_CE' unit is dangling and will be cleaned.
W: Public-4008: Instance 'u_crop_buffer_manager/data_out[16]' of 'GTP_DFF_CE' unit is dangling and will be cleaned.
W: Public-4008: Instance 'u_crop_buffer_manager/data_out[17]' of 'GTP_DFF_CE' unit is dangling and will be cleaned.
W: Public-4008: Instance 'u_crop_buffer_manager/data_out[18]' of 'GTP_DFF_CE' unit is dangling and will be cleaned.
W: Public-4008: Instance 'u_crop_buffer_manager/data_out[19]' of 'GTP_DFF_CE' unit is dangling and will be cleaned.
W: Public-4008: Instance 'u_crop_buffer_manager/data_out[20]' of 'GTP_DFF_CE' unit is dangling and will be cleaned.
W: Public-4008: Instance 'u_crop_buffer_manager/data_out[21]' of 'GTP_DFF_CE' unit is dangling and will be cleaned.
W: Public-4008: Instance 'u_crop_buffer_manager/data_out[22]' of 'GTP_DFF_CE' unit is dangling and will be cleaned.
W: Public-4008: Instance 'u_crop_buffer_manager/data_out[23]' of 'GTP_DFF_CE' unit is dangling and will be cleaned.
W: Public-4008: Instance 'u_crop_buffer_manager/data_valid' of 'GTP_DFF_C' unit is dangling and will be cleaned.
W: Public-4008: Instance 'u_crop_buffer_manager/rd_en_d1' of 'GTP_DFF_C' unit is dangling and will be cleaned.
W: Public-4008: Instance 'ms72xx_ctl/U1_ms7200_ctl/freq_rec[0]' of 'GTP_DFF_RE' unit is dangling and will be cleaned.
W: Public-4008: Instance 'ms72xx_ctl/U1_ms7200_ctl/freq_rec[1]' of 'GTP_DFF_RE' unit is dangling and will be cleaned.
W: Public-4008: Instance 'ms72xx_ctl/U1_ms7200_ctl/freq_rec_1d[0]' of 'GTP_DFF' unit is dangling and will be cleaned.
W: Public-4008: Instance 'ms72xx_ctl/U1_ms7200_ctl/freq_rec_1d[1]' of 'GTP_DFF' unit is dangling and will be cleaned.
W: Public-4008: Instance 'ms72xx_ctl/U1_ms7200_ctl/freq_rec_1d[2]' of 'GTP_DFF' unit is dangling and will be cleaned.
W: Public-4008: Instance 'ms72xx_ctl/U1_ms7200_ctl/freq_rec_1d[3]' of 'GTP_DFF' unit is dangling and will be cleaned.
W: Public-4008: Instance 'ms72xx_ctl/U1_ms7200_ctl/freq_rec_1d[4]' of 'GTP_DFF' unit is dangling and will be cleaned.
W: Public-4008: Instance 'ms72xx_ctl/U1_ms7200_ctl/freq_rec_1d[5]' of 'GTP_DFF' unit is dangling and will be cleaned.
W: Public-4008: Instance 'ms72xx_ctl/U1_ms7200_ctl/freq_rec_1d[6]' of 'GTP_DFF' unit is dangling and will be cleaned.
W: Public-4008: Instance 'ms72xx_ctl/U1_ms7200_ctl/freq_rec_1d[7]' of 'GTP_DFF' unit is dangling and will be cleaned.
W: Public-4008: Instance 'ms72xx_ctl/U1_ms7200_ctl/freq_rec_1d[8]' of 'GTP_DFF' unit is dangling and will be cleaned.
W: Public-4008: Instance 'ms72xx_ctl/U1_ms7200_ctl/freq_rec_1d[9]' of 'GTP_DFF' unit is dangling and will be cleaned.
W: Public-4008: Instance 'ms72xx_ctl/U1_ms7200_ctl/freq_rec_1d[10]' of 'GTP_DFF' unit is dangling and will be cleaned.
W: Public-4008: Instance 'ms72xx_ctl/U1_ms7200_ctl/freq_rec_1d[11]' of 'GTP_DFF' unit is dangling and will be cleaned.
W: Public-4008: Instance 'ms72xx_ctl/U1_ms7200_ctl/freq_rec_1d[12]' of 'GTP_DFF' unit is dangling and will be cleaned.
W: Public-4008: Instance 'ms72xx_ctl/U1_ms7200_ctl/freq_rec_1d[13]' of 'GTP_DFF' unit is dangling and will be cleaned.
W: Public-4008: Instance 'ms72xx_ctl/U1_ms7200_ctl/freq_rec_1d[14]' of 'GTP_DFF' unit is dangling and will be cleaned.
W: Public-4008: Instance 'ms72xx_ctl/U1_ms7200_ctl/freq_rec_1d[15]' of 'GTP_DFF' unit is dangling and will be cleaned.
W: Public-4008: Instance 'ms72xx_ctl/U1_ms7200_ctl/freq_rec_1d[18]' of 'GTP_DFF' unit is dangling and will be cleaned.
W: Public-4008: Instance 'ms72xx_ctl/U1_ms7200_ctl/freq_rec_1d[19]' of 'GTP_DFF' unit is dangling and will be cleaned.
W: Public-4008: Instance 'ms72xx_ctl/U1_ms7200_ctl/freq_rec_1d[20]' of 'GTP_DFF' unit is dangling and will be cleaned.
W: Public-4008: Instance 'ms72xx_ctl/U1_ms7200_ctl/freq_rec_1d[21]' of 'GTP_DFF' unit is dangling and will be cleaned.
W: Public-4008: Instance 'ms72xx_ctl/U1_ms7200_ctl/freq_rec_1d[22]' of 'GTP_DFF' unit is dangling and will be cleaned.
W: Public-4008: Instance 'ms72xx_ctl/U1_ms7200_ctl/freq_rec_1d[23]' of 'GTP_DFF' unit is dangling and will be cleaned.
W: Public-4008: Instance 'ms72xx_ctl/U1_ms7200_ctl/freq_rec_1d[24]' of 'GTP_DFF' unit is dangling and will be cleaned.
W: Public-4008: Instance 'ms72xx_ctl/U1_ms7200_ctl/freq_rec_1d[25]' of 'GTP_DFF' unit is dangling and will be cleaned.
W: Public-4008: Instance 'ms72xx_ctl/U1_ms7200_ctl/freq_rec_1d[26]' of 'GTP_DFF' unit is dangling and will be cleaned.
W: Public-4008: Instance 'ms72xx_ctl/U1_ms7200_ctl/freq_rec_1d[27]' of 'GTP_DFF' unit is dangling and will be cleaned.
W: Public-4008: Instance 'ms72xx_ctl/U1_ms7200_ctl/freq_rec_1d[28]' of 'GTP_DFF' unit is dangling and will be cleaned.
W: Public-4008: Instance 'ms72xx_ctl/U1_ms7200_ctl/freq_rec_1d[29]' of 'GTP_DFF' unit is dangling and will be cleaned.
W: Public-4008: Instance 'ms72xx_ctl/U1_ms7200_ctl/freq_rec_1d[30]' of 'GTP_DFF' unit is dangling and will be cleaned.
W: Public-4008: Instance 'ms72xx_ctl/U1_ms7200_ctl/freq_rec_1d[31]' of 'GTP_DFF' unit is dangling and will be cleaned.
W: Public-4008: Instance 'ms72xx_ctl/U1_ms7200_ctl/freq_rec[2]' of 'GTP_DFF_RE' unit is dangling and will be cleaned.
W: Public-4008: Instance 'ms72xx_ctl/U1_ms7200_ctl/freq_rec_2d[0]' of 'GTP_DFF_E' unit is dangling and will be cleaned.
W: Public-4008: Instance 'ms72xx_ctl/U1_ms7200_ctl/freq_rec_2d[1]' of 'GTP_DFF_E' unit is dangling and will be cleaned.
W: Public-4008: Instance 'ms72xx_ctl/U1_ms7200_ctl/freq_rec_2d[2]' of 'GTP_DFF_E' unit is dangling and will be cleaned.
W: Public-4008: Instance 'ms72xx_ctl/U1_ms7200_ctl/freq_rec_2d[3]' of 'GTP_DFF_E' unit is dangling and will be cleaned.
W: Public-4008: Instance 'ms72xx_ctl/U1_ms7200_ctl/freq_rec_2d[4]' of 'GTP_DFF_E' unit is dangling and will be cleaned.
W: Public-4008: Instance 'ms72xx_ctl/U1_ms7200_ctl/freq_rec_2d[5]' of 'GTP_DFF_E' unit is dangling and will be cleaned.
W: Public-4008: Instance 'ms72xx_ctl/U1_ms7200_ctl/freq_rec_2d[6]' of 'GTP_DFF_E' unit is dangling and will be cleaned.
W: Public-4008: Instance 'ms72xx_ctl/U1_ms7200_ctl/freq_rec_2d[7]' of 'GTP_DFF_E' unit is dangling and will be cleaned.
W: Public-4008: Instance 'ms72xx_ctl/U1_ms7200_ctl/freq_rec_2d[8]' of 'GTP_DFF_E' unit is dangling and will be cleaned.
W: Public-4008: Instance 'ms72xx_ctl/U1_ms7200_ctl/freq_rec_2d[9]' of 'GTP_DFF_E' unit is dangling and will be cleaned.
W: Public-4008: Instance 'ms72xx_ctl/U1_ms7200_ctl/freq_rec_2d[10]' of 'GTP_DFF_E' unit is dangling and will be cleaned.
W: Public-4008: Instance 'ms72xx_ctl/U1_ms7200_ctl/freq_rec_2d[11]' of 'GTP_DFF_E' unit is dangling and will be cleaned.
W: Public-4008: Instance 'ms72xx_ctl/U1_ms7200_ctl/freq_rec_2d[12]' of 'GTP_DFF_E' unit is dangling and will be cleaned.
W: Public-4008: Instance 'ms72xx_ctl/U1_ms7200_ctl/freq_rec_2d[13]' of 'GTP_DFF_E' unit is dangling and will be cleaned.
W: Public-4008: Instance 'ms72xx_ctl/U1_ms7200_ctl/freq_rec_2d[14]' of 'GTP_DFF_E' unit is dangling and will be cleaned.
W: Public-4008: Instance 'ms72xx_ctl/U1_ms7200_ctl/freq_rec_2d[15]' of 'GTP_DFF_E' unit is dangling and will be cleaned.
W: Public-4008: Instance 'ms72xx_ctl/U1_ms7200_ctl/freq_rec_2d[18]' of 'GTP_DFF_E' unit is dangling and will be cleaned.
W: Public-4008: Instance 'ms72xx_ctl/U1_ms7200_ctl/freq_rec_2d[19]' of 'GTP_DFF_E' unit is dangling and will be cleaned.
W: Public-4008: Instance 'ms72xx_ctl/U1_ms7200_ctl/freq_rec_2d[20]' of 'GTP_DFF_E' unit is dangling and will be cleaned.
W: Public-4008: Instance 'ms72xx_ctl/U1_ms7200_ctl/freq_rec_2d[21]' of 'GTP_DFF_E' unit is dangling and will be cleaned.
W: Public-4008: Instance 'ms72xx_ctl/U1_ms7200_ctl/freq_rec_2d[22]' of 'GTP_DFF_E' unit is dangling and will be cleaned.
W: Public-4008: Instance 'ms72xx_ctl/U1_ms7200_ctl/freq_rec_2d[23]' of 'GTP_DFF_E' unit is dangling and will be cleaned.
W: Public-4008: Instance 'ms72xx_ctl/U1_ms7200_ctl/freq_rec_2d[24]' of 'GTP_DFF_E' unit is dangling and will be cleaned.
W: Public-4008: Instance 'ms72xx_ctl/U1_ms7200_ctl/freq_rec_2d[25]' of 'GTP_DFF_E' unit is dangling and will be cleaned.
W: Public-4008: Instance 'ms72xx_ctl/U1_ms7200_ctl/freq_rec_2d[26]' of 'GTP_DFF_E' unit is dangling and will be cleaned.
W: Public-4008: Instance 'ms72xx_ctl/U1_ms7200_ctl/freq_rec_2d[27]' of 'GTP_DFF_E' unit is dangling and will be cleaned.
W: Public-4008: Instance 'ms72xx_ctl/U1_ms7200_ctl/freq_rec_2d[28]' of 'GTP_DFF_E' unit is dangling and will be cleaned.
W: Public-4008: Instance 'ms72xx_ctl/U1_ms7200_ctl/freq_rec_2d[29]' of 'GTP_DFF_E' unit is dangling and will be cleaned.
W: Public-4008: Instance 'ms72xx_ctl/U1_ms7200_ctl/freq_rec_2d[30]' of 'GTP_DFF_E' unit is dangling and will be cleaned.
W: Public-4008: Instance 'ms72xx_ctl/U1_ms7200_ctl/freq_rec_2d[31]' of 'GTP_DFF_E' unit is dangling and will be cleaned.
W: Public-4008: Instance 'ms72xx_ctl/U1_ms7200_ctl/freq_rec[3]' of 'GTP_DFF_RE' unit is dangling and will be cleaned.
W: Public-4008: Instance 'ms72xx_ctl/U1_ms7200_ctl/freq_rec[4]' of 'GTP_DFF_RE' unit is dangling and will be cleaned.
W: Public-4008: Instance 'ms72xx_ctl/U1_ms7200_ctl/freq_rec[5]' of 'GTP_DFF_RE' unit is dangling and will be cleaned.
W: Public-4008: Instance 'ms72xx_ctl/U1_ms7200_ctl/freq_rec[6]' of 'GTP_DFF_RE' unit is dangling and will be cleaned.
W: Public-4008: Instance 'ms72xx_ctl/U1_ms7200_ctl/freq_rec[7]' of 'GTP_DFF_RE' unit is dangling and will be cleaned.
W: Public-4008: Instance 'ms72xx_ctl/U1_ms7200_ctl/freq_rec[8]' of 'GTP_DFF_RE' unit is dangling and will be cleaned.
W: Public-4008: Instance 'ms72xx_ctl/U1_ms7200_ctl/freq_rec[9]' of 'GTP_DFF_RE' unit is dangling and will be cleaned.
W: Public-4008: Instance 'ms72xx_ctl/U1_ms7200_ctl/freq_rec[10]' of 'GTP_DFF_RE' unit is dangling and will be cleaned.
W: Public-4008: Instance 'ms72xx_ctl/U1_ms7200_ctl/freq_rec[11]' of 'GTP_DFF_RE' unit is dangling and will be cleaned.
W: Public-4008: Instance 'ms72xx_ctl/U1_ms7200_ctl/freq_rec[12]' of 'GTP_DFF_RE' unit is dangling and will be cleaned.
W: Public-4008: Instance 'ms72xx_ctl/U1_ms7200_ctl/freq_rec[13]' of 'GTP_DFF_RE' unit is dangling and will be cleaned.
W: Public-4008: Instance 'ms72xx_ctl/U1_ms7200_ctl/freq_rec[14]' of 'GTP_DFF_RE' unit is dangling and will be cleaned.
W: Public-4008: Instance 'ms72xx_ctl/U1_ms7200_ctl/freq_rec[15]' of 'GTP_DFF_RE' unit is dangling and will be cleaned.
W: Public-4008: Instance 'ms72xx_ctl/U1_ms7200_ctl/freq_rec[18]' of 'GTP_DFF_RE' unit is dangling and will be cleaned.
W: Public-4008: Instance 'ms72xx_ctl/U1_ms7200_ctl/freq_rec[19]' of 'GTP_DFF_RE' unit is dangling and will be cleaned.
W: Public-4008: Instance 'ms72xx_ctl/U1_ms7200_ctl/freq_rec[20]' of 'GTP_DFF_RE' unit is dangling and will be cleaned.
W: Public-4008: Instance 'ms72xx_ctl/U1_ms7200_ctl/freq_rec[21]' of 'GTP_DFF_RE' unit is dangling and will be cleaned.
W: Public-4008: Instance 'ms72xx_ctl/U1_ms7200_ctl/freq_rec[22]' of 'GTP_DFF_RE' unit is dangling and will be cleaned.
W: Public-4008: Instance 'ms72xx_ctl/U1_ms7200_ctl/freq_rec[23]' of 'GTP_DFF_RE' unit is dangling and will be cleaned.
W: Public-4008: Instance 'ms72xx_ctl/U1_ms7200_ctl/freq_rec[24]' of 'GTP_DFF_RE' unit is dangling and will be cleaned.
W: Public-4008: Instance 'ms72xx_ctl/U1_ms7200_ctl/freq_rec[25]' of 'GTP_DFF_RE' unit is dangling and will be cleaned.
W: Public-4008: Instance 'ms72xx_ctl/U1_ms7200_ctl/freq_rec[26]' of 'GTP_DFF_RE' unit is dangling and will be cleaned.
W: Public-4008: Instance 'ms72xx_ctl/U1_ms7200_ctl/freq_rec[27]' of 'GTP_DFF_RE' unit is dangling and will be cleaned.
W: Public-4008: Instance 'ms72xx_ctl/U1_ms7200_ctl/freq_rec[28]' of 'GTP_DFF_RE' unit is dangling and will be cleaned.
W: Public-4008: Instance 'ms72xx_ctl/U1_ms7200_ctl/freq_rec[29]' of 'GTP_DFF_RE' unit is dangling and will be cleaned.
W: Public-4008: Instance 'ms72xx_ctl/U1_ms7200_ctl/freq_rec[30]' of 'GTP_DFF_RE' unit is dangling and will be cleaned.
W: Public-4008: Instance 'ms72xx_ctl/U1_ms7200_ctl/freq_rec[31]' of 'GTP_DFF_RE' unit is dangling and will be cleaned.
W: Public-4008: Instance 'u_crop_buffer_manager/gen_box_fifos[0].u_crop_fifo/rd_ptr[0]' of 'GTP_DFF_CE' unit is dangling and will be cleaned.
W: Public-4008: Instance 'u_crop_buffer_manager/gen_box_fifos[0].u_crop_fifo/rd_ptr[1]' of 'GTP_DFF_CE' unit is dangling and will be cleaned.
W: Public-4008: Instance 'u_crop_buffer_manager/gen_box_fifos[0].u_crop_fifo/rd_ptr[2]' of 'GTP_DFF_CE' unit is dangling and will be cleaned.
W: Public-4008: Instance 'u_crop_buffer_manager/gen_box_fifos[0].u_crop_fifo/rd_ptr[3]' of 'GTP_DFF_CE' unit is dangling and will be cleaned.
W: Public-4008: Instance 'u_crop_buffer_manager/gen_box_fifos[0].u_crop_fifo/rd_ptr[4]' of 'GTP_DFF_CE' unit is dangling and will be cleaned.
W: Public-4008: Instance 'u_crop_buffer_manager/gen_box_fifos[0].u_crop_fifo/rd_ptr[5]' of 'GTP_DFF_CE' unit is dangling and will be cleaned.
W: Public-4008: Instance 'u_crop_buffer_manager/gen_box_fifos[0].u_crop_fifo/rd_ptr[6]' of 'GTP_DFF_CE' unit is dangling and will be cleaned.
W: Public-4008: Instance 'u_crop_buffer_manager/gen_box_fifos[0].u_crop_fifo/rd_ptr[7]' of 'GTP_DFF_CE' unit is dangling and will be cleaned.
W: Public-4008: Instance 'u_crop_buffer_manager/gen_box_fifos[0].u_crop_fifo/rd_ptr[8]' of 'GTP_DFF_CE' unit is dangling and will be cleaned.
W: Public-4008: Instance 'u_crop_buffer_manager/gen_box_fifos[0].u_crop_fifo/rd_ptr[9]' of 'GTP_DFF_CE' unit is dangling and will be cleaned.
W: Public-4008: Instance 'u_crop_buffer_manager/gen_box_fifos[0].u_crop_fifo/rd_ptr[10]' of 'GTP_DFF_CE' unit is dangling and will be cleaned.
W: Public-4008: Instance 'u_crop_buffer_manager/gen_box_fifos[0].u_crop_fifo/rd_ptr[11]' of 'GTP_DFF_CE' unit is dangling and will be cleaned.
W: Public-4008: Instance 'u_crop_buffer_manager/gen_box_fifos[0].u_crop_fifo/rd_ptr_gray_sync1[0]' of 'GTP_DFF_C' unit is dangling and will be cleaned.
W: Public-4008: Instance 'u_crop_buffer_manager/gen_box_fifos[0].u_crop_fifo/rd_ptr_gray_sync1[1]' of 'GTP_DFF_C' unit is dangling and will be cleaned.
W: Public-4008: Instance 'u_crop_buffer_manager/gen_box_fifos[0].u_crop_fifo/rd_ptr_gray_sync1[2]' of 'GTP_DFF_C' unit is dangling and will be cleaned.
W: Public-4008: Instance 'u_crop_buffer_manager/gen_box_fifos[0].u_crop_fifo/rd_ptr_gray_sync1[3]' of 'GTP_DFF_C' unit is dangling and will be cleaned.
W: Public-4008: Instance 'u_crop_buffer_manager/gen_box_fifos[0].u_crop_fifo/rd_ptr_gray_sync1[4]' of 'GTP_DFF_C' unit is dangling and will be cleaned.
W: Public-4008: Instance 'u_crop_buffer_manager/gen_box_fifos[0].u_crop_fifo/rd_ptr_gray_sync1[5]' of 'GTP_DFF_C' unit is dangling and will be cleaned.
W: Public-4008: Instance 'u_crop_buffer_manager/gen_box_fifos[0].u_crop_fifo/rd_ptr_gray_sync1[6]' of 'GTP_DFF_C' unit is dangling and will be cleaned.
W: Public-4008: Instance 'u_crop_buffer_manager/gen_box_fifos[0].u_crop_fifo/rd_ptr_gray_sync1[7]' of 'GTP_DFF_C' unit is dangling and will be cleaned.
W: Public-4008: Instance 'u_crop_buffer_manager/gen_box_fifos[0].u_crop_fifo/rd_ptr_gray_sync1[8]' of 'GTP_DFF_C' unit is dangling and will be cleaned.
W: Public-4008: Instance 'u_crop_buffer_manager/gen_box_fifos[0].u_crop_fifo/rd_ptr_gray_sync1[9]' of 'GTP_DFF_C' unit is dangling and will be cleaned.
W: Public-4008: Instance 'u_crop_buffer_manager/gen_box_fifos[0].u_crop_fifo/rd_ptr_gray_sync1[10]' of 'GTP_DFF_C' unit is dangling and will be cleaned.
W: Public-4008: Instance 'u_crop_buffer_manager/gen_box_fifos[0].u_crop_fifo/rd_ptr_gray_sync1[11]' of 'GTP_DFF_C' unit is dangling and will be cleaned.
W: Public-4008: Instance 'u_crop_buffer_manager/gen_box_fifos[0].u_crop_fifo/rd_ptr_gray_sync2[0]' of 'GTP_DFF_C' unit is dangling and will be cleaned.
W: Public-4008: Instance 'u_crop_buffer_manager/gen_box_fifos[0].u_crop_fifo/rd_ptr_gray_sync2[1]' of 'GTP_DFF_C' unit is dangling and will be cleaned.
W: Public-4008: Instance 'u_crop_buffer_manager/gen_box_fifos[0].u_crop_fifo/rd_ptr_gray_sync2[2]' of 'GTP_DFF_C' unit is dangling and will be cleaned.
W: Public-4008: Instance 'u_crop_buffer_manager/gen_box_fifos[0].u_crop_fifo/rd_ptr_gray_sync2[3]' of 'GTP_DFF_C' unit is dangling and will be cleaned.
W: Public-4008: Instance 'u_crop_buffer_manager/gen_box_fifos[0].u_crop_fifo/rd_ptr_gray_sync2[4]' of 'GTP_DFF_C' unit is dangling and will be cleaned.
W: Public-4008: Instance 'u_crop_buffer_manager/gen_box_fifos[0].u_crop_fifo/rd_ptr_gray_sync2[5]' of 'GTP_DFF_C' unit is dangling and will be cleaned.
W: Public-4008: Instance 'u_crop_buffer_manager/gen_box_fifos[0].u_crop_fifo/rd_ptr_gray_sync2[6]' of 'GTP_DFF_C' unit is dangling and will be cleaned.
W: Public-4008: Instance 'u_crop_buffer_manager/gen_box_fifos[0].u_crop_fifo/rd_ptr_gray_sync2[7]' of 'GTP_DFF_C' unit is dangling and will be cleaned.
W: Public-4008: Instance 'u_crop_buffer_manager/gen_box_fifos[0].u_crop_fifo/rd_ptr_gray_sync2[8]' of 'GTP_DFF_C' unit is dangling and will be cleaned.
W: Public-4008: Instance 'u_crop_buffer_manager/gen_box_fifos[0].u_crop_fifo/rd_ptr_gray_sync2[9]' of 'GTP_DFF_C' unit is dangling and will be cleaned.
W: Public-4008: Instance 'u_crop_buffer_manager/gen_box_fifos[0].u_crop_fifo/rd_ptr_gray_sync2[10]' of 'GTP_DFF_C' unit is dangling and will be cleaned.
W: Public-4008: Instance 'u_crop_buffer_manager/gen_box_fifos[0].u_crop_fifo/rd_ptr_gray_sync2[11]' of 'GTP_DFF_C' unit is dangling and will be cleaned.
W: Public-4008: Instance 'u_crop_buffer_manager/gen_box_fifos[0].u_crop_fifo/wr_ptr[0]' of 'GTP_DFF_CE' unit is dangling and will be cleaned.
W: Public-4008: Instance 'u_crop_buffer_manager/gen_box_fifos[0].u_crop_fifo/wr_ptr[1]' of 'GTP_DFF_CE' unit is dangling and will be cleaned.
W: Public-4008: Instance 'u_crop_buffer_manager/gen_box_fifos[0].u_crop_fifo/wr_ptr[2]' of 'GTP_DFF_CE' unit is dangling and will be cleaned.
W: Public-4008: Instance 'u_crop_buffer_manager/gen_box_fifos[0].u_crop_fifo/wr_ptr[3]' of 'GTP_DFF_CE' unit is dangling and will be cleaned.
W: Public-4008: Instance 'u_crop_buffer_manager/gen_box_fifos[0].u_crop_fifo/wr_ptr[4]' of 'GTP_DFF_CE' unit is dangling and will be cleaned.
W: Public-4008: Instance 'u_crop_buffer_manager/gen_box_fifos[0].u_crop_fifo/wr_ptr[5]' of 'GTP_DFF_CE' unit is dangling and will be cleaned.
W: Public-4008: Instance 'u_crop_buffer_manager/gen_box_fifos[0].u_crop_fifo/wr_ptr[6]' of 'GTP_DFF_CE' unit is dangling and will be cleaned.
W: Public-4008: Instance 'u_crop_buffer_manager/gen_box_fifos[0].u_crop_fifo/wr_ptr[7]' of 'GTP_DFF_CE' unit is dangling and will be cleaned.
W: Public-4008: Instance 'u_crop_buffer_manager/gen_box_fifos[0].u_crop_fifo/wr_ptr[8]' of 'GTP_DFF_CE' unit is dangling and will be cleaned.
W: Public-4008: Instance 'u_crop_buffer_manager/gen_box_fifos[0].u_crop_fifo/wr_ptr[9]' of 'GTP_DFF_CE' unit is dangling and will be cleaned.
W: Public-4008: Instance 'u_crop_buffer_manager/gen_box_fifos[0].u_crop_fifo/wr_ptr[10]' of 'GTP_DFF_CE' unit is dangling and will be cleaned.
W: Public-4008: Instance 'u_crop_buffer_manager/gen_box_fifos[0].u_crop_fifo/wr_ptr[11]' of 'GTP_DFF_CE' unit is dangling and will be cleaned.
W: Public-4008: Instance 'u_crop_buffer_manager/gen_box_fifos[0].u_crop_fifo/wr_ptr_gray_sync1[0]' of 'GTP_DFF_C' unit is dangling and will be cleaned.
W: Public-4008: Instance 'u_crop_buffer_manager/gen_box_fifos[0].u_crop_fifo/wr_ptr_gray_sync1[1]' of 'GTP_DFF_C' unit is dangling and will be cleaned.
W: Public-4008: Instance 'u_crop_buffer_manager/gen_box_fifos[0].u_crop_fifo/wr_ptr_gray_sync1[2]' of 'GTP_DFF_C' unit is dangling and will be cleaned.
W: Public-4008: Instance 'u_crop_buffer_manager/gen_box_fifos[0].u_crop_fifo/wr_ptr_gray_sync1[3]' of 'GTP_DFF_C' unit is dangling and will be cleaned.
W: Public-4008: Instance 'u_crop_buffer_manager/gen_box_fifos[0].u_crop_fifo/wr_ptr_gray_sync1[4]' of 'GTP_DFF_C' unit is dangling and will be cleaned.
W: Public-4008: Instance 'u_crop_buffer_manager/gen_box_fifos[0].u_crop_fifo/wr_ptr_gray_sync1[5]' of 'GTP_DFF_C' unit is dangling and will be cleaned.
W: Public-4008: Instance 'u_crop_buffer_manager/gen_box_fifos[0].u_crop_fifo/wr_ptr_gray_sync1[6]' of 'GTP_DFF_C' unit is dangling and will be cleaned.
W: Public-4008: Instance 'u_crop_buffer_manager/gen_box_fifos[0].u_crop_fifo/wr_ptr_gray_sync1[7]' of 'GTP_DFF_C' unit is dangling and will be cleaned.
W: Public-4008: Instance 'u_crop_buffer_manager/gen_box_fifos[0].u_crop_fifo/wr_ptr_gray_sync1[8]' of 'GTP_DFF_C' unit is dangling and will be cleaned.
W: Public-4008: Instance 'u_crop_buffer_manager/gen_box_fifos[0].u_crop_fifo/wr_ptr_gray_sync1[9]' of 'GTP_DFF_C' unit is dangling and will be cleaned.
W: Public-4008: Instance 'u_crop_buffer_manager/gen_box_fifos[0].u_crop_fifo/wr_ptr_gray_sync1[10]' of 'GTP_DFF_C' unit is dangling and will be cleaned.
W: Public-4008: Instance 'u_crop_buffer_manager/gen_box_fifos[0].u_crop_fifo/wr_ptr_gray_sync1[11]' of 'GTP_DFF_C' unit is dangling and will be cleaned.
W: Public-4008: Instance 'u_crop_buffer_manager/gen_box_fifos[0].u_crop_fifo/wr_ptr_gray_sync2[0]' of 'GTP_DFF_C' unit is dangling and will be cleaned.
W: Public-4008: Instance 'u_crop_buffer_manager/gen_box_fifos[0].u_crop_fifo/wr_ptr_gray_sync2[1]' of 'GTP_DFF_C' unit is dangling and will be cleaned.
W: Public-4008: Instance 'u_crop_buffer_manager/gen_box_fifos[0].u_crop_fifo/wr_ptr_gray_sync2[2]' of 'GTP_DFF_C' unit is dangling and will be cleaned.
W: Public-4008: Instance 'u_crop_buffer_manager/gen_box_fifos[0].u_crop_fifo/wr_ptr_gray_sync2[3]' of 'GTP_DFF_C' unit is dangling and will be cleaned.
W: Public-4008: Instance 'u_crop_buffer_manager/gen_box_fifos[0].u_crop_fifo/wr_ptr_gray_sync2[4]' of 'GTP_DFF_C' unit is dangling and will be cleaned.
W: Public-4008: Instance 'u_crop_buffer_manager/gen_box_fifos[0].u_crop_fifo/wr_ptr_gray_sync2[5]' of 'GTP_DFF_C' unit is dangling and will be cleaned.
W: Public-4008: Instance 'u_crop_buffer_manager/gen_box_fifos[0].u_crop_fifo/wr_ptr_gray_sync2[6]' of 'GTP_DFF_C' unit is dangling and will be cleaned.
W: Public-4008: Instance 'u_crop_buffer_manager/gen_box_fifos[0].u_crop_fifo/wr_ptr_gray_sync2[7]' of 'GTP_DFF_C' unit is dangling and will be cleaned.
W: Public-4008: Instance 'u_crop_buffer_manager/gen_box_fifos[0].u_crop_fifo/wr_ptr_gray_sync2[8]' of 'GTP_DFF_C' unit is dangling and will be cleaned.
W: Public-4008: Instance 'u_crop_buffer_manager/gen_box_fifos[0].u_crop_fifo/wr_ptr_gray_sync2[9]' of 'GTP_DFF_C' unit is dangling and will be cleaned.
W: Public-4008: Instance 'u_crop_buffer_manager/gen_box_fifos[0].u_crop_fifo/wr_ptr_gray_sync2[10]' of 'GTP_DFF_C' unit is dangling and will be cleaned.
W: Public-4008: Instance 'u_crop_buffer_manager/gen_box_fifos[0].u_crop_fifo/wr_ptr_gray_sync2[11]' of 'GTP_DFF_C' unit is dangling and will be cleaned.
W: Public-4008: Instance 'u_crop_buffer_manager/gen_box_fifos[1].u_crop_fifo/rd_ptr[0]' of 'GTP_DFF_CE' unit is dangling and will be cleaned.
W: Public-4008: Instance 'u_crop_buffer_manager/gen_box_fifos[1].u_crop_fifo/rd_ptr[1]' of 'GTP_DFF_CE' unit is dangling and will be cleaned.
W: Public-4008: Instance 'u_crop_buffer_manager/gen_box_fifos[1].u_crop_fifo/rd_ptr[2]' of 'GTP_DFF_CE' unit is dangling and will be cleaned.
W: Public-4008: Instance 'u_crop_buffer_manager/gen_box_fifos[1].u_crop_fifo/rd_ptr[3]' of 'GTP_DFF_CE' unit is dangling and will be cleaned.
W: Public-4008: Instance 'u_crop_buffer_manager/gen_box_fifos[1].u_crop_fifo/rd_ptr[4]' of 'GTP_DFF_CE' unit is dangling and will be cleaned.
W: Public-4008: Instance 'u_crop_buffer_manager/gen_box_fifos[1].u_crop_fifo/rd_ptr[5]' of 'GTP_DFF_CE' unit is dangling and will be cleaned.
W: Public-4008: Instance 'u_crop_buffer_manager/gen_box_fifos[1].u_crop_fifo/rd_ptr[6]' of 'GTP_DFF_CE' unit is dangling and will be cleaned.
W: Public-4008: Instance 'u_crop_buffer_manager/gen_box_fifos[1].u_crop_fifo/rd_ptr[7]' of 'GTP_DFF_CE' unit is dangling and will be cleaned.
W: Public-4008: Instance 'u_crop_buffer_manager/gen_box_fifos[1].u_crop_fifo/rd_ptr[8]' of 'GTP_DFF_CE' unit is dangling and will be cleaned.
W: Public-4008: Instance 'u_crop_buffer_manager/gen_box_fifos[1].u_crop_fifo/rd_ptr[9]' of 'GTP_DFF_CE' unit is dangling and will be cleaned.
W: Public-4008: Instance 'u_crop_buffer_manager/gen_box_fifos[1].u_crop_fifo/rd_ptr[10]' of 'GTP_DFF_CE' unit is dangling and will be cleaned.
W: Public-4008: Instance 'u_crop_buffer_manager/gen_box_fifos[1].u_crop_fifo/rd_ptr[11]' of 'GTP_DFF_CE' unit is dangling and will be cleaned.
W: Public-4008: Instance 'u_crop_buffer_manager/gen_box_fifos[1].u_crop_fifo/rd_ptr_gray_sync1[0]' of 'GTP_DFF_C' unit is dangling and will be cleaned.
W: Public-4008: Instance 'u_crop_buffer_manager/gen_box_fifos[1].u_crop_fifo/rd_ptr_gray_sync1[1]' of 'GTP_DFF_C' unit is dangling and will be cleaned.
W: Public-4008: Instance 'u_crop_buffer_manager/gen_box_fifos[1].u_crop_fifo/rd_ptr_gray_sync1[2]' of 'GTP_DFF_C' unit is dangling and will be cleaned.
W: Public-4008: Instance 'u_crop_buffer_manager/gen_box_fifos[1].u_crop_fifo/rd_ptr_gray_sync1[3]' of 'GTP_DFF_C' unit is dangling and will be cleaned.
W: Public-4008: Instance 'u_crop_buffer_manager/gen_box_fifos[1].u_crop_fifo/rd_ptr_gray_sync1[4]' of 'GTP_DFF_C' unit is dangling and will be cleaned.
W: Public-4008: Instance 'u_crop_buffer_manager/gen_box_fifos[1].u_crop_fifo/rd_ptr_gray_sync1[5]' of 'GTP_DFF_C' unit is dangling and will be cleaned.
W: Public-4008: Instance 'u_crop_buffer_manager/gen_box_fifos[1].u_crop_fifo/rd_ptr_gray_sync1[6]' of 'GTP_DFF_C' unit is dangling and will be cleaned.
W: Public-4008: Instance 'u_crop_buffer_manager/gen_box_fifos[1].u_crop_fifo/rd_ptr_gray_sync1[7]' of 'GTP_DFF_C' unit is dangling and will be cleaned.
W: Public-4008: Instance 'u_crop_buffer_manager/gen_box_fifos[1].u_crop_fifo/rd_ptr_gray_sync1[8]' of 'GTP_DFF_C' unit is dangling and will be cleaned.
W: Public-4008: Instance 'u_crop_buffer_manager/gen_box_fifos[1].u_crop_fifo/rd_ptr_gray_sync1[9]' of 'GTP_DFF_C' unit is dangling and will be cleaned.
W: Public-4008: Instance 'u_crop_buffer_manager/gen_box_fifos[1].u_crop_fifo/rd_ptr_gray_sync1[10]' of 'GTP_DFF_C' unit is dangling and will be cleaned.
W: Public-4008: Instance 'u_crop_buffer_manager/gen_box_fifos[1].u_crop_fifo/rd_ptr_gray_sync1[11]' of 'GTP_DFF_C' unit is dangling and will be cleaned.
W: Public-4008: Instance 'u_crop_buffer_manager/gen_box_fifos[1].u_crop_fifo/rd_ptr_gray_sync2[0]' of 'GTP_DFF_C' unit is dangling and will be cleaned.
W: Public-4008: Instance 'u_crop_buffer_manager/gen_box_fifos[1].u_crop_fifo/rd_ptr_gray_sync2[1]' of 'GTP_DFF_C' unit is dangling and will be cleaned.
W: Public-4008: Instance 'u_crop_buffer_manager/gen_box_fifos[1].u_crop_fifo/rd_ptr_gray_sync2[2]' of 'GTP_DFF_C' unit is dangling and will be cleaned.
W: Public-4008: Instance 'u_crop_buffer_manager/gen_box_fifos[1].u_crop_fifo/rd_ptr_gray_sync2[3]' of 'GTP_DFF_C' unit is dangling and will be cleaned.
W: Public-4008: Instance 'u_crop_buffer_manager/gen_box_fifos[1].u_crop_fifo/rd_ptr_gray_sync2[4]' of 'GTP_DFF_C' unit is dangling and will be cleaned.
W: Public-4008: Instance 'u_crop_buffer_manager/gen_box_fifos[1].u_crop_fifo/rd_ptr_gray_sync2[5]' of 'GTP_DFF_C' unit is dangling and will be cleaned.
W: Public-4008: Instance 'u_crop_buffer_manager/gen_box_fifos[1].u_crop_fifo/rd_ptr_gray_sync2[6]' of 'GTP_DFF_C' unit is dangling and will be cleaned.
W: Public-4008: Instance 'u_crop_buffer_manager/gen_box_fifos[1].u_crop_fifo/rd_ptr_gray_sync2[7]' of 'GTP_DFF_C' unit is dangling and will be cleaned.
W: Public-4008: Instance 'u_crop_buffer_manager/gen_box_fifos[1].u_crop_fifo/rd_ptr_gray_sync2[8]' of 'GTP_DFF_C' unit is dangling and will be cleaned.
W: Public-4008: Instance 'u_crop_buffer_manager/gen_box_fifos[1].u_crop_fifo/rd_ptr_gray_sync2[9]' of 'GTP_DFF_C' unit is dangling and will be cleaned.
W: Public-4008: Instance 'u_crop_buffer_manager/gen_box_fifos[1].u_crop_fifo/rd_ptr_gray_sync2[10]' of 'GTP_DFF_C' unit is dangling and will be cleaned.
W: Public-4008: Instance 'u_crop_buffer_manager/gen_box_fifos[1].u_crop_fifo/rd_ptr_gray_sync2[11]' of 'GTP_DFF_C' unit is dangling and will be cleaned.
W: Public-4008: Instance 'u_crop_buffer_manager/gen_box_fifos[1].u_crop_fifo/wr_ptr[0]' of 'GTP_DFF_CE' unit is dangling and will be cleaned.
W: Public-4008: Instance 'u_crop_buffer_manager/gen_box_fifos[1].u_crop_fifo/wr_ptr[1]' of 'GTP_DFF_CE' unit is dangling and will be cleaned.
W: Public-4008: Instance 'u_crop_buffer_manager/gen_box_fifos[1].u_crop_fifo/wr_ptr[2]' of 'GTP_DFF_CE' unit is dangling and will be cleaned.
W: Public-4008: Instance 'u_crop_buffer_manager/gen_box_fifos[1].u_crop_fifo/wr_ptr[3]' of 'GTP_DFF_CE' unit is dangling and will be cleaned.
W: Public-4008: Instance 'u_crop_buffer_manager/gen_box_fifos[1].u_crop_fifo/wr_ptr[4]' of 'GTP_DFF_CE' unit is dangling and will be cleaned.
W: Public-4008: Instance 'u_crop_buffer_manager/gen_box_fifos[1].u_crop_fifo/wr_ptr[5]' of 'GTP_DFF_CE' unit is dangling and will be cleaned.
W: Public-4008: Instance 'u_crop_buffer_manager/gen_box_fifos[1].u_crop_fifo/wr_ptr[6]' of 'GTP_DFF_CE' unit is dangling and will be cleaned.
W: Public-4008: Instance 'u_crop_buffer_manager/gen_box_fifos[1].u_crop_fifo/wr_ptr[7]' of 'GTP_DFF_CE' unit is dangling and will be cleaned.
W: Public-4008: Instance 'u_crop_buffer_manager/gen_box_fifos[1].u_crop_fifo/wr_ptr[8]' of 'GTP_DFF_CE' unit is dangling and will be cleaned.
W: Public-4008: Instance 'u_crop_buffer_manager/gen_box_fifos[1].u_crop_fifo/wr_ptr[9]' of 'GTP_DFF_CE' unit is dangling and will be cleaned.
W: Public-4008: Instance 'u_crop_buffer_manager/gen_box_fifos[1].u_crop_fifo/wr_ptr[10]' of 'GTP_DFF_CE' unit is dangling and will be cleaned.
W: Public-4008: Instance 'u_crop_buffer_manager/gen_box_fifos[1].u_crop_fifo/wr_ptr[11]' of 'GTP_DFF_CE' unit is dangling and will be cleaned.
W: Public-4008: Instance 'u_crop_buffer_manager/gen_box_fifos[1].u_crop_fifo/wr_ptr_gray_sync1[0]' of 'GTP_DFF_C' unit is dangling and will be cleaned.
W: Public-4008: Instance 'u_crop_buffer_manager/gen_box_fifos[1].u_crop_fifo/wr_ptr_gray_sync1[1]' of 'GTP_DFF_C' unit is dangling and will be cleaned.
W: Public-4008: Instance 'u_crop_buffer_manager/gen_box_fifos[1].u_crop_fifo/wr_ptr_gray_sync1[2]' of 'GTP_DFF_C' unit is dangling and will be cleaned.
W: Public-4008: Instance 'u_crop_buffer_manager/gen_box_fifos[1].u_crop_fifo/wr_ptr_gray_sync1[3]' of 'GTP_DFF_C' unit is dangling and will be cleaned.
W: Public-4008: Instance 'u_crop_buffer_manager/gen_box_fifos[1].u_crop_fifo/wr_ptr_gray_sync1[4]' of 'GTP_DFF_C' unit is dangling and will be cleaned.
W: Public-4008: Instance 'u_crop_buffer_manager/gen_box_fifos[1].u_crop_fifo/wr_ptr_gray_sync1[5]' of 'GTP_DFF_C' unit is dangling and will be cleaned.
W: Public-4008: Instance 'u_crop_buffer_manager/gen_box_fifos[1].u_crop_fifo/wr_ptr_gray_sync1[6]' of 'GTP_DFF_C' unit is dangling and will be cleaned.
W: Public-4008: Instance 'u_crop_buffer_manager/gen_box_fifos[1].u_crop_fifo/wr_ptr_gray_sync1[7]' of 'GTP_DFF_C' unit is dangling and will be cleaned.
W: Public-4008: Instance 'u_crop_buffer_manager/gen_box_fifos[1].u_crop_fifo/wr_ptr_gray_sync1[8]' of 'GTP_DFF_C' unit is dangling and will be cleaned.
W: Public-4008: Instance 'u_crop_buffer_manager/gen_box_fifos[1].u_crop_fifo/wr_ptr_gray_sync1[9]' of 'GTP_DFF_C' unit is dangling and will be cleaned.
W: Public-4008: Instance 'u_crop_buffer_manager/gen_box_fifos[1].u_crop_fifo/wr_ptr_gray_sync1[10]' of 'GTP_DFF_C' unit is dangling and will be cleaned.
W: Public-4008: Instance 'u_crop_buffer_manager/gen_box_fifos[1].u_crop_fifo/wr_ptr_gray_sync1[11]' of 'GTP_DFF_C' unit is dangling and will be cleaned.
W: Public-4008: Instance 'u_crop_buffer_manager/gen_box_fifos[1].u_crop_fifo/wr_ptr_gray_sync2[0]' of 'GTP_DFF_C' unit is dangling and will be cleaned.
W: Public-4008: Instance 'u_crop_buffer_manager/gen_box_fifos[1].u_crop_fifo/wr_ptr_gray_sync2[1]' of 'GTP_DFF_C' unit is dangling and will be cleaned.
W: Public-4008: Instance 'u_crop_buffer_manager/gen_box_fifos[1].u_crop_fifo/wr_ptr_gray_sync2[2]' of 'GTP_DFF_C' unit is dangling and will be cleaned.
W: Public-4008: Instance 'u_crop_buffer_manager/gen_box_fifos[1].u_crop_fifo/wr_ptr_gray_sync2[3]' of 'GTP_DFF_C' unit is dangling and will be cleaned.
W: Public-4008: Instance 'u_crop_buffer_manager/gen_box_fifos[1].u_crop_fifo/wr_ptr_gray_sync2[4]' of 'GTP_DFF_C' unit is dangling and will be cleaned.
W: Public-4008: Instance 'u_crop_buffer_manager/gen_box_fifos[1].u_crop_fifo/wr_ptr_gray_sync2[5]' of 'GTP_DFF_C' unit is dangling and will be cleaned.
W: Public-4008: Instance 'u_crop_buffer_manager/gen_box_fifos[1].u_crop_fifo/wr_ptr_gray_sync2[6]' of 'GTP_DFF_C' unit is dangling and will be cleaned.
W: Public-4008: Instance 'u_crop_buffer_manager/gen_box_fifos[1].u_crop_fifo/wr_ptr_gray_sync2[7]' of 'GTP_DFF_C' unit is dangling and will be cleaned.
W: Public-4008: Instance 'u_crop_buffer_manager/gen_box_fifos[1].u_crop_fifo/wr_ptr_gray_sync2[8]' of 'GTP_DFF_C' unit is dangling and will be cleaned.
W: Public-4008: Instance 'u_crop_buffer_manager/gen_box_fifos[1].u_crop_fifo/wr_ptr_gray_sync2[9]' of 'GTP_DFF_C' unit is dangling and will be cleaned.
W: Public-4008: Instance 'u_crop_buffer_manager/gen_box_fifos[1].u_crop_fifo/wr_ptr_gray_sync2[10]' of 'GTP_DFF_C' unit is dangling and will be cleaned.
W: Public-4008: Instance 'u_crop_buffer_manager/gen_box_fifos[1].u_crop_fifo/wr_ptr_gray_sync2[11]' of 'GTP_DFF_C' unit is dangling and will be cleaned.
W: Public-4008: Instance 'u_crop_buffer_manager/gen_box_fifos[2].u_crop_fifo/rd_ptr[0]' of 'GTP_DFF_CE' unit is dangling and will be cleaned.
W: Public-4008: Instance 'u_crop_buffer_manager/gen_box_fifos[2].u_crop_fifo/rd_ptr[1]' of 'GTP_DFF_CE' unit is dangling and will be cleaned.
W: Public-4008: Instance 'u_crop_buffer_manager/gen_box_fifos[2].u_crop_fifo/rd_ptr[2]' of 'GTP_DFF_CE' unit is dangling and will be cleaned.
W: Public-4008: Instance 'u_crop_buffer_manager/gen_box_fifos[2].u_crop_fifo/rd_ptr[3]' of 'GTP_DFF_CE' unit is dangling and will be cleaned.
W: Public-4008: Instance 'u_crop_buffer_manager/gen_box_fifos[2].u_crop_fifo/rd_ptr[4]' of 'GTP_DFF_CE' unit is dangling and will be cleaned.
W: Public-4008: Instance 'u_crop_buffer_manager/gen_box_fifos[2].u_crop_fifo/rd_ptr[5]' of 'GTP_DFF_CE' unit is dangling and will be cleaned.
W: Public-4008: Instance 'u_crop_buffer_manager/gen_box_fifos[2].u_crop_fifo/rd_ptr[6]' of 'GTP_DFF_CE' unit is dangling and will be cleaned.
W: Public-4008: Instance 'u_crop_buffer_manager/gen_box_fifos[2].u_crop_fifo/rd_ptr[7]' of 'GTP_DFF_CE' unit is dangling and will be cleaned.
W: Public-4008: Instance 'u_crop_buffer_manager/gen_box_fifos[2].u_crop_fifo/rd_ptr[8]' of 'GTP_DFF_CE' unit is dangling and will be cleaned.
W: Public-4008: Instance 'u_crop_buffer_manager/gen_box_fifos[2].u_crop_fifo/rd_ptr[9]' of 'GTP_DFF_CE' unit is dangling and will be cleaned.
W: Public-4008: Instance 'u_crop_buffer_manager/gen_box_fifos[2].u_crop_fifo/rd_ptr[10]' of 'GTP_DFF_CE' unit is dangling and will be cleaned.
W: Public-4008: Instance 'u_crop_buffer_manager/gen_box_fifos[2].u_crop_fifo/rd_ptr[11]' of 'GTP_DFF_CE' unit is dangling and will be cleaned.
W: Public-4008: Instance 'u_crop_buffer_manager/gen_box_fifos[2].u_crop_fifo/rd_ptr_gray_sync1[0]' of 'GTP_DFF_C' unit is dangling and will be cleaned.
W: Public-4008: Instance 'u_crop_buffer_manager/gen_box_fifos[2].u_crop_fifo/rd_ptr_gray_sync1[1]' of 'GTP_DFF_C' unit is dangling and will be cleaned.
W: Public-4008: Instance 'u_crop_buffer_manager/gen_box_fifos[2].u_crop_fifo/rd_ptr_gray_sync1[2]' of 'GTP_DFF_C' unit is dangling and will be cleaned.
W: Public-4008: Instance 'u_crop_buffer_manager/gen_box_fifos[2].u_crop_fifo/rd_ptr_gray_sync1[3]' of 'GTP_DFF_C' unit is dangling and will be cleaned.
W: Public-4008: Instance 'u_crop_buffer_manager/gen_box_fifos[2].u_crop_fifo/rd_ptr_gray_sync1[4]' of 'GTP_DFF_C' unit is dangling and will be cleaned.
W: Public-4008: Instance 'u_crop_buffer_manager/gen_box_fifos[2].u_crop_fifo/rd_ptr_gray_sync1[5]' of 'GTP_DFF_C' unit is dangling and will be cleaned.
W: Public-4008: Instance 'u_crop_buffer_manager/gen_box_fifos[2].u_crop_fifo/rd_ptr_gray_sync1[6]' of 'GTP_DFF_C' unit is dangling and will be cleaned.
W: Public-4008: Instance 'u_crop_buffer_manager/gen_box_fifos[2].u_crop_fifo/rd_ptr_gray_sync1[7]' of 'GTP_DFF_C' unit is dangling and will be cleaned.
W: Public-4008: Instance 'u_crop_buffer_manager/gen_box_fifos[2].u_crop_fifo/rd_ptr_gray_sync1[8]' of 'GTP_DFF_C' unit is dangling and will be cleaned.
W: Public-4008: Instance 'u_crop_buffer_manager/gen_box_fifos[2].u_crop_fifo/rd_ptr_gray_sync1[9]' of 'GTP_DFF_C' unit is dangling and will be cleaned.
W: Public-4008: Instance 'u_crop_buffer_manager/gen_box_fifos[2].u_crop_fifo/rd_ptr_gray_sync1[10]' of 'GTP_DFF_C' unit is dangling and will be cleaned.
W: Public-4008: Instance 'u_crop_buffer_manager/gen_box_fifos[2].u_crop_fifo/rd_ptr_gray_sync1[11]' of 'GTP_DFF_C' unit is dangling and will be cleaned.
W: Public-4008: Instance 'u_crop_buffer_manager/gen_box_fifos[2].u_crop_fifo/rd_ptr_gray_sync2[0]' of 'GTP_DFF_C' unit is dangling and will be cleaned.
W: Public-4008: Instance 'u_crop_buffer_manager/gen_box_fifos[2].u_crop_fifo/rd_ptr_gray_sync2[1]' of 'GTP_DFF_C' unit is dangling and will be cleaned.
W: Public-4008: Instance 'u_crop_buffer_manager/gen_box_fifos[2].u_crop_fifo/rd_ptr_gray_sync2[2]' of 'GTP_DFF_C' unit is dangling and will be cleaned.
W: Public-4008: Instance 'u_crop_buffer_manager/gen_box_fifos[2].u_crop_fifo/rd_ptr_gray_sync2[3]' of 'GTP_DFF_C' unit is dangling and will be cleaned.
W: Public-4008: Instance 'u_crop_buffer_manager/gen_box_fifos[2].u_crop_fifo/rd_ptr_gray_sync2[4]' of 'GTP_DFF_C' unit is dangling and will be cleaned.
W: Public-4008: Instance 'u_crop_buffer_manager/gen_box_fifos[2].u_crop_fifo/rd_ptr_gray_sync2[5]' of 'GTP_DFF_C' unit is dangling and will be cleaned.
W: Public-4008: Instance 'u_crop_buffer_manager/gen_box_fifos[2].u_crop_fifo/rd_ptr_gray_sync2[6]' of 'GTP_DFF_C' unit is dangling and will be cleaned.
W: Public-4008: Instance 'u_crop_buffer_manager/gen_box_fifos[2].u_crop_fifo/rd_ptr_gray_sync2[7]' of 'GTP_DFF_C' unit is dangling and will be cleaned.
W: Public-4008: Instance 'u_crop_buffer_manager/gen_box_fifos[2].u_crop_fifo/rd_ptr_gray_sync2[8]' of 'GTP_DFF_C' unit is dangling and will be cleaned.
W: Public-4008: Instance 'u_crop_buffer_manager/gen_box_fifos[2].u_crop_fifo/rd_ptr_gray_sync2[9]' of 'GTP_DFF_C' unit is dangling and will be cleaned.
W: Public-4008: Instance 'u_crop_buffer_manager/gen_box_fifos[2].u_crop_fifo/rd_ptr_gray_sync2[10]' of 'GTP_DFF_C' unit is dangling and will be cleaned.
W: Public-4008: Instance 'u_crop_buffer_manager/gen_box_fifos[2].u_crop_fifo/rd_ptr_gray_sync2[11]' of 'GTP_DFF_C' unit is dangling and will be cleaned.
W: Public-4008: Instance 'u_crop_buffer_manager/gen_box_fifos[2].u_crop_fifo/wr_ptr[0]' of 'GTP_DFF_CE' unit is dangling and will be cleaned.
W: Public-4008: Instance 'u_crop_buffer_manager/gen_box_fifos[2].u_crop_fifo/wr_ptr[1]' of 'GTP_DFF_CE' unit is dangling and will be cleaned.
W: Public-4008: Instance 'u_crop_buffer_manager/gen_box_fifos[2].u_crop_fifo/wr_ptr[2]' of 'GTP_DFF_CE' unit is dangling and will be cleaned.
W: Public-4008: Instance 'u_crop_buffer_manager/gen_box_fifos[2].u_crop_fifo/wr_ptr[3]' of 'GTP_DFF_CE' unit is dangling and will be cleaned.
W: Public-4008: Instance 'u_crop_buffer_manager/gen_box_fifos[2].u_crop_fifo/wr_ptr[4]' of 'GTP_DFF_CE' unit is dangling and will be cleaned.
W: Public-4008: Instance 'u_crop_buffer_manager/gen_box_fifos[2].u_crop_fifo/wr_ptr[5]' of 'GTP_DFF_CE' unit is dangling and will be cleaned.
W: Public-4008: Instance 'u_crop_buffer_manager/gen_box_fifos[2].u_crop_fifo/wr_ptr[6]' of 'GTP_DFF_CE' unit is dangling and will be cleaned.
W: Public-4008: Instance 'u_crop_buffer_manager/gen_box_fifos[2].u_crop_fifo/wr_ptr[7]' of 'GTP_DFF_CE' unit is dangling and will be cleaned.
W: Public-4008: Instance 'u_crop_buffer_manager/gen_box_fifos[2].u_crop_fifo/wr_ptr[8]' of 'GTP_DFF_CE' unit is dangling and will be cleaned.
W: Public-4008: Instance 'u_crop_buffer_manager/gen_box_fifos[2].u_crop_fifo/wr_ptr[9]' of 'GTP_DFF_CE' unit is dangling and will be cleaned.
W: Public-4008: Instance 'u_crop_buffer_manager/gen_box_fifos[2].u_crop_fifo/wr_ptr[10]' of 'GTP_DFF_CE' unit is dangling and will be cleaned.
W: Public-4008: Instance 'u_crop_buffer_manager/gen_box_fifos[2].u_crop_fifo/wr_ptr[11]' of 'GTP_DFF_CE' unit is dangling and will be cleaned.
W: Public-4008: Instance 'u_crop_buffer_manager/gen_box_fifos[2].u_crop_fifo/wr_ptr_gray_sync1[0]' of 'GTP_DFF_C' unit is dangling and will be cleaned.
W: Public-4008: Instance 'u_crop_buffer_manager/gen_box_fifos[2].u_crop_fifo/wr_ptr_gray_sync1[1]' of 'GTP_DFF_C' unit is dangling and will be cleaned.
W: Public-4008: Instance 'u_crop_buffer_manager/gen_box_fifos[2].u_crop_fifo/wr_ptr_gray_sync1[2]' of 'GTP_DFF_C' unit is dangling and will be cleaned.
W: Public-4008: Instance 'u_crop_buffer_manager/gen_box_fifos[2].u_crop_fifo/wr_ptr_gray_sync1[3]' of 'GTP_DFF_C' unit is dangling and will be cleaned.
W: Public-4008: Instance 'u_crop_buffer_manager/gen_box_fifos[2].u_crop_fifo/wr_ptr_gray_sync1[4]' of 'GTP_DFF_C' unit is dangling and will be cleaned.
W: Public-4008: Instance 'u_crop_buffer_manager/gen_box_fifos[2].u_crop_fifo/wr_ptr_gray_sync1[5]' of 'GTP_DFF_C' unit is dangling and will be cleaned.
W: Public-4008: Instance 'u_crop_buffer_manager/gen_box_fifos[2].u_crop_fifo/wr_ptr_gray_sync1[6]' of 'GTP_DFF_C' unit is dangling and will be cleaned.
W: Public-4008: Instance 'u_crop_buffer_manager/gen_box_fifos[2].u_crop_fifo/wr_ptr_gray_sync1[7]' of 'GTP_DFF_C' unit is dangling and will be cleaned.
W: Public-4008: Instance 'u_crop_buffer_manager/gen_box_fifos[2].u_crop_fifo/wr_ptr_gray_sync1[8]' of 'GTP_DFF_C' unit is dangling and will be cleaned.
W: Public-4008: Instance 'u_crop_buffer_manager/gen_box_fifos[2].u_crop_fifo/wr_ptr_gray_sync1[9]' of 'GTP_DFF_C' unit is dangling and will be cleaned.
W: Public-4008: Instance 'u_crop_buffer_manager/gen_box_fifos[2].u_crop_fifo/wr_ptr_gray_sync1[10]' of 'GTP_DFF_C' unit is dangling and will be cleaned.
W: Public-4008: Instance 'u_crop_buffer_manager/gen_box_fifos[2].u_crop_fifo/wr_ptr_gray_sync1[11]' of 'GTP_DFF_C' unit is dangling and will be cleaned.
W: Public-4008: Instance 'u_crop_buffer_manager/gen_box_fifos[2].u_crop_fifo/wr_ptr_gray_sync2[0]' of 'GTP_DFF_C' unit is dangling and will be cleaned.
W: Public-4008: Instance 'u_crop_buffer_manager/gen_box_fifos[2].u_crop_fifo/wr_ptr_gray_sync2[1]' of 'GTP_DFF_C' unit is dangling and will be cleaned.
W: Public-4008: Instance 'u_crop_buffer_manager/gen_box_fifos[2].u_crop_fifo/wr_ptr_gray_sync2[2]' of 'GTP_DFF_C' unit is dangling and will be cleaned.
W: Public-4008: Instance 'u_crop_buffer_manager/gen_box_fifos[2].u_crop_fifo/wr_ptr_gray_sync2[3]' of 'GTP_DFF_C' unit is dangling and will be cleaned.
W: Public-4008: Instance 'u_crop_buffer_manager/gen_box_fifos[2].u_crop_fifo/wr_ptr_gray_sync2[4]' of 'GTP_DFF_C' unit is dangling and will be cleaned.
W: Public-4008: Instance 'u_crop_buffer_manager/gen_box_fifos[2].u_crop_fifo/wr_ptr_gray_sync2[5]' of 'GTP_DFF_C' unit is dangling and will be cleaned.
W: Public-4008: Instance 'u_crop_buffer_manager/gen_box_fifos[2].u_crop_fifo/wr_ptr_gray_sync2[6]' of 'GTP_DFF_C' unit is dangling and will be cleaned.
W: Public-4008: Instance 'u_crop_buffer_manager/gen_box_fifos[2].u_crop_fifo/wr_ptr_gray_sync2[7]' of 'GTP_DFF_C' unit is dangling and will be cleaned.
W: Public-4008: Instance 'u_crop_buffer_manager/gen_box_fifos[2].u_crop_fifo/wr_ptr_gray_sync2[8]' of 'GTP_DFF_C' unit is dangling and will be cleaned.
W: Public-4008: Instance 'u_crop_buffer_manager/gen_box_fifos[2].u_crop_fifo/wr_ptr_gray_sync2[9]' of 'GTP_DFF_C' unit is dangling and will be cleaned.
W: Public-4008: Instance 'u_crop_buffer_manager/gen_box_fifos[2].u_crop_fifo/wr_ptr_gray_sync2[10]' of 'GTP_DFF_C' unit is dangling and will be cleaned.
W: Public-4008: Instance 'u_crop_buffer_manager/gen_box_fifos[2].u_crop_fifo/wr_ptr_gray_sync2[11]' of 'GTP_DFF_C' unit is dangling and will be cleaned.
W: Public-4008: Instance 'u_crop_buffer_manager/gen_box_fifos[3].u_crop_fifo/rd_ptr[0]' of 'GTP_DFF_CE' unit is dangling and will be cleaned.
W: Public-4008: Instance 'u_crop_buffer_manager/gen_box_fifos[3].u_crop_fifo/rd_ptr[1]' of 'GTP_DFF_CE' unit is dangling and will be cleaned.
W: Public-4008: Instance 'u_crop_buffer_manager/gen_box_fifos[3].u_crop_fifo/rd_ptr[2]' of 'GTP_DFF_CE' unit is dangling and will be cleaned.
W: Public-4008: Instance 'u_crop_buffer_manager/gen_box_fifos[3].u_crop_fifo/rd_ptr[3]' of 'GTP_DFF_CE' unit is dangling and will be cleaned.
W: Public-4008: Instance 'u_crop_buffer_manager/gen_box_fifos[3].u_crop_fifo/rd_ptr[4]' of 'GTP_DFF_CE' unit is dangling and will be cleaned.
W: Public-4008: Instance 'u_crop_buffer_manager/gen_box_fifos[3].u_crop_fifo/rd_ptr[5]' of 'GTP_DFF_CE' unit is dangling and will be cleaned.
W: Public-4008: Instance 'u_crop_buffer_manager/gen_box_fifos[3].u_crop_fifo/rd_ptr[6]' of 'GTP_DFF_CE' unit is dangling and will be cleaned.
W: Public-4008: Instance 'u_crop_buffer_manager/gen_box_fifos[3].u_crop_fifo/rd_ptr[7]' of 'GTP_DFF_CE' unit is dangling and will be cleaned.
W: Public-4008: Instance 'u_crop_buffer_manager/gen_box_fifos[3].u_crop_fifo/rd_ptr[8]' of 'GTP_DFF_CE' unit is dangling and will be cleaned.
W: Public-4008: Instance 'u_crop_buffer_manager/gen_box_fifos[3].u_crop_fifo/rd_ptr[9]' of 'GTP_DFF_CE' unit is dangling and will be cleaned.
W: Public-4008: Instance 'u_crop_buffer_manager/gen_box_fifos[3].u_crop_fifo/rd_ptr[10]' of 'GTP_DFF_CE' unit is dangling and will be cleaned.
W: Public-4008: Instance 'u_crop_buffer_manager/gen_box_fifos[3].u_crop_fifo/rd_ptr[11]' of 'GTP_DFF_CE' unit is dangling and will be cleaned.
W: Public-4008: Instance 'u_crop_buffer_manager/gen_box_fifos[3].u_crop_fifo/rd_ptr_gray_sync1[0]' of 'GTP_DFF_C' unit is dangling and will be cleaned.
W: Public-4008: Instance 'u_crop_buffer_manager/gen_box_fifos[3].u_crop_fifo/rd_ptr_gray_sync1[1]' of 'GTP_DFF_C' unit is dangling and will be cleaned.
W: Public-4008: Instance 'u_crop_buffer_manager/gen_box_fifos[3].u_crop_fifo/rd_ptr_gray_sync1[2]' of 'GTP_DFF_C' unit is dangling and will be cleaned.
W: Public-4008: Instance 'u_crop_buffer_manager/gen_box_fifos[3].u_crop_fifo/rd_ptr_gray_sync1[3]' of 'GTP_DFF_C' unit is dangling and will be cleaned.
W: Public-4008: Instance 'u_crop_buffer_manager/gen_box_fifos[3].u_crop_fifo/rd_ptr_gray_sync1[4]' of 'GTP_DFF_C' unit is dangling and will be cleaned.
W: Public-4008: Instance 'u_crop_buffer_manager/gen_box_fifos[3].u_crop_fifo/rd_ptr_gray_sync1[5]' of 'GTP_DFF_C' unit is dangling and will be cleaned.
W: Public-4008: Instance 'u_crop_buffer_manager/gen_box_fifos[3].u_crop_fifo/rd_ptr_gray_sync1[6]' of 'GTP_DFF_C' unit is dangling and will be cleaned.
W: Public-4008: Instance 'u_crop_buffer_manager/gen_box_fifos[3].u_crop_fifo/rd_ptr_gray_sync1[7]' of 'GTP_DFF_C' unit is dangling and will be cleaned.
W: Public-4008: Instance 'u_crop_buffer_manager/gen_box_fifos[3].u_crop_fifo/rd_ptr_gray_sync1[8]' of 'GTP_DFF_C' unit is dangling and will be cleaned.
W: Public-4008: Instance 'u_crop_buffer_manager/gen_box_fifos[3].u_crop_fifo/rd_ptr_gray_sync1[9]' of 'GTP_DFF_C' unit is dangling and will be cleaned.
W: Public-4008: Instance 'u_crop_buffer_manager/gen_box_fifos[3].u_crop_fifo/rd_ptr_gray_sync1[10]' of 'GTP_DFF_C' unit is dangling and will be cleaned.
W: Public-4008: Instance 'u_crop_buffer_manager/gen_box_fifos[3].u_crop_fifo/rd_ptr_gray_sync1[11]' of 'GTP_DFF_C' unit is dangling and will be cleaned.
W: Public-4008: Instance 'u_crop_buffer_manager/gen_box_fifos[3].u_crop_fifo/rd_ptr_gray_sync2[0]' of 'GTP_DFF_C' unit is dangling and will be cleaned.
W: Public-4008: Instance 'u_crop_buffer_manager/gen_box_fifos[3].u_crop_fifo/rd_ptr_gray_sync2[1]' of 'GTP_DFF_C' unit is dangling and will be cleaned.
W: Public-4008: Instance 'u_crop_buffer_manager/gen_box_fifos[3].u_crop_fifo/rd_ptr_gray_sync2[2]' of 'GTP_DFF_C' unit is dangling and will be cleaned.
W: Public-4008: Instance 'u_crop_buffer_manager/gen_box_fifos[3].u_crop_fifo/rd_ptr_gray_sync2[3]' of 'GTP_DFF_C' unit is dangling and will be cleaned.
W: Public-4008: Instance 'u_crop_buffer_manager/gen_box_fifos[3].u_crop_fifo/rd_ptr_gray_sync2[4]' of 'GTP_DFF_C' unit is dangling and will be cleaned.
W: Public-4008: Instance 'u_crop_buffer_manager/gen_box_fifos[3].u_crop_fifo/rd_ptr_gray_sync2[5]' of 'GTP_DFF_C' unit is dangling and will be cleaned.
W: Public-4008: Instance 'u_crop_buffer_manager/gen_box_fifos[3].u_crop_fifo/rd_ptr_gray_sync2[6]' of 'GTP_DFF_C' unit is dangling and will be cleaned.
W: Public-4008: Instance 'u_crop_buffer_manager/gen_box_fifos[3].u_crop_fifo/rd_ptr_gray_sync2[7]' of 'GTP_DFF_C' unit is dangling and will be cleaned.
W: Public-4008: Instance 'u_crop_buffer_manager/gen_box_fifos[3].u_crop_fifo/rd_ptr_gray_sync2[8]' of 'GTP_DFF_C' unit is dangling and will be cleaned.
W: Public-4008: Instance 'u_crop_buffer_manager/gen_box_fifos[3].u_crop_fifo/rd_ptr_gray_sync2[9]' of 'GTP_DFF_C' unit is dangling and will be cleaned.
W: Public-4008: Instance 'u_crop_buffer_manager/gen_box_fifos[3].u_crop_fifo/rd_ptr_gray_sync2[10]' of 'GTP_DFF_C' unit is dangling and will be cleaned.
W: Public-4008: Instance 'u_crop_buffer_manager/gen_box_fifos[3].u_crop_fifo/rd_ptr_gray_sync2[11]' of 'GTP_DFF_C' unit is dangling and will be cleaned.
W: Public-4008: Instance 'u_crop_buffer_manager/gen_box_fifos[3].u_crop_fifo/wr_ptr[0]' of 'GTP_DFF_CE' unit is dangling and will be cleaned.
W: Public-4008: Instance 'u_crop_buffer_manager/gen_box_fifos[3].u_crop_fifo/wr_ptr[1]' of 'GTP_DFF_CE' unit is dangling and will be cleaned.
W: Public-4008: Instance 'u_crop_buffer_manager/gen_box_fifos[3].u_crop_fifo/wr_ptr[2]' of 'GTP_DFF_CE' unit is dangling and will be cleaned.
W: Public-4008: Instance 'u_crop_buffer_manager/gen_box_fifos[3].u_crop_fifo/wr_ptr[3]' of 'GTP_DFF_CE' unit is dangling and will be cleaned.
W: Public-4008: Instance 'u_crop_buffer_manager/gen_box_fifos[3].u_crop_fifo/wr_ptr[4]' of 'GTP_DFF_CE' unit is dangling and will be cleaned.
W: Public-4008: Instance 'u_crop_buffer_manager/gen_box_fifos[3].u_crop_fifo/wr_ptr[5]' of 'GTP_DFF_CE' unit is dangling and will be cleaned.
W: Public-4008: Instance 'u_crop_buffer_manager/gen_box_fifos[3].u_crop_fifo/wr_ptr[6]' of 'GTP_DFF_CE' unit is dangling and will be cleaned.
W: Public-4008: Instance 'u_crop_buffer_manager/gen_box_fifos[3].u_crop_fifo/wr_ptr[7]' of 'GTP_DFF_CE' unit is dangling and will be cleaned.
W: Public-4008: Instance 'u_crop_buffer_manager/gen_box_fifos[3].u_crop_fifo/wr_ptr[8]' of 'GTP_DFF_CE' unit is dangling and will be cleaned.
W: Public-4008: Instance 'u_crop_buffer_manager/gen_box_fifos[3].u_crop_fifo/wr_ptr[9]' of 'GTP_DFF_CE' unit is dangling and will be cleaned.
W: Public-4008: Instance 'u_crop_buffer_manager/gen_box_fifos[3].u_crop_fifo/wr_ptr[10]' of 'GTP_DFF_CE' unit is dangling and will be cleaned.
W: Public-4008: Instance 'u_crop_buffer_manager/gen_box_fifos[3].u_crop_fifo/wr_ptr[11]' of 'GTP_DFF_CE' unit is dangling and will be cleaned.
W: Public-4008: Instance 'u_crop_buffer_manager/gen_box_fifos[3].u_crop_fifo/wr_ptr_gray_sync1[0]' of 'GTP_DFF_C' unit is dangling and will be cleaned.
W: Public-4008: Instance 'u_crop_buffer_manager/gen_box_fifos[3].u_crop_fifo/wr_ptr_gray_sync1[1]' of 'GTP_DFF_C' unit is dangling and will be cleaned.
W: Public-4008: Instance 'u_crop_buffer_manager/gen_box_fifos[3].u_crop_fifo/wr_ptr_gray_sync1[2]' of 'GTP_DFF_C' unit is dangling and will be cleaned.
W: Public-4008: Instance 'u_crop_buffer_manager/gen_box_fifos[3].u_crop_fifo/wr_ptr_gray_sync1[3]' of 'GTP_DFF_C' unit is dangling and will be cleaned.
W: Public-4008: Instance 'u_crop_buffer_manager/gen_box_fifos[3].u_crop_fifo/wr_ptr_gray_sync1[4]' of 'GTP_DFF_C' unit is dangling and will be cleaned.
W: Public-4008: Instance 'u_crop_buffer_manager/gen_box_fifos[3].u_crop_fifo/wr_ptr_gray_sync1[5]' of 'GTP_DFF_C' unit is dangling and will be cleaned.
W: Public-4008: Instance 'u_crop_buffer_manager/gen_box_fifos[3].u_crop_fifo/wr_ptr_gray_sync1[6]' of 'GTP_DFF_C' unit is dangling and will be cleaned.
W: Public-4008: Instance 'u_crop_buffer_manager/gen_box_fifos[3].u_crop_fifo/wr_ptr_gray_sync1[7]' of 'GTP_DFF_C' unit is dangling and will be cleaned.
W: Public-4008: Instance 'u_crop_buffer_manager/gen_box_fifos[3].u_crop_fifo/wr_ptr_gray_sync1[8]' of 'GTP_DFF_C' unit is dangling and will be cleaned.
W: Public-4008: Instance 'u_crop_buffer_manager/gen_box_fifos[3].u_crop_fifo/wr_ptr_gray_sync1[9]' of 'GTP_DFF_C' unit is dangling and will be cleaned.
W: Public-4008: Instance 'u_crop_buffer_manager/gen_box_fifos[3].u_crop_fifo/wr_ptr_gray_sync1[10]' of 'GTP_DFF_C' unit is dangling and will be cleaned.
W: Public-4008: Instance 'u_crop_buffer_manager/gen_box_fifos[3].u_crop_fifo/wr_ptr_gray_sync1[11]' of 'GTP_DFF_C' unit is dangling and will be cleaned.
W: Public-4008: Instance 'u_crop_buffer_manager/gen_box_fifos[3].u_crop_fifo/wr_ptr_gray_sync2[0]' of 'GTP_DFF_C' unit is dangling and will be cleaned.
W: Public-4008: Instance 'u_crop_buffer_manager/gen_box_fifos[3].u_crop_fifo/wr_ptr_gray_sync2[1]' of 'GTP_DFF_C' unit is dangling and will be cleaned.
W: Public-4008: Instance 'u_crop_buffer_manager/gen_box_fifos[3].u_crop_fifo/wr_ptr_gray_sync2[2]' of 'GTP_DFF_C' unit is dangling and will be cleaned.
W: Public-4008: Instance 'u_crop_buffer_manager/gen_box_fifos[3].u_crop_fifo/wr_ptr_gray_sync2[3]' of 'GTP_DFF_C' unit is dangling and will be cleaned.
W: Public-4008: Instance 'u_crop_buffer_manager/gen_box_fifos[3].u_crop_fifo/wr_ptr_gray_sync2[4]' of 'GTP_DFF_C' unit is dangling and will be cleaned.
W: Public-4008: Instance 'u_crop_buffer_manager/gen_box_fifos[3].u_crop_fifo/wr_ptr_gray_sync2[5]' of 'GTP_DFF_C' unit is dangling and will be cleaned.
W: Public-4008: Instance 'u_crop_buffer_manager/gen_box_fifos[3].u_crop_fifo/wr_ptr_gray_sync2[6]' of 'GTP_DFF_C' unit is dangling and will be cleaned.
W: Public-4008: Instance 'u_crop_buffer_manager/gen_box_fifos[3].u_crop_fifo/wr_ptr_gray_sync2[7]' of 'GTP_DFF_C' unit is dangling and will be cleaned.
W: Public-4008: Instance 'u_crop_buffer_manager/gen_box_fifos[3].u_crop_fifo/wr_ptr_gray_sync2[8]' of 'GTP_DFF_C' unit is dangling and will be cleaned.
W: Public-4008: Instance 'u_crop_buffer_manager/gen_box_fifos[3].u_crop_fifo/wr_ptr_gray_sync2[9]' of 'GTP_DFF_C' unit is dangling and will be cleaned.
W: Public-4008: Instance 'u_crop_buffer_manager/gen_box_fifos[3].u_crop_fifo/wr_ptr_gray_sync2[10]' of 'GTP_DFF_C' unit is dangling and will be cleaned.
W: Public-4008: Instance 'u_crop_buffer_manager/gen_box_fifos[3].u_crop_fifo/wr_ptr_gray_sync2[11]' of 'GTP_DFF_C' unit is dangling and will be cleaned.
W: Public-4008: Instance 'u_crop_buffer_manager/gen_box_fifos[4].u_crop_fifo/rd_ptr[0]' of 'GTP_DFF_CE' unit is dangling and will be cleaned.
W: Public-4008: Instance 'u_crop_buffer_manager/gen_box_fifos[4].u_crop_fifo/rd_ptr[1]' of 'GTP_DFF_CE' unit is dangling and will be cleaned.
W: Public-4008: Instance 'u_crop_buffer_manager/gen_box_fifos[4].u_crop_fifo/rd_ptr[2]' of 'GTP_DFF_CE' unit is dangling and will be cleaned.
W: Public-4008: Instance 'u_crop_buffer_manager/gen_box_fifos[4].u_crop_fifo/rd_ptr[3]' of 'GTP_DFF_CE' unit is dangling and will be cleaned.
W: Public-4008: Instance 'u_crop_buffer_manager/gen_box_fifos[4].u_crop_fifo/rd_ptr[4]' of 'GTP_DFF_CE' unit is dangling and will be cleaned.
W: Public-4008: Instance 'u_crop_buffer_manager/gen_box_fifos[4].u_crop_fifo/rd_ptr[5]' of 'GTP_DFF_CE' unit is dangling and will be cleaned.
W: Public-4008: Instance 'u_crop_buffer_manager/gen_box_fifos[4].u_crop_fifo/rd_ptr[6]' of 'GTP_DFF_CE' unit is dangling and will be cleaned.
W: Public-4008: Instance 'u_crop_buffer_manager/gen_box_fifos[4].u_crop_fifo/rd_ptr[7]' of 'GTP_DFF_CE' unit is dangling and will be cleaned.
W: Public-4008: Instance 'u_crop_buffer_manager/gen_box_fifos[4].u_crop_fifo/rd_ptr[8]' of 'GTP_DFF_CE' unit is dangling and will be cleaned.
W: Public-4008: Instance 'u_crop_buffer_manager/gen_box_fifos[4].u_crop_fifo/rd_ptr[9]' of 'GTP_DFF_CE' unit is dangling and will be cleaned.
W: Public-4008: Instance 'u_crop_buffer_manager/gen_box_fifos[4].u_crop_fifo/rd_ptr[10]' of 'GTP_DFF_CE' unit is dangling and will be cleaned.
W: Public-4008: Instance 'u_crop_buffer_manager/gen_box_fifos[4].u_crop_fifo/rd_ptr[11]' of 'GTP_DFF_CE' unit is dangling and will be cleaned.
W: Public-4008: Instance 'u_crop_buffer_manager/gen_box_fifos[4].u_crop_fifo/rd_ptr_gray_sync1[0]' of 'GTP_DFF_C' unit is dangling and will be cleaned.
W: Public-4008: Instance 'u_crop_buffer_manager/gen_box_fifos[4].u_crop_fifo/rd_ptr_gray_sync1[1]' of 'GTP_DFF_C' unit is dangling and will be cleaned.
W: Public-4008: Instance 'u_crop_buffer_manager/gen_box_fifos[4].u_crop_fifo/rd_ptr_gray_sync1[2]' of 'GTP_DFF_C' unit is dangling and will be cleaned.
W: Public-4008: Instance 'u_crop_buffer_manager/gen_box_fifos[4].u_crop_fifo/rd_ptr_gray_sync1[3]' of 'GTP_DFF_C' unit is dangling and will be cleaned.
W: Public-4008: Instance 'u_crop_buffer_manager/gen_box_fifos[4].u_crop_fifo/rd_ptr_gray_sync1[4]' of 'GTP_DFF_C' unit is dangling and will be cleaned.
W: Public-4008: Instance 'u_crop_buffer_manager/gen_box_fifos[4].u_crop_fifo/rd_ptr_gray_sync1[5]' of 'GTP_DFF_C' unit is dangling and will be cleaned.
W: Public-4008: Instance 'u_crop_buffer_manager/gen_box_fifos[4].u_crop_fifo/rd_ptr_gray_sync1[6]' of 'GTP_DFF_C' unit is dangling and will be cleaned.
W: Public-4008: Instance 'u_crop_buffer_manager/gen_box_fifos[4].u_crop_fifo/rd_ptr_gray_sync1[7]' of 'GTP_DFF_C' unit is dangling and will be cleaned.
W: Public-4008: Instance 'u_crop_buffer_manager/gen_box_fifos[4].u_crop_fifo/rd_ptr_gray_sync1[8]' of 'GTP_DFF_C' unit is dangling and will be cleaned.
W: Public-4008: Instance 'u_crop_buffer_manager/gen_box_fifos[4].u_crop_fifo/rd_ptr_gray_sync1[9]' of 'GTP_DFF_C' unit is dangling and will be cleaned.
W: Public-4008: Instance 'u_crop_buffer_manager/gen_box_fifos[4].u_crop_fifo/rd_ptr_gray_sync1[10]' of 'GTP_DFF_C' unit is dangling and will be cleaned.
W: Public-4008: Instance 'u_crop_buffer_manager/gen_box_fifos[4].u_crop_fifo/rd_ptr_gray_sync1[11]' of 'GTP_DFF_C' unit is dangling and will be cleaned.
W: Public-4008: Instance 'u_crop_buffer_manager/gen_box_fifos[4].u_crop_fifo/rd_ptr_gray_sync2[0]' of 'GTP_DFF_C' unit is dangling and will be cleaned.
W: Public-4008: Instance 'u_crop_buffer_manager/gen_box_fifos[4].u_crop_fifo/rd_ptr_gray_sync2[1]' of 'GTP_DFF_C' unit is dangling and will be cleaned.
W: Public-4008: Instance 'u_crop_buffer_manager/gen_box_fifos[4].u_crop_fifo/rd_ptr_gray_sync2[2]' of 'GTP_DFF_C' unit is dangling and will be cleaned.
W: Public-4008: Instance 'u_crop_buffer_manager/gen_box_fifos[4].u_crop_fifo/rd_ptr_gray_sync2[3]' of 'GTP_DFF_C' unit is dangling and will be cleaned.
W: Public-4008: Instance 'u_crop_buffer_manager/gen_box_fifos[4].u_crop_fifo/rd_ptr_gray_sync2[4]' of 'GTP_DFF_C' unit is dangling and will be cleaned.
W: Public-4008: Instance 'u_crop_buffer_manager/gen_box_fifos[4].u_crop_fifo/rd_ptr_gray_sync2[5]' of 'GTP_DFF_C' unit is dangling and will be cleaned.
W: Public-4008: Instance 'u_crop_buffer_manager/gen_box_fifos[4].u_crop_fifo/rd_ptr_gray_sync2[6]' of 'GTP_DFF_C' unit is dangling and will be cleaned.
W: Public-4008: Instance 'u_crop_buffer_manager/gen_box_fifos[4].u_crop_fifo/rd_ptr_gray_sync2[7]' of 'GTP_DFF_C' unit is dangling and will be cleaned.
W: Public-4008: Instance 'u_crop_buffer_manager/gen_box_fifos[4].u_crop_fifo/rd_ptr_gray_sync2[8]' of 'GTP_DFF_C' unit is dangling and will be cleaned.
W: Public-4008: Instance 'u_crop_buffer_manager/gen_box_fifos[4].u_crop_fifo/rd_ptr_gray_sync2[9]' of 'GTP_DFF_C' unit is dangling and will be cleaned.
W: Public-4008: Instance 'u_crop_buffer_manager/gen_box_fifos[4].u_crop_fifo/rd_ptr_gray_sync2[10]' of 'GTP_DFF_C' unit is dangling and will be cleaned.
W: Public-4008: Instance 'u_crop_buffer_manager/gen_box_fifos[4].u_crop_fifo/rd_ptr_gray_sync2[11]' of 'GTP_DFF_C' unit is dangling and will be cleaned.
W: Public-4008: Instance 'u_crop_buffer_manager/gen_box_fifos[4].u_crop_fifo/wr_ptr[0]' of 'GTP_DFF_CE' unit is dangling and will be cleaned.
W: Public-4008: Instance 'u_crop_buffer_manager/gen_box_fifos[4].u_crop_fifo/wr_ptr[1]' of 'GTP_DFF_CE' unit is dangling and will be cleaned.
W: Public-4008: Instance 'u_crop_buffer_manager/gen_box_fifos[4].u_crop_fifo/wr_ptr[2]' of 'GTP_DFF_CE' unit is dangling and will be cleaned.
W: Public-4008: Instance 'u_crop_buffer_manager/gen_box_fifos[4].u_crop_fifo/wr_ptr[3]' of 'GTP_DFF_CE' unit is dangling and will be cleaned.
W: Public-4008: Instance 'u_crop_buffer_manager/gen_box_fifos[4].u_crop_fifo/wr_ptr[4]' of 'GTP_DFF_CE' unit is dangling and will be cleaned.
W: Public-4008: Instance 'u_crop_buffer_manager/gen_box_fifos[4].u_crop_fifo/wr_ptr[5]' of 'GTP_DFF_CE' unit is dangling and will be cleaned.
W: Public-4008: Instance 'u_crop_buffer_manager/gen_box_fifos[4].u_crop_fifo/wr_ptr[6]' of 'GTP_DFF_CE' unit is dangling and will be cleaned.
W: Public-4008: Instance 'u_crop_buffer_manager/gen_box_fifos[4].u_crop_fifo/wr_ptr[7]' of 'GTP_DFF_CE' unit is dangling and will be cleaned.
W: Public-4008: Instance 'u_crop_buffer_manager/gen_box_fifos[4].u_crop_fifo/wr_ptr[8]' of 'GTP_DFF_CE' unit is dangling and will be cleaned.
W: Public-4008: Instance 'u_crop_buffer_manager/gen_box_fifos[4].u_crop_fifo/wr_ptr[9]' of 'GTP_DFF_CE' unit is dangling and will be cleaned.
W: Public-4008: Instance 'u_crop_buffer_manager/gen_box_fifos[4].u_crop_fifo/wr_ptr[10]' of 'GTP_DFF_CE' unit is dangling and will be cleaned.
W: Public-4008: Instance 'u_crop_buffer_manager/gen_box_fifos[4].u_crop_fifo/wr_ptr[11]' of 'GTP_DFF_CE' unit is dangling and will be cleaned.
W: Public-4008: Instance 'u_crop_buffer_manager/gen_box_fifos[4].u_crop_fifo/wr_ptr_gray_sync1[0]' of 'GTP_DFF_C' unit is dangling and will be cleaned.
W: Public-4008: Instance 'u_crop_buffer_manager/gen_box_fifos[4].u_crop_fifo/wr_ptr_gray_sync1[1]' of 'GTP_DFF_C' unit is dangling and will be cleaned.
W: Public-4008: Instance 'u_crop_buffer_manager/gen_box_fifos[4].u_crop_fifo/wr_ptr_gray_sync1[2]' of 'GTP_DFF_C' unit is dangling and will be cleaned.
W: Public-4008: Instance 'u_crop_buffer_manager/gen_box_fifos[4].u_crop_fifo/wr_ptr_gray_sync1[3]' of 'GTP_DFF_C' unit is dangling and will be cleaned.
W: Public-4008: Instance 'u_crop_buffer_manager/gen_box_fifos[4].u_crop_fifo/wr_ptr_gray_sync1[4]' of 'GTP_DFF_C' unit is dangling and will be cleaned.
W: Public-4008: Instance 'u_crop_buffer_manager/gen_box_fifos[4].u_crop_fifo/wr_ptr_gray_sync1[5]' of 'GTP_DFF_C' unit is dangling and will be cleaned.
W: Public-4008: Instance 'u_crop_buffer_manager/gen_box_fifos[4].u_crop_fifo/wr_ptr_gray_sync1[6]' of 'GTP_DFF_C' unit is dangling and will be cleaned.
W: Public-4008: Instance 'u_crop_buffer_manager/gen_box_fifos[4].u_crop_fifo/wr_ptr_gray_sync1[7]' of 'GTP_DFF_C' unit is dangling and will be cleaned.
W: Public-4008: Instance 'u_crop_buffer_manager/gen_box_fifos[4].u_crop_fifo/wr_ptr_gray_sync1[8]' of 'GTP_DFF_C' unit is dangling and will be cleaned.
W: Public-4008: Instance 'u_crop_buffer_manager/gen_box_fifos[4].u_crop_fifo/wr_ptr_gray_sync1[9]' of 'GTP_DFF_C' unit is dangling and will be cleaned.
W: Public-4008: Instance 'u_crop_buffer_manager/gen_box_fifos[4].u_crop_fifo/wr_ptr_gray_sync1[10]' of 'GTP_DFF_C' unit is dangling and will be cleaned.
W: Public-4008: Instance 'u_crop_buffer_manager/gen_box_fifos[4].u_crop_fifo/wr_ptr_gray_sync1[11]' of 'GTP_DFF_C' unit is dangling and will be cleaned.
W: Public-4008: Instance 'u_crop_buffer_manager/gen_box_fifos[4].u_crop_fifo/wr_ptr_gray_sync2[0]' of 'GTP_DFF_C' unit is dangling and will be cleaned.
W: Public-4008: Instance 'u_crop_buffer_manager/gen_box_fifos[4].u_crop_fifo/wr_ptr_gray_sync2[1]' of 'GTP_DFF_C' unit is dangling and will be cleaned.
W: Public-4008: Instance 'u_crop_buffer_manager/gen_box_fifos[4].u_crop_fifo/wr_ptr_gray_sync2[2]' of 'GTP_DFF_C' unit is dangling and will be cleaned.
W: Public-4008: Instance 'u_crop_buffer_manager/gen_box_fifos[4].u_crop_fifo/wr_ptr_gray_sync2[3]' of 'GTP_DFF_C' unit is dangling and will be cleaned.
W: Public-4008: Instance 'u_crop_buffer_manager/gen_box_fifos[4].u_crop_fifo/wr_ptr_gray_sync2[4]' of 'GTP_DFF_C' unit is dangling and will be cleaned.
W: Public-4008: Instance 'u_crop_buffer_manager/gen_box_fifos[4].u_crop_fifo/wr_ptr_gray_sync2[5]' of 'GTP_DFF_C' unit is dangling and will be cleaned.
W: Public-4008: Instance 'u_crop_buffer_manager/gen_box_fifos[4].u_crop_fifo/wr_ptr_gray_sync2[6]' of 'GTP_DFF_C' unit is dangling and will be cleaned.
W: Public-4008: Instance 'u_crop_buffer_manager/gen_box_fifos[4].u_crop_fifo/wr_ptr_gray_sync2[7]' of 'GTP_DFF_C' unit is dangling and will be cleaned.
W: Public-4008: Instance 'u_crop_buffer_manager/gen_box_fifos[4].u_crop_fifo/wr_ptr_gray_sync2[8]' of 'GTP_DFF_C' unit is dangling and will be cleaned.
W: Public-4008: Instance 'u_crop_buffer_manager/gen_box_fifos[4].u_crop_fifo/wr_ptr_gray_sync2[9]' of 'GTP_DFF_C' unit is dangling and will be cleaned.
W: Public-4008: Instance 'u_crop_buffer_manager/gen_box_fifos[4].u_crop_fifo/wr_ptr_gray_sync2[10]' of 'GTP_DFF_C' unit is dangling and will be cleaned.
W: Public-4008: Instance 'u_crop_buffer_manager/gen_box_fifos[4].u_crop_fifo/wr_ptr_gray_sync2[11]' of 'GTP_DFF_C' unit is dangling and will be cleaned.
W: Public-4008: Instance 'u_crop_buffer_manager/gen_box_fifos[5].u_crop_fifo/rd_ptr[0]' of 'GTP_DFF_CE' unit is dangling and will be cleaned.
W: Public-4008: Instance 'u_crop_buffer_manager/gen_box_fifos[5].u_crop_fifo/rd_ptr[1]' of 'GTP_DFF_CE' unit is dangling and will be cleaned.
W: Public-4008: Instance 'u_crop_buffer_manager/gen_box_fifos[5].u_crop_fifo/rd_ptr[2]' of 'GTP_DFF_CE' unit is dangling and will be cleaned.
W: Public-4008: Instance 'u_crop_buffer_manager/gen_box_fifos[5].u_crop_fifo/rd_ptr[3]' of 'GTP_DFF_CE' unit is dangling and will be cleaned.
W: Public-4008: Instance 'u_crop_buffer_manager/gen_box_fifos[5].u_crop_fifo/rd_ptr[4]' of 'GTP_DFF_CE' unit is dangling and will be cleaned.
W: Public-4008: Instance 'u_crop_buffer_manager/gen_box_fifos[5].u_crop_fifo/rd_ptr[5]' of 'GTP_DFF_CE' unit is dangling and will be cleaned.
W: Public-4008: Instance 'u_crop_buffer_manager/gen_box_fifos[5].u_crop_fifo/rd_ptr[6]' of 'GTP_DFF_CE' unit is dangling and will be cleaned.
W: Public-4008: Instance 'u_crop_buffer_manager/gen_box_fifos[5].u_crop_fifo/rd_ptr[7]' of 'GTP_DFF_CE' unit is dangling and will be cleaned.
W: Public-4008: Instance 'u_crop_buffer_manager/gen_box_fifos[5].u_crop_fifo/rd_ptr[8]' of 'GTP_DFF_CE' unit is dangling and will be cleaned.
W: Public-4008: Instance 'u_crop_buffer_manager/gen_box_fifos[5].u_crop_fifo/rd_ptr[9]' of 'GTP_DFF_CE' unit is dangling and will be cleaned.
W: Public-4008: Instance 'u_crop_buffer_manager/gen_box_fifos[5].u_crop_fifo/rd_ptr[10]' of 'GTP_DFF_CE' unit is dangling and will be cleaned.
W: Public-4008: Instance 'u_crop_buffer_manager/gen_box_fifos[5].u_crop_fifo/rd_ptr[11]' of 'GTP_DFF_CE' unit is dangling and will be cleaned.
W: Public-4008: Instance 'u_crop_buffer_manager/gen_box_fifos[5].u_crop_fifo/rd_ptr_gray_sync1[0]' of 'GTP_DFF_C' unit is dangling and will be cleaned.
W: Public-4008: Instance 'u_crop_buffer_manager/gen_box_fifos[5].u_crop_fifo/rd_ptr_gray_sync1[1]' of 'GTP_DFF_C' unit is dangling and will be cleaned.
W: Public-4008: Instance 'u_crop_buffer_manager/gen_box_fifos[5].u_crop_fifo/rd_ptr_gray_sync1[2]' of 'GTP_DFF_C' unit is dangling and will be cleaned.
W: Public-4008: Instance 'u_crop_buffer_manager/gen_box_fifos[5].u_crop_fifo/rd_ptr_gray_sync1[3]' of 'GTP_DFF_C' unit is dangling and will be cleaned.
W: Public-4008: Instance 'u_crop_buffer_manager/gen_box_fifos[5].u_crop_fifo/rd_ptr_gray_sync1[4]' of 'GTP_DFF_C' unit is dangling and will be cleaned.
W: Public-4008: Instance 'u_crop_buffer_manager/gen_box_fifos[5].u_crop_fifo/rd_ptr_gray_sync1[5]' of 'GTP_DFF_C' unit is dangling and will be cleaned.
W: Public-4008: Instance 'u_crop_buffer_manager/gen_box_fifos[5].u_crop_fifo/rd_ptr_gray_sync1[6]' of 'GTP_DFF_C' unit is dangling and will be cleaned.
W: Public-4008: Instance 'u_crop_buffer_manager/gen_box_fifos[5].u_crop_fifo/rd_ptr_gray_sync1[7]' of 'GTP_DFF_C' unit is dangling and will be cleaned.
W: Public-4008: Instance 'u_crop_buffer_manager/gen_box_fifos[5].u_crop_fifo/rd_ptr_gray_sync1[8]' of 'GTP_DFF_C' unit is dangling and will be cleaned.
W: Public-4008: Instance 'u_crop_buffer_manager/gen_box_fifos[5].u_crop_fifo/rd_ptr_gray_sync1[9]' of 'GTP_DFF_C' unit is dangling and will be cleaned.
W: Public-4008: Instance 'u_crop_buffer_manager/gen_box_fifos[5].u_crop_fifo/rd_ptr_gray_sync1[10]' of 'GTP_DFF_C' unit is dangling and will be cleaned.
W: Public-4008: Instance 'u_crop_buffer_manager/gen_box_fifos[5].u_crop_fifo/rd_ptr_gray_sync1[11]' of 'GTP_DFF_C' unit is dangling and will be cleaned.
W: Public-4008: Instance 'u_crop_buffer_manager/gen_box_fifos[5].u_crop_fifo/rd_ptr_gray_sync2[0]' of 'GTP_DFF_C' unit is dangling and will be cleaned.
W: Public-4008: Instance 'u_crop_buffer_manager/gen_box_fifos[5].u_crop_fifo/rd_ptr_gray_sync2[1]' of 'GTP_DFF_C' unit is dangling and will be cleaned.
W: Public-4008: Instance 'u_crop_buffer_manager/gen_box_fifos[5].u_crop_fifo/rd_ptr_gray_sync2[2]' of 'GTP_DFF_C' unit is dangling and will be cleaned.
W: Public-4008: Instance 'u_crop_buffer_manager/gen_box_fifos[5].u_crop_fifo/rd_ptr_gray_sync2[3]' of 'GTP_DFF_C' unit is dangling and will be cleaned.
W: Public-4008: Instance 'u_crop_buffer_manager/gen_box_fifos[5].u_crop_fifo/rd_ptr_gray_sync2[4]' of 'GTP_DFF_C' unit is dangling and will be cleaned.
W: Public-4008: Instance 'u_crop_buffer_manager/gen_box_fifos[5].u_crop_fifo/rd_ptr_gray_sync2[5]' of 'GTP_DFF_C' unit is dangling and will be cleaned.
W: Public-4008: Instance 'u_crop_buffer_manager/gen_box_fifos[5].u_crop_fifo/rd_ptr_gray_sync2[6]' of 'GTP_DFF_C' unit is dangling and will be cleaned.
W: Public-4008: Instance 'u_crop_buffer_manager/gen_box_fifos[5].u_crop_fifo/rd_ptr_gray_sync2[7]' of 'GTP_DFF_C' unit is dangling and will be cleaned.
W: Public-4008: Instance 'u_crop_buffer_manager/gen_box_fifos[5].u_crop_fifo/rd_ptr_gray_sync2[8]' of 'GTP_DFF_C' unit is dangling and will be cleaned.
W: Public-4008: Instance 'u_crop_buffer_manager/gen_box_fifos[5].u_crop_fifo/rd_ptr_gray_sync2[9]' of 'GTP_DFF_C' unit is dangling and will be cleaned.
W: Public-4008: Instance 'u_crop_buffer_manager/gen_box_fifos[5].u_crop_fifo/rd_ptr_gray_sync2[10]' of 'GTP_DFF_C' unit is dangling and will be cleaned.
W: Public-4008: Instance 'u_crop_buffer_manager/gen_box_fifos[5].u_crop_fifo/rd_ptr_gray_sync2[11]' of 'GTP_DFF_C' unit is dangling and will be cleaned.
W: Public-4008: Instance 'u_crop_buffer_manager/gen_box_fifos[5].u_crop_fifo/wr_ptr[0]' of 'GTP_DFF_CE' unit is dangling and will be cleaned.
W: Public-4008: Instance 'u_crop_buffer_manager/gen_box_fifos[5].u_crop_fifo/wr_ptr[1]' of 'GTP_DFF_CE' unit is dangling and will be cleaned.
W: Public-4008: Instance 'u_crop_buffer_manager/gen_box_fifos[5].u_crop_fifo/wr_ptr[2]' of 'GTP_DFF_CE' unit is dangling and will be cleaned.
W: Public-4008: Instance 'u_crop_buffer_manager/gen_box_fifos[5].u_crop_fifo/wr_ptr[3]' of 'GTP_DFF_CE' unit is dangling and will be cleaned.
W: Public-4008: Instance 'u_crop_buffer_manager/gen_box_fifos[5].u_crop_fifo/wr_ptr[4]' of 'GTP_DFF_CE' unit is dangling and will be cleaned.
W: Public-4008: Instance 'u_crop_buffer_manager/gen_box_fifos[5].u_crop_fifo/wr_ptr[5]' of 'GTP_DFF_CE' unit is dangling and will be cleaned.
W: Public-4008: Instance 'u_crop_buffer_manager/gen_box_fifos[5].u_crop_fifo/wr_ptr[6]' of 'GTP_DFF_CE' unit is dangling and will be cleaned.
W: Public-4008: Instance 'u_crop_buffer_manager/gen_box_fifos[5].u_crop_fifo/wr_ptr[7]' of 'GTP_DFF_CE' unit is dangling and will be cleaned.
W: Public-4008: Instance 'u_crop_buffer_manager/gen_box_fifos[5].u_crop_fifo/wr_ptr[8]' of 'GTP_DFF_CE' unit is dangling and will be cleaned.
W: Public-4008: Instance 'u_crop_buffer_manager/gen_box_fifos[5].u_crop_fifo/wr_ptr[9]' of 'GTP_DFF_CE' unit is dangling and will be cleaned.
W: Public-4008: Instance 'u_crop_buffer_manager/gen_box_fifos[5].u_crop_fifo/wr_ptr[10]' of 'GTP_DFF_CE' unit is dangling and will be cleaned.
W: Public-4008: Instance 'u_crop_buffer_manager/gen_box_fifos[5].u_crop_fifo/wr_ptr[11]' of 'GTP_DFF_CE' unit is dangling and will be cleaned.
W: Public-4008: Instance 'u_crop_buffer_manager/gen_box_fifos[5].u_crop_fifo/wr_ptr_gray_sync1[0]' of 'GTP_DFF_C' unit is dangling and will be cleaned.
W: Public-4008: Instance 'u_crop_buffer_manager/gen_box_fifos[5].u_crop_fifo/wr_ptr_gray_sync1[1]' of 'GTP_DFF_C' unit is dangling and will be cleaned.
W: Public-4008: Instance 'u_crop_buffer_manager/gen_box_fifos[5].u_crop_fifo/wr_ptr_gray_sync1[2]' of 'GTP_DFF_C' unit is dangling and will be cleaned.
W: Public-4008: Instance 'u_crop_buffer_manager/gen_box_fifos[5].u_crop_fifo/wr_ptr_gray_sync1[3]' of 'GTP_DFF_C' unit is dangling and will be cleaned.
W: Public-4008: Instance 'u_crop_buffer_manager/gen_box_fifos[5].u_crop_fifo/wr_ptr_gray_sync1[4]' of 'GTP_DFF_C' unit is dangling and will be cleaned.
W: Public-4008: Instance 'u_crop_buffer_manager/gen_box_fifos[5].u_crop_fifo/wr_ptr_gray_sync1[5]' of 'GTP_DFF_C' unit is dangling and will be cleaned.
W: Public-4008: Instance 'u_crop_buffer_manager/gen_box_fifos[5].u_crop_fifo/wr_ptr_gray_sync1[6]' of 'GTP_DFF_C' unit is dangling and will be cleaned.
W: Public-4008: Instance 'u_crop_buffer_manager/gen_box_fifos[5].u_crop_fifo/wr_ptr_gray_sync1[7]' of 'GTP_DFF_C' unit is dangling and will be cleaned.
W: Public-4008: Instance 'u_crop_buffer_manager/gen_box_fifos[5].u_crop_fifo/wr_ptr_gray_sync1[8]' of 'GTP_DFF_C' unit is dangling and will be cleaned.
W: Public-4008: Instance 'u_crop_buffer_manager/gen_box_fifos[5].u_crop_fifo/wr_ptr_gray_sync1[9]' of 'GTP_DFF_C' unit is dangling and will be cleaned.
W: Public-4008: Instance 'u_crop_buffer_manager/gen_box_fifos[5].u_crop_fifo/wr_ptr_gray_sync1[10]' of 'GTP_DFF_C' unit is dangling and will be cleaned.
W: Public-4008: Instance 'u_crop_buffer_manager/gen_box_fifos[5].u_crop_fifo/wr_ptr_gray_sync1[11]' of 'GTP_DFF_C' unit is dangling and will be cleaned.
W: Public-4008: Instance 'u_crop_buffer_manager/gen_box_fifos[5].u_crop_fifo/wr_ptr_gray_sync2[0]' of 'GTP_DFF_C' unit is dangling and will be cleaned.
W: Public-4008: Instance 'u_crop_buffer_manager/gen_box_fifos[5].u_crop_fifo/wr_ptr_gray_sync2[1]' of 'GTP_DFF_C' unit is dangling and will be cleaned.
W: Public-4008: Instance 'u_crop_buffer_manager/gen_box_fifos[5].u_crop_fifo/wr_ptr_gray_sync2[2]' of 'GTP_DFF_C' unit is dangling and will be cleaned.
W: Public-4008: Instance 'u_crop_buffer_manager/gen_box_fifos[5].u_crop_fifo/wr_ptr_gray_sync2[3]' of 'GTP_DFF_C' unit is dangling and will be cleaned.
W: Public-4008: Instance 'u_crop_buffer_manager/gen_box_fifos[5].u_crop_fifo/wr_ptr_gray_sync2[4]' of 'GTP_DFF_C' unit is dangling and will be cleaned.
W: Public-4008: Instance 'u_crop_buffer_manager/gen_box_fifos[5].u_crop_fifo/wr_ptr_gray_sync2[5]' of 'GTP_DFF_C' unit is dangling and will be cleaned.
W: Public-4008: Instance 'u_crop_buffer_manager/gen_box_fifos[5].u_crop_fifo/wr_ptr_gray_sync2[6]' of 'GTP_DFF_C' unit is dangling and will be cleaned.
W: Public-4008: Instance 'u_crop_buffer_manager/gen_box_fifos[5].u_crop_fifo/wr_ptr_gray_sync2[7]' of 'GTP_DFF_C' unit is dangling and will be cleaned.
W: Public-4008: Instance 'u_crop_buffer_manager/gen_box_fifos[5].u_crop_fifo/wr_ptr_gray_sync2[8]' of 'GTP_DFF_C' unit is dangling and will be cleaned.
W: Public-4008: Instance 'u_crop_buffer_manager/gen_box_fifos[5].u_crop_fifo/wr_ptr_gray_sync2[9]' of 'GTP_DFF_C' unit is dangling and will be cleaned.
W: Public-4008: Instance 'u_crop_buffer_manager/gen_box_fifos[5].u_crop_fifo/wr_ptr_gray_sync2[10]' of 'GTP_DFF_C' unit is dangling and will be cleaned.
W: Public-4008: Instance 'u_crop_buffer_manager/gen_box_fifos[5].u_crop_fifo/wr_ptr_gray_sync2[11]' of 'GTP_DFF_C' unit is dangling and will be cleaned.
W: Public-4008: Instance 'u_crop_buffer_manager/gen_box_fifos[6].u_crop_fifo/rd_ptr[0]' of 'GTP_DFF_CE' unit is dangling and will be cleaned.
W: Public-4008: Instance 'u_crop_buffer_manager/gen_box_fifos[6].u_crop_fifo/rd_ptr[1]' of 'GTP_DFF_CE' unit is dangling and will be cleaned.
W: Public-4008: Instance 'u_crop_buffer_manager/gen_box_fifos[6].u_crop_fifo/rd_ptr[2]' of 'GTP_DFF_CE' unit is dangling and will be cleaned.
W: Public-4008: Instance 'u_crop_buffer_manager/gen_box_fifos[6].u_crop_fifo/rd_ptr[3]' of 'GTP_DFF_CE' unit is dangling and will be cleaned.
W: Public-4008: Instance 'u_crop_buffer_manager/gen_box_fifos[6].u_crop_fifo/rd_ptr[4]' of 'GTP_DFF_CE' unit is dangling and will be cleaned.
W: Public-4008: Instance 'u_crop_buffer_manager/gen_box_fifos[6].u_crop_fifo/rd_ptr[5]' of 'GTP_DFF_CE' unit is dangling and will be cleaned.
W: Public-4008: Instance 'u_crop_buffer_manager/gen_box_fifos[6].u_crop_fifo/rd_ptr[6]' of 'GTP_DFF_CE' unit is dangling and will be cleaned.
W: Public-4008: Instance 'u_crop_buffer_manager/gen_box_fifos[6].u_crop_fifo/rd_ptr[7]' of 'GTP_DFF_CE' unit is dangling and will be cleaned.
W: Public-4008: Instance 'u_crop_buffer_manager/gen_box_fifos[6].u_crop_fifo/rd_ptr[8]' of 'GTP_DFF_CE' unit is dangling and will be cleaned.
W: Public-4008: Instance 'u_crop_buffer_manager/gen_box_fifos[6].u_crop_fifo/rd_ptr[9]' of 'GTP_DFF_CE' unit is dangling and will be cleaned.
W: Public-4008: Instance 'u_crop_buffer_manager/gen_box_fifos[6].u_crop_fifo/rd_ptr[10]' of 'GTP_DFF_CE' unit is dangling and will be cleaned.
W: Public-4008: Instance 'u_crop_buffer_manager/gen_box_fifos[6].u_crop_fifo/rd_ptr[11]' of 'GTP_DFF_CE' unit is dangling and will be cleaned.
W: Public-4008: Instance 'u_crop_buffer_manager/gen_box_fifos[6].u_crop_fifo/rd_ptr_gray_sync1[0]' of 'GTP_DFF_C' unit is dangling and will be cleaned.
W: Public-4008: Instance 'u_crop_buffer_manager/gen_box_fifos[6].u_crop_fifo/rd_ptr_gray_sync1[1]' of 'GTP_DFF_C' unit is dangling and will be cleaned.
W: Public-4008: Instance 'u_crop_buffer_manager/gen_box_fifos[6].u_crop_fifo/rd_ptr_gray_sync1[2]' of 'GTP_DFF_C' unit is dangling and will be cleaned.
W: Public-4008: Instance 'u_crop_buffer_manager/gen_box_fifos[6].u_crop_fifo/rd_ptr_gray_sync1[3]' of 'GTP_DFF_C' unit is dangling and will be cleaned.
W: Public-4008: Instance 'u_crop_buffer_manager/gen_box_fifos[6].u_crop_fifo/rd_ptr_gray_sync1[4]' of 'GTP_DFF_C' unit is dangling and will be cleaned.
W: Public-4008: Instance 'u_crop_buffer_manager/gen_box_fifos[6].u_crop_fifo/rd_ptr_gray_sync1[5]' of 'GTP_DFF_C' unit is dangling and will be cleaned.
W: Public-4008: Instance 'u_crop_buffer_manager/gen_box_fifos[6].u_crop_fifo/rd_ptr_gray_sync1[6]' of 'GTP_DFF_C' unit is dangling and will be cleaned.
W: Public-4008: Instance 'u_crop_buffer_manager/gen_box_fifos[6].u_crop_fifo/rd_ptr_gray_sync1[7]' of 'GTP_DFF_C' unit is dangling and will be cleaned.
W: Public-4008: Instance 'u_crop_buffer_manager/gen_box_fifos[6].u_crop_fifo/rd_ptr_gray_sync1[8]' of 'GTP_DFF_C' unit is dangling and will be cleaned.
W: Public-4008: Instance 'u_crop_buffer_manager/gen_box_fifos[6].u_crop_fifo/rd_ptr_gray_sync1[9]' of 'GTP_DFF_C' unit is dangling and will be cleaned.
W: Public-4008: Instance 'u_crop_buffer_manager/gen_box_fifos[6].u_crop_fifo/rd_ptr_gray_sync1[10]' of 'GTP_DFF_C' unit is dangling and will be cleaned.
W: Public-4008: Instance 'u_crop_buffer_manager/gen_box_fifos[6].u_crop_fifo/rd_ptr_gray_sync1[11]' of 'GTP_DFF_C' unit is dangling and will be cleaned.
W: Public-4008: Instance 'u_crop_buffer_manager/gen_box_fifos[6].u_crop_fifo/rd_ptr_gray_sync2[0]' of 'GTP_DFF_C' unit is dangling and will be cleaned.
W: Public-4008: Instance 'u_crop_buffer_manager/gen_box_fifos[6].u_crop_fifo/rd_ptr_gray_sync2[1]' of 'GTP_DFF_C' unit is dangling and will be cleaned.
W: Public-4008: Instance 'u_crop_buffer_manager/gen_box_fifos[6].u_crop_fifo/rd_ptr_gray_sync2[2]' of 'GTP_DFF_C' unit is dangling and will be cleaned.
W: Public-4008: Instance 'u_crop_buffer_manager/gen_box_fifos[6].u_crop_fifo/rd_ptr_gray_sync2[3]' of 'GTP_DFF_C' unit is dangling and will be cleaned.
W: Public-4008: Instance 'u_crop_buffer_manager/gen_box_fifos[6].u_crop_fifo/rd_ptr_gray_sync2[4]' of 'GTP_DFF_C' unit is dangling and will be cleaned.
W: Public-4008: Instance 'u_crop_buffer_manager/gen_box_fifos[6].u_crop_fifo/rd_ptr_gray_sync2[5]' of 'GTP_DFF_C' unit is dangling and will be cleaned.
W: Public-4008: Instance 'u_crop_buffer_manager/gen_box_fifos[6].u_crop_fifo/rd_ptr_gray_sync2[6]' of 'GTP_DFF_C' unit is dangling and will be cleaned.
W: Public-4008: Instance 'u_crop_buffer_manager/gen_box_fifos[6].u_crop_fifo/rd_ptr_gray_sync2[7]' of 'GTP_DFF_C' unit is dangling and will be cleaned.
W: Public-4008: Instance 'u_crop_buffer_manager/gen_box_fifos[6].u_crop_fifo/rd_ptr_gray_sync2[8]' of 'GTP_DFF_C' unit is dangling and will be cleaned.
W: Public-4008: Instance 'u_crop_buffer_manager/gen_box_fifos[6].u_crop_fifo/rd_ptr_gray_sync2[9]' of 'GTP_DFF_C' unit is dangling and will be cleaned.
W: Public-4008: Instance 'u_crop_buffer_manager/gen_box_fifos[6].u_crop_fifo/rd_ptr_gray_sync2[10]' of 'GTP_DFF_C' unit is dangling and will be cleaned.
W: Public-4008: Instance 'u_crop_buffer_manager/gen_box_fifos[6].u_crop_fifo/rd_ptr_gray_sync2[11]' of 'GTP_DFF_C' unit is dangling and will be cleaned.
W: Public-4008: Instance 'u_crop_buffer_manager/gen_box_fifos[6].u_crop_fifo/wr_ptr[0]' of 'GTP_DFF_CE' unit is dangling and will be cleaned.
W: Public-4008: Instance 'u_crop_buffer_manager/gen_box_fifos[6].u_crop_fifo/wr_ptr[1]' of 'GTP_DFF_CE' unit is dangling and will be cleaned.
W: Public-4008: Instance 'u_crop_buffer_manager/gen_box_fifos[6].u_crop_fifo/wr_ptr[2]' of 'GTP_DFF_CE' unit is dangling and will be cleaned.
W: Public-4008: Instance 'u_crop_buffer_manager/gen_box_fifos[6].u_crop_fifo/wr_ptr[3]' of 'GTP_DFF_CE' unit is dangling and will be cleaned.
W: Public-4008: Instance 'u_crop_buffer_manager/gen_box_fifos[6].u_crop_fifo/wr_ptr[4]' of 'GTP_DFF_CE' unit is dangling and will be cleaned.
W: Public-4008: Instance 'u_crop_buffer_manager/gen_box_fifos[6].u_crop_fifo/wr_ptr[5]' of 'GTP_DFF_CE' unit is dangling and will be cleaned.
W: Public-4008: Instance 'u_crop_buffer_manager/gen_box_fifos[6].u_crop_fifo/wr_ptr[6]' of 'GTP_DFF_CE' unit is dangling and will be cleaned.
W: Public-4008: Instance 'u_crop_buffer_manager/gen_box_fifos[6].u_crop_fifo/wr_ptr[7]' of 'GTP_DFF_CE' unit is dangling and will be cleaned.
W: Public-4008: Instance 'u_crop_buffer_manager/gen_box_fifos[6].u_crop_fifo/wr_ptr[8]' of 'GTP_DFF_CE' unit is dangling and will be cleaned.
W: Public-4008: Instance 'u_crop_buffer_manager/gen_box_fifos[6].u_crop_fifo/wr_ptr[9]' of 'GTP_DFF_CE' unit is dangling and will be cleaned.
W: Public-4008: Instance 'u_crop_buffer_manager/gen_box_fifos[6].u_crop_fifo/wr_ptr[10]' of 'GTP_DFF_CE' unit is dangling and will be cleaned.
W: Public-4008: Instance 'u_crop_buffer_manager/gen_box_fifos[6].u_crop_fifo/wr_ptr[11]' of 'GTP_DFF_CE' unit is dangling and will be cleaned.
W: Public-4008: Instance 'u_crop_buffer_manager/gen_box_fifos[6].u_crop_fifo/wr_ptr_gray_sync1[0]' of 'GTP_DFF_C' unit is dangling and will be cleaned.
W: Public-4008: Instance 'u_crop_buffer_manager/gen_box_fifos[6].u_crop_fifo/wr_ptr_gray_sync1[1]' of 'GTP_DFF_C' unit is dangling and will be cleaned.
W: Public-4008: Instance 'u_crop_buffer_manager/gen_box_fifos[6].u_crop_fifo/wr_ptr_gray_sync1[2]' of 'GTP_DFF_C' unit is dangling and will be cleaned.
W: Public-4008: Instance 'u_crop_buffer_manager/gen_box_fifos[6].u_crop_fifo/wr_ptr_gray_sync1[3]' of 'GTP_DFF_C' unit is dangling and will be cleaned.
W: Public-4008: Instance 'u_crop_buffer_manager/gen_box_fifos[6].u_crop_fifo/wr_ptr_gray_sync1[4]' of 'GTP_DFF_C' unit is dangling and will be cleaned.
W: Public-4008: Instance 'u_crop_buffer_manager/gen_box_fifos[6].u_crop_fifo/wr_ptr_gray_sync1[5]' of 'GTP_DFF_C' unit is dangling and will be cleaned.
W: Public-4008: Instance 'u_crop_buffer_manager/gen_box_fifos[6].u_crop_fifo/wr_ptr_gray_sync1[6]' of 'GTP_DFF_C' unit is dangling and will be cleaned.
W: Public-4008: Instance 'u_crop_buffer_manager/gen_box_fifos[6].u_crop_fifo/wr_ptr_gray_sync1[7]' of 'GTP_DFF_C' unit is dangling and will be cleaned.
W: Public-4008: Instance 'u_crop_buffer_manager/gen_box_fifos[6].u_crop_fifo/wr_ptr_gray_sync1[8]' of 'GTP_DFF_C' unit is dangling and will be cleaned.
W: Public-4008: Instance 'u_crop_buffer_manager/gen_box_fifos[6].u_crop_fifo/wr_ptr_gray_sync1[9]' of 'GTP_DFF_C' unit is dangling and will be cleaned.
W: Public-4008: Instance 'u_crop_buffer_manager/gen_box_fifos[6].u_crop_fifo/wr_ptr_gray_sync1[10]' of 'GTP_DFF_C' unit is dangling and will be cleaned.
W: Public-4008: Instance 'u_crop_buffer_manager/gen_box_fifos[6].u_crop_fifo/wr_ptr_gray_sync1[11]' of 'GTP_DFF_C' unit is dangling and will be cleaned.
W: Public-4008: Instance 'u_crop_buffer_manager/gen_box_fifos[6].u_crop_fifo/wr_ptr_gray_sync2[0]' of 'GTP_DFF_C' unit is dangling and will be cleaned.
W: Public-4008: Instance 'u_crop_buffer_manager/gen_box_fifos[6].u_crop_fifo/wr_ptr_gray_sync2[1]' of 'GTP_DFF_C' unit is dangling and will be cleaned.
W: Public-4008: Instance 'u_crop_buffer_manager/gen_box_fifos[6].u_crop_fifo/wr_ptr_gray_sync2[2]' of 'GTP_DFF_C' unit is dangling and will be cleaned.
W: Public-4008: Instance 'u_crop_buffer_manager/gen_box_fifos[6].u_crop_fifo/wr_ptr_gray_sync2[3]' of 'GTP_DFF_C' unit is dangling and will be cleaned.
W: Public-4008: Instance 'u_crop_buffer_manager/gen_box_fifos[6].u_crop_fifo/wr_ptr_gray_sync2[4]' of 'GTP_DFF_C' unit is dangling and will be cleaned.
W: Public-4008: Instance 'u_crop_buffer_manager/gen_box_fifos[6].u_crop_fifo/wr_ptr_gray_sync2[5]' of 'GTP_DFF_C' unit is dangling and will be cleaned.
W: Public-4008: Instance 'u_crop_buffer_manager/gen_box_fifos[6].u_crop_fifo/wr_ptr_gray_sync2[6]' of 'GTP_DFF_C' unit is dangling and will be cleaned.
W: Public-4008: Instance 'u_crop_buffer_manager/gen_box_fifos[6].u_crop_fifo/wr_ptr_gray_sync2[7]' of 'GTP_DFF_C' unit is dangling and will be cleaned.
W: Public-4008: Instance 'u_crop_buffer_manager/gen_box_fifos[6].u_crop_fifo/wr_ptr_gray_sync2[8]' of 'GTP_DFF_C' unit is dangling and will be cleaned.
W: Public-4008: Instance 'u_crop_buffer_manager/gen_box_fifos[6].u_crop_fifo/wr_ptr_gray_sync2[9]' of 'GTP_DFF_C' unit is dangling and will be cleaned.
W: Public-4008: Instance 'u_crop_buffer_manager/gen_box_fifos[6].u_crop_fifo/wr_ptr_gray_sync2[10]' of 'GTP_DFF_C' unit is dangling and will be cleaned.
W: Public-4008: Instance 'u_crop_buffer_manager/gen_box_fifos[6].u_crop_fifo/wr_ptr_gray_sync2[11]' of 'GTP_DFF_C' unit is dangling and will be cleaned.
W: Public-4008: Instance 'u_crop_buffer_manager/gen_box_fifos[7].u_crop_fifo/rd_ptr[0]' of 'GTP_DFF_CE' unit is dangling and will be cleaned.
W: Public-4008: Instance 'u_crop_buffer_manager/gen_box_fifos[7].u_crop_fifo/rd_ptr[1]' of 'GTP_DFF_CE' unit is dangling and will be cleaned.
W: Public-4008: Instance 'u_crop_buffer_manager/gen_box_fifos[7].u_crop_fifo/rd_ptr[2]' of 'GTP_DFF_CE' unit is dangling and will be cleaned.
W: Public-4008: Instance 'u_crop_buffer_manager/gen_box_fifos[7].u_crop_fifo/rd_ptr[3]' of 'GTP_DFF_CE' unit is dangling and will be cleaned.
W: Public-4008: Instance 'u_crop_buffer_manager/gen_box_fifos[7].u_crop_fifo/rd_ptr[4]' of 'GTP_DFF_CE' unit is dangling and will be cleaned.
W: Public-4008: Instance 'u_crop_buffer_manager/gen_box_fifos[7].u_crop_fifo/rd_ptr[5]' of 'GTP_DFF_CE' unit is dangling and will be cleaned.
W: Public-4008: Instance 'u_crop_buffer_manager/gen_box_fifos[7].u_crop_fifo/rd_ptr[6]' of 'GTP_DFF_CE' unit is dangling and will be cleaned.
W: Public-4008: Instance 'u_crop_buffer_manager/gen_box_fifos[7].u_crop_fifo/rd_ptr[7]' of 'GTP_DFF_CE' unit is dangling and will be cleaned.
W: Public-4008: Instance 'u_crop_buffer_manager/gen_box_fifos[7].u_crop_fifo/rd_ptr[8]' of 'GTP_DFF_CE' unit is dangling and will be cleaned.
W: Public-4008: Instance 'u_crop_buffer_manager/gen_box_fifos[7].u_crop_fifo/rd_ptr[9]' of 'GTP_DFF_CE' unit is dangling and will be cleaned.
W: Public-4008: Instance 'u_crop_buffer_manager/gen_box_fifos[7].u_crop_fifo/rd_ptr[10]' of 'GTP_DFF_CE' unit is dangling and will be cleaned.
W: Public-4008: Instance 'u_crop_buffer_manager/gen_box_fifos[7].u_crop_fifo/rd_ptr[11]' of 'GTP_DFF_CE' unit is dangling and will be cleaned.
W: Public-4008: Instance 'u_crop_buffer_manager/gen_box_fifos[7].u_crop_fifo/rd_ptr_gray_sync1[0]' of 'GTP_DFF_C' unit is dangling and will be cleaned.
W: Public-4008: Instance 'u_crop_buffer_manager/gen_box_fifos[7].u_crop_fifo/rd_ptr_gray_sync1[1]' of 'GTP_DFF_C' unit is dangling and will be cleaned.
W: Public-4008: Instance 'u_crop_buffer_manager/gen_box_fifos[7].u_crop_fifo/rd_ptr_gray_sync1[2]' of 'GTP_DFF_C' unit is dangling and will be cleaned.
W: Public-4008: Instance 'u_crop_buffer_manager/gen_box_fifos[7].u_crop_fifo/rd_ptr_gray_sync1[3]' of 'GTP_DFF_C' unit is dangling and will be cleaned.
W: Public-4008: Instance 'u_crop_buffer_manager/gen_box_fifos[7].u_crop_fifo/rd_ptr_gray_sync1[4]' of 'GTP_DFF_C' unit is dangling and will be cleaned.
W: Public-4008: Instance 'u_crop_buffer_manager/gen_box_fifos[7].u_crop_fifo/rd_ptr_gray_sync1[5]' of 'GTP_DFF_C' unit is dangling and will be cleaned.
W: Public-4008: Instance 'u_crop_buffer_manager/gen_box_fifos[7].u_crop_fifo/rd_ptr_gray_sync1[6]' of 'GTP_DFF_C' unit is dangling and will be cleaned.
W: Public-4008: Instance 'u_crop_buffer_manager/gen_box_fifos[7].u_crop_fifo/rd_ptr_gray_sync1[7]' of 'GTP_DFF_C' unit is dangling and will be cleaned.
W: Public-4008: Instance 'u_crop_buffer_manager/gen_box_fifos[7].u_crop_fifo/rd_ptr_gray_sync1[8]' of 'GTP_DFF_C' unit is dangling and will be cleaned.
W: Public-4008: Instance 'u_crop_buffer_manager/gen_box_fifos[7].u_crop_fifo/rd_ptr_gray_sync1[9]' of 'GTP_DFF_C' unit is dangling and will be cleaned.
W: Public-4008: Instance 'u_crop_buffer_manager/gen_box_fifos[7].u_crop_fifo/rd_ptr_gray_sync1[10]' of 'GTP_DFF_C' unit is dangling and will be cleaned.
W: Public-4008: Instance 'u_crop_buffer_manager/gen_box_fifos[7].u_crop_fifo/rd_ptr_gray_sync1[11]' of 'GTP_DFF_C' unit is dangling and will be cleaned.
W: Public-4008: Instance 'u_crop_buffer_manager/gen_box_fifos[7].u_crop_fifo/rd_ptr_gray_sync2[0]' of 'GTP_DFF_C' unit is dangling and will be cleaned.
W: Public-4008: Instance 'u_crop_buffer_manager/gen_box_fifos[7].u_crop_fifo/rd_ptr_gray_sync2[1]' of 'GTP_DFF_C' unit is dangling and will be cleaned.
W: Public-4008: Instance 'u_crop_buffer_manager/gen_box_fifos[7].u_crop_fifo/rd_ptr_gray_sync2[2]' of 'GTP_DFF_C' unit is dangling and will be cleaned.
W: Public-4008: Instance 'u_crop_buffer_manager/gen_box_fifos[7].u_crop_fifo/rd_ptr_gray_sync2[3]' of 'GTP_DFF_C' unit is dangling and will be cleaned.
W: Public-4008: Instance 'u_crop_buffer_manager/gen_box_fifos[7].u_crop_fifo/rd_ptr_gray_sync2[4]' of 'GTP_DFF_C' unit is dangling and will be cleaned.
W: Public-4008: Instance 'u_crop_buffer_manager/gen_box_fifos[7].u_crop_fifo/rd_ptr_gray_sync2[5]' of 'GTP_DFF_C' unit is dangling and will be cleaned.
W: Public-4008: Instance 'u_crop_buffer_manager/gen_box_fifos[7].u_crop_fifo/rd_ptr_gray_sync2[6]' of 'GTP_DFF_C' unit is dangling and will be cleaned.
W: Public-4008: Instance 'u_crop_buffer_manager/gen_box_fifos[7].u_crop_fifo/rd_ptr_gray_sync2[7]' of 'GTP_DFF_C' unit is dangling and will be cleaned.
W: Public-4008: Instance 'u_crop_buffer_manager/gen_box_fifos[7].u_crop_fifo/rd_ptr_gray_sync2[8]' of 'GTP_DFF_C' unit is dangling and will be cleaned.
W: Public-4008: Instance 'u_crop_buffer_manager/gen_box_fifos[7].u_crop_fifo/rd_ptr_gray_sync2[9]' of 'GTP_DFF_C' unit is dangling and will be cleaned.
W: Public-4008: Instance 'u_crop_buffer_manager/gen_box_fifos[7].u_crop_fifo/rd_ptr_gray_sync2[10]' of 'GTP_DFF_C' unit is dangling and will be cleaned.
W: Public-4008: Instance 'u_crop_buffer_manager/gen_box_fifos[7].u_crop_fifo/rd_ptr_gray_sync2[11]' of 'GTP_DFF_C' unit is dangling and will be cleaned.
W: Public-4008: Instance 'u_crop_buffer_manager/gen_box_fifos[7].u_crop_fifo/wr_ptr[0]' of 'GTP_DFF_CE' unit is dangling and will be cleaned.
W: Public-4008: Instance 'u_crop_buffer_manager/gen_box_fifos[7].u_crop_fifo/wr_ptr[1]' of 'GTP_DFF_CE' unit is dangling and will be cleaned.
W: Public-4008: Instance 'u_crop_buffer_manager/gen_box_fifos[7].u_crop_fifo/wr_ptr[2]' of 'GTP_DFF_CE' unit is dangling and will be cleaned.
W: Public-4008: Instance 'u_crop_buffer_manager/gen_box_fifos[7].u_crop_fifo/wr_ptr[3]' of 'GTP_DFF_CE' unit is dangling and will be cleaned.
W: Public-4008: Instance 'u_crop_buffer_manager/gen_box_fifos[7].u_crop_fifo/wr_ptr[4]' of 'GTP_DFF_CE' unit is dangling and will be cleaned.
W: Public-4008: Instance 'u_crop_buffer_manager/gen_box_fifos[7].u_crop_fifo/wr_ptr[5]' of 'GTP_DFF_CE' unit is dangling and will be cleaned.
W: Public-4008: Instance 'u_crop_buffer_manager/gen_box_fifos[7].u_crop_fifo/wr_ptr[6]' of 'GTP_DFF_CE' unit is dangling and will be cleaned.
W: Public-4008: Instance 'u_crop_buffer_manager/gen_box_fifos[7].u_crop_fifo/wr_ptr[7]' of 'GTP_DFF_CE' unit is dangling and will be cleaned.
W: Public-4008: Instance 'u_crop_buffer_manager/gen_box_fifos[7].u_crop_fifo/wr_ptr[8]' of 'GTP_DFF_CE' unit is dangling and will be cleaned.
W: Public-4008: Instance 'u_crop_buffer_manager/gen_box_fifos[7].u_crop_fifo/wr_ptr[9]' of 'GTP_DFF_CE' unit is dangling and will be cleaned.
W: Public-4008: Instance 'u_crop_buffer_manager/gen_box_fifos[7].u_crop_fifo/wr_ptr[10]' of 'GTP_DFF_CE' unit is dangling and will be cleaned.
W: Public-4008: Instance 'u_crop_buffer_manager/gen_box_fifos[7].u_crop_fifo/wr_ptr[11]' of 'GTP_DFF_CE' unit is dangling and will be cleaned.
W: Public-4008: Instance 'u_crop_buffer_manager/gen_box_fifos[7].u_crop_fifo/wr_ptr_gray_sync1[0]' of 'GTP_DFF_C' unit is dangling and will be cleaned.
W: Public-4008: Instance 'u_crop_buffer_manager/gen_box_fifos[7].u_crop_fifo/wr_ptr_gray_sync1[1]' of 'GTP_DFF_C' unit is dangling and will be cleaned.
W: Public-4008: Instance 'u_crop_buffer_manager/gen_box_fifos[7].u_crop_fifo/wr_ptr_gray_sync1[2]' of 'GTP_DFF_C' unit is dangling and will be cleaned.
W: Public-4008: Instance 'u_crop_buffer_manager/gen_box_fifos[7].u_crop_fifo/wr_ptr_gray_sync1[3]' of 'GTP_DFF_C' unit is dangling and will be cleaned.
W: Public-4008: Instance 'u_crop_buffer_manager/gen_box_fifos[7].u_crop_fifo/wr_ptr_gray_sync1[4]' of 'GTP_DFF_C' unit is dangling and will be cleaned.
W: Public-4008: Instance 'u_crop_buffer_manager/gen_box_fifos[7].u_crop_fifo/wr_ptr_gray_sync1[5]' of 'GTP_DFF_C' unit is dangling and will be cleaned.
W: Public-4008: Instance 'u_crop_buffer_manager/gen_box_fifos[7].u_crop_fifo/wr_ptr_gray_sync1[6]' of 'GTP_DFF_C' unit is dangling and will be cleaned.
W: Public-4008: Instance 'u_crop_buffer_manager/gen_box_fifos[7].u_crop_fifo/wr_ptr_gray_sync1[7]' of 'GTP_DFF_C' unit is dangling and will be cleaned.
W: Public-4008: Instance 'u_crop_buffer_manager/gen_box_fifos[7].u_crop_fifo/wr_ptr_gray_sync1[8]' of 'GTP_DFF_C' unit is dangling and will be cleaned.
W: Public-4008: Instance 'u_crop_buffer_manager/gen_box_fifos[7].u_crop_fifo/wr_ptr_gray_sync1[9]' of 'GTP_DFF_C' unit is dangling and will be cleaned.
W: Public-4008: Instance 'u_crop_buffer_manager/gen_box_fifos[7].u_crop_fifo/wr_ptr_gray_sync1[10]' of 'GTP_DFF_C' unit is dangling and will be cleaned.
W: Public-4008: Instance 'u_crop_buffer_manager/gen_box_fifos[7].u_crop_fifo/wr_ptr_gray_sync1[11]' of 'GTP_DFF_C' unit is dangling and will be cleaned.
W: Public-4008: Instance 'u_crop_buffer_manager/gen_box_fifos[7].u_crop_fifo/wr_ptr_gray_sync2[0]' of 'GTP_DFF_C' unit is dangling and will be cleaned.
W: Public-4008: Instance 'u_crop_buffer_manager/gen_box_fifos[7].u_crop_fifo/wr_ptr_gray_sync2[1]' of 'GTP_DFF_C' unit is dangling and will be cleaned.
W: Public-4008: Instance 'u_crop_buffer_manager/gen_box_fifos[7].u_crop_fifo/wr_ptr_gray_sync2[2]' of 'GTP_DFF_C' unit is dangling and will be cleaned.
W: Public-4008: Instance 'u_crop_buffer_manager/gen_box_fifos[7].u_crop_fifo/wr_ptr_gray_sync2[3]' of 'GTP_DFF_C' unit is dangling and will be cleaned.
W: Public-4008: Instance 'u_crop_buffer_manager/gen_box_fifos[7].u_crop_fifo/wr_ptr_gray_sync2[4]' of 'GTP_DFF_C' unit is dangling and will be cleaned.
W: Public-4008: Instance 'u_crop_buffer_manager/gen_box_fifos[7].u_crop_fifo/wr_ptr_gray_sync2[5]' of 'GTP_DFF_C' unit is dangling and will be cleaned.
W: Public-4008: Instance 'u_crop_buffer_manager/gen_box_fifos[7].u_crop_fifo/wr_ptr_gray_sync2[6]' of 'GTP_DFF_C' unit is dangling and will be cleaned.
W: Public-4008: Instance 'u_crop_buffer_manager/gen_box_fifos[7].u_crop_fifo/wr_ptr_gray_sync2[7]' of 'GTP_DFF_C' unit is dangling and will be cleaned.
W: Public-4008: Instance 'u_crop_buffer_manager/gen_box_fifos[7].u_crop_fifo/wr_ptr_gray_sync2[8]' of 'GTP_DFF_C' unit is dangling and will be cleaned.
W: Public-4008: Instance 'u_crop_buffer_manager/gen_box_fifos[7].u_crop_fifo/wr_ptr_gray_sync2[9]' of 'GTP_DFF_C' unit is dangling and will be cleaned.
W: Public-4008: Instance 'u_crop_buffer_manager/gen_box_fifos[7].u_crop_fifo/wr_ptr_gray_sync2[10]' of 'GTP_DFF_C' unit is dangling and will be cleaned.
W: Public-4008: Instance 'u_crop_buffer_manager/gen_box_fifos[7].u_crop_fifo/wr_ptr_gray_sync2[11]' of 'GTP_DFF_C' unit is dangling and will be cleaned.
W: Public-4008: Instance 'u_ddr_video_delay_sync/u_wr_rd_ctrl_top/wr_cmd_trans/wr_data_en' of 'GTP_DFF' unit is dangling and will be cleaned.
W: Public-4008: Instance 'u_lprnet_top/u_layer22/genblk1.gen_pages[0].u_max_pool2d/new_line_delay[0]' of 'GTP_DFF_C' unit is dangling and will be cleaned.
W: Public-4008: Instance 'u_lprnet_top/u_layer22/genblk1.gen_pages[0].u_max_pool2d/new_line_delay[1]' of 'GTP_DFF_C' unit is dangling and will be cleaned.
W: Public-4008: Instance 'u_lprnet_top/u_layer22/genblk1.gen_pages[0].u_max_pool2d/valid_delay[0]' of 'GTP_DFF_C' unit is dangling and will be cleaned.
W: Public-4008: Instance 'u_lprnet_top/u_layer22/genblk1.gen_pages[0].u_max_pool2d/valid_delay[1]' of 'GTP_DFF_C' unit is dangling and will be cleaned.
W: Public-4008: Instance 'u_lprnet_top/u_layer22/u_input_layer/data_out_valid' of 'GTP_DFF_C' unit is dangling and will be cleaned.
W: Public-4008: Instance 'u_lprnet_top/u_layer22/u_input_layer/genblk3.pixel_pp_rd_active_shift_reg[0]' of 'GTP_DFF_C' unit is dangling and will be cleaned.
W: Public-4008: Instance 'u_lprnet_top/u_layer22/u_input_layer/genblk3.pixel_pp_rd_active_shift_reg[1]' of 'GTP_DFF_C' unit is dangling and will be cleaned.
W: Public-4008: Instance 'u_lprnet_top/u_layer22/u_input_layer/genblk3.pixel_pp_rd_active_shift_reg[2]' of 'GTP_DFF_C' unit is dangling and will be cleaned.
W: Public-4008: Instance 'u_lprnet_top/u_layer22/u_input_layer/genblk3.pixel_pp_rd_active_shift_reg[3]' of 'GTP_DFF_C' unit is dangling and will be cleaned.
W: Public-4008: Instance 'u_lprnet_top/u_layer22/u_input_layer/genblk3.pixel_pp_rd_active_shift_reg[4]' of 'GTP_DFF_C' unit is dangling and will be cleaned.
W: Public-4008: Instance 'u_lprnet_top/u_layer22/u_input_layer/genblk3.pixel_pp_rd_active_shift_reg[5]' of 'GTP_DFF_C' unit is dangling and will be cleaned.
W: Public-4008: Instance 'u_lprnet_top/u_layer22/u_input_layer/genblk3.pixel_pp_rd_active_shift_reg[6]' of 'GTP_DFF_C' unit is dangling and will be cleaned.
W: Public-4008: Instance 'u_lprnet_top/u_layer22/u_input_layer/genblk3.pixel_pp_rd_active_shift_reg[7]' of 'GTP_DFF_C' unit is dangling and will be cleaned.
W: Public-4008: Instance 'u_lprnet_top/u_layer22/u_input_layer/genblk3.pixel_pp_rd_active_shift_reg[8]' of 'GTP_DFF_C' unit is dangling and will be cleaned.
W: Public-4008: Instance 'u_lprnet_top/u_layer22/u_input_layer/genblk3.pixel_pp_rd_active_shift_reg[9]' of 'GTP_DFF_C' unit is dangling and will be cleaned.
W: Public-4008: Instance 'u_lprnet_top/u_layer22/u_input_layer/genblk3.pixel_pp_rd_active_shift_reg[10]' of 'GTP_DFF_C' unit is dangling and will be cleaned.
W: Public-4008: Instance 'u_lprnet_top/u_layer22/u_input_layer/genblk3.pixel_pp_rd_active_shift_reg[11]' of 'GTP_DFF_C' unit is dangling and will be cleaned.
W: Public-4008: Instance 'u_lprnet_top/u_layer22/u_input_layer/genblk3.pixel_pp_rd_active_shift_reg[12]' of 'GTP_DFF_C' unit is dangling and will be cleaned.
W: Public-4008: Instance 'u_lprnet_top/u_layer22/u_input_layer/genblk3.pixel_pp_rd_active_shift_reg[13]' of 'GTP_DFF_C' unit is dangling and will be cleaned.
W: Public-4008: Instance 'u_lprnet_top/u_layer22/u_input_layer/genblk3.pixel_pp_rd_active_shift_reg[14]' of 'GTP_DFF_C' unit is dangling and will be cleaned.
W: Public-4008: Instance 'u_lprnet_top/u_layer22/u_input_layer/genblk3.pixel_pp_rd_active_shift_reg[15]' of 'GTP_DFF_C' unit is dangling and will be cleaned.
W: Public-4008: Instance 'u_lprnet_top/u_layer22/u_input_layer/genblk3.pixel_pp_rd_active_shift_reg[16]' of 'GTP_DFF_C' unit is dangling and will be cleaned.
W: Public-4008: Instance 'u_lprnet_top/u_layer22/u_input_layer/genblk3.pixel_pp_rd_active_shift_reg[17]' of 'GTP_DFF_C' unit is dangling and will be cleaned.
W: Public-4008: Instance 'u_lprnet_top/u_layer22/u_input_layer/genblk3.pixel_pp_rd_active_shift_reg[18]' of 'GTP_DFF_C' unit is dangling and will be cleaned.
W: Public-4008: Instance 'u_lprnet_top/u_layer22/u_input_layer/genblk3.pixel_pp_rd_active_shift_reg[19]' of 'GTP_DFF_C' unit is dangling and will be cleaned.
W: Public-4008: Instance 'u_lprnet_top/u_layer22/u_input_layer/genblk3.pixel_pp_rd_active_shift_reg[20]' of 'GTP_DFF_C' unit is dangling and will be cleaned.
W: Public-4008: Instance 'u_lprnet_top/u_layer22/u_input_layer/genblk3.pixel_pp_rd_active_shift_reg[21]' of 'GTP_DFF_C' unit is dangling and will be cleaned.
W: Public-4008: Instance 'u_lprnet_top/u_layer22/u_input_layer/genblk3.pixel_pp_rd_active_shift_reg[22]' of 'GTP_DFF_C' unit is dangling and will be cleaned.
W: Public-4008: Instance 'u_lprnet_top/u_layer22/u_input_layer/genblk3.pixel_pp_rd_active_shift_reg[23]' of 'GTP_DFF_C' unit is dangling and will be cleaned.
W: Public-4008: Instance 'u_lprnet_top/u_layer22/u_input_layer/genblk3.pixel_pp_rd_active_shift_reg[24]' of 'GTP_DFF_C' unit is dangling and will be cleaned.
W: Public-4008: Instance 'u_lprnet_top/u_layer22/u_input_layer/genblk3.pixel_pp_rd_active_shift_reg[25]' of 'GTP_DFF_C' unit is dangling and will be cleaned.
W: Public-4008: Instance 'u_lprnet_top/u_layer22/u_input_layer/genblk3.pixel_pp_rd_active_shift_reg[26]' of 'GTP_DFF_C' unit is dangling and will be cleaned.
W: Public-4008: Instance 'u_lprnet_top/u_layer22/u_input_layer/genblk3.pixel_pp_rd_active_shift_reg[27]' of 'GTP_DFF_C' unit is dangling and will be cleaned.
W: Public-4008: Instance 'u_lprnet_top/u_layer22/u_input_layer/genblk3.pixel_pp_rd_active_shift_reg[28]' of 'GTP_DFF_C' unit is dangling and will be cleaned.
W: Public-4008: Instance 'u_lprnet_top/u_layer22/u_input_layer/genblk3.pixel_pp_rd_active_shift_reg[29]' of 'GTP_DFF_C' unit is dangling and will be cleaned.
W: Public-4008: Instance 'u_lprnet_top/u_layer22/u_input_layer/genblk3.pixel_pp_rd_active_shift_reg[30]' of 'GTP_DFF_C' unit is dangling and will be cleaned.
W: Public-4008: Instance 'u_lprnet_top/u_layer22/u_input_layer/genblk3.pixel_pp_rd_active_shift_reg[31]' of 'GTP_DFF_C' unit is dangling and will be cleaned.
W: Public-4008: Instance 'u_lprnet_top/u_layer22/u_input_layer/genblk3.pixel_pp_rd_active_shift_reg[32]' of 'GTP_DFF_C' unit is dangling and will be cleaned.
W: Public-4008: Instance 'u_lprnet_top/u_layer22/u_input_layer/genblk3.pixel_pp_rd_active_shift_reg[33]' of 'GTP_DFF_C' unit is dangling and will be cleaned.
W: Public-4008: Instance 'u_lprnet_top/u_layer22/u_input_layer/genblk3.pixel_pp_rd_active_shift_reg[34]' of 'GTP_DFF_C' unit is dangling and will be cleaned.
W: Public-4008: Instance 'u_lprnet_top/u_layer22/u_input_layer/genblk3.pixel_pp_rd_active_shift_reg[35]' of 'GTP_DFF_C' unit is dangling and will be cleaned.
W: Public-4008: Instance 'u_lprnet_top/u_layer22/u_input_layer/genblk3.pixel_pp_rd_active_shift_reg[36]' of 'GTP_DFF_C' unit is dangling and will be cleaned.
W: Public-4008: Instance 'u_lprnet_top/u_layer22/u_input_layer/genblk3.pixel_pp_rd_active_shift_reg[37]' of 'GTP_DFF_C' unit is dangling and will be cleaned.
W: Public-4008: Instance 'u_lprnet_top/u_layer22/u_input_layer/genblk3.pixel_pp_rd_active_shift_reg[38]' of 'GTP_DFF_C' unit is dangling and will be cleaned.
W: Public-4008: Instance 'u_lprnet_top/u_layer22/u_input_layer/genblk3.pixel_pp_rd_active_shift_reg[39]' of 'GTP_DFF_C' unit is dangling and will be cleaned.
W: Public-4008: Instance 'u_lprnet_top/u_layer22/u_input_layer/genblk3.pixel_pp_rd_active_shift_reg[40]' of 'GTP_DFF_C' unit is dangling and will be cleaned.
W: Public-4008: Instance 'u_lprnet_top/u_layer22/u_input_layer/genblk3.pixel_pp_rd_active_shift_reg[41]' of 'GTP_DFF_C' unit is dangling and will be cleaned.
W: Public-4008: Instance 'u_lprnet_top/u_layer22/u_input_layer/genblk3.pixel_pp_rd_active_shift_reg[42]' of 'GTP_DFF_C' unit is dangling and will be cleaned.
W: Public-4008: Instance 'u_lprnet_top/u_layer22/u_input_layer/genblk3.pixel_pp_rd_active_shift_reg[43]' of 'GTP_DFF_C' unit is dangling and will be cleaned.
W: Public-4008: Instance 'u_lprnet_top/u_layer22/u_input_layer/genblk3.pixel_pp_rd_active_shift_reg[44]' of 'GTP_DFF_C' unit is dangling and will be cleaned.
W: Public-4008: Instance 'u_lprnet_top/u_layer22/u_input_layer/genblk3.pixel_pp_rd_active_shift_reg[45]' of 'GTP_DFF_C' unit is dangling and will be cleaned.
W: Public-4008: Instance 'u_lprnet_top/u_layer22/u_input_layer/genblk3.pixel_pp_rd_active_shift_reg[46]' of 'GTP_DFF_C' unit is dangling and will be cleaned.
W: Public-4008: Instance 'u_lprnet_top/u_layer22/u_input_layer/genblk3.pixel_pp_rd_active_shift_reg[47]' of 'GTP_DFF_C' unit is dangling and will be cleaned.
W: Public-4008: Instance 'u_lprnet_top/u_layer22/u_input_layer/genblk3.pixel_pp_rd_active_shift_reg[48]' of 'GTP_DFF_C' unit is dangling and will be cleaned.
W: Public-4008: Instance 'u_lprnet_top/u_layer22/u_input_layer/genblk3.pixel_pp_rd_active_shift_reg[49]' of 'GTP_DFF_C' unit is dangling and will be cleaned.
W: Public-4008: Instance 'u_lprnet_top/u_layer22/u_input_layer/genblk3.pixel_pp_rd_active_shift_reg[50]' of 'GTP_DFF_C' unit is dangling and will be cleaned.
W: Public-4008: Instance 'u_lprnet_top/u_layer22/u_input_layer/genblk3.pixel_pp_rd_active_shift_reg[51]' of 'GTP_DFF_C' unit is dangling and will be cleaned.
W: Public-4008: Instance 'u_lprnet_top/u_layer22/u_input_layer/genblk3.pixel_pp_rd_active_shift_reg[52]' of 'GTP_DFF_C' unit is dangling and will be cleaned.
W: Public-4008: Instance 'u_lprnet_top/u_layer22/u_input_layer/genblk3.pixel_pp_rd_active_shift_reg[53]' of 'GTP_DFF_C' unit is dangling and will be cleaned.
W: Public-4008: Instance 'u_lprnet_top/u_layer22/u_input_layer/genblk3.pixel_pp_rd_active_shift_reg[54]' of 'GTP_DFF_C' unit is dangling and will be cleaned.
W: Public-4008: Instance 'u_lprnet_top/u_layer22/u_input_layer/genblk3.pixel_pp_rd_active_shift_reg[55]' of 'GTP_DFF_C' unit is dangling and will be cleaned.
W: Public-4008: Instance 'u_lprnet_top/u_layer22/u_input_layer/genblk3.pixel_pp_rd_active_shift_reg[56]' of 'GTP_DFF_C' unit is dangling and will be cleaned.
W: Public-4008: Instance 'u_lprnet_top/u_layer22/u_input_layer/genblk3.pixel_pp_rd_active_shift_reg[57]' of 'GTP_DFF_C' unit is dangling and will be cleaned.
W: Public-4008: Instance 'u_lprnet_top/u_layer22/u_input_layer/genblk3.pixel_pp_rd_active_shift_reg[58]' of 'GTP_DFF_C' unit is dangling and will be cleaned.
W: Public-4008: Instance 'u_lprnet_top/u_layer22/u_input_layer/genblk3.pixel_pp_rd_active_shift_reg[59]' of 'GTP_DFF_C' unit is dangling and will be cleaned.
W: Public-4008: Instance 'u_lprnet_top/u_layer22/u_input_layer/genblk3.pixel_pp_rd_active_shift_reg[60]' of 'GTP_DFF_C' unit is dangling and will be cleaned.
W: Public-4008: Instance 'u_lprnet_top/u_layer22/u_input_layer/genblk3.pixel_pp_rd_active_shift_reg[61]' of 'GTP_DFF_C' unit is dangling and will be cleaned.
W: Public-4008: Instance 'u_lprnet_top/u_layer22/u_input_layer/genblk3.pixel_pp_rd_active_shift_reg[62]' of 'GTP_DFF_C' unit is dangling and will be cleaned.
W: Public-4008: Instance 'u_lprnet_top/u_layer22/u_input_layer/genblk3.pixel_pp_rd_active_shift_reg[63]' of 'GTP_DFF_C' unit is dangling and will be cleaned.
W: Public-4008: Instance 'u_lprnet_top/u_layer22/u_input_layer/genblk3.stream_valid' of 'GTP_DFF_C' unit is dangling and will be cleaned.
W: Public-4008: Instance 'u_lprnet_top/u_layer22/u_input_layer/index_in[0]' of 'GTP_DFF_CE' unit is dangling and will be cleaned.
W: Public-4008: Instance 'u_lprnet_top/u_layer22/u_input_layer/index_in[1]' of 'GTP_DFF_CE' unit is dangling and will be cleaned.
W: Public-4008: Instance 'u_lprnet_top/u_layer22/u_input_layer/index_in[2]' of 'GTP_DFF_CE' unit is dangling and will be cleaned.
W: Public-4008: Instance 'u_lprnet_top/u_layer22/u_input_layer/index_x[0]' of 'GTP_DFF_CE' unit is dangling and will be cleaned.
W: Public-4008: Instance 'u_lprnet_top/u_layer22/u_input_layer/index_x[1]' of 'GTP_DFF_CE' unit is dangling and will be cleaned.
W: Public-4008: Instance 'u_lprnet_top/u_layer22/u_input_layer/index_x[2]' of 'GTP_DFF_CE' unit is dangling and will be cleaned.
W: Public-4008: Instance 'u_lprnet_top/u_layer22/u_input_layer/index_x[3]' of 'GTP_DFF_CE' unit is dangling and will be cleaned.
W: Public-4008: Instance 'u_lprnet_top/u_layer22/u_input_layer/index_x[4]' of 'GTP_DFF_CE' unit is dangling and will be cleaned.
W: Public-4008: Instance 'u_lprnet_top/u_layer22/u_input_layer/index_x[5]' of 'GTP_DFF_CE' unit is dangling and will be cleaned.
W: Public-4008: Instance 'u_lprnet_top/u_layer22/u_input_layer/index_x[6]' of 'GTP_DFF_CE' unit is dangling and will be cleaned.
W: Public-4008: Instance 'u_lprnet_top/u_layer22/u_input_layer/invalid_rows[0]' of 'GTP_DFF_P' unit is dangling and will be cleaned.
W: Public-4008: Instance 'u_lprnet_top/u_layer22/u_input_layer/line_out_valid' of 'GTP_DFF_C' unit is dangling and will be cleaned.
W: Public-4008: Instance 'u_lprnet_top/u_layer22/u_input_layer/new_line_out_1' of 'GTP_DFF_C' unit is dangling and will be cleaned.
W: Public-4008: Instance 'u_lprnet_top/u_layer22/u_input_layer/pending_rows[0]' of 'GTP_DFF_CE' unit is dangling and will be cleaned.
W: Public-4008: Instance 'u_lprnet_top/u_layer22/u_input_layer/pending_rows[1]' of 'GTP_DFF_CE' unit is dangling and will be cleaned.
W: Public-4008: Instance 'u_lprnet_top/u_layer22/u_input_layer/pixel_pp_rd_active' of 'GTP_DFF_C' unit is dangling and will be cleaned.
W: Public-4008: Instance 'u_lprnet_top/u_layer22/u_input_layer/pp_rd_cnt[0]' of 'GTP_DFF_CE' unit is dangling and will be cleaned.
W: Public-4008: Instance 'u_lprnet_top/u_layer22/u_input_layer/pp_rd_cnt[1]' of 'GTP_DFF_CE' unit is dangling and will be cleaned.
W: Public-4008: Instance 'u_lprnet_top/u_layer22/u_input_layer/pp_rd_cnt[2]' of 'GTP_DFF_CE' unit is dangling and will be cleaned.
W: Public-4008: Instance 'u_lprnet_top/u_layer22/u_input_layer/pp_rd_cnt[3]' of 'GTP_DFF_CE' unit is dangling and will be cleaned.
W: Public-4008: Instance 'u_lprnet_top/u_layer22/u_input_layer/pp_rd_cnt[4]' of 'GTP_DFF_CE' unit is dangling and will be cleaned.
W: Public-4008: Instance 'u_lprnet_top/u_layer22/u_input_layer/pp_rd_cnt[5]' of 'GTP_DFF_CE' unit is dangling and will be cleaned.
W: Public-4008: Instance 'u_lprnet_top/u_layer22/u_input_layer/pp_rd_cnt[6]' of 'GTP_DFF_CE' unit is dangling and will be cleaned.
W: Public-4008: Instance 'u_lprnet_top/u_layer22/u_input_layer/pp_rd_cnt[7]' of 'GTP_DFF_CE' unit is dangling and will be cleaned.
W: Public-4008: Instance 'u_lprnet_top/u_layer22/u_input_layer/pp_rd_cnt[8]' of 'GTP_DFF_CE' unit is dangling and will be cleaned.
W: Public-4008: Instance 'u_lprnet_top/u_layer22/u_input_layer/pp_rd_cnt[9]' of 'GTP_DFF_CE' unit is dangling and will be cleaned.
W: Public-4008: Instance 'u_lprnet_top/u_layer22/u_input_layer/pp_rd_cnt_cycle[0]' of 'GTP_DFF_P' unit is dangling and will be cleaned.
W: Public-4008: Instance 'u_lprnet_top/u_layer22/u_input_layer/pp_rd_cnt_cycle[1]' of 'GTP_DFF_C' unit is dangling and will be cleaned.
W: Public-4008: Instance 'u_lprnet_top/u_layer22/u_input_layer/pp_rd_cnt_cycle[2]' of 'GTP_DFF_C' unit is dangling and will be cleaned.
W: Public-4008: Instance 'u_lprnet_top/u_layer23/genblk1.out_inst.u_output_layer/acc_clear_pipe[0]' of 'GTP_DFF_C' unit is dangling and will be cleaned.
W: Public-4008: Instance 'u_lprnet_top/u_layer23/genblk1.out_inst.u_output_layer/acc_clear_pipe[1]' of 'GTP_DFF_C' unit is dangling and will be cleaned.
W: Public-4008: Instance 'u_lprnet_top/u_layer23/genblk1.out_inst.u_output_layer/acc_shift_reg[0][0][0]' of 'GTP_DFF' unit is dangling and will be cleaned.
W: Public-4008: Instance 'u_lprnet_top/u_layer23/genblk1.out_inst.u_output_layer/acc_shift_reg[0][0][1]' of 'GTP_DFF' unit is dangling and will be cleaned.
W: Public-4008: Instance 'u_lprnet_top/u_layer23/genblk1.out_inst.u_output_layer/acc_shift_reg[0][0][2]' of 'GTP_DFF' unit is dangling and will be cleaned.
W: Public-4008: Instance 'u_lprnet_top/u_layer23/genblk1.out_inst.u_output_layer/acc_shift_reg[0][0][3]' of 'GTP_DFF' unit is dangling and will be cleaned.
W: Public-4008: Instance 'u_lprnet_top/u_layer23/genblk1.out_inst.u_output_layer/acc_shift_reg[0][0][4]' of 'GTP_DFF' unit is dangling and will be cleaned.
W: Public-4008: Instance 'u_lprnet_top/u_layer23/genblk1.out_inst.u_output_layer/acc_shift_reg[0][0][5]' of 'GTP_DFF' unit is dangling and will be cleaned.
W: Public-4008: Instance 'u_lprnet_top/u_layer23/genblk1.out_inst.u_output_layer/acc_shift_reg[0][0][6]' of 'GTP_DFF' unit is dangling and will be cleaned.
W: Public-4008: Instance 'u_lprnet_top/u_layer23/genblk1.out_inst.u_output_layer/acc_shift_reg[0][0][7]' of 'GTP_DFF' unit is dangling and will be cleaned.
W: Public-4008: Instance 'u_lprnet_top/u_layer23/genblk1.out_inst.u_output_layer/acc_shift_reg[0][0][8]' of 'GTP_DFF' unit is dangling and will be cleaned.
W: Public-4008: Instance 'u_lprnet_top/u_layer23/genblk1.out_inst.u_output_layer/acc_shift_reg[0][0][9]' of 'GTP_DFF' unit is dangling and will be cleaned.
W: Public-4008: Instance 'u_lprnet_top/u_layer23/genblk1.out_inst.u_output_layer/acc_shift_reg[0][0][10]' of 'GTP_DFF' unit is dangling and will be cleaned.
W: Public-4008: Instance 'u_lprnet_top/u_layer23/genblk1.out_inst.u_output_layer/acc_shift_reg[0][0][11]' of 'GTP_DFF' unit is dangling and will be cleaned.
W: Public-4008: Instance 'u_lprnet_top/u_layer23/genblk1.out_inst.u_output_layer/acc_shift_reg[0][0][12]' of 'GTP_DFF' unit is dangling and will be cleaned.
W: Public-4008: Instance 'u_lprnet_top/u_layer23/genblk1.out_inst.u_output_layer/acc_shift_reg[0][0][13]' of 'GTP_DFF' unit is dangling and will be cleaned.
W: Public-4008: Instance 'u_lprnet_top/u_layer23/genblk1.out_inst.u_output_layer/acc_shift_reg[0][0][14]' of 'GTP_DFF' unit is dangling and will be cleaned.
W: Public-4008: Instance 'u_lprnet_top/u_layer23/genblk1.out_inst.u_output_layer/acc_shift_reg[0][0][15]' of 'GTP_DFF' unit is dangling and will be cleaned.
W: Public-4008: Instance 'u_lprnet_top/u_layer23/genblk1.out_inst.u_output_layer/acc_shift_reg[0][0][16]' of 'GTP_DFF' unit is dangling and will be cleaned.
W: Public-4008: Instance 'u_lprnet_top/u_layer23/genblk1.out_inst.u_output_layer/acc_shift_reg[0][0][17]' of 'GTP_DFF' unit is dangling and will be cleaned.
W: Public-4008: Instance 'u_lprnet_top/u_layer23/genblk1.out_inst.u_output_layer/acc_shift_reg[0][0][18]' of 'GTP_DFF' unit is dangling and will be cleaned.
W: Public-4008: Instance 'u_lprnet_top/u_layer23/genblk1.out_inst.u_output_layer/acc_shift_reg[0][0][19]' of 'GTP_DFF' unit is dangling and will be cleaned.
W: Public-4008: Instance 'u_lprnet_top/u_layer23/genblk1.out_inst.u_output_layer/acc_shift_reg[0][0][20]' of 'GTP_DFF' unit is dangling and will be cleaned.
W: Public-4008: Instance 'u_lprnet_top/u_layer23/genblk1.out_inst.u_output_layer/acc_shift_reg[0][0][21]' of 'GTP_DFF' unit is dangling and will be cleaned.
W: Public-4008: Instance 'u_lprnet_top/u_layer23/genblk1.out_inst.u_output_layer/acc_shift_reg[0][0][22]' of 'GTP_DFF' unit is dangling and will be cleaned.
W: Public-4008: Instance 'u_lprnet_top/u_layer23/genblk1.out_inst.u_output_layer/acc_shift_reg[0][0][23]' of 'GTP_DFF' unit is dangling and will be cleaned.
W: Public-4008: Instance 'u_lprnet_top/u_layer23/genblk1.out_inst.u_output_layer/acc_shift_reg[0][0][24]' of 'GTP_DFF' unit is dangling and will be cleaned.
W: Public-4008: Instance 'u_lprnet_top/u_layer23/genblk1.out_inst.u_output_layer/acc_shift_reg[0][0][25]' of 'GTP_DFF' unit is dangling and will be cleaned.
W: Public-4008: Instance 'u_lprnet_top/u_layer23/genblk1.out_inst.u_output_layer/acc_shift_reg[0][0][26]' of 'GTP_DFF' unit is dangling and will be cleaned.
W: Public-4008: Instance 'u_lprnet_top/u_layer23/genblk1.out_inst.u_output_layer/acc_shift_reg[0][1][0]' of 'GTP_DFF' unit is dangling and will be cleaned.
W: Public-4008: Instance 'u_lprnet_top/u_layer23/genblk1.out_inst.u_output_layer/acc_shift_reg[0][1][1]' of 'GTP_DFF' unit is dangling and will be cleaned.
W: Public-4008: Instance 'u_lprnet_top/u_layer23/genblk1.out_inst.u_output_layer/acc_shift_reg[0][1][2]' of 'GTP_DFF' unit is dangling and will be cleaned.
W: Public-4008: Instance 'u_lprnet_top/u_layer23/genblk1.out_inst.u_output_layer/acc_shift_reg[0][1][3]' of 'GTP_DFF' unit is dangling and will be cleaned.
W: Public-4008: Instance 'u_lprnet_top/u_layer23/genblk1.out_inst.u_output_layer/acc_shift_reg[0][1][4]' of 'GTP_DFF' unit is dangling and will be cleaned.
W: Public-4008: Instance 'u_lprnet_top/u_layer23/genblk1.out_inst.u_output_layer/acc_shift_reg[0][1][5]' of 'GTP_DFF' unit is dangling and will be cleaned.
W: Public-4008: Instance 'u_lprnet_top/u_layer23/genblk1.out_inst.u_output_layer/acc_shift_reg[0][1][6]' of 'GTP_DFF' unit is dangling and will be cleaned.
W: Public-4008: Instance 'u_lprnet_top/u_layer23/genblk1.out_inst.u_output_layer/acc_shift_reg[0][1][7]' of 'GTP_DFF' unit is dangling and will be cleaned.
W: Public-4008: Instance 'u_lprnet_top/u_layer23/genblk1.out_inst.u_output_layer/acc_shift_reg[0][1][8]' of 'GTP_DFF' unit is dangling and will be cleaned.
W: Public-4008: Instance 'u_lprnet_top/u_layer23/genblk1.out_inst.u_output_layer/acc_shift_reg[0][1][9]' of 'GTP_DFF' unit is dangling and will be cleaned.
W: Public-4008: Instance 'u_lprnet_top/u_layer23/genblk1.out_inst.u_output_layer/acc_shift_reg[0][1][10]' of 'GTP_DFF' unit is dangling and will be cleaned.
W: Public-4008: Instance 'u_lprnet_top/u_layer23/genblk1.out_inst.u_output_layer/acc_shift_reg[0][1][11]' of 'GTP_DFF' unit is dangling and will be cleaned.
W: Public-4008: Instance 'u_lprnet_top/u_layer23/genblk1.out_inst.u_output_layer/acc_shift_reg[0][1][12]' of 'GTP_DFF' unit is dangling and will be cleaned.
W: Public-4008: Instance 'u_lprnet_top/u_layer23/genblk1.out_inst.u_output_layer/acc_shift_reg[0][1][13]' of 'GTP_DFF' unit is dangling and will be cleaned.
W: Public-4008: Instance 'u_lprnet_top/u_layer23/genblk1.out_inst.u_output_layer/acc_shift_reg[0][1][14]' of 'GTP_DFF' unit is dangling and will be cleaned.
W: Public-4008: Instance 'u_lprnet_top/u_layer23/genblk1.out_inst.u_output_layer/acc_shift_reg[0][1][15]' of 'GTP_DFF' unit is dangling and will be cleaned.
W: Public-4008: Instance 'u_lprnet_top/u_layer23/genblk1.out_inst.u_output_layer/acc_shift_reg[0][1][16]' of 'GTP_DFF' unit is dangling and will be cleaned.
W: Public-4008: Instance 'u_lprnet_top/u_layer23/genblk1.out_inst.u_output_layer/acc_shift_reg[0][1][17]' of 'GTP_DFF' unit is dangling and will be cleaned.
W: Public-4008: Instance 'u_lprnet_top/u_layer23/genblk1.out_inst.u_output_layer/acc_shift_reg[0][1][18]' of 'GTP_DFF' unit is dangling and will be cleaned.
W: Public-4008: Instance 'u_lprnet_top/u_layer23/genblk1.out_inst.u_output_layer/acc_shift_reg[0][1][19]' of 'GTP_DFF' unit is dangling and will be cleaned.
W: Public-4008: Instance 'u_lprnet_top/u_layer23/genblk1.out_inst.u_output_layer/acc_shift_reg[0][1][20]' of 'GTP_DFF' unit is dangling and will be cleaned.
W: Public-4008: Instance 'u_lprnet_top/u_layer23/genblk1.out_inst.u_output_layer/acc_shift_reg[0][1][21]' of 'GTP_DFF' unit is dangling and will be cleaned.
W: Public-4008: Instance 'u_lprnet_top/u_layer23/genblk1.out_inst.u_output_layer/acc_shift_reg[0][1][22]' of 'GTP_DFF' unit is dangling and will be cleaned.
W: Public-4008: Instance 'u_lprnet_top/u_layer23/genblk1.out_inst.u_output_layer/acc_shift_reg[0][1][23]' of 'GTP_DFF' unit is dangling and will be cleaned.
W: Public-4008: Instance 'u_lprnet_top/u_layer23/genblk1.out_inst.u_output_layer/acc_shift_reg[0][1][24]' of 'GTP_DFF' unit is dangling and will be cleaned.
W: Public-4008: Instance 'u_lprnet_top/u_layer23/genblk1.out_inst.u_output_layer/acc_shift_reg[0][1][25]' of 'GTP_DFF' unit is dangling and will be cleaned.
W: Public-4008: Instance 'u_lprnet_top/u_layer23/genblk1.out_inst.u_output_layer/acc_shift_reg[0][1][26]' of 'GTP_DFF' unit is dangling and will be cleaned.
W: Public-4008: Instance 'u_lprnet_top/u_layer23/genblk1.out_inst.u_output_layer/acc_shift_reg[0][2][0]' of 'GTP_DFF' unit is dangling and will be cleaned.
W: Public-4008: Instance 'u_lprnet_top/u_layer23/genblk1.out_inst.u_output_layer/acc_shift_reg[0][2][1]' of 'GTP_DFF' unit is dangling and will be cleaned.
W: Public-4008: Instance 'u_lprnet_top/u_layer23/genblk1.out_inst.u_output_layer/acc_shift_reg[0][2][2]' of 'GTP_DFF' unit is dangling and will be cleaned.
W: Public-4008: Instance 'u_lprnet_top/u_layer23/genblk1.out_inst.u_output_layer/acc_shift_reg[0][2][3]' of 'GTP_DFF' unit is dangling and will be cleaned.
W: Public-4008: Instance 'u_lprnet_top/u_layer23/genblk1.out_inst.u_output_layer/acc_shift_reg[0][2][4]' of 'GTP_DFF' unit is dangling and will be cleaned.
W: Public-4008: Instance 'u_lprnet_top/u_layer23/genblk1.out_inst.u_output_layer/acc_shift_reg[0][2][5]' of 'GTP_DFF' unit is dangling and will be cleaned.
W: Public-4008: Instance 'u_lprnet_top/u_layer23/genblk1.out_inst.u_output_layer/acc_shift_reg[0][2][6]' of 'GTP_DFF' unit is dangling and will be cleaned.
W: Public-4008: Instance 'u_lprnet_top/u_layer23/genblk1.out_inst.u_output_layer/acc_shift_reg[0][2][7]' of 'GTP_DFF' unit is dangling and will be cleaned.
W: Public-4008: Instance 'u_lprnet_top/u_layer23/genblk1.out_inst.u_output_layer/acc_shift_reg[0][2][8]' of 'GTP_DFF' unit is dangling and will be cleaned.
W: Public-4008: Instance 'u_lprnet_top/u_layer23/genblk1.out_inst.u_output_layer/acc_shift_reg[0][2][9]' of 'GTP_DFF' unit is dangling and will be cleaned.
W: Public-4008: Instance 'u_lprnet_top/u_layer23/genblk1.out_inst.u_output_layer/acc_shift_reg[0][2][10]' of 'GTP_DFF' unit is dangling and will be cleaned.
W: Public-4008: Instance 'u_lprnet_top/u_layer23/genblk1.out_inst.u_output_layer/acc_shift_reg[0][2][11]' of 'GTP_DFF' unit is dangling and will be cleaned.
W: Public-4008: Instance 'u_lprnet_top/u_layer23/genblk1.out_inst.u_output_layer/acc_shift_reg[0][2][12]' of 'GTP_DFF' unit is dangling and will be cleaned.
W: Public-4008: Instance 'u_lprnet_top/u_layer23/genblk1.out_inst.u_output_layer/acc_shift_reg[0][2][13]' of 'GTP_DFF' unit is dangling and will be cleaned.
W: Public-4008: Instance 'u_lprnet_top/u_layer23/genblk1.out_inst.u_output_layer/acc_shift_reg[0][2][14]' of 'GTP_DFF' unit is dangling and will be cleaned.
W: Public-4008: Instance 'u_lprnet_top/u_layer23/genblk1.out_inst.u_output_layer/acc_shift_reg[0][2][15]' of 'GTP_DFF' unit is dangling and will be cleaned.
W: Public-4008: Instance 'u_lprnet_top/u_layer23/genblk1.out_inst.u_output_layer/acc_shift_reg[0][2][16]' of 'GTP_DFF' unit is dangling and will be cleaned.
W: Public-4008: Instance 'u_lprnet_top/u_layer23/genblk1.out_inst.u_output_layer/acc_shift_reg[0][2][17]' of 'GTP_DFF' unit is dangling and will be cleaned.
W: Public-4008: Instance 'u_lprnet_top/u_layer23/genblk1.out_inst.u_output_layer/acc_shift_reg[0][2][18]' of 'GTP_DFF' unit is dangling and will be cleaned.
W: Public-4008: Instance 'u_lprnet_top/u_layer23/genblk1.out_inst.u_output_layer/acc_shift_reg[0][2][19]' of 'GTP_DFF' unit is dangling and will be cleaned.
W: Public-4008: Instance 'u_lprnet_top/u_layer23/genblk1.out_inst.u_output_layer/acc_shift_reg[0][2][20]' of 'GTP_DFF' unit is dangling and will be cleaned.
W: Public-4008: Instance 'u_lprnet_top/u_layer23/genblk1.out_inst.u_output_layer/acc_shift_reg[0][2][21]' of 'GTP_DFF' unit is dangling and will be cleaned.
W: Public-4008: Instance 'u_lprnet_top/u_layer23/genblk1.out_inst.u_output_layer/acc_shift_reg[0][2][22]' of 'GTP_DFF' unit is dangling and will be cleaned.
W: Public-4008: Instance 'u_lprnet_top/u_layer23/genblk1.out_inst.u_output_layer/acc_shift_reg[0][2][23]' of 'GTP_DFF' unit is dangling and will be cleaned.
W: Public-4008: Instance 'u_lprnet_top/u_layer23/genblk1.out_inst.u_output_layer/acc_shift_reg[0][2][24]' of 'GTP_DFF' unit is dangling and will be cleaned.
W: Public-4008: Instance 'u_lprnet_top/u_layer23/genblk1.out_inst.u_output_layer/acc_shift_reg[0][2][25]' of 'GTP_DFF' unit is dangling and will be cleaned.
W: Public-4008: Instance 'u_lprnet_top/u_layer23/genblk1.out_inst.u_output_layer/acc_shift_reg[0][2][26]' of 'GTP_DFF' unit is dangling and will be cleaned.
W: Public-4008: Instance 'u_lprnet_top/u_layer23/genblk1.out_inst.u_output_layer/acc_shift_reg[0][3][0]' of 'GTP_DFF' unit is dangling and will be cleaned.
W: Public-4008: Instance 'u_lprnet_top/u_layer23/genblk1.out_inst.u_output_layer/acc_shift_reg[0][3][1]' of 'GTP_DFF' unit is dangling and will be cleaned.
W: Public-4008: Instance 'u_lprnet_top/u_layer23/genblk1.out_inst.u_output_layer/acc_shift_reg[0][3][2]' of 'GTP_DFF' unit is dangling and will be cleaned.
W: Public-4008: Instance 'u_lprnet_top/u_layer23/genblk1.out_inst.u_output_layer/acc_shift_reg[0][3][3]' of 'GTP_DFF' unit is dangling and will be cleaned.
W: Public-4008: Instance 'u_lprnet_top/u_layer23/genblk1.out_inst.u_output_layer/acc_shift_reg[0][3][4]' of 'GTP_DFF' unit is dangling and will be cleaned.
W: Public-4008: Instance 'u_lprnet_top/u_layer23/genblk1.out_inst.u_output_layer/acc_shift_reg[0][3][5]' of 'GTP_DFF' unit is dangling and will be cleaned.
W: Public-4008: Instance 'u_lprnet_top/u_layer23/genblk1.out_inst.u_output_layer/acc_shift_reg[0][3][6]' of 'GTP_DFF' unit is dangling and will be cleaned.
W: Public-4008: Instance 'u_lprnet_top/u_layer23/genblk1.out_inst.u_output_layer/acc_shift_reg[0][3][7]' of 'GTP_DFF' unit is dangling and will be cleaned.
W: Public-4008: Instance 'u_lprnet_top/u_layer23/genblk1.out_inst.u_output_layer/acc_shift_reg[0][3][8]' of 'GTP_DFF' unit is dangling and will be cleaned.
W: Public-4008: Instance 'u_lprnet_top/u_layer23/genblk1.out_inst.u_output_layer/acc_shift_reg[0][3][9]' of 'GTP_DFF' unit is dangling and will be cleaned.
W: Public-4008: Instance 'u_lprnet_top/u_layer23/genblk1.out_inst.u_output_layer/acc_shift_reg[0][3][10]' of 'GTP_DFF' unit is dangling and will be cleaned.
W: Public-4008: Instance 'u_lprnet_top/u_layer23/genblk1.out_inst.u_output_layer/acc_shift_reg[0][3][11]' of 'GTP_DFF' unit is dangling and will be cleaned.
W: Public-4008: Instance 'u_lprnet_top/u_layer23/genblk1.out_inst.u_output_layer/acc_shift_reg[0][3][12]' of 'GTP_DFF' unit is dangling and will be cleaned.
W: Public-4008: Instance 'u_lprnet_top/u_layer23/genblk1.out_inst.u_output_layer/acc_shift_reg[0][3][13]' of 'GTP_DFF' unit is dangling and will be cleaned.
W: Public-4008: Instance 'u_lprnet_top/u_layer23/genblk1.out_inst.u_output_layer/acc_shift_reg[0][3][14]' of 'GTP_DFF' unit is dangling and will be cleaned.
W: Public-4008: Instance 'u_lprnet_top/u_layer23/genblk1.out_inst.u_output_layer/acc_shift_reg[0][3][15]' of 'GTP_DFF' unit is dangling and will be cleaned.
W: Public-4008: Instance 'u_lprnet_top/u_layer23/genblk1.out_inst.u_output_layer/acc_shift_reg[0][3][16]' of 'GTP_DFF' unit is dangling and will be cleaned.
W: Public-4008: Instance 'u_lprnet_top/u_layer23/genblk1.out_inst.u_output_layer/acc_shift_reg[0][3][17]' of 'GTP_DFF' unit is dangling and will be cleaned.
W: Public-4008: Instance 'u_lprnet_top/u_layer23/genblk1.out_inst.u_output_layer/acc_shift_reg[0][3][18]' of 'GTP_DFF' unit is dangling and will be cleaned.
W: Public-4008: Instance 'u_lprnet_top/u_layer23/genblk1.out_inst.u_output_layer/acc_shift_reg[0][3][19]' of 'GTP_DFF' unit is dangling and will be cleaned.
W: Public-4008: Instance 'u_lprnet_top/u_layer23/genblk1.out_inst.u_output_layer/acc_shift_reg[0][3][20]' of 'GTP_DFF' unit is dangling and will be cleaned.
W: Public-4008: Instance 'u_lprnet_top/u_layer23/genblk1.out_inst.u_output_layer/acc_shift_reg[0][3][21]' of 'GTP_DFF' unit is dangling and will be cleaned.
W: Public-4008: Instance 'u_lprnet_top/u_layer23/genblk1.out_inst.u_output_layer/acc_shift_reg[0][3][22]' of 'GTP_DFF' unit is dangling and will be cleaned.
W: Public-4008: Instance 'u_lprnet_top/u_layer23/genblk1.out_inst.u_output_layer/acc_shift_reg[0][3][23]' of 'GTP_DFF' unit is dangling and will be cleaned.
W: Public-4008: Instance 'u_lprnet_top/u_layer23/genblk1.out_inst.u_output_layer/acc_shift_reg[0][3][24]' of 'GTP_DFF' unit is dangling and will be cleaned.
W: Public-4008: Instance 'u_lprnet_top/u_layer23/genblk1.out_inst.u_output_layer/acc_shift_reg[0][3][25]' of 'GTP_DFF' unit is dangling and will be cleaned.
W: Public-4008: Instance 'u_lprnet_top/u_layer23/genblk1.out_inst.u_output_layer/acc_shift_reg[0][3][26]' of 'GTP_DFF' unit is dangling and will be cleaned.
W: Public-4008: Instance 'u_lprnet_top/u_layer23/genblk1.out_inst.u_output_layer/acc_shift_reg[0][4][0]' of 'GTP_DFF' unit is dangling and will be cleaned.
W: Public-4008: Instance 'u_lprnet_top/u_layer23/genblk1.out_inst.u_output_layer/acc_shift_reg[0][4][1]' of 'GTP_DFF' unit is dangling and will be cleaned.
W: Public-4008: Instance 'u_lprnet_top/u_layer23/genblk1.out_inst.u_output_layer/acc_shift_reg[0][4][2]' of 'GTP_DFF' unit is dangling and will be cleaned.
W: Public-4008: Instance 'u_lprnet_top/u_layer23/genblk1.out_inst.u_output_layer/acc_shift_reg[0][4][3]' of 'GTP_DFF' unit is dangling and will be cleaned.
W: Public-4008: Instance 'u_lprnet_top/u_layer23/genblk1.out_inst.u_output_layer/acc_shift_reg[0][4][4]' of 'GTP_DFF' unit is dangling and will be cleaned.
W: Public-4008: Instance 'u_lprnet_top/u_layer23/genblk1.out_inst.u_output_layer/acc_shift_reg[0][4][5]' of 'GTP_DFF' unit is dangling and will be cleaned.
W: Public-4008: Instance 'u_lprnet_top/u_layer23/genblk1.out_inst.u_output_layer/acc_shift_reg[0][4][6]' of 'GTP_DFF' unit is dangling and will be cleaned.
W: Public-4008: Instance 'u_lprnet_top/u_layer23/genblk1.out_inst.u_output_layer/acc_shift_reg[0][4][7]' of 'GTP_DFF' unit is dangling and will be cleaned.
W: Public-4008: Instance 'u_lprnet_top/u_layer23/genblk1.out_inst.u_output_layer/acc_shift_reg[0][4][8]' of 'GTP_DFF' unit is dangling and will be cleaned.
W: Public-4008: Instance 'u_lprnet_top/u_layer23/genblk1.out_inst.u_output_layer/acc_shift_reg[0][4][9]' of 'GTP_DFF' unit is dangling and will be cleaned.
W: Public-4008: Instance 'u_lprnet_top/u_layer23/genblk1.out_inst.u_output_layer/acc_shift_reg[0][4][10]' of 'GTP_DFF' unit is dangling and will be cleaned.
W: Public-4008: Instance 'u_lprnet_top/u_layer23/genblk1.out_inst.u_output_layer/acc_shift_reg[0][4][11]' of 'GTP_DFF' unit is dangling and will be cleaned.
W: Public-4008: Instance 'u_lprnet_top/u_layer23/genblk1.out_inst.u_output_layer/acc_shift_reg[0][4][12]' of 'GTP_DFF' unit is dangling and will be cleaned.
W: Public-4008: Instance 'u_lprnet_top/u_layer23/genblk1.out_inst.u_output_layer/acc_shift_reg[0][4][13]' of 'GTP_DFF' unit is dangling and will be cleaned.
W: Public-4008: Instance 'u_lprnet_top/u_layer23/genblk1.out_inst.u_output_layer/acc_shift_reg[0][4][14]' of 'GTP_DFF' unit is dangling and will be cleaned.
W: Public-4008: Instance 'u_lprnet_top/u_layer23/genblk1.out_inst.u_output_layer/acc_shift_reg[0][4][15]' of 'GTP_DFF' unit is dangling and will be cleaned.
W: Public-4008: Instance 'u_lprnet_top/u_layer23/genblk1.out_inst.u_output_layer/acc_shift_reg[0][4][16]' of 'GTP_DFF' unit is dangling and will be cleaned.
W: Public-4008: Instance 'u_lprnet_top/u_layer23/genblk1.out_inst.u_output_layer/acc_shift_reg[0][4][17]' of 'GTP_DFF' unit is dangling and will be cleaned.
W: Public-4008: Instance 'u_lprnet_top/u_layer23/genblk1.out_inst.u_output_layer/acc_shift_reg[0][4][18]' of 'GTP_DFF' unit is dangling and will be cleaned.
W: Public-4008: Instance 'u_lprnet_top/u_layer23/genblk1.out_inst.u_output_layer/acc_shift_reg[0][4][19]' of 'GTP_DFF' unit is dangling and will be cleaned.
W: Public-4008: Instance 'u_lprnet_top/u_layer23/genblk1.out_inst.u_output_layer/acc_shift_reg[0][4][20]' of 'GTP_DFF' unit is dangling and will be cleaned.
W: Public-4008: Instance 'u_lprnet_top/u_layer23/genblk1.out_inst.u_output_layer/acc_shift_reg[0][4][21]' of 'GTP_DFF' unit is dangling and will be cleaned.
W: Public-4008: Instance 'u_lprnet_top/u_layer23/genblk1.out_inst.u_output_layer/acc_shift_reg[0][4][22]' of 'GTP_DFF' unit is dangling and will be cleaned.
W: Public-4008: Instance 'u_lprnet_top/u_layer23/genblk1.out_inst.u_output_layer/acc_shift_reg[0][4][23]' of 'GTP_DFF' unit is dangling and will be cleaned.
W: Public-4008: Instance 'u_lprnet_top/u_layer23/genblk1.out_inst.u_output_layer/acc_shift_reg[0][4][24]' of 'GTP_DFF' unit is dangling and will be cleaned.
W: Public-4008: Instance 'u_lprnet_top/u_layer23/genblk1.out_inst.u_output_layer/acc_shift_reg[0][4][25]' of 'GTP_DFF' unit is dangling and will be cleaned.
W: Public-4008: Instance 'u_lprnet_top/u_layer23/genblk1.out_inst.u_output_layer/acc_shift_reg[0][4][26]' of 'GTP_DFF' unit is dangling and will be cleaned.
W: Public-4008: Instance 'u_lprnet_top/u_layer23/genblk1.out_inst.u_output_layer/acc_shift_reg[0][5][0]' of 'GTP_DFF' unit is dangling and will be cleaned.
W: Public-4008: Instance 'u_lprnet_top/u_layer23/genblk1.out_inst.u_output_layer/acc_shift_reg[0][5][1]' of 'GTP_DFF' unit is dangling and will be cleaned.
W: Public-4008: Instance 'u_lprnet_top/u_layer23/genblk1.out_inst.u_output_layer/acc_shift_reg[0][5][2]' of 'GTP_DFF' unit is dangling and will be cleaned.
W: Public-4008: Instance 'u_lprnet_top/u_layer23/genblk1.out_inst.u_output_layer/acc_shift_reg[0][5][3]' of 'GTP_DFF' unit is dangling and will be cleaned.
W: Public-4008: Instance 'u_lprnet_top/u_layer23/genblk1.out_inst.u_output_layer/acc_shift_reg[0][5][4]' of 'GTP_DFF' unit is dangling and will be cleaned.
W: Public-4008: Instance 'u_lprnet_top/u_layer23/genblk1.out_inst.u_output_layer/acc_shift_reg[0][5][5]' of 'GTP_DFF' unit is dangling and will be cleaned.
W: Public-4008: Instance 'u_lprnet_top/u_layer23/genblk1.out_inst.u_output_layer/acc_shift_reg[0][5][6]' of 'GTP_DFF' unit is dangling and will be cleaned.
W: Public-4008: Instance 'u_lprnet_top/u_layer23/genblk1.out_inst.u_output_layer/acc_shift_reg[0][5][7]' of 'GTP_DFF' unit is dangling and will be cleaned.
W: Public-4008: Instance 'u_lprnet_top/u_layer23/genblk1.out_inst.u_output_layer/acc_shift_reg[0][5][8]' of 'GTP_DFF' unit is dangling and will be cleaned.
W: Public-4008: Instance 'u_lprnet_top/u_layer23/genblk1.out_inst.u_output_layer/acc_shift_reg[0][5][9]' of 'GTP_DFF' unit is dangling and will be cleaned.
W: Public-4008: Instance 'u_lprnet_top/u_layer23/genblk1.out_inst.u_output_layer/acc_shift_reg[0][5][10]' of 'GTP_DFF' unit is dangling and will be cleaned.
W: Public-4008: Instance 'u_lprnet_top/u_layer23/genblk1.out_inst.u_output_layer/acc_shift_reg[0][5][11]' of 'GTP_DFF' unit is dangling and will be cleaned.
W: Public-4008: Instance 'u_lprnet_top/u_layer23/genblk1.out_inst.u_output_layer/acc_shift_reg[0][5][12]' of 'GTP_DFF' unit is dangling and will be cleaned.
W: Public-4008: Instance 'u_lprnet_top/u_layer23/genblk1.out_inst.u_output_layer/acc_shift_reg[0][5][13]' of 'GTP_DFF' unit is dangling and will be cleaned.
W: Public-4008: Instance 'u_lprnet_top/u_layer23/genblk1.out_inst.u_output_layer/acc_shift_reg[0][5][14]' of 'GTP_DFF' unit is dangling and will be cleaned.
W: Public-4008: Instance 'u_lprnet_top/u_layer23/genblk1.out_inst.u_output_layer/acc_shift_reg[0][5][15]' of 'GTP_DFF' unit is dangling and will be cleaned.
W: Public-4008: Instance 'u_lprnet_top/u_layer23/genblk1.out_inst.u_output_layer/acc_shift_reg[0][5][16]' of 'GTP_DFF' unit is dangling and will be cleaned.
W: Public-4008: Instance 'u_lprnet_top/u_layer23/genblk1.out_inst.u_output_layer/acc_shift_reg[0][5][17]' of 'GTP_DFF' unit is dangling and will be cleaned.
W: Public-4008: Instance 'u_lprnet_top/u_layer23/genblk1.out_inst.u_output_layer/acc_shift_reg[0][5][18]' of 'GTP_DFF' unit is dangling and will be cleaned.
W: Public-4008: Instance 'u_lprnet_top/u_layer23/genblk1.out_inst.u_output_layer/acc_shift_reg[0][5][19]' of 'GTP_DFF' unit is dangling and will be cleaned.
W: Public-4008: Instance 'u_lprnet_top/u_layer23/genblk1.out_inst.u_output_layer/acc_shift_reg[0][5][20]' of 'GTP_DFF' unit is dangling and will be cleaned.
W: Public-4008: Instance 'u_lprnet_top/u_layer23/genblk1.out_inst.u_output_layer/acc_shift_reg[0][5][21]' of 'GTP_DFF' unit is dangling and will be cleaned.
W: Public-4008: Instance 'u_lprnet_top/u_layer23/genblk1.out_inst.u_output_layer/acc_shift_reg[0][5][22]' of 'GTP_DFF' unit is dangling and will be cleaned.
W: Public-4008: Instance 'u_lprnet_top/u_layer23/genblk1.out_inst.u_output_layer/acc_shift_reg[0][5][23]' of 'GTP_DFF' unit is dangling and will be cleaned.
W: Public-4008: Instance 'u_lprnet_top/u_layer23/genblk1.out_inst.u_output_layer/acc_shift_reg[0][5][24]' of 'GTP_DFF' unit is dangling and will be cleaned.
W: Public-4008: Instance 'u_lprnet_top/u_layer23/genblk1.out_inst.u_output_layer/acc_shift_reg[0][5][25]' of 'GTP_DFF' unit is dangling and will be cleaned.
W: Public-4008: Instance 'u_lprnet_top/u_layer23/genblk1.out_inst.u_output_layer/acc_shift_reg[0][5][26]' of 'GTP_DFF' unit is dangling and will be cleaned.
W: Public-4008: Instance 'u_lprnet_top/u_layer23/genblk1.out_inst.u_output_layer/acc_shift_reg[0][6][0]' of 'GTP_DFF' unit is dangling and will be cleaned.
W: Public-4008: Instance 'u_lprnet_top/u_layer23/genblk1.out_inst.u_output_layer/acc_shift_reg[0][6][1]' of 'GTP_DFF' unit is dangling and will be cleaned.
W: Public-4008: Instance 'u_lprnet_top/u_layer23/genblk1.out_inst.u_output_layer/acc_shift_reg[0][6][2]' of 'GTP_DFF' unit is dangling and will be cleaned.
W: Public-4008: Instance 'u_lprnet_top/u_layer23/genblk1.out_inst.u_output_layer/acc_shift_reg[0][6][3]' of 'GTP_DFF' unit is dangling and will be cleaned.
W: Public-4008: Instance 'u_lprnet_top/u_layer23/genblk1.out_inst.u_output_layer/acc_shift_reg[0][6][4]' of 'GTP_DFF' unit is dangling and will be cleaned.
W: Public-4008: Instance 'u_lprnet_top/u_layer23/genblk1.out_inst.u_output_layer/acc_shift_reg[0][6][5]' of 'GTP_DFF' unit is dangling and will be cleaned.
W: Public-4008: Instance 'u_lprnet_top/u_layer23/genblk1.out_inst.u_output_layer/acc_shift_reg[0][6][6]' of 'GTP_DFF' unit is dangling and will be cleaned.
W: Public-4008: Instance 'u_lprnet_top/u_layer23/genblk1.out_inst.u_output_layer/acc_shift_reg[0][6][7]' of 'GTP_DFF' unit is dangling and will be cleaned.
W: Public-4008: Instance 'u_lprnet_top/u_layer23/genblk1.out_inst.u_output_layer/acc_shift_reg[0][6][8]' of 'GTP_DFF' unit is dangling and will be cleaned.
W: Public-4008: Instance 'u_lprnet_top/u_layer23/genblk1.out_inst.u_output_layer/acc_shift_reg[0][6][9]' of 'GTP_DFF' unit is dangling and will be cleaned.
W: Public-4008: Instance 'u_lprnet_top/u_layer23/genblk1.out_inst.u_output_layer/acc_shift_reg[0][6][10]' of 'GTP_DFF' unit is dangling and will be cleaned.
W: Public-4008: Instance 'u_lprnet_top/u_layer23/genblk1.out_inst.u_output_layer/acc_shift_reg[0][6][11]' of 'GTP_DFF' unit is dangling and will be cleaned.
W: Public-4008: Instance 'u_lprnet_top/u_layer23/genblk1.out_inst.u_output_layer/acc_shift_reg[0][6][12]' of 'GTP_DFF' unit is dangling and will be cleaned.
W: Public-4008: Instance 'u_lprnet_top/u_layer23/genblk1.out_inst.u_output_layer/acc_shift_reg[0][6][13]' of 'GTP_DFF' unit is dangling and will be cleaned.
W: Public-4008: Instance 'u_lprnet_top/u_layer23/genblk1.out_inst.u_output_layer/acc_shift_reg[0][6][14]' of 'GTP_DFF' unit is dangling and will be cleaned.
W: Public-4008: Instance 'u_lprnet_top/u_layer23/genblk1.out_inst.u_output_layer/acc_shift_reg[0][6][15]' of 'GTP_DFF' unit is dangling and will be cleaned.
W: Public-4008: Instance 'u_lprnet_top/u_layer23/genblk1.out_inst.u_output_layer/acc_shift_reg[0][6][16]' of 'GTP_DFF' unit is dangling and will be cleaned.
W: Public-4008: Instance 'u_lprnet_top/u_layer23/genblk1.out_inst.u_output_layer/acc_shift_reg[0][6][17]' of 'GTP_DFF' unit is dangling and will be cleaned.
W: Public-4008: Instance 'u_lprnet_top/u_layer23/genblk1.out_inst.u_output_layer/acc_shift_reg[0][6][18]' of 'GTP_DFF' unit is dangling and will be cleaned.
W: Public-4008: Instance 'u_lprnet_top/u_layer23/genblk1.out_inst.u_output_layer/acc_shift_reg[0][6][19]' of 'GTP_DFF' unit is dangling and will be cleaned.
W: Public-4008: Instance 'u_lprnet_top/u_layer23/genblk1.out_inst.u_output_layer/acc_shift_reg[0][6][20]' of 'GTP_DFF' unit is dangling and will be cleaned.
W: Public-4008: Instance 'u_lprnet_top/u_layer23/genblk1.out_inst.u_output_layer/acc_shift_reg[0][6][21]' of 'GTP_DFF' unit is dangling and will be cleaned.
W: Public-4008: Instance 'u_lprnet_top/u_layer23/genblk1.out_inst.u_output_layer/acc_shift_reg[0][6][22]' of 'GTP_DFF' unit is dangling and will be cleaned.
W: Public-4008: Instance 'u_lprnet_top/u_layer23/genblk1.out_inst.u_output_layer/acc_shift_reg[0][6][23]' of 'GTP_DFF' unit is dangling and will be cleaned.
W: Public-4008: Instance 'u_lprnet_top/u_layer23/genblk1.out_inst.u_output_layer/acc_shift_reg[0][6][24]' of 'GTP_DFF' unit is dangling and will be cleaned.
W: Public-4008: Instance 'u_lprnet_top/u_layer23/genblk1.out_inst.u_output_layer/acc_shift_reg[0][6][25]' of 'GTP_DFF' unit is dangling and will be cleaned.
W: Public-4008: Instance 'u_lprnet_top/u_layer23/genblk1.out_inst.u_output_layer/acc_shift_reg[0][6][26]' of 'GTP_DFF' unit is dangling and will be cleaned.
W: Public-4008: Instance 'u_lprnet_top/u_layer23/genblk1.out_inst.u_output_layer/acc_shift_reg[1][0][0]' of 'GTP_DFF' unit is dangling and will be cleaned.
W: Public-4008: Instance 'u_lprnet_top/u_layer23/genblk1.out_inst.u_output_layer/acc_shift_reg[1][0][1]' of 'GTP_DFF' unit is dangling and will be cleaned.
W: Public-4008: Instance 'u_lprnet_top/u_layer23/genblk1.out_inst.u_output_layer/acc_shift_reg[1][0][2]' of 'GTP_DFF' unit is dangling and will be cleaned.
W: Public-4008: Instance 'u_lprnet_top/u_layer23/genblk1.out_inst.u_output_layer/acc_shift_reg[1][0][3]' of 'GTP_DFF' unit is dangling and will be cleaned.
W: Public-4008: Instance 'u_lprnet_top/u_layer23/genblk1.out_inst.u_output_layer/acc_shift_reg[1][0][4]' of 'GTP_DFF' unit is dangling and will be cleaned.
W: Public-4008: Instance 'u_lprnet_top/u_layer23/genblk1.out_inst.u_output_layer/acc_shift_reg[1][0][5]' of 'GTP_DFF' unit is dangling and will be cleaned.
W: Public-4008: Instance 'u_lprnet_top/u_layer23/genblk1.out_inst.u_output_layer/acc_shift_reg[1][0][6]' of 'GTP_DFF' unit is dangling and will be cleaned.
W: Public-4008: Instance 'u_lprnet_top/u_layer23/genblk1.out_inst.u_output_layer/acc_shift_reg[1][0][7]' of 'GTP_DFF' unit is dangling and will be cleaned.
W: Public-4008: Instance 'u_lprnet_top/u_layer23/genblk1.out_inst.u_output_layer/acc_shift_reg[1][0][8]' of 'GTP_DFF' unit is dangling and will be cleaned.
W: Public-4008: Instance 'u_lprnet_top/u_layer23/genblk1.out_inst.u_output_layer/acc_shift_reg[1][0][9]' of 'GTP_DFF' unit is dangling and will be cleaned.
W: Public-4008: Instance 'u_lprnet_top/u_layer23/genblk1.out_inst.u_output_layer/acc_shift_reg[1][0][10]' of 'GTP_DFF' unit is dangling and will be cleaned.
W: Public-4008: Instance 'u_lprnet_top/u_layer23/genblk1.out_inst.u_output_layer/acc_shift_reg[1][0][11]' of 'GTP_DFF' unit is dangling and will be cleaned.
W: Public-4008: Instance 'u_lprnet_top/u_layer23/genblk1.out_inst.u_output_layer/acc_shift_reg[1][0][12]' of 'GTP_DFF' unit is dangling and will be cleaned.
W: Public-4008: Instance 'u_lprnet_top/u_layer23/genblk1.out_inst.u_output_layer/acc_shift_reg[1][0][13]' of 'GTP_DFF' unit is dangling and will be cleaned.
W: Public-4008: Instance 'u_lprnet_top/u_layer23/genblk1.out_inst.u_output_layer/acc_shift_reg[1][0][14]' of 'GTP_DFF' unit is dangling and will be cleaned.
W: Public-4008: Instance 'u_lprnet_top/u_layer23/genblk1.out_inst.u_output_layer/acc_shift_reg[1][0][15]' of 'GTP_DFF' unit is dangling and will be cleaned.
W: Public-4008: Instance 'u_lprnet_top/u_layer23/genblk1.out_inst.u_output_layer/acc_shift_reg[1][0][16]' of 'GTP_DFF' unit is dangling and will be cleaned.
W: Public-4008: Instance 'u_lprnet_top/u_layer23/genblk1.out_inst.u_output_layer/acc_shift_reg[1][0][17]' of 'GTP_DFF' unit is dangling and will be cleaned.
W: Public-4008: Instance 'u_lprnet_top/u_layer23/genblk1.out_inst.u_output_layer/acc_shift_reg[1][0][18]' of 'GTP_DFF' unit is dangling and will be cleaned.
W: Public-4008: Instance 'u_lprnet_top/u_layer23/genblk1.out_inst.u_output_layer/acc_shift_reg[1][0][19]' of 'GTP_DFF' unit is dangling and will be cleaned.
W: Public-4008: Instance 'u_lprnet_top/u_layer23/genblk1.out_inst.u_output_layer/acc_shift_reg[1][0][20]' of 'GTP_DFF' unit is dangling and will be cleaned.
W: Public-4008: Instance 'u_lprnet_top/u_layer23/genblk1.out_inst.u_output_layer/acc_shift_reg[1][0][21]' of 'GTP_DFF' unit is dangling and will be cleaned.
W: Public-4008: Instance 'u_lprnet_top/u_layer23/genblk1.out_inst.u_output_layer/acc_shift_reg[1][0][22]' of 'GTP_DFF' unit is dangling and will be cleaned.
W: Public-4008: Instance 'u_lprnet_top/u_layer23/genblk1.out_inst.u_output_layer/acc_shift_reg[1][0][23]' of 'GTP_DFF' unit is dangling and will be cleaned.
W: Public-4008: Instance 'u_lprnet_top/u_layer23/genblk1.out_inst.u_output_layer/acc_shift_reg[1][0][24]' of 'GTP_DFF' unit is dangling and will be cleaned.
W: Public-4008: Instance 'u_lprnet_top/u_layer23/genblk1.out_inst.u_output_layer/acc_shift_reg[1][0][25]' of 'GTP_DFF' unit is dangling and will be cleaned.
W: Public-4008: Instance 'u_lprnet_top/u_layer23/genblk1.out_inst.u_output_layer/acc_shift_reg[1][0][26]' of 'GTP_DFF' unit is dangling and will be cleaned.
W: Public-4008: Instance 'u_lprnet_top/u_layer23/genblk1.out_inst.u_output_layer/acc_shift_reg[1][1][0]' of 'GTP_DFF' unit is dangling and will be cleaned.
W: Public-4008: Instance 'u_lprnet_top/u_layer23/genblk1.out_inst.u_output_layer/acc_shift_reg[1][1][1]' of 'GTP_DFF' unit is dangling and will be cleaned.
W: Public-4008: Instance 'u_lprnet_top/u_layer23/genblk1.out_inst.u_output_layer/acc_shift_reg[1][1][2]' of 'GTP_DFF' unit is dangling and will be cleaned.
W: Public-4008: Instance 'u_lprnet_top/u_layer23/genblk1.out_inst.u_output_layer/acc_shift_reg[1][1][3]' of 'GTP_DFF' unit is dangling and will be cleaned.
W: Public-4008: Instance 'u_lprnet_top/u_layer23/genblk1.out_inst.u_output_layer/acc_shift_reg[1][1][4]' of 'GTP_DFF' unit is dangling and will be cleaned.
W: Public-4008: Instance 'u_lprnet_top/u_layer23/genblk1.out_inst.u_output_layer/acc_shift_reg[1][1][5]' of 'GTP_DFF' unit is dangling and will be cleaned.
W: Public-4008: Instance 'u_lprnet_top/u_layer23/genblk1.out_inst.u_output_layer/acc_shift_reg[1][1][6]' of 'GTP_DFF' unit is dangling and will be cleaned.
W: Public-4008: Instance 'u_lprnet_top/u_layer23/genblk1.out_inst.u_output_layer/acc_shift_reg[1][1][7]' of 'GTP_DFF' unit is dangling and will be cleaned.
W: Public-4008: Instance 'u_lprnet_top/u_layer23/genblk1.out_inst.u_output_layer/acc_shift_reg[1][1][8]' of 'GTP_DFF' unit is dangling and will be cleaned.
W: Public-4008: Instance 'u_lprnet_top/u_layer23/genblk1.out_inst.u_output_layer/acc_shift_reg[1][1][9]' of 'GTP_DFF' unit is dangling and will be cleaned.
W: Public-4008: Instance 'u_lprnet_top/u_layer23/genblk1.out_inst.u_output_layer/acc_shift_reg[1][1][10]' of 'GTP_DFF' unit is dangling and will be cleaned.
W: Public-4008: Instance 'u_lprnet_top/u_layer23/genblk1.out_inst.u_output_layer/acc_shift_reg[1][1][11]' of 'GTP_DFF' unit is dangling and will be cleaned.
W: Public-4008: Instance 'u_lprnet_top/u_layer23/genblk1.out_inst.u_output_layer/acc_shift_reg[1][1][12]' of 'GTP_DFF' unit is dangling and will be cleaned.
W: Public-4008: Instance 'u_lprnet_top/u_layer23/genblk1.out_inst.u_output_layer/acc_shift_reg[1][1][13]' of 'GTP_DFF' unit is dangling and will be cleaned.
W: Public-4008: Instance 'u_lprnet_top/u_layer23/genblk1.out_inst.u_output_layer/acc_shift_reg[1][1][14]' of 'GTP_DFF' unit is dangling and will be cleaned.
W: Public-4008: Instance 'u_lprnet_top/u_layer23/genblk1.out_inst.u_output_layer/acc_shift_reg[1][1][15]' of 'GTP_DFF' unit is dangling and will be cleaned.
W: Public-4008: Instance 'u_lprnet_top/u_layer23/genblk1.out_inst.u_output_layer/acc_shift_reg[1][1][16]' of 'GTP_DFF' unit is dangling and will be cleaned.
W: Public-4008: Instance 'u_lprnet_top/u_layer23/genblk1.out_inst.u_output_layer/acc_shift_reg[1][1][17]' of 'GTP_DFF' unit is dangling and will be cleaned.
W: Public-4008: Instance 'u_lprnet_top/u_layer23/genblk1.out_inst.u_output_layer/acc_shift_reg[1][1][18]' of 'GTP_DFF' unit is dangling and will be cleaned.
W: Public-4008: Instance 'u_lprnet_top/u_layer23/genblk1.out_inst.u_output_layer/acc_shift_reg[1][1][19]' of 'GTP_DFF' unit is dangling and will be cleaned.
W: Public-4008: Instance 'u_lprnet_top/u_layer23/genblk1.out_inst.u_output_layer/acc_shift_reg[1][1][20]' of 'GTP_DFF' unit is dangling and will be cleaned.
W: Public-4008: Instance 'u_lprnet_top/u_layer23/genblk1.out_inst.u_output_layer/acc_shift_reg[1][1][21]' of 'GTP_DFF' unit is dangling and will be cleaned.
W: Public-4008: Instance 'u_lprnet_top/u_layer23/genblk1.out_inst.u_output_layer/acc_shift_reg[1][1][22]' of 'GTP_DFF' unit is dangling and will be cleaned.
W: Public-4008: Instance 'u_lprnet_top/u_layer23/genblk1.out_inst.u_output_layer/acc_shift_reg[1][1][23]' of 'GTP_DFF' unit is dangling and will be cleaned.
W: Public-4008: Instance 'u_lprnet_top/u_layer23/genblk1.out_inst.u_output_layer/acc_shift_reg[1][1][24]' of 'GTP_DFF' unit is dangling and will be cleaned.
W: Public-4008: Instance 'u_lprnet_top/u_layer23/genblk1.out_inst.u_output_layer/acc_shift_reg[1][1][25]' of 'GTP_DFF' unit is dangling and will be cleaned.
W: Public-4008: Instance 'u_lprnet_top/u_layer23/genblk1.out_inst.u_output_layer/acc_shift_reg[1][1][26]' of 'GTP_DFF' unit is dangling and will be cleaned.
W: Public-4008: Instance 'u_lprnet_top/u_layer23/genblk1.out_inst.u_output_layer/acc_shift_reg[1][2][0]' of 'GTP_DFF' unit is dangling and will be cleaned.
W: Public-4008: Instance 'u_lprnet_top/u_layer23/genblk1.out_inst.u_output_layer/acc_shift_reg[1][2][1]' of 'GTP_DFF' unit is dangling and will be cleaned.
W: Public-4008: Instance 'u_lprnet_top/u_layer23/genblk1.out_inst.u_output_layer/acc_shift_reg[1][2][2]' of 'GTP_DFF' unit is dangling and will be cleaned.
W: Public-4008: Instance 'u_lprnet_top/u_layer23/genblk1.out_inst.u_output_layer/acc_shift_reg[1][2][3]' of 'GTP_DFF' unit is dangling and will be cleaned.
W: Public-4008: Instance 'u_lprnet_top/u_layer23/genblk1.out_inst.u_output_layer/acc_shift_reg[1][2][4]' of 'GTP_DFF' unit is dangling and will be cleaned.
W: Public-4008: Instance 'u_lprnet_top/u_layer23/genblk1.out_inst.u_output_layer/acc_shift_reg[1][2][5]' of 'GTP_DFF' unit is dangling and will be cleaned.
W: Public-4008: Instance 'u_lprnet_top/u_layer23/genblk1.out_inst.u_output_layer/acc_shift_reg[1][2][6]' of 'GTP_DFF' unit is dangling and will be cleaned.
W: Public-4008: Instance 'u_lprnet_top/u_layer23/genblk1.out_inst.u_output_layer/acc_shift_reg[1][2][7]' of 'GTP_DFF' unit is dangling and will be cleaned.
W: Public-4008: Instance 'u_lprnet_top/u_layer23/genblk1.out_inst.u_output_layer/acc_shift_reg[1][2][8]' of 'GTP_DFF' unit is dangling and will be cleaned.
W: Public-4008: Instance 'u_lprnet_top/u_layer23/genblk1.out_inst.u_output_layer/acc_shift_reg[1][2][9]' of 'GTP_DFF' unit is dangling and will be cleaned.
W: Public-4008: Instance 'u_lprnet_top/u_layer23/genblk1.out_inst.u_output_layer/acc_shift_reg[1][2][10]' of 'GTP_DFF' unit is dangling and will be cleaned.
W: Public-4008: Instance 'u_lprnet_top/u_layer23/genblk1.out_inst.u_output_layer/acc_shift_reg[1][2][11]' of 'GTP_DFF' unit is dangling and will be cleaned.
W: Public-4008: Instance 'u_lprnet_top/u_layer23/genblk1.out_inst.u_output_layer/acc_shift_reg[1][2][12]' of 'GTP_DFF' unit is dangling and will be cleaned.
W: Public-4008: Instance 'u_lprnet_top/u_layer23/genblk1.out_inst.u_output_layer/acc_shift_reg[1][2][13]' of 'GTP_DFF' unit is dangling and will be cleaned.
W: Public-4008: Instance 'u_lprnet_top/u_layer23/genblk1.out_inst.u_output_layer/acc_shift_reg[1][2][14]' of 'GTP_DFF' unit is dangling and will be cleaned.
W: Public-4008: Instance 'u_lprnet_top/u_layer23/genblk1.out_inst.u_output_layer/acc_shift_reg[1][2][15]' of 'GTP_DFF' unit is dangling and will be cleaned.
W: Public-4008: Instance 'u_lprnet_top/u_layer23/genblk1.out_inst.u_output_layer/acc_shift_reg[1][2][16]' of 'GTP_DFF' unit is dangling and will be cleaned.
W: Public-4008: Instance 'u_lprnet_top/u_layer23/genblk1.out_inst.u_output_layer/acc_shift_reg[1][2][17]' of 'GTP_DFF' unit is dangling and will be cleaned.
W: Public-4008: Instance 'u_lprnet_top/u_layer23/genblk1.out_inst.u_output_layer/acc_shift_reg[1][2][18]' of 'GTP_DFF' unit is dangling and will be cleaned.
W: Public-4008: Instance 'u_lprnet_top/u_layer23/genblk1.out_inst.u_output_layer/acc_shift_reg[1][2][19]' of 'GTP_DFF' unit is dangling and will be cleaned.
W: Public-4008: Instance 'u_lprnet_top/u_layer23/genblk1.out_inst.u_output_layer/acc_shift_reg[1][2][20]' of 'GTP_DFF' unit is dangling and will be cleaned.
W: Public-4008: Instance 'u_lprnet_top/u_layer23/genblk1.out_inst.u_output_layer/acc_shift_reg[1][2][21]' of 'GTP_DFF' unit is dangling and will be cleaned.
W: Public-4008: Instance 'u_lprnet_top/u_layer23/genblk1.out_inst.u_output_layer/acc_shift_reg[1][2][22]' of 'GTP_DFF' unit is dangling and will be cleaned.
W: Public-4008: Instance 'u_lprnet_top/u_layer23/genblk1.out_inst.u_output_layer/acc_shift_reg[1][2][23]' of 'GTP_DFF' unit is dangling and will be cleaned.
W: Public-4008: Instance 'u_lprnet_top/u_layer23/genblk1.out_inst.u_output_layer/acc_shift_reg[1][2][24]' of 'GTP_DFF' unit is dangling and will be cleaned.
W: Public-4008: Instance 'u_lprnet_top/u_layer23/genblk1.out_inst.u_output_layer/acc_shift_reg[1][2][25]' of 'GTP_DFF' unit is dangling and will be cleaned.
W: Public-4008: Instance 'u_lprnet_top/u_layer23/genblk1.out_inst.u_output_layer/acc_shift_reg[1][2][26]' of 'GTP_DFF' unit is dangling and will be cleaned.
W: Public-4008: Instance 'u_lprnet_top/u_layer23/genblk1.out_inst.u_output_layer/acc_shift_reg[1][3][0]' of 'GTP_DFF' unit is dangling and will be cleaned.
W: Public-4008: Instance 'u_lprnet_top/u_layer23/genblk1.out_inst.u_output_layer/acc_shift_reg[1][3][1]' of 'GTP_DFF' unit is dangling and will be cleaned.
W: Public-4008: Instance 'u_lprnet_top/u_layer23/genblk1.out_inst.u_output_layer/acc_shift_reg[1][3][2]' of 'GTP_DFF' unit is dangling and will be cleaned.
W: Public-4008: Instance 'u_lprnet_top/u_layer23/genblk1.out_inst.u_output_layer/acc_shift_reg[1][3][3]' of 'GTP_DFF' unit is dangling and will be cleaned.
W: Public-4008: Instance 'u_lprnet_top/u_layer23/genblk1.out_inst.u_output_layer/acc_shift_reg[1][3][4]' of 'GTP_DFF' unit is dangling and will be cleaned.
W: Public-4008: Instance 'u_lprnet_top/u_layer23/genblk1.out_inst.u_output_layer/acc_shift_reg[1][3][5]' of 'GTP_DFF' unit is dangling and will be cleaned.
W: Public-4008: Instance 'u_lprnet_top/u_layer23/genblk1.out_inst.u_output_layer/acc_shift_reg[1][3][6]' of 'GTP_DFF' unit is dangling and will be cleaned.
W: Public-4008: Instance 'u_lprnet_top/u_layer23/genblk1.out_inst.u_output_layer/acc_shift_reg[1][3][7]' of 'GTP_DFF' unit is dangling and will be cleaned.
W: Public-4008: Instance 'u_lprnet_top/u_layer23/genblk1.out_inst.u_output_layer/acc_shift_reg[1][3][8]' of 'GTP_DFF' unit is dangling and will be cleaned.
W: Public-4008: Instance 'u_lprnet_top/u_layer23/genblk1.out_inst.u_output_layer/acc_shift_reg[1][3][9]' of 'GTP_DFF' unit is dangling and will be cleaned.
W: Public-4008: Instance 'u_lprnet_top/u_layer23/genblk1.out_inst.u_output_layer/acc_shift_reg[1][3][10]' of 'GTP_DFF' unit is dangling and will be cleaned.
W: Public-4008: Instance 'u_lprnet_top/u_layer23/genblk1.out_inst.u_output_layer/acc_shift_reg[1][3][11]' of 'GTP_DFF' unit is dangling and will be cleaned.
W: Public-4008: Instance 'u_lprnet_top/u_layer23/genblk1.out_inst.u_output_layer/acc_shift_reg[1][3][12]' of 'GTP_DFF' unit is dangling and will be cleaned.
W: Public-4008: Instance 'u_lprnet_top/u_layer23/genblk1.out_inst.u_output_layer/acc_shift_reg[1][3][13]' of 'GTP_DFF' unit is dangling and will be cleaned.
W: Public-4008: Instance 'u_lprnet_top/u_layer23/genblk1.out_inst.u_output_layer/acc_shift_reg[1][3][14]' of 'GTP_DFF' unit is dangling and will be cleaned.
W: Public-4008: Instance 'u_lprnet_top/u_layer23/genblk1.out_inst.u_output_layer/acc_shift_reg[1][3][15]' of 'GTP_DFF' unit is dangling and will be cleaned.
W: Public-4008: Instance 'u_lprnet_top/u_layer23/genblk1.out_inst.u_output_layer/acc_shift_reg[1][3][16]' of 'GTP_DFF' unit is dangling and will be cleaned.
W: Public-4008: Instance 'u_lprnet_top/u_layer23/genblk1.out_inst.u_output_layer/acc_shift_reg[1][3][17]' of 'GTP_DFF' unit is dangling and will be cleaned.
W: Public-4008: Instance 'u_lprnet_top/u_layer23/genblk1.out_inst.u_output_layer/acc_shift_reg[1][3][18]' of 'GTP_DFF' unit is dangling and will be cleaned.
W: Public-4008: Instance 'u_lprnet_top/u_layer23/genblk1.out_inst.u_output_layer/acc_shift_reg[1][3][19]' of 'GTP_DFF' unit is dangling and will be cleaned.
W: Public-4008: Instance 'u_lprnet_top/u_layer23/genblk1.out_inst.u_output_layer/acc_shift_reg[1][3][20]' of 'GTP_DFF' unit is dangling and will be cleaned.
W: Public-4008: Instance 'u_lprnet_top/u_layer23/genblk1.out_inst.u_output_layer/acc_shift_reg[1][3][21]' of 'GTP_DFF' unit is dangling and will be cleaned.
W: Public-4008: Instance 'u_lprnet_top/u_layer23/genblk1.out_inst.u_output_layer/acc_shift_reg[1][3][22]' of 'GTP_DFF' unit is dangling and will be cleaned.
W: Public-4008: Instance 'u_lprnet_top/u_layer23/genblk1.out_inst.u_output_layer/acc_shift_reg[1][3][23]' of 'GTP_DFF' unit is dangling and will be cleaned.
W: Public-4008: Instance 'u_lprnet_top/u_layer23/genblk1.out_inst.u_output_layer/acc_shift_reg[1][3][24]' of 'GTP_DFF' unit is dangling and will be cleaned.
W: Public-4008: Instance 'u_lprnet_top/u_layer23/genblk1.out_inst.u_output_layer/acc_shift_reg[1][3][25]' of 'GTP_DFF' unit is dangling and will be cleaned.
W: Public-4008: Instance 'u_lprnet_top/u_layer23/genblk1.out_inst.u_output_layer/acc_shift_reg[1][3][26]' of 'GTP_DFF' unit is dangling and will be cleaned.
W: Public-4008: Instance 'u_lprnet_top/u_layer23/genblk1.out_inst.u_output_layer/acc_shift_reg[1][4][0]' of 'GTP_DFF' unit is dangling and will be cleaned.
W: Public-4008: Instance 'u_lprnet_top/u_layer23/genblk1.out_inst.u_output_layer/acc_shift_reg[1][4][1]' of 'GTP_DFF' unit is dangling and will be cleaned.
W: Public-4008: Instance 'u_lprnet_top/u_layer23/genblk1.out_inst.u_output_layer/acc_shift_reg[1][4][2]' of 'GTP_DFF' unit is dangling and will be cleaned.
W: Public-4008: Instance 'u_lprnet_top/u_layer23/genblk1.out_inst.u_output_layer/acc_shift_reg[1][4][3]' of 'GTP_DFF' unit is dangling and will be cleaned.
W: Public-4008: Instance 'u_lprnet_top/u_layer23/genblk1.out_inst.u_output_layer/acc_shift_reg[1][4][4]' of 'GTP_DFF' unit is dangling and will be cleaned.
W: Public-4008: Instance 'u_lprnet_top/u_layer23/genblk1.out_inst.u_output_layer/acc_shift_reg[1][4][5]' of 'GTP_DFF' unit is dangling and will be cleaned.
W: Public-4008: Instance 'u_lprnet_top/u_layer23/genblk1.out_inst.u_output_layer/acc_shift_reg[1][4][6]' of 'GTP_DFF' unit is dangling and will be cleaned.
W: Public-4008: Instance 'u_lprnet_top/u_layer23/genblk1.out_inst.u_output_layer/acc_shift_reg[1][4][7]' of 'GTP_DFF' unit is dangling and will be cleaned.
W: Public-4008: Instance 'u_lprnet_top/u_layer23/genblk1.out_inst.u_output_layer/acc_shift_reg[1][4][8]' of 'GTP_DFF' unit is dangling and will be cleaned.
W: Public-4008: Instance 'u_lprnet_top/u_layer23/genblk1.out_inst.u_output_layer/acc_shift_reg[1][4][9]' of 'GTP_DFF' unit is dangling and will be cleaned.
W: Public-4008: Instance 'u_lprnet_top/u_layer23/genblk1.out_inst.u_output_layer/acc_shift_reg[1][4][10]' of 'GTP_DFF' unit is dangling and will be cleaned.
W: Public-4008: Instance 'u_lprnet_top/u_layer23/genblk1.out_inst.u_output_layer/acc_shift_reg[1][4][11]' of 'GTP_DFF' unit is dangling and will be cleaned.
W: Public-4008: Instance 'u_lprnet_top/u_layer23/genblk1.out_inst.u_output_layer/acc_shift_reg[1][4][12]' of 'GTP_DFF' unit is dangling and will be cleaned.
W: Public-4008: Instance 'u_lprnet_top/u_layer23/genblk1.out_inst.u_output_layer/acc_shift_reg[1][4][13]' of 'GTP_DFF' unit is dangling and will be cleaned.
W: Public-4008: Instance 'u_lprnet_top/u_layer23/genblk1.out_inst.u_output_layer/acc_shift_reg[1][4][14]' of 'GTP_DFF' unit is dangling and will be cleaned.
W: Public-4008: Instance 'u_lprnet_top/u_layer23/genblk1.out_inst.u_output_layer/acc_shift_reg[1][4][15]' of 'GTP_DFF' unit is dangling and will be cleaned.
W: Public-4008: Instance 'u_lprnet_top/u_layer23/genblk1.out_inst.u_output_layer/acc_shift_reg[1][4][16]' of 'GTP_DFF' unit is dangling and will be cleaned.
W: Public-4008: Instance 'u_lprnet_top/u_layer23/genblk1.out_inst.u_output_layer/acc_shift_reg[1][4][17]' of 'GTP_DFF' unit is dangling and will be cleaned.
W: Public-4008: Instance 'u_lprnet_top/u_layer23/genblk1.out_inst.u_output_layer/acc_shift_reg[1][4][18]' of 'GTP_DFF' unit is dangling and will be cleaned.
W: Public-4008: Instance 'u_lprnet_top/u_layer23/genblk1.out_inst.u_output_layer/acc_shift_reg[1][4][19]' of 'GTP_DFF' unit is dangling and will be cleaned.
W: Public-4008: Instance 'u_lprnet_top/u_layer23/genblk1.out_inst.u_output_layer/acc_shift_reg[1][4][20]' of 'GTP_DFF' unit is dangling and will be cleaned.
W: Public-4008: Instance 'u_lprnet_top/u_layer23/genblk1.out_inst.u_output_layer/acc_shift_reg[1][4][21]' of 'GTP_DFF' unit is dangling and will be cleaned.
W: Public-4008: Instance 'u_lprnet_top/u_layer23/genblk1.out_inst.u_output_layer/acc_shift_reg[1][4][22]' of 'GTP_DFF' unit is dangling and will be cleaned.
W: Public-4008: Instance 'u_lprnet_top/u_layer23/genblk1.out_inst.u_output_layer/acc_shift_reg[1][4][23]' of 'GTP_DFF' unit is dangling and will be cleaned.
W: Public-4008: Instance 'u_lprnet_top/u_layer23/genblk1.out_inst.u_output_layer/acc_shift_reg[1][4][24]' of 'GTP_DFF' unit is dangling and will be cleaned.
W: Public-4008: Instance 'u_lprnet_top/u_layer23/genblk1.out_inst.u_output_layer/acc_shift_reg[1][4][25]' of 'GTP_DFF' unit is dangling and will be cleaned.
W: Public-4008: Instance 'u_lprnet_top/u_layer23/genblk1.out_inst.u_output_layer/acc_shift_reg[1][4][26]' of 'GTP_DFF' unit is dangling and will be cleaned.
W: Public-4008: Instance 'u_lprnet_top/u_layer23/genblk1.out_inst.u_output_layer/acc_shift_reg[1][5][0]' of 'GTP_DFF' unit is dangling and will be cleaned.
W: Public-4008: Instance 'u_lprnet_top/u_layer23/genblk1.out_inst.u_output_layer/acc_shift_reg[1][5][1]' of 'GTP_DFF' unit is dangling and will be cleaned.
W: Public-4008: Instance 'u_lprnet_top/u_layer23/genblk1.out_inst.u_output_layer/acc_shift_reg[1][5][2]' of 'GTP_DFF' unit is dangling and will be cleaned.
W: Public-4008: Instance 'u_lprnet_top/u_layer23/genblk1.out_inst.u_output_layer/acc_shift_reg[1][5][3]' of 'GTP_DFF' unit is dangling and will be cleaned.
W: Public-4008: Instance 'u_lprnet_top/u_layer23/genblk1.out_inst.u_output_layer/acc_shift_reg[1][5][4]' of 'GTP_DFF' unit is dangling and will be cleaned.
W: Public-4008: Instance 'u_lprnet_top/u_layer23/genblk1.out_inst.u_output_layer/acc_shift_reg[1][5][5]' of 'GTP_DFF' unit is dangling and will be cleaned.
W: Public-4008: Instance 'u_lprnet_top/u_layer23/genblk1.out_inst.u_output_layer/acc_shift_reg[1][5][6]' of 'GTP_DFF' unit is dangling and will be cleaned.
W: Public-4008: Instance 'u_lprnet_top/u_layer23/genblk1.out_inst.u_output_layer/acc_shift_reg[1][5][7]' of 'GTP_DFF' unit is dangling and will be cleaned.
W: Public-4008: Instance 'u_lprnet_top/u_layer23/genblk1.out_inst.u_output_layer/acc_shift_reg[1][5][8]' of 'GTP_DFF' unit is dangling and will be cleaned.
W: Public-4008: Instance 'u_lprnet_top/u_layer23/genblk1.out_inst.u_output_layer/acc_shift_reg[1][5][9]' of 'GTP_DFF' unit is dangling and will be cleaned.
W: Public-4008: Instance 'u_lprnet_top/u_layer23/genblk1.out_inst.u_output_layer/acc_shift_reg[1][5][10]' of 'GTP_DFF' unit is dangling and will be cleaned.
W: Public-4008: Instance 'u_lprnet_top/u_layer23/genblk1.out_inst.u_output_layer/acc_shift_reg[1][5][11]' of 'GTP_DFF' unit is dangling and will be cleaned.
W: Public-4008: Instance 'u_lprnet_top/u_layer23/genblk1.out_inst.u_output_layer/acc_shift_reg[1][5][12]' of 'GTP_DFF' unit is dangling and will be cleaned.
W: Public-4008: Instance 'u_lprnet_top/u_layer23/genblk1.out_inst.u_output_layer/acc_shift_reg[1][5][13]' of 'GTP_DFF' unit is dangling and will be cleaned.
W: Public-4008: Instance 'u_lprnet_top/u_layer23/genblk1.out_inst.u_output_layer/acc_shift_reg[1][5][14]' of 'GTP_DFF' unit is dangling and will be cleaned.
W: Public-4008: Instance 'u_lprnet_top/u_layer23/genblk1.out_inst.u_output_layer/acc_shift_reg[1][5][15]' of 'GTP_DFF' unit is dangling and will be cleaned.
W: Public-4008: Instance 'u_lprnet_top/u_layer23/genblk1.out_inst.u_output_layer/acc_shift_reg[1][5][16]' of 'GTP_DFF' unit is dangling and will be cleaned.
W: Public-4008: Instance 'u_lprnet_top/u_layer23/genblk1.out_inst.u_output_layer/acc_shift_reg[1][5][17]' of 'GTP_DFF' unit is dangling and will be cleaned.
W: Public-4008: Instance 'u_lprnet_top/u_layer23/genblk1.out_inst.u_output_layer/acc_shift_reg[1][5][18]' of 'GTP_DFF' unit is dangling and will be cleaned.
W: Public-4008: Instance 'u_lprnet_top/u_layer23/genblk1.out_inst.u_output_layer/acc_shift_reg[1][5][19]' of 'GTP_DFF' unit is dangling and will be cleaned.
W: Public-4008: Instance 'u_lprnet_top/u_layer23/genblk1.out_inst.u_output_layer/acc_shift_reg[1][5][20]' of 'GTP_DFF' unit is dangling and will be cleaned.
W: Public-4008: Instance 'u_lprnet_top/u_layer23/genblk1.out_inst.u_output_layer/acc_shift_reg[1][5][21]' of 'GTP_DFF' unit is dangling and will be cleaned.
W: Public-4008: Instance 'u_lprnet_top/u_layer23/genblk1.out_inst.u_output_layer/acc_shift_reg[1][5][22]' of 'GTP_DFF' unit is dangling and will be cleaned.
W: Public-4008: Instance 'u_lprnet_top/u_layer23/genblk1.out_inst.u_output_layer/acc_shift_reg[1][5][23]' of 'GTP_DFF' unit is dangling and will be cleaned.
W: Public-4008: Instance 'u_lprnet_top/u_layer23/genblk1.out_inst.u_output_layer/acc_shift_reg[1][5][24]' of 'GTP_DFF' unit is dangling and will be cleaned.
W: Public-4008: Instance 'u_lprnet_top/u_layer23/genblk1.out_inst.u_output_layer/acc_shift_reg[1][5][25]' of 'GTP_DFF' unit is dangling and will be cleaned.
W: Public-4008: Instance 'u_lprnet_top/u_layer23/genblk1.out_inst.u_output_layer/acc_shift_reg[1][5][26]' of 'GTP_DFF' unit is dangling and will be cleaned.
W: Public-4008: Instance 'u_lprnet_top/u_layer23/genblk1.out_inst.u_output_layer/acc_shift_reg[1][6][0]' of 'GTP_DFF' unit is dangling and will be cleaned.
W: Public-4008: Instance 'u_lprnet_top/u_layer23/genblk1.out_inst.u_output_layer/acc_shift_reg[1][6][1]' of 'GTP_DFF' unit is dangling and will be cleaned.
W: Public-4008: Instance 'u_lprnet_top/u_layer23/genblk1.out_inst.u_output_layer/acc_shift_reg[1][6][2]' of 'GTP_DFF' unit is dangling and will be cleaned.
W: Public-4008: Instance 'u_lprnet_top/u_layer23/genblk1.out_inst.u_output_layer/acc_shift_reg[1][6][3]' of 'GTP_DFF' unit is dangling and will be cleaned.
W: Public-4008: Instance 'u_lprnet_top/u_layer23/genblk1.out_inst.u_output_layer/acc_shift_reg[1][6][4]' of 'GTP_DFF' unit is dangling and will be cleaned.
W: Public-4008: Instance 'u_lprnet_top/u_layer23/genblk1.out_inst.u_output_layer/acc_shift_reg[1][6][5]' of 'GTP_DFF' unit is dangling and will be cleaned.
W: Public-4008: Instance 'u_lprnet_top/u_layer23/genblk1.out_inst.u_output_layer/acc_shift_reg[1][6][6]' of 'GTP_DFF' unit is dangling and will be cleaned.
W: Public-4008: Instance 'u_lprnet_top/u_layer23/genblk1.out_inst.u_output_layer/acc_shift_reg[1][6][7]' of 'GTP_DFF' unit is dangling and will be cleaned.
W: Public-4008: Instance 'u_lprnet_top/u_layer23/genblk1.out_inst.u_output_layer/acc_shift_reg[1][6][8]' of 'GTP_DFF' unit is dangling and will be cleaned.
W: Public-4008: Instance 'u_lprnet_top/u_layer23/genblk1.out_inst.u_output_layer/acc_shift_reg[1][6][9]' of 'GTP_DFF' unit is dangling and will be cleaned.
W: Public-4008: Instance 'u_lprnet_top/u_layer23/genblk1.out_inst.u_output_layer/acc_shift_reg[1][6][10]' of 'GTP_DFF' unit is dangling and will be cleaned.
W: Public-4008: Instance 'u_lprnet_top/u_layer23/genblk1.out_inst.u_output_layer/acc_shift_reg[1][6][11]' of 'GTP_DFF' unit is dangling and will be cleaned.
W: Public-4008: Instance 'u_lprnet_top/u_layer23/genblk1.out_inst.u_output_layer/acc_shift_reg[1][6][12]' of 'GTP_DFF' unit is dangling and will be cleaned.
W: Public-4008: Instance 'u_lprnet_top/u_layer23/genblk1.out_inst.u_output_layer/acc_shift_reg[1][6][13]' of 'GTP_DFF' unit is dangling and will be cleaned.
W: Public-4008: Instance 'u_lprnet_top/u_layer23/genblk1.out_inst.u_output_layer/acc_shift_reg[1][6][14]' of 'GTP_DFF' unit is dangling and will be cleaned.
W: Public-4008: Instance 'u_lprnet_top/u_layer23/genblk1.out_inst.u_output_layer/acc_shift_reg[1][6][15]' of 'GTP_DFF' unit is dangling and will be cleaned.
W: Public-4008: Instance 'u_lprnet_top/u_layer23/genblk1.out_inst.u_output_layer/acc_shift_reg[1][6][16]' of 'GTP_DFF' unit is dangling and will be cleaned.
W: Public-4008: Instance 'u_lprnet_top/u_layer23/genblk1.out_inst.u_output_layer/acc_shift_reg[1][6][17]' of 'GTP_DFF' unit is dangling and will be cleaned.
W: Public-4008: Instance 'u_lprnet_top/u_layer23/genblk1.out_inst.u_output_layer/acc_shift_reg[1][6][18]' of 'GTP_DFF' unit is dangling and will be cleaned.
W: Public-4008: Instance 'u_lprnet_top/u_layer23/genblk1.out_inst.u_output_layer/acc_shift_reg[1][6][19]' of 'GTP_DFF' unit is dangling and will be cleaned.
W: Public-4008: Instance 'u_lprnet_top/u_layer23/genblk1.out_inst.u_output_layer/acc_shift_reg[1][6][20]' of 'GTP_DFF' unit is dangling and will be cleaned.
W: Public-4008: Instance 'u_lprnet_top/u_layer23/genblk1.out_inst.u_output_layer/acc_shift_reg[1][6][21]' of 'GTP_DFF' unit is dangling and will be cleaned.
W: Public-4008: Instance 'u_lprnet_top/u_layer23/genblk1.out_inst.u_output_layer/acc_shift_reg[1][6][22]' of 'GTP_DFF' unit is dangling and will be cleaned.
W: Public-4008: Instance 'u_lprnet_top/u_layer23/genblk1.out_inst.u_output_layer/acc_shift_reg[1][6][23]' of 'GTP_DFF' unit is dangling and will be cleaned.
W: Public-4008: Instance 'u_lprnet_top/u_layer23/genblk1.out_inst.u_output_layer/acc_shift_reg[1][6][24]' of 'GTP_DFF' unit is dangling and will be cleaned.
W: Public-4008: Instance 'u_lprnet_top/u_layer23/genblk1.out_inst.u_output_layer/acc_shift_reg[1][6][25]' of 'GTP_DFF' unit is dangling and will be cleaned.
W: Public-4008: Instance 'u_lprnet_top/u_layer23/genblk1.out_inst.u_output_layer/acc_shift_reg[1][6][26]' of 'GTP_DFF' unit is dangling and will be cleaned.
W: Public-4008: Instance 'u_lprnet_top/u_layer23/genblk1.out_inst.u_output_layer/bias_time_cnt[0]' of 'GTP_DFF_C' unit is dangling and will be cleaned.
W: Public-4008: Instance 'u_lprnet_top/u_layer23/genblk1.out_inst.u_output_layer/bias_time_cnt[1]' of 'GTP_DFF_C' unit is dangling and will be cleaned.
W: Public-4008: Instance 'u_lprnet_top/u_layer23/genblk1.out_inst.u_output_layer/bias_time_cnt[2]' of 'GTP_DFF_C' unit is dangling and will be cleaned.
W: Public-4008: Instance 'u_lprnet_top/u_layer23/genblk1.out_inst.u_output_layer/bias_val[0][0]' of 'GTP_DFF_S' unit is dangling and will be cleaned.
W: Public-4008: Instance 'u_lprnet_top/u_layer23/genblk1.out_inst.u_output_layer/bias_val[0][1]' of 'GTP_DFF' unit is dangling and will be cleaned.
W: Public-4008: Instance 'u_lprnet_top/u_layer23/genblk1.out_inst.u_output_layer/bias_val[0][2]' of 'GTP_DFF' unit is dangling and will be cleaned.
W: Public-4008: Instance 'u_lprnet_top/u_layer23/genblk1.out_inst.u_output_layer/bias_val[0][3]' of 'GTP_DFF' unit is dangling and will be cleaned.
W: Public-4008: Instance 'u_lprnet_top/u_layer23/genblk1.out_inst.u_output_layer/bias_val[0][4]' of 'GTP_DFF' unit is dangling and will be cleaned.
W: Public-4008: Instance 'u_lprnet_top/u_layer23/genblk1.out_inst.u_output_layer/bias_val[0][5]' of 'GTP_DFF' unit is dangling and will be cleaned.
W: Public-4008: Instance 'u_lprnet_top/u_layer23/genblk1.out_inst.u_output_layer/bias_val[0][6]' of 'GTP_DFF' unit is dangling and will be cleaned.
W: Public-4008: Instance 'u_lprnet_top/u_layer23/genblk1.out_inst.u_output_layer/bias_val[0][8]' of 'GTP_DFF' unit is dangling and will be cleaned.
W: Public-4008: Instance 'u_lprnet_top/u_layer23/genblk1.out_inst.u_output_layer/bias_val[0][9]' of 'GTP_DFF' unit is dangling and will be cleaned.
W: Public-4008: Instance 'u_lprnet_top/u_layer23/genblk1.out_inst.u_output_layer/bias_val[0][10]' of 'GTP_DFF' unit is dangling and will be cleaned.
W: Public-4008: Instance 'u_lprnet_top/u_layer23/genblk1.out_inst.u_output_layer/bias_val[0][11]' of 'GTP_DFF' unit is dangling and will be cleaned.
W: Public-4008: Instance 'u_lprnet_top/u_layer23/genblk1.out_inst.u_output_layer/bias_val[0][12]' of 'GTP_DFF' unit is dangling and will be cleaned.
W: Public-4008: Instance 'u_lprnet_top/u_layer23/genblk1.out_inst.u_output_layer/bias_val[0][13]' of 'GTP_DFF' unit is dangling and will be cleaned.
W: Public-4008: Instance 'u_lprnet_top/u_layer23/genblk1.out_inst.u_output_layer/bias_val[0][14]' of 'GTP_DFF' unit is dangling and will be cleaned.
W: Public-4008: Instance 'u_lprnet_top/u_layer23/genblk1.out_inst.u_output_layer/bias_val[0][15]' of 'GTP_DFF' unit is dangling and will be cleaned.
W: Public-4008: Instance 'u_lprnet_top/u_layer23/genblk1.out_inst.u_output_layer/bias_val[0][16]' of 'GTP_DFF' unit is dangling and will be cleaned.
W: Public-4008: Instance 'u_lprnet_top/u_layer23/genblk1.out_inst.u_output_layer/bias_val[0][17]' of 'GTP_DFF' unit is dangling and will be cleaned.
W: Public-4008: Instance 'u_lprnet_top/u_layer23/genblk1.out_inst.u_output_layer/bias_val[0][18]' of 'GTP_DFF' unit is dangling and will be cleaned.
W: Public-4008: Instance 'u_lprnet_top/u_layer23/genblk1.out_inst.u_output_layer/bias_val[1][0]' of 'GTP_DFF' unit is dangling and will be cleaned.
W: Public-4008: Instance 'u_lprnet_top/u_layer23/genblk1.out_inst.u_output_layer/bias_val[1][1]' of 'GTP_DFF' unit is dangling and will be cleaned.
W: Public-4008: Instance 'u_lprnet_top/u_layer23/genblk1.out_inst.u_output_layer/bias_val[1][2]' of 'GTP_DFF' unit is dangling and will be cleaned.
W: Public-4008: Instance 'u_lprnet_top/u_layer23/genblk1.out_inst.u_output_layer/bias_val[1][3]' of 'GTP_DFF' unit is dangling and will be cleaned.
W: Public-4008: Instance 'u_lprnet_top/u_layer23/genblk1.out_inst.u_output_layer/bias_val[1][4]' of 'GTP_DFF' unit is dangling and will be cleaned.
W: Public-4008: Instance 'u_lprnet_top/u_layer23/genblk1.out_inst.u_output_layer/bias_val[1][5]' of 'GTP_DFF' unit is dangling and will be cleaned.
W: Public-4008: Instance 'u_lprnet_top/u_layer23/genblk1.out_inst.u_output_layer/bias_val[1][6]' of 'GTP_DFF' unit is dangling and will be cleaned.
W: Public-4008: Instance 'u_lprnet_top/u_layer23/genblk1.out_inst.u_output_layer/bias_val[1][7]' of 'GTP_DFF' unit is dangling and will be cleaned.
W: Public-4008: Instance 'u_lprnet_top/u_layer23/genblk1.out_inst.u_output_layer/bias_val[1][8]' of 'GTP_DFF' unit is dangling and will be cleaned.
W: Public-4008: Instance 'u_lprnet_top/u_layer23/genblk1.out_inst.u_output_layer/bias_val[1][9]' of 'GTP_DFF' unit is dangling and will be cleaned.
W: Public-4008: Instance 'u_lprnet_top/u_layer23/genblk1.out_inst.u_output_layer/bias_val[1][11]' of 'GTP_DFF' unit is dangling and will be cleaned.
W: Public-4008: Instance 'u_lprnet_top/u_layer23/genblk1.out_inst.u_output_layer/bias_val[1][13]' of 'GTP_DFF' unit is dangling and will be cleaned.
W: Public-4008: Instance 'u_lprnet_top/u_layer23/genblk1.out_inst.u_output_layer/bias_val[1][14]' of 'GTP_DFF' unit is dangling and will be cleaned.
W: Public-4008: Instance 'u_lprnet_top/u_layer23/genblk1.out_inst.u_output_layer/bias_val[1][15]' of 'GTP_DFF' unit is dangling and will be cleaned.
W: Public-4008: Instance 'u_lprnet_top/u_layer23/genblk1.out_inst.u_output_layer/bias_val[1][16]' of 'GTP_DFF' unit is dangling and will be cleaned.
W: Public-4008: Instance 'u_lprnet_top/u_layer23/genblk1.out_inst.u_output_layer/bias_val[1][17]' of 'GTP_DFF_S' unit is dangling and will be cleaned.
W: Public-4008: Instance 'u_lprnet_top/u_layer23/genblk1.out_inst.u_output_layer/bias_val[1][18]' of 'GTP_DFF' unit is dangling and will be cleaned.
W: Public-4008: Instance 'u_lprnet_top/u_layer23/genblk1.out_inst.u_output_layer/col_proc[0].genblk2.out_delay_pipe[0]' of 'GTP_DFF' unit is dangling and will be cleaned.
W: Public-4008: Instance 'u_lprnet_top/u_layer23/genblk1.out_inst.u_output_layer/col_proc[0].genblk2.out_delay_pipe[1]' of 'GTP_DFF' unit is dangling and will be cleaned.
W: Public-4008: Instance 'u_lprnet_top/u_layer23/genblk1.out_inst.u_output_layer/col_proc[0].genblk2.out_delay_pipe[2]' of 'GTP_DFF' unit is dangling and will be cleaned.
W: Public-4008: Instance 'u_lprnet_top/u_layer23/genblk1.out_inst.u_output_layer/col_proc[0].genblk2.out_delay_pipe[3]' of 'GTP_DFF' unit is dangling and will be cleaned.
W: Public-4008: Instance 'u_lprnet_top/u_layer23/genblk1.out_inst.u_output_layer/col_proc[0].genblk2.out_delay_pipe[4]' of 'GTP_DFF' unit is dangling and will be cleaned.
W: Public-4008: Instance 'u_lprnet_top/u_layer23/genblk1.out_inst.u_output_layer/col_proc[0].genblk2.out_delay_pipe[5]' of 'GTP_DFF' unit is dangling and will be cleaned.
W: Public-4008: Instance 'u_lprnet_top/u_layer23/genblk1.out_inst.u_output_layer/col_proc[0].genblk2.out_delay_pipe[6]' of 'GTP_DFF' unit is dangling and will be cleaned.
W: Public-4008: Instance 'u_lprnet_top/u_layer23/genblk1.out_inst.u_output_layer/col_proc[0].genblk2.out_delay_pipe[7]' of 'GTP_DFF' unit is dangling and will be cleaned.
W: Public-4008: Instance 'u_lprnet_top/u_layer23/genblk1.out_inst.u_output_layer/col_proc[0].genblk2.out_delay_pipe[8]' of 'GTP_DFF' unit is dangling and will be cleaned.
W: Public-4008: Instance 'u_lprnet_top/u_layer23/genblk1.out_inst.u_output_layer/index_col_valid[0]' of 'GTP_DFF_CE' unit is dangling and will be cleaned.
W: Public-4008: Instance 'u_lprnet_top/u_layer23/genblk1.out_inst.u_output_layer/index_col_valid[1]' of 'GTP_DFF_CE' unit is dangling and will be cleaned.
W: Public-4008: Instance 'u_lprnet_top/u_layer23/genblk1.out_inst.u_output_layer/index_col_valid[2]' of 'GTP_DFF_CE' unit is dangling and will be cleaned.
W: Public-4008: Instance 'u_lprnet_top/u_layer23/genblk1.out_inst.u_output_layer/index_col_valid[3]' of 'GTP_DFF_CE' unit is dangling and will be cleaned.
W: Public-4008: Instance 'u_lprnet_top/u_layer23/genblk1.out_inst.u_output_layer/index_col_valid[4]' of 'GTP_DFF_CE' unit is dangling and will be cleaned.
W: Public-4008: Instance 'u_lprnet_top/u_layer23/genblk1.out_inst.u_output_layer/index_col_valid[5]' of 'GTP_DFF_CE' unit is dangling and will be cleaned.
W: Public-4008: Instance 'u_lprnet_top/u_layer23/genblk1.out_inst.u_output_layer/index_col_valid[6]' of 'GTP_DFF_CE' unit is dangling and will be cleaned.
W: Public-4008: Instance 'u_lprnet_top/u_layer23/genblk1.out_inst.u_output_layer/index_in[0]' of 'GTP_DFF_CE' unit is dangling and will be cleaned.
W: Public-4008: Instance 'u_lprnet_top/u_layer23/genblk1.out_inst.u_output_layer/index_in[1]' of 'GTP_DFF_CE' unit is dangling and will be cleaned.
W: Public-4008: Instance 'u_lprnet_top/u_layer23/genblk1.out_inst.u_output_layer/index_in[2]' of 'GTP_DFF_CE' unit is dangling and will be cleaned.
W: Public-4008: Instance 'u_lprnet_top/u_layer23/genblk1.out_inst.u_output_layer/index_in_valid[0]' of 'GTP_DFF_CE' unit is dangling and will be cleaned.
W: Public-4008: Instance 'u_lprnet_top/u_layer23/genblk1.out_inst.u_output_layer/index_in_valid[1]' of 'GTP_DFF_CE' unit is dangling and will be cleaned.
W: Public-4008: Instance 'u_lprnet_top/u_layer23/genblk1.out_inst.u_output_layer/index_in_valid[2]' of 'GTP_DFF_CE' unit is dangling and will be cleaned.
W: Public-4008: Instance 'u_lprnet_top/u_layer23/genblk1.out_inst.u_output_layer/index_out[0]' of 'GTP_DFF_C' unit is dangling and will be cleaned.
W: Public-4008: Instance 'u_lprnet_top/u_layer23/genblk1.out_inst.u_output_layer/index_out[1]' of 'GTP_DFF_C' unit is dangling and will be cleaned.
W: Public-4008: Instance 'u_lprnet_top/u_layer23/genblk1.out_inst.u_output_layer/index_out[2]' of 'GTP_DFF_C' unit is dangling and will be cleaned.
W: Public-4008: Instance 'u_lprnet_top/u_layer23/genblk1.out_inst.u_output_layer/index_out_valid[0]' of 'GTP_DFF_C' unit is dangling and will be cleaned.
W: Public-4008: Instance 'u_lprnet_top/u_layer23/genblk1.out_inst.u_output_layer/index_out_valid[1]' of 'GTP_DFF_C' unit is dangling and will be cleaned.
W: Public-4008: Instance 'u_lprnet_top/u_layer23/genblk1.out_inst.u_output_layer/index_out_valid[2]' of 'GTP_DFF_C' unit is dangling and will be cleaned.
W: Public-4008: Instance 'u_lprnet_top/u_layer23/genblk1.out_inst.u_output_layer/new_line_pipe[0]' of 'GTP_DFF_C' unit is dangling and will be cleaned.
W: Public-4008: Instance 'u_lprnet_top/u_layer23/genblk1.out_inst.u_output_layer/new_line_pipe[1]' of 'GTP_DFF_C' unit is dangling and will be cleaned.
W: Public-4008: Instance 'u_lprnet_top/u_layer23/genblk1.out_inst.u_output_layer/new_line_pipe[2]' of 'GTP_DFF_C' unit is dangling and will be cleaned.
W: Public-4008: Instance 'u_lprnet_top/u_layer23/genblk1.out_inst.u_output_layer/new_line_pipe[3]' of 'GTP_DFF_C' unit is dangling and will be cleaned.
W: Public-4008: Instance 'u_lprnet_top/u_layer23/genblk1.out_inst.u_output_layer/new_line_pipe[4]' of 'GTP_DFF_C' unit is dangling and will be cleaned.
W: Public-4008: Instance 'u_lprnet_top/u_layer23/genblk1.out_inst.u_output_layer/new_line_pipe[5]' of 'GTP_DFF_C' unit is dangling and will be cleaned.
W: Public-4008: Instance 'u_lprnet_top/u_layer23/genblk1.out_inst.u_output_layer/new_line_pipe[6]' of 'GTP_DFF_C' unit is dangling and will be cleaned.
W: Public-4008: Instance 'u_lprnet_top/u_layer23/genblk1.out_inst.u_output_layer/new_line_pipe[7]' of 'GTP_DFF_C' unit is dangling and will be cleaned.
W: Public-4008: Instance 'u_lprnet_top/u_layer23/genblk1.out_inst.u_output_layer/new_line_pipe[8]' of 'GTP_DFF_C' unit is dangling and will be cleaned.
W: Public-4008: Instance 'u_lprnet_top/u_layer23/genblk1.out_inst.u_output_layer/new_line_pipe[9]' of 'GTP_DFF_C' unit is dangling and will be cleaned.
W: Public-4008: Instance 'u_lprnet_top/u_layer23/genblk1.out_inst.u_output_layer/new_line_pipe[10]' of 'GTP_DFF_C' unit is dangling and will be cleaned.
W: Public-4008: Instance 'u_lprnet_top/u_layer23/genblk1.out_inst.u_output_layer/new_line_pipe[11]' of 'GTP_DFF_C' unit is dangling and will be cleaned.
W: Public-4008: Instance 'u_lprnet_top/u_layer23/genblk1.out_inst.u_output_layer/new_line_pipe[12]' of 'GTP_DFF_C' unit is dangling and will be cleaned.
W: Public-4008: Instance 'u_lprnet_top/u_layer23/genblk1.out_inst.u_output_layer/new_line_pipe[13]' of 'GTP_DFF_C' unit is dangling and will be cleaned.
W: Public-4008: Instance 'u_lprnet_top/u_layer23/genblk1.out_inst.u_output_layer/new_line_pipe[14]' of 'GTP_DFF_C' unit is dangling and will be cleaned.
W: Public-4008: Instance 'u_lprnet_top/u_layer23/genblk1.out_inst.u_output_layer/new_line_pipe[15]' of 'GTP_DFF_C' unit is dangling and will be cleaned.
W: Public-4008: Instance 'u_lprnet_top/u_layer23/genblk1.out_inst.u_output_layer/new_line_pipe[16]' of 'GTP_DFF_C' unit is dangling and will be cleaned.
W: Public-4008: Instance 'u_lprnet_top/u_layer23/genblk1.out_inst.u_output_layer/new_line_pipe[17]' of 'GTP_DFF_C' unit is dangling and will be cleaned.
W: Public-4008: Instance 'u_lprnet_top/u_layer23/genblk1.out_inst.u_output_layer/new_line_pipe[18]' of 'GTP_DFF_C' unit is dangling and will be cleaned.
W: Public-4008: Instance 'u_lprnet_top/u_layer23/genblk1.out_inst.u_output_layer/new_line_pipe[19]' of 'GTP_DFF_C' unit is dangling and will be cleaned.
W: Public-4008: Instance 'u_lprnet_top/u_layer23/genblk1.out_inst.u_output_layer/new_line_pipe[20]' of 'GTP_DFF_C' unit is dangling and will be cleaned.
W: Public-4008: Instance 'u_lprnet_top/u_layer23/genblk1.out_inst.u_output_layer/new_line_pipe[21]' of 'GTP_DFF_C' unit is dangling and will be cleaned.
W: Public-4008: Instance 'u_lprnet_top/u_layer23/genblk1.out_inst.u_output_layer/new_line_pipe[22]' of 'GTP_DFF_C' unit is dangling and will be cleaned.
W: Public-4008: Instance 'u_lprnet_top/u_layer23/genblk1.out_inst.u_output_layer/new_line_pipe[23]' of 'GTP_DFF_C' unit is dangling and will be cleaned.
W: Public-4008: Instance 'u_lprnet_top/u_layer23/genblk1.out_inst.u_output_layer/new_line_pipe[24]' of 'GTP_DFF_C' unit is dangling and will be cleaned.
W: Public-4008: Instance 'u_lprnet_top/u_layer23/genblk1.out_inst.u_output_layer/new_line_pipe[25]' of 'GTP_DFF_C' unit is dangling and will be cleaned.
W: Public-4008: Instance 'u_lprnet_top/u_layer23/genblk1.out_inst.u_output_layer/new_line_pipe[26]' of 'GTP_DFF_C' unit is dangling and will be cleaned.
W: Public-4008: Instance 'u_lprnet_top/u_layer23/genblk1.out_inst.u_output_layer/new_line_pipe[27]' of 'GTP_DFF_C' unit is dangling and will be cleaned.
W: Public-4008: Instance 'u_lprnet_top/u_layer23/genblk1.out_inst.u_output_layer/new_line_pipe[28]' of 'GTP_DFF_C' unit is dangling and will be cleaned.
W: Public-4008: Instance 'u_lprnet_top/u_layer23/genblk1.out_inst.u_output_layer/new_line_pipe[29]' of 'GTP_DFF_C' unit is dangling and will be cleaned.
W: Public-4008: Instance 'u_lprnet_top/u_layer23/genblk1.out_inst.u_output_layer/new_line_pipe[30]' of 'GTP_DFF_C' unit is dangling and will be cleaned.
W: Public-4008: Instance 'u_lprnet_top/u_layer23/genblk1.out_inst.u_output_layer/new_line_pipe[31]' of 'GTP_DFF_C' unit is dangling and will be cleaned.
W: Public-4008: Instance 'u_lprnet_top/u_layer23/genblk1.out_inst.u_output_layer/new_line_pipe[32]' of 'GTP_DFF_C' unit is dangling and will be cleaned.
W: Public-4008: Instance 'u_lprnet_top/u_layer23/genblk1.out_inst.u_output_layer/new_line_pipe[33]' of 'GTP_DFF_C' unit is dangling and will be cleaned.
W: Public-4008: Instance 'u_lprnet_top/u_layer23/genblk1.out_inst.u_output_layer/new_line_pipe[34]' of 'GTP_DFF_C' unit is dangling and will be cleaned.
W: Public-4008: Instance 'u_lprnet_top/u_layer23/genblk1.out_inst.u_output_layer/new_line_pipe[35]' of 'GTP_DFF_C' unit is dangling and will be cleaned.
W: Public-4008: Instance 'u_lprnet_top/u_layer23/genblk1.out_inst.u_output_layer/new_line_pipe[36]' of 'GTP_DFF_C' unit is dangling and will be cleaned.
W: Public-4008: Instance 'u_lprnet_top/u_layer23/genblk1.out_inst.u_output_layer/new_line_pipe[37]' of 'GTP_DFF_C' unit is dangling and will be cleaned.
W: Public-4008: Instance 'u_lprnet_top/u_layer23/genblk1.out_inst.u_output_layer/new_line_pipe[38]' of 'GTP_DFF_C' unit is dangling and will be cleaned.
W: Public-4008: Instance 'u_lprnet_top/u_layer23/genblk1.out_inst.u_output_layer/new_line_pipe[39]' of 'GTP_DFF_C' unit is dangling and will be cleaned.
W: Public-4008: Instance 'u_lprnet_top/u_layer23/genblk1.out_inst.u_output_layer/new_line_pipe[40]' of 'GTP_DFF_C' unit is dangling and will be cleaned.
W: Public-4008: Instance 'u_lprnet_top/u_layer23/genblk1.out_inst.u_output_layer/new_line_pipe[41]' of 'GTP_DFF_C' unit is dangling and will be cleaned.
W: Public-4008: Instance 'u_lprnet_top/u_layer23/genblk1.out_inst.u_output_layer/new_line_pipe[42]' of 'GTP_DFF_C' unit is dangling and will be cleaned.
W: Public-4008: Instance 'u_lprnet_top/u_layer23/genblk1.out_inst.u_output_layer/new_line_pipe[43]' of 'GTP_DFF_C' unit is dangling and will be cleaned.
W: Public-4008: Instance 'u_lprnet_top/u_layer23/genblk1.out_inst.u_output_layer/new_line_pipe[44]' of 'GTP_DFF_C' unit is dangling and will be cleaned.
W: Public-4008: Instance 'u_lprnet_top/u_layer23/genblk1.out_inst.u_output_layer/new_line_pipe[45]' of 'GTP_DFF_C' unit is dangling and will be cleaned.
W: Public-4008: Instance 'u_lprnet_top/u_layer23/genblk1.out_inst.u_output_layer/new_line_pipe[46]' of 'GTP_DFF_C' unit is dangling and will be cleaned.
W: Public-4008: Instance 'u_lprnet_top/u_layer23/genblk1.out_inst.u_output_layer/new_line_pipe[47]' of 'GTP_DFF_C' unit is dangling and will be cleaned.
W: Public-4008: Instance 'u_lprnet_top/u_layer23/genblk1.out_inst.u_output_layer/new_line_pipe[48]' of 'GTP_DFF_C' unit is dangling and will be cleaned.
W: Public-4008: Instance 'u_lprnet_top/u_layer23/genblk1.out_inst.u_output_layer/new_line_pipe[49]' of 'GTP_DFF_C' unit is dangling and will be cleaned.
W: Public-4008: Instance 'u_lprnet_top/u_layer23/genblk1.out_inst.u_output_layer/new_line_pipe[50]' of 'GTP_DFF_C' unit is dangling and will be cleaned.
W: Public-4008: Instance 'u_lprnet_top/u_layer23/genblk1.out_inst.u_output_layer/new_line_pipe[51]' of 'GTP_DFF_C' unit is dangling and will be cleaned.
W: Public-4008: Instance 'u_lprnet_top/u_layer23/genblk1.out_inst.u_output_layer/new_line_pipe[52]' of 'GTP_DFF_C' unit is dangling and will be cleaned.
W: Public-4008: Instance 'u_lprnet_top/u_layer23/genblk1.out_inst.u_output_layer/new_line_pipe[53]' of 'GTP_DFF_C' unit is dangling and will be cleaned.
W: Public-4008: Instance 'u_lprnet_top/u_layer23/genblk1.out_inst.u_output_layer/new_line_pipe[54]' of 'GTP_DFF_C' unit is dangling and will be cleaned.
W: Public-4008: Instance 'u_lprnet_top/u_layer23/genblk1.out_inst.u_output_layer/new_line_pipe[55]' of 'GTP_DFF_C' unit is dangling and will be cleaned.
W: Public-4008: Instance 'u_lprnet_top/u_layer23/genblk1.out_inst.u_output_layer/new_line_pipe[56]' of 'GTP_DFF_C' unit is dangling and will be cleaned.
W: Public-4008: Instance 'u_lprnet_top/u_layer23/genblk1.out_inst.u_output_layer/new_line_pipe[57]' of 'GTP_DFF_C' unit is dangling and will be cleaned.
W: Public-4008: Instance 'u_lprnet_top/u_layer23/genblk1.out_inst.u_output_layer/new_line_pipe[58]' of 'GTP_DFF_C' unit is dangling and will be cleaned.
W: Public-4008: Instance 'u_lprnet_top/u_layer23/genblk1.out_inst.u_output_layer/new_line_pipe[59]' of 'GTP_DFF_C' unit is dangling and will be cleaned.
W: Public-4008: Instance 'u_lprnet_top/u_layer23/genblk1.out_inst.u_output_layer/new_line_pipe[60]' of 'GTP_DFF_C' unit is dangling and will be cleaned.
W: Public-4008: Instance 'u_lprnet_top/u_layer23/genblk1.out_inst.u_output_layer/new_line_pipe[61]' of 'GTP_DFF_C' unit is dangling and will be cleaned.
W: Public-4008: Instance 'u_lprnet_top/u_layer23/genblk1.out_inst.u_output_layer/new_line_pipe[62]' of 'GTP_DFF_C' unit is dangling and will be cleaned.
W: Public-4008: Instance 'u_lprnet_top/u_layer23/genblk1.out_inst.u_output_layer/new_line_pipe[63]' of 'GTP_DFF_C' unit is dangling and will be cleaned.
W: Public-4008: Instance 'u_lprnet_top/u_layer23/genblk1.out_inst.u_output_layer/new_line_pipe[64]' of 'GTP_DFF_C' unit is dangling and will be cleaned.
W: Public-4008: Instance 'u_lprnet_top/u_layer23/genblk1.out_inst.u_output_layer/new_line_pipe[65]' of 'GTP_DFF_C' unit is dangling and will be cleaned.
W: Public-4008: Instance 'u_lprnet_top/u_layer23/genblk1.out_inst.u_output_layer/new_line_pipe[66]' of 'GTP_DFF_C' unit is dangling and will be cleaned.
W: Public-4008: Instance 'u_lprnet_top/u_layer23/genblk1.out_inst.u_output_layer/new_line_pipe[67]' of 'GTP_DFF_C' unit is dangling and will be cleaned.
W: Public-4008: Instance 'u_lprnet_top/u_layer23/genblk1.out_inst.u_output_layer/new_line_pipe[68]' of 'GTP_DFF_C' unit is dangling and will be cleaned.
W: Public-4008: Instance 'u_lprnet_top/u_layer23/genblk1.out_inst.u_output_layer/new_line_pipe[69]' of 'GTP_DFF_C' unit is dangling and will be cleaned.
W: Public-4008: Instance 'u_lprnet_top/u_layer23/genblk1.out_inst.u_output_layer/new_line_pipe[70]' of 'GTP_DFF_C' unit is dangling and will be cleaned.
W: Public-4008: Instance 'u_lprnet_top/u_layer23/genblk1.out_inst.u_output_layer/new_line_pipe[71]' of 'GTP_DFF_C' unit is dangling and will be cleaned.
W: Public-4008: Instance 'u_lprnet_top/u_layer23/genblk1.out_inst.u_output_layer/new_line_pipe[72]' of 'GTP_DFF_C' unit is dangling and will be cleaned.
W: Public-4008: Instance 'u_lprnet_top/u_layer23/genblk1.out_inst.u_output_layer/new_line_pipe[73]' of 'GTP_DFF_C' unit is dangling and will be cleaned.
W: Public-4008: Instance 'u_lprnet_top/u_layer23/genblk1.out_inst.u_output_layer/stage5_result[0][8:0]_1[0]' of 'GTP_DFF_R' unit is dangling and will be cleaned.
W: Public-4008: Instance 'u_lprnet_top/u_layer23/genblk1.out_inst.u_output_layer/stage5_result[0][8:0]_1[1]' of 'GTP_DFF_R' unit is dangling and will be cleaned.
W: Public-4008: Instance 'u_lprnet_top/u_layer23/genblk1.out_inst.u_output_layer/stage5_result[0][8:0]_1[2]' of 'GTP_DFF_R' unit is dangling and will be cleaned.
W: Public-4008: Instance 'u_lprnet_top/u_layer23/genblk1.out_inst.u_output_layer/stage5_result[0][8:0]_1[3]' of 'GTP_DFF_R' unit is dangling and will be cleaned.
W: Public-4008: Instance 'u_lprnet_top/u_layer23/genblk1.out_inst.u_output_layer/stage5_result[0][8:0]_1[4]' of 'GTP_DFF_R' unit is dangling and will be cleaned.
W: Public-4008: Instance 'u_lprnet_top/u_layer23/genblk1.out_inst.u_output_layer/stage5_result[0][8:0]_1[5]' of 'GTP_DFF_R' unit is dangling and will be cleaned.
W: Public-4008: Instance 'u_lprnet_top/u_layer23/genblk1.out_inst.u_output_layer/stage5_result[0][8:0]_1[6]' of 'GTP_DFF_R' unit is dangling and will be cleaned.
W: Public-4008: Instance 'u_lprnet_top/u_layer23/genblk1.out_inst.u_output_layer/stage5_result[0][8:0]_1[7]' of 'GTP_DFF_R' unit is dangling and will be cleaned.
W: Public-4008: Instance 'u_lprnet_top/u_layer23/genblk1.out_inst.u_output_layer/stage5_result[0][8:0]_1[8]' of 'GTP_DFF_R' unit is dangling and will be cleaned.
W: Public-4008: Instance 'u_lprnet_top/u_layer23/genblk1.out_inst.u_output_layer/stage5_result[1][8:0]_1[0]' of 'GTP_DFF_R' unit is dangling and will be cleaned.
W: Public-4008: Instance 'u_lprnet_top/u_layer23/genblk1.out_inst.u_output_layer/stage5_result[1][8:0]_1[1]' of 'GTP_DFF_R' unit is dangling and will be cleaned.
W: Public-4008: Instance 'u_lprnet_top/u_layer23/genblk1.out_inst.u_output_layer/stage5_result[1][8:0]_1[2]' of 'GTP_DFF_R' unit is dangling and will be cleaned.
W: Public-4008: Instance 'u_lprnet_top/u_layer23/genblk1.out_inst.u_output_layer/stage5_result[1][8:0]_1[3]' of 'GTP_DFF_R' unit is dangling and will be cleaned.
W: Public-4008: Instance 'u_lprnet_top/u_layer23/genblk1.out_inst.u_output_layer/stage5_result[1][8:0]_1[4]' of 'GTP_DFF_R' unit is dangling and will be cleaned.
W: Public-4008: Instance 'u_lprnet_top/u_layer23/genblk1.out_inst.u_output_layer/stage5_result[1][8:0]_1[5]' of 'GTP_DFF_R' unit is dangling and will be cleaned.
W: Public-4008: Instance 'u_lprnet_top/u_layer23/genblk1.out_inst.u_output_layer/stage5_result[1][8:0]_1[6]' of 'GTP_DFF_R' unit is dangling and will be cleaned.
W: Public-4008: Instance 'u_lprnet_top/u_layer23/genblk1.out_inst.u_output_layer/stage5_result[1][8:0]_1[7]' of 'GTP_DFF_R' unit is dangling and will be cleaned.
W: Public-4008: Instance 'u_lprnet_top/u_layer23/genblk1.out_inst.u_output_layer/stage5_result[1][8:0]_1[8]' of 'GTP_DFF_R' unit is dangling and will be cleaned.
W: Public-4008: Instance 'u_lprnet_top/u_layer23/genblk1.out_inst.u_output_layer/start_out' of 'GTP_DFF_C' unit is dangling and will be cleaned.
W: Public-4008: Instance 'u_lprnet_top/u_layer23/genblk1.out_inst.u_output_layer/sum_stage3[0][26:0]_1[0]' of 'GTP_DFF_R' unit is dangling and will be cleaned.
W: Public-4008: Instance 'u_lprnet_top/u_layer23/genblk1.out_inst.u_output_layer/sum_stage3[0][26:0]_1[1]' of 'GTP_DFF_R' unit is dangling and will be cleaned.
W: Public-4008: Instance 'u_lprnet_top/u_layer23/genblk1.out_inst.u_output_layer/sum_stage3[0][26:0]_1[2]' of 'GTP_DFF_R' unit is dangling and will be cleaned.
W: Public-4008: Instance 'u_lprnet_top/u_layer23/genblk1.out_inst.u_output_layer/sum_stage3[0][26:0]_1[3]' of 'GTP_DFF_R' unit is dangling and will be cleaned.
W: Public-4008: Instance 'u_lprnet_top/u_layer23/genblk1.out_inst.u_output_layer/sum_stage3[0][26:0]_1[4]' of 'GTP_DFF_R' unit is dangling and will be cleaned.
W: Public-4008: Instance 'u_lprnet_top/u_layer23/genblk1.out_inst.u_output_layer/sum_stage3[0][26:0]_1[5]' of 'GTP_DFF_R' unit is dangling and will be cleaned.
W: Public-4008: Instance 'u_lprnet_top/u_layer23/genblk1.out_inst.u_output_layer/sum_stage3[0][26:0]_1[6]' of 'GTP_DFF_R' unit is dangling and will be cleaned.
W: Public-4008: Instance 'u_lprnet_top/u_layer23/genblk1.out_inst.u_output_layer/sum_stage3[0][26:0]_1[7]' of 'GTP_DFF_R' unit is dangling and will be cleaned.
W: Public-4008: Instance 'u_lprnet_top/u_layer23/genblk1.out_inst.u_output_layer/sum_stage3[0][26:0]_1[8]' of 'GTP_DFF_R' unit is dangling and will be cleaned.
W: Public-4008: Instance 'u_lprnet_top/u_layer23/genblk1.out_inst.u_output_layer/sum_stage3[0][26:0]_1[9]' of 'GTP_DFF_R' unit is dangling and will be cleaned.
W: Public-4008: Instance 'u_lprnet_top/u_layer23/genblk1.out_inst.u_output_layer/sum_stage3[0][26:0]_1[10]' of 'GTP_DFF_R' unit is dangling and will be cleaned.
W: Public-4008: Instance 'u_lprnet_top/u_layer23/genblk1.out_inst.u_output_layer/sum_stage3[0][26:0]_1[11]' of 'GTP_DFF_R' unit is dangling and will be cleaned.
W: Public-4008: Instance 'u_lprnet_top/u_layer23/genblk1.out_inst.u_output_layer/sum_stage3[0][26:0]_1[12]' of 'GTP_DFF_R' unit is dangling and will be cleaned.
W: Public-4008: Instance 'u_lprnet_top/u_layer23/genblk1.out_inst.u_output_layer/sum_stage3[0][26:0]_1[13]' of 'GTP_DFF_R' unit is dangling and will be cleaned.
W: Public-4008: Instance 'u_lprnet_top/u_layer23/genblk1.out_inst.u_output_layer/sum_stage3[0][26:0]_1[14]' of 'GTP_DFF_R' unit is dangling and will be cleaned.
W: Public-4008: Instance 'u_lprnet_top/u_layer23/genblk1.out_inst.u_output_layer/sum_stage3[0][26:0]_1[15]' of 'GTP_DFF_R' unit is dangling and will be cleaned.
W: Public-4008: Instance 'u_lprnet_top/u_layer23/genblk1.out_inst.u_output_layer/sum_stage3[0][26:0]_1[16]' of 'GTP_DFF_R' unit is dangling and will be cleaned.
W: Public-4008: Instance 'u_lprnet_top/u_layer23/genblk1.out_inst.u_output_layer/sum_stage3[0][26:0]_1[17]' of 'GTP_DFF_R' unit is dangling and will be cleaned.
W: Public-4008: Instance 'u_lprnet_top/u_layer23/genblk1.out_inst.u_output_layer/sum_stage3[0][26:0]_1[18]' of 'GTP_DFF_R' unit is dangling and will be cleaned.
W: Public-4008: Instance 'u_lprnet_top/u_layer23/genblk1.out_inst.u_output_layer/sum_stage3[0][26:0]_1[19]' of 'GTP_DFF_R' unit is dangling and will be cleaned.
W: Public-4008: Instance 'u_lprnet_top/u_layer23/genblk1.out_inst.u_output_layer/sum_stage3[0][26:0]_1[20]' of 'GTP_DFF_R' unit is dangling and will be cleaned.
W: Public-4008: Instance 'u_lprnet_top/u_layer23/genblk1.out_inst.u_output_layer/sum_stage3[0][26:0]_1[21]' of 'GTP_DFF_R' unit is dangling and will be cleaned.
W: Public-4008: Instance 'u_lprnet_top/u_layer23/genblk1.out_inst.u_output_layer/sum_stage3[0][26:0]_1[22]' of 'GTP_DFF_R' unit is dangling and will be cleaned.
W: Public-4008: Instance 'u_lprnet_top/u_layer23/genblk1.out_inst.u_output_layer/sum_stage3[0][26:0]_1[23]' of 'GTP_DFF_R' unit is dangling and will be cleaned.
W: Public-4008: Instance 'u_lprnet_top/u_layer23/genblk1.out_inst.u_output_layer/sum_stage3[0][26:0]_1[24]' of 'GTP_DFF_R' unit is dangling and will be cleaned.
W: Public-4008: Instance 'u_lprnet_top/u_layer23/genblk1.out_inst.u_output_layer/sum_stage3[0][26:0]_1[25]' of 'GTP_DFF_R' unit is dangling and will be cleaned.
W: Public-4008: Instance 'u_lprnet_top/u_layer23/genblk1.out_inst.u_output_layer/sum_stage3[0][26:0]_1[26]' of 'GTP_DFF_R' unit is dangling and will be cleaned.
W: Public-4008: Instance 'u_lprnet_top/u_layer23/genblk1.out_inst.u_output_layer/sum_stage3[1][26:0]_1[0]' of 'GTP_DFF_R' unit is dangling and will be cleaned.
W: Public-4008: Instance 'u_lprnet_top/u_layer23/genblk1.out_inst.u_output_layer/sum_stage3[1][26:0]_1[1]' of 'GTP_DFF_R' unit is dangling and will be cleaned.
W: Public-4008: Instance 'u_lprnet_top/u_layer23/genblk1.out_inst.u_output_layer/sum_stage3[1][26:0]_1[2]' of 'GTP_DFF_R' unit is dangling and will be cleaned.
W: Public-4008: Instance 'u_lprnet_top/u_layer23/genblk1.out_inst.u_output_layer/sum_stage3[1][26:0]_1[3]' of 'GTP_DFF_R' unit is dangling and will be cleaned.
W: Public-4008: Instance 'u_lprnet_top/u_layer23/genblk1.out_inst.u_output_layer/sum_stage3[1][26:0]_1[4]' of 'GTP_DFF_R' unit is dangling and will be cleaned.
W: Public-4008: Instance 'u_lprnet_top/u_layer23/genblk1.out_inst.u_output_layer/sum_stage3[1][26:0]_1[5]' of 'GTP_DFF_R' unit is dangling and will be cleaned.
W: Public-4008: Instance 'u_lprnet_top/u_layer23/genblk1.out_inst.u_output_layer/sum_stage3[1][26:0]_1[6]' of 'GTP_DFF_R' unit is dangling and will be cleaned.
W: Public-4008: Instance 'u_lprnet_top/u_layer23/genblk1.out_inst.u_output_layer/sum_stage3[1][26:0]_1[7]' of 'GTP_DFF_R' unit is dangling and will be cleaned.
W: Public-4008: Instance 'u_lprnet_top/u_layer23/genblk1.out_inst.u_output_layer/sum_stage3[1][26:0]_1[8]' of 'GTP_DFF_R' unit is dangling and will be cleaned.
W: Public-4008: Instance 'u_lprnet_top/u_layer23/genblk1.out_inst.u_output_layer/sum_stage3[1][26:0]_1[9]' of 'GTP_DFF_R' unit is dangling and will be cleaned.
W: Public-4008: Instance 'u_lprnet_top/u_layer23/genblk1.out_inst.u_output_layer/sum_stage3[1][26:0]_1[10]' of 'GTP_DFF_R' unit is dangling and will be cleaned.
W: Public-4008: Instance 'u_lprnet_top/u_layer23/genblk1.out_inst.u_output_layer/sum_stage3[1][26:0]_1[11]' of 'GTP_DFF_R' unit is dangling and will be cleaned.
W: Public-4008: Instance 'u_lprnet_top/u_layer23/genblk1.out_inst.u_output_layer/sum_stage3[1][26:0]_1[12]' of 'GTP_DFF_R' unit is dangling and will be cleaned.
W: Public-4008: Instance 'u_lprnet_top/u_layer23/genblk1.out_inst.u_output_layer/sum_stage3[1][26:0]_1[13]' of 'GTP_DFF_R' unit is dangling and will be cleaned.
W: Public-4008: Instance 'u_lprnet_top/u_layer23/genblk1.out_inst.u_output_layer/sum_stage3[1][26:0]_1[14]' of 'GTP_DFF_R' unit is dangling and will be cleaned.
W: Public-4008: Instance 'u_lprnet_top/u_layer23/genblk1.out_inst.u_output_layer/sum_stage3[1][26:0]_1[15]' of 'GTP_DFF_R' unit is dangling and will be cleaned.
W: Public-4008: Instance 'u_lprnet_top/u_layer23/genblk1.out_inst.u_output_layer/sum_stage3[1][26:0]_1[16]' of 'GTP_DFF_R' unit is dangling and will be cleaned.
W: Public-4008: Instance 'u_lprnet_top/u_layer23/genblk1.out_inst.u_output_layer/sum_stage3[1][26:0]_1[17]' of 'GTP_DFF_R' unit is dangling and will be cleaned.
W: Public-4008: Instance 'u_lprnet_top/u_layer23/genblk1.out_inst.u_output_layer/sum_stage3[1][26:0]_1[18]' of 'GTP_DFF_R' unit is dangling and will be cleaned.
W: Public-4008: Instance 'u_lprnet_top/u_layer23/genblk1.out_inst.u_output_layer/sum_stage3[1][26:0]_1[19]' of 'GTP_DFF_R' unit is dangling and will be cleaned.
W: Public-4008: Instance 'u_lprnet_top/u_layer23/genblk1.out_inst.u_output_layer/sum_stage3[1][26:0]_1[20]' of 'GTP_DFF_R' unit is dangling and will be cleaned.
W: Public-4008: Instance 'u_lprnet_top/u_layer23/genblk1.out_inst.u_output_layer/sum_stage3[1][26:0]_1[21]' of 'GTP_DFF_R' unit is dangling and will be cleaned.
W: Public-4008: Instance 'u_lprnet_top/u_layer23/genblk1.out_inst.u_output_layer/sum_stage3[1][26:0]_1[22]' of 'GTP_DFF_R' unit is dangling and will be cleaned.
W: Public-4008: Instance 'u_lprnet_top/u_layer23/genblk1.out_inst.u_output_layer/sum_stage3[1][26:0]_1[23]' of 'GTP_DFF_R' unit is dangling and will be cleaned.
W: Public-4008: Instance 'u_lprnet_top/u_layer23/genblk1.out_inst.u_output_layer/sum_stage3[1][26:0]_1[24]' of 'GTP_DFF_R' unit is dangling and will be cleaned.
W: Public-4008: Instance 'u_lprnet_top/u_layer23/genblk1.out_inst.u_output_layer/sum_stage3[1][26:0]_1[25]' of 'GTP_DFF_R' unit is dangling and will be cleaned.
W: Public-4008: Instance 'u_lprnet_top/u_layer23/genblk1.out_inst.u_output_layer/sum_stage3[1][26:0]_1[26]' of 'GTP_DFF_R' unit is dangling and will be cleaned.
W: Public-4008: Instance 'u_lprnet_top/u_layer23/genblk1.out_inst.u_output_layer/sum_with_bias[0][9]' of 'GTP_DFF' unit is dangling and will be cleaned.
W: Public-4008: Instance 'u_lprnet_top/u_layer23/genblk1.out_inst.u_output_layer/sum_with_bias[0][10]' of 'GTP_DFF' unit is dangling and will be cleaned.
W: Public-4008: Instance 'u_lprnet_top/u_layer23/genblk1.out_inst.u_output_layer/sum_with_bias[0][11]' of 'GTP_DFF' unit is dangling and will be cleaned.
W: Public-4008: Instance 'u_lprnet_top/u_layer23/genblk1.out_inst.u_output_layer/sum_with_bias[0][12]' of 'GTP_DFF' unit is dangling and will be cleaned.
W: Public-4008: Instance 'u_lprnet_top/u_layer23/genblk1.out_inst.u_output_layer/sum_with_bias[0][13]' of 'GTP_DFF' unit is dangling and will be cleaned.
W: Public-4008: Instance 'u_lprnet_top/u_layer23/genblk1.out_inst.u_output_layer/sum_with_bias[0][14]' of 'GTP_DFF' unit is dangling and will be cleaned.
W: Public-4008: Instance 'u_lprnet_top/u_layer23/genblk1.out_inst.u_output_layer/sum_with_bias[0][15]' of 'GTP_DFF' unit is dangling and will be cleaned.
W: Public-4008: Instance 'u_lprnet_top/u_layer23/genblk1.out_inst.u_output_layer/sum_with_bias[0][16]' of 'GTP_DFF' unit is dangling and will be cleaned.
W: Public-4008: Instance 'u_lprnet_top/u_layer23/genblk1.out_inst.u_output_layer/sum_with_bias[0][17]' of 'GTP_DFF' unit is dangling and will be cleaned.
W: Public-4008: Instance 'u_lprnet_top/u_layer23/genblk1.out_inst.u_output_layer/sum_with_bias[0][18]' of 'GTP_DFF' unit is dangling and will be cleaned.
W: Public-4008: Instance 'u_lprnet_top/u_layer23/genblk1.out_inst.u_output_layer/sum_with_bias[0][19]' of 'GTP_DFF' unit is dangling and will be cleaned.
W: Public-4008: Instance 'u_lprnet_top/u_layer23/genblk1.out_inst.u_output_layer/sum_with_bias[0][20]' of 'GTP_DFF' unit is dangling and will be cleaned.
W: Public-4008: Instance 'u_lprnet_top/u_layer23/genblk1.out_inst.u_output_layer/sum_with_bias[0][21]' of 'GTP_DFF' unit is dangling and will be cleaned.
W: Public-4008: Instance 'u_lprnet_top/u_layer23/genblk1.out_inst.u_output_layer/sum_with_bias[0][22]' of 'GTP_DFF' unit is dangling and will be cleaned.
W: Public-4008: Instance 'u_lprnet_top/u_layer23/genblk1.out_inst.u_output_layer/sum_with_bias[0][23]' of 'GTP_DFF' unit is dangling and will be cleaned.
W: Public-4008: Instance 'u_lprnet_top/u_layer23/genblk1.out_inst.u_output_layer/sum_with_bias[0][24]' of 'GTP_DFF' unit is dangling and will be cleaned.
W: Public-4008: Instance 'u_lprnet_top/u_layer23/genblk1.out_inst.u_output_layer/sum_with_bias[0][25]' of 'GTP_DFF' unit is dangling and will be cleaned.
W: Public-4008: Instance 'u_lprnet_top/u_layer23/genblk1.out_inst.u_output_layer/sum_with_bias[0][26]' of 'GTP_DFF' unit is dangling and will be cleaned.
W: Public-4008: Instance 'u_lprnet_top/u_layer23/genblk1.out_inst.u_output_layer/sum_with_bias[1][9]' of 'GTP_DFF' unit is dangling and will be cleaned.
W: Public-4008: Instance 'u_lprnet_top/u_layer23/genblk1.out_inst.u_output_layer/sum_with_bias[1][10]' of 'GTP_DFF' unit is dangling and will be cleaned.
W: Public-4008: Instance 'u_lprnet_top/u_layer23/genblk1.out_inst.u_output_layer/sum_with_bias[1][11]' of 'GTP_DFF' unit is dangling and will be cleaned.
W: Public-4008: Instance 'u_lprnet_top/u_layer23/genblk1.out_inst.u_output_layer/sum_with_bias[1][12]' of 'GTP_DFF' unit is dangling and will be cleaned.
W: Public-4008: Instance 'u_lprnet_top/u_layer23/genblk1.out_inst.u_output_layer/sum_with_bias[1][13]' of 'GTP_DFF' unit is dangling and will be cleaned.
W: Public-4008: Instance 'u_lprnet_top/u_layer23/genblk1.out_inst.u_output_layer/sum_with_bias[1][14]' of 'GTP_DFF' unit is dangling and will be cleaned.
W: Public-4008: Instance 'u_lprnet_top/u_layer23/genblk1.out_inst.u_output_layer/sum_with_bias[1][15]' of 'GTP_DFF' unit is dangling and will be cleaned.
W: Public-4008: Instance 'u_lprnet_top/u_layer23/genblk1.out_inst.u_output_layer/sum_with_bias[1][16]' of 'GTP_DFF' unit is dangling and will be cleaned.
W: Public-4008: Instance 'u_lprnet_top/u_layer23/genblk1.out_inst.u_output_layer/sum_with_bias[1][17]' of 'GTP_DFF' unit is dangling and will be cleaned.
W: Public-4008: Instance 'u_lprnet_top/u_layer23/genblk1.out_inst.u_output_layer/sum_with_bias[1][18]' of 'GTP_DFF' unit is dangling and will be cleaned.
W: Public-4008: Instance 'u_lprnet_top/u_layer23/genblk1.out_inst.u_output_layer/sum_with_bias[1][19]' of 'GTP_DFF' unit is dangling and will be cleaned.
W: Public-4008: Instance 'u_lprnet_top/u_layer23/genblk1.out_inst.u_output_layer/sum_with_bias[1][20]' of 'GTP_DFF' unit is dangling and will be cleaned.
W: Public-4008: Instance 'u_lprnet_top/u_layer23/genblk1.out_inst.u_output_layer/sum_with_bias[1][21]' of 'GTP_DFF' unit is dangling and will be cleaned.
W: Public-4008: Instance 'u_lprnet_top/u_layer23/genblk1.out_inst.u_output_layer/sum_with_bias[1][22]' of 'GTP_DFF' unit is dangling and will be cleaned.
W: Public-4008: Instance 'u_lprnet_top/u_layer23/genblk1.out_inst.u_output_layer/sum_with_bias[1][23]' of 'GTP_DFF' unit is dangling and will be cleaned.
W: Public-4008: Instance 'u_lprnet_top/u_layer23/genblk1.out_inst.u_output_layer/sum_with_bias[1][24]' of 'GTP_DFF' unit is dangling and will be cleaned.
W: Public-4008: Instance 'u_lprnet_top/u_layer23/genblk1.out_inst.u_output_layer/sum_with_bias[1][25]' of 'GTP_DFF' unit is dangling and will be cleaned.
W: Public-4008: Instance 'u_lprnet_top/u_layer23/genblk1.out_inst.u_output_layer/sum_with_bias[1][26]' of 'GTP_DFF' unit is dangling and will be cleaned.
W: Public-4008: Instance 'u_lprnet_top/u_layer23/u_input_layer/genblk3.pixel_pp_rd_active_shift_reg[0]' of 'GTP_DFF_C' unit is dangling and will be cleaned.
W: Public-4008: Instance 'u_lprnet_top/u_layer23/u_input_layer/genblk3.pixel_pp_rd_active_shift_reg[1]' of 'GTP_DFF_C' unit is dangling and will be cleaned.
W: Public-4008: Instance 'u_lprnet_top/u_layer23/u_input_layer/genblk3.pixel_pp_rd_active_shift_reg[2]' of 'GTP_DFF_C' unit is dangling and will be cleaned.
W: Public-4008: Instance 'u_lprnet_top/u_layer23/u_input_layer/genblk3.pixel_pp_rd_active_shift_reg[3]' of 'GTP_DFF_C' unit is dangling and will be cleaned.
W: Public-4008: Instance 'u_lprnet_top/u_layer23/u_input_layer/genblk3.pixel_pp_rd_active_shift_reg[4]' of 'GTP_DFF_C' unit is dangling and will be cleaned.
W: Public-4008: Instance 'u_lprnet_top/u_layer23/u_input_layer/genblk3.pixel_pp_rd_active_shift_reg[5]' of 'GTP_DFF_C' unit is dangling and will be cleaned.
W: Public-4008: Instance 'u_lprnet_top/u_layer23/u_input_layer/genblk3.pixel_pp_rd_active_shift_reg[6]' of 'GTP_DFF_C' unit is dangling and will be cleaned.
W: Public-4008: Instance 'u_lprnet_top/u_layer23/u_input_layer/genblk3.pixel_pp_rd_active_shift_reg[7]' of 'GTP_DFF_C' unit is dangling and will be cleaned.
W: Public-4008: Instance 'u_lprnet_top/u_layer23/u_input_layer/genblk3.pixel_pp_rd_active_shift_reg[8]' of 'GTP_DFF_C' unit is dangling and will be cleaned.
W: Public-4008: Instance 'u_lprnet_top/u_layer23/u_input_layer/genblk3.pixel_pp_rd_active_shift_reg[9]' of 'GTP_DFF_C' unit is dangling and will be cleaned.
W: Public-4008: Instance 'u_lprnet_top/u_layer23/u_input_layer/genblk3.pixel_pp_rd_active_shift_reg[10]' of 'GTP_DFF_C' unit is dangling and will be cleaned.
W: Public-4008: Instance 'u_lprnet_top/u_layer23/u_input_layer/genblk3.pixel_pp_rd_active_shift_reg[11]' of 'GTP_DFF_C' unit is dangling and will be cleaned.
W: Public-4008: Instance 'u_lprnet_top/u_layer23/u_input_layer/genblk3.pixel_pp_rd_active_shift_reg[12]' of 'GTP_DFF_C' unit is dangling and will be cleaned.
W: Public-4008: Instance 'u_lprnet_top/u_layer23/u_input_layer/genblk3.pixel_pp_rd_active_shift_reg[13]' of 'GTP_DFF_C' unit is dangling and will be cleaned.
W: Public-4008: Instance 'u_lprnet_top/u_layer23/u_input_layer/genblk3.pixel_pp_rd_active_shift_reg[14]' of 'GTP_DFF_C' unit is dangling and will be cleaned.
W: Public-4008: Instance 'u_lprnet_top/u_layer23/u_input_layer/genblk3.pixel_pp_rd_active_shift_reg[15]' of 'GTP_DFF_C' unit is dangling and will be cleaned.
W: Public-4008: Instance 'u_lprnet_top/u_layer23/u_input_layer/genblk3.pixel_pp_rd_active_shift_reg[16]' of 'GTP_DFF_C' unit is dangling and will be cleaned.
W: Public-4008: Instance 'u_lprnet_top/u_layer23/u_input_layer/genblk3.pixel_pp_rd_active_shift_reg[17]' of 'GTP_DFF_C' unit is dangling and will be cleaned.
W: Public-4008: Instance 'u_lprnet_top/u_layer23/u_input_layer/genblk3.pixel_pp_rd_active_shift_reg[18]' of 'GTP_DFF_C' unit is dangling and will be cleaned.
W: Public-4008: Instance 'u_lprnet_top/u_layer23/u_input_layer/genblk3.pixel_pp_rd_active_shift_reg[19]' of 'GTP_DFF_C' unit is dangling and will be cleaned.
W: Public-4008: Instance 'u_lprnet_top/u_layer23/u_input_layer/genblk3.pixel_pp_rd_active_shift_reg[20]' of 'GTP_DFF_C' unit is dangling and will be cleaned.
W: Public-4008: Instance 'u_lprnet_top/u_layer23/u_input_layer/genblk3.pixel_pp_rd_active_shift_reg[21]' of 'GTP_DFF_C' unit is dangling and will be cleaned.
W: Public-4008: Instance 'u_lprnet_top/u_layer23/u_input_layer/genblk3.pixel_pp_rd_active_shift_reg[22]' of 'GTP_DFF_C' unit is dangling and will be cleaned.
W: Public-4008: Instance 'u_lprnet_top/u_layer23/u_input_layer/genblk3.pixel_pp_rd_active_shift_reg[23]' of 'GTP_DFF_C' unit is dangling and will be cleaned.
W: Public-4008: Instance 'u_lprnet_top/u_layer23/u_input_layer/genblk3.pixel_pp_rd_active_shift_reg[24]' of 'GTP_DFF_C' unit is dangling and will be cleaned.
W: Public-4008: Instance 'u_lprnet_top/u_layer23/u_input_layer/genblk3.pixel_pp_rd_active_shift_reg[25]' of 'GTP_DFF_C' unit is dangling and will be cleaned.
W: Public-4008: Instance 'u_lprnet_top/u_layer23/u_input_layer/genblk3.pixel_pp_rd_active_shift_reg[26]' of 'GTP_DFF_C' unit is dangling and will be cleaned.
W: Public-4008: Instance 'u_lprnet_top/u_layer23/u_input_layer/genblk3.pixel_pp_rd_active_shift_reg[27]' of 'GTP_DFF_C' unit is dangling and will be cleaned.
W: Public-4008: Instance 'u_lprnet_top/u_layer23/u_input_layer/genblk3.pixel_pp_rd_active_shift_reg[28]' of 'GTP_DFF_C' unit is dangling and will be cleaned.
W: Public-4008: Instance 'u_lprnet_top/u_layer23/u_input_layer/genblk3.pixel_pp_rd_active_shift_reg[29]' of 'GTP_DFF_C' unit is dangling and will be cleaned.
W: Public-4008: Instance 'u_lprnet_top/u_layer23/u_input_layer/genblk3.pixel_pp_rd_active_shift_reg[30]' of 'GTP_DFF_C' unit is dangling and will be cleaned.
W: Public-4008: Instance 'u_lprnet_top/u_layer23/u_input_layer/genblk3.pixel_pp_rd_active_shift_reg[31]' of 'GTP_DFF_C' unit is dangling and will be cleaned.
W: Public-4008: Instance 'u_lprnet_top/u_layer23/u_input_layer/genblk3.pixel_pp_rd_active_shift_reg[32]' of 'GTP_DFF_C' unit is dangling and will be cleaned.
W: Public-4008: Instance 'u_lprnet_top/u_layer23/u_input_layer/genblk3.pixel_pp_rd_active_shift_reg[33]' of 'GTP_DFF_C' unit is dangling and will be cleaned.
W: Public-4008: Instance 'u_lprnet_top/u_layer23/u_input_layer/genblk3.pixel_pp_rd_active_shift_reg[34]' of 'GTP_DFF_C' unit is dangling and will be cleaned.
W: Public-4008: Instance 'u_lprnet_top/u_layer23/u_input_layer/genblk3.pixel_pp_rd_active_shift_reg[35]' of 'GTP_DFF_C' unit is dangling and will be cleaned.
W: Public-4008: Instance 'u_lprnet_top/u_layer23/u_input_layer/genblk3.pixel_pp_rd_active_shift_reg[36]' of 'GTP_DFF_C' unit is dangling and will be cleaned.
W: Public-4008: Instance 'u_lprnet_top/u_layer23/u_input_layer/genblk3.pixel_pp_rd_active_shift_reg[37]' of 'GTP_DFF_C' unit is dangling and will be cleaned.
W: Public-4008: Instance 'u_lprnet_top/u_layer23/u_input_layer/genblk3.pixel_pp_rd_active_shift_reg[38]' of 'GTP_DFF_C' unit is dangling and will be cleaned.
W: Public-4008: Instance 'u_lprnet_top/u_layer23/u_input_layer/genblk3.pixel_pp_rd_active_shift_reg[39]' of 'GTP_DFF_C' unit is dangling and will be cleaned.
W: Public-4008: Instance 'u_lprnet_top/u_layer23/u_input_layer/genblk3.pixel_pp_rd_active_shift_reg[40]' of 'GTP_DFF_C' unit is dangling and will be cleaned.
W: Public-4008: Instance 'u_lprnet_top/u_layer23/u_input_layer/genblk3.pixel_pp_rd_active_shift_reg[41]' of 'GTP_DFF_C' unit is dangling and will be cleaned.
W: Public-4008: Instance 'u_lprnet_top/u_layer23/u_input_layer/genblk3.pixel_pp_rd_active_shift_reg[42]' of 'GTP_DFF_C' unit is dangling and will be cleaned.
W: Public-4008: Instance 'u_lprnet_top/u_layer23/u_input_layer/genblk3.pixel_pp_rd_active_shift_reg[43]' of 'GTP_DFF_C' unit is dangling and will be cleaned.
W: Public-4008: Instance 'u_lprnet_top/u_layer23/u_input_layer/genblk3.pixel_pp_rd_active_shift_reg[44]' of 'GTP_DFF_C' unit is dangling and will be cleaned.
W: Public-4008: Instance 'u_lprnet_top/u_layer23/u_input_layer/genblk3.pixel_pp_rd_active_shift_reg[45]' of 'GTP_DFF_C' unit is dangling and will be cleaned.
W: Public-4008: Instance 'u_lprnet_top/u_layer23/u_input_layer/genblk3.pixel_pp_rd_active_shift_reg[46]' of 'GTP_DFF_C' unit is dangling and will be cleaned.
W: Public-4008: Instance 'u_lprnet_top/u_layer23/u_input_layer/genblk3.pixel_pp_rd_active_shift_reg[47]' of 'GTP_DFF_C' unit is dangling and will be cleaned.
W: Public-4008: Instance 'u_lprnet_top/u_layer23/u_input_layer/genblk3.pixel_pp_rd_active_shift_reg[48]' of 'GTP_DFF_C' unit is dangling and will be cleaned.
W: Public-4008: Instance 'u_lprnet_top/u_layer23/u_input_layer/genblk3.pixel_pp_rd_active_shift_reg[49]' of 'GTP_DFF_C' unit is dangling and will be cleaned.
W: Public-4008: Instance 'u_lprnet_top/u_layer23/u_input_layer/genblk3.pixel_pp_rd_active_shift_reg[50]' of 'GTP_DFF_C' unit is dangling and will be cleaned.
W: Public-4008: Instance 'u_lprnet_top/u_layer23/u_input_layer/genblk3.pixel_pp_rd_active_shift_reg[51]' of 'GTP_DFF_C' unit is dangling and will be cleaned.
W: Public-4008: Instance 'u_lprnet_top/u_layer23/u_input_layer/genblk3.pixel_pp_rd_active_shift_reg[52]' of 'GTP_DFF_C' unit is dangling and will be cleaned.
W: Public-4008: Instance 'u_lprnet_top/u_layer23/u_input_layer/genblk3.pixel_pp_rd_active_shift_reg[53]' of 'GTP_DFF_C' unit is dangling and will be cleaned.
W: Public-4008: Instance 'u_lprnet_top/u_layer23/u_input_layer/genblk3.pixel_pp_rd_active_shift_reg[54]' of 'GTP_DFF_C' unit is dangling and will be cleaned.
W: Public-4008: Instance 'u_lprnet_top/u_layer23/u_input_layer/genblk3.pixel_pp_rd_active_shift_reg[55]' of 'GTP_DFF_C' unit is dangling and will be cleaned.
W: Public-4008: Instance 'u_lprnet_top/u_layer23/u_input_layer/genblk3.pixel_pp_rd_active_shift_reg[56]' of 'GTP_DFF_C' unit is dangling and will be cleaned.
W: Public-4008: Instance 'u_lprnet_top/u_layer23/u_input_layer/genblk3.pixel_pp_rd_active_shift_reg[57]' of 'GTP_DFF_C' unit is dangling and will be cleaned.
W: Public-4008: Instance 'u_lprnet_top/u_layer23/u_input_layer/genblk3.pixel_pp_rd_active_shift_reg[58]' of 'GTP_DFF_C' unit is dangling and will be cleaned.
W: Public-4008: Instance 'u_lprnet_top/u_layer23/u_input_layer/genblk3.pixel_pp_rd_active_shift_reg[59]' of 'GTP_DFF_C' unit is dangling and will be cleaned.
W: Public-4008: Instance 'u_lprnet_top/u_layer23/u_input_layer/genblk3.pixel_pp_rd_active_shift_reg[60]' of 'GTP_DFF_C' unit is dangling and will be cleaned.
W: Public-4008: Instance 'u_lprnet_top/u_layer23/u_input_layer/genblk3.pixel_pp_rd_active_shift_reg[61]' of 'GTP_DFF_C' unit is dangling and will be cleaned.
W: Public-4008: Instance 'u_lprnet_top/u_layer23/u_input_layer/genblk3.pixel_pp_rd_active_shift_reg[62]' of 'GTP_DFF_C' unit is dangling and will be cleaned.
W: Public-4008: Instance 'u_lprnet_top/u_layer23/u_input_layer/genblk3.pixel_pp_rd_active_shift_reg[63]' of 'GTP_DFF_C' unit is dangling and will be cleaned.
W: Public-4008: Instance 'u_lprnet_top/u_layer23/u_input_layer/genblk3.stream_valid' of 'GTP_DFF_C' unit is dangling and will be cleaned.
W: Public-4008: Instance 'u_lprnet_top/u_layer23/u_input_layer/index_in[0]' of 'GTP_DFF_CE' unit is dangling and will be cleaned.
W: Public-4008: Instance 'u_lprnet_top/u_layer23/u_input_layer/index_in[1]' of 'GTP_DFF_CE' unit is dangling and will be cleaned.
W: Public-4008: Instance 'u_lprnet_top/u_layer23/u_input_layer/index_in[2]' of 'GTP_DFF_CE' unit is dangling and will be cleaned.
W: Public-4008: Instance 'u_lprnet_top/u_layer23/u_input_layer/index_x[0]' of 'GTP_DFF_CE' unit is dangling and will be cleaned.
W: Public-4008: Instance 'u_lprnet_top/u_layer23/u_input_layer/index_x[1]' of 'GTP_DFF_CE' unit is dangling and will be cleaned.
W: Public-4008: Instance 'u_lprnet_top/u_layer23/u_input_layer/index_x[2]' of 'GTP_DFF_CE' unit is dangling and will be cleaned.
W: Public-4008: Instance 'u_lprnet_top/u_layer23/u_input_layer/index_x[3]' of 'GTP_DFF_CE' unit is dangling and will be cleaned.
W: Public-4008: Instance 'u_lprnet_top/u_layer23/u_input_layer/index_x[4]' of 'GTP_DFF_CE' unit is dangling and will be cleaned.
W: Public-4008: Instance 'u_lprnet_top/u_layer23/u_input_layer/index_x[5]' of 'GTP_DFF_CE' unit is dangling and will be cleaned.
W: Public-4008: Instance 'u_lprnet_top/u_layer23/u_input_layer/index_x[6]' of 'GTP_DFF_CE' unit is dangling and will be cleaned.
W: Public-4008: Instance 'u_lprnet_top/u_layer23/u_input_layer/invalid_rows[0]' of 'GTP_DFF_P' unit is dangling and will be cleaned.
W: Public-4008: Instance 'u_lprnet_top/u_layer23/u_input_layer/line_out_valid' of 'GTP_DFF_C' unit is dangling and will be cleaned.
W: Public-4008: Instance 'u_lprnet_top/u_layer23/u_input_layer/new_line_out_1' of 'GTP_DFF_C' unit is dangling and will be cleaned.
W: Public-4008: Instance 'u_lprnet_top/u_layer23/u_input_layer/pending_rows[0]' of 'GTP_DFF_CE' unit is dangling and will be cleaned.
W: Public-4008: Instance 'u_lprnet_top/u_layer23/u_input_layer/pending_rows[1]' of 'GTP_DFF_CE' unit is dangling and will be cleaned.
W: Public-4008: Instance 'u_lprnet_top/u_layer23/u_input_layer/pixel_pp_rd_active' of 'GTP_DFF_C' unit is dangling and will be cleaned.
W: Public-4008: Instance 'u_lprnet_top/u_layer23/u_input_layer/pp_rd_cnt[0]' of 'GTP_DFF_CE' unit is dangling and will be cleaned.
W: Public-4008: Instance 'u_lprnet_top/u_layer23/u_input_layer/pp_rd_cnt[1]' of 'GTP_DFF_CE' unit is dangling and will be cleaned.
W: Public-4008: Instance 'u_lprnet_top/u_layer23/u_input_layer/pp_rd_cnt[2]' of 'GTP_DFF_CE' unit is dangling and will be cleaned.
W: Public-4008: Instance 'u_lprnet_top/u_layer23/u_input_layer/pp_rd_cnt[3]' of 'GTP_DFF_CE' unit is dangling and will be cleaned.
W: Public-4008: Instance 'u_lprnet_top/u_layer23/u_input_layer/pp_rd_cnt[4]' of 'GTP_DFF_CE' unit is dangling and will be cleaned.
W: Public-4008: Instance 'u_lprnet_top/u_layer23/u_input_layer/pp_rd_cnt[5]' of 'GTP_DFF_CE' unit is dangling and will be cleaned.
W: Public-4008: Instance 'u_lprnet_top/u_layer23/u_input_layer/pp_rd_cnt[6]' of 'GTP_DFF_CE' unit is dangling and will be cleaned.
W: Public-4008: Instance 'u_lprnet_top/u_layer23/u_input_layer/pp_rd_cnt[7]' of 'GTP_DFF_CE' unit is dangling and will be cleaned.
W: Public-4008: Instance 'u_lprnet_top/u_layer23/u_input_layer/pp_rd_cnt[8]' of 'GTP_DFF_CE' unit is dangling and will be cleaned.
W: Public-4008: Instance 'u_lprnet_top/u_layer23/u_input_layer/pp_rd_cnt[9]' of 'GTP_DFF_CE' unit is dangling and will be cleaned.
W: Public-4008: Instance 'u_lprnet_top/u_layer23/u_input_layer/pp_rd_cnt_cycle[0]' of 'GTP_DFF_P' unit is dangling and will be cleaned.
W: Public-4008: Instance 'u_lprnet_top/u_layer23/u_input_layer/pp_rd_cnt_cycle[1]' of 'GTP_DFF_C' unit is dangling and will be cleaned.
W: Public-4008: Instance 'u_lprnet_top/u_layer23/u_input_layer/pp_rd_cnt_cycle[2]' of 'GTP_DFF_C' unit is dangling and will be cleaned.
W: Public-4008: Instance 'u_lprnet_top/u_layer23/u_input_layer/pp_wr_cnt[0]' of 'GTP_DFF_CE' unit is dangling and will be cleaned.
W: Public-4008: Instance 'u_lprnet_top/u_layer23/u_input_layer/pp_wr_cnt[1]' of 'GTP_DFF_CE' unit is dangling and will be cleaned.
W: Public-4008: Instance 'u_lprnet_top/u_layer23/u_input_layer/pp_wr_cnt[2]' of 'GTP_DFF_CE' unit is dangling and will be cleaned.
W: Public-4008: Instance 'u_lprnet_top/u_layer23/u_input_layer/pp_wr_cnt[3]' of 'GTP_DFF_CE' unit is dangling and will be cleaned.
W: Public-4008: Instance 'u_lprnet_top/u_layer23/u_input_layer/pp_wr_cnt[4]' of 'GTP_DFF_CE' unit is dangling and will be cleaned.
W: Public-4008: Instance 'u_lprnet_top/u_layer23/u_input_layer/pp_wr_cnt[5]' of 'GTP_DFF_CE' unit is dangling and will be cleaned.
W: Public-4008: Instance 'u_lprnet_top/u_layer23/u_input_layer/pp_wr_cnt[6]' of 'GTP_DFF_CE' unit is dangling and will be cleaned.
W: Public-4008: Instance 'u_lprnet_top/u_layer23/u_input_layer/pp_wr_cnt[7]' of 'GTP_DFF_CE' unit is dangling and will be cleaned.
W: Public-4008: Instance 'u_lprnet_top/u_layer23/u_input_layer/pp_wr_cnt[8]' of 'GTP_DFF_CE' unit is dangling and will be cleaned.
W: Public-4008: Instance 'u_lprnet_top/u_layer23/u_input_layer/pp_wr_cnt[9]' of 'GTP_DFF_CE' unit is dangling and will be cleaned.
Checking design netlist.
Processing tech operator.
I: The instance clkbufg_0(GTP_CLKBUFG) has been inserted on the net clk_pe in design, driver pin CLKOUT2(instance u_pll/u_gpll) -> load pin CLK(instance char_seen_latch).
I: The instance clkbufg_1(GTP_CLKBUFG) has been inserted on the net nt_pixclk_in in design, driver pin O(instance pixclk_in_ibuf) -> load pin CLK(instance de_in_dly1).
I: The instance clkbufg_2(GTP_CLKBUFG) has been inserted on the net cfg_clk in design, driver pin CLKOUT0(instance u_ms72/u_gpll) -> load pin CLKA(instance ms72xx_ctl/U1_ms7200_ctl/N1219_3_concat_3).
I: The instance clkbufg_3(GTP_CLKBUFG) has been inserted on the net pix_clk_5x in design, driver pin CLKOUT1(instance u_pll/u_gpll) -> load pin OCLK(instance rgb2tmds/clockserializer/SerializerMaster).
Converting tech operator to gate operator.
Processing gate operator.
I: Infer CARRY group, base inst: N19_0_1/gateop, insts:13.
I: Infer CARRY group, base inst: ms72xx_ctl/N14/gateop, insts:2.
I: Infer CARRY group, base inst: u_box_overlay_sync/N61_1.fsub_1/gateop, insts:13.
I: Infer CARRY group, base inst: u_box_overlay_sync/N68_1.fsub_1/gateop, insts:13.
I: Infer CARRY group, base inst: u_box_overlay_sync/N75_1_1/gateop, insts:11.
I: Infer CARRY group, base inst: u_box_overlay_sync/N82_1_1/gateop, insts:11.
I: Infer CARRY group, base inst: u_box_overlay_sync/N105_1_1/gateop, insts:16.
I: Infer CARRY group, base inst: u_box_overlay_sync/N106.slt_0/gateop, insts:9.
I: Infer CARRY group, base inst: u_box_overlay_sync/N114_1_1/gateop, insts:16.
I: Infer CARRY group, base inst: u_box_overlay_sync/N115.slt_0/gateop, insts:9.
I: Infer CARRY group, base inst: u_box_overlay_sync/N123_1_1/gateop, insts:16.
I: Infer CARRY group, base inst: u_box_overlay_sync/N124.slt_0/gateop, insts:9.
I: Infer CARRY group, base inst: u_box_overlay_sync/N132_1_1/gateop, insts:16.
I: Infer CARRY group, base inst: u_box_overlay_sync/N133.slt_0/gateop, insts:9.
I: Infer CARRY group, base inst: u_box_overlay_sync/N141_1_1/gateop, insts:16.
I: Infer CARRY group, base inst: u_box_overlay_sync/N142.slt_0/gateop, insts:9.
I: Infer CARRY group, base inst: u_box_overlay_sync/N150_1_1/gateop, insts:16.
I: Infer CARRY group, base inst: u_box_overlay_sync/N151.slt_0/gateop, insts:9.
I: Infer CARRY group, base inst: u_box_overlay_sync/N159_1_1/gateop, insts:16.
I: Infer CARRY group, base inst: u_box_overlay_sync/N160.slt_0/gateop, insts:9.
I: Infer CARRY group, base inst: u_box_overlay_sync/N168_1_1/gateop, insts:16.
I: Infer CARRY group, base inst: u_box_overlay_sync/N169.slt_0/gateop, insts:9.
I: Infer CARRY group, base inst: u_box_overlay_sync/N229_1.fsub_1/gateop, insts:14.
I: Infer CARRY group, base inst: u_box_overlay_sync/N240_2.fsub_1/gateop, insts:14.
I: Infer CARRY group, base inst: u_box_overlay_sync/N251_1_1/gateop, insts:14.
I: Infer CARRY group, base inst: u_box_overlay_sync/N262_2_1/gateop, insts:13.
I: Infer CARRY group, base inst: u_box_overlay_sync/N280.fsub_1/gateop, insts:16.
I: Infer CARRY group, base inst: u_box_overlay_sync/N284.fsub_1/gateop, insts:16.
I: Infer CARRY group, base inst: u_box_overlay_sync/N290.fsub_1/gateop, insts:17.
I: Infer CARRY group, base inst: u_box_overlay_sync/N296_1_1/gateop, insts:14.
I: Infer CARRY group, base inst: u_box_overlay_sync/N320.fsub_1/gateop, insts:17.
I: Infer CARRY group, base inst: u_box_overlay_sync/N326_1_1/gateop, insts:12.
I: Infer CARRY group, base inst: u_box_overlay_sync/N410_1_0/gateop, insts:16.
I: Infer CARRY group, base inst: u_box_overlay_sync/N414_1_1/gateop, insts:15.
I: Infer CARRY group, base inst: u_box_overlay_sync/N454_1/gateop, insts:24.
I: Infer CARRY group, base inst: u_box_overlay_sync/N455_1/gateop, insts:24.
I: Infer CARRY group, base inst: u_box_overlay_sync/N486_1.fsub_0/gateop, insts:11.
I: Infer CARRY group, base inst: u_box_overlay_sync/N491_mux7_7/gateop, insts:2.
I: Infer CARRY group, base inst: u_box_overlay_sync/N496_1.fsub_1/gateop, insts:12.
I: Infer CARRY group, base inst: u_box_overlay_sync/N502_0/gateop, insts:17.
I: Infer CARRY group, base inst: u_box_overlay_sync/N508.lt_0/gateop, insts:8.
I: Infer CARRY group, base inst: u_box_overlay_sync/N515_1.fsub_1/gateop, insts:15.
I: Infer CARRY group, base inst: u_box_overlay_sync/N630.eq_0/gateop, insts:8.
I: Infer CARRY group, base inst: u_box_overlay_sync/N637_0/gateop, insts:17.
I: Infer CARRY group, base inst: u_box_overlay_sync/N643.lt_0/gateop, insts:8.
I: Infer CARRY group, base inst: u_box_overlay_sync/N650_1.fsub_0/gateop, insts:16.
I: Infer CARRY group, base inst: u_box_overlay_sync/N677_1/gateop, insts:16.
I: Infer CARRY group, base inst: u_box_overlay_sync/N678.lt_0/gateop, insts:8.
I: Infer CARRY group, base inst: u_box_overlay_sync/N707.eq_0/gateop, insts:8.
I: Infer CARRY group, base inst: u_box_overlay_sync/N736_1/gateop, insts:16.
I: Infer CARRY group, base inst: u_box_overlay_sync/N737.lt_0/gateop, insts:8.
I: Infer CARRY group, base inst: u_box_overlay_sync/N833_1_1/gateop, insts:15.
I: Infer CARRY group, base inst: u_box_overlay_sync/N838_0/gateop, insts:17.
I: Infer CARRY group, base inst: u_box_overlay_sync/N844.lt_0/gateop, insts:8.
I: Infer CARRY group, base inst: u_box_overlay_sync/N864_1.fsub_1/gateop, insts:10.
I: Infer CARRY group, base inst: u_box_overlay_sync/N881_0/gateop, insts:17.
I: Infer CARRY group, base inst: u_box_overlay_sync/N887.lt_0/gateop, insts:8.
I: Infer CARRY group, base inst: u_box_overlay_sync/N918_1_0/gateop, insts:16.
I: Infer CARRY group, base inst: u_box_overlay_sync/N923_0/gateop, insts:17.
I: Infer CARRY group, base inst: u_box_overlay_sync/N929.lt_0/gateop, insts:8.
I: Infer CARRY group, base inst: u_box_overlay_sync/N1146_1/gateop, insts:24.
I: Infer CARRY group, base inst: u_box_overlay_sync/N1147_1/gateop, insts:24.
I: Infer CARRY group, base inst: u_box_overlay_sync/N1178_1.fsub_0/gateop, insts:11.
I: Infer CARRY group, base inst: u_box_overlay_sync/N1183_mux7_7/gateop, insts:2.
I: Infer CARRY group, base inst: u_box_overlay_sync/N1188_1.fsub_1/gateop, insts:12.
I: Infer CARRY group, base inst: u_box_overlay_sync/N1194_0/gateop, insts:17.
I: Infer CARRY group, base inst: u_box_overlay_sync/N1200.lt_0/gateop, insts:8.
I: Infer CARRY group, base inst: u_box_overlay_sync/N1207_1.fsub_1/gateop, insts:15.
I: Infer CARRY group, base inst: u_box_overlay_sync/N1322.eq_0/gateop, insts:8.
I: Infer CARRY group, base inst: u_box_overlay_sync/N1329_0/gateop, insts:17.
I: Infer CARRY group, base inst: u_box_overlay_sync/N1335.lt_0/gateop, insts:8.
I: Infer CARRY group, base inst: u_box_overlay_sync/N1342_1.fsub_0/gateop, insts:16.
I: Infer CARRY group, base inst: u_box_overlay_sync/N1369_1/gateop, insts:16.
I: Infer CARRY group, base inst: u_box_overlay_sync/N1370.lt_0/gateop, insts:8.
I: Infer CARRY group, base inst: u_box_overlay_sync/N1399.eq_0/gateop, insts:8.
I: Infer CARRY group, base inst: u_box_overlay_sync/N1428_1/gateop, insts:16.
I: Infer CARRY group, base inst: u_box_overlay_sync/N1429.lt_0/gateop, insts:8.
I: Infer CARRY group, base inst: u_box_overlay_sync/N1525_1_1/gateop, insts:15.
I: Infer CARRY group, base inst: u_box_overlay_sync/N1530_0/gateop, insts:17.
I: Infer CARRY group, base inst: u_box_overlay_sync/N1536.lt_0/gateop, insts:8.
I: Infer CARRY group, base inst: u_box_overlay_sync/N1556_1.fsub_1/gateop, insts:10.
I: Infer CARRY group, base inst: u_box_overlay_sync/N1573_0/gateop, insts:17.
I: Infer CARRY group, base inst: u_box_overlay_sync/N1579.lt_0/gateop, insts:8.
I: Infer CARRY group, base inst: u_box_overlay_sync/N1610_1_0/gateop, insts:16.
I: Infer CARRY group, base inst: u_box_overlay_sync/N1615_0/gateop, insts:17.
I: Infer CARRY group, base inst: u_box_overlay_sync/N1621.lt_0/gateop, insts:8.
I: Infer CARRY group, base inst: u_box_overlay_sync/N1838_1/gateop, insts:24.
I: Infer CARRY group, base inst: u_box_overlay_sync/N1839_1/gateop, insts:24.
I: Infer CARRY group, base inst: u_box_overlay_sync/N1870_1.fsub_0/gateop, insts:11.
I: Infer CARRY group, base inst: u_box_overlay_sync/N1875_mux7_7/gateop, insts:2.
I: Infer CARRY group, base inst: u_box_overlay_sync/N1880_1.fsub_1/gateop, insts:12.
I: Infer CARRY group, base inst: u_box_overlay_sync/N1886_0/gateop, insts:17.
I: Infer CARRY group, base inst: u_box_overlay_sync/N1892.lt_0/gateop, insts:8.
I: Infer CARRY group, base inst: u_box_overlay_sync/N1899_1.fsub_1/gateop, insts:15.
I: Infer CARRY group, base inst: u_box_overlay_sync/N2014.eq_0/gateop, insts:8.
I: Infer CARRY group, base inst: u_box_overlay_sync/N2021_0/gateop, insts:17.
I: Infer CARRY group, base inst: u_box_overlay_sync/N2027.lt_0/gateop, insts:8.
I: Infer CARRY group, base inst: u_box_overlay_sync/N2034_1.fsub_0/gateop, insts:16.
I: Infer CARRY group, base inst: u_box_overlay_sync/N2061_1/gateop, insts:16.
I: Infer CARRY group, base inst: u_box_overlay_sync/N2062.lt_0/gateop, insts:8.
I: Infer CARRY group, base inst: u_box_overlay_sync/N2091.eq_0/gateop, insts:8.
I: Infer CARRY group, base inst: u_box_overlay_sync/N2120_1/gateop, insts:16.
I: Infer CARRY group, base inst: u_box_overlay_sync/N2121.lt_0/gateop, insts:8.
I: Infer CARRY group, base inst: u_box_overlay_sync/N2217_1_1/gateop, insts:15.
I: Infer CARRY group, base inst: u_box_overlay_sync/N2222_0/gateop, insts:17.
I: Infer CARRY group, base inst: u_box_overlay_sync/N2228.lt_0/gateop, insts:8.
I: Infer CARRY group, base inst: u_box_overlay_sync/N2248_1.fsub_1/gateop, insts:10.
I: Infer CARRY group, base inst: u_box_overlay_sync/N2265_0/gateop, insts:17.
I: Infer CARRY group, base inst: u_box_overlay_sync/N2271.lt_0/gateop, insts:8.
I: Infer CARRY group, base inst: u_box_overlay_sync/N2302_1_0/gateop, insts:16.
I: Infer CARRY group, base inst: u_box_overlay_sync/N2307_0/gateop, insts:17.
I: Infer CARRY group, base inst: u_box_overlay_sync/N2313.lt_0/gateop, insts:8.
I: Infer CARRY group, base inst: u_box_overlay_sync/N2530_1/gateop, insts:24.
I: Infer CARRY group, base inst: u_box_overlay_sync/N2531_1/gateop, insts:24.
I: Infer CARRY group, base inst: u_box_overlay_sync/N2562_1.fsub_0/gateop, insts:11.
I: Infer CARRY group, base inst: u_box_overlay_sync/N2572_1.fsub_1/gateop, insts:12.
I: Infer CARRY group, base inst: u_box_overlay_sync/N2578_0/gateop, insts:17.
I: Infer CARRY group, base inst: u_box_overlay_sync/N2584.lt_0/gateop, insts:8.
I: Infer CARRY group, base inst: u_box_overlay_sync/N2591_1.fsub_1/gateop, insts:15.
I: Infer CARRY group, base inst: u_box_overlay_sync/N2706.eq_0/gateop, insts:8.
I: Infer CARRY group, base inst: u_box_overlay_sync/N2713_0/gateop, insts:17.
I: Infer CARRY group, base inst: u_box_overlay_sync/N2719.lt_0/gateop, insts:8.
I: Infer CARRY group, base inst: u_box_overlay_sync/N2726_1.fsub_0/gateop, insts:16.
I: Infer CARRY group, base inst: u_box_overlay_sync/N2753_1/gateop, insts:16.
I: Infer CARRY group, base inst: u_box_overlay_sync/N2754.lt_0/gateop, insts:8.
I: Infer CARRY group, base inst: u_box_overlay_sync/N2783.eq_0/gateop, insts:8.
I: Infer CARRY group, base inst: u_box_overlay_sync/N2812_1/gateop, insts:16.
I: Infer CARRY group, base inst: u_box_overlay_sync/N2813.lt_0/gateop, insts:8.
I: Infer CARRY group, base inst: u_box_overlay_sync/N2909_1_1/gateop, insts:15.
I: Infer CARRY group, base inst: u_box_overlay_sync/N2914_0/gateop, insts:17.
I: Infer CARRY group, base inst: u_box_overlay_sync/N2920.lt_0/gateop, insts:8.
I: Infer CARRY group, base inst: u_box_overlay_sync/N2940_1.fsub_1/gateop, insts:10.
I: Infer CARRY group, base inst: u_box_overlay_sync/N2957_0/gateop, insts:17.
I: Infer CARRY group, base inst: u_box_overlay_sync/N2963.lt_0/gateop, insts:8.
I: Infer CARRY group, base inst: u_box_overlay_sync/N2994_1_0/gateop, insts:16.
I: Infer CARRY group, base inst: u_box_overlay_sync/N2999_0/gateop, insts:17.
I: Infer CARRY group, base inst: u_box_overlay_sync/N3005.lt_0/gateop, insts:8.
I: Infer CARRY group, base inst: u_box_overlay_sync/N3222_1/gateop, insts:24.
I: Infer CARRY group, base inst: u_box_overlay_sync/N3223_1/gateop, insts:24.
I: Infer CARRY group, base inst: u_box_overlay_sync/N3254_1.fsub_0/gateop, insts:11.
I: Infer CARRY group, base inst: u_box_overlay_sync/N3259_mux7_7/gateop, insts:2.
I: Infer CARRY group, base inst: u_box_overlay_sync/N3264_1.fsub_1/gateop, insts:12.
I: Infer CARRY group, base inst: u_box_overlay_sync/N3270_0/gateop, insts:17.
I: Infer CARRY group, base inst: u_box_overlay_sync/N3276.lt_0/gateop, insts:8.
I: Infer CARRY group, base inst: u_box_overlay_sync/N3283_1.fsub_1/gateop, insts:15.
I: Infer CARRY group, base inst: u_box_overlay_sync/N3398.eq_0/gateop, insts:8.
I: Infer CARRY group, base inst: u_box_overlay_sync/N3405_0/gateop, insts:17.
I: Infer CARRY group, base inst: u_box_overlay_sync/N3411.lt_0/gateop, insts:8.
I: Infer CARRY group, base inst: u_box_overlay_sync/N3418_1.fsub_0/gateop, insts:16.
I: Infer CARRY group, base inst: u_box_overlay_sync/N3445_1/gateop, insts:16.
I: Infer CARRY group, base inst: u_box_overlay_sync/N3446.lt_0/gateop, insts:8.
I: Infer CARRY group, base inst: u_box_overlay_sync/N3475.eq_0/gateop, insts:8.
I: Infer CARRY group, base inst: u_box_overlay_sync/N3504_1/gateop, insts:16.
I: Infer CARRY group, base inst: u_box_overlay_sync/N3505.lt_0/gateop, insts:8.
I: Infer CARRY group, base inst: u_box_overlay_sync/N3601_1_1/gateop, insts:15.
I: Infer CARRY group, base inst: u_box_overlay_sync/N3606_0/gateop, insts:17.
I: Infer CARRY group, base inst: u_box_overlay_sync/N3612.lt_0/gateop, insts:8.
I: Infer CARRY group, base inst: u_box_overlay_sync/N3632_1.fsub_1/gateop, insts:10.
I: Infer CARRY group, base inst: u_box_overlay_sync/N3649_0/gateop, insts:17.
I: Infer CARRY group, base inst: u_box_overlay_sync/N3655.lt_0/gateop, insts:8.
I: Infer CARRY group, base inst: u_box_overlay_sync/N3686_1_0/gateop, insts:16.
I: Infer CARRY group, base inst: u_box_overlay_sync/N3691_0/gateop, insts:17.
I: Infer CARRY group, base inst: u_box_overlay_sync/N3697.lt_0/gateop, insts:8.
I: Infer CARRY group, base inst: u_box_overlay_sync/N3914_1/gateop, insts:24.
I: Infer CARRY group, base inst: u_box_overlay_sync/N3915_1/gateop, insts:24.
I: Infer CARRY group, base inst: u_box_overlay_sync/N3946_1.fsub_0/gateop, insts:11.
I: Infer CARRY group, base inst: u_box_overlay_sync/N3956_1.fsub_1/gateop, insts:12.
I: Infer CARRY group, base inst: u_box_overlay_sync/N3962_0/gateop, insts:17.
I: Infer CARRY group, base inst: u_box_overlay_sync/N3968.lt_0/gateop, insts:8.
I: Infer CARRY group, base inst: u_box_overlay_sync/N3975_1.fsub_1/gateop, insts:15.
I: Infer CARRY group, base inst: u_box_overlay_sync/N4090.eq_0/gateop, insts:8.
I: Infer CARRY group, base inst: u_box_overlay_sync/N4097_0/gateop, insts:17.
I: Infer CARRY group, base inst: u_box_overlay_sync/N4103.lt_0/gateop, insts:8.
I: Infer CARRY group, base inst: u_box_overlay_sync/N4110_1.fsub_0/gateop, insts:16.
I: Infer CARRY group, base inst: u_box_overlay_sync/N4137_1/gateop, insts:16.
I: Infer CARRY group, base inst: u_box_overlay_sync/N4138.lt_0/gateop, insts:8.
I: Infer CARRY group, base inst: u_box_overlay_sync/N4167.eq_0/gateop, insts:8.
I: Infer CARRY group, base inst: u_box_overlay_sync/N4196_1/gateop, insts:16.
I: Infer CARRY group, base inst: u_box_overlay_sync/N4197.lt_0/gateop, insts:8.
I: Infer CARRY group, base inst: u_box_overlay_sync/N4293_1_1/gateop, insts:15.
I: Infer CARRY group, base inst: u_box_overlay_sync/N4298_0/gateop, insts:17.
I: Infer CARRY group, base inst: u_box_overlay_sync/N4304.lt_0/gateop, insts:8.
I: Infer CARRY group, base inst: u_box_overlay_sync/N4324_1.fsub_1/gateop, insts:10.
I: Infer CARRY group, base inst: u_box_overlay_sync/N4341_0/gateop, insts:17.
I: Infer CARRY group, base inst: u_box_overlay_sync/N4347.lt_0/gateop, insts:8.
I: Infer CARRY group, base inst: u_box_overlay_sync/N4378_1_0/gateop, insts:16.
I: Infer CARRY group, base inst: u_box_overlay_sync/N4383_0/gateop, insts:17.
I: Infer CARRY group, base inst: u_box_overlay_sync/N4389.lt_0/gateop, insts:8.
I: Infer CARRY group, base inst: u_box_overlay_sync/N4606_1/gateop, insts:24.
I: Infer CARRY group, base inst: u_box_overlay_sync/N4607_1/gateop, insts:24.
I: Infer CARRY group, base inst: u_box_overlay_sync/N4638_1.fsub_0/gateop, insts:11.
I: Infer CARRY group, base inst: u_box_overlay_sync/N4643_mux7_7/gateop, insts:3.
I: Infer CARRY group, base inst: u_box_overlay_sync/N4648_1.fsub_1/gateop, insts:12.
I: Infer CARRY group, base inst: u_box_overlay_sync/N4654_0/gateop, insts:17.
I: Infer CARRY group, base inst: u_box_overlay_sync/N4660.lt_0/gateop, insts:8.
I: Infer CARRY group, base inst: u_box_overlay_sync/N4667_1.fsub_1/gateop, insts:15.
I: Infer CARRY group, base inst: u_box_overlay_sync/N4782.eq_0/gateop, insts:8.
I: Infer CARRY group, base inst: u_box_overlay_sync/N4789_0/gateop, insts:17.
I: Infer CARRY group, base inst: u_box_overlay_sync/N4795.lt_0/gateop, insts:8.
I: Infer CARRY group, base inst: u_box_overlay_sync/N4802_1.fsub_0/gateop, insts:16.
I: Infer CARRY group, base inst: u_box_overlay_sync/N4829_1/gateop, insts:16.
I: Infer CARRY group, base inst: u_box_overlay_sync/N4830.lt_0/gateop, insts:8.
I: Infer CARRY group, base inst: u_box_overlay_sync/N4859.eq_0/gateop, insts:8.
I: Infer CARRY group, base inst: u_box_overlay_sync/N4888_1/gateop, insts:16.
I: Infer CARRY group, base inst: u_box_overlay_sync/N4889.lt_0/gateop, insts:8.
I: Infer CARRY group, base inst: u_box_overlay_sync/N4985_1_1/gateop, insts:15.
I: Infer CARRY group, base inst: u_box_overlay_sync/N4990_0/gateop, insts:17.
I: Infer CARRY group, base inst: u_box_overlay_sync/N4996.lt_0/gateop, insts:8.
I: Infer CARRY group, base inst: u_box_overlay_sync/N5016_1.fsub_1/gateop, insts:10.
I: Infer CARRY group, base inst: u_box_overlay_sync/N5033_0/gateop, insts:17.
I: Infer CARRY group, base inst: u_box_overlay_sync/N5039.lt_0/gateop, insts:8.
I: Infer CARRY group, base inst: u_box_overlay_sync/N5070_1_0/gateop, insts:16.
I: Infer CARRY group, base inst: u_box_overlay_sync/N5075_0/gateop, insts:17.
I: Infer CARRY group, base inst: u_box_overlay_sync/N5081.lt_0/gateop, insts:8.
I: Infer CARRY group, base inst: u_box_overlay_sync/N5298_1/gateop, insts:24.
I: Infer CARRY group, base inst: u_box_overlay_sync/N5299_1/gateop, insts:24.
I: Infer CARRY group, base inst: u_box_overlay_sync/N5330_1.fsub_0/gateop, insts:11.
I: Infer CARRY group, base inst: u_box_overlay_sync/N5340_1.fsub_1/gateop, insts:12.
I: Infer CARRY group, base inst: u_box_overlay_sync/N5346_0/gateop, insts:17.
I: Infer CARRY group, base inst: u_box_overlay_sync/N5352.lt_0/gateop, insts:8.
I: Infer CARRY group, base inst: u_box_overlay_sync/N5359_1.fsub_1/gateop, insts:15.
I: Infer CARRY group, base inst: u_box_overlay_sync/N5474.eq_0/gateop, insts:8.
I: Infer CARRY group, base inst: u_box_overlay_sync/N5481_0/gateop, insts:17.
I: Infer CARRY group, base inst: u_box_overlay_sync/N5487.lt_0/gateop, insts:8.
I: Infer CARRY group, base inst: u_box_overlay_sync/N5494_1.fsub_0/gateop, insts:16.
I: Infer CARRY group, base inst: u_box_overlay_sync/N5521_1/gateop, insts:16.
I: Infer CARRY group, base inst: u_box_overlay_sync/N5522.lt_0/gateop, insts:8.
I: Infer CARRY group, base inst: u_box_overlay_sync/N5551.eq_0/gateop, insts:8.
I: Infer CARRY group, base inst: u_box_overlay_sync/N5580_1/gateop, insts:16.
I: Infer CARRY group, base inst: u_box_overlay_sync/N5581.lt_0/gateop, insts:8.
I: Infer CARRY group, base inst: u_box_overlay_sync/N5677_1_1/gateop, insts:15.
I: Infer CARRY group, base inst: u_box_overlay_sync/N5682_0/gateop, insts:17.
I: Infer CARRY group, base inst: u_box_overlay_sync/N5688.lt_0/gateop, insts:8.
I: Infer CARRY group, base inst: u_box_overlay_sync/N5708_1.fsub_1/gateop, insts:10.
I: Infer CARRY group, base inst: u_box_overlay_sync/N5725_0/gateop, insts:17.
I: Infer CARRY group, base inst: u_box_overlay_sync/N5731.lt_0/gateop, insts:8.
I: Infer CARRY group, base inst: u_box_overlay_sync/N5762_1_0/gateop, insts:16.
I: Infer CARRY group, base inst: u_box_overlay_sync/N5767_0/gateop, insts:17.
I: Infer CARRY group, base inst: u_box_overlay_sync/N5773.lt_0/gateop, insts:8.
I: Infer CARRY group, base inst: u_box_overlay_sync/N5974.slt_0/gateop, insts:8.
I: Infer CARRY group, base inst: u_box_overlay_sync/N5977.slt_0/gateop, insts:8.
I: Infer CARRY group, base inst: u_box_overlay_sync/N5982_1.fsub_1/gateop, insts:16.
I: Infer CARRY group, base inst: u_box_overlay_sync/N5984.slt_0/gateop, insts:9.
I: Infer CARRY group, base inst: u_box_overlay_sync/N5991.slt_0/gateop, insts:9.
I: Infer CARRY group, base inst: u_box_overlay_sync/N6003_1_1/gateop, insts:14.
I: Infer CARRY group, base inst: u_box_overlay_sync/N6004.slt_0/gateop, insts:9.
I: Infer CARRY group, base inst: u_box_overlay_sync/N6008_1.fsub_1/gateop, insts:14.
I: Infer CARRY group, base inst: u_box_overlay_sync/N6009.slt_0/gateop, insts:9.
I: Infer CARRY group, base inst: u_box_overlay_sync/N6016_1_1/gateop, insts:14.
I: Infer CARRY group, base inst: u_box_overlay_sync/N6017.slt_0/gateop, insts:9.
I: Infer CARRY group, base inst: u_box_overlay_sync/N6024_1.fsub_1/gateop, insts:14.
I: Infer CARRY group, base inst: u_box_overlay_sync/N6025.slt_0/gateop, insts:9.
I: Infer CARRY group, base inst: u_box_overlay_sync/N6041.slt_0/gateop, insts:8.
I: Infer CARRY group, base inst: u_box_overlay_sync/N6044.slt_0/gateop, insts:8.
I: Infer CARRY group, base inst: u_box_overlay_sync/N6051.slt_0/gateop, insts:9.
I: Infer CARRY group, base inst: u_box_overlay_sync/N6058.slt_0/gateop, insts:9.
I: Infer CARRY group, base inst: u_box_overlay_sync/N6070_1_1/gateop, insts:14.
I: Infer CARRY group, base inst: u_box_overlay_sync/N6071.slt_0/gateop, insts:9.
I: Infer CARRY group, base inst: u_box_overlay_sync/N6075_1.fsub_1/gateop, insts:14.
I: Infer CARRY group, base inst: u_box_overlay_sync/N6076.slt_0/gateop, insts:9.
I: Infer CARRY group, base inst: u_box_overlay_sync/N6083_1_1/gateop, insts:14.
I: Infer CARRY group, base inst: u_box_overlay_sync/N6084.slt_0/gateop, insts:9.
I: Infer CARRY group, base inst: u_box_overlay_sync/N6091_1.fsub_1/gateop, insts:14.
I: Infer CARRY group, base inst: u_box_overlay_sync/N6092.slt_0/gateop, insts:9.
I: Infer CARRY group, base inst: u_box_overlay_sync/N6108.slt_0/gateop, insts:8.
I: Infer CARRY group, base inst: u_box_overlay_sync/N6111.slt_0/gateop, insts:8.
I: Infer CARRY group, base inst: u_box_overlay_sync/N6118.slt_0/gateop, insts:9.
I: Infer CARRY group, base inst: u_box_overlay_sync/N6125.slt_0/gateop, insts:9.
I: Infer CARRY group, base inst: u_box_overlay_sync/N6137_1_1/gateop, insts:14.
I: Infer CARRY group, base inst: u_box_overlay_sync/N6138.slt_0/gateop, insts:9.
I: Infer CARRY group, base inst: u_box_overlay_sync/N6142_1.fsub_1/gateop, insts:14.
I: Infer CARRY group, base inst: u_box_overlay_sync/N6143.slt_0/gateop, insts:9.
I: Infer CARRY group, base inst: u_box_overlay_sync/N6150_1_1/gateop, insts:14.
I: Infer CARRY group, base inst: u_box_overlay_sync/N6151.slt_0/gateop, insts:9.
I: Infer CARRY group, base inst: u_box_overlay_sync/N6158_1.fsub_1/gateop, insts:14.
I: Infer CARRY group, base inst: u_box_overlay_sync/N6159.slt_0/gateop, insts:9.
I: Infer CARRY group, base inst: u_box_overlay_sync/N6175.slt_0/gateop, insts:8.
I: Infer CARRY group, base inst: u_box_overlay_sync/N6178.slt_0/gateop, insts:8.
I: Infer CARRY group, base inst: u_box_overlay_sync/N6185.slt_0/gateop, insts:9.
I: Infer CARRY group, base inst: u_box_overlay_sync/N6192.slt_0/gateop, insts:9.
I: Infer CARRY group, base inst: u_box_overlay_sync/N6204_1_1/gateop, insts:14.
I: Infer CARRY group, base inst: u_box_overlay_sync/N6205.slt_0/gateop, insts:9.
I: Infer CARRY group, base inst: u_box_overlay_sync/N6209_1.fsub_1/gateop, insts:14.
I: Infer CARRY group, base inst: u_box_overlay_sync/N6210.slt_0/gateop, insts:9.
I: Infer CARRY group, base inst: u_box_overlay_sync/N6217_1_1/gateop, insts:14.
I: Infer CARRY group, base inst: u_box_overlay_sync/N6218.slt_0/gateop, insts:9.
I: Infer CARRY group, base inst: u_box_overlay_sync/N6225_1.fsub_1/gateop, insts:14.
I: Infer CARRY group, base inst: u_box_overlay_sync/N6226.slt_0/gateop, insts:9.
I: Infer CARRY group, base inst: u_box_overlay_sync/N6242.slt_0/gateop, insts:8.
I: Infer CARRY group, base inst: u_box_overlay_sync/N6245.slt_0/gateop, insts:8.
I: Infer CARRY group, base inst: u_box_overlay_sync/N6252.slt_0/gateop, insts:9.
I: Infer CARRY group, base inst: u_box_overlay_sync/N6259.slt_0/gateop, insts:9.
I: Infer CARRY group, base inst: u_box_overlay_sync/N6271_1_1/gateop, insts:14.
I: Infer CARRY group, base inst: u_box_overlay_sync/N6272.slt_0/gateop, insts:9.
I: Infer CARRY group, base inst: u_box_overlay_sync/N6276_1.fsub_1/gateop, insts:14.
I: Infer CARRY group, base inst: u_box_overlay_sync/N6277.slt_0/gateop, insts:9.
I: Infer CARRY group, base inst: u_box_overlay_sync/N6284_1_1/gateop, insts:14.
I: Infer CARRY group, base inst: u_box_overlay_sync/N6285.slt_0/gateop, insts:9.
I: Infer CARRY group, base inst: u_box_overlay_sync/N6292_1.fsub_1/gateop, insts:14.
I: Infer CARRY group, base inst: u_box_overlay_sync/N6293.slt_0/gateop, insts:9.
I: Infer CARRY group, base inst: u_box_overlay_sync/N6309.slt_0/gateop, insts:8.
I: Infer CARRY group, base inst: u_box_overlay_sync/N6312.slt_0/gateop, insts:8.
I: Infer CARRY group, base inst: u_box_overlay_sync/N6319.slt_0/gateop, insts:9.
I: Infer CARRY group, base inst: u_box_overlay_sync/N6326.slt_0/gateop, insts:9.
I: Infer CARRY group, base inst: u_box_overlay_sync/N6338_1_1/gateop, insts:14.
I: Infer CARRY group, base inst: u_box_overlay_sync/N6339.slt_0/gateop, insts:9.
I: Infer CARRY group, base inst: u_box_overlay_sync/N6343_1.fsub_1/gateop, insts:14.
I: Infer CARRY group, base inst: u_box_overlay_sync/N6344.slt_0/gateop, insts:9.
I: Infer CARRY group, base inst: u_box_overlay_sync/N6351_1_1/gateop, insts:14.
I: Infer CARRY group, base inst: u_box_overlay_sync/N6352.slt_0/gateop, insts:9.
I: Infer CARRY group, base inst: u_box_overlay_sync/N6359_1.fsub_1/gateop, insts:14.
I: Infer CARRY group, base inst: u_box_overlay_sync/N6360.slt_0/gateop, insts:9.
I: Infer CARRY group, base inst: u_box_overlay_sync/N6376.slt_0/gateop, insts:8.
I: Infer CARRY group, base inst: u_box_overlay_sync/N6379.slt_0/gateop, insts:8.
I: Infer CARRY group, base inst: u_box_overlay_sync/N6386.slt_0/gateop, insts:9.
I: Infer CARRY group, base inst: u_box_overlay_sync/N6393.slt_0/gateop, insts:9.
I: Infer CARRY group, base inst: u_box_overlay_sync/N6405_1_1/gateop, insts:14.
I: Infer CARRY group, base inst: u_box_overlay_sync/N6406.slt_0/gateop, insts:9.
I: Infer CARRY group, base inst: u_box_overlay_sync/N6410_1.fsub_1/gateop, insts:14.
I: Infer CARRY group, base inst: u_box_overlay_sync/N6411.slt_0/gateop, insts:9.
I: Infer CARRY group, base inst: u_box_overlay_sync/N6418_1_1/gateop, insts:14.
I: Infer CARRY group, base inst: u_box_overlay_sync/N6419.slt_0/gateop, insts:9.
I: Infer CARRY group, base inst: u_box_overlay_sync/N6426_1.fsub_1/gateop, insts:14.
I: Infer CARRY group, base inst: u_box_overlay_sync/N6427.slt_0/gateop, insts:9.
I: Infer CARRY group, base inst: u_box_overlay_sync/N6443.slt_0/gateop, insts:8.
I: Infer CARRY group, base inst: u_box_overlay_sync/N6446.slt_0/gateop, insts:8.
I: Infer CARRY group, base inst: u_box_overlay_sync/N6453.slt_0/gateop, insts:9.
I: Infer CARRY group, base inst: u_box_overlay_sync/N6460.slt_0/gateop, insts:9.
I: Infer CARRY group, base inst: u_box_overlay_sync/N6472_1_1/gateop, insts:14.
I: Infer CARRY group, base inst: u_box_overlay_sync/N6473.slt_0/gateop, insts:9.
I: Infer CARRY group, base inst: u_box_overlay_sync/N6477_1.fsub_1/gateop, insts:14.
I: Infer CARRY group, base inst: u_box_overlay_sync/N6478.slt_0/gateop, insts:9.
I: Infer CARRY group, base inst: u_box_overlay_sync/N6485_1_1/gateop, insts:14.
I: Infer CARRY group, base inst: u_box_overlay_sync/N6486.slt_0/gateop, insts:9.
I: Infer CARRY group, base inst: u_box_overlay_sync/N6493_1.fsub_1/gateop, insts:14.
I: Infer CARRY group, base inst: u_box_overlay_sync/N6494.slt_0/gateop, insts:9.
I: Infer CARRY group, base inst: u_box_overlay_sync/N6639_16/gateop, insts:2.
I: Infer CARRY group, base inst: u_box_overlay_sync/N6713_3/gateop, insts:2.
I: Infer CARRY group, base inst: u_box_overlay_sync/N6713_5/gateop, insts:2.
I: Infer CARRY group, base inst: u_box_overlay_sync/N6713_7/gateop, insts:2.
I: Infer CARRY group, base inst: u_box_overlay_sync/N6713_9/gateop, insts:2.
I: Infer CARRY group, base inst: u_box_overlay_sync/N6787_3/gateop, insts:2.
I: Infer CARRY group, base inst: u_box_overlay_sync/N6787_5/gateop, insts:2.
I: Infer CARRY group, base inst: u_box_overlay_sync/N6787_7/gateop, insts:2.
I: Infer CARRY group, base inst: u_box_overlay_sync/N6787_9/gateop, insts:2.
I: Infer CARRY group, base inst: u_box_overlay_sync/N6861_3/gateop, insts:2.
I: Infer CARRY group, base inst: u_box_overlay_sync/N6861_5/gateop, insts:2.
I: Infer CARRY group, base inst: u_box_overlay_sync/N6861_7/gateop, insts:2.
I: Infer CARRY group, base inst: u_box_overlay_sync/N6861_9/gateop, insts:2.
I: Infer CARRY group, base inst: u_box_overlay_sync/N6861_16/gateop, insts:2.
I: Infer CARRY group, base inst: u_box_overlay_sync/N6935_16/gateop, insts:2.
I: Infer CARRY group, base inst: u_box_overlay_sync/N7009_3/gateop, insts:2.
I: Infer CARRY group, base inst: u_box_overlay_sync/N7009_5/gateop, insts:2.
I: Infer CARRY group, base inst: u_box_overlay_sync/N7009_7/gateop, insts:2.
I: Infer CARRY group, base inst: u_box_overlay_sync/N7009_9/gateop, insts:2.
I: Infer CARRY group, base inst: u_box_overlay_sync/N7009_16/gateop, insts:2.
I: Infer CARRY group, base inst: u_box_overlay_sync/N7157_3/gateop, insts:2.
I: Infer CARRY group, base inst: u_box_overlay_sync/N7157_5/gateop, insts:2.
I: Infer CARRY group, base inst: u_box_overlay_sync/N7157_7/gateop, insts:2.
I: Infer CARRY group, base inst: u_box_overlay_sync/N7157_9/gateop, insts:2.
I: Infer CARRY group, base inst: u_char_overlay/N82_1_1/gateop, insts:11.
I: Infer CARRY group, base inst: u_char_overlay/N92_1/gateop, insts:16.
I: Infer CARRY group, base inst: u_char_overlay/N97_1.fsub_1/gateop, insts:11.
I: Infer CARRY group, base inst: u_char_overlay/N118_1_1/gateop, insts:15.
I: Infer CARRY group, base inst: u_char_overlay/N122_1_1/gateop, insts:15.
I: Infer CARRY group, base inst: u_char_overlay/N154_1_1/gateop, insts:16.
I: Infer CARRY group, base inst: u_char_overlay/N155.eq_0/gateop, insts:8.
I: Infer CARRY group, base inst: u_char_overlay/N172_1_1/gateop, insts:16.
I: Infer CARRY group, base inst: u_char_overlay/N173.eq_0/gateop, insts:8.
I: Infer CARRY group, base inst: u_char_overlay/N190_1_1/gateop, insts:16.
I: Infer CARRY group, base inst: u_char_overlay/N191.eq_0/gateop, insts:8.
I: Infer CARRY group, base inst: u_char_overlay/N208_1_1/gateop, insts:16.
I: Infer CARRY group, base inst: u_char_overlay/N209.eq_0/gateop, insts:8.
I: Infer CARRY group, base inst: u_char_overlay/N226_1_1/gateop, insts:16.
I: Infer CARRY group, base inst: u_char_overlay/N227.eq_0/gateop, insts:8.
I: Infer CARRY group, base inst: u_char_overlay/N244_1_1/gateop, insts:16.
I: Infer CARRY group, base inst: u_char_overlay/N245.eq_0/gateop, insts:8.
I: Infer CARRY group, base inst: u_char_overlay/N262_1_1/gateop, insts:16.
I: Infer CARRY group, base inst: u_char_overlay/N263.eq_0/gateop, insts:8.
I: Infer CARRY group, base inst: u_char_overlay/N280_1_1/gateop, insts:16.
I: Infer CARRY group, base inst: u_char_overlay/N281.eq_0/gateop, insts:8.
I: Infer CARRY group, base inst: u_char_overlay/N298_1_1/gateop, insts:16.
I: Infer CARRY group, base inst: u_char_overlay/N299.eq_0/gateop, insts:8.
I: Infer CARRY group, base inst: u_char_overlay/N316_1_1/gateop, insts:16.
I: Infer CARRY group, base inst: u_char_overlay/N317.eq_0/gateop, insts:8.
I: Infer CARRY group, base inst: u_char_overlay/N334_1_1/gateop, insts:16.
I: Infer CARRY group, base inst: u_char_overlay/N335.eq_0/gateop, insts:8.
I: Infer CARRY group, base inst: u_char_overlay/N352_1_1/gateop, insts:16.
I: Infer CARRY group, base inst: u_char_overlay/N353.eq_0/gateop, insts:8.
I: Infer CARRY group, base inst: u_char_overlay/N370_1_1/gateop, insts:16.
I: Infer CARRY group, base inst: u_char_overlay/N371.eq_0/gateop, insts:8.
I: Infer CARRY group, base inst: u_char_overlay/N388_1_1/gateop, insts:16.
I: Infer CARRY group, base inst: u_char_overlay/N389.eq_0/gateop, insts:8.
I: Infer CARRY group, base inst: u_char_overlay/N406_1_1/gateop, insts:16.
I: Infer CARRY group, base inst: u_char_overlay/N407.eq_0/gateop, insts:8.
I: Infer CARRY group, base inst: u_char_overlay/N424_1_1/gateop, insts:16.
I: Infer CARRY group, base inst: u_char_overlay/N425.eq_0/gateop, insts:8.
I: Infer CARRY group, base inst: u_char_overlay/N442_1_1/gateop, insts:16.
I: Infer CARRY group, base inst: u_char_overlay/N443.eq_0/gateop, insts:8.
I: Infer CARRY group, base inst: u_char_overlay/N460_1_1/gateop, insts:16.
I: Infer CARRY group, base inst: u_char_overlay/N461.eq_0/gateop, insts:8.
I: Infer CARRY group, base inst: u_char_overlay/N478_1_1/gateop, insts:16.
I: Infer CARRY group, base inst: u_char_overlay/N479.eq_0/gateop, insts:8.
I: Infer CARRY group, base inst: u_char_overlay/N496_1_1/gateop, insts:16.
I: Infer CARRY group, base inst: u_char_overlay/N497.eq_0/gateop, insts:8.
I: Infer CARRY group, base inst: u_char_overlay/N514_1_1/gateop, insts:16.
I: Infer CARRY group, base inst: u_char_overlay/N515.eq_0/gateop, insts:8.
I: Infer CARRY group, base inst: u_char_overlay/N532_1_1/gateop, insts:16.
I: Infer CARRY group, base inst: u_char_overlay/N533.eq_0/gateop, insts:8.
I: Infer CARRY group, base inst: u_char_overlay/N550_1_1/gateop, insts:16.
I: Infer CARRY group, base inst: u_char_overlay/N551.eq_0/gateop, insts:8.
I: Infer CARRY group, base inst: u_char_overlay/N568_1_1/gateop, insts:16.
I: Infer CARRY group, base inst: u_char_overlay/N569.eq_0/gateop, insts:8.
I: Infer CARRY group, base inst: u_char_overlay/N586_1_1/gateop, insts:16.
I: Infer CARRY group, base inst: u_char_overlay/N587.eq_0/gateop, insts:8.
I: Infer CARRY group, base inst: u_char_overlay/N604_1_1/gateop, insts:16.
I: Infer CARRY group, base inst: u_char_overlay/N605.eq_0/gateop, insts:8.
I: Infer CARRY group, base inst: u_char_overlay/N622_1_1/gateop, insts:16.
I: Infer CARRY group, base inst: u_char_overlay/N623.eq_0/gateop, insts:8.
I: Infer CARRY group, base inst: u_char_overlay/N640_1_1/gateop, insts:16.
I: Infer CARRY group, base inst: u_char_overlay/N641.eq_0/gateop, insts:8.
I: Infer CARRY group, base inst: u_char_overlay/N658_1_1/gateop, insts:16.
I: Infer CARRY group, base inst: u_char_overlay/N659.eq_0/gateop, insts:8.
I: Infer CARRY group, base inst: u_char_overlay/N676_1_1/gateop, insts:16.
I: Infer CARRY group, base inst: u_char_overlay/N677.eq_0/gateop, insts:8.
I: Infer CARRY group, base inst: u_char_overlay/N694_1_1/gateop, insts:16.
I: Infer CARRY group, base inst: u_char_overlay/N695.eq_0/gateop, insts:8.
I: Infer CARRY group, base inst: u_char_overlay/N712_1_1/gateop, insts:16.
I: Infer CARRY group, base inst: u_char_overlay/N713.eq_0/gateop, insts:8.
I: Infer CARRY group, base inst: u_char_overlay/N730_1_1/gateop, insts:16.
I: Infer CARRY group, base inst: u_char_overlay/N731.eq_0/gateop, insts:8.
I: Infer CARRY group, base inst: u_char_overlay/N748_1_1/gateop, insts:16.
I: Infer CARRY group, base inst: u_char_overlay/N749.eq_0/gateop, insts:8.
I: Infer CARRY group, base inst: u_char_overlay/N766_1_1/gateop, insts:16.
I: Infer CARRY group, base inst: u_char_overlay/N767.eq_0/gateop, insts:8.
I: Infer CARRY group, base inst: u_char_overlay/N784_1_1/gateop, insts:16.
I: Infer CARRY group, base inst: u_char_overlay/N785.eq_0/gateop, insts:8.
I: Infer CARRY group, base inst: u_char_overlay/N802_1_1/gateop, insts:16.
I: Infer CARRY group, base inst: u_char_overlay/N803.eq_0/gateop, insts:8.
I: Infer CARRY group, base inst: u_char_overlay/N820_1_1/gateop, insts:16.
I: Infer CARRY group, base inst: u_char_overlay/N821.eq_0/gateop, insts:8.
I: Infer CARRY group, base inst: u_char_overlay/N838_1_1/gateop, insts:16.
I: Infer CARRY group, base inst: u_char_overlay/N839.eq_0/gateop, insts:8.
I: Infer CARRY group, base inst: u_char_overlay/N856_1_1/gateop, insts:16.
I: Infer CARRY group, base inst: u_char_overlay/N857.eq_0/gateop, insts:8.
I: Infer CARRY group, base inst: u_char_overlay/N874_1_1/gateop, insts:16.
I: Infer CARRY group, base inst: u_char_overlay/N875.eq_0/gateop, insts:8.
I: Infer CARRY group, base inst: u_char_overlay/N892_1_1/gateop, insts:16.
I: Infer CARRY group, base inst: u_char_overlay/N893.eq_0/gateop, insts:8.
I: Infer CARRY group, base inst: u_char_overlay/N910_1_1/gateop, insts:16.
I: Infer CARRY group, base inst: u_char_overlay/N911.eq_0/gateop, insts:8.
I: Infer CARRY group, base inst: u_char_overlay/N928_1_1/gateop, insts:16.
I: Infer CARRY group, base inst: u_char_overlay/N929.eq_0/gateop, insts:8.
I: Infer CARRY group, base inst: u_char_overlay/N946_1_1/gateop, insts:16.
I: Infer CARRY group, base inst: u_char_overlay/N947.eq_0/gateop, insts:8.
I: Infer CARRY group, base inst: u_char_overlay/N964_1_1/gateop, insts:16.
I: Infer CARRY group, base inst: u_char_overlay/N965.eq_0/gateop, insts:8.
I: Infer CARRY group, base inst: u_char_overlay/N982_1_1/gateop, insts:16.
I: Infer CARRY group, base inst: u_char_overlay/N983.eq_0/gateop, insts:8.
I: Infer CARRY group, base inst: u_char_overlay/N1000_1_1/gateop, insts:16.
I: Infer CARRY group, base inst: u_char_overlay/N1001.eq_0/gateop, insts:8.
I: Infer CARRY group, base inst: u_char_overlay/N1018_1_1/gateop, insts:16.
I: Infer CARRY group, base inst: u_char_overlay/N1019.eq_0/gateop, insts:8.
I: Infer CARRY group, base inst: u_char_overlay/N1036_1_1/gateop, insts:16.
I: Infer CARRY group, base inst: u_char_overlay/N1037.eq_0/gateop, insts:8.
I: Infer CARRY group, base inst: u_char_overlay/N1054_1_1/gateop, insts:16.
I: Infer CARRY group, base inst: u_char_overlay/N1055.eq_0/gateop, insts:8.
I: Infer CARRY group, base inst: u_char_overlay/N1072_1_1/gateop, insts:16.
I: Infer CARRY group, base inst: u_char_overlay/N1073.eq_0/gateop, insts:8.
I: Infer CARRY group, base inst: u_char_overlay/N1090_1_1/gateop, insts:16.
I: Infer CARRY group, base inst: u_char_overlay/N1091.eq_0/gateop, insts:8.
I: Infer CARRY group, base inst: u_char_overlay/N1108_1_1/gateop, insts:16.
I: Infer CARRY group, base inst: u_char_overlay/N1109.eq_0/gateop, insts:8.
I: Infer CARRY group, base inst: u_char_overlay/N1126_1_1/gateop, insts:16.
I: Infer CARRY group, base inst: u_char_overlay/N1127.eq_0/gateop, insts:8.
I: Infer CARRY group, base inst: u_char_overlay/N1144_1_1/gateop, insts:16.
I: Infer CARRY group, base inst: u_char_overlay/N1145.eq_0/gateop, insts:8.
I: Infer CARRY group, base inst: u_char_overlay/N1162_1_1/gateop, insts:16.
I: Infer CARRY group, base inst: u_char_overlay/N1163.eq_0/gateop, insts:8.
I: Infer CARRY group, base inst: u_char_overlay/N1180_1_1/gateop, insts:16.
I: Infer CARRY group, base inst: u_char_overlay/N1181.eq_0/gateop, insts:8.
I: Infer CARRY group, base inst: u_char_overlay/N1198_1_1/gateop, insts:16.
I: Infer CARRY group, base inst: u_char_overlay/N1199.eq_0/gateop, insts:8.
I: Infer CARRY group, base inst: u_char_overlay/N1216_1_1/gateop, insts:16.
I: Infer CARRY group, base inst: u_char_overlay/N1217.eq_0/gateop, insts:8.
I: Infer CARRY group, base inst: u_char_overlay/N1234_1_1/gateop, insts:16.
I: Infer CARRY group, base inst: u_char_overlay/N1235.eq_0/gateop, insts:8.
I: Infer CARRY group, base inst: u_char_overlay/N1252_1_1/gateop, insts:16.
I: Infer CARRY group, base inst: u_char_overlay/N1253.eq_0/gateop, insts:8.
I: Infer CARRY group, base inst: u_char_overlay/N1270_1_1/gateop, insts:16.
I: Infer CARRY group, base inst: u_char_overlay/N1271.eq_0/gateop, insts:8.
I: Infer CARRY group, base inst: u_char_overlay/N1288_1_1/gateop, insts:16.
I: Infer CARRY group, base inst: u_char_overlay/N1289.eq_0/gateop, insts:8.
I: Infer CARRY group, base inst: u_char_overlay/N1310.lt_0/gateop, insts:8.
I: Infer CARRY group, base inst: u_char_overlay/N1315_1_1/gateop, insts:12.
I: Infer CARRY group, base inst: u_char_overlay/N1316.lt_0/gateop, insts:8.
I: Infer CARRY group, base inst: u_char_overlay/N1318.lt_0/gateop, insts:8.
I: Infer CARRY group, base inst: u_char_overlay/N1324_1_1/gateop, insts:12.
I: Infer CARRY group, base inst: u_char_overlay/N1325.lt_0/gateop, insts:8.
I: Infer CARRY group, base inst: u_char_overlay/N1344.lt_0/gateop, insts:8.
I: Infer CARRY group, base inst: u_char_overlay/N1349_1_1/gateop, insts:12.
I: Infer CARRY group, base inst: u_char_overlay/N1350.lt_0/gateop, insts:8.
I: Infer CARRY group, base inst: u_char_overlay/N1352.lt_0/gateop, insts:8.
I: Infer CARRY group, base inst: u_char_overlay/N1358_1_1/gateop, insts:12.
I: Infer CARRY group, base inst: u_char_overlay/N1359.lt_0/gateop, insts:8.
I: Infer CARRY group, base inst: u_char_overlay/N1378.lt_0/gateop, insts:8.
I: Infer CARRY group, base inst: u_char_overlay/N1383_1_1/gateop, insts:12.
I: Infer CARRY group, base inst: u_char_overlay/N1384.lt_0/gateop, insts:8.
I: Infer CARRY group, base inst: u_char_overlay/N1386.lt_0/gateop, insts:8.
I: Infer CARRY group, base inst: u_char_overlay/N1392_1_1/gateop, insts:12.
I: Infer CARRY group, base inst: u_char_overlay/N1393.lt_0/gateop, insts:8.
I: Infer CARRY group, base inst: u_char_overlay/N1412.lt_0/gateop, insts:8.
I: Infer CARRY group, base inst: u_char_overlay/N1417_1_1/gateop, insts:12.
I: Infer CARRY group, base inst: u_char_overlay/N1418.lt_0/gateop, insts:8.
I: Infer CARRY group, base inst: u_char_overlay/N1420.lt_0/gateop, insts:8.
I: Infer CARRY group, base inst: u_char_overlay/N1426_1_1/gateop, insts:12.
I: Infer CARRY group, base inst: u_char_overlay/N1427.lt_0/gateop, insts:8.
I: Infer CARRY group, base inst: u_char_overlay/N1446.lt_0/gateop, insts:8.
I: Infer CARRY group, base inst: u_char_overlay/N1451_1_1/gateop, insts:12.
I: Infer CARRY group, base inst: u_char_overlay/N1452.lt_0/gateop, insts:8.
I: Infer CARRY group, base inst: u_char_overlay/N1454.lt_0/gateop, insts:8.
I: Infer CARRY group, base inst: u_char_overlay/N1460_1_1/gateop, insts:12.
I: Infer CARRY group, base inst: u_char_overlay/N1461.lt_0/gateop, insts:8.
I: Infer CARRY group, base inst: u_char_overlay/N1480.lt_0/gateop, insts:8.
I: Infer CARRY group, base inst: u_char_overlay/N1485_1_1/gateop, insts:12.
I: Infer CARRY group, base inst: u_char_overlay/N1486.lt_0/gateop, insts:8.
I: Infer CARRY group, base inst: u_char_overlay/N1488.lt_0/gateop, insts:8.
I: Infer CARRY group, base inst: u_char_overlay/N1494_1_1/gateop, insts:12.
I: Infer CARRY group, base inst: u_char_overlay/N1495.lt_0/gateop, insts:8.
I: Infer CARRY group, base inst: u_char_overlay/N1514.lt_0/gateop, insts:8.
I: Infer CARRY group, base inst: u_char_overlay/N1519_1_1/gateop, insts:12.
I: Infer CARRY group, base inst: u_char_overlay/N1520.lt_0/gateop, insts:8.
I: Infer CARRY group, base inst: u_char_overlay/N1522.lt_0/gateop, insts:8.
I: Infer CARRY group, base inst: u_char_overlay/N1528_1_1/gateop, insts:12.
I: Infer CARRY group, base inst: u_char_overlay/N1529.lt_0/gateop, insts:8.
I: Infer CARRY group, base inst: u_char_overlay/N1548.lt_0/gateop, insts:8.
I: Infer CARRY group, base inst: u_char_overlay/N1553_1_1/gateop, insts:12.
I: Infer CARRY group, base inst: u_char_overlay/N1554.lt_0/gateop, insts:8.
I: Infer CARRY group, base inst: u_char_overlay/N1556.lt_0/gateop, insts:8.
I: Infer CARRY group, base inst: u_char_overlay/N1562_1_1/gateop, insts:12.
I: Infer CARRY group, base inst: u_char_overlay/N1563.lt_0/gateop, insts:8.
I: Infer CARRY group, base inst: u_char_overlay/N1582.lt_0/gateop, insts:8.
I: Infer CARRY group, base inst: u_char_overlay/N1587_1_1/gateop, insts:12.
I: Infer CARRY group, base inst: u_char_overlay/N1588.lt_0/gateop, insts:8.
I: Infer CARRY group, base inst: u_char_overlay/N1590.lt_0/gateop, insts:8.
I: Infer CARRY group, base inst: u_char_overlay/N1596_1_1/gateop, insts:12.
I: Infer CARRY group, base inst: u_char_overlay/N1597.lt_0/gateop, insts:8.
I: Infer CARRY group, base inst: u_char_overlay/N1616.lt_0/gateop, insts:8.
I: Infer CARRY group, base inst: u_char_overlay/N1621_1_1/gateop, insts:12.
I: Infer CARRY group, base inst: u_char_overlay/N1622.lt_0/gateop, insts:8.
I: Infer CARRY group, base inst: u_char_overlay/N1624.lt_0/gateop, insts:8.
I: Infer CARRY group, base inst: u_char_overlay/N1630_1_1/gateop, insts:12.
I: Infer CARRY group, base inst: u_char_overlay/N1631.lt_0/gateop, insts:8.
I: Infer CARRY group, base inst: u_char_overlay/N1650.lt_0/gateop, insts:8.
I: Infer CARRY group, base inst: u_char_overlay/N1655_1_1/gateop, insts:12.
I: Infer CARRY group, base inst: u_char_overlay/N1656.lt_0/gateop, insts:8.
I: Infer CARRY group, base inst: u_char_overlay/N1658.lt_0/gateop, insts:8.
I: Infer CARRY group, base inst: u_char_overlay/N1664_1_1/gateop, insts:12.
I: Infer CARRY group, base inst: u_char_overlay/N1665.lt_0/gateop, insts:8.
I: Infer CARRY group, base inst: u_char_overlay/N1684.lt_0/gateop, insts:8.
I: Infer CARRY group, base inst: u_char_overlay/N1689_1_1/gateop, insts:12.
I: Infer CARRY group, base inst: u_char_overlay/N1690.lt_0/gateop, insts:8.
I: Infer CARRY group, base inst: u_char_overlay/N1692.lt_0/gateop, insts:8.
I: Infer CARRY group, base inst: u_char_overlay/N1698_1_1/gateop, insts:12.
I: Infer CARRY group, base inst: u_char_overlay/N1699.lt_0/gateop, insts:8.
I: Infer CARRY group, base inst: u_char_overlay/N1718.lt_0/gateop, insts:8.
I: Infer CARRY group, base inst: u_char_overlay/N1723_1_1/gateop, insts:12.
I: Infer CARRY group, base inst: u_char_overlay/N1724.lt_0/gateop, insts:8.
I: Infer CARRY group, base inst: u_char_overlay/N1726.lt_0/gateop, insts:8.
I: Infer CARRY group, base inst: u_char_overlay/N1732_1_1/gateop, insts:12.
I: Infer CARRY group, base inst: u_char_overlay/N1733.lt_0/gateop, insts:8.
I: Infer CARRY group, base inst: u_char_overlay/N1752.lt_0/gateop, insts:8.
I: Infer CARRY group, base inst: u_char_overlay/N1757_1_1/gateop, insts:12.
I: Infer CARRY group, base inst: u_char_overlay/N1758.lt_0/gateop, insts:8.
I: Infer CARRY group, base inst: u_char_overlay/N1760.lt_0/gateop, insts:8.
I: Infer CARRY group, base inst: u_char_overlay/N1766_1_1/gateop, insts:12.
I: Infer CARRY group, base inst: u_char_overlay/N1767.lt_0/gateop, insts:8.
I: Infer CARRY group, base inst: u_char_overlay/N1786.lt_0/gateop, insts:8.
I: Infer CARRY group, base inst: u_char_overlay/N1791_1_1/gateop, insts:12.
I: Infer CARRY group, base inst: u_char_overlay/N1792.lt_0/gateop, insts:8.
I: Infer CARRY group, base inst: u_char_overlay/N1794.lt_0/gateop, insts:8.
I: Infer CARRY group, base inst: u_char_overlay/N1800_1_1/gateop, insts:12.
I: Infer CARRY group, base inst: u_char_overlay/N1801.lt_0/gateop, insts:8.
I: Infer CARRY group, base inst: u_char_overlay/N1820.lt_0/gateop, insts:8.
I: Infer CARRY group, base inst: u_char_overlay/N1825_1_1/gateop, insts:12.
I: Infer CARRY group, base inst: u_char_overlay/N1826.lt_0/gateop, insts:8.
I: Infer CARRY group, base inst: u_char_overlay/N1828.lt_0/gateop, insts:8.
I: Infer CARRY group, base inst: u_char_overlay/N1834_1_1/gateop, insts:12.
I: Infer CARRY group, base inst: u_char_overlay/N1835.lt_0/gateop, insts:8.
I: Infer CARRY group, base inst: u_char_overlay/N1854.lt_0/gateop, insts:8.
I: Infer CARRY group, base inst: u_char_overlay/N1859_1_1/gateop, insts:12.
I: Infer CARRY group, base inst: u_char_overlay/N1860.lt_0/gateop, insts:8.
I: Infer CARRY group, base inst: u_char_overlay/N1862.lt_0/gateop, insts:8.
I: Infer CARRY group, base inst: u_char_overlay/N1868_1_1/gateop, insts:12.
I: Infer CARRY group, base inst: u_char_overlay/N1869.lt_0/gateop, insts:8.
I: Infer CARRY group, base inst: u_char_overlay/N1888.lt_0/gateop, insts:8.
I: Infer CARRY group, base inst: u_char_overlay/N1893_1_1/gateop, insts:12.
I: Infer CARRY group, base inst: u_char_overlay/N1894.lt_0/gateop, insts:8.
I: Infer CARRY group, base inst: u_char_overlay/N1896.lt_0/gateop, insts:8.
I: Infer CARRY group, base inst: u_char_overlay/N1902_1_1/gateop, insts:12.
I: Infer CARRY group, base inst: u_char_overlay/N1903.lt_0/gateop, insts:8.
I: Infer CARRY group, base inst: u_char_overlay/N1922.lt_0/gateop, insts:8.
I: Infer CARRY group, base inst: u_char_overlay/N1927_1_1/gateop, insts:12.
I: Infer CARRY group, base inst: u_char_overlay/N1928.lt_0/gateop, insts:8.
I: Infer CARRY group, base inst: u_char_overlay/N1930.lt_0/gateop, insts:8.
I: Infer CARRY group, base inst: u_char_overlay/N1936_1_1/gateop, insts:12.
I: Infer CARRY group, base inst: u_char_overlay/N1937.lt_0/gateop, insts:8.
I: Infer CARRY group, base inst: u_char_overlay/N1956.lt_0/gateop, insts:8.
I: Infer CARRY group, base inst: u_char_overlay/N1961_1_1/gateop, insts:12.
I: Infer CARRY group, base inst: u_char_overlay/N1962.lt_0/gateop, insts:8.
I: Infer CARRY group, base inst: u_char_overlay/N1964.lt_0/gateop, insts:8.
I: Infer CARRY group, base inst: u_char_overlay/N1970_1_1/gateop, insts:12.
I: Infer CARRY group, base inst: u_char_overlay/N1971.lt_0/gateop, insts:8.
I: Infer CARRY group, base inst: u_char_overlay/N1990.lt_0/gateop, insts:8.
I: Infer CARRY group, base inst: u_char_overlay/N1995_1_1/gateop, insts:12.
I: Infer CARRY group, base inst: u_char_overlay/N1996.lt_0/gateop, insts:8.
I: Infer CARRY group, base inst: u_char_overlay/N1998.lt_0/gateop, insts:8.
I: Infer CARRY group, base inst: u_char_overlay/N2004_1_1/gateop, insts:12.
I: Infer CARRY group, base inst: u_char_overlay/N2005.lt_0/gateop, insts:8.
I: Infer CARRY group, base inst: u_char_overlay/N2024.lt_0/gateop, insts:8.
I: Infer CARRY group, base inst: u_char_overlay/N2029_1_1/gateop, insts:12.
I: Infer CARRY group, base inst: u_char_overlay/N2030.lt_0/gateop, insts:8.
I: Infer CARRY group, base inst: u_char_overlay/N2032.lt_0/gateop, insts:8.
I: Infer CARRY group, base inst: u_char_overlay/N2038_1_1/gateop, insts:12.
I: Infer CARRY group, base inst: u_char_overlay/N2039.lt_0/gateop, insts:8.
I: Infer CARRY group, base inst: u_char_overlay/N2058.lt_0/gateop, insts:8.
I: Infer CARRY group, base inst: u_char_overlay/N2063_1_1/gateop, insts:12.
I: Infer CARRY group, base inst: u_char_overlay/N2064.lt_0/gateop, insts:8.
I: Infer CARRY group, base inst: u_char_overlay/N2066.lt_0/gateop, insts:8.
I: Infer CARRY group, base inst: u_char_overlay/N2072_1_1/gateop, insts:12.
I: Infer CARRY group, base inst: u_char_overlay/N2073.lt_0/gateop, insts:8.
I: Infer CARRY group, base inst: u_char_overlay/N2092.lt_0/gateop, insts:8.
I: Infer CARRY group, base inst: u_char_overlay/N2097_1_1/gateop, insts:12.
I: Infer CARRY group, base inst: u_char_overlay/N2098.lt_0/gateop, insts:8.
I: Infer CARRY group, base inst: u_char_overlay/N2100.lt_0/gateop, insts:8.
I: Infer CARRY group, base inst: u_char_overlay/N2106_1_1/gateop, insts:12.
I: Infer CARRY group, base inst: u_char_overlay/N2107.lt_0/gateop, insts:8.
I: Infer CARRY group, base inst: u_char_overlay/N2126.lt_0/gateop, insts:8.
I: Infer CARRY group, base inst: u_char_overlay/N2131_1_1/gateop, insts:12.
I: Infer CARRY group, base inst: u_char_overlay/N2132.lt_0/gateop, insts:8.
I: Infer CARRY group, base inst: u_char_overlay/N2134.lt_0/gateop, insts:8.
I: Infer CARRY group, base inst: u_char_overlay/N2140_1_1/gateop, insts:12.
I: Infer CARRY group, base inst: u_char_overlay/N2141.lt_0/gateop, insts:8.
I: Infer CARRY group, base inst: u_char_overlay/N2160.lt_0/gateop, insts:8.
I: Infer CARRY group, base inst: u_char_overlay/N2165_1_1/gateop, insts:12.
I: Infer CARRY group, base inst: u_char_overlay/N2166.lt_0/gateop, insts:8.
I: Infer CARRY group, base inst: u_char_overlay/N2168.lt_0/gateop, insts:8.
I: Infer CARRY group, base inst: u_char_overlay/N2174_1_1/gateop, insts:12.
I: Infer CARRY group, base inst: u_char_overlay/N2175.lt_0/gateop, insts:8.
I: Infer CARRY group, base inst: u_char_overlay/N2194.lt_0/gateop, insts:8.
I: Infer CARRY group, base inst: u_char_overlay/N2199_1_1/gateop, insts:12.
I: Infer CARRY group, base inst: u_char_overlay/N2200.lt_0/gateop, insts:8.
I: Infer CARRY group, base inst: u_char_overlay/N2202.lt_0/gateop, insts:8.
I: Infer CARRY group, base inst: u_char_overlay/N2208_1_1/gateop, insts:12.
I: Infer CARRY group, base inst: u_char_overlay/N2209.lt_0/gateop, insts:8.
I: Infer CARRY group, base inst: u_char_overlay/N2228.lt_0/gateop, insts:8.
I: Infer CARRY group, base inst: u_char_overlay/N2233_1_1/gateop, insts:12.
I: Infer CARRY group, base inst: u_char_overlay/N2234.lt_0/gateop, insts:8.
I: Infer CARRY group, base inst: u_char_overlay/N2236.lt_0/gateop, insts:8.
I: Infer CARRY group, base inst: u_char_overlay/N2242_1_1/gateop, insts:12.
I: Infer CARRY group, base inst: u_char_overlay/N2243.lt_0/gateop, insts:8.
I: Infer CARRY group, base inst: u_char_overlay/N2262.lt_0/gateop, insts:8.
I: Infer CARRY group, base inst: u_char_overlay/N2267_1_1/gateop, insts:12.
I: Infer CARRY group, base inst: u_char_overlay/N2268.lt_0/gateop, insts:8.
I: Infer CARRY group, base inst: u_char_overlay/N2270.lt_0/gateop, insts:8.
I: Infer CARRY group, base inst: u_char_overlay/N2276_1_1/gateop, insts:12.
I: Infer CARRY group, base inst: u_char_overlay/N2277.lt_0/gateop, insts:8.
I: Infer CARRY group, base inst: u_char_overlay/N2296.lt_0/gateop, insts:8.
I: Infer CARRY group, base inst: u_char_overlay/N2301_1_1/gateop, insts:12.
I: Infer CARRY group, base inst: u_char_overlay/N2302.lt_0/gateop, insts:8.
I: Infer CARRY group, base inst: u_char_overlay/N2304.lt_0/gateop, insts:8.
I: Infer CARRY group, base inst: u_char_overlay/N2310_1_1/gateop, insts:12.
I: Infer CARRY group, base inst: u_char_overlay/N2311.lt_0/gateop, insts:8.
I: Infer CARRY group, base inst: u_char_overlay/N2330.lt_0/gateop, insts:8.
I: Infer CARRY group, base inst: u_char_overlay/N2335_1_1/gateop, insts:12.
I: Infer CARRY group, base inst: u_char_overlay/N2336.lt_0/gateop, insts:8.
I: Infer CARRY group, base inst: u_char_overlay/N2338.lt_0/gateop, insts:8.
I: Infer CARRY group, base inst: u_char_overlay/N2344_1_1/gateop, insts:12.
I: Infer CARRY group, base inst: u_char_overlay/N2345.lt_0/gateop, insts:8.
I: Infer CARRY group, base inst: u_char_overlay/N2364.lt_0/gateop, insts:8.
I: Infer CARRY group, base inst: u_char_overlay/N2369_1_1/gateop, insts:12.
I: Infer CARRY group, base inst: u_char_overlay/N2370.lt_0/gateop, insts:8.
I: Infer CARRY group, base inst: u_char_overlay/N2372.lt_0/gateop, insts:8.
I: Infer CARRY group, base inst: u_char_overlay/N2378_1_1/gateop, insts:12.
I: Infer CARRY group, base inst: u_char_overlay/N2379.lt_0/gateop, insts:8.
I: Infer CARRY group, base inst: u_char_overlay/N2398.lt_0/gateop, insts:8.
I: Infer CARRY group, base inst: u_char_overlay/N2403_1_1/gateop, insts:12.
I: Infer CARRY group, base inst: u_char_overlay/N2404.lt_0/gateop, insts:8.
I: Infer CARRY group, base inst: u_char_overlay/N2406.lt_0/gateop, insts:8.
I: Infer CARRY group, base inst: u_char_overlay/N2412_1_1/gateop, insts:12.
I: Infer CARRY group, base inst: u_char_overlay/N2413.lt_0/gateop, insts:8.
I: Infer CARRY group, base inst: u_char_overlay/N2432.lt_0/gateop, insts:8.
I: Infer CARRY group, base inst: u_char_overlay/N2437_1_1/gateop, insts:12.
I: Infer CARRY group, base inst: u_char_overlay/N2438.lt_0/gateop, insts:8.
I: Infer CARRY group, base inst: u_char_overlay/N2440.lt_0/gateop, insts:8.
I: Infer CARRY group, base inst: u_char_overlay/N2446_1_1/gateop, insts:12.
I: Infer CARRY group, base inst: u_char_overlay/N2447.lt_0/gateop, insts:8.
I: Infer CARRY group, base inst: u_char_overlay/N2466.lt_0/gateop, insts:8.
I: Infer CARRY group, base inst: u_char_overlay/N2471_1_1/gateop, insts:12.
I: Infer CARRY group, base inst: u_char_overlay/N2472.lt_0/gateop, insts:8.
I: Infer CARRY group, base inst: u_char_overlay/N2474.lt_0/gateop, insts:8.
I: Infer CARRY group, base inst: u_char_overlay/N2480_1_1/gateop, insts:12.
I: Infer CARRY group, base inst: u_char_overlay/N2481.lt_0/gateop, insts:8.
I: Infer CARRY group, base inst: u_char_overlay/N2500.lt_0/gateop, insts:8.
I: Infer CARRY group, base inst: u_char_overlay/N2505_1_1/gateop, insts:12.
I: Infer CARRY group, base inst: u_char_overlay/N2506.lt_0/gateop, insts:8.
I: Infer CARRY group, base inst: u_char_overlay/N2508.lt_0/gateop, insts:8.
I: Infer CARRY group, base inst: u_char_overlay/N2514_1_1/gateop, insts:12.
I: Infer CARRY group, base inst: u_char_overlay/N2515.lt_0/gateop, insts:8.
I: Infer CARRY group, base inst: u_char_overlay/N2534.lt_0/gateop, insts:8.
I: Infer CARRY group, base inst: u_char_overlay/N2539_1_1/gateop, insts:12.
I: Infer CARRY group, base inst: u_char_overlay/N2540.lt_0/gateop, insts:8.
I: Infer CARRY group, base inst: u_char_overlay/N2542.lt_0/gateop, insts:8.
I: Infer CARRY group, base inst: u_char_overlay/N2548_1_1/gateop, insts:12.
I: Infer CARRY group, base inst: u_char_overlay/N2549.lt_0/gateop, insts:8.
I: Infer CARRY group, base inst: u_char_overlay/N2568.lt_0/gateop, insts:8.
I: Infer CARRY group, base inst: u_char_overlay/N2573_1_1/gateop, insts:12.
I: Infer CARRY group, base inst: u_char_overlay/N2574.lt_0/gateop, insts:8.
I: Infer CARRY group, base inst: u_char_overlay/N2576.lt_0/gateop, insts:8.
I: Infer CARRY group, base inst: u_char_overlay/N2582_1_1/gateop, insts:12.
I: Infer CARRY group, base inst: u_char_overlay/N2583.lt_0/gateop, insts:8.
I: Infer CARRY group, base inst: u_char_overlay/N2602.lt_0/gateop, insts:8.
I: Infer CARRY group, base inst: u_char_overlay/N2607_1_1/gateop, insts:12.
I: Infer CARRY group, base inst: u_char_overlay/N2608.lt_0/gateop, insts:8.
I: Infer CARRY group, base inst: u_char_overlay/N2610.lt_0/gateop, insts:8.
I: Infer CARRY group, base inst: u_char_overlay/N2616_1_1/gateop, insts:12.
I: Infer CARRY group, base inst: u_char_overlay/N2617.lt_0/gateop, insts:8.
I: Infer CARRY group, base inst: u_char_overlay/N2636.lt_0/gateop, insts:8.
I: Infer CARRY group, base inst: u_char_overlay/N2641_1_1/gateop, insts:12.
I: Infer CARRY group, base inst: u_char_overlay/N2642.lt_0/gateop, insts:8.
I: Infer CARRY group, base inst: u_char_overlay/N2644.lt_0/gateop, insts:9.
I: Infer CARRY group, base inst: u_char_overlay/N2650_1_1/gateop, insts:12.
I: Infer CARRY group, base inst: u_char_overlay/N2651.lt_0/gateop, insts:8.
I: Infer CARRY group, base inst: u_char_overlay/N2670.lt_0/gateop, insts:8.
I: Infer CARRY group, base inst: u_char_overlay/N2675_1_1/gateop, insts:12.
I: Infer CARRY group, base inst: u_char_overlay/N2676.lt_0/gateop, insts:8.
I: Infer CARRY group, base inst: u_char_overlay/N2678.lt_0/gateop, insts:8.
I: Infer CARRY group, base inst: u_char_overlay/N2684_1_1/gateop, insts:12.
I: Infer CARRY group, base inst: u_char_overlay/N2685.lt_0/gateop, insts:8.
I: Infer CARRY group, base inst: u_char_overlay/N2704.lt_0/gateop, insts:8.
I: Infer CARRY group, base inst: u_char_overlay/N2709_1_1/gateop, insts:12.
I: Infer CARRY group, base inst: u_char_overlay/N2710.lt_0/gateop, insts:8.
I: Infer CARRY group, base inst: u_char_overlay/N2712.lt_0/gateop, insts:8.
I: Infer CARRY group, base inst: u_char_overlay/N2718_1_1/gateop, insts:12.
I: Infer CARRY group, base inst: u_char_overlay/N2719.lt_0/gateop, insts:8.
I: Infer CARRY group, base inst: u_char_overlay/N2738.lt_0/gateop, insts:8.
I: Infer CARRY group, base inst: u_char_overlay/N2743_1_1/gateop, insts:12.
I: Infer CARRY group, base inst: u_char_overlay/N2744.lt_0/gateop, insts:8.
I: Infer CARRY group, base inst: u_char_overlay/N2746.lt_0/gateop, insts:8.
I: Infer CARRY group, base inst: u_char_overlay/N2752_1_1/gateop, insts:12.
I: Infer CARRY group, base inst: u_char_overlay/N2753.lt_0/gateop, insts:8.
I: Infer CARRY group, base inst: u_char_overlay/N2772.lt_0/gateop, insts:8.
I: Infer CARRY group, base inst: u_char_overlay/N2777_1_1/gateop, insts:12.
I: Infer CARRY group, base inst: u_char_overlay/N2778.lt_0/gateop, insts:8.
I: Infer CARRY group, base inst: u_char_overlay/N2780.lt_0/gateop, insts:8.
I: Infer CARRY group, base inst: u_char_overlay/N2786_1_1/gateop, insts:12.
I: Infer CARRY group, base inst: u_char_overlay/N2787.lt_0/gateop, insts:8.
I: Infer CARRY group, base inst: u_char_overlay/N2806.lt_0/gateop, insts:8.
I: Infer CARRY group, base inst: u_char_overlay/N2811_1_1/gateop, insts:12.
I: Infer CARRY group, base inst: u_char_overlay/N2812.lt_0/gateop, insts:8.
I: Infer CARRY group, base inst: u_char_overlay/N2814.lt_0/gateop, insts:8.
I: Infer CARRY group, base inst: u_char_overlay/N2820_1_1/gateop, insts:12.
I: Infer CARRY group, base inst: u_char_overlay/N2821.lt_0/gateop, insts:8.
I: Infer CARRY group, base inst: u_char_overlay/N2840.lt_0/gateop, insts:8.
I: Infer CARRY group, base inst: u_char_overlay/N2845_1_1/gateop, insts:12.
I: Infer CARRY group, base inst: u_char_overlay/N2846.lt_0/gateop, insts:8.
I: Infer CARRY group, base inst: u_char_overlay/N2848.lt_0/gateop, insts:8.
I: Infer CARRY group, base inst: u_char_overlay/N2854_1_1/gateop, insts:12.
I: Infer CARRY group, base inst: u_char_overlay/N2855.lt_0/gateop, insts:8.
I: Infer CARRY group, base inst: u_char_overlay/N2874.lt_0/gateop, insts:8.
I: Infer CARRY group, base inst: u_char_overlay/N2879_1_1/gateop, insts:12.
I: Infer CARRY group, base inst: u_char_overlay/N2880.lt_0/gateop, insts:8.
I: Infer CARRY group, base inst: u_char_overlay/N2882.lt_0/gateop, insts:8.
I: Infer CARRY group, base inst: u_char_overlay/N2888_1_1/gateop, insts:12.
I: Infer CARRY group, base inst: u_char_overlay/N2889.lt_0/gateop, insts:8.
I: Infer CARRY group, base inst: u_char_overlay/N2908.lt_0/gateop, insts:8.
I: Infer CARRY group, base inst: u_char_overlay/N2913_1_1/gateop, insts:12.
I: Infer CARRY group, base inst: u_char_overlay/N2914.lt_0/gateop, insts:8.
I: Infer CARRY group, base inst: u_char_overlay/N2916.lt_0/gateop, insts:8.
I: Infer CARRY group, base inst: u_char_overlay/N2922_1_1/gateop, insts:12.
I: Infer CARRY group, base inst: u_char_overlay/N2923.lt_0/gateop, insts:8.
I: Infer CARRY group, base inst: u_char_overlay/N2942.lt_0/gateop, insts:8.
I: Infer CARRY group, base inst: u_char_overlay/N2947_1_1/gateop, insts:12.
I: Infer CARRY group, base inst: u_char_overlay/N2948.lt_0/gateop, insts:8.
I: Infer CARRY group, base inst: u_char_overlay/N2950.lt_0/gateop, insts:8.
I: Infer CARRY group, base inst: u_char_overlay/N2956_1_1/gateop, insts:12.
I: Infer CARRY group, base inst: u_char_overlay/N2957.lt_0/gateop, insts:8.
I: Infer CARRY group, base inst: u_char_overlay/N2976.lt_0/gateop, insts:8.
I: Infer CARRY group, base inst: u_char_overlay/N2981_1_1/gateop, insts:12.
I: Infer CARRY group, base inst: u_char_overlay/N2982.lt_0/gateop, insts:8.
I: Infer CARRY group, base inst: u_char_overlay/N2984.lt_0/gateop, insts:8.
I: Infer CARRY group, base inst: u_char_overlay/N2990_1_1/gateop, insts:12.
I: Infer CARRY group, base inst: u_char_overlay/N2991.lt_0/gateop, insts:8.
I: Infer CARRY group, base inst: u_char_overlay/N3010.lt_0/gateop, insts:8.
I: Infer CARRY group, base inst: u_char_overlay/N3015_1_1/gateop, insts:12.
I: Infer CARRY group, base inst: u_char_overlay/N3016.lt_0/gateop, insts:8.
I: Infer CARRY group, base inst: u_char_overlay/N3018.lt_0/gateop, insts:8.
I: Infer CARRY group, base inst: u_char_overlay/N3024_1_1/gateop, insts:12.
I: Infer CARRY group, base inst: u_char_overlay/N3025.lt_0/gateop, insts:8.
I: Infer CARRY group, base inst: u_char_overlay/N3044.lt_0/gateop, insts:8.
I: Infer CARRY group, base inst: u_char_overlay/N3049_1_1/gateop, insts:12.
I: Infer CARRY group, base inst: u_char_overlay/N3050.lt_0/gateop, insts:8.
I: Infer CARRY group, base inst: u_char_overlay/N3052.lt_0/gateop, insts:8.
I: Infer CARRY group, base inst: u_char_overlay/N3058_1_1/gateop, insts:12.
I: Infer CARRY group, base inst: u_char_overlay/N3059.lt_0/gateop, insts:8.
I: Infer CARRY group, base inst: u_char_overlay/N3078.lt_0/gateop, insts:8.
I: Infer CARRY group, base inst: u_char_overlay/N3083_1_1/gateop, insts:12.
I: Infer CARRY group, base inst: u_char_overlay/N3084.lt_0/gateop, insts:8.
I: Infer CARRY group, base inst: u_char_overlay/N3086.lt_0/gateop, insts:8.
I: Infer CARRY group, base inst: u_char_overlay/N3092_1_1/gateop, insts:12.
I: Infer CARRY group, base inst: u_char_overlay/N3093.lt_0/gateop, insts:8.
I: Infer CARRY group, base inst: u_char_overlay/N3112.lt_0/gateop, insts:8.
I: Infer CARRY group, base inst: u_char_overlay/N3117_1_1/gateop, insts:12.
I: Infer CARRY group, base inst: u_char_overlay/N3118.lt_0/gateop, insts:8.
I: Infer CARRY group, base inst: u_char_overlay/N3120.lt_0/gateop, insts:8.
I: Infer CARRY group, base inst: u_char_overlay/N3126_1_1/gateop, insts:12.
I: Infer CARRY group, base inst: u_char_overlay/N3127.lt_0/gateop, insts:8.
I: Infer CARRY group, base inst: u_char_overlay/N3146.lt_0/gateop, insts:8.
I: Infer CARRY group, base inst: u_char_overlay/N3151_1_1/gateop, insts:12.
I: Infer CARRY group, base inst: u_char_overlay/N3152.lt_0/gateop, insts:8.
I: Infer CARRY group, base inst: u_char_overlay/N3154.lt_0/gateop, insts:8.
I: Infer CARRY group, base inst: u_char_overlay/N3160_1_1/gateop, insts:12.
I: Infer CARRY group, base inst: u_char_overlay/N3161.lt_0/gateop, insts:8.
I: Infer CARRY group, base inst: u_char_overlay/N3180.lt_0/gateop, insts:8.
I: Infer CARRY group, base inst: u_char_overlay/N3185_1_1/gateop, insts:12.
I: Infer CARRY group, base inst: u_char_overlay/N3186.lt_0/gateop, insts:8.
I: Infer CARRY group, base inst: u_char_overlay/N3188.lt_0/gateop, insts:8.
I: Infer CARRY group, base inst: u_char_overlay/N3194_1_1/gateop, insts:12.
I: Infer CARRY group, base inst: u_char_overlay/N3195.lt_0/gateop, insts:8.
I: Infer CARRY group, base inst: u_char_overlay/N3214.lt_0/gateop, insts:8.
I: Infer CARRY group, base inst: u_char_overlay/N3219_1_1/gateop, insts:12.
I: Infer CARRY group, base inst: u_char_overlay/N3220.lt_0/gateop, insts:8.
I: Infer CARRY group, base inst: u_char_overlay/N3222.lt_0/gateop, insts:8.
I: Infer CARRY group, base inst: u_char_overlay/N3228_1_1/gateop, insts:12.
I: Infer CARRY group, base inst: u_char_overlay/N3229.lt_0/gateop, insts:8.
I: Infer CARRY group, base inst: u_char_overlay/N3248.lt_0/gateop, insts:8.
I: Infer CARRY group, base inst: u_char_overlay/N3253_1_1/gateop, insts:12.
I: Infer CARRY group, base inst: u_char_overlay/N3254.lt_0/gateop, insts:8.
I: Infer CARRY group, base inst: u_char_overlay/N3256.lt_0/gateop, insts:8.
I: Infer CARRY group, base inst: u_char_overlay/N3262_1_1/gateop, insts:12.
I: Infer CARRY group, base inst: u_char_overlay/N3263.lt_0/gateop, insts:8.
I: Infer CARRY group, base inst: u_char_overlay/N3282.lt_0/gateop, insts:8.
I: Infer CARRY group, base inst: u_char_overlay/N3287_1_1/gateop, insts:12.
I: Infer CARRY group, base inst: u_char_overlay/N3288.lt_0/gateop, insts:8.
I: Infer CARRY group, base inst: u_char_overlay/N3290.lt_0/gateop, insts:8.
I: Infer CARRY group, base inst: u_char_overlay/N3296_1_1/gateop, insts:12.
I: Infer CARRY group, base inst: u_char_overlay/N3297.lt_0/gateop, insts:8.
I: Infer CARRY group, base inst: u_char_overlay/N3316.lt_0/gateop, insts:8.
I: Infer CARRY group, base inst: u_char_overlay/N3321_1_1/gateop, insts:12.
I: Infer CARRY group, base inst: u_char_overlay/N3322.lt_0/gateop, insts:8.
I: Infer CARRY group, base inst: u_char_overlay/N3324.lt_0/gateop, insts:8.
I: Infer CARRY group, base inst: u_char_overlay/N3330_1_1/gateop, insts:12.
I: Infer CARRY group, base inst: u_char_overlay/N3331.lt_0/gateop, insts:8.
I: Infer CARRY group, base inst: u_char_overlay/N3350.lt_0/gateop, insts:8.
I: Infer CARRY group, base inst: u_char_overlay/N3355_1_1/gateop, insts:12.
I: Infer CARRY group, base inst: u_char_overlay/N3356.lt_0/gateop, insts:8.
I: Infer CARRY group, base inst: u_char_overlay/N3358.lt_0/gateop, insts:8.
I: Infer CARRY group, base inst: u_char_overlay/N3364_1_1/gateop, insts:12.
I: Infer CARRY group, base inst: u_char_overlay/N3365.lt_0/gateop, insts:8.
I: Infer CARRY group, base inst: u_char_overlay/N3384.lt_0/gateop, insts:8.
I: Infer CARRY group, base inst: u_char_overlay/N3389_1_1/gateop, insts:12.
I: Infer CARRY group, base inst: u_char_overlay/N3390.lt_0/gateop, insts:8.
I: Infer CARRY group, base inst: u_char_overlay/N3392.lt_0/gateop, insts:9.
I: Infer CARRY group, base inst: u_char_overlay/N3398_1_1/gateop, insts:12.
I: Infer CARRY group, base inst: u_char_overlay/N3399.lt_0/gateop, insts:8.
I: Infer CARRY group, base inst: u_char_overlay/N3418.lt_0/gateop, insts:8.
I: Infer CARRY group, base inst: u_char_overlay/N3423_1_1/gateop, insts:12.
I: Infer CARRY group, base inst: u_char_overlay/N3424.lt_0/gateop, insts:8.
I: Infer CARRY group, base inst: u_char_overlay/N3426.lt_0/gateop, insts:8.
I: Infer CARRY group, base inst: u_char_overlay/N3432_1_1/gateop, insts:12.
I: Infer CARRY group, base inst: u_char_overlay/N3433.lt_0/gateop, insts:8.
I: Infer CARRY group, base inst: u_char_overlay/N3452.lt_0/gateop, insts:8.
I: Infer CARRY group, base inst: u_char_overlay/N3457_1_1/gateop, insts:12.
I: Infer CARRY group, base inst: u_char_overlay/N3458.lt_0/gateop, insts:8.
I: Infer CARRY group, base inst: u_char_overlay/N3460.lt_0/gateop, insts:9.
I: Infer CARRY group, base inst: u_char_overlay/N3466_1_1/gateop, insts:12.
I: Infer CARRY group, base inst: u_char_overlay/N3467.lt_0/gateop, insts:8.
I: Infer CARRY group, base inst: u_char_overlay/N19614_5_or[0]_2/gateop, insts:2.
I: Infer CARRY group, base inst: u_char_overlay/N19614_5_or[0]_114/gateop, insts:2.
I: Infer CARRY group, base inst: u_char_overlay/N19614_5_or[2]_68/gateop, insts:3.
I: Infer CARRY group, base inst: u_char_overlay/N19614_5_or[2]_109/gateop, insts:3.
I: Infer CARRY group, base inst: u_char_overlay/N19614_5_or[3]_68/gateop, insts:3.
I: Infer CARRY group, base inst: u_char_overlay/N19614_5_or[4]_114/gateop, insts:2.
I: Infer CARRY group, base inst: u_char_overlay/N19614_5_or[5]_2/gateop, insts:2.
I: Infer CARRY group, base inst: u_char_overlay/N19614_5_or[6]_68/gateop, insts:3.
I: Infer CARRY group, base inst: u_char_overlay/N19614_5_or[6]_109/gateop, insts:3.
I: Infer CARRY group, base inst: u_char_overlay/N19614_5_or[7]_68/gateop, insts:3.
I: Infer CARRY group, base inst: u_char_overlay/N19626_2/gateop, insts:2.
I: Infer CARRY group, base inst: u_char_overlay/N19626_66_or[0]_115/gateop, insts:3.
I: Infer CARRY group, base inst: u_char_overlay/N19626_66_or[1]_115/gateop, insts:3.
I: Infer CARRY group, base inst: u_char_overlay/N19626_66_or[2]_115/gateop, insts:3.
I: Infer CARRY group, base inst: u_char_overlay/N19626_66_or[3]_115/gateop, insts:3.
I: Infer CARRY group, base inst: u_char_overlay/N19626_66_or[4]_115/gateop, insts:3.
I: Infer CARRY group, base inst: u_char_overlay/N19626_66_or[5]_115/gateop, insts:3.
I: Infer CARRY group, base inst: u_char_overlay/N19626_71/gateop, insts:2.
I: Infer CARRY group, base inst: u_char_overlay/N19626_199/gateop, insts:2.
I: Infer CARRY group, base inst: u_char_overlay/N19626_212/gateop, insts:2.
I: Infer CARRY group, base inst: u_char_overlay/N19626_219/gateop, insts:2.
I: Infer CARRY group, base inst: u_char_overlay/N19626_224/gateop, insts:2.
I: Infer CARRY group, base inst: u_char_overlay/N19626_230/gateop, insts:2.
I: Infer CARRY group, base inst: u_char_overlay/N19626_240/gateop, insts:2.
I: Infer CARRY group, base inst: u_char_overlay/N19626_244/gateop, insts:2.
I: Infer CARRY group, base inst: u_char_overlay/N19626_253/gateop, insts:2.
I: Infer CARRY group, base inst: u_char_overlay/N19860_6/gateop, insts:2.
I: Infer CARRY group, base inst: u_ddr_video_delay_sync/u_ddr3_test/u_ips_ddrc_top/mcdq_dcp_top/mcdq_dcp_buf/A_ips2l_distributed_fifo/u_ips2l_distributed_fifo_distributed_fifo_v1_0/u_ips2l_distributed_fifo_ctr/N24_1.fsub_0/gateop, insts:7.
I: Infer CARRY group, base inst: u_crop_buffer_manager/N582_1_1/gateop, insts:2.
I: Infer CARRY group, base inst: u_ddr_video_delay_sync/u_ddr3_test/u_ips_ddrc_top/mcdq_dcp_top/mcdq_dcp_buf/A_ips2l_distributed_fifo/u_ips2l_distributed_fifo_distributed_fifo_v1_0/u_ips2l_distributed_fifo_ctr/N30.fsub_0/gateop, insts:7.
I: Infer CARRY group, base inst: u_crop_buffer_manager/N609_1_1/gateop, insts:6.
I: Infer CARRY group, base inst: u_crop_buffer_manager/N639_1_1/gateop, insts:15.
I: Infer CARRY group, base inst: u_crop_buffer_manager/N647_1_1/gateop, insts:13.
I: Infer CARRY group, base inst: u_ddr_video_delay_sync/N8_1_1/gateop, insts:11.
I: Infer CARRY group, base inst: u_ddr_video_delay_sync/N10_1_1/gateop, insts:10.
I: Infer CARRY group, base inst: u_ddr_video_delay_sync/N17_1_1/gateop, insts:11.
I: Infer CARRY group, base inst: u_ddr_video_delay_sync/N19_1_1/gateop, insts:10.
I: Infer CARRY group, base inst: u_ddr_video_delay_sync/N134_1_0/gateop, insts:10.
I: Infer CARRY group, base inst: u_ddr_video_delay_sync/N342_1_1/gateop, insts:9.
I: Infer CARRY group, base inst: u_ddr_video_delay_sync/N481_1_1/gateop, insts:11.
I: Infer CARRY group, base inst: u_ddr_video_delay_sync/N486_1_1/gateop, insts:10.
I: Infer CARRY group, base inst: u_ddr_video_delay_sync/N541_1_0/gateop, insts:11.
I: Infer CARRY group, base inst: u_ddr_video_delay_sync/u_ddr3_test/u_ips_ddrc_top/mcdq_dcp_top/mcdq_dcp_buf/B_ips2l_distributed_fifo/u_ips2l_distributed_fifo_distributed_fifo_v1_0/u_ips2l_distributed_fifo_ctr/N24_1.fsub_0/gateop, insts:7.
I: Infer CARRY group, base inst: u_ddr_video_delay_sync/u_ddr3_test/u_ips_ddrc_top/mcdq_dcp_top/mcdq_dcp_buf/B_ips2l_distributed_fifo/u_ips2l_distributed_fifo_distributed_fifo_v1_0/u_ips2l_distributed_fifo_ctr/N30.fsub_0/gateop, insts:7.
I: Infer CARRY group, base inst: u_hdmi_fifo/N60.eq_0/gateop, insts:3.
I: Infer CARRY group, base inst: u_hdmi_fifo/N83.eq_0/gateop, insts:4.
I: Infer CARRY group, base inst: u_layer_data_adapter/N74_1.fsub_1/gateop, insts:10.
I: Infer CARRY group, base inst: ms72xx_ctl/U1_ms7200_ctl/N1339_1/gateop, insts:2.
I: Infer CARRY group, base inst: ms72xx_ctl/U1_ms7200_ctl/N1366_4/gateop, insts:2.
I: Infer CARRY group, base inst: ms72xx_ctl/U1_ms7200_ctl/N1388/gateop, insts:2.
I: Infer CARRY group, base inst: ms72xx_ctl/U1_ms7200_ctl/N1845_3/gateop, insts:2.
I: Infer CARRY group, base inst: ms72xx_ctl/U1_ms7200_ctl/N1879_6/gateop, insts:3.
I: Infer CARRY group, base inst: ms72xx_ctl/U1_ms7200_ctl/N1953/gateop, insts:3.
I: Infer CARRY group, base inst: ms72xx_ctl/U1_ms7200_ctl/N1954_1_or[1]_2/gateop, insts:2.
I: Infer CARRY group, base inst: ms72xx_ctl/U2_ms7210_ctl/N2/gateop, insts:2.
I: Infer CARRY group, base inst: ms72xx_ctl/U2_ms7210_ctl/N98_1_1/gateop, insts:21.
I: Infer CARRY group, base inst: ms72xx_ctl/U2_ms7210_ctl/N403_21/gateop, insts:2.
I: Infer CARRY group, base inst: ms72xx_ctl/iic_dri/N310_7/gateop, insts:2.
I: Infer CARRY group, base inst: ms72xx_ctl/iic_dri/N316_3/gateop, insts:2.
I: Infer CARRY group, base inst: rgb2tmds/encoder[0].dataencoder/N222_13_1/gateop, insts:5.
I: Infer CARRY group, base inst: rgb2tmds/encoder[1].dataencoder/N222_13_1/gateop, insts:5.
I: Infer CARRY group, base inst: rgb2tmds/encoder[2].dataencoder/N222_13_1/gateop, insts:5.
I: Infer CARRY group, base inst: u_box_overlay_sync/u_box_fifo/N63.eq_0/gateop, insts:4.
I: Infer CARRY group, base inst: u_box_overlay_sync/u_box_fifo/N89.eq_0/gateop, insts:4.
I: Infer CARRY group, base inst: u_char_overlay/u_char_async_fifo/N60.eq_0/gateop, insts:3.
I: Infer CARRY group, base inst: u_char_overlay/u_char_async_fifo/N83.eq_0/gateop, insts:4.
I: Infer CARRY group, base inst: u_lprnet_top/u_post_process/N15.eq_0/gateop, insts:4.
I: Infer CARRY group, base inst: u_ddr_video_delay_sync/u_wr_rd_ctrl_top/wr_cmd_trans/N42_1_1/gateop, insts:11.
I: Infer CARRY group, base inst: u_ddr_video_delay_sync/u_wr_rd_ctrl_top/wr_cmd_trans/N86_2_1/gateop, insts:25.
I: Infer CARRY group, base inst: u_ddr_video_delay_sync/u_wr_rd_ctrl_top/wr_cmd_trans/N150_1_1/gateop, insts:15.
I: Infer CARRY group, base inst: u_ddr_video_delay_sync/u_wr_rd_ctrl_top/wr_cmd_trans/N192_1_1/gateop, insts:11.
I: Infer CARRY group, base inst: u_ddr_video_delay_sync/u_wr_rd_ctrl_top/wr_cmd_trans/N227_2_1/gateop, insts:25.
I: Infer CARRY group, base inst: u_lprnet_top/u_layer25/u_input_layer/N107_1_1/gateop, insts:10.
I: Infer CARRY group, base inst: u_lprnet_top/u_layer26/genblk1.out_inst.u_output_layer/N192_1/gateop, insts:28.
I: Infer CARRY group, base inst: u_lprnet_top/u_layer26/genblk1.out_inst.u_output_layer/N206_1/gateop, insts:17.
I: Infer CARRY group, base inst: u_lprnet_top/u_layer26/genblk1.out_inst.u_output_layer/N302_1/gateop, insts:28.
I: Infer CARRY group, base inst: u_lprnet_top/u_layer26/genblk1.out_inst.u_output_layer/N316_1/gateop, insts:17.
I: Infer CARRY group, base inst: u_lprnet_top/u_layer26/u_input_layer/N75_1_1/gateop, insts:9.
I: Infer CARRY group, base inst: u_lprnet_top/u_layer26/u_input_layer/N99_1_1/gateop, insts:9.
I: Infer CARRY group, base inst: u_lprnet_top/u_layer27/genblk1.out_inst.u_output_layer/N122_1/gateop, insts:24.
I: Infer CARRY group, base inst: u_lprnet_top/u_layer27/genblk1.out_inst.u_output_layer/N156_1/gateop, insts:28.
I: Infer CARRY group, base inst: u_lprnet_top/u_layer27/genblk1.out_inst.u_output_layer/N224_1/gateop, insts:28.
I: Infer CARRY group, base inst: u_lprnet_top/u_layer27/genblk1.out_inst.u_output_layer/N238_1/gateop, insts:17.
I: Infer CARRY group, base inst: u_lprnet_top/u_layer27/genblk1.out_inst.u_output_layer/N264_1/gateop, insts:24.
I: Infer CARRY group, base inst: u_lprnet_top/u_layer27/genblk1.out_inst.u_output_layer/N298_1/gateop, insts:28.
I: Infer CARRY group, base inst: u_lprnet_top/u_layer27/genblk1.out_inst.u_output_layer/N366_1/gateop, insts:28.
I: Infer CARRY group, base inst: u_lprnet_top/u_layer27/genblk1.out_inst.u_output_layer/N380_1/gateop, insts:17.
I: Infer CARRY group, base inst: u_lprnet_top/u_layer27/u_input_layer/N75_1_1/gateop, insts:9.
I: Infer CARRY group, base inst: u_lprnet_top/u_layer27/u_input_layer/N99_1_1/gateop, insts:9.
I: Infer CARRY group, base inst: u_lprnet_top/u_layer27/u_input_layer/N137_1_1/gateop, insts:9.
I: Infer CARRY group, base inst: u_lprnet_top/u_layer27/u_input_layer/N147_1_1/gateop, insts:9.
I: Infer CARRY group, base inst: u_lprnet_top/u_layer28/genblk1.gen_pages[0].u_max_pool2d/N10.lt_0/gateop, insts:5.
I: Infer CARRY group, base inst: u_lprnet_top/u_layer28/genblk1.gen_pages[0].u_max_pool2d/N13.lt_0/gateop, insts:5.
I: Infer CARRY group, base inst: u_lprnet_top/u_layer28/genblk1.gen_pages[0].u_max_pool2d/N16.lt_0/gateop, insts:5.
I: Infer CARRY group, base inst: u_lprnet_top/u_layer28/genblk1.gen_pages[0].u_max_pool2d/N20.lt_0/gateop, insts:5.
I: Infer CARRY group, base inst: u_lprnet_top/u_layer28/genblk1.gen_pages[0].u_max_pool2d/N23.lt_0/gateop, insts:5.
I: Infer CARRY group, base inst: u_lprnet_top/u_layer28/genblk1.gen_pages[0].u_max_pool2d/N26.lt_0/gateop, insts:5.
I: Infer CARRY group, base inst: u_lprnet_top/u_layer28/genblk1.gen_pages[0].u_max_pool2d/N29.lt_0/gateop, insts:5.
I: Infer CARRY group, base inst: u_lprnet_top/u_layer28/genblk1.gen_pages[0].u_max_pool2d/N39.lt_0/gateop, insts:5.
I: Infer CARRY group, base inst: u_lprnet_top/u_layer28/genblk1.gen_pages[1].u_max_pool2d/N10.lt_0/gateop, insts:5.
I: Infer CARRY group, base inst: u_lprnet_top/u_layer28/genblk1.gen_pages[1].u_max_pool2d/N13.lt_0/gateop, insts:5.
I: Infer CARRY group, base inst: u_lprnet_top/u_layer28/genblk1.gen_pages[1].u_max_pool2d/N16.lt_0/gateop, insts:5.
I: Infer CARRY group, base inst: u_lprnet_top/u_layer28/genblk1.gen_pages[1].u_max_pool2d/N20.lt_0/gateop, insts:5.
I: Infer CARRY group, base inst: u_lprnet_top/u_layer28/genblk1.gen_pages[1].u_max_pool2d/N23.lt_0/gateop, insts:5.
I: Infer CARRY group, base inst: u_lprnet_top/u_layer28/genblk1.gen_pages[1].u_max_pool2d/N26.lt_0/gateop, insts:5.
I: Infer CARRY group, base inst: u_lprnet_top/u_layer28/genblk1.gen_pages[1].u_max_pool2d/N29.lt_0/gateop, insts:5.
I: Infer CARRY group, base inst: u_lprnet_top/u_layer28/genblk1.gen_pages[1].u_max_pool2d/N39.lt_0/gateop, insts:5.
I: Infer CARRY group, base inst: u_lprnet_top/u_layer28/u_input_layer/N83_1_1/gateop, insts:10.
I: Infer CARRY group, base inst: u_lprnet_top/u_layer28/u_input_layer/N107_1_1/gateop, insts:10.
I: Infer CARRY group, base inst: u_lprnet_top/u_layer28/u_input_layer/N145_1_1/gateop, insts:10.
I: Infer CARRY group, base inst: u_lprnet_top/u_layer28/u_input_layer/N155_1_1/gateop, insts:10.
I: Infer CARRY group, base inst: u_lprnet_top/u_layer29/genblk1.out_inst.u_output_layer/N126_1/gateop, insts:24.
I: Infer CARRY group, base inst: u_lprnet_top/u_layer29/genblk1.out_inst.u_output_layer/N160_1/gateop, insts:29.
I: Infer CARRY group, base inst: u_lprnet_top/u_layer29/genblk1.out_inst.u_output_layer/N228_1/gateop, insts:29.
I: Infer CARRY group, base inst: u_lprnet_top/u_layer29/genblk1.out_inst.u_output_layer/N242_1/gateop, insts:19.
I: Infer CARRY group, base inst: u_lprnet_top/u_layer29/genblk1.out_inst.u_output_layer/N272_1/gateop, insts:24.
I: Infer CARRY group, base inst: u_lprnet_top/u_layer29/genblk1.out_inst.u_output_layer/N306_1/gateop, insts:29.
I: Infer CARRY group, base inst: u_lprnet_top/u_layer29/genblk1.out_inst.u_output_layer/N374_1/gateop, insts:29.
I: Infer CARRY group, base inst: u_lprnet_top/u_layer29/genblk1.out_inst.u_output_layer/N388_1/gateop, insts:19.
I: Infer CARRY group, base inst: u_lprnet_top/u_layer29/genblk1.out_inst.u_output_layer/N416_1/gateop, insts:24.
I: Infer CARRY group, base inst: u_lprnet_top/u_layer29/genblk1.out_inst.u_output_layer/N450_1/gateop, insts:29.
I: Infer CARRY group, base inst: u_lprnet_top/u_layer29/genblk1.out_inst.u_output_layer/N518_1/gateop, insts:29.
I: Infer CARRY group, base inst: u_lprnet_top/u_layer29/genblk1.out_inst.u_output_layer/N532_1/gateop, insts:19.
I: Infer CARRY group, base inst: u_lprnet_top/u_layer29/genblk1.out_inst.u_output_layer/N558_1/gateop, insts:24.
I: Infer CARRY group, base inst: u_lprnet_top/u_layer29/genblk1.out_inst.u_output_layer/N592_1/gateop, insts:29.
I: Infer CARRY group, base inst: u_lprnet_top/u_layer29/genblk1.out_inst.u_output_layer/N660_1/gateop, insts:29.
I: Infer CARRY group, base inst: u_lprnet_top/u_layer29/genblk1.out_inst.u_output_layer/N674_1/gateop, insts:19.
I: Infer CARRY group, base inst: u_lprnet_top/u_layer29/u_input_layer/N75_1_1/gateop, insts:9.
I: Infer CARRY group, base inst: u_lprnet_top/u_layer29/u_input_layer/N99_1_1/gateop, insts:9.
I: Infer CARRY group, base inst: u_lprnet_top/u_layer29/u_input_layer/N137_1_1/gateop, insts:9.
I: Infer CARRY group, base inst: u_lprnet_top/u_layer29/u_input_layer/N147_1_1/gateop, insts:9.
I: Infer CARRY group, base inst: u_lprnet_top/u_layer30/genblk1.out_inst.u_output_layer/N124_0_1/gateop, insts:22.
I: Infer CARRY group, base inst: u_lprnet_top/u_layer30/genblk1.out_inst.u_output_layer/N124_1_1/gateop, insts:23.
I: Infer CARRY group, base inst: u_lprnet_top/u_layer30/genblk1.out_inst.u_output_layer/N133_1/gateop, insts:28.
I: Infer CARRY group, base inst: u_lprnet_top/u_layer30/genblk1.out_inst.u_output_layer/N158_1/gateop, insts:28.
I: Infer CARRY group, base inst: u_lprnet_top/u_layer30/genblk1.out_inst.u_output_layer/N290_1/gateop, insts:28.
I: Infer CARRY group, base inst: u_lprnet_top/u_layer30/genblk1.out_inst.u_output_layer/N304_1/gateop, insts:18.
I: Infer CARRY group, base inst: u_lprnet_top/u_layer30/genblk1.out_inst.u_output_layer/N332_0_1/gateop, insts:22.
I: Infer CARRY group, base inst: u_lprnet_top/u_layer30/genblk1.out_inst.u_output_layer/N332_1_1/gateop, insts:23.
I: Infer CARRY group, base inst: u_lprnet_top/u_layer30/genblk1.out_inst.u_output_layer/N341_1/gateop, insts:28.
I: Infer CARRY group, base inst: u_lprnet_top/u_layer30/genblk1.out_inst.u_output_layer/N366_1/gateop, insts:28.
I: Infer CARRY group, base inst: u_lprnet_top/u_layer30/genblk1.out_inst.u_output_layer/N498_1/gateop, insts:28.
I: Infer CARRY group, base inst: u_lprnet_top/u_layer30/genblk1.out_inst.u_output_layer/N512_1/gateop, insts:18.
I: Infer CARRY group, base inst: u_lprnet_top/u_layer30/u_input_layer/N67_1_1/gateop, insts:9.
I: Infer CARRY group, base inst: u_lprnet_top/u_layer30/u_input_layer/N91_1_1/gateop, insts:9.
I: Infer CARRY group, base inst: u_lprnet_top/u_layer31/genblk1.out_inst.u_output_layer/N126_1/gateop, insts:20.
I: Infer CARRY group, base inst: u_lprnet_top/u_layer31/genblk1.out_inst.u_output_layer/N160_1/gateop, insts:26.
I: Infer CARRY group, base inst: u_lprnet_top/u_layer31/genblk1.out_inst.u_output_layer/N228_1/gateop, insts:26.
I: Infer CARRY group, base inst: u_lprnet_top/u_layer31/genblk1.out_inst.u_output_layer/N242_1/gateop, insts:16.
I: Infer CARRY group, base inst: u_lprnet_top/u_layer31/genblk1.out_inst.u_output_layer/N273_1/gateop, insts:20.
I: Infer CARRY group, base inst: u_lprnet_top/u_layer31/genblk1.out_inst.u_output_layer/N307_1/gateop, insts:26.
I: Infer CARRY group, base inst: u_lprnet_top/u_layer31/genblk1.out_inst.u_output_layer/N375_1/gateop, insts:26.
I: Infer CARRY group, base inst: u_lprnet_top/u_layer31/genblk1.out_inst.u_output_layer/N389_1/gateop, insts:16.
I: Infer CARRY group, base inst: u_lprnet_top/u_layer31/genblk1.out_inst.u_output_layer/N418_1/gateop, insts:20.
I: Infer CARRY group, base inst: u_lprnet_top/u_layer31/genblk1.out_inst.u_output_layer/N452_1/gateop, insts:26.
I: Infer CARRY group, base inst: u_lprnet_top/u_layer31/genblk1.out_inst.u_output_layer/N520_1/gateop, insts:26.
I: Infer CARRY group, base inst: u_lprnet_top/u_layer31/genblk1.out_inst.u_output_layer/N534_1/gateop, insts:16.
I: Infer CARRY group, base inst: u_lprnet_top/u_layer31/genblk1.out_inst.u_output_layer/N561_1/gateop, insts:20.
I: Infer CARRY group, base inst: u_lprnet_top/u_layer31/genblk1.out_inst.u_output_layer/N595_1/gateop, insts:26.
I: Infer CARRY group, base inst: u_lprnet_top/u_layer31/genblk1.out_inst.u_output_layer/N663_1/gateop, insts:26.
I: Infer CARRY group, base inst: u_lprnet_top/u_layer31/genblk1.out_inst.u_output_layer/N677_1/gateop, insts:16.
I: Infer CARRY group, base inst: u_lprnet_top/u_layer31/u_input_layer/N63_1_1/gateop, insts:10.
I: Infer CARRY group, base inst: u_lprnet_top/u_layer31/u_input_layer/N87_1_1/gateop, insts:10.
I: Infer CARRY group, base inst: u_lprnet_top/u_post_process/u_extrema_finder/N2.slt_0/gateop, insts:7.
I: Infer CARRY group, base inst: u_lprnet_top/u_post_process/u_extrema_finder/N7.slt_0/gateop, insts:7.
I: Infer CARRY group, base inst: u_lprnet_top/u_post_process/u_extrema_finder/N12.slt_0/gateop, insts:7.
I: Infer CARRY group, base inst: u_lprnet_top/u_post_process/u_extrema_finder/N37.slt_0/gateop, insts:7.
I: Infer CARRY group, base inst: u_lprnet_top/u_post_process/u_spatial_sum/N20_1_1/gateop, insts:9.
I: Infer CARRY group, base inst: u_lprnet_top/u_post_process/u_spatial_sum/N53_1/gateop, insts:13.
I: Infer CARRY group, base inst: u_lprnet_top/u_post_process/u_spatial_sum/N84_1/gateop, insts:13.
I: Infer CARRY group, base inst: u_lprnet_top/u_post_process/u_spatial_sum/N115_1/gateop, insts:13.
I: Infer CARRY group, base inst: u_lprnet_top/u_post_process/u_spatial_sum/N146_1/gateop, insts:13.
I: Infer CARRY group, base inst: u_top_yolo/u_layer0/genblk1.out_inst.u_output_layer/N66_1_0/gateop, insts:10.
I: Infer CARRY group, base inst: u_top_yolo/u_layer0/genblk1.out_inst.u_output_layer/N111_0_1/gateop, insts:22.
I: Infer CARRY group, base inst: u_top_yolo/u_layer0/genblk1.out_inst.u_output_layer/N111_1_1/gateop, insts:22.
I: Infer CARRY group, base inst: u_top_yolo/u_layer0/genblk1.out_inst.u_output_layer/N145_1/gateop, insts:22.
I: Infer CARRY group, base inst: u_top_yolo/u_layer0/genblk1.out_inst.u_output_layer/N165_1/gateop, insts:22.
I: Infer CARRY group, base inst: u_top_yolo/u_layer0/genblk1.out_inst.u_output_layer/N179_1/gateop, insts:13.
I: Infer CARRY group, base inst: u_top_yolo/u_layer0/u_input_layer/N85_1_1/gateop, insts:10.
I: Infer CARRY group, base inst: u_top_yolo/u_layer0/u_input_layer/N109_1_1/gateop, insts:10.
I: Infer CARRY group, base inst: u_top_yolo/u_layer0/u_input_layer/N147_1_1/gateop, insts:10.
I: Infer CARRY group, base inst: u_top_yolo/u_layer0/u_input_layer/N157_1_1/gateop, insts:10.
I: Infer CARRY group, base inst: u_top_yolo/u_layer0/u_input_layer/N188_1_1/gateop, insts:9.
I: Infer CARRY group, base inst: u_top_yolo/u_layer0/u_input_layer/N423_1.fsub_4/gateop, insts:7.
I: Infer CARRY group, base inst: u_top_yolo/u_layer0/u_input_layer/N427_1.fsub_4/gateop, insts:8.
I: Infer CARRY group, base inst: u_top_yolo/u_layer1/genblk1.out_inst.u_output_layer/N158_1/gateop, insts:24.
I: Infer CARRY group, base inst: u_top_yolo/u_layer1/genblk1.out_inst.u_output_layer/N170_1/gateop, insts:24.
I: Infer CARRY group, base inst: u_top_yolo/u_layer1/genblk1.out_inst.u_output_layer/N184_1/gateop, insts:18.
I: Infer CARRY group, base inst: u_top_yolo/u_layer1/genblk1.out_inst.u_output_layer/N246_1/gateop, insts:24.
I: Infer CARRY group, base inst: u_top_yolo/u_layer1/genblk1.out_inst.u_output_layer/N258_2/gateop, insts:23.
I: Infer CARRY group, base inst: u_top_yolo/u_layer1/genblk1.out_inst.u_output_layer/N272_1/gateop, insts:18.
I: Infer CARRY group, base inst: u_top_yolo/u_layer1/genblk1.out_inst.u_output_layer/N332_1/gateop, insts:24.
I: Infer CARRY group, base inst: u_top_yolo/u_layer1/genblk1.out_inst.u_output_layer/N344_1/gateop, insts:24.
I: Infer CARRY group, base inst: u_top_yolo/u_layer1/genblk1.out_inst.u_output_layer/N358_1/gateop, insts:18.
I: Infer CARRY group, base inst: u_top_yolo/u_layer1/genblk1.out_inst.u_output_layer/N416_1/gateop, insts:24.
I: Infer CARRY group, base inst: u_top_yolo/u_layer1/genblk1.out_inst.u_output_layer/N428_1/gateop, insts:24.
I: Infer CARRY group, base inst: u_top_yolo/u_layer1/genblk1.out_inst.u_output_layer/N442_1/gateop, insts:18.
I: Infer CARRY group, base inst: u_top_yolo/u_layer1/u_input_layer/N79_1_1/gateop, insts:12.
I: Infer CARRY group, base inst: u_top_yolo/u_layer1/u_input_layer/N101_1_1/gateop, insts:12.
I: Infer CARRY group, base inst: u_top_yolo/u_layer1/u_input_layer/N139_1_1/gateop, insts:12.
I: Infer CARRY group, base inst: u_top_yolo/u_layer1/u_input_layer/N149_1_1/gateop, insts:12.
I: Infer CARRY group, base inst: u_top_yolo/u_layer1/u_input_layer/N443_1.fsub_4/gateop, insts:7.
I: Infer CARRY group, base inst: u_top_yolo/u_layer2/genblk1.out_inst.u_output_layer/N121_0_1/gateop, insts:22.
I: Infer CARRY group, base inst: u_top_yolo/u_layer2/genblk1.out_inst.u_output_layer/N121_1_1/gateop, insts:23.
I: Infer CARRY group, base inst: u_top_yolo/u_layer2/genblk1.out_inst.u_output_layer/N130_1/gateop, insts:25.
I: Infer CARRY group, base inst: u_top_yolo/u_layer2/genblk1.out_inst.u_output_layer/N155_1/gateop, insts:25.
I: Infer CARRY group, base inst: u_top_yolo/u_layer2/genblk1.out_inst.u_output_layer/N223_1/gateop, insts:25.
I: Infer CARRY group, base inst: u_top_yolo/u_layer2/genblk1.out_inst.u_output_layer/N237_1/gateop, insts:17.
I: Infer CARRY group, base inst: u_top_yolo/u_layer2/u_input_layer/N87_1_1/gateop, insts:10.
I: Infer CARRY group, base inst: u_top_yolo/u_layer2/u_input_layer/N111_1_1/gateop, insts:10.
I: Infer CARRY group, base inst: u_top_yolo/u_layer2/u_input_layer/N149_1_1/gateop, insts:10.
I: Infer CARRY group, base inst: u_top_yolo/u_layer2/u_input_layer/N159_1_1/gateop, insts:10.
I: Infer CARRY group, base inst: u_top_yolo/u_layer3/genblk1.out_inst.u_output_layer/N158_1/gateop, insts:26.
I: Infer CARRY group, base inst: u_top_yolo/u_layer3/genblk1.out_inst.u_output_layer/N194_1/gateop, insts:26.
I: Infer CARRY group, base inst: u_top_yolo/u_layer3/genblk1.out_inst.u_output_layer/N208_1/gateop, insts:17.
I: Infer CARRY group, base inst: u_top_yolo/u_layer3/genblk1.out_inst.u_output_layer/N270_1/gateop, insts:26.
I: Infer CARRY group, base inst: u_top_yolo/u_layer3/genblk1.out_inst.u_output_layer/N306_1/gateop, insts:26.
I: Infer CARRY group, base inst: u_top_yolo/u_layer3/genblk1.out_inst.u_output_layer/N320_1/gateop, insts:17.
I: Infer CARRY group, base inst: u_top_yolo/u_layer3/genblk1.out_inst.u_output_layer/N380_1/gateop, insts:26.
I: Infer CARRY group, base inst: u_top_yolo/u_layer3/genblk1.out_inst.u_output_layer/N416_1/gateop, insts:26.
I: Infer CARRY group, base inst: u_top_yolo/u_layer3/genblk1.out_inst.u_output_layer/N430_1/gateop, insts:17.
I: Infer CARRY group, base inst: u_top_yolo/u_layer3/genblk1.out_inst.u_output_layer/N488_1/gateop, insts:26.
I: Infer CARRY group, base inst: u_top_yolo/u_layer3/genblk1.out_inst.u_output_layer/N524_1/gateop, insts:26.
I: Infer CARRY group, base inst: u_top_yolo/u_layer3/genblk1.out_inst.u_output_layer/N538_1/gateop, insts:17.
I: Infer CARRY group, base inst: u_top_yolo/u_layer3/u_input_layer/N81_1_1/gateop, insts:12.
I: Infer CARRY group, base inst: u_top_yolo/u_layer3/u_input_layer/N105_1_1/gateop, insts:12.
I: Infer CARRY group, base inst: u_top_yolo/u_layer3/u_input_layer/N143_1_1/gateop, insts:12.
I: Infer CARRY group, base inst: u_top_yolo/u_layer3/u_input_layer/N153_1_1/gateop, insts:12.
I: Infer CARRY group, base inst: u_top_yolo/u_layer4/genblk1.out_inst.u_output_layer/N124_0_1/gateop, insts:22.
I: Infer CARRY group, base inst: u_top_yolo/u_layer4/genblk1.out_inst.u_output_layer/N124_1_1/gateop, insts:23.
I: Infer CARRY group, base inst: u_top_yolo/u_layer4/genblk1.out_inst.u_output_layer/N133_1/gateop, insts:27.
I: Infer CARRY group, base inst: u_top_yolo/u_layer4/genblk1.out_inst.u_output_layer/N158_1/gateop, insts:27.
I: Infer CARRY group, base inst: u_top_yolo/u_layer4/genblk1.out_inst.u_output_layer/N226_1/gateop, insts:27.
I: Infer CARRY group, base inst: u_top_yolo/u_layer4/genblk1.out_inst.u_output_layer/N240_1/gateop, insts:19.
I: Infer CARRY group, base inst: u_top_yolo/u_layer4/genblk1.out_inst.u_output_layer/N268_0_1/gateop, insts:22.
I: Infer CARRY group, base inst: u_top_yolo/u_layer4/genblk1.out_inst.u_output_layer/N268_1_1/gateop, insts:23.
I: Infer CARRY group, base inst: u_top_yolo/u_layer4/genblk1.out_inst.u_output_layer/N277_1/gateop, insts:27.
I: Infer CARRY group, base inst: u_top_yolo/u_layer4/genblk1.out_inst.u_output_layer/N302_1/gateop, insts:27.
I: Infer CARRY group, base inst: u_top_yolo/u_layer4/genblk1.out_inst.u_output_layer/N370_1/gateop, insts:27.
I: Infer CARRY group, base inst: u_top_yolo/u_layer4/genblk1.out_inst.u_output_layer/N384_1/gateop, insts:19.
I: Infer CARRY group, base inst: u_top_yolo/u_layer4/u_input_layer/N79_1_1/gateop, insts:10.
I: Infer CARRY group, base inst: u_top_yolo/u_layer4/u_input_layer/N103_1_1/gateop, insts:10.
I: Infer CARRY group, base inst: u_top_yolo/u_layer4/u_input_layer/N141_1_1/gateop, insts:10.
I: Infer CARRY group, base inst: u_top_yolo/u_layer4/u_input_layer/N151_1_1/gateop, insts:10.
I: Infer CARRY group, base inst: u_top_yolo/u_layer5/genblk1.out_inst.u_output_layer/N122_1/gateop, insts:22.
I: Infer CARRY group, base inst: u_top_yolo/u_layer5/genblk1.out_inst.u_output_layer/N156_1/gateop, insts:27.
I: Infer CARRY group, base inst: u_top_yolo/u_layer5/genblk1.out_inst.u_output_layer/N192_1/gateop, insts:27.
I: Infer CARRY group, base inst: u_top_yolo/u_layer5/genblk1.out_inst.u_output_layer/N206_1/gateop, insts:18.
I: Infer CARRY group, base inst: u_top_yolo/u_layer5/genblk1.out_inst.u_output_layer/N232_1/gateop, insts:22.
I: Infer CARRY group, base inst: u_top_yolo/u_layer5/genblk1.out_inst.u_output_layer/N266_1/gateop, insts:27.
I: Infer CARRY group, base inst: u_top_yolo/u_layer5/genblk1.out_inst.u_output_layer/N302_1/gateop, insts:27.
I: Infer CARRY group, base inst: u_top_yolo/u_layer5/genblk1.out_inst.u_output_layer/N316_1/gateop, insts:18.
I: Infer CARRY group, base inst: u_top_yolo/u_layer5/u_input_layer/N75_1_1/gateop, insts:11.
I: Infer CARRY group, base inst: u_top_yolo/u_layer5/u_input_layer/N99_1_1/gateop, insts:11.
I: Infer CARRY group, base inst: u_top_yolo/u_layer5/u_input_layer/N137_1_1/gateop, insts:11.
I: Infer CARRY group, base inst: u_top_yolo/u_layer5/u_input_layer/N147_1_1/gateop, insts:11.
I: Infer CARRY group, base inst: u_top_yolo/u_layer6/genblk1.out_inst.u_output_layer/N119_1/gateop, insts:22.
I: Infer CARRY group, base inst: u_top_yolo/u_layer6/genblk1.out_inst.u_output_layer/N153_1/gateop, insts:26.
I: Infer CARRY group, base inst: u_top_yolo/u_layer6/genblk1.out_inst.u_output_layer/N221_1/gateop, insts:26.
I: Infer CARRY group, base inst: u_top_yolo/u_layer6/genblk1.out_inst.u_output_layer/N235_1/gateop, insts:19.
I: Infer CARRY group, base inst: u_top_yolo/u_layer6/u_input_layer/N75_1_1/gateop, insts:10.
I: Infer CARRY group, base inst: u_top_yolo/u_layer6/u_input_layer/N99_1_1/gateop, insts:10.
I: Infer CARRY group, base inst: u_top_yolo/u_layer6/u_input_layer/N137_1_1/gateop, insts:10.
I: Infer CARRY group, base inst: u_top_yolo/u_layer6/u_input_layer/N147_1_1/gateop, insts:10.
I: Infer CARRY group, base inst: u_top_yolo/u_layer7/genblk1.out_inst.u_output_layer/N151_1/gateop, insts:22.
I: Infer CARRY group, base inst: u_top_yolo/u_layer7/genblk1.out_inst.u_output_layer/N187_1/gateop, insts:22.
I: Infer CARRY group, base inst: u_top_yolo/u_layer7/genblk1.out_inst.u_output_layer/N201_1/gateop, insts:13.
I: Infer CARRY group, base inst: u_top_yolo/u_layer7/u_input_layer/N61_1_1/gateop, insts:11.
I: Infer CARRY group, base inst: u_top_yolo/u_layer7/u_input_layer/N85_1_1/gateop, insts:11.
I: Infer CARRY group, base inst: u_top_yolo/u_layer8/genblk1.out_inst.u_output_layer/N122_1/gateop, insts:22.
I: Infer CARRY group, base inst: u_top_yolo/u_layer8/genblk1.out_inst.u_output_layer/N156_1/gateop, insts:27.
I: Infer CARRY group, base inst: u_top_yolo/u_layer8/genblk1.out_inst.u_output_layer/N192_1/gateop, insts:27.
I: Infer CARRY group, base inst: u_top_yolo/u_layer8/genblk1.out_inst.u_output_layer/N206_1/gateop, insts:18.
I: Infer CARRY group, base inst: u_top_yolo/u_layer8/genblk1.out_inst.u_output_layer/N232_1/gateop, insts:22.
I: Infer CARRY group, base inst: u_top_yolo/u_layer8/genblk1.out_inst.u_output_layer/N266_1/gateop, insts:27.
I: Infer CARRY group, base inst: u_top_yolo/u_layer8/genblk1.out_inst.u_output_layer/N302_1/gateop, insts:27.
I: Infer CARRY group, base inst: u_top_yolo/u_layer8/genblk1.out_inst.u_output_layer/N316_1/gateop, insts:18.
I: Infer CARRY group, base inst: u_top_yolo/u_layer8/u_input_layer/N75_1_1/gateop, insts:11.
I: Infer CARRY group, base inst: u_top_yolo/u_layer8/u_input_layer/N99_1_1/gateop, insts:11.
I: Infer CARRY group, base inst: u_top_yolo/u_layer8/u_input_layer/N137_1_1/gateop, insts:11.
I: Infer CARRY group, base inst: u_top_yolo/u_layer8/u_input_layer/N147_1_1/gateop, insts:11.
I: Infer CARRY group, base inst: u_top_yolo/u_layer9/genblk1.out_inst.u_output_layer/N119_1/gateop, insts:22.
I: Infer CARRY group, base inst: u_top_yolo/u_layer9/genblk1.out_inst.u_output_layer/N153_1/gateop, insts:26.
I: Infer CARRY group, base inst: u_top_yolo/u_layer9/genblk1.out_inst.u_output_layer/N221_1/gateop, insts:26.
I: Infer CARRY group, base inst: u_top_yolo/u_layer9/genblk1.out_inst.u_output_layer/N235_1/gateop, insts:18.
I: Infer CARRY group, base inst: u_top_yolo/u_layer9/u_input_layer/N75_1_1/gateop, insts:10.
I: Infer CARRY group, base inst: u_top_yolo/u_layer9/u_input_layer/N99_1_1/gateop, insts:10.
I: Infer CARRY group, base inst: u_top_yolo/u_layer9/u_input_layer/N137_1_1/gateop, insts:10.
I: Infer CARRY group, base inst: u_top_yolo/u_layer9/u_input_layer/N147_1_1/gateop, insts:10.
I: Infer CARRY group, base inst: u_top_yolo/u_layer10/genblk1.out_inst.u_output_layer/N151_1/gateop, insts:22.
I: Infer CARRY group, base inst: u_top_yolo/u_layer10/genblk1.out_inst.u_output_layer/N187_2/gateop, insts:21.
I: Infer CARRY group, base inst: u_top_yolo/u_layer10/genblk1.out_inst.u_output_layer/N201_1/gateop, insts:13.
I: Infer CARRY group, base inst: u_top_yolo/u_layer10/u_input_layer/N61_1_1/gateop, insts:11.
I: Infer CARRY group, base inst: u_top_yolo/u_layer10/u_input_layer/N85_1_1/gateop, insts:11.
I: Infer CARRY group, base inst: u_top_yolo/u_post_process/u_finder/N19.slt_0/gateop, insts:5.
I: Infer CARRY group, base inst: u_ddr_video_delay_sync/u_ddr3_test/u_ddrphy_top/ddrphy_cpd_ctrl/N166_1_1/gateop, insts:9.
I: Infer CARRY group, base inst: u_ddr_video_delay_sync/u_ddr3_test/u_ddrphy_top/ddrphy_dll_update_ctrl/N64_1_1/gateop, insts:18.
I: Infer CARRY group, base inst: u_ddr_video_delay_sync/u_ddr3_test/u_ddrphy_top/ddrphy_dll_update_ctrl/N103/gateop, insts:2.
I: Infer CARRY group, base inst: u_ddr_video_delay_sync/u_ddr3_test/u_ddrphy_top/ddrphy_reset_ctrl/N250_10/gateop, insts:2.
I: Infer CARRY group, base inst: u_ddr_video_delay_sync/u_ddr3_test/u_ddrphy_top/u_ips2l_ddrphy_rst_clk_phase_adj/N81_1_1/gateop, insts:9.
I: Infer CARRY group, base inst: u_ddr_video_delay_sync/u_ddr3_test/u_ips_ddrc_top/mcdq_ui_axi/N69_2_0/gateop, insts:26.
I: Infer CARRY group, base inst: u_ddr_video_delay_sync/u_ddr3_test/u_ips_ddrc_top/mcdq_ui_axi/N185.eq_0/gateop, insts:8.
I: Infer CARRY group, base inst: u_ddr_video_delay_sync/u_ddr3_test/u_ips_ddrc_top/mcdq_ui_axi/column_addr_end_1_0/gateop, insts:8.
I: Infer CARRY group, base inst: u_lprnet_top/u_layer29/genblk1.gen_pages[0].pe_inst.u_pe_page/u_w_manager/N7_1_1/gateop, insts:9.
I: Infer CARRY group, base inst: u_lprnet_top/u_layer30/genblk1.gen_pages[0].pe_inst.u_pe_page/u_w_manager/N7_1_1/gateop, insts:10.
I: Infer CARRY group, base inst: u_lprnet_top/u_layer31/genblk1.gen_pages[0].pe_inst.u_pe_page/u_w_manager/N7_1_1/gateop, insts:10.
I: Infer CARRY group, base inst: u_ddr_video_delay_sync/u_ddr3_test/u_ddrphy_top/ddrphy_calib_top/ddrphy_init/N4_1_1/gateop, insts:19.
I: Infer CARRY group, base inst: u_ddr_video_delay_sync/u_ddr3_test/u_ddrphy_top/ddrphy_calib_top/ddrphy_init/N24_1_1/gateop, insts:19.
I: Infer CARRY group, base inst: u_ddr_video_delay_sync/u_ddr3_test/u_ddrphy_top/ddrphy_calib_top/ddrphy_init/N116_1_1/gateop, insts:9.
I: Infer CARRY group, base inst: u_ddr_video_delay_sync/u_ddr3_test/u_ddrphy_top/ddrphy_calib_top/ddrphy_init/init_next_state_8[0]/gateop, insts:2.
I: Infer CARRY group, base inst: u_ddr_video_delay_sync/u_ddr3_test/u_ddrphy_top/ddrphy_calib_top/ddrphy_wrcal/N30_1_1/gateop, insts:17.
I: Infer CARRY group, base inst: u_ddr_video_delay_sync/u_ddr3_test/u_ddrphy_top/ddrphy_reset_ctrl/ddrphy_pll_lock_debounce/N11_1_1/gateop, insts:18.
I: Infer CARRY group, base inst: u_ddr_video_delay_sync/u_ddr3_test/u_ddrphy_top/ddrphy_reset_ctrl/ddrphy_pll_lock_debounce/N39_23/gateop, insts:4.
I: Infer CARRY group, base inst: u_ddr_video_delay_sync/u_ddr3_test/u_ips_ddrc_top/mcdq_dcd_top/mcdq_dcd_bm/N37_1_1/gateop, insts:12.
I: Infer CARRY group, base inst: u_ddr_video_delay_sync/u_ddr3_test/u_ips_ddrc_top/mcdq_dcp_top/mcdq_dcp_back_ctrl/N210/gateop, insts:2.
I: Infer CARRY group, base inst: u_lprnet_top/u_layer27/genblk1.gen_pages[0].pe_inst.u_pe_page/pe_col_inst[0].u_pe_col/pe_inst[0].u_pe_1/N5_1/gateop, insts:23.
I: Infer CARRY group, base inst: u_lprnet_top/u_layer27/genblk1.gen_pages[0].pe_inst.u_pe_page/pe_col_inst[0].u_pe_col/pe_inst[0].u_pe_2/N5_1/gateop, insts:23.
I: Infer CARRY group, base inst: u_lprnet_top/u_layer27/genblk1.gen_pages[0].pe_inst.u_pe_page/pe_col_inst[0].u_pe_col/pe_inst[0].u_pe_3/N5_1/gateop, insts:23.
I: Infer CARRY group, base inst: u_lprnet_top/u_layer27/genblk1.gen_pages[0].pe_inst.u_pe_page/pe_col_inst[0].u_pe_col/pe_inst[0].u_pe_4/N5_1/gateop, insts:23.
I: Infer CARRY group, base inst: u_lprnet_top/u_layer27/genblk1.gen_pages[0].pe_inst.u_pe_page/pe_col_inst[0].u_pe_col/pe_inst[0].u_pe_5/N5_1/gateop, insts:23.
I: Infer CARRY group, base inst: u_lprnet_top/u_layer27/genblk1.gen_pages[0].pe_inst.u_pe_page/pe_col_inst[0].u_pe_col/pe_inst[0].u_pe_6/N5_1/gateop, insts:23.
I: Infer CARRY group, base inst: u_lprnet_top/u_layer27/genblk1.gen_pages[0].pe_inst.u_pe_page/pe_col_inst[0].u_pe_col/pe_inst[0].u_pe_7/N5_1/gateop, insts:23.
I: Infer CARRY group, base inst: u_lprnet_top/u_layer27/genblk1.gen_pages[0].pe_inst.u_pe_page/pe_col_inst[0].u_pe_col/pe_inst[0].u_pe_8/N5_1/gateop, insts:23.
I: Infer CARRY group, base inst: u_lprnet_top/u_layer27/genblk1.gen_pages[0].pe_inst.u_pe_page/pe_col_inst[1].u_pe_col/pe_inst[0].u_pe_1/N5_1/gateop, insts:23.
I: Infer CARRY group, base inst: u_lprnet_top/u_layer27/genblk1.gen_pages[0].pe_inst.u_pe_page/pe_col_inst[1].u_pe_col/pe_inst[0].u_pe_2/N5_1/gateop, insts:23.
I: Infer CARRY group, base inst: u_lprnet_top/u_layer27/genblk1.gen_pages[0].pe_inst.u_pe_page/pe_col_inst[1].u_pe_col/pe_inst[0].u_pe_3/N5_1/gateop, insts:23.
I: Infer CARRY group, base inst: u_lprnet_top/u_layer27/genblk1.gen_pages[0].pe_inst.u_pe_page/pe_col_inst[1].u_pe_col/pe_inst[0].u_pe_4/N5_1/gateop, insts:23.
I: Infer CARRY group, base inst: u_lprnet_top/u_layer27/genblk1.gen_pages[0].pe_inst.u_pe_page/pe_col_inst[1].u_pe_col/pe_inst[0].u_pe_5/N5_1/gateop, insts:23.
I: Infer CARRY group, base inst: u_lprnet_top/u_layer27/genblk1.gen_pages[0].pe_inst.u_pe_page/pe_col_inst[1].u_pe_col/pe_inst[0].u_pe_6/N5_1/gateop, insts:23.
I: Infer CARRY group, base inst: u_lprnet_top/u_layer27/genblk1.gen_pages[0].pe_inst.u_pe_page/pe_col_inst[1].u_pe_col/pe_inst[0].u_pe_7/N5_1/gateop, insts:23.
I: Infer CARRY group, base inst: u_lprnet_top/u_layer27/genblk1.gen_pages[0].pe_inst.u_pe_page/pe_col_inst[1].u_pe_col/pe_inst[0].u_pe_8/N5_1/gateop, insts:23.
I: Infer CARRY group, base inst: u_lprnet_top/u_layer27/genblk1.gen_pages[1].pe_inst.u_pe_page/pe_col_inst[0].u_pe_col/pe_inst[0].u_pe_1/N5_1/gateop, insts:23.
I: Infer CARRY group, base inst: u_lprnet_top/u_layer27/genblk1.gen_pages[1].pe_inst.u_pe_page/pe_col_inst[0].u_pe_col/pe_inst[0].u_pe_2/N5_1/gateop, insts:23.
I: Infer CARRY group, base inst: u_lprnet_top/u_layer27/genblk1.gen_pages[1].pe_inst.u_pe_page/pe_col_inst[0].u_pe_col/pe_inst[0].u_pe_3/N5_1/gateop, insts:23.
I: Infer CARRY group, base inst: u_lprnet_top/u_layer27/genblk1.gen_pages[1].pe_inst.u_pe_page/pe_col_inst[0].u_pe_col/pe_inst[0].u_pe_4/N5_1/gateop, insts:23.
I: Infer CARRY group, base inst: u_lprnet_top/u_layer27/genblk1.gen_pages[1].pe_inst.u_pe_page/pe_col_inst[0].u_pe_col/pe_inst[0].u_pe_5/N5_1/gateop, insts:23.
I: Infer CARRY group, base inst: u_lprnet_top/u_layer27/genblk1.gen_pages[1].pe_inst.u_pe_page/pe_col_inst[0].u_pe_col/pe_inst[0].u_pe_6/N5_1/gateop, insts:23.
I: Infer CARRY group, base inst: u_lprnet_top/u_layer27/genblk1.gen_pages[1].pe_inst.u_pe_page/pe_col_inst[0].u_pe_col/pe_inst[0].u_pe_7/N5_1/gateop, insts:23.
I: Infer CARRY group, base inst: u_lprnet_top/u_layer27/genblk1.gen_pages[1].pe_inst.u_pe_page/pe_col_inst[0].u_pe_col/pe_inst[0].u_pe_8/N5_1/gateop, insts:23.
I: Infer CARRY group, base inst: u_lprnet_top/u_layer27/genblk1.gen_pages[1].pe_inst.u_pe_page/pe_col_inst[1].u_pe_col/pe_inst[0].u_pe_1/N5_1/gateop, insts:23.
I: Infer CARRY group, base inst: u_lprnet_top/u_layer27/genblk1.gen_pages[1].pe_inst.u_pe_page/pe_col_inst[1].u_pe_col/pe_inst[0].u_pe_2/N5_1/gateop, insts:23.
I: Infer CARRY group, base inst: u_lprnet_top/u_layer27/genblk1.gen_pages[1].pe_inst.u_pe_page/pe_col_inst[1].u_pe_col/pe_inst[0].u_pe_3/N5_1/gateop, insts:23.
I: Infer CARRY group, base inst: u_lprnet_top/u_layer27/genblk1.gen_pages[1].pe_inst.u_pe_page/pe_col_inst[1].u_pe_col/pe_inst[0].u_pe_4/N5_1/gateop, insts:23.
I: Infer CARRY group, base inst: u_lprnet_top/u_layer27/genblk1.gen_pages[1].pe_inst.u_pe_page/pe_col_inst[1].u_pe_col/pe_inst[0].u_pe_5/N5_1/gateop, insts:23.
I: Infer CARRY group, base inst: u_lprnet_top/u_layer27/genblk1.gen_pages[1].pe_inst.u_pe_page/pe_col_inst[1].u_pe_col/pe_inst[0].u_pe_6/N5_1/gateop, insts:23.
I: Infer CARRY group, base inst: u_lprnet_top/u_layer27/genblk1.gen_pages[1].pe_inst.u_pe_page/pe_col_inst[1].u_pe_col/pe_inst[0].u_pe_7/N5_1/gateop, insts:23.
I: Infer CARRY group, base inst: u_lprnet_top/u_layer27/genblk1.gen_pages[1].pe_inst.u_pe_page/pe_col_inst[1].u_pe_col/pe_inst[0].u_pe_8/N5_1/gateop, insts:23.
I: Infer CARRY group, base inst: u_lprnet_top/u_layer29/genblk1.gen_pages[0].pe_inst.u_pe_page/pe_col_inst[0].u_pe_col/pe_inst[0].u_pe_1/N5_1/gateop, insts:23.
I: Infer CARRY group, base inst: u_lprnet_top/u_layer29/genblk1.gen_pages[0].pe_inst.u_pe_page/pe_col_inst[0].u_pe_col/pe_inst[0].u_pe_2/N5_1/gateop, insts:23.
I: Infer CARRY group, base inst: u_lprnet_top/u_layer29/genblk1.gen_pages[0].pe_inst.u_pe_page/pe_col_inst[0].u_pe_col/pe_inst[0].u_pe_3/N5_1/gateop, insts:23.
I: Infer CARRY group, base inst: u_lprnet_top/u_layer29/genblk1.gen_pages[0].pe_inst.u_pe_page/pe_col_inst[0].u_pe_col/pe_inst[0].u_pe_4/N5_1/gateop, insts:23.
I: Infer CARRY group, base inst: u_lprnet_top/u_layer29/genblk1.gen_pages[0].pe_inst.u_pe_page/pe_col_inst[0].u_pe_col/pe_inst[0].u_pe_5/N5_1/gateop, insts:23.
I: Infer CARRY group, base inst: u_lprnet_top/u_layer29/genblk1.gen_pages[0].pe_inst.u_pe_page/pe_col_inst[0].u_pe_col/pe_inst[0].u_pe_6/N5_1/gateop, insts:23.
I: Infer CARRY group, base inst: u_lprnet_top/u_layer29/genblk1.gen_pages[0].pe_inst.u_pe_page/pe_col_inst[0].u_pe_col/pe_inst[0].u_pe_7/N5_1/gateop, insts:23.
I: Infer CARRY group, base inst: u_lprnet_top/u_layer29/genblk1.gen_pages[0].pe_inst.u_pe_page/pe_col_inst[0].u_pe_col/pe_inst[0].u_pe_8/N5_1/gateop, insts:23.
I: Infer CARRY group, base inst: u_lprnet_top/u_layer29/genblk1.gen_pages[0].pe_inst.u_pe_page/pe_col_inst[1].u_pe_col/pe_inst[0].u_pe_1/N5_1/gateop, insts:23.
I: Infer CARRY group, base inst: u_lprnet_top/u_layer29/genblk1.gen_pages[0].pe_inst.u_pe_page/pe_col_inst[1].u_pe_col/pe_inst[0].u_pe_2/N5_1/gateop, insts:23.
I: Infer CARRY group, base inst: u_lprnet_top/u_layer29/genblk1.gen_pages[0].pe_inst.u_pe_page/pe_col_inst[1].u_pe_col/pe_inst[0].u_pe_3/N5_1/gateop, insts:23.
I: Infer CARRY group, base inst: u_lprnet_top/u_layer29/genblk1.gen_pages[0].pe_inst.u_pe_page/pe_col_inst[1].u_pe_col/pe_inst[0].u_pe_4/N5_1/gateop, insts:23.
I: Infer CARRY group, base inst: u_lprnet_top/u_layer29/genblk1.gen_pages[0].pe_inst.u_pe_page/pe_col_inst[1].u_pe_col/pe_inst[0].u_pe_5/N5_1/gateop, insts:23.
I: Infer CARRY group, base inst: u_lprnet_top/u_layer29/genblk1.gen_pages[0].pe_inst.u_pe_page/pe_col_inst[1].u_pe_col/pe_inst[0].u_pe_6/N5_1/gateop, insts:23.
I: Infer CARRY group, base inst: u_lprnet_top/u_layer29/genblk1.gen_pages[0].pe_inst.u_pe_page/pe_col_inst[1].u_pe_col/pe_inst[0].u_pe_7/N5_1/gateop, insts:23.
I: Infer CARRY group, base inst: u_lprnet_top/u_layer29/genblk1.gen_pages[0].pe_inst.u_pe_page/pe_col_inst[1].u_pe_col/pe_inst[0].u_pe_8/N5_1/gateop, insts:23.
I: Infer CARRY group, base inst: u_lprnet_top/u_layer29/genblk1.gen_pages[0].pe_inst.u_pe_page/pe_col_inst[2].u_pe_col/pe_inst[0].u_pe_1/N5_1/gateop, insts:23.
I: Infer CARRY group, base inst: u_lprnet_top/u_layer29/genblk1.gen_pages[0].pe_inst.u_pe_page/pe_col_inst[2].u_pe_col/pe_inst[0].u_pe_2/N5_1/gateop, insts:23.
I: Infer CARRY group, base inst: u_lprnet_top/u_layer29/genblk1.gen_pages[0].pe_inst.u_pe_page/pe_col_inst[2].u_pe_col/pe_inst[0].u_pe_3/N5_1/gateop, insts:23.
I: Infer CARRY group, base inst: u_lprnet_top/u_layer29/genblk1.gen_pages[0].pe_inst.u_pe_page/pe_col_inst[2].u_pe_col/pe_inst[0].u_pe_4/N5_1/gateop, insts:23.
I: Infer CARRY group, base inst: u_lprnet_top/u_layer29/genblk1.gen_pages[0].pe_inst.u_pe_page/pe_col_inst[2].u_pe_col/pe_inst[0].u_pe_5/N5_1/gateop, insts:23.
I: Infer CARRY group, base inst: u_lprnet_top/u_layer29/genblk1.gen_pages[0].pe_inst.u_pe_page/pe_col_inst[2].u_pe_col/pe_inst[0].u_pe_6/N5_1/gateop, insts:23.
I: Infer CARRY group, base inst: u_lprnet_top/u_layer29/genblk1.gen_pages[0].pe_inst.u_pe_page/pe_col_inst[2].u_pe_col/pe_inst[0].u_pe_7/N5_1/gateop, insts:23.
I: Infer CARRY group, base inst: u_lprnet_top/u_layer29/genblk1.gen_pages[0].pe_inst.u_pe_page/pe_col_inst[2].u_pe_col/pe_inst[0].u_pe_8/N5_1/gateop, insts:23.
I: Infer CARRY group, base inst: u_lprnet_top/u_layer29/genblk1.gen_pages[0].pe_inst.u_pe_page/pe_col_inst[3].u_pe_col/pe_inst[0].u_pe_1/N5_1/gateop, insts:23.
I: Infer CARRY group, base inst: u_lprnet_top/u_layer29/genblk1.gen_pages[0].pe_inst.u_pe_page/pe_col_inst[3].u_pe_col/pe_inst[0].u_pe_2/N5_1/gateop, insts:23.
I: Infer CARRY group, base inst: u_lprnet_top/u_layer29/genblk1.gen_pages[0].pe_inst.u_pe_page/pe_col_inst[3].u_pe_col/pe_inst[0].u_pe_3/N5_1/gateop, insts:23.
I: Infer CARRY group, base inst: u_lprnet_top/u_layer29/genblk1.gen_pages[0].pe_inst.u_pe_page/pe_col_inst[3].u_pe_col/pe_inst[0].u_pe_4/N5_1/gateop, insts:23.
I: Infer CARRY group, base inst: u_lprnet_top/u_layer29/genblk1.gen_pages[0].pe_inst.u_pe_page/pe_col_inst[3].u_pe_col/pe_inst[0].u_pe_5/N5_1/gateop, insts:23.
I: Infer CARRY group, base inst: u_lprnet_top/u_layer29/genblk1.gen_pages[0].pe_inst.u_pe_page/pe_col_inst[3].u_pe_col/pe_inst[0].u_pe_6/N5_1/gateop, insts:23.
I: Infer CARRY group, base inst: u_lprnet_top/u_layer29/genblk1.gen_pages[0].pe_inst.u_pe_page/pe_col_inst[3].u_pe_col/pe_inst[0].u_pe_7/N5_1/gateop, insts:23.
I: Infer CARRY group, base inst: u_lprnet_top/u_layer29/genblk1.gen_pages[0].pe_inst.u_pe_page/pe_col_inst[3].u_pe_col/pe_inst[0].u_pe_8/N5_1/gateop, insts:23.
I: Infer CARRY group, base inst: u_lprnet_top/u_layer29/genblk1.gen_pages[1].pe_inst.u_pe_page/pe_col_inst[0].u_pe_col/pe_inst[0].u_pe_1/N5_1/gateop, insts:23.
I: Infer CARRY group, base inst: u_lprnet_top/u_layer29/genblk1.gen_pages[1].pe_inst.u_pe_page/pe_col_inst[0].u_pe_col/pe_inst[0].u_pe_2/N5_1/gateop, insts:23.
I: Infer CARRY group, base inst: u_lprnet_top/u_layer29/genblk1.gen_pages[1].pe_inst.u_pe_page/pe_col_inst[0].u_pe_col/pe_inst[0].u_pe_3/N5_1/gateop, insts:23.
I: Infer CARRY group, base inst: u_lprnet_top/u_layer29/genblk1.gen_pages[1].pe_inst.u_pe_page/pe_col_inst[0].u_pe_col/pe_inst[0].u_pe_4/N5_1/gateop, insts:23.
I: Infer CARRY group, base inst: u_lprnet_top/u_layer29/genblk1.gen_pages[1].pe_inst.u_pe_page/pe_col_inst[0].u_pe_col/pe_inst[0].u_pe_5/N5_1/gateop, insts:23.
I: Infer CARRY group, base inst: u_lprnet_top/u_layer29/genblk1.gen_pages[1].pe_inst.u_pe_page/pe_col_inst[0].u_pe_col/pe_inst[0].u_pe_6/N5_1/gateop, insts:23.
I: Infer CARRY group, base inst: u_lprnet_top/u_layer29/genblk1.gen_pages[1].pe_inst.u_pe_page/pe_col_inst[0].u_pe_col/pe_inst[0].u_pe_7/N5_1/gateop, insts:23.
I: Infer CARRY group, base inst: u_lprnet_top/u_layer29/genblk1.gen_pages[1].pe_inst.u_pe_page/pe_col_inst[0].u_pe_col/pe_inst[0].u_pe_8/N5_1/gateop, insts:23.
I: Infer CARRY group, base inst: u_lprnet_top/u_layer29/genblk1.gen_pages[1].pe_inst.u_pe_page/pe_col_inst[1].u_pe_col/pe_inst[0].u_pe_1/N5_1/gateop, insts:23.
I: Infer CARRY group, base inst: u_lprnet_top/u_layer29/genblk1.gen_pages[1].pe_inst.u_pe_page/pe_col_inst[1].u_pe_col/pe_inst[0].u_pe_2/N5_1/gateop, insts:23.
I: Infer CARRY group, base inst: u_lprnet_top/u_layer29/genblk1.gen_pages[1].pe_inst.u_pe_page/pe_col_inst[1].u_pe_col/pe_inst[0].u_pe_3/N5_1/gateop, insts:23.
I: Infer CARRY group, base inst: u_lprnet_top/u_layer29/genblk1.gen_pages[1].pe_inst.u_pe_page/pe_col_inst[1].u_pe_col/pe_inst[0].u_pe_4/N5_1/gateop, insts:23.
I: Infer CARRY group, base inst: u_lprnet_top/u_layer29/genblk1.gen_pages[1].pe_inst.u_pe_page/pe_col_inst[1].u_pe_col/pe_inst[0].u_pe_5/N5_1/gateop, insts:23.
I: Infer CARRY group, base inst: u_lprnet_top/u_layer29/genblk1.gen_pages[1].pe_inst.u_pe_page/pe_col_inst[1].u_pe_col/pe_inst[0].u_pe_6/N5_1/gateop, insts:23.
I: Infer CARRY group, base inst: u_lprnet_top/u_layer29/genblk1.gen_pages[1].pe_inst.u_pe_page/pe_col_inst[1].u_pe_col/pe_inst[0].u_pe_7/N5_1/gateop, insts:23.
I: Infer CARRY group, base inst: u_lprnet_top/u_layer29/genblk1.gen_pages[1].pe_inst.u_pe_page/pe_col_inst[1].u_pe_col/pe_inst[0].u_pe_8/N5_1/gateop, insts:23.
I: Infer CARRY group, base inst: u_lprnet_top/u_layer29/genblk1.gen_pages[1].pe_inst.u_pe_page/pe_col_inst[2].u_pe_col/pe_inst[0].u_pe_1/N5_1/gateop, insts:23.
I: Infer CARRY group, base inst: u_lprnet_top/u_layer29/genblk1.gen_pages[1].pe_inst.u_pe_page/pe_col_inst[2].u_pe_col/pe_inst[0].u_pe_2/N5_1/gateop, insts:23.
I: Infer CARRY group, base inst: u_lprnet_top/u_layer29/genblk1.gen_pages[1].pe_inst.u_pe_page/pe_col_inst[2].u_pe_col/pe_inst[0].u_pe_3/N5_1/gateop, insts:23.
I: Infer CARRY group, base inst: u_lprnet_top/u_layer29/genblk1.gen_pages[1].pe_inst.u_pe_page/pe_col_inst[2].u_pe_col/pe_inst[0].u_pe_4/N5_1/gateop, insts:23.
I: Infer CARRY group, base inst: u_lprnet_top/u_layer29/genblk1.gen_pages[1].pe_inst.u_pe_page/pe_col_inst[2].u_pe_col/pe_inst[0].u_pe_5/N5_1/gateop, insts:23.
I: Infer CARRY group, base inst: u_lprnet_top/u_layer29/genblk1.gen_pages[1].pe_inst.u_pe_page/pe_col_inst[2].u_pe_col/pe_inst[0].u_pe_6/N5_1/gateop, insts:23.
I: Infer CARRY group, base inst: u_lprnet_top/u_layer29/genblk1.gen_pages[1].pe_inst.u_pe_page/pe_col_inst[2].u_pe_col/pe_inst[0].u_pe_7/N5_1/gateop, insts:23.
I: Infer CARRY group, base inst: u_lprnet_top/u_layer29/genblk1.gen_pages[1].pe_inst.u_pe_page/pe_col_inst[2].u_pe_col/pe_inst[0].u_pe_8/N5_1/gateop, insts:23.
I: Infer CARRY group, base inst: u_lprnet_top/u_layer29/genblk1.gen_pages[1].pe_inst.u_pe_page/pe_col_inst[3].u_pe_col/pe_inst[0].u_pe_1/N5_1/gateop, insts:23.
I: Infer CARRY group, base inst: u_lprnet_top/u_layer29/genblk1.gen_pages[1].pe_inst.u_pe_page/pe_col_inst[3].u_pe_col/pe_inst[0].u_pe_2/N5_1/gateop, insts:23.
I: Infer CARRY group, base inst: u_lprnet_top/u_layer29/genblk1.gen_pages[1].pe_inst.u_pe_page/pe_col_inst[3].u_pe_col/pe_inst[0].u_pe_3/N5_1/gateop, insts:23.
I: Infer CARRY group, base inst: u_lprnet_top/u_layer29/genblk1.gen_pages[1].pe_inst.u_pe_page/pe_col_inst[3].u_pe_col/pe_inst[0].u_pe_4/N5_1/gateop, insts:23.
I: Infer CARRY group, base inst: u_lprnet_top/u_layer29/genblk1.gen_pages[1].pe_inst.u_pe_page/pe_col_inst[3].u_pe_col/pe_inst[0].u_pe_5/N5_1/gateop, insts:23.
I: Infer CARRY group, base inst: u_lprnet_top/u_layer29/genblk1.gen_pages[1].pe_inst.u_pe_page/pe_col_inst[3].u_pe_col/pe_inst[0].u_pe_6/N5_1/gateop, insts:23.
I: Infer CARRY group, base inst: u_lprnet_top/u_layer29/genblk1.gen_pages[1].pe_inst.u_pe_page/pe_col_inst[3].u_pe_col/pe_inst[0].u_pe_7/N5_1/gateop, insts:23.
I: Infer CARRY group, base inst: u_lprnet_top/u_layer29/genblk1.gen_pages[1].pe_inst.u_pe_page/pe_col_inst[3].u_pe_col/pe_inst[0].u_pe_8/N5_1/gateop, insts:23.
I: Infer CARRY group, base inst: u_lprnet_top/u_layer30/genblk1.gen_pages[0].pe_inst.u_pe_page/pe_col_inst[0].u_pe_col/pe_inst[0].u_pe_1/N5_1/gateop, insts:21.
I: Infer CARRY group, base inst: u_lprnet_top/u_layer30/genblk1.gen_pages[0].pe_inst.u_pe_page/pe_col_inst[0].u_pe_col/pe_inst[0].u_pe_2/N5_1/gateop, insts:21.
I: Infer CARRY group, base inst: u_lprnet_top/u_layer30/genblk1.gen_pages[0].pe_inst.u_pe_page/pe_col_inst[1].u_pe_col/pe_inst[0].u_pe_1/N5_1/gateop, insts:21.
I: Infer CARRY group, base inst: u_lprnet_top/u_layer30/genblk1.gen_pages[0].pe_inst.u_pe_page/pe_col_inst[1].u_pe_col/pe_inst[0].u_pe_2/N5_1/gateop, insts:21.
I: Infer CARRY group, base inst: u_lprnet_top/u_layer30/genblk1.gen_pages[1].pe_inst.u_pe_page/pe_col_inst[0].u_pe_col/pe_inst[0].u_pe_1/N5_1/gateop, insts:21.
I: Infer CARRY group, base inst: u_lprnet_top/u_layer30/genblk1.gen_pages[1].pe_inst.u_pe_page/pe_col_inst[0].u_pe_col/pe_inst[0].u_pe_2/N5_1/gateop, insts:21.
I: Infer CARRY group, base inst: u_lprnet_top/u_layer30/genblk1.gen_pages[1].pe_inst.u_pe_page/pe_col_inst[1].u_pe_col/pe_inst[0].u_pe_1/N5_1/gateop, insts:21.
I: Infer CARRY group, base inst: u_lprnet_top/u_layer30/genblk1.gen_pages[1].pe_inst.u_pe_page/pe_col_inst[1].u_pe_col/pe_inst[0].u_pe_2/N5_1/gateop, insts:21.
I: Infer CARRY group, base inst: u_lprnet_top/u_layer30/genblk1.gen_pages[2].pe_inst.u_pe_page/pe_col_inst[0].u_pe_col/pe_inst[0].u_pe_1/N5_1/gateop, insts:21.
I: Infer CARRY group, base inst: u_lprnet_top/u_layer30/genblk1.gen_pages[2].pe_inst.u_pe_page/pe_col_inst[0].u_pe_col/pe_inst[0].u_pe_2/N5_1/gateop, insts:21.
I: Infer CARRY group, base inst: u_lprnet_top/u_layer30/genblk1.gen_pages[2].pe_inst.u_pe_page/pe_col_inst[1].u_pe_col/pe_inst[0].u_pe_1/N5_1/gateop, insts:21.
I: Infer CARRY group, base inst: u_lprnet_top/u_layer30/genblk1.gen_pages[2].pe_inst.u_pe_page/pe_col_inst[1].u_pe_col/pe_inst[0].u_pe_2/N5_1/gateop, insts:21.
I: Infer CARRY group, base inst: u_lprnet_top/u_layer30/genblk1.gen_pages[3].pe_inst.u_pe_page/pe_col_inst[0].u_pe_col/pe_inst[0].u_pe_1/N5_1/gateop, insts:21.
I: Infer CARRY group, base inst: u_lprnet_top/u_layer30/genblk1.gen_pages[3].pe_inst.u_pe_page/pe_col_inst[0].u_pe_col/pe_inst[0].u_pe_2/N5_1/gateop, insts:21.
I: Infer CARRY group, base inst: u_lprnet_top/u_layer30/genblk1.gen_pages[3].pe_inst.u_pe_page/pe_col_inst[1].u_pe_col/pe_inst[0].u_pe_1/N5_1/gateop, insts:21.
I: Infer CARRY group, base inst: u_lprnet_top/u_layer30/genblk1.gen_pages[3].pe_inst.u_pe_page/pe_col_inst[1].u_pe_col/pe_inst[0].u_pe_2/N5_1/gateop, insts:21.
I: Infer CARRY group, base inst: u_top_yolo/u_layer5/genblk1.gen_pages[0].pe_inst.u_pe_page/pe_col_inst[0].u_pe_col/pe_inst[0].u_pe_1/N5_1/gateop, insts:21.
I: Infer CARRY group, base inst: u_top_yolo/u_layer5/genblk1.gen_pages[0].pe_inst.u_pe_page/pe_col_inst[0].u_pe_col/pe_inst[0].u_pe_2/N5_1/gateop, insts:21.
I: Infer CARRY group, base inst: u_top_yolo/u_layer5/genblk1.gen_pages[0].pe_inst.u_pe_page/pe_col_inst[0].u_pe_col/pe_inst[0].u_pe_3/N5_1/gateop, insts:21.
I: Infer CARRY group, base inst: u_top_yolo/u_layer5/genblk1.gen_pages[0].pe_inst.u_pe_page/pe_col_inst[0].u_pe_col/pe_inst[0].u_pe_4/N5_1/gateop, insts:21.
I: Infer CARRY group, base inst: u_top_yolo/u_layer5/genblk1.gen_pages[0].pe_inst.u_pe_page/pe_col_inst[0].u_pe_col/pe_inst[0].u_pe_5/N5_1/gateop, insts:21.
I: Infer CARRY group, base inst: u_top_yolo/u_layer5/genblk1.gen_pages[0].pe_inst.u_pe_page/pe_col_inst[0].u_pe_col/pe_inst[0].u_pe_6/N5_1/gateop, insts:21.
I: Infer CARRY group, base inst: u_top_yolo/u_layer5/genblk1.gen_pages[0].pe_inst.u_pe_page/pe_col_inst[0].u_pe_col/pe_inst[0].u_pe_7/N5_1/gateop, insts:21.
I: Infer CARRY group, base inst: u_top_yolo/u_layer5/genblk1.gen_pages[0].pe_inst.u_pe_page/pe_col_inst[0].u_pe_col/pe_inst[0].u_pe_8/N5_1/gateop, insts:21.
I: Infer CARRY group, base inst: u_top_yolo/u_layer5/genblk1.gen_pages[0].pe_inst.u_pe_page/pe_col_inst[1].u_pe_col/pe_inst[0].u_pe_1/N5_1/gateop, insts:21.
I: Infer CARRY group, base inst: u_top_yolo/u_layer5/genblk1.gen_pages[0].pe_inst.u_pe_page/pe_col_inst[1].u_pe_col/pe_inst[0].u_pe_2/N5_1/gateop, insts:21.
I: Infer CARRY group, base inst: u_top_yolo/u_layer5/genblk1.gen_pages[0].pe_inst.u_pe_page/pe_col_inst[1].u_pe_col/pe_inst[0].u_pe_3/N5_1/gateop, insts:21.
I: Infer CARRY group, base inst: u_top_yolo/u_layer5/genblk1.gen_pages[0].pe_inst.u_pe_page/pe_col_inst[1].u_pe_col/pe_inst[0].u_pe_4/N5_1/gateop, insts:21.
I: Infer CARRY group, base inst: u_top_yolo/u_layer5/genblk1.gen_pages[0].pe_inst.u_pe_page/pe_col_inst[1].u_pe_col/pe_inst[0].u_pe_5/N5_1/gateop, insts:21.
I: Infer CARRY group, base inst: u_top_yolo/u_layer5/genblk1.gen_pages[0].pe_inst.u_pe_page/pe_col_inst[1].u_pe_col/pe_inst[0].u_pe_6/N5_1/gateop, insts:21.
I: Infer CARRY group, base inst: u_top_yolo/u_layer5/genblk1.gen_pages[0].pe_inst.u_pe_page/pe_col_inst[1].u_pe_col/pe_inst[0].u_pe_7/N5_1/gateop, insts:21.
I: Infer CARRY group, base inst: u_top_yolo/u_layer5/genblk1.gen_pages[0].pe_inst.u_pe_page/pe_col_inst[1].u_pe_col/pe_inst[0].u_pe_8/N5_1/gateop, insts:21.
I: Infer CARRY group, base inst: u_top_yolo/u_layer5/genblk1.gen_pages[1].pe_inst.u_pe_page/pe_col_inst[0].u_pe_col/pe_inst[0].u_pe_1/N5_1/gateop, insts:21.
I: Infer CARRY group, base inst: u_top_yolo/u_layer5/genblk1.gen_pages[1].pe_inst.u_pe_page/pe_col_inst[0].u_pe_col/pe_inst[0].u_pe_2/N5_1/gateop, insts:21.
I: Infer CARRY group, base inst: u_top_yolo/u_layer5/genblk1.gen_pages[1].pe_inst.u_pe_page/pe_col_inst[0].u_pe_col/pe_inst[0].u_pe_3/N5_1/gateop, insts:21.
I: Infer CARRY group, base inst: u_top_yolo/u_layer5/genblk1.gen_pages[1].pe_inst.u_pe_page/pe_col_inst[0].u_pe_col/pe_inst[0].u_pe_4/N5_1/gateop, insts:21.
I: Infer CARRY group, base inst: u_top_yolo/u_layer5/genblk1.gen_pages[1].pe_inst.u_pe_page/pe_col_inst[0].u_pe_col/pe_inst[0].u_pe_5/N5_1/gateop, insts:21.
I: Infer CARRY group, base inst: u_top_yolo/u_layer5/genblk1.gen_pages[1].pe_inst.u_pe_page/pe_col_inst[0].u_pe_col/pe_inst[0].u_pe_6/N5_1/gateop, insts:21.
I: Infer CARRY group, base inst: u_top_yolo/u_layer5/genblk1.gen_pages[1].pe_inst.u_pe_page/pe_col_inst[0].u_pe_col/pe_inst[0].u_pe_7/N5_1/gateop, insts:21.
I: Infer CARRY group, base inst: u_top_yolo/u_layer5/genblk1.gen_pages[1].pe_inst.u_pe_page/pe_col_inst[0].u_pe_col/pe_inst[0].u_pe_8/N5_1/gateop, insts:21.
I: Infer CARRY group, base inst: u_top_yolo/u_layer5/genblk1.gen_pages[1].pe_inst.u_pe_page/pe_col_inst[1].u_pe_col/pe_inst[0].u_pe_1/N5_1/gateop, insts:21.
I: Infer CARRY group, base inst: u_top_yolo/u_layer5/genblk1.gen_pages[1].pe_inst.u_pe_page/pe_col_inst[1].u_pe_col/pe_inst[0].u_pe_2/N5_1/gateop, insts:21.
I: Infer CARRY group, base inst: u_top_yolo/u_layer5/genblk1.gen_pages[1].pe_inst.u_pe_page/pe_col_inst[1].u_pe_col/pe_inst[0].u_pe_3/N5_1/gateop, insts:21.
I: Infer CARRY group, base inst: u_top_yolo/u_layer5/genblk1.gen_pages[1].pe_inst.u_pe_page/pe_col_inst[1].u_pe_col/pe_inst[0].u_pe_4/N5_1/gateop, insts:21.
I: Infer CARRY group, base inst: u_top_yolo/u_layer5/genblk1.gen_pages[1].pe_inst.u_pe_page/pe_col_inst[1].u_pe_col/pe_inst[0].u_pe_5/N5_1/gateop, insts:21.
I: Infer CARRY group, base inst: u_top_yolo/u_layer5/genblk1.gen_pages[1].pe_inst.u_pe_page/pe_col_inst[1].u_pe_col/pe_inst[0].u_pe_6/N5_1/gateop, insts:21.
I: Infer CARRY group, base inst: u_top_yolo/u_layer5/genblk1.gen_pages[1].pe_inst.u_pe_page/pe_col_inst[1].u_pe_col/pe_inst[0].u_pe_7/N5_1/gateop, insts:21.
I: Infer CARRY group, base inst: u_top_yolo/u_layer5/genblk1.gen_pages[1].pe_inst.u_pe_page/pe_col_inst[1].u_pe_col/pe_inst[0].u_pe_8/N5_1/gateop, insts:21.
I: Infer CARRY group, base inst: u_top_yolo/u_layer6/genblk1.gen_pages[0].pe_inst.u_pe_page/pe_col_inst[0].u_pe_col/pe_inst[0].u_pe_1/N5_1/gateop, insts:21.
I: Infer CARRY group, base inst: u_top_yolo/u_layer6/genblk1.gen_pages[0].pe_inst.u_pe_page/pe_col_inst[0].u_pe_col/pe_inst[0].u_pe_2/N5_1/gateop, insts:21.
I: Infer CARRY group, base inst: u_top_yolo/u_layer6/genblk1.gen_pages[0].pe_inst.u_pe_page/pe_col_inst[0].u_pe_col/pe_inst[0].u_pe_3/N5_1/gateop, insts:21.
I: Infer CARRY group, base inst: u_top_yolo/u_layer6/genblk1.gen_pages[0].pe_inst.u_pe_page/pe_col_inst[0].u_pe_col/pe_inst[0].u_pe_4/N5_1/gateop, insts:21.
I: Infer CARRY group, base inst: u_top_yolo/u_layer6/genblk1.gen_pages[0].pe_inst.u_pe_page/pe_col_inst[0].u_pe_col/pe_inst[0].u_pe_5/N5_1/gateop, insts:21.
I: Infer CARRY group, base inst: u_top_yolo/u_layer6/genblk1.gen_pages[0].pe_inst.u_pe_page/pe_col_inst[0].u_pe_col/pe_inst[0].u_pe_6/N5_1/gateop, insts:21.
I: Infer CARRY group, base inst: u_top_yolo/u_layer6/genblk1.gen_pages[0].pe_inst.u_pe_page/pe_col_inst[0].u_pe_col/pe_inst[0].u_pe_7/N5_1/gateop, insts:21.
I: Infer CARRY group, base inst: u_top_yolo/u_layer6/genblk1.gen_pages[0].pe_inst.u_pe_page/pe_col_inst[0].u_pe_col/pe_inst[0].u_pe_8/N5_1/gateop, insts:21.
I: Infer CARRY group, base inst: u_top_yolo/u_layer6/genblk1.gen_pages[1].pe_inst.u_pe_page/pe_col_inst[0].u_pe_col/pe_inst[0].u_pe_1/N5_1/gateop, insts:21.
I: Infer CARRY group, base inst: u_top_yolo/u_layer6/genblk1.gen_pages[1].pe_inst.u_pe_page/pe_col_inst[0].u_pe_col/pe_inst[0].u_pe_2/N5_1/gateop, insts:21.
I: Infer CARRY group, base inst: u_top_yolo/u_layer6/genblk1.gen_pages[1].pe_inst.u_pe_page/pe_col_inst[0].u_pe_col/pe_inst[0].u_pe_3/N5_1/gateop, insts:21.
I: Infer CARRY group, base inst: u_top_yolo/u_layer6/genblk1.gen_pages[1].pe_inst.u_pe_page/pe_col_inst[0].u_pe_col/pe_inst[0].u_pe_4/N5_1/gateop, insts:21.
I: Infer CARRY group, base inst: u_top_yolo/u_layer6/genblk1.gen_pages[1].pe_inst.u_pe_page/pe_col_inst[0].u_pe_col/pe_inst[0].u_pe_5/N5_1/gateop, insts:21.
I: Infer CARRY group, base inst: u_top_yolo/u_layer6/genblk1.gen_pages[1].pe_inst.u_pe_page/pe_col_inst[0].u_pe_col/pe_inst[0].u_pe_6/N5_1/gateop, insts:21.
I: Infer CARRY group, base inst: u_top_yolo/u_layer6/genblk1.gen_pages[1].pe_inst.u_pe_page/pe_col_inst[0].u_pe_col/pe_inst[0].u_pe_7/N5_1/gateop, insts:21.
I: Infer CARRY group, base inst: u_top_yolo/u_layer6/genblk1.gen_pages[1].pe_inst.u_pe_page/pe_col_inst[0].u_pe_col/pe_inst[0].u_pe_8/N5_1/gateop, insts:21.
I: Infer CARRY group, base inst: u_top_yolo/u_layer8/genblk1.gen_pages[0].pe_inst.u_pe_page/pe_col_inst[0].u_pe_col/pe_inst[0].u_pe_1/N5_1/gateop, insts:21.
I: Infer CARRY group, base inst: u_top_yolo/u_layer8/genblk1.gen_pages[0].pe_inst.u_pe_page/pe_col_inst[0].u_pe_col/pe_inst[0].u_pe_2/N5_1/gateop, insts:21.
I: Infer CARRY group, base inst: u_top_yolo/u_layer8/genblk1.gen_pages[0].pe_inst.u_pe_page/pe_col_inst[0].u_pe_col/pe_inst[0].u_pe_3/N5_1/gateop, insts:21.
I: Infer CARRY group, base inst: u_top_yolo/u_layer8/genblk1.gen_pages[0].pe_inst.u_pe_page/pe_col_inst[0].u_pe_col/pe_inst[0].u_pe_4/N5_1/gateop, insts:21.
I: Infer CARRY group, base inst: u_top_yolo/u_layer8/genblk1.gen_pages[0].pe_inst.u_pe_page/pe_col_inst[0].u_pe_col/pe_inst[0].u_pe_5/N5_1/gateop, insts:21.
I: Infer CARRY group, base inst: u_top_yolo/u_layer8/genblk1.gen_pages[0].pe_inst.u_pe_page/pe_col_inst[0].u_pe_col/pe_inst[0].u_pe_6/N5_1/gateop, insts:21.
I: Infer CARRY group, base inst: u_top_yolo/u_layer8/genblk1.gen_pages[0].pe_inst.u_pe_page/pe_col_inst[0].u_pe_col/pe_inst[0].u_pe_7/N5_1/gateop, insts:21.
I: Infer CARRY group, base inst: u_top_yolo/u_layer8/genblk1.gen_pages[0].pe_inst.u_pe_page/pe_col_inst[0].u_pe_col/pe_inst[0].u_pe_8/N5_1/gateop, insts:21.
I: Infer CARRY group, base inst: u_top_yolo/u_layer8/genblk1.gen_pages[0].pe_inst.u_pe_page/pe_col_inst[1].u_pe_col/pe_inst[0].u_pe_1/N5_1/gateop, insts:21.
I: Infer CARRY group, base inst: u_top_yolo/u_layer8/genblk1.gen_pages[0].pe_inst.u_pe_page/pe_col_inst[1].u_pe_col/pe_inst[0].u_pe_2/N5_1/gateop, insts:21.
I: Infer CARRY group, base inst: u_top_yolo/u_layer8/genblk1.gen_pages[0].pe_inst.u_pe_page/pe_col_inst[1].u_pe_col/pe_inst[0].u_pe_3/N5_1/gateop, insts:21.
I: Infer CARRY group, base inst: u_top_yolo/u_layer8/genblk1.gen_pages[0].pe_inst.u_pe_page/pe_col_inst[1].u_pe_col/pe_inst[0].u_pe_4/N5_1/gateop, insts:21.
I: Infer CARRY group, base inst: u_top_yolo/u_layer8/genblk1.gen_pages[0].pe_inst.u_pe_page/pe_col_inst[1].u_pe_col/pe_inst[0].u_pe_5/N5_1/gateop, insts:21.
I: Infer CARRY group, base inst: u_top_yolo/u_layer8/genblk1.gen_pages[0].pe_inst.u_pe_page/pe_col_inst[1].u_pe_col/pe_inst[0].u_pe_6/N5_1/gateop, insts:21.
I: Infer CARRY group, base inst: u_top_yolo/u_layer8/genblk1.gen_pages[0].pe_inst.u_pe_page/pe_col_inst[1].u_pe_col/pe_inst[0].u_pe_7/N5_1/gateop, insts:21.
I: Infer CARRY group, base inst: u_top_yolo/u_layer8/genblk1.gen_pages[0].pe_inst.u_pe_page/pe_col_inst[1].u_pe_col/pe_inst[0].u_pe_8/N5_1/gateop, insts:21.
I: Infer CARRY group, base inst: u_top_yolo/u_layer8/genblk1.gen_pages[1].pe_inst.u_pe_page/pe_col_inst[0].u_pe_col/pe_inst[0].u_pe_1/N5_1/gateop, insts:21.
I: Infer CARRY group, base inst: u_top_yolo/u_layer8/genblk1.gen_pages[1].pe_inst.u_pe_page/pe_col_inst[0].u_pe_col/pe_inst[0].u_pe_2/N5_1/gateop, insts:21.
I: Infer CARRY group, base inst: u_top_yolo/u_layer8/genblk1.gen_pages[1].pe_inst.u_pe_page/pe_col_inst[0].u_pe_col/pe_inst[0].u_pe_3/N5_1/gateop, insts:21.
I: Infer CARRY group, base inst: u_top_yolo/u_layer8/genblk1.gen_pages[1].pe_inst.u_pe_page/pe_col_inst[0].u_pe_col/pe_inst[0].u_pe_4/N5_1/gateop, insts:21.
I: Infer CARRY group, base inst: u_top_yolo/u_layer8/genblk1.gen_pages[1].pe_inst.u_pe_page/pe_col_inst[0].u_pe_col/pe_inst[0].u_pe_5/N5_1/gateop, insts:21.
I: Infer CARRY group, base inst: u_top_yolo/u_layer8/genblk1.gen_pages[1].pe_inst.u_pe_page/pe_col_inst[0].u_pe_col/pe_inst[0].u_pe_6/N5_1/gateop, insts:21.
I: Infer CARRY group, base inst: u_top_yolo/u_layer8/genblk1.gen_pages[1].pe_inst.u_pe_page/pe_col_inst[0].u_pe_col/pe_inst[0].u_pe_7/N5_1/gateop, insts:21.
I: Infer CARRY group, base inst: u_top_yolo/u_layer8/genblk1.gen_pages[1].pe_inst.u_pe_page/pe_col_inst[0].u_pe_col/pe_inst[0].u_pe_8/N5_1/gateop, insts:21.
I: Infer CARRY group, base inst: u_top_yolo/u_layer8/genblk1.gen_pages[1].pe_inst.u_pe_page/pe_col_inst[1].u_pe_col/pe_inst[0].u_pe_1/N5_1/gateop, insts:21.
I: Infer CARRY group, base inst: u_top_yolo/u_layer8/genblk1.gen_pages[1].pe_inst.u_pe_page/pe_col_inst[1].u_pe_col/pe_inst[0].u_pe_2/N5_1/gateop, insts:21.
I: Infer CARRY group, base inst: u_top_yolo/u_layer8/genblk1.gen_pages[1].pe_inst.u_pe_page/pe_col_inst[1].u_pe_col/pe_inst[0].u_pe_3/N5_1/gateop, insts:21.
I: Infer CARRY group, base inst: u_top_yolo/u_layer8/genblk1.gen_pages[1].pe_inst.u_pe_page/pe_col_inst[1].u_pe_col/pe_inst[0].u_pe_4/N5_1/gateop, insts:21.
I: Infer CARRY group, base inst: u_top_yolo/u_layer8/genblk1.gen_pages[1].pe_inst.u_pe_page/pe_col_inst[1].u_pe_col/pe_inst[0].u_pe_5/N5_1/gateop, insts:21.
I: Infer CARRY group, base inst: u_top_yolo/u_layer8/genblk1.gen_pages[1].pe_inst.u_pe_page/pe_col_inst[1].u_pe_col/pe_inst[0].u_pe_6/N5_1/gateop, insts:21.
I: Infer CARRY group, base inst: u_top_yolo/u_layer8/genblk1.gen_pages[1].pe_inst.u_pe_page/pe_col_inst[1].u_pe_col/pe_inst[0].u_pe_7/N5_1/gateop, insts:21.
I: Infer CARRY group, base inst: u_top_yolo/u_layer8/genblk1.gen_pages[1].pe_inst.u_pe_page/pe_col_inst[1].u_pe_col/pe_inst[0].u_pe_8/N5_1/gateop, insts:21.
I: Infer CARRY group, base inst: u_top_yolo/u_layer9/genblk1.gen_pages[0].pe_inst.u_pe_page/pe_col_inst[0].u_pe_col/pe_inst[0].u_pe_1/N5_1/gateop, insts:21.
I: Infer CARRY group, base inst: u_top_yolo/u_layer9/genblk1.gen_pages[0].pe_inst.u_pe_page/pe_col_inst[0].u_pe_col/pe_inst[0].u_pe_2/N5_1/gateop, insts:21.
I: Infer CARRY group, base inst: u_top_yolo/u_layer9/genblk1.gen_pages[0].pe_inst.u_pe_page/pe_col_inst[0].u_pe_col/pe_inst[0].u_pe_3/N5_1/gateop, insts:21.
I: Infer CARRY group, base inst: u_top_yolo/u_layer9/genblk1.gen_pages[0].pe_inst.u_pe_page/pe_col_inst[0].u_pe_col/pe_inst[0].u_pe_4/N5_1/gateop, insts:21.
I: Infer CARRY group, base inst: u_top_yolo/u_layer9/genblk1.gen_pages[0].pe_inst.u_pe_page/pe_col_inst[0].u_pe_col/pe_inst[0].u_pe_5/N5_1/gateop, insts:21.
I: Infer CARRY group, base inst: u_top_yolo/u_layer9/genblk1.gen_pages[0].pe_inst.u_pe_page/pe_col_inst[0].u_pe_col/pe_inst[0].u_pe_6/N5_1/gateop, insts:21.
I: Infer CARRY group, base inst: u_top_yolo/u_layer9/genblk1.gen_pages[0].pe_inst.u_pe_page/pe_col_inst[0].u_pe_col/pe_inst[0].u_pe_7/N5_1/gateop, insts:21.
I: Infer CARRY group, base inst: u_top_yolo/u_layer9/genblk1.gen_pages[0].pe_inst.u_pe_page/pe_col_inst[0].u_pe_col/pe_inst[0].u_pe_8/N5_1/gateop, insts:21.
I: Infer CARRY group, base inst: u_top_yolo/u_layer9/genblk1.gen_pages[1].pe_inst.u_pe_page/pe_col_inst[0].u_pe_col/pe_inst[0].u_pe_1/N5_1/gateop, insts:21.
I: Infer CARRY group, base inst: u_top_yolo/u_layer9/genblk1.gen_pages[1].pe_inst.u_pe_page/pe_col_inst[0].u_pe_col/pe_inst[0].u_pe_2/N5_1/gateop, insts:21.
I: Infer CARRY group, base inst: u_top_yolo/u_layer9/genblk1.gen_pages[1].pe_inst.u_pe_page/pe_col_inst[0].u_pe_col/pe_inst[0].u_pe_3/N5_1/gateop, insts:21.
I: Infer CARRY group, base inst: u_top_yolo/u_layer9/genblk1.gen_pages[1].pe_inst.u_pe_page/pe_col_inst[0].u_pe_col/pe_inst[0].u_pe_4/N5_1/gateop, insts:21.
I: Infer CARRY group, base inst: u_top_yolo/u_layer9/genblk1.gen_pages[1].pe_inst.u_pe_page/pe_col_inst[0].u_pe_col/pe_inst[0].u_pe_5/N5_1/gateop, insts:21.
I: Infer CARRY group, base inst: u_top_yolo/u_layer9/genblk1.gen_pages[1].pe_inst.u_pe_page/pe_col_inst[0].u_pe_col/pe_inst[0].u_pe_6/N5_1/gateop, insts:21.
I: Infer CARRY group, base inst: u_top_yolo/u_layer9/genblk1.gen_pages[1].pe_inst.u_pe_page/pe_col_inst[0].u_pe_col/pe_inst[0].u_pe_7/N5_1/gateop, insts:21.
I: Infer CARRY group, base inst: u_top_yolo/u_layer9/genblk1.gen_pages[1].pe_inst.u_pe_page/pe_col_inst[0].u_pe_col/pe_inst[0].u_pe_8/N5_1/gateop, insts:21.
I: Infer CARRY group, base inst: u_ddr_video_delay_sync/u_ddr3_test/u_ddrphy_top/ddrphy_slice_top/i_dqs_group[0].ddrphy_data_slice/ddrphy_data_slice_wrcal/N196_1/gateop, insts:9.
I: Infer CARRY group, base inst: u_ddr_video_delay_sync/u_ddr3_test/u_ddrphy_top/ddrphy_slice_top/i_dqs_group[0].ddrphy_data_slice/ddrphy_data_slice_wrcal/N263_1_1/gateop, insts:9.
I: Infer CARRY group, base inst: u_ddr_video_delay_sync/u_ddr3_test/u_ddrphy_top/ddrphy_slice_top/i_dqs_group[0].ddrphy_data_slice/ddrphy_dqsi_rdel_cal/N277_1/gateop, insts:9.
I: Infer CARRY group, base inst: u_ddr_video_delay_sync/u_ddr3_test/u_ddrphy_top/ddrphy_slice_top/i_dqs_group[0].ddrphy_data_slice/ddrphy_dqsi_rdel_cal/N392_1/gateop, insts:9.
I: Infer CARRY group, base inst: u_ddr_video_delay_sync/u_ddr3_test/u_ddrphy_top/ddrphy_slice_top/i_dqs_group[0].ddrphy_data_slice/ddrphy_dqsi_rdel_cal/N415.lt_0/gateop, insts:4.
I: Infer CARRY group, base inst: u_ddr_video_delay_sync/u_ddr3_test/u_ddrphy_top/ddrphy_slice_top/i_dqs_group[0].ddrphy_data_slice/ddrphy_dqsi_rdel_cal/N875_7_0/gateop, insts:9.
I: Infer CARRY group, base inst: u_ddr_video_delay_sync/u_ddr3_test/u_ddrphy_top/ddrphy_slice_top/i_dqs_group[0].ddrphy_data_slice/ddrphy_dqsi_rdel_cal/N975_7_0/gateop, insts:9.
I: Infer CARRY group, base inst: u_ddr_video_delay_sync/u_ddr3_test/u_ddrphy_top/ddrphy_slice_top/i_dqs_group[1].ddrphy_data_slice/ddrphy_data_slice_wrcal/N196_1/gateop, insts:9.
I: Infer CARRY group, base inst: u_ddr_video_delay_sync/u_ddr3_test/u_ddrphy_top/ddrphy_slice_top/i_dqs_group[1].ddrphy_data_slice/ddrphy_data_slice_wrcal/N263_1_1/gateop, insts:9.
I: Infer CARRY group, base inst: u_ddr_video_delay_sync/u_ddr3_test/u_ddrphy_top/ddrphy_slice_top/i_dqs_group[1].ddrphy_data_slice/ddrphy_dqsi_rdel_cal/N277_1/gateop, insts:9.
I: Infer CARRY group, base inst: u_ddr_video_delay_sync/u_ddr3_test/u_ddrphy_top/ddrphy_slice_top/i_dqs_group[1].ddrphy_data_slice/ddrphy_dqsi_rdel_cal/N392_1/gateop, insts:9.
I: Infer CARRY group, base inst: u_ddr_video_delay_sync/u_ddr3_test/u_ddrphy_top/ddrphy_slice_top/i_dqs_group[1].ddrphy_data_slice/ddrphy_dqsi_rdel_cal/N415.lt_0/gateop, insts:4.
I: Infer CARRY group, base inst: u_ddr_video_delay_sync/u_ddr3_test/u_ddrphy_top/ddrphy_slice_top/i_dqs_group[1].ddrphy_data_slice/ddrphy_dqsi_rdel_cal/N875_7_0/gateop, insts:9.
I: Infer CARRY group, base inst: u_ddr_video_delay_sync/u_ddr3_test/u_ddrphy_top/ddrphy_slice_top/i_dqs_group[1].ddrphy_data_slice/ddrphy_dqsi_rdel_cal/N975_7_0/gateop, insts:9.
I: Infer CARRY group, base inst: u_ddr_video_delay_sync/u_ddr3_test/u_ddrphy_top/ddrphy_slice_top/i_dqs_group[2].ddrphy_data_slice/ddrphy_data_slice_wrcal/N196_1/gateop, insts:9.
I: Infer CARRY group, base inst: u_ddr_video_delay_sync/u_ddr3_test/u_ddrphy_top/ddrphy_slice_top/i_dqs_group[2].ddrphy_data_slice/ddrphy_data_slice_wrcal/N263_1_1/gateop, insts:9.
I: Infer CARRY group, base inst: u_ddr_video_delay_sync/u_ddr3_test/u_ddrphy_top/ddrphy_slice_top/i_dqs_group[2].ddrphy_data_slice/ddrphy_dqsi_rdel_cal/N277_1/gateop, insts:9.
I: Infer CARRY group, base inst: u_ddr_video_delay_sync/u_ddr3_test/u_ddrphy_top/ddrphy_slice_top/i_dqs_group[2].ddrphy_data_slice/ddrphy_dqsi_rdel_cal/N392_1/gateop, insts:9.
I: Infer CARRY group, base inst: u_ddr_video_delay_sync/u_ddr3_test/u_ddrphy_top/ddrphy_slice_top/i_dqs_group[2].ddrphy_data_slice/ddrphy_dqsi_rdel_cal/N415.lt_0/gateop, insts:4.
I: Infer CARRY group, base inst: u_ddr_video_delay_sync/u_ddr3_test/u_ddrphy_top/ddrphy_slice_top/i_dqs_group[2].ddrphy_data_slice/ddrphy_dqsi_rdel_cal/N875_7_0/gateop, insts:9.
I: Infer CARRY group, base inst: u_ddr_video_delay_sync/u_ddr3_test/u_ddrphy_top/ddrphy_slice_top/i_dqs_group[2].ddrphy_data_slice/ddrphy_dqsi_rdel_cal/N975_7_0/gateop, insts:9.
I: Infer CARRY group, base inst: u_ddr_video_delay_sync/u_ddr3_test/u_ddrphy_top/ddrphy_slice_top/i_dqs_group[3].ddrphy_data_slice/ddrphy_data_slice_wrcal/N196_1/gateop, insts:9.
I: Infer CARRY group, base inst: u_ddr_video_delay_sync/u_ddr3_test/u_ddrphy_top/ddrphy_slice_top/i_dqs_group[3].ddrphy_data_slice/ddrphy_data_slice_wrcal/N263_1_1/gateop, insts:9.
I: Infer CARRY group, base inst: u_ddr_video_delay_sync/u_ddr3_test/u_ddrphy_top/ddrphy_slice_top/i_dqs_group[3].ddrphy_data_slice/ddrphy_dqsi_rdel_cal/N277_1/gateop, insts:9.
I: Infer CARRY group, base inst: u_ddr_video_delay_sync/u_ddr3_test/u_ddrphy_top/ddrphy_slice_top/i_dqs_group[3].ddrphy_data_slice/ddrphy_dqsi_rdel_cal/N392_1/gateop, insts:9.
I: Infer CARRY group, base inst: u_ddr_video_delay_sync/u_ddr3_test/u_ddrphy_top/ddrphy_slice_top/i_dqs_group[3].ddrphy_data_slice/ddrphy_dqsi_rdel_cal/N415.lt_0/gateop, insts:4.
I: Infer CARRY group, base inst: u_ddr_video_delay_sync/u_ddr3_test/u_ddrphy_top/ddrphy_slice_top/i_dqs_group[3].ddrphy_data_slice/ddrphy_dqsi_rdel_cal/N875_7_0/gateop, insts:9.
I: Infer CARRY group, base inst: u_ddr_video_delay_sync/u_ddr3_test/u_ddrphy_top/ddrphy_slice_top/i_dqs_group[3].ddrphy_data_slice/ddrphy_dqsi_rdel_cal/N975_7_0/gateop, insts:9.
I: Infer CARRY group, base inst: u_ddr_video_delay_sync/u_ddr3_test/u_ddrphy_top/ddrphy_slice_top/i_dqs_group[0].ddrphy_data_slice/ddrphy_data_slice_dqs_gate_cal/ddrphy_gatecal/N223_7_ac4/gateop, insts:2.
I: Infer CARRY group, base inst: u_ddr_video_delay_sync/u_ddr3_test/u_ddrphy_top/ddrphy_slice_top/i_dqs_group[0].ddrphy_data_slice/ddrphy_data_slice_dqs_gate_cal/ddrphy_gatecal/N245_7_0/gateop, insts:8.
I: Infer CARRY group, base inst: u_ddr_video_delay_sync/u_ddr3_test/u_ddrphy_top/ddrphy_slice_top/i_dqs_group[1].ddrphy_data_slice/ddrphy_data_slice_dqs_gate_cal/ddrphy_gatecal/N223_7_ac4/gateop, insts:2.
I: Infer CARRY group, base inst: u_ddr_video_delay_sync/u_ddr3_test/u_ddrphy_top/ddrphy_slice_top/i_dqs_group[1].ddrphy_data_slice/ddrphy_data_slice_dqs_gate_cal/ddrphy_gatecal/N245_7_0/gateop, insts:8.
I: Infer CARRY group, base inst: u_ddr_video_delay_sync/u_ddr3_test/u_ddrphy_top/ddrphy_slice_top/i_dqs_group[2].ddrphy_data_slice/ddrphy_data_slice_dqs_gate_cal/ddrphy_gatecal/N223_7_ac4/gateop, insts:2.
I: Infer CARRY group, base inst: u_ddr_video_delay_sync/u_ddr3_test/u_ddrphy_top/ddrphy_slice_top/i_dqs_group[2].ddrphy_data_slice/ddrphy_data_slice_dqs_gate_cal/ddrphy_gatecal/N245_7_0/gateop, insts:8.
I: Infer CARRY group, base inst: u_ddr_video_delay_sync/u_ddr3_test/u_ddrphy_top/ddrphy_slice_top/i_dqs_group[3].ddrphy_data_slice/ddrphy_data_slice_dqs_gate_cal/ddrphy_gatecal/N190_4/gateop, insts:2.
I: Infer CARRY group, base inst: u_ddr_video_delay_sync/u_ddr3_test/u_ddrphy_top/ddrphy_slice_top/i_dqs_group[3].ddrphy_data_slice/ddrphy_data_slice_dqs_gate_cal/ddrphy_gatecal/N192/gateop, insts:2.
I: Infer CARRY group, base inst: u_ddr_video_delay_sync/u_ddr3_test/u_ddrphy_top/ddrphy_slice_top/i_dqs_group[3].ddrphy_data_slice/ddrphy_data_slice_dqs_gate_cal/ddrphy_gatecal/N245_7_0/gateop, insts:8.
I: Infer CARRY group, base inst: u_ddr_video_delay_sync/u_ddr3_test/u_ddrphy_top/ddrphy_slice_top/i_dqs_group[3].ddrphy_data_slice/ddrphy_data_slice_dqs_gate_cal/ddrphy_gatecal/gate_state_fsm[2:0]_8/gateop, insts:3.
I: Infer APM group, base inst: u_box_overlay_sync/N475_m1/gopapm, insts:2.
I: Infer APM group, base inst: u_box_overlay_sync/N1167_m1/gopapm, insts:2.
I: Infer APM group, base inst: u_box_overlay_sync/N1859_m1/gopapm, insts:2.
I: Infer APM group, base inst: u_box_overlay_sync/N2551_m1/gopapm, insts:2.
I: Infer APM group, base inst: u_box_overlay_sync/N3243_m1/gopapm, insts:2.
I: Infer APM group, base inst: u_box_overlay_sync/N3935_m1/gopapm, insts:2.
I: Infer APM group, base inst: u_box_overlay_sync/N4627_m1/gopapm, insts:2.
I: Infer APM group, base inst: u_box_overlay_sync/N5319_m1/gopapm, insts:2.
I: Infer APM group, base inst: u_top_yolo/u_layer0/genblk1.gen_pages[0].pe_inst.u_pe_page/pe_col_inst[0].u_pe_col/pe_inst[0].u_pe/N3/gopapm, insts:9.
I: Infer APM group, base inst: u_top_yolo/u_layer0/genblk1.gen_pages[1].pe_inst.u_pe_page/pe_col_inst[0].u_pe_col/pe_inst[0].u_pe/N3/gopapm, insts:9.
I: Infer APM group, base inst: u_top_yolo/u_layer0/genblk1.gen_pages[2].pe_inst.u_pe_page/pe_col_inst[0].u_pe_col/pe_inst[0].u_pe/N3/gopapm, insts:9.
I: Infer APM group, base inst: u_top_yolo/u_layer1/genblk1.gen_pages[0].pe_inst.u_pe_page/pe_col_inst[0].u_pe_col/pe_inst[0].u_pe/N3/gopapm, insts:9.
I: Infer APM group, base inst: u_top_yolo/u_layer1/genblk1.gen_pages[0].pe_inst.u_pe_page/pe_col_inst[1].u_pe_col/pe_inst[0].u_pe/N3/gopapm, insts:9.
I: Infer APM group, base inst: u_top_yolo/u_layer1/genblk1.gen_pages[0].pe_inst.u_pe_page/pe_col_inst[2].u_pe_col/pe_inst[0].u_pe/N3/gopapm, insts:9.
I: Infer APM group, base inst: u_top_yolo/u_layer1/genblk1.gen_pages[0].pe_inst.u_pe_page/pe_col_inst[3].u_pe_col/pe_inst[0].u_pe/N3/gopapm, insts:9.
I: Infer APM group, base inst: u_top_yolo/u_layer2/genblk1.gen_pages[0].pe_inst.u_pe_page/pe_col_inst[0].u_pe_col/pe_inst[0].u_pe/N3/gopapm, insts:9.
I: Infer APM group, base inst: u_top_yolo/u_layer2/genblk1.gen_pages[1].pe_inst.u_pe_page/pe_col_inst[0].u_pe_col/pe_inst[0].u_pe/N3/gopapm, insts:9.
I: Infer APM group, base inst: u_top_yolo/u_layer2/genblk1.gen_pages[2].pe_inst.u_pe_page/pe_col_inst[0].u_pe_col/pe_inst[0].u_pe/N3/gopapm, insts:9.
I: Infer APM group, base inst: u_top_yolo/u_layer2/genblk1.gen_pages[3].pe_inst.u_pe_page/pe_col_inst[0].u_pe_col/pe_inst[0].u_pe/N3/gopapm, insts:9.
I: Infer APM group, base inst: u_top_yolo/u_layer3/genblk1.gen_pages[0].pe_inst.u_pe_page/pe_col_inst[0].u_pe_col/pe_inst[0].u_pe/N3/gopapm, insts:9.
I: Infer APM group, base inst: u_top_yolo/u_layer3/genblk1.gen_pages[0].pe_inst.u_pe_page/pe_col_inst[1].u_pe_col/pe_inst[0].u_pe/N3/gopapm, insts:9.
I: Infer APM group, base inst: u_top_yolo/u_layer3/genblk1.gen_pages[0].pe_inst.u_pe_page/pe_col_inst[2].u_pe_col/pe_inst[0].u_pe/N3/gopapm, insts:9.
I: Infer APM group, base inst: u_top_yolo/u_layer3/genblk1.gen_pages[0].pe_inst.u_pe_page/pe_col_inst[3].u_pe_col/pe_inst[0].u_pe/N3/gopapm, insts:9.
I: Infer APM group, base inst: u_top_yolo/u_layer4/genblk1.gen_pages[0].pe_inst.u_pe_page/pe_col_inst[0].u_pe_col/pe_inst[0].u_pe/N3/gopapm, insts:9.
I: Infer APM group, base inst: u_top_yolo/u_layer4/genblk1.gen_pages[0].pe_inst.u_pe_page/pe_col_inst[1].u_pe_col/pe_inst[0].u_pe/N3/gopapm, insts:9.
I: Infer APM group, base inst: u_top_yolo/u_layer4/genblk1.gen_pages[1].pe_inst.u_pe_page/pe_col_inst[0].u_pe_col/pe_inst[0].u_pe/N3/gopapm, insts:9.
I: Infer APM group, base inst: u_top_yolo/u_layer4/genblk1.gen_pages[1].pe_inst.u_pe_page/pe_col_inst[1].u_pe_col/pe_inst[0].u_pe/N3/gopapm, insts:9.
I: Infer APM group, base inst: u_top_yolo/u_layer4/genblk1.gen_pages[2].pe_inst.u_pe_page/pe_col_inst[0].u_pe_col/pe_inst[0].u_pe/N3/gopapm, insts:9.
I: Infer APM group, base inst: u_top_yolo/u_layer4/genblk1.gen_pages[2].pe_inst.u_pe_page/pe_col_inst[1].u_pe_col/pe_inst[0].u_pe/N3/gopapm, insts:9.
I: Infer APM group, base inst: u_top_yolo/u_layer4/genblk1.gen_pages[3].pe_inst.u_pe_page/pe_col_inst[0].u_pe_col/pe_inst[0].u_pe/N3/gopapm, insts:9.
I: Infer APM group, base inst: u_top_yolo/u_layer4/genblk1.gen_pages[3].pe_inst.u_pe_page/pe_col_inst[1].u_pe_col/pe_inst[0].u_pe/N3/gopapm, insts:9.
I: IDLAY of "u_ddr_video_delay_sync/u_ddr3_test/u_ddrphy_top/ddrphy_slice_top/i_dqs_group[1].ddrphy_data_slice/dq_loop[1].u_iodelay_dq/iodelay_inst" has been packed in "IDLAY" of IOL "u_ddr_video_delay_sync/u_ddr3_test/u_ddrphy_top/ddrphy_slice_top/i_dqs_group[1].ddrphy_data_slice/dq_loop[1].u_iobuf_dq/opit_1" success.
I: IDLAY of "u_ddr_video_delay_sync/u_ddr3_test/u_ddrphy_top/ddrphy_slice_top/i_dqs_group[1].ddrphy_data_slice/dq_loop[2].u_iodelay_dq/iodelay_inst" has been packed in "IDLAY" of IOL "u_ddr_video_delay_sync/u_ddr3_test/u_ddrphy_top/ddrphy_slice_top/i_dqs_group[1].ddrphy_data_slice/dq_loop[2].u_iobuf_dq/opit_1" success.
I: IDLAY of "u_ddr_video_delay_sync/u_ddr3_test/u_ddrphy_top/ddrphy_slice_top/i_dqs_group[1].ddrphy_data_slice/dq_loop[3].u_iodelay_dq/iodelay_inst" has been packed in "IDLAY" of IOL "u_ddr_video_delay_sync/u_ddr3_test/u_ddrphy_top/ddrphy_slice_top/i_dqs_group[1].ddrphy_data_slice/dq_loop[3].u_iobuf_dq/opit_1" success.
I: IDLAY of "u_ddr_video_delay_sync/u_ddr3_test/u_ddrphy_top/ddrphy_slice_top/i_dqs_group[1].ddrphy_data_slice/dq_loop[4].u_iodelay_dq/iodelay_inst" has been packed in "IDLAY" of IOL "u_ddr_video_delay_sync/u_ddr3_test/u_ddrphy_top/ddrphy_slice_top/i_dqs_group[1].ddrphy_data_slice/dq_loop[4].u_iobuf_dq/opit_1" success.
I: IDLAY of "u_ddr_video_delay_sync/u_ddr3_test/u_ddrphy_top/ddrphy_slice_top/i_dqs_group[1].ddrphy_data_slice/dq_loop[5].u_iodelay_dq/iodelay_inst" has been packed in "IDLAY" of IOL "u_ddr_video_delay_sync/u_ddr3_test/u_ddrphy_top/ddrphy_slice_top/i_dqs_group[1].ddrphy_data_slice/dq_loop[5].u_iobuf_dq/opit_1" success.
I: IDLAY of "u_ddr_video_delay_sync/u_ddr3_test/u_ddrphy_top/ddrphy_slice_top/i_dqs_group[3].ddrphy_data_slice/dq_loop[4].u_iodelay_dq/iodelay_inst" has been packed in "IDLAY" of IOL "u_ddr_video_delay_sync/u_ddr3_test/u_ddrphy_top/ddrphy_slice_top/i_dqs_group[3].ddrphy_data_slice/dq_loop[4].u_iobuf_dq/opit_1" success.
I: IDLAY of "u_ddr_video_delay_sync/u_ddr3_test/u_ddrphy_top/ddrphy_slice_top/i_dqs_group[3].ddrphy_data_slice/dq_loop[5].u_iodelay_dq/iodelay_inst" has been packed in "IDLAY" of IOL "u_ddr_video_delay_sync/u_ddr3_test/u_ddrphy_top/ddrphy_slice_top/i_dqs_group[3].ddrphy_data_slice/dq_loop[5].u_iobuf_dq/opit_1" success.
I: IDLAY of "u_ddr_video_delay_sync/u_ddr3_test/u_ddrphy_top/ddrphy_slice_top/i_dqs_group[1].ddrphy_data_slice/dq_loop[6].u_iodelay_dq/iodelay_inst" has been packed in "IDLAY" of IOL "u_ddr_video_delay_sync/u_ddr3_test/u_ddrphy_top/ddrphy_slice_top/i_dqs_group[1].ddrphy_data_slice/dq_loop[6].u_iobuf_dq/opit_1" success.
I: IDLAY of "u_ddr_video_delay_sync/u_ddr3_test/u_ddrphy_top/ddrphy_slice_top/i_dqs_group[1].ddrphy_data_slice/dq_loop[7].u_iodelay_dq/iodelay_inst" has been packed in "IDLAY" of IOL "u_ddr_video_delay_sync/u_ddr3_test/u_ddrphy_top/ddrphy_slice_top/i_dqs_group[1].ddrphy_data_slice/dq_loop[7].u_iobuf_dq/opit_1" success.
I: IDLAY of "u_ddr_video_delay_sync/u_ddr3_test/u_ddrphy_top/ddrphy_slice_top/i_dqs_group[1].ddrphy_data_slice/dq_loop[0].u_iodelay_dq/iodelay_inst" has been packed in "IDLAY" of IOL "u_ddr_video_delay_sync/u_ddr3_test/u_ddrphy_top/ddrphy_slice_top/i_dqs_group[1].ddrphy_data_slice/dq_loop[0].u_iobuf_dq/opit_1" success.
I: IDLAY of "u_ddr_video_delay_sync/u_ddr3_test/u_ddrphy_top/ddrphy_slice_top/i_dqs_group[3].ddrphy_data_slice/dq_loop[6].u_iodelay_dq/iodelay_inst" has been packed in "IDLAY" of IOL "u_ddr_video_delay_sync/u_ddr3_test/u_ddrphy_top/ddrphy_slice_top/i_dqs_group[3].ddrphy_data_slice/dq_loop[6].u_iobuf_dq/opit_1" success.
I: Adm-6003: Trying to disconnect un-connected pin 'D_DLY' of instance 'u_ddr_video_delay_sync/u_ddr3_test/u_ddrphy_top/ddrphy_slice_top/i_mem_addr_0[0].u_odelay_addr/iodelay_inst'.
I: ODLAY of "u_ddr_video_delay_sync/u_ddr3_test/u_ddrphy_top/ddrphy_slice_top/i_mem_addr_0[0].u_odelay_addr/iodelay_inst" has been packed in "ODLAY" of IOL "u_ddr_video_delay_sync/u_ddr3_test/u_ddrphy_top/ddrphy_slice_top/i_mem_addr_0[0].u_outbuft_addr0/opit_1" success.
I: Adm-6003: Trying to disconnect un-connected pin 'D_DLY' of instance 'u_ddr_video_delay_sync/u_ddr3_test/u_ddrphy_top/ddrphy_slice_top/i_mem_addr_0[1].u_odelay_addr/iodelay_inst'.
I: ODLAY of "u_ddr_video_delay_sync/u_ddr3_test/u_ddrphy_top/ddrphy_slice_top/i_mem_addr_0[1].u_odelay_addr/iodelay_inst" has been packed in "ODLAY" of IOL "u_ddr_video_delay_sync/u_ddr3_test/u_ddrphy_top/ddrphy_slice_top/i_mem_addr_0[1].u_outbuft_addr0/opit_1" success.
I: Adm-6003: Trying to disconnect un-connected pin 'D_DLY' of instance 'u_ddr_video_delay_sync/u_ddr3_test/u_ddrphy_top/ddrphy_slice_top/i_mem_addr_0[2].u_odelay_addr/iodelay_inst'.
I: ODLAY of "u_ddr_video_delay_sync/u_ddr3_test/u_ddrphy_top/ddrphy_slice_top/i_mem_addr_0[2].u_odelay_addr/iodelay_inst" has been packed in "ODLAY" of IOL "u_ddr_video_delay_sync/u_ddr3_test/u_ddrphy_top/ddrphy_slice_top/i_mem_addr_0[2].u_outbuft_addr0/opit_1" success.
I: Adm-6003: Trying to disconnect un-connected pin 'D_DLY' of instance 'u_ddr_video_delay_sync/u_ddr3_test/u_ddrphy_top/ddrphy_slice_top/i_mem_addr_0[3].u_odelay_addr/iodelay_inst'.
I: ODLAY of "u_ddr_video_delay_sync/u_ddr3_test/u_ddrphy_top/ddrphy_slice_top/i_mem_addr_0[3].u_odelay_addr/iodelay_inst" has been packed in "ODLAY" of IOL "u_ddr_video_delay_sync/u_ddr3_test/u_ddrphy_top/ddrphy_slice_top/i_mem_addr_0[3].u_outbuft_addr0/opit_1" success.
I: Adm-6003: Trying to disconnect un-connected pin 'D_DLY' of instance 'u_ddr_video_delay_sync/u_ddr3_test/u_ddrphy_top/ddrphy_slice_top/i_mem_addr_0[4].u_odelay_addr/iodelay_inst'.
I: ODLAY of "u_ddr_video_delay_sync/u_ddr3_test/u_ddrphy_top/ddrphy_slice_top/i_mem_addr_0[4].u_odelay_addr/iodelay_inst" has been packed in "ODLAY" of IOL "u_ddr_video_delay_sync/u_ddr3_test/u_ddrphy_top/ddrphy_slice_top/i_mem_addr_0[4].u_outbuft_addr0/opit_1" success.
I: Adm-6003: Trying to disconnect un-connected pin 'D_DLY' of instance 'u_ddr_video_delay_sync/u_ddr3_test/u_ddrphy_top/ddrphy_slice_top/i_mem_addr_0[5].u_odelay_addr/iodelay_inst'.
I: ODLAY of "u_ddr_video_delay_sync/u_ddr3_test/u_ddrphy_top/ddrphy_slice_top/i_mem_addr_0[5].u_odelay_addr/iodelay_inst" has been packed in "ODLAY" of IOL "u_ddr_video_delay_sync/u_ddr3_test/u_ddrphy_top/ddrphy_slice_top/i_mem_addr_0[5].u_outbuft_addr0/opit_1" success.
I: Adm-6003: Trying to disconnect un-connected pin 'D_DLY' of instance 'u_ddr_video_delay_sync/u_ddr3_test/u_ddrphy_top/ddrphy_slice_top/i_mem_addr_0[6].u_odelay_addr/iodelay_inst'.
I: ODLAY of "u_ddr_video_delay_sync/u_ddr3_test/u_ddrphy_top/ddrphy_slice_top/i_mem_addr_0[6].u_odelay_addr/iodelay_inst" has been packed in "ODLAY" of IOL "u_ddr_video_delay_sync/u_ddr3_test/u_ddrphy_top/ddrphy_slice_top/i_mem_addr_0[6].u_outbuft_addr0/opit_1" success.
I: Adm-6003: Trying to disconnect un-connected pin 'D_DLY' of instance 'u_ddr_video_delay_sync/u_ddr3_test/u_ddrphy_top/ddrphy_slice_top/i_mem_addr_0[7].u_odelay_addr/iodelay_inst'.
I: ODLAY of "u_ddr_video_delay_sync/u_ddr3_test/u_ddrphy_top/ddrphy_slice_top/i_mem_addr_0[7].u_odelay_addr/iodelay_inst" has been packed in "ODLAY" of IOL "u_ddr_video_delay_sync/u_ddr3_test/u_ddrphy_top/ddrphy_slice_top/i_mem_addr_0[7].u_outbuft_addr0/opit_1" success.
I: Adm-6003: Trying to disconnect un-connected pin 'D_DLY' of instance 'u_ddr_video_delay_sync/u_ddr3_test/u_ddrphy_top/ddrphy_slice_top/i_mem_addr_0[8].u_odelay_addr/iodelay_inst'.
I: ODLAY of "u_ddr_video_delay_sync/u_ddr3_test/u_ddrphy_top/ddrphy_slice_top/i_mem_addr_0[8].u_odelay_addr/iodelay_inst" has been packed in "ODLAY" of IOL "u_ddr_video_delay_sync/u_ddr3_test/u_ddrphy_top/ddrphy_slice_top/i_mem_addr_0[8].u_outbuft_addr0/opit_1" success.
I: Adm-6003: Trying to disconnect un-connected pin 'D_DLY' of instance 'u_ddr_video_delay_sync/u_ddr3_test/u_ddrphy_top/ddrphy_slice_top/i_mem_addr_0[9].u_odelay_addr/iodelay_inst'.
I: ODLAY of "u_ddr_video_delay_sync/u_ddr3_test/u_ddrphy_top/ddrphy_slice_top/i_mem_addr_0[9].u_odelay_addr/iodelay_inst" has been packed in "ODLAY" of IOL "u_ddr_video_delay_sync/u_ddr3_test/u_ddrphy_top/ddrphy_slice_top/i_mem_addr_0[9].u_outbuft_addr0/opit_1" success.
I: Adm-6003: Trying to disconnect un-connected pin 'D_DLY' of instance 'u_ddr_video_delay_sync/u_ddr3_test/u_ddrphy_top/ddrphy_slice_top/i_mem_addr_0[10].u_odelay_addr/iodelay_inst'.
I: ODLAY of "u_ddr_video_delay_sync/u_ddr3_test/u_ddrphy_top/ddrphy_slice_top/i_mem_addr_0[10].u_odelay_addr/iodelay_inst" has been packed in "ODLAY" of IOL "u_ddr_video_delay_sync/u_ddr3_test/u_ddrphy_top/ddrphy_slice_top/i_mem_addr_0[10].u_outbuft_addr0/opit_1" success.
I: Adm-6003: Trying to disconnect un-connected pin 'D_DLY' of instance 'u_ddr_video_delay_sync/u_ddr3_test/u_ddrphy_top/ddrphy_slice_top/i_mem_addr_0[11].u_odelay_addr/iodelay_inst'.
I: ODLAY of "u_ddr_video_delay_sync/u_ddr3_test/u_ddrphy_top/ddrphy_slice_top/i_mem_addr_0[11].u_odelay_addr/iodelay_inst" has been packed in "ODLAY" of IOL "u_ddr_video_delay_sync/u_ddr3_test/u_ddrphy_top/ddrphy_slice_top/i_mem_addr_0[11].u_outbuft_addr0/opit_1" success.
I: Adm-6003: Trying to disconnect un-connected pin 'D_DLY' of instance 'u_ddr_video_delay_sync/u_ddr3_test/u_ddrphy_top/ddrphy_slice_top/i_mem_addr_0[12].u_odelay_addr/iodelay_inst'.
I: ODLAY of "u_ddr_video_delay_sync/u_ddr3_test/u_ddrphy_top/ddrphy_slice_top/i_mem_addr_0[12].u_odelay_addr/iodelay_inst" has been packed in "ODLAY" of IOL "u_ddr_video_delay_sync/u_ddr3_test/u_ddrphy_top/ddrphy_slice_top/i_mem_addr_0[12].u_outbuft_addr0/opit_1" success.
I: Adm-6003: Trying to disconnect un-connected pin 'D_DLY' of instance 'u_ddr_video_delay_sync/u_ddr3_test/u_ddrphy_top/ddrphy_slice_top/i_mem_addr_0[13].u_odelay_addr/iodelay_inst'.
I: ODLAY of "u_ddr_video_delay_sync/u_ddr3_test/u_ddrphy_top/ddrphy_slice_top/i_mem_addr_0[13].u_odelay_addr/iodelay_inst" has been packed in "ODLAY" of IOL "u_ddr_video_delay_sync/u_ddr3_test/u_ddrphy_top/ddrphy_slice_top/i_mem_addr_0[13].u_outbuft_addr0/opit_1" success.
I: Adm-6003: Trying to disconnect un-connected pin 'D_DLY' of instance 'u_ddr_video_delay_sync/u_ddr3_test/u_ddrphy_top/ddrphy_slice_top/i_mem_addr_0[14].u_odelay_addr/iodelay_inst'.
I: ODLAY of "u_ddr_video_delay_sync/u_ddr3_test/u_ddrphy_top/ddrphy_slice_top/i_mem_addr_0[14].u_odelay_addr/iodelay_inst" has been packed in "ODLAY" of IOL "u_ddr_video_delay_sync/u_ddr3_test/u_ddrphy_top/ddrphy_slice_top/i_mem_addr_0[14].u_outbuft_addr0/opit_1" success.
I: Adm-6003: Trying to disconnect un-connected pin 'D_DLY' of instance 'u_ddr_video_delay_sync/u_ddr3_test/u_ddrphy_top/ddrphy_slice_top/k_mem_ba[0].u_odelay_ba/iodelay_inst'.
I: ODLAY of "u_ddr_video_delay_sync/u_ddr3_test/u_ddrphy_top/ddrphy_slice_top/k_mem_ba[0].u_odelay_ba/iodelay_inst" has been packed in "ODLAY" of IOL "u_ddr_video_delay_sync/u_ddr3_test/u_ddrphy_top/ddrphy_slice_top/k_mem_ba[0].u_outbuft_ba/opit_1" success.
I: Adm-6003: Trying to disconnect un-connected pin 'D_DLY' of instance 'u_ddr_video_delay_sync/u_ddr3_test/u_ddrphy_top/ddrphy_slice_top/k_mem_ba[1].u_odelay_ba/iodelay_inst'.
I: ODLAY of "u_ddr_video_delay_sync/u_ddr3_test/u_ddrphy_top/ddrphy_slice_top/k_mem_ba[1].u_odelay_ba/iodelay_inst" has been packed in "ODLAY" of IOL "u_ddr_video_delay_sync/u_ddr3_test/u_ddrphy_top/ddrphy_slice_top/k_mem_ba[1].u_outbuft_ba/opit_1" success.
I: Adm-6003: Trying to disconnect un-connected pin 'D_DLY' of instance 'u_ddr_video_delay_sync/u_ddr3_test/u_ddrphy_top/ddrphy_slice_top/k_mem_ba[2].u_odelay_ba/iodelay_inst'.
I: ODLAY of "u_ddr_video_delay_sync/u_ddr3_test/u_ddrphy_top/ddrphy_slice_top/k_mem_ba[2].u_odelay_ba/iodelay_inst" has been packed in "ODLAY" of IOL "u_ddr_video_delay_sync/u_ddr3_test/u_ddrphy_top/ddrphy_slice_top/k_mem_ba[2].u_outbuft_ba/opit_1" success.
I: Adm-6003: Trying to disconnect un-connected pin 'D_DLY' of instance 'u_ddr_video_delay_sync/u_ddr3_test/u_ddrphy_top/ddrphy_slice_top/u_odelay_casn/iodelay_inst'.
I: ODLAY of "u_ddr_video_delay_sync/u_ddr3_test/u_ddrphy_top/ddrphy_slice_top/u_odelay_casn/iodelay_inst" has been packed in "ODLAY" of IOL "u_ddr_video_delay_sync/u_ddr3_test/u_ddrphy_top/ddrphy_slice_top/u_outbuft_casn/opit_1" success.
I: Adm-6003: Trying to disconnect un-connected pin 'D_DLY' of instance 'u_ddr_video_delay_sync/u_ddr3_test/u_ddrphy_top/ddrphy_slice_top/u_odelay_cke/iodelay_inst'.
I: ODLAY of "u_ddr_video_delay_sync/u_ddr3_test/u_ddrphy_top/ddrphy_slice_top/u_odelay_cke/iodelay_inst" has been packed in "ODLAY" of IOL "u_ddr_video_delay_sync/u_ddr3_test/u_ddrphy_top/ddrphy_slice_top/u_outbuft_cke/opit_1" success.
I: Adm-6003: Trying to disconnect un-connected pin 'D_DLY' of instance 'u_ddr_video_delay_sync/u_ddr3_test/u_ddrphy_top/ddrphy_slice_top/u_odelay_csn/iodelay_inst'.
I: ODLAY of "u_ddr_video_delay_sync/u_ddr3_test/u_ddrphy_top/ddrphy_slice_top/u_odelay_csn/iodelay_inst" has been packed in "ODLAY" of IOL "u_ddr_video_delay_sync/u_ddr3_test/u_ddrphy_top/ddrphy_slice_top/u_outbuft_csn/opit_1" success.
I: Adm-6003: Trying to disconnect un-connected pin 'D_DLY' of instance 'u_ddr_video_delay_sync/u_ddr3_test/u_ddrphy_top/ddrphy_slice_top/u_odelay_odt/iodelay_inst'.
I: ODLAY of "u_ddr_video_delay_sync/u_ddr3_test/u_ddrphy_top/ddrphy_slice_top/u_odelay_odt/iodelay_inst" has been packed in "ODLAY" of IOL "u_ddr_video_delay_sync/u_ddr3_test/u_ddrphy_top/ddrphy_slice_top/u_outbuft_odt/opit_1" success.
I: Adm-6003: Trying to disconnect un-connected pin 'D_DLY' of instance 'u_ddr_video_delay_sync/u_ddr3_test/u_ddrphy_top/ddrphy_slice_top/u_odelay_rasn/iodelay_inst'.
I: ODLAY of "u_ddr_video_delay_sync/u_ddr3_test/u_ddrphy_top/ddrphy_slice_top/u_odelay_rasn/iodelay_inst" has been packed in "ODLAY" of IOL "u_ddr_video_delay_sync/u_ddr3_test/u_ddrphy_top/ddrphy_slice_top/u_outbuft_rasn/opit_1" success.
I: Adm-6003: Trying to disconnect un-connected pin 'D_DLY' of instance 'u_ddr_video_delay_sync/u_ddr3_test/u_ddrphy_top/ddrphy_slice_top/u_odelay_wen/iodelay_inst'.
I: ODLAY of "u_ddr_video_delay_sync/u_ddr3_test/u_ddrphy_top/ddrphy_slice_top/u_odelay_wen/iodelay_inst" has been packed in "ODLAY" of IOL "u_ddr_video_delay_sync/u_ddr3_test/u_ddrphy_top/ddrphy_slice_top/u_outbuft_wen/opit_1" success.
I: Adm-6003: Trying to disconnect un-connected pin 'D_DLY' of instance 'u_ddr_video_delay_sync/u_ddr3_test/u_ddrphy_top/ddrphy_slice_top/u_iodelay_dq/iodelay_inst'.
I: ODLAY of "u_ddr_video_delay_sync/u_ddr3_test/u_ddrphy_top/ddrphy_slice_top/u_iodelay_dq/iodelay_inst" has been packed in "ODLAY" of IOL "u_ddr_video_delay_sync/u_ddr3_test/u_ddrphy_top/ddrphy_slice_top/u_outbuftco_ck/opit_3" success.
I: IDLAY of "u_ddr_video_delay_sync/u_ddr3_test/u_ddrphy_top/ddrphy_slice_top/i_dqs_group[0].ddrphy_data_slice/dq_loop[0].u_iodelay_dq/iodelay_inst" has been packed in "IDLAY" of IOL "u_ddr_video_delay_sync/u_ddr3_test/u_ddrphy_top/ddrphy_slice_top/i_dqs_group[0].ddrphy_data_slice/dq_loop[0].u_iobuf_dq/opit_1" success.
I: IDLAY of "u_ddr_video_delay_sync/u_ddr3_test/u_ddrphy_top/ddrphy_slice_top/i_dqs_group[0].ddrphy_data_slice/dq_loop[1].u_iodelay_dq/iodelay_inst" has been packed in "IDLAY" of IOL "u_ddr_video_delay_sync/u_ddr3_test/u_ddrphy_top/ddrphy_slice_top/i_dqs_group[0].ddrphy_data_slice/dq_loop[1].u_iobuf_dq/opit_1" success.
I: IDLAY of "u_ddr_video_delay_sync/u_ddr3_test/u_ddrphy_top/ddrphy_slice_top/i_dqs_group[0].ddrphy_data_slice/dq_loop[2].u_iodelay_dq/iodelay_inst" has been packed in "IDLAY" of IOL "u_ddr_video_delay_sync/u_ddr3_test/u_ddrphy_top/ddrphy_slice_top/i_dqs_group[0].ddrphy_data_slice/dq_loop[2].u_iobuf_dq/opit_1" success.
I: IDLAY of "u_ddr_video_delay_sync/u_ddr3_test/u_ddrphy_top/ddrphy_slice_top/i_dqs_group[0].ddrphy_data_slice/dq_loop[3].u_iodelay_dq/iodelay_inst" has been packed in "IDLAY" of IOL "u_ddr_video_delay_sync/u_ddr3_test/u_ddrphy_top/ddrphy_slice_top/i_dqs_group[0].ddrphy_data_slice/dq_loop[3].u_iobuf_dq/opit_1" success.
I: IDLAY of "u_ddr_video_delay_sync/u_ddr3_test/u_ddrphy_top/ddrphy_slice_top/i_dqs_group[0].ddrphy_data_slice/dq_loop[4].u_iodelay_dq/iodelay_inst" has been packed in "IDLAY" of IOL "u_ddr_video_delay_sync/u_ddr3_test/u_ddrphy_top/ddrphy_slice_top/i_dqs_group[0].ddrphy_data_slice/dq_loop[4].u_iobuf_dq/opit_1" success.
I: IDLAY of "u_ddr_video_delay_sync/u_ddr3_test/u_ddrphy_top/ddrphy_slice_top/i_dqs_group[0].ddrphy_data_slice/dq_loop[5].u_iodelay_dq/iodelay_inst" has been packed in "IDLAY" of IOL "u_ddr_video_delay_sync/u_ddr3_test/u_ddrphy_top/ddrphy_slice_top/i_dqs_group[0].ddrphy_data_slice/dq_loop[5].u_iobuf_dq/opit_1" success.
I: IDLAY of "u_ddr_video_delay_sync/u_ddr3_test/u_ddrphy_top/ddrphy_slice_top/i_dqs_group[0].ddrphy_data_slice/dq_loop[6].u_iodelay_dq/iodelay_inst" has been packed in "IDLAY" of IOL "u_ddr_video_delay_sync/u_ddr3_test/u_ddrphy_top/ddrphy_slice_top/i_dqs_group[0].ddrphy_data_slice/dq_loop[6].u_iobuf_dq/opit_1" success.
I: IDLAY of "u_ddr_video_delay_sync/u_ddr3_test/u_ddrphy_top/ddrphy_slice_top/i_dqs_group[0].ddrphy_data_slice/dq_loop[7].u_iodelay_dq/iodelay_inst" has been packed in "IDLAY" of IOL "u_ddr_video_delay_sync/u_ddr3_test/u_ddrphy_top/ddrphy_slice_top/i_dqs_group[0].ddrphy_data_slice/dq_loop[7].u_iobuf_dq/opit_1" success.
I: IDLAY of "u_ddr_video_delay_sync/u_ddr3_test/u_ddrphy_top/ddrphy_slice_top/i_dqs_group[3].ddrphy_data_slice/dq_loop[2].u_iodelay_dq/iodelay_inst" has been packed in "IDLAY" of IOL "u_ddr_video_delay_sync/u_ddr3_test/u_ddrphy_top/ddrphy_slice_top/i_dqs_group[3].ddrphy_data_slice/dq_loop[2].u_iobuf_dq/opit_1" success.
I: IDLAY of "u_ddr_video_delay_sync/u_ddr3_test/u_ddrphy_top/ddrphy_slice_top/i_dqs_group[2].ddrphy_data_slice/dq_loop[0].u_iodelay_dq/iodelay_inst" has been packed in "IDLAY" of IOL "u_ddr_video_delay_sync/u_ddr3_test/u_ddrphy_top/ddrphy_slice_top/i_dqs_group[2].ddrphy_data_slice/dq_loop[0].u_iobuf_dq/opit_1" success.
I: IDLAY of "u_ddr_video_delay_sync/u_ddr3_test/u_ddrphy_top/ddrphy_slice_top/i_dqs_group[2].ddrphy_data_slice/dq_loop[1].u_iodelay_dq/iodelay_inst" has been packed in "IDLAY" of IOL "u_ddr_video_delay_sync/u_ddr3_test/u_ddrphy_top/ddrphy_slice_top/i_dqs_group[2].ddrphy_data_slice/dq_loop[1].u_iobuf_dq/opit_1" success.
I: IDLAY of "u_ddr_video_delay_sync/u_ddr3_test/u_ddrphy_top/ddrphy_slice_top/i_dqs_group[2].ddrphy_data_slice/dq_loop[2].u_iodelay_dq/iodelay_inst" has been packed in "IDLAY" of IOL "u_ddr_video_delay_sync/u_ddr3_test/u_ddrphy_top/ddrphy_slice_top/i_dqs_group[2].ddrphy_data_slice/dq_loop[2].u_iobuf_dq/opit_1" success.
I: IDLAY of "u_ddr_video_delay_sync/u_ddr3_test/u_ddrphy_top/ddrphy_slice_top/i_dqs_group[2].ddrphy_data_slice/dq_loop[3].u_iodelay_dq/iodelay_inst" has been packed in "IDLAY" of IOL "u_ddr_video_delay_sync/u_ddr3_test/u_ddrphy_top/ddrphy_slice_top/i_dqs_group[2].ddrphy_data_slice/dq_loop[3].u_iobuf_dq/opit_1" success.
I: IDLAY of "u_ddr_video_delay_sync/u_ddr3_test/u_ddrphy_top/ddrphy_slice_top/i_dqs_group[2].ddrphy_data_slice/dq_loop[4].u_iodelay_dq/iodelay_inst" has been packed in "IDLAY" of IOL "u_ddr_video_delay_sync/u_ddr3_test/u_ddrphy_top/ddrphy_slice_top/i_dqs_group[2].ddrphy_data_slice/dq_loop[4].u_iobuf_dq/opit_1" success.
I: IDLAY of "u_ddr_video_delay_sync/u_ddr3_test/u_ddrphy_top/ddrphy_slice_top/i_dqs_group[2].ddrphy_data_slice/dq_loop[5].u_iodelay_dq/iodelay_inst" has been packed in "IDLAY" of IOL "u_ddr_video_delay_sync/u_ddr3_test/u_ddrphy_top/ddrphy_slice_top/i_dqs_group[2].ddrphy_data_slice/dq_loop[5].u_iobuf_dq/opit_1" success.
I: IDLAY of "u_ddr_video_delay_sync/u_ddr3_test/u_ddrphy_top/ddrphy_slice_top/i_dqs_group[2].ddrphy_data_slice/dq_loop[6].u_iodelay_dq/iodelay_inst" has been packed in "IDLAY" of IOL "u_ddr_video_delay_sync/u_ddr3_test/u_ddrphy_top/ddrphy_slice_top/i_dqs_group[2].ddrphy_data_slice/dq_loop[6].u_iobuf_dq/opit_1" success.
I: IDLAY of "u_ddr_video_delay_sync/u_ddr3_test/u_ddrphy_top/ddrphy_slice_top/i_dqs_group[2].ddrphy_data_slice/dq_loop[7].u_iodelay_dq/iodelay_inst" has been packed in "IDLAY" of IOL "u_ddr_video_delay_sync/u_ddr3_test/u_ddrphy_top/ddrphy_slice_top/i_dqs_group[2].ddrphy_data_slice/dq_loop[7].u_iobuf_dq/opit_1" success.
I: IDLAY of "u_ddr_video_delay_sync/u_ddr3_test/u_ddrphy_top/ddrphy_slice_top/i_dqs_group[3].ddrphy_data_slice/dq_loop[3].u_iodelay_dq/iodelay_inst" has been packed in "IDLAY" of IOL "u_ddr_video_delay_sync/u_ddr3_test/u_ddrphy_top/ddrphy_slice_top/i_dqs_group[3].ddrphy_data_slice/dq_loop[3].u_iobuf_dq/opit_1" success.
I: IDLAY of "u_ddr_video_delay_sync/u_ddr3_test/u_ddrphy_top/ddrphy_slice_top/i_dqs_group[3].ddrphy_data_slice/dq_loop[7].u_iodelay_dq/iodelay_inst" has been packed in "IDLAY" of IOL "u_ddr_video_delay_sync/u_ddr3_test/u_ddrphy_top/ddrphy_slice_top/i_dqs_group[3].ddrphy_data_slice/dq_loop[7].u_iobuf_dq/opit_1" success.
I: IDLAY of "u_ddr_video_delay_sync/u_ddr3_test/u_ddrphy_top/ddrphy_slice_top/i_dqs_group[3].ddrphy_data_slice/dq_loop[0].u_iodelay_dq/iodelay_inst" has been packed in "IDLAY" of IOL "u_ddr_video_delay_sync/u_ddr3_test/u_ddrphy_top/ddrphy_slice_top/i_dqs_group[3].ddrphy_data_slice/dq_loop[0].u_iobuf_dq/opit_1" success.
I: IDLAY of "u_ddr_video_delay_sync/u_ddr3_test/u_ddrphy_top/ddrphy_slice_top/i_dqs_group[3].ddrphy_data_slice/dq_loop[1].u_iodelay_dq/iodelay_inst" has been packed in "IDLAY" of IOL "u_ddr_video_delay_sync/u_ddr3_test/u_ddrphy_top/ddrphy_slice_top/i_dqs_group[3].ddrphy_data_slice/dq_loop[1].u_iobuf_dq/opit_1" success.
I: ISERDES "u_ddr_video_delay_sync/u_ddr3_test/u_ddrphy_top/ddrphy_slice_top/i_dqs_group[1].ddrphy_data_slice/dq_loop[1].u_iserdes_dq/iserdes_inst" has been packed in "IDDR" of IOL "u_ddr_video_delay_sync/u_ddr3_test/u_ddrphy_top/ddrphy_slice_top/i_dqs_group[1].ddrphy_data_slice/dq_loop[1].u_iobuf_dq/opit_1" success.
I: OSERDES "u_ddr_video_delay_sync/u_ddr3_test/u_ddrphy_top/ddrphy_slice_top/i_dqs_group[1].ddrphy_data_slice/dq_loop[1].u_oserdes_dq/oserdes_inst" has been packed in "ODDR" of IOL "u_ddr_video_delay_sync/u_ddr3_test/u_ddrphy_top/ddrphy_slice_top/i_dqs_group[1].ddrphy_data_slice/dq_loop[1].u_iobuf_dq/opit_1" success.
I: ISERDES "u_ddr_video_delay_sync/u_ddr3_test/u_ddrphy_top/ddrphy_slice_top/i_dqs_group[1].ddrphy_data_slice/dq_loop[2].u_iserdes_dq/iserdes_inst" has been packed in "IDDR" of IOL "u_ddr_video_delay_sync/u_ddr3_test/u_ddrphy_top/ddrphy_slice_top/i_dqs_group[1].ddrphy_data_slice/dq_loop[2].u_iobuf_dq/opit_1" success.
I: OSERDES "u_ddr_video_delay_sync/u_ddr3_test/u_ddrphy_top/ddrphy_slice_top/i_dqs_group[1].ddrphy_data_slice/dq_loop[2].u_oserdes_dq/oserdes_inst" has been packed in "ODDR" of IOL "u_ddr_video_delay_sync/u_ddr3_test/u_ddrphy_top/ddrphy_slice_top/i_dqs_group[1].ddrphy_data_slice/dq_loop[2].u_iobuf_dq/opit_1" success.
I: ISERDES "u_ddr_video_delay_sync/u_ddr3_test/u_ddrphy_top/ddrphy_slice_top/i_dqs_group[1].ddrphy_data_slice/dq_loop[3].u_iserdes_dq/iserdes_inst" has been packed in "IDDR" of IOL "u_ddr_video_delay_sync/u_ddr3_test/u_ddrphy_top/ddrphy_slice_top/i_dqs_group[1].ddrphy_data_slice/dq_loop[3].u_iobuf_dq/opit_1" success.
I: OSERDES "u_ddr_video_delay_sync/u_ddr3_test/u_ddrphy_top/ddrphy_slice_top/i_dqs_group[1].ddrphy_data_slice/dq_loop[3].u_oserdes_dq/oserdes_inst" has been packed in "ODDR" of IOL "u_ddr_video_delay_sync/u_ddr3_test/u_ddrphy_top/ddrphy_slice_top/i_dqs_group[1].ddrphy_data_slice/dq_loop[3].u_iobuf_dq/opit_1" success.
I: ISERDES "u_ddr_video_delay_sync/u_ddr3_test/u_ddrphy_top/ddrphy_slice_top/i_dqs_group[1].ddrphy_data_slice/dq_loop[4].u_iserdes_dq/iserdes_inst" has been packed in "IDDR" of IOL "u_ddr_video_delay_sync/u_ddr3_test/u_ddrphy_top/ddrphy_slice_top/i_dqs_group[1].ddrphy_data_slice/dq_loop[4].u_iobuf_dq/opit_1" success.
I: OSERDES "u_ddr_video_delay_sync/u_ddr3_test/u_ddrphy_top/ddrphy_slice_top/i_dqs_group[1].ddrphy_data_slice/dq_loop[4].u_oserdes_dq/oserdes_inst" has been packed in "ODDR" of IOL "u_ddr_video_delay_sync/u_ddr3_test/u_ddrphy_top/ddrphy_slice_top/i_dqs_group[1].ddrphy_data_slice/dq_loop[4].u_iobuf_dq/opit_1" success.
I: ISERDES "u_ddr_video_delay_sync/u_ddr3_test/u_ddrphy_top/ddrphy_slice_top/i_dqs_group[1].ddrphy_data_slice/dq_loop[5].u_iserdes_dq/iserdes_inst" has been packed in "IDDR" of IOL "u_ddr_video_delay_sync/u_ddr3_test/u_ddrphy_top/ddrphy_slice_top/i_dqs_group[1].ddrphy_data_slice/dq_loop[5].u_iobuf_dq/opit_1" success.
I: OSERDES "u_ddr_video_delay_sync/u_ddr3_test/u_ddrphy_top/ddrphy_slice_top/i_dqs_group[1].ddrphy_data_slice/dq_loop[5].u_oserdes_dq/oserdes_inst" has been packed in "ODDR" of IOL "u_ddr_video_delay_sync/u_ddr3_test/u_ddrphy_top/ddrphy_slice_top/i_dqs_group[1].ddrphy_data_slice/dq_loop[5].u_iobuf_dq/opit_1" success.
I: ISERDES "u_ddr_video_delay_sync/u_ddr3_test/u_ddrphy_top/ddrphy_slice_top/i_dqs_group[3].ddrphy_data_slice/dq_loop[4].u_iserdes_dq/iserdes_inst" has been packed in "IDDR" of IOL "u_ddr_video_delay_sync/u_ddr3_test/u_ddrphy_top/ddrphy_slice_top/i_dqs_group[3].ddrphy_data_slice/dq_loop[4].u_iobuf_dq/opit_1" success.
I: OSERDES "u_ddr_video_delay_sync/u_ddr3_test/u_ddrphy_top/ddrphy_slice_top/i_dqs_group[3].ddrphy_data_slice/dq_loop[4].u_oserdes_dq/oserdes_inst" has been packed in "ODDR" of IOL "u_ddr_video_delay_sync/u_ddr3_test/u_ddrphy_top/ddrphy_slice_top/i_dqs_group[3].ddrphy_data_slice/dq_loop[4].u_iobuf_dq/opit_1" success.
I: ISERDES "u_ddr_video_delay_sync/u_ddr3_test/u_ddrphy_top/ddrphy_slice_top/i_dqs_group[3].ddrphy_data_slice/dq_loop[5].u_iserdes_dq/iserdes_inst" has been packed in "IDDR" of IOL "u_ddr_video_delay_sync/u_ddr3_test/u_ddrphy_top/ddrphy_slice_top/i_dqs_group[3].ddrphy_data_slice/dq_loop[5].u_iobuf_dq/opit_1" success.
I: OSERDES "u_ddr_video_delay_sync/u_ddr3_test/u_ddrphy_top/ddrphy_slice_top/i_dqs_group[3].ddrphy_data_slice/dq_loop[5].u_oserdes_dq/oserdes_inst" has been packed in "ODDR" of IOL "u_ddr_video_delay_sync/u_ddr3_test/u_ddrphy_top/ddrphy_slice_top/i_dqs_group[3].ddrphy_data_slice/dq_loop[5].u_iobuf_dq/opit_1" success.
I: ISERDES "u_ddr_video_delay_sync/u_ddr3_test/u_ddrphy_top/ddrphy_slice_top/i_dqs_group[1].ddrphy_data_slice/dq_loop[6].u_iserdes_dq/iserdes_inst" has been packed in "IDDR" of IOL "u_ddr_video_delay_sync/u_ddr3_test/u_ddrphy_top/ddrphy_slice_top/i_dqs_group[1].ddrphy_data_slice/dq_loop[6].u_iobuf_dq/opit_1" success.
I: OSERDES "u_ddr_video_delay_sync/u_ddr3_test/u_ddrphy_top/ddrphy_slice_top/i_dqs_group[1].ddrphy_data_slice/dq_loop[6].u_oserdes_dq/oserdes_inst" has been packed in "ODDR" of IOL "u_ddr_video_delay_sync/u_ddr3_test/u_ddrphy_top/ddrphy_slice_top/i_dqs_group[1].ddrphy_data_slice/dq_loop[6].u_iobuf_dq/opit_1" success.
I: ISERDES "u_ddr_video_delay_sync/u_ddr3_test/u_ddrphy_top/ddrphy_slice_top/i_dqs_group[1].ddrphy_data_slice/dq_loop[7].u_iserdes_dq/iserdes_inst" has been packed in "IDDR" of IOL "u_ddr_video_delay_sync/u_ddr3_test/u_ddrphy_top/ddrphy_slice_top/i_dqs_group[1].ddrphy_data_slice/dq_loop[7].u_iobuf_dq/opit_1" success.
I: OSERDES "u_ddr_video_delay_sync/u_ddr3_test/u_ddrphy_top/ddrphy_slice_top/i_dqs_group[1].ddrphy_data_slice/dq_loop[7].u_oserdes_dq/oserdes_inst" has been packed in "ODDR" of IOL "u_ddr_video_delay_sync/u_ddr3_test/u_ddrphy_top/ddrphy_slice_top/i_dqs_group[1].ddrphy_data_slice/dq_loop[7].u_iobuf_dq/opit_1" success.
I: ISERDES "u_ddr_video_delay_sync/u_ddr3_test/u_ddrphy_top/ddrphy_slice_top/i_dqs_group[1].ddrphy_data_slice/dq_loop[0].u_iserdes_dq/iserdes_inst" has been packed in "IDDR" of IOL "u_ddr_video_delay_sync/u_ddr3_test/u_ddrphy_top/ddrphy_slice_top/i_dqs_group[1].ddrphy_data_slice/dq_loop[0].u_iobuf_dq/opit_1" success.
I: OSERDES "u_ddr_video_delay_sync/u_ddr3_test/u_ddrphy_top/ddrphy_slice_top/i_dqs_group[1].ddrphy_data_slice/dq_loop[0].u_oserdes_dq/oserdes_inst" has been packed in "ODDR" of IOL "u_ddr_video_delay_sync/u_ddr3_test/u_ddrphy_top/ddrphy_slice_top/i_dqs_group[1].ddrphy_data_slice/dq_loop[0].u_iobuf_dq/opit_1" success.
I: ISERDES "u_ddr_video_delay_sync/u_ddr3_test/u_ddrphy_top/ddrphy_slice_top/i_dqs_group[3].ddrphy_data_slice/dq_loop[6].u_iserdes_dq/iserdes_inst" has been packed in "IDDR" of IOL "u_ddr_video_delay_sync/u_ddr3_test/u_ddrphy_top/ddrphy_slice_top/i_dqs_group[3].ddrphy_data_slice/dq_loop[6].u_iobuf_dq/opit_1" success.
I: OSERDES "u_ddr_video_delay_sync/u_ddr3_test/u_ddrphy_top/ddrphy_slice_top/i_dqs_group[3].ddrphy_data_slice/dq_loop[6].u_oserdes_dq/oserdes_inst" has been packed in "ODDR" of IOL "u_ddr_video_delay_sync/u_ddr3_test/u_ddrphy_top/ddrphy_slice_top/i_dqs_group[3].ddrphy_data_slice/dq_loop[6].u_iobuf_dq/opit_1" success.
I: OSERDES "rgb2tmds/clockserializer/SerializerMaster/oserdes_inst_inv" has been packed in "ODDR" of IOL "rgb2tmds/clockserializer/OutputBuffer/opit_2" success.
I: OSERDES "rgb2tmds/encoder[0].dataserializer/SerializerMaster/oserdes_inst_inv" has been packed in "ODDR" of IOL "rgb2tmds/encoder[0].dataserializer/OutputBuffer/opit_2" success.
I: OSERDES "rgb2tmds/encoder[1].dataserializer/SerializerMaster/oserdes_inst_inv" has been packed in "ODDR" of IOL "rgb2tmds/encoder[1].dataserializer/OutputBuffer/opit_2" success.
I: OSERDES "rgb2tmds/encoder[2].dataserializer/SerializerMaster/oserdes_inst_inv" has been packed in "ODDR" of IOL "rgb2tmds/encoder[2].dataserializer/OutputBuffer/opit_2" success.
I: OSERDES "u_ddr_video_delay_sync/u_ddr3_test/u_ddrphy_top/ddrphy_slice_top/i_mem_addr_0[0].u_oserdes_addr/oserdes_inst" has been packed in "ODDR" of IOL "u_ddr_video_delay_sync/u_ddr3_test/u_ddrphy_top/ddrphy_slice_top/i_mem_addr_0[0].u_outbuft_addr0/opit_1" success.
I: OSERDES "u_ddr_video_delay_sync/u_ddr3_test/u_ddrphy_top/ddrphy_slice_top/i_mem_addr_0[1].u_oserdes_addr/oserdes_inst" has been packed in "ODDR" of IOL "u_ddr_video_delay_sync/u_ddr3_test/u_ddrphy_top/ddrphy_slice_top/i_mem_addr_0[1].u_outbuft_addr0/opit_1" success.
I: OSERDES "u_ddr_video_delay_sync/u_ddr3_test/u_ddrphy_top/ddrphy_slice_top/i_mem_addr_0[2].u_oserdes_addr/oserdes_inst" has been packed in "ODDR" of IOL "u_ddr_video_delay_sync/u_ddr3_test/u_ddrphy_top/ddrphy_slice_top/i_mem_addr_0[2].u_outbuft_addr0/opit_1" success.
I: OSERDES "u_ddr_video_delay_sync/u_ddr3_test/u_ddrphy_top/ddrphy_slice_top/i_mem_addr_0[3].u_oserdes_addr/oserdes_inst" has been packed in "ODDR" of IOL "u_ddr_video_delay_sync/u_ddr3_test/u_ddrphy_top/ddrphy_slice_top/i_mem_addr_0[3].u_outbuft_addr0/opit_1" success.
I: OSERDES "u_ddr_video_delay_sync/u_ddr3_test/u_ddrphy_top/ddrphy_slice_top/i_mem_addr_0[4].u_oserdes_addr/oserdes_inst" has been packed in "ODDR" of IOL "u_ddr_video_delay_sync/u_ddr3_test/u_ddrphy_top/ddrphy_slice_top/i_mem_addr_0[4].u_outbuft_addr0/opit_1" success.
I: OSERDES "u_ddr_video_delay_sync/u_ddr3_test/u_ddrphy_top/ddrphy_slice_top/i_mem_addr_0[5].u_oserdes_addr/oserdes_inst" has been packed in "ODDR" of IOL "u_ddr_video_delay_sync/u_ddr3_test/u_ddrphy_top/ddrphy_slice_top/i_mem_addr_0[5].u_outbuft_addr0/opit_1" success.
I: OSERDES "u_ddr_video_delay_sync/u_ddr3_test/u_ddrphy_top/ddrphy_slice_top/i_mem_addr_0[6].u_oserdes_addr/oserdes_inst" has been packed in "ODDR" of IOL "u_ddr_video_delay_sync/u_ddr3_test/u_ddrphy_top/ddrphy_slice_top/i_mem_addr_0[6].u_outbuft_addr0/opit_1" success.
I: OSERDES "u_ddr_video_delay_sync/u_ddr3_test/u_ddrphy_top/ddrphy_slice_top/i_mem_addr_0[7].u_oserdes_addr/oserdes_inst" has been packed in "ODDR" of IOL "u_ddr_video_delay_sync/u_ddr3_test/u_ddrphy_top/ddrphy_slice_top/i_mem_addr_0[7].u_outbuft_addr0/opit_1" success.
I: OSERDES "u_ddr_video_delay_sync/u_ddr3_test/u_ddrphy_top/ddrphy_slice_top/i_mem_addr_0[8].u_oserdes_addr/oserdes_inst" has been packed in "ODDR" of IOL "u_ddr_video_delay_sync/u_ddr3_test/u_ddrphy_top/ddrphy_slice_top/i_mem_addr_0[8].u_outbuft_addr0/opit_1" success.
I: OSERDES "u_ddr_video_delay_sync/u_ddr3_test/u_ddrphy_top/ddrphy_slice_top/i_mem_addr_0[9].u_oserdes_addr/oserdes_inst" has been packed in "ODDR" of IOL "u_ddr_video_delay_sync/u_ddr3_test/u_ddrphy_top/ddrphy_slice_top/i_mem_addr_0[9].u_outbuft_addr0/opit_1" success.
I: OSERDES "u_ddr_video_delay_sync/u_ddr3_test/u_ddrphy_top/ddrphy_slice_top/i_mem_addr_0[10].u_oserdes_addr/oserdes_inst" has been packed in "ODDR" of IOL "u_ddr_video_delay_sync/u_ddr3_test/u_ddrphy_top/ddrphy_slice_top/i_mem_addr_0[10].u_outbuft_addr0/opit_1" success.
I: OSERDES "u_ddr_video_delay_sync/u_ddr3_test/u_ddrphy_top/ddrphy_slice_top/i_mem_addr_0[11].u_oserdes_addr/oserdes_inst" has been packed in "ODDR" of IOL "u_ddr_video_delay_sync/u_ddr3_test/u_ddrphy_top/ddrphy_slice_top/i_mem_addr_0[11].u_outbuft_addr0/opit_1" success.
I: OSERDES "u_ddr_video_delay_sync/u_ddr3_test/u_ddrphy_top/ddrphy_slice_top/i_mem_addr_0[12].u_oserdes_addr/oserdes_inst" has been packed in "ODDR" of IOL "u_ddr_video_delay_sync/u_ddr3_test/u_ddrphy_top/ddrphy_slice_top/i_mem_addr_0[12].u_outbuft_addr0/opit_1" success.
I: OSERDES "u_ddr_video_delay_sync/u_ddr3_test/u_ddrphy_top/ddrphy_slice_top/i_mem_addr_0[13].u_oserdes_addr/oserdes_inst" has been packed in "ODDR" of IOL "u_ddr_video_delay_sync/u_ddr3_test/u_ddrphy_top/ddrphy_slice_top/i_mem_addr_0[13].u_outbuft_addr0/opit_1" success.
I: OSERDES "u_ddr_video_delay_sync/u_ddr3_test/u_ddrphy_top/ddrphy_slice_top/i_mem_addr_0[14].u_oserdes_addr/oserdes_inst" has been packed in "ODDR" of IOL "u_ddr_video_delay_sync/u_ddr3_test/u_ddrphy_top/ddrphy_slice_top/i_mem_addr_0[14].u_outbuft_addr0/opit_1" success.
I: OSERDES "u_ddr_video_delay_sync/u_ddr3_test/u_ddrphy_top/ddrphy_slice_top/k_mem_ba[0].u_oserdes_ba/oserdes_inst" has been packed in "ODDR" of IOL "u_ddr_video_delay_sync/u_ddr3_test/u_ddrphy_top/ddrphy_slice_top/k_mem_ba[0].u_outbuft_ba/opit_1" success.
I: OSERDES "u_ddr_video_delay_sync/u_ddr3_test/u_ddrphy_top/ddrphy_slice_top/k_mem_ba[1].u_oserdes_ba/oserdes_inst" has been packed in "ODDR" of IOL "u_ddr_video_delay_sync/u_ddr3_test/u_ddrphy_top/ddrphy_slice_top/k_mem_ba[1].u_outbuft_ba/opit_1" success.
I: OSERDES "u_ddr_video_delay_sync/u_ddr3_test/u_ddrphy_top/ddrphy_slice_top/k_mem_ba[2].u_oserdes_ba/oserdes_inst" has been packed in "ODDR" of IOL "u_ddr_video_delay_sync/u_ddr3_test/u_ddrphy_top/ddrphy_slice_top/k_mem_ba[2].u_outbuft_ba/opit_1" success.
I: OSERDES "u_ddr_video_delay_sync/u_ddr3_test/u_ddrphy_top/ddrphy_slice_top/u_oserdes_casn/oserdes_inst" has been packed in "ODDR" of IOL "u_ddr_video_delay_sync/u_ddr3_test/u_ddrphy_top/ddrphy_slice_top/u_outbuft_casn/opit_1" success.
I: OSERDES "u_ddr_video_delay_sync/u_ddr3_test/u_ddrphy_top/ddrphy_slice_top/u_oserdes_cke/oserdes_inst" has been packed in "ODDR" of IOL "u_ddr_video_delay_sync/u_ddr3_test/u_ddrphy_top/ddrphy_slice_top/u_outbuft_cke/opit_1" success.
I: OSERDES "u_ddr_video_delay_sync/u_ddr3_test/u_ddrphy_top/ddrphy_slice_top/u_oserdes_csn/oserdes_inst" has been packed in "ODDR" of IOL "u_ddr_video_delay_sync/u_ddr3_test/u_ddrphy_top/ddrphy_slice_top/u_outbuft_csn/opit_1" success.
I: OSERDES "u_ddr_video_delay_sync/u_ddr3_test/u_ddrphy_top/ddrphy_slice_top/u_oserdes_odt/oserdes_inst" has been packed in "ODDR" of IOL "u_ddr_video_delay_sync/u_ddr3_test/u_ddrphy_top/ddrphy_slice_top/u_outbuft_odt/opit_1" success.
I: OSERDES "u_ddr_video_delay_sync/u_ddr3_test/u_ddrphy_top/ddrphy_slice_top/u_oserdes_rasn/oserdes_inst" has been packed in "ODDR" of IOL "u_ddr_video_delay_sync/u_ddr3_test/u_ddrphy_top/ddrphy_slice_top/u_outbuft_rasn/opit_1" success.
I: OSERDES "u_ddr_video_delay_sync/u_ddr3_test/u_ddrphy_top/ddrphy_slice_top/u_oserdes_wen/oserdes_inst" has been packed in "ODDR" of IOL "u_ddr_video_delay_sync/u_ddr3_test/u_ddrphy_top/ddrphy_slice_top/u_outbuft_wen/opit_1" success.
I: OSERDES "u_ddr_video_delay_sync/u_ddr3_test/u_ddrphy_top/ddrphy_slice_top/u_oserdes_ck/oserdes_inst" has been packed in "ODDR" of IOL "u_ddr_video_delay_sync/u_ddr3_test/u_ddrphy_top/ddrphy_slice_top/u_outbuftco_ck/opit_3" success.
I: ISERDES "u_ddr_video_delay_sync/u_ddr3_test/u_ddrphy_top/ddrphy_slice_top/i_dqs_group[0].ddrphy_data_slice/dq_loop[0].u_iserdes_dq/iserdes_inst" has been packed in "IDDR" of IOL "u_ddr_video_delay_sync/u_ddr3_test/u_ddrphy_top/ddrphy_slice_top/i_dqs_group[0].ddrphy_data_slice/dq_loop[0].u_iobuf_dq/opit_1" success.
I: OSERDES "u_ddr_video_delay_sync/u_ddr3_test/u_ddrphy_top/ddrphy_slice_top/i_dqs_group[0].ddrphy_data_slice/dq_loop[0].u_oserdes_dq/oserdes_inst" has been packed in "ODDR" of IOL "u_ddr_video_delay_sync/u_ddr3_test/u_ddrphy_top/ddrphy_slice_top/i_dqs_group[0].ddrphy_data_slice/dq_loop[0].u_iobuf_dq/opit_1" success.
I: ISERDES "u_ddr_video_delay_sync/u_ddr3_test/u_ddrphy_top/ddrphy_slice_top/i_dqs_group[0].ddrphy_data_slice/dq_loop[1].u_iserdes_dq/iserdes_inst" has been packed in "IDDR" of IOL "u_ddr_video_delay_sync/u_ddr3_test/u_ddrphy_top/ddrphy_slice_top/i_dqs_group[0].ddrphy_data_slice/dq_loop[1].u_iobuf_dq/opit_1" success.
I: OSERDES "u_ddr_video_delay_sync/u_ddr3_test/u_ddrphy_top/ddrphy_slice_top/i_dqs_group[0].ddrphy_data_slice/dq_loop[1].u_oserdes_dq/oserdes_inst" has been packed in "ODDR" of IOL "u_ddr_video_delay_sync/u_ddr3_test/u_ddrphy_top/ddrphy_slice_top/i_dqs_group[0].ddrphy_data_slice/dq_loop[1].u_iobuf_dq/opit_1" success.
I: ISERDES "u_ddr_video_delay_sync/u_ddr3_test/u_ddrphy_top/ddrphy_slice_top/i_dqs_group[0].ddrphy_data_slice/dq_loop[2].u_iserdes_dq/iserdes_inst" has been packed in "IDDR" of IOL "u_ddr_video_delay_sync/u_ddr3_test/u_ddrphy_top/ddrphy_slice_top/i_dqs_group[0].ddrphy_data_slice/dq_loop[2].u_iobuf_dq/opit_1" success.
I: OSERDES "u_ddr_video_delay_sync/u_ddr3_test/u_ddrphy_top/ddrphy_slice_top/i_dqs_group[0].ddrphy_data_slice/dq_loop[2].u_oserdes_dq/oserdes_inst" has been packed in "ODDR" of IOL "u_ddr_video_delay_sync/u_ddr3_test/u_ddrphy_top/ddrphy_slice_top/i_dqs_group[0].ddrphy_data_slice/dq_loop[2].u_iobuf_dq/opit_1" success.
I: ISERDES "u_ddr_video_delay_sync/u_ddr3_test/u_ddrphy_top/ddrphy_slice_top/i_dqs_group[0].ddrphy_data_slice/dq_loop[3].u_iserdes_dq/iserdes_inst" has been packed in "IDDR" of IOL "u_ddr_video_delay_sync/u_ddr3_test/u_ddrphy_top/ddrphy_slice_top/i_dqs_group[0].ddrphy_data_slice/dq_loop[3].u_iobuf_dq/opit_1" success.
I: OSERDES "u_ddr_video_delay_sync/u_ddr3_test/u_ddrphy_top/ddrphy_slice_top/i_dqs_group[0].ddrphy_data_slice/dq_loop[3].u_oserdes_dq/oserdes_inst" has been packed in "ODDR" of IOL "u_ddr_video_delay_sync/u_ddr3_test/u_ddrphy_top/ddrphy_slice_top/i_dqs_group[0].ddrphy_data_slice/dq_loop[3].u_iobuf_dq/opit_1" success.
I: ISERDES "u_ddr_video_delay_sync/u_ddr3_test/u_ddrphy_top/ddrphy_slice_top/i_dqs_group[0].ddrphy_data_slice/dq_loop[4].u_iserdes_dq/iserdes_inst" has been packed in "IDDR" of IOL "u_ddr_video_delay_sync/u_ddr3_test/u_ddrphy_top/ddrphy_slice_top/i_dqs_group[0].ddrphy_data_slice/dq_loop[4].u_iobuf_dq/opit_1" success.
I: OSERDES "u_ddr_video_delay_sync/u_ddr3_test/u_ddrphy_top/ddrphy_slice_top/i_dqs_group[0].ddrphy_data_slice/dq_loop[4].u_oserdes_dq/oserdes_inst" has been packed in "ODDR" of IOL "u_ddr_video_delay_sync/u_ddr3_test/u_ddrphy_top/ddrphy_slice_top/i_dqs_group[0].ddrphy_data_slice/dq_loop[4].u_iobuf_dq/opit_1" success.
I: ISERDES "u_ddr_video_delay_sync/u_ddr3_test/u_ddrphy_top/ddrphy_slice_top/i_dqs_group[0].ddrphy_data_slice/dq_loop[5].u_iserdes_dq/iserdes_inst" has been packed in "IDDR" of IOL "u_ddr_video_delay_sync/u_ddr3_test/u_ddrphy_top/ddrphy_slice_top/i_dqs_group[0].ddrphy_data_slice/dq_loop[5].u_iobuf_dq/opit_1" success.
I: OSERDES "u_ddr_video_delay_sync/u_ddr3_test/u_ddrphy_top/ddrphy_slice_top/i_dqs_group[0].ddrphy_data_slice/dq_loop[5].u_oserdes_dq/oserdes_inst" has been packed in "ODDR" of IOL "u_ddr_video_delay_sync/u_ddr3_test/u_ddrphy_top/ddrphy_slice_top/i_dqs_group[0].ddrphy_data_slice/dq_loop[5].u_iobuf_dq/opit_1" success.
I: ISERDES "u_ddr_video_delay_sync/u_ddr3_test/u_ddrphy_top/ddrphy_slice_top/i_dqs_group[0].ddrphy_data_slice/dq_loop[6].u_iserdes_dq/iserdes_inst" has been packed in "IDDR" of IOL "u_ddr_video_delay_sync/u_ddr3_test/u_ddrphy_top/ddrphy_slice_top/i_dqs_group[0].ddrphy_data_slice/dq_loop[6].u_iobuf_dq/opit_1" success.
I: OSERDES "u_ddr_video_delay_sync/u_ddr3_test/u_ddrphy_top/ddrphy_slice_top/i_dqs_group[0].ddrphy_data_slice/dq_loop[6].u_oserdes_dq/oserdes_inst" has been packed in "ODDR" of IOL "u_ddr_video_delay_sync/u_ddr3_test/u_ddrphy_top/ddrphy_slice_top/i_dqs_group[0].ddrphy_data_slice/dq_loop[6].u_iobuf_dq/opit_1" success.
I: ISERDES "u_ddr_video_delay_sync/u_ddr3_test/u_ddrphy_top/ddrphy_slice_top/i_dqs_group[0].ddrphy_data_slice/dq_loop[7].u_iserdes_dq/iserdes_inst" has been packed in "IDDR" of IOL "u_ddr_video_delay_sync/u_ddr3_test/u_ddrphy_top/ddrphy_slice_top/i_dqs_group[0].ddrphy_data_slice/dq_loop[7].u_iobuf_dq/opit_1" success.
I: OSERDES "u_ddr_video_delay_sync/u_ddr3_test/u_ddrphy_top/ddrphy_slice_top/i_dqs_group[0].ddrphy_data_slice/dq_loop[7].u_oserdes_dq/oserdes_inst" has been packed in "ODDR" of IOL "u_ddr_video_delay_sync/u_ddr3_test/u_ddrphy_top/ddrphy_slice_top/i_dqs_group[0].ddrphy_data_slice/dq_loop[7].u_iobuf_dq/opit_1" success.
I: OSERDES "u_ddr_video_delay_sync/u_ddr3_test/u_ddrphy_top/ddrphy_slice_top/i_dqs_group[0].ddrphy_data_slice/u_oserdes_dqs/oserdes_inst" has been packed in "ODDR" of IOL "u_ddr_video_delay_sync/u_ddr3_test/u_ddrphy_top/ddrphy_slice_top/i_dqs_group[0].ddrphy_data_slice/genblk1.u_iobufco_dqs/opit_2" success.
I: OSERDES "u_ddr_video_delay_sync/u_ddr3_test/u_ddrphy_top/ddrphy_slice_top/i_dqs_group[0].ddrphy_data_slice/u_oserdes_dm/oserdes_inst" has been packed in "ODDR" of IOL "u_ddr_video_delay_sync/u_ddr3_test/u_ddrphy_top/ddrphy_slice_top/i_dqs_group[0].ddrphy_data_slice/u_outbuft_dm/opit_1" success.
I: ISERDES "u_ddr_video_delay_sync/u_ddr3_test/u_ddrphy_top/ddrphy_slice_top/i_dqs_group[3].ddrphy_data_slice/dq_loop[2].u_iserdes_dq/iserdes_inst" has been packed in "IDDR" of IOL "u_ddr_video_delay_sync/u_ddr3_test/u_ddrphy_top/ddrphy_slice_top/i_dqs_group[3].ddrphy_data_slice/dq_loop[2].u_iobuf_dq/opit_1" success.
I: OSERDES "u_ddr_video_delay_sync/u_ddr3_test/u_ddrphy_top/ddrphy_slice_top/i_dqs_group[3].ddrphy_data_slice/dq_loop[2].u_oserdes_dq/oserdes_inst" has been packed in "ODDR" of IOL "u_ddr_video_delay_sync/u_ddr3_test/u_ddrphy_top/ddrphy_slice_top/i_dqs_group[3].ddrphy_data_slice/dq_loop[2].u_iobuf_dq/opit_1" success.
I: OSERDES "u_ddr_video_delay_sync/u_ddr3_test/u_ddrphy_top/ddrphy_slice_top/i_dqs_group[1].ddrphy_data_slice/u_oserdes_dqs/oserdes_inst" has been packed in "ODDR" of IOL "u_ddr_video_delay_sync/u_ddr3_test/u_ddrphy_top/ddrphy_slice_top/i_dqs_group[1].ddrphy_data_slice/genblk1.u_iobufco_dqs/opit_2" success.
I: OSERDES "u_ddr_video_delay_sync/u_ddr3_test/u_ddrphy_top/ddrphy_slice_top/i_dqs_group[1].ddrphy_data_slice/u_oserdes_dm/oserdes_inst" has been packed in "ODDR" of IOL "u_ddr_video_delay_sync/u_ddr3_test/u_ddrphy_top/ddrphy_slice_top/i_dqs_group[1].ddrphy_data_slice/u_outbuft_dm/opit_1" success.
I: ISERDES "u_ddr_video_delay_sync/u_ddr3_test/u_ddrphy_top/ddrphy_slice_top/i_dqs_group[2].ddrphy_data_slice/dq_loop[0].u_iserdes_dq/iserdes_inst" has been packed in "IDDR" of IOL "u_ddr_video_delay_sync/u_ddr3_test/u_ddrphy_top/ddrphy_slice_top/i_dqs_group[2].ddrphy_data_slice/dq_loop[0].u_iobuf_dq/opit_1" success.
I: OSERDES "u_ddr_video_delay_sync/u_ddr3_test/u_ddrphy_top/ddrphy_slice_top/i_dqs_group[2].ddrphy_data_slice/dq_loop[0].u_oserdes_dq/oserdes_inst" has been packed in "ODDR" of IOL "u_ddr_video_delay_sync/u_ddr3_test/u_ddrphy_top/ddrphy_slice_top/i_dqs_group[2].ddrphy_data_slice/dq_loop[0].u_iobuf_dq/opit_1" success.
I: ISERDES "u_ddr_video_delay_sync/u_ddr3_test/u_ddrphy_top/ddrphy_slice_top/i_dqs_group[2].ddrphy_data_slice/dq_loop[1].u_iserdes_dq/iserdes_inst" has been packed in "IDDR" of IOL "u_ddr_video_delay_sync/u_ddr3_test/u_ddrphy_top/ddrphy_slice_top/i_dqs_group[2].ddrphy_data_slice/dq_loop[1].u_iobuf_dq/opit_1" success.
I: OSERDES "u_ddr_video_delay_sync/u_ddr3_test/u_ddrphy_top/ddrphy_slice_top/i_dqs_group[2].ddrphy_data_slice/dq_loop[1].u_oserdes_dq/oserdes_inst" has been packed in "ODDR" of IOL "u_ddr_video_delay_sync/u_ddr3_test/u_ddrphy_top/ddrphy_slice_top/i_dqs_group[2].ddrphy_data_slice/dq_loop[1].u_iobuf_dq/opit_1" success.
I: ISERDES "u_ddr_video_delay_sync/u_ddr3_test/u_ddrphy_top/ddrphy_slice_top/i_dqs_group[2].ddrphy_data_slice/dq_loop[2].u_iserdes_dq/iserdes_inst" has been packed in "IDDR" of IOL "u_ddr_video_delay_sync/u_ddr3_test/u_ddrphy_top/ddrphy_slice_top/i_dqs_group[2].ddrphy_data_slice/dq_loop[2].u_iobuf_dq/opit_1" success.
I: OSERDES "u_ddr_video_delay_sync/u_ddr3_test/u_ddrphy_top/ddrphy_slice_top/i_dqs_group[2].ddrphy_data_slice/dq_loop[2].u_oserdes_dq/oserdes_inst" has been packed in "ODDR" of IOL "u_ddr_video_delay_sync/u_ddr3_test/u_ddrphy_top/ddrphy_slice_top/i_dqs_group[2].ddrphy_data_slice/dq_loop[2].u_iobuf_dq/opit_1" success.
I: ISERDES "u_ddr_video_delay_sync/u_ddr3_test/u_ddrphy_top/ddrphy_slice_top/i_dqs_group[2].ddrphy_data_slice/dq_loop[3].u_iserdes_dq/iserdes_inst" has been packed in "IDDR" of IOL "u_ddr_video_delay_sync/u_ddr3_test/u_ddrphy_top/ddrphy_slice_top/i_dqs_group[2].ddrphy_data_slice/dq_loop[3].u_iobuf_dq/opit_1" success.
I: OSERDES "u_ddr_video_delay_sync/u_ddr3_test/u_ddrphy_top/ddrphy_slice_top/i_dqs_group[2].ddrphy_data_slice/dq_loop[3].u_oserdes_dq/oserdes_inst" has been packed in "ODDR" of IOL "u_ddr_video_delay_sync/u_ddr3_test/u_ddrphy_top/ddrphy_slice_top/i_dqs_group[2].ddrphy_data_slice/dq_loop[3].u_iobuf_dq/opit_1" success.
I: ISERDES "u_ddr_video_delay_sync/u_ddr3_test/u_ddrphy_top/ddrphy_slice_top/i_dqs_group[2].ddrphy_data_slice/dq_loop[4].u_iserdes_dq/iserdes_inst" has been packed in "IDDR" of IOL "u_ddr_video_delay_sync/u_ddr3_test/u_ddrphy_top/ddrphy_slice_top/i_dqs_group[2].ddrphy_data_slice/dq_loop[4].u_iobuf_dq/opit_1" success.
I: OSERDES "u_ddr_video_delay_sync/u_ddr3_test/u_ddrphy_top/ddrphy_slice_top/i_dqs_group[2].ddrphy_data_slice/dq_loop[4].u_oserdes_dq/oserdes_inst" has been packed in "ODDR" of IOL "u_ddr_video_delay_sync/u_ddr3_test/u_ddrphy_top/ddrphy_slice_top/i_dqs_group[2].ddrphy_data_slice/dq_loop[4].u_iobuf_dq/opit_1" success.
I: ISERDES "u_ddr_video_delay_sync/u_ddr3_test/u_ddrphy_top/ddrphy_slice_top/i_dqs_group[2].ddrphy_data_slice/dq_loop[5].u_iserdes_dq/iserdes_inst" has been packed in "IDDR" of IOL "u_ddr_video_delay_sync/u_ddr3_test/u_ddrphy_top/ddrphy_slice_top/i_dqs_group[2].ddrphy_data_slice/dq_loop[5].u_iobuf_dq/opit_1" success.
I: OSERDES "u_ddr_video_delay_sync/u_ddr3_test/u_ddrphy_top/ddrphy_slice_top/i_dqs_group[2].ddrphy_data_slice/dq_loop[5].u_oserdes_dq/oserdes_inst" has been packed in "ODDR" of IOL "u_ddr_video_delay_sync/u_ddr3_test/u_ddrphy_top/ddrphy_slice_top/i_dqs_group[2].ddrphy_data_slice/dq_loop[5].u_iobuf_dq/opit_1" success.
I: ISERDES "u_ddr_video_delay_sync/u_ddr3_test/u_ddrphy_top/ddrphy_slice_top/i_dqs_group[2].ddrphy_data_slice/dq_loop[6].u_iserdes_dq/iserdes_inst" has been packed in "IDDR" of IOL "u_ddr_video_delay_sync/u_ddr3_test/u_ddrphy_top/ddrphy_slice_top/i_dqs_group[2].ddrphy_data_slice/dq_loop[6].u_iobuf_dq/opit_1" success.
I: OSERDES "u_ddr_video_delay_sync/u_ddr3_test/u_ddrphy_top/ddrphy_slice_top/i_dqs_group[2].ddrphy_data_slice/dq_loop[6].u_oserdes_dq/oserdes_inst" has been packed in "ODDR" of IOL "u_ddr_video_delay_sync/u_ddr3_test/u_ddrphy_top/ddrphy_slice_top/i_dqs_group[2].ddrphy_data_slice/dq_loop[6].u_iobuf_dq/opit_1" success.
I: ISERDES "u_ddr_video_delay_sync/u_ddr3_test/u_ddrphy_top/ddrphy_slice_top/i_dqs_group[2].ddrphy_data_slice/dq_loop[7].u_iserdes_dq/iserdes_inst" has been packed in "IDDR" of IOL "u_ddr_video_delay_sync/u_ddr3_test/u_ddrphy_top/ddrphy_slice_top/i_dqs_group[2].ddrphy_data_slice/dq_loop[7].u_iobuf_dq/opit_1" success.
I: OSERDES "u_ddr_video_delay_sync/u_ddr3_test/u_ddrphy_top/ddrphy_slice_top/i_dqs_group[2].ddrphy_data_slice/dq_loop[7].u_oserdes_dq/oserdes_inst" has been packed in "ODDR" of IOL "u_ddr_video_delay_sync/u_ddr3_test/u_ddrphy_top/ddrphy_slice_top/i_dqs_group[2].ddrphy_data_slice/dq_loop[7].u_iobuf_dq/opit_1" success.
I: ISERDES "u_ddr_video_delay_sync/u_ddr3_test/u_ddrphy_top/ddrphy_slice_top/i_dqs_group[3].ddrphy_data_slice/dq_loop[3].u_iserdes_dq/iserdes_inst" has been packed in "IDDR" of IOL "u_ddr_video_delay_sync/u_ddr3_test/u_ddrphy_top/ddrphy_slice_top/i_dqs_group[3].ddrphy_data_slice/dq_loop[3].u_iobuf_dq/opit_1" success.
I: OSERDES "u_ddr_video_delay_sync/u_ddr3_test/u_ddrphy_top/ddrphy_slice_top/i_dqs_group[3].ddrphy_data_slice/dq_loop[3].u_oserdes_dq/oserdes_inst" has been packed in "ODDR" of IOL "u_ddr_video_delay_sync/u_ddr3_test/u_ddrphy_top/ddrphy_slice_top/i_dqs_group[3].ddrphy_data_slice/dq_loop[3].u_iobuf_dq/opit_1" success.
I: OSERDES "u_ddr_video_delay_sync/u_ddr3_test/u_ddrphy_top/ddrphy_slice_top/i_dqs_group[2].ddrphy_data_slice/u_oserdes_dqs/oserdes_inst" has been packed in "ODDR" of IOL "u_ddr_video_delay_sync/u_ddr3_test/u_ddrphy_top/ddrphy_slice_top/i_dqs_group[2].ddrphy_data_slice/genblk1.u_iobufco_dqs/opit_2" success.
I: OSERDES "u_ddr_video_delay_sync/u_ddr3_test/u_ddrphy_top/ddrphy_slice_top/i_dqs_group[2].ddrphy_data_slice/u_oserdes_dm/oserdes_inst" has been packed in "ODDR" of IOL "u_ddr_video_delay_sync/u_ddr3_test/u_ddrphy_top/ddrphy_slice_top/i_dqs_group[2].ddrphy_data_slice/u_outbuft_dm/opit_1" success.
I: ISERDES "u_ddr_video_delay_sync/u_ddr3_test/u_ddrphy_top/ddrphy_slice_top/i_dqs_group[3].ddrphy_data_slice/dq_loop[7].u_iserdes_dq/iserdes_inst" has been packed in "IDDR" of IOL "u_ddr_video_delay_sync/u_ddr3_test/u_ddrphy_top/ddrphy_slice_top/i_dqs_group[3].ddrphy_data_slice/dq_loop[7].u_iobuf_dq/opit_1" success.
I: OSERDES "u_ddr_video_delay_sync/u_ddr3_test/u_ddrphy_top/ddrphy_slice_top/i_dqs_group[3].ddrphy_data_slice/dq_loop[7].u_oserdes_dq/oserdes_inst" has been packed in "ODDR" of IOL "u_ddr_video_delay_sync/u_ddr3_test/u_ddrphy_top/ddrphy_slice_top/i_dqs_group[3].ddrphy_data_slice/dq_loop[7].u_iobuf_dq/opit_1" success.
I: OSERDES "u_ddr_video_delay_sync/u_ddr3_test/u_ddrphy_top/ddrphy_slice_top/i_dqs_group[3].ddrphy_data_slice/u_oserdes_dqs/oserdes_inst" has been packed in "ODDR" of IOL "u_ddr_video_delay_sync/u_ddr3_test/u_ddrphy_top/ddrphy_slice_top/i_dqs_group[3].ddrphy_data_slice/genblk1.u_iobufco_dqs/opit_2" success.
I: OSERDES "u_ddr_video_delay_sync/u_ddr3_test/u_ddrphy_top/ddrphy_slice_top/i_dqs_group[3].ddrphy_data_slice/u_oserdes_dm/oserdes_inst" has been packed in "ODDR" of IOL "u_ddr_video_delay_sync/u_ddr3_test/u_ddrphy_top/ddrphy_slice_top/i_dqs_group[3].ddrphy_data_slice/u_outbuft_dm/opit_1" success.
I: ISERDES "u_ddr_video_delay_sync/u_ddr3_test/u_ddrphy_top/ddrphy_slice_top/i_dqs_group[3].ddrphy_data_slice/dq_loop[0].u_iserdes_dq/iserdes_inst" has been packed in "IDDR" of IOL "u_ddr_video_delay_sync/u_ddr3_test/u_ddrphy_top/ddrphy_slice_top/i_dqs_group[3].ddrphy_data_slice/dq_loop[0].u_iobuf_dq/opit_1" success.
I: OSERDES "u_ddr_video_delay_sync/u_ddr3_test/u_ddrphy_top/ddrphy_slice_top/i_dqs_group[3].ddrphy_data_slice/dq_loop[0].u_oserdes_dq/oserdes_inst" has been packed in "ODDR" of IOL "u_ddr_video_delay_sync/u_ddr3_test/u_ddrphy_top/ddrphy_slice_top/i_dqs_group[3].ddrphy_data_slice/dq_loop[0].u_iobuf_dq/opit_1" success.
I: ISERDES "u_ddr_video_delay_sync/u_ddr3_test/u_ddrphy_top/ddrphy_slice_top/i_dqs_group[3].ddrphy_data_slice/dq_loop[1].u_iserdes_dq/iserdes_inst" has been packed in "IDDR" of IOL "u_ddr_video_delay_sync/u_ddr3_test/u_ddrphy_top/ddrphy_slice_top/i_dqs_group[3].ddrphy_data_slice/dq_loop[1].u_iobuf_dq/opit_1" success.
I: OSERDES "u_ddr_video_delay_sync/u_ddr3_test/u_ddrphy_top/ddrphy_slice_top/i_dqs_group[3].ddrphy_data_slice/dq_loop[1].u_oserdes_dq/oserdes_inst" has been packed in "ODDR" of IOL "u_ddr_video_delay_sync/u_ddr3_test/u_ddrphy_top/ddrphy_slice_top/i_dqs_group[3].ddrphy_data_slice/dq_loop[1].u_iobuf_dq/opit_1" success.
I: OSERDES "rgb2tmds/clockserializer/SerializerSlave/oserdes_inst_inv" has been packed in "ODDR" of IOL "rgb2tmds/clockserializer/OutputBuffer/opit_2_com" success.
I: OSERDES "rgb2tmds/encoder[0].dataserializer/SerializerSlave/oserdes_inst_inv" has been packed in "ODDR" of IOL "rgb2tmds/encoder[0].dataserializer/OutputBuffer/opit_2_com" success.
I: OSERDES "rgb2tmds/encoder[1].dataserializer/SerializerSlave/oserdes_inst_inv" has been packed in "ODDR" of IOL "rgb2tmds/encoder[1].dataserializer/OutputBuffer/opit_2_com" success.
I: OSERDES "rgb2tmds/encoder[2].dataserializer/SerializerSlave/oserdes_inst_inv" has been packed in "ODDR" of IOL "rgb2tmds/encoder[2].dataserializer/OutputBuffer/opit_2_com" success.
Iol "ms72xx_ctl.iic_sda_tri/opit_1" connect to FFs: iff "ms72xx_ctl/iic_dri/receiv_data[0]/opit_0_inv", off "ms72xx_ctl/iic_dri/sda_out/opit_0", tff "null".
I: For Pack FF to IOL, copy new inst from ms72xx_ctl/iic_dri/sda_out/opit_0 to ms72xx_ctl/iic_dri/sda_out/opit_1.
I: Adm-6003: Trying to disconnect un-connected pin 'CE' of instance 'ms72xx_ctl/iic_dri/sda_out/opit_1'.
I: Flip-Flop "ms72xx_ctl/iic_dri/receiv_data[0]/opit_0_inv" has been packed in "IFF" of IOL "ms72xx_ctl.iic_sda_tri/opit_1" success.
I: Flip-Flop "ms72xx_ctl/iic_dri/sda_out/opit_1" has been packed in "OFF" of IOL "ms72xx_ctl.iic_sda_tri/opit_1" success.
Iol "hd_scl_obuf/opit_1" connect to FFs: iff "null", off "ms72xx_ctl/iic_dri/scl_out/opit_0_inv", tff "null".
I: For Pack FF to IOL, copy new inst from ms72xx_ctl/iic_dri/scl_out/opit_0_inv to ms72xx_ctl/iic_dri/scl_out/opit_0_inv_1.
I: Flip-Flop "ms72xx_ctl/iic_dri/scl_out/opit_0_inv_1" has been packed in "OFF" of IOL "hd_scl_obuf/opit_1" success.
Iol "led_int_obuf/opit_1" connect to FFs: iff "null", off "char_seen_latch/opit_0_inv", tff "null".
I: Flip-Flop "char_seen_latch/opit_0_inv" has been packed in "OFF" of IOL "led_int_obuf/opit_1" success.
W: DeviceMap-4010: There is no register can be packed in IOLHR "rstn_out_obuf/opit_1"(gopIOL).
Iol "b_in_ibuf[0]/opit_1" connect to FFs: iff "rgb_in_dly1[0]/opit_0_inv", off "null", tff "null".
I: Adm-6003: Trying to disconnect un-connected pin 'CE' of instance 'rgb_in_dly1[0]/opit_0_inv'.
I: Flip-Flop "rgb_in_dly1[0]/opit_0_inv" has been packed in "IFF" of IOL "b_in_ibuf[0]/opit_1" success.
Iol "b_in_ibuf[1]/opit_1" connect to FFs: iff "rgb_in_dly1[1]/opit_0_inv", off "null", tff "null".
I: Adm-6003: Trying to disconnect un-connected pin 'CE' of instance 'rgb_in_dly1[1]/opit_0_inv'.
I: Flip-Flop "rgb_in_dly1[1]/opit_0_inv" has been packed in "IFF" of IOL "b_in_ibuf[1]/opit_1" success.
Iol "b_in_ibuf[2]/opit_1" connect to FFs: iff "rgb_in_dly1[2]/opit_0_inv", off "null", tff "null".
I: Adm-6003: Trying to disconnect un-connected pin 'CE' of instance 'rgb_in_dly1[2]/opit_0_inv'.
I: Flip-Flop "rgb_in_dly1[2]/opit_0_inv" has been packed in "IFF" of IOL "b_in_ibuf[2]/opit_1" success.
Iol "b_in_ibuf[3]/opit_1" connect to FFs: iff "rgb_in_dly1[3]/opit_0_inv", off "null", tff "null".
I: Adm-6003: Trying to disconnect un-connected pin 'CE' of instance 'rgb_in_dly1[3]/opit_0_inv'.
I: Flip-Flop "rgb_in_dly1[3]/opit_0_inv" has been packed in "IFF" of IOL "b_in_ibuf[3]/opit_1" success.
Iol "b_in_ibuf[4]/opit_1" connect to FFs: iff "rgb_in_dly1[4]/opit_0_inv", off "null", tff "null".
I: Adm-6003: Trying to disconnect un-connected pin 'CE' of instance 'rgb_in_dly1[4]/opit_0_inv'.
I: Flip-Flop "rgb_in_dly1[4]/opit_0_inv" has been packed in "IFF" of IOL "b_in_ibuf[4]/opit_1" success.
Iol "b_in_ibuf[5]/opit_1" connect to FFs: iff "rgb_in_dly1[5]/opit_0_inv", off "null", tff "null".
I: Adm-6003: Trying to disconnect un-connected pin 'CE' of instance 'rgb_in_dly1[5]/opit_0_inv'.
I: Flip-Flop "rgb_in_dly1[5]/opit_0_inv" has been packed in "IFF" of IOL "b_in_ibuf[5]/opit_1" success.
Iol "b_in_ibuf[6]/opit_1" connect to FFs: iff "rgb_in_dly1[6]/opit_0_inv", off "null", tff "null".
I: Adm-6003: Trying to disconnect un-connected pin 'CE' of instance 'rgb_in_dly1[6]/opit_0_inv'.
I: Flip-Flop "rgb_in_dly1[6]/opit_0_inv" has been packed in "IFF" of IOL "b_in_ibuf[6]/opit_1" success.
Iol "b_in_ibuf[7]/opit_1" connect to FFs: iff "rgb_in_dly1[7]/opit_0_inv", off "null", tff "null".
I: Adm-6003: Trying to disconnect un-connected pin 'CE' of instance 'rgb_in_dly1[7]/opit_0_inv'.
I: Flip-Flop "rgb_in_dly1[7]/opit_0_inv" has been packed in "IFF" of IOL "b_in_ibuf[7]/opit_1" success.
Iol "de_in_ibuf/opit_1" connect to FFs: iff "de_in_dly1/opit_0_inv", off "null", tff "null".
I: Adm-6003: Trying to disconnect un-connected pin 'CE' of instance 'de_in_dly1/opit_0_inv'.
I: Flip-Flop "de_in_dly1/opit_0_inv" has been packed in "IFF" of IOL "de_in_ibuf/opit_1" success.
Iol "g_in_ibuf[0]/opit_1" connect to FFs: iff "rgb_in_dly1[8]/opit_0_inv", off "null", tff "null".
I: Adm-6003: Trying to disconnect un-connected pin 'CE' of instance 'rgb_in_dly1[8]/opit_0_inv'.
I: Flip-Flop "rgb_in_dly1[8]/opit_0_inv" has been packed in "IFF" of IOL "g_in_ibuf[0]/opit_1" success.
Iol "g_in_ibuf[1]/opit_1" connect to FFs: iff "rgb_in_dly1[9]/opit_0_inv", off "null", tff "null".
I: Adm-6003: Trying to disconnect un-connected pin 'CE' of instance 'rgb_in_dly1[9]/opit_0_inv'.
I: Flip-Flop "rgb_in_dly1[9]/opit_0_inv" has been packed in "IFF" of IOL "g_in_ibuf[1]/opit_1" success.
Iol "g_in_ibuf[2]/opit_1" connect to FFs: iff "rgb_in_dly1[10]/opit_0_inv", off "null", tff "null".
I: Adm-6003: Trying to disconnect un-connected pin 'CE' of instance 'rgb_in_dly1[10]/opit_0_inv'.
I: Flip-Flop "rgb_in_dly1[10]/opit_0_inv" has been packed in "IFF" of IOL "g_in_ibuf[2]/opit_1" success.
Iol "g_in_ibuf[3]/opit_1" connect to FFs: iff "rgb_in_dly1[11]/opit_0_inv", off "null", tff "null".
I: Adm-6003: Trying to disconnect un-connected pin 'CE' of instance 'rgb_in_dly1[11]/opit_0_inv'.
I: Flip-Flop "rgb_in_dly1[11]/opit_0_inv" has been packed in "IFF" of IOL "g_in_ibuf[3]/opit_1" success.
Iol "g_in_ibuf[4]/opit_1" connect to FFs: iff "rgb_in_dly1[12]/opit_0_inv", off "null", tff "null".
I: Adm-6003: Trying to disconnect un-connected pin 'CE' of instance 'rgb_in_dly1[12]/opit_0_inv'.
I: Flip-Flop "rgb_in_dly1[12]/opit_0_inv" has been packed in "IFF" of IOL "g_in_ibuf[4]/opit_1" success.
Iol "g_in_ibuf[5]/opit_1" connect to FFs: iff "rgb_in_dly1[13]/opit_0_inv", off "null", tff "null".
I: Adm-6003: Trying to disconnect un-connected pin 'CE' of instance 'rgb_in_dly1[13]/opit_0_inv'.
I: Flip-Flop "rgb_in_dly1[13]/opit_0_inv" has been packed in "IFF" of IOL "g_in_ibuf[5]/opit_1" success.
Iol "g_in_ibuf[6]/opit_1" connect to FFs: iff "rgb_in_dly1[14]/opit_0_inv", off "null", tff "null".
I: Adm-6003: Trying to disconnect un-connected pin 'CE' of instance 'rgb_in_dly1[14]/opit_0_inv'.
I: Flip-Flop "rgb_in_dly1[14]/opit_0_inv" has been packed in "IFF" of IOL "g_in_ibuf[6]/opit_1" success.
Iol "g_in_ibuf[7]/opit_1" connect to FFs: iff "rgb_in_dly1[15]/opit_0_inv", off "null", tff "null".
I: Adm-6003: Trying to disconnect un-connected pin 'CE' of instance 'rgb_in_dly1[15]/opit_0_inv'.
I: Flip-Flop "rgb_in_dly1[15]/opit_0_inv" has been packed in "IFF" of IOL "g_in_ibuf[7]/opit_1" success.
W: DeviceMap-4010: There is no register can be packed in IOLHR "pixclk_in_ibuf/opit_1"(gopIOL).
Iol "r_in_ibuf[0]/opit_1" connect to FFs: iff "rgb_in_dly1[16]/opit_0_inv", off "null", tff "null".
I: Adm-6003: Trying to disconnect un-connected pin 'CE' of instance 'rgb_in_dly1[16]/opit_0_inv'.
I: Flip-Flop "rgb_in_dly1[16]/opit_0_inv" has been packed in "IFF" of IOL "r_in_ibuf[0]/opit_1" success.
Iol "r_in_ibuf[1]/opit_1" connect to FFs: iff "rgb_in_dly1[17]/opit_0_inv", off "null", tff "null".
I: Adm-6003: Trying to disconnect un-connected pin 'CE' of instance 'rgb_in_dly1[17]/opit_0_inv'.
I: Flip-Flop "rgb_in_dly1[17]/opit_0_inv" has been packed in "IFF" of IOL "r_in_ibuf[1]/opit_1" success.
Iol "r_in_ibuf[2]/opit_1" connect to FFs: iff "rgb_in_dly1[18]/opit_0_inv", off "null", tff "null".
I: Adm-6003: Trying to disconnect un-connected pin 'CE' of instance 'rgb_in_dly1[18]/opit_0_inv'.
I: Flip-Flop "rgb_in_dly1[18]/opit_0_inv" has been packed in "IFF" of IOL "r_in_ibuf[2]/opit_1" success.
Iol "r_in_ibuf[3]/opit_1" connect to FFs: iff "rgb_in_dly1[19]/opit_0_inv", off "null", tff "null".
I: Adm-6003: Trying to disconnect un-connected pin 'CE' of instance 'rgb_in_dly1[19]/opit_0_inv'.
I: Flip-Flop "rgb_in_dly1[19]/opit_0_inv" has been packed in "IFF" of IOL "r_in_ibuf[3]/opit_1" success.
Iol "r_in_ibuf[4]/opit_1" connect to FFs: iff "rgb_in_dly1[20]/opit_0_inv", off "null", tff "null".
I: Adm-6003: Trying to disconnect un-connected pin 'CE' of instance 'rgb_in_dly1[20]/opit_0_inv'.
I: Flip-Flop "rgb_in_dly1[20]/opit_0_inv" has been packed in "IFF" of IOL "r_in_ibuf[4]/opit_1" success.
Iol "r_in_ibuf[5]/opit_1" connect to FFs: iff "rgb_in_dly1[21]/opit_0_inv", off "null", tff "null".
I: Adm-6003: Trying to disconnect un-connected pin 'CE' of instance 'rgb_in_dly1[21]/opit_0_inv'.
I: Flip-Flop "rgb_in_dly1[21]/opit_0_inv" has been packed in "IFF" of IOL "r_in_ibuf[5]/opit_1" success.
Iol "r_in_ibuf[6]/opit_1" connect to FFs: iff "rgb_in_dly1[22]/opit_0_inv", off "null", tff "null".
I: Adm-6003: Trying to disconnect un-connected pin 'CE' of instance 'rgb_in_dly1[22]/opit_0_inv'.
I: Flip-Flop "rgb_in_dly1[22]/opit_0_inv" has been packed in "IFF" of IOL "r_in_ibuf[6]/opit_1" success.
Iol "r_in_ibuf[7]/opit_1" connect to FFs: iff "rgb_in_dly1[23]/opit_0_inv", off "null", tff "null".
I: Adm-6003: Trying to disconnect un-connected pin 'CE' of instance 'rgb_in_dly1[23]/opit_0_inv'.
I: Flip-Flop "rgb_in_dly1[23]/opit_0_inv" has been packed in "IFF" of IOL "r_in_ibuf[7]/opit_1" success.
W: DeviceMap-4010: There is no register can be packed in IOLHR "sys_clk_ibuf/opit_1"(gopIOL).
Iol "vs_in_ibuf/opit_1" connect to FFs: iff "vs_in_dly1/opit_0_inv", off "null", tff "null".
I: Adm-6003: Trying to disconnect un-connected pin 'CE' of instance 'vs_in_dly1/opit_0_inv'.
I: Flip-Flop "vs_in_dly1/opit_0_inv" has been packed in "IFF" of IOL "vs_in_ibuf/opit_1" success.
C: DeviceMap-2009: The Inst "pixclk_in_ibuf/opit_0"(gopIBUF) has Attribute "PAP_IO_REGISTER" and has been ignored.
C: DeviceMap-2009: The Inst "rstn_out_obuf/opit_0"(gopOBUF) has Attribute "PAP_IO_REGISTER" and has been ignored.
C: DeviceMap-2009: The Inst "sys_clk_ibuf/opit_0"(gopIBUF) has Attribute "PAP_IO_REGISTER" and has been ignored.
C: DeviceMap-2009: The Inst "pixclk_in_ibuf/opit_1"(gopIOL) has Attribute "PAP_IO_REGISTER" and has been ignored.
C: DeviceMap-2009: The Inst "rstn_out_obuf/opit_1"(gopIOL) has Attribute "PAP_IO_REGISTER" and has been ignored.
C: DeviceMap-2009: The Inst "sys_clk_ibuf/opit_1"(gopIOL) has Attribute "PAP_IO_REGISTER" and has been ignored.
Device Utilization Summary:
+-------------------------------------------------------------------------+
| Logic Utilization     | Used      | Available     | Utilization(%)     
+-------------------------------------------------------------------------+
| APM                   | 481       | 740           | 65                 
| FF                    | 78000     | 319600        | 25                 
| LUT                   | 30196     | 159800        | 19                 
| Distributed RAM       | 824       | 39500         | 3                  
| DRM                   | 214.5     | 415           | 52                 
| IO                    | 115       | 400           | 29                 
| RCKB                  | 2         | 40            | 5                  
| SCANCHAIN             | 0         | 1             | 0                  
| USCM                  | 6         | 32            | 19                 
| CCS                   | 1         | 1             | 100                
| ADC                   | 0         | 1             | 0                  
| DDR_PHY               | 7         | 40            | 18                 
| HSSTLP                | 0         | 2             | 0                  
| GPLL                  | 4         | 10            | 40                 
| PPLL                  | 2         | 10            | 20                 
| DDRPHY_CPD            | 1         | 20            | 5                  
| HCKB                  | 0         | 120           | 0                  
| IOCKB                 | 0         | 40            | 0                  
| MRCKB                 | 1         | 20            | 5                  
| PCIE                  | 0         | 1             | 0                  
| DDRPHY_IOCLK_DIV      | 2         | 10            | 20                 
| ANALOG                | 0         | 1             | 0                  
| TSERDES               | 14        | 80            | 18                 
| KEYRAM                | 0         | 1             | 0                  
+-------------------------------------------------------------------------+

Device mapping done.
Total device mapping takes 7.77 sec.

Design 'hdmi_loop' has been successfully mapped to architecture-specific objects.
Saving design to DB.
W: Public-4010: Pcf file C:/Users/Datou21/Desktop/PDS/back1/cnn_usb_copy/prj_pds/device_map/hdmi_loop.pcf has been covered.
Action dev_map: Real time elapsed is 0h:1m:3s
Action dev_map: CPU time elapsed is 0h:0m:26s
Action dev_map: Process CPU time elapsed is 0h:0m:27s
Current time: Wed Jul  1 23:29:26 2026
Action dev_map: Peak memory pool usage is 1,594 MB
