-3a7
10
-17f
-73
ae
-1a5
-9b
-2f9
-3cd
5e
15d
-1b4
5e
37
-e6
bd
-688
2e
e7
-c0
-4a8
-199
-19b
115
13c
-85
-404
-9a
4
-860
50
-4d
-3a7
44
-cc
1aa
ec
-284
15
-3fc
-317
-f1
1bb
-373
-2f
-199
72
-96
-4b9
-b6
-5a
41
-4b6
-23b
-100
5c
-47
-1fa
-373
-3f
-144
-513
-8
22
-3a7
-7a
-a6
1a0
115
-90
-cf
-391
-229
e4
1a0
-309
c3
-13b
4f
1
-630
35
a9
e4
-39d
-120
1e
3
75
-15e
-284
-102
-11f
-299
-69
-28
-3a7
-62
-94
17d
12b
-8e
-cc
-3a8
-214
b4
155
-31f
c3
-17d
73
28
-678
9
92
dc
-38f
-112
e
22
70
-180
-2bd
-fa
-112
-2bf
-7e
-25
-3a7
-4c
-9f
170
130
-c5
-10f
-3a6
-206
cc
158
-341
da
-10c
35
30
-646
2c
a2
b9
-393
-112
3
58
7a
-157
-273
-f9
-c5
-320
-77
-77
-3a7
-46
-8f
1b5
13d
-4e
-be
-395
-217
c2
17c
-374
ca
-16e
6
33
-646
-15
6c
fa
-375
-15b
6e
36
43
-116
-2bb
-114
-df
-2da
-90
-19
-3a7
-67
-a5
1b7
139
-1f
-129
-38f
-219
a8
16f
-347
cb
-161
5b
2b
-638
1a
82
103
-345
-134
-5
28
48
-152
-296
-133
-109
-2e4
-90
-a
-3a7
-6f
-8e
19e
152
-18
-ea
-3a2
-27f
84
18f
-2f2
a6
-12d
6f
3a
-612
10
7d
105
-374
-118
22
4c
6d
-16b
-27f
-103
-107
-2a9
-80
-50
-3a7
-6f
-b9
17f
147
-56
-124
-3bc
-232
87
185
-2ff
d1
-137
6d
30
-5f5
e
68
f9
-348
-fb
15
40
52
-164
-262
-106
-122
-312
-84
-40
-3a7
-77
-a0
1a2
145
-2b
-df
-3a4
-247
73
181
-2f4
c9
-13a
5e
20
-603
1e
8a
10a
-36b
-11b
6
3f
77
-177
-286
-ff
-12a
-29e
-90
-4c
-3a7
-7d
-93
1a6
14b
-8d
-f6
-39f
-1fd
9d
1a7
-2e3
d4
-132
3b
13
-5e9
2c
9e
104
-370
-109
1b
36
7f
-19d
-28c
-ea
-10b
-2fb
-61
-3e
-3a7
-7e
-8b
186
13b
-74
-e5
-3b6
-21e
90
1ab
-309
d2
-11d
55
-1c
-5d4
4
a2
eb
-35d
-ed
54
51
4c
-168
-298
-e3
-d3
-2a7
-7e
-31
-3a7
-8c
-8b
15d
146
-ad
-ef
-3a3
-1ff
90
199
-301
10b
-11a
8e
-9
-5ba
b
75
e1
-2f4
-df
1c
4b
53
-150
-27e
-de
-12c
-2f9
-91
4
-3a7
-63
-b8
123
162
-aa
-138
-3d1
-200
97
16b
-2fe
13c
-114
8b
89
-5bd
6
b4
e6
-33d
-ce
18
31
56
-13c
-29c
-dc
-100
-297
-b1
-3d
-3a7
-6e
-af
134
13e
-7c
-141
-3b8
-209
d1
15a
-307
119
-103
7e
ba
-5ab
1e
a3
ca
-366
-115
-2b
4d
7a
-179
-246
-117
-105
-2a9
-af
-27
-3a7
-6b
-8d
15f
13a
-65
-112
-3a0
-20a
b2
16d
-328
10d
-12c
7d
a4
-57a
17
83
ae
-371
-149
-2d
4d
64
-18f
-263
-124
-10d
-2e7
-a4
-7
-3a7
-72
-a5
160
14c
-66
-143
-3bd
-1e2
b5
155
-308
10b
-131
79
f2
-5d1
6
a1
df
-361
-137
-26
3f
6f
-168
-26c
-125
-111
-2cf
-78
-16
-3a7
-76
-d5
160
154
-57
-171
-3a7
-1fb
a2
142
-311
ec
-128
5f
135
-5e1
39
96
10e
-374
-120
2f
1c
76
-192
-202
-14e
-12e
-2ab
-83
-3d
-3a7
-7b
-ae
217
fb
-50
-c1
-38f
-22b
4b
1c1
-312
bb
-129
2c
b7
-5e7
52
a6
f6
-40e
-16c
-1f
31
82
-1ca
-237
-123
-13a
-26f
-78
-65
-3a7
-86
-76
205
102
-45
-d4
-3cd
-202
28
1a5
-329
bd
-13f
23
9b
-63e
-21
7b
fc
-39e
-16e
2d
a
7b
-15f
-261
-11c
-12d
-253
-60
-72
-3a7
-88
-cd
1b8
106
-3e
-149
-3fc
-1cd
61
146
-344
bf
-e2
ae
7c
-5fe
42
89
112
-329
-f9
57
2d
4d
-141
-238
-141
-f5
-2aa
-86
-be
-3a7
-70
-86
18b
113
-98
-a3
-39a
-161
32
180
-384
b2
-f3
73
-7
-60b
60
ab
db
-377
-195
0
6d
cf
-120
-277
-fe
-fa
-352
-24
-81
-3a7
-78
-86
177
125
-ff
-a1
-368
-12c
5c
19f
-38f
d1
-165
4b
-46
-61f
12
86
de
-35a
-14c
27
90
7c
-151
-2a2
-d3
-dd
-388
-53
-12
-3a7
-66
-97
182
136
-de
-ed
-3a8
-19c
b3
171
-382
f3
-13d
28
14
-5f2
3
87
ed
-37c
-12c
64
54
71
-f9
-2ab
-e6
-106
-335
-7d
-15
-3a7
-6d
-a7
155
124
-96
-10f
-38f
-1ff
87
158
-356
ef
-11d
a4
27
-5f5
3c
af
d8
-351
-100
-13
60
80
-148
-289
-101
-11a
-2e5
-72
-34
-3a7
-61
-96
165
10b
-b1
-d8
-3c9
-1b3
93
187
-307
10c
-131
23
12
-60a
44
a6
c0
-38f
-118
1a
52
b7
-198
-299
-c3
-114
-2eb
-8c
-47
-3a7
-60
-7b
10d
118
-b7
-112
-3af
-16c
d5
14f
-352
fd
-13f
29
b
-646
3b
ab
c0
-361
-f7
8
70
a0
-118
-29a
-cf
-ed
-32d
-39
-59
-3a7
-61
-93
137
134
-d2
-f8
-36c
-126
a2
143
-38a
f6
-13d
6e
-a
-635
48
b5
e2
-33e
-ff
13
93
8f
-e8
-284
-ee
-c4
-35e
-2d
-2c
-3a7
-5f
-a6
13e
14e
-95
-120
-360
-156
9a
142
-379
f2
-114
-3
b
-5dc
35
96
cf
-348
-e6
1d
a9
ad
-134
-277
-e1
-e0
-35e
-3d
-1a
-3a7
-53
-b2
12d
17c
-92
-f6
-380
-1e3
a8
138
-363
f4
-ec
54
63
-5b5
1f
b2
e6
-355
-b0
45
45
47
-ee
-28d
-110
-106
-308
-6c
-5b
-3a7
-5c
-155
b7
14a
43
-16b
-452
-26b
3e
a6
-375
a3
-14b
48
86
-643
-a9
29
138
-3ce
-104
-65
43
-22
-1b6
-2e0
-110
-13f
-331
-a8
-2d
-3a7
-ac
-14
83
16b
79
-11e
-3da
-205
3b
20
-337
6e
-52
14c
bf
-55e
-14
183
-12
-345
-12e
-85
132
98
-1c1
-2af
-148
-127
-329
-101
-171
-3a7
e1
ca
-205
-7e
-782
-75
-326
-217
-132
-3c
-3cf
14c
-41
-60
-3a9
-50f
-147
-af
-fb
-35e
-ba
-96
68
116
-131
-21f
-4e
-96
-983
4e
-5
-3a7
6b
-1
-1a7
c
-287
-147
-3c3
-2dc
-1b0
-82
-421
d7
-276
8a
-389
-512
-5f
75
e2
-4a2
-82
-1fd
6f
16
-155
-25
-64
-133
-4c4
-9e
-82
-3a7
28
7b
-f9
5b
-1d8
-103
-2f6
-253
47
-2c
-411
149
-18a
9f
-181
-63b
90
e9
19a
-25a
-70
-100
a2
db
-132
-b9
-cb
-b3
-47a
-b4
-f3
-3a7
41
6d
-10f
79
-1c1
-df
-2cd
-254
-b
-33
-41a
120
-166
8a
-1e7
-665
64
10e
174
-253
-49
-146
118
8e
-153
-d4
-b4
-9d
-48d
-132
-f5
-3a7
44
50
-e9
76
-1f6
-71
-2c3
-26f
-c
-1f
-3a4
134
-111
72
-1fd
-633
8d
f3
193
-27f
-c9
-12b
e5
f5
-160
-a4
-c5
-101
-4bf
-b8
-f6
-3a7
12
31
-cb
4d
-1ad
-cc
-2fd
-294
-20
-1d
-3c0
136
-1ae
-c
-262
-638
72
110
170
-27b
-95
-ef
bb
8f
-1c6
-103
-bc
-ea
-425
-94
-95
-3a7
2c
1c
-73
48
-1d4
-d0
-2f1
-2a4
-4b
6
-3b9
121
-174
1f
-25a
-669
a0
c8
18f
-296
-29
-a7
95
be
-142
-110
-c6
-116
-3f7
-c8
-110
-3a7
2a
48
-62
52
-1e3
-bb
-313
-2c2
-16
-18
-3bb
113
-16d
7c
-21f
-656
5f
ea
17e
-2b0
-28
-101
97
9e
-158
-16b
-96
-c7
-38d
-e8
-ee
-3a7
15
1f
-67
4a
-1ea
-d2
-311
-29e
-2d
-30
-3d4
135
-143
71
-216
-647
96
f4
190
-2b2
-b
-b9
4b
c9
-12a
-e9
-c6
-cb
-3df
-ec
-f9
-3a7
21
2b
-89
42
-1f3
-9c
-332
-2d9
-1b
-33
-3e8
11e
-161
57
-222
-646
89
102
145
-2b9
-2c
-e1
aa
f5
-154
-ed
-bd
-bf
-417
-a5
-127
-3a7
4c
4d
-8b
3c
-239
-c2
-2ef
-288
2a
-4a
-40f
11a
-167
83
-20f
-637
6e
ee
150
-2bc
-36
-101
99
b9
-13a
-14d
-9d
-6b
-4bc
-111
-f5
-3a7
2a
13
-72
4f
-206
-af
-2e5
-272
5c
-25
-44a
166
-17d
68
-1f1
-602
a5
ef
14e
-287
-90
-117
b5
a5
-146
-19a
-81
-8f
-44d
-df
-52
-3a7
17
-6
-6c
7b
-1ed
-11a
-330
-251
11
-26
-41f
175
-18f
50
-17b
-5ed
6d
ed
13e
-2a3
-58
-11a
fe
bb
-121
-109
-ab
-da
-3fa
-ef
-94
-3a7
a
-1e
-3d
8d
-1a4
-136
-364
-26b
-7
-2a
-400
19c
-140
5d
-119
-5e9
8a
e1
17b
-28b
-31
-10b
e2
bd
-144
-102
-e0
-c5
-473
-133
-da
-3a7
a
-3
-11
82
-193
-e5
-341
-2a5
-1e
2b
-3f2
14e
-150
7a
-14e
-5cb
92
d2
1d0
-2e4
-bb
-fe
d5
f1
-15a
-f8
-e5
-e9
-474
-114
-c9
-3a7
9
45
-11
60
-17e
-bb
-36d
-2a1
-28
34
-3ed
129
-18f
95
-186
-5e5
65
d7
188
-2d5
-68
-100
b4
d6
-17d
-115
-c4
-ec
-440
-114
-e9
-3a7
26
29
-43
72
-1c3
-124
-381
-262
-41
-32
-3f8
123
-172
d9
-19a
-671
59
ca
18e
-29a
-71
-e5
d1
ca
-120
-ee
-c4
-b1
-42d
-14a
-e6
-3a7
2d
17
-96
56
-1cc
-11a
-2e2
-215
-6c
-42
-3f2
100
-10a
ae
-1d9
-678
e2
f2
176
-2e4
-61
-148
e2
15d
-156
-68
-fd
-f1
-4d1
-b1
-10d
-3a7
52
6d
-c3
31
-1ca
-3b
-2d7
-27f
-8d
-31
-3be
9c
-13a
37
-277
-68f
a0
125
157
-302
-2c
-aa
ec
15a
-1d7
-7f
-b8
-139
-46e
-2d
-129
-3a7
57
1f
-b2
46
-18a
-e5
-330
-21b
-38
-45
-401
cb
-195
-18
-281
-690
70
11a
114
-291
39
-f3
d7
e8
-19e
-d0
-45
-5b
-453
-cd
-108
-3a7
33
40
-a9
a1
-169
-a5
-2d8
-2a8
-7
-3a
-3d0
ab
-101
9
-294
-669
99
a2
140
-290
1e
-d0
10e
129
-a5
-1b0
-57
-57
-4b9
-ab
-139
-3a7
4d
39
-ec
d9
-253
-93
-2e2
-2b6
-12
-76
-430
af
-150
89
-2af
-571
5b
6f
111
-22d
-21
-4e
118
10b
-b3
-136
-82
-b5
-565
-4c
-ab
-3a7
34
35
-fd
d1
-19f
-d2
-32f
-28d
19
-6b
-38d
f7
-1d1
b8
-204
-5f4
84
d5
185
-272
7e
-134
101
ef
-110
-e2
-63
-ba
-498
-6a
-c0
-3a7
f
39
-be
ab
-1e5
-eb
-300
-26b
-5
-3b
-3f5
138
-199
47
-1b4
-611
9a
fb
1b6
-2ce
8
-107
d7
df
-14a
-115
-7d
-52
-484
-e2
-c1
-3a7
4c
49
-6a
72
-1dd
-b4
-294
-28c
-5e
-26
-49a
13a
-117
7e
-20e
-596
97
cc
16a
-25e
-60
-c6
fb
a9
-e9
-f0
-be
-d4
-4c0
-86
-df
-3a7
2d
11
-c1
b8
-141
-f9
-2ec
-272
-45
-60
-3ef
147
-18f
b8
-1c0
-5e9
7d
fd
170
-219
d
-112
df
d4
-182
-10a
-71
-f1
-41d
-11e
-c0
-3a7
27
40
-b5
b9
-1bd
-15c
-30f
-235
37
-5c
-37e
16f
-184
b
-191
-620
83
d1
184
-283
-37
-da
11c
104
-15a
-140
-78
-9d
-4e3
-f9
-cd
-3a7
5
-13
-3e
c3
-19a
-dd
-2de
-295
-5f
-3c
-3b0
100
-16e
11
-220
-5f5
ba
b1
1b2
-2ae
11
-120
16e
110
-14b
-dc
-7c
-104
-477
-ab
-ad
-3a7
5d
1e
-10
d0
-192
-93
-2c1
-30d
-2f
-15
-361
115
-144
80
-1e2
-5c4
ac
87
197
-2b5
34
-f7
e5
b6
-123
-15b
-68
-cc
-4bf
-f7
-130
-3a7
2d
43
-17
bf
-1fe
-ae
-303
-2ef
c
-14
-3a6
158
-166
d5
-1b6
-5e5
ba
bd
190
-296
-96
-e6
7b
ca
-105
-18a
-cd
-bb
-441
-db
-a8
-3a7
63
-f7
-13d
c3
-ba
-1c7
-36f
-2d6
-c4
-32
-412
e1
-f6
79
-180
-660
44
-69
1e5
-214
-3b
-18e
6c
43
-1ea
-1af
-9d
-b0
-496
-1d0
-15b
-3a7
8
4
-cc
190
-d7
-af
-2f5
-2cb
-5b
-a2
-2e1
b4
-d
17d
-eb
-628
b1
126
83
-31b
-91
-ee
189
d7
-172
-37f
-b4
-12f
-47d
-133
-1f3
-3a7
51
41
-13b
a1
-724
-6c
-34d
-280
-91
ec
-2db
207
-97
-d7
-161
-44b
-96
-92
-7d
-337
-7c
-61
d4
f7
-18c
-345
18
-2c
-7bc
-18
15
-3a7
10
-ad
-b4
84
-252
-fc
-417
-24f
-10d
110
-394
1ca
-192
-28
-10a
-478
-53
-1f
175
-4ba
-eb
-f9
de
-3a
-18e
-123
-44
-e0
-403
-aa
-2b
-3a7
-36
-a6
-5b
c9
-1aa
-e4
-395
-21b
23
152
-3b0
1c2
-e5
-59
-19
-523
4a
4b
173
-2ad
-125
-a5
d0
d9
-1a9
-1bc
-91
-c3
-456
-e9
-5e
-3a7
-30
-9a
-19
bb
-1c7
-77
-354
-2b4
4
177
-382
18a
-bc
-46
-6d
-521
4b
c
178
-296
-10a
-92
d2
82
-1bf
-189
-9d
-7e
-467
-9b
-9c
-3a7
-43
-b2
e
86
-1d9
-87
-365
-2f8
-25
17a
-38b
1a3
-137
-6
-ba
-505
11
-6
140
-2aa
-f3
-6b
68
87
-209
-1d7
-a1
-da
-3bc
-d3
-30
-3a7
-d
-cf
-4
77
-153
-f4
-382
-2eb
-22
138
-37b
1e2
-125
-34
-9b
-524
56
43
11a
-2b4
-91
-84
33
90
-1d1
-174
-69
-d5
-34e
-f2
-b7
-3a7
-28
-92
-1c
67
-1b3
-c5
-3c1
-2a8
3c
142
-3a2
1e8
-12e
-1e
-6c
-545
1b
45
161
-307
-cb
-9f
48
83
-1db
-183
-4d
-a1
-42b
-11d
-8b
-3a7
-8
-aa
-3d
5c
-19d
-d6
-3c2
-303
36
11c
-3d0
22d
-101
-28
-61
-506
65
39
159
-26b
-115
-9b
73
6c
-17d
-1ad
-a2
-b8
-458
-147
-84
-3a7
e
-8d
-31
8a
-1cf
-da
-366
-2e2
4f
12b
-387
202
-f2
24
-46
-516
92
4c
155
-223
-f4
-f4
77
98
-19f
-1c6
-86
-9e
-417
-108
-9c
-3a7
-2
-71
-be
ae
-1ed
-e7
-32e
-2f6
67
115
-37d
219
-12c
-1e
-27
-503
55
3f
172
-294
-f5
-a5
a0
95
-1fb
-198
-83
-a9
-40a
-125
-67
-3a7
-44
-d7
-56
c1
-1ba
-f1
-384
-339
4d
ff
-303
1ab
-100
-99
24
-50c
64
2f
1a6
-2f9
-d8
-96
a8
88
-1fc
-116
-b1
-b3
-41c
-129
-4e
-3a7
-13
-e8
2d
ae
-174
-c0
-3bf
-362
-f
b1
-309
184
-119
-31
85
-4d5
46
37
19a
-328
-54
-92
80
28
-1e4
-1b2
-99
-bf
-415
-140
-b2
-3a7
-22
-dd
22
cd
-1cd
-9a
-3c9
-2ff
d
d9
-375
1df
-121
30
70
-51f
84
51
1d6
-2d5
-102
-ff
b5
61
-184
-156
-94
-69
-40d
-158
-6c
-3a7
-1d
-d6
21
bb
-12f
-8b
-37c
-30b
1f
102
-30e
1ab
-c9
-58
26
-54c
a3
20
1b4
-2dc
-c3
-c6
f5
74
-1b2
-152
-d4
-a5
-40d
-11d
-ac
-3a7
-8
-6c
-1e
a4
-187
-93
-347
-2cc
-3c
c3
-36c
18a
-101
8
-33
-538
8a
3d
190
-2dd
-bc
-c7
b5
c2
-1d9
-153
-dd
-d2
-3de
-cc
-80
-3a7
-1c
-21
-18
9b
-138
-c4
-361
-2a6
-f
dd
-3a8
18d
-f6
-1c
-8c
-52d
37
5f
18a
-2e5
-7a
-5e
c4
86
-1f6
-162
-9a
-44
-39f
-fe
-a0
-3a7
-52
-a2
-6a
99
-181
-103
-376
-27a
-1e
148
-3da
1a9
-d1
-30
-92
-4e4
8c
-31
198
-273
-f0
-80
eb
b4
-167
-1c6
-80
-3d
-4a1
-170
-51
-3a7
-14
-72
-4d
7f
-1c6
-9a
-2f8
-29c
-3a
181
-3b5
1cb
-c5
c
-ad
-51e
8f
-5f
18b
-2cc
-100
-7b
8b
fb
-15b
-1a3
-7f
-143
-4fe
-f2
-8b
-3a7
17
-67
-8d
bc
-15c
-da
-2db
-2ed
-b
132
-2eb
1c9
-15c
50
-117
-58b
44
24
144
-26a
-84
-7a
bc
aa
-250
-17a
-47
-178
-33b
-c1
-82
-3a7
2
-9b
-35
99
-147
-d8
-2f9
-2c0
80
102
-2ce
1d3
-160
-51
-a9
-56a
c0
59
156
-293
7
-8a
3d
cf
-236
-16c
15
-f5
-3c0
-e0
-ef
-3a7
-f
-8e
5e
ca
-232
-5f
-2df
-33b
94
c5
-26e
1b5
-d9
-ac
-ed
-56e
37
-20
107
-2e3
-c2
-a9
3a
c8
-225
-291
12
-64
-38d
-111
-79
-3a7
-25
-bd
d8
c9
-272
-af
-2ba
-377
2e
f2
-2f1
1e5
-159
-62
-106
-507
90
-56
123
-2f5
-7e
-89
53
a3
-181
-25d
-59
-52
-27b
-bb
-c
-3a7
-12
-4d
cf
e9
-1c3
-ea
-365
-37a
-19
151
-2ec
1e9
-12a
-7e
-88
-5a7
3c
-26
187
-320
-69
45
81
8b
-141
-1ee
-80
-b6
-329
-144
-89
-3a7
-35
-ae
36
c0
-205
-ef
-38f
-3a1
32
120
-24f
1b6
-e0
14
-d
-549
a2
-13
1b9
-2d1
-5d
-b7
47
d9
-199
-1ad
-57
-78
-3f4
-d0
-80
-3a7
-37
-bc
49
b9
-22b
-a1
-396
-327
-14
154
-2a7
1a1
-108
-3f
-6a
-4cf
6d
14
163
-2d3
-75
-75
22
62
-1b0
-1d4
-5a
-8b
-396
-a6
-4e
-3a7
-2b
-ef
4e
ee
-196
-c8
-367
-37e
-1c
167
-31d
17c
-13a
-18
-8f
-545
32
11
18c
-285
-4d
-2f
54
e
-1b4
-1c5
-41
-fc
-289
-f2
-99
-3a7
-45
-f4
64
f1
-1ba
-a8
-393
-3ae
-8
155
-283
1b7
-bf
-53
-58
-54e
9a
1a
1b1
-2fd
-5c
-1d
2f
c2
-212
-1a7
-7a
-d0
-33b
-145
-8f
-3a7
-4
-80
60
75
-1b7
-23
-33f
-3f0
-e
159
-243
199
-11d
-87
-97
-539
94
-48
1cb
-3a0
-36
-90
-1a
be
-264
-1b0
-6e
-b5
-2cd
-d0
-ef
-3a7
-1c
-8
4a
9b
-21d
-60
-34d
-3cf
4c
122
-36e
1a4
-bd
9
-d2
-534
4
-3e
123
-2d1
-d9
-7d
-6
2c
-180
-205
-9b
4e
-36a
-123
-54
-3a7
-32
-a5
-27
9b
-255
-128
-391
-2f6
-36
bf
-3c7
1fb
-e8
9a
-6c
-4e1
3f
-3d
157
-213
-c8
-7d
59
49
-173
-1d9
-e0
-32
-410
-152
-5
-3a7
31
-1b2
-10d
e0
-175
-17a
-35d
-385
-5f
7e
-3b6
191
8
-4a
-54
-58b
e
-1ba
187
-173
-74
-165
-11
5a
-228
-234
-a1
-79
-434
-22e
-10d
-3a7
-1
-40
-b7
1bb
-29f
-8e
-35c
-351
-4d
-4
-203
129
3a
ad
-2e
-57a
3b
51
1f
-39f
-124
-82
14b
100
-1d7
-3eb
-13c
-167
-46c
-1c0
-15b
-3a7
62
18
-147
d0
-6cc
-84
-30f
-245
-59
cb
-2c8
202
-aa
-a8
-111
-474
-92
-7a
-59
-2ec
-82
-70
10c
e4
-1a3
-338
15
-34
-784
-35
e
-3a7
-d
-f0
-94
ab
-202
-fa
-3da
-274
-fa
c5
-35a
187
-166
-8e
-ef
-457
-15
-21
171
-4ca
-cd
-124
fe
-1b
-1e5
-156
-25
-88
-498
-88
-37
-3a7
-34
-81
-3a
b7
-1c0
-72
-309
-293
-3
13d
-39b
1ab
-e0
-61
-af
-509
38
-11
16e
-28a
-110
-4f
f4
d6
-19a
-1c3
-79
-c6
-4a5
-f1
-5e
-3a7
-17
-90
6
8c
-19b
-a0
-316
-2e8
5
105
-37a
1ab
-15a
-3c
-f5
-553
4f
1b
14f
-2ae
-a1
-7d
78
be
-1c6
-1ba
-6a
-c2
-3b1
-a0
-45
-3a7
-8
-76
-e
61
-198
-c8
-369
-2f0
-5
f0
-374
1ce
-160
-a
-b1
-551
49
5f
143
-2d7
-68
-b8
33
51
-1d4
-1b3
-45
-a7
-38b
-fe
-b3
-3a7
-1b
-b4
-63
a1
-1bc
-fb
-3a7
-263
39
e4
-3aa
1e2
-fd
1a
-2d
-57f
4f
9a
178
-292
-ef
-cb
6c
aa
-179
-19c
-5a
-9f
-3c3
-103
-92
-3a7
-3d
-143
-20
91
-171
-10e
-3b0
-259
4d
fd
-371
1b2
-147
-a8
-27
-591
a7
87
1d9
-331
-97
-9e
74
ba
-247
-132
-71
-f5
-3db
-f2
-9d
-3a7
-1b
-90
b1
6e
-128
-3e
-382
-3a7
-20
e8
-3b0
182
-c7
-92
-81
-51f
4e
1
132
-372
-af
-71
8e
80
-166
-181
-a1
-65
-40b
-118
-10e
-3a7
-47
-c9
da
ab
-233
-76
-3a1
-301
-1a
132
-40a
1bf
-104
ca
-1b
-51b
2c
-46
17b
-29d
-15d
-b6
6e
48
-e7
-213
-ba
-63
-483
-137
-43
-3a7
-3b
-95
62
99
-1a6
-d8
-390
-2b7
-4
186
-368
1d4
-11c
-2
59
-544
5f
-4
1a0
-2e9
-13d
-9f
6c
b7
-202
-198
-b2
-12a
-3bb
-148
-48
-3a7
12
-94
4d
8a
-1af
-b7
-361
-343
-59
12f
-337
1c2
-d5
-28
-c
-581
9b
22
165
-328
-ce
-c3
5a
fd
-1f6
-116
-d4
-104
-33e
-e0
-e1
-3a7
-8
-7d
3a
92
-159
-9f
-372
-392
7a
11a
-326
170
-f9
-52
3b
-574
9f
a
137
-317
-ad
-3c
5c
64
-1ca
-1f8
-c6
-25
-3b8
-ba
-b9
-3a7
-26
-8e
-8
87
-22f
-af
-32e
-30a
-51
14c
-37a
10c
-f1
-20
-2d
-576
be
-33
1c1
-329
-125
-6d
b1
fe
-12c
-171
-cc
-74
-498
-d3
-69
-3a7
-13
-5b
53
98
-170
-40
-327
-397
-5f
188
-333
133
-e1
-34
-9f
-575
66
-f
1b5
-2f8
-bb
-63
5e
88
-1ba
-191
-a5
-ad
-3b6
-92
-d6
-3a7
7
-72
-1e
c5
-1bb
-9b
-38a
-3d9
-65
170
-2d0
154
-fe
23
-c9
-565
66
c
1c9
-2c1
-70
-28
2d
75
-1b2
-148
-c8
-e8
-373
-f0
-ec
-3a7
-23
-e5
-39
111
-15f
-8a
-3bf
-3da
1d
162
-24f
12b
-c1
-15
-76
-51c
77
55
1ee
-2c2
-40
-71
a5
38
-1ee
-198
-7c
-a0
-398
-ad
-ec
-3a7
-18
-10a
23
c8
-194
-7c
-3a0
-39b
-1d
ff
-29e
13b
-104
-64
-60
-4fd
6d
-17
1d9
-31c
-66
-30
6e
92
-1df
-17e
-7b
-a3
-3b5
-141
-79
-3a7
-e
-a3
c0
65
-1ed
-63
-3af
-3a9
-46
10c
-30f
173
-13b
-51
-97
-596
5b
-35
1b3
-35b
-7e
-89
a
e0
-1aa
-1d3
-95
-f1
-34f
-b0
-cb
-3a7
9
-75
9d
3f
-18c
-aa
-3a6
-399
-9
11b
-33f
1b8
-178
8
-79
-5ad
76
37
153
-2f0
-34
-63
2e
81
-18c
-19e
-90
-ca
-33d
-f5
-133
-3a7
-14
-43
82
92
-1a6
-2b
-31e
-326
29
143
-3c4
1ca
-155
-1
-b1
-5d2
59
4b
185
-2bb
-9b
-77
22
fa
-19a
-177
-81
-119
-387
-ab
-111
-3a7
-18
-37
36
b8
-19f
-63
-341
-3d9
60
121
-353
1c0
-d0
-86
-96
-569
38
6e
178
-2a6
-71
-3b
2d
bd
-210
-129
-75
1a
-384
-104
-155
-3a7
a
-a4
b
98
-250
-15
-35b
-3a8
-13
13b
-3aa
1a2
-eb
-84
-b1
-522
41
2b
1a2
-2b6
-10c
-c7
e
92
-1ee
-14b
-a1
-b
-3bf
-a9
-c1
-3a7
9
-98
-1f
e0
-1a1
-2c
-37e
-3b9
51
16d
-38d
1cd
-bb
-7a
-89
-582
5f
-b
1b9
-211
-e2
-6c
6b
64
-17d
-1a4
-dd
26
-396
-e3
-f3
-3a7
26
-89
-14
97
-1b1
-c4
-35e
-378
75
eb
-415
205
-105
46
36
-561
34
-53
1a4
-20e
-ba
-27
70
74
-ff
-1ae
-120
-d
-3ea
-104
-da
-3a7
18
-a0
1f
70
-197
-67
-33a
-361
10
cb
-3f8
1b3
-f4
-7d
-3d
-5e5
54
1a
154
-2b6
-15a
-c8
75
e8
-167
-133
-101
8
-42c
-d6
-d6
-3a7
5c
-cd
-22
4d
-1ae
-74
-338
-389
48
172
-42a
1a7
-13d
-b0
-9e
-5ac
67
19
160
-286
-1ea
-c9
8a
50
-1cb
-180
-106
13
-4a7
-d6
-15a
-3a7
6a
-22
-61
3d
-1d3
-89
-336
-39e
97
187
-43e
1c0
-11c
-4a
-59
-5de
5d
2d
18e
-1c8
-1dc
-c
-a
50
-1c7
-1a8
-11d
-74
-4a4
-188
-123
-3a7
47
13
-be
26
-267
-101
-322
-26d
7e
16a
-384
1c6
-d6
-2b
-91
-5f0
8
73
1a8
-204
-1ee
-1a
-94
11
-23e
-1b7
-b5
-3b
-463
-15a
-fc
-3a7
-2c
-107
-26
8e
-213
-6d
-37b
-2e1
5f
17f
-382
191
-117
-11e
-c1
-54d
f
1c
193
-271
-1cd
-85
72
8
-1f4
-18c
-8e
11
-31b
-15e
60
-3a7
-29
-159
52
b6
-187
-fb
-401
-2fa
-f
15d
-38d
1a3
-121
-60
-9
-4ef
97
1c
17e
-2a8
-c8
-86
77
14
-163
-19b
-a5
-138
-3ad
-132
-43
-3a7
4
-22a
-38
e1
-154
-141
-3b3
-383
-83
109
-3a5
159
6
7d
f
-55c
9
-218
1c8
-1e6
-bf
-163
-80
-3
-22a
-1ce
-7e
-87
-3b3
-277
-140
-3a7
-61
-6d
-65
1d0
-28f
-f
-383
-3c6
-7c
72
-267
167
91
d8
2a
-527
75
3a
1d
-3bb
-20d
-c8
11a
12c
-1ae
-3b9
-181
-1be
-4ba
-1b1
-146
-3a7
43
-24
-142
b1
-697
-9c
-328
-2c4
-6a
d2
-2ca
1c0
-8a
-b1
-d9
-4a1
-71
-21
-59
-2e2
-63
-c9
102
6f
-1ad
-3b1
-b
3c
-7ea
-50
-c
-3a7
19
-e7
-77
97
-256
-88
-355
-272
-11e
133
-35d
165
-16c
-b7
-123
-472
4
-2
1d3
-501
-167
-108
d2
1
-243
-1e7
a
-fa
-452
-90
4
-3a7
-1a
-5d
7
83
-1f3
-59
-341
-2e6
-13
14f
-373
197
-123
-4c
-ee
-4fe
3e
13
140
-2f8
-10f
-6d
9f
b0
-1e2
-1ab
-50
-93
-3f3
-d7
-7f
-3a7
-2c
-70
-31
7a
-19c
-ab
-3a8
-2e8
-31
115
-37e
1ec
-13c
-8
-7d
-52b
4a
3b
157
-28e
-b2
-8f
18
95
-1b4
-125
-8a
-c0
-3b1
-dd
-9b
-3a7
-24
-80
-5d
d7
-1e6
-a4
-3c9
-2d2
37
13d
-39c
1d4
-e4
-4
-41
-507
51
82
164
-292
-c7
-a2
84
79
-1c6
-173
-83
-40
-443
-fc
-101
-3a7
-17
-de
-8b
f7
-186
-ad
-367
-2d8
5
125
-3db
1ac
-dd
2c
b
-512
65
62
19f
-25c
-12f
-b1
cb
79
-15f
-13f
-c0
-5d
-465
-129
-87
-3a7
41
-88
-f7
e9
-fa
-74
-2d0
-2f7
-27
110
-325
1a3
-d4
-41
-31
-5a9
d7
86
1d8
-2d1
-b1
-db
82
198
-275
-d6
-ca
-12c
-47c
-c0
-145
-3a7
40
-6c
-ac
f3
-1e8
-12
-34f
-463
6b
11e
-32f
118
-67
-d2
-3d
-508
-10
7
105
-32f
-12c
-93
91
87
-26f
-14e
-9b
d2
-4be
-6f
-11d
-3a7
16
-17d
-c5
12d
-1b5
-5e
-42c
-48b
-34
112
-3e8
f7
-100
-98
28
-4f8
-b
-2a
1f4
-259
-132
-77
ed
71
-100
-11c
-157
-31
-3ef
-a0
-c7
-3a7
4a
-bd
-50
105
-2f
-8a
-409
-44d
3c
123
-366
fa
-13b
-3a
dd
-541
46
-4d
22f
-25a
-b1
-33
ce
da
-192
-d5
-17e
-1c
-498
-ee
-1da
-3a7
82
-8
1b
db
-f1
-11
-385
-427
55
126
-3de
10a
-10f
3d
76
-59e
10
-a7
214
-24a
-16d
-5b
b4
11e
-d2
-e8
-18c
60
-4f5
-ff
-200
-3a7
44
-71
16
148
-65
1
-398
-48a
61
d8
-35d
f1
-d2
-79
62
-59a
-2f
-76
24f
-20f
-103
-f
82
a7
-162
-129
-17c
6b
-414
-10a
-15e
-3a7
82
-b8
-50
131
-117
13
-354
-55c
-24
c6
-30e
8f
-54
-3e
5b
-51b
40
-86
241
-263
-f4
-3b
b6
11f
-e9
-4e
-1bd
52
-478
-3f
-21c
-3a7
ae
-a8
3
128
-9c
20
-363
-552
c
c0
-30c
c5
-143
-64
a0
-545
-37
-93
1f8
-1a5
-bd
-45
4d
86
-10d
-154
-1da
86
-3eb
-53
-1e1
-3a7
cb
-7d
9
10d
-af
-3b
-36b
-52a
94
eb
-344
100
-8e
2d
158
-527
-17
-c3
1ce
-1b1
-15b
-2a
35
2f
-5a
-1ba
-1ff
d7
-45d
-14b
-272
-3a7
df
-43
-57
cb
-34
29
-33a
-553
107
e4
-356
140
-e3
50
159
-4dc
-19
-ba
1e4
-1b9
-255
-9
4d
2d
-fa
-1b2
-206
9d
-30a
-1bb
-189
-3a7
d6
-2b
-b3
b7
-27
-21
-301
-4bd
115
c9
-30a
14c
-10c
-1a
18c
-549
3b
-91
161
-20f
-22b
-61
6c
59
-137
-104
-1b0
44
-3e2
-184
-167
-3a7
107
-96
-f9
eb
-1e
-4b
-35b
-4e3
ac
71
-2d0
1a3
-123
-55
1cb
-58f
-f
-82
1c1
-237
-1d0
-6f
82
52
-1ad
-105
-19f
20
-3ce
-1bb
-1cb
-3a7
d1
-28
-ba
c5
3
-16
-354
-550
14a
59
-27f
17d
-e3
-93
1bd
-56f
40
-38
19b
-238
-1db
-ad
a0
ac
-1dd
-ed
-1a6
8d
-43a
-183
-1aa
-3a7
e5
6
-142
b4
-d8
29
-341
-4c3
ce
e9
-295
199
-b2
-2b
145
-552
-6
-1d
1b0
-20e
-1f5
-b2
7d
bb
-1c1
-fa
-190
93
-471
-19b
-1f3
-3a7
b9
-27
-1a2
e6
-10e
54
-322
-52b
162
139
-2ba
1b1
-6
-a7
14a
-4f8
-29
58
131
-1bc
-250
-c0
3d
b3
-20d
-e2
-18a
d3
-3a7
-11d
-1ad
-3a7
d9
-76
-235
160
-17d
21
-34b
-56e
c3
139
-296
13a
-93
-e7
18b
-4d1
-41
92
195
-1b8
-26b
-b9
92
ca
-1ea
-64
-208
-16
-3e9
-6c
-1c4
-3a7
11f
-97
-1ff
17d
-48
-90
-3ff
-59a
ee
d2
-219
101
-e9
-f4
1da
-484
-a8
62
17d
-161
-1ec
-5d
a7
-1f
-207
-5c
-231
d4
-3f6
-15f
-237
-3a7
103
-7f
-1af
159
46
-1f
-457
-563
106
b8
-256
f5
-9a
-a5
246
-417
-28
-84
1eb
-160
-28e
-57
76
-8
-bb
-a5
-265
ca
-547
-1de
-1dc
-3a7
101
-56
-244
13c
-9
19
-417
-55c
ae
62
-262
e2
-6c
1d
1d1
-4da
-ac
-77
1ce
-21e
-2f2
-121
d5
44
-f9
-88
-25e
80
-50c
-1a3
-1d2
-3a7
127
-b4
-2b9
37
-7d
-4b
-3e5
-681
110
-a
-2e0
eb
-a0
-75
147
-5d5
-114
-4b
1a1
-2f1
-3bb
-1f4
7e
-cb
-234
-19
-267
10
-54e
-1b1
-1a7
-3a7
16a
-a5
-1f0
-c2
-83
-d8
-4ef
-716
bf
d5
-282
c7
-18a
-152
b8
-552
-b6
-14
74
-25d
-4e9
-198
-33
-139
-3d0
-3ab
-242
-8c
-6b2
-446
-174
-3a7
145
-dc
-db
-d6
-45a
-12b
-45a
-338
9f
a4
-364
f5
-de
-266
-fc
-4ef
2e
cf
-a2
-171
-4cb
-a3
-b4
-3d
-200
-580
-108
-15b
-8ac
-20c
-c3
-3a7
ad
-15e
-b
50
-34c
-b5
-324
-2ec
-15
c4
-48a
c8
-12d
-62
-136
-52e
-46
94
1b5
-3f5
-136
-ed
ba
-95
-256
-2e9
27
-10a
-253
-119
43
-3a7
-3
-62
6c
7b
-1a8
-85
-357
-2e8
1a
f9
-36b
1ab
-14c
-79
-ad
-5b5
9a
3e
146
-31f
-ba
-6b
61
78
-154
-247
-8f
-9b
-3fd
-f1
-97
-3a7
2
-1ab
-5b
d3
-157
-149
-34a
-33f
-1d
d7
-42a
10a
-14
-14
-bb
-5d4
5d
-203
188
-1b9
-6e
-13e
-33
60
-1d1
-2a8
-70
-b
-488
-1e9
-112
-3a7
-3a
-1f
-5c
1cd
-2ac
-26
-310
-36d
-77
2c
-2ab
f5
81
f7
-49
-595
16
-19
f
-35e
-1a2
-58
158
143
-123
-41b
-15e
-14a
-47f
-168
-146
-3a7
38
-60
-11e
97
-6d8
-a9
-304
-2dc
-95
10f
-2b0
18e
-6b
-e7
-107
-46d
-8b
-9c
-9f
-2ae
-d0
-b8
110
92
-18c
-37a
-22
-36
-8ab
2
18
-3a7
40
-94
-cf
95
-2d6
-b8
-3a0
-2b5
-17d
cb
-31e
140
-196
-11
-145
-3f4
-61
-13
13c
-4a4
-ad
-141
60
-7
-27d
-16b
0
-11c
-487
-4b
-46
-3a7
-12
-a2
-111
11a
-242
-8e
-326
-3ca
-74
113
-3b2
1de
-7
-a3
-e9
-4f7
c
12f
12d
-2bc
-4e
-14f
-17
92
-274
-89
-60
-bd
-388
-63
-12e
-3a7
6d
-138
-25b
1f1
-33a
-e5
-3e7
-620
-6f
179
-37e
142
-2f
-1f
9
-46e
-f9
10a
195
-232
-255
-156
10f
-5a
-224
-c0
-15b
7
-60e
-30
-1ea
-3a7
69
-17a
-252
1d9
-2a1
-14c
-3db
-3d1
3c
186
-2cd
19c
-a3
-5a
1de
-28b
-ee
35
1ce
-19
-31d
-57
c5
-f0
-29b
-1da
-24c
-21
-889
-245
-13c
-3a7
d3
-8c
-155
13d
-18b
-6a
-3f1
-47d
3b
16f
-298
131
-5a
-b3
1d4
-4a8
-67
-62
23c
-106
-33c
-84
88
42
-1f3
-ad
-1f5
2e
-50b
-1af
-1b9
-3a7
108
2b
-1b7
16b
-b7
-5
-315
-525
a2
182
-24b
ff
-93
7c
1be
-4bd
-5f
-97
1e7
-153
-1f8
-2a
bf
101
-196
-93
-25b
-3d
-48b
-126
-29e
-3a7
13f
-84
-1eb
14b
-57
-11
-36e
-587
13e
b3
-1c5
119
-3a
-68
1e1
-49b
-6e
-93
177
-1e8
-26c
-bc
d
47
-1b3
-c3
-24f
ff
-440
-167
-1f4
-3a7
1ae
-7
-1e7
11e
19
38
-37e
-60e
c1
9e
-233
12f
-129
-61
1d9
-53b
0
-48
1f2
-251
-306
-ba
80
20
-153
-d4
-2d7
9a
-2b3
-15c
-215
-3a7
1e9
c7
-23a
d1
ff
-8
-33b
-667
196
75
-1e4
136
-114
-51
198
-53d
29
-21
1d5
-240
-228
-6e
40
-22
-1c1
-106
-2d2
c1
-342
-146
-27f
-3a7
1cf
52
-28c
bd
-e
-2
-3bb
-6c4
192
83
-13e
fb
-bf
-89
184
-4f5
15
-9a
215
-271
-2ad
-56
-3c
-3a
-170
-167
-2be
156
-39e
-176
-20c
-3a7
1e7
-52
-26a
ab
33
-88
-3e9
-688
15d
6f
-15b
147
-67
-b3
20a
-478
-26
-d9
215
-2a1
-286
-6d
-80
-b7
-16d
-1dd
-2c2
ff
-3d0
-258
-245
-3a7
213
-59
-2a3
7f
-70
20
-458
-78d
1bf
41
-1d5
15a
-de
-b1
271
-3be
-44
-f3
1c5
-351
-429
-bc
-39
-44
-18b
-e9
-383
75
-38e
-1fa
-190
-3a7
275
-77
-26b
7d
cc
-29
-4cd
-7d7
1ea
-1a
-b1
114
-155
-179
2a6
-436
-26
-6e
1e0
-2fd
-2d7
-16e
-10
-115
-251
-f4
-3dc
114
-3aa
-1f8
-1f8
-3a7
25d
-6c
-1d4
6a
195
3a
-56e
-7e9
21f
-21
-98
db
-87
-10e
32e
-3e5
61
-9c
1e7
-33a
-330
-13a
-6e
-fd
-161
-160
-44f
143
-437
-26c
-22e
-3a7
1df
-23
-140
45
15e
5f
-5b3
-77a
1ad
53
-b3
8d
-d6
-64
326
-3ab
1e
-ce
212
-371
-39a
-15a
-79
-11d
-142
-17c
-42e
eb
-462
-265
-1b4
-3a7
1f4
-42
-13a
79
9b
7
-595
-6e0
fc
53
-184
d1
-b1
2a
37a
-35f
-60
-af
22f
-37d
-3c2
-11c
-82
-e2
-13b
-90
-405
11
-446
-26b
-239
-3a7
20d
-ba
-149
8b
132
-25
-5bc
-7e1
151
61
-12a
146
-6b
a0
425
-36e
-8
-74
272
-39f
-34c
-180
-d1
-15e
-1cd
-b9
-413
6d
-419
-2bd
-2a2
-3a7
201
-80
-138
99
16e
4b
-57a
-891
15f
89
-a2
141
-57
a
46b
-352
-c
-c9
21a
-39e
-3ea
-1b2
-87
-df
-23b
-b9
-46d
63
-414
-298
-239
-3a7
1ee
-33
-d7
54
f5
30
-57f
-7d1
1c2
af
-74
157
-62
20
412
-328
-e
-db
1ed
-317
-377
-162
-a6
-109
-250
-d9
-449
b3
-490
-2b8
-267
-3a7
1bc
-a6
-100
24
2
41
-530
-71c
1f4
9f
-116
178
-90
2a
3ac
-30b
-43
-112
1e7
-31b
-47a
-1aa
-c0
-e8
-1ce
-124
-3e9
76
-4da
-2b0
-183
-3a7
227
-57
-13d
5d
22
-1c
-4d9
-6ea
152
16
-16b
188
-128
-6b
389
-2f7
-8f
-6c
1aa
-3a5
-475
-220
-1b
-c6
-234
-16d
-435
-3f
-345
-253
-1a2
-3a7
276
-8c
-af
32
14b
-6b
-546
-74f
1db
-73
-a0
153
-9c
-10d
388
-2c6
1d
-33
169
-3e4
-2f6
-20a
-6d
-191
-278
-257
-449
c8
-29c
-27e
-251
-3a7
255
-7c
-90
42
5c
1f
-5ae
-778
1b8
-6c
-b5
d9
-78
-e7
37a
-22d
2c
-11d
1bc
-475
-3b9
-1b7
-c5
-144
-1b1
-2a0
-46e
dd
-35d
-2fa
-187
-3a7
237
-b1
-46
-79
-9b
f
-5c4
-751
172
2
-95
ef
-e3
-21
36f
-2b1
-2
-186
258
-513
-438
-19c
-128
-188
-1c0
-22b
-45d
41
-430
-354
-18d
-3a7
273
-103
-a5
-180
-1e
10
-642
-6e3
149
-97
-20b
be
-17c
-2f
1e5
-3d9
71
-ea
62
-601
-5c9
-21f
-d0
-19e
-185
-27d
-4cc
-162
-49e
-2af
-193
-3a7
1d0
-61
-14
-168
18d
-d3
-484
-6b5
-8
-25a
-36e
-60
-1a3
-41
119
-583
c5
-ae
-27d
-537
-41f
-392
c
-143
-2f1
-4e0
-32f
-d5
-607
-211
-243
-3a7
1e0
-163
-22
-15c
-6a9
-159
-368
-29c
-1b7
-c0
-536
47
-c0
-111
-234
-4e0
52
-5e
-3f2
-4ef
-377
-186
138
-e
-145
-605
-9c
-64
-d2d
-1d9
-1cd
-3a7
cd
-de
-8b
1d
-44c
-1
-3bc
-2c9
-131
175
-57b
133
-227
-3d
-1fc
-397
-3b
1c
-4
-424
-25b
-195
93
-6d
-18a
-328
f8
-164
-5ee
-f0
-56
-3a7
-31
-52
-71
8c
-1ca
-b7
-36e
-2e7
3a
e8
-371
1c8
-142
-14
-89
-5dd
49
95
156
-2b0
-92
-98
73
71
-1ca
-1a5
-4b
-61
-406
-10f
-80
-3a7
1e
-1a3
-d4
ea
-17b
-124
-335
-39d
-26
7b
-3b0
170
0
-41
-8b
-5bc
38
-190
1cf
-1ae
-8a
-1b5
-38
73
-258
-257
-57
8
-468
-22d
-16a
-3a7
-1d
-10
-a6
1b9
-30b
-13
-337
-3b0
-23
14
-255
135
83
9d
-59
-568
4c
2e
3b
-335
-1ac
-58
130
eb
-173
-3e5
-13c
-e7
-491
-1ac
-137
-3a7
79
-1
-106
69
-708
-7e
-356
-2a7
-ec
10b
-30e
1c2
-c5
-cc
-1ad
-4dd
-d2
-dd
-c4
-300
-ef
-5d
ca
9d
-170
-375
-32
-6d
-740
-56
-5
-3a7
53
-7c
-8f
83
-278
-102
-3ab
-2de
-150
114
-3a7
19d
-1d3
-c
-19a
-4b5
-13
-d
142
-4a8
-105
-14b
8e
-19
-207
-c5
-4c
-12c
-395
-43
-88
-3a7
0
-125
-f3
75
-17c
-16e
-428
-2b3
-39
117
-395
224
-5c
-43
-b7
-669
33
c
117
-2ac
-203
-11e
17
107
-f5
-ee
-131
-10b
-509
-d6
-1c0
-3a7
6d
-1f1
-32c
c4
-349
-1e5
-48b
-417
-6f
98
-518
113
-5
-13f
-38
-64b
-fd
b4
105
-2fa
-4d4
-262
15c
28
-16b
-25d
-283
-1b
-321
12c
-23c
-3a7
1c9
-148
-209
75
-ae
-17c
-3fe
-473
-143
44
-592
-65
-61
-b0
4a
-4f0
-5b
f4
d7
-212
-232
-2b
106
-215
-142
-132
-3be
-38
-29b
-15f
-3d5
-3a7
263
-ee
-16e
60
-6d
96
-525
-62f
-f3
c4
-3e3
71
-10c
77
20b
-1e7
2
-189
1c8
-30e
-543
-12b
-69
-139
-8
-139
-3c1
-8f
-468
-326
-250
-3a7
236
-3e
-175
1d
95
-18
-547
-74a
1b0
80
-14b
12b
-e2
-93
31a
-237
-5b
-d7
201
-383
-387
-165
-a8
-101
-246
-203
-418
61
-2a3
-26c
-1fd
-3a7
249
-50
-101
-11
2e
-41
-58f
-726
190
-7d
-125
12b
-80
-5a
30f
-297
3a
-bf
179
-435
-37d
-19f
-117
-113
-17d
-1d9
-486
dd
-3a7
-31f
-1b0
-3a7
28e
4c
-c4
-5e
-161
1d
-56e
-71d
172
-13
-131
139
-16b
28
297
-2d8
34
-b9
20e
-46f
-3d1
-203
-10c
-146
-20a
-19f
-490
63
-428
-225
-1a5
-3a7
298
36
-aa
-22
-bf
-a2
-50e
-69b
1bd
-37
-187
1aa
-132
3b
1f0
-2ce
-27
-39
20f
-4d8
-30d
-258
-14b
-20c
-261
-23d
-485
19
-375
-267
-1cd
-3a7
271
-b2
-cf
10
-ef
-cc
-553
-70a
173
-98
-1b9
1ac
-dc
6c
2d8
-23d
15
-23
1dc
-5b3
-371
-247
-18c
-24b
-2b9
-1c7
-4ab
-d
-3ab
-321
-177
-3a7
29c
-97
-20
-4c
-3f
-90
-562
-731
28b
-30
-19e
1a0
-b6
11
342
-171
cb
-79
127
-5ef
-3fd
-1bc
-1e7
-205
-381
-234
-4cb
-80
-4b6
-3bd
-1d6
-3a7
2be
45
-6b
-87
-10d
-2e
-4de
-6d9
18a
1e
-2c4
151
-14a
a8
32c
-27e
22
-99
140
-62d
-58c
-294
-200
-176
-2f8
-285
-4a1
-92
-455
-314
-10b
-3a7
314
-23
-ca
-58
-61
-12e
-487
-74a
170
-3f
-304
16f
-156
b5
341
-3a9
e
-68
233
-613
-459
-2fe
-21c
-287
-35f
-24a
-52c
-56
-3a8
-270
-218
-3a7
320
-b3
-65
-97
48
-e0
-4fc
-7db
19c
-bc
-2cf
125
-12c
-16
258
-28b
c6
-42
1bd
-731
-45f
-2df
-260
-2d0
-3f6
-353
-573
-52
-4b4
-363
-197
-3a7
332
-68
56
-cb
-108
-25
-563
-72c
11d
-6f
-2ee
ec
-11e
-4c
169
-1e3
99
-2a
134
-7ba
-526
-282
-1b9
-23b
-34c
-3ab
-4a3
-9f
-465
-308
-138
-3a7
2f2
-5d
-a8
-aa
-11b
-109
-563
-66d
143
-3f
-37a
12b
-151
60
1c0
-1d9
a2
-30
171
-6c4
-43b
-291
-23a
-1d2
-278
-286
-46a
-22
-4c0
-28d
-181
-3a7
2eb
-f2
-bd
-a4
-7d
-147
-50e
-71d
1a4
-25
-391
de
-d8
9a
27f
-25a
a1
-21
1ca
-65a
-3e3
-2a2
-2c5
-26d
-270
-296
-4dc
-42
-4a2
-1f0
-1db
-3a7
317
-bd
-5c
-88
52
-ee
-4d1
-7e7
f2
-a5
-382
38
-141
54
213
-2e7
69
-3
1be
-713
-490
-2a3
-230
-1b9
-32f
-255
-572
-8b
-415
-268
-1c9
-3a7
32c
-b8
c6
-2d
12
-a2
-500
-889
16f
-b
-2d9
-19
-ba
6
27e
-29a
7d
-14
177
-6ca
-411
-222
-218
-290
-320
-342
-4d4
-35
-4a3
-227
-256
-3a7
2ad
-73
65
-64
c9
-a4
-5d5
-7ed
175
-91
-36b
6
-18b
110
37a
-210
14
-76
1b1
-680
-43d
-1d1
-273
-224
-24a
-36a
-4a6
-59
-4bf
-3b3
-187
-3a7
2bc
-43
-6c
-108
-db
-142
-4ba
-6f8
159
46
-4b5
a0
-17b
1c0
1ea
-301
44
-79
245
-657
-562
-2ed
-1e4
-1ed
-366
-20f
-4a6
5e
-48d
-2e7
-136
-3a7
2ab
-87
b6
-6d
-6f
-91
-3f4
-663
b6
182
-57a
83
-c4
80
70
-298
ee
-22
1d3
-646
-503
-281
-14a
-1be
-3b9
-276
-497
-49
-4a8
-1f3
-1f9
-3a7
28b
-c6
29
3b
e4
-108
-489
-5cc
28
16d
-553
63
-10f
eb
126
-2bc
a3
-51
1fb
-64c
-487
-1db
-220
-1ca
-342
-268
-471
-e5
-447
-26f
-24a
-3a7
242
-62
-56
-69
93
-e3
-54a
-642
4a
a3
-52b
36
-4a
133
158
-253
8a
-20
1b6
-692
-405
-13c
-2b0
-11d
-278
-17c
-40e
-8b
-422
-227
-2d9
-3a7
210
3a
-146
-86
-43
-fd
-40b
-685
-e
-19e
-623
c
-1e0
24d
-109
-1f8
7b
-1c3
c6
-41e
-3f2
-1b5
-10a
-ed
-1f4
-1fe
-41d
-d5
-5da
-2a9
-fd
-3a7
261
-173
-cd
-1e
-135
-1e6
-262
-409
-2a1
-22e
-505
-2e
-190
7f
-2cd
-435
d4
-1f1
-215
-39f
-20f
-24a
154
-a5
-12d
-4be
-12c
-92
-9d0
-267
-191
-3a7
171
-183
-229
-2
-873
-87
-4e3
-28d
-231
-ba
-2f0
64
-1c
-97
-3a3
-3be
-85
-f0
-309
-879
-24a
-221
1ae
9f
-213
-3ed
ca
-4d
-b47
-14b
-1a5
-3a7
23
-9b
-10b
b2
-325
-57
-412
-2e5
-1c4
104
-42c
145
-204
-a3
-23a
-376
-58
-34
-20
-592
-17f
-1b3
c2
-90
-251
-d8
52
-9b
-654
-97
42
-3a7
-d
-74
-6c
88
-1bb
-d3
-354
-2da
29
13f
-33f
232
-ff
-40
-c
-556
62
68
159
-270
-f6
-d3
94
89
-20d
-1b5
-8f
-8c
-39e
-12d
-70
-3a7
21
-1bc
-103
d4
-173
-14f
-353
-394
-1d
104
-398
19f
18
-60
-22
-571
15
-1a0
18e
-189
-c3
-1be
-31
57
-2ad
-230
-79
-13
-3d2
-20a
-130
-3a7
-2d
-67
-b8
1bf
-2c3
-49
-363
-388
-1a
59
-219
13a
8d
14
1f
-4f6
59
20
5
-368
-1bc
-72
110
f4
-1d4
-413
-160
-130
-488
-1b6
-146
-3a7
54
13
-12a
68
-69d
-81
-35f
-27d
-de
fa
-312
1be
-ec
-ad
-195
-4cc
-96
-90
-96
-31b
-c1
-8c
c6
ca
-191
-31a
-2d
-5a
-79d
-4e
-2
-3a7
4a
-8f
-a8
89
-279
-f7
-3d1
-2ce
-149
e0
-3f0
1b9
-1b5
-60
-158
-47d
-34
-35
153
-4a3
-10e
-107
97
11
-212
-10f
-46
-f9
-45e
-97
-61
-3a7
-26
-12c
-f1
105
-162
-192
-2c2
-3f5
-1
1f
-439
f4
22
5b
-1ba
-5a6
b0
-1f6
101
-f1
-61
-b3
132
193
-1a0
-123
-c4
2d
-476
-298
-10c
-3a7
1a8
-103
-243
ef
-4ec
-196
-1e6
-442
-249
-1ab
-4c0
113
4
-ec
-318
-53e
154
-21d
18b
-291
-ff
-15e
19e
2a2
-dd
-266
-1a7
-2
-5fa
-117
-12f
-3a7
26c
-f4
-25b
1bf
-335
-13a
-20a
-28c
13
-10e
-49e
-89
-8f
a
-2f0
-427
1cf
19
2a4
-79f
139
-279
56
-bf
-14a
-483
-1b7
-6
-51a
167
-2ce
-3a7
20b
-164
-23a
aa
-37
-119
-42a
-3c3
9
-13e
-789
-2a
-1fa
207
-38
-c1
7c
5
2b4
-8ff
-21a
-1f5
-10c
-242
-a5
-287
-312
-a8
-43b
-291
-a7
-3a7
288
-8c
6
-5d
5b
-10b
-44d
-58a
15e
-17
-50e
12e
-17b
131
1a5
-19c
cc
-21
219
-70d
-47a
-2b2
-19f
-1f6
-3bf
-295
-476
-d3
-4ca
-31c
-11c
-3a7
280
-a4
39
-75
-b6
-ac
-48d
-58c
115
b0
-4f7
fa
-b0
8a
155
-25c
108
9
171
-752
-58d
-249
-1f0
-194
-377
-2ba
-41c
-92
-5ee
-269
-18c
-3a7
267
-86
-1e
-52
-156
-145
-519
-564
52
51
-553
f0
-1cc
168
23f
-20f
2c
a
185
-69b
-4e9
-276
-1fd
-1b6
-2ac
-22d
-432
-d1
-59f
-1fd
-187
-3a7
219
-154
-4a
76
-ca
-1a8
-4bb
-594
a3
eb
-48b
35
-1ac
b2
3b3
-2f1
55
-20
26a
-533
-461
-2bd
-1a0
-24b
-271
-83
-4ad
-a8
-5e6
-ea
-159
-3a7
29b
-f6
1cb
6
18a
-59
-3e3
-6af
-66
16c
-479
-72
-d0
6a
20e
-2c6
fd
b4
1d3
-61f
-332
-191
-1a9
-223
-3bd
-1cb
-4fd
-e7
-3c7
-2a6
-336
-3a7
1c7
5f
18f
-64
f7
e2
-3bb
-6be
3
1ba
-50d
-bf
-1
1c9
71
-2ad
4b
-55
1f7
-5a1
-544
-132
-2a3
-105
-31e
-178
-44f
-a9
-2f9
-1a4
-1f0
-3a7
1fe
-31
-50
-32
68
-228
-4b7
-524
-ae
-2d
-604
-8
-180
2cb
19a
-334
-50
-4b
1d6
-4d6
-3d4
-166
-2b6
-162
-1f5
-e8
-3f8
-bd
-4f7
-27b
-250
-3a7
223
-101
-12
72
-97
-25a
-3a2
-5c2
-39
b
-579
-9e
-1bb
20a
27f
-530
a
1d
2f5
-50e
-395
-2d2
-20a
-196
-247
-124
-47a
-ea
-4fb
-112
-286
-3a7
271
-f4
159
-13
16d
-18b
-36e
-6af
-dd
6
-4e5
-182
-14
1bf
e8
-3e9
-29
1b
1d3
-66a
-26a
-1d3
-1cf
-20c
-3d4
-1b6
-4b1
-148
-5f5
-2b3
-39b
-3a7
1fb
-d9
d4
ab
-c7
7d
-42f
-6b6
-151
69
-60a
-148
-9a
31b
8a
-22a
-12a
-dc
1a3
-62e
-4f9
-28d
-150
-141
-266
-93
-3f9
-1ca
-3f0
-1c5
-1a8
-3a7
1ff
-53
ba
2d
12c
-19b
-480
-5e2
12
-14
-553
38
-1a1
346
1c5
-306
-65
-68
203
-573
-2df
-233
-1d3
-197
-344
-6c
-466
-ba
-516
-323
-287
-3a7
1fa
-21
84
3e
-8f
-e7
-3e3
-622
14
3f
-59d
-1e
-190
20f
164
-468
-6
13
239
-588
-53c
-301
-1d5
-69
-25e
-b7
-4e3
-de
-56b
-105
-1d1
-3a7
2df
8
-8
6e
a5
-1fe
-2af
-69f
-112
-50
-4ec
-11d
-ed
1f7
9
-4cf
24
a2
1ca
-510
-207
-270
-169
-126
-3ca
12
-4ee
-189
-573
-164
-400
-3a7
311
5a
9b
a2
-6
81
-2df
-887
-3d
-38
-41c
-142
-139
21e
-1e
-3cf
-26
-3
1fe
-5f5
-26a
-169
-2d8
-1a9
-356
-da
-474
-91
-31c
-95
-34d
-3a7
247
18
20
-25
34e
-1a3
-4c1
-6f0
f9
-10d
-3a7
-124
-107
244
181
-38f
3
15
142
-61d
-22e
-12a
-262
-1b0
-15d
-24a
-438
-7
-496
-382
-303
-3a7
1c0
67
-c5
-dc
-137
-9d
-3c5
-4d2
-67
-ff
-54f
-df
-d8
320
-f0
-4f5
9c
-146
c3
-598
-52f
-355
-153
17
-12d
-193
-41e
-3c
-7b7
-ff
-1d4
-3a7
1f3
42
-5c
-3e
-2d1
-bb
-2d9
-2c8
-1c5
-bd
-5e5
-f0
-173
1db
-3af
-57a
-52
c
1e8
-494
-2bc
-252
9
-55
-28c
-1a6
-3e4
-a9
-6e6
cf
-28b
-3a7
1fc
59
-10e
bb
c3
-1fd
-391
-2ee
-1a8
-102
-70c
-55
-18e
237
-322
-46f
21
7d
22e
-425
-161
-172
-62
-7
-174
-92
-3d2
-179
-50c
-cd
-35e
-3a7
1ef
42
-a1
fb
b6
-260
-3c0
-34f
b9
-147
-4d0
-4a
-b1
2a5
-137
-3b3
b
f
279
-461
-132
-46
-e3
-b4
-108
-17a
-2d0
-162
-4c0
-253
-2a9
-3a7
150
-35
-b1
10c
71
-186
-3e1
-4eb
-40
-2bf
-5a7
-75
-1a0
28f
-97
-98
-3d
-229
99
-46a
-235
-223
28
-1c
-e5
-207
-20d
-157
-3fb
-28a
a
-3a7
13a
-136
-59
fe
-434
-ba
-307
-34c
-2da
-235
-393
73
-54
17a
-1c5
-2d2
40
-373
-144
-2dd
-131
-326
cf
32
-215
-288
-12c
-117
-6b1
-1ef
-113
-3a7
de
-94
-122
c7
-7f8
-76
-3d7
-360
-245
-16
-23d
11c
73
-50
-258
-34b
-81
-13f
-103
-61c
-152
-118
1ac
147
-30a
-1e3
-47
-49
-896
-12b
-7d
-3a7
1a
-e8
-82
79
-23b
-84
-3bd
-2d7
-142
181
-373
197
-153
-bb
-116
-3ee
a
-20
de
-539
-138
-f3
cc
-13
-211
-bc
-41
-98
-46a
-4b
-25
-3a7
-53
-92
-7
a5
-153
-9e
-394
-2b5
6
1b1
-3a4
208
-12d
21
-b
-528
1d
27
165
-294
-15c
-7f
77
70
-1df
-161
-c3
-fb
-414
-142
-3f
-3a7
1b
-1d5
-9c
105
-11c
-166
-375
-366
-74
12e
-3c2
186
25
26
-12
-5a3
1
-1c1
1a3
-15a
-bd
-194
-39
5f
-2b7
-205
-81
-48
-3c7
-254
-168
-3a7
-37
-26
-7f
1da
-254
-2a
-34b
-386
-5
6b
-21a
142
99
73
45
-517
4b
3a
-2
-381
-1d7
-83
114
12f
-1fd
-3fb
-169
-14f
-45b
-1bd
-14e
-3a7
5d
-3
-13c
84
-69c
-7a
-354
-297
-bb
f3
-2dc
1bf
-bc
-c7
-18e
-4d2
-7c
-58
-67
-319
-95
-82
e8
ba
-175
-377
-c
-41
-7d3
-46
-19
-3a7
21
-71
-a1
7f
-274
-b2
-3c7
-290
-101
15b
-39c
1a5
-1b3
-2e
-e3
-433
-2f
-2c
188
-4b1
-13d
-11f
97
-6
-1fc
-165
-2d
-109
-41f
-92
-19
-3a7
7
-148
19
dd
-f5
-109
-315
-2f3
-23
f4
-35f
15b
13
43
-64
-557
df
-19c
166
-1a9
-bd
-145
4e
124
-291
-21b
-16
-56
-228
-20a
-116
-3a7
70
-ed
-10
1b0
-621
-128
-22b
-3b3
-109
95
-3c3
187
a0
ef
-a9
-508
105
-460
11b
-252
-172
-136
43
243
-1de
-246
-41
56
-64d
-31a
-a7
-3a7
ca
-fa
38
259
-680
-1bd
-292
-3ae
-df
-14d
-2c8
18c
28
c1
1b9
-414
-6b
-210
2b1
-635
-99
-15b
-89
aa
-83
-1a8
-1ee
-c6
-584
-ea
-da
-3a7
e8
-111
-8e
19d
c3
-167
-317
-449
-a5
-1c7
-40f
-3c
-d1
209
2bb
-423
eb
e9
3ec
-7bc
-d8
-2ed
-132
-ac
-1af
-5c
-36e
-1c9
-468
-139
-1f8
-3a7
171
7e
8f
9d
-1ce
97
-2e8
-48a
-187
-7a
-51b
-100
-93
283
-16b
-3c0
a7
e1
125
-563
-39c
-28c
-52
-2d
-361
-1f6
-3f7
-df
-849
-135
-1f0
-3a7
1a7
ed
-4
-c0
-458
69
-2e1
-1b5
-2ae
96
-620
-c2
69
1f4
-39c
-1c6
34
-5
d9
-690
-5d7
-9f
58
-7f
-2d6
-18b
-260
-161
-93b
-10c
-e2
-3a7
166
-4
-c4
3e
-7b
-2b5
-39d
-107
-26c
-15c
-770
-15
-195
173
2e
-2f7
-a8
65
129
-4ea
-3c0
-178
-89
-bb
-195
-2d3
-1d0
-262
-755
-7e
-fd
-3a7
280
-9c
-25b
7b
-98
-45b
-2ed
-27d
-271
-29c
-47d
-33
-1ff
1e2
25a
-898
25
189
3da
-3a0
-1cb
-381
-ab
2d
-168
-222
-3de
-12b
-59c
14c
-38c
-3a7
25f
92
-26
-128
e4
-97
-21a
-607
-86
-138
-217
-1f2
-fb
-2
-2e6
-750
10e
188
28d
-41c
c9
-fc
-75
-f5
-41e
-155
-52a
-80
-5a6
185
-474
-3a7
2e5
1a
29
-34
-f2
1b
-3d1
-570
-195
-1b6
-49f
-21e
-11a
129
-402
-2f9
-e8
-4b
da
-499
-157
-a8
-29
-191
-bb
-16e
-34f
-e9
-416
-da
-25b
-3a7
1be
-c8
-147
6d
16f
-1f0
-390
-55a
124
-2ad
-445
-110
-154
250
81
-544
39
-dc
2b7
-319
-a9
-8c
-138
-b5
b2
-15e
-3b0
-51
-403
-278
-248
-3a7
279
-24
-2a9
-8
-1ce
-151
-254
-5c3
-116
-1e7
-476
-ff
-176
11f
12
-72c
e3
-35
2c1
-494
-286
-24e
-72
d3
-a5
-129
-4a5
-5b
-718
-1b
-32d
-3a7
252
f
a
-c2
49
63
-181
-56c
-6b
-a1
-17d
-2d1
73
-49
-33e
-63c
de
9
169
-544
3b
-5e
-eb
-76
-305
-1bc
-419
-ff
-5d9
c1
-39f
-3a7
272
-39
-f7
58
-138
9a
-38b
-6b7
-1d9
-e0
-490
-25e
-15c
1c4
-269
-41e
-15f
-fd
11f
-61b
-26a
-2f
-d8
-a5
3c
-9d
-30b
-80
-31f
-131
-287
-3a7
16a
23
-f7
-11
27d
-112
-3c1
-73b
ff
-143
-3ac
-d3
-d6
312
93
-544
62
-9f
29c
-3eb
-196
-1a3
-18a
-36
-80
-bf
-470
3c
-3c6
-1be
-27d
-3a7
238
d6
-1f5
-10e
-26e
-77
-343
-5bc
-11d
-e1
-48a
-a4
-1d8
1e8
-e0
-5f3
-83
-111
22e
-3ea
-3ea
-1ee
-9b
2e
-1ad
-f9
-479
-1c
-5d7
-126
-1a5
-3a7
2ec
152
-142
-e7
-106
-130
-1b1
-582
-c
-51
-33f
-37
-a0
152
-1f5
-6be
c6
-70
1c7
-3ee
-1e8
-1bb
-189
52
-1d8
25
-4bd
-d9
-445
3d
-3d7
-3a7
2d1
be
-165
-42
-63
-d6
-2e2
-6e0
-176
-3b
-3a4
-90
-19b
15e
-21b
-46b
a
56
1ac
-40e
-16e
-1ad
-221
-ec
-2d3
-1
-498
-6e
-1c1
-5d
-2da
-3a7
1eb
24
-e7
-34
349
-1bd
-4ca
-5ff
1d4
-242
-181
-10f
46
113
1
-43c
93
-e
197
-3ba
28
39
-26d
-152
-131
-1ec
-3cc
a6
-24d
-2f7
-32a
-3a7
197
d
-1da
24
-2e0
-8
-280
-5e3
-e7
-370
-4b8
-161
-53
294
-1e8
-352
fc
-25d
4f
-4a1
-2fc
-24e
0
109
fb
-1ff
-2b9
fa
-7ed
-1bd
-114
-3a7
220
8
-e8
90
-60d
7
-1d6
-340
-24e
-234
-3b3
-6c
-192
148
-48a
-54f
10
-10c
100
-46e
-11a
-25c
145
-38
-1c9
-252
-1dd
d0
-7e7
48
-164
-3a7
207
13
-1be
109
-5c
-134
-2e2
-384
-173
-1f1
-3e7
31
-148
fc
-313
-55a
108
-8
297
-52b
-31
-1e3
b3
aa
-159
-19a
-21d
-b5
-4a7
-119
-2da
-3a7
144
-12
-4e
11e
-10c
-19f
-415
-475
167
-18f
-296
-63
-2e
f9
29
-360
68
-10b
1e1
-5f8
-144
-94
-47
-a1
-16f
-2ed
-1c6
-db
-585
-342
-174
-3a7
f3
-36
-45
123
-12d
-d2
-3af
-5aa
-82
-248
-4f8
-81
-90
1c2
15e
-9c
35
-315
131
-510
-336
-184
da
b7
-81
-2ce
-1d4
-db
-354
-33f
51
-3a7
11c
-2a
c
10e
-43c
-75
-284
-487
-2ef
-10f
-28f
73
-bb
17e
-52
-478
cb
-3b2
25
-367
-18c
-334
196
50
-224
-32a
-106
-3e
-594
-1cd
-11d
-3a7
bb
-7a
-110
b3
-721
-46
-2de
-3ba
-21b
33
-115
104
7b
-e
-1a7
-46a
42
-139
-18
-5e8
-172
-1cc
1c1
12f
-2e6
-215
-6f
-2f
-836
-60
-ba
-3a7
30
-96
-93
5b
-259
-32
-360
-2de
-151
f0
-35c
143
-174
-99
-16a
-3bf
-46
-b
132
-52b
-11c
-b4
7c
-2
-2aa
-121
-62
-dc
-41e
-2e
37
-3a7
-34
-71
-55
98
-155
-101
-394
-2c1
0
121
-39c
1c6
-138
-1a
-a9
-53b
6c
86
17b
-2b6
-ad
-67
68
6c
-1bb
-16a
-90
-9c
-3de
-12d
-82
-3a7
22
-19d
-ce
e0
-156
-122
-380
-34d
-6c
130
-3f7
167
39
d
-93
-561
2d
-1b8
1ad
-171
-96
-15c
-13
75
-23f
-219
-94
-51
-417
-247
-18d
-3a7
-3d
-7
-b1
1d2
-24b
-30
-366
-350
3
77
-244
13c
73
a2
-f
-531
1f
3f
2d
-353
-1e7
-56
10b
129
-1c0
-3d9
-172
-172
-44b
-1b4
-12d
-3a7
51
-9
-187
82
-707
-6b
-333
-280
-70
e6
-2aa
1d5
-bd
-d0
-14f
-493
-86
-40
-75
-323
-82
-a3
ea
a8
-1b0
-3b2
3
-28
-843
-19
e
-3a7
25
-51
-f6
43
-244
-de
-3f1
-218
-112
e5
-3e6
190
-195
-72
-137
-429
-63
15
14c
-4e1
-160
-11c
d0
-20
-1fe
-14d
-21
-b6
-4d5
-de
-48
-3a7
-13
-d2
-36
112
-91
-10d
-323
-232
-15
b8
-3a2
19b
-69
-1b
-ea
-579
108
-eb
11a
-1c4
-121
-d4
17c
16a
-1c1
-285
-30
-a4
-34c
-197
-b2
-3a7
67
-15e
-b9
1fa
-46e
-159
-2c7
-33e
-9e
8c
-32c
168
ef
-27
c
-4ad
d5
-32c
132
-332
-a2
-12a
117
1e5
-1ac
-250
3f
10
-565
-212
-db
-3a7
62
-176
-198
271
-4a0
-ef
-3e9
-43b
-d1
-2f
-284
132
11c
-3b
37e
-49f
5d
-188
322
-50e
-12e
-6b
-ce
137
-3d
-1dd
-1ae
-bd
-5c3
-23e
-197
-3a7
e8
4c
-2d0
181
88
-3d
-15e
-71f
-71
-1bc
-282
-1bd
aa
-6
244
-5d1
199
6e
22f
-554
-300
-28f
-66
1c0
-cd
-12b
-38b
-167
-62b
e9
-28e
-3a7
164
99
-165
ad
-5f5
1b0
-6
-4e5
-210
-1b5
-24b
-3ab
57
bb
-47f
-2a9
2b
-2a
-113
-2f1
-118
-217
1af
29
-2c1
-472
-1e7
98
-a39
1e7
-6d
-3a7
84
34
-2da
e1
-60b
a2
-218
81
-4cc
-1ca
-4da
-1d0
97
253
-5ff
-53
-11a
-153
-7a
-38a
-193
-3a
31f
c4
-17c
-1a6
11d
-5d
-5c5
-70
fb
-3a7
145
-11c
-2eb
-5d
-3cf
-1e2
-2d6
-75
-23d
-282
-653
10f
-166
5b
-5e
-281
-84
-ec
-10f
-1d3
-43
1a2
73
-164
ab
-1b7
3f
-92
-823
-89
-1bd
-3a7
2bd
-bb
-28a
-9a
-207
-266
-6c
-324
-241
-20d
-560
17b
-2a2
231
7d
-94c
e5
-a9
72
-348
-397
-28b
-f9
118
165
-2ab
-20f
-f0
-872
-55
-308
-3a7
3a5
b
-103
-c
-11
-152
-3
-68e
-60
-1e9
-1b
-10a
-150
5
-36f
-854
b5
c3
-45
-524
b9
-3bd
-4c
38
-462
-2a5
-30b
-7b
-2af
2b5
-43b
-3a7
2ef
-5c
9
8d
-95
16d
-3b9
-77d
8d
-116
-19a
-1b1
-1fd
-f3
-38a
-425
14e
-c4
9a
-624
5e
63
-132
-1c4
-275
-220
-28c
b4
-2ec
-18c
-2c1
-3a7
27c
-b6
-45
8c
-c4
-e9
-354
-7bf
d0
-21d
-2e3
-ff
-11c
a7
-33
-502
101
-200
1dc
-5da
-1c7
-f4
-25f
-b8
-40
-332
-353
48
-4b7
-34b
-1e9
-3a7
2db
57
-100
-5e
-368
b2
-153
-8e4
-171
-e1
-3b6
-11e
-62
24e
-cf
-5e6
151
-27f
16a
-5d3
-350
-1f1
-81
129
-d5
-119
-418
4e
-7f4
-1a7
-28c
-3a7
322
3a
-10f
6f
-64
7b
-10e
-7e5
6f
-141
48
-e0
-31
2e
-3b4
-4f0
131
-d9
3d
-61b
3a
-2bd
-20b
2c
-4b6
-2e7
-374
-1f
-33c
-54
-307
-3a7
283
107
-1d9
66
-2cf
a5
-417
-6fe
11a
19
-1b0
-c2
-11c
9
-27b
-30a
b7
-57
cc
-6b3
-215
-60
-1e3
-1aa
-27a
-153
-30b
10e
-3e1
-12c
-173
-3a7
1e9
-86
-14f
4e
187
-141
-387
-725
107
-180
-2eb
-6b
-88
17b
40
-3a4
4
-dd
288
-4f3
-1c7
-ad
-1aa
-ef
-e9
-224
-3f3
-6d
-2b5
-264
-1a8
-3a7
230
78
-15b
-118
-1ef
-b1
-3e7
-62e
-ba
-10b
-40c
-2e
-22d
1f5
-7d
-362
b2
-12b
187
-570
-3ca
-28a
-118
-5d
-1ec
-1cd
-380
15
-635
-282
-161
-3a7
27d
f2
-7b
-c8
-2c6
-5d
-338
-489
-49
-19
-39a
b8
-1cf
1f
-2e3
-5cd
a4
31
f4
-657
-2b9
-292
-15c
68
-322
-193
-3e1
-c0
-5c5
9c
-1d6
-3a7
311
94
-9f
1e
6f
-209
-375
-57e
20
-15
-465
c7
-19a
a6
-1f4
-4d2
10e
152
1e2
-457
-c9
-171
-197
-185
-250
-241
-38b
-2a
-402
-33
-3b7
-3a7
219
-a8
-df
1f3
2ad
-25d
-3ca
-5f1
2b1
-1b5
-222
-f7
-9
c5
141
-349
f1
-a2
1ac
-3a3
-61
-ca
-1e3
-166
-15e
-450
-29c
-5c
-4ea
-3fe
-1de
-3a7
1b9
-f
-8e
10a
-3d1
-1e
-334
-6ef
-69
-340
-381
-129
18
140
67
47
b7
-33e
1f
-532
-2b1
-279
98
102
-128
-331
-1fc
1b
-60e
-234
11
-3a7
1a2
-60
-d1
86
-748
94
-2a5
-424
-28e
-16d
-2bd
-b
-b8
c7
-38e
-3d6
de
-254
168
-483
-71
-2a4
12a
6
-282
-182
-16c
d3
-566
-2c
-df
-3a7
1d3
6a
-134
c2
-277
-6c
-2d1
-257
-1e0
-9a
-480
131
-d3
a7
-256
-503
13d
-ce
1f2
-582
-f9
-1c0
c6
f0
-13d
-1f5
-1e4
-89
-5ad
-5b
-236
-3a7
c0
-cb
-104
1d9
-1bc
-1ab
-371
-393
a4
-c3
-34c
-e
1f
7a
e1
-37c
59
-104
228
-5fd
-17c
-92
-40
-c4
-e9
-2f0
-186
-87
-6b1
-272
-164
-3a7
e0
-50
-70
14a
-97
-87
-32b
-5dc
-d0
-1f7
-553
-90
-6d
127
1d1
-35
8e
-2ad
114
-4e6
-335
-120
fa
122
-ac
-34f
-200
-d3
-4cd
-2fa
f
-3a7
109
-e
-31
bc
-49d
-44
-252
-3f3
-2df
-ad
-343
45
-93
151
-124
-48f
7d
-39e
4b
-30c
-1c6
-29e
176
62
-1bc
-31f
-cd
60
-61d
-14c
-e7
-3a7
b4
-7e
-107
8e
-72a
-69
-2a7
-357
-26b
-8
-1bb
d7
3f
6c
-23f
-4c6
-18
-199
2
-585
-144
-18b
188
13a
-238
-1fb
-7b
-67
-7ac
-6c
-d7
-3a7
55
-49
-5a
6c
-271
-6e
-38c
-27c
-188
f7
-383
134
-1b8
-53
-1bc
-3ec
-1c
1b
e2
-558
-147
-11d
b6
-1b
-292
-10e
-32
-d8
-44a
-83
b
-3a7
-20
-95
-4d
95
-1a9
-c5
-36e
-28d
1
12d
-394
1cb
-d4
11
-8d
-4e5
99
75
143
-2f6
-ea
-c7
81
6e
-1f6
-15f
-93
-d2
-420
-11e
-96
-3a7
7
-1b7
-119
f7
-19c
-117
-37d
-346
-3d
119
-3bf
17b
2d
c
-83
-54b
6
-175
1b5
-198
-d1
-179
-4d
3b
-290
-22c
-76
-3c
-3f9
-237
-13d
-3a7
-3c
-28
-d4
1da
-266
-5c
-383
-343
-10
5c
-23a
145
56
5c
-e
-509
36
58
35
-381
-1f9
-59
13d
106
-1e3
-3e5
-189
-1a2
-468
-1ce
-12d
-3a7
58
-11
-179
b0
-750
-a1
-329
-292
-c7
f1
-2a5
1ce
-6c
-a4
-156
-48c
-ce
-4f
-85
-2fc
-c9
-86
11b
89
-1e4
-36d
-1b
-37
-81e
-5d
5
-3a7
4
-b2
-ed
ab
-22f
-db
-3e6
-2a7
-12b
128
-353
162
-173
-81
-14d
-3bb
-27
-42
148
-48c
-134
-11a
f2
-37
-253
-139
-f
-f8
-4b1
-8d
-45
-3a7
-2
-104
-5b
12f
-d9
-102
-332
-2e2
-7b
98
-307
15c
-73
-15
-10c
-4f2
ae
-115
153
-20a
-25
-d9
160
158
-202
-28e
21
-125
-28d
-1b6
-c0
-3a7
6a
-15f
-bd
1d7
-4cf
-168
-314
-330
-b5
34
-30b
1a8
a7
-c
-a
-515
c2
-311
13f
-319
-bc
-f8
de
204
-18c
-25a
-a
17
-669
-242
-114
-3a7
c3
-31
-182
227
-4a9
-125
-2cb
-3e4
-52
-62
-2b1
149
f5
b4
284
-4ea
96
-255
244
-4e0
-1a8
a
-33
142
28
-32f
-191
-75
-7d8
-2ff
-230
-3a7
134
b7
-1db
158
-e0
-e9
45
-5f5
50
-21a
-2ca
-124
-3f
108
4a
-4a0
a8
-35e
-cd
-4e8
-44e
-2b2
24b
2fe
-83
-33d
-28b
-21e
-7fe
-22
-2a
-3a7
1b9
29
78
21b
-52b
82
23
-69e
-97
-30d
15c
-374
-33
-31
-248
-125
-7c
-2ea
-32d
-4a7
1d3
-3a9
34a
-2e
-352
-41e
-31
5e
-591
192
6
-3a7
11e
-186
-117
2a1
-43f
-53
-360
-268
-241
-2ad
-1b4
-13e
-10b
197
-306
2f
7c
-d2
-c8
-576
dc
-23c
37f
d
-264
-1f3
1e9
d8
-1b0
-121
-52
-3a7
e5
-29f
-188
1b6
-264
-5f
-2ea
-2b8
-ac
-311
-3d0
1fe
-53
180
121
10b
ee
-303
-67
-153
171
-7a
-18
-a
-112
cd
5
16
-575
-18e
-7b
-3a7
174
-f0
-244
-ec
-2f5
4c
-2ad
-510
-10d
-109
-617
2bc
-f4
105
-72
-456
f5
-220
-31
-3f2
-1c4
-1ed
-151
105
-29
-b1
-290
56
-b54
-2ac
-16d
-3a7
316
94
-154
-1c
-425
-46
-63
-60a
-74
d2
-344
1f7
-40
150
-234
-65a
5
-63
13d
-4fd
-3bb
-43f
-202
11e
-330
-1c0
-341
-103
-4e0
179
-289
-3a7
2c4
-6
-10b
65
f9
-c2
-2fb
-7b6
10f
8
-1bc
89
-210
-7f
-181
-40c
109
8
f7
-5a8
76
-195
-256
-26f
-5d3
-1be
-34d
-16
-33
-20a
-259
-3a7
27b
6b
-14d
-5e
-3ae
-8b
-3a8
-775
1ca
-fd
-1f0
c6
-3f
-8a
f2
-389
178
-338
1f3
-61e
-333
-8e
-34c
-98
-188
-31c
-445
d5
-7ef
-3c6
-191
-3a7
298
99
-126
-e7
-415
84
-2b2
-847
9
46
-4e2
89
-e1
1f0
1a1
-338
-1f
-2f7
1a5
-771
-3f0
-23c
-250
-131
-21d
-2a4
-452
67
-6a7
-1f4
-86
-3a7
29a
65
2f
-63
17
-c1
-27f
-715
188
33
-299
137
-154
14f
21
-4e7
24
-dc
41
-4e7
-2c9
-354
-266
-54
-403
-2d6
-49b
-b3
-1f3
-182
-1e2
-3a7
274
0
23
94
-260
-11d
-46c
-4f6
25b
71
-25c
15e
-1e0
41
1a2
-383
92
-79
b3
-585
-30f
-1f4
-29a
-205
-389
-334
-343
70
-5c3
-289
-f7
-3a7
1a4
-10
1
c9
102
-18a
-44d
-5ff
1ad
-d1
-399
d6
-e1
61
333
-275
-b
-a1
194
-61c
-331
-e8
-13e
-10a
-24f
-2fc
-3ef
-103
-455
-304
-d0
-3a7
19e
-2b
-32
-e
-10f
-103
-43f
-631
20
-c9
-399
24
-10e
1bc
345
-2a3
-3a
-18b
94
-4f8
-357
-163
-102
-115
-209
-200
-32f
-b6
-5d4
-2db
-128
-3a7
1e1
31
c
-88
-443
-1c
-2f1
-5c5
-14e
-86
-311
15b
-1a6
1a8
72
-43c
-8d
-135
135
-537
-375
-3f5
-9e
-2c
-354
-133
-2b0
-50
-4f4
-13b
-165
-3a7
26c
-26
112
27
-102
-188
-376
-53d
79
-149
-230
1db
-e2
4e
98
-3f6
14
-31
f8
-53c
-b0
-258
-17b
-23b
-37c
-399
-2c2
-8f
-4b1
-25d
-24f
-3a7
204
-59
92
17a
-74
-1a7
-437
-742
2e7
-1fc
-196
-14
31
d3
359
-269
2d
-1a6
f7
-6f7
-2b2
-19e
-115
-d7
-1d1
-55e
-316
-98
-530
-491
-164
-3a7
1de
-53
e9
197
-323
-3f
-2cc
-90a
-64
-1e8
-11b
-c7
b7
11c
363
-146
-47
-410
-5b
-619
-38d
-2d9
ab
95
-2ee
-2f1
-2be
-43
-533
-2e3
1b
-3a7
1cc
-94
3c
1cb
-608
44
-30a
-918
-17b
-21e
12d
-2f
-77
12c
1e0
-2b3
-45
-462
eb
-470
54
-30b
da
-bc
-3cc
-170
-190
12d
-386
-1ba
-12e
-3a7
1b4
-5b
-64
1ae
-428
-1d
-3ee
-679
-44
-284
75
13b
-72
4e
168
-2b1
64
-28d
21b
-5d7
36
-2c1
102
18
-260
-26d
-24f
6f
-59b
-1b4
-b8
-3a7
124
-153
-1c
2e5
-21b
-fa
-437
-6ce
191
-24f
133
-31
-4c
-168
53b
-246
88
-11a
28a
-67d
3a
-26a
-54
-70
-1c8
-396
-24c
-74
-6c8
-1e5
-102
-3a7
173
-6a
-40
1c7
eb
27
-378
-b01
-87
-2ba
-115
-25c
bd
-175
41d
-1ba
30
-9f
139
-4fc
-47
-1e7
e3
ca
-1c3
-410
-2ac
-67
-4e3
-186
-1e3
-3a7
218
-9c
6d
66
-5c2
10f
-288
-7e8
-2b1
-198
-265
-16c
10
9f
-1e2
-300
18
-2d9
33
-2ac
-c3
-143
d1
-ca
-1fc
-5d0
-12f
187
-71d
-270
-173
-3a7
104
-16
-16f
59
-900
15f
-273
-323
-2b9
e
-280
1d
61
54
-312
-2e9
-be
-1f7
11f
-617
-37d
-114
138
153
-a2
-2ee
-54
-2a
-688
-12b
eb
-3a7
2e
-5b
-77
84
-249
-7c
-3a8
-286
-184
d4
-387
114
-15a
-40
-156
-3a4
-5
-50
fc
-56f
-d1
-100
e0
4
-22d
-117
-3b
-71
-559
-6e
-53
-3a7
-2d
-98
-5
b7
-1c7
-aa
-3af
-281
-1d
141
-3d5
1be
-f4
33
-45
-4df
55
35
144
-2e5
-159
-a1
a1
a9
-17f
-194
-ac
-b8
-456
-10f
-5a
-3a7
18
-1db
-a4
111
-17e
-181
-392
-327
-35
e1
-3bc
15a
2
29
-1d
-5c1
1
-18e
19d
-194
-a4
-18d
-24
30
-26e
-237
-87
-54
-43e
-236
-172
-3a7
-3c
-2f
-ac
1dd
-27d
-3d
-380
-369
-2a
67
-259
130
5e
9f
28
-4e9
41
61
31
-397
-22f
-63
13a
13b
-1e7
-3d4
-197
-1c8
-44b
-1bb
-141
-3a7
58
-40
-146
c7
-76a
-84
-305
-292
-a0
117
-2b2
198
-6e
-48
-12e
-48f
-8b
-de
-96
-2af
-ae
-86
125
83
-186
-3b1
-2b
-4c
-79d
c
-3
-3a7
41
-c5
-7b
b1
-238
-d3
-378
-260
-168
cf
-363
16c
-1b6
-5a
-11a
-41a
-c
-58
124
-53d
-c7
-116
ae
19
-267
-18f
-4
-12a
-3cd
-ba
-c
-3a7
c
-a7
3d
fc
-bc
-10f
-338
-337
-52
71
-2fb
1a0
-77
-2d
-bd
-59a
ac
-106
eb
-2a7
-98
-e8
140
140
-1ed
-276
-4
-f2
-20b
-1bc
-12e
-3a7
b4
-15e
-d2
d5
-4e6
-16b
-35e
-3f0
-52
37
-2a9
14c
f2
-ad
-d8
-3e2
142
-346
8a
-3cc
-1db
-fe
17d
1be
-258
-21c
7
6f
-693
-2d4
-95
-3a7
69
-26
-75
198
-4aa
-145
-2c2
-34e
-cf
-1d
-38d
f5
55
8f
1f2
-4a3
60
-3a4
17f
-4ae
-358
-99
fc
100
-5b
-4dd
-eb
-a2
-8c0
-219
38
-3a7
1af
1e
1c
1c7
-3e
-32f
-88
-59a
-10e
-165
-309
cd
-e6
2b2
445
-4e0
-174
-5e9
e5
-366
-261
-133
e4
c4
-121
-437
-1c7
-1d3
-57f
-319
1
-3a7
261
d7
20d
1f8
-31f
-6a
-1f7
-99b
-9c
-1b0
d3
63
-b9
e1
2c2
-4cc
-149
-445
-60
-4b7
-a5
-362
14d
-9
-3dd
-353
-256
a4
154
-1f1
-109
-3a7
154
-14c
12e
214
-282
-fd
-363
-8a9
15d
-90
249
73
-b4
89
3ad
-383
18b
-2a5
2a0
-7f7
-db
-29f
51
-1be
-462
-215
-161
13a
-1c4
-283
-123
-3a7
14c
-12b
a7
245
-112
-81
-3ba
-7e8
65
-8a
-ba
13c
6f
138
5f4
-6e
9c
-2bf
24b
-61b
-30c
-1a3
-6b
-5
-2a6
-181
-262
ad
-27b
-3f6
-c6
-3a7
d9
-1b5
4d
3e
-2a8
a6
-364
-89b
-45
a1
-124
11c
10e
211
3f9
-293
35
-443
53
-339
-39a
-29c
-d9
-39
-2da
c0
-3f9
78
-6ce
-1ef
-e1
-3a7
1d5
46
16
-96
-41c
4a
-3c7
-5cc
-f5
9d
-2e9
1cf
-115
253
1e2
-37e
-151
-1c5
bc
-5c0
-41d
-32e
-286
1
-342
7f
-44c
-c6
-6d2
-ce
-103
-3a7
263
21
43
d7
2f4
-1a5
-359
-65f
251
6b
-2c0
16c
-1c1
19e
265
-474
aa
-65
179
-44f
-271
-30d
-1f2
-1b0
-4c2
-280
-3ed
-a6
-136
-25e
-280
-3a7
1d7
4c
f4
e5
-2a5
-7b
-3bd
-66a
1f8
1
-28d
27
3
106
46e
-2dd
-4
-29d
-7
-6bb
-4e5
-131
-1cd
-de
-308
-1ae
-48c
-29
-7d7
-440
-4c
-3a7
1c3
-74
82
6d
-298
-a8
-3f3
-800
-80
-4b
-303
4c
-101
19e
3cb
-3b1
-92
-1b5
23b
-6a3
-4ca
-2a4
-1f1
-df
-384
-5e
-509
1
-4f9
-1f5
-158
-3a7
206
-22
12d
a9
9e
-6c
-435
-758
-1d
-5d
-315
-30
-16f
254
204
-48f
-86
-4b
1ae
-55f
-337
-2b9
-a1
-13a
-3d3
-9e
-49c
-e6
-2c0
-19a
-268
-3a7
1a5
-d
15d
f3
-5a
-80
-4dc
-668
84
-21
-294
45
-11d
1b5
28e
-391
7b
6d
17c
-5e6
-2bc
-243
-139
-16a
-31e
-138
-422
-52
-4cc
-2d3
-292
-3a7
19c
6
d1
103
10f
-33
-478
-689
7d
78
-29f
-45
5
169
329
-2b8
f
-a
1e3
-5ff
-39b
-137
-d7
-34
-2a1
-17c
-3d5
-55
-432
-22d
-23e
-3a7
16d
-6b
-1c
c7
125
-9a
-49a
-696
42
24
-33a
-89
-38
2cb
366
-26a
-85
-106
fc
-4ef
-34c
-137
-135
-19
-190
-2c
-36c
-9d
-468
-1d7
-1dc
-3a7
193
-bc
-6a
-2
-c4
-35
-4be
-730
-b0
59
-414
65
-101
331
3bb
-2e0
-146
-1a5
b4
-412
-36d
-1ef
-10a
-64
-25c
208
-322
-2f
-4b1
-150
-217
-3a7
181
-17b
6e
93
13b
-b5
-42e
-785
d0
a6
-2b1
13e
-3b
200
4e6
-3d9
-63
-1b1
132
-3cf
-325
-329
-208
-109
-2fc
-10a
-3ac
13b
-43e
-313
-26a
-3a7
196
-4
cd
53
-1f
1c
-44c
-7bf
131
e8
-2ea
84
4f
155
4f2
-2f0
-65
-297
4d
-571
-5b4
-1d5
-13d
-9
-225
-371
-456
2
-662
-381
-f7
-3a7
22b
-9
11f
61
-19e
-31
-392
-8d8
1d
a3
-212
5
28
1fe
464
-3c0
-101
-412
4e
-5d6
-51b
-215
-1c3
-61
-305
-113
-3b3
-16
-3a7
-27e
-149
-3a7
1e6
-9e
14c
109
-206
-53
-38b
-9ee
3e
11d
-10d
64
-8c
23f
504
-3ef
-4e
-3ba
147
-575
-414
-205
-1c3
-e6
-39f
-f8
-395
a4
-6f
-2d9
-1a0
-3a7
1a1
-cb
1a9
e3
-175
22
-3a4
-a60
47
106
-5a
10c
-59
1a6
63f
-416
25
-39c
1e2
-5cf
-4b8
-1ec
-193
-ef
-33d
-ba
-41f
83
-18a
-310
-12a
-3a7
250
4
10e
169
-112
1
-233
-ae0
46
7b
69
b7
-e
52
6e8
-450
7a
-23f
1df
-68f
-415
-1fa
-249
-77
-36c
-200
-47a
82
-386
-330
-250
-3a7
2fc
9
-d6
-4a
121
7
-209
-d97
11f
-ba
225
-139
264
-9f
426
-41f
b1
-1ee
-1b4
-641
-457
-2d4
-51
-29
-2af
-29b
-408
3
-4ed
-bb
-303
-3a7
1f8
-c2
-f4
36
-4d0
134
-2cb
-b10
2a
-127
374
-300
-3f
-4d
-135
-b
-38
-4d5
-42f
-435
-190
-321
1f
-1b4
-3c6
-536
-1b1
f6
-7f7
-1c6
-33
-3a7
110
a
-114
4
-b21
1bd
-3e2
-262
-36f
-17
-a5
-f0
-45
-2
-337
-190
-ee
-2b3
-1c5
-668
-446
-201
131
a
-148
-315
32
98
-8cf
-126
189
-3a7
1d
-53
-7f
cb
-1ab
-7b
-3af
-2ad
-1ed
9b
-319
131
-a6
-127
-106
-3b2
-15
56
162
-573
-ad
-135
a5
9a
-276
3
-5a
-d3
-3e5
-30
-d1
-3a7
5c
-16d
-1ba
14d
-2ec
-96
-3bd
-5d7
-d7
107
-41d
e3
-34
-e
-9a
-523
-29
10d
19d
-315
-1b9
-1e9
119
-78
-17c
-a
-11b
-28
-58b
77
-1bc
-3a7
c1
-260
-192
1c8
-28e
-16c
-36f
-5cb
-10
1d7
-305
54
-e6
-2b
1d3
-431
-109
-1cc
221
-ee
-35c
-203
a0
-171
-30c
-351
-159
51
-912
-336
-192
-3a7
ba
-1b
-25
13e
-9d
-96
-3cb
-419
2d
d
-16c
e0
8e
-40
185
-42f
-ca
-b6
a0
-27c
-35e
6c
31
15
-26b
-504
-23a
-1d8
-556
-495
-1d6
-3a7
66
10
-121
9c
-6d2
-a1
-33b
-28f
-ad
b4
-2e0
19e
-d9
-71
-110
-458
-84
-9e
-7b
-300
-a0
-92
104
83
-183
-362
-4c
-3f
-77a
-51
2e
-3a7
38
-68
-d5
98
-21c
-da
-381
-24e
-150
f9
-3af
181
-194
-14
-16e
-486
31
3
170
-4ed
-d8
-127
c5
48
-240
-c4
-2c
-f1
-49c
-72
-3f
-3a7
5
-13a
-57
109
-6c
-11a
-340
-318
-84
106
-342
1a6
-64
-60
-14c
-58a
b1
-114
10d
-1f3
-82
-e9
f9
fe
-27b
-294
1b
-c3
-2aa
-1c5
-e9
-3a7
-3b
-10a
-103
189
-56e
-10a
-3a5
-430
-a5
96
-1e9
f5
aa
-85
4e
-400
-1
-3b7
d4
-3e5
-236
-66
214
1d1
-28d
-2b6
7b
-11
-6a7
-29d
1f
-3a7
14b
-207
-130
1b3
-728
-1a7
-45a
-4fd
-2db
-144
-368
1ab
-1a
-fa
3ff
-38e
-189
-2b5
11e
-511
-1f5
32
60
-1c0
-5e
-3bf
-a7
-c6
-7b6
-278
-102
-3a7
21a
-7e
99
bb
-2d
-1d7
-496
-7b2
89
-ad
-cc
1f0
-121
295
6ad
-4df
-8f
-277
277
-50d
-2d6
-19d
-264
-eb
-16b
-2a3
-3a1
-ed
-1c7
-305
-24b
-3a7
260
-85
11d
3c
-153
-9c
-402
-a0b
26
ff
-f7
105
-bf
224
4a6
-608
-9b
-34c
17e
-3f5
-45f
-2cb
-1b8
-d3
-319
-128
-4e2
3e
-210
-219
-205
-3a7
1ac
-de
110
ed
-5f
-38
-44e
-9f0
56
138
26
8b
-42
108
5bd
-42c
-2e
-27a
1af
-64e
-34d
-230
-2b6
-169
-430
-18f
-4b3
b3
-2c6
-2ea
-21e
-3a7
1b6
-22
4e
8e
-45
-25
-49c
-94f
d9
11b
-1ba
-30
12b
12e
4a7
-2d0
-e
-224
20a
-64a
-53d
-129
-261
c
-345
-120
-4e5
d1
-3fd
-2f9
-19b
-3a7
20a
-54
69
57
-48
-d
-4e7
-937
42
ac
-270
-7a
-2c
244
350
-366
-11b
-2da
15b
-4e2
-44d
-147
-1ba
-5c
-21e
3d
-497
29
-296
-1c0
-19a
-3a7
18e
-18
2d
-19
-7c
-113
-488
-7f6
-5a
96
-2dd
-28
-157
2f8
301
-4cf
-aa
-1b1
208
-49d
-3f0
-224
-21a
-112
-246
110
-537
1
-3d6
-1f6
-204
-3a7
216
36
97
75
253
-100
-47e
-702
8f
3f
-285
2
-e9
249
337
-4dd
-c4
-134
270
-533
-3b7
-255
-1c1
-10a
-359
-1a6
-4b6
-c1
-33b
-294
-252
-3a7
1c0
4b
72
7b
-62
-65
-542
-774
e0
15
-33f
-42
16
21c
37e
-331
-8a
-19e
1a6
-638
-4ab
-20d
-1e8
-96
-2df
-107
-501
-45
-50d
-395
-19c
-3a7
20e
-6
-57
16
-e3
-c9
-4a0
-870
-51
-2f
-2f7
-18
-32
1fc
395
-3a1
-b0
-193
1d4
-5a5
-48a
-1ee
-1c8
-59
-2d5
6a
-570
-26
-55d
-237
-1ce
-3a7
26e
41
-c8
26
102
-74
-43f
-8cc
-e
-21
-302
-4a
-113
1ca
250
-45a
-98
-f2
25d
-48a
-32e
-241
-15b
-77
-2e9
-4
-50c
-2
-380
-ec
-244
-3a7
25d
34
-dc
46
a5
-b0
-464
-833
94
10
-248
-e
-81
14c
17b
-3b4
-e
-97
299
-3dc
-220
-1d8
-18c
-b8
-27d
-f6
-4e1
bb
-403
-1a2
-300
-3a7
240
-1
-10d
3a
d2
-c2
-46f
-7c2
14c
-18
-232
1
-4b
137
1bb
-253
-1f
-da
290
-49a
-287
-166
-1b3
-bf
-216
-14f
-46d
ca
-4c0
-21e
-1b3
-3a7
27a
5b
-f5
68
fc
-e7
-427
-786
114
-97
-245
3
-7a
157
f9
-2af
-10
-40
26c
-4b2
-271
-14d
-1a5
-3c
-1a3
-133
-489
24
-32d
-1f6
-1d8
-3a7
258
93
-10f
31
1bc
-ea
-3fd
-75b
f2
9b
-262
-5
-139
1fc
f9
-368
-2
13
2b8
-47e
-266
-11a
-1f5
-bc
-240
3b
-455
-c
-29d
-147
-214
-3a7
1ec
-3c
-149
26
24d
-140
-3f3
-7aa
100
3f
-333
-53
-8b
216
1a4
-39d
-3d
-96
2a1
-40a
-2d2
-190
-27f
-49
-270
23
-464
a8
-3b6
-20c
-20f
-3a7
208
47
-d1
-1d
e2
-8a
-481
-7ce
19
1e
-2d4
-81
-33
20c
1d9
-362
-bf
-130
213
-4b8
-3d2
-1be
-244
-73
-238
-f7
-4d1
9
-3c9
-23c
-1dc
-3a7
1f1
88
-ca
-16
5a
-fe
-454
-799
-38
52
-33d
-78
-7e
277
1d9
-3b5
-94
-1c5
1e3
-4ef
-367
-1b2
-24e
-67
-247
26
-4e3
6
-431
-22f
-225
-3a7
205
80
-e9
8
6
-104
-462
-7b2
56
55
-365
f
-78
1ec
225
-3ab
-92
-138
27e
-4c7
-387
-16a
-25d
-67
-280
-68
-512
-12
-44a
-1f4
-1ec
-3a7
225
c8
-cb
-5b
18
-bf
-458
-7bb
1b
bb
-397
-6
-e1
211
226
-3a0
-79
-150
28c
-533
-3a7
-184
-28b
-90
-295
15
-555
-32
-3bb
-1b0
-1db
-3a7
280
7d
-144
-14c
-4d
-141
-337
-798
21
20f
-43f
7a
-62
286
16a
-45b
-50
-1cf
203
-42d
-42e
-1a5
-31d
-ae
-2c9
-3c
-57b
82
-608
-23d
-277
-3a7
352
-b
7b
-2a7
220
-e5
-342
-8bc
15f
1aa
-396
-30
2d
118
-8a
-355
-57
-420
-260
-5a2
-6b5
-1a5
-1cc
-147
-2ee
-35e
-449
-1b4
-441
-317
-101
-3a7
2af
16e
215
34
-f9
-127
-3b0
-7b9
-5b
-179
-f1
-176
-197
-139
-143
-2f3
-ec
-4bb
-4d8
-4fa
-3ae
-370
-71
-132
-382
-6b9
-1a3
-94
-13f
-29e
-59
-3a7
165
-44
-2e
67
-740
-1ef
-417
-2da
-369
-f3
-22e
1a
-148
121
-327
-4f9
179
-244
-f3
-69e
-21f
-205
1cc
-91
-1a5
-3d1
-6c
16a
-64d
-90
-18d
-3a7
54
-101
-b9
83
-13e
-97
-3cb
-1e9
-1d9
67
-35f
195
-60
-d4
-1b2
-456
45
-69
164
-482
-de
-b2
af
157
-167
-1c
-c6
-f7
-4b5
-5b
-155
-3a7
99
-196
-296
75
-37f
-184
-4c5
-409
-122
-e
-514
127
-e3
-17c
-ca
-6e8
-3d
-17
161
-349
-3d3
-22f
1af
128
-21
-1aa
-25a
-bd
-4f5
23c
-236
-3a7
23e
-1b9
-1fe
-68
-2a6
-7d
-34b
-58a
-e9
3f
-4fa
-1bd
-11f
-15b
16
-7b0
-a
c6
1df
-38d
-16b
-2bf
94
-278
-1f9
-424
-2d6
ae
-586
-62
-490
-3a7
1b7
e3
1a8
-e1
211
103
-3b4
-514
-e6
3a
-460
-b6
-54
7d
-78
-43b
77
45
-11f
-317
-3f2
37
-aa
-16e
1b
-702
-29f
-11d
-3c7
-4da
-28a
-3a7
4d
-1c
-116
db
-6cc
-8d
-316
-2e1
-ba
fd
-2a7
19d
-9a
-bc
-11d
-49c
-61
-8b
-48
-2d0
-a5
-74
f1
48
-170
-413
-48
-8
-7d4
-59
15
-3a7
31
-94
-a4
9e
-2b8
-e7
-37e
-273
-17c
126
-355
157
-182
-3a
-1aa
-431
-1c
-2e
1ad
-4f2
-124
-ee
fa
4a
-273
-106
-34
-169
-3c7
-80
-2b
-3a7
19
-126
-26
be
-8e
-156
-3ac
-311
-3e
83
-352
180
-d5
-42
-161
-591
b0
-140
14b
-26f
-4a
-b8
105
11c
-26d
-22d
-8
-10d
-257
-1d7
-11a
-3a7
ab
-1cb
-240
1aa
-4cd
-1af
-3d1
-3dd
-e0
-11f
-387
111
6c
-8a
101
-41a
-10
-194
193
-401
-15d
-178
158
25f
-22e
-109
-9
-10d
-451
-103
-10f
-3a7
210
-353
-240
134
-535
-10c
-31b
-585
-1c7
-af
-5b8
222
42
6f
1fc
-397
bf
-100
172
-3d7
-127
-4a
-162
-191
-d3
-b9
-24a
16b
-54a
-133
-3bd
-3a7
1de
-131
-86
-1d
14a
91
-2dc
-78e
-34
b6
-690
1dd
-80
147
1fb
-416
45
-10a
2b7
-412
-53d
-fc
-2c7
-9b
4c
-cb
-54b
-5f
-553
-27a
-20d
-3a7
21a
21
-e3
-bc
-2d
-b5
-4b4
-8a5
a
87
-363
5d
-11b
22b
232
-492
-fc
-1b0
253
-561
-53d
-1e1
-336
-10e
-230
5b
-5b4
-65
-4a4
-1f0
-219
-3a7
280
-40
-9d
-23
3d
-101
-433
-887
6f
e
-2fa
-2a
-60
205
241
-3f8
-39
-c9
2d7
-470
-343
-261
-2df
-12f
-35e
-68
-5cb
-13
-326
-284
-2cb
-3a7
293
22
-25
-2e
-25
-52
-452
-8e1
d9
-30
-1eb
-97
-1c
1c0
215
-356
5
-a6
270
-5ae
-3ba
-22c
-2c1
-b4
-368
-ba
-586
2e
-338
-27b
-221
-3a7
297
8d
-50
-85
c
-b9
-494
-83a
d1
-10d
-2a6
-5d
-106
1ff
129
-33d
-5f
-85
217
-5ee
-2ea
-196
-2b1
-14f
-24e
-108
-519
1a
-3c1
-24a
-20b
-3a7
25d
12
-104
-35
1c
-e1
-491
-783
c9
-cb
-2f0
-26
-114
206
13c
-363
b
-7a
286
-571
-348
-21d
-2bd
-129
-235
-131
-4e5
-12
-3e5
-2ab
-1c7
-3a7
245
56
-c4
-20
56
-9c
-470
-74e
bb
-31
-30e
-76
-75
1f2
18f
-33f
30
-76
201
-60a
-38e
-1d5
-258
-80
-297
-120
-4ca
-94
-423
-22a
-1ca
-3a7
237
-18
-b3
9
-4b
-e3
-47a
-776
55
-86
-33c
-76
-a7
24a
1c5
-31c
-36
-da
206
-620
-320
-1fe
-287
-a9
-273
-105
-4a2
-75
-45c
-247
-1ed
-3a7
24b
a
-b3
-33
-c9
-c1
-437
-7b3
c1
-a9
-336
-47
-ab
2a6
20c
-33d
-32
-af
22e
-63d
-35f
-24e
-2b1
-cf
-24c
-a4
-4d8
-5e
-48e
-222
-1c0
-3a7
28f
46
-8f
-89
-6e
-108
-3c2
-7cd
5a
-f7
-351
30
-16a
2cb
1ce
-425
-af
-6e
285
-615
-39a
-302
-2bb
-16a
-318
-69
-511
-b1
-3ab
-1e6
-1a4
-3a7
2cf
-5c
21
-4e
7
-167
-451
-823
13d
-10d
-298
7b
-113
206
202
-3a5
-2f
2b
1d8
-63a
-35a
-2e0
-26e
-213
-37b
-112
-525
-6f
-31a
-268
-233
-3a7
2a2
-1a
65
9
1
-a8
-464
-826
1ac
-af
-249
4c
-14b
17d
2f0
-2ce
31
0
218
-635
-410
-2ff
-29c
-201
-397
-1b7
-52c
-50
-3d4
-318
-147
-3a7
29d
b7
81
-26
-b8
-3f
-43d
-860
ff
-60
-228
82
-101
112
1de
-2e8
5c
30
20e
-621
-3aa
-28e
-29a
-12c
-3b4
-17f
-52b
-49
-3e2
-229
-1b1
-3a7
279
92
13
-4a
-c1
-e7
-465
-769
149
-8f
-205
9d
-13f
133
de
-291
3e
95
261
-5f4
-21b
-238
-332
-1ec
-39f
-202
-4c8
-1f
-39c
-222
-1c9
-3a7
232
c3
-b9
-a7
-a2
-e6
-451
-6a1
158
-b5
-2d2
60
-c4
159
84
-211
46
64
291
-62d
-2ce
-1d7
-2a6
-14e
-30b
-1af
-4bc
-52
-3d3
-245
-142
-3a7
27d
6
-e0
-6d
-7d
-1c3
-4a2
-5dd
dd
-178
-33b
68
-ea
1a8
d5
-2da
-58
-8
217
-617
-2bb
-246
-21c
-1b0
-28e
-1ff
-47f
-8f
-4a9
-270
-189
-3a7
246
-d7
-ff
-25
-2c
-22c
-4a2
-60b
f8
-1bd
-32e
17
-e1
212
23a
-390
-3f
-5b
2ab
-594
-31a
-308
-1c9
-14f
-235
-169
-4e5
-99
-450
-243
-1a8
-3a7
248
-31
-26
-81
-5e
-172
-443
-67e
bf
-15a
-31e
-7
-d0
1a3
20f
-361
-b
-7d
270
-622
-3a5
-1e9
-202
-190
-39b
-161
-50c
-11f
-550
-2dc
-1e5
-3a7
26f
c5
85
-eb
-6b
-8a
-41c
-655
9
-d9
-444
39
-10f
1de
135
-35e
-39
-43
209
-69a
-4d4
-240
-21e
-cc
-2cd
-171
-4ca
-105
-4c9
-2f1
-19e
-3a7
230
9f
-8d
-12d
-ea
-17e
-430
-5a8
de
-70
-454
58
-179
2b2
189
-3e9
-1b
-35
1b9
-57f
-430
-2b2
-260
-139
-2a4
-68
-514
-bf
-5e5
-1db
-15a
-3a7
1b2
161
-66
-10b
261
-125
-3be
-551
7
-18e
-440
-a3
-1cd
2ff
-2c
-387
-6f
-1dc
af
-4d9
-29f
-332
-de
-e5
-4ce
-2c5
-38b
-295
-2f4
-1ce
-93
-3a7
260
5c
e1
8
-282
-1a7
-30b
-5a9
-16f
-30f
-4e6
42
-dd
-8
-12a
-38b
-7
-359
-30a
-1de
-127
-18f
a0
-141
-1fe
-40e
-136
-28
-5fa
-2e8
-26b
-3a7
139
-1de
-7e
87
-7e0
-b8
-39f
-34f
-24a
-c4
-290
11d
-5d
fa
-32f
-55d
115
-1ca
-28
-722
-1c5
-1da
159
72
-c3
-4d4
-62
3d
-783
-10e
-220
-3a7
63
-98
-ef
b8
-183
-d3
-2aa
-396
-17c
-c5
-3f6
7c
-75
26
-2fb
-49b
87
-187
15c
-485
-84
-115
134
178
-291
2a
-42
-a8
-3dd
-15b
-13b
-3a7
1fc
-98
-30b
131
-557
-1db
-150
-53b
-297
-2c0
-4db
19b
-72
-8d
-326
-4eb
134
-2c7
144
-207
-14d
-16c
181
2b8
-b3
-161
-1ac
41
-76d
-148
-184
-3a7
2f1
5
-405
-11
-5c8
-d1
-b6
-377
-18f
-1cf
-327
-6f
-155
-10f
-559
-7e7
156
42
379
-6ef
d5
-35d
f4
-a8
-27d
-492
-189
2c
-852
25a
-2a4
-3a7
168
-13f
-f3
74
126
-139
-39e
-1cd
-116
-2c8
-51a
-132
-d3
-34
-4ca
-d9
9c
1d7
-121
-8ed
17e
-270
91
-226
-1af
-66b
-d
-af
-78d
-21a
-151
-3a7
52
-3d
-146
b9
-710
-84
-326
-2fc
-cc
109
-2c8
19b
-6d
-b5
-12b
-492
-9b
-a6
-8f
-2ed
-e4
-90
e8
5a
-164
-3e2
-51
-b
-831
-4b
32
-3a7
62
-70
-e6
70
-263
-df
-398
-2d8
-158
12b
-37d
193
-1a8
8
-125
-3c7
-30
-45
160
-4e9
-11c
-d4
95
-6
-243
-10a
-3b
-17b
-3d1
-cb
-37
-3a7
3c
-104
-a5
e3
2
-198
-348
-360
-2a
88
-314
1cc
-d8
-1f
-f0
-5e7
e8
-15c
146
-1d3
-1d
-e4
110
10b
-26e
-265
-28
-12b
-205
-22d
-ea
-3a7
15e
-89
-26a
1bb
-3b0
-1eb
-246
-39f
-e5
-e8
-2cf
1e7
91
-19
-77
-5a4
1f0
-1f7
227
-304
-11f
-111
139
2dd
-fa
-d7
-cc
-92
-60e
-2c2
-245
-3a7
19d
-56
-362
11c
-6d5
-5d
-18f
-414
-e1
-182
-382
11c
8a
6f
-1f6
-4f4
173
-58
27b
-618
-1b4
-29f
-95
e3
-1ae
-70
-24f
88
-8e6
17f
-17f
-3a7
1c1
-174
-25e
90
d
-cb
-27e
-458
-da
-219
-60b
-ab
-115
20e
-178
-30b
-12
45
36c
-5f0
-12f
-1e3
-208
-194
-192
-1
-43b
-12a
-4c9
-86
-10c
-3a7
1dd
-3e
-17c
-12
38
-18a
-489
-560
2d
-169
-56e
-cb
-1b0
17a
1bc
-3d8
-42
9e
2f9
-629
-2f7
-295
-2cf
-a1
-25d
113
-516
-19e
-514
-211
-20a
-3a7
2d8
68
12
-6f
33
-2f
-36f
-76d
1d
-11e
-4cb
-fe
-b8
1d6
b6
-3ff
1e
a0
267
-701
-332
-29c
-222
-1a9
-31c
-e8
-59c
-5
-580
-182
-35d
-3a7
2d7
3b
6c
-52
-fa
4e
-340
-63d
ad
-3d
-553
-a2
-f7
28a
ad
-2a8
-15
-36
1f4
-5e6
-53c
-2d1
-1a4
-162
-24d
-178
-57c
-c
-652
-1d0
-f2
-3a7
24b
c
13
51
b5
-133
-430
-6cf
ee
-9f
-3ff
-57
-12f
1e4
220
-33a
-37
-7d
221
-563
-3a8
-20c
-209
-110
-2d7
-109
-539
-89
-45f
-21a
-1d8
-3a7
24b
33
71
-48
1c
-114
-459
-6b6
8e
-8f
-3e0
-68
-b8
23c
180
-32d
-20
-72
24a
-5b8
-325
-1d1
-2a7
-10e
-2d4
-16c
-4dc
-4b
-4ba
-2e3
-271
-3a7
20f
51
-49
-75
-e0
-c7
-419
-669
c5
-e2
-45c
6
-c7
2bf
12e
-324
-4e
-44
226
-5da
-42f
-2a2
-2d3
-a3
-284
-182
-44f
-b3
-544
-2ba
-14d
-3a7
1f0
-26
-b9
-6f
-1a8
-17c
-39c
-5b7
9d
-114
-4be
61
-ac
2b8
18d
-30c
-48
5
237
-640
-3cf
-2d9
-20a
-fb
-2e8
-f4
-42f
-100
-51b
-293
-ff
-3a7
1d9
-5f
-e2
-22
-1e5
-1b9
-429
-686
16
-b8
-404
-32
-153
138
31c
-43e
-b2
af
2af
-5a9
-3fd
-333
-20a
-d9
-2d9
-9d
-4da
-189
-5af
-10f
-10c
-3a7
27d
-7b
-1c
-128
6
-25f
-3c1
-6ff
-6e
-b6
-47a
-100
-170
18d
16a
-4b0
-2d
cf
218
-5f0
-31a
-2d3
-25d
-2b4
-455
-193
-569
-b3
-748
-282
-282
-3a7
27f
-23
10c
-38
-236
-52
-2f6
-6a8
-52
cc
-686
-f5
-76
239
b4
-427
-ef
30
28e
-640
-610
-282
-1bc
-18c
-2d0
-193
-4d1
-180
-4b8
-1af
-173
-3a7
23d
-33
79
84
1ad
-161
-3ab
-766
-49
32
-583
-d7
-147
2f1
2da
-41c
-6d
8
2f8
-50b
-398
-215
-2bd
-15e
-3c8
36
-560
-1ff
-3c1
-262
-2da
-3a7
281
77
143
-118
44
-8b
-422
-784
b0
5
-46c
-41
-133
2dd
1d0
-3e8
-9
50
126
-5a7
-435
-20d
-37b
-125
-388
-129
-4ff
-2c
-478
-2a9
-293
-3a7
1db
45
f5
-cf
-10b
-a1
-395
-5a7
142
39
-55c
3d
-14a
321
1af
-3a8
3
1c
188
-5b2
-4f6
-2b8
-2c6
-13f
-2ab
-181
-42a
-5
-364
-247
-cf
-3a7
1c6
42
40
-25
-77
-120
-383
-4ac
c2
-4f
-504
3e
-e5
2de
1f8
-33d
33
51
8e
-5a3
-3f3
-34c
-12d
-146
-35c
-15b
-3d8
-8d
-560
-1d5
-f0
-3a7
1e2
-7
-40
-24
-a1
-190
-3da
-4c3
e2
-11
-50c
60
-1f4
215
ad
-49a
21
1d
67
-5a7
-4de
-2f0
-e2
-157
-36a
-21d
-420
-6e
-6f5
-221
-a1
-3a7
23f
-41
27
4b
-4d
-240
-360
-441
-da
3
-5a6
-61
-19f
16e
4
-5dc
46
2a
e2
-513
-4ca
-2a6
-a4
-45
-2c1
-178
-435
-19c
-647
-b2
-23f
-3a7
1fc
59
e
54
146
-1d7
-2ab
-512
-de
-a4
-452
-1b2
-b1
268
-22
-626
94
-33
183
-574
-239
-12e
-171
-28
-3ba
-e6
-407
-215
-645
-af
-36a
-3a7
1be
71
38
2a
a2
-ef
-3bd
-5bb
-1ea
-ed
-664
-193
-97
300
43
-42f
-99
-78
be
-5bd
-38f
-8b
-210
-17
-1c8
-11d
-323
-10c
-546
-19c
-2f4
-3a7
1bc
1c
-3c
-5
-c0
-20f
-40e
-4bd
-60
-f0
-5be
-7f
-192
3b0
1b3
-51e
-e5
-2e
1ed
-4fd
-3a2
-1cb
-212
-a5
-170
-1f5
-34b
-a1
-5fb
-248
-21c
-3a7
21d
-8a
-5f
6c
1f2
-141
-44e
-56d
-167
-23f
-542
-3c
-197
351
e
-3de
19
-86
d2
-3af
-2c4
-3c9
41
-32
-34d
-17a
-285
-2bc
-3e7
-1f4
-f6
-3a7
20a
-28c
-b7
9b
-50a
-f0
-2fd
-52b
-18b
-2cc
-408
8e
-17
217
-2b0
-261
5d
-38b
-30b
-1c8
-ca
-431
d1
-8c
-316
-13b
-a3
ac
-7fe
-187
-1ee
-3a7
b5
-15f
-198
105
-8f2
11
-368
-38e
-2b9
-c7
-41b
156
-32
-77
-361
-396
-54
-136
-88
-53a
-36a
-304
181
f1
-208
-308
-db
-7e
-be6
-115
46
-3a7
116
-13c
-af
159
-c0
-1f5
-345
-3e6
-191
60
-370
8c
-ad
-d9
-17a
-513
46
-18a
19b
-434
-112
-1c4
140
1f
-3f3
-1c0
-44
-174
-355
-16b
-265
-3a7
146
-ac
-67
21f
-597
-1b2
-224
-5a7
-11c
2e
-38a
95
89
be
-f0
-44d
58
-5af
179
-12d
-24f
-179
-96
166
-2be
-279
-e0
6d
-5d3
-447
-1b6
-3a7
173
-1b8
-11b
167
-8d9
-18c
-308
-2d6
-357
-1c
-332
146
-7
fa
-1d1
-579
-1a1
-3a7
191
-636
-2b9
-174
-17
-25
-21b
-1ee
-b1
-1bb
-7f1
-1c8
60
-3a7
79
-29d
87
144
13
-112
-3c1
-302
-1d1
-27c
-2d8
cc
25
9a
-a9
-227
8
be
-11f
-880
b9
-329
9a
2a
-373
-1f4
-6e
-19b
-25c
-11c
-18c
-3a7
5c
-3f
-116
90
-746
-80
-344
-28b
-e5
fc
-2c5
1aa
-9e
-a9
-170
-497
-80
-7a
-89
-33d
-de
-d5
ca
6a
-162
-38d
-49
-52
-7d7
9
2c
-3a7
3c
-8a
-56
7b
-1ff
-117
-3b8
-25b
-15d
142
-3b1
153
-1d1
-2f
-16c
-45c
-9
0
171
-4ff
-118
-fb
8c
-48
-273
-102
-44
-165
-3b1
-7d
-5a
-3a7
33
-f5
-2
d1
-49
-12e
-317
-2de
-c4
e6
-387
1a0
-4b
2b
-ef
-5d4
101
-16c
11a
-219
-6e
-f7
96
f1
-25d
-276
-3c
-13a
-291
-216
-169
-3a7
43
-6
-fd
220
-568
-e3
-203
-445
-c9
b0
-2f0
16b
13d
105
-5f
-57d
115
-483
133
-1c0
-198
-bd
4a
269
-1c1
-28b
-62
23
-69c
-31e
-16f
-3a7
11f
-58
-e2
206
-a29
-f1
-1a0
-3b7
-254
-c7
-271
1ab
130
fa
-6f
-3a6
-9e
-349
1b1
-5a5
-1c8
-bf
-84
104
-148
-16b
-1f9
-79
-7c9
-178
-23
-3a7
12e
-105
-e2
187
-5e
-1a2
-2f3
-3bf
-cf
-257
-2ca
-30
-151
1a8
200
-49c
25
a
341
-76e
-9b
-31f
-10b
2
-253
13
-320
-1cd
-1c8
-f8
-b7
-3a7
222
cd
-184
109
-37
-121
-2a2
-52f
-67
-193
-353
-1c6
-84
12f
337
-5d4
10c
1b5
2c9
-6a9
-1b1
-34f
-158
cf
-291
94
-468
-1f5
-6af
-2d
-3f3
-3a7
255
9f
-122
-9f
-220
f7
-c4
-7b4
59
-120
-30a
-34b
88
f8
-1c9
-54e
24
1d8
a4
-629
-2b1
-2d5
-151
-186
-445
-380
-4af
70
-9c2
f7
-2dd
-3a7
294
57
-12a
67
-3cb
d4
-1d9
-5d9
-1c0
-a8
-701
-2c0
-185
314
-24e
-2fd
-245
10
1d3
-64b
-58d
-1f7
-af
-1e0
-225
-1dc
-3fe
-bd
-57d
-167
5c
-3a7
296
2c
-15b
147
116
-1a8
-3b9
-609
-102
-e4
-4a1
-fa
-128
1db
1d8
-3ee
-83
48
1ec
-4a7
-37d
-27f
-a9
11
-273
8
-4d9
-1a3
-52c
-172
-2c2
-3a7
253
8c
8a
60
287
-10a
-416
-7e1
101
-101
-27b
-116
-8a
186
290
-433
0
10
132
-52f
-157
-101
-22b
-12d
-2a4
-2f0
-47f
-20
-541
-25e
-338
-3a7
198
-3b
-7a
23
-f1
-121
-451
-6aa
ca
-ff
-41a
-15f
-4c
2e7
296
-325
-e1
-9b
103
-674
-42b
-156
-21a
-55
-a3
-2dc
-39b
-3e
-6ca
-318
-a9
-3a7
10d
-9c
-6a
70
-9a
-12d
-49d
-526
5a
-f2
-480
-120
-f8
2cf
359
-363
-e2
-6c
14c
-63d
-40f
-319
-73
2d
-168
-102
-39c
-184
-63f
-15d
-59
-3a7
21e
-c1
-168
dc
-ac
-14a
-2bf
-62b
-150
-147
-4a6
-19c
-136
c4
397
-688
d
c9
135
-49e
-2b4
-343
57
47
-18f
-91
-48a
-206
-6ab
11f
-2e1
-3a7
290
50
-98
-18b
114
-19
-df
-6e5
-5c
-199
-254
-39b
-22
-1a
-1aa
-853
af
c3
-4d
-4d9
-107
-275
-78
-a5
-354
-4bd
-4f7
-43
-ada
2a
-3d7
-3a7
2c2
98
-147
-60
-685
14b
-226
-654
-308
-ac
-6f2
-33b
-10e
2ba
-31a
-4d1
-2ad
-f8
129
-65f
-54a
-191
-124
-1d7
-140
-1a5
-36a
-113
-5f5
-9f
-101
-3a7
27f
105
-191
7e
309
-201
-2fb
-74d
-104
-101
-531
-9e
-15d
33c
aa
-500
11
113
26e
-4e3
-1b2
-13e
-1db
-16
-205
-3b
-4ee
-1ba
-25e
-1a2
-40c
-3a7
1b1
14c
-b6
-c1
107
-13e
-40b
-6d4
182
-7e
-2de
-15d
-84
255
104
-3ff
-b8
35
1d
-485
-29c
-eb
-257
-c8
-217
-1cc
-44f
6
-788
-249
-182
-3a7
119
-4
-f4
2d
-16c
-16e
-45d
-4b6
27
-bb
-4f4
-11c
-f2
352
192
-28b
-18d
-ac
151
-52d
-35b
-20c
-127
-8a
-1a2
-180
-2f1
-66
-688
-274
29
-3a7
fe
-4f
-63
e9
-1f
-198
-42d
-500
4d
-174
-462
-3f
-115
2ed
239
-3d1
-dc
-8a
1b7
-3ea
-27a
-32b
72
-5c
-219
-107
-37d
-d5
-5c0
-19f
-af
-3a7
e4
-46
-cd
-62
-13f
-16c
-3b2
-49a
-10f
-25a
-3e5
-3f
-108
293
-160
-661
-d8
-ee
16e
-38f
-1df
-3da
b7
-87
-31a
-147
-3fd
-c4
-5d7
-162
-183
-3a7
230
c8
-198
-8b
-4b5
-158
-2e8
-3fa
-2f5
-1ea
-532
14
-1c4
169
-3b1
-71d
-38
-123
1ff
-2c1
-254
-21b
a6
52
-351
-55
-35b
-16a
-703
-fa
-302
-3a7
299
b0
-158
c8
-7b
-19d
-234
-507
-219
-280
-334
-21
-9b
18f
-315
-58c
24
-7f
206
-420
f3
-153
27
4d
-2cd
-fa
-332
-220
-407
-1b1
-3c8
-3a7
222
-10b
-1f0
5
-44
-1f4
-3fb
-5de
2b
-338
-155
-74
52
143
-ca
-382
1d
-8d
5
-4c0
82
44
-1eb
-24
-151
-10b
-228
-c
-304
-2da
-347
-3a7
108
-23
-19f
3c
-275
-11d
-3e8
-568
12e
-24f
-43a
-63
-dc
23e
da
-33e
-6e
-102
90
-603
-38e
-15c
-15a
33
39
-230
-262
-44
-774
-2b5
-45
-3a7
132
-31
-fc
13d
-2
-18b
-340
-57e
-cd
-158
-305
-ca
-101
2ba
145
-339
-99
-2cd
99
-437
-2ef
-314
121
39
-1d2
-2eb
-1bf
-130
-4ec
-2ab
-c
-3a7
133
-c5
-c5
1da
-5bb
-93
-2c9
-671
-1dd
-16a
-244
7
85
191
28
-25e
-4f
-503
-18e
-2af
-215
-406
265
14
-2ad
-21a
-85
ef
-5d2
-fb
-5a
-3a7
f0
-da
-29e
e8
-7cf
-68
-2e3
-36f
-39a
-2d
-8e
12a
-62
b0
-ee
-5c0
-10b
-243
7d
-4a1
-1f2
-2b4
1c3
-e0
-328
-1a4
-1eb
-c2
-61f
-5f
-e0
-3a7
18f
-1a2
-1c0
98
9d
-1e7
-431
-4fc
-1b6
61
-13a
e2
-ac
-d9
-99
-662
-87
-210
103
-332
-23b
-d0
cc
-d3
-3df
-1b6
-208
-210
-165
-1f3
-323
-3a7
185
-162
-b
128
-1d6
-101
-395
-720
3c
-87
-194
-5a
9e
-13c
f2
-3e8
fc
-5da
14
-2c0
-212
-156
-70
94
-2ff
-407
-1d2
73
-340
-56e
-1c8
-3a7
ec
-1c2
-fa
c1
-75d
-6d
-45c
-414
-210
36
-29a
1
31
5c
ee
-5e9
3a
-45d
1f7
-796
-40d
-164
-36
10c
-126
-419
-85
-ca
-74d
-36b
75
-3a7
18
-eb
-3d
e3
-de
-a5
-153
-40f
-167
-176
-340
b6
50
202
199
-3b0
66
-7a
-2c
-662
-137
-1bf
e5
251
-240
-132
-e4
-1c9
-4d0
-19
-119
-3a7
92
-ca
-22e
9e
-82f
-1c8
-300
-35d
-156
8e
-3a0
141
-75
-8d
-ea
-529
-112
-86
1
-26c
-179
-215
18d
-169
-1c5
-28d
-b8
-98
-911
66
-69
-3a7
f7
-f7
-166
107
-8d
-1ca
-359
-2ec
-1a2
d3
-39a
116
-17d
-5
-2b
-4d7
-95
-1b
1e3
-389
-1dd
-193
1bc
-169
-3a9
-149
-b7
-191
-5ba
-1e4
-13c
-3a7
de
-f6
-f2
145
70
-fc
-331
-39c
a0
bb
-348
11a
-6c
-76
97
-59b
66
-1ab
ea
-e6
-20b
-fc
192
74
-237
-25e
-e2
-99
-36c
-22d
-1cb
-3a7
bc
-e4
-49
1ef
-2ad
-e8
-2c3
-3f7
83
3e
-248
110
af
-74
de
-4f0
3a
-426
e7
-260
-1c6
-b5
3e
15a
-2c2
-359
-88
7b
-418
-3dc
-11d
-3a7
22
-b5
-8
1e8
-66f
-c5
-334
-440
-f7
66
-37a
19c
19c
84
17a
-2fd
-1
-393
1e8
-528
-35e
-2b
-c7
1ad
-148
-182
-164
6b
-585
-29d
-20
-3a7
bf
-8b
-1c0
170
-b5
-187
-33f
-409
-f5
-75
-3b9
bb
-ce
1eb
497
-539
-37
-17f
357
-563
-294
-ed
-52
158
-c9
-a8
-2f8
-1ab
-4b2
-1d7
-ec
-3a7
1ea
12f
-22d
72
-94
-f2
a1
-6b4
1e
-10b
-237
-98
84
1e5
27f
-7aa
1a2
-11d
124
-40d
-29a
-293
-20
23a
-1ef
-187
-442
-157
-8a9
3
-3ca
-3a7
27c
e1
-d8
-da
-4c0
13e
a2
-78a
4
-24d
100
-33b
13f
-b7
-385
-550
-e3
-8c
-366
-550
-1b2
-2e3
-27
-4b
-339
-492
-3a5
-bd
-b00
200
-102
-3a7
252
0
-25d
88
-765
13
-299
-473
-2d5
-26f
-39d
-3f4
-2a6
220
-3cd
-1ed
-269
-b7
-5c
-74a
-2d5
-34d
5
-271
-2a3
-269
-1f2
-81
-537
-83
4e
-3a7
2b3
131
-186
-13
3c
-1dc
-2a3
-3c2
-1dc
-245
-665
41
-1bd
298
-ff
-401
9
e1
2c4
-6b8
-313
-2f4
-4a
c5
-1b8
-9c
-431
-160
-43d
-18f
-2d5
-3a7
270
-12
-1e
-e
12e
-24a
-340
-647
162
-183
-20a
-38
-4
144
32
-444
25
20
4a
-5a3
-14b
-23a
-1c3
-147
-31d
-2d7
-384
-20
-65d
-255
-26d
-3a7
178
-4a
-c4
38
-266
-111
-44e
-5e3
b0
-15b
-2c3
-129
1a
221
282
-1c4
-bc
-162
-32
-743
-3da
-1f0
-ec
-60
-ed
-2ef
-2c7
-ed
-84b
-37a
2e
-3a7
139
-64
-d7
84
-11f
-182
-36f
-60b
-3b
-1b3
-2d3
-10c
-d6
263
29d
-33f
-d5
-1f4
128
-5e2
-308
-27b
35
-12
-204
-168
-2c5
-f0
-683
-29d
-12
-3a7
2f9
f7
-1ba
-3c
-1ed
-67
c3
-811
-180
-1b4
-2ed
-6d
-169
233
10
-5d6
17e
-2a1
40
-466
-2eb
-3a0
175
16c
-1a7
-15d
-3ba
-63
-91f
3
-24e
-3a7
2ef
f1
-ed
-51
-160
89
75
-7f7
5d
-1d7
24e
-24a
38
-4d
-382
-6a8
-f2
-1ec
-282
-609
18
-30a
-1b
-3a
-484
-46d
-380
-71
-87f
133
-156
-3a7
2a2
-44
-277
131
-5b5
-a2
-4a0
-7e8
-278
-e1
-7a
-291
-1b4
94
-2e3
-3b3
-104
-127
-169
-806
-1d1
-273
-18a
-172
-326
57
-2cb
b6
-4fc
-b1
-23d
-3a7
249
f
-6a
c5
344
-114
-336
-79f
6e
-63
-328
-40
-47
244
32
-439
62
89
2d2
-585
-bc
-13e
-1f1
-76
-256
-d3
-466
-d1
-1fd
-f6
-38f
-3a7
1ab
-7b
-1d
8d
13a
-194
-4de
-65a
21e
-10e
-1f0
-cd
-2b
233
140
-28e
-113
-4d
-8
-5a1
-210
-107
-279
-167
-18b
-349
-366
-50
-53d
-3b4
-129
-3a7
d7
-7a
4
73
-167
-d4
-4f2
-5cf
89
-d1
-3db
-a9
-c6
24e
336
-197
-f8
-ee
d6
-677
-452
-21a
-112
-9f
-17a
-15a
-2d2
-8c
-617
-2e0
3c
-3a7
e3
-7c
-60
74
-b
-d0
-3d8
-6a1
-75
-10b
-426
-62
-f1
1c2
348
-3fd
-ca
-17c
288
-415
-35c
-20d
-41
-f
-22b
-b2
-34c
-57
-481
-208
-9d
-3a7
198
-129
-3d
-35
-de
-70
-354
-743
-205
-216
-3d2
-a0
-120
15e
-e7
-61b
93
-1fc
104
-2fc
-220
-280
11c
19
-234
-181
-36d
-55
-4f6
-e0
-234
-3a7
261
3d
-1ad
16
-6b0
e
-2d9
-514
-2a1
-4e
-3e1
-4f
-1eb
1a7
-136
-587
17
-1e6
194
-622
-2e0
-2a1
5a
70
-295
-110
-271
-71
-77d
b
-296
-3a7
25a
-a8
-101
123
119
-6c
-3a9
-64c
-135
75
-47c
106
-5c
d3
-ac
-40c
fa
-61
273
-546
-172
-1e3
-67
1c
-376
-f1
-348
-93
-272
-1a1
-3cb
-3a7
195
-18d
67
83
5b
-c7
-497
-5c2
207
2a
-19b
e7
133
ea
22c
-1a1
13d
-1de
-85
-4d2
-274
5d
-272
-d8
-26a
-27d
-2aa
-51
-55d
-42a
-21f
-3a7
a8
-f6
-11a
f4
-23c
-c4
-472
-593
55
-136
-4c7
14
-37
162
2e5
-161
-7a
-225
35
-62b
-524
-132
-120
f9
-42
-237
-22a
-82
-7d1
-3c0
8d
-3a7
c2
0
4f
e6
-188
-128
-3ce
-637
-81
-f9
-3aa
-22
-60
234
24a
-32b
-111
-31e
131
-458
-2e0
-2f6
8b
-27
-279
-31b
-20a
4a
-443
-259
18
-3a7
dc
-185
-4c
10c
-5e6
-9f
-34f
-649
-26d
80
-381
79
-3c
16b
3a
-2e1
-92
-460
131
-2db
-3a1
-2bb
160
50
-29e
-299
-18a
f6
-41c
-10b
-2d
-3a7
153
-10d
-af
-1d
-4f5
-12d
-40b
-425
-317
123
-1d0
176
-136
8
-126
-5a5
-120
-215
10e
-4fa
-2e1
-19d
5d
-fe
-291
-1a2
-29b
-57
-403
-9d
-24e
-3a7
1d3
-28a
-e7
7d
1e0
-27c
-52e
-5fd
2
2f
-1b4
143
-e1
35
-44
-517
-93
-3ae
138
-592
-26f
-be
-cf
-1d1
-3a7
-22b
-337
-225
-201
-378
-264
-3a7
150
-24a
b3
159
d4
-1d2
-563
-884
a1
-8c
-121
5b
1b1
48
1cd
-43a
53
-59e
61
-4a4
-35a
-1b9
-73
-30
-309
-385
-369
-fb
-469
-5ba
-199
-3a7
ef
-335
-ab
f4
-694
-f7
-67d
-5e2
-19b
-2a
-28
-23
-26
a2
31f
-571
3b
-4f3
1f5
-76a
-406
-218
-72
-45
-326
-45c
-16f
-201
-9d8
-4ad
-7f
-3a7
4b
6d
e8
9a
-14a
85
-1e2
-43a
-d7
-19e
-27c
9a
-7
1d3
1b7
-341
34
-3f
-69
-66a
-21c
-232
14f
24c
-244
-22f
-14f
-24d
-54a
-af
-b7
-3a7
f9
-180
-248
103
-811
-8b
-383
-379
-1c7
dc
-28c
e7
1b
-a3
56
-614
-10e
-18c
-80
-2c5
-135
-1bd
153
-1c9
-ba
-2f8
-25d
-2d
-8c2
fc
-1a6
-3a7
124
-10c
-1b1
df
b4
-32
-4c5
-51f
-1b4
db
-19c
23
-169
e8
85
-50c
-a4
-cc
15a
-3e0
-226
-1d6
61
-212
-29a
-a1
-2f0
-19d
-43e
-ff
-250
-3a7
19d
-100
-d8
11a
de
-cc
-43f
-657
88
-e
-160
96
-ab
ae
23f
-51f
-ae
-1f6
1d6
-25a
-2fa
-149
c
-1a7
-1f2
-2b4
-25c
-c2
-26c
-321
-285
-3a7
f7
-1c5
ac
132
55
-c5
-40d
-762
aa
-c2
-1c
eb
b9
13
1eb
-3f9
f5
-406
1a9
-36c
-234
-105
-84
-8a
-397
-31b
-25e
18
-3c1
-5d8
-169
-3a7
f2
-173
54
149
-62a
-6f
-553
-607
-51
-7f
-3d
10a
115
2e
272
-258
73
-326
14f
-6e0
-43e
-144
-6a
8a
-232
-346
-1e1
-75
-6c6
-3ab
-64
-3a7
fa
5d
-d9
d6
-173
-db
-372
-4db
60
-78
-2e4
93
-ef
299
40e
-41a
4f
-18e
2ac
-5fe
-392
-f4
35
b8
-157
-290
-26b
-147
-683
-2f3
-40
-3a7
1e4
f3
-d3
-c4
94
-105
51
-60b
-15
-6f
-39e
64
8
2b3
138
-49e
11a
-3b1
-17a
-41f
-3dd
-34e
19
242
-1a2
-1ff
-2fc
-f4
-88d
-b9
-13e
-3a7
23d
-12
40
f5
-561
-66
-161
-603
91
-217
-1d
-100
-30
12
-1ca
-39f
-1f1
-46a
-4b9
-494
-19c
-2db
3d
-9e
-36f
-57e
-1c6
-53
-611
-9c
b1
-3a7
17e
-8b
-ee
151
-59d
-1a9
-321
-53d
-294
-23e
-252
-18e
-1bd
78
-59
-21a
-26
-1f3
0
-7af
-1b5
-3e4
db
-11e
-299
-169
-19b
1c
-5d8
-159
-6e
-3a7
1e8
-6b
-dc
-34
18
-1f9
-2f5
-4d8
-27f
-1e9
-4cd
5
-f0
201
-ec
-4f4
a7
-6f
302
-74f
-181
-333
2
4b
-30d
-192
-341
-c0
-5e9
-215
-2c6
-3a7
220
-a6
85
6b
-233
-127
-3ea
-513
1
-11b
-3e5
-36
43
19e
-7a
-375
-b8
-15e
f1
-6c1
-2cb
-238
-ef
-67
-2b3
-2f6
-2cf
-fd
-6af
-303
-1c8
-3a7
134
-67
1b
c2
-23c
-d9
-502
-505
-8
-a9
-477
-9c
-5a
202
240
-1b5
-10f
-10c
41
-82a
-412
-1ee
-75
-51
-20c
-277
-2cd
-19a
-6fb
-385
3b
-3a7
da
14
-b
57
-e5
-db
-3ab
-635
1e
-10
-33e
-3d
-61
27e
343
-33a
-31
-1da
e7
-61b
-362
-28d
-e0
a
-2b5
-17c
-2e1
-a5
-5f4
-204
-8a
-3a7
1c5
120
-70
-eb
-34f
31
-1a7
-77b
-1c1
232
-4eb
b0
-146
2f4
16a
-4cd
-118
-3ec
92
-445
-486
-2c7
-f4
89
-2d5
-30
-38c
-35
-6fe
1f
-9b
-3a7
2ef
84
b7
-a7
-7
-94
-3fc
-7aa
-70
ad
-174
19e
-da
aa
-c5
-570
-1a4
-1f6
-a8
-461
-124
-2e9
-2b1
-169
-53f
-2bc
-423
-cb
c5
-177
-2bc
-3a7
277
2c
-dc
-a5
-49d
-e1
-4f7
-64e
ae
129
-166
193
-f5
92
-54
-559
16e
-96
15
-6de
-4ba
-279
-321
-121
-209
16
-428
bc
-5ad
-1cb
-24b
-3a7
275
-80
-8e
89
1af
-1b9
-2da
-6c7
9c
-90
-36c
ad
-d9
be
188
-3db
70
3e
23c
-5e1
-2e6
-211
-1c9
-d4
-260
-1e2
-428
-d4
-2ef
-18d
-201
-3a7
1f6
47
96
5c
98
-143
-51e
-6b6
227
-182
-19e
-d0
11
c4
297
-223
-47
-38
-6
-700
-21e
-b7
-168
-13b
-1e3
-3a8
-3d8
-54
-5dd
-47f
-132
-3a7
143
-4a
-68
55
-221
-6d
-530
-6b2
67
-d3
-2c0
-dc
-55
1e3
32d
-203
-9b
-f9
df
-6d5
-442
-225
-137
-5c
-159
-243
-309
-31
-703
-294
c
-3a7
183
4f
-113
b8
-130
-d4
-314
-6c6
-60
-110
-32d
-a2
-e2
201
22c
-3ed
-1f
-ca
1c6
-430
-2de
-32a
-50
55
-25f
-162
-351
-6c
-5bd
-b5
-f0
-3a7
1fd
-1f
-6e
fb
-31f
b
-25a
-82b
-1a4
-d5
-1a2
-fa
-6f
167
-6a
-412
-ae
-333
146
-320
-fb
-29f
49
-b0
-382
-207
-247
-2b
-5a5
-bc
-164
-3a7
23c
2b
-1e7
bc
-627
-31
-2bd
-849
-214
-b2
-172
9c
-7c
13f
15
-2d8
-11b
-24d
24f
-566
-156
-202
-174
-e6
-2e6
29
-330
-52
-66a
-1e9
-1e0
-3a7
286
-db
-10f
84
10e
-ee
-42a
-8bf
5f
-95
-71
121
-bf
e6
94
-3aa
77
-a
38b
-5ef
-cd
-2e2
-212
-f1
-491
-1c0
-3fe
11
-f8
-189
-2c5
-3a7
1c9
-64
a9
144
105
-c2
-4e0
-6d2
264
-e9
-e3
-1
65
b
23c
-f9
c9
-fc
71
-568
-1a5
-de
-1b2
-eb
-39c
-3d4
-2ed
-b0
-50d
-447
-147
-3a7
15c
-35
-a0
af
-2e7
-ac
-4ba
-678
f6
-185
-358
-22
-62
a4
41c
-f1
-7b
-136
-8e
-667
-3b7
-34
-145
49
-87
-38d
-246
-31
-789
-32d
-3d
-3a7
ad
-191
-81
96
-179
-166
-433
-666
-d8
-18d
-3cb
-34
-48
214
19d
-404
-122
-20e
1b0
-484
-2e0
-2df
36
-3e
-14b
-240
-270
74
-49d
-1ce
-5d
-3a7
192
-cf
-14c
-7b
-53a
-5f
-3ca
-5e4
-254
-1ad
-4ad
57
-129
1bf
-172
-3f1
-6e
-26d
1c0
-3cc
-2f0
-33c
84
23
-2fd
-112
-27a
-7
-679
-6e
-13d
-3a7
23b
-87
-d6
-120
-2ec
-d5
-31e
-32e
-21b
-a4
-5b3
12a
-1ad
175
-469
-5b6
3b
-59
1f0
-386
-24a
-285
-af
-17a
-2ad
-1e4
-268
-fd
-4ea
-dd
-26a
-3a7
20e
-1dd
-173
-100
b4
-257
-467
-2d5
-86
-5
-64a
ed
-19e
10
-2db
-6f0
5f
-f5
204
-626
-3f7
-1d3
-228
-ff
-2e8
-44b
-210
-26d
-3c4
-34f
-234
-3a7
27c
-2a5
-5b
96
-67
-204
-542
-4e8
-160
-1e2
-714
51
59
4f
-183
-788
de
-357
-d7
-693
-58a
-17e
-a9
fe
-12b
-46e
-319
-3c7
-5e2
-44c
-2f3
-3a7
1c5
-1a1
-2a
65
-582
-98
-51b
-55a
-8d
-c2
-378
-105
-1b9
9d
f9
-808
a3
-422
9e
-7ef
-425
-11e
4c
cb
-1fa
-376
-181
-2d7
-ac0
-37d
-1e9
-3a7
7c
b8
f4
8f
-17c
9c
-e7
-464
-1f0
-1c7
-55c
-6a
-45
23d
70
-472
-21
-fd
-a3
-686
-286
-20b
18c
23e
-132
-222
-10d
-1c8
-617
-63
-14b
-3a7
1bd
-cf
-fb
f2
-66a
-58
-2bb
-5df
-1e9
-f
-3c9
257
-92
-e7
-81
-400
-73
-1b2
-1b
-3c5
-1e3
-17d
-f6
-86
-1af
-3a8
-2e4
6e
-4dd
-4
-4f
-3a7
1d3
-170
-96
32
10
-e8
-480
-677
-71
de
-e9
f7
-1a6
-c1
-1b4
-62a
9e
18
234
-55a
-5f
-1cd
-19e
-22c
-395
-1c1
-38a
-7b
-143
-25
-25a
-3a7
218
-150
-72
1a
10
-154
-4fb
-641
c6
1a7
-386
a9
-136
5
-34
-36f
a8
-7f
15c
-526
-369
-51
-309
-1f2
-25e
-330
-32d
-eb
-245
-2eb
-221
-3a7
147
-25d
99
4d
257
-e4
-4bf
-6da
40
147
-2f4
-5a
82
ba
-1a
-411
14b
-1f2
-a
-55d
-2d8
-13a
-295
1c
-3c3
-369
-295
-12d
-56
-421
-230
-3a7
c0
-1a3
-12
11e
-614
-80
-553
-614
-71
90
-2eb
-2c
144
152
1fc
-356
40
-355
-f2
-630
-48c
5
-1e6
74
-172
-2e1
-1b9
-3d
-883
-381
-12e
-3a7
59
59
-a5
112
-178
-9d
-39a
-591
-9e
7
-480
58
-bd
329
41c
-333
-7a
-22a
224
-5e4
-34f
-12b
-3e
95
-96
-1d7
-24f
-13c
-687
-29e
-3d
-3a7
fd
39
bc
34
d4
-18d
-29d
-53f
-26
-2d
-47d
78
-c4
333
260
-39b
-ab
-395
48
-39e
-2d3
-236
3
d6
-1ac
-1b0
-279
-127
-489
-208
-75
-3a7
13f
-bd
134
184
-3d8
-146
-351
-660
-29
-13c
-22b
4c
-cf
180
1da
-3fe
-125
-49c
21
-524
-1ac
-359
51
-80
-375
-36f
-1af
-38
-338
-2ad
21
-3a7
1c9
-91
6a
11b
-345
-153
-2e2
-728
-206
-159
-32e
7e
-12
14b
24b
-32f
112
-2f2
137
-79b
-2b4
-2db
b6
-41
-29b
-124
-32a
-26
-599
-2ea
-23a
-3a7
1d3
-da
-81
9d
-10c
-e5
-23d
-769
-7d
-12e
-162
-8e
26
226
21b
-5c7
-7
-335
1de
-67e
-296
-39c
-d2
-3b
-439
-218
-334
-8e
-6b3
-2a1
-1a8
-3a7
151
-cb
-bd
10d
-37b
-8c
-3f0
-766
-81
-18d
-29a
-f6
7c
1ef
2af
-2da
-15e
-265
b1
-7a4
-3b1
-274
-b9
-10
-3a1
-27b
-2d1
-c9
-797
-323
-a7
-3a7
e4
-96
-42
bf
-cb
-11f
-46e
-6d1
14
-150
-2e4
-48
-4b
1ed
49f
-254
-12d
-169
1d2
-772
-3d3
-23d
-6b
-54
-347
-228
-349
-cc
-74f
-34c
-6f
-3a7
10e
-2e
69
31
-11e
-e9
-384
-659
55
-ea
-340
37
-2a
285
3ca
-350
-103
-205
207
-4e4
-433
-2d2
-d3
-30
-340
-1a4
-365
-3c
-715
-285
-63
-3a7
210
38
-ce
-ff
-3c4
-111
-371
-66a
-12e
-2d
-520
139
-176
2f0
209
-40f
-187
-19a
2dd
-4cd
-554
-35c
-150
-cc
-3b0
ee
-41b
-6a
-586
-ee
-b8
-3a7
223
-a6
-57
-61
1eb
-1f1
-3f3
-673
d
-a3
-375
12b
-13b
1c7
82
-492
-a
-9e
273
-2d5
-28f
-3a5
-df
-1b2
-4ee
-127
-453
-89
-205
-1ae
-2ae
-3a7
205
-77
-38
-1c
-462
-130
-4c4
-4cf
58
-b0
-375
d0
-70
133
1a0
-22d
71
-129
144
-602
-465
-254
-130
-1db
-2cc
-18c
-405
-116
-a35
-381
-10c
-3a7
2b7
-33
-6b
43
71
-191
-3e6
-542
1
-154
-3b5
105
-d3
11e
2ee
-295
2c
dd
279
-71d
-40e
-34c
-1b4
-86
-3cf
-352
-3d1
-182
-613
-30b
-1c8
-3a7
1d5
-26
5a
3d
71
-14c
-44c
-5e7
177
-61
-332
-2b
a8
17c
268
-315
5
50
ce
-692
-40b
-238
-ff
-fc
-395
-385
-3b4
-b8
-544
-2c3
-111
-3a7
15b
-7e
-12
6
-2f8
-11a
-435
-627
-7a
-d3
-35c
-67
-2b
1a9
366
-21d
-c6
-184
-9
-5ea
-4ae
-166
-113
-fa
-225
-2a5
-2c9
-74
-8b8
-2b2
-b3
-3a7
1af
1c
-49
1c
-1f9
-131
-2c3
-683
-fb
-d3
-384
32
-bd
27f
2d1
-403
-132
-2d3
1a6
-4c2
-46f
-2ba
-65
-17
-1f1
-21a
-30b
-91
-6b3
-23e
-64
-3a7
25b
-83
b4
-77
-33b
-ea
-3b0
-741
-dc
-69
-156
eb
-96
1e1
2b3
-422
-14a
-2e9
138
-4f2
-37a
-358
-1c6
-1f5
-450
-1d7
-327
-13a
-2b2
-184
-14d
-3a7
1e8
-d8
82
-b8
-359
-124
-3c3
-7be
-42
46
-1ff
148
-cf
1a7
390
-478
-56
-1f7
198
-5ec
-533
-2eb
-2f1
-1c0
-4b2
-11
-4ff
-b6
-1b8
-319
-18d
-3a7
275
-ae
15e
-97
-6
-12e
-43c
-85b
57
-1e
-1a8
134
-b0
177
49b
-4de
1
-9b
18e
-67f
-530
-319
-299
-1d8
-539
-22e
-543
-139
-259
-337
-22a
-3a7
21d
-50
180
7e
2b
-75
-453
-7b1
1a2
-e8
-be
-13
18
195
379
-27c
b5
-a1
-30
-5e4
-3dc
-2fe
-1bd
-135
-4b5
-392
-3c4
-53
-418
-43e
-1a3
-3a7
139
-72
-14
40
-387
-66
-453
-6dd
172
-e7
-23d
45
7e
104
3f4
-bc
-d2
-121
-143
-64c
-475
-1a4
-10e
-aa
-216
-2be
-2a3
-89
-843
-32b
a7
-3a7
105
-222
-13e
bd
-195
-1a2
-405
-769
-9e
-256
-2f0
-4e
30
190
143
-2ab
-b6
-255
30
-40d
-2e8
-343
48
-4b
-218
-185
-25a
-69
-590
-2c2
-2e
-3a7
1b8
-5c
-177
28
-55c
-60
-2d8
-625
-2ab
-25d
-322
-30
-165
191
-200
-3fc
-18
-3be
9e
-2db
-282
-391
156
68
-341
-178
-29e
-7c
-7c8
-132
-a3
-3a7
1a8
-8c
-261
8
-55a
-11c
-38d
-263
-3fc
-29e
-3b9
-66
-155
12e
-621
-66d
53
-9c
1c2
-482
-fa
-33e
99
-8f
-2d0
-11d
-1e6
-133
-743
-89
-2b8
-3a7
216
-10c
-378
140
-326
-1d3
-2f0
-1b8
-2b9
-41c
-605
-9f
-f8
236
-502
-2bd
c3
-156
215
-485
-167
-312
3e
-26
-305
-d7
-c0
-329
-923
-371
-25e
-3a7
260
-160
-414
168
-2ca
-b5
-207
-3db
-401
-566
-503
-4d
-9
18f
-55e
-628
1e2
-2f3
160
-61c
-1ec
-409
144
312
-229
-230
-1a0
-423
-76a
-333
-2ac
-3a7
1fb
14
-253
c1
-750
-e1
-29e
-466
-18f
-342
-1e3
-fc
-f6
8c
-26a
-7b3
62
-31f
1a1
-915
-ab
-168
166
cf
-2e0
-39d
-3d
-213
-c62
-1dc
-2d5
-3a7
6f
-11
-5a
be
-208
4b
-102
-414
-22a
-2b0
-4b5
-60
-1
1b3
-cb
-36e
-11
-54
24
-76f
-12f
-210
204
22f
-d2
-241
-a9
-15e
-4d4
-85
-129
-3a7
159
-8a
-110
-8
-45f
-66
-2a3
-446
-1b1
18a
-668
240
-105
46
-1b8
-534
71
-2a
199
-282
-2b7
-14b
-1f2
-1e
-157
-237
-2c1
-30
-571
-36
-d5
-3a7
1c2
-4a
-5
-35
-83
-ac
-318
-494
-c0
1bc
-523
1d3
-288
be
-323
-582
ce
127
29c
-3f8
-1e3
-24e
-245
-1d8
-37a
-1ca
-2cb
-220
-1f7
-26
-18d
-3a7
fc
21
-17b
-100
-7e
-178
-435
-28e
9
101
-511
10e
-1b8
2b
-480
-439
18a
19c
1d0
-48b
-1bf
-12e
-2e4
5a
-269
-10f
-337
-238
-363
-12b
-15b
-3a7
191
-8a
-19f
3e
6b
-2c9
-327
-2ba
-15c
-19b
-51f
-14
-74
114
-477
-59d
fb
-35
c0
-364
8
-247
-101
b5
-2e5
-2d4
-179
-2da
-3e4
-1ae
-2a5
-3a7
145
-11c
-1fe
1bd
-639
-1e0
-361
-2f8
-a3
-1d7
-448
-27
147
172
-fd
-3e5
70
-119
90
-5ec
-f8
51
-f
64
-6b
-299
-d4
-9d
-8db
-364
-1fe
-3a7
a7
-be
-162
11e
-155
-bd
-352
-518
-6c
-11d
-4dc
29
-bd
1d3
206
-2ab
-97
-ff
2d0
-690
-2d4
-11f
3a
df
-62
-101
-267
-161
-47f
-271
-2d
-3a7
c3
-1e
9
c8
1d
-11d
-375
-5b7
52
-61
-37b
2c
-ec
25b
2e3
-311
-99
-216
1d9
-45f
-298
-1f5
-73
11
-236
-1d2
-204
-c3
-3e2
-263
-15
-3a7
11b
-4f
-dc
a6
-384
-af
-360
-6c6
-d1
-9c
-2ec
b7
d
25a
330
-3b4
-67
-380
1e8
-4f6
-2c3
-307
-11
42
-2b8
-145
-2b8
-3e
-530
-2da
-87
-3a7
136
-a1
-129
-d7
-36f
-6d
-339
-6fd
-140
7
-23d
6c
84
1a8
175
-5c6
81
-2e7
184
-59b
-347
-2b4
-10a
71
-409
-eb
-3fc
-7e
-4b8
-1b1
-1c8
-3a7
1c8
-3f
e
-3b
-484
-ee
-373
-633
-1b4
-87
-264
-8d
-71
1fa
75
-679
-a2
-2af
a9
-689
-3ce
-291
-199
-85
-362
-221
-394
-155
-6b1
-212
-1a4
-3a7
146
-14b
-b0
91
-2c4
-1ec
-416
-5dc
-24e
-e5
-326
-107
67
1ec
289
-593
-ac
-b7
f3
-759
-3f3
-2b8
-f6
37
-27d
-122
-349
-1bc
-649
-1d7
-248
-3a7
137
-88
-67
-58
6e
-15d
-3b2
-622
-105
-d5
-3c6
-164
-1f
1ef
224
-66c
-44
-45
e7
-5ec
-432
-16b
-80
-82
-31a
-fe
-376
-10a
-661
-1a3
-2bb
-3a7
14c
-39
34
-35
-1d1
d
-336
-527
-219
-58
-669
-199
-76
28d
80
-59a
-d9
-14d
cf
-549
-613
-17f
-4c
9
-13d
-1b1
-2f4
-e2
-732
-147
-183
-3a7
16d
37
-10a
-7b
-1a4
-1e0
-375
-390
-2c7
-87
-67c
-ce
-181
3c8
1b
-622
-61
-176
1b8
-399
-559
-255
-bf
54
-18e
62
-3a9
-117
-83b
-de
-22b
-3a7
1e6
-26
-e
c5
6e
-124
-33c
-388
-173
-a6
-640
-ac
-1f1
321
-c2
-6ec
-4
-86
127
-3a1
-3ad
-26c
0
-4f
-256
-204
-307
-1f0
-5c6
39
-262
-3a7
14d
7e
c
b8
-2af
-76
-271
-318
-25a
1b
-5b4
-a9
-6d
2fa
-9e
-41c
e4
-104
a7
-56a
-44f
-bc
-8d
-2d
-27b
-20c
-2aa
-146
-7f8
-1c8
-279
-3a7
1ae
d6
-99
-74
-90
-19c
-2ff
-34d
-2e0
-2e
-5c8
-26
3f
210
139
-49e
-94
-62
-b5
-5da
-4af
-155
-13c
ce
-1a9
-11b
-232
-1cb
-85e
-173
-235
-3a7
199
-133
-1a3
101
-f4
-2a0
-3b3
-3ed
-1ab
-1cd
-4b1
-a3
-b6
36e
-ce
-59b
-ec
-cf
-6f
-4fc
-300
-33a
2d
3c
-1f4
-209
-2bd
-153
-691
-47
-205
-3a7
177
-9f
-c1
137
-256
-20e
-35b
-3ce
-e7
-1ae
-43a
-128
-94
243
147
-2ec
-18b
-14a
68
-4b1
-237
-14a
-6
-e7
-224
-101
-276
-f7
-867
-f6
-16d
-3a7
17a
-c4
-d2
-26
fd
-13c
-485
-61c
-17c
-168
-633
-ad
-107
2b1
1c4
-426
-11d
-226
11a
-4ef
-385
-1c8
-98
80
-1b2
ae
-3c1
-ea
-507
-216
-1ee
-3a7
1d4
6e
6b
-181
-70
-4a
-45f
-50d
-119
-2c
-582
-26
-264
261
-8d
-776
5f
-16f
21
-495
-489
-20e
-1c9
94
-22e
-55
-4a6
-116
-63d
-a8
-289
-3a7
1e2
12f
-78
-b3
-15f
-5c
-322
-34b
-18a
aa
-7fb
-e9
-233
2bc
-10e
-741
86
-28
91
-591
-548
-225
-1a4
106
-1cd
6
-3d6
-e6
-821
8
-28c
-3a7
1d0
be
-85
-15
cd
-13c
-314
-44c
-1c3
96
-77b
-11f
-8f
2da
a
-620
-11
32
a0
-5bd
-3d9
-113
-188
d
-1a8
-158
-3a7
-14f
-6cb
-b0
-383
-3a7
195
-b5
-25
bc
81
-1d4
-3b3
-4e8
-c1
-35
-5cd
-104
-18
38b
1bb
-43f
-e2
-db
-43
-5d1
-368
-1d1
-12b
-58
-190
-254
-2b4
-da
-6e7
-28c
-217
-3a7
107
-115
26
db
-243
-17a
-4b7
-5b1
63
-42
-43d
-39
-21
2e2
36d
-22d
-1c0
-1e0
-31
-5e3
-439
-24e
-ad
-fc
-1bb
-1df
-290
-a0
-6d2
-33e
d
-3a7
c9
-100
48
9f
-91
-14d
-462
-778
-5b
-ed
-329
-51
-2c
205
2a0
-2b4
-b5
-36c
-40
-4b2
-400
-35f
36
-11
-2fb
-14b
-2b3
-1b7
-46e
-2e0
-28
-3a7
174
-41
-4d
b1
-512
-4c
-323
-69c
-305
-229
-340
-50
-c1
187
-7a
-37a
-20
-513
-ba
-2ea
-2c5
-3d9
12b
ed
-381
-1e3
-243
-57
-60d
-1ed
-e3
-3a7
16b
-17e
-ce
105
-7fc
-60
-359
-451
-3fd
-1a9
-208
4f
21
43
-3aa
-5ee
c2
-3da
-f
-4a0
-12b
-29c
11a
-2f
-2ca
-37c
-e0
31
-779
-ff
-1e8
-3a7
106
-9c
-182
1c9
-4d2
-fd
-368
-348
-236
-1ae
-2eb
-40
-27
139
-180
-241
53
-421
1c9
-563
-1a8
-1bf
7a
e2
-1a9
-31d
-87
-174
-56c
-36e
-15b
-3a7
1a7
-14a
-214
156
-4f5
-106
-22d
-43a
-4db
-264
-3bd
be
36
1fc
-234
-631
dd
-608
65
-513
-25f
-394
de
2dc
-2cd
-1fa
-143
-2e4
-5f1
-347
-165
-3a7
146
-184
-190
eb
-895
-f2
-34e
-505
-149
-141
d
32
60
-77
-30
-806
1b
-3fa
144
-8b1
-c1
-134
88
175
-421
-303
-6c
-eb
-aa3
-1cb
-268
-3a7
36
-bc
7a
eb
-245
7f
-1bb
-45c
-224
-1fc
-44e
-38
e
163
8d
-321
-2
-90
0
-818
-182
-1cf
16e
210
-172
-229
-b6
-f6
-523
-99
-b2
-3a7
c5
-2c
-140
-6b
-6ad
-58
-241
-28f
-125
-17
-4b9
f2
-10c
-23
-2cf
-59f
40
-1b
80
-28f
-10a
-e1
-8c
71
-115
-216
-178
-3a
-91b
a7
-4d
-3a7
ef
-11
1b
-2c
-2e6
-134
-2b7
-1bd
-1ea
-4a
-5ec
9e
-324
117
-404
-50b
3
a4
231
-434
-a9
-212
-4c
-a8
-221
-171
-113
-204
-36f
-53
-d9
-3a7
53
-43
54
30
-148
-1a6
-2e7
-18c
-10e
-49
-57e
d6
-154
b6
-447
-625
f2
14e
16e
-365
-3d
-11d
78
86
-25b
-140
-135
-1c1
-2da
-15a
-1b5
-3a7
16c
-13a
-113
1ea
-1f2
-227
-2c7
-2f5
-14e
-1ad
-3df
a6
22
97
-2b1
-56b
aa
-1b2
60
-33d
d2
-251
e5
e2
-21b
-325
-4c
-139
-58f
-2b2
-2d4
-3a7
ba
-151
-193
27f
-67f
-cf
-366
-349
-a0
-115
-2db
64
1f9
af
54
-367
6f
-115
11e
-621
-137
-10a
4b
f3
-19d
-3a5
-ce
-7f
-84a
-2e9
-146
-3a7
58
-bb
-115
16b
-144
-c6
-3be
-4a1
-ac
-a9
-422
40
-a0
13c
31c
-23a
-d0
-f0
234
-75d
-34d
-e3
1e
f0
-14b
-15e
-254
-153
-5c4
-213
-e
-3a7
84
7
36
a6
-c0
-eb
-40d
-4ff
4a
c
-36a
2b
-c4
230
3b6
-2fb
-10d
-13c
1c5
-53b
-2d1
-1c4
-b1
-1d
-271
-1ee
-251
-a5
-529
-227
-37
-3a7
ae
-4a
-3b
39
-23e
-f8
-3b5
-5a3
-118
-1
-400
55
-1b
2a1
31a
-3c8
-85
-235
1b0
-426
-3c2
-27b
-6b
127
-22a
-83
-335
-73
-52e
-1e9
-c9
-3a7
194
1b
-4d
-3d
-21b
-ca
-33d
-5bf
-168
-f2
-32f
80
-d0
1ba
36
-507
9e
-2b2
10
-410
-230
-2de
-20
12e
-328
-c7
-377
-e0
-59a
-56
-1c8
-3a7
16a
27
-155
52
-4ae
-9a
-26c
-3ab
-20b
-192
-47f
-97
-98
171
-33d
-5be
7b
-272
4d
-4e9
-185
-24c
84
95
-1bb
-1f4
-2a7
24
-8b7
-41
-17f
-3a7
1f2
-42
-283
7a
-246
-204
-1ed
-338
-2af
-2bd
-4f5
-cd
-38
121
-2ae
-58a
ba
-188
82
-4c2
-17f
-110
4c
168
-128
-1ec
-226
-d5
-7b7
-1da
-29b
-3a7
19b
-7
-30e
176
-314
-15c
-190
-460
-1ea
-3cb
-330
-22e
-30
182
-3f7
-5a9
bc
-10a
20
-508
-68
-2ee
174
299
-6e
-171
-252
-1cb
-86b
202
-207
-3a7
1ea
-94
-22e
210
-48f
-17a
-235
-471
-2af
-52d
-27d
-353
-108
140
-3e2
-3e3
-aa
-17b
98
-3b8
32a
-101
164
c
-19a
-ad
-157
-a2
-6eb
a1
-255
-3a7
248
4a
-102
17a
-18e
-7d
-1d5
-644
-27d
-4ff
-45c
-25b
-13b
1c0
-457
-44c
dd
-20e
191
-45e
17e
-166
f0
1af
b5
-b1
-218
-4c
-57f
-120
-287
-3a7
1f1
163
-fe
14e
-351
-7d
-165
-60f
-240
-4b1
-2d3
-1ea
-1f6
1e8
-570
-54c
38
-1e3
24a
-3fa
229
-1ba
3b
155
-116
-23e
-1a3
-75
-470
-f
-230
-3a7
1cb
6e
-216
134
-36a
-1e3
-1fe
-398
-38a
-4a8
-3f2
-107
4a
294
-601
-3ce
1f
-13e
14c
-403
2fe
-1e8
100
183
-199
-30
-c4
-95
-60f
-a0
-297
-3a7
1c3
-1b1
-261
13e
-2a6
-1be
-355
-425
-ac
-3b0
-43c
-7a
-4
1a1
-12a
-1a9
-af
-19a
-11
-424
127
-57
-da
16
10
-1c3
-c1
-81
-5ee
-285
-24d
-3a7
14a
-135
-1ba
1d4
-2ab
-154
-310
-61a
-d4
-260
-40d
-4
-d7
1cb
-54
-3f8
-136
-1ab
ce
-5b4
-276
-36b
aa
104
-da
-2bf
-18e
-6b
-5db
-236
-45
-3a7
219
-12f
-ce
12f
-283
-1d7
-37b
-5c8
-79
-2e3
-13b
9
-71
113
1c3
-405
-af
-104
264
-5f7
f
-247
-114
-d2
-2a5
-93
-2cf
-7c
-3d0
-296
-1ac
-3a7
1bd
-12b
-2f
50
fe
-a2
-32f
-8cf
e
-332
-e9
-185
-170
80
25
-468
a0
-22e
385
-662
-12f
-24f
-160
49
-369
139
-3d5
-14e
-277
-244
-b5
-3a7
1ef
-2
183
45
-206
-d9
-2bd
-89f
-17d
-48a
-6e
-1e3
-16b
62
-381
-3d5
2c
-38e
278
-50c
14a
-285
-68
10
-2dc
-a3
-30d
-148
-5f9
-1d7
-be
-3a7
1c6
96
16
c9
-407
-cc
-2ab
-6ca
-243
-46a
-cd
-d1
-d2
251
-411
-2cb
82
-1e4
35a
-529
299
-300
-f
1f
-223
-bb
-292
-15a
-60c
-126
-f8
-3a7
1d7
-31
-10c
18f
-1c0
-1c8
-282
-578
-d0
-374
-181
-2
-7
297
-21a
-29f
d
-67
2ae
-4eb
2a4
-225
-60
-76
-28c
-220
-1f6
-14b
-5cb
-1cc
-148
-3a7
15d
-9e
-17b
ea
-131
-1fe
-3c5
-56d
96
-276
-2dc
12
-5d
1d1
140
-20b
-b8
1a
e0
-64f
-ab
-111
-d0
25
-188
-2be
-226
-eb
-5dc
-2f2
-80
-3a7
bc
-c8
-95
72
-19e
-1a7
-47b
-55b
1b
-9a
-38d
-72
-6b
21d
236
-382
-145
-10f
eb
-6bb
-3a1
-264
-9d
-d
-1fb
-1b6
-27a
-8d
-518
-25a
-21
-3a7
e0
-3a
-31
6e
-3b
-169
-3b7
-6ca
-91
-13b
-43d
-96
-82
267
1fa
-38e
-98
-319
aa
-3d2
-36e
-28a
58
61
-249
-150
-2c2
-1a1
-3cb
-270
-9f
-3a7
170
-8
-63
f8
-41b
-9c
-287
-6d5
-292
-20d
-393
-51
-b6
21b
-aa
-3f2
4c
-52a
3e
-2fe
-26d
-3b1
198
123
-341
-23b
-1db
-31
-4fe
-20b
-fb
-3a7
12c
-126
-b3
121
-8b9
-79
-302
-3f6
-3c5
-114
-249
94
8d
a0
-346
-4fd
bb
-426
-9
-4a6
-171
-2b5
19b
32
-26f
-32b
-8f
76
-773
-fa
-17f
-3a7
d2
-116
-c1
205
-412
-177
-348
-365
-1ab
-165
-2cc
3c
-56
71
-87
-2d7
33
-3f3
1d8
-508
-14a
-135
a5
26
-1d2
-375
-b6
-12d
-467
-2bf
-a4
-3a7
15b
-13c
-184
173
-3a5
-125
-1ef
-3d2
-50e
-171
-420
76
54
252
-1b3
-69d
149
-5ec
12c
-4ed
-2b3
-37c
fd
2e6
-263
-21d
-11f
-24c
-4ba
-36f
-1ed
-3a7
161
-1b0
-1ad
106
-8df
-ef
-30c
-528
-1d9
-10d
-81
7
c5
-82
-41
-7c7
-c
-453
106
-7fe
-153
-104
23
1ee
-4a8
-297
-74
-13c
-a79
-1c4
-240
-3a7
72
-8c
5a
fa
-267
74
-1b9
-4e9
-1fa
-275
-3b9
-63
-32
141
58
-35c
48
-7e
26
-89b
-100
-1bc
16d
20f
-172
-242
-bf
-cf
-560
-53
-107
-3a7
32
3b
-13e
3a
-6cb
-7e
-347
-294
-f7
5d
-34b
168
-d5
-84
-179
-4d6
-7b
-6b
-c4
-30f
-d2
-59
c3
ab
-13b
-2ff
-c0
-51
-8c8
1
6d
-3a7
3a
-8b
-eb
5a
-24a
-14a
-3b4
-228
-1bb
91
-424
120
-1e2
35
-137
-4c6
-24
-14
122
-47a
-bf
-137
df
-31
-18f
-b6
-4f
-114
-594
-6e
-5a
-3a7
13
-100
-aa
d0
-e0
-d5
-310
-2b7
-82
109
-3b4
135
-40
31
-14d
-607
c1
-9a
136
-1d9
-66
-130
146
df
-27a
-24e
-4
-180
-2ec
-17f
-14b
-3a7
90
-173
-a7
1b2
-3ba
-131
-2f3
-431
-ed
2b
-313
fb
f1
-42
-7d
-5cf
65
-3ae
5e
-2c5
-107
-1f6
af
1e9
-25a
-33e
-c3
-13
-56d
-29f
-185
-3a7
97
-1d4
-df
227
-698
-16d
-373
-429
-1b7
-67
-251
9b
178
5a
170
-4a8
-28
-243
15d
-613
-1ec
-ff
-9
c9
-1cf
-367
-165
-96
-778
-28c
-16d
-3a7
91
-c1
-e6
16d
-d4
-d6
-3b4
-4c1
-9d
-b5
-42e
1b
-7e
180
328
-289
-b2
-c0
1d2
-782
-351
-ab
14
f2
-181
-176
-243
-175
-563
-255
-5c
-3a7
64
-17
-3b
b9
-86
-c1
-3dc
-4c1
15
-3b
-334
-1
-89
1f6
384
-3b7
-e3
-87
1f4
-542
-31c
-1e6
-4f
4d
-220
-134
-26a
-8b
-576
-196
-5a
-3a7
e1
-bf
-176
cf
-6e
-1fb
-3ef
-52b
-5b
-fa
-2c4
-3f
-71
234
4ad
-4d3
-6b
-10f
312
-3a6
-1fc
-2e4
-1a
12
-1ce
6b
-285
-68
-41e
-ef
-139
-3a7
d1
-91
-97
e2
-1eb
-14e
-219
-67c
-121
-c1
-18b
-10c
-77
14e
225
-581
-32
-2a5
298
-304
-f4
-294
104
-15b
-3c1
-1b
-282
-10
-479
-ca
-d9
-3a7
159
-185
226
d2
-48b
46
-1f4
-669
-3bc
-56
-187
-d4
8f
-132
-eb
-3bc
9
-381
28c
-453
-ca
-12d
23d
-7f
-43c
-c6
-1f1
-38
-346
-2e3
-14f
-3a7
13b
-1b7
17b
9
-2f4
-68
-334
-666
-1ee
d5
-ff
-a8
1bb
-c9
-147
-35e
dc
-48c
15c
-62e
-1b9
8
7
-1d
-43c
-1a5
-136
-6a
-4a2
-3d9
-1a3
-3a7
278
-bc
a7
f6
-487
-161
-305
-748
-35d
-195
-23b
c5
ef
144
33
-35f
-e0
-4df
152
-49d
-39e
-14d
-137
6c
-2cc
-378
-b0
-1ab
-22d
-457
-c5
-3a7
2e1
-7f
-8e
125
-489
-24a
-209
-828
-e2
-234
226
1c3
-7a
2a4
1b2
-5bf
146
-377
20f
-35e
-91
-35e
-21c
-14b
-3a5
-276
-195
-4a
-27
-29d
-1a3
-3a7
240
-4d
-131
72
-47f
40
-1c2
-a49
-10
-22d
11b
ab
-99
da
144
-4af
ff
-3ab
278
-58a
-1c2
-30f
-102
-b2
-46d
-268
-2e8
-5b
-8a
-264
-15
-3a7
26c
36
73
90
-596
-77
-24f
-a66
-b7
-221
1d6
da
-7f
-7c
1ee
-44e
4a
-33a
121
-55a
2b
-266
-e9
-1d8
-562
-33d
-280
5e
-160
-390
-126
-3a7
220
-202
-7
102
-4c8
-74
-380
-94b
73
-190
25e
14d
b8
9d
2ee
-2f8
12e
-307
102
-6bf
-fa
-234
-147
-115
-3ba
-36f
-21f
a1
-329
-4c4
-148
-3a7
9d
-276
-29
16a
-3d6
-45
-39a
-7c7
222
-15b
124
98
9f
67
56f
-184
9
-258
149
-771
-299
-285
-23b
-4b
-373
-2f2
-1d6
39
-358
-3d8
12b
-3a7
e1
-1be
7
3a
-491
-f7
-469
-679
-b4
-15e
-17a
9d
b4
e9
5a6
-2bf
-ad
-190
23a
-764
-35b
-2a3
-153
-3c
-379
-1
-2b0
-4b
-4e4
-305
39
-3a7
10b
-26d
243
-104
-2f0
-2d
-32b
-5f9
5c
f
16
-57
-103
-8c
456
-63c
152
-1d7
417
-853
-3b2
-23c
-2aa
-84
-4b2
21
-3fc
-1fb
-281
-200
-3e
-3a7
1b7
-b4
5be
-1bf
-105
18a
-253
-6eb
-109
5e
78
-1f4
-204
-23c
30f
-6a7
19d
-25e
2cd
-b28
-416
-1bc
-266
4a
-5f8
-1c2
-2f8
-3cb
-19b
-15b
-62
-3a7
167
-fa
783
-117
-2d5
20c
-34c
-8ea
-d5
118
f5
-205
-c5
-11d
16a
-7d1
117
-3cb
116
-91d
-276
-60
-2f4
-ff
-3cf
-291
-204
-b8
51
-137
-1cb
-3a7
73
-eb
71f
-37
-3ba
280
-374
-9c2
-f1
23f
92
-119
-7e
d7
1f6
-777
75
-43a
165
-7e1
-338
-61
-284
-16c
-17a
-335
-299
119
-79
-fd
-163
-3a7
1d
-9e
59e
12b
-1e8
36
-46b
-78e
-e4
16b
-9f
-1a
f
2a1
2cc
-597
-22
-370
148
-501
-347
-163
-23f
-d4
-16c
-285
-38b
b0
-320
-19c
-30
-3a7
-7
-a6
29d
153
-11c
-165
-43f
-651
-68
58
-190
3b
146
564
454
-3f5
-95
-1a5
e5
-37e
-1c4
-1da
-1e0
-da
-57
-21c
-398
b
-58c
-dc
-f0
-3a7
-6
-ba
-a5
151
-12a
-168
-3f5
-625
-85
-27
-358
2b
-33
440
3ab
-3dd
-f6
-c1
1b0
-401
-2a7
-18b
-12a
-17
-1b3
-102
-2be
-92
-5ae
-258
-55
-3a7
c1
-3d
-79
8d
-17
-1a0
-34e
-663
-2d
-17d
-3cb
-a9
-6e
27a
20f
-3d5
-ab
-2bd
115
-390
-303
-25a
63
60
-21c
-1a5
-27b
-1a0
-422
-27e
-66
-3a7
13c
-21
-a7
10e
-435
-a5
-27f
-690
-26f
-239
-34d
-5a
-71
216
-44
-378
6
-529
43
-2d7
-24f
-3aa
1d7
143
-323
-233
-1c9
-5c
-48d
-215
-d4
-3a7
11c
-156
-81
107
-866
-8b
-310
-3b4
-3c2
-183
-24a
9a
60
9d
-34b
-56e
ba
-3fa
-15
-3d0
-106
-285
1ee
3c
-269
-2cc
-ad
52
-685
-ec
-198
-3a7
c7
-a9
-9a
1d3
-47c
-125
-32e
-337
-1fa
-1ed
-2c7
2d
-c4
17
-126
-31f
8b
-3da
1fd
-505
-b7
-13e
e3
78
-177
-388
-ad
-aa
-50b
-27b
-c4
-3a7
17d
-10c
-163
13b
-3fd
-11a
-1f2
-30c
-552
-1ff
-471
4c
78
243
-2dd
-71b
16b
-554
146
-52c
-1f2
-3a3
167
2c5
-1d7
-26a
-ea
-22f
-4f4
-2f4
-247
-3a7
1a3
-183
-1fd
11c
-876
-12f
-284
-4a5
-190
-13c
-114
-10
75
-b
-e5
-782
5f
-485
d7
-79b
-f8
-125
4a
248
-455
-29b
-48
-176
-a6a
-20e
-252
-3a7
82
f
41
115
-2da
9b
-124
-4e6
-1c6
-24b
-3ca
-58
-5d
123
47
-3cf
14
-bc
10
-8c1
-145
-186
158
226
-1a0
-280
-ce
-c7
-5ba
-3e
-a5
-3a7
65
-45
-10f
b1
-6db
-94
-359
-2b2
-d4
ee
-288
185
-a4
-bf
-167
-491
-8e
-88
-b1
-303
-8f
-8c
f1
28
-189
-455
-2b
-36
-7cf
-69
3f
-3a7
29
-94
-70
75
-246
-bc
-3c7
-26d
-154
117
-3b5
148
-174
3
-108
-409
18
-74
122
-56c
-14a
-132
a1
-1
-1db
-111
0
-10f
-4e4
-9f
d
-3a7
-1
-eb
-4d
c8
-f2
-14c
-330
-2b4
-6a
ee
-3c2
197
-e8
79
-ff
-5ca
a5
-142
11c
-243
-ee
-e2
fb
104
-222
-288
-22
-143
-31b
-1c4
-f3
-3a7
8a
-1e3
-a9
16d
-366
-170
-2d6
-40a
-165
-19
-3d7
fe
e6
-59
-b3
-5c6
6d
-3a9
a2
-28c
-eb
-21e
c0
1ea
-1eb
-2d5
-b3
-31
-510
-25b
-198
-3a7
dd
-1e4
-dd
1df
-5ff
-124
-384
-498
-1b7
-101
-253
34
10a
37
d2
-4ec
51
-258
15b
-67e
-15e
-153
-12
de
-1f5
-362
-137
-88
-70e
-309
-1ca
-3a7
88
-52
-129
163
-160
-89
-39a
-472
-6c
-140
-40e
-28
-3b
1fe
2b9
-29c
-95
-dd
192
-81b
-34f
-18f
36
16a
-133
-176
-22c
-175
-65c
-209
-1d
-3a7
d
-10c
-1ec
182
-24
-1c2
-510
-37b
1a
-c3
-1ee
-68
-b3
120
657
-58f
-e7
da
2ec
-489
-177
-2d0
-d1
46
-183
5c
-240
-c9
-4ca
-35
-c5
-3a7
a3
-2d3
-1f7
109
-80
-263
-3ec
-531
-128
63
-156
-26c
a4
-1d9
61c
-7f6
35
109
47b
-4f7
-125
-140
-ed
-17d
-32d
58
-2de
-59
-4b1
69
-2fb
-3a7
235
-32a
12c
-84
-41f
34e
bf
-861
-395
2df
-2d4
-3eb
42b
-2ec
-d7
-4fa
f5
-16
22d
-62c
-317
-102
-36
-240
-422
-2ed
-3ab
-7e
-6ba
16a
-3bd
-3a7
228
-2de
58
-a3
-5bc
60a
-1ed
-9a6
-29d
60f
-22b
-2b6
15a
-f6
-3fd
-3e6
-64
-218
166
-40c
-3e1
32
-1a5
-279
-583
-2d7
-2b6
-26
-a
-28
-14e
-3a7
10b
-1e1
-157
-2a9
-413
2b2
-4d9
-846
-ed
6db
-15a
-89
48
-1d2
-3aa
-305
45
-3c4
94
-566
-63a
40f
-2ac
-20d
-5ba
-30a
-17d
-19e
-181
-17b
-6e
-3a7
1ed
-7e
165
-3bc
-18e
-f9
-748
-51f
-3d9
457
-44e
137
-91
-415
5b
-232
-12
-462
-386
-38d
-7b5
69f
-40e
-102
-24e
-5d4
11
-2f7
-3de
-393
-18e
-3a7
21e
-171
152
-1b4
-260
-6ec
-7a3
-1fa
-382
199
-4eb
2dc
-15d
29c
4d5
-a08
-19f
-3e8
-114
-13e
-64a
cd
-577
-152
1ad
-682
-187
-1b5
-319
-119
-39c
-3a7
182
-109
5f
-62
-14a
-4c3
-4bd
-492
-207
1a9
-3d3
270
-29e
602
690
-958
-1ce
-2a5
17b
-1d3
-488
-218
-3bd
-29d
-170
-402
-3b4
-3c
-18c
-101
-1ca
-3a7
18f
-fa
148
5a
-24e
-139
-3fa
-709
a
2cf
-2c9
1f6
-e1
295
6c8
-4f4
-4e
-241
1b
-3f4
-4db
-24d
-2ad
-28b
-446
-2a2
-40f
-29
-38e
-2db
-204
-3a7
b1
-139
1ca
2d
-2a4
-69
-504
-767
83
29e
-143
ea
96
96
717
-3aa
-79
-21d
-de
-777
-5ab
-268
-260
-f3
-4bc
-336
-405
-42
-62b
-3a7
-3f
-3a7
c4
-1b3
109
20
-38b
-17e
-59c
-60a
-7
ef
-14d
38
10d
12d
824
-3dc
-183
-17d
7a
-6c6
-562
-13f
-268
-18b
-3d0
-211
-366
-13
-684
-386
-70
-3a7
82
-2e1
116
-a8
-bd
-117
-48a
-50c
-3c
b7
-1d9
-124
-1c
8
71d
-553
128
-162
243
-791
-582
-103
-187
181
-317
1f2
-397
-20a
-527
-1cc
-bb
-3a7
156
8d
216
-26a
ea
2c8
-26e
-5a3
-19b
9f
-167
-331
-292
-155
165
-7d7
215
-107
15d
-98d
-32b
-1a5
-115
2a0
-5c7
1da
-3fa
-436
-5da
1e3
-216
-3a7
21f
41f
26b
-408
7c
465
-bf
-549
-1e2
11d
-366
-365
-183
97
-42d
-9ab
1c9
106
-44
-81a
-335
26
-169
244
-418
-3
-1aa
d
-735
347
-515
-3a7
232
286
-a8
-281
-283
245
-131
-2f0
-67
50
-642
-1d1
-204
-156
-598
-bf4
b
-a
-17b
-2a1
-3a5
-110
-383
269
-1b4
-1e4
-3f
15c
-9be
326
-36c
-3a7
177
192
82
-1ee
-56b
199
-1b5
-5c3
f6
35
-5c7
-209
-146
-d7
-5f8
-a0e
-88
12
f0
-29b
-3ce
91
-162
-be
-67
-6a8
-bf
4dd
-7fb
2ae
-231
-3a7
fb
-ef
1f1
-16f
-2b8
-11e
-3b1
-2b1
-a6
186
-725
-c8
-22d
-249
-4e4
-87b
-cf
-1ca
1b9
-203
-438
131
-c9
4a
223
-46a
-a2
322
-58c
-50
7c
-3a7
117
-153
2b1
71
-145
-35b
-5ab
-546
2a
-d6
-4f9
-32
-79
28f
-3e
-8aa
-1e5
-362
1f7
-a5
-a4
b7
-1a0
-194
555
-543
-292
12f
-3f1
3c
-1ac
-3a7
22
-124
7c
1c1
-42
-332
-483
-6dd
12
-11d
-3d2
-cc
4a
73a
37e
-4b3
-92
-1af
2da
-1ae
-8d
-205
-e5
-fc
2c8
-1ac
-2f6
85
-4b0
-194
-140
-3a7
76
-9c
-6b
11b
-6b
-13d
-3b7
-5ec
-48
-c8
-3fc
-69
-97
36d
2ae
-34a
-c9
-2bc
16d
-2ef
-34d
-1f0
-13
-32
-178
-257
-28e
-186
-4bc
-2ce
f
-3a7
11c
-3c
-5f
130
-38b
-67
-290
-6cc
-271
-1b4
-393
-38
-57
20b
4d
-2b9
2c
-4df
80
-2f7
-317
-361
1dc
18a
-326
-1ef
-1cc
-62
-427
-25a
-78
-3a7
135
-145
-92
12b
-817
-95
-332
-3f8
-39d
-146
-1d8
9e
3d
a0
-327
-516
104
-421
3
-3e7
-de
-26b
1e6
4e
-28d
-2bc
-95
61
-65f
-b7
-1c8
-3a7
a8
-a3
-bc
1eb
-46b
-ee
-2d5
-394
-1e2
-21e
-2a0
1b
-71
-2
-fe
-2bb
a4
-461
247
-4cc
-45
-14f
11f
8b
-18f
-2c7
-74
-35
-556
-279
-6e
-3a7
17d
-178
-150
181
-49f
-d1
-1ef
-3b9
-539
-21e
-3a9
67
92
214
-2b9
-6e4
1c3
-5b2
173
-555
-181
-3bd
1ae
287
-1fc
-2d1
-b9
-1cb
-4fd
-326
-232
-3a7
178
-cb
-1a9
113
-887
-cd
-28e
-450
-141
-ff
-6c
11
4d
-6
-40
-725
4b
-4a7
102
-7fa
-12c
-187
7d
243
-418
-30c
-22
-163
-a66
-210
-1d7
-3a7
49
-5
2d
118
-357
64
-15b
-476
-211
-223
-341
-36
-1e
fb
51
-437
-17
-b3
24
-8a9
-11d
-187
14b
1a5
-207
-25f
-fb
-fe
-5a6
-5f
-91
-3a7
6a
-d
-137
bd
-725
-69
-326
-2d8
-cd
e1
-28e
18f
-88
-b7
-168
-478
-8a
-8f
-ad
-2cc
-a5
-92
f6
5e
-148
-3ef
-3f
-46
-7f8
-32
22
-3a7
27
-85
-ad
9f
-24f
-f1
-3c4
-28b
-167
e4
-36b
148
-1a3
-9
-139
-3c1
-13
-39
13c
-4f0
-c5
-ed
95
-40
-224
-14f
-1a
-ef
-43b
-98
26
-3a7
-26
-f0
-79
123
-f5
-173
-31d
-2e5
-68
a6
-33a
192
-99
59
-ad
-530
b6
-135
168
-1e4
1c
-f5
ea
10b
-22b
-282
18
-da
-2b3
-1cf
-bf
-3a7
b4
-1c4
-e3
152
-350
-154
-2db
-3c9
-198
-3a
-3a6
192
10e
-1f
-70
-5d1
a4
-3ec
129
-29d
-4e
-17c
a7
21d
-1eb
-284
-b1
-93
-571
-2aa
-1ba
-3a7
ab
-185
-f4
1fd
-692
-cf
-2de
-4db
-11c
-82
-22b
54
12a
69
108
-535
60
-2ce
1ba
-67e
-13f
-119
-5a
11b
-228
-387
-173
-14
-811
-29d
-19f
-3a7
81
-c1
-dc
17f
-170
-ae
-3f0
-42b
-d8
-eb
-3f9
-52
-5f
179
36e
-319
-bc
-c7
271
-7d9
-35a
-1e3
2e
fb
-e6
-17d
-1f7
-171
-56c
-1ec
-32
-3a7
a1
-1bb
-22a
184
99
-20a
-447
-305
-6f
-dd
-1b9
-bc
-3e
2a
62b
-87e
67
c7
36b
-4cd
-2bd
-23f
-15
dc
-110
-17
-25e
-196
-616
-12f
-26f
-3a7
1f3
-236
-46c
-25d
-273
195
261
-49f
-3a
36
-175
-325
612
-1a2
-165
-73c
54c
8d
-da
-63c
-3d7
-2a6
-51
200
-301
-238
-325
7b
-1166
2df
-7a4
-3a7
2f6
17
-3a5
-290
-c3c
943
6d0
-2fe
-bd
261
-53a
-55e
11e
-5c
-c6d
-64b
148
-90
-5bc
-4a2
-a01
-274
-ca
9b
-22d
-606
-3a7
102
-12a5
957
-59
-3a7
3b3
-7c
-32b
-fe
-807
78
117
24f
-14b
3f
-711
-3cb
-719
ea
-bf2
-6e9
-a1
45
-372
-1ec
-409
20
-f1
-36d
-1ea
-2ff
-16d
-55
-9e1
597
17
-3a7
21e
-38
-237
-219
-141
-159
-77
37c
-304
-282
-7ef
-aa
-40a
14f
-adf
-734
137
25e
-162
-4ff
-24c
-274
e3
-db
-438
-364
168
-331
-60f
2f8
-165
-3a7
28e
-29c
-240
-33c
-1b1
-1a8
-344
1d5
-41d
-348
-9bd
294
-180
-49a
-b01
-339
-2a
12d
-83a
ce
-1e6
73d
14f
-142
-31a
-423
34f
-263
-6e0
-22d
-42b
-3a7
2fb
-547
-1c0
-27c
-46a
-65c
-932
1d7
-20a
-376
-b15
4d9
-294
-5e7
-40e
-4b0
-b1
-ba
-718
da
-53a
61d
-37e
-dc
7ce
-80d
2cb
-1c1
-d2c
-1b3
-450
-3a7
195
-204
-148
-a9
-10d
-659
-63c
-7f
-b8
-1cc
-56e
266
-2de
38b
1d6
-b03
-1d8
-a1
83
-15b
-269
-fb
-1ff
-276
591
-6e5
-15c
-15c
-6ec
-8d
-224
-3a7
eb
-ed
-ff
b4
134
-407
-3ea
-32b
-1b6
-c2
-4da
5e
-1cc
523
37b
-755
-1c7
-9a
2a4
-26a
-1fc
-25d
-15a
-e0
-142
-176
-349
-158
-467
-1f8
-119
-3a7
174
-159
-72
12
60
-277
-4e6
-548
-108
-3e
-43e
28
84
17a
378
-49b
-123
18
12f
-421
-2da
-1cf
-af
-93
-324
-ef
-3f2
-cd
-55a
-160
-2dc
-3a7
141
-209
-84
-72
96
-1af
-49c
-503
-40
-1b
-201
-1af
ca
19b
504
-59f
12
-25
16e
-477
-2e7
-a6
-1d4
-1d5
-2d9
-16b
-2d1
-1d0
-7ac
-2d9
-249
-3a7
1c2
-46
-ad
-274
22c
131
-12c
-4b3
-df
-1d9
-2d1
-30e
-19a
-25
212
-62d
2cb
-70
fd
-769
-498
-13d
-fc
540
-376
-6f
-265
-43e
-74a
-15e
-1c0
-3a7
2fd
654
-178
-375
-70
44d
18f
-562
-13
-5d
-275
-26e
-28d
-5b
-577
-a7f
11b
-9e
-ea
-757
-2ff
-253
f3
4b6
-3e4
-30
-1d9
-71
-837
3f7
-47d
-3a7
31b
457
-53c
-184
-3d2
18a
210
-4a9
7e
-30d
-410
-1a3
-14b
366
-9e6
-b1a
-9e
-1
-244
1da
-4b
-ce
271
90
-18b
-14c
-92
249
-8c4
622
-41d
-3a7
3b0
209
-811
-67
-4bc
-22b
122
-227
2a8
-50a
-57e
1ea
-397
7c
-659
-7f7
-26
97
-1d6
361
12b
df
-38
a2
51
-56
85
1d1
-a0f
-1c
-3c4
-3a7
302
4b
-752
-f8
-721
-60
-3f
-347
17f
-415
-32f
d5
-1c5
-2af
-84e
-972
-111
24f
-fc
-63
-2db
-168
2dd
73
-291
-432
fb
e1
-752
216
-25
-3a7
311
-15c
-38e
-1f1
-39d
-11e
-1c7
-d
-14a
-411
-5bf
98
-45b
-689
-676
-503
79
1f3
-19e
-225
-d
4c
88
ca
-205
-e7
33f
-76
-57a
-16
-89
-3a7
218
-1a8
97
4a
-348
-20b
-48c
-396
175
-2cc
-542
204
-156
-4eb
-2cb
-92c
-e2
-11c
e
-3d4
-f8
8
-149
-10b
478
-823
74
468
-74a
-1a6
-1c1
-3a7
9c
-1c3
4d
1f9
-146
-2c5
-3c6
-618
1b7
-1c8
-628
4e
32
3bb
33f
-53a
-98
-2a0
2e1
-154
-26c
-e8
-48
-187
674
-5a7
-36f
1ed
-62f
-14b
5c
-3a7
53
-8e
-87
17f
-68
-1af
-392
-5dd
4a
-14c
-383
-cb
-fc
407
348
-349
-69
-2ed
195
-26e
-2bc
-250
1c
-43
-6a
-23c
-2c9
-15b
-4b1
-2cb
134
-3a7
13a
44
-9a
fd
-287
-7f
-30a
-61f
-255
-141
-374
5
-2b
240
5d
-2ec
43
-48f
1d
-377
-320
-409
239
129
-316
-1af
-186
-24
-467
-1fe
-80
-3a7
131
-15b
-a4
101
-846
-eb
-2d0
-366
-341
-ad
-274
11c
39
ad
-348
-53f
10f
-42d
22
-30c
-15c
-240
1b8
-2e
-297
-347
-95
5f
-6be
-68
-178
-3a7
e8
-9e
-98
21b
-425
-190
-26e
-304
-1bd
-194
-2b8
25
-cf
-56
-91
-321
8f
-4a2
2ac
-423
-ba
-132
107
49
-204
-28f
-84
-9b
-560
-280
-4c
-3a7
161
-155
-b6
1a1
-4b1
-9d
-1dd
-420
-4f8
-17c
-32f
33
ad
1ef
-241
-735
170
-5ec
192
-566
-189
-340
18a
22c
-259
-317
-cf
-17e
-4e0
-31f
-217
-3a7
133
-114
-141
115
-7c6
-e5
-2e1
-449
-1b4
-65
-125
45
79
6
3
-700
-2
-4fa
12a
-7a2
-1d6
-fe
23
241
-3e1
-30d
-2c
-125
-9b9
-236
-1a6
-3a7
29
-64
5a
104
-2fb
49
-199
-45c
-21f
-1a0
-316
2
35
10a
8b
-475
38
-c8
6
-817
-128
-177
10d
1e5
-1b0
-27b
-f5
-110
-57f
-4a
-10d
-3a7
52
-b
-102
9a
-728
-7e
-342
-2ed
-c1
e6
-2ac
1a7
-aa
-c4
-141
-46d
-aa
-88
-bc
-300
-ca
-8a
e6
57
-176
-3e4
-52
-4c
-7c2
-38
2e
-3a7
23
-d9
-32
9e
-1f3
-111
-3c4
-2ab
-15c
11c
-363
161
-14e
-57
-fe
-40c
3
-39
16b
-4f8
-11e
-115
b1
-84
-22e
-16b
-1b
-dc
-3fb
-e0
-24
-3a7
d
-109
-30
118
-162
-f5
-361
-2a3
-8c
b9
-335
198
-8b
5d
0
-519
b4
-119
1ca
-22a
-c9
-110
c5
ca
-256
-1fd
-4a
-115
-27f
-1e8
-f6
-3a7
a4
-141
-8f
16b
-2d6
-121
-2d4
-49a
-11a
3
-2d1
16e
109
28
-21
-611
f0
-408
13c
-312
-11b
-1b6
93
1f7
-266
-253
-e4
-18
-584
-2f7
-1ea
-3a7
af
-126
-cc
201
-757
-d9
-2f2
-4f2
-f7
-82
-1d2
ab
155
65
10d
-4f7
-5c
-2ee
139
-62e
-1f4
-ae
-49
f2
-257
-357
-1c6
-33
-7fa
-21e
-10e
-3a7
59
-e7
-154
1ad
-ec
-a5
-42c
-461
-6b
-ea
-330
-73
-99
16a
3fa
-387
-8
-97
283
-7b8
-326
-189
63
f4
-b2
-221
-18c
-1a5
-565
-217
-3e
-3a7
c5
-42
-3c8
-73
-2e
-131
-110
-355
3c
-38
-229
-71
106
222
2b8
-893
293
-21d
-15
-3e3
-39d
-1af
e6
25a
-c
-30a
-16b
3b
-e01
-2d1
-2f5
-3a7
124
22b
-2c8
-15a
-624
20a
628
-2ff
162
-bc
-17b
-325
51e
108
-5f1
-535
25c
-4b9
-8bc
-104
-62e
-100
148
656
-11
-4e5
-18c
-13f
-1137
511
-2b3
-3a7
358
2d9
-16c
25b
-d61
228
367
-79
-303
-505
-279
-618
-59b
-9f
-df0
-3ef
-322
-3bf
-acc
-31a
-15b
-23a
3c7
-b3
-2c3
-4cf
1e9
-77
-590
64c
361
-3a7
325
1de
-1d4
2ac
-1eb
-3ab
-107
3e6
-39b
-6c6
-39e
-1f4
-5fc
-ec
-a15
-56e
384
6f
-31e
-4f3
568
-1e8
474
-1bf
9
-2dc
386
-22
-665
129
-47
-3a7
3d6
-d3
-458
25f
-134
-24a
-282
59c
-4bf
-7eb
-451
122
-2d8
15b
-7ae
-75b
2c3
34f
-183
-413
2af
-450
5b3
181
-db
-320
3b3
-3fb
-798
240
-1fb
-3a7
27f
-7be
-5c3
1e8
-130
-250
-23d
390
-283
-7a2
-315
203
6d
219
-967
-2f5
157
23e
-5f8
164
633
-509
4dd
-e1
-742
1b5
690
-130
-3b7
79
-34d
-3a7
224
-a07
-415
23
-4cd
-5c
-53f
149
-123
-5d9
-c21
60b
91
-645
-743
35d
21f
-86
-8d1
62
-3b
3e4
-bd
-47
2d4
-252
41c
-1f5
-eb1
-4e8
-285
-3a7
150
-421
-198
-39
-34f
69
-573
-266
-37
-292
-898
440
-215
-347
-20e
-65d
4b
-29
-155
-432
-592
73
-53
-14b
50d
-5c6
-ad
-2bb
-d29
-1fe
66
-3a7
1ea
-f4
-c5
-de
1d0
-3ff
-315
-29b
-198
-2c2
-415
e4
-2bc
f5
11c
-a2e
77
11a
172
-307
-26b
-29b
-bb
-26
b
-3d7
-26d
-232
-4fa
-16a
-260
-3a7
2b4
-156
-c3
-8a
-6a
-38d
-285
-3f0
-1ff
-16a
-490
-15b
-104
121
-178
-b10
-69
57
fe
-255
-1fd
-1e2
-12a
-27
-257
-39b
-1f5
-cd
-51c
116
-381
-3a7
201
-141
-1ef
13
2bd
-270
-12c
-6a5
-15b
-282
-50d
-2b0
-c5
18b
b7
-6c8
1b5
5f
-35
-3a0
57
-39
-21c
-e8
-d3
-56a
-26d
-2ce
-9fc
-177
-3ac
-3a7
253
35f
-341
-287
-194
28a
101
-4bb
-164
-33
-2bd
-3d4
-23b
13e
-385
-649
154
da
-ec
-806
-492
-a6
b8
67f
-3e3
-23d
-51
-5db
-97c
41
-288
-3a7
307
5b1
-252
-132
-42f
2a1
106
-3f2
d3
-14f
-434
-1dd
-2f6
-e0
-880
-7f1
-293
-14e
-320
-437
-260
-1d7
11f
366
-3ce
-267
1f8
1eb
-990
3e0
-388
-3a7
331
-17c
-2de
1b8
-569
-28f
-38
-4b5
119
-3fa
-23b
33
-330
21e
-636
-991
-144
-228
-2
1fd
-b6
-45b
2db
-1f0
1b1
-3f9
-12d
400
-148
34f
-94
-3a7
22d
-1a4
-f2
186
-11a
-45b
-43
-203
10d
-399
-376
130
-29d
-7a
-2aa
-56d
195
-335
-22c
156
137
9c
1b0
-66
-39
84
-10a
-137
-6a4
-287
-138
-3a7
23f
-289
-245
1d7
-6d9
-c8
-3f3
-218
-372
-4e3
-83
1bf
-156
-230
-3b7
-536
-21
-148
-226
-447
-282
-368
478
1f0
-da
-f7
-68
-440
-493
112
-b
-3a7
1dc
-1d9
-393
1d6
-89
-1a9
-128
17f
-270
-3fd
-ef
185
-2a1
-293
-3a5
-402
1ff
ee
-e3
-33d
53c
-f7
22f
f2
-458
5a0
274
-3d6
-47c
-1a
-3cb
-3a7
b3
-142
-73
213
-435
2ef
-36e
-3ef
173
-22d
-44b
326
e5
-5b4
-1b8
-26b
-107
-16
-2f
-4e8
-2a4
-21
-122
-3e
3
-346
184
431
-c33
-2b2
-17e
-3a7
24
-2d3
-59
27f
-216
-ab
-41a
-594
1b5
-1ab
-4ce
164
-4c
ae
33a
-37c
-a1
-212
381
-2cb
-4dc
-e8
-148
-1ff
4f7
-5a4
-3be
2dc
-7b7
-281
27f
-3a7
5d
-63
e
1b5
-86
-175
-35a
-589
57
-15c
-3a6
-a3
-140
38b
3b0
-32c
-34
-2c5
240
-2e4
-315
-1f5
92
-64
4c
-1d6
-334
-131
-432
-2cc
14a
-3a7
150
-73
-68
147
-24e
-a5
-317
-640
-182
-20b
-317
-5d
30
2a6
41
-333
a2
-49e
-38
-2fc
-258
-4d7
2da
10e
-184
-1f7
-1a0
39
-3d7
-121
-b0
-3a7
188
-122
-152
1ac
-800
-125
-2cd
-499
-2e9
-177
-163
8
-156
81
-203
-697
43
-44b
-13
-2ad
-1cf
-456
345
-13e
-295
-2bb
-124
-26
-7a5
82
17
-3a7
175
-eb
-46
290
-2b7
-280
-1d7
-520
-2a1
-214
-21e
-5a
-dc
-1a0
30
-439
61
-35f
2ef
-3f6
bf
-75
a4
-76
-339
-384
-1a3
-10b
-4f9
-21d
-238
-3a7
21d
-18f
-1b
145
-367
-12f
-29e
-6c7
-3ec
-23e
-135
-56
ff
12e
-296
-745
120
-57b
28c
-435
29
-1e3
-57
60
-3bd
-2f8
-e4
-140
-248
-457
-344
-3a7
17d
-f1
-19a
d4
-83f
7a
-2cd
-4eb
-1a3
-10e
-1b4
-12
50
9e
-197
-70f
a3
-4fb
16a
-7f9
-27b
-159
20
299
-253
-361
-2d
-cb
-9c9
-2bf
-113
-3a7
64
19
56
10c
-2d2
-a
-d6
-36c
-1f8
-1ef
-3a0
29
-3
f6
-23
-486
31
-8b
9
-7ab
-ec
-131
104
202
-180
-2d6
-87
-b0
-677
-28
-108
-3a7
66
-93
-243
9c
-806
-189
-330
-360
-14e
d9
-39d
166
-6f
-9e
-a2
-4e8
-12e
-80
-41
-299
-1bf
-1f1
16c
-11f
-1ce
-28a
-a2
-8d
-941
6a
-60
-3a7
b4
-151
-145
147
-b2
-1cd
-3f8
-322
-164
ed
-37a
ef
-147
-4b
98
-43e
-b3
-4a
170
-34c
-1fe
-131
1a1
-158
-341
-12d
-c9
-155
-59a
-1b0
-14d
-3a7
d5
-ca
-f7
155
-1d
-c6
-348
-3af
23
e8
-354
120
-b0
-2
13a
-58b
4b
-142
19a
-13e
-1b5
-e0
14f
62
-1b0
-1bb
-147
-a1
-37b
-22c
-1f8
-3a7
f5
-f5
-5c
107
-f9
-93
-2b0
-47c
-34
39
-253
ce
f4
-49
14
-692
92
-422
10e
-208
-20e
-15e
49
1a4
-317
-28f
-12a
73
-450
-3cb
-222
-3a7
da
-122
-b7
1df
-75f
-a1
-324
-486
-ad
-6e
-300
91
113
0
7f
-505
-33
-34d
159
-5f8
-33a
-55
-b9
129
-1c9
-316
-15a
53
-826
-2ae
-be
-3a7
41
-b0
-110
1b9
-24
-117
-3e6
-408
-4f
-101
-3af
-3c
-e7
203
3c9
-36c
5
-10a
259
-7cb
-2fb
-cd
e0
104
-4f
-27f
-13c
-142
-5fe
-244
-19
-3a7
-25
b7
7b
-188
-11e
31
24
-381
11c
e0
-2be
-eb
94
372
5f
-4cb
2bb
-4f9
-179
-39f
-472
-281
24e
2aa
-16b
-44e
71
3c
-d05
-27b
-c4
-3a7
1bd
21f
333
13f
-742
a4
2f2
-159
-7b
-19b
-1e9
-b8
cc
-7f
-6b2
-292
-a3
-769
-5f8
-235
-53a
-133
34e
592
-2c0
-829
289
-26b
-25a
bf
2ac
-3a7
1a2
-42
218
3bf
-632
-418
-5c
-243
-401
-424
-74
1c
-336
-66
-4cb
-2d6
1c8
-5e1
-1be
-9d
5a7
-1ce
5a1
-ed
-124
-3c2
330
-18
510
30c
c2
-3a7
1d5
-176
2
335
-1f5
-38f
-e4
-38b
-3c0
-453
116
c0
-94
-db
1a5
-5a6
404
-48d
21f
-195
718
-126
27c
-7b
-ae
-4ae
314
-8e
-14f
-c7
-2e6
-3a7
2cd
-2a6
-272
454
-562
-137
-142
-5dc
-2e1
-436
-5
14b
-20c
-1e4
41
-7bb
296
-170
229
-1b7
2cd
-243
243
188
30e
-820
236
-68
-602
-92
-121
-3a7
2a3
-70e
-3b3
375
-325
-2a5
-d7
-46f
-3b2
-535
1f7
72
17e
-dd
c0
-665
26b
cc
381
-47d
62f
-406
1ad
24
-3e1
-20f
3f4
-295
-173
8d
-342
-3a7
1e0
-7f1
-3a7
169
-663
3ee
-df
-567
-1dc
-3ec
-287
12e
579
-1ad
-56a
1ac
2e5
-33
-317
-71f
11a
-10
-12
-6c
-251
-5f
22e
-11a
-6d5
-2e9
-443
-3a7
c9
-360
-36d
5b
-8de
6b0
-2fa
-385
-287
-d4
-92f
2a0
-39f
-234
-67e
-17b
-7d
-2ab
-23c
-278
-823
87
5d
-ed
fd
-17d
-165
-1d8
-105b
-1b6
462
-3a7
139
-1a9
-28b
-ef
-1e8
-245
-ff
-206
-292
-2d7
-3ce
1d7
-226
-163
-2dc
-783
f1
-f0
-16c
65
-9a
28
-92
-108
10c
-c4
-1ba
-1f8
-970
-cf
-387
-3a7
235
-1e7
-143
22
-4ab
-1d4
-1ba
-37c
-295
-2ac
-292
-2e
-14a
-16
-389
-956
11d
-aa
-fa
-42e
f9
-15a
-16c
-bf
-ef
-38f
e
-12d
-7fe
-dc
-46b
-3a7
1f8
-117
-168
-e
-a5
-7a
79
-4d3
-1bf
-2ca
-1c4
-1e5
53
a8
-4c5
-7d7
17c
-c9
-291
-59f
101
-1bd
-b4
f4
-34
-4d7
-147
-196
-9dc
-4c
-342
-3a7
21d
469
-3d9
-7f
-821
297
82
-444
-1ba
-197
-47
-24d
-1be
309
-644
-36b
-136
-ab
-382
-6ef
-23b
-1e1
1dd
514
-455
-de
19c
-472
-9fd
11b
-229
-3a7
1ce
359
-260
38
-63e
ad
-151
-24a
b1
-b9
-db
3
-2f0
-448
-6b9
-3a3
-2cd
-5b
-1cd
-484
-16a
-127
100
235
-425
-2b9
3e9
267
-63f
1ab
-19d
-3a7
27a
-31b
a3
9a
-7d9
-1cb
-468
-40f
-1fa
-326
-1c0
a2
-2bf
-5d5
-386
-842
-194
-347
188
-1f4
-173
-1be
139
-1c2
232
-4e4
-cd
29b
-264
1cf
169
-3a7
1e3
-300
2ba
211
f0
-20c
-260
-735
-35
-2b6
17d
-1dd
2a
-24c
-11b
-572
319
-597
302
-363
425
-142
23
44
-98
-248
-183
-82
-241
-180
-2cc
-3a7
2fd
-224
14f
2ce
-7ce
266
-40e
-9b2
-37d
-2b1
-b9
b
-17
-2ef
-2b2
-3b1
80
-578
172
-561
89
120
1df
87
173
-319
-88
-15c
-3f1
-243
-e5
-3a7
215
3d
-17a
35c
-6a
162
-29
-763
dd
-1aa
59c
be
12c
f6
-a9
-5af
303
-24d
390
-481
476
-23e
-141
337
-2aa
112
-6d
-126
-296
-b9
-520
-3a7
b3
-27
-273
241
-71b
426
-33f
-8ec
3a7
-e6
-9b
10a
285
-331
-1e7
-30
-218
-c0
-3d
-45d
-1d5
1e
-28f
-12c
-35a
-2a3
-83
5d9
-6f7
-1c7
-7b
-3a7
-1c
-22d
-1a2
202
-3e1
85
-3b8
-5d3
25a
-df
-50e
af
-48
-ab
320
-1be
-c5
-157
300
-321
-68f
-101
-164
-23c
278
-4ae
-3fc
2e2
-75a
-2f1
4c2
-3a7
a6
-ac
-78
18f
-104
-1a8
-2d7
-5a8
b7
-161
-3ea
-71
-15b
1fa
3e7
-264
-15
-244
291
-37d
-32b
-204
ac
-c7
-a0
-1e9
-358
-12c
-585
-27a
18f
-3a7
cf
-141
28
152
-34b
-41
-32b
-71a
-eb
-141
-27b
-79
-a3
1f5
101
-27e
-1d
-4a7
19a
-2c6
-338
-2e3
18a
7b
-2ca
-2dd
-191
43
-37c
-220
3f
-3a7
1aa
-38
-123
f8
-8e7
50
-2b5
-562
-3d4
-d3
-89
9e
-10d
98
-a8
-746
-e9
-48b
56
-4eb
-2f6
-3b0
103
-221
-260
-2f5
-207
1c
-5a9
-150
-147
-3a7
249
-1c4
-8a
28
-30f
-98
-1d4
-785
-23c
-f8
-4f
6a
148
-8a
-8d
-65f
39
-3a9
1bf
-453
-16f
-22e
-166
-2b6
-56a
-128
-384
-cc
-23a
-2b4
-318
-3a7
242
-249
-9b
e6
-4ee
16
-3ac
-8c8
-1aa
-1ea
1d9
-16
d3
10d
-7e
-455
1b3
-6a1
-b5
-580
-2ac
-2b2
-20a
-180
-445
-403
-24b
-119
-3a4
-54e
-20f
-3a7
145
-1c2
-1cd
10e
-a24
43
-438
-6e0
-10b
-248
14d
-1c
1f
94
f6
-43d
97
-595
7d
-8b6
-327
-36d
dc
17f
-413
-3da
-16e
-ea
-a5e
-3e9
117
-3a7
8e
5c
118
93
-468
47
-221
-2d7
-190
-1cf
-43
da
63
-1d
5d
-48c
60
7
-83
-797
-89
-1b6
116
155
-321
-2e9
-96
-89
-72f
19
-fc
-3a7
102
-136
-288
12f
-867
-9e
-38c
-2fd
-1e5
a5
-32a
137
1a
-56
-2
-5c7
-13b
-16a
-a0
-25b
-17c
-1b1
16d
-14e
-c6
-2bc
-242
-29
-83c
d7
-15e
-3a7
10c
-138
-1ab
12a
f8
-b4
-49f
-48f
-1a0
f7
-1a5
6e
-15d
4e
64
-4cc
-2d
-69
1be
-420
-1dc
-1d3
a4
-164
-2b8
-7f
-2ca
-14b
-3f6
-90
-208
-3a7
17a
-b7
-151
9b
df
-ee
-436
-5b1
1b
25
-214
af
-45
7d
191
-527
-4d
-1c4
1ef
-1e3
-272
-9c
31
-118
-149
-1c7
-2e0
-ee
-2f7
-239
-315
-3a7
14b
-1db
-9c
123
58
-121
-3b5
-717
37
-1f7
-3e
4f
c3
100
15a
-4b4
6d
-4a0
10b
-28b
-1fd
-1b6
-be
-31
-2fe
-2ba
-2a6
-74
-3b0
-579
-227
-3a7
15b
-134
-17
1c7
-93c
-5a
-4a4
-5b6
-f0
-1cd
-a5
7d
110
-3
1e5
-243
e
-414
9e
-6bc
-470
-1ad
-2e
107
-2a6
-370
-210
-59
-a07
-402
a
-3a7
bc
-61
-b9
173
-14e
-8d
-409
-502
-34
-117
-21f
46
-49
18d
3ca
-294
6a
-fb
276
-754
-2fe
-94
143
90
-159
-2bc
-172
-10d
-6e7
-29d
c
-3a7
-56
ca
b8
-3c
0
fe
-23b
-44d
-59
-cd
-1f2
-9d
-d1
36d
215
-215
-8
-326
-21
-4f7
-23b
-40c
29f
20d
-304
-3a4
1fe
-b0
-658
-64
90
-3a7
92
50
1e5
-f6
-5e0
1e
-1e7
-378
-238
-51
-23c
214
-c3
-1dc
-48a
-28c
-44
-449
-327
-385
-2b8
-12f
37d
1bd
-43f
-5ad
52a
93
-2d3
-224
154
-3a7
35d
-2f3
172
74
-72f
-44f
-441
-51c
-2fe
-13b
-42c
54e
-1f6
-4be
-31c
-599
1eb
-524
-10
-14
-139
195
15a
-ac
a2
-5e0
390
6
-145
-30
-237
-3a7
2fd
-366
-15
34e
-3ce
-5d3
-12e
-935
-11a
-33e
3e6
37d
-36
-58
26b
-7df
396
-56e
2c6
0
51d
-fc
-14a
-21e
-42
-484
80
-70
b5
-19b
-459
-3a7
309
-3dc
-12a
2e7
-84a
-132
-42
-cd6
-28e
-229
6c6
25
1de
-243
243
-74d
1b4
-4f1
22f
-351
41b
-9a
11
-1cd
1d
-2fc
51
-7
-49a
-29b
-1bf
-3a7
4b2
-430
-286
91
-4d5
1a3
1e9
-d2b
-3c0
-108
913
-167
6dc
-3a9
-16b
-557
410
-2d3
-108
-733
347
-42a
-2ad
c7
-338
-2bc
90
-25d
-9b1
-30f
-56d
-3a7
271
-1bc
-29c
253
-a80
811
f8
-ec1
41b
-177
789
-433
41c
-289
-522
165
1e8
-280
-586
-975
-3bb
-1da
-248
-43
-4bc
-81f
87
-10
-48d
261
153
-3a7
14c
-12
-2ef
9e
-9f9
291
-1fb
-380
-217
-141
-3f2
-134
-63a
-8e
-4e4
356
-18f
-2fd
-1d8
-72b
-467
-19a
de
-32a
-321
-47a
96
44
-65e
-d4
63c
-3a7
142
-295
-68
-12a
-298
-a8
-289
54
-17a
-fc
-502
38a
-df
-155
-2ae
-49f
198
-1f5
-2a8
-18b
-75
-49
-84
4c
-e6
-195
-5b
-6c
-568
-fa
-19d
-3a7
b3
-3a4
-282
-3e
-56c
-22e
-395
-1e7
-fc
-37
-471
2c5
a0
-8f
-234
-5eb
1d7
-1c0
-25d
-150
-e0
-57
-22b
13d
2f
-144
-47
-22
-8f9
-ae
-3b9
-3a7
1c9
-88
-155
126
-592
-39
-1ba
-4f1
-db
-5e
-21f
bc
18e
-113
-2ae
-5c7
7
-3da
-2ad
-493
-260
-c9
-2
87
-1d7
-3b9
-c9
32
-75f
-11c
-1a4
-3a7
23a
37a
-3aa
1b1
-703
11b
-76
-542
-16f
-80
-58
0
-cc
32f
-211
-1dc
-154
-24f
-16e
-55b
-198
-207
372
208
-3ee
f1
-2c
-31b
-4a7
-c8
-7f
-3a7
276
27
-4f2
7a
-6a0
-5b
-117
-497
13c
-27a
-13c
32e
-d6
-269
-1e3
-94
-1ca
1f
-97
-34d
-70
-18b
c4
164
-809
-fc
291
17f
-212
48
-c1
-3a7
363
-1ca
-1dc
-134
-674
76
-151
-5c1
11
-e9
-26c
517
-1fa
-64d
-fc
-56f
12b
-27c
26
-345
-1e2
-46
-18
-10e
-1ad
-477
-ef
2bb
-590
-220
10c
-3a7
3c3
-d9
-d5
-63
-172
19
8a
-8ae
20b
-db
e8
275
4a
-4dc
e9
-891
1ec
-380
199
-5b2
-9d
-17c
-26f
236
-319
-5e0
-208
-1c8
b9
d
-1f7
-3a7
379
8e
-222
-95
-757
14b
-254
-b4e
21b
168
-47
318
-110
-355
177
-582
234
-514
b0
-497
-2ae
170
-2d5
-ca
-14b
-3f0
-1f0
24c
-231
-307
-262
-3a7
293
2d2
-267
78
-451
c8
174
-9a4
336
152
1e1
2dc
1e3
-77
283
-8c4
4c
-322
6c
-356
-315
-8e
-2df
27f
-115
-2d6
-489
-f2
-cb
-1a2
-336
-3a7
169
-e2
-242
19f
-690
68
-28e
-a18
59a
-58
30a
d1
179
-276
462
-20e
-174
-14b
-13f
-329
-2d8
-22
-266
-228
-3b8
-449
-29f
366
-2a7
-30a
51
-3a7
68
-1b7
-83
17d
-349
-43
-393
-615
1e8
-179
-253
-a8
-be
-20a
5e6
-128
-12c
-143
f3
-5cf
-5b3
-13b
-6d
-19d
-8
-332
-382
6d
-424
-3a8
428
-3a7
c1
-bf
80
16a
11
-1c4
-35a
-688
29
-12a
-2f9
-d1
-d0
eb
4fe
-357
-94
-220
1f2
-539
-302
-29c
ae
-44
-19c
-12a
-2fe
-145
-3fb
-202
25
-3a7
115
-66
-86
23
-34e
-2b
-417
-7c3
-19d
-e9
-416
-45
e
19c
7e
-2a7
-12a
-386
1c4
-3b0
-342
-237
91
1
-3e5
-131
-24e
-86
-3be
-167
-13b
-3a7
168
4
-15a
-18c
-8c5
-18
-2f1
-4b2
-3b5
12a
-505
110
-112
e8
-2bd
-51a
-aa
-309
f5
-37a
-594
-f9
-19c
-39
-29f
-147
-35b
3f
-7c6
-14a
-1b4
-3a7
207
-1b5
-107
-6e
-2a2
-94
-410
-5da
-b9
3b0
-4cc
76
-b6
45
-11e
-44a
-5
-314
-40
-546
-4dd
-1ec
-349
-177
-4c9
-264
-359
-1cb
-103
-1f9
-265
-3a7
14b
-24c
4
1fe
-15e
-d9
-45b
-755
a
281
-454
-41
-10
112
134
-418
db
-4f2
-1a5
-62d
-4de
-14c
-2b5
-140
-471
-3bb
-273
-292
-2db
-4da
-41
-3a7
c2
-1f9
-78
cc
-514
-7c
-46b
-793
-1f2
141
-d5
-56
61
161
2e0
-67d
8f
-4d6
-5a
-78d
-403
-287
21
18b
-421
-214
-17e
-ec
-508
-307
-13e
-3a7
35
-5f
12a
83
-3a6
47
-1ea
-3ad
-288
-b5
-240
e3
95
15a
32
-63b
5e
-15b
-140
-5b9
-d6
-1b1
64
114
-2c8
-1f4
-a6
-9b
-630
4
-1ec
-3a7
149
-a0
-f6
133
-695
-6d
-2c5
-500
-1f0
5a
-3d6
241
-bf
-71
-6f
-3fe
-67
-1af
-d
-351
-20e
-16f
-22
-5b
-156
-34d
-29a
84
-531
-d
-2
-3a7
1ca
-188
-103
73
6f
-172
-414
-584
-cd
a0
-147
140
-14b
-8a
-187
-644
6d
1
265
-512
-12
-21b
-fc
-1ef
-363
-1a4
-345
-da
-23e
13
-256
-3a7
25b
-125
-9d
94
12f
-18f
-455
-663
128
12d
-376
f4
-15c
41
-6f
-33b
a8
-11f
19e
-476
-2e7
-59
-2a2
-233
-2e0
-354
-301
-ba
-1f7
-397
-1e9
-3a7
18f
-1ce
3c
e1
252
-146
-465
-761
eb
fa
-287
-8b
9b
75
-2
-40d
146
-37e
-3a
-580
-41b
-11c
-1dc
10
-3b1
-475
-29d
-1c0
-11b
-537
-1a6
-3a7
10b
-191
-b2
176
-611
-d1
-504
-6b2
-1bb
0
-25e
-89
176
157
24a
-2d3
2d
-461
-d6
-6db
-4f8
-f1
-18b
df
-27a
-286
-1c5
-b6
-77f
-3f3
-147
-3a7
84
-75
-c8
196
-146
-c7
-36b
-5cf
-111
-fb
-358
35
-61
2db
3c0
-3aa
-57
-1df
1c9
-627
-323
-123
62
6e
-1a3
-20c
-20c
-145
-555
-234
-25
-3a7
13e
-b4
21
99
7f
-36
-3fe
-49a
-14f
-1d0
-2c2
a7
-179
2bf
2d9
-1df
-132
-8
1ba
-512
-200
-33a
202
af
-36c
-43
108
-22b
-2ab
-6e
19
-3a7
f5
-3fc
-16a
-104
-4f4
-100
-187
-549
-24c
-32f
-1b6
337
-23
398
-c9
-1ff
-16e
-13c
-172
-226
-8d
-6af
126
-b0
-652
-7b
50c
d6
-11e
-e4
-fa
-3a7
314
-4a3
-169
-277
-9de
-104
-3ab
-6e6
-1aa
-39
-6d2
7fc
-89
-3cb
-23
-224
-133
-412
-334
6
-35f
-107
-3cd
-276
-2fd
-67b
204
80
-528
-30e
-23a
-3a7
466
-4f2
-e7
-16c
-638
-302
-473
-ba3
d6
2db
-309
6f1
114
-573
-19
-798
-a
-58f
-11f
-1b1
-42c
c5
-559
-277
-ba
-540
-2f2
-b3
-42b
-3ab
-460
-3a7
513
-3b2
-2fe
-26d
-66b
-d2
-571
-f53
7e
52a
1b2
3f5
1cd
-2fe
9b
-631
f1
-704
-25a
-4ea
-4c8
-4
-641
-32c
-1b9
-3a4
-434
-28
-46b
-3de
-386
-3a7
3ea
-41
-186
-138
-3ea
218
11f
-f05
4e1
4ce
45e
11f
301
-91
93
-56d
2c4
-87e
-64d
-511
-5b6
-238
-84d
-13f
-367
-648
-547
-25f
-94d
-2af
-29a
-3a7
290
20b
1ea
2ff
-8fb
228
f4
-d99
4e9
-6c
51b
-185
-2d8
-186
183
-fc
-36c
-482
-7b2
-a3c
-628
-25d
-233
-2e5
-743
-969
-1a6
-170
96
-233
68e
-3a7
fe
140
1ed
b3
-325
-14d
-31e
-5e6
-7e
-212
bc
-e
-30a
6a
514
-eb
b9
-b0
-15e
-8ec
-148
-288
189
-2b4
-3aa
-319
-3c
190
-7d
-1d2
15c
-3a7
80
-210
4
-63
-dd
-167
-3d8
-26d
-190
-a8
-38c
328
-a5
5a
332
-516
b
-165
-ba
-2cf
-1c4
-335
fe
-4f
-313
-291
-e
1ee
-471
-1c4
-191
-3a7
1c3
-22e
92
117
-306
-179
-27c
-38d
1b1
-177
-35e
3d5
7f
33
262
-4a2
183
-370
-100
-185
-180
-d6
-d8
c2
-30
-4c9
-f4
-65
-900
-2d4
-315
-3a7
1a3
5c
bb
264
-440
af
-fa
-71c
2b9
-62
-14d
133
10a
-6
373
-230
c1
-4ae
-70
-630
-3c0
-23f
80
15d
-2ae
-505
-198
43
-6c8
-28e
69
-3a7
1d8
121
-11b
244
-332
-b8
-1d6
-61d
-25
117
-10d
11f
-28
305
4c1
-200
-102
-2d0
7f
-550
-35e
-233
27e
-47
-472
-180
-20d
-155
-203
-2c5
d
-3a7
194
-a2
-377
a3
-303
-126
-1cd
-570
13a
60
-163
3e1
-d5
22f
47f
-56
-ba
-f6
a4
-371
-3dd
-2fe
137
-55
-70f
296
-107
-16d
-35d
-d9
-64
-3a7
22f
-48
-25f
-db
-161
-7b
-229
-55d
92
-37
-254
534
-246
-76
3d3
-361
f
-103
f2
-43d
-2e6
-2b9
-193
-211
-649
b6
-283
-8
-74d
-233
-99
-3a7
351
-1e
-292
-4b
15
-153
-21d
-6c5
293
-12
-1f9
5aa
-125
-a6
38b
-4a9
52
-12b
262
-42f
-4da
-2fb
-19a
-93
-4d6
-1f9
-4b6
-266
-545
-2f5
-20e
-3a7
33e
a6
-27e
-79
-5d
-f6
-327
-6e9
3a6
80
-319
4bc
-1ce
-15d
304
-35e
11f
-1a0
1a
-418
-419
-17c
-1a3
-ff
-412
-100
-497
-73
-5dc
-2ea
-16c
-3a7
338
53
-1a0
af
-9e
-17c
-1a6
-57a
3de
bd
-243
3ce
-16
-9d
2ec
-521
-9
-1f7
de
-357
-4f7
-22d
-fe
-76
-2ff
-2eb
-5ad
-175
-5e7
-350
-1e3
-3a7
1c2
-187
1b
24c
-1
-171
-36e
-6ec
3db
-5b
-3c
122
f9
-1bf
587
-194
-d0
-d6
-a6
-568
-3e3
-1d4
-5a
-211
-382
-3f8
-420
-49
-3df
-41b
d4
-3a7
10e
-111
145
1b1
2f
-f9
-3e9
-5dd
1d
-7f
-144
-68
-8e
-c8
6aa
-1df
-68
-188
94
-674
-51c
-1d9
7b
-117
-258
-19c
-440
-185
-534
-325
72
-3a7
11e
-185
-c9
1cf
14a
-145
-3f7
-803
-7d
-d1
-202
-1b3
6e
1d
65d
-516
-121
-177
2b8
-37c
-2ef
-33d
-3c
35
-1f5
80
-3ae
-167
-3bc
-a3
-27e
-3a7
1ff
-159
-167
3c
-41
37
-231
-aaa
-16c
-241
-344
-243
4f
16f
-d1
-4a0
-36
-28d
dc
-147
-1a5
-168
19
-13c
-3cf
-274
-3fa
-2a
-6cc
-1ea
-3ae
-3a7
1ea
65
-b4
-b1
-91b
285
-165
-4a6
-356
-59
-58e
-12f
-1b5
9b
-5ab
-47d
-c6
-221
b9
-3b2
-650
-13b
-6c
127
-14d
-361
-37a
-9f
-a3f
-d6
-5
-3a7
15a
5
-71
-4d
-24d
-116
-2ec
-274
-247
-15
-53c
-101
-21f
-b
-34c
-4f7
-64
-1f
225
-510
-293
-191
-1ec
26
-2da
-3d9
-2a8
-2b3
-4b6
-6c
-195
-3a7
1a5
148
9
1d
-a3
-1ae
-314
-308
-19f
-18
-6ca
-8c
-10c
15f
-37a
-543
135
-1a2
141
-4fd
-2c3
-171
15
170
-28d
-348
-193
-249
-2f9
-3ad
-12f
-3a7
153
-66
-ea
-3a
-579
-171
-2e7
-307
-231
1d
-464
-7
-24
e8
-28d
-71d
be
-2ee
69
-5c5
-1fe
-185
1bb
15c
-241
-305
-36
-1c2
-7f5
-ba
-12f
-3a7
e
-107
-ce
127
-278
-308
-16d
-c2
-299
-169
-2f6
a0
-16
203
-12f
-6d2
-47
-7a
76
-3a6
103
-166
58
8c
-173
-311
85
-157
-5a2
44
-1dc
-3a7
119
-91
-114
3
-508
-57
-2bc
-42d
-1d5
13d
-600
202
-10e
45
-1b6
-50d
25
-c
1cb
-263
-250
-14e
-174
-95
-14d
-2da
-241
20
-5ad
-6d
-c4
-3a7
1be
-b2
-3
-15
-b9
-e2
-32f
-477
-cd
19c
-4d5
1f1
-22f
82
-2c3
-576
a7
de
305
-432
-22a
-1e3
-241
-1f9
-2fa
-1ba
-2cb
-260
-1e8
-dd
-161
-3a7
122
19
-b8
-37
-11f
-189
-433
-405
1c
128
-445
e1
-181
75
-310
-38d
112
d5
21c
-4c9
-1b0
-1f6
-35c
-e0
-3bd
-2cb
-2c4
-1cc
-2b9
-1f7
-130
-3a7
1a1
9
-fd
-78
85
-1a7
-416
-491
-c1
-18
-3f4
45
-55
ca
-4d0
-46c
121
-147
28
-4fe
-1f0
-21f
-b3
-b
-49c
-373
-21b
-2ee
-2c6
-3be
-eb
-3a7
164
-11a
-18a
139
-770
-2c8
-3d4
-444
-ba
-18a
-3fb
7
-4
-4
-ac
-316
60
-237
-f9
-638
-2a2
-cd
6e
3f
-152
-300
-177
-200
-920
-209
-bd
-3a7
126
-163
-14f
297
-12
-446
-341
-42f
-187
-275
-2a8
-37
-10f
23c
387
-534
-148
-127
309
-567
-e3
-1a4
f3
-85
-194
-271
-230
-1e7
-574
-196
-17e
-3a7
1b5
-117
-a9
214
268
-2a3
-427
-59b
-15a
-19e
-258
6c
-172
494
48d
-479
-1f1
-7c
3a9
-3c4
-16d
-153
160
-63
-1d0
114
-1fa
-169
-1f4
-f9
-198
-3a7
265
-427
-ef
-13
e6
-218
-402
-794
-9d
-32b
-39e
1d9
-121
53c
5ee
-24f
-18b
5
db
-2e2
-275
-54b
-9
-59
-526
61a
-60
-cf
-25f
-155
-29e
-3a7
2d0
-670
7
-226
-136
-3
-33a
-768
-3c
-1a5
-5f3
52c
-97
3b6
4f1
-2da
-7
-73
-372
-194
-528
-6d0
-514
-194
-5ce
13b
-2c4
f3
-381
-211
-32a
-3a7
253
-44a
15d
-11e
-26
10e
-267
-861
221
1ea
-8d4
596
-11
-9c
375
-628
12a
-160
-293
-302
-7d9
-39d
-699
-1d8
-37d
-382
-5fd
a2
-6ea
-2d1
-2e0
-3a7
30c
19
25e
-172
d7
f
-cb
-92b
318
308
-7a4
37c
-20e
27
345
-68b
1f6
-2f4
-2ee
-560
-870
-f6
-5f5
-1a3
-238
-3ac
-710
-b3
-814
-2ce
-26d
-3a7
34d
2ad
3fb
-63
4a
-10b
-a3
-81f
473
15c
-360
4c
-261
e5
2be
-696
-13c
-36e
-46f
-6a7
-777
-1d5
-54d
-108
-426
-4c4
-5d6
-1d1
-3f8
-35a
25
-3a7
21d
261
2f2
213
-20d
-109
-403
-8bc
1b4
114
-112
-39
-1ae
108
39b
-2cb
-c5
-1af
-314
-6ce
-4e0
-200
-11d
-31d
-509
-353
-41b
1f
-174
-3a9
f
-3a7
10c
-155
41
26d
35e
-154
-47e
-630
-b0
122
-13d
-7
4b
1df
495
-42e
-11
37
cd
-588
-2f0
-1dc
154
-1a3
-359
12a
-34d
-62
-28
-189
-163
-3a7
19f
-2e7
-91
155
257
-13c
-394
-76f
-28
-df
-332
131
-25
343
432
-26c
-c
-1ed
d2
-124
-16e
-2b6
-1a
-11b
-35b
248
-dc
137
-2af
-27c
-282
-3a7
106
-121
7f
163
-3a
60
-211
-7b4
17a
49
-157
211
104
28d
3de
-32e
ae
-426
b4
-2d0
-354
-31e
-203
55
-2e0
-389
-247
6c
-56a
-44f
-163
-3a7
cf
28
b9
171
-23e
19
-2b0
-80a
5b
f0
-fa
ba
132
11b
54a
-2f7
-102
-394
25
-63f
-596
-224
-e3
df
-377
-2c4
-3c0
-79
-4d8
-2c7
4c
-3a7
f5
-44
c6
1eb
-3
-136
-3ba
-750
-bf
149
-1b2
-17
-34
247
49f
-41f
-dd
-291
124
-43d
-3ab
-15e
-16
-4a
-3f7
-d1
-3a8
-24
-1b9
-174
-1c5
-3a7
181
-3a
-43
12b
42
-100
-389
-60a
-e9
147
-374
f8
-11a
2cd
3b4
-348
-1ab
-130
8c
-341
-3c2
-ed
-b
-1e
-2ac
1cb
-3bb
-124
-1d9
18
-22f
-3a7
1c7
-c2
0
9f
28f
-15e
-3d2
-64a
36
1a2
-399
16d
-13f
292
386
-4e0
-5f
-59
131
-2c0
-2af
-1f5
-1d2
-1c2
-318
123
-430
65
-24a
-136
-376
-3a7
217
-76
67
f3
1ea
-55
-406
-661
de
22d
-421
167
-a6
230
387
-3dd
-2
-ab
17a
-40a
-584
-1e8
-1eb
-165
-2f8
-f0
-4ce
-9f
-38d
-22b
-2d0
-3a7
20f
23
cc
17d
24f
-66
-421
-6b6
8a
1d6
-3ec
110
-dd
205
346
-3fa
4c
-b0
14b
-4f2
-508
-166
-163
-10b
-31f
-c4
-4dd
-119
-378
-273
-2f6
-3a7
1d7
-19
114
1b2
117
-a6
-46a
-654
c2
1b7
-355
e6
-41
13d
2e9
-37f
-e
-102
124
-5a1
-416
-ec
-1e1
-139
-2cd
-189
-4ab
-77
-56e
-29c
-2c1
-3a7
198
-ea
9f
1f6
15e
-5b
-527
-6bb
b7
52
-300
-17
2b
da
2e0
-28f
-b6
-ce
136
-656
-3fb
-c6
-1b1
-10f
-288
-258
-479
-9f
-3e3
-2c8
-1a8
-3a7
1ab
-3f
-60
152
109
-58
-4be
-744
70
-24
-338
-e0
-91
206
2e7
-355
-64
-e9
146
-5f2
-3c1
-f4
-129
-75
-1bb
-d2
-46f
-8d
-4c7
-24e
-202
-3a7
337
4d
-173
d6
1f7
-114
-2d2
-8d0
ee
-175
-2bf
-165
-104
210
25a
-5fb
4e
-1f6
e8
-3dd
-4b6
-208
-b6
51
-8a
-10c
-4cb
-108
-53f
-1dd
-3a9
-3a7
2a5
f2
-104
8a
1f0
4f
-4d
-ba0
195
-2ab
10e
-4dc
-c9
-43
-55
-58a
4f
-373
-2fe
-2c6
-2d8
-44c
42
77
-2dc
-569
-3da
-16a
-632
164
-1fe
-3a7
2a7
-6c
-1ac
0
-707
2c
-24b
-918
-486
-415
-285
-4c7
-266
-a5
-646
-44c
-1d4
-2d8
-39b
-5d0
-e6
-224
35
-1be
-354
-4aa
-16d
5e
-78f
-276
-133
-3a7
219
-8c
-da
-44
-387
-18
-2cd
-54f
-239
-21f
-437
-120
-198
-121
-604
-46a
25
-2e
e5
-729
-1dd
-e8
24
4d
-2c4
-48e
-5f
-10c
-42c
-26e
-a1
-3a7
131
29
-1dd
14d
-371
-e7
-356
-488
-11d
-10c
-3db
-101
-9a
146
-3b0
-471
4
-266
34
-4d2
-19d
-2f3
24e
da
-1e8
-424
4e
-fd
-643
-26e
-25
-3a7
94
-1e3
-188
12b
-672
-eb
-384
-3a4
-252
20
-230
7b
-ff
-4
-9a
-5e3
-1cf
-35a
7f
-363
-4b
-15a
205
-b4
-369
-47e
164
-120
-6f1
-200
3
-3a7
90
-1cd
24
12a
-fd
-280
-418
-234
-143
-199
-190
30e
3e
16
be
-551
-4e
-31
-232
-41a
d7
-82
-50
a3
-c8
-40e
9f
-114
-475
-298
-2a0
-3a7
bf
-53
-16d
-45
-6d7
-5b
-23f
-2af
-10a
-12
-463
fb
-121
-5
-249
-54a
29
-4
8d
-23f
-e9
-110
-79
-2b
-119
-283
-159
-32
-902
89
-3a
-3a7
bd
-66
-1
-53
-2fc
-108
-2c3
-1c3
-207
-3
-5ec
94
-2b3
cb
-3d6
-477
28
7a
1f8
-497
-14c
-21d
-c0
-8b
-283
-12d
-126
-1cc
-3d6
-c5
-8b
-3a7
ae
-76
a2
-7c
-226
-15e
-323
-212
-6b
9c
-5b9
f9
-18c
82
-347
-58f
118
ee
141
-42c
-218
-10c
-82
-1
-290
-11f
-182
-134
-3a9
-1a0
-12a
-3a7
d9
-c9
-26
a2
-2b8
-1c4
-302
-3a0
-e
1a
-476
4a
-13c
a6
-312
-604
3a
-15d
-28
-464
-203
-2a1
166
-7f
-386
-479
-5b
-15f
-3be
-20b
-93
-3a7
126
-1b6
-b8
215
-6f9
-212
-33c
-42b
-1c8
-4a
-342
11a
-3d
-3
81
-4ff
-178
-1dc
56
-306
-124
-ba
b4
-1ad
-300
-303
-13c
-132
-50e
-32d
-e0
-3a7
1ea
-1ae
-171
16f
14d
-2b6
-510
-757
-d5
-b0
-bb
222
-89
4e
305
-5ec
-3
-d3
15b
-4b7
-f9
-8a
-1a9
-112
-10a
-1f0
-34e
-10c
-22e
-2de
-359
-3a7
21e
-ba
-1aa
c2
1a5
-179
-4db
-7f1
-51
3b
-1f
1a
-66
2f6
1a1
-67e
-28
-22
2d4
-504
-354
-21b
-16f
-5c
-1d8
-29
-454
-c4
-b4
-237
-1fe
-3a7
254
f
-254
-6a
350
-134
-47e
-72f
-c8
ea
-2c6
9
-171
38a
14b
-5d1
-72
a2
225
-41b
-35a
-1c3
-211
-62
-2db
45c
-489
-10d
-2a2
-106
-291
-3a7
20c
-12c
-277
-170
2df
-101
-50b
-762
-87
4e
-369
-27
-101
394
b6
-641
-60
8d
1bd
-333
-450
-375
-3a0
-97
-403
532
-4d9
-58
-5ae
-191
-2ae
-3a7
221
-4c
-13e
-13d
14b
-65
-48b
-5f6
-49
-2b
-48e
-ca
-17c
311
-af
-58d
-60
e2
d3
-3cf
-507
-438
-42d
-da
-464
25d
-52c
-94
-664
-218
-190
-3a7
214
182
-5d
-14f
189
-c0
-455
-47d
-38
eb
-58f
-8a
-1f0
2ce
-23a
-5ee
-2d
136
38
-4e7
-4fe
-329
-39e
-9e
-35f
-15
-539
-141
-541
-1b7
-166
-3a7
21d
20f
-a8
3
68
-178
-4db
-3cc
-1d
158
-55f
a
-130
1ef
-1df
-5de
-85
cd
2c
-4a6
-428
-21c
-283
-197
-2d4
-25c
-4cb
-17f
-3d9
-227
-17a
-3a7
1af
f1
-92
d1
11d
-190
-3f6
-58a
-50
16d
-3c0
-83
-4
129
-110
-4b4
48
b1
9c
-4a1
-2f7
-1ec
-bc
-12b
-353
-ba
-461
-9e
-262
-16d
-17a
-3a7
1e1
-29
-149
b2
ad
-1d4
-3e3
-5e9
-73
60
-25b
-2d
-33
233
-db
-48a
4e
5c
269
-3f3
-14f
-10a
-160
-126
-268
-c7
-3a0
-5f
-13a
-1ac
-195
-3a7
189
-d
-13a
2a
125
-190
-3bf
-686
-47
120
-2a4
55
-c9
27e
-ba
-38a
63
-7a
23b
-419
-198
-18e
-2b5
-b4
-2c2
56
-2f4
-a1
-f1
-15c
-174
-3a7
11f
-61
-bd
24
-70
-fd
-447
-6df
-7b
194
-2c8
97
1f
19b
-71
-378
-68
-138
178
-3aa
-26e
-1c9
-35b
-7e
-377
-130
-3b1
-91
-269
-207
-10f
-3a7
148
-84
-120
61
-120
-11f
-458
-6e2
-63
143
-215
80
57
192
-49
-395
-67
-a8
15b
-440
-2b1
-141
-325
-e2
-352
-186
-404
-a7
-279
-2a5
-bf
-3a7
18b
-22
-1be
70
-22
-15f
-3bc
-6b4
-b8
a3
-254
2e
-5a
1af
-1ef
-3bd
a
33
1be
-40d
-1f3
-1c6
-23d
-62
-367
-85
-331
-c0
-165
-140
-100
-3a7
1de
64
-2a1
-15
-23
-1b6
-381
-5ca
-6b
78
-342
ec
-117
1d2
-338
-357
4c
ef
264
-367
-ff
-152
-243
-b3
-310
0
-364
-111
-1ec
-c7
-16c
-3a7
1b8
3d
-2b1
-5f
e9
-1e6
-3a9
-578
2d
37
-36f
b1
-105
129
-377
-3c9
4d
114
29b
-343
-ad
-1b6
-2d4
-d8
-2d3
-1b
-3d3
-a1
-24c
-9d
-153
-3a7
1e0
2c
-29a
-59
c
-1f5
-401
-537
-4a
-1
-399
31
-c3
e9
-360
-37a
75
10a
2cf
-3da
-11d
-19b
-2af
-bb
-2e0
-df
-417
-ef
-30b
-119
-184
-3a7
25f
73
-215
-73
-13
-1bd
-39a
-52f
-35
24
-3a5
17
-aa
132
-367
-37e
ad
cf
255
-429
-cd
-18d
-249
-cf
-277
-144
-3b6
-cf
-281
-f7
-216
-3a7
1f1
27
-182
-5f
-65
-17f
-349
-537
c1
28
-391
3d
-c8
117
-2d7
-35c
d3
59
22f
-425
-158
-105
-2be
-a9
-231
-1ce
-3b7
-62
-293
-197
-162
-3a7
1ca
5a
-11b
-78
-7b
-19a
-2e4
-4a5
8c
-20
-3a0
-f
-11c
13b
-209
-3b8
b1
4b
1d0
-4db
-210
-11e
-2d0
-b4
-20a
-275
-388
-ba
-31d
-1b0
-d2
-3a7
1e2
136
-1a1
-a0
-c9
-1c7
-2db
-483
21
-6e
-440
4
-1cc
21a
-18c
-4aa
56
56
21f
-497
-253
-15b
-260
-a9
-1ff
-1e1
-372
-cf
-325
-17a
-119
-3a7
1f7
1e8
-18e
-19e
8e
-22b
-12a
-5c0
4d
-1b
-4da
-51
-259
2c2
-326
-61f
8f
-326
198
-2cb
-233
-109
-1d1
-85
-1fc
-281
-3e0
-d8
-49d
-305
-d8
-3a7
3f9
216
109
-25
-121
-16e
81
-8b1
-16f
-2bb
-238
-63
-133
-32
-390
-588
-db
-3c3
-2d7
-4d1
-c9
-2d2
-120
-fb
-2ab
-5b9
-350
-2d9
-14
-288
-99
-3a7
268
-ae
-57
-2c
-434
-126
-133
-9a3
-1a4
-55
308
-210
-c8
-ad
-405
-65a
22a
-2e4
-383
-893
10e
-424
-a3
-1c5
-4a8
-3e6
-102
-177
-46f
-1d4
-172
-3a7
117
-9a
-1f2
-10
-713
-b2
-444
-6ec
-258
c7
-11
-a2
-12b
-e4
-435
-44a
-13c
-1dc
-1e8
-9fc
-206
-216
-8e
-16f
-645
-4f6
77
-13e
-5ba
-24a
54
-3a7
92
-1f3
-b5
db
-642
-19d
-3d8
-5fb
-76
75
-2cf
a8
-db
-109
-79
-3ad
-96
-233
e1
-699
-3ac
-ae
14
-a9
-394
-2d8
-a2
-100
-4ed
-317
9c
-3a7
15b
-3b9
-e4
77
-2e6
-1e4
-4c5
-505
-238
22
-2ca
247
-f3
6f
ce
-5ee
-76
-f7
18f
-378
6c
-2d4
-ce
-1fc
-569
-16c
-67
-212
-114
-27d
-108
-3a7
-58
-2fb
1b
d0
c5
-11a
-400
-446
31
-17
-2a8
337
124
fd
c9
-606
1a3
113
-136
-338
-99
-151
-ec
29
-27c
-26f
-c9
-34
-402
-272
-2aa
-3a7
8f
3d
-189
6d
-7e1
-f4
-2a9
-269
-154
a
-3b1
e4
-1a0
-110
-b2
-5f5
-69
49
-d4
-255
-114
-126
118
-fc
-12b
-4d5
-cc
-38
-ae9
13a
3d
-3a7
100
-64
-b5
101
-f0
-230
-2b1
-225
-237
0
-46f
71
-1e3
c1
-1a
-534
-6d
9
232
-360
-c2
-136
1da
-e0
-1a3
-137
-c5
-df
-569
-f8
-178
-3a7
41
-9
-13a
a5
-75
-91
-34d
-372
80
c3
-37a
86
-f4
83
-58
-6cd
14
-52
10a
-24b
-1e2
-109
1b3
65
-234
-14a
-14b
e
-4cc
-1a4
-b1
-3a7
c5
-12c
-132
a7
-48b
-b8
-20c
-46c
39
fd
-45a
c8
-109
-a1
85
-605
-90
-16f
19a
-1d6
-2c6
4
10c
-20
-2a2
-237
-123
2a
-551
-160
-df
-3a7
20b
-198
-10b
b3
-328
-10b
-3b2
-4be
-150
19c
-411
21c
-171
38
-4e
-5ec
ad
-2d
192
-228
-165
-13c
-155
-1d4
-330
-111
-247
-2e
-47
-237
-2c7
-3a7
168
-f8
-13d
6e
12e
-31
-2d7
-5b4
ee
14d
-44d
227
-4c
-15
-149
-618
1ab
-ae
217
-355
-1e1
-b4
-2a8
-3f
-1bc
-c6
-44c
-51
-2b2
-157
-237
-3a7
1e6
6f
-1da
21
-72
-10e
-2f9
-600
-30
-3
-3ff
54
-db
ef
-29b
-4de
cc
-28
24f
-3d6
-216
-194
-237
49
-172
-5a
-4bb
-40
-425
-c9
-1f3
-3a7
286
169
-1c7
-21
80
-1ab
-2a5
-470
-1a
-52
-495
-3c
-1b4
164
-43a
-42b
85
82
240
-3f7
-7d
-128
-293
-78
-1e8
-fb
-465
-7f
-2fe
35
-261
-3a7
244
133
-1bf
7
e9
-1f2
-300
-436
11
-d6
-516
-7f
-1e1
1dc
-432
-41c
56
fd
1e6
-44c
-73
-112
-243
-6d
-116
-c5
-45b
-116
-260
24
-221
-3a7
202
114
-115
24
10e
-1ee
-334
-39e
3c
-c2
-4f8
-a0
-22b
197
-3a8
-487
a2
fb
1e8
-3f2
-14
-66
-1eb
-6c
-118
-102
-40c
-9d
-311
-49
-268
-3a7
1a0
ec
-7e
69
8b
-1c6
-356
-2fc
49
-96
-572
-c3
-1ff
14b
-32a
-470
36
a7
1db
-3ad
-42
-86
-118
-86
-10c
-150
-36d
-73
-3ce
-64
-1c4
-3a7
168
b6
-88
b4
7a
-1b7
-329
-299
-3b
-92
-597
-96
-1a2
19b
-2d9
-472
1e
90
20c
-36f
-33
-75
-4a
d
-ae
-8e
-336
-a2
-3a2
-a1
-1fc
-3a7
1a7
4a
-25
bf
86
-12e
-2f9
-32d
-d
-32
-562
6
-1bc
14f
-23b
-45a
1d
4c
20d
-2fa
-76
-c2
-88
-50
-ec
-14b
-2db
-67
-347
-8a
-219
-3a7
15d
4b
1d
91
-5
-15d
-323
-339
24
13
-4c3
42
-19f
131
-1f9
-4ed
54
73
223
-359
-f9
-f1
-10d
-47
-d9
-135
-32f
-2b
-285
-9f
-1d7
-3a7
163
43
3c
4e
-b
-161
-2eb
-32e
1a
14
-4a1
45
-16d
166
-1a7
-4c4
7e
77
1ef
-362
-f8
-f8
-165
-53
-12c
-b8
-35d
-96
-28d
-8b
-217
-3a7
161
34
7e
66
8
-11a
-2bb
-33b
66
41
-4c8
28
-195
152
-1ae
-4c7
76
8d
1d6
-33a
-14d
-ce
-17e
-89
-162
-16b
-328
-5e
-1f7
-a5
-1cc
-3a7
d2
2f
de
94
10
-144
-2b9
-2de
5f
51
-493
-21
-165
154
-18e
-515
72
67
19d
-30a
-13a
-e4
-140
-b1
-13e
-17d
-319
-73
-232
-a9
-19e
-3a7
f3
-1b
de
98
-c4
-15a
-2c2
-273
-6a
59
-50c
2a
-177
1e4
-15b
-4b3
17
e
189
-305
-18b
-c4
-e8
-8c
-153
-103
-2e0
-ed
-2aa
-fa
-1e8
-3a7
e5
1e
f5
a9
-74
-137
-2a6
-26e
b
8e
-53f
78
-1da
1b8
-1a0
-4d9
14
6c
1e0
-334
-1b5
-11c
-106
-67
-1c5
-118
-2f7
-d1
-231
-b2
-1cf
-3a7
12c
6
113
d5
-16
-170
-2dc
-23d
6
57
-552
7d
-1e1
172
-17f
-4de
27
98
1d1
-37b
-1b6
-11d
-e3
-c0
-1d7
-160
-30a
-f5
-271
-d8
-1e4
-3a7
154
14
db
c5
3c
-15a
-2a5
-26a
16
27
-504
7b
-1a7
16b
-1ab
-4be
a6
9f
18d
-3f2
-17b
-123
-c2
-72
-1f7
-177
-2fd
-119
-2c7
-10d
-222
-3a7
15c
44
ca
d8
-4e
-103
-2ac
-2a2
79
23
-4bc
4f
-18c
13d
-1b6
-4be
9b
8d
143
-3f6
-194
-e4
-92
-59
-18d
-13a
-305
-d9
-340
-92
-205
-3a7
117
58
d3
10b
29
-114
-29d
-271
91
-42
-46a
-25
-207
10e
-1ce
-4c8
6d
b9
19f
-3d7
-a7
-114
-7c
-94
-21a
-199
-2cf
-ea
-30d
-c8
-16d
-3a7
ee
b0
ce
115
-4
-118
-2eb
-217
5a
-b6
-484
-51
-1c1
114
-179
-4ed
35
c3
19e
-41b
-9f
-84
-33
-7e
-1e3
-1b3
-29b
-d6
-395
-ec
-16d
-3a7
d8
59
89
fa
-44
-198
-2ab
-202
-2b
-7a
-51c
-61
-16f
15e
-126
-4e5
23
90
1e3
-39c
-b4
-7f
11
-4f
-170
-112
-296
-ba
-44b
-101
-1ad
-3a7
d3
9a
da
4d
-b
-98
-2c1
-2e9
-bc
159
-5b5
-4f
-1c3
fd
-18b
-47d
-21
-d7
249
-38a
-195
-83
-100
-5c
-256
-145
-2b2
-114
-296
-51
-180
-3a7
14b
-b
14f
-47
-151
-59
-240
-405
-1a2
2c7
-641
9d
-18c
12d
-2af
-4f3
-2f
-3b3
60
-23c
-23b
e
-19b
-9b
-1fb
-15b
-2df
-159
-435
-1e8
-1ce
-3a7
186
-b8
15d
-32
-4e3
-31
-333
-55a
-1cc
204
-2b7
103
-5b
de
-186
-5d7
-188
-382
-27c
-514
-2c7
-212
-220
-c0
-314
-224
-23a
-1a1
-24e
-28c
-12e
-3a7
b6
-a7
-7d
ca
-481
-ef
-39c
-618
-17
1a7
-65
e3
-6b
17
-19
-69a
-5c
-158
-275
-643
-324
-1d0
-b
-191
-48a
-1eb
-1bd
-ff
-212
-234
-141
-3a7
33
-f9
-b3
4a
-38c
-7c
-29f
-4d9
-62
16c
-2c4
e3
-77
-aa
1ba
-695
-f
-fc
-29
-41f
-32a
3b
-15
-e6
-371
-10
-271
-57
-3d2
-141
-132
-3a7
15d
-2b2
-1a0
e5
-e4
-11d
-372
-4d1
-251
164
-38d
11f
-108
-2a
1b
-811
77
-16d
163
-11f
-242
-b3
-69
-8b
-242
-5c
-26d
-ca
-38f
-1af
-375
-3a7
25
-15c
-64
1c0
7a
-19
-350
-349
c8
-97
-1a0
3e
61
e3
-7d
-5d6
37
e0
-98
-374
-d0
-8a
46
36
-2b8
-356
-fe
-110
-50c
-1a2
-263
-3a7
98
79
-1f0
-6
-a1e
61
-34b
-2b0
-1e8
aa
-17b
26d
-a3
-130
56
-31c
-19a
-d1
-27d
-2b2
-9c
-5e
a2
-41
-170
-37c
-27
-51
-7b6
-3a
79
-3a7
33
-113
-1fb
-6c
-3d2
8
-5cb
-2f5
-141
f8
8a
1a6
-5a
87
-d1
-47b
b3
12b
-ff
-6b9
4b
-24b
-a4
-11a
-245
-fe
-69
d
-284
-1
-15d
-3a7
3d
-a
-212
-b1
-356
-1c
-3ce
-38c
73
da
-21f
19d
-96
97
65
-594
10b
97
59
-4ba
-27a
-14c
34
47
-16e
-26e
-149
-2c
-398
-135
-a4
-3a7
7d
3a
-215
-16b
-5d6
2a
-3c7
-325
-8c
143
-3a4
1cd
-ab
2
2a
-493
9e
e3
-ae
-3f2
-24a
-b1
-ad
-63
-2cf
42
-203
-c
-42f
-87
-126
-3a7
be
-50
-245
-124
-47f
-b
-3f9
-2db
-109
163
-3e3
25e
-12f
89
-1d0
-582
222
107
18e
-313
-17b
-12c
-190
-96
-1a5
-30
-267
-49
-404
-c2
-248
-3a7
d2
98
-da
-9e
-2c4
2b
-352
-237
56
da
-395
1b3
-c1
91
-206
-4e8
15b
1cf
187
-417
-16d
-21f
-e1
-85
-1f8
-15d
-249
-aa
-396
-c1
-10a
-3a7
108
8d
-2c
-e0
-387
-90
-349
-274
-3f
7
-39e
17a
-134
126
-257
-46f
15b
1f7
14c
-513
-123
-1f9
-ea
-55
-1dd
-f8
-24c
-bf
-257
-121
-179
-3a7
104
e9
1e
-de
-339
-9f
-371
-235
18
-5
-347
170
-196
bf
-2e6
-4b5
139
24b
126
-523
-6b
-1c9
-152
-84
-279
-1c9
-1fa
-35
-227
-108
-156
-3a7
153
119
-3b
-ab
-339
-c6
-39b
-210
2a
-71
-356
162
-174
103
-2a5
-496
152
25f
f6
-56e
-90
-1cb
-e7
-7d
-183
-1c5
-20f
-9a
-297
-14b
-16b
-3a7
11e
f6
-77
-79
-287
-a4
-375
-25f
72
-c8
-2d8
15d
-15a
e9
-27a
-4ab
16c
280
ae
-56d
5
-1f7
-95
-81
-210
-1c0
-1ba
-ad
-27d
-131
-12e
-3a7
10b
92
-ed
-3c
-303
-67
-3b2
-2a2
47
-9a
-253
12e
-f1
3c
-1da
-44a
17c
22b
ef
-56a
-2c
-170
-38
-6c
-214
-266
-15d
-1c
-2e8
-17e
-133
-3a7
e3
de
-13a
-78
-318
5
-3c1
-2be
6a
-4b
-203
136
-c3
6b
-19c
-452
182
1f3
f7
-565
-76
-15c
8
22
-198
-1b2
-17f
-37
-33a
-117
-104
-3a7
b4
ad
-160
-c8
-2eb
-14
-415
-2f0
3b
-3b
-27d
16d
-130
6e
-1a6
-480
fd
1c6
b9
-4e4
-65
-14c
-53
-2c
-17c
-e8
-1a2
-21
-33a
-c9
-e9
-3a7
bd
a5
-145
-c5
-2cf
-35
-461
-299
-c
2
-2f9
181
-10e
4f
-1a7
-4cd
137
1f0
fc
-49d
-ad
-160
-37
17
-15a
-107
-1cd
-16
-3ea
-119
-124
-3a7
c0
ee
-130
-d3
-27f
-32
-43b
-251
5b
1a
-2ea
149
-102
91
-179
-4fb
156
217
cf
-49b
-c1
-177
-31
39
-121
-e6
-1ed
-3e
-409
-d3
-139
-3a7
a2
e6
-134
-aa
-276
-2c
-444
-228
2f
-b
-312
105
-113
88
-1a9
-50f
125
23a
81
-466
-80
-179
-b
7
-158
-102
-1bf
-30
-44e
-cb
-ef
-3a7
b6
8a
-136
-61
-23f
-5
-488
-232
18
-38
-2ed
eb
-e9
43
-17e
-522
113
23b
75
-46b
-5b
-14c
46
11
-134
-151
-18d
-17
-3e2
-f0
-12a
-3a7
82
bb
-158
-78
-25f
23
-492
-27c
5c
-4
-2a1
c3
-bc
8f
-123
-514
14f
205
56
-458
-71
-16f
53
5e
-102
-119
-17e
d
-425
-f7
-115
-3a7
84
e5
-17a
-73
-29b
1e
-46f
-27b
-3
28
-2b1
d7
-ea
90
-132
-52c
f2
1d9
87
-415
-9a
-16e
59
55
-124
-10d
-176
5
-42f
-c0
-ec
-3a7
8d
e1
-17c
-9f
-26c
5
-47a
-276
-5
43
-2b1
f0
-fc
aa
-134
-54b
122
1b7
c8
-43a
-86
-161
31
4f
-12d
-129
-189
1
-432
-e9
-120
-3a7
a0
f5
-162
-a0
-25f
1
-41b
-263
17
5a
-2b0
fc
-b6
102
-11a
-53b
12f
187
79
-44c
-9e
-1b9
3
6e
-145
-166
-188
-49
-450
-e5
-13b
-3a7
a4
e3
-128
-79
-2cf
19
-428
-29a
3b
5f
-296
138
-fb
b5
-ee
-53d
10d
176
41
-486
-d0
-162
-8
4f
-155
-16e
-185
-4d
-3ff
-f1
-ed
-3a7
aa
f2
-f9
-77
-25f
-19
-3cf
-2ba
3e
48
-25d
14d
-120
a3
-b8
-546
138
183
8f
-47a
-ae
-17c
-1a
15
-1a4
-195
-188
-5f
-34e
-e9
-120
-3a7
8c
72
-14e
-46
-2a7
1c
-423
-2cf
17
53
-1c9
134
-98
4f
-8a
-523
15f
178
6d
-47c
-77
-141
2f
-5
-1d8
-21b
-137
e
-3f6
-17f
-ea
-3a7
52
1c
-18c
-94
-2ad
76
-3de
-31f
54
61
-19d
130
-13
2d
-57
-4c7
1a9
119
54
-4c9
-b3
-114
-7
93
-134
-19c
-14e
5
-4c4
-e6
-105
-3a7
79
95
-19f
-d2
-2b4
99
-394
-319
19
6d
-238
121
-bf
68
-112
-4fa
13a
123
68
-470
-be
-110
-65
99
-157
-1be
-151
-38
-3d8
-6b
-e0
-3a7
4d
188
-150
-1a3
-2b7
6d
-45c
-306
3a
15f
-300
13e
-17a
3f
-cc
-524
e9
84
-63
-4d8
-149
-66
-ef
8b
-114
-c8
-1a6
-40
-3f3
-3e
-75
-3a7
65
c3
-161
-15d
-3c2
1f
-49b
-2cb
-79
1fc
-394
1af
-ed
aa
-25
-587
a2
-3
-5b
-386
-1b1
-124
-f6
34
-17e
-f6
-1eb
-2f
-3ea
-f4
-13c
-3a7
b
-1d
-1af
-cb
-38b
1a
-404
-351
-1
21f
-27b
168
-34
28
8e
-5e2
130
ed
-6b
-442
-275
-169
-78
70
-231
-20c
-1b5
7b
-437
-15c
-a6
-3a7
89
62
-1dc
-c8
-37e
28
-429
-299
-33
14d
-2ed
199
-5e
81
29
-554
169
134
-131
-4a0
-1b9
-f7
-4e
65
-1d5
-99
-1fa
-1e
-466
-aa
-1aa
-3a7
cb
-16b
-26c
-24
-2fd
26
-34f
-3f9
14
a0
-34b
132
0
75
-173
-61b
197
-125
-78
-28a
-ec
-16e
-69
c
-233
-163
-f1
67
-513
-237
-16b
-3a7
37
b0
-4e
e7
-26a
8e
-343
-377
b7
-26
-78
105
4b
-85
-d9
-48a
15e
13c
-1c2
-55b
-37
-156
158
15e
-146
-41e
-11e
-152
-29c
-ae
-aa