-181
-c8
40
-369
-173
-4c4
3d
-5d9
-256
-502
13f
-2ea
-197
48a
b5
-51
-38a
-de8
59
-746
-370
-15e
de
-5df
-6c8
-358
2af
-a46
-5a
6
11b
292
-2f7
-7d4
74
-645
-4e7
180
-4b
-498
-34a
-94
2a5
-964
120
111
217
-cb
-2c6
-7b9
32
-65c
-515
1a7
-a
-4a6
-34b
-97
2ab
-94b
111
11e
214
-cd
-2da
-7e7
27
-61e
-55e
1dd
19
-4c4
-352
-cb
2a7
-956
11c
140
1bf
-88
-2ed
-7c5
78
-608
-539
1b8
c
-4c5
-35a
-c6
2a9
-95c
123
166
1da
-ca
-2ff
-7c6
51
-630
-507
1a4
-a
-4b1
-350
-bf
2a9
-958
13d
157
1f6
-db
-2dd
-7b4
46
-628
-52e
1d1
-b
-4a4
-341
-b3
2aa
-95c
125
176
20f
-10d
-315
-7eb
24
-652
-522
1af
11
-491
-30c
-af
2a1
-952
ff
15a
1e1
-d3
-2f0
-7ef
24
-60b
-53c
1d6
32
-4ab
-323
-ea
298
-947
10a
19a
1c4
-bf
-2da
-7d7
-16
-600
-53c
1b7
-11
-4a3
-366
-b8
291
-94c
fc
163
1e7
-103
-322
-7d0
-29
-66b
-531
189
-40
-47b
-360
-b7
2a0
-962
e5
10a
1da
-ac
-30d
-83f
4
-64e
-533
196
-d
-4a5
-390
-e7
2a4
-94f
106
18b
194
-bd
-2f4
-833
28
-628
-53a
1b5
-43
-4be
-3c5
-e2
29c
-9c0
109
16a
163
-87
-303
-83d
1a
-652
-530
17d
-1b
-4c5
-3ff
-c5
29e
-972
11a
176
158
-98
-31c
-826
5c
-627
-4f0
159
-69
-4ae
-3de
-cb
2b3
-9b9
112
130
179
-92
-320
-816
2d
-662
-4f5
167
-3e
-4af
-3cf
-bc
2b7
-995
117
145
18b
-6b
-300
-80e
39
-63c
-51b
19e
-35
-4c7
-3bc
-d8
2af
-98c
119
155
193
-8e
-300
-80e
39
-63c
-51b
19e
-35
-4c7
-3bc
-d8
2af
-98c
119
155
193
-8e
-312
-805
d
-64a
-526
1aa
-20
-4d4
-3ca
-f8
2af
-98c
10b
155
18c
-b4
-31b
-809
2f
-64c
-51f
182
-10
-4e4
-3d8
-101
2ac
-99f
113
11e
177
-e2
-332
-7f0
70
-679
-4f0
155
-4f
-4da
-3c7
-ca
2c3
-9c3
135
e8
188
-bc
-2fd
-7d8
35
-697
-508
16e
-4b
-4d5
-3ad
-d2
2ce
-9a3
137
121
1b9
-da
-2f7
-80b
24
-6a3
-4d6
18c
-89
-4b8
-3d2
-9c
2c8
-9b4
124
d3
1b2
-d5
-352
-7e7
6
-699
-4e3
16e
-4e
-4a6
-3c2
-8a
2cf
-999
119
cb
18a
-89
-2e7
-7c5
26
-66b
-50c
18d
-3a
-4cc
-3c1
-95
2c7
-9b0
11b
d7
194
-a4
-30b
-815
-19
-69a
-530
1a2
-36
-4c6
-3d8
-a3
2ce
-9c2
11f
e9
1a3
-87
-31f
-827
-7
-673
-53a
1ad
-5a
-4dd
-3e7
-e5
2d4
-9d2
119
10f
177
-be
-314
-807
5
-69b
-52c
1a9
-60
-4fd
-3e9
-d3
2d2
-9e1
12b
136
15b
-ac
-314
-807
5
-69b
-52c
1a9
-60
-4fd
-3e9
-d3
2d2
-9e1
12b
136
15b
-ac
-314
-807
5
-69b
-52c
1a9
-60
-4fd
-3e9
-d3
2d2
-9e1
12b
136
15b
-ac
-314
-807
5
-69b
-52c
1a9
-60
-4fd
-3e9
-d3
2d2
-9e1
12b
136
15b
-ac
-314
-807
5
-69b
-52c
1a9
-60
-4fd
-3e9
-d3
2d2
-9e1
12b
136
15b
-ac
-314
-807
5
-69b
-52c
1a9
-60
-4fd
-3e9
-d3
2d2
-9e1
12b
136
15b
-ac
-314
-807
5
-69b
-52c
1a9
-60
-4fd
-3e9
-d3
2d2
-9e1
12b
136
15b
-ac
-314
-807
5
-69b
-52c
1a9
-60
-4fd
-3e9
-d3
2d2
-9e1
12b
136
15b
-ac
-314
-807
5
-69b
-52c
1a9
-60
-4fd
-3e9
-d3
2d2
-9e1
12b
136
15b
-ac
-323
-7ff
15
-683
-53c
1bb
-5f
-509
-3cd
-f5
2d3
-9d8
12f
169
15c
-a9
-312
-803
d
-683
-523
1ac
-52
-504
-3e3
-ce
2d2
-9e5
131
152
17a
-d1
-313
-824
-9
-692
-532
1a6
-67
-4f9
-3e7
-df
2d4
-9e8
13b
139
162
-b8
-314
-807
5
-69b
-52c
1a9
-60
-4fd
-3e9
-d3
2d2
-9e1
12b
136
15b
-ac
-314
-807
5
-69b
-52c
1a9
-60
-4fd
-3e9
-d3
2d2
-9e1
12b
136
15b
-ac
-305
-7f7
36
-68a
-534
1a9
-35
-515
-3d2
-ff
2c3
-9b7
128
177
14b
-b0
-2e0
-7be
66
-67c
-518
19a
-41
-50f
-3c3
-df
2c5
-9bf
130
136
16c
-d3
-315
-7c0
4d
-693
-50f
191
-53
-4cc
-39c
-a5
2d6
-9ab
139
fe
199
-c0
-32c
-7e3
39
-689
-4f8
18f
-43
-4b4
-373
-b4
2cd
-991
131
109
1a1
-c4
-2e6
-7d5
2f
-64f
-50e
1b5
-37
-4c0
-39a
-bc
2bb
-9a3
124
11c
1ba
-b2
-32c
-842
-14
-6ab
-4f2
18d
-56
-4a5
-3b4
-9f
2c6
-9ac
10e
c8
1c5
-c0
-33c
-7e8
27
-67b
-51a
1af
-4c
-4d3
-393
-107
2ce
-9a8
122
13f
173
-a2
-2d6
-7d3
50
-677
-532
1a7
-12
-510
-3b2
-ef
2c0
-9a8
130
170
16f
-d4
-2fd
-7d4
38
-676
-512
1b1
-5d
-4d7
-3a3
-b7
2c7
-9b5
12f
113
1ab
-b0
-33c
-7f3
3a
-68e
-4e9
17e
-28
-4b7
-383
-c5
2c6
-98e
124
10f
19f
-c6
-2f5
-7cb
30
-64f
-50c
1a5
-29
-4db
-3a7
-e0
2ca
-996
147
12d
198
-e6
-2ee
-7ba
34
-67c
-514
1a9
-58
-4cc
-3a0
-8b
2bf
-9aa
12f
f9
1c6
-ad
-31e
-7f7
-d
-691
-4f4
17f
-55
-4a8
-39b
-9c
2c4
-995
107
cf
1ae
-d1
-31b
-7f9
3e
-67c
-514
195
-53
-4ad
-394
-fd
2ce
-9a1
117
10f
16c
-cb
-30b
-7df
4e
-64d
-4f4
19a
-2b
-4b6
-3a8
-a2
2bd
-9a3
10e
102
18a
-a7
-30a
-83b
-74
-66c
-4f9
164
-18
-4b4
-3ef
-bf
2b1
-99b
105
d2
194
-e5
-33a
-800
-5
-668
-4db
12a
-ef
-4b7
-409
-107
2dc
-9e2
fe
79
171
-e7
-34f
-7f0
3e
-6f4
-4ca
ed
-cd
-4cb
-3cf
-be
2f0
-9c5
eb
ba
162
-c4
-30e
-807
-1
-685
-4e9
173
-4f
-4f3
-3de
-e5
2d4
-9e2
f1
12b
13d
-8f
-309
-815
d
-682
-529
1a5
-49
-4ff
-3f6
-c7
2d2
-9eb
11b
134
14a
-8b
-320
-94a
-d3
-593
-7c9
a8
f
-3f2
-3f1
-107
2eb
-9fb
5a
b4
116
-487
-3e0
-ad3
-17
f7
-3ac
-2a7
121
-367
-4f7
15
45f
-722
1de
-23d
-fc
-1d0
1bd
-f
-24e
-77e
-98
-509
-7dc
-72c
-160
-54b
e6
-100
-237
ef
e6
-604
e8
-5ac
-126
-980
-262
-63
-318
-165
-511
-41c
35a
-1f7
1a8
-48f
c6
-12
-76
-175
-120
-704
-468
1e2
-336
-11f
-2af
-b3
202
-1d3
18a
b7
1cc
-381
-68
-1a0
-15b
-6eb
-477
201
-371
-14c
-2d5
-cb
1ee
-1c4
161
ca
1cc
-377
-7d
-1d0
-b7
-69d
-4b6
1f6
-2f1
-141
-2e7
-e5
204
-1c1
164
ca
18f
-3a7
-84
-194
-c4
-6a8
-4a8
1ee
-2ee
-136
-2df
-d3
21f
-1ea
175
a2
164
-383
-95
-18a
-10b
-6cc
-49d
1f2
-2e2
-118
-2cc
-d4
217
-1c7
16c
cc
194
-399
-7f
-1af
-125
-6a4
-445
16d
-38a
-e3
-2f4
-92
209
-1b2
14d
a0
18d
-3a5
-c0
-13b
-10d
-6a9
-41d
158
-376
-e6
-2c4
-be
214
-1cf
10f
4c
18c
-31c
-5d
-1c6
-15b
-6dd
-49a
16b
-291
-130
-329
-cf
205
-19d
120
b5
139
-366
-6b
-1e1
-112
-66a
-44f
14c
-333
-ec
-379
-ec
1ee
-1da
133
74
138
-348
-f5
-156
-f7
-6eb
-3eb
e9
-3a7
-e7
-36d
-10c
22a
-1bf
130
6e
15e
-347
-a0
-16d
-e1
-6df
-41e
121
-341
-14a
-3b2
-138
233
-1d8
13e
bc
147
-373
-fa
-1c9
-98
-6fa
-410
14c
-388
-132
-3bd
-ee
23c
-217
16b
83
133
-31a
-c3
-160
-81
-6c5
-41c
119
-35e
-141
-3cb
-108
254
-201
17d
8a
133
-38a
-e6
-1a4
-a4
-703
-41c
146
-380
-12c
-39b
-f9
258
-206
19a
8b
168
-33f
-cb
-16b
-ce
-6d9
-401
16f
-394
-151
-38b
-122
24b
-1f3
185
ac
167
-381
-ce
-14f
-bf
-6e4
-3f8
15b
-37a
-152
-38e
-e6
240
-1fe
18c
a6
174
-381
-ce
-14f
-bf
-6e4
-3f8
15b
-37a
-152
-38e
-e6
240
-1fe
18c
a6
174
-381
-cb
-14e
-ba
-6d6
-3ea
152
-353
-158
-3a0
-de
238
-1fc
18d
91
17a
-38c
-b7
-150
-d7
-6f9
-43c
17c
-308
-16a
-387
-d2
23b
-206
18b
95
191
-3bc
-bd
-183
-ef
-731
-48b
1ba
-33c
-15a
-328
-ef
241
-209
187
83
165
-3a9
-a0
-184
-104
-6f3
-46b
1c5
-362
-13c
-334
-cc
235
-1f4
183
61
15b
-39c
-be
-1a7
-134
-718
-444
1b4
-383
-11e
-33a
-ea
238
-1e8
16e
72
175
-369
-c6
-15e
-f1
-6f5
-436
17b
-394
-14f
-361
-e5
240
-1d9
162
61
173
-390
-b8
-15b
-123
-70c
-480
19b
-395
-152
-354
-f9
238
-1e1
16e
bb
125
-391
-be
-164
-111
-6d4
-48a
1c0
-36d
-16b
-354
-132
227
-1e9
156
f8
13c
-362
-d9
-1aa
-d9
-6c3
-48c
1be
-359
-180
-356
-113
234
-203
161
108
143
-38a
-d4
-18f
-f2
-6db
-49b
1bf
-364
-195
-344
-11f
230
-200
153
113
130
-381
-d4
-18f
-f2
-6db
-49b
1bf
-364
-195
-344
-11f
230
-200
153
113
130
-381
-d4
-18f
-f2
-6db
-49b
1bf
-364
-195
-344
-11f
230
-200
153
113
130
-381
-d4
-18f
-f2
-6db
-49b
1bf
-364
-195
-344
-11f
230
-200
153
113
130
-381
-d4
-18f
-f2
-6db
-49b
1bf
-364
-195
-344
-11f
230
-200
153
113
130
-381
-d4
-18f
-f2
-6db
-49b
1bf
-364
-195
-344
-11f
230
-200
153
113
130
-381
-d4
-18f
-f2
-6db
-49b
1bf
-364
-195
-344
-11f
230
-200
153
113
130
-381
-d7
-193
-ce
-6bf
-4a3
1cf
-364
-196
-337
-139
22f
-1f1
15d
163
133
-39d
-e0
-186
-c1
-6a5
-48e
1c2
-365
-187
-326
-121
236
-204
156
176
149
-3a8
-da
-192
-bb
-6a7
-4a1
1f3
-325
-1a1
-2f2
-160
235
-200
14f
1bd
14a
-386
-cd
-1d3
-104
-6b9
-495
1e2
-31f
-1b1
-32f
-149
21b
-201
149
17f
152
-3c6
-f0
-19c
-122
-6ca
-477
1ac
-385
-187
-33e
-125
239
-21f
159
fa
15b
-3b5
-f5
-187
-f3
-6e6
-471
181
-382
-178
-352
-10e
23a
-1ef
153
f5
12f
-38c
-d6
-17e
-10a
-6c8
-48e
191
-35e
-188
-362
-130
230
-1e7
13b
134
121
-3a7
-b4
-188
-91
-6bb
-480
18c
-33f
-190
-34f
-122
21e
-1de
13e
f8
113
-375
-99
-179
-cf
-6cc
-493
1bd
-310
-159
-32a
-ba
22f
-1e4
13c
7e
139
-3a9
-b4
-181
-13a
-6d1
-499
1a9
-36b
-10b
-2f1
-f4
236
-1cb
131
91
158
-39f
-bf
-16d
-dc
-6b7
-485
1c2
-33a
-10e
-2b7
-133
234
-1c7
11b
bf
14e
-350
-78
-1a7
-e1
-6b3
-49a
1cf
-336
-127
-2fc
-10c
20c
-1c2
148
110
148
-32b
-c5
-1b7
-114
-6ac
-454
1ca
-367
-123
-32a
-12c
224
-1ea
14f
a1
187
-35f
-db
-1b0
-ea
-6c8
-455
192
-375
-15d
-334
-ef
22d
-1d9
169
b8
14b
-395
-80
-161
-ea
-6ce
-4af
1c5
-316
-179
-335
-d2
21d
-1f0
158
91
11e
-392
-9e
-17c
-11c
-6c6
-4a3
1ba
-352
-133
-30f
-c7
225
-1e6
14c
6c
162
-365
-93
-167
-101
-6c4
-479
1cc
-316
-136
-320
-106
229
-1c3
145
a9
169
-392
-af
-16f
-103
-6c6
-4b1
1be
-316
-12c
-30d
-d5
22c
-1d8
135
6a
154
-396
-b7
-171
-111
-6c0
-481
1bd
-36b
-114
-2db
-eb
21c
-1c9
133
99
154
-330
-89
-17f
-147
-69a
-48c
1ac
-34a
-126
-32d
-137
21b
-1c0
137
9b
151
-394
-89
-1a9
-e5
-6bd
-482
18f
-37e
-12b
-35c
-10a
230
-1e9
12d
93
155
-3c0
-cc
-134
-f3
-6de
-478
17f
-3ad
-10e
-312
-e6
231
-1de
108
71
134
-334
-b9
-19b
-156
-689
-4be
1af
-286
-129
-349
-14b
20f
-19f
11f
ca
13c
-394
-cc
-1f0
-a7
-6bf
-4a2
19f
-3b1
-148
-2ca
-123
23f
-23a
157
54
181
-3ca
-ab
-1c8
-116
-71a
-48a
170
-3f3
-18a
-2df
-14e
23d
-1d6
13e
110
136
-3a4
-97
-1b2
-f9
-67b
-497
1d7
-3aa
-199
-344
-13e
22a
-1fc
139
12d
12d
-36e
-cd
-193
-f2
-6b1
-4a6
1c3
-35c
-18b
-351
-112
230
-1ed
14a
fb
12e
-383
88
-345
-1fd
-675
-545
58
-33a
-121
-42a
-f3
20d
-1db
18a
1ca
10a
-6f2
-341
-40c
eb
-e6
-7f1
-203
-2a0
-10a
-315
-d4
43f
-2a9
23b
-539
-61
-430
243
-7e
-e5
-347
99
-606
-450
-4cc
-76
-447
-28
e5
-177
-ad
-24
-d9
2b9
-39d
-57
-4c7
2e
-de
4b
-c6
-40f
-280
2e4
-32
18b
-59a
e3
f3
be
-4b
-62
-267
-1b0
102
55
27
-20f
b1
169
-29
1ab
-7a
18c
-143
9e
-49
-2f
-261
-1a9
e0
49
28
-22d
86
153
-3a
17b
-42
17d
-121
a6
6
24
-230
-1ba
bb
6d
18
-259
7e
179
-28
18d
-6c
160
-fe
a9
-43
-3d
-26c
-1d3
e6
64
24
-250
8d
17e
-2b
17d
-8e
143
-11a
c4
-38
-25
-220
-1d7
a1
72
2c
-254
80
162
-18
16f
-76
146
-108
e5
-c7
-3c
-26b
-1f3
7e
7f
57
-25d
6b
143
-b
16e
-52
142
-151
b7
-85
-6d
-1d7
-16a
4a
-a2
-16
-2ab
18
163
-17
168
-81
113
-14d
c1
18
41
-25c
-139
-11
-31
7
-329
5c
18d
-4c
168
-db
f3
-111
66
-46
98
-288
-145
-2
6d
61
-2ea
a8
19a
-3a
1c1
-e0
10d
-a5
79
-4c
46
-249
-154
6b
11
f
-28d
11
1b2
-36
1dd
-81
132
-130
97
-12
6a
-239
-11e
9e
-26
-6
-2bf
2d
1ab
-74
1d2
-6a
163
-11d
6c
-22
73
-282
-148
9e
56
19
-28e
53
1c2
-34
1ec
-8b
16c
-157
94
-9
44
-276
-163
d5
2f
10
-28c
54
1cb
-66
1fd
-4b
15d
-140
7f
-21
27
-272
-168
f8
40
b
-245
65
1b2
-2d
1ea
-8a
159
-147
80
-28
66
-239
-15b
e1
52
13
-238
74
1b2
-48
1f3
-4b
15b
-153
7f
7
52
-256
-147
d7
4b
18
-241
6e
1aa
-39
1f0
-3c
17a
-13c
7a
1b
59
-250
-14f
e2
42
1d
-233
73
1af
-3f
1e8
-3e
182
-136
7a
1b
5b
-257
-16b
100
5c
19
-21b
45
1a7
-28
1e3
2a
181
-126
a2
-6
34
-23d
-162
fc
4f
16
-241
6a
18f
-33
1cb
-28
19a
-12d
92
-5c
c
-256
-17c
105
6f
1c
-21c
60
19c
-38
1ce
-89
179
-128
87
-6c
7
-255
-1af
f2
78
16
-25a
5e
199
-37
1c6
-48
164
-11c
95
-4c
84
-23b
-1be
f9
91
13
-22e
43
180
-23
1cb
1
172
-127
93
-6d
-5
-237
-1a3
f0
53
-e
-239
4c
18d
-37
1c5
0
168
-14d
82
-5d
-5
-210
-1a0
fb
20
-c
-244
b
18f
-3b
1a4
10
148
-143
7f
-22
1b
-22b
-194
c9
32
-1c
-25e
22
18a
-36
19b
14
11e
-131
7f
-22
1b
-22b
-194
c9
32
-1c
-25e
22
18a
-36
19b
14
11e
-131
7f
-22
1b
-22b
-194
c9
32
-1c
-25e
22
18a
-36
19b
14
11e
-131
7f
-22
1b
-22b
-194
c9
32
-1c
-25e
22
18a
-36
19b
14
11e
-131
7f
-22
1b
-22b
-194
c9
32
-1c
-25e
22
18a
-36
19b
14
11e
-131
7f
-22
1b
-22b
-194
c9
32
-1c
-25e
22
18a
-36
19b
14
11e
-131
7f
-22
1b
-22b
-194
c9
32
-1c
-25e
22
18a
-36
19b
14
11e
-131
7f
-22
1b
-22b
-194
c9
32
-1c
-25e
22
18a
-36
19b
14
11e
-131
8b
-2e
2f
-227
-18c
c7
31
-11
-26d
2a
188
-30
1a1
31
120
-150
a8
-53
74
-1f0
-179
a7
3c
-11
-26a
-18
18b
-1d
19b
bb
ff
-16a
84
-1b
a2
-215
-132
b0
-17
-1a
-243
24
191
-58
183
61
144
-13e
7e
-8
3f
-24f
-13b
8c
-8
-41
-22f
8f
189
-44
182
-4
148
-132
99
-54
-1b
-22e
-1c5
cc
f8
-1f
-213
4f
17c
-33
15c
14
154
-163
59
-6f
36
-1ee
-19c
c8
76
7
-21e
43
180
-4f
174
-49
18d
-147
68
-26
-2
-229
-193
8e
34
-1c
-21d
-42
1aa
-19
18d
6e
149
-17a
c2
-88
19
-1e6
-170
48
43
2
-2c2
-23
173
14
153
33
118
-18e
3a
-e
6a
-248
-107
2b
-a6
49
-271
29
1af
-28
167
-c6
e3
-f8
84
64
-24
-250
-15d
45
1
55
-249
54
1a3
46
14c
-58
fd
-137
b9
-81
-4e
-229
-173
54
41
3b
-263
19
175
1a
12c
-19
119
-13e
8d
-34
32
-213
-16d
81
-3c
13
-231
-1b
18c
-39
122
-6d
ea
-e9
bd
-41
21
-231
-1ab
a9
a0
1
-277
21
177
e
13d
-2e
c4
-11e
6a
-59
-20
-228
-188
cf
62
2e
-25b
46
18b
-56
17a
-7b
138
-f8
8d
-3e
-a
-20f
-17c
c6
23
a
-272
1f
194
-1e
19b
-c
130
-163
6e
16
3
-24d
-17c
97
-31
b
-27c
36
193
-3d
17f
-31
108
-112
91
9
-2c
-23d
-191
b5
5a
1a
-268
1f
182
1a
184
16
100
-12c
c4
-65
-27
-1ed
-18e
69
10
8
-2a7
11
16a
-13
169
8
f0
-14a
77
-7
20
-232
-13e
48
-29
35
-27e
26
187
-d
14d
-69
103
-ec
9d
-12
-44
-245
-18e
82
75
2
-27c
2
178
26
162
-c
e3
-138
c0
-42
26
-1f1
-1b1
89
43
9
-29d
26
164
-36
17c
13
10a
-144
a6
-2d
-9
-1d0
-15e
39
-21
2f
-29d
32
16c
14
165
-b
fd
-fc
a6
-2f
-55
-23c
-14d
43
-80
5
-269
-23
16e
15
136
-24
116
-175
93
1d
3c
-1ff
-17a
31
40
1
-303
-10
170
-a
153
-3e
d1
-167
6a
-27
3b
-28e
-183
62
3a
13
-1ff
72
19a
-1b
19c
-5d
11b
-122
d4
-88
-2c
-250
-195
e6
-23
-4b
-228
6
177
-57
192
5b
106
-132
b4
-bc
3a
-1b6
-198
e9
1a
e
-267
23
16d
-2e
188
63
10f
-145
70
-c
32
-1ff
-169
b5
f
21
-25a
2b
197
-34
17b
-5
108
-fc
1da
-1c0
-11c
-1cf
-2ce
-86
1b
98
-303
22
182
-24
1a4
e1
d2
-4ba
-20c
-37f
8e
4b
-259
-1ac
55
36
-2ec
-107
3c3
-dc
20b
-51e
-3
-399
243
-7e
-e5
-347
99
-606
-450
-4cc
-76
-447
-28
e5
-177
-ad
-24
-d9
2bc
-3a2
-70
-4c2
3c
-e4
47
-cf
-411
-281
2e1
-31
179
-5b2
ef
ed
a0
-6c
-73
-279
-194
e5
50
30
-246
9b
16b
-3d
19a
-7d
18a
-135
73
-5a
-26
-279
-187
92
27
24
-268
6e
164
-3d
199
-69
149
-117
9b
-13
-11
-251
-1a7
a5
2d
6
-291
51
17a
-39
198
-48
132
-121
a9
-3f
-1a
-24f
-1bc
bd
65
d
-282
41
170
-29
193
-2f
133
-133
a7
-40
-19
-25d
-1be
aa
36
7
-281
59
160
-5a
1aa
-13
126
-fa
ed
-7b
-2c
-239
-1ef
9c
8d
-3
-2eb
f
14b
-11
1b0
24
112
-186
ce
-d4
7d
-1f8
-1b3
70
49
-1a
-298
55
16e
-4f
1b2
-eb
135
-17e
49
-40
9f
-27e
-12b
42
-59
39
-2ac
6e
1b8
-72
1b4
-b4
13e
-c9
7b
42
66
-27e
-174
a5
6
3a
-269
0
1d9
8
1ee
-6b
154
-139
a2
-5e
4b
-247
-180
f9
58
-9
-25e
47
1c0
-45
206
-7a
158
-171
87
-20
62
-240
-154
ee
32
13
-258
7d
1b8
-56
202
-42
176
-12e
a5
-4
1d
-256
-185
fc
88
15
-23a
5c
1b2
-12
1ee
-40
17d
-151
a2
-40
d
-246
-190
128
6e
b
-233
92
19b
-3d
1bf
-6d
180
-12b
6e
-55
34
-26b
-1a5
ef
90
26
-1e9
62
1a0
-13
1b1
-54
15b
-128
7f
-42
5a
-221
-19c
fe
7f
14
-21b
39
1a8
-19
1d1
-24
137
-122
a3
-2d
34
-236
-1a2
109
8e
16
-21e
61
1a2
-11
1dc
-1c
172
-13f
8f
-32
2b
-258
-187
106
32
21
-1f6
87
1a0
-27
1c9
-49
178
-136
cf
-28
54
-21d
-1b6
112
85
1a
-1e1
5c
18b
5
1a2
24
149
-13b
c7
-48
4
-226
-1ad
11b
98
2a
-21f
9c
16e
-21
161
-4d
181
-128
4c
-57
-38
-267
-183
c1
4a
5b
-214
7c
198
-1c
170
-a0
147
-119
5b
-12
13
-24b
-196
e9
6a
37
-250
3d
1a4
-1f
19c
-3b
11d
-109
6c
-17
12
-24c
-17f
d6
26
14
-238
77
19d
-31
1b4
-42
12f
-f7
86
-3f
-3c
-241
-19c
ec
7a
1
-24d
39
181
-27
191
-29
132
-136
6b
-51
24
-217
-19d
c7
54
-10
-265
42
188
-47
1a4
-3
146
-126
7f
-22
1b
-22b
-194
c9
32
-1c
-25e
22
18a
-36
19b
14
11e
-131
7f
-22
1b
-22b
-194
c9
32
-1c
-25e
22
18a
-36
19b
14
11e
-131
7f
-22
1b
-22b
-194
c9
32
-1c
-25e
22
18a
-36
19b
14
11e
-131
70
-1a
2b
-213
-1a4
db
33
-28
-242
0
18b
-2d
19f
47
11f
-12e
72
-16
33
-1fb
-19b
de
41
-2f
-23c
5
18b
-31
1a5
63
13e
-153
82
-3b
15
-20a
-191
c9
39
-1f
-256
1b
18c
-41
1b1
33
144
-162
92
-45
-4
-20f
-19a
c9
3a
-18
-279
b
187
-2f
1a2
32
120
-15b
77
-1e
14
-21e
-17f
9b
22
-c
-282
13
188
-29
17d
16
114
-155
7f
-1b
2f
-22c
-167
64
3
a
-26d
31
192
-2a
17d
3
112
-11a
ec
-75
d4
-20a
-1a4
88
4f
1
-28c
e
17f
-18
19e
4f
d0
-10e
ad
-86
58
-220
-148
63
1
-1f
-274
9c
17a
-2e
166
-a6
11f
-161
ba
47
-88
-264
-167
62
-92
-d
-223
9e
19b
-4a
16f
-b8
178
-149
bf
59
67
-244
-1e3
94
-3
27
-238
9d
173
-37
166
-80
175
-11b
88
-93
30
-1d0
-1b1
94
fd
16
-212
40
176
1c
173
38
14a
-15e
e6
-73
c1
-19e
-180
7d
7d
-11
-23f
-4
170
-4f
189
4d
16b
-f9
e8
-8d
4
-200
-158
32
7d
30
-2dc
65
16b
-13
185
-b9
180
-125
47
-9a
0
-286
-12a
d
-9d
70
-21f
16
1c4
-9
191
-180
160
-15d
e3
41
-1b
-22a
-11d
2c
-af
5
-248
e
18c
4
18a
-54
111
-165
110
b
-6
-1fa
-1c4
42
-3e
-6
-269
2d
159
-13
169
-4d
154
-13f
ca
-93
-1e
-22c
-18b
4b
-b8
-31
-1ec
14
172
-1c
135
-cd
10e
-166
c9
-a
-17
-1da
-194
89
-21
-1e
-297
-a
186
-22
13f
-34
d6
-145
86
-46
-f
-220
-1a2
8c
94
20
-271
-11
180
16
15e
-47
118
-16b
b2
-63
2a
-1dd
-17a
69
50
-1
-2b1
1
177
-18
174
31
fe
-154
55
-20
2e
-22e
-11f
3b
-41
1b
-28c
1d
194
-1b
167
-43
f6
-111
93
4f
f
-1fc
-15a
36
-10
-1
-284
23
18b
5
160
-d
10f
-136
b9
-3a
5
-21e
-183
41
52
e
-270
31
158
c
158
-3
11f
-13d
82
-32
-13
-208
-175
80
-4e
-9
-228
-1e
176
-17
14c
-45
128
-12d
e2
-37
3
-209
-18c
85
f
-26
-277
-28
17c
11
164
-9
fb
-187
9f
-41
73
-217
-14a
52
-21
2b
-28d
4f
183
-47
182
-48
fc
-e5
99
-17
13
-1f2
-1a2
47
4
0
-27c
-1c
174
24
1a9
19
dc
-109
102
-56
-4
-1e4
-13d
63
-3a
-4f
-258
-4
15d
-30
17d
-92
149
-1ca
b8
-14
92
-265
-15d
45
-7a
-3
-2a0
4a
196
-84
1a9
-9c
14d
-104
98
-29
-15
-286
-183
7d
-11
-e
-241
f
1b1
2b
1a0
-96
11d
-17c
d2
-33
a
-230
-12c
93
-ac
-46
-28b
11
194
-6f
191
-f
134
-14a
ae
-1f
45
-220
-148
39
10
10
-2da
3c
187
-4
185
-38
10e
-110
63
-46
2b
-239
-134
54
-34
-17
-2b3
24
19a
-33
17d
-78
103
-111
1df
-15c
-f4
-1a5
-277
-f9
-72
79
-349
28
180
-2c
19a
5c
dc
-4fa
-216
-33b
89
c
-230
-221
5d
37
-2f9
-db
3c7
-c2
1fe
-580
2e
-3ca
243
-7e
-e5
-347
99
-606
-450
-4cc
-76
-447
-28
e5
-177
-ad
-24
-d9
2be
-38a
-53
-4d4
45
-e1
34
-c6
-40c
-285
2e4
-43
169
-5b5
fd
fc
7d
-7f
-3d
-291
-196
dd
87
39
-24c
88
170
-34
18f
-53
191
-123
3d
-4c
-21
-268
-191
c2
2f
13
-24b
39
187
-57
19c
-20
151
-119
91
-2a
-16
-23e
-1ac
d1
45
-15
-27f
22
174
-3c
192
50
122
-145
86
-5c
1
-248
-18c
9d
32
-3
-2a9
2f
16a
-3b
197
4a
11e
-158
91
-3e
0
-22f
-163
9b
22
10
-2c6
49
172
-3e
18b
3a
108
-144
88
-41
86
-233
-17a
45
8c
3d
-316
87
179
-48
1ad
-18
d9
-fe
3c
-60
88
-277
-171
56
5c
53
-29b
88
1b8
-30
1eb
-94
106
-9f
9e
-35
3c
-254
-16e
d9
41
20
-252
-9
1cb
-19
1fd
-55
13c
-124
9e
-61
66
-23d
-16a
ff
72
5
-243
47
1bb
-39
20b
-45
16c
-147
89
-3e
49
-246
-16a
102
7c
c
-237
75
1b2
-31
1f5
-36
179
-12c
a8
-2e
24
-244
-18e
10b
8c
11
-220
67
1a3
-1a
1de
-2b
180
-13e
a6
-3a
e
-242
-18d
10d
75
13
-22c
85
18e
-22
1be
-66
178
-124
84
-1b
-1
-253
-180
cf
19
37
-225
ae
18a
-28
1a3
-88
170
-10f
97
-30
-c
-258
-1bd
d1
8e
f
-22a
16
191
9
1a3
-37
136
-134
9e
-5c
62
-232
-1c4
115
8e
-2
-240
4d
19f
-42
1a4
-4c
13f
-13b
7f
-38
8
-241
-198
e8
7f
2d
-235
9b
196
-15
1a7
-85
14c
-129
8e
-51
-33
-256
-19a
10c
41
25
-1e0
57
18a
-19
193
-40
14f
-12c
ef
-27
56
-20e
-1d3
cf
c
18
-210
85
167
-37
186
-29
12f
-117
f3
-61
-61
-1e3
-1e3
94
2c
41
-24f
c4
15c
-1e
149
-c8
159
-10b
73
-95
-38
-230
-1bc
83
5a
5b
-247
32
18a
4
155
-e3
14b
-ff
7e
-63
24
-21b
-1ba
96
58
e
-287
9
19b
-11
180
-71
10f
-145
91
-3b
-d
-25c
-199
af
52
-7
-264
1d
190
-22
18e
-3d
114
-146
80
-14
10
-23c
-19a
b8
40
-10
-273
1a
188
-42
190
-d
11b
-135
64
-3
38
-20e
-1a1
c7
3c
-1c
-24a
8
18f
-29
1a6
3e
12b
-127
72
-16
33
-1fb
-19b
de
41
-2f
-23c
5
18b
-31
1a5
63
13e
-153
8f
-44
1
-205
-194
cf
41
-22
-269
f
189
-39
1a9
3c
13d
-172
5e
-30
2a
-219
-196
cc
14
-1e
-23e
-5
190
-3d
1a5
23
121
-137
7d
13
3b
-21c
-1a4
ea
54
-3b
-208
d
18c
-3c
193
61
149
-174
b3
-49
-3
-230
-1dd
118
65
-39
-20f
11
17c
-45
18a
5c
147
-197
8d
-57
-29
-241
-1ce
fc
4d
-16
-232
59
178
-47
177
-d
138
-161
74
-46
-13
-208
-1b7
9b
36
c
-256
5d
18c
-2c
17e
-1e
fd
-135
76
-47
1c
-1ba
-169
36
34
9
-294
-6
17d
a
165
-16
e1
-153
56
4
4d
-241
-10a
2f
-3e
-3
-28a
-1e
1a7
-2b
17b
-55
10f
-11f
d8
-e
78
-25c
-181
49
-53
10
-2a0
5a
1a9
-12
1c1
-4b
df
-14f
ff
-c4
-3f
-246
-13b
61
27
27
-28d
81
194
e
1a7
-13e
c4
-143
cb
-51
2
-274
-11a
88
-55
24
-256
51
193
-30
19f
-f8
131
-12f
df
83
-e
-261
-137
3a
-120
b
-257
65
185
-1b
18a
-17
144
-14f
e5
29
c4
-226
-1af
5a
44
0
-271
43
16f
-5
189
-3a
11f
-f7
f2
-ae
8d
-1fd
-1a6
99
ac
c
-25c
a2
167
-1d
1d5
-64
13d
-dc
c9
-21
-d
-1f0
-1a2
f7
32
5d
-27e
65
180
-33
1ca
-ed
1bc
-103
41
-78
3a
-238
-181
d3
66
48
-1a5
-1d
1c8
29
201
-b3
1c4
-1b0
118
-bd
63
-214
-141
128
-30
-3f
-1ef
-e
17c
-71
1f0
59
188
-1a9
db
-5
1d
-225
-14f
b5
-10b
13
-219
60
175
-68
1da
-4e
1a2
-165
ed
-43
-40
-243
-17e
ae
-74
-5
-1e8
1b
18a
10
18d
-4d
157
-1e7
d7
-5b
26
-1dc
-150
9d
-81
-8
-26b
-1c
173
-33
175
4d
103
-12c
ac
a
6d
-1d8
-124
45
2e
42
-299
21
18b
29
165
-22
125
-153
a8
-76
84
-229
-133
40
34
28
-29c
26
192
-33
1a2
-2a
105
-fe
7d
-6e
60
-233
-120
7c
19
1b
-26b
30
1a7
-18
1b6
-81
109
-141
a5
e
-19
-210
-123
6a
-6d
-4
-254
5a
1a4
-58
1c6
-3b
12e
-143
ae
65
6
-22b
-170
53
-4b
-3
-269
22
175
-b
196
-37
151
-104
d9
-3c
-20
-206
-149
93
-2
-4b
-242
-2d
170
e
193
-95
148
-1a5
e5
-27
8f
-240
-166
80
-22
-36
-2bf
3c
18a
-91
19b
-93
131
-12e
5b
-18
9c
-275
-186
90
-1c
1e
-223
-b
1b0
-1c
1b0
-2f
125
-ee
b7
-20
a9
-1e6
-19c
125
67
-44
-1fb
-27
197
-39
1c8
55
149
-1a6
eb
-91
-32
-259
-1b7
127
4b
-1f
-214
58
16e
-6a
1ca
-5f
174
-19d
87
-36
1b
-293
-187
120
-92
16
-1e8
3f
1b1
-79
1e1
-b0
169
-f4
ad
-39
10
-240
-1a3
107
37
13
-207
3e
1b3
-3
1bb
-aa
123
-1a7
a7
-78
c
-23a
-14a
d3
-18
5
-23e
4c
190
-69
1bf
-6e
11d
-144
a6
60
40
-237
-15d
b3
-4d
a
-295
55
1a3
-55
1ad
-a9
130
-111
98
a
1a
-25b
-18f
b9
2a
18
-249
65
1ba
-1e
1ab
-fb
134
-183
212
-186
-fc
-1ae
-2a9
-8e
-91
9c
-2c8
44
18e
-47
1cd
5c
f9
-509
-1d6
-2bc
5d
24
-229
-1d6
-2
37
-2ab
-11f
3d2
-c2
202
-569
5f
-3e4
256
-7f
-fe
-354
7d
-5f3
-446
-4d1
-61
-441
-2c
df
-17d
-b0
-16
-e8
2cc
-3a5
-80
-4c3
33
-e1
-b
-c7
-401
-276
2d3
-32
15d
-5ad
e1
10a
75
-5d
-25
-263
-19b
bf
7e
43
-245
7f
16b
-24
187
-49
18d
-113
57
-80
-1c
-216
-1a9
ae
6d
18
-269
26
180
-40
191
-16
157
-14b
b2
-79
14
-201
-191
69
5e
-2
-2dd
17
16d
-22
186
57
110
-167
8b
-5a
69
-239
-12e
1e
42
30
-2f9
3c
18a
-40
17b
-4c
118
-10b
63
-43
69
-259
-114
5
3
32
-2fa
6a
1a2
-43
195
-99
10e
-bc
69
-3
a9
-24d
-154
18
5
33
-310
5c
1c4
-4b
1d1
-54
127
-98
87
-4b
53
-25b
-1a9
a4
84
1e
-296
a
1c9
7
1e6
-8e
12a
-110
9d
-94
5c
-224
-176
104
7e
-11
-255
3c
1bc
-41
1ff
-4c
154
-147
89
-3e
49
-246
-16a
102
7c
c
-237
75
1b2
-31
1f5
-36
179
-12c
88
-24
51
-23c
-16f
f2
7a
19
-222
6d
1aa
-1c
1ec
-31
179
-11f
aa
-1d
2c
-236
-188
fe
82
14
-221
89
196
-23
1dc
-46
197
-11b
b4
-4f
7
-24b
-19f
108
77
18
-23c
73
182
-23
1bc
-36
184
-118
90
-57
-3b
-261
-198
d1
32
2a
-24f
60
185
-1f
1ad
-64
159
-142
77
-20
2e
-24c
-189
b6
1b
f
-261
4d
193
-48
1a4
-89
121
-123
98
-22
14
-24e
-199
c0
69
14
-24e
7e
19a
-22
1a0
-75
128
-11c
98
-24
-3e
-23a
-1b6
cc
4f
1d
-266
4d
189
-1b
187
-66
14b
-114
a1
-42
9
-232
-1b5
c6
5f
8
-239
22
174
-10
17c
-46
13c
-14a
de
-2f
0
-26f
-1bb
b9
-28
-e
-262
7d
16f
-53
19e
-25
11d
-13b
d0
-b
-64
-241
-1df
b6
-14
24
-276
7f
167
-33
19c
-75
135
-f0
82
-5a
23
-1e8
-1d4
d6
42
10
-252
-12
184
-21
1b7
-c
149
-12d
8c
-34
42
-1e5
-1a7
f0
37
-31
-25f
-b
192
-41
1cc
72
142
-170
a6
-57
-15
-1e4
-1af
d4
3b
-1f
-26a
-9
17f
-30
197
5b
13f
-189
5b
-65
28
-23a
-16d
b4
14
-5
-24c
18
18b
-3a
18b
-13
11e
-128
75
-2
3a
-22a
-180
ca
32
-17
-229
1f
199
-3e
189
14
104
-14d
a0
-19
13
-223
-197
da
44
-15
-24b
3d
18a
-3e
180
10
115
-16c
9a
-10
-18
-22e
-1a0
c4
58
-c
-264
79
180
-4d
170
-2e
139
-148
4c
-14
26
-258
-19c
a0
18
3
-219
5e
1a5
-48
162
-2f
127
-146
a4
-6
8
-234
-17e
b3
25
-8
-226
40
182
-14
16c
15
fb
-12e
dd
-6c
d
-23a
-186
96
49
-1
-282
86
163
-4a
16c
-14
105
-141
8a
-47
-29
-200
-19e
6a
43
17
-2bb
8e
17c
-5a
147
-75
118
-113
43
-4f
1f
-239
-1cc
3a
26
2f
-27d
5f
18d
-2c
15f
-2f
f2
-10c
6e
-63
3e
-1b4
-1ad
53
80
-8
-282
-31
184
4
187
-12
9d
-157
73
-5b
47
-21b
-128
80
8
-2a
-24f
-23
1ae
-46
1a7
-b9
116
-155
d5
-1
32
-281
-158
61
-5c
-c
-293
46
1b6
-35
1d8
-55
12c
-152
a9
-35
3b
-23c
-19d
ac
21
7
-26b
42
1ab
-14
1bf
-e9
120
-104
ba
-95
27
-241
-17e
ea
48
-6
-21b
47
1a8
-24
1d3
-aa
129
-15a
e8
-24
4c
-261
-157
eb
-4c
-d
-1e4
19
17f
-58
1c3
-29
130
-163
d1
4f
8d
-24b
-165
cb
-bf
-16
-20e
47
197
-4a
1bc
-21
161
-104
10f
8
59
-21e
-1ac
10d
80
3f
-21e
58
18b
27
1c6
-aa
171
-153
b6
-3f
24
-1fb
-1bf
118
63
7c
-223
c2
191
-3b
1e1
-e7
1df
-13c
8a
-45
8f
-21d
-1cd
113
85
3d
-16b
5
1b9
d
1c9
-52
1bd
-19d
d1
-9b
98
-21d
-19b
166
be
-1e
-1ad
62
188
-42
1ac
2f
196
-15d
82
-82
-17
-243
-14a
ff
-17
1f
-1c2
86
183
-38
1ca
e
1bf
-164
d4
-35
8
-1f4
-143
ac
-7b
6
-204
25
173
-39
1b9
16
187
-17d
bf
-5a
89
-205
-16f
bf
10
-6
-236
62
168
-56
1a6
e
158
-122
e7
-2d
-7
-1c5
-18c
b4
1e
-28
-26f
34
17f
-3c
1c1
-3a
13f
-161
c0
-18
dc
-256
-197
d3
-32
10
-23e
31
1c3
-6d
1d5
-4b
188
-126
b5
-96
7
-241
-18b
11d
87
-10
-249
2e
1bb
-16
1d5
-3f
14a
-15d
b3
-66
2b
-224
-19e
136
6
-34
-208
53
1a3
-88
1fb
-1e
15f
-160
94
1a
3c
-23d
-162
d2
-3f
-3e
-22d
4b
188
-57
1fd
31
151
-188
c3
-8
59
-228
-158
f5
5b
-3f
-22d
51
189
-39
205
-40
15a
-1b7
98
-22
81
-263
-157
e8
-26
-20
-230
5f
1a5
-8a
20a
32
17a
-e8
c8
-f
b7
-236
-188
105
1a
-38
-1dd
-d
1ad
-13
1e4
59
1a8
-1ac
11e
-4b
4d
-207
-1b0
13c
3d
-4c
-203
59
17f
-48
1d6
1f
193
-16b
d3
-6f
-90
-243
-1df
116
a9
1e
-25b
f2
15e
-23
178
-103
1c4
-170
34
-92
-35
-269
-1be
b7
20
53
-1f3
6c
1a5
-1a
195
-113
154
-11e
7f
-10
3
-227
-196
bc
2a
7
-253
b
1ad
-9
18e
-53
f7
-136
8b
-34
1c
-22c
-196
d9
73
0
-25c
2e
199
-15
1a7
-55
112
-133
86
-11
16
-231
-186
cc
-a
-6
-268
3e
1a0
-34
1bc
-23
fb
-fe
a0
5
2
-224
-188
cf
10
-7
-256
-3
1a0
7
1ad
-2e
fc
-12e
221
-1d1
-ea
-1a8
-2c6
-81
-3e
8b
-29f
55
174
-22
1c8
8b
d1
-509
-1ab
-314
48
42
-25d
-1b3
2d
13
-280
-12b
3ae
-d1
1f2
-510
18
-3c9
252
-a3
-132
-365
74
-5c7
-43a
-4cd
-42
-427
-3a
d7
-1a2
-a9
-23
-c2
2c3
-3e5
-b4
-4bb
12
-e1
16
-b6
-404
-285
2be
-44
139
-59d
b1
eb
7a
-4a
-57
-24e
-197
c8
42
3d
-26c
37
170
-3d
182
-2a
15d
-127
85
-4e
-9
-20f
-199
6c
4f
2e
-2a6
31
180
-20
176
4
13d
-17b
a4
-84
6b
-21d
-14e
38
73
3c
-2ff
45
16f
-34
17f
-7
db
-f6
2b
-2f
96
-24d
-132
23
-1
4e
-2db
35
1b7
-3a
1a5
-c5
f8
-9a
6b
-1d
68
-27a
-13b
9f
1a
27
-27b
1f
1d4
-23
1e5
-6b
13a
-12c
8d
-11
5f
-260
-167
cf
-4
8
-286
4b
1cc
-62
215
-67
154
-121
9f
-33
3f
-241
-17f
106
50
6
-251
65
1ce
-2f
20f
-87
174
-15a
b6
-54
1e
-23c
-194
122
89
8
-232
6f
1b6
-32
1eb
-56
17c
-167
8a
-39
2e
-25a
-18d
10e
6f
16
-205
7b
1a1
-29
1d0
-5d
16f
-127
8b
-2b
2d
-246
-1a9
10c
87
18
-1fd
73
1a2
-14
1d4
-2f
15c
-12a
97
-1f
19
-24b
-19f
11a
57
19
-218
7c
190
-1d
1d3
-b
174
-10d
ae
-1c
29
-22f
-1b0
109
70
1e
-241
67
182
-1e
1c5
-13
169
-109
61
-7a
21
-25a
-1a0
e3
90
1f
-228
59
18d
-1f
1b4
-3b
17d
-136
62
-5e
f
-23d
-179
c0
11
-1
-24e
3d
1a1
-34
1af
6
163
-12a
ae
-34
-37
-260
-19a
e1
2a
-2
-24b
f
186
-e
1ab
-e
109
-136
8c
-2a
7
-233
-1a5
d3
3d
-12
-272
33
175
-45
1aa
15
11c
-11c
93
-22
-1
-228
-18a
cb
28
-20
-260
35
179
-2e
1ba
1a
11b
-118
ac
-39
-1d
-253
-1a1
d9
f
-28
-25f
37
171
-3b
1a6
9
103
-146
88
9
32
-237
-1c2
f1
5
-1a
-243
7
17b
-45
1a0
47
132
-101
7f
-29
8a
-207
-1c5
fc
82
-2e
-1f2
-20
186
-22
1a4
a6
158
-152
d0
-6b
3
-1ec
-1dc
13b
99
-61
-21c
-24
16f
-3e
17e
cf
151
-1a8
a3
-7b
-1e
-22f
-1ce
af
21
f
-23e
4f
168
-37
156
-27
161
-17a
2f
-74
-10
-24a
-182
8f
18
1d
-214
14
191
-8
151
-66
107
-12e
98
-20
b
-218
-191
98
27
-14
-25b
4
191
-21
16b
26
d3
-14f
9c
-70
e
-228
-179
5c
1d
-5
-2ab
41
178
-26
188
-12
e9
-16d
8d
-38
4
-1f5
-153
2c
13
11
-2ea
68
17e
-16
187
-16
e4
-10c
6e
d
2c
-264
-14b
24
-55
14
-25a
48
19a
-38
17f
-73
103
-de
96
-5a
10
-25d
-17f
77
8
-21
-27c
1
188
-1c
177
36
d6
-168
c5
-a4
88
-222
-142
43
1a
2b
-300
62
18a
-30
1a2
19
d2
-125
4d
-43
25
-21c
-106
40
-57
4c
-30d
81
1ac
-48
1b3
-8e
fe
-8b
8b
-21
12
-242
-13c
23
-2c
2
-2b2
26
1b0
-2d
19a
-48
119
-144
a0
-3b
56
-220
-1d8
66
55
-3a
-2ea
-e
191
-29
1aa
-42
eb
-153
88
-6c
45
-25f
-192
aa
71
-24
-236
1e
1ac
-16
1b0
-cf
119
-170
be
-37
43
-28c
-172
f2
15
-13
-234
41
193
-4f
1de
-1a
143
-11d
8f
-2b
64
-239
-1d2
11e
-1a
-15
-210
3c
1aa
-22
1e9
-1a
15e
-12d
c1
-73
42
-208
-19a
12d
85
0
-21a
16
1a9
-3
1e7
13
142
-175
c4
-51
6b
-218
-168
11a
0
-20
-1fc
3d
19a
-3e
1e5
6
14b
-158
b7
14
66
-26d
-156
c4
-1d
-f
-1bc
5e
180
-d
1aa
-14
14d
-147
e9
2
70
-237
-178
fa
8e
1d
-224
67
179
1
1ac
-55
179
-118
b9
-5a
1
-227
-1a9
10c
97
68
-208
8f
178
e
1da
-7a
1c3
-14e
95
-57
89
-21c
-17e
95
-16
1a
-1a8
95
18c
-2b
1e7
-85
1ac
-159
f4
-6c
57
-205
-1be
11e
99
7
-1da
9a
176
-15
1c7
-18
18c
-137
b6
-9c
1e
-22d
-1c8
126
e6
31
-1d6
87
16f
-23
1d0
-51
1e6
-150
bc
-66
35
-23b
-1b5
152
-21
13
-1bc
7f
17c
-8f
1d4
-3
1da
-12a
85
16
-3b
-257
-1df
169
-32
-33
-1bc
74
17d
-43
198
15
1a9
-144
f3
-87
-31
-1be
-224
147
c7
-46
-1e2
9
149
-17
171
25
155
-1d8
c3
-9b
5b
-24b
-1c0
108
-29
-4d
-21a
36
17d
-78
1bf
-19
163
-d7
be
-57
5c
-232
-1ca
12b
8a
-3d
-23c
48
18c
-d
1b5
-4a
16c
-14e
99
-85
6d
-23f
-1dd
12c
ac
-40
-1ff
9a
192
-4f
1d2
-33
1a6
-190
c4
-2b
51
-26b
-202
163
53
-30
-1c7
7c
19f
-7c
1c8
2
1a1
-185
98
-62
3b
-27a
-1e6
15b
61
-29
-1eb
97
199
-5d
1c2
16
174
-126
c2
-37
47
-25e
-1f2
16e
97
-2e
-1c8
77
184
-3c
1cb
3d
15a
-123
fa
-35
39
-247
-1bf
163
49
-4c
-1ac
6e
170
-34
1da
14
160
-124
129
-50
13
-271
-1df
140
42
7
-1f5
fd
157
-3a
1b9
-6e
1b0
-15b
94
-42
-af
-217
-1d5
de
2c
7d
-272
ce
160
-2f
187
-109
1b1
-106
45
-8f
-17
-22e
-1cb
90
6a
40
-219
8
1a2
d
1b2
-8c
166
-173
9c
-7f
40
-200
-1b8
e8
15
-37
-279
-8
196
-56
1ab
0
f2
-174
67
-1
3e
-20b
-197
b2
2
-7
-259
1a
1a8
-11
1b9
1
114
-124
92
-22
30
-216
-191
e4
40
-1f
-23e
7
19a
-8
1a5
11
10c
-13f
8f
-2e
2f
-209
-18f
dc
23
-30
-247
10
190
-2e
1a3
17
106
-12f
208
-1ca
-12d
-1aa
-2bb
-a7
-aa
80
-282
36
17d
-1c
1c3
c6
d6
-50e
-1a3
-31c
66
6b
-25f
-1bc
-5
-15
-28d
-14e
3aa
-c3
1f0
-4cd
-18
-3e0
25d
-9f
-181
-35d
88
-60d
-493
-4d4
-91
-42c
-4e
cb
-1c5
-dc
-55
-a5
2a8
-3fb
-d6
-4ab
22
-136
4e
-cc
-48d
-2aa
2ba
-52
115
-5b3
7e
dd
79
-67
-22
-21f
-184
36
68
23
-2e0
29
16d
-27
155
-58
11b
-165
75
-28
77
-23a
-120
-2f
-2
3d
-2dd
3c
188
-3c
16c
-89
11e
-102
65
-e
96
-241
-143
-5
1c
41
-2f1
4c
1a8
-22
1a4
-b3
10a
-9a
6e
-39
65
-25e
-19b
80
43
23
-27a
d
1d7
-5
1d5
-b5
139
-13d
a5
-50
62
-224
-185
f2
6f
a
-249
24
1c5
-20
1f7
-63
15a
-169
89
-3e
49
-246
-16a
102
7c
c
-237
75
1b2
-31
1f5
-36
179
-12c
a8
-2e
24
-244
-18e
10b
8c
11
-220
67
1a3
-1a
1de
-2b
180
-13e
a6
-3a
e
-242
-18d
10d
75
13
-22c
85
18e
-22
1be
-66
178
-124
86
-38
-c
-25d
-191
f0
5d
2a
-223
92
19c
-21
1a0
-90
164
-134
78
-2a
-19
-265
-1a2
e4
5d
2d
-22d
66
19f
-1a
19a
-83
12b
-120
74
-8
b
-249
-196
f1
59
2c
-230
6a
19b
-29
180
-7b
12c
-109
58
15
9f
-259
-1a7
f4
55
26
-1cf
24
197
-8
19d
49
14c
-d2
a5
-68
87
-216
-190
116
108
-14
-20b
-13
16c
1c
188
fa
185
-150
93
-9e
b
-1f4
-160
d9
3f
-7
-25a
34
180
-56
1a8
-16
18c
-14b
3b
-62
-23
-251
-15f
ad
c
1b
-244
44
19a
-32
1b0
-43
135
-11d
72
-e
17
-234
-188
bd
30
-19
-256
27
18f
-33
197
c
114
-130
70
-1a
2b
-213
-1a4
db
33
-28
-242
0
18b
-2d
19f
47
11f
-12e
84
-1c
22
-1e8
-19b
e1
50
-2f
-259
-6
186
-23
19c
7e
139
-171
7a
-34
6f
-214
-17c
9b
-29
-a
-217
19
192
-25
1a7
6e
13f
-189
c0
-27
4f
-1fc
-12b
a9
1f
-12
-230
5f
176
-15
196
5f
120
-14c
120
-2e
37
-1ee
-190
a3
7d
15
-23d
f6
15c
-57
17f
-24
147
-11a
94
-96
-3b
-255
-1e6
51
66
58
-23e
bb
14d
-25
13c
-23
181
-10d
77
-c4
26
-1dd
-1b7
86
31
1d
-222
-43
18c
12
156
1f
11c
-128
b0
-ab
b9
-1dc
-193
d5
56
-a
-250
-18
18c
-14
194
a9
106
-13a
a1
-cd
90
-245
-137
7e
4a
16
-29d
2e
194
3
1b4
76
126
-135
8f
-a1
c5
-205
-120
b6
-6
4a
-2a8
29
1b1
-2d
1f2
-2a
11a
-eb
6f
-86
36
-262
-110
96
-4c
f
-24b
60
1da
-34
1f2
-40
141
-188
101
-34
88
-217
-11c
a7
-80
-12
-281
42
1bf
-87
1b1
11
12d
-177
98
-a4
c4
-23c
-123
79
12
59
-2e6
87
1ad
-45
1b3
-3f
109
-af
6b
-76
43
-202
-155
dd
-5
22
-26d
62
1c0
-34
1e5
-5c
12b
-11f
a6
-13
48
-20c
-161
db
-25
-12
-227
3b
1a9
-62
1ea
3
131
-155
7a
1e
8e
-1f7
-19c
bb
-1
-22
-249
31
1b1
-48
1f9
37
171
-125
b2
-58
7a
-214
-1a7
fe
7e
1
-1f5
-b
1cb
19
1e3
-1d
19d
-1b4
a3
-98
1f
-222
-153
140
4f
-5
-210
-c
1ac
-39
1f1
18
15b
-150
79
-22
8e
-226
-16c
105
0
3
-1c6
42
1bd
-40
1e5
6
15e
-147
9e
-45
55
-1d9
-1a6
133
e5
-22
-224
31
19a
-15
1ca
41
16c
-169
b7
-82
79
-22d
-185
125
63
-22
-1be
81
19a
-2f
1da
-22
193
-164
d5
1e
86
-29e
-142
f4
-5
-16
-182
7b
192
-e
1c8
-b
198
-16c
ec
-b
7c
-24e
-169
fc
8e
2c
-212
8b
188
-18
1c6
-59
181
-ec
d5
-5c
53
-232
-1a7
123
f7
56
-1f4
a2
183
-5
1f7
-9a
1d1
-13e
dd
-79
3d
-27e
-194
12b
-f
16
-1c2
86
194
-4f
207
-44
1e3
-173
f1
-2b
45
-24e
-1c0
147
-d
2e
-1eb
97
186
-28
1f5
-45
1a2
-10a
ad
-6d
-17
-237
-199
132
a3
4b
-210
a7
189
-15
1d5
-98
1cf
-13d
a5
-68
-3b
-25f
-1d8
137
9
25
-1cc
a3
17e
-3a
1b0
-52
1c7
-14b
c7
-24
-56
-220
-220
ba
-49
-1c
-1af
43
141
-1
131
3c
16c
-1bb
af
-78
1d
-209
-1d4
69
c6
-21
-23f
3e
13e
5
143
1b
f5
-140
d9
-e8
45
-251
-202
d6
bf
-1c
-218
2a
169
-2f
17e
-6b
10f
-117
bb
-88
60
-226
-1d8
ee
20
16
-220
79
19e
-46
1aa
-38
13f
-108
c1
-6b
4
-22f
-1e8
131
a5
32
-20c
52
193
d
187
-28
13c
-154
71
-99
56
-255
-195
f8
-12
19
-1da
88
190
-1f
17e
-3f
140
-108
75
-51
a
-21c
-16d
c7
49
1e
-239
94
1a2
-12
184
-30
136
-13f
b0
-b7
2b
-223
-153
c4
7e
-4
-255
a8
18c
-3c
1aa
-b0
101
-102
d0
-2b
6b
-286
-19d
c0
4c
c
-22d
e3
19b
-62
19b
-fd
107
-130
d4
-1f
-66
-26e
-19f
b9
26
84
-254
110
18c
-27
17a
-111
125
-f2
33
-34
-27
-207
-1ba
c2
6b
a4
-23b
93
195
-10
171
-94
152
-d5
7e
-57
40
-1b3
-1d5
d2
bb
2
-235
-1
1a2
-24
198
1a
142
-16d
85
-aa
3a
-1d7
-1a4
117
16
-31
-23e
21
1a2
-7e
1ac
d
116
-13a
50
-14
57
-1df
-1a0
c1
1a
-10
-223
1
1b1
-21
1b5
4d
130
-150
ac
-5d
27
-205
-1c4
109
4f
-37
-20d
-2b
189
-15
19e
78
137
-167
88
-67
2b
-1fe
-188
104
d
-28
-22a
-4
188
-32
193
b
108
-13f
1fd
-1f1
-13c
-19c
-2c7
-9d
-78
87
-273
9
17d
-f
1b8
e7
c8
-553
-1c5
-327
9a
7a
-243
-1cc
-62
-1f
-28e
-13b
3b7
-ec
1ef
-4d8
-e
-3c8
246
-a4
-176
-34f
5d
-62a
-4c8
-4ec
-a6
-455
-4a
b7
-1a4
-9a
-45
-bc
2d3
-423
-9c
-453
f
-16d
60
-e4
-4f3
-2f7
2ae
-33
138
-56b
5a
c1
98
-4b
ac
-208
-16d
a
44
24
-2e1
36
173
-56
196
-c5
12c
-116
49
-1c
72
-2c7
-136
3a
8
34
-293
4a
1b1
-26
1be
-cf
131
-f9
86
14
6b
-25a
-171
ae
-12
21
-26a
1b
1cc
-33
209
-61
14e
-126
ab
-2f
41
-236
-18c
f7
60
8
-24a
33
1cc
-25
211
-8b
15b
-16c
9d
-60
4d
-23d
-15f
11b
70
a
-22a
70
1b6
-3a
202
-42
184
-13a
88
-24
51
-23c
-16f
f2
7a
19
-222
6d
1aa
-1c
1ec
-31
179
-11f
b2
-12
1f
-22b
-193
10f
81
16
-226
82
198
-21
1cc
-3f
198
-125
97
-49
-f
-263
-18a
f8
64
33
-235
9a
187
-26
19d
-7e
17e
-119
70
-42
-31
-24c
-195
b7
44
3a
-237
48
195
-1e
194
-a8
13d
-10f
7f
-48
-2
-23f
-196
b1
4d
e
-26f
30
19c
-27
18f
-69
135
-131
8c
-14
19
-231
-1ab
a6
24
-8
-254
7
195
-20
180
-20
129
-11e
d0
e
e6
-25e
-19f
e5
26
-36
-1cb
-24
173
e
173
da
143
-13d
13a
-c
c6
-1cd
-1b3
fa
f8
-3d
-219
3e
134
1
158
6b
170
-108
9b
-fa
-6d
-223
-1ac
f6
da
53
-23d
c3
174
-2e
15d
-f1
204
-171
a
-6b
-4f
-224
-18a
a2
-9
52
-215
4
1aa
-1b
173
-ad
16a
-159
66
1c
2e
-220
-196
b2
20
-5
-23f
10
19a
-1b
17b
1a
105
-125
56
12
83
-222
-1b7
f6
4d
-30
-1db
-1f
192
-33
190
8a
13a
-11d
d3
-3d
48
-1cc
-1cc
ee
be
-37
-21e
6
16d
-1e
17e
b5
161
-18d
9e
-b9
60
-24a
-195
d1
15
-e
-1b9
-2
176
-52
189
2e
168
-160
d4
-69
43
-228
-15b
d6
b
-3d
-254
2f
189
-51
19f
40
127
-13e
d5
-6e
1d
-25d
-179
5c
-77
19
-2a5
b8
17e
-5d
1d5
25
13a
-f1
e7
-14
18
-1ff
-15a
5c
-3c
1e
-2a4
49
16f
-2e
1a8
32
16a
-109
ae
-f9
a0
-20b
-199
67
63
-c
-2b3
e
179
-36
19a
f
14d
-fb
c2
-8c
c2
-1ac
-1a6
cd
25
-7
-23a
44
187
-48
1a5
26
162
-e0
d7
-71
74
-1fd
-1d5
124
c0
-1
-23a
15
190
-22
1ae
-9
191
-f0
bf
-fb
84
-21b
-1d6
17f
86
6
-23b
77
1b6
-4b
1e3
-74
1ba
-165
c9
-d5
-11
-271
-1e8
141
7f
-24
-1e4
4b
1ad
-51
1b8
-41
142
-1a4
dd
-ae
98
-22a
-1a3
f0
-8e
3
-23b
be
1a5
-b3
1d8
-26
12b
-102
aa
-34
4d
-222
-1b2
102
-12
2b
-261
d0
1c8
-48
1d4
-68
16c
-13e
b9
-cc
0
-1c4
-1c9
15a
9c
3
-22c
a0
1b9
-46
1d6
-57
152
-1bb
a4
-87
6c
-1ec
-19b
108
28
-23
-207
9c
1a4
-92
1d0
-5
140
-16d
c1
3b
9e
-21e
-17c
df
30
-22
-1f1
6f
1a8
-45
1e8
57
154
-127
e6
-17
48
-22c
-179
10b
41
9
-209
c2
19d
-36
1c8
-48
1a2
-170
8d
-5f
56
-22b
-18d
147
9b
1a
-1c2
81
1a8
-4a
1be
-35
1aa
-139
8f
-80
5a
-2a7
-184
10b
6e
-1b
-19e
51
1af
-54
1aa
35
16c
-159
a8
-6
6e
-1f8
-1a4
11e
2d
-54
-22a
36
18d
-4c
1da
2c
160
-120
d9
-86
75
-2a0
-18e
104
cd
-1f
-1f9
b5
172
-9
1eb
-d
18e
-18e
12c
-5e
7b
-262
-161
112
-9
-35
-1ee
a6
160
-62
1d6
-5b
186
-10b
104
-5
3d
-285
-1c4
12a
52
16
-22b
dd
1a1
-46
1c6
-81
19c
-e6
d9
-7a
1e
-278
-1ca
149
c1
6e
-201
f5
193
-f
1d3
-d5
181
-11c
9e
-92
1b
-255
-195
115
4a
61
-1c6
c1
19d
-36
1b7
-e0
144
-114
b2
-5e
6f
-269
-189
f9
51
59
-1f0
d8
1a7
-32
1ae
-85
174
-f7
ba
-4a
-7
-23a
-1b6
fd
a1
71
-21b
ad
19b
-12
180
-b2
183
-112
b7
-a4
-16
-252
-17b
be
4
71
-1da
c5
168
-24
178
-90
16b
-140
11a
-81
-33
-202
-164
4f
-7f
26
-1e9
80
14b
-42
15e
-33
10b
-136
f0
-44
2f
-244
-1fa
69
-48
3a
-266
70
179
-63
143
-89
11d
-116
bb
-d7
-11
-1d3
-1d6
62
5e
7a
-23c
60
1ae
2c
179
-f6
a7
-147
c1
-ed
1c
-1e2
-15d
95
8
44
-284
7d
1b5
-43
1bc
-77
c6
-f0
f2
-7e
16
-1b2
-1a9
6e
3
5e
-2b1
fc
191
-28
1a3
-cf
ff
-147
8c
-a4
-35
-215
-16d
85
45
7d
-222
d2
1a3
1b
176
-a1
f4
-18d
9f
-d
9
-1d2
-16f
7e
-6
56
-270
97
1ba
-42
18e
-4d
12b
-19c
d5
-74
54
-228
-198
c1
af
52
-24f
cc
1cf
-e
1c3
-5e
106
-137
ae
-91
d
-265
-179
90
4
31
-278
cd
1d1
-52
19e
-b7
e5
-ba
98
-47
-2d
-245
-189
82
-1f
57
-264
62
1ba
-8
182
-41
141
-e9
6a
-a4
5f
-1ea
-190
79
49
5
-24c
-29
18d
15
191
5a
120
-12f
a6
-77
85
-1b0
-1c6
c6
6b
-43
-260
-28
187
-41
1aa
46
120
-172
84
-ac
35
-22b
-1be
110
9b
-46
-237
11
1a0
-3e
1ca
41
14d
-171
74
-7
66
-215
-1be
f6
-f
-46
-1f0
c
1a5
-55
1bd
4f
16c
-173
c5
-63
-19
-232
-1ae
f2
6b
-44
-20c
30
15a
4
18b
50
15c
-16b
7d
-66
5c
-1d4
-1cb
11a
19
-1c
-200
-19
186
-4b
18e
3
146
-120
1e1
-23b
-db
-195
-2e6
-c2
-11
68
-270
-21
166
21
1c5
14e
10c
-574
-1b4
-36f
9d
94
-230
-1a7
-75
-36
-28f
-14f
3b5
-112
217
-4d6
41
-407
233
-7c
-15f
-334
72
-613
-4b0
-4f1
-9c
-47c
-44
d1
-1a2
-1c
-35
-ed
2d4
-3f3
1
-43e
-a
-153
85
-cd
-4fc
-2ce
2ae
-33
16b
-53e
32
dd
39
-60
a3
-24f
-146
51
2a
51
-296
83
1a8
-48
1d9
-bb
11a
-a8
85
-17
3b
-260
-15c
c8
31
25
-24d
-f
1d0
-14
1f0
-6d
13d
-12a
9e
-61
66
-23d
-16a
ff
72
5
-243
47
1bb
-39
20b
-45
16c
-147
89
-3e
49
-246
-16a
102
7c
c
-237
75
1b2
-31
1f5
-36
179
-12c
a8
-2e
24
-244
-18e
10b
8c
11
-220
67
1a3
-1a
1de
-2b
180
-13e
77
-38
47
-24d
-171
fb
65
1b
-21a
75
1a5
-23
1d6
-5a
161
-118
aa
19
24
-23f
-185
ec
3d
25
-223
83
190
-1a
1c2
-14
188
-10e
90
-4d
-2a
-269
-17c
be
3b
2d
-24c
7e
178
-12
196
-80
178
-102
6a
-50
-2a
-258
-1a8
dd
65
15
-242
28
189
-24
19f
-2a
13a
-130
90
-2d
20
-221
-1b0
d9
32
-20
-25b
1e
17e
-41
1ae
37
125
-11f
ad
-23
39
-21d
-1b0
f1
a
-35
-20b
11
164
-2e
1aa
87
123
-133
153
-43
56
-22d
-164
c7
-51
-4c
-214
66
12d
-1a
17d
36
106
-149
15e
d
-12
-237
-181
b1
-50
35
-27c
119
136
-38
162
-111
133
-106
ca
1a
-d5
-20a
-201
7a
c9
aa
-273
e3
167
17
138
-196
1ae
-121
48
-98
19
-225
-1be
8a
56
3e
-22d
30
19b
-2f
16f
-ac
188
-121
7d
-24
4b
-1ff
-1be
cb
-8
-29
-22e
-3f
192
-21
181
59
106
-146
b7
-4
7b
-21b
-18f
de
b
-49
-1e9
-26
17b
-b
175
d9
126
-165
d6
-29
5b
-1cf
-1c1
99
51
-9
-21c
41
147
-25
159
8a
119
-142
7c
-8f
2d
-225
-1af
ab
5c
5
-1bf
28
17c
-18
14f
1a
16e
-15e
c1
-e7
23
-1c0
-199
f2
64
-2c
-256
2f
17f
-28
162
-23
126
-155
aa
-ba
5f
-226
-1b7
c4
59
20
-22b
66
172
-49
187
-34
14a
-13f
d7
-92
5c
-21b
-18f
89
-7e
0
-21e
88
16d
-52
190
-57
16e
-109
e0
-6c
32
-20e
-17f
bf
1b
-c
-275
4a
17b
-24
17b
-6c
169
-122
9b
-84
f
-25a
-15e
b2
-3b
0
-255
8d
185
-34
197
-eb
15a
-16b
93
33
13
-248
-1af
f6
a
-5
-24c
64
181
-14
1a3
-7e
188
-161
d0
-62
-e
-1e6
-1c0
f4
b1
-a
-230
e1
16f
-6
18b
-94
1cb
-153
9c
-fa
-16
-205
-24e
148
cf
-19
-1e8
55
179
-4e
168
-52
18f
-153
db
-17d
-3f
-231
-239
188
9c
-8
-1e4
6f
171
-43
188
-a
127
-1e7
a3
-79
-87
-1e4
-220
16e
-8a
-8
-1ff
a1
1a0
-ae
1b7
-3f
102
-155
b7
-aa
-7b
-1cd
-255
12f
81
-24
-222
e6
18c
-41
198
-47
e9
-1d9
af
-e5
b
-246
-21d
10d
8c
-39
-1f4
125
19f
-c6
1a0
-7f
f1
-188
108
-7e
-f
-1fc
-249
14d
85
-36
-1e5
10e
191
-71
1b0
-1b
bf
-133
d4
-64
-94
-20c
-224
17a
5f
18
-1bb
fc
16b
-76
17c
-f
135
-140
108
-67
6
-1d9
-252
14f
3a
13
-1d0
c0
175
-4c
1c6
28
158
-18a
128
-c7
5b
-223
-220
132
bc
-3
-1ea
f4
173
-61
1a3
-75
105
-186
c9
-63
58
-245
-200
11c
5e
23
-1fa
124
1a8
-8a
1bb
-6f
13d
-11a
f8
-74
8
-262
-1ea
131
b3
5b
-1e6
de
179
-10
1a4
-a4
136
-10e
e0
-11d
-5c
-22f
-1b5
141
38
38
-1ef
115
171
-4c
1a2
-113
133
-15b
d6
-75
-3b
-1b9
-17c
f8
-46
55
-22a
11c
1a8
-4d
1a5
-15c
126
-19e
9f
-7f
-58
-207
-15c
61
26
c0
-258
1a0
1dc
-27
1ab
-1c2
117
-19f
7b
-ed
-f
-1dc
-14e
69
-5
ac
-1f9
15e
1f8
-5a
1c7
-190
bb
-165
cf
-e2
3b
-1ad
-131
54
-20
7b
-21a
190
1ec
-91
1c8
-111
83
-182
c5
-134
-1b
-16d
-105
3c
-a
a5
-24d
1c4
1da
-9c
1a4
-169
7c
-15c
ac
-17e
-26
-173
-ab
1c
-50
96
-23e
1bd
1e8
-f7
1a6
-1cf
6b
-14f
8e
-15a
a
-1cc
-fe
18
-11a
51
-1d8
1c4
1fe
-140
1b8
-1b4
20
-159
7b
-fd
-5a
-e1
-f2
-28
-156
26
-1d9
1b7
212
-167
187
-215
3b
-1b8
40
-1df
-55
-112
-13d
1c
-5a
-3f
-1fc
135
257
-13d
1a0
-2bb
0
-22f
-1c
-29e
2f
-ec
-72
1c
-87
-9c
-1c9
160
266
-1b4
1ef
-351
-64
-261
-84
-1db
-2b
-ec
57
-46
-1df
-8d
-18e
261
2a5
-24d
23e
-3b7
-1a
-252
-73
-1c2
-93
-45
bd
-7d
-15b
-115
-12d
24c
284
-241
221
-427
-15
-2e9
-15
-1d7
-a2
-a1
69
-7
-141
-1ef
-109
263
28a
-2f2
22b
-3cc
-1f
-39c
-98
-76
-5b
ff
147
-109
-3b
-2d8
-301
219
197
-21b
1dc
-1fb
-3f
-325
-7b
6e
-e0
-378
69
-3bd
-20
-200
-3b7
13d
23a
-1c3
1fc
-16b
98
-2c6
c1
-16
168
-380
-17f
-b3
1f
-8d
-312
3a
1b8
5a
207
-3e
144
20
d3
-32
73
-1c9
-181
c9
74
-31
-227
2f
174
-15
1a6
95
11e
-124
ba
-5f
5e
-1e3
-18d
131
5
-2c
-24e
48
17a
-6a
1bd
5
17b
-120
a4
-35
87
-211
-1ad
f8
a6
3
-1ff
5b
181
-5
1da
-2d
188
-13d
a9
-65
-1
-22f
-1b8
109
25
-28
-1c3
82
176
-46
1bb
-8
1a3
-16c
d6
-2a
-3
-22a
-1d4
122
5f
-1f
-226
1b
14d
-31
181
19
189
-12f
66
-71
a7
-202
-1c8
e2
1f
1d
-1e4
35
18c
-2c
1b3
-1f
168
-140
21a
-1e2
-b4
-18c
-2c5
-55
24
6a
-273
-3
16c
-e
1e5
139
12b
-567
-1c8
-382
50
74
-25c
-18d
-19
1d
-261
-b7
3ad
-113
213
-571
98
-3e9
240
-c4
-145
-312
bc
-68e
-486
-4d8
-f7
-490
-4e
f1
-1c6
-45
-5f
-115
285
-378
45
-48d
78
-1e5
-36
-91
-503
-298
2ef
-59
14b
-5c0
50
14e
49
-3c
4d
-295
-188
74
84
43
-286
2e
1cf
25
1cb
-c9
fb
-d8
b1
-a2
64
-23f
-185
fc
81
6
-25f
2c
1c9
-3c
1f0
-45
134
-169
89
-3d
57
-246
-176
110
60
1f
-214
91
1b7
-48
1d4
-65
177
-125
8c
-46
-5
-255
-18c
106
a2
19
-209
70
1a5
-b
1be
-1c
153
-128
b7
-58
31
-229
-1ab
11d
78
22
-21c
73
192
-26
1b9
-51
163
-127
84
-55
43
-240
-1a6
fb
73
30
-203
6e
1a5
-21
1a2
-63
14b
-127
a5
-1c
10
-25e
-189
d9
2b
3e
-21f
a9
188
-22
194
-53
149
-104
66
-46
-36
-25a
-192
ce
42
3f
-213
4f
172
-11
17b
-42
150
-de
71
-3f
b
-1ef
-19a
e2
46
9
-243
3
185
-25
18b
-13
132
-12f
88
-44
22
-227
-195
db
32
-23
-25c
26
186
-40
1a0
1e
123
-134
ab
-26
22
-239
-18a
cb
1c
-26
-236
3a
176
-31
19d
c
105
-147
fd
-25
-23
-261
-178
9d
-38
-a
-258
99
14a
-3c
194
-54
ea
-11f
ed
-1e
-7f
-23b
-1a7
8b
-54
51
-29a
b1
15e
-11
1a1
-a9
113
-13b
bc
c
-56
-1ed
-1c6
b0
b
77
-29e
75
16d
-1e
198
-46
158
-145
8e
-92
12
-1dc
-183
b0
53
22
-28e
32
186
-26
1b3
6
f9
-151
92
-2f
14
-1e9
-179
e5
-39
1
-22b
6a
19b
-86
1a8
35
e1
-1a5
12c
-4e
-5c
-1d5
-17d
76
-c
1d
-21b
d4
158
-31
17c
35
b2
-1a4
12e
-61
-49
-1be
-1d0
5b
-4b
68
-261
bf
165
-67
159
-4
bd
-189
ed
-b
-33
-1d4
-163
d
-81
74
-279
10e
18e
-d
16c
-fa
e9
-173
ac
-26
-14
-230
-1ab
37
33
68
-283
101
1a4
-4a
198
-df
f3
-131
b4
-84
62
-29e
-1ab
4d
7e
65
-23a
b3
1b0
f
1ba
-bd
107
-15f
b9
-b8
-1b
-258
-145
dd
d
2d
-206
b4
198
-25
1cb
-90
11e
-173
d6
-a3
-32
-1e4
-133
48
-11
59
-285
14f
1a7
-69
1e7
-115
12a
-1ae
bc
-c9
2c
-213
-140
73
d
a3
-1f0
13c
1e3
-71
1d8
-19e
11d
-1bc
bd
-9e
-19
-225
-12f
6f
-17
76
-21d
1a9
1d1
-ad
1b3
-101
e8
-1e0
c2
-b5
-e6
-1f5
-18f
70
-61
6c
-1fb
187
1bb
-b7
1b4
-114
8b
-1b9
7c
-fc
-9f
-152
-10d
53
-ed
53
-1e9
1a1
1ed
-11a
18d
-1ca
b1
-203
50
-1a1
-61
-141
-109
50
a
-28
-1e9
1bc
216
-16d
175
-29d
21
-1ed
-ad
-24c
-6b
-16e
-11c
3e
-b2
-c0
-14d
1dc
243
-1f4
164
-2d0
-d
-22d
-b6
-22a
-77
-91
-46
-25
-114
-13c
-119
1ca
263
-237
193
-32e
-44
-330
-c1
-25f
-e1
-dc
27
-12
-16c
-1c2
-92
287
29f
-30c
1dd
-49f
-55
-32b
-ae
-27b
-14b
-76
38
1d
-1bf
-22a
-49
325
2aa
-398
1fa
-517
-b3
-373
-f7
-2bb
-1a4
-35
c
48
-f1
-262
25
320
287
-3c2
1f0
-57c
-e8
-424
-b5
-2fc
-167
-14
0
4b
-154
-2ce
44
40b
283
-4bb
227
-651
-d7
-444
-98
-372
-1f0
-5e
-63
34
-14f
-2e0
60
438
2b8
-4b9
257
-715
-15f
-425
-ed
-331
-1e0
-27
-5a
21
-161
-2e0
58
3e2
2c1
-499
215
-739
-1a6
-3ec
-121
-2c3
-224
-78
-36
-48
-f6
-2b8
29
390
29b
-406
204
-696
-192
-412
-127
-2a5
-1f4
-6b
-d8
23
-a1
-2dc
39
2f9
28e
-3dc
207
-662
-133
-44c
-117
-292
-1a9
-d1
-f5
35
-61
-2a4
-1d
31d
29a
-3c4
221
-4ff
-f0
-440
-11c
-2c6
-159
-10b
-1b2
3e
-da
-232
-39
2bd
2b6
-38c
231
-44f
-ba
-46f
-13e
-36c
-191
7e
-149
a2
-16c
-204
63
301
2f1
-3ae
252
-40f
-12c
-511
-104
-3c7
-1e9
101
-da
7e
-1d6
-24a
3c
3e0
301
-452
26f
-426
-1af
-558
-1a2
-3cd
-1cf
132
-38
55
-1c6
-273
0
438
31f
-517
28e
-4ef
-1ea
-4ca
-20c
-42b
-18b
22
-5a
d
-1a3
-2ee
7b
4c7
382
-57e
2b5
-590
-1d9
-54a
-205
-50a
-1fb
-24
-9b
59
-1ed
-359
ce
497
36b
-5e3
2b9
-51a
-27a
-5e6
-250
-4c6
-22a
2c
-4d
13
-209
-40f
88
4d5
344
-604
2ae
-4f6
-306
-5af
-305
-44d
-155
-10e
-fb
-77
-17c
-4d6
56
4b0
368
-627
2ec
-4f3
-2a8
-59e
-357
-539
-cd
-160
-199
-1f
-3d
-53e
46
446
38a
-589
311
-4ae
-28d
-643
-3f7
-529
-17e
-22a
-26d
50
-e9
-596
a7
41d
37f
-606
308
-3a2
-1ee
-6ff
-4cf
-4c0
-242
-1d0
-313
bd
-1e8
-63d
13a
42a
36a
-569
325
-289
-1e8
-80f
-4cc
-3eb
-225
-156
-320
2c
-f5
-67c
c7
439
39d
-511
344
-62
-1cd
-a3d
-2d3
-3d4
-1d3
285
a5
-567
e4
-70f
-3cc
39b
2ee
-3a4
295
273
-132
-716
-1ed
-1b7
-2c
-68b
318
-752
122
-44c
-423
82
27a
-2ce
114
-b3
-9
c6
ca
-e5
119
-5ac
-b4
-187
70
-1f6
-415
-35
1c0
14
197
-4b
96
23a
ee
-1f
76
-20e
-195
d7
21
-3e
-255
8
183
-43
1b6
12
e7
-11e
97
-1d
4b
-22e
-17e
e8
44
1a
-248
89
19a
-3b
1c1
-90
16f
-129
97
-2
5d
-255
-171
ea
53
32
-22e
6f
1a4
-10
1eb
-47
17f
-122
bc
-32
-17
-251
-16d
f3
41
10
-20d
6c
176
-16
1ce
-49
179
-155
96
2
83
-212
-160
c6
3
e
-280
63
17c
-61
1be
-2d
19b
-ec
a7
-57
48
-255
-18c
bd
95
21
-213
52
194
18
1e1
-5b
171
-173
231
-228
-f2
-1b1
-2c5
-85
-44
85
-2c7
62
16c
-66
1e4
6e
123
-523
-1dd
-340
34
3c
-249
-1c2
38
6e
-28a
-a1
3ca
-c5
220
-5b7
9d
-3fd
264
-ac
-c0
-2f2
e2
-6bc
-47d
-4cc
-107
-45b
-47
9a
-184
-d5
-44
-c1
25b
-3bf
6
-504
6f
-1a0
-38
-b0
-4cc
-2a5
310
-58
196
-607
89
171
b9
-41
12
-242
-1cc
f1
5a
-4
-249
-7
1cd
-b
1d9
-93
149
-188
e7
-d5
61
-23d
-1c3
117
71
26
-257
77
1af
-44
1d4
-65
153
-1a3
66
-49
53
-239
-15f
c8
-e
5c
-1e3
c4
1b8
-15
1a1
-64
153
-10b
85
-39
9
-23d
-170
e2
bf
33
-212
7c
198
25
182
7
135
-e2
b9
-8e
2d
-253
-1bc
fb
8f
42
-22d
9c
186
-2e
190
-47
16f
-125
94
-6c
-13
-240
-1b5
d0
4b
58
-217
73
1aa
-7
189
-86
118
-113
99
-72
1f
-25a
-1b4
ba
1a
65
-232
7c
18c
22
166
-37
11c
-112
a8
-aa
5d
-257
-182
9a
5d
81
-224
46
19e
29
160
1d
136
-15f
93
-fb
34
-1b9
-137
ab
45
83
-268
b1
1b1
-10
168
-25
e3
-150
7e
-c8
-15
-1b5
-146
a2
-b
60
-23b
bc
1cc
-31
18f
1a
9a
-180
70
-a7
-3
-185
-101
83
-40
5b
-20e
147
1d8
-88
18d
-aa
7e
-19b
8b
-fe
-27
-1cc
-122
8b
-40
5d
-1d8
14c
1fd
-cd
1bd
-ae
3b
-189
78
-164
3d
-12c
-129
91
-40
4b
-1b0
157
212
-129
1b3
-12a
34
-1b5
29
-1f4
2e
-88
-6e
55
-114
f
-18f
1bf
229
-1a0
1a8
-227
1e
-1a7
-66
-252
-88
-af
-2e
-3
-c4
-83
-170
1f5
266
-1e4
1a8
-34d
-53
-28b
-db
-258
-116
-43
78
-3
-1d3
-12c
-ac
253
2a1
-2cd
1a4
-47a
-72
-36c
-95
-238
-180
-3b
9e
-34
-1d2
-1e4
-4b
30f
28a
-38b
1d9
-52c
-cc
-3f5
-c3
-2d7
-1a2
-49
55
-e
-19a
-27e
-1f
3ba
2a2
-471
22b
-667
-130
-408
-ec
-334
-205
-62
46
-7
-1c7
-2bf
d
3f0
2d6
-493
253
-6f1
-167
-47b
-fa
-261
-19d
-86
4c
-4d
-1fb
-2ff
16
3ce
2df
-4a9
25b
-6df
-15b
-435
-f7
-210
-186
-f0
5e
-51
-133
-318
-37
3ca
2c6
-43d
23e
-6de
-18e
-3e0
-a2
-1fc
-1c0
-1a2
-66
-4e
-b6
-2be
-6f
3ae
2ce
-3ed
267
-5d4
-120
-40d
-8e
-270
-151
-190
-19f
12
-fe
-1e4
-71
388
2d9
-3c1
257
-4f1
-e1
-441
-dd
-356
-148
3a
-106
a5
-177
-18d
4c
3c5
2eb
-3bf
25c
-495
-150
-47d
-105
-3d2
-204
cd
-2c
75
-1d3
-226
2a
46d
316
-4bc
2a4
-4cf
-1ca
-4ce
-18a
-479
-1e2
85
-77
4a
-181
-28d
74
4c4
311
-57f
299
-56c
-1ef
-5c9
-21a
-466
-230
-3
-55
-d
-1d5
-38b
82
500
33c
-61b
2bf
-5aa
-24e
-627
-2ea
-4a9
-1ba
-135
-bd
-9c
-245
-49a
59
524
37f
-65d
2dc
-56e
-2bb
-5fa
-39a
-4cd
-1b1
-1b9
-133
-e2
-143
-565
6c
485
36b
-5da
2ca
-4d0
-2fd
-6d4
-429
-497
-19e
-238
-1fa
-db
-101
-693
-47
42b
356
-5f3
2d1
-39b
-290
-72b
-4c0
-47b
-1ca
-341
-2b3
-af
-165
-72a
-6c
3f3
350
-581
2ea
-25d
-1b2
-824
-4d9
-499
-17c
-483
-305
-c7
-1ca
-777
-f9
410
32a
-5d2
2f7
-e0
-15b
-806
-4e4
-490
-e1
-537
-3d8
-9d
-131
-7be
-1ec
3f5
317
-5ef
2e0
18
-178
-7b5
-511
-51f
-13e
-632
-430
-60
-13b
-7c7
-26d
45f
312
-605
2db
c9
-144
-702
-50d
-5d3
-110
-613
-4a0
-1b
-177
-793
-24f
41b
312
-62e
2c6
d8
-113
-6f9
-4f3
-6c9
-15c
-53c
-40a
15
-169
-770
-1fb
44f
308
-660
298
59
-17b
-6f6
-4c9
-661
-1b3
-52b
-324
-19
-c0
-7ad
-245
433
2cc
-6aa
267
-62
-1c7
-634
-550
-53b
-1bb
-5a2
-31e
-4f
-172
-792
-1bd
415
30d
-6cb
25c
-112
-188
-609
-4bc
-4ac
-1d4
-589
-2bb
-7c
-ff
-784
-140
3d8
2be
-5fd
236
-d1
-14e
-5b7
-489
-515
-21b
-56c
-37b
-6e
-149
-781
-140
3ab
2bd
-608
213
-cf
-ec
-6d6
-4cc
-56c
-228
-4b1
-40f
-16
-218
-7fd
-dd
366
2ed
-606
216
-b7
-f1
-881
-52b
-691
-2b1
-583
-46a
-10
-246
-919
-19c
40e
312
-6c9
246
-b2
-198
-996
-5b9
-5db
-1cb
-5e6
-4e7
25
-320
-a17
-187
4ac
35d
-7c9
277
-117
-1a7
-918
-58c
-620
-26d
-775
-55b
-1e
-2c5
-aae
-116
568
38d
-803
23b
-124
-16e
-999
-571
-777
-2b4
-785
-5b6
44
-2cd
-ad2
-1a4
528
34d
-869
1ff
-9c
-1e0
-96f
-596
-7e4
-264
-796
-5df
24
-244
-b38
-24d
4f8
351
-81b
219
-a4
-294
-905
-538
-6a5
-145
-8a2
-599
-4
-24c
-af0
-294
4d0
366
-803
234
-81
-282
-870
-542
-5d1
-156
-919
-58c
-2
-19b
-9f5
-27e
4c8
38d
-70a
24a
-b4
-233
-825
-556
-5ec
-276
-8a8
-4f0
2a
-14f
-935
-191
47f
33d
-617
215
-9c
-19c
-95f
-6f7
-469
-42a
-8f6
-485
-d0
-24e
-974
-18e
396
2f9
-566
187
fb
-10c
-b3e
-4ad
-123
-3d3
-8a3
-63e
-3bc
-16b
-942
-260
30a
3aa
-3ca
2ad
2d0
-15d
-ca0
-8b
-24d
-162
-603
-599
-860
10c
-7fe
-3fd
360
2e2
-1d5
36d
2fa
-135
-55a
-40
-476
f5
-8ea
d7
-77f
1cc
-4e0
-472
-197
26c
-173
c3
-277
-e0
34d
1fa
-202
-2f
-6e0
-3c
-13e
b7
-2d4
-447
-105
224
-9a
13f
-217
5d
286
e5
-8a
2e
-275
-1f3
128
22
-43
-221
4a
196
-4d
184
-51
137
-13d
ae
-1e
2e
-237
-1db
114
77
33
-1fd
5d
195
3
1b0
-7a
162
-152
af
-4e
2a
-242
-1c6
11d
78
1d
-1ff
6a
190
-14
1c5
-51
165
-138
b6
-56
25
-24c
-1b9
11f
78
1d
-1f6
66
180
-18
1bf
-47
163
-14b
a0
-24
41
-24e
-1a5
102
33
20
-223
72
18b
-36
1ce
-37
166
-11e
b7
-31
19
-259
-1c0
116
86
1e
-207
62
191
-b
1d6
-5c
160
-15e
237
-22f
-114
-1ce
-2fd
-4c
-11
b0
-292
8d
178
-3d
1f0
6d
135
-52e
-1e0
-37e
27
50
-275
-19c
23
67
-286
-b6
3c6
-c9
21c
-59a
77
-3f0
20e
-56
-a9
-31e
f1
-662
-4e5
-4d9
-ef
-439
-8
70
-115
-d6
-31
-75
27c
-3bc
-44
-522
6a
-141
-1a
-e3
-47c
-2c0
328
-4e
1d1
-5e6
b5
106
cf
-6f
32
-225
-19d
111
89
-4
-25d
60
1a7
-3c
1ef
-61
179
-164
e2
-a1
2d
-250
-1b6
e1
4d
34
-245
b1
196
-4a
1c4
-6e
184
-132
b8
-ee
-e
-23b
-179
b3
-34
3c
-21a
84
191
-2
1a1
-95
141
-12b
8d
-30
36
-1ba
-17e
c1
-30
23
-29c
5e
1a6
-25
19e
-5b
fd
-13e
5
-79
-bc
-2cd
-390
1b4
-93
1b1
29
1ab
2f7
67
1db
-201
15d
-48f
-10e
-3af
-ff
39c
-29
85
-146
104
104
166
24f
-c8
68
-499
44
-490
-fe
-39d
-173
1d9
288
-139
-152
-17e
67
331
32e
-34b
1a5
-547
-10a
-3df
-d6
-232
-12e
-3c
89
-12d
-149
-2b4
-6c
362
296
-403
201
-57d
-142
-341
-cc
-2c3
-128
-e8
-e1
-ae
-cc
-22f
-aa
30f
2e3
-32f
224
-480
-11b
-37a
-110
-3c8
-d8
8c
-11a
-7
-15e
-1b5
-2e
2df
2dd
-35e
1f4
-3f6
-153
-4b7
-175
-3cd
-184
132
-2d
5b
-1bc
-1ff
2a
390
30c
-460
239
-435
-1c0
-502
-19c
-44d
-114
29
-83
12
-1a6
-30e
44
44c
334
-57f
271
-4a8
-240
-543
-217
-4bf
-fc
-56
-d5
-1e
-17f
-3c8
3f
4ca
344
-61b
2a0
-4ca
-2b1
-508
-330
-572
-1c3
-11a
-164
-4f
-186
-49c
6f
4f6
360
-5bb
288
-4e8
-2b6
-5c1
-440
-511
-1e0
-169
-1d3
-ac
-13d
-596
-11
418
355
-5ba
294
-45b
-28d
-658
-494
-4f6
-156
-2f0
-317
-8d
-152
-6d9
-15
3ad
36d
-58b
2d0
-293
-1de
-843
-4d2
-517
-143
-441
-377
-59
-194
-7c1
-12a
3cd
33b
-5d0
2e5
-39
-1a3
-882
-520
-50c
-16d
-590
-3c3
-35
-166
-814
-259
463
32f
-63c
2ff
31
-18d
-7a1
-54b
-59a
-120
-6a6
-4c9
-4a
-fe
-7cd
-266
495
33b
-63c
307
5a
-19b
-72b
-4e3
-641
-13d
-52d
-45d
37
-10d
-7bf
-1cf
4b4
2e6
-682
2c6
1e
-17b
-6d6
-4ab
-66e
-1ce
-56e
-32d
58
-f0
-7e9
-1cf
483
2f2
-6ed
265
-da
-1bd
-5b5
-47c
-5a1
-1e9
-564
-2a9
-9
-fb
-773
-199
46c
2de
-6a2
238
-17f
-1c6
-51c
-481
-503
-205
-545
-39b
-49
-1ed
-72d
-17a
40e
2f0
-66f
22d
-ea
-152
-642
-498
-618
-21e
-4c5
-488
2f
-232
-7fa
-137
3a5
328
-610
245
-d6
-15d
-872
-4f7
-71e
-242
-513
-4fa
4f
-29f
-92e
-19e
46d
33b
-767
235
-f5
-1af
-960
-57e
-71d
-239
-653
-513
-14
-304
-a29
-216
51e
372
-819
269
-126
-200
-969
-595
-702
-224
-782
-5b0
16
-2ff
-b38
-253
5a2
396
-870
26b
-13f
-215
-99e
-57a
-777
-22f
-8cb
-5e2
-60
-294
-b3a
-2ad
5da
391
-87f
22b
-1ac
-238
-948
-502
-6df
-1e1
-90a
-583
d
-1f5
-a82
-236
52c
38c
-7c1
229
-170
-25f
-89a
-4ff
-5c1
-257
-934
-581
3c
-169
-9b2
-1ca
4cb
36a
-6dc
1cd
-13f
-22e
-8c4
-49d
-524
-227
-9c0
-40c
37
-13a
-886
-104
46c
330
-5f8
1ca
-1a5
-1c0
-8ec
-39a
-40b
-1cc
-b5b
-38a
41
-fc
-7ff
-183
4a2
325
-5c1
21d
-13d
-19a
-813
-31a
-32f
-1bd
-c43
-35d
1d
-1ef
-715
-220
514
357
-54f
210
-1a9
-1b3
-708
-2db
-260
-125
-c5f
-3a1
25
-121
-5d3
-21d
494
344
-43b
1e1
-fe
-15e
-6fe
-25c
-2ad
-bb
-cb9
-41f
-24
-194
-557
-265
4b9
363
-3f9
20b
-59
-114
-797
-29f
-2ea
-166
-c33
-49c
6f
-19a
-543
-287
4ab
336
-3ca
205
1
-16b
-7ea
-33a
-2ef
-14a
-b4e
-48f
-21
-116
-5f9
-333
523
349
-422
1ea
-61
-1e5
-6ff
-3a1
-34c
-1a8
-c16
-46d
-69
-77
-609
-2b7
49f
347
-3e2
1dd
9
-1be
-6f3
-374
-2f8
-192
-add
-44a
-25
-a1
-629
-28f
41f
2e0
-3f8
1b7
73
-1d5
-6eb
-3f1
-252
-1e7
-aed
-46f
-32
-8d
-647
-20b
39e
2b5
-400
188
ce
-1a1
-708
-425
-28b
-23c
-ad4
-4b7
2a
-dd
-750
-217
331
299
-3ad
1bf
251
-132
-852
-43f
-2d2
-16b
-c18
-5c1
1c
-d7
-7c7
-2e2
368
280
-3f3
194
27d
-107
-944
-4a8
-2dc
-11c
-d23
-61f
-18
-18d
-816
-1fe
478
29b
-3cd
1df
24a
-129
-8d7
-3e7
-2a6
-1fd
-e24
-607
16
-21c
-847
-24f
459
276
-3eb
14a
2e3
-12b
-8bb
-423
-31f
-1ca
-e36
-5f2
9
-26b
-7c3
-2bd
411
27f
-3cb
147
331
-d6
-832
-3f8
-309
-12c
-d4c
-64a
3e
-13e
-78f
-349
3b3
278
-386
140
2ff
-166
-805
-348
-2db
-70
-c93
-5d0
31
-ec
-6f6
-333
41e
27e
-3a4
163
239
-193
-742
-307
-2ca
-126
-c72
-5ac
-1b
-b2
-5eb
-389
3d5
26a
-325
16f
1f9
-16a
-6ad
-2ce
-2a2
-174
-a1d
-4f9
-6e
-8
-532
-2f8
360
25c
-24b
145
1d0
-13f
-65c
-376
-147
-33f
-8f9
-271
-121
c0
-64f
-335
1fa
1ae
-148
10f
36c
-8e
-7e9
-1ba
25
-2ca
-88b
-3b5
-423
-89
-6f6
-32e
21e
20f
-1df
194
2c8
-a1
-788
2a8
18b
-14c
-697
-6fa
-73d
-2d8
-5dd
-36d
10b
1ab
2f
2e4
25d
-182
-43d
2a0
-2a9
96
-758
-28
-674
-2c2
-463
-38b
-26e
2ff
10
158
-5a4
-102
112
2a8
-227
-7e
-580
46
-135
10
-207
-3f5
-c7
2be
-1c
1a1
-4a6
5f
170
e3
-67
-43
-21d
-1ad
f6
9f
-19
-218
48
187
-7
187
-9e
169
-15d
c2
-6b
-6
-24b
-1dc
112
7e
1e
-21e
3d
17f
-24
1a2
-a0
14c
-120
a7
-42
3
-23c
-1cc
103
75
26
-226
68
186
-1d
192
-7d
139
-110
b3
-65
d
-24c
-1bf
f9
76
29
-239
6a
181
-17
1a1
-70
131
-127
bd
-4e
21
-23b
-1ab
10a
5e
33
-242
92
188
-36
1a8
-88
12c
-114
a4
-3f
-5
-25e
-1b7
f8
7a
32
-237
a5
18b
-2f
1a0
-8c
124
-ed
232
-224
-144
-1dc
-304
-79
1f
c6
-2b5
84
16a
-21
1c1
47
f4
-4ee
-1e4
-392
3d
63
-286
-1b4
39
55
-2b2
-df
3be
-e6
206
-5a1
37
-3c8
1e5
-95
-ab
-34b
bd
-628
-46e
-4ea
-b4
-424
25
a7
-108
-f9
-38
-ca
279
-3c0
-45
-525
7b
-12a
2e
-f3
-459
-29c
328
-66
1ce
-5b5
ae
10c
af
-17
1a
-241
-182
120
63
11
-248
8e
19a
-3c
1d8
-2a
199
-120
9f
-59
-16
-293
-19c
e5
33
39
-248
82
182
-2a
1c1
-45
170
-12f
a9
-c3
-3d
-25f
-1b6
107
39
-c
-25a
55
181
-38
1b5
-b3
132
-16e
c6
-b7
2a
-20e
-20c
b0
-24
12
-27c
ac
1aa
-70
1a4
-5e
124
-23c
-13b
-6d
-c9
-36b
-76b
-125
-1fe
12b
-a2
-13
20a
-55
5c
-7a
142
-8c4
-1dc
-33e
-39
242
-54b
-2a8
-297
-309
-111
-82
351
38
18a
-28
3a
-bee
-36e
-845
-3b
-4e8
-1cd
-293
-14b
-5ae
-28d
36e
43e
-47f
2f7
122
-1bf
-831
-4ed
-736
-162
-537
-137
-14b
-127
-5eb
-272
4ea
342
-585
1c2
a1
-1df
-3be
-441
-5e0
-1bd
-475
-1ac
-80
-1b1
-645
-16e
3eb
358
-5f4
1c9
-ce
-115
-48e
-476
-5a7
-204
-4f1
-3ab
-44
-252
-747
-16c
3b9
355
-603
23d
-b5
-11a
-7cc
-4e1
-6cf
-248
-4e2
-4e0
67
-2c8
-8be
-15e
403
323
-6cb
216
-d8
-1a9
-964
-53f
-701
-1f9
-65d
-57d
2c
-2fe
-a24
-1f3
502
354
-7d3
206
-bc
-22d
-8f3
-531
-725
-22b
-79d
-5c4
-a
-31f
-a64
-260
541
375
-7b1
205
-115
-25d
-8be
-550
-718
-203
-843
-5e2
-2a
-23a
-9c9
-274
4de
387
-724
1e9
-142
-233
-8c8
-58a
-63d
-1e7
-810
-509
-3d
-191
-93c
-217
468
37f
-665
1d9
-12c
-220
-8c6
-4a4
-541
-1df
-9cf
-3ad
d
-1af
-8c1
-12c
44f
37c
-623
203
-e6
-1d9
-8e4
-3cc
-475
-148
-b1f
-370
8c
-170
-811
-1e4
48c
338
-606
21f
-84
-1a3
-7ca
-303
-3e7
-136
-c19
-314
8f
-83
-722
-253
545
340
-56d
229
-11e
-15f
-687
-2bb
-391
-132
-d74
-472
74
-11c
-64e
-2b6
47f
34d
-4fd
244
-59
-194
-70c
-2b5
-2ec
-ec
-c69
-4e9
50
-1f9
-619
-2af
46a
360
-42a
239
43
-191
-812
-32f
-390
-d5
-beb
-4e6
23
-b9
-61e
-291
4f2
33b
-420
203
75
-1b7
-6d1
-3d1
-3fb
-175
-b0b
-4dc
e
-f
-63f
-297
443
30b
-3fc
1d1
109
-1e9
-62d
-3c5
-386
-1cd
-ac8
-451
1c
-cd
-680
-25a
30f
2cd
-3c3
1b5
248
-199
-71a
-3ea
-313
-165
-b3b
-53d
80
-140
-749
-27c
2e1
2ae
-3d4
1c4
2ef
-151
-82c
-420
-38f
-1e1
-cd0
-5ee
31
-176
-7e9
-327
3c2
291
-3d2
18a
28b
-156
-911
-44f
-3b6
-190
-e36
-645
4f
-1bc
-7ef
-31e
456
295
-421
179
21a
-164
-8d2
-40c
-373
-165
-e58
-6cb
34
-1e6
-798
-2f2
487
2a9
-3cd
192
24b
-1c8
-847
-38d
-355
-138
-daf
-621
29
-172
-70d
-36d
43c
276
-3a3
15b
2ca
-194
-78e
-33a
-329
-dc
-c85
-603
-35
-16b
-674
-367
476
282
-366
187
241
-186
-65f
-302
-2d0
-189
-a3f
-5da
-1c
-ab
-5bb
-328
395
242
-2de
13f
249
-18c
-630
-32e
-317
-185
-8c3
-4c4
-5
63
-5a7
-2bf
2eb
1f8
-284
138
261
-16b
-598
-2cf
-2c7
-18f
-725
-45a
45
-10
-5c3
-2df
2fa
1cd
-317
138
22d
-133
-3b1
-29b
-2f5
-17d
-5ba
-445
66
-1f
-4fd
-2ab
292
1aa
-2a0
fa
27f
-fa
-2c4
-1c1
-24b
-119
-41e
-40e
bc
-7e
-4c2
-289
1f3
186
-23d
fd
30a
-116
-26f
-167
-279
-dd
-347
-430
db
-14b
-3de
-2d1
217
17a
-20b
c6
356
-d0
-347
-203
-2b3
-f3
-2e6
-3bb
60
-1d3
-387
-2f0
26b
1a0
-14b
ee
3cc
-e5
-426
-1e7
-1e4
-e5
-354
-391
2b
-f8
-3d2
-350
282
1fd
-1ef
f1
322
-af
-301
-11a
-1f9
-95
-47a
-4af
90
-8e
-3f4
-2d0
1e1
204
-1a9
110
2ad
-6a
-30e
-136
-2aa
-e0
-4cf
-436
90
-e5
-392
-267
202
191
-1a4
b6
2e1
-95
-354
-14b
-265
-110
-4ac
-42b
9a
-8d
-360
-305
155
19c
-105
93
33d
-11b
-35d
-e5
-19d
-52
-507
-3b5
3f
67
-314
-34e
140
17e
-a9
d2
3b0
-12d
-3ac
-19e
-1b6
40
-539
-2f4
-e0
-6f
-1e3
-47d
20a
1d7
-96
13d
384
-c8
-340
-1d6
-196
-b9
-564
-191
-137
-18
-130
-35f
225
227
-2b
176
366
-cc
-388
-11b
-1a2
-d8
-4a8
-13b
-ab
-9b
-154
-3d0
27d
210
-1b6
15c
3f2
-cf
-232
-112
-123
-14d
-4b8
-1d2
-68
-6f
-13e
-3ef
256
20d
-1b2
194
3fc
-52
-278
-fc
-73
-f6
-43b
-233
-8
-10a
-184
-3f8
20e
21a
-1e1
182
35b
-d2
-25d
-121
-3c
-17e
-4a7
-2c7
5d
-79
-16b
-33d
235
220
-121
16e
3ee
-137
-2c2
-c4
-76
-11e
-3e9
-249
-5d
-8
-160
-3af
178
203
-12a
cd
3ba
-a8
-1bd
-78
-15c
-49
-3f7
-2c9
-bc
1d
-1a2
-33b
139
1c4
-5a
121
382
-ae
-ef
1b
-dd
-120
-237
-271
-160
150
-268
-3e2
103
d8
de
14a
420
-101
-32e
7b
-ed
-b5
-206
-1f0
-428
-1b
-329
-303
a4
191
40
155
1ad
-141
-1c5
327
64
-106
-166
-46c
-6e6
-3ac
-330
-3df
-b2
1a0
93
26e
25c
-181
-364
286
-241
1e
-50b
-fb
-53b
-393
-3c8
-2ad
-31b
304
b0
125
-5dd
-6a
-55
326
-223
-fd
-471
1
-6b
-9b
-1cd
-3a3
-148
2e8
51
1b8
-4e6
7f
97
f0
21
-53
-24a
-170
e0
b
7
-249
30
19b
-1f
19b
-a5
169
-12f
94
-38
7
-269
-1b8
b3
5b
e
-27f
69
186
-2b
19e
-73
144
-114
a8
-42
4
-23c
-1b2
bf
44
-4
-27b
2b
185
-26
19e
-37
11b
-11e
b5
-58
2e
-256
-1ae
da
5d
2
-28b
36
18d
-3f
1a8
-3f
122
-118
b0
-80
19
-256
-1bb
e7
34
a
-28e
56
194
-4b
1b8
-38
11c
-ec
a8
-66
-6
-234
-1cd
e1
35
-12
-292
2e
190
-3b
1a1
-2d
108
-fa
23c
-245
-138
-1cc
-305
-9e
20
90
-325
35
16e
-28
1c0
85
cd
-520
-1e5
-39b
7a
4f
-277
-1d0
30
34
-2f3
-fc
3cd
-fe
21c
-583
b
-3d9
1f4
-bf
-c2
-33f
9c
-60d
-429
-4ed
-90
-42c
2a
c9
-111
-113
-39
-e4
27c
-3ea
-3e
-513
72
-11b
32
-f7
-43f
-291
319
-6e
1be
-5a0
b1
11f
c1
-10
11
-24a
-175
ef
46
18
-23b
7f
187
-20
1d0
-19
198
-114
8f
-36
11
-278
-195
e3
4f
17
-247
5a
185
-29
1a8
-62
182
-127
6d
-90
a
-294
-1aa
d6
6a
a
-27e
6f
192
-1c
1b4
-2d
155
-174
13f
-ef
-a
-219
-1e2
57
-e
2c
-241
8a
18b
-31
1b2
-22
115
-1bf
20b
-185
-2aa
-4c7
-387
-1e8
-273
-bb
-197
-11
179
15
94
-9a
140
-9d9
278
-339
2d
-591
-586
-231
-569
-338
-173
-191
3a5
84
15b
-8d
114
-ee1
-33
-5ac
158
-b72
-40b
-322
-2a6
-146
-30b
260
4a6
-bf
ee
c9
-136
-5b0
-247
-5fc
-cb
-825
-438
-157
-72
-3ab
-456
335
36b
-ed
fb
26
-1ff
-2cc
-2c5
-4b0
-1e5
-989
-391
-79
-d5
-5cc
-335
39c
391
-34b
18a
28
-19a
-67d
-34c
-2d6
-226
-b66
-4cd
4
-193
-69e
-300
351
2b7
-38f
199
258
-130
-7a9
-3ca
-390
-19e
-bd3
-5c8
-12
-1d2
-715
-30e
3bb
27c
-38e
159
2c0
-156
-852
-39a
-388
-183
-d12
-635
-19
-232
-75c
-396
3e1
282
-3bb
15a
2a0
-1ac
-7ad
-357
-31b
-d5
-d16
-63d
-d
-1cf
-691
-358
402
28d
-372
154
1f6
-16d
-763
-32f
-2b2
-d4
-c78
-600
-3e
-149
-5db
-2fa
3e6
273
-32a
13c
239
-132
-6af
-326
-331
-105
-a0c
-5c6
-f
-63
-5b4
-2f0
329
23f
-275
15a
299
-132
-6b1
-2f4
-355
-149
-89f
-476
4a
-27
-585
-297
2a6
208
-296
140
2a4
-151
-598
-2df
-2bb
-113
-78e
-3a7
16
-13b
-556
-324
32a
1d3
-303
14d
327
-127
-3bd
-2aa
-26e
-129
-535
-3e4
16
-77
-4f2
-360
329
1a9
-278
f6
291
-125
-222
-211
-2b0
-11f
-401
-3f8
be
-e
-4b7
-335
25c
1a6
-29d
af
324
-d4
-296
-1ff
-302
-84
-3af
-432
dc
-21d
-42c
-32c
296
1c2
-258
f4
34f
-9e
-44c
-1b5
-20d
-140
-3e8
-3aa
7a
-1ab
-35e
-2c1
2f6
1db
-1c7
10b
3d6
-fc
-425
-192
-22c
-10f
-3d4
-38b
-1e
-9f
-346
-3ad
281
1fb
-1e1
99
34b
-b0
-30d
-14f
-1e8
-1c
-4fe
-3d8
24
19
-310
-32c
1cf
1fe
-12c
d2
336
-99
-2cd
-10f
-19d
-43
-4eb
-34c
48
1b
-2ac
-31c
21b
19c
-b9
ad
2c2
-cc
-299
-124
-172
-10e
-504
-313
34
-18
-21e
-354
1b0
194
-9d
95
262
-d2
-28c
-135
-d0
-7e
-4d4
-2ce
-36
-82
-1c9
-381
155
1cb
-32
d6
29d
-bc
-209
-c7
-149
3a
-4b8
-30e
-86
-c9
-143
-3eb
118
1ff
-1d
133
3c5
-9e
-2f4
-10a
-169
-a9
-457
-202
-5e
-a2
-111
-39a
188
1de
-92
fe
448
-146
-2bb
-15c
-81
-176
-3d2
-231
-2d
-80
-12d
-3fb
14c
213
-c1
d1
47f
-116
-117
-a3
-b6
-dc
-474
-31b
-4
-113
-202
-321
9d
1b9
-7e
ad
43e
-6f
-223
-c6
-e6
-84
-4b4
-33b
6
-66
-23e
-326
bf
18c
-3e
90
3bb
-81
-2c1
-e3
-159
-80
-543
-363
4a
-81
-231
-326
11b
163
-63
a2
3cb
-be
-24b
-f1
-fc
-35
-4b0
-2a7
24
-6e
-250
-35b
d0
141
-4
c3
451
-d9
-28a
-c6
-b2
-18
-486
-287
-3c
-43
-244
-3ae
17f
154
-4d
de
3ff
-d6
-2be
-5b
-a9
50
-4e4
-216
-12a
-ea
-147
-43e
148
1cd
-a0
13b
45b
-3e
-279
-127
-215
31
-541
-192
-162
-138
-14b
-4c1
11d
1f1
-75
ee
4c7
-f4
-2cb
-15c
23
-52
-360
-14b
-5c
-df
-1f7
-473
1a4
219
-a5
fa
3b0
-de
-122
-6e
1a
-fa
-491
-1b1
-e
-ed
-222
-2de
2b5
232
-136
170
431
10
-207
-59
-31
-13a
-2fe
-18f
8c
-d9
-13e
-2ee
1f6
173
-cf
151
50f
-75
-246
-6d
-cc
-63
-19c
-1e2
-3b
36
-11e
-3e8
1cc
15e
-151
d9
46f
-cb
-30
-1
-120
d9
-149
-20a
-118
-1
-c9
-4b7
142
1a4
-1f
148
491
-f5
-8a
-58
-10f
27
-17c
-13b
-25c
-f7
5e
-53c
9
1e7
-3b
ef
47a
-ce
-286
-114
-227
107
-17e
-3f
-2ed
-16f
-a6
-531
-83
268
-100
81
1b7
-12f
-c2
-188
-33e
67
-181
166
-16f
-1a8
-2c0
-571
cb
270
-31a
a8
26c
-8a
-d
-20f
-e4
-142
-3ce
-a
-157
-1ff
-2fb
-44e
1a6
2f4
-37f
135
1b0
6d
-223
-1b6
-225
-7f
-c2
1a
-c6
-2c1
-335
-490
bd
213
-32e
9d
158
33
-1e4
-1a7
-a7
-1ce
-3a2
-74
-23f
-1fb
-3ad
-48b
140
273
-37a
8d
17e
-66
-2d1
-87
-10
-5f
-2dd
-276
-1f4
-e7
-302
-4c3
88
208
-179
79
172
-83
11
7a
-50
52
-21c
-205
-cc
-24
-1d5
-3a3
68
1ef
-84
d6
313
-78
29
101
-10c
22
b3
-2b5
-168
57
-9b
-48a
e4
11d
8c
11f
3ec
-e2
-178
73
-1f2
-83
6e
-28e
-38c
-18c
-139
-3de
-c1
276
f8
164
10b
-1b7
-160
2bb
-d5
-1bc
af
-3b0
-5e3
-4b4
-1b1
-42e
-158
22f
db
257
178
-1da
-412
211
-287
-89
-43d
-c8
-4bc
-2d5
-374
-28f
-2e0
296
106
112
-50d
-3b
-bf
343
-2da
-114
-437
-b8
-20
3c
-212
-3bd
-134
285
7
18c
-481
4e
52
79
-29
35
-232
-1b1
ab
-5
-3
-25d
40
17f
-45
184
-c
13f
-125
7a
31
12
-249
-18b
a6
2a
-1
-25e
2c
186
-15
1a6
24
123
-103
95
-33
13
-225
-1a9
e9
26
-20
-255
27
17a
-38
1ae
38
120
-123
8d
-2c
18
-233
-1a0
ef
1
-1c
-26c
1b
188
-3c
1a7
3e
126
-107
98
-53
11
-243
-1b6
106
2a
-21
-263
23
180
-28
1a9
49
125
-11d
94
-65
1a
-216
-1d1
f0
27
-34
-26f
3e
179
-4f
1a9
2f
111
-127
229
-211
-fe
-18c
-30e
-7f
-3
8c
-311
42
16c
-3a
1c9
cb
e1
-517
-1ef
-3b7
7c
56
-277
-1be
39
2d
-2cb
-fd
3cd
-e4
21d
-54f
c
-3d3
1f4
-bf
-c2
-33f
9c
-60d
-429
-4ed
-90
-42c
2a
c9
-111
-113
-39
-e4
27c
-3ea
-3e
-513
72
-11b
32
-f7
-43f
-291
319
-6e
1be
-5a0
b1
11f
d2
-21
27
-248
-186
10a
6e
1c
-230
90
17c
-20
1dd
-1b
18b
-115
98
-4d
24
-254
-187
e0
19
2f
-232
6f
18c
-38
1b5
-2f
187
-104
a1
-71
2e
-204
-16d
ce
2f
41
-293
67
185
-21
1a7
-22
158
-15f
db
-107
-58
-217
-1d3
13
-75
57
-26c
a5
172
-3f
1b2
52
fb
-18c
25e
-16d
-34c
-16c
-32b
-1ac
-261
-87
-16f
-65
17a
-8
11c
-a5
f7
-5f9
39f
-2dc
-157
-d7
-363
-365
-5fd
-56
-102
-27a
23c
-45
71
-148
9a
-637
2a5
-39f
-f6
-38b
-2b7
-2f2
-500
2
-34f
-1a4
2d1
144
76
-7b
-19
-181
1eb
-433
-17f
ef
-453
-8
-2b2
-2c5
-42f
-5a
2a2
116
88
-1b2
-70
-4cd
14
-300
-9b
-25d
-41a
df
-11c
-26c
-346
189
27d
-9e
c7
1c
-da
-3cd
-98
-1b3
-8d
-4c2
-365
68
-77
-22f
-368
1dc
1bb
-c8
af
310
-110
-268
-ec
-11b
-39
-47a
-312
23
-9c
-1d1
-3a7
189
1b9
-7f
bc
335
-119
-1d4
-d3
-16e
-3b
-41c
-2c0
-30
-8c
-12a
-448
155
1d2
-2e
f5
387
-118
-27c
-17a
-9e
-ba
-40a
-1ef
-a8
-12f
-79
-35e
1ea
21c
-54
fe
390
-173
-2cc
-ea
29
-140
-2e5
-1c9
-c9
-e8
-f8
-39f
12f
1f4
-a2
7a
487
-f5
-130
-44
-fd
-d3
-3fc
-2e0
-47
-91
-1e8
-34c
fd
1ae
-98
a5
40a
-7f
-1fb
-bb
-113
-75
-3d1
-34f
7b
-58
-1d4
-308
fb
165
-58
80
35a
-a1
-2bb
-e5
-18e
-8e
-506
-33d
-46
-d7
-1aa
-371
13d
189
-59
db
3c1
-ae
-34e
-193
-1ac
-9d
-49a
-21e
-12e
-181
-147
-3f5
17e
1c2
-d2
f8
3a2
-108
-32e
-185
-dd
-a5
-44a
-134
-11c
-51
-108
-4c2
256
209
-148
199
3f0
-116
-27a
-15b
-134
-91
-5c3
-cc
-165
-104
-103
-48c
25b
271
-22a
1a4
4e0
-83
-35b
-1cd
-f7
-112
-471
-eb
-1e5
-15e
-1a6
-53d
226
202
-1e7
10b
4f8
-6f
-18b
-39
-15
-209
-34e
-151
-61
-7f
-237
-472
258
21f
-1db
14b
342
-48
-fb
-4f
28
-e5
-376
-21a
-44
-f9
-13c
-3c1
20d
1cb
-19b
133
37a
-86
-1ae
-cd
cf
-149
-1a8
-1ec
-46
-e
-75
-3f4
185
1c7
-5b
cc
397
-107
-a1
-108
-10d
-a6
-123
-21f
-12e
-24
-26
-48c
33
1c3
2e
c4
43d
-45
-f9
-a1
-1a8
-6b
-61
19
-158
-5f
1b
-48b
88
1de
-46
131
4b2
-da
-16e
97
-145
f1
-136
-41
-210
-183
3
-570
19d
226
-1e8
180
602
-108
-f4
-9a
-216
-ad
-131
-134
-20e
-1bf
-9d
-64a
95
1f5
-16e
2a
4d6
-e5
ca
-62
-24c
-bc
-39
-12d
-f5
-10b
-139
-4d0
39
1f1
-120
27
196
-82
-53
1a
3d
-164
-14f
-136
-7d
-d3
-1a4
-3a3
141
1d2
-171
107
319
-dc
-178
-74
c
-173
-dc
-13b
-32
-f7
-8b
-415
120
181
-17c
100
3d3
-ad
-ca
-76
3b
-b3
-f5
-1c0
39
76
-48
-3c8
fd
18f
-96
e6
442
-e7
-122
-b2
-11b
56
-38
-181
-12b
-32
-64
-506
33
1ba
-6d
f9
434
-a4
-e0
-98
-113
62
-d3
29
-199
-b4
19
-4d6
e9
202
-b9
12a
3c2
-7a
-c1
9c
-e6
c2
-1e4
-a
-1d3
-154
37
-50d
215
211
-11a
1a5
534
-10d
-c3
-85
-1e5
42
-153
3e
-24a
-16a
-bb
-5e6
150
1f2
-c3
bc
409
-50
b4
-f
-1f6
-4c
-d0
-4b
-b8
-199
-1b4
-4a0
17c
2a1
-10b
13b
12
c2
-1ee
14f
40
-143
-3c2
-17f
b7
-10e
-228
-3a9
238
25a
-297
159
251
14
-23d
-6b
-79
-8d
-303
-14f
87
-170
-188
-41c
2e3
20f
-37b
8a
2f7
-44
-22
-2f
c3
-8c
-11a
-282
-af
-5e
-1ef
-46d
1c1
231
-1ba
5a
350
-88
10d
d8
-110
-1f
-50
-298
-1e7
-78
-152
-512
a0
24b
-20
d5
44f
-10e
-a1
97
-225
f0
33
-178
-35b
-1e9
7
-51a
-b1
196
4e
f5
3e3
-11a
-224
-f4
-2dd
93
-9d
-300
-3e8
-386
-284
-51c
-143
2be
15
fd
7f
-fc
-486
-32
-39d
-8e
79
-91
-2e6
-17c
-3d0
-412
115
32a
-5c
12e
8c
-db
-4e2
-2b8
-167
-77
-3fb
-22d
-340
-1ac
-283
-41c
1e0
269
-250
98
fa
47
-39e
-c0
-70
-164
-12d
-1d0
-192
-13a
-3e4
-2ca
244
2d8
-7a
1a1
1d2
-16
-52a
-e6
-1eb
-248
-3dc
-ef
-29e
-f1
-3e8
-423
221
1eb
-346
33
155
-57
-131
34
-6f
-b8
-273
-333
-199
-141
-342
-382
3a
1e1
-fa
e
f
-10
-75
118
1
-67
-170
-29e
-5b
-9a
-172
-394
-1b
1c8
-31
4a
227
-b0
-94
e5
-94
2
17e
-314
-137
-31
2
-472
83
16a
a1
127
40e
-117
-a9
d
-229
-5d
91
-2bf
-303
-1a0
-120
-3b4
-eb
2a0
e4
141
87
-190
-13c
29b
-190
-283
2e
-40b
-514
-416
-1ce
-3d9
-156
240
cf
28d
177
-1d9
-4f4
1c7
-219
-b1
-3f9
-bd
-4aa
-34b
-3bb
-2d0
-2fa
26b
5d
f8
-4b0
-6c
-d7
2c7
-2a5
-73
-47d
-41
-10d
3c
-1df
-47d
-121
294
2
198
-465
17
b2
40
-2b
64
-24c
-d6
16
-1f
7
-2a9
0
1b0
-4b
19b
-a7
101
-13f
56
36
26
-274
-110
4d
-8
-1e
-2aa
28
1ac
-29
1a5
-52
fb
-12c
62
10
30
-24f
-122
72
-3
-18
-2ac
3c
19c
-3a
1b1
-38
11a
-13e
62
10
30
-24f
-122
72
-3
-18
-2ac
3c
19c
-3a
1b1
-38
11a
-13e
62
10
30
-24f
-122
72
-3
-18
-2ac
3c
19c
-3a
1b1
-38
11a
-13e
62
10
30
-24f
-122
72
-3
-18
-2ac
3c
19c
-3a
1b1
-38
11a
-13e
1e5
-193
-e8
-1c3
-270
-fe
-7e
a0
-33d
6a
189
-3f
1d4
85
f6
-4fd
-1ff
-348
73
32
-23a
-212
27
2e
-2e0
-f3
3d7
-d1
217
-572
21
-3e2
1f4
-bf
-c2
-33f
9c
-60d
-429
-4ed
-90
-42c
2a
c9
-111
-113
-39
-e4
27c
-3ea
-3e
-513
72
-11b
32
-f7
-43f
-291
319
-6e
1be
-5a0
b1
11f
bc
-16
23
-240
-190
105
54
23
-23e
85
18f
-22
1d5
-28
18e
-11b
b3
-67
39
-261
-18f
dc
5d
3a
-21a
6e
186
-2c
1be
-73
17d
-120
bc
-a8
1e
-22d
-18d
c0
3d
2f
-298
63
194
-4b
1c1
19
174
-129
c4
-e0
1d
-1f7
-213
5d
3
2f
-251
20
17e
-18
19c
55
159
-1c8
1d6
-1c1
-3b0
-146
-369
-156
-186
-99
-14a
-60
156
e
11a
-8e
101
-652
291
-17a
-28a
-94
-2b6
-3b8
-5a5
-11b
-af
-2f3
188
-36
79
-1a5
77
-64d
2eb
-1d0
-2b0
-3bb
-218
-32d
-4c4
-17e
-1f6
-262
296
f1
d8
-1ba
a5
-540
21b
-20c
-11e
-2b
-290
-44
-205
-1ad
-309
-14c
231
d4
5b
-f8
6
-350
51
-132
-b3
-1cd
-1f8
40
-120
-b0
-322
16
1cd
4f
77
296
-88
-d0
-28
-91
26
-103
-223
-15
-d4
-cd
-39a
5b
149
33
5b
3fc
-ed
48
-6f
-bf
57
-5b
-1d6
-c2
-ef
-9f
-3ff
6d
175
7a
6e
3c0
-bf
14
5a
-94
-3a
21
-1e1
-185
-121
-66
-4c2
a
1a8
5d
97
49c
-a6
-1c9
-ec
-18d
-eb
-b8
-269
-22c
-218
-c5
-47b
-12a
1df
-a9
-42
367
-e1
-13f
b
-186
-a3
-1f
-25b
-1a7
-1bb
-22b
-465
-c2
1de
-27
-41
25e
-11d
-92
28
-73
-95
-23c
-17d
-cb
-104
-1c4
-3f9
81
1bb
-b1
3e
365
-ee
1a
-75
8
-1a
-a4
-157
-8a
-92
-94
-405
8d
12c
6e
44
38f
-c0
c
7
-44
4a
-14c
-1c3
-12f
-42
-65
-4e0
-c
18e
1e
d9
456
-9a
-1bd
-126
-22d
b4
-22c
-af
-1c0
-258
-54
-4b0
-36
262
-1f8
e2
2ad
-107
-20d
-1b2
-339
44
-52
9e
-1bc
-1e1
-201
-6a5
79
26b
-30a
d0
281
-17d
-58
-d5
-1e1
-46
-3ff
11c
-267
-265
-2f0
-4e1
283
317
-427
19f
168
-93
-54
-106
-1d2
-147
-31a
-50
-14d
-2d0
-423
-4f1
1e5
248
-29b
fa
23
eb
-1a3
-2d
-db
-1e7
-1e3
-129
-2c
-237
-37f
-3cd
253
274
-35d
13f
-7d
18
-3f1
-7d
164
-222
-319
-203
-66
-1e5
-3c9
-485
23f
237
-3b2
10b
1b3
-4d
-202
-d0
118
-147
-154
-34f
-238
-164
-2d1
-4c1
46
213
-19b
99
2af
-98
-2ed
-14
-46
8
-ff
-b9
-380
-183
-1d8
-4bb
-62
290
-d7
a1
2fa
-36
-420
-d6
-289
9f
-ef
191
-30d
-137
-22d
-648
-2
252
-22d
11e
25f
-11c
-fa
bf
-3a1
159
-50d
d2
-2fd
-281
-2bb
-5cc
279
351
-3ed
212
234
-193
197
2f
-33d
e1
-24a
-120
-258
-434
-38f
-571
159
220
-256
5c
-1e
-49
94
-57
-280
-21e
-19c
2c
-10a
-2fe
-2fb
-32d
1a7
2f6
-270
ed
-2dc
4a
-48e
-24
-a7
-213
-181
-16e
-3c
-275
-3e6
-3a9
166
230
-393
83
-134
-2b
-3ab
-141
-c4
-16b
-283
9
-b3
-307
-39e
-3ed
1f5
25d
-4a9
9e
-86
-90
-209
-d8
-60
67
-324
-127
-238
-13e
-381
-504
200
1ec
-36f
cd
b1
-13f
-136
-86
-e2
-5e
-2ef
-174
-29e
-f2
-259
-4d3
167
2c2
-1ac
13b
130
-15d
-21a
-132
-206
-199
-ed
e1
-173
-1cf
-1a4
-516
9b
298
-2b1
185
1b4
-db
-23f
b6
-493
101
-14e
161
-22f
-1c9
-264
-60b
2b1
2b1
-44d
24f
21e
-114
-d3
bb
-24f
7a
-44d
-18
-199
-33d
-307
-580
36e
308
-3f2
277
-84
3b
39
148
-336
-16a
-339
-37
225
-1fc
-2b4
-2a3
2fe
2be
-2c3
21a
-322
50
-26b
1a
-22a
-1fe
-300
-10a
1a0
-305
-37c
-2d7
3f0
25f
-52c
10b
142
-86
-26a
-fc
-269
-166
-25e
-1a1
-93
-26e
-450
-367
49a
1d5
-443
82
1f8
-fe
-fb
22
5f
-1b8
-1c7
-3e8
-8a
-71
-40f
-388
2d9
235
-219
108
23c
-18f
-20c
126
-a2
31
-47
-455
-21c
85
-1c6
-4eb
28
21b
-4f
f5
3bd
-1a2
-d4
139
-2ad
b5
-ff
-1dd
-403
-236
-dc
-47d
-86
229
11c
1ab
342
-fb
-385
148
-33d
-76
-3a4
-2c4
-34a
-4db
-275
-34d
-f3
392
-24
176
-317
-91
-6db
200
-3db
-4e
-e3
-c1
-251
-21f
-2df
-326
148
2f2
2e
214
-31f
-b0
-362
90
-1ea
-22a
-6ba
-2
-257
-267
-391
-29a
180
364
-180
1dd
-2b0
f4
-530
189
-1c6
-bd
-388
-22a
-c4
-272
-3f8
-2dc
11d
2a4
-1ab
1d4
-c8
85
-4b6
113
-18a
-1ab
-483
-1b2
-241
-163
-3ff
-2ed
211
228
-270
141
-7d
-9d
-101
164
-105
-181
-3a0
-270
-1f2
-200
-2f5
-2ed
-51
1fb
-149
4e
-117
-42
-fb
d7
-96
-119
-1d4
-14a
-31
-a9
-a5
-32e
-bb
1a0
57
70
295
-20
-89
8f
-9f
78
14f
-31d
-174
-2b
-15
-498
69
14a
82
145
40e
-121
-bf
-f
-194
-e7
-c
-2c4
-25b
-1b6
-179
-3b1
-11e
295
db
141
64
-1a8
-f3
2c1
-1b5
-236
-c
-446
-4ca
-361
-1ee
-437
-16e
202
d4
26f
1c5
-1bb
-52c
19d
-260
77
-3c1
-a8
-4c9
-33d
-385
-312
-2af
282
26
104
-466
-46
-12a
27c
-247
-15
-4bc
-4
-184
a
-1a1
-4a2
-fe
2dd
-12
1b4
-499
-3
a8
4b
-34
56
-276
-f6
45
20
8
-274
11
1e6
-47
1a0
-12c
f7
-152
78
6
4f
-2a6
-144
af
1e
-24
-25f
2c
1d7
-59
1be
-90
123
-145
6e
7
56
-25a
-146
b6
36
5
-26f
43
1bc
-3c
1ca
-66
13f
-153
6e
7
56
-25a
-146
b6
36
5
-26f
43
1bc
-3c
1ca
-66
13f
-153
6e
7
56
-25a
-146
b6
36
5
-26f
43
1bc
-3c
1ca
-66
13f
-153
6e
7
56
-25a
-146
b6
36
5
-26f
43
1bc
-3c
1ca
-66
13f
-153
1f3
-1a4
-f6
-1e2
-287
-be
-6f
b4
-2da
68
19e
-37
1ea
80
117
-530
-1ec
-311
55
36
-235
-1ea
-22
2a
-2b0
-fa
3dd
-db
218
-562
42
-3ee
214
-c9
-ef
-347
7d
-5f4
-417
-4f5
-8e
-432
23
cb
-11f
-10d
-32
-103
27e
-3ff
-61
-531
54
-ff
27
-fa
-422
-283
310
-7b
1a2
-5cc
a7
117
a3
-17
10
-23a
-19d
10c
6d
1d
-231
81
189
-13
1c5
-1e
166
-115
9b
-40
1b
-26a
-191
f5
4c
20
-238
57
192
-1d
1c1
-32
167
-12b
ca
-52
72
-241
-1b5
ec
48
33
-254
6e
186
-3c
1cd
4
152
-10d
c6
-d1
19
-205
-186
47
5
53
-25c
93
185
1
1bc
11
157
-155
1f3
-178
-381
-14d
-37b
-11b
-80
-57
-177
-56
13a
28
105
-149
13b
-619
24e
-169
-2a4
30
-33a
-3e8
-477
-147
-2d
-301
198
-5
58
-248
be
-764
1ff
-109
-313
-41f
-16c
-3a6
-3f3
-13a
-ea
-2ea
2cb
2c
74
-196
9d
-46b
16b
-d9
-16c
-60
-1ae
-fe
-251
-14b
-262
-204
1ea
37
17
62
-4f
-112
35
-ce
-23
-fa
-19a
-7d
-6b
-c4
-38e
-dc
1a5
7c
80
3c1
-90
-af
-f
-79
11f
-3
-1b4
-9d
-138
-5f
-487
-27
170
1c
ce
489
-5a
-cf
-bf
-6b
10
-6b
-aa
-107
-e0
1c
-429
5b
1a0
91
b6
47a
-10e
-157
-14
13
-d6
31
-60
-214
-10c
-2e
-578
4f
20a
2b
146
5be
-ee
-95
-2d
-158
-18b
-1ce
-239
-33c
-361
-24c
-3d7
-14a
20b
-17
19
226
10
-20b
bd
-1f6
-9e
-33
-287
-1ea
-2fe
-24a
-3f2
-172
252
88
7d
21
-4f
-2f8
-73
7e
-222
-e8
-1c2
-14a
-110
-107
-418
7
205
-28
2e
373
-11d
-230
-8d
bf
-35
e9
-116
-162
-61
-61
-4d9
-5a
18e
15
3c
404
-64
-9
7c
-113
83
-15a
-1e9
-210
-14b
-9c
-488
41
252
2d
16d
38c
-9c
-1d6
-ef
-3c5
218
-18a
-f6
-1e4
-39a
-16e
-43d
-9c
25d
-d6
b2
227
-6d
-3ed
-34
-5b4
264
-17c
-14
-233
-19c
-319
-60f
2ea
37f
-1ab
260
12d
-220
-402
-24b
-382
1e
-4ce
-ed
-2a4
-bb
-2f4
-438
492
27e
-2da
d2
28
-191
ed
-bb
-78
-227
-29a
-6b
5d
-2a3
-488
-320
1da
275
-19f
198
e
e9
-2cd
-135
-102
-ed
-530
-1d2
108
-155
-41a
-252
2a9
2c0
-31b
1b6
84
d2
-458
-186
-69
-101
-42e
-331
-119
-189
-510
-1ea
250
21d
-1c3
3b
1d6
-3
-230
d6
-23f
25
-22d
-140
-300
-da
-496
-2ea
22c
1fd
-1e8
7d
101
-49
-312
184
-17e
15f
-457
-229
-203
-1ae
-305
-3f9
a4
250
-90
1a6
238
-56
-3e9
3d
-370
158
-1af
-6d
-10d
-1e5
-356
-535
198
2f6
-dd
173
318
-121
-3c9
-52
-535
2fb
-457
-2c9
-2c3
-207
-1ae
-466
3ed
301
-23e
12d
14f
-277
-5
3b
-2f9
5c
47
-32
-1f5
-2a4
-228
-435
3d7
36c
-6a
200
26
-12a
-157
-233
-20b
-2fa
-38a
-ab
-1a2
-1b9
-256
-291
188
345
-208
d3
76
82
-503
-24a
-173
-225
-3cc
-214
2d
-134
-47f
-2a5
1c1
26d
-29a
163
2a9
11e
-4da
-2c4
-251
-1bf
-4af
-243
20
-191
-511
-2f0
303
255
-42b
1d0
2a7
-a0
-49e
-95
-1a1
14
-34d
-1c6
-22a
-13d
-4c1
-418
3a1
1ea
-34d
179
38c
-d5
-23d
-91
-2ce
-ba
-319
-1f9
-1e6
-10f
-2e7
-4a7
106
29f
-23b
1c7
21e
-5a
-2f7
-df
-35e
-28
-10d
-8d
21
-28c
-4d6
-44f
68
2e3
-2f8
16d
2b
-86
-563
-72
-450
171
-4fd
-17a
-1aa
-1d5
-632
-513
506
2fa
-516
28d
83
-182
-90
-101
-34b
-ea
-5be
-3af
-d3
-2ef
-52b
-40e
432
289
-363
16f
-180
-7
-216
-53
-2fe
-2e6
-3b
-277
145
-34d
-552
-2c4
2a4
2b3
-395
10c
-137
1d
-6c7
-222
-413
-297
-33a
-30a
e2
-3b9
-6d1
-404
3cb
270
-698
17b
103
-8c
-50e
-ff
-398
-25d
-3eb
-25d
-d
-2b0
-6db
-354
4ec
213
-563
168
7b
-97
-2f4
5f
-210
10
-25e
-36d
-15c
-d3
-4ed
-423
283
17f
-3d4
52
ed
-104
-eb
151
b2
ff
-107
-359
-2b1
-4e
-236
-4b4
178
27a
-1e
12b
212
-15a
-24
1b9
-1d3
-2f
-a
-273
-46b
-b6
-e8
-4a5
-2c
1f6
150
1ba
1f1
-176
-2af
6f
-341
-8
-216
-268
-3f3
-399
-200
-379
-172
2bd
bf
1ae
-e9
-a2
-57d
19a
-1e3
-11c
-a9
-db
-26f
-1f5
-3c1
-261
112
30b
e0
29c
5a
-ae
-4d5
-5c
-37b
-157
-505
-1d0
-215
-12c
-36c
-2da
f4
236
-154
1e1
-56
74
-317
19b
-1dc
-104
-245
-13d
-25
-247
-42d
-201
292
28c
-18f
26c
19e
82
-42b
e5
-20a
-27a
-3b2
-30c
-1a9
-1b1
-3bc
-28a
2c9
1ec
-2af
14c
54
-49
-1f7
16c
-165
-223
-1e1
-32b
-17c
-262
-273
-2c1
-5b
20a
-1b5
-3c
-168
-52
-144
cb
-9
-63
-189
-13c
-46
-66
-55
-325
-b4
1b7
57
73
29b
1e
-3a
95
-cc
57
ed
-316
-151
28
7
-49d
8b
16a
7c
138
433
-146
-9c
-4b
-1cc
-fb
a
-2e3
-214
-14c
-17d
-3b3
-172
262
ef
ea
a3
-1ec
-c9
29b
-101
-157
66
-448
-4a0
-2df
-196
-44e
-146
1ff
ca
24b
23c
-194
-4b9
1a0
-2d1
6
-3d5
-15a
-47e
-27f
-2fa
-2a4
-29a
265
ca
11c
-3e6
-58
-146
2d1
-268
-15
-44c
-68
-e0
-65
-1a1
-47a
-14b
2ee
-3e
1cb
-446
-5
111
7a
-83
4c
-296
-1ab
8d
35
-e
-270
3a
1df
8
1c7
-d6
fe
-13f
c3
-97
43
-27d
-178
10d
3f
-14
-25c
79
1ba
-61
1d5
-7d
119
-154
8c
-26
2d
-250
-174
f4
57
11
-252
66
1b2
-3a
1e1
-54
110
-ed
93
-19
5a
-245
-18a
ec
64
-7
-254
5c
1ad
-2b
1d0
-37
134
-10e
8d
-35
4d
-23a
-183
f1
59
2
-247
47
1ac
-21
1d9
-37
140
-128
8d
-35
4d
-23a
-183
f1
59
2
-247
47
1ac
-21
1d9
-37
140
-128
21d
-1fd
-107
-1c0
-2c3
-82
-2c
a9
-29c
64
184
-1a
1f0
9f
115
-52a
-1d3
-35c
56
55
-24f
-1c2
-1c
1d
-289
-f5
3c2
-e4
211
-543
46
-3df
229
-ae
-e3
-341
79
-5f2
-41a
-4ef
-94
-419
18
bd
-132
-122
-14
-e1
276
-42c
-69
-551
42
-102
2c
-f1
-40d
-28a
305
-73
173
-5cd
b7
13a
9e
-51
-8
-23e
-19a
ff
80
26
-24b
5d
180
-16
1a3
-34
137
-113
97
-4c
3e
-23a
-1a5
ec
62
2b
-246
42
190
-2f
1af
-72
144
-11d
c7
-63
55
-274
-170
9f
1f
53
-264
d2
19a
-2b
1ae
-50
142
-127
d2
-4a
-12
-285
-1b8
88
43
6f
-239
48
189
-6
1a0
-27
126
-e1
223
-15e
-2f7
-169
-3a7
-143
-a0
-2c
-185
15
143
34
11b
-123
15e
-586
28d
-1ec
-2d0
82
-317
-3ed
-404
-102
-9
-371
19e
47
6e
-24c
ab
-7bb
1fe
-1d7
-37c
-3ca
-108
-3a0
-3c0
-180
-13e
-356
2c5
-3b
31
-174
87
-480
fd
-b5
-131
-bd
-1a7
-12c
-270
-18e
-24d
-221
20b
1f
-6
df
-aa
-129
a1
-61
1
-d3
-174
-a3
1
-112
-40b
-10a
1a6
6f
84
3ff
-119
-98
a8
-d8
1cd
-ce
-131
-19d
-1d5
-1
-4f9
ec
178
-66
e0
410
-83
-ed
-40
-19b
67
-d3
-ac
-27c
-167
29
-55f
2c
1fd
10
62
342
-121
-7a
81
-213
9f
19d
-1e8
-2fd
-ce
-cf
-60d
2c
23f
13
9a
2d2
-177
6a
e1
-8d
-1f4
-27d
-15f
-3e2
-21b
-2e4
-397
-ce
2bc
-7
98
e
-b1
-1e9
c3
-d4
-26a
-1f3
-144
-263
-43b
-24c
-392
-2af
2cd
37
48
-a0
-9
-404
-1da
1b8
-174
-235
-4e
-2e4
-207
-1a5
-3b1
-263
267
96
14
2ce
9e
-2c3
-8e
172
-4c
-1c2
-17b
-1e2
40
-287
-3eb
-66
289
93
10b
17e
f2
-288
b1
-87
a0
-314
-385
-1cc
-94
-1a2
-3cc
-33
27c
-2a
1a2
3c1
4f
-243
21f
-406
11a
-216
-1cf
-d4
-35a
-2ad
-3b3
10a
2c8
43
1ec
1cf
11
-4eb
2b6
-79a
356
-427
-2ed
-11b
-3bf
-167
-56c
3d2
32c
-23d
2cd
-46
-1b0
-ad
6f
-4b3
140
-239
-14c
-17f
5c
-217
-5a8
437
336
8c
1a7
-9e
-249
ef
9a
-243
-113
-42e
-13c
-4f
-a5
-2fa
-3e2
2dc
310
-f0
193
f2
-23
-38a
-ad
-1cf
4b
-4b5
-2b3
-151
-147
-150
-1bb
33d
236
-5e
4e
194
dd
-22a
7e
-290
-100
-192
-1c8
-20a
-a2
-2cc
-2bd
343
258
-96
167
171
-10e
-34a
1e6
-202
-18a
-202
-d5
-11c
-41
-39d
-339
2cc
250
-23e
215
1f3
-16a
-11e
1bf
-15a
20
-4f8
-26a
-1eb
-320
-25b
-485
1d7
222
-1b0
246
3a1
-17
-273
242
-360
1a0
-2e9
-388
-315
-2ee
-236
-466
1cc
2df
65
223
64
-72
-fb
29a
-79f
376
-3ce
-23e
-30d
-1bd
-1f2
-54c
351
31d
-23
19f
-1a2
-d5
-72
2ab
-391
-b5
-23e
-185
-81
-256
-312
-3e9
2b8
379
-e6
29e
-c9
-98
-a1
5e
-22b
-131
-5c8
-1f2
-cb
-160
-34c
-2e5
148
2f3
-84
13b
-8b
e9
-3e1
-e
-1d2
-110
-5fe
-1cb
98
-1c6
-421
-2a8
1db
28f
-302
d4
-105
147
-523
-e3
-282
-1b9
-6f3
-279
3e
-ca
-467
-2e0
30a
2b7
-412
115
15a
-92
-291
d6
-2e5
-80
-535
-2b8
-fd
-13e
-47a
-412
2e3
213
-322
159
209
-161
-151
6d
-1b1
-2e
-614
-30a
-42
-1a3
-3ef
-3a8
f6
222
-21d
158
1f5
-8d
-2ac
-f6
-360
9f
-312
-44d
-7
-13d
-5bb
-389
1e9
29c
-59
212
201
-108
-68d
-119
-3b8
50
-5e5
-3a3
-287
-e5
-590
-385
377
251
-21f
196
f7
-1c2
-15b
-5a
-371
-b1
-619
-2e2
-142
-1bc
-409
-3e4
228
299
-84
1d1
-5a
-6
-4e4
-153
-2a1
-143
-5b1
-16d
b9
-285
-581
-2e6
1e1
2bc
-2bd
1b1
119
104
-88f
-2dd
-25a
-156
-96b
-2e6
81
-2b0
-590
-316
420
306
-47c
19d
1e3
-11
-61b
-1c9
-261
-d2
-709
-374
-cd
-158
-548
-2bf
444
188
-38a
5b
18f
-156
-2f7
124
-ec
8
-3cc
-126
-2e6
-75
-526
-436
43b
1c0
-29b
d1
164
-106
a3
1e0
-110
22
-12e
-30d
-28b
-9e
-189
-54e
15c
238
-bb
195
1ec
-10b
-49
270
-183
48
6d
-305
-332
-1c6
39
-437
-4b
207
171
186
1d7
-173
-313
1f8
-49b
-128
-2d5
-1e1
-352
-2ee
-1ea
-2eb
-123
324
ee
fc
-297
-d6
-5c5
22b
-2e8
-9f
-11f
-d4
-159
-2c5
-349
-2eb
50
2cd
-75
1cf
-1bf
-b5
-344
ab
-b7
-1fb
-7eb
-a5
-18b
-14f
-453
-291
17b
34e
-161
21f
-1d1
4d
-47c
1e1
-24e
-df
-434
-2ac
-23
-1ea
-407
-34c
16d
26f
-260
1eb
-20
71
-393
181
-27d
-289
-475
-259
-290
-2c9
-39d
-2e1
20c
24f
-2bf
114
-d8
-76
-185
132
-14c
-1e6
-3f6
-25a
-23a
-2ad
-27b
-310
-34
245
-1d6
-28
-144
-8b
-f8
a6
87
-4f
-14a
-116
-f5
-15d
-77
-3b5
-93
1ca
53
61
2fe
-36
-d
95
-9b
-5
139
-31e
-1d6
16
-16
-4f0
20
171
c7
f9
455
-149
-8a
-e
-208
-98
69
-2a2
-23d
-f3
-1a8
-405
-1bf
22c
d4
a5
60
-1f0
-d5
299
-114
-1b1
39
-3db
-519
-3a9
-173
-48d
-150
208
cc
23f
1b4
-1b6
-430
194
-23d
1
-3bf
-13f
-42e
-20b
-2d7
-300
-32f
245
114
111
-37a
-65
-12a
27e
-2f2
34
-495
-c2
-b5
-3d
-1e7
-464
-103
2fb
-62
1fd
-48c
-1
11a
b6
-80
2c
-27c
-19e
fd
1a
-20
-225
-2
1ee
-9
1f7
-a7
119
-16a
be
-b9
3f
-25a
-19e
130
48
-d
-271
4e
1b6
-5e
1ec
-43
147
-11c
84
-6f
6d
-22d
-1a7
103
46
-15
-267
41
1b8
-39
1df
-26
11d
-10b
99
-3a
51
-23f
-189
f6
4d
-1c
-254
3c
1af
-30
1d4
-20
115
-126
8d
-35
4d
-23a
-183
f1
59
2
-247
47
1ac
-21
1d9
-37
140
-128
8d
-35
4d
-23a
-183
f1
59
2
-247
47
1ac
-21
1d9
-37
140
-128
21d
-1fd
-107
-1c0
-2c3
-82
-2c
a9
-29c
64
184
-1a
1f0
9f
115
-52a
-1d3
-35c
56
55
-24f
-1c2
-1c
1d
-289
-f5
3c2
-e4
211
-543
46
-3df
1fd
-aa
-10a
-370
91
-636
-48d
-4cc
-7a
-40c
7
e6
-145
-11e
-4a
-ab
2a3
-3f3
-74
-4f6
6e
-14d
1b
-f8
-459
-2c6
2f0
-2d
158
-57c
9e
131
96
-5c
39
-23d
-188
d8
79
1f
-299
48
191
-32
1a2
-60
161
-11b
99
-8f
1e
-273
-17c
a4
45
26
-2a0
7c
188
-19
1a5
-5c
12b
-140
b4
-5e
-9
-24a
-161
99
-13
33
-295
2e
184
-2c
190
-32
fa
-ea
a2
-9
8d
-227
-184
47
-64
31
-250
95
184
-1b
178
-68
149
-fa
278
-112
-384
-12e
-36a
-1a4
-f2
-40
-164
-14
141
55
115
-131
14e
-5d2
2be
-1f9
-2f3
8a
-33a
-3bb
-423
-136
-c
-3a8
17e
3b
5a
-214
c4
-79f
1c5
-1cd
-30d
-3e2
-15a
-388
-3c1
-199
-117
-34a
2c0
b
3f
-15a
bc
-481
149
-1ae
-ca
-52
-1a7
-178
-226
-1dd
-278
-257
201
44
-27
e9
-46
-1e1
ae
-62
cb
-ce
-11b
-146
-90
-95
-4b8
-45
1d8
53
c5
363
-141
-127
181
-1f6
191
-106
-38
-2c5
-1a2
11f
-515
180
1e5
9b
151
519
-121
-f7
f9
-2ed
202
-211
-f4
-402
-319
34
-53c
-11
213
b7
a
2c8
-10e
169
1fa
-463
186
2e3
-236
-371
-17d
-d1
-5ac
d5
2b7
18d
107
14
-1c0
-60
10f
-134
-2e1
-ae
-1b1
-2f6
-1e2
-245
-347
-bf
2ad
90
44
-ff
-106
-213
ab
-e3
-315
-57
-109
-2cf
-27b
-26f
-342
-2f2
222
186
6b
-e9
-7e
-3b4
-b1
239
-2cb
-4b
166
-318
-2a0
-448
-346
-24b
19d
ed
4e
7a
1b7
-52e
79
4ca
-284
-2a0
-248
-24c
-f3
-3a7
-2a8
-133
229
ca
16c
-f3
15d
-522
1dd
254
-9a
-32f
-34d
-196
-ba
-2d3
-47b
-7
211
6f
1d3
306
57
-300
1be
-2f6
6
-38e
-308
-1ce
-218
-1aa
-49c
b2
240
45
212
3bb
-87
-3a9
309
-6dc
26e
-408
-1b6
-109
-3a6
-e4
-5a9
40a
291
-e6
274
2a8
-152
ce
256
-5dc
e3
81
-32b
145
-20c
-16b
-4b9
3db
378
-11
2ff
-b4
-1e4
-8e
151
-36c
-c1
-51
-133
-31
-14a
-174
-2ce
3e2
2b7
-de
171
-dc
-8a
-209
1b0
-1bf
-163
-376
5b
-1a3
-1cb
-2c9
-280
31c
22b
-136
1f4
68
1b4
-319
23d
-20b
-17a
-4d1
-243
118
-344
-3b4
-3b5
21b
2c9
-28e
2c1
29
af
-4ad
10e
-213
-85
-2fd
-2f6
141
-a4
-282
-424
300
2b6
-1de
1bd
181
-e3
-1c2
e9
-1ef
-115
-315
-24c
-169
-1bb
-fc
-40d
21c
2ee
-12c
16a
2c5
-8c
-13f
dd
-39d
-b4
-205
-53
-5e
-2f1
-207
-274
242
25f
-e6
251
-11e
-b9
-174
2e8
-637
-13b
-fd
-79
100
-392
-371
-448
324
357
-343
3d1
-314
-1a8
-3c0
1ca
-34e
-123
-a
-183
f2
-2a6
-38c
-36f
4b8
290
-318
371
-105
-152
-28a
174
-24d
16
-36f
-203
-17f
-29d
-2db
-2fb
3b7
275
-24f
1cb
-15
8d
-404
44
-1d5
-f3
-206
-212
91
-2fd
-2ff
-261
234
24e
-17b
17d
bf
65
-2d4
-142
-2b1
-1e8
-152
-1c4
-a3
-1ee
-463
-363
381
1be
-2f8
bd
2fc
-e9
-251
-a6
-125
-1c6
-3d2
-40b
25
-a7
-404
-34f
30d
18f
-2cc
180
2f0
-11b
-208
15
-8d
-e2
-3d6
-51f
6c
-15e
-40b
-3aa
f0
1e2
-122
c0
1e3
-ce
-39d
13d
-245
-ec
-332
-43b
-6a
-f
-3f8
-408
20c
248
-f
1fe
19b
-12d
-490
6b
-340
cf
-2ad
-21c
-14a
-16
-2a8
-3b2
203
1d8
-1f
235
-f0
-159
-170
f2
-231
1c
-351
-1ba
-137
-16f
-253
-2d6
ac
2e0
59
2c1
6d
3f
-619
0
-194
-d
-329
-10c
-47
-148
-2b5
-2c3
314
2d8
-be
204
1a0
17
-458
-7f
-31f
30
-723
-353
-1e8
-16d
-260
-212
3dc
278
-22e
5e
11b
32
-275
a8
-405
-48
-28f
-165
-287
-115
-3a7
-27a
39c
1fe
-15a
4b
162
-173
-1bf
185
-1d7
-186
-26e
-27a
-146
-108
-396
-436
20e
209
-191
101
184
-1c6
1e
2ab
-173
a1
-ce
-23e
-16c
-df
1e
-49a
ef
1bd
3e
183
38b
-94
-1d
22e
-2a0
f2
-f3
-332
-38f
-204
106
-351
f2
1ad
bf
158
2e3
-21a
-b9
13d
-53e
-41
-eb
-42a
-2c3
-1bd
-246
-3b9
-1d9
22f
13f
6c
-a5
-237
-1ea
1cf
-460
-260
72
-14c
-1b1
-23e
-49b
-294
87
290
-7
18b
21
-12c
-4ac
-59
-235
-1e5
-546
-289
-22d
-1e4
-3fd
-2ba
-61
1f1
-14c
8f
-eb
-22
-3fe
1ee
-1c2
-51
-12c
-2cd
-219
-198
-3e3
-2e9
195
237
1a
116
eb
12
-484
58
-2f1
-289
-32b
-2a0
-30c
-1d3
-340
-2ae
1fa
1cd
-171
c5
92
-9a
-1af
117
-1a4
-198
-11f
-31c
-1c0
-225
-289
-2e7
-15f
216
-b6
-74
-a7
-6e
-1d1
b5
0
-8f
-138
-e3
-101
-17e
-bb
-36f
-c2
1c2
6b
5f
2fd
-5a
-6c
6e
6
7e
fe
-2f2
-21d
-4c
-20
-49c
-2
177
9b
11e
45a
-129
-bf
c
-1bc
-92
29
-2b8
-256
-ff
-1d2
-3ea
-197
224
100
de
60
-1cc
-123
27e
-14d
-1fa
0
-3b5
-4c3
-313
-17d
-495
-1ee
21d
c3
246
1e6
-181
-4ba
14c
-1de
59
-327
-a2
-487
-318
-2ea
-385
-31d
256
cc
14d
-39c
-34
-123
2aa
-293
-12
-4cd
-bf
-db
c
-1b8
-484
-112
329
-1a
1ea
-4ec
5
7e
b4
-79
58
-244
-199
d7
25
b
-272
-e
1e4
-2e
1b0
-86
de
-12c
4b
-4d
47
-26c
-15e
f7
36
18
-252
76
1bb
-3f
1ab
-4c
145
-113
79
-4e
27
-224
-19d
ed
51
2
-247
5c
1b7
-1f
1c8
-5b
113
-11d
a8
-3a
23
-229
-199
fd
4f
-4
-264
57
1aa
-2e
1b9
-7d
107
-133
92
-c
29
-247
-17e
d6
4b
d
-26b
6d
1ae
-1f
1ca
-81
122
-120
92
-c
29
-247
-17e
d6
4b
d
-26b
6d
1ae
-1f
1ca
-81
122
-120
212
-1bf
-135
-1b4
-2c7
-90
-4b
b8
-2b2
91
18b
-17
1da
54
f9
-525
-1df
-31f
38
51
-25b
-1ce
-9
22
-279
-fe
3c7
-d6
201
-545
36
-3db
21f
-e6
-120
-36b
6d
-64c
-45b
-4c6
-a4
-455
-6
fa
-173
-ff
-5a
-f3
2d5
-3de
-55
-4cf
63
-164
4
-d8
-49f
-2ce
2e3
-4b
159
-5b4
4c
11d
94
-29
4f
-225
-15c
9e
27
69
-29a
9d
195
-29
191
-53
149
-108
c4
-4f
-2
-21c
-17d
73
82
5a
-2a7
6a
17f
11
186
-47
11a
-ee
97
-7a
36
-1fc
-1da
89
21
44
-275
52
175
-3f
16a
-69
11e
-127
eb
-88
-95
-200
-175
3d
-6f
-8
-250
57
16d
4f
166
-8c
126
-1e2
26f
-9a
-416
-146
-327
-144
-155
-76
-14f
-6a
117
6
fd
-125
13b
-674
268
-10e
-2a6
-14
-30b
-429
-46a
-163
-48
-36b
16e
-25
42
-23e
b1
-761
1e8
-10a
-2ab
-3ea
-196
-36a
-3d0
-177
-c5
-32d
2d7
18
82
-131
b8
-4c8
1b3
-d8
-ba
1
-1b3
-162
-207
-18d
-244
-1c3
1ff
34
f
9c
-38
-1ad
15a
-172
99
-145
-17c
-1c2
-125
-13
-505
2
20e
24
e3
3f1
-b8
-105
292
-31e
27d
-44
-1cb
-2e9
-176
1fa
-498
139
215
c6
fd
454
-1c5
f5
2a5
-566
31d
-74
-1d1
-418
-2d0
2c
-528
2d
221
155
12
72
-23e
226
3a9
-4bb
-bf
360
-237
-27a
-25f
-8b
-498
3e
34b
128
132
-146
-210
-b4
155
-25d
-2a6
b4
-24b
-234
-222
-8f
-241
-10d
23e
13a
30
-1a1
-9d
-2d9
10b
-dc
-2bc
-77
-33c
-201
-13a
-230
-271
-1d3
1ee
fb
b0
-1a4
-a1
-430
137
-5a
-382
-c7
73
-21f
-4d
-3f4
-114
-a4
176
249
f8
4d
a8
-63c
fe
59
-f6
-3db
c2
-284
-191
-3f9
-1e9
-ab
11d
-12e
-64
-155
13c
-408
1e7
288
-104
-383
-1ca
-253
-151
-3ab
-2af
2d
29a
7f
ae
9a
-a3
-21a
de
-b1
8
-39e
-c3
-249
-31f
-26f
-505
24
26d
-157
163
25e
-97
-279
18c
-4e8
1ed
-40a
-fd
-248
-365
-2c4
-659
19b
2d0
-1a6
22e
89
-f7
-15a
127
-542
aa
-1a9
-2b0
41
-21e
-34f
-4f7
354
341
-151
280
-1bb
-a4
-32
1e7
-340
-19b
-47
-e6
22c
-1b0
-459
-34f
3c0
293
-277
288
-133
-27
-42d
153
-dd
-124
-52c
-1c
1ce
-216
-5eb
-2ae
368
20e
-36d
25c
-24
7c
-39e
-61
-c6
-a4
-62b
-2c0
8
-396
-429
-290
2ef
29b
-389
77
e3
105
-2b9
90
-1cb
9b
-33
-2e4
-274
-25a
-311
-3da
25b
215
-145
7e
1b4
-48
-194
-1
-28a
-109
-3dc
-3b7
-300
-25d
-312
-401
281
2e1
-1b4
16f
110
-ec
-527
-7f
-349
-2a9
-2ce
-26b
-82
-256
-5ca
-436
15b
2c5
-298
17e
-190
-1af
-57a
-120
-681
-1bd
-5eb
-2e2
91
-25e
-7b6
-46b
359
3ca
-731
23c
-24b
-25c
-3ad
-19e
-51e
-7c
-2b6
-29e
-138
-125
-7c1
-468
494
247
-57c
235
5d
-24d
-223
3d
-286
-bb
-7c3
-26a
-199
-2f8
-588
-271
2f5
2b1
-440
179
-c4
-5
-3da
5e
-367
-1a8
-353
-350
c8
-3bf
-451
-299
172
27f
-2ef
f6
-143
e2
-526
-93
-454
-258
-283
-b9
80
-279
-474
-2dc
309
29a
-434
f5
-ca
-b7
-3c6
-66
-150
-e3
-4bd
-205
-f6
-1a1
-460
-35c
29a
155
-438
a2
49
-125
-f2
7b
cf
-af
-3fb
-367
-d7
-98
-388
-3a5
184
205
-149
e3
165
-12a
-1ae
-a
-98
-de
-2ce
-3fd
-a2
-3c
-240
-3b1
15e
1a4
-41
170
219
-149
-c2
-e2
-175
-15a
-119
-2ae
23
72
-343
-159
72
1ad
11f
169
6a
-45
-3c7
17c
-28f
-133
-336
-143
cf
-e7
-499
-1ae
8e
268
-1b9
240
-14c
87
-565
9b
-215
-127
-34f
-29b
1
-1c0
-477
-23d
2d8
196
-1cb
238
-8e
76
-1d3
155
-7f
-198
-4ac
-3cf
-120
-3cd
-3d5
-11d
256
2bf
-fc
203
-11
c6
-570
203
-38d
-187
-166
-347
-72
-23e
-3d3
-2dd
168
249
-124
18a
156
77
-201
153
-2c0
-44
43
-33b
43
-b2
-167
-329
d3
1e7
-72
da
275
-7b
-64
202
-13d
5f
28
-2c7
-153
-1f3
4f
-390
104
162
48
143
46d
-e1
-46
24d
-423
13a
-272
-335
-360
-353
25
-348
83
174
5b
11c
1d7
-1ce
100
326
-514
-3b
-6f
-3c6
-29f
-379
-2f5
-3f5
-8d
32a
15b
10d
-2cd
-1b9
-34a
265
-40d
-24b
-19b
-418
-177
-153
-1a4
-11e
3d
32c
154
193
-151
-129
-441
152
-337
-c5
-411
-169
-282
-13b
-32e
-18c
-98
175
d3
58
-d3
-45
-41e
284
-356
-47
-489
-1f2
-268
-238
-2f0
-27c
14f
2cc
-e6
1dd
-8e
-a3
-451
1ae
-35d
-94
-2e2
-132
-2d2
-210
-2bd
-210
eb
1f0
-25
e4
-170
-10a
-7
1bf
-283
-b5
-273
-3e
-205
-204
-2b6
-27d
-7
27a
-1b0
46
-166
-90
-c2
f9
-e
-3a
-284
-131
-af
-c7
-123
-337
-16
1e6
-35
a6
28f
-63
22
9a
-2
73
e0
-2cf
-1a7
-ff
-33
-454
26
17c
79
129
42e
-118
-b2
48
-135
-119
15
-298
-222
-de
-1d9
-3d1
-172
212
122
d5
28
-1d1
-157
2d1
-13d
-1ca
-1b
-3d9
-4c0
-278
-14c
-4c1
-19c
23f
a2
245
fd
-17e
-4e5
fa
-1fd
56
-3e5
-cd
-4ad
-323
-27e
-347
-2e9
29a
e8
147
-3a9
-53
-141
2cb
-262
-51
-48f
-cb
-ef
-2b
-1a5
-484
-133
321
1e
1b7
-4ce
-1d
a4
87
-bf
6
-24a
-181
a5
c
c
-261
4f
1e6
-22
1a1
-10b
e0
-140
7b
-12
-29
-229
-187
b1
3d
19
-23f
a
1b3
f
187
-8a
10d
-136
8a
-22
27
-22a
-19d
d6
58
1
-266
17
1aa
-15
19f
-5d
115
-12b
83
-2d
33
-23b
-18d
e0
59
-2
-267
2d
1b1
-23
1ba
-48
f7
-114
82
-28
2c
-23c
-186
eb
4b
-1
-261
1d
1b6
-22
1c0
-3a
f9
-116
82
-28
2c
-23c
-186
eb
4b
-1
-261
1d
1b6
-22
1c0
-3a
f9
-116
1f4
-1e2
-145
-1bb
-2b6
-9f
-60
a1
-29c
3a
18e
-1b
1d4
a0
da
-523
-1b4
-324
60
62
-269
-1bf
-11
-1b
-286
-15d
3b7
-d4
1fd
-4d6
2
-3f8
20f
-ef
-118
-317
dc
-6f4
-4e8
-4d6
-120
-472
-5
f2
-167
-158
-89
-dd
2a4
-3f6
-41
-51a
103
-1e8
-70
-ce
-4f4
-2a9
314
-3b
16d
-620
2c
145
cd
-2b
3
-259
-15c
41
-4
21
-2e4
46
194
-d
19a
-82
e7
-f6
a4
-3c
69
-24b
-15b
5c
-21
29
-2f5
4c
1a0
-54
1b4
-89
10a
-a7
a9
-22
-1f
-217
-198
5b
-33
6
-283
3a
196
b
1d1
-60
103
-150
102
-b4
-63
-247
-176
5d
d
-50
-25b
-8
142
a
17a
-43
14c
-220
23a
-123
-363
-19b
-34b
-18f
-12f
-8d
-139
-65
118
-39
fd
-f2
167
-680
24b
-101
-2a4
-13
-2fb
-3f1
-45e
-185
-3e
-3a6
17b
25
-14
-22c
6a
-794
1e0
-141
-2b9
-41d
-e1
-3f0
-3c8
-164
-c9
-2c5
2e8
-9
69
-141
9b
-4b5
1eb
-ed
-15e
7e
-1cc
-15c
-27e
-182
-281
-1af
1b9
32
-1d
c6
-5b
-16a
164
-81
-12d
-be
-22a
-17b
-1c1
-74
-3b7
-32
1f4
70
9d
2f0
-c3
-6
1e5
-3a5
163
-1c
-381
-2f1
-2d4
-4e
-286
3f
13b
e2
ce
217
-c0
12d
48f
-6da
257
e9
-269
-228
-362
-2b7
-450
-3e
239
15b
1b0
-24c
-fc
-1d6
389
-558
-c2
121
-2df
-14e
-27c
-98
-37d
11f
328
82
252
-14a
-1c0
-326
b8
-28f
-360
64
-c3
-23a
-174
5
-25b
1b
204
f8
8d
-33
-9d
-208
1a9
-1b0
-267
-1d4
-34b
-23c
-1f9
-286
-2a3
-19f
23d
-45
76
-10b
-49
-2a8
142
-c3
-169
-2fb
-32e
-253
1e
-2b2
-95
-48
16f
1ad
10c
d5
-b0
-3cc
1b3
-278
-11
-2eb
-c9
-16e
-b7
-4eb
-130
95
109
-d1
dc
-1c
-29
-10e
147
-1fa
-9e
-31d
-30d
-128
25
-437
-32d
38
1fe
-f7
145
122
-168
-f5
d1
-92
-10a
-ca
-3a5
-a7
-1c2
-388
-3ac
-77
21f
5f
12c
2a2
-113
-319
-2d
-2cf
c6
-2d7
-1f7
-227
-2e6
-324
-473
-6e
21f
-a7
119
131
-c2
-207
-55
-37f
86
-33a
-32d
-f
-19a
-456
-50b
192
26f
5
20c
-6f
-41
-428
-9e
-2ca
-96
-2e9
-2e3
19f
-e3
-44b
-22f
456
228
-1cf
21e
2f
36
-646
-78
-144
-139
-3de
-2aa
36
-7a
-4f8
-1f0
507
1e6
-2b5
15e
8e
-32
-230
2b
-7c
-1c5
-536
-409
-18c
-c0
-473
-29c
1a8
1d7
-1f5
6b
13b
2f
-387
2ca
-2e4
-97
-9d
-29d
-1e7
-250
-47a
-328
19a
1c2
-bd
11a
10c
67
-283
146
-397
-156
-473
-403
-3d
-2e4
-2a7
-356
2c
1ee
-b7
107
1c8
-23
-3cd
-1bd
-30c
-99
-333
-584
179
-301
-673
-350
20
2a2
-ec
cf
101
-ca
-701
-319
-478
-8e
-68e
-620
33
-15f
-827
-37d
266
32a
-3a5
179
174
-26a
-5e7
-264
-39e
-c8
-56e
-562
-fc
-7f
-6db
-299
3f5
251
-294
21a
241
-280
-3df
-ea
-3dd
-13c
-6aa
-309
-1cf
-18e
-45a
-1fa
19a
1ba
-266
62
0
-124
-364
-52
-1ac
-166
-425
-339
-6e
-394
-4fa
-231
10a
26e
-228
41
55
-8
-482
-22c
-339
-1f3
-3df
-3db
-88
-1a0
-51b
-279
22b
1ca
-246
6b
27b
-ee
-373
-54
-2f5
-73
-319
-22e
-f5
-e8
-543
-379
2d9
c9
-294
50
281
-d3
-c1
48
-e5
-ae
-286
-344
-14
-100
-306
-404
110
149
-1c1
91
1e2
-10c
56
-a1
51
-56
-1a4
-3ca
16
-e9
-181
-3df
f
14c
19
80
3c5
-f5
-16e
-f0
6b
-9a
-1e3
-33f
-21
ec
-42b
-30f
-6
12d
f6
149
28b
-eb
-3c0
-118
-134
-1c7
-506
-2d6
15c
2f
-5f3
-213
154
185
-174
15e
ee
-46
-3fa
-7a
-1ad
-283
-3cd
-151
13c
6f
-69f
-c4
2a9
10c
-17c
1ab
-a
8f
-3eb
147
-26a
-246
-4e1
-291
67
-221
-5d1
-d7
15d
188
-381
dd
-fb
83
-5de
1ed
5f
26
-38c
-34f
-19
-352
-461
-1de
142
1f6
-1ba
a5
aa
-85
-139
e8
-5c
2b
-2cf
-27b
-b4
-9f
-15a
-3de
1ff
1d1
-8f
a9
2f2
-130
ca
5e
-15a
-52
-a7
-306
-9e
-22a
15
-302
9a
195
-a
9a
350
-10d
30
1b4
-3e5
a5
-aa
-172
-1b8
-381
-221
-29b
c3
16d
33
e7
-8d
-f2
-a4
37b
-469
-95
-be
-26b
-137
-353
-33c
-374
9e
314
-e9
20c
-360
-167
-158
228
-245
-118
-213
-4cf
-ab
-153
-10f
-203
-2
1c1
a5
157
ba
-19c
-116
241
-2b8
-91
-11a
-2fb
-b5
-275
-39f
-21d
-23
19e
130
179
e
-dd
-2a5
1d5
-39d
-1e
-3cd
-32a
-c4
-2e8
-2b0
-133
75
1f6
-cf
147
-41
30
-270
1b9
-4ac
cc
-e9
-21e
-179
-251
-468
-1bd
13b
1cb
b5
1af
-e5
-9e
-211
1f9
-290
-c5
-16f
-17a
-2d
-1db
-429
-2c7
ea
22f
-1f9
103
-116
-127
-e2
96
-34
-3a
-1d4
-1fe
e
-64
-11c
-34c
79
182
-12
a3
2b3
-7e
101
c3
-d6
9b
121
-299
-1ce
-6a
-31
-4af
7c
164
c0
154
48f
-f0
-15b
76
-1b8
-f
2f
-1f4
-298
-ec
-173
-418
-d8
204
d9
100
14
-1b1
-133
284
-13e
-1b6
-32
-385
-500
-23a
-f2
-4ec
-103
270
7e
21b
dc
-1b2
-369
102
-21d
-54
-3cd
-129
-41d
-2d0
-2a1
-30b
-37d
2ab
109
139
-389
-8e
-10e
30d
-2a9
-a0
-42c
-105
-be
-9f
-1e3
-4c8
-179
310
-28
1d1
-504
-c
29
a8
-ac
-2d
-296
-1bf
a8
-18
c
-256
-13
1d6
-28
1be
-ca
ea
-15c
9b
-27
45
-1f7
-1bb
d4
1f
-7
-24e
-20
197
-15
19a
-11
e2
-159
84
-16
4e
-1fd
-18a
d3
e
-1e
-259
16
1a1
-27
1ae
8
121
-120
87
-15
3a
-211
-18e
dc
2e
-1c
-250
4
1a8
-9
1a4
7
10e
-12c
84
-2b
39
-20f
-18e
db
3a
-26
-256
7
1a5
-17
1a4
d
106
-124
84
-2b
39
-20f
-18e
db
3a
-26
-256
7
1a5
-17
1a4
d
106
-124
1fd
-1ef
-128
-1b1
-2b6
-8e
-3b
73
-27b
23
179
-15
1c8
fd
e0
-52e
-1b3
-33e
81
8d
-26f
-1c0
-2d
-44
-281
-13f
3a4
-ed
1fa
-4a8
-15
-3d4
1c6
-108
-c8
-32f
c0
-6cb
-4a3
-4a8
-dc
-471
11
be
-14a
-1a2
-67
-b4
288
-3be
-2f
-4fd
a0
-186
-3e
-105
-499
-317
32e
-3c
198
-5f0
50
112
aa
-17
7e
-249
-195
d4
-15
-11
-250
8
1b8
-4b
1d3
-41
151
-11e
ab
-6f
78
-246
-175
d5
7
1d
-25d
3e
1c7
-2c
1d5
-51
162
-14e
e1
-78
f
-201
-19b
b5
-1a
1e
-220
1e
1af
-22
1cb
-63
11f
-19d
de
-2f
-f
-258
-114
66
-41
-2
-26f
6b
17e
-26
1a8
-29
141
-194
235
-a9
-37c
-1ad
-32b
-1fd
-19e
-7a
-10c
10
11b
-10
11c
-139
14b
-624
27b
-170
-284
a8
-31a
-475
-45a
-19a
-42
-3b8
172
24
2
-234
78
-7c6
216
-191
-395
-470
-137
-3b4
-3c6
-18b
-b4
-2f2
2d2
-20
3c
-10b
b5
-504
1d9
-12a
-1d8
-47
-1ee
-130
-2ab
-1a6
-22d
-17e
18e
-7
-2e
86
-5c
-143
4d
c
-15c
-18a
-2e7
-f4
-1e6
-101
-38e
-135
1be
-4
71
376
-12a
-2c
188
-16c
104
-268
-2ec
-72
-22a
-2d9
-29d
-61
b6
f3
152
2cd
-fb
-256
3e6
-344
-1
-190
-22f
3f
-401
-3ac
-33b
135
1fa
-a3
2c2
-c1
-5b
-346
203
-490
b
-124
-1b5
-150
-329
8b
-2ea
1d1
2eb
-f1
20e
-21
3c
-e5
191
-407
-de
-16
-1a5
-225
-19f
-1ff
-2f7
4f
20d
9c
7c
-19f
-cd
-55
1c0
-289
-189
-34b
-18a
-1ba
-23c
-372
-28b
85
258
-226
29
-18f
-147
-e6
8f
-87
-12f
-48b
-273
-b0
-1d0
-237
-2e7
-1c
153
5
f0
27f
-159
-258
209
-195
-c4
-1d3
-290
9c
-25c
-3cd
-30e
db
171
1a
181
161
-cc
-2b0
13e
-1a3
f
-260
-225
59
-12f
-1d0
-3ec
170
195
-11e
13a
1dc
-fa
4d
98
-11f
-d7
-12d
-4af
-ac
-5b
-106
-2b9
115
1f5
168
1be
21e
-1a3
-29e
10d
-2cc
-50
-287
-271
-24
-13b
-289
-1a1
-68
213
75
10b
-135
-e4
-28f
114
-45a
-7e
-39c
-260
d3
-1ec
-284
-1b9
85
2fd
-13b
11b
-33d
-77
-4e7
-e9
-2ed
-120
-33a
-229
15b
-146
-34a
-12d
2dd
294
-1fd
159
-7e
-103
-41e
-56
-2e3
-15b
-361
-243
-c0
-f3
-50f
-164
481
1b4
-20e
172
-93
-119
-239
1f8
-252
-15a
-3b1
-1d4
-18f
-15f
-4fb
-17f
233
17d
-1ec
dd
-95
-2c
-47b
2a0
-125
-ee
-3d6
-339
-17
-240
-339
-1ec
be
1de
-9d
125
a
-70
-188
f9
-18f
-108
-4d9
-313
95
-2ac
-1bd
-367
4
15a
-6a
f3
274
-96
-1e7
21
-1e0
29
-318
-506
119
-219
-3d1
-3c4
137
221
-38
15c
15b
-97
-55a
17
-2c5
-17
-3c6
-4f9
ac
-4e
-35c
-31a
1e8
254
-d5
149
1d2
-19f
-363
-78
-2ed
-d3
-414
-53a
-10a
-6a
-276
-1c1
21e
1ce
-51
14e
1fb
-1a4
-1f9
fd
-38a
-49
-304
-17e
-1d6
-d2
-323
-165
148
184
19
d6
20
-e8
-2c5
a9
-30e
-1a9
-56b
-234
-dc
-291
-460
-27a
106
23a
-1a1
fc
25
-112
-34d
-10
-104
-f4
-511
-340
1e
-fe
-287
-2a0
d2
1ae
-49
a6
34e
-110
-28d
-10
-180
1
-3c7
-1d1
-66
-ed
-1cf
-3bc
18b
139
-cb
a3
353
-e2
4f
-23
-d1
3b
-279
-16b
-9
-e4
-90
-40e
76
15e
-7f
a9
3ef
-b2
d2
-3c
49
cd
-13d
-182
-80
-a8
-d1
-3fc
1c
140
55
78
412
-f1
-f1
-fc
8d
33
-30a
-20c
-90
-b5
-231
-393
fa
14d
7d
9f
32e
-93
-2a0
-162
74
-12f
-47a
-3d1
-1e
24
-324
-317
d4
144
93
9c
2d0
-61
-479
-150
-88
-1a9
-515
-317
69
19a
-4a1
-22e
10e
dc
-e
116
384
-60
-3c6
5d
-2b4
-a8
-542
-17e
-11e
ba
-5e7
-226
260
5a
-1ec
c4
311
-92
-158
2c
-24c
-5
-3ae
-29c
-43
-1d6
-457
-2bd
1f0
f6
-275
b4
2e5
-c9
d3
68
36
-25
-7e
-2b6
2e
-15b
-137
-391
23
13a
-1a
-17
3cd
-ef
b1
-104
-a3
5f
-12b
-33e
-bd
-156
-113
-3d5
15
126
13
66
3b9
-86
-175
e0
-288
24
-1cc
-1c3
-4c
-1ac
-3e2
-36f
12a
188
4e
188
1df
-93
-2e7
18f
-2b7
-c9
-275
-1ec
104
-22f
-30d
-33c
f7
1f0
-1fb
19e
14a
-7d
-68
82
-143
-55
-135
-23e
b8
-16a
-104
-39c
f1
152
-35
141
375
-11c
-f0
c3
-154
-8a
-1bc
-292
41
-1e8
-205
-339
96
169
49
19e
283
-11f
-2d6
112
-167
-4d
-3af
-204
8f
-263
-257
-338
c4
17c
-53
1fa
2cf
-b7
-407
21d
-287
-99
-319
-1fd
fc
-224
-3d6
-33d
26d
1f3
-10e
274
164
-9a
-406
14d
-2a6
-e2
-185
-190
e3
-1b7
-1af
-380
272
1c6
-1e8
19a
1d0
-127
-15
-4
-14
f
-9e
-113
-26
-138
6c
-447
19f
1ca
-f5
145
385
-d5
-13
16c
-126
1c6
-7c
-129
-201
34
e5
-4a0
2b9
1d1
-3f
247
527
-144
-12c
b2
-326
177
-165
-15f
-270
-5
-30
-41f
209
2a3
6c
179
159
-196
138
2b8
-250
-175
107
-2b7
-497
-1f2
-73
-45a
-15
2d9
c4
1cc
15e
-1bd
-225
dd
-271
-46
-346
-21
-478
-280
-280
-335
-302
2d5
143
10a
-363
-c8
-90
2dd
-2ae
-c3
-45d
-ff
-6b
-2
-1f0
-4bf
-199
2ea
-1f
1e0
-421
c
-43
a3
-56
31
-262
-1db
be
-1e
-35
-25b
-3b
1b8
-6f
1b6
-7f
11c
-181
5c
-85
17
-23a
-181
c3
17
-d
-264
20
19c
-3
1a5
26
c2
-16b
82
-17
34
-1e5
-172
cf
17
-6
-24a
15
196
-16
1aa
5e
ec
-154
82
-11
37
-1f9
-159
a7
17
-2
-253
37
1a0
-1
1af
46
10f
-142
9b
-3
19
-221
-17c
ef
39
-12
-231
3d
1a2
-e
1b5
31
128
-14e
98
-26
19
-211
-189
ea
37
-28
-240
29
199
-22
1a5
10
106
-12c
1f8
-1d3
-119
-197
-2d9
-96
-80
81
-264
28
188
-20
1bb
e6
e2
-537
-1bf
-321
72
8d
-259
-1c1
-32
-20
-278
-14d
3b6
-d9
1f5
-49b
-2
-3db
1d4
-12b
-118
-347
33
-659
-457
-4dd
-87
-4b9
1c
10f
-13b
-13b
-58
-e2
2d1
-42f
-6a
-4b3
22
-e9
-12
-14e
-42a
-32d
31f
-55
18b
-5d7
35
d6
a5
-6a
75
-241
-1ed
120
32
-20
-1c1
39
19a
-2c
1b8
a
129
-129
bd
-7b
5e
-1b3
-1ca
f1
73
6
-1f0
28
194
8
1a4
2c
122
-15d
93
-f6
47
-1ce
-18b
a7
6e
25
-21d
60
191
-14
1d1
3
133
-15c
f0
-a0
-2e
-22d
-164
81
5
-c
-28b
79
188
-3e
1ac
-90
149
-136
2c2
-195
-3af
-22b
-357
-1bf
-180
-60
-f4
-25
118
8
122
-168
141
-696
2ec
-11d
-2f9
30
-2e9
-3c9
-53d
-19d
-33
-3b7
185
-42
48
-2ad
1e
-781
1f5
-161
-394
-459
-174
-39e
-410
-16e
-a8
-2ed
2b8
41
2a
-133
81
-480
156
-10b
-10b
-5
-1e1
-174
-2d3
-1ca
-253
-20a
1b6
44
-6c
e0
2
-1f0
3d
4f
-59
-1fc
-145
-19e
-17d
-121
-35b
-4b
1cb
2a
84
2aa
-fd
-e5
61
4
-5
-286
-211
-2b
-59
-238
-3a9
7b
127
d5
7e
307
-158
-258
126
-167
-129
-390
-264
72
-121
-1c2
-37b
109
18b
21
132
22b
-89
-149
c6
-21f
-1e
-228
-2ff
12
-25d
-1af
-1c4
a5
13c
1b
d0
1d6
3a
-104
1df
-49b
55
-28
-274
-13e
-28c
-515
-268
1ed
1c4
-66
1be
-17d
-b3
-1c7
1ad
-2db
-174
-223
-2a5
-2d
-1f9
-3f7
-364
74
1fe
-245
9c
-51
-18e
-92
22
-39
-8c
-2a3
-215
36
-12e
-18b
-3cc
4
170
-36
59
308
-de
-148
-44
-6e
29
-182
-236
-1d
-f6
-188
-3b6
e8
13e
-6
84
327
-ce
-f3
-10
-48
1b
-104
-203
-1d
-f5
-ee
-446
86
138
-51
6d
3e9
-106
f8
-6
-36
-30
-93
-420
-f3
-55
-b0
-332
4f
14d
5c
d1
390
-117
-86
39
-196
-18
-215
-42b
-7c
-1c3
-35b
-1d8
-3a
161
85
122
151
-12d
-201
6c
-387
-1ff
-32a
-481
f8
-1a7
-40a
-252
-a
204
-145
13c
bc
-8b
-43d
-14f
-467
-13b
-237
-4f7
169
-b5
-4ab
-216
11e
1a1
-161
bc
25a
-a8
-438
-a2
-3da
-ec
-308
-438
-1f
-81
-551
-227
272
105
-175
113
311
-139
-314
18d
-2d5
-15
-25f
-14e
-b2
-186
-4ac
-252
1d7
f2
-1a2
e7
209
-c8
-a4
80
-171
-80
-2de
-1e4
4b
-1d3
-183
-2a4
e6
162
-145
ac
2a3
-62
5e
14
-16
-b0
-ef
-1ca
6b
-133
-9c
-39b
65
17d
52
b9
44a
-db
-1b6
-49
-7c
-44
-10d
-1ca
1d
-150
-12a
-46f
11d
164
-2a
116
485
-12d
-197
-59
-f4
-e1
-107
-206
-16
-d5
-b2
-409
1a2
17f
-75
156
40e
-173
-e7
-2e
-186
-13b
-212
-346
-4b
-df
-12c
-3b1
15c
123
-ca
1b0
437
-18e
-2ba
e3
-2f2
-155
-129
-1eb
e
-270
-304
-334
206
1e1
-13d
27b
1f8
-112
-33a
64
-319
-1b8
-192
-14a
d8
-1f6
-196
-35d
18f
218
-332
1dc
23d
-145
-6b
-9b
-13e
-e8
-63
-e1
3
-159
-1d
-43c
1d2
1be
-20f
14e
3fd
-12a
-6d
-f0
-23
-fe
-3e
-9c
-7c
-126
-2c
-47f
161
1aa
-1f7
11b
435
-fc
-67
-98
-8c
-49
8
-f8
-96
-5b
-4e
-4b5
19d
1ab
-1ce
125
454
-10f
-8e
-a3
-db
-13
-7
-b2
-8a
-76
15
-4a6
1c4
1b4
-1ea
156
44d
-136
-3
-34
-b5
-c4
-4a
-87
-6b
-86
7
-46b
12f
190
-185
140
421
-f7
-66
-69
-34
-10f
-135
-95
-59
-14b
-8b
-470
19a
159
-1e0
130
3e2
-9c
-20a
-fe
-20
-129
-35c
-19b
-4d
-8d
-18e
-430
263
15f
-15a
14f
3ca
-cf
-342
15
-173
-f9
-3a4
-19c
-5c
-78
-1e6
-422
285
19b
-165
18e
373
-14f
-1e2
-3b
-17d
-1c1
-270
-f2
-f
-1c9
-99
-431
190
1a3
-1be
151
36b
-129
33
-22
-46
-5c
-2b
-9e
-54
-17d
65
-431
15e
1a5
-ed
14c
46a
-fb
-d8
-d1
54
-e3
-140
-10a
-bf
-126
-bd
-4ab
19e
1a0
-165
128
449
-8e
-262
-a4
-f6
-115
-281
-1ce
2e
-b9
-1af
-3d5
21f
1ca
-16f
18d
35b
-7f
-317
-18
-1da
-1cf
-204
-11b
89
-42
-fe
-475
24b
18a
-2a9
185
405
-a9
-e9
-bf
-136
-dc
-fd
-b6
-1c
-11a
-14
-50e
22a
1d0
-2e4
15a
44a
-c9
-6c
-8c
-ae
-e3
-1bf
-d9
-58
-7f
-107
-4cd
209
1bb
-240
15b
429
-fb
-158
-16
-179
-145
-331
-10f
7e
-94
-241
-533
288
18e
-2b8
169
480
-119
-2e8
-10
-102
-12f
-3b1
-1a4
99
-190
-288
-53b
2c4
1aa
-308
161
3c8
-eb
-196
33
-139
-63
-2fd
-194
91
-8a
-1ac
-559
2d8
1d2
-34b
151
3b6
-113
-5e
-3
-1da
7b
-3a8
-18b
-f
-1cc
-108
-513
2e4
276
-3f1
172
33d
-106
-6c
1ea
-267
231
-299
-19f
-94
-228
-b8
-463
41e
290
-364
195
293
-19f
2fb
21d
-54e
1fa
-1ee
-34b
-230
-d6
-262
-460
33d
29c
-c8
150
-54
-220
2e9
40d
-3da
-dd
39c
-370
-4c0
-1dc
-1a2
-4d8
ad
336
5
227
12b
-2a1
-317
dd
-304
-63
-25b
-3d
-49c
-26e
-286
-467
-274
2a9
13c
118
-364
-14b
99
2fd
-251
0
-4a2
-115
-b5
1b
-1e9
-4f0
-158
2df
-18
1d3
-463
-6
3f
63
-98
34
-2b8
-152
4d
-4a
21
-21f
b3
1d0
-4b
1bd
-cd
144
-14f
b4
-88
18
-22b
-187
80
37
1c
-288
-36
1b8
15
19c
5c
ea
-1a0
9e
-a5
55
-1d9
-151
85
39
-1
-2b1
1c
19f
-13
175
17
c1
-11c
72
25
-4
-24a
-13b
c6
-2
-2b
-253
3f
1b8
-36
194
1
108
-132
d8
-26
-33
-23c
-181
10b
38
-4b
-270
64
190
-20
1b3
43
101
-178
d2
-14
3
-216
-1ba
100
44
-2e
-274
58
192
-6b
1ac
37
c6
-15b
207
-21b
-118
-1d6
-2da
-d7
-86
8e
-299
30
19a
-48
1b0
107
81
-554
-1b4
-336
cb
a9
-206
-1f2
-47
-d
-2a8
-110
3b9
-fe
1d9
-4b6
-4f
-3ae
204
-fd
-136
-327
2c
-638
-426
-4fe
-b0
-4a3
7
111
-132
-e6
-47
-126
29a
-46b
-68
-50a
3c
-107
-35
-130
-439
-2c6
310
-9e
161
-5cb
54
a0
a5
-96
-18
-264
-181
9f
42
-2f
-21e
19
17c
-9
186
2d
c0
-147
b9
-61
8f
-206
-18a
96
-12
-16
-23f
9
196
-7d
18f
-a
105
-122
c0
-89
12
-255
-1a1
d0
9a
6
-28c
af
18c
-6
1a5
-82
14c
-136
a0
-70
-41
-27a
-1b0
df
-24
32
-220
d7
191
-3c
1b6
-d5
14b
-c9
2c8
-1b6
-3d5
-166
-369
-1ab
-d6
-47
-e3
-33
ef
2e
113
-f2
137
-6f4
215
-17e
-2e1
-4b
-342
-389
-51d
-1c2
-5
-413
1a7
-77
40
-2aa
-1e
-6ed
125
-fc
-26a
-474
-171
-392
-443
-1b8
-81
-342
311
14a
db
59
a8
-570
e9
2
-7a
c
-88
-1ba
-2c6
-1cc
-20f
-1cd
250
68
73
128
122
-31d
63
-48
-bf
-1c6
-c3
-12b
-1a0
-c7
-386
-9c
25c
58
102
360
0
-b3
-60
82
-14
1d
-e9
-86
-1f7
-99
-418
20
188
17
a8
419
-dc
-69
-8e
1b
-b3
-198
-1e6
-48
-a6
-e9
-3e1
96
109
2f
c1
4ed
-c1
-22d
13
-127
-f9
-2d0
-2a2
24
-145
-35c
-362
1fa
116
-31
1b4
305
-a3
-4d6
1b5
-2b4
-1ed
-2d9
-238
158
-1fb
-431
-331
2a3
1c9
-239
23c
185
-10a
-32e
51
-286
-170
-11b
-199
7c
-139
-13d
-44c
1fe
1b1
-2b0
16b
30b
-176
3
-b1
-c2
-c2
-10
-ea
-3f
-13d
35
-4b3
179
1c2
-1c7
130
3b4
-12d
-65
-b0
-4e
-138
-4e
-d4
-e3
-126
-26
-4b9
171
1b7
-190
11a
433
-166
-b7
-b1
-82
-71
-81
-db
-99
-124
-44
-4c8
169
187
-1fe
11f
4ba
-177
-2f
-6d
-bd
-111
-d1
-e8
-d8
-cf
-a7
-4f0
1ef
16d
-1c3
158
43c
-198
-138
1d
-180
-1bb
-29a
-1d4
-26
-1b8
-1f4
-459
19e
1ce
-122
1a3
321
-189
-3b3
19
-b2
-24e
-427
-21c
a0
-24c
-1c1
-3cc
16b
203
-1e1
19d
334
-115
-3c8
-107
-16b
-162
-3c2
-2b5
-15
-e5
-18e
-39f
25a
1ec
-130
18b
3d1
-12b
-347
-3c
-200
-151
-48e
-22e
-63
-52
-19d
-3cb
27b
183
-185
1b5
43a
-172
-322
33
-20a
-10f
-2d0
-b9
-e3
-18d
-134
-474
2a3
1ba
-246
1a8
365
-166
-92
-2b
-ef
-178
-224
-5a
-6f
-162
17
-4e8
1c6
1ea
-267
132
3dc
-da
-24
-8c
-bf
-ea
-c1
-c6
-32
-fa
-58
-534
1f6
1eb
-297
12e
40a
-111
-a1
-84
-112
-12c
-14f
-c9
-51
-f9
-e0
-5c9
20c
1f8
-311
127
45e
-139
-89
-cc
-ca
-c4
-249
-c9
-50
-15d
-141
-5ef
1bc
20d
-341
131
421
-181
-a0
-b8
-2c
-be
-3b8
-141
-46
-1ca
-226
-5d5
236
22e
-3a9
158
43a
-16c
-2c0
-e5
-1e9
-e2
-484
-182
5
-1e0
-31e
-561
286
273
-427
186
29e
-156
-29e
-116
-26e
-3e
-414
-de
-f
-254
-322
-4f2
296
29e
-574
15a
201
-170
-67
-167
-235
-bb
-388
-58
-4e
-214
-358
-4e3
256
286
-55d
fb
192
-146
-c3
-1e5
-1ec
-128
-3a3
-58
-5b
-2d8
-40e
-458
24c
28d
-5b5
e0
48
-122
-1a3
-1dc
-1a5
-129
-349
-9f
-c6
-337
-41a
-46c
276
2b3
-5e1
103
1d
-14a
-1ba
-189
-22e
-105
-2be
-f1
-7d
-2b4
-412
-434
23e
294
-595
107
1d
-14c
-18f
-111
-2a8
-d9
-273
-121
5
-1f4
-445
-40e
2b4
252
-5c3
115
-af
-16d
-1f4
-15e
-312
-16a
-272
-d9
-14
-26e
-3f6
-409
2c6
25e
-5c3
105
-8d
-ed
-1b4
-187
-255
-ec
-210
-59
-83
-2ef
-37b
-453
29c
25a
-52b
d8
-8a
-103
-170
-19b
-19b
-16b
-260
-ce
-b3
-20b
-3a0
-475
25b
258
-47f
e0
-7
-180
-172
-186
-1cb
-156
-251
-e0
-7c
-1d1
-41c
-469
15c
230
-489
aa
63
-17d
-20e
-118
-127
-27
-318
-df
-8a
-24e
-41b
-4b2
1d4
22e
-4fd
106
142
-172
-18a
-156
-e5
-12f
-3c2
-1aa
-71
-2c2
-416
-4b1
1d3
241
-4f4
eb
43
-137
-194
-192
-1c4
-1a0
-330
-100
-2c
-2dd
-3e1
-438
1ca
23c
-559
8f
-4
-b7
-299
-18b
-1dc
-1af
-303
-10b
-26
-258
-44f
-4cf
21f
20c
-61d
99
7
-d4
-1f8
-24e
-2b4
-174
-3a9
-13b
-69
-28b
-49e
-488
278
269
-687
c0
-72
-137
-1a3
-218
-25c
-18e
-397
-133
-a
-2ff
-530
-45b
24d
25e
-641
b0
11
-1a7
-1ca
-1cf
-295
-13c
-300
-14e
23
-261
-503
-461
2b0
230
-624
cc
4f
-189
-1d7
-19a
-344
-10f
-2e1
-108
1b
-227
-4e7
-473
324
223
-5ea
ef
1c
-1b1
-21e
-17b
-23e
-9d
-2bd
-15b
-23
-2ed
-4c0
-442
35a
252
-5d0
124
84
-1ba
-153
-106
-2c6
-8
-352
-28b
-1e
-30f
-428
-3f5
37d
280
-4c5
10e
159
-15f
-28c
-4c
-395
106
-2f9
-320
-10a
-42f
-46d
-41a
503
203
-39f
164
18a
-1de
7d
31f
-445
a8
-78
-4d1
-1cc
-176
-4a8
-4e0
3f3
275
-59
258
b9
-238
-195
3d9
-425
-12e
3c1
-588
-356
-168
-145
-522
14c
278
9
2c4
1e5
-204
-2cd
101
-3f1
-a
-45
-120
-34f
-220
-23e
-40c
-34d
26d
18f
101
-398
-14c
30
296
-237
-10
-451
-e3
-fd
-e8
-1ed
-503
-105
32c
-5c
20b
-492
-33
78
aa
-c5
-80
-2c7
-133
45
34
6
-272
-19
1cb
-4
1c5
-85
116
-1c6
119
-99
8e
-23d
-181
5d
-70
-3b
-31a
6
1ba
-9a
1d7
-15
f0
-120
86
-a1
33
-32f
-328
161
-4d
ef
-169
130
278
-5
1c6
-16b
eb
-30a
-fa
-1f2
-112
-33
-274
205
-be
ff
143
a4
2d4
87
aa
-352
74
-535
-13b
-454
-10b
312
27d
60
-163
-123
10b
1ff
2c4
-243
ad
-55f
-47
-4dc
-1ab
-369
-1ad
-95
245
-b1
-13c
-35a
6c
417
354
-496
24e
-719
-168
-3f0
2c
-3bc
-2a0
2d
6a
-277
-14c
-3e4
-6a
351
252
-4eb
23a
-604
-184
-7b5
-2ed
-4d5
118
-13f
121
-3ad
-9a
-50b
-2e5
1bd
419
-51d
336
-970
-275
-3d6
208
-97
-f8
-2ec
dd
-6e9
-4d6
-4ea
-131
-46c
2
c6
-143
-12b
-36
-fe
28d
-409
-67
-571
b7
-201
-9d
-110
-4b5
-2a5
313
-39
16e
-5ec
82
109
ce
-5a
2e
-263
-19c
45
39
-4f
-2d5
-6
17c
-18
173
-49
cf
-152
b8
-6c
77
-2b8
-16f
92
-2d
-8
-265
78
19c
-55
1a5
-c4
105
-12e
c5
-15
-77
-24e
-1aa
c6
1d
8
-2c0
b2
17d
-9
190
-d3
155
-fa
cc
-8f
-16
-21f
-212
9f
11
5e
-230
6c
18a
10
17a
-8d
15d
-16e
280
-15a
-34f
-14d
-376
-190
-12d
-34
-d4
-6f
f6
-22
ee
-86
131
-6b6
e1
-13e
-3f8
9f
-3da
-26e
-38d
-1e1
69
-473
1e4
39
43
-2e1
-31
-804
6d
28
-434
-86
173
-382
-38c
-35e
-fc
-3bf
298
126
e8
-1d0
120
-6a3
e0
272
-252
-2c4
48
-1d5
-2f0
-315
-263
-de
27e
-c3
269
-fb
28c
-523
ff
139
-fc
-335
-12e
-6e
-c3
-1b5
-37d
ce
26c
-169
1f6
1ae
fd
-26f
-c1
-84
-12a
-16f
-33
-ab
-195
-b7
-4d9
1cb
20a
-276
153
437
-54
-115
-4a
14
-124
-1c4
-62
-62
-165
-16f
-548
1c6
1a8
-2cb
10e
4a2
-e5
-1b9
-91
-cf
-155
-465
-15b
-10
-13e
-261
-5a2
27d
1d5
-31f
126
426
-b5
-35b
-a8
-15e
-106
-450
-181
0
-215
-2f4
-593
282
225
-3fc
12a
321
-183
-1ab
-fc
-1f4
-28
-36c
-8d
-71
-1a0
-297
-5f8
27c
245
-521
10c
288
-1b5
-25
-1ce
-1fa
-ec
-398
-a9
-6b
-20e
-30a
-501
270
2ba
-570
10f
121
-16f
-e9
-196
-24a
-13f
-329
-e2
-2b
-2c0
-412
-440
1ea
29d
-5b9
ea
ab
-19f
-198
-1aa
-2a3
-104
-305
-af
-96
-361
-466
-497
24a
2b1
-630
ea
43
-19c
-185
-193
-2a0
-108
-294
-c5
-c0
-2e1
-405
-494
29b
2a7
-59f
fb
-40
-1a2
-164
-1d1
-2c6
-188
-258
-a9
-b1
-248
-42a
-4a8
251
269
-534
e1
-17
-1a5
-1ed
-199
-1ce
-161
-2bb
-ab
-81
-271
-466
-497
21b
245
-525
d3
66
-187
-214
-1b8
-e1
-d4
-33d
-db
-d4
-260
-452
-49e
1bc
24c
-4ca
e1
111
-185
-164
-16b
-154
-9a
-3b3
-15e
-6a
-293
-40b
-49e
1f1
272
-53f
f0
cf
-120
-189
-131
-2a6
-1a5
-37b
-191
-5
-2a8
-3fe
-469
1c4
24d
-54f
e3
b1
-18a
-160
-187
-2f2
-18a
-294
-163
48
-30a
-48e
-48d
181
23b
-627
90
9b
-191
-1b0
-1d0
-2b0
-17f
-2b5
-17f
-7
-2f8
-4e4
-486
21a
251
-65e
62
86
-18e
-1bb
-1fe
-30a
-11f
-350
-18f
-e
-2a5
-51f
-491
250
248
-671
a3
39
-1f2
-13f
-1e6
-359
-a7
-2cf
-1d6
26
-213
-575
-458
27b
268
-63a
c4
56
-212
-1cc
-1e9
-311
-ad
-300
-20d
-b
-2ff
-533
-441
2ca
294
-5ae
116
113
-1dd
-2bb
-212
-2cf
-a9
-248
-269
3a
-2aa
-52d
-403
2bf
28b
-4dc
152
1c1
-1e6
-374
-239
-2fa
-ce
-2be
-345
32
-2b5
-57e
-3ec
38c
2a3
-4ae
178
1cf
-1ec
-3db
-29f
-28a
-197
-251
-38d
6d
-268
-570
-3a9
376
271
-47a
143
19f
-1e3
-42f
-356
-2ca
-229
-29c
-3b5
11
-1fa
-582
-300
333
278
-45e
12d
179
-1a5
-506
-384
-28d
-27e
-352
-35e
c
-280
-5c4
-356
2fa
276
-513
13d
291
-1d7
-562
-418
-241
-248
-3ab
-3c9
-46
-26f
-5cb
-3b4
327
265
-52e
186
29c
-203
-4b6
-3d2
-2a5
-28a
-401
-43e
-a
-23a
-5b9
-3be
385
27b
-573
172
294
-1ae
-4c9
-370
-333
-254
-3dd
-458
4e
-13c
-532
-3d5
343
23f
-560
186
2fa
-17e
-4a3
-38b
-402
-1d0
-3b6
-3a0
3
-166
-4cc
-443
36a
235
-5a9
196
355
-1a1
-3bd
-36d
-2fc
-180
-355
-324
2
-118
-4f6
-461
2f4
233
-525
18a
3ee
-1b7
-3f1
-35e
-2c3
-f5
-333
-272
-23
-7c
-4d5
-4d6
307
234
-53a
1a9
42b
-197
-364
-2d2
-2a3
-132
-3e1
-21d
-19
-11a
-4ad
-49d
367
21c
-517
1cd
366
-17b
-2c0
-2ab
-24a
-1ee
-41d
-328
11
-19c
-459
-458
2e3
205
-4bd
185
31c
-161
-39c
-2ed
-264
-1e9
-3c6
-351
4
-1eb
-463
-3ca
271
1f7
-449
13a
35a
-12b
-4aa
-379
-20c
-254
-3f1
-379
8
-273
-4f0
-42a
2ee
20f
-472
15c
369
-e0
-4a5
-3c5
-254
-2ac
-40e
-473
-35
-210
-533
-3bc
2a5
24b
-455
14c
2ce
-12a
-4fb
-3b7
-2e8
-251
-3a5
-42f
-1c
-219
-58b
-3fe
28b
238
-4ab
156
357
-198
-52b
-31e
-2a3
-1e0
-3a1
-3ed
-12
-22e
-57a
-421
2f7
235
-54e
185
3d7
-127
-4e5
-33d
-3bd
-23e
-3fb
-47e
3e
-143
-539
-499
37d
229
-55b
175
360
-18c
-3fd
-2dc
-3f5
-1ff
-377
-48a
c9
-184
-527
-414
387
252
-56c
19e
393
-1ae
-3f0
-1e3
-378
-263
-3cd
-428
dc
-316
-4d0
-443
3c0
249
-560
170
3cb
-165
-42d
-c1
-349
-1e0
-3cf
-34e
102
-26f
-457
-418
4a2
1eb
-364
1cc
34a
-1c0
-2f6
f9
-109
-150
-8f
-3f9
-28
-187
-277
-48f
312
280
-1ae
251
399
-1d1
-1a2
216
-eb
-173
1ec
-497
-3f0
-19a
-71
-523
73
262
a3
27a
442
-c7
-2ee
e3
-330
9d
-1ef
-172
-4eb
-24e
-29c
-422
-307
311
13a
142
-3db
-ed
-11c
288
-2ed
-25
-514
-fd
-13c
-4a
-211
-538
-1a6
34b
0
1c6
-431
-3a
-40
dc
-ab
9
-276
-133
98
ab
-78
-298
29
1bc
-5b
1a0
-cf
106
-19a
c9
-104
3b
-2c0
-1b2
53
-36
-51
-2b1
ca
19c
-7d
1cb
-65
10a
-154
6a
-4d
-87
-2ff
-51f
-1f
-25b
137
-ac
77
223
-62
e0
-ec
149
-540
-1d1
-20a
-12d
11d
-8e7
-1cb
-224
-af
5
-1a8
2ab
12f
a1
-105
-c
-c95
-2cf
-646
-d7
275
-33a
-285
-1a4
-649
-17d
-3a
3fa
-29f
1cc
-165
-db
-c6b
-5c8
-895
-12b
-698
-217
-258
-89
-873
-363
434
404
-6ca
320
55
-264
-80f
-3f7
-7bf
-23d
-71b
-31f
-1b2
-c1
-8a5
-463
570
2fb
-735
3b1
224
-23f
-7be
-42c
-80a
8d
-523
-38
-e4
248
-776
-392
41e
498
-753
34b
-4e4
-232
96
1ea
-95
-a7
-324
dc
-699
-4ad
-4dc
-e8
-442
22
9b
-f4
-170
-27
-b5
2b1
-3e0
-8d
-581
88
-172
-72
-118
-45d
-2cd
30c
-49
1c1
-5e7
90
f8
c7
-a
66
-203
-195
d6
-60
-1d
-27d
4c
19f
-77
1e9
-72
147
-126
cb
-1a
-5
-24d
-1a3
f9
-3a
24
-1ff
4d
1b9
26
1d3
-ac
148
-188
ab
-9
-1b
-22c
-174
10c
-c
1c
-267
36
182
-12
1b0
1b
189
-131
e5
-5f
4d
-225
-189
78
-a
30
-23d
6f
179
-16
1a2
-2a
1a2
-169
2bd
-1a4
-3d0
-201
-362
-16e
-19a
-82
-98
-55
eb
-53
fb
-8a
18d
-72b
ec
-159
-3d8
150
-594
-26e
-201
-27e
37
-429
151
-2b
-76
-376
13
-99f
4a
-90
-5ec
-239
170
-16f
-f
-505
c
-2cf
252
167
135
-259
4d
-89d
67
e0
-248
-59b
113
99
-2a2
-623
-f5
-53
16c
-4c5
f1
-28a
216
-5fa
-11
16f
-d9
-5d2
-1af
40
-283
-56e
-24e
27f
272
-4f2
168
-81
2e
-185
-17f
-246
-166
-360
-119
1b
-2bd
-574
-40a
1ef
25a
-67e
d1
-3d
-105
-259
-1af
-27c
-158
-33c
-fd
a
-393
-562
-44f
305
227
-6ac
fc
-2c
-155
-1b3
-1aa
-2f7
-175
-36f
-129
-1d
-2ba
-4db
-49f
32c
23e
-5f1
113
33
-194
-29b
-1b3
-313
-42
-1f1
-23a
-44
-313
-4eb
-495
345
27c
-5a0
143
158
-1d0
-3ab
-2a3
-267
-d9
-220
-290
-83
-351
-50e
-4a6
3bd
2d4
-4fc
15b
181
-226
-357
-318
-25a
-210
-307
-396
10
-26a
-566
-3be
334
2c7
-48c
144
1c6
-1ff
-46f
-397
-307
-20e
-2f7
-45b
60
-1e4
-5f3
-37a
335
29e
-4f5
13a
29a
-1ec
-50a
-3a3
-394
-2ba
-399
-43a
17
-201
-612
-383
325
280
-555
14c
2d0
-21d
-4a9
-3b1
-3b8
-208
-3c7
-433
4a
-204
-58f
-3ed
320
26e
-5c1
196
32a
-1f3
-422
-393
-370
-215
-356
-3d8
2d
-131
-54b
-4ac
360
252
-595
1bb
35f
-213
-418
-3a1
-323
-19b
-369
-349
31
-d7
-545
-47d
38f
23d
-5c9
1a2
349
-1bf
-37e
-32d
-2cb
-11e
-3b1
-2aa
-22
-ab
-509
-4a1
34f
225
-55e
189
440
-18d
-370
-329
-1f9
-1e2
-422
-2be
-24
-231
-47a
-456
308
255
-54b
175
3c5
-10c
-351
-30a
-29a
-283
-3b8
-3e7
19
-1f4
-4c1
-431
272
223
-468
12f
42b
-163
-450
-36e
-31f
-24e
-325
-433
-40
-296
-514
-453
26f
237
-4a1
142
442
-1bd
-4f5
-3b9
-2a8
-227
-336
-446
-18
-285
-56b
-3f0
241
23e
-47a
12f
439
-1aa
-4b5
-3af
-351
-1dd
-3d4
-48e
-26
-24d
-581
-42e
292
244
-4d2
15b
420
-174
-4db
-368
-3b5
-1a6
-376
-448
29
-229
-54f
-400
327
277
-504
1bb
383
-18e
-438
-2fd
-458
-23e
-3b4
-44c
a9
-175
-504
-40d
340
262
-542
1a7
423
-17c
-4d5
-258
-402
-1ba
-39a
-443
e3
-1c7
-4d7
-447
3da
26a
-563
1cf
39d
-160
-448
-1fc
-3ca
-256
-4cf
-429
de
-203
-475
-45f
441
293
-50c
1c5
305
-152
-451
-1ac
-356
-1d3
-592
-409
d0
-235
-448
-477
3cf
27b
-4f1
1ca
388
-14a
-47e
-186
-353
-12e
-66f
-3c7
d7
-11f
-47b
-4b4
394
296
-507
1cd
3ff
-15c
-52b
-1de
-37f
-f4
-6ec
-31f
6e
-19f
-4a7
-4e5
3b8
2af
-5be
1b2
39e
-195
-448
-280
-30e
-148
-81e
-294
20
-263
-4d8
-477
345
2f9
-5bc
1a2
349
-1a4
-419
-275
-280
-1d5
-83f
-1e8
-14
-284
-556
-454
363
2f4
-624
166
18c
-197
-479
-2a3
-2c9
-1e4
-91e
-1c8
-99
-29a
-5af
-496
3ba
316
-6b2
1bb
eb
-195
-3aa
-259
-362
-147
-8df
-2ad
-47
-202
-5c5
-423
381
2fb
-6b2
16d
cb
-19d
-3ad
-228
-381
-131
-769
-2c3
53
-21f
-5d8
-3d2
35a
2f6
-6d1
14b
a6
-1b9
-3b4
-221
-3bb
-17e
-71f
-2e3
3a
-1f5
-590
-3e5
361
2ec
-68e
13d
-2f
-1c1
-36d
-20b
-3a8
-1b0
-688
-2a2
6f
-1d1
-51a
-380
387
304
-631
177
-c2
-19e
-312
-1e7
-37a
-1b5
-5e0
-294
45
-253
-4c2
-358
347
2d7
-61a
161
-6a
-18c
-354
-1a7
-37b
-1f5
-5e5
-2b5
8d
-213
-4db
-315
2d9
2bd
-53d
141
0
-16e
-475
-1ed
-2f2
-23c
-635
-2a3
85
-1f7
-4ee
-372
31c
28e
-50e
115
1f
-15c
-476
-23d
-1d2
-218
-747
-2dd
38
-225
-56f
-368
29a
2ab
-519
134
7e
-18a
-486
-223
-1f8
-184
-886
-33f
6c
-1e3
-5fa
-3c6
26c
29b
-5a4
13f
169
-193
-512
-1fc
-20c
-22b
-8ed
-39e
77
-2a5
-5d8
-3cb
2fe
26a
-610
132
152
-197
-46e
-246
-2b2
-29b
-812
-3a0
b5
-299
-5f7
-412
2c8
261
-637
f2
b2
-163
-3fa
-21d
-361
-21e
-7db
-3b3
82
-221
-609
-3d1
311
29e
-657
128
12
-1aa
-497
-208
-30e
-294
-741
-334
b4
-272
-661
-392
31e
23c
-673
104
9d
-1b3
-3bf
-22e
-268
-212
-4ee
-1bd
-b4
-16d
-682
-47d
2e7
1b5
-4b2
cd
181
-174
-30c
-1b6
1a1
-1f2
-401
-28d
-2a1
-167
-53b
-430
1f2
232
-2bb
1a6
230
-127
-2c6
1ed
394
-189
-19c
-5aa
-5a0
-13e
-3b6
-482
8a
2e7
f0
2f0
381
-18
-4dc
1a4
-226
81
-44b
-14f
-602
-2cb
-454
-3d2
-323
32e
a2
1be
-396
-49
-17f
309
-2c5
2e
-5b1
-d5
-19e
-78
-262
-5a2
-193
36a
-5e
217
-505
-76
26
c5
-cb
48
-274
-1ac
31
-10
-3d
-2ac
a7
1dd
-28
208
-b2
f8
-130
ca
-8c
-49
-25d
-16c
7c
21
-76
-284
53
1ad
-53
1b5
-4c
13a
-150
207
-1ef
-20f
-388
-31f
-191
-2b7
-20
-11a
27
177
-1c
dc
-e1
155
-6e9
2cf
-1e2
-238
-408
-6a1
-30f
-52f
-2c6
-17d
-2c4
282
a6
ef
-ba
116
-12cf
25b
-524
4c
-919
-50b
-32a
-483
-3f1
-2fb
-1a
53e
-8e
1c5
-dc
-c7
-1089
-20e
-724
-20
-d89
-253
-33a
-13a
-379
-580
3e0
4fd
-284
b2
89
-282
-42d
-217
-660
-25e
-c5b
-41e
-ce
-a5
-4d7
-402
4d5
38b
-3fb
c6
23
-250
-518
-33c
-63a
124
-883
-30d
-145
35f
-533
-55c
3c3
443
-415
34d
-466
-3bc
1a6
1d3
-cf
-d4
-346
9b
-657
-451
-4ed
-af
-442
44
db
-dc
-195
-33
-f2
2a7
-403
-6e
-556
8a
-132
-1
-123
-45b
-2d9
31e
-4d
1cc
-5be
82
110
96
-3d
52
-232
-186
103
22
-7
-24c
5c
19d
-44
1e6
-13
148
-111
91
-d
3e
-22a
-193
103
4c
-3
-1f7
1b
199
5
1ce
9
159
-140
e1
-1d
19
-215
-18a
100
59
-1a
-261
63
169
-1e
1a5
16
183
-178
d8
-1
-51
-274
-164
c4
-63
16
-219
96
167
-2c
19c
-34
17c
-f0
2d3
-14c
-3c0
-229
-336
-1ba
-1d7
-63
-6e
-42
b3
-5a
d4
-3e
18c
-728
194
-16a
-365
-8e
-427
-377
-411
-2ba
a
-376
145
-d6
-27
-2d8
77
-9cd
1b
-189
-2bf
-60c
-266
-275
144
-3dc
-1a3
-2e7
254
fa
14a
7d
-57
-93c
-1ba
-1b2
-118
-6ef
33
-6d
-78
-594
-23e
211
19f
-2ee
15a
31d
-cd
-4e7
-2e0
-12e
-263
-6cc
-305
4a
-187
-667
-363
2f7
1cb
-4b5
178
5c5
-13b
-2fe
-312
-35a
-25a
-41e
-453
b8
-1e0
-5c4
-3b6
340
228
-518
197
34b
-151
-49c
-3d8
-325
-2ef
-45a
-43f
6a
-284
-55a
-3ac
34c
261
-563
16f
2cf
-130
-48c
-341
-371
-216
-47c
-445
49
-206
-50d
-449
30d
27c
-5a4
178
377
-151
-474
-274
-42e
-1a2
-452
-45f
92
-26b
-4ec
-488
3f4
29a
-5e7
1e0
3dd
-19a
-472
-23f
-413
-26c
-505
-421
11f
-2a6
-4ea
-4ea
3e5
2b0
-5ce
1aa
377
-1b9
-431
-188
-321
-166
-61c
-3f6
a0
-2a1
-4b8
-4bf
3c6
2d4
-567
183
368
-156
-4a2
-19c
-324
-157
-71d
-380
78
-2d5
-4b5
-4d3
3c5
2dc
-575
16c
3b4
-17e
-47c
-1fc
-337
-1c7
-736
-322
6a
-1d0
-4df
-4fd
33e
2ca
-5b4
10f
2b3
-21d
-422
-224
-3d7
-1e0
-84a
-23f
45
-21e
-585
-4c3
390
2d7
-6a6
160
182
-214
-3a2
-296
-348
-1ac
-87f
-2f0
5f
-23b
-5c3
-49d
391
301
-72e
187
115
-231
-367
-2e8
-390
-198
-7db
-2c4
-e
-244
-603
-41b
365
300
-6cc
16e
86
-21f
-384
-1f5
-3bf
-17d
-6ef
-22f
b
-228
-5f5
-417
36e
2e6
-6ed
191
b
-1c6
-381
-1db
-3fe
-206
-716
-292
54
-24c
-569
-340
390
2e3
-6c4
156
-ad
-162
-388
-1f1
-3b7
-214
-58f
-2d1
29
-258
-581
-3a2
2a4
2c8
-5d8
f9
92
-1b2
-418
-233
-34a
-19d
-625
-281
0
-288
-553
-3bb
26e
2c9
-5b5
11e
3b
-1d2
-4b1
-265
-216
-16b
-7c7
-302
-2d
-263
-5bf
-3ac
2de
2c7
-55c
140
c2
-1ec
-47c
-1d2
-1be
-195
-881
-353
21
-267
-59b
-3e4
2a7
2c3
-58b
149
100
-175
-4c2
-252
-2d2
-1c0
-89a
-362
74
-287
-583
-3c2
2ff
2c5
-5e0
153
c6
-166
-404
-1e5
-32a
-1f6
-76f
-358
a6
-1fa
-5e6
-400
2c0
2a8
-669
127
e9
-1b7
-426
-278
-40d
-237
-793
-2ff
92
-22b
-616
-3fb
3e9
299
-6cf
131
-2b
-192
-325
-26d
-32f
-261
-6e5
-2cf
8e
-20f
-623
-371
33e
2ad
-6bf
11b
2c
-1b1
-33b
-20c
-33a
-16d
-63d
-2ba
d5
-28d
-67c
-372
361
280
-6b5
136
b6
-1d9
-312
-1e8
-338
-14b
-603
-322
c0
-2b5
-61e
-3a2
3f5
276
-6d2
109
b0
-1e7
-2cd
-218
-3f3
-f7
-511
-39c
b7
-22e
-5bb
-366
3d7
279
-5b4
ed
111
-200
-281
-240
-35c
-e6
-41f
-3ee
b7
-20c
-602
-323
349
268
-50c
f4
110
-1c7
-3ab
-2ab
-304
-18d
-3e4
-420
139
-1b4
-65f
-2ce
337
27f
-4bb
106
113
-16a
-460
-32f
-2b5
-168
-46f
-48f
8f
-233
-6b2
-2cb
319
261
-48d
db
1c6
-15e
-3a1
-315
-296
-19b
-427
-49b
a9
-292
-68f
-2a4
26f
213
-439
c4
260
-178
-3ca
-32f
-2ea
-1f0
-3ec
-4f1
63
-276
-6d2
-2fe
255
1eb
-3fc
7d
270
-19e
-422
-35f
-2a1
-1c8
-43a
-5b1
7d
-1c1
-6a4
-31d
200
1df
-3b9
83
228
-157
-451
-341
-35c
-16a
-417
-5b6
81
-16f
-63a
-32a
20f
1e1
-3b5
9b
25f
-143
-453
-348
-35e
-14c
-417
-533
69
-1be
-606
-314
1fb
1d2
-39e
c9
32a
-185
-379
-338
-2c0
-fb
-3e8
-4cf
26
-162
-5c8
-381
20b
199
-365
87
356
-15d
-2e6
-339
-2be
-12c
-352
-45e
5f
-70
-5ba
-3b3
211
17c
-2e0
96
367
-116
-2f9
-320
-244
-119
-3a1
-40e
7d
-bc
-5fb
-356
1a7
18b
-349
8a
38d
-12c
-30e
-2aa
-1f3
-141
-428
-42d
a2
-10e
-5cb
-338
1a1
181
-35e
4d
3be
-14b
-295
-2a9
-24e
-1cd
-44d
-514
9e
-13e
-567
-309
173
144
-2ef
9
3ca
-125
-31c
-2ce
-23d
-1b0
-391
-529
ad
-18b
-58a
-331
11d
169
-2f7
1e
366
-124
-376
-2ff
-2ab
-18d
-44b
-58b
ab
-147
-5ab
-338
12b
18e
-2f5
4a
379
-181
-3cd
-2e5
-2b6
-19e
-3ca
-575
a1
-143
-628
-31f
16f
16a
-313
38
3f6
-1c1
-3c6
-26d
-1ce
-146
-1b1
-3a3
-c3
1e
-688
-437
1d0
f7
-1ae
85
468
-1c0
-354
-1a9
-3e
-fa
-23d
-ff
-284
1be
-5ff
-404
117
ba
-149
79
1fc
-ec
-29b
2c3
3eb
-14a
-2d
-61c
-54d
-fe
-44c
-4b7
a3
201
7a
259
20e
-109
-545
252
-52
-78
-4b2
-1b8
-54d
-2c7
-479
-381
-2f5
2df
b7
192
-3b6
-ce
-94
324
-312
3d
-5a9
-b0
-10a
-158
-235
-579
-1d2
3a3
-c6
223
-5d5
-48
98
111
-79
-10
-2b8
-1eb
aa
1a
-b
-283
3e
1fd
15
201
-aa
111
-1eb
de
-9e
-3e
-270
-182
ec
-65
-72
-2aa
41
192
-6c
1a9
-b3
139
-127
1d9
-190
-2b4
-289
-23a
-177
-154
-54
-c3
7a
146
-16
131
-e1
131
-6b4
40b
-180
-354
-82
-472
-51b
-543
-21b
-df
-299
1ed
-f9
f6
-127
8a
-b5b
4e3
-43d
-c0
-47c
-4e2
-5ab
-632
-9c
-13f
-370
394
1b
6c
-f4
-4f
-559
1ca
-68a
-b8
-284
-467
-342
-406
-204
-57d
-1df
36c
1c1
b3
-cb
-165
d4
d3
-5de
-286
fb
-466
27
-155
-3f0
-503
a
265
-25
ce
18
-195
-503
-29e
-505
1bc
-5e
-423
-54
230
-439
-4d9
b8
35e
-231
1bf
-232
-276
-131
1c3
-ee
-d5
-355
9b
-663
-41f
-4e5
-a4
-45c
52
ea
-ec
-1a9
-3d
-102
286
-411
-58
-56c
9f
-14b
-9
-128
-47c
-2d0
332
-69
1cb
-5c3
7e
12c
8d
-35
4d
-23a
-183
f1
59
2
-247
47
1ac
-21
1d9
-37
140
-128
b6
-35
48
-247
-157
e0
3d
8
-22e
93
196
-1c
1cd
-51
13f
-148
e0
-1a
-72
-212
-18e
d6
51
4
-278
b6
155
-11
192
-81
149
-11e
cc
-50
-38
-232
-1a8
b6
-3d
22
-220
5f
164
-28
151
-52
167
-137
2a6
-175
-334
-204
-2cf
-223
-235
-4b
-c9
-86
d2
-4c
dc
-14
14e
-722
28b
-209
-233
-f7
-2be
-421
-4d3
-1af
-ff
-3e5
1a2
-e0
4a
-1a9
96
-9bb
259
-24b
fe
-7a9
-47
-4db
-3a7
15
-3de
-c0
3dd
-10f
185
193
-81
-7c6
-13f
-4a9
36
-523
-60
-2bf
-1d5
-14f
-560
239
366
-117
68
1d6
-241
-144
-219
-463
-256
-5d7
-ad
-a6
-1ef
-453
-55a
271
349
-46e
14
16c
-24c
-13a
-1ce
-29d
-1de
-88f
-2e6
25
-1b3
-569
-438
333
302
-4fe
11c
9e
-13e
-3a2
-257
-2e3
-1f0
-86f
-399
67
-1f7
-57b
-3b6
286
2ad
-5a0
115
e1
-14b
-456
-26c
-323
-1cd
-7ab
-34b
9c
-280
-5fb
-3ac
29d
2c7
-6ab
10d
c0
-178
-457
-232
-431
-208
-793
-32b
d1
-27b
-65e
-389
324
2b1
-707
11a
ae
-1c8
-37e
-23c
-4a2
-1c8
-6df
-369
c8
-1dc
-694
-370
36e
26e
-710
e6
ba
-237
-2a3
-1c5
-42f
-160
-5c2
-379
b2
-29e
-666
-306
385
259
-679
ca
10a
-1e9
-2b9
-19a
-40e
-142
-4b8
-371
7b
-353
-5f1
-325
31f
225
-598
a7
1e5
-1fe
-2f1
-265
-359
-151
-3ac
-406
ae
-2d0
-601
-3fe
328
241
-4e2
a2
1c9
-1f7
-39d
-30a
-307
-197
-456
-477
a8
-21c
-678
-389
2bf
26d
-46f
69
1bd
-1ef
-409
-3ca
-352
-ce
-48f
-4ed
67
-261
-6c3
-32d
23f
25a
-47d
8d
2a3
-214
-392
-390
-34a
-160
-3ff
-4fe
82
-183
-753
-306
204
21e
-42b
8a
283
-22b
-4bc
-392
-2f5
-1ef
-4b2
-575
8c
-1fd
-727
-316
250
1f4
-487
a8
269
-190
-3f0
-354
-325
-1d5
-460
-5a4
80
-240
-6bd
-2a7
202
1a5
-3f2
66
2b2
-16d
-3e9
-331
-32e
-129
-3b6
-590
9b
-133
-68c
-34e
201
180
-402
74
348
-1a2
-37d
-327
-332
-145
-363
-4f1
d0
-cc
-612
-360
221
193
-3df
9a
2e2
-190
-2c8
-2a1
-2ac
-11b
-3f9
-482
a6
-d9
-60e
-34b
1e1
19f
-33d
98
351
-184
-288
-268
-253
-115
-436
-46e
86
-16c
-55e
-376
19a
181
-2ff
51
3af
-143
-2ad
-2bf
-25e
-174
-40d
-4ba
ba
-199
-551
-31c
141
197
-2a4
3a
3bc
-123
-37b
-2fd
-27f
-12d
-331
-566
d3
-204
-5af
-361
1b3
19a
-2c8
76
44f
-149
-4a6
-37b
-2b7
-1ed
-3c1
-533
61
-11c
-5b2
-33d
1cb
1c6
-2d0
56
3f5
-11c
-47c
-347
-329
-14f
-402
-5b1
9c
-137
-64a
-322
188
1e0
-360
75
3d1
-126
-40b
-33a
-350
-157
-4a3
-596
114
-1a7
-69a
-2ba
1d5
1e8
-3aa
67
3ea
-167
-37e
-27f
-37e
-106
-3ee
-5e0
de
-255
-61c
-31b
195
1a1
-386
58
450
-179
-31a
-214
-41d
-136
-3a9
-5ef
104
-1d9
-5a6
-343
1ff
180
-311
62
395
-199
-327
-1b3
-34d
-19e
-394
-5d2
187
-1f6
-586
-318
1f1
184
-2e3
38
34d
-198
-409
-18d
-32b
-f3
-4d8
-60d
187
-fe
-521
-2a8
281
17f
-259
60
336
-12f
-3df
-18f
-2f8
-ab
-49e
-596
14b
-ad
-494
-2df
22e
190
-24f
72
3a9
-130
-35f
-15d
-2a3
-149
-534
-49a
ef
-131
-426
-306
1a6
186
-1b9
85
3ec
-13f
-3db
-140
-23a
-ef
-51e
-3f4
77
-e7
-3be
-365
1b7
154
-145
77
3d6
-163
-3ed
-1e1
-d5
-94
-5de
-32e
-65
-12e
-2e0
-3b9
19f
1a4
-124
b3
408
-130
-421
-170
-89
-a6
-5e2
-2ba
-6d
-5c
-295
-3d3
1b8
1e2
-c0
d5
3ea
-ee
-307
-194
-1d9
-5d
-62a
-31d
-a8
-4d
-261
-482
168
1fa
-7f
12a
481
-100
-322
-22d
-e2
-c5
-63b
-217
-15e
-173
-1bb
-435
146
241
-a4
f0
4c8
-179
-447
-194
-b3
-7
-513
-176
-1da
-92
-140
-59d
11c
27c
-44
fe
566
-bb
-2e9
-1d0
-185
-91
-683
-19b
-18d
-73
-156
-43e
1e9
27a
-f7
e5
4e5
-e3
-2f7
-195
-cf
-181
-4ec
-19f
-e4
-a1
-15f
-458
181
214
-102
3a
500
-18f
-f4
-126
-f8
-c3
-4a1
-2f6
-48
-6a
-1f7
-39c
9b
1e5
-ac
68
507
-da
-133
-f3
-16b
-dc
-466
-30a
c
-8b
-244
-35b
79
19c
-7b
5b
498
-c1
-22b
-ec
-148
-dc
-442
-351
25
-101
-239
-3e5
84
178
-bd
5d
40a
-146
-27c
-f5
-162
-100
-4dd
-379
-66
-72
-265
-419
a2
16d
-63
88
3f9
-1f2
-248
-a7
-dc
-34
-2db
-3cf
-1ba
-f
-26a
-4c8
132
12b
2d
123
490
-21f
-303
a4
-10f
-3
-120
-75
-3db
1f9
-336
-4ac
4f
d5
121
cd
224
-193
-1f2
2e8
-be
-17b
41
-398
-64a
-147
-29d
-55b
-6
1cd
4f
1f9
2ae
-1a5
-3be
18e
-14f
-fc
-31d
-18e
-535
-318
-496
-3fc
-44b
274
158
b5
-2c3
-17c
-81
34d
-391
-13
-5d7
-129
-d4
-6d
-263
-59b
-206
398
-6c
1e8
-57d
-6d
76
f1
-c3
8
-2d1
-1c1
cb
-2d
-19
-29f
29
1bb
-5e
1b7
-d5
d0
-16e
bc
-c6
-b
-248
-17d
68
-22
1d
-2c5
c2
186
-21
182
-103
f3
-1a3
179
-177
-2af
-1cd
-237
-1ce
-17f
18
-e1
-3b
176
-24
11a
-b7
e5
-603
38d
-1a5
-43f
5b
-3f2
-502
-513
-1c0
-a6
-2e9
201
-b9
f1
-88
48
-9c6
4f1
-2e1
-399
-302
-321
-4d8
-78e
-1f9
-12a
-57f
2b4
2f
52
-2f2
-b3
-56c
42b
-450
-207
-2dc
-2f1
-1d4
-5c7
-253
-42c
-3e0
3e0
185
19c
-456
-86
-556
19b
-1ea
-10e
-118
-3e2
8d
-1b3
-135
-3ab
-33
29a
84
ec
fb
-eb
-586
-2a6
-2f6
27e
-16d
-2fa
-100
2d8
-105
-57d
-2f
2f8
1e
1bf
-15
-2ad
21
1c3
-ee
-d5
-355
9b
-663
-41f
-4e5
-a4
-45c
52
ea
-ec
-1a9
-3d
-102
285
-404
-72
-56b
a6
-150
-1b
-118
-48a
-2a7
336
-71
1c0
-5f7
7f
126
82
-33
9
-253
-17f
dd
5a
19
-251
5b
1ad
-15
1cc
-6f
121
-11f
af
-3f
-22
-240
-18b
c7
b
1a
-24a
63
19f
-21
1ba
-7f
113
-12a
92
-d
3
-229
-18d
b6
-1b
2a
-291
6b
18a
-2f
1ac
-25
12b
-ff
f8
-5a
b
-1e6
-18e
8a
-11
12
-26b
1b
16a
-c
194
48
11d
-148
25e
-1ba
-31f
-1e3
-27d
-1ff
-1f4
-81
-11e
-c4
df
-66
ef
c
11b
-718
3c0
-20d
-172
-a
-2ab
-513
-49b
-1bd
-167
-35c
1c6
-122
62
-1c0
a7
-847
38a
-3b0
d9
-6da
-269
-500
-636
ff
-2d7
-25e
3fa
-93
10c
15e
63
-1aa
5
-6a0
30
4
-3fe
-1c0
-3ed
-1c5
-575
-18e
357
17a
-b
3a
-d0
97
-105
-5d3
-19a
58
-372
f0
-124
-4b4
-473
74
31c
-16f
6c
4e
-1c7
-31b
-208
-22b
-142
-332
-49f
da
-d4
-4e1
-3ab
19c
1bc
-256
7f
2e8
-e9
-2d9
-2a3
-221
-117
-301
-4f1
8e
-174
-51f
-302
10d
192
-2b0
7d
3fe
-e8
-3d1
-2d6
-2df
-13f
-3a6
-55a
74
-27a
-5b4
-309
147
1a8
-30c
56
421
-fc
-494
-32b
-3a6
-12f
-36e
-533
93
-2fd
-5bb
-326
1bc
1af
-30d
82
4c6
-140
-4e0
-31c
-340
-203
-351
-52d
a9
-1d5
-5db
-35e
2cb
1ca
-350
c8
454
-1b3
-455
-299
-399
-20f
-2f8
-569
90
-1c7
-5f7
-383
27f
1c5
-3da
72
393
-1bb
-367
-231
-3cf
-e3
-39f
-571
64
-283
-58e
-348
1de
19d
-365
76
441
-178
-368
-253
-356
-109
-2df
-4e1
7c
-2bc
-4b2
-366
271
196
-29b
4b
3ee
-16a
-413
-202
-252
-103
-387
-4a6
76
-218
-440
-378
26e
1bf
-237
8f
3f9
-161
-434
-152
-269
-d1
-51f
-476
8d
-108
-467
-37b
23e
1fc
-1f8
f8
41e
-184
-4c4
-155
-27c
-ae
-5ac
-413
b
-b4
-420
-3f4
254
1d7
-210
ab
362
-187
-363
-178
-217
-13c
-680
-416
6c
-7c
-36c
-36e
1fb
1c3
-170
a8
38c
-141
-32c
-12c
-1fb
-119
-60c
-37b
e
-d1
-317
-34a
1a1
173
-144
4b
3a5
-161
-334
-155
-14c
-f6
-630
-35d
f
-147
-2cd
-445
149
192
-17a
6d
3d8
-17a
-244
-106
-de
-f7
-585
-3aa
5
-89
-282
-3fe
180
19f
-97
8a
38e
-1a7
-26e
-f3
-157
-7f
-4ea
-307
-7c
-71
-24f
-44b
132
17c
-76
6b
433
-1ca
-1b5
-106
-aa
-6c
-43b
-267
-c8
-eb
-1c3
-450
b8
1ac
-3c
6f
404
-149
-1aa
-90
-121
49
-475
-283
-b7
-141
-185
-491
60
1cd
-6
ea
4c8
-bd
-398
-14b
-1e9
-12a
-4a8
-175
-202
-190
-13b
-4ed
197
1b6
-b0
45
4be
-13a
-419
-1e0
-37
-1fa
-5a2
-1d1
-195
-a4
-17b
-4da
106
1db
-c2
41
4f3
-1a3
-280
-183
-fd
-35
-4bc
-2d0
-121
-e0
-2c6
-49b
134
22f
-105
95
56a
-af
-392
-116
-109
-d4
-5ef
-289
-61
-105
-2b0
-3a1
1c6
21e
-10c
f9
550
-ec
-324
-eb
-143
-98
-548
-2e2
53
-fa
-258
-35b
21c
195
-107
133
591
-16a
-331
-d4
-10d
-136
-4e1
-29f
3f
-56
-25d
-3cb
25d
185
-191
c0
4e3
-d7
-1c6
-7e
-165
-f5
-4c2
-397
62
-ba
-292
-37c
16f
15b
-fc
7e
467
-f2
-14f
-90
-f2
-bb
-437
-376
7c
-79
-28d
-362
e9
103
-80
-2
479
-127
-114
-74
-e9
-79
-33c
-32f
4c
-96
-200
-388
cb
109
-99
2b
45c
-110
-10d
-88
-e4
-20
-26b
-2ea
0
-56
-1ba
-3d6
d5
ed
-58
1e
435
-10a
-10b
-1f
-131
21
-21e
-259
-128
0
-105
-48f
c2
107
-23
67
489
-c8
-ef
-10a
-168
-17
-1f7
-111
-17f
-de
-70
-533
8d
132
34
21
4a8
-124
-1e2
-18d
10b
-d0
-1fd
-90
-1e1
-5a
-b
-53c
4c
1f7
22
90
496
-70
-b3
-1a
-17c
-1
-1c8
-a1
-382
-59
-b1
-5cc
f4
242
-47
ce
52b
-ed
-1c2
-1a7
-eb
-cc
-ed
25
-3d7
-197
-2e
-6b9
-7a
282
-e4
6e
46a
-a8
-af
148
-145
121
-160
-61
-301
-1a7
-13b
-5dd
103
2a9
-e0
180
2e1
-95
-e6
-7
-fc
-114
-300
-12a
-35d
-240
-167
-5fb
de
277
-1a8
4e
396
-85
31
-91
-1e2
-10d
2
-123
-19e
-1a5
-151
-510
-5
21e
-66
-36
25e
-51
-26
-77
ef
-18a
-1ae
-194
-9a
-79
-233
-392
5c
236
-103
6d
3ba
-b6
-12c
a
-88
1f
-bf
-25a
-7a
58
-19e
-42a
-be
164
-bb
-5
4c7
-44
-8b
-8d
-148
-67
-f9
-186
-66
-b7
-11c
-46f
67
174
-94
34
42e
-72
41
-a0
-d0
-29
-12
-1c4
-24
-79
-fb
-495
-62
126
-11
35
436
-1a1
-6
-1a
11
96
41
-2bf
-225
-11b
-104
-4a5
-f
164
37
103
557
-215
-189
d6
-a3
69
-2c
-20d
-3e6
-15c
-258
-41c
-15f
179
fb
11e
2a0
-1c3
-2bc
313
-1f3
-26c
fd
-41b
-692
-24d
-1fa
-4d3
-16e
278
ce
21a
161
-1bb
-521
c8
-20e
-f8
-2ce
-1b
-61f
-3f8
-3cc
-3d3
-464
2e0
106
119
-3fd
-180
-c0
33f
-314
f
-5e4
-132
-19a
-5a
-238
-5cb
-1fa
37e
0
1f8
-5bd
-4e
8f
f1
-128
3c
-25b
-1aa
9c
-3
34
-2a3
6a
1c7
-4e
1ca
-f5
131
-18b
ee
-b4
-10
-1fa
-1b6
8f
-37
67
-291
34
1a1
-2f
1a9
-bc
10a
-102
1a3
-220
-285
-1b0
-2ce
-11e
-14b
27
-51
-4d
182
-2f
12a
-55
115
-611
33d
-207
-4b6
144
-4ee
-4d3
-4a9
-1e8
16
-303
1db
-e5
98
-101
17
-a4d
369
-22a
-485
-144
-2e4
-570
-572
-2fc
-eb
-5dd
2c8
2a
-16
-3b0
-104
-6ce
273
-239
-27f
-410
-1a1
-325
-3d0
-265
-3a2
-4c3
3ba
14
b1
-2e2
-100
-358
127
-a8
-dd
-57
-22b
-97
-167
-c9
-3c7
-156
1ad
69
2d
3b5
-dc
-16d
-26a
-210
29c
10b
-22e
-190
267
-69
-5b1
-1bc
2d9
65
158
df
-286
-3d
1c3
-ee
-d5
-355
9b
-663
-41f
-4e5
-a4
-45c
52
ea
-ec
-1a9
-3d
-102
281
-410
-85
-575
9f
-15a
-2b
-11f
-47e
-2d8
334
-6d
1be
-5c3
90
13c
7a
-62
32
-244
-185
d6
51
8
-26c
32
1a8
-e
1b8
-47
129
-129
6f
-41
36
-24d
-184
ff
51
-3
-220
-2
1a9
-b
1c5
24
10e
-127
85
-34
6f
-213
-181
ca
-16
-10
-24c
21
199
-29
1b4
5a
13b
-12c
ff
-68
9
-1ba
-18c
a8
-10
13
-243
3f
17d
-9
1bb
48
122
-134
253
-1af
-312
-1ab
-288
-1b6
-148
-79
-109
-8f
f5
-4c
118
-5f
13c
-6ee
37f
-149
-2f8
-65
-337
-37b
-4b8
-1ca
-89
-372
1f6
-fb
af
-218
7f
-6d7
34f
-22c
-23e
-69d
-2cf
-31e
-6c2
-10a
-139
-375
2da
64
83
-147
ab
-311
3e7
-37a
-135
17
-42e
2a
-53c
-289
-369
-282
31d
1bd
155
-2e5
8a
-525
15d
-323
-86
-8f
-394
110
-155
-166
-3cb
cc
2a5
29
bc
-25
-ed
-3a1
-4f
-fd
-e6
-2fa
-31f
b0
-73
-17c
-350
a9
17c
-1c
6d
3bb
-f8
-1ba
-67
-dd
-42
-3b8
-38c
53
-c4
-234
-32f
7b
167
-6b
76
458
-ce
-292
-3c
-1d6
b
-508
-33d
-32
-131
-1e4
-3c9
c9
182
-46
9f
4f4
-e9
-3d5
-c7
-2c8
-c
-518
-1be
-14b
-1f1
-133
-4c0
18d
1b3
-3c
9e
5a2
-f9
-495
-28e
-b5
-222
-5e8
-192
-175
-1f7
-142
-569
26c
216
-114
37
4cf
-1d5
-352
-193
-2b
-1b7
-4da
-32a
-18f
-8c
-29e
-532
159
27b
-102
c0
45f
-143
-2c2
-b5
-22c
-150
-680
-1de
-210
-16a
-2ab
-4d3
1fe
267
-28c
11a
3ee
-122
-330
-180
-1b0
-1c2
-4df
-122
-fb
-17d
-158
-54f
261
1d5
-2e0
fc
450
-148
-21a
-c2
-119
-201
-442
-21f
1c
-119
-1ec
-506
2b5
1e7
-36b
157
4a9
-13f
-2ac
-96
-c
-1c5
-454
-308
6f
-fc
-238
-477
2a2
1f8
-324
da
3f6
-1d3
-1b7
-9c
-26
-f9
-2c6
-312
-145
-104
-247
-4d9
140
209
-1b2
20
407
-f3
-70
-33
-fc
-5d
-274
-22d
-106
-de
-156
-448
dd
1e4
-a6
2e
395
-da
-20
-73
-f0
-c3
-116
-246
-36
-c7
-116
-430
53
110
-47
3
40a
-17b
31
-b4
-96
-4a
-e6
-1e0
-52
-14a
-120
-478
48
12a
-a3
-20
3ed
-14d
54
-89
-b5
81
-bf
-222
-b7
-fe
-b7
-497
9
143
1b
3a
52d
-198
-f5
-55
-16a
6a
80
-ef
-1e0
-c9
-48
-5d2
59
13d
64
69
591
-1d2
-f3
-11a
-38
-11c
11
13
-234
-150
14
-583
43
1ce
-48
88
421
-19a
-98
16a
-153
102
-131
-33
-2e1
-1a4
80
-5ef
203
1e1
-13a
12b
575
-130
-f1
-23
-20c
-5
-24e
-66
-394
-198
-2b
-68e
f1
1ef
-23f
36
4b2
-1c8
24a
-149
-2fe
31
-13c
-15a
-3ae
-275
-1d2
-66f
-c9
219
-159
-8c
1fd
-70
-b9
5b
-1b2
-142
-23a
5d
-125
-14b
-257
-433
10d
2af
-25c
e7
1c7
33
-21a
-1d
-167
-1d8
-320
-be
9
-145
-1ac
-522
197
225
-3d8
122
353
-97
-d4
-76
-b6
-181
-29b
-162
ea
-1a5
-18d
-522
26e
20c
-38c
e9
4c3
-126
-1e9
-43
8c
-144
-159
-238
-3f
-e2
-1a9
-501
210
1d5
-28b
22
3aa
-119
68
12
-38
-93
-1eb
-219
-f0
-be
-1fe
-449
147
1da
-10e
-4
3c9
-e4
133
-4d
-1f
-76
-87
-1c5
-8f
-101
-123
-422
10
118
-51
-74
3ab
-114
-1d
-48
-3a
-43
-80
-214
-4f
-ab
-dc
-410
39
102
-14
-30
3a0
-11f
-5f
-51
11
-1f
-b
-1ad
-93
-102
-ab
-43e
50
128
-29
4
3ed
-116
1a
c
2f
16
-38
-1a1
-1fc
-10e
-61
-4c2
50
12c
5e
77
446
-149
-82
-f7
-155
-65
bb
6e
-3a6
-1e6
-e7
-5c3
-69
154
a0
34
32a
-62
-18c
-69
-a8
-6a
-12a
-c0
-47a
-1cd
-1b9
-572
-c6
277
-67
71
-16
-13
-3d8
95
-211
-de
-19
76
-43a
-133
-364
-5e5
-34
2cd
-159
d3
42
-ed
-c9
d
-309
-91
-213
283
-33c
-30a
-4c4
-622
-32
270
-32d
183
-1a0
72
-341
28c
-1e8
44
-588
-e4
-18f
-2e2
-41f
-4b1
2da
301
-35d
2f9
-17f
-84
-c7
202
-a9
-17c
-390
-273
-119
-486
-3ce
-471
10e
23f
-19d
e8
-fc
6e
-132
158
-108
-1ff
-12a
-df
64
-3ac
-309
-36a
f0
2d0
-1d5
12d
-1b8
11d
-4ce
f1
21e
-10d
-1cc
-34d
-98
-15e
-3e6
-35d
ab
1ad
-1ca
-22
cf
-62
-2b6
f7
112
8
-1a7
-252
-11e
-e0
-2d5
-39f
a4
1ca
-12a
-49
298
-6c
-d7
-e
-d3
-e8
-179
-1db
-69
-21
-121
-445
56
14c
-8e
-30
314
-2b
2e
-ca
-c6
22
7c
-246
-61
-45
-c7
-45d
-4
131
-4e
-1
3f2
-11b
66
18
-c1
6e
e6
-359
-199
-45
-e7
-445
-5f
17c
54
f1
512
-222
-d6
168
-148
-90
df
-2f0
-364
-1d2
-20e
-3e1
-1ac
152
cf
117
27b
-1d8
-34a
31c
-1f7
-2c3
1e5
-4a8
-6b5
-273
-190
-49b
-19a
284
f5
202
2b
-1c8
-58d
8e
-278
-ee
-330
-f
-690
-3e6
-3ae
-3b3
-473
317
129
11b
-4a0
-1b7
-ba
337
-2a1
-b
-65f
-7f
-1c6
-136
-1f6
-610
-1d8
3bf
-47
215
-5ce
-66
a7
fa
-ab
-16
-271
-164
a4
-21
70
-291
4d
1d1
9
1c9
-ba
123
-172
117
-d3
35
-20e
-1ad
c9
-aa
5d
-2b3
91
1c3
-63
1c5
-6b
14a
-106
21a
-275
-24a
-1a2
-2db
-10f
-1e2
63
-48
7b
18b
-29
123
-6e
ea
-5de
319
-28d
-4ac
1e3
-504
-52a
-44a
-199
-a
-2b6
1ca
-de
3a
-a0
-62
-a40
301
-25d
-498
-6d
-2f1
-5c1
-555
-343
-e1
-655
2fe
-20
-20
-384
-121
-731
205
-1cd
-27a
-4a3
-17e
-372
-417
-2b0
-376
-51d
3c0
-89
6a
-2bb
-113
-34b
17b
-5e
-15e
-10c
-224
-107
-137
-147
-3c1
-146
16a
7d
a
404
-f2
-19a
-28a
-209
2a9
df
-23e
-1fd
217
-83
-618
-1d5
2b5
2d
10c
71
-2a0
-1e
1c3
-ee
-d5
-355
9b
-663
-41f
-4e5
-a4
-45c
52
ea
-ec
-1a9
-3d
-102
297
-40f
-36
-56a
93
-144
-25
-118
-45c
-2bf
323
-6b
1c7
-58d
95
11f
8d
-59
18
-213
-17e
e0
35
18
-24d
71
19e
-2a
1b8
-15
15a
-11b
9d
-6b
31
-20a
-1ae
125
66
-3
-1fe
1d
18b
-10
19d
17
110
-116
bb
-36
5d
-204
-1a9
10b
4e
-31
-22f
21
188
-7
1a9
81
114
-133
d6
-74
-13
-1d7
-19e
ab
-1c
14
-267
4c
173
-a
1b1
89
146
-158
242
-17e
-340
-1bc
-253
-1c5
-161
-6e
-108
-84
f5
-1c
143
-a5
11e
-667
256
-ae
-34c
-6d
-3ea
-393
-48f
-1d8
-45
-2ed
1dd
-f2
94
-2fe
54
-720
265
-dc
-3ec
-4be
-1e9
-3d0
-344
-229
-fc
-3b1
26d
140
67
-18d
3
-574
2b6
-10a
-177
-15a
-1de
-12a
-356
-21c
-29f
-306
247
1b
89
-144
75
-412
91
-eb
-10c
-c5
-147
-2c
-10c
-e4
-38e
-b2
1b9
71
5b
337
-5a
-79
-71
-1b
-9
-90
-1f6
26
-a7
-f8
-3b4
-8
f8
-16
34
409
-ce
-12
13
14
-44
-73
-20a
2
-c3
-13d
-3f0
5f
ea
17
62
42c
-102
-50
170
-189
186
-129
-1ac
-1a8
-117
4c
-4d6
11a
121
17
ac
4a7
-9a
-c3
154
-359
25b
-1da
-18
-39a
-1c1
1af
-58d
19a
1ce
60
5
587
-146
111
-162
-42c
69
-69
-9a
-368
-210
46
-610
96
21e
a0
-19c
40f
-154
104
12
-175
-19a
51
-1c5
-1f2
-9c
-2f9
-43d
5d
2d8
-f8
-6c
1fa
-1c3
-262
-85
-163
-1af
-2ee
-1d2
-189
-282
-3f8
-4a7
-78
2b2
-430
4c
1aa
-125
-100
-1a5
-3cd
-147
-2bc
-7f
-21
-362
-458
-49e
68
250
-545
98
8e
-73
-220
-1b4
-349
-1d9
-392
-1e8
-2c
-35c
-564
-493
233
232
-6ce
60
ae
-152
-2aa
-12b
-32a
-2d
-2d5
-211
-21d
-245
-51d
-426
32e
1d2
-502
27
de
-20f
-18e
50
-7b
-c9
-2f6
-260
-1ff
-e5
-418
-45e
1ee
26a
-294
76
1c9
-1e5
-110
98
-b4
-9d
-1c4
-228
-6f
-cb
-199
-489
4b
1bd
-df
38
35b
-13f
c0
-75
-b0
-8
-6
-1ed
-4f
-cd
-e3
-48e
16
12a
-28
-4
438
-139
-16
-87
-7c
-18
-29
-1ce
-aa
-156
-c5
-479
25
159
-55
19
3f9
-142
-17
19
-ad
5e
61
-19f
-16a
-193
-7d
-4c6
d
171
41
29
4f1
-192
-75
-31
-19f
-50
c5
-171
-2a9
-11e
-47
-4d0
29
1ce
8a
2e
416
-13f
-11e
-111
-2ff
88
15e
54
-280
-247
-1fb
-5fd
-138
1db
-f1
-11
283
-119
-2d7
1a5
-3df
1f6
-4a5
168
-38f
-31b
-234
-690
221
2fd
-419
15b
258
-21b
17
a0
-4d0
2e0
-4b9
-175
-44e
-45f
-21b
-6f1
1d1
2da
-21e
ee
c2
-1ed
269
-2b
-445
-70
-246
23d
-370
-51d
-227
-487
19d
3b2
-25e
7b
-2c8
-aa
-488
-4
-74
-2bb
-316
-7
6
-308
-3be
-3c8
ef
2d0
-370
128
-1dc
-21
-db
-fb
-356
-234
-3ac
-172
f1
-2ad
-53e
-3e9
1ce
276
-68a
51
-8c
-1c
-29f
-c3
-448
-16c
-327
-1a9
-109
-35a
-5c2
-45e
367
19b
-675
-2b
-5
-da
-1fd
2
-213
13
-204
-2ea
-1b5
-21b
-543
-44a
30b
19e
-3fc
16
4f
-1b5
-bb
7b
1d
-ea
-2dc
-328
-16b
-e0
-392
-4a6
175
1f1
-188
-2
20f
-201
12
-b
-c
-e8
-92
-19c
-66
-11e
-11e
-429
-20
10c
-3f
-1a
37f
-115
-35
-6c
f
-9b
-b7
-21d
-5c
-d4
-12d
-453
10
fb
-32
-37
385
-11a
-4c
17
-69
-45
-74
-231
-7a
-a7
-d2
-482
b
104
6
1f
3f4
-155
-b8
-2d
-f8
-3c
-30
-254
-1e8
-14e
-41
-580
1
164
41
c1
347
-1c5
-15b
-1c
-117
-169
-b4
3e
-30b
-229
-166
-389
68
1b1
cc
12e
14c
-d6
-37a
39
-19e
-71
-233
-137
-29a
-22c
-34f
-45b
27
28a
-139
229
-27
-87
-5b9
10
-1d4
-ca
-278
-2b7
-330
-1af
-5da
-571
d
380
-122
20b
b3
-cf
-5ae
-8a
-338
-a1
-3e4
b2
-1c9
-23f
-50a
-488
10a
34c
-285
251
-14d
-b7
-433
-a4
-1b3
-13f
-511
-bb
-a3
-18e
-522
-30c
383
25f
-3ae
13c
-4c
2c
-24
cc
-133
-1bf
-19c
-e4
8a
-1fa
-4f5
-318
27b
246
-239
259
-54
bd
-538
85
43
-2ba
-39e
-1f3
3e
-21c
-443
-19b
23c
1a0
-2d9
14f
-5e
83
-4b1
174
d1
-c0
-25b
-2b8
-23e
-1fe
-531
-23a
198
124
-136
-25
1ec
b
-264
17f
1d
-e8
-25a
-289
-117
-1f9
-2a8
-3ae
a4
165
-118
-4
1fc
-63
-5a
7b
50
-145
-6f
-26f
3f
-ed
-8e
-3eb
-c
10c
39
-8a
2c7
-74
-e
-b2
-74
24
2b
-211
-9d
-b7
-c5
-479
-28
120
9
-d
424
-cf
56
7e
-df
-36
122
-33d
-1b1
-32
-fe
-4c5
-32
16a
8d
cf
4bb
-218
-1b2
12b
-1ba
-c8
91
-2c2
-3f7
-1c8
-194
-45d
-119
139
a4
f9
1e1
-256
-351
18b
-194
-363
bf
-4ea
-6ba
-2b3
-185
-2dc
-1bd
316
1c3
20c
-128
-1fa
-599
-d6
-358
-19e
-17d
76
-580
-48c
-468
-14e
-44c
3f2
15c
167
-84b
-12a
-334
1e7
-47d
-1d
-40b
20c
-16b
-29c
-352
-25a
-91
4d7
-255
323
-ada
-ad
-2f9
-dc
-217
-d
-90
1c1
-120
-119
-213
-162
27c
2e7
-2e8
29f
-57f
-b1
-393
-134
-1c0
-7d
-fb
1b2
-105
-223
-243
-156
2f8
2da
-3a4
2b7
-559
-33
-309
80
-2c4
-1be
-1ee
89
-39e
-37c
-21a
106
290
258
-372
1f7
-3cb
46
-694
365
-56f
-1af
a5
-15f
-72d
-43d
-47f
-d1
-73
1ab
-2dd
13a
-1d9
-144
-855
2c3
-2e9
-3c4
-45b
-244
-52d
-442
-465
-e4
-3cc
304
-117
96
-434
-1f5
-53c
275
-1a9
-2d2
-48d
-149
-28a
-403
-285
-29c
-49a
331
-40
52
-2f2
-12f
-2ba
1bc
-43
-1ba
-fb
-1a7
-147
-15b
-114
-414
-ff
133
65
20
36c
-117
-177
-275
-1d7
279
de
-226
-20e
1d0
-32
-63d
-1ce
2be
14
139
-39
-294
a
1b3
-d2
-e8
-369
a5
-66d
-424
-4db
-a2
-458
5a
f6
-ed
-1b9
-44
-ef
2c3
-41e
-33
-58c
94
-149
-4b
-112
-454
-2a1
334
-71
1ba
-5b9
91
119
92
-61
9
-1ff
-180
fd
4
18
-264
48
192
-33
1aa
b
14f
-f0
b0
-a9
1f
-1eb
-14e
bb
15
-b
-293
5f
188
-6
1b8
10
114
-166
d9
-28
95
-1f5
-15f
b2
-13
-9
-270
4c
196
-55
196
-2e
fb
-145
8f
15
67
-22b
-197
5b
3f
2d
-259
bb
1a0
13
17d
-2a
163
-eb
1ed
-1fd
-2ff
-22b
-258
-1a3
-a5
-45
-ed
-4d
12d
-13
121
-a0
144
-64e
28b
-137
-318
23
-3cd
-383
-42e
-1d6
-53
-328
1db
-dd
83
-268
53
-71d
213
-6f
-3dc
-2d4
-204
-46b
-37f
-212
-11a
-476
2ab
b6
17
-11a
-1a
-57b
1b4
-109
-1c7
-239
-149
-1ec
-34f
-1f7
-2a3
-381
233
-2f
-d
-a2
-6
-32a
54
1d
-a7
-1e2
-153
-89
-ef
-117
-336
-d4
19a
-10
35
339
-66
-47
-79
-40
-1d
-18
-19a
-12
-cb
-c1
-3ea
1b
126
5
27
3ab
-b7
-b
-46
-12
-51
-65
-199
-67
-12e
-a7
-45b
5c
121
43
65
3dd
-113
-11b
199
-1ab
112
-e2
-ca
-29e
-241
be
-4c5
162
1b5
2
109
476
-152
-78
232
-435
352
-10d
92
-585
-4ce
b1
-5b3
e0
1ca
-3e
b1
286
-12f
357
191
-6e9
b5
7e
a3
-4e7
-478
-1fd
-5f1
103
2e8
bb
4d
-108
-19d
-ee
8b
-294
-210
13d
-25f
-1ae
-1e6
-2eb
-591
53
300
-54
168
111
-1d6
-35c
-167
-9f
-251
-37b
-30e
-f0
-291
-451
-377
8a
315
-232
eb
206
-b4
-563
-330
-2d0
-204
-362
-28f
-a3
-2ec
-44a
-3fb
138
283
-3af
191
36f
-e5
-495
-33f
-30d
-29b
-498
-38e
-9b
-31d
-56a
-429
29e
240
-579
15f
3cb
-7d
-555
-ec
-45c
-139
-47d
-237
-134
-243
-520
-3f4
4f1
20b
-4c8
17a
294
-101
-32d
34
-193
-199
-24f
-327
-1e
-e3
-311
-4bb
25a
200
-37c
dd
2ac
-212
14c
84
-ba
-4c
-f9
-2a4
9
-ab
-16e
-485
7a
1ef
-d4
-16
3d4
-121
127
-2a
-a1
40
-36
-1af
-54
-d8
-e3
-493
4a
14a
-34
-16
41e
-f9
41
-61
-e3
-35
-96
-1ec
-4c
-d7
-99
-432
4c
132
-2e
-11
3b3
-158
58
4d
-13e
-68
2b
-265
-e5
-16a
-e1
-4a9
-31
14f
-37
39
49b
-1dd
81
-13
-1bb
11c
-14d
-304
-20a
-1e0
-134
-4eb
-105
13a
7c
cc
43e
-184
-1fe
111
-43e
1eb
-193
-f2
-2ff
-21c
-362
-544
ed
271
-3d
14f
2d0
-133
-58e
2
-5d3
341
-622
-1e1
-3b4
-2c3
-170
-4d6
39c
2e4
-261
117
163
-21c
335
1c6
-5e7
281
-93
-2b1
-3c2
-2c6
-1b4
-4fe
468
313
5d
20e
b6
-206
-36
53
-4a2
-33a
-23
-92
-194
-27d
-1a3
-441
37
381
-52
165
-3e
-f
-452
-bf
-269
-358
-19d
-2e5
96
-391
-45b
-330
-c
2b6
-190
ff
dd
127
-617
-292
-1d7
-319
-4fc
-4b1
55
-30e
-591
-2cb
1e8
271
-496
139
253
-39
-661
-1bc
-36c
-1be
-43d
-424
-7d
-217
-571
-377
388
1af
-430
120
39e
-fd
-46e
-b3
-3a0
-31
-250
-313
-12d
-1d1
-4be
-3e0
282
1be
-375
9c
25f
-b9
-12
6f
-166
-f7
-1bd
-295
4b
-9f
-207
-400
d4
1ce
-144
-2a
2a5
-b7
8a
-22
-66
-c0
-23
-236
6a
-10d
-e9
-3df
12
e5
-1e
-3e
3b2
-d4
-11
-7b
3e
-5a
-6d
-207
10
-12d
-10e
-411
f
fe
-55
-3d
3e9
-f9
16
-8
-7c
1
-1e
-252
-b2
-55
-aa
-472
47
e9
1c
11
420
-155
-7f
-e1
-14e
-b1
-c7
-2da
-177
-129
-df
-47d
2
184
-5b
d1
39f
-17d
-2b8
-1d0
-1ab
-11a
-3e
-4c
-281
-1fa
-3cc
-4a4
-98
13e
-e1
12f
188
-150
-589
e4
-134
-1c2
-4e3
-1c2
-425
-2a3
-705
-453
185
307
-311
28f
-81
-83
-687
264
-234
52
-50b
-4ef
-468
-131
-534
-543
-92
30c
-1b4
235
5e
-16a
-4f2
-16a
-338
-130
-48e
-2dd
-35d
-276
-3fb
-42a
-76
39a
-17e
126
-141
-10a
-445
-b5
-313
-35e
-37b
-13
-10d
-9f
-5e6
-36c
248
28e
-224
1d8
-1b3
-1d
-59f
5
-133
-1ac
-50d
-93
52
-14c
-5c2
-2e1
3bc
249
-4e5
295
4d
84
-51c
-77
-3a
-258
-59c
-25d
-1a4
-ea
-4f2
-1f0
38b
155
-2f2
a9
192
-a7
-2e9
199
-4c
-196
-3d7
-318
-1ee
-20d
-48e
-29c
30
163
-1a8
2d
f6
-10f
-183
15b
-3f
-159
-297
-10c
-95
-225
-133
-376
-59
178
-86
18
2ed
-4e
25
-4b
68
-74
-58
-1ed
-74
-1b3
-29
-3bb
-3
f6
39
-64
363
-c1
2
-21
-1a
-8
2e
-1d9
-c2
-64
-ee
-481
-26
fa
38
-1a
400
-12b
-43
75
-89
5
f9
-31c
-216
-6a
-9b
-528
36
16b
15
cd
418
-1cb
-11a
a8
-180
-c0
6b
-2b1
-4ce
-1df
-136
-464
-13b
189
eb
d4
1a1
-22b
-371
-b
-161
-204
-a5
-559
-641
-165
-290
-2ff
-2a5
2ae
124
189
-2c3
-1f7
-4e0
-169
-10c
-f0
-3f1
-3b8
-200
-267
-783
52
-3fb
3f7
14c
2be
-738
-6c
-831
-49
-4e5
fd
-6e7
-20b
6c
-274
-731
-11f
-32
4e7
-490
43f
-6b6
2b
-8a8
-41a
-45b
8e
-4c9
-217
-5b
-e4
-679
-195
341
3ce
-4ad
390
-209
-48
-625
-4ca
-3f1
-cd
-500
-1bb
-d
-17e
-5f6
-109
369
3ce
-4ab
335
-225
6b
-622
-167
-4c9
-124
-5b8
-7e
-272
-3b4
-642
dd
35b
27b
-43e
2d0
f
d6
-6de
31e
-650
-8d
-27b
58
-5b3
-530
-6a5
-15d
32c
1f3
-3fc
25f
6c
26
-269
221
-47b
-308
-468
-261
-3b5
-3ed
-2e1
-15b
-1fb
242
-135
ab
-31d
-61
-187
2cc
-13b
-287
-1f9
-208
-11a
-379
-213
-243
-3e8
2be
80
1e
-307
-88
-306
181
-4f
-1bb
-14f
-1ba
-11e
-15c
-e1
-41e
-e7
144
1b
36
339
-b8
-101
-27a
-1bf
2a2
e2
-227
-1ee
1e5
-12
-612
-21f
2df
53
163
15
-293
-14
1d4
-ef
-c3
-34f
bf
-688
-422
-4d3
-d4
-469
5b
105
-e7
-17f
-59
-115
2c0
-418
-59
-58f
e0
-196
-63
-fb
-4b6
-293
329
-69
195
-59b
4d
119
71
-40
27
-22b
-150
aa
-1b
31
-26e
47
1a7
-2a
18b
18
111
-124
aa
-76
8f
-1f9
-16c
7b
62
30
-2d1
96
19e
-1d
185
-3e
fe
-16d
88
-5f
68
-2b7
-122
4e
-3f
34
-253
d5
1c4
-1a
1ac
-9f
e1
-c5
e2
3d
-3a
-22d
-152
41
-e1
1c
-26f
9f
1bd
12
170
-68
13e
-127
26a
-196
-2ac
-202
-2cd
-1cc
-93
2a
-11f
-4f
159
57
115
-b9
101
-63e
2b9
-262
-29c
e4
-3e8
-3ef
-39b
-188
-a8
-299
1fa
-87
5d
-241
-24
-713
20f
-131
-3e5
-262
-10a
-4cc
-46d
-1e6
-149
-46c
2c9
58
5
-1a6
-8b
-4e0
195
-121
-1c3
-258
-155
-22a
-356
-1c0
-2ad
-383
260
12
-34
-141
-21
-37e
6c
5c
-b9
-1d9
-143
-ad
-129
-10e
-369
-d0
1b2
-15
28
32d
-97
-32
-79
-18
-d
-4b
-1ab
-29
-71
-b0
-41a
10
121
4
15
38c
-a6
12
-29
-cc
-1
-8a
-1e5
-7b
-98
-cf
-502
6
14d
-20
4a
413
-10e
-7a
104
-242
286
-1aa
-2e6
-24f
-1fa
-13
-567
7f
162
7a
156
471
-15f
-179
399
-4ed
381
-2a6
-2b
-350
-4da
-151
-56b
2ee
233
e
1ef
223
-192
-184
20c
-67c
-16c
-114
-dc
-1d6
-38f
-10d
-588
112
364
-36
d5
-126
-178
-67
e2
-3e8
-148
263
-1c1
-147
-349
-1a3
-3b3
86
34a
-90
1
-181
-21
-45d
-90
-e7
-15e
-3df
-204
-12c
-292
-3ca
-316
20
38a
-1ef
ac
-99
-b1
-56a
-143
-25a
-16d
-544
-af
-bb
-23b
-5f4
-4ec
ff
2b6
-45e
11a
134
-10c
-585
-2a9
-c6
-2d6
-9df
-260
-166
-348
-545
-48c
27c
2c3
-621
14d
179
-7b
-5ba
-af
-347
-1e6
-71b
-243
-183
-335
-4fc
-429
281
1e3
-492
50
73
1b
-167
8c
-37a
-64
-34c
-218
-1b2
-289
-3f6
-540
206
1da
-432
53
12d
-14d
82
b1
-87
-5a
-296
-2d7
-13a
-12f
-291
-4f5
128
20d
-16c
b
1b9
-22a
53
1
-57
-3e
-b7
-1ba
-87
-159
-d5
-49f
70
137
-56
-b
36b
-15e
e2
-60
-c2
-45
-1f
-223
-68
-dc
-ce
-498
2
141
-1e
-1f
3aa
-157
2b
-d
-e4
60
-32
-273
-a9
-d6
-112
-46b
-3
12d
-38
58
424
-1ad
19
b7
-90
ef
-26a
-27e
-229
-248
-194
-467
118
183
a8
13a
3d7
-1a5
-392
1c2
-302
f0
-37c
-247
-2ed
-30f
-195
-42b
b3
288
-11
1bd
f0
-111
-13d
21a
-83a
27f
-333
-162
-2a1
-37c
-240
-51f
138
2dc
-dd
1e6
-3a8
-122
119
468
-650
-73
37
-22
-e4
-408
-35a
-489
23b
3af
-251
380
-328
-de
-346
20a
-3f8
-120
-3b5
-128
-93
-3e1
-3cd
-34d
189
340
-25f
27c
-34f
a8
-496
8f
-291
-15f
-64a
-340
-17
-2ce
-437
-2bc
161
37c
-249
118
-2b5
a9
-717
-eb
-d9
-27c
-6e1
-207
a9
-34d
-52a
-210
1a1
2d4
-463
5f
1b
-19
-609
-c5
-291
-d4
-859
-240
-1ac
-24d
-544
-391
2e4
20d
-491
e8
11a
-188
-404
1b
-13f
-d6
-627
-23c
-1d3
-18e
-3c2
-3bf
267
20f
-2cd
ac
f2
-1a5
10
68
-87
-10b
-2f4
-152
-d6
-c1
-f0
-44f
9d
1a0
-db
-2
300
-df
153
-97
-48
-3a
-74
-1bc
-86
-9f
-a0
-415
2e
122
f
-4f
3ca
-9e
10
-b7
-c
-2e
-57
-1a4
-72
-15c
-df
-42c
-16
121
-56
-5a
3d0
-11b
2b
2
-6c
-34
-76
-200
-129
-9f
-d7
-508
-3c
125
18
3
4b3
-17a
10
-10d
-104
18
-129
-375
-141
-fe
-14d
-577
-16b
18f
-11
85
402
-1c3
-291
-133
-168
-14c
-c4
-1ee
-281
-1f8
-4ca
-4c2
-5f
200
53
e1
3af
-122
-7c2
-2c
-25c
-134
-51f
-31d
-552
-1e5
-59f
-3e4
c8
1f8
-1b6
cf
25
-194
-42a
309
-1ef
-bb
-1db
-3cc
-4c7
-208
-3b8
-501
-1b2
243
21
181
127
-21f
-30b
4d
-36f
-229
-2e5
-29d
-288
-38b
-3f7
-330
-232
36e
-7
15a
-317
-33
-756
-134
-215
-2b9
-2dd
-14c
8b
-1c3
-574
-1bf
c1
2a6
-1c5
1b9
-216
42
-7c5
-de
-eb
-175
-689
-1e0
2c
-22f
-62b
-237
455
1d8
-466
20d
169
33
-427
-7
-19d
-231
-5df
-28a
-226
-13d
-58b
-2a9
3de
181
-3d3
d6
2c
-ce
-10a
c9
-58
-15d
-2fe
-343
-17a
-2d3
-382
-234
-40
1e2
-233
-75
-16
-b1
-182
a7
-d
-136
-1ab
-18f
-b6
-13b
-f7
-2d3
-11d
178
4c
-4f
378
-66
-23
-3a
-70
-49
35
-1bf
-2f
-16c
-110
-39d
-9e
e3
-30
-52
410
-88
-46
e
-3a
-1c
2
-1fc
-84
-c7
-108
-46a
-43
f5
3
11
3d6
-12a
-5
44
-c0
1d
d5
-30c
-204
-10e
-70
-4fa
59
171
1b
f7
417
-1a8
-d9
cf
-1ba
-dc
66
-2ca
-469
-17e
-183
-4c0
-1a3
182
10e
15d
236
-226
-3ba
d1
-1d3
-10e
-2c0
-2e1
-4c4
-1de
-3d8
-3d1
-230
220
45
180
-35d
-15d
-60a
b5
74
-4b
-78d
-38e
-ce
-97
-6f6
-1f5
-262
386
19c
2d4
-3bc
-af
-ab5
5a
-164
d1
-bd0
-250
a7
-199
-5e5
-21e
1e3
417
-268
347
-2bf
79
-7cc
-2a9
-20d
c7
-acd
-322
-12
-3c
-3cb
-208
39a
3a8
-149
32b
-74
87
-58c
-2c0
-199
-2f
-9cf
-342
30
-26
-355
-105
32c
359
-102
2bc
-2d
11e
-64f
-46
-28b
-b6
-a2a
-274
-7e
-1ef
-3e6
7e
360
270
-13e
269
15d
ff
-5c2
283
-381
-12a
-603
-14e
-28b
-500
-2c5
-253
29b
204
-1d2
293
223
70
6c
255
-252
-242
-32b
-14b
-22e
-3c0
-46
-23c
-1a3
1e4
63
10a
-f0
cd
-210
1ba
-dd
-1aa
-107
-1f7
-19a
-3cf
-17e
-275
-2b4
281
3d
-14
-23f
15
-351
12b
1
-16d
-136
-1ac
-15e
-126
-c3
-3cd
-13c
16d
71
26
3ec
-67
-147
-287
-212
2d8
123
-216
-20d
238
-34
-628
-225
2e7
4d
17b
73
-294
-1c
149
-1b8
9f
-1b1
1e3
-6ec
-4e3
-3df
27
-2d1
11e
18a
-c3
-2b1
-21
-148
259
-5f3
-93
-3b5
364
-218
-dd
-122
-319
-112
43b
-b7
1e5
-90d
-26
a3
-7c
-19f
56
-82
f2
-ba
-176
-cc
-16b
1e9
290
-210
1f6
-41b
3
-268
-99
-195
20
-d1
10e
-114
-13f
-107
-1c4
241
2a3
-215
22e
-43b
-3a
-27e
-54
-1c8
66
-e5
da
-ba
-138
-15f
-131
272
29c
-234
254
-4f0
-e
-2d0
-1c
-201
-a6
-12c
10f
-113
-1df
-172
-f3
2a2
295
-29b
224
-499
-3c
-2f3
169
-2af
-e2
-ed
c0
-3e1
-256
-212
-c7
161
1c5
-277
1b7
-380
17
-5c7
29f
-377
-11b
-6d
-118
-5ac
-3e1
-3d6
-fa
-4e
258
-21a
189
-410
-a5
-5ff
1d0
-119
-39a
-582
-11c
-404
-3e8
-2e0
-6c
-31c
2f9
-3c
f0
-2a5
-a0
-3c4
204
-145
-218
-287
-150
-170
-359
-1d0
-24b
-3b1
23f
12
-1
-122
-19
-318
70
-4c
-bb
-19f
-14c
-6f
-151
-fd
-350
-f2
1ad
-6
2e
33d
-9b
-2a
-74
2c
17
-61
-19c
-22
-94
-ba
-418
33
126
c
24
39f
-ab
5d
-e
-92
28
-2e
-1e8
-4e
-6d
-91
-4fa
15
121
3b
5d
462
-e9
-cd
16f
-278
274
-315
-112
-2e9
-284
-25
-5c3
20c
173
-18
1c5
457
-149
-270
32f
-3d7
142
-2bf
-1ad
-38c
-448
-d5
-58a
26f
24d
62
18d
145
-215
1bc
206
-478
-177
-f9
-3df
-22c
-358
-1b2
-4a3
-a3
2b9
73
2c
-83
-64
1d
1ba
-3d7
-1cf
165
-407
-132
-aa
-340
-2d4
-1b5
21e
f9
74
20
-a8
-518
-62
-264
-126
-25e
-41b
-94
-1a2
-58d
-2d4
-a4
255
-115
ee
262
-8c
-4ab
-ff
-273
-161
-e7
-32b
-14e
-165
-5ae
-436
f3
1f9
-17e
f9
394
-125
-49f
-30d
-192
-287
-561
-345
-2cd
-20b
-45d
-37c
75
151
-24d
-118
18a
-80
-384
-6
-121
-13f
-35b
-3bd
-2ef
-38a
-570
-313
26
15b
-ee
-b1
12a
-28
-366
8b
-30c
-7c
-32d
-2cf
-1d2
-242
-477
-43f
168
1ae
-246
96
1af
-f2
-45
7c
-14c
-81
-b0
-369
47
-13f
-1bd
-455
34
180
-c7
-1c
23c
-19c
15
-22
-43
-39
-e
-205
37
-199
-f1
-451
-60
13b
-d
-19
414
-13a
1
-69
-84
2
-f
-202
-61
-122
-ef
-45d
-25
149
-2c
16
43d
-136
-15
-2c
-d9
ec
14
-1f5
-a3
-102
-c6
-4eb
-34
140
18
7d
4ed
-192
-83
8e
-191
3c
-d4
-1d1
-270
-1c3
18
-575
6c
1a5
be
154
499
-183
-14c
3b
-1cf
-41
-1d2
-273
-1c2
-35c
-16f
-405
1e
1e4
c
19a
1bd
-157
-172
9f
-58b
-68
-1a8
-1f0
8f
-2a1
-3e9
-503
e7
2f6
-15d
319
-28
-142
-5ac
8d
-51f
-9c
-193
-2bb
a7
-1d1
-4d5
-3a7
414
2c9
-306
3c6
12b
-cf
-5aa
-6d
-3dd
-89
-275
-1a7
-11e
-126
-3c0
-2e8
376
1f4
-201
21e
fc
-69
-1f4
-63
-13a
-18f
-33b
-315
-e8
-25b
-409
-2ad
176
2c2
-21c
1c5
-1d
c4
-3bc
-156
-254
-31c
-33e
-204
-1c
-218
-4d5
-24a
243
20c
-2cf
196
1bb
5d
-52d
e
-410
-116
-4e2
-160
-fe
-1b3
-4b1
-370
4ad
182
-4e4
15e
235
-4b
-292
4d
-152
-1ba
-27c
-346
-60
-fb
-29b
-406
286
1b5
-39a
b2
258
-166
23
7d
-5e
-10a
-56
-2b2
-a2
-108
-170
-442
-9
1f0
-c8
-6c
369
-b5
12
-39
-27
-28
-80
-10d
-fb
-eb
-f4
-485
-3b
176
18
8
3aa
-65
1e
-5f
-37
-5c
-ac
-198
-77
-11e
-113
-432
-2a
112
-19
-b
41c
-f4
-4e
3
-6e
23
-45
-1de
-10c
-a3
-ed
-512
2e
e0
-30
-9
3b5
-14a
-2
-ac
-a6
7c
-124
-294
-1b0
-1e5
-89
-542
3e
1e4
13
102
355
-191
-2b2
ca
-20d
-53
-b8
-29e
-3a6
-116
-1b5
-3c5
127
1b4
157
18c
336
-240
-5a5
dc
-40d
-16d
-3f6
-d1
-59c
-205
-2bf
-408
7b
224
-d7
c9
84
-25c
-19e
32d
-18a
-2d
-2c2
-20e
-497
-256
-2c4
-38b
-fe
2f4
55
246
-3
-1dd
-2ae
3d
-30f
-1ae
-561
-21e
-2aa
-1b3
-318
-23b
-1da
379
64
15c
-2d4
-19
-5e9
-d6
-20e
-1ad
-4f5
-117
7b
-155
-52c
-105
77
2e7
-15f
183
-1c9
86
-5e5
-14e
-12d
-144
-703
-213
2e
-1f3
-586
-169
380
1dd
-358
1b8
e1
52
-386
12
-205
-24b
-50c
-2dc
-15a
-227
-4d2
-232
36c
18e
-2f9
fd
65
-62
-260
36
22
-229
-30c
-2c0
-10d
-3a8
-29c
-17c
21
230
-1ca
-12
54
-fb
-2be
5d
c1
-124
-16d
-158
-dd
-e6
-118
-2f0
-11a
1b4
54
-34
437
-5c
-c8
-23
-8f
-33
-31
-181
-82
-a5
-106
-3ac
5
136
-48
-3
3b9
-57
-3b
-56
-8
-1a
-23
-204
-2d
-ca
-d2
-468
-19
102
-37
26
40e
-db
40
-22
-7f
-2a
81
-30f
-1b0
-92
-73
-489
22
195
4f
f3
41a
-172
-f0
d2
-19b
-b2
bb
-344
-42c
-1b9
-1ae
-47c
-191
176
d7
157
2cb
-1f4
-3ff
b8
-250
-7a
-3c8
-28b
-46c
-147
-255
-356
-26c
2e0
32
19a
-425
-74
-3fa
3c
-3b2
-173
-553
-1eb
-273
5f
-1fd
-2ce
-d8
371
-b
257
-310
-a3
-54c
-1df
-320
-3ab
-542
2d
e
e1
20
-323
2bc
3c5
-3bd
30b
-10c
-2b
-3a5
-1d8
-1e5
-267
-317
-17e
13f
19e
15
-335
37d
357
-41c
3a2
35f
-a6
-580
-193
-18
-f5
-275
-1c6
-c6
ad
-10
-313
2f0
38c
-2b3
2f2
30a
151
-328
-46
-19d
-160
-4b4
-23d
-2e
-133
-93
-8b
22b
348
-43
2d8
b4
29d
-10a
-5b
-30
-3fc
-15a
-167
-ae
-146
23
-8d
16c
249
-84
197
467
81
-3fe
-88
-163
-2d3
3c
-1dd
-4cd
-28e
-bb
-3cf
-230
207
-9d
-37
37e
121
-3b7
1c2
-1c0
-112
-24e
-122
-29e
-308
-248
-1c4
-2f3
2e0
3e
22
-f5
105
-299
14d
-3e
-19b
-106
-171
-13d
-105
-e8
-3bf
-14b
158
58
b
3e9
-7a
-189
-29a
-1f4
2a1
fd
-1f4
-1f6
223
-4
-61c
-1d5
2e9
27
17e
-14
-26a
a
bd
-14a
17a
-6f
-bb
-431
-637
-571
208
-277
22d
1bb
ef
-3f6
d9
-373
a1
-637
24
-308
93
-df
-110
-465
-139
5d
561
-1bc
356
-970
-2c
-53e
-369
-418
4b
-254
-105
-a1
-1c4
-467
-94
2f2
3a1
-44e
333
-32b
-a3
-59d
-37a
-3d4
98
-338
-188
-6e
-14a
-4d7
-e4
2fa
38c
-481
320
-25e
-78
-5ca
-373
-453
7f
-36f
-196
-c5
-198
-4f5
-ae
35e
390
-41f
348
-22f
-23
-5b7
-34d
-43c
-2d
-373
-166
-4e
-195
-528
-bf
299
36a
-455
2dd
-19e
a
-58c
-2a
-59d
6c
-3e9
d0
-2f3
-29e
-5e3
-133
37e
26d
-3bc
371
-108
e
-512
1ea
-495
-dd
-35e
-68
-338
-413
-53d
-159
230
2a2
-36d
2a5
-1c4
33
-1f0
177
-20a
-30a
-484
-136
-264
-3f6
-1f6
-73
-1f7
264
-48
79
-192
a1
-21d
1f3
-dd
-22b
-1a2
-15a
-124
-379
-1b6
-29e
-2cb
21a
a
-43
-f3
2d
-2a5
33
-11
-ac
-1ae
-16a
-95
-142
-e0
-351
-bb
1be
23
3d
2da
-79
-f
-65
-7
-5
-6a
-1c2
-8
-a8
-a9
-406
-10
128
2c
15
3ba
-d5
28
1f
-2e
-23
dc
-233
-e3
-90
-8c
-4b6
58
11b
39
5a
40e
-111
-1c
95
-1cd
58
-158
-230
-1c0
-234
-11
-425
5
1c7
bf
12c
3b0
-123
-3f
14e
-3c4
a0
1a5
-134
-1e4
-42e
-289
-43f
-6b
184
109
158
1dd
-c6
-1b
297
-2f8
-2b9
-69
-20d
-35e
-472
-3f6
-2bc
-81
258
-2d
e5
-22b
-33
-657
321
-b2
-1bc
-13b
-3a7
-11a
-242
-32c
-2ec
-17d
1ba
94
63
-d5
-7c
-50b
174
-1aa
-d2
-353
-3fb
-60
-126
-260
-382
-4c
284
da
1a7
288
-115
-513
9b
-141
-9f
-1aa
-314
-283
-181
-10a
-3a3
163
1be
5e
199
3d6
-1c5
-350
-18
-26b
-20e
-46b
-127
-465
-d1
-241
-31a
2d
18f
47
2
5b
-13b
-21c
1c8
-1e0
-206
-4be
-228
-216
-2c3
-3ba
-27e
-15e
237
-60
59
-25
-d9
-368
10b
-161
-ea
-385
-1a9
-68
-26c
-1c1
-3aa
-7e
1cc
-a0
5c
2e3
-bf
-5
4
-8d
12
-f8
-177
4
-128
-13
-436
28
164
-11
2f
373
-f0
5f
-7f
-55
2d
-50
-1cd
-3f
-150
-d4
-42f
15
13d
-24
-e
3df
-140
-19
-7c
-a
2c
-33
-1ee
-66
-106
-f8
-41c
2e
13c
-2f
-13
421
-125
2
-25
-95
22
57
-1f9
-cf
-d2
-a8
-496
50
15a
3f
67
476
-151
-a2
-3e
-167
-a2
-137
-1ea
-197
-195
-4c
-388
f9
1ab
-16
f8
2e8
-f9
-257
-b5
-30e
-153
-137
-22d
-116
-2ed
-435
-404
9
25f
-17c
13e
-104
-16e
-503
-4e
-4b5
-19f
-560
-1c3
e4
-272
-68a
-386
1e7
3c7
-50a
1e1
-37d
-1c8
-5b8
-8a
-3dc
-c1
-683
-2a5
-a8
-ef
-55e
-3c1
475
2a7
-50c
272
e
-1dd
-410
1c
-347
-a6
-790
-17c
-226
-112
-4d3
-390
3b7
293
-337
224
-167
-162
-24d
90
-184
-24d
-820
-2e3
f
-37d
-3cb
-2dc
140
349
-2e2
12c
-264
25
-526
-66
-16a
-29c
-527
-2a4
1e6
-338
-418
-13d
172
2c1
-3a5
d3
-1e
4d
-5d4
-14
-534
-1c7
-6ab
-132
-6b
-389
-521
-34a
344
1fb
-6b2
d5
-18
-d7
-209
fb
-3df
-5e
-368
-1ab
-17e
-32d
-4ab
-4aa
2e8
19a
-5c9
bb
2e
-1a6
9d
9c
-ce
-75
-295
-2c0
-187
-10f
-309
-4ac
1ec
225
-1fe
3d
cd
-1d4
-7d
20
11
-ab
-108
-19a
-3a
-e7
-10d
-45d
59
161
-8d
25
305
-f3
49
-33
-26
45
-65
-1f7
-2d
-d7
-c4
-3b8
56
f3
-33
8
40c
-f4
-19
-13
-d
-2d
9
-1e6
-7d
-af
-a4
-51a
93
11a
-61
35
3e3
-105
3e
46
-1cc
dd
-80
-264
-211
-17d
43
-50e
3a
1e7
41
13f
479
-14e
-1c8
119
-38d
8d
-146
-23b
-3a6
-2b5
-4c
-3eb
10e
1e0
-f
183
384
-272
-b7
1c9
-726
-8a
b
-17
-318
-29a
-3cc
-3f4
98
216
-128
7b
-2af
-1cc
ce
2d4
-208
-94
-266
-15d
-2eb
-3c0
-46d
-2e6
126
300
-217
2c0
-384
-1ef
-d2
24e
-e3
-b3
-66c
-3db
-6a
-19f
-4ca
-26d
-91
315
64
295
-423
-e
-3b8
9c
-2ab
-7a
-4af
-2a8
e1
-a0
-3d3
-222
136
2b1
-10e
20e
-14e
31
-613
-b2
-147
-fd
-551
-26a
48
-11d
-310
-1f3
347
1df
-1d3
1d5
1f6
-31
-2e5
6b
-275
-209
-2d6
-155
-c5
-265
-2fc
-1d4
338
16c
-26a
dc
10a
17
-23c
ac
-f7
-239
-218
-225
-d4
-328
-275
-1d5
116
1a2
-26f
-41
9f
-cc
-267
13a
1af
-164
-14a
-256
-14f
-1e4
-280
-359
-c6
1ec
-66
-52
298
-108
-b7
40
-22
-69
-18d
-190
-d6
-85
-136
-445
-7
187
-2f
-32
304
-89
41
-55
14
-29
-74
-1ef
-78
-b6
-dd
-48e
-6
106
-36
-3
3d0
-101
11
2c
-87
-17
67
-314
-1e8
-1a
-72
-4e3
1c
17c
6e
c2
40a
-18c
-f4
cc
-186
-32
c7
-2f5
-44a
-212
-14e
-446
-121
19c
92
155
2a7
-202
-360
bb
-118
-d0
-6a3
-3b5
-603
-2c8
-1f0
-3c9
-36d
360
-10a
1a3
-3f6
1a
-487
-aa
-6b1
-2dd
-975
14
-6b7
-26b
-2db
-67e
-38e
436
-5cc
15b
-336
-b8
-37a
-47d
-9c0
-54a
-b3b
-c3
-2a2
-1df
-351
-a58
-12d
46a
-c0a
1de
-1f8
-129
-79
-305
-73c
-541
-669
-377
50
11
-5b1
-717
32d
3ec
-cdf
238
a6
-140
-3a2
-176
-2a7
-1a7
-500
-4c1
-283
-d3
-3e6
-507
fa
430
-80a
211
23
1a9
-358
27
-116
-294
-662
-287
-33e
-2dc
-241
-2c6
7f
460
-35a
196
7
2b1
-441
-1f6
-10f
-604
-b0
-228
-646
-1d8
-ea
-3b3
-f1
2a9
-2ae
17
381
-e4
-4f9
72
-3f2
-36d
-33
-1df
-814
-2c6
-36f
-5c9
-422
282
-2ee
-172
43
41
-3df
2b9
-1a2
-155
-4ba
-d4
-44d
-2be
-334
-30d
-300
36b
-cc
f
-215
6d
-1b4
179
-75
-1b1
-13e
-1ef
-18f
-c9
-dd
-3f7
-108
12b
c
-3a
31f
-74
-15d
-2a6
-232
265
108
-245
-1d5
21b
2b
-604
-1da
2f9
40
16c
-56
-264
f
19b
47
a9
-34d
-23c
-14f
-5b5
-7ca
ed
-bd
260
204
2f0
-222
169
-933
85
-348
2e
-6dd
-21d
a2
-1f3
-4fa
-193
1a6
4e8
-19f
3c7
-565
12a
-735
-342
-382
67
-7e8
-336
3
-b8
-4ba
-132
326
390
-250
2fb
-66
70
-6a0
-2c6
-2df
89
-89a
-30c
-1
-135
-4a0
-180
31f
394
-26d
2f6
2e
62
-5fa
-255
-328
5d
-8d0
-320
-8
-8e
-417
-169
32e
348
-196
2d3
-c
93
-629
-251
-2b4
56
-86f
-2a7
1b
-12a
-3e3
-142
314
344
-1ee
2a9
-31
d7
-5a6
-37
-36e
9a
-8b4
-1d5
-c8
-191
-358
-eb
392
2cc
-12e
2e2
6c
c6
-434
11d
-2b2
-120
-50e
-1bc
-11f
-338
-1ba
-198
2b1
27b
-17f
293
a7
8c
42
171
-1a7
-32e
-2d6
-b0
-1ff
-31f
-62
-15c
-82
1bf
93
a4
-71
f8
-2ba
1a9
-ab
-1f8
-15d
-165
-11f
-39c
-196
-2ab
-209
20a
-7d
-39
-11a
83
-25d
17
74
-b3
-15d
-147
-e7
-18a
-ab
-353
-c5
1c6
5c
14
308
-86
-18
-2e
-25
12
-36
-1ba
-1f
-bf
-b5
-422
-35
121
d
-14
398
-dd
-1a
-6a
3
-6a
-27
-246
-6a
-bc
-b5
-433
48
11b
b
79
429
-f6
-10
-ad
-70
-3
-1cb
-371
-dc
-1c3
-1b7
-420
-72
16e
56
104
36d
-13d
-22b
22b
-201
-117
f6
-30e
-209
-256
-409
-2a4
c9
1e0
157
1ff
1e7
-a1
-5e6
1aa
-2f7
-2af
-221
-129
-40a
-2dd
-34f
-1e5
-129
166
-129
-5c
-a2
-ef
-32e
1c1
-57
-eb
-103
-177
-273
-28c
-2e5
-371
-26c
155
4
-a7
126
-a9
-b9
11d
-be
4c
-1c8
-1a3
-257
-12c
-3c
-4a8
-3e
278
4a
174
328
-8f
-188
18d
-330
8f
-1de
-264
-33d
-293
10
-4c8
140
1b8
-59
148
468
-1f9
-108
18f
-3ca
-c0
-248
-232
-304
-243
-209
-442
-4
243
-3
-47
21
-210
a7
1a9
-31e
-176
-16d
-159
-16b
-2a3
-26d
-2ef
-12c
256
-141
-bc
-9e
-19f
-100
23
-37
-120
-1b8
-123
-71
-195
-10b
-355
-52
1b3
-39
-1
367
-f1
3b
-67
-20
-28
-30
-1f1
-9
-11a
-c9
-409
-3a
120
5
e
3d9
-f4
33
-53
-4e
7
-88
-1cd
-20
-fd
-fa
-42f
-9
130
-28
e
3d7
-11e
-32
-6b
-3c
-43
-66
-1ef
-71
-148
-dc
-40c
-18
12f
-1f
6
3f7
-13e
2b
-1
-cf
-66
-b
-297
-9f
-10b
-cc
-495
-19
151
18
38
44c
-155
-3e
-c7
-16a
-8b
-217
-39d
-114
-1ba
-1ae
-3e6
-65
138
27
50
391
-138
-285
-174
-24a
-c4
-2ad
-4c3
40
-261
-5ec
-399
-74
258
-11c
d4
1f4
-111
-5d8
-2c0
-44a
-a2
-482
-53c
fa
-113
-6a6
-386
1a2
262
-320
17d
f8
-1f1
-378
-1b1
-36a
-175
-380
-500
-57
-66
-5e3
-31b
3b9
1d9
-267
196
2fc
-19e
-383
-1c8
-399
-1b9
-33b
-31f
-19f
-11a
-547
-197
1e5
193
-1f1
9d
-ad
-64
-262
-34
-272
-203
-37d
-2c4
-130
-1f0
-5de
-26b
-4
21b
-1a2
5e
-1b7
-5f
-57a
-14e
-110
-1e4
-52c
-455
-a4
-266
-66b
-230
d7
20d
-21d
70
26c
-3d
-5e1
-18d
-3c7
-181
-4ff
-498
-a9
-2c0
-63a
-313
1c2
128
-325
12
366
-f6
-3fe
-10
-481
-31
-2c8
-3bc
-82
-240
-58b
-36a
334
fb
-31f
75
228
-166
-38
34
-1c3
-f6
-19e
-3cc
26
-182
-250
-43d
dd
159
-1a7
1
210
-1ac
c9
4
-39
-91
-18
-25d
79
-138
-dd
-417
-17
139
-2
-54
333
-11d
-13
-41
-2b
-1a
-9e
-1dc
-5d
-12d
-ea
-432
8a
11c
-2f
-6
3ee
-13f
4
-b
1
-9d
-27
-25d
-61
-e9
-c1
-4f6
7f
12d
-69
4
3a6
-128
93
a8
-235
-33
-116
-350
-10e
-11c
-23
-384
b3
1d1
7c
a5
371
-16f
-bd
-30
-3db
a5
-14d
-410
-a6
-420
-267
-2f2
-2c
157
-111
ae
109
-1df
-153
11d
-632
-14c
61
-2c6
-3e
-2c9
-641
-32f
1b1
323
-9e
243
-3d7
-201
-427
-13
-476
-1be
-34c
-14e
97
-247
-5ef
-1b0
2ed
22e
-3ce
1d5
-3e5
-1d6
-2cd
14c
-106
-159
-2fe
-258
222
-25b
-517
-a7
2ab
2ab
-261
23c
-4fc
-66
-470
c5
-20a
-16b
-306
-20a
1e4
-12f
-33e
-9c
32c
2d1
-342
20f
-37a
-99
-441
-c1
-28b
-1b0
-34a
-339
15a
-f4
-380
-fa
32c
21c
-348
16d
-ca
-171
-364
-10
-357
-205
-20e
-12c
-7f
-29a
-454
-da
2f8
19b
-313
121
36
-109
-39f
f0
-317
-1d2
-242
-af
-1f2
-2fb
-538
-276
2e8
d4
-37f
49
61
-16d
-19f
151
c5
-ca
-27d
-36d
-f2
-254
-3f1
-34b
130
19e
-171
34
150
-1c5
-7f
be
94
-81
-115
-266
21
-a6
-16c
-3ee
-24
140
-3
-4c
2fb
-fc
-7
-3b
-6
31
-9
-206
-6e
-9c
-d3
-449
c
fd
-23
-a
430
-ed
9
32
-b8
-3f
d8
-2ef
-1dc
-56
-75
-4dc
10
165
46
a7
422
-1ba
-a1
b4
-1d4
-8c
b5
-30b
-418
-245
-13c
-412
-169
18b
ae
125
31a
-207
-356
3c1
-207
-2d4
-599
-30c
-6e0
-4be
-315
-5fe
-2e7
2f4
-bc
1c8
-7f
-215
-7a0
f7
-41c
-343
-870
40
-724
-7c4
-639
-8bd
-7fa
40f
-47d
80
-1b3
-169
-296
-40c
-dbe
-2b6
-c1b
-26f
-528
-67a
-61e
-bda
-538
465
-8dc
aa
-53e
-2b
-30c
-319
-7b0
-39a
-64b
-978
-3a1
-2e1
-7a9
-5a2
5e
2d7
-7c5
a7
-2fb
-104
-554
11f
-264
-19e
-3b0
-7dd
-361
-1ee
-555
-281
-1b
3b1
-453
23e
-3b3
-45
-651
300
9c
-553
-608
-358
-4bd
-4f4
-3e0
-2e5
-172
3f1
-22c
12a
216
d1
-822
-53
-4e2
-4d1
-92
-47d
-b91
-534
-4ca
-423
-335
18f
-22f
-1eb
a4
-77
-63e
3af
-61f
-42d
45
-404
-79a
-3c3
-5a0
-416
-5f1
241
-148
0
-5ca
-1a5
-3da
47b
-181
-31e
-428
-21c
-317
-42b
-414
-34f
-498
31f
-155
-3
-399
-b4
-353
176
21
-207
-16e
-1ae
-192
-166
-d7
-437
-10c
13b
38
-40
30d
-82
-18c
-2cd
-242
29d
111
-246
-236
296
56
-61a
-1f5
2fb
7a
18b
-38
-275
-17
e9
-43
-156
-4a9
-11a
33
-1e9
-429
2d
10f
208
17d
2b2
-1d
100
-71c
14
-28f
-26c
-5e8
-121
11d
-113
-105
-1d7
269
3dc
-20c
389
-212
177
-40b
-219
-279
-270
-5df
-257
7c
18
-58
-16f
3ac
3b0
-37f
3a2
-78
da
-400
-1b8
-39e
-350
-551
-279
d3
a9
-4
-1d9
3f9
374
-4c0
39b
9b
aa
-419
-162
-400
-378
-495
-269
d9
8c
4b
-273
3cd
338
-57d
3a7
cc
54
-39f
-17d
-3f4
-314
-490
-232
d1
95
8b
-25f
432
349
-5d7
382
98
6d
-2ea
-141
-2ed
-386
-458
-21a
19c
af
5d
-225
39d
31b
-55e
341
1d1
6
-28f
-c9
-133
-41c
-181
-22a
93
-3
6
-242
2d1
2cd
-391
27f
4de
32
-2f3
-78
-161
-3e6
-1aa
-1e7
-398
-2ae
-13f
-2b0
-f2
21f
-150
39
309
1c3
-3d2
171
-146
-151
-268
-159
-1c6
-34b
-1f5
-204
-217
298
-5
a
-6a
14b
-1c8
31
45
-86
-192
-15e
-b6
-12e
-111
-322
-110
1b3
61
21
38e
-96
-61
-42
-23
1
-6b
-1b1
15
-ce
-de
-405
-29
111
-36
17
3b1
-c9
2c
-73
21
29
-ba
-1f9
-3e
-a9
-e3
-3fc
1d
110
-8
73
3f4
-c0
-55
-22
-10
-69
-14b
-2e3
-113
-6f
-1b1
-426
be
16c
86
df
3c3
-128
-285
14f
-179
-219
-1bb
-460
-251
-1b7
-278
-1bf
a7
16b
11a
158
30b
-192
-410
164
-40a
-134
-1e4
-fc
-44f
-34c
-3f8
-1de
-132
fb
-89
-c7
-120
-11d
-260
1ed
-141
22
-231
-99
-2a5
-2a8
-32c
-316
-153
25d
-ee
41
-e5
-127
-138
ca
2e
-dc
-31e
-242
-15f
-1f1
-9a
-2de
14
27f
57
13d
289
-c9
-3e
e3
-38a
c
-ad
-324
-24a
-3df
-10c
-2d3
7e
1a1
-d3
74
16b
-b4
55
2be
-78e
1c
66
-2e8
-243
-3cc
-397
-370
5b
24e
-135
e9
-376
-1d9
-f2
1ec
-38c
-169
-a1
-1e9
-df
-2a6
-32a
-37d
24
274
-1ec
3e
-168
-237
-1f7
1a
-4
-106
-19e
-188
-2a
-133
-14b
-3bc
-90
19d
-9
22
30a
-df
53
-7d
-4
33
-73
-1d5
b
-b8
-e3
-406
-3e
11e
11
-14
420
-bc
-30
-69
-5e
-49
-c6
-1ae
-20
-12c
-f2
-416
4
11d
-e
0
3ce
-13e
9
-7b
-2b
-25
-75
-197
-29
-134
-cd
-3f7
-14
12d
-2a
-f
40b
-12b
-9
-4f
-3a
29
-e2
-220
-a2
-f8
-bd
-41d
10
138
-5f
-8
441
-115
-3a
-52
-a8
-4e
-2fa
-26c
-92
-1d9
-20f
-414
50
13b
1
7f
37c
-158
-264
25
-d5
-d1
-481
-428
dd
-162
-3cf
-403
4c
202
-1a
f9
229
-149
-495
-9d
-1a2
-8f
-53f
-3e0
ad
-97
-27e
-398
136
204
-a0
bc
2c2
-17f
-32e
-b9
-1f6
-10e
-4f7
-557
-d7
3b
-238
-393
1b1
188
-5c
163
3eb
-223
-26e
-9
-289
-7a
-46b
-2e9
-f6
-11f
-444
-243
201
145
a9
1ac
62
-105
-41e
19a
-274
-1b5
-5f4
-120
-ce
-15c
-4e2
-1e5
19c
253
-219
16e
-ba
-2e
-4f4
b0
-123
-186
-602
-3cb
5e
-173
-366
-289
d7
224
-116
c9
293
-b0
-22e
-17
-e1
-10d
-4ce
-3ab
6d
-1ee
-264
-306
65
169
-80
2b
432
-104
-2c0
4a
-226
-38
-39f
-279
-69
-15f
-1a4
-407
fd
10f
-4a
4c
42f
-17c
-3
-6c
-ff
-47
-1ea
-139
-2d
-1cf
-c
-4a1
8f
132
-1e
5d
4ac
-132
-70
-132
69
-a9
-3c
-c1
-190
-bf
-f
-482
83
178
7a
-3e
463
-11c
-d5
-7f
-84
-5c
-b8
-172
-124
-eb
-de
-4d4
1c
16f
-16
-14
44e
-eb
9d
-88
-20
-33
-a4
-1e2
-a4
-18b
-ab
-45c
6f
14d
-3d
b
3dd
-f8
3f
-c8
-d0
-3f
-166
-3c8
-14c
-1d3
-e8
-437
-5f
11e
18
4f
466
-168
-130
89
-267
-22
-295
-3b0
-9
-2ea
-492
-3b9
23
1c4
3a
10c
1fa
-143
-567
-88
-32d
-f0
-477
-605
125
-1f5
-4f1
-315
f5
275
-1da
18b
6f
-16f
-5a0
-20f
-25a
-e8
-3c5
-509
78
a2
-4fb
-2fa
1c0
1bb
-112
10a
1e1
-1b0
-472
-1f3
-297
-180
-57a
-381
c9
-44
-570
-214
205
1a3
-286
148
2e6
-c1
-35b
-239
-327
-195
-428
-4b8
19c
-e0
-5bf
-20b
171
17f
-30b
cf
47e
-d8
-29d
-23e
-3f0
-197
-348
-5e7
1ba
-ba
-642
-236
205
159
-34c
94
3de
-17e
-403
-108
-4d3
-209
-3e9
-4a2
f7
-129
-644
-1f9
21d
12e
-30f
c9
3be
-16c
-4bc
5a
-4fd
-104
-36f
-248
-57
-21e
-566
-2e2
2b8
c5
-32a
67
2a9
-194
-36
4e
-124
-24
-206
-27e
-54
-2c2
-22d
-3a6
106
137
-19b
1a
2e5
-1b9
14b
6c
b1
-51
-24
-229
-f
-17c
-89
-3d8
19
124
78
-68
33a
-15e
-10
1
-1b
-28
-25
-1fc
-fd
-e3
-96
-4ae
9e
f8
21
-23
389
-143
4f
-16
-4e
-47
113
-2fe
-1d8
-d0
-54
-4d6
2d
182
67
7c
3c4
-1d1
-5a
df
-177
-88
116
-305
-48d
-1e0
-135
-422
-142
172
f6
f0
375
-207
-354
3d5
-3b4
-383
-15b
-464
-6af
-3c4
-1f1
-52b
-2d0
2ca
db
1d0
177
-202
-80c
1f8
-454
-335
-4e2
-163
-640
-8ad
-4f0
-616
-769
41d
-81
b6
-39b
-1af
-42f
19f
-72b
-1c4
-963
-180
-2e1
-692
-23c
-7ae
-527
4f0
-172
2a9
-739
-58
-297
d5
-42c
-196
-238
-622
-356
-26b
-30f
-25a
-b2
25e
-79
1c0
-315
-6d
-729
2bf
-208
-174
36
-5ec
-2b4
-2fb
-293
-5b
-2f8
389
62
2a0
-1f8
-b6
-648
44f
-aa
-54b
-3bc
-282
-4cb
-75f
-225
-9d
-232
31b
cd
1f7
40a
55
-78e
35e
-480
-47f
-23d
-412
-9e7
-7bf
-504
-1a4
-354
1ea
-71
-8c
-309
13
-7f4
5b3
-594
-3ba
-fb
-422
-54f
-538
-4dc
-1bc
-776
2a3
0
8d
-710
-1d6
-4d8
465
-1f0
-34f
-365
-1d0
-246
-481
-2df
-234
-454
338
-78
-9
-351
-100
-463
150
-20
-26f
-171
-160
-1b4
-21e
-bb
-458
-116
146
-3e
-3c
2a4
-d6
-14c
-2d0
-151
2e2
b8
-21b
-26f
245
1f
-66a
-1e2
318
89
18f
-27
-25f
-1b
-ea
-1ad
-3af
-5cc
2e
-387
-17b
-17a
-288
-4a
21b
-246
c2
150
e5
-424
-202
-633
-391
-6bf
-23
-ae
-bf
-c6
-6a2
ec
3d8
-8fe
210
74
102
-c6
-2c1
-58d
-423
-aae
-2f6
f3
-15d
-3df
-583
281
3ea
-cfe
2de
6f
9a
-1a4
-2b3
-713
-49c
-be9
-331
138
-21a
-516
-671
221
39a
-edd
287
82
63
-1c8
-322
-824
-422
-c41
-367
11e
-29f
-5b6
-68d
2bb
368
-ffa
250
1
73
-17b
-277
-881
-3b1
-c0d
-400
11b
-2ce
-5f7
-661
2a8
36b
-f52
251
72
7
-19d
-2d5
-800
-3b9
-931
-452
16d
-31a
-57f
-65c
2d3
319
-db9
1c0
8d
-95
-29a
-fd
-468
-45a
-2a0
-567
-21d
-a4
-440
-4a0
22d
318
-7fd
135
122
-bb
-3e6
ef
-2f3
-344
-381
-1d0
-61f
-2d9
-471
-3d4
-156
2d2
-40f
-61
-f2
12d
-309
1ee
-169
-156
-438
-12a
-32a
-356
-27c
-334
-22a
2ed
-80
13
-16a
b1
-165
35
80
-a5
-18e
-15e
-c4
-1a1
-120
-348
-f9
1a4
9
-1c
345
-b8
-21
-58
2
8
-7b
-1b7
-a
-93
-b5
-3f5
-2
11d
19
-2
39e
-b1
37
-39
7
40
-9e
-1b6
6
-bc
-d9
-413
1c
108
-15
30
3fc
-c9
3c
a
-c5
-5a
-2f
-2d2
-79
-63
-cb
-3e8
9b
14f
11
8b
39d
-10c
40
78
-186
-cd
-167
-502
-1f2
-1bb
-179
-22a
1f
c1
7a
a1
340
-1b1
-1ea
219
-3a7
-db
-102
-1dd
-1f8
-384
-430
-204
-85
182
a5
11b
-44
-d3
-2fc
161
-2f1
-167
-233
-f9
-6d
-2d5
-1bc
-2e7
29
23c
-204
14f
a
-da
-1f4
-5e
-eb
-207
-15c
-239
-50
-142
6e
-392
ca
20c
-7a
17e
416
-197
-1d9
39
-130
-176
-9c
-2fd
-6a
-3b5
-2b9
-3c5
100
1fb
-1d4
1ae
33b
-a9
-389
1e1
-556
-160
-25a
-2dc
28
-394
-36b
-320
1b9
28f
-24d
299
a4
-13b
-285
a6
-395
-b3
-1d
-286
83
-234
-21b
-3a1
e
207
-1f9
87
1ed
-127
-52
-3f
-7f
5d
-69
-139
-1c
-12e
-73
-3a9
2a
1bb
27
42
347
-5a
69
-63
62
16
-51
-18d
-8b
-e6
-d4
-40c
-1
11b
a
-2f
40d
-b3
21
-85
-9d
-e
-94
-1ca
-7d
-86
-dd
-440
-33
110
2
-57
403
-d9
-47
-69
-56
-4
-1c
-18b
-ae
-176
-c5
-41a
-29
12e
-6
-27
439
-120
-20
-4d
0
-11
-ab
-176
-e5
-17e
-cd
-46d
-f
110
29
-45
459
-168
3e
-80
-58
-a3
-4d
-205
-a1
-10d
-ee
-421
-2c
11f
49
-3c
3dc
-11e
-42
-3d
-5a
-6b
-50
-226
-5f
-f3
-f5
-46a
-1
13c
25
15
3c8
-137
-3f
-87
-8e
-78
-78
-24f
-4d
-cd
-dc
-46a
-6
150
6d
29
3fd
-167
-8b
-7c
-b8
52
-22b
-228
-e6
-7e
-111
-4dc
6b
161
17
e3
4bb
-12a
-212
-40
-21a
-a1
-40b
-252
-187
-217
-29e
-42c
15e
212
102
174
3db
-da
-60c
aa
-de
-22d
-2ff
-7c
-175
-1f9
-2ee
-496
b4
23e
-8d
b6
2ee
-114
-f3
a1
-eb
-141
-34e
-197
-50
-71
-15c
-43b
107
224
-131
a0
498
-fa
123
2
-c6
e
-61
-252
-cc
-fd
-131
-3c1
-5a
133
-14
-7
53a
-130
0
e
-76
65
25
-163
-b2
-155
-eb
-4a8
5
133
-2b
43
4d7
-112
-af
-74
-b7
-77
-43
-111
-288
-1b9
12
-5a9
9b
182
-14
23
4c3
-d6
-28e
-af
b0
-4d
-3c
-de
-346
-cb
-ab
-5ce
-f5
1ba
7a
-79
35b
-18d
4f
b
-94
b
-11f
-10f
-238
-8b
-19d
-5c8
-56
205
-74
-35
3ba
-ff
6a
-ad
-e6
6
-b8
-d9
-1b9
-181
-52
-4ec
34
1a1
-f
3c
4e7
-ce
-bc
-1c7
110
-174
-181
-8e
-183
-234
-be
-488
91
1a0
43
8f
5bc
-1a9
-330
-ba
-4a
-87
-256
-1f0
-162
-128
-239
-545
56
22b
-1e
138
4eb
-9c
-372
-7
-1cf
-11d
-422
-1a2
-bf
-108
-203
-437
166
1fd
-ff
155
47b
-109
-2cb
-1af
-30
-218
-3ed
-31f
-f
-124
-1d4
-493
164
1f9
-d3
10d
540
-156
-4b4
-174
-dc
-12f
-5bc
-2ac
-d2
-12b
-27a
-3af
151
207
-4e
ef
58e
-ca
-544
-1eb
-106
-1b3
-6db
-24a
-cb
-e4
-272
-40b
27a
222
-154
d5
639
-150
-421
-175
-12a
-11a
-5ea
-365
-a8
19
-2ca
-45d
1f9
1ea
-132
7d
5b6
-158
-22a
-9e
-21d
-f3
-649
-39e
-bd
-3f
-324
-3e6
15c
190
-12c
55
4f6
-137
-1a7
-8e
-254
-67
-3f2
-295
-86
-e6
-232
-407
12f
10d
-e0
14
3f3
-18f
9f
-12
-108
-77
-19a
-1cb
-8d
-1aa
-d3
-46d
19
11e
-9e
30
411
-1b8
ad
-2d
-37
-50
-99
-1aa
-8d
-1d6
-7d
-45d
48
12a
-30
-f
319
-19f
-20
-28
f
-13
-88
-1f6
-aa
-14e
-96
-487
23
12a
-31
1c
391
-19b
92
-5
-80
-4c
139
-336
-1b0
-10e
-7f
-4bf
-29
1a5
5f
c4
47b
-200
-ba
132
-12a
-9f
1bc
-2a4
-424
-28b
-16c
-3ef
-1a7
149
df
132
3da
-268
-38d
2eb
-1a5
-2bd
194
-554
-81a
-324
-240
-4af
-1d1
282
2a
20a
b8
-1e8
-55a
16b
-428
-183
-2d1
-1e9
-765
-2b1
-45c
-46f
-59d
319
18c
174
-552
-29f
-1d6
2cf
-573
-118
-7ad
-a4
-3a2
-1f7
-2f0
-58b
-381
42e
-cb
246
-6f8
-f3
-1a4
267
-34f
-20e
-1b2
-291
-29e
-da
-20e
-1a0
-18c
256
26
1df
-18b
17
-62b
2d4
-1d0
-18c
100
-422
-223
-334
-24e
-5d
-27e
388
-51
20d
-281
-c
-6a6
3a9
-138
-42b
-20e
-302
-588
-6ba
-ce
1
-99
2ad
de
298
25e
-28
-539
391
-342
-520
-186
-2b8
-938
-7ec
-430
-8f
-369
20d
67
-1a
-3bf
36
-827
615
-3c2
-38b
-d4
-302
-5c1
-53c
-4cf
-19f
-6fa
2f4
-4e
-6a
-659
-15d
-682
32e
-24e
-344
-461
-151
-3ac
-3ab
-26c
-2ce
-42c
364
-b5
4d
-378
-11e
-3c5
c8
-94
-1f7
-171
-196
-1a4
-155
-c8
-417
-16e
189
-29
1b
2e2
-a4
-142
-2d2
-163
2d6
c6
-211
-256
202
-4d
-633
-21e
31a
45
181
56
-276
-59
-2d
-ce
-381
-66d
66
-60e
-4eb
-565
-43b
-574
119
-3af
-e0
2e7
1c
-30b
-1e5
-aeb
-2eb
-b83
-219
-102
-3e7
-722
-86f
-336
33e
-9a5
150
-181
8b
-71
-23a
-6de
-2ea
-cba
-5e9
1bb
-4a3
-8ed
-5e8
76
2c0
-c0b
1b8
5
3e
-2e7
-2c1
-763
-2ef
-cf6
-6b1
120
-52f
-88a
-651
4b
293
-bc7
13b
b
8a
-31d
-318
-649
-2cc
-c35
-686
f8
-55c
-7d2
-5be
-29
2a6
-a4f
121
d
dd
-32a
-272
-5ff
-21a
-b9a
-6dc
d2
-532
-737
-54f
9
285
-948
127
9b
cc
-3cc
-1b2
-61c
-2ba
-877
-7c8
-aa
-512
-622
-455
aa
227
-716
4b
45
b2
-57d
71
-327
-279
-147
-a14
-471
-344
-4a6
-289
11d
1ed
-358
b4
-1ec
-6c
-6ae
357
-e9
-482
-bf
-51c
-48c
-2e8
-4d5
-249
-306
274
-62
7e
-3d0
-102
-4dc
2d6
-1a6
-2ab
-380
-1c6
-203
-39e
-2cf
-33e
-399
2e4
-be
7
-28b
-9
-25f
34
9
-e8
-178
-138
-aa
-1dc
-13a
-368
-124
196
-22
-21
37c
-d3
-48
-3c
2f
b
-71
-1a6
a
-c3
-cb
-3fb
-48
11b
11
9
388
-bb
1e
-48
-11
-16
-a0
-186
-1c
-ed
-bd
-43b
29
11e
3
2f
3a7
-e8
49
-59
-30
-2e
-9e
-1db
-6d
-109
-b0
-3d2
3c
123
-12
3f
365
-d6
3c
4d
-7f
-46
-1fe
-25f
-a7
-152
-16b
-3c1
81
e8
33
112
3d1
-155
-1e3
125
-1e8
-1b1
-223
-200
-50
-301
-2b3
-34b
13
1a1
17
172
159
-ec
-46c
-a
-1f7
-fd
-1d3
13f
-86
-393
-1aa
-4ed
-63
210
-308
103
1f5
-78
-1e6
-184
-1f4
-11
-5cb
-97
-1e6
-1c6
-29d
-565
1af
2bd
-3c1
134
1d6
-157
-28e
-150
-fa
-ea
-346
-18c
-148
-2d6
-55f
-5ba
1d8
23e
-344
8f
208
-11a
-480
-fd
-97
-312
-75e
-187
-228
-23a
-43a
-460
194
2c5
-2fe
cb
26f
-bc
-228
2b
-9f
-d5
-2f3
-25f
-80
-68
-1dd
-442
9c
203
-10a
10b
2e9
-c8
-11c
-b9
-8a
5c
-286
-f2
-1b1
-ca
-2b
-497
56
23f
-a1
fe
4ab
-5a
-10e
-68
-7d
43
-f6
5
-1b0
-98
1d
-52e
b8
1dc
-1a
a3
625
-a1
-141
-120
-181
-72
-c1
3a
-290
-ef
74
-5a6
e1
1a1
-71
12
4ee
-11b
-1f
-1f5
d
-138
-55
56
-1ef
-191
46
-4e5
bd
219
2b
b2
55d
-16e
-93
-107
98
-e3
-2e
-ca
-1a6
-13f
-7a
-5ad
-a
20a
a
d2
60d
-86
-258
-11e
32
-105
7
-51
-336
-22e
-8f
-598
-98
257
1e
81
420
-80
-209
-f2
4d
-61
-1de
-49
-29b
-17e
57
-5aa
-5a
263
6c
de
58b
-a3
-1f3
-1ee
-db
2e
-103
2f
-418
-1be
-24
-5d3
-e
258
94
4a
4ee
-125
-15c
-175
61
2b
-28a
85
-357
-155
-41
-640
ee
33b
80
15e
5ac
-175
-fb
d
-cf
-121
-1de
-68
-3fc
-b8
-156
-60a
a2
27a
51
cc
4f3
27
-243
-19
-11f
-1f4
-34
-10f
-33c
-33d
-352
-644
-1b9
290
-7d
82
1be
45
-281
-51
1c3
-252
-34c
-261
-bc
-168
-2f3
-45b
-12
2a7
-11b
6d
255
-8b
-1bf
1a
d1
-55
-10d
-2d3
-185
-72
-2a6
-474
-a7
1ea
-eb
-f
434
-79
-148
80
-1ce
-65
-32
-1ff
-1f2
-152
-122
-5aa
-2e
210
-76
52
448
-11d
-138
77
-11b
-11a
e
-df
-3f7
-296
-94
-59d
-44
f9
22
-57
3f8
-11d
-141
36
-c1
-95
29
-2a6
-435
-281
-2be
-58b
-21f
1c8
6b
-9e
48
-17b
-1b7
177
-de
-118
37
-246
-276
-158
-286
-55e
-182
253
57
-2
204
-19c
-259
-25
-109
-c3
19
-15
-2f1
-1f5
-107
-594
-cd
196
-85
2d
4c7
-91
-206
-1d0
-54
-165
-d2
-2d
-249
-1a0
-230
-684
-154
1fc
-cf
32
31f
-176
-174
-4f
c6
5c
-31d
-191
-2e2
-2f7
-2c3
-61f
f
2d6
-1bd
bb
23a
-68
-30c
-88
-59
-2
-3ed
-62
-324
-21d
-1f2
-5d5
56
30d
-1ab
a1
377
-b1
-18e
-15a
-290
-116
-120
30
-412
-1dd
-222
-76c
c
20d
-1da
-6a
32e
-116
-1d9
59
cd
-f0
-44d
-37
-3e7
-251
-281
-64d
b9
2df
-17c
5f
29c
-cd
-76
-6a
-e0
-cd
-3cc
-250
-27e
-2d7
-22f
-66b
-9f
23e
-13b
-29
34d
-c9
-47
-5a
aa
-99
-77
-1b6
-183
-14c
-272
-4be
38
269
-78
-40
26e
-129
-e9
48
-32
-5d
-244
-217
-1d2
-64
-22a
-4b5
6d
1f2
-e7
e
395
-b2
b8
-3a
-117
-87
-4f
-1ca
-6c
-d1
-122
-445
-97
154
-36
-21
3a9
-c6
-20
-45
-d7
-3e
-27
-201
-1e
-107
-ff
-46e
-41
11f
-42
-13
3fc
-13f
-a5
-82
-6d
-94
-8c
-1fe
-4a
-164
-f8
-476
31
127
-77
-20
3a5
-170
1
-87
-3
8
-77
-222
-65
-185
-ec
-461
-f
14f
-2e
-d
459
-1a7
88
2a
-a8
-16
13d
-340
-17f
-89
-e0
-4ae
-70
15a
7e
91
520
-236
-104
121
-1cc
-7b
193
-33e
-3f4
-208
-1c2
-3f3
-f8
11c
aa
102
3f1
-261
-3d5
301
-15c
-30b
130
-530
-77c
-391
-277
-426
-1a8
254
25
1c0
ba
-1e1
-4c6
1bf
-3d4
-198
-2b5
-1f2
-768
-355
-46c
-47f
-56b
304
14d
152
-505
-294
-159
338
-5aa
-f1
-763
-c0
-3cd
-1b8
-2d2
-5c0
-419
3fe
-6f
252
-70b
-155
-15f
2b4
-38d
-23e
-1a4
-276
-25a
-c1
-201
-271
-d2
226
-4
1c5
-24f
-41
-5f4
1e8
-1d0
-224
8e
-3da
-290
-32c
-1a0
-126
-220
38c
-2a
1eb
-3bb
-53
-5af
355
-ed
-3cb
-175
-309
-530
-5c8
-7c
-36
-e9
2f3
122
285
24b
b
-620
34d
-384
-4b3
-226
-27c
-8e5
-770
-3f1
-52
-3a0
1db
-18
-27
-2d2
8
-79a
648
-407
-368
-ac
-2ea
-59b
-5f5
-4cb
-1f8
-68e
2d8
-75
-61
-5fd
-166
-695
298
-1ad
-330
-451
-12c
-3c6
-40e
-1f5
-298
-45c
3ce
-9c
30
-38f
-f6
-3fe
ae
-13
-1bf
-bf
-17a
-205
-10d
-bf
-400
-181
1bd
7e
-c
31d
-c1
-14b
-2a0
-1ba
2aa
ae
-1eb
-242
25f
-5d
-622
-22e
305
2a
153
56
-27d
-60
172
-9d
-2d5
-4d4
b3
-4ef
-799
-668
-142
-669
106
-cf
-192
e2
103
-547
4f
-64f
-168
-7e1
-2e7
53
-430
-38b
-457
-46b
350
-167
188
-3d9
b0
-40
-d
-27b
-e3
-5fd
-636
27f
-3b7
-2e6
-28b
-18
20b
-280
17c
7f
cc
-31f
2c
-218
-b8
-593
-5d3
264
-396
-1d2
-2e4
-a3
1f1
-1fe
182
81
d0
-2a2
2c
-267
-5a
-4aa
-4e2
1c7
-2ca
-173
-305
-cd
1ce
-120
18f
6
b6
-315
4b
-1a3
21
-501
-3c3
162
-2c1
-13d
-2ca
-d
1cb
-164
192
8
ec
-257
166
-231
-15a
-32e
-42c
-a0
-24b
-134
-1d2
16
151
-8c
15c
15
10a
-51c
2f5
-294
-3a5
bf
-5d1
-3b3
-3b0
-262
-70
-8c
19e
-4f
12b
-266
b6
-9d8
3ba
-11d
-471
-74
-3c5
-3b2
-4f8
-34e
-57
-4b9
287
4e
33
-42d
-2d
-696
246
-1b6
-294
-421
-147
-207
-44a
-212
-294
-391
33b
-58
11
-218
2
-2c2
4b
-2c
-89
-13d
-17a
-63
-16a
-115
-31b
-114
175
17
-48
38a
-bd
-56
-5f
-21
-b
-5c
-1b7
9
-bc
-b2
-3d9
-1b
114
-7
-11
37d
-bc
47
-6d
14
11
-80
-1a9
-8
-c4
-b7
-3fe
-2
119
2
20
3c7
-be
1e
-5c
-11
-24
-9e
-19f
-8
-ba
-d6
-3de
9
115
3
49
3dd
-cc
16
1a
-52
-10
-89
-202
-36
-109
-ec
-44e
2f
11c
-18
43
401
-de
-50
-11a
-c9
-13d
-14c
-1e0
-47
-141
-170
-460
-c9
151
93
ad
441
-e2
-2e4
-152
-eb
-b1
-3f
-df
-f6
-29e
-450
-511
-a5
1b5
-148
66
3ee
-62
-4c9
-256
-22b
9b
-4bd
-38d
-406
-292
-490
-49f
aa
21d
-25a
62
167
-176
-375
-80
-1a5
-22f
132
-1fd
-472
-27b
-519
-558
d6
23d
-73
1e
1f9
-169
-3ec
-c9
-86
-14c
-3c6
-a1
-484
-292
-368
-546
-6
201
-1d0
-85
17a
-38
-364
-36
2b
9f
-1ca
-f6
-430
-205
-374
-630
-1f
1fc
-8b
1c
20b
-169
-200
98
cc
35
-553
-71
-34f
-1b6
-276
-5a4
9b
38a
-16e
de
26f
-7e
-fb
1ba
-2cd
1da
-1c2
-d8
-432
-1fa
-18f
-706
a8
224
-184
4c
298
-bb
137
-16e
-1d7
-d0
-328
-76
-3a3
-207
-d0
-5c3
4
371
-c2
21
284
-11d
-a4
-29c
-19e
-c2
0
75
-345
-1a9
-259
-6ba
-262
2e8
-8e
-6d
1fd
-9c
-282
-e
ed
-153
-321
-9c
-4d7
-143
-32f
-6d4
68
379
-100
ba
245
68
-2e4
91
b5
-be
-2a5
-1ed
-473
-1ed
-20b
-5f2
-1bb
31d
-64
22
137
-4e
-180
92
-43
-114
-27a
-1e3
-51b
-23f
-1d6
-73a
-18b
288
-bf
-74
2da
-16b
-180
-c8
48
-eb
-233
-281
-3f4
-257
-1eb
-61b
-264
327
ef
31
1cf
-dc
-27a
2a
-1b4
-c7
109
19
-37a
-15d
-2b6
-7bb
-20f
35c
-101
51
7a
-7e
-246
2e1
-161
-1e6
-333
-1d8
-3e4
-209
-3f7
-5ea
85
316
-f4
19d
-1c
-9b
-1dc
ba
-152
-1ba
-2a5
-115
-243
-435
-479
-3ea
-251
28d
-1a4
-37
-1e9
13
-46e
1f
15c
-2e2
-174
-1b4
-2d9
-241
-419
-35d
-fc
241
-cf
-ca
c3
-43
-4cc
158
2ac
-121
-1e2
-367
-2ba
-21e
-455
-45e
-58
1f7
-120
-64
bf
-7c
-1f2
155
-127
-130
-1d9
-2c5
-27c
-cb
-137
-538
-2
24d
-58
c0
30b
-15a
-12a
be
-26d
-1e9
118
-1e5
-430
-307
-183
-526
-135
cc
a0
19
3c3
-1f7
-2dc
129
-1ef
-1ae
-135
-192
-47b
-4fd
-2b4
-429
-2cd
24f
-1
41
-16e
-f5
-539
236
-128
-18e
-74
-fe
-1dd
-160
-182
-459
-d2
2b9
13
13c
1ce
-209
-433
-29
-7b
-126
-21d
-b4
-25a
-18e
-17b
-5d4
-3b
23f
-140
143
51b
-103
-238
-66
-293
-79
-1ad
-d2
-294
-78
-3c7
-65d
6d
1fb
-a2
2c
54
-89
-14f
fd
-13
-42
-2ab
-292
-320
-31f
-331
-3c3
56
2db
-c4
110
-8c
-d7
-362
113
-34
-110
-28c
-3e4
-3fc
-307
-32a
-542
-99
293
5
-17
230
-b2
-2c0
f9
-28d
-104
-4c
-4f
-4c8
-164
-38f
-59f
-d6
287
b6
3f
-c9
-71
-149
143
-27e
-96
-445
-298
-2b8
-28a
-322
-5a9
-191
25e
-a
5c
-56
-4f
-4e
1d9
-18c
-147
-167
-1c5
-16f
-3a7
-3c7
-36b
-1c
1f4
21
-6b
-db
52
-4b7
16f
-3f
-107
1d
-287
-1b4
-246
-34b
-3cc
1f
1f7
-c5
15
-137
-fd
-2d9
1a7
174
-157
-26c
-32d
-94
-157
-31e
-3f0
47
20b
-cf
-14
1b1
-137
-9a
2
-37
-96
-c6
-221
-40
-d2
-109
-3f5
-28
134
-44
-49
367
-c2
-7
-8d
-d5
-52
-88
-1fe
-4
-b2
-ff
-440
-34
105
-4c
-2f
469
-117
6
-87
-d9
-a8
-36
-25c
20
-11f
-10f
-46a
-6
10e
-66
-2b
3f0
-122
-12
-8b
-c0
-24
-34
-212
-86
-16a
-110
-452
-8b
12e
-18
-19
466
-1ca
4
1f
-56
5a
104
-2bc
-1b6
-122
-d8
-4c8
-44
174
33
92
52b
-25b
-106
eb
-117
-7e
101
-2e9
-465
-232
-153
-443
-bd
125
d0
10f
42e
-252
-32f
2fe
-1b6
-302
11f
-52a
-7b6
-360
-276
-465
-19f
23b
a5
1aa
10a
-1da
-52b
1e8
-36b
-183
-292
-1ee
-773
-361
-455
-455
-5a8
2e6
126
106
-468
-267
-19f
344
-57a
-130
-71d
-7e
-401
-196
-2fe
-617
-430
3e6
-34
21a
-732
-172
-1a5
24f
-335
-2be
-1e4
-2af
-24a
-128
-198
-310
-147
267
-56
1bd
-338
-59
-575
16b
-186
-1a6
be
-428
-2ff
-2ef
-161
-19b
-2a1
397
37
1b4
-38a
-65
-64a
2f3
-11a
-3af
-1b8
-303
-55b
-59d
-88
-49
-130
2f9
f6
28b
30e
-70
-59b
36f
-3ff
-525
-256
-24f
-879
-758
-456
-c5
-3b2
1a6
1d
-7a
-273
-39
-74e
63e
-3f6
-3d1
-83
-330
-602
-62c
-4ab
-20c
-5e4
2cf
-b0
-5e
-6c4
-11d
-6d8
28c
-1cc
-34f
-425
-1e6
-455
-402
-1ed
-1fc
-43a
3b1
-51
f
-3a8
-f8
-41b
153
-3a
-1a2
-64
-1c1
-1e0
-165
-128
-3ca
-215
182
87
-26
359
-10e
-154
-26d
-1d3
2b5
91
-1e5
-246
23a
-70
-60e
-221
2e2
3a
12f
25
-250
-74
1a0
-11d
-fc
-3b5
5b
-651
-472
-521
-b2
-447
5c
102
-d2
-1aa
-44
-16c
257
-3fc
-a4
-5cd
78
-14b
-73
-178
-48d
-2e9
330
-6d
1a7
-586
3f
ba
99
-4b
31
-29a
-1d5
bd
3f
-5a
-237
46
19e
-20
1be
13
f2
-12b
ca
-70
-d
-231
-1b8
9d
59
-49
-294
1
178
b
1ac
22
e2
-13d
af
-3f
78
-1e1
-176
5a
5a
-17
-278
8
18b
-b
1bc
-ab
ee
-174
91
-5b
43
-278
-162
5d
-7
-32
-249
4
1aa
-d
1c8
-a1
109
-131
1f0
-e4
-189
-19e
-201
-c0
-180
-24
-e2
3a
165
8
18d
-13
15b
-541
2b8
-163
-507
4b
-4e9
-3aa
-317
-16a
af
-1de
1b9
-68
d2
-20a
f1
-a5b
2c5
-153
-4b9
-c9
-32d
-413
-4ec
-2e5
-a
-523
2b0
-2c
-5
-39b
5
-6f8
225
-175
-328
-4ec
-14d
-30d
-46f
-22b
-2a1
-425
333
-5d
40
-201
-8a
-2c5
34
21
-66
-122
-15f
-c2
-203
-107
-35f
-132
183
-b
-3d
351
-bf
-29
-61
11
2b
-53
-1a3
-39
-83
-ab
-408
-a
11e
33
-1e
375
-9c
9
-75
-11
-16
-95
-180
b
-b4
-d0
-408
-7
118
-b
34
3d7
-cc
31
-71
-2
-6
-96
-1af
-1
-c4
-e2
-3f3
4
116
3
2a
3b3
-cc
17
-31
-26
b
-65
-1be
-31
-c4
-b2
-41d
21
111
-a
36
3f9
-c9
5f
-f4
-53
-83
-184
-2c1
-64
-d7
-191
-48b
-98
11e
61
66
464
-f5
-2ce
54
-6d
-77
-e7
-382
-181
-1c2
-37a
-409
76
15b
ae
11c
373
-dc
-542
e8
-27f
-10a
-4f4
-39e
-3eb
-25e
-361
-3c9
a3
220
-c7
82
6
-11b
-591
266
-31d
-1d5
-f
-345
-3bf
-204
-289
-328
-e5
20f
82
f5
-2e
-19c
-45e
bc
-2e7
-1ba
-193
-9c
-567
-2d7
-239
-455
-12c
22a
5e
5c
17d
-158
-3a6
187
-18b
-8b
-1ac
e7
-4f5
-316
-4a9
-592
-117
275
2
76
-28
-107
-12b
209
-128
-3
-526
-3d8
-2fc
-361
-2ed
-677
-bf
294
-68
f3
-16c
-df
-111
381
-10d
-c1
-49
-2fc
-1d7
-463
-2e2
-515
81
2e4
97
122
-62
-57
-1e5
-3c
-28b
-11d
-141
-2e6
-45f
-3e5
-1eb
-5e3
-19c
279
b9
97
7
-cf
-4d3
1a1
-3f
-113
a9
-ec
-372
-50
-438
-4b5
3b
38e
1ec
138
-26a
-37
-461
1f9
-166
-1ae
-1d3
-204
-461
-10e
-459
-523
83
1d2
9d
c7
-1ca
-4c
-a9
26b
16
-22a
-330
-1a8
-2f0
-2da
-31b
-3ad
-153
330
a4
11d
-99
5e
-44b
2b4
-24d
-203
-163
-1d0
-364
-298
-2a4
-495
-be
27f
a8
7a
-b7
-1a3
-240
cc
-234
-e0
-268
-205
-4f0
-447
-3b9
-554
-30a
234
166
1d
-ff
-10a
-582
2e7
31
-1af
-1da
-166
-294
-215
-505
-548
-aa
3af
d8
1ee
-2bb
6b
-4ab
2c4
-2f1
-20c
-3b1
-647
-348
-1f8
-4ca
-2fe
-3b
1f5
-1d
b0
-248
-ac
-34a
1f4
-22a
-2ed
-209
-2d6
-297
-30b
-480
-236
-26b
2c2
f0
19
-c3
-c8
-68b
1b1
-294
-190
-2ba
-14
-360
-192
-4d8
-1f4
1f
19f
-6b
-41
-fa
-51
-43f
146
-34
-fb
-25b
-26d
-256
-29a
-3ba
-3b7
-42
1d0
-f7
-d
-3b
-115
-102
142
7e
-12f
-dd
-2d4
-1b6
-1b7
-f4
-406
-5d
22d
12
90
38c
-131
-9b
b9
-246
-153
c6
-24b
-436
-242
-175
-288
-a0
157
172
df
32f
-164
-3a5
11b
-484
-1d4
-260
8e
-32d
-492
-3ed
-267
-247
221
-1c3
-21
-2c9
-49
-523
22d
-177
-11c
-3bb
-ea
-15f
-33a
-472
-2f9
101
345
-2df
17f
-1c9
-1a4
-132
-8
-1da
-a2
-533
-420
-205
-260
-49c
-3d8
176
2dd
-269
111
-ea
-217
-ed
19b
-35f
-9c
-190
-13c
-201
-67
-57b
-3f6
206
271
-4e
ed
-3e2
-106
-257
212
-322
-113
-4c4
-187
-1f0
-291
-3e1
-1a0
e7
28a
-1e8
17c
-347
-cf
-2f0
364
-1fe
-142
-2a7
-30d
-131
-2ba
-46a
-19b
cf
229
101
160
-18b
-d3
-2c5
209
-213
-124
-215
-1fa
-11a
-226
-32a
-1cf
-f9
2a2
cf
120
-45c
-f
-190
325
-365
-78
-21c
-21d
-6c
-269
-26c
-155
-9a
286
8a
178
-35d
4e
-413
202
-2a6
-1d9
-cc
-db
-114
-2f5
-38e
-1f3
-2
187
-76
d3
-9a
-6b
-47a
1d8
-2e3
-d6
-220
-a5
-d2
-235
-4b4
-28b
13c
193
-136
81
-115
-49
-258
fb
-69
-13d
-2d9
-2c3
-6d
-1da
-287
-387
d7
1a8
-111
0
1c7
-186
-3
11
73
-8c
-1c
-1ef
-2e
-170
-eb
-3e2
-4a
10a
41
-6c
3d4
-141
3f
-a8
-12
-20
-81
-1ec
-7b
-d1
-fb
-49d
-38
10f
-33
-5a
427
-117
-4
-a1
-94
-85
-3f
-234
-66
-de
-dd
-489
9
113
-2d
-25
3d7
-f6
-3d
-82
-b7
5f
-2a
-1d8
-8e
-de
-125
-48f
-52
126
-4d
-2
459
-175
-30
18
-a1
a
95
-2ee
-1b4
-104
-f0
-4ec
-38
17d
-10
80
4f6
-24c
-af
129
-c4
-63
161
-2e0
-435
-2cc
-121
-42d
-127
143
10e
103
42b
-248
-2e3
2a6
-173
-296
15a
-4c0
-7fe
-347
-237
-480
-18e
226
cc
1a6
134
-1ca
-4f2
24b
-367
-1c8
-1ff
-1bf
-80d
-377
-473
-488
-5c7
2b4
175
11a
-423
-279
-22d
326
-4c6
-88
-747
11
-49b
-1e4
-342
-687
-46f
3d8
-43
1d9
-7cd
-142
-14a
1fc
-2d1
-2ad
-321
-2da
-2a7
-5d
-159
-2f4
-f8
285
-1
1cc
-388
17
-59d
1c3
-1f2
-1e3
133
-446
-32e
-323
-164
-17c
-325
388
32
1bd
-388
-4c
-673
322
-163
-3be
-1c3
-2d3
-522
-5df
-a7
-4f
-1a1
308
db
252
290
-86
-569
326
-3ff
-528
-290
-2c7
-812
-6f1
-456
-ec
-3d0
1a9
3f
-8e
-348
-62
-6f1
5fd
-3e0
-427
-107
-347
-56e
-642
-488
-1be
-62b
2ec
-b6
-40
-69e
-bb
-773
29e
-196
-314
-468
-199
-418
-489
-25c
-18f
-4da
3a3
-5b
24
-320
-f3
-46f
199
-5f
-14d
-72
-19d
-1b4
-1bb
-14b
-391
-1cb
16c
41
-1a
359
-142
-153
-244
-18b
278
b0
-214
-23c
219
-41
-5eb
-1fd
2d2
59
11f
-13
-24e
-45
1ad
-11e
-f9
-327
b4
-66e
-44a
-4b5
-ba
-450
5d
eb
-e4
-1a6
-55
-cd
275
-41e
-87
-52e
ad
-168
-4c
-136
-49a
-303
322
-6e
19e
-58a
3e
124
9e
-16
37
-1fd
-18e
d1
1a
-1d
-23f
13
18e
-20
1ad
20
10a
-12e
e5
-44
63
-1cd
-1ba
a6
70
-12
-294
15
17a
-e
1c6
3
fc
-15a
b6
-4f
33
-20f
-19f
d6
7
17
-248
4
1b7
-1b
1d3
-56
111
-146
a1
-4d
33
-24a
-16a
fb
15
-20
-205
-1f
1b8
3
1c9
-84
ed
-154
1ae
-135
-1f4
-1ac
-1e6
-bb
-1d8
14
-c6
6b
173
-1b
185
1b
12f
-4eb
2dc
-121
-4ab
71
-496
-443
-3bb
-169
4e
-1fd
19b
-6d
a3
-128
e9
-9f1
30c
-1d8
-4be
-c5
-34e
-494
-479
-326
-90
-561
29c
-2b
-50
-37e
-55
-6f8
1f1
-1bf
-2e1
-4c0
-126
-316
-416
-257
-30d
-462
33e
-60
2f
-251
-d4
-2f4
43
52
-a2
-1ac
-13d
-d1
-215
-133
-35b
-13b
193
-1e
-11
341
-e1
-a3
-26
83
-5
-50
-1b8
-14
-e1
-c1
-3fe
-1f
11c
a
-3
36c
-99
3
-79
a
a
-8c
-1ab
-1d
-ad
-b7
-404
22
120
e
20
386
-9e
12
-82
c
-e
-8c
-18f
-9
-c5
-cf
-404
9
120
8
26
3b5
-cf
1b
-49
3e
0
-6e
-1a5
-1b
-ad
-cb
-405
-3
110
9
46
422
-c4
4f
-4b
-b
3c
-44
-291
-70
-4c
-11b
-404
8
124
3f
7e
421
-d7
-f8
ff
-128
-68
-d1
-39d
-167
-b6
-13e
-2cd
11a
136
d4
10b
3ab
-119
-32c
13f
-385
-195
-209
-2b9
-3bf
-26c
-2d6
-2b0
-83
19c
-6
19
-53
-151
-2ba
272
-309
-1fa
-1de
-36f
-35d
-34e
-2b3
-210
-106
2d9
10
c3
-e2
-1b0
-3e0
1dd
-3fc
-25b
-204
-36a
-39b
-224
-374
-1e3
-14c
25c
11a
a0
-ce
-1a7
-412
19b
-415
-dc
-1ff
-ad
-111
-26c
-41b
-231
-1e8
287
2d
9d
-393
-15c
-fb
344
-31c
-12f
-2ef
-158
11
-2eb
-2e9
-2a2
13
228
-3d
180
-388
-a0
-402
179
-24
-2ff
42
-426
-64
-376
-2cb
-179
4c
241
8f
155
-25b
-b4
-42b
2ca
-2fb
-20c
-236
a4
-1c3
-1d5
-341
-1b2
53
1f2
ed
161
-2b3
c4
-5d9
516
-49b
e4
-35f
-33a
-8e
-1a3
-4c9
-2fd
145
1d4
-77
23d
-5be
-9f
-26c
3e8
-176
-214
-118
-137
-d3
-1d4
-423
-1c8
197
2c9
36
1d6
-43b
-13b
-2b5
340
-1a9
-14e
-2c0
-1b0
-122
-2f9
-2da
-188
2b
278
-1cc
e1
-335
62
-326
35c
-1fa
66
-2
-2e0
-24e
-250
-400
-29e
142
254
-2d
22f
-1f0
-19c
-c4
348
-41a
-178
-2c7
14b
-32c
-280
-4b5
-443
-56
27c
-10d
1c1
-300
-1c8
-5a8
45b
-177
-1d9
-5b4
-20f
-1a
-360
-3f4
-2d6
159
2a0
-16b
2cb
-58e
-75
-2da
3cd
-116
-27d
-38b
-361
-277
-2e1
-31e
-156
bd
24a
1
10b
-383
-f7
-36b
2ee
-31c
-1ee
-307
-27a
-17e
-327
-332
-e5
-9a
288
-2c
122
-2ce
8
-585
31a
-257
-11b
-22d
-d9
-190
-268
-446
-116
10c
1f1
-5
131
-2a1
-10a
-1dd
20b
-234
-b4
-396
-237
-da
-294
-2d1
-35e
15
206
-264
8a
-109
-13a
-ae
102
-31
-af
-da
-304
-ef
-13c
-102
-303
-c
1f2
41
c8
35e
-15d
6a
10c
-213
-ab
-132
-3e2
-1c0
-1a1
-23c
-2b3
-65
c2
9a
e6
338
-170
-25c
cd
-3b5
-13a
-2ec
-1ba
50
-389
-59b
-22c
-fa
1da
-159
d7
-110
-79
-48d
-67
-3ab
-53
-441
-2dd
-7e
-3a7
-65e
-265
210
242
-30b
118
68
-10b
-158
1e
-23d
46
-280
-623
-49
-189
-5df
-31a
176
1c4
-10e
185
173
-1a9
-28a
1a2
-35a
b0
-12f
-350
94
-c0
-5db
-2e7
7a
1b0
-df
246
6e
-67
-2f5
175
-2f4
36
-364
-2dc
d3
-c8
-574
-1a5
48
177
-1b5
22b
1d9
88
-2ea
1c7
-2b3
a0
-23b
-2bc
32
-119
-4de
-1d0
16a
106
-cd
25e
1c7
74
-eb
1ee
-138
13
-243
-297
22
-137
-439
-166
-16
1a0
-41
252
-26
13c
-25e
23a
-279
-78
-45c
-285
dd
-1fe
-382
-193
-5f
1ee
-a7
22b
191
dc
-3cf
128
-322
-de
-310
-216
1c
-230
-45b
-21a
3f
fb
-8a
148
298
76
-38f
117
-2af
-116
-32c
-247
39
-195
-372
-2ff
e5
176
-13d
e4
176
-3
-b7
82
-16e
-98
-240
-266
43
-17a
-136
-3d8
-17
13c
-100
27
327
-ef
b0
-5d
-40
-2d
-3a
-1fc
-1c
-16f
-f7
-435
-32
102
-13
-2e
400
-17d
a
-69
51
-51
-ba
-1b2
-4b
-118
-126
-46b
-33
121
-58
-1c
3e4
-12b
-18
-82
-3e
-29
-c3
-21a
-36
-a0
-f2
-46a
-11
108
-43
-1
41a
-dc
-3c
-5a
-90
44
-46
-1e8
-7f
-129
-12c
-49e
-18
108
-4d
28
44c
-151
4f
3f
-db
-2c
a9
-316
-181
-94
-ed
-4f9
-31
15f
2c
93
469
-21e
-9e
100
-173
19
14c
-314
-40b
-278
-128
-3ca
-9f
125
c7
117
3b8
-220
-2f7
2c9
-113
-302
203
-4b5
-765
-39e
-255
-3ed
-1ac
219
ee
1c8
157
-1e6
-4f9
267
-345
-1ae
-13f
-1eb
-7d5
-34e
-445
-447
-587
27f
182
13b
-426
-257
-2ff
307
-4ae
-8f
-7a1
a8
-549
-254
-329
-63d
-3e1
3fb
-50
21f
-871
-10a
-d4
2c7
-23b
-33b
-2f7
-32f
-282
-49
-137
-301
-196
28f
61
1e5
-3be
29
-57c
200
-227
-1c6
126
-440
-2c9
-2f4
-174
-168
-350
34a
1b
1bb
-3b9
-25
-68d
2ee
-16d
-35b
-1c8
-285
-53d
-626
-ac
-a9
-1cc
317
c7
294
1fa
-8c
-4ca
2e7
-361
-4a4
-2ac
-24b
-7d1
-702
-441
-df
-3f3
1d6
5b
-45
-30e
-33
-6e9
628
-388
-3fa
-93
-39e
-54e
-550
-492
-1ac
-629
2a5
-52
-43
-605
-88
-819
2a5
-1f4
-355
-447
-18c
-412
-44c
-286
-15c
-4b9
364
-bb
-18
-299
-b8
-435
1f1
-75
-150
-98
-1e1
-1d8
-1f7
-140
-3a0
-212
16d
5e
-39
335
-15b
-153
-23a
-1ad
26b
ab
-1f6
-237
1fa
-1e
-601
-210
2d1
5c
107
-2f
-25d
-3a
19d
-10d
-fc
-339
99
-665
-44d
-4cc
-c1
-458
63
ef
-e2
-191
-3c
-d5
281
-41f
-7c
-546
a0
-15e
-49
-151
-488
-2f6
32c
-6e
19e
-588
4b
116
b4
-3e
a
-1ee
-1a1
ba
21
-1f
-24e
c
191
-a
1a2
13
fa
-154
b3
-12
76
-1e0
-17c
9f
-2a
3
-291
34
19f
-3f
1b7
-25
f9
-10c
9f
-68
25
-1fa
-1ae
63
3e
-12
-294
2b
1aa
24
1c3
-75
ca
-163
81
-ab
81
-238
-15e
93
39
-63
-276
3
1be
-3b
1af
-a2
d7
-12b
190
-192
-1db
-219
-20a
-e4
-141
2d
-c7
66
16f
-14
17f
3b
115
-525
2b4
-169
-474
e0
-468
-4a0
-46d
-190
45
-1b1
1a1
-b6
ce
-ac
97
-9b4
2fb
-1a0
-46c
-80
-37e
-4c4
-4c5
-337
-58
-57e
29e
-1b
-3d
-37f
-46
-6f0
1f7
-218
-2ee
-498
-ee
-32e
-3ca
-258
-31b
-489
374
-48
64
-26c
-a7
-331
68
30
-d6
-1f7
-171
-83
-215
-154
-343
-178
1ab
-47
-10
319
-11d
-a1
-50
2a
33
-c3
-1d2
-e
-c6
-e1
-3c8
-23
11f
-9
-1c
3d6
-d5
2d
-6f
1d
2f
-8a
-178
-10
-b3
-dc
-400
-4
12f
-b
25
3e4
-b0
30
-92
-b
-2a
-9b
-185
-2
-b7
-cd
-3fc
-e
124
-3
2c
3b5
-c4
c
-59
42
35
-9b
-19c
-d
-cb
-d2
-3ed
28
10d
-11
39
3c5
-ca
31
2
2c
7
-79
-265
-69
-dc
-d8
-3c8
35
139
1
55
3e1
-e1
13
b4
-147
-84
-105
-3ef
-1fb
-1a7
-7b
-2f5
101
e1
ad
8d
321
-10c
-ed
249
-41a
-ce
2e
-1c1
-2a7
-1ed
-346
-322
-73
15e
d6
ef
ae
-14f
-19b
165
-335
-f8
-28b
-433
-288
-42a
-2cf
-302
-bf
222
-fd
157
6c
-1a7
-30b
196
-1b3
-a0
-16a
-29a
-2d2
-28d
-353
-286
-63
245
155
1eb
96
-190
-28a
dd
-203
-81
-24c
-245
-82
-179
-41e
-2ea
-9e
277
-dc
1fa
-82
-159
-315
18c
-22f
-1a8
-30c
-ea
-41
-117
-3b5
-2f1
c9
24c
-18f
214
99
-c0
-2fc
-a7
-13a
-260
-34a
-391
-81
-ed
-394
-204
84
13c
-201
139
211
-18
-26f
13f
-fa
-145
-426
-213
67
-9f
-51f
-1a2
-7b
11d
-23
148
20f
-1a
-18a
2e2
-448
69
-4f9
-321
42
-229
-5d1
-2f8
263
ff
-221
17d
e2
-5d
-191
1a5
-3a3
-13b
-291
-43c
63
-17b
-439
-345
11e
148
-119
1aa
b7
-1b8
-1eb
161
-24a
-43
-1b8
-35e
167
-158
-4a1
-279
167
11c
-28
13d
1d5
-a7
-331
219
-3b3
-180
-165
-49b
24
-232
-570
-21b
341
184
-ea
210
107
-fd
-20d
116
-55a
-1f2
-101
-188
1d6
-1e5
-424
-1bb
10a
207
-271
13f
-2f0
-7f
-2af
2d8
-5cf
-117
-269
-1f0
af
-23e
-560
-18e
2b9
19c
-2c5
12e
-3b4
-b7
-2fe
2d7
-280
-148
-394
-2c7
-19d
-331
-62a
-2d6
1dc
1b2
-329
164
-207
-1ff
-2c6
24f
-1ca
-15b
-4e5
-2f2
2d
-1e7
-478
-367
155
1df
-102
188
20
-b3
-32d
255
-2ad
-a2
-236
-277
76
-26a
-3e3
-34b
13f
14c
-74
14c
18b
-12f
-cd
139
-20c
-75
-258
-26a
111
-2b8
-288
-3a3
3f
19b
-214
52
25b
-13b
94
2e
-8a
-52
-e8
-30c
6b
-11c
-ec
-310
3e
129
-20
20
3dc
-139
42
58
-f5
-7a
-256
-366
13
-1aa
-258
-393
37
84
-4d
75
373
-182
-2c0
3e
-12b
-eb
-381
-4a9
11a
-276
-433
-2a3
24
1d8
-32
fc
1cf
-90
-56e
e
-298
d7
-3d1
-29f
df
-a8
-39c
-236
b4
1b6
-5d
c6
451
-87
-23f
12
-172
267
-3fa
-297
139
-ab
-3b3
-258
-3d
105
-b6
15e
6e3
-6a
-1cd
f9
-166
2de
-3d8
-29f
2a9
f7
-39b
-154
5a
fe
85
1e8
67c
11d
-344
a0
-178
2d7
-3ad
-220
27c
104
-311
-10b
94
10c
-51
269
66b
230
-22e
6d
-220
313
-364
-e5
1de
164
-2a4
-185
173
ba
36
285
632
328
-171
116
-13a
1a2
-2dc
-142
28e
bd
-263
-106
3c
14b
32
2ad
5b1
376
-29f
41
-189
9c
-3ee
-165
1f0
-f6
-239
-162
94
10b
-5d
1b2
53c
2cc
-293
4d
-22e
-c6
-3c8
-13d
12c
-af
-1f2
-216
10d
ec
69
1b7
419
1cd
-2a2
10
-1cd
-8c
-24e
-14a
c9
-11a
-103
-32b
98
f8
-a4
10a
3aa
126
-85
-6c
-139
2d
-e1
-165
-26
-18c
-4b
-3f0
6d
133
-57
71
449
-5
-1e
-d1
-cb
-8f
-61
-174
-6d
-12f
-db
-445
28
109
-14
-26
3fd
-122
1a
-8d
-45
-7e
-b6
-1d7
-31
-aa
-125
-467
-35
f9
-2b
-41
3f3
-14f
18
-5d
-37
-c
-e1
-20c
0
-aa
-106
-45b
-25
101
-4d
-1a
41c
-10e
-1
-6a
-9e
1e
-55
-1e6
-77
-f5
-c5
-4ba
39
115
-33
19
3aa
-178
59
-1a
-9f
20
c8
-2ea
-187
-ef
-70
-4db
a
192
5
b1
3eb
-202
-55
11b
-177
-19
d2
-304
-3cf
-21d
-e7
-3a3
-a8
151
f2
11f
414
-20d
-304
30f
-217
-2c7
1f4
-4cb
-710
-30b
-243
-41a
-194
1f2
c7
1b7
1b5
-1f7
-50b
28b
-2ca
-198
-10a
-209
-80d
-3b1
-3ed
-45f
-4c8
28b
171
13c
-431
-26b
-321
2fa
-462
-134
-806
b0
-545
-197
-30a
-619
-418
3d9
47
1c0
-897
-175
-79
2c5
-24c
-2e2
-2c8
-2d2
-271
-b5
-153
-302
-155
29a
b
1dd
-401
5
-52f
19d
-1e2
-12d
e0
-437
-324
-2af
-152
-ec
-3d7
34f
66
182
-35b
-29
-693
302
-190
-350
-21e
-268
-4b5
-59c
-ef
-5d
-205
365
f1
2c3
20c
-55
-53c
2e9
-365
-477
-305
-1fc
-78f
-745
-439
-7b
-3fb
1e0
6f
-5
-2ef
-e
-6f5
654
-358
-439
-ad
-34a
-55e
-5df
-447
-1da
-59e
298
-5b
-29
-58c
-4e
-7ed
2a1
-1e6
-364
-401
-1bb
-422
-49a
-241
-143
-48f
337
-6a
-1e
-2b6
-b1
-426
229
-bd
-18a
-c2
-1c7
-1e1
-210
-146
-386
-1b9
16a
45
-3a
2d7
-167
-1a4
-228
-1c7
245
c9
-204
-254
1d5
-f
-629
-204
2e3
4c
114
-67
-29e
-11
1b3
-f2
-f8
-32d
9d
-667
-447
-4e3
-b7
-43d
59
e5
-dc
-1a1
-43
-e9
28a
-3fe
-80
-554
7b
-164
-44
-159
-48f
-2e4
324
-7e
1a2
-588
3a
131
90
-27
5b
-203
-1c2
d9
3f
-1c
-243
15
18f
-34
1b0
-9
10c
-149
a0
-5f
63
-20e
-1d7
d0
-1
-11
-22f
3a
1ba
-43
1cc
-1b
112
-127
d3
-c6
42
-212
-1f1
e3
3a
-1e
-250
-c
19e
e
1db
1e
df
-186
82
-9f
79
-1e4
-161
be
-4
-4d
-277
36
1cf
-46
1da
-aa
e3
-14d
189
-174
-18e
-224
-24b
-9f
-126
40
-b5
45
18c
-4
199
97
152
-52f
2ed
-272
-442
133
-44d
-46d
-436
-194
14
-1dd
197
-77
107
-3d
a6
-992
32b
-175
-411
-16
-2fb
-484
-5ca
-322
-44
-571
2a1
-62
-13
-401
-3e
-758
1e4
-1a3
-2f6
-530
-a7
-3a0
-3d2
-205
-2e2
-459
3b1
-1c
b3
-2f6
-8e
-33c
4f
-51
-58
-17c
-11a
-d5
-21d
-139
-365
-173
1e3
-3e
24
37a
-c3
-8d
-42
3f
7b
-74
-186
-33
-f5
-107
-3d0
-2c
12d
28
-24
3db
-df
e
-7e
-38
-31
-9a
-18d
-15
-6f
-ce
-3f1
22
116
-1
2
3ad
-d2
3e
-8d
-22
-24
-7f
-184
f
-9c
-c4
-3f4
-c
11d
-6
2a
3a5
-ab
29
-3b
-2a
-56
-99
-197
-f
-be
-dc
-448
b
10c
25
22
3e2
-ff
-2c
-17
21
-30
-94
-188
-bd
-17c
-80
-43c
82
119
-18
21
32e
-13d
-37
-61
-b8
-35
-1f7
-178
-1da
-1d4
-7d
-4f2
50
fb
ca
da
4c6
-1c9
-249
184
-22c
1a5
-40
5d
-281
-268
-1ee
-5aa
79
1f0
c8
1ff
262
-161
-178
51
-1f0
192
-32e
126
-217
-39b
-b7
-4ad
5d
2ed
-12c
1c5
1e3
-5e
-14a
23
-a2
231
-16a
1d3
-23b
-41c
-28c
-4fa
1c
30b
-9b
17e
130
-1
-263
-3a
3
163
-440
20c
-1d6
-3bf
-3d9
-4e9
4e
3c6
-236
18f
a2
b6
-38e
-8b
25
3
-50d
1fe
-279
-37b
-439
-4ef
1b4
305
-245
108
dd
a4
-26f
-127
1c0
-1f2
-6e3
-26
-1ff
-256
-3c0
-36d
1fc
21c
-1ab
121
1b7
da
-317
-99
126
-162
-593
-219
-ba
-15a
-39f
-2fe
13f
1c7
-1e
e3
29b
-b
-3a0
63
-60
-cd
-47b
-26b
-1d
-142
-294
-398
41
1b8
-63
c5
3e0
-61
-152
41
-241
-d5
-3c3
-288
51
-b3
-1b3
-38c
60
15c
-2d
97
3b2
-b9
-1ee
38
-1b3
-bc
-302
-336
ff
-17d
-260
-3a5
f4
15a
4
e5
36a
-134
-29d
-71
-ae
-171
-3b4
-4b4
4d
-1db
-268
-349
4c
11e
-70
b5
399
-128
-25f
-14e
-104
-17b
-4c4
-48c
11f
-1f4
-4fb
-24e
-36
14f
-98
ce
34b
-ba
-525
ae
-492
-58
-5c5
-373
3
-11a
-72d
-2c2
307
150
-28d
18d
1de
-fd
-3eb
b2
-3f9
-a4
-547
-370
f4
-192
-58b
-31e
205
171
-3be
136
269
-12a
-15a
-26
-145
-70
-350
-32c
143
-13d
-28f
-3a3
be
144
-b1
59
3ff
-df
-cd
17
-176
-64
-226
-284
50
-11e
-20d
-412
42
108
-7
71
46a
-11b
-12c
-11
-107
-5f
-15f
-1d5
8
-203
-17b
-434
5c
10f
-c9
30
38c
-16c
32
-57
45
-c5
-12a
-1c0
-8c
-1b7
-db
-3f9
32
104
-17
-45
3e1
-135
-17
-45
22
3b
-141
-26c
-23
-105
-157
-3d0
-2e
e7
2a
-38
4ce
-122
-f0
-8b
-2a
19b
-121
-30b
2e
-89
-201
-2a1
-b9
fe
4b
2b
5e9
-b8
-f5
-3
-a6
315
-7c
-1fa
e7
6
-25a
-16f
-11f
d5
49
65
7b3
3c
-63
3c
-2d
3f1
-d2
-137
150
35
-239
-115
-b9
a0
1
d0
7e2
136
-5e
87
-13
3a5
-af
-152
194
1ee
-184
-103
34
aa
7b
165
63e
23c
-aa
6
-26
3a6
-113
-128
1a2
1e7
-e7
-4a
15a
f9
37
1c7
4e0
3ce
-31
12
27
2e9
-11e
-a1
1d6
27c
-6e
16
151
e4
dd
1e3
489
4ce
-8f
56
-c0
226
-d8
-f5
210
285
-23
-65
1f3
a0
8f
1d1
398
545
-104
-65
-ea
af
-109
-98
115
15c
30
-e0
1bf
b8
64
168
2d0
4fd
-c9
-d3
-b9
89
-a4
-e7
de
145
1f
-1ad
a6
d9
7c
103
3d9
481
-150
-f1
-154
62
-f2
-c2
-12
2c
1a
-2d8
108
10d
a
fc
3a9
366
-189
-11a
-17b
-fa
-109
-9c
-cb
-1e7
4d
-3cc
152
16f
-5e
aa
272
177
-ab
-160
-c1
-186
-f5
-d1
-cc
-1e1
-b
-3f2
80
162
-f
1b
282
-5f
29
-c6
-34
-77
-8b
-1a9
-88
-b7
-ed
-46d
-26
113
-23
-5c
37c
-13b
-5
-52
-5d
16
-b5
-1f5
-58
-c1
-d6
-485
-b
110
-4c
-2b
3ad
-12b
23
-6d
-f5
-39
-69
-1ec
-9d
-9f
-99
-519
d
133
-10
12
383
-170
1c
-28
-97
3a
b9
-2a2
-1be
-15b
-53
-500
-1d
1c1
18
b5
416
-204
-6e
104
-145
-21
aa
-28a
-3ea
-23d
-f8
-42a
-aa
145
114
fd
46f
-265
-285
2d5
-202
-261
18d
-457
-70b
-2a1
-215
-449
-8a
1bc
8a
1b7
136
-1df
-47c
289
-2fe
-1fc
-12f
-26a
-83d
-35e
-3d8
-40a
-414
258
175
18f
-422
-276
-2f7
356
-43a
-140
-702
-1c
-545
-16b
-3a1
-611
-4ac
3b7
55
1d4
-83a
-16c
-100
310
-2db
-2f0
-2fd
-331
-2e2
-120
-192
-30a
-1af
28c
5
1d3
-3ef
-35
-54e
20d
-12c
-153
f8
-46b
-33f
-29e
-1cb
-100
-459
31d
9c
170
-346
-74
-6a5
328
-1a0
-36f
-20a
-35b
-3f1
-476
-10c
-82
-1d7
356
111
2bb
166
-4c
-55e
2e1
-3b1
-49d
-2fc
-1e7
-719
-6c4
-418
8
-3cb
204
66
0
-361
3
-6f5
671
-345
-3ec
-114
-362
-516
-661
-400
-1f2
-5a9
2af
-ca
f
-605
-54
-751
297
-1ca
-303
-38c
-1f9
-459
-4cd
-1f6
-fb
-471
366
-55
-20
-2f0
-7a
-455
227
-101
-1fc
-dc
-1c3
-207
-215
-148
-3d3
-1f7
18d
49
-3a
286
-168
-18d
-224
-1eb
23a
b7
-21d
-222
1a3
-37
-63f
-247
300
32
142
-4d
-2b1
4
1a9
-11b
-d9
-335
a2
-653
-41f
-4eb
-b1
-454
57
f1
-cd
-163
-45
-da
29e
-40b
-36
-548
8c
-143
-41
-179
-47a
-2ff
328
-8e
1a7
-545
65
13c
7f
-37
41
-241
-190
d8
-15
-22
-259
23
19d
-1e
1b7
35
126
-14c
8a
-34
22
-248
-1ba
dd
-4
-14
-230
f
1a0
-b
1c3
34
101
-144
ce
-7f
66
-200
-1f5
dd
77
-26
-290
39
199
-1d
1de
22
f5
-123
b9
-c6
37
-1cb
-1e6
10e
8a
-1d
-23f
16
1b6
1b
1d1
-6d
f2
-fb
1a6
-1c0
-15c
-1c9
-1fc
-53
-149
2b
-ac
-2e
173
5
17a
cf
135
-4f2
30e
-24d
-370
da
-41a
-427
-36d
-194
27
-175
17a
-a2
103
-f7
d1
-951
33d
-1c2
-3ea
-63
-353
-44b
-565
-2f4
4b
-4b0
2d2
-89
2e
-453
27
-75e
221
-19a
-295
-50b
-136
-2ec
-38d
-22f
-25e
-4c4
3bb
-27
7f
-242
-8
-3c0
bf
-42
-94
-163
-134
-4f
-1b4
-131
-31a
-105
1ce
-16
59
35a
-91
-a6
-3
d
-4a
-6c
-19a
6
-1cb
-c0
-3b3
38
11c
-2c
2
343
-be
26
-57
21
-32
-7f
-1a9
-1c
-ad
-82
-3fa
19
119
3b
-21
34a
-bd
a
-6d
-43
0
-7a
-19a
-2a
-96
-9f
-423
2c
12c
5
1e
392
-cc
13
c
-82
90
3a
-17a
-67
-63
-7c
-4db
15
106
36
1c
424
-111
-94
-73
-d4
12d
-75
-7d
-224
-153
26
-537
1f
17e
d5
57
4cc
-15e
-f2
-56
-113
33f
-101
e1
-352
-bb
36
-691
-e3
244
e7
11
4be
-124
-5e
-4e
-29c
635
-16f
192
-3a5
-175
87
-6c8
c8
355
17
15e
2bc
-2a
c2
-ca
-359
384
-174
374
-318
-1a5
-48
-665
23d
39f
-19c
14d
1b9
-dc
-dc
-22c
-1c8
11a
-135
278
-29e
-220
-21f
-66d
379
3d6
-384
d4
1bd
-43
-1c9
-20b
-101
1e
-1fd
167
-1d9
-1df
-2a2
-4bb
3de
373
-3b5
e
a3
134
-367
-22b
52
-219
-223
18f
-130
-25d
-29f
-359
412
37d
-2cf
4a
5b
237
-490
-2d8
2c5
-2cb
-21d
1d6
-1c3
-487
-217
-31d
2b2
338
-22f
57
127
31d
-538
-1ba
414
-dc
-1c8
1dc
-377
-331
-1c6
-34c
11b
332
-170
a1
2e4
328
-2c0
-6b
22e
-f1
-36c
-a7
-259
-27c
-250
-397
26
2be
-bb
c2
2f0
190
-12b
-54
-9
-16f
-164
-17d
-bd
-113
-167
-3a0
-ac
191
2f
-d
336
1a
-92
-78
-15b
-a9
-10e
-1b4
-51
-d7
-119
-40a
-72
13f
-34
-1a
3e6
-e6
58
-84
3f
-7c
-1c0
-219
-49
-119
-1e2
-3bf
2
c0
8
13
4b4
-13c
-269
-b5
a1
-c5
-3b4
-360
8
-120
-39a
-3b3
c8
118
c
35
41b
-12c
-4de
-30
-cd
-e1
-52e
-316
26
-149
-31b
-3a2
12d
12a
-bd
5b
408
-159
-222
-3d
-16c
1
-3a5
-281
-9
-fa
-1a2
-3c4
166
107
-fd
3a
3ea
-155
10e
-45
-81
29
-110
-1a6
-1d
-69
-92
-3f7
99
10d
-65
4
456
-f8
c9
-62
-a3
-1a
-48
-200
-1a
-14
-e8
-44a
1
fd
-50
-1d
3e2
-bc
-16
-82
-b1
-d6
-6a
-1d1
-12
-167
-cb
-416
75
102
-5e
-e
32a
-108
-33
-d2
a9
-79
-90
-1fc
-6f
-1ef
-114
-397
-dd
104
-1e
-58
4cd
-13c
a
-69
8d
25c
-12
-1d1
-59
-10e
-17d
-315
-17e
f8
55
-13
6c3
-c8
3d
13
2e
3e7
2d
-14d
51
-97
-1dc
-1f6
-179
e3
77
83
7cd
-3
-28
ea
-11
370
71
-94
e0
-c
-1df
-177
-a7
79
9c
dc
743
119
-c4
11d
3c
2b9
-11
37
ae
11
-118
-1a6
b1
73
56
104
44d
223
-112
ae
17b
2c9
-13e
-f
83
cd
49
-158
27e
e9
b6
19e
1b4
351
-105
90
17c
220
-198
-1b
9f
205
114
-39
323
117
155
1bf
fb
44c
-89
130
78
1a6
-183
8
e3
257
155
-53
2e9
d0
131
190
4a
4ef
-e0
d9
16
af
-148
30
af
1e1
26c
-de
3c2
c2
152
1b8
-61
52b
-de
-6d
7e
7a
-181
7e
49
1e5
2c7
-b8
377
105
156
1a7
-14
4cb
-f4
-5e
120
170
-d5
4b
7a
29c
1a1
-136
288
12a
99
1a7
1eb
501
-2a
-3b
-ce
a2
-184
-12d
7c
2bb
ec
-1e5
1e3
115
4a
147
1f0
52e
-c1
-113
-240
-1c9
-132
-13b
83
-b
cb
-2c1
160
156
-4
f3
12b
40d
-131
-1b2
-1a0
-1c8
-14b
-fe
-80
-1e7
28
-31b
77
175
-33
6e
1f4
159
-136
-ba
-44
-bb
-eb
-1a9
-82
-159
-b7
-422
-18
13e
-43
6
376
-f2
-19
-6c
-37
-f
-cc
-1ef
-30
-ff
-af
-461
11
127
-46
-b
3b7
-11d
1a
-61
-109
-3
-54
-1f0
-9d
-18
-9e
-540
-a
12b
-11
1e
3bf
-177
2d
-49
-122
83
f3
-2a6
-190
-151
-6e
-4bb
9
1ba
-e
d9
3f7
-20d
-20
f5
-ff
-48
119
-2b0
-388
-24d
-100
-485
-ca
146
f7
f2
497
-23c
-24b
222
-150
-241
150
-431
-6ac
-37f
-1d3
-3f5
-f0
1fc
98
1aa
14c
-17c
-439
2ce
-325
-232
-117
-29d
-7e6
-2e9
-3f1
-401
-4a0
23b
18d
188
-297
-24b
-3f8
32e
-47c
-10b
-698
-19
-511
-1d6
-415
-627
-4f1
3a6
-5b
1e4
-802
-1b7
-ae
367
-38a
-316
-378
-29b
-31c
-ef
-1be
-305
-17d
274
45
203
-424
-62
-54d
22c
-179
-cd
a6
-397
-2ec
-3dd
-1e2
-128
-430
2e2
-1b
181
-3de
-76
-6c2
352
-10a
-365
-21e
-2fe
-416
-475
-ab
-d7
-116
360
15b
2c5
146
-4e
-531
2b4
-3ca
-484
-2e3
-1b5
-6af
-5e8
-40c
-97
-3f6
1e8
b5
-3
-36e
-33
-655
642
-35c
-3ed
-154
-34e
-4b3
-68c
-44d
-1f7
-596
2b1
-11c
23
-5b6
-3d
-77e
2a4
-157
-373
-380
-1ec
-424
-51e
-224
-f7
-456
35c
-4c
2e
-2a6
-4e
-498
1f2
-fb
-21e
-bd
-1d6
-1c9
-217
-174
-40f
-229
19c
4e
-13
23f
-117
-1e4
-24e
-1f4
299
a4
-224
-244
1d1
-1f
-64e
-254
316
4d
170
-48
-2b4
-23
1b8
-10a
-79
-32e
7c
-640
-409
-506
-a6
-456
5a
f1
-ce
-148
-1d
-e1
2b4
-423
-2b
-546
71
-12c
-4a
-15e
-453
-2c0
32b
-8c
1be
-570
6c
139
87
-4c
6
-209
-183
e2
28
6
-239
42
193
-e
1ac
-d
155
-12c
ae
-72
7
-1ca
-192
c5
1d
12
-264
7
192
2
1a3
1b
11f
-171
8a
a
46
-235
-17c
b1
-47
a
-29a
11
193
-24
195
10
fe
-dd
a5
-31
36
-19c
-1de
bb
6c
-f
-274
-e
199
6a
1a9
-50
d6
-164
1ae
-1f2
-16c
-1e8
-1fd
-5f
-b7
9
-b9
15
14d
-19
159
5b
128
-504
2c1
-1e8
-397
4
-3ff
-39b
-3d0
-184
38
-14a
1a3
-f3
ff
-12c
c6
-8c1
362
-194
-404
-94
-3cd
-3c8
-4ae
-2f4
e8
-4b8
2a1
-e
4c
-383
12
-7ca
25e
-179
-28b
-42a
-10c
-29c
-375
-286
-22c
-43d
35f
-6d
90
-1da
e
-361
9b
-cc
-fd
-1cb
-16c
-8
-120
-100
-30a
-101
194
9
37
318
-6e
-a0
-23
-3c
-5a
-62
-1c3
d
-14f
-b8
-39b
e
ed
-c
-6
37a
-b8
-2a
-66
19
-29
-6e
-16a
-56
-11f
-aa
-433
12
132
-4
24
39e
-e4
-1e
-86
15
48
-23
-187
-a5
-a9
-84
-493
f
138
19
15
39a
-f1
-4e
48
-8c
17e
14
-105
-1e5
-90
-1f
-5ba
20
14e
f6
91
568
-13d
-aa
39
-1d2
4c3
-12a
57
-3d4
-6b
cc
-65d
-e2
209
164
4f
477
-d0
127
-3f
-25b
8aa
-10e
309
-4bb
-dd
133
-763
d2
320
e8
62
2b9
2b
298
78
-3b8
536
-453
3ca
-40e
-232
e1
-6c6
45f
4c0
-1cb
e2
a4
ab
-ea
a7
-56b
66
-3dd
27
77
-133
-ce
-649
43d
48f
-373
cf
-65
-16
ab
-108
-599
-227
-4e6
-381
2bd
-10b
-290
-47f
335
429
-558
-29
-234
4c
-1bb
-9f
-2d9
-239
-5c3
-36f
35b
-44
-2b1
-1fe
2a1
332
-418
-1b
-1fb
fa
-3e1
-15d
-195
-1d4
-63f
-23e
28b
-20
-2b1
-138
28f
297
-37d
53
-1f4
238
-37f
-1f5
1b6
-1f8
-41e
104
-24
-145
-358
-203
29e
27c
-26d
c6
-93
311
-433
-13b
70e
-1f5
-4c2
173
-1ab
-3a8
-4b8
-24c
219
394
-22c
1ac
88
446
-408
-6c
5e8
-1d7
-4fe
42
-2e7
-3c4
-35a
-281
18e
32a
-150
11
100
4eb
-3bb
-c5
31f
-1a3
-2a4
-89
-213
-2b0
-17c
-2d9
-24
278
65
-6
1c4
2e8
-1f4
-7c
-2b
-d2
-161
-18d
-d2
-b8
-156
-36f
-168
1a8
2f
-4d
35e
61
-e0
-48
-105
-e
-6a
-18d
-3d
-119
-144
-3d0
-c7
14c
-3e
-16
44f
-fd
-4c
-3e
-53
-99
-80
-197
-3b
-17d
-102
-433
2
10e
-69
-21
3e3
-14b
-15
-49
-56
-63
-ad
-1ac
-71
-155
-d8
-467
3c
11c
-33
-b
3b0
-15c
-22
-38
1f
-38
-a1
-1cc
-7c
-1b1
-fc
-41f
46
112
-47
-35
3e9
-163
-9
-53
55
-16
-4c
-1e6
-58
-14f
-dc
-405
4b
10d
-17
-5b
3ee
-10a
59
-39
-54
-79
-62
-1ef
-24
-69
-88
-479
58
112
-a
-54
387
-c9
-19
-dc
-c7
-99
-2b
-1eb
-28
-cc
-82
-3de
-27
11c
-2e
-2c
394
-114
44
-d3
3e
15f
-7
-1c8
-3b
-146
-176
-327
-14f
10d
a
-31
5f4
-130
18
35
d8
40b
e
-164
61
-aa
-202
-1e6
-1ae
c7
5d
25
78a
-a1
7
104
97
451
-7
-118
132
15
-1d6
-c6
-ac
b3
97
ba
708
ef
-73
209
-c4
27a
-16
-34
f1
125
-c6
-1e5
111
39
ce
144
44a
240
-220
148
-d8
221
-1a4
136
-f2
9f
175
-2ba
399
cf
bb
1d5
45
320
-275
-16
153
-18
-2f1
252
-1be
4
324
-251
536
193
75
16e
-1d4
382
-11a
6f
2f0
-106
-24d
cc
-20
162
2c5
-86
49e
1a5
140
1b3
-1cd
346
-d4
233
14f
77
-1e5
6
-e6
2f6
2a7
-1dd
414
162
86
1c7
-10f
4e7
-1f1
18e
-1a4
9f
-2ba
185
-22d
1c6
47d
-261
4e5
17c
11e
1b3
-246
4f3
-dc
-f9
-21
-17e
-231
241
-165
195
3f0
-30e
3cb
19a
bd
12e
-169
3af
5e
29
298
-35
-1a2
54
b9
1b7
1a0
-170
39f
1d9
42
20b
23
3b0
-59
73
269
a2
-1c4
-c9
47
37e
b8
-132
29d
151
-24
173
155
5b4
-77
b
-22c
-7a
-116
-149
ad
358
fc
-1e0
188
119
75
17d
209
66f
-185
-14e
-294
-147
-a4
-102
3b
-73
41
-2ec
a3
119
-5a
e3
1f5
3b2
-170
-193
-166
-115
-1d2
-116
-a7
-1b8
-4e
-3b8
6f
14c
-58
54
257
72
-87
-bb
-61
-bc
-11c
-18d
-75
-146
-8f
-430
-5
145
-16
d
374
-10d
-1c
-8a
-7e
65
-5f
-1f5
-75
-76
-97
-539
33
149
-46
19
37d
-15f
83
-7f
-155
b
97
-2e5
-17d
-89
-56
-47a
-33
1c1
68
dc
441
-22c
-72
10c
-115
-5b
1c2
-26d
-315
-287
-127
-4ce
-e6
11e
bc
10c
4be
-245
-25f
1f1
-ec
-24a
e9
-3df
-6f6
-3bb
-1ad
-3c5
-98
1f2
c3
188
13d
-14f
-4ee
305
-278
-287
-51
-2ce
-8aa
-2a1
-417
-45d
-46a
216
1aa
13e
-253
-25e
-46e
296
-499
-70
-682
-b
-609
-1b0
-40f
-689
-4f5
3c1
-41
17b
-7f9
-1c4
-34
3a3
-38e
-250
-424
-270
-356
-28
-19c
-31d
-207
2ac
4f
1f9
-473
-55
-5ae
1ca
-1e4
-db
51
-330
-313
-3f4
-1d0
-11b
-3eb
313
-60
179
-416
-9e
-640
2f9
-32
-3a1
-20f
-31f
-3f8
-45f
-b4
-ba
-1b6
383
195
2c4
1f4
-37
-4d0
257
-381
-473
-27f
-246
-69b
-5fc
-43a
-113
-3e7
211
c1
-11
-39b
4a
-6f0
5d5
-33d
-427
-165
-35d
-47f
-673
-405
-1a1
-553
2f2
-f3
2c
-63d
-17
-864
27d
-113
-389
-344
-208
-3db
-4a5
-233
-85
-438
327
-5c
-10
-23f
-3c
-49d
1c0
-a6
-18f
-b8
-1cf
-1cf
-215
-152
-3cc
-23a
1ac
22
-21
245
-eb
-174
-234
-1e0
2f3
7f
-1ca
-214
1f6
-11
-61c
-255
32e
60
194
-1e
-27b
-2f
1e7
-ec
-ae
-327
a6
-646
-41f
-4fa
-ab
-42b
56
f4
-cc
-196
-2f
-e3
2be
-43f
-a4
-566
7e
-146
-3c
-128
-489
-290
320
-73
1b7
-5f1
58
113
97
-b
-12
-204
-188
e3
23
10
-26e
11
195
-1d
1b2
-c
143
-134
b8
-74
56
-1d9
-178
63
21
31
-298
57
18d
-4
1a4
-19
13d
-188
70
-33
3e
-1ac
-121
77
-4c
e
-27f
14
18c
-1c
18f
-72
d8
-fd
aa
17
24
-224
-18e
34
-21
-13
-237
34
1a5
-5
1b0
-56
fe
-18b
1e4
-192
-15f
-1ff
-21e
-39
-d1
-10
-125
1b
139
2d
14e
91
139
-465
2b3
-26c
-380
-60
-3d9
-3db
-3e7
-154
1a
-e4
194
-d6
c7
-161
c9
-8da
389
-205
-3cb
-3b
-391
-41c
-453
-2cd
6d
-489
272
1a
1a
-373
-6b
-802
224
-c3
-293
-41b
-c5
-31f
-45b
-253
-253
-3e2
35e
-c3
72
-230
-35
-2da
3f
32
-6a
-1ed
-107
-c9
-10f
-b0
-31b
-c7
1cb
2f
2d
2d9
10
-a3
-71
-38
-65
-50
-1a5
-26
-5c
-dc
-3d9
26
115
-16
2a
38a
-68
-34
-1c
-96
-42
-61
-1fb
-1f
-93
-de
-443
-9
116
-a
2a
3d1
-b7
-6c
-21
-55
a9
35
-139
-14f
-ed
-56
-54e
-2f
15f
7a
5d
434
-159
-ad
118
-c6
3a5
20
-6c
-3d2
-7f
83
-692
-85
199
161
91
502
-1b0
b5
1b5
-21f
982
-1a9
164
-57a
-164
1cb
-7b1
112
255
1de
bf
252
-8c
1d7
21b
-2fc
542
-356
1f6
-401
-268
209
-540
4bc
581
fd
15b
-246
-32
-a6
20e
-64f
82
-2b2
118
eb
-34b
193
-452
236
535
-7c
3b
-263
128
137
-6a
-7bc
-1bd
-25a
-250
1a4
-31b
-144
-23a
207
4b7
-116
41
-385
164
42
-1c6
-510
-29a
56
-1e8
1cd
-b3
-20a
-106
1d4
340
-62
bf
-2ff
a4
-315
-14a
-1c1
-43
-4be
-345
8
a7
-2dc
-a9
203
38c
-f4
1cb
-11c
126
-528
-10b
-422
24e
-460
-242
1c
165
-232
-189
360
277
6e
130
-1b1
64
-323
-205
2
-16b
-eb
1eb
45
337
-46b
-c2
3a7
276
-17
14c
-e0
7e
-4fb
-26e
2b1
-2a0
-384
-8d
-2ad
-15
-5ef
-131
277
2a6
-10e
3d
-1da
2a1
-5e8
c7
9ad
-26c
-62f
d1
-307
-3f6
-413
55
94
357
140
47
-bc
567
-4d5
1a
641
-e3
-509
c4
-3ba
-459
-228
-e2
-24
2de
50
17
150
5f0
-37c
5b
206
-17b
-211
-28
-1de
-194
-1a5
-2e6
-a1
226
e0
-1a
252
26c
-1d3
2c
-128
-d7
-12d
-15f
-74
-b3
-14d
-40b
-f5
159
-3a
3
377
-52
-2e
-7c
-7a
-54
-21
-1b9
-3d
-12f
-f9
-44b
-39
10c
-3f
-44
416
-10c
-5c
-a0
-e5
-3c
-3
-18f
-ad
-188
-88
-4b5
51
135
3e
2f
4ba
-150
-106
-dd
-72
-9d
58
-71
-dc
-219
-28
-467
d4
156
-6f
44
483
-1e3
-106
-ab
af
-c0
-27
-f4
-dc
-1db
-66
-444
13e
178
-b0
68
534
-192
-f5
-2e
4a
-10d
-29
-146
-b8
-11
-71
-510
108
15f
-fb
-b
41c
-f3
2d
-b0
-bd
50
-98
-259
-76
-6c
-da
-404
-40
16a
-7e
1d
489
-101
9b
-6a
61
1c8
-d
-168
-29
-14f
-19c
-2cc
-ff
10f
3d
c
661
-158
-5d
dc
165
400
-31
-aa
7f
-ec
-1d4
-171
-af
b9
5e
4f
69c
-a3
3d
215
ec
310
-e4
-d1
102
f3
-15e
-11b
b3
60
e9
be
4e3
12d
-110
2db
-66
250
-5c
-42
-2
1d7
cb
-2c2
348
38
9d
184
17b
323
-248
1aa
-123
e9
-2d3
7b
-27f
98
3bc
-307
5c0
1aa
8a
1fa
-2f4
33f
-14d
22
-198
-1c1
-25c
1ab
-320
-12c
2e4
-384
39f
230
ea
fd
-482
34d
-77
9a
-144
-1e1
-272
1bf
-29a
-12
44
-1e3
3b4
225
-df
94
-43f
269
-297
495
1e6
d5
-413
-12b
-3b5
109
39
-352
4cb
1ad
-94
1bd
-23c
2d9
-148
2ac
-147
-14
-59d
33
-36d
38
31d
-2f2
443
228
-33
19a
-366
3a8
1f1
6e
-37b
-af
7
160
-1d1
e
be
-480
1b2
174
a1
66
-451
336
-8f
-25
14
-5f
-314
54
-1a7
-2
-167
-146
3ba
1e9
-226
f8
-2df
30a
-3c6
21e
44a
cb
-440
-197
-fa
1fa
-18d
-101
2ec
15b
7
112
-8f
41c
-c8
1a1
d9
4a
-3b2
-a9
a3
433
87
-19a
2b5
104
3f
174
8d
62a
-59
-e1
-1aa
-1cd
-123
-c8
1a
167
16b
-2ed
2d3
101
-25
b9
-108
564
-11d
-229
-153
-1ad
-1dc
-af
-bd
-136
e7
-335
f9
1a1
-14
4c
33
247
-99
-d0
-8c
-d1
-f5
-16a
-9f
-f6
-3e
-421
15
147
-4
-16
2d7
-a4
-8d
-c5
-55
-4c
-45
-1bc
-e4
-180
-6e
-520
27
169
-59
d
363
-151
7a
-31
-c8
4a
b4
-2c2
-182
-12
-84
-4d3
-69
1ba
c2
b7
421
-21b
-8c
c7
-11f
-33
15b
-2ef
-2d2
-181
-127
-4d4
-7c
124
77
106
4a2
-223
-1d4
1e3
-192
-27d
6b
-3ee
-722
-3af
-1bd
-33e
-10c
1cf
fe
16e
169
-147
-4e3
31d
-24f
-231
18
-2df
-89f
-3af
-411
-463
-485
1f8
16a
15c
-1bd
-24b
-48a
2b3
-3ed
-10
-69d
20
-629
-1fa
-3d3
-5da
-4ce
3d0
2b
19e
-841
-1b3
-34
3bd
-32f
-2f2
-437
-27e
-301
-6a
-17e
-309
-1fd
2cf
4f
215
-47b
-5e
-568
1ea
-251
-c0
66
-3d9
-27b
-307
-1cf
-97
-444
304
-28
155
-3cf
-5d
-68e
32d
-131
-2c8
-124
-2e0
-3ac
-349
-96
-ac
-1a9
367
194
2cb
217
-81
-530
209
-26e
-507
-219
-1d9
-69e
-65c
-36b
-dd
-33d
250
a7
1b
-415
2b
-6a5
53e
-2d7
-517
-18c
-39c
-4d0
-679
-390
-13e
-5a0
2fc
-56
14
-5aa
-4
-86a
29c
-1a0
-33b
-34d
-202
-407
-403
-28d
-be
-48a
2ef
-2a
-29
-171
-a0
-4cb
1f0
-f2
-10c
-ec
-1ae
-1e3
-19a
-19b
-426
-238
185
-10
-b
2a4
-135
-156
-24b
-1a6
2bf
64
-187
-23d
1da
-15
-642
-1c4
34d
34
1b0
-43
-278
-11
1cd
-101
-ee
-358
97
-643
-40a
-4d7
-af
-43c
53
ed
-e4
-1b5
-66
-c3
299
-437
-a4
-555
8e
-13a
1d
-135
-4ac
-2af
327
-82
1b0
-5ee
5d
132
a7
-30
41
-1f9
-1a4
ba
2f
-2
-254
30
191
-26
1cc
-11
128
-12e
af
-20
69
-210
-19b
86
f
14
-274
57
185
-25
1b2
-33
154
-138
af
-91
-18
-1a8
-1e9
ac
-1c
-17
-240
f
1ad
3
1b5
-6e
129
-199
be
-6a
31
-27b
-1a5
b9
-2d
-30
-1f8
-8
191
-24
18a
-48
109
-169
1f1
-13a
-138
-1ab
-23c
-37
-164
2f
-15e
8c
155
-a
159
84
117
-3ed
2d2
-2b9
-385
-77
-3be
-3c3
-36f
-cb
f
-109
183
-81
c7
-150
bc
-8a3
3bb
-28d
-37f
29
-3b7
-3ef
-42b
-2b5
-13
-4a3
275
-39
24
-390
-8c
-7ef
250
-11b
-2a0
-42d
-14c
-2c8
-416
-1e4
-200
-3b8
380
-96
71
-2ac
-82
-3a4
59
9e
-11b
-1f2
-f5
-a4
-1b3
-9e
-310
-dc
1f2
30
20
2a7
-62
-87
-78
14
-44
-b8
-1be
-c
-64
-b4
-3d8
25
120
9
13
397
-79
27
b
-54
50
52
-1c9
-5c
9
-bd
-4bf
35
f7
2e
39
409
-d5
-12
6a
-19f
16a
62
-17e
-263
39
-1d
-5ac
-3e
15b
d6
ba
430
-1b0
-56
14c
-140
6ca
-9
13
-45b
-f5
158
-78a
-35
209
153
124
39c
-1ea
1a9
3c3
-2b1
745
-151
289
-4e1
-30c
2f7
-6b3
3c7
466
2e3
19b
104
-2e
-ef
10d
-37b
-d6
-245
-1b5
-24c
-4a1
399
-3f1
1c6
575
386
ce
-137
6e
-1bc
33f
-5b6
-13a
497
-423
-104
-496
-25
-192
42
509
2ac
158
-29a
17d
-390
ac
-6d6
19b
12e
-3f1
-3fb
-2e7
-180
-31e
7c
3d3
f6
207
-2db
15e
-268
-2af
-f2
-470
265
-266
-2a2
132
-2dc
-1f5
11f
3e1
239
24c
-b2
-3f
-6a6
-17c
23
19
-1a5
-29c
-477
-71
-2d2
-1ad
-94
303
-ff
163
-66
255
-3fa
6
-473
229
-34d
-225
-446
-54
-2c3
-413
49
42f
18f
35d
-43
265
-54d
-218
-305
-33b
-48
-139
-352
37f
-411
-410
1ff
3c6
145
26c
-8f
-56
-655
-8f
b2
-27f
1d9
b8
-3d5
55c
-5fb
-359
-cb
259
114
9a
-ab
22a
-4a0
c8
491
-174
-33e
99
-534
-109
-4fc
-e0
-156
238
4d
89
-20f
3ba
-615
307
70d
-22c
-459
d7
-32b
-4b6
-3a4
86
24
236
105
-2b
-4f
5c3
-3cf
14d
333
-331
-38a
11
-190
-43f
-19c
-235
-18
219
36
e
d8
379
-246
-a0
fa
-284
-10d
-135
-65
-15e
-71
-3c5
-60
1d0
7
12
2c1
-22
-20c
-104
72
-71
7a
-e4
-203
-10f
-80
-5ad
-a1
1d2
-6e
45
4a7
-9d
-1ac
-c9
-137
c8
-ed
-9
-36e
-1d5
-3e
-686
-97
231
-c9
88
511
-3e
-18f
-192
-146
-71
-1cb
c6
-33d
-241
-a1
-67b
-f
212
-18b
7
498
-110
-87
-f7
-bc
-1eb
-2b4
-7b
-8d
-29b
-1ca
-601
149
210
-2c3
1f
4b1
-145
-183
-85
14a
-15f
-158
-217
-13e
-17c
-226
-5d3
144
1de
-245
-2b
354
-fc
1f
-33
-7a
d6
-251
-1bb
-26b
-156
-18b
-4c6
53
25b
-bc
73
44b
-e7
11
-81
-8
1b1
-d3
-81
-107
-130
-12c
-353
-de
147
-d
-10
67d
-1e4
-120
e0
1c3
361
7
-5c
-ae
-bb
-1e2
-23d
-73
10a
17
36
643
-94
92
2ea
dc
246
-171
-dc
52
191
-152
-1a4
16b
7b
b2
f3
2f0
1c9
-cd
2ea
-34
e6
-e5
-ca
-5d
158
1aa
-26c
3cd
85
129
1c4
-8d
42c
-179
c0
-1d7
-1d5
-1e3
79
-39d
2a
2ef
-371
309
ee
256
194
-3e6
4cf
-170
1f9
-29c
-1a8
-295
40
-3e3
-308
-53
-27c
1df
29e
234
2e6
-540
439
-5c0
27e
-1ca
-2e
-4e1
-7e
-2a9
27
-22a
-1e4
38a
202
87
219
-3b5
22b
-1ae
4fe
-6a
2d
-348
-23c
-21f
-52
-ae
-26f
48d
1f2
11
23c
-269
1ae
-180
210
-88
-b
-5a6
-206
-271
-192
163
-1d2
1e0
1f9
f6
173
-2c3
2ab
9a
280
-250
-21
181
-146
-201
-13a
-132
-2e3
19b
2a1
291
265
-3aa
328
-5e4
12f
-155
-cb
-337
e9
-2e2
-e8
-205
-67
220
143
-7c
146
-288
292
-264
2ba
24f
9c
-2e2
-257
-16a
cc
-24d
-b1
1f2
96
12b
97
-22d
2bc
-15e
2c6
22d
-54
-26a
-13e
-3e
29a
b0
-18c
2de
cd
fd
109
-188
4d1
-6c
6
-af
-26e
-16b
-c5
-68
20a
296
-2fd
30b
b8
d6
db
-236
55c
-108
-1ef
-144
-195
-179
-95
-116
-b2
178
-2e2
ef
17f
4
8c
-53
32b
-d9
-e8
-d3
-cc
-ae
-179
-80
-c1
a
-41f
1b
16d
2
48
2fc
f
-76
-c6
-f1
-57
-66
-1b6
-c1
-e0
-68
-49f
-c
14c
-2a
3f
37b
-104
-3
-19
-d1
79
b5
-26c
-155
-b4
-ca
-506
-81
1a3
2c
b6
460
-208
f
e2
-3e
-12
12b
-2e8
-286
-17c
-f0
-4ea
-65
136
fb
140
457
-226
-1a4
18f
-171
-285
-8
-3d1
-680
-2d4
-1c8
-2fa
-108
1d3
103
18c
fe
-15e
-568
2d8
-218
-208
53
-29c
-8bf
-3e8
-415
-3da
-47a
228
106
1cc
-1be
-1e6
-4b0
2c4
-3c6
-80
-678
64
-65e
-259
-3f2
-56d
-4fb
404
2f
1eb
-7c9
-163
-cc
3f2
-392
-358
-442
-23f
-360
-d1
-1d4
-390
-24c
2a8
47
1ec
-446
-aa
-593
1ee
-211
2b
5b
-365
-365
-373
-1e2
-dd
-40c
2ec
-3e
156
-3e7
-60
-684
352
-c7
-31c
-103
-2d6
-406
-2b1
-b1
-e4
-df
3a8
194
2f5
f7
-78
-4a6
1b6
-376
-622
-1fa
-21b
-60c
-5be
-38a
-e9
-390
247
e1
d
-3cf
68
-5f3
51b
-261
-492
-181
-356
-4d2
-768
-43a
-115
-60c
304
-85
29
-505
35
-8b8
2bd
-157
-2b8
-3bc
-24e
-40a
-441
-2db
-f6
-4a5
2e1
-59
-29
-e7
-9d
-4b8
254
-145
-106
-cb
-1f0
-1cd
-157
-1aa
-44e
-20f
1b5
1
f
248
-11d
-144
-250
-23a
28a
34
-1e6
-1f9
1ee
-14
-629
-1fe
355
1a
19e
-67
-278
1f
1b7
-f5
-c2
-355
86
-669
-44f
-4fa
-d2
-46c
56
ef
-f1
-199
-5a
-d9
287
-406
-26
-56c
6b
-145
36
-141
-49d
-2c7
343
-81
1a9
-5bd
75
136
95
-6b
7e
-22f
-199
e9
59
f
-22f
6e
198
-1d
1e6
-19
12c
-fe
9e
-24
-62
-254
-1c3
120
5
-7
-240
1
19b
-31
1c5
-2
10e
-138
b0
-63
4
-1ff
-21a
cc
-19
-20
-1ea
1b
190
2
1c3
-64
135
-190
d1
-af
c
-200
-18a
f1
-e
-64
-213
d
189
-2c
17d
-66
f6
-17b
1b3
-183
-183
-1bf
-212
-4e
-171
4f
-174
6f
148
-20
150
89
100
-408
28b
-25d
-338
e
-347
-431
-3eb
-f6
-27
-14f
178
-7e
b7
-145
95
-84a
3ec
-256
-364
54
-3c7
-3dc
-43e
-2d1
-34
-444
26a
-66
2d
-372
-2a
-7cf
286
-1f1
-38d
-3b4
-1b3
-29e
-3ae
-1e6
-1e3
-3b7
34e
-53
59
-2e8
-b9
-3c1
50
-4
-12f
-1a5
-165
-b3
-1ff
-f1
-318
-14d
1d3
-3
4
2ab
-eb
-69
-57
2d
67
-b2
-1d7
-5c
-6c
-c5
-3e0
-28
123
23
-17
39a
-ca
1c
29
-46
-7
96
-1bf
-b8
30
-99
-51d
2c
fe
5e
5e
429
-11e
4e
bb
-1ae
29d
c5
-17a
-1fc
11f
39
-61d
-8b
168
f8
12f
31b
-1d4
51
224
-1f3
711
86
-83
-41a
-11c
11b
-792
ec
2e2
d3
17f
191
-21f
72
34c
-2c3
282
-106
10e
-57f
-3ec
2ef
-3f7
231
422
302
b3
-8b
31
e6
38a
-3a6
-30c
-5c
-380
-1e9
-42f
-81
-2ba
-d3
3ec
49c
eb
-2aa
217
-44d
512
-28a
-125
37
-69c
-195
-38f
-3b4
-86
-28
40c
2ea
336
-4b7
12b
-71c
48e
-306
-83
-3a1
-144
-335
-392
-379
-32c
-60
44f
1cc
2d5
-246
1eb
-736
-226
-4f
-2ff
-3f6
-2b3
-462
-10
-27f
-308
-1c8
364
200
20c
-32c
9f
-68e
15e
eb
-17d
-4c3
-218
-3bd
5a
-579
-20a
-118
343
258
232
-3a4
1c7
-7b1
488
-16a
-ca
-8f2
8
-2ea
-3d0
-460
-2ec
-db
3ec
-164
417
-179
2f5
-5b8
-cf
-20c
-150
-361
-48e
-445
a4
-2e8
-2c6
-79
31c
1ff
209
-297
13
-5bd
305
-2cc
-1c8
73
-186
-3ed
3e9
-588
-32b
-81
2a3
294
1d0
-39d
c2
-7b9
293
-a4
-1a7
-690
208
-35c
126
-4fd
-12
-14a
2f3
-72
33
-3dd
21b
-5be
329
452
-33c
-45f
c0
-1d8
-44c
-44e
1b6
-25
1d8
17d
-85
-1f7
414
-33a
1b1
3ab
-2a6
-47a
6b
-1e5
-580
-1b5
-193
-3b
251
-3b
55
dc
485
-285
-1f5
1e3
-304
-15e
-74
-296
-254
-158
-466
-15d
1d6
72
-83
256
df
-2f0
-e3
2b1
-28a
-a8
-191
-25d
-ec
-262
-57a
-14d
294
-26
10d
39a
-56
-3eb
7b
f0
30
-228
-6e
-4ef
-176
-22d
-612
-218
278
-10d
11a
4e6
4a
-221
-a6
-1ff
d0
-2b2
28
-492
-340
-315
-714
-2be
228
-15d
1d
2e0
36
-66
-9b
-2dd
-253
-353
-228
-1c8
-2dc
-3df
-617
83
15a
-25d
-ad
d7
3f
-217
88
-3c
-30
-fb
-3cd
-245
-300
-2ec
-4fb
36
1e3
-185
50
d8
-39
-392
1d8
-f2
241
-351
-f1
-3db
-2c5
-da
-538
ac
2d8
-17b
90
44c
-1fc
-214
-6f
-97
1b7
-ef
25
-32a
-248
-bc
-4d6
-87
1df
-9d
-b2
5b8
-28b
233
258
-2e
232
1
-144
-ab
-2b
-2ce
-1bd
-f9
15c
35
-3c
351
-a5
-14
360
f2
16f
-1e6
-18e
8f
1a7
-162
-191
19e
77
53
da
198
208
-93
287
52
d0
-c1
-151
-4d
1ca
285
-25d
353
41
1b3
234
-21
482
-212
28b
-26a
-8d
-3d3
93
-360
1fa
260
-30e
4e8
14c
21f
310
-499
49b
-487
173
-428
-16
-50c
af
-272
-12a
61
-d1
220
256
8f
1c7
-645
314
-279
326
-1d4
-10c
-1a4
160
-1e9
-1cd
-2d4
-1d0
293
1e9
5c
1b0
-388
20e
-203
3bd
14b
-103
-383
-1f5
-248
-15b
-d0
-272
356
2bc
-6e
2fe
-381
241
-255
2b5
47
dc
-3df
-241
-2a5
-91
-88
-132
e3
224
2e2
20e
-339
306
-28f
3f4
-17d
2
-14f
-297
-1a2
2d
-9d
-161
a1
284
223
290
-25d
2ed
-5d1
29b
-1e2
-76
-2c4
6
-227
-e5
-67
cc
ff
140
199
15f
-25e
28e
-30d
321
89
be
-329
-52
-153
-d0
-a4
30
a9
154
107
11b
-31e
2e4
-232
2d5
1bb
-4b
-213
-77
3c
1b4
17a
-90
1c3
132
1a1
141
-df
495
-11b
84
-ae
-1dc
-16c
-af
82
1ed
2b4
-218
2fa
b7
ab
12f
-1b5
597
-eb
-186
-17f
-236
-199
-ee
-76
-67
184
-298
16e
161
11
d4
-73
37c
-f6
-fd
-ec
-bb
-fa
-179
-3f
-f5
38
-3a1
2a
166
-23
4c
2f4
b8
-4a
-b9
-e6
-1b
-6b
-1b3
-9a
-67
-5e
-45b
c
14f
25
38
373
-b4
-6
-4a
-f3
7a
89
-22c
-cb
-c0
-e4
-49a
-44
18a
18
d5
43e
-1e9
40
c9
-83
34
153
-286
-271
-138
-d3
-4d7
31
11a
e3
16a
492
-1f9
-185
130
-10c
-27e
4
-3d3
-650
-2fb
-1e0
-2fc
-116
20a
164
1aa
f8
-139
-53f
285
-267
-f6
-fc
-294
-8a4
-3ec
-3df
-291
-3d4
2eb
289
21e
-1a6
-139
-67f
1e8
-48d
36
-64d
1a6
-6e9
-257
-3eb
-3af
-3bb
4af
6c
188
-8bb
-a7
-113
3f9
-55a
-1bf
-380
76
-43a
-c2
-2b2
-2a9
-fc
33f
-14
22e
-5fd
-c3
-4a0
1ff
-334
61
-115
-1ab
-418
-3fd
-293
-11a
-275
344
-151
1db
-513
-f5
-771
356
-191
-243
-3ff
-1b3
-322
-39a
16
-5f
10c
43c
136
3ac
b4
-109
-4bf
1bf
-3c5
-406
-1c4
-ec
-62b
-452
-29e
-dc
-121
2b5
8a
-7
-3a1
-1c
-509
533
-39c
-3b8
-20f
-1f2
-539
-721
-3cc
-ea
-457
34b
-11f
26
-489
-b6
-679
292
-7e
-339
-3d8
-170
-41d
-528
-2d1
-118
-442
2e2
-69
-60
-113
-130
-41b
21b
-c2
-161
-cd
-21d
-207
-1a8
-1b6
-463
-225
1b1
4b
-18
1b9
-127
-13f
-231
-231
254
55
-202
-233
23d
-33
-62b
-208
363
5a
18a
-74
-25e
-50
1c7
-ed
-92
-324
8e
-665
-467
-50d
-a9
-461
58
db
-d2
-178
-33
-e9
2b3
-401
-3d
-566
83
-141
-3c
-137
-47a
-2da
32e
-61
1c1
-594
66
129
99
-33
1e
-215
-16e
c3
21
14
-277
61
1a2
-c
1c9
-1c
150
-105
72
-51
e
-203
-1ba
ab
3b
21
-25b
17
18e
-4
190
-54
11a
-133
89
-58
3c
-25b
-1db
de
4f
-f
-1fe
30
18a
-11
1b0
30
11e
-166
db
-8e
23
-1d3
-1d3
d6
-29
-50
-229
-2
170
-19
19b
36
f6
-194
1c4
-1d9
-169
-18b
-208
-98
-df
4d
-1bf
53
139
-4
149
f9
119
-442
28d
-2c6
-2f5
-ee
-2d1
-422
-414
-136
-5b
-135
17a
-7d
e8
-13b
8f
-830
397
-125
-358
-6c
-337
-401
-581
-2ce
-3d
-3fd
2ab
-b8
71
-3ae
23
-7d0
222
-156
-32f
-3f0
-176
-2e7
-374
-1e5
-1c8
-3d6
37d
-38
6f
-237
-28
-3f4
32
-6b
-d3
-191
-175
-cd
-218
-130
-312
-1e1
1ef
-c
22
33c
-d6
-b2
-16
3
-29
-72
-19e
-33
-131
-e7
-410
-a2
138
3c
-1f
3b6
-10f
-33
42
-20
51
84
-224
-96
46
-63
-51d
35
109
38
5f
3a7
-13b
17
21
-133
308
130
-23f
-23a
145
1e
-621
-80
173
f8
145
2de
-22b
a8
256
-223
450
1c2
-104
-333
-d0
83
-603
3f
39c
1a5
220
116
-1cc
-1d
30c
-3db
-c
-25f
10b
-2e3
-31c
-10
-26a
e
2c4
21e
135
-151
cb
37
48f
-3a9
-299
20
-2b1
72
-232
-2df
-160
-ed
2ca
34c
236
-4fc
279
-401
4ce
59
-143
10f
-510
bb
-2ac
-33d
6b
-dc
314
22c
30e
-421
17b
-738
41e
34
-1d3
-239
-1b4
-24d
-39e
-1c2
-15c
-123
359
1d5
35e
-18d
121
-37d
de
-da
-90
-346
17
-500
-20c
-1bb
-106
-164
2f5
1e7
18f
-3f6
23f
-41e
294
185
-11a
-280
-336
-1fe
-69
-4a4
-123
-223
387
338
302
-461
e2
-6f8
3f9
df
-2de
-5c5
-50
-2e1
-2ad
-2a0
-16c
-d3
314
85
2ee
e
1a3
-2f5
1b2
-1fa
-12d
-43a
-24b
-4a5
-21f
-262
-1a7
-174
347
17c
1cb
-2cd
1bc
-3e4
3ba
-223
-fb
-81
-43c
-39e
53
-32d
-15d
-1c4
2ca
2f0
307
-37a
-6a
-63e
317
-289
-ec
-5da
-44
-361
14e
-3ca
-4f
-17b
37f
e7
b4
-481
1d
-2ac
353
6a
-df
-3d9
98
-11f
-261
-27c
147
f
28a
14a
76
-349
261
-27c
1e8
27b
-30a
-3a1
c4
-1dc
-4c7
-133
-ee
3f
24c
8b
c1
1a2
305
-170
-e1
126
-1d2
-79
21d
-3b9
-32c
-296
-45c
-184
170
d2
-4f
11e
22c
-209
-2c
182
-1e5
-241
-20a
-275
-d0
-375
-4d3
-e6
223
c
10d
cd
3e
-42e
286
40b
20
-413
-210
-24d
-1b2
-39d
-2dd
-a7
287
1b
29a
284
30
-2e3
187
-12b
122
-561
-16
-280
-333
-33a
-372
-17c
307
-ae
18f
-c4
157
-15a
185
-1c6
-138
-21f
-10
-1b5
-2ab
-1e4
-33a
-31
192
cf
e7
-60
19a
-241
267
-1c8
20c
-212
-11d
-279
-365
-f5
-365
d8
1ca
-83
182
16d
103
-4a8
335
-274
226
-33e
5f
-389
-4c4
e
-45c
113
2f5
-117
115
305
-117
2fd
23a
-2a6
5a
-6f
-215
-1bb
-534
-287
-334
-d9
231
2e
-45
182
-11b
1bf
400
-61
e0
a4
-2ff
29
-1a5
-2f4
-22
-136
149
f7
-2f
-6f
-bb
-368
39c
166
147
-15f
-1ff
113
265
-67
-101
17b
86
109
a6
be
248
-cf
2fc
4a
f9
-84
-16f
-d0
2f5
2b5
-12f
453
59
230
254
-7c
498
-1b7
d9
-275
-148
-35e
-249
-434
dd
2ff
-164
2fe
138
19e
251
-3bd
4cf
-18a
a0
-42a
-f7
-19e
-20f
-37b
-85
-148
-158
46
29d
313
2c7
-436
2e1
-37a
2f4
-49d
-100
-244
e8
-1ec
119
-2ea
-15c
125
255
83
2d9
-92
201
-654
1c3
-1f6
14b
-179
-1a3
-299
99
-dd
-248
25f
16f
66
18e
-91
286
-1b9
2a7
2d
-c1
-308
53
-2da
-b2
-17a
-3d
10a
221
272
22e
-2a7
269
-244
421
-ca
3e
-26e
-137
-19e
-6f
-1a
-bd
178
204
154
304
-268
227
-3d4
25c
-18f
115
-34b
-2c
-27a
55
60
1e5
189
1de
1a7
250
-3d
2f5
-26b
3e6
-14d
1dd
-1cb
-20
-110
-8e
-111
106
-b
1cd
113
13d
-184
361
-1be
2f6
e9
-49
-2d5
-15
90
1c1
143
-3
222
14e
130
16d
-d2
48e
-ea
78
-e8
-2cb
-250
-13f
ab
1e6
2a9
-1b0
380
ac
af
10b
-263
53b
-80
-19e
-1a3
-2dd
-190
-108
-91
-39
1ff
-258
1d8
133
48
87
-147
31d
-72
-116
-da
-b3
-f3
-18d
-5d
-a9
5d
-380
52
13a
-27
37
27e
79
1
-77
-c3
-37
-28
-1e6
-93
-8d
-5d
-498
38
137
-11
12
2ed
-ba
-8
-5b
-ca
74
81
-255
-c8
-a9
-8f
-488
-1a
187
-2
91
3cc
-1a6
-3
ec
-7a
-2
bf
-30c
-238
-da
-c0
-4d8
19
10e
ea
11f
4a4
-219
-16b
d2
-1c1
-306
-5
-415
-5d3
-258
-24a
-243
-ba
1ba
17b
125
-89
-17b
-356
270
-266
-133
-224
-51e
-60c
-4b2
-493
171
-293
337
221
2be
-640
-d5
-6af
19c
-534
9
-2f6
-b8
-1b9
-375
-6cb
191
-215
53b
-b8
348
-d15
-5d
-660
291
-81f
35
-296
45a
-510
-182
-734
-b
2fc
446
-331
45b
-906
-187
-71b
ec
-4d3
66
-5cb
17e
-410
-395
-5c1
-11d
24c
461
-569
3e8
-757
-b6
-42c
3f0
-3b2
-85
-63e
-351
-20f
-2db
-1a6
90
342
42e
-d2
3b7
-30c
-60
-3b
488
-54b
23
18
-21d
-415
-4cd
-45a
-f0
61
2b9
21
16b
-38d
-5c
-209
536
-67d
-3bf
-144
-2a4
-4ac
-6db
-3fc
-1e8
-277
304
-1d0
16
-37f
-1b2
-692
23a
-240
-34f
-263
-120
-3fb
-4ba
-21f
-17e
-417
263
77
-d0
-128
-13f
-309
22e
-8e
-1c1
-7d
-184
-281
-203
-1b3
-453
-22f
1d9
4c
-13
197
-14d
-185
-218
-1c2
237
17
-1f0
-263
20b
-16
-645
-23f
356
58
1b0
-6e
-26c
-20
1e0
-e3
-112
-324
d1
-6a1
-471
-4ac
-f5
-3fc
70
cf
-df
-22b
-6f
-128
297
-427
-63
-577
f6
-19b
-4e
-d1
-4d5
-258
343
-63
1a0
-5eb
4
104
8d
3
57
-1e6
-ed
48
4
61
-2b1
b9
1bd
-23
1bb
-40
eb
-e6
52
36
4c
-1ff
-ca
4e
-4e
53
-296
87
1cc
10
1c2
-b
139
-e4
81
4b
11
-213
-13f
67
-3c
17
-231
1f
1a6
26
17c
3e
135
-18d
fb
-7a
5e
-245
-196
70
40
-1
-24b
4a
17a
21
186
92
10e
-142
1ea
-1ed
-3e
-1e9
-254
-30
-aa
c8
-189
a6
165
11
16f
b8
105
-33e
248
-3aa
-23c
-56
-2e4
-39b
-2c5
-c9
-61
-14c
1bf
-18
cf
-176
48
-7a2
383
-1d0
-2e0
17
-2bd
-3ca
-568
-273
7
-412
2ff
-b2
6a
-2e5
6a
-827
1ef
-72
-2dd
-395
-13e
-346
-424
-1aa
-18d
-3d3
38f
-3f
4c
-1c4
-14
-416
38
-7d
-11d
-19b
-11f
-118
-1d0
-106
-305
-171
1ed
6
-f
2ee
-dc
-a7
-34
-40
-5b
-73
-18d
-6d
-109
-f0
-43b
-81
11a
6
-42
3be
-113
-23
-1
41
48
8b
-246
-e7
-102
-5b
-4ef
57
139
10
5c
39f
-129
5
d
-86
23a
ae
-26e
-24d
130
-87
-5d1
-85
1a3
1a5
190
2ef
-250
-75
bc
-17e
1a8
fb
-34e
-1e3
90
-4a
-3d7
-54
380
196
24a
1c
-1ee
-1c2
149
-13b
-11a
-ee
-2e
-1b1
-284
-1c6
-c2
-10f
2c3
269
126
-149
197
-2f0
309
-22e
-1b7
-122
-9a
-1f5
-183
-224
-1bd
-51
2b0
1a0
1de
-3a8
280
-3c4
290
-9f
-1ed
1f3
-2f1
-172
-e9
-197
-1f8
-ab
232
23e
1c7
-22f
10a
-4a0
1d4
275
-27b
-200
-37f
-2e7
-2b3
-8c
-1
-120
355
1fe
2da
-140
94
-441
300
-35c
9d
-222
-8d
-453
-1d2
-1d2
-192
-193
317
258
1d2
-32e
200
-4a4
356
-2d3
-180
-dd
-cd
-3f2
-221
-1d6
-303
-6f
3cc
17e
1a8
-361
-44
-4d7
193
260
-463
-20b
-2ba
-3ac
-1eb
26
-f8
-f2
37e
2ad
20d
-ae
-69
-2a7
3b1
-447
fc
-161
-98
-521
-267
-1c7
-299
-145
345
165
1c3
-32e
1b9
-4d3
453
-3ea
1e1
-1e7
-a8
-66c
-221
-7a
-37b
4c
40c
e0
278
-14d
-100
-452
28c
-4b4
2ce
-385
-28
-544
9e
-2c
-387
-6d
3fe
207
-23
-2a5
-148
165
325
-33c
-54
-19e
10c
-154
-1fb
-c3
28
11a
3e9
16b
5b
-3b4
10b
-179
1f8
-a0
-3dd
-b5
-11f
-16e
-1ed
-1c
-f7
c1
256
203
12c
156
157
-19c
ae
-dc
-e8
-a9
239
-280
-338
-204
-31b
-197
152
74
b7
61
1a9
-ca
14f
-9e
8c
-287
1a5
-234
-57
-325
-54f
-32
18b
10
185
-db
fe
-a9
296
3ad
b9
-46c
-30c
-15b
-1d2
-39c
-231
1fa
1d4
-44
270
-14d
67
-18a
3cb
1e1
40
-5d3
-317
e5
-10e
-302
-1d5
51
2ce
8f
256
-2fd
e7
9c
2c2
-206
-16
-1d9
10b
-8d
-fb
-e8
-2c2
1f
1ca
2e
182
-e4
198
-25c
2be
-102
195
-396
11f
-14a
-36e
-59
-353
7c
1dc
-133
1e8
16c
1d9
3
36d
-139
1bd
-48d
-274
eb
-5c1
-cd
-206
10f
27f
-17
1d5
e
fd
237
41e
-303
-61
54
-330
43
-5d5
-1dd
-61
6b
21f
88
87
-237
-6d
-39f
478
aa
d1
f1
-190
3f
-376
-128
e9
-1e
15a
b0
-db
-d3
-77
-332
2fd
29c
10e
-1fa
-e0
4b
f8
8f
-c9
1a6
d2
19d
55
fa
1cd
81
1cf
129
38
-70
-27d
-c
344
22b
-7d
315
58
276
1ec
-40
428
-6f
159
-25b
-103
-203
-80
-193
136
-26
55
195
e0
268
2a4
-442
5ff
-3c2
180
-3e0
-1
-3bf
-147
-17b
-311
-27a
274
9d
355
-63
432
-6f5
58c
-7ff
362
-33a
3ac
-468
-e5
-101
-a
-29b
23f
1b5
2c6
-4c
363
-3e5
341
-2ff
2b6
-382
1ac
-343
-da
-254
1d0
-33f
69
3af
246
51
3eb
-1fd
326
-b3
277
-2f5
-ec
-382
101
-c3
96
-3bd
169
ab
1ec
146
325
-3e3
40c
-3e6
29d
-244
13
-3ba
aa
-5f
-21f
-1b8
138
118
28f
-13f
362
-3f5
46e
-404
451
-1dd
3b7
-506
-53
-165
2
-2bb
25d
2b8
20a
90
375
-30a
31e
-167
536
-222
179
-399
-b5
-2d
-a9
-2c8
8c
2f4
21b
-11f
291
-3a3
24d
-144
2e1
-15
-15a
-2e7
-d7
12e
c8
1e8
-bc
418
12d
bc
130
-328
435
-17
6b
-e5
-394
-20d
-18d
2b
169
3ac
-1f7
454
bd
10d
69
-417
48e
-5d
-1c5
-206
-2e3
-17d
-120
-104
17
275
-2d2
195
148
47
41
-151
260
-1c
-df
-b0
-9f
-8e
-172
-ad
-f1
6b
-3fb
5b
14e
-16
11
22b
0
-2e
-82
-9b
-61
-8b
-1d7
-80
-e6
-2e
-4a1
47
156
-4e
7
2f4
-e9
28
-71
-c9
58
28
-230
-118
-f8
-64
-4ad
35
180
47
76
3ad
-1b1
28
101
-101
-13
89
-2b4
-25b
-c4
-be
-51e
35
10d
c0
ef
445
-240
-170
30
-220
-213
-199
-358
-43c
-10b
-2bd
-366
-171
157
b4
11b
-113
-1b4
-38a
fe
-1e8
45
-626
-4fe
-36c
-446
-6c2
-22a
-29c
202
38
2a0
-458
-e7
-a54
da
-155
-60
-779
-4df
37
-4b5
-a50
-123
53
542
-1a0
511
-69c
d8
-cdd
173
-774
178
-836
-1d
-f5
-bc
-8cd
-266
4b0
439
-40d
50f
-409
-39
-550
-7c
-539
-5
-902
-19d
e2
-255
-64c
-1fa
2cf
371
-537
381
-209
67
e6
124
-3aa
fb
-570
-3d7
171
-322
-25a
19
365
24e
-105
28d
a7
c7
-12f
52e
-5ba
-b8
9e
-313
-1dd
-65b
-4c5
-133
33b
24c
-3
334
-14f
-2
-3b2
4b3
-515
-363
4f
-2ba
-274
-77d
-167
-140
-11e
25a
-1b3
fd
-151
d
-3c4
25f
-321
-29d
-21
-1e4
-322
-407
-159
-1c5
-38f
21a
150
-a0
-244
-6e
-3ed
265
-114
-1fb
-c8
-221
-213
-1da
-1d8
-40d
-269
1cd
9
-11
10f
-141
-10f
-217
-1cc
23b
21
-1cd
-22d
1ef
-1e
-61c
-250
36f
58
188
-6d
-265
-49
af
-1b8
-32
-1c6
1f8
-714
-591
-3d1
-6
-2ea
145
110
-b9
-375
-68
-168
222
-574
-14
-40e
338
-240
-e9
-164
-330
-140
46c
-f8
205
-8a4
-56
8a
-78
-199
7d
-df
62
-22
-a4
-f4
-15b
1d2
2aa
-214
223
-3a7
-18
-247
-6d
-19f
-7e
-70
c9
-42
-121
-156
-118
209
29c
-252
23d
-439
-27
-2de
-41
-123
-89
-b2
da
-ab
-1d5
-173
-115
22c
293
-27b
22e
-470
-3d
-334
-11
-19b
5
-fe
8d
-101
-1de
-140
-dd
2af
28d
-274
1f9
-504
-6c
-322
20
-292
-74
42
a1
-22d
-2e5
-101
30
2e6
265
-29f
19c
-4a1
-5e
-44d
267
-523
-12
-9
da
-63a
-267
-393
-c5
13d
244
-235
1d6
-3b7
-f0
-71a
38e
-410
-2be
-2ae
-2b6
-4ea
-440
-3de
-ab
-15b
2f6
-204
11a
-477
-115
-734
1db
-132
-3c6
-3c0
-10f
-2f0
-444
-1a1
-144
-2d2
317
-47
7
-296
-bf
-27e
62
-9
-13a
-153
-161
-12d
-211
-f1
-2f7
-190
20d
2f
-12
2a9
-10c
-8f
-18
-46
-8
-32
-19f
-60
-bf
-d3
-464
-82
119
f
-2f
396
-105
-12
1a
-5a
-32
52
-26b
-f6
-b9
-7d
-48b
50
128
f
66
3cf
-116
-2b
87
-98
1d6
7e
-2c1
-180
db
-100
-5cc
-a2
18c
130
197
2f2
-22d
-13
-85
-f4
103
-10
-43c
-16e
1e8
-117
-2f2
-7
314
257
29c
-94
-247
-35a
6
1f5
-1e0
-3a
-c1
-2f4
-1f4
-357
28
-e4
30b
304
208
-1d6
128
-50e
224
-8f
-101
-467
73
-3fe
-2c1
-232
-e5
-102
35e
e3
26a
-317
3ed
-400
1ce
-101
-168
-6d
a
-302
-128
-183
-1c4
3e
2d0
22a
264
-295
162
-469
-56
4f
-2d3
-469
-352
-3a5
-213
-7e
-7a
-8d
392
ce
2d5
-1c9
f4
-481
613
-27d
6d
-1dd
6e
-34b
-218
-37d
5b
11a
378
1e1
3ee
-2b4
256
-476
3c7
-65f
-185
-29c
59
-4d2
-1d3
-1e0
-44e
b7
346
-155
28f
-2b5
9f
12
dc
-1dc
-3b0
-1e3
-3fa
-29a
-dc
-ec
-26f
-224
2dc
24f
228
-3cc
c0
-4f1
784
-295
77
-44b
-be
-3f4
-306
-3c2
-d1
196
416
85
489
-3be
248
-5de
62d
-6a7
3e8
-50c
-22f
-5e5
-3c1
3b
-4c7
148
404
-312
278
-18a
-a4
40e
4d4
-866
4e2
aa
-2d3
-343
-14b
48
-3ce
9
472
244
-e2
-49a
-a3
bf
442
-55e
-2b6
-37
-35
-7e
-32f
-22
e2
19e
42a
153
-62
-548
aa
-206
1cd
-218
-422
182
-36c
30
-d1
45
-18
1f
241
2e2
d2
3e
f8
-b2
-1
-1a1
-198
100
-68
-6a
-bb
-2c6
-b2
-248
16e
1ed
9b
-fe
af
-22c
21d
-1bb
95
-241
287
-11f
-39
-376
-3c8
31
19b
-2f
218
-196
165
-143
fa
39
1b7
-47d
-ef
-10a
-e3
-212
-303
204
130
49
26a
-110
b0
-c
2de
195
61
-1b9
-29d
153
-17d
-216
-260
135
1e9
117
224
-181
107
-105
26f
-b5
d4
-108
53
c6
-4f
-27
-270
c3
1dc
61
1f9
-ec
181
-186
189
-89
15a
-3e4
-94
102
-1d5
-21
-1d3
19e
163
-56
1a7
66
1c6
46
2f3
-19f
c4
-226
-3bd
14b
-340
42
7f
29f
1d9
160
fc
-115
1a6
-27f
469
-36c
4
1c7
-1c3
-13f
-40c
-1e
10f
155
15d
f6
-84
-be
-99
-2fb
396
-f4
e
a0
-66
-127
-3ba
-109
-26
69
e0
9e
-bc
d4
-19d
-14
2f0
240
94
-121
-1a8
78
1f
37
-166
144
75
192
-20
ba
62
5a
16c
233
e0
-1ab
-2a6
-13
32b
11e
-132
32e
-19
1be
168
-95
2c6
-f9
fc
-42
26
-348
-28c
-5
44e
-132
-8
292
ea
237
31f
-30e
4ca
-498
23
-181
136
-678
-d1
a3
-10
-326
309
1ce
1fe
-127
362
-30d
57a
-444
290
-257
27e
-55c
-fc
14d
-fc
-4eb
1c6
3f3
17c
-93
3b2
-d
40c
-2b7
325
-1f0
12c
-46d
-32f
1d8
a2
-34a
b2
3d3
1a3
-bc
3f1
-25d
43b
-1a1
211
-23f
d5
-30c
-1a7
26f
294
-1a8
114
25f
1ad
1c7
347
-27a
4fd
-4aa
f3
-19b
109
-5c2
-17
1e9
-3d
-2f2
1b1
37b
183
-1aa
353
-1a6
529
-401
399
-2de
155
-42a
-18f
c6
-6e
-456
f1
648
168
-58
3f2
-233
300
-30a
3fb
-21c
-148
-3c4
-260
222
-d7
-d2
2f
556
192
-1d4
23b
-442
2d6
-9a
255
-101
-2f0
-ed
-1b7
177
10e
3b2
-111
4ea
dc
105
8a
-472
3af
2a
-50
-17c
-3eb
-1ed
-218
-ba
ba
3d3
-276
380
101
b7
68
-34a
362
87
-173
-1a3
-1c7
-7d
-1d0
-f5
4e
1e1
-333
72
161
77
26
50
187
-8
-8c
-16f
-65
-3f
-1af
-6a
-c8
-6
-471
30
14d
-2c
2a
2bf
-4b
-24
-b3
-95
-38
-af
-1d0
-8e
-139
-61
-484
18
155
-4b
13
352
-11a
7c
-36
-ca
48
-5
-241
-11c
-e3
-a4
-4bb
-14
15c
2a
76
404
-1cd
31
db
-8c
-89
11f
-349
-22c
-127
-e8
-55c
-3d
143
b5
11c
41f
-24f
-148
1
-1d5
-c0
-244
-256
-401
-11c
-298
-3ad
-19d
19c
b6
b0
-158
-167
-40d
132
-c1
4e
-6a7
-25c
-246
-e0
-50b
-425
-1d7
2ec
e8
1f4
-242
-131
-9db
-18
2
8c
-b2f
-33c
-13
-17a
-5a1
-280
129
39e
63
35e
-143
6a
-8f0
-8c
-136
f6
-9fd
-287
63
-76
-374
-29b
3c1
312
-13
320
-11
5e
-3be
7
-178
4f
-6f0
-30e
c0
-1d
-207
-20c
326
28d
-48
2e1
12
98
-16f
ad
-1cb
-9
-3a4
-227
f8
-120
-11b
-e2
228
229
99
22c
199
109
-338
29e
-31b
-121
-1d1
-216
-4e
-39e
-162
-109
1cd
20c
62
220
1f8
af
-249
325
-2d1
-30d
-c7
-1a7
-27c
-65c
-47
-15d
-98
12b
-22
d7
1eb
6a
-26c
256
-233
-282
-95
-210
-34d
-4e9
-14d
-1e3
-31b
1fc
a7
-bf
-1e8
-4a
-37d
264
-146
-19d
-46
-213
-230
-1bf
-1cd
-40f
-25b
1c4
3d
-5f
11c
-133
-175
-21b
-209
241
-2
-1e1
-25c
20c
-46
-63d
-262
370
30
1a2
-87
-299
-3b
65
-1b1
f1
-c5
-103
-40b
-60f
-5a9
1ef
-2b9
243
1a6
d9
-39d
dc
-420
8d
-606
27
-36d
9c
-f4
-202
-4b2
-12b
-36
533
-1bf
31c
-870
-b3
-48d
-31d
-3a3
32
-25e
-173
-67
-15d
-48d
-bf
2f1
356
-3ca
294
-2b7
-92
-5b8
-382
-438
-37
-2cd
-1c8
-23
-99
-4f9
-8b
2fe
324
-3fb
2b1
-26b
-a0
-5f8
-3c7
-432
1a
-336
-1f6
-92
-152
-55a
-af
328
30a
-48d
2e6
-208
-95
-5ec
-360
-417
b1
-404
-257
-13e
-213
-55a
-153
2f6
340
-461
307
-1d2
-4a
-63c
-223
-4b3
-33
-4f1
-1a5
-1c1
-334
-5cf
-121
334
315
-3d3
33d
-6b
-6
-64b
27a
-6b9
27
-31e
-1
-4b2
-320
-648
-1f9
371
287
-2df
2ef
-ae
-25
-36d
282
-5cd
-3cb
-388
-281
-308
-445
-28f
-101
-97
261
-236
112
-24f
82
-2b1
1ea
-2a8
-350
-e0
-229
-18a
-3d8
-15b
-1be
-42f
266
fd
-6e
-221
-68
-306
6d
-61
-65
-177
-151
-15e
-286
-138
-31f
-1ce
20a
-1b
1f
2e5
-103
-92
-3
27
21
-43
-170
-8e
-145
-bf
-450
-38
162
-1
17
3b3
-df
-12
-3
-5e
-17
-28
-23a
-59
-30
-81
-435
41
129
11
7c
3a9
-f8
36
35
-ba
14e
83
-2ec
-93
108
-fc
-54e
6b
154
d0
153
2e5
-1d3
58
-7
-247
df
95
-324
-104
394
-175
-363
-5
251
277
282
-c7
-248
-2c6
-7c
2c5
-17c
-aa
-2ba
-d0
8a
-3eb
-8c
-18c
319
303
321
-240
-39
-5a5
1bf
208
-146
-40e
272
-2ae
-2d0
-466
-1
-d5
355
94
236
-371
53f
-5f9
295
5d
-3b
-46c
2cc
-3e9
-243
-330
-217
cf
349
-7f
380
-290
3cd
-1d0
1fe
-28
-2
-8d1
-25a
-113
-e9
-474
-25b
5e
296
-a6
2a3
-284
2e2
-436
785
-1e6
-69
-62c
-149
dc
-2b9
-59b
-1e1
276
2a2
-12e
49a
-293
15d
-1ca
5f8
-3fd
-8a
-6e0
26
80
-3f2
-3c8
-452
195
230
-3e7
3ae
-456
1f4
503
31f
-1f5
-7c
-413
-fb
93
-13a
-311
-30c
6e
282
-12e
2b3
-622
2a9
-580
7ea
-163
1bf
-9c1
-3e9
18d
-342
-3be
-193
1aa
32b
-233
40d
-2fb
1c6
-271
7b2
-67e
64d
-616
-450
-19
-7cf
-c2
-303
256
35d
-329
214
-35f
10
389
602
-8d2
2f8
ea
-bf
-e8
-647
185
-d7
492
5d3
10c
90
-7f0
38
-35b
40a
-56a
-461
-124
-125
190
-2df
206
225
217
37c
25f
-42
-44d
15e
-13
248
-256
-354
340
-492
1a4
-cc
-2e
3b
-d3
187
249
bd
4e
fe
-c7
39
58
-235
186
-3de
ea
ae
-3ca
-55
-118
18b
241
134
-f6
-5
-4bd
b7
-a3
-ad
-286
-38
40
120
-416
-10b
-59
18e
-89
1d9
-1d8
ab
-2ac
3d
-76
1bd
-320
-14
-140
ea
-29e
-2a2
101
1db
-46
276
-8f
147
-137
10e
67
205
-25d
-14e
-9a
4
-c4
-2bc
160
21c
c4
25a
-a0
127
-101
c8
88
ac
-1de
-e6
10f
-ab
81
-13b
1bb
206
c4
1c5
-3a
196
-54
137
-2c
89
-2d3
-28a
115
-110
145
5c
235
1e7
f4
122
32
19a
-130
361
-3f1
c
-6d
-2c8
-a5
-1c8
df
be
1a9
ff
1a1
-12
ca
ea
-222
47a
-5ba
-87
1a8
-58
-16c
-48c
-f6
-fd
ad
15a
84
50
a7
-142
-11f
2f1
-2b6
-af
2a
-11c
-61
-42d
-9b
-1ec
8a
10e
42
f
dd
-222
47
2f9
146
a6
61
-1b5
31
-1d4
11a
-298
1e0
88
1aa
11
f0
-a9
-f3
167
179
67
-1a2
-156
-18c
136
22a
-303
3d3
6e
1d0
e2
-8f
ee
-1d4
29
10d
-c2
-3bf
-14b
-ff
30b
161
-245
477
13a
120
225
-1c2
25e
-35e
f8
-d2
-16b
-5c2
-110
66
186
-da
-13b
45e
192
2d
2eb
-17f
307
-5c5
28f
-149
-a6
-565
-38
15d
93
-f7
-185
5fd
162
-15b
331
-172
282
-341
177
-2e
-c8
-5d8
9
1a
e9
15a
-1e5
6de
118
-183
288
-2cc
266
-35
a4
148
-f1
-546
-c4
80
22f
169
-1f0
5c4
184
5
2a9
-291
32f
-439
16f
-2f
-1ec
-655
-fa
12a
1eb
-11e
-1c7
63e
1a9
-e1
2e9
-307
35b
-524
243
-1c7
-232
-72c
-dc
173
53
-7c
-1d5
6e5
1b1
-247
2ca
-2ee
27e
-198
267
-fb
-2c2
-609
-125
118
-10e
229
-237
65b
170
-206
13f
-360
24c
4e
1a1
-d
-399
-243
-1d8
-8f
8
367
-32f
507
15f
a
e
-417
216
9f
-ac
-144
-2b8
-27d
-196
-1bd
cb
23d
-380
2d2
1a7
a
-28
-1d2
1bf
131
-a9
-123
-62
-3a
-210
-b1
13
b7
-3d0
2a
148
23
3a
207
58
5d
-69
-14e
11
-19
-1f4
-9
-a0
-58
-463
3d
13a
-38
28
34e
-77
-11
-c8
-a6
-6
-49
-1b4
-31
-11f
-9a
-439
-4
151
-2d
3c
3c8
-e9
57
b
-b8
43
69
-243
-3f
-89
-e9
-4ab
-3e
12c
15
81
4bd
-16f
-28
61
-ea
a
16c
-369
-1f5
-103
-d1
-501
-3c
138
74
10d
492
-206
-12b
18
-208
-4a
-29c
-26b
-38b
-172
-1d7
-3ac
-29b
273
ba
140
-191
-11d
-219
125
-483
10f
-39d
-210
-280
-80
-102
-4e3
-22a
3ba
-89
2a0
-302
-38
-312
-1cb
-354
-2e7
-359
82
-353
b1
143
-3b3
119
3ea
-232
244
-56
-9f
-2a3
-18a
-352
-39c
-ab
-22
-6e
8
1a1
-447
212
33b
-3d7
287
17a
-1b
-87
-16c
-25a
-42f
-181
-1dc
f9
-1d
ce
-262
2d0
32e
-487
33a
cc
63
-288
-ee
-221
-537
-14b
-288
15e
-53
86
-205
296
2c9
-4d2
2aa
ca
78
-37a
-e4
-14f
-5b9
-5f
-339
bd
-1c2
16
-21d
244
2a3
-440
252
43d
-f3
-506
db
-71
-400
155
-2b5
-3f3
-381
-cd
-313
-ba
1d9
-2b1
109
5cb
33
-4d4
29f
-2a4
-247
-19a
-2a5
-4c2
-493
-337
-274
-2da
253
-195
27
-8c
56
-3d8
272
-12c
-1de
-35
-23b
-26b
-1f2
-1d9
-435
-272
1b9
4f
-2d
f0
-129
-19e
-209
-223
242
19
-1ea
-266
206
-1f
-61b
-263
387
5f
19e
-9c
-26f
-6b
15a
4c
66
-37d
-284
-19c
-553
-784
e5
-10d
25d
21e
2b7
-235
147
-866
90
-389
7d
-6b8
-225
6c
-213
-4db
-15a
130
4b2
-167
383
-4a4
fe
-6fd
-2b9
-2fc
2f
-76f
-30f
-5b
-178
-496
-161
26c
347
-22a
2ad
-1
5e
-69e
-2f6
-2cd
98
-859
-302
-2a
-c0
-483
-1af
28e
364
-219
2b5
3e
b0
-635
-2c7
-2b0
5c
-8f1
-30b
2
-77
-476
-18c
2b2
36d
-1d8
2ee
4c
9c
-67c
-223
-27c
4c
-995
-259
1a
-15a
-437
-1ab
2f9
36b
-205
2dc
-e
a8
-5f1
-ab
-2c3
-1d
-a25
-295
-27
-1d8
-374
-b9
332
2ed
-125
2d1
5c
92
-543
227
-37f
-31
-61f
-1d9
-284
-36b
-1ff
-25a
2fd
289
-82
2c7
132
1f
-103
2f7
-2f8
-35a
-388
-17a
-222
-3cb
-15
-1b9
-14a
1a7
42
115
73
123
-28a
1a2
-270
-145
-68
-197
-20e
-3bd
-cd
-213
-2df
23e
3f
-2f
-233
10
-36b
a9
-3a
-b4
-1d8
-167
-111
-1f1
-15a
-2a2
-17b
227
-14
2f
298
-e5
-ec
-c
1b
-8d
-a7
-198
-22
-14f
-10a
-3db
-80
155
-10
8
3d9
-cd
21
-17
1c
16
-28
-1d4
-1b
-113
-9f
-426
44
145
-9
62
35f
-7d
2f
-13
38
13
5f
-31b
-a1
36
-be
-541
78
14c
a9
10b
310
-143
8
9a
-262
29
18
-289
-44
465
-1fe
-3d6
-27
18c
223
1f9
18
-1bb
-250
-a2
-f0
35
-14d
-2cb
-b
370
-418
-285
ae
1fb
12e
27f
-264
-1a3
-557
eb
49d
-231
-474
98
7d
-4a
-576
a7
103
35a
289
248
-262
2b5
-77f
10b
1f3
-50
-621
3c4
-10f
-2df
-4c7
74
224
275
-163
20e
-253
4c9
-14f
305
c1
-2c
-4fd
22a
1
-188
-5c0
-201
2fd
256
-4d
27b
-2e6
42c
-388
310
-49
158
-65e
-134
bb
-16c
-41f
-273
2bf
209
-159
248
-1fb
289
-132
322
-b8
dc
-406
-28e
124
-150
-28e
-350
269
1e0
-9
226
-f9
1c5
-32
281
-18a
1ac
-14c
49
128
-f4
-e3
-1b6
1f0
2a5
37
262
-26e
1d9
-207
28e
-318
543
-2bd
-12c
-2a
-270
-92
-b5
2f0
21b
-11d
ce
53
113
-266
451
-5e5
50b
-d6
-1df
-19c
-45c
-122
-11e
680
35c
-3
1ce
-1b4
-2d
-146
54f
-689
-314
-bf
-246
14a
-50d
e8
a1
3cd
43e
102
1bc
-3a1
a4
110
3ff
-451
-3dc
bf
-382
324
-2bd
87
7b
-1f
175
2a5
-29
-b8
1b6
194
207
-1af
-198
d5
-41d
144
-a7
-e8
-133
ba
fa
131
94
164
8c
-20c
-6e
e3
-13d
-e0
-525
91
41
-338
-218
-7
f3
116
d4
14e
-108
-41c
-bf
f9
-27e
-2f0
-38e
d4
314
-4f9
-17d
a0
166
148
159
4a
-e6
-486
-ad
-2c
-83
-2e9
-4b
-d8
211
-454
-14e
58
184
-a7
20b
-a8
4a
-182
2
c
15d
-382
-af
-f2
76
-256
-1fa
fa
222
-55
26a
-85
199
-13a
d8
-a3
e6
-423
-27e
4
-b0
1b
-67
182
266
133
1a6
-86
17e
-10e
250
-2eb
14e
-160
-2d6
-72
-1de
110
92
191
136
102
4
1a6
ea
-12b
3ad
-4ab
-6d
f4
-1af
-103
-29b
-f2
-10e
f4
145
112
3d
23f
-81
-1ac
25a
-593
-22e
b7
-172
2c
-377
-11f
-324
39
19a
-42
9d
1a0
-142
-cf
210
-217
-70
-40
-1e9
4d
-35b
17
-2f8
47
11f
4d
3b
10a
-1c5
-33
1e7
dc
-ac
-86
-193
-18e
-2ad
10b
-31a
236
100
139
d
bb
-1bd
-96
9f
11c
-19f
-56
-d5
-215
-aa
b7
-39a
201
142
110
4b
-174
1a
-14b
-1
47
-1d6
-1e6
-60
-163
4e
-115
-3e3
264
197
-c7
13a
-45d
149
-22f
b9
-58
-1d7
-501
-a2
-13f
40
-2a2
-40b
34e
1b7
-24d
1ee
-482
17e
-3b7
b6
-71
-181
-738
-f8
-137
-139
-17a
-475
548
1bb
-38e
1b3
-51c
1de
-119
144
22
-231
-675
-f9
-f6
-e1
-30
-493
440
1c6
-283
12d
-512
143
0
f4
33
-1ea
-61f
-11a
-25
-146
-9f
-47c
42e
1d5
-297
123
-4ff
191
-150
99
-57
-1f1
-6a6
-204
2d
-11c
-75
-33c
550
244
-295
10b
-560
1b4
-24d
ce
-182
-1bd
-5ed
-1a8
53
-177
-89
-27f
584
1cc
-365
50
-55d
142
-ad
1c8
-28f
-251
-491
-1aa
-1cd
-14d
-de
-30d
570
16a
-2b5
-62
-4b1
6b
-8e
134
-1d2
-22e
-319
-205
-23b
-15e
-c7
-47b
499
1b6
-22d
5
-357
22
98
-58
-35
-22e
-223
-277
-172
-1e
-20
-46e
198
1d2
-5a
3e
-c
-65
ba
-1e
-55
9
-31
-20e
-4e
-ab
-55
-422
5b
136
-39
29
2df
-62
0
-58
-a4
33
-40
-21d
-24
-79
-89
-42b
26
12d
-26
f
3d1
-ac
32
-b2
-92
44
-6
-1e1
8
-b7
-c0
-40f
-4e
141
-19
-c
433
-a7
17
-13
-73
36
2f
-22b
-7c
-9f
-ea
-45f
7
114
9
47
4c3
-112
-1
76
-bf
-24
f3
-36c
-202
-6b
-e3
-4da
-44
119
b4
e3
4b4
-1c0
-136
-2d
-14a
a
-2e7
-31f
-366
-277
-213
-497
-25b
26d
-1d
131
-81
-1e7
-44b
198
-25e
-18b
-336
-2ed
-69d
-2d2
-1f3
-6cc
-26a
3d8
-299
1b5
-154
-ce
-5df
-211
-745
-333
-574
7b
-7a8
-29e
-2b0
-8c6
-475
3c3
-684
c5
-130
-12b
-c4
-327
-9f3
-34a
-84d
-164
-1f5
-276
-539
-933
-fd
36f
-a67
133
-f6
-1b
-d2
-25f
-514
-3ad
-9b5
-33a
c2
-2e1
-650
-5db
f7
2e6
-b23
1cc
-85
8b
-312
-286
-370
-43f
-a15
-3fc
fb
-4aa
-6ad
-559
c4
2b4
-bd3
17f
-55
73
-35a
-1e7
-444
-5cc
-62b
-60b
-5b
-338
-659
-431
79
2cf
-9bc
a0
92
-2f
-549
1f1
-352
-3b5
-1ea
-596
-3d1
-437
-5d1
-2ac
-198
1d9
-5c7
74
fc
-43
-70a
32e
-1a0
-25c
-567
-258
-596
-515
-530
-1e4
-1ed
2f2
-316
-1d
-187
-18
-41b
273
-d0
-1f6
-87
-1d4
-248
-248
-1d8
-3e7
-21e
1d1
51
-19
72
-e2
-199
-1f2
-1e9
239
-64
-1d7
-24d
22b
-2d
-614
-228
3a0
35
1d5
-cc
-275
-51
9c
4
-7c
-494
-ec
-5f
-263
-3bf
-2
96
214
1eb
279
3
aa
-62d
a8
-155
-198
-4f7
-98
ba
-16e
-11f
-1b3
1db
3c0
-aa
367
-17a
11c
-40f
-122
-1cd
-218
-565
-20a
65
-c1
-72
-1cd
37b
362
-26d
361
-ab
b0
-40c
-192
-1f6
-272
-523
-24b
9b
-3e
-3f
-1e0
373
363
-31f
365
-3d
96
-3bc
-18f
-2b2
-35c
-440
-279
df
ae
b
-235
3ce
35d
-3f7
355
-66
97
-44e
-1ee
-33e
-3b4
-3c5
-20a
96
68
-1
-249
428
350
-4f9
35b
-4e
32
-31d
-119
-331
-3f5
-2d7
-172
23
c
8b
-234
3b1
308
-550
340
e0
1a
-21e
-21
-186
-4a5
70
-1cb
-2b
-142
34
-28f
2c2
2a0
-44b
2c1
4df
-a8
-41d
e5
-27
-425
e0
-1df
-3ee
-2c6
-9f
-37a
-cc
202
-290
e6
36b
116
-4fa
1da
-256
-182
-235
-1c9
-3c2
-3c0
-233
-269
-255
2ae
-cb
5e
-1cb
ad
-299
d5
-5a
-177
-190
-139
-145
-245
-16b
-305
-167
229
67
1d
250
-ce
-113
-e
37
-3b
-7e
-189
-1e
-e4
-ff
-3d9
-3d
12e
11
-2e
368
-c3
-8
-1c
-c
-2a
-90
-1f6
-38
-87
-99
-3ec
48
101
3d
19
3f0
-b6
4d
-64
a0
2e
-5d
-292
-61
-134
-cb
-486
6e
121
-25
c1
3a1
-f2
3f
-4
-69
23
-40
-36c
36
2e6
-202
-471
b4
16a
151
176
126
-16d
-11c
53
-321
12
-20a
-325
159
5c5
-34d
-194
19b
19b
b9
1ce
-15e
-147
-328
-ee
3c
-235
-2fd
-466
1c3
2de
-4b9
4b
a3
1d4
d8
176
-1e0
-10b
-63e
5d
3c5
-279
-45f
-369
248
1e
-5b5
1f9
1d1
2a3
18a
2cb
-212
162
-697
-28
26d
-fd
-275
81
ee
-21b
-4d1
55
2bf
2db
-160
23d
-259
29e
-42a
-7c
19
1cf
-198
329
-163
-12a
-28b
-174
4be
341
-268
161
-212
2d4
-1bd
5b
-18a
28c
-92
11f
-18b
-175
-15c
-1bc
495
37b
-24e
121
-275
19f
-382
-2b
-33e
317
16
30
-23c
-229
-d6
-f4
4ca
387
-202
15b
-1eb
4a
-48a
226
-452
35f
-286
76
-1c4
-329
-16a
-168
659
41b
-212
265
-f5
23
-337
382
-67f
-189
-493
-169
263
-291
-142
-90
562
39f
-72
218
-a5
be
1a1
41f
-680
-3ee
-b7
-392
49f
-20c
-77
87
23b
108
129
92
-8b
11a
220
363
-31c
-1c6
24d
-35f
26f
-2ad
-e0
-182
173
a5
c9
42
184
e4
6
120
-3f
-46
77
-328
7b
-1dd
-b4
-30c
59
c1
2d
-3b
20b
-69
-b9
-93
67
-88
-20e
-321
-69
-ef
-199
-32e
e7
ef
6e
43
32f
-110
-1d3
-113
12e
-16b
-268
-4fc
-c0
1a7
-38c
-3c8
84
fa
cd
d8
1cb
-1b4
-415
-176
116
-23e
-2fa
-40a
53
33b
-4fa
-1a3
69
192
12f
173
3
-f3
-442
-1f
bf
-107
-3fb
-ee
a
66
-3e6
8d
c3
1f0
-101
1ad
-153
117
-24f
183
-2ca
151
-442
-2b6
-18c
-137
-19e
6a
13d
19a
-77
d5
-1c
ff
-19c
360
-47a
76
-da
-1c0
-22c
-33b
-1c1
-143
189
156
b3
4e
181
-f1
-1c0
223
-488
-24e
-e
-1c3
-a
-343
-168
-3ab
b0
19f
-50
37
1df
-161
-9c
8f
-2cd
-ff
56
-217
97
-183
18
-3b7
32
136
4f
4
15d
-125
3b
34
-61
-a
-d4
-1de
-94
-1c1
-15
-38f
cf
14c
17
26
2a0
-1a1
68
96
9
-17c
-144
-242
-f3
-13e
-b0
-452
3d
f4
c3
55
2da
-21f
-c8
-1b
131
-1e3
-131
-299
-4f
-13b
-24b
-398
95
10f
ce
a6
-27
-116
-289
-e9
4d
-31d
-28d
-2ac
77
1
-3c8
-174
1ef
1d8
-35
120
-379
-11
-4ef
-130
-e2
-1e6
-3c0
-16a
-21
-23
-420
-14e
2d4
1b9
-283
119
-447
-1d
-2cc
-10c
-94
-1a3
-5a9
-1c3
-98
-81
-318
-161
38b
1eb
-22e
157
-45a
55
-152
-8
-12c
-22f
-394
-268
80
-c7
-2b8
-187
32c
1df
-1f3
142
-44e
2b
-29a
1f
-192
-1b6
-39f
-2f4
56
-1d6
-1f3
-184
3af
216
-267
114
-4f9
-65
-2f1
-59
-218
-1c5
-365
-469
-82
-1e7
-171
-100
2f5
1db
-1cc
75
-32f
-102
-359
52
-2e5
-162
-237
-2db
-19b
-33f
-301
-1ee
39d
178
-1c1
5a
-1d4
-129
-2c1
14c
-332
-16a
-36f
-32b
-21b
-218
-376
-3bd
3aa
179
-199
df
-c1
-101
-13d
e6
-373
-1fc
-179
-3aa
20
-fd
-1bd
-441
208
142
-fa
99
-29
-9e
c6
1a
-18f
-fa
3c
-2d4
43
-b7
-6b
-430
29
13b
-5
-c
1f8
-ce
-8
-45
-26
-9
-65
-1d6
-56
-1a2
-b3
-467
7d
129
-51
-f
347
-12d
-11
-52
49
-4
-8e
-1c6
-9d
-103
-af
-450
3f
130
1b
-7
3d5
-15d
57
-73
-4d
59
-6
-14c
-a7
-e5
-b1
-490
1c
124
b
1
3b4
-127
3d
-e
-4
52
-14
-1ac
-133
-de
-9f
-4c8
27
10f
12
47
403
-140
-1b
90
-81
c7
3d
-28c
-2a4
-d0
-59
-545
b9
140
d7
fa
42d
-196
-154
ff
-2bc
-1db
-105
-29c
-525
-2da
-105
-558
-122
32c
105
107
f9
-21c
-595
2e8
-2c1
-3e6
-1ec
-175
-751
-60c
-29f
-73b
-511
349
-91
177
e5
-1c2
-706
-48
-5e9
-214
-6c3
-c6
-6dc
-5d1
-5ce
-713
-729
446
-298
8c
-3e7
-70
-38b
-1cb
-6da
-156
-94c
-274
-f7
-2fa
-4d6
-5e6
-2c8
372
-39e
1a1
-347
23
-68
-209
-e5
-217
-7dc
-46d
172
-1a2
-50c
-375
0
214
-32d
13c
107
84
-396
-1e4
-d3
-1ef
-804
-500
d5
-418
-50e
-1f8
-8
1dd
-37c
9a
1ba
e7
-50a
-c1
-bf
-4c2
-432
-806
-26f
-422
-587
-137
-21
162
-285
-b3
11d
-30
-62d
249
-101
-339
-5a
-7b2
-492
-4b7
-50b
-66
-18a
11c
-ee
36
-98
-1d5
-7af
313
-a7
-35e
-4b7
-3c6
-4d5
-3f0
-4d8
-15e
-289
2a2
-e7
-ba
-181
-126
-4ea
21c
-43
-1af
-6a
-18a
-235
-23b
-203
-397
-263
20e
53
-1
be
-50
-1b9
-20a
-184
25b
-64
-1d5
-289
22b
-7d
-615
-237
3ca
70
1db
-5d
-1e8
-94
-112
-220
-378
-4c9
55
-385
-112
-d2
-1ea
-62
228
-125
af
118
b6
-388
-168
-550
-3c2
-427
1b
-5e
-83
-57
-5f5
90
3cd
-6d1
22e
74
50
-10b
-29e
-424
-442
-83a
-255
e2
-152
-2a4
-51d
2c0
3fa
-aaf
35c
-10
78
-227
-2fe
-4fb
-42e
-9f0
-29e
7f
-22a
-3aa
-5b3
1f3
3f7
-c7a
305
39
40
-28a
-2f6
-605
-4b1
-b56
-307
82
-1fb
-4be
-6b6
254
3af
-dda
2b5
-6
46
-289
-36e
-781
-44f
-c50
-370
44
-257
-5d8
-6cf
22e
3de
-f0e
2a5
-21
-4
-25a
-341
-7ad
-4ad
-c5e
-3a5
c3
-367
-620
-692
26a
3c9
-fcf
266
-44
-29
-242
-246
-649
-6a8
-5b0
-509
-d7
-24c
-5ea
-540
261
3a2
-c62
1c3
102
-166
-3a1
a4
-312
-3df
-3c4
-489
-493
-3c8
-50e
-3b0
-c3
2dc
-720
54
37
10c
-60f
27d
-178
-204
-54f
-269
-47e
-37f
-416
-1f5
-27c
38f
-1e6
35
-1dd
4c
-3fa
f6
-84
-eb
-14b
-11b
-159
-21f
-13e
-2df
-1e1
229
69
26
270
-a7
-11c
-3a
41
-11
-d4
-101
-db
-1e6
-a3
-3ee
-35
18d
41
14
394
-d4
4f
-3a
3a
21
-be
-17e
-4a
-64
-af
-40d
7
142
3d
-9
392
-fa
39
-9e
-50
2b
-ca
-20f
-3d
-de
-bc
-402
57
14c
-46
73
3cd
-ef
46
-cc
ee
-36
-9b
-349
b
-112
-136
-453
8d
186
47
f7
329
-11d
-a8
3e
-198
-5c
-1b9
-38a
ac
32f
-27b
-364
14b
16b
15a
16c
151
-118
-19b
42
-37c
-1e6
-23b
-36b
31f
4b7
-40e
-19a
110
16b
-b
18f
c0
-101
-396
-c3
-1e0
-fa
-3c7
-606
34c
31d
-541
41
141
12d
-68
18f
4e
-bd
-855
-1ac
46
-2f
-5dd
-4a0
2aa
157
-5ea
171
36e
2a2
-1ac
1d3
-dc
3
-67f
-191
1d
0
-5b5
-2e5
2a5
6c
-562
da
449
35b
-366
133
-c3
78
-46d
-1a4
-23f
-b7
-68e
-402
2b2
-111
-518
ba
52a
3a9
-433
101
-ce
bc
-458
-3b
-3e0
-10b
-5b2
-412
33b
-1e6
-500
b9
4bd
381
-344
15d
-55
da
-4b1
1ac
-512
-171
-6c4
-456
3f1
-3fc
-3c3
5
4c4
31b
-210
1cd
48
10d
-6d
26f
-424
-2c9
-2e8
-4be
3a3
-30d
-190
-bc
380
144
-7
c0
67
cd
1ed
220
-380
-1ac
-3c
-3d4
180
-4c
-12e
-212
291
94
8a
3a
10c
-c
-5c
135
-1bf
-1e
a5
-2b9
a6
-114
-128
-333
c9
8e
-2a
40
315
-7
1e
-19
-21
-3e
6d
-18f
-3
-21a
-75
-3d4
5d
fa
-5
-15
3bc
-7a
61
-5b
4e
-4a
-bd
-1f9
-9a
-131
-c5
-3c4
-48
117
55
2
3d2
-133
-26
-81
6f
-38
-17c
-2d4
-d1
-87
-181
-44f
b8
e8
-1
7c
3d6
-132
-118
-1a9
f8
-133
-284
-502
-a3
179
-361
-32a
2f
116
135
10b
1a4
-18c
-440
1e
-3d
-10a
-50e
-3b7
-6e
fc
-50d
-aa
b1
11a
a0
11c
131
-a3
-471
2c5
-2bb
a
-576
-172
-1b6
-236
-474
-131
147
11e
-182
156
186
e
-1cb
232
-4e2
-101
-2b0
-1d5
-74
-3a1
-2af
-2fc
b6
1df
-113
120
145
-aa
-2e
76
-278
-dd
-7
-1b1
36
-2b5
-1b
-426
-7b
175
3
26
1fa
-b2
77
-d2
-37
7
-32
-19d
-a9
-14f
11
-437
-46
181
80
4d
352
-e6
-5
-2e
-13
-3e
-82
-196
-fe
-151
-133
-4a7
-93
138
2b
16
413
-164
-27
-1a
2
-20
-17c
-128
-e2
-14c
-123
-493
5a
f2
a
45
2f9
-190
-bf
-e5
110
-fe
-2f6
-2b4
-136
-130
-201
-434
f9
139
c1
e2
1ff
-19e
-390
-106
c5
-1b8
-432
-456
-da
37
-357
-35a
103
188
6e
131
ce
-14c
-5f1
-145
-9d
-124
-530
-296
-a8
c1
-43c
-2e9
2aa
1d0
-130
1e0
c8
-151
-2d4
-12e
-14b
-169
-559
-33f
-1
1b
-3d7
-269
2cf
1b4
-221
1e6
134
-a7
-298
-c9
-21c
-154
-29e
-367
6f
-60
-31e
-25c
2cb
1d6
-1e4
1f9
1b6
-63
-340
-120
-347
-18a
-2c8
-33b
-2e
-199
-25c
-238
302
1d2
-203
1bf
21b
-bd
-2dd
-84
-37a
-1de
-295
-35a
-9c
-20b
-309
-2ed
233
1c9
-1c2
1a5
34a
-13a
-4c4
74
-4ff
-1fb
-2da
-1e8
-18
-21b
-32a
-36f
291
1cc
-1de
1d5
277
-15f
-38c
bb
-354
-1a8
-31e
-117
5
-2f1
-17f
-487
213
1cd
-20b
1ca
251
-133
-9a
-39
-156
-131
-17c
-e0
-62
-1b6
5c
-4f1
176
1c6
-12d
162
2b8
-107
-33
-ff
-88
-8c
1c
-6e
-119
-f6
40
-54d
150
1d2
-177
151
3be
-131
-76
-127
-b7
-110
-2d
-a7
-101
-166
-85
-521
f6
1c1
-1dd
106
425
-172
-e4
-da
-7a
-ca
-34
-a1
-fd
-189
-7f
-548
ad
1ba
-20b
119
430
-1b7
-c8
-b4
-c4
-99
-22
-7f
-f1
-e9
-40
-55c
109
1ba
-1d0
13d
3ee
-1d7
-f5
-3c
-60
b0
-2f
-30
-1bc
-110
67
-5b3
1d1
1e6
-206
1b0
447
-16b
-99
23a
-251
27a
-126
-161
-366
-102
1bd
-5fd
2eb
268
-c7
22e
561
-1d8
-d2
1c4
-4bd
-76
167
-324
-60b
-224
b7
-5e4
79
32f
b9
ef
1aa
-37f
-1ab
33f
-413
-3de
de
-238
-880
-602
-2c5
-51e
-30e
32c
1b
14e
-5d
-399
-5b6
1b9
-43c
-a9
-791
-f9
-72b
-427
-521
-493
-53c
3e9
d
101
-757
-192
-4c
27c
-429
-a0
-60b
-e4
-97
-67
-21c
-443
-21e
325
3
226
-4c4
-13
cc
c8
-d4
36
-24e
-2a0
117
-27
-a8
-29c
2d
19e
-55
199
-41
eb
-1ad
149
-196
-c3
-251
-23a
4f
-12b
-93
-f3
40
183
c
15d
ab
b2
-319
292
-307
-3e5
-3b
-30a
-21b
-2bc
-1c8
-ea
-e1
143
-61
44
48
2a
-6eb
1fb
-45
-327
f6
-2c0
-556
-6f6
-2da
37
-321
1e4
10
49
-11a
-be
-718
217
-12
-333
-4ee
-fc
-4c9
-4a2
-3c0
-150
-3ff
301
18a
ad
-f9
8a
-4f0
1e0
d4
-242
-1a3
-140
-165
-227
-2bb
-329
-1bc
250
69
132
-73
ab
-3c9
-19d
-14
19c
-89
-186
-241
2b0
-c1
-5a3
-164
3e4
-7c
275
-126
-17c
-138
-25
-e9
-309
-540
9c
-65a
-496
-4fb
-47f
-562
10e
-354
-b3
1e7
3
-27a
-1d6
-a21
-2a5
-a03
-1eb
-f5
-2de
-74d
-8af
-315
361
-971
149
-20f
48
-139
-2dd
-672
-2f0
-be8
-574
14f
-368
-897
-625
95
304
-be2
1e4
-21
4a
-32b
-2df
-5ec
-249
-d1b
-551
145
-528
-8a0
-58d
20
336
-c03
1af
49
be
-32b
-2c3
-645
-2b3
-db6
-600
16c
-4a4
-84a
-649
-a
2e0
-b1c
172
e8
9d
-340
-312
-6dd
-232
-c41
-681
154
-4df
-836
-5ee
-3e
2db
-ac9
16d
79
61
-338
-30c
-698
-33f
-b8e
-719
104
-60f
-7b2
-501
-43
2df
-a51
fc
4e
a4
-4eb
-274
-596
-49d
-4fa
-a35
-2a7
-3f8
-74f
-300
c1
257
-726
2c
-b0
-89
-54a
1d3
-2f8
-45c
-1bc
-797
-483
-3ff
-604
-eb
-163
1e5
-336
e4
-275
-b9
-78c
340
b6
-324
-499
-397
-34f
-3a5
-497
-150
-34e
336
-169
67
-1b9
-1a
-4fd
e5
1d
-bb
-f2
-d9
-195
-1a6
-19c
-2ea
-1f3
251
9c
80
23f
-1f
-1b0
7d
-18
0
-ea
-199
-de
-125
-130
-3c2
-bf
1b6
2b
68
3d9
8
-37
-30
-39
d
0
-176
-54
-186
-cc
-450
-30
14d
39
c
397
-ca
-b
-71
-1b
-36
-52
-1a4
-4e
-b8
-9e
-455
-8
154
32
2f
3d0
-ee
-59
-c0
1f
-3f
-a3
-247
-33
-16e
-b5
-395
bc
146
-4e
97
43f
-db
-7b
-90
98
-3c
-116
-331
34
-ae
-1a6
-3b0
63
149
3d
d9
4d7
-10b
-fb
-56
-15d
-98
-156
-3c7
144
1da
-287
-3b6
9a
157
11
193
40f
-e0
-284
-49
-1fe
-59
-2ad
-375
180
29e
-37e
-351
297
135
-f3
1c2
35c
-104
-38c
-ad
-257
-1b7
-587
-619
2f5
337
-4f5
-16a
2c9
198
-87
1a3
300
-102
-577
-151
-2c5
-2a1
-5a0
-6a2
3e2
f6
-50b
-38
3b2
207
-180
13e
233
-129
-531
-186
-230
-3a3
-6fa
-6e4
3cb
d9
-46d
4e
39c
1f1
-1c2
168
308
-fd
-441
-bf
-2f5
-2bb
-56b
-5d9
2f9
3d
-392
-25
464
18b
-211
1c0
2f4
-5b
-217
113
-343
-2bd
-377
-4d0
2b4
-58
-20c
-e9
3f1
c8
-198
1e6
365
-12
-78
13e
-2e2
-27b
-91
-2d1
118
-22f
-116
-2f8
366
b5
-1fc
153
305
-59
-118
d
-152
-145
-e
-208
-b
-18a
-81
-414
1d2
17b
-1a4
110
303
-96
-154
-68
-6d
-ca
22
-b1
-96
-10f
-13
-4d8
12a
1ac
-18b
12b
434
-c8
-c1
-fe
-6d
-144
-f
-9b
-155
-164
3
-51f
f5
1cb
-1ee
108
40b
-ef
-eb
-10b
-7c
-e8
-26
-50
-122
-197
-4f
-53b
e0
1e3
-1f2
13c
461
-16b
-85
-f1
-2b
-156
-72
-c0
-129
-11a
-6f
-575
114
1b2
-1f4
13a
445
-19a
-8a
-138
4
-e1
-1cc
-175
-12b
-ad
-f5
-481
158
19b
-1bb
18c
415
-15b
-261
-54
-e5
-fc
-438
-23e
-eb
12
-2be
-3ae
1f3
17e
-124
1e1
2d6
-1df
-485
15c
-249
-1ca
-507
-f1
6f
-1b6
-2ff
-3b1
26b
1e1
-263
24a
2ec
-106
-199
ab
-1a1
-161
-1f0
-f6
9d
-2cb
-6b
-442
f8
1ec
-215
165
345
-108
43
-115
-2b
-fe
10
-6d
-66
-21c
9d
-48d
d8
1f8
-c1
103
37d
-116
-f7
-14f
89
-a9
27
-82
-12f
-18c
-21
-4ba
bc
203
-ef
11f
3fd
-ff
-113
-d1
-5c
-e3
-36
-71
-12f
-124
-75
-531
f6
1c6
-180
11c
442
-14c
-131
-104
-5b
-d2
-40
-6e
-131
-16f
-40
-509
da
1f5
-1d0
10d
3f2
-138
-71
-b7
-58
-f5
-15e
-bb
-e8
-cb
-a0
-4de
106
1d1
-1b3
150
437
-14c
-1e4
-f9
-4f
-ea
-2dc
-18d
-32
-ac
-1bd
-4d2
1ff
1d8
-246
1c3
3ec
-11f
-3b8
-e8
-95
-123
-4e7
-215
25
-6f
-28a
-468
2e5
21e
-23a
236
33a
-f4
-355
-5f
-f0
-236
-5ef
-1be
64
-8b
-26f
-460
2eb
23a
-299
1fc
349
-f4
-390
-ab
-111
-15c
-667
-1fc
54
-e9
-250
-4f1
2f8
240
-311
1ec
410
-f6
-2e7
-8a
-1c5
-12a
-6b5
-1fd
-31
-eb
-24a
-4f6
2bb
25d
-308
214
43f
-150
-2d8
-75
-185
-ca
-606
-182
-29
-33d
-2cf
-562
24d
28b
-3f9
1e3
3d1
-155
-23a
-94
-20a
-34
-5d9
-ed
-3d
-1ba
-229
-55d
29b
26a
-33d
1a2
2e5
-130
-ee
-64
-179
4b
-3e4
-32
-38
-21c
-1b0
-591
26d
27d
-443
17b
2f1
-10d
-56
-15d
-104
71
-33e
2f
-a7
-232
-1d9
-596
1fd
2b6
-407
138
2c9
-123
-b3
-1b9
-a5
2b
-331
48
-b4
-2ef
-2bc
-5bf
18b
2ed
-4a8
13a
28f
-120
-f2
-1cf
-159
-1f
-3c7
5a
-c6
-289
-34c
-57c
1a3
2dc
-4fb
120
1e0
-109
-11b
-1de
-19c
-40
-3c6
2b
-aa
-2b8
-3a5
-54e
1d5
2cb
-57f
121
18f
-12c
-126
-1af
-1a1
-f
-36e
-49
-a8
-235
-39d
-507
1dc
2b3
-55d
111
12f
-11c
-108
-6b
-259
84
-3b1
-e7
-c8
-281
-321
-4be
273
2f6
-4c1
17c
15f
-132
-33
26c
-52d
3ff
-375
-21d
-36d
-3e2
-bc
-457
46c
26c
-324
1cf
1ea
-168
29b
38d
-740
-2
30f
-42d
-547
-3f3
-1a5
-57a
29f
3ed
35
2f2
9b
-2f6
-fd
3c2
-5de
-343
2e0
-3f2
-7f5
-536
-2e6
-48f
-171
34b
e
298
-109
-3aa
-589
2c8
-4d6
-71
-62f
-23
-66d
-238
-48c
-45c
-4c8
398
90
15b
-744
-1a6
b0
327
-366
-37
-5e1
27
-d4
3e
-1f9
-42b
-197
32b
-58
212
-526
6
144
a9
-c3
22
-1e8
-167
ab
-b1
3
-25e
a0
1b5
-48
1b4
-3a
14e
-11d
130
-151
-c9
-217
-1f7
58
-117
-13
-123
-2b
17b
d
144
5e
cc
-2dc
266
-2cd
-2fb
18
-2e6
-1d9
-275
-118
-167
-b7
13c
-69
91
10
52
-68b
10a
-7b
-2eb
e4
-250
-381
-524
-2e0
3e
-3b8
1e3
a6
e4
-179
-df
-6b9
180
173
-27c
-3ae
249
-24a
-3ce
-4bc
-90
-27a
2db
de
185
-20f
1d8
-591
149
138
-204
-2e6
5
-103
-257
-3c0
-296
-e0
21c
-144
188
-200
21b
-5b5
-176
e8
240
-1c7
-ac
-217
10c
-31f
-53a
-8e
409
-259
2ab
-3b0
-176
-175
108
-eb
-2d2
-4a2
de
-4fb
-755
-68c
-185
-62c
130
-f8
-109
81
da
-5c9
a
-5dd
-1ba
-810
-2b1
37
-3de
-45f
-4c1
-417
39f
-1c1
1db
-3d4
6c
-e3
-d0
-24a
-117
-635
-644
279
-21b
-38f
-2ce
-23
20b
-295
1a1
cd
a4
-37c
-68
-203
-b3
-62d
-596
227
-3ed
-2d2
-1e9
-66
211
-24c
173
9f
cb
-2c3
17
-186
-c4
-57b
-526
25b
-3e7
-202
-283
-a7
1f4
-1b5
15b
bc
ed
-28f
-6
-217
-7a
-485
-4fd
20f
-309
-19a
-284
-4f
219
-15c
198
22
105
-308
ab
-310
-192
-498
-4a5
1b6
-3a5
-1a7
-1d7
-5a
1c5
-189
16a
120
10d
-4b1
102
-334
-2fe
-11b
-613
-225
-342
-2cb
-129
22
1ae
-d1
e2
-d1
48
-67b
184
-103
-381
148
-3b8
-446
-421
-374
b7
-346
194
108
ef
-17e
-28
-72a
16c
ce
-345
-3ca
-57
-30c
-41c
-45f
-66
-3f6
2d4
2c
11d
-1a
1d7
-592
1a1
21b
-216
-2e2
-c2
-a
-172
-2e6
-20b
-106
279
38
1f3
115
12f
-3c7
d6
77
-113
-1d7
-14b
-52
-172
-144
-3d2
c8
1ce
-163
19a
335
-9
-16b
-7f
-aa
-121
0
-d5
-97
-137
-49
-4b3
139
1d3
-183
111
3c2
-d0
-12b
-117
-b6
-14c
-53
-74
-10a
-16c
-e
-521
13a
1f7
-1e0
fe
3ae
-de
-d2
-13c
-bf
-170
-e2
-9d
-82
-14e
-7a
-47c
114
1f8
-21f
11f
432
-12a
-e7
-ed
-41
-114
-a5
-e3
-43
-188
-140
-4f2
10f
1e1
-290
15a
55e
-137
-153
-df
-82
-b7
-1d7
-12e
-3f
-e9
-12e
-561
20c
1dc
-2c4
18b
49f
-ab
-1f6
-c0
-10d
-18a
-3b3
-1ea
4d
-9b
-1d1
-52b
307
1f8
-2b0
1e4
3fe
-d9
-11c
-d
-19a
-1b5
-42c
-307
fd
-43
-246
-515
257
204
-2d0
1f0
380
-12e
-1c3
-9a
-292
-14f
-53e
-328
115
-52
-2b3
-46a
2c0
256
-340
1d0
328
-102
-265
-a6
-219
-184
-49e
-2bf
f8
-97
-35c
-440
25d
208
-3c1
174
3da
-162
-1e5
-5e
-247
-104
-50c
-1b1
cd
-fc
-385
-41d
32c
1e4
-491
161
364
-e4
-13b
-9
-24b
-93
-513
-ed
67
-14d
-32b
-427
2d0
1dd
-49b
18a
2f3
-fa
-139
-b3
-2b4
-71
-3d9
-62
-9
-1b0
-337
-4b7
2a5
226
-50d
157
217
-f5
-61
-16d
-15f
6
-3a9
-12
-a8
-300
-365
-4bd
1f7
29b
-56b
146
1ab
-d0
-9f
-1a8
-ef
-bd
-360
-d
-ef
-2a8
-3e0
-51b
1a8
2a7
-514
100
162
-e8
-17c
-238
-1a2
-118
-393
-24
-124
-2de
-416
-4f4
167
2c9
-562
fb
73
-89
-22c
-290
-16d
-150
-2d2
-64
-11d
-34e
-454
-4b9
11d
2e3
-548
11e
fa
-bf
-292
-232
-140
-171
-285
-50
-120
-315
-40b
-529
144
2c7
-519
148
1be
-de
-397
-1bd
-172
-19d
-1ee
-68
-f3
-2ff
-3c8
-55d
21f
2c2
-532
1ba
128
-123
-346
-1cf
-198
-2b8
-313
-c0
-8b
-329
-379
-504
2d5
2fc
-548
211
ed
-13b
-3c1
-185
-1db
-2fa
-192
-12f
-38
-20d
-38a
-531
298
29f
-52e
1fa
e7
-184
-31a
-1bb
-24d
-348
-126
-102
-a1
-1cf
-2e5
-563
2ca
279
-5f9
1dd
124
-12a
-25d
-21e
-1e8
-35d
-25a
-d7
-9f
-17a
-287
-549
222
2d2
-698
1dd
155
-fc
-385
-200
-1b3
-399
-2a7
-171
-94
-259
-286
-5c9
268
30f
-75d
22b
21f
-150
-396
-207
-25d
-401
-284
-116
-96
-2a6
-25d
-610
2d2
322
-892
1fb
1de
-1a0
-30a
-25e
-365
-3e7
-322
-102
-94
-26d
-292
-5e4
320
355
-93a
227
10e
-1d6
-2cc
-261
-3ce
-3aa
-36a
-ab
-5b
-22a
-2f8
-624
38c
365
-a30
259
119
-1f3
-2ae
-2ba
-47c
-3d2
-3a1
-d9
-3b
-1cb
-2f0
-606
458
366
-a94
27a
d6
-1db
-1fc
-2b3
-48b
-3ef
-3b3
-ef
-13
-17b
-315
-5d6
495
360
-a97
29a
a8
-19d
-210
-295
-4b8
-486
-3d1
-10b
2c
-10f
-398
-58e
44f
34e
-ac1
279
bd
-196
-215
-2c8
-4cc
-3b3
-3f2
-107
37
-183
-3f1
-5cd
430
344
-b03
240
da
-196
-196
-246
-505
-382
-4f5
-1bd
48
-b8
-3f3
-598
42d
34a
-a5b
25f
7e
-1bf
-1c9
-26a
-54f
-329
-48e
-1df
7f
-1a1
-3e9
-52a
3f9
318
-a0c
21d
c1
-1d8
-179
-236
-44c
-373
-431
-1eb
a0
-171
-3af
-561
3aa
30f
-95f
1d0
b9
-19c
-23f
-297
-48d
-374
-4a0
-284
b8
-1fa
-349
-510
462
32d
-905
1df
a8
-171
-24a
-300
-42e
-3e9
-3e2
-308
b6
-178
-3d1
-53e
3cd
30e
-82f
1c1
16c
-1f3
-2a3
-316
-3c6
-3d9
-373
-38a
92
-1a5
-447
-4fb
37e
30c
-7c0
1d0
1ac
-1a4
-394
-30b
-338
-3fd
-359
-3f1
a4
-1cf
-44f
-4e3
32d
2ef
-776
1cb
245
-106
-417
-36a
-36d
-3f4
-3ec
-42d
4c
-1e9
-3e9
-4f7
2fd
2f4
-75d
1d8
27c
-fc
-497
-378
-308
-3fe
-387
-3c6
46
-20b
-3fb
-4c0
334
2f7
-730
21c
26b
-10a
-479
-32f
-3c2
-399
-42e
-444
-7b
-1be
-331
-475
3ec
2e7
-74a
246
1d9
-135
-318
-16
-58c
-1f6
-477
-2b1
-aa
-361
-277
-49a
4e1
2b8
-725
35a
1cf
-e6
-108
3c0
-824
-498
-1e
-5b0
-ec
-3ac
-1e7
-638
3bb
45d
-724
538
3f
-18b
-29a
43d
-6e0
-13e
-197
-577
-479
-4d4
-1a3
-4c4
200
38b
-4e2
3fe
cc
-336
-392
2c1
-563
169
-6a6
-218
-40e
-2c6
-34c
-5b9
-158
49a
-1cb
19b
-5b4
-136
1d3
33b
-348
-c4
-580
39
ea
91
-183
-313
-46
3f4
-39
22b
-5c7
5f
10e
8f
-8b
0
-224
-153
61
-b0
22
-24b
4f
1da
-38
1b1
-bd
11a
-12f
12d
-15a
-55
-1e1
-197
43
-f7
2d
-1d0
-31
193
16
181
9a
d3
-285
165
-342
-2f5
-e7
-264
-1a0
-340
-2f
-f5
d
19c
-5f
182
-137
d8
-5d7
-2e
-260
-512
-f6
-1ef
-df
-201
-1d2
b8
-87
246
-20c
200
-3e7
-35
-7da
a1
-14f
-58c
-46a
6f
-12
-a9
-393
-20c
c8
2c9
-3ec
2ea
-a4
-47
-61f
-ba
2c
-47b
-47c
-12e
26
3
-436
-49a
1f7
1e5
-6d0
25b
1db
11e
-625
-35c
-1e5
-60
-1f0
-2b2
-202
30a
-3e6
-637
250
418
-707
283
-115
-18f
-232
14a
-140
-13a
-3c4
f
-620
-43d
-53f
-c4
-441
af
e2
-70
-1f5
-6c
-1ae
24a
-448
-74
-640
21
-122
-44
-1d6
-4a7
-29f
34c
-9b
1fd
-536
4
f5
9c
-62
3b
-270
-24e
f3
84
-77
-287
53
19d
-24
206
4b
b0
-143
c5
-e6
38
-27b
-1e4
d3
54
-5b
-1ed
37
193
13
1c2
-4a
c0
-170
b3
-74
1e
-22a
-178
dd
-27
-48
-250
-24
18d
-11
1c5
68
dc
-170
9f
55
66
-1e1
-1a7
c7
-78
-39
-216
6
1b6
-14
1c9
12
12b
-1a8
138
-110
-cc
-23d
-1fc
53
-6f
-5e
-154
5f
15d
1c
17d
cf
f7
-2d7
160
-304
-3bb
-81
-317
-1e6
-274
-12e
-7e
-97
199
-2e
de
-9d
e6
-678
73
-a6
-507
bd
-1e4
-271
-464
-2fb
c1
-2e2
261
9e
1f4
-280
-15
-90a
8b
4f
-545
-36c
37c
-9c
-20d
-4ff
-3d
-fb
305
-280
28d
-1ba
1f1
-792
24
111
-380
-47a
19
-40
-21d
-457
-332
22d
2b0
-6b4
2eb
-b
1c8
-525
-8e
-91
-374
-573
-267
-1f
-1d5
-38a
-489
30a
307
-71d
26d
11b
-7b
-2fe
-214
-29d
-39b
-220
-15e
-6d
-28a
-27a
-572
2a6
31d
-86a
20a
149
-150
-2da
-2fa
-3e8
-3b8
-318
-9a
-bd
-259
-29f
-629
30b
35d
-9cc
242
107
-13a
-302
-30d
-504
-41d
-366
-49
-b9
-28e
-3ac
-5f6
330
37c
-aeb
25a
63
-1c3
-35c
-317
-48c
-37c
-41d
24
-10c
-293
-3e1
-632
401
379
-bec
278
83
-21c
-2df
-312
-43d
-402
-4d8
-28
-fa
-272
-3c4
-638
4be
389
-be3
28b
18
-170
-1c9
-2ef
-4d9
-3df
-4c4
-86
-3d
-1d9
-407
-5f1
451
36c
-b67
285
6
-145
-167
-2b7
-4b7
-413
-543
-1b5
5c
-152
-462
-5dd
45f
358
-b31
279
8e
-18f
-1ed
-268
-571
-3e9
-639
-23c
6e
-165
-4a1
-562
39e
318
-a4f
23c
f0
-1c3
-281
-2b9
-565
-39e
-51a
-296
91
-1cd
-527
-57b
3aa
2ef
-9d9
21a
162
-217
-2ba
-2be
-4bc
-459
-4ec
-2e5
59
-1df
-4bb
-4ff
3f2
2c3
-912
1d8
155
-1ab
-337
-2fd
-3b8
-3d0
-4fa
-34e
5f
-1e2
-4a3
-4fb
3ff
2e7
-869
1e8
1f6
-133
-33b
-2d5
-38d
-359
-3b4
-463
b9
-ea
-447
-50f
3b6
2fa
-769
246
266
-152
-436
-2f8
-3d9
-357
-36a
-463
ab
-134
-418
-4a8
3a8
31e
-751
240
2f2
-125
-460
-331
-366
-3b0
-37f
-39d
4d
-144
-3f2
-4d3
374
2e0
-71f
208
2a6
-12f
-456
-408
-38d
-3e3
-44c
-33c
-4b
-10a
-3d6
-4a0
336
30a
-774
1f9
198
-bd
-4d8
-434
-330
-3d1
-4f7
-26e
-3e
-146
-448
-479
2ff
327
-7eb
22d
24b
-a3
-4d8
-422
-2f6
-33c
-5fb
-204
-38
-fe
-4a1
-54d
364
2fc
-8b8
220
27f
-62
-4e7
-429
-294
-3f7
-697
-273
61
-15b
-507
-590
379
358
-95b
275
1cb
-18
-3f1
-3f8
-323
-428
-878
-2dd
d3
-17b
-5ad
-606
2bb
362
-a23
228
249
-22
-4c0
-46e
-2bc
-3a5
-8e5
-284
7a
-214
-67c
-6b1
2fa
35b
-b5c
226
227
-9b
-3e5
-487
-2d2
-428
-ae2
-297
55
-19c
-701
-720
29b
361
-cbf
23a
20a
-99
-3e0
-46c
-406
-3a8
-c33
-22c
54
-1b2
-7d9
-75a
282
354
-e23
1e3
193
-85
-365
-4cf
-536
-432
-cd8
-306
3f
-2ce
-827
-7c5
2cb
381
-f63
1e0
22a
-66
-3b8
-4ef
-5db
-434
-ced
-415
42
-3e1
-8c3
-7d8
278
378
-fae
1c9
1fa
-80
-3e5
-51e
-6b8
-3fd
-d64
-46a
45
-44d
-962
-7a4
267
3b0
-102e
1b8
fd
-d3
-4a4
-54e
-75e
-3d1
-ddd
-449
5a
-4ca
-9d3
-827
304
3dc
-1115
1e8
105
-103
-472
-5a2
-764
-3de
-dc8
-4e1
44
-452
-a0e
-813
2fd
3dd
-10e6
1e7
126
-123
-43d
-59c
-7ff
-427
-d55
-4df
31
-453
-a51
-82a
30a
3be
-10b2
1e5
102
-113
-4d6
-56b
-7a0
-342
-ccf
-4d4
38
-4b0
-a8a
-818
325
3a4
-10b1
1e5
d2
-10e
-47b
-530
-7b2
-32d
-cb5
-4d8
-4
-47e
-a7a
-820
366
38a
-1003
1cd
11b
-161
-3a7
-487
-7a0
-2ef
-bff
-4e9
21
-4d6
-9d0
-838
2ff
345
-f49
193
e0
-165
-32b
-3af
-7ea
-259
-b34
-4e5
5c
-439
-963
-7f6
2a5
30c
-df7
19c
106
-13f
-3a3
-368
-7b8
-22b
-a2c
-438
23
-4c1
-897
-86f
2c1
2f4
-d99
171
2c
-130
-2c5
-39b
-70e
-251
-a6f
-447
c
-494
-7d8
-799
20d
2f2
-c49
140
6f
-aa
-2f9
-35b
-673
-28b
-a03
-45f
-27
-3fa
-80c
-798
193
2dc
-bcf
123
bd
-a6
-358
-2fb
-5fb
-2bb
-a57
-491
87
-389
-7b1
-711
14d
2b3
-b52
11e
74
-6e
-417
-28c
-4cd
-2eb
-abd
-44b
72
-3c0
-757
-6c2
121
288
-ab5
14f
8f
-33
-3f8
-23f
-41a
-2c9
-b43
-461
7b
-364
-725
-6dd
12b
292
-aa6
144
42
46
-490
-29f
-3fe
-311
-be3
-4da
3b
-3d3
-71f
-69e
fd
2c6
-a97
154
21
15
-4d1
-272
-426
-275
-ca1
-414
54
-3d8
-765
-711
12a
28c
-afe
187
34
-30
-47e
-18d
-499
-2da
-ca4
-354
87
-455
-82f
-7c7
13b
2a5
-b6c
216
32
-42
-384
2f
-776
-257
-a38
-518
-115
-42b
-746
-780
220
2cc
-c8a
226
-44
-74
13
283
-83b
112
-8a3
-62b
-3f4
-5ff
-680
-637
310
203
-932
2f3
-284
-209
347
4a0
-6b3
9e
-701
-55e
8c
-3b1
-592
-4fc
4b
3eb
-44a
365
-941
-17
1bf
3e8
-254
-3e
-256
-2bc
1fe
-27
-13e
-335
-14
35d
-f1
238
-5ff
58
-1c0
a4
-a4
2a
-22b
-18c
c1
-61
2c
-229
33
1db
-2f
1a5
-87
111
-143
fd
-d8
-6
-1e1
-16b
5c
-ca
-23
-21a
-2d
191
-2f
19a
6a
112
-1e5
124
-29a
-22d
-4ee
-16
-dd
-2de
-221
-259
-101
128
-23e
153
-15
1ec
-596
2e
0
-41f
-7d2
-31a
dc
-49f
-632
-36a
-2af
1f8
-65c
1c8
-161
11c
-71c
-76
-26c
-3a1
-cd8
-45c
124
-29a
-856
-547
a7
280
-95d
21f
-11a
4e
-602
-12b
-2ae
-411
-baf
-4bb
5f
-465
-82b
-766
1ba
26c
-bc9
1e1
-5d
3
-5eb
-32c
-4df
a3
-5ad
-47c
-313
c9
-58b
-66d
105
3f7
-807
1f3
-47e
-1b6
-154
13e
-13b
-d0
-366
77
-666
-419
-4d4
-ff
-467
b0
dc
-87
-1f0
-78
-e8
261
-3fc
-46
-59d
b0
-172
-39
-181
-4ed
-2ff
359
-87
1dd
-54a
-18
145
97
-1e
3c
-216
-1c5
cd
47
-31
-2a7
2b
1b3
-26
1ef
3f
c6
-10a
b8
-73
1a
-238
-1e0
d0
-d
-32
-23c
-9
1ab
2
1c5
-19
c2
-14d
cf
-8a
2e
-1d3
-1e0
10b
48
-51
-24c
-35
191
-5
19f
3
b7
-181
ab
-63
8
-23b
-199
d4
-80
-1f
-1df
53
1a9
-25
196
-2d
ec
-181
121
-a3
9
-23e
-189
c
-107
-66
-1bd
-1f
160
26
18f
ee
ed
-243
81
-2e9
-34c
-327
-e1
-25e
-1e7
-18c
-146
-a8
133
-6d
132
-18c
205
-57d
-163
-169
-589
-775
-194
76
-2b1
-466
-b4
-1a9
250
-540
27d
-3ca
19a
-9bc
-123
-184
-53f
-a95
-c1
1b6
-8d
-7dc
-426
2c
349
-930
37d
-117
ec
-70d
-332
-336
-391
-ee3
9
c6
-230
-8ad
-619
3c1
321
-f5b
260
14e
1a6
-295
-44f
-36e
-3fc
-e39
-3da
9
-28d
-845
-782
33c
357
-ea4
1c6
238
1a
-360
-4fe
-5c1
-3eb
-cbb
-3ea
32
-3a2
-84c
-7b2
28f
3a9
-f4d
1d4
170
-9b
-496
-5e6
-695
-3db
-df2
-45f
c
-489
-94e
-7ed
2a8
3d9
-1048
1d1
12e
-aa
-505
-5e2
-793
-39d
-e00
-483
3b
-434
-a01
-7a0
312
414
-10ff
1f9
da
-99
-55a
-5e6
-857
-354
-e2f
-461
49
-50c
-a74
-7ef
396
40a
-117c
211
99
-106
-494
-564
-781
-3ab
-e3b
-507
ab
-4e3
-a9e
-78f
373
3e0
-10e3
1dc
11e
-cf
-4cc
-561
-80c
-2a0
-ca6
-49e
86
-4df
-a8a
-801
393
392
-1051
19e
14c
-e3
-3dc
-517
-76a
-29c
-bdc
-46b
4
-4ac
-a05
-822
347
356
-efb
1a5
17b
-f8
-382
-471
-73a
-1f8
-b5a
-43d
-10
-4a1
-98f
-7e2
2a1
331
-e07
173
fc
-a7
-370
-3f9
-798
-201
-ac1
-490
-1b
-433
-908
-7f0
1fb
30f
-ce9
187
bd
-ae
-2f4
-380
-6b8
-2ad
-a2c
-495
75
-3eb
-842
-733
169
2c8
-be2
145
95
-3f
-3b4
-36f
-5bd
-2e1
-ac8
-448
2e
-410
-82b
-6fe
12d
29e
-b47
101
be
30
-3ca
-2b6
-4ee
-222
-b14
-463
3b
-3f7
-7ad
-6b3
12b
2c7
-ac4
11e
fd
4d
-40b
-1f2
-4be
-1db
-b17
-4d4
95
-367
-74f
-6a7
148
28d
-a39
15c
fa
2b
-3e2
-1dc
-4f5
-1c3
-b80
-4b9
6b
-363
-759
-6c7
163
28f
-a9f
18f
3d
-1e
-406
-289
-4c6
-235
-bff
-441
53
-2fd
-764
-6c2
167
2db
-ae3
1dc
-6e
1a
-3ea
-28a
-51a
-200
-c6f
-3b2
50
-339
-7be
-687
1a3
2d2
-b7c
209
-b
10
-415
-2d5
-4c9
-252
-d18
-351
10
-339
-82f
-6ed
1be
2ad
-b7b
1dc
2d
-27
-324
-334
-47a
-226
-d07
-3b0
4b
-2ec
-894
-68d
1da
2b5
-b6b
1c5
25
25
-315
-308
-4ad
-1f7
-d80
-3e0
1d
-2b6
-933
-6c2
1d8
283
-b9d
199
a8
3
-3a2
-31f
-532
-214
-dcb
-435
20
-328
-9b5
-6f4
1ac
2a4
-c00
17f
5d
26
-3cf
-301
-49b
-216
-e4f
-49f
35
-3b1
-97f
-6ed
185
2bf
-c20
15d
b
25
-3fa
-31a
-51f
-247
-e12
-4c5
0
-3aa
-97b
-71e
158
2d4
-b79
125
50
3a
-346
-32b
-56d
-28c
-dfc
-54d
33
-451
-8d7
-704
4a
2b2
-b3b
113
b5
3d
-3a9
-32f
-4c0
-223
-d3d
-63a
81
-4a0
-8aa
-6ad
46
297
-a3b
114
a1
4b
-494
-357
-51d
-232
-e06
-66a
ae
-4d9
-8a6
-674
66
2cd
-a09
138
a7
69
-55d
-332
-550
-233
-dd3
-69d
dd
-51f
-89f
-666
7b
2d1
-9d1
13c
e4
3f
-545
-369
-520
-218
-db1
-6c4
b6
-4dd
-878
-64c
d3
2c9
-92d
13c
f4
36
-567
-34f
-4a1
-20c
-d68
-6d8
ba
-450
-826
-612
d7
2bf
-873
13c
d4
54
-620
-302
-449
-1d3
-d38
-6c3
d6
-4e1
-7ef
-58f
fc
2c8
-7a9
152
143
52
-592
-296
-434
-19b
-cc9
-673
eb
-4b1
-734
-5bf
c1
2b4
-6fc
144
11d
-45
-53c
-29e
-341
-121
-bd6
-5b5
bd
-478
-655
-5aa
133
2b4
-65f
14d
ef
-43
-4e2
-1ee
-245
-be
-b2c
-526
9b
-45d
-5e2
-576
12c
2c6
-55e
17a
107
-1a
-471
-1b6
-255
-c7
-a97
-53b
b4
-3b6
-50d
-5b1
fe
29f
-469
15f
115
-2
-428
-1bb
-15f
-ac
-976
-416
7b
-39d
-4b4
-54e
9e
293
-3b9
181
fb
e
-3ba
-1b0
12
-e6
-8e0
-432
be
-31f
-4ec
-4f7
6c
26b
-3ae
15d
f5
72
-39b
-1f1
1d
-138
-8bd
-3da
94
-26e
-487
-41a
61
243
-340
12d
a0
a5
-35b
-1f6
10
-151
-81d
-381
c7
-181
-4b6
-420
-f
1ea
-2fd
126
12f
5e
-337
-1b8
70
-1cf
-76c
-393
a4
-1c1
-4a7
-45a
-51
1df
-2f7
124
165
3e
-2f3
-233
42
-137
-7e2
-399
90
-26f
-4b2
-40c
-12c
1ec
-2e8
e9
1a8
4e
-3b8
-280
a
-110
-7f8
-32c
a5
-2aa
-521
-455
-ca
203
-30e
100
1bd
35
-488
-277
a
-160
-861
-3fe
72
-339
-567
-46a
-6e
202
-382
12a
18e
2c
-4cc
-17e
-111
-55
-787
-472
-27
-395
-48e
-3ec
76
20d
-396
1f9
b8
16
-279
7c
-16b
b9
-64b
-5bb
-45
-54f
-3fa
-373
10a
170
-2b9
28b
-1ec
-9d
61
2fe
-1b0
30
-290
-537
2fb
-279
-1a4
-2e0
2a
24c
1a
3eb
-4fa
5a
-d3
24d
-97
84
65
-272
228
-4d
-11
-2a7
98
26e
-3c
21c
-2c6
e8
-2a7
cb
-a6
-6
-1dc
-16e
100
-17
-26
-22d
-4
1b5
d
203
e
12f
-15a
dc
-77
2d
-201
-e1
fc
-ea
-74
-26a
-56
198
-44
1f5
dc
13e
-169
1b1
-1b5
-181
-509
303
152
-64
-20d
-34b
-151
11c
6
209
205
192
-37a
-8f
-7a
-127
-737
-81
1bd
-33e
-4da
-367
-122
187
-31f
10b
188
207
-5b7
-19f
10e
-77
-7b3
-3aa
109
-2d8
-458
-367
-65
212
-25f
13b
1ac
11d
-417
-15c
-121
-144
-6bb
-603
-19e
-44b
-396
-3a3
c
1e3
-2c4
dd
d6
52
-668
-347
-e1
11a
-1e4
-6bf
-373
-1d7
-306
-344
-10e
475
-28f
1a3
-459
-165
-43f
143
-134
-be
-338
85
-666
-416
-4cc
-ef
-475
b4
e1
-7e
-1c9
-6d
-dc
26b
-411
-52
-594
ac
-15c
-47
-194
-4e4
-310
354
-88
1d3
-541
-20
131
7c
-2d
64
-21e
-196
db
37
-2d
-2a3
1f
1ba
-39
1ec
14
ce
-f0
b0
-6f
27
-222
-1ce
d8
2b
-33
-252
12
19f
-1a
1e6
f
db
-146
a8
-51
42
-1ae
-1db
ea
-2f
-52
-29a
0
1ad
-51
1df
-16
e3
-114
e1
-ad
-2
-1fe
-1fb
f0
49
-40
-221
-1e
18e
21
1b5
1
f1
-1b8
14c
-e3
77
-257
-148
21
-108
-6b
-20f
16
16f
-59
1c6
9b
d1
-19f
124
-149
-282
-65e
22a
3c
-1b0
-2b3
-344
-14a
107
-1b1
1a4
-98
1c0
-47b
-65
56
-324
-ac4
-110
198
-44c
-6f2
-418
-24e
1a0
-6b5
154
-153
229
-7a6
-239
-1fd
-193
-f19
-539
12c
-406
-96b
-50b
12e
2aa
-9e9
1d3
-76
ff
-5ec
-2c4
-4f3
-25d
-e59
-52c
3
-35e
-9b2
-6bb
202
256
-b41
153
-43
-28
-2e2
-284
-494
-28c
-e78
-498
-26
-447
-895
-718
12c
2d1
-b63
11d
20
a1
-35e
-2f4
-535
-26e
-d5f
-5e5
b
-470
-82d
-6bb
9a
2de
-9ec
112
-3a
35
-4a4
-34c
-55d
-257
-e12
-612
-6
-52c
-853
-6c0
35
310
-9c3
fb
-1d
0
-57a
-34c
-4cd
-176
-e32
-670
59
-50f
-7f5
-620
6d
306
-8fa
142
4c
5b
-583
-33a
-4e7
-1e8
-e04
-69b
b0
-4d2
-7e3
-5af
14c
312
-88d
15c
af
57
-5bf
-2c5
-4c5
-1dd
-d2b
-6c4
8d
-4e9
-765
-5aa
190
2b7
-7b4
12a
d2
17
-5bb
-2e1
-3ee
-14e
-c6a
-662
7c
-456
-6cc
-523
184
2b1
-688
f5
af
-f
-4b2
-288
-31c
-b6
-b4c
-5c1
75
-374
-618
-506
166
2a7
-561
110
fe
6d
-512
-1bd
-204
-76
-b0b
-4f6
d5
-3cd
-591
-4bf
12a
297
-4a7
163
f3
bf
-44f
-15e
-d6
-83
-aad
-4b2
102
-303
-4d5
-4e7
107
2c4
-3c1
18d
9e
bb
-3d2
-1a7
-bd
-c5
-935
-415
ca
-25e
-43c
-498
d3
25a
-32e
17a
6c
99
-39e
-1ec
-f
-b7
-898
-385
39
-1d0
-47d
-40f
4c
238
-2e3
16a
fb
b1
-356
-1da
19
-69
-813
-2de
35
-1df
-49a
-41d
0
1f6
-2c2
150
14d
d2
-2fa
-1ad
86
-113
-7cc
-2e3
80
-259
-4a3
-410
-8
1cb
-2c7
155
145
c7
-309
-1cb
58
-d5
-7a8
-402
ce
-275
-4a4
-3e8
e
1f1
-2e0
129
ad
eb
-3ef
-1e5
-44
-114
-772
-470
155
-278
-47f
-3d2
-4c
228
-2e6
14c
b9
103
-467
-1e8
-f9
-af
-76e
-467
136
-2da
-443
-362
2f
22b
-308
14c
d4
ed
-42f
-1ec
-118
-e3
-736
-4c0
124
-2dc
-429
-39d
-10
231
-2f7
13f
118
bc
-3e4
-17d
-179
-c5
-69d
-4a5
163
-2b6
-3ec
-335
-42
23b
-2a1
166
f6
c4
-3fa
-13a
-10e
-97
-70d
-4bc
1bb
-377
-396
-309
-5c
231
-2cd
17f
144
d5
-39e
-ea
-189
-cb
-6aa
-504
1ec
-310
-328
-2d2
-67
21a
-266
188
135
fb
-381
-7c
-24b
-c6
-64a
-4f7
20d
-3ee
-2d7
-307
-1f
1ff
-27a
184
11d
cd
-32a
-9
-1d9
-d3
-5b7
-520
204
-3f2
-24c
-30a
-75
1fd
-203
1a4
ac
a4
-288
9
-214
-5d
-50b
-4b1
21c
-30f
-1b1
-356
-59
1f1
-1de
187
45
9c
-294
1
-17b
-96
-527
-441
1d8
-32b
-193
-338
-59
1f7
-19e
18c
9e
c1
-2bb
35
-179
-6d
-52c
-435
214
-2ff
-198
-32b
-af
1f2
-175
18f
83
d0
-308
29
-1b1
-28
-4fa
-42e
1fc
-2a6
-17f
-33e
-20
1ed
-182
198
73
c5
-2b4
-1a
-16a
-2f
-4c5
-3f1
1a6
-245
-169
-31b
-e
1e5
-14d
19a
46
b2
-295
6
-f8
-e
-47d
-3c5
1cf
-1ea
-15f
-301
-e
1d9
-137
1ac
87
d1
-27d
23
-12f
2a
-431
-3b4
1b1
-169
-17d
-2cd
2b
1b1
-fb
1b6
5e
dd
-20b
76
-17a
66
-381
-388
1cf
-159
-144
-2f1
34
1ac
-139
1a1
78
de
-202
48
-155
67
-32d
-37d
18d
-109
-149
-2b9
6b
1b8
-c2
18d
30
e0
-211
c7
-134
4b
-2a6
-335
192
-f4
-130
-292
94
1ba
-ab
185
1c
a1
-186
df
-139
8c
-234
-29c
18b
-59
-d4
-2bb
90
1a1
-74
1a4
-3e
a2
-142
d2
-156
94
-1e5
-252
19b
11
-e1
-279
97
1a4
-57
1d5
-6b
97
-19b
cd
-4d
5f
-1cc
-1fc
146
-131
-d0
-22b
ab
1b1
-ad
1a3
-99
de
-18d
cf
d
11
-245
-1e8
e7
-a9
-66
-200
99
1a7
-b
15c
-11
127
-1d4
8d
-2b
16
-19c
-1ac
c4
-64
-7b
-29b
-8
1a2
-39
152
5c
bd
-143
92
-70
b2
-141
-19d
64
52
-46
-311
-a
193
8
174
71
88
-14c
52
-3c
138
-1ef
-123
2b
-28
-5e
-2f0
-68
1d6
-40
1bb
d
82
-16d
3a
-6
c5
-2a2
-103
68
-3e
-7f
-2e2
-2a
210
-3f
1ec
-40
bf
-1d5
57
d
d6
-2cd
-12b
7f
-1c
-68
-2da
28
206
-59
221
-2f
102
-1e1
6e
d
95
-300
-158
b7
-7b
-55
-287
50
20f
-55
23a
-4d
101
-19c
b8
-17
76
-2a2
-159
f1
-65
-2d
-267
26
1ff
-19
227
-70
105
-160
ac
-38
97
-255
-133
12c
38
8
-269
32
205
-12
245
-53
11b
-13c
b3
-24
43
-1fc
-160
136
-7
-c
-260
23
1d9
1
229
-14
110
-14f
90
-2d
93
-1de
-12e
fa
f
-17
-21d
10
1b7
-a
21c
-1b
133
-179
a4
-3a
c2
-1ff
-11f
98
-47
-32
-238
45
1be
-30
213
-10
131
-15b
9b
30
95
-212
-cb
bc
-7e
-3c
-264
17
1c8
-25
1ee
14
152
-141
b0
43
87
-1f6
-151
a3
a
-54
-2a3
46
1c4
-15
1c8
-3c
144
-19c
91
c
c4
-233
-17e
b6
-10
-2f
-264
27
1e5
-2c
1b2
-2e
11b
-15e
1c7
-1f4
-bb
-1b5
-255
-f5
-158
64
-1e5
a
1c3
-2
1af
e2
bc
-588
-189
-30d
ad
b9
-1f7
-1f2
-fc
-99
-251
-189
3bd
-ce
1c5
-43e
-47
-3ed
14
-239
af
-2fe
21f
-73c
-3fe
-3d2
2
-2db
19d
1d3
-c6
-18e
b0
-166
282
-599
-1c
-4d0
334
-1ad
-4e
-15a
-36a
-19a
4a5
-8f
216
-6e1
-7
152
-e
-13f
70
-166
-86
4c
-59
-7c
-21a
147
258
-174
209
-15d
-2e
-18f
13
-153
58
-169
-95
5c
-50
-80
-202
13b
247
-16a
211
-14b
-35
-1b0
0
-14d
61
-15f
-ad
6f
-a5
-8f
-211
14b
243
-193
21a
-13b
-26
-19b
46
-161
4f
-147
-d1
45
-31
-7f
-1f4
150
230
-14b
215
-156
-3e
-1d2
7d
-220
46
-1bf
-84
16
-d5
-98
-1ce
151
204
-171
214
-165
-60
-1cc
af
-230
-130
-394
248
dd
-dc
-185
-2bd
53
1d0
-145
1f1
-bb
5d
-3eb
-9c
-fe
-a1
-554
-a
b2
-3a1
-362
-270
e5
276
-37f
14e
-98
10f
-617
-ec
-19b
-9a
-6bb
-2f6
af
-4f4
-35f
-2cd
10d
2b5
-377
1b6
-83
22
-3ee
-53
-2e9
-b1
-548
-37e
f0
-3cb
-2b5
-28a
165
29a
-331
1a2
-1a2
-41
-349
-35
-30a
-7e
-4d3
-3bd
101
-43d
-220
-2ec
115
286
-35c
179
-1ad
-62
-28b
13
-2de
-85
-40a
-3bc
12a
-37b
-1d1
-2c2
e4
283
-260
1ae
-18f
-88
-315
-3f
-2e0
-34
-360
-359
fc
-397
-1c0
-29d
b7
27c
-2bc
173
-1d7
-97
-32a
-49
-261
50
-35a
-2da
137
-35a
-18f
-221
a4
29e
-20d
1c1
-11f
-16
-397
3a
-277
22
-34f
-29d
13a
-2dd
-17b
-223
14d
280
-242
1cb
-1a1
4f
-36b
5
-28e
2c
-2f9
-263
c7
-338
-122
-231
1df
27a
-263
1dd
-212
7
-27c
-b
-250
45
-295
-225
ac
-24c
-125
-1ee
1af
259
-1bc
1d2
-206
-70
-25d
91
-1b9
86
-1da
-1a1
105
-190
-16e
-201
1e2
210
-1ea
1e4
-1ee
-66
-273
c9
-186
96
-1d6
-171
bd
-9a
-156
-192
2b7
1f6
-193
201
-234
7
-197
d1
-1a0
95
-ff
-13d
b7
-bf
-f6
-1c6
238
219
-1ac
1b6
-265
6a
-1b6
68
-192
bb
-fb
-bd
93
-d8
-b1
-1ac
203
241
-149
1dc
-296
3c
-1fe
4a
-162
ff
-fe
-8b
2a
-8e
-a3
-193
1dc
23e
-169
1f7
-242
-e
-1fe
7a
-136
ba
-aa
-3a
46
-cd
-76
-1c1
18b
268
-154
235
-237
42
-237
42
-10b
92
-12b
-16
4b
-fe
-41
-1cd
1b4
26d
-17d
227
-26b
69
-234
c
-f2
67
-1b6
-2c
2d
-c1
-5f
-1d9
19f
27f
-167
223
-249
37
-241
7
-152
98
-1cd
-6c
31
-86
-6b
-1c6
19c
277
-18c
215
-21f
24
-260
-15
-1a5
9c
-1ef
-76
9
-78
-7e
-1ab
1b7
276
-17f
212
-1c4
1d
-23c
-1
-158
a2
-198
-7b
38
-ab
-b0
-1de
176
282
-19e
21e
-1a2
1c
-224
-9
-1b2
93
-1b4
-69
4b
-39
-93
-1d0
1d6
26d
-173
210
-21f
c
-242
-20
-16a
96
-1e0
-50
24
-c4
-8e
-1a8
19c
283
-1a0
20f
-1c4
d
-213
7
-fa
bb
-18a
-43
33
-9b
-a2
-1db
190
287
-165
1fe
-1a0
14
-1f8
-40
-19a
68
-1a5
-35
2a
-53
-74
-1f6
1d6
279
-19d
205
-1ff
3
-1b7
-45
-1c0
7e
-15c
-58
15
-74
-65
-1ee
147
26c
-197
20f
-187
-2c
-1a3
-28
-16e
aa
-103
-2
-5
-d8
-6e
-21a
166
278
-19e
20e
-1a1
-2e
-195
-2
-157
62
-15b
-2d
17
-5a
-81
-20a
14a
266
-187
20d
-1a4
-35
-1cb
-f
-16b
92
-164
-8d
18
-8f
-73
-207
184
26a
-1b2
1ec
-1a8
-37
-18f
-24
-183
74
-f0
-48
7
-85
-5e
-213
156
268
-15a
1f6
-180
-59
-18e
-1d
-169
98
-101
-3a
e
-50
-8a
-231
126
26c
-180
1f8
-190
-40
-1c0
-2
-152
8f
-129
-45
-26
-8a
-6e
-232
158
26f
-18c
1eb
-1ad
-30
-1c4
-34
-15d
88
-143
-f
-11
-6c
-70
-228
13c
268
-172
1db
-1af
-3d
-197
-1
-148
4d
-141
-1e
-15
-a1
-99
-228
150
255
-18e
1fe
-199
-5a
-1a9
-22
-150
5d
-168
-64
18
-df
-ce
-1ea
166
24d
-192
1ff
-209
-28
-1c6
19
-19a
61
-153
-bf
1a
-71
-b3
-1b6
188
23d
-186
1fe
-1d7
-17
-1f9
31
-1e4
84
-13a
-f6
58
-6a
-ac
-1bf
142
24d
-19b
208
-1b8
-29
-1aa
4f
-212
8d
-be
-128
79
6
-9e
-1d9
137
276
-15c
214
-1ec
-50
-1ed
16
-21f
88
-147
-9f
40
-aa
-80
-154
17f
26b
-187
205
-1ed
-27
-1d1
74
-1cd
6
-e5
-49
-38
-e5
-98
-1d4
123
225
-14e
1dd
-135
-3b
-201
2d
-1a1
f2
-af
-b
-80
-121
-74
-25e
14b
243
-19a
1d2
-19b
-35
-197
19
-14a
135
-f7
-1d
-78
-58
-4d
-29a
15d
267
-161
21a
-1a0
-65
-146
-18
-181
f7
-13b
-41
a
-99
-7a
-221
150
29b
-198
24b
-242
-4c
-181
14
-163
9f
-14a
-27
78
-7c
-7b
-1d3
153
2a7
-17b
25c
-221
-27
-1fc
5
-14a
be
-155
-2c
78
-55
-66
-1c7
1a5
28c
-185
277
-1cd
d
-1b2
20
-119
72
-139
-6d
90
-7d
-65
-16f
19e
284
-177
248
-1ed
24
-1c9
1a
-153
70
-135
-89
af
-5e
-65
-133
189
26a
-15d
20c
-1ab
21
-1be
10
-176
92
-115
-a1
ad
1
-62
-14c
14b
26a
-148
1fe
-19c
-f
-1a3
29
-190
77
-be
-b8
b6
38
-6d
-167
154
25c
-144
221
-1b6
-16
-1ee
-5
-182
77
-f6
-50
70
-27
-8c
-182
14a
267
-160
227
-1d5
-b
-1ff
9
-146
c1
-161
-2a
3f
-65
-7b
-18d
169
279
-16f
24c
-1f1
3
-1e8
31
-13a
a9
-15f
-44
6c
-b9
-5f
-169
1bf
271
-186
240
-1ed
26
-1b9
2f
-11f
99
-11b
-77
61
-be
-33
-15b
1b8
258
-15d
214
-1bb
1c
-1ad
4b
-195
57
-ee
-c1
33
-6c
-62
-184
160
262
-143
1f4
-1cb
-2c
-1d0
1f8
-3ec
-f3
-dc
-1aa
-13f
-1ac
42
-11d
139
255
-182
1e1
-ff
-40
-638
-1c3
-3e4
131
1a1
-5d
-2d0
-16e
-10b
-25b
-59
3fb
-23e
1a6
-571
-162
-37f
3f5
1b8
12c
-343
-1f5
-38b
-586
-597
-23c
-196
25b
283
333
-4d4
d
256
2c3
-41c
-83
-3f9
-90
-fa
-209
-294
-560
98
43c
-1c4
3ad
-8a8
71
-22a
-79
-d3
86
-2a6
-e4
-1af
-142
-1d4
-4ca
2e3
2a3
-18f
343
-1c3
6b
-17d
-79
-d3
86
-2a6
-e4
-1af
-142
-1d4
-4ca
2e3
2a3
-18f
343
-1c3
6b
-17d
-79
-d3
86
-2a6
-e4
-1af
-142
-1d4
-4ca
2e3
2a3
-18f
343
-1c3
6b
-17d
-66
-c7
97
-298
-f1
-1b9
-144
-1c5
-4d0
2ff
293
-197
356
-1c0
69
-14d
-36
-10c
7b
-29e
-125
-195
-10c
-1d2
-48e
2dd
287
-17c
363
-1d0
67
-1b3
-1a
-ff
a6
-2a1
-140
-17d
-1a1
-1e4
-49b
2fd
28e
-1c6
36a
-1e4
89
-1cc
-3f
-12d
b7
-2d0
-17f
-181
-138
-1e1
-437
2ee
2ab
-14d
35f
-1f8
88
-22b
-4f
-14a
69
-33c
-10b
-186
-1e4
-221
-482
304
2a8
-1bd
352
-1b6
8b
-203
-1b
-fe
59
-2ef
-118
-185
-1ce
-22e
-4a1
347
275
-17f
357
-1d2
91
-158
2
-129
3d
-298
-144
-1a3
-1b2
-212
-4b2
328
285
-1aa
341
-1f8
84
-192
-1b
-140
7c
-247
-18e
-1cc
-17e
-203
-4de
300
27f
-199
359
-1f1
5c
-16e
-1e
-133
51
-276
-18a
-1b6
-16b
-1fc
-46c
2ad
28a
-164
359
-1c5
42
-1ec
19
-f5
9b
-276
-160
-169
-16a
-22a
-429
28d
26a
-165
344
-1cd
61
-20d
26
-f3
6e
-2ac
-177
-143
-10b
-1fb
-40b
367
25f
-161
34b
-1ff
cb
-1e2
-25
-ff
61
-289
-18c
-165
-1aa
-1f0
-406
336
278
-181
351
-17e
fa
-18d
-1c
-128
47
-215
-155
-18c
-1c1
-212
-44d
2c4
263
-152
332
-19a
80
-20a
a
-156
23
-29a
-fe
-17d
-1ad
-242
-47b
359
267
-194
338
-20a
5d
-1f9
1f
-cb
66
-2f5
-178
-1a9
-169
-20d
-494
36a
25d
-178
34a
-234
55
-183
12
-ab
7e
-292
-180
-1a6
-134
-1e1
-462
358
27d
-15a
344
-26f
87
-1bb
-40
-124
4c
-268
-126
-1ab
-174
-1c9
-446
346
29c
-169
33f
-26d
c0
-1bb
-28
-108
52
-282
-132
-1a0
-139
-1c4
-463
322
282
-156
33e
-242
76
-1c1
-2f
-e6
76
-2aa
-15c
-164
-ff
-1c0
-450
35c
292
-17d
352
-270
a3
-1eb
-46
-bf
5a
-282
-13d
-15a
-136
-195
-423
37e
29e
-16a
368
-231
d7
-1a0
-36
-de
3e
-2a7
-144
-15d
-14b
-1cb
-437
347
28e
-184
348
-210
b6
-1ab
-37
-ed
53
-2af
-14f
-173
-151
-1c9
-45e
354
28c
-18b
353
-201
a1
-1a5
-12
-123
47
-2a6
-152
-165
-13d
-1d6
-44c
34d
274
-178
353
-218
9c
-1c0
-24
-122
68
-268
-156
-158
-176
-1d1
-45b
361
284
-19a
357
-229
ae
-1ab
-46
-f6
33
-279
-154
-172
-13b
-1af
-464
344
294
-16d
346
-236
ac
-1ad
-2d
-132
77
-2ab
-137
-181
-12b
-1e2
-452
336
283
-180
34a
-219
90
-1de
-26
-fc
81
-297
-136
-182
-19d
-1e2
-472
345
28f
-1ab
33c
-22e
8c
-1ba
-7c
-ca
41
-28c
-10f
-1a9
-16b
-197
-480
316
2b5
-16b
330
-224
ba
-1b8
-7c
-cc
c1
-284
-101
-1ba
-143
-1dd
-4af
309
2b6
-196
344
-1ee
96
-1df
-80
-10d
5b
-2c4
-119
-195
-127
-1f3
-488
32d
2aa
-1a6
346
-1f3
85
-1c6
-81
-eb
7c
-294
-fc
-1a3
-181
-1d7
-494
324
2b7
-1b2
345
-1e2
96
-180
-79
-eb
57
-2b1
-f8
-1bf
-1a2
-1d6
-4b9
2f3
2b3
-18d
346
-1a2
74
-1a0
-82
-10f
8a
-27f
-111
-1ab
-158
-1f7
-4c7
2d6
29d
-193
34f
-19a
4a
-1cc
-80
-f9
90
-271
-127
-1d7
-15a
-1f2
-4af
315
2ad
-1aa
357
-1d3
4d
-1a5
-66
-10d
91
-2bb
-11b
-1be
-181
-1db
-482
310
29c
-191
353
-19c
79
-1b0
-76
-102
7e
-262
-127
-1b8
-17a
-20d
-4b8
2eb
2a4
-197
349
-1de
66
-1cf
-79
-124
ae
-2b0
-137
-16f
-108
-207
-48c
328
2a1
-1b4
363
-1f1
74
-1c7
-a3
-109
37
-2ce
-11c
-184
-196
-221
-461
2fb
2a4
-1c8
35d
-1db
7a
-1e3
-6b
-a6
22
-2dc
-ec
-17b
-1e7
-234
-472
2e3
28d
-1bf
352
-17a
8f
-206
-72
-c5
58
-2fd
-147
-195
-195
-23d
-4a6
322
286
-1c5
359
-184
76
-1b0
-5b
-132
a1
-2ab
-17c
-188
-146
-208
-4b7
335
28f
-1b4
37c
-1be
58
-18c
-42
-1a7
5c
-2d5
-177
-148
-103
-213
-42c
2ff
28e
-180
377
-1b6
71
-1f0
-2
-16a
b9
-27b
-15a
-145
-172
-1ff
-44f
30d
27c
-1ff
373
-176
88
-1a1
-52
-14d
cf
-275
-154
-16b
-1cb
-1cd
-449
305
2a5
-1b0
38b
-1b4
84
-155
-3d
-109
aa
-26e
-161
-12c
-1aa
-1e5
-481
2eb
2d0
-1a1
384
-201
7d
-19f
-46
-132
81
-29a
-1a8
-10c
-101
-1e0
-42b
315
2e4
-175
38b
-23a
a3
-1e0
-3e
-165
91
-281
-19a
-e2
-eb
-1ec
-410
309
2d0
-193
380
-1d9
95
-1cb
-56
-144
96
-286
-18a
-fe
-df
-1e1
-406
315
2ba
-17c
37a
-1b0
98
-197
-42
-142
3b
-281
-171
-11d
-137
-1ec
-3ee
322
299
-16b
367
-18e
a5
-1a6
-28
-11f
21
-25c
-15e
-164
-192
-20e
-410
2f4
26f
-16e
335
-170
9b
-1b0
-34
-108
7e
-253
-17a
-17c
-13c
-20e
-458
2f2
279
-16e
327
-1b0
8a
-1a5
-54
-11c
84
-279
-1c2
-163
-dc
-1f6
-43b
329
28d
-174
35a
-1b6
84
-1b3
-53
-15f
9f
-280
-1c6
-152
-ab
-21e
-416
2fb
29b
-172
369
-1ef
72
-1c0
-55
-182
a8
-2df
-179
-118
-d4
-213
-3f9
2f8
2bd
-198
377
-1e1
9d
-1a0
-33
-150
51
-2ab
-189
-131
-151
-1f1
-3df
310
29f
-176
35c
-18b
a5
-1ab
-25
-135
42
-257
-159
-157
-1a0
-1fe
-432
2fc
27f
-178
34a
-14e
8d
-196
-25
-134
84
-256
-18e
-172
-14f
-1f9
-45f
304
26e
-182
355
-1a9
7b
-1a9
146
-349
1b
-25e
-146
-426
-1d0
-21a
-3d6
364
1bd
-15a
366
-ca
ef
-452
-4f
-32f
-15
-100
-2ba
-143
-fb
-37c
-3d3
f4
430
-23e
3dd
-360
e9
-229