#Build: Fabric Compiler 2022.2-SP6.4, Build 146967, Jan 31 01:39 2024
#Install: C:\pango\PDS_2022.2-SP6.4\bin
#Application name: pds_shell.exe
#OS: Windows 10 10.0.22631
#Hostname: DESKTOP-VB8TKRO
Generated by Fabric Compiler (version 2022.2-SP6.4 build 146967) at Wed Jul  1 14:51:23 2026
Compiling architecture definition.
Analyzing project file 'C:/Users/Datou21/Desktop/PDS/back1/cnn_usb_copy/prj_pds/hdmi_loop.pds'.
License checkout: fabric_ads from C:\pango\new_pds_F4A80DA47D72.lic
Compiling verification operator library.
Loading technology operator library.
Compiling technology operator library.
Compiling technology operator (valence) library.
I: Enable SystemVerilog features and keywords
Start rtl-analyze.
E: Failed to execute the script : couldn't read file "C:/Users/Datou21/Desktop/PDS/back1/cnn_usb_copy/prj_pds/compile/parse_design/screen.tcl": no such file or directory
Executing : .rtl_analyze -work work -include_path {{C:/Users/Datou21/Desktop/PDS/back1/cnn_usb_copy/rtl_pds/data_process/header} {C:/Users/Datou21/Desktop/PDS/back1/cnn_usb_copy/rtl_pds/data_process/mem_data} {C:/Users/Datou21/Desktop/PDS/back1/cnn_usb_copy/prj_pds}} C:/Users/Datou21/Desktop/PDS/back1/cnn_usb_copy/rtl_pds/top_yolo.sv
I: Verilog-0001: Analyzing file C:/Users/Datou21/Desktop/PDS/back1/cnn_usb_copy/rtl_pds/top_yolo.sv
I: Found Verilog include file C:/Users/Datou21/Desktop/PDS/back1/cnn_usb_copy/rtl_pds/data_process/header/layer0.vh
I: Found Verilog include file C:/Users/Datou21/Desktop/PDS/back1/cnn_usb_copy/rtl_pds/data_process/header/layer1.vh
I: Found Verilog include file C:/Users/Datou21/Desktop/PDS/back1/cnn_usb_copy/rtl_pds/data_process/header/layer2.vh
I: Found Verilog include file C:/Users/Datou21/Desktop/PDS/back1/cnn_usb_copy/rtl_pds/data_process/header/layer3.vh
I: Found Verilog include file C:/Users/Datou21/Desktop/PDS/back1/cnn_usb_copy/rtl_pds/data_process/header/layer4.vh
I: Found Verilog include file C:/Users/Datou21/Desktop/PDS/back1/cnn_usb_copy/rtl_pds/data_process/header/layer5.vh
I: Found Verilog include file C:/Users/Datou21/Desktop/PDS/back1/cnn_usb_copy/rtl_pds/data_process/header/layer6.vh
I: Found Verilog include file C:/Users/Datou21/Desktop/PDS/back1/cnn_usb_copy/rtl_pds/data_process/header/layer7.vh
I: Found Verilog include file C:/Users/Datou21/Desktop/PDS/back1/cnn_usb_copy/rtl_pds/data_process/header/layer8.vh
I: Found Verilog include file C:/Users/Datou21/Desktop/PDS/back1/cnn_usb_copy/rtl_pds/data_process/header/layer9.vh
I: Found Verilog include file C:/Users/Datou21/Desktop/PDS/back1/cnn_usb_copy/rtl_pds/data_process/header/layer10.vh
I: Verilog-0002: [C:/Users/Datou21/Desktop/PDS/back1/cnn_usb_copy/rtl_pds/top_yolo.sv(line number: 18)] Analyzing module top_yolo (library work)
Parsing done.
Executing : .rtl_analyze -work work -include_path {{C:/Users/Datou21/Desktop/PDS/back1/cnn_usb_copy/rtl_pds/data_process/header} {C:/Users/Datou21/Desktop/PDS/back1/cnn_usb_copy/rtl_pds/data_process/mem_data} {C:/Users/Datou21/Desktop/PDS/back1/cnn_usb_copy/prj_pds}} C:/Users/Datou21/Desktop/PDS/back1/cnn_usb_copy/rtl_pds/top_yolo.sv successfully.
Executing : .rtl_analyze -work work -include_path {{C:/Users/Datou21/Desktop/PDS/back1/cnn_usb_copy/rtl_pds/data_process/header} {C:/Users/Datou21/Desktop/PDS/back1/cnn_usb_copy/rtl_pds/data_process/mem_data} {C:/Users/Datou21/Desktop/PDS/back1/cnn_usb_copy/prj_pds}} C:/Users/Datou21/Desktop/PDS/back1/cnn_usb_copy/rtl_pds/overlay/char_overlay.sv
I: Verilog-0001: Analyzing file C:/Users/Datou21/Desktop/PDS/back1/cnn_usb_copy/rtl_pds/overlay/char_overlay.sv
I: Verilog-0002: [C:/Users/Datou21/Desktop/PDS/back1/cnn_usb_copy/rtl_pds/overlay/char_overlay.sv(line number: 3)] Analyzing module char_overlay (library work)
Parsing done.
Executing : .rtl_analyze -work work -include_path {{C:/Users/Datou21/Desktop/PDS/back1/cnn_usb_copy/rtl_pds/data_process/header} {C:/Users/Datou21/Desktop/PDS/back1/cnn_usb_copy/rtl_pds/data_process/mem_data} {C:/Users/Datou21/Desktop/PDS/back1/cnn_usb_copy/prj_pds}} C:/Users/Datou21/Desktop/PDS/back1/cnn_usb_copy/rtl_pds/overlay/char_overlay.sv successfully.
Executing : .rtl_analyze -work work -include_path {{C:/Users/Datou21/Desktop/PDS/back1/cnn_usb_copy/rtl_pds/data_process/header} {C:/Users/Datou21/Desktop/PDS/back1/cnn_usb_copy/rtl_pds/data_process/mem_data} {C:/Users/Datou21/Desktop/PDS/back1/cnn_usb_copy/prj_pds}} C:/Users/Datou21/Desktop/PDS/back1/cnn_usb_copy/rtl_pds/data_process/layer.sv
I: Verilog-0001: Analyzing file C:/Users/Datou21/Desktop/PDS/back1/cnn_usb_copy/rtl_pds/data_process/layer.sv
I: Verilog-0002: [C:/Users/Datou21/Desktop/PDS/back1/cnn_usb_copy/rtl_pds/data_process/layer.sv(line number: 4)] Analyzing module layer (library work)
Parsing done.
Executing : .rtl_analyze -work work -include_path {{C:/Users/Datou21/Desktop/PDS/back1/cnn_usb_copy/rtl_pds/data_process/header} {C:/Users/Datou21/Desktop/PDS/back1/cnn_usb_copy/rtl_pds/data_process/mem_data} {C:/Users/Datou21/Desktop/PDS/back1/cnn_usb_copy/prj_pds}} C:/Users/Datou21/Desktop/PDS/back1/cnn_usb_copy/rtl_pds/data_process/layer.sv successfully.
Executing : .rtl_analyze -work work -include_path {{C:/Users/Datou21/Desktop/PDS/back1/cnn_usb_copy/rtl_pds/data_process/header} {C:/Users/Datou21/Desktop/PDS/back1/cnn_usb_copy/rtl_pds/data_process/mem_data} {C:/Users/Datou21/Desktop/PDS/back1/cnn_usb_copy/prj_pds}} C:/Users/Datou21/Desktop/PDS/back1/cnn_usb_copy/rtl_pds/data_process/output_layer.sv
I: Verilog-0001: Analyzing file C:/Users/Datou21/Desktop/PDS/back1/cnn_usb_copy/rtl_pds/data_process/output_layer.sv
I: Verilog-0002: [C:/Users/Datou21/Desktop/PDS/back1/cnn_usb_copy/rtl_pds/data_process/output_layer.sv(line number: 15)] Analyzing module output_layer (library work)
Parsing done.
Executing : .rtl_analyze -work work -include_path {{C:/Users/Datou21/Desktop/PDS/back1/cnn_usb_copy/rtl_pds/data_process/header} {C:/Users/Datou21/Desktop/PDS/back1/cnn_usb_copy/rtl_pds/data_process/mem_data} {C:/Users/Datou21/Desktop/PDS/back1/cnn_usb_copy/prj_pds}} C:/Users/Datou21/Desktop/PDS/back1/cnn_usb_copy/rtl_pds/data_process/output_layer.sv successfully.
Executing : .rtl_analyze -work work -include_path {{C:/Users/Datou21/Desktop/PDS/back1/cnn_usb_copy/rtl_pds/data_process/header} {C:/Users/Datou21/Desktop/PDS/back1/cnn_usb_copy/rtl_pds/data_process/mem_data} {C:/Users/Datou21/Desktop/PDS/back1/cnn_usb_copy/prj_pds}} C:/Users/Datou21/Desktop/PDS/back1/cnn_usb_copy/rtl_pds/data_process/pe_page.sv
I: Verilog-0001: Analyzing file C:/Users/Datou21/Desktop/PDS/back1/cnn_usb_copy/rtl_pds/data_process/pe_page.sv
I: Verilog-0002: [C:/Users/Datou21/Desktop/PDS/back1/cnn_usb_copy/rtl_pds/data_process/pe_page.sv(line number: 5)] Analyzing module pe_page (library work)
Parsing done.
Executing : .rtl_analyze -work work -include_path {{C:/Users/Datou21/Desktop/PDS/back1/cnn_usb_copy/rtl_pds/data_process/header} {C:/Users/Datou21/Desktop/PDS/back1/cnn_usb_copy/rtl_pds/data_process/mem_data} {C:/Users/Datou21/Desktop/PDS/back1/cnn_usb_copy/prj_pds}} C:/Users/Datou21/Desktop/PDS/back1/cnn_usb_copy/rtl_pds/data_process/pe_page.sv successfully.
Executing : .rtl_analyze -work work -include_path {{C:/Users/Datou21/Desktop/PDS/back1/cnn_usb_copy/rtl_pds/data_process/header} {C:/Users/Datou21/Desktop/PDS/back1/cnn_usb_copy/rtl_pds/data_process/mem_data} {C:/Users/Datou21/Desktop/PDS/back1/cnn_usb_copy/prj_pds}} C:/Users/Datou21/Desktop/PDS/back1/cnn_usb_copy/rtl_pds/data_process/post_cv3_conv2d.sv
I: Verilog-0001: Analyzing file C:/Users/Datou21/Desktop/PDS/back1/cnn_usb_copy/rtl_pds/data_process/post_cv3_conv2d.sv
I: Verilog-0002: [C:/Users/Datou21/Desktop/PDS/back1/cnn_usb_copy/rtl_pds/data_process/post_cv3_conv2d.sv(line number: 2)] Analyzing module post_cv3_conv2d (library work)
Parsing done.
Executing : .rtl_analyze -work work -include_path {{C:/Users/Datou21/Desktop/PDS/back1/cnn_usb_copy/rtl_pds/data_process/header} {C:/Users/Datou21/Desktop/PDS/back1/cnn_usb_copy/rtl_pds/data_process/mem_data} {C:/Users/Datou21/Desktop/PDS/back1/cnn_usb_copy/prj_pds}} C:/Users/Datou21/Desktop/PDS/back1/cnn_usb_copy/rtl_pds/data_process/post_cv3_conv2d.sv successfully.
Executing : .rtl_analyze -work work -include_path {{C:/Users/Datou21/Desktop/PDS/back1/cnn_usb_copy/rtl_pds/data_process/header} {C:/Users/Datou21/Desktop/PDS/back1/cnn_usb_copy/rtl_pds/data_process/mem_data} {C:/Users/Datou21/Desktop/PDS/back1/cnn_usb_copy/prj_pds}} C:/Users/Datou21/Desktop/PDS/back1/cnn_usb_copy/rtl_pds/data_process/w_manager.sv
I: Verilog-0001: Analyzing file C:/Users/Datou21/Desktop/PDS/back1/cnn_usb_copy/rtl_pds/data_process/w_manager.sv
I: Verilog-0002: [C:/Users/Datou21/Desktop/PDS/back1/cnn_usb_copy/rtl_pds/data_process/w_manager.sv(line number: 6)] Analyzing module w_manager (library work)
Parsing done.
Executing : .rtl_analyze -work work -include_path {{C:/Users/Datou21/Desktop/PDS/back1/cnn_usb_copy/rtl_pds/data_process/header} {C:/Users/Datou21/Desktop/PDS/back1/cnn_usb_copy/rtl_pds/data_process/mem_data} {C:/Users/Datou21/Desktop/PDS/back1/cnn_usb_copy/prj_pds}} C:/Users/Datou21/Desktop/PDS/back1/cnn_usb_copy/rtl_pds/data_process/w_manager.sv successfully.
Executing : .rtl_analyze -work work -include_path {{C:/Users/Datou21/Desktop/PDS/back1/cnn_usb_copy/rtl_pds/data_process/header} {C:/Users/Datou21/Desktop/PDS/back1/cnn_usb_copy/rtl_pds/data_process/mem_data} {C:/Users/Datou21/Desktop/PDS/back1/cnn_usb_copy/prj_pds}} C:/Users/Datou21/Desktop/PDS/back1/cnn_usb_copy/rtl_pds/overlay/box_overlay_sync.sv
I: Verilog-0001: Analyzing file C:/Users/Datou21/Desktop/PDS/back1/cnn_usb_copy/rtl_pds/overlay/box_overlay_sync.sv
I: Verilog-0002: [C:/Users/Datou21/Desktop/PDS/back1/cnn_usb_copy/rtl_pds/overlay/box_overlay_sync.sv(line number: 1)] Analyzing module box_overlay_sync (library work)
Parsing done.
Executing : .rtl_analyze -work work -include_path {{C:/Users/Datou21/Desktop/PDS/back1/cnn_usb_copy/rtl_pds/data_process/header} {C:/Users/Datou21/Desktop/PDS/back1/cnn_usb_copy/rtl_pds/data_process/mem_data} {C:/Users/Datou21/Desktop/PDS/back1/cnn_usb_copy/prj_pds}} C:/Users/Datou21/Desktop/PDS/back1/cnn_usb_copy/rtl_pds/overlay/box_overlay_sync.sv successfully.
Executing : .rtl_analyze -work work -include_path {{C:/Users/Datou21/Desktop/PDS/back1/cnn_usb_copy/rtl_pds/data_process/header} {C:/Users/Datou21/Desktop/PDS/back1/cnn_usb_copy/rtl_pds/data_process/mem_data} {C:/Users/Datou21/Desktop/PDS/back1/cnn_usb_copy/prj_pds}} C:/Users/Datou21/Desktop/PDS/back1/cnn_usb_copy/rtl_pds/overlay/crop_buffer_manager.sv
I: Verilog-0001: Analyzing file C:/Users/Datou21/Desktop/PDS/back1/cnn_usb_copy/rtl_pds/overlay/crop_buffer_manager.sv
I: Verilog-0002: [C:/Users/Datou21/Desktop/PDS/back1/cnn_usb_copy/rtl_pds/overlay/crop_buffer_manager.sv(line number: 1)] Analyzing module crop_buffer_manager (library work)
Parsing done.
Executing : .rtl_analyze -work work -include_path {{C:/Users/Datou21/Desktop/PDS/back1/cnn_usb_copy/rtl_pds/data_process/header} {C:/Users/Datou21/Desktop/PDS/back1/cnn_usb_copy/rtl_pds/data_process/mem_data} {C:/Users/Datou21/Desktop/PDS/back1/cnn_usb_copy/prj_pds}} C:/Users/Datou21/Desktop/PDS/back1/cnn_usb_copy/rtl_pds/overlay/crop_buffer_manager.sv successfully.
Executing : .rtl_analyze -work work -include_path {{C:/Users/Datou21/Desktop/PDS/back1/cnn_usb_copy/rtl_pds/data_process/header} {C:/Users/Datou21/Desktop/PDS/back1/cnn_usb_copy/rtl_pds/data_process/mem_data} {C:/Users/Datou21/Desktop/PDS/back1/cnn_usb_copy/prj_pds}} C:/Users/Datou21/Desktop/PDS/back1/cnn_usb_copy/rtl_pds/hdmi_loop.sv
I: Verilog-0001: Analyzing file C:/Users/Datou21/Desktop/PDS/back1/cnn_usb_copy/rtl_pds/hdmi_loop.sv
I: Found Verilog include file C:/Users/Datou21/Desktop/PDS/back1/cnn_usb_copy/rtl_pds/data_process/header/layer0.vh
W: Public-4030: File 'C:/Users/Datou21/Desktop/PDS/back1/cnn_usb_copy/rtl_pds/data_process/header/layer0.vh' has been added. It is skipped.
I: Found Verilog include file C:/Users/Datou21/Desktop/PDS/back1/cnn_usb_copy/rtl_pds/data_process/header/layer7.vh
W: Public-4030: File 'C:/Users/Datou21/Desktop/PDS/back1/cnn_usb_copy/rtl_pds/data_process/header/layer7.vh' has been added. It is skipped.
I: Found Verilog include file C:/Users/Datou21/Desktop/PDS/back1/cnn_usb_copy/rtl_pds/data_process/header/layer20.vh
I: Found Verilog include file C:/Users/Datou21/Desktop/PDS/back1/cnn_usb_copy/rtl_pds/data_process/header/layer24.vh
I: Found Verilog include file C:/Users/Datou21/Desktop/PDS/back1/cnn_usb_copy/rtl_pds/data_process/header/layer31.vh
I: Verilog-0002: [C:/Users/Datou21/Desktop/PDS/back1/cnn_usb_copy/rtl_pds/hdmi_loop.sv(line number: 12)] Analyzing module hdmi_loop (library work)
Parsing done.
Executing : .rtl_analyze -work work -include_path {{C:/Users/Datou21/Desktop/PDS/back1/cnn_usb_copy/rtl_pds/data_process/header} {C:/Users/Datou21/Desktop/PDS/back1/cnn_usb_copy/rtl_pds/data_process/mem_data} {C:/Users/Datou21/Desktop/PDS/back1/cnn_usb_copy/prj_pds}} C:/Users/Datou21/Desktop/PDS/back1/cnn_usb_copy/rtl_pds/hdmi_loop.sv successfully.
Executing : .rtl_analyze -work work -include_path {{C:/Users/Datou21/Desktop/PDS/back1/cnn_usb_copy/rtl_pds/data_process/header} {C:/Users/Datou21/Desktop/PDS/back1/cnn_usb_copy/rtl_pds/data_process/mem_data} {C:/Users/Datou21/Desktop/PDS/back1/cnn_usb_copy/prj_pds}} C:/Users/Datou21/Desktop/PDS/back1/cnn_usb_copy/rtl_pds/layer_data_adapter.sv
I: Verilog-0001: Analyzing file C:/Users/Datou21/Desktop/PDS/back1/cnn_usb_copy/rtl_pds/layer_data_adapter.sv
I: Verilog-0002: [C:/Users/Datou21/Desktop/PDS/back1/cnn_usb_copy/rtl_pds/layer_data_adapter.sv(line number: 3)] Analyzing module layer_data_adapter (library work)
Parsing done.
Executing : .rtl_analyze -work work -include_path {{C:/Users/Datou21/Desktop/PDS/back1/cnn_usb_copy/rtl_pds/data_process/header} {C:/Users/Datou21/Desktop/PDS/back1/cnn_usb_copy/rtl_pds/data_process/mem_data} {C:/Users/Datou21/Desktop/PDS/back1/cnn_usb_copy/prj_pds}} C:/Users/Datou21/Desktop/PDS/back1/cnn_usb_copy/rtl_pds/layer_data_adapter.sv successfully.
Executing : .rtl_analyze -work work -include_path {{C:/Users/Datou21/Desktop/PDS/back1/cnn_usb_copy/rtl_pds/data_process/header} {C:/Users/Datou21/Desktop/PDS/back1/cnn_usb_copy/rtl_pds/data_process/mem_data} {C:/Users/Datou21/Desktop/PDS/back1/cnn_usb_copy/prj_pds}} C:/Users/Datou21/Desktop/PDS/back1/cnn_usb_copy/rtl_pds/my_fifo.sv
I: Verilog-0001: Analyzing file C:/Users/Datou21/Desktop/PDS/back1/cnn_usb_copy/rtl_pds/my_fifo.sv
I: Verilog-0002: [C:/Users/Datou21/Desktop/PDS/back1/cnn_usb_copy/rtl_pds/my_fifo.sv(line number: 1)] Analyzing module my_fifo (library work)
Parsing done.
Executing : .rtl_analyze -work work -include_path {{C:/Users/Datou21/Desktop/PDS/back1/cnn_usb_copy/rtl_pds/data_process/header} {C:/Users/Datou21/Desktop/PDS/back1/cnn_usb_copy/rtl_pds/data_process/mem_data} {C:/Users/Datou21/Desktop/PDS/back1/cnn_usb_copy/prj_pds}} C:/Users/Datou21/Desktop/PDS/back1/cnn_usb_copy/rtl_pds/my_fifo.sv successfully.
Executing : .rtl_analyze -work work -include_path {{C:/Users/Datou21/Desktop/PDS/back1/cnn_usb_copy/rtl_pds/data_process/header} {C:/Users/Datou21/Desktop/PDS/back1/cnn_usb_copy/rtl_pds/data_process/mem_data} {C:/Users/Datou21/Desktop/PDS/back1/cnn_usb_copy/prj_pds}} C:/Users/Datou21/Desktop/PDS/back1/cnn_usb_copy/rtl_pds/top_lprnet.sv
I: Verilog-0001: Analyzing file C:/Users/Datou21/Desktop/PDS/back1/cnn_usb_copy/rtl_pds/top_lprnet.sv
I: Found Verilog include file C:/Users/Datou21/Desktop/PDS/back1/cnn_usb_copy/rtl_pds/data_process/header/layer20.vh
W: Public-4030: File 'C:/Users/Datou21/Desktop/PDS/back1/cnn_usb_copy/rtl_pds/data_process/header/layer20.vh' has been added. It is skipped.
I: Found Verilog include file C:/Users/Datou21/Desktop/PDS/back1/cnn_usb_copy/rtl_pds/data_process/header/layer21.vh
I: Found Verilog include file C:/Users/Datou21/Desktop/PDS/back1/cnn_usb_copy/rtl_pds/data_process/header/layer22.vh
I: Found Verilog include file C:/Users/Datou21/Desktop/PDS/back1/cnn_usb_copy/rtl_pds/data_process/header/layer23.vh
I: Found Verilog include file C:/Users/Datou21/Desktop/PDS/back1/cnn_usb_copy/rtl_pds/data_process/header/layer24.vh
W: Public-4030: File 'C:/Users/Datou21/Desktop/PDS/back1/cnn_usb_copy/rtl_pds/data_process/header/layer24.vh' has been added. It is skipped.
I: Found Verilog include file C:/Users/Datou21/Desktop/PDS/back1/cnn_usb_copy/rtl_pds/data_process/header/layer25.vh
I: Found Verilog include file C:/Users/Datou21/Desktop/PDS/back1/cnn_usb_copy/rtl_pds/data_process/header/layer26.vh
I: Found Verilog include file C:/Users/Datou21/Desktop/PDS/back1/cnn_usb_copy/rtl_pds/data_process/header/layer27.vh
I: Found Verilog include file C:/Users/Datou21/Desktop/PDS/back1/cnn_usb_copy/rtl_pds/data_process/header/layer28.vh
I: Found Verilog include file C:/Users/Datou21/Desktop/PDS/back1/cnn_usb_copy/rtl_pds/data_process/header/layer29.vh
I: Found Verilog include file C:/Users/Datou21/Desktop/PDS/back1/cnn_usb_copy/rtl_pds/data_process/header/layer30.vh
I: Found Verilog include file C:/Users/Datou21/Desktop/PDS/back1/cnn_usb_copy/rtl_pds/data_process/header/layer31.vh
W: Public-4030: File 'C:/Users/Datou21/Desktop/PDS/back1/cnn_usb_copy/rtl_pds/data_process/header/layer31.vh' has been added. It is skipped.
I: Verilog-0002: [C:/Users/Datou21/Desktop/PDS/back1/cnn_usb_copy/rtl_pds/top_lprnet.sv(line number: 17)] Analyzing module lprnet_top (library work)
Parsing done.
Executing : .rtl_analyze -work work -include_path {{C:/Users/Datou21/Desktop/PDS/back1/cnn_usb_copy/rtl_pds/data_process/header} {C:/Users/Datou21/Desktop/PDS/back1/cnn_usb_copy/rtl_pds/data_process/mem_data} {C:/Users/Datou21/Desktop/PDS/back1/cnn_usb_copy/prj_pds}} C:/Users/Datou21/Desktop/PDS/back1/cnn_usb_copy/rtl_pds/top_lprnet.sv successfully.
Executing : .rtl_analyze -work work -include_path {{C:/Users/Datou21/Desktop/PDS/back1/cnn_usb_copy/rtl_pds/data_process/header} {C:/Users/Datou21/Desktop/PDS/back1/cnn_usb_copy/rtl_pds/data_process/mem_data} {C:/Users/Datou21/Desktop/PDS/back1/cnn_usb_copy/prj_pds}} C:/Users/Datou21/Desktop/PDS/back1/cnn_usb_copy/rtl_pds/data_process/activation_lut.sv
I: Verilog-0001: Analyzing file C:/Users/Datou21/Desktop/PDS/back1/cnn_usb_copy/rtl_pds/data_process/activation_lut.sv
I: Verilog-0002: [C:/Users/Datou21/Desktop/PDS/back1/cnn_usb_copy/rtl_pds/data_process/activation_lut.sv(line number: 2)] Analyzing module activation_lut (library work)
Parsing done.
Executing : .rtl_analyze -work work -include_path {{C:/Users/Datou21/Desktop/PDS/back1/cnn_usb_copy/rtl_pds/data_process/header} {C:/Users/Datou21/Desktop/PDS/back1/cnn_usb_copy/rtl_pds/data_process/mem_data} {C:/Users/Datou21/Desktop/PDS/back1/cnn_usb_copy/prj_pds}} C:/Users/Datou21/Desktop/PDS/back1/cnn_usb_copy/rtl_pds/data_process/activation_lut.sv successfully.
Executing : .rtl_analyze -work work -include_path {{C:/Users/Datou21/Desktop/PDS/back1/cnn_usb_copy/rtl_pds/data_process/header} {C:/Users/Datou21/Desktop/PDS/back1/cnn_usb_copy/rtl_pds/data_process/mem_data} {C:/Users/Datou21/Desktop/PDS/back1/cnn_usb_copy/prj_pds}} C:/Users/Datou21/Desktop/PDS/back1/cnn_usb_copy/rtl_pds/data_process/d_manager.sv
I: Verilog-0001: Analyzing file C:/Users/Datou21/Desktop/PDS/back1/cnn_usb_copy/rtl_pds/data_process/d_manager.sv
I: Verilog-0002: [C:/Users/Datou21/Desktop/PDS/back1/cnn_usb_copy/rtl_pds/data_process/d_manager.sv(line number: 3)] Analyzing module d_manager (library work)
Parsing done.
Executing : .rtl_analyze -work work -include_path {{C:/Users/Datou21/Desktop/PDS/back1/cnn_usb_copy/rtl_pds/data_process/header} {C:/Users/Datou21/Desktop/PDS/back1/cnn_usb_copy/rtl_pds/data_process/mem_data} {C:/Users/Datou21/Desktop/PDS/back1/cnn_usb_copy/prj_pds}} C:/Users/Datou21/Desktop/PDS/back1/cnn_usb_copy/rtl_pds/data_process/d_manager.sv successfully.
Executing : .rtl_analyze -work work -include_path {{C:/Users/Datou21/Desktop/PDS/back1/cnn_usb_copy/rtl_pds/data_process/header} {C:/Users/Datou21/Desktop/PDS/back1/cnn_usb_copy/rtl_pds/data_process/mem_data} {C:/Users/Datou21/Desktop/PDS/back1/cnn_usb_copy/prj_pds}} C:/Users/Datou21/Desktop/PDS/back1/cnn_usb_copy/rtl_pds/data_process/extrema_finder.sv
I: Verilog-0001: Analyzing file C:/Users/Datou21/Desktop/PDS/back1/cnn_usb_copy/rtl_pds/data_process/extrema_finder.sv
I: Verilog-0002: [C:/Users/Datou21/Desktop/PDS/back1/cnn_usb_copy/rtl_pds/data_process/extrema_finder.sv(line number: 2)] Analyzing module extrema_finder (library work)
Parsing done.
Executing : .rtl_analyze -work work -include_path {{C:/Users/Datou21/Desktop/PDS/back1/cnn_usb_copy/rtl_pds/data_process/header} {C:/Users/Datou21/Desktop/PDS/back1/cnn_usb_copy/rtl_pds/data_process/mem_data} {C:/Users/Datou21/Desktop/PDS/back1/cnn_usb_copy/prj_pds}} C:/Users/Datou21/Desktop/PDS/back1/cnn_usb_copy/rtl_pds/data_process/extrema_finder.sv successfully.
Executing : .rtl_analyze -work work -include_path {{C:/Users/Datou21/Desktop/PDS/back1/cnn_usb_copy/rtl_pds/data_process/header} {C:/Users/Datou21/Desktop/PDS/back1/cnn_usb_copy/rtl_pds/data_process/mem_data} {C:/Users/Datou21/Desktop/PDS/back1/cnn_usb_copy/prj_pds}} C:/Users/Datou21/Desktop/PDS/back1/cnn_usb_copy/rtl_pds/data_process/input_layer.sv
I: Verilog-0001: Analyzing file C:/Users/Datou21/Desktop/PDS/back1/cnn_usb_copy/rtl_pds/data_process/input_layer.sv
I: Verilog-0002: [C:/Users/Datou21/Desktop/PDS/back1/cnn_usb_copy/rtl_pds/data_process/input_layer.sv(line number: 2)] Analyzing module input_layer (library work)
Parsing done.
Executing : .rtl_analyze -work work -include_path {{C:/Users/Datou21/Desktop/PDS/back1/cnn_usb_copy/rtl_pds/data_process/header} {C:/Users/Datou21/Desktop/PDS/back1/cnn_usb_copy/rtl_pds/data_process/mem_data} {C:/Users/Datou21/Desktop/PDS/back1/cnn_usb_copy/prj_pds}} C:/Users/Datou21/Desktop/PDS/back1/cnn_usb_copy/rtl_pds/data_process/input_layer.sv successfully.
Executing : .rtl_analyze -work work -include_path {{C:/Users/Datou21/Desktop/PDS/back1/cnn_usb_copy/rtl_pds/data_process/header} {C:/Users/Datou21/Desktop/PDS/back1/cnn_usb_copy/rtl_pds/data_process/mem_data} {C:/Users/Datou21/Desktop/PDS/back1/cnn_usb_copy/prj_pds}} C:/Users/Datou21/Desktop/PDS/back1/cnn_usb_copy/rtl_pds/data_process/lprnet_post_process.sv
I: Verilog-0001: Analyzing file C:/Users/Datou21/Desktop/PDS/back1/cnn_usb_copy/rtl_pds/data_process/lprnet_post_process.sv
I: Verilog-0002: [C:/Users/Datou21/Desktop/PDS/back1/cnn_usb_copy/rtl_pds/data_process/lprnet_post_process.sv(line number: 2)] Analyzing module lprnet_post_process (library work)
Parsing done.
Executing : .rtl_analyze -work work -include_path {{C:/Users/Datou21/Desktop/PDS/back1/cnn_usb_copy/rtl_pds/data_process/header} {C:/Users/Datou21/Desktop/PDS/back1/cnn_usb_copy/rtl_pds/data_process/mem_data} {C:/Users/Datou21/Desktop/PDS/back1/cnn_usb_copy/prj_pds}} C:/Users/Datou21/Desktop/PDS/back1/cnn_usb_copy/rtl_pds/data_process/lprnet_post_process.sv successfully.
Executing : .rtl_analyze -work work -include_path {{C:/Users/Datou21/Desktop/PDS/back1/cnn_usb_copy/rtl_pds/data_process/header} {C:/Users/Datou21/Desktop/PDS/back1/cnn_usb_copy/rtl_pds/data_process/mem_data} {C:/Users/Datou21/Desktop/PDS/back1/cnn_usb_copy/prj_pds}} C:/Users/Datou21/Desktop/PDS/back1/cnn_usb_copy/rtl_pds/data_process/lprnet_spatial_sum.sv
I: Verilog-0001: Analyzing file C:/Users/Datou21/Desktop/PDS/back1/cnn_usb_copy/rtl_pds/data_process/lprnet_spatial_sum.sv
I: Verilog-0002: [C:/Users/Datou21/Desktop/PDS/back1/cnn_usb_copy/rtl_pds/data_process/lprnet_spatial_sum.sv(line number: 2)] Analyzing module lprnet_spatial_sum (library work)
Parsing done.
Executing : .rtl_analyze -work work -include_path {{C:/Users/Datou21/Desktop/PDS/back1/cnn_usb_copy/rtl_pds/data_process/header} {C:/Users/Datou21/Desktop/PDS/back1/cnn_usb_copy/rtl_pds/data_process/mem_data} {C:/Users/Datou21/Desktop/PDS/back1/cnn_usb_copy/prj_pds}} C:/Users/Datou21/Desktop/PDS/back1/cnn_usb_copy/rtl_pds/data_process/lprnet_spatial_sum.sv successfully.
Executing : .rtl_analyze -work work -include_path {{C:/Users/Datou21/Desktop/PDS/back1/cnn_usb_copy/rtl_pds/data_process/header} {C:/Users/Datou21/Desktop/PDS/back1/cnn_usb_copy/rtl_pds/data_process/mem_data} {C:/Users/Datou21/Desktop/PDS/back1/cnn_usb_copy/prj_pds}} C:/Users/Datou21/Desktop/PDS/back1/cnn_usb_copy/rtl_pds/data_process/max_pool2d.sv
I: Verilog-0001: Analyzing file C:/Users/Datou21/Desktop/PDS/back1/cnn_usb_copy/rtl_pds/data_process/max_pool2d.sv
I: Verilog-0002: [C:/Users/Datou21/Desktop/PDS/back1/cnn_usb_copy/rtl_pds/data_process/max_pool2d.sv(line number: 1)] Analyzing module max_pool2d (library work)
Parsing done.
Executing : .rtl_analyze -work work -include_path {{C:/Users/Datou21/Desktop/PDS/back1/cnn_usb_copy/rtl_pds/data_process/header} {C:/Users/Datou21/Desktop/PDS/back1/cnn_usb_copy/rtl_pds/data_process/mem_data} {C:/Users/Datou21/Desktop/PDS/back1/cnn_usb_copy/prj_pds}} C:/Users/Datou21/Desktop/PDS/back1/cnn_usb_copy/rtl_pds/data_process/max_pool2d.sv successfully.
Executing : .rtl_analyze -work work -include_path {{C:/Users/Datou21/Desktop/PDS/back1/cnn_usb_copy/rtl_pds/data_process/header} {C:/Users/Datou21/Desktop/PDS/back1/cnn_usb_copy/rtl_pds/data_process/mem_data} {C:/Users/Datou21/Desktop/PDS/back1/cnn_usb_copy/prj_pds}} C:/Users/Datou21/Desktop/PDS/back1/cnn_usb_copy/rtl_pds/data_process/pe.sv
I: Verilog-0001: Analyzing file C:/Users/Datou21/Desktop/PDS/back1/cnn_usb_copy/rtl_pds/data_process/pe.sv
I: Verilog-0002: [C:/Users/Datou21/Desktop/PDS/back1/cnn_usb_copy/rtl_pds/data_process/pe.sv(line number: 2)] Analyzing module pe (library work)
Parsing done.
Executing : .rtl_analyze -work work -include_path {{C:/Users/Datou21/Desktop/PDS/back1/cnn_usb_copy/rtl_pds/data_process/header} {C:/Users/Datou21/Desktop/PDS/back1/cnn_usb_copy/rtl_pds/data_process/mem_data} {C:/Users/Datou21/Desktop/PDS/back1/cnn_usb_copy/prj_pds}} C:/Users/Datou21/Desktop/PDS/back1/cnn_usb_copy/rtl_pds/data_process/pe.sv successfully.
Executing : .rtl_analyze -work work -include_path {{C:/Users/Datou21/Desktop/PDS/back1/cnn_usb_copy/rtl_pds/data_process/header} {C:/Users/Datou21/Desktop/PDS/back1/cnn_usb_copy/rtl_pds/data_process/mem_data} {C:/Users/Datou21/Desktop/PDS/back1/cnn_usb_copy/prj_pds}} C:/Users/Datou21/Desktop/PDS/back1/cnn_usb_copy/rtl_pds/data_process/pe_col.sv
I: Verilog-0001: Analyzing file C:/Users/Datou21/Desktop/PDS/back1/cnn_usb_copy/rtl_pds/data_process/pe_col.sv
I: Verilog-0002: [C:/Users/Datou21/Desktop/PDS/back1/cnn_usb_copy/rtl_pds/data_process/pe_col.sv(line number: 4)] Analyzing module pe_col (library work)
Parsing done.
Executing : .rtl_analyze -work work -include_path {{C:/Users/Datou21/Desktop/PDS/back1/cnn_usb_copy/rtl_pds/data_process/header} {C:/Users/Datou21/Desktop/PDS/back1/cnn_usb_copy/rtl_pds/data_process/mem_data} {C:/Users/Datou21/Desktop/PDS/back1/cnn_usb_copy/prj_pds}} C:/Users/Datou21/Desktop/PDS/back1/cnn_usb_copy/rtl_pds/data_process/pe_col.sv successfully.
Executing : .rtl_analyze -work work -include_path {{C:/Users/Datou21/Desktop/PDS/back1/cnn_usb_copy/rtl_pds/data_process/header} {C:/Users/Datou21/Desktop/PDS/back1/cnn_usb_copy/rtl_pds/data_process/mem_data} {C:/Users/Datou21/Desktop/PDS/back1/cnn_usb_copy/prj_pds}} C:/Users/Datou21/Desktop/PDS/back1/cnn_usb_copy/rtl_pds/data_process/sdp_ram.sv
I: Verilog-0001: Analyzing file C:/Users/Datou21/Desktop/PDS/back1/cnn_usb_copy/rtl_pds/data_process/sdp_ram.sv
I: Verilog-0002: [C:/Users/Datou21/Desktop/PDS/back1/cnn_usb_copy/rtl_pds/data_process/sdp_ram.sv(line number: 2)] Analyzing module sdp_ram (library work)
Parsing done.
Executing : .rtl_analyze -work work -include_path {{C:/Users/Datou21/Desktop/PDS/back1/cnn_usb_copy/rtl_pds/data_process/header} {C:/Users/Datou21/Desktop/PDS/back1/cnn_usb_copy/rtl_pds/data_process/mem_data} {C:/Users/Datou21/Desktop/PDS/back1/cnn_usb_copy/prj_pds}} C:/Users/Datou21/Desktop/PDS/back1/cnn_usb_copy/rtl_pds/data_process/sdp_ram.sv successfully.
Executing : .rtl_analyze -work work -include_path {{C:/Users/Datou21/Desktop/PDS/back1/cnn_usb_copy/rtl_pds/data_process/header} {C:/Users/Datou21/Desktop/PDS/back1/cnn_usb_copy/rtl_pds/data_process/mem_data} {C:/Users/Datou21/Desktop/PDS/back1/cnn_usb_copy/prj_pds}} C:/Users/Datou21/Desktop/PDS/back1/cnn_usb_copy/rtl_pds/drive_hdmi/iic_dri.v
I: Verilog-0001: Analyzing file C:/Users/Datou21/Desktop/PDS/back1/cnn_usb_copy/rtl_pds/drive_hdmi/iic_dri.v
I: Verilog-0002: [C:/Users/Datou21/Desktop/PDS/back1/cnn_usb_copy/rtl_pds/drive_hdmi/iic_dri.v(line number: 23)] Analyzing module iic_dri (library work)
Parsing done.
Executing : .rtl_analyze -work work -include_path {{C:/Users/Datou21/Desktop/PDS/back1/cnn_usb_copy/rtl_pds/data_process/header} {C:/Users/Datou21/Desktop/PDS/back1/cnn_usb_copy/rtl_pds/data_process/mem_data} {C:/Users/Datou21/Desktop/PDS/back1/cnn_usb_copy/prj_pds}} C:/Users/Datou21/Desktop/PDS/back1/cnn_usb_copy/rtl_pds/drive_hdmi/iic_dri.v successfully.
Executing : .rtl_analyze -work work -include_path {{C:/Users/Datou21/Desktop/PDS/back1/cnn_usb_copy/rtl_pds/data_process/header} {C:/Users/Datou21/Desktop/PDS/back1/cnn_usb_copy/rtl_pds/data_process/mem_data} {C:/Users/Datou21/Desktop/PDS/back1/cnn_usb_copy/prj_pds}} C:/Users/Datou21/Desktop/PDS/back1/cnn_usb_copy/rtl_pds/drive_hdmi/ms72xx_ctl.v
I: Verilog-0001: Analyzing file C:/Users/Datou21/Desktop/PDS/back1/cnn_usb_copy/rtl_pds/drive_hdmi/ms72xx_ctl.v
I: Verilog-0002: [C:/Users/Datou21/Desktop/PDS/back1/cnn_usb_copy/rtl_pds/drive_hdmi/ms72xx_ctl.v(line number: 22)] Analyzing module ms72xx_ctl (library work)
Parsing done.
Executing : .rtl_analyze -work work -include_path {{C:/Users/Datou21/Desktop/PDS/back1/cnn_usb_copy/rtl_pds/data_process/header} {C:/Users/Datou21/Desktop/PDS/back1/cnn_usb_copy/rtl_pds/data_process/mem_data} {C:/Users/Datou21/Desktop/PDS/back1/cnn_usb_copy/prj_pds}} C:/Users/Datou21/Desktop/PDS/back1/cnn_usb_copy/rtl_pds/drive_hdmi/ms72xx_ctl.v successfully.
Executing : .rtl_analyze -work work -include_path {{C:/Users/Datou21/Desktop/PDS/back1/cnn_usb_copy/rtl_pds/data_process/header} {C:/Users/Datou21/Desktop/PDS/back1/cnn_usb_copy/rtl_pds/data_process/mem_data} {C:/Users/Datou21/Desktop/PDS/back1/cnn_usb_copy/prj_pds}} C:/Users/Datou21/Desktop/PDS/back1/cnn_usb_copy/rtl_pds/drive_hdmi/ms7200_ctl.v
I: Verilog-0001: Analyzing file C:/Users/Datou21/Desktop/PDS/back1/cnn_usb_copy/rtl_pds/drive_hdmi/ms7200_ctl.v
I: Verilog-0002: [C:/Users/Datou21/Desktop/PDS/back1/cnn_usb_copy/rtl_pds/drive_hdmi/ms7200_ctl.v(line number: 22)] Analyzing module ms7200_ctl (library work)
Parsing done.
Executing : .rtl_analyze -work work -include_path {{C:/Users/Datou21/Desktop/PDS/back1/cnn_usb_copy/rtl_pds/data_process/header} {C:/Users/Datou21/Desktop/PDS/back1/cnn_usb_copy/rtl_pds/data_process/mem_data} {C:/Users/Datou21/Desktop/PDS/back1/cnn_usb_copy/prj_pds}} C:/Users/Datou21/Desktop/PDS/back1/cnn_usb_copy/rtl_pds/drive_hdmi/ms7200_ctl.v successfully.
Executing : .rtl_analyze -work work -include_path {{C:/Users/Datou21/Desktop/PDS/back1/cnn_usb_copy/rtl_pds/data_process/header} {C:/Users/Datou21/Desktop/PDS/back1/cnn_usb_copy/rtl_pds/data_process/mem_data} {C:/Users/Datou21/Desktop/PDS/back1/cnn_usb_copy/prj_pds}} C:/Users/Datou21/Desktop/PDS/back1/cnn_usb_copy/rtl_pds/drive_hdmi/ms7210_ctl.v
I: Verilog-0001: Analyzing file C:/Users/Datou21/Desktop/PDS/back1/cnn_usb_copy/rtl_pds/drive_hdmi/ms7210_ctl.v
I: Verilog-0002: [C:/Users/Datou21/Desktop/PDS/back1/cnn_usb_copy/rtl_pds/drive_hdmi/ms7210_ctl.v(line number: 22)] Analyzing module ms7210_ctl (library work)
Parsing done.
Executing : .rtl_analyze -work work -include_path {{C:/Users/Datou21/Desktop/PDS/back1/cnn_usb_copy/rtl_pds/data_process/header} {C:/Users/Datou21/Desktop/PDS/back1/cnn_usb_copy/rtl_pds/data_process/mem_data} {C:/Users/Datou21/Desktop/PDS/back1/cnn_usb_copy/prj_pds}} C:/Users/Datou21/Desktop/PDS/back1/cnn_usb_copy/rtl_pds/drive_hdmi/ms7210_ctl.v successfully.
Executing : .rtl_analyze -work work -include_path {{C:/Users/Datou21/Desktop/PDS/back1/cnn_usb_copy/rtl_pds/data_process/header} {C:/Users/Datou21/Desktop/PDS/back1/cnn_usb_copy/rtl_pds/data_process/mem_data} {C:/Users/Datou21/Desktop/PDS/back1/cnn_usb_copy/prj_pds}} C:/Users/Datou21/Desktop/PDS/back1/cnn_usb_copy/rtl_pds/drive_hdmi/outputserdes.v
I: Verilog-0001: Analyzing file C:/Users/Datou21/Desktop/PDS/back1/cnn_usb_copy/rtl_pds/drive_hdmi/outputserdes.v
I: Verilog-0002: [C:/Users/Datou21/Desktop/PDS/back1/cnn_usb_copy/rtl_pds/drive_hdmi/outputserdes.v(line number: 21)] Analyzing module outputserdes (library work)
Parsing done.
Executing : .rtl_analyze -work work -include_path {{C:/Users/Datou21/Desktop/PDS/back1/cnn_usb_copy/rtl_pds/data_process/header} {C:/Users/Datou21/Desktop/PDS/back1/cnn_usb_copy/rtl_pds/data_process/mem_data} {C:/Users/Datou21/Desktop/PDS/back1/cnn_usb_copy/prj_pds}} C:/Users/Datou21/Desktop/PDS/back1/cnn_usb_copy/rtl_pds/drive_hdmi/outputserdes.v successfully.
Executing : .rtl_analyze -work work -include_path {{C:/Users/Datou21/Desktop/PDS/back1/cnn_usb_copy/rtl_pds/data_process/header} {C:/Users/Datou21/Desktop/PDS/back1/cnn_usb_copy/rtl_pds/data_process/mem_data} {C:/Users/Datou21/Desktop/PDS/back1/cnn_usb_copy/prj_pds}} C:/Users/Datou21/Desktop/PDS/back1/cnn_usb_copy/rtl_pds/drive_hdmi/rgb2tmds.v
I: Verilog-0001: Analyzing file C:/Users/Datou21/Desktop/PDS/back1/cnn_usb_copy/rtl_pds/drive_hdmi/rgb2tmds.v
I: Verilog-0002: [C:/Users/Datou21/Desktop/PDS/back1/cnn_usb_copy/rtl_pds/drive_hdmi/rgb2tmds.v(line number: 21)] Analyzing module rgb2tmds (library work)
Parsing done.
Executing : .rtl_analyze -work work -include_path {{C:/Users/Datou21/Desktop/PDS/back1/cnn_usb_copy/rtl_pds/data_process/header} {C:/Users/Datou21/Desktop/PDS/back1/cnn_usb_copy/rtl_pds/data_process/mem_data} {C:/Users/Datou21/Desktop/PDS/back1/cnn_usb_copy/prj_pds}} C:/Users/Datou21/Desktop/PDS/back1/cnn_usb_copy/rtl_pds/drive_hdmi/rgb2tmds.v successfully.
Executing : .rtl_analyze -work work -include_path {{C:/Users/Datou21/Desktop/PDS/back1/cnn_usb_copy/rtl_pds/data_process/header} {C:/Users/Datou21/Desktop/PDS/back1/cnn_usb_copy/rtl_pds/data_process/mem_data} {C:/Users/Datou21/Desktop/PDS/back1/cnn_usb_copy/prj_pds}} C:/Users/Datou21/Desktop/PDS/back1/cnn_usb_copy/rtl_pds/drive_hdmi/tmds_encoder.v
I: Verilog-0001: Analyzing file C:/Users/Datou21/Desktop/PDS/back1/cnn_usb_copy/rtl_pds/drive_hdmi/tmds_encoder.v
I: Verilog-0002: [C:/Users/Datou21/Desktop/PDS/back1/cnn_usb_copy/rtl_pds/drive_hdmi/tmds_encoder.v(line number: 22)] Analyzing module tmds_encoder (library work)
Parsing done.
Executing : .rtl_analyze -work work -include_path {{C:/Users/Datou21/Desktop/PDS/back1/cnn_usb_copy/rtl_pds/data_process/header} {C:/Users/Datou21/Desktop/PDS/back1/cnn_usb_copy/rtl_pds/data_process/mem_data} {C:/Users/Datou21/Desktop/PDS/back1/cnn_usb_copy/prj_pds}} C:/Users/Datou21/Desktop/PDS/back1/cnn_usb_copy/rtl_pds/drive_hdmi/tmds_encoder.v successfully.
Executing : .rtl_analyze -work work -include_path {{C:/Users/Datou21/Desktop/PDS/back1/cnn_usb_copy/rtl_pds/data_process/header} {C:/Users/Datou21/Desktop/PDS/back1/cnn_usb_copy/rtl_pds/data_process/mem_data} {C:/Users/Datou21/Desktop/PDS/back1/cnn_usb_copy/prj_pds}} C:/Users/Datou21/Desktop/PDS/back1/cnn_usb_copy/rtl_pds/ddr/ddr_rd_line_ram.sv
I: Verilog-0001: Analyzing file C:/Users/Datou21/Desktop/PDS/back1/cnn_usb_copy/rtl_pds/ddr/ddr_rd_line_ram.sv
I: Verilog-0002: [C:/Users/Datou21/Desktop/PDS/back1/cnn_usb_copy/rtl_pds/ddr/ddr_rd_line_ram.sv(line number: 1)] Analyzing module ddr_rd_line_ram (library work)
Parsing done.
Executing : .rtl_analyze -work work -include_path {{C:/Users/Datou21/Desktop/PDS/back1/cnn_usb_copy/rtl_pds/data_process/header} {C:/Users/Datou21/Desktop/PDS/back1/cnn_usb_copy/rtl_pds/data_process/mem_data} {C:/Users/Datou21/Desktop/PDS/back1/cnn_usb_copy/prj_pds}} C:/Users/Datou21/Desktop/PDS/back1/cnn_usb_copy/rtl_pds/ddr/ddr_rd_line_ram.sv successfully.
Executing : .rtl_analyze -work work -include_path {{C:/Users/Datou21/Desktop/PDS/back1/cnn_usb_copy/rtl_pds/data_process/header} {C:/Users/Datou21/Desktop/PDS/back1/cnn_usb_copy/rtl_pds/data_process/mem_data} {C:/Users/Datou21/Desktop/PDS/back1/cnn_usb_copy/prj_pds}} C:/Users/Datou21/Desktop/PDS/back1/cnn_usb_copy/rtl_pds/ddr/ddr_video_delay_sync.sv
I: Verilog-0001: Analyzing file C:/Users/Datou21/Desktop/PDS/back1/cnn_usb_copy/rtl_pds/ddr/ddr_video_delay_sync.sv
I: Verilog-0002: [C:/Users/Datou21/Desktop/PDS/back1/cnn_usb_copy/rtl_pds/ddr/ddr_video_delay_sync.sv(line number: 1)] Analyzing module ddr_video_delay_sync (library work)
Parsing done.
Executing : .rtl_analyze -work work -include_path {{C:/Users/Datou21/Desktop/PDS/back1/cnn_usb_copy/rtl_pds/data_process/header} {C:/Users/Datou21/Desktop/PDS/back1/cnn_usb_copy/rtl_pds/data_process/mem_data} {C:/Users/Datou21/Desktop/PDS/back1/cnn_usb_copy/prj_pds}} C:/Users/Datou21/Desktop/PDS/back1/cnn_usb_copy/rtl_pds/ddr/ddr_video_delay_sync.sv successfully.
Executing : .rtl_analyze -work work -include_path {{C:/Users/Datou21/Desktop/PDS/back1/cnn_usb_copy/rtl_pds/data_process/header} {C:/Users/Datou21/Desktop/PDS/back1/cnn_usb_copy/rtl_pds/data_process/mem_data} {C:/Users/Datou21/Desktop/PDS/back1/cnn_usb_copy/prj_pds}} C:/Users/Datou21/Desktop/PDS/back1/cnn_usb_copy/rtl_pds/ddr/ddr_wr_line_ram.sv
I: Verilog-0001: Analyzing file C:/Users/Datou21/Desktop/PDS/back1/cnn_usb_copy/rtl_pds/ddr/ddr_wr_line_ram.sv
I: Verilog-0002: [C:/Users/Datou21/Desktop/PDS/back1/cnn_usb_copy/rtl_pds/ddr/ddr_wr_line_ram.sv(line number: 1)] Analyzing module ddr_wr_line_ram (library work)
Parsing done.
Executing : .rtl_analyze -work work -include_path {{C:/Users/Datou21/Desktop/PDS/back1/cnn_usb_copy/rtl_pds/data_process/header} {C:/Users/Datou21/Desktop/PDS/back1/cnn_usb_copy/rtl_pds/data_process/mem_data} {C:/Users/Datou21/Desktop/PDS/back1/cnn_usb_copy/prj_pds}} C:/Users/Datou21/Desktop/PDS/back1/cnn_usb_copy/rtl_pds/ddr/ddr_wr_line_ram.sv successfully.
Executing : .rtl_analyze -work work -include_path {{C:/Users/Datou21/Desktop/PDS/back1/cnn_usb_copy/rtl_pds/data_process/header} {C:/Users/Datou21/Desktop/PDS/back1/cnn_usb_copy/rtl_pds/data_process/mem_data} {C:/Users/Datou21/Desktop/PDS/back1/cnn_usb_copy/prj_pds}} C:/Users/Datou21/Desktop/PDS/back1/cnn_usb_copy/rtl_pds/ddr/rd_ctrl.v
I: Verilog-0001: Analyzing file C:/Users/Datou21/Desktop/PDS/back1/cnn_usb_copy/rtl_pds/ddr/rd_ctrl.v
I: Verilog-0002: [C:/Users/Datou21/Desktop/PDS/back1/cnn_usb_copy/rtl_pds/ddr/rd_ctrl.v(line number: 23)] Analyzing module rd_ctrl (library work)
Parsing done.
Executing : .rtl_analyze -work work -include_path {{C:/Users/Datou21/Desktop/PDS/back1/cnn_usb_copy/rtl_pds/data_process/header} {C:/Users/Datou21/Desktop/PDS/back1/cnn_usb_copy/rtl_pds/data_process/mem_data} {C:/Users/Datou21/Desktop/PDS/back1/cnn_usb_copy/prj_pds}} C:/Users/Datou21/Desktop/PDS/back1/cnn_usb_copy/rtl_pds/ddr/rd_ctrl.v successfully.
Executing : .rtl_analyze -work work -include_path {{C:/Users/Datou21/Desktop/PDS/back1/cnn_usb_copy/rtl_pds/data_process/header} {C:/Users/Datou21/Desktop/PDS/back1/cnn_usb_copy/rtl_pds/data_process/mem_data} {C:/Users/Datou21/Desktop/PDS/back1/cnn_usb_copy/prj_pds}} C:/Users/Datou21/Desktop/PDS/back1/cnn_usb_copy/rtl_pds/ddr/sync_vg.v
I: Verilog-0001: Analyzing file C:/Users/Datou21/Desktop/PDS/back1/cnn_usb_copy/rtl_pds/ddr/sync_vg.v
I: Verilog-0002: [C:/Users/Datou21/Desktop/PDS/back1/cnn_usb_copy/rtl_pds/ddr/sync_vg.v(line number: 35)] Analyzing module sync_vg (library work)
Parsing done.
Executing : .rtl_analyze -work work -include_path {{C:/Users/Datou21/Desktop/PDS/back1/cnn_usb_copy/rtl_pds/data_process/header} {C:/Users/Datou21/Desktop/PDS/back1/cnn_usb_copy/rtl_pds/data_process/mem_data} {C:/Users/Datou21/Desktop/PDS/back1/cnn_usb_copy/prj_pds}} C:/Users/Datou21/Desktop/PDS/back1/cnn_usb_copy/rtl_pds/ddr/sync_vg.v successfully.
Executing : .rtl_analyze -work work -include_path {{C:/Users/Datou21/Desktop/PDS/back1/cnn_usb_copy/rtl_pds/data_process/header} {C:/Users/Datou21/Desktop/PDS/back1/cnn_usb_copy/rtl_pds/data_process/mem_data} {C:/Users/Datou21/Desktop/PDS/back1/cnn_usb_copy/prj_pds}} C:/Users/Datou21/Desktop/PDS/back1/cnn_usb_copy/rtl_pds/ddr/wr_cmd_trans.v
I: Verilog-0001: Analyzing file C:/Users/Datou21/Desktop/PDS/back1/cnn_usb_copy/rtl_pds/ddr/wr_cmd_trans.v
I: Verilog-0002: [C:/Users/Datou21/Desktop/PDS/back1/cnn_usb_copy/rtl_pds/ddr/wr_cmd_trans.v(line number: 22)] Analyzing module wr_cmd_trans (library work)
Parsing done.
Executing : .rtl_analyze -work work -include_path {{C:/Users/Datou21/Desktop/PDS/back1/cnn_usb_copy/rtl_pds/data_process/header} {C:/Users/Datou21/Desktop/PDS/back1/cnn_usb_copy/rtl_pds/data_process/mem_data} {C:/Users/Datou21/Desktop/PDS/back1/cnn_usb_copy/prj_pds}} C:/Users/Datou21/Desktop/PDS/back1/cnn_usb_copy/rtl_pds/ddr/wr_cmd_trans.v successfully.
Executing : .rtl_analyze -work work -include_path {{C:/Users/Datou21/Desktop/PDS/back1/cnn_usb_copy/rtl_pds/data_process/header} {C:/Users/Datou21/Desktop/PDS/back1/cnn_usb_copy/rtl_pds/data_process/mem_data} {C:/Users/Datou21/Desktop/PDS/back1/cnn_usb_copy/prj_pds}} C:/Users/Datou21/Desktop/PDS/back1/cnn_usb_copy/rtl_pds/ddr/wr_ctrl.v
I: Verilog-0001: Analyzing file C:/Users/Datou21/Desktop/PDS/back1/cnn_usb_copy/rtl_pds/ddr/wr_ctrl.v
I: Verilog-0002: [C:/Users/Datou21/Desktop/PDS/back1/cnn_usb_copy/rtl_pds/ddr/wr_ctrl.v(line number: 23)] Analyzing module wr_ctrl (library work)
Parsing done.
Executing : .rtl_analyze -work work -include_path {{C:/Users/Datou21/Desktop/PDS/back1/cnn_usb_copy/rtl_pds/data_process/header} {C:/Users/Datou21/Desktop/PDS/back1/cnn_usb_copy/rtl_pds/data_process/mem_data} {C:/Users/Datou21/Desktop/PDS/back1/cnn_usb_copy/prj_pds}} C:/Users/Datou21/Desktop/PDS/back1/cnn_usb_copy/rtl_pds/ddr/wr_ctrl.v successfully.
Executing : .rtl_analyze -work work -include_path {{C:/Users/Datou21/Desktop/PDS/back1/cnn_usb_copy/rtl_pds/data_process/header} {C:/Users/Datou21/Desktop/PDS/back1/cnn_usb_copy/rtl_pds/data_process/mem_data} {C:/Users/Datou21/Desktop/PDS/back1/cnn_usb_copy/prj_pds}} C:/Users/Datou21/Desktop/PDS/back1/cnn_usb_copy/rtl_pds/ddr/wr_rd_ctrl_top.v
I: Verilog-0001: Analyzing file C:/Users/Datou21/Desktop/PDS/back1/cnn_usb_copy/rtl_pds/ddr/wr_rd_ctrl_top.v
I: Verilog-0002: [C:/Users/Datou21/Desktop/PDS/back1/cnn_usb_copy/rtl_pds/ddr/wr_rd_ctrl_top.v(line number: 22)] Analyzing module wr_rd_ctrl_top (library work)
Parsing done.
Executing : .rtl_analyze -work work -include_path {{C:/Users/Datou21/Desktop/PDS/back1/cnn_usb_copy/rtl_pds/data_process/header} {C:/Users/Datou21/Desktop/PDS/back1/cnn_usb_copy/rtl_pds/data_process/mem_data} {C:/Users/Datou21/Desktop/PDS/back1/cnn_usb_copy/prj_pds}} C:/Users/Datou21/Desktop/PDS/back1/cnn_usb_copy/rtl_pds/ddr/wr_rd_ctrl_top.v successfully.
Executing : .rtl_analyze -include_path {{C:/Users/Datou21/Desktop/PDS/back1/cnn_usb_copy/rtl_pds/data_process/header} {C:/Users/Datou21/Desktop/PDS/back1/cnn_usb_copy/rtl_pds/data_process/mem_data} {C:/Users/Datou21/Desktop/PDS/back1/cnn_usb_copy/prj_pds}} C:/Users/Datou21/Desktop/PDS/back1/cnn_usb_copy/prj_pds/ipcore/ms72/ms72.v
I: Verilog-0001: Analyzing file C:/Users/Datou21/Desktop/PDS/back1/cnn_usb_copy/prj_pds/ipcore/ms72/ms72.v
I: Verilog-0002: [C:/Users/Datou21/Desktop/PDS/back1/cnn_usb_copy/prj_pds/ipcore/ms72/ms72.v(line number: 18)] Analyzing module ms72 (library work)
Parsing done.
Executing : .rtl_analyze -include_path {{C:/Users/Datou21/Desktop/PDS/back1/cnn_usb_copy/rtl_pds/data_process/header} {C:/Users/Datou21/Desktop/PDS/back1/cnn_usb_copy/rtl_pds/data_process/mem_data} {C:/Users/Datou21/Desktop/PDS/back1/cnn_usb_copy/prj_pds}} C:/Users/Datou21/Desktop/PDS/back1/cnn_usb_copy/prj_pds/ipcore/ms72/ms72.v successfully.
Executing : .rtl_analyze -include_path {{C:/Users/Datou21/Desktop/PDS/back1/cnn_usb_copy/rtl_pds/data_process/header} {C:/Users/Datou21/Desktop/PDS/back1/cnn_usb_copy/rtl_pds/data_process/mem_data} {C:/Users/Datou21/Desktop/PDS/back1/cnn_usb_copy/prj_pds}} C:/Users/Datou21/Desktop/PDS/back1/cnn_usb_copy/prj_pds/ipcore/PLL/PLL.v
I: Verilog-0001: Analyzing file C:/Users/Datou21/Desktop/PDS/back1/cnn_usb_copy/prj_pds/ipcore/PLL/PLL.v
I: Verilog-0002: [C:/Users/Datou21/Desktop/PDS/back1/cnn_usb_copy/prj_pds/ipcore/PLL/PLL.v(line number: 18)] Analyzing module PLL (library work)
Parsing done.
Executing : .rtl_analyze -include_path {{C:/Users/Datou21/Desktop/PDS/back1/cnn_usb_copy/rtl_pds/data_process/header} {C:/Users/Datou21/Desktop/PDS/back1/cnn_usb_copy/rtl_pds/data_process/mem_data} {C:/Users/Datou21/Desktop/PDS/back1/cnn_usb_copy/prj_pds}} C:/Users/Datou21/Desktop/PDS/back1/cnn_usb_copy/prj_pds/ipcore/PLL/PLL.v successfully.
Executing : .rtl_analyze -include_path {{C:/Users/Datou21/Desktop/PDS/back1/cnn_usb_copy/rtl_pds/data_process/header} {C:/Users/Datou21/Desktop/PDS/back1/cnn_usb_copy/rtl_pds/data_process/mem_data} {C:/Users/Datou21/Desktop/PDS/back1/cnn_usb_copy/prj_pds}} C:/Users/Datou21/Desktop/PDS/back1/cnn_usb_copy/prj_pds/ipcore/ip_fifo/rtl/ipm2l_fifo_ctrl_v1_1_ip_fifo.v
I: Verilog-0001: Analyzing file C:/Users/Datou21/Desktop/PDS/back1/cnn_usb_copy/prj_pds/ipcore/ip_fifo/rtl/ipm2l_fifo_ctrl_v1_1_ip_fifo.v
I: Verilog-0002: [C:/Users/Datou21/Desktop/PDS/back1/cnn_usb_copy/prj_pds/ipcore/ip_fifo/rtl/ipm2l_fifo_ctrl_v1_1_ip_fifo.v(line number: 18)] Analyzing module ipm2l_fifo_ctrl_v1_1_ip_fifo (library work)
I: [C:/Users/Datou21/Desktop/PDS/back1/cnn_usb_copy/prj_pds/ipcore/ip_fifo/rtl/ipm2l_fifo_ctrl_v1_1_ip_fifo.v(line number: 46)] Convert attribute name from syn_preserve to PAP_PRESERVE
I: [C:/Users/Datou21/Desktop/PDS/back1/cnn_usb_copy/prj_pds/ipcore/ip_fifo/rtl/ipm2l_fifo_ctrl_v1_1_ip_fifo.v(line number: 48)] Convert attribute name from syn_preserve to PAP_PRESERVE
I: [C:/Users/Datou21/Desktop/PDS/back1/cnn_usb_copy/prj_pds/ipcore/ip_fifo/rtl/ipm2l_fifo_ctrl_v1_1_ip_fifo.v(line number: 59)] Convert attribute name from syn_preserve to PAP_PRESERVE
I: [C:/Users/Datou21/Desktop/PDS/back1/cnn_usb_copy/prj_pds/ipcore/ip_fifo/rtl/ipm2l_fifo_ctrl_v1_1_ip_fifo.v(line number: 61)] Convert attribute name from syn_preserve to PAP_PRESERVE
Parsing done.
Executing : .rtl_analyze -include_path {{C:/Users/Datou21/Desktop/PDS/back1/cnn_usb_copy/rtl_pds/data_process/header} {C:/Users/Datou21/Desktop/PDS/back1/cnn_usb_copy/rtl_pds/data_process/mem_data} {C:/Users/Datou21/Desktop/PDS/back1/cnn_usb_copy/prj_pds}} C:/Users/Datou21/Desktop/PDS/back1/cnn_usb_copy/prj_pds/ipcore/ip_fifo/rtl/ipm2l_fifo_ctrl_v1_1_ip_fifo.v successfully.
Executing : .rtl_analyze -include_path {{C:/Users/Datou21/Desktop/PDS/back1/cnn_usb_copy/rtl_pds/data_process/header} {C:/Users/Datou21/Desktop/PDS/back1/cnn_usb_copy/rtl_pds/data_process/mem_data} {C:/Users/Datou21/Desktop/PDS/back1/cnn_usb_copy/prj_pds}} C:/Users/Datou21/Desktop/PDS/back1/cnn_usb_copy/prj_pds/ipcore/ip_fifo/rtl/ipm2l_sdpram_v1_10_ip_fifo.v
I: Verilog-0001: Analyzing file C:/Users/Datou21/Desktop/PDS/back1/cnn_usb_copy/prj_pds/ipcore/ip_fifo/rtl/ipm2l_sdpram_v1_10_ip_fifo.v
I: Verilog-0002: [C:/Users/Datou21/Desktop/PDS/back1/cnn_usb_copy/prj_pds/ipcore/ip_fifo/rtl/ipm2l_sdpram_v1_10_ip_fifo.v(line number: 18)] Analyzing module ipm2l_sdpram_v1_10_ip_fifo (library work)
W: Verilog-2008: [C:/Users/Datou21/Desktop/PDS/back1/cnn_usb_copy/prj_pds/ipcore/ip_fifo/rtl/ipm2l_sdpram_v1_10_ip_fifo.v(line number: 289)] Ignore 'system task' $display
W: Verilog-2008: [C:/Users/Datou21/Desktop/PDS/back1/cnn_usb_copy/prj_pds/ipcore/ip_fifo/rtl/ipm2l_sdpram_v1_10_ip_fifo.v(line number: 290)] Ignore 'system task' $finish
W: Verilog-2008: [C:/Users/Datou21/Desktop/PDS/back1/cnn_usb_copy/prj_pds/ipcore/ip_fifo/rtl/ipm2l_sdpram_v1_10_ip_fifo.v(line number: 293)] Ignore 'system task' $display
W: Verilog-2008: [C:/Users/Datou21/Desktop/PDS/back1/cnn_usb_copy/prj_pds/ipcore/ip_fifo/rtl/ipm2l_sdpram_v1_10_ip_fifo.v(line number: 297)] Ignore 'system task' $display
W: Verilog-2008: [C:/Users/Datou21/Desktop/PDS/back1/cnn_usb_copy/prj_pds/ipcore/ip_fifo/rtl/ipm2l_sdpram_v1_10_ip_fifo.v(line number: 301)] Ignore 'system task' $display
W: Verilog-2008: [C:/Users/Datou21/Desktop/PDS/back1/cnn_usb_copy/prj_pds/ipcore/ip_fifo/rtl/ipm2l_sdpram_v1_10_ip_fifo.v(line number: 305)] Ignore 'system task' $display
W: Verilog-2008: [C:/Users/Datou21/Desktop/PDS/back1/cnn_usb_copy/prj_pds/ipcore/ip_fifo/rtl/ipm2l_sdpram_v1_10_ip_fifo.v(line number: 313)] Ignore 'system task' $display
W: Verilog-2008: [C:/Users/Datou21/Desktop/PDS/back1/cnn_usb_copy/prj_pds/ipcore/ip_fifo/rtl/ipm2l_sdpram_v1_10_ip_fifo.v(line number: 314)] Ignore 'system task' $finish
W: Verilog-2008: [C:/Users/Datou21/Desktop/PDS/back1/cnn_usb_copy/prj_pds/ipcore/ip_fifo/rtl/ipm2l_sdpram_v1_10_ip_fifo.v(line number: 317)] Ignore 'system task' $display
W: Verilog-2008: [C:/Users/Datou21/Desktop/PDS/back1/cnn_usb_copy/prj_pds/ipcore/ip_fifo/rtl/ipm2l_sdpram_v1_10_ip_fifo.v(line number: 318)] Ignore 'system task' $finish
W: Verilog-2008: [C:/Users/Datou21/Desktop/PDS/back1/cnn_usb_copy/prj_pds/ipcore/ip_fifo/rtl/ipm2l_sdpram_v1_10_ip_fifo.v(line number: 321)] Ignore 'system task' $display
W: Verilog-2008: [C:/Users/Datou21/Desktop/PDS/back1/cnn_usb_copy/prj_pds/ipcore/ip_fifo/rtl/ipm2l_sdpram_v1_10_ip_fifo.v(line number: 322)] Ignore 'system task' $finish
W: Verilog-2008: [C:/Users/Datou21/Desktop/PDS/back1/cnn_usb_copy/prj_pds/ipcore/ip_fifo/rtl/ipm2l_sdpram_v1_10_ip_fifo.v(line number: 325)] Ignore 'system task' $display
W: Verilog-2008: [C:/Users/Datou21/Desktop/PDS/back1/cnn_usb_copy/prj_pds/ipcore/ip_fifo/rtl/ipm2l_sdpram_v1_10_ip_fifo.v(line number: 326)] Ignore 'system task' $finish
W: Verilog-2008: [C:/Users/Datou21/Desktop/PDS/back1/cnn_usb_copy/prj_pds/ipcore/ip_fifo/rtl/ipm2l_sdpram_v1_10_ip_fifo.v(line number: 329)] Ignore 'system task' $display
W: Verilog-2008: [C:/Users/Datou21/Desktop/PDS/back1/cnn_usb_copy/prj_pds/ipcore/ip_fifo/rtl/ipm2l_sdpram_v1_10_ip_fifo.v(line number: 330)] Ignore 'system task' $finish
W: Verilog-2008: [C:/Users/Datou21/Desktop/PDS/back1/cnn_usb_copy/prj_pds/ipcore/ip_fifo/rtl/ipm2l_sdpram_v1_10_ip_fifo.v(line number: 333)] Ignore 'system task' $display
W: Verilog-2008: [C:/Users/Datou21/Desktop/PDS/back1/cnn_usb_copy/prj_pds/ipcore/ip_fifo/rtl/ipm2l_sdpram_v1_10_ip_fifo.v(line number: 334)] Ignore 'system task' $finish
W: Verilog-2008: [C:/Users/Datou21/Desktop/PDS/back1/cnn_usb_copy/prj_pds/ipcore/ip_fifo/rtl/ipm2l_sdpram_v1_10_ip_fifo.v(line number: 337)] Ignore 'system task' $display
W: Verilog-2008: [C:/Users/Datou21/Desktop/PDS/back1/cnn_usb_copy/prj_pds/ipcore/ip_fifo/rtl/ipm2l_sdpram_v1_10_ip_fifo.v(line number: 338)] Ignore 'system task' $finish
W: Verilog-2008: [C:/Users/Datou21/Desktop/PDS/back1/cnn_usb_copy/prj_pds/ipcore/ip_fifo/rtl/ipm2l_sdpram_v1_10_ip_fifo.v(line number: 341)] Ignore 'system task' $display
W: Verilog-2008: [C:/Users/Datou21/Desktop/PDS/back1/cnn_usb_copy/prj_pds/ipcore/ip_fifo/rtl/ipm2l_sdpram_v1_10_ip_fifo.v(line number: 342)] Ignore 'system task' $finish
W: Verilog-2008: [C:/Users/Datou21/Desktop/PDS/back1/cnn_usb_copy/prj_pds/ipcore/ip_fifo/rtl/ipm2l_sdpram_v1_10_ip_fifo.v(line number: 345)] Ignore 'system task' $display
W: Verilog-2008: [C:/Users/Datou21/Desktop/PDS/back1/cnn_usb_copy/prj_pds/ipcore/ip_fifo/rtl/ipm2l_sdpram_v1_10_ip_fifo.v(line number: 346)] Ignore 'system task' $finish
W: Verilog-2008: [C:/Users/Datou21/Desktop/PDS/back1/cnn_usb_copy/prj_pds/ipcore/ip_fifo/rtl/ipm2l_sdpram_v1_10_ip_fifo.v(line number: 349)] Ignore 'system task' $display
W: Verilog-2008: [C:/Users/Datou21/Desktop/PDS/back1/cnn_usb_copy/prj_pds/ipcore/ip_fifo/rtl/ipm2l_sdpram_v1_10_ip_fifo.v(line number: 350)] Ignore 'system task' $finish
W: Verilog-2008: [C:/Users/Datou21/Desktop/PDS/back1/cnn_usb_copy/prj_pds/ipcore/ip_fifo/rtl/ipm2l_sdpram_v1_10_ip_fifo.v(line number: 353)] Ignore 'system task' $display
W: Verilog-2008: [C:/Users/Datou21/Desktop/PDS/back1/cnn_usb_copy/prj_pds/ipcore/ip_fifo/rtl/ipm2l_sdpram_v1_10_ip_fifo.v(line number: 354)] Ignore 'system task' $finish
W: Verilog-2008: [C:/Users/Datou21/Desktop/PDS/back1/cnn_usb_copy/prj_pds/ipcore/ip_fifo/rtl/ipm2l_sdpram_v1_10_ip_fifo.v(line number: 357)] Ignore 'system task' $display
W: Verilog-2008: [C:/Users/Datou21/Desktop/PDS/back1/cnn_usb_copy/prj_pds/ipcore/ip_fifo/rtl/ipm2l_sdpram_v1_10_ip_fifo.v(line number: 358)] Ignore 'system task' $finish
W: Verilog-2008: [C:/Users/Datou21/Desktop/PDS/back1/cnn_usb_copy/prj_pds/ipcore/ip_fifo/rtl/ipm2l_sdpram_v1_10_ip_fifo.v(line number: 361)] Ignore 'system task' $display
W: Verilog-2008: [C:/Users/Datou21/Desktop/PDS/back1/cnn_usb_copy/prj_pds/ipcore/ip_fifo/rtl/ipm2l_sdpram_v1_10_ip_fifo.v(line number: 362)] Ignore 'system task' $finish
W: Verilog-2008: [C:/Users/Datou21/Desktop/PDS/back1/cnn_usb_copy/prj_pds/ipcore/ip_fifo/rtl/ipm2l_sdpram_v1_10_ip_fifo.v(line number: 365)] Ignore 'system task' $display
W: Verilog-2008: [C:/Users/Datou21/Desktop/PDS/back1/cnn_usb_copy/prj_pds/ipcore/ip_fifo/rtl/ipm2l_sdpram_v1_10_ip_fifo.v(line number: 366)] Ignore 'system task' $finish
W: Verilog-2008: [C:/Users/Datou21/Desktop/PDS/back1/cnn_usb_copy/prj_pds/ipcore/ip_fifo/rtl/ipm2l_sdpram_v1_10_ip_fifo.v(line number: 370)] Ignore 'system task' $display
W: Verilog-2008: [C:/Users/Datou21/Desktop/PDS/back1/cnn_usb_copy/prj_pds/ipcore/ip_fifo/rtl/ipm2l_sdpram_v1_10_ip_fifo.v(line number: 371)] Ignore 'system task' $finish
W: Verilog-2008: [C:/Users/Datou21/Desktop/PDS/back1/cnn_usb_copy/prj_pds/ipcore/ip_fifo/rtl/ipm2l_sdpram_v1_10_ip_fifo.v(line number: 374)] Ignore 'system task' $display
W: Verilog-2008: [C:/Users/Datou21/Desktop/PDS/back1/cnn_usb_copy/prj_pds/ipcore/ip_fifo/rtl/ipm2l_sdpram_v1_10_ip_fifo.v(line number: 375)] Ignore 'system task' $finish
W: Verilog-2008: [C:/Users/Datou21/Desktop/PDS/back1/cnn_usb_copy/prj_pds/ipcore/ip_fifo/rtl/ipm2l_sdpram_v1_10_ip_fifo.v(line number: 379)] Ignore 'system task' $display
W: Verilog-2008: [C:/Users/Datou21/Desktop/PDS/back1/cnn_usb_copy/prj_pds/ipcore/ip_fifo/rtl/ipm2l_sdpram_v1_10_ip_fifo.v(line number: 380)] Ignore 'system task' $finish
W: Verilog-2008: [C:/Users/Datou21/Desktop/PDS/back1/cnn_usb_copy/prj_pds/ipcore/ip_fifo/rtl/ipm2l_sdpram_v1_10_ip_fifo.v(line number: 385)] Ignore 'system task' $display
W: Verilog-2008: [C:/Users/Datou21/Desktop/PDS/back1/cnn_usb_copy/prj_pds/ipcore/ip_fifo/rtl/ipm2l_sdpram_v1_10_ip_fifo.v(line number: 386)] Ignore 'system task' $finish
W: Verilog-2008: [C:/Users/Datou21/Desktop/PDS/back1/cnn_usb_copy/prj_pds/ipcore/ip_fifo/rtl/ipm2l_sdpram_v1_10_ip_fifo.v(line number: 389)] Ignore 'system task' $display
W: Verilog-2008: [C:/Users/Datou21/Desktop/PDS/back1/cnn_usb_copy/prj_pds/ipcore/ip_fifo/rtl/ipm2l_sdpram_v1_10_ip_fifo.v(line number: 390)] Ignore 'system task' $finish
W: Verilog-2008: [C:/Users/Datou21/Desktop/PDS/back1/cnn_usb_copy/prj_pds/ipcore/ip_fifo/rtl/ipm2l_sdpram_v1_10_ip_fifo.v(line number: 395)] Ignore 'system task' $display
W: Verilog-2008: [C:/Users/Datou21/Desktop/PDS/back1/cnn_usb_copy/prj_pds/ipcore/ip_fifo/rtl/ipm2l_sdpram_v1_10_ip_fifo.v(line number: 396)] Ignore 'system task' $finish
Parsing done.
Executing : .rtl_analyze -include_path {{C:/Users/Datou21/Desktop/PDS/back1/cnn_usb_copy/rtl_pds/data_process/header} {C:/Users/Datou21/Desktop/PDS/back1/cnn_usb_copy/rtl_pds/data_process/mem_data} {C:/Users/Datou21/Desktop/PDS/back1/cnn_usb_copy/prj_pds}} C:/Users/Datou21/Desktop/PDS/back1/cnn_usb_copy/prj_pds/ipcore/ip_fifo/rtl/ipm2l_sdpram_v1_10_ip_fifo.v successfully.
Executing : .rtl_analyze -include_path {{C:/Users/Datou21/Desktop/PDS/back1/cnn_usb_copy/rtl_pds/data_process/header} {C:/Users/Datou21/Desktop/PDS/back1/cnn_usb_copy/rtl_pds/data_process/mem_data} {C:/Users/Datou21/Desktop/PDS/back1/cnn_usb_copy/prj_pds}} C:/Users/Datou21/Desktop/PDS/back1/cnn_usb_copy/prj_pds/ipcore/ip_fifo/rtl/ipm2l_fifo_v1_10_ip_fifo.v
I: Verilog-0001: Analyzing file C:/Users/Datou21/Desktop/PDS/back1/cnn_usb_copy/prj_pds/ipcore/ip_fifo/rtl/ipm2l_fifo_v1_10_ip_fifo.v
I: Verilog-0002: [C:/Users/Datou21/Desktop/PDS/back1/cnn_usb_copy/prj_pds/ipcore/ip_fifo/rtl/ipm2l_fifo_v1_10_ip_fifo.v(line number: 19)] Analyzing module ipm2l_fifo_v1_10_ip_fifo (library work)
Parsing done.
Executing : .rtl_analyze -include_path {{C:/Users/Datou21/Desktop/PDS/back1/cnn_usb_copy/rtl_pds/data_process/header} {C:/Users/Datou21/Desktop/PDS/back1/cnn_usb_copy/rtl_pds/data_process/mem_data} {C:/Users/Datou21/Desktop/PDS/back1/cnn_usb_copy/prj_pds}} C:/Users/Datou21/Desktop/PDS/back1/cnn_usb_copy/prj_pds/ipcore/ip_fifo/rtl/ipm2l_fifo_v1_10_ip_fifo.v successfully.
Executing : .rtl_analyze -include_path {{C:/Users/Datou21/Desktop/PDS/back1/cnn_usb_copy/rtl_pds/data_process/header} {C:/Users/Datou21/Desktop/PDS/back1/cnn_usb_copy/rtl_pds/data_process/mem_data} {C:/Users/Datou21/Desktop/PDS/back1/cnn_usb_copy/prj_pds}} C:/Users/Datou21/Desktop/PDS/back1/cnn_usb_copy/prj_pds/ipcore/ip_fifo/ip_fifo.v
I: Verilog-0001: Analyzing file C:/Users/Datou21/Desktop/PDS/back1/cnn_usb_copy/prj_pds/ipcore/ip_fifo/ip_fifo.v
I: Verilog-0002: [C:/Users/Datou21/Desktop/PDS/back1/cnn_usb_copy/prj_pds/ipcore/ip_fifo/ip_fifo.v(line number: 16)] Analyzing module ip_fifo (library work)
Parsing done.
Executing : .rtl_analyze -include_path {{C:/Users/Datou21/Desktop/PDS/back1/cnn_usb_copy/rtl_pds/data_process/header} {C:/Users/Datou21/Desktop/PDS/back1/cnn_usb_copy/rtl_pds/data_process/mem_data} {C:/Users/Datou21/Desktop/PDS/back1/cnn_usb_copy/prj_pds}} C:/Users/Datou21/Desktop/PDS/back1/cnn_usb_copy/prj_pds/ipcore/ip_fifo/ip_fifo.v successfully.
Executing : .rtl_analyze -include_path {{C:/Users/Datou21/Desktop/PDS/back1/cnn_usb_copy/rtl_pds/data_process/header} {C:/Users/Datou21/Desktop/PDS/back1/cnn_usb_copy/rtl_pds/data_process/mem_data} {C:/Users/Datou21/Desktop/PDS/back1/cnn_usb_copy/prj_pds}} C:/Users/Datou21/Desktop/PDS/back1/cnn_usb_copy/prj_pds/ipcore/ddr3_test/rtl/ips2l_rst_sync_v1_3.vp
I: Verilog-0001: Analyzing file C:/Users/Datou21/Desktop/PDS/back1/cnn_usb_copy/prj_pds/ipcore/ddr3_test/rtl/ips2l_rst_sync_v1_3.vp
I: Verilog-0002: [C:/Users/Datou21/Desktop/PDS/back1/cnn_usb_copy/prj_pds/ipcore/ddr3_test/rtl/ips2l_rst_sync_v1_3.vp(line number: 59)] Analyzing module ips2l_rst_sync_v1_3 (library work)
Parsing done.
Executing : .rtl_analyze -include_path {{C:/Users/Datou21/Desktop/PDS/back1/cnn_usb_copy/rtl_pds/data_process/header} {C:/Users/Datou21/Desktop/PDS/back1/cnn_usb_copy/rtl_pds/data_process/mem_data} {C:/Users/Datou21/Desktop/PDS/back1/cnn_usb_copy/prj_pds}} C:/Users/Datou21/Desktop/PDS/back1/cnn_usb_copy/prj_pds/ipcore/ddr3_test/rtl/ips2l_rst_sync_v1_3.vp successfully.
Executing : .rtl_analyze -include_path {{C:/Users/Datou21/Desktop/PDS/back1/cnn_usb_copy/rtl_pds/data_process/header} {C:/Users/Datou21/Desktop/PDS/back1/cnn_usb_copy/rtl_pds/data_process/mem_data} {C:/Users/Datou21/Desktop/PDS/back1/cnn_usb_copy/prj_pds}} C:/Users/Datou21/Desktop/PDS/back1/cnn_usb_copy/prj_pds/ipcore/ddr3_test/rtl/ddrphy/ips2l_ddrphy_wrlvl_v1_0.vp
I: Verilog-0001: Analyzing file C:/Users/Datou21/Desktop/PDS/back1/cnn_usb_copy/prj_pds/ipcore/ddr3_test/rtl/ddrphy/ips2l_ddrphy_wrlvl_v1_0.vp
I: Verilog-0002: [C:/Users/Datou21/Desktop/PDS/back1/cnn_usb_copy/prj_pds/ipcore/ddr3_test/rtl/ddrphy/ips2l_ddrphy_wrlvl_v1_0.vp(line number: 183)] Analyzing module ips2l_ddrphy_wrlvl_v1_0 (library work)
Parsing done.
Executing : .rtl_analyze -include_path {{C:/Users/Datou21/Desktop/PDS/back1/cnn_usb_copy/rtl_pds/data_process/header} {C:/Users/Datou21/Desktop/PDS/back1/cnn_usb_copy/rtl_pds/data_process/mem_data} {C:/Users/Datou21/Desktop/PDS/back1/cnn_usb_copy/prj_pds}} C:/Users/Datou21/Desktop/PDS/back1/cnn_usb_copy/prj_pds/ipcore/ddr3_test/rtl/ddrphy/ips2l_ddrphy_wrlvl_v1_0.vp successfully.
Executing : .rtl_analyze -include_path {{C:/Users/Datou21/Desktop/PDS/back1/cnn_usb_copy/rtl_pds/data_process/header} {C:/Users/Datou21/Desktop/PDS/back1/cnn_usb_copy/rtl_pds/data_process/mem_data} {C:/Users/Datou21/Desktop/PDS/back1/cnn_usb_copy/prj_pds}} C:/Users/Datou21/Desktop/PDS/back1/cnn_usb_copy/prj_pds/ipcore/ddr3_test/rtl/ddrphy/ips2l_ddrphy_wrcal_v1_7.vp
I: Verilog-0001: Analyzing file C:/Users/Datou21/Desktop/PDS/back1/cnn_usb_copy/prj_pds/ipcore/ddr3_test/rtl/ddrphy/ips2l_ddrphy_wrcal_v1_7.vp
I: Verilog-0002: [C:/Users/Datou21/Desktop/PDS/back1/cnn_usb_copy/prj_pds/ipcore/ddr3_test/rtl/ddrphy/ips2l_ddrphy_wrcal_v1_7.vp(line number: 495)] Analyzing module ips2l_ddrphy_wrcal_v1_7 (library work)
I: [C:/Users/Datou21/Desktop/PDS/back1/cnn_usb_copy/prj_pds/ipcore/ddr3_test/rtl/ddrphy/ips2l_ddrphy_wrcal_v1_7.vp(line number: 514)] Convert attribute name from syn_preserve to PAP_PRESERVE
I: [C:/Users/Datou21/Desktop/PDS/back1/cnn_usb_copy/prj_pds/ipcore/ddr3_test/rtl/ddrphy/ips2l_ddrphy_wrcal_v1_7.vp(line number: 515)] Convert attribute name from syn_preserve to PAP_PRESERVE
Parsing done.
Executing : .rtl_analyze -include_path {{C:/Users/Datou21/Desktop/PDS/back1/cnn_usb_copy/rtl_pds/data_process/header} {C:/Users/Datou21/Desktop/PDS/back1/cnn_usb_copy/rtl_pds/data_process/mem_data} {C:/Users/Datou21/Desktop/PDS/back1/cnn_usb_copy/prj_pds}} C:/Users/Datou21/Desktop/PDS/back1/cnn_usb_copy/prj_pds/ipcore/ddr3_test/rtl/ddrphy/ips2l_ddrphy_wrcal_v1_7.vp successfully.
Executing : .rtl_analyze -include_path {{C:/Users/Datou21/Desktop/PDS/back1/cnn_usb_copy/rtl_pds/data_process/header} {C:/Users/Datou21/Desktop/PDS/back1/cnn_usb_copy/rtl_pds/data_process/mem_data} {C:/Users/Datou21/Desktop/PDS/back1/cnn_usb_copy/prj_pds}} C:/Users/Datou21/Desktop/PDS/back1/cnn_usb_copy/prj_pds/ipcore/ddr3_test/rtl/ddrphy/ips2l_ddrphy_wdata_path_adj_v1_10.vp
I: Verilog-0001: Analyzing file C:/Users/Datou21/Desktop/PDS/back1/cnn_usb_copy/prj_pds/ipcore/ddr3_test/rtl/ddrphy/ips2l_ddrphy_wdata_path_adj_v1_10.vp
I: Verilog-0002: [C:/Users/Datou21/Desktop/PDS/back1/cnn_usb_copy/prj_pds/ipcore/ddr3_test/rtl/ddrphy/ips2l_ddrphy_wdata_path_adj_v1_10.vp(line number: 232)] Analyzing module ips2l_ddrphy_wdata_path_adj_v1_10 (library work)
Parsing done.
Executing : .rtl_analyze -include_path {{C:/Users/Datou21/Desktop/PDS/back1/cnn_usb_copy/rtl_pds/data_process/header} {C:/Users/Datou21/Desktop/PDS/back1/cnn_usb_copy/rtl_pds/data_process/mem_data} {C:/Users/Datou21/Desktop/PDS/back1/cnn_usb_copy/prj_pds}} C:/Users/Datou21/Desktop/PDS/back1/cnn_usb_copy/prj_pds/ipcore/ddr3_test/rtl/ddrphy/ips2l_ddrphy_wdata_path_adj_v1_10.vp successfully.
Executing : .rtl_analyze -include_path {{C:/Users/Datou21/Desktop/PDS/back1/cnn_usb_copy/rtl_pds/data_process/header} {C:/Users/Datou21/Desktop/PDS/back1/cnn_usb_copy/rtl_pds/data_process/mem_data} {C:/Users/Datou21/Desktop/PDS/back1/cnn_usb_copy/prj_pds}} C:/Users/Datou21/Desktop/PDS/back1/cnn_usb_copy/prj_pds/ipcore/ddr3_test/rtl/ddrphy/ips2l_ddrphy_upcal_v1_0.vp
I: Verilog-0001: Analyzing file C:/Users/Datou21/Desktop/PDS/back1/cnn_usb_copy/prj_pds/ipcore/ddr3_test/rtl/ddrphy/ips2l_ddrphy_upcal_v1_0.vp
I: Verilog-0002: [C:/Users/Datou21/Desktop/PDS/back1/cnn_usb_copy/prj_pds/ipcore/ddr3_test/rtl/ddrphy/ips2l_ddrphy_upcal_v1_0.vp(line number: 151)] Analyzing module ips2l_ddrphy_upcal_v1_0 (library work)
Parsing done.
Executing : .rtl_analyze -include_path {{C:/Users/Datou21/Desktop/PDS/back1/cnn_usb_copy/rtl_pds/data_process/header} {C:/Users/Datou21/Desktop/PDS/back1/cnn_usb_copy/rtl_pds/data_process/mem_data} {C:/Users/Datou21/Desktop/PDS/back1/cnn_usb_copy/prj_pds}} C:/Users/Datou21/Desktop/PDS/back1/cnn_usb_copy/prj_pds/ipcore/ddr3_test/rtl/ddrphy/ips2l_ddrphy_upcal_v1_0.vp successfully.
Executing : .rtl_analyze -include_path {{C:/Users/Datou21/Desktop/PDS/back1/cnn_usb_copy/rtl_pds/data_process/header} {C:/Users/Datou21/Desktop/PDS/back1/cnn_usb_copy/rtl_pds/data_process/mem_data} {C:/Users/Datou21/Desktop/PDS/back1/cnn_usb_copy/prj_pds}} C:/Users/Datou21/Desktop/PDS/back1/cnn_usb_copy/prj_pds/ipcore/ddr3_test/rtl/ddrphy/ips2l_ddrphy_training_ctrl_v1_0.vp
I: Verilog-0001: Analyzing file C:/Users/Datou21/Desktop/PDS/back1/cnn_usb_copy/prj_pds/ipcore/ddr3_test/rtl/ddrphy/ips2l_ddrphy_training_ctrl_v1_0.vp
I: Verilog-0002: [C:/Users/Datou21/Desktop/PDS/back1/cnn_usb_copy/prj_pds/ipcore/ddr3_test/rtl/ddrphy/ips2l_ddrphy_training_ctrl_v1_0.vp(line number: 83)] Analyzing module ips2l_ddrphy_training_ctrl_v1_0 (library work)
Parsing done.
Executing : .rtl_analyze -include_path {{C:/Users/Datou21/Desktop/PDS/back1/cnn_usb_copy/rtl_pds/data_process/header} {C:/Users/Datou21/Desktop/PDS/back1/cnn_usb_copy/rtl_pds/data_process/mem_data} {C:/Users/Datou21/Desktop/PDS/back1/cnn_usb_copy/prj_pds}} C:/Users/Datou21/Desktop/PDS/back1/cnn_usb_copy/prj_pds/ipcore/ddr3_test/rtl/ddrphy/ips2l_ddrphy_training_ctrl_v1_0.vp successfully.
Executing : .rtl_analyze -include_path {{C:/Users/Datou21/Desktop/PDS/back1/cnn_usb_copy/rtl_pds/data_process/header} {C:/Users/Datou21/Desktop/PDS/back1/cnn_usb_copy/rtl_pds/data_process/mem_data} {C:/Users/Datou21/Desktop/PDS/back1/cnn_usb_copy/prj_pds}} C:/Users/Datou21/Desktop/PDS/back1/cnn_usb_copy/prj_pds/ipcore/ddr3_test/rtl/ddrphy/ips2l_ddrphy_slice_rddata_align_v1_0.vp
I: Verilog-0001: Analyzing file C:/Users/Datou21/Desktop/PDS/back1/cnn_usb_copy/prj_pds/ipcore/ddr3_test/rtl/ddrphy/ips2l_ddrphy_slice_rddata_align_v1_0.vp
I: Verilog-0002: [C:/Users/Datou21/Desktop/PDS/back1/cnn_usb_copy/prj_pds/ipcore/ddr3_test/rtl/ddrphy/ips2l_ddrphy_slice_rddata_align_v1_0.vp(line number: 108)] Analyzing module ips2l_ddrphy_slice_rddata_align_v1_0 (library work)
Parsing done.
Executing : .rtl_analyze -include_path {{C:/Users/Datou21/Desktop/PDS/back1/cnn_usb_copy/rtl_pds/data_process/header} {C:/Users/Datou21/Desktop/PDS/back1/cnn_usb_copy/rtl_pds/data_process/mem_data} {C:/Users/Datou21/Desktop/PDS/back1/cnn_usb_copy/prj_pds}} C:/Users/Datou21/Desktop/PDS/back1/cnn_usb_copy/prj_pds/ipcore/ddr3_test/rtl/ddrphy/ips2l_ddrphy_slice_rddata_align_v1_0.vp successfully.
Executing : .rtl_analyze -include_path {{C:/Users/Datou21/Desktop/PDS/back1/cnn_usb_copy/rtl_pds/data_process/header} {C:/Users/Datou21/Desktop/PDS/back1/cnn_usb_copy/rtl_pds/data_process/mem_data} {C:/Users/Datou21/Desktop/PDS/back1/cnn_usb_copy/prj_pds}} C:/Users/Datou21/Desktop/PDS/back1/cnn_usb_copy/prj_pds/ipcore/ddr3_test/rtl/ddrphy/ips2l_ddrphy_reset_ctrl_v1_3.vp
I: Verilog-0001: Analyzing file C:/Users/Datou21/Desktop/PDS/back1/cnn_usb_copy/prj_pds/ipcore/ddr3_test/rtl/ddrphy/ips2l_ddrphy_reset_ctrl_v1_3.vp
I: Verilog-0002: [C:/Users/Datou21/Desktop/PDS/back1/cnn_usb_copy/prj_pds/ipcore/ddr3_test/rtl/ddrphy/ips2l_ddrphy_reset_ctrl_v1_3.vp(line number: 268)] Analyzing module ips2l_ddrphy_reset_ctrl_v1_3 (library work)
I: [C:/Users/Datou21/Desktop/PDS/back1/cnn_usb_copy/prj_pds/ipcore/ddr3_test/rtl/ddrphy/ips2l_ddrphy_reset_ctrl_v1_3.vp(line number: 298)] Convert attribute name from syn_preserve to PAP_PRESERVE
Parsing done.
Executing : .rtl_analyze -include_path {{C:/Users/Datou21/Desktop/PDS/back1/cnn_usb_copy/rtl_pds/data_process/header} {C:/Users/Datou21/Desktop/PDS/back1/cnn_usb_copy/rtl_pds/data_process/mem_data} {C:/Users/Datou21/Desktop/PDS/back1/cnn_usb_copy/prj_pds}} C:/Users/Datou21/Desktop/PDS/back1/cnn_usb_copy/prj_pds/ipcore/ddr3_test/rtl/ddrphy/ips2l_ddrphy_reset_ctrl_v1_3.vp successfully.
Executing : .rtl_analyze -include_path {{C:/Users/Datou21/Desktop/PDS/back1/cnn_usb_copy/rtl_pds/data_process/header} {C:/Users/Datou21/Desktop/PDS/back1/cnn_usb_copy/rtl_pds/data_process/mem_data} {C:/Users/Datou21/Desktop/PDS/back1/cnn_usb_copy/prj_pds}} C:/Users/Datou21/Desktop/PDS/back1/cnn_usb_copy/prj_pds/ipcore/ddr3_test/rtl/ddrphy/ips2l_ddrphy_rdcal_v1_10.vp
I: Verilog-0001: Analyzing file C:/Users/Datou21/Desktop/PDS/back1/cnn_usb_copy/prj_pds/ipcore/ddr3_test/rtl/ddrphy/ips2l_ddrphy_rdcal_v1_10.vp
I: Verilog-0002: [C:/Users/Datou21/Desktop/PDS/back1/cnn_usb_copy/prj_pds/ipcore/ddr3_test/rtl/ddrphy/ips2l_ddrphy_rdcal_v1_10.vp(line number: 750)] Analyzing module ips2l_ddrphy_rdcal_v1_10 (library work)
Parsing done.
Executing : .rtl_analyze -include_path {{C:/Users/Datou21/Desktop/PDS/back1/cnn_usb_copy/rtl_pds/data_process/header} {C:/Users/Datou21/Desktop/PDS/back1/cnn_usb_copy/rtl_pds/data_process/mem_data} {C:/Users/Datou21/Desktop/PDS/back1/cnn_usb_copy/prj_pds}} C:/Users/Datou21/Desktop/PDS/back1/cnn_usb_copy/prj_pds/ipcore/ddr3_test/rtl/ddrphy/ips2l_ddrphy_rdcal_v1_10.vp successfully.
Executing : .rtl_analyze -include_path {{C:/Users/Datou21/Desktop/PDS/back1/cnn_usb_copy/rtl_pds/data_process/header} {C:/Users/Datou21/Desktop/PDS/back1/cnn_usb_copy/rtl_pds/data_process/mem_data} {C:/Users/Datou21/Desktop/PDS/back1/cnn_usb_copy/prj_pds}} C:/Users/Datou21/Desktop/PDS/back1/cnn_usb_copy/prj_pds/ipcore/ddr3_test/rtl/ddrphy/ips2l_ddrphy_main_ctrl_v1_10.vp
I: Verilog-0001: Analyzing file C:/Users/Datou21/Desktop/PDS/back1/cnn_usb_copy/prj_pds/ipcore/ddr3_test/rtl/ddrphy/ips2l_ddrphy_main_ctrl_v1_10.vp
I: Verilog-0002: [C:/Users/Datou21/Desktop/PDS/back1/cnn_usb_copy/prj_pds/ipcore/ddr3_test/rtl/ddrphy/ips2l_ddrphy_main_ctrl_v1_10.vp(line number: 196)] Analyzing module ips2l_ddrphy_main_ctrl_v1_10 (library work)
Parsing done.
Executing : .rtl_analyze -include_path {{C:/Users/Datou21/Desktop/PDS/back1/cnn_usb_copy/rtl_pds/data_process/header} {C:/Users/Datou21/Desktop/PDS/back1/cnn_usb_copy/rtl_pds/data_process/mem_data} {C:/Users/Datou21/Desktop/PDS/back1/cnn_usb_copy/prj_pds}} C:/Users/Datou21/Desktop/PDS/back1/cnn_usb_copy/prj_pds/ipcore/ddr3_test/rtl/ddrphy/ips2l_ddrphy_main_ctrl_v1_10.vp successfully.
Executing : .rtl_analyze -include_path {{C:/Users/Datou21/Desktop/PDS/back1/cnn_usb_copy/rtl_pds/data_process/header} {C:/Users/Datou21/Desktop/PDS/back1/cnn_usb_copy/rtl_pds/data_process/mem_data} {C:/Users/Datou21/Desktop/PDS/back1/cnn_usb_copy/prj_pds}} C:/Users/Datou21/Desktop/PDS/back1/cnn_usb_copy/prj_pds/ipcore/ddr3_test/rtl/ddrphy/ips2l_ddrphy_init_v1_0.vp
I: Verilog-0001: Analyzing file C:/Users/Datou21/Desktop/PDS/back1/cnn_usb_copy/prj_pds/ipcore/ddr3_test/rtl/ddrphy/ips2l_ddrphy_init_v1_0.vp
I: Verilog-0002: [C:/Users/Datou21/Desktop/PDS/back1/cnn_usb_copy/prj_pds/ipcore/ddr3_test/rtl/ddrphy/ips2l_ddrphy_init_v1_0.vp(line number: 577)] Analyzing module ips2l_ddrphy_init_v1_0 (library work)
Parsing done.
Executing : .rtl_analyze -include_path {{C:/Users/Datou21/Desktop/PDS/back1/cnn_usb_copy/rtl_pds/data_process/header} {C:/Users/Datou21/Desktop/PDS/back1/cnn_usb_copy/rtl_pds/data_process/mem_data} {C:/Users/Datou21/Desktop/PDS/back1/cnn_usb_copy/prj_pds}} C:/Users/Datou21/Desktop/PDS/back1/cnn_usb_copy/prj_pds/ipcore/ddr3_test/rtl/ddrphy/ips2l_ddrphy_init_v1_0.vp successfully.
Executing : .rtl_analyze -include_path {{C:/Users/Datou21/Desktop/PDS/back1/cnn_usb_copy/rtl_pds/data_process/header} {C:/Users/Datou21/Desktop/PDS/back1/cnn_usb_copy/rtl_pds/data_process/mem_data} {C:/Users/Datou21/Desktop/PDS/back1/cnn_usb_copy/prj_pds}} C:/Users/Datou21/Desktop/PDS/back1/cnn_usb_copy/prj_pds/ipcore/ddr3_test/rtl/ddrphy/ips2l_ddrphy_info_v1_0.vp
I: Verilog-0001: Analyzing file C:/Users/Datou21/Desktop/PDS/back1/cnn_usb_copy/prj_pds/ipcore/ddr3_test/rtl/ddrphy/ips2l_ddrphy_info_v1_0.vp
I: Verilog-0002: [C:/Users/Datou21/Desktop/PDS/back1/cnn_usb_copy/prj_pds/ipcore/ddr3_test/rtl/ddrphy/ips2l_ddrphy_info_v1_0.vp(line number: 174)] Analyzing module ips2l_ddrphy_info_v1_0 (library work)
Parsing done.
Executing : .rtl_analyze -include_path {{C:/Users/Datou21/Desktop/PDS/back1/cnn_usb_copy/rtl_pds/data_process/header} {C:/Users/Datou21/Desktop/PDS/back1/cnn_usb_copy/rtl_pds/data_process/mem_data} {C:/Users/Datou21/Desktop/PDS/back1/cnn_usb_copy/prj_pds}} C:/Users/Datou21/Desktop/PDS/back1/cnn_usb_copy/prj_pds/ipcore/ddr3_test/rtl/ddrphy/ips2l_ddrphy_info_v1_0.vp successfully.
Executing : .rtl_analyze -include_path {{C:/Users/Datou21/Desktop/PDS/back1/cnn_usb_copy/rtl_pds/data_process/header} {C:/Users/Datou21/Desktop/PDS/back1/cnn_usb_copy/rtl_pds/data_process/mem_data} {C:/Users/Datou21/Desktop/PDS/back1/cnn_usb_copy/prj_pds}} C:/Users/Datou21/Desktop/PDS/back1/cnn_usb_copy/prj_pds/ipcore/ddr3_test/rtl/ddrphy/ips2l_ddrphy_gatecal_v1_10.vp
I: Verilog-0001: Analyzing file C:/Users/Datou21/Desktop/PDS/back1/cnn_usb_copy/prj_pds/ipcore/ddr3_test/rtl/ddrphy/ips2l_ddrphy_gatecal_v1_10.vp
I: Verilog-0002: [C:/Users/Datou21/Desktop/PDS/back1/cnn_usb_copy/prj_pds/ipcore/ddr3_test/rtl/ddrphy/ips2l_ddrphy_gatecal_v1_10.vp(line number: 243)] Analyzing module ips2l_ddrphy_gatecal_v1_10 (library work)
Parsing done.
Executing : .rtl_analyze -include_path {{C:/Users/Datou21/Desktop/PDS/back1/cnn_usb_copy/rtl_pds/data_process/header} {C:/Users/Datou21/Desktop/PDS/back1/cnn_usb_copy/rtl_pds/data_process/mem_data} {C:/Users/Datou21/Desktop/PDS/back1/cnn_usb_copy/prj_pds}} C:/Users/Datou21/Desktop/PDS/back1/cnn_usb_copy/prj_pds/ipcore/ddr3_test/rtl/ddrphy/ips2l_ddrphy_gatecal_v1_10.vp successfully.
Executing : .rtl_analyze -include_path {{C:/Users/Datou21/Desktop/PDS/back1/cnn_usb_copy/rtl_pds/data_process/header} {C:/Users/Datou21/Desktop/PDS/back1/cnn_usb_copy/rtl_pds/data_process/mem_data} {C:/Users/Datou21/Desktop/PDS/back1/cnn_usb_copy/prj_pds}} C:/Users/Datou21/Desktop/PDS/back1/cnn_usb_copy/prj_pds/ipcore/ddr3_test/rtl/ddrphy/ips2l_ddrphy_gate_update_ctrl_v1_3.vp
I: Verilog-0001: Analyzing file C:/Users/Datou21/Desktop/PDS/back1/cnn_usb_copy/prj_pds/ipcore/ddr3_test/rtl/ddrphy/ips2l_ddrphy_gate_update_ctrl_v1_3.vp
I: Verilog-0002: [C:/Users/Datou21/Desktop/PDS/back1/cnn_usb_copy/prj_pds/ipcore/ddr3_test/rtl/ddrphy/ips2l_ddrphy_gate_update_ctrl_v1_3.vp(line number: 100)] Analyzing module ips2l_ddrphy_gate_update_ctrl_v1_3 (library work)
Parsing done.
Executing : .rtl_analyze -include_path {{C:/Users/Datou21/Desktop/PDS/back1/cnn_usb_copy/rtl_pds/data_process/header} {C:/Users/Datou21/Desktop/PDS/back1/cnn_usb_copy/rtl_pds/data_process/mem_data} {C:/Users/Datou21/Desktop/PDS/back1/cnn_usb_copy/prj_pds}} C:/Users/Datou21/Desktop/PDS/back1/cnn_usb_copy/prj_pds/ipcore/ddr3_test/rtl/ddrphy/ips2l_ddrphy_gate_update_ctrl_v1_3.vp successfully.
Executing : .rtl_analyze -include_path {{C:/Users/Datou21/Desktop/PDS/back1/cnn_usb_copy/rtl_pds/data_process/header} {C:/Users/Datou21/Desktop/PDS/back1/cnn_usb_copy/rtl_pds/data_process/mem_data} {C:/Users/Datou21/Desktop/PDS/back1/cnn_usb_copy/prj_pds}} C:/Users/Datou21/Desktop/PDS/back1/cnn_usb_copy/prj_pds/ipcore/ddr3_test/rtl/ddrphy/ips2l_ddrphy_eyecal_v1_5.vp
I: Verilog-0001: Analyzing file C:/Users/Datou21/Desktop/PDS/back1/cnn_usb_copy/prj_pds/ipcore/ddr3_test/rtl/ddrphy/ips2l_ddrphy_eyecal_v1_5.vp
I: Verilog-0002: [C:/Users/Datou21/Desktop/PDS/back1/cnn_usb_copy/prj_pds/ipcore/ddr3_test/rtl/ddrphy/ips2l_ddrphy_eyecal_v1_5.vp(line number: 228)] Analyzing module ips2l_ddrphy_eyecal_v1_5 (library work)
Parsing done.
Executing : .rtl_analyze -include_path {{C:/Users/Datou21/Desktop/PDS/back1/cnn_usb_copy/rtl_pds/data_process/header} {C:/Users/Datou21/Desktop/PDS/back1/cnn_usb_copy/rtl_pds/data_process/mem_data} {C:/Users/Datou21/Desktop/PDS/back1/cnn_usb_copy/prj_pds}} C:/Users/Datou21/Desktop/PDS/back1/cnn_usb_copy/prj_pds/ipcore/ddr3_test/rtl/ddrphy/ips2l_ddrphy_eyecal_v1_5.vp successfully.
Executing : .rtl_analyze -include_path {{C:/Users/Datou21/Desktop/PDS/back1/cnn_usb_copy/rtl_pds/data_process/header} {C:/Users/Datou21/Desktop/PDS/back1/cnn_usb_copy/rtl_pds/data_process/mem_data} {C:/Users/Datou21/Desktop/PDS/back1/cnn_usb_copy/prj_pds}} C:/Users/Datou21/Desktop/PDS/back1/cnn_usb_copy/prj_pds/ipcore/ddr3_test/rtl/ddrphy/ips2l_ddrphy_drift_ctrl_v1_0.vp
I: Verilog-0001: Analyzing file C:/Users/Datou21/Desktop/PDS/back1/cnn_usb_copy/prj_pds/ipcore/ddr3_test/rtl/ddrphy/ips2l_ddrphy_drift_ctrl_v1_0.vp
I: Verilog-0002: [C:/Users/Datou21/Desktop/PDS/back1/cnn_usb_copy/prj_pds/ipcore/ddr3_test/rtl/ddrphy/ips2l_ddrphy_drift_ctrl_v1_0.vp(line number: 112)] Analyzing module ips2l_ddrphy_drift_ctrl_v1_0 (library work)
Parsing done.
Executing : .rtl_analyze -include_path {{C:/Users/Datou21/Desktop/PDS/back1/cnn_usb_copy/rtl_pds/data_process/header} {C:/Users/Datou21/Desktop/PDS/back1/cnn_usb_copy/rtl_pds/data_process/mem_data} {C:/Users/Datou21/Desktop/PDS/back1/cnn_usb_copy/prj_pds}} C:/Users/Datou21/Desktop/PDS/back1/cnn_usb_copy/prj_pds/ipcore/ddr3_test/rtl/ddrphy/ips2l_ddrphy_drift_ctrl_v1_0.vp successfully.
Executing : .rtl_analyze -include_path {{C:/Users/Datou21/Desktop/PDS/back1/cnn_usb_copy/rtl_pds/data_process/header} {C:/Users/Datou21/Desktop/PDS/back1/cnn_usb_copy/rtl_pds/data_process/mem_data} {C:/Users/Datou21/Desktop/PDS/back1/cnn_usb_copy/prj_pds}} C:/Users/Datou21/Desktop/PDS/back1/cnn_usb_copy/prj_pds/ipcore/ddr3_test/rtl/ddrphy/ips2l_ddrphy_dqsi_rdel_cal_v1_3.vp
I: Verilog-0001: Analyzing file C:/Users/Datou21/Desktop/PDS/back1/cnn_usb_copy/prj_pds/ipcore/ddr3_test/rtl/ddrphy/ips2l_ddrphy_dqsi_rdel_cal_v1_3.vp
I: Verilog-0002: [C:/Users/Datou21/Desktop/PDS/back1/cnn_usb_copy/prj_pds/ipcore/ddr3_test/rtl/ddrphy/ips2l_ddrphy_dqsi_rdel_cal_v1_3.vp(line number: 395)] Analyzing module ips2l_ddrphy_dqsi_rdel_cal_v1_3 (library work)
Parsing done.
Executing : .rtl_analyze -include_path {{C:/Users/Datou21/Desktop/PDS/back1/cnn_usb_copy/rtl_pds/data_process/header} {C:/Users/Datou21/Desktop/PDS/back1/cnn_usb_copy/rtl_pds/data_process/mem_data} {C:/Users/Datou21/Desktop/PDS/back1/cnn_usb_copy/prj_pds}} C:/Users/Datou21/Desktop/PDS/back1/cnn_usb_copy/prj_pds/ipcore/ddr3_test/rtl/ddrphy/ips2l_ddrphy_dqsi_rdel_cal_v1_3.vp successfully.
Executing : .rtl_analyze -include_path {{C:/Users/Datou21/Desktop/PDS/back1/cnn_usb_copy/rtl_pds/data_process/header} {C:/Users/Datou21/Desktop/PDS/back1/cnn_usb_copy/rtl_pds/data_process/mem_data} {C:/Users/Datou21/Desktop/PDS/back1/cnn_usb_copy/prj_pds}} C:/Users/Datou21/Desktop/PDS/back1/cnn_usb_copy/prj_pds/ipcore/ddr3_test/rtl/ddrphy/ips2l_ddrphy_dqs_rddata_align_v1_10.vp
I: Verilog-0001: Analyzing file C:/Users/Datou21/Desktop/PDS/back1/cnn_usb_copy/prj_pds/ipcore/ddr3_test/rtl/ddrphy/ips2l_ddrphy_dqs_rddata_align_v1_10.vp
I: Verilog-0002: [C:/Users/Datou21/Desktop/PDS/back1/cnn_usb_copy/prj_pds/ipcore/ddr3_test/rtl/ddrphy/ips2l_ddrphy_dqs_rddata_align_v1_10.vp(line number: 527)] Analyzing module ips2l_ddrphy_dqs_rddata_align_v1_10 (library work)
Parsing done.
Executing : .rtl_analyze -include_path {{C:/Users/Datou21/Desktop/PDS/back1/cnn_usb_copy/rtl_pds/data_process/header} {C:/Users/Datou21/Desktop/PDS/back1/cnn_usb_copy/rtl_pds/data_process/mem_data} {C:/Users/Datou21/Desktop/PDS/back1/cnn_usb_copy/prj_pds}} C:/Users/Datou21/Desktop/PDS/back1/cnn_usb_copy/prj_pds/ipcore/ddr3_test/rtl/ddrphy/ips2l_ddrphy_dqs_rddata_align_v1_10.vp successfully.
Executing : .rtl_analyze -include_path {{C:/Users/Datou21/Desktop/PDS/back1/cnn_usb_copy/rtl_pds/data_process/header} {C:/Users/Datou21/Desktop/PDS/back1/cnn_usb_copy/rtl_pds/data_process/mem_data} {C:/Users/Datou21/Desktop/PDS/back1/cnn_usb_copy/prj_pds}} C:/Users/Datou21/Desktop/PDS/back1/cnn_usb_copy/prj_pds/ipcore/ddr3_test/rtl/ddrphy/ips2l_ddrphy_dqs_gate_coarse_cal_v1_0.vp
I: Verilog-0001: Analyzing file C:/Users/Datou21/Desktop/PDS/back1/cnn_usb_copy/prj_pds/ipcore/ddr3_test/rtl/ddrphy/ips2l_ddrphy_dqs_gate_coarse_cal_v1_0.vp
I: Verilog-0002: [C:/Users/Datou21/Desktop/PDS/back1/cnn_usb_copy/prj_pds/ipcore/ddr3_test/rtl/ddrphy/ips2l_ddrphy_dqs_gate_coarse_cal_v1_0.vp(line number: 173)] Analyzing module ips2l_ddrphy_dqs_gate_coarse_cal_v1_0 (library work)
Parsing done.
Executing : .rtl_analyze -include_path {{C:/Users/Datou21/Desktop/PDS/back1/cnn_usb_copy/rtl_pds/data_process/header} {C:/Users/Datou21/Desktop/PDS/back1/cnn_usb_copy/rtl_pds/data_process/mem_data} {C:/Users/Datou21/Desktop/PDS/back1/cnn_usb_copy/prj_pds}} C:/Users/Datou21/Desktop/PDS/back1/cnn_usb_copy/prj_pds/ipcore/ddr3_test/rtl/ddrphy/ips2l_ddrphy_dqs_gate_coarse_cal_v1_0.vp successfully.
Executing : .rtl_analyze -include_path {{C:/Users/Datou21/Desktop/PDS/back1/cnn_usb_copy/rtl_pds/data_process/header} {C:/Users/Datou21/Desktop/PDS/back1/cnn_usb_copy/rtl_pds/data_process/mem_data} {C:/Users/Datou21/Desktop/PDS/back1/cnn_usb_copy/prj_pds}} C:/Users/Datou21/Desktop/PDS/back1/cnn_usb_copy/prj_pds/ipcore/ddr3_test/rtl/ddrphy/ips2l_ddrphy_dll_update_ctrl_v1_3.vp
I: Verilog-0001: Analyzing file C:/Users/Datou21/Desktop/PDS/back1/cnn_usb_copy/prj_pds/ipcore/ddr3_test/rtl/ddrphy/ips2l_ddrphy_dll_update_ctrl_v1_3.vp
I: Verilog-0002: [C:/Users/Datou21/Desktop/PDS/back1/cnn_usb_copy/prj_pds/ipcore/ddr3_test/rtl/ddrphy/ips2l_ddrphy_dll_update_ctrl_v1_3.vp(line number: 124)] Analyzing module ips2l_ddrphy_dll_update_ctrl_v1_3 (library work)
Parsing done.
Executing : .rtl_analyze -include_path {{C:/Users/Datou21/Desktop/PDS/back1/cnn_usb_copy/rtl_pds/data_process/header} {C:/Users/Datou21/Desktop/PDS/back1/cnn_usb_copy/rtl_pds/data_process/mem_data} {C:/Users/Datou21/Desktop/PDS/back1/cnn_usb_copy/prj_pds}} C:/Users/Datou21/Desktop/PDS/back1/cnn_usb_copy/prj_pds/ipcore/ddr3_test/rtl/ddrphy/ips2l_ddrphy_dll_update_ctrl_v1_3.vp successfully.
Executing : .rtl_analyze -include_path {{C:/Users/Datou21/Desktop/PDS/back1/cnn_usb_copy/rtl_pds/data_process/header} {C:/Users/Datou21/Desktop/PDS/back1/cnn_usb_copy/rtl_pds/data_process/mem_data} {C:/Users/Datou21/Desktop/PDS/back1/cnn_usb_copy/prj_pds}} C:/Users/Datou21/Desktop/PDS/back1/cnn_usb_copy/prj_pds/ipcore/ddr3_test/rtl/ddrphy/ips2l_ddrphy_dfi_v1_3.vp
I: Verilog-0001: Analyzing file C:/Users/Datou21/Desktop/PDS/back1/cnn_usb_copy/prj_pds/ipcore/ddr3_test/rtl/ddrphy/ips2l_ddrphy_dfi_v1_3.vp
I: Verilog-0002: [C:/Users/Datou21/Desktop/PDS/back1/cnn_usb_copy/prj_pds/ipcore/ddr3_test/rtl/ddrphy/ips2l_ddrphy_dfi_v1_3.vp(line number: 320)] Analyzing module ips2l_ddrphy_dfi_v1_3 (library work)
Parsing done.
Executing : .rtl_analyze -include_path {{C:/Users/Datou21/Desktop/PDS/back1/cnn_usb_copy/rtl_pds/data_process/header} {C:/Users/Datou21/Desktop/PDS/back1/cnn_usb_copy/rtl_pds/data_process/mem_data} {C:/Users/Datou21/Desktop/PDS/back1/cnn_usb_copy/prj_pds}} C:/Users/Datou21/Desktop/PDS/back1/cnn_usb_copy/prj_pds/ipcore/ddr3_test/rtl/ddrphy/ips2l_ddrphy_dfi_v1_3.vp successfully.
Executing : .rtl_analyze -include_path {{C:/Users/Datou21/Desktop/PDS/back1/cnn_usb_copy/rtl_pds/data_process/header} {C:/Users/Datou21/Desktop/PDS/back1/cnn_usb_copy/rtl_pds/data_process/mem_data} {C:/Users/Datou21/Desktop/PDS/back1/cnn_usb_copy/prj_pds}} C:/Users/Datou21/Desktop/PDS/back1/cnn_usb_copy/prj_pds/ipcore/ddr3_test/rtl/ddrphy/ips2l_ddrphy_gpll_phase_v1_0.vp
I: Verilog-0001: Analyzing file C:/Users/Datou21/Desktop/PDS/back1/cnn_usb_copy/prj_pds/ipcore/ddr3_test/rtl/ddrphy/ips2l_ddrphy_gpll_phase_v1_0.vp
I: Verilog-0002: [C:/Users/Datou21/Desktop/PDS/back1/cnn_usb_copy/prj_pds/ipcore/ddr3_test/rtl/ddrphy/ips2l_ddrphy_gpll_phase_v1_0.vp(line number: 69)] Analyzing module ips2l_ddrphy_gpll_phase_v1_0 (library work)
Parsing done.
Executing : .rtl_analyze -include_path {{C:/Users/Datou21/Desktop/PDS/back1/cnn_usb_copy/rtl_pds/data_process/header} {C:/Users/Datou21/Desktop/PDS/back1/cnn_usb_copy/rtl_pds/data_process/mem_data} {C:/Users/Datou21/Desktop/PDS/back1/cnn_usb_copy/prj_pds}} C:/Users/Datou21/Desktop/PDS/back1/cnn_usb_copy/prj_pds/ipcore/ddr3_test/rtl/ddrphy/ips2l_ddrphy_gpll_phase_v1_0.vp successfully.
Executing : .rtl_analyze -include_path {{C:/Users/Datou21/Desktop/PDS/back1/cnn_usb_copy/rtl_pds/data_process/header} {C:/Users/Datou21/Desktop/PDS/back1/cnn_usb_copy/rtl_pds/data_process/mem_data} {C:/Users/Datou21/Desktop/PDS/back1/cnn_usb_copy/prj_pds}} C:/Users/Datou21/Desktop/PDS/back1/cnn_usb_copy/prj_pds/ipcore/ddr3_test/rtl/ddrphy/ips2l_ddrphy_data_slice_wrlvl_v1_10.vp
I: Verilog-0001: Analyzing file C:/Users/Datou21/Desktop/PDS/back1/cnn_usb_copy/prj_pds/ipcore/ddr3_test/rtl/ddrphy/ips2l_ddrphy_data_slice_wrlvl_v1_10.vp
I: Verilog-0002: [C:/Users/Datou21/Desktop/PDS/back1/cnn_usb_copy/prj_pds/ipcore/ddr3_test/rtl/ddrphy/ips2l_ddrphy_data_slice_wrlvl_v1_10.vp(line number: 292)] Analyzing module ips2l_ddrphy_data_slice_wrlvl_v1_10 (library work)
Parsing done.
Executing : .rtl_analyze -include_path {{C:/Users/Datou21/Desktop/PDS/back1/cnn_usb_copy/rtl_pds/data_process/header} {C:/Users/Datou21/Desktop/PDS/back1/cnn_usb_copy/rtl_pds/data_process/mem_data} {C:/Users/Datou21/Desktop/PDS/back1/cnn_usb_copy/prj_pds}} C:/Users/Datou21/Desktop/PDS/back1/cnn_usb_copy/prj_pds/ipcore/ddr3_test/rtl/ddrphy/ips2l_ddrphy_data_slice_wrlvl_v1_10.vp successfully.
Executing : .rtl_analyze -include_path {{C:/Users/Datou21/Desktop/PDS/back1/cnn_usb_copy/rtl_pds/data_process/header} {C:/Users/Datou21/Desktop/PDS/back1/cnn_usb_copy/rtl_pds/data_process/mem_data} {C:/Users/Datou21/Desktop/PDS/back1/cnn_usb_copy/prj_pds}} C:/Users/Datou21/Desktop/PDS/back1/cnn_usb_copy/prj_pds/ipcore/ddr3_test/rtl/ddrphy/ips2l_ddrphy_data_slice_wrcal_v1_10.vp
I: Verilog-0001: Analyzing file C:/Users/Datou21/Desktop/PDS/back1/cnn_usb_copy/prj_pds/ipcore/ddr3_test/rtl/ddrphy/ips2l_ddrphy_data_slice_wrcal_v1_10.vp
I: Verilog-0002: [C:/Users/Datou21/Desktop/PDS/back1/cnn_usb_copy/prj_pds/ipcore/ddr3_test/rtl/ddrphy/ips2l_ddrphy_data_slice_wrcal_v1_10.vp(line number: 278)] Analyzing module ips2l_ddrphy_data_slice_wrcal_v1_10 (library work)
Parsing done.
Executing : .rtl_analyze -include_path {{C:/Users/Datou21/Desktop/PDS/back1/cnn_usb_copy/rtl_pds/data_process/header} {C:/Users/Datou21/Desktop/PDS/back1/cnn_usb_copy/rtl_pds/data_process/mem_data} {C:/Users/Datou21/Desktop/PDS/back1/cnn_usb_copy/prj_pds}} C:/Users/Datou21/Desktop/PDS/back1/cnn_usb_copy/prj_pds/ipcore/ddr3_test/rtl/ddrphy/ips2l_ddrphy_data_slice_wrcal_v1_10.vp successfully.
Executing : .rtl_analyze -include_path {{C:/Users/Datou21/Desktop/PDS/back1/cnn_usb_copy/rtl_pds/data_process/header} {C:/Users/Datou21/Desktop/PDS/back1/cnn_usb_copy/rtl_pds/data_process/mem_data} {C:/Users/Datou21/Desktop/PDS/back1/cnn_usb_copy/prj_pds}} C:/Users/Datou21/Desktop/PDS/back1/cnn_usb_copy/prj_pds/ipcore/ddr3_test/rtl/ddrphy/ips2l_ddrphy_data_slice_v1_10.vp
I: Verilog-0001: Analyzing file C:/Users/Datou21/Desktop/PDS/back1/cnn_usb_copy/prj_pds/ipcore/ddr3_test/rtl/ddrphy/ips2l_ddrphy_data_slice_v1_10.vp
I: Verilog-0002: [C:/Users/Datou21/Desktop/PDS/back1/cnn_usb_copy/prj_pds/ipcore/ddr3_test/rtl/ddrphy/ips2l_ddrphy_data_slice_v1_10.vp(line number: 583)] Analyzing module ips2l_ddrphy_data_slice_v1_10 (library work)
Parsing done.
Executing : .rtl_analyze -include_path {{C:/Users/Datou21/Desktop/PDS/back1/cnn_usb_copy/rtl_pds/data_process/header} {C:/Users/Datou21/Desktop/PDS/back1/cnn_usb_copy/rtl_pds/data_process/mem_data} {C:/Users/Datou21/Desktop/PDS/back1/cnn_usb_copy/prj_pds}} C:/Users/Datou21/Desktop/PDS/back1/cnn_usb_copy/prj_pds/ipcore/ddr3_test/rtl/ddrphy/ips2l_ddrphy_data_slice_v1_10.vp successfully.
Executing : .rtl_analyze -include_path {{C:/Users/Datou21/Desktop/PDS/back1/cnn_usb_copy/rtl_pds/data_process/header} {C:/Users/Datou21/Desktop/PDS/back1/cnn_usb_copy/rtl_pds/data_process/mem_data} {C:/Users/Datou21/Desktop/PDS/back1/cnn_usb_copy/prj_pds}} C:/Users/Datou21/Desktop/PDS/back1/cnn_usb_copy/prj_pds/ipcore/ddr3_test/rtl/ddrphy/ips2l_ddrphy_data_slice_dqs_gate_cal_v1_10.vp
I: Verilog-0001: Analyzing file C:/Users/Datou21/Desktop/PDS/back1/cnn_usb_copy/prj_pds/ipcore/ddr3_test/rtl/ddrphy/ips2l_ddrphy_data_slice_dqs_gate_cal_v1_10.vp
I: Verilog-0002: [C:/Users/Datou21/Desktop/PDS/back1/cnn_usb_copy/prj_pds/ipcore/ddr3_test/rtl/ddrphy/ips2l_ddrphy_data_slice_dqs_gate_cal_v1_10.vp(line number: 111)] Analyzing module ips2l_ddrphy_data_slice_dqs_gate_cal_v1_10 (library work)
Parsing done.
Executing : .rtl_analyze -include_path {{C:/Users/Datou21/Desktop/PDS/back1/cnn_usb_copy/rtl_pds/data_process/header} {C:/Users/Datou21/Desktop/PDS/back1/cnn_usb_copy/rtl_pds/data_process/mem_data} {C:/Users/Datou21/Desktop/PDS/back1/cnn_usb_copy/prj_pds}} C:/Users/Datou21/Desktop/PDS/back1/cnn_usb_copy/prj_pds/ipcore/ddr3_test/rtl/ddrphy/ips2l_ddrphy_data_slice_dqs_gate_cal_v1_10.vp successfully.
Executing : .rtl_analyze -include_path {{C:/Users/Datou21/Desktop/PDS/back1/cnn_usb_copy/rtl_pds/data_process/header} {C:/Users/Datou21/Desktop/PDS/back1/cnn_usb_copy/rtl_pds/data_process/mem_data} {C:/Users/Datou21/Desktop/PDS/back1/cnn_usb_copy/prj_pds}} C:/Users/Datou21/Desktop/PDS/back1/cnn_usb_copy/prj_pds/ipcore/ddr3_test/rtl/ddrphy/ips2l_ddrphy_cpd_ctrl_v1_3.vp
I: Verilog-0001: Analyzing file C:/Users/Datou21/Desktop/PDS/back1/cnn_usb_copy/prj_pds/ipcore/ddr3_test/rtl/ddrphy/ips2l_ddrphy_cpd_ctrl_v1_3.vp
I: Verilog-0002: [C:/Users/Datou21/Desktop/PDS/back1/cnn_usb_copy/prj_pds/ipcore/ddr3_test/rtl/ddrphy/ips2l_ddrphy_cpd_ctrl_v1_3.vp(line number: 182)] Analyzing module ips2l_ddrphy_cpd_ctrl_v1_3 (library work)
Parsing done.
Executing : .rtl_analyze -include_path {{C:/Users/Datou21/Desktop/PDS/back1/cnn_usb_copy/rtl_pds/data_process/header} {C:/Users/Datou21/Desktop/PDS/back1/cnn_usb_copy/rtl_pds/data_process/mem_data} {C:/Users/Datou21/Desktop/PDS/back1/cnn_usb_copy/prj_pds}} C:/Users/Datou21/Desktop/PDS/back1/cnn_usb_copy/prj_pds/ipcore/ddr3_test/rtl/ddrphy/ips2l_ddrphy_cpd_ctrl_v1_3.vp successfully.
Executing : .rtl_analyze -include_path {{C:/Users/Datou21/Desktop/PDS/back1/cnn_usb_copy/rtl_pds/data_process/header} {C:/Users/Datou21/Desktop/PDS/back1/cnn_usb_copy/rtl_pds/data_process/mem_data} {C:/Users/Datou21/Desktop/PDS/back1/cnn_usb_copy/prj_pds}} C:/Users/Datou21/Desktop/PDS/back1/cnn_usb_copy/prj_pds/ipcore/ddr3_test/rtl/ddrphy/ips2l_ddrphy_cpd_lock_v1_0.vp
I: Verilog-0001: Analyzing file C:/Users/Datou21/Desktop/PDS/back1/cnn_usb_copy/prj_pds/ipcore/ddr3_test/rtl/ddrphy/ips2l_ddrphy_cpd_lock_v1_0.vp
I: Verilog-0002: [C:/Users/Datou21/Desktop/PDS/back1/cnn_usb_copy/prj_pds/ipcore/ddr3_test/rtl/ddrphy/ips2l_ddrphy_cpd_lock_v1_0.vp(line number: 71)] Analyzing module ips2l_ddrphy_cpd_lock_v1_0 (library work)
Parsing done.
Executing : .rtl_analyze -include_path {{C:/Users/Datou21/Desktop/PDS/back1/cnn_usb_copy/rtl_pds/data_process/header} {C:/Users/Datou21/Desktop/PDS/back1/cnn_usb_copy/rtl_pds/data_process/mem_data} {C:/Users/Datou21/Desktop/PDS/back1/cnn_usb_copy/prj_pds}} C:/Users/Datou21/Desktop/PDS/back1/cnn_usb_copy/prj_pds/ipcore/ddr3_test/rtl/ddrphy/ips2l_ddrphy_cpd_lock_v1_0.vp successfully.
Executing : .rtl_analyze -include_path {{C:/Users/Datou21/Desktop/PDS/back1/cnn_usb_copy/rtl_pds/data_process/header} {C:/Users/Datou21/Desktop/PDS/back1/cnn_usb_copy/rtl_pds/data_process/mem_data} {C:/Users/Datou21/Desktop/PDS/back1/cnn_usb_copy/prj_pds}} C:/Users/Datou21/Desktop/PDS/back1/cnn_usb_copy/prj_pds/ipcore/ddr3_test/rtl/ddrphy/ips2l_ddrphy_control_path_adj_v1_10.vp
I: Verilog-0001: Analyzing file C:/Users/Datou21/Desktop/PDS/back1/cnn_usb_copy/prj_pds/ipcore/ddr3_test/rtl/ddrphy/ips2l_ddrphy_control_path_adj_v1_10.vp
I: Verilog-0002: [C:/Users/Datou21/Desktop/PDS/back1/cnn_usb_copy/prj_pds/ipcore/ddr3_test/rtl/ddrphy/ips2l_ddrphy_control_path_adj_v1_10.vp(line number: 134)] Analyzing module ips2l_ddrphy_control_path_adj_v1_10 (library work)
Parsing done.
Executing : .rtl_analyze -include_path {{C:/Users/Datou21/Desktop/PDS/back1/cnn_usb_copy/rtl_pds/data_process/header} {C:/Users/Datou21/Desktop/PDS/back1/cnn_usb_copy/rtl_pds/data_process/mem_data} {C:/Users/Datou21/Desktop/PDS/back1/cnn_usb_copy/prj_pds}} C:/Users/Datou21/Desktop/PDS/back1/cnn_usb_copy/prj_pds/ipcore/ddr3_test/rtl/ddrphy/ips2l_ddrphy_control_path_adj_v1_10.vp successfully.
Executing : .rtl_analyze -include_path {{C:/Users/Datou21/Desktop/PDS/back1/cnn_usb_copy/rtl_pds/data_process/header} {C:/Users/Datou21/Desktop/PDS/back1/cnn_usb_copy/rtl_pds/data_process/mem_data} {C:/Users/Datou21/Desktop/PDS/back1/cnn_usb_copy/prj_pds}} C:/Users/Datou21/Desktop/PDS/back1/cnn_usb_copy/prj_pds/ipcore/ddr3_test/rtl/ddrphy/ips2l_ddrphy_calib_top_v1_10.vp
I: Verilog-0001: Analyzing file C:/Users/Datou21/Desktop/PDS/back1/cnn_usb_copy/prj_pds/ipcore/ddr3_test/rtl/ddrphy/ips2l_ddrphy_calib_top_v1_10.vp
I: Verilog-0002: [C:/Users/Datou21/Desktop/PDS/back1/cnn_usb_copy/prj_pds/ipcore/ddr3_test/rtl/ddrphy/ips2l_ddrphy_calib_top_v1_10.vp(line number: 392)] Analyzing module ips2l_ddrphy_calib_top_v1_10 (library work)
Parsing done.
Executing : .rtl_analyze -include_path {{C:/Users/Datou21/Desktop/PDS/back1/cnn_usb_copy/rtl_pds/data_process/header} {C:/Users/Datou21/Desktop/PDS/back1/cnn_usb_copy/rtl_pds/data_process/mem_data} {C:/Users/Datou21/Desktop/PDS/back1/cnn_usb_copy/prj_pds}} C:/Users/Datou21/Desktop/PDS/back1/cnn_usb_copy/prj_pds/ipcore/ddr3_test/rtl/ddrphy/ips2l_ddrphy_calib_top_v1_10.vp successfully.
Executing : .rtl_analyze -include_path {{C:/Users/Datou21/Desktop/PDS/back1/cnn_usb_copy/rtl_pds/data_process/header} {C:/Users/Datou21/Desktop/PDS/back1/cnn_usb_copy/rtl_pds/data_process/mem_data} {C:/Users/Datou21/Desktop/PDS/back1/cnn_usb_copy/prj_pds}} C:/Users/Datou21/Desktop/PDS/back1/cnn_usb_copy/prj_pds/ipcore/ddr3_test/rtl/ddrphy/ips2l_ddrphy_calib_mux_v1_0.vp
I: Verilog-0001: Analyzing file C:/Users/Datou21/Desktop/PDS/back1/cnn_usb_copy/prj_pds/ipcore/ddr3_test/rtl/ddrphy/ips2l_ddrphy_calib_mux_v1_0.vp
I: Verilog-0002: [C:/Users/Datou21/Desktop/PDS/back1/cnn_usb_copy/prj_pds/ipcore/ddr3_test/rtl/ddrphy/ips2l_ddrphy_calib_mux_v1_0.vp(line number: 199)] Analyzing module ips2l_ddrphy_calib_mux_v1_0 (library work)
Parsing done.
Executing : .rtl_analyze -include_path {{C:/Users/Datou21/Desktop/PDS/back1/cnn_usb_copy/rtl_pds/data_process/header} {C:/Users/Datou21/Desktop/PDS/back1/cnn_usb_copy/rtl_pds/data_process/mem_data} {C:/Users/Datou21/Desktop/PDS/back1/cnn_usb_copy/prj_pds}} C:/Users/Datou21/Desktop/PDS/back1/cnn_usb_copy/prj_pds/ipcore/ddr3_test/rtl/ddrphy/ips2l_ddrphy_calib_mux_v1_0.vp successfully.
Executing : .rtl_analyze -include_path {{C:/Users/Datou21/Desktop/PDS/back1/cnn_usb_copy/rtl_pds/data_process/header} {C:/Users/Datou21/Desktop/PDS/back1/cnn_usb_copy/rtl_pds/data_process/mem_data} {C:/Users/Datou21/Desktop/PDS/back1/cnn_usb_copy/prj_pds}} C:/Users/Datou21/Desktop/PDS/back1/cnn_usb_copy/prj_pds/ipcore/ddr3_test/rtl/ddrphy/ips2l_ddrphy_rst_debounce_v1_0.vp
I: Verilog-0001: Analyzing file C:/Users/Datou21/Desktop/PDS/back1/cnn_usb_copy/prj_pds/ipcore/ddr3_test/rtl/ddrphy/ips2l_ddrphy_rst_debounce_v1_0.vp
I: Verilog-0002: [C:/Users/Datou21/Desktop/PDS/back1/cnn_usb_copy/prj_pds/ipcore/ddr3_test/rtl/ddrphy/ips2l_ddrphy_rst_debounce_v1_0.vp(line number: 84)] Analyzing module ips2l_ddrphy_rst_debounce_v1_0 (library work)
Parsing done.
Executing : .rtl_analyze -include_path {{C:/Users/Datou21/Desktop/PDS/back1/cnn_usb_copy/rtl_pds/data_process/header} {C:/Users/Datou21/Desktop/PDS/back1/cnn_usb_copy/rtl_pds/data_process/mem_data} {C:/Users/Datou21/Desktop/PDS/back1/cnn_usb_copy/prj_pds}} C:/Users/Datou21/Desktop/PDS/back1/cnn_usb_copy/prj_pds/ipcore/ddr3_test/rtl/ddrphy/ips2l_ddrphy_rst_debounce_v1_0.vp successfully.
Executing : .rtl_analyze -include_path {{C:/Users/Datou21/Desktop/PDS/back1/cnn_usb_copy/rtl_pds/data_process/header} {C:/Users/Datou21/Desktop/PDS/back1/cnn_usb_copy/rtl_pds/data_process/mem_data} {C:/Users/Datou21/Desktop/PDS/back1/cnn_usb_copy/prj_pds}} C:/Users/Datou21/Desktop/PDS/back1/cnn_usb_copy/prj_pds/ipcore/ddr3_test/rtl/ddrphy/ips2l_ddrphy_rst_clk_phase_adj_v1_0.vp
I: Verilog-0001: Analyzing file C:/Users/Datou21/Desktop/PDS/back1/cnn_usb_copy/prj_pds/ipcore/ddr3_test/rtl/ddrphy/ips2l_ddrphy_rst_clk_phase_adj_v1_0.vp
I: Verilog-0002: [C:/Users/Datou21/Desktop/PDS/back1/cnn_usb_copy/prj_pds/ipcore/ddr3_test/rtl/ddrphy/ips2l_ddrphy_rst_clk_phase_adj_v1_0.vp(line number: 104)] Analyzing module ips2l_ddrphy_rst_clk_phase_adj_v1_0 (library work)
Parsing done.
Executing : .rtl_analyze -include_path {{C:/Users/Datou21/Desktop/PDS/back1/cnn_usb_copy/rtl_pds/data_process/header} {C:/Users/Datou21/Desktop/PDS/back1/cnn_usb_copy/rtl_pds/data_process/mem_data} {C:/Users/Datou21/Desktop/PDS/back1/cnn_usb_copy/prj_pds}} C:/Users/Datou21/Desktop/PDS/back1/cnn_usb_copy/prj_pds/ipcore/ddr3_test/rtl/ddrphy/ips2l_ddrphy_rst_clk_phase_adj_v1_0.vp successfully.
Executing : .rtl_analyze -include_path {{C:/Users/Datou21/Desktop/PDS/back1/cnn_usb_copy/rtl_pds/data_process/header} {C:/Users/Datou21/Desktop/PDS/back1/cnn_usb_copy/rtl_pds/data_process/mem_data} {C:/Users/Datou21/Desktop/PDS/back1/cnn_usb_copy/prj_pds}} C:/Users/Datou21/Desktop/PDS/back1/cnn_usb_copy/prj_pds/ipcore/ddr3_test/rtl/pll/ips2l_ddrphy_gpll_v1_3.vp
I: Verilog-0001: Analyzing file C:/Users/Datou21/Desktop/PDS/back1/cnn_usb_copy/prj_pds/ipcore/ddr3_test/rtl/pll/ips2l_ddrphy_gpll_v1_3.vp
I: Verilog-0002: [C:/Users/Datou21/Desktop/PDS/back1/cnn_usb_copy/prj_pds/ipcore/ddr3_test/rtl/pll/ips2l_ddrphy_gpll_v1_3.vp(line number: 127)] Analyzing module ips2l_ddrphy_gpll_v1_3 (library work)
W: Verilog-2006: [C:/Users/Datou21/Desktop/PDS/back1/cnn_usb_copy/prj_pds/ipcore/ddr3_test/rtl/pll/ips2l_ddrphy_gpll_v1_3.vp(line number: 154)] Ansi_parameter force parameter in body to localparam
W: Verilog-2006: [C:/Users/Datou21/Desktop/PDS/back1/cnn_usb_copy/prj_pds/ipcore/ddr3_test/rtl/pll/ips2l_ddrphy_gpll_v1_3.vp(line number: 155)] Ansi_parameter force parameter in body to localparam
W: Verilog-2006: [C:/Users/Datou21/Desktop/PDS/back1/cnn_usb_copy/prj_pds/ipcore/ddr3_test/rtl/pll/ips2l_ddrphy_gpll_v1_3.vp(line number: 156)] Ansi_parameter force parameter in body to localparam
W: Verilog-2006: [C:/Users/Datou21/Desktop/PDS/back1/cnn_usb_copy/prj_pds/ipcore/ddr3_test/rtl/pll/ips2l_ddrphy_gpll_v1_3.vp(line number: 157)] Ansi_parameter force parameter in body to localparam
W: Verilog-2006: [C:/Users/Datou21/Desktop/PDS/back1/cnn_usb_copy/prj_pds/ipcore/ddr3_test/rtl/pll/ips2l_ddrphy_gpll_v1_3.vp(line number: 158)] Ansi_parameter force parameter in body to localparam
Parsing done.
Executing : .rtl_analyze -include_path {{C:/Users/Datou21/Desktop/PDS/back1/cnn_usb_copy/rtl_pds/data_process/header} {C:/Users/Datou21/Desktop/PDS/back1/cnn_usb_copy/rtl_pds/data_process/mem_data} {C:/Users/Datou21/Desktop/PDS/back1/cnn_usb_copy/prj_pds}} C:/Users/Datou21/Desktop/PDS/back1/cnn_usb_copy/prj_pds/ipcore/ddr3_test/rtl/pll/ips2l_ddrphy_gpll_v1_3.vp successfully.
Executing : .rtl_analyze -include_path {{C:/Users/Datou21/Desktop/PDS/back1/cnn_usb_copy/rtl_pds/data_process/header} {C:/Users/Datou21/Desktop/PDS/back1/cnn_usb_copy/rtl_pds/data_process/mem_data} {C:/Users/Datou21/Desktop/PDS/back1/cnn_usb_copy/prj_pds}} C:/Users/Datou21/Desktop/PDS/back1/cnn_usb_copy/prj_pds/ipcore/ddr3_test/rtl/pll/ips2l_ddrphy_ppll_v1_0.vp
I: Verilog-0001: Analyzing file C:/Users/Datou21/Desktop/PDS/back1/cnn_usb_copy/prj_pds/ipcore/ddr3_test/rtl/pll/ips2l_ddrphy_ppll_v1_0.vp
I: Verilog-0002: [C:/Users/Datou21/Desktop/PDS/back1/cnn_usb_copy/prj_pds/ipcore/ddr3_test/rtl/pll/ips2l_ddrphy_ppll_v1_0.vp(line number: 242)] Analyzing module ips2l_ddrphy_ppll_v1_0 (library work)
W: Verilog-2006: [C:/Users/Datou21/Desktop/PDS/back1/cnn_usb_copy/prj_pds/ipcore/ddr3_test/rtl/pll/ips2l_ddrphy_ppll_v1_0.vp(line number: 261)] Ansi_parameter force parameter in body to localparam
W: Verilog-2006: [C:/Users/Datou21/Desktop/PDS/back1/cnn_usb_copy/prj_pds/ipcore/ddr3_test/rtl/pll/ips2l_ddrphy_ppll_v1_0.vp(line number: 262)] Ansi_parameter force parameter in body to localparam
W: Verilog-2006: [C:/Users/Datou21/Desktop/PDS/back1/cnn_usb_copy/prj_pds/ipcore/ddr3_test/rtl/pll/ips2l_ddrphy_ppll_v1_0.vp(line number: 263)] Ansi_parameter force parameter in body to localparam
W: Verilog-2006: [C:/Users/Datou21/Desktop/PDS/back1/cnn_usb_copy/prj_pds/ipcore/ddr3_test/rtl/pll/ips2l_ddrphy_ppll_v1_0.vp(line number: 264)] Ansi_parameter force parameter in body to localparam
W: Verilog-2006: [C:/Users/Datou21/Desktop/PDS/back1/cnn_usb_copy/prj_pds/ipcore/ddr3_test/rtl/pll/ips2l_ddrphy_ppll_v1_0.vp(line number: 265)] Ansi_parameter force parameter in body to localparam
Parsing done.
Executing : .rtl_analyze -include_path {{C:/Users/Datou21/Desktop/PDS/back1/cnn_usb_copy/rtl_pds/data_process/header} {C:/Users/Datou21/Desktop/PDS/back1/cnn_usb_copy/rtl_pds/data_process/mem_data} {C:/Users/Datou21/Desktop/PDS/back1/cnn_usb_copy/prj_pds}} C:/Users/Datou21/Desktop/PDS/back1/cnn_usb_copy/prj_pds/ipcore/ddr3_test/rtl/pll/ips2l_ddrphy_ppll_v1_0.vp successfully.
Executing : .rtl_analyze -include_path {{C:/Users/Datou21/Desktop/PDS/back1/cnn_usb_copy/rtl_pds/data_process/header} {C:/Users/Datou21/Desktop/PDS/back1/cnn_usb_copy/rtl_pds/data_process/mem_data} {C:/Users/Datou21/Desktop/PDS/back1/cnn_usb_copy/prj_pds}} C:/Users/Datou21/Desktop/PDS/back1/cnn_usb_copy/prj_pds/ipcore/ddr3_test/rtl/mcdq_ctrl/ips2l_mcdq_apb_cross_v1_2.vp
I: Verilog-0001: Analyzing file C:/Users/Datou21/Desktop/PDS/back1/cnn_usb_copy/prj_pds/ipcore/ddr3_test/rtl/mcdq_ctrl/ips2l_mcdq_apb_cross_v1_2.vp
I: Verilog-0002: [C:/Users/Datou21/Desktop/PDS/back1/cnn_usb_copy/prj_pds/ipcore/ddr3_test/rtl/mcdq_ctrl/ips2l_mcdq_apb_cross_v1_2.vp(line number: 145)] Analyzing module ips2l_mcdq_apb_cross_v1_2 (library work)
Parsing done.
Executing : .rtl_analyze -include_path {{C:/Users/Datou21/Desktop/PDS/back1/cnn_usb_copy/rtl_pds/data_process/header} {C:/Users/Datou21/Desktop/PDS/back1/cnn_usb_copy/rtl_pds/data_process/mem_data} {C:/Users/Datou21/Desktop/PDS/back1/cnn_usb_copy/prj_pds}} C:/Users/Datou21/Desktop/PDS/back1/cnn_usb_copy/prj_pds/ipcore/ddr3_test/rtl/mcdq_ctrl/ips2l_mcdq_apb_cross_v1_2.vp successfully.
Executing : .rtl_analyze -include_path {{C:/Users/Datou21/Desktop/PDS/back1/cnn_usb_copy/rtl_pds/data_process/header} {C:/Users/Datou21/Desktop/PDS/back1/cnn_usb_copy/rtl_pds/data_process/mem_data} {C:/Users/Datou21/Desktop/PDS/back1/cnn_usb_copy/prj_pds}} C:/Users/Datou21/Desktop/PDS/back1/cnn_usb_copy/prj_pds/ipcore/ddr3_test/rtl/mcdq_ctrl/ips2l_mcdq_calib_delay_v1_2.vp
I: Verilog-0001: Analyzing file C:/Users/Datou21/Desktop/PDS/back1/cnn_usb_copy/prj_pds/ipcore/ddr3_test/rtl/mcdq_ctrl/ips2l_mcdq_calib_delay_v1_2.vp
I: Verilog-0002: [C:/Users/Datou21/Desktop/PDS/back1/cnn_usb_copy/prj_pds/ipcore/ddr3_test/rtl/mcdq_ctrl/ips2l_mcdq_calib_delay_v1_2.vp(line number: 101)] Analyzing module ips2l_mcdq_calib_delay_v1_2 (library work)
Parsing done.
Executing : .rtl_analyze -include_path {{C:/Users/Datou21/Desktop/PDS/back1/cnn_usb_copy/rtl_pds/data_process/header} {C:/Users/Datou21/Desktop/PDS/back1/cnn_usb_copy/rtl_pds/data_process/mem_data} {C:/Users/Datou21/Desktop/PDS/back1/cnn_usb_copy/prj_pds}} C:/Users/Datou21/Desktop/PDS/back1/cnn_usb_copy/prj_pds/ipcore/ddr3_test/rtl/mcdq_ctrl/ips2l_mcdq_calib_delay_v1_2.vp successfully.
Executing : .rtl_analyze -include_path {{C:/Users/Datou21/Desktop/PDS/back1/cnn_usb_copy/rtl_pds/data_process/header} {C:/Users/Datou21/Desktop/PDS/back1/cnn_usb_copy/rtl_pds/data_process/mem_data} {C:/Users/Datou21/Desktop/PDS/back1/cnn_usb_copy/prj_pds}} C:/Users/Datou21/Desktop/PDS/back1/cnn_usb_copy/prj_pds/ipcore/ddr3_test/rtl/mcdq_ctrl/ips2l_mcdq_cfg_apb_v1_2.vp
I: Verilog-0001: Analyzing file C:/Users/Datou21/Desktop/PDS/back1/cnn_usb_copy/prj_pds/ipcore/ddr3_test/rtl/mcdq_ctrl/ips2l_mcdq_cfg_apb_v1_2.vp
I: Verilog-0002: [C:/Users/Datou21/Desktop/PDS/back1/cnn_usb_copy/prj_pds/ipcore/ddr3_test/rtl/mcdq_ctrl/ips2l_mcdq_cfg_apb_v1_2.vp(line number: 559)] Analyzing module ips2l_mcdq_cfg_apb_v1_2 (library work)
Parsing done.
Executing : .rtl_analyze -include_path {{C:/Users/Datou21/Desktop/PDS/back1/cnn_usb_copy/rtl_pds/data_process/header} {C:/Users/Datou21/Desktop/PDS/back1/cnn_usb_copy/rtl_pds/data_process/mem_data} {C:/Users/Datou21/Desktop/PDS/back1/cnn_usb_copy/prj_pds}} C:/Users/Datou21/Desktop/PDS/back1/cnn_usb_copy/prj_pds/ipcore/ddr3_test/rtl/mcdq_ctrl/ips2l_mcdq_cfg_apb_v1_2.vp successfully.
Executing : .rtl_analyze -include_path {{C:/Users/Datou21/Desktop/PDS/back1/cnn_usb_copy/rtl_pds/data_process/header} {C:/Users/Datou21/Desktop/PDS/back1/cnn_usb_copy/rtl_pds/data_process/mem_data} {C:/Users/Datou21/Desktop/PDS/back1/cnn_usb_copy/prj_pds}} C:/Users/Datou21/Desktop/PDS/back1/cnn_usb_copy/prj_pds/ipcore/ddr3_test/rtl/mcdq_ctrl/ips2l_mcdq_dcd_bm_v1_2.vp
I: Verilog-0001: Analyzing file C:/Users/Datou21/Desktop/PDS/back1/cnn_usb_copy/prj_pds/ipcore/ddr3_test/rtl/mcdq_ctrl/ips2l_mcdq_dcd_bm_v1_2.vp
I: Verilog-0002: [C:/Users/Datou21/Desktop/PDS/back1/cnn_usb_copy/prj_pds/ipcore/ddr3_test/rtl/mcdq_ctrl/ips2l_mcdq_dcd_bm_v1_2.vp(line number: 243)] Analyzing module ips2l_mcdq_dcd_bm_v1_2 (library work)
Parsing done.
Executing : .rtl_analyze -include_path {{C:/Users/Datou21/Desktop/PDS/back1/cnn_usb_copy/rtl_pds/data_process/header} {C:/Users/Datou21/Desktop/PDS/back1/cnn_usb_copy/rtl_pds/data_process/mem_data} {C:/Users/Datou21/Desktop/PDS/back1/cnn_usb_copy/prj_pds}} C:/Users/Datou21/Desktop/PDS/back1/cnn_usb_copy/prj_pds/ipcore/ddr3_test/rtl/mcdq_ctrl/ips2l_mcdq_dcd_bm_v1_2.vp successfully.
Executing : .rtl_analyze -include_path {{C:/Users/Datou21/Desktop/PDS/back1/cnn_usb_copy/rtl_pds/data_process/header} {C:/Users/Datou21/Desktop/PDS/back1/cnn_usb_copy/rtl_pds/data_process/mem_data} {C:/Users/Datou21/Desktop/PDS/back1/cnn_usb_copy/prj_pds}} C:/Users/Datou21/Desktop/PDS/back1/cnn_usb_copy/prj_pds/ipcore/ddr3_test/rtl/mcdq_ctrl/ips2l_mcdq_dcd_rowaddr_v1_2.vp
I: Verilog-0001: Analyzing file C:/Users/Datou21/Desktop/PDS/back1/cnn_usb_copy/prj_pds/ipcore/ddr3_test/rtl/mcdq_ctrl/ips2l_mcdq_dcd_rowaddr_v1_2.vp
I: Verilog-0002: [C:/Users/Datou21/Desktop/PDS/back1/cnn_usb_copy/prj_pds/ipcore/ddr3_test/rtl/mcdq_ctrl/ips2l_mcdq_dcd_rowaddr_v1_2.vp(line number: 76)] Analyzing module ips2l_mcdq_dcd_rowaddr_v1_2 (library work)
Parsing done.
Executing : .rtl_analyze -include_path {{C:/Users/Datou21/Desktop/PDS/back1/cnn_usb_copy/rtl_pds/data_process/header} {C:/Users/Datou21/Desktop/PDS/back1/cnn_usb_copy/rtl_pds/data_process/mem_data} {C:/Users/Datou21/Desktop/PDS/back1/cnn_usb_copy/prj_pds}} C:/Users/Datou21/Desktop/PDS/back1/cnn_usb_copy/prj_pds/ipcore/ddr3_test/rtl/mcdq_ctrl/ips2l_mcdq_dcd_rowaddr_v1_2.vp successfully.
Executing : .rtl_analyze -include_path {{C:/Users/Datou21/Desktop/PDS/back1/cnn_usb_copy/rtl_pds/data_process/header} {C:/Users/Datou21/Desktop/PDS/back1/cnn_usb_copy/rtl_pds/data_process/mem_data} {C:/Users/Datou21/Desktop/PDS/back1/cnn_usb_copy/prj_pds}} C:/Users/Datou21/Desktop/PDS/back1/cnn_usb_copy/prj_pds/ipcore/ddr3_test/rtl/mcdq_ctrl/ips2l_mcdq_dcd_sm_v1_2.vp
I: Verilog-0001: Analyzing file C:/Users/Datou21/Desktop/PDS/back1/cnn_usb_copy/prj_pds/ipcore/ddr3_test/rtl/mcdq_ctrl/ips2l_mcdq_dcd_sm_v1_2.vp
I: Verilog-0002: [C:/Users/Datou21/Desktop/PDS/back1/cnn_usb_copy/prj_pds/ipcore/ddr3_test/rtl/mcdq_ctrl/ips2l_mcdq_dcd_sm_v1_2.vp(line number: 209)] Analyzing module ips2l_mcdq_dcd_sm_v1_2 (library work)
Parsing done.
Executing : .rtl_analyze -include_path {{C:/Users/Datou21/Desktop/PDS/back1/cnn_usb_copy/rtl_pds/data_process/header} {C:/Users/Datou21/Desktop/PDS/back1/cnn_usb_copy/rtl_pds/data_process/mem_data} {C:/Users/Datou21/Desktop/PDS/back1/cnn_usb_copy/prj_pds}} C:/Users/Datou21/Desktop/PDS/back1/cnn_usb_copy/prj_pds/ipcore/ddr3_test/rtl/mcdq_ctrl/ips2l_mcdq_dcd_sm_v1_2.vp successfully.
Executing : .rtl_analyze -include_path {{C:/Users/Datou21/Desktop/PDS/back1/cnn_usb_copy/rtl_pds/data_process/header} {C:/Users/Datou21/Desktop/PDS/back1/cnn_usb_copy/rtl_pds/data_process/mem_data} {C:/Users/Datou21/Desktop/PDS/back1/cnn_usb_copy/prj_pds}} C:/Users/Datou21/Desktop/PDS/back1/cnn_usb_copy/prj_pds/ipcore/ddr3_test/rtl/mcdq_ctrl/ips2l_mcdq_dcd_top_v1_2.vp
I: Verilog-0001: Analyzing file C:/Users/Datou21/Desktop/PDS/back1/cnn_usb_copy/prj_pds/ipcore/ddr3_test/rtl/mcdq_ctrl/ips2l_mcdq_dcd_top_v1_2.vp
I: Verilog-0002: [C:/Users/Datou21/Desktop/PDS/back1/cnn_usb_copy/prj_pds/ipcore/ddr3_test/rtl/mcdq_ctrl/ips2l_mcdq_dcd_top_v1_2.vp(line number: 174)] Analyzing module ips2l_mcdq_dcd_top_v1_2 (library work)
Parsing done.
Executing : .rtl_analyze -include_path {{C:/Users/Datou21/Desktop/PDS/back1/cnn_usb_copy/rtl_pds/data_process/header} {C:/Users/Datou21/Desktop/PDS/back1/cnn_usb_copy/rtl_pds/data_process/mem_data} {C:/Users/Datou21/Desktop/PDS/back1/cnn_usb_copy/prj_pds}} C:/Users/Datou21/Desktop/PDS/back1/cnn_usb_copy/prj_pds/ipcore/ddr3_test/rtl/mcdq_ctrl/ips2l_mcdq_dcd_top_v1_2.vp successfully.
Executing : .rtl_analyze -include_path {{C:/Users/Datou21/Desktop/PDS/back1/cnn_usb_copy/rtl_pds/data_process/header} {C:/Users/Datou21/Desktop/PDS/back1/cnn_usb_copy/rtl_pds/data_process/mem_data} {C:/Users/Datou21/Desktop/PDS/back1/cnn_usb_copy/prj_pds}} C:/Users/Datou21/Desktop/PDS/back1/cnn_usb_copy/prj_pds/ipcore/ddr3_test/rtl/mcdq_ctrl/ips2l_mcdq_dcp_back_ctrl_v1_2.vp
I: Verilog-0001: Analyzing file C:/Users/Datou21/Desktop/PDS/back1/cnn_usb_copy/prj_pds/ipcore/ddr3_test/rtl/mcdq_ctrl/ips2l_mcdq_dcp_back_ctrl_v1_2.vp
I: Verilog-0002: [C:/Users/Datou21/Desktop/PDS/back1/cnn_usb_copy/prj_pds/ipcore/ddr3_test/rtl/mcdq_ctrl/ips2l_mcdq_dcp_back_ctrl_v1_2.vp(line number: 643)] Analyzing module ips2l_mcdq_dcp_back_ctrl_v1_2 (library work)
Parsing done.
Executing : .rtl_analyze -include_path {{C:/Users/Datou21/Desktop/PDS/back1/cnn_usb_copy/rtl_pds/data_process/header} {C:/Users/Datou21/Desktop/PDS/back1/cnn_usb_copy/rtl_pds/data_process/mem_data} {C:/Users/Datou21/Desktop/PDS/back1/cnn_usb_copy/prj_pds}} C:/Users/Datou21/Desktop/PDS/back1/cnn_usb_copy/prj_pds/ipcore/ddr3_test/rtl/mcdq_ctrl/ips2l_mcdq_dcp_back_ctrl_v1_2.vp successfully.
Executing : .rtl_analyze -include_path {{C:/Users/Datou21/Desktop/PDS/back1/cnn_usb_copy/rtl_pds/data_process/header} {C:/Users/Datou21/Desktop/PDS/back1/cnn_usb_copy/rtl_pds/data_process/mem_data} {C:/Users/Datou21/Desktop/PDS/back1/cnn_usb_copy/prj_pds}} C:/Users/Datou21/Desktop/PDS/back1/cnn_usb_copy/prj_pds/ipcore/ddr3_test/rtl/mcdq_ctrl/ips2l_mcdq_dcp_buf_v1_2.vp
I: Verilog-0001: Analyzing file C:/Users/Datou21/Desktop/PDS/back1/cnn_usb_copy/prj_pds/ipcore/ddr3_test/rtl/mcdq_ctrl/ips2l_mcdq_dcp_buf_v1_2.vp
I: Verilog-0002: [C:/Users/Datou21/Desktop/PDS/back1/cnn_usb_copy/prj_pds/ipcore/ddr3_test/rtl/mcdq_ctrl/ips2l_mcdq_dcp_buf_v1_2.vp(line number: 298)] Analyzing module ips2l_mcdq_dcp_buf_v1_2 (library work)
Parsing done.
Executing : .rtl_analyze -include_path {{C:/Users/Datou21/Desktop/PDS/back1/cnn_usb_copy/rtl_pds/data_process/header} {C:/Users/Datou21/Desktop/PDS/back1/cnn_usb_copy/rtl_pds/data_process/mem_data} {C:/Users/Datou21/Desktop/PDS/back1/cnn_usb_copy/prj_pds}} C:/Users/Datou21/Desktop/PDS/back1/cnn_usb_copy/prj_pds/ipcore/ddr3_test/rtl/mcdq_ctrl/ips2l_mcdq_dcp_buf_v1_2.vp successfully.
Executing : .rtl_analyze -include_path {{C:/Users/Datou21/Desktop/PDS/back1/cnn_usb_copy/rtl_pds/data_process/header} {C:/Users/Datou21/Desktop/PDS/back1/cnn_usb_copy/rtl_pds/data_process/mem_data} {C:/Users/Datou21/Desktop/PDS/back1/cnn_usb_copy/prj_pds}} C:/Users/Datou21/Desktop/PDS/back1/cnn_usb_copy/prj_pds/ipcore/ddr3_test/rtl/mcdq_ctrl/ips2l_mcdq_dcp_out_v1_2.vp
I: Verilog-0001: Analyzing file C:/Users/Datou21/Desktop/PDS/back1/cnn_usb_copy/prj_pds/ipcore/ddr3_test/rtl/mcdq_ctrl/ips2l_mcdq_dcp_out_v1_2.vp
I: Verilog-0002: [C:/Users/Datou21/Desktop/PDS/back1/cnn_usb_copy/prj_pds/ipcore/ddr3_test/rtl/mcdq_ctrl/ips2l_mcdq_dcp_out_v1_2.vp(line number: 210)] Analyzing module ips2l_mcdq_dcp_out_v1_2 (library work)
Parsing done.
Executing : .rtl_analyze -include_path {{C:/Users/Datou21/Desktop/PDS/back1/cnn_usb_copy/rtl_pds/data_process/header} {C:/Users/Datou21/Desktop/PDS/back1/cnn_usb_copy/rtl_pds/data_process/mem_data} {C:/Users/Datou21/Desktop/PDS/back1/cnn_usb_copy/prj_pds}} C:/Users/Datou21/Desktop/PDS/back1/cnn_usb_copy/prj_pds/ipcore/ddr3_test/rtl/mcdq_ctrl/ips2l_mcdq_dcp_out_v1_2.vp successfully.
Executing : .rtl_analyze -include_path {{C:/Users/Datou21/Desktop/PDS/back1/cnn_usb_copy/rtl_pds/data_process/header} {C:/Users/Datou21/Desktop/PDS/back1/cnn_usb_copy/rtl_pds/data_process/mem_data} {C:/Users/Datou21/Desktop/PDS/back1/cnn_usb_copy/prj_pds}} C:/Users/Datou21/Desktop/PDS/back1/cnn_usb_copy/prj_pds/ipcore/ddr3_test/rtl/mcdq_ctrl/ips2l_mcdq_dcp_top_v1_2.vp
I: Verilog-0001: Analyzing file C:/Users/Datou21/Desktop/PDS/back1/cnn_usb_copy/prj_pds/ipcore/ddr3_test/rtl/mcdq_ctrl/ips2l_mcdq_dcp_top_v1_2.vp
I: Verilog-0002: [C:/Users/Datou21/Desktop/PDS/back1/cnn_usb_copy/prj_pds/ipcore/ddr3_test/rtl/mcdq_ctrl/ips2l_mcdq_dcp_top_v1_2.vp(line number: 329)] Analyzing module ips2l_mcdq_dcp_top_v1_2 (library work)
Parsing done.
Executing : .rtl_analyze -include_path {{C:/Users/Datou21/Desktop/PDS/back1/cnn_usb_copy/rtl_pds/data_process/header} {C:/Users/Datou21/Desktop/PDS/back1/cnn_usb_copy/rtl_pds/data_process/mem_data} {C:/Users/Datou21/Desktop/PDS/back1/cnn_usb_copy/prj_pds}} C:/Users/Datou21/Desktop/PDS/back1/cnn_usb_copy/prj_pds/ipcore/ddr3_test/rtl/mcdq_ctrl/ips2l_mcdq_dcp_top_v1_2.vp successfully.
Executing : .rtl_analyze -include_path {{C:/Users/Datou21/Desktop/PDS/back1/cnn_usb_copy/rtl_pds/data_process/header} {C:/Users/Datou21/Desktop/PDS/back1/cnn_usb_copy/rtl_pds/data_process/mem_data} {C:/Users/Datou21/Desktop/PDS/back1/cnn_usb_copy/prj_pds}} C:/Users/Datou21/Desktop/PDS/back1/cnn_usb_copy/prj_pds/ipcore/ddr3_test/rtl/mcdq_ctrl/ips2l_mcdq_dfi_v1_2.vp
I: Verilog-0001: Analyzing file C:/Users/Datou21/Desktop/PDS/back1/cnn_usb_copy/prj_pds/ipcore/ddr3_test/rtl/mcdq_ctrl/ips2l_mcdq_dfi_v1_2.vp
I: Verilog-0002: [C:/Users/Datou21/Desktop/PDS/back1/cnn_usb_copy/prj_pds/ipcore/ddr3_test/rtl/mcdq_ctrl/ips2l_mcdq_dfi_v1_2.vp(line number: 432)] Analyzing module ips2l_mcdq_dfi_v1_2 (library work)
Parsing done.
Executing : .rtl_analyze -include_path {{C:/Users/Datou21/Desktop/PDS/back1/cnn_usb_copy/rtl_pds/data_process/header} {C:/Users/Datou21/Desktop/PDS/back1/cnn_usb_copy/rtl_pds/data_process/mem_data} {C:/Users/Datou21/Desktop/PDS/back1/cnn_usb_copy/prj_pds}} C:/Users/Datou21/Desktop/PDS/back1/cnn_usb_copy/prj_pds/ipcore/ddr3_test/rtl/mcdq_ctrl/ips2l_mcdq_dfi_v1_2.vp successfully.
Executing : .rtl_analyze -include_path {{C:/Users/Datou21/Desktop/PDS/back1/cnn_usb_copy/rtl_pds/data_process/header} {C:/Users/Datou21/Desktop/PDS/back1/cnn_usb_copy/rtl_pds/data_process/mem_data} {C:/Users/Datou21/Desktop/PDS/back1/cnn_usb_copy/prj_pds}} C:/Users/Datou21/Desktop/PDS/back1/cnn_usb_copy/prj_pds/ipcore/ddr3_test/rtl/mcdq_ctrl/ips2l_mcdq_lp_v1_2.vp
I: Verilog-0001: Analyzing file C:/Users/Datou21/Desktop/PDS/back1/cnn_usb_copy/prj_pds/ipcore/ddr3_test/rtl/mcdq_ctrl/ips2l_mcdq_lp_v1_2.vp
I: Verilog-0002: [C:/Users/Datou21/Desktop/PDS/back1/cnn_usb_copy/prj_pds/ipcore/ddr3_test/rtl/mcdq_ctrl/ips2l_mcdq_lp_v1_2.vp(line number: 315)] Analyzing module ips2l_mcdq_lp_v1_2 (library work)
Parsing done.
Executing : .rtl_analyze -include_path {{C:/Users/Datou21/Desktop/PDS/back1/cnn_usb_copy/rtl_pds/data_process/header} {C:/Users/Datou21/Desktop/PDS/back1/cnn_usb_copy/rtl_pds/data_process/mem_data} {C:/Users/Datou21/Desktop/PDS/back1/cnn_usb_copy/prj_pds}} C:/Users/Datou21/Desktop/PDS/back1/cnn_usb_copy/prj_pds/ipcore/ddr3_test/rtl/mcdq_ctrl/ips2l_mcdq_lp_v1_2.vp successfully.
Executing : .rtl_analyze -include_path {{C:/Users/Datou21/Desktop/PDS/back1/cnn_usb_copy/rtl_pds/data_process/header} {C:/Users/Datou21/Desktop/PDS/back1/cnn_usb_copy/rtl_pds/data_process/mem_data} {C:/Users/Datou21/Desktop/PDS/back1/cnn_usb_copy/prj_pds}} C:/Users/Datou21/Desktop/PDS/back1/cnn_usb_copy/prj_pds/ipcore/ddr3_test/rtl/mcdq_ctrl/ips2l_mcdq_mrs_v1_2.vp
I: Verilog-0001: Analyzing file C:/Users/Datou21/Desktop/PDS/back1/cnn_usb_copy/prj_pds/ipcore/ddr3_test/rtl/mcdq_ctrl/ips2l_mcdq_mrs_v1_2.vp
I: Verilog-0002: [C:/Users/Datou21/Desktop/PDS/back1/cnn_usb_copy/prj_pds/ipcore/ddr3_test/rtl/mcdq_ctrl/ips2l_mcdq_mrs_v1_2.vp(line number: 321)] Analyzing module ips2l_mcdq_mrs_v1_2 (library work)
Parsing done.
Executing : .rtl_analyze -include_path {{C:/Users/Datou21/Desktop/PDS/back1/cnn_usb_copy/rtl_pds/data_process/header} {C:/Users/Datou21/Desktop/PDS/back1/cnn_usb_copy/rtl_pds/data_process/mem_data} {C:/Users/Datou21/Desktop/PDS/back1/cnn_usb_copy/prj_pds}} C:/Users/Datou21/Desktop/PDS/back1/cnn_usb_copy/prj_pds/ipcore/ddr3_test/rtl/mcdq_ctrl/ips2l_mcdq_mrs_v1_2.vp successfully.
Executing : .rtl_analyze -include_path {{C:/Users/Datou21/Desktop/PDS/back1/cnn_usb_copy/rtl_pds/data_process/header} {C:/Users/Datou21/Desktop/PDS/back1/cnn_usb_copy/rtl_pds/data_process/mem_data} {C:/Users/Datou21/Desktop/PDS/back1/cnn_usb_copy/prj_pds}} C:/Users/Datou21/Desktop/PDS/back1/cnn_usb_copy/prj_pds/ipcore/ddr3_test/rtl/mcdq_ctrl/ips2l_mcdq_prefetch_fifo_v1_2.vp
I: Verilog-0001: Analyzing file C:/Users/Datou21/Desktop/PDS/back1/cnn_usb_copy/prj_pds/ipcore/ddr3_test/rtl/mcdq_ctrl/ips2l_mcdq_prefetch_fifo_v1_2.vp
I: Verilog-0002: [C:/Users/Datou21/Desktop/PDS/back1/cnn_usb_copy/prj_pds/ipcore/ddr3_test/rtl/mcdq_ctrl/ips2l_mcdq_prefetch_fifo_v1_2.vp(line number: 95)] Analyzing module ips2l_mcdq_prefetch_fifo_v1_2 (library work)
Parsing done.
Executing : .rtl_analyze -include_path {{C:/Users/Datou21/Desktop/PDS/back1/cnn_usb_copy/rtl_pds/data_process/header} {C:/Users/Datou21/Desktop/PDS/back1/cnn_usb_copy/rtl_pds/data_process/mem_data} {C:/Users/Datou21/Desktop/PDS/back1/cnn_usb_copy/prj_pds}} C:/Users/Datou21/Desktop/PDS/back1/cnn_usb_copy/prj_pds/ipcore/ddr3_test/rtl/mcdq_ctrl/ips2l_mcdq_prefetch_fifo_v1_2.vp successfully.
Executing : .rtl_analyze -include_path {{C:/Users/Datou21/Desktop/PDS/back1/cnn_usb_copy/rtl_pds/data_process/header} {C:/Users/Datou21/Desktop/PDS/back1/cnn_usb_copy/rtl_pds/data_process/mem_data} {C:/Users/Datou21/Desktop/PDS/back1/cnn_usb_copy/prj_pds}} C:/Users/Datou21/Desktop/PDS/back1/cnn_usb_copy/prj_pds/ipcore/ddr3_test/rtl/mcdq_ctrl/ips2l_mcdq_rdatapath_v1_2.vp
I: Verilog-0001: Analyzing file C:/Users/Datou21/Desktop/PDS/back1/cnn_usb_copy/prj_pds/ipcore/ddr3_test/rtl/mcdq_ctrl/ips2l_mcdq_rdatapath_v1_2.vp
I: Verilog-0002: [C:/Users/Datou21/Desktop/PDS/back1/cnn_usb_copy/prj_pds/ipcore/ddr3_test/rtl/mcdq_ctrl/ips2l_mcdq_rdatapath_v1_2.vp(line number: 83)] Analyzing module ips2l_mcdq_rdatapath_v1_2 (library work)
Parsing done.
Executing : .rtl_analyze -include_path {{C:/Users/Datou21/Desktop/PDS/back1/cnn_usb_copy/rtl_pds/data_process/header} {C:/Users/Datou21/Desktop/PDS/back1/cnn_usb_copy/rtl_pds/data_process/mem_data} {C:/Users/Datou21/Desktop/PDS/back1/cnn_usb_copy/prj_pds}} C:/Users/Datou21/Desktop/PDS/back1/cnn_usb_copy/prj_pds/ipcore/ddr3_test/rtl/mcdq_ctrl/ips2l_mcdq_rdatapath_v1_2.vp successfully.
Executing : .rtl_analyze -include_path {{C:/Users/Datou21/Desktop/PDS/back1/cnn_usb_copy/rtl_pds/data_process/header} {C:/Users/Datou21/Desktop/PDS/back1/cnn_usb_copy/rtl_pds/data_process/mem_data} {C:/Users/Datou21/Desktop/PDS/back1/cnn_usb_copy/prj_pds}} C:/Users/Datou21/Desktop/PDS/back1/cnn_usb_copy/prj_pds/ipcore/ddr3_test/rtl/mcdq_ctrl/ips2l_mcdq_reg_fifo2_v1_2.vp
I: Verilog-0001: Analyzing file C:/Users/Datou21/Desktop/PDS/back1/cnn_usb_copy/prj_pds/ipcore/ddr3_test/rtl/mcdq_ctrl/ips2l_mcdq_reg_fifo2_v1_2.vp
I: Verilog-0002: [C:/Users/Datou21/Desktop/PDS/back1/cnn_usb_copy/prj_pds/ipcore/ddr3_test/rtl/mcdq_ctrl/ips2l_mcdq_reg_fifo2_v1_2.vp(line number: 78)] Analyzing module ips2l_mcdq_reg_fifo2_v1_2 (library work)
Parsing done.
Executing : .rtl_analyze -include_path {{C:/Users/Datou21/Desktop/PDS/back1/cnn_usb_copy/rtl_pds/data_process/header} {C:/Users/Datou21/Desktop/PDS/back1/cnn_usb_copy/rtl_pds/data_process/mem_data} {C:/Users/Datou21/Desktop/PDS/back1/cnn_usb_copy/prj_pds}} C:/Users/Datou21/Desktop/PDS/back1/cnn_usb_copy/prj_pds/ipcore/ddr3_test/rtl/mcdq_ctrl/ips2l_mcdq_reg_fifo2_v1_2.vp successfully.
Executing : .rtl_analyze -include_path {{C:/Users/Datou21/Desktop/PDS/back1/cnn_usb_copy/rtl_pds/data_process/header} {C:/Users/Datou21/Desktop/PDS/back1/cnn_usb_copy/rtl_pds/data_process/mem_data} {C:/Users/Datou21/Desktop/PDS/back1/cnn_usb_copy/prj_pds}} C:/Users/Datou21/Desktop/PDS/back1/cnn_usb_copy/prj_pds/ipcore/ddr3_test/rtl/mcdq_ctrl/ips2l_mcdq_ui_axi_v1_2a.vp
I: Verilog-0001: Analyzing file C:/Users/Datou21/Desktop/PDS/back1/cnn_usb_copy/prj_pds/ipcore/ddr3_test/rtl/mcdq_ctrl/ips2l_mcdq_ui_axi_v1_2a.vp
I: Verilog-0002: [C:/Users/Datou21/Desktop/PDS/back1/cnn_usb_copy/prj_pds/ipcore/ddr3_test/rtl/mcdq_ctrl/ips2l_mcdq_ui_axi_v1_2a.vp(line number: 271)] Analyzing module ips2l_mcdq_ui_axi_v1_2a (library work)
Parsing done.
Executing : .rtl_analyze -include_path {{C:/Users/Datou21/Desktop/PDS/back1/cnn_usb_copy/rtl_pds/data_process/header} {C:/Users/Datou21/Desktop/PDS/back1/cnn_usb_copy/rtl_pds/data_process/mem_data} {C:/Users/Datou21/Desktop/PDS/back1/cnn_usb_copy/prj_pds}} C:/Users/Datou21/Desktop/PDS/back1/cnn_usb_copy/prj_pds/ipcore/ddr3_test/rtl/mcdq_ctrl/ips2l_mcdq_ui_axi_v1_2a.vp successfully.
Executing : .rtl_analyze -include_path {{C:/Users/Datou21/Desktop/PDS/back1/cnn_usb_copy/rtl_pds/data_process/header} {C:/Users/Datou21/Desktop/PDS/back1/cnn_usb_copy/rtl_pds/data_process/mem_data} {C:/Users/Datou21/Desktop/PDS/back1/cnn_usb_copy/prj_pds}} C:/Users/Datou21/Desktop/PDS/back1/cnn_usb_copy/prj_pds/ipcore/ddr3_test/rtl/mcdq_ctrl/ips2l_mcdq_wdatapath_v1_2.vp
I: Verilog-0001: Analyzing file C:/Users/Datou21/Desktop/PDS/back1/cnn_usb_copy/prj_pds/ipcore/ddr3_test/rtl/mcdq_ctrl/ips2l_mcdq_wdatapath_v1_2.vp
I: Verilog-0002: [C:/Users/Datou21/Desktop/PDS/back1/cnn_usb_copy/prj_pds/ipcore/ddr3_test/rtl/mcdq_ctrl/ips2l_mcdq_wdatapath_v1_2.vp(line number: 171)] Analyzing module ips2l_mcdq_wdatapath_v1_2 (library work)
Parsing done.
Executing : .rtl_analyze -include_path {{C:/Users/Datou21/Desktop/PDS/back1/cnn_usb_copy/rtl_pds/data_process/header} {C:/Users/Datou21/Desktop/PDS/back1/cnn_usb_copy/rtl_pds/data_process/mem_data} {C:/Users/Datou21/Desktop/PDS/back1/cnn_usb_copy/prj_pds}} C:/Users/Datou21/Desktop/PDS/back1/cnn_usb_copy/prj_pds/ipcore/ddr3_test/rtl/mcdq_ctrl/ips2l_mcdq_wdatapath_v1_2.vp successfully.
Executing : .rtl_analyze -include_path {{C:/Users/Datou21/Desktop/PDS/back1/cnn_usb_copy/rtl_pds/data_process/header} {C:/Users/Datou21/Desktop/PDS/back1/cnn_usb_copy/rtl_pds/data_process/mem_data} {C:/Users/Datou21/Desktop/PDS/back1/cnn_usb_copy/prj_pds}} C:/Users/Datou21/Desktop/PDS/back1/cnn_usb_copy/prj_pds/ipcore/ddr3_test/rtl/mcdq_ctrl/ips2l_mcdq_wdp_align_v1_2.vp
I: Verilog-0001: Analyzing file C:/Users/Datou21/Desktop/PDS/back1/cnn_usb_copy/prj_pds/ipcore/ddr3_test/rtl/mcdq_ctrl/ips2l_mcdq_wdp_align_v1_2.vp
I: Verilog-0002: [C:/Users/Datou21/Desktop/PDS/back1/cnn_usb_copy/prj_pds/ipcore/ddr3_test/rtl/mcdq_ctrl/ips2l_mcdq_wdp_align_v1_2.vp(line number: 140)] Analyzing module ips2l_mcdq_wdp_align_v1_2 (library work)
Parsing done.
Executing : .rtl_analyze -include_path {{C:/Users/Datou21/Desktop/PDS/back1/cnn_usb_copy/rtl_pds/data_process/header} {C:/Users/Datou21/Desktop/PDS/back1/cnn_usb_copy/rtl_pds/data_process/mem_data} {C:/Users/Datou21/Desktop/PDS/back1/cnn_usb_copy/prj_pds}} C:/Users/Datou21/Desktop/PDS/back1/cnn_usb_copy/prj_pds/ipcore/ddr3_test/rtl/mcdq_ctrl/ips2l_mcdq_wdp_align_v1_2.vp successfully.
Executing : .rtl_analyze -include_path {{C:/Users/Datou21/Desktop/PDS/back1/cnn_usb_copy/rtl_pds/data_process/header} {C:/Users/Datou21/Desktop/PDS/back1/cnn_usb_copy/rtl_pds/data_process/mem_data} {C:/Users/Datou21/Desktop/PDS/back1/cnn_usb_copy/prj_pds}} C:/Users/Datou21/Desktop/PDS/back1/cnn_usb_copy/prj_pds/ipcore/ddr3_test/rtl/mcdq_ctrl/ips2l_mcdq_wdp_dcp_v1_2.vp
I: Verilog-0001: Analyzing file C:/Users/Datou21/Desktop/PDS/back1/cnn_usb_copy/prj_pds/ipcore/ddr3_test/rtl/mcdq_ctrl/ips2l_mcdq_wdp_dcp_v1_2.vp
I: Verilog-0002: [C:/Users/Datou21/Desktop/PDS/back1/cnn_usb_copy/prj_pds/ipcore/ddr3_test/rtl/mcdq_ctrl/ips2l_mcdq_wdp_dcp_v1_2.vp(line number: 133)] Analyzing module ips2l_mcdq_wdp_dcp_v1_2 (library work)
Parsing done.
Executing : .rtl_analyze -include_path {{C:/Users/Datou21/Desktop/PDS/back1/cnn_usb_copy/rtl_pds/data_process/header} {C:/Users/Datou21/Desktop/PDS/back1/cnn_usb_copy/rtl_pds/data_process/mem_data} {C:/Users/Datou21/Desktop/PDS/back1/cnn_usb_copy/prj_pds}} C:/Users/Datou21/Desktop/PDS/back1/cnn_usb_copy/prj_pds/ipcore/ddr3_test/rtl/mcdq_ctrl/ips2l_mcdq_wdp_dcp_v1_2.vp successfully.
Executing : .rtl_analyze -include_path {{C:/Users/Datou21/Desktop/PDS/back1/cnn_usb_copy/rtl_pds/data_process/header} {C:/Users/Datou21/Desktop/PDS/back1/cnn_usb_copy/rtl_pds/data_process/mem_data} {C:/Users/Datou21/Desktop/PDS/back1/cnn_usb_copy/prj_pds}} C:/Users/Datou21/Desktop/PDS/back1/cnn_usb_copy/prj_pds/ipcore/ddr3_test/rtl/mcdq_ctrl/ips2l_mcdq_wrapper_v1_2b.vp
I: Verilog-0001: Analyzing file C:/Users/Datou21/Desktop/PDS/back1/cnn_usb_copy/prj_pds/ipcore/ddr3_test/rtl/mcdq_ctrl/ips2l_mcdq_wrapper_v1_2b.vp
I: Verilog-0002: [C:/Users/Datou21/Desktop/PDS/back1/cnn_usb_copy/prj_pds/ipcore/ddr3_test/rtl/mcdq_ctrl/ips2l_mcdq_wrapper_v1_2b.vp(line number: 619)] Analyzing module ips2l_mcdq_wrapper_v1_2b (library work)
Parsing done.
Executing : .rtl_analyze -include_path {{C:/Users/Datou21/Desktop/PDS/back1/cnn_usb_copy/rtl_pds/data_process/header} {C:/Users/Datou21/Desktop/PDS/back1/cnn_usb_copy/rtl_pds/data_process/mem_data} {C:/Users/Datou21/Desktop/PDS/back1/cnn_usb_copy/prj_pds}} C:/Users/Datou21/Desktop/PDS/back1/cnn_usb_copy/prj_pds/ipcore/ddr3_test/rtl/mcdq_ctrl/ips2l_mcdq_wrapper_v1_2b.vp successfully.
Executing : .rtl_analyze -include_path {{C:/Users/Datou21/Desktop/PDS/back1/cnn_usb_copy/rtl_pds/data_process/header} {C:/Users/Datou21/Desktop/PDS/back1/cnn_usb_copy/rtl_pds/data_process/mem_data} {C:/Users/Datou21/Desktop/PDS/back1/cnn_usb_copy/prj_pds}} C:/Users/Datou21/Desktop/PDS/back1/cnn_usb_copy/prj_pds/ipcore/ddr3_test/rtl/mcdq_ctrl/syn_mod/ips2l_mcdq_com_timing_v1_2.vp
I: Verilog-0001: Analyzing file C:/Users/Datou21/Desktop/PDS/back1/cnn_usb_copy/prj_pds/ipcore/ddr3_test/rtl/mcdq_ctrl/syn_mod/ips2l_mcdq_com_timing_v1_2.vp
I: Verilog-0002: [C:/Users/Datou21/Desktop/PDS/back1/cnn_usb_copy/prj_pds/ipcore/ddr3_test/rtl/mcdq_ctrl/syn_mod/ips2l_mcdq_com_timing_v1_2.vp(line number: 102)] Analyzing module ips2l_mcdq_com_timing_v1_2 (library work)
Parsing done.
Executing : .rtl_analyze -include_path {{C:/Users/Datou21/Desktop/PDS/back1/cnn_usb_copy/rtl_pds/data_process/header} {C:/Users/Datou21/Desktop/PDS/back1/cnn_usb_copy/rtl_pds/data_process/mem_data} {C:/Users/Datou21/Desktop/PDS/back1/cnn_usb_copy/prj_pds}} C:/Users/Datou21/Desktop/PDS/back1/cnn_usb_copy/prj_pds/ipcore/ddr3_test/rtl/mcdq_ctrl/syn_mod/ips2l_mcdq_com_timing_v1_2.vp successfully.
Executing : .rtl_analyze -include_path {{C:/Users/Datou21/Desktop/PDS/back1/cnn_usb_copy/rtl_pds/data_process/header} {C:/Users/Datou21/Desktop/PDS/back1/cnn_usb_copy/rtl_pds/data_process/mem_data} {C:/Users/Datou21/Desktop/PDS/back1/cnn_usb_copy/prj_pds}} C:/Users/Datou21/Desktop/PDS/back1/cnn_usb_copy/prj_pds/ipcore/ddr3_test/rtl/mcdq_ctrl/syn_mod/ips2l_mcdq_tfaw_timing_v1_2.vp
I: Verilog-0001: Analyzing file C:/Users/Datou21/Desktop/PDS/back1/cnn_usb_copy/prj_pds/ipcore/ddr3_test/rtl/mcdq_ctrl/syn_mod/ips2l_mcdq_tfaw_timing_v1_2.vp
I: Verilog-0002: [C:/Users/Datou21/Desktop/PDS/back1/cnn_usb_copy/prj_pds/ipcore/ddr3_test/rtl/mcdq_ctrl/syn_mod/ips2l_mcdq_tfaw_timing_v1_2.vp(line number: 128)] Analyzing module ips2l_mcdq_tfaw_timing_v1_2 (library work)
Parsing done.
Executing : .rtl_analyze -include_path {{C:/Users/Datou21/Desktop/PDS/back1/cnn_usb_copy/rtl_pds/data_process/header} {C:/Users/Datou21/Desktop/PDS/back1/cnn_usb_copy/rtl_pds/data_process/mem_data} {C:/Users/Datou21/Desktop/PDS/back1/cnn_usb_copy/prj_pds}} C:/Users/Datou21/Desktop/PDS/back1/cnn_usb_copy/prj_pds/ipcore/ddr3_test/rtl/mcdq_ctrl/syn_mod/ips2l_mcdq_tfaw_timing_v1_2.vp successfully.
Executing : .rtl_analyze -include_path {{C:/Users/Datou21/Desktop/PDS/back1/cnn_usb_copy/rtl_pds/data_process/header} {C:/Users/Datou21/Desktop/PDS/back1/cnn_usb_copy/rtl_pds/data_process/mem_data} {C:/Users/Datou21/Desktop/PDS/back1/cnn_usb_copy/prj_pds}} C:/Users/Datou21/Desktop/PDS/back1/cnn_usb_copy/prj_pds/ipcore/ddr3_test/rtl/mcdq_ctrl/syn_mod/ips2l_mcdq_tfaw_v1_2.vp
I: Verilog-0001: Analyzing file C:/Users/Datou21/Desktop/PDS/back1/cnn_usb_copy/prj_pds/ipcore/ddr3_test/rtl/mcdq_ctrl/syn_mod/ips2l_mcdq_tfaw_v1_2.vp
I: Verilog-0002: [C:/Users/Datou21/Desktop/PDS/back1/cnn_usb_copy/prj_pds/ipcore/ddr3_test/rtl/mcdq_ctrl/syn_mod/ips2l_mcdq_tfaw_v1_2.vp(line number: 68)] Analyzing module ips2l_mcdq_tfaw_v1_2 (library work)
Parsing done.
Executing : .rtl_analyze -include_path {{C:/Users/Datou21/Desktop/PDS/back1/cnn_usb_copy/rtl_pds/data_process/header} {C:/Users/Datou21/Desktop/PDS/back1/cnn_usb_copy/rtl_pds/data_process/mem_data} {C:/Users/Datou21/Desktop/PDS/back1/cnn_usb_copy/prj_pds}} C:/Users/Datou21/Desktop/PDS/back1/cnn_usb_copy/prj_pds/ipcore/ddr3_test/rtl/mcdq_ctrl/syn_mod/ips2l_mcdq_tfaw_v1_2.vp successfully.
Executing : .rtl_analyze -include_path {{C:/Users/Datou21/Desktop/PDS/back1/cnn_usb_copy/rtl_pds/data_process/header} {C:/Users/Datou21/Desktop/PDS/back1/cnn_usb_copy/rtl_pds/data_process/mem_data} {C:/Users/Datou21/Desktop/PDS/back1/cnn_usb_copy/prj_pds}} C:/Users/Datou21/Desktop/PDS/back1/cnn_usb_copy/prj_pds/ipcore/ddr3_test/rtl/mcdq_ctrl/syn_mod/ips2l_mcdq_timing_act2wr_pass_v1_2.vp
I: Verilog-0001: Analyzing file C:/Users/Datou21/Desktop/PDS/back1/cnn_usb_copy/prj_pds/ipcore/ddr3_test/rtl/mcdq_ctrl/syn_mod/ips2l_mcdq_timing_act2wr_pass_v1_2.vp
I: Verilog-0002: [C:/Users/Datou21/Desktop/PDS/back1/cnn_usb_copy/prj_pds/ipcore/ddr3_test/rtl/mcdq_ctrl/syn_mod/ips2l_mcdq_timing_act2wr_pass_v1_2.vp(line number: 115)] Analyzing module ips2l_mcdq_timing_act2wr_pass_v1_2 (library work)
Parsing done.
Executing : .rtl_analyze -include_path {{C:/Users/Datou21/Desktop/PDS/back1/cnn_usb_copy/rtl_pds/data_process/header} {C:/Users/Datou21/Desktop/PDS/back1/cnn_usb_copy/rtl_pds/data_process/mem_data} {C:/Users/Datou21/Desktop/PDS/back1/cnn_usb_copy/prj_pds}} C:/Users/Datou21/Desktop/PDS/back1/cnn_usb_copy/prj_pds/ipcore/ddr3_test/rtl/mcdq_ctrl/syn_mod/ips2l_mcdq_timing_act2wr_pass_v1_2.vp successfully.
Executing : .rtl_analyze -include_path {{C:/Users/Datou21/Desktop/PDS/back1/cnn_usb_copy/rtl_pds/data_process/header} {C:/Users/Datou21/Desktop/PDS/back1/cnn_usb_copy/rtl_pds/data_process/mem_data} {C:/Users/Datou21/Desktop/PDS/back1/cnn_usb_copy/prj_pds}} C:/Users/Datou21/Desktop/PDS/back1/cnn_usb_copy/prj_pds/ipcore/ddr3_test/rtl/mcdq_ctrl/syn_mod/ips2l_mcdq_timing_act_pass_v1_2.vp
I: Verilog-0001: Analyzing file C:/Users/Datou21/Desktop/PDS/back1/cnn_usb_copy/prj_pds/ipcore/ddr3_test/rtl/mcdq_ctrl/syn_mod/ips2l_mcdq_timing_act_pass_v1_2.vp
I: Verilog-0002: [C:/Users/Datou21/Desktop/PDS/back1/cnn_usb_copy/prj_pds/ipcore/ddr3_test/rtl/mcdq_ctrl/syn_mod/ips2l_mcdq_timing_act_pass_v1_2.vp(line number: 92)] Analyzing module ips2l_mcdq_timing_act_pass_v1_2 (library work)
Parsing done.
Executing : .rtl_analyze -include_path {{C:/Users/Datou21/Desktop/PDS/back1/cnn_usb_copy/rtl_pds/data_process/header} {C:/Users/Datou21/Desktop/PDS/back1/cnn_usb_copy/rtl_pds/data_process/mem_data} {C:/Users/Datou21/Desktop/PDS/back1/cnn_usb_copy/prj_pds}} C:/Users/Datou21/Desktop/PDS/back1/cnn_usb_copy/prj_pds/ipcore/ddr3_test/rtl/mcdq_ctrl/syn_mod/ips2l_mcdq_timing_act_pass_v1_2.vp successfully.
Executing : .rtl_analyze -include_path {{C:/Users/Datou21/Desktop/PDS/back1/cnn_usb_copy/rtl_pds/data_process/header} {C:/Users/Datou21/Desktop/PDS/back1/cnn_usb_copy/rtl_pds/data_process/mem_data} {C:/Users/Datou21/Desktop/PDS/back1/cnn_usb_copy/prj_pds}} C:/Users/Datou21/Desktop/PDS/back1/cnn_usb_copy/prj_pds/ipcore/ddr3_test/rtl/mcdq_ctrl/syn_mod/ips2l_mcdq_timing_pre_pass_v1_2.vp
I: Verilog-0001: Analyzing file C:/Users/Datou21/Desktop/PDS/back1/cnn_usb_copy/prj_pds/ipcore/ddr3_test/rtl/mcdq_ctrl/syn_mod/ips2l_mcdq_timing_pre_pass_v1_2.vp
I: Verilog-0002: [C:/Users/Datou21/Desktop/PDS/back1/cnn_usb_copy/prj_pds/ipcore/ddr3_test/rtl/mcdq_ctrl/syn_mod/ips2l_mcdq_timing_pre_pass_v1_2.vp(line number: 148)] Analyzing module ips2l_mcdq_timing_pre_pass_v1_2 (library work)
Parsing done.
Executing : .rtl_analyze -include_path {{C:/Users/Datou21/Desktop/PDS/back1/cnn_usb_copy/rtl_pds/data_process/header} {C:/Users/Datou21/Desktop/PDS/back1/cnn_usb_copy/rtl_pds/data_process/mem_data} {C:/Users/Datou21/Desktop/PDS/back1/cnn_usb_copy/prj_pds}} C:/Users/Datou21/Desktop/PDS/back1/cnn_usb_copy/prj_pds/ipcore/ddr3_test/rtl/mcdq_ctrl/syn_mod/ips2l_mcdq_timing_pre_pass_v1_2.vp successfully.
Executing : .rtl_analyze -include_path {{C:/Users/Datou21/Desktop/PDS/back1/cnn_usb_copy/rtl_pds/data_process/header} {C:/Users/Datou21/Desktop/PDS/back1/cnn_usb_copy/rtl_pds/data_process/mem_data} {C:/Users/Datou21/Desktop/PDS/back1/cnn_usb_copy/prj_pds}} C:/Users/Datou21/Desktop/PDS/back1/cnn_usb_copy/prj_pds/ipcore/ddr3_test/rtl/mcdq_ctrl/syn_mod/ips2l_mcdq_timing_rd_pass_v1_2.vp
I: Verilog-0001: Analyzing file C:/Users/Datou21/Desktop/PDS/back1/cnn_usb_copy/prj_pds/ipcore/ddr3_test/rtl/mcdq_ctrl/syn_mod/ips2l_mcdq_timing_rd_pass_v1_2.vp
I: Verilog-0002: [C:/Users/Datou21/Desktop/PDS/back1/cnn_usb_copy/prj_pds/ipcore/ddr3_test/rtl/mcdq_ctrl/syn_mod/ips2l_mcdq_timing_rd_pass_v1_2.vp(line number: 128)] Analyzing module ips2l_mcdq_timing_rd_pass_v1_2 (library work)
Parsing done.
Executing : .rtl_analyze -include_path {{C:/Users/Datou21/Desktop/PDS/back1/cnn_usb_copy/rtl_pds/data_process/header} {C:/Users/Datou21/Desktop/PDS/back1/cnn_usb_copy/rtl_pds/data_process/mem_data} {C:/Users/Datou21/Desktop/PDS/back1/cnn_usb_copy/prj_pds}} C:/Users/Datou21/Desktop/PDS/back1/cnn_usb_copy/prj_pds/ipcore/ddr3_test/rtl/mcdq_ctrl/syn_mod/ips2l_mcdq_timing_rd_pass_v1_2.vp successfully.
Executing : .rtl_analyze -include_path {{C:/Users/Datou21/Desktop/PDS/back1/cnn_usb_copy/rtl_pds/data_process/header} {C:/Users/Datou21/Desktop/PDS/back1/cnn_usb_copy/rtl_pds/data_process/mem_data} {C:/Users/Datou21/Desktop/PDS/back1/cnn_usb_copy/prj_pds}} C:/Users/Datou21/Desktop/PDS/back1/cnn_usb_copy/prj_pds/ipcore/ddr3_test/rtl/mcdq_ctrl/syn_mod/ips2l_mcdq_timing_ref_pass_v1_2.vp
I: Verilog-0001: Analyzing file C:/Users/Datou21/Desktop/PDS/back1/cnn_usb_copy/prj_pds/ipcore/ddr3_test/rtl/mcdq_ctrl/syn_mod/ips2l_mcdq_timing_ref_pass_v1_2.vp
I: Verilog-0002: [C:/Users/Datou21/Desktop/PDS/back1/cnn_usb_copy/prj_pds/ipcore/ddr3_test/rtl/mcdq_ctrl/syn_mod/ips2l_mcdq_timing_ref_pass_v1_2.vp(line number: 90)] Analyzing module ips2l_mcdq_timing_ref_pass_v1_2 (library work)
Parsing done.
Executing : .rtl_analyze -include_path {{C:/Users/Datou21/Desktop/PDS/back1/cnn_usb_copy/rtl_pds/data_process/header} {C:/Users/Datou21/Desktop/PDS/back1/cnn_usb_copy/rtl_pds/data_process/mem_data} {C:/Users/Datou21/Desktop/PDS/back1/cnn_usb_copy/prj_pds}} C:/Users/Datou21/Desktop/PDS/back1/cnn_usb_copy/prj_pds/ipcore/ddr3_test/rtl/mcdq_ctrl/syn_mod/ips2l_mcdq_timing_ref_pass_v1_2.vp successfully.
Executing : .rtl_analyze -include_path {{C:/Users/Datou21/Desktop/PDS/back1/cnn_usb_copy/rtl_pds/data_process/header} {C:/Users/Datou21/Desktop/PDS/back1/cnn_usb_copy/rtl_pds/data_process/mem_data} {C:/Users/Datou21/Desktop/PDS/back1/cnn_usb_copy/prj_pds}} C:/Users/Datou21/Desktop/PDS/back1/cnn_usb_copy/prj_pds/ipcore/ddr3_test/rtl/mcdq_ctrl/syn_mod/ips2l_mcdq_timing_wr_pass_v1_2.vp
I: Verilog-0001: Analyzing file C:/Users/Datou21/Desktop/PDS/back1/cnn_usb_copy/prj_pds/ipcore/ddr3_test/rtl/mcdq_ctrl/syn_mod/ips2l_mcdq_timing_wr_pass_v1_2.vp
I: Verilog-0002: [C:/Users/Datou21/Desktop/PDS/back1/cnn_usb_copy/prj_pds/ipcore/ddr3_test/rtl/mcdq_ctrl/syn_mod/ips2l_mcdq_timing_wr_pass_v1_2.vp(line number: 127)] Analyzing module ips2l_mcdq_timing_wr_pass_v1_2 (library work)
Parsing done.
Executing : .rtl_analyze -include_path {{C:/Users/Datou21/Desktop/PDS/back1/cnn_usb_copy/rtl_pds/data_process/header} {C:/Users/Datou21/Desktop/PDS/back1/cnn_usb_copy/rtl_pds/data_process/mem_data} {C:/Users/Datou21/Desktop/PDS/back1/cnn_usb_copy/prj_pds}} C:/Users/Datou21/Desktop/PDS/back1/cnn_usb_copy/prj_pds/ipcore/ddr3_test/rtl/mcdq_ctrl/syn_mod/ips2l_mcdq_timing_wr_pass_v1_2.vp successfully.
Executing : .rtl_analyze -include_path {{C:/Users/Datou21/Desktop/PDS/back1/cnn_usb_copy/rtl_pds/data_process/header} {C:/Users/Datou21/Desktop/PDS/back1/cnn_usb_copy/rtl_pds/data_process/mem_data} {C:/Users/Datou21/Desktop/PDS/back1/cnn_usb_copy/prj_pds}} C:/Users/Datou21/Desktop/PDS/back1/cnn_usb_copy/prj_pds/ipcore/ddr3_test/rtl/mcdq_ctrl/syn_mod/ips2l_mcdq_trc_timing_v1_2.vp
I: Verilog-0001: Analyzing file C:/Users/Datou21/Desktop/PDS/back1/cnn_usb_copy/prj_pds/ipcore/ddr3_test/rtl/mcdq_ctrl/syn_mod/ips2l_mcdq_trc_timing_v1_2.vp
I: Verilog-0002: [C:/Users/Datou21/Desktop/PDS/back1/cnn_usb_copy/prj_pds/ipcore/ddr3_test/rtl/mcdq_ctrl/syn_mod/ips2l_mcdq_trc_timing_v1_2.vp(line number: 149)] Analyzing module ips2l_mcdq_trc_timing_v1_2 (library work)
Parsing done.
Executing : .rtl_analyze -include_path {{C:/Users/Datou21/Desktop/PDS/back1/cnn_usb_copy/rtl_pds/data_process/header} {C:/Users/Datou21/Desktop/PDS/back1/cnn_usb_copy/rtl_pds/data_process/mem_data} {C:/Users/Datou21/Desktop/PDS/back1/cnn_usb_copy/prj_pds}} C:/Users/Datou21/Desktop/PDS/back1/cnn_usb_copy/prj_pds/ipcore/ddr3_test/rtl/mcdq_ctrl/syn_mod/ips2l_mcdq_trc_timing_v1_2.vp successfully.
Executing : .rtl_analyze -include_path {{C:/Users/Datou21/Desktop/PDS/back1/cnn_usb_copy/rtl_pds/data_process/header} {C:/Users/Datou21/Desktop/PDS/back1/cnn_usb_copy/rtl_pds/data_process/mem_data} {C:/Users/Datou21/Desktop/PDS/back1/cnn_usb_copy/prj_pds}} C:/Users/Datou21/Desktop/PDS/back1/cnn_usb_copy/prj_pds/ipcore/ddr3_test/rtl/mcdq_ctrl/distributed_fifo/ips2l_distributed_fifo_v1_0.vp
I: Verilog-0001: Analyzing file C:/Users/Datou21/Desktop/PDS/back1/cnn_usb_copy/prj_pds/ipcore/ddr3_test/rtl/mcdq_ctrl/distributed_fifo/ips2l_distributed_fifo_v1_0.vp
I: Verilog-0002: [C:/Users/Datou21/Desktop/PDS/back1/cnn_usb_copy/prj_pds/ipcore/ddr3_test/rtl/mcdq_ctrl/distributed_fifo/ips2l_distributed_fifo_v1_0.vp(line number: 130)] Analyzing module ips2l_distributed_fifo_v1_0 (library work)
Parsing done.
Executing : .rtl_analyze -include_path {{C:/Users/Datou21/Desktop/PDS/back1/cnn_usb_copy/rtl_pds/data_process/header} {C:/Users/Datou21/Desktop/PDS/back1/cnn_usb_copy/rtl_pds/data_process/mem_data} {C:/Users/Datou21/Desktop/PDS/back1/cnn_usb_copy/prj_pds}} C:/Users/Datou21/Desktop/PDS/back1/cnn_usb_copy/prj_pds/ipcore/ddr3_test/rtl/mcdq_ctrl/distributed_fifo/ips2l_distributed_fifo_v1_0.vp successfully.
Executing : .rtl_analyze -include_path {{C:/Users/Datou21/Desktop/PDS/back1/cnn_usb_copy/rtl_pds/data_process/header} {C:/Users/Datou21/Desktop/PDS/back1/cnn_usb_copy/rtl_pds/data_process/mem_data} {C:/Users/Datou21/Desktop/PDS/back1/cnn_usb_copy/prj_pds}} C:/Users/Datou21/Desktop/PDS/back1/cnn_usb_copy/prj_pds/ipcore/ddr3_test/rtl/mcdq_ctrl/distributed_fifo/rtl/ips2l_distributed_fifo_ctr_v1_0.vp
I: Verilog-0001: Analyzing file C:/Users/Datou21/Desktop/PDS/back1/cnn_usb_copy/prj_pds/ipcore/ddr3_test/rtl/mcdq_ctrl/distributed_fifo/rtl/ips2l_distributed_fifo_ctr_v1_0.vp
I: Verilog-0002: [C:/Users/Datou21/Desktop/PDS/back1/cnn_usb_copy/prj_pds/ipcore/ddr3_test/rtl/mcdq_ctrl/distributed_fifo/rtl/ips2l_distributed_fifo_ctr_v1_0.vp(line number: 269)] Analyzing module ips2l_distributed_fifo_ctr_v1_0 (library work)
Parsing done.
Executing : .rtl_analyze -include_path {{C:/Users/Datou21/Desktop/PDS/back1/cnn_usb_copy/rtl_pds/data_process/header} {C:/Users/Datou21/Desktop/PDS/back1/cnn_usb_copy/rtl_pds/data_process/mem_data} {C:/Users/Datou21/Desktop/PDS/back1/cnn_usb_copy/prj_pds}} C:/Users/Datou21/Desktop/PDS/back1/cnn_usb_copy/prj_pds/ipcore/ddr3_test/rtl/mcdq_ctrl/distributed_fifo/rtl/ips2l_distributed_fifo_ctr_v1_0.vp successfully.
Executing : .rtl_analyze -include_path {{C:/Users/Datou21/Desktop/PDS/back1/cnn_usb_copy/rtl_pds/data_process/header} {C:/Users/Datou21/Desktop/PDS/back1/cnn_usb_copy/rtl_pds/data_process/mem_data} {C:/Users/Datou21/Desktop/PDS/back1/cnn_usb_copy/prj_pds}} C:/Users/Datou21/Desktop/PDS/back1/cnn_usb_copy/prj_pds/ipcore/ddr3_test/rtl/mcdq_ctrl/distributed_fifo/rtl/ips2l_distributed_fifo_v1_0_distributed_fifo_v1_0.vp
I: Verilog-0001: Analyzing file C:/Users/Datou21/Desktop/PDS/back1/cnn_usb_copy/prj_pds/ipcore/ddr3_test/rtl/mcdq_ctrl/distributed_fifo/rtl/ips2l_distributed_fifo_v1_0_distributed_fifo_v1_0.vp
I: Verilog-0002: [C:/Users/Datou21/Desktop/PDS/back1/cnn_usb_copy/prj_pds/ipcore/ddr3_test/rtl/mcdq_ctrl/distributed_fifo/rtl/ips2l_distributed_fifo_v1_0_distributed_fifo_v1_0.vp(line number: 130)] Analyzing module ips2l_distributed_fifo_v1_0_distributed_fifo_v1_0 (library work)
Parsing done.
Executing : .rtl_analyze -include_path {{C:/Users/Datou21/Desktop/PDS/back1/cnn_usb_copy/rtl_pds/data_process/header} {C:/Users/Datou21/Desktop/PDS/back1/cnn_usb_copy/rtl_pds/data_process/mem_data} {C:/Users/Datou21/Desktop/PDS/back1/cnn_usb_copy/prj_pds}} C:/Users/Datou21/Desktop/PDS/back1/cnn_usb_copy/prj_pds/ipcore/ddr3_test/rtl/mcdq_ctrl/distributed_fifo/rtl/ips2l_distributed_fifo_v1_0_distributed_fifo_v1_0.vp successfully.
Executing : .rtl_analyze -include_path {{C:/Users/Datou21/Desktop/PDS/back1/cnn_usb_copy/rtl_pds/data_process/header} {C:/Users/Datou21/Desktop/PDS/back1/cnn_usb_copy/rtl_pds/data_process/mem_data} {C:/Users/Datou21/Desktop/PDS/back1/cnn_usb_copy/prj_pds}} C:/Users/Datou21/Desktop/PDS/back1/cnn_usb_copy/prj_pds/ipcore/ddr3_test/rtl/mcdq_ctrl/distributed_fifo/rtl/ips2l_distributed_sdpram_v1_0_distributed_fifo_v1_0.vp
I: Verilog-0001: Analyzing file C:/Users/Datou21/Desktop/PDS/back1/cnn_usb_copy/prj_pds/ipcore/ddr3_test/rtl/mcdq_ctrl/distributed_fifo/rtl/ips2l_distributed_sdpram_v1_0_distributed_fifo_v1_0.vp
I: Verilog-0002: [C:/Users/Datou21/Desktop/PDS/back1/cnn_usb_copy/prj_pds/ipcore/ddr3_test/rtl/mcdq_ctrl/distributed_fifo/rtl/ips2l_distributed_sdpram_v1_0_distributed_fifo_v1_0.vp(line number: 120)] Analyzing module ips2l_distributed_sdpram_v1_0_distributed_fifo_v1_0 (library work)
I: [C:/Users/Datou21/Desktop/PDS/back1/cnn_usb_copy/prj_pds/ipcore/ddr3_test/rtl/mcdq_ctrl/distributed_fifo/rtl/ips2l_distributed_sdpram_v1_0_distributed_fifo_v1_0.vp(line number: 129)] Convert attribute name from syn_ramstyle to PAP_RAM_STYLE
Parsing done.
Executing : .rtl_analyze -include_path {{C:/Users/Datou21/Desktop/PDS/back1/cnn_usb_copy/rtl_pds/data_process/header} {C:/Users/Datou21/Desktop/PDS/back1/cnn_usb_copy/rtl_pds/data_process/mem_data} {C:/Users/Datou21/Desktop/PDS/back1/cnn_usb_copy/prj_pds}} C:/Users/Datou21/Desktop/PDS/back1/cnn_usb_copy/prj_pds/ipcore/ddr3_test/rtl/mcdq_ctrl/distributed_fifo/rtl/ips2l_distributed_sdpram_v1_0_distributed_fifo_v1_0.vp successfully.
Executing : .rtl_analyze -include_path {{C:/Users/Datou21/Desktop/PDS/back1/cnn_usb_copy/rtl_pds/data_process/header} {C:/Users/Datou21/Desktop/PDS/back1/cnn_usb_copy/rtl_pds/data_process/mem_data} {C:/Users/Datou21/Desktop/PDS/back1/cnn_usb_copy/prj_pds}} C:/Users/Datou21/Desktop/PDS/back1/cnn_usb_copy/prj_pds/ipcore/ddr3_test/ddr3_test.v
I: Verilog-0001: Analyzing file C:/Users/Datou21/Desktop/PDS/back1/cnn_usb_copy/prj_pds/ipcore/ddr3_test/ddr3_test.v
I: Verilog-0002: [C:/Users/Datou21/Desktop/PDS/back1/cnn_usb_copy/prj_pds/ipcore/ddr3_test/ddr3_test.v(line number: 12)] Analyzing module ddr3_test (library work)
Parsing done.
Executing : .rtl_analyze -include_path {{C:/Users/Datou21/Desktop/PDS/back1/cnn_usb_copy/rtl_pds/data_process/header} {C:/Users/Datou21/Desktop/PDS/back1/cnn_usb_copy/rtl_pds/data_process/mem_data} {C:/Users/Datou21/Desktop/PDS/back1/cnn_usb_copy/prj_pds}} C:/Users/Datou21/Desktop/PDS/back1/cnn_usb_copy/prj_pds/ipcore/ddr3_test/ddr3_test.v successfully.
Executing : .rtl_analyze -include_path {{C:/Users/Datou21/Desktop/PDS/back1/cnn_usb_copy/rtl_pds/data_process/header} {C:/Users/Datou21/Desktop/PDS/back1/cnn_usb_copy/rtl_pds/data_process/mem_data} {C:/Users/Datou21/Desktop/PDS/back1/cnn_usb_copy/prj_pds}} C:/Users/Datou21/Desktop/PDS/back1/cnn_usb_copy/prj_pds/ipcore/ddr3_test/ddr3_test_ddrphy_top.v
I: Verilog-0001: Analyzing file C:/Users/Datou21/Desktop/PDS/back1/cnn_usb_copy/prj_pds/ipcore/ddr3_test/ddr3_test_ddrphy_top.v
I: Verilog-0002: [C:/Users/Datou21/Desktop/PDS/back1/cnn_usb_copy/prj_pds/ipcore/ddr3_test/ddr3_test_ddrphy_top.v(line number: 12)] Analyzing module ddr3_test_ddrphy_top (library work)
Parsing done.
Executing : .rtl_analyze -include_path {{C:/Users/Datou21/Desktop/PDS/back1/cnn_usb_copy/rtl_pds/data_process/header} {C:/Users/Datou21/Desktop/PDS/back1/cnn_usb_copy/rtl_pds/data_process/mem_data} {C:/Users/Datou21/Desktop/PDS/back1/cnn_usb_copy/prj_pds}} C:/Users/Datou21/Desktop/PDS/back1/cnn_usb_copy/prj_pds/ipcore/ddr3_test/ddr3_test_ddrphy_top.v successfully.
Executing : .rtl_analyze -include_path {{C:/Users/Datou21/Desktop/PDS/back1/cnn_usb_copy/rtl_pds/data_process/header} {C:/Users/Datou21/Desktop/PDS/back1/cnn_usb_copy/rtl_pds/data_process/mem_data} {C:/Users/Datou21/Desktop/PDS/back1/cnn_usb_copy/prj_pds}} C:/Users/Datou21/Desktop/PDS/back1/cnn_usb_copy/prj_pds/ipcore/ddr3_test/rtl/ddrphy/ddr3_test_slice_top_v1_10.v
I: Verilog-0001: Analyzing file C:/Users/Datou21/Desktop/PDS/back1/cnn_usb_copy/prj_pds/ipcore/ddr3_test/rtl/ddrphy/ddr3_test_slice_top_v1_10.v
I: Verilog-0002: [C:/Users/Datou21/Desktop/PDS/back1/cnn_usb_copy/prj_pds/ipcore/ddr3_test/rtl/ddrphy/ddr3_test_slice_top_v1_10.v(line number: 12)] Analyzing module ddr3_test_slice_top_v1_10 (library work)
Parsing done.
Executing : .rtl_analyze -include_path {{C:/Users/Datou21/Desktop/PDS/back1/cnn_usb_copy/rtl_pds/data_process/header} {C:/Users/Datou21/Desktop/PDS/back1/cnn_usb_copy/rtl_pds/data_process/mem_data} {C:/Users/Datou21/Desktop/PDS/back1/cnn_usb_copy/prj_pds}} C:/Users/Datou21/Desktop/PDS/back1/cnn_usb_copy/prj_pds/ipcore/ddr3_test/rtl/ddrphy/ddr3_test_slice_top_v1_10.v successfully.
I: Module "hdmi_loop" is set as top module.
Program Error Out.
Action compile: Real time elapsed is 0h:0m:6s
Action compile: CPU time elapsed is 0h:0m:0s
Action compile: Process CPU time elapsed is 0h:0m:0s
Current time: Wed Jul  1 14:51:28 2026
Action compile: Peak memory pool usage is 131 MB
