#Build: Fabric Compiler 2022.2-SP6.4, Build 146967, Jan 31 01:39 2024
#Install: C:\pango\PDS_2022.2-SP6.4\bin
#Application name: pds.exe
#OS: Windows 10 10.0.22631
#Hostname: DESKTOP-VB8TKRO
Generated by Fabric Compiler (version 2022.2-SP6.4 build 146967) at Thu Jul  9 11:24:01 2026
Parse module hierarchy of project 'C:/Users/Datou21/Desktop/PDS/back1/cnn_usb_copy/prj_pds/temp_projects/Main_Flow/Main_Flow.pds' (ADS Parser)


Process "Device Map" started.
Current time: Thu Jul  9 11:24:03 2026
Compiling architecture definition.
Analyzing project file 'C:/Users/Datou21/Desktop/PDS/back1/cnn_usb_copy/prj_pds/hdmi_loop.pds'.
Compiling verification operator library.
Compiling common defs.
Loading technology operator library.
Compiling technology operator library.
Compiling technology operator (valence) library.
Compiling operator packing rules.
Compiling prim grid devices.
Compiling gate devices.
Compiling gate operators.
Compiling tech operator impls.
Building architecture model.
Loading device packaging model.
NOTE: The technology fpga was specified.
NOTE: delay_model specified was generic_cmos.
NOTE: Using the fpga syntax tables...
Totals:
 Calls to malloc = 0
 Calls to calloc = 148672

License checkout: fabric_inserter from C:\pango\new_pds_F4A80DA47D72.lic
Generating cores. Please be patient as this can take several minutes...
  >Generating core DebugCore0...
  >Running ADS for debugcore...
  >Making net connections...
Core Insertion Complete.
Flattening design 'hdmi_loop'
W: Public-4008: Instance 'u_CORES/u_debug_core_0/u_hub_data_decode/conf_rden[1]' of 'GTP_DFF_C' unit is dangling and will be cleaned.
W: Public-4008: Instance 'u_CORES/u_debug_core_0/u_hub_data_decode/conf_rden[2]' of 'GTP_DFF_C' unit is dangling and will be cleaned.
W: Public-4008: Instance 'u_CORES/u_debug_core_0/u_hub_data_decode/conf_rden[3]' of 'GTP_DFF_C' unit is dangling and will be cleaned.
W: Public-4008: Instance 'u_CORES/u_debug_core_0/u_hub_data_decode/conf_rden[4]' of 'GTP_DFF_C' unit is dangling and will be cleaned.
W: Public-4008: Instance 'u_CORES/u_debug_core_0/u_hub_data_decode/conf_rden[5]' of 'GTP_DFF_C' unit is dangling and will be cleaned.
W: Public-4008: Instance 'u_CORES/u_debug_core_0/u_hub_data_decode/conf_rden[6]' of 'GTP_DFF_C' unit is dangling and will be cleaned.
W: Public-4008: Instance 'u_CORES/u_debug_core_0/u_hub_data_decode/conf_rden[7]' of 'GTP_DFF_C' unit is dangling and will be cleaned.
W: Public-4008: Instance 'u_CORES/u_debug_core_0/u_hub_data_decode/conf_rden[8]' of 'GTP_DFF_C' unit is dangling and will be cleaned.
W: Public-4008: Instance 'u_CORES/u_debug_core_0/u_hub_data_decode/conf_rden[9]' of 'GTP_DFF_C' unit is dangling and will be cleaned.
W: Public-4008: Instance 'u_CORES/u_debug_core_0/u_hub_data_decode/conf_rden[10]' of 'GTP_DFF_C' unit is dangling and will be cleaned.
W: Public-4008: Instance 'u_CORES/u_debug_core_0/u_hub_data_decode/conf_rden[11]' of 'GTP_DFF_C' unit is dangling and will be cleaned.
W: Public-4008: Instance 'u_CORES/u_debug_core_0/u_hub_data_decode/conf_rden[12]' of 'GTP_DFF_C' unit is dangling and will be cleaned.
W: Public-4008: Instance 'u_CORES/u_debug_core_0/u_hub_data_decode/conf_rden[13]' of 'GTP_DFF_C' unit is dangling and will be cleaned.
W: Public-4008: Instance 'u_CORES/u_debug_core_0/u_hub_data_decode/conf_rden[14]' of 'GTP_DFF_C' unit is dangling and will be cleaned.
W: Public-4008: Instance 'u_CORES/u_debug_core_0/u_hub_data_decode/conf_rden[15]' of 'GTP_DFF_C' unit is dangling and will be cleaned.
W: Public-4008: Instance 'u_CORES/u_debug_core_0/u_hub_data_decode/conf_rden[17]' of 'GTP_DFF_C' unit is dangling and will be cleaned.
W: Public-4008: Instance 'u_CORES/u_debug_core_0/u_hub_data_decode/conf_rden[19]' of 'GTP_DFF_C' unit is dangling and will be cleaned.
W: Public-4008: Instance 'u_CORES/u_debug_core_0/u_hub_data_decode/conf_sel_int[1]' of 'GTP_DFF_C' unit is dangling and will be cleaned.
W: Public-4008: Instance 'u_CORES/u_debug_core_0/u_hub_data_decode/conf_sel_int[2]' of 'GTP_DFF_C' unit is dangling and will be cleaned.
W: Public-4008: Instance 'u_CORES/u_debug_core_0/u_hub_data_decode/conf_sel_int[3]' of 'GTP_DFF_C' unit is dangling and will be cleaned.
W: Public-4008: Instance 'u_CORES/u_debug_core_0/u_hub_data_decode/conf_sel_int[4]' of 'GTP_DFF_C' unit is dangling and will be cleaned.
W: Public-4008: Instance 'u_CORES/u_debug_core_0/u_hub_data_decode/conf_sel_int[5]' of 'GTP_DFF_C' unit is dangling and will be cleaned.
W: Public-4008: Instance 'u_CORES/u_debug_core_0/u_hub_data_decode/conf_sel_int[6]' of 'GTP_DFF_C' unit is dangling and will be cleaned.
W: Public-4008: Instance 'u_CORES/u_debug_core_0/u_hub_data_decode/conf_sel_int[7]' of 'GTP_DFF_C' unit is dangling and will be cleaned.
W: Public-4008: Instance 'u_CORES/u_debug_core_0/u_hub_data_decode/conf_sel_int[8]' of 'GTP_DFF_C' unit is dangling and will be cleaned.
W: Public-4008: Instance 'u_CORES/u_debug_core_0/u_hub_data_decode/conf_sel_int[9]' of 'GTP_DFF_C' unit is dangling and will be cleaned.
W: Public-4008: Instance 'u_CORES/u_debug_core_0/u_hub_data_decode/conf_sel_int[10]' of 'GTP_DFF_C' unit is dangling and will be cleaned.
W: Public-4008: Instance 'u_CORES/u_debug_core_0/u_hub_data_decode/conf_sel_int[11]' of 'GTP_DFF_C' unit is dangling and will be cleaned.
W: Public-4008: Instance 'u_CORES/u_debug_core_0/u_hub_data_decode/conf_sel_int[12]' of 'GTP_DFF_C' unit is dangling and will be cleaned.
W: Public-4008: Instance 'u_CORES/u_debug_core_0/u_hub_data_decode/conf_sel_int[13]' of 'GTP_DFF_C' unit is dangling and will be cleaned.
W: Public-4008: Instance 'u_CORES/u_debug_core_0/u_hub_data_decode/conf_sel_int[14]' of 'GTP_DFF_C' unit is dangling and will be cleaned.
W: Public-4008: Instance 'u_CORES/u_debug_core_0/u_hub_data_decode/conf_sel_int[15]' of 'GTP_DFF_C' unit is dangling and will be cleaned.
W: Public-4008: Instance 'u_CORES/u_debug_core_0/u_hub_data_decode/conf_sel_int[17]' of 'GTP_DFF_C' unit is dangling and will be cleaned.
W: Public-4008: Instance 'u_CORES/u_debug_core_0/u_hub_data_decode/conf_sel_int[19]' of 'GTP_DFF_C' unit is dangling and will be cleaned.
W: Public-4008: Instance 'u_lprnet_top/u_layer20/u_input_layer/data_out_valid' of 'GTP_DFF_C' unit is dangling and will be cleaned.
W: Public-4008: Instance 'u_lprnet_top/u_layer21/u_input_layer/data_out_valid' of 'GTP_DFF_C' unit is dangling and will be cleaned.
W: Public-4008: Instance 'u_lprnet_top/u_layer23/u_input_layer/data_out_valid' of 'GTP_DFF_C' unit is dangling and will be cleaned.
W: Public-4008: Instance 'u_lprnet_top/u_layer24/u_input_layer/data_out_valid' of 'GTP_DFF_C' unit is dangling and will be cleaned.
W: Public-4008: Instance 'u_lprnet_top/u_layer26/u_input_layer/data_out_valid' of 'GTP_DFF_C' unit is dangling and will be cleaned.
W: Public-4008: Instance 'u_lprnet_top/u_layer27/u_input_layer/data_out_valid' of 'GTP_DFF_C' unit is dangling and will be cleaned.
W: Public-4008: Instance 'u_lprnet_top/u_layer29/u_input_layer/data_out_valid' of 'GTP_DFF_C' unit is dangling and will be cleaned.
W: Public-4008: Instance 'u_lprnet_top/u_layer30/u_input_layer/data_out_valid' of 'GTP_DFF_C' unit is dangling and will be cleaned.
W: Public-4008: Instance 'u_lprnet_top/u_layer31/u_input_layer/data_out_valid' of 'GTP_DFF_C' unit is dangling and will be cleaned.
W: Public-4008: Instance 'u_lprnet_top/u_post_process/u_extrema_finder/val_out[0]' of 'GTP_DFF_CE' unit is dangling and will be cleaned.
W: Public-4008: Instance 'u_lprnet_top/u_post_process/u_extrema_finder/val_out[1]' of 'GTP_DFF_CE' unit is dangling and will be cleaned.
W: Public-4008: Instance 'u_lprnet_top/u_post_process/u_extrema_finder/val_out[2]' of 'GTP_DFF_CE' unit is dangling and will be cleaned.
W: Public-4008: Instance 'u_lprnet_top/u_post_process/u_extrema_finder/val_out[3]' of 'GTP_DFF_CE' unit is dangling and will be cleaned.
W: Public-4008: Instance 'u_lprnet_top/u_post_process/u_extrema_finder/val_out[4]' of 'GTP_DFF_CE' unit is dangling and will be cleaned.
W: Public-4008: Instance 'u_lprnet_top/u_post_process/u_extrema_finder/val_out[5]' of 'GTP_DFF_CE' unit is dangling and will be cleaned.
W: Public-4008: Instance 'u_lprnet_top/u_post_process/u_extrema_finder/val_out[6]' of 'GTP_DFF_CE' unit is dangling and will be cleaned.
W: Public-4008: Instance 'u_lprnet_top/u_post_process/u_extrema_finder/val_out[7]' of 'GTP_DFF_CE' unit is dangling and will be cleaned.
W: Public-4008: Instance 'u_lprnet_top/u_post_process/u_extrema_finder/val_out[8]' of 'GTP_DFF_CE' unit is dangling and will be cleaned.
W: Public-4008: Instance 'u_lprnet_top/u_post_process/u_extrema_finder/val_out[9]' of 'GTP_DFF_CE' unit is dangling and will be cleaned.
W: Public-4008: Instance 'u_lprnet_top/u_post_process/u_extrema_finder/val_out[10]' of 'GTP_DFF_CE' unit is dangling and will be cleaned.
W: Public-4008: Instance 'u_lprnet_top/u_post_process/u_extrema_finder/val_out[11]' of 'GTP_DFF_CE' unit is dangling and will be cleaned.
W: Public-4008: Instance 'u_lprnet_top/u_post_process/u_extrema_finder/val_out[12]' of 'GTP_DFF_CE' unit is dangling and will be cleaned.
W: Public-4008: Instance 'u_top_yolo/u_layer0/u_input_layer/data_out_valid' of 'GTP_DFF_C' unit is dangling and will be cleaned.
W: Public-4008: Instance 'u_top_yolo/u_layer1/u_input_layer/data_out_valid' of 'GTP_DFF_C' unit is dangling and will be cleaned.
W: Public-4008: Instance 'u_top_yolo/u_layer2/u_input_layer/data_out_valid' of 'GTP_DFF_C' unit is dangling and will be cleaned.
W: Public-4008: Instance 'u_top_yolo/u_layer3/u_input_layer/data_out_valid' of 'GTP_DFF_C' unit is dangling and will be cleaned.
W: Public-4008: Instance 'u_top_yolo/u_layer4/u_input_layer/data_out_valid' of 'GTP_DFF_C' unit is dangling and will be cleaned.
W: Public-4008: Instance 'u_top_yolo/u_layer5/u_input_layer/data_out_valid' of 'GTP_DFF_C' unit is dangling and will be cleaned.
W: Public-4008: Instance 'u_top_yolo/u_layer6/u_input_layer/data_out_valid' of 'GTP_DFF_C' unit is dangling and will be cleaned.
W: Public-4008: Instance 'u_top_yolo/u_layer7/u_input_layer/data_out_valid' of 'GTP_DFF_C' unit is dangling and will be cleaned.
W: Public-4008: Instance 'u_top_yolo/u_layer8/u_input_layer/data_out_valid' of 'GTP_DFF_C' unit is dangling and will be cleaned.
W: Public-4008: Instance 'u_top_yolo/u_layer9/u_input_layer/data_out_valid' of 'GTP_DFF_C' unit is dangling and will be cleaned.
W: Public-4008: Instance 'u_top_yolo/u_layer10/u_input_layer/data_out_valid' of 'GTP_DFF_C' unit is dangling and will be cleaned.
W: Public-4008: Instance 'u_ddr_video_delay_sync/u_ddr3_test/u_ddrphy_top/ddrphy_reset_ctrl/ddrphy_ioclk_gate[2]' of 'GTP_DFF_P' unit is dangling and will be cleaned.
W: Public-4008: Instance 'u_ddr_video_delay_sync/u_ddr3_test/u_ddrphy_top/ddrphy_calib_top/ddrphy_wrcal/wrcal_move_en[4]' of 'GTP_DFF_C' unit is dangling and will be cleaned.
W: Public-4008: Instance 'u_ddr_video_delay_sync/u_ddr3_test/u_ddrphy_top/ddrphy_calib_top/ddrphy_wrcal/wrcal_move_en[5]' of 'GTP_DFF_C' unit is dangling and will be cleaned.
W: Public-4008: Instance 'u_ddr_video_delay_sync/u_ddr3_test/u_ddrphy_top/ddrphy_calib_top/ddrphy_wrcal/wrcal_move_en[6]' of 'GTP_DFF_C' unit is dangling and will be cleaned.
W: Public-4008: Instance 'u_ddr_video_delay_sync/u_ddr3_test/u_ddrphy_top/ddrphy_calib_top/ddrphy_wrcal/wrcal_move_en[7]' of 'GTP_DFF_C' unit is dangling and will be cleaned.
W: Public-4008: Instance 'u_ddr_video_delay_sync/u_ddr3_test/u_ddrphy_top/ddrphy_calib_top/ddrphy_wrcal/wrcal_move_en[8]' of 'GTP_DFF_C' unit is dangling and will be cleaned.
W: Public-4008: Instance 'u_ddr_video_delay_sync/u_ddr3_test/u_ddrphy_top/ddrphy_calib_top/ddrphy_wrcal/write_calibration[4]' of 'GTP_DFF_C' unit is dangling and will be cleaned.
W: Public-4008: Instance 'u_ddr_video_delay_sync/u_ddr3_test/u_ddrphy_top/ddrphy_calib_top/ddrphy_wrcal/write_calibration[5]' of 'GTP_DFF_C' unit is dangling and will be cleaned.
W: Public-4008: Instance 'u_ddr_video_delay_sync/u_ddr3_test/u_ddrphy_top/ddrphy_calib_top/ddrphy_wrcal/write_calibration[6]' of 'GTP_DFF_C' unit is dangling and will be cleaned.
W: Public-4008: Instance 'u_ddr_video_delay_sync/u_ddr3_test/u_ddrphy_top/ddrphy_calib_top/ddrphy_wrcal/write_calibration[7]' of 'GTP_DFF_C' unit is dangling and will be cleaned.
W: Public-4008: Instance 'u_ddr_video_delay_sync/u_ddr3_test/u_ddrphy_top/ddrphy_calib_top/ddrphy_wrcal/write_calibration[8]' of 'GTP_DFF_C' unit is dangling and will be cleaned.
Device mapping started.
Optimizing circuit logic.
I: Const net (pin RSTY of inst u_box_overlay_sync/N472) has been disconnected.
I: Const net (pin RSTY of inst u_box_overlay_sync/N484_m1) has been disconnected.
I: Const net (pin RSTX of inst u_box_overlay_sync/N484_m2) has been disconnected.
I: Const net (pin RSTY of inst u_box_overlay_sync/N1164) has been disconnected.
I: Const net (pin RSTY of inst u_box_overlay_sync/N1176_m1) has been disconnected.
I: Const net (pin RSTX of inst u_box_overlay_sync/N1176_m2) has been disconnected.
I: Const net (pin RSTY of inst u_box_overlay_sync/N1856) has been disconnected.
I: Const net (pin RSTY of inst u_box_overlay_sync/N1868_m1) has been disconnected.
I: Const net (pin RSTX of inst u_box_overlay_sync/N1868_m2) has been disconnected.
I: Const net (pin RSTY of inst u_box_overlay_sync/N2548) has been disconnected.
I: Const net (pin RSTY of inst u_box_overlay_sync/N2560_m1) has been disconnected.
I: Const net (pin RSTX of inst u_box_overlay_sync/N2560_m2) has been disconnected.
I: Const net (pin RSTY of inst u_box_overlay_sync/N3240) has been disconnected.
I: Const net (pin RSTY of inst u_box_overlay_sync/N3252_m1) has been disconnected.
I: Const net (pin RSTX of inst u_box_overlay_sync/N3252_m2) has been disconnected.
I: Const net (pin RSTY of inst u_box_overlay_sync/N3932) has been disconnected.
I: Const net (pin RSTY of inst u_box_overlay_sync/N3944_m1) has been disconnected.
I: Const net (pin RSTX of inst u_box_overlay_sync/N3944_m2) has been disconnected.
I: Const net (pin CEX1 of inst u_lprnet_top/u_layer20/gen_conv.gen_pages[0].page0.u_pe_page/pe_col_inst[0].u_pe_col/pe_inst[0].u_pe/N3) has been disconnected.
I: Const net (pin RSTX of inst u_lprnet_top/u_layer20/gen_conv.gen_pages[0].page0.u_pe_page/pe_col_inst[0].u_pe_col/pe_inst[0].u_pe/N3) has been disconnected.
I: Const net (pin CEY1 of inst u_lprnet_top/u_layer20/gen_conv.gen_pages[0].page0.u_pe_page/pe_col_inst[0].u_pe_col/pe_inst[0].u_pe/N3) has been disconnected.
I: Const net (pin RSTY of inst u_lprnet_top/u_layer20/gen_conv.gen_pages[0].page0.u_pe_page/pe_col_inst[0].u_pe_col/pe_inst[0].u_pe/N3) has been disconnected.
I: Const net (pin CEM of inst u_lprnet_top/u_layer20/gen_conv.gen_pages[0].page0.u_pe_page/pe_col_inst[0].u_pe_col/pe_inst[0].u_pe/N3) has been disconnected.
I: Const net (pin RSTM of inst u_lprnet_top/u_layer20/gen_conv.gen_pages[0].page0.u_pe_page/pe_col_inst[0].u_pe_col/pe_inst[0].u_pe/N3) has been disconnected.
I: Const net (pin CEP of inst u_lprnet_top/u_layer20/gen_conv.gen_pages[0].page0.u_pe_page/pe_col_inst[0].u_pe_col/pe_inst[0].u_pe/N3) has been disconnected.
I: Const net (pin RSTP of inst u_lprnet_top/u_layer20/gen_conv.gen_pages[0].page0.u_pe_page/pe_col_inst[0].u_pe_col/pe_inst[0].u_pe/N3) has been disconnected.
I: Const net (pin CEX1 of inst u_lprnet_top/u_layer20/gen_conv.gen_pages[0].page0.u_pe_page/pe_col_inst[0].u_pe_col/pe_inst[0].u_pe_1/N3) has been disconnected.
I: Const net (pin RSTX of inst u_lprnet_top/u_layer20/gen_conv.gen_pages[0].page0.u_pe_page/pe_col_inst[0].u_pe_col/pe_inst[0].u_pe_1/N3) has been disconnected.
I: Const net (pin CEY1 of inst u_lprnet_top/u_layer20/gen_conv.gen_pages[0].page0.u_pe_page/pe_col_inst[0].u_pe_col/pe_inst[0].u_pe_1/N3) has been disconnected.
I: Const net (pin RSTY of inst u_lprnet_top/u_layer20/gen_conv.gen_pages[0].page0.u_pe_page/pe_col_inst[0].u_pe_col/pe_inst[0].u_pe_1/N3) has been disconnected.
I: Const net (pin CEM of inst u_lprnet_top/u_layer20/gen_conv.gen_pages[0].page0.u_pe_page/pe_col_inst[0].u_pe_col/pe_inst[0].u_pe_1/N3) has been disconnected.
I: Const net (pin RSTM of inst u_lprnet_top/u_layer20/gen_conv.gen_pages[0].page0.u_pe_page/pe_col_inst[0].u_pe_col/pe_inst[0].u_pe_1/N3) has been disconnected.
I: Const net (pin CEP of inst u_lprnet_top/u_layer20/gen_conv.gen_pages[0].page0.u_pe_page/pe_col_inst[0].u_pe_col/pe_inst[0].u_pe_1/N3) has been disconnected.
I: Const net (pin RSTP of inst u_lprnet_top/u_layer20/gen_conv.gen_pages[0].page0.u_pe_page/pe_col_inst[0].u_pe_col/pe_inst[0].u_pe_1/N3) has been disconnected.
I: Const net (pin CEX1 of inst u_lprnet_top/u_layer20/gen_conv.gen_pages[0].page0.u_pe_page/pe_col_inst[0].u_pe_col/pe_inst[0].u_pe_2/N3) has been disconnected.
I: Const net (pin RSTX of inst u_lprnet_top/u_layer20/gen_conv.gen_pages[0].page0.u_pe_page/pe_col_inst[0].u_pe_col/pe_inst[0].u_pe_2/N3) has been disconnected.
I: Const net (pin CEY1 of inst u_lprnet_top/u_layer20/gen_conv.gen_pages[0].page0.u_pe_page/pe_col_inst[0].u_pe_col/pe_inst[0].u_pe_2/N3) has been disconnected.
I: Const net (pin RSTY of inst u_lprnet_top/u_layer20/gen_conv.gen_pages[0].page0.u_pe_page/pe_col_inst[0].u_pe_col/pe_inst[0].u_pe_2/N3) has been disconnected.
I: Const net (pin CEM of inst u_lprnet_top/u_layer20/gen_conv.gen_pages[0].page0.u_pe_page/pe_col_inst[0].u_pe_col/pe_inst[0].u_pe_2/N3) has been disconnected.
I: Const net (pin RSTM of inst u_lprnet_top/u_layer20/gen_conv.gen_pages[0].page0.u_pe_page/pe_col_inst[0].u_pe_col/pe_inst[0].u_pe_2/N3) has been disconnected.
I: Const net (pin CEP of inst u_lprnet_top/u_layer20/gen_conv.gen_pages[0].page0.u_pe_page/pe_col_inst[0].u_pe_col/pe_inst[0].u_pe_2/N3) has been disconnected.
I: Const net (pin RSTP of inst u_lprnet_top/u_layer20/gen_conv.gen_pages[0].page0.u_pe_page/pe_col_inst[0].u_pe_col/pe_inst[0].u_pe_2/N3) has been disconnected.
I: Const net (pin CEX1 of inst u_lprnet_top/u_layer20/gen_conv.gen_pages[0].page0.u_pe_page/pe_col_inst[0].u_pe_col/pe_inst[0].u_pe_3/N3) has been disconnected.
I: Const net (pin RSTX of inst u_lprnet_top/u_layer20/gen_conv.gen_pages[0].page0.u_pe_page/pe_col_inst[0].u_pe_col/pe_inst[0].u_pe_3/N3) has been disconnected.
I: Const net (pin CEY1 of inst u_lprnet_top/u_layer20/gen_conv.gen_pages[0].page0.u_pe_page/pe_col_inst[0].u_pe_col/pe_inst[0].u_pe_3/N3) has been disconnected.
I: Const net (pin RSTY of inst u_lprnet_top/u_layer20/gen_conv.gen_pages[0].page0.u_pe_page/pe_col_inst[0].u_pe_col/pe_inst[0].u_pe_3/N3) has been disconnected.
I: Const net (pin CEM of inst u_lprnet_top/u_layer20/gen_conv.gen_pages[0].page0.u_pe_page/pe_col_inst[0].u_pe_col/pe_inst[0].u_pe_3/N3) has been disconnected.
I: Const net (pin RSTM of inst u_lprnet_top/u_layer20/gen_conv.gen_pages[0].page0.u_pe_page/pe_col_inst[0].u_pe_col/pe_inst[0].u_pe_3/N3) has been disconnected.
I: Const net (pin CEP of inst u_lprnet_top/u_layer20/gen_conv.gen_pages[0].page0.u_pe_page/pe_col_inst[0].u_pe_col/pe_inst[0].u_pe_3/N3) has been disconnected.
I: Const net (pin RSTP of inst u_lprnet_top/u_layer20/gen_conv.gen_pages[0].page0.u_pe_page/pe_col_inst[0].u_pe_col/pe_inst[0].u_pe_3/N3) has been disconnected.
I: Const net (pin CEX1 of inst u_lprnet_top/u_layer20/gen_conv.gen_pages[0].page0.u_pe_page/pe_col_inst[0].u_pe_col/pe_inst[0].u_pe_4/N3) has been disconnected.
I: Const net (pin RSTX of inst u_lprnet_top/u_layer20/gen_conv.gen_pages[0].page0.u_pe_page/pe_col_inst[0].u_pe_col/pe_inst[0].u_pe_4/N3) has been disconnected.
I: Const net (pin CEY1 of inst u_lprnet_top/u_layer20/gen_conv.gen_pages[0].page0.u_pe_page/pe_col_inst[0].u_pe_col/pe_inst[0].u_pe_4/N3) has been disconnected.
I: Const net (pin RSTY of inst u_lprnet_top/u_layer20/gen_conv.gen_pages[0].page0.u_pe_page/pe_col_inst[0].u_pe_col/pe_inst[0].u_pe_4/N3) has been disconnected.
I: Const net (pin CEM of inst u_lprnet_top/u_layer20/gen_conv.gen_pages[0].page0.u_pe_page/pe_col_inst[0].u_pe_col/pe_inst[0].u_pe_4/N3) has been disconnected.
I: Const net (pin RSTM of inst u_lprnet_top/u_layer20/gen_conv.gen_pages[0].page0.u_pe_page/pe_col_inst[0].u_pe_col/pe_inst[0].u_pe_4/N3) has been disconnected.
I: Const net (pin CEP of inst u_lprnet_top/u_layer20/gen_conv.gen_pages[0].page0.u_pe_page/pe_col_inst[0].u_pe_col/pe_inst[0].u_pe_4/N3) has been disconnected.
I: Const net (pin RSTP of inst u_lprnet_top/u_layer20/gen_conv.gen_pages[0].page0.u_pe_page/pe_col_inst[0].u_pe_col/pe_inst[0].u_pe_4/N3) has been disconnected.
I: Const net (pin CEX1 of inst u_lprnet_top/u_layer20/gen_conv.gen_pages[0].page0.u_pe_page/pe_col_inst[0].u_pe_col/pe_inst[0].u_pe_5/N3) has been disconnected.
I: Const net (pin RSTX of inst u_lprnet_top/u_layer20/gen_conv.gen_pages[0].page0.u_pe_page/pe_col_inst[0].u_pe_col/pe_inst[0].u_pe_5/N3) has been disconnected.
I: Const net (pin CEY1 of inst u_lprnet_top/u_layer20/gen_conv.gen_pages[0].page0.u_pe_page/pe_col_inst[0].u_pe_col/pe_inst[0].u_pe_5/N3) has been disconnected.
I: Const net (pin RSTY of inst u_lprnet_top/u_layer20/gen_conv.gen_pages[0].page0.u_pe_page/pe_col_inst[0].u_pe_col/pe_inst[0].u_pe_5/N3) has been disconnected.
I: Const net (pin CEM of inst u_lprnet_top/u_layer20/gen_conv.gen_pages[0].page0.u_pe_page/pe_col_inst[0].u_pe_col/pe_inst[0].u_pe_5/N3) has been disconnected.
I: Const net (pin RSTM of inst u_lprnet_top/u_layer20/gen_conv.gen_pages[0].page0.u_pe_page/pe_col_inst[0].u_pe_col/pe_inst[0].u_pe_5/N3) has been disconnected.
I: Const net (pin CEP of inst u_lprnet_top/u_layer20/gen_conv.gen_pages[0].page0.u_pe_page/pe_col_inst[0].u_pe_col/pe_inst[0].u_pe_5/N3) has been disconnected.
I: Const net (pin RSTP of inst u_lprnet_top/u_layer20/gen_conv.gen_pages[0].page0.u_pe_page/pe_col_inst[0].u_pe_col/pe_inst[0].u_pe_5/N3) has been disconnected.
I: Const net (pin CEX1 of inst u_lprnet_top/u_layer20/gen_conv.gen_pages[0].page0.u_pe_page/pe_col_inst[0].u_pe_col/pe_inst[0].u_pe_6/N3) has been disconnected.
I: Const net (pin RSTX of inst u_lprnet_top/u_layer20/gen_conv.gen_pages[0].page0.u_pe_page/pe_col_inst[0].u_pe_col/pe_inst[0].u_pe_6/N3) has been disconnected.
I: Const net (pin CEY1 of inst u_lprnet_top/u_layer20/gen_conv.gen_pages[0].page0.u_pe_page/pe_col_inst[0].u_pe_col/pe_inst[0].u_pe_6/N3) has been disconnected.
I: Const net (pin RSTY of inst u_lprnet_top/u_layer20/gen_conv.gen_pages[0].page0.u_pe_page/pe_col_inst[0].u_pe_col/pe_inst[0].u_pe_6/N3) has been disconnected.
I: Const net (pin CEM of inst u_lprnet_top/u_layer20/gen_conv.gen_pages[0].page0.u_pe_page/pe_col_inst[0].u_pe_col/pe_inst[0].u_pe_6/N3) has been disconnected.
I: Const net (pin RSTM of inst u_lprnet_top/u_layer20/gen_conv.gen_pages[0].page0.u_pe_page/pe_col_inst[0].u_pe_col/pe_inst[0].u_pe_6/N3) has been disconnected.
I: Const net (pin CEP of inst u_lprnet_top/u_layer20/gen_conv.gen_pages[0].page0.u_pe_page/pe_col_inst[0].u_pe_col/pe_inst[0].u_pe_6/N3) has been disconnected.
I: Const net (pin RSTP of inst u_lprnet_top/u_layer20/gen_conv.gen_pages[0].page0.u_pe_page/pe_col_inst[0].u_pe_col/pe_inst[0].u_pe_6/N3) has been disconnected.
I: Const net (pin CEX1 of inst u_lprnet_top/u_layer20/gen_conv.gen_pages[0].page0.u_pe_page/pe_col_inst[0].u_pe_col/pe_inst[0].u_pe_7/N3) has been disconnected.
I: Const net (pin RSTX of inst u_lprnet_top/u_layer20/gen_conv.gen_pages[0].page0.u_pe_page/pe_col_inst[0].u_pe_col/pe_inst[0].u_pe_7/N3) has been disconnected.
I: Const net (pin CEY1 of inst u_lprnet_top/u_layer20/gen_conv.gen_pages[0].page0.u_pe_page/pe_col_inst[0].u_pe_col/pe_inst[0].u_pe_7/N3) has been disconnected.
I: Const net (pin RSTY of inst u_lprnet_top/u_layer20/gen_conv.gen_pages[0].page0.u_pe_page/pe_col_inst[0].u_pe_col/pe_inst[0].u_pe_7/N3) has been disconnected.
I: Const net (pin CEM of inst u_lprnet_top/u_layer20/gen_conv.gen_pages[0].page0.u_pe_page/pe_col_inst[0].u_pe_col/pe_inst[0].u_pe_7/N3) has been disconnected.
I: Const net (pin RSTM of inst u_lprnet_top/u_layer20/gen_conv.gen_pages[0].page0.u_pe_page/pe_col_inst[0].u_pe_col/pe_inst[0].u_pe_7/N3) has been disconnected.
I: Const net (pin CEP of inst u_lprnet_top/u_layer20/gen_conv.gen_pages[0].page0.u_pe_page/pe_col_inst[0].u_pe_col/pe_inst[0].u_pe_7/N3) has been disconnected.
I: Const net (pin RSTP of inst u_lprnet_top/u_layer20/gen_conv.gen_pages[0].page0.u_pe_page/pe_col_inst[0].u_pe_col/pe_inst[0].u_pe_7/N3) has been disconnected.
I: Const net (pin CEX1 of inst u_lprnet_top/u_layer20/gen_conv.gen_pages[0].page0.u_pe_page/pe_col_inst[0].u_pe_col/pe_inst[0].u_pe_8/N3) has been disconnected.
I: Const net (pin RSTX of inst u_lprnet_top/u_layer20/gen_conv.gen_pages[0].page0.u_pe_page/pe_col_inst[0].u_pe_col/pe_inst[0].u_pe_8/N3) has been disconnected.
I: Const net (pin CEY1 of inst u_lprnet_top/u_layer20/gen_conv.gen_pages[0].page0.u_pe_page/pe_col_inst[0].u_pe_col/pe_inst[0].u_pe_8/N3) has been disconnected.
I: Const net (pin RSTY of inst u_lprnet_top/u_layer20/gen_conv.gen_pages[0].page0.u_pe_page/pe_col_inst[0].u_pe_col/pe_inst[0].u_pe_8/N3) has been disconnected.
I: Const net (pin CEM of inst u_lprnet_top/u_layer20/gen_conv.gen_pages[0].page0.u_pe_page/pe_col_inst[0].u_pe_col/pe_inst[0].u_pe_8/N3) has been disconnected.
I: Const net (pin RSTM of inst u_lprnet_top/u_layer20/gen_conv.gen_pages[0].page0.u_pe_page/pe_col_inst[0].u_pe_col/pe_inst[0].u_pe_8/N3) has been disconnected.
I: Const net (pin CEP of inst u_lprnet_top/u_layer20/gen_conv.gen_pages[0].page0.u_pe_page/pe_col_inst[0].u_pe_col/pe_inst[0].u_pe_8/N3) has been disconnected.
I: Const net (pin RSTP of inst u_lprnet_top/u_layer20/gen_conv.gen_pages[0].page0.u_pe_page/pe_col_inst[0].u_pe_col/pe_inst[0].u_pe_8/N3) has been disconnected.
I: Const net (pin CEX1 of inst u_lprnet_top/u_layer20/gen_conv.gen_pages[1].page1.u_pe_page/pe_col_inst[0].u_pe_col/pe_inst[0].u_pe/N3) has been disconnected.
I: Const net (pin RSTX of inst u_lprnet_top/u_layer20/gen_conv.gen_pages[1].page1.u_pe_page/pe_col_inst[0].u_pe_col/pe_inst[0].u_pe/N3) has been disconnected.
I: Const net (pin CEY1 of inst u_lprnet_top/u_layer20/gen_conv.gen_pages[1].page1.u_pe_page/pe_col_inst[0].u_pe_col/pe_inst[0].u_pe/N3) has been disconnected.
I: Const net (pin RSTY of inst u_lprnet_top/u_layer20/gen_conv.gen_pages[1].page1.u_pe_page/pe_col_inst[0].u_pe_col/pe_inst[0].u_pe/N3) has been disconnected.
I: Const net (pin CEM of inst u_lprnet_top/u_layer20/gen_conv.gen_pages[1].page1.u_pe_page/pe_col_inst[0].u_pe_col/pe_inst[0].u_pe/N3) has been disconnected.
I: Const net (pin RSTM of inst u_lprnet_top/u_layer20/gen_conv.gen_pages[1].page1.u_pe_page/pe_col_inst[0].u_pe_col/pe_inst[0].u_pe/N3) has been disconnected.
I: Const net (pin CEP of inst u_lprnet_top/u_layer20/gen_conv.gen_pages[1].page1.u_pe_page/pe_col_inst[0].u_pe_col/pe_inst[0].u_pe/N3) has been disconnected.
I: Const net (pin RSTP of inst u_lprnet_top/u_layer20/gen_conv.gen_pages[1].page1.u_pe_page/pe_col_inst[0].u_pe_col/pe_inst[0].u_pe/N3) has been disconnected.
I: Const net (pin CEX1 of inst u_lprnet_top/u_layer20/gen_conv.gen_pages[1].page1.u_pe_page/pe_col_inst[0].u_pe_col/pe_inst[0].u_pe_1/N3) has been disconnected.
I: Const net (pin RSTX of inst u_lprnet_top/u_layer20/gen_conv.gen_pages[1].page1.u_pe_page/pe_col_inst[0].u_pe_col/pe_inst[0].u_pe_1/N3) has been disconnected.
I: Const net (pin CEY1 of inst u_lprnet_top/u_layer20/gen_conv.gen_pages[1].page1.u_pe_page/pe_col_inst[0].u_pe_col/pe_inst[0].u_pe_1/N3) has been disconnected.
I: Const net (pin RSTY of inst u_lprnet_top/u_layer20/gen_conv.gen_pages[1].page1.u_pe_page/pe_col_inst[0].u_pe_col/pe_inst[0].u_pe_1/N3) has been disconnected.
I: Const net (pin CEM of inst u_lprnet_top/u_layer20/gen_conv.gen_pages[1].page1.u_pe_page/pe_col_inst[0].u_pe_col/pe_inst[0].u_pe_1/N3) has been disconnected.
I: Const net (pin RSTM of inst u_lprnet_top/u_layer20/gen_conv.gen_pages[1].page1.u_pe_page/pe_col_inst[0].u_pe_col/pe_inst[0].u_pe_1/N3) has been disconnected.
I: Const net (pin CEP of inst u_lprnet_top/u_layer20/gen_conv.gen_pages[1].page1.u_pe_page/pe_col_inst[0].u_pe_col/pe_inst[0].u_pe_1/N3) has been disconnected.
I: Const net (pin RSTP of inst u_lprnet_top/u_layer20/gen_conv.gen_pages[1].page1.u_pe_page/pe_col_inst[0].u_pe_col/pe_inst[0].u_pe_1/N3) has been disconnected.
I: Const net (pin CEX1 of inst u_lprnet_top/u_layer20/gen_conv.gen_pages[1].page1.u_pe_page/pe_col_inst[0].u_pe_col/pe_inst[0].u_pe_2/N3) has been disconnected.
I: Const net (pin RSTX of inst u_lprnet_top/u_layer20/gen_conv.gen_pages[1].page1.u_pe_page/pe_col_inst[0].u_pe_col/pe_inst[0].u_pe_2/N3) has been disconnected.
I: Const net (pin CEY1 of inst u_lprnet_top/u_layer20/gen_conv.gen_pages[1].page1.u_pe_page/pe_col_inst[0].u_pe_col/pe_inst[0].u_pe_2/N3) has been disconnected.
I: Const net (pin RSTY of inst u_lprnet_top/u_layer20/gen_conv.gen_pages[1].page1.u_pe_page/pe_col_inst[0].u_pe_col/pe_inst[0].u_pe_2/N3) has been disconnected.
I: Const net (pin CEM of inst u_lprnet_top/u_layer20/gen_conv.gen_pages[1].page1.u_pe_page/pe_col_inst[0].u_pe_col/pe_inst[0].u_pe_2/N3) has been disconnected.
I: Const net (pin RSTM of inst u_lprnet_top/u_layer20/gen_conv.gen_pages[1].page1.u_pe_page/pe_col_inst[0].u_pe_col/pe_inst[0].u_pe_2/N3) has been disconnected.
I: Const net (pin CEP of inst u_lprnet_top/u_layer20/gen_conv.gen_pages[1].page1.u_pe_page/pe_col_inst[0].u_pe_col/pe_inst[0].u_pe_2/N3) has been disconnected.
I: Const net (pin RSTP of inst u_lprnet_top/u_layer20/gen_conv.gen_pages[1].page1.u_pe_page/pe_col_inst[0].u_pe_col/pe_inst[0].u_pe_2/N3) has been disconnected.
I: Const net (pin CEX1 of inst u_lprnet_top/u_layer20/gen_conv.gen_pages[1].page1.u_pe_page/pe_col_inst[0].u_pe_col/pe_inst[0].u_pe_3/N3) has been disconnected.
I: Const net (pin RSTX of inst u_lprnet_top/u_layer20/gen_conv.gen_pages[1].page1.u_pe_page/pe_col_inst[0].u_pe_col/pe_inst[0].u_pe_3/N3) has been disconnected.
I: Const net (pin CEY1 of inst u_lprnet_top/u_layer20/gen_conv.gen_pages[1].page1.u_pe_page/pe_col_inst[0].u_pe_col/pe_inst[0].u_pe_3/N3) has been disconnected.
I: Const net (pin RSTY of inst u_lprnet_top/u_layer20/gen_conv.gen_pages[1].page1.u_pe_page/pe_col_inst[0].u_pe_col/pe_inst[0].u_pe_3/N3) has been disconnected.
I: Const net (pin CEM of inst u_lprnet_top/u_layer20/gen_conv.gen_pages[1].page1.u_pe_page/pe_col_inst[0].u_pe_col/pe_inst[0].u_pe_3/N3) has been disconnected.
I: Const net (pin RSTM of inst u_lprnet_top/u_layer20/gen_conv.gen_pages[1].page1.u_pe_page/pe_col_inst[0].u_pe_col/pe_inst[0].u_pe_3/N3) has been disconnected.
I: Const net (pin CEX1 of inst u_lprnet_top/u_layer20/gen_conv.gen_pages[1].page1.u_pe_page/pe_col_inst[0].u_pe_col/pe_inst[0].u_pe_4/N3) has been disconnected.
I: Const net (pin RSTX of inst u_lprnet_top/u_layer20/gen_conv.gen_pages[1].page1.u_pe_page/pe_col_inst[0].u_pe_col/pe_inst[0].u_pe_4/N3) has been disconnected.
I: Const net (pin CEY1 of inst u_lprnet_top/u_layer20/gen_conv.gen_pages[1].page1.u_pe_page/pe_col_inst[0].u_pe_col/pe_inst[0].u_pe_4/N3) has been disconnected.
I: Const net (pin RSTY of inst u_lprnet_top/u_layer20/gen_conv.gen_pages[1].page1.u_pe_page/pe_col_inst[0].u_pe_col/pe_inst[0].u_pe_4/N3) has been disconnected.
I: Const net (pin CEM of inst u_lprnet_top/u_layer20/gen_conv.gen_pages[1].page1.u_pe_page/pe_col_inst[0].u_pe_col/pe_inst[0].u_pe_4/N3) has been disconnected.
I: Const net (pin RSTM of inst u_lprnet_top/u_layer20/gen_conv.gen_pages[1].page1.u_pe_page/pe_col_inst[0].u_pe_col/pe_inst[0].u_pe_4/N3) has been disconnected.
I: Const net (pin CEX1 of inst u_lprnet_top/u_layer20/gen_conv.gen_pages[1].page1.u_pe_page/pe_col_inst[0].u_pe_col/pe_inst[0].u_pe_5/N3) has been disconnected.
I: Const net (pin RSTX of inst u_lprnet_top/u_layer20/gen_conv.gen_pages[1].page1.u_pe_page/pe_col_inst[0].u_pe_col/pe_inst[0].u_pe_5/N3) has been disconnected.
I: Const net (pin CEY1 of inst u_lprnet_top/u_layer20/gen_conv.gen_pages[1].page1.u_pe_page/pe_col_inst[0].u_pe_col/pe_inst[0].u_pe_5/N3) has been disconnected.
I: Const net (pin RSTY of inst u_lprnet_top/u_layer20/gen_conv.gen_pages[1].page1.u_pe_page/pe_col_inst[0].u_pe_col/pe_inst[0].u_pe_5/N3) has been disconnected.
I: Const net (pin CEM of inst u_lprnet_top/u_layer20/gen_conv.gen_pages[1].page1.u_pe_page/pe_col_inst[0].u_pe_col/pe_inst[0].u_pe_5/N3) has been disconnected.
I: Const net (pin RSTM of inst u_lprnet_top/u_layer20/gen_conv.gen_pages[1].page1.u_pe_page/pe_col_inst[0].u_pe_col/pe_inst[0].u_pe_5/N3) has been disconnected.
I: Const net (pin CEX1 of inst u_lprnet_top/u_layer20/gen_conv.gen_pages[1].page1.u_pe_page/pe_col_inst[0].u_pe_col/pe_inst[0].u_pe_6/N3) has been disconnected.
I: Const net (pin RSTX of inst u_lprnet_top/u_layer20/gen_conv.gen_pages[1].page1.u_pe_page/pe_col_inst[0].u_pe_col/pe_inst[0].u_pe_6/N3) has been disconnected.
I: Const net (pin CEY1 of inst u_lprnet_top/u_layer20/gen_conv.gen_pages[1].page1.u_pe_page/pe_col_inst[0].u_pe_col/pe_inst[0].u_pe_6/N3) has been disconnected.
I: Const net (pin RSTY of inst u_lprnet_top/u_layer20/gen_conv.gen_pages[1].page1.u_pe_page/pe_col_inst[0].u_pe_col/pe_inst[0].u_pe_6/N3) has been disconnected.
I: Const net (pin CEZ of inst u_lprnet_top/u_layer20/gen_conv.gen_pages[1].page1.u_pe_page/pe_col_inst[0].u_pe_col/pe_inst[0].u_pe_6/N3) has been disconnected.
I: Const net (pin RSTZ of inst u_lprnet_top/u_layer20/gen_conv.gen_pages[1].page1.u_pe_page/pe_col_inst[0].u_pe_col/pe_inst[0].u_pe_6/N3) has been disconnected.
I: Const net (pin CEM of inst u_lprnet_top/u_layer20/gen_conv.gen_pages[1].page1.u_pe_page/pe_col_inst[0].u_pe_col/pe_inst[0].u_pe_6/N3) has been disconnected.
I: Const net (pin RSTM of inst u_lprnet_top/u_layer20/gen_conv.gen_pages[1].page1.u_pe_page/pe_col_inst[0].u_pe_col/pe_inst[0].u_pe_6/N3) has been disconnected.
I: Const net (pin CEP of inst u_lprnet_top/u_layer20/gen_conv.gen_pages[1].page1.u_pe_page/pe_col_inst[0].u_pe_col/pe_inst[0].u_pe_6/N3) has been disconnected.
I: Const net (pin RSTP of inst u_lprnet_top/u_layer20/gen_conv.gen_pages[1].page1.u_pe_page/pe_col_inst[0].u_pe_col/pe_inst[0].u_pe_6/N3) has been disconnected.
I: Const net (pin CEX1 of inst u_lprnet_top/u_layer20/gen_conv.gen_pages[1].page1.u_pe_page/pe_col_inst[0].u_pe_col/pe_inst[0].u_pe_7/N3) has been disconnected.
I: Const net (pin RSTX of inst u_lprnet_top/u_layer20/gen_conv.gen_pages[1].page1.u_pe_page/pe_col_inst[0].u_pe_col/pe_inst[0].u_pe_7/N3) has been disconnected.
I: Const net (pin CEY1 of inst u_lprnet_top/u_layer20/gen_conv.gen_pages[1].page1.u_pe_page/pe_col_inst[0].u_pe_col/pe_inst[0].u_pe_7/N3) has been disconnected.
I: Const net (pin RSTY of inst u_lprnet_top/u_layer20/gen_conv.gen_pages[1].page1.u_pe_page/pe_col_inst[0].u_pe_col/pe_inst[0].u_pe_7/N3) has been disconnected.
I: Const net (pin CEM of inst u_lprnet_top/u_layer20/gen_conv.gen_pages[1].page1.u_pe_page/pe_col_inst[0].u_pe_col/pe_inst[0].u_pe_7/N3) has been disconnected.
I: Const net (pin RSTM of inst u_lprnet_top/u_layer20/gen_conv.gen_pages[1].page1.u_pe_page/pe_col_inst[0].u_pe_col/pe_inst[0].u_pe_7/N3) has been disconnected.
I: Const net (pin CEP of inst u_lprnet_top/u_layer20/gen_conv.gen_pages[1].page1.u_pe_page/pe_col_inst[0].u_pe_col/pe_inst[0].u_pe_7/N3) has been disconnected.
I: Const net (pin RSTP of inst u_lprnet_top/u_layer20/gen_conv.gen_pages[1].page1.u_pe_page/pe_col_inst[0].u_pe_col/pe_inst[0].u_pe_7/N3) has been disconnected.
I: Const net (pin CEX1 of inst u_lprnet_top/u_layer20/gen_conv.gen_pages[1].page1.u_pe_page/pe_col_inst[0].u_pe_col/pe_inst[0].u_pe_8/N3) has been disconnected.
I: Const net (pin RSTX of inst u_lprnet_top/u_layer20/gen_conv.gen_pages[1].page1.u_pe_page/pe_col_inst[0].u_pe_col/pe_inst[0].u_pe_8/N3) has been disconnected.
I: Const net (pin CEY1 of inst u_lprnet_top/u_layer20/gen_conv.gen_pages[1].page1.u_pe_page/pe_col_inst[0].u_pe_col/pe_inst[0].u_pe_8/N3) has been disconnected.
I: Const net (pin RSTY of inst u_lprnet_top/u_layer20/gen_conv.gen_pages[1].page1.u_pe_page/pe_col_inst[0].u_pe_col/pe_inst[0].u_pe_8/N3) has been disconnected.
I: Const net (pin CEM of inst u_lprnet_top/u_layer20/gen_conv.gen_pages[1].page1.u_pe_page/pe_col_inst[0].u_pe_col/pe_inst[0].u_pe_8/N3) has been disconnected.
I: Const net (pin RSTM of inst u_lprnet_top/u_layer20/gen_conv.gen_pages[1].page1.u_pe_page/pe_col_inst[0].u_pe_col/pe_inst[0].u_pe_8/N3) has been disconnected.
I: Const net (pin CEP of inst u_lprnet_top/u_layer20/gen_conv.gen_pages[1].page1.u_pe_page/pe_col_inst[0].u_pe_col/pe_inst[0].u_pe_8/N3) has been disconnected.
I: Const net (pin RSTP of inst u_lprnet_top/u_layer20/gen_conv.gen_pages[1].page1.u_pe_page/pe_col_inst[0].u_pe_col/pe_inst[0].u_pe_8/N3) has been disconnected.
I: Const net (pin CEX1 of inst u_lprnet_top/u_layer20/gen_conv.gen_pages[2].page2.u_pe_page/pe_col_inst[0].u_pe_col/pe_inst[0].u_pe/N3) has been disconnected.
I: Const net (pin RSTX of inst u_lprnet_top/u_layer20/gen_conv.gen_pages[2].page2.u_pe_page/pe_col_inst[0].u_pe_col/pe_inst[0].u_pe/N3) has been disconnected.
I: Const net (pin CEY1 of inst u_lprnet_top/u_layer20/gen_conv.gen_pages[2].page2.u_pe_page/pe_col_inst[0].u_pe_col/pe_inst[0].u_pe/N3) has been disconnected.
I: Const net (pin RSTY of inst u_lprnet_top/u_layer20/gen_conv.gen_pages[2].page2.u_pe_page/pe_col_inst[0].u_pe_col/pe_inst[0].u_pe/N3) has been disconnected.
I: Const net (pin CEM of inst u_lprnet_top/u_layer20/gen_conv.gen_pages[2].page2.u_pe_page/pe_col_inst[0].u_pe_col/pe_inst[0].u_pe/N3) has been disconnected.
I: Const net (pin RSTM of inst u_lprnet_top/u_layer20/gen_conv.gen_pages[2].page2.u_pe_page/pe_col_inst[0].u_pe_col/pe_inst[0].u_pe/N3) has been disconnected.
I: Const net (pin CEP of inst u_lprnet_top/u_layer20/gen_conv.gen_pages[2].page2.u_pe_page/pe_col_inst[0].u_pe_col/pe_inst[0].u_pe/N3) has been disconnected.
I: Const net (pin RSTP of inst u_lprnet_top/u_layer20/gen_conv.gen_pages[2].page2.u_pe_page/pe_col_inst[0].u_pe_col/pe_inst[0].u_pe/N3) has been disconnected.
I: Const net (pin CEX1 of inst u_lprnet_top/u_layer20/gen_conv.gen_pages[2].page2.u_pe_page/pe_col_inst[0].u_pe_col/pe_inst[0].u_pe_1/N3) has been disconnected.
I: Const net (pin RSTX of inst u_lprnet_top/u_layer20/gen_conv.gen_pages[2].page2.u_pe_page/pe_col_inst[0].u_pe_col/pe_inst[0].u_pe_1/N3) has been disconnected.
I: Const net (pin CEY1 of inst u_lprnet_top/u_layer20/gen_conv.gen_pages[2].page2.u_pe_page/pe_col_inst[0].u_pe_col/pe_inst[0].u_pe_1/N3) has been disconnected.
I: Const net (pin RSTY of inst u_lprnet_top/u_layer20/gen_conv.gen_pages[2].page2.u_pe_page/pe_col_inst[0].u_pe_col/pe_inst[0].u_pe_1/N3) has been disconnected.
I: Const net (pin CEM of inst u_lprnet_top/u_layer20/gen_conv.gen_pages[2].page2.u_pe_page/pe_col_inst[0].u_pe_col/pe_inst[0].u_pe_1/N3) has been disconnected.
I: Const net (pin RSTM of inst u_lprnet_top/u_layer20/gen_conv.gen_pages[2].page2.u_pe_page/pe_col_inst[0].u_pe_col/pe_inst[0].u_pe_1/N3) has been disconnected.
I: Const net (pin CEP of inst u_lprnet_top/u_layer20/gen_conv.gen_pages[2].page2.u_pe_page/pe_col_inst[0].u_pe_col/pe_inst[0].u_pe_1/N3) has been disconnected.
I: Const net (pin RSTP of inst u_lprnet_top/u_layer20/gen_conv.gen_pages[2].page2.u_pe_page/pe_col_inst[0].u_pe_col/pe_inst[0].u_pe_1/N3) has been disconnected.
I: Const net (pin CEX1 of inst u_lprnet_top/u_layer20/gen_conv.gen_pages[2].page2.u_pe_page/pe_col_inst[0].u_pe_col/pe_inst[0].u_pe_2/N3) has been disconnected.
I: Const net (pin RSTX of inst u_lprnet_top/u_layer20/gen_conv.gen_pages[2].page2.u_pe_page/pe_col_inst[0].u_pe_col/pe_inst[0].u_pe_2/N3) has been disconnected.
I: Const net (pin CEY1 of inst u_lprnet_top/u_layer20/gen_conv.gen_pages[2].page2.u_pe_page/pe_col_inst[0].u_pe_col/pe_inst[0].u_pe_2/N3) has been disconnected.
I: Const net (pin RSTY of inst u_lprnet_top/u_layer20/gen_conv.gen_pages[2].page2.u_pe_page/pe_col_inst[0].u_pe_col/pe_inst[0].u_pe_2/N3) has been disconnected.
I: Const net (pin CEM of inst u_lprnet_top/u_layer20/gen_conv.gen_pages[2].page2.u_pe_page/pe_col_inst[0].u_pe_col/pe_inst[0].u_pe_2/N3) has been disconnected.
I: Const net (pin RSTM of inst u_lprnet_top/u_layer20/gen_conv.gen_pages[2].page2.u_pe_page/pe_col_inst[0].u_pe_col/pe_inst[0].u_pe_2/N3) has been disconnected.
I: Const net (pin CEP of inst u_lprnet_top/u_layer20/gen_conv.gen_pages[2].page2.u_pe_page/pe_col_inst[0].u_pe_col/pe_inst[0].u_pe_2/N3) has been disconnected.
I: Const net (pin RSTP of inst u_lprnet_top/u_layer20/gen_conv.gen_pages[2].page2.u_pe_page/pe_col_inst[0].u_pe_col/pe_inst[0].u_pe_2/N3) has been disconnected.
I: Const net (pin CEX1 of inst u_lprnet_top/u_layer20/gen_conv.gen_pages[2].page2.u_pe_page/pe_col_inst[0].u_pe_col/pe_inst[0].u_pe_3/N3) has been disconnected.
I: Const net (pin RSTX of inst u_lprnet_top/u_layer20/gen_conv.gen_pages[2].page2.u_pe_page/pe_col_inst[0].u_pe_col/pe_inst[0].u_pe_3/N3) has been disconnected.
I: Const net (pin CEY1 of inst u_lprnet_top/u_layer20/gen_conv.gen_pages[2].page2.u_pe_page/pe_col_inst[0].u_pe_col/pe_inst[0].u_pe_3/N3) has been disconnected.
I: Const net (pin RSTY of inst u_lprnet_top/u_layer20/gen_conv.gen_pages[2].page2.u_pe_page/pe_col_inst[0].u_pe_col/pe_inst[0].u_pe_3/N3) has been disconnected.
I: Const net (pin CEM of inst u_lprnet_top/u_layer20/gen_conv.gen_pages[2].page2.u_pe_page/pe_col_inst[0].u_pe_col/pe_inst[0].u_pe_3/N3) has been disconnected.
I: Const net (pin RSTM of inst u_lprnet_top/u_layer20/gen_conv.gen_pages[2].page2.u_pe_page/pe_col_inst[0].u_pe_col/pe_inst[0].u_pe_3/N3) has been disconnected.
I: Const net (pin CEP of inst u_lprnet_top/u_layer20/gen_conv.gen_pages[2].page2.u_pe_page/pe_col_inst[0].u_pe_col/pe_inst[0].u_pe_3/N3) has been disconnected.
I: Const net (pin RSTP of inst u_lprnet_top/u_layer20/gen_conv.gen_pages[2].page2.u_pe_page/pe_col_inst[0].u_pe_col/pe_inst[0].u_pe_3/N3) has been disconnected.
I: Const net (pin CEX1 of inst u_lprnet_top/u_layer20/gen_conv.gen_pages[2].page2.u_pe_page/pe_col_inst[0].u_pe_col/pe_inst[0].u_pe_4/N3) has been disconnected.
I: Const net (pin RSTX of inst u_lprnet_top/u_layer20/gen_conv.gen_pages[2].page2.u_pe_page/pe_col_inst[0].u_pe_col/pe_inst[0].u_pe_4/N3) has been disconnected.
I: Const net (pin CEY1 of inst u_lprnet_top/u_layer20/gen_conv.gen_pages[2].page2.u_pe_page/pe_col_inst[0].u_pe_col/pe_inst[0].u_pe_4/N3) has been disconnected.
I: Const net (pin RSTY of inst u_lprnet_top/u_layer20/gen_conv.gen_pages[2].page2.u_pe_page/pe_col_inst[0].u_pe_col/pe_inst[0].u_pe_4/N3) has been disconnected.
I: Const net (pin CEM of inst u_lprnet_top/u_layer20/gen_conv.gen_pages[2].page2.u_pe_page/pe_col_inst[0].u_pe_col/pe_inst[0].u_pe_4/N3) has been disconnected.
I: Const net (pin RSTM of inst u_lprnet_top/u_layer20/gen_conv.gen_pages[2].page2.u_pe_page/pe_col_inst[0].u_pe_col/pe_inst[0].u_pe_4/N3) has been disconnected.
I: Const net (pin CEP of inst u_lprnet_top/u_layer20/gen_conv.gen_pages[2].page2.u_pe_page/pe_col_inst[0].u_pe_col/pe_inst[0].u_pe_4/N3) has been disconnected.
I: Const net (pin RSTP of inst u_lprnet_top/u_layer20/gen_conv.gen_pages[2].page2.u_pe_page/pe_col_inst[0].u_pe_col/pe_inst[0].u_pe_4/N3) has been disconnected.
I: Const net (pin CEX1 of inst u_lprnet_top/u_layer20/gen_conv.gen_pages[2].page2.u_pe_page/pe_col_inst[0].u_pe_col/pe_inst[0].u_pe_5/N3) has been disconnected.
I: Const net (pin RSTX of inst u_lprnet_top/u_layer20/gen_conv.gen_pages[2].page2.u_pe_page/pe_col_inst[0].u_pe_col/pe_inst[0].u_pe_5/N3) has been disconnected.
I: Const net (pin CEY1 of inst u_lprnet_top/u_layer20/gen_conv.gen_pages[2].page2.u_pe_page/pe_col_inst[0].u_pe_col/pe_inst[0].u_pe_5/N3) has been disconnected.
I: Const net (pin RSTY of inst u_lprnet_top/u_layer20/gen_conv.gen_pages[2].page2.u_pe_page/pe_col_inst[0].u_pe_col/pe_inst[0].u_pe_5/N3) has been disconnected.
I: Const net (pin CEM of inst u_lprnet_top/u_layer20/gen_conv.gen_pages[2].page2.u_pe_page/pe_col_inst[0].u_pe_col/pe_inst[0].u_pe_5/N3) has been disconnected.
I: Const net (pin RSTM of inst u_lprnet_top/u_layer20/gen_conv.gen_pages[2].page2.u_pe_page/pe_col_inst[0].u_pe_col/pe_inst[0].u_pe_5/N3) has been disconnected.
I: Const net (pin CEP of inst u_lprnet_top/u_layer20/gen_conv.gen_pages[2].page2.u_pe_page/pe_col_inst[0].u_pe_col/pe_inst[0].u_pe_5/N3) has been disconnected.
I: Const net (pin RSTP of inst u_lprnet_top/u_layer20/gen_conv.gen_pages[2].page2.u_pe_page/pe_col_inst[0].u_pe_col/pe_inst[0].u_pe_5/N3) has been disconnected.
I: Const net (pin CEX1 of inst u_lprnet_top/u_layer20/gen_conv.gen_pages[2].page2.u_pe_page/pe_col_inst[0].u_pe_col/pe_inst[0].u_pe_6/N3) has been disconnected.
I: Const net (pin RSTX of inst u_lprnet_top/u_layer20/gen_conv.gen_pages[2].page2.u_pe_page/pe_col_inst[0].u_pe_col/pe_inst[0].u_pe_6/N3) has been disconnected.
I: Const net (pin CEY1 of inst u_lprnet_top/u_layer20/gen_conv.gen_pages[2].page2.u_pe_page/pe_col_inst[0].u_pe_col/pe_inst[0].u_pe_6/N3) has been disconnected.
I: Const net (pin RSTY of inst u_lprnet_top/u_layer20/gen_conv.gen_pages[2].page2.u_pe_page/pe_col_inst[0].u_pe_col/pe_inst[0].u_pe_6/N3) has been disconnected.
I: Const net (pin CEM of inst u_lprnet_top/u_layer20/gen_conv.gen_pages[2].page2.u_pe_page/pe_col_inst[0].u_pe_col/pe_inst[0].u_pe_6/N3) has been disconnected.
I: Const net (pin RSTM of inst u_lprnet_top/u_layer20/gen_conv.gen_pages[2].page2.u_pe_page/pe_col_inst[0].u_pe_col/pe_inst[0].u_pe_6/N3) has been disconnected.
I: Const net (pin CEP of inst u_lprnet_top/u_layer20/gen_conv.gen_pages[2].page2.u_pe_page/pe_col_inst[0].u_pe_col/pe_inst[0].u_pe_6/N3) has been disconnected.
I: Const net (pin RSTP of inst u_lprnet_top/u_layer20/gen_conv.gen_pages[2].page2.u_pe_page/pe_col_inst[0].u_pe_col/pe_inst[0].u_pe_6/N3) has been disconnected.
I: Const net (pin CEX1 of inst u_lprnet_top/u_layer20/gen_conv.gen_pages[2].page2.u_pe_page/pe_col_inst[0].u_pe_col/pe_inst[0].u_pe_7/N3) has been disconnected.
I: Const net (pin RSTX of inst u_lprnet_top/u_layer20/gen_conv.gen_pages[2].page2.u_pe_page/pe_col_inst[0].u_pe_col/pe_inst[0].u_pe_7/N3) has been disconnected.
I: Const net (pin CEY1 of inst u_lprnet_top/u_layer20/gen_conv.gen_pages[2].page2.u_pe_page/pe_col_inst[0].u_pe_col/pe_inst[0].u_pe_7/N3) has been disconnected.
I: Const net (pin RSTY of inst u_lprnet_top/u_layer20/gen_conv.gen_pages[2].page2.u_pe_page/pe_col_inst[0].u_pe_col/pe_inst[0].u_pe_7/N3) has been disconnected.
I: Const net (pin CEM of inst u_lprnet_top/u_layer20/gen_conv.gen_pages[2].page2.u_pe_page/pe_col_inst[0].u_pe_col/pe_inst[0].u_pe_7/N3) has been disconnected.
I: Const net (pin RSTM of inst u_lprnet_top/u_layer20/gen_conv.gen_pages[2].page2.u_pe_page/pe_col_inst[0].u_pe_col/pe_inst[0].u_pe_7/N3) has been disconnected.
I: Const net (pin CEP of inst u_lprnet_top/u_layer20/gen_conv.gen_pages[2].page2.u_pe_page/pe_col_inst[0].u_pe_col/pe_inst[0].u_pe_7/N3) has been disconnected.
I: Const net (pin RSTP of inst u_lprnet_top/u_layer20/gen_conv.gen_pages[2].page2.u_pe_page/pe_col_inst[0].u_pe_col/pe_inst[0].u_pe_7/N3) has been disconnected.
I: Const net (pin CEX1 of inst u_lprnet_top/u_layer20/gen_conv.gen_pages[2].page2.u_pe_page/pe_col_inst[0].u_pe_col/pe_inst[0].u_pe_8/N3) has been disconnected.
I: Const net (pin RSTX of inst u_lprnet_top/u_layer20/gen_conv.gen_pages[2].page2.u_pe_page/pe_col_inst[0].u_pe_col/pe_inst[0].u_pe_8/N3) has been disconnected.
I: Const net (pin CEY1 of inst u_lprnet_top/u_layer20/gen_conv.gen_pages[2].page2.u_pe_page/pe_col_inst[0].u_pe_col/pe_inst[0].u_pe_8/N3) has been disconnected.
I: Const net (pin RSTY of inst u_lprnet_top/u_layer20/gen_conv.gen_pages[2].page2.u_pe_page/pe_col_inst[0].u_pe_col/pe_inst[0].u_pe_8/N3) has been disconnected.
I: Const net (pin CEM of inst u_lprnet_top/u_layer20/gen_conv.gen_pages[2].page2.u_pe_page/pe_col_inst[0].u_pe_col/pe_inst[0].u_pe_8/N3) has been disconnected.
I: Const net (pin RSTM of inst u_lprnet_top/u_layer20/gen_conv.gen_pages[2].page2.u_pe_page/pe_col_inst[0].u_pe_col/pe_inst[0].u_pe_8/N3) has been disconnected.
I: Const net (pin CEP of inst u_lprnet_top/u_layer20/gen_conv.gen_pages[2].page2.u_pe_page/pe_col_inst[0].u_pe_col/pe_inst[0].u_pe_8/N3) has been disconnected.
I: Const net (pin RSTP of inst u_lprnet_top/u_layer20/gen_conv.gen_pages[2].page2.u_pe_page/pe_col_inst[0].u_pe_col/pe_inst[0].u_pe_8/N3) has been disconnected.
I: Const net (pin CEX1 of inst u_lprnet_top/u_layer21/gen_conv.gen_pages[0].page0.u_pe_page/pe_col_inst[0].u_pe_col/pe_inst[0].u_pe/N3) has been disconnected.
I: Const net (pin RSTX of inst u_lprnet_top/u_layer21/gen_conv.gen_pages[0].page0.u_pe_page/pe_col_inst[0].u_pe_col/pe_inst[0].u_pe/N3) has been disconnected.
I: Const net (pin CEY1 of inst u_lprnet_top/u_layer21/gen_conv.gen_pages[0].page0.u_pe_page/pe_col_inst[0].u_pe_col/pe_inst[0].u_pe/N3) has been disconnected.
I: Const net (pin RSTY of inst u_lprnet_top/u_layer21/gen_conv.gen_pages[0].page0.u_pe_page/pe_col_inst[0].u_pe_col/pe_inst[0].u_pe/N3) has been disconnected.
I: Const net (pin CEM of inst u_lprnet_top/u_layer21/gen_conv.gen_pages[0].page0.u_pe_page/pe_col_inst[0].u_pe_col/pe_inst[0].u_pe/N3) has been disconnected.
I: Const net (pin RSTM of inst u_lprnet_top/u_layer21/gen_conv.gen_pages[0].page0.u_pe_page/pe_col_inst[0].u_pe_col/pe_inst[0].u_pe/N3) has been disconnected.
I: Const net (pin CEX1 of inst u_lprnet_top/u_layer21/gen_conv.gen_pages[0].page0.u_pe_page/pe_col_inst[0].u_pe_col/pe_inst[0].u_pe_1/N3) has been disconnected.
I: Const net (pin RSTX of inst u_lprnet_top/u_layer21/gen_conv.gen_pages[0].page0.u_pe_page/pe_col_inst[0].u_pe_col/pe_inst[0].u_pe_1/N3) has been disconnected.
I: Const net (pin CEY1 of inst u_lprnet_top/u_layer21/gen_conv.gen_pages[0].page0.u_pe_page/pe_col_inst[0].u_pe_col/pe_inst[0].u_pe_1/N3) has been disconnected.
I: Const net (pin RSTY of inst u_lprnet_top/u_layer21/gen_conv.gen_pages[0].page0.u_pe_page/pe_col_inst[0].u_pe_col/pe_inst[0].u_pe_1/N3) has been disconnected.
I: Const net (pin CEM of inst u_lprnet_top/u_layer21/gen_conv.gen_pages[0].page0.u_pe_page/pe_col_inst[0].u_pe_col/pe_inst[0].u_pe_1/N3) has been disconnected.
I: Const net (pin RSTM of inst u_lprnet_top/u_layer21/gen_conv.gen_pages[0].page0.u_pe_page/pe_col_inst[0].u_pe_col/pe_inst[0].u_pe_1/N3) has been disconnected.
I: Const net (pin CEX1 of inst u_lprnet_top/u_layer21/gen_conv.gen_pages[0].page0.u_pe_page/pe_col_inst[0].u_pe_col/pe_inst[0].u_pe_2/N3) has been disconnected.
I: Const net (pin RSTX of inst u_lprnet_top/u_layer21/gen_conv.gen_pages[0].page0.u_pe_page/pe_col_inst[0].u_pe_col/pe_inst[0].u_pe_2/N3) has been disconnected.
I: Const net (pin CEY1 of inst u_lprnet_top/u_layer21/gen_conv.gen_pages[0].page0.u_pe_page/pe_col_inst[0].u_pe_col/pe_inst[0].u_pe_2/N3) has been disconnected.
I: Const net (pin RSTY of inst u_lprnet_top/u_layer21/gen_conv.gen_pages[0].page0.u_pe_page/pe_col_inst[0].u_pe_col/pe_inst[0].u_pe_2/N3) has been disconnected.
I: Const net (pin CEM of inst u_lprnet_top/u_layer21/gen_conv.gen_pages[0].page0.u_pe_page/pe_col_inst[0].u_pe_col/pe_inst[0].u_pe_2/N3) has been disconnected.
I: Const net (pin RSTM of inst u_lprnet_top/u_layer21/gen_conv.gen_pages[0].page0.u_pe_page/pe_col_inst[0].u_pe_col/pe_inst[0].u_pe_2/N3) has been disconnected.
I: Const net (pin CEX1 of inst u_lprnet_top/u_layer21/gen_conv.gen_pages[0].page0.u_pe_page/pe_col_inst[0].u_pe_col/pe_inst[0].u_pe_3/N3) has been disconnected.
I: Const net (pin RSTX of inst u_lprnet_top/u_layer21/gen_conv.gen_pages[0].page0.u_pe_page/pe_col_inst[0].u_pe_col/pe_inst[0].u_pe_3/N3) has been disconnected.
I: Const net (pin CEY1 of inst u_lprnet_top/u_layer21/gen_conv.gen_pages[0].page0.u_pe_page/pe_col_inst[0].u_pe_col/pe_inst[0].u_pe_3/N3) has been disconnected.
I: Const net (pin RSTY of inst u_lprnet_top/u_layer21/gen_conv.gen_pages[0].page0.u_pe_page/pe_col_inst[0].u_pe_col/pe_inst[0].u_pe_3/N3) has been disconnected.
I: Const net (pin CEM of inst u_lprnet_top/u_layer21/gen_conv.gen_pages[0].page0.u_pe_page/pe_col_inst[0].u_pe_col/pe_inst[0].u_pe_3/N3) has been disconnected.
I: Const net (pin RSTM of inst u_lprnet_top/u_layer21/gen_conv.gen_pages[0].page0.u_pe_page/pe_col_inst[0].u_pe_col/pe_inst[0].u_pe_3/N3) has been disconnected.
I: Const net (pin CEX1 of inst u_lprnet_top/u_layer21/gen_conv.gen_pages[0].page0.u_pe_page/pe_col_inst[0].u_pe_col/pe_inst[0].u_pe_4/N3) has been disconnected.
I: Const net (pin RSTX of inst u_lprnet_top/u_layer21/gen_conv.gen_pages[0].page0.u_pe_page/pe_col_inst[0].u_pe_col/pe_inst[0].u_pe_4/N3) has been disconnected.
I: Const net (pin CEY1 of inst u_lprnet_top/u_layer21/gen_conv.gen_pages[0].page0.u_pe_page/pe_col_inst[0].u_pe_col/pe_inst[0].u_pe_4/N3) has been disconnected.
I: Const net (pin RSTY of inst u_lprnet_top/u_layer21/gen_conv.gen_pages[0].page0.u_pe_page/pe_col_inst[0].u_pe_col/pe_inst[0].u_pe_4/N3) has been disconnected.
I: Const net (pin CEM of inst u_lprnet_top/u_layer21/gen_conv.gen_pages[0].page0.u_pe_page/pe_col_inst[0].u_pe_col/pe_inst[0].u_pe_4/N3) has been disconnected.
I: Const net (pin RSTM of inst u_lprnet_top/u_layer21/gen_conv.gen_pages[0].page0.u_pe_page/pe_col_inst[0].u_pe_col/pe_inst[0].u_pe_4/N3) has been disconnected.
I: Const net (pin CEX1 of inst u_lprnet_top/u_layer21/gen_conv.gen_pages[0].page0.u_pe_page/pe_col_inst[0].u_pe_col/pe_inst[0].u_pe_5/N3) has been disconnected.
I: Const net (pin RSTX of inst u_lprnet_top/u_layer21/gen_conv.gen_pages[0].page0.u_pe_page/pe_col_inst[0].u_pe_col/pe_inst[0].u_pe_5/N3) has been disconnected.
I: Const net (pin CEY1 of inst u_lprnet_top/u_layer21/gen_conv.gen_pages[0].page0.u_pe_page/pe_col_inst[0].u_pe_col/pe_inst[0].u_pe_5/N3) has been disconnected.
I: Const net (pin RSTY of inst u_lprnet_top/u_layer21/gen_conv.gen_pages[0].page0.u_pe_page/pe_col_inst[0].u_pe_col/pe_inst[0].u_pe_5/N3) has been disconnected.
I: Const net (pin CEM of inst u_lprnet_top/u_layer21/gen_conv.gen_pages[0].page0.u_pe_page/pe_col_inst[0].u_pe_col/pe_inst[0].u_pe_5/N3) has been disconnected.
I: Const net (pin RSTM of inst u_lprnet_top/u_layer21/gen_conv.gen_pages[0].page0.u_pe_page/pe_col_inst[0].u_pe_col/pe_inst[0].u_pe_5/N3) has been disconnected.
I: Const net (pin CEX1 of inst u_lprnet_top/u_layer21/gen_conv.gen_pages[0].page0.u_pe_page/pe_col_inst[0].u_pe_col/pe_inst[0].u_pe_6/N3) has been disconnected.
I: Const net (pin RSTX of inst u_lprnet_top/u_layer21/gen_conv.gen_pages[0].page0.u_pe_page/pe_col_inst[0].u_pe_col/pe_inst[0].u_pe_6/N3) has been disconnected.
I: Const net (pin CEY1 of inst u_lprnet_top/u_layer21/gen_conv.gen_pages[0].page0.u_pe_page/pe_col_inst[0].u_pe_col/pe_inst[0].u_pe_6/N3) has been disconnected.
I: Const net (pin RSTY of inst u_lprnet_top/u_layer21/gen_conv.gen_pages[0].page0.u_pe_page/pe_col_inst[0].u_pe_col/pe_inst[0].u_pe_6/N3) has been disconnected.
I: Const net (pin CEM of inst u_lprnet_top/u_layer21/gen_conv.gen_pages[0].page0.u_pe_page/pe_col_inst[0].u_pe_col/pe_inst[0].u_pe_6/N3) has been disconnected.
I: Const net (pin RSTM of inst u_lprnet_top/u_layer21/gen_conv.gen_pages[0].page0.u_pe_page/pe_col_inst[0].u_pe_col/pe_inst[0].u_pe_6/N3) has been disconnected.
I: Const net (pin CEX1 of inst u_lprnet_top/u_layer21/gen_conv.gen_pages[0].page0.u_pe_page/pe_col_inst[0].u_pe_col/pe_inst[0].u_pe_7/N3) has been disconnected.
I: Const net (pin RSTX of inst u_lprnet_top/u_layer21/gen_conv.gen_pages[0].page0.u_pe_page/pe_col_inst[0].u_pe_col/pe_inst[0].u_pe_7/N3) has been disconnected.
I: Const net (pin CEY1 of inst u_lprnet_top/u_layer21/gen_conv.gen_pages[0].page0.u_pe_page/pe_col_inst[0].u_pe_col/pe_inst[0].u_pe_7/N3) has been disconnected.
I: Const net (pin RSTY of inst u_lprnet_top/u_layer21/gen_conv.gen_pages[0].page0.u_pe_page/pe_col_inst[0].u_pe_col/pe_inst[0].u_pe_7/N3) has been disconnected.
I: Const net (pin CEM of inst u_lprnet_top/u_layer21/gen_conv.gen_pages[0].page0.u_pe_page/pe_col_inst[0].u_pe_col/pe_inst[0].u_pe_7/N3) has been disconnected.
I: Const net (pin RSTM of inst u_lprnet_top/u_layer21/gen_conv.gen_pages[0].page0.u_pe_page/pe_col_inst[0].u_pe_col/pe_inst[0].u_pe_7/N3) has been disconnected.
I: Const net (pin CEX1 of inst u_lprnet_top/u_layer21/gen_conv.gen_pages[0].page0.u_pe_page/pe_col_inst[0].u_pe_col/pe_inst[0].u_pe_8/N3) has been disconnected.
I: Const net (pin RSTX of inst u_lprnet_top/u_layer21/gen_conv.gen_pages[0].page0.u_pe_page/pe_col_inst[0].u_pe_col/pe_inst[0].u_pe_8/N3) has been disconnected.
I: Const net (pin CEY1 of inst u_lprnet_top/u_layer21/gen_conv.gen_pages[0].page0.u_pe_page/pe_col_inst[0].u_pe_col/pe_inst[0].u_pe_8/N3) has been disconnected.
I: Const net (pin RSTY of inst u_lprnet_top/u_layer21/gen_conv.gen_pages[0].page0.u_pe_page/pe_col_inst[0].u_pe_col/pe_inst[0].u_pe_8/N3) has been disconnected.
I: Const net (pin CEM of inst u_lprnet_top/u_layer21/gen_conv.gen_pages[0].page0.u_pe_page/pe_col_inst[0].u_pe_col/pe_inst[0].u_pe_8/N3) has been disconnected.
I: Const net (pin RSTM of inst u_lprnet_top/u_layer21/gen_conv.gen_pages[0].page0.u_pe_page/pe_col_inst[0].u_pe_col/pe_inst[0].u_pe_8/N3) has been disconnected.
I: Const net (pin CEX1 of inst u_lprnet_top/u_layer21/gen_conv.gen_pages[0].page0.u_pe_page/pe_col_inst[1].u_pe_col/pe_inst[0].u_pe/N3) has been disconnected.
I: Const net (pin RSTX of inst u_lprnet_top/u_layer21/gen_conv.gen_pages[0].page0.u_pe_page/pe_col_inst[1].u_pe_col/pe_inst[0].u_pe/N3) has been disconnected.
I: Const net (pin CEY1 of inst u_lprnet_top/u_layer21/gen_conv.gen_pages[0].page0.u_pe_page/pe_col_inst[1].u_pe_col/pe_inst[0].u_pe/N3) has been disconnected.
I: Const net (pin RSTY of inst u_lprnet_top/u_layer21/gen_conv.gen_pages[0].page0.u_pe_page/pe_col_inst[1].u_pe_col/pe_inst[0].u_pe/N3) has been disconnected.
I: Const net (pin CEM of inst u_lprnet_top/u_layer21/gen_conv.gen_pages[0].page0.u_pe_page/pe_col_inst[1].u_pe_col/pe_inst[0].u_pe/N3) has been disconnected.
I: Const net (pin RSTM of inst u_lprnet_top/u_layer21/gen_conv.gen_pages[0].page0.u_pe_page/pe_col_inst[1].u_pe_col/pe_inst[0].u_pe/N3) has been disconnected.
I: Const net (pin CEX1 of inst u_lprnet_top/u_layer21/gen_conv.gen_pages[0].page0.u_pe_page/pe_col_inst[1].u_pe_col/pe_inst[0].u_pe_1/N3) has been disconnected.
I: Const net (pin RSTX of inst u_lprnet_top/u_layer21/gen_conv.gen_pages[0].page0.u_pe_page/pe_col_inst[1].u_pe_col/pe_inst[0].u_pe_1/N3) has been disconnected.
I: Const net (pin CEY1 of inst u_lprnet_top/u_layer21/gen_conv.gen_pages[0].page0.u_pe_page/pe_col_inst[1].u_pe_col/pe_inst[0].u_pe_1/N3) has been disconnected.
I: Const net (pin RSTY of inst u_lprnet_top/u_layer21/gen_conv.gen_pages[0].page0.u_pe_page/pe_col_inst[1].u_pe_col/pe_inst[0].u_pe_1/N3) has been disconnected.
I: Const net (pin CEM of inst u_lprnet_top/u_layer21/gen_conv.gen_pages[0].page0.u_pe_page/pe_col_inst[1].u_pe_col/pe_inst[0].u_pe_1/N3) has been disconnected.
I: Const net (pin RSTM of inst u_lprnet_top/u_layer21/gen_conv.gen_pages[0].page0.u_pe_page/pe_col_inst[1].u_pe_col/pe_inst[0].u_pe_1/N3) has been disconnected.
I: Const net (pin CEX1 of inst u_lprnet_top/u_layer21/gen_conv.gen_pages[0].page0.u_pe_page/pe_col_inst[1].u_pe_col/pe_inst[0].u_pe_2/N3) has been disconnected.
I: Const net (pin RSTX of inst u_lprnet_top/u_layer21/gen_conv.gen_pages[0].page0.u_pe_page/pe_col_inst[1].u_pe_col/pe_inst[0].u_pe_2/N3) has been disconnected.
I: Const net (pin CEY1 of inst u_lprnet_top/u_layer21/gen_conv.gen_pages[0].page0.u_pe_page/pe_col_inst[1].u_pe_col/pe_inst[0].u_pe_2/N3) has been disconnected.
I: Const net (pin RSTY of inst u_lprnet_top/u_layer21/gen_conv.gen_pages[0].page0.u_pe_page/pe_col_inst[1].u_pe_col/pe_inst[0].u_pe_2/N3) has been disconnected.
I: Const net (pin CEM of inst u_lprnet_top/u_layer21/gen_conv.gen_pages[0].page0.u_pe_page/pe_col_inst[1].u_pe_col/pe_inst[0].u_pe_2/N3) has been disconnected.
I: Const net (pin RSTM of inst u_lprnet_top/u_layer21/gen_conv.gen_pages[0].page0.u_pe_page/pe_col_inst[1].u_pe_col/pe_inst[0].u_pe_2/N3) has been disconnected.
I: Const net (pin CEX1 of inst u_lprnet_top/u_layer21/gen_conv.gen_pages[0].page0.u_pe_page/pe_col_inst[1].u_pe_col/pe_inst[0].u_pe_3/N3) has been disconnected.
I: Const net (pin RSTX of inst u_lprnet_top/u_layer21/gen_conv.gen_pages[0].page0.u_pe_page/pe_col_inst[1].u_pe_col/pe_inst[0].u_pe_3/N3) has been disconnected.
I: Const net (pin CEY1 of inst u_lprnet_top/u_layer21/gen_conv.gen_pages[0].page0.u_pe_page/pe_col_inst[1].u_pe_col/pe_inst[0].u_pe_3/N3) has been disconnected.
I: Const net (pin RSTY of inst u_lprnet_top/u_layer21/gen_conv.gen_pages[0].page0.u_pe_page/pe_col_inst[1].u_pe_col/pe_inst[0].u_pe_3/N3) has been disconnected.
I: Const net (pin CEM of inst u_lprnet_top/u_layer21/gen_conv.gen_pages[0].page0.u_pe_page/pe_col_inst[1].u_pe_col/pe_inst[0].u_pe_3/N3) has been disconnected.
I: Const net (pin RSTM of inst u_lprnet_top/u_layer21/gen_conv.gen_pages[0].page0.u_pe_page/pe_col_inst[1].u_pe_col/pe_inst[0].u_pe_3/N3) has been disconnected.
I: Const net (pin CEX1 of inst u_lprnet_top/u_layer21/gen_conv.gen_pages[0].page0.u_pe_page/pe_col_inst[1].u_pe_col/pe_inst[0].u_pe_4/N3) has been disconnected.
I: Const net (pin RSTX of inst u_lprnet_top/u_layer21/gen_conv.gen_pages[0].page0.u_pe_page/pe_col_inst[1].u_pe_col/pe_inst[0].u_pe_4/N3) has been disconnected.
I: Const net (pin CEY1 of inst u_lprnet_top/u_layer21/gen_conv.gen_pages[0].page0.u_pe_page/pe_col_inst[1].u_pe_col/pe_inst[0].u_pe_4/N3) has been disconnected.
I: Const net (pin RSTY of inst u_lprnet_top/u_layer21/gen_conv.gen_pages[0].page0.u_pe_page/pe_col_inst[1].u_pe_col/pe_inst[0].u_pe_4/N3) has been disconnected.
I: Const net (pin CEM of inst u_lprnet_top/u_layer21/gen_conv.gen_pages[0].page0.u_pe_page/pe_col_inst[1].u_pe_col/pe_inst[0].u_pe_4/N3) has been disconnected.
I: Const net (pin RSTM of inst u_lprnet_top/u_layer21/gen_conv.gen_pages[0].page0.u_pe_page/pe_col_inst[1].u_pe_col/pe_inst[0].u_pe_4/N3) has been disconnected.
I: Const net (pin CEX1 of inst u_lprnet_top/u_layer21/gen_conv.gen_pages[0].page0.u_pe_page/pe_col_inst[1].u_pe_col/pe_inst[0].u_pe_5/N3) has been disconnected.
I: Const net (pin RSTX of inst u_lprnet_top/u_layer21/gen_conv.gen_pages[0].page0.u_pe_page/pe_col_inst[1].u_pe_col/pe_inst[0].u_pe_5/N3) has been disconnected.
I: Const net (pin CEY1 of inst u_lprnet_top/u_layer21/gen_conv.gen_pages[0].page0.u_pe_page/pe_col_inst[1].u_pe_col/pe_inst[0].u_pe_5/N3) has been disconnected.
I: Const net (pin RSTY of inst u_lprnet_top/u_layer21/gen_conv.gen_pages[0].page0.u_pe_page/pe_col_inst[1].u_pe_col/pe_inst[0].u_pe_5/N3) has been disconnected.
I: Const net (pin CEM of inst u_lprnet_top/u_layer21/gen_conv.gen_pages[0].page0.u_pe_page/pe_col_inst[1].u_pe_col/pe_inst[0].u_pe_5/N3) has been disconnected.
I: Const net (pin RSTM of inst u_lprnet_top/u_layer21/gen_conv.gen_pages[0].page0.u_pe_page/pe_col_inst[1].u_pe_col/pe_inst[0].u_pe_5/N3) has been disconnected.
I: Const net (pin CEX1 of inst u_lprnet_top/u_layer21/gen_conv.gen_pages[0].page0.u_pe_page/pe_col_inst[1].u_pe_col/pe_inst[0].u_pe_6/N3) has been disconnected.
I: Const net (pin RSTX of inst u_lprnet_top/u_layer21/gen_conv.gen_pages[0].page0.u_pe_page/pe_col_inst[1].u_pe_col/pe_inst[0].u_pe_6/N3) has been disconnected.
I: Const net (pin CEY1 of inst u_lprnet_top/u_layer21/gen_conv.gen_pages[0].page0.u_pe_page/pe_col_inst[1].u_pe_col/pe_inst[0].u_pe_6/N3) has been disconnected.
I: Const net (pin RSTY of inst u_lprnet_top/u_layer21/gen_conv.gen_pages[0].page0.u_pe_page/pe_col_inst[1].u_pe_col/pe_inst[0].u_pe_6/N3) has been disconnected.
I: Const net (pin CEM of inst u_lprnet_top/u_layer21/gen_conv.gen_pages[0].page0.u_pe_page/pe_col_inst[1].u_pe_col/pe_inst[0].u_pe_6/N3) has been disconnected.
I: Const net (pin RSTM of inst u_lprnet_top/u_layer21/gen_conv.gen_pages[0].page0.u_pe_page/pe_col_inst[1].u_pe_col/pe_inst[0].u_pe_6/N3) has been disconnected.
I: Const net (pin CEX1 of inst u_lprnet_top/u_layer21/gen_conv.gen_pages[0].page0.u_pe_page/pe_col_inst[1].u_pe_col/pe_inst[0].u_pe_7/N3) has been disconnected.
I: Const net (pin RSTX of inst u_lprnet_top/u_layer21/gen_conv.gen_pages[0].page0.u_pe_page/pe_col_inst[1].u_pe_col/pe_inst[0].u_pe_7/N3) has been disconnected.
I: Const net (pin CEY1 of inst u_lprnet_top/u_layer21/gen_conv.gen_pages[0].page0.u_pe_page/pe_col_inst[1].u_pe_col/pe_inst[0].u_pe_7/N3) has been disconnected.
I: Const net (pin RSTY of inst u_lprnet_top/u_layer21/gen_conv.gen_pages[0].page0.u_pe_page/pe_col_inst[1].u_pe_col/pe_inst[0].u_pe_7/N3) has been disconnected.
I: Const net (pin CEM of inst u_lprnet_top/u_layer21/gen_conv.gen_pages[0].page0.u_pe_page/pe_col_inst[1].u_pe_col/pe_inst[0].u_pe_7/N3) has been disconnected.
I: Const net (pin RSTM of inst u_lprnet_top/u_layer21/gen_conv.gen_pages[0].page0.u_pe_page/pe_col_inst[1].u_pe_col/pe_inst[0].u_pe_7/N3) has been disconnected.
I: Const net (pin CEX1 of inst u_lprnet_top/u_layer21/gen_conv.gen_pages[0].page0.u_pe_page/pe_col_inst[1].u_pe_col/pe_inst[0].u_pe_8/N3) has been disconnected.
I: Const net (pin RSTX of inst u_lprnet_top/u_layer21/gen_conv.gen_pages[0].page0.u_pe_page/pe_col_inst[1].u_pe_col/pe_inst[0].u_pe_8/N3) has been disconnected.
I: Const net (pin CEY1 of inst u_lprnet_top/u_layer21/gen_conv.gen_pages[0].page0.u_pe_page/pe_col_inst[1].u_pe_col/pe_inst[0].u_pe_8/N3) has been disconnected.
I: Const net (pin RSTY of inst u_lprnet_top/u_layer21/gen_conv.gen_pages[0].page0.u_pe_page/pe_col_inst[1].u_pe_col/pe_inst[0].u_pe_8/N3) has been disconnected.
I: Const net (pin CEM of inst u_lprnet_top/u_layer21/gen_conv.gen_pages[0].page0.u_pe_page/pe_col_inst[1].u_pe_col/pe_inst[0].u_pe_8/N3) has been disconnected.
I: Const net (pin RSTM of inst u_lprnet_top/u_layer21/gen_conv.gen_pages[0].page0.u_pe_page/pe_col_inst[1].u_pe_col/pe_inst[0].u_pe_8/N3) has been disconnected.
I: Const net (pin CEX1 of inst u_lprnet_top/u_layer23/gen_conv.gen_pages[0].page0.u_pe_page/pe_col_inst[0].u_pe_col/pe_inst[0].u_pe/N3) has been disconnected.
I: Const net (pin RSTX of inst u_lprnet_top/u_layer23/gen_conv.gen_pages[0].page0.u_pe_page/pe_col_inst[0].u_pe_col/pe_inst[0].u_pe/N3) has been disconnected.
I: Const net (pin CEY1 of inst u_lprnet_top/u_layer23/gen_conv.gen_pages[0].page0.u_pe_page/pe_col_inst[0].u_pe_col/pe_inst[0].u_pe/N3) has been disconnected.
I: Const net (pin RSTY of inst u_lprnet_top/u_layer23/gen_conv.gen_pages[0].page0.u_pe_page/pe_col_inst[0].u_pe_col/pe_inst[0].u_pe/N3) has been disconnected.
I: Const net (pin CEM of inst u_lprnet_top/u_layer23/gen_conv.gen_pages[0].page0.u_pe_page/pe_col_inst[0].u_pe_col/pe_inst[0].u_pe/N3) has been disconnected.
I: Const net (pin RSTM of inst u_lprnet_top/u_layer23/gen_conv.gen_pages[0].page0.u_pe_page/pe_col_inst[0].u_pe_col/pe_inst[0].u_pe/N3) has been disconnected.
I: Const net (pin CEX1 of inst u_lprnet_top/u_layer23/gen_conv.gen_pages[0].page0.u_pe_page/pe_col_inst[0].u_pe_col/pe_inst[0].u_pe_1/N3) has been disconnected.
I: Const net (pin RSTX of inst u_lprnet_top/u_layer23/gen_conv.gen_pages[0].page0.u_pe_page/pe_col_inst[0].u_pe_col/pe_inst[0].u_pe_1/N3) has been disconnected.
I: Const net (pin CEY1 of inst u_lprnet_top/u_layer23/gen_conv.gen_pages[0].page0.u_pe_page/pe_col_inst[0].u_pe_col/pe_inst[0].u_pe_1/N3) has been disconnected.
I: Const net (pin RSTY of inst u_lprnet_top/u_layer23/gen_conv.gen_pages[0].page0.u_pe_page/pe_col_inst[0].u_pe_col/pe_inst[0].u_pe_1/N3) has been disconnected.
I: Const net (pin CEM of inst u_lprnet_top/u_layer23/gen_conv.gen_pages[0].page0.u_pe_page/pe_col_inst[0].u_pe_col/pe_inst[0].u_pe_1/N3) has been disconnected.
I: Const net (pin RSTM of inst u_lprnet_top/u_layer23/gen_conv.gen_pages[0].page0.u_pe_page/pe_col_inst[0].u_pe_col/pe_inst[0].u_pe_1/N3) has been disconnected.
I: Const net (pin CEX1 of inst u_lprnet_top/u_layer23/gen_conv.gen_pages[0].page0.u_pe_page/pe_col_inst[0].u_pe_col/pe_inst[0].u_pe_2/N3) has been disconnected.
I: Const net (pin RSTX of inst u_lprnet_top/u_layer23/gen_conv.gen_pages[0].page0.u_pe_page/pe_col_inst[0].u_pe_col/pe_inst[0].u_pe_2/N3) has been disconnected.
I: Const net (pin CEY1 of inst u_lprnet_top/u_layer23/gen_conv.gen_pages[0].page0.u_pe_page/pe_col_inst[0].u_pe_col/pe_inst[0].u_pe_2/N3) has been disconnected.
I: Const net (pin RSTY of inst u_lprnet_top/u_layer23/gen_conv.gen_pages[0].page0.u_pe_page/pe_col_inst[0].u_pe_col/pe_inst[0].u_pe_2/N3) has been disconnected.
I: Const net (pin CEM of inst u_lprnet_top/u_layer23/gen_conv.gen_pages[0].page0.u_pe_page/pe_col_inst[0].u_pe_col/pe_inst[0].u_pe_2/N3) has been disconnected.
I: Const net (pin RSTM of inst u_lprnet_top/u_layer23/gen_conv.gen_pages[0].page0.u_pe_page/pe_col_inst[0].u_pe_col/pe_inst[0].u_pe_2/N3) has been disconnected.
I: Const net (pin CEX1 of inst u_lprnet_top/u_layer23/gen_conv.gen_pages[0].page0.u_pe_page/pe_col_inst[0].u_pe_col/pe_inst[0].u_pe_3/N3) has been disconnected.
I: Const net (pin RSTX of inst u_lprnet_top/u_layer23/gen_conv.gen_pages[0].page0.u_pe_page/pe_col_inst[0].u_pe_col/pe_inst[0].u_pe_3/N3) has been disconnected.
I: Const net (pin CEY1 of inst u_lprnet_top/u_layer23/gen_conv.gen_pages[0].page0.u_pe_page/pe_col_inst[0].u_pe_col/pe_inst[0].u_pe_3/N3) has been disconnected.
I: Const net (pin RSTY of inst u_lprnet_top/u_layer23/gen_conv.gen_pages[0].page0.u_pe_page/pe_col_inst[0].u_pe_col/pe_inst[0].u_pe_3/N3) has been disconnected.
I: Const net (pin CEM of inst u_lprnet_top/u_layer23/gen_conv.gen_pages[0].page0.u_pe_page/pe_col_inst[0].u_pe_col/pe_inst[0].u_pe_3/N3) has been disconnected.
I: Const net (pin RSTM of inst u_lprnet_top/u_layer23/gen_conv.gen_pages[0].page0.u_pe_page/pe_col_inst[0].u_pe_col/pe_inst[0].u_pe_3/N3) has been disconnected.
I: Const net (pin CEX1 of inst u_lprnet_top/u_layer23/gen_conv.gen_pages[0].page0.u_pe_page/pe_col_inst[0].u_pe_col/pe_inst[0].u_pe_4/N3) has been disconnected.
I: Const net (pin RSTX of inst u_lprnet_top/u_layer23/gen_conv.gen_pages[0].page0.u_pe_page/pe_col_inst[0].u_pe_col/pe_inst[0].u_pe_4/N3) has been disconnected.
I: Const net (pin CEY1 of inst u_lprnet_top/u_layer23/gen_conv.gen_pages[0].page0.u_pe_page/pe_col_inst[0].u_pe_col/pe_inst[0].u_pe_4/N3) has been disconnected.
I: Const net (pin RSTY of inst u_lprnet_top/u_layer23/gen_conv.gen_pages[0].page0.u_pe_page/pe_col_inst[0].u_pe_col/pe_inst[0].u_pe_4/N3) has been disconnected.
I: Const net (pin CEM of inst u_lprnet_top/u_layer23/gen_conv.gen_pages[0].page0.u_pe_page/pe_col_inst[0].u_pe_col/pe_inst[0].u_pe_4/N3) has been disconnected.
I: Const net (pin RSTM of inst u_lprnet_top/u_layer23/gen_conv.gen_pages[0].page0.u_pe_page/pe_col_inst[0].u_pe_col/pe_inst[0].u_pe_4/N3) has been disconnected.
I: Const net (pin CEX1 of inst u_lprnet_top/u_layer23/gen_conv.gen_pages[0].page0.u_pe_page/pe_col_inst[0].u_pe_col/pe_inst[0].u_pe_5/N3) has been disconnected.
I: Const net (pin RSTX of inst u_lprnet_top/u_layer23/gen_conv.gen_pages[0].page0.u_pe_page/pe_col_inst[0].u_pe_col/pe_inst[0].u_pe_5/N3) has been disconnected.
I: Const net (pin CEY1 of inst u_lprnet_top/u_layer23/gen_conv.gen_pages[0].page0.u_pe_page/pe_col_inst[0].u_pe_col/pe_inst[0].u_pe_5/N3) has been disconnected.
I: Const net (pin RSTY of inst u_lprnet_top/u_layer23/gen_conv.gen_pages[0].page0.u_pe_page/pe_col_inst[0].u_pe_col/pe_inst[0].u_pe_5/N3) has been disconnected.
I: Const net (pin CEM of inst u_lprnet_top/u_layer23/gen_conv.gen_pages[0].page0.u_pe_page/pe_col_inst[0].u_pe_col/pe_inst[0].u_pe_5/N3) has been disconnected.
I: Const net (pin RSTM of inst u_lprnet_top/u_layer23/gen_conv.gen_pages[0].page0.u_pe_page/pe_col_inst[0].u_pe_col/pe_inst[0].u_pe_5/N3) has been disconnected.
I: Const net (pin CEX1 of inst u_lprnet_top/u_layer23/gen_conv.gen_pages[0].page0.u_pe_page/pe_col_inst[0].u_pe_col/pe_inst[0].u_pe_6/N3) has been disconnected.
I: Const net (pin RSTX of inst u_lprnet_top/u_layer23/gen_conv.gen_pages[0].page0.u_pe_page/pe_col_inst[0].u_pe_col/pe_inst[0].u_pe_6/N3) has been disconnected.
I: Const net (pin CEY1 of inst u_lprnet_top/u_layer23/gen_conv.gen_pages[0].page0.u_pe_page/pe_col_inst[0].u_pe_col/pe_inst[0].u_pe_6/N3) has been disconnected.
I: Const net (pin RSTY of inst u_lprnet_top/u_layer23/gen_conv.gen_pages[0].page0.u_pe_page/pe_col_inst[0].u_pe_col/pe_inst[0].u_pe_6/N3) has been disconnected.
I: Const net (pin CEM of inst u_lprnet_top/u_layer23/gen_conv.gen_pages[0].page0.u_pe_page/pe_col_inst[0].u_pe_col/pe_inst[0].u_pe_6/N3) has been disconnected.
I: Const net (pin RSTM of inst u_lprnet_top/u_layer23/gen_conv.gen_pages[0].page0.u_pe_page/pe_col_inst[0].u_pe_col/pe_inst[0].u_pe_6/N3) has been disconnected.
I: Const net (pin CEX1 of inst u_lprnet_top/u_layer23/gen_conv.gen_pages[0].page0.u_pe_page/pe_col_inst[0].u_pe_col/pe_inst[0].u_pe_7/N3) has been disconnected.
I: Const net (pin RSTX of inst u_lprnet_top/u_layer23/gen_conv.gen_pages[0].page0.u_pe_page/pe_col_inst[0].u_pe_col/pe_inst[0].u_pe_7/N3) has been disconnected.
I: Const net (pin CEY1 of inst u_lprnet_top/u_layer23/gen_conv.gen_pages[0].page0.u_pe_page/pe_col_inst[0].u_pe_col/pe_inst[0].u_pe_7/N3) has been disconnected.
I: Const net (pin RSTY of inst u_lprnet_top/u_layer23/gen_conv.gen_pages[0].page0.u_pe_page/pe_col_inst[0].u_pe_col/pe_inst[0].u_pe_7/N3) has been disconnected.
I: Const net (pin CEM of inst u_lprnet_top/u_layer23/gen_conv.gen_pages[0].page0.u_pe_page/pe_col_inst[0].u_pe_col/pe_inst[0].u_pe_7/N3) has been disconnected.
I: Const net (pin RSTM of inst u_lprnet_top/u_layer23/gen_conv.gen_pages[0].page0.u_pe_page/pe_col_inst[0].u_pe_col/pe_inst[0].u_pe_7/N3) has been disconnected.
I: Const net (pin CEX1 of inst u_lprnet_top/u_layer23/gen_conv.gen_pages[0].page0.u_pe_page/pe_col_inst[0].u_pe_col/pe_inst[0].u_pe_8/N3) has been disconnected.
I: Const net (pin RSTX of inst u_lprnet_top/u_layer23/gen_conv.gen_pages[0].page0.u_pe_page/pe_col_inst[0].u_pe_col/pe_inst[0].u_pe_8/N3) has been disconnected.
I: Const net (pin CEY1 of inst u_lprnet_top/u_layer23/gen_conv.gen_pages[0].page0.u_pe_page/pe_col_inst[0].u_pe_col/pe_inst[0].u_pe_8/N3) has been disconnected.
I: Const net (pin RSTY of inst u_lprnet_top/u_layer23/gen_conv.gen_pages[0].page0.u_pe_page/pe_col_inst[0].u_pe_col/pe_inst[0].u_pe_8/N3) has been disconnected.
I: Const net (pin CEM of inst u_lprnet_top/u_layer23/gen_conv.gen_pages[0].page0.u_pe_page/pe_col_inst[0].u_pe_col/pe_inst[0].u_pe_8/N3) has been disconnected.
I: Const net (pin RSTM of inst u_lprnet_top/u_layer23/gen_conv.gen_pages[0].page0.u_pe_page/pe_col_inst[0].u_pe_col/pe_inst[0].u_pe_8/N3) has been disconnected.
I: Const net (pin CEX1 of inst u_lprnet_top/u_layer23/gen_conv.gen_pages[0].page0.u_pe_page/pe_col_inst[1].u_pe_col/pe_inst[0].u_pe/N3) has been disconnected.
I: Const net (pin RSTX of inst u_lprnet_top/u_layer23/gen_conv.gen_pages[0].page0.u_pe_page/pe_col_inst[1].u_pe_col/pe_inst[0].u_pe/N3) has been disconnected.
I: Const net (pin CEY1 of inst u_lprnet_top/u_layer23/gen_conv.gen_pages[0].page0.u_pe_page/pe_col_inst[1].u_pe_col/pe_inst[0].u_pe/N3) has been disconnected.
I: Const net (pin RSTY of inst u_lprnet_top/u_layer23/gen_conv.gen_pages[0].page0.u_pe_page/pe_col_inst[1].u_pe_col/pe_inst[0].u_pe/N3) has been disconnected.
I: Const net (pin CEM of inst u_lprnet_top/u_layer23/gen_conv.gen_pages[0].page0.u_pe_page/pe_col_inst[1].u_pe_col/pe_inst[0].u_pe/N3) has been disconnected.
I: Const net (pin RSTM of inst u_lprnet_top/u_layer23/gen_conv.gen_pages[0].page0.u_pe_page/pe_col_inst[1].u_pe_col/pe_inst[0].u_pe/N3) has been disconnected.
I: Const net (pin CEX1 of inst u_lprnet_top/u_layer23/gen_conv.gen_pages[0].page0.u_pe_page/pe_col_inst[1].u_pe_col/pe_inst[0].u_pe_1/N3) has been disconnected.
I: Const net (pin RSTX of inst u_lprnet_top/u_layer23/gen_conv.gen_pages[0].page0.u_pe_page/pe_col_inst[1].u_pe_col/pe_inst[0].u_pe_1/N3) has been disconnected.
I: Const net (pin CEY1 of inst u_lprnet_top/u_layer23/gen_conv.gen_pages[0].page0.u_pe_page/pe_col_inst[1].u_pe_col/pe_inst[0].u_pe_1/N3) has been disconnected.
I: Const net (pin RSTY of inst u_lprnet_top/u_layer23/gen_conv.gen_pages[0].page0.u_pe_page/pe_col_inst[1].u_pe_col/pe_inst[0].u_pe_1/N3) has been disconnected.
I: Const net (pin CEM of inst u_lprnet_top/u_layer23/gen_conv.gen_pages[0].page0.u_pe_page/pe_col_inst[1].u_pe_col/pe_inst[0].u_pe_1/N3) has been disconnected.
I: Const net (pin RSTM of inst u_lprnet_top/u_layer23/gen_conv.gen_pages[0].page0.u_pe_page/pe_col_inst[1].u_pe_col/pe_inst[0].u_pe_1/N3) has been disconnected.
I: Const net (pin CEX1 of inst u_lprnet_top/u_layer23/gen_conv.gen_pages[0].page0.u_pe_page/pe_col_inst[1].u_pe_col/pe_inst[0].u_pe_2/N3) has been disconnected.
I: Const net (pin RSTX of inst u_lprnet_top/u_layer23/gen_conv.gen_pages[0].page0.u_pe_page/pe_col_inst[1].u_pe_col/pe_inst[0].u_pe_2/N3) has been disconnected.
I: Const net (pin CEY1 of inst u_lprnet_top/u_layer23/gen_conv.gen_pages[0].page0.u_pe_page/pe_col_inst[1].u_pe_col/pe_inst[0].u_pe_2/N3) has been disconnected.
I: Const net (pin RSTY of inst u_lprnet_top/u_layer23/gen_conv.gen_pages[0].page0.u_pe_page/pe_col_inst[1].u_pe_col/pe_inst[0].u_pe_2/N3) has been disconnected.
I: Const net (pin CEM of inst u_lprnet_top/u_layer23/gen_conv.gen_pages[0].page0.u_pe_page/pe_col_inst[1].u_pe_col/pe_inst[0].u_pe_2/N3) has been disconnected.
I: Const net (pin RSTM of inst u_lprnet_top/u_layer23/gen_conv.gen_pages[0].page0.u_pe_page/pe_col_inst[1].u_pe_col/pe_inst[0].u_pe_2/N3) has been disconnected.
I: Const net (pin CEX1 of inst u_lprnet_top/u_layer23/gen_conv.gen_pages[0].page0.u_pe_page/pe_col_inst[1].u_pe_col/pe_inst[0].u_pe_3/N3) has been disconnected.
I: Const net (pin RSTX of inst u_lprnet_top/u_layer23/gen_conv.gen_pages[0].page0.u_pe_page/pe_col_inst[1].u_pe_col/pe_inst[0].u_pe_3/N3) has been disconnected.
I: Const net (pin CEY1 of inst u_lprnet_top/u_layer23/gen_conv.gen_pages[0].page0.u_pe_page/pe_col_inst[1].u_pe_col/pe_inst[0].u_pe_3/N3) has been disconnected.
I: Const net (pin RSTY of inst u_lprnet_top/u_layer23/gen_conv.gen_pages[0].page0.u_pe_page/pe_col_inst[1].u_pe_col/pe_inst[0].u_pe_3/N3) has been disconnected.
I: Const net (pin CEM of inst u_lprnet_top/u_layer23/gen_conv.gen_pages[0].page0.u_pe_page/pe_col_inst[1].u_pe_col/pe_inst[0].u_pe_3/N3) has been disconnected.
I: Const net (pin RSTM of inst u_lprnet_top/u_layer23/gen_conv.gen_pages[0].page0.u_pe_page/pe_col_inst[1].u_pe_col/pe_inst[0].u_pe_3/N3) has been disconnected.
I: Const net (pin CEX1 of inst u_lprnet_top/u_layer23/gen_conv.gen_pages[0].page0.u_pe_page/pe_col_inst[1].u_pe_col/pe_inst[0].u_pe_4/N3) has been disconnected.
I: Const net (pin RSTX of inst u_lprnet_top/u_layer23/gen_conv.gen_pages[0].page0.u_pe_page/pe_col_inst[1].u_pe_col/pe_inst[0].u_pe_4/N3) has been disconnected.
I: Const net (pin CEY1 of inst u_lprnet_top/u_layer23/gen_conv.gen_pages[0].page0.u_pe_page/pe_col_inst[1].u_pe_col/pe_inst[0].u_pe_4/N3) has been disconnected.
I: Const net (pin RSTY of inst u_lprnet_top/u_layer23/gen_conv.gen_pages[0].page0.u_pe_page/pe_col_inst[1].u_pe_col/pe_inst[0].u_pe_4/N3) has been disconnected.
I: Const net (pin CEM of inst u_lprnet_top/u_layer23/gen_conv.gen_pages[0].page0.u_pe_page/pe_col_inst[1].u_pe_col/pe_inst[0].u_pe_4/N3) has been disconnected.
I: Const net (pin RSTM of inst u_lprnet_top/u_layer23/gen_conv.gen_pages[0].page0.u_pe_page/pe_col_inst[1].u_pe_col/pe_inst[0].u_pe_4/N3) has been disconnected.
I: Const net (pin CEX1 of inst u_lprnet_top/u_layer23/gen_conv.gen_pages[0].page0.u_pe_page/pe_col_inst[1].u_pe_col/pe_inst[0].u_pe_5/N3) has been disconnected.
I: Const net (pin RSTX of inst u_lprnet_top/u_layer23/gen_conv.gen_pages[0].page0.u_pe_page/pe_col_inst[1].u_pe_col/pe_inst[0].u_pe_5/N3) has been disconnected.
I: Const net (pin CEY1 of inst u_lprnet_top/u_layer23/gen_conv.gen_pages[0].page0.u_pe_page/pe_col_inst[1].u_pe_col/pe_inst[0].u_pe_5/N3) has been disconnected.
I: Const net (pin RSTY of inst u_lprnet_top/u_layer23/gen_conv.gen_pages[0].page0.u_pe_page/pe_col_inst[1].u_pe_col/pe_inst[0].u_pe_5/N3) has been disconnected.
I: Const net (pin CEM of inst u_lprnet_top/u_layer23/gen_conv.gen_pages[0].page0.u_pe_page/pe_col_inst[1].u_pe_col/pe_inst[0].u_pe_5/N3) has been disconnected.
I: Const net (pin RSTM of inst u_lprnet_top/u_layer23/gen_conv.gen_pages[0].page0.u_pe_page/pe_col_inst[1].u_pe_col/pe_inst[0].u_pe_5/N3) has been disconnected.
I: Const net (pin CEX1 of inst u_lprnet_top/u_layer23/gen_conv.gen_pages[0].page0.u_pe_page/pe_col_inst[1].u_pe_col/pe_inst[0].u_pe_6/N3) has been disconnected.
I: Const net (pin RSTX of inst u_lprnet_top/u_layer23/gen_conv.gen_pages[0].page0.u_pe_page/pe_col_inst[1].u_pe_col/pe_inst[0].u_pe_6/N3) has been disconnected.
I: Const net (pin CEY1 of inst u_lprnet_top/u_layer23/gen_conv.gen_pages[0].page0.u_pe_page/pe_col_inst[1].u_pe_col/pe_inst[0].u_pe_6/N3) has been disconnected.
I: Const net (pin RSTY of inst u_lprnet_top/u_layer23/gen_conv.gen_pages[0].page0.u_pe_page/pe_col_inst[1].u_pe_col/pe_inst[0].u_pe_6/N3) has been disconnected.
I: Const net (pin CEM of inst u_lprnet_top/u_layer23/gen_conv.gen_pages[0].page0.u_pe_page/pe_col_inst[1].u_pe_col/pe_inst[0].u_pe_6/N3) has been disconnected.
I: Const net (pin RSTM of inst u_lprnet_top/u_layer23/gen_conv.gen_pages[0].page0.u_pe_page/pe_col_inst[1].u_pe_col/pe_inst[0].u_pe_6/N3) has been disconnected.
I: Const net (pin CEX1 of inst u_lprnet_top/u_layer23/gen_conv.gen_pages[0].page0.u_pe_page/pe_col_inst[1].u_pe_col/pe_inst[0].u_pe_7/N3) has been disconnected.
I: Const net (pin RSTX of inst u_lprnet_top/u_layer23/gen_conv.gen_pages[0].page0.u_pe_page/pe_col_inst[1].u_pe_col/pe_inst[0].u_pe_7/N3) has been disconnected.
I: Const net (pin CEY1 of inst u_lprnet_top/u_layer23/gen_conv.gen_pages[0].page0.u_pe_page/pe_col_inst[1].u_pe_col/pe_inst[0].u_pe_7/N3) has been disconnected.
I: Const net (pin RSTY of inst u_lprnet_top/u_layer23/gen_conv.gen_pages[0].page0.u_pe_page/pe_col_inst[1].u_pe_col/pe_inst[0].u_pe_7/N3) has been disconnected.
I: Const net (pin CEM of inst u_lprnet_top/u_layer23/gen_conv.gen_pages[0].page0.u_pe_page/pe_col_inst[1].u_pe_col/pe_inst[0].u_pe_7/N3) has been disconnected.
I: Const net (pin RSTM of inst u_lprnet_top/u_layer23/gen_conv.gen_pages[0].page0.u_pe_page/pe_col_inst[1].u_pe_col/pe_inst[0].u_pe_7/N3) has been disconnected.
I: Const net (pin CEX1 of inst u_lprnet_top/u_layer23/gen_conv.gen_pages[0].page0.u_pe_page/pe_col_inst[1].u_pe_col/pe_inst[0].u_pe_8/N3) has been disconnected.
I: Const net (pin RSTX of inst u_lprnet_top/u_layer23/gen_conv.gen_pages[0].page0.u_pe_page/pe_col_inst[1].u_pe_col/pe_inst[0].u_pe_8/N3) has been disconnected.
I: Const net (pin CEY1 of inst u_lprnet_top/u_layer23/gen_conv.gen_pages[0].page0.u_pe_page/pe_col_inst[1].u_pe_col/pe_inst[0].u_pe_8/N3) has been disconnected.
I: Const net (pin RSTY of inst u_lprnet_top/u_layer23/gen_conv.gen_pages[0].page0.u_pe_page/pe_col_inst[1].u_pe_col/pe_inst[0].u_pe_8/N3) has been disconnected.
I: Const net (pin CEM of inst u_lprnet_top/u_layer23/gen_conv.gen_pages[0].page0.u_pe_page/pe_col_inst[1].u_pe_col/pe_inst[0].u_pe_8/N3) has been disconnected.
I: Const net (pin RSTM of inst u_lprnet_top/u_layer23/gen_conv.gen_pages[0].page0.u_pe_page/pe_col_inst[1].u_pe_col/pe_inst[0].u_pe_8/N3) has been disconnected.
I: Const net (pin CEX1 of inst u_lprnet_top/u_layer23/gen_conv.gen_pages[1].page1.u_pe_page/pe_col_inst[0].u_pe_col/pe_inst[0].u_pe/N3) has been disconnected.
I: Const net (pin RSTX of inst u_lprnet_top/u_layer23/gen_conv.gen_pages[1].page1.u_pe_page/pe_col_inst[0].u_pe_col/pe_inst[0].u_pe/N3) has been disconnected.
I: Const net (pin CEY1 of inst u_lprnet_top/u_layer23/gen_conv.gen_pages[1].page1.u_pe_page/pe_col_inst[0].u_pe_col/pe_inst[0].u_pe/N3) has been disconnected.
I: Const net (pin RSTY of inst u_lprnet_top/u_layer23/gen_conv.gen_pages[1].page1.u_pe_page/pe_col_inst[0].u_pe_col/pe_inst[0].u_pe/N3) has been disconnected.
I: Const net (pin CEM of inst u_lprnet_top/u_layer23/gen_conv.gen_pages[1].page1.u_pe_page/pe_col_inst[0].u_pe_col/pe_inst[0].u_pe/N3) has been disconnected.
I: Const net (pin RSTM of inst u_lprnet_top/u_layer23/gen_conv.gen_pages[1].page1.u_pe_page/pe_col_inst[0].u_pe_col/pe_inst[0].u_pe/N3) has been disconnected.
I: Const net (pin CEX1 of inst u_lprnet_top/u_layer23/gen_conv.gen_pages[1].page1.u_pe_page/pe_col_inst[0].u_pe_col/pe_inst[0].u_pe_1/N3) has been disconnected.
I: Const net (pin RSTX of inst u_lprnet_top/u_layer23/gen_conv.gen_pages[1].page1.u_pe_page/pe_col_inst[0].u_pe_col/pe_inst[0].u_pe_1/N3) has been disconnected.
I: Const net (pin CEY1 of inst u_lprnet_top/u_layer23/gen_conv.gen_pages[1].page1.u_pe_page/pe_col_inst[0].u_pe_col/pe_inst[0].u_pe_1/N3) has been disconnected.
I: Const net (pin RSTY of inst u_lprnet_top/u_layer23/gen_conv.gen_pages[1].page1.u_pe_page/pe_col_inst[0].u_pe_col/pe_inst[0].u_pe_1/N3) has been disconnected.
I: Const net (pin CEM of inst u_lprnet_top/u_layer23/gen_conv.gen_pages[1].page1.u_pe_page/pe_col_inst[0].u_pe_col/pe_inst[0].u_pe_1/N3) has been disconnected.
I: Const net (pin RSTM of inst u_lprnet_top/u_layer23/gen_conv.gen_pages[1].page1.u_pe_page/pe_col_inst[0].u_pe_col/pe_inst[0].u_pe_1/N3) has been disconnected.
I: Const net (pin CEX1 of inst u_lprnet_top/u_layer23/gen_conv.gen_pages[1].page1.u_pe_page/pe_col_inst[0].u_pe_col/pe_inst[0].u_pe_2/N3) has been disconnected.
I: Const net (pin RSTX of inst u_lprnet_top/u_layer23/gen_conv.gen_pages[1].page1.u_pe_page/pe_col_inst[0].u_pe_col/pe_inst[0].u_pe_2/N3) has been disconnected.
I: Const net (pin CEY1 of inst u_lprnet_top/u_layer23/gen_conv.gen_pages[1].page1.u_pe_page/pe_col_inst[0].u_pe_col/pe_inst[0].u_pe_2/N3) has been disconnected.
I: Const net (pin RSTY of inst u_lprnet_top/u_layer23/gen_conv.gen_pages[1].page1.u_pe_page/pe_col_inst[0].u_pe_col/pe_inst[0].u_pe_2/N3) has been disconnected.
I: Const net (pin CEM of inst u_lprnet_top/u_layer23/gen_conv.gen_pages[1].page1.u_pe_page/pe_col_inst[0].u_pe_col/pe_inst[0].u_pe_2/N3) has been disconnected.
I: Const net (pin RSTM of inst u_lprnet_top/u_layer23/gen_conv.gen_pages[1].page1.u_pe_page/pe_col_inst[0].u_pe_col/pe_inst[0].u_pe_2/N3) has been disconnected.
I: Const net (pin CEX1 of inst u_lprnet_top/u_layer23/gen_conv.gen_pages[1].page1.u_pe_page/pe_col_inst[0].u_pe_col/pe_inst[0].u_pe_3/N3) has been disconnected.
I: Const net (pin RSTX of inst u_lprnet_top/u_layer23/gen_conv.gen_pages[1].page1.u_pe_page/pe_col_inst[0].u_pe_col/pe_inst[0].u_pe_3/N3) has been disconnected.
I: Const net (pin CEY1 of inst u_lprnet_top/u_layer23/gen_conv.gen_pages[1].page1.u_pe_page/pe_col_inst[0].u_pe_col/pe_inst[0].u_pe_3/N3) has been disconnected.
I: Const net (pin RSTY of inst u_lprnet_top/u_layer23/gen_conv.gen_pages[1].page1.u_pe_page/pe_col_inst[0].u_pe_col/pe_inst[0].u_pe_3/N3) has been disconnected.
I: Const net (pin CEM of inst u_lprnet_top/u_layer23/gen_conv.gen_pages[1].page1.u_pe_page/pe_col_inst[0].u_pe_col/pe_inst[0].u_pe_3/N3) has been disconnected.
I: Const net (pin RSTM of inst u_lprnet_top/u_layer23/gen_conv.gen_pages[1].page1.u_pe_page/pe_col_inst[0].u_pe_col/pe_inst[0].u_pe_3/N3) has been disconnected.
I: Const net (pin CEX1 of inst u_lprnet_top/u_layer23/gen_conv.gen_pages[1].page1.u_pe_page/pe_col_inst[0].u_pe_col/pe_inst[0].u_pe_4/N3) has been disconnected.
I: Const net (pin RSTX of inst u_lprnet_top/u_layer23/gen_conv.gen_pages[1].page1.u_pe_page/pe_col_inst[0].u_pe_col/pe_inst[0].u_pe_4/N3) has been disconnected.
I: Const net (pin CEY1 of inst u_lprnet_top/u_layer23/gen_conv.gen_pages[1].page1.u_pe_page/pe_col_inst[0].u_pe_col/pe_inst[0].u_pe_4/N3) has been disconnected.
I: Const net (pin RSTY of inst u_lprnet_top/u_layer23/gen_conv.gen_pages[1].page1.u_pe_page/pe_col_inst[0].u_pe_col/pe_inst[0].u_pe_4/N3) has been disconnected.
I: Const net (pin CEM of inst u_lprnet_top/u_layer23/gen_conv.gen_pages[1].page1.u_pe_page/pe_col_inst[0].u_pe_col/pe_inst[0].u_pe_4/N3) has been disconnected.
I: Const net (pin RSTM of inst u_lprnet_top/u_layer23/gen_conv.gen_pages[1].page1.u_pe_page/pe_col_inst[0].u_pe_col/pe_inst[0].u_pe_4/N3) has been disconnected.
I: Const net (pin CEX1 of inst u_lprnet_top/u_layer23/gen_conv.gen_pages[1].page1.u_pe_page/pe_col_inst[0].u_pe_col/pe_inst[0].u_pe_5/N3) has been disconnected.
I: Const net (pin RSTX of inst u_lprnet_top/u_layer23/gen_conv.gen_pages[1].page1.u_pe_page/pe_col_inst[0].u_pe_col/pe_inst[0].u_pe_5/N3) has been disconnected.
I: Const net (pin CEY1 of inst u_lprnet_top/u_layer23/gen_conv.gen_pages[1].page1.u_pe_page/pe_col_inst[0].u_pe_col/pe_inst[0].u_pe_5/N3) has been disconnected.
I: Const net (pin RSTY of inst u_lprnet_top/u_layer23/gen_conv.gen_pages[1].page1.u_pe_page/pe_col_inst[0].u_pe_col/pe_inst[0].u_pe_5/N3) has been disconnected.
I: Const net (pin CEM of inst u_lprnet_top/u_layer23/gen_conv.gen_pages[1].page1.u_pe_page/pe_col_inst[0].u_pe_col/pe_inst[0].u_pe_5/N3) has been disconnected.
I: Const net (pin RSTM of inst u_lprnet_top/u_layer23/gen_conv.gen_pages[1].page1.u_pe_page/pe_col_inst[0].u_pe_col/pe_inst[0].u_pe_5/N3) has been disconnected.
I: Const net (pin CEX1 of inst u_lprnet_top/u_layer23/gen_conv.gen_pages[1].page1.u_pe_page/pe_col_inst[0].u_pe_col/pe_inst[0].u_pe_6/N3) has been disconnected.
I: Const net (pin RSTX of inst u_lprnet_top/u_layer23/gen_conv.gen_pages[1].page1.u_pe_page/pe_col_inst[0].u_pe_col/pe_inst[0].u_pe_6/N3) has been disconnected.
I: Const net (pin CEY1 of inst u_lprnet_top/u_layer23/gen_conv.gen_pages[1].page1.u_pe_page/pe_col_inst[0].u_pe_col/pe_inst[0].u_pe_6/N3) has been disconnected.
I: Const net (pin RSTY of inst u_lprnet_top/u_layer23/gen_conv.gen_pages[1].page1.u_pe_page/pe_col_inst[0].u_pe_col/pe_inst[0].u_pe_6/N3) has been disconnected.
I: Const net (pin CEM of inst u_lprnet_top/u_layer23/gen_conv.gen_pages[1].page1.u_pe_page/pe_col_inst[0].u_pe_col/pe_inst[0].u_pe_6/N3) has been disconnected.
I: Const net (pin RSTM of inst u_lprnet_top/u_layer23/gen_conv.gen_pages[1].page1.u_pe_page/pe_col_inst[0].u_pe_col/pe_inst[0].u_pe_6/N3) has been disconnected.
I: Const net (pin CEX1 of inst u_lprnet_top/u_layer23/gen_conv.gen_pages[1].page1.u_pe_page/pe_col_inst[0].u_pe_col/pe_inst[0].u_pe_7/N3) has been disconnected.
I: Const net (pin RSTX of inst u_lprnet_top/u_layer23/gen_conv.gen_pages[1].page1.u_pe_page/pe_col_inst[0].u_pe_col/pe_inst[0].u_pe_7/N3) has been disconnected.
I: Const net (pin CEY1 of inst u_lprnet_top/u_layer23/gen_conv.gen_pages[1].page1.u_pe_page/pe_col_inst[0].u_pe_col/pe_inst[0].u_pe_7/N3) has been disconnected.
I: Const net (pin RSTY of inst u_lprnet_top/u_layer23/gen_conv.gen_pages[1].page1.u_pe_page/pe_col_inst[0].u_pe_col/pe_inst[0].u_pe_7/N3) has been disconnected.
I: Const net (pin CEM of inst u_lprnet_top/u_layer23/gen_conv.gen_pages[1].page1.u_pe_page/pe_col_inst[0].u_pe_col/pe_inst[0].u_pe_7/N3) has been disconnected.
I: Const net (pin RSTM of inst u_lprnet_top/u_layer23/gen_conv.gen_pages[1].page1.u_pe_page/pe_col_inst[0].u_pe_col/pe_inst[0].u_pe_7/N3) has been disconnected.
I: Const net (pin CEX1 of inst u_lprnet_top/u_layer23/gen_conv.gen_pages[1].page1.u_pe_page/pe_col_inst[0].u_pe_col/pe_inst[0].u_pe_8/N3) has been disconnected.
I: Const net (pin RSTX of inst u_lprnet_top/u_layer23/gen_conv.gen_pages[1].page1.u_pe_page/pe_col_inst[0].u_pe_col/pe_inst[0].u_pe_8/N3) has been disconnected.
I: Const net (pin CEY1 of inst u_lprnet_top/u_layer23/gen_conv.gen_pages[1].page1.u_pe_page/pe_col_inst[0].u_pe_col/pe_inst[0].u_pe_8/N3) has been disconnected.
I: Const net (pin RSTY of inst u_lprnet_top/u_layer23/gen_conv.gen_pages[1].page1.u_pe_page/pe_col_inst[0].u_pe_col/pe_inst[0].u_pe_8/N3) has been disconnected.
I: Const net (pin CEM of inst u_lprnet_top/u_layer23/gen_conv.gen_pages[1].page1.u_pe_page/pe_col_inst[0].u_pe_col/pe_inst[0].u_pe_8/N3) has been disconnected.
I: Const net (pin RSTM of inst u_lprnet_top/u_layer23/gen_conv.gen_pages[1].page1.u_pe_page/pe_col_inst[0].u_pe_col/pe_inst[0].u_pe_8/N3) has been disconnected.
I: Const net (pin CEX1 of inst u_lprnet_top/u_layer23/gen_conv.gen_pages[1].page1.u_pe_page/pe_col_inst[1].u_pe_col/pe_inst[0].u_pe/N3) has been disconnected.
I: Const net (pin RSTX of inst u_lprnet_top/u_layer23/gen_conv.gen_pages[1].page1.u_pe_page/pe_col_inst[1].u_pe_col/pe_inst[0].u_pe/N3) has been disconnected.
I: Const net (pin CEY1 of inst u_lprnet_top/u_layer23/gen_conv.gen_pages[1].page1.u_pe_page/pe_col_inst[1].u_pe_col/pe_inst[0].u_pe/N3) has been disconnected.
I: Const net (pin RSTY of inst u_lprnet_top/u_layer23/gen_conv.gen_pages[1].page1.u_pe_page/pe_col_inst[1].u_pe_col/pe_inst[0].u_pe/N3) has been disconnected.
I: Const net (pin CEM of inst u_lprnet_top/u_layer23/gen_conv.gen_pages[1].page1.u_pe_page/pe_col_inst[1].u_pe_col/pe_inst[0].u_pe/N3) has been disconnected.
I: Const net (pin RSTM of inst u_lprnet_top/u_layer23/gen_conv.gen_pages[1].page1.u_pe_page/pe_col_inst[1].u_pe_col/pe_inst[0].u_pe/N3) has been disconnected.
I: Const net (pin CEX1 of inst u_lprnet_top/u_layer23/gen_conv.gen_pages[1].page1.u_pe_page/pe_col_inst[1].u_pe_col/pe_inst[0].u_pe_1/N3) has been disconnected.
I: Const net (pin RSTX of inst u_lprnet_top/u_layer23/gen_conv.gen_pages[1].page1.u_pe_page/pe_col_inst[1].u_pe_col/pe_inst[0].u_pe_1/N3) has been disconnected.
I: Const net (pin CEY1 of inst u_lprnet_top/u_layer23/gen_conv.gen_pages[1].page1.u_pe_page/pe_col_inst[1].u_pe_col/pe_inst[0].u_pe_1/N3) has been disconnected.
I: Const net (pin RSTY of inst u_lprnet_top/u_layer23/gen_conv.gen_pages[1].page1.u_pe_page/pe_col_inst[1].u_pe_col/pe_inst[0].u_pe_1/N3) has been disconnected.
I: Const net (pin CEM of inst u_lprnet_top/u_layer23/gen_conv.gen_pages[1].page1.u_pe_page/pe_col_inst[1].u_pe_col/pe_inst[0].u_pe_1/N3) has been disconnected.
I: Const net (pin RSTM of inst u_lprnet_top/u_layer23/gen_conv.gen_pages[1].page1.u_pe_page/pe_col_inst[1].u_pe_col/pe_inst[0].u_pe_1/N3) has been disconnected.
I: Const net (pin CEX1 of inst u_lprnet_top/u_layer23/gen_conv.gen_pages[1].page1.u_pe_page/pe_col_inst[1].u_pe_col/pe_inst[0].u_pe_2/N3) has been disconnected.
I: Const net (pin RSTX of inst u_lprnet_top/u_layer23/gen_conv.gen_pages[1].page1.u_pe_page/pe_col_inst[1].u_pe_col/pe_inst[0].u_pe_2/N3) has been disconnected.
I: Const net (pin CEY1 of inst u_lprnet_top/u_layer23/gen_conv.gen_pages[1].page1.u_pe_page/pe_col_inst[1].u_pe_col/pe_inst[0].u_pe_2/N3) has been disconnected.
I: Const net (pin RSTY of inst u_lprnet_top/u_layer23/gen_conv.gen_pages[1].page1.u_pe_page/pe_col_inst[1].u_pe_col/pe_inst[0].u_pe_2/N3) has been disconnected.
I: Const net (pin CEM of inst u_lprnet_top/u_layer23/gen_conv.gen_pages[1].page1.u_pe_page/pe_col_inst[1].u_pe_col/pe_inst[0].u_pe_2/N3) has been disconnected.
I: Const net (pin RSTM of inst u_lprnet_top/u_layer23/gen_conv.gen_pages[1].page1.u_pe_page/pe_col_inst[1].u_pe_col/pe_inst[0].u_pe_2/N3) has been disconnected.
I: Const net (pin CEX1 of inst u_lprnet_top/u_layer23/gen_conv.gen_pages[1].page1.u_pe_page/pe_col_inst[1].u_pe_col/pe_inst[0].u_pe_3/N3) has been disconnected.
I: Const net (pin RSTX of inst u_lprnet_top/u_layer23/gen_conv.gen_pages[1].page1.u_pe_page/pe_col_inst[1].u_pe_col/pe_inst[0].u_pe_3/N3) has been disconnected.
I: Const net (pin CEY1 of inst u_lprnet_top/u_layer23/gen_conv.gen_pages[1].page1.u_pe_page/pe_col_inst[1].u_pe_col/pe_inst[0].u_pe_3/N3) has been disconnected.
I: Const net (pin RSTY of inst u_lprnet_top/u_layer23/gen_conv.gen_pages[1].page1.u_pe_page/pe_col_inst[1].u_pe_col/pe_inst[0].u_pe_3/N3) has been disconnected.
I: Const net (pin CEM of inst u_lprnet_top/u_layer23/gen_conv.gen_pages[1].page1.u_pe_page/pe_col_inst[1].u_pe_col/pe_inst[0].u_pe_3/N3) has been disconnected.
I: Const net (pin RSTM of inst u_lprnet_top/u_layer23/gen_conv.gen_pages[1].page1.u_pe_page/pe_col_inst[1].u_pe_col/pe_inst[0].u_pe_3/N3) has been disconnected.
I: Const net (pin CEX1 of inst u_lprnet_top/u_layer23/gen_conv.gen_pages[1].page1.u_pe_page/pe_col_inst[1].u_pe_col/pe_inst[0].u_pe_4/N3) has been disconnected.
I: Const net (pin RSTX of inst u_lprnet_top/u_layer23/gen_conv.gen_pages[1].page1.u_pe_page/pe_col_inst[1].u_pe_col/pe_inst[0].u_pe_4/N3) has been disconnected.
I: Const net (pin CEY1 of inst u_lprnet_top/u_layer23/gen_conv.gen_pages[1].page1.u_pe_page/pe_col_inst[1].u_pe_col/pe_inst[0].u_pe_4/N3) has been disconnected.
I: Const net (pin RSTY of inst u_lprnet_top/u_layer23/gen_conv.gen_pages[1].page1.u_pe_page/pe_col_inst[1].u_pe_col/pe_inst[0].u_pe_4/N3) has been disconnected.
I: Const net (pin CEM of inst u_lprnet_top/u_layer23/gen_conv.gen_pages[1].page1.u_pe_page/pe_col_inst[1].u_pe_col/pe_inst[0].u_pe_4/N3) has been disconnected.
I: Const net (pin RSTM of inst u_lprnet_top/u_layer23/gen_conv.gen_pages[1].page1.u_pe_page/pe_col_inst[1].u_pe_col/pe_inst[0].u_pe_4/N3) has been disconnected.
I: Const net (pin CEX1 of inst u_lprnet_top/u_layer23/gen_conv.gen_pages[1].page1.u_pe_page/pe_col_inst[1].u_pe_col/pe_inst[0].u_pe_5/N3) has been disconnected.
I: Const net (pin RSTX of inst u_lprnet_top/u_layer23/gen_conv.gen_pages[1].page1.u_pe_page/pe_col_inst[1].u_pe_col/pe_inst[0].u_pe_5/N3) has been disconnected.
I: Const net (pin CEY1 of inst u_lprnet_top/u_layer23/gen_conv.gen_pages[1].page1.u_pe_page/pe_col_inst[1].u_pe_col/pe_inst[0].u_pe_5/N3) has been disconnected.
I: Const net (pin RSTY of inst u_lprnet_top/u_layer23/gen_conv.gen_pages[1].page1.u_pe_page/pe_col_inst[1].u_pe_col/pe_inst[0].u_pe_5/N3) has been disconnected.
I: Const net (pin CEM of inst u_lprnet_top/u_layer23/gen_conv.gen_pages[1].page1.u_pe_page/pe_col_inst[1].u_pe_col/pe_inst[0].u_pe_5/N3) has been disconnected.
I: Const net (pin RSTM of inst u_lprnet_top/u_layer23/gen_conv.gen_pages[1].page1.u_pe_page/pe_col_inst[1].u_pe_col/pe_inst[0].u_pe_5/N3) has been disconnected.
I: Const net (pin CEX1 of inst u_lprnet_top/u_layer23/gen_conv.gen_pages[1].page1.u_pe_page/pe_col_inst[1].u_pe_col/pe_inst[0].u_pe_6/N3) has been disconnected.
I: Const net (pin RSTX of inst u_lprnet_top/u_layer23/gen_conv.gen_pages[1].page1.u_pe_page/pe_col_inst[1].u_pe_col/pe_inst[0].u_pe_6/N3) has been disconnected.
I: Const net (pin CEY1 of inst u_lprnet_top/u_layer23/gen_conv.gen_pages[1].page1.u_pe_page/pe_col_inst[1].u_pe_col/pe_inst[0].u_pe_6/N3) has been disconnected.
I: Const net (pin RSTY of inst u_lprnet_top/u_layer23/gen_conv.gen_pages[1].page1.u_pe_page/pe_col_inst[1].u_pe_col/pe_inst[0].u_pe_6/N3) has been disconnected.
I: Const net (pin CEM of inst u_lprnet_top/u_layer23/gen_conv.gen_pages[1].page1.u_pe_page/pe_col_inst[1].u_pe_col/pe_inst[0].u_pe_6/N3) has been disconnected.
I: Const net (pin RSTM of inst u_lprnet_top/u_layer23/gen_conv.gen_pages[1].page1.u_pe_page/pe_col_inst[1].u_pe_col/pe_inst[0].u_pe_6/N3) has been disconnected.
I: Const net (pin CEX1 of inst u_lprnet_top/u_layer23/gen_conv.gen_pages[1].page1.u_pe_page/pe_col_inst[1].u_pe_col/pe_inst[0].u_pe_7/N3) has been disconnected.
I: Const net (pin RSTX of inst u_lprnet_top/u_layer23/gen_conv.gen_pages[1].page1.u_pe_page/pe_col_inst[1].u_pe_col/pe_inst[0].u_pe_7/N3) has been disconnected.
I: Const net (pin CEY1 of inst u_lprnet_top/u_layer23/gen_conv.gen_pages[1].page1.u_pe_page/pe_col_inst[1].u_pe_col/pe_inst[0].u_pe_7/N3) has been disconnected.
I: Const net (pin RSTY of inst u_lprnet_top/u_layer23/gen_conv.gen_pages[1].page1.u_pe_page/pe_col_inst[1].u_pe_col/pe_inst[0].u_pe_7/N3) has been disconnected.
I: Const net (pin CEM of inst u_lprnet_top/u_layer23/gen_conv.gen_pages[1].page1.u_pe_page/pe_col_inst[1].u_pe_col/pe_inst[0].u_pe_7/N3) has been disconnected.
I: Const net (pin RSTM of inst u_lprnet_top/u_layer23/gen_conv.gen_pages[1].page1.u_pe_page/pe_col_inst[1].u_pe_col/pe_inst[0].u_pe_7/N3) has been disconnected.
I: Const net (pin CEX1 of inst u_lprnet_top/u_layer23/gen_conv.gen_pages[1].page1.u_pe_page/pe_col_inst[1].u_pe_col/pe_inst[0].u_pe_8/N3) has been disconnected.
I: Const net (pin RSTX of inst u_lprnet_top/u_layer23/gen_conv.gen_pages[1].page1.u_pe_page/pe_col_inst[1].u_pe_col/pe_inst[0].u_pe_8/N3) has been disconnected.
I: Const net (pin CEY1 of inst u_lprnet_top/u_layer23/gen_conv.gen_pages[1].page1.u_pe_page/pe_col_inst[1].u_pe_col/pe_inst[0].u_pe_8/N3) has been disconnected.
I: Const net (pin RSTY of inst u_lprnet_top/u_layer23/gen_conv.gen_pages[1].page1.u_pe_page/pe_col_inst[1].u_pe_col/pe_inst[0].u_pe_8/N3) has been disconnected.
I: Const net (pin CEM of inst u_lprnet_top/u_layer23/gen_conv.gen_pages[1].page1.u_pe_page/pe_col_inst[1].u_pe_col/pe_inst[0].u_pe_8/N3) has been disconnected.
I: Const net (pin RSTM of inst u_lprnet_top/u_layer23/gen_conv.gen_pages[1].page1.u_pe_page/pe_col_inst[1].u_pe_col/pe_inst[0].u_pe_8/N3) has been disconnected.
I: Const net (pin CEX1 of inst u_lprnet_top/u_layer24/gen_conv.gen_pages[0].page0.u_pe_page/pe_col_inst[0].u_pe_col/pe_inst[0].u_pe/N3) has been disconnected.
I: Const net (pin RSTX of inst u_lprnet_top/u_layer24/gen_conv.gen_pages[0].page0.u_pe_page/pe_col_inst[0].u_pe_col/pe_inst[0].u_pe/N3) has been disconnected.
I: Const net (pin CEY1 of inst u_lprnet_top/u_layer24/gen_conv.gen_pages[0].page0.u_pe_page/pe_col_inst[0].u_pe_col/pe_inst[0].u_pe/N3) has been disconnected.
I: Const net (pin RSTY of inst u_lprnet_top/u_layer24/gen_conv.gen_pages[0].page0.u_pe_page/pe_col_inst[0].u_pe_col/pe_inst[0].u_pe/N3) has been disconnected.
I: Const net (pin CEM of inst u_lprnet_top/u_layer24/gen_conv.gen_pages[0].page0.u_pe_page/pe_col_inst[0].u_pe_col/pe_inst[0].u_pe/N3) has been disconnected.
I: Const net (pin RSTM of inst u_lprnet_top/u_layer24/gen_conv.gen_pages[0].page0.u_pe_page/pe_col_inst[0].u_pe_col/pe_inst[0].u_pe/N3) has been disconnected.
I: Const net (pin CEX1 of inst u_lprnet_top/u_layer24/gen_conv.gen_pages[0].page0.u_pe_page/pe_col_inst[0].u_pe_col/pe_inst[0].u_pe_1/N3) has been disconnected.
I: Const net (pin RSTX of inst u_lprnet_top/u_layer24/gen_conv.gen_pages[0].page0.u_pe_page/pe_col_inst[0].u_pe_col/pe_inst[0].u_pe_1/N3) has been disconnected.
I: Const net (pin CEY1 of inst u_lprnet_top/u_layer24/gen_conv.gen_pages[0].page0.u_pe_page/pe_col_inst[0].u_pe_col/pe_inst[0].u_pe_1/N3) has been disconnected.
I: Const net (pin RSTY of inst u_lprnet_top/u_layer24/gen_conv.gen_pages[0].page0.u_pe_page/pe_col_inst[0].u_pe_col/pe_inst[0].u_pe_1/N3) has been disconnected.
I: Const net (pin CEM of inst u_lprnet_top/u_layer24/gen_conv.gen_pages[0].page0.u_pe_page/pe_col_inst[0].u_pe_col/pe_inst[0].u_pe_1/N3) has been disconnected.
I: Const net (pin RSTM of inst u_lprnet_top/u_layer24/gen_conv.gen_pages[0].page0.u_pe_page/pe_col_inst[0].u_pe_col/pe_inst[0].u_pe_1/N3) has been disconnected.
I: Const net (pin CEX1 of inst u_lprnet_top/u_layer24/gen_conv.gen_pages[0].page0.u_pe_page/pe_col_inst[0].u_pe_col/pe_inst[0].u_pe_2/N3) has been disconnected.
I: Const net (pin RSTX of inst u_lprnet_top/u_layer24/gen_conv.gen_pages[0].page0.u_pe_page/pe_col_inst[0].u_pe_col/pe_inst[0].u_pe_2/N3) has been disconnected.
I: Const net (pin CEY1 of inst u_lprnet_top/u_layer24/gen_conv.gen_pages[0].page0.u_pe_page/pe_col_inst[0].u_pe_col/pe_inst[0].u_pe_2/N3) has been disconnected.
I: Const net (pin RSTY of inst u_lprnet_top/u_layer24/gen_conv.gen_pages[0].page0.u_pe_page/pe_col_inst[0].u_pe_col/pe_inst[0].u_pe_2/N3) has been disconnected.
I: Const net (pin CEM of inst u_lprnet_top/u_layer24/gen_conv.gen_pages[0].page0.u_pe_page/pe_col_inst[0].u_pe_col/pe_inst[0].u_pe_2/N3) has been disconnected.
I: Const net (pin RSTM of inst u_lprnet_top/u_layer24/gen_conv.gen_pages[0].page0.u_pe_page/pe_col_inst[0].u_pe_col/pe_inst[0].u_pe_2/N3) has been disconnected.
I: Const net (pin CEX1 of inst u_lprnet_top/u_layer24/gen_conv.gen_pages[0].page0.u_pe_page/pe_col_inst[0].u_pe_col/pe_inst[0].u_pe_3/N3) has been disconnected.
I: Const net (pin RSTX of inst u_lprnet_top/u_layer24/gen_conv.gen_pages[0].page0.u_pe_page/pe_col_inst[0].u_pe_col/pe_inst[0].u_pe_3/N3) has been disconnected.
I: Const net (pin CEY1 of inst u_lprnet_top/u_layer24/gen_conv.gen_pages[0].page0.u_pe_page/pe_col_inst[0].u_pe_col/pe_inst[0].u_pe_3/N3) has been disconnected.
I: Const net (pin RSTY of inst u_lprnet_top/u_layer24/gen_conv.gen_pages[0].page0.u_pe_page/pe_col_inst[0].u_pe_col/pe_inst[0].u_pe_3/N3) has been disconnected.
I: Const net (pin CEM of inst u_lprnet_top/u_layer24/gen_conv.gen_pages[0].page0.u_pe_page/pe_col_inst[0].u_pe_col/pe_inst[0].u_pe_3/N3) has been disconnected.
I: Const net (pin RSTM of inst u_lprnet_top/u_layer24/gen_conv.gen_pages[0].page0.u_pe_page/pe_col_inst[0].u_pe_col/pe_inst[0].u_pe_3/N3) has been disconnected.
I: Const net (pin CEX1 of inst u_lprnet_top/u_layer24/gen_conv.gen_pages[0].page0.u_pe_page/pe_col_inst[0].u_pe_col/pe_inst[0].u_pe_4/N3) has been disconnected.
I: Const net (pin RSTX of inst u_lprnet_top/u_layer24/gen_conv.gen_pages[0].page0.u_pe_page/pe_col_inst[0].u_pe_col/pe_inst[0].u_pe_4/N3) has been disconnected.
I: Const net (pin CEY1 of inst u_lprnet_top/u_layer24/gen_conv.gen_pages[0].page0.u_pe_page/pe_col_inst[0].u_pe_col/pe_inst[0].u_pe_4/N3) has been disconnected.
I: Const net (pin RSTY of inst u_lprnet_top/u_layer24/gen_conv.gen_pages[0].page0.u_pe_page/pe_col_inst[0].u_pe_col/pe_inst[0].u_pe_4/N3) has been disconnected.
I: Const net (pin CEM of inst u_lprnet_top/u_layer24/gen_conv.gen_pages[0].page0.u_pe_page/pe_col_inst[0].u_pe_col/pe_inst[0].u_pe_4/N3) has been disconnected.
I: Const net (pin RSTM of inst u_lprnet_top/u_layer24/gen_conv.gen_pages[0].page0.u_pe_page/pe_col_inst[0].u_pe_col/pe_inst[0].u_pe_4/N3) has been disconnected.
I: Const net (pin CEX1 of inst u_lprnet_top/u_layer24/gen_conv.gen_pages[0].page0.u_pe_page/pe_col_inst[0].u_pe_col/pe_inst[0].u_pe_5/N3) has been disconnected.
I: Const net (pin RSTX of inst u_lprnet_top/u_layer24/gen_conv.gen_pages[0].page0.u_pe_page/pe_col_inst[0].u_pe_col/pe_inst[0].u_pe_5/N3) has been disconnected.
I: Const net (pin CEY1 of inst u_lprnet_top/u_layer24/gen_conv.gen_pages[0].page0.u_pe_page/pe_col_inst[0].u_pe_col/pe_inst[0].u_pe_5/N3) has been disconnected.
I: Const net (pin RSTY of inst u_lprnet_top/u_layer24/gen_conv.gen_pages[0].page0.u_pe_page/pe_col_inst[0].u_pe_col/pe_inst[0].u_pe_5/N3) has been disconnected.
I: Const net (pin CEM of inst u_lprnet_top/u_layer24/gen_conv.gen_pages[0].page0.u_pe_page/pe_col_inst[0].u_pe_col/pe_inst[0].u_pe_5/N3) has been disconnected.
I: Const net (pin RSTM of inst u_lprnet_top/u_layer24/gen_conv.gen_pages[0].page0.u_pe_page/pe_col_inst[0].u_pe_col/pe_inst[0].u_pe_5/N3) has been disconnected.
I: Const net (pin CEX1 of inst u_lprnet_top/u_layer24/gen_conv.gen_pages[0].page0.u_pe_page/pe_col_inst[0].u_pe_col/pe_inst[0].u_pe_6/N3) has been disconnected.
I: Const net (pin RSTX of inst u_lprnet_top/u_layer24/gen_conv.gen_pages[0].page0.u_pe_page/pe_col_inst[0].u_pe_col/pe_inst[0].u_pe_6/N3) has been disconnected.
I: Const net (pin CEY1 of inst u_lprnet_top/u_layer24/gen_conv.gen_pages[0].page0.u_pe_page/pe_col_inst[0].u_pe_col/pe_inst[0].u_pe_6/N3) has been disconnected.
I: Const net (pin RSTY of inst u_lprnet_top/u_layer24/gen_conv.gen_pages[0].page0.u_pe_page/pe_col_inst[0].u_pe_col/pe_inst[0].u_pe_6/N3) has been disconnected.
I: Const net (pin CEM of inst u_lprnet_top/u_layer24/gen_conv.gen_pages[0].page0.u_pe_page/pe_col_inst[0].u_pe_col/pe_inst[0].u_pe_6/N3) has been disconnected.
I: Const net (pin RSTM of inst u_lprnet_top/u_layer24/gen_conv.gen_pages[0].page0.u_pe_page/pe_col_inst[0].u_pe_col/pe_inst[0].u_pe_6/N3) has been disconnected.
I: Const net (pin CEX1 of inst u_lprnet_top/u_layer24/gen_conv.gen_pages[0].page0.u_pe_page/pe_col_inst[0].u_pe_col/pe_inst[0].u_pe_7/N3) has been disconnected.
I: Const net (pin RSTX of inst u_lprnet_top/u_layer24/gen_conv.gen_pages[0].page0.u_pe_page/pe_col_inst[0].u_pe_col/pe_inst[0].u_pe_7/N3) has been disconnected.
I: Const net (pin CEY1 of inst u_lprnet_top/u_layer24/gen_conv.gen_pages[0].page0.u_pe_page/pe_col_inst[0].u_pe_col/pe_inst[0].u_pe_7/N3) has been disconnected.
I: Const net (pin RSTY of inst u_lprnet_top/u_layer24/gen_conv.gen_pages[0].page0.u_pe_page/pe_col_inst[0].u_pe_col/pe_inst[0].u_pe_7/N3) has been disconnected.
I: Const net (pin CEM of inst u_lprnet_top/u_layer24/gen_conv.gen_pages[0].page0.u_pe_page/pe_col_inst[0].u_pe_col/pe_inst[0].u_pe_7/N3) has been disconnected.
I: Const net (pin RSTM of inst u_lprnet_top/u_layer24/gen_conv.gen_pages[0].page0.u_pe_page/pe_col_inst[0].u_pe_col/pe_inst[0].u_pe_7/N3) has been disconnected.
I: Const net (pin CEX1 of inst u_lprnet_top/u_layer24/gen_conv.gen_pages[0].page0.u_pe_page/pe_col_inst[0].u_pe_col/pe_inst[0].u_pe_8/N3) has been disconnected.
I: Const net (pin RSTX of inst u_lprnet_top/u_layer24/gen_conv.gen_pages[0].page0.u_pe_page/pe_col_inst[0].u_pe_col/pe_inst[0].u_pe_8/N3) has been disconnected.
I: Const net (pin CEY1 of inst u_lprnet_top/u_layer24/gen_conv.gen_pages[0].page0.u_pe_page/pe_col_inst[0].u_pe_col/pe_inst[0].u_pe_8/N3) has been disconnected.
I: Const net (pin RSTY of inst u_lprnet_top/u_layer24/gen_conv.gen_pages[0].page0.u_pe_page/pe_col_inst[0].u_pe_col/pe_inst[0].u_pe_8/N3) has been disconnected.
I: Const net (pin CEM of inst u_lprnet_top/u_layer24/gen_conv.gen_pages[0].page0.u_pe_page/pe_col_inst[0].u_pe_col/pe_inst[0].u_pe_8/N3) has been disconnected.
I: Const net (pin RSTM of inst u_lprnet_top/u_layer24/gen_conv.gen_pages[0].page0.u_pe_page/pe_col_inst[0].u_pe_col/pe_inst[0].u_pe_8/N3) has been disconnected.
I: Const net (pin CEX1 of inst u_lprnet_top/u_layer24/gen_conv.gen_pages[0].page0.u_pe_page/pe_col_inst[1].u_pe_col/pe_inst[0].u_pe/N3) has been disconnected.
I: Const net (pin RSTX of inst u_lprnet_top/u_layer24/gen_conv.gen_pages[0].page0.u_pe_page/pe_col_inst[1].u_pe_col/pe_inst[0].u_pe/N3) has been disconnected.
I: Const net (pin CEY1 of inst u_lprnet_top/u_layer24/gen_conv.gen_pages[0].page0.u_pe_page/pe_col_inst[1].u_pe_col/pe_inst[0].u_pe/N3) has been disconnected.
I: Const net (pin RSTY of inst u_lprnet_top/u_layer24/gen_conv.gen_pages[0].page0.u_pe_page/pe_col_inst[1].u_pe_col/pe_inst[0].u_pe/N3) has been disconnected.
I: Const net (pin CEM of inst u_lprnet_top/u_layer24/gen_conv.gen_pages[0].page0.u_pe_page/pe_col_inst[1].u_pe_col/pe_inst[0].u_pe/N3) has been disconnected.
I: Const net (pin RSTM of inst u_lprnet_top/u_layer24/gen_conv.gen_pages[0].page0.u_pe_page/pe_col_inst[1].u_pe_col/pe_inst[0].u_pe/N3) has been disconnected.
I: Const net (pin CEX1 of inst u_lprnet_top/u_layer24/gen_conv.gen_pages[0].page0.u_pe_page/pe_col_inst[1].u_pe_col/pe_inst[0].u_pe_1/N3) has been disconnected.
I: Const net (pin RSTX of inst u_lprnet_top/u_layer24/gen_conv.gen_pages[0].page0.u_pe_page/pe_col_inst[1].u_pe_col/pe_inst[0].u_pe_1/N3) has been disconnected.
I: Const net (pin CEY1 of inst u_lprnet_top/u_layer24/gen_conv.gen_pages[0].page0.u_pe_page/pe_col_inst[1].u_pe_col/pe_inst[0].u_pe_1/N3) has been disconnected.
I: Const net (pin RSTY of inst u_lprnet_top/u_layer24/gen_conv.gen_pages[0].page0.u_pe_page/pe_col_inst[1].u_pe_col/pe_inst[0].u_pe_1/N3) has been disconnected.
I: Const net (pin CEM of inst u_lprnet_top/u_layer24/gen_conv.gen_pages[0].page0.u_pe_page/pe_col_inst[1].u_pe_col/pe_inst[0].u_pe_1/N3) has been disconnected.
I: Const net (pin RSTM of inst u_lprnet_top/u_layer24/gen_conv.gen_pages[0].page0.u_pe_page/pe_col_inst[1].u_pe_col/pe_inst[0].u_pe_1/N3) has been disconnected.
I: Const net (pin CEX1 of inst u_lprnet_top/u_layer24/gen_conv.gen_pages[0].page0.u_pe_page/pe_col_inst[1].u_pe_col/pe_inst[0].u_pe_2/N3) has been disconnected.
I: Const net (pin RSTX of inst u_lprnet_top/u_layer24/gen_conv.gen_pages[0].page0.u_pe_page/pe_col_inst[1].u_pe_col/pe_inst[0].u_pe_2/N3) has been disconnected.
I: Const net (pin CEY1 of inst u_lprnet_top/u_layer24/gen_conv.gen_pages[0].page0.u_pe_page/pe_col_inst[1].u_pe_col/pe_inst[0].u_pe_2/N3) has been disconnected.
I: Const net (pin RSTY of inst u_lprnet_top/u_layer24/gen_conv.gen_pages[0].page0.u_pe_page/pe_col_inst[1].u_pe_col/pe_inst[0].u_pe_2/N3) has been disconnected.
I: Const net (pin CEM of inst u_lprnet_top/u_layer24/gen_conv.gen_pages[0].page0.u_pe_page/pe_col_inst[1].u_pe_col/pe_inst[0].u_pe_2/N3) has been disconnected.
I: Const net (pin RSTM of inst u_lprnet_top/u_layer24/gen_conv.gen_pages[0].page0.u_pe_page/pe_col_inst[1].u_pe_col/pe_inst[0].u_pe_2/N3) has been disconnected.
I: Const net (pin CEX1 of inst u_lprnet_top/u_layer24/gen_conv.gen_pages[0].page0.u_pe_page/pe_col_inst[1].u_pe_col/pe_inst[0].u_pe_3/N3) has been disconnected.
I: Const net (pin RSTX of inst u_lprnet_top/u_layer24/gen_conv.gen_pages[0].page0.u_pe_page/pe_col_inst[1].u_pe_col/pe_inst[0].u_pe_3/N3) has been disconnected.
I: Const net (pin CEY1 of inst u_lprnet_top/u_layer24/gen_conv.gen_pages[0].page0.u_pe_page/pe_col_inst[1].u_pe_col/pe_inst[0].u_pe_3/N3) has been disconnected.
I: Const net (pin RSTY of inst u_lprnet_top/u_layer24/gen_conv.gen_pages[0].page0.u_pe_page/pe_col_inst[1].u_pe_col/pe_inst[0].u_pe_3/N3) has been disconnected.
I: Const net (pin CEM of inst u_lprnet_top/u_layer24/gen_conv.gen_pages[0].page0.u_pe_page/pe_col_inst[1].u_pe_col/pe_inst[0].u_pe_3/N3) has been disconnected.
I: Const net (pin RSTM of inst u_lprnet_top/u_layer24/gen_conv.gen_pages[0].page0.u_pe_page/pe_col_inst[1].u_pe_col/pe_inst[0].u_pe_3/N3) has been disconnected.
I: Const net (pin CEX1 of inst u_lprnet_top/u_layer24/gen_conv.gen_pages[0].page0.u_pe_page/pe_col_inst[1].u_pe_col/pe_inst[0].u_pe_4/N3) has been disconnected.
I: Const net (pin RSTX of inst u_lprnet_top/u_layer24/gen_conv.gen_pages[0].page0.u_pe_page/pe_col_inst[1].u_pe_col/pe_inst[0].u_pe_4/N3) has been disconnected.
I: Const net (pin CEY1 of inst u_lprnet_top/u_layer24/gen_conv.gen_pages[0].page0.u_pe_page/pe_col_inst[1].u_pe_col/pe_inst[0].u_pe_4/N3) has been disconnected.
I: Const net (pin RSTY of inst u_lprnet_top/u_layer24/gen_conv.gen_pages[0].page0.u_pe_page/pe_col_inst[1].u_pe_col/pe_inst[0].u_pe_4/N3) has been disconnected.
I: Const net (pin CEM of inst u_lprnet_top/u_layer24/gen_conv.gen_pages[0].page0.u_pe_page/pe_col_inst[1].u_pe_col/pe_inst[0].u_pe_4/N3) has been disconnected.
I: Const net (pin RSTM of inst u_lprnet_top/u_layer24/gen_conv.gen_pages[0].page0.u_pe_page/pe_col_inst[1].u_pe_col/pe_inst[0].u_pe_4/N3) has been disconnected.
I: Const net (pin CEX1 of inst u_lprnet_top/u_layer24/gen_conv.gen_pages[0].page0.u_pe_page/pe_col_inst[1].u_pe_col/pe_inst[0].u_pe_5/N3) has been disconnected.
I: Const net (pin RSTX of inst u_lprnet_top/u_layer24/gen_conv.gen_pages[0].page0.u_pe_page/pe_col_inst[1].u_pe_col/pe_inst[0].u_pe_5/N3) has been disconnected.
I: Const net (pin CEY1 of inst u_lprnet_top/u_layer24/gen_conv.gen_pages[0].page0.u_pe_page/pe_col_inst[1].u_pe_col/pe_inst[0].u_pe_5/N3) has been disconnected.
I: Const net (pin RSTY of inst u_lprnet_top/u_layer24/gen_conv.gen_pages[0].page0.u_pe_page/pe_col_inst[1].u_pe_col/pe_inst[0].u_pe_5/N3) has been disconnected.
I: Const net (pin CEM of inst u_lprnet_top/u_layer24/gen_conv.gen_pages[0].page0.u_pe_page/pe_col_inst[1].u_pe_col/pe_inst[0].u_pe_5/N3) has been disconnected.
I: Const net (pin RSTM of inst u_lprnet_top/u_layer24/gen_conv.gen_pages[0].page0.u_pe_page/pe_col_inst[1].u_pe_col/pe_inst[0].u_pe_5/N3) has been disconnected.
I: Const net (pin CEX1 of inst u_lprnet_top/u_layer24/gen_conv.gen_pages[0].page0.u_pe_page/pe_col_inst[1].u_pe_col/pe_inst[0].u_pe_6/N3) has been disconnected.
I: Const net (pin RSTX of inst u_lprnet_top/u_layer24/gen_conv.gen_pages[0].page0.u_pe_page/pe_col_inst[1].u_pe_col/pe_inst[0].u_pe_6/N3) has been disconnected.
I: Const net (pin CEY1 of inst u_lprnet_top/u_layer24/gen_conv.gen_pages[0].page0.u_pe_page/pe_col_inst[1].u_pe_col/pe_inst[0].u_pe_6/N3) has been disconnected.
I: Const net (pin RSTY of inst u_lprnet_top/u_layer24/gen_conv.gen_pages[0].page0.u_pe_page/pe_col_inst[1].u_pe_col/pe_inst[0].u_pe_6/N3) has been disconnected.
I: Const net (pin CEM of inst u_lprnet_top/u_layer24/gen_conv.gen_pages[0].page0.u_pe_page/pe_col_inst[1].u_pe_col/pe_inst[0].u_pe_6/N3) has been disconnected.
I: Const net (pin RSTM of inst u_lprnet_top/u_layer24/gen_conv.gen_pages[0].page0.u_pe_page/pe_col_inst[1].u_pe_col/pe_inst[0].u_pe_6/N3) has been disconnected.
I: Const net (pin CEX1 of inst u_lprnet_top/u_layer24/gen_conv.gen_pages[0].page0.u_pe_page/pe_col_inst[1].u_pe_col/pe_inst[0].u_pe_7/N3) has been disconnected.
I: Const net (pin RSTX of inst u_lprnet_top/u_layer24/gen_conv.gen_pages[0].page0.u_pe_page/pe_col_inst[1].u_pe_col/pe_inst[0].u_pe_7/N3) has been disconnected.
I: Const net (pin CEY1 of inst u_lprnet_top/u_layer24/gen_conv.gen_pages[0].page0.u_pe_page/pe_col_inst[1].u_pe_col/pe_inst[0].u_pe_7/N3) has been disconnected.
I: Const net (pin RSTY of inst u_lprnet_top/u_layer24/gen_conv.gen_pages[0].page0.u_pe_page/pe_col_inst[1].u_pe_col/pe_inst[0].u_pe_7/N3) has been disconnected.
I: Const net (pin CEM of inst u_lprnet_top/u_layer24/gen_conv.gen_pages[0].page0.u_pe_page/pe_col_inst[1].u_pe_col/pe_inst[0].u_pe_7/N3) has been disconnected.
I: Const net (pin RSTM of inst u_lprnet_top/u_layer24/gen_conv.gen_pages[0].page0.u_pe_page/pe_col_inst[1].u_pe_col/pe_inst[0].u_pe_7/N3) has been disconnected.
I: Const net (pin CEX1 of inst u_lprnet_top/u_layer24/gen_conv.gen_pages[0].page0.u_pe_page/pe_col_inst[1].u_pe_col/pe_inst[0].u_pe_8/N3) has been disconnected.
I: Const net (pin RSTX of inst u_lprnet_top/u_layer24/gen_conv.gen_pages[0].page0.u_pe_page/pe_col_inst[1].u_pe_col/pe_inst[0].u_pe_8/N3) has been disconnected.
I: Const net (pin CEY1 of inst u_lprnet_top/u_layer24/gen_conv.gen_pages[0].page0.u_pe_page/pe_col_inst[1].u_pe_col/pe_inst[0].u_pe_8/N3) has been disconnected.
I: Const net (pin RSTY of inst u_lprnet_top/u_layer24/gen_conv.gen_pages[0].page0.u_pe_page/pe_col_inst[1].u_pe_col/pe_inst[0].u_pe_8/N3) has been disconnected.
I: Const net (pin CEM of inst u_lprnet_top/u_layer24/gen_conv.gen_pages[0].page0.u_pe_page/pe_col_inst[1].u_pe_col/pe_inst[0].u_pe_8/N3) has been disconnected.
I: Const net (pin RSTM of inst u_lprnet_top/u_layer24/gen_conv.gen_pages[0].page0.u_pe_page/pe_col_inst[1].u_pe_col/pe_inst[0].u_pe_8/N3) has been disconnected.
I: Const net (pin CEX1 of inst u_lprnet_top/u_layer24/gen_conv.gen_pages[1].page1.u_pe_page/pe_col_inst[0].u_pe_col/pe_inst[0].u_pe/N3) has been disconnected.
I: Const net (pin RSTX of inst u_lprnet_top/u_layer24/gen_conv.gen_pages[1].page1.u_pe_page/pe_col_inst[0].u_pe_col/pe_inst[0].u_pe/N3) has been disconnected.
I: Const net (pin CEY1 of inst u_lprnet_top/u_layer24/gen_conv.gen_pages[1].page1.u_pe_page/pe_col_inst[0].u_pe_col/pe_inst[0].u_pe/N3) has been disconnected.
I: Const net (pin RSTY of inst u_lprnet_top/u_layer24/gen_conv.gen_pages[1].page1.u_pe_page/pe_col_inst[0].u_pe_col/pe_inst[0].u_pe/N3) has been disconnected.
I: Const net (pin CEM of inst u_lprnet_top/u_layer24/gen_conv.gen_pages[1].page1.u_pe_page/pe_col_inst[0].u_pe_col/pe_inst[0].u_pe/N3) has been disconnected.
I: Const net (pin RSTM of inst u_lprnet_top/u_layer24/gen_conv.gen_pages[1].page1.u_pe_page/pe_col_inst[0].u_pe_col/pe_inst[0].u_pe/N3) has been disconnected.
I: Const net (pin CEX1 of inst u_lprnet_top/u_layer24/gen_conv.gen_pages[1].page1.u_pe_page/pe_col_inst[0].u_pe_col/pe_inst[0].u_pe_1/N3) has been disconnected.
I: Const net (pin RSTX of inst u_lprnet_top/u_layer24/gen_conv.gen_pages[1].page1.u_pe_page/pe_col_inst[0].u_pe_col/pe_inst[0].u_pe_1/N3) has been disconnected.
I: Const net (pin CEY1 of inst u_lprnet_top/u_layer24/gen_conv.gen_pages[1].page1.u_pe_page/pe_col_inst[0].u_pe_col/pe_inst[0].u_pe_1/N3) has been disconnected.
I: Const net (pin RSTY of inst u_lprnet_top/u_layer24/gen_conv.gen_pages[1].page1.u_pe_page/pe_col_inst[0].u_pe_col/pe_inst[0].u_pe_1/N3) has been disconnected.
I: Const net (pin CEM of inst u_lprnet_top/u_layer24/gen_conv.gen_pages[1].page1.u_pe_page/pe_col_inst[0].u_pe_col/pe_inst[0].u_pe_1/N3) has been disconnected.
I: Const net (pin RSTM of inst u_lprnet_top/u_layer24/gen_conv.gen_pages[1].page1.u_pe_page/pe_col_inst[0].u_pe_col/pe_inst[0].u_pe_1/N3) has been disconnected.
I: Const net (pin CEX1 of inst u_lprnet_top/u_layer24/gen_conv.gen_pages[1].page1.u_pe_page/pe_col_inst[0].u_pe_col/pe_inst[0].u_pe_2/N3) has been disconnected.
I: Const net (pin RSTX of inst u_lprnet_top/u_layer24/gen_conv.gen_pages[1].page1.u_pe_page/pe_col_inst[0].u_pe_col/pe_inst[0].u_pe_2/N3) has been disconnected.
I: Const net (pin CEY1 of inst u_lprnet_top/u_layer24/gen_conv.gen_pages[1].page1.u_pe_page/pe_col_inst[0].u_pe_col/pe_inst[0].u_pe_2/N3) has been disconnected.
I: Const net (pin RSTY of inst u_lprnet_top/u_layer24/gen_conv.gen_pages[1].page1.u_pe_page/pe_col_inst[0].u_pe_col/pe_inst[0].u_pe_2/N3) has been disconnected.
I: Const net (pin CEM of inst u_lprnet_top/u_layer24/gen_conv.gen_pages[1].page1.u_pe_page/pe_col_inst[0].u_pe_col/pe_inst[0].u_pe_2/N3) has been disconnected.
I: Const net (pin RSTM of inst u_lprnet_top/u_layer24/gen_conv.gen_pages[1].page1.u_pe_page/pe_col_inst[0].u_pe_col/pe_inst[0].u_pe_2/N3) has been disconnected.
I: Const net (pin CEX1 of inst u_lprnet_top/u_layer24/gen_conv.gen_pages[1].page1.u_pe_page/pe_col_inst[0].u_pe_col/pe_inst[0].u_pe_3/N3) has been disconnected.
I: Const net (pin RSTX of inst u_lprnet_top/u_layer24/gen_conv.gen_pages[1].page1.u_pe_page/pe_col_inst[0].u_pe_col/pe_inst[0].u_pe_3/N3) has been disconnected.
I: Const net (pin CEY1 of inst u_lprnet_top/u_layer24/gen_conv.gen_pages[1].page1.u_pe_page/pe_col_inst[0].u_pe_col/pe_inst[0].u_pe_3/N3) has been disconnected.
I: Const net (pin RSTY of inst u_lprnet_top/u_layer24/gen_conv.gen_pages[1].page1.u_pe_page/pe_col_inst[0].u_pe_col/pe_inst[0].u_pe_3/N3) has been disconnected.
I: Const net (pin CEM of inst u_lprnet_top/u_layer24/gen_conv.gen_pages[1].page1.u_pe_page/pe_col_inst[0].u_pe_col/pe_inst[0].u_pe_3/N3) has been disconnected.
I: Const net (pin RSTM of inst u_lprnet_top/u_layer24/gen_conv.gen_pages[1].page1.u_pe_page/pe_col_inst[0].u_pe_col/pe_inst[0].u_pe_3/N3) has been disconnected.
I: Const net (pin CEX1 of inst u_lprnet_top/u_layer24/gen_conv.gen_pages[1].page1.u_pe_page/pe_col_inst[0].u_pe_col/pe_inst[0].u_pe_4/N3) has been disconnected.
I: Const net (pin RSTX of inst u_lprnet_top/u_layer24/gen_conv.gen_pages[1].page1.u_pe_page/pe_col_inst[0].u_pe_col/pe_inst[0].u_pe_4/N3) has been disconnected.
I: Const net (pin CEY1 of inst u_lprnet_top/u_layer24/gen_conv.gen_pages[1].page1.u_pe_page/pe_col_inst[0].u_pe_col/pe_inst[0].u_pe_4/N3) has been disconnected.
I: Const net (pin RSTY of inst u_lprnet_top/u_layer24/gen_conv.gen_pages[1].page1.u_pe_page/pe_col_inst[0].u_pe_col/pe_inst[0].u_pe_4/N3) has been disconnected.
I: Const net (pin CEM of inst u_lprnet_top/u_layer24/gen_conv.gen_pages[1].page1.u_pe_page/pe_col_inst[0].u_pe_col/pe_inst[0].u_pe_4/N3) has been disconnected.
I: Const net (pin RSTM of inst u_lprnet_top/u_layer24/gen_conv.gen_pages[1].page1.u_pe_page/pe_col_inst[0].u_pe_col/pe_inst[0].u_pe_4/N3) has been disconnected.
I: Const net (pin CEX1 of inst u_lprnet_top/u_layer24/gen_conv.gen_pages[1].page1.u_pe_page/pe_col_inst[0].u_pe_col/pe_inst[0].u_pe_5/N3) has been disconnected.
I: Const net (pin RSTX of inst u_lprnet_top/u_layer24/gen_conv.gen_pages[1].page1.u_pe_page/pe_col_inst[0].u_pe_col/pe_inst[0].u_pe_5/N3) has been disconnected.
I: Const net (pin CEY1 of inst u_lprnet_top/u_layer24/gen_conv.gen_pages[1].page1.u_pe_page/pe_col_inst[0].u_pe_col/pe_inst[0].u_pe_5/N3) has been disconnected.
I: Const net (pin RSTY of inst u_lprnet_top/u_layer24/gen_conv.gen_pages[1].page1.u_pe_page/pe_col_inst[0].u_pe_col/pe_inst[0].u_pe_5/N3) has been disconnected.
I: Const net (pin CEM of inst u_lprnet_top/u_layer24/gen_conv.gen_pages[1].page1.u_pe_page/pe_col_inst[0].u_pe_col/pe_inst[0].u_pe_5/N3) has been disconnected.
I: Const net (pin RSTM of inst u_lprnet_top/u_layer24/gen_conv.gen_pages[1].page1.u_pe_page/pe_col_inst[0].u_pe_col/pe_inst[0].u_pe_5/N3) has been disconnected.
I: Const net (pin CEX1 of inst u_lprnet_top/u_layer24/gen_conv.gen_pages[1].page1.u_pe_page/pe_col_inst[0].u_pe_col/pe_inst[0].u_pe_6/N3) has been disconnected.
I: Const net (pin RSTX of inst u_lprnet_top/u_layer24/gen_conv.gen_pages[1].page1.u_pe_page/pe_col_inst[0].u_pe_col/pe_inst[0].u_pe_6/N3) has been disconnected.
I: Const net (pin CEY1 of inst u_lprnet_top/u_layer24/gen_conv.gen_pages[1].page1.u_pe_page/pe_col_inst[0].u_pe_col/pe_inst[0].u_pe_6/N3) has been disconnected.
I: Const net (pin RSTY of inst u_lprnet_top/u_layer24/gen_conv.gen_pages[1].page1.u_pe_page/pe_col_inst[0].u_pe_col/pe_inst[0].u_pe_6/N3) has been disconnected.
I: Const net (pin CEM of inst u_lprnet_top/u_layer24/gen_conv.gen_pages[1].page1.u_pe_page/pe_col_inst[0].u_pe_col/pe_inst[0].u_pe_6/N3) has been disconnected.
I: Const net (pin RSTM of inst u_lprnet_top/u_layer24/gen_conv.gen_pages[1].page1.u_pe_page/pe_col_inst[0].u_pe_col/pe_inst[0].u_pe_6/N3) has been disconnected.
I: Const net (pin CEX1 of inst u_lprnet_top/u_layer24/gen_conv.gen_pages[1].page1.u_pe_page/pe_col_inst[0].u_pe_col/pe_inst[0].u_pe_7/N3) has been disconnected.
I: Const net (pin RSTX of inst u_lprnet_top/u_layer24/gen_conv.gen_pages[1].page1.u_pe_page/pe_col_inst[0].u_pe_col/pe_inst[0].u_pe_7/N3) has been disconnected.
I: Const net (pin CEY1 of inst u_lprnet_top/u_layer24/gen_conv.gen_pages[1].page1.u_pe_page/pe_col_inst[0].u_pe_col/pe_inst[0].u_pe_7/N3) has been disconnected.
I: Const net (pin RSTY of inst u_lprnet_top/u_layer24/gen_conv.gen_pages[1].page1.u_pe_page/pe_col_inst[0].u_pe_col/pe_inst[0].u_pe_7/N3) has been disconnected.
I: Const net (pin CEM of inst u_lprnet_top/u_layer24/gen_conv.gen_pages[1].page1.u_pe_page/pe_col_inst[0].u_pe_col/pe_inst[0].u_pe_7/N3) has been disconnected.
I: Const net (pin RSTM of inst u_lprnet_top/u_layer24/gen_conv.gen_pages[1].page1.u_pe_page/pe_col_inst[0].u_pe_col/pe_inst[0].u_pe_7/N3) has been disconnected.
I: Const net (pin CEX1 of inst u_lprnet_top/u_layer24/gen_conv.gen_pages[1].page1.u_pe_page/pe_col_inst[0].u_pe_col/pe_inst[0].u_pe_8/N3) has been disconnected.
I: Const net (pin RSTX of inst u_lprnet_top/u_layer24/gen_conv.gen_pages[1].page1.u_pe_page/pe_col_inst[0].u_pe_col/pe_inst[0].u_pe_8/N3) has been disconnected.
I: Const net (pin CEY1 of inst u_lprnet_top/u_layer24/gen_conv.gen_pages[1].page1.u_pe_page/pe_col_inst[0].u_pe_col/pe_inst[0].u_pe_8/N3) has been disconnected.
I: Const net (pin RSTY of inst u_lprnet_top/u_layer24/gen_conv.gen_pages[1].page1.u_pe_page/pe_col_inst[0].u_pe_col/pe_inst[0].u_pe_8/N3) has been disconnected.
I: Const net (pin CEM of inst u_lprnet_top/u_layer24/gen_conv.gen_pages[1].page1.u_pe_page/pe_col_inst[0].u_pe_col/pe_inst[0].u_pe_8/N3) has been disconnected.
I: Const net (pin RSTM of inst u_lprnet_top/u_layer24/gen_conv.gen_pages[1].page1.u_pe_page/pe_col_inst[0].u_pe_col/pe_inst[0].u_pe_8/N3) has been disconnected.
I: Const net (pin CEX1 of inst u_lprnet_top/u_layer24/gen_conv.gen_pages[1].page1.u_pe_page/pe_col_inst[1].u_pe_col/pe_inst[0].u_pe/N3) has been disconnected.
I: Const net (pin RSTX of inst u_lprnet_top/u_layer24/gen_conv.gen_pages[1].page1.u_pe_page/pe_col_inst[1].u_pe_col/pe_inst[0].u_pe/N3) has been disconnected.
I: Const net (pin CEY1 of inst u_lprnet_top/u_layer24/gen_conv.gen_pages[1].page1.u_pe_page/pe_col_inst[1].u_pe_col/pe_inst[0].u_pe/N3) has been disconnected.
I: Const net (pin RSTY of inst u_lprnet_top/u_layer24/gen_conv.gen_pages[1].page1.u_pe_page/pe_col_inst[1].u_pe_col/pe_inst[0].u_pe/N3) has been disconnected.
I: Const net (pin CEM of inst u_lprnet_top/u_layer24/gen_conv.gen_pages[1].page1.u_pe_page/pe_col_inst[1].u_pe_col/pe_inst[0].u_pe/N3) has been disconnected.
I: Const net (pin RSTM of inst u_lprnet_top/u_layer24/gen_conv.gen_pages[1].page1.u_pe_page/pe_col_inst[1].u_pe_col/pe_inst[0].u_pe/N3) has been disconnected.
I: Const net (pin CEX1 of inst u_lprnet_top/u_layer24/gen_conv.gen_pages[1].page1.u_pe_page/pe_col_inst[1].u_pe_col/pe_inst[0].u_pe_1/N3) has been disconnected.
I: Const net (pin RSTX of inst u_lprnet_top/u_layer24/gen_conv.gen_pages[1].page1.u_pe_page/pe_col_inst[1].u_pe_col/pe_inst[0].u_pe_1/N3) has been disconnected.
I: Const net (pin CEY1 of inst u_lprnet_top/u_layer24/gen_conv.gen_pages[1].page1.u_pe_page/pe_col_inst[1].u_pe_col/pe_inst[0].u_pe_1/N3) has been disconnected.
I: Const net (pin RSTY of inst u_lprnet_top/u_layer24/gen_conv.gen_pages[1].page1.u_pe_page/pe_col_inst[1].u_pe_col/pe_inst[0].u_pe_1/N3) has been disconnected.
I: Const net (pin CEM of inst u_lprnet_top/u_layer24/gen_conv.gen_pages[1].page1.u_pe_page/pe_col_inst[1].u_pe_col/pe_inst[0].u_pe_1/N3) has been disconnected.
I: Const net (pin RSTM of inst u_lprnet_top/u_layer24/gen_conv.gen_pages[1].page1.u_pe_page/pe_col_inst[1].u_pe_col/pe_inst[0].u_pe_1/N3) has been disconnected.
I: Const net (pin CEX1 of inst u_lprnet_top/u_layer24/gen_conv.gen_pages[1].page1.u_pe_page/pe_col_inst[1].u_pe_col/pe_inst[0].u_pe_2/N3) has been disconnected.
I: Const net (pin RSTX of inst u_lprnet_top/u_layer24/gen_conv.gen_pages[1].page1.u_pe_page/pe_col_inst[1].u_pe_col/pe_inst[0].u_pe_2/N3) has been disconnected.
I: Const net (pin CEY1 of inst u_lprnet_top/u_layer24/gen_conv.gen_pages[1].page1.u_pe_page/pe_col_inst[1].u_pe_col/pe_inst[0].u_pe_2/N3) has been disconnected.
I: Const net (pin RSTY of inst u_lprnet_top/u_layer24/gen_conv.gen_pages[1].page1.u_pe_page/pe_col_inst[1].u_pe_col/pe_inst[0].u_pe_2/N3) has been disconnected.
I: Const net (pin CEM of inst u_lprnet_top/u_layer24/gen_conv.gen_pages[1].page1.u_pe_page/pe_col_inst[1].u_pe_col/pe_inst[0].u_pe_2/N3) has been disconnected.
I: Const net (pin RSTM of inst u_lprnet_top/u_layer24/gen_conv.gen_pages[1].page1.u_pe_page/pe_col_inst[1].u_pe_col/pe_inst[0].u_pe_2/N3) has been disconnected.
I: Const net (pin CEX1 of inst u_lprnet_top/u_layer24/gen_conv.gen_pages[1].page1.u_pe_page/pe_col_inst[1].u_pe_col/pe_inst[0].u_pe_3/N3) has been disconnected.
I: Const net (pin RSTX of inst u_lprnet_top/u_layer24/gen_conv.gen_pages[1].page1.u_pe_page/pe_col_inst[1].u_pe_col/pe_inst[0].u_pe_3/N3) has been disconnected.
I: Const net (pin CEY1 of inst u_lprnet_top/u_layer24/gen_conv.gen_pages[1].page1.u_pe_page/pe_col_inst[1].u_pe_col/pe_inst[0].u_pe_3/N3) has been disconnected.
I: Const net (pin RSTY of inst u_lprnet_top/u_layer24/gen_conv.gen_pages[1].page1.u_pe_page/pe_col_inst[1].u_pe_col/pe_inst[0].u_pe_3/N3) has been disconnected.
I: Const net (pin CEM of inst u_lprnet_top/u_layer24/gen_conv.gen_pages[1].page1.u_pe_page/pe_col_inst[1].u_pe_col/pe_inst[0].u_pe_3/N3) has been disconnected.
I: Const net (pin RSTM of inst u_lprnet_top/u_layer24/gen_conv.gen_pages[1].page1.u_pe_page/pe_col_inst[1].u_pe_col/pe_inst[0].u_pe_3/N3) has been disconnected.
I: Const net (pin CEX1 of inst u_lprnet_top/u_layer24/gen_conv.gen_pages[1].page1.u_pe_page/pe_col_inst[1].u_pe_col/pe_inst[0].u_pe_4/N3) has been disconnected.
I: Const net (pin RSTX of inst u_lprnet_top/u_layer24/gen_conv.gen_pages[1].page1.u_pe_page/pe_col_inst[1].u_pe_col/pe_inst[0].u_pe_4/N3) has been disconnected.
I: Const net (pin CEY1 of inst u_lprnet_top/u_layer24/gen_conv.gen_pages[1].page1.u_pe_page/pe_col_inst[1].u_pe_col/pe_inst[0].u_pe_4/N3) has been disconnected.
I: Const net (pin RSTY of inst u_lprnet_top/u_layer24/gen_conv.gen_pages[1].page1.u_pe_page/pe_col_inst[1].u_pe_col/pe_inst[0].u_pe_4/N3) has been disconnected.
I: Const net (pin CEM of inst u_lprnet_top/u_layer24/gen_conv.gen_pages[1].page1.u_pe_page/pe_col_inst[1].u_pe_col/pe_inst[0].u_pe_4/N3) has been disconnected.
I: Const net (pin RSTM of inst u_lprnet_top/u_layer24/gen_conv.gen_pages[1].page1.u_pe_page/pe_col_inst[1].u_pe_col/pe_inst[0].u_pe_4/N3) has been disconnected.
I: Const net (pin CEX1 of inst u_lprnet_top/u_layer24/gen_conv.gen_pages[1].page1.u_pe_page/pe_col_inst[1].u_pe_col/pe_inst[0].u_pe_5/N3) has been disconnected.
I: Const net (pin RSTX of inst u_lprnet_top/u_layer24/gen_conv.gen_pages[1].page1.u_pe_page/pe_col_inst[1].u_pe_col/pe_inst[0].u_pe_5/N3) has been disconnected.
I: Const net (pin CEY1 of inst u_lprnet_top/u_layer24/gen_conv.gen_pages[1].page1.u_pe_page/pe_col_inst[1].u_pe_col/pe_inst[0].u_pe_5/N3) has been disconnected.
I: Const net (pin RSTY of inst u_lprnet_top/u_layer24/gen_conv.gen_pages[1].page1.u_pe_page/pe_col_inst[1].u_pe_col/pe_inst[0].u_pe_5/N3) has been disconnected.
I: Const net (pin CEM of inst u_lprnet_top/u_layer24/gen_conv.gen_pages[1].page1.u_pe_page/pe_col_inst[1].u_pe_col/pe_inst[0].u_pe_5/N3) has been disconnected.
I: Const net (pin RSTM of inst u_lprnet_top/u_layer24/gen_conv.gen_pages[1].page1.u_pe_page/pe_col_inst[1].u_pe_col/pe_inst[0].u_pe_5/N3) has been disconnected.
I: Const net (pin CEX1 of inst u_lprnet_top/u_layer24/gen_conv.gen_pages[1].page1.u_pe_page/pe_col_inst[1].u_pe_col/pe_inst[0].u_pe_6/N3) has been disconnected.
I: Const net (pin RSTX of inst u_lprnet_top/u_layer24/gen_conv.gen_pages[1].page1.u_pe_page/pe_col_inst[1].u_pe_col/pe_inst[0].u_pe_6/N3) has been disconnected.
I: Const net (pin CEY1 of inst u_lprnet_top/u_layer24/gen_conv.gen_pages[1].page1.u_pe_page/pe_col_inst[1].u_pe_col/pe_inst[0].u_pe_6/N3) has been disconnected.
I: Const net (pin RSTY of inst u_lprnet_top/u_layer24/gen_conv.gen_pages[1].page1.u_pe_page/pe_col_inst[1].u_pe_col/pe_inst[0].u_pe_6/N3) has been disconnected.
I: Const net (pin CEM of inst u_lprnet_top/u_layer24/gen_conv.gen_pages[1].page1.u_pe_page/pe_col_inst[1].u_pe_col/pe_inst[0].u_pe_6/N3) has been disconnected.
I: Const net (pin RSTM of inst u_lprnet_top/u_layer24/gen_conv.gen_pages[1].page1.u_pe_page/pe_col_inst[1].u_pe_col/pe_inst[0].u_pe_6/N3) has been disconnected.
I: Const net (pin CEX1 of inst u_lprnet_top/u_layer24/gen_conv.gen_pages[1].page1.u_pe_page/pe_col_inst[1].u_pe_col/pe_inst[0].u_pe_7/N3) has been disconnected.
I: Const net (pin RSTX of inst u_lprnet_top/u_layer24/gen_conv.gen_pages[1].page1.u_pe_page/pe_col_inst[1].u_pe_col/pe_inst[0].u_pe_7/N3) has been disconnected.
I: Const net (pin CEY1 of inst u_lprnet_top/u_layer24/gen_conv.gen_pages[1].page1.u_pe_page/pe_col_inst[1].u_pe_col/pe_inst[0].u_pe_7/N3) has been disconnected.
I: Const net (pin RSTY of inst u_lprnet_top/u_layer24/gen_conv.gen_pages[1].page1.u_pe_page/pe_col_inst[1].u_pe_col/pe_inst[0].u_pe_7/N3) has been disconnected.
I: Const net (pin CEM of inst u_lprnet_top/u_layer24/gen_conv.gen_pages[1].page1.u_pe_page/pe_col_inst[1].u_pe_col/pe_inst[0].u_pe_7/N3) has been disconnected.
I: Const net (pin RSTM of inst u_lprnet_top/u_layer24/gen_conv.gen_pages[1].page1.u_pe_page/pe_col_inst[1].u_pe_col/pe_inst[0].u_pe_7/N3) has been disconnected.
I: Const net (pin CEX1 of inst u_lprnet_top/u_layer24/gen_conv.gen_pages[1].page1.u_pe_page/pe_col_inst[1].u_pe_col/pe_inst[0].u_pe_8/N3) has been disconnected.
I: Const net (pin RSTX of inst u_lprnet_top/u_layer24/gen_conv.gen_pages[1].page1.u_pe_page/pe_col_inst[1].u_pe_col/pe_inst[0].u_pe_8/N3) has been disconnected.
I: Const net (pin CEY1 of inst u_lprnet_top/u_layer24/gen_conv.gen_pages[1].page1.u_pe_page/pe_col_inst[1].u_pe_col/pe_inst[0].u_pe_8/N3) has been disconnected.
I: Const net (pin RSTY of inst u_lprnet_top/u_layer24/gen_conv.gen_pages[1].page1.u_pe_page/pe_col_inst[1].u_pe_col/pe_inst[0].u_pe_8/N3) has been disconnected.
I: Const net (pin CEM of inst u_lprnet_top/u_layer24/gen_conv.gen_pages[1].page1.u_pe_page/pe_col_inst[1].u_pe_col/pe_inst[0].u_pe_8/N3) has been disconnected.
I: Const net (pin RSTM of inst u_lprnet_top/u_layer24/gen_conv.gen_pages[1].page1.u_pe_page/pe_col_inst[1].u_pe_col/pe_inst[0].u_pe_8/N3) has been disconnected.
I: Const net (pin CEX1 of inst u_lprnet_top/u_layer26/gen_conv.gen_pages[0].page0.u_pe_page/pe_col_inst[0].u_pe_col/pe_inst[0].u_pe/N3) has been disconnected.
I: Const net (pin RSTX of inst u_lprnet_top/u_layer26/gen_conv.gen_pages[0].page0.u_pe_page/pe_col_inst[0].u_pe_col/pe_inst[0].u_pe/N3) has been disconnected.
I: Const net (pin CEY1 of inst u_lprnet_top/u_layer26/gen_conv.gen_pages[0].page0.u_pe_page/pe_col_inst[0].u_pe_col/pe_inst[0].u_pe/N3) has been disconnected.
I: Const net (pin RSTY of inst u_lprnet_top/u_layer26/gen_conv.gen_pages[0].page0.u_pe_page/pe_col_inst[0].u_pe_col/pe_inst[0].u_pe/N3) has been disconnected.
I: Const net (pin CEM of inst u_lprnet_top/u_layer26/gen_conv.gen_pages[0].page0.u_pe_page/pe_col_inst[0].u_pe_col/pe_inst[0].u_pe/N3) has been disconnected.
I: Const net (pin RSTM of inst u_lprnet_top/u_layer26/gen_conv.gen_pages[0].page0.u_pe_page/pe_col_inst[0].u_pe_col/pe_inst[0].u_pe/N3) has been disconnected.
I: Const net (pin CEX1 of inst u_lprnet_top/u_layer26/gen_conv.gen_pages[0].page0.u_pe_page/pe_col_inst[0].u_pe_col/pe_inst[0].u_pe_1/N3) has been disconnected.
I: Const net (pin RSTX of inst u_lprnet_top/u_layer26/gen_conv.gen_pages[0].page0.u_pe_page/pe_col_inst[0].u_pe_col/pe_inst[0].u_pe_1/N3) has been disconnected.
I: Const net (pin CEY1 of inst u_lprnet_top/u_layer26/gen_conv.gen_pages[0].page0.u_pe_page/pe_col_inst[0].u_pe_col/pe_inst[0].u_pe_1/N3) has been disconnected.
I: Const net (pin RSTY of inst u_lprnet_top/u_layer26/gen_conv.gen_pages[0].page0.u_pe_page/pe_col_inst[0].u_pe_col/pe_inst[0].u_pe_1/N3) has been disconnected.
I: Const net (pin CEM of inst u_lprnet_top/u_layer26/gen_conv.gen_pages[0].page0.u_pe_page/pe_col_inst[0].u_pe_col/pe_inst[0].u_pe_1/N3) has been disconnected.
I: Const net (pin RSTM of inst u_lprnet_top/u_layer26/gen_conv.gen_pages[0].page0.u_pe_page/pe_col_inst[0].u_pe_col/pe_inst[0].u_pe_1/N3) has been disconnected.
I: Const net (pin CEX1 of inst u_lprnet_top/u_layer26/gen_conv.gen_pages[0].page0.u_pe_page/pe_col_inst[0].u_pe_col/pe_inst[0].u_pe_2/N3) has been disconnected.
I: Const net (pin RSTX of inst u_lprnet_top/u_layer26/gen_conv.gen_pages[0].page0.u_pe_page/pe_col_inst[0].u_pe_col/pe_inst[0].u_pe_2/N3) has been disconnected.
I: Const net (pin CEY1 of inst u_lprnet_top/u_layer26/gen_conv.gen_pages[0].page0.u_pe_page/pe_col_inst[0].u_pe_col/pe_inst[0].u_pe_2/N3) has been disconnected.
I: Const net (pin RSTY of inst u_lprnet_top/u_layer26/gen_conv.gen_pages[0].page0.u_pe_page/pe_col_inst[0].u_pe_col/pe_inst[0].u_pe_2/N3) has been disconnected.
I: Const net (pin CEM of inst u_lprnet_top/u_layer26/gen_conv.gen_pages[0].page0.u_pe_page/pe_col_inst[0].u_pe_col/pe_inst[0].u_pe_2/N3) has been disconnected.
I: Const net (pin RSTM of inst u_lprnet_top/u_layer26/gen_conv.gen_pages[0].page0.u_pe_page/pe_col_inst[0].u_pe_col/pe_inst[0].u_pe_2/N3) has been disconnected.
I: Const net (pin CEX1 of inst u_lprnet_top/u_layer26/gen_conv.gen_pages[0].page0.u_pe_page/pe_col_inst[0].u_pe_col/pe_inst[0].u_pe_3/N3) has been disconnected.
I: Const net (pin RSTX of inst u_lprnet_top/u_layer26/gen_conv.gen_pages[0].page0.u_pe_page/pe_col_inst[0].u_pe_col/pe_inst[0].u_pe_3/N3) has been disconnected.
I: Const net (pin CEY1 of inst u_lprnet_top/u_layer26/gen_conv.gen_pages[0].page0.u_pe_page/pe_col_inst[0].u_pe_col/pe_inst[0].u_pe_3/N3) has been disconnected.
I: Const net (pin RSTY of inst u_lprnet_top/u_layer26/gen_conv.gen_pages[0].page0.u_pe_page/pe_col_inst[0].u_pe_col/pe_inst[0].u_pe_3/N3) has been disconnected.
I: Const net (pin CEM of inst u_lprnet_top/u_layer26/gen_conv.gen_pages[0].page0.u_pe_page/pe_col_inst[0].u_pe_col/pe_inst[0].u_pe_3/N3) has been disconnected.
I: Const net (pin RSTM of inst u_lprnet_top/u_layer26/gen_conv.gen_pages[0].page0.u_pe_page/pe_col_inst[0].u_pe_col/pe_inst[0].u_pe_3/N3) has been disconnected.
I: Const net (pin CEX1 of inst u_lprnet_top/u_layer26/gen_conv.gen_pages[0].page0.u_pe_page/pe_col_inst[0].u_pe_col/pe_inst[0].u_pe_4/N3) has been disconnected.
I: Const net (pin RSTX of inst u_lprnet_top/u_layer26/gen_conv.gen_pages[0].page0.u_pe_page/pe_col_inst[0].u_pe_col/pe_inst[0].u_pe_4/N3) has been disconnected.
I: Const net (pin CEY1 of inst u_lprnet_top/u_layer26/gen_conv.gen_pages[0].page0.u_pe_page/pe_col_inst[0].u_pe_col/pe_inst[0].u_pe_4/N3) has been disconnected.
I: Const net (pin RSTY of inst u_lprnet_top/u_layer26/gen_conv.gen_pages[0].page0.u_pe_page/pe_col_inst[0].u_pe_col/pe_inst[0].u_pe_4/N3) has been disconnected.
I: Const net (pin CEM of inst u_lprnet_top/u_layer26/gen_conv.gen_pages[0].page0.u_pe_page/pe_col_inst[0].u_pe_col/pe_inst[0].u_pe_4/N3) has been disconnected.
I: Const net (pin RSTM of inst u_lprnet_top/u_layer26/gen_conv.gen_pages[0].page0.u_pe_page/pe_col_inst[0].u_pe_col/pe_inst[0].u_pe_4/N3) has been disconnected.
I: Const net (pin CEX1 of inst u_lprnet_top/u_layer26/gen_conv.gen_pages[0].page0.u_pe_page/pe_col_inst[0].u_pe_col/pe_inst[0].u_pe_5/N3) has been disconnected.
I: Const net (pin RSTX of inst u_lprnet_top/u_layer26/gen_conv.gen_pages[0].page0.u_pe_page/pe_col_inst[0].u_pe_col/pe_inst[0].u_pe_5/N3) has been disconnected.
I: Const net (pin CEY1 of inst u_lprnet_top/u_layer26/gen_conv.gen_pages[0].page0.u_pe_page/pe_col_inst[0].u_pe_col/pe_inst[0].u_pe_5/N3) has been disconnected.
I: Const net (pin RSTY of inst u_lprnet_top/u_layer26/gen_conv.gen_pages[0].page0.u_pe_page/pe_col_inst[0].u_pe_col/pe_inst[0].u_pe_5/N3) has been disconnected.
I: Const net (pin CEM of inst u_lprnet_top/u_layer26/gen_conv.gen_pages[0].page0.u_pe_page/pe_col_inst[0].u_pe_col/pe_inst[0].u_pe_5/N3) has been disconnected.
I: Const net (pin RSTM of inst u_lprnet_top/u_layer26/gen_conv.gen_pages[0].page0.u_pe_page/pe_col_inst[0].u_pe_col/pe_inst[0].u_pe_5/N3) has been disconnected.
I: Const net (pin CEX1 of inst u_lprnet_top/u_layer26/gen_conv.gen_pages[0].page0.u_pe_page/pe_col_inst[0].u_pe_col/pe_inst[0].u_pe_6/N3) has been disconnected.
I: Const net (pin RSTX of inst u_lprnet_top/u_layer26/gen_conv.gen_pages[0].page0.u_pe_page/pe_col_inst[0].u_pe_col/pe_inst[0].u_pe_6/N3) has been disconnected.
I: Const net (pin CEY1 of inst u_lprnet_top/u_layer26/gen_conv.gen_pages[0].page0.u_pe_page/pe_col_inst[0].u_pe_col/pe_inst[0].u_pe_6/N3) has been disconnected.
I: Const net (pin RSTY of inst u_lprnet_top/u_layer26/gen_conv.gen_pages[0].page0.u_pe_page/pe_col_inst[0].u_pe_col/pe_inst[0].u_pe_6/N3) has been disconnected.
I: Const net (pin CEM of inst u_lprnet_top/u_layer26/gen_conv.gen_pages[0].page0.u_pe_page/pe_col_inst[0].u_pe_col/pe_inst[0].u_pe_6/N3) has been disconnected.
I: Const net (pin RSTM of inst u_lprnet_top/u_layer26/gen_conv.gen_pages[0].page0.u_pe_page/pe_col_inst[0].u_pe_col/pe_inst[0].u_pe_6/N3) has been disconnected.
I: Const net (pin CEX1 of inst u_lprnet_top/u_layer26/gen_conv.gen_pages[0].page0.u_pe_page/pe_col_inst[0].u_pe_col/pe_inst[0].u_pe_7/N3) has been disconnected.
I: Const net (pin RSTX of inst u_lprnet_top/u_layer26/gen_conv.gen_pages[0].page0.u_pe_page/pe_col_inst[0].u_pe_col/pe_inst[0].u_pe_7/N3) has been disconnected.
I: Const net (pin CEY1 of inst u_lprnet_top/u_layer26/gen_conv.gen_pages[0].page0.u_pe_page/pe_col_inst[0].u_pe_col/pe_inst[0].u_pe_7/N3) has been disconnected.
I: Const net (pin RSTY of inst u_lprnet_top/u_layer26/gen_conv.gen_pages[0].page0.u_pe_page/pe_col_inst[0].u_pe_col/pe_inst[0].u_pe_7/N3) has been disconnected.
I: Const net (pin CEM of inst u_lprnet_top/u_layer26/gen_conv.gen_pages[0].page0.u_pe_page/pe_col_inst[0].u_pe_col/pe_inst[0].u_pe_7/N3) has been disconnected.
I: Const net (pin RSTM of inst u_lprnet_top/u_layer26/gen_conv.gen_pages[0].page0.u_pe_page/pe_col_inst[0].u_pe_col/pe_inst[0].u_pe_7/N3) has been disconnected.
I: Const net (pin CEX1 of inst u_lprnet_top/u_layer26/gen_conv.gen_pages[0].page0.u_pe_page/pe_col_inst[0].u_pe_col/pe_inst[0].u_pe_8/N3) has been disconnected.
I: Const net (pin RSTX of inst u_lprnet_top/u_layer26/gen_conv.gen_pages[0].page0.u_pe_page/pe_col_inst[0].u_pe_col/pe_inst[0].u_pe_8/N3) has been disconnected.
I: Const net (pin CEY1 of inst u_lprnet_top/u_layer26/gen_conv.gen_pages[0].page0.u_pe_page/pe_col_inst[0].u_pe_col/pe_inst[0].u_pe_8/N3) has been disconnected.
I: Const net (pin RSTY of inst u_lprnet_top/u_layer26/gen_conv.gen_pages[0].page0.u_pe_page/pe_col_inst[0].u_pe_col/pe_inst[0].u_pe_8/N3) has been disconnected.
I: Const net (pin CEM of inst u_lprnet_top/u_layer26/gen_conv.gen_pages[0].page0.u_pe_page/pe_col_inst[0].u_pe_col/pe_inst[0].u_pe_8/N3) has been disconnected.
I: Const net (pin RSTM of inst u_lprnet_top/u_layer26/gen_conv.gen_pages[0].page0.u_pe_page/pe_col_inst[0].u_pe_col/pe_inst[0].u_pe_8/N3) has been disconnected.
I: Const net (pin CEX1 of inst u_lprnet_top/u_layer26/gen_conv.gen_pages[0].page0.u_pe_page/pe_col_inst[1].u_pe_col/pe_inst[0].u_pe/N3) has been disconnected.
I: Const net (pin RSTX of inst u_lprnet_top/u_layer26/gen_conv.gen_pages[0].page0.u_pe_page/pe_col_inst[1].u_pe_col/pe_inst[0].u_pe/N3) has been disconnected.
I: Const net (pin CEY1 of inst u_lprnet_top/u_layer26/gen_conv.gen_pages[0].page0.u_pe_page/pe_col_inst[1].u_pe_col/pe_inst[0].u_pe/N3) has been disconnected.
I: Const net (pin RSTY of inst u_lprnet_top/u_layer26/gen_conv.gen_pages[0].page0.u_pe_page/pe_col_inst[1].u_pe_col/pe_inst[0].u_pe/N3) has been disconnected.
I: Const net (pin CEM of inst u_lprnet_top/u_layer26/gen_conv.gen_pages[0].page0.u_pe_page/pe_col_inst[1].u_pe_col/pe_inst[0].u_pe/N3) has been disconnected.
I: Const net (pin RSTM of inst u_lprnet_top/u_layer26/gen_conv.gen_pages[0].page0.u_pe_page/pe_col_inst[1].u_pe_col/pe_inst[0].u_pe/N3) has been disconnected.
I: Const net (pin CEX1 of inst u_lprnet_top/u_layer26/gen_conv.gen_pages[0].page0.u_pe_page/pe_col_inst[1].u_pe_col/pe_inst[0].u_pe_1/N3) has been disconnected.
I: Const net (pin RSTX of inst u_lprnet_top/u_layer26/gen_conv.gen_pages[0].page0.u_pe_page/pe_col_inst[1].u_pe_col/pe_inst[0].u_pe_1/N3) has been disconnected.
I: Const net (pin CEY1 of inst u_lprnet_top/u_layer26/gen_conv.gen_pages[0].page0.u_pe_page/pe_col_inst[1].u_pe_col/pe_inst[0].u_pe_1/N3) has been disconnected.
I: Const net (pin RSTY of inst u_lprnet_top/u_layer26/gen_conv.gen_pages[0].page0.u_pe_page/pe_col_inst[1].u_pe_col/pe_inst[0].u_pe_1/N3) has been disconnected.
I: Const net (pin CEM of inst u_lprnet_top/u_layer26/gen_conv.gen_pages[0].page0.u_pe_page/pe_col_inst[1].u_pe_col/pe_inst[0].u_pe_1/N3) has been disconnected.
I: Const net (pin RSTM of inst u_lprnet_top/u_layer26/gen_conv.gen_pages[0].page0.u_pe_page/pe_col_inst[1].u_pe_col/pe_inst[0].u_pe_1/N3) has been disconnected.
I: Const net (pin CEX1 of inst u_lprnet_top/u_layer26/gen_conv.gen_pages[0].page0.u_pe_page/pe_col_inst[1].u_pe_col/pe_inst[0].u_pe_2/N3) has been disconnected.
I: Const net (pin RSTX of inst u_lprnet_top/u_layer26/gen_conv.gen_pages[0].page0.u_pe_page/pe_col_inst[1].u_pe_col/pe_inst[0].u_pe_2/N3) has been disconnected.
I: Const net (pin CEY1 of inst u_lprnet_top/u_layer26/gen_conv.gen_pages[0].page0.u_pe_page/pe_col_inst[1].u_pe_col/pe_inst[0].u_pe_2/N3) has been disconnected.
I: Const net (pin RSTY of inst u_lprnet_top/u_layer26/gen_conv.gen_pages[0].page0.u_pe_page/pe_col_inst[1].u_pe_col/pe_inst[0].u_pe_2/N3) has been disconnected.
I: Const net (pin CEM of inst u_lprnet_top/u_layer26/gen_conv.gen_pages[0].page0.u_pe_page/pe_col_inst[1].u_pe_col/pe_inst[0].u_pe_2/N3) has been disconnected.
I: Const net (pin RSTM of inst u_lprnet_top/u_layer26/gen_conv.gen_pages[0].page0.u_pe_page/pe_col_inst[1].u_pe_col/pe_inst[0].u_pe_2/N3) has been disconnected.
I: Const net (pin CEX1 of inst u_lprnet_top/u_layer26/gen_conv.gen_pages[0].page0.u_pe_page/pe_col_inst[1].u_pe_col/pe_inst[0].u_pe_3/N3) has been disconnected.
I: Const net (pin RSTX of inst u_lprnet_top/u_layer26/gen_conv.gen_pages[0].page0.u_pe_page/pe_col_inst[1].u_pe_col/pe_inst[0].u_pe_3/N3) has been disconnected.
I: Const net (pin CEY1 of inst u_lprnet_top/u_layer26/gen_conv.gen_pages[0].page0.u_pe_page/pe_col_inst[1].u_pe_col/pe_inst[0].u_pe_3/N3) has been disconnected.
I: Const net (pin RSTY of inst u_lprnet_top/u_layer26/gen_conv.gen_pages[0].page0.u_pe_page/pe_col_inst[1].u_pe_col/pe_inst[0].u_pe_3/N3) has been disconnected.
I: Const net (pin CEM of inst u_lprnet_top/u_layer26/gen_conv.gen_pages[0].page0.u_pe_page/pe_col_inst[1].u_pe_col/pe_inst[0].u_pe_3/N3) has been disconnected.
I: Const net (pin RSTM of inst u_lprnet_top/u_layer26/gen_conv.gen_pages[0].page0.u_pe_page/pe_col_inst[1].u_pe_col/pe_inst[0].u_pe_3/N3) has been disconnected.
I: Const net (pin CEX1 of inst u_lprnet_top/u_layer26/gen_conv.gen_pages[0].page0.u_pe_page/pe_col_inst[1].u_pe_col/pe_inst[0].u_pe_4/N3) has been disconnected.
I: Const net (pin RSTX of inst u_lprnet_top/u_layer26/gen_conv.gen_pages[0].page0.u_pe_page/pe_col_inst[1].u_pe_col/pe_inst[0].u_pe_4/N3) has been disconnected.
I: Const net (pin CEY1 of inst u_lprnet_top/u_layer26/gen_conv.gen_pages[0].page0.u_pe_page/pe_col_inst[1].u_pe_col/pe_inst[0].u_pe_4/N3) has been disconnected.
I: Const net (pin RSTY of inst u_lprnet_top/u_layer26/gen_conv.gen_pages[0].page0.u_pe_page/pe_col_inst[1].u_pe_col/pe_inst[0].u_pe_4/N3) has been disconnected.
I: Const net (pin CEM of inst u_lprnet_top/u_layer26/gen_conv.gen_pages[0].page0.u_pe_page/pe_col_inst[1].u_pe_col/pe_inst[0].u_pe_4/N3) has been disconnected.
I: Const net (pin RSTM of inst u_lprnet_top/u_layer26/gen_conv.gen_pages[0].page0.u_pe_page/pe_col_inst[1].u_pe_col/pe_inst[0].u_pe_4/N3) has been disconnected.
I: Const net (pin CEX1 of inst u_lprnet_top/u_layer26/gen_conv.gen_pages[0].page0.u_pe_page/pe_col_inst[1].u_pe_col/pe_inst[0].u_pe_5/N3) has been disconnected.
I: Const net (pin RSTX of inst u_lprnet_top/u_layer26/gen_conv.gen_pages[0].page0.u_pe_page/pe_col_inst[1].u_pe_col/pe_inst[0].u_pe_5/N3) has been disconnected.
I: Const net (pin CEY1 of inst u_lprnet_top/u_layer26/gen_conv.gen_pages[0].page0.u_pe_page/pe_col_inst[1].u_pe_col/pe_inst[0].u_pe_5/N3) has been disconnected.
I: Const net (pin RSTY of inst u_lprnet_top/u_layer26/gen_conv.gen_pages[0].page0.u_pe_page/pe_col_inst[1].u_pe_col/pe_inst[0].u_pe_5/N3) has been disconnected.
I: Const net (pin CEM of inst u_lprnet_top/u_layer26/gen_conv.gen_pages[0].page0.u_pe_page/pe_col_inst[1].u_pe_col/pe_inst[0].u_pe_5/N3) has been disconnected.
I: Const net (pin RSTM of inst u_lprnet_top/u_layer26/gen_conv.gen_pages[0].page0.u_pe_page/pe_col_inst[1].u_pe_col/pe_inst[0].u_pe_5/N3) has been disconnected.
I: Const net (pin CEX1 of inst u_lprnet_top/u_layer26/gen_conv.gen_pages[0].page0.u_pe_page/pe_col_inst[1].u_pe_col/pe_inst[0].u_pe_6/N3) has been disconnected.
I: Const net (pin RSTX of inst u_lprnet_top/u_layer26/gen_conv.gen_pages[0].page0.u_pe_page/pe_col_inst[1].u_pe_col/pe_inst[0].u_pe_6/N3) has been disconnected.
I: Const net (pin CEY1 of inst u_lprnet_top/u_layer26/gen_conv.gen_pages[0].page0.u_pe_page/pe_col_inst[1].u_pe_col/pe_inst[0].u_pe_6/N3) has been disconnected.
I: Const net (pin RSTY of inst u_lprnet_top/u_layer26/gen_conv.gen_pages[0].page0.u_pe_page/pe_col_inst[1].u_pe_col/pe_inst[0].u_pe_6/N3) has been disconnected.
I: Const net (pin CEM of inst u_lprnet_top/u_layer26/gen_conv.gen_pages[0].page0.u_pe_page/pe_col_inst[1].u_pe_col/pe_inst[0].u_pe_6/N3) has been disconnected.
I: Const net (pin RSTM of inst u_lprnet_top/u_layer26/gen_conv.gen_pages[0].page0.u_pe_page/pe_col_inst[1].u_pe_col/pe_inst[0].u_pe_6/N3) has been disconnected.
I: Const net (pin CEX1 of inst u_lprnet_top/u_layer26/gen_conv.gen_pages[0].page0.u_pe_page/pe_col_inst[1].u_pe_col/pe_inst[0].u_pe_7/N3) has been disconnected.
I: Const net (pin RSTX of inst u_lprnet_top/u_layer26/gen_conv.gen_pages[0].page0.u_pe_page/pe_col_inst[1].u_pe_col/pe_inst[0].u_pe_7/N3) has been disconnected.
I: Const net (pin CEY1 of inst u_lprnet_top/u_layer26/gen_conv.gen_pages[0].page0.u_pe_page/pe_col_inst[1].u_pe_col/pe_inst[0].u_pe_7/N3) has been disconnected.
I: Const net (pin RSTY of inst u_lprnet_top/u_layer26/gen_conv.gen_pages[0].page0.u_pe_page/pe_col_inst[1].u_pe_col/pe_inst[0].u_pe_7/N3) has been disconnected.
I: Const net (pin CEM of inst u_lprnet_top/u_layer26/gen_conv.gen_pages[0].page0.u_pe_page/pe_col_inst[1].u_pe_col/pe_inst[0].u_pe_7/N3) has been disconnected.
I: Const net (pin RSTM of inst u_lprnet_top/u_layer26/gen_conv.gen_pages[0].page0.u_pe_page/pe_col_inst[1].u_pe_col/pe_inst[0].u_pe_7/N3) has been disconnected.
I: Const net (pin CEX1 of inst u_lprnet_top/u_layer26/gen_conv.gen_pages[0].page0.u_pe_page/pe_col_inst[1].u_pe_col/pe_inst[0].u_pe_8/N3) has been disconnected.
I: Const net (pin RSTX of inst u_lprnet_top/u_layer26/gen_conv.gen_pages[0].page0.u_pe_page/pe_col_inst[1].u_pe_col/pe_inst[0].u_pe_8/N3) has been disconnected.
I: Const net (pin CEY1 of inst u_lprnet_top/u_layer26/gen_conv.gen_pages[0].page0.u_pe_page/pe_col_inst[1].u_pe_col/pe_inst[0].u_pe_8/N3) has been disconnected.
I: Const net (pin RSTY of inst u_lprnet_top/u_layer26/gen_conv.gen_pages[0].page0.u_pe_page/pe_col_inst[1].u_pe_col/pe_inst[0].u_pe_8/N3) has been disconnected.
I: Const net (pin CEM of inst u_lprnet_top/u_layer26/gen_conv.gen_pages[0].page0.u_pe_page/pe_col_inst[1].u_pe_col/pe_inst[0].u_pe_8/N3) has been disconnected.
I: Const net (pin RSTM of inst u_lprnet_top/u_layer26/gen_conv.gen_pages[0].page0.u_pe_page/pe_col_inst[1].u_pe_col/pe_inst[0].u_pe_8/N3) has been disconnected.
I: Const net (pin CEX1 of inst u_lprnet_top/u_layer26/gen_conv.gen_pages[1].page1.u_pe_page/pe_col_inst[0].u_pe_col/pe_inst[0].u_pe/N3) has been disconnected.
I: Const net (pin RSTX of inst u_lprnet_top/u_layer26/gen_conv.gen_pages[1].page1.u_pe_page/pe_col_inst[0].u_pe_col/pe_inst[0].u_pe/N3) has been disconnected.
I: Const net (pin CEY1 of inst u_lprnet_top/u_layer26/gen_conv.gen_pages[1].page1.u_pe_page/pe_col_inst[0].u_pe_col/pe_inst[0].u_pe/N3) has been disconnected.
I: Const net (pin RSTY of inst u_lprnet_top/u_layer26/gen_conv.gen_pages[1].page1.u_pe_page/pe_col_inst[0].u_pe_col/pe_inst[0].u_pe/N3) has been disconnected.
I: Const net (pin CEM of inst u_lprnet_top/u_layer26/gen_conv.gen_pages[1].page1.u_pe_page/pe_col_inst[0].u_pe_col/pe_inst[0].u_pe/N3) has been disconnected.
I: Const net (pin RSTM of inst u_lprnet_top/u_layer26/gen_conv.gen_pages[1].page1.u_pe_page/pe_col_inst[0].u_pe_col/pe_inst[0].u_pe/N3) has been disconnected.
I: Const net (pin CEX1 of inst u_lprnet_top/u_layer26/gen_conv.gen_pages[1].page1.u_pe_page/pe_col_inst[0].u_pe_col/pe_inst[0].u_pe_1/N3) has been disconnected.
I: Const net (pin RSTX of inst u_lprnet_top/u_layer26/gen_conv.gen_pages[1].page1.u_pe_page/pe_col_inst[0].u_pe_col/pe_inst[0].u_pe_1/N3) has been disconnected.
I: Const net (pin CEY1 of inst u_lprnet_top/u_layer26/gen_conv.gen_pages[1].page1.u_pe_page/pe_col_inst[0].u_pe_col/pe_inst[0].u_pe_1/N3) has been disconnected.
I: Const net (pin RSTY of inst u_lprnet_top/u_layer26/gen_conv.gen_pages[1].page1.u_pe_page/pe_col_inst[0].u_pe_col/pe_inst[0].u_pe_1/N3) has been disconnected.
I: Const net (pin CEM of inst u_lprnet_top/u_layer26/gen_conv.gen_pages[1].page1.u_pe_page/pe_col_inst[0].u_pe_col/pe_inst[0].u_pe_1/N3) has been disconnected.
I: Const net (pin RSTM of inst u_lprnet_top/u_layer26/gen_conv.gen_pages[1].page1.u_pe_page/pe_col_inst[0].u_pe_col/pe_inst[0].u_pe_1/N3) has been disconnected.
I: Const net (pin CEX1 of inst u_lprnet_top/u_layer26/gen_conv.gen_pages[1].page1.u_pe_page/pe_col_inst[0].u_pe_col/pe_inst[0].u_pe_2/N3) has been disconnected.
I: Const net (pin RSTX of inst u_lprnet_top/u_layer26/gen_conv.gen_pages[1].page1.u_pe_page/pe_col_inst[0].u_pe_col/pe_inst[0].u_pe_2/N3) has been disconnected.
I: Const net (pin CEY1 of inst u_lprnet_top/u_layer26/gen_conv.gen_pages[1].page1.u_pe_page/pe_col_inst[0].u_pe_col/pe_inst[0].u_pe_2/N3) has been disconnected.
I: Const net (pin RSTY of inst u_lprnet_top/u_layer26/gen_conv.gen_pages[1].page1.u_pe_page/pe_col_inst[0].u_pe_col/pe_inst[0].u_pe_2/N3) has been disconnected.
I: Const net (pin CEM of inst u_lprnet_top/u_layer26/gen_conv.gen_pages[1].page1.u_pe_page/pe_col_inst[0].u_pe_col/pe_inst[0].u_pe_2/N3) has been disconnected.
I: Const net (pin RSTM of inst u_lprnet_top/u_layer26/gen_conv.gen_pages[1].page1.u_pe_page/pe_col_inst[0].u_pe_col/pe_inst[0].u_pe_2/N3) has been disconnected.
I: Const net (pin CEX1 of inst u_lprnet_top/u_layer26/gen_conv.gen_pages[1].page1.u_pe_page/pe_col_inst[0].u_pe_col/pe_inst[0].u_pe_3/N3) has been disconnected.
I: Const net (pin RSTX of inst u_lprnet_top/u_layer26/gen_conv.gen_pages[1].page1.u_pe_page/pe_col_inst[0].u_pe_col/pe_inst[0].u_pe_3/N3) has been disconnected.
I: Const net (pin CEY1 of inst u_lprnet_top/u_layer26/gen_conv.gen_pages[1].page1.u_pe_page/pe_col_inst[0].u_pe_col/pe_inst[0].u_pe_3/N3) has been disconnected.
I: Const net (pin RSTY of inst u_lprnet_top/u_layer26/gen_conv.gen_pages[1].page1.u_pe_page/pe_col_inst[0].u_pe_col/pe_inst[0].u_pe_3/N3) has been disconnected.
I: Const net (pin CEM of inst u_lprnet_top/u_layer26/gen_conv.gen_pages[1].page1.u_pe_page/pe_col_inst[0].u_pe_col/pe_inst[0].u_pe_3/N3) has been disconnected.
I: Const net (pin RSTM of inst u_lprnet_top/u_layer26/gen_conv.gen_pages[1].page1.u_pe_page/pe_col_inst[0].u_pe_col/pe_inst[0].u_pe_3/N3) has been disconnected.
I: Const net (pin CEX1 of inst u_lprnet_top/u_layer26/gen_conv.gen_pages[1].page1.u_pe_page/pe_col_inst[0].u_pe_col/pe_inst[0].u_pe_4/N3) has been disconnected.
I: Const net (pin RSTX of inst u_lprnet_top/u_layer26/gen_conv.gen_pages[1].page1.u_pe_page/pe_col_inst[0].u_pe_col/pe_inst[0].u_pe_4/N3) has been disconnected.
I: Const net (pin CEY1 of inst u_lprnet_top/u_layer26/gen_conv.gen_pages[1].page1.u_pe_page/pe_col_inst[0].u_pe_col/pe_inst[0].u_pe_4/N3) has been disconnected.
I: Const net (pin RSTY of inst u_lprnet_top/u_layer26/gen_conv.gen_pages[1].page1.u_pe_page/pe_col_inst[0].u_pe_col/pe_inst[0].u_pe_4/N3) has been disconnected.
I: Const net (pin CEM of inst u_lprnet_top/u_layer26/gen_conv.gen_pages[1].page1.u_pe_page/pe_col_inst[0].u_pe_col/pe_inst[0].u_pe_4/N3) has been disconnected.
I: Const net (pin RSTM of inst u_lprnet_top/u_layer26/gen_conv.gen_pages[1].page1.u_pe_page/pe_col_inst[0].u_pe_col/pe_inst[0].u_pe_4/N3) has been disconnected.
I: Const net (pin CEX1 of inst u_lprnet_top/u_layer26/gen_conv.gen_pages[1].page1.u_pe_page/pe_col_inst[0].u_pe_col/pe_inst[0].u_pe_5/N3) has been disconnected.
I: Const net (pin RSTX of inst u_lprnet_top/u_layer26/gen_conv.gen_pages[1].page1.u_pe_page/pe_col_inst[0].u_pe_col/pe_inst[0].u_pe_5/N3) has been disconnected.
I: Const net (pin CEY1 of inst u_lprnet_top/u_layer26/gen_conv.gen_pages[1].page1.u_pe_page/pe_col_inst[0].u_pe_col/pe_inst[0].u_pe_5/N3) has been disconnected.
I: Const net (pin RSTY of inst u_lprnet_top/u_layer26/gen_conv.gen_pages[1].page1.u_pe_page/pe_col_inst[0].u_pe_col/pe_inst[0].u_pe_5/N3) has been disconnected.
I: Const net (pin CEM of inst u_lprnet_top/u_layer26/gen_conv.gen_pages[1].page1.u_pe_page/pe_col_inst[0].u_pe_col/pe_inst[0].u_pe_5/N3) has been disconnected.
I: Const net (pin RSTM of inst u_lprnet_top/u_layer26/gen_conv.gen_pages[1].page1.u_pe_page/pe_col_inst[0].u_pe_col/pe_inst[0].u_pe_5/N3) has been disconnected.
I: Const net (pin CEX1 of inst u_lprnet_top/u_layer26/gen_conv.gen_pages[1].page1.u_pe_page/pe_col_inst[0].u_pe_col/pe_inst[0].u_pe_6/N3) has been disconnected.
I: Const net (pin RSTX of inst u_lprnet_top/u_layer26/gen_conv.gen_pages[1].page1.u_pe_page/pe_col_inst[0].u_pe_col/pe_inst[0].u_pe_6/N3) has been disconnected.
I: Const net (pin CEY1 of inst u_lprnet_top/u_layer26/gen_conv.gen_pages[1].page1.u_pe_page/pe_col_inst[0].u_pe_col/pe_inst[0].u_pe_6/N3) has been disconnected.
I: Const net (pin RSTY of inst u_lprnet_top/u_layer26/gen_conv.gen_pages[1].page1.u_pe_page/pe_col_inst[0].u_pe_col/pe_inst[0].u_pe_6/N3) has been disconnected.
I: Const net (pin CEM of inst u_lprnet_top/u_layer26/gen_conv.gen_pages[1].page1.u_pe_page/pe_col_inst[0].u_pe_col/pe_inst[0].u_pe_6/N3) has been disconnected.
I: Const net (pin RSTM of inst u_lprnet_top/u_layer26/gen_conv.gen_pages[1].page1.u_pe_page/pe_col_inst[0].u_pe_col/pe_inst[0].u_pe_6/N3) has been disconnected.
I: Const net (pin CEX1 of inst u_lprnet_top/u_layer26/gen_conv.gen_pages[1].page1.u_pe_page/pe_col_inst[0].u_pe_col/pe_inst[0].u_pe_7/N3) has been disconnected.
I: Const net (pin RSTX of inst u_lprnet_top/u_layer26/gen_conv.gen_pages[1].page1.u_pe_page/pe_col_inst[0].u_pe_col/pe_inst[0].u_pe_7/N3) has been disconnected.
I: Const net (pin CEY1 of inst u_lprnet_top/u_layer26/gen_conv.gen_pages[1].page1.u_pe_page/pe_col_inst[0].u_pe_col/pe_inst[0].u_pe_7/N3) has been disconnected.
I: Const net (pin RSTY of inst u_lprnet_top/u_layer26/gen_conv.gen_pages[1].page1.u_pe_page/pe_col_inst[0].u_pe_col/pe_inst[0].u_pe_7/N3) has been disconnected.
I: Const net (pin CEM of inst u_lprnet_top/u_layer26/gen_conv.gen_pages[1].page1.u_pe_page/pe_col_inst[0].u_pe_col/pe_inst[0].u_pe_7/N3) has been disconnected.
I: Const net (pin RSTM of inst u_lprnet_top/u_layer26/gen_conv.gen_pages[1].page1.u_pe_page/pe_col_inst[0].u_pe_col/pe_inst[0].u_pe_7/N3) has been disconnected.
I: Const net (pin CEX1 of inst u_lprnet_top/u_layer26/gen_conv.gen_pages[1].page1.u_pe_page/pe_col_inst[0].u_pe_col/pe_inst[0].u_pe_8/N3) has been disconnected.
I: Const net (pin RSTX of inst u_lprnet_top/u_layer26/gen_conv.gen_pages[1].page1.u_pe_page/pe_col_inst[0].u_pe_col/pe_inst[0].u_pe_8/N3) has been disconnected.
I: Const net (pin CEY1 of inst u_lprnet_top/u_layer26/gen_conv.gen_pages[1].page1.u_pe_page/pe_col_inst[0].u_pe_col/pe_inst[0].u_pe_8/N3) has been disconnected.
I: Const net (pin RSTY of inst u_lprnet_top/u_layer26/gen_conv.gen_pages[1].page1.u_pe_page/pe_col_inst[0].u_pe_col/pe_inst[0].u_pe_8/N3) has been disconnected.
I: Const net (pin CEM of inst u_lprnet_top/u_layer26/gen_conv.gen_pages[1].page1.u_pe_page/pe_col_inst[0].u_pe_col/pe_inst[0].u_pe_8/N3) has been disconnected.
I: Const net (pin RSTM of inst u_lprnet_top/u_layer26/gen_conv.gen_pages[1].page1.u_pe_page/pe_col_inst[0].u_pe_col/pe_inst[0].u_pe_8/N3) has been disconnected.
I: Const net (pin CEX1 of inst u_lprnet_top/u_layer26/gen_conv.gen_pages[1].page1.u_pe_page/pe_col_inst[1].u_pe_col/pe_inst[0].u_pe/N3) has been disconnected.
I: Const net (pin RSTX of inst u_lprnet_top/u_layer26/gen_conv.gen_pages[1].page1.u_pe_page/pe_col_inst[1].u_pe_col/pe_inst[0].u_pe/N3) has been disconnected.
I: Const net (pin CEY1 of inst u_lprnet_top/u_layer26/gen_conv.gen_pages[1].page1.u_pe_page/pe_col_inst[1].u_pe_col/pe_inst[0].u_pe/N3) has been disconnected.
I: Const net (pin RSTY of inst u_lprnet_top/u_layer26/gen_conv.gen_pages[1].page1.u_pe_page/pe_col_inst[1].u_pe_col/pe_inst[0].u_pe/N3) has been disconnected.
I: Const net (pin CEM of inst u_lprnet_top/u_layer26/gen_conv.gen_pages[1].page1.u_pe_page/pe_col_inst[1].u_pe_col/pe_inst[0].u_pe/N3) has been disconnected.
I: Const net (pin RSTM of inst u_lprnet_top/u_layer26/gen_conv.gen_pages[1].page1.u_pe_page/pe_col_inst[1].u_pe_col/pe_inst[0].u_pe/N3) has been disconnected.
I: Const net (pin CEX1 of inst u_lprnet_top/u_layer26/gen_conv.gen_pages[1].page1.u_pe_page/pe_col_inst[1].u_pe_col/pe_inst[0].u_pe_1/N3) has been disconnected.
I: Const net (pin RSTX of inst u_lprnet_top/u_layer26/gen_conv.gen_pages[1].page1.u_pe_page/pe_col_inst[1].u_pe_col/pe_inst[0].u_pe_1/N3) has been disconnected.
I: Const net (pin CEY1 of inst u_lprnet_top/u_layer26/gen_conv.gen_pages[1].page1.u_pe_page/pe_col_inst[1].u_pe_col/pe_inst[0].u_pe_1/N3) has been disconnected.
I: Const net (pin RSTY of inst u_lprnet_top/u_layer26/gen_conv.gen_pages[1].page1.u_pe_page/pe_col_inst[1].u_pe_col/pe_inst[0].u_pe_1/N3) has been disconnected.
I: Const net (pin CEM of inst u_lprnet_top/u_layer26/gen_conv.gen_pages[1].page1.u_pe_page/pe_col_inst[1].u_pe_col/pe_inst[0].u_pe_1/N3) has been disconnected.
I: Const net (pin RSTM of inst u_lprnet_top/u_layer26/gen_conv.gen_pages[1].page1.u_pe_page/pe_col_inst[1].u_pe_col/pe_inst[0].u_pe_1/N3) has been disconnected.
I: Const net (pin CEX1 of inst u_lprnet_top/u_layer26/gen_conv.gen_pages[1].page1.u_pe_page/pe_col_inst[1].u_pe_col/pe_inst[0].u_pe_2/N3) has been disconnected.
I: Const net (pin RSTX of inst u_lprnet_top/u_layer26/gen_conv.gen_pages[1].page1.u_pe_page/pe_col_inst[1].u_pe_col/pe_inst[0].u_pe_2/N3) has been disconnected.
I: Const net (pin CEY1 of inst u_lprnet_top/u_layer26/gen_conv.gen_pages[1].page1.u_pe_page/pe_col_inst[1].u_pe_col/pe_inst[0].u_pe_2/N3) has been disconnected.
I: Const net (pin RSTY of inst u_lprnet_top/u_layer26/gen_conv.gen_pages[1].page1.u_pe_page/pe_col_inst[1].u_pe_col/pe_inst[0].u_pe_2/N3) has been disconnected.
I: Const net (pin CEM of inst u_lprnet_top/u_layer26/gen_conv.gen_pages[1].page1.u_pe_page/pe_col_inst[1].u_pe_col/pe_inst[0].u_pe_2/N3) has been disconnected.
I: Const net (pin RSTM of inst u_lprnet_top/u_layer26/gen_conv.gen_pages[1].page1.u_pe_page/pe_col_inst[1].u_pe_col/pe_inst[0].u_pe_2/N3) has been disconnected.
I: Const net (pin CEX1 of inst u_lprnet_top/u_layer26/gen_conv.gen_pages[1].page1.u_pe_page/pe_col_inst[1].u_pe_col/pe_inst[0].u_pe_3/N3) has been disconnected.
I: Const net (pin RSTX of inst u_lprnet_top/u_layer26/gen_conv.gen_pages[1].page1.u_pe_page/pe_col_inst[1].u_pe_col/pe_inst[0].u_pe_3/N3) has been disconnected.
I: Const net (pin CEY1 of inst u_lprnet_top/u_layer26/gen_conv.gen_pages[1].page1.u_pe_page/pe_col_inst[1].u_pe_col/pe_inst[0].u_pe_3/N3) has been disconnected.
I: Const net (pin RSTY of inst u_lprnet_top/u_layer26/gen_conv.gen_pages[1].page1.u_pe_page/pe_col_inst[1].u_pe_col/pe_inst[0].u_pe_3/N3) has been disconnected.
I: Const net (pin CEM of inst u_lprnet_top/u_layer26/gen_conv.gen_pages[1].page1.u_pe_page/pe_col_inst[1].u_pe_col/pe_inst[0].u_pe_3/N3) has been disconnected.
I: Const net (pin RSTM of inst u_lprnet_top/u_layer26/gen_conv.gen_pages[1].page1.u_pe_page/pe_col_inst[1].u_pe_col/pe_inst[0].u_pe_3/N3) has been disconnected.
I: Const net (pin CEX1 of inst u_lprnet_top/u_layer26/gen_conv.gen_pages[1].page1.u_pe_page/pe_col_inst[1].u_pe_col/pe_inst[0].u_pe_4/N3) has been disconnected.
I: Const net (pin RSTX of inst u_lprnet_top/u_layer26/gen_conv.gen_pages[1].page1.u_pe_page/pe_col_inst[1].u_pe_col/pe_inst[0].u_pe_4/N3) has been disconnected.
I: Const net (pin CEY1 of inst u_lprnet_top/u_layer26/gen_conv.gen_pages[1].page1.u_pe_page/pe_col_inst[1].u_pe_col/pe_inst[0].u_pe_4/N3) has been disconnected.
I: Const net (pin RSTY of inst u_lprnet_top/u_layer26/gen_conv.gen_pages[1].page1.u_pe_page/pe_col_inst[1].u_pe_col/pe_inst[0].u_pe_4/N3) has been disconnected.
I: Const net (pin CEM of inst u_lprnet_top/u_layer26/gen_conv.gen_pages[1].page1.u_pe_page/pe_col_inst[1].u_pe_col/pe_inst[0].u_pe_4/N3) has been disconnected.
I: Const net (pin RSTM of inst u_lprnet_top/u_layer26/gen_conv.gen_pages[1].page1.u_pe_page/pe_col_inst[1].u_pe_col/pe_inst[0].u_pe_4/N3) has been disconnected.
I: Const net (pin CEX1 of inst u_lprnet_top/u_layer26/gen_conv.gen_pages[1].page1.u_pe_page/pe_col_inst[1].u_pe_col/pe_inst[0].u_pe_5/N3) has been disconnected.
I: Const net (pin RSTX of inst u_lprnet_top/u_layer26/gen_conv.gen_pages[1].page1.u_pe_page/pe_col_inst[1].u_pe_col/pe_inst[0].u_pe_5/N3) has been disconnected.
I: Const net (pin CEY1 of inst u_lprnet_top/u_layer26/gen_conv.gen_pages[1].page1.u_pe_page/pe_col_inst[1].u_pe_col/pe_inst[0].u_pe_5/N3) has been disconnected.
I: Const net (pin RSTY of inst u_lprnet_top/u_layer26/gen_conv.gen_pages[1].page1.u_pe_page/pe_col_inst[1].u_pe_col/pe_inst[0].u_pe_5/N3) has been disconnected.
I: Const net (pin CEM of inst u_lprnet_top/u_layer26/gen_conv.gen_pages[1].page1.u_pe_page/pe_col_inst[1].u_pe_col/pe_inst[0].u_pe_5/N3) has been disconnected.
I: Const net (pin RSTM of inst u_lprnet_top/u_layer26/gen_conv.gen_pages[1].page1.u_pe_page/pe_col_inst[1].u_pe_col/pe_inst[0].u_pe_5/N3) has been disconnected.
I: Const net (pin CEX1 of inst u_lprnet_top/u_layer26/gen_conv.gen_pages[1].page1.u_pe_page/pe_col_inst[1].u_pe_col/pe_inst[0].u_pe_6/N3) has been disconnected.
I: Const net (pin RSTX of inst u_lprnet_top/u_layer26/gen_conv.gen_pages[1].page1.u_pe_page/pe_col_inst[1].u_pe_col/pe_inst[0].u_pe_6/N3) has been disconnected.
I: Const net (pin CEY1 of inst u_lprnet_top/u_layer26/gen_conv.gen_pages[1].page1.u_pe_page/pe_col_inst[1].u_pe_col/pe_inst[0].u_pe_6/N3) has been disconnected.
I: Const net (pin RSTY of inst u_lprnet_top/u_layer26/gen_conv.gen_pages[1].page1.u_pe_page/pe_col_inst[1].u_pe_col/pe_inst[0].u_pe_6/N3) has been disconnected.
I: Const net (pin CEM of inst u_lprnet_top/u_layer26/gen_conv.gen_pages[1].page1.u_pe_page/pe_col_inst[1].u_pe_col/pe_inst[0].u_pe_6/N3) has been disconnected.
I: Const net (pin RSTM of inst u_lprnet_top/u_layer26/gen_conv.gen_pages[1].page1.u_pe_page/pe_col_inst[1].u_pe_col/pe_inst[0].u_pe_6/N3) has been disconnected.
I: Const net (pin CEX1 of inst u_lprnet_top/u_layer26/gen_conv.gen_pages[1].page1.u_pe_page/pe_col_inst[1].u_pe_col/pe_inst[0].u_pe_7/N3) has been disconnected.
I: Const net (pin RSTX of inst u_lprnet_top/u_layer26/gen_conv.gen_pages[1].page1.u_pe_page/pe_col_inst[1].u_pe_col/pe_inst[0].u_pe_7/N3) has been disconnected.
I: Const net (pin CEY1 of inst u_lprnet_top/u_layer26/gen_conv.gen_pages[1].page1.u_pe_page/pe_col_inst[1].u_pe_col/pe_inst[0].u_pe_7/N3) has been disconnected.
I: Const net (pin RSTY of inst u_lprnet_top/u_layer26/gen_conv.gen_pages[1].page1.u_pe_page/pe_col_inst[1].u_pe_col/pe_inst[0].u_pe_7/N3) has been disconnected.
I: Const net (pin CEM of inst u_lprnet_top/u_layer26/gen_conv.gen_pages[1].page1.u_pe_page/pe_col_inst[1].u_pe_col/pe_inst[0].u_pe_7/N3) has been disconnected.
I: Const net (pin RSTM of inst u_lprnet_top/u_layer26/gen_conv.gen_pages[1].page1.u_pe_page/pe_col_inst[1].u_pe_col/pe_inst[0].u_pe_7/N3) has been disconnected.
I: Const net (pin CEX1 of inst u_lprnet_top/u_layer26/gen_conv.gen_pages[1].page1.u_pe_page/pe_col_inst[1].u_pe_col/pe_inst[0].u_pe_8/N3) has been disconnected.
I: Const net (pin RSTX of inst u_lprnet_top/u_layer26/gen_conv.gen_pages[1].page1.u_pe_page/pe_col_inst[1].u_pe_col/pe_inst[0].u_pe_8/N3) has been disconnected.
I: Const net (pin CEY1 of inst u_lprnet_top/u_layer26/gen_conv.gen_pages[1].page1.u_pe_page/pe_col_inst[1].u_pe_col/pe_inst[0].u_pe_8/N3) has been disconnected.
I: Const net (pin RSTY of inst u_lprnet_top/u_layer26/gen_conv.gen_pages[1].page1.u_pe_page/pe_col_inst[1].u_pe_col/pe_inst[0].u_pe_8/N3) has been disconnected.
I: Const net (pin CEM of inst u_lprnet_top/u_layer26/gen_conv.gen_pages[1].page1.u_pe_page/pe_col_inst[1].u_pe_col/pe_inst[0].u_pe_8/N3) has been disconnected.
I: Const net (pin RSTM of inst u_lprnet_top/u_layer26/gen_conv.gen_pages[1].page1.u_pe_page/pe_col_inst[1].u_pe_col/pe_inst[0].u_pe_8/N3) has been disconnected.
I: Const net (pin CEX1 of inst u_lprnet_top/u_layer27/gen_conv.gen_pages[0].page0.u_pe_page/pe_col_inst[0].u_pe_col/pe_inst[0].u_pe/N3) has been disconnected.
I: Const net (pin RSTX of inst u_lprnet_top/u_layer27/gen_conv.gen_pages[0].page0.u_pe_page/pe_col_inst[0].u_pe_col/pe_inst[0].u_pe/N3) has been disconnected.
I: Const net (pin CEY1 of inst u_lprnet_top/u_layer27/gen_conv.gen_pages[0].page0.u_pe_page/pe_col_inst[0].u_pe_col/pe_inst[0].u_pe/N3) has been disconnected.
I: Const net (pin RSTY of inst u_lprnet_top/u_layer27/gen_conv.gen_pages[0].page0.u_pe_page/pe_col_inst[0].u_pe_col/pe_inst[0].u_pe/N3) has been disconnected.
I: Const net (pin CEM of inst u_lprnet_top/u_layer27/gen_conv.gen_pages[0].page0.u_pe_page/pe_col_inst[0].u_pe_col/pe_inst[0].u_pe/N3) has been disconnected.
I: Const net (pin RSTM of inst u_lprnet_top/u_layer27/gen_conv.gen_pages[0].page0.u_pe_page/pe_col_inst[0].u_pe_col/pe_inst[0].u_pe/N3) has been disconnected.
I: Const net (pin CEX1 of inst u_lprnet_top/u_layer27/gen_conv.gen_pages[0].page0.u_pe_page/pe_col_inst[0].u_pe_col/pe_inst[0].u_pe_1/N3) has been disconnected.
I: Const net (pin RSTX of inst u_lprnet_top/u_layer27/gen_conv.gen_pages[0].page0.u_pe_page/pe_col_inst[0].u_pe_col/pe_inst[0].u_pe_1/N3) has been disconnected.
I: Const net (pin CEY1 of inst u_lprnet_top/u_layer27/gen_conv.gen_pages[0].page0.u_pe_page/pe_col_inst[0].u_pe_col/pe_inst[0].u_pe_1/N3) has been disconnected.
I: Const net (pin RSTY of inst u_lprnet_top/u_layer27/gen_conv.gen_pages[0].page0.u_pe_page/pe_col_inst[0].u_pe_col/pe_inst[0].u_pe_1/N3) has been disconnected.
I: Const net (pin CEM of inst u_lprnet_top/u_layer27/gen_conv.gen_pages[0].page0.u_pe_page/pe_col_inst[0].u_pe_col/pe_inst[0].u_pe_1/N3) has been disconnected.
I: Const net (pin RSTM of inst u_lprnet_top/u_layer27/gen_conv.gen_pages[0].page0.u_pe_page/pe_col_inst[0].u_pe_col/pe_inst[0].u_pe_1/N3) has been disconnected.
I: Const net (pin CEX1 of inst u_lprnet_top/u_layer27/gen_conv.gen_pages[0].page0.u_pe_page/pe_col_inst[0].u_pe_col/pe_inst[0].u_pe_2/N3) has been disconnected.
I: Const net (pin RSTX of inst u_lprnet_top/u_layer27/gen_conv.gen_pages[0].page0.u_pe_page/pe_col_inst[0].u_pe_col/pe_inst[0].u_pe_2/N3) has been disconnected.
I: Const net (pin CEY1 of inst u_lprnet_top/u_layer27/gen_conv.gen_pages[0].page0.u_pe_page/pe_col_inst[0].u_pe_col/pe_inst[0].u_pe_2/N3) has been disconnected.
I: Const net (pin RSTY of inst u_lprnet_top/u_layer27/gen_conv.gen_pages[0].page0.u_pe_page/pe_col_inst[0].u_pe_col/pe_inst[0].u_pe_2/N3) has been disconnected.
I: Const net (pin CEM of inst u_lprnet_top/u_layer27/gen_conv.gen_pages[0].page0.u_pe_page/pe_col_inst[0].u_pe_col/pe_inst[0].u_pe_2/N3) has been disconnected.
I: Const net (pin RSTM of inst u_lprnet_top/u_layer27/gen_conv.gen_pages[0].page0.u_pe_page/pe_col_inst[0].u_pe_col/pe_inst[0].u_pe_2/N3) has been disconnected.
I: Const net (pin CEX1 of inst u_lprnet_top/u_layer27/gen_conv.gen_pages[0].page0.u_pe_page/pe_col_inst[0].u_pe_col/pe_inst[0].u_pe_3/N3) has been disconnected.
I: Const net (pin RSTX of inst u_lprnet_top/u_layer27/gen_conv.gen_pages[0].page0.u_pe_page/pe_col_inst[0].u_pe_col/pe_inst[0].u_pe_3/N3) has been disconnected.
I: Const net (pin CEY1 of inst u_lprnet_top/u_layer27/gen_conv.gen_pages[0].page0.u_pe_page/pe_col_inst[0].u_pe_col/pe_inst[0].u_pe_3/N3) has been disconnected.
I: Const net (pin RSTY of inst u_lprnet_top/u_layer27/gen_conv.gen_pages[0].page0.u_pe_page/pe_col_inst[0].u_pe_col/pe_inst[0].u_pe_3/N3) has been disconnected.
I: Const net (pin CEM of inst u_lprnet_top/u_layer27/gen_conv.gen_pages[0].page0.u_pe_page/pe_col_inst[0].u_pe_col/pe_inst[0].u_pe_3/N3) has been disconnected.
I: Const net (pin RSTM of inst u_lprnet_top/u_layer27/gen_conv.gen_pages[0].page0.u_pe_page/pe_col_inst[0].u_pe_col/pe_inst[0].u_pe_3/N3) has been disconnected.
I: Const net (pin CEX1 of inst u_lprnet_top/u_layer27/gen_conv.gen_pages[0].page0.u_pe_page/pe_col_inst[0].u_pe_col/pe_inst[0].u_pe_4/N3) has been disconnected.
I: Const net (pin RSTX of inst u_lprnet_top/u_layer27/gen_conv.gen_pages[0].page0.u_pe_page/pe_col_inst[0].u_pe_col/pe_inst[0].u_pe_4/N3) has been disconnected.
I: Const net (pin CEY1 of inst u_lprnet_top/u_layer27/gen_conv.gen_pages[0].page0.u_pe_page/pe_col_inst[0].u_pe_col/pe_inst[0].u_pe_4/N3) has been disconnected.
I: Const net (pin RSTY of inst u_lprnet_top/u_layer27/gen_conv.gen_pages[0].page0.u_pe_page/pe_col_inst[0].u_pe_col/pe_inst[0].u_pe_4/N3) has been disconnected.
I: Const net (pin CEM of inst u_lprnet_top/u_layer27/gen_conv.gen_pages[0].page0.u_pe_page/pe_col_inst[0].u_pe_col/pe_inst[0].u_pe_4/N3) has been disconnected.
I: Const net (pin RSTM of inst u_lprnet_top/u_layer27/gen_conv.gen_pages[0].page0.u_pe_page/pe_col_inst[0].u_pe_col/pe_inst[0].u_pe_4/N3) has been disconnected.
I: Const net (pin CEX1 of inst u_lprnet_top/u_layer27/gen_conv.gen_pages[0].page0.u_pe_page/pe_col_inst[0].u_pe_col/pe_inst[0].u_pe_5/N3) has been disconnected.
I: Const net (pin RSTX of inst u_lprnet_top/u_layer27/gen_conv.gen_pages[0].page0.u_pe_page/pe_col_inst[0].u_pe_col/pe_inst[0].u_pe_5/N3) has been disconnected.
I: Const net (pin CEY1 of inst u_lprnet_top/u_layer27/gen_conv.gen_pages[0].page0.u_pe_page/pe_col_inst[0].u_pe_col/pe_inst[0].u_pe_5/N3) has been disconnected.
I: Const net (pin RSTY of inst u_lprnet_top/u_layer27/gen_conv.gen_pages[0].page0.u_pe_page/pe_col_inst[0].u_pe_col/pe_inst[0].u_pe_5/N3) has been disconnected.
I: Const net (pin CEM of inst u_lprnet_top/u_layer27/gen_conv.gen_pages[0].page0.u_pe_page/pe_col_inst[0].u_pe_col/pe_inst[0].u_pe_5/N3) has been disconnected.
I: Const net (pin RSTM of inst u_lprnet_top/u_layer27/gen_conv.gen_pages[0].page0.u_pe_page/pe_col_inst[0].u_pe_col/pe_inst[0].u_pe_5/N3) has been disconnected.
I: Const net (pin CEX1 of inst u_lprnet_top/u_layer27/gen_conv.gen_pages[0].page0.u_pe_page/pe_col_inst[0].u_pe_col/pe_inst[0].u_pe_6/N3) has been disconnected.
I: Const net (pin RSTX of inst u_lprnet_top/u_layer27/gen_conv.gen_pages[0].page0.u_pe_page/pe_col_inst[0].u_pe_col/pe_inst[0].u_pe_6/N3) has been disconnected.
I: Const net (pin CEY1 of inst u_lprnet_top/u_layer27/gen_conv.gen_pages[0].page0.u_pe_page/pe_col_inst[0].u_pe_col/pe_inst[0].u_pe_6/N3) has been disconnected.
I: Const net (pin RSTY of inst u_lprnet_top/u_layer27/gen_conv.gen_pages[0].page0.u_pe_page/pe_col_inst[0].u_pe_col/pe_inst[0].u_pe_6/N3) has been disconnected.
I: Const net (pin CEM of inst u_lprnet_top/u_layer27/gen_conv.gen_pages[0].page0.u_pe_page/pe_col_inst[0].u_pe_col/pe_inst[0].u_pe_6/N3) has been disconnected.
I: Const net (pin RSTM of inst u_lprnet_top/u_layer27/gen_conv.gen_pages[0].page0.u_pe_page/pe_col_inst[0].u_pe_col/pe_inst[0].u_pe_6/N3) has been disconnected.
I: Const net (pin CEX1 of inst u_lprnet_top/u_layer27/gen_conv.gen_pages[0].page0.u_pe_page/pe_col_inst[0].u_pe_col/pe_inst[0].u_pe_7/N3) has been disconnected.
I: Const net (pin RSTX of inst u_lprnet_top/u_layer27/gen_conv.gen_pages[0].page0.u_pe_page/pe_col_inst[0].u_pe_col/pe_inst[0].u_pe_7/N3) has been disconnected.
I: Const net (pin CEY1 of inst u_lprnet_top/u_layer27/gen_conv.gen_pages[0].page0.u_pe_page/pe_col_inst[0].u_pe_col/pe_inst[0].u_pe_7/N3) has been disconnected.
I: Const net (pin RSTY of inst u_lprnet_top/u_layer27/gen_conv.gen_pages[0].page0.u_pe_page/pe_col_inst[0].u_pe_col/pe_inst[0].u_pe_7/N3) has been disconnected.
I: Const net (pin CEM of inst u_lprnet_top/u_layer27/gen_conv.gen_pages[0].page0.u_pe_page/pe_col_inst[0].u_pe_col/pe_inst[0].u_pe_7/N3) has been disconnected.
I: Const net (pin RSTM of inst u_lprnet_top/u_layer27/gen_conv.gen_pages[0].page0.u_pe_page/pe_col_inst[0].u_pe_col/pe_inst[0].u_pe_7/N3) has been disconnected.
I: Const net (pin CEX1 of inst u_lprnet_top/u_layer27/gen_conv.gen_pages[0].page0.u_pe_page/pe_col_inst[0].u_pe_col/pe_inst[0].u_pe_8/N3) has been disconnected.
I: Const net (pin RSTX of inst u_lprnet_top/u_layer27/gen_conv.gen_pages[0].page0.u_pe_page/pe_col_inst[0].u_pe_col/pe_inst[0].u_pe_8/N3) has been disconnected.
I: Const net (pin CEY1 of inst u_lprnet_top/u_layer27/gen_conv.gen_pages[0].page0.u_pe_page/pe_col_inst[0].u_pe_col/pe_inst[0].u_pe_8/N3) has been disconnected.
I: Const net (pin RSTY of inst u_lprnet_top/u_layer27/gen_conv.gen_pages[0].page0.u_pe_page/pe_col_inst[0].u_pe_col/pe_inst[0].u_pe_8/N3) has been disconnected.
I: Const net (pin CEM of inst u_lprnet_top/u_layer27/gen_conv.gen_pages[0].page0.u_pe_page/pe_col_inst[0].u_pe_col/pe_inst[0].u_pe_8/N3) has been disconnected.
I: Const net (pin RSTM of inst u_lprnet_top/u_layer27/gen_conv.gen_pages[0].page0.u_pe_page/pe_col_inst[0].u_pe_col/pe_inst[0].u_pe_8/N3) has been disconnected.
I: Const net (pin CEX1 of inst u_lprnet_top/u_layer27/gen_conv.gen_pages[0].page0.u_pe_page/pe_col_inst[1].u_pe_col/pe_inst[0].u_pe/N3) has been disconnected.
I: Const net (pin RSTX of inst u_lprnet_top/u_layer27/gen_conv.gen_pages[0].page0.u_pe_page/pe_col_inst[1].u_pe_col/pe_inst[0].u_pe/N3) has been disconnected.
I: Const net (pin CEY1 of inst u_lprnet_top/u_layer27/gen_conv.gen_pages[0].page0.u_pe_page/pe_col_inst[1].u_pe_col/pe_inst[0].u_pe/N3) has been disconnected.
I: Const net (pin RSTY of inst u_lprnet_top/u_layer27/gen_conv.gen_pages[0].page0.u_pe_page/pe_col_inst[1].u_pe_col/pe_inst[0].u_pe/N3) has been disconnected.
I: Const net (pin CEM of inst u_lprnet_top/u_layer27/gen_conv.gen_pages[0].page0.u_pe_page/pe_col_inst[1].u_pe_col/pe_inst[0].u_pe/N3) has been disconnected.
I: Const net (pin RSTM of inst u_lprnet_top/u_layer27/gen_conv.gen_pages[0].page0.u_pe_page/pe_col_inst[1].u_pe_col/pe_inst[0].u_pe/N3) has been disconnected.
I: Const net (pin CEX1 of inst u_lprnet_top/u_layer27/gen_conv.gen_pages[0].page0.u_pe_page/pe_col_inst[1].u_pe_col/pe_inst[0].u_pe_1/N3) has been disconnected.
I: Const net (pin RSTX of inst u_lprnet_top/u_layer27/gen_conv.gen_pages[0].page0.u_pe_page/pe_col_inst[1].u_pe_col/pe_inst[0].u_pe_1/N3) has been disconnected.
I: Const net (pin CEY1 of inst u_lprnet_top/u_layer27/gen_conv.gen_pages[0].page0.u_pe_page/pe_col_inst[1].u_pe_col/pe_inst[0].u_pe_1/N3) has been disconnected.
I: Const net (pin RSTY of inst u_lprnet_top/u_layer27/gen_conv.gen_pages[0].page0.u_pe_page/pe_col_inst[1].u_pe_col/pe_inst[0].u_pe_1/N3) has been disconnected.
I: Const net (pin CEM of inst u_lprnet_top/u_layer27/gen_conv.gen_pages[0].page0.u_pe_page/pe_col_inst[1].u_pe_col/pe_inst[0].u_pe_1/N3) has been disconnected.
I: Const net (pin RSTM of inst u_lprnet_top/u_layer27/gen_conv.gen_pages[0].page0.u_pe_page/pe_col_inst[1].u_pe_col/pe_inst[0].u_pe_1/N3) has been disconnected.
I: Const net (pin CEX1 of inst u_lprnet_top/u_layer27/gen_conv.gen_pages[0].page0.u_pe_page/pe_col_inst[1].u_pe_col/pe_inst[0].u_pe_2/N3) has been disconnected.
I: Const net (pin RSTX of inst u_lprnet_top/u_layer27/gen_conv.gen_pages[0].page0.u_pe_page/pe_col_inst[1].u_pe_col/pe_inst[0].u_pe_2/N3) has been disconnected.
I: Const net (pin CEY1 of inst u_lprnet_top/u_layer27/gen_conv.gen_pages[0].page0.u_pe_page/pe_col_inst[1].u_pe_col/pe_inst[0].u_pe_2/N3) has been disconnected.
I: Const net (pin RSTY of inst u_lprnet_top/u_layer27/gen_conv.gen_pages[0].page0.u_pe_page/pe_col_inst[1].u_pe_col/pe_inst[0].u_pe_2/N3) has been disconnected.
I: Const net (pin CEM of inst u_lprnet_top/u_layer27/gen_conv.gen_pages[0].page0.u_pe_page/pe_col_inst[1].u_pe_col/pe_inst[0].u_pe_2/N3) has been disconnected.
I: Const net (pin RSTM of inst u_lprnet_top/u_layer27/gen_conv.gen_pages[0].page0.u_pe_page/pe_col_inst[1].u_pe_col/pe_inst[0].u_pe_2/N3) has been disconnected.
I: Const net (pin CEX1 of inst u_lprnet_top/u_layer27/gen_conv.gen_pages[0].page0.u_pe_page/pe_col_inst[1].u_pe_col/pe_inst[0].u_pe_3/N3) has been disconnected.
I: Const net (pin RSTX of inst u_lprnet_top/u_layer27/gen_conv.gen_pages[0].page0.u_pe_page/pe_col_inst[1].u_pe_col/pe_inst[0].u_pe_3/N3) has been disconnected.
I: Const net (pin CEY1 of inst u_lprnet_top/u_layer27/gen_conv.gen_pages[0].page0.u_pe_page/pe_col_inst[1].u_pe_col/pe_inst[0].u_pe_3/N3) has been disconnected.
I: Const net (pin RSTY of inst u_lprnet_top/u_layer27/gen_conv.gen_pages[0].page0.u_pe_page/pe_col_inst[1].u_pe_col/pe_inst[0].u_pe_3/N3) has been disconnected.
I: Const net (pin CEM of inst u_lprnet_top/u_layer27/gen_conv.gen_pages[0].page0.u_pe_page/pe_col_inst[1].u_pe_col/pe_inst[0].u_pe_3/N3) has been disconnected.
I: Const net (pin RSTM of inst u_lprnet_top/u_layer27/gen_conv.gen_pages[0].page0.u_pe_page/pe_col_inst[1].u_pe_col/pe_inst[0].u_pe_3/N3) has been disconnected.
I: Const net (pin CEX1 of inst u_lprnet_top/u_layer27/gen_conv.gen_pages[0].page0.u_pe_page/pe_col_inst[1].u_pe_col/pe_inst[0].u_pe_4/N3) has been disconnected.
I: Const net (pin RSTX of inst u_lprnet_top/u_layer27/gen_conv.gen_pages[0].page0.u_pe_page/pe_col_inst[1].u_pe_col/pe_inst[0].u_pe_4/N3) has been disconnected.
I: Const net (pin CEY1 of inst u_lprnet_top/u_layer27/gen_conv.gen_pages[0].page0.u_pe_page/pe_col_inst[1].u_pe_col/pe_inst[0].u_pe_4/N3) has been disconnected.
I: Const net (pin RSTY of inst u_lprnet_top/u_layer27/gen_conv.gen_pages[0].page0.u_pe_page/pe_col_inst[1].u_pe_col/pe_inst[0].u_pe_4/N3) has been disconnected.
I: Const net (pin CEM of inst u_lprnet_top/u_layer27/gen_conv.gen_pages[0].page0.u_pe_page/pe_col_inst[1].u_pe_col/pe_inst[0].u_pe_4/N3) has been disconnected.
I: Const net (pin RSTM of inst u_lprnet_top/u_layer27/gen_conv.gen_pages[0].page0.u_pe_page/pe_col_inst[1].u_pe_col/pe_inst[0].u_pe_4/N3) has been disconnected.
I: Const net (pin CEX1 of inst u_lprnet_top/u_layer27/gen_conv.gen_pages[0].page0.u_pe_page/pe_col_inst[1].u_pe_col/pe_inst[0].u_pe_5/N3) has been disconnected.
I: Const net (pin RSTX of inst u_lprnet_top/u_layer27/gen_conv.gen_pages[0].page0.u_pe_page/pe_col_inst[1].u_pe_col/pe_inst[0].u_pe_5/N3) has been disconnected.
I: Const net (pin CEY1 of inst u_lprnet_top/u_layer27/gen_conv.gen_pages[0].page0.u_pe_page/pe_col_inst[1].u_pe_col/pe_inst[0].u_pe_5/N3) has been disconnected.
I: Const net (pin RSTY of inst u_lprnet_top/u_layer27/gen_conv.gen_pages[0].page0.u_pe_page/pe_col_inst[1].u_pe_col/pe_inst[0].u_pe_5/N3) has been disconnected.
I: Const net (pin CEM of inst u_lprnet_top/u_layer27/gen_conv.gen_pages[0].page0.u_pe_page/pe_col_inst[1].u_pe_col/pe_inst[0].u_pe_5/N3) has been disconnected.
I: Const net (pin RSTM of inst u_lprnet_top/u_layer27/gen_conv.gen_pages[0].page0.u_pe_page/pe_col_inst[1].u_pe_col/pe_inst[0].u_pe_5/N3) has been disconnected.
I: Const net (pin CEX1 of inst u_lprnet_top/u_layer27/gen_conv.gen_pages[0].page0.u_pe_page/pe_col_inst[1].u_pe_col/pe_inst[0].u_pe_6/N3) has been disconnected.
I: Const net (pin RSTX of inst u_lprnet_top/u_layer27/gen_conv.gen_pages[0].page0.u_pe_page/pe_col_inst[1].u_pe_col/pe_inst[0].u_pe_6/N3) has been disconnected.
I: Const net (pin CEY1 of inst u_lprnet_top/u_layer27/gen_conv.gen_pages[0].page0.u_pe_page/pe_col_inst[1].u_pe_col/pe_inst[0].u_pe_6/N3) has been disconnected.
I: Const net (pin RSTY of inst u_lprnet_top/u_layer27/gen_conv.gen_pages[0].page0.u_pe_page/pe_col_inst[1].u_pe_col/pe_inst[0].u_pe_6/N3) has been disconnected.
I: Const net (pin CEM of inst u_lprnet_top/u_layer27/gen_conv.gen_pages[0].page0.u_pe_page/pe_col_inst[1].u_pe_col/pe_inst[0].u_pe_6/N3) has been disconnected.
I: Const net (pin RSTM of inst u_lprnet_top/u_layer27/gen_conv.gen_pages[0].page0.u_pe_page/pe_col_inst[1].u_pe_col/pe_inst[0].u_pe_6/N3) has been disconnected.
I: Const net (pin CEX1 of inst u_lprnet_top/u_layer27/gen_conv.gen_pages[0].page0.u_pe_page/pe_col_inst[1].u_pe_col/pe_inst[0].u_pe_7/N3) has been disconnected.
I: Const net (pin RSTX of inst u_lprnet_top/u_layer27/gen_conv.gen_pages[0].page0.u_pe_page/pe_col_inst[1].u_pe_col/pe_inst[0].u_pe_7/N3) has been disconnected.
I: Const net (pin CEY1 of inst u_lprnet_top/u_layer27/gen_conv.gen_pages[0].page0.u_pe_page/pe_col_inst[1].u_pe_col/pe_inst[0].u_pe_7/N3) has been disconnected.
I: Const net (pin RSTY of inst u_lprnet_top/u_layer27/gen_conv.gen_pages[0].page0.u_pe_page/pe_col_inst[1].u_pe_col/pe_inst[0].u_pe_7/N3) has been disconnected.
I: Const net (pin CEM of inst u_lprnet_top/u_layer27/gen_conv.gen_pages[0].page0.u_pe_page/pe_col_inst[1].u_pe_col/pe_inst[0].u_pe_7/N3) has been disconnected.
I: Const net (pin RSTM of inst u_lprnet_top/u_layer27/gen_conv.gen_pages[0].page0.u_pe_page/pe_col_inst[1].u_pe_col/pe_inst[0].u_pe_7/N3) has been disconnected.
I: Const net (pin CEX1 of inst u_lprnet_top/u_layer27/gen_conv.gen_pages[0].page0.u_pe_page/pe_col_inst[1].u_pe_col/pe_inst[0].u_pe_8/N3) has been disconnected.
I: Const net (pin RSTX of inst u_lprnet_top/u_layer27/gen_conv.gen_pages[0].page0.u_pe_page/pe_col_inst[1].u_pe_col/pe_inst[0].u_pe_8/N3) has been disconnected.
I: Const net (pin CEY1 of inst u_lprnet_top/u_layer27/gen_conv.gen_pages[0].page0.u_pe_page/pe_col_inst[1].u_pe_col/pe_inst[0].u_pe_8/N3) has been disconnected.
I: Const net (pin RSTY of inst u_lprnet_top/u_layer27/gen_conv.gen_pages[0].page0.u_pe_page/pe_col_inst[1].u_pe_col/pe_inst[0].u_pe_8/N3) has been disconnected.
I: Const net (pin CEM of inst u_lprnet_top/u_layer27/gen_conv.gen_pages[0].page0.u_pe_page/pe_col_inst[1].u_pe_col/pe_inst[0].u_pe_8/N3) has been disconnected.
I: Const net (pin RSTM of inst u_lprnet_top/u_layer27/gen_conv.gen_pages[0].page0.u_pe_page/pe_col_inst[1].u_pe_col/pe_inst[0].u_pe_8/N3) has been disconnected.
I: Const net (pin CEX1 of inst u_lprnet_top/u_layer27/gen_conv.gen_pages[1].page1.u_pe_page/pe_col_inst[0].u_pe_col/pe_inst[0].u_pe/N3) has been disconnected.
I: Const net (pin RSTX of inst u_lprnet_top/u_layer27/gen_conv.gen_pages[1].page1.u_pe_page/pe_col_inst[0].u_pe_col/pe_inst[0].u_pe/N3) has been disconnected.
I: Const net (pin CEY1 of inst u_lprnet_top/u_layer27/gen_conv.gen_pages[1].page1.u_pe_page/pe_col_inst[0].u_pe_col/pe_inst[0].u_pe/N3) has been disconnected.
I: Const net (pin RSTY of inst u_lprnet_top/u_layer27/gen_conv.gen_pages[1].page1.u_pe_page/pe_col_inst[0].u_pe_col/pe_inst[0].u_pe/N3) has been disconnected.
I: Const net (pin CEM of inst u_lprnet_top/u_layer27/gen_conv.gen_pages[1].page1.u_pe_page/pe_col_inst[0].u_pe_col/pe_inst[0].u_pe/N3) has been disconnected.
I: Const net (pin RSTM of inst u_lprnet_top/u_layer27/gen_conv.gen_pages[1].page1.u_pe_page/pe_col_inst[0].u_pe_col/pe_inst[0].u_pe/N3) has been disconnected.
I: Const net (pin CEX1 of inst u_lprnet_top/u_layer27/gen_conv.gen_pages[1].page1.u_pe_page/pe_col_inst[0].u_pe_col/pe_inst[0].u_pe_1/N3) has been disconnected.
I: Const net (pin RSTX of inst u_lprnet_top/u_layer27/gen_conv.gen_pages[1].page1.u_pe_page/pe_col_inst[0].u_pe_col/pe_inst[0].u_pe_1/N3) has been disconnected.
I: Const net (pin CEY1 of inst u_lprnet_top/u_layer27/gen_conv.gen_pages[1].page1.u_pe_page/pe_col_inst[0].u_pe_col/pe_inst[0].u_pe_1/N3) has been disconnected.
I: Const net (pin RSTY of inst u_lprnet_top/u_layer27/gen_conv.gen_pages[1].page1.u_pe_page/pe_col_inst[0].u_pe_col/pe_inst[0].u_pe_1/N3) has been disconnected.
I: Const net (pin CEM of inst u_lprnet_top/u_layer27/gen_conv.gen_pages[1].page1.u_pe_page/pe_col_inst[0].u_pe_col/pe_inst[0].u_pe_1/N3) has been disconnected.
I: Const net (pin RSTM of inst u_lprnet_top/u_layer27/gen_conv.gen_pages[1].page1.u_pe_page/pe_col_inst[0].u_pe_col/pe_inst[0].u_pe_1/N3) has been disconnected.
I: Const net (pin CEX1 of inst u_lprnet_top/u_layer27/gen_conv.gen_pages[1].page1.u_pe_page/pe_col_inst[0].u_pe_col/pe_inst[0].u_pe_2/N3) has been disconnected.
I: Const net (pin RSTX of inst u_lprnet_top/u_layer27/gen_conv.gen_pages[1].page1.u_pe_page/pe_col_inst[0].u_pe_col/pe_inst[0].u_pe_2/N3) has been disconnected.
I: Const net (pin CEY1 of inst u_lprnet_top/u_layer27/gen_conv.gen_pages[1].page1.u_pe_page/pe_col_inst[0].u_pe_col/pe_inst[0].u_pe_2/N3) has been disconnected.
I: Const net (pin RSTY of inst u_lprnet_top/u_layer27/gen_conv.gen_pages[1].page1.u_pe_page/pe_col_inst[0].u_pe_col/pe_inst[0].u_pe_2/N3) has been disconnected.
I: Const net (pin CEM of inst u_lprnet_top/u_layer27/gen_conv.gen_pages[1].page1.u_pe_page/pe_col_inst[0].u_pe_col/pe_inst[0].u_pe_2/N3) has been disconnected.
I: Const net (pin RSTM of inst u_lprnet_top/u_layer27/gen_conv.gen_pages[1].page1.u_pe_page/pe_col_inst[0].u_pe_col/pe_inst[0].u_pe_2/N3) has been disconnected.
I: Const net (pin CEX1 of inst u_lprnet_top/u_layer27/gen_conv.gen_pages[1].page1.u_pe_page/pe_col_inst[0].u_pe_col/pe_inst[0].u_pe_3/N3) has been disconnected.
I: Const net (pin RSTX of inst u_lprnet_top/u_layer27/gen_conv.gen_pages[1].page1.u_pe_page/pe_col_inst[0].u_pe_col/pe_inst[0].u_pe_3/N3) has been disconnected.
I: Const net (pin CEY1 of inst u_lprnet_top/u_layer27/gen_conv.gen_pages[1].page1.u_pe_page/pe_col_inst[0].u_pe_col/pe_inst[0].u_pe_3/N3) has been disconnected.
I: Const net (pin RSTY of inst u_lprnet_top/u_layer27/gen_conv.gen_pages[1].page1.u_pe_page/pe_col_inst[0].u_pe_col/pe_inst[0].u_pe_3/N3) has been disconnected.
I: Const net (pin CEM of inst u_lprnet_top/u_layer27/gen_conv.gen_pages[1].page1.u_pe_page/pe_col_inst[0].u_pe_col/pe_inst[0].u_pe_3/N3) has been disconnected.
I: Const net (pin RSTM of inst u_lprnet_top/u_layer27/gen_conv.gen_pages[1].page1.u_pe_page/pe_col_inst[0].u_pe_col/pe_inst[0].u_pe_3/N3) has been disconnected.
I: Const net (pin CEX1 of inst u_lprnet_top/u_layer27/gen_conv.gen_pages[1].page1.u_pe_page/pe_col_inst[0].u_pe_col/pe_inst[0].u_pe_4/N3) has been disconnected.
I: Const net (pin RSTX of inst u_lprnet_top/u_layer27/gen_conv.gen_pages[1].page1.u_pe_page/pe_col_inst[0].u_pe_col/pe_inst[0].u_pe_4/N3) has been disconnected.
I: Const net (pin CEY1 of inst u_lprnet_top/u_layer27/gen_conv.gen_pages[1].page1.u_pe_page/pe_col_inst[0].u_pe_col/pe_inst[0].u_pe_4/N3) has been disconnected.
I: Const net (pin RSTY of inst u_lprnet_top/u_layer27/gen_conv.gen_pages[1].page1.u_pe_page/pe_col_inst[0].u_pe_col/pe_inst[0].u_pe_4/N3) has been disconnected.
I: Const net (pin CEM of inst u_lprnet_top/u_layer27/gen_conv.gen_pages[1].page1.u_pe_page/pe_col_inst[0].u_pe_col/pe_inst[0].u_pe_4/N3) has been disconnected.
I: Const net (pin RSTM of inst u_lprnet_top/u_layer27/gen_conv.gen_pages[1].page1.u_pe_page/pe_col_inst[0].u_pe_col/pe_inst[0].u_pe_4/N3) has been disconnected.
I: Const net (pin CEX1 of inst u_lprnet_top/u_layer27/gen_conv.gen_pages[1].page1.u_pe_page/pe_col_inst[0].u_pe_col/pe_inst[0].u_pe_5/N3) has been disconnected.
I: Const net (pin RSTX of inst u_lprnet_top/u_layer27/gen_conv.gen_pages[1].page1.u_pe_page/pe_col_inst[0].u_pe_col/pe_inst[0].u_pe_5/N3) has been disconnected.
I: Const net (pin CEY1 of inst u_lprnet_top/u_layer27/gen_conv.gen_pages[1].page1.u_pe_page/pe_col_inst[0].u_pe_col/pe_inst[0].u_pe_5/N3) has been disconnected.
I: Const net (pin RSTY of inst u_lprnet_top/u_layer27/gen_conv.gen_pages[1].page1.u_pe_page/pe_col_inst[0].u_pe_col/pe_inst[0].u_pe_5/N3) has been disconnected.
I: Const net (pin CEM of inst u_lprnet_top/u_layer27/gen_conv.gen_pages[1].page1.u_pe_page/pe_col_inst[0].u_pe_col/pe_inst[0].u_pe_5/N3) has been disconnected.
I: Const net (pin RSTM of inst u_lprnet_top/u_layer27/gen_conv.gen_pages[1].page1.u_pe_page/pe_col_inst[0].u_pe_col/pe_inst[0].u_pe_5/N3) has been disconnected.
I: Const net (pin CEX1 of inst u_lprnet_top/u_layer27/gen_conv.gen_pages[1].page1.u_pe_page/pe_col_inst[0].u_pe_col/pe_inst[0].u_pe_6/N3) has been disconnected.
I: Const net (pin RSTX of inst u_lprnet_top/u_layer27/gen_conv.gen_pages[1].page1.u_pe_page/pe_col_inst[0].u_pe_col/pe_inst[0].u_pe_6/N3) has been disconnected.
I: Const net (pin CEY1 of inst u_lprnet_top/u_layer27/gen_conv.gen_pages[1].page1.u_pe_page/pe_col_inst[0].u_pe_col/pe_inst[0].u_pe_6/N3) has been disconnected.
I: Const net (pin RSTY of inst u_lprnet_top/u_layer27/gen_conv.gen_pages[1].page1.u_pe_page/pe_col_inst[0].u_pe_col/pe_inst[0].u_pe_6/N3) has been disconnected.
I: Const net (pin CEM of inst u_lprnet_top/u_layer27/gen_conv.gen_pages[1].page1.u_pe_page/pe_col_inst[0].u_pe_col/pe_inst[0].u_pe_6/N3) has been disconnected.
I: Const net (pin RSTM of inst u_lprnet_top/u_layer27/gen_conv.gen_pages[1].page1.u_pe_page/pe_col_inst[0].u_pe_col/pe_inst[0].u_pe_6/N3) has been disconnected.
I: Const net (pin CEX1 of inst u_lprnet_top/u_layer27/gen_conv.gen_pages[1].page1.u_pe_page/pe_col_inst[0].u_pe_col/pe_inst[0].u_pe_7/N3) has been disconnected.
I: Const net (pin RSTX of inst u_lprnet_top/u_layer27/gen_conv.gen_pages[1].page1.u_pe_page/pe_col_inst[0].u_pe_col/pe_inst[0].u_pe_7/N3) has been disconnected.
I: Const net (pin CEY1 of inst u_lprnet_top/u_layer27/gen_conv.gen_pages[1].page1.u_pe_page/pe_col_inst[0].u_pe_col/pe_inst[0].u_pe_7/N3) has been disconnected.
I: Const net (pin RSTY of inst u_lprnet_top/u_layer27/gen_conv.gen_pages[1].page1.u_pe_page/pe_col_inst[0].u_pe_col/pe_inst[0].u_pe_7/N3) has been disconnected.
I: Const net (pin CEM of inst u_lprnet_top/u_layer27/gen_conv.gen_pages[1].page1.u_pe_page/pe_col_inst[0].u_pe_col/pe_inst[0].u_pe_7/N3) has been disconnected.
I: Const net (pin RSTM of inst u_lprnet_top/u_layer27/gen_conv.gen_pages[1].page1.u_pe_page/pe_col_inst[0].u_pe_col/pe_inst[0].u_pe_7/N3) has been disconnected.
I: Const net (pin CEX1 of inst u_lprnet_top/u_layer27/gen_conv.gen_pages[1].page1.u_pe_page/pe_col_inst[0].u_pe_col/pe_inst[0].u_pe_8/N3) has been disconnected.
I: Const net (pin RSTX of inst u_lprnet_top/u_layer27/gen_conv.gen_pages[1].page1.u_pe_page/pe_col_inst[0].u_pe_col/pe_inst[0].u_pe_8/N3) has been disconnected.
I: Const net (pin CEY1 of inst u_lprnet_top/u_layer27/gen_conv.gen_pages[1].page1.u_pe_page/pe_col_inst[0].u_pe_col/pe_inst[0].u_pe_8/N3) has been disconnected.
I: Const net (pin RSTY of inst u_lprnet_top/u_layer27/gen_conv.gen_pages[1].page1.u_pe_page/pe_col_inst[0].u_pe_col/pe_inst[0].u_pe_8/N3) has been disconnected.
I: Const net (pin CEM of inst u_lprnet_top/u_layer27/gen_conv.gen_pages[1].page1.u_pe_page/pe_col_inst[0].u_pe_col/pe_inst[0].u_pe_8/N3) has been disconnected.
I: Const net (pin RSTM of inst u_lprnet_top/u_layer27/gen_conv.gen_pages[1].page1.u_pe_page/pe_col_inst[0].u_pe_col/pe_inst[0].u_pe_8/N3) has been disconnected.
I: Const net (pin CEX1 of inst u_lprnet_top/u_layer27/gen_conv.gen_pages[1].page1.u_pe_page/pe_col_inst[1].u_pe_col/pe_inst[0].u_pe/N3) has been disconnected.
I: Const net (pin RSTX of inst u_lprnet_top/u_layer27/gen_conv.gen_pages[1].page1.u_pe_page/pe_col_inst[1].u_pe_col/pe_inst[0].u_pe/N3) has been disconnected.
I: Const net (pin CEY1 of inst u_lprnet_top/u_layer27/gen_conv.gen_pages[1].page1.u_pe_page/pe_col_inst[1].u_pe_col/pe_inst[0].u_pe/N3) has been disconnected.
I: Const net (pin RSTY of inst u_lprnet_top/u_layer27/gen_conv.gen_pages[1].page1.u_pe_page/pe_col_inst[1].u_pe_col/pe_inst[0].u_pe/N3) has been disconnected.
I: Const net (pin CEM of inst u_lprnet_top/u_layer27/gen_conv.gen_pages[1].page1.u_pe_page/pe_col_inst[1].u_pe_col/pe_inst[0].u_pe/N3) has been disconnected.
I: Const net (pin RSTM of inst u_lprnet_top/u_layer27/gen_conv.gen_pages[1].page1.u_pe_page/pe_col_inst[1].u_pe_col/pe_inst[0].u_pe/N3) has been disconnected.
I: Const net (pin CEX1 of inst u_lprnet_top/u_layer27/gen_conv.gen_pages[1].page1.u_pe_page/pe_col_inst[1].u_pe_col/pe_inst[0].u_pe_1/N3) has been disconnected.
I: Const net (pin RSTX of inst u_lprnet_top/u_layer27/gen_conv.gen_pages[1].page1.u_pe_page/pe_col_inst[1].u_pe_col/pe_inst[0].u_pe_1/N3) has been disconnected.
I: Const net (pin CEY1 of inst u_lprnet_top/u_layer27/gen_conv.gen_pages[1].page1.u_pe_page/pe_col_inst[1].u_pe_col/pe_inst[0].u_pe_1/N3) has been disconnected.
I: Const net (pin RSTY of inst u_lprnet_top/u_layer27/gen_conv.gen_pages[1].page1.u_pe_page/pe_col_inst[1].u_pe_col/pe_inst[0].u_pe_1/N3) has been disconnected.
I: Const net (pin CEM of inst u_lprnet_top/u_layer27/gen_conv.gen_pages[1].page1.u_pe_page/pe_col_inst[1].u_pe_col/pe_inst[0].u_pe_1/N3) has been disconnected.
I: Const net (pin RSTM of inst u_lprnet_top/u_layer27/gen_conv.gen_pages[1].page1.u_pe_page/pe_col_inst[1].u_pe_col/pe_inst[0].u_pe_1/N3) has been disconnected.
I: Const net (pin CEX1 of inst u_lprnet_top/u_layer27/gen_conv.gen_pages[1].page1.u_pe_page/pe_col_inst[1].u_pe_col/pe_inst[0].u_pe_2/N3) has been disconnected.
I: Const net (pin RSTX of inst u_lprnet_top/u_layer27/gen_conv.gen_pages[1].page1.u_pe_page/pe_col_inst[1].u_pe_col/pe_inst[0].u_pe_2/N3) has been disconnected.
I: Const net (pin CEY1 of inst u_lprnet_top/u_layer27/gen_conv.gen_pages[1].page1.u_pe_page/pe_col_inst[1].u_pe_col/pe_inst[0].u_pe_2/N3) has been disconnected.
I: Const net (pin RSTY of inst u_lprnet_top/u_layer27/gen_conv.gen_pages[1].page1.u_pe_page/pe_col_inst[1].u_pe_col/pe_inst[0].u_pe_2/N3) has been disconnected.
I: Const net (pin CEM of inst u_lprnet_top/u_layer27/gen_conv.gen_pages[1].page1.u_pe_page/pe_col_inst[1].u_pe_col/pe_inst[0].u_pe_2/N3) has been disconnected.
I: Const net (pin RSTM of inst u_lprnet_top/u_layer27/gen_conv.gen_pages[1].page1.u_pe_page/pe_col_inst[1].u_pe_col/pe_inst[0].u_pe_2/N3) has been disconnected.
I: Const net (pin CEX1 of inst u_lprnet_top/u_layer27/gen_conv.gen_pages[1].page1.u_pe_page/pe_col_inst[1].u_pe_col/pe_inst[0].u_pe_3/N3) has been disconnected.
I: Const net (pin RSTX of inst u_lprnet_top/u_layer27/gen_conv.gen_pages[1].page1.u_pe_page/pe_col_inst[1].u_pe_col/pe_inst[0].u_pe_3/N3) has been disconnected.
I: Const net (pin CEY1 of inst u_lprnet_top/u_layer27/gen_conv.gen_pages[1].page1.u_pe_page/pe_col_inst[1].u_pe_col/pe_inst[0].u_pe_3/N3) has been disconnected.
I: Const net (pin RSTY of inst u_lprnet_top/u_layer27/gen_conv.gen_pages[1].page1.u_pe_page/pe_col_inst[1].u_pe_col/pe_inst[0].u_pe_3/N3) has been disconnected.
I: Const net (pin CEM of inst u_lprnet_top/u_layer27/gen_conv.gen_pages[1].page1.u_pe_page/pe_col_inst[1].u_pe_col/pe_inst[0].u_pe_3/N3) has been disconnected.
I: Const net (pin RSTM of inst u_lprnet_top/u_layer27/gen_conv.gen_pages[1].page1.u_pe_page/pe_col_inst[1].u_pe_col/pe_inst[0].u_pe_3/N3) has been disconnected.
I: Const net (pin CEX1 of inst u_lprnet_top/u_layer27/gen_conv.gen_pages[1].page1.u_pe_page/pe_col_inst[1].u_pe_col/pe_inst[0].u_pe_4/N3) has been disconnected.
I: Const net (pin RSTX of inst u_lprnet_top/u_layer27/gen_conv.gen_pages[1].page1.u_pe_page/pe_col_inst[1].u_pe_col/pe_inst[0].u_pe_4/N3) has been disconnected.
I: Const net (pin CEY1 of inst u_lprnet_top/u_layer27/gen_conv.gen_pages[1].page1.u_pe_page/pe_col_inst[1].u_pe_col/pe_inst[0].u_pe_4/N3) has been disconnected.
I: Const net (pin RSTY of inst u_lprnet_top/u_layer27/gen_conv.gen_pages[1].page1.u_pe_page/pe_col_inst[1].u_pe_col/pe_inst[0].u_pe_4/N3) has been disconnected.
I: Const net (pin CEM of inst u_lprnet_top/u_layer27/gen_conv.gen_pages[1].page1.u_pe_page/pe_col_inst[1].u_pe_col/pe_inst[0].u_pe_4/N3) has been disconnected.
I: Const net (pin RSTM of inst u_lprnet_top/u_layer27/gen_conv.gen_pages[1].page1.u_pe_page/pe_col_inst[1].u_pe_col/pe_inst[0].u_pe_4/N3) has been disconnected.
I: Const net (pin CEX1 of inst u_lprnet_top/u_layer27/gen_conv.gen_pages[1].page1.u_pe_page/pe_col_inst[1].u_pe_col/pe_inst[0].u_pe_5/N3) has been disconnected.
I: Const net (pin RSTX of inst u_lprnet_top/u_layer27/gen_conv.gen_pages[1].page1.u_pe_page/pe_col_inst[1].u_pe_col/pe_inst[0].u_pe_5/N3) has been disconnected.
I: Const net (pin CEY1 of inst u_lprnet_top/u_layer27/gen_conv.gen_pages[1].page1.u_pe_page/pe_col_inst[1].u_pe_col/pe_inst[0].u_pe_5/N3) has been disconnected.
I: Const net (pin RSTY of inst u_lprnet_top/u_layer27/gen_conv.gen_pages[1].page1.u_pe_page/pe_col_inst[1].u_pe_col/pe_inst[0].u_pe_5/N3) has been disconnected.
I: Const net (pin CEM of inst u_lprnet_top/u_layer27/gen_conv.gen_pages[1].page1.u_pe_page/pe_col_inst[1].u_pe_col/pe_inst[0].u_pe_5/N3) has been disconnected.
I: Const net (pin RSTM of inst u_lprnet_top/u_layer27/gen_conv.gen_pages[1].page1.u_pe_page/pe_col_inst[1].u_pe_col/pe_inst[0].u_pe_5/N3) has been disconnected.
I: Const net (pin CEX1 of inst u_lprnet_top/u_layer27/gen_conv.gen_pages[1].page1.u_pe_page/pe_col_inst[1].u_pe_col/pe_inst[0].u_pe_6/N3) has been disconnected.
I: Const net (pin RSTX of inst u_lprnet_top/u_layer27/gen_conv.gen_pages[1].page1.u_pe_page/pe_col_inst[1].u_pe_col/pe_inst[0].u_pe_6/N3) has been disconnected.
I: Const net (pin CEY1 of inst u_lprnet_top/u_layer27/gen_conv.gen_pages[1].page1.u_pe_page/pe_col_inst[1].u_pe_col/pe_inst[0].u_pe_6/N3) has been disconnected.
I: Const net (pin RSTY of inst u_lprnet_top/u_layer27/gen_conv.gen_pages[1].page1.u_pe_page/pe_col_inst[1].u_pe_col/pe_inst[0].u_pe_6/N3) has been disconnected.
I: Const net (pin CEM of inst u_lprnet_top/u_layer27/gen_conv.gen_pages[1].page1.u_pe_page/pe_col_inst[1].u_pe_col/pe_inst[0].u_pe_6/N3) has been disconnected.
I: Const net (pin RSTM of inst u_lprnet_top/u_layer27/gen_conv.gen_pages[1].page1.u_pe_page/pe_col_inst[1].u_pe_col/pe_inst[0].u_pe_6/N3) has been disconnected.
I: Const net (pin CEX1 of inst u_lprnet_top/u_layer27/gen_conv.gen_pages[1].page1.u_pe_page/pe_col_inst[1].u_pe_col/pe_inst[0].u_pe_7/N3) has been disconnected.
I: Const net (pin RSTX of inst u_lprnet_top/u_layer27/gen_conv.gen_pages[1].page1.u_pe_page/pe_col_inst[1].u_pe_col/pe_inst[0].u_pe_7/N3) has been disconnected.
I: Const net (pin CEY1 of inst u_lprnet_top/u_layer27/gen_conv.gen_pages[1].page1.u_pe_page/pe_col_inst[1].u_pe_col/pe_inst[0].u_pe_7/N3) has been disconnected.
I: Const net (pin RSTY of inst u_lprnet_top/u_layer27/gen_conv.gen_pages[1].page1.u_pe_page/pe_col_inst[1].u_pe_col/pe_inst[0].u_pe_7/N3) has been disconnected.
I: Const net (pin CEM of inst u_lprnet_top/u_layer27/gen_conv.gen_pages[1].page1.u_pe_page/pe_col_inst[1].u_pe_col/pe_inst[0].u_pe_7/N3) has been disconnected.
I: Const net (pin RSTM of inst u_lprnet_top/u_layer27/gen_conv.gen_pages[1].page1.u_pe_page/pe_col_inst[1].u_pe_col/pe_inst[0].u_pe_7/N3) has been disconnected.
I: Const net (pin CEX1 of inst u_lprnet_top/u_layer27/gen_conv.gen_pages[1].page1.u_pe_page/pe_col_inst[1].u_pe_col/pe_inst[0].u_pe_8/N3) has been disconnected.
I: Const net (pin RSTX of inst u_lprnet_top/u_layer27/gen_conv.gen_pages[1].page1.u_pe_page/pe_col_inst[1].u_pe_col/pe_inst[0].u_pe_8/N3) has been disconnected.
I: Const net (pin CEY1 of inst u_lprnet_top/u_layer27/gen_conv.gen_pages[1].page1.u_pe_page/pe_col_inst[1].u_pe_col/pe_inst[0].u_pe_8/N3) has been disconnected.
I: Const net (pin RSTY of inst u_lprnet_top/u_layer27/gen_conv.gen_pages[1].page1.u_pe_page/pe_col_inst[1].u_pe_col/pe_inst[0].u_pe_8/N3) has been disconnected.
I: Const net (pin CEM of inst u_lprnet_top/u_layer27/gen_conv.gen_pages[1].page1.u_pe_page/pe_col_inst[1].u_pe_col/pe_inst[0].u_pe_8/N3) has been disconnected.
I: Const net (pin RSTM of inst u_lprnet_top/u_layer27/gen_conv.gen_pages[1].page1.u_pe_page/pe_col_inst[1].u_pe_col/pe_inst[0].u_pe_8/N3) has been disconnected.
I: Const net (pin CEX1 of inst u_lprnet_top/u_layer29/gen_conv.gen_pages[0].page0.u_pe_page/pe_col_inst[0].u_pe_col/pe_inst[0].u_pe/N3) has been disconnected.
I: Const net (pin RSTX of inst u_lprnet_top/u_layer29/gen_conv.gen_pages[0].page0.u_pe_page/pe_col_inst[0].u_pe_col/pe_inst[0].u_pe/N3) has been disconnected.
I: Const net (pin CEY1 of inst u_lprnet_top/u_layer29/gen_conv.gen_pages[0].page0.u_pe_page/pe_col_inst[0].u_pe_col/pe_inst[0].u_pe/N3) has been disconnected.
I: Const net (pin RSTY of inst u_lprnet_top/u_layer29/gen_conv.gen_pages[0].page0.u_pe_page/pe_col_inst[0].u_pe_col/pe_inst[0].u_pe/N3) has been disconnected.
I: Const net (pin CEM of inst u_lprnet_top/u_layer29/gen_conv.gen_pages[0].page0.u_pe_page/pe_col_inst[0].u_pe_col/pe_inst[0].u_pe/N3) has been disconnected.
I: Const net (pin RSTM of inst u_lprnet_top/u_layer29/gen_conv.gen_pages[0].page0.u_pe_page/pe_col_inst[0].u_pe_col/pe_inst[0].u_pe/N3) has been disconnected.
I: Const net (pin CEX1 of inst u_lprnet_top/u_layer29/gen_conv.gen_pages[0].page0.u_pe_page/pe_col_inst[0].u_pe_col/pe_inst[0].u_pe_1/N3) has been disconnected.
I: Const net (pin RSTX of inst u_lprnet_top/u_layer29/gen_conv.gen_pages[0].page0.u_pe_page/pe_col_inst[0].u_pe_col/pe_inst[0].u_pe_1/N3) has been disconnected.
I: Const net (pin CEY1 of inst u_lprnet_top/u_layer29/gen_conv.gen_pages[0].page0.u_pe_page/pe_col_inst[0].u_pe_col/pe_inst[0].u_pe_1/N3) has been disconnected.
I: Const net (pin RSTY of inst u_lprnet_top/u_layer29/gen_conv.gen_pages[0].page0.u_pe_page/pe_col_inst[0].u_pe_col/pe_inst[0].u_pe_1/N3) has been disconnected.
I: Const net (pin CEM of inst u_lprnet_top/u_layer29/gen_conv.gen_pages[0].page0.u_pe_page/pe_col_inst[0].u_pe_col/pe_inst[0].u_pe_1/N3) has been disconnected.
I: Const net (pin RSTM of inst u_lprnet_top/u_layer29/gen_conv.gen_pages[0].page0.u_pe_page/pe_col_inst[0].u_pe_col/pe_inst[0].u_pe_1/N3) has been disconnected.
I: Const net (pin CEX1 of inst u_lprnet_top/u_layer29/gen_conv.gen_pages[0].page0.u_pe_page/pe_col_inst[0].u_pe_col/pe_inst[0].u_pe_2/N3) has been disconnected.
I: Const net (pin RSTX of inst u_lprnet_top/u_layer29/gen_conv.gen_pages[0].page0.u_pe_page/pe_col_inst[0].u_pe_col/pe_inst[0].u_pe_2/N3) has been disconnected.
I: Const net (pin CEY1 of inst u_lprnet_top/u_layer29/gen_conv.gen_pages[0].page0.u_pe_page/pe_col_inst[0].u_pe_col/pe_inst[0].u_pe_2/N3) has been disconnected.
I: Const net (pin RSTY of inst u_lprnet_top/u_layer29/gen_conv.gen_pages[0].page0.u_pe_page/pe_col_inst[0].u_pe_col/pe_inst[0].u_pe_2/N3) has been disconnected.
I: Const net (pin CEM of inst u_lprnet_top/u_layer29/gen_conv.gen_pages[0].page0.u_pe_page/pe_col_inst[0].u_pe_col/pe_inst[0].u_pe_2/N3) has been disconnected.
I: Const net (pin RSTM of inst u_lprnet_top/u_layer29/gen_conv.gen_pages[0].page0.u_pe_page/pe_col_inst[0].u_pe_col/pe_inst[0].u_pe_2/N3) has been disconnected.
I: Const net (pin CEX1 of inst u_lprnet_top/u_layer29/gen_conv.gen_pages[0].page0.u_pe_page/pe_col_inst[0].u_pe_col/pe_inst[0].u_pe_3/N3) has been disconnected.
I: Const net (pin RSTX of inst u_lprnet_top/u_layer29/gen_conv.gen_pages[0].page0.u_pe_page/pe_col_inst[0].u_pe_col/pe_inst[0].u_pe_3/N3) has been disconnected.
I: Const net (pin CEY1 of inst u_lprnet_top/u_layer29/gen_conv.gen_pages[0].page0.u_pe_page/pe_col_inst[0].u_pe_col/pe_inst[0].u_pe_3/N3) has been disconnected.
I: Const net (pin RSTY of inst u_lprnet_top/u_layer29/gen_conv.gen_pages[0].page0.u_pe_page/pe_col_inst[0].u_pe_col/pe_inst[0].u_pe_3/N3) has been disconnected.
I: Const net (pin CEM of inst u_lprnet_top/u_layer29/gen_conv.gen_pages[0].page0.u_pe_page/pe_col_inst[0].u_pe_col/pe_inst[0].u_pe_3/N3) has been disconnected.
I: Const net (pin RSTM of inst u_lprnet_top/u_layer29/gen_conv.gen_pages[0].page0.u_pe_page/pe_col_inst[0].u_pe_col/pe_inst[0].u_pe_3/N3) has been disconnected.
I: Const net (pin CEX1 of inst u_lprnet_top/u_layer29/gen_conv.gen_pages[0].page0.u_pe_page/pe_col_inst[0].u_pe_col/pe_inst[0].u_pe_4/N3) has been disconnected.
I: Const net (pin RSTX of inst u_lprnet_top/u_layer29/gen_conv.gen_pages[0].page0.u_pe_page/pe_col_inst[0].u_pe_col/pe_inst[0].u_pe_4/N3) has been disconnected.
I: Const net (pin CEY1 of inst u_lprnet_top/u_layer29/gen_conv.gen_pages[0].page0.u_pe_page/pe_col_inst[0].u_pe_col/pe_inst[0].u_pe_4/N3) has been disconnected.
I: Const net (pin RSTY of inst u_lprnet_top/u_layer29/gen_conv.gen_pages[0].page0.u_pe_page/pe_col_inst[0].u_pe_col/pe_inst[0].u_pe_4/N3) has been disconnected.
I: Const net (pin CEM of inst u_lprnet_top/u_layer29/gen_conv.gen_pages[0].page0.u_pe_page/pe_col_inst[0].u_pe_col/pe_inst[0].u_pe_4/N3) has been disconnected.
I: Const net (pin RSTM of inst u_lprnet_top/u_layer29/gen_conv.gen_pages[0].page0.u_pe_page/pe_col_inst[0].u_pe_col/pe_inst[0].u_pe_4/N3) has been disconnected.
I: Const net (pin CEX1 of inst u_lprnet_top/u_layer29/gen_conv.gen_pages[0].page0.u_pe_page/pe_col_inst[0].u_pe_col/pe_inst[0].u_pe_5/N3) has been disconnected.
I: Const net (pin RSTX of inst u_lprnet_top/u_layer29/gen_conv.gen_pages[0].page0.u_pe_page/pe_col_inst[0].u_pe_col/pe_inst[0].u_pe_5/N3) has been disconnected.
I: Const net (pin CEY1 of inst u_lprnet_top/u_layer29/gen_conv.gen_pages[0].page0.u_pe_page/pe_col_inst[0].u_pe_col/pe_inst[0].u_pe_5/N3) has been disconnected.
I: Const net (pin RSTY of inst u_lprnet_top/u_layer29/gen_conv.gen_pages[0].page0.u_pe_page/pe_col_inst[0].u_pe_col/pe_inst[0].u_pe_5/N3) has been disconnected.
I: Const net (pin CEM of inst u_lprnet_top/u_layer29/gen_conv.gen_pages[0].page0.u_pe_page/pe_col_inst[0].u_pe_col/pe_inst[0].u_pe_5/N3) has been disconnected.
I: Const net (pin RSTM of inst u_lprnet_top/u_layer29/gen_conv.gen_pages[0].page0.u_pe_page/pe_col_inst[0].u_pe_col/pe_inst[0].u_pe_5/N3) has been disconnected.
I: Const net (pin CEX1 of inst u_lprnet_top/u_layer29/gen_conv.gen_pages[0].page0.u_pe_page/pe_col_inst[0].u_pe_col/pe_inst[0].u_pe_6/N3) has been disconnected.
I: Const net (pin RSTX of inst u_lprnet_top/u_layer29/gen_conv.gen_pages[0].page0.u_pe_page/pe_col_inst[0].u_pe_col/pe_inst[0].u_pe_6/N3) has been disconnected.
I: Const net (pin CEY1 of inst u_lprnet_top/u_layer29/gen_conv.gen_pages[0].page0.u_pe_page/pe_col_inst[0].u_pe_col/pe_inst[0].u_pe_6/N3) has been disconnected.
I: Const net (pin RSTY of inst u_lprnet_top/u_layer29/gen_conv.gen_pages[0].page0.u_pe_page/pe_col_inst[0].u_pe_col/pe_inst[0].u_pe_6/N3) has been disconnected.
I: Const net (pin CEM of inst u_lprnet_top/u_layer29/gen_conv.gen_pages[0].page0.u_pe_page/pe_col_inst[0].u_pe_col/pe_inst[0].u_pe_6/N3) has been disconnected.
I: Const net (pin RSTM of inst u_lprnet_top/u_layer29/gen_conv.gen_pages[0].page0.u_pe_page/pe_col_inst[0].u_pe_col/pe_inst[0].u_pe_6/N3) has been disconnected.
I: Const net (pin CEX1 of inst u_lprnet_top/u_layer29/gen_conv.gen_pages[0].page0.u_pe_page/pe_col_inst[0].u_pe_col/pe_inst[0].u_pe_7/N3) has been disconnected.
I: Const net (pin RSTX of inst u_lprnet_top/u_layer29/gen_conv.gen_pages[0].page0.u_pe_page/pe_col_inst[0].u_pe_col/pe_inst[0].u_pe_7/N3) has been disconnected.
I: Const net (pin CEY1 of inst u_lprnet_top/u_layer29/gen_conv.gen_pages[0].page0.u_pe_page/pe_col_inst[0].u_pe_col/pe_inst[0].u_pe_7/N3) has been disconnected.
I: Const net (pin RSTY of inst u_lprnet_top/u_layer29/gen_conv.gen_pages[0].page0.u_pe_page/pe_col_inst[0].u_pe_col/pe_inst[0].u_pe_7/N3) has been disconnected.
I: Const net (pin CEM of inst u_lprnet_top/u_layer29/gen_conv.gen_pages[0].page0.u_pe_page/pe_col_inst[0].u_pe_col/pe_inst[0].u_pe_7/N3) has been disconnected.
I: Const net (pin RSTM of inst u_lprnet_top/u_layer29/gen_conv.gen_pages[0].page0.u_pe_page/pe_col_inst[0].u_pe_col/pe_inst[0].u_pe_7/N3) has been disconnected.
I: Const net (pin CEX1 of inst u_lprnet_top/u_layer29/gen_conv.gen_pages[0].page0.u_pe_page/pe_col_inst[0].u_pe_col/pe_inst[0].u_pe_8/N3) has been disconnected.
I: Const net (pin RSTX of inst u_lprnet_top/u_layer29/gen_conv.gen_pages[0].page0.u_pe_page/pe_col_inst[0].u_pe_col/pe_inst[0].u_pe_8/N3) has been disconnected.
I: Const net (pin CEY1 of inst u_lprnet_top/u_layer29/gen_conv.gen_pages[0].page0.u_pe_page/pe_col_inst[0].u_pe_col/pe_inst[0].u_pe_8/N3) has been disconnected.
I: Const net (pin RSTY of inst u_lprnet_top/u_layer29/gen_conv.gen_pages[0].page0.u_pe_page/pe_col_inst[0].u_pe_col/pe_inst[0].u_pe_8/N3) has been disconnected.
I: Const net (pin CEM of inst u_lprnet_top/u_layer29/gen_conv.gen_pages[0].page0.u_pe_page/pe_col_inst[0].u_pe_col/pe_inst[0].u_pe_8/N3) has been disconnected.
I: Const net (pin RSTM of inst u_lprnet_top/u_layer29/gen_conv.gen_pages[0].page0.u_pe_page/pe_col_inst[0].u_pe_col/pe_inst[0].u_pe_8/N3) has been disconnected.
I: Const net (pin CEX1 of inst u_lprnet_top/u_layer29/gen_conv.gen_pages[0].page0.u_pe_page/pe_col_inst[1].u_pe_col/pe_inst[0].u_pe/N3) has been disconnected.
I: Const net (pin RSTX of inst u_lprnet_top/u_layer29/gen_conv.gen_pages[0].page0.u_pe_page/pe_col_inst[1].u_pe_col/pe_inst[0].u_pe/N3) has been disconnected.
I: Const net (pin CEY1 of inst u_lprnet_top/u_layer29/gen_conv.gen_pages[0].page0.u_pe_page/pe_col_inst[1].u_pe_col/pe_inst[0].u_pe/N3) has been disconnected.
I: Const net (pin RSTY of inst u_lprnet_top/u_layer29/gen_conv.gen_pages[0].page0.u_pe_page/pe_col_inst[1].u_pe_col/pe_inst[0].u_pe/N3) has been disconnected.
I: Const net (pin CEM of inst u_lprnet_top/u_layer29/gen_conv.gen_pages[0].page0.u_pe_page/pe_col_inst[1].u_pe_col/pe_inst[0].u_pe/N3) has been disconnected.
I: Const net (pin RSTM of inst u_lprnet_top/u_layer29/gen_conv.gen_pages[0].page0.u_pe_page/pe_col_inst[1].u_pe_col/pe_inst[0].u_pe/N3) has been disconnected.
I: Const net (pin CEX1 of inst u_lprnet_top/u_layer29/gen_conv.gen_pages[0].page0.u_pe_page/pe_col_inst[1].u_pe_col/pe_inst[0].u_pe_1/N3) has been disconnected.
I: Const net (pin RSTX of inst u_lprnet_top/u_layer29/gen_conv.gen_pages[0].page0.u_pe_page/pe_col_inst[1].u_pe_col/pe_inst[0].u_pe_1/N3) has been disconnected.
I: Const net (pin CEY1 of inst u_lprnet_top/u_layer29/gen_conv.gen_pages[0].page0.u_pe_page/pe_col_inst[1].u_pe_col/pe_inst[0].u_pe_1/N3) has been disconnected.
I: Const net (pin RSTY of inst u_lprnet_top/u_layer29/gen_conv.gen_pages[0].page0.u_pe_page/pe_col_inst[1].u_pe_col/pe_inst[0].u_pe_1/N3) has been disconnected.
I: Const net (pin CEM of inst u_lprnet_top/u_layer29/gen_conv.gen_pages[0].page0.u_pe_page/pe_col_inst[1].u_pe_col/pe_inst[0].u_pe_1/N3) has been disconnected.
I: Const net (pin RSTM of inst u_lprnet_top/u_layer29/gen_conv.gen_pages[0].page0.u_pe_page/pe_col_inst[1].u_pe_col/pe_inst[0].u_pe_1/N3) has been disconnected.
I: Const net (pin CEX1 of inst u_lprnet_top/u_layer29/gen_conv.gen_pages[0].page0.u_pe_page/pe_col_inst[1].u_pe_col/pe_inst[0].u_pe_2/N3) has been disconnected.
I: Const net (pin RSTX of inst u_lprnet_top/u_layer29/gen_conv.gen_pages[0].page0.u_pe_page/pe_col_inst[1].u_pe_col/pe_inst[0].u_pe_2/N3) has been disconnected.
I: Const net (pin CEY1 of inst u_lprnet_top/u_layer29/gen_conv.gen_pages[0].page0.u_pe_page/pe_col_inst[1].u_pe_col/pe_inst[0].u_pe_2/N3) has been disconnected.
I: Const net (pin RSTY of inst u_lprnet_top/u_layer29/gen_conv.gen_pages[0].page0.u_pe_page/pe_col_inst[1].u_pe_col/pe_inst[0].u_pe_2/N3) has been disconnected.
I: Const net (pin CEM of inst u_lprnet_top/u_layer29/gen_conv.gen_pages[0].page0.u_pe_page/pe_col_inst[1].u_pe_col/pe_inst[0].u_pe_2/N3) has been disconnected.
I: Const net (pin RSTM of inst u_lprnet_top/u_layer29/gen_conv.gen_pages[0].page0.u_pe_page/pe_col_inst[1].u_pe_col/pe_inst[0].u_pe_2/N3) has been disconnected.
I: Const net (pin CEX1 of inst u_lprnet_top/u_layer29/gen_conv.gen_pages[0].page0.u_pe_page/pe_col_inst[1].u_pe_col/pe_inst[0].u_pe_3/N3) has been disconnected.
I: Const net (pin RSTX of inst u_lprnet_top/u_layer29/gen_conv.gen_pages[0].page0.u_pe_page/pe_col_inst[1].u_pe_col/pe_inst[0].u_pe_3/N3) has been disconnected.
I: Const net (pin CEY1 of inst u_lprnet_top/u_layer29/gen_conv.gen_pages[0].page0.u_pe_page/pe_col_inst[1].u_pe_col/pe_inst[0].u_pe_3/N3) has been disconnected.
I: Const net (pin RSTY of inst u_lprnet_top/u_layer29/gen_conv.gen_pages[0].page0.u_pe_page/pe_col_inst[1].u_pe_col/pe_inst[0].u_pe_3/N3) has been disconnected.
I: Const net (pin CEM of inst u_lprnet_top/u_layer29/gen_conv.gen_pages[0].page0.u_pe_page/pe_col_inst[1].u_pe_col/pe_inst[0].u_pe_3/N3) has been disconnected.
I: Const net (pin RSTM of inst u_lprnet_top/u_layer29/gen_conv.gen_pages[0].page0.u_pe_page/pe_col_inst[1].u_pe_col/pe_inst[0].u_pe_3/N3) has been disconnected.
I: Const net (pin CEX1 of inst u_lprnet_top/u_layer29/gen_conv.gen_pages[0].page0.u_pe_page/pe_col_inst[1].u_pe_col/pe_inst[0].u_pe_4/N3) has been disconnected.
I: Const net (pin RSTX of inst u_lprnet_top/u_layer29/gen_conv.gen_pages[0].page0.u_pe_page/pe_col_inst[1].u_pe_col/pe_inst[0].u_pe_4/N3) has been disconnected.
I: Const net (pin CEY1 of inst u_lprnet_top/u_layer29/gen_conv.gen_pages[0].page0.u_pe_page/pe_col_inst[1].u_pe_col/pe_inst[0].u_pe_4/N3) has been disconnected.
I: Const net (pin RSTY of inst u_lprnet_top/u_layer29/gen_conv.gen_pages[0].page0.u_pe_page/pe_col_inst[1].u_pe_col/pe_inst[0].u_pe_4/N3) has been disconnected.
I: Const net (pin CEM of inst u_lprnet_top/u_layer29/gen_conv.gen_pages[0].page0.u_pe_page/pe_col_inst[1].u_pe_col/pe_inst[0].u_pe_4/N3) has been disconnected.
I: Const net (pin RSTM of inst u_lprnet_top/u_layer29/gen_conv.gen_pages[0].page0.u_pe_page/pe_col_inst[1].u_pe_col/pe_inst[0].u_pe_4/N3) has been disconnected.
I: Const net (pin CEX1 of inst u_lprnet_top/u_layer29/gen_conv.gen_pages[0].page0.u_pe_page/pe_col_inst[1].u_pe_col/pe_inst[0].u_pe_5/N3) has been disconnected.
I: Const net (pin RSTX of inst u_lprnet_top/u_layer29/gen_conv.gen_pages[0].page0.u_pe_page/pe_col_inst[1].u_pe_col/pe_inst[0].u_pe_5/N3) has been disconnected.
I: Const net (pin CEY1 of inst u_lprnet_top/u_layer29/gen_conv.gen_pages[0].page0.u_pe_page/pe_col_inst[1].u_pe_col/pe_inst[0].u_pe_5/N3) has been disconnected.
I: Const net (pin RSTY of inst u_lprnet_top/u_layer29/gen_conv.gen_pages[0].page0.u_pe_page/pe_col_inst[1].u_pe_col/pe_inst[0].u_pe_5/N3) has been disconnected.
I: Const net (pin CEM of inst u_lprnet_top/u_layer29/gen_conv.gen_pages[0].page0.u_pe_page/pe_col_inst[1].u_pe_col/pe_inst[0].u_pe_5/N3) has been disconnected.
I: Const net (pin RSTM of inst u_lprnet_top/u_layer29/gen_conv.gen_pages[0].page0.u_pe_page/pe_col_inst[1].u_pe_col/pe_inst[0].u_pe_5/N3) has been disconnected.
I: Const net (pin CEX1 of inst u_lprnet_top/u_layer29/gen_conv.gen_pages[0].page0.u_pe_page/pe_col_inst[1].u_pe_col/pe_inst[0].u_pe_6/N3) has been disconnected.
I: Const net (pin RSTX of inst u_lprnet_top/u_layer29/gen_conv.gen_pages[0].page0.u_pe_page/pe_col_inst[1].u_pe_col/pe_inst[0].u_pe_6/N3) has been disconnected.
I: Const net (pin CEY1 of inst u_lprnet_top/u_layer29/gen_conv.gen_pages[0].page0.u_pe_page/pe_col_inst[1].u_pe_col/pe_inst[0].u_pe_6/N3) has been disconnected.
I: Const net (pin RSTY of inst u_lprnet_top/u_layer29/gen_conv.gen_pages[0].page0.u_pe_page/pe_col_inst[1].u_pe_col/pe_inst[0].u_pe_6/N3) has been disconnected.
I: Const net (pin CEM of inst u_lprnet_top/u_layer29/gen_conv.gen_pages[0].page0.u_pe_page/pe_col_inst[1].u_pe_col/pe_inst[0].u_pe_6/N3) has been disconnected.
I: Const net (pin RSTM of inst u_lprnet_top/u_layer29/gen_conv.gen_pages[0].page0.u_pe_page/pe_col_inst[1].u_pe_col/pe_inst[0].u_pe_6/N3) has been disconnected.
I: Const net (pin CEX1 of inst u_lprnet_top/u_layer29/gen_conv.gen_pages[0].page0.u_pe_page/pe_col_inst[1].u_pe_col/pe_inst[0].u_pe_7/N3) has been disconnected.
I: Const net (pin RSTX of inst u_lprnet_top/u_layer29/gen_conv.gen_pages[0].page0.u_pe_page/pe_col_inst[1].u_pe_col/pe_inst[0].u_pe_7/N3) has been disconnected.
I: Const net (pin CEY1 of inst u_lprnet_top/u_layer29/gen_conv.gen_pages[0].page0.u_pe_page/pe_col_inst[1].u_pe_col/pe_inst[0].u_pe_7/N3) has been disconnected.
I: Const net (pin RSTY of inst u_lprnet_top/u_layer29/gen_conv.gen_pages[0].page0.u_pe_page/pe_col_inst[1].u_pe_col/pe_inst[0].u_pe_7/N3) has been disconnected.
I: Const net (pin CEM of inst u_lprnet_top/u_layer29/gen_conv.gen_pages[0].page0.u_pe_page/pe_col_inst[1].u_pe_col/pe_inst[0].u_pe_7/N3) has been disconnected.
I: Const net (pin RSTM of inst u_lprnet_top/u_layer29/gen_conv.gen_pages[0].page0.u_pe_page/pe_col_inst[1].u_pe_col/pe_inst[0].u_pe_7/N3) has been disconnected.
I: Const net (pin CEX1 of inst u_lprnet_top/u_layer29/gen_conv.gen_pages[0].page0.u_pe_page/pe_col_inst[1].u_pe_col/pe_inst[0].u_pe_8/N3) has been disconnected.
I: Const net (pin RSTX of inst u_lprnet_top/u_layer29/gen_conv.gen_pages[0].page0.u_pe_page/pe_col_inst[1].u_pe_col/pe_inst[0].u_pe_8/N3) has been disconnected.
I: Const net (pin CEY1 of inst u_lprnet_top/u_layer29/gen_conv.gen_pages[0].page0.u_pe_page/pe_col_inst[1].u_pe_col/pe_inst[0].u_pe_8/N3) has been disconnected.
I: Const net (pin RSTY of inst u_lprnet_top/u_layer29/gen_conv.gen_pages[0].page0.u_pe_page/pe_col_inst[1].u_pe_col/pe_inst[0].u_pe_8/N3) has been disconnected.
I: Const net (pin CEM of inst u_lprnet_top/u_layer29/gen_conv.gen_pages[0].page0.u_pe_page/pe_col_inst[1].u_pe_col/pe_inst[0].u_pe_8/N3) has been disconnected.
I: Const net (pin RSTM of inst u_lprnet_top/u_layer29/gen_conv.gen_pages[0].page0.u_pe_page/pe_col_inst[1].u_pe_col/pe_inst[0].u_pe_8/N3) has been disconnected.
I: Const net (pin CEX1 of inst u_lprnet_top/u_layer29/gen_conv.gen_pages[0].page0.u_pe_page/pe_col_inst[2].u_pe_col/pe_inst[0].u_pe/N3) has been disconnected.
I: Const net (pin RSTX of inst u_lprnet_top/u_layer29/gen_conv.gen_pages[0].page0.u_pe_page/pe_col_inst[2].u_pe_col/pe_inst[0].u_pe/N3) has been disconnected.
I: Const net (pin CEY1 of inst u_lprnet_top/u_layer29/gen_conv.gen_pages[0].page0.u_pe_page/pe_col_inst[2].u_pe_col/pe_inst[0].u_pe/N3) has been disconnected.
I: Const net (pin RSTY of inst u_lprnet_top/u_layer29/gen_conv.gen_pages[0].page0.u_pe_page/pe_col_inst[2].u_pe_col/pe_inst[0].u_pe/N3) has been disconnected.
I: Const net (pin CEM of inst u_lprnet_top/u_layer29/gen_conv.gen_pages[0].page0.u_pe_page/pe_col_inst[2].u_pe_col/pe_inst[0].u_pe/N3) has been disconnected.
I: Const net (pin RSTM of inst u_lprnet_top/u_layer29/gen_conv.gen_pages[0].page0.u_pe_page/pe_col_inst[2].u_pe_col/pe_inst[0].u_pe/N3) has been disconnected.
I: Const net (pin CEX1 of inst u_lprnet_top/u_layer29/gen_conv.gen_pages[0].page0.u_pe_page/pe_col_inst[2].u_pe_col/pe_inst[0].u_pe_1/N3) has been disconnected.
I: Const net (pin RSTX of inst u_lprnet_top/u_layer29/gen_conv.gen_pages[0].page0.u_pe_page/pe_col_inst[2].u_pe_col/pe_inst[0].u_pe_1/N3) has been disconnected.
I: Const net (pin CEY1 of inst u_lprnet_top/u_layer29/gen_conv.gen_pages[0].page0.u_pe_page/pe_col_inst[2].u_pe_col/pe_inst[0].u_pe_1/N3) has been disconnected.
I: Const net (pin RSTY of inst u_lprnet_top/u_layer29/gen_conv.gen_pages[0].page0.u_pe_page/pe_col_inst[2].u_pe_col/pe_inst[0].u_pe_1/N3) has been disconnected.
I: Const net (pin CEM of inst u_lprnet_top/u_layer29/gen_conv.gen_pages[0].page0.u_pe_page/pe_col_inst[2].u_pe_col/pe_inst[0].u_pe_1/N3) has been disconnected.
I: Const net (pin RSTM of inst u_lprnet_top/u_layer29/gen_conv.gen_pages[0].page0.u_pe_page/pe_col_inst[2].u_pe_col/pe_inst[0].u_pe_1/N3) has been disconnected.
I: Const net (pin CEX1 of inst u_lprnet_top/u_layer29/gen_conv.gen_pages[0].page0.u_pe_page/pe_col_inst[2].u_pe_col/pe_inst[0].u_pe_2/N3) has been disconnected.
I: Const net (pin RSTX of inst u_lprnet_top/u_layer29/gen_conv.gen_pages[0].page0.u_pe_page/pe_col_inst[2].u_pe_col/pe_inst[0].u_pe_2/N3) has been disconnected.
I: Const net (pin CEY1 of inst u_lprnet_top/u_layer29/gen_conv.gen_pages[0].page0.u_pe_page/pe_col_inst[2].u_pe_col/pe_inst[0].u_pe_2/N3) has been disconnected.
I: Const net (pin RSTY of inst u_lprnet_top/u_layer29/gen_conv.gen_pages[0].page0.u_pe_page/pe_col_inst[2].u_pe_col/pe_inst[0].u_pe_2/N3) has been disconnected.
I: Const net (pin CEM of inst u_lprnet_top/u_layer29/gen_conv.gen_pages[0].page0.u_pe_page/pe_col_inst[2].u_pe_col/pe_inst[0].u_pe_2/N3) has been disconnected.
I: Const net (pin RSTM of inst u_lprnet_top/u_layer29/gen_conv.gen_pages[0].page0.u_pe_page/pe_col_inst[2].u_pe_col/pe_inst[0].u_pe_2/N3) has been disconnected.
I: Const net (pin CEX1 of inst u_lprnet_top/u_layer29/gen_conv.gen_pages[0].page0.u_pe_page/pe_col_inst[2].u_pe_col/pe_inst[0].u_pe_3/N3) has been disconnected.
I: Const net (pin RSTX of inst u_lprnet_top/u_layer29/gen_conv.gen_pages[0].page0.u_pe_page/pe_col_inst[2].u_pe_col/pe_inst[0].u_pe_3/N3) has been disconnected.
I: Const net (pin CEY1 of inst u_lprnet_top/u_layer29/gen_conv.gen_pages[0].page0.u_pe_page/pe_col_inst[2].u_pe_col/pe_inst[0].u_pe_3/N3) has been disconnected.
I: Const net (pin RSTY of inst u_lprnet_top/u_layer29/gen_conv.gen_pages[0].page0.u_pe_page/pe_col_inst[2].u_pe_col/pe_inst[0].u_pe_3/N3) has been disconnected.
I: Const net (pin CEM of inst u_lprnet_top/u_layer29/gen_conv.gen_pages[0].page0.u_pe_page/pe_col_inst[2].u_pe_col/pe_inst[0].u_pe_3/N3) has been disconnected.
I: Const net (pin RSTM of inst u_lprnet_top/u_layer29/gen_conv.gen_pages[0].page0.u_pe_page/pe_col_inst[2].u_pe_col/pe_inst[0].u_pe_3/N3) has been disconnected.
I: Const net (pin CEX1 of inst u_lprnet_top/u_layer29/gen_conv.gen_pages[0].page0.u_pe_page/pe_col_inst[2].u_pe_col/pe_inst[0].u_pe_4/N3) has been disconnected.
I: Const net (pin RSTX of inst u_lprnet_top/u_layer29/gen_conv.gen_pages[0].page0.u_pe_page/pe_col_inst[2].u_pe_col/pe_inst[0].u_pe_4/N3) has been disconnected.
I: Const net (pin CEY1 of inst u_lprnet_top/u_layer29/gen_conv.gen_pages[0].page0.u_pe_page/pe_col_inst[2].u_pe_col/pe_inst[0].u_pe_4/N3) has been disconnected.
I: Const net (pin RSTY of inst u_lprnet_top/u_layer29/gen_conv.gen_pages[0].page0.u_pe_page/pe_col_inst[2].u_pe_col/pe_inst[0].u_pe_4/N3) has been disconnected.
I: Const net (pin CEM of inst u_lprnet_top/u_layer29/gen_conv.gen_pages[0].page0.u_pe_page/pe_col_inst[2].u_pe_col/pe_inst[0].u_pe_4/N3) has been disconnected.
I: Const net (pin RSTM of inst u_lprnet_top/u_layer29/gen_conv.gen_pages[0].page0.u_pe_page/pe_col_inst[2].u_pe_col/pe_inst[0].u_pe_4/N3) has been disconnected.
I: Const net (pin CEX1 of inst u_lprnet_top/u_layer29/gen_conv.gen_pages[0].page0.u_pe_page/pe_col_inst[2].u_pe_col/pe_inst[0].u_pe_5/N3) has been disconnected.
I: Const net (pin RSTX of inst u_lprnet_top/u_layer29/gen_conv.gen_pages[0].page0.u_pe_page/pe_col_inst[2].u_pe_col/pe_inst[0].u_pe_5/N3) has been disconnected.
I: Const net (pin CEY1 of inst u_lprnet_top/u_layer29/gen_conv.gen_pages[0].page0.u_pe_page/pe_col_inst[2].u_pe_col/pe_inst[0].u_pe_5/N3) has been disconnected.
I: Const net (pin RSTY of inst u_lprnet_top/u_layer29/gen_conv.gen_pages[0].page0.u_pe_page/pe_col_inst[2].u_pe_col/pe_inst[0].u_pe_5/N3) has been disconnected.
I: Const net (pin CEM of inst u_lprnet_top/u_layer29/gen_conv.gen_pages[0].page0.u_pe_page/pe_col_inst[2].u_pe_col/pe_inst[0].u_pe_5/N3) has been disconnected.
I: Const net (pin RSTM of inst u_lprnet_top/u_layer29/gen_conv.gen_pages[0].page0.u_pe_page/pe_col_inst[2].u_pe_col/pe_inst[0].u_pe_5/N3) has been disconnected.
I: Const net (pin CEX1 of inst u_lprnet_top/u_layer29/gen_conv.gen_pages[0].page0.u_pe_page/pe_col_inst[2].u_pe_col/pe_inst[0].u_pe_6/N3) has been disconnected.
I: Const net (pin RSTX of inst u_lprnet_top/u_layer29/gen_conv.gen_pages[0].page0.u_pe_page/pe_col_inst[2].u_pe_col/pe_inst[0].u_pe_6/N3) has been disconnected.
I: Const net (pin CEY1 of inst u_lprnet_top/u_layer29/gen_conv.gen_pages[0].page0.u_pe_page/pe_col_inst[2].u_pe_col/pe_inst[0].u_pe_6/N3) has been disconnected.
I: Const net (pin RSTY of inst u_lprnet_top/u_layer29/gen_conv.gen_pages[0].page0.u_pe_page/pe_col_inst[2].u_pe_col/pe_inst[0].u_pe_6/N3) has been disconnected.
I: Const net (pin CEM of inst u_lprnet_top/u_layer29/gen_conv.gen_pages[0].page0.u_pe_page/pe_col_inst[2].u_pe_col/pe_inst[0].u_pe_6/N3) has been disconnected.
I: Const net (pin RSTM of inst u_lprnet_top/u_layer29/gen_conv.gen_pages[0].page0.u_pe_page/pe_col_inst[2].u_pe_col/pe_inst[0].u_pe_6/N3) has been disconnected.
I: Const net (pin CEX1 of inst u_lprnet_top/u_layer29/gen_conv.gen_pages[0].page0.u_pe_page/pe_col_inst[2].u_pe_col/pe_inst[0].u_pe_7/N3) has been disconnected.
I: Const net (pin RSTX of inst u_lprnet_top/u_layer29/gen_conv.gen_pages[0].page0.u_pe_page/pe_col_inst[2].u_pe_col/pe_inst[0].u_pe_7/N3) has been disconnected.
I: Const net (pin CEY1 of inst u_lprnet_top/u_layer29/gen_conv.gen_pages[0].page0.u_pe_page/pe_col_inst[2].u_pe_col/pe_inst[0].u_pe_7/N3) has been disconnected.
I: Const net (pin RSTY of inst u_lprnet_top/u_layer29/gen_conv.gen_pages[0].page0.u_pe_page/pe_col_inst[2].u_pe_col/pe_inst[0].u_pe_7/N3) has been disconnected.
I: Const net (pin CEM of inst u_lprnet_top/u_layer29/gen_conv.gen_pages[0].page0.u_pe_page/pe_col_inst[2].u_pe_col/pe_inst[0].u_pe_7/N3) has been disconnected.
I: Const net (pin RSTM of inst u_lprnet_top/u_layer29/gen_conv.gen_pages[0].page0.u_pe_page/pe_col_inst[2].u_pe_col/pe_inst[0].u_pe_7/N3) has been disconnected.
I: Const net (pin CEX1 of inst u_lprnet_top/u_layer29/gen_conv.gen_pages[0].page0.u_pe_page/pe_col_inst[2].u_pe_col/pe_inst[0].u_pe_8/N3) has been disconnected.
I: Const net (pin RSTX of inst u_lprnet_top/u_layer29/gen_conv.gen_pages[0].page0.u_pe_page/pe_col_inst[2].u_pe_col/pe_inst[0].u_pe_8/N3) has been disconnected.
I: Const net (pin CEY1 of inst u_lprnet_top/u_layer29/gen_conv.gen_pages[0].page0.u_pe_page/pe_col_inst[2].u_pe_col/pe_inst[0].u_pe_8/N3) has been disconnected.
I: Const net (pin RSTY of inst u_lprnet_top/u_layer29/gen_conv.gen_pages[0].page0.u_pe_page/pe_col_inst[2].u_pe_col/pe_inst[0].u_pe_8/N3) has been disconnected.
I: Const net (pin CEM of inst u_lprnet_top/u_layer29/gen_conv.gen_pages[0].page0.u_pe_page/pe_col_inst[2].u_pe_col/pe_inst[0].u_pe_8/N3) has been disconnected.
I: Const net (pin RSTM of inst u_lprnet_top/u_layer29/gen_conv.gen_pages[0].page0.u_pe_page/pe_col_inst[2].u_pe_col/pe_inst[0].u_pe_8/N3) has been disconnected.
I: Const net (pin CEX1 of inst u_lprnet_top/u_layer29/gen_conv.gen_pages[0].page0.u_pe_page/pe_col_inst[3].u_pe_col/pe_inst[0].u_pe/N3) has been disconnected.
I: Const net (pin RSTX of inst u_lprnet_top/u_layer29/gen_conv.gen_pages[0].page0.u_pe_page/pe_col_inst[3].u_pe_col/pe_inst[0].u_pe/N3) has been disconnected.
I: Const net (pin CEY1 of inst u_lprnet_top/u_layer29/gen_conv.gen_pages[0].page0.u_pe_page/pe_col_inst[3].u_pe_col/pe_inst[0].u_pe/N3) has been disconnected.
I: Const net (pin RSTY of inst u_lprnet_top/u_layer29/gen_conv.gen_pages[0].page0.u_pe_page/pe_col_inst[3].u_pe_col/pe_inst[0].u_pe/N3) has been disconnected.
I: Const net (pin CEM of inst u_lprnet_top/u_layer29/gen_conv.gen_pages[0].page0.u_pe_page/pe_col_inst[3].u_pe_col/pe_inst[0].u_pe/N3) has been disconnected.
I: Const net (pin RSTM of inst u_lprnet_top/u_layer29/gen_conv.gen_pages[0].page0.u_pe_page/pe_col_inst[3].u_pe_col/pe_inst[0].u_pe/N3) has been disconnected.
I: Const net (pin CEX1 of inst u_lprnet_top/u_layer29/gen_conv.gen_pages[0].page0.u_pe_page/pe_col_inst[3].u_pe_col/pe_inst[0].u_pe_1/N3) has been disconnected.
I: Const net (pin RSTX of inst u_lprnet_top/u_layer29/gen_conv.gen_pages[0].page0.u_pe_page/pe_col_inst[3].u_pe_col/pe_inst[0].u_pe_1/N3) has been disconnected.
I: Const net (pin CEY1 of inst u_lprnet_top/u_layer29/gen_conv.gen_pages[0].page0.u_pe_page/pe_col_inst[3].u_pe_col/pe_inst[0].u_pe_1/N3) has been disconnected.
I: Const net (pin RSTY of inst u_lprnet_top/u_layer29/gen_conv.gen_pages[0].page0.u_pe_page/pe_col_inst[3].u_pe_col/pe_inst[0].u_pe_1/N3) has been disconnected.
I: Const net (pin CEM of inst u_lprnet_top/u_layer29/gen_conv.gen_pages[0].page0.u_pe_page/pe_col_inst[3].u_pe_col/pe_inst[0].u_pe_1/N3) has been disconnected.
I: Const net (pin RSTM of inst u_lprnet_top/u_layer29/gen_conv.gen_pages[0].page0.u_pe_page/pe_col_inst[3].u_pe_col/pe_inst[0].u_pe_1/N3) has been disconnected.
I: Const net (pin CEX1 of inst u_lprnet_top/u_layer29/gen_conv.gen_pages[0].page0.u_pe_page/pe_col_inst[3].u_pe_col/pe_inst[0].u_pe_2/N3) has been disconnected.
I: Const net (pin RSTX of inst u_lprnet_top/u_layer29/gen_conv.gen_pages[0].page0.u_pe_page/pe_col_inst[3].u_pe_col/pe_inst[0].u_pe_2/N3) has been disconnected.
I: Const net (pin CEY1 of inst u_lprnet_top/u_layer29/gen_conv.gen_pages[0].page0.u_pe_page/pe_col_inst[3].u_pe_col/pe_inst[0].u_pe_2/N3) has been disconnected.
I: Const net (pin RSTY of inst u_lprnet_top/u_layer29/gen_conv.gen_pages[0].page0.u_pe_page/pe_col_inst[3].u_pe_col/pe_inst[0].u_pe_2/N3) has been disconnected.
I: Const net (pin CEM of inst u_lprnet_top/u_layer29/gen_conv.gen_pages[0].page0.u_pe_page/pe_col_inst[3].u_pe_col/pe_inst[0].u_pe_2/N3) has been disconnected.
I: Const net (pin RSTM of inst u_lprnet_top/u_layer29/gen_conv.gen_pages[0].page0.u_pe_page/pe_col_inst[3].u_pe_col/pe_inst[0].u_pe_2/N3) has been disconnected.
I: Const net (pin CEX1 of inst u_lprnet_top/u_layer29/gen_conv.gen_pages[0].page0.u_pe_page/pe_col_inst[3].u_pe_col/pe_inst[0].u_pe_3/N3) has been disconnected.
I: Const net (pin RSTX of inst u_lprnet_top/u_layer29/gen_conv.gen_pages[0].page0.u_pe_page/pe_col_inst[3].u_pe_col/pe_inst[0].u_pe_3/N3) has been disconnected.
I: Const net (pin CEY1 of inst u_lprnet_top/u_layer29/gen_conv.gen_pages[0].page0.u_pe_page/pe_col_inst[3].u_pe_col/pe_inst[0].u_pe_3/N3) has been disconnected.
I: Const net (pin RSTY of inst u_lprnet_top/u_layer29/gen_conv.gen_pages[0].page0.u_pe_page/pe_col_inst[3].u_pe_col/pe_inst[0].u_pe_3/N3) has been disconnected.
I: Const net (pin CEM of inst u_lprnet_top/u_layer29/gen_conv.gen_pages[0].page0.u_pe_page/pe_col_inst[3].u_pe_col/pe_inst[0].u_pe_3/N3) has been disconnected.
I: Const net (pin RSTM of inst u_lprnet_top/u_layer29/gen_conv.gen_pages[0].page0.u_pe_page/pe_col_inst[3].u_pe_col/pe_inst[0].u_pe_3/N3) has been disconnected.
I: Const net (pin CEX1 of inst u_lprnet_top/u_layer29/gen_conv.gen_pages[0].page0.u_pe_page/pe_col_inst[3].u_pe_col/pe_inst[0].u_pe_4/N3) has been disconnected.
I: Const net (pin RSTX of inst u_lprnet_top/u_layer29/gen_conv.gen_pages[0].page0.u_pe_page/pe_col_inst[3].u_pe_col/pe_inst[0].u_pe_4/N3) has been disconnected.
I: Const net (pin CEY1 of inst u_lprnet_top/u_layer29/gen_conv.gen_pages[0].page0.u_pe_page/pe_col_inst[3].u_pe_col/pe_inst[0].u_pe_4/N3) has been disconnected.
I: Const net (pin RSTY of inst u_lprnet_top/u_layer29/gen_conv.gen_pages[0].page0.u_pe_page/pe_col_inst[3].u_pe_col/pe_inst[0].u_pe_4/N3) has been disconnected.
I: Const net (pin CEM of inst u_lprnet_top/u_layer29/gen_conv.gen_pages[0].page0.u_pe_page/pe_col_inst[3].u_pe_col/pe_inst[0].u_pe_4/N3) has been disconnected.
I: Const net (pin RSTM of inst u_lprnet_top/u_layer29/gen_conv.gen_pages[0].page0.u_pe_page/pe_col_inst[3].u_pe_col/pe_inst[0].u_pe_4/N3) has been disconnected.
I: Const net (pin CEX1 of inst u_lprnet_top/u_layer29/gen_conv.gen_pages[0].page0.u_pe_page/pe_col_inst[3].u_pe_col/pe_inst[0].u_pe_5/N3) has been disconnected.
I: Const net (pin RSTX of inst u_lprnet_top/u_layer29/gen_conv.gen_pages[0].page0.u_pe_page/pe_col_inst[3].u_pe_col/pe_inst[0].u_pe_5/N3) has been disconnected.
I: Const net (pin CEY1 of inst u_lprnet_top/u_layer29/gen_conv.gen_pages[0].page0.u_pe_page/pe_col_inst[3].u_pe_col/pe_inst[0].u_pe_5/N3) has been disconnected.
I: Const net (pin RSTY of inst u_lprnet_top/u_layer29/gen_conv.gen_pages[0].page0.u_pe_page/pe_col_inst[3].u_pe_col/pe_inst[0].u_pe_5/N3) has been disconnected.
I: Const net (pin CEM of inst u_lprnet_top/u_layer29/gen_conv.gen_pages[0].page0.u_pe_page/pe_col_inst[3].u_pe_col/pe_inst[0].u_pe_5/N3) has been disconnected.
I: Const net (pin RSTM of inst u_lprnet_top/u_layer29/gen_conv.gen_pages[0].page0.u_pe_page/pe_col_inst[3].u_pe_col/pe_inst[0].u_pe_5/N3) has been disconnected.
I: Const net (pin CEX1 of inst u_lprnet_top/u_layer29/gen_conv.gen_pages[0].page0.u_pe_page/pe_col_inst[3].u_pe_col/pe_inst[0].u_pe_6/N3) has been disconnected.
I: Const net (pin RSTX of inst u_lprnet_top/u_layer29/gen_conv.gen_pages[0].page0.u_pe_page/pe_col_inst[3].u_pe_col/pe_inst[0].u_pe_6/N3) has been disconnected.
I: Const net (pin CEY1 of inst u_lprnet_top/u_layer29/gen_conv.gen_pages[0].page0.u_pe_page/pe_col_inst[3].u_pe_col/pe_inst[0].u_pe_6/N3) has been disconnected.
I: Const net (pin RSTY of inst u_lprnet_top/u_layer29/gen_conv.gen_pages[0].page0.u_pe_page/pe_col_inst[3].u_pe_col/pe_inst[0].u_pe_6/N3) has been disconnected.
I: Const net (pin CEM of inst u_lprnet_top/u_layer29/gen_conv.gen_pages[0].page0.u_pe_page/pe_col_inst[3].u_pe_col/pe_inst[0].u_pe_6/N3) has been disconnected.
I: Const net (pin RSTM of inst u_lprnet_top/u_layer29/gen_conv.gen_pages[0].page0.u_pe_page/pe_col_inst[3].u_pe_col/pe_inst[0].u_pe_6/N3) has been disconnected.
I: Const net (pin CEX1 of inst u_lprnet_top/u_layer29/gen_conv.gen_pages[0].page0.u_pe_page/pe_col_inst[3].u_pe_col/pe_inst[0].u_pe_7/N3) has been disconnected.
I: Const net (pin RSTX of inst u_lprnet_top/u_layer29/gen_conv.gen_pages[0].page0.u_pe_page/pe_col_inst[3].u_pe_col/pe_inst[0].u_pe_7/N3) has been disconnected.
I: Const net (pin CEY1 of inst u_lprnet_top/u_layer29/gen_conv.gen_pages[0].page0.u_pe_page/pe_col_inst[3].u_pe_col/pe_inst[0].u_pe_7/N3) has been disconnected.
I: Const net (pin RSTY of inst u_lprnet_top/u_layer29/gen_conv.gen_pages[0].page0.u_pe_page/pe_col_inst[3].u_pe_col/pe_inst[0].u_pe_7/N3) has been disconnected.
I: Const net (pin CEM of inst u_lprnet_top/u_layer29/gen_conv.gen_pages[0].page0.u_pe_page/pe_col_inst[3].u_pe_col/pe_inst[0].u_pe_7/N3) has been disconnected.
I: Const net (pin RSTM of inst u_lprnet_top/u_layer29/gen_conv.gen_pages[0].page0.u_pe_page/pe_col_inst[3].u_pe_col/pe_inst[0].u_pe_7/N3) has been disconnected.
I: Const net (pin CEX1 of inst u_lprnet_top/u_layer29/gen_conv.gen_pages[0].page0.u_pe_page/pe_col_inst[3].u_pe_col/pe_inst[0].u_pe_8/N3) has been disconnected.
I: Const net (pin RSTX of inst u_lprnet_top/u_layer29/gen_conv.gen_pages[0].page0.u_pe_page/pe_col_inst[3].u_pe_col/pe_inst[0].u_pe_8/N3) has been disconnected.
I: Const net (pin CEY1 of inst u_lprnet_top/u_layer29/gen_conv.gen_pages[0].page0.u_pe_page/pe_col_inst[3].u_pe_col/pe_inst[0].u_pe_8/N3) has been disconnected.
I: Const net (pin RSTY of inst u_lprnet_top/u_layer29/gen_conv.gen_pages[0].page0.u_pe_page/pe_col_inst[3].u_pe_col/pe_inst[0].u_pe_8/N3) has been disconnected.
I: Const net (pin CEM of inst u_lprnet_top/u_layer29/gen_conv.gen_pages[0].page0.u_pe_page/pe_col_inst[3].u_pe_col/pe_inst[0].u_pe_8/N3) has been disconnected.
I: Const net (pin RSTM of inst u_lprnet_top/u_layer29/gen_conv.gen_pages[0].page0.u_pe_page/pe_col_inst[3].u_pe_col/pe_inst[0].u_pe_8/N3) has been disconnected.
I: Const net (pin CEX1 of inst u_lprnet_top/u_layer29/gen_conv.gen_pages[1].page1.u_pe_page/pe_col_inst[0].u_pe_col/pe_inst[0].u_pe/N3) has been disconnected.
I: Const net (pin RSTX of inst u_lprnet_top/u_layer29/gen_conv.gen_pages[1].page1.u_pe_page/pe_col_inst[0].u_pe_col/pe_inst[0].u_pe/N3) has been disconnected.
I: Const net (pin CEY1 of inst u_lprnet_top/u_layer29/gen_conv.gen_pages[1].page1.u_pe_page/pe_col_inst[0].u_pe_col/pe_inst[0].u_pe/N3) has been disconnected.
I: Const net (pin RSTY of inst u_lprnet_top/u_layer29/gen_conv.gen_pages[1].page1.u_pe_page/pe_col_inst[0].u_pe_col/pe_inst[0].u_pe/N3) has been disconnected.
I: Const net (pin CEM of inst u_lprnet_top/u_layer29/gen_conv.gen_pages[1].page1.u_pe_page/pe_col_inst[0].u_pe_col/pe_inst[0].u_pe/N3) has been disconnected.
I: Const net (pin RSTM of inst u_lprnet_top/u_layer29/gen_conv.gen_pages[1].page1.u_pe_page/pe_col_inst[0].u_pe_col/pe_inst[0].u_pe/N3) has been disconnected.
I: Const net (pin CEX1 of inst u_lprnet_top/u_layer29/gen_conv.gen_pages[1].page1.u_pe_page/pe_col_inst[0].u_pe_col/pe_inst[0].u_pe_1/N3) has been disconnected.
I: Const net (pin RSTX of inst u_lprnet_top/u_layer29/gen_conv.gen_pages[1].page1.u_pe_page/pe_col_inst[0].u_pe_col/pe_inst[0].u_pe_1/N3) has been disconnected.
I: Const net (pin CEY1 of inst u_lprnet_top/u_layer29/gen_conv.gen_pages[1].page1.u_pe_page/pe_col_inst[0].u_pe_col/pe_inst[0].u_pe_1/N3) has been disconnected.
I: Const net (pin RSTY of inst u_lprnet_top/u_layer29/gen_conv.gen_pages[1].page1.u_pe_page/pe_col_inst[0].u_pe_col/pe_inst[0].u_pe_1/N3) has been disconnected.
I: Const net (pin CEM of inst u_lprnet_top/u_layer29/gen_conv.gen_pages[1].page1.u_pe_page/pe_col_inst[0].u_pe_col/pe_inst[0].u_pe_1/N3) has been disconnected.
I: Const net (pin RSTM of inst u_lprnet_top/u_layer29/gen_conv.gen_pages[1].page1.u_pe_page/pe_col_inst[0].u_pe_col/pe_inst[0].u_pe_1/N3) has been disconnected.
I: Const net (pin CEX1 of inst u_lprnet_top/u_layer29/gen_conv.gen_pages[1].page1.u_pe_page/pe_col_inst[0].u_pe_col/pe_inst[0].u_pe_2/N3) has been disconnected.
I: Const net (pin RSTX of inst u_lprnet_top/u_layer29/gen_conv.gen_pages[1].page1.u_pe_page/pe_col_inst[0].u_pe_col/pe_inst[0].u_pe_2/N3) has been disconnected.
I: Const net (pin CEY1 of inst u_lprnet_top/u_layer29/gen_conv.gen_pages[1].page1.u_pe_page/pe_col_inst[0].u_pe_col/pe_inst[0].u_pe_2/N3) has been disconnected.
I: Const net (pin RSTY of inst u_lprnet_top/u_layer29/gen_conv.gen_pages[1].page1.u_pe_page/pe_col_inst[0].u_pe_col/pe_inst[0].u_pe_2/N3) has been disconnected.
I: Const net (pin CEM of inst u_lprnet_top/u_layer29/gen_conv.gen_pages[1].page1.u_pe_page/pe_col_inst[0].u_pe_col/pe_inst[0].u_pe_2/N3) has been disconnected.
I: Const net (pin RSTM of inst u_lprnet_top/u_layer29/gen_conv.gen_pages[1].page1.u_pe_page/pe_col_inst[0].u_pe_col/pe_inst[0].u_pe_2/N3) has been disconnected.
I: Const net (pin CEX1 of inst u_lprnet_top/u_layer29/gen_conv.gen_pages[1].page1.u_pe_page/pe_col_inst[0].u_pe_col/pe_inst[0].u_pe_3/N3) has been disconnected.
I: Const net (pin RSTX of inst u_lprnet_top/u_layer29/gen_conv.gen_pages[1].page1.u_pe_page/pe_col_inst[0].u_pe_col/pe_inst[0].u_pe_3/N3) has been disconnected.
I: Const net (pin CEY1 of inst u_lprnet_top/u_layer29/gen_conv.gen_pages[1].page1.u_pe_page/pe_col_inst[0].u_pe_col/pe_inst[0].u_pe_3/N3) has been disconnected.
I: Const net (pin RSTY of inst u_lprnet_top/u_layer29/gen_conv.gen_pages[1].page1.u_pe_page/pe_col_inst[0].u_pe_col/pe_inst[0].u_pe_3/N3) has been disconnected.
I: Const net (pin CEM of inst u_lprnet_top/u_layer29/gen_conv.gen_pages[1].page1.u_pe_page/pe_col_inst[0].u_pe_col/pe_inst[0].u_pe_3/N3) has been disconnected.
I: Const net (pin RSTM of inst u_lprnet_top/u_layer29/gen_conv.gen_pages[1].page1.u_pe_page/pe_col_inst[0].u_pe_col/pe_inst[0].u_pe_3/N3) has been disconnected.
I: Const net (pin CEX1 of inst u_lprnet_top/u_layer29/gen_conv.gen_pages[1].page1.u_pe_page/pe_col_inst[0].u_pe_col/pe_inst[0].u_pe_4/N3) has been disconnected.
I: Const net (pin RSTX of inst u_lprnet_top/u_layer29/gen_conv.gen_pages[1].page1.u_pe_page/pe_col_inst[0].u_pe_col/pe_inst[0].u_pe_4/N3) has been disconnected.
I: Const net (pin CEY1 of inst u_lprnet_top/u_layer29/gen_conv.gen_pages[1].page1.u_pe_page/pe_col_inst[0].u_pe_col/pe_inst[0].u_pe_4/N3) has been disconnected.
I: Const net (pin RSTY of inst u_lprnet_top/u_layer29/gen_conv.gen_pages[1].page1.u_pe_page/pe_col_inst[0].u_pe_col/pe_inst[0].u_pe_4/N3) has been disconnected.
I: Const net (pin CEM of inst u_lprnet_top/u_layer29/gen_conv.gen_pages[1].page1.u_pe_page/pe_col_inst[0].u_pe_col/pe_inst[0].u_pe_4/N3) has been disconnected.
I: Const net (pin RSTM of inst u_lprnet_top/u_layer29/gen_conv.gen_pages[1].page1.u_pe_page/pe_col_inst[0].u_pe_col/pe_inst[0].u_pe_4/N3) has been disconnected.
I: Const net (pin CEX1 of inst u_lprnet_top/u_layer29/gen_conv.gen_pages[1].page1.u_pe_page/pe_col_inst[0].u_pe_col/pe_inst[0].u_pe_5/N3) has been disconnected.
I: Const net (pin RSTX of inst u_lprnet_top/u_layer29/gen_conv.gen_pages[1].page1.u_pe_page/pe_col_inst[0].u_pe_col/pe_inst[0].u_pe_5/N3) has been disconnected.
I: Const net (pin CEY1 of inst u_lprnet_top/u_layer29/gen_conv.gen_pages[1].page1.u_pe_page/pe_col_inst[0].u_pe_col/pe_inst[0].u_pe_5/N3) has been disconnected.
I: Const net (pin RSTY of inst u_lprnet_top/u_layer29/gen_conv.gen_pages[1].page1.u_pe_page/pe_col_inst[0].u_pe_col/pe_inst[0].u_pe_5/N3) has been disconnected.
I: Const net (pin CEM of inst u_lprnet_top/u_layer29/gen_conv.gen_pages[1].page1.u_pe_page/pe_col_inst[0].u_pe_col/pe_inst[0].u_pe_5/N3) has been disconnected.
I: Const net (pin RSTM of inst u_lprnet_top/u_layer29/gen_conv.gen_pages[1].page1.u_pe_page/pe_col_inst[0].u_pe_col/pe_inst[0].u_pe_5/N3) has been disconnected.
I: Const net (pin CEX1 of inst u_lprnet_top/u_layer29/gen_conv.gen_pages[1].page1.u_pe_page/pe_col_inst[0].u_pe_col/pe_inst[0].u_pe_6/N3) has been disconnected.
I: Const net (pin RSTX of inst u_lprnet_top/u_layer29/gen_conv.gen_pages[1].page1.u_pe_page/pe_col_inst[0].u_pe_col/pe_inst[0].u_pe_6/N3) has been disconnected.
I: Const net (pin CEY1 of inst u_lprnet_top/u_layer29/gen_conv.gen_pages[1].page1.u_pe_page/pe_col_inst[0].u_pe_col/pe_inst[0].u_pe_6/N3) has been disconnected.
I: Const net (pin RSTY of inst u_lprnet_top/u_layer29/gen_conv.gen_pages[1].page1.u_pe_page/pe_col_inst[0].u_pe_col/pe_inst[0].u_pe_6/N3) has been disconnected.
I: Const net (pin CEM of inst u_lprnet_top/u_layer29/gen_conv.gen_pages[1].page1.u_pe_page/pe_col_inst[0].u_pe_col/pe_inst[0].u_pe_6/N3) has been disconnected.
I: Const net (pin RSTM of inst u_lprnet_top/u_layer29/gen_conv.gen_pages[1].page1.u_pe_page/pe_col_inst[0].u_pe_col/pe_inst[0].u_pe_6/N3) has been disconnected.
I: Const net (pin CEX1 of inst u_lprnet_top/u_layer29/gen_conv.gen_pages[1].page1.u_pe_page/pe_col_inst[0].u_pe_col/pe_inst[0].u_pe_7/N3) has been disconnected.
I: Const net (pin RSTX of inst u_lprnet_top/u_layer29/gen_conv.gen_pages[1].page1.u_pe_page/pe_col_inst[0].u_pe_col/pe_inst[0].u_pe_7/N3) has been disconnected.
I: Const net (pin CEY1 of inst u_lprnet_top/u_layer29/gen_conv.gen_pages[1].page1.u_pe_page/pe_col_inst[0].u_pe_col/pe_inst[0].u_pe_7/N3) has been disconnected.
I: Const net (pin RSTY of inst u_lprnet_top/u_layer29/gen_conv.gen_pages[1].page1.u_pe_page/pe_col_inst[0].u_pe_col/pe_inst[0].u_pe_7/N3) has been disconnected.
I: Const net (pin CEM of inst u_lprnet_top/u_layer29/gen_conv.gen_pages[1].page1.u_pe_page/pe_col_inst[0].u_pe_col/pe_inst[0].u_pe_7/N3) has been disconnected.
I: Const net (pin RSTM of inst u_lprnet_top/u_layer29/gen_conv.gen_pages[1].page1.u_pe_page/pe_col_inst[0].u_pe_col/pe_inst[0].u_pe_7/N3) has been disconnected.
I: Const net (pin CEX1 of inst u_lprnet_top/u_layer29/gen_conv.gen_pages[1].page1.u_pe_page/pe_col_inst[0].u_pe_col/pe_inst[0].u_pe_8/N3) has been disconnected.
I: Const net (pin RSTX of inst u_lprnet_top/u_layer29/gen_conv.gen_pages[1].page1.u_pe_page/pe_col_inst[0].u_pe_col/pe_inst[0].u_pe_8/N3) has been disconnected.
I: Const net (pin CEY1 of inst u_lprnet_top/u_layer29/gen_conv.gen_pages[1].page1.u_pe_page/pe_col_inst[0].u_pe_col/pe_inst[0].u_pe_8/N3) has been disconnected.
I: Const net (pin RSTY of inst u_lprnet_top/u_layer29/gen_conv.gen_pages[1].page1.u_pe_page/pe_col_inst[0].u_pe_col/pe_inst[0].u_pe_8/N3) has been disconnected.
I: Const net (pin CEM of inst u_lprnet_top/u_layer29/gen_conv.gen_pages[1].page1.u_pe_page/pe_col_inst[0].u_pe_col/pe_inst[0].u_pe_8/N3) has been disconnected.
I: Const net (pin RSTM of inst u_lprnet_top/u_layer29/gen_conv.gen_pages[1].page1.u_pe_page/pe_col_inst[0].u_pe_col/pe_inst[0].u_pe_8/N3) has been disconnected.
I: Const net (pin CEX1 of inst u_lprnet_top/u_layer29/gen_conv.gen_pages[1].page1.u_pe_page/pe_col_inst[1].u_pe_col/pe_inst[0].u_pe/N3) has been disconnected.
I: Const net (pin RSTX of inst u_lprnet_top/u_layer29/gen_conv.gen_pages[1].page1.u_pe_page/pe_col_inst[1].u_pe_col/pe_inst[0].u_pe/N3) has been disconnected.
I: Const net (pin CEY1 of inst u_lprnet_top/u_layer29/gen_conv.gen_pages[1].page1.u_pe_page/pe_col_inst[1].u_pe_col/pe_inst[0].u_pe/N3) has been disconnected.
I: Const net (pin RSTY of inst u_lprnet_top/u_layer29/gen_conv.gen_pages[1].page1.u_pe_page/pe_col_inst[1].u_pe_col/pe_inst[0].u_pe/N3) has been disconnected.
I: Const net (pin CEM of inst u_lprnet_top/u_layer29/gen_conv.gen_pages[1].page1.u_pe_page/pe_col_inst[1].u_pe_col/pe_inst[0].u_pe/N3) has been disconnected.
I: Const net (pin RSTM of inst u_lprnet_top/u_layer29/gen_conv.gen_pages[1].page1.u_pe_page/pe_col_inst[1].u_pe_col/pe_inst[0].u_pe/N3) has been disconnected.
I: Const net (pin CEX1 of inst u_lprnet_top/u_layer29/gen_conv.gen_pages[1].page1.u_pe_page/pe_col_inst[1].u_pe_col/pe_inst[0].u_pe_1/N3) has been disconnected.
I: Const net (pin RSTX of inst u_lprnet_top/u_layer29/gen_conv.gen_pages[1].page1.u_pe_page/pe_col_inst[1].u_pe_col/pe_inst[0].u_pe_1/N3) has been disconnected.
I: Const net (pin CEY1 of inst u_lprnet_top/u_layer29/gen_conv.gen_pages[1].page1.u_pe_page/pe_col_inst[1].u_pe_col/pe_inst[0].u_pe_1/N3) has been disconnected.
I: Const net (pin RSTY of inst u_lprnet_top/u_layer29/gen_conv.gen_pages[1].page1.u_pe_page/pe_col_inst[1].u_pe_col/pe_inst[0].u_pe_1/N3) has been disconnected.
I: Const net (pin CEM of inst u_lprnet_top/u_layer29/gen_conv.gen_pages[1].page1.u_pe_page/pe_col_inst[1].u_pe_col/pe_inst[0].u_pe_1/N3) has been disconnected.
I: Const net (pin RSTM of inst u_lprnet_top/u_layer29/gen_conv.gen_pages[1].page1.u_pe_page/pe_col_inst[1].u_pe_col/pe_inst[0].u_pe_1/N3) has been disconnected.
I: Const net (pin CEX1 of inst u_lprnet_top/u_layer29/gen_conv.gen_pages[1].page1.u_pe_page/pe_col_inst[1].u_pe_col/pe_inst[0].u_pe_2/N3) has been disconnected.
I: Const net (pin RSTX of inst u_lprnet_top/u_layer29/gen_conv.gen_pages[1].page1.u_pe_page/pe_col_inst[1].u_pe_col/pe_inst[0].u_pe_2/N3) has been disconnected.
I: Const net (pin CEY1 of inst u_lprnet_top/u_layer29/gen_conv.gen_pages[1].page1.u_pe_page/pe_col_inst[1].u_pe_col/pe_inst[0].u_pe_2/N3) has been disconnected.
I: Const net (pin RSTY of inst u_lprnet_top/u_layer29/gen_conv.gen_pages[1].page1.u_pe_page/pe_col_inst[1].u_pe_col/pe_inst[0].u_pe_2/N3) has been disconnected.
I: Const net (pin CEM of inst u_lprnet_top/u_layer29/gen_conv.gen_pages[1].page1.u_pe_page/pe_col_inst[1].u_pe_col/pe_inst[0].u_pe_2/N3) has been disconnected.
I: Const net (pin RSTM of inst u_lprnet_top/u_layer29/gen_conv.gen_pages[1].page1.u_pe_page/pe_col_inst[1].u_pe_col/pe_inst[0].u_pe_2/N3) has been disconnected.
I: Const net (pin CEX1 of inst u_lprnet_top/u_layer29/gen_conv.gen_pages[1].page1.u_pe_page/pe_col_inst[1].u_pe_col/pe_inst[0].u_pe_3/N3) has been disconnected.
I: Const net (pin RSTX of inst u_lprnet_top/u_layer29/gen_conv.gen_pages[1].page1.u_pe_page/pe_col_inst[1].u_pe_col/pe_inst[0].u_pe_3/N3) has been disconnected.
I: Const net (pin CEY1 of inst u_lprnet_top/u_layer29/gen_conv.gen_pages[1].page1.u_pe_page/pe_col_inst[1].u_pe_col/pe_inst[0].u_pe_3/N3) has been disconnected.
I: Const net (pin RSTY of inst u_lprnet_top/u_layer29/gen_conv.gen_pages[1].page1.u_pe_page/pe_col_inst[1].u_pe_col/pe_inst[0].u_pe_3/N3) has been disconnected.
I: Const net (pin CEM of inst u_lprnet_top/u_layer29/gen_conv.gen_pages[1].page1.u_pe_page/pe_col_inst[1].u_pe_col/pe_inst[0].u_pe_3/N3) has been disconnected.
I: Const net (pin RSTM of inst u_lprnet_top/u_layer29/gen_conv.gen_pages[1].page1.u_pe_page/pe_col_inst[1].u_pe_col/pe_inst[0].u_pe_3/N3) has been disconnected.
I: Const net (pin CEX1 of inst u_lprnet_top/u_layer29/gen_conv.gen_pages[1].page1.u_pe_page/pe_col_inst[1].u_pe_col/pe_inst[0].u_pe_4/N3) has been disconnected.
I: Const net (pin RSTX of inst u_lprnet_top/u_layer29/gen_conv.gen_pages[1].page1.u_pe_page/pe_col_inst[1].u_pe_col/pe_inst[0].u_pe_4/N3) has been disconnected.
I: Const net (pin CEY1 of inst u_lprnet_top/u_layer29/gen_conv.gen_pages[1].page1.u_pe_page/pe_col_inst[1].u_pe_col/pe_inst[0].u_pe_4/N3) has been disconnected.
I: Const net (pin RSTY of inst u_lprnet_top/u_layer29/gen_conv.gen_pages[1].page1.u_pe_page/pe_col_inst[1].u_pe_col/pe_inst[0].u_pe_4/N3) has been disconnected.
I: Const net (pin CEM of inst u_lprnet_top/u_layer29/gen_conv.gen_pages[1].page1.u_pe_page/pe_col_inst[1].u_pe_col/pe_inst[0].u_pe_4/N3) has been disconnected.
I: Const net (pin RSTM of inst u_lprnet_top/u_layer29/gen_conv.gen_pages[1].page1.u_pe_page/pe_col_inst[1].u_pe_col/pe_inst[0].u_pe_4/N3) has been disconnected.
I: Const net (pin CEX1 of inst u_lprnet_top/u_layer29/gen_conv.gen_pages[1].page1.u_pe_page/pe_col_inst[1].u_pe_col/pe_inst[0].u_pe_5/N3) has been disconnected.
I: Const net (pin RSTX of inst u_lprnet_top/u_layer29/gen_conv.gen_pages[1].page1.u_pe_page/pe_col_inst[1].u_pe_col/pe_inst[0].u_pe_5/N3) has been disconnected.
I: Const net (pin CEY1 of inst u_lprnet_top/u_layer29/gen_conv.gen_pages[1].page1.u_pe_page/pe_col_inst[1].u_pe_col/pe_inst[0].u_pe_5/N3) has been disconnected.
I: Const net (pin RSTY of inst u_lprnet_top/u_layer29/gen_conv.gen_pages[1].page1.u_pe_page/pe_col_inst[1].u_pe_col/pe_inst[0].u_pe_5/N3) has been disconnected.
I: Const net (pin CEM of inst u_lprnet_top/u_layer29/gen_conv.gen_pages[1].page1.u_pe_page/pe_col_inst[1].u_pe_col/pe_inst[0].u_pe_5/N3) has been disconnected.
I: Const net (pin RSTM of inst u_lprnet_top/u_layer29/gen_conv.gen_pages[1].page1.u_pe_page/pe_col_inst[1].u_pe_col/pe_inst[0].u_pe_5/N3) has been disconnected.
I: Const net (pin CEX1 of inst u_lprnet_top/u_layer29/gen_conv.gen_pages[1].page1.u_pe_page/pe_col_inst[1].u_pe_col/pe_inst[0].u_pe_6/N3) has been disconnected.
I: Const net (pin RSTX of inst u_lprnet_top/u_layer29/gen_conv.gen_pages[1].page1.u_pe_page/pe_col_inst[1].u_pe_col/pe_inst[0].u_pe_6/N3) has been disconnected.
I: Const net (pin CEY1 of inst u_lprnet_top/u_layer29/gen_conv.gen_pages[1].page1.u_pe_page/pe_col_inst[1].u_pe_col/pe_inst[0].u_pe_6/N3) has been disconnected.
I: Const net (pin RSTY of inst u_lprnet_top/u_layer29/gen_conv.gen_pages[1].page1.u_pe_page/pe_col_inst[1].u_pe_col/pe_inst[0].u_pe_6/N3) has been disconnected.
I: Const net (pin CEM of inst u_lprnet_top/u_layer29/gen_conv.gen_pages[1].page1.u_pe_page/pe_col_inst[1].u_pe_col/pe_inst[0].u_pe_6/N3) has been disconnected.
I: Const net (pin RSTM of inst u_lprnet_top/u_layer29/gen_conv.gen_pages[1].page1.u_pe_page/pe_col_inst[1].u_pe_col/pe_inst[0].u_pe_6/N3) has been disconnected.
I: Const net (pin CEX1 of inst u_lprnet_top/u_layer29/gen_conv.gen_pages[1].page1.u_pe_page/pe_col_inst[1].u_pe_col/pe_inst[0].u_pe_7/N3) has been disconnected.
I: Const net (pin RSTX of inst u_lprnet_top/u_layer29/gen_conv.gen_pages[1].page1.u_pe_page/pe_col_inst[1].u_pe_col/pe_inst[0].u_pe_7/N3) has been disconnected.
I: Const net (pin CEY1 of inst u_lprnet_top/u_layer29/gen_conv.gen_pages[1].page1.u_pe_page/pe_col_inst[1].u_pe_col/pe_inst[0].u_pe_7/N3) has been disconnected.
I: Const net (pin RSTY of inst u_lprnet_top/u_layer29/gen_conv.gen_pages[1].page1.u_pe_page/pe_col_inst[1].u_pe_col/pe_inst[0].u_pe_7/N3) has been disconnected.
I: Const net (pin CEM of inst u_lprnet_top/u_layer29/gen_conv.gen_pages[1].page1.u_pe_page/pe_col_inst[1].u_pe_col/pe_inst[0].u_pe_7/N3) has been disconnected.
I: Const net (pin RSTM of inst u_lprnet_top/u_layer29/gen_conv.gen_pages[1].page1.u_pe_page/pe_col_inst[1].u_pe_col/pe_inst[0].u_pe_7/N3) has been disconnected.
I: Const net (pin CEX1 of inst u_lprnet_top/u_layer29/gen_conv.gen_pages[1].page1.u_pe_page/pe_col_inst[1].u_pe_col/pe_inst[0].u_pe_8/N3) has been disconnected.
I: Const net (pin RSTX of inst u_lprnet_top/u_layer29/gen_conv.gen_pages[1].page1.u_pe_page/pe_col_inst[1].u_pe_col/pe_inst[0].u_pe_8/N3) has been disconnected.
I: Const net (pin CEY1 of inst u_lprnet_top/u_layer29/gen_conv.gen_pages[1].page1.u_pe_page/pe_col_inst[1].u_pe_col/pe_inst[0].u_pe_8/N3) has been disconnected.
I: Const net (pin RSTY of inst u_lprnet_top/u_layer29/gen_conv.gen_pages[1].page1.u_pe_page/pe_col_inst[1].u_pe_col/pe_inst[0].u_pe_8/N3) has been disconnected.
I: Const net (pin CEM of inst u_lprnet_top/u_layer29/gen_conv.gen_pages[1].page1.u_pe_page/pe_col_inst[1].u_pe_col/pe_inst[0].u_pe_8/N3) has been disconnected.
I: Const net (pin RSTM of inst u_lprnet_top/u_layer29/gen_conv.gen_pages[1].page1.u_pe_page/pe_col_inst[1].u_pe_col/pe_inst[0].u_pe_8/N3) has been disconnected.
I: Const net (pin CEX1 of inst u_lprnet_top/u_layer29/gen_conv.gen_pages[1].page1.u_pe_page/pe_col_inst[2].u_pe_col/pe_inst[0].u_pe/N3) has been disconnected.
I: Const net (pin RSTX of inst u_lprnet_top/u_layer29/gen_conv.gen_pages[1].page1.u_pe_page/pe_col_inst[2].u_pe_col/pe_inst[0].u_pe/N3) has been disconnected.
I: Const net (pin CEY1 of inst u_lprnet_top/u_layer29/gen_conv.gen_pages[1].page1.u_pe_page/pe_col_inst[2].u_pe_col/pe_inst[0].u_pe/N3) has been disconnected.
I: Const net (pin RSTY of inst u_lprnet_top/u_layer29/gen_conv.gen_pages[1].page1.u_pe_page/pe_col_inst[2].u_pe_col/pe_inst[0].u_pe/N3) has been disconnected.
I: Const net (pin CEM of inst u_lprnet_top/u_layer29/gen_conv.gen_pages[1].page1.u_pe_page/pe_col_inst[2].u_pe_col/pe_inst[0].u_pe/N3) has been disconnected.
I: Const net (pin RSTM of inst u_lprnet_top/u_layer29/gen_conv.gen_pages[1].page1.u_pe_page/pe_col_inst[2].u_pe_col/pe_inst[0].u_pe/N3) has been disconnected.
I: Const net (pin CEX1 of inst u_lprnet_top/u_layer29/gen_conv.gen_pages[1].page1.u_pe_page/pe_col_inst[2].u_pe_col/pe_inst[0].u_pe_1/N3) has been disconnected.
I: Const net (pin RSTX of inst u_lprnet_top/u_layer29/gen_conv.gen_pages[1].page1.u_pe_page/pe_col_inst[2].u_pe_col/pe_inst[0].u_pe_1/N3) has been disconnected.
I: Const net (pin CEY1 of inst u_lprnet_top/u_layer29/gen_conv.gen_pages[1].page1.u_pe_page/pe_col_inst[2].u_pe_col/pe_inst[0].u_pe_1/N3) has been disconnected.
I: Const net (pin RSTY of inst u_lprnet_top/u_layer29/gen_conv.gen_pages[1].page1.u_pe_page/pe_col_inst[2].u_pe_col/pe_inst[0].u_pe_1/N3) has been disconnected.
I: Const net (pin CEM of inst u_lprnet_top/u_layer29/gen_conv.gen_pages[1].page1.u_pe_page/pe_col_inst[2].u_pe_col/pe_inst[0].u_pe_1/N3) has been disconnected.
I: Const net (pin RSTM of inst u_lprnet_top/u_layer29/gen_conv.gen_pages[1].page1.u_pe_page/pe_col_inst[2].u_pe_col/pe_inst[0].u_pe_1/N3) has been disconnected.
I: Const net (pin CEX1 of inst u_lprnet_top/u_layer29/gen_conv.gen_pages[1].page1.u_pe_page/pe_col_inst[2].u_pe_col/pe_inst[0].u_pe_2/N3) has been disconnected.
I: Const net (pin RSTX of inst u_lprnet_top/u_layer29/gen_conv.gen_pages[1].page1.u_pe_page/pe_col_inst[2].u_pe_col/pe_inst[0].u_pe_2/N3) has been disconnected.
I: Const net (pin CEY1 of inst u_lprnet_top/u_layer29/gen_conv.gen_pages[1].page1.u_pe_page/pe_col_inst[2].u_pe_col/pe_inst[0].u_pe_2/N3) has been disconnected.
I: Const net (pin RSTY of inst u_lprnet_top/u_layer29/gen_conv.gen_pages[1].page1.u_pe_page/pe_col_inst[2].u_pe_col/pe_inst[0].u_pe_2/N3) has been disconnected.
I: Const net (pin CEM of inst u_lprnet_top/u_layer29/gen_conv.gen_pages[1].page1.u_pe_page/pe_col_inst[2].u_pe_col/pe_inst[0].u_pe_2/N3) has been disconnected.
I: Const net (pin RSTM of inst u_lprnet_top/u_layer29/gen_conv.gen_pages[1].page1.u_pe_page/pe_col_inst[2].u_pe_col/pe_inst[0].u_pe_2/N3) has been disconnected.
I: Const net (pin CEX1 of inst u_lprnet_top/u_layer29/gen_conv.gen_pages[1].page1.u_pe_page/pe_col_inst[2].u_pe_col/pe_inst[0].u_pe_3/N3) has been disconnected.
I: Const net (pin RSTX of inst u_lprnet_top/u_layer29/gen_conv.gen_pages[1].page1.u_pe_page/pe_col_inst[2].u_pe_col/pe_inst[0].u_pe_3/N3) has been disconnected.
I: Const net (pin CEY1 of inst u_lprnet_top/u_layer29/gen_conv.gen_pages[1].page1.u_pe_page/pe_col_inst[2].u_pe_col/pe_inst[0].u_pe_3/N3) has been disconnected.
I: Const net (pin RSTY of inst u_lprnet_top/u_layer29/gen_conv.gen_pages[1].page1.u_pe_page/pe_col_inst[2].u_pe_col/pe_inst[0].u_pe_3/N3) has been disconnected.
I: Const net (pin CEM of inst u_lprnet_top/u_layer29/gen_conv.gen_pages[1].page1.u_pe_page/pe_col_inst[2].u_pe_col/pe_inst[0].u_pe_3/N3) has been disconnected.
I: Const net (pin RSTM of inst u_lprnet_top/u_layer29/gen_conv.gen_pages[1].page1.u_pe_page/pe_col_inst[2].u_pe_col/pe_inst[0].u_pe_3/N3) has been disconnected.
I: Const net (pin CEX1 of inst u_lprnet_top/u_layer29/gen_conv.gen_pages[1].page1.u_pe_page/pe_col_inst[2].u_pe_col/pe_inst[0].u_pe_4/N3) has been disconnected.
I: Const net (pin RSTX of inst u_lprnet_top/u_layer29/gen_conv.gen_pages[1].page1.u_pe_page/pe_col_inst[2].u_pe_col/pe_inst[0].u_pe_4/N3) has been disconnected.
I: Const net (pin CEY1 of inst u_lprnet_top/u_layer29/gen_conv.gen_pages[1].page1.u_pe_page/pe_col_inst[2].u_pe_col/pe_inst[0].u_pe_4/N3) has been disconnected.
I: Const net (pin RSTY of inst u_lprnet_top/u_layer29/gen_conv.gen_pages[1].page1.u_pe_page/pe_col_inst[2].u_pe_col/pe_inst[0].u_pe_4/N3) has been disconnected.
I: Const net (pin CEM of inst u_lprnet_top/u_layer29/gen_conv.gen_pages[1].page1.u_pe_page/pe_col_inst[2].u_pe_col/pe_inst[0].u_pe_4/N3) has been disconnected.
I: Const net (pin RSTM of inst u_lprnet_top/u_layer29/gen_conv.gen_pages[1].page1.u_pe_page/pe_col_inst[2].u_pe_col/pe_inst[0].u_pe_4/N3) has been disconnected.
I: Const net (pin CEX1 of inst u_lprnet_top/u_layer29/gen_conv.gen_pages[1].page1.u_pe_page/pe_col_inst[2].u_pe_col/pe_inst[0].u_pe_5/N3) has been disconnected.
I: Const net (pin RSTX of inst u_lprnet_top/u_layer29/gen_conv.gen_pages[1].page1.u_pe_page/pe_col_inst[2].u_pe_col/pe_inst[0].u_pe_5/N3) has been disconnected.
I: Const net (pin CEY1 of inst u_lprnet_top/u_layer29/gen_conv.gen_pages[1].page1.u_pe_page/pe_col_inst[2].u_pe_col/pe_inst[0].u_pe_5/N3) has been disconnected.
I: Const net (pin RSTY of inst u_lprnet_top/u_layer29/gen_conv.gen_pages[1].page1.u_pe_page/pe_col_inst[2].u_pe_col/pe_inst[0].u_pe_5/N3) has been disconnected.
I: Const net (pin CEM of inst u_lprnet_top/u_layer29/gen_conv.gen_pages[1].page1.u_pe_page/pe_col_inst[2].u_pe_col/pe_inst[0].u_pe_5/N3) has been disconnected.
I: Const net (pin RSTM of inst u_lprnet_top/u_layer29/gen_conv.gen_pages[1].page1.u_pe_page/pe_col_inst[2].u_pe_col/pe_inst[0].u_pe_5/N3) has been disconnected.
I: Const net (pin CEX1 of inst u_lprnet_top/u_layer29/gen_conv.gen_pages[1].page1.u_pe_page/pe_col_inst[2].u_pe_col/pe_inst[0].u_pe_6/N3) has been disconnected.
I: Const net (pin RSTX of inst u_lprnet_top/u_layer29/gen_conv.gen_pages[1].page1.u_pe_page/pe_col_inst[2].u_pe_col/pe_inst[0].u_pe_6/N3) has been disconnected.
I: Const net (pin CEY1 of inst u_lprnet_top/u_layer29/gen_conv.gen_pages[1].page1.u_pe_page/pe_col_inst[2].u_pe_col/pe_inst[0].u_pe_6/N3) has been disconnected.
I: Const net (pin RSTY of inst u_lprnet_top/u_layer29/gen_conv.gen_pages[1].page1.u_pe_page/pe_col_inst[2].u_pe_col/pe_inst[0].u_pe_6/N3) has been disconnected.
I: Const net (pin CEM of inst u_lprnet_top/u_layer29/gen_conv.gen_pages[1].page1.u_pe_page/pe_col_inst[2].u_pe_col/pe_inst[0].u_pe_6/N3) has been disconnected.
I: Const net (pin RSTM of inst u_lprnet_top/u_layer29/gen_conv.gen_pages[1].page1.u_pe_page/pe_col_inst[2].u_pe_col/pe_inst[0].u_pe_6/N3) has been disconnected.
I: Const net (pin CEX1 of inst u_lprnet_top/u_layer29/gen_conv.gen_pages[1].page1.u_pe_page/pe_col_inst[2].u_pe_col/pe_inst[0].u_pe_7/N3) has been disconnected.
I: Const net (pin RSTX of inst u_lprnet_top/u_layer29/gen_conv.gen_pages[1].page1.u_pe_page/pe_col_inst[2].u_pe_col/pe_inst[0].u_pe_7/N3) has been disconnected.
I: Const net (pin CEY1 of inst u_lprnet_top/u_layer29/gen_conv.gen_pages[1].page1.u_pe_page/pe_col_inst[2].u_pe_col/pe_inst[0].u_pe_7/N3) has been disconnected.
I: Const net (pin RSTY of inst u_lprnet_top/u_layer29/gen_conv.gen_pages[1].page1.u_pe_page/pe_col_inst[2].u_pe_col/pe_inst[0].u_pe_7/N3) has been disconnected.
I: Const net (pin CEM of inst u_lprnet_top/u_layer29/gen_conv.gen_pages[1].page1.u_pe_page/pe_col_inst[2].u_pe_col/pe_inst[0].u_pe_7/N3) has been disconnected.
I: Const net (pin RSTM of inst u_lprnet_top/u_layer29/gen_conv.gen_pages[1].page1.u_pe_page/pe_col_inst[2].u_pe_col/pe_inst[0].u_pe_7/N3) has been disconnected.
I: Const net (pin CEX1 of inst u_lprnet_top/u_layer29/gen_conv.gen_pages[1].page1.u_pe_page/pe_col_inst[2].u_pe_col/pe_inst[0].u_pe_8/N3) has been disconnected.
I: Const net (pin RSTX of inst u_lprnet_top/u_layer29/gen_conv.gen_pages[1].page1.u_pe_page/pe_col_inst[2].u_pe_col/pe_inst[0].u_pe_8/N3) has been disconnected.
I: Const net (pin CEY1 of inst u_lprnet_top/u_layer29/gen_conv.gen_pages[1].page1.u_pe_page/pe_col_inst[2].u_pe_col/pe_inst[0].u_pe_8/N3) has been disconnected.
I: Const net (pin RSTY of inst u_lprnet_top/u_layer29/gen_conv.gen_pages[1].page1.u_pe_page/pe_col_inst[2].u_pe_col/pe_inst[0].u_pe_8/N3) has been disconnected.
I: Const net (pin CEM of inst u_lprnet_top/u_layer29/gen_conv.gen_pages[1].page1.u_pe_page/pe_col_inst[2].u_pe_col/pe_inst[0].u_pe_8/N3) has been disconnected.
I: Const net (pin RSTM of inst u_lprnet_top/u_layer29/gen_conv.gen_pages[1].page1.u_pe_page/pe_col_inst[2].u_pe_col/pe_inst[0].u_pe_8/N3) has been disconnected.
I: Const net (pin CEX1 of inst u_lprnet_top/u_layer29/gen_conv.gen_pages[1].page1.u_pe_page/pe_col_inst[3].u_pe_col/pe_inst[0].u_pe/N3) has been disconnected.
I: Const net (pin RSTX of inst u_lprnet_top/u_layer29/gen_conv.gen_pages[1].page1.u_pe_page/pe_col_inst[3].u_pe_col/pe_inst[0].u_pe/N3) has been disconnected.
I: Const net (pin CEY1 of inst u_lprnet_top/u_layer29/gen_conv.gen_pages[1].page1.u_pe_page/pe_col_inst[3].u_pe_col/pe_inst[0].u_pe/N3) has been disconnected.
I: Const net (pin RSTY of inst u_lprnet_top/u_layer29/gen_conv.gen_pages[1].page1.u_pe_page/pe_col_inst[3].u_pe_col/pe_inst[0].u_pe/N3) has been disconnected.
I: Const net (pin CEM of inst u_lprnet_top/u_layer29/gen_conv.gen_pages[1].page1.u_pe_page/pe_col_inst[3].u_pe_col/pe_inst[0].u_pe/N3) has been disconnected.
I: Const net (pin RSTM of inst u_lprnet_top/u_layer29/gen_conv.gen_pages[1].page1.u_pe_page/pe_col_inst[3].u_pe_col/pe_inst[0].u_pe/N3) has been disconnected.
I: Const net (pin CEX1 of inst u_lprnet_top/u_layer29/gen_conv.gen_pages[1].page1.u_pe_page/pe_col_inst[3].u_pe_col/pe_inst[0].u_pe_1/N3) has been disconnected.
I: Const net (pin RSTX of inst u_lprnet_top/u_layer29/gen_conv.gen_pages[1].page1.u_pe_page/pe_col_inst[3].u_pe_col/pe_inst[0].u_pe_1/N3) has been disconnected.
I: Const net (pin CEY1 of inst u_lprnet_top/u_layer29/gen_conv.gen_pages[1].page1.u_pe_page/pe_col_inst[3].u_pe_col/pe_inst[0].u_pe_1/N3) has been disconnected.
I: Const net (pin RSTY of inst u_lprnet_top/u_layer29/gen_conv.gen_pages[1].page1.u_pe_page/pe_col_inst[3].u_pe_col/pe_inst[0].u_pe_1/N3) has been disconnected.
I: Const net (pin CEM of inst u_lprnet_top/u_layer29/gen_conv.gen_pages[1].page1.u_pe_page/pe_col_inst[3].u_pe_col/pe_inst[0].u_pe_1/N3) has been disconnected.
I: Const net (pin RSTM of inst u_lprnet_top/u_layer29/gen_conv.gen_pages[1].page1.u_pe_page/pe_col_inst[3].u_pe_col/pe_inst[0].u_pe_1/N3) has been disconnected.
I: Const net (pin CEX1 of inst u_lprnet_top/u_layer29/gen_conv.gen_pages[1].page1.u_pe_page/pe_col_inst[3].u_pe_col/pe_inst[0].u_pe_2/N3) has been disconnected.
I: Const net (pin RSTX of inst u_lprnet_top/u_layer29/gen_conv.gen_pages[1].page1.u_pe_page/pe_col_inst[3].u_pe_col/pe_inst[0].u_pe_2/N3) has been disconnected.
I: Const net (pin CEY1 of inst u_lprnet_top/u_layer29/gen_conv.gen_pages[1].page1.u_pe_page/pe_col_inst[3].u_pe_col/pe_inst[0].u_pe_2/N3) has been disconnected.
I: Const net (pin RSTY of inst u_lprnet_top/u_layer29/gen_conv.gen_pages[1].page1.u_pe_page/pe_col_inst[3].u_pe_col/pe_inst[0].u_pe_2/N3) has been disconnected.
I: Const net (pin CEM of inst u_lprnet_top/u_layer29/gen_conv.gen_pages[1].page1.u_pe_page/pe_col_inst[3].u_pe_col/pe_inst[0].u_pe_2/N3) has been disconnected.
I: Const net (pin RSTM of inst u_lprnet_top/u_layer29/gen_conv.gen_pages[1].page1.u_pe_page/pe_col_inst[3].u_pe_col/pe_inst[0].u_pe_2/N3) has been disconnected.
I: Const net (pin CEX1 of inst u_lprnet_top/u_layer29/gen_conv.gen_pages[1].page1.u_pe_page/pe_col_inst[3].u_pe_col/pe_inst[0].u_pe_3/N3) has been disconnected.
I: Const net (pin RSTX of inst u_lprnet_top/u_layer29/gen_conv.gen_pages[1].page1.u_pe_page/pe_col_inst[3].u_pe_col/pe_inst[0].u_pe_3/N3) has been disconnected.
I: Const net (pin CEY1 of inst u_lprnet_top/u_layer29/gen_conv.gen_pages[1].page1.u_pe_page/pe_col_inst[3].u_pe_col/pe_inst[0].u_pe_3/N3) has been disconnected.
I: Const net (pin RSTY of inst u_lprnet_top/u_layer29/gen_conv.gen_pages[1].page1.u_pe_page/pe_col_inst[3].u_pe_col/pe_inst[0].u_pe_3/N3) has been disconnected.
I: Const net (pin CEM of inst u_lprnet_top/u_layer29/gen_conv.gen_pages[1].page1.u_pe_page/pe_col_inst[3].u_pe_col/pe_inst[0].u_pe_3/N3) has been disconnected.
I: Const net (pin RSTM of inst u_lprnet_top/u_layer29/gen_conv.gen_pages[1].page1.u_pe_page/pe_col_inst[3].u_pe_col/pe_inst[0].u_pe_3/N3) has been disconnected.
I: Const net (pin CEX1 of inst u_lprnet_top/u_layer29/gen_conv.gen_pages[1].page1.u_pe_page/pe_col_inst[3].u_pe_col/pe_inst[0].u_pe_4/N3) has been disconnected.
I: Const net (pin RSTX of inst u_lprnet_top/u_layer29/gen_conv.gen_pages[1].page1.u_pe_page/pe_col_inst[3].u_pe_col/pe_inst[0].u_pe_4/N3) has been disconnected.
I: Const net (pin CEY1 of inst u_lprnet_top/u_layer29/gen_conv.gen_pages[1].page1.u_pe_page/pe_col_inst[3].u_pe_col/pe_inst[0].u_pe_4/N3) has been disconnected.
I: Const net (pin RSTY of inst u_lprnet_top/u_layer29/gen_conv.gen_pages[1].page1.u_pe_page/pe_col_inst[3].u_pe_col/pe_inst[0].u_pe_4/N3) has been disconnected.
I: Const net (pin CEM of inst u_lprnet_top/u_layer29/gen_conv.gen_pages[1].page1.u_pe_page/pe_col_inst[3].u_pe_col/pe_inst[0].u_pe_4/N3) has been disconnected.
I: Const net (pin RSTM of inst u_lprnet_top/u_layer29/gen_conv.gen_pages[1].page1.u_pe_page/pe_col_inst[3].u_pe_col/pe_inst[0].u_pe_4/N3) has been disconnected.
I: Const net (pin CEX1 of inst u_lprnet_top/u_layer29/gen_conv.gen_pages[1].page1.u_pe_page/pe_col_inst[3].u_pe_col/pe_inst[0].u_pe_5/N3) has been disconnected.
I: Const net (pin RSTX of inst u_lprnet_top/u_layer29/gen_conv.gen_pages[1].page1.u_pe_page/pe_col_inst[3].u_pe_col/pe_inst[0].u_pe_5/N3) has been disconnected.
I: Const net (pin CEY1 of inst u_lprnet_top/u_layer29/gen_conv.gen_pages[1].page1.u_pe_page/pe_col_inst[3].u_pe_col/pe_inst[0].u_pe_5/N3) has been disconnected.
I: Const net (pin RSTY of inst u_lprnet_top/u_layer29/gen_conv.gen_pages[1].page1.u_pe_page/pe_col_inst[3].u_pe_col/pe_inst[0].u_pe_5/N3) has been disconnected.
I: Const net (pin CEM of inst u_lprnet_top/u_layer29/gen_conv.gen_pages[1].page1.u_pe_page/pe_col_inst[3].u_pe_col/pe_inst[0].u_pe_5/N3) has been disconnected.
I: Const net (pin RSTM of inst u_lprnet_top/u_layer29/gen_conv.gen_pages[1].page1.u_pe_page/pe_col_inst[3].u_pe_col/pe_inst[0].u_pe_5/N3) has been disconnected.
I: Const net (pin CEX1 of inst u_lprnet_top/u_layer29/gen_conv.gen_pages[1].page1.u_pe_page/pe_col_inst[3].u_pe_col/pe_inst[0].u_pe_6/N3) has been disconnected.
I: Const net (pin RSTX of inst u_lprnet_top/u_layer29/gen_conv.gen_pages[1].page1.u_pe_page/pe_col_inst[3].u_pe_col/pe_inst[0].u_pe_6/N3) has been disconnected.
I: Const net (pin CEY1 of inst u_lprnet_top/u_layer29/gen_conv.gen_pages[1].page1.u_pe_page/pe_col_inst[3].u_pe_col/pe_inst[0].u_pe_6/N3) has been disconnected.
I: Const net (pin RSTY of inst u_lprnet_top/u_layer29/gen_conv.gen_pages[1].page1.u_pe_page/pe_col_inst[3].u_pe_col/pe_inst[0].u_pe_6/N3) has been disconnected.
I: Const net (pin CEM of inst u_lprnet_top/u_layer29/gen_conv.gen_pages[1].page1.u_pe_page/pe_col_inst[3].u_pe_col/pe_inst[0].u_pe_6/N3) has been disconnected.
I: Const net (pin RSTM of inst u_lprnet_top/u_layer29/gen_conv.gen_pages[1].page1.u_pe_page/pe_col_inst[3].u_pe_col/pe_inst[0].u_pe_6/N3) has been disconnected.
I: Const net (pin CEX1 of inst u_lprnet_top/u_layer29/gen_conv.gen_pages[1].page1.u_pe_page/pe_col_inst[3].u_pe_col/pe_inst[0].u_pe_7/N3) has been disconnected.
I: Const net (pin RSTX of inst u_lprnet_top/u_layer29/gen_conv.gen_pages[1].page1.u_pe_page/pe_col_inst[3].u_pe_col/pe_inst[0].u_pe_7/N3) has been disconnected.
I: Const net (pin CEY1 of inst u_lprnet_top/u_layer29/gen_conv.gen_pages[1].page1.u_pe_page/pe_col_inst[3].u_pe_col/pe_inst[0].u_pe_7/N3) has been disconnected.
I: Const net (pin RSTY of inst u_lprnet_top/u_layer29/gen_conv.gen_pages[1].page1.u_pe_page/pe_col_inst[3].u_pe_col/pe_inst[0].u_pe_7/N3) has been disconnected.
I: Const net (pin CEM of inst u_lprnet_top/u_layer29/gen_conv.gen_pages[1].page1.u_pe_page/pe_col_inst[3].u_pe_col/pe_inst[0].u_pe_7/N3) has been disconnected.
I: Const net (pin RSTM of inst u_lprnet_top/u_layer29/gen_conv.gen_pages[1].page1.u_pe_page/pe_col_inst[3].u_pe_col/pe_inst[0].u_pe_7/N3) has been disconnected.
I: Const net (pin CEX1 of inst u_lprnet_top/u_layer29/gen_conv.gen_pages[1].page1.u_pe_page/pe_col_inst[3].u_pe_col/pe_inst[0].u_pe_8/N3) has been disconnected.
I: Const net (pin RSTX of inst u_lprnet_top/u_layer29/gen_conv.gen_pages[1].page1.u_pe_page/pe_col_inst[3].u_pe_col/pe_inst[0].u_pe_8/N3) has been disconnected.
I: Const net (pin CEY1 of inst u_lprnet_top/u_layer29/gen_conv.gen_pages[1].page1.u_pe_page/pe_col_inst[3].u_pe_col/pe_inst[0].u_pe_8/N3) has been disconnected.
I: Const net (pin RSTY of inst u_lprnet_top/u_layer29/gen_conv.gen_pages[1].page1.u_pe_page/pe_col_inst[3].u_pe_col/pe_inst[0].u_pe_8/N3) has been disconnected.
I: Const net (pin CEM of inst u_lprnet_top/u_layer29/gen_conv.gen_pages[1].page1.u_pe_page/pe_col_inst[3].u_pe_col/pe_inst[0].u_pe_8/N3) has been disconnected.
I: Const net (pin RSTM of inst u_lprnet_top/u_layer29/gen_conv.gen_pages[1].page1.u_pe_page/pe_col_inst[3].u_pe_col/pe_inst[0].u_pe_8/N3) has been disconnected.
I: Const net (pin CEX1 of inst u_lprnet_top/u_layer30/gen_conv.gen_pages[0].page0.u_pe_page/pe_col_inst[0].u_pe_col/pe_inst[0].u_pe/N3) has been disconnected.
I: Const net (pin RSTX of inst u_lprnet_top/u_layer30/gen_conv.gen_pages[0].page0.u_pe_page/pe_col_inst[0].u_pe_col/pe_inst[0].u_pe/N3) has been disconnected.
I: Const net (pin CEY1 of inst u_lprnet_top/u_layer30/gen_conv.gen_pages[0].page0.u_pe_page/pe_col_inst[0].u_pe_col/pe_inst[0].u_pe/N3) has been disconnected.
I: Const net (pin RSTY of inst u_lprnet_top/u_layer30/gen_conv.gen_pages[0].page0.u_pe_page/pe_col_inst[0].u_pe_col/pe_inst[0].u_pe/N3) has been disconnected.
I: Const net (pin CEM of inst u_lprnet_top/u_layer30/gen_conv.gen_pages[0].page0.u_pe_page/pe_col_inst[0].u_pe_col/pe_inst[0].u_pe/N3) has been disconnected.
I: Const net (pin RSTM of inst u_lprnet_top/u_layer30/gen_conv.gen_pages[0].page0.u_pe_page/pe_col_inst[0].u_pe_col/pe_inst[0].u_pe/N3) has been disconnected.
I: Const net (pin CEX1 of inst u_lprnet_top/u_layer30/gen_conv.gen_pages[0].page0.u_pe_page/pe_col_inst[0].u_pe_col/pe_inst[0].u_pe_1/N3) has been disconnected.
I: Const net (pin RSTX of inst u_lprnet_top/u_layer30/gen_conv.gen_pages[0].page0.u_pe_page/pe_col_inst[0].u_pe_col/pe_inst[0].u_pe_1/N3) has been disconnected.
I: Const net (pin CEY1 of inst u_lprnet_top/u_layer30/gen_conv.gen_pages[0].page0.u_pe_page/pe_col_inst[0].u_pe_col/pe_inst[0].u_pe_1/N3) has been disconnected.
I: Const net (pin RSTY of inst u_lprnet_top/u_layer30/gen_conv.gen_pages[0].page0.u_pe_page/pe_col_inst[0].u_pe_col/pe_inst[0].u_pe_1/N3) has been disconnected.
I: Const net (pin CEM of inst u_lprnet_top/u_layer30/gen_conv.gen_pages[0].page0.u_pe_page/pe_col_inst[0].u_pe_col/pe_inst[0].u_pe_1/N3) has been disconnected.
I: Const net (pin RSTM of inst u_lprnet_top/u_layer30/gen_conv.gen_pages[0].page0.u_pe_page/pe_col_inst[0].u_pe_col/pe_inst[0].u_pe_1/N3) has been disconnected.
I: Const net (pin CEX1 of inst u_lprnet_top/u_layer30/gen_conv.gen_pages[0].page0.u_pe_page/pe_col_inst[0].u_pe_col/pe_inst[0].u_pe_2/N3) has been disconnected.
I: Const net (pin RSTX of inst u_lprnet_top/u_layer30/gen_conv.gen_pages[0].page0.u_pe_page/pe_col_inst[0].u_pe_col/pe_inst[0].u_pe_2/N3) has been disconnected.
I: Const net (pin CEY1 of inst u_lprnet_top/u_layer30/gen_conv.gen_pages[0].page0.u_pe_page/pe_col_inst[0].u_pe_col/pe_inst[0].u_pe_2/N3) has been disconnected.
I: Const net (pin RSTY of inst u_lprnet_top/u_layer30/gen_conv.gen_pages[0].page0.u_pe_page/pe_col_inst[0].u_pe_col/pe_inst[0].u_pe_2/N3) has been disconnected.
I: Const net (pin CEM of inst u_lprnet_top/u_layer30/gen_conv.gen_pages[0].page0.u_pe_page/pe_col_inst[0].u_pe_col/pe_inst[0].u_pe_2/N3) has been disconnected.
I: Const net (pin RSTM of inst u_lprnet_top/u_layer30/gen_conv.gen_pages[0].page0.u_pe_page/pe_col_inst[0].u_pe_col/pe_inst[0].u_pe_2/N3) has been disconnected.
I: Const net (pin CEX1 of inst u_lprnet_top/u_layer30/gen_conv.gen_pages[0].page0.u_pe_page/pe_col_inst[1].u_pe_col/pe_inst[0].u_pe/N3) has been disconnected.
I: Const net (pin RSTX of inst u_lprnet_top/u_layer30/gen_conv.gen_pages[0].page0.u_pe_page/pe_col_inst[1].u_pe_col/pe_inst[0].u_pe/N3) has been disconnected.
I: Const net (pin CEY1 of inst u_lprnet_top/u_layer30/gen_conv.gen_pages[0].page0.u_pe_page/pe_col_inst[1].u_pe_col/pe_inst[0].u_pe/N3) has been disconnected.
I: Const net (pin RSTY of inst u_lprnet_top/u_layer30/gen_conv.gen_pages[0].page0.u_pe_page/pe_col_inst[1].u_pe_col/pe_inst[0].u_pe/N3) has been disconnected.
I: Const net (pin CEM of inst u_lprnet_top/u_layer30/gen_conv.gen_pages[0].page0.u_pe_page/pe_col_inst[1].u_pe_col/pe_inst[0].u_pe/N3) has been disconnected.
I: Const net (pin RSTM of inst u_lprnet_top/u_layer30/gen_conv.gen_pages[0].page0.u_pe_page/pe_col_inst[1].u_pe_col/pe_inst[0].u_pe/N3) has been disconnected.
I: Const net (pin CEX1 of inst u_lprnet_top/u_layer30/gen_conv.gen_pages[0].page0.u_pe_page/pe_col_inst[1].u_pe_col/pe_inst[0].u_pe_1/N3) has been disconnected.
I: Const net (pin RSTX of inst u_lprnet_top/u_layer30/gen_conv.gen_pages[0].page0.u_pe_page/pe_col_inst[1].u_pe_col/pe_inst[0].u_pe_1/N3) has been disconnected.
I: Const net (pin CEY1 of inst u_lprnet_top/u_layer30/gen_conv.gen_pages[0].page0.u_pe_page/pe_col_inst[1].u_pe_col/pe_inst[0].u_pe_1/N3) has been disconnected.
I: Const net (pin RSTY of inst u_lprnet_top/u_layer30/gen_conv.gen_pages[0].page0.u_pe_page/pe_col_inst[1].u_pe_col/pe_inst[0].u_pe_1/N3) has been disconnected.
I: Const net (pin CEM of inst u_lprnet_top/u_layer30/gen_conv.gen_pages[0].page0.u_pe_page/pe_col_inst[1].u_pe_col/pe_inst[0].u_pe_1/N3) has been disconnected.
I: Const net (pin RSTM of inst u_lprnet_top/u_layer30/gen_conv.gen_pages[0].page0.u_pe_page/pe_col_inst[1].u_pe_col/pe_inst[0].u_pe_1/N3) has been disconnected.
I: Const net (pin CEX1 of inst u_lprnet_top/u_layer30/gen_conv.gen_pages[0].page0.u_pe_page/pe_col_inst[1].u_pe_col/pe_inst[0].u_pe_2/N3) has been disconnected.
I: Const net (pin RSTX of inst u_lprnet_top/u_layer30/gen_conv.gen_pages[0].page0.u_pe_page/pe_col_inst[1].u_pe_col/pe_inst[0].u_pe_2/N3) has been disconnected.
I: Const net (pin CEY1 of inst u_lprnet_top/u_layer30/gen_conv.gen_pages[0].page0.u_pe_page/pe_col_inst[1].u_pe_col/pe_inst[0].u_pe_2/N3) has been disconnected.
I: Const net (pin RSTY of inst u_lprnet_top/u_layer30/gen_conv.gen_pages[0].page0.u_pe_page/pe_col_inst[1].u_pe_col/pe_inst[0].u_pe_2/N3) has been disconnected.
I: Const net (pin CEM of inst u_lprnet_top/u_layer30/gen_conv.gen_pages[0].page0.u_pe_page/pe_col_inst[1].u_pe_col/pe_inst[0].u_pe_2/N3) has been disconnected.
I: Const net (pin RSTM of inst u_lprnet_top/u_layer30/gen_conv.gen_pages[0].page0.u_pe_page/pe_col_inst[1].u_pe_col/pe_inst[0].u_pe_2/N3) has been disconnected.
I: Const net (pin CEX1 of inst u_lprnet_top/u_layer30/gen_conv.gen_pages[1].page1.u_pe_page/pe_col_inst[0].u_pe_col/pe_inst[0].u_pe/N3) has been disconnected.
I: Const net (pin RSTX of inst u_lprnet_top/u_layer30/gen_conv.gen_pages[1].page1.u_pe_page/pe_col_inst[0].u_pe_col/pe_inst[0].u_pe/N3) has been disconnected.
I: Const net (pin CEY1 of inst u_lprnet_top/u_layer30/gen_conv.gen_pages[1].page1.u_pe_page/pe_col_inst[0].u_pe_col/pe_inst[0].u_pe/N3) has been disconnected.
I: Const net (pin RSTY of inst u_lprnet_top/u_layer30/gen_conv.gen_pages[1].page1.u_pe_page/pe_col_inst[0].u_pe_col/pe_inst[0].u_pe/N3) has been disconnected.
I: Const net (pin CEM of inst u_lprnet_top/u_layer30/gen_conv.gen_pages[1].page1.u_pe_page/pe_col_inst[0].u_pe_col/pe_inst[0].u_pe/N3) has been disconnected.
I: Const net (pin RSTM of inst u_lprnet_top/u_layer30/gen_conv.gen_pages[1].page1.u_pe_page/pe_col_inst[0].u_pe_col/pe_inst[0].u_pe/N3) has been disconnected.
I: Const net (pin CEX1 of inst u_lprnet_top/u_layer30/gen_conv.gen_pages[1].page1.u_pe_page/pe_col_inst[0].u_pe_col/pe_inst[0].u_pe_1/N3) has been disconnected.
I: Const net (pin RSTX of inst u_lprnet_top/u_layer30/gen_conv.gen_pages[1].page1.u_pe_page/pe_col_inst[0].u_pe_col/pe_inst[0].u_pe_1/N3) has been disconnected.
I: Const net (pin CEY1 of inst u_lprnet_top/u_layer30/gen_conv.gen_pages[1].page1.u_pe_page/pe_col_inst[0].u_pe_col/pe_inst[0].u_pe_1/N3) has been disconnected.
I: Const net (pin RSTY of inst u_lprnet_top/u_layer30/gen_conv.gen_pages[1].page1.u_pe_page/pe_col_inst[0].u_pe_col/pe_inst[0].u_pe_1/N3) has been disconnected.
I: Const net (pin CEM of inst u_lprnet_top/u_layer30/gen_conv.gen_pages[1].page1.u_pe_page/pe_col_inst[0].u_pe_col/pe_inst[0].u_pe_1/N3) has been disconnected.
I: Const net (pin RSTM of inst u_lprnet_top/u_layer30/gen_conv.gen_pages[1].page1.u_pe_page/pe_col_inst[0].u_pe_col/pe_inst[0].u_pe_1/N3) has been disconnected.
I: Const net (pin CEX1 of inst u_lprnet_top/u_layer30/gen_conv.gen_pages[1].page1.u_pe_page/pe_col_inst[0].u_pe_col/pe_inst[0].u_pe_2/N3) has been disconnected.
I: Const net (pin RSTX of inst u_lprnet_top/u_layer30/gen_conv.gen_pages[1].page1.u_pe_page/pe_col_inst[0].u_pe_col/pe_inst[0].u_pe_2/N3) has been disconnected.
I: Const net (pin CEY1 of inst u_lprnet_top/u_layer30/gen_conv.gen_pages[1].page1.u_pe_page/pe_col_inst[0].u_pe_col/pe_inst[0].u_pe_2/N3) has been disconnected.
I: Const net (pin RSTY of inst u_lprnet_top/u_layer30/gen_conv.gen_pages[1].page1.u_pe_page/pe_col_inst[0].u_pe_col/pe_inst[0].u_pe_2/N3) has been disconnected.
I: Const net (pin CEM of inst u_lprnet_top/u_layer30/gen_conv.gen_pages[1].page1.u_pe_page/pe_col_inst[0].u_pe_col/pe_inst[0].u_pe_2/N3) has been disconnected.
I: Const net (pin RSTM of inst u_lprnet_top/u_layer30/gen_conv.gen_pages[1].page1.u_pe_page/pe_col_inst[0].u_pe_col/pe_inst[0].u_pe_2/N3) has been disconnected.
I: Const net (pin CEX1 of inst u_lprnet_top/u_layer30/gen_conv.gen_pages[1].page1.u_pe_page/pe_col_inst[1].u_pe_col/pe_inst[0].u_pe/N3) has been disconnected.
I: Const net (pin RSTX of inst u_lprnet_top/u_layer30/gen_conv.gen_pages[1].page1.u_pe_page/pe_col_inst[1].u_pe_col/pe_inst[0].u_pe/N3) has been disconnected.
I: Const net (pin CEY1 of inst u_lprnet_top/u_layer30/gen_conv.gen_pages[1].page1.u_pe_page/pe_col_inst[1].u_pe_col/pe_inst[0].u_pe/N3) has been disconnected.
I: Const net (pin RSTY of inst u_lprnet_top/u_layer30/gen_conv.gen_pages[1].page1.u_pe_page/pe_col_inst[1].u_pe_col/pe_inst[0].u_pe/N3) has been disconnected.
I: Const net (pin CEM of inst u_lprnet_top/u_layer30/gen_conv.gen_pages[1].page1.u_pe_page/pe_col_inst[1].u_pe_col/pe_inst[0].u_pe/N3) has been disconnected.
I: Const net (pin RSTM of inst u_lprnet_top/u_layer30/gen_conv.gen_pages[1].page1.u_pe_page/pe_col_inst[1].u_pe_col/pe_inst[0].u_pe/N3) has been disconnected.
I: Const net (pin CEX1 of inst u_lprnet_top/u_layer30/gen_conv.gen_pages[1].page1.u_pe_page/pe_col_inst[1].u_pe_col/pe_inst[0].u_pe_1/N3) has been disconnected.
I: Const net (pin RSTX of inst u_lprnet_top/u_layer30/gen_conv.gen_pages[1].page1.u_pe_page/pe_col_inst[1].u_pe_col/pe_inst[0].u_pe_1/N3) has been disconnected.
I: Const net (pin CEY1 of inst u_lprnet_top/u_layer30/gen_conv.gen_pages[1].page1.u_pe_page/pe_col_inst[1].u_pe_col/pe_inst[0].u_pe_1/N3) has been disconnected.
I: Const net (pin RSTY of inst u_lprnet_top/u_layer30/gen_conv.gen_pages[1].page1.u_pe_page/pe_col_inst[1].u_pe_col/pe_inst[0].u_pe_1/N3) has been disconnected.
I: Const net (pin CEM of inst u_lprnet_top/u_layer30/gen_conv.gen_pages[1].page1.u_pe_page/pe_col_inst[1].u_pe_col/pe_inst[0].u_pe_1/N3) has been disconnected.
I: Const net (pin RSTM of inst u_lprnet_top/u_layer30/gen_conv.gen_pages[1].page1.u_pe_page/pe_col_inst[1].u_pe_col/pe_inst[0].u_pe_1/N3) has been disconnected.
I: Const net (pin CEX1 of inst u_lprnet_top/u_layer30/gen_conv.gen_pages[1].page1.u_pe_page/pe_col_inst[1].u_pe_col/pe_inst[0].u_pe_2/N3) has been disconnected.
I: Const net (pin RSTX of inst u_lprnet_top/u_layer30/gen_conv.gen_pages[1].page1.u_pe_page/pe_col_inst[1].u_pe_col/pe_inst[0].u_pe_2/N3) has been disconnected.
I: Const net (pin CEY1 of inst u_lprnet_top/u_layer30/gen_conv.gen_pages[1].page1.u_pe_page/pe_col_inst[1].u_pe_col/pe_inst[0].u_pe_2/N3) has been disconnected.
I: Const net (pin RSTY of inst u_lprnet_top/u_layer30/gen_conv.gen_pages[1].page1.u_pe_page/pe_col_inst[1].u_pe_col/pe_inst[0].u_pe_2/N3) has been disconnected.
I: Const net (pin CEM of inst u_lprnet_top/u_layer30/gen_conv.gen_pages[1].page1.u_pe_page/pe_col_inst[1].u_pe_col/pe_inst[0].u_pe_2/N3) has been disconnected.
I: Const net (pin RSTM of inst u_lprnet_top/u_layer30/gen_conv.gen_pages[1].page1.u_pe_page/pe_col_inst[1].u_pe_col/pe_inst[0].u_pe_2/N3) has been disconnected.
I: Const net (pin CEX1 of inst u_lprnet_top/u_layer30/gen_conv.gen_pages[2].page2.u_pe_page/pe_col_inst[0].u_pe_col/pe_inst[0].u_pe/N3) has been disconnected.
I: Const net (pin RSTX of inst u_lprnet_top/u_layer30/gen_conv.gen_pages[2].page2.u_pe_page/pe_col_inst[0].u_pe_col/pe_inst[0].u_pe/N3) has been disconnected.
I: Const net (pin CEY1 of inst u_lprnet_top/u_layer30/gen_conv.gen_pages[2].page2.u_pe_page/pe_col_inst[0].u_pe_col/pe_inst[0].u_pe/N3) has been disconnected.
I: Const net (pin RSTY of inst u_lprnet_top/u_layer30/gen_conv.gen_pages[2].page2.u_pe_page/pe_col_inst[0].u_pe_col/pe_inst[0].u_pe/N3) has been disconnected.
I: Const net (pin CEM of inst u_lprnet_top/u_layer30/gen_conv.gen_pages[2].page2.u_pe_page/pe_col_inst[0].u_pe_col/pe_inst[0].u_pe/N3) has been disconnected.
I: Const net (pin RSTM of inst u_lprnet_top/u_layer30/gen_conv.gen_pages[2].page2.u_pe_page/pe_col_inst[0].u_pe_col/pe_inst[0].u_pe/N3) has been disconnected.
I: Const net (pin CEX1 of inst u_lprnet_top/u_layer30/gen_conv.gen_pages[2].page2.u_pe_page/pe_col_inst[0].u_pe_col/pe_inst[0].u_pe_1/N3) has been disconnected.
I: Const net (pin RSTX of inst u_lprnet_top/u_layer30/gen_conv.gen_pages[2].page2.u_pe_page/pe_col_inst[0].u_pe_col/pe_inst[0].u_pe_1/N3) has been disconnected.
I: Const net (pin CEY1 of inst u_lprnet_top/u_layer30/gen_conv.gen_pages[2].page2.u_pe_page/pe_col_inst[0].u_pe_col/pe_inst[0].u_pe_1/N3) has been disconnected.
I: Const net (pin RSTY of inst u_lprnet_top/u_layer30/gen_conv.gen_pages[2].page2.u_pe_page/pe_col_inst[0].u_pe_col/pe_inst[0].u_pe_1/N3) has been disconnected.
I: Const net (pin CEM of inst u_lprnet_top/u_layer30/gen_conv.gen_pages[2].page2.u_pe_page/pe_col_inst[0].u_pe_col/pe_inst[0].u_pe_1/N3) has been disconnected.
I: Const net (pin RSTM of inst u_lprnet_top/u_layer30/gen_conv.gen_pages[2].page2.u_pe_page/pe_col_inst[0].u_pe_col/pe_inst[0].u_pe_1/N3) has been disconnected.
I: Const net (pin CEX1 of inst u_lprnet_top/u_layer30/gen_conv.gen_pages[2].page2.u_pe_page/pe_col_inst[0].u_pe_col/pe_inst[0].u_pe_2/N3) has been disconnected.
I: Const net (pin RSTX of inst u_lprnet_top/u_layer30/gen_conv.gen_pages[2].page2.u_pe_page/pe_col_inst[0].u_pe_col/pe_inst[0].u_pe_2/N3) has been disconnected.
I: Const net (pin CEY1 of inst u_lprnet_top/u_layer30/gen_conv.gen_pages[2].page2.u_pe_page/pe_col_inst[0].u_pe_col/pe_inst[0].u_pe_2/N3) has been disconnected.
I: Const net (pin RSTY of inst u_lprnet_top/u_layer30/gen_conv.gen_pages[2].page2.u_pe_page/pe_col_inst[0].u_pe_col/pe_inst[0].u_pe_2/N3) has been disconnected.
I: Const net (pin CEM of inst u_lprnet_top/u_layer30/gen_conv.gen_pages[2].page2.u_pe_page/pe_col_inst[0].u_pe_col/pe_inst[0].u_pe_2/N3) has been disconnected.
I: Const net (pin RSTM of inst u_lprnet_top/u_layer30/gen_conv.gen_pages[2].page2.u_pe_page/pe_col_inst[0].u_pe_col/pe_inst[0].u_pe_2/N3) has been disconnected.
I: Const net (pin CEX1 of inst u_lprnet_top/u_layer30/gen_conv.gen_pages[2].page2.u_pe_page/pe_col_inst[1].u_pe_col/pe_inst[0].u_pe/N3) has been disconnected.
I: Const net (pin RSTX of inst u_lprnet_top/u_layer30/gen_conv.gen_pages[2].page2.u_pe_page/pe_col_inst[1].u_pe_col/pe_inst[0].u_pe/N3) has been disconnected.
I: Const net (pin CEY1 of inst u_lprnet_top/u_layer30/gen_conv.gen_pages[2].page2.u_pe_page/pe_col_inst[1].u_pe_col/pe_inst[0].u_pe/N3) has been disconnected.
I: Const net (pin RSTY of inst u_lprnet_top/u_layer30/gen_conv.gen_pages[2].page2.u_pe_page/pe_col_inst[1].u_pe_col/pe_inst[0].u_pe/N3) has been disconnected.
I: Const net (pin CEM of inst u_lprnet_top/u_layer30/gen_conv.gen_pages[2].page2.u_pe_page/pe_col_inst[1].u_pe_col/pe_inst[0].u_pe/N3) has been disconnected.
I: Const net (pin RSTM of inst u_lprnet_top/u_layer30/gen_conv.gen_pages[2].page2.u_pe_page/pe_col_inst[1].u_pe_col/pe_inst[0].u_pe/N3) has been disconnected.
I: Const net (pin CEX1 of inst u_lprnet_top/u_layer30/gen_conv.gen_pages[2].page2.u_pe_page/pe_col_inst[1].u_pe_col/pe_inst[0].u_pe_1/N3) has been disconnected.
I: Const net (pin RSTX of inst u_lprnet_top/u_layer30/gen_conv.gen_pages[2].page2.u_pe_page/pe_col_inst[1].u_pe_col/pe_inst[0].u_pe_1/N3) has been disconnected.
I: Const net (pin CEY1 of inst u_lprnet_top/u_layer30/gen_conv.gen_pages[2].page2.u_pe_page/pe_col_inst[1].u_pe_col/pe_inst[0].u_pe_1/N3) has been disconnected.
I: Const net (pin RSTY of inst u_lprnet_top/u_layer30/gen_conv.gen_pages[2].page2.u_pe_page/pe_col_inst[1].u_pe_col/pe_inst[0].u_pe_1/N3) has been disconnected.
I: Const net (pin CEM of inst u_lprnet_top/u_layer30/gen_conv.gen_pages[2].page2.u_pe_page/pe_col_inst[1].u_pe_col/pe_inst[0].u_pe_1/N3) has been disconnected.
I: Const net (pin RSTM of inst u_lprnet_top/u_layer30/gen_conv.gen_pages[2].page2.u_pe_page/pe_col_inst[1].u_pe_col/pe_inst[0].u_pe_1/N3) has been disconnected.
I: Const net (pin CEX1 of inst u_lprnet_top/u_layer30/gen_conv.gen_pages[2].page2.u_pe_page/pe_col_inst[1].u_pe_col/pe_inst[0].u_pe_2/N3) has been disconnected.
I: Const net (pin RSTX of inst u_lprnet_top/u_layer30/gen_conv.gen_pages[2].page2.u_pe_page/pe_col_inst[1].u_pe_col/pe_inst[0].u_pe_2/N3) has been disconnected.
I: Const net (pin CEY1 of inst u_lprnet_top/u_layer30/gen_conv.gen_pages[2].page2.u_pe_page/pe_col_inst[1].u_pe_col/pe_inst[0].u_pe_2/N3) has been disconnected.
I: Const net (pin RSTY of inst u_lprnet_top/u_layer30/gen_conv.gen_pages[2].page2.u_pe_page/pe_col_inst[1].u_pe_col/pe_inst[0].u_pe_2/N3) has been disconnected.
I: Const net (pin CEM of inst u_lprnet_top/u_layer30/gen_conv.gen_pages[2].page2.u_pe_page/pe_col_inst[1].u_pe_col/pe_inst[0].u_pe_2/N3) has been disconnected.
I: Const net (pin RSTM of inst u_lprnet_top/u_layer30/gen_conv.gen_pages[2].page2.u_pe_page/pe_col_inst[1].u_pe_col/pe_inst[0].u_pe_2/N3) has been disconnected.
I: Const net (pin CEX1 of inst u_lprnet_top/u_layer30/gen_conv.gen_pages[3].page3.u_pe_page/pe_col_inst[0].u_pe_col/pe_inst[0].u_pe/N3) has been disconnected.
I: Const net (pin RSTX of inst u_lprnet_top/u_layer30/gen_conv.gen_pages[3].page3.u_pe_page/pe_col_inst[0].u_pe_col/pe_inst[0].u_pe/N3) has been disconnected.
I: Const net (pin CEY1 of inst u_lprnet_top/u_layer30/gen_conv.gen_pages[3].page3.u_pe_page/pe_col_inst[0].u_pe_col/pe_inst[0].u_pe/N3) has been disconnected.
I: Const net (pin RSTY of inst u_lprnet_top/u_layer30/gen_conv.gen_pages[3].page3.u_pe_page/pe_col_inst[0].u_pe_col/pe_inst[0].u_pe/N3) has been disconnected.
I: Const net (pin CEM of inst u_lprnet_top/u_layer30/gen_conv.gen_pages[3].page3.u_pe_page/pe_col_inst[0].u_pe_col/pe_inst[0].u_pe/N3) has been disconnected.
I: Const net (pin RSTM of inst u_lprnet_top/u_layer30/gen_conv.gen_pages[3].page3.u_pe_page/pe_col_inst[0].u_pe_col/pe_inst[0].u_pe/N3) has been disconnected.
I: Const net (pin CEX1 of inst u_lprnet_top/u_layer30/gen_conv.gen_pages[3].page3.u_pe_page/pe_col_inst[0].u_pe_col/pe_inst[0].u_pe_1/N3) has been disconnected.
I: Const net (pin RSTX of inst u_lprnet_top/u_layer30/gen_conv.gen_pages[3].page3.u_pe_page/pe_col_inst[0].u_pe_col/pe_inst[0].u_pe_1/N3) has been disconnected.
I: Const net (pin CEY1 of inst u_lprnet_top/u_layer30/gen_conv.gen_pages[3].page3.u_pe_page/pe_col_inst[0].u_pe_col/pe_inst[0].u_pe_1/N3) has been disconnected.
I: Const net (pin RSTY of inst u_lprnet_top/u_layer30/gen_conv.gen_pages[3].page3.u_pe_page/pe_col_inst[0].u_pe_col/pe_inst[0].u_pe_1/N3) has been disconnected.
I: Const net (pin CEM of inst u_lprnet_top/u_layer30/gen_conv.gen_pages[3].page3.u_pe_page/pe_col_inst[0].u_pe_col/pe_inst[0].u_pe_1/N3) has been disconnected.
I: Const net (pin RSTM of inst u_lprnet_top/u_layer30/gen_conv.gen_pages[3].page3.u_pe_page/pe_col_inst[0].u_pe_col/pe_inst[0].u_pe_1/N3) has been disconnected.
I: Const net (pin CEX1 of inst u_lprnet_top/u_layer30/gen_conv.gen_pages[3].page3.u_pe_page/pe_col_inst[0].u_pe_col/pe_inst[0].u_pe_2/N3) has been disconnected.
I: Const net (pin RSTX of inst u_lprnet_top/u_layer30/gen_conv.gen_pages[3].page3.u_pe_page/pe_col_inst[0].u_pe_col/pe_inst[0].u_pe_2/N3) has been disconnected.
I: Const net (pin CEY1 of inst u_lprnet_top/u_layer30/gen_conv.gen_pages[3].page3.u_pe_page/pe_col_inst[0].u_pe_col/pe_inst[0].u_pe_2/N3) has been disconnected.
I: Const net (pin RSTY of inst u_lprnet_top/u_layer30/gen_conv.gen_pages[3].page3.u_pe_page/pe_col_inst[0].u_pe_col/pe_inst[0].u_pe_2/N3) has been disconnected.
I: Const net (pin CEM of inst u_lprnet_top/u_layer30/gen_conv.gen_pages[3].page3.u_pe_page/pe_col_inst[0].u_pe_col/pe_inst[0].u_pe_2/N3) has been disconnected.
I: Const net (pin RSTM of inst u_lprnet_top/u_layer30/gen_conv.gen_pages[3].page3.u_pe_page/pe_col_inst[0].u_pe_col/pe_inst[0].u_pe_2/N3) has been disconnected.
I: Const net (pin CEX1 of inst u_lprnet_top/u_layer30/gen_conv.gen_pages[3].page3.u_pe_page/pe_col_inst[1].u_pe_col/pe_inst[0].u_pe/N3) has been disconnected.
I: Const net (pin RSTX of inst u_lprnet_top/u_layer30/gen_conv.gen_pages[3].page3.u_pe_page/pe_col_inst[1].u_pe_col/pe_inst[0].u_pe/N3) has been disconnected.
I: Const net (pin CEY1 of inst u_lprnet_top/u_layer30/gen_conv.gen_pages[3].page3.u_pe_page/pe_col_inst[1].u_pe_col/pe_inst[0].u_pe/N3) has been disconnected.
I: Const net (pin RSTY of inst u_lprnet_top/u_layer30/gen_conv.gen_pages[3].page3.u_pe_page/pe_col_inst[1].u_pe_col/pe_inst[0].u_pe/N3) has been disconnected.
I: Const net (pin CEM of inst u_lprnet_top/u_layer30/gen_conv.gen_pages[3].page3.u_pe_page/pe_col_inst[1].u_pe_col/pe_inst[0].u_pe/N3) has been disconnected.
I: Const net (pin RSTM of inst u_lprnet_top/u_layer30/gen_conv.gen_pages[3].page3.u_pe_page/pe_col_inst[1].u_pe_col/pe_inst[0].u_pe/N3) has been disconnected.
I: Const net (pin CEX1 of inst u_lprnet_top/u_layer30/gen_conv.gen_pages[3].page3.u_pe_page/pe_col_inst[1].u_pe_col/pe_inst[0].u_pe_1/N3) has been disconnected.
I: Const net (pin RSTX of inst u_lprnet_top/u_layer30/gen_conv.gen_pages[3].page3.u_pe_page/pe_col_inst[1].u_pe_col/pe_inst[0].u_pe_1/N3) has been disconnected.
I: Const net (pin CEY1 of inst u_lprnet_top/u_layer30/gen_conv.gen_pages[3].page3.u_pe_page/pe_col_inst[1].u_pe_col/pe_inst[0].u_pe_1/N3) has been disconnected.
I: Const net (pin RSTY of inst u_lprnet_top/u_layer30/gen_conv.gen_pages[3].page3.u_pe_page/pe_col_inst[1].u_pe_col/pe_inst[0].u_pe_1/N3) has been disconnected.
I: Const net (pin CEM of inst u_lprnet_top/u_layer30/gen_conv.gen_pages[3].page3.u_pe_page/pe_col_inst[1].u_pe_col/pe_inst[0].u_pe_1/N3) has been disconnected.
I: Const net (pin RSTM of inst u_lprnet_top/u_layer30/gen_conv.gen_pages[3].page3.u_pe_page/pe_col_inst[1].u_pe_col/pe_inst[0].u_pe_1/N3) has been disconnected.
I: Const net (pin CEX1 of inst u_lprnet_top/u_layer30/gen_conv.gen_pages[3].page3.u_pe_page/pe_col_inst[1].u_pe_col/pe_inst[0].u_pe_2/N3) has been disconnected.
I: Const net (pin RSTX of inst u_lprnet_top/u_layer30/gen_conv.gen_pages[3].page3.u_pe_page/pe_col_inst[1].u_pe_col/pe_inst[0].u_pe_2/N3) has been disconnected.
I: Const net (pin CEY1 of inst u_lprnet_top/u_layer30/gen_conv.gen_pages[3].page3.u_pe_page/pe_col_inst[1].u_pe_col/pe_inst[0].u_pe_2/N3) has been disconnected.
I: Const net (pin RSTY of inst u_lprnet_top/u_layer30/gen_conv.gen_pages[3].page3.u_pe_page/pe_col_inst[1].u_pe_col/pe_inst[0].u_pe_2/N3) has been disconnected.
I: Const net (pin CEM of inst u_lprnet_top/u_layer30/gen_conv.gen_pages[3].page3.u_pe_page/pe_col_inst[1].u_pe_col/pe_inst[0].u_pe_2/N3) has been disconnected.
I: Const net (pin RSTM of inst u_lprnet_top/u_layer30/gen_conv.gen_pages[3].page3.u_pe_page/pe_col_inst[1].u_pe_col/pe_inst[0].u_pe_2/N3) has been disconnected.
I: Const net (pin CEX1 of inst u_lprnet_top/u_layer31/gen_conv.gen_pages[0].page0.u_pe_page/pe_col_inst[0].u_pe_col/pe_inst[0].u_pe/N3) has been disconnected.
I: Const net (pin RSTX of inst u_lprnet_top/u_layer31/gen_conv.gen_pages[0].page0.u_pe_page/pe_col_inst[0].u_pe_col/pe_inst[0].u_pe/N3) has been disconnected.
I: Const net (pin CEY1 of inst u_lprnet_top/u_layer31/gen_conv.gen_pages[0].page0.u_pe_page/pe_col_inst[0].u_pe_col/pe_inst[0].u_pe/N3) has been disconnected.
I: Const net (pin RSTY of inst u_lprnet_top/u_layer31/gen_conv.gen_pages[0].page0.u_pe_page/pe_col_inst[0].u_pe_col/pe_inst[0].u_pe/N3) has been disconnected.
I: Const net (pin CEM of inst u_lprnet_top/u_layer31/gen_conv.gen_pages[0].page0.u_pe_page/pe_col_inst[0].u_pe_col/pe_inst[0].u_pe/N3) has been disconnected.
I: Const net (pin RSTM of inst u_lprnet_top/u_layer31/gen_conv.gen_pages[0].page0.u_pe_page/pe_col_inst[0].u_pe_col/pe_inst[0].u_pe/N3) has been disconnected.
I: Const net (pin CEP of inst u_lprnet_top/u_layer31/gen_conv.gen_pages[0].page0.u_pe_page/pe_col_inst[0].u_pe_col/pe_inst[0].u_pe/N3) has been disconnected.
I: Const net (pin RSTP of inst u_lprnet_top/u_layer31/gen_conv.gen_pages[0].page0.u_pe_page/pe_col_inst[0].u_pe_col/pe_inst[0].u_pe/N3) has been disconnected.
I: Const net (pin CEX1 of inst u_lprnet_top/u_layer31/gen_conv.gen_pages[0].page0.u_pe_page/pe_col_inst[1].u_pe_col/pe_inst[0].u_pe/N3) has been disconnected.
I: Const net (pin RSTX of inst u_lprnet_top/u_layer31/gen_conv.gen_pages[0].page0.u_pe_page/pe_col_inst[1].u_pe_col/pe_inst[0].u_pe/N3) has been disconnected.
I: Const net (pin CEY1 of inst u_lprnet_top/u_layer31/gen_conv.gen_pages[0].page0.u_pe_page/pe_col_inst[1].u_pe_col/pe_inst[0].u_pe/N3) has been disconnected.
I: Const net (pin RSTY of inst u_lprnet_top/u_layer31/gen_conv.gen_pages[0].page0.u_pe_page/pe_col_inst[1].u_pe_col/pe_inst[0].u_pe/N3) has been disconnected.
I: Const net (pin CEM of inst u_lprnet_top/u_layer31/gen_conv.gen_pages[0].page0.u_pe_page/pe_col_inst[1].u_pe_col/pe_inst[0].u_pe/N3) has been disconnected.
I: Const net (pin RSTM of inst u_lprnet_top/u_layer31/gen_conv.gen_pages[0].page0.u_pe_page/pe_col_inst[1].u_pe_col/pe_inst[0].u_pe/N3) has been disconnected.
I: Const net (pin CEP of inst u_lprnet_top/u_layer31/gen_conv.gen_pages[0].page0.u_pe_page/pe_col_inst[1].u_pe_col/pe_inst[0].u_pe/N3) has been disconnected.
I: Const net (pin RSTP of inst u_lprnet_top/u_layer31/gen_conv.gen_pages[0].page0.u_pe_page/pe_col_inst[1].u_pe_col/pe_inst[0].u_pe/N3) has been disconnected.
I: Const net (pin CEX1 of inst u_lprnet_top/u_layer31/gen_conv.gen_pages[0].page0.u_pe_page/pe_col_inst[2].u_pe_col/pe_inst[0].u_pe/N3) has been disconnected.
I: Const net (pin RSTX of inst u_lprnet_top/u_layer31/gen_conv.gen_pages[0].page0.u_pe_page/pe_col_inst[2].u_pe_col/pe_inst[0].u_pe/N3) has been disconnected.
I: Const net (pin CEY1 of inst u_lprnet_top/u_layer31/gen_conv.gen_pages[0].page0.u_pe_page/pe_col_inst[2].u_pe_col/pe_inst[0].u_pe/N3) has been disconnected.
I: Const net (pin RSTY of inst u_lprnet_top/u_layer31/gen_conv.gen_pages[0].page0.u_pe_page/pe_col_inst[2].u_pe_col/pe_inst[0].u_pe/N3) has been disconnected.
I: Const net (pin CEM of inst u_lprnet_top/u_layer31/gen_conv.gen_pages[0].page0.u_pe_page/pe_col_inst[2].u_pe_col/pe_inst[0].u_pe/N3) has been disconnected.
I: Const net (pin RSTM of inst u_lprnet_top/u_layer31/gen_conv.gen_pages[0].page0.u_pe_page/pe_col_inst[2].u_pe_col/pe_inst[0].u_pe/N3) has been disconnected.
I: Const net (pin CEP of inst u_lprnet_top/u_layer31/gen_conv.gen_pages[0].page0.u_pe_page/pe_col_inst[2].u_pe_col/pe_inst[0].u_pe/N3) has been disconnected.
I: Const net (pin RSTP of inst u_lprnet_top/u_layer31/gen_conv.gen_pages[0].page0.u_pe_page/pe_col_inst[2].u_pe_col/pe_inst[0].u_pe/N3) has been disconnected.
I: Const net (pin CEX1 of inst u_lprnet_top/u_layer31/gen_conv.gen_pages[0].page0.u_pe_page/pe_col_inst[3].u_pe_col/pe_inst[0].u_pe/N3) has been disconnected.
I: Const net (pin RSTX of inst u_lprnet_top/u_layer31/gen_conv.gen_pages[0].page0.u_pe_page/pe_col_inst[3].u_pe_col/pe_inst[0].u_pe/N3) has been disconnected.
I: Const net (pin CEY1 of inst u_lprnet_top/u_layer31/gen_conv.gen_pages[0].page0.u_pe_page/pe_col_inst[3].u_pe_col/pe_inst[0].u_pe/N3) has been disconnected.
I: Const net (pin RSTY of inst u_lprnet_top/u_layer31/gen_conv.gen_pages[0].page0.u_pe_page/pe_col_inst[3].u_pe_col/pe_inst[0].u_pe/N3) has been disconnected.
I: Const net (pin CEM of inst u_lprnet_top/u_layer31/gen_conv.gen_pages[0].page0.u_pe_page/pe_col_inst[3].u_pe_col/pe_inst[0].u_pe/N3) has been disconnected.
I: Const net (pin RSTM of inst u_lprnet_top/u_layer31/gen_conv.gen_pages[0].page0.u_pe_page/pe_col_inst[3].u_pe_col/pe_inst[0].u_pe/N3) has been disconnected.
I: Const net (pin CEP of inst u_lprnet_top/u_layer31/gen_conv.gen_pages[0].page0.u_pe_page/pe_col_inst[3].u_pe_col/pe_inst[0].u_pe/N3) has been disconnected.
I: Const net (pin RSTP of inst u_lprnet_top/u_layer31/gen_conv.gen_pages[0].page0.u_pe_page/pe_col_inst[3].u_pe_col/pe_inst[0].u_pe/N3) has been disconnected.
I: Const net (pin CEX1 of inst u_lprnet_top/u_layer31/gen_conv.gen_pages[1].page1.u_pe_page/pe_col_inst[0].u_pe_col/pe_inst[0].u_pe/N3) has been disconnected.
I: Const net (pin RSTX of inst u_lprnet_top/u_layer31/gen_conv.gen_pages[1].page1.u_pe_page/pe_col_inst[0].u_pe_col/pe_inst[0].u_pe/N3) has been disconnected.
I: Const net (pin CEY1 of inst u_lprnet_top/u_layer31/gen_conv.gen_pages[1].page1.u_pe_page/pe_col_inst[0].u_pe_col/pe_inst[0].u_pe/N3) has been disconnected.
I: Const net (pin RSTY of inst u_lprnet_top/u_layer31/gen_conv.gen_pages[1].page1.u_pe_page/pe_col_inst[0].u_pe_col/pe_inst[0].u_pe/N3) has been disconnected.
I: Const net (pin CEM of inst u_lprnet_top/u_layer31/gen_conv.gen_pages[1].page1.u_pe_page/pe_col_inst[0].u_pe_col/pe_inst[0].u_pe/N3) has been disconnected.
I: Const net (pin RSTM of inst u_lprnet_top/u_layer31/gen_conv.gen_pages[1].page1.u_pe_page/pe_col_inst[0].u_pe_col/pe_inst[0].u_pe/N3) has been disconnected.
I: Const net (pin CEP of inst u_lprnet_top/u_layer31/gen_conv.gen_pages[1].page1.u_pe_page/pe_col_inst[0].u_pe_col/pe_inst[0].u_pe/N3) has been disconnected.
I: Const net (pin RSTP of inst u_lprnet_top/u_layer31/gen_conv.gen_pages[1].page1.u_pe_page/pe_col_inst[0].u_pe_col/pe_inst[0].u_pe/N3) has been disconnected.
I: Const net (pin CEX1 of inst u_lprnet_top/u_layer31/gen_conv.gen_pages[1].page1.u_pe_page/pe_col_inst[1].u_pe_col/pe_inst[0].u_pe/N3) has been disconnected.
I: Const net (pin RSTX of inst u_lprnet_top/u_layer31/gen_conv.gen_pages[1].page1.u_pe_page/pe_col_inst[1].u_pe_col/pe_inst[0].u_pe/N3) has been disconnected.
I: Const net (pin CEY1 of inst u_lprnet_top/u_layer31/gen_conv.gen_pages[1].page1.u_pe_page/pe_col_inst[1].u_pe_col/pe_inst[0].u_pe/N3) has been disconnected.
I: Const net (pin RSTY of inst u_lprnet_top/u_layer31/gen_conv.gen_pages[1].page1.u_pe_page/pe_col_inst[1].u_pe_col/pe_inst[0].u_pe/N3) has been disconnected.
I: Const net (pin CEM of inst u_lprnet_top/u_layer31/gen_conv.gen_pages[1].page1.u_pe_page/pe_col_inst[1].u_pe_col/pe_inst[0].u_pe/N3) has been disconnected.
I: Const net (pin RSTM of inst u_lprnet_top/u_layer31/gen_conv.gen_pages[1].page1.u_pe_page/pe_col_inst[1].u_pe_col/pe_inst[0].u_pe/N3) has been disconnected.
I: Const net (pin CEP of inst u_lprnet_top/u_layer31/gen_conv.gen_pages[1].page1.u_pe_page/pe_col_inst[1].u_pe_col/pe_inst[0].u_pe/N3) has been disconnected.
I: Const net (pin RSTP of inst u_lprnet_top/u_layer31/gen_conv.gen_pages[1].page1.u_pe_page/pe_col_inst[1].u_pe_col/pe_inst[0].u_pe/N3) has been disconnected.
I: Const net (pin CEX1 of inst u_lprnet_top/u_layer31/gen_conv.gen_pages[1].page1.u_pe_page/pe_col_inst[2].u_pe_col/pe_inst[0].u_pe/N3) has been disconnected.
I: Const net (pin RSTX of inst u_lprnet_top/u_layer31/gen_conv.gen_pages[1].page1.u_pe_page/pe_col_inst[2].u_pe_col/pe_inst[0].u_pe/N3) has been disconnected.
I: Const net (pin CEY1 of inst u_lprnet_top/u_layer31/gen_conv.gen_pages[1].page1.u_pe_page/pe_col_inst[2].u_pe_col/pe_inst[0].u_pe/N3) has been disconnected.
I: Const net (pin RSTY of inst u_lprnet_top/u_layer31/gen_conv.gen_pages[1].page1.u_pe_page/pe_col_inst[2].u_pe_col/pe_inst[0].u_pe/N3) has been disconnected.
I: Const net (pin CEM of inst u_lprnet_top/u_layer31/gen_conv.gen_pages[1].page1.u_pe_page/pe_col_inst[2].u_pe_col/pe_inst[0].u_pe/N3) has been disconnected.
I: Const net (pin RSTM of inst u_lprnet_top/u_layer31/gen_conv.gen_pages[1].page1.u_pe_page/pe_col_inst[2].u_pe_col/pe_inst[0].u_pe/N3) has been disconnected.
I: Const net (pin CEP of inst u_lprnet_top/u_layer31/gen_conv.gen_pages[1].page1.u_pe_page/pe_col_inst[2].u_pe_col/pe_inst[0].u_pe/N3) has been disconnected.
I: Const net (pin RSTP of inst u_lprnet_top/u_layer31/gen_conv.gen_pages[1].page1.u_pe_page/pe_col_inst[2].u_pe_col/pe_inst[0].u_pe/N3) has been disconnected.
I: Const net (pin CEX1 of inst u_lprnet_top/u_layer31/gen_conv.gen_pages[1].page1.u_pe_page/pe_col_inst[3].u_pe_col/pe_inst[0].u_pe/N3) has been disconnected.
I: Const net (pin RSTX of inst u_lprnet_top/u_layer31/gen_conv.gen_pages[1].page1.u_pe_page/pe_col_inst[3].u_pe_col/pe_inst[0].u_pe/N3) has been disconnected.
I: Const net (pin CEY1 of inst u_lprnet_top/u_layer31/gen_conv.gen_pages[1].page1.u_pe_page/pe_col_inst[3].u_pe_col/pe_inst[0].u_pe/N3) has been disconnected.
I: Const net (pin RSTY of inst u_lprnet_top/u_layer31/gen_conv.gen_pages[1].page1.u_pe_page/pe_col_inst[3].u_pe_col/pe_inst[0].u_pe/N3) has been disconnected.
I: Const net (pin CEM of inst u_lprnet_top/u_layer31/gen_conv.gen_pages[1].page1.u_pe_page/pe_col_inst[3].u_pe_col/pe_inst[0].u_pe/N3) has been disconnected.
I: Const net (pin RSTM of inst u_lprnet_top/u_layer31/gen_conv.gen_pages[1].page1.u_pe_page/pe_col_inst[3].u_pe_col/pe_inst[0].u_pe/N3) has been disconnected.
I: Const net (pin CEP of inst u_lprnet_top/u_layer31/gen_conv.gen_pages[1].page1.u_pe_page/pe_col_inst[3].u_pe_col/pe_inst[0].u_pe/N3) has been disconnected.
I: Const net (pin RSTP of inst u_lprnet_top/u_layer31/gen_conv.gen_pages[1].page1.u_pe_page/pe_col_inst[3].u_pe_col/pe_inst[0].u_pe/N3) has been disconnected.
I: Const net (pin CEX1 of inst u_top_yolo/u_layer0/genblk1.gen_pages[0].pe_inst.u_pe_page/pe_col_inst[0].u_pe_col/pe_inst[0].u_pe/N3) has been disconnected.
I: Const net (pin RSTX of inst u_top_yolo/u_layer0/genblk1.gen_pages[0].pe_inst.u_pe_page/pe_col_inst[0].u_pe_col/pe_inst[0].u_pe/N3) has been disconnected.
I: Const net (pin CEY1 of inst u_top_yolo/u_layer0/genblk1.gen_pages[0].pe_inst.u_pe_page/pe_col_inst[0].u_pe_col/pe_inst[0].u_pe/N3) has been disconnected.
I: Const net (pin RSTY of inst u_top_yolo/u_layer0/genblk1.gen_pages[0].pe_inst.u_pe_page/pe_col_inst[0].u_pe_col/pe_inst[0].u_pe/N3) has been disconnected.
I: Const net (pin CEP of inst u_top_yolo/u_layer0/genblk1.gen_pages[0].pe_inst.u_pe_page/pe_col_inst[0].u_pe_col/pe_inst[0].u_pe/N3) has been disconnected.
I: Const net (pin RSTP of inst u_top_yolo/u_layer0/genblk1.gen_pages[0].pe_inst.u_pe_page/pe_col_inst[0].u_pe_col/pe_inst[0].u_pe/N3) has been disconnected.
I: Const net (pin CEX1 of inst u_top_yolo/u_layer0/genblk1.gen_pages[0].pe_inst.u_pe_page/pe_col_inst[0].u_pe_col/pe_inst[0].u_pe_1/N3) has been disconnected.
I: Const net (pin RSTX of inst u_top_yolo/u_layer0/genblk1.gen_pages[0].pe_inst.u_pe_page/pe_col_inst[0].u_pe_col/pe_inst[0].u_pe_1/N3) has been disconnected.
I: Const net (pin CEY1 of inst u_top_yolo/u_layer0/genblk1.gen_pages[0].pe_inst.u_pe_page/pe_col_inst[0].u_pe_col/pe_inst[0].u_pe_1/N3) has been disconnected.
I: Const net (pin RSTY of inst u_top_yolo/u_layer0/genblk1.gen_pages[0].pe_inst.u_pe_page/pe_col_inst[0].u_pe_col/pe_inst[0].u_pe_1/N3) has been disconnected.
I: Const net (pin CEP of inst u_top_yolo/u_layer0/genblk1.gen_pages[0].pe_inst.u_pe_page/pe_col_inst[0].u_pe_col/pe_inst[0].u_pe_1/N3) has been disconnected.
I: Const net (pin RSTP of inst u_top_yolo/u_layer0/genblk1.gen_pages[0].pe_inst.u_pe_page/pe_col_inst[0].u_pe_col/pe_inst[0].u_pe_1/N3) has been disconnected.
I: Const net (pin CEX1 of inst u_top_yolo/u_layer0/genblk1.gen_pages[0].pe_inst.u_pe_page/pe_col_inst[0].u_pe_col/pe_inst[0].u_pe_2/N3) has been disconnected.
I: Const net (pin RSTX of inst u_top_yolo/u_layer0/genblk1.gen_pages[0].pe_inst.u_pe_page/pe_col_inst[0].u_pe_col/pe_inst[0].u_pe_2/N3) has been disconnected.
I: Const net (pin CEY1 of inst u_top_yolo/u_layer0/genblk1.gen_pages[0].pe_inst.u_pe_page/pe_col_inst[0].u_pe_col/pe_inst[0].u_pe_2/N3) has been disconnected.
I: Const net (pin RSTY of inst u_top_yolo/u_layer0/genblk1.gen_pages[0].pe_inst.u_pe_page/pe_col_inst[0].u_pe_col/pe_inst[0].u_pe_2/N3) has been disconnected.
I: Const net (pin CEP of inst u_top_yolo/u_layer0/genblk1.gen_pages[0].pe_inst.u_pe_page/pe_col_inst[0].u_pe_col/pe_inst[0].u_pe_2/N3) has been disconnected.
I: Const net (pin RSTP of inst u_top_yolo/u_layer0/genblk1.gen_pages[0].pe_inst.u_pe_page/pe_col_inst[0].u_pe_col/pe_inst[0].u_pe_2/N3) has been disconnected.
I: Const net (pin CEX1 of inst u_top_yolo/u_layer0/genblk1.gen_pages[0].pe_inst.u_pe_page/pe_col_inst[0].u_pe_col/pe_inst[0].u_pe_3/N3) has been disconnected.
I: Const net (pin RSTX of inst u_top_yolo/u_layer0/genblk1.gen_pages[0].pe_inst.u_pe_page/pe_col_inst[0].u_pe_col/pe_inst[0].u_pe_3/N3) has been disconnected.
I: Const net (pin CEY1 of inst u_top_yolo/u_layer0/genblk1.gen_pages[0].pe_inst.u_pe_page/pe_col_inst[0].u_pe_col/pe_inst[0].u_pe_3/N3) has been disconnected.
I: Const net (pin RSTY of inst u_top_yolo/u_layer0/genblk1.gen_pages[0].pe_inst.u_pe_page/pe_col_inst[0].u_pe_col/pe_inst[0].u_pe_3/N3) has been disconnected.
I: Const net (pin CEP of inst u_top_yolo/u_layer0/genblk1.gen_pages[0].pe_inst.u_pe_page/pe_col_inst[0].u_pe_col/pe_inst[0].u_pe_3/N3) has been disconnected.
I: Const net (pin RSTP of inst u_top_yolo/u_layer0/genblk1.gen_pages[0].pe_inst.u_pe_page/pe_col_inst[0].u_pe_col/pe_inst[0].u_pe_3/N3) has been disconnected.
I: Const net (pin CEX1 of inst u_top_yolo/u_layer0/genblk1.gen_pages[0].pe_inst.u_pe_page/pe_col_inst[0].u_pe_col/pe_inst[0].u_pe_4/N3) has been disconnected.
I: Const net (pin RSTX of inst u_top_yolo/u_layer0/genblk1.gen_pages[0].pe_inst.u_pe_page/pe_col_inst[0].u_pe_col/pe_inst[0].u_pe_4/N3) has been disconnected.
I: Const net (pin CEY1 of inst u_top_yolo/u_layer0/genblk1.gen_pages[0].pe_inst.u_pe_page/pe_col_inst[0].u_pe_col/pe_inst[0].u_pe_4/N3) has been disconnected.
I: Const net (pin RSTY of inst u_top_yolo/u_layer0/genblk1.gen_pages[0].pe_inst.u_pe_page/pe_col_inst[0].u_pe_col/pe_inst[0].u_pe_4/N3) has been disconnected.
I: Const net (pin CEP of inst u_top_yolo/u_layer0/genblk1.gen_pages[0].pe_inst.u_pe_page/pe_col_inst[0].u_pe_col/pe_inst[0].u_pe_4/N3) has been disconnected.
I: Const net (pin RSTP of inst u_top_yolo/u_layer0/genblk1.gen_pages[0].pe_inst.u_pe_page/pe_col_inst[0].u_pe_col/pe_inst[0].u_pe_4/N3) has been disconnected.
I: Const net (pin CEX1 of inst u_top_yolo/u_layer0/genblk1.gen_pages[0].pe_inst.u_pe_page/pe_col_inst[0].u_pe_col/pe_inst[0].u_pe_5/N3) has been disconnected.
I: Const net (pin RSTX of inst u_top_yolo/u_layer0/genblk1.gen_pages[0].pe_inst.u_pe_page/pe_col_inst[0].u_pe_col/pe_inst[0].u_pe_5/N3) has been disconnected.
I: Const net (pin CEY1 of inst u_top_yolo/u_layer0/genblk1.gen_pages[0].pe_inst.u_pe_page/pe_col_inst[0].u_pe_col/pe_inst[0].u_pe_5/N3) has been disconnected.
I: Const net (pin RSTY of inst u_top_yolo/u_layer0/genblk1.gen_pages[0].pe_inst.u_pe_page/pe_col_inst[0].u_pe_col/pe_inst[0].u_pe_5/N3) has been disconnected.
I: Const net (pin CEP of inst u_top_yolo/u_layer0/genblk1.gen_pages[0].pe_inst.u_pe_page/pe_col_inst[0].u_pe_col/pe_inst[0].u_pe_5/N3) has been disconnected.
I: Const net (pin RSTP of inst u_top_yolo/u_layer0/genblk1.gen_pages[0].pe_inst.u_pe_page/pe_col_inst[0].u_pe_col/pe_inst[0].u_pe_5/N3) has been disconnected.
I: Const net (pin CEX1 of inst u_top_yolo/u_layer0/genblk1.gen_pages[0].pe_inst.u_pe_page/pe_col_inst[0].u_pe_col/pe_inst[0].u_pe_6/N3) has been disconnected.
I: Const net (pin RSTX of inst u_top_yolo/u_layer0/genblk1.gen_pages[0].pe_inst.u_pe_page/pe_col_inst[0].u_pe_col/pe_inst[0].u_pe_6/N3) has been disconnected.
I: Const net (pin CEY1 of inst u_top_yolo/u_layer0/genblk1.gen_pages[0].pe_inst.u_pe_page/pe_col_inst[0].u_pe_col/pe_inst[0].u_pe_6/N3) has been disconnected.
I: Const net (pin RSTY of inst u_top_yolo/u_layer0/genblk1.gen_pages[0].pe_inst.u_pe_page/pe_col_inst[0].u_pe_col/pe_inst[0].u_pe_6/N3) has been disconnected.
I: Const net (pin CEP of inst u_top_yolo/u_layer0/genblk1.gen_pages[0].pe_inst.u_pe_page/pe_col_inst[0].u_pe_col/pe_inst[0].u_pe_6/N3) has been disconnected.
I: Const net (pin RSTP of inst u_top_yolo/u_layer0/genblk1.gen_pages[0].pe_inst.u_pe_page/pe_col_inst[0].u_pe_col/pe_inst[0].u_pe_6/N3) has been disconnected.
I: Const net (pin CEX1 of inst u_top_yolo/u_layer0/genblk1.gen_pages[0].pe_inst.u_pe_page/pe_col_inst[0].u_pe_col/pe_inst[0].u_pe_7/N3) has been disconnected.
I: Const net (pin RSTX of inst u_top_yolo/u_layer0/genblk1.gen_pages[0].pe_inst.u_pe_page/pe_col_inst[0].u_pe_col/pe_inst[0].u_pe_7/N3) has been disconnected.
I: Const net (pin CEY1 of inst u_top_yolo/u_layer0/genblk1.gen_pages[0].pe_inst.u_pe_page/pe_col_inst[0].u_pe_col/pe_inst[0].u_pe_7/N3) has been disconnected.
I: Const net (pin RSTY of inst u_top_yolo/u_layer0/genblk1.gen_pages[0].pe_inst.u_pe_page/pe_col_inst[0].u_pe_col/pe_inst[0].u_pe_7/N3) has been disconnected.
I: Const net (pin CEP of inst u_top_yolo/u_layer0/genblk1.gen_pages[0].pe_inst.u_pe_page/pe_col_inst[0].u_pe_col/pe_inst[0].u_pe_7/N3) has been disconnected.
I: Const net (pin RSTP of inst u_top_yolo/u_layer0/genblk1.gen_pages[0].pe_inst.u_pe_page/pe_col_inst[0].u_pe_col/pe_inst[0].u_pe_7/N3) has been disconnected.
I: Const net (pin CEX1 of inst u_top_yolo/u_layer0/genblk1.gen_pages[0].pe_inst.u_pe_page/pe_col_inst[0].u_pe_col/pe_inst[0].u_pe_8/N3) has been disconnected.
I: Const net (pin RSTX of inst u_top_yolo/u_layer0/genblk1.gen_pages[0].pe_inst.u_pe_page/pe_col_inst[0].u_pe_col/pe_inst[0].u_pe_8/N3) has been disconnected.
I: Const net (pin CEY1 of inst u_top_yolo/u_layer0/genblk1.gen_pages[0].pe_inst.u_pe_page/pe_col_inst[0].u_pe_col/pe_inst[0].u_pe_8/N3) has been disconnected.
I: Const net (pin RSTY of inst u_top_yolo/u_layer0/genblk1.gen_pages[0].pe_inst.u_pe_page/pe_col_inst[0].u_pe_col/pe_inst[0].u_pe_8/N3) has been disconnected.
I: Const net (pin CEP of inst u_top_yolo/u_layer0/genblk1.gen_pages[0].pe_inst.u_pe_page/pe_col_inst[0].u_pe_col/pe_inst[0].u_pe_8/N3) has been disconnected.
I: Const net (pin RSTP of inst u_top_yolo/u_layer0/genblk1.gen_pages[0].pe_inst.u_pe_page/pe_col_inst[0].u_pe_col/pe_inst[0].u_pe_8/N3) has been disconnected.
I: Const net (pin CEX1 of inst u_top_yolo/u_layer0/genblk1.gen_pages[1].pe_inst.u_pe_page/pe_col_inst[0].u_pe_col/pe_inst[0].u_pe/N3) has been disconnected.
I: Const net (pin RSTX of inst u_top_yolo/u_layer0/genblk1.gen_pages[1].pe_inst.u_pe_page/pe_col_inst[0].u_pe_col/pe_inst[0].u_pe/N3) has been disconnected.
I: Const net (pin CEY1 of inst u_top_yolo/u_layer0/genblk1.gen_pages[1].pe_inst.u_pe_page/pe_col_inst[0].u_pe_col/pe_inst[0].u_pe/N3) has been disconnected.
I: Const net (pin RSTY of inst u_top_yolo/u_layer0/genblk1.gen_pages[1].pe_inst.u_pe_page/pe_col_inst[0].u_pe_col/pe_inst[0].u_pe/N3) has been disconnected.
I: Const net (pin CEP of inst u_top_yolo/u_layer0/genblk1.gen_pages[1].pe_inst.u_pe_page/pe_col_inst[0].u_pe_col/pe_inst[0].u_pe/N3) has been disconnected.
I: Const net (pin RSTP of inst u_top_yolo/u_layer0/genblk1.gen_pages[1].pe_inst.u_pe_page/pe_col_inst[0].u_pe_col/pe_inst[0].u_pe/N3) has been disconnected.
I: Const net (pin CEX1 of inst u_top_yolo/u_layer0/genblk1.gen_pages[1].pe_inst.u_pe_page/pe_col_inst[0].u_pe_col/pe_inst[0].u_pe_1/N3) has been disconnected.
I: Const net (pin RSTX of inst u_top_yolo/u_layer0/genblk1.gen_pages[1].pe_inst.u_pe_page/pe_col_inst[0].u_pe_col/pe_inst[0].u_pe_1/N3) has been disconnected.
I: Const net (pin CEY1 of inst u_top_yolo/u_layer0/genblk1.gen_pages[1].pe_inst.u_pe_page/pe_col_inst[0].u_pe_col/pe_inst[0].u_pe_1/N3) has been disconnected.
I: Const net (pin RSTY of inst u_top_yolo/u_layer0/genblk1.gen_pages[1].pe_inst.u_pe_page/pe_col_inst[0].u_pe_col/pe_inst[0].u_pe_1/N3) has been disconnected.
I: Const net (pin CEP of inst u_top_yolo/u_layer0/genblk1.gen_pages[1].pe_inst.u_pe_page/pe_col_inst[0].u_pe_col/pe_inst[0].u_pe_1/N3) has been disconnected.
I: Const net (pin RSTP of inst u_top_yolo/u_layer0/genblk1.gen_pages[1].pe_inst.u_pe_page/pe_col_inst[0].u_pe_col/pe_inst[0].u_pe_1/N3) has been disconnected.
I: Const net (pin CEX1 of inst u_top_yolo/u_layer0/genblk1.gen_pages[1].pe_inst.u_pe_page/pe_col_inst[0].u_pe_col/pe_inst[0].u_pe_2/N3) has been disconnected.
I: Const net (pin RSTX of inst u_top_yolo/u_layer0/genblk1.gen_pages[1].pe_inst.u_pe_page/pe_col_inst[0].u_pe_col/pe_inst[0].u_pe_2/N3) has been disconnected.
I: Const net (pin CEY1 of inst u_top_yolo/u_layer0/genblk1.gen_pages[1].pe_inst.u_pe_page/pe_col_inst[0].u_pe_col/pe_inst[0].u_pe_2/N3) has been disconnected.
I: Const net (pin RSTY of inst u_top_yolo/u_layer0/genblk1.gen_pages[1].pe_inst.u_pe_page/pe_col_inst[0].u_pe_col/pe_inst[0].u_pe_2/N3) has been disconnected.
I: Const net (pin CEP of inst u_top_yolo/u_layer0/genblk1.gen_pages[1].pe_inst.u_pe_page/pe_col_inst[0].u_pe_col/pe_inst[0].u_pe_2/N3) has been disconnected.
I: Const net (pin RSTP of inst u_top_yolo/u_layer0/genblk1.gen_pages[1].pe_inst.u_pe_page/pe_col_inst[0].u_pe_col/pe_inst[0].u_pe_2/N3) has been disconnected.
I: Const net (pin CEX1 of inst u_top_yolo/u_layer0/genblk1.gen_pages[1].pe_inst.u_pe_page/pe_col_inst[0].u_pe_col/pe_inst[0].u_pe_3/N3) has been disconnected.
I: Const net (pin RSTX of inst u_top_yolo/u_layer0/genblk1.gen_pages[1].pe_inst.u_pe_page/pe_col_inst[0].u_pe_col/pe_inst[0].u_pe_3/N3) has been disconnected.
I: Const net (pin CEY1 of inst u_top_yolo/u_layer0/genblk1.gen_pages[1].pe_inst.u_pe_page/pe_col_inst[0].u_pe_col/pe_inst[0].u_pe_3/N3) has been disconnected.
I: Const net (pin RSTY of inst u_top_yolo/u_layer0/genblk1.gen_pages[1].pe_inst.u_pe_page/pe_col_inst[0].u_pe_col/pe_inst[0].u_pe_3/N3) has been disconnected.
I: Const net (pin CEP of inst u_top_yolo/u_layer0/genblk1.gen_pages[1].pe_inst.u_pe_page/pe_col_inst[0].u_pe_col/pe_inst[0].u_pe_3/N3) has been disconnected.
I: Const net (pin RSTP of inst u_top_yolo/u_layer0/genblk1.gen_pages[1].pe_inst.u_pe_page/pe_col_inst[0].u_pe_col/pe_inst[0].u_pe_3/N3) has been disconnected.
I: Const net (pin CEX1 of inst u_top_yolo/u_layer0/genblk1.gen_pages[1].pe_inst.u_pe_page/pe_col_inst[0].u_pe_col/pe_inst[0].u_pe_4/N3) has been disconnected.
I: Const net (pin RSTX of inst u_top_yolo/u_layer0/genblk1.gen_pages[1].pe_inst.u_pe_page/pe_col_inst[0].u_pe_col/pe_inst[0].u_pe_4/N3) has been disconnected.
I: Const net (pin CEY1 of inst u_top_yolo/u_layer0/genblk1.gen_pages[1].pe_inst.u_pe_page/pe_col_inst[0].u_pe_col/pe_inst[0].u_pe_4/N3) has been disconnected.
I: Const net (pin RSTY of inst u_top_yolo/u_layer0/genblk1.gen_pages[1].pe_inst.u_pe_page/pe_col_inst[0].u_pe_col/pe_inst[0].u_pe_4/N3) has been disconnected.
I: Const net (pin CEP of inst u_top_yolo/u_layer0/genblk1.gen_pages[1].pe_inst.u_pe_page/pe_col_inst[0].u_pe_col/pe_inst[0].u_pe_4/N3) has been disconnected.
I: Const net (pin RSTP of inst u_top_yolo/u_layer0/genblk1.gen_pages[1].pe_inst.u_pe_page/pe_col_inst[0].u_pe_col/pe_inst[0].u_pe_4/N3) has been disconnected.
I: Const net (pin CEX1 of inst u_top_yolo/u_layer0/genblk1.gen_pages[1].pe_inst.u_pe_page/pe_col_inst[0].u_pe_col/pe_inst[0].u_pe_5/N3) has been disconnected.
I: Const net (pin RSTX of inst u_top_yolo/u_layer0/genblk1.gen_pages[1].pe_inst.u_pe_page/pe_col_inst[0].u_pe_col/pe_inst[0].u_pe_5/N3) has been disconnected.
I: Const net (pin CEY1 of inst u_top_yolo/u_layer0/genblk1.gen_pages[1].pe_inst.u_pe_page/pe_col_inst[0].u_pe_col/pe_inst[0].u_pe_5/N3) has been disconnected.
I: Const net (pin RSTY of inst u_top_yolo/u_layer0/genblk1.gen_pages[1].pe_inst.u_pe_page/pe_col_inst[0].u_pe_col/pe_inst[0].u_pe_5/N3) has been disconnected.
I: Const net (pin CEP of inst u_top_yolo/u_layer0/genblk1.gen_pages[1].pe_inst.u_pe_page/pe_col_inst[0].u_pe_col/pe_inst[0].u_pe_5/N3) has been disconnected.
I: Const net (pin RSTP of inst u_top_yolo/u_layer0/genblk1.gen_pages[1].pe_inst.u_pe_page/pe_col_inst[0].u_pe_col/pe_inst[0].u_pe_5/N3) has been disconnected.
I: Const net (pin CEX1 of inst u_top_yolo/u_layer0/genblk1.gen_pages[1].pe_inst.u_pe_page/pe_col_inst[0].u_pe_col/pe_inst[0].u_pe_6/N3) has been disconnected.
I: Const net (pin RSTX of inst u_top_yolo/u_layer0/genblk1.gen_pages[1].pe_inst.u_pe_page/pe_col_inst[0].u_pe_col/pe_inst[0].u_pe_6/N3) has been disconnected.
I: Const net (pin CEY1 of inst u_top_yolo/u_layer0/genblk1.gen_pages[1].pe_inst.u_pe_page/pe_col_inst[0].u_pe_col/pe_inst[0].u_pe_6/N3) has been disconnected.
I: Const net (pin RSTY of inst u_top_yolo/u_layer0/genblk1.gen_pages[1].pe_inst.u_pe_page/pe_col_inst[0].u_pe_col/pe_inst[0].u_pe_6/N3) has been disconnected.
I: Const net (pin CEP of inst u_top_yolo/u_layer0/genblk1.gen_pages[1].pe_inst.u_pe_page/pe_col_inst[0].u_pe_col/pe_inst[0].u_pe_6/N3) has been disconnected.
I: Const net (pin RSTP of inst u_top_yolo/u_layer0/genblk1.gen_pages[1].pe_inst.u_pe_page/pe_col_inst[0].u_pe_col/pe_inst[0].u_pe_6/N3) has been disconnected.
I: Const net (pin CEX1 of inst u_top_yolo/u_layer0/genblk1.gen_pages[1].pe_inst.u_pe_page/pe_col_inst[0].u_pe_col/pe_inst[0].u_pe_7/N3) has been disconnected.
I: Const net (pin RSTX of inst u_top_yolo/u_layer0/genblk1.gen_pages[1].pe_inst.u_pe_page/pe_col_inst[0].u_pe_col/pe_inst[0].u_pe_7/N3) has been disconnected.
I: Const net (pin CEY1 of inst u_top_yolo/u_layer0/genblk1.gen_pages[1].pe_inst.u_pe_page/pe_col_inst[0].u_pe_col/pe_inst[0].u_pe_7/N3) has been disconnected.
I: Const net (pin RSTY of inst u_top_yolo/u_layer0/genblk1.gen_pages[1].pe_inst.u_pe_page/pe_col_inst[0].u_pe_col/pe_inst[0].u_pe_7/N3) has been disconnected.
I: Const net (pin CEP of inst u_top_yolo/u_layer0/genblk1.gen_pages[1].pe_inst.u_pe_page/pe_col_inst[0].u_pe_col/pe_inst[0].u_pe_7/N3) has been disconnected.
I: Const net (pin RSTP of inst u_top_yolo/u_layer0/genblk1.gen_pages[1].pe_inst.u_pe_page/pe_col_inst[0].u_pe_col/pe_inst[0].u_pe_7/N3) has been disconnected.
I: Const net (pin CEX1 of inst u_top_yolo/u_layer0/genblk1.gen_pages[1].pe_inst.u_pe_page/pe_col_inst[0].u_pe_col/pe_inst[0].u_pe_8/N3) has been disconnected.
I: Const net (pin RSTX of inst u_top_yolo/u_layer0/genblk1.gen_pages[1].pe_inst.u_pe_page/pe_col_inst[0].u_pe_col/pe_inst[0].u_pe_8/N3) has been disconnected.
I: Const net (pin CEY1 of inst u_top_yolo/u_layer0/genblk1.gen_pages[1].pe_inst.u_pe_page/pe_col_inst[0].u_pe_col/pe_inst[0].u_pe_8/N3) has been disconnected.
I: Const net (pin RSTY of inst u_top_yolo/u_layer0/genblk1.gen_pages[1].pe_inst.u_pe_page/pe_col_inst[0].u_pe_col/pe_inst[0].u_pe_8/N3) has been disconnected.
I: Const net (pin CEP of inst u_top_yolo/u_layer0/genblk1.gen_pages[1].pe_inst.u_pe_page/pe_col_inst[0].u_pe_col/pe_inst[0].u_pe_8/N3) has been disconnected.
I: Const net (pin RSTP of inst u_top_yolo/u_layer0/genblk1.gen_pages[1].pe_inst.u_pe_page/pe_col_inst[0].u_pe_col/pe_inst[0].u_pe_8/N3) has been disconnected.
I: Const net (pin CEX1 of inst u_top_yolo/u_layer0/genblk1.gen_pages[2].pe_inst.u_pe_page/pe_col_inst[0].u_pe_col/pe_inst[0].u_pe/N3) has been disconnected.
I: Const net (pin RSTX of inst u_top_yolo/u_layer0/genblk1.gen_pages[2].pe_inst.u_pe_page/pe_col_inst[0].u_pe_col/pe_inst[0].u_pe/N3) has been disconnected.
I: Const net (pin CEY1 of inst u_top_yolo/u_layer0/genblk1.gen_pages[2].pe_inst.u_pe_page/pe_col_inst[0].u_pe_col/pe_inst[0].u_pe/N3) has been disconnected.
I: Const net (pin RSTY of inst u_top_yolo/u_layer0/genblk1.gen_pages[2].pe_inst.u_pe_page/pe_col_inst[0].u_pe_col/pe_inst[0].u_pe/N3) has been disconnected.
I: Const net (pin CEP of inst u_top_yolo/u_layer0/genblk1.gen_pages[2].pe_inst.u_pe_page/pe_col_inst[0].u_pe_col/pe_inst[0].u_pe/N3) has been disconnected.
I: Const net (pin RSTP of inst u_top_yolo/u_layer0/genblk1.gen_pages[2].pe_inst.u_pe_page/pe_col_inst[0].u_pe_col/pe_inst[0].u_pe/N3) has been disconnected.
I: Const net (pin CEX1 of inst u_top_yolo/u_layer0/genblk1.gen_pages[2].pe_inst.u_pe_page/pe_col_inst[0].u_pe_col/pe_inst[0].u_pe_1/N3) has been disconnected.
I: Const net (pin RSTX of inst u_top_yolo/u_layer0/genblk1.gen_pages[2].pe_inst.u_pe_page/pe_col_inst[0].u_pe_col/pe_inst[0].u_pe_1/N3) has been disconnected.
I: Const net (pin CEY1 of inst u_top_yolo/u_layer0/genblk1.gen_pages[2].pe_inst.u_pe_page/pe_col_inst[0].u_pe_col/pe_inst[0].u_pe_1/N3) has been disconnected.
I: Const net (pin RSTY of inst u_top_yolo/u_layer0/genblk1.gen_pages[2].pe_inst.u_pe_page/pe_col_inst[0].u_pe_col/pe_inst[0].u_pe_1/N3) has been disconnected.
I: Const net (pin CEP of inst u_top_yolo/u_layer0/genblk1.gen_pages[2].pe_inst.u_pe_page/pe_col_inst[0].u_pe_col/pe_inst[0].u_pe_1/N3) has been disconnected.
I: Const net (pin RSTP of inst u_top_yolo/u_layer0/genblk1.gen_pages[2].pe_inst.u_pe_page/pe_col_inst[0].u_pe_col/pe_inst[0].u_pe_1/N3) has been disconnected.
I: Const net (pin CEX1 of inst u_top_yolo/u_layer0/genblk1.gen_pages[2].pe_inst.u_pe_page/pe_col_inst[0].u_pe_col/pe_inst[0].u_pe_2/N3) has been disconnected.
I: Const net (pin RSTX of inst u_top_yolo/u_layer0/genblk1.gen_pages[2].pe_inst.u_pe_page/pe_col_inst[0].u_pe_col/pe_inst[0].u_pe_2/N3) has been disconnected.
I: Const net (pin CEY1 of inst u_top_yolo/u_layer0/genblk1.gen_pages[2].pe_inst.u_pe_page/pe_col_inst[0].u_pe_col/pe_inst[0].u_pe_2/N3) has been disconnected.
I: Const net (pin RSTY of inst u_top_yolo/u_layer0/genblk1.gen_pages[2].pe_inst.u_pe_page/pe_col_inst[0].u_pe_col/pe_inst[0].u_pe_2/N3) has been disconnected.
I: Const net (pin CEP of inst u_top_yolo/u_layer0/genblk1.gen_pages[2].pe_inst.u_pe_page/pe_col_inst[0].u_pe_col/pe_inst[0].u_pe_2/N3) has been disconnected.
I: Const net (pin RSTP of inst u_top_yolo/u_layer0/genblk1.gen_pages[2].pe_inst.u_pe_page/pe_col_inst[0].u_pe_col/pe_inst[0].u_pe_2/N3) has been disconnected.
I: Const net (pin CEX1 of inst u_top_yolo/u_layer0/genblk1.gen_pages[2].pe_inst.u_pe_page/pe_col_inst[0].u_pe_col/pe_inst[0].u_pe_3/N3) has been disconnected.
I: Const net (pin RSTX of inst u_top_yolo/u_layer0/genblk1.gen_pages[2].pe_inst.u_pe_page/pe_col_inst[0].u_pe_col/pe_inst[0].u_pe_3/N3) has been disconnected.
I: Const net (pin CEY1 of inst u_top_yolo/u_layer0/genblk1.gen_pages[2].pe_inst.u_pe_page/pe_col_inst[0].u_pe_col/pe_inst[0].u_pe_3/N3) has been disconnected.
I: Const net (pin RSTY of inst u_top_yolo/u_layer0/genblk1.gen_pages[2].pe_inst.u_pe_page/pe_col_inst[0].u_pe_col/pe_inst[0].u_pe_3/N3) has been disconnected.
I: Const net (pin CEP of inst u_top_yolo/u_layer0/genblk1.gen_pages[2].pe_inst.u_pe_page/pe_col_inst[0].u_pe_col/pe_inst[0].u_pe_3/N3) has been disconnected.
I: Const net (pin RSTP of inst u_top_yolo/u_layer0/genblk1.gen_pages[2].pe_inst.u_pe_page/pe_col_inst[0].u_pe_col/pe_inst[0].u_pe_3/N3) has been disconnected.
I: Const net (pin CEX1 of inst u_top_yolo/u_layer0/genblk1.gen_pages[2].pe_inst.u_pe_page/pe_col_inst[0].u_pe_col/pe_inst[0].u_pe_4/N3) has been disconnected.
I: Const net (pin RSTX of inst u_top_yolo/u_layer0/genblk1.gen_pages[2].pe_inst.u_pe_page/pe_col_inst[0].u_pe_col/pe_inst[0].u_pe_4/N3) has been disconnected.
I: Const net (pin CEY1 of inst u_top_yolo/u_layer0/genblk1.gen_pages[2].pe_inst.u_pe_page/pe_col_inst[0].u_pe_col/pe_inst[0].u_pe_4/N3) has been disconnected.
I: Const net (pin RSTY of inst u_top_yolo/u_layer0/genblk1.gen_pages[2].pe_inst.u_pe_page/pe_col_inst[0].u_pe_col/pe_inst[0].u_pe_4/N3) has been disconnected.
I: Const net (pin CEP of inst u_top_yolo/u_layer0/genblk1.gen_pages[2].pe_inst.u_pe_page/pe_col_inst[0].u_pe_col/pe_inst[0].u_pe_4/N3) has been disconnected.
I: Const net (pin RSTP of inst u_top_yolo/u_layer0/genblk1.gen_pages[2].pe_inst.u_pe_page/pe_col_inst[0].u_pe_col/pe_inst[0].u_pe_4/N3) has been disconnected.
I: Const net (pin CEX1 of inst u_top_yolo/u_layer0/genblk1.gen_pages[2].pe_inst.u_pe_page/pe_col_inst[0].u_pe_col/pe_inst[0].u_pe_5/N3) has been disconnected.
I: Const net (pin RSTX of inst u_top_yolo/u_layer0/genblk1.gen_pages[2].pe_inst.u_pe_page/pe_col_inst[0].u_pe_col/pe_inst[0].u_pe_5/N3) has been disconnected.
I: Const net (pin CEY1 of inst u_top_yolo/u_layer0/genblk1.gen_pages[2].pe_inst.u_pe_page/pe_col_inst[0].u_pe_col/pe_inst[0].u_pe_5/N3) has been disconnected.
I: Const net (pin RSTY of inst u_top_yolo/u_layer0/genblk1.gen_pages[2].pe_inst.u_pe_page/pe_col_inst[0].u_pe_col/pe_inst[0].u_pe_5/N3) has been disconnected.
I: Const net (pin CEP of inst u_top_yolo/u_layer0/genblk1.gen_pages[2].pe_inst.u_pe_page/pe_col_inst[0].u_pe_col/pe_inst[0].u_pe_5/N3) has been disconnected.
I: Const net (pin RSTP of inst u_top_yolo/u_layer0/genblk1.gen_pages[2].pe_inst.u_pe_page/pe_col_inst[0].u_pe_col/pe_inst[0].u_pe_5/N3) has been disconnected.
I: Const net (pin CEX1 of inst u_top_yolo/u_layer0/genblk1.gen_pages[2].pe_inst.u_pe_page/pe_col_inst[0].u_pe_col/pe_inst[0].u_pe_6/N3) has been disconnected.
I: Const net (pin RSTX of inst u_top_yolo/u_layer0/genblk1.gen_pages[2].pe_inst.u_pe_page/pe_col_inst[0].u_pe_col/pe_inst[0].u_pe_6/N3) has been disconnected.
I: Const net (pin CEY1 of inst u_top_yolo/u_layer0/genblk1.gen_pages[2].pe_inst.u_pe_page/pe_col_inst[0].u_pe_col/pe_inst[0].u_pe_6/N3) has been disconnected.
I: Const net (pin RSTY of inst u_top_yolo/u_layer0/genblk1.gen_pages[2].pe_inst.u_pe_page/pe_col_inst[0].u_pe_col/pe_inst[0].u_pe_6/N3) has been disconnected.
I: Const net (pin CEP of inst u_top_yolo/u_layer0/genblk1.gen_pages[2].pe_inst.u_pe_page/pe_col_inst[0].u_pe_col/pe_inst[0].u_pe_6/N3) has been disconnected.
I: Const net (pin RSTP of inst u_top_yolo/u_layer0/genblk1.gen_pages[2].pe_inst.u_pe_page/pe_col_inst[0].u_pe_col/pe_inst[0].u_pe_6/N3) has been disconnected.
I: Const net (pin CEX1 of inst u_top_yolo/u_layer0/genblk1.gen_pages[2].pe_inst.u_pe_page/pe_col_inst[0].u_pe_col/pe_inst[0].u_pe_7/N3) has been disconnected.
I: Const net (pin RSTX of inst u_top_yolo/u_layer0/genblk1.gen_pages[2].pe_inst.u_pe_page/pe_col_inst[0].u_pe_col/pe_inst[0].u_pe_7/N3) has been disconnected.
I: Const net (pin CEY1 of inst u_top_yolo/u_layer0/genblk1.gen_pages[2].pe_inst.u_pe_page/pe_col_inst[0].u_pe_col/pe_inst[0].u_pe_7/N3) has been disconnected.
I: Const net (pin RSTY of inst u_top_yolo/u_layer0/genblk1.gen_pages[2].pe_inst.u_pe_page/pe_col_inst[0].u_pe_col/pe_inst[0].u_pe_7/N3) has been disconnected.
I: Const net (pin CEP of inst u_top_yolo/u_layer0/genblk1.gen_pages[2].pe_inst.u_pe_page/pe_col_inst[0].u_pe_col/pe_inst[0].u_pe_7/N3) has been disconnected.
I: Const net (pin RSTP of inst u_top_yolo/u_layer0/genblk1.gen_pages[2].pe_inst.u_pe_page/pe_col_inst[0].u_pe_col/pe_inst[0].u_pe_7/N3) has been disconnected.
I: Const net (pin CEX1 of inst u_top_yolo/u_layer0/genblk1.gen_pages[2].pe_inst.u_pe_page/pe_col_inst[0].u_pe_col/pe_inst[0].u_pe_8/N3) has been disconnected.
I: Const net (pin RSTX of inst u_top_yolo/u_layer0/genblk1.gen_pages[2].pe_inst.u_pe_page/pe_col_inst[0].u_pe_col/pe_inst[0].u_pe_8/N3) has been disconnected.
I: Const net (pin CEY1 of inst u_top_yolo/u_layer0/genblk1.gen_pages[2].pe_inst.u_pe_page/pe_col_inst[0].u_pe_col/pe_inst[0].u_pe_8/N3) has been disconnected.
I: Const net (pin RSTY of inst u_top_yolo/u_layer0/genblk1.gen_pages[2].pe_inst.u_pe_page/pe_col_inst[0].u_pe_col/pe_inst[0].u_pe_8/N3) has been disconnected.
I: Const net (pin CEP of inst u_top_yolo/u_layer0/genblk1.gen_pages[2].pe_inst.u_pe_page/pe_col_inst[0].u_pe_col/pe_inst[0].u_pe_8/N3) has been disconnected.
I: Const net (pin RSTP of inst u_top_yolo/u_layer0/genblk1.gen_pages[2].pe_inst.u_pe_page/pe_col_inst[0].u_pe_col/pe_inst[0].u_pe_8/N3) has been disconnected.
I: Const net (pin CEX1 of inst u_top_yolo/u_layer1/genblk1.gen_pages[0].pe_inst.u_pe_page/pe_col_inst[0].u_pe_col/pe_inst[0].u_pe/N3) has been disconnected.
I: Const net (pin RSTX of inst u_top_yolo/u_layer1/genblk1.gen_pages[0].pe_inst.u_pe_page/pe_col_inst[0].u_pe_col/pe_inst[0].u_pe/N3) has been disconnected.
I: Const net (pin CEY1 of inst u_top_yolo/u_layer1/genblk1.gen_pages[0].pe_inst.u_pe_page/pe_col_inst[0].u_pe_col/pe_inst[0].u_pe/N3) has been disconnected.
I: Const net (pin RSTY of inst u_top_yolo/u_layer1/genblk1.gen_pages[0].pe_inst.u_pe_page/pe_col_inst[0].u_pe_col/pe_inst[0].u_pe/N3) has been disconnected.
I: Const net (pin CEP of inst u_top_yolo/u_layer1/genblk1.gen_pages[0].pe_inst.u_pe_page/pe_col_inst[0].u_pe_col/pe_inst[0].u_pe/N3) has been disconnected.
I: Const net (pin RSTP of inst u_top_yolo/u_layer1/genblk1.gen_pages[0].pe_inst.u_pe_page/pe_col_inst[0].u_pe_col/pe_inst[0].u_pe/N3) has been disconnected.
I: Const net (pin CEX1 of inst u_top_yolo/u_layer1/genblk1.gen_pages[0].pe_inst.u_pe_page/pe_col_inst[0].u_pe_col/pe_inst[0].u_pe_1/N3) has been disconnected.
I: Const net (pin RSTX of inst u_top_yolo/u_layer1/genblk1.gen_pages[0].pe_inst.u_pe_page/pe_col_inst[0].u_pe_col/pe_inst[0].u_pe_1/N3) has been disconnected.
I: Const net (pin CEY1 of inst u_top_yolo/u_layer1/genblk1.gen_pages[0].pe_inst.u_pe_page/pe_col_inst[0].u_pe_col/pe_inst[0].u_pe_1/N3) has been disconnected.
I: Const net (pin RSTY of inst u_top_yolo/u_layer1/genblk1.gen_pages[0].pe_inst.u_pe_page/pe_col_inst[0].u_pe_col/pe_inst[0].u_pe_1/N3) has been disconnected.
I: Const net (pin CEP of inst u_top_yolo/u_layer1/genblk1.gen_pages[0].pe_inst.u_pe_page/pe_col_inst[0].u_pe_col/pe_inst[0].u_pe_1/N3) has been disconnected.
I: Const net (pin RSTP of inst u_top_yolo/u_layer1/genblk1.gen_pages[0].pe_inst.u_pe_page/pe_col_inst[0].u_pe_col/pe_inst[0].u_pe_1/N3) has been disconnected.
I: Const net (pin CEX1 of inst u_top_yolo/u_layer1/genblk1.gen_pages[0].pe_inst.u_pe_page/pe_col_inst[0].u_pe_col/pe_inst[0].u_pe_2/N3) has been disconnected.
I: Const net (pin RSTX of inst u_top_yolo/u_layer1/genblk1.gen_pages[0].pe_inst.u_pe_page/pe_col_inst[0].u_pe_col/pe_inst[0].u_pe_2/N3) has been disconnected.
I: Const net (pin CEY1 of inst u_top_yolo/u_layer1/genblk1.gen_pages[0].pe_inst.u_pe_page/pe_col_inst[0].u_pe_col/pe_inst[0].u_pe_2/N3) has been disconnected.
I: Const net (pin RSTY of inst u_top_yolo/u_layer1/genblk1.gen_pages[0].pe_inst.u_pe_page/pe_col_inst[0].u_pe_col/pe_inst[0].u_pe_2/N3) has been disconnected.
I: Const net (pin CEP of inst u_top_yolo/u_layer1/genblk1.gen_pages[0].pe_inst.u_pe_page/pe_col_inst[0].u_pe_col/pe_inst[0].u_pe_2/N3) has been disconnected.
I: Const net (pin RSTP of inst u_top_yolo/u_layer1/genblk1.gen_pages[0].pe_inst.u_pe_page/pe_col_inst[0].u_pe_col/pe_inst[0].u_pe_2/N3) has been disconnected.
I: Const net (pin CEX1 of inst u_top_yolo/u_layer1/genblk1.gen_pages[0].pe_inst.u_pe_page/pe_col_inst[0].u_pe_col/pe_inst[0].u_pe_3/N3) has been disconnected.
I: Const net (pin RSTX of inst u_top_yolo/u_layer1/genblk1.gen_pages[0].pe_inst.u_pe_page/pe_col_inst[0].u_pe_col/pe_inst[0].u_pe_3/N3) has been disconnected.
I: Const net (pin CEY1 of inst u_top_yolo/u_layer1/genblk1.gen_pages[0].pe_inst.u_pe_page/pe_col_inst[0].u_pe_col/pe_inst[0].u_pe_3/N3) has been disconnected.
I: Const net (pin RSTY of inst u_top_yolo/u_layer1/genblk1.gen_pages[0].pe_inst.u_pe_page/pe_col_inst[0].u_pe_col/pe_inst[0].u_pe_3/N3) has been disconnected.
I: Const net (pin CEP of inst u_top_yolo/u_layer1/genblk1.gen_pages[0].pe_inst.u_pe_page/pe_col_inst[0].u_pe_col/pe_inst[0].u_pe_3/N3) has been disconnected.
I: Const net (pin RSTP of inst u_top_yolo/u_layer1/genblk1.gen_pages[0].pe_inst.u_pe_page/pe_col_inst[0].u_pe_col/pe_inst[0].u_pe_3/N3) has been disconnected.
I: Const net (pin CEX1 of inst u_top_yolo/u_layer1/genblk1.gen_pages[0].pe_inst.u_pe_page/pe_col_inst[0].u_pe_col/pe_inst[0].u_pe_4/N3) has been disconnected.
I: Const net (pin RSTX of inst u_top_yolo/u_layer1/genblk1.gen_pages[0].pe_inst.u_pe_page/pe_col_inst[0].u_pe_col/pe_inst[0].u_pe_4/N3) has been disconnected.
I: Const net (pin CEY1 of inst u_top_yolo/u_layer1/genblk1.gen_pages[0].pe_inst.u_pe_page/pe_col_inst[0].u_pe_col/pe_inst[0].u_pe_4/N3) has been disconnected.
I: Const net (pin RSTY of inst u_top_yolo/u_layer1/genblk1.gen_pages[0].pe_inst.u_pe_page/pe_col_inst[0].u_pe_col/pe_inst[0].u_pe_4/N3) has been disconnected.
I: Const net (pin CEP of inst u_top_yolo/u_layer1/genblk1.gen_pages[0].pe_inst.u_pe_page/pe_col_inst[0].u_pe_col/pe_inst[0].u_pe_4/N3) has been disconnected.
I: Const net (pin RSTP of inst u_top_yolo/u_layer1/genblk1.gen_pages[0].pe_inst.u_pe_page/pe_col_inst[0].u_pe_col/pe_inst[0].u_pe_4/N3) has been disconnected.
I: Const net (pin CEX1 of inst u_top_yolo/u_layer1/genblk1.gen_pages[0].pe_inst.u_pe_page/pe_col_inst[0].u_pe_col/pe_inst[0].u_pe_5/N3) has been disconnected.
I: Const net (pin RSTX of inst u_top_yolo/u_layer1/genblk1.gen_pages[0].pe_inst.u_pe_page/pe_col_inst[0].u_pe_col/pe_inst[0].u_pe_5/N3) has been disconnected.
I: Const net (pin CEY1 of inst u_top_yolo/u_layer1/genblk1.gen_pages[0].pe_inst.u_pe_page/pe_col_inst[0].u_pe_col/pe_inst[0].u_pe_5/N3) has been disconnected.
I: Const net (pin RSTY of inst u_top_yolo/u_layer1/genblk1.gen_pages[0].pe_inst.u_pe_page/pe_col_inst[0].u_pe_col/pe_inst[0].u_pe_5/N3) has been disconnected.
I: Const net (pin CEP of inst u_top_yolo/u_layer1/genblk1.gen_pages[0].pe_inst.u_pe_page/pe_col_inst[0].u_pe_col/pe_inst[0].u_pe_5/N3) has been disconnected.
I: Const net (pin RSTP of inst u_top_yolo/u_layer1/genblk1.gen_pages[0].pe_inst.u_pe_page/pe_col_inst[0].u_pe_col/pe_inst[0].u_pe_5/N3) has been disconnected.
I: Const net (pin CEX1 of inst u_top_yolo/u_layer1/genblk1.gen_pages[0].pe_inst.u_pe_page/pe_col_inst[0].u_pe_col/pe_inst[0].u_pe_6/N3) has been disconnected.
I: Const net (pin RSTX of inst u_top_yolo/u_layer1/genblk1.gen_pages[0].pe_inst.u_pe_page/pe_col_inst[0].u_pe_col/pe_inst[0].u_pe_6/N3) has been disconnected.
I: Const net (pin CEY1 of inst u_top_yolo/u_layer1/genblk1.gen_pages[0].pe_inst.u_pe_page/pe_col_inst[0].u_pe_col/pe_inst[0].u_pe_6/N3) has been disconnected.
I: Const net (pin RSTY of inst u_top_yolo/u_layer1/genblk1.gen_pages[0].pe_inst.u_pe_page/pe_col_inst[0].u_pe_col/pe_inst[0].u_pe_6/N3) has been disconnected.
I: Const net (pin CEP of inst u_top_yolo/u_layer1/genblk1.gen_pages[0].pe_inst.u_pe_page/pe_col_inst[0].u_pe_col/pe_inst[0].u_pe_6/N3) has been disconnected.
I: Const net (pin RSTP of inst u_top_yolo/u_layer1/genblk1.gen_pages[0].pe_inst.u_pe_page/pe_col_inst[0].u_pe_col/pe_inst[0].u_pe_6/N3) has been disconnected.
I: Const net (pin CEX1 of inst u_top_yolo/u_layer1/genblk1.gen_pages[0].pe_inst.u_pe_page/pe_col_inst[0].u_pe_col/pe_inst[0].u_pe_7/N3) has been disconnected.
I: Const net (pin RSTX of inst u_top_yolo/u_layer1/genblk1.gen_pages[0].pe_inst.u_pe_page/pe_col_inst[0].u_pe_col/pe_inst[0].u_pe_7/N3) has been disconnected.
I: Const net (pin CEY1 of inst u_top_yolo/u_layer1/genblk1.gen_pages[0].pe_inst.u_pe_page/pe_col_inst[0].u_pe_col/pe_inst[0].u_pe_7/N3) has been disconnected.
I: Const net (pin RSTY of inst u_top_yolo/u_layer1/genblk1.gen_pages[0].pe_inst.u_pe_page/pe_col_inst[0].u_pe_col/pe_inst[0].u_pe_7/N3) has been disconnected.
I: Const net (pin CEP of inst u_top_yolo/u_layer1/genblk1.gen_pages[0].pe_inst.u_pe_page/pe_col_inst[0].u_pe_col/pe_inst[0].u_pe_7/N3) has been disconnected.
I: Const net (pin RSTP of inst u_top_yolo/u_layer1/genblk1.gen_pages[0].pe_inst.u_pe_page/pe_col_inst[0].u_pe_col/pe_inst[0].u_pe_7/N3) has been disconnected.
I: Const net (pin CEX1 of inst u_top_yolo/u_layer1/genblk1.gen_pages[0].pe_inst.u_pe_page/pe_col_inst[0].u_pe_col/pe_inst[0].u_pe_8/N3) has been disconnected.
I: Const net (pin RSTX of inst u_top_yolo/u_layer1/genblk1.gen_pages[0].pe_inst.u_pe_page/pe_col_inst[0].u_pe_col/pe_inst[0].u_pe_8/N3) has been disconnected.
I: Const net (pin CEY1 of inst u_top_yolo/u_layer1/genblk1.gen_pages[0].pe_inst.u_pe_page/pe_col_inst[0].u_pe_col/pe_inst[0].u_pe_8/N3) has been disconnected.
I: Const net (pin RSTY of inst u_top_yolo/u_layer1/genblk1.gen_pages[0].pe_inst.u_pe_page/pe_col_inst[0].u_pe_col/pe_inst[0].u_pe_8/N3) has been disconnected.
I: Const net (pin CEP of inst u_top_yolo/u_layer1/genblk1.gen_pages[0].pe_inst.u_pe_page/pe_col_inst[0].u_pe_col/pe_inst[0].u_pe_8/N3) has been disconnected.
I: Const net (pin RSTP of inst u_top_yolo/u_layer1/genblk1.gen_pages[0].pe_inst.u_pe_page/pe_col_inst[0].u_pe_col/pe_inst[0].u_pe_8/N3) has been disconnected.
I: Const net (pin CEX1 of inst u_top_yolo/u_layer1/genblk1.gen_pages[0].pe_inst.u_pe_page/pe_col_inst[1].u_pe_col/pe_inst[0].u_pe/N3) has been disconnected.
I: Const net (pin RSTX of inst u_top_yolo/u_layer1/genblk1.gen_pages[0].pe_inst.u_pe_page/pe_col_inst[1].u_pe_col/pe_inst[0].u_pe/N3) has been disconnected.
I: Const net (pin CEY1 of inst u_top_yolo/u_layer1/genblk1.gen_pages[0].pe_inst.u_pe_page/pe_col_inst[1].u_pe_col/pe_inst[0].u_pe/N3) has been disconnected.
I: Const net (pin RSTY of inst u_top_yolo/u_layer1/genblk1.gen_pages[0].pe_inst.u_pe_page/pe_col_inst[1].u_pe_col/pe_inst[0].u_pe/N3) has been disconnected.
I: Const net (pin CEP of inst u_top_yolo/u_layer1/genblk1.gen_pages[0].pe_inst.u_pe_page/pe_col_inst[1].u_pe_col/pe_inst[0].u_pe/N3) has been disconnected.
I: Const net (pin RSTP of inst u_top_yolo/u_layer1/genblk1.gen_pages[0].pe_inst.u_pe_page/pe_col_inst[1].u_pe_col/pe_inst[0].u_pe/N3) has been disconnected.
I: Const net (pin CEX1 of inst u_top_yolo/u_layer1/genblk1.gen_pages[0].pe_inst.u_pe_page/pe_col_inst[1].u_pe_col/pe_inst[0].u_pe_1/N3) has been disconnected.
I: Const net (pin RSTX of inst u_top_yolo/u_layer1/genblk1.gen_pages[0].pe_inst.u_pe_page/pe_col_inst[1].u_pe_col/pe_inst[0].u_pe_1/N3) has been disconnected.
I: Const net (pin CEY1 of inst u_top_yolo/u_layer1/genblk1.gen_pages[0].pe_inst.u_pe_page/pe_col_inst[1].u_pe_col/pe_inst[0].u_pe_1/N3) has been disconnected.
I: Const net (pin RSTY of inst u_top_yolo/u_layer1/genblk1.gen_pages[0].pe_inst.u_pe_page/pe_col_inst[1].u_pe_col/pe_inst[0].u_pe_1/N3) has been disconnected.
I: Const net (pin CEP of inst u_top_yolo/u_layer1/genblk1.gen_pages[0].pe_inst.u_pe_page/pe_col_inst[1].u_pe_col/pe_inst[0].u_pe_1/N3) has been disconnected.
I: Const net (pin RSTP of inst u_top_yolo/u_layer1/genblk1.gen_pages[0].pe_inst.u_pe_page/pe_col_inst[1].u_pe_col/pe_inst[0].u_pe_1/N3) has been disconnected.
I: Const net (pin CEX1 of inst u_top_yolo/u_layer1/genblk1.gen_pages[0].pe_inst.u_pe_page/pe_col_inst[1].u_pe_col/pe_inst[0].u_pe_2/N3) has been disconnected.
I: Const net (pin RSTX of inst u_top_yolo/u_layer1/genblk1.gen_pages[0].pe_inst.u_pe_page/pe_col_inst[1].u_pe_col/pe_inst[0].u_pe_2/N3) has been disconnected.
I: Const net (pin CEY1 of inst u_top_yolo/u_layer1/genblk1.gen_pages[0].pe_inst.u_pe_page/pe_col_inst[1].u_pe_col/pe_inst[0].u_pe_2/N3) has been disconnected.
I: Const net (pin RSTY of inst u_top_yolo/u_layer1/genblk1.gen_pages[0].pe_inst.u_pe_page/pe_col_inst[1].u_pe_col/pe_inst[0].u_pe_2/N3) has been disconnected.
I: Const net (pin CEP of inst u_top_yolo/u_layer1/genblk1.gen_pages[0].pe_inst.u_pe_page/pe_col_inst[1].u_pe_col/pe_inst[0].u_pe_2/N3) has been disconnected.
I: Const net (pin RSTP of inst u_top_yolo/u_layer1/genblk1.gen_pages[0].pe_inst.u_pe_page/pe_col_inst[1].u_pe_col/pe_inst[0].u_pe_2/N3) has been disconnected.
I: Const net (pin CEX1 of inst u_top_yolo/u_layer1/genblk1.gen_pages[0].pe_inst.u_pe_page/pe_col_inst[1].u_pe_col/pe_inst[0].u_pe_3/N3) has been disconnected.
I: Const net (pin RSTX of inst u_top_yolo/u_layer1/genblk1.gen_pages[0].pe_inst.u_pe_page/pe_col_inst[1].u_pe_col/pe_inst[0].u_pe_3/N3) has been disconnected.
I: Const net (pin CEY1 of inst u_top_yolo/u_layer1/genblk1.gen_pages[0].pe_inst.u_pe_page/pe_col_inst[1].u_pe_col/pe_inst[0].u_pe_3/N3) has been disconnected.
I: Const net (pin RSTY of inst u_top_yolo/u_layer1/genblk1.gen_pages[0].pe_inst.u_pe_page/pe_col_inst[1].u_pe_col/pe_inst[0].u_pe_3/N3) has been disconnected.
I: Const net (pin CEP of inst u_top_yolo/u_layer1/genblk1.gen_pages[0].pe_inst.u_pe_page/pe_col_inst[1].u_pe_col/pe_inst[0].u_pe_3/N3) has been disconnected.
I: Const net (pin RSTP of inst u_top_yolo/u_layer1/genblk1.gen_pages[0].pe_inst.u_pe_page/pe_col_inst[1].u_pe_col/pe_inst[0].u_pe_3/N3) has been disconnected.
I: Const net (pin CEX1 of inst u_top_yolo/u_layer1/genblk1.gen_pages[0].pe_inst.u_pe_page/pe_col_inst[1].u_pe_col/pe_inst[0].u_pe_4/N3) has been disconnected.
I: Const net (pin RSTX of inst u_top_yolo/u_layer1/genblk1.gen_pages[0].pe_inst.u_pe_page/pe_col_inst[1].u_pe_col/pe_inst[0].u_pe_4/N3) has been disconnected.
I: Const net (pin CEY1 of inst u_top_yolo/u_layer1/genblk1.gen_pages[0].pe_inst.u_pe_page/pe_col_inst[1].u_pe_col/pe_inst[0].u_pe_4/N3) has been disconnected.
I: Const net (pin RSTY of inst u_top_yolo/u_layer1/genblk1.gen_pages[0].pe_inst.u_pe_page/pe_col_inst[1].u_pe_col/pe_inst[0].u_pe_4/N3) has been disconnected.
I: Const net (pin CEP of inst u_top_yolo/u_layer1/genblk1.gen_pages[0].pe_inst.u_pe_page/pe_col_inst[1].u_pe_col/pe_inst[0].u_pe_4/N3) has been disconnected.
I: Const net (pin RSTP of inst u_top_yolo/u_layer1/genblk1.gen_pages[0].pe_inst.u_pe_page/pe_col_inst[1].u_pe_col/pe_inst[0].u_pe_4/N3) has been disconnected.
I: Const net (pin CEX1 of inst u_top_yolo/u_layer1/genblk1.gen_pages[0].pe_inst.u_pe_page/pe_col_inst[1].u_pe_col/pe_inst[0].u_pe_5/N3) has been disconnected.
I: Const net (pin RSTX of inst u_top_yolo/u_layer1/genblk1.gen_pages[0].pe_inst.u_pe_page/pe_col_inst[1].u_pe_col/pe_inst[0].u_pe_5/N3) has been disconnected.
I: Const net (pin CEY1 of inst u_top_yolo/u_layer1/genblk1.gen_pages[0].pe_inst.u_pe_page/pe_col_inst[1].u_pe_col/pe_inst[0].u_pe_5/N3) has been disconnected.
I: Const net (pin RSTY of inst u_top_yolo/u_layer1/genblk1.gen_pages[0].pe_inst.u_pe_page/pe_col_inst[1].u_pe_col/pe_inst[0].u_pe_5/N3) has been disconnected.
I: Const net (pin CEP of inst u_top_yolo/u_layer1/genblk1.gen_pages[0].pe_inst.u_pe_page/pe_col_inst[1].u_pe_col/pe_inst[0].u_pe_5/N3) has been disconnected.
I: Const net (pin RSTP of inst u_top_yolo/u_layer1/genblk1.gen_pages[0].pe_inst.u_pe_page/pe_col_inst[1].u_pe_col/pe_inst[0].u_pe_5/N3) has been disconnected.
I: Const net (pin CEX1 of inst u_top_yolo/u_layer1/genblk1.gen_pages[0].pe_inst.u_pe_page/pe_col_inst[1].u_pe_col/pe_inst[0].u_pe_6/N3) has been disconnected.
I: Const net (pin RSTX of inst u_top_yolo/u_layer1/genblk1.gen_pages[0].pe_inst.u_pe_page/pe_col_inst[1].u_pe_col/pe_inst[0].u_pe_6/N3) has been disconnected.
I: Const net (pin CEY1 of inst u_top_yolo/u_layer1/genblk1.gen_pages[0].pe_inst.u_pe_page/pe_col_inst[1].u_pe_col/pe_inst[0].u_pe_6/N3) has been disconnected.
I: Const net (pin RSTY of inst u_top_yolo/u_layer1/genblk1.gen_pages[0].pe_inst.u_pe_page/pe_col_inst[1].u_pe_col/pe_inst[0].u_pe_6/N3) has been disconnected.
I: Const net (pin CEP of inst u_top_yolo/u_layer1/genblk1.gen_pages[0].pe_inst.u_pe_page/pe_col_inst[1].u_pe_col/pe_inst[0].u_pe_6/N3) has been disconnected.
I: Const net (pin RSTP of inst u_top_yolo/u_layer1/genblk1.gen_pages[0].pe_inst.u_pe_page/pe_col_inst[1].u_pe_col/pe_inst[0].u_pe_6/N3) has been disconnected.
I: Const net (pin CEX1 of inst u_top_yolo/u_layer1/genblk1.gen_pages[0].pe_inst.u_pe_page/pe_col_inst[1].u_pe_col/pe_inst[0].u_pe_7/N3) has been disconnected.
I: Const net (pin RSTX of inst u_top_yolo/u_layer1/genblk1.gen_pages[0].pe_inst.u_pe_page/pe_col_inst[1].u_pe_col/pe_inst[0].u_pe_7/N3) has been disconnected.
I: Const net (pin CEY1 of inst u_top_yolo/u_layer1/genblk1.gen_pages[0].pe_inst.u_pe_page/pe_col_inst[1].u_pe_col/pe_inst[0].u_pe_7/N3) has been disconnected.
I: Const net (pin RSTY of inst u_top_yolo/u_layer1/genblk1.gen_pages[0].pe_inst.u_pe_page/pe_col_inst[1].u_pe_col/pe_inst[0].u_pe_7/N3) has been disconnected.
I: Const net (pin CEP of inst u_top_yolo/u_layer1/genblk1.gen_pages[0].pe_inst.u_pe_page/pe_col_inst[1].u_pe_col/pe_inst[0].u_pe_7/N3) has been disconnected.
I: Const net (pin RSTP of inst u_top_yolo/u_layer1/genblk1.gen_pages[0].pe_inst.u_pe_page/pe_col_inst[1].u_pe_col/pe_inst[0].u_pe_7/N3) has been disconnected.
I: Const net (pin CEX1 of inst u_top_yolo/u_layer1/genblk1.gen_pages[0].pe_inst.u_pe_page/pe_col_inst[1].u_pe_col/pe_inst[0].u_pe_8/N3) has been disconnected.
I: Const net (pin RSTX of inst u_top_yolo/u_layer1/genblk1.gen_pages[0].pe_inst.u_pe_page/pe_col_inst[1].u_pe_col/pe_inst[0].u_pe_8/N3) has been disconnected.
I: Const net (pin CEY1 of inst u_top_yolo/u_layer1/genblk1.gen_pages[0].pe_inst.u_pe_page/pe_col_inst[1].u_pe_col/pe_inst[0].u_pe_8/N3) has been disconnected.
I: Const net (pin RSTY of inst u_top_yolo/u_layer1/genblk1.gen_pages[0].pe_inst.u_pe_page/pe_col_inst[1].u_pe_col/pe_inst[0].u_pe_8/N3) has been disconnected.
I: Const net (pin CEP of inst u_top_yolo/u_layer1/genblk1.gen_pages[0].pe_inst.u_pe_page/pe_col_inst[1].u_pe_col/pe_inst[0].u_pe_8/N3) has been disconnected.
I: Const net (pin RSTP of inst u_top_yolo/u_layer1/genblk1.gen_pages[0].pe_inst.u_pe_page/pe_col_inst[1].u_pe_col/pe_inst[0].u_pe_8/N3) has been disconnected.
I: Const net (pin CEX1 of inst u_top_yolo/u_layer1/genblk1.gen_pages[0].pe_inst.u_pe_page/pe_col_inst[2].u_pe_col/pe_inst[0].u_pe/N3) has been disconnected.
I: Const net (pin RSTX of inst u_top_yolo/u_layer1/genblk1.gen_pages[0].pe_inst.u_pe_page/pe_col_inst[2].u_pe_col/pe_inst[0].u_pe/N3) has been disconnected.
I: Const net (pin CEY1 of inst u_top_yolo/u_layer1/genblk1.gen_pages[0].pe_inst.u_pe_page/pe_col_inst[2].u_pe_col/pe_inst[0].u_pe/N3) has been disconnected.
I: Const net (pin RSTY of inst u_top_yolo/u_layer1/genblk1.gen_pages[0].pe_inst.u_pe_page/pe_col_inst[2].u_pe_col/pe_inst[0].u_pe/N3) has been disconnected.
I: Const net (pin CEP of inst u_top_yolo/u_layer1/genblk1.gen_pages[0].pe_inst.u_pe_page/pe_col_inst[2].u_pe_col/pe_inst[0].u_pe/N3) has been disconnected.
I: Const net (pin RSTP of inst u_top_yolo/u_layer1/genblk1.gen_pages[0].pe_inst.u_pe_page/pe_col_inst[2].u_pe_col/pe_inst[0].u_pe/N3) has been disconnected.
I: Const net (pin CEX1 of inst u_top_yolo/u_layer1/genblk1.gen_pages[0].pe_inst.u_pe_page/pe_col_inst[2].u_pe_col/pe_inst[0].u_pe_1/N3) has been disconnected.
I: Const net (pin RSTX of inst u_top_yolo/u_layer1/genblk1.gen_pages[0].pe_inst.u_pe_page/pe_col_inst[2].u_pe_col/pe_inst[0].u_pe_1/N3) has been disconnected.
I: Const net (pin CEY1 of inst u_top_yolo/u_layer1/genblk1.gen_pages[0].pe_inst.u_pe_page/pe_col_inst[2].u_pe_col/pe_inst[0].u_pe_1/N3) has been disconnected.
I: Const net (pin RSTY of inst u_top_yolo/u_layer1/genblk1.gen_pages[0].pe_inst.u_pe_page/pe_col_inst[2].u_pe_col/pe_inst[0].u_pe_1/N3) has been disconnected.
I: Const net (pin CEP of inst u_top_yolo/u_layer1/genblk1.gen_pages[0].pe_inst.u_pe_page/pe_col_inst[2].u_pe_col/pe_inst[0].u_pe_1/N3) has been disconnected.
I: Const net (pin RSTP of inst u_top_yolo/u_layer1/genblk1.gen_pages[0].pe_inst.u_pe_page/pe_col_inst[2].u_pe_col/pe_inst[0].u_pe_1/N3) has been disconnected.
I: Const net (pin CEX1 of inst u_top_yolo/u_layer1/genblk1.gen_pages[0].pe_inst.u_pe_page/pe_col_inst[2].u_pe_col/pe_inst[0].u_pe_2/N3) has been disconnected.
I: Const net (pin RSTX of inst u_top_yolo/u_layer1/genblk1.gen_pages[0].pe_inst.u_pe_page/pe_col_inst[2].u_pe_col/pe_inst[0].u_pe_2/N3) has been disconnected.
I: Const net (pin CEY1 of inst u_top_yolo/u_layer1/genblk1.gen_pages[0].pe_inst.u_pe_page/pe_col_inst[2].u_pe_col/pe_inst[0].u_pe_2/N3) has been disconnected.
I: Const net (pin RSTY of inst u_top_yolo/u_layer1/genblk1.gen_pages[0].pe_inst.u_pe_page/pe_col_inst[2].u_pe_col/pe_inst[0].u_pe_2/N3) has been disconnected.
I: Const net (pin CEP of inst u_top_yolo/u_layer1/genblk1.gen_pages[0].pe_inst.u_pe_page/pe_col_inst[2].u_pe_col/pe_inst[0].u_pe_2/N3) has been disconnected.
I: Const net (pin RSTP of inst u_top_yolo/u_layer1/genblk1.gen_pages[0].pe_inst.u_pe_page/pe_col_inst[2].u_pe_col/pe_inst[0].u_pe_2/N3) has been disconnected.
I: Const net (pin CEX1 of inst u_top_yolo/u_layer1/genblk1.gen_pages[0].pe_inst.u_pe_page/pe_col_inst[2].u_pe_col/pe_inst[0].u_pe_3/N3) has been disconnected.
I: Const net (pin RSTX of inst u_top_yolo/u_layer1/genblk1.gen_pages[0].pe_inst.u_pe_page/pe_col_inst[2].u_pe_col/pe_inst[0].u_pe_3/N3) has been disconnected.
I: Const net (pin CEY1 of inst u_top_yolo/u_layer1/genblk1.gen_pages[0].pe_inst.u_pe_page/pe_col_inst[2].u_pe_col/pe_inst[0].u_pe_3/N3) has been disconnected.
I: Const net (pin RSTY of inst u_top_yolo/u_layer1/genblk1.gen_pages[0].pe_inst.u_pe_page/pe_col_inst[2].u_pe_col/pe_inst[0].u_pe_3/N3) has been disconnected.
I: Const net (pin CEP of inst u_top_yolo/u_layer1/genblk1.gen_pages[0].pe_inst.u_pe_page/pe_col_inst[2].u_pe_col/pe_inst[0].u_pe_3/N3) has been disconnected.
I: Const net (pin RSTP of inst u_top_yolo/u_layer1/genblk1.gen_pages[0].pe_inst.u_pe_page/pe_col_inst[2].u_pe_col/pe_inst[0].u_pe_3/N3) has been disconnected.
I: Const net (pin CEX1 of inst u_top_yolo/u_layer1/genblk1.gen_pages[0].pe_inst.u_pe_page/pe_col_inst[2].u_pe_col/pe_inst[0].u_pe_4/N3) has been disconnected.
I: Const net (pin RSTX of inst u_top_yolo/u_layer1/genblk1.gen_pages[0].pe_inst.u_pe_page/pe_col_inst[2].u_pe_col/pe_inst[0].u_pe_4/N3) has been disconnected.
I: Const net (pin CEY1 of inst u_top_yolo/u_layer1/genblk1.gen_pages[0].pe_inst.u_pe_page/pe_col_inst[2].u_pe_col/pe_inst[0].u_pe_4/N3) has been disconnected.
I: Const net (pin RSTY of inst u_top_yolo/u_layer1/genblk1.gen_pages[0].pe_inst.u_pe_page/pe_col_inst[2].u_pe_col/pe_inst[0].u_pe_4/N3) has been disconnected.
I: Const net (pin CEP of inst u_top_yolo/u_layer1/genblk1.gen_pages[0].pe_inst.u_pe_page/pe_col_inst[2].u_pe_col/pe_inst[0].u_pe_4/N3) has been disconnected.
I: Const net (pin RSTP of inst u_top_yolo/u_layer1/genblk1.gen_pages[0].pe_inst.u_pe_page/pe_col_inst[2].u_pe_col/pe_inst[0].u_pe_4/N3) has been disconnected.
I: Const net (pin CEX1 of inst u_top_yolo/u_layer1/genblk1.gen_pages[0].pe_inst.u_pe_page/pe_col_inst[2].u_pe_col/pe_inst[0].u_pe_5/N3) has been disconnected.
I: Const net (pin RSTX of inst u_top_yolo/u_layer1/genblk1.gen_pages[0].pe_inst.u_pe_page/pe_col_inst[2].u_pe_col/pe_inst[0].u_pe_5/N3) has been disconnected.
I: Const net (pin CEY1 of inst u_top_yolo/u_layer1/genblk1.gen_pages[0].pe_inst.u_pe_page/pe_col_inst[2].u_pe_col/pe_inst[0].u_pe_5/N3) has been disconnected.
I: Const net (pin RSTY of inst u_top_yolo/u_layer1/genblk1.gen_pages[0].pe_inst.u_pe_page/pe_col_inst[2].u_pe_col/pe_inst[0].u_pe_5/N3) has been disconnected.
I: Const net (pin CEP of inst u_top_yolo/u_layer1/genblk1.gen_pages[0].pe_inst.u_pe_page/pe_col_inst[2].u_pe_col/pe_inst[0].u_pe_5/N3) has been disconnected.
I: Const net (pin RSTP of inst u_top_yolo/u_layer1/genblk1.gen_pages[0].pe_inst.u_pe_page/pe_col_inst[2].u_pe_col/pe_inst[0].u_pe_5/N3) has been disconnected.
I: Const net (pin CEX1 of inst u_top_yolo/u_layer1/genblk1.gen_pages[0].pe_inst.u_pe_page/pe_col_inst[2].u_pe_col/pe_inst[0].u_pe_6/N3) has been disconnected.
I: Const net (pin RSTX of inst u_top_yolo/u_layer1/genblk1.gen_pages[0].pe_inst.u_pe_page/pe_col_inst[2].u_pe_col/pe_inst[0].u_pe_6/N3) has been disconnected.
I: Const net (pin CEY1 of inst u_top_yolo/u_layer1/genblk1.gen_pages[0].pe_inst.u_pe_page/pe_col_inst[2].u_pe_col/pe_inst[0].u_pe_6/N3) has been disconnected.
I: Const net (pin RSTY of inst u_top_yolo/u_layer1/genblk1.gen_pages[0].pe_inst.u_pe_page/pe_col_inst[2].u_pe_col/pe_inst[0].u_pe_6/N3) has been disconnected.
I: Const net (pin CEP of inst u_top_yolo/u_layer1/genblk1.gen_pages[0].pe_inst.u_pe_page/pe_col_inst[2].u_pe_col/pe_inst[0].u_pe_6/N3) has been disconnected.
I: Const net (pin RSTP of inst u_top_yolo/u_layer1/genblk1.gen_pages[0].pe_inst.u_pe_page/pe_col_inst[2].u_pe_col/pe_inst[0].u_pe_6/N3) has been disconnected.
I: Const net (pin CEX1 of inst u_top_yolo/u_layer1/genblk1.gen_pages[0].pe_inst.u_pe_page/pe_col_inst[2].u_pe_col/pe_inst[0].u_pe_7/N3) has been disconnected.
I: Const net (pin RSTX of inst u_top_yolo/u_layer1/genblk1.gen_pages[0].pe_inst.u_pe_page/pe_col_inst[2].u_pe_col/pe_inst[0].u_pe_7/N3) has been disconnected.
I: Const net (pin CEY1 of inst u_top_yolo/u_layer1/genblk1.gen_pages[0].pe_inst.u_pe_page/pe_col_inst[2].u_pe_col/pe_inst[0].u_pe_7/N3) has been disconnected.
I: Const net (pin RSTY of inst u_top_yolo/u_layer1/genblk1.gen_pages[0].pe_inst.u_pe_page/pe_col_inst[2].u_pe_col/pe_inst[0].u_pe_7/N3) has been disconnected.
I: Const net (pin CEP of inst u_top_yolo/u_layer1/genblk1.gen_pages[0].pe_inst.u_pe_page/pe_col_inst[2].u_pe_col/pe_inst[0].u_pe_7/N3) has been disconnected.
I: Const net (pin RSTP of inst u_top_yolo/u_layer1/genblk1.gen_pages[0].pe_inst.u_pe_page/pe_col_inst[2].u_pe_col/pe_inst[0].u_pe_7/N3) has been disconnected.
I: Const net (pin CEX1 of inst u_top_yolo/u_layer1/genblk1.gen_pages[0].pe_inst.u_pe_page/pe_col_inst[2].u_pe_col/pe_inst[0].u_pe_8/N3) has been disconnected.
I: Const net (pin RSTX of inst u_top_yolo/u_layer1/genblk1.gen_pages[0].pe_inst.u_pe_page/pe_col_inst[2].u_pe_col/pe_inst[0].u_pe_8/N3) has been disconnected.
I: Const net (pin CEY1 of inst u_top_yolo/u_layer1/genblk1.gen_pages[0].pe_inst.u_pe_page/pe_col_inst[2].u_pe_col/pe_inst[0].u_pe_8/N3) has been disconnected.
I: Const net (pin RSTY of inst u_top_yolo/u_layer1/genblk1.gen_pages[0].pe_inst.u_pe_page/pe_col_inst[2].u_pe_col/pe_inst[0].u_pe_8/N3) has been disconnected.
I: Const net (pin CEP of inst u_top_yolo/u_layer1/genblk1.gen_pages[0].pe_inst.u_pe_page/pe_col_inst[2].u_pe_col/pe_inst[0].u_pe_8/N3) has been disconnected.
I: Const net (pin RSTP of inst u_top_yolo/u_layer1/genblk1.gen_pages[0].pe_inst.u_pe_page/pe_col_inst[2].u_pe_col/pe_inst[0].u_pe_8/N3) has been disconnected.
I: Const net (pin CEX1 of inst u_top_yolo/u_layer1/genblk1.gen_pages[0].pe_inst.u_pe_page/pe_col_inst[3].u_pe_col/pe_inst[0].u_pe/N3) has been disconnected.
I: Const net (pin RSTX of inst u_top_yolo/u_layer1/genblk1.gen_pages[0].pe_inst.u_pe_page/pe_col_inst[3].u_pe_col/pe_inst[0].u_pe/N3) has been disconnected.
I: Const net (pin CEY1 of inst u_top_yolo/u_layer1/genblk1.gen_pages[0].pe_inst.u_pe_page/pe_col_inst[3].u_pe_col/pe_inst[0].u_pe/N3) has been disconnected.
I: Const net (pin RSTY of inst u_top_yolo/u_layer1/genblk1.gen_pages[0].pe_inst.u_pe_page/pe_col_inst[3].u_pe_col/pe_inst[0].u_pe/N3) has been disconnected.
I: Const net (pin CEP of inst u_top_yolo/u_layer1/genblk1.gen_pages[0].pe_inst.u_pe_page/pe_col_inst[3].u_pe_col/pe_inst[0].u_pe/N3) has been disconnected.
I: Const net (pin RSTP of inst u_top_yolo/u_layer1/genblk1.gen_pages[0].pe_inst.u_pe_page/pe_col_inst[3].u_pe_col/pe_inst[0].u_pe/N3) has been disconnected.
I: Const net (pin CEX1 of inst u_top_yolo/u_layer1/genblk1.gen_pages[0].pe_inst.u_pe_page/pe_col_inst[3].u_pe_col/pe_inst[0].u_pe_1/N3) has been disconnected.
I: Const net (pin RSTX of inst u_top_yolo/u_layer1/genblk1.gen_pages[0].pe_inst.u_pe_page/pe_col_inst[3].u_pe_col/pe_inst[0].u_pe_1/N3) has been disconnected.
I: Const net (pin CEY1 of inst u_top_yolo/u_layer1/genblk1.gen_pages[0].pe_inst.u_pe_page/pe_col_inst[3].u_pe_col/pe_inst[0].u_pe_1/N3) has been disconnected.
I: Const net (pin RSTY of inst u_top_yolo/u_layer1/genblk1.gen_pages[0].pe_inst.u_pe_page/pe_col_inst[3].u_pe_col/pe_inst[0].u_pe_1/N3) has been disconnected.
I: Const net (pin CEP of inst u_top_yolo/u_layer1/genblk1.gen_pages[0].pe_inst.u_pe_page/pe_col_inst[3].u_pe_col/pe_inst[0].u_pe_1/N3) has been disconnected.
I: Const net (pin RSTP of inst u_top_yolo/u_layer1/genblk1.gen_pages[0].pe_inst.u_pe_page/pe_col_inst[3].u_pe_col/pe_inst[0].u_pe_1/N3) has been disconnected.
I: Const net (pin CEX1 of inst u_top_yolo/u_layer1/genblk1.gen_pages[0].pe_inst.u_pe_page/pe_col_inst[3].u_pe_col/pe_inst[0].u_pe_2/N3) has been disconnected.
I: Const net (pin RSTX of inst u_top_yolo/u_layer1/genblk1.gen_pages[0].pe_inst.u_pe_page/pe_col_inst[3].u_pe_col/pe_inst[0].u_pe_2/N3) has been disconnected.
I: Const net (pin CEY1 of inst u_top_yolo/u_layer1/genblk1.gen_pages[0].pe_inst.u_pe_page/pe_col_inst[3].u_pe_col/pe_inst[0].u_pe_2/N3) has been disconnected.
I: Const net (pin RSTY of inst u_top_yolo/u_layer1/genblk1.gen_pages[0].pe_inst.u_pe_page/pe_col_inst[3].u_pe_col/pe_inst[0].u_pe_2/N3) has been disconnected.
I: Const net (pin CEP of inst u_top_yolo/u_layer1/genblk1.gen_pages[0].pe_inst.u_pe_page/pe_col_inst[3].u_pe_col/pe_inst[0].u_pe_2/N3) has been disconnected.
I: Const net (pin RSTP of inst u_top_yolo/u_layer1/genblk1.gen_pages[0].pe_inst.u_pe_page/pe_col_inst[3].u_pe_col/pe_inst[0].u_pe_2/N3) has been disconnected.
I: Const net (pin CEX1 of inst u_top_yolo/u_layer1/genblk1.gen_pages[0].pe_inst.u_pe_page/pe_col_inst[3].u_pe_col/pe_inst[0].u_pe_3/N3) has been disconnected.
I: Const net (pin RSTX of inst u_top_yolo/u_layer1/genblk1.gen_pages[0].pe_inst.u_pe_page/pe_col_inst[3].u_pe_col/pe_inst[0].u_pe_3/N3) has been disconnected.
I: Const net (pin CEY1 of inst u_top_yolo/u_layer1/genblk1.gen_pages[0].pe_inst.u_pe_page/pe_col_inst[3].u_pe_col/pe_inst[0].u_pe_3/N3) has been disconnected.
I: Const net (pin RSTY of inst u_top_yolo/u_layer1/genblk1.gen_pages[0].pe_inst.u_pe_page/pe_col_inst[3].u_pe_col/pe_inst[0].u_pe_3/N3) has been disconnected.
I: Const net (pin CEP of inst u_top_yolo/u_layer1/genblk1.gen_pages[0].pe_inst.u_pe_page/pe_col_inst[3].u_pe_col/pe_inst[0].u_pe_3/N3) has been disconnected.
I: Const net (pin RSTP of inst u_top_yolo/u_layer1/genblk1.gen_pages[0].pe_inst.u_pe_page/pe_col_inst[3].u_pe_col/pe_inst[0].u_pe_3/N3) has been disconnected.
I: Const net (pin CEX1 of inst u_top_yolo/u_layer1/genblk1.gen_pages[0].pe_inst.u_pe_page/pe_col_inst[3].u_pe_col/pe_inst[0].u_pe_4/N3) has been disconnected.
I: Const net (pin RSTX of inst u_top_yolo/u_layer1/genblk1.gen_pages[0].pe_inst.u_pe_page/pe_col_inst[3].u_pe_col/pe_inst[0].u_pe_4/N3) has been disconnected.
I: Const net (pin CEY1 of inst u_top_yolo/u_layer1/genblk1.gen_pages[0].pe_inst.u_pe_page/pe_col_inst[3].u_pe_col/pe_inst[0].u_pe_4/N3) has been disconnected.
I: Const net (pin RSTY of inst u_top_yolo/u_layer1/genblk1.gen_pages[0].pe_inst.u_pe_page/pe_col_inst[3].u_pe_col/pe_inst[0].u_pe_4/N3) has been disconnected.
I: Const net (pin CEP of inst u_top_yolo/u_layer1/genblk1.gen_pages[0].pe_inst.u_pe_page/pe_col_inst[3].u_pe_col/pe_inst[0].u_pe_4/N3) has been disconnected.
I: Const net (pin RSTP of inst u_top_yolo/u_layer1/genblk1.gen_pages[0].pe_inst.u_pe_page/pe_col_inst[3].u_pe_col/pe_inst[0].u_pe_4/N3) has been disconnected.
I: Const net (pin CEX1 of inst u_top_yolo/u_layer1/genblk1.gen_pages[0].pe_inst.u_pe_page/pe_col_inst[3].u_pe_col/pe_inst[0].u_pe_5/N3) has been disconnected.
I: Const net (pin RSTX of inst u_top_yolo/u_layer1/genblk1.gen_pages[0].pe_inst.u_pe_page/pe_col_inst[3].u_pe_col/pe_inst[0].u_pe_5/N3) has been disconnected.
I: Const net (pin CEY1 of inst u_top_yolo/u_layer1/genblk1.gen_pages[0].pe_inst.u_pe_page/pe_col_inst[3].u_pe_col/pe_inst[0].u_pe_5/N3) has been disconnected.
I: Const net (pin RSTY of inst u_top_yolo/u_layer1/genblk1.gen_pages[0].pe_inst.u_pe_page/pe_col_inst[3].u_pe_col/pe_inst[0].u_pe_5/N3) has been disconnected.
I: Const net (pin CEP of inst u_top_yolo/u_layer1/genblk1.gen_pages[0].pe_inst.u_pe_page/pe_col_inst[3].u_pe_col/pe_inst[0].u_pe_5/N3) has been disconnected.
I: Const net (pin RSTP of inst u_top_yolo/u_layer1/genblk1.gen_pages[0].pe_inst.u_pe_page/pe_col_inst[3].u_pe_col/pe_inst[0].u_pe_5/N3) has been disconnected.
I: Const net (pin CEX1 of inst u_top_yolo/u_layer1/genblk1.gen_pages[0].pe_inst.u_pe_page/pe_col_inst[3].u_pe_col/pe_inst[0].u_pe_6/N3) has been disconnected.
I: Const net (pin RSTX of inst u_top_yolo/u_layer1/genblk1.gen_pages[0].pe_inst.u_pe_page/pe_col_inst[3].u_pe_col/pe_inst[0].u_pe_6/N3) has been disconnected.
I: Const net (pin CEY1 of inst u_top_yolo/u_layer1/genblk1.gen_pages[0].pe_inst.u_pe_page/pe_col_inst[3].u_pe_col/pe_inst[0].u_pe_6/N3) has been disconnected.
I: Const net (pin RSTY of inst u_top_yolo/u_layer1/genblk1.gen_pages[0].pe_inst.u_pe_page/pe_col_inst[3].u_pe_col/pe_inst[0].u_pe_6/N3) has been disconnected.
I: Const net (pin CEP of inst u_top_yolo/u_layer1/genblk1.gen_pages[0].pe_inst.u_pe_page/pe_col_inst[3].u_pe_col/pe_inst[0].u_pe_6/N3) has been disconnected.
I: Const net (pin RSTP of inst u_top_yolo/u_layer1/genblk1.gen_pages[0].pe_inst.u_pe_page/pe_col_inst[3].u_pe_col/pe_inst[0].u_pe_6/N3) has been disconnected.
I: Const net (pin CEX1 of inst u_top_yolo/u_layer1/genblk1.gen_pages[0].pe_inst.u_pe_page/pe_col_inst[3].u_pe_col/pe_inst[0].u_pe_7/N3) has been disconnected.
I: Const net (pin RSTX of inst u_top_yolo/u_layer1/genblk1.gen_pages[0].pe_inst.u_pe_page/pe_col_inst[3].u_pe_col/pe_inst[0].u_pe_7/N3) has been disconnected.
I: Const net (pin CEY1 of inst u_top_yolo/u_layer1/genblk1.gen_pages[0].pe_inst.u_pe_page/pe_col_inst[3].u_pe_col/pe_inst[0].u_pe_7/N3) has been disconnected.
I: Const net (pin RSTY of inst u_top_yolo/u_layer1/genblk1.gen_pages[0].pe_inst.u_pe_page/pe_col_inst[3].u_pe_col/pe_inst[0].u_pe_7/N3) has been disconnected.
I: Const net (pin CEP of inst u_top_yolo/u_layer1/genblk1.gen_pages[0].pe_inst.u_pe_page/pe_col_inst[3].u_pe_col/pe_inst[0].u_pe_7/N3) has been disconnected.
I: Const net (pin RSTP of inst u_top_yolo/u_layer1/genblk1.gen_pages[0].pe_inst.u_pe_page/pe_col_inst[3].u_pe_col/pe_inst[0].u_pe_7/N3) has been disconnected.
I: Const net (pin CEX1 of inst u_top_yolo/u_layer1/genblk1.gen_pages[0].pe_inst.u_pe_page/pe_col_inst[3].u_pe_col/pe_inst[0].u_pe_8/N3) has been disconnected.
I: Const net (pin RSTX of inst u_top_yolo/u_layer1/genblk1.gen_pages[0].pe_inst.u_pe_page/pe_col_inst[3].u_pe_col/pe_inst[0].u_pe_8/N3) has been disconnected.
I: Const net (pin CEY1 of inst u_top_yolo/u_layer1/genblk1.gen_pages[0].pe_inst.u_pe_page/pe_col_inst[3].u_pe_col/pe_inst[0].u_pe_8/N3) has been disconnected.
I: Const net (pin RSTY of inst u_top_yolo/u_layer1/genblk1.gen_pages[0].pe_inst.u_pe_page/pe_col_inst[3].u_pe_col/pe_inst[0].u_pe_8/N3) has been disconnected.
I: Const net (pin CEP of inst u_top_yolo/u_layer1/genblk1.gen_pages[0].pe_inst.u_pe_page/pe_col_inst[3].u_pe_col/pe_inst[0].u_pe_8/N3) has been disconnected.
I: Const net (pin RSTP of inst u_top_yolo/u_layer1/genblk1.gen_pages[0].pe_inst.u_pe_page/pe_col_inst[3].u_pe_col/pe_inst[0].u_pe_8/N3) has been disconnected.
I: Const net (pin CEX1 of inst u_top_yolo/u_layer2/genblk1.gen_pages[0].pe_inst.u_pe_page/pe_col_inst[0].u_pe_col/pe_inst[0].u_pe/N3) has been disconnected.
I: Const net (pin RSTX of inst u_top_yolo/u_layer2/genblk1.gen_pages[0].pe_inst.u_pe_page/pe_col_inst[0].u_pe_col/pe_inst[0].u_pe/N3) has been disconnected.
I: Const net (pin CEY1 of inst u_top_yolo/u_layer2/genblk1.gen_pages[0].pe_inst.u_pe_page/pe_col_inst[0].u_pe_col/pe_inst[0].u_pe/N3) has been disconnected.
I: Const net (pin RSTY of inst u_top_yolo/u_layer2/genblk1.gen_pages[0].pe_inst.u_pe_page/pe_col_inst[0].u_pe_col/pe_inst[0].u_pe/N3) has been disconnected.
I: Const net (pin CEP of inst u_top_yolo/u_layer2/genblk1.gen_pages[0].pe_inst.u_pe_page/pe_col_inst[0].u_pe_col/pe_inst[0].u_pe/N3) has been disconnected.
I: Const net (pin RSTP of inst u_top_yolo/u_layer2/genblk1.gen_pages[0].pe_inst.u_pe_page/pe_col_inst[0].u_pe_col/pe_inst[0].u_pe/N3) has been disconnected.
I: Const net (pin CEX1 of inst u_top_yolo/u_layer2/genblk1.gen_pages[0].pe_inst.u_pe_page/pe_col_inst[0].u_pe_col/pe_inst[0].u_pe_1/N3) has been disconnected.
I: Const net (pin RSTX of inst u_top_yolo/u_layer2/genblk1.gen_pages[0].pe_inst.u_pe_page/pe_col_inst[0].u_pe_col/pe_inst[0].u_pe_1/N3) has been disconnected.
I: Const net (pin CEY1 of inst u_top_yolo/u_layer2/genblk1.gen_pages[0].pe_inst.u_pe_page/pe_col_inst[0].u_pe_col/pe_inst[0].u_pe_1/N3) has been disconnected.
I: Const net (pin RSTY of inst u_top_yolo/u_layer2/genblk1.gen_pages[0].pe_inst.u_pe_page/pe_col_inst[0].u_pe_col/pe_inst[0].u_pe_1/N3) has been disconnected.
I: Const net (pin CEP of inst u_top_yolo/u_layer2/genblk1.gen_pages[0].pe_inst.u_pe_page/pe_col_inst[0].u_pe_col/pe_inst[0].u_pe_1/N3) has been disconnected.
I: Const net (pin RSTP of inst u_top_yolo/u_layer2/genblk1.gen_pages[0].pe_inst.u_pe_page/pe_col_inst[0].u_pe_col/pe_inst[0].u_pe_1/N3) has been disconnected.
I: Const net (pin CEX1 of inst u_top_yolo/u_layer2/genblk1.gen_pages[0].pe_inst.u_pe_page/pe_col_inst[0].u_pe_col/pe_inst[0].u_pe_2/N3) has been disconnected.
I: Const net (pin RSTX of inst u_top_yolo/u_layer2/genblk1.gen_pages[0].pe_inst.u_pe_page/pe_col_inst[0].u_pe_col/pe_inst[0].u_pe_2/N3) has been disconnected.
I: Const net (pin CEY1 of inst u_top_yolo/u_layer2/genblk1.gen_pages[0].pe_inst.u_pe_page/pe_col_inst[0].u_pe_col/pe_inst[0].u_pe_2/N3) has been disconnected.
I: Const net (pin RSTY of inst u_top_yolo/u_layer2/genblk1.gen_pages[0].pe_inst.u_pe_page/pe_col_inst[0].u_pe_col/pe_inst[0].u_pe_2/N3) has been disconnected.
I: Const net (pin CEP of inst u_top_yolo/u_layer2/genblk1.gen_pages[0].pe_inst.u_pe_page/pe_col_inst[0].u_pe_col/pe_inst[0].u_pe_2/N3) has been disconnected.
I: Const net (pin RSTP of inst u_top_yolo/u_layer2/genblk1.gen_pages[0].pe_inst.u_pe_page/pe_col_inst[0].u_pe_col/pe_inst[0].u_pe_2/N3) has been disconnected.
I: Const net (pin CEX1 of inst u_top_yolo/u_layer2/genblk1.gen_pages[0].pe_inst.u_pe_page/pe_col_inst[0].u_pe_col/pe_inst[0].u_pe_3/N3) has been disconnected.
I: Const net (pin RSTX of inst u_top_yolo/u_layer2/genblk1.gen_pages[0].pe_inst.u_pe_page/pe_col_inst[0].u_pe_col/pe_inst[0].u_pe_3/N3) has been disconnected.
I: Const net (pin CEY1 of inst u_top_yolo/u_layer2/genblk1.gen_pages[0].pe_inst.u_pe_page/pe_col_inst[0].u_pe_col/pe_inst[0].u_pe_3/N3) has been disconnected.
I: Const net (pin RSTY of inst u_top_yolo/u_layer2/genblk1.gen_pages[0].pe_inst.u_pe_page/pe_col_inst[0].u_pe_col/pe_inst[0].u_pe_3/N3) has been disconnected.
I: Const net (pin CEP of inst u_top_yolo/u_layer2/genblk1.gen_pages[0].pe_inst.u_pe_page/pe_col_inst[0].u_pe_col/pe_inst[0].u_pe_3/N3) has been disconnected.
I: Const net (pin RSTP of inst u_top_yolo/u_layer2/genblk1.gen_pages[0].pe_inst.u_pe_page/pe_col_inst[0].u_pe_col/pe_inst[0].u_pe_3/N3) has been disconnected.
I: Const net (pin CEX1 of inst u_top_yolo/u_layer2/genblk1.gen_pages[0].pe_inst.u_pe_page/pe_col_inst[0].u_pe_col/pe_inst[0].u_pe_4/N3) has been disconnected.
I: Const net (pin RSTX of inst u_top_yolo/u_layer2/genblk1.gen_pages[0].pe_inst.u_pe_page/pe_col_inst[0].u_pe_col/pe_inst[0].u_pe_4/N3) has been disconnected.
I: Const net (pin CEY1 of inst u_top_yolo/u_layer2/genblk1.gen_pages[0].pe_inst.u_pe_page/pe_col_inst[0].u_pe_col/pe_inst[0].u_pe_4/N3) has been disconnected.
I: Const net (pin RSTY of inst u_top_yolo/u_layer2/genblk1.gen_pages[0].pe_inst.u_pe_page/pe_col_inst[0].u_pe_col/pe_inst[0].u_pe_4/N3) has been disconnected.
I: Const net (pin CEP of inst u_top_yolo/u_layer2/genblk1.gen_pages[0].pe_inst.u_pe_page/pe_col_inst[0].u_pe_col/pe_inst[0].u_pe_4/N3) has been disconnected.
I: Const net (pin RSTP of inst u_top_yolo/u_layer2/genblk1.gen_pages[0].pe_inst.u_pe_page/pe_col_inst[0].u_pe_col/pe_inst[0].u_pe_4/N3) has been disconnected.
I: Const net (pin CEX1 of inst u_top_yolo/u_layer2/genblk1.gen_pages[0].pe_inst.u_pe_page/pe_col_inst[0].u_pe_col/pe_inst[0].u_pe_5/N3) has been disconnected.
I: Const net (pin RSTX of inst u_top_yolo/u_layer2/genblk1.gen_pages[0].pe_inst.u_pe_page/pe_col_inst[0].u_pe_col/pe_inst[0].u_pe_5/N3) has been disconnected.
I: Const net (pin CEY1 of inst u_top_yolo/u_layer2/genblk1.gen_pages[0].pe_inst.u_pe_page/pe_col_inst[0].u_pe_col/pe_inst[0].u_pe_5/N3) has been disconnected.
I: Const net (pin RSTY of inst u_top_yolo/u_layer2/genblk1.gen_pages[0].pe_inst.u_pe_page/pe_col_inst[0].u_pe_col/pe_inst[0].u_pe_5/N3) has been disconnected.
I: Const net (pin CEP of inst u_top_yolo/u_layer2/genblk1.gen_pages[0].pe_inst.u_pe_page/pe_col_inst[0].u_pe_col/pe_inst[0].u_pe_5/N3) has been disconnected.
I: Const net (pin RSTP of inst u_top_yolo/u_layer2/genblk1.gen_pages[0].pe_inst.u_pe_page/pe_col_inst[0].u_pe_col/pe_inst[0].u_pe_5/N3) has been disconnected.
I: Const net (pin CEX1 of inst u_top_yolo/u_layer2/genblk1.gen_pages[0].pe_inst.u_pe_page/pe_col_inst[0].u_pe_col/pe_inst[0].u_pe_6/N3) has been disconnected.
I: Const net (pin RSTX of inst u_top_yolo/u_layer2/genblk1.gen_pages[0].pe_inst.u_pe_page/pe_col_inst[0].u_pe_col/pe_inst[0].u_pe_6/N3) has been disconnected.
I: Const net (pin CEY1 of inst u_top_yolo/u_layer2/genblk1.gen_pages[0].pe_inst.u_pe_page/pe_col_inst[0].u_pe_col/pe_inst[0].u_pe_6/N3) has been disconnected.
I: Const net (pin RSTY of inst u_top_yolo/u_layer2/genblk1.gen_pages[0].pe_inst.u_pe_page/pe_col_inst[0].u_pe_col/pe_inst[0].u_pe_6/N3) has been disconnected.
I: Const net (pin CEP of inst u_top_yolo/u_layer2/genblk1.gen_pages[0].pe_inst.u_pe_page/pe_col_inst[0].u_pe_col/pe_inst[0].u_pe_6/N3) has been disconnected.
I: Const net (pin RSTP of inst u_top_yolo/u_layer2/genblk1.gen_pages[0].pe_inst.u_pe_page/pe_col_inst[0].u_pe_col/pe_inst[0].u_pe_6/N3) has been disconnected.
I: Const net (pin CEX1 of inst u_top_yolo/u_layer2/genblk1.gen_pages[0].pe_inst.u_pe_page/pe_col_inst[0].u_pe_col/pe_inst[0].u_pe_7/N3) has been disconnected.
I: Const net (pin RSTX of inst u_top_yolo/u_layer2/genblk1.gen_pages[0].pe_inst.u_pe_page/pe_col_inst[0].u_pe_col/pe_inst[0].u_pe_7/N3) has been disconnected.
I: Const net (pin CEY1 of inst u_top_yolo/u_layer2/genblk1.gen_pages[0].pe_inst.u_pe_page/pe_col_inst[0].u_pe_col/pe_inst[0].u_pe_7/N3) has been disconnected.
I: Const net (pin RSTY of inst u_top_yolo/u_layer2/genblk1.gen_pages[0].pe_inst.u_pe_page/pe_col_inst[0].u_pe_col/pe_inst[0].u_pe_7/N3) has been disconnected.
I: Const net (pin CEP of inst u_top_yolo/u_layer2/genblk1.gen_pages[0].pe_inst.u_pe_page/pe_col_inst[0].u_pe_col/pe_inst[0].u_pe_7/N3) has been disconnected.
I: Const net (pin RSTP of inst u_top_yolo/u_layer2/genblk1.gen_pages[0].pe_inst.u_pe_page/pe_col_inst[0].u_pe_col/pe_inst[0].u_pe_7/N3) has been disconnected.
I: Const net (pin CEX1 of inst u_top_yolo/u_layer2/genblk1.gen_pages[0].pe_inst.u_pe_page/pe_col_inst[0].u_pe_col/pe_inst[0].u_pe_8/N3) has been disconnected.
I: Const net (pin RSTX of inst u_top_yolo/u_layer2/genblk1.gen_pages[0].pe_inst.u_pe_page/pe_col_inst[0].u_pe_col/pe_inst[0].u_pe_8/N3) has been disconnected.
I: Const net (pin CEY1 of inst u_top_yolo/u_layer2/genblk1.gen_pages[0].pe_inst.u_pe_page/pe_col_inst[0].u_pe_col/pe_inst[0].u_pe_8/N3) has been disconnected.
I: Const net (pin RSTY of inst u_top_yolo/u_layer2/genblk1.gen_pages[0].pe_inst.u_pe_page/pe_col_inst[0].u_pe_col/pe_inst[0].u_pe_8/N3) has been disconnected.
I: Const net (pin CEP of inst u_top_yolo/u_layer2/genblk1.gen_pages[0].pe_inst.u_pe_page/pe_col_inst[0].u_pe_col/pe_inst[0].u_pe_8/N3) has been disconnected.
I: Const net (pin RSTP of inst u_top_yolo/u_layer2/genblk1.gen_pages[0].pe_inst.u_pe_page/pe_col_inst[0].u_pe_col/pe_inst[0].u_pe_8/N3) has been disconnected.
I: Const net (pin CEX1 of inst u_top_yolo/u_layer2/genblk1.gen_pages[1].pe_inst.u_pe_page/pe_col_inst[0].u_pe_col/pe_inst[0].u_pe/N3) has been disconnected.
I: Const net (pin RSTX of inst u_top_yolo/u_layer2/genblk1.gen_pages[1].pe_inst.u_pe_page/pe_col_inst[0].u_pe_col/pe_inst[0].u_pe/N3) has been disconnected.
I: Const net (pin CEY1 of inst u_top_yolo/u_layer2/genblk1.gen_pages[1].pe_inst.u_pe_page/pe_col_inst[0].u_pe_col/pe_inst[0].u_pe/N3) has been disconnected.
I: Const net (pin RSTY of inst u_top_yolo/u_layer2/genblk1.gen_pages[1].pe_inst.u_pe_page/pe_col_inst[0].u_pe_col/pe_inst[0].u_pe/N3) has been disconnected.
I: Const net (pin CEP of inst u_top_yolo/u_layer2/genblk1.gen_pages[1].pe_inst.u_pe_page/pe_col_inst[0].u_pe_col/pe_inst[0].u_pe/N3) has been disconnected.
I: Const net (pin RSTP of inst u_top_yolo/u_layer2/genblk1.gen_pages[1].pe_inst.u_pe_page/pe_col_inst[0].u_pe_col/pe_inst[0].u_pe/N3) has been disconnected.
I: Const net (pin CEX1 of inst u_top_yolo/u_layer2/genblk1.gen_pages[1].pe_inst.u_pe_page/pe_col_inst[0].u_pe_col/pe_inst[0].u_pe_1/N3) has been disconnected.
I: Const net (pin RSTX of inst u_top_yolo/u_layer2/genblk1.gen_pages[1].pe_inst.u_pe_page/pe_col_inst[0].u_pe_col/pe_inst[0].u_pe_1/N3) has been disconnected.
I: Const net (pin CEY1 of inst u_top_yolo/u_layer2/genblk1.gen_pages[1].pe_inst.u_pe_page/pe_col_inst[0].u_pe_col/pe_inst[0].u_pe_1/N3) has been disconnected.
I: Const net (pin RSTY of inst u_top_yolo/u_layer2/genblk1.gen_pages[1].pe_inst.u_pe_page/pe_col_inst[0].u_pe_col/pe_inst[0].u_pe_1/N3) has been disconnected.
I: Const net (pin CEP of inst u_top_yolo/u_layer2/genblk1.gen_pages[1].pe_inst.u_pe_page/pe_col_inst[0].u_pe_col/pe_inst[0].u_pe_1/N3) has been disconnected.
I: Const net (pin RSTP of inst u_top_yolo/u_layer2/genblk1.gen_pages[1].pe_inst.u_pe_page/pe_col_inst[0].u_pe_col/pe_inst[0].u_pe_1/N3) has been disconnected.
I: Const net (pin CEX1 of inst u_top_yolo/u_layer2/genblk1.gen_pages[1].pe_inst.u_pe_page/pe_col_inst[0].u_pe_col/pe_inst[0].u_pe_2/N3) has been disconnected.
I: Const net (pin RSTX of inst u_top_yolo/u_layer2/genblk1.gen_pages[1].pe_inst.u_pe_page/pe_col_inst[0].u_pe_col/pe_inst[0].u_pe_2/N3) has been disconnected.
I: Const net (pin CEY1 of inst u_top_yolo/u_layer2/genblk1.gen_pages[1].pe_inst.u_pe_page/pe_col_inst[0].u_pe_col/pe_inst[0].u_pe_2/N3) has been disconnected.
I: Const net (pin RSTY of inst u_top_yolo/u_layer2/genblk1.gen_pages[1].pe_inst.u_pe_page/pe_col_inst[0].u_pe_col/pe_inst[0].u_pe_2/N3) has been disconnected.
I: Const net (pin CEP of inst u_top_yolo/u_layer2/genblk1.gen_pages[1].pe_inst.u_pe_page/pe_col_inst[0].u_pe_col/pe_inst[0].u_pe_2/N3) has been disconnected.
I: Const net (pin RSTP of inst u_top_yolo/u_layer2/genblk1.gen_pages[1].pe_inst.u_pe_page/pe_col_inst[0].u_pe_col/pe_inst[0].u_pe_2/N3) has been disconnected.
I: Const net (pin CEX1 of inst u_top_yolo/u_layer2/genblk1.gen_pages[1].pe_inst.u_pe_page/pe_col_inst[0].u_pe_col/pe_inst[0].u_pe_3/N3) has been disconnected.
I: Const net (pin RSTX of inst u_top_yolo/u_layer2/genblk1.gen_pages[1].pe_inst.u_pe_page/pe_col_inst[0].u_pe_col/pe_inst[0].u_pe_3/N3) has been disconnected.
I: Const net (pin CEY1 of inst u_top_yolo/u_layer2/genblk1.gen_pages[1].pe_inst.u_pe_page/pe_col_inst[0].u_pe_col/pe_inst[0].u_pe_3/N3) has been disconnected.
I: Const net (pin RSTY of inst u_top_yolo/u_layer2/genblk1.gen_pages[1].pe_inst.u_pe_page/pe_col_inst[0].u_pe_col/pe_inst[0].u_pe_3/N3) has been disconnected.
I: Const net (pin CEP of inst u_top_yolo/u_layer2/genblk1.gen_pages[1].pe_inst.u_pe_page/pe_col_inst[0].u_pe_col/pe_inst[0].u_pe_3/N3) has been disconnected.
I: Const net (pin RSTP of inst u_top_yolo/u_layer2/genblk1.gen_pages[1].pe_inst.u_pe_page/pe_col_inst[0].u_pe_col/pe_inst[0].u_pe_3/N3) has been disconnected.
I: Const net (pin CEX1 of inst u_top_yolo/u_layer2/genblk1.gen_pages[1].pe_inst.u_pe_page/pe_col_inst[0].u_pe_col/pe_inst[0].u_pe_4/N3) has been disconnected.
I: Const net (pin RSTX of inst u_top_yolo/u_layer2/genblk1.gen_pages[1].pe_inst.u_pe_page/pe_col_inst[0].u_pe_col/pe_inst[0].u_pe_4/N3) has been disconnected.
I: Const net (pin CEY1 of inst u_top_yolo/u_layer2/genblk1.gen_pages[1].pe_inst.u_pe_page/pe_col_inst[0].u_pe_col/pe_inst[0].u_pe_4/N3) has been disconnected.
I: Const net (pin RSTY of inst u_top_yolo/u_layer2/genblk1.gen_pages[1].pe_inst.u_pe_page/pe_col_inst[0].u_pe_col/pe_inst[0].u_pe_4/N3) has been disconnected.
I: Const net (pin CEP of inst u_top_yolo/u_layer2/genblk1.gen_pages[1].pe_inst.u_pe_page/pe_col_inst[0].u_pe_col/pe_inst[0].u_pe_4/N3) has been disconnected.
I: Const net (pin RSTP of inst u_top_yolo/u_layer2/genblk1.gen_pages[1].pe_inst.u_pe_page/pe_col_inst[0].u_pe_col/pe_inst[0].u_pe_4/N3) has been disconnected.
I: Const net (pin CEX1 of inst u_top_yolo/u_layer2/genblk1.gen_pages[1].pe_inst.u_pe_page/pe_col_inst[0].u_pe_col/pe_inst[0].u_pe_5/N3) has been disconnected.
I: Const net (pin RSTX of inst u_top_yolo/u_layer2/genblk1.gen_pages[1].pe_inst.u_pe_page/pe_col_inst[0].u_pe_col/pe_inst[0].u_pe_5/N3) has been disconnected.
I: Const net (pin CEY1 of inst u_top_yolo/u_layer2/genblk1.gen_pages[1].pe_inst.u_pe_page/pe_col_inst[0].u_pe_col/pe_inst[0].u_pe_5/N3) has been disconnected.
I: Const net (pin RSTY of inst u_top_yolo/u_layer2/genblk1.gen_pages[1].pe_inst.u_pe_page/pe_col_inst[0].u_pe_col/pe_inst[0].u_pe_5/N3) has been disconnected.
I: Const net (pin CEP of inst u_top_yolo/u_layer2/genblk1.gen_pages[1].pe_inst.u_pe_page/pe_col_inst[0].u_pe_col/pe_inst[0].u_pe_5/N3) has been disconnected.
I: Const net (pin RSTP of inst u_top_yolo/u_layer2/genblk1.gen_pages[1].pe_inst.u_pe_page/pe_col_inst[0].u_pe_col/pe_inst[0].u_pe_5/N3) has been disconnected.
I: Const net (pin CEX1 of inst u_top_yolo/u_layer2/genblk1.gen_pages[1].pe_inst.u_pe_page/pe_col_inst[0].u_pe_col/pe_inst[0].u_pe_6/N3) has been disconnected.
I: Const net (pin RSTX of inst u_top_yolo/u_layer2/genblk1.gen_pages[1].pe_inst.u_pe_page/pe_col_inst[0].u_pe_col/pe_inst[0].u_pe_6/N3) has been disconnected.
I: Const net (pin CEY1 of inst u_top_yolo/u_layer2/genblk1.gen_pages[1].pe_inst.u_pe_page/pe_col_inst[0].u_pe_col/pe_inst[0].u_pe_6/N3) has been disconnected.
I: Const net (pin RSTY of inst u_top_yolo/u_layer2/genblk1.gen_pages[1].pe_inst.u_pe_page/pe_col_inst[0].u_pe_col/pe_inst[0].u_pe_6/N3) has been disconnected.
I: Const net (pin CEP of inst u_top_yolo/u_layer2/genblk1.gen_pages[1].pe_inst.u_pe_page/pe_col_inst[0].u_pe_col/pe_inst[0].u_pe_6/N3) has been disconnected.
I: Const net (pin RSTP of inst u_top_yolo/u_layer2/genblk1.gen_pages[1].pe_inst.u_pe_page/pe_col_inst[0].u_pe_col/pe_inst[0].u_pe_6/N3) has been disconnected.
I: Const net (pin CEX1 of inst u_top_yolo/u_layer2/genblk1.gen_pages[1].pe_inst.u_pe_page/pe_col_inst[0].u_pe_col/pe_inst[0].u_pe_7/N3) has been disconnected.
I: Const net (pin RSTX of inst u_top_yolo/u_layer2/genblk1.gen_pages[1].pe_inst.u_pe_page/pe_col_inst[0].u_pe_col/pe_inst[0].u_pe_7/N3) has been disconnected.
I: Const net (pin CEY1 of inst u_top_yolo/u_layer2/genblk1.gen_pages[1].pe_inst.u_pe_page/pe_col_inst[0].u_pe_col/pe_inst[0].u_pe_7/N3) has been disconnected.
I: Const net (pin RSTY of inst u_top_yolo/u_layer2/genblk1.gen_pages[1].pe_inst.u_pe_page/pe_col_inst[0].u_pe_col/pe_inst[0].u_pe_7/N3) has been disconnected.
I: Const net (pin CEP of inst u_top_yolo/u_layer2/genblk1.gen_pages[1].pe_inst.u_pe_page/pe_col_inst[0].u_pe_col/pe_inst[0].u_pe_7/N3) has been disconnected.
I: Const net (pin RSTP of inst u_top_yolo/u_layer2/genblk1.gen_pages[1].pe_inst.u_pe_page/pe_col_inst[0].u_pe_col/pe_inst[0].u_pe_7/N3) has been disconnected.
I: Const net (pin CEX1 of inst u_top_yolo/u_layer2/genblk1.gen_pages[1].pe_inst.u_pe_page/pe_col_inst[0].u_pe_col/pe_inst[0].u_pe_8/N3) has been disconnected.
I: Const net (pin RSTX of inst u_top_yolo/u_layer2/genblk1.gen_pages[1].pe_inst.u_pe_page/pe_col_inst[0].u_pe_col/pe_inst[0].u_pe_8/N3) has been disconnected.
I: Const net (pin CEY1 of inst u_top_yolo/u_layer2/genblk1.gen_pages[1].pe_inst.u_pe_page/pe_col_inst[0].u_pe_col/pe_inst[0].u_pe_8/N3) has been disconnected.
I: Const net (pin RSTY of inst u_top_yolo/u_layer2/genblk1.gen_pages[1].pe_inst.u_pe_page/pe_col_inst[0].u_pe_col/pe_inst[0].u_pe_8/N3) has been disconnected.
I: Const net (pin CEP of inst u_top_yolo/u_layer2/genblk1.gen_pages[1].pe_inst.u_pe_page/pe_col_inst[0].u_pe_col/pe_inst[0].u_pe_8/N3) has been disconnected.
I: Const net (pin RSTP of inst u_top_yolo/u_layer2/genblk1.gen_pages[1].pe_inst.u_pe_page/pe_col_inst[0].u_pe_col/pe_inst[0].u_pe_8/N3) has been disconnected.
I: Const net (pin CEX1 of inst u_top_yolo/u_layer2/genblk1.gen_pages[2].pe_inst.u_pe_page/pe_col_inst[0].u_pe_col/pe_inst[0].u_pe/N3) has been disconnected.
I: Const net (pin RSTX of inst u_top_yolo/u_layer2/genblk1.gen_pages[2].pe_inst.u_pe_page/pe_col_inst[0].u_pe_col/pe_inst[0].u_pe/N3) has been disconnected.
I: Const net (pin CEY1 of inst u_top_yolo/u_layer2/genblk1.gen_pages[2].pe_inst.u_pe_page/pe_col_inst[0].u_pe_col/pe_inst[0].u_pe/N3) has been disconnected.
I: Const net (pin RSTY of inst u_top_yolo/u_layer2/genblk1.gen_pages[2].pe_inst.u_pe_page/pe_col_inst[0].u_pe_col/pe_inst[0].u_pe/N3) has been disconnected.
I: Const net (pin CEP of inst u_top_yolo/u_layer2/genblk1.gen_pages[2].pe_inst.u_pe_page/pe_col_inst[0].u_pe_col/pe_inst[0].u_pe/N3) has been disconnected.
I: Const net (pin RSTP of inst u_top_yolo/u_layer2/genblk1.gen_pages[2].pe_inst.u_pe_page/pe_col_inst[0].u_pe_col/pe_inst[0].u_pe/N3) has been disconnected.
I: Const net (pin CEX1 of inst u_top_yolo/u_layer2/genblk1.gen_pages[2].pe_inst.u_pe_page/pe_col_inst[0].u_pe_col/pe_inst[0].u_pe_1/N3) has been disconnected.
I: Const net (pin RSTX of inst u_top_yolo/u_layer2/genblk1.gen_pages[2].pe_inst.u_pe_page/pe_col_inst[0].u_pe_col/pe_inst[0].u_pe_1/N3) has been disconnected.
I: Const net (pin CEY1 of inst u_top_yolo/u_layer2/genblk1.gen_pages[2].pe_inst.u_pe_page/pe_col_inst[0].u_pe_col/pe_inst[0].u_pe_1/N3) has been disconnected.
I: Const net (pin RSTY of inst u_top_yolo/u_layer2/genblk1.gen_pages[2].pe_inst.u_pe_page/pe_col_inst[0].u_pe_col/pe_inst[0].u_pe_1/N3) has been disconnected.
I: Const net (pin CEP of inst u_top_yolo/u_layer2/genblk1.gen_pages[2].pe_inst.u_pe_page/pe_col_inst[0].u_pe_col/pe_inst[0].u_pe_1/N3) has been disconnected.
I: Const net (pin RSTP of inst u_top_yolo/u_layer2/genblk1.gen_pages[2].pe_inst.u_pe_page/pe_col_inst[0].u_pe_col/pe_inst[0].u_pe_1/N3) has been disconnected.
I: Const net (pin CEX1 of inst u_top_yolo/u_layer2/genblk1.gen_pages[2].pe_inst.u_pe_page/pe_col_inst[0].u_pe_col/pe_inst[0].u_pe_2/N3) has been disconnected.
I: Const net (pin RSTX of inst u_top_yolo/u_layer2/genblk1.gen_pages[2].pe_inst.u_pe_page/pe_col_inst[0].u_pe_col/pe_inst[0].u_pe_2/N3) has been disconnected.
I: Const net (pin CEY1 of inst u_top_yolo/u_layer2/genblk1.gen_pages[2].pe_inst.u_pe_page/pe_col_inst[0].u_pe_col/pe_inst[0].u_pe_2/N3) has been disconnected.
I: Const net (pin RSTY of inst u_top_yolo/u_layer2/genblk1.gen_pages[2].pe_inst.u_pe_page/pe_col_inst[0].u_pe_col/pe_inst[0].u_pe_2/N3) has been disconnected.
I: Const net (pin CEP of inst u_top_yolo/u_layer2/genblk1.gen_pages[2].pe_inst.u_pe_page/pe_col_inst[0].u_pe_col/pe_inst[0].u_pe_2/N3) has been disconnected.
I: Const net (pin RSTP of inst u_top_yolo/u_layer2/genblk1.gen_pages[2].pe_inst.u_pe_page/pe_col_inst[0].u_pe_col/pe_inst[0].u_pe_2/N3) has been disconnected.
I: Const net (pin CEX1 of inst u_top_yolo/u_layer2/genblk1.gen_pages[2].pe_inst.u_pe_page/pe_col_inst[0].u_pe_col/pe_inst[0].u_pe_3/N3) has been disconnected.
I: Const net (pin RSTX of inst u_top_yolo/u_layer2/genblk1.gen_pages[2].pe_inst.u_pe_page/pe_col_inst[0].u_pe_col/pe_inst[0].u_pe_3/N3) has been disconnected.
I: Const net (pin CEY1 of inst u_top_yolo/u_layer2/genblk1.gen_pages[2].pe_inst.u_pe_page/pe_col_inst[0].u_pe_col/pe_inst[0].u_pe_3/N3) has been disconnected.
I: Const net (pin RSTY of inst u_top_yolo/u_layer2/genblk1.gen_pages[2].pe_inst.u_pe_page/pe_col_inst[0].u_pe_col/pe_inst[0].u_pe_3/N3) has been disconnected.
I: Const net (pin CEP of inst u_top_yolo/u_layer2/genblk1.gen_pages[2].pe_inst.u_pe_page/pe_col_inst[0].u_pe_col/pe_inst[0].u_pe_3/N3) has been disconnected.
I: Const net (pin RSTP of inst u_top_yolo/u_layer2/genblk1.gen_pages[2].pe_inst.u_pe_page/pe_col_inst[0].u_pe_col/pe_inst[0].u_pe_3/N3) has been disconnected.
I: Const net (pin CEX1 of inst u_top_yolo/u_layer2/genblk1.gen_pages[2].pe_inst.u_pe_page/pe_col_inst[0].u_pe_col/pe_inst[0].u_pe_4/N3) has been disconnected.
I: Const net (pin RSTX of inst u_top_yolo/u_layer2/genblk1.gen_pages[2].pe_inst.u_pe_page/pe_col_inst[0].u_pe_col/pe_inst[0].u_pe_4/N3) has been disconnected.
I: Const net (pin CEY1 of inst u_top_yolo/u_layer2/genblk1.gen_pages[2].pe_inst.u_pe_page/pe_col_inst[0].u_pe_col/pe_inst[0].u_pe_4/N3) has been disconnected.
I: Const net (pin RSTY of inst u_top_yolo/u_layer2/genblk1.gen_pages[2].pe_inst.u_pe_page/pe_col_inst[0].u_pe_col/pe_inst[0].u_pe_4/N3) has been disconnected.
I: Const net (pin CEP of inst u_top_yolo/u_layer2/genblk1.gen_pages[2].pe_inst.u_pe_page/pe_col_inst[0].u_pe_col/pe_inst[0].u_pe_4/N3) has been disconnected.
I: Const net (pin RSTP of inst u_top_yolo/u_layer2/genblk1.gen_pages[2].pe_inst.u_pe_page/pe_col_inst[0].u_pe_col/pe_inst[0].u_pe_4/N3) has been disconnected.
I: Const net (pin CEX1 of inst u_top_yolo/u_layer2/genblk1.gen_pages[2].pe_inst.u_pe_page/pe_col_inst[0].u_pe_col/pe_inst[0].u_pe_5/N3) has been disconnected.
I: Const net (pin RSTX of inst u_top_yolo/u_layer2/genblk1.gen_pages[2].pe_inst.u_pe_page/pe_col_inst[0].u_pe_col/pe_inst[0].u_pe_5/N3) has been disconnected.
I: Const net (pin CEY1 of inst u_top_yolo/u_layer2/genblk1.gen_pages[2].pe_inst.u_pe_page/pe_col_inst[0].u_pe_col/pe_inst[0].u_pe_5/N3) has been disconnected.
I: Const net (pin RSTY of inst u_top_yolo/u_layer2/genblk1.gen_pages[2].pe_inst.u_pe_page/pe_col_inst[0].u_pe_col/pe_inst[0].u_pe_5/N3) has been disconnected.
I: Const net (pin CEP of inst u_top_yolo/u_layer2/genblk1.gen_pages[2].pe_inst.u_pe_page/pe_col_inst[0].u_pe_col/pe_inst[0].u_pe_5/N3) has been disconnected.
I: Const net (pin RSTP of inst u_top_yolo/u_layer2/genblk1.gen_pages[2].pe_inst.u_pe_page/pe_col_inst[0].u_pe_col/pe_inst[0].u_pe_5/N3) has been disconnected.
I: Const net (pin CEX1 of inst u_top_yolo/u_layer2/genblk1.gen_pages[2].pe_inst.u_pe_page/pe_col_inst[0].u_pe_col/pe_inst[0].u_pe_6/N3) has been disconnected.
I: Const net (pin RSTX of inst u_top_yolo/u_layer2/genblk1.gen_pages[2].pe_inst.u_pe_page/pe_col_inst[0].u_pe_col/pe_inst[0].u_pe_6/N3) has been disconnected.
I: Const net (pin CEY1 of inst u_top_yolo/u_layer2/genblk1.gen_pages[2].pe_inst.u_pe_page/pe_col_inst[0].u_pe_col/pe_inst[0].u_pe_6/N3) has been disconnected.
I: Const net (pin RSTY of inst u_top_yolo/u_layer2/genblk1.gen_pages[2].pe_inst.u_pe_page/pe_col_inst[0].u_pe_col/pe_inst[0].u_pe_6/N3) has been disconnected.
I: Const net (pin CEP of inst u_top_yolo/u_layer2/genblk1.gen_pages[2].pe_inst.u_pe_page/pe_col_inst[0].u_pe_col/pe_inst[0].u_pe_6/N3) has been disconnected.
I: Const net (pin RSTP of inst u_top_yolo/u_layer2/genblk1.gen_pages[2].pe_inst.u_pe_page/pe_col_inst[0].u_pe_col/pe_inst[0].u_pe_6/N3) has been disconnected.
I: Const net (pin CEX1 of inst u_top_yolo/u_layer2/genblk1.gen_pages[2].pe_inst.u_pe_page/pe_col_inst[0].u_pe_col/pe_inst[0].u_pe_7/N3) has been disconnected.
I: Const net (pin RSTX of inst u_top_yolo/u_layer2/genblk1.gen_pages[2].pe_inst.u_pe_page/pe_col_inst[0].u_pe_col/pe_inst[0].u_pe_7/N3) has been disconnected.
I: Const net (pin CEY1 of inst u_top_yolo/u_layer2/genblk1.gen_pages[2].pe_inst.u_pe_page/pe_col_inst[0].u_pe_col/pe_inst[0].u_pe_7/N3) has been disconnected.
I: Const net (pin RSTY of inst u_top_yolo/u_layer2/genblk1.gen_pages[2].pe_inst.u_pe_page/pe_col_inst[0].u_pe_col/pe_inst[0].u_pe_7/N3) has been disconnected.
I: Const net (pin CEP of inst u_top_yolo/u_layer2/genblk1.gen_pages[2].pe_inst.u_pe_page/pe_col_inst[0].u_pe_col/pe_inst[0].u_pe_7/N3) has been disconnected.
I: Const net (pin RSTP of inst u_top_yolo/u_layer2/genblk1.gen_pages[2].pe_inst.u_pe_page/pe_col_inst[0].u_pe_col/pe_inst[0].u_pe_7/N3) has been disconnected.
I: Const net (pin CEX1 of inst u_top_yolo/u_layer2/genblk1.gen_pages[2].pe_inst.u_pe_page/pe_col_inst[0].u_pe_col/pe_inst[0].u_pe_8/N3) has been disconnected.
I: Const net (pin RSTX of inst u_top_yolo/u_layer2/genblk1.gen_pages[2].pe_inst.u_pe_page/pe_col_inst[0].u_pe_col/pe_inst[0].u_pe_8/N3) has been disconnected.
I: Const net (pin CEY1 of inst u_top_yolo/u_layer2/genblk1.gen_pages[2].pe_inst.u_pe_page/pe_col_inst[0].u_pe_col/pe_inst[0].u_pe_8/N3) has been disconnected.
I: Const net (pin RSTY of inst u_top_yolo/u_layer2/genblk1.gen_pages[2].pe_inst.u_pe_page/pe_col_inst[0].u_pe_col/pe_inst[0].u_pe_8/N3) has been disconnected.
I: Const net (pin CEP of inst u_top_yolo/u_layer2/genblk1.gen_pages[2].pe_inst.u_pe_page/pe_col_inst[0].u_pe_col/pe_inst[0].u_pe_8/N3) has been disconnected.
I: Const net (pin RSTP of inst u_top_yolo/u_layer2/genblk1.gen_pages[2].pe_inst.u_pe_page/pe_col_inst[0].u_pe_col/pe_inst[0].u_pe_8/N3) has been disconnected.
I: Const net (pin CEX1 of inst u_top_yolo/u_layer2/genblk1.gen_pages[3].pe_inst.u_pe_page/pe_col_inst[0].u_pe_col/pe_inst[0].u_pe/N3) has been disconnected.
I: Const net (pin RSTX of inst u_top_yolo/u_layer2/genblk1.gen_pages[3].pe_inst.u_pe_page/pe_col_inst[0].u_pe_col/pe_inst[0].u_pe/N3) has been disconnected.
I: Const net (pin CEY1 of inst u_top_yolo/u_layer2/genblk1.gen_pages[3].pe_inst.u_pe_page/pe_col_inst[0].u_pe_col/pe_inst[0].u_pe/N3) has been disconnected.
I: Const net (pin RSTY of inst u_top_yolo/u_layer2/genblk1.gen_pages[3].pe_inst.u_pe_page/pe_col_inst[0].u_pe_col/pe_inst[0].u_pe/N3) has been disconnected.
I: Const net (pin CEP of inst u_top_yolo/u_layer2/genblk1.gen_pages[3].pe_inst.u_pe_page/pe_col_inst[0].u_pe_col/pe_inst[0].u_pe/N3) has been disconnected.
I: Const net (pin RSTP of inst u_top_yolo/u_layer2/genblk1.gen_pages[3].pe_inst.u_pe_page/pe_col_inst[0].u_pe_col/pe_inst[0].u_pe/N3) has been disconnected.
I: Const net (pin CEX1 of inst u_top_yolo/u_layer2/genblk1.gen_pages[3].pe_inst.u_pe_page/pe_col_inst[0].u_pe_col/pe_inst[0].u_pe_1/N3) has been disconnected.
I: Const net (pin RSTX of inst u_top_yolo/u_layer2/genblk1.gen_pages[3].pe_inst.u_pe_page/pe_col_inst[0].u_pe_col/pe_inst[0].u_pe_1/N3) has been disconnected.
I: Const net (pin CEY1 of inst u_top_yolo/u_layer2/genblk1.gen_pages[3].pe_inst.u_pe_page/pe_col_inst[0].u_pe_col/pe_inst[0].u_pe_1/N3) has been disconnected.
I: Const net (pin RSTY of inst u_top_yolo/u_layer2/genblk1.gen_pages[3].pe_inst.u_pe_page/pe_col_inst[0].u_pe_col/pe_inst[0].u_pe_1/N3) has been disconnected.
I: Const net (pin CEP of inst u_top_yolo/u_layer2/genblk1.gen_pages[3].pe_inst.u_pe_page/pe_col_inst[0].u_pe_col/pe_inst[0].u_pe_1/N3) has been disconnected.
I: Const net (pin RSTP of inst u_top_yolo/u_layer2/genblk1.gen_pages[3].pe_inst.u_pe_page/pe_col_inst[0].u_pe_col/pe_inst[0].u_pe_1/N3) has been disconnected.
I: Const net (pin CEX1 of inst u_top_yolo/u_layer2/genblk1.gen_pages[3].pe_inst.u_pe_page/pe_col_inst[0].u_pe_col/pe_inst[0].u_pe_2/N3) has been disconnected.
I: Const net (pin RSTX of inst u_top_yolo/u_layer2/genblk1.gen_pages[3].pe_inst.u_pe_page/pe_col_inst[0].u_pe_col/pe_inst[0].u_pe_2/N3) has been disconnected.
I: Const net (pin CEY1 of inst u_top_yolo/u_layer2/genblk1.gen_pages[3].pe_inst.u_pe_page/pe_col_inst[0].u_pe_col/pe_inst[0].u_pe_2/N3) has been disconnected.
I: Const net (pin RSTY of inst u_top_yolo/u_layer2/genblk1.gen_pages[3].pe_inst.u_pe_page/pe_col_inst[0].u_pe_col/pe_inst[0].u_pe_2/N3) has been disconnected.
I: Const net (pin CEP of inst u_top_yolo/u_layer2/genblk1.gen_pages[3].pe_inst.u_pe_page/pe_col_inst[0].u_pe_col/pe_inst[0].u_pe_2/N3) has been disconnected.
I: Const net (pin RSTP of inst u_top_yolo/u_layer2/genblk1.gen_pages[3].pe_inst.u_pe_page/pe_col_inst[0].u_pe_col/pe_inst[0].u_pe_2/N3) has been disconnected.
I: Const net (pin CEX1 of inst u_top_yolo/u_layer2/genblk1.gen_pages[3].pe_inst.u_pe_page/pe_col_inst[0].u_pe_col/pe_inst[0].u_pe_3/N3) has been disconnected.
I: Const net (pin RSTX of inst u_top_yolo/u_layer2/genblk1.gen_pages[3].pe_inst.u_pe_page/pe_col_inst[0].u_pe_col/pe_inst[0].u_pe_3/N3) has been disconnected.
I: Const net (pin CEY1 of inst u_top_yolo/u_layer2/genblk1.gen_pages[3].pe_inst.u_pe_page/pe_col_inst[0].u_pe_col/pe_inst[0].u_pe_3/N3) has been disconnected.
I: Const net (pin RSTY of inst u_top_yolo/u_layer2/genblk1.gen_pages[3].pe_inst.u_pe_page/pe_col_inst[0].u_pe_col/pe_inst[0].u_pe_3/N3) has been disconnected.
I: Const net (pin CEP of inst u_top_yolo/u_layer2/genblk1.gen_pages[3].pe_inst.u_pe_page/pe_col_inst[0].u_pe_col/pe_inst[0].u_pe_3/N3) has been disconnected.
I: Const net (pin RSTP of inst u_top_yolo/u_layer2/genblk1.gen_pages[3].pe_inst.u_pe_page/pe_col_inst[0].u_pe_col/pe_inst[0].u_pe_3/N3) has been disconnected.
I: Const net (pin CEX1 of inst u_top_yolo/u_layer2/genblk1.gen_pages[3].pe_inst.u_pe_page/pe_col_inst[0].u_pe_col/pe_inst[0].u_pe_4/N3) has been disconnected.
I: Const net (pin RSTX of inst u_top_yolo/u_layer2/genblk1.gen_pages[3].pe_inst.u_pe_page/pe_col_inst[0].u_pe_col/pe_inst[0].u_pe_4/N3) has been disconnected.
I: Const net (pin CEY1 of inst u_top_yolo/u_layer2/genblk1.gen_pages[3].pe_inst.u_pe_page/pe_col_inst[0].u_pe_col/pe_inst[0].u_pe_4/N3) has been disconnected.
I: Const net (pin RSTY of inst u_top_yolo/u_layer2/genblk1.gen_pages[3].pe_inst.u_pe_page/pe_col_inst[0].u_pe_col/pe_inst[0].u_pe_4/N3) has been disconnected.
I: Const net (pin CEP of inst u_top_yolo/u_layer2/genblk1.gen_pages[3].pe_inst.u_pe_page/pe_col_inst[0].u_pe_col/pe_inst[0].u_pe_4/N3) has been disconnected.
I: Const net (pin RSTP of inst u_top_yolo/u_layer2/genblk1.gen_pages[3].pe_inst.u_pe_page/pe_col_inst[0].u_pe_col/pe_inst[0].u_pe_4/N3) has been disconnected.
I: Const net (pin CEX1 of inst u_top_yolo/u_layer2/genblk1.gen_pages[3].pe_inst.u_pe_page/pe_col_inst[0].u_pe_col/pe_inst[0].u_pe_5/N3) has been disconnected.
I: Const net (pin RSTX of inst u_top_yolo/u_layer2/genblk1.gen_pages[3].pe_inst.u_pe_page/pe_col_inst[0].u_pe_col/pe_inst[0].u_pe_5/N3) has been disconnected.
I: Const net (pin CEY1 of inst u_top_yolo/u_layer2/genblk1.gen_pages[3].pe_inst.u_pe_page/pe_col_inst[0].u_pe_col/pe_inst[0].u_pe_5/N3) has been disconnected.
I: Const net (pin RSTY of inst u_top_yolo/u_layer2/genblk1.gen_pages[3].pe_inst.u_pe_page/pe_col_inst[0].u_pe_col/pe_inst[0].u_pe_5/N3) has been disconnected.
I: Const net (pin CEP of inst u_top_yolo/u_layer2/genblk1.gen_pages[3].pe_inst.u_pe_page/pe_col_inst[0].u_pe_col/pe_inst[0].u_pe_5/N3) has been disconnected.
I: Const net (pin RSTP of inst u_top_yolo/u_layer2/genblk1.gen_pages[3].pe_inst.u_pe_page/pe_col_inst[0].u_pe_col/pe_inst[0].u_pe_5/N3) has been disconnected.
I: Const net (pin CEX1 of inst u_top_yolo/u_layer2/genblk1.gen_pages[3].pe_inst.u_pe_page/pe_col_inst[0].u_pe_col/pe_inst[0].u_pe_6/N3) has been disconnected.
I: Const net (pin RSTX of inst u_top_yolo/u_layer2/genblk1.gen_pages[3].pe_inst.u_pe_page/pe_col_inst[0].u_pe_col/pe_inst[0].u_pe_6/N3) has been disconnected.
I: Const net (pin CEY1 of inst u_top_yolo/u_layer2/genblk1.gen_pages[3].pe_inst.u_pe_page/pe_col_inst[0].u_pe_col/pe_inst[0].u_pe_6/N3) has been disconnected.
I: Const net (pin RSTY of inst u_top_yolo/u_layer2/genblk1.gen_pages[3].pe_inst.u_pe_page/pe_col_inst[0].u_pe_col/pe_inst[0].u_pe_6/N3) has been disconnected.
I: Const net (pin CEP of inst u_top_yolo/u_layer2/genblk1.gen_pages[3].pe_inst.u_pe_page/pe_col_inst[0].u_pe_col/pe_inst[0].u_pe_6/N3) has been disconnected.
I: Const net (pin RSTP of inst u_top_yolo/u_layer2/genblk1.gen_pages[3].pe_inst.u_pe_page/pe_col_inst[0].u_pe_col/pe_inst[0].u_pe_6/N3) has been disconnected.
I: Const net (pin CEX1 of inst u_top_yolo/u_layer2/genblk1.gen_pages[3].pe_inst.u_pe_page/pe_col_inst[0].u_pe_col/pe_inst[0].u_pe_7/N3) has been disconnected.
I: Const net (pin RSTX of inst u_top_yolo/u_layer2/genblk1.gen_pages[3].pe_inst.u_pe_page/pe_col_inst[0].u_pe_col/pe_inst[0].u_pe_7/N3) has been disconnected.
I: Const net (pin CEY1 of inst u_top_yolo/u_layer2/genblk1.gen_pages[3].pe_inst.u_pe_page/pe_col_inst[0].u_pe_col/pe_inst[0].u_pe_7/N3) has been disconnected.
I: Const net (pin RSTY of inst u_top_yolo/u_layer2/genblk1.gen_pages[3].pe_inst.u_pe_page/pe_col_inst[0].u_pe_col/pe_inst[0].u_pe_7/N3) has been disconnected.
I: Const net (pin CEP of inst u_top_yolo/u_layer2/genblk1.gen_pages[3].pe_inst.u_pe_page/pe_col_inst[0].u_pe_col/pe_inst[0].u_pe_7/N3) has been disconnected.
I: Const net (pin RSTP of inst u_top_yolo/u_layer2/genblk1.gen_pages[3].pe_inst.u_pe_page/pe_col_inst[0].u_pe_col/pe_inst[0].u_pe_7/N3) has been disconnected.
I: Const net (pin CEX1 of inst u_top_yolo/u_layer2/genblk1.gen_pages[3].pe_inst.u_pe_page/pe_col_inst[0].u_pe_col/pe_inst[0].u_pe_8/N3) has been disconnected.
I: Const net (pin RSTX of inst u_top_yolo/u_layer2/genblk1.gen_pages[3].pe_inst.u_pe_page/pe_col_inst[0].u_pe_col/pe_inst[0].u_pe_8/N3) has been disconnected.
I: Const net (pin CEY1 of inst u_top_yolo/u_layer2/genblk1.gen_pages[3].pe_inst.u_pe_page/pe_col_inst[0].u_pe_col/pe_inst[0].u_pe_8/N3) has been disconnected.
I: Const net (pin RSTY of inst u_top_yolo/u_layer2/genblk1.gen_pages[3].pe_inst.u_pe_page/pe_col_inst[0].u_pe_col/pe_inst[0].u_pe_8/N3) has been disconnected.
I: Const net (pin CEP of inst u_top_yolo/u_layer2/genblk1.gen_pages[3].pe_inst.u_pe_page/pe_col_inst[0].u_pe_col/pe_inst[0].u_pe_8/N3) has been disconnected.
I: Const net (pin RSTP of inst u_top_yolo/u_layer2/genblk1.gen_pages[3].pe_inst.u_pe_page/pe_col_inst[0].u_pe_col/pe_inst[0].u_pe_8/N3) has been disconnected.
I: Const net (pin CEX1 of inst u_top_yolo/u_layer3/genblk1.gen_pages[0].pe_inst.u_pe_page/pe_col_inst[0].u_pe_col/pe_inst[0].u_pe/N3) has been disconnected.
I: Const net (pin RSTX of inst u_top_yolo/u_layer3/genblk1.gen_pages[0].pe_inst.u_pe_page/pe_col_inst[0].u_pe_col/pe_inst[0].u_pe/N3) has been disconnected.
I: Const net (pin CEY1 of inst u_top_yolo/u_layer3/genblk1.gen_pages[0].pe_inst.u_pe_page/pe_col_inst[0].u_pe_col/pe_inst[0].u_pe/N3) has been disconnected.
I: Const net (pin RSTY of inst u_top_yolo/u_layer3/genblk1.gen_pages[0].pe_inst.u_pe_page/pe_col_inst[0].u_pe_col/pe_inst[0].u_pe/N3) has been disconnected.
I: Const net (pin CEP of inst u_top_yolo/u_layer3/genblk1.gen_pages[0].pe_inst.u_pe_page/pe_col_inst[0].u_pe_col/pe_inst[0].u_pe/N3) has been disconnected.
I: Const net (pin RSTP of inst u_top_yolo/u_layer3/genblk1.gen_pages[0].pe_inst.u_pe_page/pe_col_inst[0].u_pe_col/pe_inst[0].u_pe/N3) has been disconnected.
I: Const net (pin CEX1 of inst u_top_yolo/u_layer3/genblk1.gen_pages[0].pe_inst.u_pe_page/pe_col_inst[0].u_pe_col/pe_inst[0].u_pe_1/N3) has been disconnected.
I: Const net (pin RSTX of inst u_top_yolo/u_layer3/genblk1.gen_pages[0].pe_inst.u_pe_page/pe_col_inst[0].u_pe_col/pe_inst[0].u_pe_1/N3) has been disconnected.
I: Const net (pin CEY1 of inst u_top_yolo/u_layer3/genblk1.gen_pages[0].pe_inst.u_pe_page/pe_col_inst[0].u_pe_col/pe_inst[0].u_pe_1/N3) has been disconnected.
I: Const net (pin RSTY of inst u_top_yolo/u_layer3/genblk1.gen_pages[0].pe_inst.u_pe_page/pe_col_inst[0].u_pe_col/pe_inst[0].u_pe_1/N3) has been disconnected.
I: Const net (pin CEP of inst u_top_yolo/u_layer3/genblk1.gen_pages[0].pe_inst.u_pe_page/pe_col_inst[0].u_pe_col/pe_inst[0].u_pe_1/N3) has been disconnected.
I: Const net (pin RSTP of inst u_top_yolo/u_layer3/genblk1.gen_pages[0].pe_inst.u_pe_page/pe_col_inst[0].u_pe_col/pe_inst[0].u_pe_1/N3) has been disconnected.
I: Const net (pin CEX1 of inst u_top_yolo/u_layer3/genblk1.gen_pages[0].pe_inst.u_pe_page/pe_col_inst[0].u_pe_col/pe_inst[0].u_pe_2/N3) has been disconnected.
I: Const net (pin RSTX of inst u_top_yolo/u_layer3/genblk1.gen_pages[0].pe_inst.u_pe_page/pe_col_inst[0].u_pe_col/pe_inst[0].u_pe_2/N3) has been disconnected.
I: Const net (pin CEY1 of inst u_top_yolo/u_layer3/genblk1.gen_pages[0].pe_inst.u_pe_page/pe_col_inst[0].u_pe_col/pe_inst[0].u_pe_2/N3) has been disconnected.
I: Const net (pin RSTY of inst u_top_yolo/u_layer3/genblk1.gen_pages[0].pe_inst.u_pe_page/pe_col_inst[0].u_pe_col/pe_inst[0].u_pe_2/N3) has been disconnected.
I: Const net (pin CEP of inst u_top_yolo/u_layer3/genblk1.gen_pages[0].pe_inst.u_pe_page/pe_col_inst[0].u_pe_col/pe_inst[0].u_pe_2/N3) has been disconnected.
I: Const net (pin RSTP of inst u_top_yolo/u_layer3/genblk1.gen_pages[0].pe_inst.u_pe_page/pe_col_inst[0].u_pe_col/pe_inst[0].u_pe_2/N3) has been disconnected.
I: Const net (pin CEX1 of inst u_top_yolo/u_layer3/genblk1.gen_pages[0].pe_inst.u_pe_page/pe_col_inst[0].u_pe_col/pe_inst[0].u_pe_3/N3) has been disconnected.
I: Const net (pin RSTX of inst u_top_yolo/u_layer3/genblk1.gen_pages[0].pe_inst.u_pe_page/pe_col_inst[0].u_pe_col/pe_inst[0].u_pe_3/N3) has been disconnected.
I: Const net (pin CEY1 of inst u_top_yolo/u_layer3/genblk1.gen_pages[0].pe_inst.u_pe_page/pe_col_inst[0].u_pe_col/pe_inst[0].u_pe_3/N3) has been disconnected.
I: Const net (pin RSTY of inst u_top_yolo/u_layer3/genblk1.gen_pages[0].pe_inst.u_pe_page/pe_col_inst[0].u_pe_col/pe_inst[0].u_pe_3/N3) has been disconnected.
I: Const net (pin CEP of inst u_top_yolo/u_layer3/genblk1.gen_pages[0].pe_inst.u_pe_page/pe_col_inst[0].u_pe_col/pe_inst[0].u_pe_3/N3) has been disconnected.
I: Const net (pin RSTP of inst u_top_yolo/u_layer3/genblk1.gen_pages[0].pe_inst.u_pe_page/pe_col_inst[0].u_pe_col/pe_inst[0].u_pe_3/N3) has been disconnected.
I: Const net (pin CEX1 of inst u_top_yolo/u_layer3/genblk1.gen_pages[0].pe_inst.u_pe_page/pe_col_inst[0].u_pe_col/pe_inst[0].u_pe_4/N3) has been disconnected.
I: Const net (pin RSTX of inst u_top_yolo/u_layer3/genblk1.gen_pages[0].pe_inst.u_pe_page/pe_col_inst[0].u_pe_col/pe_inst[0].u_pe_4/N3) has been disconnected.
I: Const net (pin CEY1 of inst u_top_yolo/u_layer3/genblk1.gen_pages[0].pe_inst.u_pe_page/pe_col_inst[0].u_pe_col/pe_inst[0].u_pe_4/N3) has been disconnected.
I: Const net (pin RSTY of inst u_top_yolo/u_layer3/genblk1.gen_pages[0].pe_inst.u_pe_page/pe_col_inst[0].u_pe_col/pe_inst[0].u_pe_4/N3) has been disconnected.
I: Const net (pin CEP of inst u_top_yolo/u_layer3/genblk1.gen_pages[0].pe_inst.u_pe_page/pe_col_inst[0].u_pe_col/pe_inst[0].u_pe_4/N3) has been disconnected.
I: Const net (pin RSTP of inst u_top_yolo/u_layer3/genblk1.gen_pages[0].pe_inst.u_pe_page/pe_col_inst[0].u_pe_col/pe_inst[0].u_pe_4/N3) has been disconnected.
I: Const net (pin CEX1 of inst u_top_yolo/u_layer3/genblk1.gen_pages[0].pe_inst.u_pe_page/pe_col_inst[0].u_pe_col/pe_inst[0].u_pe_5/N3) has been disconnected.
I: Const net (pin RSTX of inst u_top_yolo/u_layer3/genblk1.gen_pages[0].pe_inst.u_pe_page/pe_col_inst[0].u_pe_col/pe_inst[0].u_pe_5/N3) has been disconnected.
I: Const net (pin CEY1 of inst u_top_yolo/u_layer3/genblk1.gen_pages[0].pe_inst.u_pe_page/pe_col_inst[0].u_pe_col/pe_inst[0].u_pe_5/N3) has been disconnected.
I: Const net (pin RSTY of inst u_top_yolo/u_layer3/genblk1.gen_pages[0].pe_inst.u_pe_page/pe_col_inst[0].u_pe_col/pe_inst[0].u_pe_5/N3) has been disconnected.
I: Const net (pin CEP of inst u_top_yolo/u_layer3/genblk1.gen_pages[0].pe_inst.u_pe_page/pe_col_inst[0].u_pe_col/pe_inst[0].u_pe_5/N3) has been disconnected.
I: Const net (pin RSTP of inst u_top_yolo/u_layer3/genblk1.gen_pages[0].pe_inst.u_pe_page/pe_col_inst[0].u_pe_col/pe_inst[0].u_pe_5/N3) has been disconnected.
I: Const net (pin CEX1 of inst u_top_yolo/u_layer3/genblk1.gen_pages[0].pe_inst.u_pe_page/pe_col_inst[0].u_pe_col/pe_inst[0].u_pe_6/N3) has been disconnected.
I: Const net (pin RSTX of inst u_top_yolo/u_layer3/genblk1.gen_pages[0].pe_inst.u_pe_page/pe_col_inst[0].u_pe_col/pe_inst[0].u_pe_6/N3) has been disconnected.
I: Const net (pin CEY1 of inst u_top_yolo/u_layer3/genblk1.gen_pages[0].pe_inst.u_pe_page/pe_col_inst[0].u_pe_col/pe_inst[0].u_pe_6/N3) has been disconnected.
I: Const net (pin RSTY of inst u_top_yolo/u_layer3/genblk1.gen_pages[0].pe_inst.u_pe_page/pe_col_inst[0].u_pe_col/pe_inst[0].u_pe_6/N3) has been disconnected.
I: Const net (pin CEP of inst u_top_yolo/u_layer3/genblk1.gen_pages[0].pe_inst.u_pe_page/pe_col_inst[0].u_pe_col/pe_inst[0].u_pe_6/N3) has been disconnected.
I: Const net (pin RSTP of inst u_top_yolo/u_layer3/genblk1.gen_pages[0].pe_inst.u_pe_page/pe_col_inst[0].u_pe_col/pe_inst[0].u_pe_6/N3) has been disconnected.
I: Const net (pin CEX1 of inst u_top_yolo/u_layer3/genblk1.gen_pages[0].pe_inst.u_pe_page/pe_col_inst[0].u_pe_col/pe_inst[0].u_pe_7/N3) has been disconnected.
I: Const net (pin RSTX of inst u_top_yolo/u_layer3/genblk1.gen_pages[0].pe_inst.u_pe_page/pe_col_inst[0].u_pe_col/pe_inst[0].u_pe_7/N3) has been disconnected.
I: Const net (pin CEY1 of inst u_top_yolo/u_layer3/genblk1.gen_pages[0].pe_inst.u_pe_page/pe_col_inst[0].u_pe_col/pe_inst[0].u_pe_7/N3) has been disconnected.
I: Const net (pin RSTY of inst u_top_yolo/u_layer3/genblk1.gen_pages[0].pe_inst.u_pe_page/pe_col_inst[0].u_pe_col/pe_inst[0].u_pe_7/N3) has been disconnected.
I: Const net (pin CEP of inst u_top_yolo/u_layer3/genblk1.gen_pages[0].pe_inst.u_pe_page/pe_col_inst[0].u_pe_col/pe_inst[0].u_pe_7/N3) has been disconnected.
I: Const net (pin RSTP of inst u_top_yolo/u_layer3/genblk1.gen_pages[0].pe_inst.u_pe_page/pe_col_inst[0].u_pe_col/pe_inst[0].u_pe_7/N3) has been disconnected.
I: Const net (pin CEX1 of inst u_top_yolo/u_layer3/genblk1.gen_pages[0].pe_inst.u_pe_page/pe_col_inst[0].u_pe_col/pe_inst[0].u_pe_8/N3) has been disconnected.
I: Const net (pin RSTX of inst u_top_yolo/u_layer3/genblk1.gen_pages[0].pe_inst.u_pe_page/pe_col_inst[0].u_pe_col/pe_inst[0].u_pe_8/N3) has been disconnected.
I: Const net (pin CEY1 of inst u_top_yolo/u_layer3/genblk1.gen_pages[0].pe_inst.u_pe_page/pe_col_inst[0].u_pe_col/pe_inst[0].u_pe_8/N3) has been disconnected.
I: Const net (pin RSTY of inst u_top_yolo/u_layer3/genblk1.gen_pages[0].pe_inst.u_pe_page/pe_col_inst[0].u_pe_col/pe_inst[0].u_pe_8/N3) has been disconnected.
I: Const net (pin CEP of inst u_top_yolo/u_layer3/genblk1.gen_pages[0].pe_inst.u_pe_page/pe_col_inst[0].u_pe_col/pe_inst[0].u_pe_8/N3) has been disconnected.
I: Const net (pin RSTP of inst u_top_yolo/u_layer3/genblk1.gen_pages[0].pe_inst.u_pe_page/pe_col_inst[0].u_pe_col/pe_inst[0].u_pe_8/N3) has been disconnected.
I: Const net (pin CEX1 of inst u_top_yolo/u_layer3/genblk1.gen_pages[0].pe_inst.u_pe_page/pe_col_inst[1].u_pe_col/pe_inst[0].u_pe/N3) has been disconnected.
I: Const net (pin RSTX of inst u_top_yolo/u_layer3/genblk1.gen_pages[0].pe_inst.u_pe_page/pe_col_inst[1].u_pe_col/pe_inst[0].u_pe/N3) has been disconnected.
I: Const net (pin CEY1 of inst u_top_yolo/u_layer3/genblk1.gen_pages[0].pe_inst.u_pe_page/pe_col_inst[1].u_pe_col/pe_inst[0].u_pe/N3) has been disconnected.
I: Const net (pin RSTY of inst u_top_yolo/u_layer3/genblk1.gen_pages[0].pe_inst.u_pe_page/pe_col_inst[1].u_pe_col/pe_inst[0].u_pe/N3) has been disconnected.
I: Const net (pin CEP of inst u_top_yolo/u_layer3/genblk1.gen_pages[0].pe_inst.u_pe_page/pe_col_inst[1].u_pe_col/pe_inst[0].u_pe/N3) has been disconnected.
I: Const net (pin RSTP of inst u_top_yolo/u_layer3/genblk1.gen_pages[0].pe_inst.u_pe_page/pe_col_inst[1].u_pe_col/pe_inst[0].u_pe/N3) has been disconnected.
I: Const net (pin CEX1 of inst u_top_yolo/u_layer3/genblk1.gen_pages[0].pe_inst.u_pe_page/pe_col_inst[1].u_pe_col/pe_inst[0].u_pe_1/N3) has been disconnected.
I: Const net (pin RSTX of inst u_top_yolo/u_layer3/genblk1.gen_pages[0].pe_inst.u_pe_page/pe_col_inst[1].u_pe_col/pe_inst[0].u_pe_1/N3) has been disconnected.
I: Const net (pin CEY1 of inst u_top_yolo/u_layer3/genblk1.gen_pages[0].pe_inst.u_pe_page/pe_col_inst[1].u_pe_col/pe_inst[0].u_pe_1/N3) has been disconnected.
I: Const net (pin RSTY of inst u_top_yolo/u_layer3/genblk1.gen_pages[0].pe_inst.u_pe_page/pe_col_inst[1].u_pe_col/pe_inst[0].u_pe_1/N3) has been disconnected.
I: Const net (pin CEP of inst u_top_yolo/u_layer3/genblk1.gen_pages[0].pe_inst.u_pe_page/pe_col_inst[1].u_pe_col/pe_inst[0].u_pe_1/N3) has been disconnected.
I: Const net (pin RSTP of inst u_top_yolo/u_layer3/genblk1.gen_pages[0].pe_inst.u_pe_page/pe_col_inst[1].u_pe_col/pe_inst[0].u_pe_1/N3) has been disconnected.
I: Const net (pin CEX1 of inst u_top_yolo/u_layer3/genblk1.gen_pages[0].pe_inst.u_pe_page/pe_col_inst[1].u_pe_col/pe_inst[0].u_pe_2/N3) has been disconnected.
I: Const net (pin RSTX of inst u_top_yolo/u_layer3/genblk1.gen_pages[0].pe_inst.u_pe_page/pe_col_inst[1].u_pe_col/pe_inst[0].u_pe_2/N3) has been disconnected.
I: Const net (pin CEY1 of inst u_top_yolo/u_layer3/genblk1.gen_pages[0].pe_inst.u_pe_page/pe_col_inst[1].u_pe_col/pe_inst[0].u_pe_2/N3) has been disconnected.
I: Const net (pin RSTY of inst u_top_yolo/u_layer3/genblk1.gen_pages[0].pe_inst.u_pe_page/pe_col_inst[1].u_pe_col/pe_inst[0].u_pe_2/N3) has been disconnected.
I: Const net (pin CEP of inst u_top_yolo/u_layer3/genblk1.gen_pages[0].pe_inst.u_pe_page/pe_col_inst[1].u_pe_col/pe_inst[0].u_pe_2/N3) has been disconnected.
I: Const net (pin RSTP of inst u_top_yolo/u_layer3/genblk1.gen_pages[0].pe_inst.u_pe_page/pe_col_inst[1].u_pe_col/pe_inst[0].u_pe_2/N3) has been disconnected.
I: Const net (pin CEX1 of inst u_top_yolo/u_layer3/genblk1.gen_pages[0].pe_inst.u_pe_page/pe_col_inst[1].u_pe_col/pe_inst[0].u_pe_3/N3) has been disconnected.
I: Const net (pin RSTX of inst u_top_yolo/u_layer3/genblk1.gen_pages[0].pe_inst.u_pe_page/pe_col_inst[1].u_pe_col/pe_inst[0].u_pe_3/N3) has been disconnected.
I: Const net (pin CEY1 of inst u_top_yolo/u_layer3/genblk1.gen_pages[0].pe_inst.u_pe_page/pe_col_inst[1].u_pe_col/pe_inst[0].u_pe_3/N3) has been disconnected.
I: Const net (pin RSTY of inst u_top_yolo/u_layer3/genblk1.gen_pages[0].pe_inst.u_pe_page/pe_col_inst[1].u_pe_col/pe_inst[0].u_pe_3/N3) has been disconnected.
I: Const net (pin CEP of inst u_top_yolo/u_layer3/genblk1.gen_pages[0].pe_inst.u_pe_page/pe_col_inst[1].u_pe_col/pe_inst[0].u_pe_3/N3) has been disconnected.
I: Const net (pin RSTP of inst u_top_yolo/u_layer3/genblk1.gen_pages[0].pe_inst.u_pe_page/pe_col_inst[1].u_pe_col/pe_inst[0].u_pe_3/N3) has been disconnected.
I: Const net (pin CEX1 of inst u_top_yolo/u_layer3/genblk1.gen_pages[0].pe_inst.u_pe_page/pe_col_inst[1].u_pe_col/pe_inst[0].u_pe_4/N3) has been disconnected.
I: Const net (pin RSTX of inst u_top_yolo/u_layer3/genblk1.gen_pages[0].pe_inst.u_pe_page/pe_col_inst[1].u_pe_col/pe_inst[0].u_pe_4/N3) has been disconnected.
I: Const net (pin CEY1 of inst u_top_yolo/u_layer3/genblk1.gen_pages[0].pe_inst.u_pe_page/pe_col_inst[1].u_pe_col/pe_inst[0].u_pe_4/N3) has been disconnected.
I: Const net (pin RSTY of inst u_top_yolo/u_layer3/genblk1.gen_pages[0].pe_inst.u_pe_page/pe_col_inst[1].u_pe_col/pe_inst[0].u_pe_4/N3) has been disconnected.
I: Const net (pin CEP of inst u_top_yolo/u_layer3/genblk1.gen_pages[0].pe_inst.u_pe_page/pe_col_inst[1].u_pe_col/pe_inst[0].u_pe_4/N3) has been disconnected.
I: Const net (pin RSTP of inst u_top_yolo/u_layer3/genblk1.gen_pages[0].pe_inst.u_pe_page/pe_col_inst[1].u_pe_col/pe_inst[0].u_pe_4/N3) has been disconnected.
I: Const net (pin CEX1 of inst u_top_yolo/u_layer3/genblk1.gen_pages[0].pe_inst.u_pe_page/pe_col_inst[1].u_pe_col/pe_inst[0].u_pe_5/N3) has been disconnected.
I: Const net (pin RSTX of inst u_top_yolo/u_layer3/genblk1.gen_pages[0].pe_inst.u_pe_page/pe_col_inst[1].u_pe_col/pe_inst[0].u_pe_5/N3) has been disconnected.
I: Const net (pin CEY1 of inst u_top_yolo/u_layer3/genblk1.gen_pages[0].pe_inst.u_pe_page/pe_col_inst[1].u_pe_col/pe_inst[0].u_pe_5/N3) has been disconnected.
I: Const net (pin RSTY of inst u_top_yolo/u_layer3/genblk1.gen_pages[0].pe_inst.u_pe_page/pe_col_inst[1].u_pe_col/pe_inst[0].u_pe_5/N3) has been disconnected.
I: Const net (pin CEP of inst u_top_yolo/u_layer3/genblk1.gen_pages[0].pe_inst.u_pe_page/pe_col_inst[1].u_pe_col/pe_inst[0].u_pe_5/N3) has been disconnected.
I: Const net (pin RSTP of inst u_top_yolo/u_layer3/genblk1.gen_pages[0].pe_inst.u_pe_page/pe_col_inst[1].u_pe_col/pe_inst[0].u_pe_5/N3) has been disconnected.
I: Const net (pin CEX1 of inst u_top_yolo/u_layer3/genblk1.gen_pages[0].pe_inst.u_pe_page/pe_col_inst[1].u_pe_col/pe_inst[0].u_pe_6/N3) has been disconnected.
I: Const net (pin RSTX of inst u_top_yolo/u_layer3/genblk1.gen_pages[0].pe_inst.u_pe_page/pe_col_inst[1].u_pe_col/pe_inst[0].u_pe_6/N3) has been disconnected.
I: Const net (pin CEY1 of inst u_top_yolo/u_layer3/genblk1.gen_pages[0].pe_inst.u_pe_page/pe_col_inst[1].u_pe_col/pe_inst[0].u_pe_6/N3) has been disconnected.
I: Const net (pin RSTY of inst u_top_yolo/u_layer3/genblk1.gen_pages[0].pe_inst.u_pe_page/pe_col_inst[1].u_pe_col/pe_inst[0].u_pe_6/N3) has been disconnected.
I: Const net (pin CEP of inst u_top_yolo/u_layer3/genblk1.gen_pages[0].pe_inst.u_pe_page/pe_col_inst[1].u_pe_col/pe_inst[0].u_pe_6/N3) has been disconnected.
I: Const net (pin RSTP of inst u_top_yolo/u_layer3/genblk1.gen_pages[0].pe_inst.u_pe_page/pe_col_inst[1].u_pe_col/pe_inst[0].u_pe_6/N3) has been disconnected.
I: Const net (pin CEX1 of inst u_top_yolo/u_layer3/genblk1.gen_pages[0].pe_inst.u_pe_page/pe_col_inst[1].u_pe_col/pe_inst[0].u_pe_7/N3) has been disconnected.
I: Const net (pin RSTX of inst u_top_yolo/u_layer3/genblk1.gen_pages[0].pe_inst.u_pe_page/pe_col_inst[1].u_pe_col/pe_inst[0].u_pe_7/N3) has been disconnected.
I: Const net (pin CEY1 of inst u_top_yolo/u_layer3/genblk1.gen_pages[0].pe_inst.u_pe_page/pe_col_inst[1].u_pe_col/pe_inst[0].u_pe_7/N3) has been disconnected.
I: Const net (pin RSTY of inst u_top_yolo/u_layer3/genblk1.gen_pages[0].pe_inst.u_pe_page/pe_col_inst[1].u_pe_col/pe_inst[0].u_pe_7/N3) has been disconnected.
I: Const net (pin CEP of inst u_top_yolo/u_layer3/genblk1.gen_pages[0].pe_inst.u_pe_page/pe_col_inst[1].u_pe_col/pe_inst[0].u_pe_7/N3) has been disconnected.
I: Const net (pin RSTP of inst u_top_yolo/u_layer3/genblk1.gen_pages[0].pe_inst.u_pe_page/pe_col_inst[1].u_pe_col/pe_inst[0].u_pe_7/N3) has been disconnected.
I: Const net (pin CEX1 of inst u_top_yolo/u_layer3/genblk1.gen_pages[0].pe_inst.u_pe_page/pe_col_inst[1].u_pe_col/pe_inst[0].u_pe_8/N3) has been disconnected.
I: Const net (pin RSTX of inst u_top_yolo/u_layer3/genblk1.gen_pages[0].pe_inst.u_pe_page/pe_col_inst[1].u_pe_col/pe_inst[0].u_pe_8/N3) has been disconnected.
I: Const net (pin CEY1 of inst u_top_yolo/u_layer3/genblk1.gen_pages[0].pe_inst.u_pe_page/pe_col_inst[1].u_pe_col/pe_inst[0].u_pe_8/N3) has been disconnected.
I: Const net (pin RSTY of inst u_top_yolo/u_layer3/genblk1.gen_pages[0].pe_inst.u_pe_page/pe_col_inst[1].u_pe_col/pe_inst[0].u_pe_8/N3) has been disconnected.
I: Const net (pin CEP of inst u_top_yolo/u_layer3/genblk1.gen_pages[0].pe_inst.u_pe_page/pe_col_inst[1].u_pe_col/pe_inst[0].u_pe_8/N3) has been disconnected.
I: Const net (pin RSTP of inst u_top_yolo/u_layer3/genblk1.gen_pages[0].pe_inst.u_pe_page/pe_col_inst[1].u_pe_col/pe_inst[0].u_pe_8/N3) has been disconnected.
I: Const net (pin CEX1 of inst u_top_yolo/u_layer3/genblk1.gen_pages[0].pe_inst.u_pe_page/pe_col_inst[2].u_pe_col/pe_inst[0].u_pe/N3) has been disconnected.
I: Const net (pin RSTX of inst u_top_yolo/u_layer3/genblk1.gen_pages[0].pe_inst.u_pe_page/pe_col_inst[2].u_pe_col/pe_inst[0].u_pe/N3) has been disconnected.
I: Const net (pin CEY1 of inst u_top_yolo/u_layer3/genblk1.gen_pages[0].pe_inst.u_pe_page/pe_col_inst[2].u_pe_col/pe_inst[0].u_pe/N3) has been disconnected.
I: Const net (pin RSTY of inst u_top_yolo/u_layer3/genblk1.gen_pages[0].pe_inst.u_pe_page/pe_col_inst[2].u_pe_col/pe_inst[0].u_pe/N3) has been disconnected.
I: Const net (pin CEP of inst u_top_yolo/u_layer3/genblk1.gen_pages[0].pe_inst.u_pe_page/pe_col_inst[2].u_pe_col/pe_inst[0].u_pe/N3) has been disconnected.
I: Const net (pin RSTP of inst u_top_yolo/u_layer3/genblk1.gen_pages[0].pe_inst.u_pe_page/pe_col_inst[2].u_pe_col/pe_inst[0].u_pe/N3) has been disconnected.
I: Const net (pin CEX1 of inst u_top_yolo/u_layer3/genblk1.gen_pages[0].pe_inst.u_pe_page/pe_col_inst[2].u_pe_col/pe_inst[0].u_pe_1/N3) has been disconnected.
I: Const net (pin RSTX of inst u_top_yolo/u_layer3/genblk1.gen_pages[0].pe_inst.u_pe_page/pe_col_inst[2].u_pe_col/pe_inst[0].u_pe_1/N3) has been disconnected.
I: Const net (pin CEY1 of inst u_top_yolo/u_layer3/genblk1.gen_pages[0].pe_inst.u_pe_page/pe_col_inst[2].u_pe_col/pe_inst[0].u_pe_1/N3) has been disconnected.
I: Const net (pin RSTY of inst u_top_yolo/u_layer3/genblk1.gen_pages[0].pe_inst.u_pe_page/pe_col_inst[2].u_pe_col/pe_inst[0].u_pe_1/N3) has been disconnected.
I: Const net (pin CEP of inst u_top_yolo/u_layer3/genblk1.gen_pages[0].pe_inst.u_pe_page/pe_col_inst[2].u_pe_col/pe_inst[0].u_pe_1/N3) has been disconnected.
I: Const net (pin RSTP of inst u_top_yolo/u_layer3/genblk1.gen_pages[0].pe_inst.u_pe_page/pe_col_inst[2].u_pe_col/pe_inst[0].u_pe_1/N3) has been disconnected.
I: Const net (pin CEX1 of inst u_top_yolo/u_layer3/genblk1.gen_pages[0].pe_inst.u_pe_page/pe_col_inst[2].u_pe_col/pe_inst[0].u_pe_2/N3) has been disconnected.
I: Const net (pin RSTX of inst u_top_yolo/u_layer3/genblk1.gen_pages[0].pe_inst.u_pe_page/pe_col_inst[2].u_pe_col/pe_inst[0].u_pe_2/N3) has been disconnected.
I: Const net (pin CEY1 of inst u_top_yolo/u_layer3/genblk1.gen_pages[0].pe_inst.u_pe_page/pe_col_inst[2].u_pe_col/pe_inst[0].u_pe_2/N3) has been disconnected.
I: Const net (pin RSTY of inst u_top_yolo/u_layer3/genblk1.gen_pages[0].pe_inst.u_pe_page/pe_col_inst[2].u_pe_col/pe_inst[0].u_pe_2/N3) has been disconnected.
I: Const net (pin CEP of inst u_top_yolo/u_layer3/genblk1.gen_pages[0].pe_inst.u_pe_page/pe_col_inst[2].u_pe_col/pe_inst[0].u_pe_2/N3) has been disconnected.
I: Const net (pin RSTP of inst u_top_yolo/u_layer3/genblk1.gen_pages[0].pe_inst.u_pe_page/pe_col_inst[2].u_pe_col/pe_inst[0].u_pe_2/N3) has been disconnected.
I: Const net (pin CEX1 of inst u_top_yolo/u_layer3/genblk1.gen_pages[0].pe_inst.u_pe_page/pe_col_inst[2].u_pe_col/pe_inst[0].u_pe_3/N3) has been disconnected.
I: Const net (pin RSTX of inst u_top_yolo/u_layer3/genblk1.gen_pages[0].pe_inst.u_pe_page/pe_col_inst[2].u_pe_col/pe_inst[0].u_pe_3/N3) has been disconnected.
I: Const net (pin CEY1 of inst u_top_yolo/u_layer3/genblk1.gen_pages[0].pe_inst.u_pe_page/pe_col_inst[2].u_pe_col/pe_inst[0].u_pe_3/N3) has been disconnected.
I: Const net (pin RSTY of inst u_top_yolo/u_layer3/genblk1.gen_pages[0].pe_inst.u_pe_page/pe_col_inst[2].u_pe_col/pe_inst[0].u_pe_3/N3) has been disconnected.
I: Const net (pin CEP of inst u_top_yolo/u_layer3/genblk1.gen_pages[0].pe_inst.u_pe_page/pe_col_inst[2].u_pe_col/pe_inst[0].u_pe_3/N3) has been disconnected.
I: Const net (pin RSTP of inst u_top_yolo/u_layer3/genblk1.gen_pages[0].pe_inst.u_pe_page/pe_col_inst[2].u_pe_col/pe_inst[0].u_pe_3/N3) has been disconnected.
I: Const net (pin CEX1 of inst u_top_yolo/u_layer3/genblk1.gen_pages[0].pe_inst.u_pe_page/pe_col_inst[2].u_pe_col/pe_inst[0].u_pe_4/N3) has been disconnected.
I: Const net (pin RSTX of inst u_top_yolo/u_layer3/genblk1.gen_pages[0].pe_inst.u_pe_page/pe_col_inst[2].u_pe_col/pe_inst[0].u_pe_4/N3) has been disconnected.
I: Const net (pin CEY1 of inst u_top_yolo/u_layer3/genblk1.gen_pages[0].pe_inst.u_pe_page/pe_col_inst[2].u_pe_col/pe_inst[0].u_pe_4/N3) has been disconnected.
I: Const net (pin RSTY of inst u_top_yolo/u_layer3/genblk1.gen_pages[0].pe_inst.u_pe_page/pe_col_inst[2].u_pe_col/pe_inst[0].u_pe_4/N3) has been disconnected.
I: Const net (pin CEP of inst u_top_yolo/u_layer3/genblk1.gen_pages[0].pe_inst.u_pe_page/pe_col_inst[2].u_pe_col/pe_inst[0].u_pe_4/N3) has been disconnected.
I: Const net (pin RSTP of inst u_top_yolo/u_layer3/genblk1.gen_pages[0].pe_inst.u_pe_page/pe_col_inst[2].u_pe_col/pe_inst[0].u_pe_4/N3) has been disconnected.
I: Const net (pin CEX1 of inst u_top_yolo/u_layer3/genblk1.gen_pages[0].pe_inst.u_pe_page/pe_col_inst[2].u_pe_col/pe_inst[0].u_pe_5/N3) has been disconnected.
I: Const net (pin RSTX of inst u_top_yolo/u_layer3/genblk1.gen_pages[0].pe_inst.u_pe_page/pe_col_inst[2].u_pe_col/pe_inst[0].u_pe_5/N3) has been disconnected.
I: Const net (pin CEY1 of inst u_top_yolo/u_layer3/genblk1.gen_pages[0].pe_inst.u_pe_page/pe_col_inst[2].u_pe_col/pe_inst[0].u_pe_5/N3) has been disconnected.
I: Const net (pin RSTY of inst u_top_yolo/u_layer3/genblk1.gen_pages[0].pe_inst.u_pe_page/pe_col_inst[2].u_pe_col/pe_inst[0].u_pe_5/N3) has been disconnected.
I: Const net (pin CEP of inst u_top_yolo/u_layer3/genblk1.gen_pages[0].pe_inst.u_pe_page/pe_col_inst[2].u_pe_col/pe_inst[0].u_pe_5/N3) has been disconnected.
I: Const net (pin RSTP of inst u_top_yolo/u_layer3/genblk1.gen_pages[0].pe_inst.u_pe_page/pe_col_inst[2].u_pe_col/pe_inst[0].u_pe_5/N3) has been disconnected.
I: Const net (pin CEX1 of inst u_top_yolo/u_layer3/genblk1.gen_pages[0].pe_inst.u_pe_page/pe_col_inst[2].u_pe_col/pe_inst[0].u_pe_6/N3) has been disconnected.
I: Const net (pin RSTX of inst u_top_yolo/u_layer3/genblk1.gen_pages[0].pe_inst.u_pe_page/pe_col_inst[2].u_pe_col/pe_inst[0].u_pe_6/N3) has been disconnected.
I: Const net (pin CEY1 of inst u_top_yolo/u_layer3/genblk1.gen_pages[0].pe_inst.u_pe_page/pe_col_inst[2].u_pe_col/pe_inst[0].u_pe_6/N3) has been disconnected.
I: Const net (pin RSTY of inst u_top_yolo/u_layer3/genblk1.gen_pages[0].pe_inst.u_pe_page/pe_col_inst[2].u_pe_col/pe_inst[0].u_pe_6/N3) has been disconnected.
I: Const net (pin CEP of inst u_top_yolo/u_layer3/genblk1.gen_pages[0].pe_inst.u_pe_page/pe_col_inst[2].u_pe_col/pe_inst[0].u_pe_6/N3) has been disconnected.
I: Const net (pin RSTP of inst u_top_yolo/u_layer3/genblk1.gen_pages[0].pe_inst.u_pe_page/pe_col_inst[2].u_pe_col/pe_inst[0].u_pe_6/N3) has been disconnected.
I: Const net (pin CEX1 of inst u_top_yolo/u_layer3/genblk1.gen_pages[0].pe_inst.u_pe_page/pe_col_inst[2].u_pe_col/pe_inst[0].u_pe_7/N3) has been disconnected.
I: Const net (pin RSTX of inst u_top_yolo/u_layer3/genblk1.gen_pages[0].pe_inst.u_pe_page/pe_col_inst[2].u_pe_col/pe_inst[0].u_pe_7/N3) has been disconnected.
I: Const net (pin CEY1 of inst u_top_yolo/u_layer3/genblk1.gen_pages[0].pe_inst.u_pe_page/pe_col_inst[2].u_pe_col/pe_inst[0].u_pe_7/N3) has been disconnected.
I: Const net (pin RSTY of inst u_top_yolo/u_layer3/genblk1.gen_pages[0].pe_inst.u_pe_page/pe_col_inst[2].u_pe_col/pe_inst[0].u_pe_7/N3) has been disconnected.
I: Const net (pin CEP of inst u_top_yolo/u_layer3/genblk1.gen_pages[0].pe_inst.u_pe_page/pe_col_inst[2].u_pe_col/pe_inst[0].u_pe_7/N3) has been disconnected.
I: Const net (pin RSTP of inst u_top_yolo/u_layer3/genblk1.gen_pages[0].pe_inst.u_pe_page/pe_col_inst[2].u_pe_col/pe_inst[0].u_pe_7/N3) has been disconnected.
I: Const net (pin CEX1 of inst u_top_yolo/u_layer3/genblk1.gen_pages[0].pe_inst.u_pe_page/pe_col_inst[2].u_pe_col/pe_inst[0].u_pe_8/N3) has been disconnected.
I: Const net (pin RSTX of inst u_top_yolo/u_layer3/genblk1.gen_pages[0].pe_inst.u_pe_page/pe_col_inst[2].u_pe_col/pe_inst[0].u_pe_8/N3) has been disconnected.
I: Const net (pin CEY1 of inst u_top_yolo/u_layer3/genblk1.gen_pages[0].pe_inst.u_pe_page/pe_col_inst[2].u_pe_col/pe_inst[0].u_pe_8/N3) has been disconnected.
I: Const net (pin RSTY of inst u_top_yolo/u_layer3/genblk1.gen_pages[0].pe_inst.u_pe_page/pe_col_inst[2].u_pe_col/pe_inst[0].u_pe_8/N3) has been disconnected.
I: Const net (pin CEP of inst u_top_yolo/u_layer3/genblk1.gen_pages[0].pe_inst.u_pe_page/pe_col_inst[2].u_pe_col/pe_inst[0].u_pe_8/N3) has been disconnected.
I: Const net (pin RSTP of inst u_top_yolo/u_layer3/genblk1.gen_pages[0].pe_inst.u_pe_page/pe_col_inst[2].u_pe_col/pe_inst[0].u_pe_8/N3) has been disconnected.
I: Const net (pin CEX1 of inst u_top_yolo/u_layer3/genblk1.gen_pages[0].pe_inst.u_pe_page/pe_col_inst[3].u_pe_col/pe_inst[0].u_pe/N3) has been disconnected.
I: Const net (pin RSTX of inst u_top_yolo/u_layer3/genblk1.gen_pages[0].pe_inst.u_pe_page/pe_col_inst[3].u_pe_col/pe_inst[0].u_pe/N3) has been disconnected.
I: Const net (pin CEY1 of inst u_top_yolo/u_layer3/genblk1.gen_pages[0].pe_inst.u_pe_page/pe_col_inst[3].u_pe_col/pe_inst[0].u_pe/N3) has been disconnected.
I: Const net (pin RSTY of inst u_top_yolo/u_layer3/genblk1.gen_pages[0].pe_inst.u_pe_page/pe_col_inst[3].u_pe_col/pe_inst[0].u_pe/N3) has been disconnected.
I: Const net (pin CEP of inst u_top_yolo/u_layer3/genblk1.gen_pages[0].pe_inst.u_pe_page/pe_col_inst[3].u_pe_col/pe_inst[0].u_pe/N3) has been disconnected.
I: Const net (pin RSTP of inst u_top_yolo/u_layer3/genblk1.gen_pages[0].pe_inst.u_pe_page/pe_col_inst[3].u_pe_col/pe_inst[0].u_pe/N3) has been disconnected.
I: Const net (pin CEX1 of inst u_top_yolo/u_layer3/genblk1.gen_pages[0].pe_inst.u_pe_page/pe_col_inst[3].u_pe_col/pe_inst[0].u_pe_1/N3) has been disconnected.
I: Const net (pin RSTX of inst u_top_yolo/u_layer3/genblk1.gen_pages[0].pe_inst.u_pe_page/pe_col_inst[3].u_pe_col/pe_inst[0].u_pe_1/N3) has been disconnected.
I: Const net (pin CEY1 of inst u_top_yolo/u_layer3/genblk1.gen_pages[0].pe_inst.u_pe_page/pe_col_inst[3].u_pe_col/pe_inst[0].u_pe_1/N3) has been disconnected.
I: Const net (pin RSTY of inst u_top_yolo/u_layer3/genblk1.gen_pages[0].pe_inst.u_pe_page/pe_col_inst[3].u_pe_col/pe_inst[0].u_pe_1/N3) has been disconnected.
I: Const net (pin CEP of inst u_top_yolo/u_layer3/genblk1.gen_pages[0].pe_inst.u_pe_page/pe_col_inst[3].u_pe_col/pe_inst[0].u_pe_1/N3) has been disconnected.
I: Const net (pin RSTP of inst u_top_yolo/u_layer3/genblk1.gen_pages[0].pe_inst.u_pe_page/pe_col_inst[3].u_pe_col/pe_inst[0].u_pe_1/N3) has been disconnected.
I: Const net (pin CEX1 of inst u_top_yolo/u_layer3/genblk1.gen_pages[0].pe_inst.u_pe_page/pe_col_inst[3].u_pe_col/pe_inst[0].u_pe_2/N3) has been disconnected.
I: Const net (pin RSTX of inst u_top_yolo/u_layer3/genblk1.gen_pages[0].pe_inst.u_pe_page/pe_col_inst[3].u_pe_col/pe_inst[0].u_pe_2/N3) has been disconnected.
I: Const net (pin CEY1 of inst u_top_yolo/u_layer3/genblk1.gen_pages[0].pe_inst.u_pe_page/pe_col_inst[3].u_pe_col/pe_inst[0].u_pe_2/N3) has been disconnected.
I: Const net (pin RSTY of inst u_top_yolo/u_layer3/genblk1.gen_pages[0].pe_inst.u_pe_page/pe_col_inst[3].u_pe_col/pe_inst[0].u_pe_2/N3) has been disconnected.
I: Const net (pin CEP of inst u_top_yolo/u_layer3/genblk1.gen_pages[0].pe_inst.u_pe_page/pe_col_inst[3].u_pe_col/pe_inst[0].u_pe_2/N3) has been disconnected.
I: Const net (pin RSTP of inst u_top_yolo/u_layer3/genblk1.gen_pages[0].pe_inst.u_pe_page/pe_col_inst[3].u_pe_col/pe_inst[0].u_pe_2/N3) has been disconnected.
I: Const net (pin CEX1 of inst u_top_yolo/u_layer3/genblk1.gen_pages[0].pe_inst.u_pe_page/pe_col_inst[3].u_pe_col/pe_inst[0].u_pe_3/N3) has been disconnected.
I: Const net (pin RSTX of inst u_top_yolo/u_layer3/genblk1.gen_pages[0].pe_inst.u_pe_page/pe_col_inst[3].u_pe_col/pe_inst[0].u_pe_3/N3) has been disconnected.
I: Const net (pin CEY1 of inst u_top_yolo/u_layer3/genblk1.gen_pages[0].pe_inst.u_pe_page/pe_col_inst[3].u_pe_col/pe_inst[0].u_pe_3/N3) has been disconnected.
I: Const net (pin RSTY of inst u_top_yolo/u_layer3/genblk1.gen_pages[0].pe_inst.u_pe_page/pe_col_inst[3].u_pe_col/pe_inst[0].u_pe_3/N3) has been disconnected.
I: Const net (pin CEP of inst u_top_yolo/u_layer3/genblk1.gen_pages[0].pe_inst.u_pe_page/pe_col_inst[3].u_pe_col/pe_inst[0].u_pe_3/N3) has been disconnected.
I: Const net (pin RSTP of inst u_top_yolo/u_layer3/genblk1.gen_pages[0].pe_inst.u_pe_page/pe_col_inst[3].u_pe_col/pe_inst[0].u_pe_3/N3) has been disconnected.
I: Const net (pin CEX1 of inst u_top_yolo/u_layer3/genblk1.gen_pages[0].pe_inst.u_pe_page/pe_col_inst[3].u_pe_col/pe_inst[0].u_pe_4/N3) has been disconnected.
I: Const net (pin RSTX of inst u_top_yolo/u_layer3/genblk1.gen_pages[0].pe_inst.u_pe_page/pe_col_inst[3].u_pe_col/pe_inst[0].u_pe_4/N3) has been disconnected.
I: Const net (pin CEY1 of inst u_top_yolo/u_layer3/genblk1.gen_pages[0].pe_inst.u_pe_page/pe_col_inst[3].u_pe_col/pe_inst[0].u_pe_4/N3) has been disconnected.
I: Const net (pin RSTY of inst u_top_yolo/u_layer3/genblk1.gen_pages[0].pe_inst.u_pe_page/pe_col_inst[3].u_pe_col/pe_inst[0].u_pe_4/N3) has been disconnected.
I: Const net (pin CEP of inst u_top_yolo/u_layer3/genblk1.gen_pages[0].pe_inst.u_pe_page/pe_col_inst[3].u_pe_col/pe_inst[0].u_pe_4/N3) has been disconnected.
I: Const net (pin RSTP of inst u_top_yolo/u_layer3/genblk1.gen_pages[0].pe_inst.u_pe_page/pe_col_inst[3].u_pe_col/pe_inst[0].u_pe_4/N3) has been disconnected.
I: Const net (pin CEX1 of inst u_top_yolo/u_layer3/genblk1.gen_pages[0].pe_inst.u_pe_page/pe_col_inst[3].u_pe_col/pe_inst[0].u_pe_5/N3) has been disconnected.
I: Const net (pin RSTX of inst u_top_yolo/u_layer3/genblk1.gen_pages[0].pe_inst.u_pe_page/pe_col_inst[3].u_pe_col/pe_inst[0].u_pe_5/N3) has been disconnected.
I: Const net (pin CEY1 of inst u_top_yolo/u_layer3/genblk1.gen_pages[0].pe_inst.u_pe_page/pe_col_inst[3].u_pe_col/pe_inst[0].u_pe_5/N3) has been disconnected.
I: Const net (pin RSTY of inst u_top_yolo/u_layer3/genblk1.gen_pages[0].pe_inst.u_pe_page/pe_col_inst[3].u_pe_col/pe_inst[0].u_pe_5/N3) has been disconnected.
I: Const net (pin CEP of inst u_top_yolo/u_layer3/genblk1.gen_pages[0].pe_inst.u_pe_page/pe_col_inst[3].u_pe_col/pe_inst[0].u_pe_5/N3) has been disconnected.
I: Const net (pin RSTP of inst u_top_yolo/u_layer3/genblk1.gen_pages[0].pe_inst.u_pe_page/pe_col_inst[3].u_pe_col/pe_inst[0].u_pe_5/N3) has been disconnected.
I: Const net (pin CEX1 of inst u_top_yolo/u_layer3/genblk1.gen_pages[0].pe_inst.u_pe_page/pe_col_inst[3].u_pe_col/pe_inst[0].u_pe_6/N3) has been disconnected.
I: Const net (pin RSTX of inst u_top_yolo/u_layer3/genblk1.gen_pages[0].pe_inst.u_pe_page/pe_col_inst[3].u_pe_col/pe_inst[0].u_pe_6/N3) has been disconnected.
I: Const net (pin CEY1 of inst u_top_yolo/u_layer3/genblk1.gen_pages[0].pe_inst.u_pe_page/pe_col_inst[3].u_pe_col/pe_inst[0].u_pe_6/N3) has been disconnected.
I: Const net (pin RSTY of inst u_top_yolo/u_layer3/genblk1.gen_pages[0].pe_inst.u_pe_page/pe_col_inst[3].u_pe_col/pe_inst[0].u_pe_6/N3) has been disconnected.
I: Const net (pin CEP of inst u_top_yolo/u_layer3/genblk1.gen_pages[0].pe_inst.u_pe_page/pe_col_inst[3].u_pe_col/pe_inst[0].u_pe_6/N3) has been disconnected.
I: Const net (pin RSTP of inst u_top_yolo/u_layer3/genblk1.gen_pages[0].pe_inst.u_pe_page/pe_col_inst[3].u_pe_col/pe_inst[0].u_pe_6/N3) has been disconnected.
I: Const net (pin CEX1 of inst u_top_yolo/u_layer3/genblk1.gen_pages[0].pe_inst.u_pe_page/pe_col_inst[3].u_pe_col/pe_inst[0].u_pe_7/N3) has been disconnected.
I: Const net (pin RSTX of inst u_top_yolo/u_layer3/genblk1.gen_pages[0].pe_inst.u_pe_page/pe_col_inst[3].u_pe_col/pe_inst[0].u_pe_7/N3) has been disconnected.
I: Const net (pin CEY1 of inst u_top_yolo/u_layer3/genblk1.gen_pages[0].pe_inst.u_pe_page/pe_col_inst[3].u_pe_col/pe_inst[0].u_pe_7/N3) has been disconnected.
I: Const net (pin RSTY of inst u_top_yolo/u_layer3/genblk1.gen_pages[0].pe_inst.u_pe_page/pe_col_inst[3].u_pe_col/pe_inst[0].u_pe_7/N3) has been disconnected.
I: Const net (pin CEP of inst u_top_yolo/u_layer3/genblk1.gen_pages[0].pe_inst.u_pe_page/pe_col_inst[3].u_pe_col/pe_inst[0].u_pe_7/N3) has been disconnected.
I: Const net (pin RSTP of inst u_top_yolo/u_layer3/genblk1.gen_pages[0].pe_inst.u_pe_page/pe_col_inst[3].u_pe_col/pe_inst[0].u_pe_7/N3) has been disconnected.
I: Const net (pin CEX1 of inst u_top_yolo/u_layer3/genblk1.gen_pages[0].pe_inst.u_pe_page/pe_col_inst[3].u_pe_col/pe_inst[0].u_pe_8/N3) has been disconnected.
I: Const net (pin RSTX of inst u_top_yolo/u_layer3/genblk1.gen_pages[0].pe_inst.u_pe_page/pe_col_inst[3].u_pe_col/pe_inst[0].u_pe_8/N3) has been disconnected.
I: Const net (pin CEY1 of inst u_top_yolo/u_layer3/genblk1.gen_pages[0].pe_inst.u_pe_page/pe_col_inst[3].u_pe_col/pe_inst[0].u_pe_8/N3) has been disconnected.
I: Const net (pin RSTY of inst u_top_yolo/u_layer3/genblk1.gen_pages[0].pe_inst.u_pe_page/pe_col_inst[3].u_pe_col/pe_inst[0].u_pe_8/N3) has been disconnected.
I: Const net (pin CEP of inst u_top_yolo/u_layer3/genblk1.gen_pages[0].pe_inst.u_pe_page/pe_col_inst[3].u_pe_col/pe_inst[0].u_pe_8/N3) has been disconnected.
I: Const net (pin RSTP of inst u_top_yolo/u_layer3/genblk1.gen_pages[0].pe_inst.u_pe_page/pe_col_inst[3].u_pe_col/pe_inst[0].u_pe_8/N3) has been disconnected.
I: Const net (pin CEX1 of inst u_top_yolo/u_layer4/genblk1.gen_pages[0].pe_inst.u_pe_page/pe_col_inst[0].u_pe_col/pe_inst[0].u_pe/N3) has been disconnected.
I: Const net (pin RSTX of inst u_top_yolo/u_layer4/genblk1.gen_pages[0].pe_inst.u_pe_page/pe_col_inst[0].u_pe_col/pe_inst[0].u_pe/N3) has been disconnected.
I: Const net (pin CEY1 of inst u_top_yolo/u_layer4/genblk1.gen_pages[0].pe_inst.u_pe_page/pe_col_inst[0].u_pe_col/pe_inst[0].u_pe/N3) has been disconnected.
I: Const net (pin RSTY of inst u_top_yolo/u_layer4/genblk1.gen_pages[0].pe_inst.u_pe_page/pe_col_inst[0].u_pe_col/pe_inst[0].u_pe/N3) has been disconnected.
I: Const net (pin CEP of inst u_top_yolo/u_layer4/genblk1.gen_pages[0].pe_inst.u_pe_page/pe_col_inst[0].u_pe_col/pe_inst[0].u_pe/N3) has been disconnected.
I: Const net (pin RSTP of inst u_top_yolo/u_layer4/genblk1.gen_pages[0].pe_inst.u_pe_page/pe_col_inst[0].u_pe_col/pe_inst[0].u_pe/N3) has been disconnected.
I: Const net (pin CEX1 of inst u_top_yolo/u_layer4/genblk1.gen_pages[0].pe_inst.u_pe_page/pe_col_inst[0].u_pe_col/pe_inst[0].u_pe_1/N3) has been disconnected.
I: Const net (pin RSTX of inst u_top_yolo/u_layer4/genblk1.gen_pages[0].pe_inst.u_pe_page/pe_col_inst[0].u_pe_col/pe_inst[0].u_pe_1/N3) has been disconnected.
I: Const net (pin CEY1 of inst u_top_yolo/u_layer4/genblk1.gen_pages[0].pe_inst.u_pe_page/pe_col_inst[0].u_pe_col/pe_inst[0].u_pe_1/N3) has been disconnected.
I: Const net (pin RSTY of inst u_top_yolo/u_layer4/genblk1.gen_pages[0].pe_inst.u_pe_page/pe_col_inst[0].u_pe_col/pe_inst[0].u_pe_1/N3) has been disconnected.
I: Const net (pin CEP of inst u_top_yolo/u_layer4/genblk1.gen_pages[0].pe_inst.u_pe_page/pe_col_inst[0].u_pe_col/pe_inst[0].u_pe_1/N3) has been disconnected.
I: Const net (pin RSTP of inst u_top_yolo/u_layer4/genblk1.gen_pages[0].pe_inst.u_pe_page/pe_col_inst[0].u_pe_col/pe_inst[0].u_pe_1/N3) has been disconnected.
I: Const net (pin CEX1 of inst u_top_yolo/u_layer4/genblk1.gen_pages[0].pe_inst.u_pe_page/pe_col_inst[0].u_pe_col/pe_inst[0].u_pe_2/N3) has been disconnected.
I: Const net (pin RSTX of inst u_top_yolo/u_layer4/genblk1.gen_pages[0].pe_inst.u_pe_page/pe_col_inst[0].u_pe_col/pe_inst[0].u_pe_2/N3) has been disconnected.
I: Const net (pin CEY1 of inst u_top_yolo/u_layer4/genblk1.gen_pages[0].pe_inst.u_pe_page/pe_col_inst[0].u_pe_col/pe_inst[0].u_pe_2/N3) has been disconnected.
I: Const net (pin RSTY of inst u_top_yolo/u_layer4/genblk1.gen_pages[0].pe_inst.u_pe_page/pe_col_inst[0].u_pe_col/pe_inst[0].u_pe_2/N3) has been disconnected.
I: Const net (pin CEP of inst u_top_yolo/u_layer4/genblk1.gen_pages[0].pe_inst.u_pe_page/pe_col_inst[0].u_pe_col/pe_inst[0].u_pe_2/N3) has been disconnected.
I: Const net (pin RSTP of inst u_top_yolo/u_layer4/genblk1.gen_pages[0].pe_inst.u_pe_page/pe_col_inst[0].u_pe_col/pe_inst[0].u_pe_2/N3) has been disconnected.
I: Const net (pin CEX1 of inst u_top_yolo/u_layer4/genblk1.gen_pages[0].pe_inst.u_pe_page/pe_col_inst[0].u_pe_col/pe_inst[0].u_pe_3/N3) has been disconnected.
I: Const net (pin RSTX of inst u_top_yolo/u_layer4/genblk1.gen_pages[0].pe_inst.u_pe_page/pe_col_inst[0].u_pe_col/pe_inst[0].u_pe_3/N3) has been disconnected.
I: Const net (pin CEY1 of inst u_top_yolo/u_layer4/genblk1.gen_pages[0].pe_inst.u_pe_page/pe_col_inst[0].u_pe_col/pe_inst[0].u_pe_3/N3) has been disconnected.
I: Const net (pin RSTY of inst u_top_yolo/u_layer4/genblk1.gen_pages[0].pe_inst.u_pe_page/pe_col_inst[0].u_pe_col/pe_inst[0].u_pe_3/N3) has been disconnected.
I: Const net (pin CEP of inst u_top_yolo/u_layer4/genblk1.gen_pages[0].pe_inst.u_pe_page/pe_col_inst[0].u_pe_col/pe_inst[0].u_pe_3/N3) has been disconnected.
I: Const net (pin RSTP of inst u_top_yolo/u_layer4/genblk1.gen_pages[0].pe_inst.u_pe_page/pe_col_inst[0].u_pe_col/pe_inst[0].u_pe_3/N3) has been disconnected.
I: Const net (pin CEX1 of inst u_top_yolo/u_layer4/genblk1.gen_pages[0].pe_inst.u_pe_page/pe_col_inst[0].u_pe_col/pe_inst[0].u_pe_4/N3) has been disconnected.
I: Const net (pin RSTX of inst u_top_yolo/u_layer4/genblk1.gen_pages[0].pe_inst.u_pe_page/pe_col_inst[0].u_pe_col/pe_inst[0].u_pe_4/N3) has been disconnected.
I: Const net (pin CEY1 of inst u_top_yolo/u_layer4/genblk1.gen_pages[0].pe_inst.u_pe_page/pe_col_inst[0].u_pe_col/pe_inst[0].u_pe_4/N3) has been disconnected.
I: Const net (pin RSTY of inst u_top_yolo/u_layer4/genblk1.gen_pages[0].pe_inst.u_pe_page/pe_col_inst[0].u_pe_col/pe_inst[0].u_pe_4/N3) has been disconnected.
I: Const net (pin CEP of inst u_top_yolo/u_layer4/genblk1.gen_pages[0].pe_inst.u_pe_page/pe_col_inst[0].u_pe_col/pe_inst[0].u_pe_4/N3) has been disconnected.
I: Const net (pin RSTP of inst u_top_yolo/u_layer4/genblk1.gen_pages[0].pe_inst.u_pe_page/pe_col_inst[0].u_pe_col/pe_inst[0].u_pe_4/N3) has been disconnected.
I: Const net (pin CEX1 of inst u_top_yolo/u_layer4/genblk1.gen_pages[0].pe_inst.u_pe_page/pe_col_inst[0].u_pe_col/pe_inst[0].u_pe_5/N3) has been disconnected.
I: Const net (pin RSTX of inst u_top_yolo/u_layer4/genblk1.gen_pages[0].pe_inst.u_pe_page/pe_col_inst[0].u_pe_col/pe_inst[0].u_pe_5/N3) has been disconnected.
I: Const net (pin CEY1 of inst u_top_yolo/u_layer4/genblk1.gen_pages[0].pe_inst.u_pe_page/pe_col_inst[0].u_pe_col/pe_inst[0].u_pe_5/N3) has been disconnected.
I: Const net (pin RSTY of inst u_top_yolo/u_layer4/genblk1.gen_pages[0].pe_inst.u_pe_page/pe_col_inst[0].u_pe_col/pe_inst[0].u_pe_5/N3) has been disconnected.
I: Const net (pin CEP of inst u_top_yolo/u_layer4/genblk1.gen_pages[0].pe_inst.u_pe_page/pe_col_inst[0].u_pe_col/pe_inst[0].u_pe_5/N3) has been disconnected.
I: Const net (pin RSTP of inst u_top_yolo/u_layer4/genblk1.gen_pages[0].pe_inst.u_pe_page/pe_col_inst[0].u_pe_col/pe_inst[0].u_pe_5/N3) has been disconnected.
I: Const net (pin CEX1 of inst u_top_yolo/u_layer4/genblk1.gen_pages[0].pe_inst.u_pe_page/pe_col_inst[0].u_pe_col/pe_inst[0].u_pe_6/N3) has been disconnected.
I: Const net (pin RSTX of inst u_top_yolo/u_layer4/genblk1.gen_pages[0].pe_inst.u_pe_page/pe_col_inst[0].u_pe_col/pe_inst[0].u_pe_6/N3) has been disconnected.
I: Const net (pin CEY1 of inst u_top_yolo/u_layer4/genblk1.gen_pages[0].pe_inst.u_pe_page/pe_col_inst[0].u_pe_col/pe_inst[0].u_pe_6/N3) has been disconnected.
I: Const net (pin RSTY of inst u_top_yolo/u_layer4/genblk1.gen_pages[0].pe_inst.u_pe_page/pe_col_inst[0].u_pe_col/pe_inst[0].u_pe_6/N3) has been disconnected.
I: Const net (pin CEP of inst u_top_yolo/u_layer4/genblk1.gen_pages[0].pe_inst.u_pe_page/pe_col_inst[0].u_pe_col/pe_inst[0].u_pe_6/N3) has been disconnected.
I: Const net (pin RSTP of inst u_top_yolo/u_layer4/genblk1.gen_pages[0].pe_inst.u_pe_page/pe_col_inst[0].u_pe_col/pe_inst[0].u_pe_6/N3) has been disconnected.
I: Const net (pin CEX1 of inst u_top_yolo/u_layer4/genblk1.gen_pages[0].pe_inst.u_pe_page/pe_col_inst[0].u_pe_col/pe_inst[0].u_pe_7/N3) has been disconnected.
I: Const net (pin RSTX of inst u_top_yolo/u_layer4/genblk1.gen_pages[0].pe_inst.u_pe_page/pe_col_inst[0].u_pe_col/pe_inst[0].u_pe_7/N3) has been disconnected.
I: Const net (pin CEY1 of inst u_top_yolo/u_layer4/genblk1.gen_pages[0].pe_inst.u_pe_page/pe_col_inst[0].u_pe_col/pe_inst[0].u_pe_7/N3) has been disconnected.
I: Const net (pin RSTY of inst u_top_yolo/u_layer4/genblk1.gen_pages[0].pe_inst.u_pe_page/pe_col_inst[0].u_pe_col/pe_inst[0].u_pe_7/N3) has been disconnected.
I: Const net (pin CEP of inst u_top_yolo/u_layer4/genblk1.gen_pages[0].pe_inst.u_pe_page/pe_col_inst[0].u_pe_col/pe_inst[0].u_pe_7/N3) has been disconnected.
I: Const net (pin RSTP of inst u_top_yolo/u_layer4/genblk1.gen_pages[0].pe_inst.u_pe_page/pe_col_inst[0].u_pe_col/pe_inst[0].u_pe_7/N3) has been disconnected.
I: Const net (pin CEX1 of inst u_top_yolo/u_layer4/genblk1.gen_pages[0].pe_inst.u_pe_page/pe_col_inst[0].u_pe_col/pe_inst[0].u_pe_8/N3) has been disconnected.
I: Const net (pin RSTX of inst u_top_yolo/u_layer4/genblk1.gen_pages[0].pe_inst.u_pe_page/pe_col_inst[0].u_pe_col/pe_inst[0].u_pe_8/N3) has been disconnected.
I: Const net (pin CEY1 of inst u_top_yolo/u_layer4/genblk1.gen_pages[0].pe_inst.u_pe_page/pe_col_inst[0].u_pe_col/pe_inst[0].u_pe_8/N3) has been disconnected.
I: Const net (pin RSTY of inst u_top_yolo/u_layer4/genblk1.gen_pages[0].pe_inst.u_pe_page/pe_col_inst[0].u_pe_col/pe_inst[0].u_pe_8/N3) has been disconnected.
I: Const net (pin CEP of inst u_top_yolo/u_layer4/genblk1.gen_pages[0].pe_inst.u_pe_page/pe_col_inst[0].u_pe_col/pe_inst[0].u_pe_8/N3) has been disconnected.
I: Const net (pin RSTP of inst u_top_yolo/u_layer4/genblk1.gen_pages[0].pe_inst.u_pe_page/pe_col_inst[0].u_pe_col/pe_inst[0].u_pe_8/N3) has been disconnected.
I: Const net (pin CEX1 of inst u_top_yolo/u_layer4/genblk1.gen_pages[0].pe_inst.u_pe_page/pe_col_inst[1].u_pe_col/pe_inst[0].u_pe/N3) has been disconnected.
I: Const net (pin RSTX of inst u_top_yolo/u_layer4/genblk1.gen_pages[0].pe_inst.u_pe_page/pe_col_inst[1].u_pe_col/pe_inst[0].u_pe/N3) has been disconnected.
I: Const net (pin CEY1 of inst u_top_yolo/u_layer4/genblk1.gen_pages[0].pe_inst.u_pe_page/pe_col_inst[1].u_pe_col/pe_inst[0].u_pe/N3) has been disconnected.
I: Const net (pin RSTY of inst u_top_yolo/u_layer4/genblk1.gen_pages[0].pe_inst.u_pe_page/pe_col_inst[1].u_pe_col/pe_inst[0].u_pe/N3) has been disconnected.
I: Const net (pin CEP of inst u_top_yolo/u_layer4/genblk1.gen_pages[0].pe_inst.u_pe_page/pe_col_inst[1].u_pe_col/pe_inst[0].u_pe/N3) has been disconnected.
I: Const net (pin RSTP of inst u_top_yolo/u_layer4/genblk1.gen_pages[0].pe_inst.u_pe_page/pe_col_inst[1].u_pe_col/pe_inst[0].u_pe/N3) has been disconnected.
I: Const net (pin CEX1 of inst u_top_yolo/u_layer4/genblk1.gen_pages[0].pe_inst.u_pe_page/pe_col_inst[1].u_pe_col/pe_inst[0].u_pe_1/N3) has been disconnected.
I: Const net (pin RSTX of inst u_top_yolo/u_layer4/genblk1.gen_pages[0].pe_inst.u_pe_page/pe_col_inst[1].u_pe_col/pe_inst[0].u_pe_1/N3) has been disconnected.
I: Const net (pin CEY1 of inst u_top_yolo/u_layer4/genblk1.gen_pages[0].pe_inst.u_pe_page/pe_col_inst[1].u_pe_col/pe_inst[0].u_pe_1/N3) has been disconnected.
I: Const net (pin RSTY of inst u_top_yolo/u_layer4/genblk1.gen_pages[0].pe_inst.u_pe_page/pe_col_inst[1].u_pe_col/pe_inst[0].u_pe_1/N3) has been disconnected.
I: Const net (pin CEP of inst u_top_yolo/u_layer4/genblk1.gen_pages[0].pe_inst.u_pe_page/pe_col_inst[1].u_pe_col/pe_inst[0].u_pe_1/N3) has been disconnected.
I: Const net (pin RSTP of inst u_top_yolo/u_layer4/genblk1.gen_pages[0].pe_inst.u_pe_page/pe_col_inst[1].u_pe_col/pe_inst[0].u_pe_1/N3) has been disconnected.
I: Const net (pin CEX1 of inst u_top_yolo/u_layer4/genblk1.gen_pages[0].pe_inst.u_pe_page/pe_col_inst[1].u_pe_col/pe_inst[0].u_pe_2/N3) has been disconnected.
I: Const net (pin RSTX of inst u_top_yolo/u_layer4/genblk1.gen_pages[0].pe_inst.u_pe_page/pe_col_inst[1].u_pe_col/pe_inst[0].u_pe_2/N3) has been disconnected.
I: Const net (pin CEY1 of inst u_top_yolo/u_layer4/genblk1.gen_pages[0].pe_inst.u_pe_page/pe_col_inst[1].u_pe_col/pe_inst[0].u_pe_2/N3) has been disconnected.
I: Const net (pin RSTY of inst u_top_yolo/u_layer4/genblk1.gen_pages[0].pe_inst.u_pe_page/pe_col_inst[1].u_pe_col/pe_inst[0].u_pe_2/N3) has been disconnected.
I: Const net (pin CEP of inst u_top_yolo/u_layer4/genblk1.gen_pages[0].pe_inst.u_pe_page/pe_col_inst[1].u_pe_col/pe_inst[0].u_pe_2/N3) has been disconnected.
I: Const net (pin RSTP of inst u_top_yolo/u_layer4/genblk1.gen_pages[0].pe_inst.u_pe_page/pe_col_inst[1].u_pe_col/pe_inst[0].u_pe_2/N3) has been disconnected.
I: Const net (pin CEX1 of inst u_top_yolo/u_layer4/genblk1.gen_pages[0].pe_inst.u_pe_page/pe_col_inst[1].u_pe_col/pe_inst[0].u_pe_3/N3) has been disconnected.
I: Const net (pin RSTX of inst u_top_yolo/u_layer4/genblk1.gen_pages[0].pe_inst.u_pe_page/pe_col_inst[1].u_pe_col/pe_inst[0].u_pe_3/N3) has been disconnected.
I: Const net (pin CEY1 of inst u_top_yolo/u_layer4/genblk1.gen_pages[0].pe_inst.u_pe_page/pe_col_inst[1].u_pe_col/pe_inst[0].u_pe_3/N3) has been disconnected.
I: Const net (pin RSTY of inst u_top_yolo/u_layer4/genblk1.gen_pages[0].pe_inst.u_pe_page/pe_col_inst[1].u_pe_col/pe_inst[0].u_pe_3/N3) has been disconnected.
I: Const net (pin CEP of inst u_top_yolo/u_layer4/genblk1.gen_pages[0].pe_inst.u_pe_page/pe_col_inst[1].u_pe_col/pe_inst[0].u_pe_3/N3) has been disconnected.
I: Const net (pin RSTP of inst u_top_yolo/u_layer4/genblk1.gen_pages[0].pe_inst.u_pe_page/pe_col_inst[1].u_pe_col/pe_inst[0].u_pe_3/N3) has been disconnected.
I: Const net (pin CEX1 of inst u_top_yolo/u_layer4/genblk1.gen_pages[0].pe_inst.u_pe_page/pe_col_inst[1].u_pe_col/pe_inst[0].u_pe_4/N3) has been disconnected.
I: Const net (pin RSTX of inst u_top_yolo/u_layer4/genblk1.gen_pages[0].pe_inst.u_pe_page/pe_col_inst[1].u_pe_col/pe_inst[0].u_pe_4/N3) has been disconnected.
I: Const net (pin CEY1 of inst u_top_yolo/u_layer4/genblk1.gen_pages[0].pe_inst.u_pe_page/pe_col_inst[1].u_pe_col/pe_inst[0].u_pe_4/N3) has been disconnected.
I: Const net (pin RSTY of inst u_top_yolo/u_layer4/genblk1.gen_pages[0].pe_inst.u_pe_page/pe_col_inst[1].u_pe_col/pe_inst[0].u_pe_4/N3) has been disconnected.
I: Const net (pin CEP of inst u_top_yolo/u_layer4/genblk1.gen_pages[0].pe_inst.u_pe_page/pe_col_inst[1].u_pe_col/pe_inst[0].u_pe_4/N3) has been disconnected.
I: Const net (pin RSTP of inst u_top_yolo/u_layer4/genblk1.gen_pages[0].pe_inst.u_pe_page/pe_col_inst[1].u_pe_col/pe_inst[0].u_pe_4/N3) has been disconnected.
I: Const net (pin CEX1 of inst u_top_yolo/u_layer4/genblk1.gen_pages[0].pe_inst.u_pe_page/pe_col_inst[1].u_pe_col/pe_inst[0].u_pe_5/N3) has been disconnected.
I: Const net (pin RSTX of inst u_top_yolo/u_layer4/genblk1.gen_pages[0].pe_inst.u_pe_page/pe_col_inst[1].u_pe_col/pe_inst[0].u_pe_5/N3) has been disconnected.
I: Const net (pin CEY1 of inst u_top_yolo/u_layer4/genblk1.gen_pages[0].pe_inst.u_pe_page/pe_col_inst[1].u_pe_col/pe_inst[0].u_pe_5/N3) has been disconnected.
I: Const net (pin RSTY of inst u_top_yolo/u_layer4/genblk1.gen_pages[0].pe_inst.u_pe_page/pe_col_inst[1].u_pe_col/pe_inst[0].u_pe_5/N3) has been disconnected.
I: Const net (pin CEP of inst u_top_yolo/u_layer4/genblk1.gen_pages[0].pe_inst.u_pe_page/pe_col_inst[1].u_pe_col/pe_inst[0].u_pe_5/N3) has been disconnected.
I: Const net (pin RSTP of inst u_top_yolo/u_layer4/genblk1.gen_pages[0].pe_inst.u_pe_page/pe_col_inst[1].u_pe_col/pe_inst[0].u_pe_5/N3) has been disconnected.
I: Const net (pin CEX1 of inst u_top_yolo/u_layer4/genblk1.gen_pages[0].pe_inst.u_pe_page/pe_col_inst[1].u_pe_col/pe_inst[0].u_pe_6/N3) has been disconnected.
I: Const net (pin RSTX of inst u_top_yolo/u_layer4/genblk1.gen_pages[0].pe_inst.u_pe_page/pe_col_inst[1].u_pe_col/pe_inst[0].u_pe_6/N3) has been disconnected.
I: Const net (pin CEY1 of inst u_top_yolo/u_layer4/genblk1.gen_pages[0].pe_inst.u_pe_page/pe_col_inst[1].u_pe_col/pe_inst[0].u_pe_6/N3) has been disconnected.
I: Const net (pin RSTY of inst u_top_yolo/u_layer4/genblk1.gen_pages[0].pe_inst.u_pe_page/pe_col_inst[1].u_pe_col/pe_inst[0].u_pe_6/N3) has been disconnected.
I: Const net (pin CEP of inst u_top_yolo/u_layer4/genblk1.gen_pages[0].pe_inst.u_pe_page/pe_col_inst[1].u_pe_col/pe_inst[0].u_pe_6/N3) has been disconnected.
I: Const net (pin RSTP of inst u_top_yolo/u_layer4/genblk1.gen_pages[0].pe_inst.u_pe_page/pe_col_inst[1].u_pe_col/pe_inst[0].u_pe_6/N3) has been disconnected.
I: Const net (pin CEX1 of inst u_top_yolo/u_layer4/genblk1.gen_pages[0].pe_inst.u_pe_page/pe_col_inst[1].u_pe_col/pe_inst[0].u_pe_7/N3) has been disconnected.
I: Const net (pin RSTX of inst u_top_yolo/u_layer4/genblk1.gen_pages[0].pe_inst.u_pe_page/pe_col_inst[1].u_pe_col/pe_inst[0].u_pe_7/N3) has been disconnected.
I: Const net (pin CEY1 of inst u_top_yolo/u_layer4/genblk1.gen_pages[0].pe_inst.u_pe_page/pe_col_inst[1].u_pe_col/pe_inst[0].u_pe_7/N3) has been disconnected.
I: Const net (pin RSTY of inst u_top_yolo/u_layer4/genblk1.gen_pages[0].pe_inst.u_pe_page/pe_col_inst[1].u_pe_col/pe_inst[0].u_pe_7/N3) has been disconnected.
I: Const net (pin CEP of inst u_top_yolo/u_layer4/genblk1.gen_pages[0].pe_inst.u_pe_page/pe_col_inst[1].u_pe_col/pe_inst[0].u_pe_7/N3) has been disconnected.
I: Const net (pin RSTP of inst u_top_yolo/u_layer4/genblk1.gen_pages[0].pe_inst.u_pe_page/pe_col_inst[1].u_pe_col/pe_inst[0].u_pe_7/N3) has been disconnected.
I: Const net (pin CEX1 of inst u_top_yolo/u_layer4/genblk1.gen_pages[0].pe_inst.u_pe_page/pe_col_inst[1].u_pe_col/pe_inst[0].u_pe_8/N3) has been disconnected.
I: Const net (pin RSTX of inst u_top_yolo/u_layer4/genblk1.gen_pages[0].pe_inst.u_pe_page/pe_col_inst[1].u_pe_col/pe_inst[0].u_pe_8/N3) has been disconnected.
I: Const net (pin CEY1 of inst u_top_yolo/u_layer4/genblk1.gen_pages[0].pe_inst.u_pe_page/pe_col_inst[1].u_pe_col/pe_inst[0].u_pe_8/N3) has been disconnected.
I: Const net (pin RSTY of inst u_top_yolo/u_layer4/genblk1.gen_pages[0].pe_inst.u_pe_page/pe_col_inst[1].u_pe_col/pe_inst[0].u_pe_8/N3) has been disconnected.
I: Const net (pin CEP of inst u_top_yolo/u_layer4/genblk1.gen_pages[0].pe_inst.u_pe_page/pe_col_inst[1].u_pe_col/pe_inst[0].u_pe_8/N3) has been disconnected.
I: Const net (pin RSTP of inst u_top_yolo/u_layer4/genblk1.gen_pages[0].pe_inst.u_pe_page/pe_col_inst[1].u_pe_col/pe_inst[0].u_pe_8/N3) has been disconnected.
I: Const net (pin CEX1 of inst u_top_yolo/u_layer4/genblk1.gen_pages[1].pe_inst.u_pe_page/pe_col_inst[0].u_pe_col/pe_inst[0].u_pe/N3) has been disconnected.
I: Const net (pin RSTX of inst u_top_yolo/u_layer4/genblk1.gen_pages[1].pe_inst.u_pe_page/pe_col_inst[0].u_pe_col/pe_inst[0].u_pe/N3) has been disconnected.
I: Const net (pin CEY1 of inst u_top_yolo/u_layer4/genblk1.gen_pages[1].pe_inst.u_pe_page/pe_col_inst[0].u_pe_col/pe_inst[0].u_pe/N3) has been disconnected.
I: Const net (pin RSTY of inst u_top_yolo/u_layer4/genblk1.gen_pages[1].pe_inst.u_pe_page/pe_col_inst[0].u_pe_col/pe_inst[0].u_pe/N3) has been disconnected.
I: Const net (pin CEP of inst u_top_yolo/u_layer4/genblk1.gen_pages[1].pe_inst.u_pe_page/pe_col_inst[0].u_pe_col/pe_inst[0].u_pe/N3) has been disconnected.
I: Const net (pin RSTP of inst u_top_yolo/u_layer4/genblk1.gen_pages[1].pe_inst.u_pe_page/pe_col_inst[0].u_pe_col/pe_inst[0].u_pe/N3) has been disconnected.
I: Const net (pin CEX1 of inst u_top_yolo/u_layer4/genblk1.gen_pages[1].pe_inst.u_pe_page/pe_col_inst[0].u_pe_col/pe_inst[0].u_pe_1/N3) has been disconnected.
I: Const net (pin RSTX of inst u_top_yolo/u_layer4/genblk1.gen_pages[1].pe_inst.u_pe_page/pe_col_inst[0].u_pe_col/pe_inst[0].u_pe_1/N3) has been disconnected.
I: Const net (pin CEY1 of inst u_top_yolo/u_layer4/genblk1.gen_pages[1].pe_inst.u_pe_page/pe_col_inst[0].u_pe_col/pe_inst[0].u_pe_1/N3) has been disconnected.
I: Const net (pin RSTY of inst u_top_yolo/u_layer4/genblk1.gen_pages[1].pe_inst.u_pe_page/pe_col_inst[0].u_pe_col/pe_inst[0].u_pe_1/N3) has been disconnected.
I: Const net (pin CEP of inst u_top_yolo/u_layer4/genblk1.gen_pages[1].pe_inst.u_pe_page/pe_col_inst[0].u_pe_col/pe_inst[0].u_pe_1/N3) has been disconnected.
I: Const net (pin RSTP of inst u_top_yolo/u_layer4/genblk1.gen_pages[1].pe_inst.u_pe_page/pe_col_inst[0].u_pe_col/pe_inst[0].u_pe_1/N3) has been disconnected.
I: Const net (pin CEX1 of inst u_top_yolo/u_layer4/genblk1.gen_pages[1].pe_inst.u_pe_page/pe_col_inst[0].u_pe_col/pe_inst[0].u_pe_2/N3) has been disconnected.
I: Const net (pin RSTX of inst u_top_yolo/u_layer4/genblk1.gen_pages[1].pe_inst.u_pe_page/pe_col_inst[0].u_pe_col/pe_inst[0].u_pe_2/N3) has been disconnected.
I: Const net (pin CEY1 of inst u_top_yolo/u_layer4/genblk1.gen_pages[1].pe_inst.u_pe_page/pe_col_inst[0].u_pe_col/pe_inst[0].u_pe_2/N3) has been disconnected.
I: Const net (pin RSTY of inst u_top_yolo/u_layer4/genblk1.gen_pages[1].pe_inst.u_pe_page/pe_col_inst[0].u_pe_col/pe_inst[0].u_pe_2/N3) has been disconnected.
I: Const net (pin CEP of inst u_top_yolo/u_layer4/genblk1.gen_pages[1].pe_inst.u_pe_page/pe_col_inst[0].u_pe_col/pe_inst[0].u_pe_2/N3) has been disconnected.
I: Const net (pin RSTP of inst u_top_yolo/u_layer4/genblk1.gen_pages[1].pe_inst.u_pe_page/pe_col_inst[0].u_pe_col/pe_inst[0].u_pe_2/N3) has been disconnected.
I: Const net (pin CEX1 of inst u_top_yolo/u_layer4/genblk1.gen_pages[1].pe_inst.u_pe_page/pe_col_inst[0].u_pe_col/pe_inst[0].u_pe_3/N3) has been disconnected.
I: Const net (pin RSTX of inst u_top_yolo/u_layer4/genblk1.gen_pages[1].pe_inst.u_pe_page/pe_col_inst[0].u_pe_col/pe_inst[0].u_pe_3/N3) has been disconnected.
I: Const net (pin CEY1 of inst u_top_yolo/u_layer4/genblk1.gen_pages[1].pe_inst.u_pe_page/pe_col_inst[0].u_pe_col/pe_inst[0].u_pe_3/N3) has been disconnected.
I: Const net (pin RSTY of inst u_top_yolo/u_layer4/genblk1.gen_pages[1].pe_inst.u_pe_page/pe_col_inst[0].u_pe_col/pe_inst[0].u_pe_3/N3) has been disconnected.
I: Const net (pin CEP of inst u_top_yolo/u_layer4/genblk1.gen_pages[1].pe_inst.u_pe_page/pe_col_inst[0].u_pe_col/pe_inst[0].u_pe_3/N3) has been disconnected.
I: Const net (pin RSTP of inst u_top_yolo/u_layer4/genblk1.gen_pages[1].pe_inst.u_pe_page/pe_col_inst[0].u_pe_col/pe_inst[0].u_pe_3/N3) has been disconnected.
I: Const net (pin CEX1 of inst u_top_yolo/u_layer4/genblk1.gen_pages[1].pe_inst.u_pe_page/pe_col_inst[0].u_pe_col/pe_inst[0].u_pe_4/N3) has been disconnected.
I: Const net (pin RSTX of inst u_top_yolo/u_layer4/genblk1.gen_pages[1].pe_inst.u_pe_page/pe_col_inst[0].u_pe_col/pe_inst[0].u_pe_4/N3) has been disconnected.
I: Const net (pin CEY1 of inst u_top_yolo/u_layer4/genblk1.gen_pages[1].pe_inst.u_pe_page/pe_col_inst[0].u_pe_col/pe_inst[0].u_pe_4/N3) has been disconnected.
I: Const net (pin RSTY of inst u_top_yolo/u_layer4/genblk1.gen_pages[1].pe_inst.u_pe_page/pe_col_inst[0].u_pe_col/pe_inst[0].u_pe_4/N3) has been disconnected.
I: Const net (pin CEP of inst u_top_yolo/u_layer4/genblk1.gen_pages[1].pe_inst.u_pe_page/pe_col_inst[0].u_pe_col/pe_inst[0].u_pe_4/N3) has been disconnected.
I: Const net (pin RSTP of inst u_top_yolo/u_layer4/genblk1.gen_pages[1].pe_inst.u_pe_page/pe_col_inst[0].u_pe_col/pe_inst[0].u_pe_4/N3) has been disconnected.
I: Const net (pin CEX1 of inst u_top_yolo/u_layer4/genblk1.gen_pages[1].pe_inst.u_pe_page/pe_col_inst[0].u_pe_col/pe_inst[0].u_pe_5/N3) has been disconnected.
I: Const net (pin RSTX of inst u_top_yolo/u_layer4/genblk1.gen_pages[1].pe_inst.u_pe_page/pe_col_inst[0].u_pe_col/pe_inst[0].u_pe_5/N3) has been disconnected.
I: Const net (pin CEY1 of inst u_top_yolo/u_layer4/genblk1.gen_pages[1].pe_inst.u_pe_page/pe_col_inst[0].u_pe_col/pe_inst[0].u_pe_5/N3) has been disconnected.
I: Const net (pin RSTY of inst u_top_yolo/u_layer4/genblk1.gen_pages[1].pe_inst.u_pe_page/pe_col_inst[0].u_pe_col/pe_inst[0].u_pe_5/N3) has been disconnected.
I: Const net (pin CEP of inst u_top_yolo/u_layer4/genblk1.gen_pages[1].pe_inst.u_pe_page/pe_col_inst[0].u_pe_col/pe_inst[0].u_pe_5/N3) has been disconnected.
I: Const net (pin RSTP of inst u_top_yolo/u_layer4/genblk1.gen_pages[1].pe_inst.u_pe_page/pe_col_inst[0].u_pe_col/pe_inst[0].u_pe_5/N3) has been disconnected.
I: Const net (pin CEX1 of inst u_top_yolo/u_layer4/genblk1.gen_pages[1].pe_inst.u_pe_page/pe_col_inst[0].u_pe_col/pe_inst[0].u_pe_6/N3) has been disconnected.
I: Const net (pin RSTX of inst u_top_yolo/u_layer4/genblk1.gen_pages[1].pe_inst.u_pe_page/pe_col_inst[0].u_pe_col/pe_inst[0].u_pe_6/N3) has been disconnected.
I: Const net (pin CEY1 of inst u_top_yolo/u_layer4/genblk1.gen_pages[1].pe_inst.u_pe_page/pe_col_inst[0].u_pe_col/pe_inst[0].u_pe_6/N3) has been disconnected.
I: Const net (pin RSTY of inst u_top_yolo/u_layer4/genblk1.gen_pages[1].pe_inst.u_pe_page/pe_col_inst[0].u_pe_col/pe_inst[0].u_pe_6/N3) has been disconnected.
I: Const net (pin CEP of inst u_top_yolo/u_layer4/genblk1.gen_pages[1].pe_inst.u_pe_page/pe_col_inst[0].u_pe_col/pe_inst[0].u_pe_6/N3) has been disconnected.
I: Const net (pin RSTP of inst u_top_yolo/u_layer4/genblk1.gen_pages[1].pe_inst.u_pe_page/pe_col_inst[0].u_pe_col/pe_inst[0].u_pe_6/N3) has been disconnected.
I: Const net (pin CEX1 of inst u_top_yolo/u_layer4/genblk1.gen_pages[1].pe_inst.u_pe_page/pe_col_inst[0].u_pe_col/pe_inst[0].u_pe_7/N3) has been disconnected.
I: Const net (pin RSTX of inst u_top_yolo/u_layer4/genblk1.gen_pages[1].pe_inst.u_pe_page/pe_col_inst[0].u_pe_col/pe_inst[0].u_pe_7/N3) has been disconnected.
I: Const net (pin CEY1 of inst u_top_yolo/u_layer4/genblk1.gen_pages[1].pe_inst.u_pe_page/pe_col_inst[0].u_pe_col/pe_inst[0].u_pe_7/N3) has been disconnected.
I: Const net (pin RSTY of inst u_top_yolo/u_layer4/genblk1.gen_pages[1].pe_inst.u_pe_page/pe_col_inst[0].u_pe_col/pe_inst[0].u_pe_7/N3) has been disconnected.
I: Const net (pin CEP of inst u_top_yolo/u_layer4/genblk1.gen_pages[1].pe_inst.u_pe_page/pe_col_inst[0].u_pe_col/pe_inst[0].u_pe_7/N3) has been disconnected.
I: Const net (pin RSTP of inst u_top_yolo/u_layer4/genblk1.gen_pages[1].pe_inst.u_pe_page/pe_col_inst[0].u_pe_col/pe_inst[0].u_pe_7/N3) has been disconnected.
I: Const net (pin CEX1 of inst u_top_yolo/u_layer4/genblk1.gen_pages[1].pe_inst.u_pe_page/pe_col_inst[0].u_pe_col/pe_inst[0].u_pe_8/N3) has been disconnected.
I: Const net (pin RSTX of inst u_top_yolo/u_layer4/genblk1.gen_pages[1].pe_inst.u_pe_page/pe_col_inst[0].u_pe_col/pe_inst[0].u_pe_8/N3) has been disconnected.
I: Const net (pin CEY1 of inst u_top_yolo/u_layer4/genblk1.gen_pages[1].pe_inst.u_pe_page/pe_col_inst[0].u_pe_col/pe_inst[0].u_pe_8/N3) has been disconnected.
I: Const net (pin RSTY of inst u_top_yolo/u_layer4/genblk1.gen_pages[1].pe_inst.u_pe_page/pe_col_inst[0].u_pe_col/pe_inst[0].u_pe_8/N3) has been disconnected.
I: Const net (pin CEP of inst u_top_yolo/u_layer4/genblk1.gen_pages[1].pe_inst.u_pe_page/pe_col_inst[0].u_pe_col/pe_inst[0].u_pe_8/N3) has been disconnected.
I: Const net (pin RSTP of inst u_top_yolo/u_layer4/genblk1.gen_pages[1].pe_inst.u_pe_page/pe_col_inst[0].u_pe_col/pe_inst[0].u_pe_8/N3) has been disconnected.
I: Const net (pin CEX1 of inst u_top_yolo/u_layer4/genblk1.gen_pages[1].pe_inst.u_pe_page/pe_col_inst[1].u_pe_col/pe_inst[0].u_pe/N3) has been disconnected.
I: Const net (pin RSTX of inst u_top_yolo/u_layer4/genblk1.gen_pages[1].pe_inst.u_pe_page/pe_col_inst[1].u_pe_col/pe_inst[0].u_pe/N3) has been disconnected.
I: Const net (pin CEY1 of inst u_top_yolo/u_layer4/genblk1.gen_pages[1].pe_inst.u_pe_page/pe_col_inst[1].u_pe_col/pe_inst[0].u_pe/N3) has been disconnected.
I: Const net (pin RSTY of inst u_top_yolo/u_layer4/genblk1.gen_pages[1].pe_inst.u_pe_page/pe_col_inst[1].u_pe_col/pe_inst[0].u_pe/N3) has been disconnected.
I: Const net (pin CEP of inst u_top_yolo/u_layer4/genblk1.gen_pages[1].pe_inst.u_pe_page/pe_col_inst[1].u_pe_col/pe_inst[0].u_pe/N3) has been disconnected.
I: Const net (pin RSTP of inst u_top_yolo/u_layer4/genblk1.gen_pages[1].pe_inst.u_pe_page/pe_col_inst[1].u_pe_col/pe_inst[0].u_pe/N3) has been disconnected.
I: Const net (pin CEX1 of inst u_top_yolo/u_layer4/genblk1.gen_pages[1].pe_inst.u_pe_page/pe_col_inst[1].u_pe_col/pe_inst[0].u_pe_1/N3) has been disconnected.
I: Const net (pin RSTX of inst u_top_yolo/u_layer4/genblk1.gen_pages[1].pe_inst.u_pe_page/pe_col_inst[1].u_pe_col/pe_inst[0].u_pe_1/N3) has been disconnected.
I: Const net (pin CEY1 of inst u_top_yolo/u_layer4/genblk1.gen_pages[1].pe_inst.u_pe_page/pe_col_inst[1].u_pe_col/pe_inst[0].u_pe_1/N3) has been disconnected.
I: Const net (pin RSTY of inst u_top_yolo/u_layer4/genblk1.gen_pages[1].pe_inst.u_pe_page/pe_col_inst[1].u_pe_col/pe_inst[0].u_pe_1/N3) has been disconnected.
I: Const net (pin CEP of inst u_top_yolo/u_layer4/genblk1.gen_pages[1].pe_inst.u_pe_page/pe_col_inst[1].u_pe_col/pe_inst[0].u_pe_1/N3) has been disconnected.
I: Const net (pin RSTP of inst u_top_yolo/u_layer4/genblk1.gen_pages[1].pe_inst.u_pe_page/pe_col_inst[1].u_pe_col/pe_inst[0].u_pe_1/N3) has been disconnected.
I: Const net (pin CEX1 of inst u_top_yolo/u_layer4/genblk1.gen_pages[1].pe_inst.u_pe_page/pe_col_inst[1].u_pe_col/pe_inst[0].u_pe_2/N3) has been disconnected.
I: Const net (pin RSTX of inst u_top_yolo/u_layer4/genblk1.gen_pages[1].pe_inst.u_pe_page/pe_col_inst[1].u_pe_col/pe_inst[0].u_pe_2/N3) has been disconnected.
I: Const net (pin CEY1 of inst u_top_yolo/u_layer4/genblk1.gen_pages[1].pe_inst.u_pe_page/pe_col_inst[1].u_pe_col/pe_inst[0].u_pe_2/N3) has been disconnected.
I: Const net (pin RSTY of inst u_top_yolo/u_layer4/genblk1.gen_pages[1].pe_inst.u_pe_page/pe_col_inst[1].u_pe_col/pe_inst[0].u_pe_2/N3) has been disconnected.
I: Const net (pin CEP of inst u_top_yolo/u_layer4/genblk1.gen_pages[1].pe_inst.u_pe_page/pe_col_inst[1].u_pe_col/pe_inst[0].u_pe_2/N3) has been disconnected.
I: Const net (pin RSTP of inst u_top_yolo/u_layer4/genblk1.gen_pages[1].pe_inst.u_pe_page/pe_col_inst[1].u_pe_col/pe_inst[0].u_pe_2/N3) has been disconnected.
I: Const net (pin CEX1 of inst u_top_yolo/u_layer4/genblk1.gen_pages[1].pe_inst.u_pe_page/pe_col_inst[1].u_pe_col/pe_inst[0].u_pe_3/N3) has been disconnected.
I: Const net (pin RSTX of inst u_top_yolo/u_layer4/genblk1.gen_pages[1].pe_inst.u_pe_page/pe_col_inst[1].u_pe_col/pe_inst[0].u_pe_3/N3) has been disconnected.
I: Const net (pin CEY1 of inst u_top_yolo/u_layer4/genblk1.gen_pages[1].pe_inst.u_pe_page/pe_col_inst[1].u_pe_col/pe_inst[0].u_pe_3/N3) has been disconnected.
I: Const net (pin RSTY of inst u_top_yolo/u_layer4/genblk1.gen_pages[1].pe_inst.u_pe_page/pe_col_inst[1].u_pe_col/pe_inst[0].u_pe_3/N3) has been disconnected.
I: Const net (pin CEP of inst u_top_yolo/u_layer4/genblk1.gen_pages[1].pe_inst.u_pe_page/pe_col_inst[1].u_pe_col/pe_inst[0].u_pe_3/N3) has been disconnected.
I: Const net (pin RSTP of inst u_top_yolo/u_layer4/genblk1.gen_pages[1].pe_inst.u_pe_page/pe_col_inst[1].u_pe_col/pe_inst[0].u_pe_3/N3) has been disconnected.
I: Const net (pin CEX1 of inst u_top_yolo/u_layer4/genblk1.gen_pages[1].pe_inst.u_pe_page/pe_col_inst[1].u_pe_col/pe_inst[0].u_pe_4/N3) has been disconnected.
I: Const net (pin RSTX of inst u_top_yolo/u_layer4/genblk1.gen_pages[1].pe_inst.u_pe_page/pe_col_inst[1].u_pe_col/pe_inst[0].u_pe_4/N3) has been disconnected.
I: Const net (pin CEY1 of inst u_top_yolo/u_layer4/genblk1.gen_pages[1].pe_inst.u_pe_page/pe_col_inst[1].u_pe_col/pe_inst[0].u_pe_4/N3) has been disconnected.
I: Const net (pin RSTY of inst u_top_yolo/u_layer4/genblk1.gen_pages[1].pe_inst.u_pe_page/pe_col_inst[1].u_pe_col/pe_inst[0].u_pe_4/N3) has been disconnected.
I: Const net (pin CEP of inst u_top_yolo/u_layer4/genblk1.gen_pages[1].pe_inst.u_pe_page/pe_col_inst[1].u_pe_col/pe_inst[0].u_pe_4/N3) has been disconnected.
I: Const net (pin RSTP of inst u_top_yolo/u_layer4/genblk1.gen_pages[1].pe_inst.u_pe_page/pe_col_inst[1].u_pe_col/pe_inst[0].u_pe_4/N3) has been disconnected.
I: Const net (pin CEX1 of inst u_top_yolo/u_layer4/genblk1.gen_pages[1].pe_inst.u_pe_page/pe_col_inst[1].u_pe_col/pe_inst[0].u_pe_5/N3) has been disconnected.
I: Const net (pin RSTX of inst u_top_yolo/u_layer4/genblk1.gen_pages[1].pe_inst.u_pe_page/pe_col_inst[1].u_pe_col/pe_inst[0].u_pe_5/N3) has been disconnected.
I: Const net (pin CEY1 of inst u_top_yolo/u_layer4/genblk1.gen_pages[1].pe_inst.u_pe_page/pe_col_inst[1].u_pe_col/pe_inst[0].u_pe_5/N3) has been disconnected.
I: Const net (pin RSTY of inst u_top_yolo/u_layer4/genblk1.gen_pages[1].pe_inst.u_pe_page/pe_col_inst[1].u_pe_col/pe_inst[0].u_pe_5/N3) has been disconnected.
I: Const net (pin CEP of inst u_top_yolo/u_layer4/genblk1.gen_pages[1].pe_inst.u_pe_page/pe_col_inst[1].u_pe_col/pe_inst[0].u_pe_5/N3) has been disconnected.
I: Const net (pin RSTP of inst u_top_yolo/u_layer4/genblk1.gen_pages[1].pe_inst.u_pe_page/pe_col_inst[1].u_pe_col/pe_inst[0].u_pe_5/N3) has been disconnected.
I: Const net (pin CEX1 of inst u_top_yolo/u_layer4/genblk1.gen_pages[1].pe_inst.u_pe_page/pe_col_inst[1].u_pe_col/pe_inst[0].u_pe_6/N3) has been disconnected.
I: Const net (pin RSTX of inst u_top_yolo/u_layer4/genblk1.gen_pages[1].pe_inst.u_pe_page/pe_col_inst[1].u_pe_col/pe_inst[0].u_pe_6/N3) has been disconnected.
I: Const net (pin CEY1 of inst u_top_yolo/u_layer4/genblk1.gen_pages[1].pe_inst.u_pe_page/pe_col_inst[1].u_pe_col/pe_inst[0].u_pe_6/N3) has been disconnected.
I: Const net (pin RSTY of inst u_top_yolo/u_layer4/genblk1.gen_pages[1].pe_inst.u_pe_page/pe_col_inst[1].u_pe_col/pe_inst[0].u_pe_6/N3) has been disconnected.
I: Const net (pin CEP of inst u_top_yolo/u_layer4/genblk1.gen_pages[1].pe_inst.u_pe_page/pe_col_inst[1].u_pe_col/pe_inst[0].u_pe_6/N3) has been disconnected.
I: Const net (pin RSTP of inst u_top_yolo/u_layer4/genblk1.gen_pages[1].pe_inst.u_pe_page/pe_col_inst[1].u_pe_col/pe_inst[0].u_pe_6/N3) has been disconnected.
I: Const net (pin CEX1 of inst u_top_yolo/u_layer4/genblk1.gen_pages[1].pe_inst.u_pe_page/pe_col_inst[1].u_pe_col/pe_inst[0].u_pe_7/N3) has been disconnected.
I: Const net (pin RSTX of inst u_top_yolo/u_layer4/genblk1.gen_pages[1].pe_inst.u_pe_page/pe_col_inst[1].u_pe_col/pe_inst[0].u_pe_7/N3) has been disconnected.
I: Const net (pin CEY1 of inst u_top_yolo/u_layer4/genblk1.gen_pages[1].pe_inst.u_pe_page/pe_col_inst[1].u_pe_col/pe_inst[0].u_pe_7/N3) has been disconnected.
I: Const net (pin RSTY of inst u_top_yolo/u_layer4/genblk1.gen_pages[1].pe_inst.u_pe_page/pe_col_inst[1].u_pe_col/pe_inst[0].u_pe_7/N3) has been disconnected.
I: Const net (pin CEP of inst u_top_yolo/u_layer4/genblk1.gen_pages[1].pe_inst.u_pe_page/pe_col_inst[1].u_pe_col/pe_inst[0].u_pe_7/N3) has been disconnected.
I: Const net (pin RSTP of inst u_top_yolo/u_layer4/genblk1.gen_pages[1].pe_inst.u_pe_page/pe_col_inst[1].u_pe_col/pe_inst[0].u_pe_7/N3) has been disconnected.
I: Const net (pin CEX1 of inst u_top_yolo/u_layer4/genblk1.gen_pages[1].pe_inst.u_pe_page/pe_col_inst[1].u_pe_col/pe_inst[0].u_pe_8/N3) has been disconnected.
I: Const net (pin RSTX of inst u_top_yolo/u_layer4/genblk1.gen_pages[1].pe_inst.u_pe_page/pe_col_inst[1].u_pe_col/pe_inst[0].u_pe_8/N3) has been disconnected.
I: Const net (pin CEY1 of inst u_top_yolo/u_layer4/genblk1.gen_pages[1].pe_inst.u_pe_page/pe_col_inst[1].u_pe_col/pe_inst[0].u_pe_8/N3) has been disconnected.
I: Const net (pin RSTY of inst u_top_yolo/u_layer4/genblk1.gen_pages[1].pe_inst.u_pe_page/pe_col_inst[1].u_pe_col/pe_inst[0].u_pe_8/N3) has been disconnected.
I: Const net (pin CEP of inst u_top_yolo/u_layer4/genblk1.gen_pages[1].pe_inst.u_pe_page/pe_col_inst[1].u_pe_col/pe_inst[0].u_pe_8/N3) has been disconnected.
I: Const net (pin RSTP of inst u_top_yolo/u_layer4/genblk1.gen_pages[1].pe_inst.u_pe_page/pe_col_inst[1].u_pe_col/pe_inst[0].u_pe_8/N3) has been disconnected.
I: Const net (pin CEX1 of inst u_top_yolo/u_layer4/genblk1.gen_pages[2].pe_inst.u_pe_page/pe_col_inst[0].u_pe_col/pe_inst[0].u_pe/N3) has been disconnected.
I: Const net (pin RSTX of inst u_top_yolo/u_layer4/genblk1.gen_pages[2].pe_inst.u_pe_page/pe_col_inst[0].u_pe_col/pe_inst[0].u_pe/N3) has been disconnected.
I: Const net (pin CEY1 of inst u_top_yolo/u_layer4/genblk1.gen_pages[2].pe_inst.u_pe_page/pe_col_inst[0].u_pe_col/pe_inst[0].u_pe/N3) has been disconnected.
I: Const net (pin RSTY of inst u_top_yolo/u_layer4/genblk1.gen_pages[2].pe_inst.u_pe_page/pe_col_inst[0].u_pe_col/pe_inst[0].u_pe/N3) has been disconnected.
I: Const net (pin CEP of inst u_top_yolo/u_layer4/genblk1.gen_pages[2].pe_inst.u_pe_page/pe_col_inst[0].u_pe_col/pe_inst[0].u_pe/N3) has been disconnected.
I: Const net (pin RSTP of inst u_top_yolo/u_layer4/genblk1.gen_pages[2].pe_inst.u_pe_page/pe_col_inst[0].u_pe_col/pe_inst[0].u_pe/N3) has been disconnected.
I: Const net (pin CEX1 of inst u_top_yolo/u_layer4/genblk1.gen_pages[2].pe_inst.u_pe_page/pe_col_inst[0].u_pe_col/pe_inst[0].u_pe_1/N3) has been disconnected.
I: Const net (pin RSTX of inst u_top_yolo/u_layer4/genblk1.gen_pages[2].pe_inst.u_pe_page/pe_col_inst[0].u_pe_col/pe_inst[0].u_pe_1/N3) has been disconnected.
I: Const net (pin CEY1 of inst u_top_yolo/u_layer4/genblk1.gen_pages[2].pe_inst.u_pe_page/pe_col_inst[0].u_pe_col/pe_inst[0].u_pe_1/N3) has been disconnected.
I: Const net (pin RSTY of inst u_top_yolo/u_layer4/genblk1.gen_pages[2].pe_inst.u_pe_page/pe_col_inst[0].u_pe_col/pe_inst[0].u_pe_1/N3) has been disconnected.
I: Const net (pin CEP of inst u_top_yolo/u_layer4/genblk1.gen_pages[2].pe_inst.u_pe_page/pe_col_inst[0].u_pe_col/pe_inst[0].u_pe_1/N3) has been disconnected.
I: Const net (pin RSTP of inst u_top_yolo/u_layer4/genblk1.gen_pages[2].pe_inst.u_pe_page/pe_col_inst[0].u_pe_col/pe_inst[0].u_pe_1/N3) has been disconnected.
I: Const net (pin CEX1 of inst u_top_yolo/u_layer4/genblk1.gen_pages[2].pe_inst.u_pe_page/pe_col_inst[0].u_pe_col/pe_inst[0].u_pe_2/N3) has been disconnected.
I: Const net (pin RSTX of inst u_top_yolo/u_layer4/genblk1.gen_pages[2].pe_inst.u_pe_page/pe_col_inst[0].u_pe_col/pe_inst[0].u_pe_2/N3) has been disconnected.
I: Const net (pin CEY1 of inst u_top_yolo/u_layer4/genblk1.gen_pages[2].pe_inst.u_pe_page/pe_col_inst[0].u_pe_col/pe_inst[0].u_pe_2/N3) has been disconnected.
I: Const net (pin RSTY of inst u_top_yolo/u_layer4/genblk1.gen_pages[2].pe_inst.u_pe_page/pe_col_inst[0].u_pe_col/pe_inst[0].u_pe_2/N3) has been disconnected.
I: Const net (pin CEP of inst u_top_yolo/u_layer4/genblk1.gen_pages[2].pe_inst.u_pe_page/pe_col_inst[0].u_pe_col/pe_inst[0].u_pe_2/N3) has been disconnected.
I: Const net (pin RSTP of inst u_top_yolo/u_layer4/genblk1.gen_pages[2].pe_inst.u_pe_page/pe_col_inst[0].u_pe_col/pe_inst[0].u_pe_2/N3) has been disconnected.
I: Const net (pin CEX1 of inst u_top_yolo/u_layer4/genblk1.gen_pages[2].pe_inst.u_pe_page/pe_col_inst[0].u_pe_col/pe_inst[0].u_pe_3/N3) has been disconnected.
I: Const net (pin RSTX of inst u_top_yolo/u_layer4/genblk1.gen_pages[2].pe_inst.u_pe_page/pe_col_inst[0].u_pe_col/pe_inst[0].u_pe_3/N3) has been disconnected.
I: Const net (pin CEY1 of inst u_top_yolo/u_layer4/genblk1.gen_pages[2].pe_inst.u_pe_page/pe_col_inst[0].u_pe_col/pe_inst[0].u_pe_3/N3) has been disconnected.
I: Const net (pin RSTY of inst u_top_yolo/u_layer4/genblk1.gen_pages[2].pe_inst.u_pe_page/pe_col_inst[0].u_pe_col/pe_inst[0].u_pe_3/N3) has been disconnected.
I: Const net (pin CEP of inst u_top_yolo/u_layer4/genblk1.gen_pages[2].pe_inst.u_pe_page/pe_col_inst[0].u_pe_col/pe_inst[0].u_pe_3/N3) has been disconnected.
I: Const net (pin RSTP of inst u_top_yolo/u_layer4/genblk1.gen_pages[2].pe_inst.u_pe_page/pe_col_inst[0].u_pe_col/pe_inst[0].u_pe_3/N3) has been disconnected.
I: Const net (pin CEX1 of inst u_top_yolo/u_layer4/genblk1.gen_pages[2].pe_inst.u_pe_page/pe_col_inst[0].u_pe_col/pe_inst[0].u_pe_4/N3) has been disconnected.
I: Const net (pin RSTX of inst u_top_yolo/u_layer4/genblk1.gen_pages[2].pe_inst.u_pe_page/pe_col_inst[0].u_pe_col/pe_inst[0].u_pe_4/N3) has been disconnected.
I: Const net (pin CEY1 of inst u_top_yolo/u_layer4/genblk1.gen_pages[2].pe_inst.u_pe_page/pe_col_inst[0].u_pe_col/pe_inst[0].u_pe_4/N3) has been disconnected.
I: Const net (pin RSTY of inst u_top_yolo/u_layer4/genblk1.gen_pages[2].pe_inst.u_pe_page/pe_col_inst[0].u_pe_col/pe_inst[0].u_pe_4/N3) has been disconnected.
I: Const net (pin CEP of inst u_top_yolo/u_layer4/genblk1.gen_pages[2].pe_inst.u_pe_page/pe_col_inst[0].u_pe_col/pe_inst[0].u_pe_4/N3) has been disconnected.
I: Const net (pin RSTP of inst u_top_yolo/u_layer4/genblk1.gen_pages[2].pe_inst.u_pe_page/pe_col_inst[0].u_pe_col/pe_inst[0].u_pe_4/N3) has been disconnected.
I: Const net (pin CEX1 of inst u_top_yolo/u_layer4/genblk1.gen_pages[2].pe_inst.u_pe_page/pe_col_inst[0].u_pe_col/pe_inst[0].u_pe_5/N3) has been disconnected.
I: Const net (pin RSTX of inst u_top_yolo/u_layer4/genblk1.gen_pages[2].pe_inst.u_pe_page/pe_col_inst[0].u_pe_col/pe_inst[0].u_pe_5/N3) has been disconnected.
I: Const net (pin CEY1 of inst u_top_yolo/u_layer4/genblk1.gen_pages[2].pe_inst.u_pe_page/pe_col_inst[0].u_pe_col/pe_inst[0].u_pe_5/N3) has been disconnected.
I: Const net (pin RSTY of inst u_top_yolo/u_layer4/genblk1.gen_pages[2].pe_inst.u_pe_page/pe_col_inst[0].u_pe_col/pe_inst[0].u_pe_5/N3) has been disconnected.
I: Const net (pin CEP of inst u_top_yolo/u_layer4/genblk1.gen_pages[2].pe_inst.u_pe_page/pe_col_inst[0].u_pe_col/pe_inst[0].u_pe_5/N3) has been disconnected.
I: Const net (pin RSTP of inst u_top_yolo/u_layer4/genblk1.gen_pages[2].pe_inst.u_pe_page/pe_col_inst[0].u_pe_col/pe_inst[0].u_pe_5/N3) has been disconnected.
I: Const net (pin CEX1 of inst u_top_yolo/u_layer4/genblk1.gen_pages[2].pe_inst.u_pe_page/pe_col_inst[0].u_pe_col/pe_inst[0].u_pe_6/N3) has been disconnected.
I: Const net (pin RSTX of inst u_top_yolo/u_layer4/genblk1.gen_pages[2].pe_inst.u_pe_page/pe_col_inst[0].u_pe_col/pe_inst[0].u_pe_6/N3) has been disconnected.
I: Const net (pin CEY1 of inst u_top_yolo/u_layer4/genblk1.gen_pages[2].pe_inst.u_pe_page/pe_col_inst[0].u_pe_col/pe_inst[0].u_pe_6/N3) has been disconnected.
I: Const net (pin RSTY of inst u_top_yolo/u_layer4/genblk1.gen_pages[2].pe_inst.u_pe_page/pe_col_inst[0].u_pe_col/pe_inst[0].u_pe_6/N3) has been disconnected.
I: Const net (pin CEP of inst u_top_yolo/u_layer4/genblk1.gen_pages[2].pe_inst.u_pe_page/pe_col_inst[0].u_pe_col/pe_inst[0].u_pe_6/N3) has been disconnected.
I: Const net (pin RSTP of inst u_top_yolo/u_layer4/genblk1.gen_pages[2].pe_inst.u_pe_page/pe_col_inst[0].u_pe_col/pe_inst[0].u_pe_6/N3) has been disconnected.
I: Const net (pin CEX1 of inst u_top_yolo/u_layer4/genblk1.gen_pages[2].pe_inst.u_pe_page/pe_col_inst[0].u_pe_col/pe_inst[0].u_pe_7/N3) has been disconnected.
I: Const net (pin RSTX of inst u_top_yolo/u_layer4/genblk1.gen_pages[2].pe_inst.u_pe_page/pe_col_inst[0].u_pe_col/pe_inst[0].u_pe_7/N3) has been disconnected.
I: Const net (pin CEY1 of inst u_top_yolo/u_layer4/genblk1.gen_pages[2].pe_inst.u_pe_page/pe_col_inst[0].u_pe_col/pe_inst[0].u_pe_7/N3) has been disconnected.
I: Const net (pin RSTY of inst u_top_yolo/u_layer4/genblk1.gen_pages[2].pe_inst.u_pe_page/pe_col_inst[0].u_pe_col/pe_inst[0].u_pe_7/N3) has been disconnected.
I: Const net (pin CEP of inst u_top_yolo/u_layer4/genblk1.gen_pages[2].pe_inst.u_pe_page/pe_col_inst[0].u_pe_col/pe_inst[0].u_pe_7/N3) has been disconnected.
I: Const net (pin RSTP of inst u_top_yolo/u_layer4/genblk1.gen_pages[2].pe_inst.u_pe_page/pe_col_inst[0].u_pe_col/pe_inst[0].u_pe_7/N3) has been disconnected.
I: Const net (pin CEX1 of inst u_top_yolo/u_layer4/genblk1.gen_pages[2].pe_inst.u_pe_page/pe_col_inst[0].u_pe_col/pe_inst[0].u_pe_8/N3) has been disconnected.
I: Const net (pin RSTX of inst u_top_yolo/u_layer4/genblk1.gen_pages[2].pe_inst.u_pe_page/pe_col_inst[0].u_pe_col/pe_inst[0].u_pe_8/N3) has been disconnected.
I: Const net (pin CEY1 of inst u_top_yolo/u_layer4/genblk1.gen_pages[2].pe_inst.u_pe_page/pe_col_inst[0].u_pe_col/pe_inst[0].u_pe_8/N3) has been disconnected.
I: Const net (pin RSTY of inst u_top_yolo/u_layer4/genblk1.gen_pages[2].pe_inst.u_pe_page/pe_col_inst[0].u_pe_col/pe_inst[0].u_pe_8/N3) has been disconnected.
I: Const net (pin CEP of inst u_top_yolo/u_layer4/genblk1.gen_pages[2].pe_inst.u_pe_page/pe_col_inst[0].u_pe_col/pe_inst[0].u_pe_8/N3) has been disconnected.
I: Const net (pin RSTP of inst u_top_yolo/u_layer4/genblk1.gen_pages[2].pe_inst.u_pe_page/pe_col_inst[0].u_pe_col/pe_inst[0].u_pe_8/N3) has been disconnected.
I: Const net (pin CEX1 of inst u_top_yolo/u_layer4/genblk1.gen_pages[2].pe_inst.u_pe_page/pe_col_inst[1].u_pe_col/pe_inst[0].u_pe/N3) has been disconnected.
I: Const net (pin RSTX of inst u_top_yolo/u_layer4/genblk1.gen_pages[2].pe_inst.u_pe_page/pe_col_inst[1].u_pe_col/pe_inst[0].u_pe/N3) has been disconnected.
I: Const net (pin CEY1 of inst u_top_yolo/u_layer4/genblk1.gen_pages[2].pe_inst.u_pe_page/pe_col_inst[1].u_pe_col/pe_inst[0].u_pe/N3) has been disconnected.
I: Const net (pin RSTY of inst u_top_yolo/u_layer4/genblk1.gen_pages[2].pe_inst.u_pe_page/pe_col_inst[1].u_pe_col/pe_inst[0].u_pe/N3) has been disconnected.
I: Const net (pin CEP of inst u_top_yolo/u_layer4/genblk1.gen_pages[2].pe_inst.u_pe_page/pe_col_inst[1].u_pe_col/pe_inst[0].u_pe/N3) has been disconnected.
I: Const net (pin RSTP of inst u_top_yolo/u_layer4/genblk1.gen_pages[2].pe_inst.u_pe_page/pe_col_inst[1].u_pe_col/pe_inst[0].u_pe/N3) has been disconnected.
I: Const net (pin CEX1 of inst u_top_yolo/u_layer4/genblk1.gen_pages[2].pe_inst.u_pe_page/pe_col_inst[1].u_pe_col/pe_inst[0].u_pe_1/N3) has been disconnected.
I: Const net (pin RSTX of inst u_top_yolo/u_layer4/genblk1.gen_pages[2].pe_inst.u_pe_page/pe_col_inst[1].u_pe_col/pe_inst[0].u_pe_1/N3) has been disconnected.
I: Const net (pin CEY1 of inst u_top_yolo/u_layer4/genblk1.gen_pages[2].pe_inst.u_pe_page/pe_col_inst[1].u_pe_col/pe_inst[0].u_pe_1/N3) has been disconnected.
I: Const net (pin RSTY of inst u_top_yolo/u_layer4/genblk1.gen_pages[2].pe_inst.u_pe_page/pe_col_inst[1].u_pe_col/pe_inst[0].u_pe_1/N3) has been disconnected.
I: Const net (pin CEP of inst u_top_yolo/u_layer4/genblk1.gen_pages[2].pe_inst.u_pe_page/pe_col_inst[1].u_pe_col/pe_inst[0].u_pe_1/N3) has been disconnected.
I: Const net (pin RSTP of inst u_top_yolo/u_layer4/genblk1.gen_pages[2].pe_inst.u_pe_page/pe_col_inst[1].u_pe_col/pe_inst[0].u_pe_1/N3) has been disconnected.
I: Const net (pin CEX1 of inst u_top_yolo/u_layer4/genblk1.gen_pages[2].pe_inst.u_pe_page/pe_col_inst[1].u_pe_col/pe_inst[0].u_pe_2/N3) has been disconnected.
I: Const net (pin RSTX of inst u_top_yolo/u_layer4/genblk1.gen_pages[2].pe_inst.u_pe_page/pe_col_inst[1].u_pe_col/pe_inst[0].u_pe_2/N3) has been disconnected.
I: Const net (pin CEY1 of inst u_top_yolo/u_layer4/genblk1.gen_pages[2].pe_inst.u_pe_page/pe_col_inst[1].u_pe_col/pe_inst[0].u_pe_2/N3) has been disconnected.
I: Const net (pin RSTY of inst u_top_yolo/u_layer4/genblk1.gen_pages[2].pe_inst.u_pe_page/pe_col_inst[1].u_pe_col/pe_inst[0].u_pe_2/N3) has been disconnected.
I: Const net (pin CEP of inst u_top_yolo/u_layer4/genblk1.gen_pages[2].pe_inst.u_pe_page/pe_col_inst[1].u_pe_col/pe_inst[0].u_pe_2/N3) has been disconnected.
I: Const net (pin RSTP of inst u_top_yolo/u_layer4/genblk1.gen_pages[2].pe_inst.u_pe_page/pe_col_inst[1].u_pe_col/pe_inst[0].u_pe_2/N3) has been disconnected.
I: Const net (pin CEX1 of inst u_top_yolo/u_layer4/genblk1.gen_pages[2].pe_inst.u_pe_page/pe_col_inst[1].u_pe_col/pe_inst[0].u_pe_3/N3) has been disconnected.
I: Const net (pin RSTX of inst u_top_yolo/u_layer4/genblk1.gen_pages[2].pe_inst.u_pe_page/pe_col_inst[1].u_pe_col/pe_inst[0].u_pe_3/N3) has been disconnected.
I: Const net (pin CEY1 of inst u_top_yolo/u_layer4/genblk1.gen_pages[2].pe_inst.u_pe_page/pe_col_inst[1].u_pe_col/pe_inst[0].u_pe_3/N3) has been disconnected.
I: Const net (pin RSTY of inst u_top_yolo/u_layer4/genblk1.gen_pages[2].pe_inst.u_pe_page/pe_col_inst[1].u_pe_col/pe_inst[0].u_pe_3/N3) has been disconnected.
I: Const net (pin CEP of inst u_top_yolo/u_layer4/genblk1.gen_pages[2].pe_inst.u_pe_page/pe_col_inst[1].u_pe_col/pe_inst[0].u_pe_3/N3) has been disconnected.
I: Const net (pin RSTP of inst u_top_yolo/u_layer4/genblk1.gen_pages[2].pe_inst.u_pe_page/pe_col_inst[1].u_pe_col/pe_inst[0].u_pe_3/N3) has been disconnected.
I: Const net (pin CEX1 of inst u_top_yolo/u_layer4/genblk1.gen_pages[2].pe_inst.u_pe_page/pe_col_inst[1].u_pe_col/pe_inst[0].u_pe_4/N3) has been disconnected.
I: Const net (pin RSTX of inst u_top_yolo/u_layer4/genblk1.gen_pages[2].pe_inst.u_pe_page/pe_col_inst[1].u_pe_col/pe_inst[0].u_pe_4/N3) has been disconnected.
I: Const net (pin CEY1 of inst u_top_yolo/u_layer4/genblk1.gen_pages[2].pe_inst.u_pe_page/pe_col_inst[1].u_pe_col/pe_inst[0].u_pe_4/N3) has been disconnected.
I: Const net (pin RSTY of inst u_top_yolo/u_layer4/genblk1.gen_pages[2].pe_inst.u_pe_page/pe_col_inst[1].u_pe_col/pe_inst[0].u_pe_4/N3) has been disconnected.
I: Const net (pin CEP of inst u_top_yolo/u_layer4/genblk1.gen_pages[2].pe_inst.u_pe_page/pe_col_inst[1].u_pe_col/pe_inst[0].u_pe_4/N3) has been disconnected.
I: Const net (pin RSTP of inst u_top_yolo/u_layer4/genblk1.gen_pages[2].pe_inst.u_pe_page/pe_col_inst[1].u_pe_col/pe_inst[0].u_pe_4/N3) has been disconnected.
I: Const net (pin CEX1 of inst u_top_yolo/u_layer4/genblk1.gen_pages[2].pe_inst.u_pe_page/pe_col_inst[1].u_pe_col/pe_inst[0].u_pe_5/N3) has been disconnected.
I: Const net (pin RSTX of inst u_top_yolo/u_layer4/genblk1.gen_pages[2].pe_inst.u_pe_page/pe_col_inst[1].u_pe_col/pe_inst[0].u_pe_5/N3) has been disconnected.
I: Const net (pin CEY1 of inst u_top_yolo/u_layer4/genblk1.gen_pages[2].pe_inst.u_pe_page/pe_col_inst[1].u_pe_col/pe_inst[0].u_pe_5/N3) has been disconnected.
I: Const net (pin RSTY of inst u_top_yolo/u_layer4/genblk1.gen_pages[2].pe_inst.u_pe_page/pe_col_inst[1].u_pe_col/pe_inst[0].u_pe_5/N3) has been disconnected.
I: Const net (pin CEP of inst u_top_yolo/u_layer4/genblk1.gen_pages[2].pe_inst.u_pe_page/pe_col_inst[1].u_pe_col/pe_inst[0].u_pe_5/N3) has been disconnected.
I: Const net (pin RSTP of inst u_top_yolo/u_layer4/genblk1.gen_pages[2].pe_inst.u_pe_page/pe_col_inst[1].u_pe_col/pe_inst[0].u_pe_5/N3) has been disconnected.
I: Const net (pin CEX1 of inst u_top_yolo/u_layer4/genblk1.gen_pages[2].pe_inst.u_pe_page/pe_col_inst[1].u_pe_col/pe_inst[0].u_pe_6/N3) has been disconnected.
I: Const net (pin RSTX of inst u_top_yolo/u_layer4/genblk1.gen_pages[2].pe_inst.u_pe_page/pe_col_inst[1].u_pe_col/pe_inst[0].u_pe_6/N3) has been disconnected.
I: Const net (pin CEY1 of inst u_top_yolo/u_layer4/genblk1.gen_pages[2].pe_inst.u_pe_page/pe_col_inst[1].u_pe_col/pe_inst[0].u_pe_6/N3) has been disconnected.
I: Const net (pin RSTY of inst u_top_yolo/u_layer4/genblk1.gen_pages[2].pe_inst.u_pe_page/pe_col_inst[1].u_pe_col/pe_inst[0].u_pe_6/N3) has been disconnected.
I: Const net (pin CEP of inst u_top_yolo/u_layer4/genblk1.gen_pages[2].pe_inst.u_pe_page/pe_col_inst[1].u_pe_col/pe_inst[0].u_pe_6/N3) has been disconnected.
I: Const net (pin RSTP of inst u_top_yolo/u_layer4/genblk1.gen_pages[2].pe_inst.u_pe_page/pe_col_inst[1].u_pe_col/pe_inst[0].u_pe_6/N3) has been disconnected.
I: Const net (pin CEX1 of inst u_top_yolo/u_layer4/genblk1.gen_pages[2].pe_inst.u_pe_page/pe_col_inst[1].u_pe_col/pe_inst[0].u_pe_7/N3) has been disconnected.
I: Const net (pin RSTX of inst u_top_yolo/u_layer4/genblk1.gen_pages[2].pe_inst.u_pe_page/pe_col_inst[1].u_pe_col/pe_inst[0].u_pe_7/N3) has been disconnected.
I: Const net (pin CEY1 of inst u_top_yolo/u_layer4/genblk1.gen_pages[2].pe_inst.u_pe_page/pe_col_inst[1].u_pe_col/pe_inst[0].u_pe_7/N3) has been disconnected.
I: Const net (pin RSTY of inst u_top_yolo/u_layer4/genblk1.gen_pages[2].pe_inst.u_pe_page/pe_col_inst[1].u_pe_col/pe_inst[0].u_pe_7/N3) has been disconnected.
I: Const net (pin CEP of inst u_top_yolo/u_layer4/genblk1.gen_pages[2].pe_inst.u_pe_page/pe_col_inst[1].u_pe_col/pe_inst[0].u_pe_7/N3) has been disconnected.
I: Const net (pin RSTP of inst u_top_yolo/u_layer4/genblk1.gen_pages[2].pe_inst.u_pe_page/pe_col_inst[1].u_pe_col/pe_inst[0].u_pe_7/N3) has been disconnected.
I: Const net (pin CEX1 of inst u_top_yolo/u_layer4/genblk1.gen_pages[2].pe_inst.u_pe_page/pe_col_inst[1].u_pe_col/pe_inst[0].u_pe_8/N3) has been disconnected.
I: Const net (pin RSTX of inst u_top_yolo/u_layer4/genblk1.gen_pages[2].pe_inst.u_pe_page/pe_col_inst[1].u_pe_col/pe_inst[0].u_pe_8/N3) has been disconnected.
I: Const net (pin CEY1 of inst u_top_yolo/u_layer4/genblk1.gen_pages[2].pe_inst.u_pe_page/pe_col_inst[1].u_pe_col/pe_inst[0].u_pe_8/N3) has been disconnected.
I: Const net (pin RSTY of inst u_top_yolo/u_layer4/genblk1.gen_pages[2].pe_inst.u_pe_page/pe_col_inst[1].u_pe_col/pe_inst[0].u_pe_8/N3) has been disconnected.
I: Const net (pin CEP of inst u_top_yolo/u_layer4/genblk1.gen_pages[2].pe_inst.u_pe_page/pe_col_inst[1].u_pe_col/pe_inst[0].u_pe_8/N3) has been disconnected.
I: Const net (pin RSTP of inst u_top_yolo/u_layer4/genblk1.gen_pages[2].pe_inst.u_pe_page/pe_col_inst[1].u_pe_col/pe_inst[0].u_pe_8/N3) has been disconnected.
I: Const net (pin CEX1 of inst u_top_yolo/u_layer4/genblk1.gen_pages[3].pe_inst.u_pe_page/pe_col_inst[0].u_pe_col/pe_inst[0].u_pe/N3) has been disconnected.
I: Const net (pin RSTX of inst u_top_yolo/u_layer4/genblk1.gen_pages[3].pe_inst.u_pe_page/pe_col_inst[0].u_pe_col/pe_inst[0].u_pe/N3) has been disconnected.
I: Const net (pin CEY1 of inst u_top_yolo/u_layer4/genblk1.gen_pages[3].pe_inst.u_pe_page/pe_col_inst[0].u_pe_col/pe_inst[0].u_pe/N3) has been disconnected.
I: Const net (pin RSTY of inst u_top_yolo/u_layer4/genblk1.gen_pages[3].pe_inst.u_pe_page/pe_col_inst[0].u_pe_col/pe_inst[0].u_pe/N3) has been disconnected.
I: Const net (pin CEP of inst u_top_yolo/u_layer4/genblk1.gen_pages[3].pe_inst.u_pe_page/pe_col_inst[0].u_pe_col/pe_inst[0].u_pe/N3) has been disconnected.
I: Const net (pin RSTP of inst u_top_yolo/u_layer4/genblk1.gen_pages[3].pe_inst.u_pe_page/pe_col_inst[0].u_pe_col/pe_inst[0].u_pe/N3) has been disconnected.
I: Const net (pin CEX1 of inst u_top_yolo/u_layer4/genblk1.gen_pages[3].pe_inst.u_pe_page/pe_col_inst[0].u_pe_col/pe_inst[0].u_pe_1/N3) has been disconnected.
I: Const net (pin RSTX of inst u_top_yolo/u_layer4/genblk1.gen_pages[3].pe_inst.u_pe_page/pe_col_inst[0].u_pe_col/pe_inst[0].u_pe_1/N3) has been disconnected.
I: Const net (pin CEY1 of inst u_top_yolo/u_layer4/genblk1.gen_pages[3].pe_inst.u_pe_page/pe_col_inst[0].u_pe_col/pe_inst[0].u_pe_1/N3) has been disconnected.
I: Const net (pin RSTY of inst u_top_yolo/u_layer4/genblk1.gen_pages[3].pe_inst.u_pe_page/pe_col_inst[0].u_pe_col/pe_inst[0].u_pe_1/N3) has been disconnected.
I: Const net (pin CEP of inst u_top_yolo/u_layer4/genblk1.gen_pages[3].pe_inst.u_pe_page/pe_col_inst[0].u_pe_col/pe_inst[0].u_pe_1/N3) has been disconnected.
I: Const net (pin RSTP of inst u_top_yolo/u_layer4/genblk1.gen_pages[3].pe_inst.u_pe_page/pe_col_inst[0].u_pe_col/pe_inst[0].u_pe_1/N3) has been disconnected.
I: Const net (pin CEX1 of inst u_top_yolo/u_layer4/genblk1.gen_pages[3].pe_inst.u_pe_page/pe_col_inst[0].u_pe_col/pe_inst[0].u_pe_2/N3) has been disconnected.
I: Const net (pin RSTX of inst u_top_yolo/u_layer4/genblk1.gen_pages[3].pe_inst.u_pe_page/pe_col_inst[0].u_pe_col/pe_inst[0].u_pe_2/N3) has been disconnected.
I: Const net (pin CEY1 of inst u_top_yolo/u_layer4/genblk1.gen_pages[3].pe_inst.u_pe_page/pe_col_inst[0].u_pe_col/pe_inst[0].u_pe_2/N3) has been disconnected.
I: Const net (pin RSTY of inst u_top_yolo/u_layer4/genblk1.gen_pages[3].pe_inst.u_pe_page/pe_col_inst[0].u_pe_col/pe_inst[0].u_pe_2/N3) has been disconnected.
I: Const net (pin CEP of inst u_top_yolo/u_layer4/genblk1.gen_pages[3].pe_inst.u_pe_page/pe_col_inst[0].u_pe_col/pe_inst[0].u_pe_2/N3) has been disconnected.
I: Const net (pin RSTP of inst u_top_yolo/u_layer4/genblk1.gen_pages[3].pe_inst.u_pe_page/pe_col_inst[0].u_pe_col/pe_inst[0].u_pe_2/N3) has been disconnected.
I: Const net (pin CEX1 of inst u_top_yolo/u_layer4/genblk1.gen_pages[3].pe_inst.u_pe_page/pe_col_inst[0].u_pe_col/pe_inst[0].u_pe_3/N3) has been disconnected.
I: Const net (pin RSTX of inst u_top_yolo/u_layer4/genblk1.gen_pages[3].pe_inst.u_pe_page/pe_col_inst[0].u_pe_col/pe_inst[0].u_pe_3/N3) has been disconnected.
I: Const net (pin CEY1 of inst u_top_yolo/u_layer4/genblk1.gen_pages[3].pe_inst.u_pe_page/pe_col_inst[0].u_pe_col/pe_inst[0].u_pe_3/N3) has been disconnected.
I: Const net (pin RSTY of inst u_top_yolo/u_layer4/genblk1.gen_pages[3].pe_inst.u_pe_page/pe_col_inst[0].u_pe_col/pe_inst[0].u_pe_3/N3) has been disconnected.
I: Const net (pin CEP of inst u_top_yolo/u_layer4/genblk1.gen_pages[3].pe_inst.u_pe_page/pe_col_inst[0].u_pe_col/pe_inst[0].u_pe_3/N3) has been disconnected.
I: Const net (pin RSTP of inst u_top_yolo/u_layer4/genblk1.gen_pages[3].pe_inst.u_pe_page/pe_col_inst[0].u_pe_col/pe_inst[0].u_pe_3/N3) has been disconnected.
I: Const net (pin CEX1 of inst u_top_yolo/u_layer4/genblk1.gen_pages[3].pe_inst.u_pe_page/pe_col_inst[0].u_pe_col/pe_inst[0].u_pe_4/N3) has been disconnected.
I: Const net (pin RSTX of inst u_top_yolo/u_layer4/genblk1.gen_pages[3].pe_inst.u_pe_page/pe_col_inst[0].u_pe_col/pe_inst[0].u_pe_4/N3) has been disconnected.
I: Const net (pin CEY1 of inst u_top_yolo/u_layer4/genblk1.gen_pages[3].pe_inst.u_pe_page/pe_col_inst[0].u_pe_col/pe_inst[0].u_pe_4/N3) has been disconnected.
I: Const net (pin RSTY of inst u_top_yolo/u_layer4/genblk1.gen_pages[3].pe_inst.u_pe_page/pe_col_inst[0].u_pe_col/pe_inst[0].u_pe_4/N3) has been disconnected.
I: Const net (pin CEP of inst u_top_yolo/u_layer4/genblk1.gen_pages[3].pe_inst.u_pe_page/pe_col_inst[0].u_pe_col/pe_inst[0].u_pe_4/N3) has been disconnected.
I: Const net (pin RSTP of inst u_top_yolo/u_layer4/genblk1.gen_pages[3].pe_inst.u_pe_page/pe_col_inst[0].u_pe_col/pe_inst[0].u_pe_4/N3) has been disconnected.
I: Const net (pin CEX1 of inst u_top_yolo/u_layer4/genblk1.gen_pages[3].pe_inst.u_pe_page/pe_col_inst[0].u_pe_col/pe_inst[0].u_pe_5/N3) has been disconnected.
I: Const net (pin RSTX of inst u_top_yolo/u_layer4/genblk1.gen_pages[3].pe_inst.u_pe_page/pe_col_inst[0].u_pe_col/pe_inst[0].u_pe_5/N3) has been disconnected.
I: Const net (pin CEY1 of inst u_top_yolo/u_layer4/genblk1.gen_pages[3].pe_inst.u_pe_page/pe_col_inst[0].u_pe_col/pe_inst[0].u_pe_5/N3) has been disconnected.
I: Const net (pin RSTY of inst u_top_yolo/u_layer4/genblk1.gen_pages[3].pe_inst.u_pe_page/pe_col_inst[0].u_pe_col/pe_inst[0].u_pe_5/N3) has been disconnected.
I: Const net (pin CEP of inst u_top_yolo/u_layer4/genblk1.gen_pages[3].pe_inst.u_pe_page/pe_col_inst[0].u_pe_col/pe_inst[0].u_pe_5/N3) has been disconnected.
I: Const net (pin RSTP of inst u_top_yolo/u_layer4/genblk1.gen_pages[3].pe_inst.u_pe_page/pe_col_inst[0].u_pe_col/pe_inst[0].u_pe_5/N3) has been disconnected.
I: Const net (pin CEX1 of inst u_top_yolo/u_layer4/genblk1.gen_pages[3].pe_inst.u_pe_page/pe_col_inst[0].u_pe_col/pe_inst[0].u_pe_6/N3) has been disconnected.
I: Const net (pin RSTX of inst u_top_yolo/u_layer4/genblk1.gen_pages[3].pe_inst.u_pe_page/pe_col_inst[0].u_pe_col/pe_inst[0].u_pe_6/N3) has been disconnected.
I: Const net (pin CEY1 of inst u_top_yolo/u_layer4/genblk1.gen_pages[3].pe_inst.u_pe_page/pe_col_inst[0].u_pe_col/pe_inst[0].u_pe_6/N3) has been disconnected.
I: Const net (pin RSTY of inst u_top_yolo/u_layer4/genblk1.gen_pages[3].pe_inst.u_pe_page/pe_col_inst[0].u_pe_col/pe_inst[0].u_pe_6/N3) has been disconnected.
I: Const net (pin CEP of inst u_top_yolo/u_layer4/genblk1.gen_pages[3].pe_inst.u_pe_page/pe_col_inst[0].u_pe_col/pe_inst[0].u_pe_6/N3) has been disconnected.
I: Const net (pin RSTP of inst u_top_yolo/u_layer4/genblk1.gen_pages[3].pe_inst.u_pe_page/pe_col_inst[0].u_pe_col/pe_inst[0].u_pe_6/N3) has been disconnected.
I: Const net (pin CEX1 of inst u_top_yolo/u_layer4/genblk1.gen_pages[3].pe_inst.u_pe_page/pe_col_inst[0].u_pe_col/pe_inst[0].u_pe_7/N3) has been disconnected.
I: Const net (pin RSTX of inst u_top_yolo/u_layer4/genblk1.gen_pages[3].pe_inst.u_pe_page/pe_col_inst[0].u_pe_col/pe_inst[0].u_pe_7/N3) has been disconnected.
I: Const net (pin CEY1 of inst u_top_yolo/u_layer4/genblk1.gen_pages[3].pe_inst.u_pe_page/pe_col_inst[0].u_pe_col/pe_inst[0].u_pe_7/N3) has been disconnected.
I: Const net (pin RSTY of inst u_top_yolo/u_layer4/genblk1.gen_pages[3].pe_inst.u_pe_page/pe_col_inst[0].u_pe_col/pe_inst[0].u_pe_7/N3) has been disconnected.
I: Const net (pin CEP of inst u_top_yolo/u_layer4/genblk1.gen_pages[3].pe_inst.u_pe_page/pe_col_inst[0].u_pe_col/pe_inst[0].u_pe_7/N3) has been disconnected.
I: Const net (pin RSTP of inst u_top_yolo/u_layer4/genblk1.gen_pages[3].pe_inst.u_pe_page/pe_col_inst[0].u_pe_col/pe_inst[0].u_pe_7/N3) has been disconnected.
I: Const net (pin CEX1 of inst u_top_yolo/u_layer4/genblk1.gen_pages[3].pe_inst.u_pe_page/pe_col_inst[0].u_pe_col/pe_inst[0].u_pe_8/N3) has been disconnected.
I: Const net (pin RSTX of inst u_top_yolo/u_layer4/genblk1.gen_pages[3].pe_inst.u_pe_page/pe_col_inst[0].u_pe_col/pe_inst[0].u_pe_8/N3) has been disconnected.
I: Const net (pin CEY1 of inst u_top_yolo/u_layer4/genblk1.gen_pages[3].pe_inst.u_pe_page/pe_col_inst[0].u_pe_col/pe_inst[0].u_pe_8/N3) has been disconnected.
I: Const net (pin RSTY of inst u_top_yolo/u_layer4/genblk1.gen_pages[3].pe_inst.u_pe_page/pe_col_inst[0].u_pe_col/pe_inst[0].u_pe_8/N3) has been disconnected.
I: Const net (pin CEP of inst u_top_yolo/u_layer4/genblk1.gen_pages[3].pe_inst.u_pe_page/pe_col_inst[0].u_pe_col/pe_inst[0].u_pe_8/N3) has been disconnected.
I: Const net (pin RSTP of inst u_top_yolo/u_layer4/genblk1.gen_pages[3].pe_inst.u_pe_page/pe_col_inst[0].u_pe_col/pe_inst[0].u_pe_8/N3) has been disconnected.
I: Const net (pin CEX1 of inst u_top_yolo/u_layer4/genblk1.gen_pages[3].pe_inst.u_pe_page/pe_col_inst[1].u_pe_col/pe_inst[0].u_pe/N3) has been disconnected.
I: Const net (pin RSTX of inst u_top_yolo/u_layer4/genblk1.gen_pages[3].pe_inst.u_pe_page/pe_col_inst[1].u_pe_col/pe_inst[0].u_pe/N3) has been disconnected.
I: Const net (pin CEY1 of inst u_top_yolo/u_layer4/genblk1.gen_pages[3].pe_inst.u_pe_page/pe_col_inst[1].u_pe_col/pe_inst[0].u_pe/N3) has been disconnected.
I: Const net (pin RSTY of inst u_top_yolo/u_layer4/genblk1.gen_pages[3].pe_inst.u_pe_page/pe_col_inst[1].u_pe_col/pe_inst[0].u_pe/N3) has been disconnected.
I: Const net (pin CEP of inst u_top_yolo/u_layer4/genblk1.gen_pages[3].pe_inst.u_pe_page/pe_col_inst[1].u_pe_col/pe_inst[0].u_pe/N3) has been disconnected.
I: Const net (pin RSTP of inst u_top_yolo/u_layer4/genblk1.gen_pages[3].pe_inst.u_pe_page/pe_col_inst[1].u_pe_col/pe_inst[0].u_pe/N3) has been disconnected.
I: Const net (pin CEX1 of inst u_top_yolo/u_layer4/genblk1.gen_pages[3].pe_inst.u_pe_page/pe_col_inst[1].u_pe_col/pe_inst[0].u_pe_1/N3) has been disconnected.
I: Const net (pin RSTX of inst u_top_yolo/u_layer4/genblk1.gen_pages[3].pe_inst.u_pe_page/pe_col_inst[1].u_pe_col/pe_inst[0].u_pe_1/N3) has been disconnected.
I: Const net (pin CEY1 of inst u_top_yolo/u_layer4/genblk1.gen_pages[3].pe_inst.u_pe_page/pe_col_inst[1].u_pe_col/pe_inst[0].u_pe_1/N3) has been disconnected.
I: Const net (pin RSTY of inst u_top_yolo/u_layer4/genblk1.gen_pages[3].pe_inst.u_pe_page/pe_col_inst[1].u_pe_col/pe_inst[0].u_pe_1/N3) has been disconnected.
I: Const net (pin CEP of inst u_top_yolo/u_layer4/genblk1.gen_pages[3].pe_inst.u_pe_page/pe_col_inst[1].u_pe_col/pe_inst[0].u_pe_1/N3) has been disconnected.
I: Const net (pin RSTP of inst u_top_yolo/u_layer4/genblk1.gen_pages[3].pe_inst.u_pe_page/pe_col_inst[1].u_pe_col/pe_inst[0].u_pe_1/N3) has been disconnected.
I: Const net (pin CEX1 of inst u_top_yolo/u_layer4/genblk1.gen_pages[3].pe_inst.u_pe_page/pe_col_inst[1].u_pe_col/pe_inst[0].u_pe_2/N3) has been disconnected.
I: Const net (pin RSTX of inst u_top_yolo/u_layer4/genblk1.gen_pages[3].pe_inst.u_pe_page/pe_col_inst[1].u_pe_col/pe_inst[0].u_pe_2/N3) has been disconnected.
I: Const net (pin CEY1 of inst u_top_yolo/u_layer4/genblk1.gen_pages[3].pe_inst.u_pe_page/pe_col_inst[1].u_pe_col/pe_inst[0].u_pe_2/N3) has been disconnected.
I: Const net (pin RSTY of inst u_top_yolo/u_layer4/genblk1.gen_pages[3].pe_inst.u_pe_page/pe_col_inst[1].u_pe_col/pe_inst[0].u_pe_2/N3) has been disconnected.
I: Const net (pin CEP of inst u_top_yolo/u_layer4/genblk1.gen_pages[3].pe_inst.u_pe_page/pe_col_inst[1].u_pe_col/pe_inst[0].u_pe_2/N3) has been disconnected.
I: Const net (pin RSTP of inst u_top_yolo/u_layer4/genblk1.gen_pages[3].pe_inst.u_pe_page/pe_col_inst[1].u_pe_col/pe_inst[0].u_pe_2/N3) has been disconnected.
I: Const net (pin CEX1 of inst u_top_yolo/u_layer4/genblk1.gen_pages[3].pe_inst.u_pe_page/pe_col_inst[1].u_pe_col/pe_inst[0].u_pe_3/N3) has been disconnected.
I: Const net (pin RSTX of inst u_top_yolo/u_layer4/genblk1.gen_pages[3].pe_inst.u_pe_page/pe_col_inst[1].u_pe_col/pe_inst[0].u_pe_3/N3) has been disconnected.
I: Const net (pin CEY1 of inst u_top_yolo/u_layer4/genblk1.gen_pages[3].pe_inst.u_pe_page/pe_col_inst[1].u_pe_col/pe_inst[0].u_pe_3/N3) has been disconnected.
I: Const net (pin RSTY of inst u_top_yolo/u_layer4/genblk1.gen_pages[3].pe_inst.u_pe_page/pe_col_inst[1].u_pe_col/pe_inst[0].u_pe_3/N3) has been disconnected.
I: Const net (pin CEP of inst u_top_yolo/u_layer4/genblk1.gen_pages[3].pe_inst.u_pe_page/pe_col_inst[1].u_pe_col/pe_inst[0].u_pe_3/N3) has been disconnected.
I: Const net (pin RSTP of inst u_top_yolo/u_layer4/genblk1.gen_pages[3].pe_inst.u_pe_page/pe_col_inst[1].u_pe_col/pe_inst[0].u_pe_3/N3) has been disconnected.
I: Const net (pin CEX1 of inst u_top_yolo/u_layer4/genblk1.gen_pages[3].pe_inst.u_pe_page/pe_col_inst[1].u_pe_col/pe_inst[0].u_pe_4/N3) has been disconnected.
I: Const net (pin RSTX of inst u_top_yolo/u_layer4/genblk1.gen_pages[3].pe_inst.u_pe_page/pe_col_inst[1].u_pe_col/pe_inst[0].u_pe_4/N3) has been disconnected.
I: Const net (pin CEY1 of inst u_top_yolo/u_layer4/genblk1.gen_pages[3].pe_inst.u_pe_page/pe_col_inst[1].u_pe_col/pe_inst[0].u_pe_4/N3) has been disconnected.
I: Const net (pin RSTY of inst u_top_yolo/u_layer4/genblk1.gen_pages[3].pe_inst.u_pe_page/pe_col_inst[1].u_pe_col/pe_inst[0].u_pe_4/N3) has been disconnected.
I: Const net (pin CEP of inst u_top_yolo/u_layer4/genblk1.gen_pages[3].pe_inst.u_pe_page/pe_col_inst[1].u_pe_col/pe_inst[0].u_pe_4/N3) has been disconnected.
I: Const net (pin RSTP of inst u_top_yolo/u_layer4/genblk1.gen_pages[3].pe_inst.u_pe_page/pe_col_inst[1].u_pe_col/pe_inst[0].u_pe_4/N3) has been disconnected.
I: Const net (pin CEX1 of inst u_top_yolo/u_layer4/genblk1.gen_pages[3].pe_inst.u_pe_page/pe_col_inst[1].u_pe_col/pe_inst[0].u_pe_5/N3) has been disconnected.
I: Const net (pin RSTX of inst u_top_yolo/u_layer4/genblk1.gen_pages[3].pe_inst.u_pe_page/pe_col_inst[1].u_pe_col/pe_inst[0].u_pe_5/N3) has been disconnected.
I: Const net (pin CEY1 of inst u_top_yolo/u_layer4/genblk1.gen_pages[3].pe_inst.u_pe_page/pe_col_inst[1].u_pe_col/pe_inst[0].u_pe_5/N3) has been disconnected.
I: Const net (pin RSTY of inst u_top_yolo/u_layer4/genblk1.gen_pages[3].pe_inst.u_pe_page/pe_col_inst[1].u_pe_col/pe_inst[0].u_pe_5/N3) has been disconnected.
I: Const net (pin CEP of inst u_top_yolo/u_layer4/genblk1.gen_pages[3].pe_inst.u_pe_page/pe_col_inst[1].u_pe_col/pe_inst[0].u_pe_5/N3) has been disconnected.
I: Const net (pin RSTP of inst u_top_yolo/u_layer4/genblk1.gen_pages[3].pe_inst.u_pe_page/pe_col_inst[1].u_pe_col/pe_inst[0].u_pe_5/N3) has been disconnected.
I: Const net (pin CEX1 of inst u_top_yolo/u_layer4/genblk1.gen_pages[3].pe_inst.u_pe_page/pe_col_inst[1].u_pe_col/pe_inst[0].u_pe_6/N3) has been disconnected.
I: Const net (pin RSTX of inst u_top_yolo/u_layer4/genblk1.gen_pages[3].pe_inst.u_pe_page/pe_col_inst[1].u_pe_col/pe_inst[0].u_pe_6/N3) has been disconnected.
I: Const net (pin CEY1 of inst u_top_yolo/u_layer4/genblk1.gen_pages[3].pe_inst.u_pe_page/pe_col_inst[1].u_pe_col/pe_inst[0].u_pe_6/N3) has been disconnected.
I: Const net (pin RSTY of inst u_top_yolo/u_layer4/genblk1.gen_pages[3].pe_inst.u_pe_page/pe_col_inst[1].u_pe_col/pe_inst[0].u_pe_6/N3) has been disconnected.
I: Const net (pin CEP of inst u_top_yolo/u_layer4/genblk1.gen_pages[3].pe_inst.u_pe_page/pe_col_inst[1].u_pe_col/pe_inst[0].u_pe_6/N3) has been disconnected.
I: Const net (pin RSTP of inst u_top_yolo/u_layer4/genblk1.gen_pages[3].pe_inst.u_pe_page/pe_col_inst[1].u_pe_col/pe_inst[0].u_pe_6/N3) has been disconnected.
I: Const net (pin CEX1 of inst u_top_yolo/u_layer4/genblk1.gen_pages[3].pe_inst.u_pe_page/pe_col_inst[1].u_pe_col/pe_inst[0].u_pe_7/N3) has been disconnected.
I: Const net (pin RSTX of inst u_top_yolo/u_layer4/genblk1.gen_pages[3].pe_inst.u_pe_page/pe_col_inst[1].u_pe_col/pe_inst[0].u_pe_7/N3) has been disconnected.
I: Const net (pin CEY1 of inst u_top_yolo/u_layer4/genblk1.gen_pages[3].pe_inst.u_pe_page/pe_col_inst[1].u_pe_col/pe_inst[0].u_pe_7/N3) has been disconnected.
I: Const net (pin RSTY of inst u_top_yolo/u_layer4/genblk1.gen_pages[3].pe_inst.u_pe_page/pe_col_inst[1].u_pe_col/pe_inst[0].u_pe_7/N3) has been disconnected.
I: Const net (pin CEP of inst u_top_yolo/u_layer4/genblk1.gen_pages[3].pe_inst.u_pe_page/pe_col_inst[1].u_pe_col/pe_inst[0].u_pe_7/N3) has been disconnected.
I: Const net (pin RSTP of inst u_top_yolo/u_layer4/genblk1.gen_pages[3].pe_inst.u_pe_page/pe_col_inst[1].u_pe_col/pe_inst[0].u_pe_7/N3) has been disconnected.
I: Const net (pin CEX1 of inst u_top_yolo/u_layer4/genblk1.gen_pages[3].pe_inst.u_pe_page/pe_col_inst[1].u_pe_col/pe_inst[0].u_pe_8/N3) has been disconnected.
I: Const net (pin RSTX of inst u_top_yolo/u_layer4/genblk1.gen_pages[3].pe_inst.u_pe_page/pe_col_inst[1].u_pe_col/pe_inst[0].u_pe_8/N3) has been disconnected.
I: Const net (pin CEY1 of inst u_top_yolo/u_layer4/genblk1.gen_pages[3].pe_inst.u_pe_page/pe_col_inst[1].u_pe_col/pe_inst[0].u_pe_8/N3) has been disconnected.
I: Const net (pin RSTY of inst u_top_yolo/u_layer4/genblk1.gen_pages[3].pe_inst.u_pe_page/pe_col_inst[1].u_pe_col/pe_inst[0].u_pe_8/N3) has been disconnected.
I: Const net (pin CEP of inst u_top_yolo/u_layer4/genblk1.gen_pages[3].pe_inst.u_pe_page/pe_col_inst[1].u_pe_col/pe_inst[0].u_pe_8/N3) has been disconnected.
I: Const net (pin RSTP of inst u_top_yolo/u_layer4/genblk1.gen_pages[3].pe_inst.u_pe_page/pe_col_inst[1].u_pe_col/pe_inst[0].u_pe_8/N3) has been disconnected.
I: Const net (pin CEX1 of inst u_top_yolo/u_layer5/genblk1.gen_pages[0].pe_inst.u_pe_page/pe_col_inst[0].u_pe_col/pe_inst[0].u_pe/N3) has been disconnected.
I: Const net (pin RSTX of inst u_top_yolo/u_layer5/genblk1.gen_pages[0].pe_inst.u_pe_page/pe_col_inst[0].u_pe_col/pe_inst[0].u_pe/N3) has been disconnected.
I: Const net (pin CEY1 of inst u_top_yolo/u_layer5/genblk1.gen_pages[0].pe_inst.u_pe_page/pe_col_inst[0].u_pe_col/pe_inst[0].u_pe/N3) has been disconnected.
I: Const net (pin RSTY of inst u_top_yolo/u_layer5/genblk1.gen_pages[0].pe_inst.u_pe_page/pe_col_inst[0].u_pe_col/pe_inst[0].u_pe/N3) has been disconnected.
I: Const net (pin CEM of inst u_top_yolo/u_layer5/genblk1.gen_pages[0].pe_inst.u_pe_page/pe_col_inst[0].u_pe_col/pe_inst[0].u_pe/N3) has been disconnected.
I: Const net (pin RSTM of inst u_top_yolo/u_layer5/genblk1.gen_pages[0].pe_inst.u_pe_page/pe_col_inst[0].u_pe_col/pe_inst[0].u_pe/N3) has been disconnected.
I: Const net (pin CEX1 of inst u_top_yolo/u_layer5/genblk1.gen_pages[0].pe_inst.u_pe_page/pe_col_inst[0].u_pe_col/pe_inst[0].u_pe_1/N3) has been disconnected.
I: Const net (pin RSTX of inst u_top_yolo/u_layer5/genblk1.gen_pages[0].pe_inst.u_pe_page/pe_col_inst[0].u_pe_col/pe_inst[0].u_pe_1/N3) has been disconnected.
I: Const net (pin CEY1 of inst u_top_yolo/u_layer5/genblk1.gen_pages[0].pe_inst.u_pe_page/pe_col_inst[0].u_pe_col/pe_inst[0].u_pe_1/N3) has been disconnected.
I: Const net (pin RSTY of inst u_top_yolo/u_layer5/genblk1.gen_pages[0].pe_inst.u_pe_page/pe_col_inst[0].u_pe_col/pe_inst[0].u_pe_1/N3) has been disconnected.
I: Const net (pin CEM of inst u_top_yolo/u_layer5/genblk1.gen_pages[0].pe_inst.u_pe_page/pe_col_inst[0].u_pe_col/pe_inst[0].u_pe_1/N3) has been disconnected.
I: Const net (pin RSTM of inst u_top_yolo/u_layer5/genblk1.gen_pages[0].pe_inst.u_pe_page/pe_col_inst[0].u_pe_col/pe_inst[0].u_pe_1/N3) has been disconnected.
I: Const net (pin CEX1 of inst u_top_yolo/u_layer5/genblk1.gen_pages[0].pe_inst.u_pe_page/pe_col_inst[0].u_pe_col/pe_inst[0].u_pe_2/N3) has been disconnected.
I: Const net (pin RSTX of inst u_top_yolo/u_layer5/genblk1.gen_pages[0].pe_inst.u_pe_page/pe_col_inst[0].u_pe_col/pe_inst[0].u_pe_2/N3) has been disconnected.
I: Const net (pin CEY1 of inst u_top_yolo/u_layer5/genblk1.gen_pages[0].pe_inst.u_pe_page/pe_col_inst[0].u_pe_col/pe_inst[0].u_pe_2/N3) has been disconnected.
I: Const net (pin RSTY of inst u_top_yolo/u_layer5/genblk1.gen_pages[0].pe_inst.u_pe_page/pe_col_inst[0].u_pe_col/pe_inst[0].u_pe_2/N3) has been disconnected.
I: Const net (pin CEM of inst u_top_yolo/u_layer5/genblk1.gen_pages[0].pe_inst.u_pe_page/pe_col_inst[0].u_pe_col/pe_inst[0].u_pe_2/N3) has been disconnected.
I: Const net (pin RSTM of inst u_top_yolo/u_layer5/genblk1.gen_pages[0].pe_inst.u_pe_page/pe_col_inst[0].u_pe_col/pe_inst[0].u_pe_2/N3) has been disconnected.
I: Const net (pin CEX1 of inst u_top_yolo/u_layer5/genblk1.gen_pages[0].pe_inst.u_pe_page/pe_col_inst[0].u_pe_col/pe_inst[0].u_pe_3/N3) has been disconnected.
I: Const net (pin RSTX of inst u_top_yolo/u_layer5/genblk1.gen_pages[0].pe_inst.u_pe_page/pe_col_inst[0].u_pe_col/pe_inst[0].u_pe_3/N3) has been disconnected.
I: Const net (pin CEY1 of inst u_top_yolo/u_layer5/genblk1.gen_pages[0].pe_inst.u_pe_page/pe_col_inst[0].u_pe_col/pe_inst[0].u_pe_3/N3) has been disconnected.
I: Const net (pin RSTY of inst u_top_yolo/u_layer5/genblk1.gen_pages[0].pe_inst.u_pe_page/pe_col_inst[0].u_pe_col/pe_inst[0].u_pe_3/N3) has been disconnected.
I: Const net (pin CEM of inst u_top_yolo/u_layer5/genblk1.gen_pages[0].pe_inst.u_pe_page/pe_col_inst[0].u_pe_col/pe_inst[0].u_pe_3/N3) has been disconnected.
I: Const net (pin RSTM of inst u_top_yolo/u_layer5/genblk1.gen_pages[0].pe_inst.u_pe_page/pe_col_inst[0].u_pe_col/pe_inst[0].u_pe_3/N3) has been disconnected.
I: Const net (pin CEX1 of inst u_top_yolo/u_layer5/genblk1.gen_pages[0].pe_inst.u_pe_page/pe_col_inst[0].u_pe_col/pe_inst[0].u_pe_4/N3) has been disconnected.
I: Const net (pin RSTX of inst u_top_yolo/u_layer5/genblk1.gen_pages[0].pe_inst.u_pe_page/pe_col_inst[0].u_pe_col/pe_inst[0].u_pe_4/N3) has been disconnected.
I: Const net (pin CEY1 of inst u_top_yolo/u_layer5/genblk1.gen_pages[0].pe_inst.u_pe_page/pe_col_inst[0].u_pe_col/pe_inst[0].u_pe_4/N3) has been disconnected.
I: Const net (pin RSTY of inst u_top_yolo/u_layer5/genblk1.gen_pages[0].pe_inst.u_pe_page/pe_col_inst[0].u_pe_col/pe_inst[0].u_pe_4/N3) has been disconnected.
I: Const net (pin CEM of inst u_top_yolo/u_layer5/genblk1.gen_pages[0].pe_inst.u_pe_page/pe_col_inst[0].u_pe_col/pe_inst[0].u_pe_4/N3) has been disconnected.
I: Const net (pin RSTM of inst u_top_yolo/u_layer5/genblk1.gen_pages[0].pe_inst.u_pe_page/pe_col_inst[0].u_pe_col/pe_inst[0].u_pe_4/N3) has been disconnected.
I: Const net (pin CEX1 of inst u_top_yolo/u_layer5/genblk1.gen_pages[0].pe_inst.u_pe_page/pe_col_inst[0].u_pe_col/pe_inst[0].u_pe_5/N3) has been disconnected.
I: Const net (pin RSTX of inst u_top_yolo/u_layer5/genblk1.gen_pages[0].pe_inst.u_pe_page/pe_col_inst[0].u_pe_col/pe_inst[0].u_pe_5/N3) has been disconnected.
I: Const net (pin CEY1 of inst u_top_yolo/u_layer5/genblk1.gen_pages[0].pe_inst.u_pe_page/pe_col_inst[0].u_pe_col/pe_inst[0].u_pe_5/N3) has been disconnected.
I: Const net (pin RSTY of inst u_top_yolo/u_layer5/genblk1.gen_pages[0].pe_inst.u_pe_page/pe_col_inst[0].u_pe_col/pe_inst[0].u_pe_5/N3) has been disconnected.
I: Const net (pin CEM of inst u_top_yolo/u_layer5/genblk1.gen_pages[0].pe_inst.u_pe_page/pe_col_inst[0].u_pe_col/pe_inst[0].u_pe_5/N3) has been disconnected.
I: Const net (pin RSTM of inst u_top_yolo/u_layer5/genblk1.gen_pages[0].pe_inst.u_pe_page/pe_col_inst[0].u_pe_col/pe_inst[0].u_pe_5/N3) has been disconnected.
I: Const net (pin CEX1 of inst u_top_yolo/u_layer5/genblk1.gen_pages[0].pe_inst.u_pe_page/pe_col_inst[0].u_pe_col/pe_inst[0].u_pe_6/N3) has been disconnected.
I: Const net (pin RSTX of inst u_top_yolo/u_layer5/genblk1.gen_pages[0].pe_inst.u_pe_page/pe_col_inst[0].u_pe_col/pe_inst[0].u_pe_6/N3) has been disconnected.
I: Const net (pin CEY1 of inst u_top_yolo/u_layer5/genblk1.gen_pages[0].pe_inst.u_pe_page/pe_col_inst[0].u_pe_col/pe_inst[0].u_pe_6/N3) has been disconnected.
I: Const net (pin RSTY of inst u_top_yolo/u_layer5/genblk1.gen_pages[0].pe_inst.u_pe_page/pe_col_inst[0].u_pe_col/pe_inst[0].u_pe_6/N3) has been disconnected.
I: Const net (pin CEM of inst u_top_yolo/u_layer5/genblk1.gen_pages[0].pe_inst.u_pe_page/pe_col_inst[0].u_pe_col/pe_inst[0].u_pe_6/N3) has been disconnected.
I: Const net (pin RSTM of inst u_top_yolo/u_layer5/genblk1.gen_pages[0].pe_inst.u_pe_page/pe_col_inst[0].u_pe_col/pe_inst[0].u_pe_6/N3) has been disconnected.
I: Const net (pin CEX1 of inst u_top_yolo/u_layer5/genblk1.gen_pages[0].pe_inst.u_pe_page/pe_col_inst[0].u_pe_col/pe_inst[0].u_pe_7/N3) has been disconnected.
I: Const net (pin RSTX of inst u_top_yolo/u_layer5/genblk1.gen_pages[0].pe_inst.u_pe_page/pe_col_inst[0].u_pe_col/pe_inst[0].u_pe_7/N3) has been disconnected.
I: Const net (pin CEY1 of inst u_top_yolo/u_layer5/genblk1.gen_pages[0].pe_inst.u_pe_page/pe_col_inst[0].u_pe_col/pe_inst[0].u_pe_7/N3) has been disconnected.
I: Const net (pin RSTY of inst u_top_yolo/u_layer5/genblk1.gen_pages[0].pe_inst.u_pe_page/pe_col_inst[0].u_pe_col/pe_inst[0].u_pe_7/N3) has been disconnected.
I: Const net (pin CEM of inst u_top_yolo/u_layer5/genblk1.gen_pages[0].pe_inst.u_pe_page/pe_col_inst[0].u_pe_col/pe_inst[0].u_pe_7/N3) has been disconnected.
I: Const net (pin RSTM of inst u_top_yolo/u_layer5/genblk1.gen_pages[0].pe_inst.u_pe_page/pe_col_inst[0].u_pe_col/pe_inst[0].u_pe_7/N3) has been disconnected.
I: Const net (pin CEX1 of inst u_top_yolo/u_layer5/genblk1.gen_pages[0].pe_inst.u_pe_page/pe_col_inst[0].u_pe_col/pe_inst[0].u_pe_8/N3) has been disconnected.
I: Const net (pin RSTX of inst u_top_yolo/u_layer5/genblk1.gen_pages[0].pe_inst.u_pe_page/pe_col_inst[0].u_pe_col/pe_inst[0].u_pe_8/N3) has been disconnected.
I: Const net (pin CEY1 of inst u_top_yolo/u_layer5/genblk1.gen_pages[0].pe_inst.u_pe_page/pe_col_inst[0].u_pe_col/pe_inst[0].u_pe_8/N3) has been disconnected.
I: Const net (pin RSTY of inst u_top_yolo/u_layer5/genblk1.gen_pages[0].pe_inst.u_pe_page/pe_col_inst[0].u_pe_col/pe_inst[0].u_pe_8/N3) has been disconnected.
I: Const net (pin CEM of inst u_top_yolo/u_layer5/genblk1.gen_pages[0].pe_inst.u_pe_page/pe_col_inst[0].u_pe_col/pe_inst[0].u_pe_8/N3) has been disconnected.
I: Const net (pin RSTM of inst u_top_yolo/u_layer5/genblk1.gen_pages[0].pe_inst.u_pe_page/pe_col_inst[0].u_pe_col/pe_inst[0].u_pe_8/N3) has been disconnected.
I: Const net (pin CEX1 of inst u_top_yolo/u_layer5/genblk1.gen_pages[0].pe_inst.u_pe_page/pe_col_inst[1].u_pe_col/pe_inst[0].u_pe/N3) has been disconnected.
I: Const net (pin RSTX of inst u_top_yolo/u_layer5/genblk1.gen_pages[0].pe_inst.u_pe_page/pe_col_inst[1].u_pe_col/pe_inst[0].u_pe/N3) has been disconnected.
I: Const net (pin CEY1 of inst u_top_yolo/u_layer5/genblk1.gen_pages[0].pe_inst.u_pe_page/pe_col_inst[1].u_pe_col/pe_inst[0].u_pe/N3) has been disconnected.
I: Const net (pin RSTY of inst u_top_yolo/u_layer5/genblk1.gen_pages[0].pe_inst.u_pe_page/pe_col_inst[1].u_pe_col/pe_inst[0].u_pe/N3) has been disconnected.
I: Const net (pin CEM of inst u_top_yolo/u_layer5/genblk1.gen_pages[0].pe_inst.u_pe_page/pe_col_inst[1].u_pe_col/pe_inst[0].u_pe/N3) has been disconnected.
I: Const net (pin RSTM of inst u_top_yolo/u_layer5/genblk1.gen_pages[0].pe_inst.u_pe_page/pe_col_inst[1].u_pe_col/pe_inst[0].u_pe/N3) has been disconnected.
I: Const net (pin CEX1 of inst u_top_yolo/u_layer5/genblk1.gen_pages[0].pe_inst.u_pe_page/pe_col_inst[1].u_pe_col/pe_inst[0].u_pe_1/N3) has been disconnected.
I: Const net (pin RSTX of inst u_top_yolo/u_layer5/genblk1.gen_pages[0].pe_inst.u_pe_page/pe_col_inst[1].u_pe_col/pe_inst[0].u_pe_1/N3) has been disconnected.
I: Const net (pin CEY1 of inst u_top_yolo/u_layer5/genblk1.gen_pages[0].pe_inst.u_pe_page/pe_col_inst[1].u_pe_col/pe_inst[0].u_pe_1/N3) has been disconnected.
I: Const net (pin RSTY of inst u_top_yolo/u_layer5/genblk1.gen_pages[0].pe_inst.u_pe_page/pe_col_inst[1].u_pe_col/pe_inst[0].u_pe_1/N3) has been disconnected.
I: Const net (pin CEM of inst u_top_yolo/u_layer5/genblk1.gen_pages[0].pe_inst.u_pe_page/pe_col_inst[1].u_pe_col/pe_inst[0].u_pe_1/N3) has been disconnected.
I: Const net (pin RSTM of inst u_top_yolo/u_layer5/genblk1.gen_pages[0].pe_inst.u_pe_page/pe_col_inst[1].u_pe_col/pe_inst[0].u_pe_1/N3) has been disconnected.
I: Const net (pin CEX1 of inst u_top_yolo/u_layer5/genblk1.gen_pages[0].pe_inst.u_pe_page/pe_col_inst[1].u_pe_col/pe_inst[0].u_pe_2/N3) has been disconnected.
I: Const net (pin RSTX of inst u_top_yolo/u_layer5/genblk1.gen_pages[0].pe_inst.u_pe_page/pe_col_inst[1].u_pe_col/pe_inst[0].u_pe_2/N3) has been disconnected.
I: Const net (pin CEY1 of inst u_top_yolo/u_layer5/genblk1.gen_pages[0].pe_inst.u_pe_page/pe_col_inst[1].u_pe_col/pe_inst[0].u_pe_2/N3) has been disconnected.
I: Const net (pin RSTY of inst u_top_yolo/u_layer5/genblk1.gen_pages[0].pe_inst.u_pe_page/pe_col_inst[1].u_pe_col/pe_inst[0].u_pe_2/N3) has been disconnected.
I: Const net (pin CEM of inst u_top_yolo/u_layer5/genblk1.gen_pages[0].pe_inst.u_pe_page/pe_col_inst[1].u_pe_col/pe_inst[0].u_pe_2/N3) has been disconnected.
I: Const net (pin RSTM of inst u_top_yolo/u_layer5/genblk1.gen_pages[0].pe_inst.u_pe_page/pe_col_inst[1].u_pe_col/pe_inst[0].u_pe_2/N3) has been disconnected.
I: Const net (pin CEX1 of inst u_top_yolo/u_layer5/genblk1.gen_pages[0].pe_inst.u_pe_page/pe_col_inst[1].u_pe_col/pe_inst[0].u_pe_3/N3) has been disconnected.
I: Const net (pin RSTX of inst u_top_yolo/u_layer5/genblk1.gen_pages[0].pe_inst.u_pe_page/pe_col_inst[1].u_pe_col/pe_inst[0].u_pe_3/N3) has been disconnected.
I: Const net (pin CEY1 of inst u_top_yolo/u_layer5/genblk1.gen_pages[0].pe_inst.u_pe_page/pe_col_inst[1].u_pe_col/pe_inst[0].u_pe_3/N3) has been disconnected.
I: Const net (pin RSTY of inst u_top_yolo/u_layer5/genblk1.gen_pages[0].pe_inst.u_pe_page/pe_col_inst[1].u_pe_col/pe_inst[0].u_pe_3/N3) has been disconnected.
I: Const net (pin CEM of inst u_top_yolo/u_layer5/genblk1.gen_pages[0].pe_inst.u_pe_page/pe_col_inst[1].u_pe_col/pe_inst[0].u_pe_3/N3) has been disconnected.
I: Const net (pin RSTM of inst u_top_yolo/u_layer5/genblk1.gen_pages[0].pe_inst.u_pe_page/pe_col_inst[1].u_pe_col/pe_inst[0].u_pe_3/N3) has been disconnected.
I: Const net (pin CEX1 of inst u_top_yolo/u_layer5/genblk1.gen_pages[0].pe_inst.u_pe_page/pe_col_inst[1].u_pe_col/pe_inst[0].u_pe_4/N3) has been disconnected.
I: Const net (pin RSTX of inst u_top_yolo/u_layer5/genblk1.gen_pages[0].pe_inst.u_pe_page/pe_col_inst[1].u_pe_col/pe_inst[0].u_pe_4/N3) has been disconnected.
I: Const net (pin CEY1 of inst u_top_yolo/u_layer5/genblk1.gen_pages[0].pe_inst.u_pe_page/pe_col_inst[1].u_pe_col/pe_inst[0].u_pe_4/N3) has been disconnected.
I: Const net (pin RSTY of inst u_top_yolo/u_layer5/genblk1.gen_pages[0].pe_inst.u_pe_page/pe_col_inst[1].u_pe_col/pe_inst[0].u_pe_4/N3) has been disconnected.
I: Const net (pin CEM of inst u_top_yolo/u_layer5/genblk1.gen_pages[0].pe_inst.u_pe_page/pe_col_inst[1].u_pe_col/pe_inst[0].u_pe_4/N3) has been disconnected.
I: Const net (pin RSTM of inst u_top_yolo/u_layer5/genblk1.gen_pages[0].pe_inst.u_pe_page/pe_col_inst[1].u_pe_col/pe_inst[0].u_pe_4/N3) has been disconnected.
I: Const net (pin CEX1 of inst u_top_yolo/u_layer5/genblk1.gen_pages[0].pe_inst.u_pe_page/pe_col_inst[1].u_pe_col/pe_inst[0].u_pe_5/N3) has been disconnected.
I: Const net (pin RSTX of inst u_top_yolo/u_layer5/genblk1.gen_pages[0].pe_inst.u_pe_page/pe_col_inst[1].u_pe_col/pe_inst[0].u_pe_5/N3) has been disconnected.
I: Const net (pin CEY1 of inst u_top_yolo/u_layer5/genblk1.gen_pages[0].pe_inst.u_pe_page/pe_col_inst[1].u_pe_col/pe_inst[0].u_pe_5/N3) has been disconnected.
I: Const net (pin RSTY of inst u_top_yolo/u_layer5/genblk1.gen_pages[0].pe_inst.u_pe_page/pe_col_inst[1].u_pe_col/pe_inst[0].u_pe_5/N3) has been disconnected.
I: Const net (pin CEM of inst u_top_yolo/u_layer5/genblk1.gen_pages[0].pe_inst.u_pe_page/pe_col_inst[1].u_pe_col/pe_inst[0].u_pe_5/N3) has been disconnected.
I: Const net (pin RSTM of inst u_top_yolo/u_layer5/genblk1.gen_pages[0].pe_inst.u_pe_page/pe_col_inst[1].u_pe_col/pe_inst[0].u_pe_5/N3) has been disconnected.
I: Const net (pin CEX1 of inst u_top_yolo/u_layer5/genblk1.gen_pages[0].pe_inst.u_pe_page/pe_col_inst[1].u_pe_col/pe_inst[0].u_pe_6/N3) has been disconnected.
I: Const net (pin RSTX of inst u_top_yolo/u_layer5/genblk1.gen_pages[0].pe_inst.u_pe_page/pe_col_inst[1].u_pe_col/pe_inst[0].u_pe_6/N3) has been disconnected.
I: Const net (pin CEY1 of inst u_top_yolo/u_layer5/genblk1.gen_pages[0].pe_inst.u_pe_page/pe_col_inst[1].u_pe_col/pe_inst[0].u_pe_6/N3) has been disconnected.
I: Const net (pin RSTY of inst u_top_yolo/u_layer5/genblk1.gen_pages[0].pe_inst.u_pe_page/pe_col_inst[1].u_pe_col/pe_inst[0].u_pe_6/N3) has been disconnected.
I: Const net (pin CEM of inst u_top_yolo/u_layer5/genblk1.gen_pages[0].pe_inst.u_pe_page/pe_col_inst[1].u_pe_col/pe_inst[0].u_pe_6/N3) has been disconnected.
I: Const net (pin RSTM of inst u_top_yolo/u_layer5/genblk1.gen_pages[0].pe_inst.u_pe_page/pe_col_inst[1].u_pe_col/pe_inst[0].u_pe_6/N3) has been disconnected.
I: Const net (pin CEX1 of inst u_top_yolo/u_layer5/genblk1.gen_pages[0].pe_inst.u_pe_page/pe_col_inst[1].u_pe_col/pe_inst[0].u_pe_7/N3) has been disconnected.
I: Const net (pin RSTX of inst u_top_yolo/u_layer5/genblk1.gen_pages[0].pe_inst.u_pe_page/pe_col_inst[1].u_pe_col/pe_inst[0].u_pe_7/N3) has been disconnected.
I: Const net (pin CEY1 of inst u_top_yolo/u_layer5/genblk1.gen_pages[0].pe_inst.u_pe_page/pe_col_inst[1].u_pe_col/pe_inst[0].u_pe_7/N3) has been disconnected.
I: Const net (pin RSTY of inst u_top_yolo/u_layer5/genblk1.gen_pages[0].pe_inst.u_pe_page/pe_col_inst[1].u_pe_col/pe_inst[0].u_pe_7/N3) has been disconnected.
I: Const net (pin CEM of inst u_top_yolo/u_layer5/genblk1.gen_pages[0].pe_inst.u_pe_page/pe_col_inst[1].u_pe_col/pe_inst[0].u_pe_7/N3) has been disconnected.
I: Const net (pin RSTM of inst u_top_yolo/u_layer5/genblk1.gen_pages[0].pe_inst.u_pe_page/pe_col_inst[1].u_pe_col/pe_inst[0].u_pe_7/N3) has been disconnected.
I: Const net (pin CEX1 of inst u_top_yolo/u_layer5/genblk1.gen_pages[0].pe_inst.u_pe_page/pe_col_inst[1].u_pe_col/pe_inst[0].u_pe_8/N3) has been disconnected.
I: Const net (pin RSTX of inst u_top_yolo/u_layer5/genblk1.gen_pages[0].pe_inst.u_pe_page/pe_col_inst[1].u_pe_col/pe_inst[0].u_pe_8/N3) has been disconnected.
I: Const net (pin CEY1 of inst u_top_yolo/u_layer5/genblk1.gen_pages[0].pe_inst.u_pe_page/pe_col_inst[1].u_pe_col/pe_inst[0].u_pe_8/N3) has been disconnected.
I: Const net (pin RSTY of inst u_top_yolo/u_layer5/genblk1.gen_pages[0].pe_inst.u_pe_page/pe_col_inst[1].u_pe_col/pe_inst[0].u_pe_8/N3) has been disconnected.
I: Const net (pin CEM of inst u_top_yolo/u_layer5/genblk1.gen_pages[0].pe_inst.u_pe_page/pe_col_inst[1].u_pe_col/pe_inst[0].u_pe_8/N3) has been disconnected.
I: Const net (pin RSTM of inst u_top_yolo/u_layer5/genblk1.gen_pages[0].pe_inst.u_pe_page/pe_col_inst[1].u_pe_col/pe_inst[0].u_pe_8/N3) has been disconnected.
I: Const net (pin CEX1 of inst u_top_yolo/u_layer5/genblk1.gen_pages[1].pe_inst.u_pe_page/pe_col_inst[0].u_pe_col/pe_inst[0].u_pe/N3) has been disconnected.
I: Const net (pin RSTX of inst u_top_yolo/u_layer5/genblk1.gen_pages[1].pe_inst.u_pe_page/pe_col_inst[0].u_pe_col/pe_inst[0].u_pe/N3) has been disconnected.
I: Const net (pin CEY1 of inst u_top_yolo/u_layer5/genblk1.gen_pages[1].pe_inst.u_pe_page/pe_col_inst[0].u_pe_col/pe_inst[0].u_pe/N3) has been disconnected.
I: Const net (pin RSTY of inst u_top_yolo/u_layer5/genblk1.gen_pages[1].pe_inst.u_pe_page/pe_col_inst[0].u_pe_col/pe_inst[0].u_pe/N3) has been disconnected.
I: Const net (pin CEM of inst u_top_yolo/u_layer5/genblk1.gen_pages[1].pe_inst.u_pe_page/pe_col_inst[0].u_pe_col/pe_inst[0].u_pe/N3) has been disconnected.
I: Const net (pin RSTM of inst u_top_yolo/u_layer5/genblk1.gen_pages[1].pe_inst.u_pe_page/pe_col_inst[0].u_pe_col/pe_inst[0].u_pe/N3) has been disconnected.
I: Const net (pin CEX1 of inst u_top_yolo/u_layer5/genblk1.gen_pages[1].pe_inst.u_pe_page/pe_col_inst[0].u_pe_col/pe_inst[0].u_pe_1/N3) has been disconnected.
I: Const net (pin RSTX of inst u_top_yolo/u_layer5/genblk1.gen_pages[1].pe_inst.u_pe_page/pe_col_inst[0].u_pe_col/pe_inst[0].u_pe_1/N3) has been disconnected.
I: Const net (pin CEY1 of inst u_top_yolo/u_layer5/genblk1.gen_pages[1].pe_inst.u_pe_page/pe_col_inst[0].u_pe_col/pe_inst[0].u_pe_1/N3) has been disconnected.
I: Const net (pin RSTY of inst u_top_yolo/u_layer5/genblk1.gen_pages[1].pe_inst.u_pe_page/pe_col_inst[0].u_pe_col/pe_inst[0].u_pe_1/N3) has been disconnected.
I: Const net (pin CEM of inst u_top_yolo/u_layer5/genblk1.gen_pages[1].pe_inst.u_pe_page/pe_col_inst[0].u_pe_col/pe_inst[0].u_pe_1/N3) has been disconnected.
I: Const net (pin RSTM of inst u_top_yolo/u_layer5/genblk1.gen_pages[1].pe_inst.u_pe_page/pe_col_inst[0].u_pe_col/pe_inst[0].u_pe_1/N3) has been disconnected.
I: Const net (pin CEX1 of inst u_top_yolo/u_layer5/genblk1.gen_pages[1].pe_inst.u_pe_page/pe_col_inst[0].u_pe_col/pe_inst[0].u_pe_2/N3) has been disconnected.
I: Const net (pin RSTX of inst u_top_yolo/u_layer5/genblk1.gen_pages[1].pe_inst.u_pe_page/pe_col_inst[0].u_pe_col/pe_inst[0].u_pe_2/N3) has been disconnected.
I: Const net (pin CEY1 of inst u_top_yolo/u_layer5/genblk1.gen_pages[1].pe_inst.u_pe_page/pe_col_inst[0].u_pe_col/pe_inst[0].u_pe_2/N3) has been disconnected.
I: Const net (pin RSTY of inst u_top_yolo/u_layer5/genblk1.gen_pages[1].pe_inst.u_pe_page/pe_col_inst[0].u_pe_col/pe_inst[0].u_pe_2/N3) has been disconnected.
I: Const net (pin CEM of inst u_top_yolo/u_layer5/genblk1.gen_pages[1].pe_inst.u_pe_page/pe_col_inst[0].u_pe_col/pe_inst[0].u_pe_2/N3) has been disconnected.
I: Const net (pin RSTM of inst u_top_yolo/u_layer5/genblk1.gen_pages[1].pe_inst.u_pe_page/pe_col_inst[0].u_pe_col/pe_inst[0].u_pe_2/N3) has been disconnected.
I: Const net (pin CEX1 of inst u_top_yolo/u_layer5/genblk1.gen_pages[1].pe_inst.u_pe_page/pe_col_inst[0].u_pe_col/pe_inst[0].u_pe_3/N3) has been disconnected.
I: Const net (pin RSTX of inst u_top_yolo/u_layer5/genblk1.gen_pages[1].pe_inst.u_pe_page/pe_col_inst[0].u_pe_col/pe_inst[0].u_pe_3/N3) has been disconnected.
I: Const net (pin CEY1 of inst u_top_yolo/u_layer5/genblk1.gen_pages[1].pe_inst.u_pe_page/pe_col_inst[0].u_pe_col/pe_inst[0].u_pe_3/N3) has been disconnected.
I: Const net (pin RSTY of inst u_top_yolo/u_layer5/genblk1.gen_pages[1].pe_inst.u_pe_page/pe_col_inst[0].u_pe_col/pe_inst[0].u_pe_3/N3) has been disconnected.
I: Const net (pin CEM of inst u_top_yolo/u_layer5/genblk1.gen_pages[1].pe_inst.u_pe_page/pe_col_inst[0].u_pe_col/pe_inst[0].u_pe_3/N3) has been disconnected.
I: Const net (pin RSTM of inst u_top_yolo/u_layer5/genblk1.gen_pages[1].pe_inst.u_pe_page/pe_col_inst[0].u_pe_col/pe_inst[0].u_pe_3/N3) has been disconnected.
I: Const net (pin CEX1 of inst u_top_yolo/u_layer5/genblk1.gen_pages[1].pe_inst.u_pe_page/pe_col_inst[0].u_pe_col/pe_inst[0].u_pe_4/N3) has been disconnected.
I: Const net (pin RSTX of inst u_top_yolo/u_layer5/genblk1.gen_pages[1].pe_inst.u_pe_page/pe_col_inst[0].u_pe_col/pe_inst[0].u_pe_4/N3) has been disconnected.
I: Const net (pin CEY1 of inst u_top_yolo/u_layer5/genblk1.gen_pages[1].pe_inst.u_pe_page/pe_col_inst[0].u_pe_col/pe_inst[0].u_pe_4/N3) has been disconnected.
I: Const net (pin RSTY of inst u_top_yolo/u_layer5/genblk1.gen_pages[1].pe_inst.u_pe_page/pe_col_inst[0].u_pe_col/pe_inst[0].u_pe_4/N3) has been disconnected.
I: Const net (pin CEM of inst u_top_yolo/u_layer5/genblk1.gen_pages[1].pe_inst.u_pe_page/pe_col_inst[0].u_pe_col/pe_inst[0].u_pe_4/N3) has been disconnected.
I: Const net (pin RSTM of inst u_top_yolo/u_layer5/genblk1.gen_pages[1].pe_inst.u_pe_page/pe_col_inst[0].u_pe_col/pe_inst[0].u_pe_4/N3) has been disconnected.
I: Const net (pin CEX1 of inst u_top_yolo/u_layer5/genblk1.gen_pages[1].pe_inst.u_pe_page/pe_col_inst[0].u_pe_col/pe_inst[0].u_pe_5/N3) has been disconnected.
I: Const net (pin RSTX of inst u_top_yolo/u_layer5/genblk1.gen_pages[1].pe_inst.u_pe_page/pe_col_inst[0].u_pe_col/pe_inst[0].u_pe_5/N3) has been disconnected.
I: Const net (pin CEY1 of inst u_top_yolo/u_layer5/genblk1.gen_pages[1].pe_inst.u_pe_page/pe_col_inst[0].u_pe_col/pe_inst[0].u_pe_5/N3) has been disconnected.
I: Const net (pin RSTY of inst u_top_yolo/u_layer5/genblk1.gen_pages[1].pe_inst.u_pe_page/pe_col_inst[0].u_pe_col/pe_inst[0].u_pe_5/N3) has been disconnected.
I: Const net (pin CEM of inst u_top_yolo/u_layer5/genblk1.gen_pages[1].pe_inst.u_pe_page/pe_col_inst[0].u_pe_col/pe_inst[0].u_pe_5/N3) has been disconnected.
I: Const net (pin RSTM of inst u_top_yolo/u_layer5/genblk1.gen_pages[1].pe_inst.u_pe_page/pe_col_inst[0].u_pe_col/pe_inst[0].u_pe_5/N3) has been disconnected.
I: Const net (pin CEX1 of inst u_top_yolo/u_layer5/genblk1.gen_pages[1].pe_inst.u_pe_page/pe_col_inst[0].u_pe_col/pe_inst[0].u_pe_6/N3) has been disconnected.
I: Const net (pin RSTX of inst u_top_yolo/u_layer5/genblk1.gen_pages[1].pe_inst.u_pe_page/pe_col_inst[0].u_pe_col/pe_inst[0].u_pe_6/N3) has been disconnected.
I: Const net (pin CEY1 of inst u_top_yolo/u_layer5/genblk1.gen_pages[1].pe_inst.u_pe_page/pe_col_inst[0].u_pe_col/pe_inst[0].u_pe_6/N3) has been disconnected.
I: Const net (pin RSTY of inst u_top_yolo/u_layer5/genblk1.gen_pages[1].pe_inst.u_pe_page/pe_col_inst[0].u_pe_col/pe_inst[0].u_pe_6/N3) has been disconnected.
I: Const net (pin CEM of inst u_top_yolo/u_layer5/genblk1.gen_pages[1].pe_inst.u_pe_page/pe_col_inst[0].u_pe_col/pe_inst[0].u_pe_6/N3) has been disconnected.
I: Const net (pin RSTM of inst u_top_yolo/u_layer5/genblk1.gen_pages[1].pe_inst.u_pe_page/pe_col_inst[0].u_pe_col/pe_inst[0].u_pe_6/N3) has been disconnected.
I: Const net (pin CEX1 of inst u_top_yolo/u_layer5/genblk1.gen_pages[1].pe_inst.u_pe_page/pe_col_inst[0].u_pe_col/pe_inst[0].u_pe_7/N3) has been disconnected.
I: Const net (pin RSTX of inst u_top_yolo/u_layer5/genblk1.gen_pages[1].pe_inst.u_pe_page/pe_col_inst[0].u_pe_col/pe_inst[0].u_pe_7/N3) has been disconnected.
I: Const net (pin CEY1 of inst u_top_yolo/u_layer5/genblk1.gen_pages[1].pe_inst.u_pe_page/pe_col_inst[0].u_pe_col/pe_inst[0].u_pe_7/N3) has been disconnected.
I: Const net (pin RSTY of inst u_top_yolo/u_layer5/genblk1.gen_pages[1].pe_inst.u_pe_page/pe_col_inst[0].u_pe_col/pe_inst[0].u_pe_7/N3) has been disconnected.
I: Const net (pin CEM of inst u_top_yolo/u_layer5/genblk1.gen_pages[1].pe_inst.u_pe_page/pe_col_inst[0].u_pe_col/pe_inst[0].u_pe_7/N3) has been disconnected.
I: Const net (pin RSTM of inst u_top_yolo/u_layer5/genblk1.gen_pages[1].pe_inst.u_pe_page/pe_col_inst[0].u_pe_col/pe_inst[0].u_pe_7/N3) has been disconnected.
I: Const net (pin CEX1 of inst u_top_yolo/u_layer5/genblk1.gen_pages[1].pe_inst.u_pe_page/pe_col_inst[0].u_pe_col/pe_inst[0].u_pe_8/N3) has been disconnected.
I: Const net (pin RSTX of inst u_top_yolo/u_layer5/genblk1.gen_pages[1].pe_inst.u_pe_page/pe_col_inst[0].u_pe_col/pe_inst[0].u_pe_8/N3) has been disconnected.
I: Const net (pin CEY1 of inst u_top_yolo/u_layer5/genblk1.gen_pages[1].pe_inst.u_pe_page/pe_col_inst[0].u_pe_col/pe_inst[0].u_pe_8/N3) has been disconnected.
I: Const net (pin RSTY of inst u_top_yolo/u_layer5/genblk1.gen_pages[1].pe_inst.u_pe_page/pe_col_inst[0].u_pe_col/pe_inst[0].u_pe_8/N3) has been disconnected.
I: Const net (pin CEM of inst u_top_yolo/u_layer5/genblk1.gen_pages[1].pe_inst.u_pe_page/pe_col_inst[0].u_pe_col/pe_inst[0].u_pe_8/N3) has been disconnected.
I: Const net (pin RSTM of inst u_top_yolo/u_layer5/genblk1.gen_pages[1].pe_inst.u_pe_page/pe_col_inst[0].u_pe_col/pe_inst[0].u_pe_8/N3) has been disconnected.
I: Const net (pin CEX1 of inst u_top_yolo/u_layer5/genblk1.gen_pages[1].pe_inst.u_pe_page/pe_col_inst[1].u_pe_col/pe_inst[0].u_pe/N3) has been disconnected.
I: Const net (pin RSTX of inst u_top_yolo/u_layer5/genblk1.gen_pages[1].pe_inst.u_pe_page/pe_col_inst[1].u_pe_col/pe_inst[0].u_pe/N3) has been disconnected.
I: Const net (pin CEY1 of inst u_top_yolo/u_layer5/genblk1.gen_pages[1].pe_inst.u_pe_page/pe_col_inst[1].u_pe_col/pe_inst[0].u_pe/N3) has been disconnected.
I: Const net (pin RSTY of inst u_top_yolo/u_layer5/genblk1.gen_pages[1].pe_inst.u_pe_page/pe_col_inst[1].u_pe_col/pe_inst[0].u_pe/N3) has been disconnected.
I: Const net (pin CEM of inst u_top_yolo/u_layer5/genblk1.gen_pages[1].pe_inst.u_pe_page/pe_col_inst[1].u_pe_col/pe_inst[0].u_pe/N3) has been disconnected.
I: Const net (pin RSTM of inst u_top_yolo/u_layer5/genblk1.gen_pages[1].pe_inst.u_pe_page/pe_col_inst[1].u_pe_col/pe_inst[0].u_pe/N3) has been disconnected.
I: Const net (pin CEX1 of inst u_top_yolo/u_layer5/genblk1.gen_pages[1].pe_inst.u_pe_page/pe_col_inst[1].u_pe_col/pe_inst[0].u_pe_1/N3) has been disconnected.
I: Const net (pin RSTX of inst u_top_yolo/u_layer5/genblk1.gen_pages[1].pe_inst.u_pe_page/pe_col_inst[1].u_pe_col/pe_inst[0].u_pe_1/N3) has been disconnected.
I: Const net (pin CEY1 of inst u_top_yolo/u_layer5/genblk1.gen_pages[1].pe_inst.u_pe_page/pe_col_inst[1].u_pe_col/pe_inst[0].u_pe_1/N3) has been disconnected.
I: Const net (pin RSTY of inst u_top_yolo/u_layer5/genblk1.gen_pages[1].pe_inst.u_pe_page/pe_col_inst[1].u_pe_col/pe_inst[0].u_pe_1/N3) has been disconnected.
I: Const net (pin CEM of inst u_top_yolo/u_layer5/genblk1.gen_pages[1].pe_inst.u_pe_page/pe_col_inst[1].u_pe_col/pe_inst[0].u_pe_1/N3) has been disconnected.
I: Const net (pin RSTM of inst u_top_yolo/u_layer5/genblk1.gen_pages[1].pe_inst.u_pe_page/pe_col_inst[1].u_pe_col/pe_inst[0].u_pe_1/N3) has been disconnected.
I: Const net (pin CEX1 of inst u_top_yolo/u_layer5/genblk1.gen_pages[1].pe_inst.u_pe_page/pe_col_inst[1].u_pe_col/pe_inst[0].u_pe_2/N3) has been disconnected.
I: Const net (pin RSTX of inst u_top_yolo/u_layer5/genblk1.gen_pages[1].pe_inst.u_pe_page/pe_col_inst[1].u_pe_col/pe_inst[0].u_pe_2/N3) has been disconnected.
I: Const net (pin CEY1 of inst u_top_yolo/u_layer5/genblk1.gen_pages[1].pe_inst.u_pe_page/pe_col_inst[1].u_pe_col/pe_inst[0].u_pe_2/N3) has been disconnected.
I: Const net (pin RSTY of inst u_top_yolo/u_layer5/genblk1.gen_pages[1].pe_inst.u_pe_page/pe_col_inst[1].u_pe_col/pe_inst[0].u_pe_2/N3) has been disconnected.
I: Const net (pin CEM of inst u_top_yolo/u_layer5/genblk1.gen_pages[1].pe_inst.u_pe_page/pe_col_inst[1].u_pe_col/pe_inst[0].u_pe_2/N3) has been disconnected.
I: Const net (pin RSTM of inst u_top_yolo/u_layer5/genblk1.gen_pages[1].pe_inst.u_pe_page/pe_col_inst[1].u_pe_col/pe_inst[0].u_pe_2/N3) has been disconnected.
I: Const net (pin CEX1 of inst u_top_yolo/u_layer5/genblk1.gen_pages[1].pe_inst.u_pe_page/pe_col_inst[1].u_pe_col/pe_inst[0].u_pe_3/N3) has been disconnected.
I: Const net (pin RSTX of inst u_top_yolo/u_layer5/genblk1.gen_pages[1].pe_inst.u_pe_page/pe_col_inst[1].u_pe_col/pe_inst[0].u_pe_3/N3) has been disconnected.
I: Const net (pin CEY1 of inst u_top_yolo/u_layer5/genblk1.gen_pages[1].pe_inst.u_pe_page/pe_col_inst[1].u_pe_col/pe_inst[0].u_pe_3/N3) has been disconnected.
I: Const net (pin RSTY of inst u_top_yolo/u_layer5/genblk1.gen_pages[1].pe_inst.u_pe_page/pe_col_inst[1].u_pe_col/pe_inst[0].u_pe_3/N3) has been disconnected.
I: Const net (pin CEM of inst u_top_yolo/u_layer5/genblk1.gen_pages[1].pe_inst.u_pe_page/pe_col_inst[1].u_pe_col/pe_inst[0].u_pe_3/N3) has been disconnected.
I: Const net (pin RSTM of inst u_top_yolo/u_layer5/genblk1.gen_pages[1].pe_inst.u_pe_page/pe_col_inst[1].u_pe_col/pe_inst[0].u_pe_3/N3) has been disconnected.
I: Const net (pin CEX1 of inst u_top_yolo/u_layer5/genblk1.gen_pages[1].pe_inst.u_pe_page/pe_col_inst[1].u_pe_col/pe_inst[0].u_pe_4/N3) has been disconnected.
I: Const net (pin RSTX of inst u_top_yolo/u_layer5/genblk1.gen_pages[1].pe_inst.u_pe_page/pe_col_inst[1].u_pe_col/pe_inst[0].u_pe_4/N3) has been disconnected.
I: Const net (pin CEY1 of inst u_top_yolo/u_layer5/genblk1.gen_pages[1].pe_inst.u_pe_page/pe_col_inst[1].u_pe_col/pe_inst[0].u_pe_4/N3) has been disconnected.
I: Const net (pin RSTY of inst u_top_yolo/u_layer5/genblk1.gen_pages[1].pe_inst.u_pe_page/pe_col_inst[1].u_pe_col/pe_inst[0].u_pe_4/N3) has been disconnected.
I: Const net (pin CEM of inst u_top_yolo/u_layer5/genblk1.gen_pages[1].pe_inst.u_pe_page/pe_col_inst[1].u_pe_col/pe_inst[0].u_pe_4/N3) has been disconnected.
I: Const net (pin RSTM of inst u_top_yolo/u_layer5/genblk1.gen_pages[1].pe_inst.u_pe_page/pe_col_inst[1].u_pe_col/pe_inst[0].u_pe_4/N3) has been disconnected.
I: Const net (pin CEX1 of inst u_top_yolo/u_layer5/genblk1.gen_pages[1].pe_inst.u_pe_page/pe_col_inst[1].u_pe_col/pe_inst[0].u_pe_5/N3) has been disconnected.
I: Const net (pin RSTX of inst u_top_yolo/u_layer5/genblk1.gen_pages[1].pe_inst.u_pe_page/pe_col_inst[1].u_pe_col/pe_inst[0].u_pe_5/N3) has been disconnected.
I: Const net (pin CEY1 of inst u_top_yolo/u_layer5/genblk1.gen_pages[1].pe_inst.u_pe_page/pe_col_inst[1].u_pe_col/pe_inst[0].u_pe_5/N3) has been disconnected.
I: Const net (pin RSTY of inst u_top_yolo/u_layer5/genblk1.gen_pages[1].pe_inst.u_pe_page/pe_col_inst[1].u_pe_col/pe_inst[0].u_pe_5/N3) has been disconnected.
I: Const net (pin CEM of inst u_top_yolo/u_layer5/genblk1.gen_pages[1].pe_inst.u_pe_page/pe_col_inst[1].u_pe_col/pe_inst[0].u_pe_5/N3) has been disconnected.
I: Const net (pin RSTM of inst u_top_yolo/u_layer5/genblk1.gen_pages[1].pe_inst.u_pe_page/pe_col_inst[1].u_pe_col/pe_inst[0].u_pe_5/N3) has been disconnected.
I: Const net (pin CEX1 of inst u_top_yolo/u_layer5/genblk1.gen_pages[1].pe_inst.u_pe_page/pe_col_inst[1].u_pe_col/pe_inst[0].u_pe_6/N3) has been disconnected.
I: Const net (pin RSTX of inst u_top_yolo/u_layer5/genblk1.gen_pages[1].pe_inst.u_pe_page/pe_col_inst[1].u_pe_col/pe_inst[0].u_pe_6/N3) has been disconnected.
I: Const net (pin CEY1 of inst u_top_yolo/u_layer5/genblk1.gen_pages[1].pe_inst.u_pe_page/pe_col_inst[1].u_pe_col/pe_inst[0].u_pe_6/N3) has been disconnected.
I: Const net (pin RSTY of inst u_top_yolo/u_layer5/genblk1.gen_pages[1].pe_inst.u_pe_page/pe_col_inst[1].u_pe_col/pe_inst[0].u_pe_6/N3) has been disconnected.
I: Const net (pin CEM of inst u_top_yolo/u_layer5/genblk1.gen_pages[1].pe_inst.u_pe_page/pe_col_inst[1].u_pe_col/pe_inst[0].u_pe_6/N3) has been disconnected.
I: Const net (pin RSTM of inst u_top_yolo/u_layer5/genblk1.gen_pages[1].pe_inst.u_pe_page/pe_col_inst[1].u_pe_col/pe_inst[0].u_pe_6/N3) has been disconnected.
I: Const net (pin CEX1 of inst u_top_yolo/u_layer5/genblk1.gen_pages[1].pe_inst.u_pe_page/pe_col_inst[1].u_pe_col/pe_inst[0].u_pe_7/N3) has been disconnected.
I: Const net (pin RSTX of inst u_top_yolo/u_layer5/genblk1.gen_pages[1].pe_inst.u_pe_page/pe_col_inst[1].u_pe_col/pe_inst[0].u_pe_7/N3) has been disconnected.
I: Const net (pin CEY1 of inst u_top_yolo/u_layer5/genblk1.gen_pages[1].pe_inst.u_pe_page/pe_col_inst[1].u_pe_col/pe_inst[0].u_pe_7/N3) has been disconnected.
I: Const net (pin RSTY of inst u_top_yolo/u_layer5/genblk1.gen_pages[1].pe_inst.u_pe_page/pe_col_inst[1].u_pe_col/pe_inst[0].u_pe_7/N3) has been disconnected.
I: Const net (pin CEM of inst u_top_yolo/u_layer5/genblk1.gen_pages[1].pe_inst.u_pe_page/pe_col_inst[1].u_pe_col/pe_inst[0].u_pe_7/N3) has been disconnected.
I: Const net (pin RSTM of inst u_top_yolo/u_layer5/genblk1.gen_pages[1].pe_inst.u_pe_page/pe_col_inst[1].u_pe_col/pe_inst[0].u_pe_7/N3) has been disconnected.
I: Const net (pin CEX1 of inst u_top_yolo/u_layer5/genblk1.gen_pages[1].pe_inst.u_pe_page/pe_col_inst[1].u_pe_col/pe_inst[0].u_pe_8/N3) has been disconnected.
I: Const net (pin RSTX of inst u_top_yolo/u_layer5/genblk1.gen_pages[1].pe_inst.u_pe_page/pe_col_inst[1].u_pe_col/pe_inst[0].u_pe_8/N3) has been disconnected.
I: Const net (pin CEY1 of inst u_top_yolo/u_layer5/genblk1.gen_pages[1].pe_inst.u_pe_page/pe_col_inst[1].u_pe_col/pe_inst[0].u_pe_8/N3) has been disconnected.
I: Const net (pin RSTY of inst u_top_yolo/u_layer5/genblk1.gen_pages[1].pe_inst.u_pe_page/pe_col_inst[1].u_pe_col/pe_inst[0].u_pe_8/N3) has been disconnected.
I: Const net (pin CEM of inst u_top_yolo/u_layer5/genblk1.gen_pages[1].pe_inst.u_pe_page/pe_col_inst[1].u_pe_col/pe_inst[0].u_pe_8/N3) has been disconnected.
I: Const net (pin RSTM of inst u_top_yolo/u_layer5/genblk1.gen_pages[1].pe_inst.u_pe_page/pe_col_inst[1].u_pe_col/pe_inst[0].u_pe_8/N3) has been disconnected.
I: Const net (pin CEX1 of inst u_top_yolo/u_layer6/genblk1.gen_pages[0].pe_inst.u_pe_page/pe_col_inst[0].u_pe_col/pe_inst[0].u_pe/N3) has been disconnected.
I: Const net (pin RSTX of inst u_top_yolo/u_layer6/genblk1.gen_pages[0].pe_inst.u_pe_page/pe_col_inst[0].u_pe_col/pe_inst[0].u_pe/N3) has been disconnected.
I: Const net (pin CEY1 of inst u_top_yolo/u_layer6/genblk1.gen_pages[0].pe_inst.u_pe_page/pe_col_inst[0].u_pe_col/pe_inst[0].u_pe/N3) has been disconnected.
I: Const net (pin RSTY of inst u_top_yolo/u_layer6/genblk1.gen_pages[0].pe_inst.u_pe_page/pe_col_inst[0].u_pe_col/pe_inst[0].u_pe/N3) has been disconnected.
I: Const net (pin CEM of inst u_top_yolo/u_layer6/genblk1.gen_pages[0].pe_inst.u_pe_page/pe_col_inst[0].u_pe_col/pe_inst[0].u_pe/N3) has been disconnected.
I: Const net (pin RSTM of inst u_top_yolo/u_layer6/genblk1.gen_pages[0].pe_inst.u_pe_page/pe_col_inst[0].u_pe_col/pe_inst[0].u_pe/N3) has been disconnected.
I: Const net (pin CEX1 of inst u_top_yolo/u_layer6/genblk1.gen_pages[0].pe_inst.u_pe_page/pe_col_inst[0].u_pe_col/pe_inst[0].u_pe_1/N3) has been disconnected.
I: Const net (pin RSTX of inst u_top_yolo/u_layer6/genblk1.gen_pages[0].pe_inst.u_pe_page/pe_col_inst[0].u_pe_col/pe_inst[0].u_pe_1/N3) has been disconnected.
I: Const net (pin CEY1 of inst u_top_yolo/u_layer6/genblk1.gen_pages[0].pe_inst.u_pe_page/pe_col_inst[0].u_pe_col/pe_inst[0].u_pe_1/N3) has been disconnected.
I: Const net (pin RSTY of inst u_top_yolo/u_layer6/genblk1.gen_pages[0].pe_inst.u_pe_page/pe_col_inst[0].u_pe_col/pe_inst[0].u_pe_1/N3) has been disconnected.
I: Const net (pin CEM of inst u_top_yolo/u_layer6/genblk1.gen_pages[0].pe_inst.u_pe_page/pe_col_inst[0].u_pe_col/pe_inst[0].u_pe_1/N3) has been disconnected.
I: Const net (pin RSTM of inst u_top_yolo/u_layer6/genblk1.gen_pages[0].pe_inst.u_pe_page/pe_col_inst[0].u_pe_col/pe_inst[0].u_pe_1/N3) has been disconnected.
I: Const net (pin CEX1 of inst u_top_yolo/u_layer6/genblk1.gen_pages[0].pe_inst.u_pe_page/pe_col_inst[0].u_pe_col/pe_inst[0].u_pe_2/N3) has been disconnected.
I: Const net (pin RSTX of inst u_top_yolo/u_layer6/genblk1.gen_pages[0].pe_inst.u_pe_page/pe_col_inst[0].u_pe_col/pe_inst[0].u_pe_2/N3) has been disconnected.
I: Const net (pin CEY1 of inst u_top_yolo/u_layer6/genblk1.gen_pages[0].pe_inst.u_pe_page/pe_col_inst[0].u_pe_col/pe_inst[0].u_pe_2/N3) has been disconnected.
I: Const net (pin RSTY of inst u_top_yolo/u_layer6/genblk1.gen_pages[0].pe_inst.u_pe_page/pe_col_inst[0].u_pe_col/pe_inst[0].u_pe_2/N3) has been disconnected.
I: Const net (pin CEM of inst u_top_yolo/u_layer6/genblk1.gen_pages[0].pe_inst.u_pe_page/pe_col_inst[0].u_pe_col/pe_inst[0].u_pe_2/N3) has been disconnected.
I: Const net (pin RSTM of inst u_top_yolo/u_layer6/genblk1.gen_pages[0].pe_inst.u_pe_page/pe_col_inst[0].u_pe_col/pe_inst[0].u_pe_2/N3) has been disconnected.
I: Const net (pin CEX1 of inst u_top_yolo/u_layer6/genblk1.gen_pages[0].pe_inst.u_pe_page/pe_col_inst[0].u_pe_col/pe_inst[0].u_pe_3/N3) has been disconnected.
I: Const net (pin RSTX of inst u_top_yolo/u_layer6/genblk1.gen_pages[0].pe_inst.u_pe_page/pe_col_inst[0].u_pe_col/pe_inst[0].u_pe_3/N3) has been disconnected.
I: Const net (pin CEY1 of inst u_top_yolo/u_layer6/genblk1.gen_pages[0].pe_inst.u_pe_page/pe_col_inst[0].u_pe_col/pe_inst[0].u_pe_3/N3) has been disconnected.
I: Const net (pin RSTY of inst u_top_yolo/u_layer6/genblk1.gen_pages[0].pe_inst.u_pe_page/pe_col_inst[0].u_pe_col/pe_inst[0].u_pe_3/N3) has been disconnected.
I: Const net (pin CEM of inst u_top_yolo/u_layer6/genblk1.gen_pages[0].pe_inst.u_pe_page/pe_col_inst[0].u_pe_col/pe_inst[0].u_pe_3/N3) has been disconnected.
I: Const net (pin RSTM of inst u_top_yolo/u_layer6/genblk1.gen_pages[0].pe_inst.u_pe_page/pe_col_inst[0].u_pe_col/pe_inst[0].u_pe_3/N3) has been disconnected.
I: Const net (pin CEX1 of inst u_top_yolo/u_layer6/genblk1.gen_pages[0].pe_inst.u_pe_page/pe_col_inst[0].u_pe_col/pe_inst[0].u_pe_4/N3) has been disconnected.
I: Const net (pin RSTX of inst u_top_yolo/u_layer6/genblk1.gen_pages[0].pe_inst.u_pe_page/pe_col_inst[0].u_pe_col/pe_inst[0].u_pe_4/N3) has been disconnected.
I: Const net (pin CEY1 of inst u_top_yolo/u_layer6/genblk1.gen_pages[0].pe_inst.u_pe_page/pe_col_inst[0].u_pe_col/pe_inst[0].u_pe_4/N3) has been disconnected.
I: Const net (pin RSTY of inst u_top_yolo/u_layer6/genblk1.gen_pages[0].pe_inst.u_pe_page/pe_col_inst[0].u_pe_col/pe_inst[0].u_pe_4/N3) has been disconnected.
I: Const net (pin CEM of inst u_top_yolo/u_layer6/genblk1.gen_pages[0].pe_inst.u_pe_page/pe_col_inst[0].u_pe_col/pe_inst[0].u_pe_4/N3) has been disconnected.
I: Const net (pin RSTM of inst u_top_yolo/u_layer6/genblk1.gen_pages[0].pe_inst.u_pe_page/pe_col_inst[0].u_pe_col/pe_inst[0].u_pe_4/N3) has been disconnected.
I: Const net (pin CEX1 of inst u_top_yolo/u_layer6/genblk1.gen_pages[0].pe_inst.u_pe_page/pe_col_inst[0].u_pe_col/pe_inst[0].u_pe_5/N3) has been disconnected.
I: Const net (pin RSTX of inst u_top_yolo/u_layer6/genblk1.gen_pages[0].pe_inst.u_pe_page/pe_col_inst[0].u_pe_col/pe_inst[0].u_pe_5/N3) has been disconnected.
I: Const net (pin CEY1 of inst u_top_yolo/u_layer6/genblk1.gen_pages[0].pe_inst.u_pe_page/pe_col_inst[0].u_pe_col/pe_inst[0].u_pe_5/N3) has been disconnected.
I: Const net (pin RSTY of inst u_top_yolo/u_layer6/genblk1.gen_pages[0].pe_inst.u_pe_page/pe_col_inst[0].u_pe_col/pe_inst[0].u_pe_5/N3) has been disconnected.
I: Const net (pin CEM of inst u_top_yolo/u_layer6/genblk1.gen_pages[0].pe_inst.u_pe_page/pe_col_inst[0].u_pe_col/pe_inst[0].u_pe_5/N3) has been disconnected.
I: Const net (pin RSTM of inst u_top_yolo/u_layer6/genblk1.gen_pages[0].pe_inst.u_pe_page/pe_col_inst[0].u_pe_col/pe_inst[0].u_pe_5/N3) has been disconnected.
I: Const net (pin CEX1 of inst u_top_yolo/u_layer6/genblk1.gen_pages[0].pe_inst.u_pe_page/pe_col_inst[0].u_pe_col/pe_inst[0].u_pe_6/N3) has been disconnected.
I: Const net (pin RSTX of inst u_top_yolo/u_layer6/genblk1.gen_pages[0].pe_inst.u_pe_page/pe_col_inst[0].u_pe_col/pe_inst[0].u_pe_6/N3) has been disconnected.
I: Const net (pin CEY1 of inst u_top_yolo/u_layer6/genblk1.gen_pages[0].pe_inst.u_pe_page/pe_col_inst[0].u_pe_col/pe_inst[0].u_pe_6/N3) has been disconnected.
I: Const net (pin RSTY of inst u_top_yolo/u_layer6/genblk1.gen_pages[0].pe_inst.u_pe_page/pe_col_inst[0].u_pe_col/pe_inst[0].u_pe_6/N3) has been disconnected.
I: Const net (pin CEM of inst u_top_yolo/u_layer6/genblk1.gen_pages[0].pe_inst.u_pe_page/pe_col_inst[0].u_pe_col/pe_inst[0].u_pe_6/N3) has been disconnected.
I: Const net (pin RSTM of inst u_top_yolo/u_layer6/genblk1.gen_pages[0].pe_inst.u_pe_page/pe_col_inst[0].u_pe_col/pe_inst[0].u_pe_6/N3) has been disconnected.
I: Const net (pin CEX1 of inst u_top_yolo/u_layer6/genblk1.gen_pages[0].pe_inst.u_pe_page/pe_col_inst[0].u_pe_col/pe_inst[0].u_pe_7/N3) has been disconnected.
I: Const net (pin RSTX of inst u_top_yolo/u_layer6/genblk1.gen_pages[0].pe_inst.u_pe_page/pe_col_inst[0].u_pe_col/pe_inst[0].u_pe_7/N3) has been disconnected.
I: Const net (pin CEY1 of inst u_top_yolo/u_layer6/genblk1.gen_pages[0].pe_inst.u_pe_page/pe_col_inst[0].u_pe_col/pe_inst[0].u_pe_7/N3) has been disconnected.
I: Const net (pin RSTY of inst u_top_yolo/u_layer6/genblk1.gen_pages[0].pe_inst.u_pe_page/pe_col_inst[0].u_pe_col/pe_inst[0].u_pe_7/N3) has been disconnected.
I: Const net (pin CEM of inst u_top_yolo/u_layer6/genblk1.gen_pages[0].pe_inst.u_pe_page/pe_col_inst[0].u_pe_col/pe_inst[0].u_pe_7/N3) has been disconnected.
I: Const net (pin RSTM of inst u_top_yolo/u_layer6/genblk1.gen_pages[0].pe_inst.u_pe_page/pe_col_inst[0].u_pe_col/pe_inst[0].u_pe_7/N3) has been disconnected.
I: Const net (pin CEX1 of inst u_top_yolo/u_layer6/genblk1.gen_pages[0].pe_inst.u_pe_page/pe_col_inst[0].u_pe_col/pe_inst[0].u_pe_8/N3) has been disconnected.
I: Const net (pin RSTX of inst u_top_yolo/u_layer6/genblk1.gen_pages[0].pe_inst.u_pe_page/pe_col_inst[0].u_pe_col/pe_inst[0].u_pe_8/N3) has been disconnected.
I: Const net (pin CEY1 of inst u_top_yolo/u_layer6/genblk1.gen_pages[0].pe_inst.u_pe_page/pe_col_inst[0].u_pe_col/pe_inst[0].u_pe_8/N3) has been disconnected.
I: Const net (pin RSTY of inst u_top_yolo/u_layer6/genblk1.gen_pages[0].pe_inst.u_pe_page/pe_col_inst[0].u_pe_col/pe_inst[0].u_pe_8/N3) has been disconnected.
I: Const net (pin CEM of inst u_top_yolo/u_layer6/genblk1.gen_pages[0].pe_inst.u_pe_page/pe_col_inst[0].u_pe_col/pe_inst[0].u_pe_8/N3) has been disconnected.
I: Const net (pin RSTM of inst u_top_yolo/u_layer6/genblk1.gen_pages[0].pe_inst.u_pe_page/pe_col_inst[0].u_pe_col/pe_inst[0].u_pe_8/N3) has been disconnected.
I: Const net (pin CEX1 of inst u_top_yolo/u_layer6/genblk1.gen_pages[1].pe_inst.u_pe_page/pe_col_inst[0].u_pe_col/pe_inst[0].u_pe/N3) has been disconnected.
I: Const net (pin RSTX of inst u_top_yolo/u_layer6/genblk1.gen_pages[1].pe_inst.u_pe_page/pe_col_inst[0].u_pe_col/pe_inst[0].u_pe/N3) has been disconnected.
I: Const net (pin CEY1 of inst u_top_yolo/u_layer6/genblk1.gen_pages[1].pe_inst.u_pe_page/pe_col_inst[0].u_pe_col/pe_inst[0].u_pe/N3) has been disconnected.
I: Const net (pin RSTY of inst u_top_yolo/u_layer6/genblk1.gen_pages[1].pe_inst.u_pe_page/pe_col_inst[0].u_pe_col/pe_inst[0].u_pe/N3) has been disconnected.
I: Const net (pin CEM of inst u_top_yolo/u_layer6/genblk1.gen_pages[1].pe_inst.u_pe_page/pe_col_inst[0].u_pe_col/pe_inst[0].u_pe/N3) has been disconnected.
I: Const net (pin RSTM of inst u_top_yolo/u_layer6/genblk1.gen_pages[1].pe_inst.u_pe_page/pe_col_inst[0].u_pe_col/pe_inst[0].u_pe/N3) has been disconnected.
I: Const net (pin CEX1 of inst u_top_yolo/u_layer6/genblk1.gen_pages[1].pe_inst.u_pe_page/pe_col_inst[0].u_pe_col/pe_inst[0].u_pe_1/N3) has been disconnected.
I: Const net (pin RSTX of inst u_top_yolo/u_layer6/genblk1.gen_pages[1].pe_inst.u_pe_page/pe_col_inst[0].u_pe_col/pe_inst[0].u_pe_1/N3) has been disconnected.
I: Const net (pin CEY1 of inst u_top_yolo/u_layer6/genblk1.gen_pages[1].pe_inst.u_pe_page/pe_col_inst[0].u_pe_col/pe_inst[0].u_pe_1/N3) has been disconnected.
I: Const net (pin RSTY of inst u_top_yolo/u_layer6/genblk1.gen_pages[1].pe_inst.u_pe_page/pe_col_inst[0].u_pe_col/pe_inst[0].u_pe_1/N3) has been disconnected.
I: Const net (pin CEM of inst u_top_yolo/u_layer6/genblk1.gen_pages[1].pe_inst.u_pe_page/pe_col_inst[0].u_pe_col/pe_inst[0].u_pe_1/N3) has been disconnected.
I: Const net (pin RSTM of inst u_top_yolo/u_layer6/genblk1.gen_pages[1].pe_inst.u_pe_page/pe_col_inst[0].u_pe_col/pe_inst[0].u_pe_1/N3) has been disconnected.
I: Const net (pin CEX1 of inst u_top_yolo/u_layer6/genblk1.gen_pages[1].pe_inst.u_pe_page/pe_col_inst[0].u_pe_col/pe_inst[0].u_pe_2/N3) has been disconnected.
I: Const net (pin RSTX of inst u_top_yolo/u_layer6/genblk1.gen_pages[1].pe_inst.u_pe_page/pe_col_inst[0].u_pe_col/pe_inst[0].u_pe_2/N3) has been disconnected.
I: Const net (pin CEY1 of inst u_top_yolo/u_layer6/genblk1.gen_pages[1].pe_inst.u_pe_page/pe_col_inst[0].u_pe_col/pe_inst[0].u_pe_2/N3) has been disconnected.
I: Const net (pin RSTY of inst u_top_yolo/u_layer6/genblk1.gen_pages[1].pe_inst.u_pe_page/pe_col_inst[0].u_pe_col/pe_inst[0].u_pe_2/N3) has been disconnected.
I: Const net (pin CEM of inst u_top_yolo/u_layer6/genblk1.gen_pages[1].pe_inst.u_pe_page/pe_col_inst[0].u_pe_col/pe_inst[0].u_pe_2/N3) has been disconnected.
I: Const net (pin RSTM of inst u_top_yolo/u_layer6/genblk1.gen_pages[1].pe_inst.u_pe_page/pe_col_inst[0].u_pe_col/pe_inst[0].u_pe_2/N3) has been disconnected.
I: Const net (pin CEX1 of inst u_top_yolo/u_layer6/genblk1.gen_pages[1].pe_inst.u_pe_page/pe_col_inst[0].u_pe_col/pe_inst[0].u_pe_3/N3) has been disconnected.
I: Const net (pin RSTX of inst u_top_yolo/u_layer6/genblk1.gen_pages[1].pe_inst.u_pe_page/pe_col_inst[0].u_pe_col/pe_inst[0].u_pe_3/N3) has been disconnected.
I: Const net (pin CEY1 of inst u_top_yolo/u_layer6/genblk1.gen_pages[1].pe_inst.u_pe_page/pe_col_inst[0].u_pe_col/pe_inst[0].u_pe_3/N3) has been disconnected.
I: Const net (pin RSTY of inst u_top_yolo/u_layer6/genblk1.gen_pages[1].pe_inst.u_pe_page/pe_col_inst[0].u_pe_col/pe_inst[0].u_pe_3/N3) has been disconnected.
I: Const net (pin CEM of inst u_top_yolo/u_layer6/genblk1.gen_pages[1].pe_inst.u_pe_page/pe_col_inst[0].u_pe_col/pe_inst[0].u_pe_3/N3) has been disconnected.
I: Const net (pin RSTM of inst u_top_yolo/u_layer6/genblk1.gen_pages[1].pe_inst.u_pe_page/pe_col_inst[0].u_pe_col/pe_inst[0].u_pe_3/N3) has been disconnected.
I: Const net (pin CEX1 of inst u_top_yolo/u_layer6/genblk1.gen_pages[1].pe_inst.u_pe_page/pe_col_inst[0].u_pe_col/pe_inst[0].u_pe_4/N3) has been disconnected.
I: Const net (pin RSTX of inst u_top_yolo/u_layer6/genblk1.gen_pages[1].pe_inst.u_pe_page/pe_col_inst[0].u_pe_col/pe_inst[0].u_pe_4/N3) has been disconnected.
I: Const net (pin CEY1 of inst u_top_yolo/u_layer6/genblk1.gen_pages[1].pe_inst.u_pe_page/pe_col_inst[0].u_pe_col/pe_inst[0].u_pe_4/N3) has been disconnected.
I: Const net (pin RSTY of inst u_top_yolo/u_layer6/genblk1.gen_pages[1].pe_inst.u_pe_page/pe_col_inst[0].u_pe_col/pe_inst[0].u_pe_4/N3) has been disconnected.
I: Const net (pin CEM of inst u_top_yolo/u_layer6/genblk1.gen_pages[1].pe_inst.u_pe_page/pe_col_inst[0].u_pe_col/pe_inst[0].u_pe_4/N3) has been disconnected.
I: Const net (pin RSTM of inst u_top_yolo/u_layer6/genblk1.gen_pages[1].pe_inst.u_pe_page/pe_col_inst[0].u_pe_col/pe_inst[0].u_pe_4/N3) has been disconnected.
I: Const net (pin CEX1 of inst u_top_yolo/u_layer6/genblk1.gen_pages[1].pe_inst.u_pe_page/pe_col_inst[0].u_pe_col/pe_inst[0].u_pe_5/N3) has been disconnected.
I: Const net (pin RSTX of inst u_top_yolo/u_layer6/genblk1.gen_pages[1].pe_inst.u_pe_page/pe_col_inst[0].u_pe_col/pe_inst[0].u_pe_5/N3) has been disconnected.
I: Const net (pin CEY1 of inst u_top_yolo/u_layer6/genblk1.gen_pages[1].pe_inst.u_pe_page/pe_col_inst[0].u_pe_col/pe_inst[0].u_pe_5/N3) has been disconnected.
I: Const net (pin RSTY of inst u_top_yolo/u_layer6/genblk1.gen_pages[1].pe_inst.u_pe_page/pe_col_inst[0].u_pe_col/pe_inst[0].u_pe_5/N3) has been disconnected.
I: Const net (pin CEM of inst u_top_yolo/u_layer6/genblk1.gen_pages[1].pe_inst.u_pe_page/pe_col_inst[0].u_pe_col/pe_inst[0].u_pe_5/N3) has been disconnected.
I: Const net (pin RSTM of inst u_top_yolo/u_layer6/genblk1.gen_pages[1].pe_inst.u_pe_page/pe_col_inst[0].u_pe_col/pe_inst[0].u_pe_5/N3) has been disconnected.
I: Const net (pin CEX1 of inst u_top_yolo/u_layer6/genblk1.gen_pages[1].pe_inst.u_pe_page/pe_col_inst[0].u_pe_col/pe_inst[0].u_pe_6/N3) has been disconnected.
I: Const net (pin RSTX of inst u_top_yolo/u_layer6/genblk1.gen_pages[1].pe_inst.u_pe_page/pe_col_inst[0].u_pe_col/pe_inst[0].u_pe_6/N3) has been disconnected.
I: Const net (pin CEY1 of inst u_top_yolo/u_layer6/genblk1.gen_pages[1].pe_inst.u_pe_page/pe_col_inst[0].u_pe_col/pe_inst[0].u_pe_6/N3) has been disconnected.
I: Const net (pin RSTY of inst u_top_yolo/u_layer6/genblk1.gen_pages[1].pe_inst.u_pe_page/pe_col_inst[0].u_pe_col/pe_inst[0].u_pe_6/N3) has been disconnected.
I: Const net (pin CEM of inst u_top_yolo/u_layer6/genblk1.gen_pages[1].pe_inst.u_pe_page/pe_col_inst[0].u_pe_col/pe_inst[0].u_pe_6/N3) has been disconnected.
I: Const net (pin RSTM of inst u_top_yolo/u_layer6/genblk1.gen_pages[1].pe_inst.u_pe_page/pe_col_inst[0].u_pe_col/pe_inst[0].u_pe_6/N3) has been disconnected.
I: Const net (pin CEX1 of inst u_top_yolo/u_layer6/genblk1.gen_pages[1].pe_inst.u_pe_page/pe_col_inst[0].u_pe_col/pe_inst[0].u_pe_7/N3) has been disconnected.
I: Const net (pin RSTX of inst u_top_yolo/u_layer6/genblk1.gen_pages[1].pe_inst.u_pe_page/pe_col_inst[0].u_pe_col/pe_inst[0].u_pe_7/N3) has been disconnected.
I: Const net (pin CEY1 of inst u_top_yolo/u_layer6/genblk1.gen_pages[1].pe_inst.u_pe_page/pe_col_inst[0].u_pe_col/pe_inst[0].u_pe_7/N3) has been disconnected.
I: Const net (pin RSTY of inst u_top_yolo/u_layer6/genblk1.gen_pages[1].pe_inst.u_pe_page/pe_col_inst[0].u_pe_col/pe_inst[0].u_pe_7/N3) has been disconnected.
I: Const net (pin CEM of inst u_top_yolo/u_layer6/genblk1.gen_pages[1].pe_inst.u_pe_page/pe_col_inst[0].u_pe_col/pe_inst[0].u_pe_7/N3) has been disconnected.
I: Const net (pin RSTM of inst u_top_yolo/u_layer6/genblk1.gen_pages[1].pe_inst.u_pe_page/pe_col_inst[0].u_pe_col/pe_inst[0].u_pe_7/N3) has been disconnected.
I: Const net (pin CEX1 of inst u_top_yolo/u_layer6/genblk1.gen_pages[1].pe_inst.u_pe_page/pe_col_inst[0].u_pe_col/pe_inst[0].u_pe_8/N3) has been disconnected.
I: Const net (pin RSTX of inst u_top_yolo/u_layer6/genblk1.gen_pages[1].pe_inst.u_pe_page/pe_col_inst[0].u_pe_col/pe_inst[0].u_pe_8/N3) has been disconnected.
I: Const net (pin CEY1 of inst u_top_yolo/u_layer6/genblk1.gen_pages[1].pe_inst.u_pe_page/pe_col_inst[0].u_pe_col/pe_inst[0].u_pe_8/N3) has been disconnected.
I: Const net (pin RSTY of inst u_top_yolo/u_layer6/genblk1.gen_pages[1].pe_inst.u_pe_page/pe_col_inst[0].u_pe_col/pe_inst[0].u_pe_8/N3) has been disconnected.
I: Const net (pin CEM of inst u_top_yolo/u_layer6/genblk1.gen_pages[1].pe_inst.u_pe_page/pe_col_inst[0].u_pe_col/pe_inst[0].u_pe_8/N3) has been disconnected.
I: Const net (pin RSTM of inst u_top_yolo/u_layer6/genblk1.gen_pages[1].pe_inst.u_pe_page/pe_col_inst[0].u_pe_col/pe_inst[0].u_pe_8/N3) has been disconnected.
I: Const net (pin CEX1 of inst u_top_yolo/u_layer7/genblk1.gen_pages[0].pe_inst.u_pe_page/pe_col_inst[0].u_pe_col/pe_inst[0].u_pe/N3) has been disconnected.
I: Const net (pin RSTX of inst u_top_yolo/u_layer7/genblk1.gen_pages[0].pe_inst.u_pe_page/pe_col_inst[0].u_pe_col/pe_inst[0].u_pe/N3) has been disconnected.
I: Const net (pin CEY1 of inst u_top_yolo/u_layer7/genblk1.gen_pages[0].pe_inst.u_pe_page/pe_col_inst[0].u_pe_col/pe_inst[0].u_pe/N3) has been disconnected.
I: Const net (pin RSTY of inst u_top_yolo/u_layer7/genblk1.gen_pages[0].pe_inst.u_pe_page/pe_col_inst[0].u_pe_col/pe_inst[0].u_pe/N3) has been disconnected.
I: Const net (pin CEM of inst u_top_yolo/u_layer7/genblk1.gen_pages[0].pe_inst.u_pe_page/pe_col_inst[0].u_pe_col/pe_inst[0].u_pe/N3) has been disconnected.
I: Const net (pin RSTM of inst u_top_yolo/u_layer7/genblk1.gen_pages[0].pe_inst.u_pe_page/pe_col_inst[0].u_pe_col/pe_inst[0].u_pe/N3) has been disconnected.
I: Const net (pin CEP of inst u_top_yolo/u_layer7/genblk1.gen_pages[0].pe_inst.u_pe_page/pe_col_inst[0].u_pe_col/pe_inst[0].u_pe/N3) has been disconnected.
I: Const net (pin RSTP of inst u_top_yolo/u_layer7/genblk1.gen_pages[0].pe_inst.u_pe_page/pe_col_inst[0].u_pe_col/pe_inst[0].u_pe/N3) has been disconnected.
I: Const net (pin CEX1 of inst u_top_yolo/u_layer8/genblk1.gen_pages[0].pe_inst.u_pe_page/pe_col_inst[0].u_pe_col/pe_inst[0].u_pe/N3) has been disconnected.
I: Const net (pin RSTX of inst u_top_yolo/u_layer8/genblk1.gen_pages[0].pe_inst.u_pe_page/pe_col_inst[0].u_pe_col/pe_inst[0].u_pe/N3) has been disconnected.
I: Const net (pin CEY1 of inst u_top_yolo/u_layer8/genblk1.gen_pages[0].pe_inst.u_pe_page/pe_col_inst[0].u_pe_col/pe_inst[0].u_pe/N3) has been disconnected.
I: Const net (pin RSTY of inst u_top_yolo/u_layer8/genblk1.gen_pages[0].pe_inst.u_pe_page/pe_col_inst[0].u_pe_col/pe_inst[0].u_pe/N3) has been disconnected.
I: Const net (pin CEM of inst u_top_yolo/u_layer8/genblk1.gen_pages[0].pe_inst.u_pe_page/pe_col_inst[0].u_pe_col/pe_inst[0].u_pe/N3) has been disconnected.
I: Const net (pin RSTM of inst u_top_yolo/u_layer8/genblk1.gen_pages[0].pe_inst.u_pe_page/pe_col_inst[0].u_pe_col/pe_inst[0].u_pe/N3) has been disconnected.
I: Const net (pin CEX1 of inst u_top_yolo/u_layer8/genblk1.gen_pages[0].pe_inst.u_pe_page/pe_col_inst[0].u_pe_col/pe_inst[0].u_pe_1/N3) has been disconnected.
I: Const net (pin RSTX of inst u_top_yolo/u_layer8/genblk1.gen_pages[0].pe_inst.u_pe_page/pe_col_inst[0].u_pe_col/pe_inst[0].u_pe_1/N3) has been disconnected.
I: Const net (pin CEY1 of inst u_top_yolo/u_layer8/genblk1.gen_pages[0].pe_inst.u_pe_page/pe_col_inst[0].u_pe_col/pe_inst[0].u_pe_1/N3) has been disconnected.
I: Const net (pin RSTY of inst u_top_yolo/u_layer8/genblk1.gen_pages[0].pe_inst.u_pe_page/pe_col_inst[0].u_pe_col/pe_inst[0].u_pe_1/N3) has been disconnected.
I: Const net (pin CEM of inst u_top_yolo/u_layer8/genblk1.gen_pages[0].pe_inst.u_pe_page/pe_col_inst[0].u_pe_col/pe_inst[0].u_pe_1/N3) has been disconnected.
I: Const net (pin RSTM of inst u_top_yolo/u_layer8/genblk1.gen_pages[0].pe_inst.u_pe_page/pe_col_inst[0].u_pe_col/pe_inst[0].u_pe_1/N3) has been disconnected.
I: Const net (pin CEX1 of inst u_top_yolo/u_layer8/genblk1.gen_pages[0].pe_inst.u_pe_page/pe_col_inst[0].u_pe_col/pe_inst[0].u_pe_2/N3) has been disconnected.
I: Const net (pin RSTX of inst u_top_yolo/u_layer8/genblk1.gen_pages[0].pe_inst.u_pe_page/pe_col_inst[0].u_pe_col/pe_inst[0].u_pe_2/N3) has been disconnected.
I: Const net (pin CEY1 of inst u_top_yolo/u_layer8/genblk1.gen_pages[0].pe_inst.u_pe_page/pe_col_inst[0].u_pe_col/pe_inst[0].u_pe_2/N3) has been disconnected.
I: Const net (pin RSTY of inst u_top_yolo/u_layer8/genblk1.gen_pages[0].pe_inst.u_pe_page/pe_col_inst[0].u_pe_col/pe_inst[0].u_pe_2/N3) has been disconnected.
I: Const net (pin CEM of inst u_top_yolo/u_layer8/genblk1.gen_pages[0].pe_inst.u_pe_page/pe_col_inst[0].u_pe_col/pe_inst[0].u_pe_2/N3) has been disconnected.
I: Const net (pin RSTM of inst u_top_yolo/u_layer8/genblk1.gen_pages[0].pe_inst.u_pe_page/pe_col_inst[0].u_pe_col/pe_inst[0].u_pe_2/N3) has been disconnected.
I: Const net (pin CEX1 of inst u_top_yolo/u_layer8/genblk1.gen_pages[0].pe_inst.u_pe_page/pe_col_inst[0].u_pe_col/pe_inst[0].u_pe_3/N3) has been disconnected.
I: Const net (pin RSTX of inst u_top_yolo/u_layer8/genblk1.gen_pages[0].pe_inst.u_pe_page/pe_col_inst[0].u_pe_col/pe_inst[0].u_pe_3/N3) has been disconnected.
I: Const net (pin CEY1 of inst u_top_yolo/u_layer8/genblk1.gen_pages[0].pe_inst.u_pe_page/pe_col_inst[0].u_pe_col/pe_inst[0].u_pe_3/N3) has been disconnected.
I: Const net (pin RSTY of inst u_top_yolo/u_layer8/genblk1.gen_pages[0].pe_inst.u_pe_page/pe_col_inst[0].u_pe_col/pe_inst[0].u_pe_3/N3) has been disconnected.
I: Const net (pin CEM of inst u_top_yolo/u_layer8/genblk1.gen_pages[0].pe_inst.u_pe_page/pe_col_inst[0].u_pe_col/pe_inst[0].u_pe_3/N3) has been disconnected.
I: Const net (pin RSTM of inst u_top_yolo/u_layer8/genblk1.gen_pages[0].pe_inst.u_pe_page/pe_col_inst[0].u_pe_col/pe_inst[0].u_pe_3/N3) has been disconnected.
I: Const net (pin CEX1 of inst u_top_yolo/u_layer8/genblk1.gen_pages[0].pe_inst.u_pe_page/pe_col_inst[0].u_pe_col/pe_inst[0].u_pe_4/N3) has been disconnected.
I: Const net (pin RSTX of inst u_top_yolo/u_layer8/genblk1.gen_pages[0].pe_inst.u_pe_page/pe_col_inst[0].u_pe_col/pe_inst[0].u_pe_4/N3) has been disconnected.
I: Const net (pin CEY1 of inst u_top_yolo/u_layer8/genblk1.gen_pages[0].pe_inst.u_pe_page/pe_col_inst[0].u_pe_col/pe_inst[0].u_pe_4/N3) has been disconnected.
I: Const net (pin RSTY of inst u_top_yolo/u_layer8/genblk1.gen_pages[0].pe_inst.u_pe_page/pe_col_inst[0].u_pe_col/pe_inst[0].u_pe_4/N3) has been disconnected.
I: Const net (pin CEM of inst u_top_yolo/u_layer8/genblk1.gen_pages[0].pe_inst.u_pe_page/pe_col_inst[0].u_pe_col/pe_inst[0].u_pe_4/N3) has been disconnected.
I: Const net (pin RSTM of inst u_top_yolo/u_layer8/genblk1.gen_pages[0].pe_inst.u_pe_page/pe_col_inst[0].u_pe_col/pe_inst[0].u_pe_4/N3) has been disconnected.
I: Const net (pin CEX1 of inst u_top_yolo/u_layer8/genblk1.gen_pages[0].pe_inst.u_pe_page/pe_col_inst[0].u_pe_col/pe_inst[0].u_pe_5/N3) has been disconnected.
I: Const net (pin RSTX of inst u_top_yolo/u_layer8/genblk1.gen_pages[0].pe_inst.u_pe_page/pe_col_inst[0].u_pe_col/pe_inst[0].u_pe_5/N3) has been disconnected.
I: Const net (pin CEY1 of inst u_top_yolo/u_layer8/genblk1.gen_pages[0].pe_inst.u_pe_page/pe_col_inst[0].u_pe_col/pe_inst[0].u_pe_5/N3) has been disconnected.
I: Const net (pin RSTY of inst u_top_yolo/u_layer8/genblk1.gen_pages[0].pe_inst.u_pe_page/pe_col_inst[0].u_pe_col/pe_inst[0].u_pe_5/N3) has been disconnected.
I: Const net (pin CEM of inst u_top_yolo/u_layer8/genblk1.gen_pages[0].pe_inst.u_pe_page/pe_col_inst[0].u_pe_col/pe_inst[0].u_pe_5/N3) has been disconnected.
I: Const net (pin RSTM of inst u_top_yolo/u_layer8/genblk1.gen_pages[0].pe_inst.u_pe_page/pe_col_inst[0].u_pe_col/pe_inst[0].u_pe_5/N3) has been disconnected.
I: Const net (pin CEX1 of inst u_top_yolo/u_layer8/genblk1.gen_pages[0].pe_inst.u_pe_page/pe_col_inst[0].u_pe_col/pe_inst[0].u_pe_6/N3) has been disconnected.
I: Const net (pin RSTX of inst u_top_yolo/u_layer8/genblk1.gen_pages[0].pe_inst.u_pe_page/pe_col_inst[0].u_pe_col/pe_inst[0].u_pe_6/N3) has been disconnected.
I: Const net (pin CEY1 of inst u_top_yolo/u_layer8/genblk1.gen_pages[0].pe_inst.u_pe_page/pe_col_inst[0].u_pe_col/pe_inst[0].u_pe_6/N3) has been disconnected.
I: Const net (pin RSTY of inst u_top_yolo/u_layer8/genblk1.gen_pages[0].pe_inst.u_pe_page/pe_col_inst[0].u_pe_col/pe_inst[0].u_pe_6/N3) has been disconnected.
I: Const net (pin CEM of inst u_top_yolo/u_layer8/genblk1.gen_pages[0].pe_inst.u_pe_page/pe_col_inst[0].u_pe_col/pe_inst[0].u_pe_6/N3) has been disconnected.
I: Const net (pin RSTM of inst u_top_yolo/u_layer8/genblk1.gen_pages[0].pe_inst.u_pe_page/pe_col_inst[0].u_pe_col/pe_inst[0].u_pe_6/N3) has been disconnected.
I: Const net (pin CEX1 of inst u_top_yolo/u_layer8/genblk1.gen_pages[0].pe_inst.u_pe_page/pe_col_inst[0].u_pe_col/pe_inst[0].u_pe_7/N3) has been disconnected.
I: Const net (pin RSTX of inst u_top_yolo/u_layer8/genblk1.gen_pages[0].pe_inst.u_pe_page/pe_col_inst[0].u_pe_col/pe_inst[0].u_pe_7/N3) has been disconnected.
I: Const net (pin CEY1 of inst u_top_yolo/u_layer8/genblk1.gen_pages[0].pe_inst.u_pe_page/pe_col_inst[0].u_pe_col/pe_inst[0].u_pe_7/N3) has been disconnected.
I: Const net (pin RSTY of inst u_top_yolo/u_layer8/genblk1.gen_pages[0].pe_inst.u_pe_page/pe_col_inst[0].u_pe_col/pe_inst[0].u_pe_7/N3) has been disconnected.
I: Const net (pin CEM of inst u_top_yolo/u_layer8/genblk1.gen_pages[0].pe_inst.u_pe_page/pe_col_inst[0].u_pe_col/pe_inst[0].u_pe_7/N3) has been disconnected.
I: Const net (pin RSTM of inst u_top_yolo/u_layer8/genblk1.gen_pages[0].pe_inst.u_pe_page/pe_col_inst[0].u_pe_col/pe_inst[0].u_pe_7/N3) has been disconnected.
I: Const net (pin CEX1 of inst u_top_yolo/u_layer8/genblk1.gen_pages[0].pe_inst.u_pe_page/pe_col_inst[0].u_pe_col/pe_inst[0].u_pe_8/N3) has been disconnected.
I: Const net (pin RSTX of inst u_top_yolo/u_layer8/genblk1.gen_pages[0].pe_inst.u_pe_page/pe_col_inst[0].u_pe_col/pe_inst[0].u_pe_8/N3) has been disconnected.
I: Const net (pin CEY1 of inst u_top_yolo/u_layer8/genblk1.gen_pages[0].pe_inst.u_pe_page/pe_col_inst[0].u_pe_col/pe_inst[0].u_pe_8/N3) has been disconnected.
I: Const net (pin RSTY of inst u_top_yolo/u_layer8/genblk1.gen_pages[0].pe_inst.u_pe_page/pe_col_inst[0].u_pe_col/pe_inst[0].u_pe_8/N3) has been disconnected.
I: Const net (pin CEM of inst u_top_yolo/u_layer8/genblk1.gen_pages[0].pe_inst.u_pe_page/pe_col_inst[0].u_pe_col/pe_inst[0].u_pe_8/N3) has been disconnected.
I: Const net (pin RSTM of inst u_top_yolo/u_layer8/genblk1.gen_pages[0].pe_inst.u_pe_page/pe_col_inst[0].u_pe_col/pe_inst[0].u_pe_8/N3) has been disconnected.
I: Const net (pin CEX1 of inst u_top_yolo/u_layer8/genblk1.gen_pages[0].pe_inst.u_pe_page/pe_col_inst[1].u_pe_col/pe_inst[0].u_pe/N3) has been disconnected.
I: Const net (pin RSTX of inst u_top_yolo/u_layer8/genblk1.gen_pages[0].pe_inst.u_pe_page/pe_col_inst[1].u_pe_col/pe_inst[0].u_pe/N3) has been disconnected.
I: Const net (pin CEY1 of inst u_top_yolo/u_layer8/genblk1.gen_pages[0].pe_inst.u_pe_page/pe_col_inst[1].u_pe_col/pe_inst[0].u_pe/N3) has been disconnected.
I: Const net (pin RSTY of inst u_top_yolo/u_layer8/genblk1.gen_pages[0].pe_inst.u_pe_page/pe_col_inst[1].u_pe_col/pe_inst[0].u_pe/N3) has been disconnected.
I: Const net (pin CEM of inst u_top_yolo/u_layer8/genblk1.gen_pages[0].pe_inst.u_pe_page/pe_col_inst[1].u_pe_col/pe_inst[0].u_pe/N3) has been disconnected.
I: Const net (pin RSTM of inst u_top_yolo/u_layer8/genblk1.gen_pages[0].pe_inst.u_pe_page/pe_col_inst[1].u_pe_col/pe_inst[0].u_pe/N3) has been disconnected.
I: Const net (pin CEX1 of inst u_top_yolo/u_layer8/genblk1.gen_pages[0].pe_inst.u_pe_page/pe_col_inst[1].u_pe_col/pe_inst[0].u_pe_1/N3) has been disconnected.
I: Const net (pin RSTX of inst u_top_yolo/u_layer8/genblk1.gen_pages[0].pe_inst.u_pe_page/pe_col_inst[1].u_pe_col/pe_inst[0].u_pe_1/N3) has been disconnected.
I: Const net (pin CEY1 of inst u_top_yolo/u_layer8/genblk1.gen_pages[0].pe_inst.u_pe_page/pe_col_inst[1].u_pe_col/pe_inst[0].u_pe_1/N3) has been disconnected.
I: Const net (pin RSTY of inst u_top_yolo/u_layer8/genblk1.gen_pages[0].pe_inst.u_pe_page/pe_col_inst[1].u_pe_col/pe_inst[0].u_pe_1/N3) has been disconnected.
I: Const net (pin CEM of inst u_top_yolo/u_layer8/genblk1.gen_pages[0].pe_inst.u_pe_page/pe_col_inst[1].u_pe_col/pe_inst[0].u_pe_1/N3) has been disconnected.
I: Const net (pin RSTM of inst u_top_yolo/u_layer8/genblk1.gen_pages[0].pe_inst.u_pe_page/pe_col_inst[1].u_pe_col/pe_inst[0].u_pe_1/N3) has been disconnected.
I: Const net (pin CEX1 of inst u_top_yolo/u_layer8/genblk1.gen_pages[0].pe_inst.u_pe_page/pe_col_inst[1].u_pe_col/pe_inst[0].u_pe_2/N3) has been disconnected.
I: Const net (pin RSTX of inst u_top_yolo/u_layer8/genblk1.gen_pages[0].pe_inst.u_pe_page/pe_col_inst[1].u_pe_col/pe_inst[0].u_pe_2/N3) has been disconnected.
I: Const net (pin CEY1 of inst u_top_yolo/u_layer8/genblk1.gen_pages[0].pe_inst.u_pe_page/pe_col_inst[1].u_pe_col/pe_inst[0].u_pe_2/N3) has been disconnected.
I: Const net (pin RSTY of inst u_top_yolo/u_layer8/genblk1.gen_pages[0].pe_inst.u_pe_page/pe_col_inst[1].u_pe_col/pe_inst[0].u_pe_2/N3) has been disconnected.
I: Const net (pin CEM of inst u_top_yolo/u_layer8/genblk1.gen_pages[0].pe_inst.u_pe_page/pe_col_inst[1].u_pe_col/pe_inst[0].u_pe_2/N3) has been disconnected.
I: Const net (pin RSTM of inst u_top_yolo/u_layer8/genblk1.gen_pages[0].pe_inst.u_pe_page/pe_col_inst[1].u_pe_col/pe_inst[0].u_pe_2/N3) has been disconnected.
I: Const net (pin CEX1 of inst u_top_yolo/u_layer8/genblk1.gen_pages[0].pe_inst.u_pe_page/pe_col_inst[1].u_pe_col/pe_inst[0].u_pe_3/N3) has been disconnected.
I: Const net (pin RSTX of inst u_top_yolo/u_layer8/genblk1.gen_pages[0].pe_inst.u_pe_page/pe_col_inst[1].u_pe_col/pe_inst[0].u_pe_3/N3) has been disconnected.
I: Const net (pin CEY1 of inst u_top_yolo/u_layer8/genblk1.gen_pages[0].pe_inst.u_pe_page/pe_col_inst[1].u_pe_col/pe_inst[0].u_pe_3/N3) has been disconnected.
I: Const net (pin RSTY of inst u_top_yolo/u_layer8/genblk1.gen_pages[0].pe_inst.u_pe_page/pe_col_inst[1].u_pe_col/pe_inst[0].u_pe_3/N3) has been disconnected.
I: Const net (pin CEM of inst u_top_yolo/u_layer8/genblk1.gen_pages[0].pe_inst.u_pe_page/pe_col_inst[1].u_pe_col/pe_inst[0].u_pe_3/N3) has been disconnected.
I: Const net (pin RSTM of inst u_top_yolo/u_layer8/genblk1.gen_pages[0].pe_inst.u_pe_page/pe_col_inst[1].u_pe_col/pe_inst[0].u_pe_3/N3) has been disconnected.
I: Const net (pin CEX1 of inst u_top_yolo/u_layer8/genblk1.gen_pages[0].pe_inst.u_pe_page/pe_col_inst[1].u_pe_col/pe_inst[0].u_pe_4/N3) has been disconnected.
I: Const net (pin RSTX of inst u_top_yolo/u_layer8/genblk1.gen_pages[0].pe_inst.u_pe_page/pe_col_inst[1].u_pe_col/pe_inst[0].u_pe_4/N3) has been disconnected.
I: Const net (pin CEY1 of inst u_top_yolo/u_layer8/genblk1.gen_pages[0].pe_inst.u_pe_page/pe_col_inst[1].u_pe_col/pe_inst[0].u_pe_4/N3) has been disconnected.
I: Const net (pin RSTY of inst u_top_yolo/u_layer8/genblk1.gen_pages[0].pe_inst.u_pe_page/pe_col_inst[1].u_pe_col/pe_inst[0].u_pe_4/N3) has been disconnected.
I: Const net (pin CEM of inst u_top_yolo/u_layer8/genblk1.gen_pages[0].pe_inst.u_pe_page/pe_col_inst[1].u_pe_col/pe_inst[0].u_pe_4/N3) has been disconnected.
I: Const net (pin RSTM of inst u_top_yolo/u_layer8/genblk1.gen_pages[0].pe_inst.u_pe_page/pe_col_inst[1].u_pe_col/pe_inst[0].u_pe_4/N3) has been disconnected.
I: Const net (pin CEX1 of inst u_top_yolo/u_layer8/genblk1.gen_pages[0].pe_inst.u_pe_page/pe_col_inst[1].u_pe_col/pe_inst[0].u_pe_5/N3) has been disconnected.
I: Const net (pin RSTX of inst u_top_yolo/u_layer8/genblk1.gen_pages[0].pe_inst.u_pe_page/pe_col_inst[1].u_pe_col/pe_inst[0].u_pe_5/N3) has been disconnected.
I: Const net (pin CEY1 of inst u_top_yolo/u_layer8/genblk1.gen_pages[0].pe_inst.u_pe_page/pe_col_inst[1].u_pe_col/pe_inst[0].u_pe_5/N3) has been disconnected.
I: Const net (pin RSTY of inst u_top_yolo/u_layer8/genblk1.gen_pages[0].pe_inst.u_pe_page/pe_col_inst[1].u_pe_col/pe_inst[0].u_pe_5/N3) has been disconnected.
I: Const net (pin CEM of inst u_top_yolo/u_layer8/genblk1.gen_pages[0].pe_inst.u_pe_page/pe_col_inst[1].u_pe_col/pe_inst[0].u_pe_5/N3) has been disconnected.
I: Const net (pin RSTM of inst u_top_yolo/u_layer8/genblk1.gen_pages[0].pe_inst.u_pe_page/pe_col_inst[1].u_pe_col/pe_inst[0].u_pe_5/N3) has been disconnected.
I: Const net (pin CEX1 of inst u_top_yolo/u_layer8/genblk1.gen_pages[0].pe_inst.u_pe_page/pe_col_inst[1].u_pe_col/pe_inst[0].u_pe_6/N3) has been disconnected.
I: Const net (pin RSTX of inst u_top_yolo/u_layer8/genblk1.gen_pages[0].pe_inst.u_pe_page/pe_col_inst[1].u_pe_col/pe_inst[0].u_pe_6/N3) has been disconnected.
I: Const net (pin CEY1 of inst u_top_yolo/u_layer8/genblk1.gen_pages[0].pe_inst.u_pe_page/pe_col_inst[1].u_pe_col/pe_inst[0].u_pe_6/N3) has been disconnected.
I: Const net (pin RSTY of inst u_top_yolo/u_layer8/genblk1.gen_pages[0].pe_inst.u_pe_page/pe_col_inst[1].u_pe_col/pe_inst[0].u_pe_6/N3) has been disconnected.
I: Const net (pin CEM of inst u_top_yolo/u_layer8/genblk1.gen_pages[0].pe_inst.u_pe_page/pe_col_inst[1].u_pe_col/pe_inst[0].u_pe_6/N3) has been disconnected.
I: Const net (pin RSTM of inst u_top_yolo/u_layer8/genblk1.gen_pages[0].pe_inst.u_pe_page/pe_col_inst[1].u_pe_col/pe_inst[0].u_pe_6/N3) has been disconnected.
I: Const net (pin CEX1 of inst u_top_yolo/u_layer8/genblk1.gen_pages[0].pe_inst.u_pe_page/pe_col_inst[1].u_pe_col/pe_inst[0].u_pe_7/N3) has been disconnected.
I: Const net (pin RSTX of inst u_top_yolo/u_layer8/genblk1.gen_pages[0].pe_inst.u_pe_page/pe_col_inst[1].u_pe_col/pe_inst[0].u_pe_7/N3) has been disconnected.
I: Const net (pin CEY1 of inst u_top_yolo/u_layer8/genblk1.gen_pages[0].pe_inst.u_pe_page/pe_col_inst[1].u_pe_col/pe_inst[0].u_pe_7/N3) has been disconnected.
I: Const net (pin RSTY of inst u_top_yolo/u_layer8/genblk1.gen_pages[0].pe_inst.u_pe_page/pe_col_inst[1].u_pe_col/pe_inst[0].u_pe_7/N3) has been disconnected.
I: Const net (pin CEM of inst u_top_yolo/u_layer8/genblk1.gen_pages[0].pe_inst.u_pe_page/pe_col_inst[1].u_pe_col/pe_inst[0].u_pe_7/N3) has been disconnected.
I: Const net (pin RSTM of inst u_top_yolo/u_layer8/genblk1.gen_pages[0].pe_inst.u_pe_page/pe_col_inst[1].u_pe_col/pe_inst[0].u_pe_7/N3) has been disconnected.
I: Const net (pin CEX1 of inst u_top_yolo/u_layer8/genblk1.gen_pages[0].pe_inst.u_pe_page/pe_col_inst[1].u_pe_col/pe_inst[0].u_pe_8/N3) has been disconnected.
I: Const net (pin RSTX of inst u_top_yolo/u_layer8/genblk1.gen_pages[0].pe_inst.u_pe_page/pe_col_inst[1].u_pe_col/pe_inst[0].u_pe_8/N3) has been disconnected.
I: Const net (pin CEY1 of inst u_top_yolo/u_layer8/genblk1.gen_pages[0].pe_inst.u_pe_page/pe_col_inst[1].u_pe_col/pe_inst[0].u_pe_8/N3) has been disconnected.
I: Const net (pin RSTY of inst u_top_yolo/u_layer8/genblk1.gen_pages[0].pe_inst.u_pe_page/pe_col_inst[1].u_pe_col/pe_inst[0].u_pe_8/N3) has been disconnected.
I: Const net (pin CEM of inst u_top_yolo/u_layer8/genblk1.gen_pages[0].pe_inst.u_pe_page/pe_col_inst[1].u_pe_col/pe_inst[0].u_pe_8/N3) has been disconnected.
I: Const net (pin RSTM of inst u_top_yolo/u_layer8/genblk1.gen_pages[0].pe_inst.u_pe_page/pe_col_inst[1].u_pe_col/pe_inst[0].u_pe_8/N3) has been disconnected.
I: Const net (pin CEX1 of inst u_top_yolo/u_layer8/genblk1.gen_pages[1].pe_inst.u_pe_page/pe_col_inst[0].u_pe_col/pe_inst[0].u_pe/N3) has been disconnected.
I: Const net (pin RSTX of inst u_top_yolo/u_layer8/genblk1.gen_pages[1].pe_inst.u_pe_page/pe_col_inst[0].u_pe_col/pe_inst[0].u_pe/N3) has been disconnected.
I: Const net (pin CEY1 of inst u_top_yolo/u_layer8/genblk1.gen_pages[1].pe_inst.u_pe_page/pe_col_inst[0].u_pe_col/pe_inst[0].u_pe/N3) has been disconnected.
I: Const net (pin RSTY of inst u_top_yolo/u_layer8/genblk1.gen_pages[1].pe_inst.u_pe_page/pe_col_inst[0].u_pe_col/pe_inst[0].u_pe/N3) has been disconnected.
I: Const net (pin CEM of inst u_top_yolo/u_layer8/genblk1.gen_pages[1].pe_inst.u_pe_page/pe_col_inst[0].u_pe_col/pe_inst[0].u_pe/N3) has been disconnected.
I: Const net (pin RSTM of inst u_top_yolo/u_layer8/genblk1.gen_pages[1].pe_inst.u_pe_page/pe_col_inst[0].u_pe_col/pe_inst[0].u_pe/N3) has been disconnected.
I: Const net (pin CEX1 of inst u_top_yolo/u_layer8/genblk1.gen_pages[1].pe_inst.u_pe_page/pe_col_inst[0].u_pe_col/pe_inst[0].u_pe_1/N3) has been disconnected.
I: Const net (pin RSTX of inst u_top_yolo/u_layer8/genblk1.gen_pages[1].pe_inst.u_pe_page/pe_col_inst[0].u_pe_col/pe_inst[0].u_pe_1/N3) has been disconnected.
I: Const net (pin CEY1 of inst u_top_yolo/u_layer8/genblk1.gen_pages[1].pe_inst.u_pe_page/pe_col_inst[0].u_pe_col/pe_inst[0].u_pe_1/N3) has been disconnected.
I: Const net (pin RSTY of inst u_top_yolo/u_layer8/genblk1.gen_pages[1].pe_inst.u_pe_page/pe_col_inst[0].u_pe_col/pe_inst[0].u_pe_1/N3) has been disconnected.
I: Const net (pin CEM of inst u_top_yolo/u_layer8/genblk1.gen_pages[1].pe_inst.u_pe_page/pe_col_inst[0].u_pe_col/pe_inst[0].u_pe_1/N3) has been disconnected.
I: Const net (pin RSTM of inst u_top_yolo/u_layer8/genblk1.gen_pages[1].pe_inst.u_pe_page/pe_col_inst[0].u_pe_col/pe_inst[0].u_pe_1/N3) has been disconnected.
I: Const net (pin CEX1 of inst u_top_yolo/u_layer8/genblk1.gen_pages[1].pe_inst.u_pe_page/pe_col_inst[0].u_pe_col/pe_inst[0].u_pe_2/N3) has been disconnected.
I: Const net (pin RSTX of inst u_top_yolo/u_layer8/genblk1.gen_pages[1].pe_inst.u_pe_page/pe_col_inst[0].u_pe_col/pe_inst[0].u_pe_2/N3) has been disconnected.
I: Const net (pin CEY1 of inst u_top_yolo/u_layer8/genblk1.gen_pages[1].pe_inst.u_pe_page/pe_col_inst[0].u_pe_col/pe_inst[0].u_pe_2/N3) has been disconnected.
I: Const net (pin RSTY of inst u_top_yolo/u_layer8/genblk1.gen_pages[1].pe_inst.u_pe_page/pe_col_inst[0].u_pe_col/pe_inst[0].u_pe_2/N3) has been disconnected.
I: Const net (pin CEM of inst u_top_yolo/u_layer8/genblk1.gen_pages[1].pe_inst.u_pe_page/pe_col_inst[0].u_pe_col/pe_inst[0].u_pe_2/N3) has been disconnected.
I: Const net (pin RSTM of inst u_top_yolo/u_layer8/genblk1.gen_pages[1].pe_inst.u_pe_page/pe_col_inst[0].u_pe_col/pe_inst[0].u_pe_2/N3) has been disconnected.
I: Const net (pin CEX1 of inst u_top_yolo/u_layer8/genblk1.gen_pages[1].pe_inst.u_pe_page/pe_col_inst[0].u_pe_col/pe_inst[0].u_pe_3/N3) has been disconnected.
I: Const net (pin RSTX of inst u_top_yolo/u_layer8/genblk1.gen_pages[1].pe_inst.u_pe_page/pe_col_inst[0].u_pe_col/pe_inst[0].u_pe_3/N3) has been disconnected.
I: Const net (pin CEY1 of inst u_top_yolo/u_layer8/genblk1.gen_pages[1].pe_inst.u_pe_page/pe_col_inst[0].u_pe_col/pe_inst[0].u_pe_3/N3) has been disconnected.
I: Const net (pin RSTY of inst u_top_yolo/u_layer8/genblk1.gen_pages[1].pe_inst.u_pe_page/pe_col_inst[0].u_pe_col/pe_inst[0].u_pe_3/N3) has been disconnected.
I: Const net (pin CEM of inst u_top_yolo/u_layer8/genblk1.gen_pages[1].pe_inst.u_pe_page/pe_col_inst[0].u_pe_col/pe_inst[0].u_pe_3/N3) has been disconnected.
I: Const net (pin RSTM of inst u_top_yolo/u_layer8/genblk1.gen_pages[1].pe_inst.u_pe_page/pe_col_inst[0].u_pe_col/pe_inst[0].u_pe_3/N3) has been disconnected.
I: Const net (pin CEX1 of inst u_top_yolo/u_layer8/genblk1.gen_pages[1].pe_inst.u_pe_page/pe_col_inst[0].u_pe_col/pe_inst[0].u_pe_4/N3) has been disconnected.
I: Const net (pin RSTX of inst u_top_yolo/u_layer8/genblk1.gen_pages[1].pe_inst.u_pe_page/pe_col_inst[0].u_pe_col/pe_inst[0].u_pe_4/N3) has been disconnected.
I: Const net (pin CEY1 of inst u_top_yolo/u_layer8/genblk1.gen_pages[1].pe_inst.u_pe_page/pe_col_inst[0].u_pe_col/pe_inst[0].u_pe_4/N3) has been disconnected.
I: Const net (pin RSTY of inst u_top_yolo/u_layer8/genblk1.gen_pages[1].pe_inst.u_pe_page/pe_col_inst[0].u_pe_col/pe_inst[0].u_pe_4/N3) has been disconnected.
I: Const net (pin CEM of inst u_top_yolo/u_layer8/genblk1.gen_pages[1].pe_inst.u_pe_page/pe_col_inst[0].u_pe_col/pe_inst[0].u_pe_4/N3) has been disconnected.
I: Const net (pin RSTM of inst u_top_yolo/u_layer8/genblk1.gen_pages[1].pe_inst.u_pe_page/pe_col_inst[0].u_pe_col/pe_inst[0].u_pe_4/N3) has been disconnected.
I: Const net (pin CEX1 of inst u_top_yolo/u_layer8/genblk1.gen_pages[1].pe_inst.u_pe_page/pe_col_inst[0].u_pe_col/pe_inst[0].u_pe_5/N3) has been disconnected.
I: Const net (pin RSTX of inst u_top_yolo/u_layer8/genblk1.gen_pages[1].pe_inst.u_pe_page/pe_col_inst[0].u_pe_col/pe_inst[0].u_pe_5/N3) has been disconnected.
I: Const net (pin CEY1 of inst u_top_yolo/u_layer8/genblk1.gen_pages[1].pe_inst.u_pe_page/pe_col_inst[0].u_pe_col/pe_inst[0].u_pe_5/N3) has been disconnected.
I: Const net (pin RSTY of inst u_top_yolo/u_layer8/genblk1.gen_pages[1].pe_inst.u_pe_page/pe_col_inst[0].u_pe_col/pe_inst[0].u_pe_5/N3) has been disconnected.
I: Const net (pin CEM of inst u_top_yolo/u_layer8/genblk1.gen_pages[1].pe_inst.u_pe_page/pe_col_inst[0].u_pe_col/pe_inst[0].u_pe_5/N3) has been disconnected.
I: Const net (pin RSTM of inst u_top_yolo/u_layer8/genblk1.gen_pages[1].pe_inst.u_pe_page/pe_col_inst[0].u_pe_col/pe_inst[0].u_pe_5/N3) has been disconnected.
I: Const net (pin CEX1 of inst u_top_yolo/u_layer8/genblk1.gen_pages[1].pe_inst.u_pe_page/pe_col_inst[0].u_pe_col/pe_inst[0].u_pe_6/N3) has been disconnected.
I: Const net (pin RSTX of inst u_top_yolo/u_layer8/genblk1.gen_pages[1].pe_inst.u_pe_page/pe_col_inst[0].u_pe_col/pe_inst[0].u_pe_6/N3) has been disconnected.
I: Const net (pin CEY1 of inst u_top_yolo/u_layer8/genblk1.gen_pages[1].pe_inst.u_pe_page/pe_col_inst[0].u_pe_col/pe_inst[0].u_pe_6/N3) has been disconnected.
I: Const net (pin RSTY of inst u_top_yolo/u_layer8/genblk1.gen_pages[1].pe_inst.u_pe_page/pe_col_inst[0].u_pe_col/pe_inst[0].u_pe_6/N3) has been disconnected.
I: Const net (pin CEM of inst u_top_yolo/u_layer8/genblk1.gen_pages[1].pe_inst.u_pe_page/pe_col_inst[0].u_pe_col/pe_inst[0].u_pe_6/N3) has been disconnected.
I: Const net (pin RSTM of inst u_top_yolo/u_layer8/genblk1.gen_pages[1].pe_inst.u_pe_page/pe_col_inst[0].u_pe_col/pe_inst[0].u_pe_6/N3) has been disconnected.
I: Const net (pin CEX1 of inst u_top_yolo/u_layer8/genblk1.gen_pages[1].pe_inst.u_pe_page/pe_col_inst[0].u_pe_col/pe_inst[0].u_pe_7/N3) has been disconnected.
I: Const net (pin RSTX of inst u_top_yolo/u_layer8/genblk1.gen_pages[1].pe_inst.u_pe_page/pe_col_inst[0].u_pe_col/pe_inst[0].u_pe_7/N3) has been disconnected.
I: Const net (pin CEY1 of inst u_top_yolo/u_layer8/genblk1.gen_pages[1].pe_inst.u_pe_page/pe_col_inst[0].u_pe_col/pe_inst[0].u_pe_7/N3) has been disconnected.
I: Const net (pin RSTY of inst u_top_yolo/u_layer8/genblk1.gen_pages[1].pe_inst.u_pe_page/pe_col_inst[0].u_pe_col/pe_inst[0].u_pe_7/N3) has been disconnected.
I: Const net (pin CEM of inst u_top_yolo/u_layer8/genblk1.gen_pages[1].pe_inst.u_pe_page/pe_col_inst[0].u_pe_col/pe_inst[0].u_pe_7/N3) has been disconnected.
I: Const net (pin RSTM of inst u_top_yolo/u_layer8/genblk1.gen_pages[1].pe_inst.u_pe_page/pe_col_inst[0].u_pe_col/pe_inst[0].u_pe_7/N3) has been disconnected.
I: Const net (pin CEX1 of inst u_top_yolo/u_layer8/genblk1.gen_pages[1].pe_inst.u_pe_page/pe_col_inst[0].u_pe_col/pe_inst[0].u_pe_8/N3) has been disconnected.
I: Const net (pin RSTX of inst u_top_yolo/u_layer8/genblk1.gen_pages[1].pe_inst.u_pe_page/pe_col_inst[0].u_pe_col/pe_inst[0].u_pe_8/N3) has been disconnected.
I: Const net (pin CEY1 of inst u_top_yolo/u_layer8/genblk1.gen_pages[1].pe_inst.u_pe_page/pe_col_inst[0].u_pe_col/pe_inst[0].u_pe_8/N3) has been disconnected.
I: Const net (pin RSTY of inst u_top_yolo/u_layer8/genblk1.gen_pages[1].pe_inst.u_pe_page/pe_col_inst[0].u_pe_col/pe_inst[0].u_pe_8/N3) has been disconnected.
I: Const net (pin CEM of inst u_top_yolo/u_layer8/genblk1.gen_pages[1].pe_inst.u_pe_page/pe_col_inst[0].u_pe_col/pe_inst[0].u_pe_8/N3) has been disconnected.
I: Const net (pin RSTM of inst u_top_yolo/u_layer8/genblk1.gen_pages[1].pe_inst.u_pe_page/pe_col_inst[0].u_pe_col/pe_inst[0].u_pe_8/N3) has been disconnected.
I: Const net (pin CEX1 of inst u_top_yolo/u_layer8/genblk1.gen_pages[1].pe_inst.u_pe_page/pe_col_inst[1].u_pe_col/pe_inst[0].u_pe/N3) has been disconnected.
I: Const net (pin RSTX of inst u_top_yolo/u_layer8/genblk1.gen_pages[1].pe_inst.u_pe_page/pe_col_inst[1].u_pe_col/pe_inst[0].u_pe/N3) has been disconnected.
I: Const net (pin CEY1 of inst u_top_yolo/u_layer8/genblk1.gen_pages[1].pe_inst.u_pe_page/pe_col_inst[1].u_pe_col/pe_inst[0].u_pe/N3) has been disconnected.
I: Const net (pin RSTY of inst u_top_yolo/u_layer8/genblk1.gen_pages[1].pe_inst.u_pe_page/pe_col_inst[1].u_pe_col/pe_inst[0].u_pe/N3) has been disconnected.
I: Const net (pin CEM of inst u_top_yolo/u_layer8/genblk1.gen_pages[1].pe_inst.u_pe_page/pe_col_inst[1].u_pe_col/pe_inst[0].u_pe/N3) has been disconnected.
I: Const net (pin RSTM of inst u_top_yolo/u_layer8/genblk1.gen_pages[1].pe_inst.u_pe_page/pe_col_inst[1].u_pe_col/pe_inst[0].u_pe/N3) has been disconnected.
I: Const net (pin CEX1 of inst u_top_yolo/u_layer8/genblk1.gen_pages[1].pe_inst.u_pe_page/pe_col_inst[1].u_pe_col/pe_inst[0].u_pe_1/N3) has been disconnected.
I: Const net (pin RSTX of inst u_top_yolo/u_layer8/genblk1.gen_pages[1].pe_inst.u_pe_page/pe_col_inst[1].u_pe_col/pe_inst[0].u_pe_1/N3) has been disconnected.
I: Const net (pin CEY1 of inst u_top_yolo/u_layer8/genblk1.gen_pages[1].pe_inst.u_pe_page/pe_col_inst[1].u_pe_col/pe_inst[0].u_pe_1/N3) has been disconnected.
I: Const net (pin RSTY of inst u_top_yolo/u_layer8/genblk1.gen_pages[1].pe_inst.u_pe_page/pe_col_inst[1].u_pe_col/pe_inst[0].u_pe_1/N3) has been disconnected.
I: Const net (pin CEM of inst u_top_yolo/u_layer8/genblk1.gen_pages[1].pe_inst.u_pe_page/pe_col_inst[1].u_pe_col/pe_inst[0].u_pe_1/N3) has been disconnected.
I: Const net (pin RSTM of inst u_top_yolo/u_layer8/genblk1.gen_pages[1].pe_inst.u_pe_page/pe_col_inst[1].u_pe_col/pe_inst[0].u_pe_1/N3) has been disconnected.
I: Const net (pin CEX1 of inst u_top_yolo/u_layer8/genblk1.gen_pages[1].pe_inst.u_pe_page/pe_col_inst[1].u_pe_col/pe_inst[0].u_pe_2/N3) has been disconnected.
I: Const net (pin RSTX of inst u_top_yolo/u_layer8/genblk1.gen_pages[1].pe_inst.u_pe_page/pe_col_inst[1].u_pe_col/pe_inst[0].u_pe_2/N3) has been disconnected.
I: Const net (pin CEY1 of inst u_top_yolo/u_layer8/genblk1.gen_pages[1].pe_inst.u_pe_page/pe_col_inst[1].u_pe_col/pe_inst[0].u_pe_2/N3) has been disconnected.
I: Const net (pin RSTY of inst u_top_yolo/u_layer8/genblk1.gen_pages[1].pe_inst.u_pe_page/pe_col_inst[1].u_pe_col/pe_inst[0].u_pe_2/N3) has been disconnected.
I: Const net (pin CEM of inst u_top_yolo/u_layer8/genblk1.gen_pages[1].pe_inst.u_pe_page/pe_col_inst[1].u_pe_col/pe_inst[0].u_pe_2/N3) has been disconnected.
I: Const net (pin RSTM of inst u_top_yolo/u_layer8/genblk1.gen_pages[1].pe_inst.u_pe_page/pe_col_inst[1].u_pe_col/pe_inst[0].u_pe_2/N3) has been disconnected.
I: Const net (pin CEX1 of inst u_top_yolo/u_layer8/genblk1.gen_pages[1].pe_inst.u_pe_page/pe_col_inst[1].u_pe_col/pe_inst[0].u_pe_3/N3) has been disconnected.
I: Const net (pin RSTX of inst u_top_yolo/u_layer8/genblk1.gen_pages[1].pe_inst.u_pe_page/pe_col_inst[1].u_pe_col/pe_inst[0].u_pe_3/N3) has been disconnected.
I: Const net (pin CEY1 of inst u_top_yolo/u_layer8/genblk1.gen_pages[1].pe_inst.u_pe_page/pe_col_inst[1].u_pe_col/pe_inst[0].u_pe_3/N3) has been disconnected.
I: Const net (pin RSTY of inst u_top_yolo/u_layer8/genblk1.gen_pages[1].pe_inst.u_pe_page/pe_col_inst[1].u_pe_col/pe_inst[0].u_pe_3/N3) has been disconnected.
I: Const net (pin CEM of inst u_top_yolo/u_layer8/genblk1.gen_pages[1].pe_inst.u_pe_page/pe_col_inst[1].u_pe_col/pe_inst[0].u_pe_3/N3) has been disconnected.
I: Const net (pin RSTM of inst u_top_yolo/u_layer8/genblk1.gen_pages[1].pe_inst.u_pe_page/pe_col_inst[1].u_pe_col/pe_inst[0].u_pe_3/N3) has been disconnected.
I: Const net (pin CEX1 of inst u_top_yolo/u_layer8/genblk1.gen_pages[1].pe_inst.u_pe_page/pe_col_inst[1].u_pe_col/pe_inst[0].u_pe_4/N3) has been disconnected.
I: Const net (pin RSTX of inst u_top_yolo/u_layer8/genblk1.gen_pages[1].pe_inst.u_pe_page/pe_col_inst[1].u_pe_col/pe_inst[0].u_pe_4/N3) has been disconnected.
I: Const net (pin CEY1 of inst u_top_yolo/u_layer8/genblk1.gen_pages[1].pe_inst.u_pe_page/pe_col_inst[1].u_pe_col/pe_inst[0].u_pe_4/N3) has been disconnected.
I: Const net (pin RSTY of inst u_top_yolo/u_layer8/genblk1.gen_pages[1].pe_inst.u_pe_page/pe_col_inst[1].u_pe_col/pe_inst[0].u_pe_4/N3) has been disconnected.
I: Const net (pin CEM of inst u_top_yolo/u_layer8/genblk1.gen_pages[1].pe_inst.u_pe_page/pe_col_inst[1].u_pe_col/pe_inst[0].u_pe_4/N3) has been disconnected.
I: Const net (pin RSTM of inst u_top_yolo/u_layer8/genblk1.gen_pages[1].pe_inst.u_pe_page/pe_col_inst[1].u_pe_col/pe_inst[0].u_pe_4/N3) has been disconnected.
I: Const net (pin CEX1 of inst u_top_yolo/u_layer8/genblk1.gen_pages[1].pe_inst.u_pe_page/pe_col_inst[1].u_pe_col/pe_inst[0].u_pe_5/N3) has been disconnected.
I: Const net (pin RSTX of inst u_top_yolo/u_layer8/genblk1.gen_pages[1].pe_inst.u_pe_page/pe_col_inst[1].u_pe_col/pe_inst[0].u_pe_5/N3) has been disconnected.
I: Const net (pin CEY1 of inst u_top_yolo/u_layer8/genblk1.gen_pages[1].pe_inst.u_pe_page/pe_col_inst[1].u_pe_col/pe_inst[0].u_pe_5/N3) has been disconnected.
I: Const net (pin RSTY of inst u_top_yolo/u_layer8/genblk1.gen_pages[1].pe_inst.u_pe_page/pe_col_inst[1].u_pe_col/pe_inst[0].u_pe_5/N3) has been disconnected.
I: Const net (pin CEM of inst u_top_yolo/u_layer8/genblk1.gen_pages[1].pe_inst.u_pe_page/pe_col_inst[1].u_pe_col/pe_inst[0].u_pe_5/N3) has been disconnected.
I: Const net (pin RSTM of inst u_top_yolo/u_layer8/genblk1.gen_pages[1].pe_inst.u_pe_page/pe_col_inst[1].u_pe_col/pe_inst[0].u_pe_5/N3) has been disconnected.
I: Const net (pin CEX1 of inst u_top_yolo/u_layer8/genblk1.gen_pages[1].pe_inst.u_pe_page/pe_col_inst[1].u_pe_col/pe_inst[0].u_pe_6/N3) has been disconnected.
I: Const net (pin RSTX of inst u_top_yolo/u_layer8/genblk1.gen_pages[1].pe_inst.u_pe_page/pe_col_inst[1].u_pe_col/pe_inst[0].u_pe_6/N3) has been disconnected.
I: Const net (pin CEY1 of inst u_top_yolo/u_layer8/genblk1.gen_pages[1].pe_inst.u_pe_page/pe_col_inst[1].u_pe_col/pe_inst[0].u_pe_6/N3) has been disconnected.
I: Const net (pin RSTY of inst u_top_yolo/u_layer8/genblk1.gen_pages[1].pe_inst.u_pe_page/pe_col_inst[1].u_pe_col/pe_inst[0].u_pe_6/N3) has been disconnected.
I: Const net (pin CEM of inst u_top_yolo/u_layer8/genblk1.gen_pages[1].pe_inst.u_pe_page/pe_col_inst[1].u_pe_col/pe_inst[0].u_pe_6/N3) has been disconnected.
I: Const net (pin RSTM of inst u_top_yolo/u_layer8/genblk1.gen_pages[1].pe_inst.u_pe_page/pe_col_inst[1].u_pe_col/pe_inst[0].u_pe_6/N3) has been disconnected.
I: Const net (pin CEX1 of inst u_top_yolo/u_layer8/genblk1.gen_pages[1].pe_inst.u_pe_page/pe_col_inst[1].u_pe_col/pe_inst[0].u_pe_7/N3) has been disconnected.
I: Const net (pin RSTX of inst u_top_yolo/u_layer8/genblk1.gen_pages[1].pe_inst.u_pe_page/pe_col_inst[1].u_pe_col/pe_inst[0].u_pe_7/N3) has been disconnected.
I: Const net (pin CEY1 of inst u_top_yolo/u_layer8/genblk1.gen_pages[1].pe_inst.u_pe_page/pe_col_inst[1].u_pe_col/pe_inst[0].u_pe_7/N3) has been disconnected.
I: Const net (pin RSTY of inst u_top_yolo/u_layer8/genblk1.gen_pages[1].pe_inst.u_pe_page/pe_col_inst[1].u_pe_col/pe_inst[0].u_pe_7/N3) has been disconnected.
I: Const net (pin CEM of inst u_top_yolo/u_layer8/genblk1.gen_pages[1].pe_inst.u_pe_page/pe_col_inst[1].u_pe_col/pe_inst[0].u_pe_7/N3) has been disconnected.
I: Const net (pin RSTM of inst u_top_yolo/u_layer8/genblk1.gen_pages[1].pe_inst.u_pe_page/pe_col_inst[1].u_pe_col/pe_inst[0].u_pe_7/N3) has been disconnected.
I: Const net (pin CEX1 of inst u_top_yolo/u_layer8/genblk1.gen_pages[1].pe_inst.u_pe_page/pe_col_inst[1].u_pe_col/pe_inst[0].u_pe_8/N3) has been disconnected.
I: Const net (pin RSTX of inst u_top_yolo/u_layer8/genblk1.gen_pages[1].pe_inst.u_pe_page/pe_col_inst[1].u_pe_col/pe_inst[0].u_pe_8/N3) has been disconnected.
I: Const net (pin CEY1 of inst u_top_yolo/u_layer8/genblk1.gen_pages[1].pe_inst.u_pe_page/pe_col_inst[1].u_pe_col/pe_inst[0].u_pe_8/N3) has been disconnected.
I: Const net (pin RSTY of inst u_top_yolo/u_layer8/genblk1.gen_pages[1].pe_inst.u_pe_page/pe_col_inst[1].u_pe_col/pe_inst[0].u_pe_8/N3) has been disconnected.
I: Const net (pin CEM of inst u_top_yolo/u_layer8/genblk1.gen_pages[1].pe_inst.u_pe_page/pe_col_inst[1].u_pe_col/pe_inst[0].u_pe_8/N3) has been disconnected.
I: Const net (pin RSTM of inst u_top_yolo/u_layer8/genblk1.gen_pages[1].pe_inst.u_pe_page/pe_col_inst[1].u_pe_col/pe_inst[0].u_pe_8/N3) has been disconnected.
I: Const net (pin CEX1 of inst u_top_yolo/u_layer9/genblk1.gen_pages[0].pe_inst.u_pe_page/pe_col_inst[0].u_pe_col/pe_inst[0].u_pe/N3) has been disconnected.
I: Const net (pin RSTX of inst u_top_yolo/u_layer9/genblk1.gen_pages[0].pe_inst.u_pe_page/pe_col_inst[0].u_pe_col/pe_inst[0].u_pe/N3) has been disconnected.
I: Const net (pin CEY1 of inst u_top_yolo/u_layer9/genblk1.gen_pages[0].pe_inst.u_pe_page/pe_col_inst[0].u_pe_col/pe_inst[0].u_pe/N3) has been disconnected.
I: Const net (pin RSTY of inst u_top_yolo/u_layer9/genblk1.gen_pages[0].pe_inst.u_pe_page/pe_col_inst[0].u_pe_col/pe_inst[0].u_pe/N3) has been disconnected.
I: Const net (pin CEM of inst u_top_yolo/u_layer9/genblk1.gen_pages[0].pe_inst.u_pe_page/pe_col_inst[0].u_pe_col/pe_inst[0].u_pe/N3) has been disconnected.
I: Const net (pin RSTM of inst u_top_yolo/u_layer9/genblk1.gen_pages[0].pe_inst.u_pe_page/pe_col_inst[0].u_pe_col/pe_inst[0].u_pe/N3) has been disconnected.
I: Const net (pin CEX1 of inst u_top_yolo/u_layer9/genblk1.gen_pages[0].pe_inst.u_pe_page/pe_col_inst[0].u_pe_col/pe_inst[0].u_pe_1/N3) has been disconnected.
I: Const net (pin RSTX of inst u_top_yolo/u_layer9/genblk1.gen_pages[0].pe_inst.u_pe_page/pe_col_inst[0].u_pe_col/pe_inst[0].u_pe_1/N3) has been disconnected.
I: Const net (pin CEY1 of inst u_top_yolo/u_layer9/genblk1.gen_pages[0].pe_inst.u_pe_page/pe_col_inst[0].u_pe_col/pe_inst[0].u_pe_1/N3) has been disconnected.
I: Const net (pin RSTY of inst u_top_yolo/u_layer9/genblk1.gen_pages[0].pe_inst.u_pe_page/pe_col_inst[0].u_pe_col/pe_inst[0].u_pe_1/N3) has been disconnected.
I: Const net (pin CEM of inst u_top_yolo/u_layer9/genblk1.gen_pages[0].pe_inst.u_pe_page/pe_col_inst[0].u_pe_col/pe_inst[0].u_pe_1/N3) has been disconnected.
I: Const net (pin RSTM of inst u_top_yolo/u_layer9/genblk1.gen_pages[0].pe_inst.u_pe_page/pe_col_inst[0].u_pe_col/pe_inst[0].u_pe_1/N3) has been disconnected.
I: Const net (pin CEX1 of inst u_top_yolo/u_layer9/genblk1.gen_pages[0].pe_inst.u_pe_page/pe_col_inst[0].u_pe_col/pe_inst[0].u_pe_2/N3) has been disconnected.
I: Const net (pin RSTX of inst u_top_yolo/u_layer9/genblk1.gen_pages[0].pe_inst.u_pe_page/pe_col_inst[0].u_pe_col/pe_inst[0].u_pe_2/N3) has been disconnected.
I: Const net (pin CEY1 of inst u_top_yolo/u_layer9/genblk1.gen_pages[0].pe_inst.u_pe_page/pe_col_inst[0].u_pe_col/pe_inst[0].u_pe_2/N3) has been disconnected.
I: Const net (pin RSTY of inst u_top_yolo/u_layer9/genblk1.gen_pages[0].pe_inst.u_pe_page/pe_col_inst[0].u_pe_col/pe_inst[0].u_pe_2/N3) has been disconnected.
I: Const net (pin CEM of inst u_top_yolo/u_layer9/genblk1.gen_pages[0].pe_inst.u_pe_page/pe_col_inst[0].u_pe_col/pe_inst[0].u_pe_2/N3) has been disconnected.
I: Const net (pin RSTM of inst u_top_yolo/u_layer9/genblk1.gen_pages[0].pe_inst.u_pe_page/pe_col_inst[0].u_pe_col/pe_inst[0].u_pe_2/N3) has been disconnected.
I: Const net (pin CEX1 of inst u_top_yolo/u_layer9/genblk1.gen_pages[0].pe_inst.u_pe_page/pe_col_inst[0].u_pe_col/pe_inst[0].u_pe_3/N3) has been disconnected.
I: Const net (pin RSTX of inst u_top_yolo/u_layer9/genblk1.gen_pages[0].pe_inst.u_pe_page/pe_col_inst[0].u_pe_col/pe_inst[0].u_pe_3/N3) has been disconnected.
I: Const net (pin CEY1 of inst u_top_yolo/u_layer9/genblk1.gen_pages[0].pe_inst.u_pe_page/pe_col_inst[0].u_pe_col/pe_inst[0].u_pe_3/N3) has been disconnected.
I: Const net (pin RSTY of inst u_top_yolo/u_layer9/genblk1.gen_pages[0].pe_inst.u_pe_page/pe_col_inst[0].u_pe_col/pe_inst[0].u_pe_3/N3) has been disconnected.
I: Const net (pin CEM of inst u_top_yolo/u_layer9/genblk1.gen_pages[0].pe_inst.u_pe_page/pe_col_inst[0].u_pe_col/pe_inst[0].u_pe_3/N3) has been disconnected.
I: Const net (pin RSTM of inst u_top_yolo/u_layer9/genblk1.gen_pages[0].pe_inst.u_pe_page/pe_col_inst[0].u_pe_col/pe_inst[0].u_pe_3/N3) has been disconnected.
I: Const net (pin CEX1 of inst u_top_yolo/u_layer9/genblk1.gen_pages[0].pe_inst.u_pe_page/pe_col_inst[0].u_pe_col/pe_inst[0].u_pe_4/N3) has been disconnected.
I: Const net (pin RSTX of inst u_top_yolo/u_layer9/genblk1.gen_pages[0].pe_inst.u_pe_page/pe_col_inst[0].u_pe_col/pe_inst[0].u_pe_4/N3) has been disconnected.
I: Const net (pin CEY1 of inst u_top_yolo/u_layer9/genblk1.gen_pages[0].pe_inst.u_pe_page/pe_col_inst[0].u_pe_col/pe_inst[0].u_pe_4/N3) has been disconnected.
I: Const net (pin RSTY of inst u_top_yolo/u_layer9/genblk1.gen_pages[0].pe_inst.u_pe_page/pe_col_inst[0].u_pe_col/pe_inst[0].u_pe_4/N3) has been disconnected.
I: Const net (pin CEM of inst u_top_yolo/u_layer9/genblk1.gen_pages[0].pe_inst.u_pe_page/pe_col_inst[0].u_pe_col/pe_inst[0].u_pe_4/N3) has been disconnected.
I: Const net (pin RSTM of inst u_top_yolo/u_layer9/genblk1.gen_pages[0].pe_inst.u_pe_page/pe_col_inst[0].u_pe_col/pe_inst[0].u_pe_4/N3) has been disconnected.
I: Const net (pin CEX1 of inst u_top_yolo/u_layer9/genblk1.gen_pages[0].pe_inst.u_pe_page/pe_col_inst[0].u_pe_col/pe_inst[0].u_pe_5/N3) has been disconnected.
I: Const net (pin RSTX of inst u_top_yolo/u_layer9/genblk1.gen_pages[0].pe_inst.u_pe_page/pe_col_inst[0].u_pe_col/pe_inst[0].u_pe_5/N3) has been disconnected.
I: Const net (pin CEY1 of inst u_top_yolo/u_layer9/genblk1.gen_pages[0].pe_inst.u_pe_page/pe_col_inst[0].u_pe_col/pe_inst[0].u_pe_5/N3) has been disconnected.
I: Const net (pin RSTY of inst u_top_yolo/u_layer9/genblk1.gen_pages[0].pe_inst.u_pe_page/pe_col_inst[0].u_pe_col/pe_inst[0].u_pe_5/N3) has been disconnected.
I: Const net (pin CEM of inst u_top_yolo/u_layer9/genblk1.gen_pages[0].pe_inst.u_pe_page/pe_col_inst[0].u_pe_col/pe_inst[0].u_pe_5/N3) has been disconnected.
I: Const net (pin RSTM of inst u_top_yolo/u_layer9/genblk1.gen_pages[0].pe_inst.u_pe_page/pe_col_inst[0].u_pe_col/pe_inst[0].u_pe_5/N3) has been disconnected.
I: Const net (pin CEX1 of inst u_top_yolo/u_layer9/genblk1.gen_pages[0].pe_inst.u_pe_page/pe_col_inst[0].u_pe_col/pe_inst[0].u_pe_6/N3) has been disconnected.
I: Const net (pin RSTX of inst u_top_yolo/u_layer9/genblk1.gen_pages[0].pe_inst.u_pe_page/pe_col_inst[0].u_pe_col/pe_inst[0].u_pe_6/N3) has been disconnected.
I: Const net (pin CEY1 of inst u_top_yolo/u_layer9/genblk1.gen_pages[0].pe_inst.u_pe_page/pe_col_inst[0].u_pe_col/pe_inst[0].u_pe_6/N3) has been disconnected.
I: Const net (pin RSTY of inst u_top_yolo/u_layer9/genblk1.gen_pages[0].pe_inst.u_pe_page/pe_col_inst[0].u_pe_col/pe_inst[0].u_pe_6/N3) has been disconnected.
I: Const net (pin CEM of inst u_top_yolo/u_layer9/genblk1.gen_pages[0].pe_inst.u_pe_page/pe_col_inst[0].u_pe_col/pe_inst[0].u_pe_6/N3) has been disconnected.
I: Const net (pin RSTM of inst u_top_yolo/u_layer9/genblk1.gen_pages[0].pe_inst.u_pe_page/pe_col_inst[0].u_pe_col/pe_inst[0].u_pe_6/N3) has been disconnected.
I: Const net (pin CEX1 of inst u_top_yolo/u_layer9/genblk1.gen_pages[0].pe_inst.u_pe_page/pe_col_inst[0].u_pe_col/pe_inst[0].u_pe_7/N3) has been disconnected.
I: Const net (pin RSTX of inst u_top_yolo/u_layer9/genblk1.gen_pages[0].pe_inst.u_pe_page/pe_col_inst[0].u_pe_col/pe_inst[0].u_pe_7/N3) has been disconnected.
I: Const net (pin CEY1 of inst u_top_yolo/u_layer9/genblk1.gen_pages[0].pe_inst.u_pe_page/pe_col_inst[0].u_pe_col/pe_inst[0].u_pe_7/N3) has been disconnected.
I: Const net (pin RSTY of inst u_top_yolo/u_layer9/genblk1.gen_pages[0].pe_inst.u_pe_page/pe_col_inst[0].u_pe_col/pe_inst[0].u_pe_7/N3) has been disconnected.
I: Const net (pin CEM of inst u_top_yolo/u_layer9/genblk1.gen_pages[0].pe_inst.u_pe_page/pe_col_inst[0].u_pe_col/pe_inst[0].u_pe_7/N3) has been disconnected.
I: Const net (pin RSTM of inst u_top_yolo/u_layer9/genblk1.gen_pages[0].pe_inst.u_pe_page/pe_col_inst[0].u_pe_col/pe_inst[0].u_pe_7/N3) has been disconnected.
I: Const net (pin CEX1 of inst u_top_yolo/u_layer9/genblk1.gen_pages[0].pe_inst.u_pe_page/pe_col_inst[0].u_pe_col/pe_inst[0].u_pe_8/N3) has been disconnected.
I: Const net (pin RSTX of inst u_top_yolo/u_layer9/genblk1.gen_pages[0].pe_inst.u_pe_page/pe_col_inst[0].u_pe_col/pe_inst[0].u_pe_8/N3) has been disconnected.
I: Const net (pin CEY1 of inst u_top_yolo/u_layer9/genblk1.gen_pages[0].pe_inst.u_pe_page/pe_col_inst[0].u_pe_col/pe_inst[0].u_pe_8/N3) has been disconnected.
I: Const net (pin RSTY of inst u_top_yolo/u_layer9/genblk1.gen_pages[0].pe_inst.u_pe_page/pe_col_inst[0].u_pe_col/pe_inst[0].u_pe_8/N3) has been disconnected.
I: Const net (pin CEM of inst u_top_yolo/u_layer9/genblk1.gen_pages[0].pe_inst.u_pe_page/pe_col_inst[0].u_pe_col/pe_inst[0].u_pe_8/N3) has been disconnected.
I: Const net (pin RSTM of inst u_top_yolo/u_layer9/genblk1.gen_pages[0].pe_inst.u_pe_page/pe_col_inst[0].u_pe_col/pe_inst[0].u_pe_8/N3) has been disconnected.
I: Const net (pin CEX1 of inst u_top_yolo/u_layer9/genblk1.gen_pages[1].pe_inst.u_pe_page/pe_col_inst[0].u_pe_col/pe_inst[0].u_pe/N3) has been disconnected.
I: Const net (pin RSTX of inst u_top_yolo/u_layer9/genblk1.gen_pages[1].pe_inst.u_pe_page/pe_col_inst[0].u_pe_col/pe_inst[0].u_pe/N3) has been disconnected.
I: Const net (pin CEY1 of inst u_top_yolo/u_layer9/genblk1.gen_pages[1].pe_inst.u_pe_page/pe_col_inst[0].u_pe_col/pe_inst[0].u_pe/N3) has been disconnected.
I: Const net (pin RSTY of inst u_top_yolo/u_layer9/genblk1.gen_pages[1].pe_inst.u_pe_page/pe_col_inst[0].u_pe_col/pe_inst[0].u_pe/N3) has been disconnected.
I: Const net (pin CEM of inst u_top_yolo/u_layer9/genblk1.gen_pages[1].pe_inst.u_pe_page/pe_col_inst[0].u_pe_col/pe_inst[0].u_pe/N3) has been disconnected.
I: Const net (pin RSTM of inst u_top_yolo/u_layer9/genblk1.gen_pages[1].pe_inst.u_pe_page/pe_col_inst[0].u_pe_col/pe_inst[0].u_pe/N3) has been disconnected.
I: Const net (pin CEX1 of inst u_top_yolo/u_layer9/genblk1.gen_pages[1].pe_inst.u_pe_page/pe_col_inst[0].u_pe_col/pe_inst[0].u_pe_1/N3) has been disconnected.
I: Const net (pin RSTX of inst u_top_yolo/u_layer9/genblk1.gen_pages[1].pe_inst.u_pe_page/pe_col_inst[0].u_pe_col/pe_inst[0].u_pe_1/N3) has been disconnected.
I: Const net (pin CEY1 of inst u_top_yolo/u_layer9/genblk1.gen_pages[1].pe_inst.u_pe_page/pe_col_inst[0].u_pe_col/pe_inst[0].u_pe_1/N3) has been disconnected.
I: Const net (pin RSTY of inst u_top_yolo/u_layer9/genblk1.gen_pages[1].pe_inst.u_pe_page/pe_col_inst[0].u_pe_col/pe_inst[0].u_pe_1/N3) has been disconnected.
I: Const net (pin CEM of inst u_top_yolo/u_layer9/genblk1.gen_pages[1].pe_inst.u_pe_page/pe_col_inst[0].u_pe_col/pe_inst[0].u_pe_1/N3) has been disconnected.
I: Const net (pin RSTM of inst u_top_yolo/u_layer9/genblk1.gen_pages[1].pe_inst.u_pe_page/pe_col_inst[0].u_pe_col/pe_inst[0].u_pe_1/N3) has been disconnected.
I: Const net (pin CEX1 of inst u_top_yolo/u_layer9/genblk1.gen_pages[1].pe_inst.u_pe_page/pe_col_inst[0].u_pe_col/pe_inst[0].u_pe_2/N3) has been disconnected.
I: Const net (pin RSTX of inst u_top_yolo/u_layer9/genblk1.gen_pages[1].pe_inst.u_pe_page/pe_col_inst[0].u_pe_col/pe_inst[0].u_pe_2/N3) has been disconnected.
I: Const net (pin CEY1 of inst u_top_yolo/u_layer9/genblk1.gen_pages[1].pe_inst.u_pe_page/pe_col_inst[0].u_pe_col/pe_inst[0].u_pe_2/N3) has been disconnected.
I: Const net (pin RSTY of inst u_top_yolo/u_layer9/genblk1.gen_pages[1].pe_inst.u_pe_page/pe_col_inst[0].u_pe_col/pe_inst[0].u_pe_2/N3) has been disconnected.
I: Const net (pin CEM of inst u_top_yolo/u_layer9/genblk1.gen_pages[1].pe_inst.u_pe_page/pe_col_inst[0].u_pe_col/pe_inst[0].u_pe_2/N3) has been disconnected.
I: Const net (pin RSTM of inst u_top_yolo/u_layer9/genblk1.gen_pages[1].pe_inst.u_pe_page/pe_col_inst[0].u_pe_col/pe_inst[0].u_pe_2/N3) has been disconnected.
I: Const net (pin CEX1 of inst u_top_yolo/u_layer9/genblk1.gen_pages[1].pe_inst.u_pe_page/pe_col_inst[0].u_pe_col/pe_inst[0].u_pe_3/N3) has been disconnected.
I: Const net (pin RSTX of inst u_top_yolo/u_layer9/genblk1.gen_pages[1].pe_inst.u_pe_page/pe_col_inst[0].u_pe_col/pe_inst[0].u_pe_3/N3) has been disconnected.
I: Const net (pin CEY1 of inst u_top_yolo/u_layer9/genblk1.gen_pages[1].pe_inst.u_pe_page/pe_col_inst[0].u_pe_col/pe_inst[0].u_pe_3/N3) has been disconnected.
I: Const net (pin RSTY of inst u_top_yolo/u_layer9/genblk1.gen_pages[1].pe_inst.u_pe_page/pe_col_inst[0].u_pe_col/pe_inst[0].u_pe_3/N3) has been disconnected.
I: Const net (pin CEM of inst u_top_yolo/u_layer9/genblk1.gen_pages[1].pe_inst.u_pe_page/pe_col_inst[0].u_pe_col/pe_inst[0].u_pe_3/N3) has been disconnected.
I: Const net (pin RSTM of inst u_top_yolo/u_layer9/genblk1.gen_pages[1].pe_inst.u_pe_page/pe_col_inst[0].u_pe_col/pe_inst[0].u_pe_3/N3) has been disconnected.
I: Const net (pin CEX1 of inst u_top_yolo/u_layer9/genblk1.gen_pages[1].pe_inst.u_pe_page/pe_col_inst[0].u_pe_col/pe_inst[0].u_pe_4/N3) has been disconnected.
I: Const net (pin RSTX of inst u_top_yolo/u_layer9/genblk1.gen_pages[1].pe_inst.u_pe_page/pe_col_inst[0].u_pe_col/pe_inst[0].u_pe_4/N3) has been disconnected.
I: Const net (pin CEY1 of inst u_top_yolo/u_layer9/genblk1.gen_pages[1].pe_inst.u_pe_page/pe_col_inst[0].u_pe_col/pe_inst[0].u_pe_4/N3) has been disconnected.
I: Const net (pin RSTY of inst u_top_yolo/u_layer9/genblk1.gen_pages[1].pe_inst.u_pe_page/pe_col_inst[0].u_pe_col/pe_inst[0].u_pe_4/N3) has been disconnected.
I: Const net (pin CEM of inst u_top_yolo/u_layer9/genblk1.gen_pages[1].pe_inst.u_pe_page/pe_col_inst[0].u_pe_col/pe_inst[0].u_pe_4/N3) has been disconnected.
I: Const net (pin RSTM of inst u_top_yolo/u_layer9/genblk1.gen_pages[1].pe_inst.u_pe_page/pe_col_inst[0].u_pe_col/pe_inst[0].u_pe_4/N3) has been disconnected.
I: Const net (pin CEX1 of inst u_top_yolo/u_layer9/genblk1.gen_pages[1].pe_inst.u_pe_page/pe_col_inst[0].u_pe_col/pe_inst[0].u_pe_5/N3) has been disconnected.
I: Const net (pin RSTX of inst u_top_yolo/u_layer9/genblk1.gen_pages[1].pe_inst.u_pe_page/pe_col_inst[0].u_pe_col/pe_inst[0].u_pe_5/N3) has been disconnected.
I: Const net (pin CEY1 of inst u_top_yolo/u_layer9/genblk1.gen_pages[1].pe_inst.u_pe_page/pe_col_inst[0].u_pe_col/pe_inst[0].u_pe_5/N3) has been disconnected.
I: Const net (pin RSTY of inst u_top_yolo/u_layer9/genblk1.gen_pages[1].pe_inst.u_pe_page/pe_col_inst[0].u_pe_col/pe_inst[0].u_pe_5/N3) has been disconnected.
I: Const net (pin CEM of inst u_top_yolo/u_layer9/genblk1.gen_pages[1].pe_inst.u_pe_page/pe_col_inst[0].u_pe_col/pe_inst[0].u_pe_5/N3) has been disconnected.
I: Const net (pin RSTM of inst u_top_yolo/u_layer9/genblk1.gen_pages[1].pe_inst.u_pe_page/pe_col_inst[0].u_pe_col/pe_inst[0].u_pe_5/N3) has been disconnected.
I: Const net (pin CEX1 of inst u_top_yolo/u_layer9/genblk1.gen_pages[1].pe_inst.u_pe_page/pe_col_inst[0].u_pe_col/pe_inst[0].u_pe_6/N3) has been disconnected.
I: Const net (pin RSTX of inst u_top_yolo/u_layer9/genblk1.gen_pages[1].pe_inst.u_pe_page/pe_col_inst[0].u_pe_col/pe_inst[0].u_pe_6/N3) has been disconnected.
I: Const net (pin CEY1 of inst u_top_yolo/u_layer9/genblk1.gen_pages[1].pe_inst.u_pe_page/pe_col_inst[0].u_pe_col/pe_inst[0].u_pe_6/N3) has been disconnected.
I: Const net (pin RSTY of inst u_top_yolo/u_layer9/genblk1.gen_pages[1].pe_inst.u_pe_page/pe_col_inst[0].u_pe_col/pe_inst[0].u_pe_6/N3) has been disconnected.
I: Const net (pin CEM of inst u_top_yolo/u_layer9/genblk1.gen_pages[1].pe_inst.u_pe_page/pe_col_inst[0].u_pe_col/pe_inst[0].u_pe_6/N3) has been disconnected.
I: Const net (pin RSTM of inst u_top_yolo/u_layer9/genblk1.gen_pages[1].pe_inst.u_pe_page/pe_col_inst[0].u_pe_col/pe_inst[0].u_pe_6/N3) has been disconnected.
I: Const net (pin CEX1 of inst u_top_yolo/u_layer9/genblk1.gen_pages[1].pe_inst.u_pe_page/pe_col_inst[0].u_pe_col/pe_inst[0].u_pe_7/N3) has been disconnected.
I: Const net (pin RSTX of inst u_top_yolo/u_layer9/genblk1.gen_pages[1].pe_inst.u_pe_page/pe_col_inst[0].u_pe_col/pe_inst[0].u_pe_7/N3) has been disconnected.
I: Const net (pin CEY1 of inst u_top_yolo/u_layer9/genblk1.gen_pages[1].pe_inst.u_pe_page/pe_col_inst[0].u_pe_col/pe_inst[0].u_pe_7/N3) has been disconnected.
I: Const net (pin RSTY of inst u_top_yolo/u_layer9/genblk1.gen_pages[1].pe_inst.u_pe_page/pe_col_inst[0].u_pe_col/pe_inst[0].u_pe_7/N3) has been disconnected.
I: Const net (pin CEM of inst u_top_yolo/u_layer9/genblk1.gen_pages[1].pe_inst.u_pe_page/pe_col_inst[0].u_pe_col/pe_inst[0].u_pe_7/N3) has been disconnected.
I: Const net (pin RSTM of inst u_top_yolo/u_layer9/genblk1.gen_pages[1].pe_inst.u_pe_page/pe_col_inst[0].u_pe_col/pe_inst[0].u_pe_7/N3) has been disconnected.
I: Const net (pin CEX1 of inst u_top_yolo/u_layer9/genblk1.gen_pages[1].pe_inst.u_pe_page/pe_col_inst[0].u_pe_col/pe_inst[0].u_pe_8/N3) has been disconnected.
I: Const net (pin RSTX of inst u_top_yolo/u_layer9/genblk1.gen_pages[1].pe_inst.u_pe_page/pe_col_inst[0].u_pe_col/pe_inst[0].u_pe_8/N3) has been disconnected.
I: Const net (pin CEY1 of inst u_top_yolo/u_layer9/genblk1.gen_pages[1].pe_inst.u_pe_page/pe_col_inst[0].u_pe_col/pe_inst[0].u_pe_8/N3) has been disconnected.
I: Const net (pin RSTY of inst u_top_yolo/u_layer9/genblk1.gen_pages[1].pe_inst.u_pe_page/pe_col_inst[0].u_pe_col/pe_inst[0].u_pe_8/N3) has been disconnected.
I: Const net (pin CEM of inst u_top_yolo/u_layer9/genblk1.gen_pages[1].pe_inst.u_pe_page/pe_col_inst[0].u_pe_col/pe_inst[0].u_pe_8/N3) has been disconnected.
I: Const net (pin RSTM of inst u_top_yolo/u_layer9/genblk1.gen_pages[1].pe_inst.u_pe_page/pe_col_inst[0].u_pe_col/pe_inst[0].u_pe_8/N3) has been disconnected.
I: Const net (pin CEX1 of inst u_top_yolo/u_layer10/genblk1.gen_pages[0].pe_inst.u_pe_page/pe_col_inst[0].u_pe_col/pe_inst[0].u_pe/N3) has been disconnected.
I: Const net (pin RSTX of inst u_top_yolo/u_layer10/genblk1.gen_pages[0].pe_inst.u_pe_page/pe_col_inst[0].u_pe_col/pe_inst[0].u_pe/N3) has been disconnected.
I: Const net (pin CEY1 of inst u_top_yolo/u_layer10/genblk1.gen_pages[0].pe_inst.u_pe_page/pe_col_inst[0].u_pe_col/pe_inst[0].u_pe/N3) has been disconnected.
I: Const net (pin RSTY of inst u_top_yolo/u_layer10/genblk1.gen_pages[0].pe_inst.u_pe_page/pe_col_inst[0].u_pe_col/pe_inst[0].u_pe/N3) has been disconnected.
I: Const net (pin CEM of inst u_top_yolo/u_layer10/genblk1.gen_pages[0].pe_inst.u_pe_page/pe_col_inst[0].u_pe_col/pe_inst[0].u_pe/N3) has been disconnected.
I: Const net (pin RSTM of inst u_top_yolo/u_layer10/genblk1.gen_pages[0].pe_inst.u_pe_page/pe_col_inst[0].u_pe_col/pe_inst[0].u_pe/N3) has been disconnected.
I: Const net (pin CEP of inst u_top_yolo/u_layer10/genblk1.gen_pages[0].pe_inst.u_pe_page/pe_col_inst[0].u_pe_col/pe_inst[0].u_pe/N3) has been disconnected.
I: Const net (pin RSTP of inst u_top_yolo/u_layer10/genblk1.gen_pages[0].pe_inst.u_pe_page/pe_col_inst[0].u_pe_col/pe_inst[0].u_pe/N3) has been disconnected.
W: Public-4008: Instance 'u_lprnet_top/dbg_input_new_line_seen' of 'GTP_DFF_C' unit is dangling and will be cleaned.
W: Public-4008: Instance 'u_lprnet_top/dbg_input_valid_seen' of 'GTP_DFF_C' unit is dangling and will be cleaned.
W: Public-4008: Instance 'ms72xx_ctl/U1_ms7200_ctl/freq_rec[0]' of 'GTP_DFF_RE' unit is dangling and will be cleaned.
W: Public-4008: Instance 'ms72xx_ctl/U1_ms7200_ctl/freq_rec[1]' of 'GTP_DFF_RE' unit is dangling and will be cleaned.
W: Public-4008: Instance 'ms72xx_ctl/U1_ms7200_ctl/freq_rec_1d[0]' of 'GTP_DFF' unit is dangling and will be cleaned.
W: Public-4008: Instance 'ms72xx_ctl/U1_ms7200_ctl/freq_rec_1d[1]' of 'GTP_DFF' unit is dangling and will be cleaned.
W: Public-4008: Instance 'ms72xx_ctl/U1_ms7200_ctl/freq_rec_1d[2]' of 'GTP_DFF' unit is dangling and will be cleaned.
W: Public-4008: Instance 'ms72xx_ctl/U1_ms7200_ctl/freq_rec_1d[3]' of 'GTP_DFF' unit is dangling and will be cleaned.
W: Public-4008: Instance 'ms72xx_ctl/U1_ms7200_ctl/freq_rec_1d[4]' of 'GTP_DFF' unit is dangling and will be cleaned.
W: Public-4008: Instance 'ms72xx_ctl/U1_ms7200_ctl/freq_rec_1d[5]' of 'GTP_DFF' unit is dangling and will be cleaned.
W: Public-4008: Instance 'ms72xx_ctl/U1_ms7200_ctl/freq_rec_1d[6]' of 'GTP_DFF' unit is dangling and will be cleaned.
W: Public-4008: Instance 'ms72xx_ctl/U1_ms7200_ctl/freq_rec_1d[7]' of 'GTP_DFF' unit is dangling and will be cleaned.
W: Public-4008: Instance 'ms72xx_ctl/U1_ms7200_ctl/freq_rec_1d[8]' of 'GTP_DFF' unit is dangling and will be cleaned.
W: Public-4008: Instance 'ms72xx_ctl/U1_ms7200_ctl/freq_rec_1d[9]' of 'GTP_DFF' unit is dangling and will be cleaned.
W: Public-4008: Instance 'ms72xx_ctl/U1_ms7200_ctl/freq_rec_1d[10]' of 'GTP_DFF' unit is dangling and will be cleaned.
W: Public-4008: Instance 'ms72xx_ctl/U1_ms7200_ctl/freq_rec_1d[11]' of 'GTP_DFF' unit is dangling and will be cleaned.
W: Public-4008: Instance 'ms72xx_ctl/U1_ms7200_ctl/freq_rec_1d[12]' of 'GTP_DFF' unit is dangling and will be cleaned.
W: Public-4008: Instance 'ms72xx_ctl/U1_ms7200_ctl/freq_rec_1d[13]' of 'GTP_DFF' unit is dangling and will be cleaned.
W: Public-4008: Instance 'ms72xx_ctl/U1_ms7200_ctl/freq_rec_1d[14]' of 'GTP_DFF' unit is dangling and will be cleaned.
W: Public-4008: Instance 'ms72xx_ctl/U1_ms7200_ctl/freq_rec_1d[15]' of 'GTP_DFF' unit is dangling and will be cleaned.
W: Public-4008: Instance 'ms72xx_ctl/U1_ms7200_ctl/freq_rec_1d[18]' of 'GTP_DFF' unit is dangling and will be cleaned.
W: Public-4008: Instance 'ms72xx_ctl/U1_ms7200_ctl/freq_rec_1d[19]' of 'GTP_DFF' unit is dangling and will be cleaned.
W: Public-4008: Instance 'ms72xx_ctl/U1_ms7200_ctl/freq_rec_1d[20]' of 'GTP_DFF' unit is dangling and will be cleaned.
W: Public-4008: Instance 'ms72xx_ctl/U1_ms7200_ctl/freq_rec_1d[21]' of 'GTP_DFF' unit is dangling and will be cleaned.
W: Public-4008: Instance 'ms72xx_ctl/U1_ms7200_ctl/freq_rec_1d[22]' of 'GTP_DFF' unit is dangling and will be cleaned.
W: Public-4008: Instance 'ms72xx_ctl/U1_ms7200_ctl/freq_rec_1d[23]' of 'GTP_DFF' unit is dangling and will be cleaned.
W: Public-4008: Instance 'ms72xx_ctl/U1_ms7200_ctl/freq_rec_1d[24]' of 'GTP_DFF' unit is dangling and will be cleaned.
W: Public-4008: Instance 'ms72xx_ctl/U1_ms7200_ctl/freq_rec_1d[25]' of 'GTP_DFF' unit is dangling and will be cleaned.
W: Public-4008: Instance 'ms72xx_ctl/U1_ms7200_ctl/freq_rec_1d[26]' of 'GTP_DFF' unit is dangling and will be cleaned.
W: Public-4008: Instance 'ms72xx_ctl/U1_ms7200_ctl/freq_rec_1d[27]' of 'GTP_DFF' unit is dangling and will be cleaned.
W: Public-4008: Instance 'ms72xx_ctl/U1_ms7200_ctl/freq_rec_1d[28]' of 'GTP_DFF' unit is dangling and will be cleaned.
W: Public-4008: Instance 'ms72xx_ctl/U1_ms7200_ctl/freq_rec_1d[29]' of 'GTP_DFF' unit is dangling and will be cleaned.
W: Public-4008: Instance 'ms72xx_ctl/U1_ms7200_ctl/freq_rec_1d[30]' of 'GTP_DFF' unit is dangling and will be cleaned.
W: Public-4008: Instance 'ms72xx_ctl/U1_ms7200_ctl/freq_rec_1d[31]' of 'GTP_DFF' unit is dangling and will be cleaned.
W: Public-4008: Instance 'ms72xx_ctl/U1_ms7200_ctl/freq_rec[2]' of 'GTP_DFF_RE' unit is dangling and will be cleaned.
W: Public-4008: Instance 'ms72xx_ctl/U1_ms7200_ctl/freq_rec_2d[0]' of 'GTP_DFF_E' unit is dangling and will be cleaned.
W: Public-4008: Instance 'ms72xx_ctl/U1_ms7200_ctl/freq_rec_2d[1]' of 'GTP_DFF_E' unit is dangling and will be cleaned.
W: Public-4008: Instance 'ms72xx_ctl/U1_ms7200_ctl/freq_rec_2d[2]' of 'GTP_DFF_E' unit is dangling and will be cleaned.
W: Public-4008: Instance 'ms72xx_ctl/U1_ms7200_ctl/freq_rec_2d[3]' of 'GTP_DFF_E' unit is dangling and will be cleaned.
W: Public-4008: Instance 'ms72xx_ctl/U1_ms7200_ctl/freq_rec_2d[4]' of 'GTP_DFF_E' unit is dangling and will be cleaned.
W: Public-4008: Instance 'ms72xx_ctl/U1_ms7200_ctl/freq_rec_2d[5]' of 'GTP_DFF_E' unit is dangling and will be cleaned.
W: Public-4008: Instance 'ms72xx_ctl/U1_ms7200_ctl/freq_rec_2d[6]' of 'GTP_DFF_E' unit is dangling and will be cleaned.
W: Public-4008: Instance 'ms72xx_ctl/U1_ms7200_ctl/freq_rec_2d[7]' of 'GTP_DFF_E' unit is dangling and will be cleaned.
W: Public-4008: Instance 'ms72xx_ctl/U1_ms7200_ctl/freq_rec_2d[8]' of 'GTP_DFF_E' unit is dangling and will be cleaned.
W: Public-4008: Instance 'ms72xx_ctl/U1_ms7200_ctl/freq_rec_2d[9]' of 'GTP_DFF_E' unit is dangling and will be cleaned.
W: Public-4008: Instance 'ms72xx_ctl/U1_ms7200_ctl/freq_rec_2d[10]' of 'GTP_DFF_E' unit is dangling and will be cleaned.
W: Public-4008: Instance 'ms72xx_ctl/U1_ms7200_ctl/freq_rec_2d[11]' of 'GTP_DFF_E' unit is dangling and will be cleaned.
W: Public-4008: Instance 'ms72xx_ctl/U1_ms7200_ctl/freq_rec_2d[12]' of 'GTP_DFF_E' unit is dangling and will be cleaned.
W: Public-4008: Instance 'ms72xx_ctl/U1_ms7200_ctl/freq_rec_2d[13]' of 'GTP_DFF_E' unit is dangling and will be cleaned.
W: Public-4008: Instance 'ms72xx_ctl/U1_ms7200_ctl/freq_rec_2d[14]' of 'GTP_DFF_E' unit is dangling and will be cleaned.
W: Public-4008: Instance 'ms72xx_ctl/U1_ms7200_ctl/freq_rec_2d[15]' of 'GTP_DFF_E' unit is dangling and will be cleaned.
W: Public-4008: Instance 'ms72xx_ctl/U1_ms7200_ctl/freq_rec_2d[18]' of 'GTP_DFF_E' unit is dangling and will be cleaned.
W: Public-4008: Instance 'ms72xx_ctl/U1_ms7200_ctl/freq_rec_2d[19]' of 'GTP_DFF_E' unit is dangling and will be cleaned.
W: Public-4008: Instance 'ms72xx_ctl/U1_ms7200_ctl/freq_rec_2d[20]' of 'GTP_DFF_E' unit is dangling and will be cleaned.
W: Public-4008: Instance 'ms72xx_ctl/U1_ms7200_ctl/freq_rec_2d[21]' of 'GTP_DFF_E' unit is dangling and will be cleaned.
W: Public-4008: Instance 'ms72xx_ctl/U1_ms7200_ctl/freq_rec_2d[22]' of 'GTP_DFF_E' unit is dangling and will be cleaned.
W: Public-4008: Instance 'ms72xx_ctl/U1_ms7200_ctl/freq_rec_2d[23]' of 'GTP_DFF_E' unit is dangling and will be cleaned.
W: Public-4008: Instance 'ms72xx_ctl/U1_ms7200_ctl/freq_rec_2d[24]' of 'GTP_DFF_E' unit is dangling and will be cleaned.
W: Public-4008: Instance 'ms72xx_ctl/U1_ms7200_ctl/freq_rec_2d[25]' of 'GTP_DFF_E' unit is dangling and will be cleaned.
W: Public-4008: Instance 'ms72xx_ctl/U1_ms7200_ctl/freq_rec_2d[26]' of 'GTP_DFF_E' unit is dangling and will be cleaned.
W: Public-4008: Instance 'ms72xx_ctl/U1_ms7200_ctl/freq_rec_2d[27]' of 'GTP_DFF_E' unit is dangling and will be cleaned.
W: Public-4008: Instance 'ms72xx_ctl/U1_ms7200_ctl/freq_rec_2d[28]' of 'GTP_DFF_E' unit is dangling and will be cleaned.
W: Public-4008: Instance 'ms72xx_ctl/U1_ms7200_ctl/freq_rec_2d[29]' of 'GTP_DFF_E' unit is dangling and will be cleaned.
W: Public-4008: Instance 'ms72xx_ctl/U1_ms7200_ctl/freq_rec_2d[30]' of 'GTP_DFF_E' unit is dangling and will be cleaned.
W: Public-4008: Instance 'ms72xx_ctl/U1_ms7200_ctl/freq_rec_2d[31]' of 'GTP_DFF_E' unit is dangling and will be cleaned.
W: Public-4008: Instance 'ms72xx_ctl/U1_ms7200_ctl/freq_rec[3]' of 'GTP_DFF_RE' unit is dangling and will be cleaned.
W: Public-4008: Instance 'ms72xx_ctl/U1_ms7200_ctl/freq_rec[4]' of 'GTP_DFF_RE' unit is dangling and will be cleaned.
W: Public-4008: Instance 'ms72xx_ctl/U1_ms7200_ctl/freq_rec[5]' of 'GTP_DFF_RE' unit is dangling and will be cleaned.
W: Public-4008: Instance 'ms72xx_ctl/U1_ms7200_ctl/freq_rec[6]' of 'GTP_DFF_RE' unit is dangling and will be cleaned.
W: Public-4008: Instance 'ms72xx_ctl/U1_ms7200_ctl/freq_rec[7]' of 'GTP_DFF_RE' unit is dangling and will be cleaned.
W: Public-4008: Instance 'ms72xx_ctl/U1_ms7200_ctl/freq_rec[8]' of 'GTP_DFF_RE' unit is dangling and will be cleaned.
W: Public-4008: Instance 'ms72xx_ctl/U1_ms7200_ctl/freq_rec[9]' of 'GTP_DFF_RE' unit is dangling and will be cleaned.
W: Public-4008: Instance 'ms72xx_ctl/U1_ms7200_ctl/freq_rec[10]' of 'GTP_DFF_RE' unit is dangling and will be cleaned.
W: Public-4008: Instance 'ms72xx_ctl/U1_ms7200_ctl/freq_rec[11]' of 'GTP_DFF_RE' unit is dangling and will be cleaned.
W: Public-4008: Instance 'ms72xx_ctl/U1_ms7200_ctl/freq_rec[12]' of 'GTP_DFF_RE' unit is dangling and will be cleaned.
W: Public-4008: Instance 'ms72xx_ctl/U1_ms7200_ctl/freq_rec[13]' of 'GTP_DFF_RE' unit is dangling and will be cleaned.
W: Public-4008: Instance 'ms72xx_ctl/U1_ms7200_ctl/freq_rec[14]' of 'GTP_DFF_RE' unit is dangling and will be cleaned.
W: Public-4008: Instance 'ms72xx_ctl/U1_ms7200_ctl/freq_rec[15]' of 'GTP_DFF_RE' unit is dangling and will be cleaned.
W: Public-4008: Instance 'ms72xx_ctl/U1_ms7200_ctl/freq_rec[18]' of 'GTP_DFF_RE' unit is dangling and will be cleaned.
W: Public-4008: Instance 'ms72xx_ctl/U1_ms7200_ctl/freq_rec[19]' of 'GTP_DFF_RE' unit is dangling and will be cleaned.
W: Public-4008: Instance 'ms72xx_ctl/U1_ms7200_ctl/freq_rec[20]' of 'GTP_DFF_RE' unit is dangling and will be cleaned.
W: Public-4008: Instance 'ms72xx_ctl/U1_ms7200_ctl/freq_rec[21]' of 'GTP_DFF_RE' unit is dangling and will be cleaned.
W: Public-4008: Instance 'ms72xx_ctl/U1_ms7200_ctl/freq_rec[22]' of 'GTP_DFF_RE' unit is dangling and will be cleaned.
W: Public-4008: Instance 'ms72xx_ctl/U1_ms7200_ctl/freq_rec[23]' of 'GTP_DFF_RE' unit is dangling and will be cleaned.
W: Public-4008: Instance 'ms72xx_ctl/U1_ms7200_ctl/freq_rec[24]' of 'GTP_DFF_RE' unit is dangling and will be cleaned.
W: Public-4008: Instance 'ms72xx_ctl/U1_ms7200_ctl/freq_rec[25]' of 'GTP_DFF_RE' unit is dangling and will be cleaned.
W: Public-4008: Instance 'ms72xx_ctl/U1_ms7200_ctl/freq_rec[26]' of 'GTP_DFF_RE' unit is dangling and will be cleaned.
W: Public-4008: Instance 'ms72xx_ctl/U1_ms7200_ctl/freq_rec[27]' of 'GTP_DFF_RE' unit is dangling and will be cleaned.
W: Public-4008: Instance 'ms72xx_ctl/U1_ms7200_ctl/freq_rec[28]' of 'GTP_DFF_RE' unit is dangling and will be cleaned.
W: Public-4008: Instance 'ms72xx_ctl/U1_ms7200_ctl/freq_rec[29]' of 'GTP_DFF_RE' unit is dangling and will be cleaned.
W: Public-4008: Instance 'ms72xx_ctl/U1_ms7200_ctl/freq_rec[30]' of 'GTP_DFF_RE' unit is dangling and will be cleaned.
W: Public-4008: Instance 'ms72xx_ctl/U1_ms7200_ctl/freq_rec[31]' of 'GTP_DFF_RE' unit is dangling and will be cleaned.
W: Public-4008: Instance 'u_ddr_video_delay_sync/u_wr_rd_ctrl_top/wr_cmd_trans/wr_data_en' of 'GTP_DFF' unit is dangling and will be cleaned.
Checking design netlist.
Processing tech operator.
I: The instance clkbufg_3(GTP_CLKBUFG) has been inserted on the net clk_pe in design, driver pin CLKOUT2(instance u_pll/u_gpll) -> load pin CLK(instance char_seen_latch).
I: The instance clkbufg_4(GTP_CLKBUFG) has been inserted on the net nt_pixclk_in in design, driver pin O(instance pixclk_in_ibuf) -> load pin CLK(instance de_in_dly1).
I: The instance clkbufg_5(GTP_CLKBUFG) has been inserted on the net u_CORES/drck_o in design, driver pin TCK_USER(instance u_CORES/u_GTP_SCANCHAIN_PG) -> load pin CLK(instance u_CORES/u_debug_core_0/u0_trig_unit/conf_reg[0]).
I: The instance clkbufg_6(GTP_CLKBUFG) has been inserted on the net cfg_clk in design, driver pin CLKOUT0(instance u_ms72/u_gpll) -> load pin CLKA(instance ms72xx_ctl/U1_ms7200_ctl/N1219_3_concat_3).
I: The instance clkbufg_7(GTP_CLKBUFG) has been inserted on the net pix_clk_5x in design, driver pin CLKOUT1(instance u_pll/u_gpll) -> load pin OCLK(instance rgb2tmds/clockserializer/SerializerMaster).
Converting tech operator to gate operator.
Processing gate operator.
I: Infer CARRY group, base inst: N19_0_1/gateop, insts:13.
I: Infer CARRY group, base inst: ms72xx_ctl/N14/gateop, insts:2.
I: Infer CARRY group, base inst: u_box_overlay_sync/N92_1.fsub_1/gateop, insts:13.
I: Infer CARRY group, base inst: u_box_overlay_sync/N99_1.fsub_1/gateop, insts:13.
I: Infer CARRY group, base inst: u_box_overlay_sync/N106_1_1/gateop, insts:11.
I: Infer CARRY group, base inst: u_box_overlay_sync/N113_1_1/gateop, insts:11.
I: Infer CARRY group, base inst: u_box_overlay_sync/N132_1_1/gateop, insts:16.
I: Infer CARRY group, base inst: u_box_overlay_sync/N133.slt_0/gateop, insts:9.
I: Infer CARRY group, base inst: u_box_overlay_sync/N141_1_1/gateop, insts:16.
I: Infer CARRY group, base inst: u_box_overlay_sync/N142.slt_0/gateop, insts:9.
I: Infer CARRY group, base inst: u_box_overlay_sync/N150_1_1/gateop, insts:16.
I: Infer CARRY group, base inst: u_box_overlay_sync/N151.slt_0/gateop, insts:9.
I: Infer CARRY group, base inst: u_box_overlay_sync/N159_1_1/gateop, insts:16.
I: Infer CARRY group, base inst: u_box_overlay_sync/N160.slt_0/gateop, insts:9.
I: Infer CARRY group, base inst: u_box_overlay_sync/N168_1_1/gateop, insts:16.
I: Infer CARRY group, base inst: u_box_overlay_sync/N169.slt_0/gateop, insts:9.
I: Infer CARRY group, base inst: u_box_overlay_sync/N177_1_1/gateop, insts:16.
I: Infer CARRY group, base inst: u_box_overlay_sync/N178.slt_0/gateop, insts:9.
I: Infer CARRY group, base inst: u_box_overlay_sync/N238_1.fsub_1/gateop, insts:14.
I: Infer CARRY group, base inst: u_box_overlay_sync/N249_2.fsub_1/gateop, insts:14.
I: Infer CARRY group, base inst: u_box_overlay_sync/N260_1_1/gateop, insts:14.
I: Infer CARRY group, base inst: u_box_overlay_sync/N271_2_1/gateop, insts:13.
I: Infer CARRY group, base inst: u_box_overlay_sync/N289.fsub_1/gateop, insts:16.
I: Infer CARRY group, base inst: u_box_overlay_sync/N293.fsub_1/gateop, insts:16.
I: Infer CARRY group, base inst: u_box_overlay_sync/N299.fsub_1/gateop, insts:17.
I: Infer CARRY group, base inst: u_box_overlay_sync/N305_1_1/gateop, insts:14.
I: Infer CARRY group, base inst: u_box_overlay_sync/N329.fsub_1/gateop, insts:17.
I: Infer CARRY group, base inst: u_box_overlay_sync/N335_1_1/gateop, insts:12.
I: Infer CARRY group, base inst: u_box_overlay_sync/N419_1_0/gateop, insts:16.
I: Infer CARRY group, base inst: u_box_overlay_sync/N423_1_1/gateop, insts:15.
I: Infer CARRY group, base inst: u_box_overlay_sync/N463_1/gateop, insts:24.
I: Infer CARRY group, base inst: u_box_overlay_sync/N464_1/gateop, insts:24.
I: Infer CARRY group, base inst: u_box_overlay_sync/N495_1.fsub_0/gateop, insts:11.
I: Infer CARRY group, base inst: u_box_overlay_sync/N500_mux7_7/gateop, insts:2.
I: Infer CARRY group, base inst: u_box_overlay_sync/N505_1.fsub_1/gateop, insts:12.
I: Infer CARRY group, base inst: u_box_overlay_sync/N511_0/gateop, insts:17.
I: Infer CARRY group, base inst: u_box_overlay_sync/N517.lt_0/gateop, insts:8.
I: Infer CARRY group, base inst: u_box_overlay_sync/N524_1.fsub_1/gateop, insts:15.
I: Infer CARRY group, base inst: u_box_overlay_sync/N575.fsub_1/gateop, insts:18.
I: Infer CARRY group, base inst: u_box_overlay_sync/N594.fsub_1/gateop, insts:18.
I: Infer CARRY group, base inst: u_box_overlay_sync/N613.fsub_1/gateop, insts:18.
I: Infer CARRY group, base inst: u_box_overlay_sync/N639.eq_0/gateop, insts:8.
I: Infer CARRY group, base inst: u_box_overlay_sync/N646_0/gateop, insts:17.
I: Infer CARRY group, base inst: u_box_overlay_sync/N652.lt_0/gateop, insts:8.
I: Infer CARRY group, base inst: u_box_overlay_sync/N659_1.fsub_0/gateop, insts:16.
I: Infer CARRY group, base inst: u_box_overlay_sync/N686_1/gateop, insts:16.
I: Infer CARRY group, base inst: u_box_overlay_sync/N687.lt_0/gateop, insts:8.
I: Infer CARRY group, base inst: u_box_overlay_sync/N716.eq_0/gateop, insts:8.
I: Infer CARRY group, base inst: u_box_overlay_sync/N745_1/gateop, insts:16.
I: Infer CARRY group, base inst: u_box_overlay_sync/N746.lt_0/gateop, insts:8.
I: Infer CARRY group, base inst: u_box_overlay_sync/N756.fsub_1/gateop, insts:9.
I: Infer CARRY group, base inst: u_box_overlay_sync/N770.fsub_1/gateop, insts:9.
I: Infer CARRY group, base inst: u_box_overlay_sync/N784.fsub_1/gateop, insts:9.
I: Infer CARRY group, base inst: u_box_overlay_sync/N798.fsub_1/gateop, insts:9.
I: Infer CARRY group, base inst: u_box_overlay_sync/N812.fsub_1/gateop, insts:9.
I: Infer CARRY group, base inst: u_box_overlay_sync/N826.fsub_1/gateop, insts:9.
I: Infer CARRY group, base inst: u_box_overlay_sync/N842_1_1/gateop, insts:15.
I: Infer CARRY group, base inst: u_box_overlay_sync/N847_0/gateop, insts:17.
I: Infer CARRY group, base inst: u_box_overlay_sync/N853.lt_0/gateop, insts:8.
I: Infer CARRY group, base inst: u_box_overlay_sync/N873_1.fsub_1/gateop, insts:10.
I: Infer CARRY group, base inst: u_box_overlay_sync/N890_0/gateop, insts:17.
I: Infer CARRY group, base inst: u_box_overlay_sync/N896.lt_0/gateop, insts:8.
I: Infer CARRY group, base inst: u_box_overlay_sync/N927_1_0/gateop, insts:16.
I: Infer CARRY group, base inst: u_box_overlay_sync/N932_0/gateop, insts:17.
I: Infer CARRY group, base inst: u_box_overlay_sync/N938.lt_0/gateop, insts:8.
I: Infer CARRY group, base inst: u_box_overlay_sync/N1155_1/gateop, insts:24.
I: Infer CARRY group, base inst: u_box_overlay_sync/N1156_1/gateop, insts:24.
I: Infer CARRY group, base inst: u_box_overlay_sync/N1187_1.fsub_0/gateop, insts:11.
I: Infer CARRY group, base inst: u_box_overlay_sync/N1192_mux7_7/gateop, insts:3.
I: Infer CARRY group, base inst: u_box_overlay_sync/N1197_1.fsub_1/gateop, insts:12.
I: Infer CARRY group, base inst: u_box_overlay_sync/N1203_0/gateop, insts:17.
I: Infer CARRY group, base inst: u_box_overlay_sync/N1209.lt_0/gateop, insts:8.
I: Infer CARRY group, base inst: u_box_overlay_sync/N1216_1.fsub_1/gateop, insts:15.
I: Infer CARRY group, base inst: u_box_overlay_sync/N1267.fsub_1/gateop, insts:18.
I: Infer CARRY group, base inst: u_box_overlay_sync/N1286.fsub_1/gateop, insts:18.
I: Infer CARRY group, base inst: u_box_overlay_sync/N1305.fsub_1/gateop, insts:18.
I: Infer CARRY group, base inst: u_box_overlay_sync/N1331.eq_0/gateop, insts:8.
I: Infer CARRY group, base inst: u_box_overlay_sync/N1338_0/gateop, insts:17.
I: Infer CARRY group, base inst: u_box_overlay_sync/N1344.lt_0/gateop, insts:8.
I: Infer CARRY group, base inst: u_box_overlay_sync/N1351_1.fsub_0/gateop, insts:16.
I: Infer CARRY group, base inst: u_box_overlay_sync/N1378_1/gateop, insts:16.
I: Infer CARRY group, base inst: u_box_overlay_sync/N1379.lt_0/gateop, insts:8.
I: Infer CARRY group, base inst: u_box_overlay_sync/N1408.eq_0/gateop, insts:8.
I: Infer CARRY group, base inst: u_box_overlay_sync/N1437_1/gateop, insts:16.
I: Infer CARRY group, base inst: u_box_overlay_sync/N1438.lt_0/gateop, insts:8.
I: Infer CARRY group, base inst: u_box_overlay_sync/N1448.fsub_1/gateop, insts:9.
I: Infer CARRY group, base inst: u_box_overlay_sync/N1462.fsub_1/gateop, insts:9.
I: Infer CARRY group, base inst: u_box_overlay_sync/N1476.fsub_1/gateop, insts:9.
I: Infer CARRY group, base inst: u_box_overlay_sync/N1490.fsub_1/gateop, insts:9.
I: Infer CARRY group, base inst: u_box_overlay_sync/N1504.fsub_1/gateop, insts:9.
I: Infer CARRY group, base inst: u_box_overlay_sync/N1518.fsub_1/gateop, insts:9.
I: Infer CARRY group, base inst: u_box_overlay_sync/N1534_1_1/gateop, insts:15.
I: Infer CARRY group, base inst: u_box_overlay_sync/N1539_0/gateop, insts:17.
I: Infer CARRY group, base inst: u_box_overlay_sync/N1545.lt_0/gateop, insts:8.
I: Infer CARRY group, base inst: u_box_overlay_sync/N1565_1.fsub_1/gateop, insts:10.
I: Infer CARRY group, base inst: u_box_overlay_sync/N1582_0/gateop, insts:17.
I: Infer CARRY group, base inst: u_box_overlay_sync/N1588.lt_0/gateop, insts:8.
I: Infer CARRY group, base inst: u_box_overlay_sync/N1619_1_0/gateop, insts:16.
I: Infer CARRY group, base inst: u_box_overlay_sync/N1624_0/gateop, insts:17.
I: Infer CARRY group, base inst: u_box_overlay_sync/N1630.lt_0/gateop, insts:8.
I: Infer CARRY group, base inst: u_box_overlay_sync/N1847_1/gateop, insts:24.
I: Infer CARRY group, base inst: u_box_overlay_sync/N1848_1/gateop, insts:24.
I: Infer CARRY group, base inst: u_box_overlay_sync/N1879_1.fsub_0/gateop, insts:11.
I: Infer CARRY group, base inst: u_box_overlay_sync/N1889_1.fsub_1/gateop, insts:12.
I: Infer CARRY group, base inst: u_box_overlay_sync/N1895_0/gateop, insts:17.
I: Infer CARRY group, base inst: u_box_overlay_sync/N1901.lt_0/gateop, insts:8.
I: Infer CARRY group, base inst: u_box_overlay_sync/N1908_1.fsub_1/gateop, insts:15.
I: Infer CARRY group, base inst: u_box_overlay_sync/N1959.fsub_1/gateop, insts:18.
I: Infer CARRY group, base inst: u_box_overlay_sync/N1978.fsub_1/gateop, insts:18.
I: Infer CARRY group, base inst: u_box_overlay_sync/N1997.fsub_1/gateop, insts:18.
I: Infer CARRY group, base inst: u_box_overlay_sync/N2023.eq_0/gateop, insts:8.
I: Infer CARRY group, base inst: u_box_overlay_sync/N2030_0/gateop, insts:17.
I: Infer CARRY group, base inst: u_box_overlay_sync/N2036.lt_0/gateop, insts:8.
I: Infer CARRY group, base inst: u_box_overlay_sync/N2043_1.fsub_0/gateop, insts:16.
I: Infer CARRY group, base inst: u_box_overlay_sync/N2070_1/gateop, insts:16.
I: Infer CARRY group, base inst: u_box_overlay_sync/N2071.lt_0/gateop, insts:8.
I: Infer CARRY group, base inst: u_box_overlay_sync/N2100.eq_0/gateop, insts:8.
I: Infer CARRY group, base inst: u_box_overlay_sync/N2129_1/gateop, insts:16.
I: Infer CARRY group, base inst: u_box_overlay_sync/N2130.lt_0/gateop, insts:8.
I: Infer CARRY group, base inst: u_box_overlay_sync/N2140.fsub_1/gateop, insts:9.
I: Infer CARRY group, base inst: u_box_overlay_sync/N2154.fsub_1/gateop, insts:9.
I: Infer CARRY group, base inst: u_box_overlay_sync/N2168.fsub_1/gateop, insts:9.
I: Infer CARRY group, base inst: u_box_overlay_sync/N2182.fsub_1/gateop, insts:9.
I: Infer CARRY group, base inst: u_box_overlay_sync/N2196.fsub_1/gateop, insts:9.
I: Infer CARRY group, base inst: u_box_overlay_sync/N2210.fsub_1/gateop, insts:9.
I: Infer CARRY group, base inst: u_box_overlay_sync/N2226_1_1/gateop, insts:15.
I: Infer CARRY group, base inst: u_box_overlay_sync/N2231_0/gateop, insts:17.
I: Infer CARRY group, base inst: u_box_overlay_sync/N2237.lt_0/gateop, insts:8.
I: Infer CARRY group, base inst: u_box_overlay_sync/N2257_1.fsub_1/gateop, insts:10.
I: Infer CARRY group, base inst: u_box_overlay_sync/N2274_0/gateop, insts:17.
I: Infer CARRY group, base inst: u_box_overlay_sync/N2280.lt_0/gateop, insts:8.
I: Infer CARRY group, base inst: u_box_overlay_sync/N2311_1_0/gateop, insts:16.
I: Infer CARRY group, base inst: u_box_overlay_sync/N2316_0/gateop, insts:17.
I: Infer CARRY group, base inst: u_box_overlay_sync/N2322.lt_0/gateop, insts:8.
I: Infer CARRY group, base inst: u_box_overlay_sync/N2539_1/gateop, insts:24.
I: Infer CARRY group, base inst: u_box_overlay_sync/N2540_1/gateop, insts:24.
I: Infer CARRY group, base inst: u_box_overlay_sync/N2571_1.fsub_0/gateop, insts:11.
I: Infer CARRY group, base inst: u_box_overlay_sync/N2576_mux7_7/gateop, insts:3.
I: Infer CARRY group, base inst: u_box_overlay_sync/N2581_1.fsub_1/gateop, insts:12.
I: Infer CARRY group, base inst: u_box_overlay_sync/N2587_0/gateop, insts:17.
I: Infer CARRY group, base inst: u_box_overlay_sync/N2593.lt_0/gateop, insts:8.
I: Infer CARRY group, base inst: u_box_overlay_sync/N2600_1.fsub_1/gateop, insts:15.
I: Infer CARRY group, base inst: u_box_overlay_sync/N2651.fsub_1/gateop, insts:18.
I: Infer CARRY group, base inst: u_box_overlay_sync/N2670.fsub_1/gateop, insts:18.
I: Infer CARRY group, base inst: u_box_overlay_sync/N2689.fsub_1/gateop, insts:18.
I: Infer CARRY group, base inst: u_box_overlay_sync/N2715.eq_0/gateop, insts:8.
I: Infer CARRY group, base inst: u_box_overlay_sync/N2722_0/gateop, insts:17.
I: Infer CARRY group, base inst: u_box_overlay_sync/N2728.lt_0/gateop, insts:8.
I: Infer CARRY group, base inst: u_box_overlay_sync/N2735_1.fsub_0/gateop, insts:16.
I: Infer CARRY group, base inst: u_box_overlay_sync/N2762_1/gateop, insts:16.
I: Infer CARRY group, base inst: u_box_overlay_sync/N2763.lt_0/gateop, insts:8.
I: Infer CARRY group, base inst: u_box_overlay_sync/N2792.eq_0/gateop, insts:8.
I: Infer CARRY group, base inst: u_box_overlay_sync/N2821_1/gateop, insts:16.
I: Infer CARRY group, base inst: u_box_overlay_sync/N2822.lt_0/gateop, insts:8.
I: Infer CARRY group, base inst: u_box_overlay_sync/N2832.fsub_1/gateop, insts:9.
I: Infer CARRY group, base inst: u_box_overlay_sync/N2846.fsub_1/gateop, insts:9.
I: Infer CARRY group, base inst: u_box_overlay_sync/N2860.fsub_1/gateop, insts:9.
I: Infer CARRY group, base inst: u_box_overlay_sync/N2874.fsub_1/gateop, insts:9.
I: Infer CARRY group, base inst: u_box_overlay_sync/N2888.fsub_1/gateop, insts:9.
I: Infer CARRY group, base inst: u_box_overlay_sync/N2902.fsub_1/gateop, insts:9.
I: Infer CARRY group, base inst: u_box_overlay_sync/N2918_1_0/gateop, insts:16.
I: Infer CARRY group, base inst: u_box_overlay_sync/N2923_0/gateop, insts:17.
I: Infer CARRY group, base inst: u_box_overlay_sync/N2929.lt_0/gateop, insts:8.
I: Infer CARRY group, base inst: u_box_overlay_sync/N2949_1.fsub_1/gateop, insts:10.
I: Infer CARRY group, base inst: u_box_overlay_sync/N2966_0/gateop, insts:17.
I: Infer CARRY group, base inst: u_box_overlay_sync/N2972.lt_0/gateop, insts:8.
I: Infer CARRY group, base inst: u_box_overlay_sync/N3003_1_0/gateop, insts:16.
I: Infer CARRY group, base inst: u_box_overlay_sync/N3008_0/gateop, insts:17.
I: Infer CARRY group, base inst: u_box_overlay_sync/N3014.lt_0/gateop, insts:8.
I: Infer CARRY group, base inst: u_box_overlay_sync/N3231_1/gateop, insts:24.
I: Infer CARRY group, base inst: u_box_overlay_sync/N3232_1/gateop, insts:24.
I: Infer CARRY group, base inst: u_box_overlay_sync/N3263_1.fsub_0/gateop, insts:11.
I: Infer CARRY group, base inst: u_box_overlay_sync/N3268_mux7_7/gateop, insts:2.
I: Infer CARRY group, base inst: u_box_overlay_sync/N3273_1.fsub_1/gateop, insts:12.
I: Infer CARRY group, base inst: u_box_overlay_sync/N3279_0/gateop, insts:17.
I: Infer CARRY group, base inst: u_box_overlay_sync/N3285.lt_0/gateop, insts:8.
I: Infer CARRY group, base inst: u_box_overlay_sync/N3292_1.fsub_1/gateop, insts:15.
I: Infer CARRY group, base inst: u_box_overlay_sync/N3343.fsub_1/gateop, insts:18.
I: Infer CARRY group, base inst: u_box_overlay_sync/N3362.fsub_1/gateop, insts:18.
I: Infer CARRY group, base inst: u_box_overlay_sync/N3381.fsub_1/gateop, insts:18.
I: Infer CARRY group, base inst: u_box_overlay_sync/N3407.eq_0/gateop, insts:8.
I: Infer CARRY group, base inst: u_box_overlay_sync/N3414_0/gateop, insts:17.
I: Infer CARRY group, base inst: u_box_overlay_sync/N3420.lt_0/gateop, insts:8.
I: Infer CARRY group, base inst: u_box_overlay_sync/N3427_1.fsub_0/gateop, insts:16.
I: Infer CARRY group, base inst: u_box_overlay_sync/N3454_1/gateop, insts:16.
I: Infer CARRY group, base inst: u_box_overlay_sync/N3455.lt_0/gateop, insts:8.
I: Infer CARRY group, base inst: u_box_overlay_sync/N3484.eq_0/gateop, insts:8.
I: Infer CARRY group, base inst: u_box_overlay_sync/N3513_1/gateop, insts:16.
I: Infer CARRY group, base inst: u_box_overlay_sync/N3514.lt_0/gateop, insts:8.
I: Infer CARRY group, base inst: u_box_overlay_sync/N3524.fsub_1/gateop, insts:9.
I: Infer CARRY group, base inst: u_box_overlay_sync/N3538.fsub_1/gateop, insts:9.
I: Infer CARRY group, base inst: u_box_overlay_sync/N3552.fsub_1/gateop, insts:9.
I: Infer CARRY group, base inst: u_box_overlay_sync/N3566.fsub_1/gateop, insts:9.
I: Infer CARRY group, base inst: u_box_overlay_sync/N3580.fsub_1/gateop, insts:9.
I: Infer CARRY group, base inst: u_box_overlay_sync/N3594.fsub_1/gateop, insts:9.
I: Infer CARRY group, base inst: u_box_overlay_sync/N3610_1_1/gateop, insts:15.
I: Infer CARRY group, base inst: u_box_overlay_sync/N3615_0/gateop, insts:17.
I: Infer CARRY group, base inst: u_box_overlay_sync/N3621.lt_0/gateop, insts:8.
I: Infer CARRY group, base inst: u_box_overlay_sync/N3641_1.fsub_1/gateop, insts:10.
I: Infer CARRY group, base inst: u_box_overlay_sync/N3658_0/gateop, insts:17.
I: Infer CARRY group, base inst: u_box_overlay_sync/N3664.lt_0/gateop, insts:8.
I: Infer CARRY group, base inst: u_box_overlay_sync/N3695_1_0/gateop, insts:16.
I: Infer CARRY group, base inst: u_box_overlay_sync/N3700_0/gateop, insts:17.
I: Infer CARRY group, base inst: u_box_overlay_sync/N3706.lt_0/gateop, insts:8.
I: Infer CARRY group, base inst: u_box_overlay_sync/N3923_1/gateop, insts:24.
I: Infer CARRY group, base inst: u_box_overlay_sync/N3924_1/gateop, insts:24.
I: Infer CARRY group, base inst: u_box_overlay_sync/N3955_1.fsub_0/gateop, insts:11.
I: Infer CARRY group, base inst: u_box_overlay_sync/N3965_1.fsub_1/gateop, insts:12.
I: Infer CARRY group, base inst: u_box_overlay_sync/N3971_0/gateop, insts:17.
I: Infer CARRY group, base inst: u_box_overlay_sync/N3977.lt_0/gateop, insts:8.
I: Infer CARRY group, base inst: u_box_overlay_sync/N3984_1.fsub_1/gateop, insts:15.
I: Infer CARRY group, base inst: u_box_overlay_sync/N4035.fsub_1/gateop, insts:18.
I: Infer CARRY group, base inst: u_box_overlay_sync/N4054.fsub_1/gateop, insts:18.
I: Infer CARRY group, base inst: u_box_overlay_sync/N4073.fsub_1/gateop, insts:18.
I: Infer CARRY group, base inst: u_box_overlay_sync/N4099.eq_0/gateop, insts:8.
I: Infer CARRY group, base inst: u_box_overlay_sync/N4106_0/gateop, insts:17.
I: Infer CARRY group, base inst: u_box_overlay_sync/N4112.lt_0/gateop, insts:8.
I: Infer CARRY group, base inst: u_box_overlay_sync/N4119_1.fsub_0/gateop, insts:16.
I: Infer CARRY group, base inst: u_box_overlay_sync/N4146_1/gateop, insts:16.
I: Infer CARRY group, base inst: u_box_overlay_sync/N4147.lt_0/gateop, insts:8.
I: Infer CARRY group, base inst: u_box_overlay_sync/N4176.eq_0/gateop, insts:8.
I: Infer CARRY group, base inst: u_box_overlay_sync/N4205_1/gateop, insts:16.
I: Infer CARRY group, base inst: u_box_overlay_sync/N4206.lt_0/gateop, insts:8.
I: Infer CARRY group, base inst: u_box_overlay_sync/N4216.fsub_1/gateop, insts:9.
I: Infer CARRY group, base inst: u_box_overlay_sync/N4230.fsub_1/gateop, insts:9.
I: Infer CARRY group, base inst: u_box_overlay_sync/N4244.fsub_1/gateop, insts:9.
I: Infer CARRY group, base inst: u_box_overlay_sync/N4258.fsub_1/gateop, insts:9.
I: Infer CARRY group, base inst: u_box_overlay_sync/N4272.fsub_1/gateop, insts:9.
I: Infer CARRY group, base inst: u_box_overlay_sync/N4286.fsub_1/gateop, insts:9.
I: Infer CARRY group, base inst: u_box_overlay_sync/N4302_1_0/gateop, insts:16.
I: Infer CARRY group, base inst: u_box_overlay_sync/N4307_0/gateop, insts:17.
I: Infer CARRY group, base inst: u_box_overlay_sync/N4313.lt_0/gateop, insts:8.
I: Infer CARRY group, base inst: u_box_overlay_sync/N4333_1.fsub_1/gateop, insts:10.
I: Infer CARRY group, base inst: u_box_overlay_sync/N4350_0/gateop, insts:17.
I: Infer CARRY group, base inst: u_box_overlay_sync/N4356.lt_0/gateop, insts:8.
I: Infer CARRY group, base inst: u_box_overlay_sync/N4387_1_0/gateop, insts:16.
I: Infer CARRY group, base inst: u_box_overlay_sync/N4392_0/gateop, insts:17.
I: Infer CARRY group, base inst: u_box_overlay_sync/N4398.lt_0/gateop, insts:8.
I: Infer CARRY group, base inst: u_box_overlay_sync/N4599.slt_0/gateop, insts:8.
I: Infer CARRY group, base inst: u_box_overlay_sync/N4602.slt_0/gateop, insts:8.
I: Infer CARRY group, base inst: u_box_overlay_sync/N4607_1.fsub_1/gateop, insts:16.
I: Infer CARRY group, base inst: u_box_overlay_sync/N4609.slt_0/gateop, insts:9.
I: Infer CARRY group, base inst: u_box_overlay_sync/N4616.slt_0/gateop, insts:9.
I: Infer CARRY group, base inst: u_box_overlay_sync/N4628_1_1/gateop, insts:14.
I: Infer CARRY group, base inst: u_box_overlay_sync/N4629.slt_0/gateop, insts:9.
I: Infer CARRY group, base inst: u_box_overlay_sync/N4633_1.fsub_1/gateop, insts:14.
I: Infer CARRY group, base inst: u_box_overlay_sync/N4634.slt_0/gateop, insts:9.
I: Infer CARRY group, base inst: u_box_overlay_sync/N4641_1_1/gateop, insts:14.
I: Infer CARRY group, base inst: u_box_overlay_sync/N4642.slt_0/gateop, insts:9.
I: Infer CARRY group, base inst: u_box_overlay_sync/N4649_1.fsub_1/gateop, insts:14.
I: Infer CARRY group, base inst: u_box_overlay_sync/N4650.slt_0/gateop, insts:9.
I: Infer CARRY group, base inst: u_box_overlay_sync/N4666.slt_0/gateop, insts:8.
I: Infer CARRY group, base inst: u_box_overlay_sync/N4669.slt_0/gateop, insts:8.
I: Infer CARRY group, base inst: u_box_overlay_sync/N4676.slt_0/gateop, insts:9.
I: Infer CARRY group, base inst: u_box_overlay_sync/N4683.slt_0/gateop, insts:9.
I: Infer CARRY group, base inst: u_box_overlay_sync/N4695_1_1/gateop, insts:14.
I: Infer CARRY group, base inst: u_box_overlay_sync/N4696.slt_0/gateop, insts:9.
I: Infer CARRY group, base inst: u_box_overlay_sync/N4700_1.fsub_1/gateop, insts:14.
I: Infer CARRY group, base inst: u_box_overlay_sync/N4701.slt_0/gateop, insts:9.
I: Infer CARRY group, base inst: u_box_overlay_sync/N4708_1_1/gateop, insts:14.
I: Infer CARRY group, base inst: u_box_overlay_sync/N4709.slt_0/gateop, insts:9.
I: Infer CARRY group, base inst: u_box_overlay_sync/N4716_1.fsub_1/gateop, insts:14.
I: Infer CARRY group, base inst: u_box_overlay_sync/N4717.slt_0/gateop, insts:9.
I: Infer CARRY group, base inst: u_box_overlay_sync/N4733.slt_0/gateop, insts:8.
I: Infer CARRY group, base inst: u_box_overlay_sync/N4736.slt_0/gateop, insts:8.
I: Infer CARRY group, base inst: u_box_overlay_sync/N4743.slt_0/gateop, insts:9.
I: Infer CARRY group, base inst: u_box_overlay_sync/N4750.slt_0/gateop, insts:9.
I: Infer CARRY group, base inst: u_box_overlay_sync/N4762_1_1/gateop, insts:14.
I: Infer CARRY group, base inst: u_box_overlay_sync/N4763.slt_0/gateop, insts:9.
I: Infer CARRY group, base inst: u_box_overlay_sync/N4767_1.fsub_1/gateop, insts:14.
I: Infer CARRY group, base inst: u_box_overlay_sync/N4768.slt_0/gateop, insts:9.
I: Infer CARRY group, base inst: u_box_overlay_sync/N4775_1_1/gateop, insts:14.
I: Infer CARRY group, base inst: u_box_overlay_sync/N4776.slt_0/gateop, insts:9.
I: Infer CARRY group, base inst: u_box_overlay_sync/N4783_1.fsub_1/gateop, insts:14.
I: Infer CARRY group, base inst: u_box_overlay_sync/N4784.slt_0/gateop, insts:9.
I: Infer CARRY group, base inst: u_box_overlay_sync/N4800.slt_0/gateop, insts:8.
I: Infer CARRY group, base inst: u_box_overlay_sync/N4803.slt_0/gateop, insts:8.
I: Infer CARRY group, base inst: u_box_overlay_sync/N4810.slt_0/gateop, insts:9.
I: Infer CARRY group, base inst: u_box_overlay_sync/N4817.slt_0/gateop, insts:9.
I: Infer CARRY group, base inst: u_box_overlay_sync/N4829_1_1/gateop, insts:14.
I: Infer CARRY group, base inst: u_box_overlay_sync/N4830.slt_0/gateop, insts:9.
I: Infer CARRY group, base inst: u_box_overlay_sync/N4834_1.fsub_1/gateop, insts:14.
I: Infer CARRY group, base inst: u_box_overlay_sync/N4835.slt_0/gateop, insts:9.
I: Infer CARRY group, base inst: u_box_overlay_sync/N4842_1_1/gateop, insts:14.
I: Infer CARRY group, base inst: u_box_overlay_sync/N4843.slt_0/gateop, insts:9.
I: Infer CARRY group, base inst: u_box_overlay_sync/N4850_1.fsub_1/gateop, insts:14.
I: Infer CARRY group, base inst: u_box_overlay_sync/N4851.slt_0/gateop, insts:9.
I: Infer CARRY group, base inst: u_box_overlay_sync/N4867.slt_0/gateop, insts:8.
I: Infer CARRY group, base inst: u_box_overlay_sync/N4870.slt_0/gateop, insts:8.
I: Infer CARRY group, base inst: u_box_overlay_sync/N4877.slt_0/gateop, insts:9.
I: Infer CARRY group, base inst: u_box_overlay_sync/N4884.slt_0/gateop, insts:9.
I: Infer CARRY group, base inst: u_box_overlay_sync/N4896_1_1/gateop, insts:14.
I: Infer CARRY group, base inst: u_box_overlay_sync/N4897.slt_0/gateop, insts:9.
I: Infer CARRY group, base inst: u_box_overlay_sync/N4901_1.fsub_1/gateop, insts:14.
I: Infer CARRY group, base inst: u_box_overlay_sync/N4902.slt_0/gateop, insts:9.
I: Infer CARRY group, base inst: u_box_overlay_sync/N4909_1_1/gateop, insts:14.
I: Infer CARRY group, base inst: u_box_overlay_sync/N4910.slt_0/gateop, insts:9.
I: Infer CARRY group, base inst: u_box_overlay_sync/N4917_1.fsub_1/gateop, insts:14.
I: Infer CARRY group, base inst: u_box_overlay_sync/N4918.slt_0/gateop, insts:9.
I: Infer CARRY group, base inst: u_box_overlay_sync/N4934.slt_0/gateop, insts:8.
I: Infer CARRY group, base inst: u_box_overlay_sync/N4937.slt_0/gateop, insts:8.
I: Infer CARRY group, base inst: u_box_overlay_sync/N4944.slt_0/gateop, insts:9.
I: Infer CARRY group, base inst: u_box_overlay_sync/N4951.slt_0/gateop, insts:9.
I: Infer CARRY group, base inst: u_box_overlay_sync/N4963_1_1/gateop, insts:14.
I: Infer CARRY group, base inst: u_box_overlay_sync/N4964.slt_0/gateop, insts:9.
I: Infer CARRY group, base inst: u_box_overlay_sync/N4968_1.fsub_1/gateop, insts:14.
I: Infer CARRY group, base inst: u_box_overlay_sync/N4969.slt_0/gateop, insts:9.
I: Infer CARRY group, base inst: u_box_overlay_sync/N4976_1_1/gateop, insts:14.
I: Infer CARRY group, base inst: u_box_overlay_sync/N4977.slt_0/gateop, insts:9.
I: Infer CARRY group, base inst: u_box_overlay_sync/N4984_1.fsub_1/gateop, insts:14.
I: Infer CARRY group, base inst: u_box_overlay_sync/N4985.slt_0/gateop, insts:9.
I: Infer CARRY group, base inst: u_box_overlay_sync/N5131_3/gateop, insts:2.
I: Infer CARRY group, base inst: u_box_overlay_sync/N5131_5/gateop, insts:2.
I: Infer CARRY group, base inst: u_box_overlay_sync/N5131_7/gateop, insts:2.
I: Infer CARRY group, base inst: u_box_overlay_sync/N5131_9/gateop, insts:2.
I: Infer CARRY group, base inst: u_box_overlay_sync/N5279_3/gateop, insts:2.
I: Infer CARRY group, base inst: u_box_overlay_sync/N5279_5/gateop, insts:2.
I: Infer CARRY group, base inst: u_box_overlay_sync/N5279_7/gateop, insts:2.
I: Infer CARRY group, base inst: u_box_overlay_sync/N5279_9/gateop, insts:2.
I: Infer CARRY group, base inst: u_box_overlay_sync/N5279_16/gateop, insts:2.
I: Infer CARRY group, base inst: u_box_overlay_sync/N5427_3/gateop, insts:2.
I: Infer CARRY group, base inst: u_box_overlay_sync/N5427_5/gateop, insts:2.
I: Infer CARRY group, base inst: u_box_overlay_sync/N5427_7/gateop, insts:2.
I: Infer CARRY group, base inst: u_box_overlay_sync/N5427_9/gateop, insts:2.
I: Infer CARRY group, base inst: u_box_overlay_sync/N5501_3/gateop, insts:2.
I: Infer CARRY group, base inst: u_box_overlay_sync/N5501_5/gateop, insts:2.
I: Infer CARRY group, base inst: u_box_overlay_sync/N5501_7/gateop, insts:2.
I: Infer CARRY group, base inst: u_box_overlay_sync/N5501_9/gateop, insts:2.
I: Infer CARRY group, base inst: u_box_overlay_sync/N5501_16/gateop, insts:2.
I: Infer CARRY group, base inst: u_ddr_video_delay_sync/u_ddr3_test/u_ddrphy_top/ddrphy_slice_top/i_dqs_group[3].ddrphy_data_slice/ddrphy_data_slice_dqs_gate_cal/ddrphy_gatecal/N40_15[1]/gateop, insts:2.
I: Infer CARRY group, base inst: u_ddr_video_delay_sync/u_ddr3_test/u_ddrphy_top/ddrphy_slice_top/i_dqs_group[3].ddrphy_data_slice/ddrphy_data_slice_dqs_gate_cal/ddrphy_gatecal/N223_7_ac4/gateop, insts:2.
I: Infer CARRY group, base inst: u_char_overlay/N82_1_1/gateop, insts:11.
I: Infer CARRY group, base inst: u_char_overlay/N92_1/gateop, insts:16.
I: Infer CARRY group, base inst: u_char_overlay/N97_1.fsub_1/gateop, insts:11.
I: Infer CARRY group, base inst: u_char_overlay/N123_1_1/gateop, insts:15.
I: Infer CARRY group, base inst: u_char_overlay/N127_1_1/gateop, insts:15.
I: Infer CARRY group, base inst: u_char_overlay/N159_1_1/gateop, insts:16.
I: Infer CARRY group, base inst: u_char_overlay/N160.eq_0/gateop, insts:8.
I: Infer CARRY group, base inst: u_char_overlay/N177_1_1/gateop, insts:16.
I: Infer CARRY group, base inst: u_char_overlay/N178.eq_0/gateop, insts:8.
I: Infer CARRY group, base inst: u_char_overlay/N195_1_1/gateop, insts:16.
I: Infer CARRY group, base inst: u_char_overlay/N196.eq_0/gateop, insts:8.
I: Infer CARRY group, base inst: u_char_overlay/N213_1_1/gateop, insts:16.
I: Infer CARRY group, base inst: u_char_overlay/N214.eq_0/gateop, insts:8.
I: Infer CARRY group, base inst: u_char_overlay/N231_1_1/gateop, insts:16.
I: Infer CARRY group, base inst: u_char_overlay/N232.eq_0/gateop, insts:8.
I: Infer CARRY group, base inst: u_char_overlay/N249_1_1/gateop, insts:16.
I: Infer CARRY group, base inst: u_char_overlay/N250.eq_0/gateop, insts:8.
I: Infer CARRY group, base inst: u_char_overlay/N267_1_1/gateop, insts:16.
I: Infer CARRY group, base inst: u_char_overlay/N268.eq_0/gateop, insts:8.
I: Infer CARRY group, base inst: u_char_overlay/N285_1_1/gateop, insts:16.
I: Infer CARRY group, base inst: u_char_overlay/N286.eq_0/gateop, insts:8.
I: Infer CARRY group, base inst: u_char_overlay/N303_1_1/gateop, insts:16.
I: Infer CARRY group, base inst: u_char_overlay/N304.eq_0/gateop, insts:8.
I: Infer CARRY group, base inst: u_char_overlay/N321_1_1/gateop, insts:16.
I: Infer CARRY group, base inst: u_char_overlay/N322.eq_0/gateop, insts:8.
I: Infer CARRY group, base inst: u_char_overlay/N339_1_1/gateop, insts:16.
I: Infer CARRY group, base inst: u_char_overlay/N340.eq_0/gateop, insts:8.
I: Infer CARRY group, base inst: u_char_overlay/N357_1_1/gateop, insts:16.
I: Infer CARRY group, base inst: u_char_overlay/N358.eq_0/gateop, insts:8.
I: Infer CARRY group, base inst: u_char_overlay/N375_1_1/gateop, insts:16.
I: Infer CARRY group, base inst: u_char_overlay/N376.eq_0/gateop, insts:8.
I: Infer CARRY group, base inst: u_char_overlay/N393_1_1/gateop, insts:16.
I: Infer CARRY group, base inst: u_char_overlay/N394.eq_0/gateop, insts:8.
I: Infer CARRY group, base inst: u_char_overlay/N411_1_1/gateop, insts:16.
I: Infer CARRY group, base inst: u_char_overlay/N412.eq_0/gateop, insts:8.
I: Infer CARRY group, base inst: u_char_overlay/N429_1_1/gateop, insts:16.
I: Infer CARRY group, base inst: u_char_overlay/N430.eq_0/gateop, insts:8.
I: Infer CARRY group, base inst: u_char_overlay/N447_1_1/gateop, insts:16.
I: Infer CARRY group, base inst: u_char_overlay/N448.eq_0/gateop, insts:8.
I: Infer CARRY group, base inst: u_char_overlay/N465_1_1/gateop, insts:16.
I: Infer CARRY group, base inst: u_char_overlay/N466.eq_0/gateop, insts:8.
I: Infer CARRY group, base inst: u_char_overlay/N483_1_1/gateop, insts:16.
I: Infer CARRY group, base inst: u_char_overlay/N484.eq_0/gateop, insts:8.
I: Infer CARRY group, base inst: u_char_overlay/N501_1_1/gateop, insts:16.
I: Infer CARRY group, base inst: u_char_overlay/N502.eq_0/gateop, insts:8.
I: Infer CARRY group, base inst: u_char_overlay/N519_1_1/gateop, insts:16.
I: Infer CARRY group, base inst: u_char_overlay/N520.eq_0/gateop, insts:8.
I: Infer CARRY group, base inst: u_char_overlay/N537_1_1/gateop, insts:16.
I: Infer CARRY group, base inst: u_char_overlay/N538.eq_0/gateop, insts:8.
I: Infer CARRY group, base inst: u_char_overlay/N555_1_1/gateop, insts:16.
I: Infer CARRY group, base inst: u_char_overlay/N556.eq_0/gateop, insts:8.
I: Infer CARRY group, base inst: u_char_overlay/N573_1_1/gateop, insts:16.
I: Infer CARRY group, base inst: u_char_overlay/N574.eq_0/gateop, insts:8.
I: Infer CARRY group, base inst: u_char_overlay/N591_1_1/gateop, insts:16.
I: Infer CARRY group, base inst: u_char_overlay/N592.eq_0/gateop, insts:8.
I: Infer CARRY group, base inst: u_char_overlay/N609_1_1/gateop, insts:16.
I: Infer CARRY group, base inst: u_char_overlay/N610.eq_0/gateop, insts:8.
I: Infer CARRY group, base inst: u_char_overlay/N627_1_1/gateop, insts:16.
I: Infer CARRY group, base inst: u_char_overlay/N628.eq_0/gateop, insts:8.
I: Infer CARRY group, base inst: u_char_overlay/N645_1_1/gateop, insts:16.
I: Infer CARRY group, base inst: u_char_overlay/N646.eq_0/gateop, insts:8.
I: Infer CARRY group, base inst: u_char_overlay/N663_1_1/gateop, insts:16.
I: Infer CARRY group, base inst: u_char_overlay/N664.eq_0/gateop, insts:8.
I: Infer CARRY group, base inst: u_char_overlay/N681_1_1/gateop, insts:16.
I: Infer CARRY group, base inst: u_char_overlay/N682.eq_0/gateop, insts:8.
I: Infer CARRY group, base inst: u_char_overlay/N699_1_1/gateop, insts:16.
I: Infer CARRY group, base inst: u_char_overlay/N700.eq_0/gateop, insts:8.
I: Infer CARRY group, base inst: u_char_overlay/N717_1_1/gateop, insts:16.
I: Infer CARRY group, base inst: u_char_overlay/N718.eq_0/gateop, insts:8.
I: Infer CARRY group, base inst: u_char_overlay/N735_1_1/gateop, insts:16.
I: Infer CARRY group, base inst: u_char_overlay/N736.eq_0/gateop, insts:8.
I: Infer CARRY group, base inst: u_char_overlay/N753_1_1/gateop, insts:16.
I: Infer CARRY group, base inst: u_char_overlay/N754.eq_0/gateop, insts:8.
I: Infer CARRY group, base inst: u_char_overlay/N771_1_1/gateop, insts:16.
I: Infer CARRY group, base inst: u_char_overlay/N772.eq_0/gateop, insts:8.
I: Infer CARRY group, base inst: u_char_overlay/N789_1_1/gateop, insts:16.
I: Infer CARRY group, base inst: u_char_overlay/N790.eq_0/gateop, insts:8.
I: Infer CARRY group, base inst: u_char_overlay/N807_1_1/gateop, insts:16.
I: Infer CARRY group, base inst: u_char_overlay/N808.eq_0/gateop, insts:8.
I: Infer CARRY group, base inst: u_char_overlay/N825_1_1/gateop, insts:16.
I: Infer CARRY group, base inst: u_char_overlay/N826.eq_0/gateop, insts:8.
I: Infer CARRY group, base inst: u_char_overlay/N843_1_1/gateop, insts:16.
I: Infer CARRY group, base inst: u_char_overlay/N844.eq_0/gateop, insts:8.
I: Infer CARRY group, base inst: u_char_overlay/N861_1_1/gateop, insts:16.
I: Infer CARRY group, base inst: u_char_overlay/N862.eq_0/gateop, insts:8.
I: Infer CARRY group, base inst: u_char_overlay/N879_1_1/gateop, insts:16.
I: Infer CARRY group, base inst: u_char_overlay/N880.eq_0/gateop, insts:8.
I: Infer CARRY group, base inst: u_char_overlay/N897_1_1/gateop, insts:16.
I: Infer CARRY group, base inst: u_char_overlay/N898.eq_0/gateop, insts:8.
I: Infer CARRY group, base inst: u_char_overlay/N915_1_1/gateop, insts:16.
I: Infer CARRY group, base inst: u_char_overlay/N916.eq_0/gateop, insts:8.
I: Infer CARRY group, base inst: u_char_overlay/N933_1_1/gateop, insts:16.
I: Infer CARRY group, base inst: u_char_overlay/N934.eq_0/gateop, insts:8.
I: Infer CARRY group, base inst: u_char_overlay/N951_1_1/gateop, insts:16.
I: Infer CARRY group, base inst: u_char_overlay/N952.eq_0/gateop, insts:8.
I: Infer CARRY group, base inst: u_char_overlay/N969_1_1/gateop, insts:16.
I: Infer CARRY group, base inst: u_char_overlay/N970.eq_0/gateop, insts:8.
I: Infer CARRY group, base inst: u_char_overlay/N987_1_1/gateop, insts:16.
I: Infer CARRY group, base inst: u_char_overlay/N988.eq_0/gateop, insts:8.
I: Infer CARRY group, base inst: u_char_overlay/N1005_1_1/gateop, insts:16.
I: Infer CARRY group, base inst: u_char_overlay/N1006.eq_0/gateop, insts:8.
I: Infer CARRY group, base inst: u_char_overlay/N1023_1_1/gateop, insts:16.
I: Infer CARRY group, base inst: u_char_overlay/N1024.eq_0/gateop, insts:8.
I: Infer CARRY group, base inst: u_char_overlay/N1041_1_1/gateop, insts:16.
I: Infer CARRY group, base inst: u_char_overlay/N1042.eq_0/gateop, insts:8.
I: Infer CARRY group, base inst: u_char_overlay/N1059_1_1/gateop, insts:16.
I: Infer CARRY group, base inst: u_char_overlay/N1060.eq_0/gateop, insts:8.
I: Infer CARRY group, base inst: u_char_overlay/N1077_1_1/gateop, insts:16.
I: Infer CARRY group, base inst: u_char_overlay/N1078.eq_0/gateop, insts:8.
I: Infer CARRY group, base inst: u_char_overlay/N1095_1_1/gateop, insts:16.
I: Infer CARRY group, base inst: u_char_overlay/N1096.eq_0/gateop, insts:8.
I: Infer CARRY group, base inst: u_char_overlay/N1113_1_1/gateop, insts:16.
I: Infer CARRY group, base inst: u_char_overlay/N1114.eq_0/gateop, insts:8.
I: Infer CARRY group, base inst: u_char_overlay/N1131_1_1/gateop, insts:16.
I: Infer CARRY group, base inst: u_char_overlay/N1132.eq_0/gateop, insts:8.
I: Infer CARRY group, base inst: u_char_overlay/N1149_1_1/gateop, insts:16.
I: Infer CARRY group, base inst: u_char_overlay/N1150.eq_0/gateop, insts:8.
I: Infer CARRY group, base inst: u_char_overlay/N1167_1_1/gateop, insts:16.
I: Infer CARRY group, base inst: u_char_overlay/N1168.eq_0/gateop, insts:8.
I: Infer CARRY group, base inst: u_char_overlay/N1185_1_1/gateop, insts:16.
I: Infer CARRY group, base inst: u_char_overlay/N1186.eq_0/gateop, insts:8.
I: Infer CARRY group, base inst: u_char_overlay/N1203_1_1/gateop, insts:16.
I: Infer CARRY group, base inst: u_char_overlay/N1204.eq_0/gateop, insts:8.
I: Infer CARRY group, base inst: u_char_overlay/N1221_1_1/gateop, insts:16.
I: Infer CARRY group, base inst: u_char_overlay/N1222.eq_0/gateop, insts:8.
I: Infer CARRY group, base inst: u_char_overlay/N1239_1_1/gateop, insts:16.
I: Infer CARRY group, base inst: u_char_overlay/N1240.eq_0/gateop, insts:8.
I: Infer CARRY group, base inst: u_char_overlay/N1257_1_1/gateop, insts:16.
I: Infer CARRY group, base inst: u_char_overlay/N1258.eq_0/gateop, insts:8.
I: Infer CARRY group, base inst: u_char_overlay/N1275_1_1/gateop, insts:16.
I: Infer CARRY group, base inst: u_char_overlay/N1276.eq_0/gateop, insts:8.
I: Infer CARRY group, base inst: u_char_overlay/N1293_1_1/gateop, insts:16.
I: Infer CARRY group, base inst: u_char_overlay/N1294.eq_0/gateop, insts:8.
I: Infer CARRY group, base inst: u_char_overlay/N1315.lt_0/gateop, insts:8.
I: Infer CARRY group, base inst: u_char_overlay/N1320_1_1/gateop, insts:12.
I: Infer CARRY group, base inst: u_char_overlay/N1321.lt_0/gateop, insts:8.
I: Infer CARRY group, base inst: u_char_overlay/N1323.lt_0/gateop, insts:8.
I: Infer CARRY group, base inst: u_char_overlay/N1329_1_1/gateop, insts:12.
I: Infer CARRY group, base inst: u_char_overlay/N1330.lt_0/gateop, insts:8.
I: Infer CARRY group, base inst: u_char_overlay/N1349.lt_0/gateop, insts:8.
I: Infer CARRY group, base inst: u_char_overlay/N1354_1_1/gateop, insts:12.
I: Infer CARRY group, base inst: u_char_overlay/N1355.lt_0/gateop, insts:8.
I: Infer CARRY group, base inst: u_char_overlay/N1357.lt_0/gateop, insts:8.
I: Infer CARRY group, base inst: u_char_overlay/N1363_1_1/gateop, insts:12.
I: Infer CARRY group, base inst: u_char_overlay/N1364.lt_0/gateop, insts:8.
I: Infer CARRY group, base inst: u_char_overlay/N1383.lt_0/gateop, insts:8.
I: Infer CARRY group, base inst: u_char_overlay/N1388_1_1/gateop, insts:12.
I: Infer CARRY group, base inst: u_char_overlay/N1389.lt_0/gateop, insts:8.
I: Infer CARRY group, base inst: u_char_overlay/N1391.lt_0/gateop, insts:8.
I: Infer CARRY group, base inst: u_char_overlay/N1397_1_1/gateop, insts:12.
I: Infer CARRY group, base inst: u_char_overlay/N1398.lt_0/gateop, insts:8.
I: Infer CARRY group, base inst: u_char_overlay/N1417.lt_0/gateop, insts:8.
I: Infer CARRY group, base inst: u_char_overlay/N1422_1_1/gateop, insts:12.
I: Infer CARRY group, base inst: u_char_overlay/N1423.lt_0/gateop, insts:8.
I: Infer CARRY group, base inst: u_char_overlay/N1425.lt_0/gateop, insts:8.
I: Infer CARRY group, base inst: u_char_overlay/N1431_1_1/gateop, insts:12.
I: Infer CARRY group, base inst: u_char_overlay/N1432.lt_0/gateop, insts:8.
I: Infer CARRY group, base inst: u_char_overlay/N1451.lt_0/gateop, insts:8.
I: Infer CARRY group, base inst: u_char_overlay/N1456_1_1/gateop, insts:12.
I: Infer CARRY group, base inst: u_char_overlay/N1457.lt_0/gateop, insts:8.
I: Infer CARRY group, base inst: u_char_overlay/N1459.lt_0/gateop, insts:8.
I: Infer CARRY group, base inst: u_char_overlay/N1465_1_1/gateop, insts:12.
I: Infer CARRY group, base inst: u_char_overlay/N1466.lt_0/gateop, insts:8.
I: Infer CARRY group, base inst: u_char_overlay/N1485.lt_0/gateop, insts:8.
I: Infer CARRY group, base inst: u_char_overlay/N1490_1_1/gateop, insts:12.
I: Infer CARRY group, base inst: u_char_overlay/N1491.lt_0/gateop, insts:8.
I: Infer CARRY group, base inst: u_char_overlay/N1493.lt_0/gateop, insts:8.
I: Infer CARRY group, base inst: u_char_overlay/N1499_1_1/gateop, insts:12.
I: Infer CARRY group, base inst: u_char_overlay/N1500.lt_0/gateop, insts:8.
I: Infer CARRY group, base inst: u_char_overlay/N1519.lt_0/gateop, insts:8.
I: Infer CARRY group, base inst: u_char_overlay/N1524_1_1/gateop, insts:12.
I: Infer CARRY group, base inst: u_char_overlay/N1525.lt_0/gateop, insts:8.
I: Infer CARRY group, base inst: u_char_overlay/N1527.lt_0/gateop, insts:8.
I: Infer CARRY group, base inst: u_char_overlay/N1533_1_1/gateop, insts:12.
I: Infer CARRY group, base inst: u_char_overlay/N1534.lt_0/gateop, insts:8.
I: Infer CARRY group, base inst: u_char_overlay/N1553.lt_0/gateop, insts:8.
I: Infer CARRY group, base inst: u_char_overlay/N1558_1_1/gateop, insts:12.
I: Infer CARRY group, base inst: u_char_overlay/N1559.lt_0/gateop, insts:8.
I: Infer CARRY group, base inst: u_char_overlay/N1561.lt_0/gateop, insts:8.
I: Infer CARRY group, base inst: u_char_overlay/N1567_1_1/gateop, insts:12.
I: Infer CARRY group, base inst: u_char_overlay/N1568.lt_0/gateop, insts:8.
I: Infer CARRY group, base inst: u_char_overlay/N1587.lt_0/gateop, insts:8.
I: Infer CARRY group, base inst: u_char_overlay/N1592_1_1/gateop, insts:12.
I: Infer CARRY group, base inst: u_char_overlay/N1593.lt_0/gateop, insts:8.
I: Infer CARRY group, base inst: u_char_overlay/N1595.lt_0/gateop, insts:8.
I: Infer CARRY group, base inst: u_char_overlay/N1601_1_1/gateop, insts:12.
I: Infer CARRY group, base inst: u_char_overlay/N1602.lt_0/gateop, insts:8.
I: Infer CARRY group, base inst: u_char_overlay/N1621.lt_0/gateop, insts:8.
I: Infer CARRY group, base inst: u_char_overlay/N1626_1_1/gateop, insts:12.
I: Infer CARRY group, base inst: u_char_overlay/N1627.lt_0/gateop, insts:8.
I: Infer CARRY group, base inst: u_char_overlay/N1629.lt_0/gateop, insts:8.
I: Infer CARRY group, base inst: u_char_overlay/N1635_1_1/gateop, insts:12.
I: Infer CARRY group, base inst: u_char_overlay/N1636.lt_0/gateop, insts:8.
I: Infer CARRY group, base inst: u_char_overlay/N1655.lt_0/gateop, insts:8.
I: Infer CARRY group, base inst: u_char_overlay/N1660_1_1/gateop, insts:12.
I: Infer CARRY group, base inst: u_char_overlay/N1661.lt_0/gateop, insts:8.
I: Infer CARRY group, base inst: u_char_overlay/N1663.lt_0/gateop, insts:8.
I: Infer CARRY group, base inst: u_char_overlay/N1669_1_1/gateop, insts:12.
I: Infer CARRY group, base inst: u_char_overlay/N1670.lt_0/gateop, insts:8.
I: Infer CARRY group, base inst: u_char_overlay/N1689.lt_0/gateop, insts:8.
I: Infer CARRY group, base inst: u_char_overlay/N1694_1_1/gateop, insts:12.
I: Infer CARRY group, base inst: u_char_overlay/N1695.lt_0/gateop, insts:8.
I: Infer CARRY group, base inst: u_char_overlay/N1697.lt_0/gateop, insts:8.
I: Infer CARRY group, base inst: u_char_overlay/N1703_1_1/gateop, insts:12.
I: Infer CARRY group, base inst: u_char_overlay/N1704.lt_0/gateop, insts:8.
I: Infer CARRY group, base inst: u_char_overlay/N1723.lt_0/gateop, insts:8.
I: Infer CARRY group, base inst: u_char_overlay/N1728_1_1/gateop, insts:12.
I: Infer CARRY group, base inst: u_char_overlay/N1729.lt_0/gateop, insts:8.
I: Infer CARRY group, base inst: u_char_overlay/N1731.lt_0/gateop, insts:8.
I: Infer CARRY group, base inst: u_char_overlay/N1737_1_1/gateop, insts:12.
I: Infer CARRY group, base inst: u_char_overlay/N1738.lt_0/gateop, insts:8.
I: Infer CARRY group, base inst: u_char_overlay/N1757.lt_0/gateop, insts:8.
I: Infer CARRY group, base inst: u_char_overlay/N1762_1_1/gateop, insts:12.
I: Infer CARRY group, base inst: u_char_overlay/N1763.lt_0/gateop, insts:8.
I: Infer CARRY group, base inst: u_char_overlay/N1765.lt_0/gateop, insts:8.
I: Infer CARRY group, base inst: u_char_overlay/N1771_1_1/gateop, insts:12.
I: Infer CARRY group, base inst: u_char_overlay/N1772.lt_0/gateop, insts:8.
I: Infer CARRY group, base inst: u_char_overlay/N1791.lt_0/gateop, insts:8.
I: Infer CARRY group, base inst: u_char_overlay/N1796_1_1/gateop, insts:12.
I: Infer CARRY group, base inst: u_char_overlay/N1797.lt_0/gateop, insts:8.
I: Infer CARRY group, base inst: u_char_overlay/N1799.lt_0/gateop, insts:8.
I: Infer CARRY group, base inst: u_char_overlay/N1805_1_1/gateop, insts:12.
I: Infer CARRY group, base inst: u_char_overlay/N1806.lt_0/gateop, insts:8.
I: Infer CARRY group, base inst: u_char_overlay/N1825.lt_0/gateop, insts:8.
I: Infer CARRY group, base inst: u_char_overlay/N1830_1_1/gateop, insts:12.
I: Infer CARRY group, base inst: u_char_overlay/N1831.lt_0/gateop, insts:8.
I: Infer CARRY group, base inst: u_char_overlay/N1833.lt_0/gateop, insts:8.
I: Infer CARRY group, base inst: u_char_overlay/N1839_1_1/gateop, insts:12.
I: Infer CARRY group, base inst: u_char_overlay/N1840.lt_0/gateop, insts:8.
I: Infer CARRY group, base inst: u_char_overlay/N1859.lt_0/gateop, insts:8.
I: Infer CARRY group, base inst: u_char_overlay/N1864_1_1/gateop, insts:12.
I: Infer CARRY group, base inst: u_char_overlay/N1865.lt_0/gateop, insts:8.
I: Infer CARRY group, base inst: u_char_overlay/N1867.lt_0/gateop, insts:8.
I: Infer CARRY group, base inst: u_char_overlay/N1873_1_1/gateop, insts:12.
I: Infer CARRY group, base inst: u_char_overlay/N1874.lt_0/gateop, insts:8.
I: Infer CARRY group, base inst: u_char_overlay/N1893.lt_0/gateop, insts:8.
I: Infer CARRY group, base inst: u_char_overlay/N1898_1_1/gateop, insts:12.
I: Infer CARRY group, base inst: u_char_overlay/N1899.lt_0/gateop, insts:8.
I: Infer CARRY group, base inst: u_char_overlay/N1901.lt_0/gateop, insts:8.
I: Infer CARRY group, base inst: u_char_overlay/N1907_1_1/gateop, insts:12.
I: Infer CARRY group, base inst: u_char_overlay/N1908.lt_0/gateop, insts:8.
I: Infer CARRY group, base inst: u_char_overlay/N1927.lt_0/gateop, insts:8.
I: Infer CARRY group, base inst: u_char_overlay/N1932_1_1/gateop, insts:12.
I: Infer CARRY group, base inst: u_char_overlay/N1933.lt_0/gateop, insts:8.
I: Infer CARRY group, base inst: u_char_overlay/N1935.lt_0/gateop, insts:8.
I: Infer CARRY group, base inst: u_char_overlay/N1941_1_1/gateop, insts:12.
I: Infer CARRY group, base inst: u_char_overlay/N1942.lt_0/gateop, insts:8.
I: Infer CARRY group, base inst: u_char_overlay/N1961.lt_0/gateop, insts:8.
I: Infer CARRY group, base inst: u_char_overlay/N1966_1_1/gateop, insts:12.
I: Infer CARRY group, base inst: u_char_overlay/N1967.lt_0/gateop, insts:8.
I: Infer CARRY group, base inst: u_char_overlay/N1969.lt_0/gateop, insts:8.
I: Infer CARRY group, base inst: u_char_overlay/N1975_1_1/gateop, insts:12.
I: Infer CARRY group, base inst: u_char_overlay/N1976.lt_0/gateop, insts:8.
I: Infer CARRY group, base inst: u_char_overlay/N1995.lt_0/gateop, insts:8.
I: Infer CARRY group, base inst: u_char_overlay/N2000_1_1/gateop, insts:12.
I: Infer CARRY group, base inst: u_char_overlay/N2001.lt_0/gateop, insts:8.
I: Infer CARRY group, base inst: u_char_overlay/N2003.lt_0/gateop, insts:8.
I: Infer CARRY group, base inst: u_char_overlay/N2009_1_1/gateop, insts:12.
I: Infer CARRY group, base inst: u_char_overlay/N2010.lt_0/gateop, insts:8.
I: Infer CARRY group, base inst: u_char_overlay/N2029.lt_0/gateop, insts:8.
I: Infer CARRY group, base inst: u_char_overlay/N2034_1_1/gateop, insts:12.
I: Infer CARRY group, base inst: u_char_overlay/N2035.lt_0/gateop, insts:8.
I: Infer CARRY group, base inst: u_char_overlay/N2037.lt_0/gateop, insts:8.
I: Infer CARRY group, base inst: u_char_overlay/N2043_1_1/gateop, insts:12.
I: Infer CARRY group, base inst: u_char_overlay/N2044.lt_0/gateop, insts:8.
I: Infer CARRY group, base inst: u_char_overlay/N2063.lt_0/gateop, insts:8.
I: Infer CARRY group, base inst: u_char_overlay/N2068_1_1/gateop, insts:12.
I: Infer CARRY group, base inst: u_char_overlay/N2069.lt_0/gateop, insts:8.
I: Infer CARRY group, base inst: u_char_overlay/N2071.lt_0/gateop, insts:8.
I: Infer CARRY group, base inst: u_char_overlay/N2077_1_1/gateop, insts:12.
I: Infer CARRY group, base inst: u_char_overlay/N2078.lt_0/gateop, insts:8.
I: Infer CARRY group, base inst: u_char_overlay/N2097.lt_0/gateop, insts:8.
I: Infer CARRY group, base inst: u_char_overlay/N2102_1_1/gateop, insts:12.
I: Infer CARRY group, base inst: u_char_overlay/N2103.lt_0/gateop, insts:8.
I: Infer CARRY group, base inst: u_char_overlay/N2105.lt_0/gateop, insts:8.
I: Infer CARRY group, base inst: u_char_overlay/N2111_1_1/gateop, insts:12.
I: Infer CARRY group, base inst: u_char_overlay/N2112.lt_0/gateop, insts:8.
I: Infer CARRY group, base inst: u_char_overlay/N2131.lt_0/gateop, insts:8.
I: Infer CARRY group, base inst: u_char_overlay/N2136_1_1/gateop, insts:12.
I: Infer CARRY group, base inst: u_char_overlay/N2137.lt_0/gateop, insts:8.
I: Infer CARRY group, base inst: u_char_overlay/N2139.lt_0/gateop, insts:8.
I: Infer CARRY group, base inst: u_char_overlay/N2145_1_1/gateop, insts:12.
I: Infer CARRY group, base inst: u_char_overlay/N2146.lt_0/gateop, insts:8.
I: Infer CARRY group, base inst: u_char_overlay/N2165.lt_0/gateop, insts:8.
I: Infer CARRY group, base inst: u_char_overlay/N2170_1_1/gateop, insts:12.
I: Infer CARRY group, base inst: u_char_overlay/N2171.lt_0/gateop, insts:8.
I: Infer CARRY group, base inst: u_char_overlay/N2173.lt_0/gateop, insts:8.
I: Infer CARRY group, base inst: u_char_overlay/N2179_1_1/gateop, insts:12.
I: Infer CARRY group, base inst: u_char_overlay/N2180.lt_0/gateop, insts:8.
I: Infer CARRY group, base inst: u_char_overlay/N2199.lt_0/gateop, insts:8.
I: Infer CARRY group, base inst: u_char_overlay/N2204_1_1/gateop, insts:12.
I: Infer CARRY group, base inst: u_char_overlay/N2205.lt_0/gateop, insts:8.
I: Infer CARRY group, base inst: u_char_overlay/N2207.lt_0/gateop, insts:8.
I: Infer CARRY group, base inst: u_char_overlay/N2213_1_1/gateop, insts:12.
I: Infer CARRY group, base inst: u_char_overlay/N2214.lt_0/gateop, insts:8.
I: Infer CARRY group, base inst: u_char_overlay/N2233.lt_0/gateop, insts:8.
I: Infer CARRY group, base inst: u_char_overlay/N2238_1_1/gateop, insts:12.
I: Infer CARRY group, base inst: u_char_overlay/N2239.lt_0/gateop, insts:8.
I: Infer CARRY group, base inst: u_char_overlay/N2241.lt_0/gateop, insts:8.
I: Infer CARRY group, base inst: u_char_overlay/N2247_1_1/gateop, insts:12.
I: Infer CARRY group, base inst: u_char_overlay/N2248.lt_0/gateop, insts:8.
I: Infer CARRY group, base inst: u_char_overlay/N2267.lt_0/gateop, insts:8.
I: Infer CARRY group, base inst: u_char_overlay/N2272_1_1/gateop, insts:12.
I: Infer CARRY group, base inst: u_char_overlay/N2273.lt_0/gateop, insts:8.
I: Infer CARRY group, base inst: u_char_overlay/N2275.lt_0/gateop, insts:8.
I: Infer CARRY group, base inst: u_char_overlay/N2281_1_1/gateop, insts:12.
I: Infer CARRY group, base inst: u_char_overlay/N2282.lt_0/gateop, insts:8.
I: Infer CARRY group, base inst: u_char_overlay/N2301.lt_0/gateop, insts:8.
I: Infer CARRY group, base inst: u_char_overlay/N2306_1_1/gateop, insts:12.
I: Infer CARRY group, base inst: u_char_overlay/N2307.lt_0/gateop, insts:8.
I: Infer CARRY group, base inst: u_char_overlay/N2309.lt_0/gateop, insts:8.
I: Infer CARRY group, base inst: u_char_overlay/N2315_1_1/gateop, insts:12.
I: Infer CARRY group, base inst: u_char_overlay/N2316.lt_0/gateop, insts:8.
I: Infer CARRY group, base inst: u_char_overlay/N2335.lt_0/gateop, insts:8.
I: Infer CARRY group, base inst: u_char_overlay/N2340_1_1/gateop, insts:12.
I: Infer CARRY group, base inst: u_char_overlay/N2341.lt_0/gateop, insts:8.
I: Infer CARRY group, base inst: u_char_overlay/N2343.lt_0/gateop, insts:9.
I: Infer CARRY group, base inst: u_char_overlay/N2349_1_1/gateop, insts:12.
I: Infer CARRY group, base inst: u_char_overlay/N2350.lt_0/gateop, insts:8.
I: Infer CARRY group, base inst: u_char_overlay/N2369.lt_0/gateop, insts:8.
I: Infer CARRY group, base inst: u_char_overlay/N2374_1_1/gateop, insts:12.
I: Infer CARRY group, base inst: u_char_overlay/N2375.lt_0/gateop, insts:8.
I: Infer CARRY group, base inst: u_char_overlay/N2377.lt_0/gateop, insts:8.
I: Infer CARRY group, base inst: u_char_overlay/N2383_1_1/gateop, insts:12.
I: Infer CARRY group, base inst: u_char_overlay/N2384.lt_0/gateop, insts:8.
I: Infer CARRY group, base inst: u_char_overlay/N2403.lt_0/gateop, insts:8.
I: Infer CARRY group, base inst: u_char_overlay/N2408_1_1/gateop, insts:12.
I: Infer CARRY group, base inst: u_char_overlay/N2409.lt_0/gateop, insts:8.
I: Infer CARRY group, base inst: u_char_overlay/N2411.lt_0/gateop, insts:8.
I: Infer CARRY group, base inst: u_char_overlay/N2417_1_1/gateop, insts:12.
I: Infer CARRY group, base inst: u_char_overlay/N2418.lt_0/gateop, insts:8.
I: Infer CARRY group, base inst: u_char_overlay/N2437.lt_0/gateop, insts:8.
I: Infer CARRY group, base inst: u_char_overlay/N2442_1_1/gateop, insts:12.
I: Infer CARRY group, base inst: u_char_overlay/N2443.lt_0/gateop, insts:8.
I: Infer CARRY group, base inst: u_char_overlay/N2445.lt_0/gateop, insts:8.
I: Infer CARRY group, base inst: u_char_overlay/N2451_1_1/gateop, insts:12.
I: Infer CARRY group, base inst: u_char_overlay/N2452.lt_0/gateop, insts:8.
I: Infer CARRY group, base inst: u_char_overlay/N2471.lt_0/gateop, insts:8.
I: Infer CARRY group, base inst: u_char_overlay/N2476_1_1/gateop, insts:12.
I: Infer CARRY group, base inst: u_char_overlay/N2477.lt_0/gateop, insts:8.
I: Infer CARRY group, base inst: u_char_overlay/N2479.lt_0/gateop, insts:8.
I: Infer CARRY group, base inst: u_char_overlay/N2485_1_1/gateop, insts:12.
I: Infer CARRY group, base inst: u_char_overlay/N2486.lt_0/gateop, insts:8.
I: Infer CARRY group, base inst: u_char_overlay/N2505.lt_0/gateop, insts:8.
I: Infer CARRY group, base inst: u_char_overlay/N2510_1_1/gateop, insts:12.
I: Infer CARRY group, base inst: u_char_overlay/N2511.lt_0/gateop, insts:8.
I: Infer CARRY group, base inst: u_char_overlay/N2513.lt_0/gateop, insts:8.
I: Infer CARRY group, base inst: u_char_overlay/N2519_1_1/gateop, insts:12.
I: Infer CARRY group, base inst: u_char_overlay/N2520.lt_0/gateop, insts:8.
I: Infer CARRY group, base inst: u_char_overlay/N2539.lt_0/gateop, insts:8.
I: Infer CARRY group, base inst: u_char_overlay/N2544_1_1/gateop, insts:12.
I: Infer CARRY group, base inst: u_char_overlay/N2545.lt_0/gateop, insts:8.
I: Infer CARRY group, base inst: u_char_overlay/N2547.lt_0/gateop, insts:8.
I: Infer CARRY group, base inst: u_char_overlay/N2553_1_1/gateop, insts:12.
I: Infer CARRY group, base inst: u_char_overlay/N2554.lt_0/gateop, insts:8.
I: Infer CARRY group, base inst: u_char_overlay/N2573.lt_0/gateop, insts:8.
I: Infer CARRY group, base inst: u_char_overlay/N2578_1_1/gateop, insts:12.
I: Infer CARRY group, base inst: u_char_overlay/N2579.lt_0/gateop, insts:8.
I: Infer CARRY group, base inst: u_char_overlay/N2581.lt_0/gateop, insts:8.
I: Infer CARRY group, base inst: u_char_overlay/N2587_1_1/gateop, insts:12.
I: Infer CARRY group, base inst: u_char_overlay/N2588.lt_0/gateop, insts:8.
I: Infer CARRY group, base inst: u_char_overlay/N2607.lt_0/gateop, insts:8.
I: Infer CARRY group, base inst: u_char_overlay/N2612_1_1/gateop, insts:12.
I: Infer CARRY group, base inst: u_char_overlay/N2613.lt_0/gateop, insts:8.
I: Infer CARRY group, base inst: u_char_overlay/N2615.lt_0/gateop, insts:8.
I: Infer CARRY group, base inst: u_char_overlay/N2621_1_1/gateop, insts:12.
I: Infer CARRY group, base inst: u_char_overlay/N2622.lt_0/gateop, insts:8.
I: Infer CARRY group, base inst: u_char_overlay/N2641.lt_0/gateop, insts:8.
I: Infer CARRY group, base inst: u_char_overlay/N2646_1_1/gateop, insts:12.
I: Infer CARRY group, base inst: u_char_overlay/N2647.lt_0/gateop, insts:8.
I: Infer CARRY group, base inst: u_char_overlay/N2649.lt_0/gateop, insts:9.
I: Infer CARRY group, base inst: u_char_overlay/N2655_1_1/gateop, insts:12.
I: Infer CARRY group, base inst: u_char_overlay/N2656.lt_0/gateop, insts:8.
I: Infer CARRY group, base inst: u_char_overlay/N2675.lt_0/gateop, insts:8.
I: Infer CARRY group, base inst: u_char_overlay/N2680_1_1/gateop, insts:12.
I: Infer CARRY group, base inst: u_char_overlay/N2681.lt_0/gateop, insts:8.
I: Infer CARRY group, base inst: u_char_overlay/N2683.lt_0/gateop, insts:8.
I: Infer CARRY group, base inst: u_char_overlay/N2689_1_1/gateop, insts:12.
I: Infer CARRY group, base inst: u_char_overlay/N2690.lt_0/gateop, insts:8.
I: Infer CARRY group, base inst: u_char_overlay/N2709.lt_0/gateop, insts:8.
I: Infer CARRY group, base inst: u_char_overlay/N2714_1_1/gateop, insts:12.
I: Infer CARRY group, base inst: u_char_overlay/N2715.lt_0/gateop, insts:8.
I: Infer CARRY group, base inst: u_char_overlay/N2717.lt_0/gateop, insts:8.
I: Infer CARRY group, base inst: u_char_overlay/N2723_1_1/gateop, insts:12.
I: Infer CARRY group, base inst: u_char_overlay/N2724.lt_0/gateop, insts:8.
I: Infer CARRY group, base inst: u_char_overlay/N2743.lt_0/gateop, insts:8.
I: Infer CARRY group, base inst: u_char_overlay/N2748_1_1/gateop, insts:12.
I: Infer CARRY group, base inst: u_char_overlay/N2749.lt_0/gateop, insts:8.
I: Infer CARRY group, base inst: u_char_overlay/N2751.lt_0/gateop, insts:8.
I: Infer CARRY group, base inst: u_char_overlay/N2757_1_1/gateop, insts:12.
I: Infer CARRY group, base inst: u_char_overlay/N2758.lt_0/gateop, insts:8.
I: Infer CARRY group, base inst: u_char_overlay/N2777.lt_0/gateop, insts:8.
I: Infer CARRY group, base inst: u_char_overlay/N2782_1_1/gateop, insts:12.
I: Infer CARRY group, base inst: u_char_overlay/N2783.lt_0/gateop, insts:8.
I: Infer CARRY group, base inst: u_char_overlay/N2785.lt_0/gateop, insts:8.
I: Infer CARRY group, base inst: u_char_overlay/N2791_1_1/gateop, insts:12.
I: Infer CARRY group, base inst: u_char_overlay/N2792.lt_0/gateop, insts:8.
I: Infer CARRY group, base inst: u_char_overlay/N2811.lt_0/gateop, insts:8.
I: Infer CARRY group, base inst: u_char_overlay/N2816_1_1/gateop, insts:12.
I: Infer CARRY group, base inst: u_char_overlay/N2817.lt_0/gateop, insts:8.
I: Infer CARRY group, base inst: u_char_overlay/N2819.lt_0/gateop, insts:8.
I: Infer CARRY group, base inst: u_char_overlay/N2825_1_1/gateop, insts:12.
I: Infer CARRY group, base inst: u_char_overlay/N2826.lt_0/gateop, insts:8.
I: Infer CARRY group, base inst: u_char_overlay/N2845.lt_0/gateop, insts:8.
I: Infer CARRY group, base inst: u_char_overlay/N2850_1_1/gateop, insts:12.
I: Infer CARRY group, base inst: u_char_overlay/N2851.lt_0/gateop, insts:8.
I: Infer CARRY group, base inst: u_char_overlay/N2853.lt_0/gateop, insts:8.
I: Infer CARRY group, base inst: u_char_overlay/N2859_1_1/gateop, insts:12.
I: Infer CARRY group, base inst: u_char_overlay/N2860.lt_0/gateop, insts:8.
I: Infer CARRY group, base inst: u_char_overlay/N2879.lt_0/gateop, insts:8.
I: Infer CARRY group, base inst: u_char_overlay/N2884_1_1/gateop, insts:12.
I: Infer CARRY group, base inst: u_char_overlay/N2885.lt_0/gateop, insts:8.
I: Infer CARRY group, base inst: u_char_overlay/N2887.lt_0/gateop, insts:8.
I: Infer CARRY group, base inst: u_char_overlay/N2893_1_1/gateop, insts:12.
I: Infer CARRY group, base inst: u_char_overlay/N2894.lt_0/gateop, insts:8.
I: Infer CARRY group, base inst: u_char_overlay/N2913.lt_0/gateop, insts:8.
I: Infer CARRY group, base inst: u_char_overlay/N2918_1_1/gateop, insts:12.
I: Infer CARRY group, base inst: u_char_overlay/N2919.lt_0/gateop, insts:8.
I: Infer CARRY group, base inst: u_char_overlay/N2921.lt_0/gateop, insts:8.
I: Infer CARRY group, base inst: u_char_overlay/N2927_1_1/gateop, insts:12.
I: Infer CARRY group, base inst: u_char_overlay/N2928.lt_0/gateop, insts:8.
I: Infer CARRY group, base inst: u_char_overlay/N2947.lt_0/gateop, insts:8.
I: Infer CARRY group, base inst: u_char_overlay/N2952_1_1/gateop, insts:12.
I: Infer CARRY group, base inst: u_char_overlay/N2953.lt_0/gateop, insts:8.
I: Infer CARRY group, base inst: u_char_overlay/N2955.lt_0/gateop, insts:8.
I: Infer CARRY group, base inst: u_char_overlay/N2961_1_1/gateop, insts:12.
I: Infer CARRY group, base inst: u_char_overlay/N2962.lt_0/gateop, insts:8.
I: Infer CARRY group, base inst: u_char_overlay/N2981.lt_0/gateop, insts:8.
I: Infer CARRY group, base inst: u_char_overlay/N2986_1_1/gateop, insts:12.
I: Infer CARRY group, base inst: u_char_overlay/N2987.lt_0/gateop, insts:8.
I: Infer CARRY group, base inst: u_char_overlay/N2989.lt_0/gateop, insts:8.
I: Infer CARRY group, base inst: u_char_overlay/N2995_1_1/gateop, insts:12.
I: Infer CARRY group, base inst: u_char_overlay/N2996.lt_0/gateop, insts:8.
I: Infer CARRY group, base inst: u_char_overlay/N3015.lt_0/gateop, insts:8.
I: Infer CARRY group, base inst: u_char_overlay/N3020_1_1/gateop, insts:12.
I: Infer CARRY group, base inst: u_char_overlay/N3021.lt_0/gateop, insts:8.
I: Infer CARRY group, base inst: u_char_overlay/N3023.lt_0/gateop, insts:9.
I: Infer CARRY group, base inst: u_char_overlay/N3029_1_1/gateop, insts:12.
I: Infer CARRY group, base inst: u_char_overlay/N3030.lt_0/gateop, insts:8.
I: Infer CARRY group, base inst: u_char_overlay/N3049.lt_0/gateop, insts:8.
I: Infer CARRY group, base inst: u_char_overlay/N3054_1_1/gateop, insts:12.
I: Infer CARRY group, base inst: u_char_overlay/N3055.lt_0/gateop, insts:8.
I: Infer CARRY group, base inst: u_char_overlay/N3057.lt_0/gateop, insts:8.
I: Infer CARRY group, base inst: u_char_overlay/N3063_1_1/gateop, insts:12.
I: Infer CARRY group, base inst: u_char_overlay/N3064.lt_0/gateop, insts:8.
I: Infer CARRY group, base inst: u_char_overlay/N3083.lt_0/gateop, insts:8.
I: Infer CARRY group, base inst: u_char_overlay/N3088_1_1/gateop, insts:12.
I: Infer CARRY group, base inst: u_char_overlay/N3089.lt_0/gateop, insts:8.
I: Infer CARRY group, base inst: u_char_overlay/N3091.lt_0/gateop, insts:8.
I: Infer CARRY group, base inst: u_char_overlay/N3097_1_1/gateop, insts:12.
I: Infer CARRY group, base inst: u_char_overlay/N3098.lt_0/gateop, insts:8.
I: Infer CARRY group, base inst: u_char_overlay/N3117.lt_0/gateop, insts:8.
I: Infer CARRY group, base inst: u_char_overlay/N3122_1_1/gateop, insts:12.
I: Infer CARRY group, base inst: u_char_overlay/N3123.lt_0/gateop, insts:8.
I: Infer CARRY group, base inst: u_char_overlay/N3125.lt_0/gateop, insts:8.
I: Infer CARRY group, base inst: u_char_overlay/N3131_1_1/gateop, insts:12.
I: Infer CARRY group, base inst: u_char_overlay/N3132.lt_0/gateop, insts:8.
I: Infer CARRY group, base inst: u_char_overlay/N3151.lt_0/gateop, insts:8.
I: Infer CARRY group, base inst: u_char_overlay/N3156_1_1/gateop, insts:12.
I: Infer CARRY group, base inst: u_char_overlay/N3157.lt_0/gateop, insts:8.
I: Infer CARRY group, base inst: u_char_overlay/N3159.lt_0/gateop, insts:8.
I: Infer CARRY group, base inst: u_char_overlay/N3165_1_1/gateop, insts:12.
I: Infer CARRY group, base inst: u_char_overlay/N3166.lt_0/gateop, insts:8.
I: Infer CARRY group, base inst: u_char_overlay/N3185.lt_0/gateop, insts:8.
I: Infer CARRY group, base inst: u_char_overlay/N3190_1_1/gateop, insts:12.
I: Infer CARRY group, base inst: u_char_overlay/N3191.lt_0/gateop, insts:8.
I: Infer CARRY group, base inst: u_char_overlay/N3193.lt_0/gateop, insts:8.
I: Infer CARRY group, base inst: u_char_overlay/N3199_1_1/gateop, insts:12.
I: Infer CARRY group, base inst: u_char_overlay/N3200.lt_0/gateop, insts:8.
I: Infer CARRY group, base inst: u_char_overlay/N3219.lt_0/gateop, insts:8.
I: Infer CARRY group, base inst: u_char_overlay/N3224_1_1/gateop, insts:12.
I: Infer CARRY group, base inst: u_char_overlay/N3225.lt_0/gateop, insts:8.
I: Infer CARRY group, base inst: u_char_overlay/N3227.lt_0/gateop, insts:8.
I: Infer CARRY group, base inst: u_char_overlay/N3233_1_1/gateop, insts:12.
I: Infer CARRY group, base inst: u_char_overlay/N3234.lt_0/gateop, insts:8.
I: Infer CARRY group, base inst: u_char_overlay/N3253.lt_0/gateop, insts:8.
I: Infer CARRY group, base inst: u_char_overlay/N3258_1_1/gateop, insts:12.
I: Infer CARRY group, base inst: u_char_overlay/N3259.lt_0/gateop, insts:8.
I: Infer CARRY group, base inst: u_char_overlay/N3261.lt_0/gateop, insts:8.
I: Infer CARRY group, base inst: u_char_overlay/N3267_1_1/gateop, insts:12.
I: Infer CARRY group, base inst: u_char_overlay/N3268.lt_0/gateop, insts:8.
I: Infer CARRY group, base inst: u_char_overlay/N3287.lt_0/gateop, insts:8.
I: Infer CARRY group, base inst: u_char_overlay/N3292_1_1/gateop, insts:12.
I: Infer CARRY group, base inst: u_char_overlay/N3293.lt_0/gateop, insts:8.
I: Infer CARRY group, base inst: u_char_overlay/N3295.lt_0/gateop, insts:8.
I: Infer CARRY group, base inst: u_char_overlay/N3301_1_1/gateop, insts:12.
I: Infer CARRY group, base inst: u_char_overlay/N3302.lt_0/gateop, insts:8.
I: Infer CARRY group, base inst: u_char_overlay/N3321.lt_0/gateop, insts:8.
I: Infer CARRY group, base inst: u_char_overlay/N3326_1_1/gateop, insts:12.
I: Infer CARRY group, base inst: u_char_overlay/N3327.lt_0/gateop, insts:8.
I: Infer CARRY group, base inst: u_char_overlay/N3329.lt_0/gateop, insts:8.
I: Infer CARRY group, base inst: u_char_overlay/N3335_1_1/gateop, insts:12.
I: Infer CARRY group, base inst: u_char_overlay/N3336.lt_0/gateop, insts:8.
I: Infer CARRY group, base inst: u_char_overlay/N3355.lt_0/gateop, insts:8.
I: Infer CARRY group, base inst: u_char_overlay/N3360_1_1/gateop, insts:12.
I: Infer CARRY group, base inst: u_char_overlay/N3361.lt_0/gateop, insts:8.
I: Infer CARRY group, base inst: u_char_overlay/N3363.lt_0/gateop, insts:9.
I: Infer CARRY group, base inst: u_char_overlay/N3369_1_1/gateop, insts:12.
I: Infer CARRY group, base inst: u_char_overlay/N3370.lt_0/gateop, insts:8.
I: Infer CARRY group, base inst: u_char_overlay/N3389.lt_0/gateop, insts:8.
I: Infer CARRY group, base inst: u_char_overlay/N3394_1_1/gateop, insts:12.
I: Infer CARRY group, base inst: u_char_overlay/N3395.lt_0/gateop, insts:8.
I: Infer CARRY group, base inst: u_char_overlay/N3397.lt_0/gateop, insts:8.
I: Infer CARRY group, base inst: u_char_overlay/N3403_1_1/gateop, insts:12.
I: Infer CARRY group, base inst: u_char_overlay/N3404.lt_0/gateop, insts:8.
I: Infer CARRY group, base inst: u_char_overlay/N3423.lt_0/gateop, insts:8.
I: Infer CARRY group, base inst: u_char_overlay/N3428_1_1/gateop, insts:12.
I: Infer CARRY group, base inst: u_char_overlay/N3429.lt_0/gateop, insts:8.
I: Infer CARRY group, base inst: u_char_overlay/N3431.lt_0/gateop, insts:8.
I: Infer CARRY group, base inst: u_char_overlay/N3437_1_1/gateop, insts:12.
I: Infer CARRY group, base inst: u_char_overlay/N3438.lt_0/gateop, insts:8.
I: Infer CARRY group, base inst: u_char_overlay/N3457.lt_0/gateop, insts:8.
I: Infer CARRY group, base inst: u_char_overlay/N3462_1_1/gateop, insts:12.
I: Infer CARRY group, base inst: u_char_overlay/N3463.lt_0/gateop, insts:8.
I: Infer CARRY group, base inst: u_char_overlay/N3465.lt_0/gateop, insts:8.
I: Infer CARRY group, base inst: u_char_overlay/N3471_1_1/gateop, insts:12.
I: Infer CARRY group, base inst: u_char_overlay/N3472.lt_0/gateop, insts:8.
I: Infer CARRY group, base inst: u_char_overlay/N7994_6/gateop, insts:2.
I: Infer CARRY group, base inst: u_char_overlay/N19620_5_or[0]_68/gateop, insts:3.
I: Infer CARRY group, base inst: u_char_overlay/N19620_5_or[2]_68/gateop, insts:3.
I: Infer CARRY group, base inst: u_char_overlay/N19620_5_or[3]_68/gateop, insts:3.
I: Infer CARRY group, base inst: u_char_overlay/N19620_5_or[4]_68/gateop, insts:3.
I: Infer CARRY group, base inst: u_char_overlay/N19620_5_or[6]_68/gateop, insts:3.
I: Infer CARRY group, base inst: u_char_overlay/N19620_5_or[7]_68/gateop, insts:3.
I: Infer CARRY group, base inst: u_char_overlay/N19632_66_or[0]_81/gateop, insts:3.
I: Infer CARRY group, base inst: u_char_overlay/N19632_66_or[1]_81/gateop, insts:3.
I: Infer CARRY group, base inst: u_char_overlay/N19632_66_or[2]_81/gateop, insts:3.
I: Infer CARRY group, base inst: u_char_overlay/N19632_66_or[3]_81/gateop, insts:3.
I: Infer CARRY group, base inst: u_char_overlay/N19632_66_or[4]_81/gateop, insts:3.
I: Infer CARRY group, base inst: u_char_overlay/N19632_66_or[5]_81/gateop, insts:3.
I: Infer CARRY group, base inst: u_char_overlay/N19632_66_or[6]_124/gateop, insts:3.
I: Infer CARRY group, base inst: u_char_overlay/N19632_67/gateop, insts:2.
I: Infer CARRY group, base inst: u_char_overlay/N19632_72/gateop, insts:2.
I: Infer CARRY group, base inst: u_char_overlay/N19632_87/gateop, insts:2.
I: Infer CARRY group, base inst: u_char_overlay/N19632_132/gateop, insts:2.
I: Infer CARRY group, base inst: u_char_overlay/N19632_183/gateop, insts:2.
I: Infer CARRY group, base inst: u_char_overlay/N19632_199/gateop, insts:2.
I: Infer CARRY group, base inst: u_char_overlay/N19632_235/gateop, insts:2.
I: Infer CARRY group, base inst: u_char_overlay/N19632_242/gateop, insts:2.
I: Infer CARRY group, base inst: u_char_overlay/N19632_248/gateop, insts:2.
I: Infer CARRY group, base inst: u_char_overlay/N19632_253/gateop, insts:2.
I: Infer CARRY group, base inst: u_crop_buffer_manager/N641_1_1/gateop, insts:2.
I: Infer CARRY group, base inst: u_crop_buffer_manager/N677_1_1/gateop, insts:6.
I: Infer CARRY group, base inst: u_crop_buffer_manager/N719_1_1/gateop, insts:15.
I: Infer CARRY group, base inst: u_crop_buffer_manager/N729_1_1/gateop, insts:13.
I: Infer CARRY group, base inst: u_ddr_video_delay_sync/u_ddr3_test/u_ddrphy_top/ddrphy_slice_top/i_dqs_group[3].ddrphy_data_slice/ddrphy_data_slice_dqs_gate_cal/ddrphy_gatecal/N245_7_0/gateop, insts:8.
I: Infer CARRY group, base inst: u_ddr_video_delay_sync/u_ddr3_test/u_ddrphy_top/ddrphy_slice_top/i_dqs_group[3].ddrphy_data_slice/ddrphy_data_slice_dqs_gate_cal/ddrphy_gatecal/N246_1/gateop, insts:2.
I: Infer CARRY group, base inst: u_ddr_video_delay_sync/u_ddr3_test/u_ddrphy_top/ddrphy_slice_top/i_dqs_group[3].ddrphy_data_slice/ddrphy_data_slice_dqs_gate_cal/ddrphy_gatecal/gate_state_fsm[2:0]_8/gateop, insts:3.
I: Infer CARRY group, base inst: u_ddr_video_delay_sync/u_ddr3_test/u_ips_ddrc_top/mcdq_dcp_top/mcdq_dcp_buf/A_ips2l_distributed_fifo/u_ips2l_distributed_fifo_distributed_fifo_v1_0/u_ips2l_distributed_fifo_ctr/N24_1.fsub_0/gateop, insts:7.
I: Infer CARRY group, base inst: u_ddr_video_delay_sync/N8_1_1/gateop, insts:11.
I: Infer CARRY group, base inst: u_ddr_video_delay_sync/N10_1_1/gateop, insts:10.
I: Infer CARRY group, base inst: u_ddr_video_delay_sync/N17_1_1/gateop, insts:11.
I: Infer CARRY group, base inst: u_ddr_video_delay_sync/N19_1_1/gateop, insts:10.
I: Infer CARRY group, base inst: u_ddr_video_delay_sync/N134_1_0/gateop, insts:10.
I: Infer CARRY group, base inst: u_ddr_video_delay_sync/N342_1_1/gateop, insts:9.
I: Infer CARRY group, base inst: u_ddr_video_delay_sync/N481_1_0/gateop, insts:12.
I: Infer CARRY group, base inst: u_ddr_video_delay_sync/N486_1_1/gateop, insts:10.
I: Infer CARRY group, base inst: u_ddr_video_delay_sync/N541_1_0/gateop, insts:11.
I: Infer CARRY group, base inst: u_ddr_video_delay_sync/u_ddr3_test/u_ips_ddrc_top/mcdq_dcp_top/mcdq_dcp_buf/A_ips2l_distributed_fifo/u_ips2l_distributed_fifo_distributed_fifo_v1_0/u_ips2l_distributed_fifo_ctr/N30.fsub_0/gateop, insts:7.
I: Infer CARRY group, base inst: u_ddr_video_delay_sync/u_ddr3_test/u_ips_ddrc_top/mcdq_dcp_top/mcdq_dcp_buf/B_ips2l_distributed_fifo/u_ips2l_distributed_fifo_distributed_fifo_v1_0/u_ips2l_distributed_fifo_ctr/N24_1.fsub_0/gateop, insts:7.
I: Infer CARRY group, base inst: u_ddr_video_delay_sync/u_ddr3_test/u_ips_ddrc_top/mcdq_dcp_top/mcdq_dcp_buf/B_ips2l_distributed_fifo/u_ips2l_distributed_fifo_distributed_fifo_v1_0/u_ips2l_distributed_fifo_ctr/N30.fsub_0/gateop, insts:7.
I: Infer CARRY group, base inst: u_ddr_video_delay_sync/u_ddr3_test/u_ddrphy_top/ddrphy_slice_top/i_dqs_group[2].ddrphy_data_slice/ddrphy_data_slice_dqs_gate_cal/ddrphy_gatecal/N245_7_0/gateop, insts:8.
I: Infer CARRY group, base inst: u_hdmi_fifo/N60.eq_0/gateop, insts:3.
I: Infer CARRY group, base inst: u_hdmi_fifo/N83.eq_0/gateop, insts:4.
I: Infer CARRY group, base inst: u_layer_data_adapter/N74_1.fsub_1/gateop, insts:10.
I: Infer CARRY group, base inst: ms72xx_ctl/U1_ms7200_ctl/N1366_9/gateop, insts:2.
I: Infer CARRY group, base inst: ms72xx_ctl/U1_ms7200_ctl/N1388/gateop, insts:2.
I: Infer CARRY group, base inst: ms72xx_ctl/U1_ms7200_ctl/N1879_6/gateop, insts:3.
I: Infer CARRY group, base inst: ms72xx_ctl/U1_ms7200_ctl/N1954_1_or[1]_2/gateop, insts:2.
I: Infer CARRY group, base inst: ms72xx_ctl/U1_ms7200_ctl/N2053_1/gateop, insts:2.
I: Infer CARRY group, base inst: ms72xx_ctl/U1_ms7200_ctl/N2075_1/gateop, insts:2.
I: Infer CARRY group, base inst: ms72xx_ctl/U2_ms7210_ctl/N2/gateop, insts:2.
I: Infer CARRY group, base inst: ms72xx_ctl/U2_ms7210_ctl/N98_1_1/gateop, insts:21.
I: Infer CARRY group, base inst: ms72xx_ctl/U2_ms7210_ctl/N403_21/gateop, insts:2.
I: Infer CARRY group, base inst: ms72xx_ctl/iic_dri/N310_7/gateop, insts:2.
I: Infer CARRY group, base inst: ms72xx_ctl/iic_dri/N316_3/gateop, insts:2.
I: Infer CARRY group, base inst: rgb2tmds/encoder[0].dataencoder/N222_13_1/gateop, insts:5.
I: Infer CARRY group, base inst: rgb2tmds/encoder[1].dataencoder/N222_13_1/gateop, insts:5.
I: Infer CARRY group, base inst: rgb2tmds/encoder[2].dataencoder/N222_13_1/gateop, insts:5.
I: Infer CARRY group, base inst: u_box_overlay_sync/u_box_fifo/N63.eq_0/gateop, insts:4.
I: Infer CARRY group, base inst: u_box_overlay_sync/u_box_fifo/N89.eq_0/gateop, insts:4.
I: Infer CARRY group, base inst: u_char_overlay/u_char_async_fifo/N60.eq_0/gateop, insts:3.
I: Infer CARRY group, base inst: u_char_overlay/u_char_async_fifo/N83.eq_0/gateop, insts:4.
I: Infer CARRY group, base inst: u_crop_buffer_manager/gen_box_fifos[0].u_crop_fifo/N4_1_1/gateop, insts:11.
I: Infer CARRY group, base inst: u_crop_buffer_manager/gen_box_fifos[0].u_crop_fifo/N14_1_1/gateop, insts:11.
I: Infer CARRY group, base inst: u_crop_buffer_manager/gen_box_fifos[0].u_crop_fifo/N75.eq_0/gateop, insts:6.
I: Infer CARRY group, base inst: u_crop_buffer_manager/gen_box_fifos[0].u_crop_fifo/N113.eq_0/gateop, insts:6.
I: Infer CARRY group, base inst: u_crop_buffer_manager/gen_box_fifos[1].u_crop_fifo/N4_1_1/gateop, insts:11.
I: Infer CARRY group, base inst: u_crop_buffer_manager/gen_box_fifos[1].u_crop_fifo/N14_1_1/gateop, insts:11.
I: Infer CARRY group, base inst: u_crop_buffer_manager/gen_box_fifos[1].u_crop_fifo/N75.eq_0/gateop, insts:6.
I: Infer CARRY group, base inst: u_crop_buffer_manager/gen_box_fifos[1].u_crop_fifo/N113.eq_0/gateop, insts:6.
I: Infer CARRY group, base inst: u_crop_buffer_manager/gen_box_fifos[2].u_crop_fifo/N4_1_1/gateop, insts:11.
I: Infer CARRY group, base inst: u_crop_buffer_manager/gen_box_fifos[2].u_crop_fifo/N14_1_1/gateop, insts:11.
I: Infer CARRY group, base inst: u_crop_buffer_manager/gen_box_fifos[2].u_crop_fifo/N75.eq_0/gateop, insts:6.
I: Infer CARRY group, base inst: u_crop_buffer_manager/gen_box_fifos[2].u_crop_fifo/N113.eq_0/gateop, insts:6.
I: Infer CARRY group, base inst: u_crop_buffer_manager/gen_box_fifos[3].u_crop_fifo/N4_1_1/gateop, insts:11.
I: Infer CARRY group, base inst: u_crop_buffer_manager/gen_box_fifos[3].u_crop_fifo/N14_1_1/gateop, insts:11.
I: Infer CARRY group, base inst: u_crop_buffer_manager/gen_box_fifos[3].u_crop_fifo/N75.eq_0/gateop, insts:6.
I: Infer CARRY group, base inst: u_crop_buffer_manager/gen_box_fifos[3].u_crop_fifo/N113.eq_0/gateop, insts:6.
I: Infer CARRY group, base inst: u_crop_buffer_manager/gen_box_fifos[4].u_crop_fifo/N4_1_1/gateop, insts:11.
I: Infer CARRY group, base inst: u_crop_buffer_manager/gen_box_fifos[4].u_crop_fifo/N14_1_1/gateop, insts:11.
I: Infer CARRY group, base inst: u_crop_buffer_manager/gen_box_fifos[4].u_crop_fifo/N75.eq_0/gateop, insts:6.
I: Infer CARRY group, base inst: u_crop_buffer_manager/gen_box_fifos[4].u_crop_fifo/N113.eq_0/gateop, insts:6.
I: Infer CARRY group, base inst: u_crop_buffer_manager/gen_box_fifos[5].u_crop_fifo/N4_1_1/gateop, insts:11.
I: Infer CARRY group, base inst: u_crop_buffer_manager/gen_box_fifos[5].u_crop_fifo/N14_1_1/gateop, insts:11.
I: Infer CARRY group, base inst: u_crop_buffer_manager/gen_box_fifos[5].u_crop_fifo/N75.eq_0/gateop, insts:6.
I: Infer CARRY group, base inst: u_crop_buffer_manager/gen_box_fifos[5].u_crop_fifo/N113.eq_0/gateop, insts:6.
I: Infer CARRY group, base inst: u_lprnet_top/u_post_process/N20.eq_0/gateop, insts:4.
I: Infer CARRY group, base inst: u_ddr_video_delay_sync/u_wr_rd_ctrl_top/wr_cmd_trans/N42_1_1/gateop, insts:11.
I: Infer CARRY group, base inst: u_ddr_video_delay_sync/u_wr_rd_ctrl_top/wr_cmd_trans/N86_2_1/gateop, insts:25.
I: Infer CARRY group, base inst: u_ddr_video_delay_sync/u_wr_rd_ctrl_top/wr_cmd_trans/N150_1_1/gateop, insts:15.
I: Infer CARRY group, base inst: u_ddr_video_delay_sync/u_wr_rd_ctrl_top/wr_cmd_trans/N192_1_1/gateop, insts:11.
I: Infer CARRY group, base inst: u_ddr_video_delay_sync/u_wr_rd_ctrl_top/wr_cmd_trans/N227_2_1/gateop, insts:25.
I: Infer CARRY group, base inst: u_lprnet_top/u_layer20/gen_conv.u_output_layer/N111_0_1/gateop, insts:23.
I: Infer CARRY group, base inst: u_lprnet_top/u_layer20/gen_conv.u_output_layer/N111_1_1/gateop, insts:23.
I: Infer CARRY group, base inst: u_lprnet_top/u_layer20/gen_conv.u_output_layer/N145_1/gateop, insts:23.
I: Infer CARRY group, base inst: u_lprnet_top/u_layer20/gen_conv.u_output_layer/N165_1/gateop, insts:23.
I: Infer CARRY group, base inst: u_lprnet_top/u_layer20/gen_conv.u_output_layer/N179_1/gateop, insts:15.
I: Infer CARRY group, base inst: u_lprnet_top/u_layer21/gen_conv.u_output_layer/N154_1/gateop, insts:26.
I: Infer CARRY group, base inst: u_lprnet_top/u_layer21/gen_conv.u_output_layer/N174_1/gateop, insts:26.
I: Infer CARRY group, base inst: u_lprnet_top/u_layer21/gen_conv.u_output_layer/N188_1/gateop, insts:17.
I: Infer CARRY group, base inst: u_lprnet_top/u_layer21/gen_conv.u_output_layer/N246_1/gateop, insts:26.
I: Infer CARRY group, base inst: u_lprnet_top/u_layer21/gen_conv.u_output_layer/N266_1/gateop, insts:26.
I: Infer CARRY group, base inst: u_lprnet_top/u_layer21/gen_conv.u_output_layer/N280_1/gateop, insts:17.
I: Infer CARRY group, base inst: u_lprnet_top/u_layer21/u_input_layer/N73_1_1/gateop, insts:9.
I: Infer CARRY group, base inst: u_lprnet_top/u_layer21/u_input_layer/N97_1_1/gateop, insts:9.
I: Infer CARRY group, base inst: u_lprnet_top/u_layer21/u_input_layer/N135_1_1/gateop, insts:9.
I: Infer CARRY group, base inst: u_lprnet_top/u_layer21/u_input_layer/N145_1_1/gateop, insts:9.
I: Infer CARRY group, base inst: u_lprnet_top/u_layer22/gen_pool.gen_pages[0].u_max_pool2d/N10.lt_0/gateop, insts:5.
I: Infer CARRY group, base inst: u_lprnet_top/u_layer22/gen_pool.gen_pages[0].u_max_pool2d/N13.lt_0/gateop, insts:5.
I: Infer CARRY group, base inst: u_lprnet_top/u_layer22/gen_pool.gen_pages[0].u_max_pool2d/N16.lt_0/gateop, insts:5.
I: Infer CARRY group, base inst: u_lprnet_top/u_layer22/gen_pool.gen_pages[0].u_max_pool2d/N20.lt_0/gateop, insts:5.
I: Infer CARRY group, base inst: u_lprnet_top/u_layer22/gen_pool.gen_pages[0].u_max_pool2d/N23.lt_0/gateop, insts:5.
I: Infer CARRY group, base inst: u_lprnet_top/u_layer22/gen_pool.gen_pages[0].u_max_pool2d/N26.lt_0/gateop, insts:5.
I: Infer CARRY group, base inst: u_lprnet_top/u_layer22/gen_pool.gen_pages[0].u_max_pool2d/N29.lt_0/gateop, insts:5.
I: Infer CARRY group, base inst: u_lprnet_top/u_layer22/gen_pool.gen_pages[0].u_max_pool2d/N39.lt_0/gateop, insts:5.
I: Infer CARRY group, base inst: u_lprnet_top/u_layer22/gen_pool.gen_pages[1].u_max_pool2d/N10.lt_0/gateop, insts:5.
I: Infer CARRY group, base inst: u_lprnet_top/u_layer22/gen_pool.gen_pages[1].u_max_pool2d/N13.lt_0/gateop, insts:5.
I: Infer CARRY group, base inst: u_lprnet_top/u_layer22/gen_pool.gen_pages[1].u_max_pool2d/N16.lt_0/gateop, insts:5.
I: Infer CARRY group, base inst: u_lprnet_top/u_layer22/gen_pool.gen_pages[1].u_max_pool2d/N20.lt_0/gateop, insts:5.
I: Infer CARRY group, base inst: u_lprnet_top/u_layer22/gen_pool.gen_pages[1].u_max_pool2d/N23.lt_0/gateop, insts:5.
I: Infer CARRY group, base inst: u_lprnet_top/u_layer22/gen_pool.gen_pages[1].u_max_pool2d/N26.lt_0/gateop, insts:5.
I: Infer CARRY group, base inst: u_lprnet_top/u_layer22/gen_pool.gen_pages[1].u_max_pool2d/N29.lt_0/gateop, insts:5.
I: Infer CARRY group, base inst: u_lprnet_top/u_layer22/gen_pool.gen_pages[1].u_max_pool2d/N39.lt_0/gateop, insts:5.
I: Infer CARRY group, base inst: u_lprnet_top/u_layer22/u_input_layer/N75_1_1/gateop, insts:9.
I: Infer CARRY group, base inst: u_lprnet_top/u_layer22/u_input_layer/N99_1_1/gateop, insts:9.
I: Infer CARRY group, base inst: u_lprnet_top/u_layer22/u_input_layer/N137_1_1/gateop, insts:9.
I: Infer CARRY group, base inst: u_lprnet_top/u_layer22/u_input_layer/N147_1_1/gateop, insts:9.
I: Infer CARRY group, base inst: u_lprnet_top/u_layer23/gen_conv.u_output_layer/N122_1/gateop, insts:24.
I: Infer CARRY group, base inst: u_lprnet_top/u_layer23/gen_conv.u_output_layer/N156_1/gateop, insts:27.
I: Infer CARRY group, base inst: u_lprnet_top/u_layer23/gen_conv.u_output_layer/N176_1/gateop, insts:27.
I: Infer CARRY group, base inst: u_lprnet_top/u_layer23/gen_conv.u_output_layer/N190_1/gateop, insts:17.
I: Infer CARRY group, base inst: u_lprnet_top/u_layer23/gen_conv.u_output_layer/N216_1/gateop, insts:24.
I: Infer CARRY group, base inst: u_lprnet_top/u_layer23/gen_conv.u_output_layer/N250_1/gateop, insts:27.
I: Infer CARRY group, base inst: u_lprnet_top/u_layer23/gen_conv.u_output_layer/N270_1/gateop, insts:27.
I: Infer CARRY group, base inst: u_lprnet_top/u_layer23/gen_conv.u_output_layer/N284_1/gateop, insts:17.
I: Infer CARRY group, base inst: u_lprnet_top/u_layer23/u_input_layer/N75_1_1/gateop, insts:9.
I: Infer CARRY group, base inst: u_lprnet_top/u_layer23/u_input_layer/N99_1_1/gateop, insts:9.
I: Infer CARRY group, base inst: u_lprnet_top/u_layer23/u_input_layer/N137_1_1/gateop, insts:9.
I: Infer CARRY group, base inst: u_lprnet_top/u_layer23/u_input_layer/N147_1_1/gateop, insts:9.
I: Infer CARRY group, base inst: u_lprnet_top/u_layer24/gen_conv.u_output_layer/N122_1/gateop, insts:24.
I: Infer CARRY group, base inst: u_lprnet_top/u_layer24/gen_conv.u_output_layer/N156_1/gateop, insts:27.
I: Infer CARRY group, base inst: u_lprnet_top/u_layer24/gen_conv.u_output_layer/N192_1/gateop, insts:27.
I: Infer CARRY group, base inst: u_lprnet_top/u_layer24/gen_conv.u_output_layer/N206_1/gateop, insts:17.
I: Infer CARRY group, base inst: u_lprnet_top/u_layer24/gen_conv.u_output_layer/N232_1/gateop, insts:24.
I: Infer CARRY group, base inst: u_lprnet_top/u_layer24/gen_conv.u_output_layer/N266_1/gateop, insts:27.
I: Infer CARRY group, base inst: u_lprnet_top/u_layer24/gen_conv.u_output_layer/N302_1/gateop, insts:27.
I: Infer CARRY group, base inst: u_lprnet_top/u_layer24/gen_conv.u_output_layer/N316_1/gateop, insts:17.
I: Infer CARRY group, base inst: u_lprnet_top/u_layer24/u_input_layer/N75_1_1/gateop, insts:9.
I: Infer CARRY group, base inst: u_lprnet_top/u_layer24/u_input_layer/N99_1_1/gateop, insts:9.
I: Infer CARRY group, base inst: u_lprnet_top/u_layer24/u_input_layer/N137_1_1/gateop, insts:9.
I: Infer CARRY group, base inst: u_lprnet_top/u_layer24/u_input_layer/N147_1_1/gateop, insts:9.
I: Infer CARRY group, base inst: u_lprnet_top/u_layer25/gen_pool.gen_pages[0].u_max_pool2d/N10.lt_0/gateop, insts:5.
I: Infer CARRY group, base inst: u_lprnet_top/u_layer25/gen_pool.gen_pages[0].u_max_pool2d/N13.lt_0/gateop, insts:5.
I: Infer CARRY group, base inst: u_lprnet_top/u_layer25/gen_pool.gen_pages[0].u_max_pool2d/N16.lt_0/gateop, insts:5.
I: Infer CARRY group, base inst: u_lprnet_top/u_layer25/gen_pool.gen_pages[0].u_max_pool2d/N20.lt_0/gateop, insts:5.
I: Infer CARRY group, base inst: u_lprnet_top/u_layer25/gen_pool.gen_pages[0].u_max_pool2d/N23.lt_0/gateop, insts:5.
I: Infer CARRY group, base inst: u_lprnet_top/u_layer25/gen_pool.gen_pages[0].u_max_pool2d/N26.lt_0/gateop, insts:5.
I: Infer CARRY group, base inst: u_lprnet_top/u_layer25/gen_pool.gen_pages[0].u_max_pool2d/N29.lt_0/gateop, insts:5.
I: Infer CARRY group, base inst: u_lprnet_top/u_layer25/gen_pool.gen_pages[0].u_max_pool2d/N39.lt_0/gateop, insts:5.
I: Infer CARRY group, base inst: u_lprnet_top/u_layer25/gen_pool.gen_pages[1].u_max_pool2d/N10.lt_0/gateop, insts:5.
I: Infer CARRY group, base inst: u_lprnet_top/u_layer25/gen_pool.gen_pages[1].u_max_pool2d/N13.lt_0/gateop, insts:5.
I: Infer CARRY group, base inst: u_lprnet_top/u_layer25/gen_pool.gen_pages[1].u_max_pool2d/N16.lt_0/gateop, insts:5.
I: Infer CARRY group, base inst: u_lprnet_top/u_layer25/gen_pool.gen_pages[1].u_max_pool2d/N20.lt_0/gateop, insts:5.
I: Infer CARRY group, base inst: u_lprnet_top/u_layer25/gen_pool.gen_pages[1].u_max_pool2d/N23.lt_0/gateop, insts:5.
I: Infer CARRY group, base inst: u_lprnet_top/u_layer25/gen_pool.gen_pages[1].u_max_pool2d/N26.lt_0/gateop, insts:5.
I: Infer CARRY group, base inst: u_lprnet_top/u_layer25/gen_pool.gen_pages[1].u_max_pool2d/N29.lt_0/gateop, insts:5.
I: Infer CARRY group, base inst: u_lprnet_top/u_layer25/gen_pool.gen_pages[1].u_max_pool2d/N39.lt_0/gateop, insts:5.
I: Infer CARRY group, base inst: u_lprnet_top/u_layer25/u_input_layer/N83_1_1/gateop, insts:10.
I: Infer CARRY group, base inst: u_lprnet_top/u_layer25/u_input_layer/N107_1_1/gateop, insts:10.
I: Infer CARRY group, base inst: u_lprnet_top/u_layer25/u_input_layer/N145_1_1/gateop, insts:10.
I: Infer CARRY group, base inst: u_lprnet_top/u_layer25/u_input_layer/N155_1_1/gateop, insts:10.
I: Infer CARRY group, base inst: u_lprnet_top/u_layer26/gen_conv.u_output_layer/N122_1/gateop, insts:24.
I: Infer CARRY group, base inst: u_lprnet_top/u_layer26/gen_conv.u_output_layer/N156_1/gateop, insts:28.
I: Infer CARRY group, base inst: u_lprnet_top/u_layer26/gen_conv.u_output_layer/N192_1/gateop, insts:28.
I: Infer CARRY group, base inst: u_lprnet_top/u_layer26/gen_conv.u_output_layer/N206_1/gateop, insts:17.
I: Infer CARRY group, base inst: u_lprnet_top/u_layer26/gen_conv.u_output_layer/N232_1/gateop, insts:24.
I: Infer CARRY group, base inst: u_lprnet_top/u_layer26/gen_conv.u_output_layer/N266_1/gateop, insts:28.
I: Infer CARRY group, base inst: u_lprnet_top/u_layer26/gen_conv.u_output_layer/N302_1/gateop, insts:28.
I: Infer CARRY group, base inst: u_lprnet_top/u_layer26/gen_conv.u_output_layer/N316_1/gateop, insts:17.
I: Infer CARRY group, base inst: u_lprnet_top/u_layer26/u_input_layer/N75_1_1/gateop, insts:9.
I: Infer CARRY group, base inst: u_lprnet_top/u_layer26/u_input_layer/N99_1_1/gateop, insts:9.
I: Infer CARRY group, base inst: u_lprnet_top/u_layer26/u_input_layer/N137_1_1/gateop, insts:9.
I: Infer CARRY group, base inst: u_lprnet_top/u_layer26/u_input_layer/N147_1_1/gateop, insts:9.
I: Infer CARRY group, base inst: u_lprnet_top/u_layer27/gen_conv.u_output_layer/N122_1/gateop, insts:24.
I: Infer CARRY group, base inst: u_lprnet_top/u_layer27/gen_conv.u_output_layer/N156_1/gateop, insts:28.
I: Infer CARRY group, base inst: u_lprnet_top/u_layer27/gen_conv.u_output_layer/N224_1/gateop, insts:28.
I: Infer CARRY group, base inst: u_lprnet_top/u_layer27/gen_conv.u_output_layer/N238_1/gateop, insts:17.
I: Infer CARRY group, base inst: u_lprnet_top/u_layer27/gen_conv.u_output_layer/N264_1/gateop, insts:24.
I: Infer CARRY group, base inst: u_lprnet_top/u_layer27/gen_conv.u_output_layer/N298_1/gateop, insts:28.
I: Infer CARRY group, base inst: u_lprnet_top/u_layer27/gen_conv.u_output_layer/N366_1/gateop, insts:28.
I: Infer CARRY group, base inst: u_lprnet_top/u_layer27/gen_conv.u_output_layer/N380_1/gateop, insts:17.
I: Infer CARRY group, base inst: u_lprnet_top/u_layer27/u_input_layer/N75_1_1/gateop, insts:9.
I: Infer CARRY group, base inst: u_lprnet_top/u_layer27/u_input_layer/N99_1_1/gateop, insts:9.
I: Infer CARRY group, base inst: u_lprnet_top/u_layer27/u_input_layer/N137_1_1/gateop, insts:9.
I: Infer CARRY group, base inst: u_lprnet_top/u_layer27/u_input_layer/N147_1_1/gateop, insts:9.
I: Infer CARRY group, base inst: u_lprnet_top/u_layer28/gen_pool.gen_pages[0].u_max_pool2d/N10.lt_0/gateop, insts:5.
I: Infer CARRY group, base inst: u_lprnet_top/u_layer28/gen_pool.gen_pages[0].u_max_pool2d/N13.lt_0/gateop, insts:5.
I: Infer CARRY group, base inst: u_lprnet_top/u_layer28/gen_pool.gen_pages[0].u_max_pool2d/N16.lt_0/gateop, insts:5.
I: Infer CARRY group, base inst: u_lprnet_top/u_layer28/gen_pool.gen_pages[0].u_max_pool2d/N20.lt_0/gateop, insts:5.
I: Infer CARRY group, base inst: u_lprnet_top/u_layer28/gen_pool.gen_pages[0].u_max_pool2d/N23.lt_0/gateop, insts:5.
I: Infer CARRY group, base inst: u_lprnet_top/u_layer28/gen_pool.gen_pages[0].u_max_pool2d/N26.lt_0/gateop, insts:5.
I: Infer CARRY group, base inst: u_lprnet_top/u_layer28/gen_pool.gen_pages[0].u_max_pool2d/N29.lt_0/gateop, insts:5.
I: Infer CARRY group, base inst: u_lprnet_top/u_layer28/gen_pool.gen_pages[0].u_max_pool2d/N39.lt_0/gateop, insts:5.
I: Infer CARRY group, base inst: u_lprnet_top/u_layer28/gen_pool.gen_pages[1].u_max_pool2d/N10.lt_0/gateop, insts:5.
I: Infer CARRY group, base inst: u_lprnet_top/u_layer28/gen_pool.gen_pages[1].u_max_pool2d/N13.lt_0/gateop, insts:5.
I: Infer CARRY group, base inst: u_lprnet_top/u_layer28/gen_pool.gen_pages[1].u_max_pool2d/N16.lt_0/gateop, insts:5.
I: Infer CARRY group, base inst: u_lprnet_top/u_layer28/gen_pool.gen_pages[1].u_max_pool2d/N20.lt_0/gateop, insts:5.
I: Infer CARRY group, base inst: u_lprnet_top/u_layer28/gen_pool.gen_pages[1].u_max_pool2d/N23.lt_0/gateop, insts:5.
I: Infer CARRY group, base inst: u_lprnet_top/u_layer28/gen_pool.gen_pages[1].u_max_pool2d/N26.lt_0/gateop, insts:5.
I: Infer CARRY group, base inst: u_lprnet_top/u_layer28/gen_pool.gen_pages[1].u_max_pool2d/N29.lt_0/gateop, insts:5.
I: Infer CARRY group, base inst: u_lprnet_top/u_layer28/gen_pool.gen_pages[1].u_max_pool2d/N39.lt_0/gateop, insts:5.
I: Infer CARRY group, base inst: u_lprnet_top/u_layer28/u_input_layer/N83_1_1/gateop, insts:10.
I: Infer CARRY group, base inst: u_lprnet_top/u_layer28/u_input_layer/N107_1_1/gateop, insts:10.
I: Infer CARRY group, base inst: u_lprnet_top/u_layer28/u_input_layer/N145_1_1/gateop, insts:10.
I: Infer CARRY group, base inst: u_lprnet_top/u_layer28/u_input_layer/N155_1_1/gateop, insts:10.
I: Infer CARRY group, base inst: u_lprnet_top/u_layer29/gen_conv.u_output_layer/N126_1/gateop, insts:24.
I: Infer CARRY group, base inst: u_lprnet_top/u_layer29/gen_conv.u_output_layer/N160_1/gateop, insts:29.
I: Infer CARRY group, base inst: u_lprnet_top/u_layer29/gen_conv.u_output_layer/N228_1/gateop, insts:29.
I: Infer CARRY group, base inst: u_lprnet_top/u_layer29/gen_conv.u_output_layer/N242_1/gateop, insts:19.
I: Infer CARRY group, base inst: u_lprnet_top/u_layer29/gen_conv.u_output_layer/N272_1/gateop, insts:24.
I: Infer CARRY group, base inst: u_lprnet_top/u_layer29/gen_conv.u_output_layer/N306_1/gateop, insts:29.
I: Infer CARRY group, base inst: u_lprnet_top/u_layer29/gen_conv.u_output_layer/N374_1/gateop, insts:29.
I: Infer CARRY group, base inst: u_lprnet_top/u_layer29/gen_conv.u_output_layer/N388_1/gateop, insts:19.
I: Infer CARRY group, base inst: u_lprnet_top/u_layer29/gen_conv.u_output_layer/N416_1/gateop, insts:24.
I: Infer CARRY group, base inst: u_lprnet_top/u_layer29/gen_conv.u_output_layer/N450_1/gateop, insts:29.
I: Infer CARRY group, base inst: u_lprnet_top/u_layer29/gen_conv.u_output_layer/N518_1/gateop, insts:29.
I: Infer CARRY group, base inst: u_lprnet_top/u_layer29/gen_conv.u_output_layer/N532_1/gateop, insts:19.
I: Infer CARRY group, base inst: u_lprnet_top/u_layer29/gen_conv.u_output_layer/N558_1/gateop, insts:24.
I: Infer CARRY group, base inst: u_lprnet_top/u_layer29/gen_conv.u_output_layer/N592_1/gateop, insts:29.
I: Infer CARRY group, base inst: u_lprnet_top/u_layer29/gen_conv.u_output_layer/N660_1/gateop, insts:29.
I: Infer CARRY group, base inst: u_lprnet_top/u_layer29/gen_conv.u_output_layer/N674_1/gateop, insts:19.
I: Infer CARRY group, base inst: u_lprnet_top/u_layer29/u_input_layer/N75_1_1/gateop, insts:9.
I: Infer CARRY group, base inst: u_lprnet_top/u_layer29/u_input_layer/N99_1_1/gateop, insts:9.
I: Infer CARRY group, base inst: u_lprnet_top/u_layer29/u_input_layer/N137_1_1/gateop, insts:9.
I: Infer CARRY group, base inst: u_lprnet_top/u_layer29/u_input_layer/N147_1_1/gateop, insts:9.
I: Infer CARRY group, base inst: u_lprnet_top/u_layer30/gen_conv.u_output_layer/N124_0_1/gateop, insts:22.
I: Infer CARRY group, base inst: u_lprnet_top/u_layer30/gen_conv.u_output_layer/N124_1_1/gateop, insts:23.
I: Infer CARRY group, base inst: u_lprnet_top/u_layer30/gen_conv.u_output_layer/N133_1/gateop, insts:28.
I: Infer CARRY group, base inst: u_lprnet_top/u_layer30/gen_conv.u_output_layer/N158_1/gateop, insts:28.
I: Infer CARRY group, base inst: u_lprnet_top/u_layer30/gen_conv.u_output_layer/N290_1/gateop, insts:28.
I: Infer CARRY group, base inst: u_lprnet_top/u_layer30/gen_conv.u_output_layer/N304_1/gateop, insts:18.
I: Infer CARRY group, base inst: u_lprnet_top/u_layer30/gen_conv.u_output_layer/N332_0_1/gateop, insts:22.
I: Infer CARRY group, base inst: u_lprnet_top/u_layer30/gen_conv.u_output_layer/N332_1_1/gateop, insts:23.
I: Infer CARRY group, base inst: u_lprnet_top/u_layer30/gen_conv.u_output_layer/N341_1/gateop, insts:28.
I: Infer CARRY group, base inst: u_lprnet_top/u_layer30/gen_conv.u_output_layer/N366_1/gateop, insts:28.
I: Infer CARRY group, base inst: u_lprnet_top/u_layer30/gen_conv.u_output_layer/N498_1/gateop, insts:28.
I: Infer CARRY group, base inst: u_lprnet_top/u_layer30/gen_conv.u_output_layer/N512_1/gateop, insts:18.
I: Infer CARRY group, base inst: u_lprnet_top/u_layer30/u_input_layer/N67_1_1/gateop, insts:9.
I: Infer CARRY group, base inst: u_lprnet_top/u_layer30/u_input_layer/N91_1_1/gateop, insts:9.
I: Infer CARRY group, base inst: u_lprnet_top/u_layer31/gen_conv.u_output_layer/N126_1/gateop, insts:20.
I: Infer CARRY group, base inst: u_lprnet_top/u_layer31/gen_conv.u_output_layer/N160_1/gateop, insts:26.
I: Infer CARRY group, base inst: u_lprnet_top/u_layer31/gen_conv.u_output_layer/N228_1/gateop, insts:26.
I: Infer CARRY group, base inst: u_lprnet_top/u_layer31/gen_conv.u_output_layer/N242_1/gateop, insts:16.
I: Infer CARRY group, base inst: u_lprnet_top/u_layer31/gen_conv.u_output_layer/N273_1/gateop, insts:20.
I: Infer CARRY group, base inst: u_lprnet_top/u_layer31/gen_conv.u_output_layer/N307_1/gateop, insts:26.
I: Infer CARRY group, base inst: u_lprnet_top/u_layer31/gen_conv.u_output_layer/N375_1/gateop, insts:26.
I: Infer CARRY group, base inst: u_lprnet_top/u_layer31/gen_conv.u_output_layer/N389_1/gateop, insts:16.
I: Infer CARRY group, base inst: u_lprnet_top/u_layer31/gen_conv.u_output_layer/N418_1/gateop, insts:20.
I: Infer CARRY group, base inst: u_lprnet_top/u_layer31/gen_conv.u_output_layer/N452_1/gateop, insts:26.
I: Infer CARRY group, base inst: u_lprnet_top/u_layer31/gen_conv.u_output_layer/N520_1/gateop, insts:26.
I: Infer CARRY group, base inst: u_lprnet_top/u_layer31/gen_conv.u_output_layer/N534_1/gateop, insts:16.
I: Infer CARRY group, base inst: u_lprnet_top/u_layer31/gen_conv.u_output_layer/N561_1/gateop, insts:20.
I: Infer CARRY group, base inst: u_lprnet_top/u_layer31/gen_conv.u_output_layer/N595_1/gateop, insts:26.
I: Infer CARRY group, base inst: u_lprnet_top/u_layer31/gen_conv.u_output_layer/N663_1/gateop, insts:26.
I: Infer CARRY group, base inst: u_lprnet_top/u_layer31/gen_conv.u_output_layer/N677_1/gateop, insts:16.
I: Infer CARRY group, base inst: u_lprnet_top/u_layer31/u_input_layer/N63_1_1/gateop, insts:10.
I: Infer CARRY group, base inst: u_lprnet_top/u_layer31/u_input_layer/N87_1_1/gateop, insts:10.
I: Infer CARRY group, base inst: u_lprnet_top/u_post_process/u_extrema_finder/N2.slt_0/gateop, insts:7.
I: Infer CARRY group, base inst: u_lprnet_top/u_post_process/u_extrema_finder/N7.slt_0/gateop, insts:7.
I: Infer CARRY group, base inst: u_lprnet_top/u_post_process/u_extrema_finder/N12.slt_0/gateop, insts:7.
I: Infer CARRY group, base inst: u_lprnet_top/u_post_process/u_extrema_finder/N37.slt_0/gateop, insts:7.
I: Infer CARRY group, base inst: u_lprnet_top/u_post_process/u_spatial_sum/N20_1_1/gateop, insts:9.
I: Infer CARRY group, base inst: u_lprnet_top/u_post_process/u_spatial_sum/N53_1/gateop, insts:13.
I: Infer CARRY group, base inst: u_lprnet_top/u_post_process/u_spatial_sum/N84_1/gateop, insts:13.
I: Infer CARRY group, base inst: u_lprnet_top/u_post_process/u_spatial_sum/N115_1/gateop, insts:13.
I: Infer CARRY group, base inst: u_lprnet_top/u_post_process/u_spatial_sum/N146_1/gateop, insts:13.
I: Infer CARRY group, base inst: u_top_yolo/u_layer0/genblk1.out_inst.u_output_layer/N66_1_0/gateop, insts:10.
I: Infer CARRY group, base inst: u_top_yolo/u_layer0/genblk1.out_inst.u_output_layer/N111_0_1/gateop, insts:22.
I: Infer CARRY group, base inst: u_top_yolo/u_layer0/genblk1.out_inst.u_output_layer/N111_1_1/gateop, insts:22.
I: Infer CARRY group, base inst: u_top_yolo/u_layer0/genblk1.out_inst.u_output_layer/N145_1/gateop, insts:22.
I: Infer CARRY group, base inst: u_top_yolo/u_layer0/genblk1.out_inst.u_output_layer/N165_1/gateop, insts:22.
I: Infer CARRY group, base inst: u_top_yolo/u_layer0/genblk1.out_inst.u_output_layer/N179_1/gateop, insts:13.
I: Infer CARRY group, base inst: u_top_yolo/u_layer0/u_input_layer/N85_1_1/gateop, insts:10.
I: Infer CARRY group, base inst: u_top_yolo/u_layer0/u_input_layer/N109_1_1/gateop, insts:10.
I: Infer CARRY group, base inst: u_top_yolo/u_layer0/u_input_layer/N147_1_1/gateop, insts:10.
I: Infer CARRY group, base inst: u_top_yolo/u_layer0/u_input_layer/N157_1_1/gateop, insts:10.
I: Infer CARRY group, base inst: u_top_yolo/u_layer0/u_input_layer/N188_1_1/gateop, insts:9.
I: Infer CARRY group, base inst: u_top_yolo/u_layer0/u_input_layer/N423_1.fsub_4/gateop, insts:7.
I: Infer CARRY group, base inst: u_top_yolo/u_layer0/u_input_layer/N427_1.fsub_4/gateop, insts:8.
I: Infer CARRY group, base inst: u_top_yolo/u_layer1/genblk1.out_inst.u_output_layer/N158_1/gateop, insts:24.
I: Infer CARRY group, base inst: u_top_yolo/u_layer1/genblk1.out_inst.u_output_layer/N170_1/gateop, insts:24.
I: Infer CARRY group, base inst: u_top_yolo/u_layer1/genblk1.out_inst.u_output_layer/N184_1/gateop, insts:18.
I: Infer CARRY group, base inst: u_top_yolo/u_layer1/genblk1.out_inst.u_output_layer/N246_1/gateop, insts:24.
I: Infer CARRY group, base inst: u_top_yolo/u_layer1/genblk1.out_inst.u_output_layer/N258_2/gateop, insts:23.
I: Infer CARRY group, base inst: u_top_yolo/u_layer1/genblk1.out_inst.u_output_layer/N272_1/gateop, insts:18.
I: Infer CARRY group, base inst: u_top_yolo/u_layer1/genblk1.out_inst.u_output_layer/N332_1/gateop, insts:24.
I: Infer CARRY group, base inst: u_top_yolo/u_layer1/genblk1.out_inst.u_output_layer/N344_1/gateop, insts:24.
I: Infer CARRY group, base inst: u_top_yolo/u_layer1/genblk1.out_inst.u_output_layer/N358_1/gateop, insts:18.
I: Infer CARRY group, base inst: u_top_yolo/u_layer1/genblk1.out_inst.u_output_layer/N416_1/gateop, insts:24.
I: Infer CARRY group, base inst: u_top_yolo/u_layer1/genblk1.out_inst.u_output_layer/N428_1/gateop, insts:24.
I: Infer CARRY group, base inst: u_top_yolo/u_layer1/genblk1.out_inst.u_output_layer/N442_1/gateop, insts:18.
I: Infer CARRY group, base inst: u_top_yolo/u_layer1/u_input_layer/N79_1_1/gateop, insts:12.
I: Infer CARRY group, base inst: u_top_yolo/u_layer1/u_input_layer/N101_1_1/gateop, insts:12.
I: Infer CARRY group, base inst: u_top_yolo/u_layer1/u_input_layer/N139_1_1/gateop, insts:12.
I: Infer CARRY group, base inst: u_top_yolo/u_layer1/u_input_layer/N149_1_1/gateop, insts:12.
I: Infer CARRY group, base inst: u_top_yolo/u_layer1/u_input_layer/N443_1.fsub_4/gateop, insts:7.
I: Infer CARRY group, base inst: u_top_yolo/u_layer2/genblk1.out_inst.u_output_layer/N121_0_1/gateop, insts:22.
I: Infer CARRY group, base inst: u_top_yolo/u_layer2/genblk1.out_inst.u_output_layer/N121_1_1/gateop, insts:23.
I: Infer CARRY group, base inst: u_top_yolo/u_layer2/genblk1.out_inst.u_output_layer/N130_1/gateop, insts:25.
I: Infer CARRY group, base inst: u_top_yolo/u_layer2/genblk1.out_inst.u_output_layer/N155_1/gateop, insts:25.
I: Infer CARRY group, base inst: u_top_yolo/u_layer2/genblk1.out_inst.u_output_layer/N223_1/gateop, insts:25.
I: Infer CARRY group, base inst: u_top_yolo/u_layer2/genblk1.out_inst.u_output_layer/N237_1/gateop, insts:17.
I: Infer CARRY group, base inst: u_top_yolo/u_layer2/u_input_layer/N87_1_1/gateop, insts:10.
I: Infer CARRY group, base inst: u_top_yolo/u_layer2/u_input_layer/N111_1_1/gateop, insts:10.
I: Infer CARRY group, base inst: u_top_yolo/u_layer2/u_input_layer/N149_1_1/gateop, insts:10.
I: Infer CARRY group, base inst: u_top_yolo/u_layer2/u_input_layer/N159_1_1/gateop, insts:10.
I: Infer CARRY group, base inst: u_top_yolo/u_layer3/genblk1.out_inst.u_output_layer/N158_1/gateop, insts:26.
I: Infer CARRY group, base inst: u_top_yolo/u_layer3/genblk1.out_inst.u_output_layer/N194_1/gateop, insts:26.
I: Infer CARRY group, base inst: u_top_yolo/u_layer3/genblk1.out_inst.u_output_layer/N208_1/gateop, insts:17.
I: Infer CARRY group, base inst: u_top_yolo/u_layer3/genblk1.out_inst.u_output_layer/N270_1/gateop, insts:26.
I: Infer CARRY group, base inst: u_top_yolo/u_layer3/genblk1.out_inst.u_output_layer/N306_1/gateop, insts:26.
I: Infer CARRY group, base inst: u_top_yolo/u_layer3/genblk1.out_inst.u_output_layer/N320_1/gateop, insts:17.
I: Infer CARRY group, base inst: u_top_yolo/u_layer3/genblk1.out_inst.u_output_layer/N380_1/gateop, insts:26.
I: Infer CARRY group, base inst: u_top_yolo/u_layer3/genblk1.out_inst.u_output_layer/N416_1/gateop, insts:26.
I: Infer CARRY group, base inst: u_top_yolo/u_layer3/genblk1.out_inst.u_output_layer/N430_1/gateop, insts:17.
I: Infer CARRY group, base inst: u_top_yolo/u_layer3/genblk1.out_inst.u_output_layer/N488_1/gateop, insts:26.
I: Infer CARRY group, base inst: u_top_yolo/u_layer3/genblk1.out_inst.u_output_layer/N524_1/gateop, insts:26.
I: Infer CARRY group, base inst: u_top_yolo/u_layer3/genblk1.out_inst.u_output_layer/N538_1/gateop, insts:17.
I: Infer CARRY group, base inst: u_top_yolo/u_layer3/u_input_layer/N81_1_1/gateop, insts:12.
I: Infer CARRY group, base inst: u_top_yolo/u_layer3/u_input_layer/N105_1_1/gateop, insts:12.
I: Infer CARRY group, base inst: u_top_yolo/u_layer3/u_input_layer/N143_1_1/gateop, insts:12.
I: Infer CARRY group, base inst: u_top_yolo/u_layer3/u_input_layer/N153_1_1/gateop, insts:12.
I: Infer CARRY group, base inst: u_top_yolo/u_layer4/genblk1.out_inst.u_output_layer/N124_0_1/gateop, insts:22.
I: Infer CARRY group, base inst: u_top_yolo/u_layer4/genblk1.out_inst.u_output_layer/N124_1_1/gateop, insts:23.
I: Infer CARRY group, base inst: u_top_yolo/u_layer4/genblk1.out_inst.u_output_layer/N133_1/gateop, insts:27.
I: Infer CARRY group, base inst: u_top_yolo/u_layer4/genblk1.out_inst.u_output_layer/N158_1/gateop, insts:27.
I: Infer CARRY group, base inst: u_top_yolo/u_layer4/genblk1.out_inst.u_output_layer/N226_1/gateop, insts:27.
I: Infer CARRY group, base inst: u_top_yolo/u_layer4/genblk1.out_inst.u_output_layer/N240_1/gateop, insts:19.
I: Infer CARRY group, base inst: u_top_yolo/u_layer4/genblk1.out_inst.u_output_layer/N268_0_1/gateop, insts:22.
I: Infer CARRY group, base inst: u_top_yolo/u_layer4/genblk1.out_inst.u_output_layer/N268_1_1/gateop, insts:23.
I: Infer CARRY group, base inst: u_top_yolo/u_layer4/genblk1.out_inst.u_output_layer/N277_1/gateop, insts:27.
I: Infer CARRY group, base inst: u_top_yolo/u_layer4/genblk1.out_inst.u_output_layer/N302_1/gateop, insts:27.
I: Infer CARRY group, base inst: u_top_yolo/u_layer4/genblk1.out_inst.u_output_layer/N370_1/gateop, insts:27.
I: Infer CARRY group, base inst: u_top_yolo/u_layer4/genblk1.out_inst.u_output_layer/N384_1/gateop, insts:19.
I: Infer CARRY group, base inst: u_top_yolo/u_layer4/u_input_layer/N79_1_1/gateop, insts:10.
I: Infer CARRY group, base inst: u_top_yolo/u_layer4/u_input_layer/N103_1_1/gateop, insts:10.
I: Infer CARRY group, base inst: u_top_yolo/u_layer4/u_input_layer/N141_1_1/gateop, insts:10.
I: Infer CARRY group, base inst: u_top_yolo/u_layer4/u_input_layer/N151_1_1/gateop, insts:10.
I: Infer CARRY group, base inst: u_top_yolo/u_layer5/genblk1.out_inst.u_output_layer/N122_1/gateop, insts:22.
I: Infer CARRY group, base inst: u_top_yolo/u_layer5/genblk1.out_inst.u_output_layer/N156_1/gateop, insts:27.
I: Infer CARRY group, base inst: u_top_yolo/u_layer5/genblk1.out_inst.u_output_layer/N192_1/gateop, insts:27.
I: Infer CARRY group, base inst: u_top_yolo/u_layer5/genblk1.out_inst.u_output_layer/N206_1/gateop, insts:18.
I: Infer CARRY group, base inst: u_top_yolo/u_layer5/genblk1.out_inst.u_output_layer/N232_1/gateop, insts:22.
I: Infer CARRY group, base inst: u_top_yolo/u_layer5/genblk1.out_inst.u_output_layer/N266_1/gateop, insts:27.
I: Infer CARRY group, base inst: u_top_yolo/u_layer5/genblk1.out_inst.u_output_layer/N302_1/gateop, insts:27.
I: Infer CARRY group, base inst: u_top_yolo/u_layer5/genblk1.out_inst.u_output_layer/N316_1/gateop, insts:18.
I: Infer CARRY group, base inst: u_top_yolo/u_layer5/u_input_layer/N75_1_1/gateop, insts:11.
I: Infer CARRY group, base inst: u_top_yolo/u_layer5/u_input_layer/N99_1_1/gateop, insts:11.
I: Infer CARRY group, base inst: u_top_yolo/u_layer5/u_input_layer/N137_1_1/gateop, insts:11.
I: Infer CARRY group, base inst: u_top_yolo/u_layer5/u_input_layer/N147_1_1/gateop, insts:11.
I: Infer CARRY group, base inst: u_top_yolo/u_layer6/genblk1.out_inst.u_output_layer/N119_1/gateop, insts:22.
I: Infer CARRY group, base inst: u_top_yolo/u_layer6/genblk1.out_inst.u_output_layer/N153_1/gateop, insts:26.
I: Infer CARRY group, base inst: u_top_yolo/u_layer6/genblk1.out_inst.u_output_layer/N221_1/gateop, insts:26.
I: Infer CARRY group, base inst: u_top_yolo/u_layer6/genblk1.out_inst.u_output_layer/N235_1/gateop, insts:19.
I: Infer CARRY group, base inst: u_top_yolo/u_layer6/u_input_layer/N75_1_1/gateop, insts:10.
I: Infer CARRY group, base inst: u_top_yolo/u_layer6/u_input_layer/N99_1_1/gateop, insts:10.
I: Infer CARRY group, base inst: u_top_yolo/u_layer6/u_input_layer/N137_1_1/gateop, insts:10.
I: Infer CARRY group, base inst: u_top_yolo/u_layer6/u_input_layer/N147_1_1/gateop, insts:10.
I: Infer CARRY group, base inst: u_top_yolo/u_layer7/genblk1.out_inst.u_output_layer/N151_1/gateop, insts:22.
I: Infer CARRY group, base inst: u_top_yolo/u_layer7/genblk1.out_inst.u_output_layer/N187_1/gateop, insts:22.
I: Infer CARRY group, base inst: u_top_yolo/u_layer7/genblk1.out_inst.u_output_layer/N201_1/gateop, insts:13.
I: Infer CARRY group, base inst: u_top_yolo/u_layer7/u_input_layer/N61_1_1/gateop, insts:11.
I: Infer CARRY group, base inst: u_top_yolo/u_layer7/u_input_layer/N85_1_1/gateop, insts:11.
I: Infer CARRY group, base inst: u_top_yolo/u_layer8/genblk1.out_inst.u_output_layer/N122_1/gateop, insts:22.
I: Infer CARRY group, base inst: u_top_yolo/u_layer8/genblk1.out_inst.u_output_layer/N156_1/gateop, insts:27.
I: Infer CARRY group, base inst: u_top_yolo/u_layer8/genblk1.out_inst.u_output_layer/N192_1/gateop, insts:27.
I: Infer CARRY group, base inst: u_top_yolo/u_layer8/genblk1.out_inst.u_output_layer/N206_1/gateop, insts:18.
I: Infer CARRY group, base inst: u_top_yolo/u_layer8/genblk1.out_inst.u_output_layer/N232_1/gateop, insts:22.
I: Infer CARRY group, base inst: u_top_yolo/u_layer8/genblk1.out_inst.u_output_layer/N266_1/gateop, insts:27.
I: Infer CARRY group, base inst: u_top_yolo/u_layer8/genblk1.out_inst.u_output_layer/N302_1/gateop, insts:27.
I: Infer CARRY group, base inst: u_top_yolo/u_layer8/genblk1.out_inst.u_output_layer/N316_1/gateop, insts:18.
I: Infer CARRY group, base inst: u_top_yolo/u_layer8/u_input_layer/N75_1_1/gateop, insts:11.
I: Infer CARRY group, base inst: u_top_yolo/u_layer8/u_input_layer/N99_1_1/gateop, insts:11.
I: Infer CARRY group, base inst: u_top_yolo/u_layer8/u_input_layer/N137_1_1/gateop, insts:11.
I: Infer CARRY group, base inst: u_top_yolo/u_layer8/u_input_layer/N147_1_1/gateop, insts:11.
I: Infer CARRY group, base inst: u_top_yolo/u_layer9/genblk1.out_inst.u_output_layer/N119_1/gateop, insts:22.
I: Infer CARRY group, base inst: u_top_yolo/u_layer9/genblk1.out_inst.u_output_layer/N153_1/gateop, insts:26.
I: Infer CARRY group, base inst: u_top_yolo/u_layer9/genblk1.out_inst.u_output_layer/N221_1/gateop, insts:26.
I: Infer CARRY group, base inst: u_top_yolo/u_layer9/genblk1.out_inst.u_output_layer/N235_1/gateop, insts:18.
I: Infer CARRY group, base inst: u_top_yolo/u_layer9/u_input_layer/N75_1_1/gateop, insts:10.
I: Infer CARRY group, base inst: u_top_yolo/u_layer9/u_input_layer/N99_1_1/gateop, insts:10.
I: Infer CARRY group, base inst: u_top_yolo/u_layer9/u_input_layer/N137_1_1/gateop, insts:10.
I: Infer CARRY group, base inst: u_top_yolo/u_layer9/u_input_layer/N147_1_1/gateop, insts:10.
I: Infer CARRY group, base inst: u_top_yolo/u_layer10/genblk1.out_inst.u_output_layer/N151_1/gateop, insts:22.
I: Infer CARRY group, base inst: u_top_yolo/u_layer10/genblk1.out_inst.u_output_layer/N187_2/gateop, insts:21.
I: Infer CARRY group, base inst: u_top_yolo/u_layer10/genblk1.out_inst.u_output_layer/N201_1/gateop, insts:13.
I: Infer CARRY group, base inst: u_top_yolo/u_layer10/u_input_layer/N61_1_1/gateop, insts:11.
I: Infer CARRY group, base inst: u_top_yolo/u_layer10/u_input_layer/N85_1_1/gateop, insts:11.
I: Infer CARRY group, base inst: u_top_yolo/u_post_process/u_finder/N19.slt_0/gateop, insts:5.
I: Infer CARRY group, base inst: u_ddr_video_delay_sync/u_ddr3_test/u_ddrphy_top/ddrphy_cpd_ctrl/N166_1_1/gateop, insts:9.
I: Infer CARRY group, base inst: u_ddr_video_delay_sync/u_ddr3_test/u_ddrphy_top/ddrphy_dll_update_ctrl/N64_1_1/gateop, insts:18.
I: Infer CARRY group, base inst: u_ddr_video_delay_sync/u_ddr3_test/u_ddrphy_top/ddrphy_dll_update_ctrl/N103/gateop, insts:2.
I: Infer CARRY group, base inst: u_ddr_video_delay_sync/u_ddr3_test/u_ddrphy_top/ddrphy_reset_ctrl/N250_10/gateop, insts:2.
I: Infer CARRY group, base inst: u_ddr_video_delay_sync/u_ddr3_test/u_ddrphy_top/u_ips2l_ddrphy_rst_clk_phase_adj/N81_1_1/gateop, insts:9.
I: Infer CARRY group, base inst: u_ddr_video_delay_sync/u_ddr3_test/u_ips_ddrc_top/mcdq_ui_axi/N69_2_0/gateop, insts:26.
I: Infer CARRY group, base inst: u_ddr_video_delay_sync/u_ddr3_test/u_ips_ddrc_top/mcdq_ui_axi/N185.eq_0/gateop, insts:8.
I: Infer CARRY group, base inst: u_ddr_video_delay_sync/u_ddr3_test/u_ips_ddrc_top/mcdq_ui_axi/column_addr_end_1_0/gateop, insts:8.
I: Infer CARRY group, base inst: u_lprnet_top/u_layer29/gen_conv.gen_pages[0].page0.u_pe_page/u_w_manager/N7_1_1/gateop, insts:9.
I: Infer CARRY group, base inst: u_lprnet_top/u_layer30/gen_conv.gen_pages[0].page0.u_pe_page/u_w_manager/N7_1_1/gateop, insts:10.
I: Infer CARRY group, base inst: u_lprnet_top/u_layer31/gen_conv.gen_pages[0].page0.u_pe_page/u_w_manager/N7_1_1/gateop, insts:10.
I: Infer CARRY group, base inst: u_ddr_video_delay_sync/u_ddr3_test/u_ddrphy_top/ddrphy_calib_top/ddrphy_init/N4_1_1/gateop, insts:19.
I: Infer CARRY group, base inst: u_ddr_video_delay_sync/u_ddr3_test/u_ddrphy_top/ddrphy_calib_top/ddrphy_init/N24_1_1/gateop, insts:19.
I: Infer CARRY group, base inst: u_ddr_video_delay_sync/u_ddr3_test/u_ddrphy_top/ddrphy_calib_top/ddrphy_init/N116_1_1/gateop, insts:9.
I: Infer CARRY group, base inst: u_ddr_video_delay_sync/u_ddr3_test/u_ddrphy_top/ddrphy_calib_top/ddrphy_init/N350_1/gateop, insts:2.
I: Infer CARRY group, base inst: u_ddr_video_delay_sync/u_ddr3_test/u_ddrphy_top/ddrphy_calib_top/ddrphy_wrcal/N30_1_1/gateop, insts:17.
I: Infer CARRY group, base inst: u_ddr_video_delay_sync/u_ddr3_test/u_ddrphy_top/ddrphy_reset_ctrl/ddrphy_pll_lock_debounce/N11_1_1/gateop, insts:18.
I: Infer CARRY group, base inst: u_ddr_video_delay_sync/u_ddr3_test/u_ddrphy_top/ddrphy_reset_ctrl/ddrphy_pll_lock_debounce/N39_41/gateop, insts:4.
I: Infer CARRY group, base inst: u_ddr_video_delay_sync/u_ddr3_test/u_ips_ddrc_top/mcdq_dcd_top/mcdq_dcd_bm/N37_1_1/gateop, insts:12.
I: Infer CARRY group, base inst: u_ddr_video_delay_sync/u_ddr3_test/u_ips_ddrc_top/mcdq_dcp_top/mcdq_dcp_back_ctrl/N210/gateop, insts:2.
I: Infer CARRY group, base inst: u_lprnet_top/u_layer20/gen_conv.gen_pages[1].page1.u_pe_page/pe_col_inst[0].u_pe_col/pe_inst[0].u_pe_3/N5_1/gateop, insts:22.
I: Infer CARRY group, base inst: u_lprnet_top/u_layer20/gen_conv.gen_pages[1].page1.u_pe_page/pe_col_inst[0].u_pe_col/pe_inst[0].u_pe_4/N5_1/gateop, insts:22.
I: Infer CARRY group, base inst: u_lprnet_top/u_layer20/gen_conv.gen_pages[1].page1.u_pe_page/pe_col_inst[0].u_pe_col/pe_inst[0].u_pe_5/N5_1/gateop, insts:22.
I: Infer CARRY group, base inst: u_lprnet_top/u_layer21/gen_conv.gen_pages[0].page0.u_pe_page/pe_col_inst[0].u_pe_col/pe_inst[0].u_pe_1/N5_1/gateop, insts:23.
I: Infer CARRY group, base inst: u_lprnet_top/u_layer21/gen_conv.gen_pages[0].page0.u_pe_page/pe_col_inst[0].u_pe_col/pe_inst[0].u_pe_2/N5_1/gateop, insts:23.
I: Infer CARRY group, base inst: u_lprnet_top/u_layer21/gen_conv.gen_pages[0].page0.u_pe_page/pe_col_inst[0].u_pe_col/pe_inst[0].u_pe_3/N5_1/gateop, insts:23.
I: Infer CARRY group, base inst: u_lprnet_top/u_layer21/gen_conv.gen_pages[0].page0.u_pe_page/pe_col_inst[0].u_pe_col/pe_inst[0].u_pe_4/N5_1/gateop, insts:23.
I: Infer CARRY group, base inst: u_lprnet_top/u_layer21/gen_conv.gen_pages[0].page0.u_pe_page/pe_col_inst[0].u_pe_col/pe_inst[0].u_pe_5/N5_1/gateop, insts:23.
I: Infer CARRY group, base inst: u_lprnet_top/u_layer21/gen_conv.gen_pages[0].page0.u_pe_page/pe_col_inst[0].u_pe_col/pe_inst[0].u_pe_6/N5_1/gateop, insts:23.
I: Infer CARRY group, base inst: u_lprnet_top/u_layer21/gen_conv.gen_pages[0].page0.u_pe_page/pe_col_inst[0].u_pe_col/pe_inst[0].u_pe_7/N5_1/gateop, insts:23.
I: Infer CARRY group, base inst: u_lprnet_top/u_layer21/gen_conv.gen_pages[0].page0.u_pe_page/pe_col_inst[0].u_pe_col/pe_inst[0].u_pe_8/N5_1/gateop, insts:23.
I: Infer CARRY group, base inst: u_lprnet_top/u_layer21/gen_conv.gen_pages[0].page0.u_pe_page/pe_col_inst[1].u_pe_col/pe_inst[0].u_pe_1/N5_1/gateop, insts:23.
I: Infer CARRY group, base inst: u_lprnet_top/u_layer21/gen_conv.gen_pages[0].page0.u_pe_page/pe_col_inst[1].u_pe_col/pe_inst[0].u_pe_2/N5_1/gateop, insts:23.
I: Infer CARRY group, base inst: u_lprnet_top/u_layer21/gen_conv.gen_pages[0].page0.u_pe_page/pe_col_inst[1].u_pe_col/pe_inst[0].u_pe_3/N5_1/gateop, insts:23.
I: Infer CARRY group, base inst: u_lprnet_top/u_layer21/gen_conv.gen_pages[0].page0.u_pe_page/pe_col_inst[1].u_pe_col/pe_inst[0].u_pe_4/N5_1/gateop, insts:23.
I: Infer CARRY group, base inst: u_lprnet_top/u_layer21/gen_conv.gen_pages[0].page0.u_pe_page/pe_col_inst[1].u_pe_col/pe_inst[0].u_pe_5/N5_1/gateop, insts:23.
I: Infer CARRY group, base inst: u_lprnet_top/u_layer21/gen_conv.gen_pages[0].page0.u_pe_page/pe_col_inst[1].u_pe_col/pe_inst[0].u_pe_6/N5_1/gateop, insts:23.
I: Infer CARRY group, base inst: u_lprnet_top/u_layer21/gen_conv.gen_pages[0].page0.u_pe_page/pe_col_inst[1].u_pe_col/pe_inst[0].u_pe_7/N5_1/gateop, insts:23.
I: Infer CARRY group, base inst: u_lprnet_top/u_layer21/gen_conv.gen_pages[0].page0.u_pe_page/pe_col_inst[1].u_pe_col/pe_inst[0].u_pe_8/N5_1/gateop, insts:23.
I: Infer CARRY group, base inst: u_lprnet_top/u_layer23/gen_conv.gen_pages[0].page0.u_pe_page/pe_col_inst[0].u_pe_col/pe_inst[0].u_pe_1/N5_1/gateop, insts:23.
I: Infer CARRY group, base inst: u_lprnet_top/u_layer23/gen_conv.gen_pages[0].page0.u_pe_page/pe_col_inst[0].u_pe_col/pe_inst[0].u_pe_2/N5_1/gateop, insts:23.
I: Infer CARRY group, base inst: u_lprnet_top/u_layer23/gen_conv.gen_pages[0].page0.u_pe_page/pe_col_inst[0].u_pe_col/pe_inst[0].u_pe_3/N5_1/gateop, insts:23.
I: Infer CARRY group, base inst: u_lprnet_top/u_layer23/gen_conv.gen_pages[0].page0.u_pe_page/pe_col_inst[0].u_pe_col/pe_inst[0].u_pe_4/N5_1/gateop, insts:23.
I: Infer CARRY group, base inst: u_lprnet_top/u_layer23/gen_conv.gen_pages[0].page0.u_pe_page/pe_col_inst[0].u_pe_col/pe_inst[0].u_pe_5/N5_1/gateop, insts:23.
I: Infer CARRY group, base inst: u_lprnet_top/u_layer23/gen_conv.gen_pages[0].page0.u_pe_page/pe_col_inst[0].u_pe_col/pe_inst[0].u_pe_6/N5_1/gateop, insts:23.
I: Infer CARRY group, base inst: u_lprnet_top/u_layer23/gen_conv.gen_pages[0].page0.u_pe_page/pe_col_inst[0].u_pe_col/pe_inst[0].u_pe_7/N5_1/gateop, insts:23.
I: Infer CARRY group, base inst: u_lprnet_top/u_layer23/gen_conv.gen_pages[0].page0.u_pe_page/pe_col_inst[0].u_pe_col/pe_inst[0].u_pe_8/N5_1/gateop, insts:23.
I: Infer CARRY group, base inst: u_lprnet_top/u_layer23/gen_conv.gen_pages[0].page0.u_pe_page/pe_col_inst[1].u_pe_col/pe_inst[0].u_pe_1/N5_1/gateop, insts:23.
I: Infer CARRY group, base inst: u_lprnet_top/u_layer23/gen_conv.gen_pages[0].page0.u_pe_page/pe_col_inst[1].u_pe_col/pe_inst[0].u_pe_2/N5_1/gateop, insts:23.
I: Infer CARRY group, base inst: u_lprnet_top/u_layer23/gen_conv.gen_pages[0].page0.u_pe_page/pe_col_inst[1].u_pe_col/pe_inst[0].u_pe_3/N5_1/gateop, insts:23.
I: Infer CARRY group, base inst: u_lprnet_top/u_layer23/gen_conv.gen_pages[0].page0.u_pe_page/pe_col_inst[1].u_pe_col/pe_inst[0].u_pe_4/N5_1/gateop, insts:23.
I: Infer CARRY group, base inst: u_lprnet_top/u_layer23/gen_conv.gen_pages[0].page0.u_pe_page/pe_col_inst[1].u_pe_col/pe_inst[0].u_pe_5/N5_1/gateop, insts:23.
I: Infer CARRY group, base inst: u_lprnet_top/u_layer23/gen_conv.gen_pages[0].page0.u_pe_page/pe_col_inst[1].u_pe_col/pe_inst[0].u_pe_6/N5_1/gateop, insts:23.
I: Infer CARRY group, base inst: u_lprnet_top/u_layer23/gen_conv.gen_pages[0].page0.u_pe_page/pe_col_inst[1].u_pe_col/pe_inst[0].u_pe_7/N5_1/gateop, insts:23.
I: Infer CARRY group, base inst: u_lprnet_top/u_layer23/gen_conv.gen_pages[0].page0.u_pe_page/pe_col_inst[1].u_pe_col/pe_inst[0].u_pe_8/N5_1/gateop, insts:23.
I: Infer CARRY group, base inst: u_lprnet_top/u_layer23/gen_conv.gen_pages[1].page1.u_pe_page/pe_col_inst[0].u_pe_col/pe_inst[0].u_pe_1/N5_1/gateop, insts:23.
I: Infer CARRY group, base inst: u_lprnet_top/u_layer23/gen_conv.gen_pages[1].page1.u_pe_page/pe_col_inst[0].u_pe_col/pe_inst[0].u_pe_2/N5_1/gateop, insts:23.
I: Infer CARRY group, base inst: u_lprnet_top/u_layer23/gen_conv.gen_pages[1].page1.u_pe_page/pe_col_inst[0].u_pe_col/pe_inst[0].u_pe_3/N5_1/gateop, insts:23.
I: Infer CARRY group, base inst: u_lprnet_top/u_layer23/gen_conv.gen_pages[1].page1.u_pe_page/pe_col_inst[0].u_pe_col/pe_inst[0].u_pe_4/N5_1/gateop, insts:23.
I: Infer CARRY group, base inst: u_lprnet_top/u_layer23/gen_conv.gen_pages[1].page1.u_pe_page/pe_col_inst[0].u_pe_col/pe_inst[0].u_pe_5/N5_1/gateop, insts:23.
I: Infer CARRY group, base inst: u_lprnet_top/u_layer23/gen_conv.gen_pages[1].page1.u_pe_page/pe_col_inst[0].u_pe_col/pe_inst[0].u_pe_6/N5_1/gateop, insts:23.
I: Infer CARRY group, base inst: u_lprnet_top/u_layer23/gen_conv.gen_pages[1].page1.u_pe_page/pe_col_inst[0].u_pe_col/pe_inst[0].u_pe_7/N5_1/gateop, insts:23.
I: Infer CARRY group, base inst: u_lprnet_top/u_layer23/gen_conv.gen_pages[1].page1.u_pe_page/pe_col_inst[0].u_pe_col/pe_inst[0].u_pe_8/N5_1/gateop, insts:23.
I: Infer CARRY group, base inst: u_lprnet_top/u_layer23/gen_conv.gen_pages[1].page1.u_pe_page/pe_col_inst[1].u_pe_col/pe_inst[0].u_pe_1/N5_1/gateop, insts:23.
I: Infer CARRY group, base inst: u_lprnet_top/u_layer23/gen_conv.gen_pages[1].page1.u_pe_page/pe_col_inst[1].u_pe_col/pe_inst[0].u_pe_2/N5_1/gateop, insts:23.
I: Infer CARRY group, base inst: u_lprnet_top/u_layer23/gen_conv.gen_pages[1].page1.u_pe_page/pe_col_inst[1].u_pe_col/pe_inst[0].u_pe_3/N5_1/gateop, insts:23.
I: Infer CARRY group, base inst: u_lprnet_top/u_layer23/gen_conv.gen_pages[1].page1.u_pe_page/pe_col_inst[1].u_pe_col/pe_inst[0].u_pe_4/N5_1/gateop, insts:23.
I: Infer CARRY group, base inst: u_lprnet_top/u_layer23/gen_conv.gen_pages[1].page1.u_pe_page/pe_col_inst[1].u_pe_col/pe_inst[0].u_pe_5/N5_1/gateop, insts:23.
I: Infer CARRY group, base inst: u_lprnet_top/u_layer23/gen_conv.gen_pages[1].page1.u_pe_page/pe_col_inst[1].u_pe_col/pe_inst[0].u_pe_6/N5_1/gateop, insts:23.
I: Infer CARRY group, base inst: u_lprnet_top/u_layer23/gen_conv.gen_pages[1].page1.u_pe_page/pe_col_inst[1].u_pe_col/pe_inst[0].u_pe_7/N5_1/gateop, insts:23.
I: Infer CARRY group, base inst: u_lprnet_top/u_layer23/gen_conv.gen_pages[1].page1.u_pe_page/pe_col_inst[1].u_pe_col/pe_inst[0].u_pe_8/N5_1/gateop, insts:23.
I: Infer CARRY group, base inst: u_lprnet_top/u_layer24/gen_conv.gen_pages[0].page0.u_pe_page/pe_col_inst[0].u_pe_col/pe_inst[0].u_pe_1/N5_1/gateop, insts:23.
I: Infer CARRY group, base inst: u_lprnet_top/u_layer24/gen_conv.gen_pages[0].page0.u_pe_page/pe_col_inst[0].u_pe_col/pe_inst[0].u_pe_2/N5_1/gateop, insts:23.
I: Infer CARRY group, base inst: u_lprnet_top/u_layer24/gen_conv.gen_pages[0].page0.u_pe_page/pe_col_inst[0].u_pe_col/pe_inst[0].u_pe_3/N5_1/gateop, insts:23.
I: Infer CARRY group, base inst: u_lprnet_top/u_layer24/gen_conv.gen_pages[0].page0.u_pe_page/pe_col_inst[0].u_pe_col/pe_inst[0].u_pe_4/N5_1/gateop, insts:23.
I: Infer CARRY group, base inst: u_lprnet_top/u_layer24/gen_conv.gen_pages[0].page0.u_pe_page/pe_col_inst[0].u_pe_col/pe_inst[0].u_pe_5/N5_1/gateop, insts:23.
I: Infer CARRY group, base inst: u_lprnet_top/u_layer24/gen_conv.gen_pages[0].page0.u_pe_page/pe_col_inst[0].u_pe_col/pe_inst[0].u_pe_6/N5_1/gateop, insts:23.
I: Infer CARRY group, base inst: u_lprnet_top/u_layer24/gen_conv.gen_pages[0].page0.u_pe_page/pe_col_inst[0].u_pe_col/pe_inst[0].u_pe_7/N5_1/gateop, insts:23.
I: Infer CARRY group, base inst: u_lprnet_top/u_layer24/gen_conv.gen_pages[0].page0.u_pe_page/pe_col_inst[0].u_pe_col/pe_inst[0].u_pe_8/N5_1/gateop, insts:23.
I: Infer CARRY group, base inst: u_lprnet_top/u_layer24/gen_conv.gen_pages[0].page0.u_pe_page/pe_col_inst[1].u_pe_col/pe_inst[0].u_pe_1/N5_1/gateop, insts:23.
I: Infer CARRY group, base inst: u_lprnet_top/u_layer24/gen_conv.gen_pages[0].page0.u_pe_page/pe_col_inst[1].u_pe_col/pe_inst[0].u_pe_2/N5_1/gateop, insts:23.
I: Infer CARRY group, base inst: u_lprnet_top/u_layer24/gen_conv.gen_pages[0].page0.u_pe_page/pe_col_inst[1].u_pe_col/pe_inst[0].u_pe_3/N5_1/gateop, insts:23.
I: Infer CARRY group, base inst: u_lprnet_top/u_layer24/gen_conv.gen_pages[0].page0.u_pe_page/pe_col_inst[1].u_pe_col/pe_inst[0].u_pe_4/N5_1/gateop, insts:23.
I: Infer CARRY group, base inst: u_lprnet_top/u_layer24/gen_conv.gen_pages[0].page0.u_pe_page/pe_col_inst[1].u_pe_col/pe_inst[0].u_pe_5/N5_1/gateop, insts:23.
I: Infer CARRY group, base inst: u_lprnet_top/u_layer24/gen_conv.gen_pages[0].page0.u_pe_page/pe_col_inst[1].u_pe_col/pe_inst[0].u_pe_6/N5_1/gateop, insts:23.
I: Infer CARRY group, base inst: u_lprnet_top/u_layer24/gen_conv.gen_pages[0].page0.u_pe_page/pe_col_inst[1].u_pe_col/pe_inst[0].u_pe_7/N5_1/gateop, insts:23.
I: Infer CARRY group, base inst: u_lprnet_top/u_layer24/gen_conv.gen_pages[0].page0.u_pe_page/pe_col_inst[1].u_pe_col/pe_inst[0].u_pe_8/N5_1/gateop, insts:23.
I: Infer CARRY group, base inst: u_lprnet_top/u_layer24/gen_conv.gen_pages[1].page1.u_pe_page/pe_col_inst[0].u_pe_col/pe_inst[0].u_pe_1/N5_1/gateop, insts:23.
I: Infer CARRY group, base inst: u_lprnet_top/u_layer24/gen_conv.gen_pages[1].page1.u_pe_page/pe_col_inst[0].u_pe_col/pe_inst[0].u_pe_2/N5_1/gateop, insts:23.
I: Infer CARRY group, base inst: u_lprnet_top/u_layer24/gen_conv.gen_pages[1].page1.u_pe_page/pe_col_inst[0].u_pe_col/pe_inst[0].u_pe_3/N5_1/gateop, insts:23.
I: Infer CARRY group, base inst: u_lprnet_top/u_layer24/gen_conv.gen_pages[1].page1.u_pe_page/pe_col_inst[0].u_pe_col/pe_inst[0].u_pe_4/N5_1/gateop, insts:23.
I: Infer CARRY group, base inst: u_lprnet_top/u_layer24/gen_conv.gen_pages[1].page1.u_pe_page/pe_col_inst[0].u_pe_col/pe_inst[0].u_pe_5/N5_1/gateop, insts:23.
I: Infer CARRY group, base inst: u_lprnet_top/u_layer24/gen_conv.gen_pages[1].page1.u_pe_page/pe_col_inst[0].u_pe_col/pe_inst[0].u_pe_6/N5_1/gateop, insts:23.
I: Infer CARRY group, base inst: u_lprnet_top/u_layer24/gen_conv.gen_pages[1].page1.u_pe_page/pe_col_inst[0].u_pe_col/pe_inst[0].u_pe_7/N5_1/gateop, insts:23.
I: Infer CARRY group, base inst: u_lprnet_top/u_layer24/gen_conv.gen_pages[1].page1.u_pe_page/pe_col_inst[0].u_pe_col/pe_inst[0].u_pe_8/N5_1/gateop, insts:23.
I: Infer CARRY group, base inst: u_lprnet_top/u_layer24/gen_conv.gen_pages[1].page1.u_pe_page/pe_col_inst[1].u_pe_col/pe_inst[0].u_pe_1/N5_1/gateop, insts:23.
I: Infer CARRY group, base inst: u_lprnet_top/u_layer24/gen_conv.gen_pages[1].page1.u_pe_page/pe_col_inst[1].u_pe_col/pe_inst[0].u_pe_2/N5_1/gateop, insts:23.
I: Infer CARRY group, base inst: u_lprnet_top/u_layer24/gen_conv.gen_pages[1].page1.u_pe_page/pe_col_inst[1].u_pe_col/pe_inst[0].u_pe_3/N5_1/gateop, insts:23.
I: Infer CARRY group, base inst: u_lprnet_top/u_layer24/gen_conv.gen_pages[1].page1.u_pe_page/pe_col_inst[1].u_pe_col/pe_inst[0].u_pe_4/N5_1/gateop, insts:23.
I: Infer CARRY group, base inst: u_lprnet_top/u_layer24/gen_conv.gen_pages[1].page1.u_pe_page/pe_col_inst[1].u_pe_col/pe_inst[0].u_pe_5/N5_1/gateop, insts:23.
I: Infer CARRY group, base inst: u_lprnet_top/u_layer24/gen_conv.gen_pages[1].page1.u_pe_page/pe_col_inst[1].u_pe_col/pe_inst[0].u_pe_6/N5_1/gateop, insts:23.
I: Infer CARRY group, base inst: u_lprnet_top/u_layer24/gen_conv.gen_pages[1].page1.u_pe_page/pe_col_inst[1].u_pe_col/pe_inst[0].u_pe_7/N5_1/gateop, insts:23.
I: Infer CARRY group, base inst: u_lprnet_top/u_layer24/gen_conv.gen_pages[1].page1.u_pe_page/pe_col_inst[1].u_pe_col/pe_inst[0].u_pe_8/N5_1/gateop, insts:23.
I: Infer CARRY group, base inst: u_lprnet_top/u_layer26/gen_conv.gen_pages[0].page0.u_pe_page/pe_col_inst[0].u_pe_col/pe_inst[0].u_pe_1/N5_1/gateop, insts:23.
I: Infer CARRY group, base inst: u_lprnet_top/u_layer26/gen_conv.gen_pages[0].page0.u_pe_page/pe_col_inst[0].u_pe_col/pe_inst[0].u_pe_2/N5_1/gateop, insts:23.
I: Infer CARRY group, base inst: u_lprnet_top/u_layer26/gen_conv.gen_pages[0].page0.u_pe_page/pe_col_inst[0].u_pe_col/pe_inst[0].u_pe_3/N5_1/gateop, insts:23.
I: Infer CARRY group, base inst: u_lprnet_top/u_layer26/gen_conv.gen_pages[0].page0.u_pe_page/pe_col_inst[0].u_pe_col/pe_inst[0].u_pe_4/N5_1/gateop, insts:23.
I: Infer CARRY group, base inst: u_lprnet_top/u_layer26/gen_conv.gen_pages[0].page0.u_pe_page/pe_col_inst[0].u_pe_col/pe_inst[0].u_pe_5/N5_1/gateop, insts:23.
I: Infer CARRY group, base inst: u_lprnet_top/u_layer26/gen_conv.gen_pages[0].page0.u_pe_page/pe_col_inst[0].u_pe_col/pe_inst[0].u_pe_6/N5_1/gateop, insts:23.
I: Infer CARRY group, base inst: u_lprnet_top/u_layer26/gen_conv.gen_pages[0].page0.u_pe_page/pe_col_inst[0].u_pe_col/pe_inst[0].u_pe_7/N5_1/gateop, insts:23.
I: Infer CARRY group, base inst: u_lprnet_top/u_layer26/gen_conv.gen_pages[0].page0.u_pe_page/pe_col_inst[0].u_pe_col/pe_inst[0].u_pe_8/N5_1/gateop, insts:23.
I: Infer CARRY group, base inst: u_lprnet_top/u_layer26/gen_conv.gen_pages[0].page0.u_pe_page/pe_col_inst[1].u_pe_col/pe_inst[0].u_pe_1/N5_1/gateop, insts:23.
I: Infer CARRY group, base inst: u_lprnet_top/u_layer26/gen_conv.gen_pages[0].page0.u_pe_page/pe_col_inst[1].u_pe_col/pe_inst[0].u_pe_2/N5_1/gateop, insts:23.
I: Infer CARRY group, base inst: u_lprnet_top/u_layer26/gen_conv.gen_pages[0].page0.u_pe_page/pe_col_inst[1].u_pe_col/pe_inst[0].u_pe_3/N5_1/gateop, insts:23.
I: Infer CARRY group, base inst: u_lprnet_top/u_layer26/gen_conv.gen_pages[0].page0.u_pe_page/pe_col_inst[1].u_pe_col/pe_inst[0].u_pe_4/N5_1/gateop, insts:23.
I: Infer CARRY group, base inst: u_lprnet_top/u_layer26/gen_conv.gen_pages[0].page0.u_pe_page/pe_col_inst[1].u_pe_col/pe_inst[0].u_pe_5/N5_1/gateop, insts:23.
I: Infer CARRY group, base inst: u_lprnet_top/u_layer26/gen_conv.gen_pages[0].page0.u_pe_page/pe_col_inst[1].u_pe_col/pe_inst[0].u_pe_6/N5_1/gateop, insts:23.
I: Infer CARRY group, base inst: u_lprnet_top/u_layer26/gen_conv.gen_pages[0].page0.u_pe_page/pe_col_inst[1].u_pe_col/pe_inst[0].u_pe_7/N5_1/gateop, insts:23.
I: Infer CARRY group, base inst: u_lprnet_top/u_layer26/gen_conv.gen_pages[0].page0.u_pe_page/pe_col_inst[1].u_pe_col/pe_inst[0].u_pe_8/N5_1/gateop, insts:23.
I: Infer CARRY group, base inst: u_lprnet_top/u_layer26/gen_conv.gen_pages[1].page1.u_pe_page/pe_col_inst[0].u_pe_col/pe_inst[0].u_pe_1/N5_1/gateop, insts:23.
I: Infer CARRY group, base inst: u_lprnet_top/u_layer26/gen_conv.gen_pages[1].page1.u_pe_page/pe_col_inst[0].u_pe_col/pe_inst[0].u_pe_2/N5_1/gateop, insts:23.
I: Infer CARRY group, base inst: u_lprnet_top/u_layer26/gen_conv.gen_pages[1].page1.u_pe_page/pe_col_inst[0].u_pe_col/pe_inst[0].u_pe_3/N5_1/gateop, insts:23.
I: Infer CARRY group, base inst: u_lprnet_top/u_layer26/gen_conv.gen_pages[1].page1.u_pe_page/pe_col_inst[0].u_pe_col/pe_inst[0].u_pe_4/N5_1/gateop, insts:23.
I: Infer CARRY group, base inst: u_lprnet_top/u_layer26/gen_conv.gen_pages[1].page1.u_pe_page/pe_col_inst[0].u_pe_col/pe_inst[0].u_pe_5/N5_1/gateop, insts:23.
I: Infer CARRY group, base inst: u_lprnet_top/u_layer26/gen_conv.gen_pages[1].page1.u_pe_page/pe_col_inst[0].u_pe_col/pe_inst[0].u_pe_6/N5_1/gateop, insts:23.
I: Infer CARRY group, base inst: u_lprnet_top/u_layer26/gen_conv.gen_pages[1].page1.u_pe_page/pe_col_inst[0].u_pe_col/pe_inst[0].u_pe_7/N5_1/gateop, insts:23.
I: Infer CARRY group, base inst: u_lprnet_top/u_layer26/gen_conv.gen_pages[1].page1.u_pe_page/pe_col_inst[0].u_pe_col/pe_inst[0].u_pe_8/N5_1/gateop, insts:23.
I: Infer CARRY group, base inst: u_lprnet_top/u_layer26/gen_conv.gen_pages[1].page1.u_pe_page/pe_col_inst[1].u_pe_col/pe_inst[0].u_pe_1/N5_1/gateop, insts:23.
I: Infer CARRY group, base inst: u_lprnet_top/u_layer26/gen_conv.gen_pages[1].page1.u_pe_page/pe_col_inst[1].u_pe_col/pe_inst[0].u_pe_2/N5_1/gateop, insts:23.
I: Infer CARRY group, base inst: u_lprnet_top/u_layer26/gen_conv.gen_pages[1].page1.u_pe_page/pe_col_inst[1].u_pe_col/pe_inst[0].u_pe_3/N5_1/gateop, insts:23.
I: Infer CARRY group, base inst: u_lprnet_top/u_layer26/gen_conv.gen_pages[1].page1.u_pe_page/pe_col_inst[1].u_pe_col/pe_inst[0].u_pe_4/N5_1/gateop, insts:23.
I: Infer CARRY group, base inst: u_lprnet_top/u_layer26/gen_conv.gen_pages[1].page1.u_pe_page/pe_col_inst[1].u_pe_col/pe_inst[0].u_pe_5/N5_1/gateop, insts:23.
I: Infer CARRY group, base inst: u_lprnet_top/u_layer26/gen_conv.gen_pages[1].page1.u_pe_page/pe_col_inst[1].u_pe_col/pe_inst[0].u_pe_6/N5_1/gateop, insts:23.
I: Infer CARRY group, base inst: u_lprnet_top/u_layer26/gen_conv.gen_pages[1].page1.u_pe_page/pe_col_inst[1].u_pe_col/pe_inst[0].u_pe_7/N5_1/gateop, insts:23.
I: Infer CARRY group, base inst: u_lprnet_top/u_layer26/gen_conv.gen_pages[1].page1.u_pe_page/pe_col_inst[1].u_pe_col/pe_inst[0].u_pe_8/N5_1/gateop, insts:23.
I: Infer CARRY group, base inst: u_lprnet_top/u_layer27/gen_conv.gen_pages[0].page0.u_pe_page/pe_col_inst[0].u_pe_col/pe_inst[0].u_pe_1/N5_1/gateop, insts:23.
I: Infer CARRY group, base inst: u_lprnet_top/u_layer27/gen_conv.gen_pages[0].page0.u_pe_page/pe_col_inst[0].u_pe_col/pe_inst[0].u_pe_2/N5_1/gateop, insts:23.
I: Infer CARRY group, base inst: u_lprnet_top/u_layer27/gen_conv.gen_pages[0].page0.u_pe_page/pe_col_inst[0].u_pe_col/pe_inst[0].u_pe_3/N5_1/gateop, insts:23.
I: Infer CARRY group, base inst: u_lprnet_top/u_layer27/gen_conv.gen_pages[0].page0.u_pe_page/pe_col_inst[0].u_pe_col/pe_inst[0].u_pe_4/N5_1/gateop, insts:23.
I: Infer CARRY group, base inst: u_lprnet_top/u_layer27/gen_conv.gen_pages[0].page0.u_pe_page/pe_col_inst[0].u_pe_col/pe_inst[0].u_pe_5/N5_1/gateop, insts:23.
I: Infer CARRY group, base inst: u_lprnet_top/u_layer27/gen_conv.gen_pages[0].page0.u_pe_page/pe_col_inst[0].u_pe_col/pe_inst[0].u_pe_6/N5_1/gateop, insts:23.
I: Infer CARRY group, base inst: u_lprnet_top/u_layer27/gen_conv.gen_pages[0].page0.u_pe_page/pe_col_inst[0].u_pe_col/pe_inst[0].u_pe_7/N5_1/gateop, insts:23.
I: Infer CARRY group, base inst: u_lprnet_top/u_layer27/gen_conv.gen_pages[0].page0.u_pe_page/pe_col_inst[0].u_pe_col/pe_inst[0].u_pe_8/N5_1/gateop, insts:23.
I: Infer CARRY group, base inst: u_lprnet_top/u_layer27/gen_conv.gen_pages[0].page0.u_pe_page/pe_col_inst[1].u_pe_col/pe_inst[0].u_pe_1/N5_1/gateop, insts:23.
I: Infer CARRY group, base inst: u_lprnet_top/u_layer27/gen_conv.gen_pages[0].page0.u_pe_page/pe_col_inst[1].u_pe_col/pe_inst[0].u_pe_2/N5_1/gateop, insts:23.
I: Infer CARRY group, base inst: u_lprnet_top/u_layer27/gen_conv.gen_pages[0].page0.u_pe_page/pe_col_inst[1].u_pe_col/pe_inst[0].u_pe_3/N5_1/gateop, insts:23.
I: Infer CARRY group, base inst: u_lprnet_top/u_layer27/gen_conv.gen_pages[0].page0.u_pe_page/pe_col_inst[1].u_pe_col/pe_inst[0].u_pe_4/N5_1/gateop, insts:23.
I: Infer CARRY group, base inst: u_lprnet_top/u_layer27/gen_conv.gen_pages[0].page0.u_pe_page/pe_col_inst[1].u_pe_col/pe_inst[0].u_pe_5/N5_1/gateop, insts:23.
I: Infer CARRY group, base inst: u_lprnet_top/u_layer27/gen_conv.gen_pages[0].page0.u_pe_page/pe_col_inst[1].u_pe_col/pe_inst[0].u_pe_6/N5_1/gateop, insts:23.
I: Infer CARRY group, base inst: u_lprnet_top/u_layer27/gen_conv.gen_pages[0].page0.u_pe_page/pe_col_inst[1].u_pe_col/pe_inst[0].u_pe_7/N5_1/gateop, insts:23.
I: Infer CARRY group, base inst: u_lprnet_top/u_layer27/gen_conv.gen_pages[0].page0.u_pe_page/pe_col_inst[1].u_pe_col/pe_inst[0].u_pe_8/N5_1/gateop, insts:23.
I: Infer CARRY group, base inst: u_lprnet_top/u_layer27/gen_conv.gen_pages[1].page1.u_pe_page/pe_col_inst[0].u_pe_col/pe_inst[0].u_pe_1/N5_1/gateop, insts:23.
I: Infer CARRY group, base inst: u_lprnet_top/u_layer27/gen_conv.gen_pages[1].page1.u_pe_page/pe_col_inst[0].u_pe_col/pe_inst[0].u_pe_2/N5_1/gateop, insts:23.
I: Infer CARRY group, base inst: u_lprnet_top/u_layer27/gen_conv.gen_pages[1].page1.u_pe_page/pe_col_inst[0].u_pe_col/pe_inst[0].u_pe_3/N5_1/gateop, insts:23.
I: Infer CARRY group, base inst: u_lprnet_top/u_layer27/gen_conv.gen_pages[1].page1.u_pe_page/pe_col_inst[0].u_pe_col/pe_inst[0].u_pe_4/N5_1/gateop, insts:23.
I: Infer CARRY group, base inst: u_lprnet_top/u_layer27/gen_conv.gen_pages[1].page1.u_pe_page/pe_col_inst[0].u_pe_col/pe_inst[0].u_pe_5/N5_1/gateop, insts:23.
I: Infer CARRY group, base inst: u_lprnet_top/u_layer27/gen_conv.gen_pages[1].page1.u_pe_page/pe_col_inst[0].u_pe_col/pe_inst[0].u_pe_6/N5_1/gateop, insts:23.
I: Infer CARRY group, base inst: u_lprnet_top/u_layer27/gen_conv.gen_pages[1].page1.u_pe_page/pe_col_inst[0].u_pe_col/pe_inst[0].u_pe_7/N5_1/gateop, insts:23.
I: Infer CARRY group, base inst: u_lprnet_top/u_layer27/gen_conv.gen_pages[1].page1.u_pe_page/pe_col_inst[0].u_pe_col/pe_inst[0].u_pe_8/N5_1/gateop, insts:23.
I: Infer CARRY group, base inst: u_lprnet_top/u_layer27/gen_conv.gen_pages[1].page1.u_pe_page/pe_col_inst[1].u_pe_col/pe_inst[0].u_pe_1/N5_1/gateop, insts:23.
I: Infer CARRY group, base inst: u_lprnet_top/u_layer27/gen_conv.gen_pages[1].page1.u_pe_page/pe_col_inst[1].u_pe_col/pe_inst[0].u_pe_2/N5_1/gateop, insts:23.
I: Infer CARRY group, base inst: u_lprnet_top/u_layer27/gen_conv.gen_pages[1].page1.u_pe_page/pe_col_inst[1].u_pe_col/pe_inst[0].u_pe_3/N5_1/gateop, insts:23.
I: Infer CARRY group, base inst: u_lprnet_top/u_layer27/gen_conv.gen_pages[1].page1.u_pe_page/pe_col_inst[1].u_pe_col/pe_inst[0].u_pe_4/N5_1/gateop, insts:23.
I: Infer CARRY group, base inst: u_lprnet_top/u_layer27/gen_conv.gen_pages[1].page1.u_pe_page/pe_col_inst[1].u_pe_col/pe_inst[0].u_pe_5/N5_1/gateop, insts:23.
I: Infer CARRY group, base inst: u_lprnet_top/u_layer27/gen_conv.gen_pages[1].page1.u_pe_page/pe_col_inst[1].u_pe_col/pe_inst[0].u_pe_6/N5_1/gateop, insts:23.
I: Infer CARRY group, base inst: u_lprnet_top/u_layer27/gen_conv.gen_pages[1].page1.u_pe_page/pe_col_inst[1].u_pe_col/pe_inst[0].u_pe_7/N5_1/gateop, insts:23.
I: Infer CARRY group, base inst: u_lprnet_top/u_layer27/gen_conv.gen_pages[1].page1.u_pe_page/pe_col_inst[1].u_pe_col/pe_inst[0].u_pe_8/N5_1/gateop, insts:23.
I: Infer CARRY group, base inst: u_lprnet_top/u_layer29/gen_conv.gen_pages[0].page0.u_pe_page/pe_col_inst[0].u_pe_col/pe_inst[0].u_pe_1/N5_1/gateop, insts:23.
I: Infer CARRY group, base inst: u_lprnet_top/u_layer29/gen_conv.gen_pages[0].page0.u_pe_page/pe_col_inst[0].u_pe_col/pe_inst[0].u_pe_2/N5_1/gateop, insts:23.
I: Infer CARRY group, base inst: u_lprnet_top/u_layer29/gen_conv.gen_pages[0].page0.u_pe_page/pe_col_inst[0].u_pe_col/pe_inst[0].u_pe_3/N5_1/gateop, insts:23.
I: Infer CARRY group, base inst: u_lprnet_top/u_layer29/gen_conv.gen_pages[0].page0.u_pe_page/pe_col_inst[0].u_pe_col/pe_inst[0].u_pe_4/N5_1/gateop, insts:23.
I: Infer CARRY group, base inst: u_lprnet_top/u_layer29/gen_conv.gen_pages[0].page0.u_pe_page/pe_col_inst[0].u_pe_col/pe_inst[0].u_pe_5/N5_1/gateop, insts:23.
I: Infer CARRY group, base inst: u_lprnet_top/u_layer29/gen_conv.gen_pages[0].page0.u_pe_page/pe_col_inst[0].u_pe_col/pe_inst[0].u_pe_6/N5_1/gateop, insts:23.
I: Infer CARRY group, base inst: u_lprnet_top/u_layer29/gen_conv.gen_pages[0].page0.u_pe_page/pe_col_inst[0].u_pe_col/pe_inst[0].u_pe_7/N5_1/gateop, insts:23.
I: Infer CARRY group, base inst: u_lprnet_top/u_layer29/gen_conv.gen_pages[0].page0.u_pe_page/pe_col_inst[0].u_pe_col/pe_inst[0].u_pe_8/N5_1/gateop, insts:23.
I: Infer CARRY group, base inst: u_lprnet_top/u_layer29/gen_conv.gen_pages[0].page0.u_pe_page/pe_col_inst[1].u_pe_col/pe_inst[0].u_pe_1/N5_1/gateop, insts:23.
I: Infer CARRY group, base inst: u_lprnet_top/u_layer29/gen_conv.gen_pages[0].page0.u_pe_page/pe_col_inst[1].u_pe_col/pe_inst[0].u_pe_2/N5_1/gateop, insts:23.
I: Infer CARRY group, base inst: u_lprnet_top/u_layer29/gen_conv.gen_pages[0].page0.u_pe_page/pe_col_inst[1].u_pe_col/pe_inst[0].u_pe_3/N5_1/gateop, insts:23.
I: Infer CARRY group, base inst: u_lprnet_top/u_layer29/gen_conv.gen_pages[0].page0.u_pe_page/pe_col_inst[1].u_pe_col/pe_inst[0].u_pe_4/N5_1/gateop, insts:23.
I: Infer CARRY group, base inst: u_lprnet_top/u_layer29/gen_conv.gen_pages[0].page0.u_pe_page/pe_col_inst[1].u_pe_col/pe_inst[0].u_pe_5/N5_1/gateop, insts:23.
I: Infer CARRY group, base inst: u_lprnet_top/u_layer29/gen_conv.gen_pages[0].page0.u_pe_page/pe_col_inst[1].u_pe_col/pe_inst[0].u_pe_6/N5_1/gateop, insts:23.
I: Infer CARRY group, base inst: u_lprnet_top/u_layer29/gen_conv.gen_pages[0].page0.u_pe_page/pe_col_inst[1].u_pe_col/pe_inst[0].u_pe_7/N5_1/gateop, insts:23.
I: Infer CARRY group, base inst: u_lprnet_top/u_layer29/gen_conv.gen_pages[0].page0.u_pe_page/pe_col_inst[1].u_pe_col/pe_inst[0].u_pe_8/N5_1/gateop, insts:23.
I: Infer CARRY group, base inst: u_lprnet_top/u_layer29/gen_conv.gen_pages[0].page0.u_pe_page/pe_col_inst[2].u_pe_col/pe_inst[0].u_pe_1/N5_1/gateop, insts:23.
I: Infer CARRY group, base inst: u_lprnet_top/u_layer29/gen_conv.gen_pages[0].page0.u_pe_page/pe_col_inst[2].u_pe_col/pe_inst[0].u_pe_2/N5_1/gateop, insts:23.
I: Infer CARRY group, base inst: u_lprnet_top/u_layer29/gen_conv.gen_pages[0].page0.u_pe_page/pe_col_inst[2].u_pe_col/pe_inst[0].u_pe_3/N5_1/gateop, insts:23.
I: Infer CARRY group, base inst: u_lprnet_top/u_layer29/gen_conv.gen_pages[0].page0.u_pe_page/pe_col_inst[2].u_pe_col/pe_inst[0].u_pe_4/N5_1/gateop, insts:23.
I: Infer CARRY group, base inst: u_lprnet_top/u_layer29/gen_conv.gen_pages[0].page0.u_pe_page/pe_col_inst[2].u_pe_col/pe_inst[0].u_pe_5/N5_1/gateop, insts:23.
I: Infer CARRY group, base inst: u_lprnet_top/u_layer29/gen_conv.gen_pages[0].page0.u_pe_page/pe_col_inst[2].u_pe_col/pe_inst[0].u_pe_6/N5_1/gateop, insts:23.
I: Infer CARRY group, base inst: u_lprnet_top/u_layer29/gen_conv.gen_pages[0].page0.u_pe_page/pe_col_inst[2].u_pe_col/pe_inst[0].u_pe_7/N5_1/gateop, insts:23.
I: Infer CARRY group, base inst: u_lprnet_top/u_layer29/gen_conv.gen_pages[0].page0.u_pe_page/pe_col_inst[2].u_pe_col/pe_inst[0].u_pe_8/N5_1/gateop, insts:23.
I: Infer CARRY group, base inst: u_lprnet_top/u_layer29/gen_conv.gen_pages[0].page0.u_pe_page/pe_col_inst[3].u_pe_col/pe_inst[0].u_pe_1/N5_1/gateop, insts:23.
I: Infer CARRY group, base inst: u_lprnet_top/u_layer29/gen_conv.gen_pages[0].page0.u_pe_page/pe_col_inst[3].u_pe_col/pe_inst[0].u_pe_2/N5_1/gateop, insts:23.
I: Infer CARRY group, base inst: u_lprnet_top/u_layer29/gen_conv.gen_pages[0].page0.u_pe_page/pe_col_inst[3].u_pe_col/pe_inst[0].u_pe_3/N5_1/gateop, insts:23.
I: Infer CARRY group, base inst: u_lprnet_top/u_layer29/gen_conv.gen_pages[0].page0.u_pe_page/pe_col_inst[3].u_pe_col/pe_inst[0].u_pe_4/N5_1/gateop, insts:23.
I: Infer CARRY group, base inst: u_lprnet_top/u_layer29/gen_conv.gen_pages[0].page0.u_pe_page/pe_col_inst[3].u_pe_col/pe_inst[0].u_pe_5/N5_1/gateop, insts:23.
I: Infer CARRY group, base inst: u_lprnet_top/u_layer29/gen_conv.gen_pages[0].page0.u_pe_page/pe_col_inst[3].u_pe_col/pe_inst[0].u_pe_6/N5_1/gateop, insts:23.
I: Infer CARRY group, base inst: u_lprnet_top/u_layer29/gen_conv.gen_pages[0].page0.u_pe_page/pe_col_inst[3].u_pe_col/pe_inst[0].u_pe_7/N5_1/gateop, insts:23.
I: Infer CARRY group, base inst: u_lprnet_top/u_layer29/gen_conv.gen_pages[0].page0.u_pe_page/pe_col_inst[3].u_pe_col/pe_inst[0].u_pe_8/N5_1/gateop, insts:23.
I: Infer CARRY group, base inst: u_lprnet_top/u_layer29/gen_conv.gen_pages[1].page1.u_pe_page/pe_col_inst[0].u_pe_col/pe_inst[0].u_pe_1/N5_1/gateop, insts:23.
I: Infer CARRY group, base inst: u_lprnet_top/u_layer29/gen_conv.gen_pages[1].page1.u_pe_page/pe_col_inst[0].u_pe_col/pe_inst[0].u_pe_2/N5_1/gateop, insts:23.
I: Infer CARRY group, base inst: u_lprnet_top/u_layer29/gen_conv.gen_pages[1].page1.u_pe_page/pe_col_inst[0].u_pe_col/pe_inst[0].u_pe_3/N5_1/gateop, insts:23.
I: Infer CARRY group, base inst: u_lprnet_top/u_layer29/gen_conv.gen_pages[1].page1.u_pe_page/pe_col_inst[0].u_pe_col/pe_inst[0].u_pe_4/N5_1/gateop, insts:23.
I: Infer CARRY group, base inst: u_lprnet_top/u_layer29/gen_conv.gen_pages[1].page1.u_pe_page/pe_col_inst[0].u_pe_col/pe_inst[0].u_pe_5/N5_1/gateop, insts:23.
I: Infer CARRY group, base inst: u_lprnet_top/u_layer29/gen_conv.gen_pages[1].page1.u_pe_page/pe_col_inst[0].u_pe_col/pe_inst[0].u_pe_6/N5_1/gateop, insts:23.
I: Infer CARRY group, base inst: u_lprnet_top/u_layer29/gen_conv.gen_pages[1].page1.u_pe_page/pe_col_inst[0].u_pe_col/pe_inst[0].u_pe_7/N5_1/gateop, insts:23.
I: Infer CARRY group, base inst: u_lprnet_top/u_layer29/gen_conv.gen_pages[1].page1.u_pe_page/pe_col_inst[0].u_pe_col/pe_inst[0].u_pe_8/N5_1/gateop, insts:23.
I: Infer CARRY group, base inst: u_lprnet_top/u_layer29/gen_conv.gen_pages[1].page1.u_pe_page/pe_col_inst[1].u_pe_col/pe_inst[0].u_pe_1/N5_1/gateop, insts:23.
I: Infer CARRY group, base inst: u_lprnet_top/u_layer29/gen_conv.gen_pages[1].page1.u_pe_page/pe_col_inst[1].u_pe_col/pe_inst[0].u_pe_2/N5_1/gateop, insts:23.
I: Infer CARRY group, base inst: u_lprnet_top/u_layer29/gen_conv.gen_pages[1].page1.u_pe_page/pe_col_inst[1].u_pe_col/pe_inst[0].u_pe_3/N5_1/gateop, insts:23.
I: Infer CARRY group, base inst: u_lprnet_top/u_layer29/gen_conv.gen_pages[1].page1.u_pe_page/pe_col_inst[1].u_pe_col/pe_inst[0].u_pe_4/N5_1/gateop, insts:23.
I: Infer CARRY group, base inst: u_lprnet_top/u_layer29/gen_conv.gen_pages[1].page1.u_pe_page/pe_col_inst[1].u_pe_col/pe_inst[0].u_pe_5/N5_1/gateop, insts:23.
I: Infer CARRY group, base inst: u_lprnet_top/u_layer29/gen_conv.gen_pages[1].page1.u_pe_page/pe_col_inst[1].u_pe_col/pe_inst[0].u_pe_6/N5_1/gateop, insts:23.
I: Infer CARRY group, base inst: u_lprnet_top/u_layer29/gen_conv.gen_pages[1].page1.u_pe_page/pe_col_inst[1].u_pe_col/pe_inst[0].u_pe_7/N5_1/gateop, insts:23.
I: Infer CARRY group, base inst: u_lprnet_top/u_layer29/gen_conv.gen_pages[1].page1.u_pe_page/pe_col_inst[1].u_pe_col/pe_inst[0].u_pe_8/N5_1/gateop, insts:23.
I: Infer CARRY group, base inst: u_lprnet_top/u_layer29/gen_conv.gen_pages[1].page1.u_pe_page/pe_col_inst[2].u_pe_col/pe_inst[0].u_pe_1/N5_1/gateop, insts:23.
I: Infer CARRY group, base inst: u_lprnet_top/u_layer29/gen_conv.gen_pages[1].page1.u_pe_page/pe_col_inst[2].u_pe_col/pe_inst[0].u_pe_2/N5_1/gateop, insts:23.
I: Infer CARRY group, base inst: u_lprnet_top/u_layer29/gen_conv.gen_pages[1].page1.u_pe_page/pe_col_inst[2].u_pe_col/pe_inst[0].u_pe_3/N5_1/gateop, insts:23.
I: Infer CARRY group, base inst: u_lprnet_top/u_layer29/gen_conv.gen_pages[1].page1.u_pe_page/pe_col_inst[2].u_pe_col/pe_inst[0].u_pe_4/N5_1/gateop, insts:23.
I: Infer CARRY group, base inst: u_lprnet_top/u_layer29/gen_conv.gen_pages[1].page1.u_pe_page/pe_col_inst[2].u_pe_col/pe_inst[0].u_pe_5/N5_1/gateop, insts:23.
I: Infer CARRY group, base inst: u_lprnet_top/u_layer29/gen_conv.gen_pages[1].page1.u_pe_page/pe_col_inst[2].u_pe_col/pe_inst[0].u_pe_6/N5_1/gateop, insts:23.
I: Infer CARRY group, base inst: u_lprnet_top/u_layer29/gen_conv.gen_pages[1].page1.u_pe_page/pe_col_inst[2].u_pe_col/pe_inst[0].u_pe_7/N5_1/gateop, insts:23.
I: Infer CARRY group, base inst: u_lprnet_top/u_layer29/gen_conv.gen_pages[1].page1.u_pe_page/pe_col_inst[2].u_pe_col/pe_inst[0].u_pe_8/N5_1/gateop, insts:23.
I: Infer CARRY group, base inst: u_lprnet_top/u_layer29/gen_conv.gen_pages[1].page1.u_pe_page/pe_col_inst[3].u_pe_col/pe_inst[0].u_pe_1/N5_1/gateop, insts:23.
I: Infer CARRY group, base inst: u_lprnet_top/u_layer29/gen_conv.gen_pages[1].page1.u_pe_page/pe_col_inst[3].u_pe_col/pe_inst[0].u_pe_2/N5_1/gateop, insts:23.
I: Infer CARRY group, base inst: u_lprnet_top/u_layer29/gen_conv.gen_pages[1].page1.u_pe_page/pe_col_inst[3].u_pe_col/pe_inst[0].u_pe_3/N5_1/gateop, insts:23.
I: Infer CARRY group, base inst: u_lprnet_top/u_layer29/gen_conv.gen_pages[1].page1.u_pe_page/pe_col_inst[3].u_pe_col/pe_inst[0].u_pe_4/N5_1/gateop, insts:23.
I: Infer CARRY group, base inst: u_lprnet_top/u_layer29/gen_conv.gen_pages[1].page1.u_pe_page/pe_col_inst[3].u_pe_col/pe_inst[0].u_pe_5/N5_1/gateop, insts:23.
I: Infer CARRY group, base inst: u_lprnet_top/u_layer29/gen_conv.gen_pages[1].page1.u_pe_page/pe_col_inst[3].u_pe_col/pe_inst[0].u_pe_6/N5_1/gateop, insts:23.
I: Infer CARRY group, base inst: u_lprnet_top/u_layer29/gen_conv.gen_pages[1].page1.u_pe_page/pe_col_inst[3].u_pe_col/pe_inst[0].u_pe_7/N5_1/gateop, insts:23.
I: Infer CARRY group, base inst: u_lprnet_top/u_layer29/gen_conv.gen_pages[1].page1.u_pe_page/pe_col_inst[3].u_pe_col/pe_inst[0].u_pe_8/N5_1/gateop, insts:23.
I: Infer CARRY group, base inst: u_lprnet_top/u_layer30/gen_conv.gen_pages[0].page0.u_pe_page/pe_col_inst[0].u_pe_col/pe_inst[0].u_pe_1/N5_1/gateop, insts:21.
I: Infer CARRY group, base inst: u_lprnet_top/u_layer30/gen_conv.gen_pages[0].page0.u_pe_page/pe_col_inst[0].u_pe_col/pe_inst[0].u_pe_2/N5_1/gateop, insts:21.
I: Infer CARRY group, base inst: u_lprnet_top/u_layer30/gen_conv.gen_pages[0].page0.u_pe_page/pe_col_inst[1].u_pe_col/pe_inst[0].u_pe_1/N5_1/gateop, insts:21.
I: Infer CARRY group, base inst: u_lprnet_top/u_layer30/gen_conv.gen_pages[0].page0.u_pe_page/pe_col_inst[1].u_pe_col/pe_inst[0].u_pe_2/N5_1/gateop, insts:21.
I: Infer CARRY group, base inst: u_lprnet_top/u_layer30/gen_conv.gen_pages[1].page1.u_pe_page/pe_col_inst[0].u_pe_col/pe_inst[0].u_pe_1/N5_1/gateop, insts:21.
I: Infer CARRY group, base inst: u_lprnet_top/u_layer30/gen_conv.gen_pages[1].page1.u_pe_page/pe_col_inst[0].u_pe_col/pe_inst[0].u_pe_2/N5_1/gateop, insts:21.
I: Infer CARRY group, base inst: u_lprnet_top/u_layer30/gen_conv.gen_pages[1].page1.u_pe_page/pe_col_inst[1].u_pe_col/pe_inst[0].u_pe_1/N5_1/gateop, insts:21.
I: Infer CARRY group, base inst: u_lprnet_top/u_layer30/gen_conv.gen_pages[1].page1.u_pe_page/pe_col_inst[1].u_pe_col/pe_inst[0].u_pe_2/N5_1/gateop, insts:21.
I: Infer CARRY group, base inst: u_lprnet_top/u_layer30/gen_conv.gen_pages[2].page2.u_pe_page/pe_col_inst[0].u_pe_col/pe_inst[0].u_pe_1/N5_1/gateop, insts:21.
I: Infer CARRY group, base inst: u_lprnet_top/u_layer30/gen_conv.gen_pages[2].page2.u_pe_page/pe_col_inst[0].u_pe_col/pe_inst[0].u_pe_2/N5_1/gateop, insts:21.
I: Infer CARRY group, base inst: u_lprnet_top/u_layer30/gen_conv.gen_pages[2].page2.u_pe_page/pe_col_inst[1].u_pe_col/pe_inst[0].u_pe_1/N5_1/gateop, insts:21.
I: Infer CARRY group, base inst: u_lprnet_top/u_layer30/gen_conv.gen_pages[2].page2.u_pe_page/pe_col_inst[1].u_pe_col/pe_inst[0].u_pe_2/N5_1/gateop, insts:21.
I: Infer CARRY group, base inst: u_lprnet_top/u_layer30/gen_conv.gen_pages[3].page3.u_pe_page/pe_col_inst[0].u_pe_col/pe_inst[0].u_pe_1/N5_1/gateop, insts:21.
I: Infer CARRY group, base inst: u_lprnet_top/u_layer30/gen_conv.gen_pages[3].page3.u_pe_page/pe_col_inst[0].u_pe_col/pe_inst[0].u_pe_2/N5_1/gateop, insts:21.
I: Infer CARRY group, base inst: u_lprnet_top/u_layer30/gen_conv.gen_pages[3].page3.u_pe_page/pe_col_inst[1].u_pe_col/pe_inst[0].u_pe_1/N5_1/gateop, insts:21.
I: Infer CARRY group, base inst: u_lprnet_top/u_layer30/gen_conv.gen_pages[3].page3.u_pe_page/pe_col_inst[1].u_pe_col/pe_inst[0].u_pe_2/N5_1/gateop, insts:21.
I: Infer CARRY group, base inst: u_top_yolo/u_layer5/genblk1.gen_pages[0].pe_inst.u_pe_page/pe_col_inst[0].u_pe_col/pe_inst[0].u_pe_1/N5_1/gateop, insts:21.
I: Infer CARRY group, base inst: u_top_yolo/u_layer5/genblk1.gen_pages[0].pe_inst.u_pe_page/pe_col_inst[0].u_pe_col/pe_inst[0].u_pe_2/N5_1/gateop, insts:21.
I: Infer CARRY group, base inst: u_top_yolo/u_layer5/genblk1.gen_pages[0].pe_inst.u_pe_page/pe_col_inst[0].u_pe_col/pe_inst[0].u_pe_3/N5_1/gateop, insts:21.
I: Infer CARRY group, base inst: u_top_yolo/u_layer5/genblk1.gen_pages[0].pe_inst.u_pe_page/pe_col_inst[0].u_pe_col/pe_inst[0].u_pe_4/N5_1/gateop, insts:21.
I: Infer CARRY group, base inst: u_top_yolo/u_layer5/genblk1.gen_pages[0].pe_inst.u_pe_page/pe_col_inst[0].u_pe_col/pe_inst[0].u_pe_5/N5_1/gateop, insts:21.
I: Infer CARRY group, base inst: u_top_yolo/u_layer5/genblk1.gen_pages[0].pe_inst.u_pe_page/pe_col_inst[0].u_pe_col/pe_inst[0].u_pe_6/N5_1/gateop, insts:21.
I: Infer CARRY group, base inst: u_top_yolo/u_layer5/genblk1.gen_pages[0].pe_inst.u_pe_page/pe_col_inst[0].u_pe_col/pe_inst[0].u_pe_7/N5_1/gateop, insts:21.
I: Infer CARRY group, base inst: u_top_yolo/u_layer5/genblk1.gen_pages[0].pe_inst.u_pe_page/pe_col_inst[0].u_pe_col/pe_inst[0].u_pe_8/N5_1/gateop, insts:21.
I: Infer CARRY group, base inst: u_top_yolo/u_layer5/genblk1.gen_pages[0].pe_inst.u_pe_page/pe_col_inst[1].u_pe_col/pe_inst[0].u_pe_1/N5_1/gateop, insts:21.
I: Infer CARRY group, base inst: u_top_yolo/u_layer5/genblk1.gen_pages[0].pe_inst.u_pe_page/pe_col_inst[1].u_pe_col/pe_inst[0].u_pe_2/N5_1/gateop, insts:21.
I: Infer CARRY group, base inst: u_top_yolo/u_layer5/genblk1.gen_pages[0].pe_inst.u_pe_page/pe_col_inst[1].u_pe_col/pe_inst[0].u_pe_3/N5_1/gateop, insts:21.
I: Infer CARRY group, base inst: u_top_yolo/u_layer5/genblk1.gen_pages[0].pe_inst.u_pe_page/pe_col_inst[1].u_pe_col/pe_inst[0].u_pe_4/N5_1/gateop, insts:21.
I: Infer CARRY group, base inst: u_top_yolo/u_layer5/genblk1.gen_pages[0].pe_inst.u_pe_page/pe_col_inst[1].u_pe_col/pe_inst[0].u_pe_5/N5_1/gateop, insts:21.
I: Infer CARRY group, base inst: u_top_yolo/u_layer5/genblk1.gen_pages[0].pe_inst.u_pe_page/pe_col_inst[1].u_pe_col/pe_inst[0].u_pe_6/N5_1/gateop, insts:21.
I: Infer CARRY group, base inst: u_top_yolo/u_layer5/genblk1.gen_pages[0].pe_inst.u_pe_page/pe_col_inst[1].u_pe_col/pe_inst[0].u_pe_7/N5_1/gateop, insts:21.
I: Infer CARRY group, base inst: u_top_yolo/u_layer5/genblk1.gen_pages[0].pe_inst.u_pe_page/pe_col_inst[1].u_pe_col/pe_inst[0].u_pe_8/N5_1/gateop, insts:21.
I: Infer CARRY group, base inst: u_top_yolo/u_layer5/genblk1.gen_pages[1].pe_inst.u_pe_page/pe_col_inst[0].u_pe_col/pe_inst[0].u_pe_1/N5_1/gateop, insts:21.
I: Infer CARRY group, base inst: u_top_yolo/u_layer5/genblk1.gen_pages[1].pe_inst.u_pe_page/pe_col_inst[0].u_pe_col/pe_inst[0].u_pe_2/N5_1/gateop, insts:21.
I: Infer CARRY group, base inst: u_top_yolo/u_layer5/genblk1.gen_pages[1].pe_inst.u_pe_page/pe_col_inst[0].u_pe_col/pe_inst[0].u_pe_3/N5_1/gateop, insts:21.
I: Infer CARRY group, base inst: u_top_yolo/u_layer5/genblk1.gen_pages[1].pe_inst.u_pe_page/pe_col_inst[0].u_pe_col/pe_inst[0].u_pe_4/N5_1/gateop, insts:21.
I: Infer CARRY group, base inst: u_top_yolo/u_layer5/genblk1.gen_pages[1].pe_inst.u_pe_page/pe_col_inst[0].u_pe_col/pe_inst[0].u_pe_5/N5_1/gateop, insts:21.
I: Infer CARRY group, base inst: u_top_yolo/u_layer5/genblk1.gen_pages[1].pe_inst.u_pe_page/pe_col_inst[0].u_pe_col/pe_inst[0].u_pe_6/N5_1/gateop, insts:21.
I: Infer CARRY group, base inst: u_top_yolo/u_layer5/genblk1.gen_pages[1].pe_inst.u_pe_page/pe_col_inst[0].u_pe_col/pe_inst[0].u_pe_7/N5_1/gateop, insts:21.
I: Infer CARRY group, base inst: u_top_yolo/u_layer5/genblk1.gen_pages[1].pe_inst.u_pe_page/pe_col_inst[0].u_pe_col/pe_inst[0].u_pe_8/N5_1/gateop, insts:21.
I: Infer CARRY group, base inst: u_top_yolo/u_layer5/genblk1.gen_pages[1].pe_inst.u_pe_page/pe_col_inst[1].u_pe_col/pe_inst[0].u_pe_1/N5_1/gateop, insts:21.
I: Infer CARRY group, base inst: u_top_yolo/u_layer5/genblk1.gen_pages[1].pe_inst.u_pe_page/pe_col_inst[1].u_pe_col/pe_inst[0].u_pe_2/N5_1/gateop, insts:21.
I: Infer CARRY group, base inst: u_top_yolo/u_layer5/genblk1.gen_pages[1].pe_inst.u_pe_page/pe_col_inst[1].u_pe_col/pe_inst[0].u_pe_3/N5_1/gateop, insts:21.
I: Infer CARRY group, base inst: u_top_yolo/u_layer5/genblk1.gen_pages[1].pe_inst.u_pe_page/pe_col_inst[1].u_pe_col/pe_inst[0].u_pe_4/N5_1/gateop, insts:21.
I: Infer CARRY group, base inst: u_top_yolo/u_layer5/genblk1.gen_pages[1].pe_inst.u_pe_page/pe_col_inst[1].u_pe_col/pe_inst[0].u_pe_5/N5_1/gateop, insts:21.
I: Infer CARRY group, base inst: u_top_yolo/u_layer5/genblk1.gen_pages[1].pe_inst.u_pe_page/pe_col_inst[1].u_pe_col/pe_inst[0].u_pe_6/N5_1/gateop, insts:21.
I: Infer CARRY group, base inst: u_top_yolo/u_layer5/genblk1.gen_pages[1].pe_inst.u_pe_page/pe_col_inst[1].u_pe_col/pe_inst[0].u_pe_7/N5_1/gateop, insts:21.
I: Infer CARRY group, base inst: u_top_yolo/u_layer5/genblk1.gen_pages[1].pe_inst.u_pe_page/pe_col_inst[1].u_pe_col/pe_inst[0].u_pe_8/N5_1/gateop, insts:21.
I: Infer CARRY group, base inst: u_top_yolo/u_layer6/genblk1.gen_pages[0].pe_inst.u_pe_page/pe_col_inst[0].u_pe_col/pe_inst[0].u_pe_1/N5_1/gateop, insts:21.
I: Infer CARRY group, base inst: u_top_yolo/u_layer6/genblk1.gen_pages[0].pe_inst.u_pe_page/pe_col_inst[0].u_pe_col/pe_inst[0].u_pe_2/N5_1/gateop, insts:21.
I: Infer CARRY group, base inst: u_top_yolo/u_layer6/genblk1.gen_pages[0].pe_inst.u_pe_page/pe_col_inst[0].u_pe_col/pe_inst[0].u_pe_3/N5_1/gateop, insts:21.
I: Infer CARRY group, base inst: u_top_yolo/u_layer6/genblk1.gen_pages[0].pe_inst.u_pe_page/pe_col_inst[0].u_pe_col/pe_inst[0].u_pe_4/N5_1/gateop, insts:21.
I: Infer CARRY group, base inst: u_top_yolo/u_layer6/genblk1.gen_pages[0].pe_inst.u_pe_page/pe_col_inst[0].u_pe_col/pe_inst[0].u_pe_5/N5_1/gateop, insts:21.
I: Infer CARRY group, base inst: u_top_yolo/u_layer6/genblk1.gen_pages[0].pe_inst.u_pe_page/pe_col_inst[0].u_pe_col/pe_inst[0].u_pe_6/N5_1/gateop, insts:21.
I: Infer CARRY group, base inst: u_top_yolo/u_layer6/genblk1.gen_pages[0].pe_inst.u_pe_page/pe_col_inst[0].u_pe_col/pe_inst[0].u_pe_7/N5_1/gateop, insts:21.
I: Infer CARRY group, base inst: u_top_yolo/u_layer6/genblk1.gen_pages[0].pe_inst.u_pe_page/pe_col_inst[0].u_pe_col/pe_inst[0].u_pe_8/N5_1/gateop, insts:21.
I: Infer CARRY group, base inst: u_top_yolo/u_layer6/genblk1.gen_pages[1].pe_inst.u_pe_page/pe_col_inst[0].u_pe_col/pe_inst[0].u_pe_1/N5_1/gateop, insts:21.
I: Infer CARRY group, base inst: u_top_yolo/u_layer6/genblk1.gen_pages[1].pe_inst.u_pe_page/pe_col_inst[0].u_pe_col/pe_inst[0].u_pe_2/N5_1/gateop, insts:21.
I: Infer CARRY group, base inst: u_top_yolo/u_layer6/genblk1.gen_pages[1].pe_inst.u_pe_page/pe_col_inst[0].u_pe_col/pe_inst[0].u_pe_3/N5_1/gateop, insts:21.
I: Infer CARRY group, base inst: u_top_yolo/u_layer6/genblk1.gen_pages[1].pe_inst.u_pe_page/pe_col_inst[0].u_pe_col/pe_inst[0].u_pe_4/N5_1/gateop, insts:21.
I: Infer CARRY group, base inst: u_top_yolo/u_layer6/genblk1.gen_pages[1].pe_inst.u_pe_page/pe_col_inst[0].u_pe_col/pe_inst[0].u_pe_5/N5_1/gateop, insts:21.
I: Infer CARRY group, base inst: u_top_yolo/u_layer6/genblk1.gen_pages[1].pe_inst.u_pe_page/pe_col_inst[0].u_pe_col/pe_inst[0].u_pe_6/N5_1/gateop, insts:21.
I: Infer CARRY group, base inst: u_top_yolo/u_layer6/genblk1.gen_pages[1].pe_inst.u_pe_page/pe_col_inst[0].u_pe_col/pe_inst[0].u_pe_7/N5_1/gateop, insts:21.
I: Infer CARRY group, base inst: u_top_yolo/u_layer6/genblk1.gen_pages[1].pe_inst.u_pe_page/pe_col_inst[0].u_pe_col/pe_inst[0].u_pe_8/N5_1/gateop, insts:21.
I: Infer CARRY group, base inst: u_top_yolo/u_layer8/genblk1.gen_pages[0].pe_inst.u_pe_page/pe_col_inst[0].u_pe_col/pe_inst[0].u_pe_1/N5_1/gateop, insts:21.
I: Infer CARRY group, base inst: u_top_yolo/u_layer8/genblk1.gen_pages[0].pe_inst.u_pe_page/pe_col_inst[0].u_pe_col/pe_inst[0].u_pe_2/N5_1/gateop, insts:21.
I: Infer CARRY group, base inst: u_top_yolo/u_layer8/genblk1.gen_pages[0].pe_inst.u_pe_page/pe_col_inst[0].u_pe_col/pe_inst[0].u_pe_3/N5_1/gateop, insts:21.
I: Infer CARRY group, base inst: u_top_yolo/u_layer8/genblk1.gen_pages[0].pe_inst.u_pe_page/pe_col_inst[0].u_pe_col/pe_inst[0].u_pe_4/N5_1/gateop, insts:21.
I: Infer CARRY group, base inst: u_top_yolo/u_layer8/genblk1.gen_pages[0].pe_inst.u_pe_page/pe_col_inst[0].u_pe_col/pe_inst[0].u_pe_5/N5_1/gateop, insts:21.
I: Infer CARRY group, base inst: u_top_yolo/u_layer8/genblk1.gen_pages[0].pe_inst.u_pe_page/pe_col_inst[0].u_pe_col/pe_inst[0].u_pe_6/N5_1/gateop, insts:21.
I: Infer CARRY group, base inst: u_top_yolo/u_layer8/genblk1.gen_pages[0].pe_inst.u_pe_page/pe_col_inst[0].u_pe_col/pe_inst[0].u_pe_7/N5_1/gateop, insts:21.
I: Infer CARRY group, base inst: u_top_yolo/u_layer8/genblk1.gen_pages[0].pe_inst.u_pe_page/pe_col_inst[0].u_pe_col/pe_inst[0].u_pe_8/N5_1/gateop, insts:21.
I: Infer CARRY group, base inst: u_top_yolo/u_layer8/genblk1.gen_pages[0].pe_inst.u_pe_page/pe_col_inst[1].u_pe_col/pe_inst[0].u_pe_1/N5_1/gateop, insts:21.
I: Infer CARRY group, base inst: u_top_yolo/u_layer8/genblk1.gen_pages[0].pe_inst.u_pe_page/pe_col_inst[1].u_pe_col/pe_inst[0].u_pe_2/N5_1/gateop, insts:21.
I: Infer CARRY group, base inst: u_top_yolo/u_layer8/genblk1.gen_pages[0].pe_inst.u_pe_page/pe_col_inst[1].u_pe_col/pe_inst[0].u_pe_3/N5_1/gateop, insts:21.
I: Infer CARRY group, base inst: u_top_yolo/u_layer8/genblk1.gen_pages[0].pe_inst.u_pe_page/pe_col_inst[1].u_pe_col/pe_inst[0].u_pe_4/N5_1/gateop, insts:21.
I: Infer CARRY group, base inst: u_top_yolo/u_layer8/genblk1.gen_pages[0].pe_inst.u_pe_page/pe_col_inst[1].u_pe_col/pe_inst[0].u_pe_5/N5_1/gateop, insts:21.
I: Infer CARRY group, base inst: u_top_yolo/u_layer8/genblk1.gen_pages[0].pe_inst.u_pe_page/pe_col_inst[1].u_pe_col/pe_inst[0].u_pe_6/N5_1/gateop, insts:21.
I: Infer CARRY group, base inst: u_top_yolo/u_layer8/genblk1.gen_pages[0].pe_inst.u_pe_page/pe_col_inst[1].u_pe_col/pe_inst[0].u_pe_7/N5_1/gateop, insts:21.
I: Infer CARRY group, base inst: u_top_yolo/u_layer8/genblk1.gen_pages[0].pe_inst.u_pe_page/pe_col_inst[1].u_pe_col/pe_inst[0].u_pe_8/N5_1/gateop, insts:21.
I: Infer CARRY group, base inst: u_top_yolo/u_layer8/genblk1.gen_pages[1].pe_inst.u_pe_page/pe_col_inst[0].u_pe_col/pe_inst[0].u_pe_1/N5_1/gateop, insts:21.
I: Infer CARRY group, base inst: u_top_yolo/u_layer8/genblk1.gen_pages[1].pe_inst.u_pe_page/pe_col_inst[0].u_pe_col/pe_inst[0].u_pe_2/N5_1/gateop, insts:21.
I: Infer CARRY group, base inst: u_top_yolo/u_layer8/genblk1.gen_pages[1].pe_inst.u_pe_page/pe_col_inst[0].u_pe_col/pe_inst[0].u_pe_3/N5_1/gateop, insts:21.
I: Infer CARRY group, base inst: u_top_yolo/u_layer8/genblk1.gen_pages[1].pe_inst.u_pe_page/pe_col_inst[0].u_pe_col/pe_inst[0].u_pe_4/N5_1/gateop, insts:21.
I: Infer CARRY group, base inst: u_top_yolo/u_layer8/genblk1.gen_pages[1].pe_inst.u_pe_page/pe_col_inst[0].u_pe_col/pe_inst[0].u_pe_5/N5_1/gateop, insts:21.
I: Infer CARRY group, base inst: u_top_yolo/u_layer8/genblk1.gen_pages[1].pe_inst.u_pe_page/pe_col_inst[0].u_pe_col/pe_inst[0].u_pe_6/N5_1/gateop, insts:21.
I: Infer CARRY group, base inst: u_top_yolo/u_layer8/genblk1.gen_pages[1].pe_inst.u_pe_page/pe_col_inst[0].u_pe_col/pe_inst[0].u_pe_7/N5_1/gateop, insts:21.
I: Infer CARRY group, base inst: u_top_yolo/u_layer8/genblk1.gen_pages[1].pe_inst.u_pe_page/pe_col_inst[0].u_pe_col/pe_inst[0].u_pe_8/N5_1/gateop, insts:21.
I: Infer CARRY group, base inst: u_top_yolo/u_layer8/genblk1.gen_pages[1].pe_inst.u_pe_page/pe_col_inst[1].u_pe_col/pe_inst[0].u_pe_1/N5_1/gateop, insts:21.
I: Infer CARRY group, base inst: u_top_yolo/u_layer8/genblk1.gen_pages[1].pe_inst.u_pe_page/pe_col_inst[1].u_pe_col/pe_inst[0].u_pe_2/N5_1/gateop, insts:21.
I: Infer CARRY group, base inst: u_top_yolo/u_layer8/genblk1.gen_pages[1].pe_inst.u_pe_page/pe_col_inst[1].u_pe_col/pe_inst[0].u_pe_3/N5_1/gateop, insts:21.
I: Infer CARRY group, base inst: u_top_yolo/u_layer8/genblk1.gen_pages[1].pe_inst.u_pe_page/pe_col_inst[1].u_pe_col/pe_inst[0].u_pe_4/N5_1/gateop, insts:21.
I: Infer CARRY group, base inst: u_top_yolo/u_layer8/genblk1.gen_pages[1].pe_inst.u_pe_page/pe_col_inst[1].u_pe_col/pe_inst[0].u_pe_5/N5_1/gateop, insts:21.
I: Infer CARRY group, base inst: u_top_yolo/u_layer8/genblk1.gen_pages[1].pe_inst.u_pe_page/pe_col_inst[1].u_pe_col/pe_inst[0].u_pe_6/N5_1/gateop, insts:21.
I: Infer CARRY group, base inst: u_top_yolo/u_layer8/genblk1.gen_pages[1].pe_inst.u_pe_page/pe_col_inst[1].u_pe_col/pe_inst[0].u_pe_7/N5_1/gateop, insts:21.
I: Infer CARRY group, base inst: u_top_yolo/u_layer8/genblk1.gen_pages[1].pe_inst.u_pe_page/pe_col_inst[1].u_pe_col/pe_inst[0].u_pe_8/N5_1/gateop, insts:21.
I: Infer CARRY group, base inst: u_top_yolo/u_layer9/genblk1.gen_pages[0].pe_inst.u_pe_page/pe_col_inst[0].u_pe_col/pe_inst[0].u_pe_1/N5_1/gateop, insts:21.
I: Infer CARRY group, base inst: u_top_yolo/u_layer9/genblk1.gen_pages[0].pe_inst.u_pe_page/pe_col_inst[0].u_pe_col/pe_inst[0].u_pe_2/N5_1/gateop, insts:21.
I: Infer CARRY group, base inst: u_top_yolo/u_layer9/genblk1.gen_pages[0].pe_inst.u_pe_page/pe_col_inst[0].u_pe_col/pe_inst[0].u_pe_3/N5_1/gateop, insts:21.
I: Infer CARRY group, base inst: u_top_yolo/u_layer9/genblk1.gen_pages[0].pe_inst.u_pe_page/pe_col_inst[0].u_pe_col/pe_inst[0].u_pe_4/N5_1/gateop, insts:21.
I: Infer CARRY group, base inst: u_top_yolo/u_layer9/genblk1.gen_pages[0].pe_inst.u_pe_page/pe_col_inst[0].u_pe_col/pe_inst[0].u_pe_5/N5_1/gateop, insts:21.
I: Infer CARRY group, base inst: u_top_yolo/u_layer9/genblk1.gen_pages[0].pe_inst.u_pe_page/pe_col_inst[0].u_pe_col/pe_inst[0].u_pe_6/N5_1/gateop, insts:21.
I: Infer CARRY group, base inst: u_top_yolo/u_layer9/genblk1.gen_pages[0].pe_inst.u_pe_page/pe_col_inst[0].u_pe_col/pe_inst[0].u_pe_7/N5_1/gateop, insts:21.
I: Infer CARRY group, base inst: u_top_yolo/u_layer9/genblk1.gen_pages[0].pe_inst.u_pe_page/pe_col_inst[0].u_pe_col/pe_inst[0].u_pe_8/N5_1/gateop, insts:21.
I: Infer CARRY group, base inst: u_top_yolo/u_layer9/genblk1.gen_pages[1].pe_inst.u_pe_page/pe_col_inst[0].u_pe_col/pe_inst[0].u_pe_1/N5_1/gateop, insts:21.
I: Infer CARRY group, base inst: u_top_yolo/u_layer9/genblk1.gen_pages[1].pe_inst.u_pe_page/pe_col_inst[0].u_pe_col/pe_inst[0].u_pe_2/N5_1/gateop, insts:21.
I: Infer CARRY group, base inst: u_top_yolo/u_layer9/genblk1.gen_pages[1].pe_inst.u_pe_page/pe_col_inst[0].u_pe_col/pe_inst[0].u_pe_3/N5_1/gateop, insts:21.
I: Infer CARRY group, base inst: u_top_yolo/u_layer9/genblk1.gen_pages[1].pe_inst.u_pe_page/pe_col_inst[0].u_pe_col/pe_inst[0].u_pe_4/N5_1/gateop, insts:21.
I: Infer CARRY group, base inst: u_top_yolo/u_layer9/genblk1.gen_pages[1].pe_inst.u_pe_page/pe_col_inst[0].u_pe_col/pe_inst[0].u_pe_5/N5_1/gateop, insts:21.
I: Infer CARRY group, base inst: u_top_yolo/u_layer9/genblk1.gen_pages[1].pe_inst.u_pe_page/pe_col_inst[0].u_pe_col/pe_inst[0].u_pe_6/N5_1/gateop, insts:21.
I: Infer CARRY group, base inst: u_top_yolo/u_layer9/genblk1.gen_pages[1].pe_inst.u_pe_page/pe_col_inst[0].u_pe_col/pe_inst[0].u_pe_7/N5_1/gateop, insts:21.
I: Infer CARRY group, base inst: u_top_yolo/u_layer9/genblk1.gen_pages[1].pe_inst.u_pe_page/pe_col_inst[0].u_pe_col/pe_inst[0].u_pe_8/N5_1/gateop, insts:21.
I: Infer CARRY group, base inst: u_ddr_video_delay_sync/u_ddr3_test/u_ddrphy_top/ddrphy_slice_top/i_dqs_group[0].ddrphy_data_slice/ddrphy_data_slice_wrcal/N196_1/gateop, insts:9.
I: Infer CARRY group, base inst: u_ddr_video_delay_sync/u_ddr3_test/u_ddrphy_top/ddrphy_slice_top/i_dqs_group[0].ddrphy_data_slice/ddrphy_data_slice_wrcal/N263_1_1/gateop, insts:9.
I: Infer CARRY group, base inst: u_ddr_video_delay_sync/u_ddr3_test/u_ddrphy_top/ddrphy_slice_top/i_dqs_group[0].ddrphy_data_slice/ddrphy_dqsi_rdel_cal/N197/gateop, insts:2.
I: Infer CARRY group, base inst: u_ddr_video_delay_sync/u_ddr3_test/u_ddrphy_top/ddrphy_slice_top/i_dqs_group[0].ddrphy_data_slice/ddrphy_dqsi_rdel_cal/N277_1/gateop, insts:9.
I: Infer CARRY group, base inst: u_ddr_video_delay_sync/u_ddr3_test/u_ddrphy_top/ddrphy_slice_top/i_dqs_group[0].ddrphy_data_slice/ddrphy_dqsi_rdel_cal/N312/gateop, insts:2.
I: Infer CARRY group, base inst: u_ddr_video_delay_sync/u_ddr3_test/u_ddrphy_top/ddrphy_slice_top/i_dqs_group[0].ddrphy_data_slice/ddrphy_dqsi_rdel_cal/N392_1/gateop, insts:9.
I: Infer CARRY group, base inst: u_ddr_video_delay_sync/u_ddr3_test/u_ddrphy_top/ddrphy_slice_top/i_dqs_group[0].ddrphy_data_slice/ddrphy_dqsi_rdel_cal/N415.lt_0/gateop, insts:4.
I: Infer CARRY group, base inst: u_ddr_video_delay_sync/u_ddr3_test/u_ddrphy_top/ddrphy_slice_top/i_dqs_group[0].ddrphy_data_slice/ddrphy_dqsi_rdel_cal/N613_15/gateop, insts:2.
I: Infer CARRY group, base inst: u_ddr_video_delay_sync/u_ddr3_test/u_ddrphy_top/ddrphy_slice_top/i_dqs_group[0].ddrphy_data_slice/ddrphy_dqsi_rdel_cal/N875_7_0/gateop, insts:9.
I: Infer CARRY group, base inst: u_ddr_video_delay_sync/u_ddr3_test/u_ddrphy_top/ddrphy_slice_top/i_dqs_group[0].ddrphy_data_slice/ddrphy_dqsi_rdel_cal/N975_7_0/gateop, insts:9.
I: Infer CARRY group, base inst: u_ddr_video_delay_sync/u_ddr3_test/u_ddrphy_top/ddrphy_slice_top/i_dqs_group[1].ddrphy_data_slice/ddrphy_data_slice_wrcal/N196_1/gateop, insts:9.
I: Infer CARRY group, base inst: u_ddr_video_delay_sync/u_ddr3_test/u_ddrphy_top/ddrphy_slice_top/i_dqs_group[1].ddrphy_data_slice/ddrphy_data_slice_wrcal/N263_1_1/gateop, insts:9.
I: Infer CARRY group, base inst: u_ddr_video_delay_sync/u_ddr3_test/u_ddrphy_top/ddrphy_slice_top/i_dqs_group[1].ddrphy_data_slice/ddrphy_dqsi_rdel_cal/N277_1/gateop, insts:9.
I: Infer CARRY group, base inst: u_ddr_video_delay_sync/u_ddr3_test/u_ddrphy_top/ddrphy_slice_top/i_dqs_group[1].ddrphy_data_slice/ddrphy_dqsi_rdel_cal/N392_1/gateop, insts:9.
I: Infer CARRY group, base inst: u_ddr_video_delay_sync/u_ddr3_test/u_ddrphy_top/ddrphy_slice_top/i_dqs_group[1].ddrphy_data_slice/ddrphy_dqsi_rdel_cal/N415.lt_0/gateop, insts:4.
I: Infer CARRY group, base inst: u_ddr_video_delay_sync/u_ddr3_test/u_ddrphy_top/ddrphy_slice_top/i_dqs_group[1].ddrphy_data_slice/ddrphy_dqsi_rdel_cal/N613_15/gateop, insts:2.
I: Infer CARRY group, base inst: u_ddr_video_delay_sync/u_ddr3_test/u_ddrphy_top/ddrphy_slice_top/i_dqs_group[1].ddrphy_data_slice/ddrphy_dqsi_rdel_cal/N875_7_0/gateop, insts:9.
I: Infer CARRY group, base inst: u_ddr_video_delay_sync/u_ddr3_test/u_ddrphy_top/ddrphy_slice_top/i_dqs_group[1].ddrphy_data_slice/ddrphy_dqsi_rdel_cal/N975_7_0/gateop, insts:9.
I: Infer CARRY group, base inst: u_ddr_video_delay_sync/u_ddr3_test/u_ddrphy_top/ddrphy_slice_top/i_dqs_group[2].ddrphy_data_slice/ddrphy_data_slice_wrcal/N196_1/gateop, insts:9.
I: Infer CARRY group, base inst: u_ddr_video_delay_sync/u_ddr3_test/u_ddrphy_top/ddrphy_slice_top/i_dqs_group[2].ddrphy_data_slice/ddrphy_data_slice_wrcal/N263_1_1/gateop, insts:9.
I: Infer CARRY group, base inst: u_ddr_video_delay_sync/u_ddr3_test/u_ddrphy_top/ddrphy_slice_top/i_dqs_group[2].ddrphy_data_slice/ddrphy_dqsi_rdel_cal/N277_1/gateop, insts:9.
I: Infer CARRY group, base inst: u_ddr_video_delay_sync/u_ddr3_test/u_ddrphy_top/ddrphy_slice_top/i_dqs_group[2].ddrphy_data_slice/ddrphy_dqsi_rdel_cal/N312/gateop, insts:2.
I: Infer CARRY group, base inst: u_ddr_video_delay_sync/u_ddr3_test/u_ddrphy_top/ddrphy_slice_top/i_dqs_group[2].ddrphy_data_slice/ddrphy_dqsi_rdel_cal/N392_1/gateop, insts:9.
I: Infer CARRY group, base inst: u_ddr_video_delay_sync/u_ddr3_test/u_ddrphy_top/ddrphy_slice_top/i_dqs_group[2].ddrphy_data_slice/ddrphy_dqsi_rdel_cal/N415.lt_0/gateop, insts:4.
I: Infer CARRY group, base inst: u_ddr_video_delay_sync/u_ddr3_test/u_ddrphy_top/ddrphy_slice_top/i_dqs_group[2].ddrphy_data_slice/ddrphy_dqsi_rdel_cal/N613_14/gateop, insts:2.
I: Infer CARRY group, base inst: u_ddr_video_delay_sync/u_ddr3_test/u_ddrphy_top/ddrphy_slice_top/i_dqs_group[2].ddrphy_data_slice/ddrphy_dqsi_rdel_cal/N875_7_0/gateop, insts:9.
I: Infer CARRY group, base inst: u_ddr_video_delay_sync/u_ddr3_test/u_ddrphy_top/ddrphy_slice_top/i_dqs_group[2].ddrphy_data_slice/ddrphy_dqsi_rdel_cal/N975_7_0/gateop, insts:9.
I: Infer CARRY group, base inst: u_ddr_video_delay_sync/u_ddr3_test/u_ddrphy_top/ddrphy_slice_top/i_dqs_group[3].ddrphy_data_slice/ddrphy_data_slice_wrcal/N196_1/gateop, insts:9.
I: Infer CARRY group, base inst: u_ddr_video_delay_sync/u_ddr3_test/u_ddrphy_top/ddrphy_slice_top/i_dqs_group[3].ddrphy_data_slice/ddrphy_data_slice_wrcal/N263_1_1/gateop, insts:9.
I: Infer CARRY group, base inst: u_ddr_video_delay_sync/u_ddr3_test/u_ddrphy_top/ddrphy_slice_top/i_dqs_group[3].ddrphy_data_slice/ddrphy_dqsi_rdel_cal/N277_1/gateop, insts:9.
I: Infer CARRY group, base inst: u_ddr_video_delay_sync/u_ddr3_test/u_ddrphy_top/ddrphy_slice_top/i_dqs_group[3].ddrphy_data_slice/ddrphy_dqsi_rdel_cal/N312/gateop, insts:2.
I: Infer CARRY group, base inst: u_ddr_video_delay_sync/u_ddr3_test/u_ddrphy_top/ddrphy_slice_top/i_dqs_group[3].ddrphy_data_slice/ddrphy_dqsi_rdel_cal/N392_1/gateop, insts:9.
I: Infer CARRY group, base inst: u_ddr_video_delay_sync/u_ddr3_test/u_ddrphy_top/ddrphy_slice_top/i_dqs_group[3].ddrphy_data_slice/ddrphy_dqsi_rdel_cal/N415.lt_0/gateop, insts:4.
I: Infer CARRY group, base inst: u_ddr_video_delay_sync/u_ddr3_test/u_ddrphy_top/ddrphy_slice_top/i_dqs_group[3].ddrphy_data_slice/ddrphy_dqsi_rdel_cal/N613_14/gateop, insts:2.
I: Infer CARRY group, base inst: u_ddr_video_delay_sync/u_ddr3_test/u_ddrphy_top/ddrphy_slice_top/i_dqs_group[3].ddrphy_data_slice/ddrphy_dqsi_rdel_cal/N875_7_0/gateop, insts:9.
I: Infer CARRY group, base inst: u_ddr_video_delay_sync/u_ddr3_test/u_ddrphy_top/ddrphy_slice_top/i_dqs_group[3].ddrphy_data_slice/ddrphy_dqsi_rdel_cal/N975_7_0/gateop, insts:9.
I: Infer CARRY group, base inst: u_ddr_video_delay_sync/u_ddr3_test/u_ips_ddrc_top/mcdq_dcp_top/mcdq_dcp_back_ctrl/timing_act_pass/N77_7_maj5_1/gateop, insts:2.
I: Infer CARRY group, base inst: u_ddr_video_delay_sync/u_ddr3_test/u_ddrphy_top/ddrphy_slice_top/i_dqs_group[0].ddrphy_data_slice/ddrphy_data_slice_dqs_gate_cal/ddrphy_gatecal/N223_7_ac4/gateop, insts:2.
I: Infer CARRY group, base inst: u_ddr_video_delay_sync/u_ddr3_test/u_ddrphy_top/ddrphy_slice_top/i_dqs_group[0].ddrphy_data_slice/ddrphy_data_slice_dqs_gate_cal/ddrphy_gatecal/N245_7_0/gateop, insts:8.
I: Infer CARRY group, base inst: u_ddr_video_delay_sync/u_ddr3_test/u_ddrphy_top/ddrphy_slice_top/i_dqs_group[1].ddrphy_data_slice/ddrphy_data_slice_dqs_gate_cal/ddrphy_gatecal/N223_7_ac4/gateop, insts:2.
I: Infer CARRY group, base inst: u_ddr_video_delay_sync/u_ddr3_test/u_ddrphy_top/ddrphy_slice_top/i_dqs_group[1].ddrphy_data_slice/ddrphy_data_slice_dqs_gate_cal/ddrphy_gatecal/N245_7_0/gateop, insts:8.
I: Infer CARRY group, base inst: u_ddr_video_delay_sync/u_ddr3_test/u_ddrphy_top/ddrphy_slice_top/i_dqs_group[2].ddrphy_data_slice/ddrphy_data_slice_dqs_gate_cal/ddrphy_gatecal/N223_7_ac4/gateop, insts:2.
I: Infer APM group, base inst: u_box_overlay_sync/N484_m1/gopapm, insts:2.
I: Infer APM group, base inst: u_box_overlay_sync/N1176_m1/gopapm, insts:2.
I: Infer APM group, base inst: u_box_overlay_sync/N1868_m1/gopapm, insts:2.
I: Infer APM group, base inst: u_box_overlay_sync/N2560_m1/gopapm, insts:2.
I: Infer APM group, base inst: u_box_overlay_sync/N3252_m1/gopapm, insts:2.
I: Infer APM group, base inst: u_box_overlay_sync/N3944_m1/gopapm, insts:2.
I: Infer APM group, base inst: u_lprnet_top/u_layer20/gen_conv.gen_pages[0].page0.u_pe_page/pe_col_inst[0].u_pe_col/pe_inst[0].u_pe/N3/gopapm, insts:9.
I: Infer APM group, base inst: u_lprnet_top/u_layer20/gen_conv.gen_pages[1].page1.u_pe_page/pe_col_inst[0].u_pe_col/pe_inst[0].u_pe/N3/gopapm, insts:3.
I: Infer APM group, base inst: u_lprnet_top/u_layer20/gen_conv.gen_pages[1].page1.u_pe_page/pe_col_inst[0].u_pe_col/pe_inst[0].u_pe_6/N3/gopapm, insts:3.
I: Infer APM group, base inst: u_lprnet_top/u_layer20/gen_conv.gen_pages[2].page2.u_pe_page/pe_col_inst[0].u_pe_col/pe_inst[0].u_pe/N3/gopapm, insts:9.
I: Infer APM group, base inst: u_top_yolo/u_layer0/genblk1.gen_pages[0].pe_inst.u_pe_page/pe_col_inst[0].u_pe_col/pe_inst[0].u_pe/N3/gopapm, insts:9.
I: Infer APM group, base inst: u_top_yolo/u_layer0/genblk1.gen_pages[1].pe_inst.u_pe_page/pe_col_inst[0].u_pe_col/pe_inst[0].u_pe/N3/gopapm, insts:9.
I: Infer APM group, base inst: u_top_yolo/u_layer0/genblk1.gen_pages[2].pe_inst.u_pe_page/pe_col_inst[0].u_pe_col/pe_inst[0].u_pe/N3/gopapm, insts:9.
I: Infer APM group, base inst: u_top_yolo/u_layer1/genblk1.gen_pages[0].pe_inst.u_pe_page/pe_col_inst[0].u_pe_col/pe_inst[0].u_pe/N3/gopapm, insts:9.
I: Infer APM group, base inst: u_top_yolo/u_layer1/genblk1.gen_pages[0].pe_inst.u_pe_page/pe_col_inst[1].u_pe_col/pe_inst[0].u_pe/N3/gopapm, insts:9.
I: Infer APM group, base inst: u_top_yolo/u_layer1/genblk1.gen_pages[0].pe_inst.u_pe_page/pe_col_inst[2].u_pe_col/pe_inst[0].u_pe/N3/gopapm, insts:9.
I: Infer APM group, base inst: u_top_yolo/u_layer1/genblk1.gen_pages[0].pe_inst.u_pe_page/pe_col_inst[3].u_pe_col/pe_inst[0].u_pe/N3/gopapm, insts:9.
I: Infer APM group, base inst: u_top_yolo/u_layer2/genblk1.gen_pages[0].pe_inst.u_pe_page/pe_col_inst[0].u_pe_col/pe_inst[0].u_pe/N3/gopapm, insts:9.
I: Infer APM group, base inst: u_top_yolo/u_layer2/genblk1.gen_pages[1].pe_inst.u_pe_page/pe_col_inst[0].u_pe_col/pe_inst[0].u_pe/N3/gopapm, insts:9.
I: Infer APM group, base inst: u_top_yolo/u_layer2/genblk1.gen_pages[2].pe_inst.u_pe_page/pe_col_inst[0].u_pe_col/pe_inst[0].u_pe/N3/gopapm, insts:9.
I: Infer APM group, base inst: u_top_yolo/u_layer2/genblk1.gen_pages[3].pe_inst.u_pe_page/pe_col_inst[0].u_pe_col/pe_inst[0].u_pe/N3/gopapm, insts:9.
I: Infer APM group, base inst: u_top_yolo/u_layer3/genblk1.gen_pages[0].pe_inst.u_pe_page/pe_col_inst[0].u_pe_col/pe_inst[0].u_pe/N3/gopapm, insts:9.
I: Infer APM group, base inst: u_top_yolo/u_layer3/genblk1.gen_pages[0].pe_inst.u_pe_page/pe_col_inst[1].u_pe_col/pe_inst[0].u_pe/N3/gopapm, insts:9.
I: Infer APM group, base inst: u_top_yolo/u_layer3/genblk1.gen_pages[0].pe_inst.u_pe_page/pe_col_inst[2].u_pe_col/pe_inst[0].u_pe/N3/gopapm, insts:9.
I: Infer APM group, base inst: u_top_yolo/u_layer3/genblk1.gen_pages[0].pe_inst.u_pe_page/pe_col_inst[3].u_pe_col/pe_inst[0].u_pe/N3/gopapm, insts:9.
I: Infer APM group, base inst: u_top_yolo/u_layer4/genblk1.gen_pages[0].pe_inst.u_pe_page/pe_col_inst[0].u_pe_col/pe_inst[0].u_pe/N3/gopapm, insts:9.
I: Infer APM group, base inst: u_top_yolo/u_layer4/genblk1.gen_pages[0].pe_inst.u_pe_page/pe_col_inst[1].u_pe_col/pe_inst[0].u_pe/N3/gopapm, insts:9.
I: Infer APM group, base inst: u_top_yolo/u_layer4/genblk1.gen_pages[1].pe_inst.u_pe_page/pe_col_inst[0].u_pe_col/pe_inst[0].u_pe/N3/gopapm, insts:9.
I: Infer APM group, base inst: u_top_yolo/u_layer4/genblk1.gen_pages[1].pe_inst.u_pe_page/pe_col_inst[1].u_pe_col/pe_inst[0].u_pe/N3/gopapm, insts:9.
I: Infer APM group, base inst: u_top_yolo/u_layer4/genblk1.gen_pages[2].pe_inst.u_pe_page/pe_col_inst[0].u_pe_col/pe_inst[0].u_pe/N3/gopapm, insts:9.
I: Infer APM group, base inst: u_top_yolo/u_layer4/genblk1.gen_pages[2].pe_inst.u_pe_page/pe_col_inst[1].u_pe_col/pe_inst[0].u_pe/N3/gopapm, insts:9.
I: Infer APM group, base inst: u_top_yolo/u_layer4/genblk1.gen_pages[3].pe_inst.u_pe_page/pe_col_inst[0].u_pe_col/pe_inst[0].u_pe/N3/gopapm, insts:9.
I: Infer APM group, base inst: u_top_yolo/u_layer4/genblk1.gen_pages[3].pe_inst.u_pe_page/pe_col_inst[1].u_pe_col/pe_inst[0].u_pe/N3/gopapm, insts:9.
I: IDLAY of "u_ddr_video_delay_sync/u_ddr3_test/u_ddrphy_top/ddrphy_slice_top/i_dqs_group[0].ddrphy_data_slice/dq_loop[7].u_iodelay_dq/iodelay_inst" has been packed in "IDLAY" of IOL "u_ddr_video_delay_sync/u_ddr3_test/u_ddrphy_top/ddrphy_slice_top/i_dqs_group[0].ddrphy_data_slice/dq_loop[7].u_iobuf_dq/opit_1" success.
I: IDLAY of "u_ddr_video_delay_sync/u_ddr3_test/u_ddrphy_top/ddrphy_slice_top/i_dqs_group[1].ddrphy_data_slice/dq_loop[0].u_iodelay_dq/iodelay_inst" has been packed in "IDLAY" of IOL "u_ddr_video_delay_sync/u_ddr3_test/u_ddrphy_top/ddrphy_slice_top/i_dqs_group[1].ddrphy_data_slice/dq_loop[0].u_iobuf_dq/opit_1" success.
I: IDLAY of "u_ddr_video_delay_sync/u_ddr3_test/u_ddrphy_top/ddrphy_slice_top/i_dqs_group[3].ddrphy_data_slice/dq_loop[2].u_iodelay_dq/iodelay_inst" has been packed in "IDLAY" of IOL "u_ddr_video_delay_sync/u_ddr3_test/u_ddrphy_top/ddrphy_slice_top/i_dqs_group[3].ddrphy_data_slice/dq_loop[2].u_iobuf_dq/opit_1" success.
I: IDLAY of "u_ddr_video_delay_sync/u_ddr3_test/u_ddrphy_top/ddrphy_slice_top/i_dqs_group[3].ddrphy_data_slice/dq_loop[3].u_iodelay_dq/iodelay_inst" has been packed in "IDLAY" of IOL "u_ddr_video_delay_sync/u_ddr3_test/u_ddrphy_top/ddrphy_slice_top/i_dqs_group[3].ddrphy_data_slice/dq_loop[3].u_iobuf_dq/opit_1" success.
I: IDLAY of "u_ddr_video_delay_sync/u_ddr3_test/u_ddrphy_top/ddrphy_slice_top/i_dqs_group[3].ddrphy_data_slice/dq_loop[4].u_iodelay_dq/iodelay_inst" has been packed in "IDLAY" of IOL "u_ddr_video_delay_sync/u_ddr3_test/u_ddrphy_top/ddrphy_slice_top/i_dqs_group[3].ddrphy_data_slice/dq_loop[4].u_iobuf_dq/opit_1" success.
I: IDLAY of "u_ddr_video_delay_sync/u_ddr3_test/u_ddrphy_top/ddrphy_slice_top/i_dqs_group[3].ddrphy_data_slice/dq_loop[5].u_iodelay_dq/iodelay_inst" has been packed in "IDLAY" of IOL "u_ddr_video_delay_sync/u_ddr3_test/u_ddrphy_top/ddrphy_slice_top/i_dqs_group[3].ddrphy_data_slice/dq_loop[5].u_iobuf_dq/opit_1" success.
I: IDLAY of "u_ddr_video_delay_sync/u_ddr3_test/u_ddrphy_top/ddrphy_slice_top/i_dqs_group[1].ddrphy_data_slice/dq_loop[1].u_iodelay_dq/iodelay_inst" has been packed in "IDLAY" of IOL "u_ddr_video_delay_sync/u_ddr3_test/u_ddrphy_top/ddrphy_slice_top/i_dqs_group[1].ddrphy_data_slice/dq_loop[1].u_iobuf_dq/opit_1" success.
I: IDLAY of "u_ddr_video_delay_sync/u_ddr3_test/u_ddrphy_top/ddrphy_slice_top/i_dqs_group[1].ddrphy_data_slice/dq_loop[2].u_iodelay_dq/iodelay_inst" has been packed in "IDLAY" of IOL "u_ddr_video_delay_sync/u_ddr3_test/u_ddrphy_top/ddrphy_slice_top/i_dqs_group[1].ddrphy_data_slice/dq_loop[2].u_iobuf_dq/opit_1" success.
I: IDLAY of "u_ddr_video_delay_sync/u_ddr3_test/u_ddrphy_top/ddrphy_slice_top/i_dqs_group[0].ddrphy_data_slice/dq_loop[6].u_iodelay_dq/iodelay_inst" has been packed in "IDLAY" of IOL "u_ddr_video_delay_sync/u_ddr3_test/u_ddrphy_top/ddrphy_slice_top/i_dqs_group[0].ddrphy_data_slice/dq_loop[6].u_iobuf_dq/opit_1" success.
I: IDLAY of "u_ddr_video_delay_sync/u_ddr3_test/u_ddrphy_top/ddrphy_slice_top/i_dqs_group[3].ddrphy_data_slice/dq_loop[6].u_iodelay_dq/iodelay_inst" has been packed in "IDLAY" of IOL "u_ddr_video_delay_sync/u_ddr3_test/u_ddrphy_top/ddrphy_slice_top/i_dqs_group[3].ddrphy_data_slice/dq_loop[6].u_iobuf_dq/opit_1" success.
I: Adm-6003: Trying to disconnect un-connected pin 'D_DLY' of instance 'u_ddr_video_delay_sync/u_ddr3_test/u_ddrphy_top/ddrphy_slice_top/i_mem_addr_0[0].u_odelay_addr/iodelay_inst'.
I: ODLAY of "u_ddr_video_delay_sync/u_ddr3_test/u_ddrphy_top/ddrphy_slice_top/i_mem_addr_0[0].u_odelay_addr/iodelay_inst" has been packed in "ODLAY" of IOL "u_ddr_video_delay_sync/u_ddr3_test/u_ddrphy_top/ddrphy_slice_top/i_mem_addr_0[0].u_outbuft_addr0/opit_1" success.
I: Adm-6003: Trying to disconnect un-connected pin 'D_DLY' of instance 'u_ddr_video_delay_sync/u_ddr3_test/u_ddrphy_top/ddrphy_slice_top/i_mem_addr_0[1].u_odelay_addr/iodelay_inst'.
I: ODLAY of "u_ddr_video_delay_sync/u_ddr3_test/u_ddrphy_top/ddrphy_slice_top/i_mem_addr_0[1].u_odelay_addr/iodelay_inst" has been packed in "ODLAY" of IOL "u_ddr_video_delay_sync/u_ddr3_test/u_ddrphy_top/ddrphy_slice_top/i_mem_addr_0[1].u_outbuft_addr0/opit_1" success.
I: Adm-6003: Trying to disconnect un-connected pin 'D_DLY' of instance 'u_ddr_video_delay_sync/u_ddr3_test/u_ddrphy_top/ddrphy_slice_top/i_mem_addr_0[2].u_odelay_addr/iodelay_inst'.
I: ODLAY of "u_ddr_video_delay_sync/u_ddr3_test/u_ddrphy_top/ddrphy_slice_top/i_mem_addr_0[2].u_odelay_addr/iodelay_inst" has been packed in "ODLAY" of IOL "u_ddr_video_delay_sync/u_ddr3_test/u_ddrphy_top/ddrphy_slice_top/i_mem_addr_0[2].u_outbuft_addr0/opit_1" success.
I: Adm-6003: Trying to disconnect un-connected pin 'D_DLY' of instance 'u_ddr_video_delay_sync/u_ddr3_test/u_ddrphy_top/ddrphy_slice_top/i_mem_addr_0[3].u_odelay_addr/iodelay_inst'.
I: ODLAY of "u_ddr_video_delay_sync/u_ddr3_test/u_ddrphy_top/ddrphy_slice_top/i_mem_addr_0[3].u_odelay_addr/iodelay_inst" has been packed in "ODLAY" of IOL "u_ddr_video_delay_sync/u_ddr3_test/u_ddrphy_top/ddrphy_slice_top/i_mem_addr_0[3].u_outbuft_addr0/opit_1" success.
I: Adm-6003: Trying to disconnect un-connected pin 'D_DLY' of instance 'u_ddr_video_delay_sync/u_ddr3_test/u_ddrphy_top/ddrphy_slice_top/i_mem_addr_0[4].u_odelay_addr/iodelay_inst'.
I: ODLAY of "u_ddr_video_delay_sync/u_ddr3_test/u_ddrphy_top/ddrphy_slice_top/i_mem_addr_0[4].u_odelay_addr/iodelay_inst" has been packed in "ODLAY" of IOL "u_ddr_video_delay_sync/u_ddr3_test/u_ddrphy_top/ddrphy_slice_top/i_mem_addr_0[4].u_outbuft_addr0/opit_1" success.
I: Adm-6003: Trying to disconnect un-connected pin 'D_DLY' of instance 'u_ddr_video_delay_sync/u_ddr3_test/u_ddrphy_top/ddrphy_slice_top/i_mem_addr_0[5].u_odelay_addr/iodelay_inst'.
I: ODLAY of "u_ddr_video_delay_sync/u_ddr3_test/u_ddrphy_top/ddrphy_slice_top/i_mem_addr_0[5].u_odelay_addr/iodelay_inst" has been packed in "ODLAY" of IOL "u_ddr_video_delay_sync/u_ddr3_test/u_ddrphy_top/ddrphy_slice_top/i_mem_addr_0[5].u_outbuft_addr0/opit_1" success.
I: Adm-6003: Trying to disconnect un-connected pin 'D_DLY' of instance 'u_ddr_video_delay_sync/u_ddr3_test/u_ddrphy_top/ddrphy_slice_top/i_mem_addr_0[6].u_odelay_addr/iodelay_inst'.
I: ODLAY of "u_ddr_video_delay_sync/u_ddr3_test/u_ddrphy_top/ddrphy_slice_top/i_mem_addr_0[6].u_odelay_addr/iodelay_inst" has been packed in "ODLAY" of IOL "u_ddr_video_delay_sync/u_ddr3_test/u_ddrphy_top/ddrphy_slice_top/i_mem_addr_0[6].u_outbuft_addr0/opit_1" success.
I: Adm-6003: Trying to disconnect un-connected pin 'D_DLY' of instance 'u_ddr_video_delay_sync/u_ddr3_test/u_ddrphy_top/ddrphy_slice_top/i_mem_addr_0[7].u_odelay_addr/iodelay_inst'.
I: ODLAY of "u_ddr_video_delay_sync/u_ddr3_test/u_ddrphy_top/ddrphy_slice_top/i_mem_addr_0[7].u_odelay_addr/iodelay_inst" has been packed in "ODLAY" of IOL "u_ddr_video_delay_sync/u_ddr3_test/u_ddrphy_top/ddrphy_slice_top/i_mem_addr_0[7].u_outbuft_addr0/opit_1" success.
I: Adm-6003: Trying to disconnect un-connected pin 'D_DLY' of instance 'u_ddr_video_delay_sync/u_ddr3_test/u_ddrphy_top/ddrphy_slice_top/i_mem_addr_0[8].u_odelay_addr/iodelay_inst'.
I: ODLAY of "u_ddr_video_delay_sync/u_ddr3_test/u_ddrphy_top/ddrphy_slice_top/i_mem_addr_0[8].u_odelay_addr/iodelay_inst" has been packed in "ODLAY" of IOL "u_ddr_video_delay_sync/u_ddr3_test/u_ddrphy_top/ddrphy_slice_top/i_mem_addr_0[8].u_outbuft_addr0/opit_1" success.
I: Adm-6003: Trying to disconnect un-connected pin 'D_DLY' of instance 'u_ddr_video_delay_sync/u_ddr3_test/u_ddrphy_top/ddrphy_slice_top/i_mem_addr_0[9].u_odelay_addr/iodelay_inst'.
I: ODLAY of "u_ddr_video_delay_sync/u_ddr3_test/u_ddrphy_top/ddrphy_slice_top/i_mem_addr_0[9].u_odelay_addr/iodelay_inst" has been packed in "ODLAY" of IOL "u_ddr_video_delay_sync/u_ddr3_test/u_ddrphy_top/ddrphy_slice_top/i_mem_addr_0[9].u_outbuft_addr0/opit_1" success.
I: Adm-6003: Trying to disconnect un-connected pin 'D_DLY' of instance 'u_ddr_video_delay_sync/u_ddr3_test/u_ddrphy_top/ddrphy_slice_top/i_mem_addr_0[10].u_odelay_addr/iodelay_inst'.
I: ODLAY of "u_ddr_video_delay_sync/u_ddr3_test/u_ddrphy_top/ddrphy_slice_top/i_mem_addr_0[10].u_odelay_addr/iodelay_inst" has been packed in "ODLAY" of IOL "u_ddr_video_delay_sync/u_ddr3_test/u_ddrphy_top/ddrphy_slice_top/i_mem_addr_0[10].u_outbuft_addr0/opit_1" success.
I: Adm-6003: Trying to disconnect un-connected pin 'D_DLY' of instance 'u_ddr_video_delay_sync/u_ddr3_test/u_ddrphy_top/ddrphy_slice_top/i_mem_addr_0[11].u_odelay_addr/iodelay_inst'.
I: ODLAY of "u_ddr_video_delay_sync/u_ddr3_test/u_ddrphy_top/ddrphy_slice_top/i_mem_addr_0[11].u_odelay_addr/iodelay_inst" has been packed in "ODLAY" of IOL "u_ddr_video_delay_sync/u_ddr3_test/u_ddrphy_top/ddrphy_slice_top/i_mem_addr_0[11].u_outbuft_addr0/opit_1" success.
I: Adm-6003: Trying to disconnect un-connected pin 'D_DLY' of instance 'u_ddr_video_delay_sync/u_ddr3_test/u_ddrphy_top/ddrphy_slice_top/i_mem_addr_0[12].u_odelay_addr/iodelay_inst'.
I: ODLAY of "u_ddr_video_delay_sync/u_ddr3_test/u_ddrphy_top/ddrphy_slice_top/i_mem_addr_0[12].u_odelay_addr/iodelay_inst" has been packed in "ODLAY" of IOL "u_ddr_video_delay_sync/u_ddr3_test/u_ddrphy_top/ddrphy_slice_top/i_mem_addr_0[12].u_outbuft_addr0/opit_1" success.
I: Adm-6003: Trying to disconnect un-connected pin 'D_DLY' of instance 'u_ddr_video_delay_sync/u_ddr3_test/u_ddrphy_top/ddrphy_slice_top/i_mem_addr_0[13].u_odelay_addr/iodelay_inst'.
I: ODLAY of "u_ddr_video_delay_sync/u_ddr3_test/u_ddrphy_top/ddrphy_slice_top/i_mem_addr_0[13].u_odelay_addr/iodelay_inst" has been packed in "ODLAY" of IOL "u_ddr_video_delay_sync/u_ddr3_test/u_ddrphy_top/ddrphy_slice_top/i_mem_addr_0[13].u_outbuft_addr0/opit_1" success.
I: Adm-6003: Trying to disconnect un-connected pin 'D_DLY' of instance 'u_ddr_video_delay_sync/u_ddr3_test/u_ddrphy_top/ddrphy_slice_top/i_mem_addr_0[14].u_odelay_addr/iodelay_inst'.
I: ODLAY of "u_ddr_video_delay_sync/u_ddr3_test/u_ddrphy_top/ddrphy_slice_top/i_mem_addr_0[14].u_odelay_addr/iodelay_inst" has been packed in "ODLAY" of IOL "u_ddr_video_delay_sync/u_ddr3_test/u_ddrphy_top/ddrphy_slice_top/i_mem_addr_0[14].u_outbuft_addr0/opit_1" success.
I: Adm-6003: Trying to disconnect un-connected pin 'D_DLY' of instance 'u_ddr_video_delay_sync/u_ddr3_test/u_ddrphy_top/ddrphy_slice_top/k_mem_ba[0].u_odelay_ba/iodelay_inst'.
I: ODLAY of "u_ddr_video_delay_sync/u_ddr3_test/u_ddrphy_top/ddrphy_slice_top/k_mem_ba[0].u_odelay_ba/iodelay_inst" has been packed in "ODLAY" of IOL "u_ddr_video_delay_sync/u_ddr3_test/u_ddrphy_top/ddrphy_slice_top/k_mem_ba[0].u_outbuft_ba/opit_1" success.
I: Adm-6003: Trying to disconnect un-connected pin 'D_DLY' of instance 'u_ddr_video_delay_sync/u_ddr3_test/u_ddrphy_top/ddrphy_slice_top/k_mem_ba[1].u_odelay_ba/iodelay_inst'.
I: ODLAY of "u_ddr_video_delay_sync/u_ddr3_test/u_ddrphy_top/ddrphy_slice_top/k_mem_ba[1].u_odelay_ba/iodelay_inst" has been packed in "ODLAY" of IOL "u_ddr_video_delay_sync/u_ddr3_test/u_ddrphy_top/ddrphy_slice_top/k_mem_ba[1].u_outbuft_ba/opit_1" success.
I: Adm-6003: Trying to disconnect un-connected pin 'D_DLY' of instance 'u_ddr_video_delay_sync/u_ddr3_test/u_ddrphy_top/ddrphy_slice_top/k_mem_ba[2].u_odelay_ba/iodelay_inst'.
I: ODLAY of "u_ddr_video_delay_sync/u_ddr3_test/u_ddrphy_top/ddrphy_slice_top/k_mem_ba[2].u_odelay_ba/iodelay_inst" has been packed in "ODLAY" of IOL "u_ddr_video_delay_sync/u_ddr3_test/u_ddrphy_top/ddrphy_slice_top/k_mem_ba[2].u_outbuft_ba/opit_1" success.
I: Adm-6003: Trying to disconnect un-connected pin 'D_DLY' of instance 'u_ddr_video_delay_sync/u_ddr3_test/u_ddrphy_top/ddrphy_slice_top/u_odelay_casn/iodelay_inst'.
I: ODLAY of "u_ddr_video_delay_sync/u_ddr3_test/u_ddrphy_top/ddrphy_slice_top/u_odelay_casn/iodelay_inst" has been packed in "ODLAY" of IOL "u_ddr_video_delay_sync/u_ddr3_test/u_ddrphy_top/ddrphy_slice_top/u_outbuft_casn/opit_1" success.
I: Adm-6003: Trying to disconnect un-connected pin 'D_DLY' of instance 'u_ddr_video_delay_sync/u_ddr3_test/u_ddrphy_top/ddrphy_slice_top/u_odelay_cke/iodelay_inst'.
I: ODLAY of "u_ddr_video_delay_sync/u_ddr3_test/u_ddrphy_top/ddrphy_slice_top/u_odelay_cke/iodelay_inst" has been packed in "ODLAY" of IOL "u_ddr_video_delay_sync/u_ddr3_test/u_ddrphy_top/ddrphy_slice_top/u_outbuft_cke/opit_1" success.
I: Adm-6003: Trying to disconnect un-connected pin 'D_DLY' of instance 'u_ddr_video_delay_sync/u_ddr3_test/u_ddrphy_top/ddrphy_slice_top/u_odelay_csn/iodelay_inst'.
I: ODLAY of "u_ddr_video_delay_sync/u_ddr3_test/u_ddrphy_top/ddrphy_slice_top/u_odelay_csn/iodelay_inst" has been packed in "ODLAY" of IOL "u_ddr_video_delay_sync/u_ddr3_test/u_ddrphy_top/ddrphy_slice_top/u_outbuft_csn/opit_1" success.
I: Adm-6003: Trying to disconnect un-connected pin 'D_DLY' of instance 'u_ddr_video_delay_sync/u_ddr3_test/u_ddrphy_top/ddrphy_slice_top/u_odelay_odt/iodelay_inst'.
I: ODLAY of "u_ddr_video_delay_sync/u_ddr3_test/u_ddrphy_top/ddrphy_slice_top/u_odelay_odt/iodelay_inst" has been packed in "ODLAY" of IOL "u_ddr_video_delay_sync/u_ddr3_test/u_ddrphy_top/ddrphy_slice_top/u_outbuft_odt/opit_1" success.
I: Adm-6003: Trying to disconnect un-connected pin 'D_DLY' of instance 'u_ddr_video_delay_sync/u_ddr3_test/u_ddrphy_top/ddrphy_slice_top/u_odelay_rasn/iodelay_inst'.
I: ODLAY of "u_ddr_video_delay_sync/u_ddr3_test/u_ddrphy_top/ddrphy_slice_top/u_odelay_rasn/iodelay_inst" has been packed in "ODLAY" of IOL "u_ddr_video_delay_sync/u_ddr3_test/u_ddrphy_top/ddrphy_slice_top/u_outbuft_rasn/opit_1" success.
I: Adm-6003: Trying to disconnect un-connected pin 'D_DLY' of instance 'u_ddr_video_delay_sync/u_ddr3_test/u_ddrphy_top/ddrphy_slice_top/u_odelay_wen/iodelay_inst'.
I: ODLAY of "u_ddr_video_delay_sync/u_ddr3_test/u_ddrphy_top/ddrphy_slice_top/u_odelay_wen/iodelay_inst" has been packed in "ODLAY" of IOL "u_ddr_video_delay_sync/u_ddr3_test/u_ddrphy_top/ddrphy_slice_top/u_outbuft_wen/opit_1" success.
I: Adm-6003: Trying to disconnect un-connected pin 'D_DLY' of instance 'u_ddr_video_delay_sync/u_ddr3_test/u_ddrphy_top/ddrphy_slice_top/u_iodelay_dq/iodelay_inst'.
I: ODLAY of "u_ddr_video_delay_sync/u_ddr3_test/u_ddrphy_top/ddrphy_slice_top/u_iodelay_dq/iodelay_inst" has been packed in "ODLAY" of IOL "u_ddr_video_delay_sync/u_ddr3_test/u_ddrphy_top/ddrphy_slice_top/u_outbuftco_ck/opit_3" success.
I: IDLAY of "u_ddr_video_delay_sync/u_ddr3_test/u_ddrphy_top/ddrphy_slice_top/i_dqs_group[0].ddrphy_data_slice/dq_loop[0].u_iodelay_dq/iodelay_inst" has been packed in "IDLAY" of IOL "u_ddr_video_delay_sync/u_ddr3_test/u_ddrphy_top/ddrphy_slice_top/i_dqs_group[0].ddrphy_data_slice/dq_loop[0].u_iobuf_dq/opit_1" success.
I: IDLAY of "u_ddr_video_delay_sync/u_ddr3_test/u_ddrphy_top/ddrphy_slice_top/i_dqs_group[0].ddrphy_data_slice/dq_loop[1].u_iodelay_dq/iodelay_inst" has been packed in "IDLAY" of IOL "u_ddr_video_delay_sync/u_ddr3_test/u_ddrphy_top/ddrphy_slice_top/i_dqs_group[0].ddrphy_data_slice/dq_loop[1].u_iobuf_dq/opit_1" success.
I: IDLAY of "u_ddr_video_delay_sync/u_ddr3_test/u_ddrphy_top/ddrphy_slice_top/i_dqs_group[0].ddrphy_data_slice/dq_loop[2].u_iodelay_dq/iodelay_inst" has been packed in "IDLAY" of IOL "u_ddr_video_delay_sync/u_ddr3_test/u_ddrphy_top/ddrphy_slice_top/i_dqs_group[0].ddrphy_data_slice/dq_loop[2].u_iobuf_dq/opit_1" success.
I: IDLAY of "u_ddr_video_delay_sync/u_ddr3_test/u_ddrphy_top/ddrphy_slice_top/i_dqs_group[0].ddrphy_data_slice/dq_loop[3].u_iodelay_dq/iodelay_inst" has been packed in "IDLAY" of IOL "u_ddr_video_delay_sync/u_ddr3_test/u_ddrphy_top/ddrphy_slice_top/i_dqs_group[0].ddrphy_data_slice/dq_loop[3].u_iobuf_dq/opit_1" success.
I: IDLAY of "u_ddr_video_delay_sync/u_ddr3_test/u_ddrphy_top/ddrphy_slice_top/i_dqs_group[0].ddrphy_data_slice/dq_loop[4].u_iodelay_dq/iodelay_inst" has been packed in "IDLAY" of IOL "u_ddr_video_delay_sync/u_ddr3_test/u_ddrphy_top/ddrphy_slice_top/i_dqs_group[0].ddrphy_data_slice/dq_loop[4].u_iobuf_dq/opit_1" success.
I: IDLAY of "u_ddr_video_delay_sync/u_ddr3_test/u_ddrphy_top/ddrphy_slice_top/i_dqs_group[0].ddrphy_data_slice/dq_loop[5].u_iodelay_dq/iodelay_inst" has been packed in "IDLAY" of IOL "u_ddr_video_delay_sync/u_ddr3_test/u_ddrphy_top/ddrphy_slice_top/i_dqs_group[0].ddrphy_data_slice/dq_loop[5].u_iobuf_dq/opit_1" success.
I: IDLAY of "u_ddr_video_delay_sync/u_ddr3_test/u_ddrphy_top/ddrphy_slice_top/i_dqs_group[1].ddrphy_data_slice/dq_loop[3].u_iodelay_dq/iodelay_inst" has been packed in "IDLAY" of IOL "u_ddr_video_delay_sync/u_ddr3_test/u_ddrphy_top/ddrphy_slice_top/i_dqs_group[1].ddrphy_data_slice/dq_loop[3].u_iobuf_dq/opit_1" success.
I: IDLAY of "u_ddr_video_delay_sync/u_ddr3_test/u_ddrphy_top/ddrphy_slice_top/i_dqs_group[1].ddrphy_data_slice/dq_loop[4].u_iodelay_dq/iodelay_inst" has been packed in "IDLAY" of IOL "u_ddr_video_delay_sync/u_ddr3_test/u_ddrphy_top/ddrphy_slice_top/i_dqs_group[1].ddrphy_data_slice/dq_loop[4].u_iobuf_dq/opit_1" success.
I: IDLAY of "u_ddr_video_delay_sync/u_ddr3_test/u_ddrphy_top/ddrphy_slice_top/i_dqs_group[1].ddrphy_data_slice/dq_loop[5].u_iodelay_dq/iodelay_inst" has been packed in "IDLAY" of IOL "u_ddr_video_delay_sync/u_ddr3_test/u_ddrphy_top/ddrphy_slice_top/i_dqs_group[1].ddrphy_data_slice/dq_loop[5].u_iobuf_dq/opit_1" success.
I: IDLAY of "u_ddr_video_delay_sync/u_ddr3_test/u_ddrphy_top/ddrphy_slice_top/i_dqs_group[1].ddrphy_data_slice/dq_loop[6].u_iodelay_dq/iodelay_inst" has been packed in "IDLAY" of IOL "u_ddr_video_delay_sync/u_ddr3_test/u_ddrphy_top/ddrphy_slice_top/i_dqs_group[1].ddrphy_data_slice/dq_loop[6].u_iobuf_dq/opit_1" success.
I: IDLAY of "u_ddr_video_delay_sync/u_ddr3_test/u_ddrphy_top/ddrphy_slice_top/i_dqs_group[1].ddrphy_data_slice/dq_loop[7].u_iodelay_dq/iodelay_inst" has been packed in "IDLAY" of IOL "u_ddr_video_delay_sync/u_ddr3_test/u_ddrphy_top/ddrphy_slice_top/i_dqs_group[1].ddrphy_data_slice/dq_loop[7].u_iobuf_dq/opit_1" success.
I: IDLAY of "u_ddr_video_delay_sync/u_ddr3_test/u_ddrphy_top/ddrphy_slice_top/i_dqs_group[2].ddrphy_data_slice/dq_loop[0].u_iodelay_dq/iodelay_inst" has been packed in "IDLAY" of IOL "u_ddr_video_delay_sync/u_ddr3_test/u_ddrphy_top/ddrphy_slice_top/i_dqs_group[2].ddrphy_data_slice/dq_loop[0].u_iobuf_dq/opit_1" success.
I: IDLAY of "u_ddr_video_delay_sync/u_ddr3_test/u_ddrphy_top/ddrphy_slice_top/i_dqs_group[2].ddrphy_data_slice/dq_loop[1].u_iodelay_dq/iodelay_inst" has been packed in "IDLAY" of IOL "u_ddr_video_delay_sync/u_ddr3_test/u_ddrphy_top/ddrphy_slice_top/i_dqs_group[2].ddrphy_data_slice/dq_loop[1].u_iobuf_dq/opit_1" success.
I: IDLAY of "u_ddr_video_delay_sync/u_ddr3_test/u_ddrphy_top/ddrphy_slice_top/i_dqs_group[2].ddrphy_data_slice/dq_loop[2].u_iodelay_dq/iodelay_inst" has been packed in "IDLAY" of IOL "u_ddr_video_delay_sync/u_ddr3_test/u_ddrphy_top/ddrphy_slice_top/i_dqs_group[2].ddrphy_data_slice/dq_loop[2].u_iobuf_dq/opit_1" success.
I: IDLAY of "u_ddr_video_delay_sync/u_ddr3_test/u_ddrphy_top/ddrphy_slice_top/i_dqs_group[2].ddrphy_data_slice/dq_loop[3].u_iodelay_dq/iodelay_inst" has been packed in "IDLAY" of IOL "u_ddr_video_delay_sync/u_ddr3_test/u_ddrphy_top/ddrphy_slice_top/i_dqs_group[2].ddrphy_data_slice/dq_loop[3].u_iobuf_dq/opit_1" success.
I: IDLAY of "u_ddr_video_delay_sync/u_ddr3_test/u_ddrphy_top/ddrphy_slice_top/i_dqs_group[2].ddrphy_data_slice/dq_loop[4].u_iodelay_dq/iodelay_inst" has been packed in "IDLAY" of IOL "u_ddr_video_delay_sync/u_ddr3_test/u_ddrphy_top/ddrphy_slice_top/i_dqs_group[2].ddrphy_data_slice/dq_loop[4].u_iobuf_dq/opit_1" success.
I: IDLAY of "u_ddr_video_delay_sync/u_ddr3_test/u_ddrphy_top/ddrphy_slice_top/i_dqs_group[2].ddrphy_data_slice/dq_loop[5].u_iodelay_dq/iodelay_inst" has been packed in "IDLAY" of IOL "u_ddr_video_delay_sync/u_ddr3_test/u_ddrphy_top/ddrphy_slice_top/i_dqs_group[2].ddrphy_data_slice/dq_loop[5].u_iobuf_dq/opit_1" success.
I: IDLAY of "u_ddr_video_delay_sync/u_ddr3_test/u_ddrphy_top/ddrphy_slice_top/i_dqs_group[2].ddrphy_data_slice/dq_loop[6].u_iodelay_dq/iodelay_inst" has been packed in "IDLAY" of IOL "u_ddr_video_delay_sync/u_ddr3_test/u_ddrphy_top/ddrphy_slice_top/i_dqs_group[2].ddrphy_data_slice/dq_loop[6].u_iobuf_dq/opit_1" success.
I: IDLAY of "u_ddr_video_delay_sync/u_ddr3_test/u_ddrphy_top/ddrphy_slice_top/i_dqs_group[2].ddrphy_data_slice/dq_loop[7].u_iodelay_dq/iodelay_inst" has been packed in "IDLAY" of IOL "u_ddr_video_delay_sync/u_ddr3_test/u_ddrphy_top/ddrphy_slice_top/i_dqs_group[2].ddrphy_data_slice/dq_loop[7].u_iobuf_dq/opit_1" success.
I: IDLAY of "u_ddr_video_delay_sync/u_ddr3_test/u_ddrphy_top/ddrphy_slice_top/i_dqs_group[3].ddrphy_data_slice/dq_loop[7].u_iodelay_dq/iodelay_inst" has been packed in "IDLAY" of IOL "u_ddr_video_delay_sync/u_ddr3_test/u_ddrphy_top/ddrphy_slice_top/i_dqs_group[3].ddrphy_data_slice/dq_loop[7].u_iobuf_dq/opit_1" success.
I: IDLAY of "u_ddr_video_delay_sync/u_ddr3_test/u_ddrphy_top/ddrphy_slice_top/i_dqs_group[3].ddrphy_data_slice/dq_loop[0].u_iodelay_dq/iodelay_inst" has been packed in "IDLAY" of IOL "u_ddr_video_delay_sync/u_ddr3_test/u_ddrphy_top/ddrphy_slice_top/i_dqs_group[3].ddrphy_data_slice/dq_loop[0].u_iobuf_dq/opit_1" success.
I: IDLAY of "u_ddr_video_delay_sync/u_ddr3_test/u_ddrphy_top/ddrphy_slice_top/i_dqs_group[3].ddrphy_data_slice/dq_loop[1].u_iodelay_dq/iodelay_inst" has been packed in "IDLAY" of IOL "u_ddr_video_delay_sync/u_ddr3_test/u_ddrphy_top/ddrphy_slice_top/i_dqs_group[3].ddrphy_data_slice/dq_loop[1].u_iobuf_dq/opit_1" success.
I: ISERDES "u_ddr_video_delay_sync/u_ddr3_test/u_ddrphy_top/ddrphy_slice_top/i_dqs_group[0].ddrphy_data_slice/dq_loop[7].u_iserdes_dq/iserdes_inst" has been packed in "IDDR" of IOL "u_ddr_video_delay_sync/u_ddr3_test/u_ddrphy_top/ddrphy_slice_top/i_dqs_group[0].ddrphy_data_slice/dq_loop[7].u_iobuf_dq/opit_1" success.
I: OSERDES "u_ddr_video_delay_sync/u_ddr3_test/u_ddrphy_top/ddrphy_slice_top/i_dqs_group[0].ddrphy_data_slice/dq_loop[7].u_oserdes_dq/oserdes_inst" has been packed in "ODDR" of IOL "u_ddr_video_delay_sync/u_ddr3_test/u_ddrphy_top/ddrphy_slice_top/i_dqs_group[0].ddrphy_data_slice/dq_loop[7].u_iobuf_dq/opit_1" success.
I: OSERDES "u_ddr_video_delay_sync/u_ddr3_test/u_ddrphy_top/ddrphy_slice_top/i_dqs_group[0].ddrphy_data_slice/u_oserdes_dqs/oserdes_inst" has been packed in "ODDR" of IOL "u_ddr_video_delay_sync/u_ddr3_test/u_ddrphy_top/ddrphy_slice_top/i_dqs_group[0].ddrphy_data_slice/genblk1.u_iobufco_dqs/opit_2" success.
I: OSERDES "u_ddr_video_delay_sync/u_ddr3_test/u_ddrphy_top/ddrphy_slice_top/i_dqs_group[0].ddrphy_data_slice/u_oserdes_dm/oserdes_inst" has been packed in "ODDR" of IOL "u_ddr_video_delay_sync/u_ddr3_test/u_ddrphy_top/ddrphy_slice_top/i_dqs_group[0].ddrphy_data_slice/u_outbuft_dm/opit_1" success.
I: ISERDES "u_ddr_video_delay_sync/u_ddr3_test/u_ddrphy_top/ddrphy_slice_top/i_dqs_group[1].ddrphy_data_slice/dq_loop[0].u_iserdes_dq/iserdes_inst" has been packed in "IDDR" of IOL "u_ddr_video_delay_sync/u_ddr3_test/u_ddrphy_top/ddrphy_slice_top/i_dqs_group[1].ddrphy_data_slice/dq_loop[0].u_iobuf_dq/opit_1" success.
I: OSERDES "u_ddr_video_delay_sync/u_ddr3_test/u_ddrphy_top/ddrphy_slice_top/i_dqs_group[1].ddrphy_data_slice/dq_loop[0].u_oserdes_dq/oserdes_inst" has been packed in "ODDR" of IOL "u_ddr_video_delay_sync/u_ddr3_test/u_ddrphy_top/ddrphy_slice_top/i_dqs_group[1].ddrphy_data_slice/dq_loop[0].u_iobuf_dq/opit_1" success.
I: ISERDES "u_ddr_video_delay_sync/u_ddr3_test/u_ddrphy_top/ddrphy_slice_top/i_dqs_group[3].ddrphy_data_slice/dq_loop[2].u_iserdes_dq/iserdes_inst" has been packed in "IDDR" of IOL "u_ddr_video_delay_sync/u_ddr3_test/u_ddrphy_top/ddrphy_slice_top/i_dqs_group[3].ddrphy_data_slice/dq_loop[2].u_iobuf_dq/opit_1" success.
I: OSERDES "u_ddr_video_delay_sync/u_ddr3_test/u_ddrphy_top/ddrphy_slice_top/i_dqs_group[3].ddrphy_data_slice/dq_loop[2].u_oserdes_dq/oserdes_inst" has been packed in "ODDR" of IOL "u_ddr_video_delay_sync/u_ddr3_test/u_ddrphy_top/ddrphy_slice_top/i_dqs_group[3].ddrphy_data_slice/dq_loop[2].u_iobuf_dq/opit_1" success.
I: ISERDES "u_ddr_video_delay_sync/u_ddr3_test/u_ddrphy_top/ddrphy_slice_top/i_dqs_group[3].ddrphy_data_slice/dq_loop[3].u_iserdes_dq/iserdes_inst" has been packed in "IDDR" of IOL "u_ddr_video_delay_sync/u_ddr3_test/u_ddrphy_top/ddrphy_slice_top/i_dqs_group[3].ddrphy_data_slice/dq_loop[3].u_iobuf_dq/opit_1" success.
I: OSERDES "u_ddr_video_delay_sync/u_ddr3_test/u_ddrphy_top/ddrphy_slice_top/i_dqs_group[3].ddrphy_data_slice/dq_loop[3].u_oserdes_dq/oserdes_inst" has been packed in "ODDR" of IOL "u_ddr_video_delay_sync/u_ddr3_test/u_ddrphy_top/ddrphy_slice_top/i_dqs_group[3].ddrphy_data_slice/dq_loop[3].u_iobuf_dq/opit_1" success.
I: ISERDES "u_ddr_video_delay_sync/u_ddr3_test/u_ddrphy_top/ddrphy_slice_top/i_dqs_group[3].ddrphy_data_slice/dq_loop[4].u_iserdes_dq/iserdes_inst" has been packed in "IDDR" of IOL "u_ddr_video_delay_sync/u_ddr3_test/u_ddrphy_top/ddrphy_slice_top/i_dqs_group[3].ddrphy_data_slice/dq_loop[4].u_iobuf_dq/opit_1" success.
I: OSERDES "u_ddr_video_delay_sync/u_ddr3_test/u_ddrphy_top/ddrphy_slice_top/i_dqs_group[3].ddrphy_data_slice/dq_loop[4].u_oserdes_dq/oserdes_inst" has been packed in "ODDR" of IOL "u_ddr_video_delay_sync/u_ddr3_test/u_ddrphy_top/ddrphy_slice_top/i_dqs_group[3].ddrphy_data_slice/dq_loop[4].u_iobuf_dq/opit_1" success.
I: ISERDES "u_ddr_video_delay_sync/u_ddr3_test/u_ddrphy_top/ddrphy_slice_top/i_dqs_group[3].ddrphy_data_slice/dq_loop[5].u_iserdes_dq/iserdes_inst" has been packed in "IDDR" of IOL "u_ddr_video_delay_sync/u_ddr3_test/u_ddrphy_top/ddrphy_slice_top/i_dqs_group[3].ddrphy_data_slice/dq_loop[5].u_iobuf_dq/opit_1" success.
I: OSERDES "u_ddr_video_delay_sync/u_ddr3_test/u_ddrphy_top/ddrphy_slice_top/i_dqs_group[3].ddrphy_data_slice/dq_loop[5].u_oserdes_dq/oserdes_inst" has been packed in "ODDR" of IOL "u_ddr_video_delay_sync/u_ddr3_test/u_ddrphy_top/ddrphy_slice_top/i_dqs_group[3].ddrphy_data_slice/dq_loop[5].u_iobuf_dq/opit_1" success.
I: ISERDES "u_ddr_video_delay_sync/u_ddr3_test/u_ddrphy_top/ddrphy_slice_top/i_dqs_group[1].ddrphy_data_slice/dq_loop[1].u_iserdes_dq/iserdes_inst" has been packed in "IDDR" of IOL "u_ddr_video_delay_sync/u_ddr3_test/u_ddrphy_top/ddrphy_slice_top/i_dqs_group[1].ddrphy_data_slice/dq_loop[1].u_iobuf_dq/opit_1" success.
I: OSERDES "u_ddr_video_delay_sync/u_ddr3_test/u_ddrphy_top/ddrphy_slice_top/i_dqs_group[1].ddrphy_data_slice/dq_loop[1].u_oserdes_dq/oserdes_inst" has been packed in "ODDR" of IOL "u_ddr_video_delay_sync/u_ddr3_test/u_ddrphy_top/ddrphy_slice_top/i_dqs_group[1].ddrphy_data_slice/dq_loop[1].u_iobuf_dq/opit_1" success.
I: ISERDES "u_ddr_video_delay_sync/u_ddr3_test/u_ddrphy_top/ddrphy_slice_top/i_dqs_group[1].ddrphy_data_slice/dq_loop[2].u_iserdes_dq/iserdes_inst" has been packed in "IDDR" of IOL "u_ddr_video_delay_sync/u_ddr3_test/u_ddrphy_top/ddrphy_slice_top/i_dqs_group[1].ddrphy_data_slice/dq_loop[2].u_iobuf_dq/opit_1" success.
I: OSERDES "u_ddr_video_delay_sync/u_ddr3_test/u_ddrphy_top/ddrphy_slice_top/i_dqs_group[1].ddrphy_data_slice/dq_loop[2].u_oserdes_dq/oserdes_inst" has been packed in "ODDR" of IOL "u_ddr_video_delay_sync/u_ddr3_test/u_ddrphy_top/ddrphy_slice_top/i_dqs_group[1].ddrphy_data_slice/dq_loop[2].u_iobuf_dq/opit_1" success.
I: ISERDES "u_ddr_video_delay_sync/u_ddr3_test/u_ddrphy_top/ddrphy_slice_top/i_dqs_group[0].ddrphy_data_slice/dq_loop[6].u_iserdes_dq/iserdes_inst" has been packed in "IDDR" of IOL "u_ddr_video_delay_sync/u_ddr3_test/u_ddrphy_top/ddrphy_slice_top/i_dqs_group[0].ddrphy_data_slice/dq_loop[6].u_iobuf_dq/opit_1" success.
I: OSERDES "u_ddr_video_delay_sync/u_ddr3_test/u_ddrphy_top/ddrphy_slice_top/i_dqs_group[0].ddrphy_data_slice/dq_loop[6].u_oserdes_dq/oserdes_inst" has been packed in "ODDR" of IOL "u_ddr_video_delay_sync/u_ddr3_test/u_ddrphy_top/ddrphy_slice_top/i_dqs_group[0].ddrphy_data_slice/dq_loop[6].u_iobuf_dq/opit_1" success.
I: ISERDES "u_ddr_video_delay_sync/u_ddr3_test/u_ddrphy_top/ddrphy_slice_top/i_dqs_group[3].ddrphy_data_slice/dq_loop[6].u_iserdes_dq/iserdes_inst" has been packed in "IDDR" of IOL "u_ddr_video_delay_sync/u_ddr3_test/u_ddrphy_top/ddrphy_slice_top/i_dqs_group[3].ddrphy_data_slice/dq_loop[6].u_iobuf_dq/opit_1" success.
I: OSERDES "u_ddr_video_delay_sync/u_ddr3_test/u_ddrphy_top/ddrphy_slice_top/i_dqs_group[3].ddrphy_data_slice/dq_loop[6].u_oserdes_dq/oserdes_inst" has been packed in "ODDR" of IOL "u_ddr_video_delay_sync/u_ddr3_test/u_ddrphy_top/ddrphy_slice_top/i_dqs_group[3].ddrphy_data_slice/dq_loop[6].u_iobuf_dq/opit_1" success.
I: OSERDES "rgb2tmds/clockserializer/SerializerMaster/oserdes_inst_inv" has been packed in "ODDR" of IOL "rgb2tmds/clockserializer/OutputBuffer/opit_2" success.
I: OSERDES "rgb2tmds/encoder[0].dataserializer/SerializerMaster/oserdes_inst_inv" has been packed in "ODDR" of IOL "rgb2tmds/encoder[0].dataserializer/OutputBuffer/opit_2" success.
I: OSERDES "rgb2tmds/encoder[1].dataserializer/SerializerMaster/oserdes_inst_inv" has been packed in "ODDR" of IOL "rgb2tmds/encoder[1].dataserializer/OutputBuffer/opit_2" success.
I: OSERDES "rgb2tmds/encoder[2].dataserializer/SerializerMaster/oserdes_inst_inv" has been packed in "ODDR" of IOL "rgb2tmds/encoder[2].dataserializer/OutputBuffer/opit_2" success.
I: OSERDES "u_ddr_video_delay_sync/u_ddr3_test/u_ddrphy_top/ddrphy_slice_top/i_mem_addr_0[0].u_oserdes_addr/oserdes_inst" has been packed in "ODDR" of IOL "u_ddr_video_delay_sync/u_ddr3_test/u_ddrphy_top/ddrphy_slice_top/i_mem_addr_0[0].u_outbuft_addr0/opit_1" success.
I: OSERDES "u_ddr_video_delay_sync/u_ddr3_test/u_ddrphy_top/ddrphy_slice_top/i_mem_addr_0[1].u_oserdes_addr/oserdes_inst" has been packed in "ODDR" of IOL "u_ddr_video_delay_sync/u_ddr3_test/u_ddrphy_top/ddrphy_slice_top/i_mem_addr_0[1].u_outbuft_addr0/opit_1" success.
I: OSERDES "u_ddr_video_delay_sync/u_ddr3_test/u_ddrphy_top/ddrphy_slice_top/i_mem_addr_0[2].u_oserdes_addr/oserdes_inst" has been packed in "ODDR" of IOL "u_ddr_video_delay_sync/u_ddr3_test/u_ddrphy_top/ddrphy_slice_top/i_mem_addr_0[2].u_outbuft_addr0/opit_1" success.
I: OSERDES "u_ddr_video_delay_sync/u_ddr3_test/u_ddrphy_top/ddrphy_slice_top/i_mem_addr_0[3].u_oserdes_addr/oserdes_inst" has been packed in "ODDR" of IOL "u_ddr_video_delay_sync/u_ddr3_test/u_ddrphy_top/ddrphy_slice_top/i_mem_addr_0[3].u_outbuft_addr0/opit_1" success.
I: OSERDES "u_ddr_video_delay_sync/u_ddr3_test/u_ddrphy_top/ddrphy_slice_top/i_mem_addr_0[4].u_oserdes_addr/oserdes_inst" has been packed in "ODDR" of IOL "u_ddr_video_delay_sync/u_ddr3_test/u_ddrphy_top/ddrphy_slice_top/i_mem_addr_0[4].u_outbuft_addr0/opit_1" success.
I: OSERDES "u_ddr_video_delay_sync/u_ddr3_test/u_ddrphy_top/ddrphy_slice_top/i_mem_addr_0[5].u_oserdes_addr/oserdes_inst" has been packed in "ODDR" of IOL "u_ddr_video_delay_sync/u_ddr3_test/u_ddrphy_top/ddrphy_slice_top/i_mem_addr_0[5].u_outbuft_addr0/opit_1" success.
I: OSERDES "u_ddr_video_delay_sync/u_ddr3_test/u_ddrphy_top/ddrphy_slice_top/i_mem_addr_0[6].u_oserdes_addr/oserdes_inst" has been packed in "ODDR" of IOL "u_ddr_video_delay_sync/u_ddr3_test/u_ddrphy_top/ddrphy_slice_top/i_mem_addr_0[6].u_outbuft_addr0/opit_1" success.
I: OSERDES "u_ddr_video_delay_sync/u_ddr3_test/u_ddrphy_top/ddrphy_slice_top/i_mem_addr_0[7].u_oserdes_addr/oserdes_inst" has been packed in "ODDR" of IOL "u_ddr_video_delay_sync/u_ddr3_test/u_ddrphy_top/ddrphy_slice_top/i_mem_addr_0[7].u_outbuft_addr0/opit_1" success.
I: OSERDES "u_ddr_video_delay_sync/u_ddr3_test/u_ddrphy_top/ddrphy_slice_top/i_mem_addr_0[8].u_oserdes_addr/oserdes_inst" has been packed in "ODDR" of IOL "u_ddr_video_delay_sync/u_ddr3_test/u_ddrphy_top/ddrphy_slice_top/i_mem_addr_0[8].u_outbuft_addr0/opit_1" success.
I: OSERDES "u_ddr_video_delay_sync/u_ddr3_test/u_ddrphy_top/ddrphy_slice_top/i_mem_addr_0[9].u_oserdes_addr/oserdes_inst" has been packed in "ODDR" of IOL "u_ddr_video_delay_sync/u_ddr3_test/u_ddrphy_top/ddrphy_slice_top/i_mem_addr_0[9].u_outbuft_addr0/opit_1" success.
I: OSERDES "u_ddr_video_delay_sync/u_ddr3_test/u_ddrphy_top/ddrphy_slice_top/i_mem_addr_0[10].u_oserdes_addr/oserdes_inst" has been packed in "ODDR" of IOL "u_ddr_video_delay_sync/u_ddr3_test/u_ddrphy_top/ddrphy_slice_top/i_mem_addr_0[10].u_outbuft_addr0/opit_1" success.
I: OSERDES "u_ddr_video_delay_sync/u_ddr3_test/u_ddrphy_top/ddrphy_slice_top/i_mem_addr_0[11].u_oserdes_addr/oserdes_inst" has been packed in "ODDR" of IOL "u_ddr_video_delay_sync/u_ddr3_test/u_ddrphy_top/ddrphy_slice_top/i_mem_addr_0[11].u_outbuft_addr0/opit_1" success.
I: OSERDES "u_ddr_video_delay_sync/u_ddr3_test/u_ddrphy_top/ddrphy_slice_top/i_mem_addr_0[12].u_oserdes_addr/oserdes_inst" has been packed in "ODDR" of IOL "u_ddr_video_delay_sync/u_ddr3_test/u_ddrphy_top/ddrphy_slice_top/i_mem_addr_0[12].u_outbuft_addr0/opit_1" success.
I: OSERDES "u_ddr_video_delay_sync/u_ddr3_test/u_ddrphy_top/ddrphy_slice_top/i_mem_addr_0[13].u_oserdes_addr/oserdes_inst" has been packed in "ODDR" of IOL "u_ddr_video_delay_sync/u_ddr3_test/u_ddrphy_top/ddrphy_slice_top/i_mem_addr_0[13].u_outbuft_addr0/opit_1" success.
I: OSERDES "u_ddr_video_delay_sync/u_ddr3_test/u_ddrphy_top/ddrphy_slice_top/i_mem_addr_0[14].u_oserdes_addr/oserdes_inst" has been packed in "ODDR" of IOL "u_ddr_video_delay_sync/u_ddr3_test/u_ddrphy_top/ddrphy_slice_top/i_mem_addr_0[14].u_outbuft_addr0/opit_1" success.
I: OSERDES "u_ddr_video_delay_sync/u_ddr3_test/u_ddrphy_top/ddrphy_slice_top/k_mem_ba[0].u_oserdes_ba/oserdes_inst" has been packed in "ODDR" of IOL "u_ddr_video_delay_sync/u_ddr3_test/u_ddrphy_top/ddrphy_slice_top/k_mem_ba[0].u_outbuft_ba/opit_1" success.
I: OSERDES "u_ddr_video_delay_sync/u_ddr3_test/u_ddrphy_top/ddrphy_slice_top/k_mem_ba[1].u_oserdes_ba/oserdes_inst" has been packed in "ODDR" of IOL "u_ddr_video_delay_sync/u_ddr3_test/u_ddrphy_top/ddrphy_slice_top/k_mem_ba[1].u_outbuft_ba/opit_1" success.
I: OSERDES "u_ddr_video_delay_sync/u_ddr3_test/u_ddrphy_top/ddrphy_slice_top/k_mem_ba[2].u_oserdes_ba/oserdes_inst" has been packed in "ODDR" of IOL "u_ddr_video_delay_sync/u_ddr3_test/u_ddrphy_top/ddrphy_slice_top/k_mem_ba[2].u_outbuft_ba/opit_1" success.
I: OSERDES "u_ddr_video_delay_sync/u_ddr3_test/u_ddrphy_top/ddrphy_slice_top/u_oserdes_casn/oserdes_inst" has been packed in "ODDR" of IOL "u_ddr_video_delay_sync/u_ddr3_test/u_ddrphy_top/ddrphy_slice_top/u_outbuft_casn/opit_1" success.
I: OSERDES "u_ddr_video_delay_sync/u_ddr3_test/u_ddrphy_top/ddrphy_slice_top/u_oserdes_cke/oserdes_inst" has been packed in "ODDR" of IOL "u_ddr_video_delay_sync/u_ddr3_test/u_ddrphy_top/ddrphy_slice_top/u_outbuft_cke/opit_1" success.
I: OSERDES "u_ddr_video_delay_sync/u_ddr3_test/u_ddrphy_top/ddrphy_slice_top/u_oserdes_csn/oserdes_inst" has been packed in "ODDR" of IOL "u_ddr_video_delay_sync/u_ddr3_test/u_ddrphy_top/ddrphy_slice_top/u_outbuft_csn/opit_1" success.
I: OSERDES "u_ddr_video_delay_sync/u_ddr3_test/u_ddrphy_top/ddrphy_slice_top/u_oserdes_odt/oserdes_inst" has been packed in "ODDR" of IOL "u_ddr_video_delay_sync/u_ddr3_test/u_ddrphy_top/ddrphy_slice_top/u_outbuft_odt/opit_1" success.
I: OSERDES "u_ddr_video_delay_sync/u_ddr3_test/u_ddrphy_top/ddrphy_slice_top/u_oserdes_rasn/oserdes_inst" has been packed in "ODDR" of IOL "u_ddr_video_delay_sync/u_ddr3_test/u_ddrphy_top/ddrphy_slice_top/u_outbuft_rasn/opit_1" success.
I: OSERDES "u_ddr_video_delay_sync/u_ddr3_test/u_ddrphy_top/ddrphy_slice_top/u_oserdes_wen/oserdes_inst" has been packed in "ODDR" of IOL "u_ddr_video_delay_sync/u_ddr3_test/u_ddrphy_top/ddrphy_slice_top/u_outbuft_wen/opit_1" success.
I: OSERDES "u_ddr_video_delay_sync/u_ddr3_test/u_ddrphy_top/ddrphy_slice_top/u_oserdes_ck/oserdes_inst" has been packed in "ODDR" of IOL "u_ddr_video_delay_sync/u_ddr3_test/u_ddrphy_top/ddrphy_slice_top/u_outbuftco_ck/opit_3" success.
I: ISERDES "u_ddr_video_delay_sync/u_ddr3_test/u_ddrphy_top/ddrphy_slice_top/i_dqs_group[0].ddrphy_data_slice/dq_loop[0].u_iserdes_dq/iserdes_inst" has been packed in "IDDR" of IOL "u_ddr_video_delay_sync/u_ddr3_test/u_ddrphy_top/ddrphy_slice_top/i_dqs_group[0].ddrphy_data_slice/dq_loop[0].u_iobuf_dq/opit_1" success.
I: OSERDES "u_ddr_video_delay_sync/u_ddr3_test/u_ddrphy_top/ddrphy_slice_top/i_dqs_group[0].ddrphy_data_slice/dq_loop[0].u_oserdes_dq/oserdes_inst" has been packed in "ODDR" of IOL "u_ddr_video_delay_sync/u_ddr3_test/u_ddrphy_top/ddrphy_slice_top/i_dqs_group[0].ddrphy_data_slice/dq_loop[0].u_iobuf_dq/opit_1" success.
I: ISERDES "u_ddr_video_delay_sync/u_ddr3_test/u_ddrphy_top/ddrphy_slice_top/i_dqs_group[0].ddrphy_data_slice/dq_loop[1].u_iserdes_dq/iserdes_inst" has been packed in "IDDR" of IOL "u_ddr_video_delay_sync/u_ddr3_test/u_ddrphy_top/ddrphy_slice_top/i_dqs_group[0].ddrphy_data_slice/dq_loop[1].u_iobuf_dq/opit_1" success.
I: OSERDES "u_ddr_video_delay_sync/u_ddr3_test/u_ddrphy_top/ddrphy_slice_top/i_dqs_group[0].ddrphy_data_slice/dq_loop[1].u_oserdes_dq/oserdes_inst" has been packed in "ODDR" of IOL "u_ddr_video_delay_sync/u_ddr3_test/u_ddrphy_top/ddrphy_slice_top/i_dqs_group[0].ddrphy_data_slice/dq_loop[1].u_iobuf_dq/opit_1" success.
I: ISERDES "u_ddr_video_delay_sync/u_ddr3_test/u_ddrphy_top/ddrphy_slice_top/i_dqs_group[0].ddrphy_data_slice/dq_loop[2].u_iserdes_dq/iserdes_inst" has been packed in "IDDR" of IOL "u_ddr_video_delay_sync/u_ddr3_test/u_ddrphy_top/ddrphy_slice_top/i_dqs_group[0].ddrphy_data_slice/dq_loop[2].u_iobuf_dq/opit_1" success.
I: OSERDES "u_ddr_video_delay_sync/u_ddr3_test/u_ddrphy_top/ddrphy_slice_top/i_dqs_group[0].ddrphy_data_slice/dq_loop[2].u_oserdes_dq/oserdes_inst" has been packed in "ODDR" of IOL "u_ddr_video_delay_sync/u_ddr3_test/u_ddrphy_top/ddrphy_slice_top/i_dqs_group[0].ddrphy_data_slice/dq_loop[2].u_iobuf_dq/opit_1" success.
I: ISERDES "u_ddr_video_delay_sync/u_ddr3_test/u_ddrphy_top/ddrphy_slice_top/i_dqs_group[0].ddrphy_data_slice/dq_loop[3].u_iserdes_dq/iserdes_inst" has been packed in "IDDR" of IOL "u_ddr_video_delay_sync/u_ddr3_test/u_ddrphy_top/ddrphy_slice_top/i_dqs_group[0].ddrphy_data_slice/dq_loop[3].u_iobuf_dq/opit_1" success.
I: OSERDES "u_ddr_video_delay_sync/u_ddr3_test/u_ddrphy_top/ddrphy_slice_top/i_dqs_group[0].ddrphy_data_slice/dq_loop[3].u_oserdes_dq/oserdes_inst" has been packed in "ODDR" of IOL "u_ddr_video_delay_sync/u_ddr3_test/u_ddrphy_top/ddrphy_slice_top/i_dqs_group[0].ddrphy_data_slice/dq_loop[3].u_iobuf_dq/opit_1" success.
I: ISERDES "u_ddr_video_delay_sync/u_ddr3_test/u_ddrphy_top/ddrphy_slice_top/i_dqs_group[0].ddrphy_data_slice/dq_loop[4].u_iserdes_dq/iserdes_inst" has been packed in "IDDR" of IOL "u_ddr_video_delay_sync/u_ddr3_test/u_ddrphy_top/ddrphy_slice_top/i_dqs_group[0].ddrphy_data_slice/dq_loop[4].u_iobuf_dq/opit_1" success.
I: OSERDES "u_ddr_video_delay_sync/u_ddr3_test/u_ddrphy_top/ddrphy_slice_top/i_dqs_group[0].ddrphy_data_slice/dq_loop[4].u_oserdes_dq/oserdes_inst" has been packed in "ODDR" of IOL "u_ddr_video_delay_sync/u_ddr3_test/u_ddrphy_top/ddrphy_slice_top/i_dqs_group[0].ddrphy_data_slice/dq_loop[4].u_iobuf_dq/opit_1" success.
I: ISERDES "u_ddr_video_delay_sync/u_ddr3_test/u_ddrphy_top/ddrphy_slice_top/i_dqs_group[0].ddrphy_data_slice/dq_loop[5].u_iserdes_dq/iserdes_inst" has been packed in "IDDR" of IOL "u_ddr_video_delay_sync/u_ddr3_test/u_ddrphy_top/ddrphy_slice_top/i_dqs_group[0].ddrphy_data_slice/dq_loop[5].u_iobuf_dq/opit_1" success.
I: OSERDES "u_ddr_video_delay_sync/u_ddr3_test/u_ddrphy_top/ddrphy_slice_top/i_dqs_group[0].ddrphy_data_slice/dq_loop[5].u_oserdes_dq/oserdes_inst" has been packed in "ODDR" of IOL "u_ddr_video_delay_sync/u_ddr3_test/u_ddrphy_top/ddrphy_slice_top/i_dqs_group[0].ddrphy_data_slice/dq_loop[5].u_iobuf_dq/opit_1" success.
I: ISERDES "u_ddr_video_delay_sync/u_ddr3_test/u_ddrphy_top/ddrphy_slice_top/i_dqs_group[1].ddrphy_data_slice/dq_loop[3].u_iserdes_dq/iserdes_inst" has been packed in "IDDR" of IOL "u_ddr_video_delay_sync/u_ddr3_test/u_ddrphy_top/ddrphy_slice_top/i_dqs_group[1].ddrphy_data_slice/dq_loop[3].u_iobuf_dq/opit_1" success.
I: OSERDES "u_ddr_video_delay_sync/u_ddr3_test/u_ddrphy_top/ddrphy_slice_top/i_dqs_group[1].ddrphy_data_slice/dq_loop[3].u_oserdes_dq/oserdes_inst" has been packed in "ODDR" of IOL "u_ddr_video_delay_sync/u_ddr3_test/u_ddrphy_top/ddrphy_slice_top/i_dqs_group[1].ddrphy_data_slice/dq_loop[3].u_iobuf_dq/opit_1" success.
I: ISERDES "u_ddr_video_delay_sync/u_ddr3_test/u_ddrphy_top/ddrphy_slice_top/i_dqs_group[1].ddrphy_data_slice/dq_loop[4].u_iserdes_dq/iserdes_inst" has been packed in "IDDR" of IOL "u_ddr_video_delay_sync/u_ddr3_test/u_ddrphy_top/ddrphy_slice_top/i_dqs_group[1].ddrphy_data_slice/dq_loop[4].u_iobuf_dq/opit_1" success.
I: OSERDES "u_ddr_video_delay_sync/u_ddr3_test/u_ddrphy_top/ddrphy_slice_top/i_dqs_group[1].ddrphy_data_slice/dq_loop[4].u_oserdes_dq/oserdes_inst" has been packed in "ODDR" of IOL "u_ddr_video_delay_sync/u_ddr3_test/u_ddrphy_top/ddrphy_slice_top/i_dqs_group[1].ddrphy_data_slice/dq_loop[4].u_iobuf_dq/opit_1" success.
I: ISERDES "u_ddr_video_delay_sync/u_ddr3_test/u_ddrphy_top/ddrphy_slice_top/i_dqs_group[1].ddrphy_data_slice/dq_loop[5].u_iserdes_dq/iserdes_inst" has been packed in "IDDR" of IOL "u_ddr_video_delay_sync/u_ddr3_test/u_ddrphy_top/ddrphy_slice_top/i_dqs_group[1].ddrphy_data_slice/dq_loop[5].u_iobuf_dq/opit_1" success.
I: OSERDES "u_ddr_video_delay_sync/u_ddr3_test/u_ddrphy_top/ddrphy_slice_top/i_dqs_group[1].ddrphy_data_slice/dq_loop[5].u_oserdes_dq/oserdes_inst" has been packed in "ODDR" of IOL "u_ddr_video_delay_sync/u_ddr3_test/u_ddrphy_top/ddrphy_slice_top/i_dqs_group[1].ddrphy_data_slice/dq_loop[5].u_iobuf_dq/opit_1" success.
I: ISERDES "u_ddr_video_delay_sync/u_ddr3_test/u_ddrphy_top/ddrphy_slice_top/i_dqs_group[1].ddrphy_data_slice/dq_loop[6].u_iserdes_dq/iserdes_inst" has been packed in "IDDR" of IOL "u_ddr_video_delay_sync/u_ddr3_test/u_ddrphy_top/ddrphy_slice_top/i_dqs_group[1].ddrphy_data_slice/dq_loop[6].u_iobuf_dq/opit_1" success.
I: OSERDES "u_ddr_video_delay_sync/u_ddr3_test/u_ddrphy_top/ddrphy_slice_top/i_dqs_group[1].ddrphy_data_slice/dq_loop[6].u_oserdes_dq/oserdes_inst" has been packed in "ODDR" of IOL "u_ddr_video_delay_sync/u_ddr3_test/u_ddrphy_top/ddrphy_slice_top/i_dqs_group[1].ddrphy_data_slice/dq_loop[6].u_iobuf_dq/opit_1" success.
I: ISERDES "u_ddr_video_delay_sync/u_ddr3_test/u_ddrphy_top/ddrphy_slice_top/i_dqs_group[1].ddrphy_data_slice/dq_loop[7].u_iserdes_dq/iserdes_inst" has been packed in "IDDR" of IOL "u_ddr_video_delay_sync/u_ddr3_test/u_ddrphy_top/ddrphy_slice_top/i_dqs_group[1].ddrphy_data_slice/dq_loop[7].u_iobuf_dq/opit_1" success.
I: OSERDES "u_ddr_video_delay_sync/u_ddr3_test/u_ddrphy_top/ddrphy_slice_top/i_dqs_group[1].ddrphy_data_slice/dq_loop[7].u_oserdes_dq/oserdes_inst" has been packed in "ODDR" of IOL "u_ddr_video_delay_sync/u_ddr3_test/u_ddrphy_top/ddrphy_slice_top/i_dqs_group[1].ddrphy_data_slice/dq_loop[7].u_iobuf_dq/opit_1" success.
I: OSERDES "u_ddr_video_delay_sync/u_ddr3_test/u_ddrphy_top/ddrphy_slice_top/i_dqs_group[1].ddrphy_data_slice/u_oserdes_dqs/oserdes_inst" has been packed in "ODDR" of IOL "u_ddr_video_delay_sync/u_ddr3_test/u_ddrphy_top/ddrphy_slice_top/i_dqs_group[1].ddrphy_data_slice/genblk1.u_iobufco_dqs/opit_2" success.
I: OSERDES "u_ddr_video_delay_sync/u_ddr3_test/u_ddrphy_top/ddrphy_slice_top/i_dqs_group[1].ddrphy_data_slice/u_oserdes_dm/oserdes_inst" has been packed in "ODDR" of IOL "u_ddr_video_delay_sync/u_ddr3_test/u_ddrphy_top/ddrphy_slice_top/i_dqs_group[1].ddrphy_data_slice/u_outbuft_dm/opit_1" success.
I: ISERDES "u_ddr_video_delay_sync/u_ddr3_test/u_ddrphy_top/ddrphy_slice_top/i_dqs_group[2].ddrphy_data_slice/dq_loop[0].u_iserdes_dq/iserdes_inst" has been packed in "IDDR" of IOL "u_ddr_video_delay_sync/u_ddr3_test/u_ddrphy_top/ddrphy_slice_top/i_dqs_group[2].ddrphy_data_slice/dq_loop[0].u_iobuf_dq/opit_1" success.
I: OSERDES "u_ddr_video_delay_sync/u_ddr3_test/u_ddrphy_top/ddrphy_slice_top/i_dqs_group[2].ddrphy_data_slice/dq_loop[0].u_oserdes_dq/oserdes_inst" has been packed in "ODDR" of IOL "u_ddr_video_delay_sync/u_ddr3_test/u_ddrphy_top/ddrphy_slice_top/i_dqs_group[2].ddrphy_data_slice/dq_loop[0].u_iobuf_dq/opit_1" success.
I: ISERDES "u_ddr_video_delay_sync/u_ddr3_test/u_ddrphy_top/ddrphy_slice_top/i_dqs_group[2].ddrphy_data_slice/dq_loop[1].u_iserdes_dq/iserdes_inst" has been packed in "IDDR" of IOL "u_ddr_video_delay_sync/u_ddr3_test/u_ddrphy_top/ddrphy_slice_top/i_dqs_group[2].ddrphy_data_slice/dq_loop[1].u_iobuf_dq/opit_1" success.
I: OSERDES "u_ddr_video_delay_sync/u_ddr3_test/u_ddrphy_top/ddrphy_slice_top/i_dqs_group[2].ddrphy_data_slice/dq_loop[1].u_oserdes_dq/oserdes_inst" has been packed in "ODDR" of IOL "u_ddr_video_delay_sync/u_ddr3_test/u_ddrphy_top/ddrphy_slice_top/i_dqs_group[2].ddrphy_data_slice/dq_loop[1].u_iobuf_dq/opit_1" success.
I: ISERDES "u_ddr_video_delay_sync/u_ddr3_test/u_ddrphy_top/ddrphy_slice_top/i_dqs_group[2].ddrphy_data_slice/dq_loop[2].u_iserdes_dq/iserdes_inst" has been packed in "IDDR" of IOL "u_ddr_video_delay_sync/u_ddr3_test/u_ddrphy_top/ddrphy_slice_top/i_dqs_group[2].ddrphy_data_slice/dq_loop[2].u_iobuf_dq/opit_1" success.
I: OSERDES "u_ddr_video_delay_sync/u_ddr3_test/u_ddrphy_top/ddrphy_slice_top/i_dqs_group[2].ddrphy_data_slice/dq_loop[2].u_oserdes_dq/oserdes_inst" has been packed in "ODDR" of IOL "u_ddr_video_delay_sync/u_ddr3_test/u_ddrphy_top/ddrphy_slice_top/i_dqs_group[2].ddrphy_data_slice/dq_loop[2].u_iobuf_dq/opit_1" success.
I: ISERDES "u_ddr_video_delay_sync/u_ddr3_test/u_ddrphy_top/ddrphy_slice_top/i_dqs_group[2].ddrphy_data_slice/dq_loop[3].u_iserdes_dq/iserdes_inst" has been packed in "IDDR" of IOL "u_ddr_video_delay_sync/u_ddr3_test/u_ddrphy_top/ddrphy_slice_top/i_dqs_group[2].ddrphy_data_slice/dq_loop[3].u_iobuf_dq/opit_1" success.
I: OSERDES "u_ddr_video_delay_sync/u_ddr3_test/u_ddrphy_top/ddrphy_slice_top/i_dqs_group[2].ddrphy_data_slice/dq_loop[3].u_oserdes_dq/oserdes_inst" has been packed in "ODDR" of IOL "u_ddr_video_delay_sync/u_ddr3_test/u_ddrphy_top/ddrphy_slice_top/i_dqs_group[2].ddrphy_data_slice/dq_loop[3].u_iobuf_dq/opit_1" success.
I: ISERDES "u_ddr_video_delay_sync/u_ddr3_test/u_ddrphy_top/ddrphy_slice_top/i_dqs_group[2].ddrphy_data_slice/dq_loop[4].u_iserdes_dq/iserdes_inst" has been packed in "IDDR" of IOL "u_ddr_video_delay_sync/u_ddr3_test/u_ddrphy_top/ddrphy_slice_top/i_dqs_group[2].ddrphy_data_slice/dq_loop[4].u_iobuf_dq/opit_1" success.
I: OSERDES "u_ddr_video_delay_sync/u_ddr3_test/u_ddrphy_top/ddrphy_slice_top/i_dqs_group[2].ddrphy_data_slice/dq_loop[4].u_oserdes_dq/oserdes_inst" has been packed in "ODDR" of IOL "u_ddr_video_delay_sync/u_ddr3_test/u_ddrphy_top/ddrphy_slice_top/i_dqs_group[2].ddrphy_data_slice/dq_loop[4].u_iobuf_dq/opit_1" success.
I: ISERDES "u_ddr_video_delay_sync/u_ddr3_test/u_ddrphy_top/ddrphy_slice_top/i_dqs_group[2].ddrphy_data_slice/dq_loop[5].u_iserdes_dq/iserdes_inst" has been packed in "IDDR" of IOL "u_ddr_video_delay_sync/u_ddr3_test/u_ddrphy_top/ddrphy_slice_top/i_dqs_group[2].ddrphy_data_slice/dq_loop[5].u_iobuf_dq/opit_1" success.
I: OSERDES "u_ddr_video_delay_sync/u_ddr3_test/u_ddrphy_top/ddrphy_slice_top/i_dqs_group[2].ddrphy_data_slice/dq_loop[5].u_oserdes_dq/oserdes_inst" has been packed in "ODDR" of IOL "u_ddr_video_delay_sync/u_ddr3_test/u_ddrphy_top/ddrphy_slice_top/i_dqs_group[2].ddrphy_data_slice/dq_loop[5].u_iobuf_dq/opit_1" success.
I: ISERDES "u_ddr_video_delay_sync/u_ddr3_test/u_ddrphy_top/ddrphy_slice_top/i_dqs_group[2].ddrphy_data_slice/dq_loop[6].u_iserdes_dq/iserdes_inst" has been packed in "IDDR" of IOL "u_ddr_video_delay_sync/u_ddr3_test/u_ddrphy_top/ddrphy_slice_top/i_dqs_group[2].ddrphy_data_slice/dq_loop[6].u_iobuf_dq/opit_1" success.
I: OSERDES "u_ddr_video_delay_sync/u_ddr3_test/u_ddrphy_top/ddrphy_slice_top/i_dqs_group[2].ddrphy_data_slice/dq_loop[6].u_oserdes_dq/oserdes_inst" has been packed in "ODDR" of IOL "u_ddr_video_delay_sync/u_ddr3_test/u_ddrphy_top/ddrphy_slice_top/i_dqs_group[2].ddrphy_data_slice/dq_loop[6].u_iobuf_dq/opit_1" success.
I: ISERDES "u_ddr_video_delay_sync/u_ddr3_test/u_ddrphy_top/ddrphy_slice_top/i_dqs_group[2].ddrphy_data_slice/dq_loop[7].u_iserdes_dq/iserdes_inst" has been packed in "IDDR" of IOL "u_ddr_video_delay_sync/u_ddr3_test/u_ddrphy_top/ddrphy_slice_top/i_dqs_group[2].ddrphy_data_slice/dq_loop[7].u_iobuf_dq/opit_1" success.
I: OSERDES "u_ddr_video_delay_sync/u_ddr3_test/u_ddrphy_top/ddrphy_slice_top/i_dqs_group[2].ddrphy_data_slice/dq_loop[7].u_oserdes_dq/oserdes_inst" has been packed in "ODDR" of IOL "u_ddr_video_delay_sync/u_ddr3_test/u_ddrphy_top/ddrphy_slice_top/i_dqs_group[2].ddrphy_data_slice/dq_loop[7].u_iobuf_dq/opit_1" success.
I: OSERDES "u_ddr_video_delay_sync/u_ddr3_test/u_ddrphy_top/ddrphy_slice_top/i_dqs_group[2].ddrphy_data_slice/u_oserdes_dqs/oserdes_inst" has been packed in "ODDR" of IOL "u_ddr_video_delay_sync/u_ddr3_test/u_ddrphy_top/ddrphy_slice_top/i_dqs_group[2].ddrphy_data_slice/genblk1.u_iobufco_dqs/opit_2" success.
I: OSERDES "u_ddr_video_delay_sync/u_ddr3_test/u_ddrphy_top/ddrphy_slice_top/i_dqs_group[2].ddrphy_data_slice/u_oserdes_dm/oserdes_inst" has been packed in "ODDR" of IOL "u_ddr_video_delay_sync/u_ddr3_test/u_ddrphy_top/ddrphy_slice_top/i_dqs_group[2].ddrphy_data_slice/u_outbuft_dm/opit_1" success.
I: ISERDES "u_ddr_video_delay_sync/u_ddr3_test/u_ddrphy_top/ddrphy_slice_top/i_dqs_group[3].ddrphy_data_slice/dq_loop[7].u_iserdes_dq/iserdes_inst" has been packed in "IDDR" of IOL "u_ddr_video_delay_sync/u_ddr3_test/u_ddrphy_top/ddrphy_slice_top/i_dqs_group[3].ddrphy_data_slice/dq_loop[7].u_iobuf_dq/opit_1" success.
I: OSERDES "u_ddr_video_delay_sync/u_ddr3_test/u_ddrphy_top/ddrphy_slice_top/i_dqs_group[3].ddrphy_data_slice/dq_loop[7].u_oserdes_dq/oserdes_inst" has been packed in "ODDR" of IOL "u_ddr_video_delay_sync/u_ddr3_test/u_ddrphy_top/ddrphy_slice_top/i_dqs_group[3].ddrphy_data_slice/dq_loop[7].u_iobuf_dq/opit_1" success.
I: OSERDES "u_ddr_video_delay_sync/u_ddr3_test/u_ddrphy_top/ddrphy_slice_top/i_dqs_group[3].ddrphy_data_slice/u_oserdes_dqs/oserdes_inst" has been packed in "ODDR" of IOL "u_ddr_video_delay_sync/u_ddr3_test/u_ddrphy_top/ddrphy_slice_top/i_dqs_group[3].ddrphy_data_slice/genblk1.u_iobufco_dqs/opit_2" success.
I: OSERDES "u_ddr_video_delay_sync/u_ddr3_test/u_ddrphy_top/ddrphy_slice_top/i_dqs_group[3].ddrphy_data_slice/u_oserdes_dm/oserdes_inst" has been packed in "ODDR" of IOL "u_ddr_video_delay_sync/u_ddr3_test/u_ddrphy_top/ddrphy_slice_top/i_dqs_group[3].ddrphy_data_slice/u_outbuft_dm/opit_1" success.
I: ISERDES "u_ddr_video_delay_sync/u_ddr3_test/u_ddrphy_top/ddrphy_slice_top/i_dqs_group[3].ddrphy_data_slice/dq_loop[0].u_iserdes_dq/iserdes_inst" has been packed in "IDDR" of IOL "u_ddr_video_delay_sync/u_ddr3_test/u_ddrphy_top/ddrphy_slice_top/i_dqs_group[3].ddrphy_data_slice/dq_loop[0].u_iobuf_dq/opit_1" success.
I: OSERDES "u_ddr_video_delay_sync/u_ddr3_test/u_ddrphy_top/ddrphy_slice_top/i_dqs_group[3].ddrphy_data_slice/dq_loop[0].u_oserdes_dq/oserdes_inst" has been packed in "ODDR" of IOL "u_ddr_video_delay_sync/u_ddr3_test/u_ddrphy_top/ddrphy_slice_top/i_dqs_group[3].ddrphy_data_slice/dq_loop[0].u_iobuf_dq/opit_1" success.
I: ISERDES "u_ddr_video_delay_sync/u_ddr3_test/u_ddrphy_top/ddrphy_slice_top/i_dqs_group[3].ddrphy_data_slice/dq_loop[1].u_iserdes_dq/iserdes_inst" has been packed in "IDDR" of IOL "u_ddr_video_delay_sync/u_ddr3_test/u_ddrphy_top/ddrphy_slice_top/i_dqs_group[3].ddrphy_data_slice/dq_loop[1].u_iobuf_dq/opit_1" success.
I: OSERDES "u_ddr_video_delay_sync/u_ddr3_test/u_ddrphy_top/ddrphy_slice_top/i_dqs_group[3].ddrphy_data_slice/dq_loop[1].u_oserdes_dq/oserdes_inst" has been packed in "ODDR" of IOL "u_ddr_video_delay_sync/u_ddr3_test/u_ddrphy_top/ddrphy_slice_top/i_dqs_group[3].ddrphy_data_slice/dq_loop[1].u_iobuf_dq/opit_1" success.
I: OSERDES "rgb2tmds/clockserializer/SerializerSlave/oserdes_inst_inv" has been packed in "ODDR" of IOL "rgb2tmds/clockserializer/OutputBuffer/opit_2_com" success.
I: OSERDES "rgb2tmds/encoder[0].dataserializer/SerializerSlave/oserdes_inst_inv" has been packed in "ODDR" of IOL "rgb2tmds/encoder[0].dataserializer/OutputBuffer/opit_2_com" success.
I: OSERDES "rgb2tmds/encoder[1].dataserializer/SerializerSlave/oserdes_inst_inv" has been packed in "ODDR" of IOL "rgb2tmds/encoder[1].dataserializer/OutputBuffer/opit_2_com" success.
I: OSERDES "rgb2tmds/encoder[2].dataserializer/SerializerSlave/oserdes_inst_inv" has been packed in "ODDR" of IOL "rgb2tmds/encoder[2].dataserializer/OutputBuffer/opit_2_com" success.
Iol "ms72xx_ctl.iic_sda_tri/opit_1" connect to FFs: iff "ms72xx_ctl/iic_dri/receiv_data[0]/opit_0_inv", off "ms72xx_ctl/iic_dri/sda_out/opit_0", tff "null".
I: For Pack FF to IOL, copy new inst from ms72xx_ctl/iic_dri/sda_out/opit_0 to ms72xx_ctl/iic_dri/sda_out/opit_1.
I: Adm-6003: Trying to disconnect un-connected pin 'CE' of instance 'ms72xx_ctl/iic_dri/sda_out/opit_1'.
I: Flip-Flop "ms72xx_ctl/iic_dri/receiv_data[0]/opit_0_inv" has been packed in "IFF" of IOL "ms72xx_ctl.iic_sda_tri/opit_1" success.
I: Flip-Flop "ms72xx_ctl/iic_dri/sda_out/opit_1" has been packed in "OFF" of IOL "ms72xx_ctl.iic_sda_tri/opit_1" success.
Iol "hd_scl_obuf/opit_1" connect to FFs: iff "null", off "ms72xx_ctl/iic_dri/scl_out/opit_0_inv", tff "null".
I: For Pack FF to IOL, copy new inst from ms72xx_ctl/iic_dri/scl_out/opit_0_inv to ms72xx_ctl/iic_dri/scl_out/opit_0_inv_1.
I: Flip-Flop "ms72xx_ctl/iic_dri/scl_out/opit_0_inv_1" has been packed in "OFF" of IOL "hd_scl_obuf/opit_1" success.
Iol "led_int_obuf/opit_1" connect to FFs: iff "null", off "char_seen_latch/opit_0_inv", tff "null".
I: Flip-Flop "char_seen_latch/opit_0_inv" has been packed in "OFF" of IOL "led_int_obuf/opit_1" success.
W: DeviceMap-4010: There is no register can be packed in IOLHR "rstn_out_obuf/opit_1"(gopIOL).
Iol "b_in_ibuf[0]/opit_1" connect to FFs: iff "rgb_in_dly1[0]/opit_0_inv", off "null", tff "null".
I: Adm-6003: Trying to disconnect un-connected pin 'CE' of instance 'rgb_in_dly1[0]/opit_0_inv'.
I: Flip-Flop "rgb_in_dly1[0]/opit_0_inv" has been packed in "IFF" of IOL "b_in_ibuf[0]/opit_1" success.
Iol "b_in_ibuf[1]/opit_1" connect to FFs: iff "rgb_in_dly1[1]/opit_0_inv", off "null", tff "null".
I: Adm-6003: Trying to disconnect un-connected pin 'CE' of instance 'rgb_in_dly1[1]/opit_0_inv'.
I: Flip-Flop "rgb_in_dly1[1]/opit_0_inv" has been packed in "IFF" of IOL "b_in_ibuf[1]/opit_1" success.
Iol "b_in_ibuf[2]/opit_1" connect to FFs: iff "rgb_in_dly1[2]/opit_0_inv", off "null", tff "null".
I: Adm-6003: Trying to disconnect un-connected pin 'CE' of instance 'rgb_in_dly1[2]/opit_0_inv'.
I: Flip-Flop "rgb_in_dly1[2]/opit_0_inv" has been packed in "IFF" of IOL "b_in_ibuf[2]/opit_1" success.
Iol "b_in_ibuf[3]/opit_1" connect to FFs: iff "rgb_in_dly1[3]/opit_0_inv", off "null", tff "null".
I: Adm-6003: Trying to disconnect un-connected pin 'CE' of instance 'rgb_in_dly1[3]/opit_0_inv'.
I: Flip-Flop "rgb_in_dly1[3]/opit_0_inv" has been packed in "IFF" of IOL "b_in_ibuf[3]/opit_1" success.
Iol "b_in_ibuf[4]/opit_1" connect to FFs: iff "rgb_in_dly1[4]/opit_0_inv", off "null", tff "null".
I: Adm-6003: Trying to disconnect un-connected pin 'CE' of instance 'rgb_in_dly1[4]/opit_0_inv'.
I: Flip-Flop "rgb_in_dly1[4]/opit_0_inv" has been packed in "IFF" of IOL "b_in_ibuf[4]/opit_1" success.
Iol "b_in_ibuf[5]/opit_1" connect to FFs: iff "rgb_in_dly1[5]/opit_0_inv", off "null", tff "null".
I: Adm-6003: Trying to disconnect un-connected pin 'CE' of instance 'rgb_in_dly1[5]/opit_0_inv'.
I: Flip-Flop "rgb_in_dly1[5]/opit_0_inv" has been packed in "IFF" of IOL "b_in_ibuf[5]/opit_1" success.
Iol "b_in_ibuf[6]/opit_1" connect to FFs: iff "rgb_in_dly1[6]/opit_0_inv", off "null", tff "null".
I: Adm-6003: Trying to disconnect un-connected pin 'CE' of instance 'rgb_in_dly1[6]/opit_0_inv'.
I: Flip-Flop "rgb_in_dly1[6]/opit_0_inv" has been packed in "IFF" of IOL "b_in_ibuf[6]/opit_1" success.
Iol "b_in_ibuf[7]/opit_1" connect to FFs: iff "rgb_in_dly1[7]/opit_0_inv", off "null", tff "null".
I: Adm-6003: Trying to disconnect un-connected pin 'CE' of instance 'rgb_in_dly1[7]/opit_0_inv'.
I: Flip-Flop "rgb_in_dly1[7]/opit_0_inv" has been packed in "IFF" of IOL "b_in_ibuf[7]/opit_1" success.
Iol "de_in_ibuf/opit_1" connect to FFs: iff "de_in_dly1/opit_0_inv", off "null", tff "null".
I: Adm-6003: Trying to disconnect un-connected pin 'CE' of instance 'de_in_dly1/opit_0_inv'.
I: Flip-Flop "de_in_dly1/opit_0_inv" has been packed in "IFF" of IOL "de_in_ibuf/opit_1" success.
Iol "g_in_ibuf[0]/opit_1" connect to FFs: iff "rgb_in_dly1[8]/opit_0_inv", off "null", tff "null".
I: Adm-6003: Trying to disconnect un-connected pin 'CE' of instance 'rgb_in_dly1[8]/opit_0_inv'.
I: Flip-Flop "rgb_in_dly1[8]/opit_0_inv" has been packed in "IFF" of IOL "g_in_ibuf[0]/opit_1" success.
Iol "g_in_ibuf[1]/opit_1" connect to FFs: iff "rgb_in_dly1[9]/opit_0_inv", off "null", tff "null".
I: Adm-6003: Trying to disconnect un-connected pin 'CE' of instance 'rgb_in_dly1[9]/opit_0_inv'.
I: Flip-Flop "rgb_in_dly1[9]/opit_0_inv" has been packed in "IFF" of IOL "g_in_ibuf[1]/opit_1" success.
Iol "g_in_ibuf[2]/opit_1" connect to FFs: iff "rgb_in_dly1[10]/opit_0_inv", off "null", tff "null".
I: Adm-6003: Trying to disconnect un-connected pin 'CE' of instance 'rgb_in_dly1[10]/opit_0_inv'.
I: Flip-Flop "rgb_in_dly1[10]/opit_0_inv" has been packed in "IFF" of IOL "g_in_ibuf[2]/opit_1" success.
Iol "g_in_ibuf[3]/opit_1" connect to FFs: iff "rgb_in_dly1[11]/opit_0_inv", off "null", tff "null".
I: Adm-6003: Trying to disconnect un-connected pin 'CE' of instance 'rgb_in_dly1[11]/opit_0_inv'.
I: Flip-Flop "rgb_in_dly1[11]/opit_0_inv" has been packed in "IFF" of IOL "g_in_ibuf[3]/opit_1" success.
Iol "g_in_ibuf[4]/opit_1" connect to FFs: iff "rgb_in_dly1[12]/opit_0_inv", off "null", tff "null".
I: Adm-6003: Trying to disconnect un-connected pin 'CE' of instance 'rgb_in_dly1[12]/opit_0_inv'.
I: Flip-Flop "rgb_in_dly1[12]/opit_0_inv" has been packed in "IFF" of IOL "g_in_ibuf[4]/opit_1" success.
Iol "g_in_ibuf[5]/opit_1" connect to FFs: iff "rgb_in_dly1[13]/opit_0_inv", off "null", tff "null".
I: Adm-6003: Trying to disconnect un-connected pin 'CE' of instance 'rgb_in_dly1[13]/opit_0_inv'.
I: Flip-Flop "rgb_in_dly1[13]/opit_0_inv" has been packed in "IFF" of IOL "g_in_ibuf[5]/opit_1" success.
Iol "g_in_ibuf[6]/opit_1" connect to FFs: iff "rgb_in_dly1[14]/opit_0_inv", off "null", tff "null".
I: Adm-6003: Trying to disconnect un-connected pin 'CE' of instance 'rgb_in_dly1[14]/opit_0_inv'.
I: Flip-Flop "rgb_in_dly1[14]/opit_0_inv" has been packed in "IFF" of IOL "g_in_ibuf[6]/opit_1" success.
Iol "g_in_ibuf[7]/opit_1" connect to FFs: iff "rgb_in_dly1[15]/opit_0_inv", off "null", tff "null".
I: Adm-6003: Trying to disconnect un-connected pin 'CE' of instance 'rgb_in_dly1[15]/opit_0_inv'.
I: Flip-Flop "rgb_in_dly1[15]/opit_0_inv" has been packed in "IFF" of IOL "g_in_ibuf[7]/opit_1" success.
W: DeviceMap-4010: There is no register can be packed in IOLHR "pixclk_in_ibuf/opit_1"(gopIOL).
Iol "r_in_ibuf[0]/opit_1" connect to FFs: iff "rgb_in_dly1[16]/opit_0_inv", off "null", tff "null".
I: Adm-6003: Trying to disconnect un-connected pin 'CE' of instance 'rgb_in_dly1[16]/opit_0_inv'.
I: Flip-Flop "rgb_in_dly1[16]/opit_0_inv" has been packed in "IFF" of IOL "r_in_ibuf[0]/opit_1" success.
Iol "r_in_ibuf[1]/opit_1" connect to FFs: iff "rgb_in_dly1[17]/opit_0_inv", off "null", tff "null".
I: Adm-6003: Trying to disconnect un-connected pin 'CE' of instance 'rgb_in_dly1[17]/opit_0_inv'.
I: Flip-Flop "rgb_in_dly1[17]/opit_0_inv" has been packed in "IFF" of IOL "r_in_ibuf[1]/opit_1" success.
Iol "r_in_ibuf[2]/opit_1" connect to FFs: iff "rgb_in_dly1[18]/opit_0_inv", off "null", tff "null".
I: Adm-6003: Trying to disconnect un-connected pin 'CE' of instance 'rgb_in_dly1[18]/opit_0_inv'.
I: Flip-Flop "rgb_in_dly1[18]/opit_0_inv" has been packed in "IFF" of IOL "r_in_ibuf[2]/opit_1" success.
Iol "r_in_ibuf[3]/opit_1" connect to FFs: iff "rgb_in_dly1[19]/opit_0_inv", off "null", tff "null".
I: Adm-6003: Trying to disconnect un-connected pin 'CE' of instance 'rgb_in_dly1[19]/opit_0_inv'.
I: Flip-Flop "rgb_in_dly1[19]/opit_0_inv" has been packed in "IFF" of IOL "r_in_ibuf[3]/opit_1" success.
Iol "r_in_ibuf[4]/opit_1" connect to FFs: iff "rgb_in_dly1[20]/opit_0_inv", off "null", tff "null".
I: Adm-6003: Trying to disconnect un-connected pin 'CE' of instance 'rgb_in_dly1[20]/opit_0_inv'.
I: Flip-Flop "rgb_in_dly1[20]/opit_0_inv" has been packed in "IFF" of IOL "r_in_ibuf[4]/opit_1" success.
Iol "r_in_ibuf[5]/opit_1" connect to FFs: iff "rgb_in_dly1[21]/opit_0_inv", off "null", tff "null".
I: Adm-6003: Trying to disconnect un-connected pin 'CE' of instance 'rgb_in_dly1[21]/opit_0_inv'.
I: Flip-Flop "rgb_in_dly1[21]/opit_0_inv" has been packed in "IFF" of IOL "r_in_ibuf[5]/opit_1" success.
Iol "r_in_ibuf[6]/opit_1" connect to FFs: iff "rgb_in_dly1[22]/opit_0_inv", off "null", tff "null".
I: Adm-6003: Trying to disconnect un-connected pin 'CE' of instance 'rgb_in_dly1[22]/opit_0_inv'.
I: Flip-Flop "rgb_in_dly1[22]/opit_0_inv" has been packed in "IFF" of IOL "r_in_ibuf[6]/opit_1" success.
Iol "r_in_ibuf[7]/opit_1" connect to FFs: iff "rgb_in_dly1[23]/opit_0_inv", off "null", tff "null".
I: Adm-6003: Trying to disconnect un-connected pin 'CE' of instance 'rgb_in_dly1[23]/opit_0_inv'.
I: Flip-Flop "rgb_in_dly1[23]/opit_0_inv" has been packed in "IFF" of IOL "r_in_ibuf[7]/opit_1" success.
W: DeviceMap-4010: There is no register can be packed in IOLHR "sys_clk_ibuf/opit_1"(gopIOL).
Iol "vs_in_ibuf/opit_1" connect to FFs: iff "vs_in_dly1/opit_0_inv", off "null", tff "null".
I: Adm-6003: Trying to disconnect un-connected pin 'CE' of instance 'vs_in_dly1/opit_0_inv'.
I: Flip-Flop "vs_in_dly1/opit_0_inv" has been packed in "IFF" of IOL "vs_in_ibuf/opit_1" success.
C: DeviceMap-2009: The Inst "pixclk_in_ibuf/opit_0"(gopIBUF) has Attribute "PAP_IO_REGISTER" and has been ignored.
C: DeviceMap-2009: The Inst "rstn_out_obuf/opit_0"(gopOBUF) has Attribute "PAP_IO_REGISTER" and has been ignored.
C: DeviceMap-2009: The Inst "sys_clk_ibuf/opit_0"(gopIBUF) has Attribute "PAP_IO_REGISTER" and has been ignored.
C: DeviceMap-2009: The Inst "pixclk_in_ibuf/opit_1"(gopIOL) has Attribute "PAP_IO_REGISTER" and has been ignored.
C: DeviceMap-2009: The Inst "rstn_out_obuf/opit_1"(gopIOL) has Attribute "PAP_IO_REGISTER" and has been ignored.
C: DeviceMap-2009: The Inst "sys_clk_ibuf/opit_1"(gopIOL) has Attribute "PAP_IO_REGISTER" and has been ignored.
Device Utilization Summary:
+-------------------------------------------------------------------------+
| Logic Utilization     | Used      | Available     | Utilization(%)     
+-------------------------------------------------------------------------+
| APM                   | 682       | 740           | 93                 
| FF                    | 93302     | 319600        | 30                 
| LUT                   | 37264     | 159800        | 24                 
| Distributed RAM       | 1782      | 39500         | 5                  
| DRM                   | 258.5     | 415           | 63                 
| IO                    | 115       | 400           | 29                 
| RCKB                  | 2         | 40            | 5                  
| SCANCHAIN             | 1         | 1             | 100                
| USCM                  | 7         | 32            | 22                 
| CCS                   | 1         | 1             | 100                
| ADC                   | 0         | 1             | 0                  
| DDR_PHY               | 7         | 40            | 18                 
| HSSTLP                | 0         | 2             | 0                  
| GPLL                  | 4         | 10            | 40                 
| PPLL                  | 2         | 10            | 20                 
| DDRPHY_CPD            | 1         | 20            | 5                  
| HCKB                  | 0         | 120           | 0                  
| IOCKB                 | 0         | 40            | 0                  
| MRCKB                 | 1         | 20            | 5                  
| PCIE                  | 0         | 1             | 0                  
| DDRPHY_IOCLK_DIV      | 2         | 10            | 20                 
| ANALOG                | 0         | 1             | 0                  
| TSERDES               | 14        | 80            | 18                 
| KEYRAM                | 0         | 1             | 0                  
+-------------------------------------------------------------------------+

Device mapping done.
Total device mapping takes 14.81 sec.

Design 'hdmi_loop' has been successfully mapped to architecture-specific objects.
Saving design to DB.
W: Public-4010: Pcf file C:/Users/Datou21/Desktop/PDS/back1/cnn_usb_copy/prj_pds/device_map/hdmi_loop.pcf has been covered.
Action dev_map: Real time elapsed is 0h:1m:30s
Action dev_map: CPU time elapsed is 0h:0m:45s
Action dev_map: Process CPU time elapsed is 0h:0m:47s
Current time: Thu Jul  9 11:25:32 2026
Action dev_map: Peak memory pool usage is 1,817 MB
Action from compile to dev_map: Total Real Time elapsed is 0h:7m:11s
Action from compile to dev_map: Total CPU time elapsed is 0h:1m:57s
Action from compile to dev_map: Total Process CPU Time elapsed is 0h:2m:8s
Process "Device Map" done.


Process "Place & Route" started.
Current time: Thu Jul  9 11:25:33 2026
Compiling architecture definition.
Analyzing project file 'C:/Users/Datou21/Desktop/PDS/back1/cnn_usb_copy/prj_pds/hdmi_loop.pds'.
Compiling verification operator library.
Compiling common defs.
Compiling prim grid devices.
Compiling gate devices.
Compiling gate operators.
Building architecture model.
Loading device packaging model.
pnr strategy configuration : 
strategy name : 0
Building architecture floorplan logic view.
Constraint check start.
Executing : def_port {hd_sda} LOC=J14 VCCIO=3.3 IOSTANDARD=LVCMOS33 DRIVE=8 SLEW=SLOW NONE=TRUE
C: ConstraintEditor-2002: [C:/Users/Datou21/Desktop/PDS/back1/cnn_usb_copy/prj_pds/device_map/hdmi_loop.pcf(line number: 3)] | Port hd_sda has been placed at location J14, whose type is share pin.
Executing : def_port {hd_sda} LOC=J14 VCCIO=3.3 IOSTANDARD=LVCMOS33 DRIVE=8 SLEW=SLOW NONE=TRUE successfully
Executing : def_port {mem_dq[0]} LOC=G5 VCCIO=1.5 IOSTANDARD=HSTL15_I DRIVE=8 SLEW=SLOW NONE=TRUE
Executing : def_port {mem_dq[0]} LOC=G5 VCCIO=1.5 IOSTANDARD=HSTL15_I DRIVE=8 SLEW=SLOW NONE=TRUE successfully
Executing : def_port {mem_dq[1]} LOC=J6 VCCIO=1.5 IOSTANDARD=HSTL15_I DRIVE=8 SLEW=SLOW NONE=TRUE
C: ConstraintEditor-2002: [C:/Users/Datou21/Desktop/PDS/back1/cnn_usb_copy/prj_pds/device_map/hdmi_loop.pcf(line number: 5)] | Port mem_dq[1] has been placed at location J6, whose type is share pin.
Executing : def_port {mem_dq[1]} LOC=J6 VCCIO=1.5 IOSTANDARD=HSTL15_I DRIVE=8 SLEW=SLOW NONE=TRUE successfully
Executing : def_port {mem_dq[2]} LOC=F5 VCCIO=1.5 IOSTANDARD=HSTL15_I DRIVE=8 SLEW=SLOW NONE=TRUE
Executing : def_port {mem_dq[2]} LOC=F5 VCCIO=1.5 IOSTANDARD=HSTL15_I DRIVE=8 SLEW=SLOW NONE=TRUE successfully
Executing : def_port {mem_dq[3]} LOC=L8 VCCIO=1.5 IOSTANDARD=HSTL15_I DRIVE=8 SLEW=SLOW NONE=TRUE
C: ConstraintEditor-2002: [C:/Users/Datou21/Desktop/PDS/back1/cnn_usb_copy/prj_pds/device_map/hdmi_loop.pcf(line number: 7)] | Port mem_dq[3] has been placed at location L8, whose type is share pin.
Executing : def_port {mem_dq[3]} LOC=L8 VCCIO=1.5 IOSTANDARD=HSTL15_I DRIVE=8 SLEW=SLOW NONE=TRUE successfully
Executing : def_port {mem_dq[4]} LOC=G4 VCCIO=1.5 IOSTANDARD=HSTL15_I DRIVE=8 SLEW=SLOW NONE=TRUE
Executing : def_port {mem_dq[4]} LOC=G4 VCCIO=1.5 IOSTANDARD=HSTL15_I DRIVE=8 SLEW=SLOW NONE=TRUE successfully
Executing : def_port {mem_dq[5]} LOC=K7 VCCIO=1.5 IOSTANDARD=HSTL15_I DRIVE=8 SLEW=SLOW NONE=TRUE
C: ConstraintEditor-2002: [C:/Users/Datou21/Desktop/PDS/back1/cnn_usb_copy/prj_pds/device_map/hdmi_loop.pcf(line number: 9)] | Port mem_dq[5] has been placed at location K7, whose type is share pin.
Executing : def_port {mem_dq[5]} LOC=K7 VCCIO=1.5 IOSTANDARD=HSTL15_I DRIVE=8 SLEW=SLOW NONE=TRUE successfully
Executing : def_port {mem_dq[6]} LOC=F4 VCCIO=1.5 IOSTANDARD=HSTL15_I DRIVE=8 SLEW=SLOW NONE=TRUE
Executing : def_port {mem_dq[6]} LOC=F4 VCCIO=1.5 IOSTANDARD=HSTL15_I DRIVE=8 SLEW=SLOW NONE=TRUE successfully
Executing : def_port {mem_dq[7]} LOC=J5 VCCIO=1.5 IOSTANDARD=HSTL15_I DRIVE=8 SLEW=SLOW NONE=TRUE
C: ConstraintEditor-2002: [C:/Users/Datou21/Desktop/PDS/back1/cnn_usb_copy/prj_pds/device_map/hdmi_loop.pcf(line number: 11)] | Port mem_dq[7] has been placed at location J5, whose type is share pin.
Executing : def_port {mem_dq[7]} LOC=J5 VCCIO=1.5 IOSTANDARD=HSTL15_I DRIVE=8 SLEW=SLOW NONE=TRUE successfully
Executing : def_port {mem_dq[8]} LOC=H6 VCCIO=1.5 IOSTANDARD=HSTL15_I DRIVE=8 SLEW=SLOW NONE=TRUE
C: ConstraintEditor-2002: [C:/Users/Datou21/Desktop/PDS/back1/cnn_usb_copy/prj_pds/device_map/hdmi_loop.pcf(line number: 12)] | Port mem_dq[8] has been placed at location H6, whose type is share pin.
Executing : def_port {mem_dq[8]} LOC=H6 VCCIO=1.5 IOSTANDARD=HSTL15_I DRIVE=8 SLEW=SLOW NONE=TRUE successfully
Executing : def_port {mem_dq[9]} LOC=F8 VCCIO=1.5 IOSTANDARD=HSTL15_I DRIVE=8 SLEW=SLOW NONE=TRUE
Executing : def_port {mem_dq[9]} LOC=F8 VCCIO=1.5 IOSTANDARD=HSTL15_I DRIVE=8 SLEW=SLOW NONE=TRUE successfully
Executing : def_port {mem_dq[10]} LOC=H8 VCCIO=1.5 IOSTANDARD=HSTL15_I DRIVE=8 SLEW=SLOW NONE=TRUE
C: ConstraintEditor-2002: [C:/Users/Datou21/Desktop/PDS/back1/cnn_usb_copy/prj_pds/device_map/hdmi_loop.pcf(line number: 14)] | Port mem_dq[10] has been placed at location H8, whose type is share pin.
Executing : def_port {mem_dq[10]} LOC=H8 VCCIO=1.5 IOSTANDARD=HSTL15_I DRIVE=8 SLEW=SLOW NONE=TRUE successfully
Executing : def_port {mem_dq[11]} LOC=D6 VCCIO=1.5 IOSTANDARD=HSTL15_I DRIVE=8 SLEW=SLOW NONE=TRUE
C: ConstraintEditor-2002: [C:/Users/Datou21/Desktop/PDS/back1/cnn_usb_copy/prj_pds/device_map/hdmi_loop.pcf(line number: 15)] | Port mem_dq[11] has been placed at location D6, whose type is share pin.
Executing : def_port {mem_dq[11]} LOC=D6 VCCIO=1.5 IOSTANDARD=HSTL15_I DRIVE=8 SLEW=SLOW NONE=TRUE successfully
Executing : def_port {mem_dq[12]} LOC=G8 VCCIO=1.5 IOSTANDARD=HSTL15_I DRIVE=8 SLEW=SLOW NONE=TRUE
C: ConstraintEditor-2002: [C:/Users/Datou21/Desktop/PDS/back1/cnn_usb_copy/prj_pds/device_map/hdmi_loop.pcf(line number: 16)] | Port mem_dq[12] has been placed at location G8, whose type is share pin.
Executing : def_port {mem_dq[12]} LOC=G8 VCCIO=1.5 IOSTANDARD=HSTL15_I DRIVE=8 SLEW=SLOW NONE=TRUE successfully
Executing : def_port {mem_dq[13]} LOC=E6 VCCIO=1.5 IOSTANDARD=HSTL15_I DRIVE=8 SLEW=SLOW NONE=TRUE
C: ConstraintEditor-2002: [C:/Users/Datou21/Desktop/PDS/back1/cnn_usb_copy/prj_pds/device_map/hdmi_loop.pcf(line number: 17)] | Port mem_dq[13] has been placed at location E6, whose type is share pin.
Executing : def_port {mem_dq[13]} LOC=E6 VCCIO=1.5 IOSTANDARD=HSTL15_I DRIVE=8 SLEW=SLOW NONE=TRUE successfully
Executing : def_port {mem_dq[14]} LOC=H9 VCCIO=1.5 IOSTANDARD=HSTL15_I DRIVE=8 SLEW=SLOW NONE=TRUE
Executing : def_port {mem_dq[14]} LOC=H9 VCCIO=1.5 IOSTANDARD=HSTL15_I DRIVE=8 SLEW=SLOW NONE=TRUE successfully
Executing : def_port {mem_dq[15]} LOC=G6 VCCIO=1.5 IOSTANDARD=HSTL15_I DRIVE=8 SLEW=SLOW NONE=TRUE
C: ConstraintEditor-2002: [C:/Users/Datou21/Desktop/PDS/back1/cnn_usb_copy/prj_pds/device_map/hdmi_loop.pcf(line number: 19)] | Port mem_dq[15] has been placed at location G6, whose type is share pin.
Executing : def_port {mem_dq[15]} LOC=G6 VCCIO=1.5 IOSTANDARD=HSTL15_I DRIVE=8 SLEW=SLOW NONE=TRUE successfully
Executing : def_port {mem_dq[16]} LOC=C4 VCCIO=1.5 IOSTANDARD=HSTL15_I DRIVE=8 SLEW=SLOW NONE=TRUE
Executing : def_port {mem_dq[16]} LOC=C4 VCCIO=1.5 IOSTANDARD=HSTL15_I DRIVE=8 SLEW=SLOW NONE=TRUE successfully
Executing : def_port {mem_dq[17]} LOC=D4 VCCIO=1.5 IOSTANDARD=HSTL15_I DRIVE=8 SLEW=SLOW NONE=TRUE
Executing : def_port {mem_dq[17]} LOC=D4 VCCIO=1.5 IOSTANDARD=HSTL15_I DRIVE=8 SLEW=SLOW NONE=TRUE successfully
Executing : def_port {mem_dq[18]} LOC=A4 VCCIO=1.5 IOSTANDARD=HSTL15_I DRIVE=8 SLEW=SLOW NONE=TRUE
Executing : def_port {mem_dq[18]} LOC=A4 VCCIO=1.5 IOSTANDARD=HSTL15_I DRIVE=8 SLEW=SLOW NONE=TRUE successfully
Executing : def_port {mem_dq[19]} LOC=E3 VCCIO=1.5 IOSTANDARD=HSTL15_I DRIVE=8 SLEW=SLOW NONE=TRUE
Executing : def_port {mem_dq[19]} LOC=E3 VCCIO=1.5 IOSTANDARD=HSTL15_I DRIVE=8 SLEW=SLOW NONE=TRUE successfully
Executing : def_port {mem_dq[20]} LOC=C3 VCCIO=1.5 IOSTANDARD=HSTL15_I DRIVE=8 SLEW=SLOW NONE=TRUE
Executing : def_port {mem_dq[20]} LOC=C3 VCCIO=1.5 IOSTANDARD=HSTL15_I DRIVE=8 SLEW=SLOW NONE=TRUE successfully
Executing : def_port {mem_dq[21]} LOC=F3 VCCIO=1.5 IOSTANDARD=HSTL15_I DRIVE=8 SLEW=SLOW NONE=TRUE
Executing : def_port {mem_dq[21]} LOC=F3 VCCIO=1.5 IOSTANDARD=HSTL15_I DRIVE=8 SLEW=SLOW NONE=TRUE successfully
Executing : def_port {mem_dq[22]} LOC=B4 VCCIO=1.5 IOSTANDARD=HSTL15_I DRIVE=8 SLEW=SLOW NONE=TRUE
Executing : def_port {mem_dq[22]} LOC=B4 VCCIO=1.5 IOSTANDARD=HSTL15_I DRIVE=8 SLEW=SLOW NONE=TRUE successfully
Executing : def_port {mem_dq[23]} LOC=D3 VCCIO=1.5 IOSTANDARD=HSTL15_I DRIVE=8 SLEW=SLOW NONE=TRUE
Executing : def_port {mem_dq[23]} LOC=D3 VCCIO=1.5 IOSTANDARD=HSTL15_I DRIVE=8 SLEW=SLOW NONE=TRUE successfully
Executing : def_port {mem_dq[24]} LOC=F2 VCCIO=1.5 IOSTANDARD=HSTL15_I DRIVE=8 SLEW=SLOW NONE=TRUE
Executing : def_port {mem_dq[24]} LOC=F2 VCCIO=1.5 IOSTANDARD=HSTL15_I DRIVE=8 SLEW=SLOW NONE=TRUE successfully
Executing : def_port {mem_dq[25]} LOC=D1 VCCIO=1.5 IOSTANDARD=HSTL15_I DRIVE=8 SLEW=SLOW NONE=TRUE
Executing : def_port {mem_dq[25]} LOC=D1 VCCIO=1.5 IOSTANDARD=HSTL15_I DRIVE=8 SLEW=SLOW NONE=TRUE successfully
Executing : def_port {mem_dq[26]} LOC=G1 VCCIO=1.5 IOSTANDARD=HSTL15_I DRIVE=8 SLEW=SLOW NONE=TRUE
Executing : def_port {mem_dq[26]} LOC=G1 VCCIO=1.5 IOSTANDARD=HSTL15_I DRIVE=8 SLEW=SLOW NONE=TRUE successfully
Executing : def_port {mem_dq[27]} LOC=A2 VCCIO=1.5 IOSTANDARD=HSTL15_I DRIVE=8 SLEW=SLOW NONE=TRUE
Executing : def_port {mem_dq[27]} LOC=A2 VCCIO=1.5 IOSTANDARD=HSTL15_I DRIVE=8 SLEW=SLOW NONE=TRUE successfully
Executing : def_port {mem_dq[28]} LOC=E1 VCCIO=1.5 IOSTANDARD=HSTL15_I DRIVE=8 SLEW=SLOW NONE=TRUE
Executing : def_port {mem_dq[28]} LOC=E1 VCCIO=1.5 IOSTANDARD=HSTL15_I DRIVE=8 SLEW=SLOW NONE=TRUE successfully
Executing : def_port {mem_dq[29]} LOC=A3 VCCIO=1.5 IOSTANDARD=HSTL15_I DRIVE=8 SLEW=SLOW NONE=TRUE
Executing : def_port {mem_dq[29]} LOC=A3 VCCIO=1.5 IOSTANDARD=HSTL15_I DRIVE=8 SLEW=SLOW NONE=TRUE successfully
Executing : def_port {mem_dq[30]} LOC=G2 VCCIO=1.5 IOSTANDARD=HSTL15_I DRIVE=8 SLEW=SLOW NONE=TRUE
Executing : def_port {mem_dq[30]} LOC=G2 VCCIO=1.5 IOSTANDARD=HSTL15_I DRIVE=8 SLEW=SLOW NONE=TRUE successfully
Executing : def_port {mem_dq[31]} LOC=C2 VCCIO=1.5 IOSTANDARD=HSTL15_I DRIVE=8 SLEW=SLOW NONE=TRUE
Executing : def_port {mem_dq[31]} LOC=C2 VCCIO=1.5 IOSTANDARD=HSTL15_I DRIVE=8 SLEW=SLOW NONE=TRUE successfully
Executing : def_port {mem_dqs[0]} LOC=J4 VCCIO=1.5 IOSTANDARD=HSTL15D_I DRIVE=8 SLEW=SLOW NONE=TRUE
C: ConstraintEditor-2002: [C:/Users/Datou21/Desktop/PDS/back1/cnn_usb_copy/prj_pds/device_map/hdmi_loop.pcf(line number: 36)] | Port mem_dqs[0] has been placed at location J4, whose type is share pin.
Executing : def_port {mem_dqs[0]} LOC=J4 VCCIO=1.5 IOSTANDARD=HSTL15D_I DRIVE=8 SLEW=SLOW NONE=TRUE successfully
Executing : def_port {mem_dqs[1]} LOC=H7 VCCIO=1.5 IOSTANDARD=HSTL15D_I DRIVE=8 SLEW=SLOW NONE=TRUE
C: ConstraintEditor-2002: [C:/Users/Datou21/Desktop/PDS/back1/cnn_usb_copy/prj_pds/device_map/hdmi_loop.pcf(line number: 37)] | Port mem_dqs[1] has been placed at location H7, whose type is share pin.
Executing : def_port {mem_dqs[1]} LOC=H7 VCCIO=1.5 IOSTANDARD=HSTL15D_I DRIVE=8 SLEW=SLOW NONE=TRUE successfully
Executing : def_port {mem_dqs[2]} LOC=B5 VCCIO=1.5 IOSTANDARD=HSTL15D_I DRIVE=8 SLEW=SLOW NONE=TRUE
Executing : def_port {mem_dqs[2]} LOC=B5 VCCIO=1.5 IOSTANDARD=HSTL15D_I DRIVE=8 SLEW=SLOW NONE=TRUE successfully
Executing : def_port {mem_dqs[3]} LOC=C1 VCCIO=1.5 IOSTANDARD=HSTL15D_I DRIVE=8 SLEW=SLOW NONE=TRUE
Executing : def_port {mem_dqs[3]} LOC=C1 VCCIO=1.5 IOSTANDARD=HSTL15D_I DRIVE=8 SLEW=SLOW NONE=TRUE successfully
Executing : def_port {mem_dqs_n[0]} LOC=H4 VCCIO=1.5 IOSTANDARD=HSTL15D_I DRIVE=8 SLEW=SLOW NONE=TRUE
C: ConstraintEditor-2002: [C:/Users/Datou21/Desktop/PDS/back1/cnn_usb_copy/prj_pds/device_map/hdmi_loop.pcf(line number: 40)] | Port mem_dqs_n[0] has been placed at location H4, whose type is share pin.
Executing : def_port {mem_dqs_n[0]} LOC=H4 VCCIO=1.5 IOSTANDARD=HSTL15D_I DRIVE=8 SLEW=SLOW NONE=TRUE successfully
Executing : def_port {mem_dqs_n[1]} LOC=G7 VCCIO=1.5 IOSTANDARD=HSTL15D_I DRIVE=8 SLEW=SLOW NONE=TRUE
C: ConstraintEditor-2002: [C:/Users/Datou21/Desktop/PDS/back1/cnn_usb_copy/prj_pds/device_map/hdmi_loop.pcf(line number: 41)] | Port mem_dqs_n[1] has been placed at location G7, whose type is share pin.
Executing : def_port {mem_dqs_n[1]} LOC=G7 VCCIO=1.5 IOSTANDARD=HSTL15D_I DRIVE=8 SLEW=SLOW NONE=TRUE successfully
Executing : def_port {mem_dqs_n[2]} LOC=A5 VCCIO=1.5 IOSTANDARD=HSTL15D_I DRIVE=8 SLEW=SLOW NONE=TRUE
Executing : def_port {mem_dqs_n[2]} LOC=A5 VCCIO=1.5 IOSTANDARD=HSTL15D_I DRIVE=8 SLEW=SLOW NONE=TRUE successfully
Executing : def_port {mem_dqs_n[3]} LOC=B1 VCCIO=1.5 IOSTANDARD=HSTL15D_I DRIVE=8 SLEW=SLOW NONE=TRUE
Executing : def_port {mem_dqs_n[3]} LOC=B1 VCCIO=1.5 IOSTANDARD=HSTL15D_I DRIVE=8 SLEW=SLOW NONE=TRUE successfully
Executing : def_port {ddr_init_done} LOC=C18 VCCIO=3.3 IOSTANDARD=LVCMOS33 DRIVE=8 SLEW=FAST PULLUP=TRUE
Executing : def_port {ddr_init_done} LOC=C18 VCCIO=3.3 IOSTANDARD=LVCMOS33 DRIVE=8 SLEW=FAST PULLUP=TRUE successfully
Executing : def_port {hd_scl} LOC=J15 VCCIO=3.3 IOSTANDARD=LVCMOS33 DRIVE=8 SLEW=SLOW NONE=TRUE
C: ConstraintEditor-2002: [C:/Users/Datou21/Desktop/PDS/back1/cnn_usb_copy/prj_pds/device_map/hdmi_loop.pcf(line number: 45)] | Port hd_scl has been placed at location J15, whose type is share pin.
Executing : def_port {hd_scl} LOC=J15 VCCIO=3.3 IOSTANDARD=LVCMOS33 DRIVE=8 SLEW=SLOW NONE=TRUE successfully
Executing : def_port {led_int} LOC=A20 VCCIO=3.3 IOSTANDARD=LVCMOS33 DRIVE=8 SLEW=SLOW NONE=TRUE
Executing : def_port {led_int} LOC=A20 VCCIO=3.3 IOSTANDARD=LVCMOS33 DRIVE=8 SLEW=SLOW NONE=TRUE successfully
Executing : def_port {mem_a[0]} LOC=J1 VCCIO=1.5 IOSTANDARD=HSTL15_I DRIVE=8 SLEW=SLOW NONE=TRUE
Executing : def_port {mem_a[0]} LOC=J1 VCCIO=1.5 IOSTANDARD=HSTL15_I DRIVE=8 SLEW=SLOW NONE=TRUE successfully
Executing : def_port {mem_a[1]} LOC=L3 VCCIO=1.5 IOSTANDARD=HSTL15_I DRIVE=8 SLEW=SLOW NONE=TRUE
Executing : def_port {mem_a[1]} LOC=L3 VCCIO=1.5 IOSTANDARD=HSTL15_I DRIVE=8 SLEW=SLOW NONE=TRUE successfully
Executing : def_port {mem_a[2]} LOC=L2 VCCIO=1.5 IOSTANDARD=HSTL15_I DRIVE=8 SLEW=SLOW NONE=TRUE
Executing : def_port {mem_a[2]} LOC=L2 VCCIO=1.5 IOSTANDARD=HSTL15_I DRIVE=8 SLEW=SLOW NONE=TRUE successfully
Executing : def_port {mem_a[3]} LOC=P3 VCCIO=1.5 IOSTANDARD=HSTL15_I DRIVE=8 SLEW=SLOW NONE=TRUE
Executing : def_port {mem_a[3]} LOC=P3 VCCIO=1.5 IOSTANDARD=HSTL15_I DRIVE=8 SLEW=SLOW NONE=TRUE successfully
Executing : def_port {mem_a[4]} LOC=T2 VCCIO=1.5 IOSTANDARD=HSTL15_I DRIVE=8 SLEW=SLOW NONE=TRUE
Executing : def_port {mem_a[4]} LOC=T2 VCCIO=1.5 IOSTANDARD=HSTL15_I DRIVE=8 SLEW=SLOW NONE=TRUE successfully
Executing : def_port {mem_a[5]} LOC=M1 VCCIO=1.5 IOSTANDARD=HSTL15_I DRIVE=8 SLEW=SLOW NONE=TRUE
Executing : def_port {mem_a[5]} LOC=M1 VCCIO=1.5 IOSTANDARD=HSTL15_I DRIVE=8 SLEW=SLOW NONE=TRUE successfully
Executing : def_port {mem_a[6]} LOC=U1 VCCIO=1.5 IOSTANDARD=HSTL15_I DRIVE=8 SLEW=SLOW NONE=TRUE
Executing : def_port {mem_a[6]} LOC=U1 VCCIO=1.5 IOSTANDARD=HSTL15_I DRIVE=8 SLEW=SLOW NONE=TRUE successfully
Executing : def_port {mem_a[7]} LOC=K1 VCCIO=1.5 IOSTANDARD=HSTL15_I DRIVE=8 SLEW=SLOW NONE=TRUE
Executing : def_port {mem_a[7]} LOC=K1 VCCIO=1.5 IOSTANDARD=HSTL15_I DRIVE=8 SLEW=SLOW NONE=TRUE successfully
Executing : def_port {mem_a[8]} LOC=U2 VCCIO=1.5 IOSTANDARD=HSTL15_I DRIVE=8 SLEW=SLOW NONE=TRUE
Executing : def_port {mem_a[8]} LOC=U2 VCCIO=1.5 IOSTANDARD=HSTL15_I DRIVE=8 SLEW=SLOW NONE=TRUE successfully
Executing : def_port {mem_a[9]} LOC=K2 VCCIO=1.5 IOSTANDARD=HSTL15_I DRIVE=8 SLEW=SLOW NONE=TRUE
Executing : def_port {mem_a[9]} LOC=K2 VCCIO=1.5 IOSTANDARD=HSTL15_I DRIVE=8 SLEW=SLOW NONE=TRUE successfully
Executing : def_port {mem_a[10]} LOC=T3 VCCIO=1.5 IOSTANDARD=HSTL15_I DRIVE=8 SLEW=SLOW NONE=TRUE
Executing : def_port {mem_a[10]} LOC=T3 VCCIO=1.5 IOSTANDARD=HSTL15_I DRIVE=8 SLEW=SLOW NONE=TRUE successfully
Executing : def_port {mem_a[11]} LOC=P1 VCCIO=1.5 IOSTANDARD=HSTL15_I DRIVE=8 SLEW=SLOW NONE=TRUE
Executing : def_port {mem_a[11]} LOC=P1 VCCIO=1.5 IOSTANDARD=HSTL15_I DRIVE=8 SLEW=SLOW NONE=TRUE successfully
Executing : def_port {mem_a[12]} LOC=T4 VCCIO=1.5 IOSTANDARD=HSTL15_I DRIVE=8 SLEW=SLOW NONE=TRUE
Executing : def_port {mem_a[12]} LOC=T4 VCCIO=1.5 IOSTANDARD=HSTL15_I DRIVE=8 SLEW=SLOW NONE=TRUE successfully
Executing : def_port {mem_a[13]} LOC=M2 VCCIO=1.5 IOSTANDARD=HSTL15_I DRIVE=8 SLEW=SLOW NONE=TRUE
Executing : def_port {mem_a[13]} LOC=M2 VCCIO=1.5 IOSTANDARD=HSTL15_I DRIVE=8 SLEW=SLOW NONE=TRUE successfully
Executing : def_port {mem_a[14]} LOC=N1 VCCIO=1.5 IOSTANDARD=HSTL15_I DRIVE=8 SLEW=SLOW NONE=TRUE
Executing : def_port {mem_a[14]} LOC=N1 VCCIO=1.5 IOSTANDARD=HSTL15_I DRIVE=8 SLEW=SLOW NONE=TRUE successfully
Executing : def_port {mem_ba[0]} LOC=P4 VCCIO=1.5 IOSTANDARD=HSTL15_I DRIVE=8 SLEW=SLOW NONE=TRUE
Executing : def_port {mem_ba[0]} LOC=P4 VCCIO=1.5 IOSTANDARD=HSTL15_I DRIVE=8 SLEW=SLOW NONE=TRUE successfully
Executing : def_port {mem_ba[1]} LOC=R2 VCCIO=1.5 IOSTANDARD=HSTL15_I DRIVE=8 SLEW=SLOW NONE=TRUE
Executing : def_port {mem_ba[1]} LOC=R2 VCCIO=1.5 IOSTANDARD=HSTL15_I DRIVE=8 SLEW=SLOW NONE=TRUE successfully
Executing : def_port {mem_ba[2]} LOC=T5 VCCIO=1.5 IOSTANDARD=HSTL15_I DRIVE=8 SLEW=SLOW NONE=TRUE
Executing : def_port {mem_ba[2]} LOC=T5 VCCIO=1.5 IOSTANDARD=HSTL15_I DRIVE=8 SLEW=SLOW NONE=TRUE successfully
Executing : def_port {mem_cas_n} LOC=T7 VCCIO=1.5 IOSTANDARD=HSTL15_I DRIVE=8 SLEW=SLOW NONE=TRUE
Executing : def_port {mem_cas_n} LOC=T7 VCCIO=1.5 IOSTANDARD=HSTL15_I DRIVE=8 SLEW=SLOW NONE=TRUE successfully
Executing : def_port {mem_ck} LOC=U6 VCCIO=1.5 IOSTANDARD=HSTL15D_I DRIVE=8 SLEW=SLOW NONE=TRUE
Executing : def_port {mem_ck} LOC=U6 VCCIO=1.5 IOSTANDARD=HSTL15D_I DRIVE=8 SLEW=SLOW NONE=TRUE successfully
Executing : def_port {mem_ck_n} LOC=U5 VCCIO=1.5 IOSTANDARD=HSTL15D_I DRIVE=8 SLEW=SLOW NONE=TRUE
Executing : def_port {mem_ck_n} LOC=U5 VCCIO=1.5 IOSTANDARD=HSTL15D_I DRIVE=8 SLEW=SLOW NONE=TRUE successfully
Executing : def_port {mem_cke} LOC=R1 VCCIO=1.5 IOSTANDARD=HSTL15_I DRIVE=8 SLEW=SLOW NONE=TRUE
Executing : def_port {mem_cke} LOC=R1 VCCIO=1.5 IOSTANDARD=HSTL15_I DRIVE=8 SLEW=SLOW NONE=TRUE successfully
Executing : def_port {mem_cs_n} LOC=N4 VCCIO=1.5 IOSTANDARD=HSTL15_I DRIVE=8 SLEW=SLOW NONE=TRUE
Executing : def_port {mem_cs_n} LOC=N4 VCCIO=1.5 IOSTANDARD=HSTL15_I DRIVE=8 SLEW=SLOW NONE=TRUE successfully
Executing : def_port {mem_dm[0]} LOC=K6 VCCIO=1.5 IOSTANDARD=HSTL15_I DRIVE=8 SLEW=SLOW NONE=TRUE
C: ConstraintEditor-2002: [C:/Users/Datou21/Desktop/PDS/back1/cnn_usb_copy/prj_pds/device_map/hdmi_loop.pcf(line number: 70)] | Port mem_dm[0] has been placed at location K6, whose type is share pin.
Executing : def_port {mem_dm[0]} LOC=K6 VCCIO=1.5 IOSTANDARD=HSTL15_I DRIVE=8 SLEW=SLOW NONE=TRUE successfully
Executing : def_port {mem_dm[1]} LOC=F7 VCCIO=1.5 IOSTANDARD=HSTL15_I DRIVE=8 SLEW=SLOW NONE=TRUE
Executing : def_port {mem_dm[1]} LOC=F7 VCCIO=1.5 IOSTANDARD=HSTL15_I DRIVE=8 SLEW=SLOW NONE=TRUE successfully
Executing : def_port {mem_dm[2]} LOC=D5 VCCIO=1.5 IOSTANDARD=HSTL15_I DRIVE=8 SLEW=SLOW NONE=TRUE
Executing : def_port {mem_dm[2]} LOC=D5 VCCIO=1.5 IOSTANDARD=HSTL15_I DRIVE=8 SLEW=SLOW NONE=TRUE successfully
Executing : def_port {mem_dm[3]} LOC=E2 VCCIO=1.5 IOSTANDARD=HSTL15_I DRIVE=8 SLEW=SLOW NONE=TRUE
Executing : def_port {mem_dm[3]} LOC=E2 VCCIO=1.5 IOSTANDARD=HSTL15_I DRIVE=8 SLEW=SLOW NONE=TRUE successfully
Executing : def_port {mem_odt} LOC=H2 VCCIO=1.5 IOSTANDARD=HSTL15_I DRIVE=8 SLEW=SLOW NONE=TRUE
Executing : def_port {mem_odt} LOC=H2 VCCIO=1.5 IOSTANDARD=HSTL15_I DRIVE=8 SLEW=SLOW NONE=TRUE successfully
Executing : def_port {mem_ras_n} LOC=P6 VCCIO=1.5 IOSTANDARD=HSTL15_I DRIVE=8 SLEW=SLOW NONE=TRUE
Executing : def_port {mem_ras_n} LOC=P6 VCCIO=1.5 IOSTANDARD=HSTL15_I DRIVE=8 SLEW=SLOW NONE=TRUE successfully
Executing : def_port {mem_rst_n} LOC=H1 VCCIO=1.5 IOSTANDARD=HSTL15_I DRIVE=8 SLEW=SLOW NONE=TRUE
Executing : def_port {mem_rst_n} LOC=H1 VCCIO=1.5 IOSTANDARD=HSTL15_I DRIVE=8 SLEW=SLOW NONE=TRUE successfully
Executing : def_port {mem_we_n} LOC=T8 VCCIO=1.5 IOSTANDARD=HSTL15_I DRIVE=8 SLEW=SLOW NONE=TRUE
Executing : def_port {mem_we_n} LOC=T8 VCCIO=1.5 IOSTANDARD=HSTL15_I DRIVE=8 SLEW=SLOW NONE=TRUE successfully
Executing : def_port {rstn_out} LOC=G25 VCCIO=3.3 IOSTANDARD=LVCMOS33 DRIVE=8 SLEW=SLOW NONE=TRUE
C: ConstraintEditor-2002: [C:/Users/Datou21/Desktop/PDS/back1/cnn_usb_copy/prj_pds/device_map/hdmi_loop.pcf(line number: 78)] | Port rstn_out has been placed at location G25, whose type is share pin.
Executing : def_port {rstn_out} LOC=G25 VCCIO=3.3 IOSTANDARD=LVCMOS33 DRIVE=8 SLEW=SLOW NONE=TRUE successfully
Executing : def_port {tmds_clk_n} LOC=N22 VCCIO=2.5 IOSTANDARD=LVDS25 DRIVE=3.5 NONE=TRUE
Executing : def_port {tmds_clk_n} LOC=N22 VCCIO=2.5 IOSTANDARD=LVDS25 DRIVE=3.5 NONE=TRUE successfully
Executing : def_port {tmds_clk_p} LOC=N21 VCCIO=2.5 IOSTANDARD=LVDS25 DRIVE=3.5 NONE=TRUE
Executing : def_port {tmds_clk_p} LOC=N21 VCCIO=2.5 IOSTANDARD=LVDS25 DRIVE=3.5 NONE=TRUE successfully
Executing : def_port {tmds_data_n[0]} LOC=P25 VCCIO=2.5 IOSTANDARD=LVDS25 DRIVE=3.5 NONE=TRUE
C: ConstraintEditor-2002: [C:/Users/Datou21/Desktop/PDS/back1/cnn_usb_copy/prj_pds/device_map/hdmi_loop.pcf(line number: 81)] | Port tmds_data_n[0] has been placed at location P25, whose type is share pin.
Executing : def_port {tmds_data_n[0]} LOC=P25 VCCIO=2.5 IOSTANDARD=LVDS25 DRIVE=3.5 NONE=TRUE successfully
Executing : def_port {tmds_data_n[1]} LOC=P24 VCCIO=2.5 IOSTANDARD=LVDS25 DRIVE=3.5 NONE=TRUE
C: ConstraintEditor-2002: [C:/Users/Datou21/Desktop/PDS/back1/cnn_usb_copy/prj_pds/device_map/hdmi_loop.pcf(line number: 82)] | Port tmds_data_n[1] has been placed at location P24, whose type is share pin.
Executing : def_port {tmds_data_n[1]} LOC=P24 VCCIO=2.5 IOSTANDARD=LVDS25 DRIVE=3.5 NONE=TRUE successfully
Executing : def_port {tmds_data_n[2]} LOC=N24 VCCIO=2.5 IOSTANDARD=LVDS25 DRIVE=3.5 NONE=TRUE
C: ConstraintEditor-2002: [C:/Users/Datou21/Desktop/PDS/back1/cnn_usb_copy/prj_pds/device_map/hdmi_loop.pcf(line number: 83)] | Port tmds_data_n[2] has been placed at location N24, whose type is share pin.
Executing : def_port {tmds_data_n[2]} LOC=N24 VCCIO=2.5 IOSTANDARD=LVDS25 DRIVE=3.5 NONE=TRUE successfully
Executing : def_port {tmds_data_p[0]} LOC=R25 VCCIO=2.5 IOSTANDARD=LVDS25 DRIVE=3.5 NONE=TRUE
C: ConstraintEditor-2002: [C:/Users/Datou21/Desktop/PDS/back1/cnn_usb_copy/prj_pds/device_map/hdmi_loop.pcf(line number: 84)] | Port tmds_data_p[0] has been placed at location R25, whose type is share pin.
Executing : def_port {tmds_data_p[0]} LOC=R25 VCCIO=2.5 IOSTANDARD=LVDS25 DRIVE=3.5 NONE=TRUE successfully
Executing : def_port {tmds_data_p[1]} LOC=P23 VCCIO=2.5 IOSTANDARD=LVDS25 DRIVE=3.5 NONE=TRUE
C: ConstraintEditor-2002: [C:/Users/Datou21/Desktop/PDS/back1/cnn_usb_copy/prj_pds/device_map/hdmi_loop.pcf(line number: 85)] | Port tmds_data_p[1] has been placed at location P23, whose type is share pin.
Executing : def_port {tmds_data_p[1]} LOC=P23 VCCIO=2.5 IOSTANDARD=LVDS25 DRIVE=3.5 NONE=TRUE successfully
Executing : def_port {tmds_data_p[2]} LOC=N23 VCCIO=2.5 IOSTANDARD=LVDS25 DRIVE=3.5 NONE=TRUE
C: ConstraintEditor-2002: [C:/Users/Datou21/Desktop/PDS/back1/cnn_usb_copy/prj_pds/device_map/hdmi_loop.pcf(line number: 86)] | Port tmds_data_p[2] has been placed at location N23, whose type is share pin.
Executing : def_port {tmds_data_p[2]} LOC=N23 VCCIO=2.5 IOSTANDARD=LVDS25 DRIVE=3.5 NONE=TRUE successfully
Executing : def_port {b_in[0]} LOC=L18 VCCIO=3.3 IOSTANDARD=LVCMOS33 NONE=TRUE
C: ConstraintEditor-2002: [C:/Users/Datou21/Desktop/PDS/back1/cnn_usb_copy/prj_pds/device_map/hdmi_loop.pcf(line number: 87)] | Port b_in[0] has been placed at location L18, whose type is share pin.
Executing : def_port {b_in[0]} LOC=L18 VCCIO=3.3 IOSTANDARD=LVCMOS33 NONE=TRUE successfully
Executing : def_port {b_in[1]} LOC=L17 VCCIO=3.3 IOSTANDARD=LVCMOS33 NONE=TRUE
C: ConstraintEditor-2002: [C:/Users/Datou21/Desktop/PDS/back1/cnn_usb_copy/prj_pds/device_map/hdmi_loop.pcf(line number: 88)] | Port b_in[1] has been placed at location L17, whose type is share pin.
Executing : def_port {b_in[1]} LOC=L17 VCCIO=3.3 IOSTANDARD=LVCMOS33 NONE=TRUE successfully
Executing : def_port {b_in[2]} LOC=H18 VCCIO=3.3 IOSTANDARD=LVCMOS33 NONE=TRUE
C: ConstraintEditor-2002: [C:/Users/Datou21/Desktop/PDS/back1/cnn_usb_copy/prj_pds/device_map/hdmi_loop.pcf(line number: 89)] | Port b_in[2] has been placed at location H18, whose type is share pin.
Executing : def_port {b_in[2]} LOC=H18 VCCIO=3.3 IOSTANDARD=LVCMOS33 NONE=TRUE successfully
Executing : def_port {b_in[3]} LOC=J18 VCCIO=3.3 IOSTANDARD=LVCMOS33 NONE=TRUE
C: ConstraintEditor-2002: [C:/Users/Datou21/Desktop/PDS/back1/cnn_usb_copy/prj_pds/device_map/hdmi_loop.pcf(line number: 90)] | Port b_in[3] has been placed at location J18, whose type is share pin.
Executing : def_port {b_in[3]} LOC=J18 VCCIO=3.3 IOSTANDARD=LVCMOS33 NONE=TRUE successfully
Executing : def_port {b_in[4]} LOC=J21 VCCIO=3.3 IOSTANDARD=LVCMOS33 NONE=TRUE
Executing : def_port {b_in[4]} LOC=J21 VCCIO=3.3 IOSTANDARD=LVCMOS33 NONE=TRUE successfully
Executing : def_port {b_in[5]} LOC=H23 VCCIO=3.3 IOSTANDARD=LVCMOS33 NONE=TRUE
Executing : def_port {b_in[5]} LOC=H23 VCCIO=3.3 IOSTANDARD=LVCMOS33 NONE=TRUE successfully
Executing : def_port {b_in[6]} LOC=J23 VCCIO=3.3 IOSTANDARD=LVCMOS33 NONE=TRUE
Executing : def_port {b_in[6]} LOC=J23 VCCIO=3.3 IOSTANDARD=LVCMOS33 NONE=TRUE successfully
Executing : def_port {b_in[7]} LOC=H24 VCCIO=3.3 IOSTANDARD=LVCMOS33 NONE=TRUE
C: ConstraintEditor-2002: [C:/Users/Datou21/Desktop/PDS/back1/cnn_usb_copy/prj_pds/device_map/hdmi_loop.pcf(line number: 94)] | Port b_in[7] has been placed at location H24, whose type is share pin.
Executing : def_port {b_in[7]} LOC=H24 VCCIO=3.3 IOSTANDARD=LVCMOS33 NONE=TRUE successfully
Executing : def_port {clk_n} LOC=N2 VCCIO=1.5 IOSTANDARD=HSTL15D_I NONE=TRUE
Executing : def_port {clk_n} LOC=N2 VCCIO=1.5 IOSTANDARD=HSTL15D_I NONE=TRUE successfully
Executing : def_port {clk_p} LOC=N3 VCCIO=1.5 IOSTANDARD=HSTL15D_I NONE=TRUE
Executing : def_port {clk_p} LOC=N3 VCCIO=1.5 IOSTANDARD=HSTL15D_I NONE=TRUE successfully
Executing : def_port {de_in} LOC=M16 VCCIO=3.3 IOSTANDARD=LVCMOS33 NONE=TRUE
Executing : def_port {de_in} LOC=M16 VCCIO=3.3 IOSTANDARD=LVCMOS33 NONE=TRUE successfully
Executing : def_port {g_in[0]} LOC=J24 VCCIO=3.3 IOSTANDARD=LVCMOS33 NONE=TRUE
C: ConstraintEditor-2002: [C:/Users/Datou21/Desktop/PDS/back1/cnn_usb_copy/prj_pds/device_map/hdmi_loop.pcf(line number: 98)] | Port g_in[0] has been placed at location J24, whose type is share pin.
Executing : def_port {g_in[0]} LOC=J24 VCCIO=3.3 IOSTANDARD=LVCMOS33 NONE=TRUE successfully
Executing : def_port {g_in[1]} LOC=K23 VCCIO=3.3 IOSTANDARD=LVCMOS33 NONE=TRUE
C: ConstraintEditor-2002: [C:/Users/Datou21/Desktop/PDS/back1/cnn_usb_copy/prj_pds/device_map/hdmi_loop.pcf(line number: 99)] | Port g_in[1] has been placed at location K23, whose type is share pin.
Executing : def_port {g_in[1]} LOC=K23 VCCIO=3.3 IOSTANDARD=LVCMOS33 NONE=TRUE successfully
Executing : def_port {g_in[2]} LOC=K22 VCCIO=3.3 IOSTANDARD=LVCMOS33 NONE=TRUE
C: ConstraintEditor-2002: [C:/Users/Datou21/Desktop/PDS/back1/cnn_usb_copy/prj_pds/device_map/hdmi_loop.pcf(line number: 100)] | Port g_in[2] has been placed at location K22, whose type is share pin.
Executing : def_port {g_in[2]} LOC=K22 VCCIO=3.3 IOSTANDARD=LVCMOS33 NONE=TRUE successfully
Executing : def_port {g_in[3]} LOC=J16 VCCIO=3.3 IOSTANDARD=LVCMOS33 NONE=TRUE
C: ConstraintEditor-2002: [C:/Users/Datou21/Desktop/PDS/back1/cnn_usb_copy/prj_pds/device_map/hdmi_loop.pcf(line number: 101)] | Port g_in[3] has been placed at location J16, whose type is share pin.
Executing : def_port {g_in[3]} LOC=J16 VCCIO=3.3 IOSTANDARD=LVCMOS33 NONE=TRUE successfully
Executing : def_port {g_in[4]} LOC=K15 VCCIO=3.3 IOSTANDARD=LVCMOS33 NONE=TRUE
C: ConstraintEditor-2002: [C:/Users/Datou21/Desktop/PDS/back1/cnn_usb_copy/prj_pds/device_map/hdmi_loop.pcf(line number: 102)] | Port g_in[4] has been placed at location K15, whose type is share pin.
Executing : def_port {g_in[4]} LOC=K15 VCCIO=3.3 IOSTANDARD=LVCMOS33 NONE=TRUE successfully
Executing : def_port {g_in[5]} LOC=K17 VCCIO=3.3 IOSTANDARD=LVCMOS33 NONE=TRUE
C: ConstraintEditor-2002: [C:/Users/Datou21/Desktop/PDS/back1/cnn_usb_copy/prj_pds/device_map/hdmi_loop.pcf(line number: 103)] | Port g_in[5] has been placed at location K17, whose type is share pin.
Executing : def_port {g_in[5]} LOC=K17 VCCIO=3.3 IOSTANDARD=LVCMOS33 NONE=TRUE successfully
Executing : def_port {g_in[6]} LOC=K16 VCCIO=3.3 IOSTANDARD=LVCMOS33 NONE=TRUE
C: ConstraintEditor-2002: [C:/Users/Datou21/Desktop/PDS/back1/cnn_usb_copy/prj_pds/device_map/hdmi_loop.pcf(line number: 104)] | Port g_in[6] has been placed at location K16, whose type is share pin.
Executing : def_port {g_in[6]} LOC=K16 VCCIO=3.3 IOSTANDARD=LVCMOS33 NONE=TRUE successfully
Executing : def_port {g_in[7]} LOC=L15 VCCIO=3.3 IOSTANDARD=LVCMOS33 NONE=TRUE
C: ConstraintEditor-2002: [C:/Users/Datou21/Desktop/PDS/back1/cnn_usb_copy/prj_pds/device_map/hdmi_loop.pcf(line number: 105)] | Port g_in[7] has been placed at location L15, whose type is share pin.
Executing : def_port {g_in[7]} LOC=L15 VCCIO=3.3 IOSTANDARD=LVCMOS33 NONE=TRUE successfully
Executing : def_port {hs_in} LOC=M17 VCCIO=3.3 IOSTANDARD=LVCMOS33 NONE=TRUE
C: ConstraintEditor-2001: [C:/Users/Datou21/Desktop/PDS/back1/cnn_usb_copy/prj_pds/device_map/hdmi_loop.pcf(line number: 106)] Object 'hs_in' is dangling, which has no connection. it will be ignored.
Executing : def_port {hs_in} LOC=M17 VCCIO=3.3 IOSTANDARD=LVCMOS33 NONE=TRUE failed
Executing : def_port {pixclk_in} LOC=K21 VCCIO=3.3 IOSTANDARD=LVCMOS33 NONE=TRUE
Executing : def_port {pixclk_in} LOC=K21 VCCIO=3.3 IOSTANDARD=LVCMOS33 NONE=TRUE successfully
Executing : def_port {r_in[0]} LOC=M15 VCCIO=3.3 IOSTANDARD=LVCMOS33 NONE=TRUE
C: ConstraintEditor-2002: [C:/Users/Datou21/Desktop/PDS/back1/cnn_usb_copy/prj_pds/device_map/hdmi_loop.pcf(line number: 108)] | Port r_in[0] has been placed at location M15, whose type is share pin.
Executing : def_port {r_in[0]} LOC=M15 VCCIO=3.3 IOSTANDARD=LVCMOS33 NONE=TRUE successfully
Executing : def_port {r_in[1]} LOC=H19 VCCIO=3.3 IOSTANDARD=LVCMOS33 NONE=TRUE
C: ConstraintEditor-2002: [C:/Users/Datou21/Desktop/PDS/back1/cnn_usb_copy/prj_pds/device_map/hdmi_loop.pcf(line number: 109)] | Port r_in[1] has been placed at location H19, whose type is share pin.
Executing : def_port {r_in[1]} LOC=H19 VCCIO=3.3 IOSTANDARD=LVCMOS33 NONE=TRUE successfully
Executing : def_port {r_in[2]} LOC=J19 VCCIO=3.3 IOSTANDARD=LVCMOS33 NONE=TRUE
C: ConstraintEditor-2002: [C:/Users/Datou21/Desktop/PDS/back1/cnn_usb_copy/prj_pds/device_map/hdmi_loop.pcf(line number: 110)] | Port r_in[2] has been placed at location J19, whose type is share pin.
Executing : def_port {r_in[2]} LOC=J19 VCCIO=3.3 IOSTANDARD=LVCMOS33 NONE=TRUE successfully
Executing : def_port {r_in[3]} LOC=J20 VCCIO=3.3 IOSTANDARD=LVCMOS33 NONE=TRUE
C: ConstraintEditor-2002: [C:/Users/Datou21/Desktop/PDS/back1/cnn_usb_copy/prj_pds/device_map/hdmi_loop.pcf(line number: 111)] | Port r_in[3] has been placed at location J20, whose type is share pin.
Executing : def_port {r_in[3]} LOC=J20 VCCIO=3.3 IOSTANDARD=LVCMOS33 NONE=TRUE successfully
Executing : def_port {r_in[4]} LOC=K20 VCCIO=3.3 IOSTANDARD=LVCMOS33 NONE=TRUE
C: ConstraintEditor-2002: [C:/Users/Datou21/Desktop/PDS/back1/cnn_usb_copy/prj_pds/device_map/hdmi_loop.pcf(line number: 112)] | Port r_in[4] has been placed at location K20, whose type is share pin.
Executing : def_port {r_in[4]} LOC=K20 VCCIO=3.3 IOSTANDARD=LVCMOS33 NONE=TRUE successfully
Executing : def_port {r_in[5]} LOC=G21 VCCIO=3.3 IOSTANDARD=LVCMOS33 NONE=TRUE
Executing : def_port {r_in[5]} LOC=G21 VCCIO=3.3 IOSTANDARD=LVCMOS33 NONE=TRUE successfully
Executing : def_port {r_in[6]} LOC=G20 VCCIO=3.3 IOSTANDARD=LVCMOS33 NONE=TRUE
Executing : def_port {r_in[6]} LOC=G20 VCCIO=3.3 IOSTANDARD=LVCMOS33 NONE=TRUE successfully
Executing : def_port {r_in[7]} LOC=H22 VCCIO=3.3 IOSTANDARD=LVCMOS33 NONE=TRUE
Executing : def_port {r_in[7]} LOC=H22 VCCIO=3.3 IOSTANDARD=LVCMOS33 NONE=TRUE successfully
Executing : def_port {rst_n} LOC=C22 VCCIO=3.3 IOSTANDARD=LVCMOS33 NONE=TRUE
Executing : def_port {rst_n} LOC=C22 VCCIO=3.3 IOSTANDARD=LVCMOS33 NONE=TRUE successfully
Executing : def_port {sys_clk} LOC=D18 VCCIO=3.3 IOSTANDARD=LVCMOS33 NONE=TRUE
Executing : def_port {sys_clk} LOC=D18 VCCIO=3.3 IOSTANDARD=LVCMOS33 NONE=TRUE successfully
Executing : def_port {vs_in} LOC=M14 VCCIO=3.3 IOSTANDARD=LVCMOS33 NONE=TRUE
Executing : def_port {vs_in} LOC=M14 VCCIO=3.3 IOSTANDARD=LVCMOS33 NONE=TRUE successfully
Executing : def_inst_site {u_ddr_video_delay_sync/u_ddr3_test/u_ddrphy_top/ddrphy_reset_ctrl/ddrphy_ioclk_gate[0]/opit_0_inv} CLMA_717_672 FF3
Executing : def_inst_site {u_ddr_video_delay_sync/u_ddr3_test/u_ddrphy_top/ddrphy_reset_ctrl/ddrphy_ioclk_gate[0]/opit_0_inv} CLMA_717_672 FF3 successfully
Executing : def_inst_site {u_ddr_video_delay_sync/u_ddr3_test/u_ddrphy_top/ddrphy_reset_ctrl/ddrphy_ioclk_gate[1]/opit_0_inv} CLMA_717_978 FF3
Executing : def_inst_site {u_ddr_video_delay_sync/u_ddr3_test/u_ddrphy_top/ddrphy_reset_ctrl/ddrphy_ioclk_gate[1]/opit_0_inv} CLMA_717_978 FF3 successfully
Executing : def_inst_site {u_ddr_video_delay_sync/u_ddr3_test/u_ddrphy_top/u_ddrphy_cpd/cpd_inst} DDRPHY_CPD_729_772
Executing : def_inst_site {u_ddr_video_delay_sync/u_ddr3_test/u_ddrphy_top/u_ddrphy_cpd/cpd_inst} DDRPHY_CPD_729_772 successfully
Constraint check end.
NOTE: The technology fpga was specified.
NOTE: delay_model specified was generic_cmos.
NOTE: Using the fpga syntax tables...
Totals:
 Calls to malloc = 0
 Calls to calloc = 5993935

I: Column Clock Check open.
Read Column Clock Map.

Placement started.
Phase 1 Pre global placement started.
Mapping instance GRS_INST/grs_ccs to CCS_75_622.
Mapping instance u_CORES/u_GTP_SCANCHAIN_PG/scanchain to SCANCHAIN_76_618.
Mapping instance u_ddr_video_delay_sync/u_ddr3_test/u_ddrphy_top/ddrphy_gpll/u_gpll/gpll_inst to GPLL_727_769.
Mapping instance u_ms72/u_gpll/gpll_inst to GPLL_7_1381.
Mapping instance u_pll/u_gpll/gpll_inst to GPLL_7_1075.
Mapping instance u_ddr_video_delay_sync/u_ddr3_test/u_ddrphy_top/ddrphy_slice_top/i_dqs_bank[0].u_ddrphy_ioclkdiv/ddrphy_ioclk_div_inst to DDRPHY_IOCLK_DIV_728_616.
Mapping instance u_ddr_video_delay_sync/u_ddr3_test/u_ddrphy_top/ddrphy_slice_top/i_dqs_bank[0].ddrphy_ppll/u_ppll/ppll_inst to PPLL_727_613.
Mapping instance u_ddr_video_delay_sync/u_ddr3_test/u_ddrphy_top/ddrphy_slice_top/i_ca_group[0].u_ddc_ca/ddc_inst to DDR_PHY_729_769.
Mapping instance u_ddr_video_delay_sync/u_ddr3_test/u_ddrphy_top/ddrphy_slice_top/i_ca_group[1].u_ddc_ca/ddc_inst to DDR_PHY_729_615.
Mapping instance u_ddr_video_delay_sync/u_ddr3_test/u_ddrphy_top/ddrphy_slice_top/i_ca_group[2].u_ddc_ca/ddc_inst to DDR_PHY_729_613.
Mapping instance u_ddr_video_delay_sync/u_ddr3_test/u_ddrphy_top/ddrphy_slice_top/i_dqs_bank[1].u_ddrphy_ioclkdiv/ddrphy_ioclk_div_inst to DDRPHY_IOCLK_DIV_728_922.
Mapping instance u_ddr_video_delay_sync/u_ddr3_test/u_ddrphy_top/ddrphy_slice_top/i_dqs_bank[1].ddrphy_ppll/u_ppll/ppll_inst to PPLL_727_919.
Mapping instance u_ddr_video_delay_sync/u_ddr3_test/u_ddrphy_top/ddrphy_slice_top/i_dqs_group[0].ddrphy_data_slice/u_ddc_dq/ddc_inst_PHY to DDR_PHY_729_1075.
Mapping instance u_ddr_video_delay_sync/u_ddr3_test/u_ddrphy_top/ddrphy_slice_top/i_dqs_group[1].ddrphy_data_slice/u_ddc_dq/ddc_inst_PHY to DDR_PHY_729_1077.
Mapping instance u_ddr_video_delay_sync/u_ddr3_test/u_ddrphy_top/ddrphy_slice_top/i_dqs_group[2].ddrphy_data_slice/u_ddc_dq/ddc_inst_PHY to DDR_PHY_729_921.
Mapping instance u_ddr_video_delay_sync/u_ddr3_test/u_ddrphy_top/ddrphy_slice_top/i_dqs_group[3].ddrphy_data_slice/u_ddc_dq/ddc_inst_PHY to DDR_PHY_729_919.
Phase 1.1 1st GP placement started.
Design Utilization : 34%.
Build SRB system takes 2.45 sec.
Wirelength after clock region global placement is 832691 and checksum is 6E3721B62437A6A1.
1st GP placement takes 12.33 sec.

Phase 1.2 Clock placement started.
Mapping instance u_ddr_video_delay_sync/u_ddr3_test/u_ddrphy_top/ddrphy_slice_top/i_dqs_bank[0].u_clkbufr/goprclk to RCKB_723_762.
Mapping instance u_ddr_video_delay_sync/u_ddr3_test/u_ddrphy_top/ddrphy_slice_top/i_dqs_bank[1].u_clkbufr/goprclk to RCKB_723_1068.
Mapping instance u_ddr_video_delay_sync/u_ddr3_test/u_ddrphy_top/u_clkbufm/clkbufm_inst to MRCKB_721_762.
Mapping instance clkbufg_3/gopclkbufg to USCM_383_930.
Mapping instance clkbufg_4/gopclkbufg to USCM_383_933.
Mapping instance u_ddr_video_delay_sync/u_ddr3_test/u_ddrphy_top/u_sysclk_bufg/gopclkbufg to USCM_383_882.
Mapping instance clkbufg_6/gopclkbufg to USCM_383_936.
Mapping instance clkbufg_7/gopclkbufg to USCM_383_939.
Mapping instance u_ddr_video_delay_sync/u_ddr3_test/u_ddrphy_top/rst_clk_gpll/u_gpll/gpll_inst to GPLL_7_769.
Mapping instance u_ddr_video_delay_sync/u_ddr3_test/u_ddrphy_top/u_rst_clk_bufg/gopclkbufg to USCM_383_885.
C: Place-2028: GLOBAL_CLOCK: the driver u_CORES/u_GTP_SCANCHAIN_PG/scanchain fixed at SCANCHAIN_76_618 is unreasonable. Sub-optimal placement for a clock source and a clock buffer.
Mapping instance clkbufg_5/gopclkbufg to USCM_383_888.
Clock placement takes 0.81 sec.

Wirelength after Pre Global Placement is 832691 and checksum is 6E3721B62437A6A1.
Pre global placement takes 14.44 sec.

Phase 2 Global placement started.
Phase 2.1 Fixed placement started.
First map gop timing takes 7.23 sec
Init coarse delay table.
Read place coarse delay table takes 1.19 sec.
Placed fixed group with base inst b_in_ibuf[0]/opit_1 on IOLHR_16_1122.
Placed fixed group with base inst b_in_ibuf[1]/opit_1 on IOLHR_16_1128.
Placed fixed group with base inst b_in_ibuf[2]/opit_1 on IOLHR_16_1098.
Placed fixed group with base inst b_in_ibuf[3]/opit_1 on IOLHR_16_1104.
Placed fixed group with base inst b_in_ibuf[4]/opit_1 on IOLHR_16_1074.
Placed fixed group with base inst b_in_ibuf[5]/opit_1 on IOLHR_16_1044.
Placed fixed group with base inst b_in_ibuf[6]/opit_1 on IOLHR_16_1050.
Placed fixed group with base inst b_in_ibuf[7]/opit_1 on IOLHR_16_1020.
Placed fixed group with base inst ddr_init_done_obuf/opit_1 on IOLHR_16_1380.
Placed fixed group with base inst de_in_ibuf/opit_1 on IOLHR_16_1152.
Placed fixed group with base inst g_in_ibuf[0]/opit_1 on IOLHR_16_1026.
Placed fixed group with base inst g_in_ibuf[1]/opit_1 on IOLHR_16_996.
Placed fixed group with base inst g_in_ibuf[2]/opit_1 on IOLHR_16_1002.
Placed fixed group with base inst g_in_ibuf[3]/opit_1 on IOLHR_16_1206.
Placed fixed group with base inst g_in_ibuf[4]/opit_1 on IOLHR_16_1212.
Placed fixed group with base inst g_in_ibuf[5]/opit_1 on IOLHR_16_1182.
Placed fixed group with base inst g_in_ibuf[6]/opit_1 on IOLHR_16_1188.
Placed fixed group with base inst g_in_ibuf[7]/opit_1 on IOLHR_16_1158.
Placed fixed group with base inst hd_scl_obuf/opit_1 on IOLHR_16_1194.
Placed fixed group with base inst led_int_obuf/opit_1 on IOLHR_16_1338.
Placed fixed group with base inst mem_rst_n_obuf/opit_1 on IOLHR_724_792.
Placed fixed group with base inst ms72xx_ctl.iic_sda_tri/opit_1 on IOLHR_16_1200.
Placed fixed group with base inst pixclk_in_ibuf/opit_1 on IOLHR_16_1080.
Placed fixed group with base inst r_in_ibuf[0]/opit_1 on IOLHR_16_1164.
Placed fixed group with base inst r_in_ibuf[1]/opit_1 on IOLHR_16_1134.
Placed fixed group with base inst r_in_ibuf[2]/opit_1 on IOLHR_16_1140.
Placed fixed group with base inst r_in_ibuf[3]/opit_1 on IOLHR_16_1110.
Placed fixed group with base inst r_in_ibuf[4]/opit_1 on IOLHR_16_1116.
Placed fixed group with base inst r_in_ibuf[5]/opit_1 on IOLHR_16_1086.
Placed fixed group with base inst r_in_ibuf[6]/opit_1 on IOLHR_16_1092.
Placed fixed group with base inst r_in_ibuf[7]/opit_1 on IOLHR_16_1056.
Placed fixed group with base inst rgb2tmds/clockserializer/OutputBuffer/opit_2 on IOLHR_16_756.
Placed fixed group with base inst rgb2tmds/encoder[0].dataserializer/OutputBuffer/opit_2 on IOLHR_16_684.
Placed fixed group with base inst rgb2tmds/encoder[1].dataserializer/OutputBuffer/opit_2 on IOLHR_16_708.
Placed fixed group with base inst rgb2tmds/encoder[2].dataserializer/OutputBuffer/opit_2 on IOLHR_16_732.
Placed fixed group with base inst rst_n_ibuf/opit_1 on IOLHR_16_1296.
Placed fixed group with base inst rstn_out_obuf/opit_1 on IOLHR_16_942.
Placed fixed group with base inst sys_clk_ibuf/opit_1 on IOLHR_16_1386.
Placed fixed group with base inst u_ddr_refclk_buf/opit_2 on IOLHR_724_774.
Placed fixed group with base inst u_ddr_video_delay_sync/u_ddr3_test/u_ddrphy_top/ddrphy_slice_top/i_dqs_group[0].ddrphy_data_slice/dq_loop[0].u_iobuf_dq/opit_1 on IOLHR_724_1080.
Placed fixed group with base inst u_ddr_video_delay_sync/u_ddr3_test/u_ddrphy_top/ddrphy_slice_top/i_dqs_group[0].ddrphy_data_slice/dq_loop[1].u_iobuf_dq/opit_1 on IOLHR_724_1140.
Placed fixed group with base inst u_ddr_video_delay_sync/u_ddr3_test/u_ddrphy_top/ddrphy_slice_top/i_dqs_group[0].ddrphy_data_slice/dq_loop[2].u_iobuf_dq/opit_1 on IOLHR_724_1074.
Placed fixed group with base inst u_ddr_video_delay_sync/u_ddr3_test/u_ddrphy_top/ddrphy_slice_top/i_dqs_group[0].ddrphy_data_slice/dq_loop[3].u_iobuf_dq/opit_1 on IOLHR_724_1128.
Placed fixed group with base inst u_ddr_video_delay_sync/u_ddr3_test/u_ddrphy_top/ddrphy_slice_top/i_dqs_group[0].ddrphy_data_slice/dq_loop[4].u_iobuf_dq/opit_1 on IOLHR_724_1092.
Placed fixed group with base inst u_ddr_video_delay_sync/u_ddr3_test/u_ddrphy_top/ddrphy_slice_top/i_dqs_group[0].ddrphy_data_slice/dq_loop[5].u_iobuf_dq/opit_1 on IOLHR_724_1104.
Placed fixed group with base inst u_ddr_video_delay_sync/u_ddr3_test/u_ddrphy_top/ddrphy_slice_top/i_dqs_group[0].ddrphy_data_slice/dq_loop[6].u_iobuf_dq/opit_1 on IOLHR_724_1086.
Placed fixed group with base inst u_ddr_video_delay_sync/u_ddr3_test/u_ddrphy_top/ddrphy_slice_top/i_dqs_group[0].ddrphy_data_slice/dq_loop[7].u_iobuf_dq/opit_1 on IOLHR_724_1134.
Placed fixed group with base inst u_ddr_video_delay_sync/u_ddr3_test/u_ddrphy_top/ddrphy_slice_top/i_dqs_group[0].ddrphy_data_slice/genblk1.u_iobufco_dqs/opit_2 on IOLHR_724_1116.
Placed fixed group with base inst u_ddr_video_delay_sync/u_ddr3_test/u_ddrphy_top/ddrphy_slice_top/i_dqs_group[0].ddrphy_data_slice/u_outbuft_dm/opit_1 on IOLHR_724_1098.
Placed fixed group with base inst u_ddr_video_delay_sync/u_ddr3_test/u_ddrphy_top/ddrphy_slice_top/i_dqs_group[1].ddrphy_data_slice/dq_loop[0].u_iobuf_dq/opit_1 on IOLHR_724_1164.
Placed fixed group with base inst u_ddr_video_delay_sync/u_ddr3_test/u_ddrphy_top/ddrphy_slice_top/i_dqs_group[1].ddrphy_data_slice/dq_loop[1].u_iobuf_dq/opit_1 on IOLHR_724_1176.
Placed fixed group with base inst u_ddr_video_delay_sync/u_ddr3_test/u_ddrphy_top/ddrphy_slice_top/i_dqs_group[1].ddrphy_data_slice/dq_loop[2].u_iobuf_dq/opit_1 on IOLHR_724_1200.
Placed fixed group with base inst u_ddr_video_delay_sync/u_ddr3_test/u_ddrphy_top/ddrphy_slice_top/i_dqs_group[1].ddrphy_data_slice/dq_loop[3].u_iobuf_dq/opit_1 on IOLHR_724_1206.
Placed fixed group with base inst u_ddr_video_delay_sync/u_ddr3_test/u_ddrphy_top/ddrphy_slice_top/i_dqs_group[1].ddrphy_data_slice/dq_loop[4].u_iobuf_dq/opit_1 on IOLHR_724_1194.
Placed fixed group with base inst u_ddr_video_delay_sync/u_ddr3_test/u_ddrphy_top/ddrphy_slice_top/i_dqs_group[1].ddrphy_data_slice/dq_loop[5].u_iobuf_dq/opit_1 on IOLHR_724_1212.
Placed fixed group with base inst u_ddr_video_delay_sync/u_ddr3_test/u_ddrphy_top/ddrphy_slice_top/i_dqs_group[1].ddrphy_data_slice/dq_loop[6].u_iobuf_dq/opit_1 on IOLHR_724_1152.
Placed fixed group with base inst u_ddr_video_delay_sync/u_ddr3_test/u_ddrphy_top/ddrphy_slice_top/i_dqs_group[1].ddrphy_data_slice/dq_loop[7].u_iobuf_dq/opit_1 on IOLHR_724_1158.
Placed fixed group with base inst u_ddr_video_delay_sync/u_ddr3_test/u_ddrphy_top/ddrphy_slice_top/i_dqs_group[1].ddrphy_data_slice/genblk1.u_iobufco_dqs/opit_2 on IOLHR_724_1188.
Placed fixed group with base inst u_ddr_video_delay_sync/u_ddr3_test/u_ddrphy_top/ddrphy_slice_top/i_dqs_group[1].ddrphy_data_slice/u_outbuft_dm/opit_1 on IOLHR_724_1170.
Placed fixed group with base inst u_ddr_video_delay_sync/u_ddr3_test/u_ddrphy_top/ddrphy_slice_top/i_dqs_group[2].ddrphy_data_slice/dq_loop[0].u_iobuf_dq/opit_1 on IOLHR_724_1044.
Placed fixed group with base inst u_ddr_video_delay_sync/u_ddr3_test/u_ddrphy_top/ddrphy_slice_top/i_dqs_group[2].ddrphy_data_slice/dq_loop[1].u_iobuf_dq/opit_1 on IOLHR_724_1050.
Placed fixed group with base inst u_ddr_video_delay_sync/u_ddr3_test/u_ddrphy_top/ddrphy_slice_top/i_dqs_group[2].ddrphy_data_slice/dq_loop[2].u_iobuf_dq/opit_1 on IOLHR_724_1020.
Placed fixed group with base inst u_ddr_video_delay_sync/u_ddr3_test/u_ddrphy_top/ddrphy_slice_top/i_dqs_group[2].ddrphy_data_slice/dq_loop[3].u_iobuf_dq/opit_1 on IOLHR_724_996.
Placed fixed group with base inst u_ddr_video_delay_sync/u_ddr3_test/u_ddrphy_top/ddrphy_slice_top/i_dqs_group[2].ddrphy_data_slice/dq_loop[4].u_iobuf_dq/opit_1 on IOLHR_724_1008.
Placed fixed group with base inst u_ddr_video_delay_sync/u_ddr3_test/u_ddrphy_top/ddrphy_slice_top/i_dqs_group[2].ddrphy_data_slice/dq_loop[5].u_iobuf_dq/opit_1 on IOLHR_724_1002.
Placed fixed group with base inst u_ddr_video_delay_sync/u_ddr3_test/u_ddrphy_top/ddrphy_slice_top/i_dqs_group[2].ddrphy_data_slice/dq_loop[6].u_iobuf_dq/opit_1 on IOLHR_724_1026.
Placed fixed group with base inst u_ddr_video_delay_sync/u_ddr3_test/u_ddrphy_top/ddrphy_slice_top/i_dqs_group[2].ddrphy_data_slice/dq_loop[7].u_iobuf_dq/opit_1 on IOLHR_724_1014.
Placed fixed group with base inst u_ddr_video_delay_sync/u_ddr3_test/u_ddrphy_top/ddrphy_slice_top/i_dqs_group[2].ddrphy_data_slice/genblk1.u_iobufco_dqs/opit_2 on IOLHR_724_1038.
Placed fixed group with base inst u_ddr_video_delay_sync/u_ddr3_test/u_ddrphy_top/ddrphy_slice_top/i_dqs_group[2].ddrphy_data_slice/u_outbuft_dm/opit_1 on IOLHR_724_1056.
Placed fixed group with base inst u_ddr_video_delay_sync/u_ddr3_test/u_ddrphy_top/ddrphy_slice_top/i_dqs_group[3].ddrphy_data_slice/dq_loop[0].u_iobuf_dq/opit_1 on IOLHR_724_954.
Placed fixed group with base inst u_ddr_video_delay_sync/u_ddr3_test/u_ddrphy_top/ddrphy_slice_top/i_dqs_group[3].ddrphy_data_slice/dq_loop[1].u_iobuf_dq/opit_1 on IOLHR_724_936.
Placed fixed group with base inst u_ddr_video_delay_sync/u_ddr3_test/u_ddrphy_top/ddrphy_slice_top/i_dqs_group[3].ddrphy_data_slice/dq_loop[2].u_iobuf_dq/opit_1 on IOLHR_724_924.
Placed fixed group with base inst u_ddr_video_delay_sync/u_ddr3_test/u_ddrphy_top/ddrphy_slice_top/i_dqs_group[3].ddrphy_data_slice/dq_loop[3].u_iobuf_dq/opit_1 on IOLHR_724_972.
Placed fixed group with base inst u_ddr_video_delay_sync/u_ddr3_test/u_ddrphy_top/ddrphy_slice_top/i_dqs_group[3].ddrphy_data_slice/dq_loop[4].u_iobuf_dq/opit_1 on IOLHR_724_942.
Placed fixed group with base inst u_ddr_video_delay_sync/u_ddr3_test/u_ddrphy_top/ddrphy_slice_top/i_dqs_group[3].ddrphy_data_slice/dq_loop[5].u_iobuf_dq/opit_1 on IOLHR_724_978.
Placed fixed group with base inst u_ddr_video_delay_sync/u_ddr3_test/u_ddrphy_top/ddrphy_slice_top/i_dqs_group[3].ddrphy_data_slice/dq_loop[6].u_iobuf_dq/opit_1 on IOLHR_724_930.
Placed fixed group with base inst u_ddr_video_delay_sync/u_ddr3_test/u_ddrphy_top/ddrphy_slice_top/i_dqs_group[3].ddrphy_data_slice/dq_loop[7].u_iobuf_dq/opit_1 on IOLHR_724_990.
Placed fixed group with base inst u_ddr_video_delay_sync/u_ddr3_test/u_ddrphy_top/ddrphy_slice_top/i_dqs_group[3].ddrphy_data_slice/genblk1.u_iobufco_dqs/opit_2 on IOLHR_724_966.
Placed fixed group with base inst u_ddr_video_delay_sync/u_ddr3_test/u_ddrphy_top/ddrphy_slice_top/i_dqs_group[3].ddrphy_data_slice/u_outbuft_dm/opit_1 on IOLHR_724_948.
Placed fixed group with base inst u_ddr_video_delay_sync/u_ddr3_test/u_ddrphy_top/ddrphy_slice_top/i_mem_addr_0[0].u_outbuft_addr0/opit_1 on IOLHR_724_828.
Placed fixed group with base inst u_ddr_video_delay_sync/u_ddr3_test/u_ddrphy_top/ddrphy_slice_top/i_mem_addr_0[1].u_outbuft_addr0/opit_1 on IOLHR_724_822.
Placed fixed group with base inst u_ddr_video_delay_sync/u_ddr3_test/u_ddrphy_top/ddrphy_slice_top/i_mem_addr_0[2].u_outbuft_addr0/opit_1 on IOLHR_724_780.
Placed fixed group with base inst u_ddr_video_delay_sync/u_ddr3_test/u_ddrphy_top/ddrphy_slice_top/i_mem_addr_0[3].u_outbuft_addr0/opit_1 on IOLHR_724_750.
Placed fixed group with base inst u_ddr_video_delay_sync/u_ddr3_test/u_ddrphy_top/ddrphy_slice_top/i_mem_addr_0[4].u_outbuft_addr0/opit_1 on IOLHR_724_708.
Placed fixed group with base inst u_ddr_video_delay_sync/u_ddr3_test/u_ddrphy_top/ddrphy_slice_top/i_mem_addr_0[5].u_outbuft_addr0/opit_1 on IOLHR_724_804.
Placed fixed group with base inst u_ddr_video_delay_sync/u_ddr3_test/u_ddrphy_top/ddrphy_slice_top/i_mem_addr_0[6].u_outbuft_addr0/opit_1 on IOLHR_724_690.
Placed fixed group with base inst u_ddr_video_delay_sync/u_ddr3_test/u_ddrphy_top/ddrphy_slice_top/i_mem_addr_0[7].u_outbuft_addr0/opit_1 on IOLHR_724_834.
Placed fixed group with base inst u_ddr_video_delay_sync/u_ddr3_test/u_ddrphy_top/ddrphy_slice_top/i_mem_addr_0[8].u_outbuft_addr0/opit_1 on IOLHR_724_696.
Placed fixed group with base inst u_ddr_video_delay_sync/u_ddr3_test/u_ddrphy_top/ddrphy_slice_top/i_mem_addr_0[9].u_outbuft_addr0/opit_1 on IOLHR_724_816.
Placed fixed group with base inst u_ddr_video_delay_sync/u_ddr3_test/u_ddrphy_top/ddrphy_slice_top/i_mem_addr_0[10].u_outbuft_addr0/opit_1 on IOLHR_724_714.
Placed fixed group with base inst u_ddr_video_delay_sync/u_ddr3_test/u_ddrphy_top/ddrphy_slice_top/i_mem_addr_0[11].u_outbuft_addr0/opit_1 on IOLHR_724_726.
Placed fixed group with base inst u_ddr_video_delay_sync/u_ddr3_test/u_ddrphy_top/ddrphy_slice_top/i_mem_addr_0[12].u_outbuft_addr0/opit_1 on IOLHR_724_720.
Placed fixed group with base inst u_ddr_video_delay_sync/u_ddr3_test/u_ddrphy_top/ddrphy_slice_top/i_mem_addr_0[13].u_outbuft_addr0/opit_1 on IOLHR_724_786.
Placed fixed group with base inst u_ddr_video_delay_sync/u_ddr3_test/u_ddrphy_top/ddrphy_slice_top/i_mem_addr_0[14].u_outbuft_addr0/opit_1 on IOLHR_724_810.
Placed fixed group with base inst u_ddr_video_delay_sync/u_ddr3_test/u_ddrphy_top/ddrphy_slice_top/k_mem_ba[0].u_outbuft_ba/opit_1 on IOLHR_724_744.
Placed fixed group with base inst u_ddr_video_delay_sync/u_ddr3_test/u_ddrphy_top/ddrphy_slice_top/k_mem_ba[1].u_outbuft_ba/opit_1 on IOLHR_724_702.
Placed fixed group with base inst u_ddr_video_delay_sync/u_ddr3_test/u_ddrphy_top/ddrphy_slice_top/k_mem_ba[2].u_outbuft_ba/opit_1 on IOLHR_724_672.
Placed fixed group with base inst u_ddr_video_delay_sync/u_ddr3_test/u_ddrphy_top/ddrphy_slice_top/u_outbuft_casn/opit_1 on IOLHR_724_618.
Placed fixed group with base inst u_ddr_video_delay_sync/u_ddr3_test/u_ddrphy_top/ddrphy_slice_top/u_outbuft_cke/opit_1 on IOLHR_724_732.
Placed fixed group with base inst u_ddr_video_delay_sync/u_ddr3_test/u_ddrphy_top/ddrphy_slice_top/u_outbuft_csn/opit_1 on IOLHR_724_738.
Placed fixed group with base inst u_ddr_video_delay_sync/u_ddr3_test/u_ddrphy_top/ddrphy_slice_top/u_outbuft_odt/opit_1 on IOLHR_724_798.
Placed fixed group with base inst u_ddr_video_delay_sync/u_ddr3_test/u_ddrphy_top/ddrphy_slice_top/u_outbuft_rasn/opit_1 on IOLHR_724_684.
Placed fixed group with base inst u_ddr_video_delay_sync/u_ddr3_test/u_ddrphy_top/ddrphy_slice_top/u_outbuft_wen/opit_1 on IOLHR_724_624.
Placed fixed group with base inst u_ddr_video_delay_sync/u_ddr3_test/u_ddrphy_top/ddrphy_slice_top/u_outbuftco_ck/opit_3 on IOLHR_724_660.
Placed fixed group with base inst vs_in_ibuf/opit_1 on IOLHR_16_1176.
Placed fixed instance u_ddr_video_delay_sync/u_ddr3_test/u_ddrphy_top/ddrphy_reset_ctrl/ddrphy_ioclk_gate[0]/opit_0_inv on CLMA_717_672.
Placed fixed instance u_ddr_video_delay_sync/u_ddr3_test/u_ddrphy_top/ddrphy_reset_ctrl/ddrphy_ioclk_gate[1]/opit_0_inv on CLMA_717_978.
Placed fixed instance GRS_INST/grs_ccs on CCS_75_622.
Placed fixed instance clkbufg_3/gopclkbufg on USCM_383_930.
Placed fixed instance clkbufg_4/gopclkbufg on USCM_383_933.
Placed fixed instance clkbufg_5/gopclkbufg on USCM_383_888.
Placed fixed instance clkbufg_6/gopclkbufg on USCM_383_936.
Placed fixed instance clkbufg_7/gopclkbufg on USCM_383_939.
Placed fixed instance u_CORES/u_GTP_SCANCHAIN_PG/scanchain on SCANCHAIN_76_618.
Placed fixed instance u_ddr_video_delay_sync/u_ddr3_test/u_ddrphy_top/ddrphy_gpll/u_gpll/gpll_inst on GPLL_727_769.
Placed fixed instance u_ddr_video_delay_sync/u_ddr3_test/u_ddrphy_top/ddrphy_slice_top/i_ca_group[0].u_ddc_ca/ddc_inst on DDR_PHY_729_769.
Placed fixed instance u_ddr_video_delay_sync/u_ddr3_test/u_ddrphy_top/ddrphy_slice_top/i_ca_group[1].u_ddc_ca/ddc_inst on DDR_PHY_729_615.
Placed fixed instance u_ddr_video_delay_sync/u_ddr3_test/u_ddrphy_top/ddrphy_slice_top/i_ca_group[2].u_ddc_ca/ddc_inst on DDR_PHY_729_613.
Placed fixed instance u_ddr_video_delay_sync/u_ddr3_test/u_ddrphy_top/ddrphy_slice_top/i_dqs_bank[0].ddrphy_ppll/u_ppll/ppll_inst on PPLL_727_613.
Placed fixed instance u_ddr_video_delay_sync/u_ddr3_test/u_ddrphy_top/ddrphy_slice_top/i_dqs_bank[0].u_clkbufr/goprclk on RCKB_723_762.
Placed fixed instance u_ddr_video_delay_sync/u_ddr3_test/u_ddrphy_top/ddrphy_slice_top/i_dqs_bank[0].u_ddrphy_ioclkdiv/ddrphy_ioclk_div_inst on DDRPHY_IOCLK_DIV_728_616.
Placed fixed instance u_ddr_video_delay_sync/u_ddr3_test/u_ddrphy_top/ddrphy_slice_top/i_dqs_bank[1].ddrphy_ppll/u_ppll/ppll_inst on PPLL_727_919.
Placed fixed instance u_ddr_video_delay_sync/u_ddr3_test/u_ddrphy_top/ddrphy_slice_top/i_dqs_bank[1].u_clkbufr/goprclk on RCKB_723_1068.
Placed fixed instance u_ddr_video_delay_sync/u_ddr3_test/u_ddrphy_top/ddrphy_slice_top/i_dqs_bank[1].u_ddrphy_ioclkdiv/ddrphy_ioclk_div_inst on DDRPHY_IOCLK_DIV_728_922.
Placed fixed instance u_ddr_video_delay_sync/u_ddr3_test/u_ddrphy_top/ddrphy_slice_top/i_dqs_group[0].ddrphy_data_slice/u_ddc_dq/ddc_inst_PHY on DDR_PHY_729_1075.
Placed fixed instance u_ddr_video_delay_sync/u_ddr3_test/u_ddrphy_top/ddrphy_slice_top/i_dqs_group[1].ddrphy_data_slice/u_ddc_dq/ddc_inst_PHY on DDR_PHY_729_1077.
Placed fixed instance u_ddr_video_delay_sync/u_ddr3_test/u_ddrphy_top/ddrphy_slice_top/i_dqs_group[2].ddrphy_data_slice/u_ddc_dq/ddc_inst_PHY on DDR_PHY_729_921.
Placed fixed instance u_ddr_video_delay_sync/u_ddr3_test/u_ddrphy_top/ddrphy_slice_top/i_dqs_group[3].ddrphy_data_slice/u_ddc_dq/ddc_inst_PHY on DDR_PHY_729_919.
Placed fixed instance u_ddr_video_delay_sync/u_ddr3_test/u_ddrphy_top/rst_clk_gpll/u_gpll/gpll_inst on GPLL_7_769.
Placed fixed instance u_ddr_video_delay_sync/u_ddr3_test/u_ddrphy_top/u_clkbufm/clkbufm_inst on MRCKB_721_762.
Placed fixed instance u_ddr_video_delay_sync/u_ddr3_test/u_ddrphy_top/u_ddrphy_cpd/cpd_inst on DDRPHY_CPD_729_772.
Placed fixed instance u_ddr_video_delay_sync/u_ddr3_test/u_ddrphy_top/u_rst_clk_bufg/gopclkbufg on USCM_383_885.
Placed fixed instance u_ddr_video_delay_sync/u_ddr3_test/u_ddrphy_top/u_sysclk_bufg/gopclkbufg on USCM_383_882.
Placed fixed instance u_ms72/u_gpll/gpll_inst on GPLL_7_1381.
Placed fixed instance u_pll/u_gpll/gpll_inst on GPLL_7_1075.
Placed fixed instance BKCL_auto_0 on BKCL_1_1258.
Placed fixed instance BKCL_auto_1 on BKCL_1_952.
Placed fixed instance BKCL_auto_2 on BKCL_1_646.
Placed fixed instance BKCL_auto_3 on BKCL_733_952.
Placed fixed instance BKCL_auto_4 on BKCL_733_646.
Fixed placement takes 10.17 sec.

Phase 2.2 Process placement started.
I: The IO driver of u_ddr_video_delay_sync/u_ddr3_test/u_ddrphy_top/rst_clk_gpll/u_gpll/gpll_inst(CLKIN1) is not constraint at pllpad, its clock path will pass through SRB.
Process placement takes 0.00 sec.

Phase 2.3 IO placement started.
IO placement takes 0.45 sec.

PBM start.
Total cost after SA planning is 1232325.313457.
SA total time: 5853 msec
PBM of GP end, takes 4.97 sec.
Phase 2.4 2nd GP placement started.
Run super clustering :
	Initial slack -15226.
	11 iterations finished.
	Final slack -6135.
Super clustering done.
Design Utilization : 34%.
I: GP end with result: density(0.049366)
Worst slack after global placement is 366
2nd GP placement takes 36.75 sec.

Wirelength after global placement is 779085, detour is 438 and checksum is F8AD622C2081F325.
Global placement takes 52.41 sec.

Phase 3 Post global placement started.
Phase 3.1 Macro cell placement started.
I: Process macros using "Global".
Wirelength after macro cell placement is 1127400, detour is 438 and checksum is 4FDF9A92CD643D97.
Macro cell placement takes 58.84 sec.

PBM start.
PBM of PostGP end, takes 0.00 sec.
Phase 3.2 3rd GP placement started.
Design Utilization : 34%.
I: GP end with result: density(0.000375)
Worst slack after post global placement is 355
3rd GP placement takes 12.88 sec.

Wirelength after post global placement is 987305, detour is 610 and checksum is C4767B1E22A338A4.
Packing LUT6D started.
I: LUT6D pack result: There are 7199 LUT6 in collection, pack success:340
Packing LUT6D takes 2.34 sec.
Post global placement takes 74.14 sec.

Phase 4 Legalization started.
The average distance in LP is 0.345944.
Wirelength after legalization is 1063793, detour is 610 and checksum is 960978004C383601.
Legalization takes 1.92 sec.

Phase 5 Timing-driven detailed placement started.
Phase 5.1 Replication placement started.
Worst slack before Replication Place is -446.
Replication placement takes 12.53 sec.

Wirelength after replication placement is 1063932, detour is 610 and checksum is 39098633A3973FBD.
Phase 5.2 Swapping placement started.
Worst slack before detailed placement is -446, TNS before detailed placement is -16099. 
Cost at Swap iteration 0 : -446, wslk -446, tns -15094, takes 0.61 sec.
    wire length at Swap iteration 0 : last 1070475.00, curr 1070694.00, change rate 0.02%
Cost at DP iteration 0 : -446, wslk 191, tns 0, takes 0.70 sec.
    wire length at DP iteration 0 : last 1070694.00, curr 1073086.00, change rate 0.22%
Cost at Swap iteration 1 : 191, wslk 205, tns 0, takes 0.25 sec.
    wire length at Swap iteration 1 : last 1073086.00, curr 1073135.00, change rate 0.00%
Cost at Swap iteration 2 : 205, wslk 205, tns 0, takes 0.19 sec.
    wire length at Swap iteration 2 : last 1073135.00, curr 1073144.00, change rate 0.00%
Cost at DP iteration 2 : 205, wslk 375, tns 0, takes 0.09 sec.
    wire length at DP iteration 2 : last 1073144.00, curr 1073183.00, change rate 0.00%
Cost at Swap iteration 3 : 375, wslk 375, tns 0, takes 0.11 sec.
    wire length at Swap iteration 3 : last 1073183.00, curr 1073184.00, change rate 0.00%
Cost at Swap iteration 4 : 375, wslk 375, tns 0, takes 0.22 sec.
    wire length at Swap iteration 4 : last 1073184.00, curr 1073178.00, change rate -0.00%
Cost at DP iteration 4 : 375, wslk 375, tns 0, takes 0.16 sec.
    wire length at DP iteration 4 : last 1073178.00, curr 1073156.00, change rate -0.00%
Cost at Swap iteration 5 : 375, wslk 375, tns 0, takes 0.16 sec.
    wire length at Swap iteration 5 : last 1073156.00, curr 1073156.00, change rate 0.00%
Worst slack after detailed placement is 375, TNS after detailed placement is 0. 
Swapping placement takes 4.48 sec.

I: Place-6001: Add the new FF instances CLMS_363_697(/FF1/FF) CLMA_453_702(/FF0/FF) CLMA_453_774(/FFAPP0/FF) replicated by the FF instance CLMS_363_769(/FF0/FF) .
Origin u_box_overlay_sync/video_de_out/opit_0_inv replicates:
    CLMS_363_697(/FF1/FF)  : u_box_overlay_sync/video_de_out/opit_0_inv_1(gopQ)
    CLMA_453_702(/FF0/FF)  : u_box_overlay_sync/video_de_out/opit_0_inv_2(gopQ)
    CLMA_453_774(/FFAPP0/FF)  : u_box_overlay_sync/video_de_out/opit_0_inv_3(gopQ)
I: Place-6001: Add the new FF instances CLMA_345_768(/FF3/FF) replicated by the FF instance CLMA_339_781(/FFAPP0/FF) .
Origin u_char_overlay/c_x[63][1]/opit_0 replicates:
    CLMA_345_768(/FF3/FF)  : u_char_overlay/c_x[63][1]/opit_1(gopQ)
I: Place-6001: Add the new FF instances CLMA_417_774(/FF1/FF) replicated by the FF instance CLMA_375_774(/FF2/FF) .
Origin u_char_overlay/c_y[56][0]/opit_0 replicates:
    CLMA_417_774(/FF1/FF)  : u_char_overlay/c_y[56][0]/opit_1(gopQ)
I: Place-6001: Add the new FF instances CLMA_345_744(/FF0/FF) replicated by the FF instance CLMS_321_739(/FFAPP1/FF) .
Origin u_char_overlay/c_x[50][0]/opit_0 replicates:
    CLMA_345_744(/FF0/FF)  : u_char_overlay/c_x[50][0]/opit_1(gopQ)
I: Place-6001: Add the new LUT instances CLMS_573_727(/devAL6L5Q_S) replicated by the LUT instance CLMA_531_792(/devCL6L5Q).
Origin u_crop_buffer_manager/N302[0]/LUT6D_inst replicates:
    CLMS_573_727(/devAL6L5Q_S) : u_crop_buffer_manager/N302[0]/LUT6D_inst_1(gopLUT6L5)
I: Place-6001: Add the new LUT instances CLMA_375_678(/devBL6) replicated by the LUT instance CLMS_363_679(/devDL6_S).
Origin u_char_overlay/N19632_99/LUT6_inst replicates:
    CLMA_375_678(/devBL6) : u_char_overlay/N19632_99/LUT6_inst_1(gopLUT6)
Wirelength after detailed placement is 1066642, detour is 610 and checksum is 2796CB27FCC204EF.
Timing-driven detailed placement takes 17.14 sec.

I: Replicate Registers:ms72xx_ctl/iic_dri/scl_out/opit_0_inv_1 
I: Replicate Registers:ms72xx_ctl/iic_dri/sda_out/opit_1 
Worst slack is -1025, TNS after placement is -23698.
Placement done.
Total placement takes 177.17 sec.
Finished placement.

Routing started.
Build routing arch for double attribute device.
Enter timing driven router mode.
Route thread size: 5
Building routing graph takes 8.47 sec.
Init coarse delay table.
Read place coarse delay table takes 1.16 sec.
Build SRB system takes 1.55 sec.
Setup STE netlist take 7847 msec.
Dispose control chain take 1095 msec.
Collect const net info take 606 msec.
Worst slack is -1025, TNS before route is -23698.
Total nets for routing: 97355.
Total loads for routing: 339727.
Direct connect net size: 12847
Build all design net take 3570 msec.
Processing design graph takes 13.14 sec.
Delay table total memory: 72.78639603 MB
Route graph total memory: 352.10948658 MB
Route design total memory: 106.55616760 MB
Global routing takes 0.00 sec.
Total 97353 subnets.
Unrouted clock nets at iteration 0 (0.339 sec): 11
Unrouted clock nets at iteration 1 (0.224 sec): 7
Unrouted clock nets at iteration 2 (0.104 sec): 3
Unrouted clock nets at iteration 3 (0.072 sec): 3
Unrouted clock nets at iteration 4 (0.043 sec): 3
Unrouted clock nets at iteration 5 (0.027 sec): 0
Total route nets size: 97315
Pre route takes 26.648 sec
Unrouted general nets at iteration 7 (MT total route time: 5.641 sec): 65990(overused: 289887)
Unrouted general nets at iteration 8 (MT total route time: 4.744 sec): 51957(overused: 196083)
Unrouted general nets at iteration 9 (MT total route time: 4.182 sec): 40201(overused: 129888)
Unrouted general nets at iteration 10 (MT total route time: 3.439 sec): 30750(overused: 89306)
Unrouted general nets at iteration 11 (MT total route time: 2.941 sec): 23784(overused: 64103)
Unrouted general nets at iteration 12 (MT total route time: 2.334 sec): 17568(overused: 48967)
Unrouted general nets at iteration 13 (MT total route time: 2.142 sec): 13198(overused: 36293)
Unrouted general nets at iteration 14 (MT total route time: 1.810 sec): 9932(overused: 26732)
Unrouted general nets at iteration 15 (MT total route time: 1.557 sec): 7857(overused: 20584)
Unrouted general nets at iteration 16 (MT total route time: 1.331 sec): 6284(overused: 16299)
Unrouted general nets at iteration 17 (MT total route time: 1.189 sec): 4863(overused: 12492)
Unrouted general nets at iteration 18 (MT total route time: 1.017 sec): 4296(overused: 11065)
Unrouted general nets at iteration 19 (MT total route time: 0.944 sec): 3703(overused: 9275)
Unrouted general nets at iteration 20 (MT total route time: 0.866 sec): 3159(overused: 7792)
Unrouted general nets at iteration 21 (MT total route time: 0.781 sec): 2723(overused: 6599)
Unrouted general nets at iteration 22 (MT total route time: 0.704 sec): 2372(overused: 5594)
Unrouted general nets at iteration 23 (MT total route time: 0.647 sec): 1984(overused: 4554)
Unrouted general nets at iteration 24 (MT total route time: 0.575 sec): 1620(overused: 3747)
Unrouted general nets at iteration 25 (MT total route time: 0.625 sec): 1591(overused: 3917)
Unrouted general nets at iteration 26 (MT total route time: 0.636 sec): 1430(overused: 3588)
Unrouted general nets at iteration 27 (MT total route time: 0.590 sec): 1296(overused: 3104)
Unrouted general nets at iteration 28 (MT total route time: 0.597 sec): 1184(overused: 2944)
Unrouted general nets at iteration 29 (MT total route time: 0.514 sec): 1008(overused: 2451)
Unrouted general nets at iteration 30 (MT total route time: 0.487 sec): 831(overused: 2014)
Unrouted general nets at iteration 31 (MT total route time: 0.450 sec): 770(overused: 1773)
Unrouted general nets at iteration 32 (MT total route time: 0.440 sec): 673(overused: 1625)
Unrouted general nets at iteration 33 (MT total route time: 0.378 sec): 590(overused: 1332)
Unrouted general nets at iteration 34 (MT total route time: 0.398 sec): 638(overused: 1411)
Unrouted general nets at iteration 35 (MT total route time: 0.362 sec): 641(overused: 1322)
Unrouted general nets at iteration 36 (MT total route time: 0.320 sec): 556(overused: 1120)
Unrouted general nets at iteration 37 (MT total route time: 0.300 sec): 500(overused: 963)
Unrouted general nets at iteration 38 (MT total route time: 0.300 sec): 478(overused: 1029)
Unrouted general nets at iteration 39 (MT total route time: 0.363 sec): 525(overused: 1157)
Unrouted general nets at iteration 40 (MT total route time: 0.338 sec): 468(overused: 973)
Unrouted general nets at iteration 41 (MT total route time: 0.367 sec): 457(overused: 1053)
Unrouted general nets at iteration 42 (MT total route time: 0.358 sec): 424(overused: 874)
Unrouted general nets at iteration 43 (MT total route time: 0.303 sec): 379(overused: 795)
Unrouted general nets at iteration 44 (MT total route time: 0.268 sec): 306(overused: 578)
Unrouted general nets at iteration 45 (MT total route time: 0.321 sec): 286(overused: 649)
Unrouted general nets at iteration 46 (MT total route time: 0.252 sec): 222(overused: 458)
Unrouted general nets at iteration 47 (MT total route time: 0.254 sec): 217(overused: 420)
Unrouted general nets at iteration 48 (MT total route time: 0.231 sec): 175(overused: 312)
Unrouted general nets at iteration 49 (MT total route time: 0.216 sec): 171(overused: 336)
Unrouted general nets at iteration 50 (MT total route time: 0.215 sec): 133(overused: 254)
Unrouted general nets at iteration 51 (MT total route time: 0.212 sec): 119(overused: 224)
Unrouted general nets at iteration 52 (MT total route time: 0.195 sec): 94(overused: 162)
Unrouted general nets at iteration 53 (MT total route time: 0.185 sec): 69(overused: 112)
Unrouted general nets at iteration 54 (MT total route time: 0.184 sec): 41(overused: 70)
Unrouted general nets at iteration 55 (MT total route time: 0.182 sec): 28(overused: 42)
Unrouted general nets at iteration 56 (MT total route time: 0.176 sec): 14(overused: 22)
Unrouted general nets at iteration 57 (MT total route time: 0.210 sec): 66(overused: 148)
Unrouted general nets at iteration 58 (MT total route time: 0.217 sec): 71(overused: 144)
Unrouted general nets at iteration 59 (MT total route time: 0.194 sec): 39(overused: 76)
Unrouted general nets at iteration 60 (MT total route time: 0.198 sec): 52(overused: 104)
Unrouted general nets at iteration 61 (MT total route time: 0.189 sec): 30(overused: 54)
Unrouted general nets at iteration 62 (MT total route time: 0.182 sec): 26(overused: 44)
Unrouted general nets at iteration 63 (MT total route time: 0.176 sec): 11(overused: 14)
Unrouted general nets at iteration 64 (MT total route time: 0.168 sec): 12(overused: 14)
Unrouted general nets at iteration 65 (MT total route time: 0.171 sec): 12(overused: 18)
Unrouted general nets at iteration 66 (MT total route time: 0.171 sec): 2(overused: 2)
Unrouted general nets at iteration 67 (MT total route time: 0.169 sec): 5(overused: 6)
Unrouted general nets at iteration 68 (MT total route time: 0.169 sec): 5(overused: 6)
Unrouted general nets at iteration 69 (MT total route time: 0.176 sec): 0(overused: 0)
----General net take 0.226 sec(route net take 0.106 sec, inc cost take 0.120 sec, iter times: 1)
----const net route take 1.342 sec
Unrouted nets at iteration 70 (1.581 sec): 1
----General net take 0.224 sec(route net take 0.106 sec, inc cost take 0.118 sec, iter times: 1)
----const net route take 0.032 sec
Unrouted nets at iteration 71 (0.271 sec): 1
----General net take 1.352 sec(route net take 0.627 sec, inc cost take 0.721 sec, iter times: 6)
----const net route take 0.035 sec
Unrouted nets at iteration 72 (1.406 sec): 0
Detailed routing takes 136.19 sec.
I: Design net ntclkbufg_2 is routed by general path.
C: Route-2036: The clock path from clkbufg_5/gopclkbufg:CLKOUT to u_CORES/u_debug_core_0/u0_trig_unit/conf_reg[100]/opit_0_inv_L6QL5Q:CLK is routed by SRB.
I: Design net u_CORES/capt_o is routed by general path.
C: Route-2036: The clock path from u_CORES/u_GTP_SCANCHAIN_PG/scanchain:CAPTUREDR to u_CORES/u_debug_core_0/u_hub_data_decode/newconfini.conf_id_ini[0]/opit_0_inv:CLK is routed by SRB.
I: Design net u_CORES/drck_o is routed by general path.
C: Route-2036: The clock path from u_CORES/u_GTP_SCANCHAIN_PG/scanchain:TCK1 to clkbufg_5/gopclkbufg:CLK is routed by SRB.
Fix violation Finished.
No hold violation.
Hold Violation Fix in router takes 27.86 sec.
Sort Original Nets take 0.128 sec
Build solution node for device pins which were mapped to more than one design pin take 1.697 sec
Total net: 97355, route succeed net: 97355
Generate routing result take 0.139 sec
Handle PERMUX permutation take 2.042 sec
Handle const net take 0.199 sec
Handle route through take 0.053 sec
Handle loads' routing node take 0.401 sec
Used SRB routing arc is 759922.
Finish routing takes 5.79 sec.
Total routing takes 218.63 sec.


Device Utilization Summary :
+-------------------------------------------------------------------------------------+
| Logic Utilization                 | Used      | Available     | Utilization(%)     
+-------------------------------------------------------------------------------------+
| Use of ADC                        | 0         | 1             | 0                  
| Use of ANALOG                     | 0         | 1             | 0                  
| Use of APM                        | 682       | 740           | 93                 
| Use of BKCL                       | 5         | 10            | 50                 
| Use of CCS                        | 1         | 1             | 100                
| Use of CLMA                       | 16012     | 30075         | 54                 
|   FF                              | 69816     | 240600        | 30                 
|   LUT                             | 33377     | 120300        | 28                 
|   LUT-FF pairs                    | 14637     | 120300        | 13                 
| Use of CLMS                       | 4859      | 9875          | 50                 
|   FF                              | 23492     | 79000         | 30                 
|   LUT                             | 10644     | 39500         | 27                 
|   LUT-FF pairs                    | 5314      | 39500         | 14                 
|   Distributed RAM                 | 1782      | 39500         | 5                  
| Use of DDRPHY_CPD                 | 1         | 20            | 5                  
| Use of DDRPHY_IOCLK_DIV           | 2         | 10            | 20                 
| Use of DDR_PHY                    | 7         | 40            | 18                 
| Use of DRM                        | 258.5     | 415           | 63                 
| Use of GCLK_INBUF_SYN             | 0         | 40            | 0                  
| Use of GPLL                       | 4         | 10            | 40                 
| Use of GSEB                       | 0         | 512           | 0                  
| Use of HARD0                      | 5762      | 25050         | 24                 
| Use of HCKB                       | 26        | 120           | 22                 
|  HCKB dataused                    | 0         | 120           | 0                  
| Use of HCKMUX_TEST                | 0         | 10            | 0                  
| Use of HSSTLP                     | 0         | 2             | 0                  
| Use of IO                         | 115       | 400           | 29                 
|   IOBD                            | 60        | 192           | 32                 
|   IOBS                            | 55        | 208           | 27                 
| Use of IOCKB                      | 0         | 40            | 0                  
| Use of IOCKMUX_TEST               | 0         | 10            | 0                  
| Use of IOLHR                      | 114       | 500           | 23                 
| Use of KEYRAM                     | 0         | 1             | 0                  
| Use of MFG_TEST                   | 0         | 1             | 0                  
| Use of MRCKB                      | 1         | 20            | 5                  
| Use of MRCKMUX_TEST               | 0         | 10            | 0                  
| Use of MRPOSTMUX_TEST             | 0         | 10            | 0                  
| Use of PCIE                       | 0         | 1             | 0                  
| Use of PCKMUX_TEST                | 0         | 20            | 0                  
| Use of PLLMRMUX_TEST              | 0         | 10            | 0                  
| Use of PLLREFMUX_TEST             | 0         | 10            | 0                  
| Use of POSTGMUXLR_TEST            | 0         | 4             | 0                  
| Use of PPLL                       | 2         | 10            | 20                 
| Use of PREGMUXC_TEST              | 0         | 3             | 0                  
| Use of PREGMUXC_X16_200H_TEST     | 0         | 4             | 0                  
| Use of PREGMUXLR_TEST             | 0         | 10            | 0                  
| Use of RCKB                       | 2         | 40            | 5                  
|  RCKB dataused                    | 2         | 40            | 5                  
| Use of RCKMUX_TEST                | 0         | 10            | 0                  
| Use of SCANCHAIN                  | 1         | 1             | 100                
| Use of SCKMUX_TEST                | 0         | 20            | 0                  
| Use of SFB                        | 0         | 5075          | 0                  
| Use of SPAD                       | 0         | 8             | 0                  
| Use of TSERDES                    | 14        | 80            | 18                 
| Use of USCM                       | 7         | 32            | 22                 
|  USCM dataused                    | 0         | 32            | 0                  
| Use of USCMMUX_TEST               | 0         | 32            | 0                  
+-------------------------------------------------------------------------------------+

Finished routing.
Design 'hdmi_loop' has been placed and routed successfully.
Saving design to DB.
Finished placement and routing.
Action pnr: Real time elapsed is 0h:11m:23s
Action pnr: CPU time elapsed is 0h:6m:33s
Action pnr: Process CPU time elapsed is 0h:10m:2s
Current time: Thu Jul  9 11:36:55 2026
Action pnr: Peak memory pool usage is 5,838 MB
Action from compile to pnr: Total Real Time elapsed is 0h:18m:34s
Action from compile to pnr: Total CPU time elapsed is 0h:8m:30s
Action from compile to pnr: Total Process CPU Time elapsed is 0h:12m:10s
Process "Place & Route" done.


Process "Report Timing" started.
Current time: Thu Jul  9 11:36:58 2026
Compiling architecture definition.
Analyzing project file 'C:/Users/Datou21/Desktop/PDS/back1/cnn_usb_copy/prj_pds/hdmi_loop.pds'.
Compiling verification operator library.
Compiling common defs.
Compiling prim grid devices.
Compiling gate devices.
Compiling gate operators.
Building architecture model.
Loading device packaging model.
Reading design from pnr DB.
Start Report Post-PnR timing.
NOTE: The technology fpga was specified.
NOTE: delay_model specified was generic_cmos.
NOTE: Using the fpga syntax tables...
Totals:
 Calls to malloc = 0
 Calls to calloc = 5993935

Constructing timing graph ...
Timing graph has been constructed successfully
C: STA-3009: The clock hdmi_loop|sys_clk is not connected to any clock endpoints,it will be treated as a normal port or pin.
W: Timing-4086: Port 'hd_sda' is not constrained, it is treated as combinational input.
W: Timing-4087: Port 'hd_sda' is not constrained, it is treated as combinational output.
W: Timing-4086: Port 'mem_dq[0]' is not constrained, it is treated as combinational input.
W: Timing-4087: Port 'mem_dq[0]' is not constrained, it is treated as combinational output.
W: Timing-4086: Port 'mem_dq[1]' is not constrained, it is treated as combinational input.
W: Timing-4087: Port 'mem_dq[1]' is not constrained, it is treated as combinational output.
W: Timing-4086: Port 'mem_dq[2]' is not constrained, it is treated as combinational input.
W: Timing-4087: Port 'mem_dq[2]' is not constrained, it is treated as combinational output.
W: Timing-4086: Port 'mem_dq[3]' is not constrained, it is treated as combinational input.
W: Timing-4087: Port 'mem_dq[3]' is not constrained, it is treated as combinational output.
W: Timing-4086: Port 'mem_dq[4]' is not constrained, it is treated as combinational input.
W: Timing-4087: Port 'mem_dq[4]' is not constrained, it is treated as combinational output.
W: Timing-4086: Port 'mem_dq[5]' is not constrained, it is treated as combinational input.
W: Timing-4087: Port 'mem_dq[5]' is not constrained, it is treated as combinational output.
W: Timing-4086: Port 'mem_dq[6]' is not constrained, it is treated as combinational input.
W: Timing-4087: Port 'mem_dq[6]' is not constrained, it is treated as combinational output.
W: Timing-4086: Port 'mem_dq[7]' is not constrained, it is treated as combinational input.
W: Timing-4087: Port 'mem_dq[7]' is not constrained, it is treated as combinational output.
W: Timing-4086: Port 'mem_dq[8]' is not constrained, it is treated as combinational input.
W: Timing-4087: Port 'mem_dq[8]' is not constrained, it is treated as combinational output.
W: Timing-4086: Port 'mem_dq[9]' is not constrained, it is treated as combinational input.
W: Timing-4087: Port 'mem_dq[9]' is not constrained, it is treated as combinational output.
W: Timing-4086: Port 'mem_dq[10]' is not constrained, it is treated as combinational input.
W: Timing-4087: Port 'mem_dq[10]' is not constrained, it is treated as combinational output.
W: Timing-4086: Port 'mem_dq[11]' is not constrained, it is treated as combinational input.
W: Timing-4087: Port 'mem_dq[11]' is not constrained, it is treated as combinational output.
W: Timing-4086: Port 'mem_dq[12]' is not constrained, it is treated as combinational input.
W: Timing-4087: Port 'mem_dq[12]' is not constrained, it is treated as combinational output.
W: Timing-4086: Port 'mem_dq[13]' is not constrained, it is treated as combinational input.
W: Timing-4087: Port 'mem_dq[13]' is not constrained, it is treated as combinational output.
W: Timing-4086: Port 'mem_dq[14]' is not constrained, it is treated as combinational input.
W: Timing-4087: Port 'mem_dq[14]' is not constrained, it is treated as combinational output.
W: Timing-4086: Port 'mem_dq[15]' is not constrained, it is treated as combinational input.
W: Timing-4087: Port 'mem_dq[15]' is not constrained, it is treated as combinational output.
W: Timing-4086: Port 'mem_dq[16]' is not constrained, it is treated as combinational input.
W: Timing-4087: Port 'mem_dq[16]' is not constrained, it is treated as combinational output.
W: Timing-4086: Port 'mem_dq[17]' is not constrained, it is treated as combinational input.
W: Timing-4087: Port 'mem_dq[17]' is not constrained, it is treated as combinational output.
W: Timing-4086: Port 'mem_dq[18]' is not constrained, it is treated as combinational input.
W: Timing-4087: Port 'mem_dq[18]' is not constrained, it is treated as combinational output.
W: Timing-4086: Port 'mem_dq[19]' is not constrained, it is treated as combinational input.
W: Timing-4087: Port 'mem_dq[19]' is not constrained, it is treated as combinational output.
W: Timing-4086: Port 'mem_dq[20]' is not constrained, it is treated as combinational input.
W: Timing-4087: Port 'mem_dq[20]' is not constrained, it is treated as combinational output.
W: Timing-4086: Port 'mem_dq[21]' is not constrained, it is treated as combinational input.
W: Timing-4087: Port 'mem_dq[21]' is not constrained, it is treated as combinational output.
W: Timing-4086: Port 'mem_dq[22]' is not constrained, it is treated as combinational input.
W: Timing-4087: Port 'mem_dq[22]' is not constrained, it is treated as combinational output.
W: Timing-4086: Port 'mem_dq[23]' is not constrained, it is treated as combinational input.
W: Timing-4087: Port 'mem_dq[23]' is not constrained, it is treated as combinational output.
W: Timing-4086: Port 'mem_dq[24]' is not constrained, it is treated as combinational input.
W: Timing-4087: Port 'mem_dq[24]' is not constrained, it is treated as combinational output.
W: Timing-4086: Port 'mem_dq[25]' is not constrained, it is treated as combinational input.
W: Timing-4087: Port 'mem_dq[25]' is not constrained, it is treated as combinational output.
W: Timing-4086: Port 'mem_dq[26]' is not constrained, it is treated as combinational input.
W: Timing-4087: Port 'mem_dq[26]' is not constrained, it is treated as combinational output.
W: Timing-4086: Port 'mem_dq[27]' is not constrained, it is treated as combinational input.
W: Timing-4087: Port 'mem_dq[27]' is not constrained, it is treated as combinational output.
W: Timing-4086: Port 'mem_dq[28]' is not constrained, it is treated as combinational input.
W: Timing-4087: Port 'mem_dq[28]' is not constrained, it is treated as combinational output.
W: Timing-4086: Port 'mem_dq[29]' is not constrained, it is treated as combinational input.
W: Timing-4087: Port 'mem_dq[29]' is not constrained, it is treated as combinational output.
W: Timing-4086: Port 'mem_dq[30]' is not constrained, it is treated as combinational input.
W: Timing-4087: Port 'mem_dq[30]' is not constrained, it is treated as combinational output.
W: Timing-4086: Port 'mem_dq[31]' is not constrained, it is treated as combinational input.
W: Timing-4087: Port 'mem_dq[31]' is not constrained, it is treated as combinational output.
W: Timing-4087: Port 'mem_dqs[0]' is not constrained, it is treated as combinational output.
W: Timing-4087: Port 'mem_dqs[1]' is not constrained, it is treated as combinational output.
W: Timing-4087: Port 'mem_dqs[2]' is not constrained, it is treated as combinational output.
W: Timing-4087: Port 'mem_dqs[3]' is not constrained, it is treated as combinational output.
W: Timing-4087: Port 'mem_dqs_n[0]' is not constrained, it is treated as combinational output.
W: Timing-4087: Port 'mem_dqs_n[1]' is not constrained, it is treated as combinational output.
W: Timing-4087: Port 'mem_dqs_n[2]' is not constrained, it is treated as combinational output.
W: Timing-4087: Port 'mem_dqs_n[3]' is not constrained, it is treated as combinational output.
W: Timing-4087: Port 'ddr_init_done' is not constrained, it is treated as combinational output.
W: Timing-4087: Port 'hd_scl' is not constrained, it is treated as combinational output.
W: Timing-4087: Port 'led_int' is not constrained, it is treated as combinational output.
W: Timing-4087: Port 'mem_a[0]' is not constrained, it is treated as combinational output.
W: Timing-4087: Port 'mem_a[1]' is not constrained, it is treated as combinational output.
W: Timing-4087: Port 'mem_a[2]' is not constrained, it is treated as combinational output.
W: Timing-4087: Port 'mem_a[3]' is not constrained, it is treated as combinational output.
W: Timing-4087: Port 'mem_a[4]' is not constrained, it is treated as combinational output.
W: Timing-4087: Port 'mem_a[5]' is not constrained, it is treated as combinational output.
W: Timing-4087: Port 'mem_a[6]' is not constrained, it is treated as combinational output.
W: Timing-4087: Port 'mem_a[7]' is not constrained, it is treated as combinational output.
W: Timing-4087: Port 'mem_a[8]' is not constrained, it is treated as combinational output.
W: Timing-4087: Port 'mem_a[9]' is not constrained, it is treated as combinational output.
W: Timing-4087: Port 'mem_a[10]' is not constrained, it is treated as combinational output.
W: Timing-4087: Port 'mem_a[11]' is not constrained, it is treated as combinational output.
W: Timing-4087: Port 'mem_a[12]' is not constrained, it is treated as combinational output.
W: Timing-4087: Port 'mem_a[13]' is not constrained, it is treated as combinational output.
W: Timing-4087: Port 'mem_a[14]' is not constrained, it is treated as combinational output.
W: Timing-4087: Port 'mem_ba[0]' is not constrained, it is treated as combinational output.
W: Timing-4087: Port 'mem_ba[1]' is not constrained, it is treated as combinational output.
W: Timing-4087: Port 'mem_ba[2]' is not constrained, it is treated as combinational output.
W: Timing-4087: Port 'mem_cas_n' is not constrained, it is treated as combinational output.
W: Timing-4087: Port 'mem_ck' is not constrained, it is treated as combinational output.
W: Timing-4087: Port 'mem_ck_n' is not constrained, it is treated as combinational output.
W: Timing-4087: Port 'mem_cke' is not constrained, it is treated as combinational output.
W: Timing-4087: Port 'mem_cs_n' is not constrained, it is treated as combinational output.
W: Timing-4087: Port 'mem_dm[0]' is not constrained, it is treated as combinational output.
W: Timing-4087: Port 'mem_dm[1]' is not constrained, it is treated as combinational output.
W: Timing-4087: Port 'mem_dm[2]' is not constrained, it is treated as combinational output.
W: Timing-4087: Port 'mem_dm[3]' is not constrained, it is treated as combinational output.
W: Timing-4087: Port 'mem_odt' is not constrained, it is treated as combinational output.
W: Timing-4087: Port 'mem_ras_n' is not constrained, it is treated as combinational output.
W: Timing-4087: Port 'mem_rst_n' is not constrained, it is treated as combinational output.
W: Timing-4087: Port 'mem_we_n' is not constrained, it is treated as combinational output.
W: Timing-4087: Port 'rstn_out' is not constrained, it is treated as combinational output.
W: Timing-4087: Port 'tmds_clk_n' is not constrained, it is treated as combinational output.
W: Timing-4087: Port 'tmds_clk_p' is not constrained, it is treated as combinational output.
W: Timing-4087: Port 'tmds_data_n[0]' is not constrained, it is treated as combinational output.
W: Timing-4087: Port 'tmds_data_n[1]' is not constrained, it is treated as combinational output.
W: Timing-4087: Port 'tmds_data_n[2]' is not constrained, it is treated as combinational output.
W: Timing-4087: Port 'tmds_data_p[0]' is not constrained, it is treated as combinational output.
W: Timing-4087: Port 'tmds_data_p[1]' is not constrained, it is treated as combinational output.
W: Timing-4087: Port 'tmds_data_p[2]' is not constrained, it is treated as combinational output.
W: Timing-4086: Port 'b_in[0]' is not constrained, it is treated as combinational input.
W: Timing-4086: Port 'b_in[1]' is not constrained, it is treated as combinational input.
W: Timing-4086: Port 'b_in[2]' is not constrained, it is treated as combinational input.
W: Timing-4086: Port 'b_in[3]' is not constrained, it is treated as combinational input.
W: Timing-4086: Port 'b_in[4]' is not constrained, it is treated as combinational input.
W: Timing-4086: Port 'b_in[5]' is not constrained, it is treated as combinational input.
W: Timing-4086: Port 'b_in[6]' is not constrained, it is treated as combinational input.
W: Timing-4086: Port 'b_in[7]' is not constrained, it is treated as combinational input.
W: Timing-4086: Port 'de_in' is not constrained, it is treated as combinational input.
W: Timing-4086: Port 'g_in[0]' is not constrained, it is treated as combinational input.
W: Timing-4086: Port 'g_in[1]' is not constrained, it is treated as combinational input.
W: Timing-4086: Port 'g_in[2]' is not constrained, it is treated as combinational input.
W: Timing-4086: Port 'g_in[3]' is not constrained, it is treated as combinational input.
W: Timing-4086: Port 'g_in[4]' is not constrained, it is treated as combinational input.
W: Timing-4086: Port 'g_in[5]' is not constrained, it is treated as combinational input.
W: Timing-4086: Port 'g_in[6]' is not constrained, it is treated as combinational input.
W: Timing-4086: Port 'g_in[7]' is not constrained, it is treated as combinational input.
W: Timing-4086: Port 'r_in[0]' is not constrained, it is treated as combinational input.
W: Timing-4086: Port 'r_in[1]' is not constrained, it is treated as combinational input.
W: Timing-4086: Port 'r_in[2]' is not constrained, it is treated as combinational input.
W: Timing-4086: Port 'r_in[3]' is not constrained, it is treated as combinational input.
W: Timing-4086: Port 'r_in[4]' is not constrained, it is treated as combinational input.
W: Timing-4086: Port 'r_in[5]' is not constrained, it is treated as combinational input.
W: Timing-4086: Port 'r_in[6]' is not constrained, it is treated as combinational input.
W: Timing-4086: Port 'r_in[7]' is not constrained, it is treated as combinational input.
W: Timing-4086: Port 'rst_n' is not constrained, it is treated as combinational input.
W: Timing-4086: Port 'vs_in' is not constrained, it is treated as combinational input.
Report timing is finished successfully.
Action report_timing: Real time elapsed is 0h:1m:4s
Action report_timing: CPU time elapsed is 0h:0m:40s
Action report_timing: Process CPU time elapsed is 0h:0m:49s
Current time: Thu Jul  9 11:38:01 2026
Action report_timing: Peak memory pool usage is 4,419 MB
Action from compile to report_timing: Total Real Time elapsed is 0h:19m:38s
Action from compile to report_timing: Total CPU time elapsed is 0h:9m:10s
Action from compile to report_timing: Total Process CPU Time elapsed is 0h:12m:59s
Process "Report Timing" done.


Process "Generate Bitstream" started.
Current time: Thu Jul  9 11:38:05 2026
Compiling architecture definition.
Analyzing project file 'C:/Users/Datou21/Desktop/PDS/back1/cnn_usb_copy/prj_pds/hdmi_loop.pds'.
Compiling verification operator library.
Compiling common defs.
Compiling prim grid devices.
Compiling gate devices.
Compiling gate operators.
Building architecture model.
Loading device packaging model.
Reading design from DB.
Start Generating Programming File...
Reading design from DB takes 8.734375 sec.
Generating architecture configuration.
The bitstream file is "C:/Users/Datou21/Desktop/PDS/back1/cnn_usb_copy/prj_pds/generate_bitstream/hdmi_loop.sbit"
Generate programming file takes 39.000000 sec.
Generating Programming File done.
Action gen_bit_stream: Real time elapsed is 0h:1m:25s
Action gen_bit_stream: CPU time elapsed is 0h:0m:47s
Action gen_bit_stream: Process CPU time elapsed is 0h:0m:47s
Current time: Thu Jul  9 11:39:29 2026
Action gen_bit_stream: Peak memory pool usage is 3,276 MB
Action from compile to gen_bit_stream: Total Real Time elapsed is 0h:21m:3s
Action from compile to gen_bit_stream: Total CPU time elapsed is 0h:9m:57s
Action from compile to gen_bit_stream: Total Process CPU Time elapsed is 0h:13m:46s
Process "Generate Bitstream" done.
