#Build: Fabric Compiler 2022.2-SP6.4, Build 146967, Jan 31 01:39 2024
#Install: C:\pango\PDS_2022.2-SP6.4\bin
#Application name: pds_shell.exe
#OS: Windows 10 10.0.22631
#Hostname: DESKTOP-VB8TKRO
Generated by Fabric Compiler (version 2022.2-SP6.4 build 146967) at Wed Jul  1 21:57:14 2026
License checkout: fabric_ads from C:\pango\new_pds_F4A80DA47D72.lic
Compiling verification operator library.
Compiling common defs.
Loading technology operator library.
Compiling technology operator library.
Compiling technology operator (valence) library.
Reading design from compile DB
Reading design from compile DB successfully.
Constraint check start.
Compiling prim grid devices.
Building architecture model.
Loading device packaging model.
Building architecture floorplan logic view.
Executing : get_nets clk_pe
Executing : get_nets clk_pe successfully.
Executing : create_clock -name clk_pe [get_nets clk_pe] -period 6.500 -waveform {0.000 3.250}
Executing : create_clock -name clk_pe [get_nets clk_pe] -period 6.500 -waveform {0.000 3.250} successfully.
Executing : get_nets pixclk_in
Executing : get_nets pixclk_in successfully.
Executing : create_clock -name pixclk_in [get_nets pixclk_in] -period 13.000 -waveform {0.000 6.500}
Executing : create_clock -name pixclk_in [get_nets pixclk_in] -period 13.000 -waveform {0.000 6.500} successfully.
Executing : get_ports clk_p
Executing : get_ports clk_p successfully.
Executing : create_clock -name ref_clk [get_ports clk_p] -period 8.0 -waveform {0 4.0}
Executing : create_clock -name ref_clk [get_ports clk_p] -period 8.0 -waveform {0 4.0} successfully.
Executing : get_ports clk_p
Executing : get_ports clk_p successfully.
Executing : get_pins u_ddr_video_delay_sync.u_ddr3_test.u_ddrphy_top.rst_clk_gpll/clkout0
Executing : get_pins u_ddr_video_delay_sync.u_ddr3_test.u_ddrphy_top.rst_clk_gpll/clkout0 successfully.
Executing : get_clocks ref_clk
Executing : get_clocks ref_clk successfully.
Executing : create_generated_clock -name rst_clk -source [get_ports clk_p] [get_pins u_ddr_video_delay_sync.u_ddr3_test.u_ddrphy_top.rst_clk_gpll/clkout0] -master_clock [get_clocks ref_clk] -multiply_by 16 -divide_by 16
Executing : create_generated_clock -name rst_clk -source [get_ports clk_p] [get_pins u_ddr_video_delay_sync.u_ddr3_test.u_ddrphy_top.rst_clk_gpll/clkout0] -master_clock [get_clocks ref_clk] -multiply_by 16 -divide_by 16 successfully.
Executing : get_ports clk_p
Executing : get_ports clk_p successfully.
Executing : get_pins u_ddr_video_delay_sync.u_ddr3_test.u_ddrphy_top.ddrphy_gpll/clkout0
Executing : get_pins u_ddr_video_delay_sync.u_ddr3_test.u_ddrphy_top.ddrphy_gpll/clkout0 successfully.
Executing : get_clocks ref_clk
Executing : get_clocks ref_clk successfully.
Executing : create_generated_clock -name ddrphy_sysclk -source [get_ports clk_p] [get_pins u_ddr_video_delay_sync.u_ddr3_test.u_ddrphy_top.ddrphy_gpll/clkout0] -master_clock [get_clocks ref_clk] -multiply_by 16 -divide_by 16
Executing : create_generated_clock -name ddrphy_sysclk -source [get_ports clk_p] [get_pins u_ddr_video_delay_sync.u_ddr3_test.u_ddrphy_top.ddrphy_gpll/clkout0] -master_clock [get_clocks ref_clk] -multiply_by 16 -divide_by 16 successfully.
Executing : get_ports clk_p
Executing : get_ports clk_p successfully.
Executing : get_pins {u_ddr_video_delay_sync.u_ddr3_test.u_ddrphy_top.ddrphy_slice_top.i_dqs_bank[0].ddrphy_ppll/clkoutphy}
Executing : get_pins {u_ddr_video_delay_sync.u_ddr3_test.u_ddrphy_top.ddrphy_slice_top.i_dqs_bank[0].ddrphy_ppll/clkoutphy} successfully.
Executing : get_clocks ref_clk
Executing : get_clocks ref_clk successfully.
Executing : create_generated_clock -name phy_dq_clk_0 -source [get_ports clk_p] [get_pins {u_ddr_video_delay_sync.u_ddr3_test.u_ddrphy_top.ddrphy_slice_top.i_dqs_bank[0].ddrphy_ppll/clkoutphy}] -master_clock [get_clocks ref_clk] -multiply_by 16 -divide_by 2
Executing : create_generated_clock -name phy_dq_clk_0 -source [get_ports clk_p] [get_pins {u_ddr_video_delay_sync.u_ddr3_test.u_ddrphy_top.ddrphy_slice_top.i_dqs_bank[0].ddrphy_ppll/clkoutphy}] -master_clock [get_clocks ref_clk] -multiply_by 16 -divide_by 2 successfully.
Executing : get_pins {u_ddr_video_delay_sync.u_ddr3_test.u_ddrphy_top.ddrphy_slice_top.i_dqs_bank[0].ddrphy_ppll/clkoutphy}
Executing : get_pins {u_ddr_video_delay_sync.u_ddr3_test.u_ddrphy_top.ddrphy_slice_top.i_dqs_bank[0].ddrphy_ppll/clkoutphy} successfully.
Executing : get_pins {u_ddr_video_delay_sync.u_ddr3_test.u_ddrphy_top.ddrphy_slice_top.i_dqs_bank[0].u_ddrphy_ioclkdiv/CLKDIVOUT}
Executing : get_pins {u_ddr_video_delay_sync.u_ddr3_test.u_ddrphy_top.ddrphy_slice_top.i_dqs_bank[0].u_ddrphy_ioclkdiv/CLKDIVOUT} successfully.
Executing : get_clocks phy_dq_clk_0
Executing : get_clocks phy_dq_clk_0 successfully.
Executing : create_generated_clock -name phy_dq_sysclk_0 -source [get_pins {u_ddr_video_delay_sync.u_ddr3_test.u_ddrphy_top.ddrphy_slice_top.i_dqs_bank[0].ddrphy_ppll/clkoutphy}] [get_pins {u_ddr_video_delay_sync.u_ddr3_test.u_ddrphy_top.ddrphy_slice_top.i_dqs_bank[0].u_ddrphy_ioclkdiv/CLKDIVOUT}] -master_clock [get_clocks phy_dq_clk_0] -edges {5 13 21} -edge_shift {0 0 0}
Executing : create_generated_clock -name phy_dq_sysclk_0 -source [get_pins {u_ddr_video_delay_sync.u_ddr3_test.u_ddrphy_top.ddrphy_slice_top.i_dqs_bank[0].ddrphy_ppll/clkoutphy}] [get_pins {u_ddr_video_delay_sync.u_ddr3_test.u_ddrphy_top.ddrphy_slice_top.i_dqs_bank[0].u_ddrphy_ioclkdiv/CLKDIVOUT}] -master_clock [get_clocks phy_dq_clk_0] -edges {5 13 21} -edge_shift {0 0 0} successfully.
Executing : get_clocks ddrphy_sysclk
Executing : get_clocks ddrphy_sysclk successfully.
Executing : get_clocks phy_dq_sysclk_0
Executing : get_clocks phy_dq_sysclk_0 successfully.
Executing : set_multicycle_path 2 -from [get_clocks ddrphy_sysclk] -to [get_clocks phy_dq_sysclk_0]
Executing : set_multicycle_path 2 -from [get_clocks ddrphy_sysclk] -to [get_clocks phy_dq_sysclk_0] successfully.
Executing : get_ports clk_p
Executing : get_ports clk_p successfully.
Executing : get_pins {u_ddr_video_delay_sync.u_ddr3_test.u_ddrphy_top.ddrphy_slice_top.i_dqs_bank[1].ddrphy_ppll/clkoutphy}
Executing : get_pins {u_ddr_video_delay_sync.u_ddr3_test.u_ddrphy_top.ddrphy_slice_top.i_dqs_bank[1].ddrphy_ppll/clkoutphy} successfully.
Executing : get_clocks ref_clk
Executing : get_clocks ref_clk successfully.
Executing : create_generated_clock -name phy_dq_clk_1 -source [get_ports clk_p] [get_pins {u_ddr_video_delay_sync.u_ddr3_test.u_ddrphy_top.ddrphy_slice_top.i_dqs_bank[1].ddrphy_ppll/clkoutphy}] -master_clock [get_clocks ref_clk] -multiply_by 16 -divide_by 2
Executing : create_generated_clock -name phy_dq_clk_1 -source [get_ports clk_p] [get_pins {u_ddr_video_delay_sync.u_ddr3_test.u_ddrphy_top.ddrphy_slice_top.i_dqs_bank[1].ddrphy_ppll/clkoutphy}] -master_clock [get_clocks ref_clk] -multiply_by 16 -divide_by 2 successfully.
Executing : get_pins {u_ddr_video_delay_sync.u_ddr3_test.u_ddrphy_top.ddrphy_slice_top.i_dqs_bank[1].ddrphy_ppll/clkoutphy}
Executing : get_pins {u_ddr_video_delay_sync.u_ddr3_test.u_ddrphy_top.ddrphy_slice_top.i_dqs_bank[1].ddrphy_ppll/clkoutphy} successfully.
Executing : get_pins {u_ddr_video_delay_sync.u_ddr3_test.u_ddrphy_top.ddrphy_slice_top.i_dqs_bank[1].u_ddrphy_ioclkdiv/CLKDIVOUT}
Executing : get_pins {u_ddr_video_delay_sync.u_ddr3_test.u_ddrphy_top.ddrphy_slice_top.i_dqs_bank[1].u_ddrphy_ioclkdiv/CLKDIVOUT} successfully.
Executing : get_clocks phy_dq_clk_1
Executing : get_clocks phy_dq_clk_1 successfully.
Executing : create_generated_clock -name phy_dq_sysclk_1 -source [get_pins {u_ddr_video_delay_sync.u_ddr3_test.u_ddrphy_top.ddrphy_slice_top.i_dqs_bank[1].ddrphy_ppll/clkoutphy}] [get_pins {u_ddr_video_delay_sync.u_ddr3_test.u_ddrphy_top.ddrphy_slice_top.i_dqs_bank[1].u_ddrphy_ioclkdiv/CLKDIVOUT}] -master_clock [get_clocks phy_dq_clk_1] -edges {5 13 21} -edge_shift {0 0 0}
Executing : create_generated_clock -name phy_dq_sysclk_1 -source [get_pins {u_ddr_video_delay_sync.u_ddr3_test.u_ddrphy_top.ddrphy_slice_top.i_dqs_bank[1].ddrphy_ppll/clkoutphy}] [get_pins {u_ddr_video_delay_sync.u_ddr3_test.u_ddrphy_top.ddrphy_slice_top.i_dqs_bank[1].u_ddrphy_ioclkdiv/CLKDIVOUT}] -master_clock [get_clocks phy_dq_clk_1] -edges {5 13 21} -edge_shift {0 0 0} successfully.
Executing : get_clocks ddrphy_sysclk
Executing : get_clocks ddrphy_sysclk successfully.
Executing : get_clocks phy_dq_sysclk_1
Executing : get_clocks phy_dq_sysclk_1 successfully.
Executing : set_multicycle_path 2 -from [get_clocks ddrphy_sysclk] -to [get_clocks phy_dq_sysclk_1]
Executing : set_multicycle_path 2 -from [get_clocks ddrphy_sysclk] -to [get_clocks phy_dq_sysclk_1] successfully.
Executing : get_clocks ddrphy_sysclk
Executing : get_clocks ddrphy_sysclk successfully.
Executing : get_clocks phy_dq_sysclk_0
Executing : get_clocks phy_dq_sysclk_0 successfully.
Executing : set_clock_uncertainty 0.4 -from [get_clocks ddrphy_sysclk] -to [get_clocks phy_dq_sysclk_0] -setup -hold
Executing : set_clock_uncertainty 0.4 -from [get_clocks ddrphy_sysclk] -to [get_clocks phy_dq_sysclk_0] -setup -hold successfully.
Executing : get_clocks phy_dq_sysclk_0
Executing : get_clocks phy_dq_sysclk_0 successfully.
Executing : get_clocks ddrphy_sysclk
Executing : get_clocks ddrphy_sysclk successfully.
Executing : set_clock_uncertainty 0.4 -from [get_clocks phy_dq_sysclk_0] -to [get_clocks ddrphy_sysclk] -setup -hold
Executing : set_clock_uncertainty 0.4 -from [get_clocks phy_dq_sysclk_0] -to [get_clocks ddrphy_sysclk] -setup -hold successfully.
Executing : get_clocks ddrphy_sysclk
Executing : get_clocks ddrphy_sysclk successfully.
Executing : get_clocks phy_dq_sysclk_1
Executing : get_clocks phy_dq_sysclk_1 successfully.
Executing : set_clock_uncertainty 0.4 -from [get_clocks ddrphy_sysclk] -to [get_clocks phy_dq_sysclk_1] -setup -hold
Executing : set_clock_uncertainty 0.4 -from [get_clocks ddrphy_sysclk] -to [get_clocks phy_dq_sysclk_1] -setup -hold successfully.
Executing : get_clocks phy_dq_sysclk_1
Executing : get_clocks phy_dq_sysclk_1 successfully.
Executing : get_clocks ddrphy_sysclk
Executing : get_clocks ddrphy_sysclk successfully.
Executing : set_clock_uncertainty 0.4 -from [get_clocks phy_dq_sysclk_1] -to [get_clocks ddrphy_sysclk] -setup -hold
Executing : set_clock_uncertainty 0.4 -from [get_clocks phy_dq_sysclk_1] -to [get_clocks ddrphy_sysclk] -setup -hold successfully.
Executing : get_clocks ref_clk
Executing : get_clocks ref_clk successfully.
Executing : set_clock_groups -name ref_clk -asynchronous -group [get_clocks ref_clk]
Executing : set_clock_groups -name ref_clk -asynchronous -group [get_clocks ref_clk] successfully.
Executing : get_clocks rst_clk
Executing : get_clocks rst_clk successfully.
Executing : set_clock_groups -name rst_clk -asynchronous -group [get_clocks rst_clk]
Executing : set_clock_groups -name rst_clk -asynchronous -group [get_clocks rst_clk] successfully.
Executing : get_clocks phy_dq_clk_0
Executing : get_clocks phy_dq_clk_0 successfully.
Executing : set_clock_groups -name phy_dq_clk_0 -asynchronous -group [get_clocks phy_dq_clk_0]
Executing : set_clock_groups -name phy_dq_clk_0 -asynchronous -group [get_clocks phy_dq_clk_0] successfully.
Executing : get_clocks phy_dq_clk_1
Executing : get_clocks phy_dq_clk_1 successfully.
Executing : set_clock_groups -name phy_dq_clk_1 -asynchronous -group [get_clocks phy_dq_clk_1]
Executing : set_clock_groups -name phy_dq_clk_1 -asynchronous -group [get_clocks phy_dq_clk_1] successfully.
Executing : get_clocks ddrphy_sysclk
Executing : get_clocks ddrphy_sysclk successfully.
Executing : set_clock_groups -name ddrphy_sysclk -asynchronous -group [get_clocks ddrphy_sysclk]
Executing : set_clock_groups -name ddrphy_sysclk -asynchronous -group [get_clocks ddrphy_sysclk] successfully.
C: ConstraintEditor-2002: [C:/Users/Datou21/Desktop/PDS/back1/cnn_usb_copy/prj_pds/hdmi_loop.fdc(line number: 2)] | Port tmds_data_n[2] has been placed at location N24, whose type is share pin.
C: ConstraintEditor-2002: [C:/Users/Datou21/Desktop/PDS/back1/cnn_usb_copy/prj_pds/hdmi_loop.fdc(line number: 8)] | Port tmds_data_n[1] has been placed at location P24, whose type is share pin.
C: ConstraintEditor-2002: [C:/Users/Datou21/Desktop/PDS/back1/cnn_usb_copy/prj_pds/hdmi_loop.fdc(line number: 14)] | Port tmds_data_n[0] has been placed at location P25, whose type is share pin.
C: ConstraintEditor-2002: [C:/Users/Datou21/Desktop/PDS/back1/cnn_usb_copy/prj_pds/hdmi_loop.fdc(line number: 20)] | Port tmds_data_p[2] has been placed at location N23, whose type is share pin.
C: ConstraintEditor-2002: [C:/Users/Datou21/Desktop/PDS/back1/cnn_usb_copy/prj_pds/hdmi_loop.fdc(line number: 26)] | Port tmds_data_p[1] has been placed at location P23, whose type is share pin.
C: ConstraintEditor-2002: [C:/Users/Datou21/Desktop/PDS/back1/cnn_usb_copy/prj_pds/hdmi_loop.fdc(line number: 32)] | Port tmds_data_p[0] has been placed at location R25, whose type is share pin.
C: ConstraintEditor-2002: [C:/Users/Datou21/Desktop/PDS/back1/cnn_usb_copy/prj_pds/hdmi_loop.fdc(line number: 50)] | Port b_in[7] has been placed at location H24, whose type is share pin.
C: ConstraintEditor-2002: [C:/Users/Datou21/Desktop/PDS/back1/cnn_usb_copy/prj_pds/hdmi_loop.fdc(line number: 70)] | Port b_in[3] has been placed at location J18, whose type is share pin.
C: ConstraintEditor-2002: [C:/Users/Datou21/Desktop/PDS/back1/cnn_usb_copy/prj_pds/hdmi_loop.fdc(line number: 75)] | Port b_in[2] has been placed at location H18, whose type is share pin.
C: ConstraintEditor-2002: [C:/Users/Datou21/Desktop/PDS/back1/cnn_usb_copy/prj_pds/hdmi_loop.fdc(line number: 80)] | Port b_in[1] has been placed at location L17, whose type is share pin.
C: ConstraintEditor-2002: [C:/Users/Datou21/Desktop/PDS/back1/cnn_usb_copy/prj_pds/hdmi_loop.fdc(line number: 85)] | Port b_in[0] has been placed at location L18, whose type is share pin.
C: ConstraintEditor-2002: [C:/Users/Datou21/Desktop/PDS/back1/cnn_usb_copy/prj_pds/hdmi_loop.fdc(line number: 90)] | Port g_in[7] has been placed at location L15, whose type is share pin.
C: ConstraintEditor-2002: [C:/Users/Datou21/Desktop/PDS/back1/cnn_usb_copy/prj_pds/hdmi_loop.fdc(line number: 95)] | Port g_in[6] has been placed at location K16, whose type is share pin.
C: ConstraintEditor-2002: [C:/Users/Datou21/Desktop/PDS/back1/cnn_usb_copy/prj_pds/hdmi_loop.fdc(line number: 100)] | Port g_in[5] has been placed at location K17, whose type is share pin.
C: ConstraintEditor-2002: [C:/Users/Datou21/Desktop/PDS/back1/cnn_usb_copy/prj_pds/hdmi_loop.fdc(line number: 105)] | Port g_in[4] has been placed at location K15, whose type is share pin.
C: ConstraintEditor-2002: [C:/Users/Datou21/Desktop/PDS/back1/cnn_usb_copy/prj_pds/hdmi_loop.fdc(line number: 110)] | Port g_in[3] has been placed at location J16, whose type is share pin.
C: ConstraintEditor-2002: [C:/Users/Datou21/Desktop/PDS/back1/cnn_usb_copy/prj_pds/hdmi_loop.fdc(line number: 115)] | Port g_in[2] has been placed at location K22, whose type is share pin.
C: ConstraintEditor-2002: [C:/Users/Datou21/Desktop/PDS/back1/cnn_usb_copy/prj_pds/hdmi_loop.fdc(line number: 120)] | Port g_in[1] has been placed at location K23, whose type is share pin.
C: ConstraintEditor-2002: [C:/Users/Datou21/Desktop/PDS/back1/cnn_usb_copy/prj_pds/hdmi_loop.fdc(line number: 125)] | Port g_in[0] has been placed at location J24, whose type is share pin.
C: ConstraintEditor-2002: [C:/Users/Datou21/Desktop/PDS/back1/cnn_usb_copy/prj_pds/hdmi_loop.fdc(line number: 145)] | Port r_in[4] has been placed at location K20, whose type is share pin.
C: ConstraintEditor-2002: [C:/Users/Datou21/Desktop/PDS/back1/cnn_usb_copy/prj_pds/hdmi_loop.fdc(line number: 150)] | Port r_in[3] has been placed at location J20, whose type is share pin.
C: ConstraintEditor-2002: [C:/Users/Datou21/Desktop/PDS/back1/cnn_usb_copy/prj_pds/hdmi_loop.fdc(line number: 155)] | Port r_in[2] has been placed at location J19, whose type is share pin.
C: ConstraintEditor-2002: [C:/Users/Datou21/Desktop/PDS/back1/cnn_usb_copy/prj_pds/hdmi_loop.fdc(line number: 160)] | Port r_in[1] has been placed at location H19, whose type is share pin.
C: ConstraintEditor-2002: [C:/Users/Datou21/Desktop/PDS/back1/cnn_usb_copy/prj_pds/hdmi_loop.fdc(line number: 165)] | Port r_in[0] has been placed at location M15, whose type is share pin.
C: ConstraintEditor-2002: [C:/Users/Datou21/Desktop/PDS/back1/cnn_usb_copy/prj_pds/hdmi_loop.fdc(line number: 170)] | Port hd_sda has been placed at location J14, whose type is share pin.
C: ConstraintEditor-2002: [C:/Users/Datou21/Desktop/PDS/back1/cnn_usb_copy/prj_pds/hdmi_loop.fdc(line number: 178)] | Port hd_scl has been placed at location J15, whose type is share pin.
C: ConstraintEditor-2002: [C:/Users/Datou21/Desktop/PDS/back1/cnn_usb_copy/prj_pds/hdmi_loop.fdc(line number: 194)] | Port rstn_out has been placed at location G25, whose type is share pin.
C: ConstraintEditor-2002: [C:/Users/Datou21/Desktop/PDS/back1/cnn_usb_copy/prj_pds/hdmi_loop.fdc(line number: 390)] | Port mem_dq[15] has been placed at location G6, whose type is share pin.
C: ConstraintEditor-2002: [C:/Users/Datou21/Desktop/PDS/back1/cnn_usb_copy/prj_pds/hdmi_loop.fdc(line number: 404)] | Port mem_dq[13] has been placed at location E6, whose type is share pin.
C: ConstraintEditor-2002: [C:/Users/Datou21/Desktop/PDS/back1/cnn_usb_copy/prj_pds/hdmi_loop.fdc(line number: 411)] | Port mem_dq[12] has been placed at location G8, whose type is share pin.
C: ConstraintEditor-2002: [C:/Users/Datou21/Desktop/PDS/back1/cnn_usb_copy/prj_pds/hdmi_loop.fdc(line number: 418)] | Port mem_dq[11] has been placed at location D6, whose type is share pin.
C: ConstraintEditor-2002: [C:/Users/Datou21/Desktop/PDS/back1/cnn_usb_copy/prj_pds/hdmi_loop.fdc(line number: 425)] | Port mem_dq[10] has been placed at location H8, whose type is share pin.
C: ConstraintEditor-2002: [C:/Users/Datou21/Desktop/PDS/back1/cnn_usb_copy/prj_pds/hdmi_loop.fdc(line number: 439)] | Port mem_dq[8] has been placed at location H6, whose type is share pin.
C: ConstraintEditor-2002: [C:/Users/Datou21/Desktop/PDS/back1/cnn_usb_copy/prj_pds/hdmi_loop.fdc(line number: 446)] | Port mem_dq[7] has been placed at location J5, whose type is share pin.
C: ConstraintEditor-2002: [C:/Users/Datou21/Desktop/PDS/back1/cnn_usb_copy/prj_pds/hdmi_loop.fdc(line number: 460)] | Port mem_dq[5] has been placed at location K7, whose type is share pin.
C: ConstraintEditor-2002: [C:/Users/Datou21/Desktop/PDS/back1/cnn_usb_copy/prj_pds/hdmi_loop.fdc(line number: 474)] | Port mem_dq[3] has been placed at location L8, whose type is share pin.
C: ConstraintEditor-2002: [C:/Users/Datou21/Desktop/PDS/back1/cnn_usb_copy/prj_pds/hdmi_loop.fdc(line number: 488)] | Port mem_dq[1] has been placed at location J6, whose type is share pin.
C: ConstraintEditor-2002: [C:/Users/Datou21/Desktop/PDS/back1/cnn_usb_copy/prj_pds/hdmi_loop.fdc(line number: 621)] | Port mem_dqs[1] has been placed at location H7, whose type is share pin.
C: ConstraintEditor-2002: [C:/Users/Datou21/Desktop/PDS/back1/cnn_usb_copy/prj_pds/hdmi_loop.fdc(line number: 628)] | Port mem_dqs[0] has been placed at location J4, whose type is share pin.
C: ConstraintEditor-2002: [C:/Users/Datou21/Desktop/PDS/back1/cnn_usb_copy/prj_pds/hdmi_loop.fdc(line number: 649)] | Port mem_dqs_n[1] has been placed at location G7, whose type is share pin.
C: ConstraintEditor-2002: [C:/Users/Datou21/Desktop/PDS/back1/cnn_usb_copy/prj_pds/hdmi_loop.fdc(line number: 656)] | Port mem_dqs_n[0] has been placed at location H4, whose type is share pin.
C: ConstraintEditor-2002: [C:/Users/Datou21/Desktop/PDS/back1/cnn_usb_copy/prj_pds/hdmi_loop.fdc(line number: 705)] | Port mem_dm[0] has been placed at location K6, whose type is share pin.
Constraint check end.

C: SDC-2025: Clock source 'n:u_pll/clkout1' need a clock constraint, please use 'create_clock' or 'create_generate_clock' to generate.
Executing : get_ports pixclk_in
Executing : get_ports pixclk_in successfully.
Executing : get_pins u_pll/u_gpll:CLKOUT1
Executing : get_pins u_pll/u_gpll:CLKOUT1 successfully.
Executing : create_generated_clock -name pixclk_in|u_pll/u_gpll/CLKOUT1_Inferred -source [get_ports pixclk_in] [get_pins u_pll/u_gpll:CLKOUT1] -master_clock pixclk_in -edges {1 2 3} -edge_shift {0.000000 -5.200000 -10.400000} -add
Executing : create_generated_clock -name pixclk_in|u_pll/u_gpll/CLKOUT1_Inferred -source [get_ports pixclk_in] [get_pins u_pll/u_gpll:CLKOUT1] -master_clock pixclk_in -edges {1 2 3} -edge_shift {0.000000 -5.200000 -10.400000} -add successfully.
C: SDC-2025: Clock source 'n:sys_clk' need a clock constraint, please use 'create_clock' or 'create_generate_clock' to generate.
Executing : get_ports sys_clk
Executing : get_ports sys_clk successfully.
Executing : create_clock -name hdmi_loop|sys_clk [get_ports sys_clk] -period 1000.000 -waveform {0.000 500.000} -add
Executing : create_clock -name hdmi_loop|sys_clk [get_ports sys_clk] -period 1000.000 -waveform {0.000 500.000} -add successfully.
Executing : set_clock_groups -name Inferred_clock_group_0 -asynchronous -group hdmi_loop|sys_clk
Executing : set_clock_groups -name Inferred_clock_group_0 -asynchronous -group hdmi_loop|sys_clk successfully.
C: SDC-2025: Clock source 'n:u_ms72/clkout0' need a clock constraint, please use 'create_clock' or 'create_generate_clock' to generate.
Executing : get_pins u_ms72/u_gpll:CLKOUT0
Executing : get_pins u_ms72/u_gpll:CLKOUT0 successfully.
Executing : create_clock -name ms72|u_ms72/u_gpll/CLKOUT0 [get_pins u_ms72/u_gpll:CLKOUT0] -period 1000.000 -waveform {0.000 500.000} -add
Executing : create_clock -name ms72|u_ms72/u_gpll/CLKOUT0 [get_pins u_ms72/u_gpll:CLKOUT0] -period 1000.000 -waveform {0.000 500.000} -add successfully.
Executing : set_clock_groups -name Inferred_clock_group_1 -asynchronous -group ms72|u_ms72/u_gpll/CLKOUT0
Executing : set_clock_groups -name Inferred_clock_group_1 -asynchronous -group ms72|u_ms72/u_gpll/CLKOUT0 successfully.
Start pre-mapping.
W: Public-4008: Instance 'pixel_lb_raddr[0]' of 'bmsWIDEDFFCPE' unit is dangling and will be cleaned.
W: Public-4008: Instance 'pixel_pp_rd_cnt[0]' of 'bmsWIDEDFFCPE' unit is dangling and will be cleaned.
W: Public-4008: Instance 'pixel_lb_raddr[0]' of 'bmsWIDEDFFCPE' unit is dangling and will be cleaned.
I: Constant propagation done on ms72xx_ctl/U1_ms7200_ctl/N2072 (bmsREDAND).
I: Constant propagation done on ms72xx_ctl/iic_dri/N396 (bmsWIDEINV).
I: Constant propagation done on ms72xx_ctl/iic_dri/N397 (bmsWIDEINV).
I: Constant propagation done on ms72xx_ctl/iic_dri/N398 (bmsWIDEINV).
I: Constant propagation done on ms72xx_ctl/iic_dri/N399 (bmsWIDEINV).
I: Constant propagation done on ms72xx_ctl/iic_dri/N400 (bmsWIDEINV).
I: Constant propagation done on ms72xx_ctl/iic_dri/N401 (bmsWIDEINV).
I: Constant propagation done on ms72xx_ctl/iic_dri/N402 (bmsWIDEINV).
I: Constant propagation done on ms72xx_ctl/iic_dri/N403 (bmsWIDEINV).
I: Constant propagation done on ms72xx_ctl/iic_dri/N404 (bmsWIDEINV).
I: Removed bmsSUB inst N70 that is redundant to N69
I: Removed bmsSUB inst N61 that is redundant to N60
I: Removed bmsSUB inst N61 that is redundant to N60
I: Removed bmsSUB inst N70 that is redundant to N69
I: Removed bmsSUB inst N70 that is redundant to N69
I: Removed bmsSUB inst N61 that is redundant to N60
I: Removed bmsSUB inst N70 that is redundant to N69
I: Removed bmsSUB inst N61 that is redundant to N60
W: Public-4008: Instance 'axi_wready_1d' of 'bmsWIDEDFFRSE' unit is dangling and will be cleaned.
I: Removed bmsWIDEDFFRSE inst we_line_ram[1] that is redundant to we_line_ram[0]
I: Removed bmsDECODER inst ND18_0 that is redundant to ND17
I: Removed bmsWIDEDFFRSE inst we_line_ram[1] that is redundant to we_line_ram[0]
I: Removed bmsDECODER inst ND18_0 that is redundant to ND17
I: Removed bmsWIDEDFFRSE inst we_line_ram[1] that is redundant to we_line_ram[0]
I: Removed bmsWIDEDFFRSE inst we_line_ram[1] that is redundant to we_line_ram[0]
I: Removed bmsWIDEDFFRSE inst we_line_ram[1] that is redundant to we_line_ram[0]
I: Removed bmsWIDEDFFRSE inst we_line_ram[1] that is redundant to we_line_ram[0]
I: Removed bmsWIDEDFFRSE inst we_line_ram[1] that is redundant to we_line_ram[0]
I: Removed bmsWIDEDFFRSE inst we_line_ram[1] that is redundant to we_line_ram[0]
I: Removed bmsWIDEDFFRSE inst we_line_ram[1] that is redundant to we_line_ram[0]
I: Removed bmsWIDEDFFRSE inst we_line_ram[1] that is redundant to we_line_ram[0]
I: Removed bmsWIDEDFFRSE inst we_line_ram[1] that is redundant to we_line_ram[0]
I: Removed bmsWIDEDFFRSE inst we_line_ram[1] that is redundant to we_line_ram[0]
I: Removed bmsWIDEDFFRSE inst we_line_ram[1] that is redundant to we_line_ram[0]
I: Encoding type of FSM 'state_fsm[6:0]' is: onehot.
I: Encoding table of FSM 'state_fsm[6:0]':
I: from  ms72xx_ctl/U1_ms7200_ctl/state[6] ms72xx_ctl/U1_ms7200_ctl/state[5] ms72xx_ctl/U1_ms7200_ctl/state[4] ms72xx_ctl/U1_ms7200_ctl/state[3] ms72xx_ctl/U1_ms7200_ctl/state[2] ms72xx_ctl/U1_ms7200_ctl/state[1] ms72xx_ctl/U1_ms7200_ctl/state[0]
I: to  ms72xx_ctl/U1_ms7200_ctl/state_reg[4] ms72xx_ctl/U1_ms7200_ctl/state_reg[3] ms72xx_ctl/U1_ms7200_ctl/state_reg[2] ms72xx_ctl/U1_ms7200_ctl/state_reg[1] ms72xx_ctl/U1_ms7200_ctl/state_reg[0]
I: 0000001 => 00001
I: 0000010 => 00010
I: 0000100 => 00100
I: 0010000 => 01000
I: 0100000 => 10000
I: Encoding type of FSM 'state_fsm[5:0]' is: onehot.
I: Encoding table of FSM 'state_fsm[5:0]':
I: from  ms72xx_ctl/U2_ms7210_ctl/state[5] ms72xx_ctl/U2_ms7210_ctl/state[4] ms72xx_ctl/U2_ms7210_ctl/state[3] ms72xx_ctl/U2_ms7210_ctl/state[2] ms72xx_ctl/U2_ms7210_ctl/state[1] ms72xx_ctl/U2_ms7210_ctl/state[0]
I: to  ms72xx_ctl/U2_ms7210_ctl/state_reg[5] ms72xx_ctl/U2_ms7210_ctl/state_reg[4] ms72xx_ctl/U2_ms7210_ctl/state_reg[3] ms72xx_ctl/U2_ms7210_ctl/state_reg[2] ms72xx_ctl/U2_ms7210_ctl/state_reg[1] ms72xx_ctl/U2_ms7210_ctl/state_reg[0]
I: 000001 => 000001
I: 000010 => 000010
I: 000100 => 000100
I: 001000 => 001000
I: 010000 => 010000
I: 100000 => 100000
I: Encoding type of FSM 'state_fsm[2:0]' is: onehot.
I: Encoding table of FSM 'state_fsm[2:0]':
I: from  ms72xx_ctl/iic_dri/state[2] ms72xx_ctl/iic_dri/state[1] ms72xx_ctl/iic_dri/state[0]
I: to  ms72xx_ctl/iic_dri/state_reg[6] ms72xx_ctl/iic_dri/state_reg[5] ms72xx_ctl/iic_dri/state_reg[4] ms72xx_ctl/iic_dri/state_reg[3] ms72xx_ctl/iic_dri/state_reg[2] ms72xx_ctl/iic_dri/state_reg[1] ms72xx_ctl/iic_dri/state_reg[0]
I: 000 => 0000001
I: 001 => 0000010
I: 010 => 0000100
I: 011 => 0001000
I: 100 => 0010000
I: 101 => 0100000
I: 110 => 1000000
I: Encoding type of FSM 'word_cnt_fsm[5:0]' is: onehot.
I: Encoding table of FSM 'word_cnt_fsm[5:0]':
I: from  u_box_overlay_sync/word_cnt[5] u_box_overlay_sync/word_cnt[4] u_box_overlay_sync/word_cnt[3] u_box_overlay_sync/word_cnt[2] u_box_overlay_sync/word_cnt[1] u_box_overlay_sync/word_cnt[0]
I: to  u_box_overlay_sync/word_cnt_reg[6] u_box_overlay_sync/word_cnt_reg[5] u_box_overlay_sync/word_cnt_reg[4] u_box_overlay_sync/word_cnt_reg[3] u_box_overlay_sync/word_cnt_reg[2] u_box_overlay_sync/word_cnt_reg[1] u_box_overlay_sync/word_cnt_reg[0]
I: 000000 => 0000001
I: 000001 => 0000010
I: 000010 => 0000100
I: 000011 => 0001000
I: 000100 => 0010000
I: 000101 => 0100000
I: 000110 => 1000000
I: Encoding type of FSM 'state_fsm[1:0]' is: onehot.
I: Encoding table of FSM 'state_fsm[1:0]':
I: from  u_crop_buffer_manager/state[1] u_crop_buffer_manager/state[0]
I: to  u_crop_buffer_manager/state_reg[2] u_crop_buffer_manager/state_reg[1] u_crop_buffer_manager/state_reg[0]
I: 00 => 001
I: 01 => 010
I: 10 => 100
I: Encoding type of FSM 'wr_state_fsm[1:0]' is: onehot.
I: Encoding table of FSM 'wr_state_fsm[1:0]':
I: from  u_ddr_video_delay_sync/wr_state[1] u_ddr_video_delay_sync/wr_state[0]
I: to  u_ddr_video_delay_sync/wr_state_reg[2] u_ddr_video_delay_sync/wr_state_reg[1] u_ddr_video_delay_sync/wr_state_reg[0]
I: 00 => 001
I: 01 => 010
I: 10 => 100
I: Encoding type of FSM 'rd_state_fsm[1:0]' is: onehot.
I: Encoding table of FSM 'rd_state_fsm[1:0]':
I: from  u_ddr_video_delay_sync/rd_state[1] u_ddr_video_delay_sync/rd_state[0]
I: to  u_ddr_video_delay_sync/rd_state_reg[3] u_ddr_video_delay_sync/rd_state_reg[2] u_ddr_video_delay_sync/rd_state_reg[1] u_ddr_video_delay_sync/rd_state_reg[0]
I: 00 => 0001
I: 01 => 0010
I: 10 => 0100
I: 11 => 1000
I: Encoding type of FSM 'genblk1.rdcal_state_fsm[4:0]' is: onehot.
I: Encoding table of FSM 'genblk1.rdcal_state_fsm[4:0]':
I: from  u_ddr_video_delay_sync/u_ddr3_test/u_ddrphy_top/ddrphy_calib_top/ddrphy_rdcal/genblk1.rdcal_state[4] u_ddr_video_delay_sync/u_ddr3_test/u_ddrphy_top/ddrphy_calib_top/ddrphy_rdcal/genblk1.rdcal_state[3] u_ddr_video_delay_sync/u_ddr3_test/u_ddrphy_top/ddrphy_calib_top/ddrphy_rdcal/genblk1.rdcal_state[2] u_ddr_video_delay_sync/u_ddr3_test/u_ddrphy_top/ddrphy_calib_top/ddrphy_rdcal/genblk1.rdcal_state[1] u_ddr_video_delay_sync/u_ddr3_test/u_ddrphy_top/ddrphy_calib_top/ddrphy_rdcal/genblk1.rdcal_state[0]
I: to  u_ddr_video_delay_sync/u_ddr3_test/u_ddrphy_top/ddrphy_calib_top/ddrphy_rdcal/genblk1.rdcal_state_reg[19] u_ddr_video_delay_sync/u_ddr3_test/u_ddrphy_top/ddrphy_calib_top/ddrphy_rdcal/genblk1.rdcal_state_reg[18] u_ddr_video_delay_sync/u_ddr3_test/u_ddrphy_top/ddrphy_calib_top/ddrphy_rdcal/genblk1.rdcal_state_reg[17] u_ddr_video_delay_sync/u_ddr3_test/u_ddrphy_top/ddrphy_calib_top/ddrphy_rdcal/genblk1.rdcal_state_reg[16] u_ddr_video_delay_sync/u_ddr3_test/u_ddrphy_top/ddrphy_calib_top/ddrphy_rdcal/genblk1.rdcal_state_reg[15] u_ddr_video_delay_sync/u_ddr3_test/u_ddrphy_top/ddrphy_calib_top/ddrphy_rdcal/genblk1.rdcal_state_reg[14] u_ddr_video_delay_sync/u_ddr3_test/u_ddrphy_top/ddrphy_calib_top/ddrphy_rdcal/genblk1.rdcal_state_reg[13] u_ddr_video_delay_sync/u_ddr3_test/u_ddrphy_top/ddrphy_calib_top/ddrphy_rdcal/genblk1.rdcal_state_reg[12] u_ddr_video_delay_sync/u_ddr3_test/u_ddrphy_top/ddrphy_calib_top/ddrphy_rdcal/genblk1.rdcal_state_reg[11] u_ddr_video_delay_sync/u_ddr3_test/u_ddrphy_top/ddrphy_calib_top/ddrphy_rdcal/genblk1.rdcal_state_reg[10] u_ddr_video_delay_sync/u_ddr3_test/u_ddrphy_top/ddrphy_calib_top/ddrphy_rdcal/genblk1.rdcal_state_reg[9] u_ddr_video_delay_sync/u_ddr3_test/u_ddrphy_top/ddrphy_calib_top/ddrphy_rdcal/genblk1.rdcal_state_reg[8] u_ddr_video_delay_sync/u_ddr3_test/u_ddrphy_top/ddrphy_calib_top/ddrphy_rdcal/genblk1.rdcal_state_reg[7] u_ddr_video_delay_sync/u_ddr3_test/u_ddrphy_top/ddrphy_calib_top/ddrphy_rdcal/genblk1.rdcal_state_reg[6] u_ddr_video_delay_sync/u_ddr3_test/u_ddrphy_top/ddrphy_calib_top/ddrphy_rdcal/genblk1.rdcal_state_reg[5] u_ddr_video_delay_sync/u_ddr3_test/u_ddrphy_top/ddrphy_calib_top/ddrphy_rdcal/genblk1.rdcal_state_reg[4] u_ddr_video_delay_sync/u_ddr3_test/u_ddrphy_top/ddrphy_calib_top/ddrphy_rdcal/genblk1.rdcal_state_reg[3] u_ddr_video_delay_sync/u_ddr3_test/u_ddrphy_top/ddrphy_calib_top/ddrphy_rdcal/genblk1.rdcal_state_reg[2] u_ddr_video_delay_sync/u_ddr3_test/u_ddrphy_top/ddrphy_calib_top/ddrphy_rdcal/genblk1.rdcal_state_reg[1] u_ddr_video_delay_sync/u_ddr3_test/u_ddrphy_top/ddrphy_calib_top/ddrphy_rdcal/genblk1.rdcal_state_reg[0]
I: 00000 => 00000000000000000001
I: 00001 => 00000000000000000010
I: 00010 => 00000000000000000100
I: 00011 => 00000000000000001000
I: 00100 => 00000000000000010000
I: 00101 => 00000000000000100000
I: 00110 => 00000000000001000000
I: 00111 => 00000000000010000000
I: 01000 => 00000000000100000000
I: 01001 => 00000000001000000000
I: 01010 => 00000000010000000000
I: 01011 => 00000000100000000000
I: 01100 => 00000001000000000000
I: 01101 => 00000010000000000000
I: 01110 => 00000100000000000000
I: 01111 => 00001000000000000000
I: 10000 => 00010000000000000000
I: 10001 => 00100000000000000000
I: 10010 => 01000000000000000000
I: 10011 => 10000000000000000000
I: Encoding type of FSM 'upcal_state_fsm[3:0]' is: onehot.
I: Encoding table of FSM 'upcal_state_fsm[3:0]':
I: from  u_ddr_video_delay_sync/u_ddr3_test/u_ddrphy_top/ddrphy_calib_top/ddrphy_upcal/upcal_state[3] u_ddr_video_delay_sync/u_ddr3_test/u_ddrphy_top/ddrphy_calib_top/ddrphy_upcal/upcal_state[2] u_ddr_video_delay_sync/u_ddr3_test/u_ddrphy_top/ddrphy_calib_top/ddrphy_upcal/upcal_state[1] u_ddr_video_delay_sync/u_ddr3_test/u_ddrphy_top/ddrphy_calib_top/ddrphy_upcal/upcal_state[0]
I: to  u_ddr_video_delay_sync/u_ddr3_test/u_ddrphy_top/ddrphy_calib_top/ddrphy_upcal/upcal_state_reg[2] u_ddr_video_delay_sync/u_ddr3_test/u_ddrphy_top/ddrphy_calib_top/ddrphy_upcal/upcal_state_reg[1] u_ddr_video_delay_sync/u_ddr3_test/u_ddrphy_top/ddrphy_calib_top/ddrphy_upcal/upcal_state_reg[0]
I: 0000 => 001
I: 0001 => 010
I: 0010 => 100
I: Encoding type of FSM 'wrcal_state_fsm[3:0]' is: onehot.
I: Encoding table of FSM 'wrcal_state_fsm[3:0]':
I: from  u_ddr_video_delay_sync/u_ddr3_test/u_ddrphy_top/ddrphy_calib_top/ddrphy_wrcal/wrcal_state[3] u_ddr_video_delay_sync/u_ddr3_test/u_ddrphy_top/ddrphy_calib_top/ddrphy_wrcal/wrcal_state[2] u_ddr_video_delay_sync/u_ddr3_test/u_ddrphy_top/ddrphy_calib_top/ddrphy_wrcal/wrcal_state[1] u_ddr_video_delay_sync/u_ddr3_test/u_ddrphy_top/ddrphy_calib_top/ddrphy_wrcal/wrcal_state[0]
I: to  u_ddr_video_delay_sync/u_ddr3_test/u_ddrphy_top/ddrphy_calib_top/ddrphy_wrcal/wrcal_state_reg[7] u_ddr_video_delay_sync/u_ddr3_test/u_ddrphy_top/ddrphy_calib_top/ddrphy_wrcal/wrcal_state_reg[6] u_ddr_video_delay_sync/u_ddr3_test/u_ddrphy_top/ddrphy_calib_top/ddrphy_wrcal/wrcal_state_reg[5] u_ddr_video_delay_sync/u_ddr3_test/u_ddrphy_top/ddrphy_calib_top/ddrphy_wrcal/wrcal_state_reg[4] u_ddr_video_delay_sync/u_ddr3_test/u_ddrphy_top/ddrphy_calib_top/ddrphy_wrcal/wrcal_state_reg[3] u_ddr_video_delay_sync/u_ddr3_test/u_ddrphy_top/ddrphy_calib_top/ddrphy_wrcal/wrcal_state_reg[2] u_ddr_video_delay_sync/u_ddr3_test/u_ddrphy_top/ddrphy_calib_top/ddrphy_wrcal/wrcal_state_reg[1] u_ddr_video_delay_sync/u_ddr3_test/u_ddrphy_top/ddrphy_calib_top/ddrphy_wrcal/wrcal_state_reg[0]
I: 0000 => 00000001
I: 0001 => 00000010
I: 0010 => 00000100
I: 0011 => 00001000
I: 0100 => 00010000
I: 0101 => 00100000
I: 1001 => 01000000
I: 1010 => 10000000
I: Encoding type of FSM 'wrlvl_state_fsm[3:0]' is: onehot.
I: Encoding table of FSM 'wrlvl_state_fsm[3:0]':
I: from  u_ddr_video_delay_sync/u_ddr3_test/u_ddrphy_top/ddrphy_calib_top/ddrphy_wrlvl/wrlvl_state[3] u_ddr_video_delay_sync/u_ddr3_test/u_ddrphy_top/ddrphy_calib_top/ddrphy_wrlvl/wrlvl_state[2] u_ddr_video_delay_sync/u_ddr3_test/u_ddrphy_top/ddrphy_calib_top/ddrphy_wrlvl/wrlvl_state[1] u_ddr_video_delay_sync/u_ddr3_test/u_ddrphy_top/ddrphy_calib_top/ddrphy_wrlvl/wrlvl_state[0]
I: to  u_ddr_video_delay_sync/u_ddr3_test/u_ddrphy_top/ddrphy_calib_top/ddrphy_wrlvl/wrlvl_state_reg[8] u_ddr_video_delay_sync/u_ddr3_test/u_ddrphy_top/ddrphy_calib_top/ddrphy_wrlvl/wrlvl_state_reg[7] u_ddr_video_delay_sync/u_ddr3_test/u_ddrphy_top/ddrphy_calib_top/ddrphy_wrlvl/wrlvl_state_reg[6] u_ddr_video_delay_sync/u_ddr3_test/u_ddrphy_top/ddrphy_calib_top/ddrphy_wrlvl/wrlvl_state_reg[5] u_ddr_video_delay_sync/u_ddr3_test/u_ddrphy_top/ddrphy_calib_top/ddrphy_wrlvl/wrlvl_state_reg[4] u_ddr_video_delay_sync/u_ddr3_test/u_ddrphy_top/ddrphy_calib_top/ddrphy_wrlvl/wrlvl_state_reg[3] u_ddr_video_delay_sync/u_ddr3_test/u_ddrphy_top/ddrphy_calib_top/ddrphy_wrlvl/wrlvl_state_reg[2] u_ddr_video_delay_sync/u_ddr3_test/u_ddrphy_top/ddrphy_calib_top/ddrphy_wrlvl/wrlvl_state_reg[1] u_ddr_video_delay_sync/u_ddr3_test/u_ddrphy_top/ddrphy_calib_top/ddrphy_wrlvl/wrlvl_state_reg[0]
I: 0000 => 000000001
I: 0001 => 000000010
I: 0010 => 000000100
I: 0011 => 000001000
I: 0100 => 000010000
I: 0101 => 000100000
I: 0110 => 001000000
I: 0111 => 010000000
I: 1000 => 100000000
I: Encoding type of FSM 'eyecal_state_fsm[3:0]' is: onehot.
I: Encoding table of FSM 'eyecal_state_fsm[3:0]':
I: from  u_ddr_video_delay_sync/u_ddr3_test/u_ddrphy_top/ddrphy_calib_top/ddrphy_eyecal/eyecal_state[3] u_ddr_video_delay_sync/u_ddr3_test/u_ddrphy_top/ddrphy_calib_top/ddrphy_eyecal/eyecal_state[2] u_ddr_video_delay_sync/u_ddr3_test/u_ddrphy_top/ddrphy_calib_top/ddrphy_eyecal/eyecal_state[1] u_ddr_video_delay_sync/u_ddr3_test/u_ddrphy_top/ddrphy_calib_top/ddrphy_eyecal/eyecal_state[0]
I: to  u_ddr_video_delay_sync/u_ddr3_test/u_ddrphy_top/ddrphy_calib_top/ddrphy_eyecal/eyecal_state_reg[9] u_ddr_video_delay_sync/u_ddr3_test/u_ddrphy_top/ddrphy_calib_top/ddrphy_eyecal/eyecal_state_reg[8] u_ddr_video_delay_sync/u_ddr3_test/u_ddrphy_top/ddrphy_calib_top/ddrphy_eyecal/eyecal_state_reg[7] u_ddr_video_delay_sync/u_ddr3_test/u_ddrphy_top/ddrphy_calib_top/ddrphy_eyecal/eyecal_state_reg[6] u_ddr_video_delay_sync/u_ddr3_test/u_ddrphy_top/ddrphy_calib_top/ddrphy_eyecal/eyecal_state_reg[5] u_ddr_video_delay_sync/u_ddr3_test/u_ddrphy_top/ddrphy_calib_top/ddrphy_eyecal/eyecal_state_reg[4] u_ddr_video_delay_sync/u_ddr3_test/u_ddrphy_top/ddrphy_calib_top/ddrphy_eyecal/eyecal_state_reg[3] u_ddr_video_delay_sync/u_ddr3_test/u_ddrphy_top/ddrphy_calib_top/ddrphy_eyecal/eyecal_state_reg[2] u_ddr_video_delay_sync/u_ddr3_test/u_ddrphy_top/ddrphy_calib_top/ddrphy_eyecal/eyecal_state_reg[1] u_ddr_video_delay_sync/u_ddr3_test/u_ddrphy_top/ddrphy_calib_top/ddrphy_eyecal/eyecal_state_reg[0]
I: 0000 => 0000000001
I: 0001 => 0000000010
I: 0010 => 0000000100
I: 0011 => 0000001000
I: 0100 => 0000010000
I: 0101 => 0000100000
I: 0110 => 0001000000
I: 0111 => 0010000000
I: 1000 => 0100000000
I: 1001 => 1000000000
I: Encoding type of FSM 'init_state_fsm[3:0]' is: onehot.
I: Encoding table of FSM 'init_state_fsm[3:0]':
I: from  u_ddr_video_delay_sync/u_ddr3_test/u_ddrphy_top/ddrphy_calib_top/ddrphy_init/init_state[3] u_ddr_video_delay_sync/u_ddr3_test/u_ddrphy_top/ddrphy_calib_top/ddrphy_init/init_state[2] u_ddr_video_delay_sync/u_ddr3_test/u_ddrphy_top/ddrphy_calib_top/ddrphy_init/init_state[1] u_ddr_video_delay_sync/u_ddr3_test/u_ddrphy_top/ddrphy_calib_top/ddrphy_init/init_state[0]
I: to  u_ddr_video_delay_sync/u_ddr3_test/u_ddrphy_top/ddrphy_calib_top/ddrphy_init/init_state_reg[9] u_ddr_video_delay_sync/u_ddr3_test/u_ddrphy_top/ddrphy_calib_top/ddrphy_init/init_state_reg[8] u_ddr_video_delay_sync/u_ddr3_test/u_ddrphy_top/ddrphy_calib_top/ddrphy_init/init_state_reg[7] u_ddr_video_delay_sync/u_ddr3_test/u_ddrphy_top/ddrphy_calib_top/ddrphy_init/init_state_reg[6] u_ddr_video_delay_sync/u_ddr3_test/u_ddrphy_top/ddrphy_calib_top/ddrphy_init/init_state_reg[5] u_ddr_video_delay_sync/u_ddr3_test/u_ddrphy_top/ddrphy_calib_top/ddrphy_init/init_state_reg[4] u_ddr_video_delay_sync/u_ddr3_test/u_ddrphy_top/ddrphy_calib_top/ddrphy_init/init_state_reg[3] u_ddr_video_delay_sync/u_ddr3_test/u_ddrphy_top/ddrphy_calib_top/ddrphy_init/init_state_reg[2] u_ddr_video_delay_sync/u_ddr3_test/u_ddrphy_top/ddrphy_calib_top/ddrphy_init/init_state_reg[1] u_ddr_video_delay_sync/u_ddr3_test/u_ddrphy_top/ddrphy_calib_top/ddrphy_init/init_state_reg[0]
I: 0000 => 0000000001
I: 0001 => 0000000010
I: 0010 => 0000000100
I: 0011 => 0000001000
I: 0100 => 0000010000
I: 0101 => 0000100000
I: 0110 => 0001000000
I: 0111 => 0010000000
I: 1000 => 0100000000
I: 1001 => 1000000000
I: Encoding type of FSM 'error_status_fsm[3:0]' is: onehot.
I: Encoding table of FSM 'error_status_fsm[3:0]':
I: from  u_ddr_video_delay_sync/u_ddr3_test/u_ddrphy_top/ddrphy_calib_top/ddrphy_main_ctrl/error_status[3] u_ddr_video_delay_sync/u_ddr3_test/u_ddrphy_top/ddrphy_calib_top/ddrphy_main_ctrl/error_status[2] u_ddr_video_delay_sync/u_ddr3_test/u_ddrphy_top/ddrphy_calib_top/ddrphy_main_ctrl/error_status[1] u_ddr_video_delay_sync/u_ddr3_test/u_ddrphy_top/ddrphy_calib_top/ddrphy_main_ctrl/error_status[0]
I: to  u_ddr_video_delay_sync/u_ddr3_test/u_ddrphy_top/ddrphy_calib_top/ddrphy_main_ctrl/error_status_reg[6] u_ddr_video_delay_sync/u_ddr3_test/u_ddrphy_top/ddrphy_calib_top/ddrphy_main_ctrl/error_status_reg[5] u_ddr_video_delay_sync/u_ddr3_test/u_ddrphy_top/ddrphy_calib_top/ddrphy_main_ctrl/error_status_reg[4] u_ddr_video_delay_sync/u_ddr3_test/u_ddrphy_top/ddrphy_calib_top/ddrphy_main_ctrl/error_status_reg[3] u_ddr_video_delay_sync/u_ddr3_test/u_ddrphy_top/ddrphy_calib_top/ddrphy_main_ctrl/error_status_reg[2] u_ddr_video_delay_sync/u_ddr3_test/u_ddrphy_top/ddrphy_calib_top/ddrphy_main_ctrl/error_status_reg[1] u_ddr_video_delay_sync/u_ddr3_test/u_ddrphy_top/ddrphy_calib_top/ddrphy_main_ctrl/error_status_reg[0]
I: 0000 => 0000001
I: 0001 => 0000010
I: 0010 => 0000100
I: 0011 => 0001000
I: 0100 => 0010000
I: 0101 => 0100000
I: 0110 => 1000000
I: Encoding type of FSM 'main_state_fsm[3:0]' is: onehot.
I: Encoding table of FSM 'main_state_fsm[3:0]':
I: from  u_ddr_video_delay_sync/u_ddr3_test/u_ddrphy_top/ddrphy_calib_top/ddrphy_main_ctrl/main_state[3] u_ddr_video_delay_sync/u_ddr3_test/u_ddrphy_top/ddrphy_calib_top/ddrphy_main_ctrl/main_state[2] u_ddr_video_delay_sync/u_ddr3_test/u_ddrphy_top/ddrphy_calib_top/ddrphy_main_ctrl/main_state[1] u_ddr_video_delay_sync/u_ddr3_test/u_ddrphy_top/ddrphy_calib_top/ddrphy_main_ctrl/main_state[0]
I: to  u_ddr_video_delay_sync/u_ddr3_test/u_ddrphy_top/ddrphy_calib_top/ddrphy_main_ctrl/main_state_reg[7] u_ddr_video_delay_sync/u_ddr3_test/u_ddrphy_top/ddrphy_calib_top/ddrphy_main_ctrl/main_state_reg[6] u_ddr_video_delay_sync/u_ddr3_test/u_ddrphy_top/ddrphy_calib_top/ddrphy_main_ctrl/main_state_reg[5] u_ddr_video_delay_sync/u_ddr3_test/u_ddrphy_top/ddrphy_calib_top/ddrphy_main_ctrl/main_state_reg[4] u_ddr_video_delay_sync/u_ddr3_test/u_ddrphy_top/ddrphy_calib_top/ddrphy_main_ctrl/main_state_reg[3] u_ddr_video_delay_sync/u_ddr3_test/u_ddrphy_top/ddrphy_calib_top/ddrphy_main_ctrl/main_state_reg[2] u_ddr_video_delay_sync/u_ddr3_test/u_ddrphy_top/ddrphy_calib_top/ddrphy_main_ctrl/main_state_reg[1] u_ddr_video_delay_sync/u_ddr3_test/u_ddrphy_top/ddrphy_calib_top/ddrphy_main_ctrl/main_state_reg[0]
I: 0000 => 00000001
I: 0001 => 00000010
I: 0010 => 00000100
I: 0011 => 00001000
I: 0100 => 00010000
I: 0101 => 00100000
I: 0110 => 01000000
I: 0111 => 10000000
I: Encoding type of FSM 'cpd_state_fsm[3:0]' is: onehot.
I: Encoding table of FSM 'cpd_state_fsm[3:0]':
I: from  u_ddr_video_delay_sync/u_ddr3_test/u_ddrphy_top/ddrphy_cpd_ctrl/cpd_state[3] u_ddr_video_delay_sync/u_ddr3_test/u_ddrphy_top/ddrphy_cpd_ctrl/cpd_state[2] u_ddr_video_delay_sync/u_ddr3_test/u_ddrphy_top/ddrphy_cpd_ctrl/cpd_state[1] u_ddr_video_delay_sync/u_ddr3_test/u_ddrphy_top/ddrphy_cpd_ctrl/cpd_state[0]
I: to  u_ddr_video_delay_sync/u_ddr3_test/u_ddrphy_top/ddrphy_cpd_ctrl/cpd_state_reg[9] u_ddr_video_delay_sync/u_ddr3_test/u_ddrphy_top/ddrphy_cpd_ctrl/cpd_state_reg[8] u_ddr_video_delay_sync/u_ddr3_test/u_ddrphy_top/ddrphy_cpd_ctrl/cpd_state_reg[7] u_ddr_video_delay_sync/u_ddr3_test/u_ddrphy_top/ddrphy_cpd_ctrl/cpd_state_reg[6] u_ddr_video_delay_sync/u_ddr3_test/u_ddrphy_top/ddrphy_cpd_ctrl/cpd_state_reg[5] u_ddr_video_delay_sync/u_ddr3_test/u_ddrphy_top/ddrphy_cpd_ctrl/cpd_state_reg[4] u_ddr_video_delay_sync/u_ddr3_test/u_ddrphy_top/ddrphy_cpd_ctrl/cpd_state_reg[3] u_ddr_video_delay_sync/u_ddr3_test/u_ddrphy_top/ddrphy_cpd_ctrl/cpd_state_reg[2] u_ddr_video_delay_sync/u_ddr3_test/u_ddrphy_top/ddrphy_cpd_ctrl/cpd_state_reg[1] u_ddr_video_delay_sync/u_ddr3_test/u_ddrphy_top/ddrphy_cpd_ctrl/cpd_state_reg[0]
I: 0000 => 0000000001
I: 0001 => 0000000010
I: 0010 => 0000000100
I: 0011 => 0000001000
I: 0100 => 0000010000
I: 0101 => 0000100000
I: 0110 => 0001000000
I: 0111 => 0010000000
I: 1000 => 0100000000
I: 1001 => 1000000000
I: Encoding type of FSM 'state_fsm[1:0]' is: onehot.
I: Encoding table of FSM 'state_fsm[1:0]':
I: from  u_ddr_video_delay_sync/u_ddr3_test/u_ddrphy_top/ddrphy_dll_update_ctrl/state[1] u_ddr_video_delay_sync/u_ddr3_test/u_ddrphy_top/ddrphy_dll_update_ctrl/state[0]
I: to  u_ddr_video_delay_sync/u_ddr3_test/u_ddrphy_top/ddrphy_dll_update_ctrl/state_reg[3] u_ddr_video_delay_sync/u_ddr3_test/u_ddrphy_top/ddrphy_dll_update_ctrl/state_reg[2] u_ddr_video_delay_sync/u_ddr3_test/u_ddrphy_top/ddrphy_dll_update_ctrl/state_reg[1] u_ddr_video_delay_sync/u_ddr3_test/u_ddrphy_top/ddrphy_dll_update_ctrl/state_reg[0]
I: 00 => 0001
I: 01 => 0010
I: 10 => 0100
I: 11 => 1000
I: Encoding type of FSM 'state_fsm[3:0]' is: onehot.
I: Encoding table of FSM 'state_fsm[3:0]':
I: from  u_ddr_video_delay_sync/u_ddr3_test/u_ddrphy_top/ddrphy_reset_ctrl/state[3] u_ddr_video_delay_sync/u_ddr3_test/u_ddrphy_top/ddrphy_reset_ctrl/state[2] u_ddr_video_delay_sync/u_ddr3_test/u_ddrphy_top/ddrphy_reset_ctrl/state[1] u_ddr_video_delay_sync/u_ddr3_test/u_ddrphy_top/ddrphy_reset_ctrl/state[0]
I: to  u_ddr_video_delay_sync/u_ddr3_test/u_ddrphy_top/ddrphy_reset_ctrl/state_reg[10] u_ddr_video_delay_sync/u_ddr3_test/u_ddrphy_top/ddrphy_reset_ctrl/state_reg[9] u_ddr_video_delay_sync/u_ddr3_test/u_ddrphy_top/ddrphy_reset_ctrl/state_reg[8] u_ddr_video_delay_sync/u_ddr3_test/u_ddrphy_top/ddrphy_reset_ctrl/state_reg[7] u_ddr_video_delay_sync/u_ddr3_test/u_ddrphy_top/ddrphy_reset_ctrl/state_reg[6] u_ddr_video_delay_sync/u_ddr3_test/u_ddrphy_top/ddrphy_reset_ctrl/state_reg[5] u_ddr_video_delay_sync/u_ddr3_test/u_ddrphy_top/ddrphy_reset_ctrl/state_reg[4] u_ddr_video_delay_sync/u_ddr3_test/u_ddrphy_top/ddrphy_reset_ctrl/state_reg[3] u_ddr_video_delay_sync/u_ddr3_test/u_ddrphy_top/ddrphy_reset_ctrl/state_reg[2] u_ddr_video_delay_sync/u_ddr3_test/u_ddrphy_top/ddrphy_reset_ctrl/state_reg[1] u_ddr_video_delay_sync/u_ddr3_test/u_ddrphy_top/ddrphy_reset_ctrl/state_reg[0]
I: 0000 => 00000000001
I: 0001 => 00000000010
I: 0010 => 00000000100
I: 0011 => 00000001000
I: 0100 => 00000010000
I: 0101 => 00000100000
I: 0110 => 00001000000
I: 0111 => 00010000000
I: 1000 => 00100000000
I: 1001 => 01000000000
I: 1010 => 10000000000
I: Encoding type of FSM 'gate_state_fsm[2:0]' is: onehot.
I: Encoding table of FSM 'gate_state_fsm[2:0]':
I: from  u_ddr_video_delay_sync/u_ddr3_test/u_ddrphy_top/ddrphy_slice_top/i_dqs_group[0].ddrphy_data_slice/ddrphy_data_slice_dqs_gate_cal/ddrphy_gatecal/gate_state[2] u_ddr_video_delay_sync/u_ddr3_test/u_ddrphy_top/ddrphy_slice_top/i_dqs_group[0].ddrphy_data_slice/ddrphy_data_slice_dqs_gate_cal/ddrphy_gatecal/gate_state[1] u_ddr_video_delay_sync/u_ddr3_test/u_ddrphy_top/ddrphy_slice_top/i_dqs_group[0].ddrphy_data_slice/ddrphy_data_slice_dqs_gate_cal/ddrphy_gatecal/gate_state[0]
I: to  u_ddr_video_delay_sync/u_ddr3_test/u_ddrphy_top/ddrphy_slice_top/i_dqs_group[0].ddrphy_data_slice/ddrphy_data_slice_dqs_gate_cal/ddrphy_gatecal/gate_state_reg[5] u_ddr_video_delay_sync/u_ddr3_test/u_ddrphy_top/ddrphy_slice_top/i_dqs_group[0].ddrphy_data_slice/ddrphy_data_slice_dqs_gate_cal/ddrphy_gatecal/gate_state_reg[4] u_ddr_video_delay_sync/u_ddr3_test/u_ddrphy_top/ddrphy_slice_top/i_dqs_group[0].ddrphy_data_slice/ddrphy_data_slice_dqs_gate_cal/ddrphy_gatecal/gate_state_reg[3] u_ddr_video_delay_sync/u_ddr3_test/u_ddrphy_top/ddrphy_slice_top/i_dqs_group[0].ddrphy_data_slice/ddrphy_data_slice_dqs_gate_cal/ddrphy_gatecal/gate_state_reg[2] u_ddr_video_delay_sync/u_ddr3_test/u_ddrphy_top/ddrphy_slice_top/i_dqs_group[0].ddrphy_data_slice/ddrphy_data_slice_dqs_gate_cal/ddrphy_gatecal/gate_state_reg[1] u_ddr_video_delay_sync/u_ddr3_test/u_ddrphy_top/ddrphy_slice_top/i_dqs_group[0].ddrphy_data_slice/ddrphy_data_slice_dqs_gate_cal/ddrphy_gatecal/gate_state_reg[0]
I: 000 => 000001
I: 001 => 000010
I: 010 => 000100
I: 011 => 001000
I: 100 => 010000
I: 101 => 100000
I: Encoding type of FSM 'state_fsm[3:0]' is: onehot.
I: Encoding table of FSM 'state_fsm[3:0]':
I: from  u_ddr_video_delay_sync/u_ddr3_test/u_ddrphy_top/ddrphy_slice_top/i_dqs_group[0].ddrphy_data_slice/ddrphy_data_slice_wrcal/state[3] u_ddr_video_delay_sync/u_ddr3_test/u_ddrphy_top/ddrphy_slice_top/i_dqs_group[0].ddrphy_data_slice/ddrphy_data_slice_wrcal/state[2] u_ddr_video_delay_sync/u_ddr3_test/u_ddrphy_top/ddrphy_slice_top/i_dqs_group[0].ddrphy_data_slice/ddrphy_data_slice_wrcal/state[1] u_ddr_video_delay_sync/u_ddr3_test/u_ddrphy_top/ddrphy_slice_top/i_dqs_group[0].ddrphy_data_slice/ddrphy_data_slice_wrcal/state[0]
I: to  u_ddr_video_delay_sync/u_ddr3_test/u_ddrphy_top/ddrphy_slice_top/i_dqs_group[0].ddrphy_data_slice/ddrphy_data_slice_wrcal/state_reg[13] u_ddr_video_delay_sync/u_ddr3_test/u_ddrphy_top/ddrphy_slice_top/i_dqs_group[0].ddrphy_data_slice/ddrphy_data_slice_wrcal/state_reg[12] u_ddr_video_delay_sync/u_ddr3_test/u_ddrphy_top/ddrphy_slice_top/i_dqs_group[0].ddrphy_data_slice/ddrphy_data_slice_wrcal/state_reg[11] u_ddr_video_delay_sync/u_ddr3_test/u_ddrphy_top/ddrphy_slice_top/i_dqs_group[0].ddrphy_data_slice/ddrphy_data_slice_wrcal/state_reg[10] u_ddr_video_delay_sync/u_ddr3_test/u_ddrphy_top/ddrphy_slice_top/i_dqs_group[0].ddrphy_data_slice/ddrphy_data_slice_wrcal/state_reg[9] u_ddr_video_delay_sync/u_ddr3_test/u_ddrphy_top/ddrphy_slice_top/i_dqs_group[0].ddrphy_data_slice/ddrphy_data_slice_wrcal/state_reg[8] u_ddr_video_delay_sync/u_ddr3_test/u_ddrphy_top/ddrphy_slice_top/i_dqs_group[0].ddrphy_data_slice/ddrphy_data_slice_wrcal/state_reg[7] u_ddr_video_delay_sync/u_ddr3_test/u_ddrphy_top/ddrphy_slice_top/i_dqs_group[0].ddrphy_data_slice/ddrphy_data_slice_wrcal/state_reg[6] u_ddr_video_delay_sync/u_ddr3_test/u_ddrphy_top/ddrphy_slice_top/i_dqs_group[0].ddrphy_data_slice/ddrphy_data_slice_wrcal/state_reg[5] u_ddr_video_delay_sync/u_ddr3_test/u_ddrphy_top/ddrphy_slice_top/i_dqs_group[0].ddrphy_data_slice/ddrphy_data_slice_wrcal/state_reg[4] u_ddr_video_delay_sync/u_ddr3_test/u_ddrphy_top/ddrphy_slice_top/i_dqs_group[0].ddrphy_data_slice/ddrphy_data_slice_wrcal/state_reg[3] u_ddr_video_delay_sync/u_ddr3_test/u_ddrphy_top/ddrphy_slice_top/i_dqs_group[0].ddrphy_data_slice/ddrphy_data_slice_wrcal/state_reg[2] u_ddr_video_delay_sync/u_ddr3_test/u_ddrphy_top/ddrphy_slice_top/i_dqs_group[0].ddrphy_data_slice/ddrphy_data_slice_wrcal/state_reg[1] u_ddr_video_delay_sync/u_ddr3_test/u_ddrphy_top/ddrphy_slice_top/i_dqs_group[0].ddrphy_data_slice/ddrphy_data_slice_wrcal/state_reg[0]
I: 0000 => 00000000000001
I: 0001 => 00000000000010
I: 0010 => 00000000000100
I: 0011 => 00000000001000
I: 0100 => 00000000010000
I: 0101 => 00000000100000
I: 0110 => 00000001000000
I: 0111 => 00000010000000
I: 1000 => 00000100000000
I: 1001 => 00001000000000
I: 1010 => 00010000000000
I: 1011 => 00100000000000
I: 1100 => 01000000000000
I: 1101 => 10000000000000
I: Encoding type of FSM 'wl_state_fsm[2:0]' is: onehot.
I: Encoding table of FSM 'wl_state_fsm[2:0]':
I: from  u_ddr_video_delay_sync/u_ddr3_test/u_ddrphy_top/ddrphy_slice_top/i_dqs_group[0].ddrphy_data_slice/ddrphy_data_slice_wrlvl/wl_state[2] u_ddr_video_delay_sync/u_ddr3_test/u_ddrphy_top/ddrphy_slice_top/i_dqs_group[0].ddrphy_data_slice/ddrphy_data_slice_wrlvl/wl_state[1] u_ddr_video_delay_sync/u_ddr3_test/u_ddrphy_top/ddrphy_slice_top/i_dqs_group[0].ddrphy_data_slice/ddrphy_data_slice_wrlvl/wl_state[0]
I: to  u_ddr_video_delay_sync/u_ddr3_test/u_ddrphy_top/ddrphy_slice_top/i_dqs_group[0].ddrphy_data_slice/ddrphy_data_slice_wrlvl/wl_state_reg[6] u_ddr_video_delay_sync/u_ddr3_test/u_ddrphy_top/ddrphy_slice_top/i_dqs_group[0].ddrphy_data_slice/ddrphy_data_slice_wrlvl/wl_state_reg[5] u_ddr_video_delay_sync/u_ddr3_test/u_ddrphy_top/ddrphy_slice_top/i_dqs_group[0].ddrphy_data_slice/ddrphy_data_slice_wrlvl/wl_state_reg[4] u_ddr_video_delay_sync/u_ddr3_test/u_ddrphy_top/ddrphy_slice_top/i_dqs_group[0].ddrphy_data_slice/ddrphy_data_slice_wrlvl/wl_state_reg[3] u_ddr_video_delay_sync/u_ddr3_test/u_ddrphy_top/ddrphy_slice_top/i_dqs_group[0].ddrphy_data_slice/ddrphy_data_slice_wrlvl/wl_state_reg[2] u_ddr_video_delay_sync/u_ddr3_test/u_ddrphy_top/ddrphy_slice_top/i_dqs_group[0].ddrphy_data_slice/ddrphy_data_slice_wrlvl/wl_state_reg[1] u_ddr_video_delay_sync/u_ddr3_test/u_ddrphy_top/ddrphy_slice_top/i_dqs_group[0].ddrphy_data_slice/ddrphy_data_slice_wrlvl/wl_state_reg[0]
I: 000 => 0000001
I: 001 => 0000010
I: 010 => 0000100
I: 011 => 0001000
I: 100 => 0010000
I: 101 => 0100000
I: 110 => 1000000
I: Encoding type of FSM 'gdet_state_fsm[2:0]' is: onehot.
I: Encoding table of FSM 'gdet_state_fsm[2:0]':
I: from  u_ddr_video_delay_sync/u_ddr3_test/u_ddrphy_top/ddrphy_slice_top/i_dqs_group[0].ddrphy_data_slice/ddrphy_dqs_rddata_align/gdet_state[2] u_ddr_video_delay_sync/u_ddr3_test/u_ddrphy_top/ddrphy_slice_top/i_dqs_group[0].ddrphy_data_slice/ddrphy_dqs_rddata_align/gdet_state[1] u_ddr_video_delay_sync/u_ddr3_test/u_ddrphy_top/ddrphy_slice_top/i_dqs_group[0].ddrphy_data_slice/ddrphy_dqs_rddata_align/gdet_state[0]
I: to  u_ddr_video_delay_sync/u_ddr3_test/u_ddrphy_top/ddrphy_slice_top/i_dqs_group[0].ddrphy_data_slice/ddrphy_dqs_rddata_align/gdet_state_reg[4] u_ddr_video_delay_sync/u_ddr3_test/u_ddrphy_top/ddrphy_slice_top/i_dqs_group[0].ddrphy_data_slice/ddrphy_dqs_rddata_align/gdet_state_reg[3] u_ddr_video_delay_sync/u_ddr3_test/u_ddrphy_top/ddrphy_slice_top/i_dqs_group[0].ddrphy_data_slice/ddrphy_dqs_rddata_align/gdet_state_reg[2] u_ddr_video_delay_sync/u_ddr3_test/u_ddrphy_top/ddrphy_slice_top/i_dqs_group[0].ddrphy_data_slice/ddrphy_dqs_rddata_align/gdet_state_reg[1] u_ddr_video_delay_sync/u_ddr3_test/u_ddrphy_top/ddrphy_slice_top/i_dqs_group[0].ddrphy_data_slice/ddrphy_dqs_rddata_align/gdet_state_reg[0]
I: 000 => 00001
I: 001 => 00010
I: 010 => 00100
I: 011 => 01000
I: 100 => 10000
I: Encoding type of FSM 'rdchk_state1_fsm[3:0]' is: onehot.
I: Encoding table of FSM 'rdchk_state1_fsm[3:0]':
I: from  u_ddr_video_delay_sync/u_ddr3_test/u_ddrphy_top/ddrphy_slice_top/i_dqs_group[0].ddrphy_data_slice/ddrphy_dqs_rddata_align/rdchk_state1[3] u_ddr_video_delay_sync/u_ddr3_test/u_ddrphy_top/ddrphy_slice_top/i_dqs_group[0].ddrphy_data_slice/ddrphy_dqs_rddata_align/rdchk_state1[2] u_ddr_video_delay_sync/u_ddr3_test/u_ddrphy_top/ddrphy_slice_top/i_dqs_group[0].ddrphy_data_slice/ddrphy_dqs_rddata_align/rdchk_state1[1] u_ddr_video_delay_sync/u_ddr3_test/u_ddrphy_top/ddrphy_slice_top/i_dqs_group[0].ddrphy_data_slice/ddrphy_dqs_rddata_align/rdchk_state1[0]
I: to  u_ddr_video_delay_sync/u_ddr3_test/u_ddrphy_top/ddrphy_slice_top/i_dqs_group[0].ddrphy_data_slice/ddrphy_dqs_rddata_align/rdchk_state1_reg[6] u_ddr_video_delay_sync/u_ddr3_test/u_ddrphy_top/ddrphy_slice_top/i_dqs_group[0].ddrphy_data_slice/ddrphy_dqs_rddata_align/rdchk_state1_reg[5] u_ddr_video_delay_sync/u_ddr3_test/u_ddrphy_top/ddrphy_slice_top/i_dqs_group[0].ddrphy_data_slice/ddrphy_dqs_rddata_align/rdchk_state1_reg[4] u_ddr_video_delay_sync/u_ddr3_test/u_ddrphy_top/ddrphy_slice_top/i_dqs_group[0].ddrphy_data_slice/ddrphy_dqs_rddata_align/rdchk_state1_reg[3] u_ddr_video_delay_sync/u_ddr3_test/u_ddrphy_top/ddrphy_slice_top/i_dqs_group[0].ddrphy_data_slice/ddrphy_dqs_rddata_align/rdchk_state1_reg[2] u_ddr_video_delay_sync/u_ddr3_test/u_ddrphy_top/ddrphy_slice_top/i_dqs_group[0].ddrphy_data_slice/ddrphy_dqs_rddata_align/rdchk_state1_reg[1] u_ddr_video_delay_sync/u_ddr3_test/u_ddrphy_top/ddrphy_slice_top/i_dqs_group[0].ddrphy_data_slice/ddrphy_dqs_rddata_align/rdchk_state1_reg[0]
I: 0000 => 0000001
I: 0001 => 0000010
I: 0010 => 0000100
I: 0011 => 0001000
I: 0100 => 0010000
I: 0101 => 0100000
I: 0110 => 1000000
I: Encoding type of FSM 'rdchk_state0_fsm[3:0]' is: onehot.
I: Encoding table of FSM 'rdchk_state0_fsm[3:0]':
I: from  u_ddr_video_delay_sync/u_ddr3_test/u_ddrphy_top/ddrphy_slice_top/i_dqs_group[0].ddrphy_data_slice/ddrphy_dqs_rddata_align/rdchk_state0[3] u_ddr_video_delay_sync/u_ddr3_test/u_ddrphy_top/ddrphy_slice_top/i_dqs_group[0].ddrphy_data_slice/ddrphy_dqs_rddata_align/rdchk_state0[2] u_ddr_video_delay_sync/u_ddr3_test/u_ddrphy_top/ddrphy_slice_top/i_dqs_group[0].ddrphy_data_slice/ddrphy_dqs_rddata_align/rdchk_state0[1] u_ddr_video_delay_sync/u_ddr3_test/u_ddrphy_top/ddrphy_slice_top/i_dqs_group[0].ddrphy_data_slice/ddrphy_dqs_rddata_align/rdchk_state0[0]
I: to  u_ddr_video_delay_sync/u_ddr3_test/u_ddrphy_top/ddrphy_slice_top/i_dqs_group[0].ddrphy_data_slice/ddrphy_dqs_rddata_align/rdchk_state0_reg[6] u_ddr_video_delay_sync/u_ddr3_test/u_ddrphy_top/ddrphy_slice_top/i_dqs_group[0].ddrphy_data_slice/ddrphy_dqs_rddata_align/rdchk_state0_reg[5] u_ddr_video_delay_sync/u_ddr3_test/u_ddrphy_top/ddrphy_slice_top/i_dqs_group[0].ddrphy_data_slice/ddrphy_dqs_rddata_align/rdchk_state0_reg[4] u_ddr_video_delay_sync/u_ddr3_test/u_ddrphy_top/ddrphy_slice_top/i_dqs_group[0].ddrphy_data_slice/ddrphy_dqs_rddata_align/rdchk_state0_reg[3] u_ddr_video_delay_sync/u_ddr3_test/u_ddrphy_top/ddrphy_slice_top/i_dqs_group[0].ddrphy_data_slice/ddrphy_dqs_rddata_align/rdchk_state0_reg[2] u_ddr_video_delay_sync/u_ddr3_test/u_ddrphy_top/ddrphy_slice_top/i_dqs_group[0].ddrphy_data_slice/ddrphy_dqs_rddata_align/rdchk_state0_reg[1] u_ddr_video_delay_sync/u_ddr3_test/u_ddrphy_top/ddrphy_slice_top/i_dqs_group[0].ddrphy_data_slice/ddrphy_dqs_rddata_align/rdchk_state0_reg[0]
I: 0000 => 0000001
I: 0001 => 0000010
I: 0010 => 0000100
I: 0011 => 0001000
I: 0100 => 0010000
I: 0101 => 0100000
I: 0110 => 1000000
I: Encoding type of FSM 'state_fsm[3:0]' is: onehot.
I: Encoding table of FSM 'state_fsm[3:0]':
I: from  u_ddr_video_delay_sync/u_ddr3_test/u_ddrphy_top/ddrphy_slice_top/i_dqs_group[0].ddrphy_data_slice/ddrphy_dqsi_rdel_cal/state[3] u_ddr_video_delay_sync/u_ddr3_test/u_ddrphy_top/ddrphy_slice_top/i_dqs_group[0].ddrphy_data_slice/ddrphy_dqsi_rdel_cal/state[2] u_ddr_video_delay_sync/u_ddr3_test/u_ddrphy_top/ddrphy_slice_top/i_dqs_group[0].ddrphy_data_slice/ddrphy_dqsi_rdel_cal/state[1] u_ddr_video_delay_sync/u_ddr3_test/u_ddrphy_top/ddrphy_slice_top/i_dqs_group[0].ddrphy_data_slice/ddrphy_dqsi_rdel_cal/state[0]
I: to  u_ddr_video_delay_sync/u_ddr3_test/u_ddrphy_top/ddrphy_slice_top/i_dqs_group[0].ddrphy_data_slice/ddrphy_dqsi_rdel_cal/state_reg[11] u_ddr_video_delay_sync/u_ddr3_test/u_ddrphy_top/ddrphy_slice_top/i_dqs_group[0].ddrphy_data_slice/ddrphy_dqsi_rdel_cal/state_reg[10] u_ddr_video_delay_sync/u_ddr3_test/u_ddrphy_top/ddrphy_slice_top/i_dqs_group[0].ddrphy_data_slice/ddrphy_dqsi_rdel_cal/state_reg[9] u_ddr_video_delay_sync/u_ddr3_test/u_ddrphy_top/ddrphy_slice_top/i_dqs_group[0].ddrphy_data_slice/ddrphy_dqsi_rdel_cal/state_reg[8] u_ddr_video_delay_sync/u_ddr3_test/u_ddrphy_top/ddrphy_slice_top/i_dqs_group[0].ddrphy_data_slice/ddrphy_dqsi_rdel_cal/state_reg[7] u_ddr_video_delay_sync/u_ddr3_test/u_ddrphy_top/ddrphy_slice_top/i_dqs_group[0].ddrphy_data_slice/ddrphy_dqsi_rdel_cal/state_reg[6] u_ddr_video_delay_sync/u_ddr3_test/u_ddrphy_top/ddrphy_slice_top/i_dqs_group[0].ddrphy_data_slice/ddrphy_dqsi_rdel_cal/state_reg[5] u_ddr_video_delay_sync/u_ddr3_test/u_ddrphy_top/ddrphy_slice_top/i_dqs_group[0].ddrphy_data_slice/ddrphy_dqsi_rdel_cal/state_reg[4] u_ddr_video_delay_sync/u_ddr3_test/u_ddrphy_top/ddrphy_slice_top/i_dqs_group[0].ddrphy_data_slice/ddrphy_dqsi_rdel_cal/state_reg[3] u_ddr_video_delay_sync/u_ddr3_test/u_ddrphy_top/ddrphy_slice_top/i_dqs_group[0].ddrphy_data_slice/ddrphy_dqsi_rdel_cal/state_reg[2] u_ddr_video_delay_sync/u_ddr3_test/u_ddrphy_top/ddrphy_slice_top/i_dqs_group[0].ddrphy_data_slice/ddrphy_dqsi_rdel_cal/state_reg[1] u_ddr_video_delay_sync/u_ddr3_test/u_ddrphy_top/ddrphy_slice_top/i_dqs_group[0].ddrphy_data_slice/ddrphy_dqsi_rdel_cal/state_reg[0]
I: 0000 => 000000000001
I: 0001 => 000000000010
I: 0010 => 000000000100
I: 0011 => 000000001000
I: 0100 => 000000010000
I: 0101 => 000000100000
I: 0110 => 000001000000
I: 0111 => 000010000000
I: 1000 => 000100000000
I: 1001 => 001000000000
I: 1010 => 010000000000
I: 1011 => 100000000000
I: Encoding type of FSM 'gate_state_fsm[2:0]' is: onehot.
I: Encoding table of FSM 'gate_state_fsm[2:0]':
I: from  u_ddr_video_delay_sync/u_ddr3_test/u_ddrphy_top/ddrphy_slice_top/i_dqs_group[1].ddrphy_data_slice/ddrphy_data_slice_dqs_gate_cal/ddrphy_gatecal/gate_state[2] u_ddr_video_delay_sync/u_ddr3_test/u_ddrphy_top/ddrphy_slice_top/i_dqs_group[1].ddrphy_data_slice/ddrphy_data_slice_dqs_gate_cal/ddrphy_gatecal/gate_state[1] u_ddr_video_delay_sync/u_ddr3_test/u_ddrphy_top/ddrphy_slice_top/i_dqs_group[1].ddrphy_data_slice/ddrphy_data_slice_dqs_gate_cal/ddrphy_gatecal/gate_state[0]
I: to  u_ddr_video_delay_sync/u_ddr3_test/u_ddrphy_top/ddrphy_slice_top/i_dqs_group[1].ddrphy_data_slice/ddrphy_data_slice_dqs_gate_cal/ddrphy_gatecal/gate_state_reg[5] u_ddr_video_delay_sync/u_ddr3_test/u_ddrphy_top/ddrphy_slice_top/i_dqs_group[1].ddrphy_data_slice/ddrphy_data_slice_dqs_gate_cal/ddrphy_gatecal/gate_state_reg[4] u_ddr_video_delay_sync/u_ddr3_test/u_ddrphy_top/ddrphy_slice_top/i_dqs_group[1].ddrphy_data_slice/ddrphy_data_slice_dqs_gate_cal/ddrphy_gatecal/gate_state_reg[3] u_ddr_video_delay_sync/u_ddr3_test/u_ddrphy_top/ddrphy_slice_top/i_dqs_group[1].ddrphy_data_slice/ddrphy_data_slice_dqs_gate_cal/ddrphy_gatecal/gate_state_reg[2] u_ddr_video_delay_sync/u_ddr3_test/u_ddrphy_top/ddrphy_slice_top/i_dqs_group[1].ddrphy_data_slice/ddrphy_data_slice_dqs_gate_cal/ddrphy_gatecal/gate_state_reg[1] u_ddr_video_delay_sync/u_ddr3_test/u_ddrphy_top/ddrphy_slice_top/i_dqs_group[1].ddrphy_data_slice/ddrphy_data_slice_dqs_gate_cal/ddrphy_gatecal/gate_state_reg[0]
I: 000 => 000001
I: 001 => 000010
I: 010 => 000100
I: 011 => 001000
I: 100 => 010000
I: 101 => 100000
I: Encoding type of FSM 'state_fsm[3:0]' is: onehot.
I: Encoding table of FSM 'state_fsm[3:0]':
I: from  u_ddr_video_delay_sync/u_ddr3_test/u_ddrphy_top/ddrphy_slice_top/i_dqs_group[1].ddrphy_data_slice/ddrphy_data_slice_wrcal/state[3] u_ddr_video_delay_sync/u_ddr3_test/u_ddrphy_top/ddrphy_slice_top/i_dqs_group[1].ddrphy_data_slice/ddrphy_data_slice_wrcal/state[2] u_ddr_video_delay_sync/u_ddr3_test/u_ddrphy_top/ddrphy_slice_top/i_dqs_group[1].ddrphy_data_slice/ddrphy_data_slice_wrcal/state[1] u_ddr_video_delay_sync/u_ddr3_test/u_ddrphy_top/ddrphy_slice_top/i_dqs_group[1].ddrphy_data_slice/ddrphy_data_slice_wrcal/state[0]
I: to  u_ddr_video_delay_sync/u_ddr3_test/u_ddrphy_top/ddrphy_slice_top/i_dqs_group[1].ddrphy_data_slice/ddrphy_data_slice_wrcal/state_reg[13] u_ddr_video_delay_sync/u_ddr3_test/u_ddrphy_top/ddrphy_slice_top/i_dqs_group[1].ddrphy_data_slice/ddrphy_data_slice_wrcal/state_reg[12] u_ddr_video_delay_sync/u_ddr3_test/u_ddrphy_top/ddrphy_slice_top/i_dqs_group[1].ddrphy_data_slice/ddrphy_data_slice_wrcal/state_reg[11] u_ddr_video_delay_sync/u_ddr3_test/u_ddrphy_top/ddrphy_slice_top/i_dqs_group[1].ddrphy_data_slice/ddrphy_data_slice_wrcal/state_reg[10] u_ddr_video_delay_sync/u_ddr3_test/u_ddrphy_top/ddrphy_slice_top/i_dqs_group[1].ddrphy_data_slice/ddrphy_data_slice_wrcal/state_reg[9] u_ddr_video_delay_sync/u_ddr3_test/u_ddrphy_top/ddrphy_slice_top/i_dqs_group[1].ddrphy_data_slice/ddrphy_data_slice_wrcal/state_reg[8] u_ddr_video_delay_sync/u_ddr3_test/u_ddrphy_top/ddrphy_slice_top/i_dqs_group[1].ddrphy_data_slice/ddrphy_data_slice_wrcal/state_reg[7] u_ddr_video_delay_sync/u_ddr3_test/u_ddrphy_top/ddrphy_slice_top/i_dqs_group[1].ddrphy_data_slice/ddrphy_data_slice_wrcal/state_reg[6] u_ddr_video_delay_sync/u_ddr3_test/u_ddrphy_top/ddrphy_slice_top/i_dqs_group[1].ddrphy_data_slice/ddrphy_data_slice_wrcal/state_reg[5] u_ddr_video_delay_sync/u_ddr3_test/u_ddrphy_top/ddrphy_slice_top/i_dqs_group[1].ddrphy_data_slice/ddrphy_data_slice_wrcal/state_reg[4] u_ddr_video_delay_sync/u_ddr3_test/u_ddrphy_top/ddrphy_slice_top/i_dqs_group[1].ddrphy_data_slice/ddrphy_data_slice_wrcal/state_reg[3] u_ddr_video_delay_sync/u_ddr3_test/u_ddrphy_top/ddrphy_slice_top/i_dqs_group[1].ddrphy_data_slice/ddrphy_data_slice_wrcal/state_reg[2] u_ddr_video_delay_sync/u_ddr3_test/u_ddrphy_top/ddrphy_slice_top/i_dqs_group[1].ddrphy_data_slice/ddrphy_data_slice_wrcal/state_reg[1] u_ddr_video_delay_sync/u_ddr3_test/u_ddrphy_top/ddrphy_slice_top/i_dqs_group[1].ddrphy_data_slice/ddrphy_data_slice_wrcal/state_reg[0]
I: 0000 => 00000000000001
I: 0001 => 00000000000010
I: 0010 => 00000000000100
I: 0011 => 00000000001000
I: 0100 => 00000000010000
I: 0101 => 00000000100000
I: 0110 => 00000001000000
I: 0111 => 00000010000000
I: 1000 => 00000100000000
I: 1001 => 00001000000000
I: 1010 => 00010000000000
I: 1011 => 00100000000000
I: 1100 => 01000000000000
I: 1101 => 10000000000000
I: Encoding type of FSM 'wl_state_fsm[2:0]' is: onehot.
I: Encoding table of FSM 'wl_state_fsm[2:0]':
I: from  u_ddr_video_delay_sync/u_ddr3_test/u_ddrphy_top/ddrphy_slice_top/i_dqs_group[1].ddrphy_data_slice/ddrphy_data_slice_wrlvl/wl_state[2] u_ddr_video_delay_sync/u_ddr3_test/u_ddrphy_top/ddrphy_slice_top/i_dqs_group[1].ddrphy_data_slice/ddrphy_data_slice_wrlvl/wl_state[1] u_ddr_video_delay_sync/u_ddr3_test/u_ddrphy_top/ddrphy_slice_top/i_dqs_group[1].ddrphy_data_slice/ddrphy_data_slice_wrlvl/wl_state[0]
I: to  u_ddr_video_delay_sync/u_ddr3_test/u_ddrphy_top/ddrphy_slice_top/i_dqs_group[1].ddrphy_data_slice/ddrphy_data_slice_wrlvl/wl_state_reg[6] u_ddr_video_delay_sync/u_ddr3_test/u_ddrphy_top/ddrphy_slice_top/i_dqs_group[1].ddrphy_data_slice/ddrphy_data_slice_wrlvl/wl_state_reg[5] u_ddr_video_delay_sync/u_ddr3_test/u_ddrphy_top/ddrphy_slice_top/i_dqs_group[1].ddrphy_data_slice/ddrphy_data_slice_wrlvl/wl_state_reg[4] u_ddr_video_delay_sync/u_ddr3_test/u_ddrphy_top/ddrphy_slice_top/i_dqs_group[1].ddrphy_data_slice/ddrphy_data_slice_wrlvl/wl_state_reg[3] u_ddr_video_delay_sync/u_ddr3_test/u_ddrphy_top/ddrphy_slice_top/i_dqs_group[1].ddrphy_data_slice/ddrphy_data_slice_wrlvl/wl_state_reg[2] u_ddr_video_delay_sync/u_ddr3_test/u_ddrphy_top/ddrphy_slice_top/i_dqs_group[1].ddrphy_data_slice/ddrphy_data_slice_wrlvl/wl_state_reg[1] u_ddr_video_delay_sync/u_ddr3_test/u_ddrphy_top/ddrphy_slice_top/i_dqs_group[1].ddrphy_data_slice/ddrphy_data_slice_wrlvl/wl_state_reg[0]
I: 000 => 0000001
I: 001 => 0000010
I: 010 => 0000100
I: 011 => 0001000
I: 100 => 0010000
I: 101 => 0100000
I: 110 => 1000000
I: Encoding type of FSM 'gdet_state_fsm[2:0]' is: onehot.
I: Encoding table of FSM 'gdet_state_fsm[2:0]':
I: from  u_ddr_video_delay_sync/u_ddr3_test/u_ddrphy_top/ddrphy_slice_top/i_dqs_group[1].ddrphy_data_slice/ddrphy_dqs_rddata_align/gdet_state[2] u_ddr_video_delay_sync/u_ddr3_test/u_ddrphy_top/ddrphy_slice_top/i_dqs_group[1].ddrphy_data_slice/ddrphy_dqs_rddata_align/gdet_state[1] u_ddr_video_delay_sync/u_ddr3_test/u_ddrphy_top/ddrphy_slice_top/i_dqs_group[1].ddrphy_data_slice/ddrphy_dqs_rddata_align/gdet_state[0]
I: to  u_ddr_video_delay_sync/u_ddr3_test/u_ddrphy_top/ddrphy_slice_top/i_dqs_group[1].ddrphy_data_slice/ddrphy_dqs_rddata_align/gdet_state_reg[4] u_ddr_video_delay_sync/u_ddr3_test/u_ddrphy_top/ddrphy_slice_top/i_dqs_group[1].ddrphy_data_slice/ddrphy_dqs_rddata_align/gdet_state_reg[3] u_ddr_video_delay_sync/u_ddr3_test/u_ddrphy_top/ddrphy_slice_top/i_dqs_group[1].ddrphy_data_slice/ddrphy_dqs_rddata_align/gdet_state_reg[2] u_ddr_video_delay_sync/u_ddr3_test/u_ddrphy_top/ddrphy_slice_top/i_dqs_group[1].ddrphy_data_slice/ddrphy_dqs_rddata_align/gdet_state_reg[1] u_ddr_video_delay_sync/u_ddr3_test/u_ddrphy_top/ddrphy_slice_top/i_dqs_group[1].ddrphy_data_slice/ddrphy_dqs_rddata_align/gdet_state_reg[0]
I: 000 => 00001
I: 001 => 00010
I: 010 => 00100
I: 011 => 01000
I: 100 => 10000
I: Encoding type of FSM 'rdchk_state1_fsm[3:0]' is: onehot.
I: Encoding table of FSM 'rdchk_state1_fsm[3:0]':
I: from  u_ddr_video_delay_sync/u_ddr3_test/u_ddrphy_top/ddrphy_slice_top/i_dqs_group[1].ddrphy_data_slice/ddrphy_dqs_rddata_align/rdchk_state1[3] u_ddr_video_delay_sync/u_ddr3_test/u_ddrphy_top/ddrphy_slice_top/i_dqs_group[1].ddrphy_data_slice/ddrphy_dqs_rddata_align/rdchk_state1[2] u_ddr_video_delay_sync/u_ddr3_test/u_ddrphy_top/ddrphy_slice_top/i_dqs_group[1].ddrphy_data_slice/ddrphy_dqs_rddata_align/rdchk_state1[1] u_ddr_video_delay_sync/u_ddr3_test/u_ddrphy_top/ddrphy_slice_top/i_dqs_group[1].ddrphy_data_slice/ddrphy_dqs_rddata_align/rdchk_state1[0]
I: to  u_ddr_video_delay_sync/u_ddr3_test/u_ddrphy_top/ddrphy_slice_top/i_dqs_group[1].ddrphy_data_slice/ddrphy_dqs_rddata_align/rdchk_state1_reg[6] u_ddr_video_delay_sync/u_ddr3_test/u_ddrphy_top/ddrphy_slice_top/i_dqs_group[1].ddrphy_data_slice/ddrphy_dqs_rddata_align/rdchk_state1_reg[5] u_ddr_video_delay_sync/u_ddr3_test/u_ddrphy_top/ddrphy_slice_top/i_dqs_group[1].ddrphy_data_slice/ddrphy_dqs_rddata_align/rdchk_state1_reg[4] u_ddr_video_delay_sync/u_ddr3_test/u_ddrphy_top/ddrphy_slice_top/i_dqs_group[1].ddrphy_data_slice/ddrphy_dqs_rddata_align/rdchk_state1_reg[3] u_ddr_video_delay_sync/u_ddr3_test/u_ddrphy_top/ddrphy_slice_top/i_dqs_group[1].ddrphy_data_slice/ddrphy_dqs_rddata_align/rdchk_state1_reg[2] u_ddr_video_delay_sync/u_ddr3_test/u_ddrphy_top/ddrphy_slice_top/i_dqs_group[1].ddrphy_data_slice/ddrphy_dqs_rddata_align/rdchk_state1_reg[1] u_ddr_video_delay_sync/u_ddr3_test/u_ddrphy_top/ddrphy_slice_top/i_dqs_group[1].ddrphy_data_slice/ddrphy_dqs_rddata_align/rdchk_state1_reg[0]
I: 0000 => 0000001
I: 0001 => 0000010
I: 0010 => 0000100
I: 0011 => 0001000
I: 0100 => 0010000
I: 0101 => 0100000
I: 0110 => 1000000
I: Encoding type of FSM 'rdchk_state0_fsm[3:0]' is: onehot.
I: Encoding table of FSM 'rdchk_state0_fsm[3:0]':
I: from  u_ddr_video_delay_sync/u_ddr3_test/u_ddrphy_top/ddrphy_slice_top/i_dqs_group[1].ddrphy_data_slice/ddrphy_dqs_rddata_align/rdchk_state0[3] u_ddr_video_delay_sync/u_ddr3_test/u_ddrphy_top/ddrphy_slice_top/i_dqs_group[1].ddrphy_data_slice/ddrphy_dqs_rddata_align/rdchk_state0[2] u_ddr_video_delay_sync/u_ddr3_test/u_ddrphy_top/ddrphy_slice_top/i_dqs_group[1].ddrphy_data_slice/ddrphy_dqs_rddata_align/rdchk_state0[1] u_ddr_video_delay_sync/u_ddr3_test/u_ddrphy_top/ddrphy_slice_top/i_dqs_group[1].ddrphy_data_slice/ddrphy_dqs_rddata_align/rdchk_state0[0]
I: to  u_ddr_video_delay_sync/u_ddr3_test/u_ddrphy_top/ddrphy_slice_top/i_dqs_group[1].ddrphy_data_slice/ddrphy_dqs_rddata_align/rdchk_state0_reg[6] u_ddr_video_delay_sync/u_ddr3_test/u_ddrphy_top/ddrphy_slice_top/i_dqs_group[1].ddrphy_data_slice/ddrphy_dqs_rddata_align/rdchk_state0_reg[5] u_ddr_video_delay_sync/u_ddr3_test/u_ddrphy_top/ddrphy_slice_top/i_dqs_group[1].ddrphy_data_slice/ddrphy_dqs_rddata_align/rdchk_state0_reg[4] u_ddr_video_delay_sync/u_ddr3_test/u_ddrphy_top/ddrphy_slice_top/i_dqs_group[1].ddrphy_data_slice/ddrphy_dqs_rddata_align/rdchk_state0_reg[3] u_ddr_video_delay_sync/u_ddr3_test/u_ddrphy_top/ddrphy_slice_top/i_dqs_group[1].ddrphy_data_slice/ddrphy_dqs_rddata_align/rdchk_state0_reg[2] u_ddr_video_delay_sync/u_ddr3_test/u_ddrphy_top/ddrphy_slice_top/i_dqs_group[1].ddrphy_data_slice/ddrphy_dqs_rddata_align/rdchk_state0_reg[1] u_ddr_video_delay_sync/u_ddr3_test/u_ddrphy_top/ddrphy_slice_top/i_dqs_group[1].ddrphy_data_slice/ddrphy_dqs_rddata_align/rdchk_state0_reg[0]
I: 0000 => 0000001
I: 0001 => 0000010
I: 0010 => 0000100
I: 0011 => 0001000
I: 0100 => 0010000
I: 0101 => 0100000
I: 0110 => 1000000
I: Encoding type of FSM 'state_fsm[3:0]' is: onehot.
I: Encoding table of FSM 'state_fsm[3:0]':
I: from  u_ddr_video_delay_sync/u_ddr3_test/u_ddrphy_top/ddrphy_slice_top/i_dqs_group[1].ddrphy_data_slice/ddrphy_dqsi_rdel_cal/state[3] u_ddr_video_delay_sync/u_ddr3_test/u_ddrphy_top/ddrphy_slice_top/i_dqs_group[1].ddrphy_data_slice/ddrphy_dqsi_rdel_cal/state[2] u_ddr_video_delay_sync/u_ddr3_test/u_ddrphy_top/ddrphy_slice_top/i_dqs_group[1].ddrphy_data_slice/ddrphy_dqsi_rdel_cal/state[1] u_ddr_video_delay_sync/u_ddr3_test/u_ddrphy_top/ddrphy_slice_top/i_dqs_group[1].ddrphy_data_slice/ddrphy_dqsi_rdel_cal/state[0]
I: to  u_ddr_video_delay_sync/u_ddr3_test/u_ddrphy_top/ddrphy_slice_top/i_dqs_group[1].ddrphy_data_slice/ddrphy_dqsi_rdel_cal/state_reg[11] u_ddr_video_delay_sync/u_ddr3_test/u_ddrphy_top/ddrphy_slice_top/i_dqs_group[1].ddrphy_data_slice/ddrphy_dqsi_rdel_cal/state_reg[10] u_ddr_video_delay_sync/u_ddr3_test/u_ddrphy_top/ddrphy_slice_top/i_dqs_group[1].ddrphy_data_slice/ddrphy_dqsi_rdel_cal/state_reg[9] u_ddr_video_delay_sync/u_ddr3_test/u_ddrphy_top/ddrphy_slice_top/i_dqs_group[1].ddrphy_data_slice/ddrphy_dqsi_rdel_cal/state_reg[8] u_ddr_video_delay_sync/u_ddr3_test/u_ddrphy_top/ddrphy_slice_top/i_dqs_group[1].ddrphy_data_slice/ddrphy_dqsi_rdel_cal/state_reg[7] u_ddr_video_delay_sync/u_ddr3_test/u_ddrphy_top/ddrphy_slice_top/i_dqs_group[1].ddrphy_data_slice/ddrphy_dqsi_rdel_cal/state_reg[6] u_ddr_video_delay_sync/u_ddr3_test/u_ddrphy_top/ddrphy_slice_top/i_dqs_group[1].ddrphy_data_slice/ddrphy_dqsi_rdel_cal/state_reg[5] u_ddr_video_delay_sync/u_ddr3_test/u_ddrphy_top/ddrphy_slice_top/i_dqs_group[1].ddrphy_data_slice/ddrphy_dqsi_rdel_cal/state_reg[4] u_ddr_video_delay_sync/u_ddr3_test/u_ddrphy_top/ddrphy_slice_top/i_dqs_group[1].ddrphy_data_slice/ddrphy_dqsi_rdel_cal/state_reg[3] u_ddr_video_delay_sync/u_ddr3_test/u_ddrphy_top/ddrphy_slice_top/i_dqs_group[1].ddrphy_data_slice/ddrphy_dqsi_rdel_cal/state_reg[2] u_ddr_video_delay_sync/u_ddr3_test/u_ddrphy_top/ddrphy_slice_top/i_dqs_group[1].ddrphy_data_slice/ddrphy_dqsi_rdel_cal/state_reg[1] u_ddr_video_delay_sync/u_ddr3_test/u_ddrphy_top/ddrphy_slice_top/i_dqs_group[1].ddrphy_data_slice/ddrphy_dqsi_rdel_cal/state_reg[0]
I: 0000 => 000000000001
I: 0001 => 000000000010
I: 0010 => 000000000100
I: 0011 => 000000001000
I: 0100 => 000000010000
I: 0101 => 000000100000
I: 0110 => 000001000000
I: 0111 => 000010000000
I: 1000 => 000100000000
I: 1001 => 001000000000
I: 1010 => 010000000000
I: 1011 => 100000000000
I: Encoding type of FSM 'gate_state_fsm[2:0]' is: onehot.
I: Encoding table of FSM 'gate_state_fsm[2:0]':
I: from  u_ddr_video_delay_sync/u_ddr3_test/u_ddrphy_top/ddrphy_slice_top/i_dqs_group[2].ddrphy_data_slice/ddrphy_data_slice_dqs_gate_cal/ddrphy_gatecal/gate_state[2] u_ddr_video_delay_sync/u_ddr3_test/u_ddrphy_top/ddrphy_slice_top/i_dqs_group[2].ddrphy_data_slice/ddrphy_data_slice_dqs_gate_cal/ddrphy_gatecal/gate_state[1] u_ddr_video_delay_sync/u_ddr3_test/u_ddrphy_top/ddrphy_slice_top/i_dqs_group[2].ddrphy_data_slice/ddrphy_data_slice_dqs_gate_cal/ddrphy_gatecal/gate_state[0]
I: to  u_ddr_video_delay_sync/u_ddr3_test/u_ddrphy_top/ddrphy_slice_top/i_dqs_group[2].ddrphy_data_slice/ddrphy_data_slice_dqs_gate_cal/ddrphy_gatecal/gate_state_reg[5] u_ddr_video_delay_sync/u_ddr3_test/u_ddrphy_top/ddrphy_slice_top/i_dqs_group[2].ddrphy_data_slice/ddrphy_data_slice_dqs_gate_cal/ddrphy_gatecal/gate_state_reg[4] u_ddr_video_delay_sync/u_ddr3_test/u_ddrphy_top/ddrphy_slice_top/i_dqs_group[2].ddrphy_data_slice/ddrphy_data_slice_dqs_gate_cal/ddrphy_gatecal/gate_state_reg[3] u_ddr_video_delay_sync/u_ddr3_test/u_ddrphy_top/ddrphy_slice_top/i_dqs_group[2].ddrphy_data_slice/ddrphy_data_slice_dqs_gate_cal/ddrphy_gatecal/gate_state_reg[2] u_ddr_video_delay_sync/u_ddr3_test/u_ddrphy_top/ddrphy_slice_top/i_dqs_group[2].ddrphy_data_slice/ddrphy_data_slice_dqs_gate_cal/ddrphy_gatecal/gate_state_reg[1] u_ddr_video_delay_sync/u_ddr3_test/u_ddrphy_top/ddrphy_slice_top/i_dqs_group[2].ddrphy_data_slice/ddrphy_data_slice_dqs_gate_cal/ddrphy_gatecal/gate_state_reg[0]
I: 000 => 000001
I: 001 => 000010
I: 010 => 000100
I: 011 => 001000
I: 100 => 010000
I: 101 => 100000
I: Encoding type of FSM 'state_fsm[3:0]' is: onehot.
I: Encoding table of FSM 'state_fsm[3:0]':
I: from  u_ddr_video_delay_sync/u_ddr3_test/u_ddrphy_top/ddrphy_slice_top/i_dqs_group[2].ddrphy_data_slice/ddrphy_data_slice_wrcal/state[3] u_ddr_video_delay_sync/u_ddr3_test/u_ddrphy_top/ddrphy_slice_top/i_dqs_group[2].ddrphy_data_slice/ddrphy_data_slice_wrcal/state[2] u_ddr_video_delay_sync/u_ddr3_test/u_ddrphy_top/ddrphy_slice_top/i_dqs_group[2].ddrphy_data_slice/ddrphy_data_slice_wrcal/state[1] u_ddr_video_delay_sync/u_ddr3_test/u_ddrphy_top/ddrphy_slice_top/i_dqs_group[2].ddrphy_data_slice/ddrphy_data_slice_wrcal/state[0]
I: to  u_ddr_video_delay_sync/u_ddr3_test/u_ddrphy_top/ddrphy_slice_top/i_dqs_group[2].ddrphy_data_slice/ddrphy_data_slice_wrcal/state_reg[13] u_ddr_video_delay_sync/u_ddr3_test/u_ddrphy_top/ddrphy_slice_top/i_dqs_group[2].ddrphy_data_slice/ddrphy_data_slice_wrcal/state_reg[12] u_ddr_video_delay_sync/u_ddr3_test/u_ddrphy_top/ddrphy_slice_top/i_dqs_group[2].ddrphy_data_slice/ddrphy_data_slice_wrcal/state_reg[11] u_ddr_video_delay_sync/u_ddr3_test/u_ddrphy_top/ddrphy_slice_top/i_dqs_group[2].ddrphy_data_slice/ddrphy_data_slice_wrcal/state_reg[10] u_ddr_video_delay_sync/u_ddr3_test/u_ddrphy_top/ddrphy_slice_top/i_dqs_group[2].ddrphy_data_slice/ddrphy_data_slice_wrcal/state_reg[9] u_ddr_video_delay_sync/u_ddr3_test/u_ddrphy_top/ddrphy_slice_top/i_dqs_group[2].ddrphy_data_slice/ddrphy_data_slice_wrcal/state_reg[8] u_ddr_video_delay_sync/u_ddr3_test/u_ddrphy_top/ddrphy_slice_top/i_dqs_group[2].ddrphy_data_slice/ddrphy_data_slice_wrcal/state_reg[7] u_ddr_video_delay_sync/u_ddr3_test/u_ddrphy_top/ddrphy_slice_top/i_dqs_group[2].ddrphy_data_slice/ddrphy_data_slice_wrcal/state_reg[6] u_ddr_video_delay_sync/u_ddr3_test/u_ddrphy_top/ddrphy_slice_top/i_dqs_group[2].ddrphy_data_slice/ddrphy_data_slice_wrcal/state_reg[5] u_ddr_video_delay_sync/u_ddr3_test/u_ddrphy_top/ddrphy_slice_top/i_dqs_group[2].ddrphy_data_slice/ddrphy_data_slice_wrcal/state_reg[4] u_ddr_video_delay_sync/u_ddr3_test/u_ddrphy_top/ddrphy_slice_top/i_dqs_group[2].ddrphy_data_slice/ddrphy_data_slice_wrcal/state_reg[3] u_ddr_video_delay_sync/u_ddr3_test/u_ddrphy_top/ddrphy_slice_top/i_dqs_group[2].ddrphy_data_slice/ddrphy_data_slice_wrcal/state_reg[2] u_ddr_video_delay_sync/u_ddr3_test/u_ddrphy_top/ddrphy_slice_top/i_dqs_group[2].ddrphy_data_slice/ddrphy_data_slice_wrcal/state_reg[1] u_ddr_video_delay_sync/u_ddr3_test/u_ddrphy_top/ddrphy_slice_top/i_dqs_group[2].ddrphy_data_slice/ddrphy_data_slice_wrcal/state_reg[0]
I: 0000 => 00000000000001
I: 0001 => 00000000000010
I: 0010 => 00000000000100
I: 0011 => 00000000001000
I: 0100 => 00000000010000
I: 0101 => 00000000100000
I: 0110 => 00000001000000
I: 0111 => 00000010000000
I: 1000 => 00000100000000
I: 1001 => 00001000000000
I: 1010 => 00010000000000
I: 1011 => 00100000000000
I: 1100 => 01000000000000
I: 1101 => 10000000000000
I: Encoding type of FSM 'wl_state_fsm[2:0]' is: onehot.
I: Encoding table of FSM 'wl_state_fsm[2:0]':
I: from  u_ddr_video_delay_sync/u_ddr3_test/u_ddrphy_top/ddrphy_slice_top/i_dqs_group[2].ddrphy_data_slice/ddrphy_data_slice_wrlvl/wl_state[2] u_ddr_video_delay_sync/u_ddr3_test/u_ddrphy_top/ddrphy_slice_top/i_dqs_group[2].ddrphy_data_slice/ddrphy_data_slice_wrlvl/wl_state[1] u_ddr_video_delay_sync/u_ddr3_test/u_ddrphy_top/ddrphy_slice_top/i_dqs_group[2].ddrphy_data_slice/ddrphy_data_slice_wrlvl/wl_state[0]
I: to  u_ddr_video_delay_sync/u_ddr3_test/u_ddrphy_top/ddrphy_slice_top/i_dqs_group[2].ddrphy_data_slice/ddrphy_data_slice_wrlvl/wl_state_reg[6] u_ddr_video_delay_sync/u_ddr3_test/u_ddrphy_top/ddrphy_slice_top/i_dqs_group[2].ddrphy_data_slice/ddrphy_data_slice_wrlvl/wl_state_reg[5] u_ddr_video_delay_sync/u_ddr3_test/u_ddrphy_top/ddrphy_slice_top/i_dqs_group[2].ddrphy_data_slice/ddrphy_data_slice_wrlvl/wl_state_reg[4] u_ddr_video_delay_sync/u_ddr3_test/u_ddrphy_top/ddrphy_slice_top/i_dqs_group[2].ddrphy_data_slice/ddrphy_data_slice_wrlvl/wl_state_reg[3] u_ddr_video_delay_sync/u_ddr3_test/u_ddrphy_top/ddrphy_slice_top/i_dqs_group[2].ddrphy_data_slice/ddrphy_data_slice_wrlvl/wl_state_reg[2] u_ddr_video_delay_sync/u_ddr3_test/u_ddrphy_top/ddrphy_slice_top/i_dqs_group[2].ddrphy_data_slice/ddrphy_data_slice_wrlvl/wl_state_reg[1] u_ddr_video_delay_sync/u_ddr3_test/u_ddrphy_top/ddrphy_slice_top/i_dqs_group[2].ddrphy_data_slice/ddrphy_data_slice_wrlvl/wl_state_reg[0]
I: 000 => 0000001
I: 001 => 0000010
I: 010 => 0000100
I: 011 => 0001000
I: 100 => 0010000
I: 101 => 0100000
I: 110 => 1000000
I: Encoding type of FSM 'gdet_state_fsm[2:0]' is: onehot.
I: Encoding table of FSM 'gdet_state_fsm[2:0]':
I: from  u_ddr_video_delay_sync/u_ddr3_test/u_ddrphy_top/ddrphy_slice_top/i_dqs_group[2].ddrphy_data_slice/ddrphy_dqs_rddata_align/gdet_state[2] u_ddr_video_delay_sync/u_ddr3_test/u_ddrphy_top/ddrphy_slice_top/i_dqs_group[2].ddrphy_data_slice/ddrphy_dqs_rddata_align/gdet_state[1] u_ddr_video_delay_sync/u_ddr3_test/u_ddrphy_top/ddrphy_slice_top/i_dqs_group[2].ddrphy_data_slice/ddrphy_dqs_rddata_align/gdet_state[0]
I: to  u_ddr_video_delay_sync/u_ddr3_test/u_ddrphy_top/ddrphy_slice_top/i_dqs_group[2].ddrphy_data_slice/ddrphy_dqs_rddata_align/gdet_state_reg[4] u_ddr_video_delay_sync/u_ddr3_test/u_ddrphy_top/ddrphy_slice_top/i_dqs_group[2].ddrphy_data_slice/ddrphy_dqs_rddata_align/gdet_state_reg[3] u_ddr_video_delay_sync/u_ddr3_test/u_ddrphy_top/ddrphy_slice_top/i_dqs_group[2].ddrphy_data_slice/ddrphy_dqs_rddata_align/gdet_state_reg[2] u_ddr_video_delay_sync/u_ddr3_test/u_ddrphy_top/ddrphy_slice_top/i_dqs_group[2].ddrphy_data_slice/ddrphy_dqs_rddata_align/gdet_state_reg[1] u_ddr_video_delay_sync/u_ddr3_test/u_ddrphy_top/ddrphy_slice_top/i_dqs_group[2].ddrphy_data_slice/ddrphy_dqs_rddata_align/gdet_state_reg[0]
I: 000 => 00001
I: 001 => 00010
I: 010 => 00100
I: 011 => 01000
I: 100 => 10000
I: Encoding type of FSM 'rdchk_state1_fsm[3:0]' is: onehot.
I: Encoding table of FSM 'rdchk_state1_fsm[3:0]':
I: from  u_ddr_video_delay_sync/u_ddr3_test/u_ddrphy_top/ddrphy_slice_top/i_dqs_group[2].ddrphy_data_slice/ddrphy_dqs_rddata_align/rdchk_state1[3] u_ddr_video_delay_sync/u_ddr3_test/u_ddrphy_top/ddrphy_slice_top/i_dqs_group[2].ddrphy_data_slice/ddrphy_dqs_rddata_align/rdchk_state1[2] u_ddr_video_delay_sync/u_ddr3_test/u_ddrphy_top/ddrphy_slice_top/i_dqs_group[2].ddrphy_data_slice/ddrphy_dqs_rddata_align/rdchk_state1[1] u_ddr_video_delay_sync/u_ddr3_test/u_ddrphy_top/ddrphy_slice_top/i_dqs_group[2].ddrphy_data_slice/ddrphy_dqs_rddata_align/rdchk_state1[0]
I: to  u_ddr_video_delay_sync/u_ddr3_test/u_ddrphy_top/ddrphy_slice_top/i_dqs_group[2].ddrphy_data_slice/ddrphy_dqs_rddata_align/rdchk_state1_reg[6] u_ddr_video_delay_sync/u_ddr3_test/u_ddrphy_top/ddrphy_slice_top/i_dqs_group[2].ddrphy_data_slice/ddrphy_dqs_rddata_align/rdchk_state1_reg[5] u_ddr_video_delay_sync/u_ddr3_test/u_ddrphy_top/ddrphy_slice_top/i_dqs_group[2].ddrphy_data_slice/ddrphy_dqs_rddata_align/rdchk_state1_reg[4] u_ddr_video_delay_sync/u_ddr3_test/u_ddrphy_top/ddrphy_slice_top/i_dqs_group[2].ddrphy_data_slice/ddrphy_dqs_rddata_align/rdchk_state1_reg[3] u_ddr_video_delay_sync/u_ddr3_test/u_ddrphy_top/ddrphy_slice_top/i_dqs_group[2].ddrphy_data_slice/ddrphy_dqs_rddata_align/rdchk_state1_reg[2] u_ddr_video_delay_sync/u_ddr3_test/u_ddrphy_top/ddrphy_slice_top/i_dqs_group[2].ddrphy_data_slice/ddrphy_dqs_rddata_align/rdchk_state1_reg[1] u_ddr_video_delay_sync/u_ddr3_test/u_ddrphy_top/ddrphy_slice_top/i_dqs_group[2].ddrphy_data_slice/ddrphy_dqs_rddata_align/rdchk_state1_reg[0]
I: 0000 => 0000001
I: 0001 => 0000010
I: 0010 => 0000100
I: 0011 => 0001000
I: 0100 => 0010000
I: 0101 => 0100000
I: 0110 => 1000000
I: Encoding type of FSM 'rdchk_state0_fsm[3:0]' is: onehot.
I: Encoding table of FSM 'rdchk_state0_fsm[3:0]':
I: from  u_ddr_video_delay_sync/u_ddr3_test/u_ddrphy_top/ddrphy_slice_top/i_dqs_group[2].ddrphy_data_slice/ddrphy_dqs_rddata_align/rdchk_state0[3] u_ddr_video_delay_sync/u_ddr3_test/u_ddrphy_top/ddrphy_slice_top/i_dqs_group[2].ddrphy_data_slice/ddrphy_dqs_rddata_align/rdchk_state0[2] u_ddr_video_delay_sync/u_ddr3_test/u_ddrphy_top/ddrphy_slice_top/i_dqs_group[2].ddrphy_data_slice/ddrphy_dqs_rddata_align/rdchk_state0[1] u_ddr_video_delay_sync/u_ddr3_test/u_ddrphy_top/ddrphy_slice_top/i_dqs_group[2].ddrphy_data_slice/ddrphy_dqs_rddata_align/rdchk_state0[0]
I: to  u_ddr_video_delay_sync/u_ddr3_test/u_ddrphy_top/ddrphy_slice_top/i_dqs_group[2].ddrphy_data_slice/ddrphy_dqs_rddata_align/rdchk_state0_reg[6] u_ddr_video_delay_sync/u_ddr3_test/u_ddrphy_top/ddrphy_slice_top/i_dqs_group[2].ddrphy_data_slice/ddrphy_dqs_rddata_align/rdchk_state0_reg[5] u_ddr_video_delay_sync/u_ddr3_test/u_ddrphy_top/ddrphy_slice_top/i_dqs_group[2].ddrphy_data_slice/ddrphy_dqs_rddata_align/rdchk_state0_reg[4] u_ddr_video_delay_sync/u_ddr3_test/u_ddrphy_top/ddrphy_slice_top/i_dqs_group[2].ddrphy_data_slice/ddrphy_dqs_rddata_align/rdchk_state0_reg[3] u_ddr_video_delay_sync/u_ddr3_test/u_ddrphy_top/ddrphy_slice_top/i_dqs_group[2].ddrphy_data_slice/ddrphy_dqs_rddata_align/rdchk_state0_reg[2] u_ddr_video_delay_sync/u_ddr3_test/u_ddrphy_top/ddrphy_slice_top/i_dqs_group[2].ddrphy_data_slice/ddrphy_dqs_rddata_align/rdchk_state0_reg[1] u_ddr_video_delay_sync/u_ddr3_test/u_ddrphy_top/ddrphy_slice_top/i_dqs_group[2].ddrphy_data_slice/ddrphy_dqs_rddata_align/rdchk_state0_reg[0]
I: 0000 => 0000001
I: 0001 => 0000010
I: 0010 => 0000100
I: 0011 => 0001000
I: 0100 => 0010000
I: 0101 => 0100000
I: 0110 => 1000000
I: Encoding type of FSM 'state_fsm[3:0]' is: onehot.
I: Encoding table of FSM 'state_fsm[3:0]':
I: from  u_ddr_video_delay_sync/u_ddr3_test/u_ddrphy_top/ddrphy_slice_top/i_dqs_group[2].ddrphy_data_slice/ddrphy_dqsi_rdel_cal/state[3] u_ddr_video_delay_sync/u_ddr3_test/u_ddrphy_top/ddrphy_slice_top/i_dqs_group[2].ddrphy_data_slice/ddrphy_dqsi_rdel_cal/state[2] u_ddr_video_delay_sync/u_ddr3_test/u_ddrphy_top/ddrphy_slice_top/i_dqs_group[2].ddrphy_data_slice/ddrphy_dqsi_rdel_cal/state[1] u_ddr_video_delay_sync/u_ddr3_test/u_ddrphy_top/ddrphy_slice_top/i_dqs_group[2].ddrphy_data_slice/ddrphy_dqsi_rdel_cal/state[0]
I: to  u_ddr_video_delay_sync/u_ddr3_test/u_ddrphy_top/ddrphy_slice_top/i_dqs_group[2].ddrphy_data_slice/ddrphy_dqsi_rdel_cal/state_reg[11] u_ddr_video_delay_sync/u_ddr3_test/u_ddrphy_top/ddrphy_slice_top/i_dqs_group[2].ddrphy_data_slice/ddrphy_dqsi_rdel_cal/state_reg[10] u_ddr_video_delay_sync/u_ddr3_test/u_ddrphy_top/ddrphy_slice_top/i_dqs_group[2].ddrphy_data_slice/ddrphy_dqsi_rdel_cal/state_reg[9] u_ddr_video_delay_sync/u_ddr3_test/u_ddrphy_top/ddrphy_slice_top/i_dqs_group[2].ddrphy_data_slice/ddrphy_dqsi_rdel_cal/state_reg[8] u_ddr_video_delay_sync/u_ddr3_test/u_ddrphy_top/ddrphy_slice_top/i_dqs_group[2].ddrphy_data_slice/ddrphy_dqsi_rdel_cal/state_reg[7] u_ddr_video_delay_sync/u_ddr3_test/u_ddrphy_top/ddrphy_slice_top/i_dqs_group[2].ddrphy_data_slice/ddrphy_dqsi_rdel_cal/state_reg[6] u_ddr_video_delay_sync/u_ddr3_test/u_ddrphy_top/ddrphy_slice_top/i_dqs_group[2].ddrphy_data_slice/ddrphy_dqsi_rdel_cal/state_reg[5] u_ddr_video_delay_sync/u_ddr3_test/u_ddrphy_top/ddrphy_slice_top/i_dqs_group[2].ddrphy_data_slice/ddrphy_dqsi_rdel_cal/state_reg[4] u_ddr_video_delay_sync/u_ddr3_test/u_ddrphy_top/ddrphy_slice_top/i_dqs_group[2].ddrphy_data_slice/ddrphy_dqsi_rdel_cal/state_reg[3] u_ddr_video_delay_sync/u_ddr3_test/u_ddrphy_top/ddrphy_slice_top/i_dqs_group[2].ddrphy_data_slice/ddrphy_dqsi_rdel_cal/state_reg[2] u_ddr_video_delay_sync/u_ddr3_test/u_ddrphy_top/ddrphy_slice_top/i_dqs_group[2].ddrphy_data_slice/ddrphy_dqsi_rdel_cal/state_reg[1] u_ddr_video_delay_sync/u_ddr3_test/u_ddrphy_top/ddrphy_slice_top/i_dqs_group[2].ddrphy_data_slice/ddrphy_dqsi_rdel_cal/state_reg[0]
I: 0000 => 000000000001
I: 0001 => 000000000010
I: 0010 => 000000000100
I: 0011 => 000000001000
I: 0100 => 000000010000
I: 0101 => 000000100000
I: 0110 => 000001000000
I: 0111 => 000010000000
I: 1000 => 000100000000
I: 1001 => 001000000000
I: 1010 => 010000000000
I: 1011 => 100000000000
I: Encoding type of FSM 'gate_state_fsm[2:0]' is: onehot.
I: Encoding table of FSM 'gate_state_fsm[2:0]':
I: from  u_ddr_video_delay_sync/u_ddr3_test/u_ddrphy_top/ddrphy_slice_top/i_dqs_group[3].ddrphy_data_slice/ddrphy_data_slice_dqs_gate_cal/ddrphy_gatecal/gate_state[2] u_ddr_video_delay_sync/u_ddr3_test/u_ddrphy_top/ddrphy_slice_top/i_dqs_group[3].ddrphy_data_slice/ddrphy_data_slice_dqs_gate_cal/ddrphy_gatecal/gate_state[1] u_ddr_video_delay_sync/u_ddr3_test/u_ddrphy_top/ddrphy_slice_top/i_dqs_group[3].ddrphy_data_slice/ddrphy_data_slice_dqs_gate_cal/ddrphy_gatecal/gate_state[0]
I: to  u_ddr_video_delay_sync/u_ddr3_test/u_ddrphy_top/ddrphy_slice_top/i_dqs_group[3].ddrphy_data_slice/ddrphy_data_slice_dqs_gate_cal/ddrphy_gatecal/gate_state_reg[5] u_ddr_video_delay_sync/u_ddr3_test/u_ddrphy_top/ddrphy_slice_top/i_dqs_group[3].ddrphy_data_slice/ddrphy_data_slice_dqs_gate_cal/ddrphy_gatecal/gate_state_reg[4] u_ddr_video_delay_sync/u_ddr3_test/u_ddrphy_top/ddrphy_slice_top/i_dqs_group[3].ddrphy_data_slice/ddrphy_data_slice_dqs_gate_cal/ddrphy_gatecal/gate_state_reg[3] u_ddr_video_delay_sync/u_ddr3_test/u_ddrphy_top/ddrphy_slice_top/i_dqs_group[3].ddrphy_data_slice/ddrphy_data_slice_dqs_gate_cal/ddrphy_gatecal/gate_state_reg[2] u_ddr_video_delay_sync/u_ddr3_test/u_ddrphy_top/ddrphy_slice_top/i_dqs_group[3].ddrphy_data_slice/ddrphy_data_slice_dqs_gate_cal/ddrphy_gatecal/gate_state_reg[1] u_ddr_video_delay_sync/u_ddr3_test/u_ddrphy_top/ddrphy_slice_top/i_dqs_group[3].ddrphy_data_slice/ddrphy_data_slice_dqs_gate_cal/ddrphy_gatecal/gate_state_reg[0]
I: 000 => 000001
I: 001 => 000010
I: 010 => 000100
I: 011 => 001000
I: 100 => 010000
I: 101 => 100000
I: Encoding type of FSM 'state_fsm[3:0]' is: onehot.
I: Encoding table of FSM 'state_fsm[3:0]':
I: from  u_ddr_video_delay_sync/u_ddr3_test/u_ddrphy_top/ddrphy_slice_top/i_dqs_group[3].ddrphy_data_slice/ddrphy_data_slice_wrcal/state[3] u_ddr_video_delay_sync/u_ddr3_test/u_ddrphy_top/ddrphy_slice_top/i_dqs_group[3].ddrphy_data_slice/ddrphy_data_slice_wrcal/state[2] u_ddr_video_delay_sync/u_ddr3_test/u_ddrphy_top/ddrphy_slice_top/i_dqs_group[3].ddrphy_data_slice/ddrphy_data_slice_wrcal/state[1] u_ddr_video_delay_sync/u_ddr3_test/u_ddrphy_top/ddrphy_slice_top/i_dqs_group[3].ddrphy_data_slice/ddrphy_data_slice_wrcal/state[0]
I: to  u_ddr_video_delay_sync/u_ddr3_test/u_ddrphy_top/ddrphy_slice_top/i_dqs_group[3].ddrphy_data_slice/ddrphy_data_slice_wrcal/state_reg[13] u_ddr_video_delay_sync/u_ddr3_test/u_ddrphy_top/ddrphy_slice_top/i_dqs_group[3].ddrphy_data_slice/ddrphy_data_slice_wrcal/state_reg[12] u_ddr_video_delay_sync/u_ddr3_test/u_ddrphy_top/ddrphy_slice_top/i_dqs_group[3].ddrphy_data_slice/ddrphy_data_slice_wrcal/state_reg[11] u_ddr_video_delay_sync/u_ddr3_test/u_ddrphy_top/ddrphy_slice_top/i_dqs_group[3].ddrphy_data_slice/ddrphy_data_slice_wrcal/state_reg[10] u_ddr_video_delay_sync/u_ddr3_test/u_ddrphy_top/ddrphy_slice_top/i_dqs_group[3].ddrphy_data_slice/ddrphy_data_slice_wrcal/state_reg[9] u_ddr_video_delay_sync/u_ddr3_test/u_ddrphy_top/ddrphy_slice_top/i_dqs_group[3].ddrphy_data_slice/ddrphy_data_slice_wrcal/state_reg[8] u_ddr_video_delay_sync/u_ddr3_test/u_ddrphy_top/ddrphy_slice_top/i_dqs_group[3].ddrphy_data_slice/ddrphy_data_slice_wrcal/state_reg[7] u_ddr_video_delay_sync/u_ddr3_test/u_ddrphy_top/ddrphy_slice_top/i_dqs_group[3].ddrphy_data_slice/ddrphy_data_slice_wrcal/state_reg[6] u_ddr_video_delay_sync/u_ddr3_test/u_ddrphy_top/ddrphy_slice_top/i_dqs_group[3].ddrphy_data_slice/ddrphy_data_slice_wrcal/state_reg[5] u_ddr_video_delay_sync/u_ddr3_test/u_ddrphy_top/ddrphy_slice_top/i_dqs_group[3].ddrphy_data_slice/ddrphy_data_slice_wrcal/state_reg[4] u_ddr_video_delay_sync/u_ddr3_test/u_ddrphy_top/ddrphy_slice_top/i_dqs_group[3].ddrphy_data_slice/ddrphy_data_slice_wrcal/state_reg[3] u_ddr_video_delay_sync/u_ddr3_test/u_ddrphy_top/ddrphy_slice_top/i_dqs_group[3].ddrphy_data_slice/ddrphy_data_slice_wrcal/state_reg[2] u_ddr_video_delay_sync/u_ddr3_test/u_ddrphy_top/ddrphy_slice_top/i_dqs_group[3].ddrphy_data_slice/ddrphy_data_slice_wrcal/state_reg[1] u_ddr_video_delay_sync/u_ddr3_test/u_ddrphy_top/ddrphy_slice_top/i_dqs_group[3].ddrphy_data_slice/ddrphy_data_slice_wrcal/state_reg[0]
I: 0000 => 00000000000001
I: 0001 => 00000000000010
I: 0010 => 00000000000100
I: 0011 => 00000000001000
I: 0100 => 00000000010000
I: 0101 => 00000000100000
I: 0110 => 00000001000000
I: 0111 => 00000010000000
I: 1000 => 00000100000000
I: 1001 => 00001000000000
I: 1010 => 00010000000000
I: 1011 => 00100000000000
I: 1100 => 01000000000000
I: 1101 => 10000000000000
I: Encoding type of FSM 'wl_state_fsm[2:0]' is: onehot.
I: Encoding table of FSM 'wl_state_fsm[2:0]':
I: from  u_ddr_video_delay_sync/u_ddr3_test/u_ddrphy_top/ddrphy_slice_top/i_dqs_group[3].ddrphy_data_slice/ddrphy_data_slice_wrlvl/wl_state[2] u_ddr_video_delay_sync/u_ddr3_test/u_ddrphy_top/ddrphy_slice_top/i_dqs_group[3].ddrphy_data_slice/ddrphy_data_slice_wrlvl/wl_state[1] u_ddr_video_delay_sync/u_ddr3_test/u_ddrphy_top/ddrphy_slice_top/i_dqs_group[3].ddrphy_data_slice/ddrphy_data_slice_wrlvl/wl_state[0]
I: to  u_ddr_video_delay_sync/u_ddr3_test/u_ddrphy_top/ddrphy_slice_top/i_dqs_group[3].ddrphy_data_slice/ddrphy_data_slice_wrlvl/wl_state_reg[6] u_ddr_video_delay_sync/u_ddr3_test/u_ddrphy_top/ddrphy_slice_top/i_dqs_group[3].ddrphy_data_slice/ddrphy_data_slice_wrlvl/wl_state_reg[5] u_ddr_video_delay_sync/u_ddr3_test/u_ddrphy_top/ddrphy_slice_top/i_dqs_group[3].ddrphy_data_slice/ddrphy_data_slice_wrlvl/wl_state_reg[4] u_ddr_video_delay_sync/u_ddr3_test/u_ddrphy_top/ddrphy_slice_top/i_dqs_group[3].ddrphy_data_slice/ddrphy_data_slice_wrlvl/wl_state_reg[3] u_ddr_video_delay_sync/u_ddr3_test/u_ddrphy_top/ddrphy_slice_top/i_dqs_group[3].ddrphy_data_slice/ddrphy_data_slice_wrlvl/wl_state_reg[2] u_ddr_video_delay_sync/u_ddr3_test/u_ddrphy_top/ddrphy_slice_top/i_dqs_group[3].ddrphy_data_slice/ddrphy_data_slice_wrlvl/wl_state_reg[1] u_ddr_video_delay_sync/u_ddr3_test/u_ddrphy_top/ddrphy_slice_top/i_dqs_group[3].ddrphy_data_slice/ddrphy_data_slice_wrlvl/wl_state_reg[0]
I: 000 => 0000001
I: 001 => 0000010
I: 010 => 0000100
I: 011 => 0001000
I: 100 => 0010000
I: 101 => 0100000
I: 110 => 1000000
I: Encoding type of FSM 'gdet_state_fsm[2:0]' is: onehot.
I: Encoding table of FSM 'gdet_state_fsm[2:0]':
I: from  u_ddr_video_delay_sync/u_ddr3_test/u_ddrphy_top/ddrphy_slice_top/i_dqs_group[3].ddrphy_data_slice/ddrphy_dqs_rddata_align/gdet_state[2] u_ddr_video_delay_sync/u_ddr3_test/u_ddrphy_top/ddrphy_slice_top/i_dqs_group[3].ddrphy_data_slice/ddrphy_dqs_rddata_align/gdet_state[1] u_ddr_video_delay_sync/u_ddr3_test/u_ddrphy_top/ddrphy_slice_top/i_dqs_group[3].ddrphy_data_slice/ddrphy_dqs_rddata_align/gdet_state[0]
I: to  u_ddr_video_delay_sync/u_ddr3_test/u_ddrphy_top/ddrphy_slice_top/i_dqs_group[3].ddrphy_data_slice/ddrphy_dqs_rddata_align/gdet_state_reg[4] u_ddr_video_delay_sync/u_ddr3_test/u_ddrphy_top/ddrphy_slice_top/i_dqs_group[3].ddrphy_data_slice/ddrphy_dqs_rddata_align/gdet_state_reg[3] u_ddr_video_delay_sync/u_ddr3_test/u_ddrphy_top/ddrphy_slice_top/i_dqs_group[3].ddrphy_data_slice/ddrphy_dqs_rddata_align/gdet_state_reg[2] u_ddr_video_delay_sync/u_ddr3_test/u_ddrphy_top/ddrphy_slice_top/i_dqs_group[3].ddrphy_data_slice/ddrphy_dqs_rddata_align/gdet_state_reg[1] u_ddr_video_delay_sync/u_ddr3_test/u_ddrphy_top/ddrphy_slice_top/i_dqs_group[3].ddrphy_data_slice/ddrphy_dqs_rddata_align/gdet_state_reg[0]
I: 000 => 00001
I: 001 => 00010
I: 010 => 00100
I: 011 => 01000
I: 100 => 10000
I: Encoding type of FSM 'rdchk_state1_fsm[3:0]' is: onehot.
I: Encoding table of FSM 'rdchk_state1_fsm[3:0]':
I: from  u_ddr_video_delay_sync/u_ddr3_test/u_ddrphy_top/ddrphy_slice_top/i_dqs_group[3].ddrphy_data_slice/ddrphy_dqs_rddata_align/rdchk_state1[3] u_ddr_video_delay_sync/u_ddr3_test/u_ddrphy_top/ddrphy_slice_top/i_dqs_group[3].ddrphy_data_slice/ddrphy_dqs_rddata_align/rdchk_state1[2] u_ddr_video_delay_sync/u_ddr3_test/u_ddrphy_top/ddrphy_slice_top/i_dqs_group[3].ddrphy_data_slice/ddrphy_dqs_rddata_align/rdchk_state1[1] u_ddr_video_delay_sync/u_ddr3_test/u_ddrphy_top/ddrphy_slice_top/i_dqs_group[3].ddrphy_data_slice/ddrphy_dqs_rddata_align/rdchk_state1[0]
I: to  u_ddr_video_delay_sync/u_ddr3_test/u_ddrphy_top/ddrphy_slice_top/i_dqs_group[3].ddrphy_data_slice/ddrphy_dqs_rddata_align/rdchk_state1_reg[6] u_ddr_video_delay_sync/u_ddr3_test/u_ddrphy_top/ddrphy_slice_top/i_dqs_group[3].ddrphy_data_slice/ddrphy_dqs_rddata_align/rdchk_state1_reg[5] u_ddr_video_delay_sync/u_ddr3_test/u_ddrphy_top/ddrphy_slice_top/i_dqs_group[3].ddrphy_data_slice/ddrphy_dqs_rddata_align/rdchk_state1_reg[4] u_ddr_video_delay_sync/u_ddr3_test/u_ddrphy_top/ddrphy_slice_top/i_dqs_group[3].ddrphy_data_slice/ddrphy_dqs_rddata_align/rdchk_state1_reg[3] u_ddr_video_delay_sync/u_ddr3_test/u_ddrphy_top/ddrphy_slice_top/i_dqs_group[3].ddrphy_data_slice/ddrphy_dqs_rddata_align/rdchk_state1_reg[2] u_ddr_video_delay_sync/u_ddr3_test/u_ddrphy_top/ddrphy_slice_top/i_dqs_group[3].ddrphy_data_slice/ddrphy_dqs_rddata_align/rdchk_state1_reg[1] u_ddr_video_delay_sync/u_ddr3_test/u_ddrphy_top/ddrphy_slice_top/i_dqs_group[3].ddrphy_data_slice/ddrphy_dqs_rddata_align/rdchk_state1_reg[0]
I: 0000 => 0000001
I: 0001 => 0000010
I: 0010 => 0000100
I: 0011 => 0001000
I: 0100 => 0010000
I: 0101 => 0100000
I: 0110 => 1000000
I: Encoding type of FSM 'rdchk_state0_fsm[3:0]' is: onehot.
I: Encoding table of FSM 'rdchk_state0_fsm[3:0]':
I: from  u_ddr_video_delay_sync/u_ddr3_test/u_ddrphy_top/ddrphy_slice_top/i_dqs_group[3].ddrphy_data_slice/ddrphy_dqs_rddata_align/rdchk_state0[3] u_ddr_video_delay_sync/u_ddr3_test/u_ddrphy_top/ddrphy_slice_top/i_dqs_group[3].ddrphy_data_slice/ddrphy_dqs_rddata_align/rdchk_state0[2] u_ddr_video_delay_sync/u_ddr3_test/u_ddrphy_top/ddrphy_slice_top/i_dqs_group[3].ddrphy_data_slice/ddrphy_dqs_rddata_align/rdchk_state0[1] u_ddr_video_delay_sync/u_ddr3_test/u_ddrphy_top/ddrphy_slice_top/i_dqs_group[3].ddrphy_data_slice/ddrphy_dqs_rddata_align/rdchk_state0[0]
I: to  u_ddr_video_delay_sync/u_ddr3_test/u_ddrphy_top/ddrphy_slice_top/i_dqs_group[3].ddrphy_data_slice/ddrphy_dqs_rddata_align/rdchk_state0_reg[6] u_ddr_video_delay_sync/u_ddr3_test/u_ddrphy_top/ddrphy_slice_top/i_dqs_group[3].ddrphy_data_slice/ddrphy_dqs_rddata_align/rdchk_state0_reg[5] u_ddr_video_delay_sync/u_ddr3_test/u_ddrphy_top/ddrphy_slice_top/i_dqs_group[3].ddrphy_data_slice/ddrphy_dqs_rddata_align/rdchk_state0_reg[4] u_ddr_video_delay_sync/u_ddr3_test/u_ddrphy_top/ddrphy_slice_top/i_dqs_group[3].ddrphy_data_slice/ddrphy_dqs_rddata_align/rdchk_state0_reg[3] u_ddr_video_delay_sync/u_ddr3_test/u_ddrphy_top/ddrphy_slice_top/i_dqs_group[3].ddrphy_data_slice/ddrphy_dqs_rddata_align/rdchk_state0_reg[2] u_ddr_video_delay_sync/u_ddr3_test/u_ddrphy_top/ddrphy_slice_top/i_dqs_group[3].ddrphy_data_slice/ddrphy_dqs_rddata_align/rdchk_state0_reg[1] u_ddr_video_delay_sync/u_ddr3_test/u_ddrphy_top/ddrphy_slice_top/i_dqs_group[3].ddrphy_data_slice/ddrphy_dqs_rddata_align/rdchk_state0_reg[0]
I: 0000 => 0000001
I: 0001 => 0000010
I: 0010 => 0000100
I: 0011 => 0001000
I: 0100 => 0010000
I: 0101 => 0100000
I: 0110 => 1000000
I: Encoding type of FSM 'state_fsm[3:0]' is: onehot.
I: Encoding table of FSM 'state_fsm[3:0]':
I: from  u_ddr_video_delay_sync/u_ddr3_test/u_ddrphy_top/ddrphy_slice_top/i_dqs_group[3].ddrphy_data_slice/ddrphy_dqsi_rdel_cal/state[3] u_ddr_video_delay_sync/u_ddr3_test/u_ddrphy_top/ddrphy_slice_top/i_dqs_group[3].ddrphy_data_slice/ddrphy_dqsi_rdel_cal/state[2] u_ddr_video_delay_sync/u_ddr3_test/u_ddrphy_top/ddrphy_slice_top/i_dqs_group[3].ddrphy_data_slice/ddrphy_dqsi_rdel_cal/state[1] u_ddr_video_delay_sync/u_ddr3_test/u_ddrphy_top/ddrphy_slice_top/i_dqs_group[3].ddrphy_data_slice/ddrphy_dqsi_rdel_cal/state[0]
I: to  u_ddr_video_delay_sync/u_ddr3_test/u_ddrphy_top/ddrphy_slice_top/i_dqs_group[3].ddrphy_data_slice/ddrphy_dqsi_rdel_cal/state_reg[11] u_ddr_video_delay_sync/u_ddr3_test/u_ddrphy_top/ddrphy_slice_top/i_dqs_group[3].ddrphy_data_slice/ddrphy_dqsi_rdel_cal/state_reg[10] u_ddr_video_delay_sync/u_ddr3_test/u_ddrphy_top/ddrphy_slice_top/i_dqs_group[3].ddrphy_data_slice/ddrphy_dqsi_rdel_cal/state_reg[9] u_ddr_video_delay_sync/u_ddr3_test/u_ddrphy_top/ddrphy_slice_top/i_dqs_group[3].ddrphy_data_slice/ddrphy_dqsi_rdel_cal/state_reg[8] u_ddr_video_delay_sync/u_ddr3_test/u_ddrphy_top/ddrphy_slice_top/i_dqs_group[3].ddrphy_data_slice/ddrphy_dqsi_rdel_cal/state_reg[7] u_ddr_video_delay_sync/u_ddr3_test/u_ddrphy_top/ddrphy_slice_top/i_dqs_group[3].ddrphy_data_slice/ddrphy_dqsi_rdel_cal/state_reg[6] u_ddr_video_delay_sync/u_ddr3_test/u_ddrphy_top/ddrphy_slice_top/i_dqs_group[3].ddrphy_data_slice/ddrphy_dqsi_rdel_cal/state_reg[5] u_ddr_video_delay_sync/u_ddr3_test/u_ddrphy_top/ddrphy_slice_top/i_dqs_group[3].ddrphy_data_slice/ddrphy_dqsi_rdel_cal/state_reg[4] u_ddr_video_delay_sync/u_ddr3_test/u_ddrphy_top/ddrphy_slice_top/i_dqs_group[3].ddrphy_data_slice/ddrphy_dqsi_rdel_cal/state_reg[3] u_ddr_video_delay_sync/u_ddr3_test/u_ddrphy_top/ddrphy_slice_top/i_dqs_group[3].ddrphy_data_slice/ddrphy_dqsi_rdel_cal/state_reg[2] u_ddr_video_delay_sync/u_ddr3_test/u_ddrphy_top/ddrphy_slice_top/i_dqs_group[3].ddrphy_data_slice/ddrphy_dqsi_rdel_cal/state_reg[1] u_ddr_video_delay_sync/u_ddr3_test/u_ddrphy_top/ddrphy_slice_top/i_dqs_group[3].ddrphy_data_slice/ddrphy_dqsi_rdel_cal/state_reg[0]
I: 0000 => 000000000001
I: 0001 => 000000000010
I: 0010 => 000000000100
I: 0011 => 000000001000
I: 0100 => 000000010000
I: 0101 => 000000100000
I: 0110 => 000001000000
I: 0111 => 000010000000
I: 1000 => 000100000000
I: 1001 => 001000000000
I: 1010 => 010000000000
I: 1011 => 100000000000
I: Encoding type of FSM 'cpd_state_fsm[2:0]' is: onehot.
I: Encoding table of FSM 'cpd_state_fsm[2:0]':
I: from  u_ddr_video_delay_sync/u_ddr3_test/u_ddrphy_top/u_ips2l_ddrphy_rst_clk_phase_adj/cpd_state[2] u_ddr_video_delay_sync/u_ddr3_test/u_ddrphy_top/u_ips2l_ddrphy_rst_clk_phase_adj/cpd_state[1] u_ddr_video_delay_sync/u_ddr3_test/u_ddrphy_top/u_ips2l_ddrphy_rst_clk_phase_adj/cpd_state[0]
I: to  u_ddr_video_delay_sync/u_ddr3_test/u_ddrphy_top/u_ips2l_ddrphy_rst_clk_phase_adj/cpd_state_reg[4] u_ddr_video_delay_sync/u_ddr3_test/u_ddrphy_top/u_ips2l_ddrphy_rst_clk_phase_adj/cpd_state_reg[3] u_ddr_video_delay_sync/u_ddr3_test/u_ddrphy_top/u_ips2l_ddrphy_rst_clk_phase_adj/cpd_state_reg[2] u_ddr_video_delay_sync/u_ddr3_test/u_ddrphy_top/u_ips2l_ddrphy_rst_clk_phase_adj/cpd_state_reg[1] u_ddr_video_delay_sync/u_ddr3_test/u_ddrphy_top/u_ips2l_ddrphy_rst_clk_phase_adj/cpd_state_reg[0]
I: 000 => 00001
I: 001 => 00010
I: 010 => 00100
I: 011 => 01000
I: 100 => 10000
I: Encoding type of FSM 'cstate_fsm[5:0]' is: onehot.
I: Encoding table of FSM 'cstate_fsm[5:0]':
I: from  u_ddr_video_delay_sync/u_ddr3_test/u_ips_ddrc_top/mcdq_cfg_apb/cstate[5] u_ddr_video_delay_sync/u_ddr3_test/u_ips_ddrc_top/mcdq_cfg_apb/cstate[4] u_ddr_video_delay_sync/u_ddr3_test/u_ips_ddrc_top/mcdq_cfg_apb/cstate[3] u_ddr_video_delay_sync/u_ddr3_test/u_ips_ddrc_top/mcdq_cfg_apb/cstate[2] u_ddr_video_delay_sync/u_ddr3_test/u_ips_ddrc_top/mcdq_cfg_apb/cstate[1] u_ddr_video_delay_sync/u_ddr3_test/u_ips_ddrc_top/mcdq_cfg_apb/cstate[0]
I: to  u_ddr_video_delay_sync/u_ddr3_test/u_ips_ddrc_top/mcdq_cfg_apb/cstate_reg[5] u_ddr_video_delay_sync/u_ddr3_test/u_ips_ddrc_top/mcdq_cfg_apb/cstate_reg[4] u_ddr_video_delay_sync/u_ddr3_test/u_ips_ddrc_top/mcdq_cfg_apb/cstate_reg[3] u_ddr_video_delay_sync/u_ddr3_test/u_ips_ddrc_top/mcdq_cfg_apb/cstate_reg[2] u_ddr_video_delay_sync/u_ddr3_test/u_ips_ddrc_top/mcdq_cfg_apb/cstate_reg[1] u_ddr_video_delay_sync/u_ddr3_test/u_ips_ddrc_top/mcdq_cfg_apb/cstate_reg[0]
I: 000001 => 000001
I: 000010 => 000010
I: 000100 => 000100
I: 001000 => 001000
I: 010000 => 010000
I: 100000 => 100000
I: Encoding type of FSM 'mode_state_fsm[1:0]' is: onehot.
I: Encoding table of FSM 'mode_state_fsm[1:0]':
I: from  u_ddr_video_delay_sync/u_ddr3_test/u_ips_ddrc_top/mcdq_cfg_apb/mode_state[1] u_ddr_video_delay_sync/u_ddr3_test/u_ips_ddrc_top/mcdq_cfg_apb/mode_state[0]
I: to  u_ddr_video_delay_sync/u_ddr3_test/u_ips_ddrc_top/mcdq_cfg_apb/mode_state_reg[3] u_ddr_video_delay_sync/u_ddr3_test/u_ips_ddrc_top/mcdq_cfg_apb/mode_state_reg[2] u_ddr_video_delay_sync/u_ddr3_test/u_ips_ddrc_top/mcdq_cfg_apb/mode_state_reg[1] u_ddr_video_delay_sync/u_ddr3_test/u_ips_ddrc_top/mcdq_cfg_apb/mode_state_reg[0]
I: 00 => 0001
I: 01 => 0010
I: 10 => 0100
I: 11 => 1000
I: Encoding type of FSM 'dcp2dfi_odt_fsm[1:0]' is: onehot.
I: Encoding table of FSM 'dcp2dfi_odt_fsm[1:0]':
I: from  u_ddr_video_delay_sync/u_ddr3_test/u_ips_ddrc_top/mcdq_dfi/dcp2dfi_odt[1] u_ddr_video_delay_sync/u_ddr3_test/u_ips_ddrc_top/mcdq_dfi/dcp2dfi_odt[0]
I: to  u_ddr_video_delay_sync/u_ddr3_test/u_ips_ddrc_top/mcdq_dfi/dcp2dfi_odt_reg[1] u_ddr_video_delay_sync/u_ddr3_test/u_ips_ddrc_top/mcdq_dfi/dcp2dfi_odt_reg[0]
I: 00 => 01
I: 11 => 10
I: Encoding type of FSM 'dcp2dfi_odt_fsm[3:2]' is: onehot.
I: Encoding table of FSM 'dcp2dfi_odt_fsm[3:2]':
I: from  u_ddr_video_delay_sync/u_ddr3_test/u_ips_ddrc_top/mcdq_dfi/dcp2dfi_odt[3] u_ddr_video_delay_sync/u_ddr3_test/u_ips_ddrc_top/mcdq_dfi/dcp2dfi_odt[2]
I: to  u_ddr_video_delay_sync/u_ddr3_test/u_ips_ddrc_top/mcdq_dfi/dcp2dfi_odt_reg[1] u_ddr_video_delay_sync/u_ddr3_test/u_ips_ddrc_top/mcdq_dfi/dcp2dfi_odt_reg[0]
I: 00 => 01
I: 11 => 10
I: Encoding type of FSM 'state_fsm[9:0]' is: onehot.
I: Encoding table of FSM 'state_fsm[9:0]':
I: from  u_ddr_video_delay_sync/u_ddr3_test/u_ips_ddrc_top/mcdq_lp/state[9] u_ddr_video_delay_sync/u_ddr3_test/u_ips_ddrc_top/mcdq_lp/state[8] u_ddr_video_delay_sync/u_ddr3_test/u_ips_ddrc_top/mcdq_lp/state[7] u_ddr_video_delay_sync/u_ddr3_test/u_ips_ddrc_top/mcdq_lp/state[6] u_ddr_video_delay_sync/u_ddr3_test/u_ips_ddrc_top/mcdq_lp/state[5] u_ddr_video_delay_sync/u_ddr3_test/u_ips_ddrc_top/mcdq_lp/state[4] u_ddr_video_delay_sync/u_ddr3_test/u_ips_ddrc_top/mcdq_lp/state[3] u_ddr_video_delay_sync/u_ddr3_test/u_ips_ddrc_top/mcdq_lp/state[2] u_ddr_video_delay_sync/u_ddr3_test/u_ips_ddrc_top/mcdq_lp/state[1] u_ddr_video_delay_sync/u_ddr3_test/u_ips_ddrc_top/mcdq_lp/state[0]
I: to  u_ddr_video_delay_sync/u_ddr3_test/u_ips_ddrc_top/mcdq_lp/state_reg[9] u_ddr_video_delay_sync/u_ddr3_test/u_ips_ddrc_top/mcdq_lp/state_reg[8] u_ddr_video_delay_sync/u_ddr3_test/u_ips_ddrc_top/mcdq_lp/state_reg[7] u_ddr_video_delay_sync/u_ddr3_test/u_ips_ddrc_top/mcdq_lp/state_reg[6] u_ddr_video_delay_sync/u_ddr3_test/u_ips_ddrc_top/mcdq_lp/state_reg[5] u_ddr_video_delay_sync/u_ddr3_test/u_ips_ddrc_top/mcdq_lp/state_reg[4] u_ddr_video_delay_sync/u_ddr3_test/u_ips_ddrc_top/mcdq_lp/state_reg[3] u_ddr_video_delay_sync/u_ddr3_test/u_ips_ddrc_top/mcdq_lp/state_reg[2] u_ddr_video_delay_sync/u_ddr3_test/u_ips_ddrc_top/mcdq_lp/state_reg[1] u_ddr_video_delay_sync/u_ddr3_test/u_ips_ddrc_top/mcdq_lp/state_reg[0]
I: 0000000001 => 0000000001
I: 0000000010 => 0000000010
I: 0000000100 => 0000000100
I: 0000001000 => 0000001000
I: 0000010000 => 0000010000
I: 0000100000 => 0000100000
I: 0001000000 => 0001000000
I: 0010000000 => 0010000000
I: 0100000000 => 0100000000
I: 1000000000 => 1000000000
I: Encoding type of FSM 'state_fsm[6:0]' is: onehot.
I: Encoding table of FSM 'state_fsm[6:0]':
I: from  u_ddr_video_delay_sync/u_ddr3_test/u_ips_ddrc_top/mcdq_mrs/state[6] u_ddr_video_delay_sync/u_ddr3_test/u_ips_ddrc_top/mcdq_mrs/state[5] u_ddr_video_delay_sync/u_ddr3_test/u_ips_ddrc_top/mcdq_mrs/state[4] u_ddr_video_delay_sync/u_ddr3_test/u_ips_ddrc_top/mcdq_mrs/state[3] u_ddr_video_delay_sync/u_ddr3_test/u_ips_ddrc_top/mcdq_mrs/state[2] u_ddr_video_delay_sync/u_ddr3_test/u_ips_ddrc_top/mcdq_mrs/state[1] u_ddr_video_delay_sync/u_ddr3_test/u_ips_ddrc_top/mcdq_mrs/state[0]
I: to  u_ddr_video_delay_sync/u_ddr3_test/u_ips_ddrc_top/mcdq_mrs/state_reg[6] u_ddr_video_delay_sync/u_ddr3_test/u_ips_ddrc_top/mcdq_mrs/state_reg[5] u_ddr_video_delay_sync/u_ddr3_test/u_ips_ddrc_top/mcdq_mrs/state_reg[4] u_ddr_video_delay_sync/u_ddr3_test/u_ips_ddrc_top/mcdq_mrs/state_reg[3] u_ddr_video_delay_sync/u_ddr3_test/u_ips_ddrc_top/mcdq_mrs/state_reg[2] u_ddr_video_delay_sync/u_ddr3_test/u_ips_ddrc_top/mcdq_mrs/state_reg[1] u_ddr_video_delay_sync/u_ddr3_test/u_ips_ddrc_top/mcdq_mrs/state_reg[0]
I: 0000001 => 0000001
I: 0000010 => 0000010
I: 0000100 => 0000100
I: 0001000 => 0001000
I: 0010000 => 0010000
I: 0100000 => 0100000
I: 1000000 => 1000000
I: Encoding type of FSM 'state_fsm[2:0]' is: onehot.
I: Encoding table of FSM 'state_fsm[2:0]':
I: from  u_ddr_video_delay_sync/u_ddr3_test/u_ips_ddrc_top/mcdq_dcd_top/mcdq_dcd_sm/state[2] u_ddr_video_delay_sync/u_ddr3_test/u_ips_ddrc_top/mcdq_dcd_top/mcdq_dcd_sm/state[1] u_ddr_video_delay_sync/u_ddr3_test/u_ips_ddrc_top/mcdq_dcd_top/mcdq_dcd_sm/state[0]
I: to  u_ddr_video_delay_sync/u_ddr3_test/u_ips_ddrc_top/mcdq_dcd_top/mcdq_dcd_sm/state_reg[6] u_ddr_video_delay_sync/u_ddr3_test/u_ips_ddrc_top/mcdq_dcd_top/mcdq_dcd_sm/state_reg[5] u_ddr_video_delay_sync/u_ddr3_test/u_ips_ddrc_top/mcdq_dcd_top/mcdq_dcd_sm/state_reg[4] u_ddr_video_delay_sync/u_ddr3_test/u_ips_ddrc_top/mcdq_dcd_top/mcdq_dcd_sm/state_reg[3] u_ddr_video_delay_sync/u_ddr3_test/u_ips_ddrc_top/mcdq_dcd_top/mcdq_dcd_sm/state_reg[2] u_ddr_video_delay_sync/u_ddr3_test/u_ips_ddrc_top/mcdq_dcd_top/mcdq_dcd_sm/state_reg[1] u_ddr_video_delay_sync/u_ddr3_test/u_ips_ddrc_top/mcdq_dcd_top/mcdq_dcd_sm/state_reg[0]
I: 000 => 0000001
I: 001 => 0000010
I: 010 => 0000100
I: 011 => 0001000
I: 100 => 0010000
I: 101 => 0100000
I: 110 => 1000000
I: Encoding type of FSM 'test_rd_state_fsm[2:0]' is: onehot.
I: Encoding table of FSM 'test_rd_state_fsm[2:0]':
I: from  u_ddr_video_delay_sync/u_wr_rd_ctrl_top/rd_ctrl/test_rd_state[2] u_ddr_video_delay_sync/u_wr_rd_ctrl_top/rd_ctrl/test_rd_state[1] u_ddr_video_delay_sync/u_wr_rd_ctrl_top/rd_ctrl/test_rd_state[0]
I: to  u_ddr_video_delay_sync/u_wr_rd_ctrl_top/rd_ctrl/test_rd_state_reg[2] u_ddr_video_delay_sync/u_wr_rd_ctrl_top/rd_ctrl/test_rd_state_reg[1] u_ddr_video_delay_sync/u_wr_rd_ctrl_top/rd_ctrl/test_rd_state_reg[0]
I: 000 => 001
I: 001 => 010
I: 010 => 100
W: Public-4008: Instance 'delay_cnt[23:0]' of 'bmsWIDEDFFRSE' unit is dangling and will be cleaned.
W: Removed bmsWIDEDFFRSE inst cmd_iic[23:0] at 0 that is stuck at constant 0.
W: Removed bmsWIDEDFFRSE inst addr[15:0] at 10 that is stuck at constant 0.
W: Removed bmsWIDEDFFRSE inst cmd_iic[23:0] at 0 that is stuck at constant 0.
W: Removed bmsWIDEDFFRSE inst addr[15:0] at 12 that is stuck at constant 0.
W: Removed bmsWIDEDFFCPE inst box_cnt[7:0] at 4 that is stuck at constant 0.
W: Removed bmsWIDEDFFCPE inst x_step[0][31:0] at 18 that is stuck at constant 0.
W: Removed bmsWIDEDFFCPE inst x_step[1][31:0] at 18 that is stuck at constant 0.
W: Removed bmsWIDEDFFCPE inst x_step[2][31:0] at 18 that is stuck at constant 0.
W: Removed bmsWIDEDFFCPE inst x_step[3][31:0] at 18 that is stuck at constant 0.
W: Removed bmsWIDEDFFCPE inst x_step[4][31:0] at 18 that is stuck at constant 0.
W: Removed bmsWIDEDFFCPE inst x_step[5][31:0] at 18 that is stuck at constant 0.
W: Removed bmsWIDEDFFCPE inst x_step[6][31:0] at 18 that is stuck at constant 0.
W: Removed bmsWIDEDFFCPE inst x_step[7][31:0] at 18 that is stuck at constant 0.
W: Removed bmsWIDEDFFCPE inst y_step[0][31:0] at 20 that is stuck at constant 0.
W: Removed bmsWIDEDFFCPE inst y_step[1][31:0] at 20 that is stuck at constant 0.
W: Removed bmsWIDEDFFCPE inst y_step[2][31:0] at 20 that is stuck at constant 0.
W: Removed bmsWIDEDFFCPE inst y_step[3][31:0] at 20 that is stuck at constant 0.
W: Removed bmsWIDEDFFCPE inst y_step[4][31:0] at 20 that is stuck at constant 0.
W: Removed bmsWIDEDFFCPE inst y_step[5][31:0] at 20 that is stuck at constant 0.
W: Removed bmsWIDEDFFCPE inst y_step[6][31:0] at 20 that is stuck at constant 0.
W: Removed bmsWIDEDFFCPE inst y_step[7][31:0] at 20 that is stuck at constant 0.
I: Removed bmsREDAND inst N19611_0_32 that is redundant to N19599_0_32
I: Removed bmsREDAND inst N19611_0_16 that is redundant to N19599_0_16
I: Removed bmsREDAND inst N19611_0_12 that is redundant to N19599_0_12
I: Removed bmsREDAND inst N19611_0_38 that is redundant to N19599_0_38
I: Removed bmsREDAND inst N19611_0_30 that is redundant to N19599_0_30
I: Removed bmsREDAND inst N19611_0_47 that is redundant to N19599_0_47
I: Removed bmsREDAND inst N19611_0_53 that is redundant to N19599_0_53
I: Removed bmsREDAND inst N19611_0_54 that is redundant to N19599_0_54
I: Removed bmsREDAND inst N19611_0_52 that is redundant to N19599_0_52
I: Removed bmsREDAND inst N19611_0_27 that is redundant to N19599_0_27
I: Removed bmsREDAND inst N19611_0_31 that is redundant to N19599_0_31
I: Removed bmsREDAND inst N19611_0_25 that is redundant to N19599_0_25
I: Removed bmsREDAND inst N19611_0_37 that is redundant to N19599_0_37
I: Removed bmsREDAND inst N19611_0_36 that is redundant to N19599_0_36
I: Removed bmsREDAND inst N19611_0_51 that is redundant to N19599_0_51
I: Removed bmsREDAND inst N19611_0_13 that is redundant to N19599_0_13
I: Removed bmsREDAND inst N19611_0_21 that is redundant to N19599_0_21
I: Removed bmsREDAND inst N19611_0_56 that is redundant to N19599_0_56
I: Removed bmsREDAND inst N19611_0_61 that is redundant to N19599_0_61
I: Removed bmsREDAND inst N19611_0_20 that is redundant to N19599_0_20
I: Removed bmsREDAND inst N19611_0_45 that is redundant to N19599_0_45
I: Removed bmsREDAND inst N19611_0_59 that is redundant to N19599_0_59
I: Removed bmsREDAND inst N19611_0_62 that is redundant to N19599_0_62
I: Removed bmsREDAND inst N19611_0_58 that is redundant to N19599_0_58
I: Removed bmsREDAND inst N19611_0_10 that is redundant to N19599_0_10
I: Removed bmsREDAND inst N19611_0_42 that is redundant to N19599_0_42
I: Removed bmsREDAND inst N19611_0_26 that is redundant to N19599_0_26
I: Removed bmsREDAND inst N19611_0_15 that is redundant to N19599_0_15
I: Removed bmsREDAND inst N19611_0_14 that is redundant to N19599_0_14
I: Removed bmsREDAND inst N19611_0_19 that is redundant to N19599_0_19
I: Removed bmsREDAND inst N19611_0_55 that is redundant to N19599_0_55
I: Removed bmsREDAND inst N19611_0_63 that is redundant to N19599_0_63
I: Removed bmsREDAND inst N19611_0_9 that is redundant to N19599_0_9
I: Removed bmsREDAND inst N19611_0_29 that is redundant to N19599_0_29
I: Removed bmsREDAND inst N19611_0_23 that is redundant to N19599_0_23
I: Removed bmsREDAND inst N19611_0_39 that is redundant to N19599_0_39
I: Removed bmsREDAND inst N19611_0_46 that is redundant to N19599_0_46
I: Removed bmsREDAND inst N19611_0_34 that is redundant to N19599_0_34
I: Removed bmsREDAND inst N19611_0_48 that is redundant to N19599_0_48
I: Removed bmsREDAND inst N19611_0_40 that is redundant to N19599_0_40
I: Removed bmsREDAND inst N19611_0_28 that is redundant to N19599_0_28
I: Removed bmsREDAND inst N19611_0_17 that is redundant to N19599_0_17
I: Removed bmsREDAND inst N19611_0_43 that is redundant to N19599_0_43
I: Removed bmsREDAND inst N19611_0_33 that is redundant to N19599_0_33
I: Removed bmsREDAND inst N19611_0_60 that is redundant to N19599_0_60
I: Removed bmsREDAND inst N19611_0_64 that is redundant to N19599_0_64
I: Removed bmsREDAND inst N19611_0_41 that is redundant to N19599_0_41
I: Removed bmsREDAND inst N19611_0_50 that is redundant to N19599_0_50
I: Removed bmsREDAND inst N19611_0_24 that is redundant to N19599_0_24
I: Removed bmsREDAND inst N19611_0_57 that is redundant to N19599_0_57
I: Removed bmsREDAND inst N19611_0_44 that is redundant to N19599_0_44
I: Removed bmsREDAND inst N19611_0_22 that is redundant to N19599_0_22
I: Removed bmsREDAND inst N19611_0_11 that is redundant to N19599_0_11
I: Removed bmsREDAND inst N19611_0_35 that is redundant to N19599_0_35
I: Removed bmsREDAND inst N19611_0_49 that is redundant to N19599_0_49
I: Removed bmsREDAND inst N19611_0_18 that is redundant to N19599_0_18
W: Removed bmsWIDEDFFCPE inst rd_cmd_len[31:0] at 0 that is stuck at constant 0.
W: Removed bmsWIDEDFFCPE inst wr_cmd_len[31:0] at 0 that is stuck at constant 0.
W: Removed bmsWIDEDFFCPE inst rdcal_address[14:0] at 0 that is stuck at constant 0.
W: Removed bmsWIDEDFFCPE inst rdcal_ba[2:0] at 1 that is stuck at constant 0.
W: Removed bmsWIDEDFFCPE inst wrcal_address[14:0] at 0 that is stuck at constant 0.
W: Removed bmsWIDEDFFCPE inst wrlvl_address[14:0] at 13 that is stuck at constant 0.
W: Removed bmsWIDEDFFCPE inst wrlvl_ba[2:0] at 1 that is stuck at constant 0.
W: Removed bmsWIDEDFFCPE inst eyecal_address[14:0] at 0 that is stuck at constant 0.
W: Removed bmsWIDEDFFCPE inst genblk2.init_ba[2:0] at 2 that is stuck at constant 0.
W: Removed bmsWIDEDFFCPE inst phy_ck[3:0] at 1 that is stuck at constant 0.
W: Removed bmsWIDEDFFPATCE inst mr0[15:0] at 15 that is stuck at constant 0.
W: Removed bmsWIDEDFFPATCE inst mr1[15:0] at 15 that is stuck at constant 0.
W: Removed bmsWIDEDFFPATCE inst mr2[15:0] at 15 that is stuck at constant 0.
W: Removed bmsWIDEDFFCPE inst mr3[15:0] at 15 that is stuck at constant 0.
W: Removed bmsWIDEDFFCPE inst dqs_gate_pulse_src_nxt_r[3:0] at 3 that is stuck at constant 0.
W: Removed bmsWIDEDFFCPE inst dqs_gate_pulse_src_nxt_r[3:0] at 3 that is stuck at constant 0.
W: Removed bmsWIDEDFFCPE inst dqs_gate_pulse_src_nxt_r[3:0] at 3 that is stuck at constant 0.
W: Removed bmsWIDEDFFCPE inst dqs_gate_pulse_src_nxt_r[3:0] at 3 that is stuck at constant 0.
W: Removed bmsWIDEDFFCPE inst norm_addr_m[14:0] at 10 that is stuck at constant 0.
W: Removed bmsWIDEDFFCPE inst norm_cmd_m[7:0] at 5 that is stuck at constant 0.
W: Removed bmsWIDEDFFCPE inst mux_dfi_cas_n[3:0] at 3 that is stuck at constant 1.
W: Removed bmsWIDEDFFCPE inst mux_dfi_cs_n[3:0] at 3 that is stuck at constant 1.
W: Removed bmsWIDEDFFCPE inst mux_dfi_ras_n[3:0] at 3 that is stuck at constant 1.
W: Removed bmsWIDEDFFCPE inst mux_dfi_we_n[3:0] at 3 that is stuck at constant 1.
W: Removed bmsWIDEDFFCPE inst lp_we_n[1:0] at 1 that is stuck at constant 1.
W: Removed bmsWIDEDFFCPE inst mrs_bank[2:0] at 2 that is stuck at constant 0.
W: Removed bmsWIDEDFFRSE inst D_reg[8:0] at 8 that is stuck at constant 0.
W: Removed bmsWIDEDFFRSE inst D_reg[8:0] at 8 that is stuck at constant 0.
W: Removed bmsWIDEDFFRSE inst D_reg[8:0] at 8 that is stuck at constant 0.
W: Removed bmsWIDEDFFRSE inst D_reg[8:0] at 8 that is stuck at constant 0.
W: Removed bmsWIDEDFFRSE inst D_reg[8:0] at 8 that is stuck at constant 0.
W: Removed bmsWIDEDFFRSE inst D_reg[8:0] at 8 that is stuck at constant 0.
W: Removed bmsWIDEDFFRSE inst D_reg[8:0] at 8 that is stuck at constant 0.
W: Removed bmsWIDEDFFRSE inst D_reg[8:0] at 8 that is stuck at constant 0.
W: Removed bmsWIDEDFFRSE inst D_reg[8:0] at 8 that is stuck at constant 0.
W: Removed bmsWIDEDFFRSE inst bias_val[0][15:0] at 15 that is stuck at constant 0.
I: Removed bmsWIDEDFFCPE inst pixel_pp_wr_sel[0] that is redundant to pixel_pp_wr_cnt[0]
W: Removed bmsWIDEDFFCPE inst pixel_pp_wr_cnt[0] that is stuck at constant 0.
W: Removed bmsWIDEDFFRSE inst D_reg[8:0] at 8 that is stuck at constant 0.
W: Removed bmsWIDEDFFRSE inst D_reg[8:0] at 8 that is stuck at constant 0.
W: Removed bmsWIDEDFFRSE inst D_reg[8:0] at 8 that is stuck at constant 0.
W: Removed bmsWIDEDFFRSE inst D_reg[8:0] at 8 that is stuck at constant 0.
W: Removed bmsWIDEDFFRSE inst D_reg[8:0] at 8 that is stuck at constant 0.
W: Removed bmsWIDEDFFRSE inst D_reg[8:0] at 8 that is stuck at constant 0.
W: Removed bmsWIDEDFFRSE inst D_reg[8:0] at 8 that is stuck at constant 0.
W: Removed bmsWIDEDFFRSE inst D_reg[8:0] at 8 that is stuck at constant 0.
W: Removed bmsWIDEDFFRSE inst D_reg[8:0] at 8 that is stuck at constant 0.
W: Removed bmsWIDEDFFRSE inst gen_mem_read[0].raw_data_per_col_reg[89:0] at 0 that is stuck at constant 0.
W: Removed bmsWIDEDFFRSE inst D_reg[8:0] at 8 that is stuck at constant 0.
W: Removed bmsWIDEDFFRSE inst D_reg[8:0] at 8 that is stuck at constant 0.
W: Removed bmsWIDEDFFRSE inst D_reg[8:0] at 8 that is stuck at constant 0.
W: Removed bmsWIDEDFFRSE inst D_reg[8:0] at 8 that is stuck at constant 0.
W: Removed bmsWIDEDFFRSE inst D_reg[8:0] at 8 that is stuck at constant 0.
W: Removed bmsWIDEDFFRSE inst D_reg[8:0] at 8 that is stuck at constant 0.
W: Removed bmsWIDEDFFRSE inst D_reg[8:0] at 8 that is stuck at constant 0.
W: Removed bmsWIDEDFFRSE inst D_reg[8:0] at 8 that is stuck at constant 0.
W: Removed bmsWIDEDFFRSE inst D_reg[8:0] at 8 that is stuck at constant 0.
W: Removed bmsWIDEDFFRSE inst bias_val[1][16:0] at 16 that is stuck at constant 0.
W: Removed bmsWIDEDFFCPE inst pixel_pp_wr_sel[0] that is stuck at constant 0.
W: Removed bmsWIDEDFFRSE inst D_reg[9:0] at 9 that is stuck at constant 0.
W: Removed bmsWIDEDFFRSE inst D_reg[9:0] at 9 that is stuck at constant 0.
W: Removed bmsWIDEDFFRSE inst D_reg[9:0] at 9 that is stuck at constant 0.
W: Removed bmsWIDEDFFRSE inst D_reg[9:0] at 9 that is stuck at constant 0.
W: Removed bmsWIDEDFFRSE inst D_reg[9:0] at 9 that is stuck at constant 0.
W: Removed bmsWIDEDFFRSE inst D_reg[9:0] at 9 that is stuck at constant 0.
W: Removed bmsWIDEDFFRSE inst D_reg[9:0] at 9 that is stuck at constant 0.
W: Removed bmsWIDEDFFRSE inst D_reg[9:0] at 9 that is stuck at constant 0.
W: Removed bmsWIDEDFFRSE inst D_reg[9:0] at 9 that is stuck at constant 0.
W: Removed bmsWIDEDFFRSE inst D_reg[9:0] at 9 that is stuck at constant 0.
W: Removed bmsWIDEDFFRSE inst D_reg[9:0] at 9 that is stuck at constant 0.
W: Removed bmsWIDEDFFRSE inst D_reg[9:0] at 9 that is stuck at constant 0.
W: Removed bmsWIDEDFFRSE inst D_reg[9:0] at 9 that is stuck at constant 0.
W: Removed bmsWIDEDFFRSE inst D_reg[9:0] at 9 that is stuck at constant 0.
W: Removed bmsWIDEDFFRSE inst D_reg[9:0] at 9 that is stuck at constant 0.
W: Removed bmsWIDEDFFRSE inst D_reg[9:0] at 9 that is stuck at constant 0.
W: Removed bmsWIDEDFFRSE inst D_reg[9:0] at 9 that is stuck at constant 0.
W: Removed bmsWIDEDFFRSE inst D_reg[9:0] at 9 that is stuck at constant 0.
W: Removed bmsWIDEDFFRSE inst D_reg[9:0] at 9 that is stuck at constant 0.
W: Removed bmsWIDEDFFRSE inst D_reg[9:0] at 9 that is stuck at constant 0.
W: Removed bmsWIDEDFFRSE inst D_reg[9:0] at 9 that is stuck at constant 0.
W: Removed bmsWIDEDFFRSE inst D_reg[9:0] at 9 that is stuck at constant 0.
W: Removed bmsWIDEDFFRSE inst D_reg[9:0] at 9 that is stuck at constant 0.
W: Removed bmsWIDEDFFRSE inst D_reg[9:0] at 9 that is stuck at constant 0.
W: Removed bmsWIDEDFFRSE inst D_reg[9:0] at 9 that is stuck at constant 0.
W: Removed bmsWIDEDFFRSE inst D_reg[9:0] at 9 that is stuck at constant 0.
W: Removed bmsWIDEDFFRSE inst D_reg[9:0] at 9 that is stuck at constant 0.
W: Removed bmsWIDEDFFRSE inst D_reg[9:0] at 9 that is stuck at constant 0.
W: Removed bmsWIDEDFFRSE inst D_reg[9:0] at 9 that is stuck at constant 0.
W: Removed bmsWIDEDFFRSE inst D_reg[9:0] at 9 that is stuck at constant 0.
W: Removed bmsWIDEDFFRSE inst D_reg[9:0] at 9 that is stuck at constant 0.
W: Removed bmsWIDEDFFRSE inst D_reg[9:0] at 9 that is stuck at constant 0.
W: Removed bmsWIDEDFFRSE inst D_reg[9:0] at 9 that is stuck at constant 0.
W: Removed bmsWIDEDFFCPE inst pixel_pp_wr_sel[0] that is stuck at constant 0.
W: Removed bmsWIDEDFFRSE inst D_reg[9:0] at 9 that is stuck at constant 0.
W: Removed bmsWIDEDFFRSE inst D_reg[9:0] at 9 that is stuck at constant 0.
W: Removed bmsWIDEDFFRSE inst D_reg[9:0] at 9 that is stuck at constant 0.
W: Removed bmsWIDEDFFRSE inst D_reg[9:0] at 9 that is stuck at constant 0.
W: Removed bmsWIDEDFFRSE inst D_reg[9:0] at 9 that is stuck at constant 0.
W: Removed bmsWIDEDFFRSE inst D_reg[9:0] at 9 that is stuck at constant 0.
W: Removed bmsWIDEDFFRSE inst D_reg[9:0] at 9 that is stuck at constant 0.
W: Removed bmsWIDEDFFRSE inst D_reg[9:0] at 9 that is stuck at constant 0.
W: Removed bmsWIDEDFFRSE inst D_reg[9:0] at 9 that is stuck at constant 0.
W: Removed bmsWIDEDFFRSE inst D_reg[9:0] at 9 that is stuck at constant 0.
W: Removed bmsWIDEDFFRSE inst D_reg[9:0] at 9 that is stuck at constant 0.
W: Removed bmsWIDEDFFRSE inst D_reg[9:0] at 9 that is stuck at constant 0.
W: Removed bmsWIDEDFFRSE inst D_reg[9:0] at 9 that is stuck at constant 0.
W: Removed bmsWIDEDFFRSE inst D_reg[9:0] at 9 that is stuck at constant 0.
W: Removed bmsWIDEDFFRSE inst D_reg[9:0] at 9 that is stuck at constant 0.
W: Removed bmsWIDEDFFRSE inst D_reg[9:0] at 9 that is stuck at constant 0.
W: Removed bmsWIDEDFFRSE inst D_reg[9:0] at 9 that is stuck at constant 0.
W: Removed bmsWIDEDFFRSE inst D_reg[9:0] at 9 that is stuck at constant 0.
W: Removed bmsWIDEDFFRSE inst D_reg[9:0] at 9 that is stuck at constant 0.
W: Removed bmsWIDEDFFRSE inst D_reg[9:0] at 9 that is stuck at constant 0.
W: Removed bmsWIDEDFFRSE inst D_reg[9:0] at 9 that is stuck at constant 0.
W: Removed bmsWIDEDFFRSE inst D_reg[9:0] at 9 that is stuck at constant 0.
W: Removed bmsWIDEDFFRSE inst D_reg[9:0] at 9 that is stuck at constant 0.
W: Removed bmsWIDEDFFRSE inst D_reg[9:0] at 9 that is stuck at constant 0.
W: Removed bmsWIDEDFFRSE inst D_reg[9:0] at 9 that is stuck at constant 0.
W: Removed bmsWIDEDFFRSE inst D_reg[9:0] at 9 that is stuck at constant 0.
W: Removed bmsWIDEDFFRSE inst D_reg[9:0] at 9 that is stuck at constant 0.
W: Removed bmsWIDEDFFRSE inst D_reg[9:0] at 9 that is stuck at constant 0.
W: Removed bmsWIDEDFFRSE inst D_reg[9:0] at 9 that is stuck at constant 0.
W: Removed bmsWIDEDFFRSE inst D_reg[9:0] at 9 that is stuck at constant 0.
W: Removed bmsWIDEDFFRSE inst D_reg[9:0] at 9 that is stuck at constant 0.
W: Removed bmsWIDEDFFRSE inst D_reg[9:0] at 9 that is stuck at constant 0.
W: Removed bmsWIDEDFFRSE inst D_reg[9:0] at 9 that is stuck at constant 0.
W: Removed bmsWIDEDFFRSE inst D_reg[9:0] at 9 that is stuck at constant 0.
W: Removed bmsWIDEDFFRSE inst D_reg[9:0] at 9 that is stuck at constant 0.
W: Removed bmsWIDEDFFRSE inst D_reg[9:0] at 9 that is stuck at constant 0.
W: Removed bmsWIDEDFFCPE inst pixel_pp_wr_sel[0] that is stuck at constant 0.
W: Removed bmsWIDEDFFRSE inst D_reg[9:0] at 9 that is stuck at constant 0.
W: Removed bmsWIDEDFFRSE inst D_reg[9:0] at 9 that is stuck at constant 0.
W: Removed bmsWIDEDFFRSE inst D_reg[9:0] at 9 that is stuck at constant 0.
W: Removed bmsWIDEDFFRSE inst D_reg[9:0] at 9 that is stuck at constant 0.
W: Removed bmsWIDEDFFRSE inst D_reg[9:0] at 9 that is stuck at constant 0.
W: Removed bmsWIDEDFFRSE inst D_reg[9:0] at 9 that is stuck at constant 0.
W: Removed bmsWIDEDFFRSE inst D_reg[9:0] at 9 that is stuck at constant 0.
W: Removed bmsWIDEDFFRSE inst D_reg[9:0] at 9 that is stuck at constant 0.
W: Removed bmsWIDEDFFRSE inst D_reg[9:0] at 9 that is stuck at constant 0.
W: Removed bmsWIDEDFFRSE inst D_reg[9:0] at 9 that is stuck at constant 0.
W: Removed bmsWIDEDFFRSE inst D_reg[9:0] at 9 that is stuck at constant 0.
W: Removed bmsWIDEDFFRSE inst D_reg[9:0] at 9 that is stuck at constant 0.
W: Removed bmsWIDEDFFRSE inst D_reg[9:0] at 9 that is stuck at constant 0.
W: Removed bmsWIDEDFFRSE inst D_reg[9:0] at 9 that is stuck at constant 0.
W: Removed bmsWIDEDFFRSE inst D_reg[9:0] at 9 that is stuck at constant 0.
W: Removed bmsWIDEDFFRSE inst D_reg[9:0] at 9 that is stuck at constant 0.
W: Removed bmsWIDEDFFRSE inst D_reg[9:0] at 9 that is stuck at constant 0.
W: Removed bmsWIDEDFFRSE inst D_reg[9:0] at 9 that is stuck at constant 0.
W: Removed bmsWIDEDFFRSE inst D_reg[9:0] at 9 that is stuck at constant 0.
W: Removed bmsWIDEDFFRSE inst D_reg[9:0] at 9 that is stuck at constant 0.
W: Removed bmsWIDEDFFRSE inst D_reg[9:0] at 9 that is stuck at constant 0.
W: Removed bmsWIDEDFFRSE inst D_reg[9:0] at 9 that is stuck at constant 0.
W: Removed bmsWIDEDFFRSE inst D_reg[9:0] at 9 that is stuck at constant 0.
W: Removed bmsWIDEDFFRSE inst D_reg[9:0] at 9 that is stuck at constant 0.
W: Removed bmsWIDEDFFRSE inst D_reg[9:0] at 9 that is stuck at constant 0.
W: Removed bmsWIDEDFFRSE inst D_reg[9:0] at 9 that is stuck at constant 0.
W: Removed bmsWIDEDFFRSE inst D_reg[9:0] at 9 that is stuck at constant 0.
W: Removed bmsWIDEDFFCPE inst pixel_pp_wr_sel[0] that is stuck at constant 0.
W: Removed bmsWIDEDFFRSE inst D_reg[9:0] at 9 that is stuck at constant 0.
W: Removed bmsWIDEDFFRSE inst D_reg[9:0] at 9 that is stuck at constant 0.
W: Removed bmsWIDEDFFRSE inst D_reg[9:0] at 9 that is stuck at constant 0.
W: Removed bmsWIDEDFFRSE inst D_reg[9:0] at 9 that is stuck at constant 0.
W: Removed bmsWIDEDFFRSE inst D_reg[9:0] at 9 that is stuck at constant 0.
W: Removed bmsWIDEDFFRSE inst D_reg[9:0] at 9 that is stuck at constant 0.
W: Removed bmsWIDEDFFRSE inst D_reg[9:0] at 9 that is stuck at constant 0.
W: Removed bmsWIDEDFFRSE inst D_reg[9:0] at 9 that is stuck at constant 0.
W: Removed bmsWIDEDFFRSE inst D_reg[9:0] at 9 that is stuck at constant 0.
W: Removed bmsWIDEDFFCPE inst pixel_pp_wr_sel[0] that is stuck at constant 0.
W: Removed bmsWIDEDFFRSE inst D_reg[9:0] at 9 that is stuck at constant 0.
W: Removed bmsWIDEDFFRSE inst D_reg[9:0] at 9 that is stuck at constant 0.
W: Removed bmsWIDEDFFRSE inst D_reg[9:0] at 9 that is stuck at constant 0.
W: Removed bmsWIDEDFFRSE inst D_reg[9:0] at 9 that is stuck at constant 0.
W: Removed bmsWIDEDFFRSE inst D_reg[9:0] at 9 that is stuck at constant 0.
W: Removed bmsWIDEDFFRSE inst D_reg[9:0] at 9 that is stuck at constant 0.
W: Removed bmsWIDEDFFRSE inst D_reg[9:0] at 9 that is stuck at constant 0.
W: Removed bmsWIDEDFFRSE inst D_reg[9:0] at 9 that is stuck at constant 0.
W: Removed bmsWIDEDFFRSE inst D_reg[9:0] at 9 that is stuck at constant 0.
W: Removed bmsWIDEDFFRSE inst D_reg[9:0] at 9 that is stuck at constant 0.
W: Removed bmsWIDEDFFRSE inst D_reg[9:0] at 9 that is stuck at constant 0.
W: Removed bmsWIDEDFFRSE inst D_reg[9:0] at 9 that is stuck at constant 0.
W: Removed bmsWIDEDFFRSE inst D_reg[9:0] at 9 that is stuck at constant 0.
W: Removed bmsWIDEDFFRSE inst D_reg[9:0] at 9 that is stuck at constant 0.
W: Removed bmsWIDEDFFRSE inst D_reg[9:0] at 9 that is stuck at constant 0.
W: Removed bmsWIDEDFFRSE inst D_reg[9:0] at 9 that is stuck at constant 0.
W: Removed bmsWIDEDFFRSE inst D_reg[9:0] at 9 that is stuck at constant 0.
W: Removed bmsWIDEDFFRSE inst D_reg[9:0] at 9 that is stuck at constant 0.
W: Removed bmsWIDEDFFRSE inst D_reg[9:0] at 9 that is stuck at constant 0.
W: Removed bmsWIDEDFFRSE inst D_reg[9:0] at 9 that is stuck at constant 0.
W: Removed bmsWIDEDFFRSE inst D_reg[9:0] at 9 that is stuck at constant 0.
W: Removed bmsWIDEDFFRSE inst D_reg[9:0] at 9 that is stuck at constant 0.
W: Removed bmsWIDEDFFRSE inst D_reg[9:0] at 9 that is stuck at constant 0.
W: Removed bmsWIDEDFFRSE inst D_reg[9:0] at 9 that is stuck at constant 0.
W: Removed bmsWIDEDFFRSE inst D_reg[9:0] at 9 that is stuck at constant 0.
W: Removed bmsWIDEDFFRSE inst D_reg[9:0] at 9 that is stuck at constant 0.
W: Removed bmsWIDEDFFRSE inst D_reg[9:0] at 9 that is stuck at constant 0.
W: Removed bmsWIDEDFFRSE inst D_reg[9:0] at 9 that is stuck at constant 0.
W: Removed bmsWIDEDFFRSE inst D_reg[9:0] at 9 that is stuck at constant 0.
W: Removed bmsWIDEDFFRSE inst D_reg[9:0] at 9 that is stuck at constant 0.
W: Removed bmsWIDEDFFRSE inst D_reg[9:0] at 9 that is stuck at constant 0.
W: Removed bmsWIDEDFFRSE inst D_reg[9:0] at 9 that is stuck at constant 0.
W: Removed bmsWIDEDFFRSE inst D_reg[9:0] at 9 that is stuck at constant 0.
W: Removed bmsWIDEDFFRSE inst D_reg[9:0] at 9 that is stuck at constant 0.
W: Removed bmsWIDEDFFRSE inst D_reg[9:0] at 9 that is stuck at constant 0.
W: Removed bmsWIDEDFFRSE inst D_reg[9:0] at 9 that is stuck at constant 0.
W: Removed bmsWIDEDFFCPE inst pixel_pp_wr_sel[0] that is stuck at constant 0.
W: Removed bmsWIDEDFFRSE inst D_reg[9:0] at 9 that is stuck at constant 0.
W: Removed bmsWIDEDFFRSE inst D_reg[9:0] at 9 that is stuck at constant 0.
W: Removed bmsWIDEDFFRSE inst D_reg[9:0] at 9 that is stuck at constant 0.
W: Removed bmsWIDEDFFRSE inst D_reg[9:0] at 9 that is stuck at constant 0.
W: Removed bmsWIDEDFFRSE inst D_reg[9:0] at 9 that is stuck at constant 0.
W: Removed bmsWIDEDFFRSE inst D_reg[9:0] at 9 that is stuck at constant 0.
W: Removed bmsWIDEDFFRSE inst D_reg[9:0] at 9 that is stuck at constant 0.
W: Removed bmsWIDEDFFRSE inst D_reg[9:0] at 9 that is stuck at constant 0.
W: Removed bmsWIDEDFFRSE inst D_reg[9:0] at 9 that is stuck at constant 0.
W: Removed bmsWIDEDFFRSE inst D_reg[9:0] at 9 that is stuck at constant 0.
W: Removed bmsWIDEDFFRSE inst D_reg[9:0] at 9 that is stuck at constant 0.
W: Removed bmsWIDEDFFRSE inst D_reg[9:0] at 9 that is stuck at constant 0.
W: Removed bmsWIDEDFFRSE inst D_reg[9:0] at 9 that is stuck at constant 0.
W: Removed bmsWIDEDFFRSE inst D_reg[9:0] at 9 that is stuck at constant 0.
W: Removed bmsWIDEDFFRSE inst D_reg[9:0] at 9 that is stuck at constant 0.
W: Removed bmsWIDEDFFRSE inst D_reg[9:0] at 9 that is stuck at constant 0.
W: Removed bmsWIDEDFFRSE inst D_reg[9:0] at 9 that is stuck at constant 0.
W: Removed bmsWIDEDFFRSE inst D_reg[9:0] at 9 that is stuck at constant 0.
W: Removed bmsWIDEDFFRSE inst D_reg[9:0] at 9 that is stuck at constant 0.
W: Removed bmsWIDEDFFRSE inst D_reg[9:0] at 9 that is stuck at constant 0.
W: Removed bmsWIDEDFFRSE inst D_reg[9:0] at 9 that is stuck at constant 0.
W: Removed bmsWIDEDFFRSE inst D_reg[9:0] at 9 that is stuck at constant 0.
W: Removed bmsWIDEDFFRSE inst D_reg[9:0] at 9 that is stuck at constant 0.
W: Removed bmsWIDEDFFRSE inst D_reg[9:0] at 9 that is stuck at constant 0.
W: Removed bmsWIDEDFFRSE inst D_reg[9:0] at 9 that is stuck at constant 0.
W: Removed bmsWIDEDFFRSE inst D_reg[9:0] at 9 that is stuck at constant 0.
W: Removed bmsWIDEDFFRSE inst D_reg[9:0] at 9 that is stuck at constant 0.
W: Removed bmsWIDEDFFRSE inst D_reg[9:0] at 9 that is stuck at constant 0.
W: Removed bmsWIDEDFFRSE inst D_reg[9:0] at 9 that is stuck at constant 0.
W: Removed bmsWIDEDFFRSE inst D_reg[9:0] at 9 that is stuck at constant 0.
W: Removed bmsWIDEDFFRSE inst D_reg[9:0] at 9 that is stuck at constant 0.
W: Removed bmsWIDEDFFRSE inst D_reg[9:0] at 9 that is stuck at constant 0.
W: Removed bmsWIDEDFFRSE inst D_reg[9:0] at 9 that is stuck at constant 0.
W: Removed bmsWIDEDFFRSE inst D_reg[9:0] at 9 that is stuck at constant 0.
W: Removed bmsWIDEDFFRSE inst D_reg[9:0] at 9 that is stuck at constant 0.
W: Removed bmsWIDEDFFCPE inst pixel_pp_wr_sel[0] that is stuck at constant 0.
W: Removed bmsWIDEDFFCPE inst pixel_pp_wr_sel[0] that is stuck at constant 0.
W: Removed bmsWIDEDFFRSE inst D_reg[9:0] at 9 that is stuck at constant 0.
W: Removed bmsWIDEDFFRSE inst D_reg[9:0] at 9 that is stuck at constant 0.
W: Removed bmsWIDEDFFRSE inst D_reg[9:0] at 9 that is stuck at constant 0.
W: Removed bmsWIDEDFFRSE inst D_reg[9:0] at 9 that is stuck at constant 0.
W: Removed bmsWIDEDFFRSE inst D_reg[9:0] at 9 that is stuck at constant 0.
W: Removed bmsWIDEDFFRSE inst D_reg[9:0] at 9 that is stuck at constant 0.
W: Removed bmsWIDEDFFRSE inst D_reg[9:0] at 9 that is stuck at constant 0.
W: Removed bmsWIDEDFFRSE inst D_reg[9:0] at 9 that is stuck at constant 0.
W: Removed bmsWIDEDFFRSE inst D_reg[9:0] at 9 that is stuck at constant 0.
W: Removed bmsWIDEDFFRSE inst D_reg[9:0] at 9 that is stuck at constant 0.
W: Removed bmsWIDEDFFRSE inst D_reg[9:0] at 9 that is stuck at constant 0.
W: Removed bmsWIDEDFFRSE inst D_reg[9:0] at 9 that is stuck at constant 0.
W: Removed bmsWIDEDFFRSE inst D_reg[9:0] at 9 that is stuck at constant 0.
W: Removed bmsWIDEDFFRSE inst D_reg[9:0] at 9 that is stuck at constant 0.
W: Removed bmsWIDEDFFRSE inst D_reg[9:0] at 9 that is stuck at constant 0.
W: Removed bmsWIDEDFFRSE inst D_reg[9:0] at 9 that is stuck at constant 0.
W: Removed bmsWIDEDFFRSE inst D_reg[9:0] at 9 that is stuck at constant 0.
W: Removed bmsWIDEDFFRSE inst D_reg[9:0] at 9 that is stuck at constant 0.
W: Removed bmsWIDEDFFRSE inst D_reg[9:0] at 9 that is stuck at constant 0.
W: Removed bmsWIDEDFFRSE inst D_reg[9:0] at 9 that is stuck at constant 0.
W: Removed bmsWIDEDFFRSE inst D_reg[9:0] at 9 that is stuck at constant 0.
W: Removed bmsWIDEDFFRSE inst D_reg[9:0] at 9 that is stuck at constant 0.
W: Removed bmsWIDEDFFRSE inst D_reg[9:0] at 9 that is stuck at constant 0.
W: Removed bmsWIDEDFFRSE inst D_reg[9:0] at 9 that is stuck at constant 0.
W: Removed bmsWIDEDFFRSE inst D_reg[9:0] at 9 that is stuck at constant 0.
W: Removed bmsWIDEDFFRSE inst D_reg[9:0] at 9 that is stuck at constant 0.
W: Removed bmsWIDEDFFRSE inst D_reg[9:0] at 9 that is stuck at constant 0.
W: Removed bmsWIDEDFFRSE inst D_reg[9:0] at 9 that is stuck at constant 0.
W: Removed bmsWIDEDFFRSE inst D_reg[9:0] at 9 that is stuck at constant 0.
W: Removed bmsWIDEDFFRSE inst D_reg[9:0] at 9 that is stuck at constant 0.
W: Removed bmsWIDEDFFRSE inst D_reg[9:0] at 9 that is stuck at constant 0.
W: Removed bmsWIDEDFFRSE inst D_reg[9:0] at 9 that is stuck at constant 0.
W: Removed bmsWIDEDFFRSE inst D_reg[9:0] at 9 that is stuck at constant 0.
W: Removed bmsWIDEDFFRSE inst D_reg[9:0] at 9 that is stuck at constant 0.
W: Removed bmsWIDEDFFRSE inst D_reg[9:0] at 9 that is stuck at constant 0.
W: Removed bmsWIDEDFFRSE inst D_reg[9:0] at 9 that is stuck at constant 0.
W: Removed bmsWIDEDFFRSE inst D_reg[9:0] at 9 that is stuck at constant 0.
W: Removed bmsWIDEDFFRSE inst D_reg[9:0] at 9 that is stuck at constant 0.
W: Removed bmsWIDEDFFRSE inst D_reg[9:0] at 9 that is stuck at constant 0.
W: Removed bmsWIDEDFFRSE inst D_reg[9:0] at 9 that is stuck at constant 0.
W: Removed bmsWIDEDFFRSE inst D_reg[9:0] at 9 that is stuck at constant 0.
W: Removed bmsWIDEDFFRSE inst D_reg[9:0] at 9 that is stuck at constant 0.
W: Removed bmsWIDEDFFRSE inst D_reg[9:0] at 9 that is stuck at constant 0.
W: Removed bmsWIDEDFFRSE inst D_reg[9:0] at 9 that is stuck at constant 0.
W: Removed bmsWIDEDFFRSE inst D_reg[9:0] at 9 that is stuck at constant 0.
W: Removed bmsWIDEDFFRSE inst D_reg[9:0] at 9 that is stuck at constant 0.
W: Removed bmsWIDEDFFRSE inst D_reg[9:0] at 9 that is stuck at constant 0.
W: Removed bmsWIDEDFFRSE inst D_reg[9:0] at 9 that is stuck at constant 0.
W: Removed bmsWIDEDFFRSE inst D_reg[9:0] at 9 that is stuck at constant 0.
W: Removed bmsWIDEDFFRSE inst D_reg[9:0] at 9 that is stuck at constant 0.
W: Removed bmsWIDEDFFRSE inst D_reg[9:0] at 9 that is stuck at constant 0.
W: Removed bmsWIDEDFFRSE inst D_reg[9:0] at 9 that is stuck at constant 0.
W: Removed bmsWIDEDFFRSE inst D_reg[9:0] at 9 that is stuck at constant 0.
W: Removed bmsWIDEDFFRSE inst D_reg[9:0] at 9 that is stuck at constant 0.
W: Removed bmsWIDEDFFRSE inst D_reg[9:0] at 9 that is stuck at constant 0.
W: Removed bmsWIDEDFFRSE inst D_reg[9:0] at 9 that is stuck at constant 0.
W: Removed bmsWIDEDFFRSE inst D_reg[9:0] at 9 that is stuck at constant 0.
W: Removed bmsWIDEDFFRSE inst D_reg[9:0] at 9 that is stuck at constant 0.
W: Removed bmsWIDEDFFRSE inst D_reg[9:0] at 9 that is stuck at constant 0.
W: Removed bmsWIDEDFFRSE inst D_reg[9:0] at 9 that is stuck at constant 0.
W: Removed bmsWIDEDFFRSE inst D_reg[9:0] at 9 that is stuck at constant 0.
W: Removed bmsWIDEDFFRSE inst D_reg[9:0] at 9 that is stuck at constant 0.
W: Removed bmsWIDEDFFRSE inst D_reg[9:0] at 9 that is stuck at constant 0.
W: Removed bmsWIDEDFFRSE inst D_reg[9:0] at 9 that is stuck at constant 0.
W: Removed bmsWIDEDFFRSE inst D_reg[9:0] at 9 that is stuck at constant 0.
W: Removed bmsWIDEDFFRSE inst D_reg[9:0] at 9 that is stuck at constant 0.
W: Removed bmsWIDEDFFRSE inst D_reg[9:0] at 9 that is stuck at constant 0.
W: Removed bmsWIDEDFFRSE inst D_reg[9:0] at 9 that is stuck at constant 0.
W: Removed bmsWIDEDFFRSE inst D_reg[9:0] at 9 that is stuck at constant 0.
W: Removed bmsWIDEDFFRSE inst D_reg[9:0] at 9 that is stuck at constant 0.
W: Removed bmsWIDEDFFRSE inst D_reg[9:0] at 9 that is stuck at constant 0.
W: Removed bmsWIDEDFFRSE inst D_reg[9:0] at 9 that is stuck at constant 0.
W: Removed bmsWIDEDFFCPE inst pixel_pp_wr_sel[0] that is stuck at constant 0.
W: Removed bmsWIDEDFFRSE inst D_reg[9:0] at 9 that is stuck at constant 0.
W: Removed bmsWIDEDFFRSE inst D_reg[9:0] at 9 that is stuck at constant 0.
W: Removed bmsWIDEDFFRSE inst D_reg[9:0] at 9 that is stuck at constant 0.
W: Removed bmsWIDEDFFRSE inst D_reg[9:0] at 9 that is stuck at constant 0.
W: Removed bmsWIDEDFFRSE inst D_reg[9:0] at 9 that is stuck at constant 0.
W: Removed bmsWIDEDFFRSE inst D_reg[9:0] at 9 that is stuck at constant 0.
W: Removed bmsWIDEDFFRSE inst D_reg[9:0] at 9 that is stuck at constant 0.
W: Removed bmsWIDEDFFRSE inst D_reg[9:0] at 9 that is stuck at constant 0.
W: Removed bmsWIDEDFFRSE inst D_reg[9:0] at 9 that is stuck at constant 0.
W: Removed bmsWIDEDFFRSE inst D_reg[9:0] at 9 that is stuck at constant 0.
W: Removed bmsWIDEDFFRSE inst D_reg[9:0] at 9 that is stuck at constant 0.
W: Removed bmsWIDEDFFRSE inst D_reg[9:0] at 9 that is stuck at constant 0.
W: Removed bmsWIDEDFFRSE inst D_reg[9:0] at 9 that is stuck at constant 0.
W: Removed bmsWIDEDFFRSE inst D_reg[9:0] at 9 that is stuck at constant 0.
W: Removed bmsWIDEDFFRSE inst D_reg[9:0] at 9 that is stuck at constant 0.
W: Removed bmsWIDEDFFRSE inst D_reg[9:0] at 9 that is stuck at constant 0.
W: Removed bmsWIDEDFFRSE inst D_reg[9:0] at 9 that is stuck at constant 0.
W: Removed bmsWIDEDFFRSE inst D_reg[9:0] at 9 that is stuck at constant 0.
W: Removed bmsWIDEDFFRSE inst D_reg[8:0] at 8 that is stuck at constant 0.
W: Removed bmsWIDEDFFRSE inst D_reg_reg[8:0] at 8 that is stuck at constant 0.
W: Removed bmsWIDEDFFRSE inst D_reg[8:0] at 8 that is stuck at constant 0.
W: Removed bmsWIDEDFFRSE inst D_reg_reg[8:0] at 8 that is stuck at constant 0.
W: Removed bmsWIDEDFFRSE inst D_reg[8:0] at 8 that is stuck at constant 0.
W: Removed bmsWIDEDFFRSE inst D_reg_reg[8:0] at 8 that is stuck at constant 0.
W: Removed bmsWIDEDFFRSE inst D_reg[8:0] at 8 that is stuck at constant 0.
W: Removed bmsWIDEDFFRSE inst D_reg_reg[8:0] at 8 that is stuck at constant 0.
W: Removed bmsWIDEDFFRSE inst D_reg[8:0] at 8 that is stuck at constant 0.
W: Removed bmsWIDEDFFRSE inst D_reg_reg[8:0] at 8 that is stuck at constant 0.
W: Removed bmsWIDEDFFRSE inst D_reg[8:0] at 8 that is stuck at constant 0.
W: Removed bmsWIDEDFFRSE inst D_reg_reg[8:0] at 8 that is stuck at constant 0.
W: Removed bmsWIDEDFFRSE inst D_reg[8:0] at 8 that is stuck at constant 0.
W: Removed bmsWIDEDFFRSE inst D_reg_reg[8:0] at 8 that is stuck at constant 0.
W: Removed bmsWIDEDFFRSE inst D_reg[8:0] at 8 that is stuck at constant 0.
W: Removed bmsWIDEDFFRSE inst D_reg_reg[8:0] at 8 that is stuck at constant 0.
W: Removed bmsWIDEDFFRSE inst D_reg[8:0] at 8 that is stuck at constant 0.
W: Removed bmsWIDEDFFRSE inst D_reg_reg[8:0] at 8 that is stuck at constant 0.
W: Removed bmsWIDEDFFRSE inst gen_mem_read[0].raw_data_per_col_reg[80:0] at 22 that is stuck at constant 1.
W: Removed bmsWIDEDFFRSE inst D_reg[8:0] at 8 that is stuck at constant 0.
W: Removed bmsWIDEDFFRSE inst D_reg_reg[8:0] at 8 that is stuck at constant 0.
W: Removed bmsWIDEDFFRSE inst D_reg[8:0] at 8 that is stuck at constant 0.
W: Removed bmsWIDEDFFRSE inst D_reg_reg[8:0] at 8 that is stuck at constant 0.
W: Removed bmsWIDEDFFRSE inst D_reg[8:0] at 8 that is stuck at constant 0.
W: Removed bmsWIDEDFFRSE inst D_reg_reg[8:0] at 8 that is stuck at constant 0.
W: Removed bmsWIDEDFFRSE inst D_reg[8:0] at 8 that is stuck at constant 0.
W: Removed bmsWIDEDFFRSE inst D_reg_reg[8:0] at 8 that is stuck at constant 0.
W: Removed bmsWIDEDFFRSE inst D_reg[8:0] at 8 that is stuck at constant 0.
W: Removed bmsWIDEDFFRSE inst D_reg_reg[8:0] at 8 that is stuck at constant 0.
W: Removed bmsWIDEDFFRSE inst D_reg[8:0] at 8 that is stuck at constant 0.
W: Removed bmsWIDEDFFRSE inst D_reg_reg[8:0] at 8 that is stuck at constant 0.
W: Removed bmsWIDEDFFRSE inst D_reg[8:0] at 8 that is stuck at constant 0.
W: Removed bmsWIDEDFFRSE inst D_reg_reg[8:0] at 8 that is stuck at constant 0.
W: Removed bmsWIDEDFFRSE inst D_reg[8:0] at 8 that is stuck at constant 0.
W: Removed bmsWIDEDFFRSE inst D_reg_reg[8:0] at 8 that is stuck at constant 0.
W: Removed bmsWIDEDFFRSE inst D_reg[8:0] at 8 that is stuck at constant 0.
W: Removed bmsWIDEDFFRSE inst D_reg_reg[8:0] at 8 that is stuck at constant 0.
W: Removed bmsWIDEDFFRSE inst D_reg[8:0] at 8 that is stuck at constant 0.
W: Removed bmsWIDEDFFRSE inst D_reg_reg[8:0] at 8 that is stuck at constant 0.
W: Removed bmsWIDEDFFRSE inst D_reg[8:0] at 8 that is stuck at constant 0.
W: Removed bmsWIDEDFFRSE inst D_reg_reg[8:0] at 8 that is stuck at constant 0.
W: Removed bmsWIDEDFFRSE inst D_reg[8:0] at 8 that is stuck at constant 0.
W: Removed bmsWIDEDFFRSE inst D_reg_reg[8:0] at 8 that is stuck at constant 0.
W: Removed bmsWIDEDFFRSE inst D_reg[8:0] at 8 that is stuck at constant 0.
W: Removed bmsWIDEDFFRSE inst D_reg_reg[8:0] at 8 that is stuck at constant 0.
W: Removed bmsWIDEDFFRSE inst D_reg[8:0] at 8 that is stuck at constant 0.
W: Removed bmsWIDEDFFRSE inst D_reg_reg[8:0] at 8 that is stuck at constant 0.
W: Removed bmsWIDEDFFRSE inst D_reg[8:0] at 8 that is stuck at constant 0.
W: Removed bmsWIDEDFFRSE inst D_reg_reg[8:0] at 8 that is stuck at constant 0.
W: Removed bmsWIDEDFFRSE inst D_reg[8:0] at 8 that is stuck at constant 0.
W: Removed bmsWIDEDFFRSE inst D_reg_reg[8:0] at 8 that is stuck at constant 0.
W: Removed bmsWIDEDFFRSE inst D_reg[8:0] at 8 that is stuck at constant 0.
W: Removed bmsWIDEDFFRSE inst D_reg_reg[8:0] at 8 that is stuck at constant 0.
W: Removed bmsWIDEDFFRSE inst D_reg[8:0] at 8 that is stuck at constant 0.
W: Removed bmsWIDEDFFRSE inst D_reg_reg[8:0] at 8 that is stuck at constant 0.
W: Removed bmsWIDEDFFRSE inst D_reg[8:0] at 8 that is stuck at constant 0.
W: Removed bmsWIDEDFFRSE inst D_reg[8:0] at 8 that is stuck at constant 0.
W: Removed bmsWIDEDFFRSE inst D_reg[8:0] at 8 that is stuck at constant 0.
W: Removed bmsWIDEDFFRSE inst D_reg[8:0] at 8 that is stuck at constant 0.
W: Removed bmsWIDEDFFRSE inst D_reg[8:0] at 8 that is stuck at constant 0.
W: Removed bmsWIDEDFFRSE inst D_reg[8:0] at 8 that is stuck at constant 0.
W: Removed bmsWIDEDFFRSE inst D_reg[8:0] at 8 that is stuck at constant 0.
W: Removed bmsWIDEDFFRSE inst D_reg[8:0] at 8 that is stuck at constant 0.
W: Removed bmsWIDEDFFRSE inst D_reg[8:0] at 8 that is stuck at constant 0.
W: Removed bmsWIDEDFFRSE inst D_reg[8:0] at 8 that is stuck at constant 0.
W: Removed bmsWIDEDFFRSE inst D_reg_reg[8:0] at 8 that is stuck at constant 0.
W: Removed bmsWIDEDFFRSE inst D_reg[8:0] at 8 that is stuck at constant 0.
W: Removed bmsWIDEDFFRSE inst D_reg_reg[8:0] at 8 that is stuck at constant 0.
W: Removed bmsWIDEDFFRSE inst D_reg[8:0] at 8 that is stuck at constant 0.
W: Removed bmsWIDEDFFRSE inst D_reg_reg[8:0] at 8 that is stuck at constant 0.
W: Removed bmsWIDEDFFRSE inst D_reg[8:0] at 8 that is stuck at constant 0.
W: Removed bmsWIDEDFFRSE inst D_reg_reg[8:0] at 8 that is stuck at constant 0.
W: Removed bmsWIDEDFFRSE inst D_reg[8:0] at 8 that is stuck at constant 0.
W: Removed bmsWIDEDFFRSE inst D_reg_reg[8:0] at 8 that is stuck at constant 0.
W: Removed bmsWIDEDFFRSE inst D_reg[8:0] at 8 that is stuck at constant 0.
W: Removed bmsWIDEDFFRSE inst D_reg_reg[8:0] at 8 that is stuck at constant 0.
W: Removed bmsWIDEDFFRSE inst D_reg[8:0] at 8 that is stuck at constant 0.
W: Removed bmsWIDEDFFRSE inst D_reg_reg[8:0] at 8 that is stuck at constant 0.
W: Removed bmsWIDEDFFRSE inst D_reg[8:0] at 8 that is stuck at constant 0.
W: Removed bmsWIDEDFFRSE inst D_reg_reg[8:0] at 8 that is stuck at constant 0.
W: Removed bmsWIDEDFFRSE inst D_reg[8:0] at 8 that is stuck at constant 0.
W: Removed bmsWIDEDFFRSE inst D_reg_reg[8:0] at 8 that is stuck at constant 0.
W: Removed bmsWIDEDFFRSE inst D_reg[8:0] at 8 that is stuck at constant 0.
W: Removed bmsWIDEDFFRSE inst D_reg_reg[8:0] at 8 that is stuck at constant 0.
W: Removed bmsWIDEDFFRSE inst D_reg[8:0] at 8 that is stuck at constant 0.
W: Removed bmsWIDEDFFRSE inst D_reg_reg[8:0] at 8 that is stuck at constant 0.
W: Removed bmsWIDEDFFRSE inst D_reg[8:0] at 8 that is stuck at constant 0.
W: Removed bmsWIDEDFFRSE inst D_reg_reg[8:0] at 8 that is stuck at constant 0.
W: Removed bmsWIDEDFFRSE inst D_reg[8:0] at 8 that is stuck at constant 0.
W: Removed bmsWIDEDFFRSE inst D_reg_reg[8:0] at 8 that is stuck at constant 0.
W: Removed bmsWIDEDFFRSE inst D_reg[8:0] at 8 that is stuck at constant 0.
W: Removed bmsWIDEDFFRSE inst D_reg_reg[8:0] at 8 that is stuck at constant 0.
W: Removed bmsWIDEDFFRSE inst D_reg[8:0] at 8 that is stuck at constant 0.
W: Removed bmsWIDEDFFRSE inst D_reg_reg[8:0] at 8 that is stuck at constant 0.
W: Removed bmsWIDEDFFRSE inst D_reg[8:0] at 8 that is stuck at constant 0.
W: Removed bmsWIDEDFFRSE inst D_reg_reg[8:0] at 8 that is stuck at constant 0.
W: Removed bmsWIDEDFFRSE inst D_reg[8:0] at 8 that is stuck at constant 0.
W: Removed bmsWIDEDFFRSE inst D_reg_reg[8:0] at 8 that is stuck at constant 0.
W: Removed bmsWIDEDFFRSE inst D_reg[8:0] at 8 that is stuck at constant 0.
W: Removed bmsWIDEDFFRSE inst D_reg_reg[8:0] at 8 that is stuck at constant 0.
W: Removed bmsWIDEDFFRSE inst D_reg[8:0] at 8 that is stuck at constant 0.
W: Removed bmsWIDEDFFRSE inst D_reg_reg[8:0] at 8 that is stuck at constant 0.
W: Removed bmsWIDEDFFRSE inst D_reg[8:0] at 8 that is stuck at constant 0.
W: Removed bmsWIDEDFFRSE inst D_reg_reg[8:0] at 8 that is stuck at constant 0.
W: Removed bmsWIDEDFFRSE inst D_reg[8:0] at 8 that is stuck at constant 0.
W: Removed bmsWIDEDFFRSE inst D_reg_reg[8:0] at 8 that is stuck at constant 0.
W: Removed bmsWIDEDFFRSE inst D_reg[8:0] at 8 that is stuck at constant 0.
W: Removed bmsWIDEDFFRSE inst D_reg_reg[8:0] at 8 that is stuck at constant 0.
W: Removed bmsWIDEDFFRSE inst D_reg[8:0] at 8 that is stuck at constant 0.
W: Removed bmsWIDEDFFRSE inst D_reg_reg[8:0] at 8 that is stuck at constant 0.
W: Removed bmsWIDEDFFRSE inst D_reg[8:0] at 8 that is stuck at constant 0.
W: Removed bmsWIDEDFFRSE inst D_reg_reg[8:0] at 8 that is stuck at constant 0.
W: Removed bmsWIDEDFFRSE inst D_reg[8:0] at 8 that is stuck at constant 0.
W: Removed bmsWIDEDFFRSE inst D_reg_reg[8:0] at 8 that is stuck at constant 0.
W: Removed bmsWIDEDFFRSE inst D_reg[8:0] at 8 that is stuck at constant 0.
W: Removed bmsWIDEDFFRSE inst D_reg_reg[8:0] at 8 that is stuck at constant 0.
W: Removed bmsWIDEDFFRSE inst D_reg[8:0] at 8 that is stuck at constant 0.
W: Removed bmsWIDEDFFRSE inst D_reg_reg[8:0] at 8 that is stuck at constant 0.
W: Removed bmsWIDEDFFRSE inst D_reg[8:0] at 8 that is stuck at constant 0.
W: Removed bmsWIDEDFFRSE inst D_reg_reg[8:0] at 8 that is stuck at constant 0.
W: Removed bmsWIDEDFFRSE inst D_reg[8:0] at 8 that is stuck at constant 0.
W: Removed bmsWIDEDFFRSE inst D_reg_reg[8:0] at 8 that is stuck at constant 0.
W: Removed bmsWIDEDFFRSE inst D_reg[8:0] at 8 that is stuck at constant 0.
W: Removed bmsWIDEDFFRSE inst D_reg_reg[8:0] at 8 that is stuck at constant 0.
W: Removed bmsWIDEDFFRSE inst D_reg[8:0] at 8 that is stuck at constant 0.
W: Removed bmsWIDEDFFRSE inst D_reg_reg[8:0] at 8 that is stuck at constant 0.
W: Removed bmsWIDEDFFRSE inst D_reg[8:0] at 8 that is stuck at constant 0.
W: Removed bmsWIDEDFFRSE inst D_reg_reg[8:0] at 8 that is stuck at constant 0.
W: Removed bmsWIDEDFFRSE inst D_reg[8:0] at 8 that is stuck at constant 0.
W: Removed bmsWIDEDFFRSE inst D_reg_reg[8:0] at 8 that is stuck at constant 0.
W: Removed bmsWIDEDFFRSE inst D_reg[8:0] at 8 that is stuck at constant 0.
W: Removed bmsWIDEDFFRSE inst D_reg_reg[8:0] at 8 that is stuck at constant 0.
W: Removed bmsWIDEDFFRSE inst D_reg[8:0] at 8 that is stuck at constant 0.
W: Removed bmsWIDEDFFRSE inst D_reg_reg[8:0] at 8 that is stuck at constant 0.
W: Removed bmsWIDEDFFRSE inst D_reg[8:0] at 8 that is stuck at constant 0.
W: Removed bmsWIDEDFFRSE inst D_reg_reg[8:0] at 8 that is stuck at constant 0.
W: Removed bmsWIDEDFFRSE inst D_reg[8:0] at 8 that is stuck at constant 0.
W: Removed bmsWIDEDFFRSE inst D_reg_reg[8:0] at 8 that is stuck at constant 0.
W: Removed bmsWIDEDFFRSE inst D_reg[8:0] at 8 that is stuck at constant 0.
W: Removed bmsWIDEDFFRSE inst D_reg_reg[8:0] at 8 that is stuck at constant 0.
W: Removed bmsWIDEDFFRSE inst D_reg[8:0] at 8 that is stuck at constant 0.
W: Removed bmsWIDEDFFRSE inst D_reg_reg[8:0] at 8 that is stuck at constant 0.
W: Removed bmsWIDEDFFRSE inst D_reg[8:0] at 8 that is stuck at constant 0.
W: Removed bmsWIDEDFFRSE inst D_reg_reg[8:0] at 8 that is stuck at constant 0.
W: Removed bmsWIDEDFFRSE inst D_reg[8:0] at 8 that is stuck at constant 0.
W: Removed bmsWIDEDFFRSE inst D_reg_reg[8:0] at 8 that is stuck at constant 0.
W: Removed bmsWIDEDFFRSE inst D_reg[8:0] at 8 that is stuck at constant 0.
W: Removed bmsWIDEDFFRSE inst D_reg_reg[8:0] at 8 that is stuck at constant 0.
W: Removed bmsWIDEDFFRSE inst D_reg[8:0] at 8 that is stuck at constant 0.
W: Removed bmsWIDEDFFRSE inst D_reg_reg[8:0] at 8 that is stuck at constant 0.
W: Removed bmsWIDEDFFRSE inst D_reg[8:0] at 8 that is stuck at constant 0.
W: Removed bmsWIDEDFFRSE inst D_reg_reg[8:0] at 8 that is stuck at constant 0.
W: Removed bmsWIDEDFFRSE inst D_reg[8:0] at 8 that is stuck at constant 0.
W: Removed bmsWIDEDFFRSE inst D_reg_reg[8:0] at 8 that is stuck at constant 0.
W: Removed bmsWIDEDFFRSE inst D_reg[8:0] at 8 that is stuck at constant 0.
W: Removed bmsWIDEDFFRSE inst D_reg_reg[8:0] at 8 that is stuck at constant 0.
W: Removed bmsWIDEDFFRSE inst D_reg[8:0] at 8 that is stuck at constant 0.
W: Removed bmsWIDEDFFRSE inst D_reg_reg[8:0] at 8 that is stuck at constant 0.
W: Removed bmsWIDEDFFRSE inst D_reg[8:0] at 8 that is stuck at constant 0.
W: Removed bmsWIDEDFFRSE inst D_reg_reg[8:0] at 8 that is stuck at constant 0.
W: Removed bmsWIDEDFFRSE inst D_reg[8:0] at 8 that is stuck at constant 0.
W: Removed bmsWIDEDFFRSE inst D_reg_reg[8:0] at 8 that is stuck at constant 0.
W: Removed bmsWIDEDFFRSE inst D_reg[8:0] at 8 that is stuck at constant 0.
W: Removed bmsWIDEDFFRSE inst D_reg_reg[8:0] at 8 that is stuck at constant 0.
W: Removed bmsWIDEDFFRSE inst D_reg[8:0] at 8 that is stuck at constant 0.
W: Removed bmsWIDEDFFRSE inst D_reg_reg[8:0] at 8 that is stuck at constant 0.
W: Removed bmsWIDEDFFRSE inst D_reg[8:0] at 8 that is stuck at constant 0.
W: Removed bmsWIDEDFFRSE inst D_reg_reg[8:0] at 8 that is stuck at constant 0.
W: Removed bmsWIDEDFFRSE inst D_reg[8:0] at 8 that is stuck at constant 0.
W: Removed bmsWIDEDFFRSE inst D_reg_reg[8:0] at 8 that is stuck at constant 0.
W: Removed bmsWIDEDFFRSE inst D_reg[8:0] at 8 that is stuck at constant 0.
W: Removed bmsWIDEDFFRSE inst D_reg_reg[8:0] at 8 that is stuck at constant 0.
W: Removed bmsWIDEDFFCPE inst pixel_pp_wr_sel[0] that is stuck at constant 0.
W: Removed bmsWIDEDFFRSE inst D_reg[8:0] at 8 that is stuck at constant 0.
W: Removed bmsWIDEDFFRSE inst D_reg_reg[8:0] at 8 that is stuck at constant 0.
W: Removed bmsWIDEDFFRSE inst D_reg[8:0] at 8 that is stuck at constant 0.
W: Removed bmsWIDEDFFRSE inst D_reg_reg[8:0] at 8 that is stuck at constant 0.
W: Removed bmsWIDEDFFRSE inst D_reg[8:0] at 8 that is stuck at constant 0.
W: Removed bmsWIDEDFFRSE inst D_reg_reg[8:0] at 8 that is stuck at constant 0.
W: Removed bmsWIDEDFFRSE inst D_reg[8:0] at 8 that is stuck at constant 0.
W: Removed bmsWIDEDFFRSE inst D_reg_reg[8:0] at 8 that is stuck at constant 0.
W: Removed bmsWIDEDFFRSE inst D_reg[8:0] at 8 that is stuck at constant 0.
W: Removed bmsWIDEDFFRSE inst D_reg_reg[8:0] at 8 that is stuck at constant 0.
W: Removed bmsWIDEDFFRSE inst D_reg[8:0] at 8 that is stuck at constant 0.
W: Removed bmsWIDEDFFRSE inst D_reg_reg[8:0] at 8 that is stuck at constant 0.
W: Removed bmsWIDEDFFRSE inst D_reg[8:0] at 8 that is stuck at constant 0.
W: Removed bmsWIDEDFFRSE inst D_reg_reg[8:0] at 8 that is stuck at constant 0.
W: Removed bmsWIDEDFFRSE inst D_reg[8:0] at 8 that is stuck at constant 0.
W: Removed bmsWIDEDFFRSE inst D_reg_reg[8:0] at 8 that is stuck at constant 0.
W: Removed bmsWIDEDFFRSE inst D_reg[8:0] at 8 that is stuck at constant 0.
W: Removed bmsWIDEDFFRSE inst D_reg_reg[8:0] at 8 that is stuck at constant 0.
W: Removed bmsWIDEDFFRSE inst D_reg[8:0] at 8 that is stuck at constant 0.
W: Removed bmsWIDEDFFRSE inst D_reg_reg[8:0] at 8 that is stuck at constant 0.
W: Removed bmsWIDEDFFRSE inst D_reg[8:0] at 8 that is stuck at constant 0.
W: Removed bmsWIDEDFFRSE inst D_reg_reg[8:0] at 8 that is stuck at constant 0.
W: Removed bmsWIDEDFFRSE inst D_reg[8:0] at 8 that is stuck at constant 0.
W: Removed bmsWIDEDFFRSE inst D_reg_reg[8:0] at 8 that is stuck at constant 0.
W: Removed bmsWIDEDFFRSE inst D_reg[8:0] at 8 that is stuck at constant 0.
W: Removed bmsWIDEDFFRSE inst D_reg_reg[8:0] at 8 that is stuck at constant 0.
W: Removed bmsWIDEDFFRSE inst D_reg[8:0] at 8 that is stuck at constant 0.
W: Removed bmsWIDEDFFRSE inst D_reg_reg[8:0] at 8 that is stuck at constant 0.
W: Removed bmsWIDEDFFRSE inst D_reg[8:0] at 8 that is stuck at constant 0.
W: Removed bmsWIDEDFFRSE inst D_reg_reg[8:0] at 8 that is stuck at constant 0.
W: Removed bmsWIDEDFFRSE inst D_reg[8:0] at 8 that is stuck at constant 0.
W: Removed bmsWIDEDFFRSE inst D_reg_reg[8:0] at 8 that is stuck at constant 0.
W: Removed bmsWIDEDFFRSE inst D_reg[8:0] at 8 that is stuck at constant 0.
W: Removed bmsWIDEDFFRSE inst D_reg_reg[8:0] at 8 that is stuck at constant 0.
W: Removed bmsWIDEDFFRSE inst D_reg[8:0] at 8 that is stuck at constant 0.
W: Removed bmsWIDEDFFRSE inst D_reg_reg[8:0] at 8 that is stuck at constant 0.
W: Removed bmsWIDEDFFRSE inst D_reg[8:0] at 8 that is stuck at constant 0.
W: Removed bmsWIDEDFFRSE inst D_reg_reg[8:0] at 8 that is stuck at constant 0.
W: Removed bmsWIDEDFFRSE inst D_reg[8:0] at 8 that is stuck at constant 0.
W: Removed bmsWIDEDFFRSE inst D_reg_reg[8:0] at 8 that is stuck at constant 0.
W: Removed bmsWIDEDFFRSE inst D_reg[8:0] at 8 that is stuck at constant 0.
W: Removed bmsWIDEDFFRSE inst D_reg_reg[8:0] at 8 that is stuck at constant 0.
W: Removed bmsWIDEDFFRSE inst D_reg[8:0] at 8 that is stuck at constant 0.
W: Removed bmsWIDEDFFRSE inst D_reg_reg[8:0] at 8 that is stuck at constant 0.
W: Removed bmsWIDEDFFRSE inst D_reg[8:0] at 8 that is stuck at constant 0.
W: Removed bmsWIDEDFFRSE inst D_reg_reg[8:0] at 8 that is stuck at constant 0.
W: Removed bmsWIDEDFFRSE inst D_reg[8:0] at 8 that is stuck at constant 0.
W: Removed bmsWIDEDFFRSE inst D_reg_reg[8:0] at 8 that is stuck at constant 0.
W: Removed bmsWIDEDFFRSE inst D_reg[8:0] at 8 that is stuck at constant 0.
W: Removed bmsWIDEDFFRSE inst D_reg_reg[8:0] at 8 that is stuck at constant 0.
W: Removed bmsWIDEDFFRSE inst D_reg[8:0] at 8 that is stuck at constant 0.
W: Removed bmsWIDEDFFRSE inst D_reg_reg[8:0] at 8 that is stuck at constant 0.
W: Removed bmsWIDEDFFRSE inst D_reg[8:0] at 8 that is stuck at constant 0.
W: Removed bmsWIDEDFFRSE inst D_reg_reg[8:0] at 8 that is stuck at constant 0.
W: Removed bmsWIDEDFFRSE inst D_reg[8:0] at 8 that is stuck at constant 0.
W: Removed bmsWIDEDFFRSE inst D_reg_reg[8:0] at 8 that is stuck at constant 0.
W: Removed bmsWIDEDFFRSE inst D_reg[8:0] at 8 that is stuck at constant 0.
W: Removed bmsWIDEDFFRSE inst D_reg_reg[8:0] at 8 that is stuck at constant 0.
W: Removed bmsWIDEDFFRSE inst D_reg[8:0] at 8 that is stuck at constant 0.
W: Removed bmsWIDEDFFRSE inst D_reg_reg[8:0] at 8 that is stuck at constant 0.
W: Removed bmsWIDEDFFRSE inst D_reg[8:0] at 8 that is stuck at constant 0.
W: Removed bmsWIDEDFFRSE inst D_reg_reg[8:0] at 8 that is stuck at constant 0.
W: Removed bmsWIDEDFFRSE inst D_reg[8:0] at 8 that is stuck at constant 0.
W: Removed bmsWIDEDFFRSE inst D_reg_reg[8:0] at 8 that is stuck at constant 0.
W: Removed bmsWIDEDFFRSE inst D_reg[8:0] at 8 that is stuck at constant 0.
W: Removed bmsWIDEDFFRSE inst D_reg_reg[8:0] at 8 that is stuck at constant 0.
W: Removed bmsWIDEDFFRSE inst D_reg[8:0] at 8 that is stuck at constant 0.
W: Removed bmsWIDEDFFRSE inst D_reg_reg[8:0] at 8 that is stuck at constant 0.
W: Removed bmsWIDEDFFRSE inst D_reg[8:0] at 8 that is stuck at constant 0.
W: Removed bmsWIDEDFFRSE inst D_reg_reg[8:0] at 8 that is stuck at constant 0.
W: Removed bmsWIDEDFFRSE inst D_reg[8:0] at 8 that is stuck at constant 0.
W: Removed bmsWIDEDFFRSE inst D_reg_reg[8:0] at 8 that is stuck at constant 0.
W: Removed bmsWIDEDFFRSE inst D_reg[8:0] at 8 that is stuck at constant 0.
W: Removed bmsWIDEDFFRSE inst D_reg_reg[8:0] at 8 that is stuck at constant 0.
W: Removed bmsWIDEDFFRSE inst D_reg[8:0] at 8 that is stuck at constant 0.
W: Removed bmsWIDEDFFRSE inst D_reg_reg[8:0] at 8 that is stuck at constant 0.
W: Removed bmsWIDEDFFRSE inst D_reg[8:0] at 8 that is stuck at constant 0.
W: Removed bmsWIDEDFFRSE inst D_reg_reg[8:0] at 8 that is stuck at constant 0.
W: Removed bmsWIDEDFFRSE inst D_reg[8:0] at 8 that is stuck at constant 0.
W: Removed bmsWIDEDFFRSE inst D_reg_reg[8:0] at 8 that is stuck at constant 0.
W: Removed bmsWIDEDFFRSE inst D_reg[8:0] at 8 that is stuck at constant 0.
W: Removed bmsWIDEDFFRSE inst D_reg_reg[8:0] at 8 that is stuck at constant 0.
W: Removed bmsWIDEDFFRSE inst D_reg[8:0] at 8 that is stuck at constant 0.
W: Removed bmsWIDEDFFRSE inst D_reg_reg[8:0] at 8 that is stuck at constant 0.
W: Removed bmsWIDEDFFRSE inst D_reg[8:0] at 8 that is stuck at constant 0.
W: Removed bmsWIDEDFFRSE inst D_reg_reg[8:0] at 8 that is stuck at constant 0.
W: Removed bmsWIDEDFFRSE inst D_reg[8:0] at 8 that is stuck at constant 0.
W: Removed bmsWIDEDFFRSE inst D_reg_reg[8:0] at 8 that is stuck at constant 0.
W: Removed bmsWIDEDFFRSE inst D_reg[8:0] at 8 that is stuck at constant 0.
W: Removed bmsWIDEDFFRSE inst D_reg_reg[8:0] at 8 that is stuck at constant 0.
W: Removed bmsWIDEDFFRSE inst D_reg[8:0] at 8 that is stuck at constant 0.
W: Removed bmsWIDEDFFRSE inst D_reg_reg[8:0] at 8 that is stuck at constant 0.
W: Removed bmsWIDEDFFRSE inst D_reg[8:0] at 8 that is stuck at constant 0.
W: Removed bmsWIDEDFFRSE inst D_reg_reg[8:0] at 8 that is stuck at constant 0.
W: Removed bmsWIDEDFFRSE inst D_reg[8:0] at 8 that is stuck at constant 0.
W: Removed bmsWIDEDFFRSE inst D_reg_reg[8:0] at 8 that is stuck at constant 0.
W: Removed bmsWIDEDFFRSE inst D_reg[8:0] at 8 that is stuck at constant 0.
W: Removed bmsWIDEDFFRSE inst D_reg_reg[8:0] at 8 that is stuck at constant 0.
W: Removed bmsWIDEDFFRSE inst D_reg[8:0] at 8 that is stuck at constant 0.
W: Removed bmsWIDEDFFRSE inst D_reg_reg[8:0] at 8 that is stuck at constant 0.
W: Removed bmsWIDEDFFRSE inst D_reg[8:0] at 8 that is stuck at constant 0.
W: Removed bmsWIDEDFFRSE inst D_reg_reg[8:0] at 8 that is stuck at constant 0.
W: Removed bmsWIDEDFFRSE inst D_reg[8:0] at 8 that is stuck at constant 0.
W: Removed bmsWIDEDFFRSE inst D_reg_reg[8:0] at 8 that is stuck at constant 0.
W: Removed bmsWIDEDFFRSE inst D_reg[8:0] at 8 that is stuck at constant 0.
W: Removed bmsWIDEDFFRSE inst D_reg_reg[8:0] at 8 that is stuck at constant 0.
W: Removed bmsWIDEDFFRSE inst D_reg[8:0] at 8 that is stuck at constant 0.
W: Removed bmsWIDEDFFRSE inst D_reg_reg[8:0] at 8 that is stuck at constant 0.
W: Removed bmsWIDEDFFRSE inst D_reg[8:0] at 8 that is stuck at constant 0.
W: Removed bmsWIDEDFFRSE inst D_reg[8:0] at 8 that is stuck at constant 0.
W: Removed bmsWIDEDFFRSE inst D_reg[8:0] at 8 that is stuck at constant 0.
W: Removed bmsWIDEDFFRSE inst D_reg[8:0] at 8 that is stuck at constant 0.
W: Removed bmsWIDEDFFRSE inst D_reg[8:0] at 8 that is stuck at constant 0.
W: Removed bmsWIDEDFFRSE inst D_reg[8:0] at 8 that is stuck at constant 0.
W: Removed bmsWIDEDFFRSE inst D_reg[8:0] at 8 that is stuck at constant 0.
W: Removed bmsWIDEDFFRSE inst D_reg[8:0] at 8 that is stuck at constant 0.
W: Removed bmsWIDEDFFRSE inst D_reg[8:0] at 8 that is stuck at constant 0.
W: Removed bmsWIDEDFFCPE inst pixel_pp_wr_sel[0] that is stuck at constant 0.
W: Removed bmsWIDEDFFRSE inst D_reg[8:0] at 8 that is stuck at constant 0.
W: Removed bmsWIDEDFFRSE inst D_reg[8:0] at 8 that is stuck at constant 0.
W: Removed bmsWIDEDFFRSE inst D_reg[8:0] at 8 that is stuck at constant 0.
W: Removed bmsWIDEDFFRSE inst D_reg[8:0] at 8 that is stuck at constant 0.
W: Removed bmsWIDEDFFRSE inst D_reg[8:0] at 8 that is stuck at constant 0.
W: Removed bmsWIDEDFFRSE inst D_reg[8:0] at 8 that is stuck at constant 0.
W: Removed bmsWIDEDFFRSE inst D_reg[8:0] at 8 that is stuck at constant 0.
W: Removed bmsWIDEDFFRSE inst D_reg[8:0] at 8 that is stuck at constant 0.
W: Removed bmsWIDEDFFRSE inst D_reg[8:0] at 8 that is stuck at constant 0.
W: Removed bmsWIDEDFFRSE inst D_reg[8:0] at 8 that is stuck at constant 0.
W: Removed bmsWIDEDFFRSE inst D_reg[8:0] at 8 that is stuck at constant 0.
W: Removed bmsWIDEDFFRSE inst D_reg[8:0] at 8 that is stuck at constant 0.
W: Removed bmsWIDEDFFRSE inst D_reg[8:0] at 8 that is stuck at constant 0.
W: Removed bmsWIDEDFFRSE inst D_reg[8:0] at 8 that is stuck at constant 0.
W: Removed bmsWIDEDFFRSE inst D_reg[8:0] at 8 that is stuck at constant 0.
W: Removed bmsWIDEDFFRSE inst D_reg[8:0] at 8 that is stuck at constant 0.
W: Removed bmsWIDEDFFRSE inst D_reg[8:0] at 8 that is stuck at constant 0.
W: Removed bmsWIDEDFFRSE inst D_reg[8:0] at 8 that is stuck at constant 0.
W: Removed bmsWIDEDFFRSE inst D_reg[8:0] at 8 that is stuck at constant 0.
W: Removed bmsWIDEDFFRSE inst D_reg[8:0] at 8 that is stuck at constant 0.
W: Removed bmsWIDEDFFRSE inst D_reg[8:0] at 8 that is stuck at constant 0.
W: Removed bmsWIDEDFFRSE inst D_reg[8:0] at 8 that is stuck at constant 0.
W: Removed bmsWIDEDFFRSE inst D_reg[8:0] at 8 that is stuck at constant 0.
W: Removed bmsWIDEDFFRSE inst D_reg[8:0] at 8 that is stuck at constant 0.
W: Removed bmsWIDEDFFRSE inst D_reg[8:0] at 8 that is stuck at constant 0.
W: Removed bmsWIDEDFFRSE inst D_reg[8:0] at 8 that is stuck at constant 0.
W: Removed bmsWIDEDFFRSE inst D_reg[8:0] at 8 that is stuck at constant 0.
W: Removed bmsWIDEDFFCPE inst pixel_pp_wr_sel[0] that is stuck at constant 0.
W: Removed bmsWIDEDFFRSE inst D_reg[8:0] at 8 that is stuck at constant 0.
W: Removed bmsWIDEDFFRSE inst D_reg[8:0] at 8 that is stuck at constant 0.
W: Removed bmsWIDEDFFRSE inst D_reg[8:0] at 8 that is stuck at constant 0.
W: Removed bmsWIDEDFFRSE inst D_reg[8:0] at 8 that is stuck at constant 0.
W: Removed bmsWIDEDFFRSE inst D_reg[8:0] at 8 that is stuck at constant 0.
W: Removed bmsWIDEDFFRSE inst D_reg[8:0] at 8 that is stuck at constant 0.
W: Removed bmsWIDEDFFRSE inst D_reg[8:0] at 8 that is stuck at constant 0.
W: Removed bmsWIDEDFFRSE inst D_reg[8:0] at 8 that is stuck at constant 0.
W: Removed bmsWIDEDFFRSE inst D_reg[8:0] at 8 that is stuck at constant 0.
W: Removed bmsWIDEDFFRSE inst D_reg[8:0] at 8 that is stuck at constant 0.
W: Removed bmsWIDEDFFCPE inst pixel_pp_wr_sel[0] that is stuck at constant 0.
W: Removed bmsWIDEDFFRSE inst D_reg[8:0] at 8 that is stuck at constant 0.
W: Removed bmsWIDEDFFRSE inst D_reg[8:0] at 8 that is stuck at constant 0.
W: Removed bmsWIDEDFFRSE inst D_reg[8:0] at 8 that is stuck at constant 0.
W: Removed bmsWIDEDFFRSE inst D_reg[8:0] at 8 that is stuck at constant 0.
W: Removed bmsWIDEDFFRSE inst D_reg[8:0] at 8 that is stuck at constant 0.
W: Removed bmsWIDEDFFRSE inst D_reg[8:0] at 8 that is stuck at constant 0.
W: Removed bmsWIDEDFFRSE inst D_reg[8:0] at 8 that is stuck at constant 0.
W: Removed bmsWIDEDFFRSE inst D_reg[8:0] at 8 that is stuck at constant 0.
W: Removed bmsWIDEDFFRSE inst D_reg[8:0] at 8 that is stuck at constant 0.
W: Removed bmsWIDEDFFRSE inst D_reg[8:0] at 8 that is stuck at constant 0.
W: Removed bmsWIDEDFFRSE inst D_reg[8:0] at 8 that is stuck at constant 0.
W: Removed bmsWIDEDFFRSE inst D_reg[8:0] at 8 that is stuck at constant 0.
W: Removed bmsWIDEDFFRSE inst D_reg[8:0] at 8 that is stuck at constant 0.
W: Removed bmsWIDEDFFRSE inst D_reg[8:0] at 8 that is stuck at constant 0.
W: Removed bmsWIDEDFFRSE inst D_reg[8:0] at 8 that is stuck at constant 0.
W: Removed bmsWIDEDFFRSE inst D_reg[8:0] at 8 that is stuck at constant 0.
W: Removed bmsWIDEDFFRSE inst D_reg[8:0] at 8 that is stuck at constant 0.
W: Removed bmsWIDEDFFRSE inst D_reg[8:0] at 8 that is stuck at constant 0.
W: Removed bmsWIDEDFFRSE inst D_reg[8:0] at 8 that is stuck at constant 0.
W: Removed bmsWIDEDFFRSE inst D_reg[8:0] at 8 that is stuck at constant 0.
W: Removed bmsWIDEDFFRSE inst D_reg[8:0] at 8 that is stuck at constant 0.
W: Removed bmsWIDEDFFRSE inst D_reg[8:0] at 8 that is stuck at constant 0.
W: Removed bmsWIDEDFFRSE inst D_reg[8:0] at 8 that is stuck at constant 0.
W: Removed bmsWIDEDFFRSE inst D_reg[8:0] at 8 that is stuck at constant 0.
W: Removed bmsWIDEDFFRSE inst D_reg[8:0] at 8 that is stuck at constant 0.
W: Removed bmsWIDEDFFRSE inst D_reg[8:0] at 8 that is stuck at constant 0.
W: Removed bmsWIDEDFFRSE inst D_reg[8:0] at 8 that is stuck at constant 0.
W: Removed bmsWIDEDFFRSE inst bias_val[0][14:0] at 1 that is stuck at constant 0.
W: Removed bmsWIDEDFFRSE inst bias_val[0][14:0] at 14 that is stuck at constant 1.
W: Removed bmsWIDEDFFCPE inst pixel_pp_wr_sel[0] that is stuck at constant 0.
W: Removed bmsWIDEDFFCPE inst packet_data[15:8] at 6 that is stuck at constant 0.
W: Removed bmsWIDEDFFCPE inst packet_data[23:16] at 7 that is stuck at constant 0.
W: Removed bmsWIDEDFFCPE inst packet_data[31:24] at 4 that is stuck at constant 0.
W: Removed bmsWIDEDFFRSE inst D_reg[8:0] at 8 that is stuck at constant 0.
W: Removed bmsWIDEDFFRSE inst D_reg_reg[8:0] at 8 that is stuck at constant 0.
W: Removed bmsWIDEDFFRSE inst D_reg[8:0] at 8 that is stuck at constant 0.
W: Removed bmsWIDEDFFRSE inst D_reg_reg[8:0] at 8 that is stuck at constant 0.
W: Removed bmsWIDEDFFRSE inst D_reg[8:0] at 8 that is stuck at constant 0.
W: Removed bmsWIDEDFFRSE inst D_reg_reg[8:0] at 8 that is stuck at constant 0.
W: Removed bmsWIDEDFFRSE inst D_reg[8:0] at 8 that is stuck at constant 0.
W: Removed bmsWIDEDFFRSE inst D_reg_reg[8:0] at 8 that is stuck at constant 0.
W: Removed bmsWIDEDFFRSE inst D_reg[8:0] at 8 that is stuck at constant 0.
W: Removed bmsWIDEDFFRSE inst D_reg_reg[8:0] at 8 that is stuck at constant 0.
W: Removed bmsWIDEDFFRSE inst D_reg[8:0] at 8 that is stuck at constant 0.
W: Removed bmsWIDEDFFRSE inst D_reg_reg[8:0] at 8 that is stuck at constant 0.
W: Removed bmsWIDEDFFRSE inst D_reg[8:0] at 8 that is stuck at constant 0.
W: Removed bmsWIDEDFFRSE inst D_reg_reg[8:0] at 8 that is stuck at constant 0.
W: Removed bmsWIDEDFFRSE inst D_reg[8:0] at 8 that is stuck at constant 0.
W: Removed bmsWIDEDFFRSE inst D_reg_reg[8:0] at 8 that is stuck at constant 0.
W: Removed bmsWIDEDFFRSE inst D_reg[8:0] at 8 that is stuck at constant 0.
W: Removed bmsWIDEDFFRSE inst D_reg_reg[8:0] at 8 that is stuck at constant 0.
W: Removed bmsWIDEDFFRSE inst D_reg[8:0] at 8 that is stuck at constant 0.
W: Removed bmsWIDEDFFRSE inst D_reg_reg[8:0] at 8 that is stuck at constant 0.
W: Removed bmsWIDEDFFRSE inst D_reg[8:0] at 8 that is stuck at constant 0.
W: Removed bmsWIDEDFFRSE inst D_reg_reg[8:0] at 8 that is stuck at constant 0.
W: Removed bmsWIDEDFFRSE inst D_reg[8:0] at 8 that is stuck at constant 0.
W: Removed bmsWIDEDFFRSE inst D_reg_reg[8:0] at 8 that is stuck at constant 0.
W: Removed bmsWIDEDFFRSE inst D_reg[8:0] at 8 that is stuck at constant 0.
W: Removed bmsWIDEDFFRSE inst D_reg_reg[8:0] at 8 that is stuck at constant 0.
W: Removed bmsWIDEDFFRSE inst D_reg[8:0] at 8 that is stuck at constant 0.
W: Removed bmsWIDEDFFRSE inst D_reg_reg[8:0] at 8 that is stuck at constant 0.
W: Removed bmsWIDEDFFRSE inst D_reg[8:0] at 8 that is stuck at constant 0.
W: Removed bmsWIDEDFFRSE inst D_reg_reg[8:0] at 8 that is stuck at constant 0.
W: Removed bmsWIDEDFFRSE inst D_reg[8:0] at 8 that is stuck at constant 0.
W: Removed bmsWIDEDFFRSE inst D_reg_reg[8:0] at 8 that is stuck at constant 0.
W: Removed bmsWIDEDFFRSE inst D_reg[8:0] at 8 that is stuck at constant 0.
W: Removed bmsWIDEDFFRSE inst D_reg_reg[8:0] at 8 that is stuck at constant 0.
W: Removed bmsWIDEDFFRSE inst D_reg[8:0] at 8 that is stuck at constant 0.
W: Removed bmsWIDEDFFRSE inst D_reg_reg[8:0] at 8 that is stuck at constant 0.
W: Removed bmsWIDEDFFRSE inst D_reg[8:0] at 8 that is stuck at constant 0.
W: Removed bmsWIDEDFFRSE inst D_reg_reg[8:0] at 8 that is stuck at constant 0.
W: Removed bmsWIDEDFFRSE inst D_reg[8:0] at 8 that is stuck at constant 0.
W: Removed bmsWIDEDFFRSE inst D_reg_reg[8:0] at 8 that is stuck at constant 0.
W: Removed bmsWIDEDFFRSE inst D_reg[8:0] at 8 that is stuck at constant 0.
W: Removed bmsWIDEDFFRSE inst D_reg_reg[8:0] at 8 that is stuck at constant 0.
W: Removed bmsWIDEDFFRSE inst D_reg[8:0] at 8 that is stuck at constant 0.
W: Removed bmsWIDEDFFRSE inst D_reg_reg[8:0] at 8 that is stuck at constant 0.
W: Removed bmsWIDEDFFRSE inst D_reg[8:0] at 8 that is stuck at constant 0.
W: Removed bmsWIDEDFFRSE inst D_reg_reg[8:0] at 8 that is stuck at constant 0.
W: Removed bmsWIDEDFFRSE inst D_reg[8:0] at 8 that is stuck at constant 0.
W: Removed bmsWIDEDFFRSE inst D_reg_reg[8:0] at 8 that is stuck at constant 0.
W: Removed bmsWIDEDFFRSE inst D_reg[8:0] at 8 that is stuck at constant 0.
W: Removed bmsWIDEDFFRSE inst D_reg_reg[8:0] at 8 that is stuck at constant 0.
W: Removed bmsWIDEDFFRSE inst D_reg[8:0] at 8 that is stuck at constant 0.
W: Removed bmsWIDEDFFRSE inst D_reg_reg[8:0] at 8 that is stuck at constant 0.
W: Removed bmsWIDEDFFRSE inst D_reg[8:0] at 8 that is stuck at constant 0.
W: Removed bmsWIDEDFFRSE inst D_reg_reg[8:0] at 8 that is stuck at constant 0.
W: Removed bmsWIDEDFFRSE inst D_reg[8:0] at 8 that is stuck at constant 0.
W: Removed bmsWIDEDFFRSE inst D_reg_reg[8:0] at 8 that is stuck at constant 0.
W: Removed bmsWIDEDFFRSE inst D_reg[8:0] at 8 that is stuck at constant 0.
W: Removed bmsWIDEDFFRSE inst D_reg_reg[8:0] at 8 that is stuck at constant 0.
W: Removed bmsWIDEDFFRSE inst D_reg[8:0] at 8 that is stuck at constant 0.
W: Removed bmsWIDEDFFRSE inst D_reg_reg[8:0] at 8 that is stuck at constant 0.
W: Removed bmsWIDEDFFRSE inst D_reg[8:0] at 8 that is stuck at constant 0.
W: Removed bmsWIDEDFFRSE inst D_reg_reg[8:0] at 8 that is stuck at constant 0.
W: Removed bmsWIDEDFFRSE inst D_reg[8:0] at 8 that is stuck at constant 0.
W: Removed bmsWIDEDFFRSE inst D_reg_reg[8:0] at 8 that is stuck at constant 0.
W: Removed bmsWIDEDFFRSE inst D_reg[8:0] at 8 that is stuck at constant 0.
W: Removed bmsWIDEDFFRSE inst D_reg_reg[8:0] at 8 that is stuck at constant 0.
W: Removed bmsWIDEDFFRSE inst D_reg[8:0] at 8 that is stuck at constant 0.
W: Removed bmsWIDEDFFRSE inst D_reg_reg[8:0] at 8 that is stuck at constant 0.
W: Removed bmsWIDEDFFRSE inst D_reg[8:0] at 8 that is stuck at constant 0.
W: Removed bmsWIDEDFFRSE inst D_reg_reg[8:0] at 8 that is stuck at constant 0.
W: Removed bmsWIDEDFFRSE inst D_reg[8:0] at 8 that is stuck at constant 0.
W: Removed bmsWIDEDFFRSE inst D_reg_reg[8:0] at 8 that is stuck at constant 0.
W: Removed bmsWIDEDFFRSE inst bias_val[0][13:0] at 6 that is stuck at constant 0.
W: Removed bmsWIDEDFFRSE inst bias_val[1][13:0] at 5 that is stuck at constant 1.
W: Removed bmsWIDEDFFRSE inst D_reg[8:0] at 8 that is stuck at constant 0.
W: Removed bmsWIDEDFFRSE inst D_reg_reg[8:0] at 8 that is stuck at constant 0.
W: Removed bmsWIDEDFFRSE inst D_reg[8:0] at 8 that is stuck at constant 0.
W: Removed bmsWIDEDFFRSE inst D_reg_reg[8:0] at 8 that is stuck at constant 0.
W: Removed bmsWIDEDFFRSE inst D_reg[8:0] at 8 that is stuck at constant 0.
W: Removed bmsWIDEDFFRSE inst D_reg_reg[8:0] at 8 that is stuck at constant 0.
W: Removed bmsWIDEDFFRSE inst D_reg[8:0] at 8 that is stuck at constant 0.
W: Removed bmsWIDEDFFRSE inst D_reg_reg[8:0] at 8 that is stuck at constant 0.
W: Removed bmsWIDEDFFRSE inst D_reg[8:0] at 8 that is stuck at constant 0.
W: Removed bmsWIDEDFFRSE inst D_reg_reg[8:0] at 8 that is stuck at constant 0.
W: Removed bmsWIDEDFFRSE inst D_reg[8:0] at 8 that is stuck at constant 0.
W: Removed bmsWIDEDFFRSE inst D_reg_reg[8:0] at 8 that is stuck at constant 0.
W: Removed bmsWIDEDFFRSE inst D_reg[8:0] at 8 that is stuck at constant 0.
W: Removed bmsWIDEDFFRSE inst D_reg_reg[8:0] at 8 that is stuck at constant 0.
W: Removed bmsWIDEDFFRSE inst D_reg[8:0] at 8 that is stuck at constant 0.
W: Removed bmsWIDEDFFRSE inst D_reg_reg[8:0] at 8 that is stuck at constant 0.
W: Removed bmsWIDEDFFRSE inst D_reg[8:0] at 8 that is stuck at constant 0.
W: Removed bmsWIDEDFFRSE inst D_reg_reg[8:0] at 8 that is stuck at constant 0.
W: Removed bmsWIDEDFFRSE inst D_reg[8:0] at 8 that is stuck at constant 0.
W: Removed bmsWIDEDFFRSE inst D_reg_reg[8:0] at 8 that is stuck at constant 0.
W: Removed bmsWIDEDFFRSE inst D_reg[8:0] at 8 that is stuck at constant 0.
W: Removed bmsWIDEDFFRSE inst D_reg_reg[8:0] at 8 that is stuck at constant 0.
W: Removed bmsWIDEDFFRSE inst D_reg[8:0] at 8 that is stuck at constant 0.
W: Removed bmsWIDEDFFRSE inst D_reg_reg[8:0] at 8 that is stuck at constant 0.
W: Removed bmsWIDEDFFRSE inst D_reg[8:0] at 8 that is stuck at constant 0.
W: Removed bmsWIDEDFFRSE inst D_reg_reg[8:0] at 8 that is stuck at constant 0.
W: Removed bmsWIDEDFFRSE inst D_reg[8:0] at 8 that is stuck at constant 0.
W: Removed bmsWIDEDFFRSE inst D_reg_reg[8:0] at 8 that is stuck at constant 0.
W: Removed bmsWIDEDFFRSE inst D_reg[8:0] at 8 that is stuck at constant 0.
W: Removed bmsWIDEDFFRSE inst D_reg_reg[8:0] at 8 that is stuck at constant 0.
W: Removed bmsWIDEDFFRSE inst D_reg[8:0] at 8 that is stuck at constant 0.
W: Removed bmsWIDEDFFRSE inst D_reg_reg[8:0] at 8 that is stuck at constant 0.
W: Removed bmsWIDEDFFRSE inst D_reg[8:0] at 8 that is stuck at constant 0.
W: Removed bmsWIDEDFFRSE inst D_reg_reg[8:0] at 8 that is stuck at constant 0.
W: Removed bmsWIDEDFFRSE inst D_reg[8:0] at 8 that is stuck at constant 0.
W: Removed bmsWIDEDFFRSE inst D_reg_reg[8:0] at 8 that is stuck at constant 0.
W: Removed bmsWIDEDFFRSE inst D_reg[8:0] at 8 that is stuck at constant 0.
W: Removed bmsWIDEDFFRSE inst D_reg_reg[8:0] at 8 that is stuck at constant 0.
W: Removed bmsWIDEDFFRSE inst D_reg[8:0] at 8 that is stuck at constant 0.
W: Removed bmsWIDEDFFRSE inst D_reg_reg[8:0] at 8 that is stuck at constant 0.
W: Removed bmsWIDEDFFRSE inst D_reg[8:0] at 8 that is stuck at constant 0.
W: Removed bmsWIDEDFFRSE inst D_reg_reg[8:0] at 8 that is stuck at constant 0.
W: Removed bmsWIDEDFFRSE inst D_reg[8:0] at 8 that is stuck at constant 0.
W: Removed bmsWIDEDFFRSE inst D_reg_reg[8:0] at 8 that is stuck at constant 0.
W: Removed bmsWIDEDFFRSE inst D_reg[8:0] at 8 that is stuck at constant 0.
W: Removed bmsWIDEDFFRSE inst D_reg_reg[8:0] at 8 that is stuck at constant 0.
W: Removed bmsWIDEDFFRSE inst D_reg[8:0] at 8 that is stuck at constant 0.
W: Removed bmsWIDEDFFRSE inst D_reg_reg[8:0] at 8 that is stuck at constant 0.
W: Removed bmsWIDEDFFRSE inst D_reg[8:0] at 8 that is stuck at constant 0.
W: Removed bmsWIDEDFFRSE inst D_reg_reg[8:0] at 8 that is stuck at constant 0.
W: Removed bmsWIDEDFFRSE inst D_reg[8:0] at 8 that is stuck at constant 0.
W: Removed bmsWIDEDFFRSE inst D_reg_reg[8:0] at 8 that is stuck at constant 0.
W: Removed bmsWIDEDFFRSE inst D_reg[8:0] at 8 that is stuck at constant 0.
W: Removed bmsWIDEDFFRSE inst D_reg_reg[8:0] at 8 that is stuck at constant 0.
W: Removed bmsWIDEDFFRSE inst D_reg[8:0] at 8 that is stuck at constant 0.
W: Removed bmsWIDEDFFRSE inst D_reg_reg[8:0] at 8 that is stuck at constant 0.
W: Removed bmsWIDEDFFRSE inst D_reg[8:0] at 8 that is stuck at constant 0.
W: Removed bmsWIDEDFFRSE inst D_reg_reg[8:0] at 8 that is stuck at constant 0.
W: Removed bmsWIDEDFFRSE inst D_reg[8:0] at 8 that is stuck at constant 0.
W: Removed bmsWIDEDFFRSE inst D_reg_reg[8:0] at 8 that is stuck at constant 0.
W: Removed bmsWIDEDFFRSE inst D_reg[8:0] at 8 that is stuck at constant 0.
W: Removed bmsWIDEDFFRSE inst D_reg_reg[8:0] at 8 that is stuck at constant 0.
W: Removed bmsWIDEDFFRSE inst D_reg[8:0] at 8 that is stuck at constant 0.
W: Removed bmsWIDEDFFRSE inst D_reg_reg[8:0] at 8 that is stuck at constant 0.
W: Removed bmsWIDEDFFRSE inst D_reg[8:0] at 8 that is stuck at constant 0.
W: Removed bmsWIDEDFFRSE inst D_reg_reg[8:0] at 8 that is stuck at constant 0.
W: Removed bmsWIDEDFFRSE inst D_reg[8:0] at 8 that is stuck at constant 0.
W: Removed bmsWIDEDFFRSE inst D_reg_reg[8:0] at 8 that is stuck at constant 0.
W: Removed bmsWIDEDFFRSE inst D_reg[8:0] at 8 that is stuck at constant 0.
W: Removed bmsWIDEDFFRSE inst D_reg_reg[8:0] at 8 that is stuck at constant 0.
W: Removed bmsWIDEDFFRSE inst D_reg[8:0] at 8 that is stuck at constant 0.
W: Removed bmsWIDEDFFRSE inst D_reg_reg[8:0] at 8 that is stuck at constant 0.
W: Removed bmsWIDEDFFRSE inst D_reg[8:0] at 8 that is stuck at constant 0.
W: Removed bmsWIDEDFFRSE inst D_reg[8:0] at 8 that is stuck at constant 0.
W: Removed bmsWIDEDFFRSE inst D_reg[8:0] at 8 that is stuck at constant 0.
W: Removed bmsWIDEDFFRSE inst D_reg[8:0] at 8 that is stuck at constant 0.
W: Removed bmsWIDEDFFRSE inst D_reg[8:0] at 8 that is stuck at constant 0.
W: Removed bmsWIDEDFFRSE inst D_reg[8:0] at 8 that is stuck at constant 0.
W: Removed bmsWIDEDFFRSE inst D_reg[8:0] at 8 that is stuck at constant 0.
W: Removed bmsWIDEDFFRSE inst D_reg[8:0] at 8 that is stuck at constant 0.
W: Removed bmsWIDEDFFRSE inst D_reg[8:0] at 8 that is stuck at constant 0.
W: Removed bmsWIDEDFFRSE inst D_reg[8:0] at 8 that is stuck at constant 0.
W: Removed bmsWIDEDFFRSE inst D_reg[8:0] at 8 that is stuck at constant 0.
W: Removed bmsWIDEDFFRSE inst D_reg[8:0] at 8 that is stuck at constant 0.
W: Removed bmsWIDEDFFRSE inst D_reg[8:0] at 8 that is stuck at constant 0.
W: Removed bmsWIDEDFFRSE inst D_reg[8:0] at 8 that is stuck at constant 0.
W: Removed bmsWIDEDFFRSE inst D_reg[8:0] at 8 that is stuck at constant 0.
W: Removed bmsWIDEDFFRSE inst D_reg[8:0] at 8 that is stuck at constant 0.
W: Removed bmsWIDEDFFRSE inst D_reg[8:0] at 8 that is stuck at constant 0.
W: Removed bmsWIDEDFFRSE inst D_reg[8:0] at 8 that is stuck at constant 0.
W: Removed bmsWIDEDFFCPE inst pixel_pp_wr_sel[0] that is stuck at constant 0.
W: Removed bmsWIDEDFFRSE inst D_reg[8:0] at 8 that is stuck at constant 0.
W: Removed bmsWIDEDFFRSE inst bias_val[0][15:0] at 3 that is stuck at constant 0.
W: Removed bmsWIDEDFFCPE inst pixel_pp_wr_sel[0] that is stuck at constant 0.
W: Removed bmsWIDEDFFRSE inst D_reg[8:0] at 8 that is stuck at constant 0.
W: Removed bmsWIDEDFFRSE inst D_reg[8:0] at 8 that is stuck at constant 0.
W: Removed bmsWIDEDFFRSE inst D_reg[8:0] at 8 that is stuck at constant 0.
W: Removed bmsWIDEDFFRSE inst D_reg[8:0] at 8 that is stuck at constant 0.
W: Removed bmsWIDEDFFRSE inst D_reg[8:0] at 8 that is stuck at constant 0.
W: Removed bmsWIDEDFFRSE inst D_reg[8:0] at 8 that is stuck at constant 0.
W: Removed bmsWIDEDFFRSE inst D_reg[8:0] at 8 that is stuck at constant 0.
W: Removed bmsWIDEDFFRSE inst D_reg[8:0] at 8 that is stuck at constant 0.
W: Removed bmsWIDEDFFRSE inst D_reg[8:0] at 8 that is stuck at constant 0.
Executing : pre-mapping successfully. Time elapsed: 6.647s wall, 2.844s user + 0.375s system = 3.219s CPU (48.4%)

Start mod-gen.
W: Public-4008: Instance 'i_dqs_group[1].ddrphy_data_slice/ddrphy_data_slice_wrlvl/ck_dly_set_bin_tra[7:0]' of 'bmsWIDEDFFCPE' unit is dangling and will be cleaned.
W: Public-4008: Instance 'i_dqs_group[2].ddrphy_data_slice/ddrphy_data_slice_wrlvl/ck_dly_set_bin_tra[7:0]' of 'bmsWIDEDFFCPE' unit is dangling and will be cleaned.
W: Public-4008: Instance 'i_dqs_group[3].ddrphy_data_slice/ddrphy_data_slice_wrlvl/ck_dly_set_bin_tra[7:0]' of 'bmsWIDEDFFCPE' unit is dangling and will be cleaned.
W: Public-4008: Instance 'ips_distributed_fifo/u_ips2l_distributed_fifo_distributed_fifo_v1_0/u_ips2l_distributed_fifo_ctr/SYN_CTRL.syn_almost_empty' of 'bmsWIDEDFFCPE' unit is dangling and will be cleaned.
W: Public-4008: Instance 'ips_distributed_fifo/u_ips2l_distributed_fifo_distributed_fifo_v1_0/u_ips2l_distributed_fifo_ctr/SYN_CTRL.syn_almost_full' of 'bmsWIDEDFFCPE' unit is dangling and will be cleaned.
W: Public-4008: Instance 'ips_distributed_fifo/u_ips2l_distributed_fifo_distributed_fifo_v1_0/u_ips2l_distributed_fifo_ctr/wr_water_level[4:0]' of 'bmsWIDEDFFCPE' unit is dangling and will be cleaned.
W: Public-4008: Instance 'ips_distributed_fifo/u_ips2l_distributed_fifo_distributed_fifo_v1_0/u_ips2l_distributed_fifo_ctr/rd_water_level[4:0]' of 'bmsWIDEDFFCPE' unit is dangling and will be cleaned.
W: Public-4008: Instance 'ips2l_distributed_fifo/u_ips2l_distributed_fifo_distributed_fifo_v1_0/u_ips2l_distributed_fifo_ctr/SYN_CTRL.syn_almost_empty' of 'bmsWIDEDFFCPE' unit is dangling and will be cleaned.
W: Public-4008: Instance 'ips2l_distributed_fifo/u_ips2l_distributed_fifo_distributed_fifo_v1_0/u_ips2l_distributed_fifo_ctr/SYN_CTRL.syn_almost_full' of 'bmsWIDEDFFCPE' unit is dangling and will be cleaned.
W: Public-4008: Instance 'ips2l_distributed_fifo/u_ips2l_distributed_fifo_distributed_fifo_v1_0/u_ips2l_distributed_fifo_ctr/rd_water_level[5:0]' of 'bmsWIDEDFFCPE' unit is dangling and will be cleaned.
W: Public-4008: Instance 'ips2l_distributed_fifo/u_ips2l_distributed_fifo_distributed_fifo_v1_0/u_ips2l_distributed_fifo_ctr/wr_water_level[5:0]' of 'bmsWIDEDFFCPE' unit is dangling and will be cleaned.
W: Public-4008: Instance 'timing_prea_pass/r_cnt_almost_pass' of 'bmsWIDEDFFCPE' unit is dangling and will be cleaned.
W: Public-4008: Instance 'B_ips2l_distributed_fifo/u_ips2l_distributed_fifo_distributed_fifo_v1_0/u_ips2l_distributed_fifo_ctr/SYN_CTRL.syn_almost_empty' of 'bmsWIDEDFFCPE' unit is dangling and will be cleaned.
W: Public-4008: Instance 'B_ips2l_distributed_fifo/u_ips2l_distributed_fifo_distributed_fifo_v1_0/u_ips2l_distributed_fifo_ctr/wr_water_level[4:0]' of 'bmsWIDEDFFCPE' unit is dangling and will be cleaned.
W: Public-4008: Instance 'B_ips2l_distributed_fifo/u_ips2l_distributed_fifo_distributed_fifo_v1_0/u_ips2l_distributed_fifo_ctr/rd_water_level[4:0]' of 'bmsWIDEDFFCPE' unit is dangling and will be cleaned.
W: Public-4008: Instance 'A_ips2l_distributed_fifo/u_ips2l_distributed_fifo_distributed_fifo_v1_0/u_ips2l_distributed_fifo_ctr/SYN_CTRL.syn_almost_empty' of 'bmsWIDEDFFCPE' unit is dangling and will be cleaned.
W: Public-4008: Instance 'A_ips2l_distributed_fifo/u_ips2l_distributed_fifo_distributed_fifo_v1_0/u_ips2l_distributed_fifo_ctr/wr_water_level[4:0]' of 'bmsWIDEDFFCPE' unit is dangling and will be cleaned.
W: Public-4008: Instance 'A_ips2l_distributed_fifo/u_ips2l_distributed_fifo_distributed_fifo_v1_0/u_ips2l_distributed_fifo_ctr/rd_water_level[4:0]' of 'bmsWIDEDFFCPE' unit is dangling and will be cleaned.
W: Public-4008: Instance 'u_ddr3_test/u_ddrphy_top/ddrphy_calib_top/ddrphy_main_ctrl/error_status_reg' of 'bmsWIDEDFFPATCE' unit is dangling and will be cleaned.
W: Public-4008: Instance 'u_ddr3_test/u_ddrphy_top/ddrphy_cpd_ctrl/debug_dps_cnt_dir0[9:0]' of 'bmsWIDEDFFCPE' unit is dangling and will be cleaned.
W: Public-4008: Instance 'u_ddr3_test/u_ddrphy_top/ddrphy_cpd_ctrl/debug_dps_cnt_dir1[9:0]' of 'bmsWIDEDFFCPE' unit is dangling and will be cleaned.
W: Public-4008: Instance 'u_ddr3_test/u_ddrphy_top/ddrphy_cpd_ctrl/dps_timeout' of 'bmsWIDEDFFCPE' unit is dangling and will be cleaned.
W: Public-4008: Instance 'u_ddr3_test/u_ddrphy_top/ddrphy_slice_top/ddrphy_slice_rddata_align/align_error' of 'bmsWIDEDFFCPE' unit is dangling and will be cleaned.
W: Public-4008: Instance 'u_ddr3_test/u_ddrphy_top/ddrphy_slice_top/i_dqs_group[0].ddrphy_data_slice/ddrphy_data_slice_dqs_gate_cal/ddrphy_gatecal/ddrphy_dgts_r[2:0]' of 'bmsWIDEDFFCPE' unit is dangling and will be cleaned.
W: Public-4008: Instance 'u_ddr3_test/u_ddrphy_top/ddrphy_slice_top/i_dqs_group[0].ddrphy_data_slice/ddrphy_data_slice_dqs_gate_cal/ddrphy_gatecal/dgts_cnt[3:0]' of 'bmsWIDEDFFCPE' unit is dangling and will be cleaned.
W: Public-4008: Instance 'u_ddr3_test/u_ddrphy_top/ddrphy_slice_top/i_dqs_group[0].ddrphy_data_slice/ddrphy_data_slice_dqs_gate_cal/ddrphy_gatecal/dgts_latch' of 'bmsWIDEDFFCPE' unit is dangling and will be cleaned.
W: Public-4008: Instance 'u_ddr3_test/u_ddrphy_top/ddrphy_slice_top/i_dqs_group[0].ddrphy_data_slice/ddrphy_data_slice_dqs_gate_cal/ddrphy_gatecal/dgts_vld' of 'bmsWIDEDFFCPE' unit is dangling and will be cleaned.
W: Public-4008: Instance 'u_ddr3_test/u_ddrphy_top/ddrphy_slice_top/i_dqs_group[0].ddrphy_data_slice/ddrphy_data_slice_dqs_gate_cal/ddrphy_gatecal/dgts_vld_cnt[2:0]' of 'bmsWIDEDFFCPE' unit is dangling and will be cleaned.
W: Public-4008: Instance 'u_ddr3_test/u_ddrphy_top/ddrphy_slice_top/i_dqs_group[0].ddrphy_data_slice/ddrphy_data_slice_dqs_gate_cal/ddrphy_gatecal/gate_win_size[3:0]' of 'bmsWIDEDFFCPE' unit is dangling and will be cleaned.
W: Public-4008: Instance 'u_ddr3_test/u_ddrphy_top/ddrphy_slice_top/i_dqs_group[0].ddrphy_data_slice/ddrphy_data_slice_wrcal/wrcal_error' of 'bmsWIDEDFFCPE' unit is dangling and will be cleaned.
W: Public-4008: Instance 'u_ddr3_test/u_ddrphy_top/ddrphy_slice_top/i_dqs_group[1].ddrphy_data_slice/ddrphy_data_slice_dqs_gate_cal/ddrphy_gatecal/ddrphy_dgts_r[2:0]' of 'bmsWIDEDFFCPE' unit is dangling and will be cleaned.
W: Public-4008: Instance 'u_ddr3_test/u_ddrphy_top/ddrphy_slice_top/i_dqs_group[1].ddrphy_data_slice/ddrphy_data_slice_dqs_gate_cal/ddrphy_gatecal/dgts_cnt[3:0]' of 'bmsWIDEDFFCPE' unit is dangling and will be cleaned.
W: Public-4008: Instance 'u_ddr3_test/u_ddrphy_top/ddrphy_slice_top/i_dqs_group[1].ddrphy_data_slice/ddrphy_data_slice_dqs_gate_cal/ddrphy_gatecal/dgts_latch' of 'bmsWIDEDFFCPE' unit is dangling and will be cleaned.
W: Public-4008: Instance 'u_ddr3_test/u_ddrphy_top/ddrphy_slice_top/i_dqs_group[1].ddrphy_data_slice/ddrphy_data_slice_dqs_gate_cal/ddrphy_gatecal/dgts_vld' of 'bmsWIDEDFFCPE' unit is dangling and will be cleaned.
W: Public-4008: Instance 'u_ddr3_test/u_ddrphy_top/ddrphy_slice_top/i_dqs_group[1].ddrphy_data_slice/ddrphy_data_slice_dqs_gate_cal/ddrphy_gatecal/dgts_vld_cnt[2:0]' of 'bmsWIDEDFFCPE' unit is dangling and will be cleaned.
W: Public-4008: Instance 'u_ddr3_test/u_ddrphy_top/ddrphy_slice_top/i_dqs_group[1].ddrphy_data_slice/ddrphy_data_slice_dqs_gate_cal/ddrphy_gatecal/gate_win_size[3:0]' of 'bmsWIDEDFFCPE' unit is dangling and will be cleaned.
W: Public-4008: Instance 'u_ddr3_test/u_ddrphy_top/ddrphy_slice_top/i_dqs_group[1].ddrphy_data_slice/ddrphy_data_slice_wrcal/wrcal_error' of 'bmsWIDEDFFCPE' unit is dangling and will be cleaned.
W: Public-4008: Instance 'u_ddr3_test/u_ddrphy_top/ddrphy_slice_top/i_dqs_group[2].ddrphy_data_slice/ddrphy_data_slice_dqs_gate_cal/ddrphy_gatecal/ddrphy_dgts_r[2:0]' of 'bmsWIDEDFFCPE' unit is dangling and will be cleaned.
W: Public-4008: Instance 'u_ddr3_test/u_ddrphy_top/ddrphy_slice_top/i_dqs_group[2].ddrphy_data_slice/ddrphy_data_slice_dqs_gate_cal/ddrphy_gatecal/dgts_cnt[3:0]' of 'bmsWIDEDFFCPE' unit is dangling and will be cleaned.
W: Public-4008: Instance 'u_ddr3_test/u_ddrphy_top/ddrphy_slice_top/i_dqs_group[2].ddrphy_data_slice/ddrphy_data_slice_dqs_gate_cal/ddrphy_gatecal/dgts_latch' of 'bmsWIDEDFFCPE' unit is dangling and will be cleaned.
W: Public-4008: Instance 'u_ddr3_test/u_ddrphy_top/ddrphy_slice_top/i_dqs_group[2].ddrphy_data_slice/ddrphy_data_slice_dqs_gate_cal/ddrphy_gatecal/dgts_vld' of 'bmsWIDEDFFCPE' unit is dangling and will be cleaned.
W: Public-4008: Instance 'u_ddr3_test/u_ddrphy_top/ddrphy_slice_top/i_dqs_group[2].ddrphy_data_slice/ddrphy_data_slice_dqs_gate_cal/ddrphy_gatecal/dgts_vld_cnt[2:0]' of 'bmsWIDEDFFCPE' unit is dangling and will be cleaned.
W: Public-4008: Instance 'u_ddr3_test/u_ddrphy_top/ddrphy_slice_top/i_dqs_group[2].ddrphy_data_slice/ddrphy_data_slice_dqs_gate_cal/ddrphy_gatecal/gate_win_size[3:0]' of 'bmsWIDEDFFCPE' unit is dangling and will be cleaned.
W: Public-4008: Instance 'u_ddr3_test/u_ddrphy_top/ddrphy_slice_top/i_dqs_group[2].ddrphy_data_slice/ddrphy_data_slice_wrcal/wrcal_error' of 'bmsWIDEDFFCPE' unit is dangling and will be cleaned.
W: Public-4008: Instance 'u_ddr3_test/u_ddrphy_top/ddrphy_slice_top/i_dqs_group[3].ddrphy_data_slice/ddrphy_data_slice_dqs_gate_cal/ddrphy_gatecal/ddrphy_dgts_r[2:0]' of 'bmsWIDEDFFCPE' unit is dangling and will be cleaned.
W: Public-4008: Instance 'u_ddr3_test/u_ddrphy_top/ddrphy_slice_top/i_dqs_group[3].ddrphy_data_slice/ddrphy_data_slice_dqs_gate_cal/ddrphy_gatecal/dgts_cnt[3:0]' of 'bmsWIDEDFFCPE' unit is dangling and will be cleaned.
W: Public-4008: Instance 'u_ddr3_test/u_ddrphy_top/ddrphy_slice_top/i_dqs_group[3].ddrphy_data_slice/ddrphy_data_slice_dqs_gate_cal/ddrphy_gatecal/dgts_latch' of 'bmsWIDEDFFCPE' unit is dangling and will be cleaned.
W: Public-4008: Instance 'u_ddr3_test/u_ddrphy_top/ddrphy_slice_top/i_dqs_group[3].ddrphy_data_slice/ddrphy_data_slice_dqs_gate_cal/ddrphy_gatecal/dgts_vld' of 'bmsWIDEDFFCPE' unit is dangling and will be cleaned.
W: Public-4008: Instance 'u_ddr3_test/u_ddrphy_top/ddrphy_slice_top/i_dqs_group[3].ddrphy_data_slice/ddrphy_data_slice_dqs_gate_cal/ddrphy_gatecal/dgts_vld_cnt[2:0]' of 'bmsWIDEDFFCPE' unit is dangling and will be cleaned.
W: Public-4008: Instance 'u_ddr3_test/u_ddrphy_top/ddrphy_slice_top/i_dqs_group[3].ddrphy_data_slice/ddrphy_data_slice_dqs_gate_cal/ddrphy_gatecal/gate_win_size[3:0]' of 'bmsWIDEDFFCPE' unit is dangling and will be cleaned.
W: Public-4008: Instance 'u_ddr3_test/u_ddrphy_top/ddrphy_slice_top/i_dqs_group[3].ddrphy_data_slice/ddrphy_data_slice_wrcal/wrcal_error' of 'bmsWIDEDFFCPE' unit is dangling and will be cleaned.
W: Public-4008: Instance 'u_ddr3_test/u_ddrphy_top/u_ddrphy_gpll_phase/gpll_dps_done_pos' of 'bmsWIDEDFFCPE' unit is dangling and will be cleaned.
W: Public-4008: Instance 'u_ddr3_test/u_ddrphy_top/u_ddrphy_gpll_phase/gpll_dps_phase[8:0]' of 'bmsWIDEDFFCPE' unit is dangling and will be cleaned.
W: Public-4008: Instance 'u_ddr3_test/u_ddrphy_top/u_ddrphy_gpll_phase/gpll_dps_done_d[2:0]' of 'bmsWIDEDFFCPE' unit is dangling and will be cleaned.
W: Public-4008: Instance 'u_ddr3_test/u_ips_ddrc_top/mcdq_wdatapath/wusro_id[3:0]' of 'bmsWIDEDFFCPE' unit is dangling and will be cleaned.
W: Public-4008: Instance 'u_ddr3_test/u_ips_ddrc_top/mcdq_wdatapath/mc3q_wdp_dcp/o_wid[3:0]' of 'bmsWIDEDFFCPE' unit is dangling and will be cleaned.
W: Public-4008: Instance 'u_ddr3_test/u_ips_ddrc_top/mcdq_wdatapath/mc3q_wdp_dcp/r_wid_d0[3:0]' of 'bmsWIDEDFFCPE' unit is dangling and will be cleaned.
W: Public-4008: Instance 'u_ddr3_test/u_ips_ddrc_top/mcdq_wdatapath/mc3q_wdp_dcp/r_wid_d1[3:0]' of 'bmsWIDEDFFCPE' unit is dangling and will be cleaned.
W: Public-4008: Instance 'u_ddr3_test/u_ips_ddrc_top/mcdq_wdatapath/mc3q_wdp_dcp/r_wid_d2[3:0]' of 'bmsWIDEDFFCPE' unit is dangling and will be cleaned.
W: Public-4008: Instance 'u_ddr3_test/u_ips_ddrc_top/mcdq_wdatapath/mc3q_wdp_dcp/r_wid_d3[3:0]' of 'bmsWIDEDFFCPE' unit is dangling and will be cleaned.
W: Public-4008: Instance 'u_ddr3_test/u_ips_ddrc_top/mcdq_wdatapath/mc3q_wdp_dcp/r_wid_d4[3:0]' of 'bmsWIDEDFFCPE' unit is dangling and will be cleaned.
W: Public-4008: Instance 'u_ddr3_test/u_ips_ddrc_top/mcdq_wdatapath/mc3q_wdp_dcp/r_wid_d5[3:0]' of 'bmsWIDEDFFCPE' unit is dangling and will be cleaned.
W: Public-4008: Instance 'u_ddr3_test/u_ips_ddrc_top/mcdq_apb_cross_v1_2/des_p_rdata_hold[15:0]' of 'bmsWIDEDFFCPE' unit is dangling and will be cleaned.
W: Public-4008: Instance 'u_ddr3_test/u_ips_ddrc_top/mcdq_apb_cross_v1_2/o_src_p_rdata[15:0]' of 'bmsWIDEDFFCPE' unit is dangling and will be cleaned.
W: Public-4008: Instance 'u_ddr3_test/u_ips_ddrc_top/mcdq_apb_cross_v1_2/o_src_p_rdy' of 'bmsWIDEDFFCPE' unit is dangling and will be cleaned.
W: Public-4008: Instance 'u_ddr3_test/u_ips_ddrc_top/mcdq_apb_cross_v1_2/src_p_enable' of 'bmsWIDEDFFCPE' unit is dangling and will be cleaned.
W: Public-4008: Instance 'u_ddr3_test/u_ips_ddrc_top/mcdq_cfg_apb/mode_state_reg' of 'bmsWIDEDFFPATCE' unit is dangling and will be cleaned.
W: Public-4008: Instance 'u_ddr3_test/u_ips_ddrc_top/mcdq_cfg_apb/busy' of 'bmsWIDEDFFCPE' unit is dangling and will be cleaned.
W: Public-4008: Instance 'u_ddr3_test/u_ips_ddrc_top/mcdq_cfg_apb/core_apb_rdata[15:0]' of 'bmsWIDEDFFCPE' unit is dangling and will be cleaned.
W: Public-4008: Instance 'u_ddr3_test/u_ips_ddrc_top/mcdq_cfg_apb/ddr_init_dly1' of 'bmsWIDEDFFCPE' unit is dangling and will be cleaned.
W: Public-4008: Instance 'u_ddr3_test/u_ips_ddrc_top/mcdq_cfg_apb/ddr_init_dly2' of 'bmsWIDEDFFCPE' unit is dangling and will be cleaned.
W: Public-4008: Instance 'u_ddr3_test/u_ips_ddrc_top/mcdq_cfg_apb/sr_en_dly1' of 'bmsWIDEDFFCPE' unit is dangling and will be cleaned.
W: Public-4008: Instance 'u_ddr3_test/u_ips_ddrc_top/mcdq_cfg_apb/sr_en_dly2' of 'bmsWIDEDFFCPE' unit is dangling and will be cleaned.
W: Public-4008: Instance 'u_ddr3_test/u_ips_ddrc_top/mcdq_cfg_apb/sr_status' of 'bmsWIDEDFFCPE' unit is dangling and will be cleaned.
W: Public-4008: Instance 'u_ddr3_test/u_ips_ddrc_top/mcdq_cfg_apb/mrs_en_dly1' of 'bmsWIDEDFFCPE' unit is dangling and will be cleaned.
W: Public-4008: Instance 'u_ddr3_test/u_ips_ddrc_top/mcdq_cfg_apb/mrs_en_dly2' of 'bmsWIDEDFFCPE' unit is dangling and will be cleaned.
W: Public-4008: Instance 'u_ddr3_test/u_ips_ddrc_top/mcdq_cfg_apb/pd_en_dly1' of 'bmsWIDEDFFCPE' unit is dangling and will be cleaned.
W: Public-4008: Instance 'u_ddr3_test/u_ips_ddrc_top/mcdq_cfg_apb/pd_en_dly2' of 'bmsWIDEDFFCPE' unit is dangling and will be cleaned.
W: Public-4008: Instance 'u_ddr3_test/u_ips_ddrc_top/mcdq_cfg_apb/pd_status' of 'bmsWIDEDFFCPE' unit is dangling and will be cleaned.
W: Public-4008: Instance 'u_ddr3_test/u_ips_ddrc_top/mcdq_dcp_top/mcdq_dcp_out/norm_id_l[3:0]' of 'bmsWIDEDFFCPE' unit is dangling and will be cleaned.
W: Public-4008: Instance 'u_ddr3_test/u_ips_ddrc_top/mcdq_dcp_top/mcdq_dcp_out/norm_id_m[3:0]' of 'bmsWIDEDFFCPE' unit is dangling and will be cleaned.
W: Public-4008: Instance 'u_ddr3_test/u_ips_ddrc_top/mcdq_dcp_top/mcdq_dcp_out/o_rid[3:0]' of 'bmsWIDEDFFCPE' unit is dangling and will be cleaned.
W: Public-4008: Instance 'u_ddr3_test/u_ips_ddrc_top/mcdq_dcp_top/mcdq_dcp_out/o_rlast' of 'bmsWIDEDFFCPE' unit is dangling and will be cleaned.
W: Public-4008: Instance 'u_ddr3_test/u_ips_ddrc_top/mcdq_dcp_top/mcdq_dcp_out/o_rvld' of 'bmsWIDEDFFCPE' unit is dangling and will be cleaned.
W: Public-4008: Instance 'u_ddr3_test/u_ips_ddrc_top/mcdq_dcp_top/mcdq_dcp_out/o_wid[3:0]' of 'bmsWIDEDFFCPE' unit is dangling and will be cleaned.
W: Public-4008: Instance 'u_ddr3_test/u_ips_ddrc_top/mcdq_rdatapath/mcdq_prefetch_fifo/fifo_vld' of 'bmsWIDEDFFCPE' unit is dangling and will be cleaned.
W: Public-4008: Instance 'u_ddr3_test/u_ips_ddrc_top/mcdq_rdatapath/mcdq_prefetch_fifo/rd_data_ff1[4:0]' of 'bmsWIDEDFFCPE' unit is dangling and will be cleaned.
W: Public-4008: Instance 'u_ddr3_test/u_ips_ddrc_top/mcdq_rdatapath/mcdq_prefetch_fifo/ips2l_distributed_fifo/u_ips2l_distributed_fifo_distributed_fifo_v1_0/u_ips2l_distributed_fifo_ctr/SYN_CTRL.rptr[5:0]' of 'bmsWIDEDFFCPE' unit is dangling and will be cleaned.
W: Public-4008: Instance 'u_ddr3_test/u_ips_ddrc_top/mcdq_rdatapath/mcdq_prefetch_fifo/ips2l_distributed_fifo/u_ips2l_distributed_fifo_distributed_fifo_v1_0/u_ips2l_distributed_fifo_ctr/SYN_CTRL.syn_rempty' of 'bmsWIDEDFFCPE' unit is dangling and will be cleaned.
W: Public-4008: Instance 'u_ddr3_test/u_ips_ddrc_top/mcdq_rdatapath/mcdq_prefetch_fifo/ips2l_distributed_fifo/u_ips2l_distributed_fifo_distributed_fifo_v1_0/u_ips2l_distributed_fifo_ctr/SYN_CTRL.waddr_msb' of 'bmsWIDEDFFCPE' unit is dangling and will be cleaned.
W: Public-4008: Instance 'u_ddr3_test/u_ips_ddrc_top/mcdq_rdatapath/mcdq_prefetch_fifo/ips2l_distributed_fifo/u_ips2l_distributed_fifo_distributed_fifo_v1_0/u_ips2l_distributed_fifo_ctr/SYN_CTRL.wptr[5:0]' of 'bmsWIDEDFFCPE' unit is dangling and will be cleaned.
W: Public-4008: Instance 'u_ddr3_test/u_ips_ddrc_top/mcdq_rdatapath/mcdq_prefetch_fifo/ips2l_distributed_fifo/u_ips2l_distributed_fifo_distributed_fifo_v1_0/u_ips2l_distributed_fifo_ctr/SYN_CTRL.syn_wfull' of 'bmsWIDEDFFCPE' unit is dangling and will be cleaned.
W: Public-4008: Instance 'u_ddr3_test/u_ips_ddrc_top/mcdq_rdatapath/mcdq_prefetch_fifo/ips2l_distributed_fifo/u_ips2l_distributed_fifo_distributed_fifo_v1_0/u_ips2l_distributed_fifo_ctr/SYN_CTRL.raddr_msb' of 'bmsWIDEDFFCPE' unit is dangling and will be cleaned.
W: Public-4008: Instance 'u_ddr3_test/u_ips_ddrc_top/mcdq_dcd_top/mcdq_dcd_bm/ddr_zqcs_ack' of 'bmsWIDEDFFCPE' unit is dangling and will be cleaned.
W: Public-4008: Instance 'u_ddr3_test/u_ips_ddrc_top/mcdq_dcp_top/mcdq_dcp_back_ctrl/pipe_req_id[3:0]' of 'bmsWIDEDFFCPE' unit is dangling and will be cleaned.
W: Public-4008: Instance 'u_wr_rd_ctrl_top/wr_ctrl/axi_bready' of 'bmsWIDEDFFRSE' unit is dangling and will be cleaned.
W: Public-4008: Instance 'u_input_layer/data_out_valid' of 'bmsWIDEDFFCPE' unit is dangling and will be cleaned.
W: Public-4008: Instance 'u_input_layer/data_out_valid' of 'bmsWIDEDFFCPE' unit is dangling and will be cleaned.
W: Public-4008: Instance 'u_input_layer/data_out_valid' of 'bmsWIDEDFFCPE' unit is dangling and will be cleaned.
W: Public-4008: Instance 'u_input_layer/data_out_valid' of 'bmsWIDEDFFCPE' unit is dangling and will be cleaned.
W: Public-4008: Instance 'genblk1.gen_pages[1].pe_inst.u_pe_page/pe_col_inst[0].u_pe_col/pe_inst[0].u_pe_6/D_reg[9:0]' of 'bmsWIDEDFFRSE' unit is dangling and will be cleaned.
W: Public-4008: Instance 'genblk1.gen_pages[0].pe_inst.u_pe_page/D_delay[161:81]' of 'bmsWIDEDFFRSE' unit is dangling and will be cleaned.
W: Public-4008: Instance 'genblk1.gen_pages[1].pe_inst.u_pe_page/pe_col_inst[0].u_pe_col/pe_inst[0].u_pe_6/W_reg[9:0]' of 'bmsWIDEDFFRSE' unit is dangling and will be cleaned.
W: Public-4008: Instance 'genblk1.gen_pages[1].pe_inst.u_pe_page/pe_col_inst[0].u_pe_col/pe_inst[0].u_pe_6/mult_result_reg[18:0]' of 'bmsWIDEDFFRSE' unit is dangling and will be cleaned.
W: Public-4008: Instance 'genblk1.gen_pages[1].pe_inst.u_pe_page/pe_col_inst[0].u_pe_col/pe_inst[0].u_pe_6/y_out[22:0]' of 'bmsWIDEDFFRSE' unit is dangling and will be cleaned.
W: Public-4008: Instance 'genblk1.gen_pages[1].pe_inst.u_pe_page/pe_col_inst[0].u_pe_col/pe_inst[0].u_pe_7/D_reg[9:0]' of 'bmsWIDEDFFRSE' unit is dangling and will be cleaned.
W: Public-4008: Instance 'genblk1.gen_pages[1].pe_inst.u_pe_page/D_delay[161:81]' of 'bmsWIDEDFFRSE' unit is dangling and will be cleaned.
W: Public-4008: Instance 'genblk1.gen_pages[1].pe_inst.u_pe_page/pe_col_inst[1].u_pe_col/pe_inst[0].u_pe_7/W_reg[9:0]' of 'bmsWIDEDFFRSE' unit is dangling and will be cleaned.
W: Public-4008: Instance 'genblk1.gen_pages[1].pe_inst.u_pe_page/pe_col_inst[1].u_pe_col/pe_inst[0].u_pe_7/mult_result_reg[18:0]' of 'bmsWIDEDFFRSE' unit is dangling and will be cleaned.
W: Public-4008: Instance 'genblk1.gen_pages[1].pe_inst.u_pe_page/pe_col_inst[1].u_pe_col/pe_inst[0].u_pe_7/y_out[22:0]' of 'bmsWIDEDFFRSE' unit is dangling and will be cleaned.
W: Public-4008: Instance 'genblk1.gen_pages[1].pe_inst.u_pe_page/pe_col_inst[1].u_pe_col/pe_inst[0].u_pe_8/D_reg[9:0]' of 'bmsWIDEDFFRSE' unit is dangling and will be cleaned.
W: Public-4008: Instance 'genblk1.gen_pages[1].pe_inst.u_pe_page/pe_col_inst[1].u_pe_col/pe_inst[0].u_pe_8/W_reg[9:0]' of 'bmsWIDEDFFRSE' unit is dangling and will be cleaned.
W: Public-4008: Instance 'genblk1.gen_pages[1].pe_inst.u_pe_page/pe_col_inst[1].u_pe_col/pe_inst[0].u_pe_8/mult_result_reg[18:0]' of 'bmsWIDEDFFRSE' unit is dangling and will be cleaned.
W: Public-4008: Instance 'genblk1.gen_pages[1].pe_inst.u_pe_page/pe_col_inst[1].u_pe_col/pe_inst[0].u_pe_8/y_out[22:0]' of 'bmsWIDEDFFRSE' unit is dangling and will be cleaned.
W: Public-4008: Instance 'genblk1.gen_pages[1].pe_inst.u_pe_page/pe_col_inst[1].u_pe_col/pe_inst[0].u_pe/D_reg[9:0]' of 'bmsWIDEDFFRSE' unit is dangling and will be cleaned.
W: Public-4008: Instance 'genblk1.gen_pages[1].pe_inst.u_pe_page/pe_col_inst[1].u_pe_col/pe_inst[0].u_pe/W_reg[9:0]' of 'bmsWIDEDFFRSE' unit is dangling and will be cleaned.
W: Public-4008: Instance 'genblk1.gen_pages[1].pe_inst.u_pe_page/pe_col_inst[1].u_pe_col/pe_inst[0].u_pe/mult_result_reg[18:0]' of 'bmsWIDEDFFRSE' unit is dangling and will be cleaned.
W: Public-4008: Instance 'genblk1.gen_pages[1].pe_inst.u_pe_page/pe_col_inst[1].u_pe_col/pe_inst[0].u_pe/y_out[22:0]' of 'bmsWIDEDFFRSE' unit is dangling and will be cleaned.
W: Public-4008: Instance 'genblk1.gen_pages[1].pe_inst.u_pe_page/pe_col_inst[1].u_pe_col/pe_inst[0].u_pe_1/D_reg[9:0]' of 'bmsWIDEDFFRSE' unit is dangling and will be cleaned.
W: Public-4008: Instance 'genblk1.gen_pages[1].pe_inst.u_pe_page/pe_col_inst[1].u_pe_col/pe_inst[0].u_pe_1/W_reg[9:0]' of 'bmsWIDEDFFRSE' unit is dangling and will be cleaned.
W: Public-4008: Instance 'genblk1.gen_pages[1].pe_inst.u_pe_page/pe_col_inst[1].u_pe_col/pe_inst[0].u_pe_1/mult_result_reg[18:0]' of 'bmsWIDEDFFRSE' unit is dangling and will be cleaned.
W: Public-4008: Instance 'genblk1.gen_pages[1].pe_inst.u_pe_page/pe_col_inst[1].u_pe_col/pe_inst[0].u_pe_1/y_out[22:0]' of 'bmsWIDEDFFRSE' unit is dangling and will be cleaned.
W: Public-4008: Instance 'genblk1.gen_pages[1].pe_inst.u_pe_page/pe_col_inst[1].u_pe_col/pe_inst[0].u_pe_2/D_reg[9:0]' of 'bmsWIDEDFFRSE' unit is dangling and will be cleaned.
W: Public-4008: Instance 'genblk1.gen_pages[1].pe_inst.u_pe_page/pe_col_inst[1].u_pe_col/pe_inst[0].u_pe_2/W_reg[9:0]' of 'bmsWIDEDFFRSE' unit is dangling and will be cleaned.
W: Public-4008: Instance 'genblk1.gen_pages[1].pe_inst.u_pe_page/pe_col_inst[1].u_pe_col/pe_inst[0].u_pe_2/mult_result_reg[18:0]' of 'bmsWIDEDFFRSE' unit is dangling and will be cleaned.
W: Public-4008: Instance 'genblk1.gen_pages[1].pe_inst.u_pe_page/pe_col_inst[1].u_pe_col/pe_inst[0].u_pe_2/y_out[22:0]' of 'bmsWIDEDFFRSE' unit is dangling and will be cleaned.
W: Public-4008: Instance 'genblk1.gen_pages[1].pe_inst.u_pe_page/pe_col_inst[1].u_pe_col/pe_inst[0].u_pe_3/D_reg[9:0]' of 'bmsWIDEDFFRSE' unit is dangling and will be cleaned.
W: Public-4008: Instance 'genblk1.gen_pages[1].pe_inst.u_pe_page/pe_col_inst[1].u_pe_col/pe_inst[0].u_pe_3/W_reg[9:0]' of 'bmsWIDEDFFRSE' unit is dangling and will be cleaned.
W: Public-4008: Instance 'genblk1.gen_pages[1].pe_inst.u_pe_page/pe_col_inst[1].u_pe_col/pe_inst[0].u_pe_3/mult_result_reg[18:0]' of 'bmsWIDEDFFRSE' unit is dangling and will be cleaned.
W: Public-4008: Instance 'genblk1.gen_pages[1].pe_inst.u_pe_page/pe_col_inst[1].u_pe_col/pe_inst[0].u_pe_3/y_out[22:0]' of 'bmsWIDEDFFRSE' unit is dangling and will be cleaned.
W: Public-4008: Instance 'genblk1.gen_pages[1].pe_inst.u_pe_page/pe_col_inst[1].u_pe_col/pe_inst[0].u_pe_4/D_reg[9:0]' of 'bmsWIDEDFFRSE' unit is dangling and will be cleaned.
W: Public-4008: Instance 'genblk1.gen_pages[1].pe_inst.u_pe_page/pe_col_inst[1].u_pe_col/pe_inst[0].u_pe_4/W_reg[9:0]' of 'bmsWIDEDFFRSE' unit is dangling and will be cleaned.
W: Public-4008: Instance 'genblk1.gen_pages[1].pe_inst.u_pe_page/pe_col_inst[1].u_pe_col/pe_inst[0].u_pe_4/mult_result_reg[18:0]' of 'bmsWIDEDFFRSE' unit is dangling and will be cleaned.
W: Public-4008: Instance 'genblk1.gen_pages[1].pe_inst.u_pe_page/pe_col_inst[1].u_pe_col/pe_inst[0].u_pe_4/y_out[22:0]' of 'bmsWIDEDFFRSE' unit is dangling and will be cleaned.
W: Public-4008: Instance 'genblk1.gen_pages[1].pe_inst.u_pe_page/pe_col_inst[1].u_pe_col/pe_inst[0].u_pe_5/D_reg[9:0]' of 'bmsWIDEDFFRSE' unit is dangling and will be cleaned.
W: Public-4008: Instance 'genblk1.gen_pages[1].pe_inst.u_pe_page/pe_col_inst[1].u_pe_col/pe_inst[0].u_pe_5/W_reg[9:0]' of 'bmsWIDEDFFRSE' unit is dangling and will be cleaned.
W: Public-4008: Instance 'genblk1.gen_pages[1].pe_inst.u_pe_page/pe_col_inst[1].u_pe_col/pe_inst[0].u_pe_5/mult_result_reg[18:0]' of 'bmsWIDEDFFRSE' unit is dangling and will be cleaned.
W: Public-4008: Instance 'genblk1.gen_pages[1].pe_inst.u_pe_page/pe_col_inst[1].u_pe_col/pe_inst[0].u_pe_5/y_out[22:0]' of 'bmsWIDEDFFRSE' unit is dangling and will be cleaned.
W: Public-4008: Instance 'genblk1.gen_pages[1].pe_inst.u_pe_page/pe_col_inst[1].u_pe_col/pe_inst[0].u_pe_6/D_reg[9:0]' of 'bmsWIDEDFFRSE' unit is dangling and will be cleaned.
W: Public-4008: Instance 'genblk1.gen_pages[1].pe_inst.u_pe_page/pe_col_inst[1].u_pe_col/pe_inst[0].u_pe_6/W_reg[9:0]' of 'bmsWIDEDFFRSE' unit is dangling and will be cleaned.
W: Public-4008: Instance 'genblk1.gen_pages[1].pe_inst.u_pe_page/pe_col_inst[1].u_pe_col/pe_inst[0].u_pe_6/mult_result_reg[18:0]' of 'bmsWIDEDFFRSE' unit is dangling and will be cleaned.
W: Public-4008: Instance 'genblk1.gen_pages[1].pe_inst.u_pe_page/pe_col_inst[1].u_pe_col/pe_inst[0].u_pe_6/y_out[22:0]' of 'bmsWIDEDFFRSE' unit is dangling and will be cleaned.
W: Public-4008: Instance 'genblk1.gen_pages[1].pe_inst.u_pe_page/pe_col_inst[1].u_pe_col/pe_inst[0].u_pe_7/D_reg[9:0]' of 'bmsWIDEDFFRSE' unit is dangling and will be cleaned.
W: Public-4008: Instance 'genblk1.gen_pages[1].pe_inst.u_pe_page/u_w_manager/time_idx[7:0]' of 'bmsWIDEDFFRSE' unit is dangling and will be cleaned.
W: Public-4008: Instance 'u_input_layer/pp_wr_cnt[9:0]' of 'bmsWIDEDFFCPE' unit is dangling and will be cleaned.
W: Public-4008: Instance 'u_input_layer/we_line_ram[0]' of 'bmsWIDEDFFRSE' unit is dangling and will be cleaned.
W: Public-4008: Instance 'u_input_layer/data_out[8:0]' of 'bmsWIDEDFFRSE' unit is dangling and will be cleaned.
W: Public-4008: Instance 'u_input_layer/data_out[17:9]' of 'bmsWIDEDFFRSE' unit is dangling and will be cleaned.
W: Public-4008: Instance 'u_input_layer/data_out[26:18]' of 'bmsWIDEDFFRSE' unit is dangling and will be cleaned.
W: Public-4008: Instance 'u_input_layer/data_out[35:27]' of 'bmsWIDEDFFRSE' unit is dangling and will be cleaned.
W: Public-4008: Instance 'u_input_layer/data_out[44:36]' of 'bmsWIDEDFFRSE' unit is dangling and will be cleaned.
W: Public-4008: Instance 'u_input_layer/data_out[53:45]' of 'bmsWIDEDFFRSE' unit is dangling and will be cleaned.
W: Public-4008: Instance 'u_input_layer/data_out[62:54]' of 'bmsWIDEDFFRSE' unit is dangling and will be cleaned.
W: Public-4008: Instance 'u_input_layer/data_out[71:63]' of 'bmsWIDEDFFRSE' unit is dangling and will be cleaned.
W: Public-4008: Instance 'u_input_layer/data_out[80:72]' of 'bmsWIDEDFFRSE' unit is dangling and will be cleaned.
W: Public-4008: Instance 'u_input_layer/data_out[89:81]' of 'bmsWIDEDFFRSE' unit is dangling and will be cleaned.
W: Public-4008: Instance 'u_input_layer/data_out[98:90]' of 'bmsWIDEDFFRSE' unit is dangling and will be cleaned.
W: Public-4008: Instance 'u_input_layer/data_out[107:99]' of 'bmsWIDEDFFRSE' unit is dangling and will be cleaned.
W: Public-4008: Instance 'u_input_layer/data_out[116:108]' of 'bmsWIDEDFFRSE' unit is dangling and will be cleaned.
W: Public-4008: Instance 'u_input_layer/data_out[125:117]' of 'bmsWIDEDFFRSE' unit is dangling and will be cleaned.
W: Public-4008: Instance 'u_input_layer/data_out[134:126]' of 'bmsWIDEDFFRSE' unit is dangling and will be cleaned.
W: Public-4008: Instance 'u_input_layer/data_out[143:135]' of 'bmsWIDEDFFRSE' unit is dangling and will be cleaned.
W: Public-4008: Instance 'u_input_layer/data_out[152:144]' of 'bmsWIDEDFFRSE' unit is dangling and will be cleaned.
W: Public-4008: Instance 'u_input_layer/data_out[161:153]' of 'bmsWIDEDFFRSE' unit is dangling and will be cleaned.
W: Public-4008: Instance 'u_input_layer/data_out_valid' of 'bmsWIDEDFFCPE' unit is dangling and will be cleaned.
W: Public-4008: Instance 'u_input_layer/genblk3.pixel_pp_rd_active_shift_reg[255:0]' of 'bmsWIDEDFFCPE' unit is dangling and will be cleaned.
W: Public-4008: Instance 'u_input_layer/genblk3.stream_valid' of 'bmsWIDEDFFCPE' unit is dangling and will be cleaned.
W: Public-4008: Instance 'u_input_layer/index_in[4:0]' of 'bmsWIDEDFFCPE' unit is dangling and will be cleaned.
W: Public-4008: Instance 'u_input_layer/index_x[5:0]' of 'bmsWIDEDFFCPE' unit is dangling and will be cleaned.
W: Public-4008: Instance 'u_input_layer/index_y[3:0]' of 'bmsWIDEDFFCPE' unit is dangling and will be cleaned.
W: Public-4008: Instance 'u_input_layer/invalid_rows[0]' of 'bmsWIDEDFFCPE' unit is dangling and will be cleaned.
W: Public-4008: Instance 'u_input_layer/lb_raddr[9:0]' of 'bmsWIDEDFFCPE' unit is dangling and will be cleaned.
W: Public-4008: Instance 'u_input_layer/lb_waddr[9:0]' of 'bmsWIDEDFFCPE' unit is dangling and will be cleaned.
W: Public-4008: Instance 'u_input_layer/line_buf_full' of 'bmsWIDEDFFCPE' unit is dangling and will be cleaned.
W: Public-4008: Instance 'u_input_layer/line_out_valid' of 'bmsWIDEDFFCPE' unit is dangling and will be cleaned.
W: Public-4008: Instance 'u_input_layer/new_line_out_1' of 'bmsWIDEDFFCPE' unit is dangling and will be cleaned.
W: Public-4008: Instance 'u_input_layer/pending_rows[1:0]' of 'bmsWIDEDFFCPE' unit is dangling and will be cleaned.
W: Public-4008: Instance 'u_input_layer/pixel_lb_raddr[3:0]' of 'bmsWIDEDFFCPE' unit is dangling and will be cleaned.
W: Public-4008: Instance 'u_input_layer/pixel_lb_waddr[3:0]' of 'bmsWIDEDFFCPE' unit is dangling and will be cleaned.
W: Public-4008: Instance 'u_input_layer/pixel_pp_rd_active' of 'bmsWIDEDFFCPE' unit is dangling and will be cleaned.
W: Public-4008: Instance 'u_input_layer/pixel_pp_rd_cnt[3:0]' of 'bmsWIDEDFFCPE' unit is dangling and will be cleaned.
W: Public-4008: Instance 'u_input_layer/pixel_pp_wr_cnt[3:0]' of 'bmsWIDEDFFCPE' unit is dangling and will be cleaned.
W: Public-4008: Instance 'u_input_layer/pp_rd_cnt_cycle[3:0]' of 'bmsWIDEDFFPATCE' unit is dangling and will be cleaned.
W: Public-4008: Instance 'u_input_layer/pixel_valid' of 'bmsWIDEDFFRSE' unit is dangling and will be cleaned.
W: Public-4008: Instance 'u_input_layer/pp_rd_cnt[9:0]' of 'bmsWIDEDFFCPE' unit is dangling and will be cleaned.
W: Public-4008: Instance 'genblk1.gen_pages[0].pe_inst.u_pe_page/d_man/D[8:0]' of 'bmsWIDEDFFRSE' unit is dangling and will be cleaned.
W: Public-4008: Instance 'genblk1.gen_pages[0].pe_inst.u_pe_page/d_man/gen_delay[0].gen_delayed.delay_pipe_1[0][8:0]' of 'bmsWIDEDFFRSE' unit is dangling and will be cleaned.
W: Public-4008: Instance 'genblk1.gen_pages[0].pe_inst.u_pe_page/d_man/gen_delay[0].gen_delayed.delay_pipe_1[1][8:0]' of 'bmsWIDEDFFRSE' unit is dangling and will be cleaned.
W: Public-4008: Instance 'genblk1.gen_pages[0].pe_inst.u_pe_page/d_man/gen_delay[0].gen_delayed.delay_pipe_2[0][8:0]' of 'bmsWIDEDFFRSE' unit is dangling and will be cleaned.
W: Public-4008: Instance 'genblk1.gen_pages[0].pe_inst.u_pe_page/d_man/gen_delay[0].gen_delayed.delay_pipe_2[1][8:0]' of 'bmsWIDEDFFRSE' unit is dangling and will be cleaned.
W: Public-4008: Instance 'genblk1.gen_pages[0].pe_inst.u_pe_page/d_man/gen_delay[0].gen_delayed.delay_pipe_2[2][8:0]' of 'bmsWIDEDFFRSE' unit is dangling and will be cleaned.
W: Public-4008: Instance 'genblk1.gen_pages[0].pe_inst.u_pe_page/d_man/gen_delay[0].gen_delayed.delay_pipe_3[0][8:0]' of 'bmsWIDEDFFRSE' unit is dangling and will be cleaned.
W: Public-4008: Instance 'genblk1.gen_pages[0].pe_inst.u_pe_page/d_man/gen_delay[0].gen_delayed.delay_pipe_3[1][8:0]' of 'bmsWIDEDFFRSE' unit is dangling and will be cleaned.
W: Public-4008: Instance 'genblk1.gen_pages[0].pe_inst.u_pe_page/d_man/gen_delay[0].gen_delayed.delay_pipe_3[2][8:0]' of 'bmsWIDEDFFRSE' unit is dangling and will be cleaned.
W: Public-4008: Instance 'genblk1.gen_pages[0].pe_inst.u_pe_page/d_man/gen_delay[0].gen_delayed.delay_pipe_3[3][8:0]' of 'bmsWIDEDFFRSE' unit is dangling and will be cleaned.
W: Public-4008: Instance 'genblk1.gen_pages[0].pe_inst.u_pe_page/d_man/gen_delay[0].gen_delayed.delay_pipe_4[0][8:0]' of 'bmsWIDEDFFRSE' unit is dangling and will be cleaned.
W: Public-4008: Instance 'genblk1.gen_pages[0].pe_inst.u_pe_page/d_man/gen_delay[0].gen_delayed.delay_pipe_4[1][8:0]' of 'bmsWIDEDFFRSE' unit is dangling and will be cleaned.
W: Public-4008: Instance 'genblk1.gen_pages[0].pe_inst.u_pe_page/d_man/gen_delay[0].gen_delayed.delay_pipe_4[2][8:0]' of 'bmsWIDEDFFRSE' unit is dangling and will be cleaned.
W: Public-4008: Instance 'genblk1.gen_pages[0].pe_inst.u_pe_page/d_man/gen_delay[0].gen_delayed.delay_pipe_4[3][8:0]' of 'bmsWIDEDFFRSE' unit is dangling and will be cleaned.
W: Public-4008: Instance 'genblk1.gen_pages[0].pe_inst.u_pe_page/d_man/gen_delay[0].gen_delayed.delay_pipe_4[4][8:0]' of 'bmsWIDEDFFRSE' unit is dangling and will be cleaned.
W: Public-4008: Instance 'genblk1.gen_pages[0].pe_inst.u_pe_page/d_man/gen_delay[0].gen_delayed.delay_pipe_5[0][8:0]' of 'bmsWIDEDFFRSE' unit is dangling and will be cleaned.
W: Public-4008: Instance 'genblk1.gen_pages[0].pe_inst.u_pe_page/d_man/gen_delay[0].gen_delayed.delay_pipe_5[1][8:0]' of 'bmsWIDEDFFRSE' unit is dangling and will be cleaned.
W: Public-4008: Instance 'genblk1.gen_pages[0].pe_inst.u_pe_page/d_man/gen_delay[0].gen_delayed.delay_pipe_5[2][8:0]' of 'bmsWIDEDFFRSE' unit is dangling and will be cleaned.
W: Public-4008: Instance 'genblk1.gen_pages[0].pe_inst.u_pe_page/d_man/gen_delay[0].gen_delayed.delay_pipe_5[3][8:0]' of 'bmsWIDEDFFRSE' unit is dangling and will be cleaned.
W: Public-4008: Instance 'genblk1.gen_pages[0].pe_inst.u_pe_page/d_man/gen_delay[0].gen_delayed.delay_pipe_5[4][8:0]' of 'bmsWIDEDFFRSE' unit is dangling and will be cleaned.
W: Public-4008: Instance 'genblk1.gen_pages[0].pe_inst.u_pe_page/d_man/gen_delay[0].gen_delayed.delay_pipe_5[5][8:0]' of 'bmsWIDEDFFRSE' unit is dangling and will be cleaned.
W: Public-4008: Instance 'genblk1.gen_pages[0].pe_inst.u_pe_page/d_man/gen_delay[0].gen_delayed.delay_pipe_6[0][8:0]' of 'bmsWIDEDFFRSE' unit is dangling and will be cleaned.
W: Public-4008: Instance 'genblk1.gen_pages[0].pe_inst.u_pe_page/d_man/gen_delay[0].gen_delayed.delay_pipe_6[1][8:0]' of 'bmsWIDEDFFRSE' unit is dangling and will be cleaned.
W: Public-4008: Instance 'genblk1.gen_pages[0].pe_inst.u_pe_page/d_man/gen_delay[0].gen_delayed.delay_pipe_6[2][8:0]' of 'bmsWIDEDFFRSE' unit is dangling and will be cleaned.
W: Public-4008: Instance 'genblk1.gen_pages[0].pe_inst.u_pe_page/d_man/gen_delay[0].gen_delayed.delay_pipe_6[3][8:0]' of 'bmsWIDEDFFRSE' unit is dangling and will be cleaned.
W: Public-4008: Instance 'genblk1.gen_pages[0].pe_inst.u_pe_page/d_man/gen_delay[0].gen_delayed.delay_pipe_6[4][8:0]' of 'bmsWIDEDFFRSE' unit is dangling and will be cleaned.
W: Public-4008: Instance 'genblk1.gen_pages[0].pe_inst.u_pe_page/d_man/gen_delay[0].gen_delayed.delay_pipe_6[5][8:0]' of 'bmsWIDEDFFRSE' unit is dangling and will be cleaned.
W: Public-4008: Instance 'genblk1.gen_pages[0].pe_inst.u_pe_page/d_man/gen_delay[0].gen_delayed.delay_pipe_6[6][8:0]' of 'bmsWIDEDFFRSE' unit is dangling and will be cleaned.
W: Public-4008: Instance 'genblk1.gen_pages[0].pe_inst.u_pe_page/d_man/gen_delay[0].gen_delayed.delay_pipe_7[0][8:0]' of 'bmsWIDEDFFRSE' unit is dangling and will be cleaned.
W: Public-4008: Instance 'genblk1.gen_pages[0].pe_inst.u_pe_page/d_man/gen_delay[0].gen_delayed.delay_pipe_7[1][8:0]' of 'bmsWIDEDFFRSE' unit is dangling and will be cleaned.
W: Public-4008: Instance 'genblk1.gen_pages[0].pe_inst.u_pe_page/d_man/gen_delay[0].gen_delayed.delay_pipe_7[2][8:0]' of 'bmsWIDEDFFRSE' unit is dangling and will be cleaned.
W: Public-4008: Instance 'genblk1.gen_pages[0].pe_inst.u_pe_page/d_man/gen_delay[0].gen_delayed.delay_pipe_7[3][8:0]' of 'bmsWIDEDFFRSE' unit is dangling and will be cleaned.
W: Public-4008: Instance 'genblk1.gen_pages[0].pe_inst.u_pe_page/d_man/gen_delay[0].gen_delayed.delay_pipe_7[4][8:0]' of 'bmsWIDEDFFRSE' unit is dangling and will be cleaned.
W: Public-4008: Instance 'genblk1.gen_pages[0].pe_inst.u_pe_page/d_man/gen_delay[0].gen_delayed.delay_pipe_7[5][8:0]' of 'bmsWIDEDFFRSE' unit is dangling and will be cleaned.
W: Public-4008: Instance 'genblk1.gen_pages[0].pe_inst.u_pe_page/d_man/gen_delay[0].gen_delayed.delay_pipe_7[6][8:0]' of 'bmsWIDEDFFRSE' unit is dangling and will be cleaned.
W: Public-4008: Instance 'genblk1.gen_pages[0].pe_inst.u_pe_page/d_man/gen_delay[0].gen_delayed.delay_pipe_7[7][8:0]' of 'bmsWIDEDFFRSE' unit is dangling and will be cleaned.
W: Public-4008: Instance 'genblk1.gen_pages[0].pe_inst.u_pe_page/d_man/gen_delay[0].gen_delayed.delay_pipe_8[0][8:0]' of 'bmsWIDEDFFRSE' unit is dangling and will be cleaned.
W: Public-4008: Instance 'genblk1.gen_pages[0].pe_inst.u_pe_page/d_man/gen_delay[0].gen_delayed.delay_pipe_8[1][8:0]' of 'bmsWIDEDFFRSE' unit is dangling and will be cleaned.
W: Public-4008: Instance 'genblk1.gen_pages[0].pe_inst.u_pe_page/d_man/gen_delay[0].gen_delayed.delay_pipe_8[2][8:0]' of 'bmsWIDEDFFRSE' unit is dangling and will be cleaned.
W: Public-4008: Instance 'genblk1.gen_pages[0].pe_inst.u_pe_page/d_man/gen_delay[0].gen_delayed.delay_pipe_8[3][8:0]' of 'bmsWIDEDFFRSE' unit is dangling and will be cleaned.
W: Public-4008: Instance 'genblk1.gen_pages[0].pe_inst.u_pe_page/d_man/gen_delay[0].gen_delayed.delay_pipe_8[4][8:0]' of 'bmsWIDEDFFRSE' unit is dangling and will be cleaned.
W: Public-4008: Instance 'genblk1.gen_pages[0].pe_inst.u_pe_page/d_man/gen_delay[0].gen_delayed.delay_pipe_8[5][8:0]' of 'bmsWIDEDFFRSE' unit is dangling and will be cleaned.
W: Public-4008: Instance 'genblk1.gen_pages[0].pe_inst.u_pe_page/d_man/gen_delay[0].gen_delayed.delay_pipe_8[6][8:0]' of 'bmsWIDEDFFRSE' unit is dangling and will be cleaned.
W: Public-4008: Instance 'genblk1.gen_pages[0].pe_inst.u_pe_page/d_man/gen_delay[0].gen_delayed.delay_pipe_8[7][8:0]' of 'bmsWIDEDFFRSE' unit is dangling and will be cleaned.
W: Public-4008: Instance 'genblk1.gen_pages[0].pe_inst.u_pe_page/d_man/gen_delay[0].gen_delayed.delay_pipe_8[8][8:0]' of 'bmsWIDEDFFRSE' unit is dangling and will be cleaned.
W: Public-4008: Instance 'genblk1.gen_pages[0].pe_inst.u_pe_page/pe_col_inst[0].u_pe_col/pe_inst[0].u_pe_7/W_reg[9:0]' of 'bmsWIDEDFFRSE' unit is dangling and will be cleaned.
W: Public-4008: Instance 'genblk1.gen_pages[0].pe_inst.u_pe_page/pe_col_inst[0].u_pe_col/pe_inst[0].u_pe_7/mult_result_reg[18:0]' of 'bmsWIDEDFFRSE' unit is dangling and will be cleaned.
W: Public-4008: Instance 'genblk1.gen_pages[0].pe_inst.u_pe_page/pe_col_inst[0].u_pe_col/pe_inst[0].u_pe_7/y_out[22:0]' of 'bmsWIDEDFFRSE' unit is dangling and will be cleaned.
W: Public-4008: Instance 'genblk1.gen_pages[0].pe_inst.u_pe_page/pe_col_inst[0].u_pe_col/pe_inst[0].u_pe_8/D_reg[9:0]' of 'bmsWIDEDFFRSE' unit is dangling and will be cleaned.
W: Public-4008: Instance 'genblk1.gen_pages[0].pe_inst.u_pe_page/pe_col_inst[0].u_pe_col/pe_inst[0].u_pe_8/W_reg[9:0]' of 'bmsWIDEDFFRSE' unit is dangling and will be cleaned.
W: Public-4008: Instance 'genblk1.gen_pages[0].pe_inst.u_pe_page/pe_col_inst[0].u_pe_col/pe_inst[0].u_pe_8/mult_result_reg[18:0]' of 'bmsWIDEDFFRSE' unit is dangling and will be cleaned.
W: Public-4008: Instance 'genblk1.gen_pages[0].pe_inst.u_pe_page/pe_col_inst[0].u_pe_col/pe_inst[0].u_pe_8/y_out[22:0]' of 'bmsWIDEDFFRSE' unit is dangling and will be cleaned.
W: Public-4008: Instance 'genblk1.gen_pages[0].pe_inst.u_pe_page/pe_col_inst[0].u_pe_col/pe_inst[0].u_pe/D_reg[9:0]' of 'bmsWIDEDFFRSE' unit is dangling and will be cleaned.
W: Public-4008: Instance 'genblk1.gen_pages[0].pe_inst.u_pe_page/pe_col_inst[0].u_pe_col/pe_inst[0].u_pe/W_reg[9:0]' of 'bmsWIDEDFFRSE' unit is dangling and will be cleaned.
W: Public-4008: Instance 'genblk1.gen_pages[0].pe_inst.u_pe_page/pe_col_inst[0].u_pe_col/pe_inst[0].u_pe/mult_result_reg[18:0]' of 'bmsWIDEDFFRSE' unit is dangling and will be cleaned.
W: Public-4008: Instance 'genblk1.gen_pages[0].pe_inst.u_pe_page/pe_col_inst[0].u_pe_col/pe_inst[0].u_pe/y_out[22:0]' of 'bmsWIDEDFFRSE' unit is dangling and will be cleaned.
W: Public-4008: Instance 'genblk1.gen_pages[0].pe_inst.u_pe_page/pe_col_inst[0].u_pe_col/pe_inst[0].u_pe_1/D_reg[9:0]' of 'bmsWIDEDFFRSE' unit is dangling and will be cleaned.
W: Public-4008: Instance 'genblk1.gen_pages[0].pe_inst.u_pe_page/pe_col_inst[0].u_pe_col/pe_inst[0].u_pe_1/W_reg[9:0]' of 'bmsWIDEDFFRSE' unit is dangling and will be cleaned.
W: Public-4008: Instance 'genblk1.gen_pages[0].pe_inst.u_pe_page/pe_col_inst[0].u_pe_col/pe_inst[0].u_pe_1/mult_result_reg[18:0]' of 'bmsWIDEDFFRSE' unit is dangling and will be cleaned.
W: Public-4008: Instance 'genblk1.gen_pages[0].pe_inst.u_pe_page/pe_col_inst[0].u_pe_col/pe_inst[0].u_pe_1/y_out[22:0]' of 'bmsWIDEDFFRSE' unit is dangling and will be cleaned.
W: Public-4008: Instance 'genblk1.gen_pages[0].pe_inst.u_pe_page/pe_col_inst[0].u_pe_col/pe_inst[0].u_pe_2/D_reg[9:0]' of 'bmsWIDEDFFRSE' unit is dangling and will be cleaned.
W: Public-4008: Instance 'genblk1.gen_pages[0].pe_inst.u_pe_page/pe_col_inst[0].u_pe_col/pe_inst[0].u_pe_2/W_reg[9:0]' of 'bmsWIDEDFFRSE' unit is dangling and will be cleaned.
W: Public-4008: Instance 'genblk1.gen_pages[0].pe_inst.u_pe_page/pe_col_inst[0].u_pe_col/pe_inst[0].u_pe_2/mult_result_reg[18:0]' of 'bmsWIDEDFFRSE' unit is dangling and will be cleaned.
W: Public-4008: Instance 'genblk1.gen_pages[0].pe_inst.u_pe_page/pe_col_inst[0].u_pe_col/pe_inst[0].u_pe_2/y_out[22:0]' of 'bmsWIDEDFFRSE' unit is dangling and will be cleaned.
W: Public-4008: Instance 'genblk1.gen_pages[0].pe_inst.u_pe_page/pe_col_inst[0].u_pe_col/pe_inst[0].u_pe_3/D_reg[9:0]' of 'bmsWIDEDFFRSE' unit is dangling and will be cleaned.
W: Public-4008: Instance 'genblk1.gen_pages[0].pe_inst.u_pe_page/pe_col_inst[0].u_pe_col/pe_inst[0].u_pe_3/W_reg[9:0]' of 'bmsWIDEDFFRSE' unit is dangling and will be cleaned.
W: Public-4008: Instance 'genblk1.gen_pages[0].pe_inst.u_pe_page/pe_col_inst[0].u_pe_col/pe_inst[0].u_pe_3/mult_result_reg[18:0]' of 'bmsWIDEDFFRSE' unit is dangling and will be cleaned.
W: Public-4008: Instance 'genblk1.gen_pages[0].pe_inst.u_pe_page/pe_col_inst[0].u_pe_col/pe_inst[0].u_pe_3/y_out[22:0]' of 'bmsWIDEDFFRSE' unit is dangling and will be cleaned.
W: Public-4008: Instance 'genblk1.gen_pages[0].pe_inst.u_pe_page/pe_col_inst[0].u_pe_col/pe_inst[0].u_pe_4/D_reg[9:0]' of 'bmsWIDEDFFRSE' unit is dangling and will be cleaned.
W: Public-4008: Instance 'genblk1.gen_pages[0].pe_inst.u_pe_page/pe_col_inst[0].u_pe_col/pe_inst[0].u_pe_4/W_reg[9:0]' of 'bmsWIDEDFFRSE' unit is dangling and will be cleaned.
W: Public-4008: Instance 'genblk1.gen_pages[0].pe_inst.u_pe_page/pe_col_inst[0].u_pe_col/pe_inst[0].u_pe_4/mult_result_reg[18:0]' of 'bmsWIDEDFFRSE' unit is dangling and will be cleaned.
W: Public-4008: Instance 'genblk1.gen_pages[0].pe_inst.u_pe_page/pe_col_inst[0].u_pe_col/pe_inst[0].u_pe_4/y_out[22:0]' of 'bmsWIDEDFFRSE' unit is dangling and will be cleaned.
W: Public-4008: Instance 'genblk1.gen_pages[0].pe_inst.u_pe_page/pe_col_inst[0].u_pe_col/pe_inst[0].u_pe_5/D_reg[9:0]' of 'bmsWIDEDFFRSE' unit is dangling and will be cleaned.
W: Public-4008: Instance 'genblk1.gen_pages[0].pe_inst.u_pe_page/pe_col_inst[0].u_pe_col/pe_inst[0].u_pe_5/W_reg[9:0]' of 'bmsWIDEDFFRSE' unit is dangling and will be cleaned.
W: Public-4008: Instance 'genblk1.gen_pages[0].pe_inst.u_pe_page/pe_col_inst[0].u_pe_col/pe_inst[0].u_pe_5/mult_result_reg[18:0]' of 'bmsWIDEDFFRSE' unit is dangling and will be cleaned.
W: Public-4008: Instance 'genblk1.gen_pages[0].pe_inst.u_pe_page/pe_col_inst[0].u_pe_col/pe_inst[0].u_pe_5/y_out[22:0]' of 'bmsWIDEDFFRSE' unit is dangling and will be cleaned.
W: Public-4008: Instance 'genblk1.gen_pages[0].pe_inst.u_pe_page/pe_col_inst[0].u_pe_col/pe_inst[0].u_pe_6/D_reg[9:0]' of 'bmsWIDEDFFRSE' unit is dangling and will be cleaned.
W: Public-4008: Instance 'genblk1.gen_pages[0].pe_inst.u_pe_page/pe_col_inst[0].u_pe_col/pe_inst[0].u_pe_6/W_reg[9:0]' of 'bmsWIDEDFFRSE' unit is dangling and will be cleaned.
W: Public-4008: Instance 'genblk1.gen_pages[0].pe_inst.u_pe_page/pe_col_inst[0].u_pe_col/pe_inst[0].u_pe_6/mult_result_reg[18:0]' of 'bmsWIDEDFFRSE' unit is dangling and will be cleaned.
W: Public-4008: Instance 'genblk1.gen_pages[0].pe_inst.u_pe_page/pe_col_inst[0].u_pe_col/pe_inst[0].u_pe_6/y_out[22:0]' of 'bmsWIDEDFFRSE' unit is dangling and will be cleaned.
W: Public-4008: Instance 'genblk1.gen_pages[0].pe_inst.u_pe_page/pe_col_inst[0].u_pe_col/pe_inst[0].u_pe_7/D_reg[9:0]' of 'bmsWIDEDFFRSE' unit is dangling and will be cleaned.
W: Public-4008: Instance 'genblk1.gen_pages[0].pe_inst.u_pe_page/pe_col_inst[1].u_pe_col/pe_inst[0].u_pe_7/W_reg[9:0]' of 'bmsWIDEDFFRSE' unit is dangling and will be cleaned.
W: Public-4008: Instance 'genblk1.gen_pages[0].pe_inst.u_pe_page/pe_col_inst[1].u_pe_col/pe_inst[0].u_pe_7/mult_result_reg[18:0]' of 'bmsWIDEDFFRSE' unit is dangling and will be cleaned.
W: Public-4008: Instance 'genblk1.gen_pages[0].pe_inst.u_pe_page/pe_col_inst[1].u_pe_col/pe_inst[0].u_pe_7/y_out[22:0]' of 'bmsWIDEDFFRSE' unit is dangling and will be cleaned.
W: Public-4008: Instance 'genblk1.gen_pages[0].pe_inst.u_pe_page/pe_col_inst[1].u_pe_col/pe_inst[0].u_pe_8/D_reg[9:0]' of 'bmsWIDEDFFRSE' unit is dangling and will be cleaned.
W: Public-4008: Instance 'genblk1.gen_pages[0].pe_inst.u_pe_page/pe_col_inst[1].u_pe_col/pe_inst[0].u_pe_8/W_reg[9:0]' of 'bmsWIDEDFFRSE' unit is dangling and will be cleaned.
W: Public-4008: Instance 'genblk1.gen_pages[0].pe_inst.u_pe_page/pe_col_inst[1].u_pe_col/pe_inst[0].u_pe_8/mult_result_reg[18:0]' of 'bmsWIDEDFFRSE' unit is dangling and will be cleaned.
W: Public-4008: Instance 'genblk1.gen_pages[0].pe_inst.u_pe_page/pe_col_inst[1].u_pe_col/pe_inst[0].u_pe_8/y_out[22:0]' of 'bmsWIDEDFFRSE' unit is dangling and will be cleaned.
W: Public-4008: Instance 'genblk1.gen_pages[0].pe_inst.u_pe_page/pe_col_inst[1].u_pe_col/pe_inst[0].u_pe/D_reg[9:0]' of 'bmsWIDEDFFRSE' unit is dangling and will be cleaned.
W: Public-4008: Instance 'genblk1.gen_pages[0].pe_inst.u_pe_page/pe_col_inst[1].u_pe_col/pe_inst[0].u_pe/W_reg[9:0]' of 'bmsWIDEDFFRSE' unit is dangling and will be cleaned.
W: Public-4008: Instance 'genblk1.gen_pages[0].pe_inst.u_pe_page/pe_col_inst[1].u_pe_col/pe_inst[0].u_pe/mult_result_reg[18:0]' of 'bmsWIDEDFFRSE' unit is dangling and will be cleaned.
W: Public-4008: Instance 'genblk1.gen_pages[0].pe_inst.u_pe_page/pe_col_inst[1].u_pe_col/pe_inst[0].u_pe/y_out[22:0]' of 'bmsWIDEDFFRSE' unit is dangling and will be cleaned.
W: Public-4008: Instance 'genblk1.gen_pages[0].pe_inst.u_pe_page/pe_col_inst[1].u_pe_col/pe_inst[0].u_pe_1/D_reg[9:0]' of 'bmsWIDEDFFRSE' unit is dangling and will be cleaned.
W: Public-4008: Instance 'genblk1.gen_pages[0].pe_inst.u_pe_page/pe_col_inst[1].u_pe_col/pe_inst[0].u_pe_1/W_reg[9:0]' of 'bmsWIDEDFFRSE' unit is dangling and will be cleaned.
W: Public-4008: Instance 'genblk1.gen_pages[0].pe_inst.u_pe_page/pe_col_inst[1].u_pe_col/pe_inst[0].u_pe_1/mult_result_reg[18:0]' of 'bmsWIDEDFFRSE' unit is dangling and will be cleaned.
W: Public-4008: Instance 'genblk1.gen_pages[0].pe_inst.u_pe_page/pe_col_inst[1].u_pe_col/pe_inst[0].u_pe_1/y_out[22:0]' of 'bmsWIDEDFFRSE' unit is dangling and will be cleaned.
W: Public-4008: Instance 'genblk1.gen_pages[0].pe_inst.u_pe_page/pe_col_inst[1].u_pe_col/pe_inst[0].u_pe_2/D_reg[9:0]' of 'bmsWIDEDFFRSE' unit is dangling and will be cleaned.
W: Public-4008: Instance 'genblk1.gen_pages[0].pe_inst.u_pe_page/pe_col_inst[1].u_pe_col/pe_inst[0].u_pe_2/W_reg[9:0]' of 'bmsWIDEDFFRSE' unit is dangling and will be cleaned.
W: Public-4008: Instance 'genblk1.gen_pages[0].pe_inst.u_pe_page/pe_col_inst[1].u_pe_col/pe_inst[0].u_pe_2/mult_result_reg[18:0]' of 'bmsWIDEDFFRSE' unit is dangling and will be cleaned.
W: Public-4008: Instance 'genblk1.gen_pages[0].pe_inst.u_pe_page/pe_col_inst[1].u_pe_col/pe_inst[0].u_pe_2/y_out[22:0]' of 'bmsWIDEDFFRSE' unit is dangling and will be cleaned.
W: Public-4008: Instance 'genblk1.gen_pages[0].pe_inst.u_pe_page/pe_col_inst[1].u_pe_col/pe_inst[0].u_pe_3/D_reg[9:0]' of 'bmsWIDEDFFRSE' unit is dangling and will be cleaned.
W: Public-4008: Instance 'genblk1.gen_pages[0].pe_inst.u_pe_page/pe_col_inst[1].u_pe_col/pe_inst[0].u_pe_3/W_reg[9:0]' of 'bmsWIDEDFFRSE' unit is dangling and will be cleaned.
W: Public-4008: Instance 'genblk1.gen_pages[0].pe_inst.u_pe_page/pe_col_inst[1].u_pe_col/pe_inst[0].u_pe_3/mult_result_reg[18:0]' of 'bmsWIDEDFFRSE' unit is dangling and will be cleaned.
W: Public-4008: Instance 'genblk1.gen_pages[0].pe_inst.u_pe_page/pe_col_inst[1].u_pe_col/pe_inst[0].u_pe_3/y_out[22:0]' of 'bmsWIDEDFFRSE' unit is dangling and will be cleaned.
W: Public-4008: Instance 'genblk1.gen_pages[0].pe_inst.u_pe_page/pe_col_inst[1].u_pe_col/pe_inst[0].u_pe_4/D_reg[9:0]' of 'bmsWIDEDFFRSE' unit is dangling and will be cleaned.
W: Public-4008: Instance 'genblk1.gen_pages[0].pe_inst.u_pe_page/pe_col_inst[1].u_pe_col/pe_inst[0].u_pe_4/W_reg[9:0]' of 'bmsWIDEDFFRSE' unit is dangling and will be cleaned.
W: Public-4008: Instance 'genblk1.gen_pages[0].pe_inst.u_pe_page/pe_col_inst[1].u_pe_col/pe_inst[0].u_pe_4/mult_result_reg[18:0]' of 'bmsWIDEDFFRSE' unit is dangling and will be cleaned.
W: Public-4008: Instance 'genblk1.gen_pages[0].pe_inst.u_pe_page/pe_col_inst[1].u_pe_col/pe_inst[0].u_pe_4/y_out[22:0]' of 'bmsWIDEDFFRSE' unit is dangling and will be cleaned.
W: Public-4008: Instance 'genblk1.gen_pages[0].pe_inst.u_pe_page/pe_col_inst[1].u_pe_col/pe_inst[0].u_pe_5/D_reg[9:0]' of 'bmsWIDEDFFRSE' unit is dangling and will be cleaned.
W: Public-4008: Instance 'genblk1.gen_pages[0].pe_inst.u_pe_page/pe_col_inst[1].u_pe_col/pe_inst[0].u_pe_5/W_reg[9:0]' of 'bmsWIDEDFFRSE' unit is dangling and will be cleaned.
W: Public-4008: Instance 'genblk1.gen_pages[0].pe_inst.u_pe_page/pe_col_inst[1].u_pe_col/pe_inst[0].u_pe_5/mult_result_reg[18:0]' of 'bmsWIDEDFFRSE' unit is dangling and will be cleaned.
W: Public-4008: Instance 'genblk1.gen_pages[0].pe_inst.u_pe_page/pe_col_inst[1].u_pe_col/pe_inst[0].u_pe_5/y_out[22:0]' of 'bmsWIDEDFFRSE' unit is dangling and will be cleaned.
W: Public-4008: Instance 'genblk1.gen_pages[0].pe_inst.u_pe_page/pe_col_inst[1].u_pe_col/pe_inst[0].u_pe_6/D_reg[9:0]' of 'bmsWIDEDFFRSE' unit is dangling and will be cleaned.
W: Public-4008: Instance 'genblk1.gen_pages[0].pe_inst.u_pe_page/pe_col_inst[1].u_pe_col/pe_inst[0].u_pe_6/W_reg[9:0]' of 'bmsWIDEDFFRSE' unit is dangling and will be cleaned.
W: Public-4008: Instance 'genblk1.gen_pages[0].pe_inst.u_pe_page/pe_col_inst[1].u_pe_col/pe_inst[0].u_pe_6/mult_result_reg[18:0]' of 'bmsWIDEDFFRSE' unit is dangling and will be cleaned.
W: Public-4008: Instance 'genblk1.gen_pages[0].pe_inst.u_pe_page/pe_col_inst[1].u_pe_col/pe_inst[0].u_pe_6/y_out[22:0]' of 'bmsWIDEDFFRSE' unit is dangling and will be cleaned.
W: Public-4008: Instance 'genblk1.gen_pages[0].pe_inst.u_pe_page/pe_col_inst[1].u_pe_col/pe_inst[0].u_pe_7/D_reg[9:0]' of 'bmsWIDEDFFRSE' unit is dangling and will be cleaned.
W: Public-4008: Instance 'genblk1.gen_pages[0].pe_inst.u_pe_page/u_w_manager/time_idx[7:0]' of 'bmsWIDEDFFRSE' unit is dangling and will be cleaned.
W: Public-4008: Instance 'genblk1.gen_pages[1].pe_inst.u_pe_page/d_man/D[8:0]' of 'bmsWIDEDFFRSE' unit is dangling and will be cleaned.
W: Public-4008: Instance 'genblk1.gen_pages[1].pe_inst.u_pe_page/d_man/gen_delay[0].gen_delayed.delay_pipe_1[0][8:0]' of 'bmsWIDEDFFRSE' unit is dangling and will be cleaned.
W: Public-4008: Instance 'genblk1.gen_pages[1].pe_inst.u_pe_page/d_man/gen_delay[0].gen_delayed.delay_pipe_1[1][8:0]' of 'bmsWIDEDFFRSE' unit is dangling and will be cleaned.
W: Public-4008: Instance 'genblk1.gen_pages[1].pe_inst.u_pe_page/d_man/gen_delay[0].gen_delayed.delay_pipe_2[0][8:0]' of 'bmsWIDEDFFRSE' unit is dangling and will be cleaned.
W: Public-4008: Instance 'genblk1.gen_pages[1].pe_inst.u_pe_page/d_man/gen_delay[0].gen_delayed.delay_pipe_2[1][8:0]' of 'bmsWIDEDFFRSE' unit is dangling and will be cleaned.
W: Public-4008: Instance 'genblk1.gen_pages[1].pe_inst.u_pe_page/d_man/gen_delay[0].gen_delayed.delay_pipe_2[2][8:0]' of 'bmsWIDEDFFRSE' unit is dangling and will be cleaned.
W: Public-4008: Instance 'genblk1.gen_pages[1].pe_inst.u_pe_page/d_man/gen_delay[0].gen_delayed.delay_pipe_3[0][8:0]' of 'bmsWIDEDFFRSE' unit is dangling and will be cleaned.
W: Public-4008: Instance 'genblk1.gen_pages[1].pe_inst.u_pe_page/d_man/gen_delay[0].gen_delayed.delay_pipe_3[1][8:0]' of 'bmsWIDEDFFRSE' unit is dangling and will be cleaned.
W: Public-4008: Instance 'genblk1.gen_pages[1].pe_inst.u_pe_page/d_man/gen_delay[0].gen_delayed.delay_pipe_3[2][8:0]' of 'bmsWIDEDFFRSE' unit is dangling and will be cleaned.
W: Public-4008: Instance 'genblk1.gen_pages[1].pe_inst.u_pe_page/d_man/gen_delay[0].gen_delayed.delay_pipe_3[3][8:0]' of 'bmsWIDEDFFRSE' unit is dangling and will be cleaned.
W: Public-4008: Instance 'genblk1.gen_pages[1].pe_inst.u_pe_page/d_man/gen_delay[0].gen_delayed.delay_pipe_4[0][8:0]' of 'bmsWIDEDFFRSE' unit is dangling and will be cleaned.
W: Public-4008: Instance 'genblk1.gen_pages[1].pe_inst.u_pe_page/d_man/gen_delay[0].gen_delayed.delay_pipe_4[1][8:0]' of 'bmsWIDEDFFRSE' unit is dangling and will be cleaned.
W: Public-4008: Instance 'genblk1.gen_pages[1].pe_inst.u_pe_page/d_man/gen_delay[0].gen_delayed.delay_pipe_4[2][8:0]' of 'bmsWIDEDFFRSE' unit is dangling and will be cleaned.
W: Public-4008: Instance 'genblk1.gen_pages[1].pe_inst.u_pe_page/d_man/gen_delay[0].gen_delayed.delay_pipe_4[3][8:0]' of 'bmsWIDEDFFRSE' unit is dangling and will be cleaned.
W: Public-4008: Instance 'genblk1.gen_pages[1].pe_inst.u_pe_page/d_man/gen_delay[0].gen_delayed.delay_pipe_4[4][8:0]' of 'bmsWIDEDFFRSE' unit is dangling and will be cleaned.
W: Public-4008: Instance 'genblk1.gen_pages[1].pe_inst.u_pe_page/d_man/gen_delay[0].gen_delayed.delay_pipe_5[0][8:0]' of 'bmsWIDEDFFRSE' unit is dangling and will be cleaned.
W: Public-4008: Instance 'genblk1.gen_pages[1].pe_inst.u_pe_page/d_man/gen_delay[0].gen_delayed.delay_pipe_5[1][8:0]' of 'bmsWIDEDFFRSE' unit is dangling and will be cleaned.
W: Public-4008: Instance 'genblk1.gen_pages[1].pe_inst.u_pe_page/d_man/gen_delay[0].gen_delayed.delay_pipe_5[2][8:0]' of 'bmsWIDEDFFRSE' unit is dangling and will be cleaned.
W: Public-4008: Instance 'genblk1.gen_pages[1].pe_inst.u_pe_page/d_man/gen_delay[0].gen_delayed.delay_pipe_5[3][8:0]' of 'bmsWIDEDFFRSE' unit is dangling and will be cleaned.
W: Public-4008: Instance 'genblk1.gen_pages[1].pe_inst.u_pe_page/d_man/gen_delay[0].gen_delayed.delay_pipe_5[4][8:0]' of 'bmsWIDEDFFRSE' unit is dangling and will be cleaned.
W: Public-4008: Instance 'genblk1.gen_pages[1].pe_inst.u_pe_page/d_man/gen_delay[0].gen_delayed.delay_pipe_5[5][8:0]' of 'bmsWIDEDFFRSE' unit is dangling and will be cleaned.
W: Public-4008: Instance 'genblk1.gen_pages[1].pe_inst.u_pe_page/d_man/gen_delay[0].gen_delayed.delay_pipe_6[0][8:0]' of 'bmsWIDEDFFRSE' unit is dangling and will be cleaned.
W: Public-4008: Instance 'genblk1.gen_pages[1].pe_inst.u_pe_page/d_man/gen_delay[0].gen_delayed.delay_pipe_6[1][8:0]' of 'bmsWIDEDFFRSE' unit is dangling and will be cleaned.
W: Public-4008: Instance 'genblk1.gen_pages[1].pe_inst.u_pe_page/d_man/gen_delay[0].gen_delayed.delay_pipe_6[2][8:0]' of 'bmsWIDEDFFRSE' unit is dangling and will be cleaned.
W: Public-4008: Instance 'genblk1.gen_pages[1].pe_inst.u_pe_page/d_man/gen_delay[0].gen_delayed.delay_pipe_6[3][8:0]' of 'bmsWIDEDFFRSE' unit is dangling and will be cleaned.
W: Public-4008: Instance 'genblk1.gen_pages[1].pe_inst.u_pe_page/d_man/gen_delay[0].gen_delayed.delay_pipe_6[4][8:0]' of 'bmsWIDEDFFRSE' unit is dangling and will be cleaned.
W: Public-4008: Instance 'genblk1.gen_pages[1].pe_inst.u_pe_page/d_man/gen_delay[0].gen_delayed.delay_pipe_6[5][8:0]' of 'bmsWIDEDFFRSE' unit is dangling and will be cleaned.
W: Public-4008: Instance 'genblk1.gen_pages[1].pe_inst.u_pe_page/d_man/gen_delay[0].gen_delayed.delay_pipe_6[6][8:0]' of 'bmsWIDEDFFRSE' unit is dangling and will be cleaned.
W: Public-4008: Instance 'genblk1.gen_pages[1].pe_inst.u_pe_page/d_man/gen_delay[0].gen_delayed.delay_pipe_7[0][8:0]' of 'bmsWIDEDFFRSE' unit is dangling and will be cleaned.
W: Public-4008: Instance 'genblk1.gen_pages[1].pe_inst.u_pe_page/d_man/gen_delay[0].gen_delayed.delay_pipe_7[1][8:0]' of 'bmsWIDEDFFRSE' unit is dangling and will be cleaned.
W: Public-4008: Instance 'genblk1.gen_pages[1].pe_inst.u_pe_page/d_man/gen_delay[0].gen_delayed.delay_pipe_7[2][8:0]' of 'bmsWIDEDFFRSE' unit is dangling and will be cleaned.
W: Public-4008: Instance 'genblk1.gen_pages[1].pe_inst.u_pe_page/d_man/gen_delay[0].gen_delayed.delay_pipe_7[3][8:0]' of 'bmsWIDEDFFRSE' unit is dangling and will be cleaned.
W: Public-4008: Instance 'genblk1.gen_pages[1].pe_inst.u_pe_page/d_man/gen_delay[0].gen_delayed.delay_pipe_7[4][8:0]' of 'bmsWIDEDFFRSE' unit is dangling and will be cleaned.
W: Public-4008: Instance 'genblk1.gen_pages[1].pe_inst.u_pe_page/d_man/gen_delay[0].gen_delayed.delay_pipe_7[5][8:0]' of 'bmsWIDEDFFRSE' unit is dangling and will be cleaned.
W: Public-4008: Instance 'genblk1.gen_pages[1].pe_inst.u_pe_page/d_man/gen_delay[0].gen_delayed.delay_pipe_7[6][8:0]' of 'bmsWIDEDFFRSE' unit is dangling and will be cleaned.
W: Public-4008: Instance 'genblk1.gen_pages[1].pe_inst.u_pe_page/d_man/gen_delay[0].gen_delayed.delay_pipe_7[7][8:0]' of 'bmsWIDEDFFRSE' unit is dangling and will be cleaned.
W: Public-4008: Instance 'genblk1.gen_pages[1].pe_inst.u_pe_page/d_man/gen_delay[0].gen_delayed.delay_pipe_8[0][8:0]' of 'bmsWIDEDFFRSE' unit is dangling and will be cleaned.
W: Public-4008: Instance 'genblk1.gen_pages[1].pe_inst.u_pe_page/d_man/gen_delay[0].gen_delayed.delay_pipe_8[1][8:0]' of 'bmsWIDEDFFRSE' unit is dangling and will be cleaned.
W: Public-4008: Instance 'genblk1.gen_pages[1].pe_inst.u_pe_page/d_man/gen_delay[0].gen_delayed.delay_pipe_8[2][8:0]' of 'bmsWIDEDFFRSE' unit is dangling and will be cleaned.
W: Public-4008: Instance 'genblk1.gen_pages[1].pe_inst.u_pe_page/d_man/gen_delay[0].gen_delayed.delay_pipe_8[3][8:0]' of 'bmsWIDEDFFRSE' unit is dangling and will be cleaned.
W: Public-4008: Instance 'genblk1.gen_pages[1].pe_inst.u_pe_page/d_man/gen_delay[0].gen_delayed.delay_pipe_8[4][8:0]' of 'bmsWIDEDFFRSE' unit is dangling and will be cleaned.
W: Public-4008: Instance 'genblk1.gen_pages[1].pe_inst.u_pe_page/d_man/gen_delay[0].gen_delayed.delay_pipe_8[5][8:0]' of 'bmsWIDEDFFRSE' unit is dangling and will be cleaned.
W: Public-4008: Instance 'genblk1.gen_pages[1].pe_inst.u_pe_page/d_man/gen_delay[0].gen_delayed.delay_pipe_8[6][8:0]' of 'bmsWIDEDFFRSE' unit is dangling and will be cleaned.
W: Public-4008: Instance 'genblk1.gen_pages[1].pe_inst.u_pe_page/d_man/gen_delay[0].gen_delayed.delay_pipe_8[7][8:0]' of 'bmsWIDEDFFRSE' unit is dangling and will be cleaned.
W: Public-4008: Instance 'genblk1.gen_pages[1].pe_inst.u_pe_page/d_man/gen_delay[0].gen_delayed.delay_pipe_8[8][8:0]' of 'bmsWIDEDFFRSE' unit is dangling and will be cleaned.
W: Public-4008: Instance 'genblk1.gen_pages[1].pe_inst.u_pe_page/pe_col_inst[0].u_pe_col/pe_inst[0].u_pe_7/W_reg[9:0]' of 'bmsWIDEDFFRSE' unit is dangling and will be cleaned.
W: Public-4008: Instance 'genblk1.gen_pages[1].pe_inst.u_pe_page/pe_col_inst[0].u_pe_col/pe_inst[0].u_pe_7/mult_result_reg[18:0]' of 'bmsWIDEDFFRSE' unit is dangling and will be cleaned.
W: Public-4008: Instance 'genblk1.gen_pages[1].pe_inst.u_pe_page/pe_col_inst[0].u_pe_col/pe_inst[0].u_pe_7/y_out[22:0]' of 'bmsWIDEDFFRSE' unit is dangling and will be cleaned.
W: Public-4008: Instance 'genblk1.gen_pages[1].pe_inst.u_pe_page/pe_col_inst[0].u_pe_col/pe_inst[0].u_pe_8/D_reg[9:0]' of 'bmsWIDEDFFRSE' unit is dangling and will be cleaned.
W: Public-4008: Instance 'genblk1.gen_pages[1].pe_inst.u_pe_page/pe_col_inst[0].u_pe_col/pe_inst[0].u_pe_8/W_reg[9:0]' of 'bmsWIDEDFFRSE' unit is dangling and will be cleaned.
W: Public-4008: Instance 'genblk1.gen_pages[1].pe_inst.u_pe_page/pe_col_inst[0].u_pe_col/pe_inst[0].u_pe_8/mult_result_reg[18:0]' of 'bmsWIDEDFFRSE' unit is dangling and will be cleaned.
W: Public-4008: Instance 'genblk1.gen_pages[1].pe_inst.u_pe_page/pe_col_inst[0].u_pe_col/pe_inst[0].u_pe_8/y_out[22:0]' of 'bmsWIDEDFFRSE' unit is dangling and will be cleaned.
W: Public-4008: Instance 'genblk1.gen_pages[1].pe_inst.u_pe_page/pe_col_inst[0].u_pe_col/pe_inst[0].u_pe/D_reg[9:0]' of 'bmsWIDEDFFRSE' unit is dangling and will be cleaned.
W: Public-4008: Instance 'genblk1.gen_pages[1].pe_inst.u_pe_page/pe_col_inst[0].u_pe_col/pe_inst[0].u_pe/W_reg[9:0]' of 'bmsWIDEDFFRSE' unit is dangling and will be cleaned.
W: Public-4008: Instance 'genblk1.gen_pages[1].pe_inst.u_pe_page/pe_col_inst[0].u_pe_col/pe_inst[0].u_pe/mult_result_reg[18:0]' of 'bmsWIDEDFFRSE' unit is dangling and will be cleaned.
W: Public-4008: Instance 'genblk1.gen_pages[1].pe_inst.u_pe_page/pe_col_inst[0].u_pe_col/pe_inst[0].u_pe/y_out[22:0]' of 'bmsWIDEDFFRSE' unit is dangling and will be cleaned.
W: Public-4008: Instance 'genblk1.gen_pages[1].pe_inst.u_pe_page/pe_col_inst[0].u_pe_col/pe_inst[0].u_pe_1/D_reg[9:0]' of 'bmsWIDEDFFRSE' unit is dangling and will be cleaned.
W: Public-4008: Instance 'genblk1.gen_pages[1].pe_inst.u_pe_page/pe_col_inst[0].u_pe_col/pe_inst[0].u_pe_1/W_reg[9:0]' of 'bmsWIDEDFFRSE' unit is dangling and will be cleaned.
W: Public-4008: Instance 'genblk1.gen_pages[1].pe_inst.u_pe_page/pe_col_inst[0].u_pe_col/pe_inst[0].u_pe_1/mult_result_reg[18:0]' of 'bmsWIDEDFFRSE' unit is dangling and will be cleaned.
W: Public-4008: Instance 'genblk1.gen_pages[1].pe_inst.u_pe_page/pe_col_inst[0].u_pe_col/pe_inst[0].u_pe_1/y_out[22:0]' of 'bmsWIDEDFFRSE' unit is dangling and will be cleaned.
W: Public-4008: Instance 'genblk1.gen_pages[1].pe_inst.u_pe_page/pe_col_inst[0].u_pe_col/pe_inst[0].u_pe_2/D_reg[9:0]' of 'bmsWIDEDFFRSE' unit is dangling and will be cleaned.
W: Public-4008: Instance 'genblk1.gen_pages[1].pe_inst.u_pe_page/pe_col_inst[0].u_pe_col/pe_inst[0].u_pe_2/W_reg[9:0]' of 'bmsWIDEDFFRSE' unit is dangling and will be cleaned.
W: Public-4008: Instance 'genblk1.gen_pages[1].pe_inst.u_pe_page/pe_col_inst[0].u_pe_col/pe_inst[0].u_pe_2/mult_result_reg[18:0]' of 'bmsWIDEDFFRSE' unit is dangling and will be cleaned.
W: Public-4008: Instance 'genblk1.gen_pages[1].pe_inst.u_pe_page/pe_col_inst[0].u_pe_col/pe_inst[0].u_pe_2/y_out[22:0]' of 'bmsWIDEDFFRSE' unit is dangling and will be cleaned.
W: Public-4008: Instance 'genblk1.gen_pages[1].pe_inst.u_pe_page/pe_col_inst[0].u_pe_col/pe_inst[0].u_pe_3/D_reg[9:0]' of 'bmsWIDEDFFRSE' unit is dangling and will be cleaned.
W: Public-4008: Instance 'genblk1.gen_pages[1].pe_inst.u_pe_page/pe_col_inst[0].u_pe_col/pe_inst[0].u_pe_3/W_reg[9:0]' of 'bmsWIDEDFFRSE' unit is dangling and will be cleaned.
W: Public-4008: Instance 'genblk1.gen_pages[1].pe_inst.u_pe_page/pe_col_inst[0].u_pe_col/pe_inst[0].u_pe_3/mult_result_reg[18:0]' of 'bmsWIDEDFFRSE' unit is dangling and will be cleaned.
W: Public-4008: Instance 'genblk1.gen_pages[1].pe_inst.u_pe_page/pe_col_inst[0].u_pe_col/pe_inst[0].u_pe_3/y_out[22:0]' of 'bmsWIDEDFFRSE' unit is dangling and will be cleaned.
W: Public-4008: Instance 'genblk1.gen_pages[1].pe_inst.u_pe_page/pe_col_inst[0].u_pe_col/pe_inst[0].u_pe_4/D_reg[9:0]' of 'bmsWIDEDFFRSE' unit is dangling and will be cleaned.
W: Public-4008: Instance 'genblk1.gen_pages[1].pe_inst.u_pe_page/pe_col_inst[0].u_pe_col/pe_inst[0].u_pe_4/W_reg[9:0]' of 'bmsWIDEDFFRSE' unit is dangling and will be cleaned.
W: Public-4008: Instance 'genblk1.gen_pages[1].pe_inst.u_pe_page/pe_col_inst[0].u_pe_col/pe_inst[0].u_pe_4/mult_result_reg[18:0]' of 'bmsWIDEDFFRSE' unit is dangling and will be cleaned.
W: Public-4008: Instance 'genblk1.gen_pages[1].pe_inst.u_pe_page/pe_col_inst[0].u_pe_col/pe_inst[0].u_pe_4/y_out[22:0]' of 'bmsWIDEDFFRSE' unit is dangling and will be cleaned.
W: Public-4008: Instance 'genblk1.gen_pages[1].pe_inst.u_pe_page/pe_col_inst[0].u_pe_col/pe_inst[0].u_pe_5/D_reg[9:0]' of 'bmsWIDEDFFRSE' unit is dangling and will be cleaned.
W: Public-4008: Instance 'genblk1.gen_pages[1].pe_inst.u_pe_page/pe_col_inst[0].u_pe_col/pe_inst[0].u_pe_5/W_reg[9:0]' of 'bmsWIDEDFFRSE' unit is dangling and will be cleaned.
W: Public-4008: Instance 'genblk1.gen_pages[1].pe_inst.u_pe_page/pe_col_inst[0].u_pe_col/pe_inst[0].u_pe_5/mult_result_reg[18:0]' of 'bmsWIDEDFFRSE' unit is dangling and will be cleaned.
W: Public-4008: Instance 'genblk1.gen_pages[1].pe_inst.u_pe_page/pe_col_inst[0].u_pe_col/pe_inst[0].u_pe_5/y_out[22:0]' of 'bmsWIDEDFFRSE' unit is dangling and will be cleaned.
W: Adm-4019: Unable to further flatten instance 'u_layer26'. The design is empty.
W: Public-4008: Instance 'genblk1.gen_pages[1].pe_inst.u_pe_page/pe_col_inst[0].u_pe_col/pe_inst[0].u_pe_6/D_reg[9:0]' of 'bmsWIDEDFFRSE' unit is dangling and will be cleaned.
W: Public-4008: Instance 'genblk1.gen_pages[0].pe_inst.u_pe_page/D_delay[161:81]' of 'bmsWIDEDFFRSE' unit is dangling and will be cleaned.
W: Public-4008: Instance 'genblk1.gen_pages[1].pe_inst.u_pe_page/pe_col_inst[0].u_pe_col/pe_inst[0].u_pe_6/W_reg[9:0]' of 'bmsWIDEDFFRSE' unit is dangling and will be cleaned.
W: Public-4008: Instance 'genblk1.gen_pages[1].pe_inst.u_pe_page/pe_col_inst[0].u_pe_col/pe_inst[0].u_pe_6/mult_result_reg[18:0]' of 'bmsWIDEDFFRSE' unit is dangling and will be cleaned.
W: Public-4008: Instance 'genblk1.gen_pages[1].pe_inst.u_pe_page/pe_col_inst[0].u_pe_col/pe_inst[0].u_pe_6/y_out[22:0]' of 'bmsWIDEDFFRSE' unit is dangling and will be cleaned.
W: Public-4008: Instance 'genblk1.gen_pages[1].pe_inst.u_pe_page/pe_col_inst[0].u_pe_col/pe_inst[0].u_pe_7/D_reg[9:0]' of 'bmsWIDEDFFRSE' unit is dangling and will be cleaned.
W: Public-4008: Instance 'genblk1.gen_pages[1].pe_inst.u_pe_page/D_delay[161:81]' of 'bmsWIDEDFFRSE' unit is dangling and will be cleaned.
W: Public-4008: Instance 'genblk1.gen_pages[1].pe_inst.u_pe_page/pe_col_inst[1].u_pe_col/pe_inst[0].u_pe_7/W_reg[9:0]' of 'bmsWIDEDFFRSE' unit is dangling and will be cleaned.
W: Public-4008: Instance 'genblk1.gen_pages[1].pe_inst.u_pe_page/pe_col_inst[1].u_pe_col/pe_inst[0].u_pe_7/mult_result_reg[18:0]' of 'bmsWIDEDFFRSE' unit is dangling and will be cleaned.
W: Public-4008: Instance 'genblk1.gen_pages[1].pe_inst.u_pe_page/pe_col_inst[1].u_pe_col/pe_inst[0].u_pe_7/y_out[22:0]' of 'bmsWIDEDFFRSE' unit is dangling and will be cleaned.
W: Public-4008: Instance 'genblk1.gen_pages[1].pe_inst.u_pe_page/pe_col_inst[1].u_pe_col/pe_inst[0].u_pe_8/D_reg[9:0]' of 'bmsWIDEDFFRSE' unit is dangling and will be cleaned.
W: Public-4008: Instance 'genblk1.gen_pages[1].pe_inst.u_pe_page/pe_col_inst[1].u_pe_col/pe_inst[0].u_pe_8/W_reg[9:0]' of 'bmsWIDEDFFRSE' unit is dangling and will be cleaned.
W: Public-4008: Instance 'genblk1.gen_pages[1].pe_inst.u_pe_page/pe_col_inst[1].u_pe_col/pe_inst[0].u_pe_8/mult_result_reg[18:0]' of 'bmsWIDEDFFRSE' unit is dangling and will be cleaned.
W: Public-4008: Instance 'genblk1.gen_pages[1].pe_inst.u_pe_page/pe_col_inst[1].u_pe_col/pe_inst[0].u_pe_8/y_out[22:0]' of 'bmsWIDEDFFRSE' unit is dangling and will be cleaned.
W: Public-4008: Instance 'genblk1.gen_pages[1].pe_inst.u_pe_page/pe_col_inst[1].u_pe_col/pe_inst[0].u_pe/D_reg[9:0]' of 'bmsWIDEDFFRSE' unit is dangling and will be cleaned.
W: Public-4008: Instance 'genblk1.gen_pages[1].pe_inst.u_pe_page/pe_col_inst[1].u_pe_col/pe_inst[0].u_pe/W_reg[9:0]' of 'bmsWIDEDFFRSE' unit is dangling and will be cleaned.
W: Public-4008: Instance 'genblk1.gen_pages[1].pe_inst.u_pe_page/pe_col_inst[1].u_pe_col/pe_inst[0].u_pe/mult_result_reg[18:0]' of 'bmsWIDEDFFRSE' unit is dangling and will be cleaned.
W: Public-4008: Instance 'genblk1.gen_pages[1].pe_inst.u_pe_page/pe_col_inst[1].u_pe_col/pe_inst[0].u_pe/y_out[22:0]' of 'bmsWIDEDFFRSE' unit is dangling and will be cleaned.
W: Public-4008: Instance 'genblk1.gen_pages[1].pe_inst.u_pe_page/pe_col_inst[1].u_pe_col/pe_inst[0].u_pe_1/D_reg[9:0]' of 'bmsWIDEDFFRSE' unit is dangling and will be cleaned.
W: Public-4008: Instance 'genblk1.gen_pages[1].pe_inst.u_pe_page/pe_col_inst[1].u_pe_col/pe_inst[0].u_pe_1/W_reg[9:0]' of 'bmsWIDEDFFRSE' unit is dangling and will be cleaned.
W: Public-4008: Instance 'genblk1.gen_pages[1].pe_inst.u_pe_page/pe_col_inst[1].u_pe_col/pe_inst[0].u_pe_1/mult_result_reg[18:0]' of 'bmsWIDEDFFRSE' unit is dangling and will be cleaned.
W: Public-4008: Instance 'genblk1.gen_pages[1].pe_inst.u_pe_page/pe_col_inst[1].u_pe_col/pe_inst[0].u_pe_1/y_out[22:0]' of 'bmsWIDEDFFRSE' unit is dangling and will be cleaned.
W: Public-4008: Instance 'genblk1.gen_pages[1].pe_inst.u_pe_page/pe_col_inst[1].u_pe_col/pe_inst[0].u_pe_2/D_reg[9:0]' of 'bmsWIDEDFFRSE' unit is dangling and will be cleaned.
W: Public-4008: Instance 'genblk1.gen_pages[1].pe_inst.u_pe_page/pe_col_inst[1].u_pe_col/pe_inst[0].u_pe_2/W_reg[9:0]' of 'bmsWIDEDFFRSE' unit is dangling and will be cleaned.
W: Public-4008: Instance 'genblk1.gen_pages[1].pe_inst.u_pe_page/pe_col_inst[1].u_pe_col/pe_inst[0].u_pe_2/mult_result_reg[18:0]' of 'bmsWIDEDFFRSE' unit is dangling and will be cleaned.
W: Public-4008: Instance 'genblk1.gen_pages[1].pe_inst.u_pe_page/pe_col_inst[1].u_pe_col/pe_inst[0].u_pe_2/y_out[22:0]' of 'bmsWIDEDFFRSE' unit is dangling and will be cleaned.
W: Public-4008: Instance 'genblk1.gen_pages[1].pe_inst.u_pe_page/pe_col_inst[1].u_pe_col/pe_inst[0].u_pe_3/D_reg[9:0]' of 'bmsWIDEDFFRSE' unit is dangling and will be cleaned.
W: Public-4008: Instance 'genblk1.gen_pages[1].pe_inst.u_pe_page/pe_col_inst[1].u_pe_col/pe_inst[0].u_pe_3/W_reg[9:0]' of 'bmsWIDEDFFRSE' unit is dangling and will be cleaned.
W: Public-4008: Instance 'genblk1.gen_pages[1].pe_inst.u_pe_page/pe_col_inst[1].u_pe_col/pe_inst[0].u_pe_3/mult_result_reg[18:0]' of 'bmsWIDEDFFRSE' unit is dangling and will be cleaned.
W: Public-4008: Instance 'genblk1.gen_pages[1].pe_inst.u_pe_page/pe_col_inst[1].u_pe_col/pe_inst[0].u_pe_3/y_out[22:0]' of 'bmsWIDEDFFRSE' unit is dangling and will be cleaned.
W: Public-4008: Instance 'genblk1.gen_pages[1].pe_inst.u_pe_page/pe_col_inst[1].u_pe_col/pe_inst[0].u_pe_4/D_reg[9:0]' of 'bmsWIDEDFFRSE' unit is dangling and will be cleaned.
W: Public-4008: Instance 'genblk1.gen_pages[1].pe_inst.u_pe_page/pe_col_inst[1].u_pe_col/pe_inst[0].u_pe_4/W_reg[9:0]' of 'bmsWIDEDFFRSE' unit is dangling and will be cleaned.
W: Public-4008: Instance 'genblk1.gen_pages[1].pe_inst.u_pe_page/pe_col_inst[1].u_pe_col/pe_inst[0].u_pe_4/mult_result_reg[18:0]' of 'bmsWIDEDFFRSE' unit is dangling and will be cleaned.
W: Public-4008: Instance 'genblk1.gen_pages[1].pe_inst.u_pe_page/pe_col_inst[1].u_pe_col/pe_inst[0].u_pe_4/y_out[22:0]' of 'bmsWIDEDFFRSE' unit is dangling and will be cleaned.
W: Public-4008: Instance 'genblk1.gen_pages[1].pe_inst.u_pe_page/pe_col_inst[1].u_pe_col/pe_inst[0].u_pe_5/D_reg[9:0]' of 'bmsWIDEDFFRSE' unit is dangling and will be cleaned.
W: Public-4008: Instance 'genblk1.gen_pages[1].pe_inst.u_pe_page/pe_col_inst[1].u_pe_col/pe_inst[0].u_pe_5/W_reg[9:0]' of 'bmsWIDEDFFRSE' unit is dangling and will be cleaned.
W: Public-4008: Instance 'genblk1.gen_pages[1].pe_inst.u_pe_page/pe_col_inst[1].u_pe_col/pe_inst[0].u_pe_5/mult_result_reg[18:0]' of 'bmsWIDEDFFRSE' unit is dangling and will be cleaned.
W: Public-4008: Instance 'genblk1.gen_pages[1].pe_inst.u_pe_page/pe_col_inst[1].u_pe_col/pe_inst[0].u_pe_5/y_out[22:0]' of 'bmsWIDEDFFRSE' unit is dangling and will be cleaned.
W: Public-4008: Instance 'genblk1.gen_pages[1].pe_inst.u_pe_page/pe_col_inst[1].u_pe_col/pe_inst[0].u_pe_6/D_reg[9:0]' of 'bmsWIDEDFFRSE' unit is dangling and will be cleaned.
W: Public-4008: Instance 'genblk1.gen_pages[1].pe_inst.u_pe_page/pe_col_inst[1].u_pe_col/pe_inst[0].u_pe_6/W_reg[9:0]' of 'bmsWIDEDFFRSE' unit is dangling and will be cleaned.
W: Public-4008: Instance 'genblk1.gen_pages[1].pe_inst.u_pe_page/pe_col_inst[1].u_pe_col/pe_inst[0].u_pe_6/mult_result_reg[18:0]' of 'bmsWIDEDFFRSE' unit is dangling and will be cleaned.
W: Public-4008: Instance 'genblk1.gen_pages[1].pe_inst.u_pe_page/pe_col_inst[1].u_pe_col/pe_inst[0].u_pe_6/y_out[22:0]' of 'bmsWIDEDFFRSE' unit is dangling and will be cleaned.
W: Public-4008: Instance 'genblk1.gen_pages[1].pe_inst.u_pe_page/pe_col_inst[1].u_pe_col/pe_inst[0].u_pe_7/D_reg[9:0]' of 'bmsWIDEDFFRSE' unit is dangling and will be cleaned.
W: Public-4008: Instance 'genblk1.gen_pages[1].pe_inst.u_pe_page/u_w_manager/time_idx[8:0]' of 'bmsWIDEDFFRSE' unit is dangling and will be cleaned.
W: Public-4008: Instance 'u_input_layer/pp_wr_cnt[9:0]' of 'bmsWIDEDFFCPE' unit is dangling and will be cleaned.
W: Public-4008: Instance 'u_input_layer/we_line_ram[0]' of 'bmsWIDEDFFRSE' unit is dangling and will be cleaned.
W: Public-4008: Instance 'u_input_layer/data_out[8:0]' of 'bmsWIDEDFFRSE' unit is dangling and will be cleaned.
W: Public-4008: Instance 'u_input_layer/data_out[17:9]' of 'bmsWIDEDFFRSE' unit is dangling and will be cleaned.
W: Public-4008: Instance 'u_input_layer/data_out[26:18]' of 'bmsWIDEDFFRSE' unit is dangling and will be cleaned.
W: Public-4008: Instance 'u_input_layer/data_out[35:27]' of 'bmsWIDEDFFRSE' unit is dangling and will be cleaned.
W: Public-4008: Instance 'u_input_layer/data_out[44:36]' of 'bmsWIDEDFFRSE' unit is dangling and will be cleaned.
W: Public-4008: Instance 'u_input_layer/data_out[53:45]' of 'bmsWIDEDFFRSE' unit is dangling and will be cleaned.
W: Public-4008: Instance 'u_input_layer/data_out[62:54]' of 'bmsWIDEDFFRSE' unit is dangling and will be cleaned.
W: Public-4008: Instance 'u_input_layer/data_out[71:63]' of 'bmsWIDEDFFRSE' unit is dangling and will be cleaned.
W: Public-4008: Instance 'u_input_layer/data_out[80:72]' of 'bmsWIDEDFFRSE' unit is dangling and will be cleaned.
W: Public-4008: Instance 'u_input_layer/data_out[89:81]' of 'bmsWIDEDFFRSE' unit is dangling and will be cleaned.
W: Public-4008: Instance 'u_input_layer/data_out[98:90]' of 'bmsWIDEDFFRSE' unit is dangling and will be cleaned.
W: Public-4008: Instance 'u_input_layer/data_out[107:99]' of 'bmsWIDEDFFRSE' unit is dangling and will be cleaned.
W: Public-4008: Instance 'u_input_layer/data_out[116:108]' of 'bmsWIDEDFFRSE' unit is dangling and will be cleaned.
W: Public-4008: Instance 'u_input_layer/data_out[125:117]' of 'bmsWIDEDFFRSE' unit is dangling and will be cleaned.
W: Public-4008: Instance 'u_input_layer/data_out[134:126]' of 'bmsWIDEDFFRSE' unit is dangling and will be cleaned.
W: Public-4008: Instance 'u_input_layer/data_out[143:135]' of 'bmsWIDEDFFRSE' unit is dangling and will be cleaned.
W: Public-4008: Instance 'u_input_layer/data_out[152:144]' of 'bmsWIDEDFFRSE' unit is dangling and will be cleaned.
W: Public-4008: Instance 'u_input_layer/data_out[161:153]' of 'bmsWIDEDFFRSE' unit is dangling and will be cleaned.
W: Public-4008: Instance 'u_input_layer/data_out_valid' of 'bmsWIDEDFFCPE' unit is dangling and will be cleaned.
W: Public-4008: Instance 'u_input_layer/genblk3.pixel_pp_rd_active_shift_reg[511:0]' of 'bmsWIDEDFFCPE' unit is dangling and will be cleaned.
W: Public-4008: Instance 'u_input_layer/genblk3.stream_valid' of 'bmsWIDEDFFCPE' unit is dangling and will be cleaned.
W: Public-4008: Instance 'u_input_layer/index_in[4:0]' of 'bmsWIDEDFFCPE' unit is dangling and will be cleaned.
W: Public-4008: Instance 'u_input_layer/index_x[5:0]' of 'bmsWIDEDFFCPE' unit is dangling and will be cleaned.
W: Public-4008: Instance 'u_input_layer/index_y[3:0]' of 'bmsWIDEDFFCPE' unit is dangling and will be cleaned.
W: Public-4008: Instance 'u_input_layer/invalid_rows[0]' of 'bmsWIDEDFFCPE' unit is dangling and will be cleaned.
W: Public-4008: Instance 'u_input_layer/lb_raddr[9:0]' of 'bmsWIDEDFFCPE' unit is dangling and will be cleaned.
W: Public-4008: Instance 'u_input_layer/lb_waddr[9:0]' of 'bmsWIDEDFFCPE' unit is dangling and will be cleaned.
W: Public-4008: Instance 'u_input_layer/line_buf_full' of 'bmsWIDEDFFCPE' unit is dangling and will be cleaned.
W: Public-4008: Instance 'u_input_layer/line_out_valid' of 'bmsWIDEDFFCPE' unit is dangling and will be cleaned.
W: Public-4008: Instance 'u_input_layer/new_line_out_1' of 'bmsWIDEDFFCPE' unit is dangling and will be cleaned.
W: Public-4008: Instance 'u_input_layer/pending_rows[1:0]' of 'bmsWIDEDFFCPE' unit is dangling and will be cleaned.
W: Public-4008: Instance 'u_input_layer/pixel_lb_raddr[3:0]' of 'bmsWIDEDFFCPE' unit is dangling and will be cleaned.
W: Public-4008: Instance 'u_input_layer/pixel_lb_waddr[3:0]' of 'bmsWIDEDFFCPE' unit is dangling and will be cleaned.
W: Public-4008: Instance 'u_input_layer/pixel_pp_rd_active' of 'bmsWIDEDFFCPE' unit is dangling and will be cleaned.
W: Public-4008: Instance 'u_input_layer/pixel_pp_rd_cnt[3:0]' of 'bmsWIDEDFFCPE' unit is dangling and will be cleaned.
W: Public-4008: Instance 'u_input_layer/pixel_pp_wr_cnt[3:0]' of 'bmsWIDEDFFCPE' unit is dangling and will be cleaned.
W: Public-4008: Instance 'u_input_layer/pp_rd_cnt_cycle[4:0]' of 'bmsWIDEDFFPATCE' unit is dangling and will be cleaned.
W: Public-4008: Instance 'u_input_layer/pixel_valid' of 'bmsWIDEDFFRSE' unit is dangling and will be cleaned.
W: Public-4008: Instance 'u_input_layer/pp_rd_cnt[9:0]' of 'bmsWIDEDFFCPE' unit is dangling and will be cleaned.
W: Public-4008: Instance 'genblk1.gen_pages[0].pe_inst.u_pe_page/d_man/D[8:0]' of 'bmsWIDEDFFRSE' unit is dangling and will be cleaned.
W: Public-4008: Instance 'genblk1.gen_pages[0].pe_inst.u_pe_page/d_man/gen_delay[0].gen_delayed.delay_pipe_1[0][8:0]' of 'bmsWIDEDFFRSE' unit is dangling and will be cleaned.
W: Public-4008: Instance 'genblk1.gen_pages[0].pe_inst.u_pe_page/d_man/gen_delay[0].gen_delayed.delay_pipe_1[1][8:0]' of 'bmsWIDEDFFRSE' unit is dangling and will be cleaned.
W: Public-4008: Instance 'genblk1.gen_pages[0].pe_inst.u_pe_page/d_man/gen_delay[0].gen_delayed.delay_pipe_2[0][8:0]' of 'bmsWIDEDFFRSE' unit is dangling and will be cleaned.
W: Public-4008: Instance 'genblk1.gen_pages[0].pe_inst.u_pe_page/d_man/gen_delay[0].gen_delayed.delay_pipe_2[1][8:0]' of 'bmsWIDEDFFRSE' unit is dangling and will be cleaned.
W: Public-4008: Instance 'genblk1.gen_pages[0].pe_inst.u_pe_page/d_man/gen_delay[0].gen_delayed.delay_pipe_2[2][8:0]' of 'bmsWIDEDFFRSE' unit is dangling and will be cleaned.
W: Public-4008: Instance 'genblk1.gen_pages[0].pe_inst.u_pe_page/d_man/gen_delay[0].gen_delayed.delay_pipe_3[0][8:0]' of 'bmsWIDEDFFRSE' unit is dangling and will be cleaned.
W: Public-4008: Instance 'genblk1.gen_pages[0].pe_inst.u_pe_page/d_man/gen_delay[0].gen_delayed.delay_pipe_3[1][8:0]' of 'bmsWIDEDFFRSE' unit is dangling and will be cleaned.
W: Public-4008: Instance 'genblk1.gen_pages[0].pe_inst.u_pe_page/d_man/gen_delay[0].gen_delayed.delay_pipe_3[2][8:0]' of 'bmsWIDEDFFRSE' unit is dangling and will be cleaned.
W: Public-4008: Instance 'genblk1.gen_pages[0].pe_inst.u_pe_page/d_man/gen_delay[0].gen_delayed.delay_pipe_3[3][8:0]' of 'bmsWIDEDFFRSE' unit is dangling and will be cleaned.
W: Public-4008: Instance 'genblk1.gen_pages[0].pe_inst.u_pe_page/d_man/gen_delay[0].gen_delayed.delay_pipe_4[0][8:0]' of 'bmsWIDEDFFRSE' unit is dangling and will be cleaned.
W: Public-4008: Instance 'genblk1.gen_pages[0].pe_inst.u_pe_page/d_man/gen_delay[0].gen_delayed.delay_pipe_4[1][8:0]' of 'bmsWIDEDFFRSE' unit is dangling and will be cleaned.
W: Public-4008: Instance 'genblk1.gen_pages[0].pe_inst.u_pe_page/d_man/gen_delay[0].gen_delayed.delay_pipe_4[2][8:0]' of 'bmsWIDEDFFRSE' unit is dangling and will be cleaned.
W: Public-4008: Instance 'genblk1.gen_pages[0].pe_inst.u_pe_page/d_man/gen_delay[0].gen_delayed.delay_pipe_4[3][8:0]' of 'bmsWIDEDFFRSE' unit is dangling and will be cleaned.
W: Public-4008: Instance 'genblk1.gen_pages[0].pe_inst.u_pe_page/d_man/gen_delay[0].gen_delayed.delay_pipe_4[4][8:0]' of 'bmsWIDEDFFRSE' unit is dangling and will be cleaned.
W: Public-4008: Instance 'genblk1.gen_pages[0].pe_inst.u_pe_page/d_man/gen_delay[0].gen_delayed.delay_pipe_5[0][8:0]' of 'bmsWIDEDFFRSE' unit is dangling and will be cleaned.
W: Public-4008: Instance 'genblk1.gen_pages[0].pe_inst.u_pe_page/d_man/gen_delay[0].gen_delayed.delay_pipe_5[1][8:0]' of 'bmsWIDEDFFRSE' unit is dangling and will be cleaned.
W: Public-4008: Instance 'genblk1.gen_pages[0].pe_inst.u_pe_page/d_man/gen_delay[0].gen_delayed.delay_pipe_5[2][8:0]' of 'bmsWIDEDFFRSE' unit is dangling and will be cleaned.
W: Public-4008: Instance 'genblk1.gen_pages[0].pe_inst.u_pe_page/d_man/gen_delay[0].gen_delayed.delay_pipe_5[3][8:0]' of 'bmsWIDEDFFRSE' unit is dangling and will be cleaned.
W: Public-4008: Instance 'genblk1.gen_pages[0].pe_inst.u_pe_page/d_man/gen_delay[0].gen_delayed.delay_pipe_5[4][8:0]' of 'bmsWIDEDFFRSE' unit is dangling and will be cleaned.
W: Public-4008: Instance 'genblk1.gen_pages[0].pe_inst.u_pe_page/d_man/gen_delay[0].gen_delayed.delay_pipe_5[5][8:0]' of 'bmsWIDEDFFRSE' unit is dangling and will be cleaned.
W: Public-4008: Instance 'genblk1.gen_pages[0].pe_inst.u_pe_page/d_man/gen_delay[0].gen_delayed.delay_pipe_6[0][8:0]' of 'bmsWIDEDFFRSE' unit is dangling and will be cleaned.
W: Public-4008: Instance 'genblk1.gen_pages[0].pe_inst.u_pe_page/d_man/gen_delay[0].gen_delayed.delay_pipe_6[1][8:0]' of 'bmsWIDEDFFRSE' unit is dangling and will be cleaned.
W: Public-4008: Instance 'genblk1.gen_pages[0].pe_inst.u_pe_page/d_man/gen_delay[0].gen_delayed.delay_pipe_6[2][8:0]' of 'bmsWIDEDFFRSE' unit is dangling and will be cleaned.
W: Public-4008: Instance 'genblk1.gen_pages[0].pe_inst.u_pe_page/d_man/gen_delay[0].gen_delayed.delay_pipe_6[3][8:0]' of 'bmsWIDEDFFRSE' unit is dangling and will be cleaned.
W: Public-4008: Instance 'genblk1.gen_pages[0].pe_inst.u_pe_page/d_man/gen_delay[0].gen_delayed.delay_pipe_6[4][8:0]' of 'bmsWIDEDFFRSE' unit is dangling and will be cleaned.
W: Public-4008: Instance 'genblk1.gen_pages[0].pe_inst.u_pe_page/d_man/gen_delay[0].gen_delayed.delay_pipe_6[5][8:0]' of 'bmsWIDEDFFRSE' unit is dangling and will be cleaned.
W: Public-4008: Instance 'genblk1.gen_pages[0].pe_inst.u_pe_page/d_man/gen_delay[0].gen_delayed.delay_pipe_6[6][8:0]' of 'bmsWIDEDFFRSE' unit is dangling and will be cleaned.
W: Public-4008: Instance 'genblk1.gen_pages[0].pe_inst.u_pe_page/d_man/gen_delay[0].gen_delayed.delay_pipe_7[0][8:0]' of 'bmsWIDEDFFRSE' unit is dangling and will be cleaned.
W: Public-4008: Instance 'genblk1.gen_pages[0].pe_inst.u_pe_page/d_man/gen_delay[0].gen_delayed.delay_pipe_7[1][8:0]' of 'bmsWIDEDFFRSE' unit is dangling and will be cleaned.
W: Public-4008: Instance 'genblk1.gen_pages[0].pe_inst.u_pe_page/d_man/gen_delay[0].gen_delayed.delay_pipe_7[2][8:0]' of 'bmsWIDEDFFRSE' unit is dangling and will be cleaned.
W: Public-4008: Instance 'genblk1.gen_pages[0].pe_inst.u_pe_page/d_man/gen_delay[0].gen_delayed.delay_pipe_7[3][8:0]' of 'bmsWIDEDFFRSE' unit is dangling and will be cleaned.
W: Public-4008: Instance 'genblk1.gen_pages[0].pe_inst.u_pe_page/d_man/gen_delay[0].gen_delayed.delay_pipe_7[4][8:0]' of 'bmsWIDEDFFRSE' unit is dangling and will be cleaned.
W: Public-4008: Instance 'genblk1.gen_pages[0].pe_inst.u_pe_page/d_man/gen_delay[0].gen_delayed.delay_pipe_7[5][8:0]' of 'bmsWIDEDFFRSE' unit is dangling and will be cleaned.
W: Public-4008: Instance 'genblk1.gen_pages[0].pe_inst.u_pe_page/d_man/gen_delay[0].gen_delayed.delay_pipe_7[6][8:0]' of 'bmsWIDEDFFRSE' unit is dangling and will be cleaned.
W: Public-4008: Instance 'genblk1.gen_pages[0].pe_inst.u_pe_page/d_man/gen_delay[0].gen_delayed.delay_pipe_7[7][8:0]' of 'bmsWIDEDFFRSE' unit is dangling and will be cleaned.
W: Public-4008: Instance 'genblk1.gen_pages[0].pe_inst.u_pe_page/d_man/gen_delay[0].gen_delayed.delay_pipe_8[0][8:0]' of 'bmsWIDEDFFRSE' unit is dangling and will be cleaned.
W: Public-4008: Instance 'genblk1.gen_pages[0].pe_inst.u_pe_page/d_man/gen_delay[0].gen_delayed.delay_pipe_8[1][8:0]' of 'bmsWIDEDFFRSE' unit is dangling and will be cleaned.
W: Public-4008: Instance 'genblk1.gen_pages[0].pe_inst.u_pe_page/d_man/gen_delay[0].gen_delayed.delay_pipe_8[2][8:0]' of 'bmsWIDEDFFRSE' unit is dangling and will be cleaned.
W: Public-4008: Instance 'genblk1.gen_pages[0].pe_inst.u_pe_page/d_man/gen_delay[0].gen_delayed.delay_pipe_8[3][8:0]' of 'bmsWIDEDFFRSE' unit is dangling and will be cleaned.
W: Public-4008: Instance 'genblk1.gen_pages[0].pe_inst.u_pe_page/d_man/gen_delay[0].gen_delayed.delay_pipe_8[4][8:0]' of 'bmsWIDEDFFRSE' unit is dangling and will be cleaned.
W: Public-4008: Instance 'genblk1.gen_pages[0].pe_inst.u_pe_page/d_man/gen_delay[0].gen_delayed.delay_pipe_8[5][8:0]' of 'bmsWIDEDFFRSE' unit is dangling and will be cleaned.
W: Public-4008: Instance 'genblk1.gen_pages[0].pe_inst.u_pe_page/d_man/gen_delay[0].gen_delayed.delay_pipe_8[6][8:0]' of 'bmsWIDEDFFRSE' unit is dangling and will be cleaned.
W: Public-4008: Instance 'genblk1.gen_pages[0].pe_inst.u_pe_page/d_man/gen_delay[0].gen_delayed.delay_pipe_8[7][8:0]' of 'bmsWIDEDFFRSE' unit is dangling and will be cleaned.
W: Public-4008: Instance 'genblk1.gen_pages[0].pe_inst.u_pe_page/d_man/gen_delay[0].gen_delayed.delay_pipe_8[8][8:0]' of 'bmsWIDEDFFRSE' unit is dangling and will be cleaned.
W: Public-4008: Instance 'genblk1.gen_pages[0].pe_inst.u_pe_page/pe_col_inst[0].u_pe_col/pe_inst[0].u_pe_7/W_reg[9:0]' of 'bmsWIDEDFFRSE' unit is dangling and will be cleaned.
W: Public-4008: Instance 'genblk1.gen_pages[0].pe_inst.u_pe_page/pe_col_inst[0].u_pe_col/pe_inst[0].u_pe_7/mult_result_reg[18:0]' of 'bmsWIDEDFFRSE' unit is dangling and will be cleaned.
W: Public-4008: Instance 'genblk1.gen_pages[0].pe_inst.u_pe_page/pe_col_inst[0].u_pe_col/pe_inst[0].u_pe_7/y_out[22:0]' of 'bmsWIDEDFFRSE' unit is dangling and will be cleaned.
W: Public-4008: Instance 'genblk1.gen_pages[0].pe_inst.u_pe_page/pe_col_inst[0].u_pe_col/pe_inst[0].u_pe_8/D_reg[9:0]' of 'bmsWIDEDFFRSE' unit is dangling and will be cleaned.
W: Public-4008: Instance 'genblk1.gen_pages[0].pe_inst.u_pe_page/pe_col_inst[0].u_pe_col/pe_inst[0].u_pe_8/W_reg[9:0]' of 'bmsWIDEDFFRSE' unit is dangling and will be cleaned.
W: Public-4008: Instance 'genblk1.gen_pages[0].pe_inst.u_pe_page/pe_col_inst[0].u_pe_col/pe_inst[0].u_pe_8/mult_result_reg[18:0]' of 'bmsWIDEDFFRSE' unit is dangling and will be cleaned.
W: Public-4008: Instance 'genblk1.gen_pages[0].pe_inst.u_pe_page/pe_col_inst[0].u_pe_col/pe_inst[0].u_pe_8/y_out[22:0]' of 'bmsWIDEDFFRSE' unit is dangling and will be cleaned.
W: Public-4008: Instance 'genblk1.gen_pages[0].pe_inst.u_pe_page/pe_col_inst[0].u_pe_col/pe_inst[0].u_pe/D_reg[9:0]' of 'bmsWIDEDFFRSE' unit is dangling and will be cleaned.
W: Public-4008: Instance 'genblk1.gen_pages[0].pe_inst.u_pe_page/pe_col_inst[0].u_pe_col/pe_inst[0].u_pe/W_reg[9:0]' of 'bmsWIDEDFFRSE' unit is dangling and will be cleaned.
W: Public-4008: Instance 'genblk1.gen_pages[0].pe_inst.u_pe_page/pe_col_inst[0].u_pe_col/pe_inst[0].u_pe/mult_result_reg[18:0]' of 'bmsWIDEDFFRSE' unit is dangling and will be cleaned.
W: Public-4008: Instance 'genblk1.gen_pages[0].pe_inst.u_pe_page/pe_col_inst[0].u_pe_col/pe_inst[0].u_pe/y_out[22:0]' of 'bmsWIDEDFFRSE' unit is dangling and will be cleaned.
W: Public-4008: Instance 'genblk1.gen_pages[0].pe_inst.u_pe_page/pe_col_inst[0].u_pe_col/pe_inst[0].u_pe_1/D_reg[9:0]' of 'bmsWIDEDFFRSE' unit is dangling and will be cleaned.
W: Public-4008: Instance 'genblk1.gen_pages[0].pe_inst.u_pe_page/pe_col_inst[0].u_pe_col/pe_inst[0].u_pe_1/W_reg[9:0]' of 'bmsWIDEDFFRSE' unit is dangling and will be cleaned.
W: Public-4008: Instance 'genblk1.gen_pages[0].pe_inst.u_pe_page/pe_col_inst[0].u_pe_col/pe_inst[0].u_pe_1/mult_result_reg[18:0]' of 'bmsWIDEDFFRSE' unit is dangling and will be cleaned.
W: Public-4008: Instance 'genblk1.gen_pages[0].pe_inst.u_pe_page/pe_col_inst[0].u_pe_col/pe_inst[0].u_pe_1/y_out[22:0]' of 'bmsWIDEDFFRSE' unit is dangling and will be cleaned.
W: Public-4008: Instance 'genblk1.gen_pages[0].pe_inst.u_pe_page/pe_col_inst[0].u_pe_col/pe_inst[0].u_pe_2/D_reg[9:0]' of 'bmsWIDEDFFRSE' unit is dangling and will be cleaned.
W: Public-4008: Instance 'genblk1.gen_pages[0].pe_inst.u_pe_page/pe_col_inst[0].u_pe_col/pe_inst[0].u_pe_2/W_reg[9:0]' of 'bmsWIDEDFFRSE' unit is dangling and will be cleaned.
W: Public-4008: Instance 'genblk1.gen_pages[0].pe_inst.u_pe_page/pe_col_inst[0].u_pe_col/pe_inst[0].u_pe_2/mult_result_reg[18:0]' of 'bmsWIDEDFFRSE' unit is dangling and will be cleaned.
W: Public-4008: Instance 'genblk1.gen_pages[0].pe_inst.u_pe_page/pe_col_inst[0].u_pe_col/pe_inst[0].u_pe_2/y_out[22:0]' of 'bmsWIDEDFFRSE' unit is dangling and will be cleaned.
W: Public-4008: Instance 'genblk1.gen_pages[0].pe_inst.u_pe_page/pe_col_inst[0].u_pe_col/pe_inst[0].u_pe_3/D_reg[9:0]' of 'bmsWIDEDFFRSE' unit is dangling and will be cleaned.
W: Public-4008: Instance 'genblk1.gen_pages[0].pe_inst.u_pe_page/pe_col_inst[0].u_pe_col/pe_inst[0].u_pe_3/W_reg[9:0]' of 'bmsWIDEDFFRSE' unit is dangling and will be cleaned.
W: Public-4008: Instance 'genblk1.gen_pages[0].pe_inst.u_pe_page/pe_col_inst[0].u_pe_col/pe_inst[0].u_pe_3/mult_result_reg[18:0]' of 'bmsWIDEDFFRSE' unit is dangling and will be cleaned.
W: Public-4008: Instance 'genblk1.gen_pages[0].pe_inst.u_pe_page/pe_col_inst[0].u_pe_col/pe_inst[0].u_pe_3/y_out[22:0]' of 'bmsWIDEDFFRSE' unit is dangling and will be cleaned.
W: Public-4008: Instance 'genblk1.gen_pages[0].pe_inst.u_pe_page/pe_col_inst[0].u_pe_col/pe_inst[0].u_pe_4/D_reg[9:0]' of 'bmsWIDEDFFRSE' unit is dangling and will be cleaned.
W: Public-4008: Instance 'genblk1.gen_pages[0].pe_inst.u_pe_page/pe_col_inst[0].u_pe_col/pe_inst[0].u_pe_4/W_reg[9:0]' of 'bmsWIDEDFFRSE' unit is dangling and will be cleaned.
W: Public-4008: Instance 'genblk1.gen_pages[0].pe_inst.u_pe_page/pe_col_inst[0].u_pe_col/pe_inst[0].u_pe_4/mult_result_reg[18:0]' of 'bmsWIDEDFFRSE' unit is dangling and will be cleaned.
W: Public-4008: Instance 'genblk1.gen_pages[0].pe_inst.u_pe_page/pe_col_inst[0].u_pe_col/pe_inst[0].u_pe_4/y_out[22:0]' of 'bmsWIDEDFFRSE' unit is dangling and will be cleaned.
W: Public-4008: Instance 'genblk1.gen_pages[0].pe_inst.u_pe_page/pe_col_inst[0].u_pe_col/pe_inst[0].u_pe_5/D_reg[9:0]' of 'bmsWIDEDFFRSE' unit is dangling and will be cleaned.
W: Public-4008: Instance 'genblk1.gen_pages[0].pe_inst.u_pe_page/pe_col_inst[0].u_pe_col/pe_inst[0].u_pe_5/W_reg[9:0]' of 'bmsWIDEDFFRSE' unit is dangling and will be cleaned.
W: Public-4008: Instance 'genblk1.gen_pages[0].pe_inst.u_pe_page/pe_col_inst[0].u_pe_col/pe_inst[0].u_pe_5/mult_result_reg[18:0]' of 'bmsWIDEDFFRSE' unit is dangling and will be cleaned.
W: Public-4008: Instance 'genblk1.gen_pages[0].pe_inst.u_pe_page/pe_col_inst[0].u_pe_col/pe_inst[0].u_pe_5/y_out[22:0]' of 'bmsWIDEDFFRSE' unit is dangling and will be cleaned.
W: Public-4008: Instance 'genblk1.gen_pages[0].pe_inst.u_pe_page/pe_col_inst[0].u_pe_col/pe_inst[0].u_pe_6/D_reg[9:0]' of 'bmsWIDEDFFRSE' unit is dangling and will be cleaned.
W: Public-4008: Instance 'genblk1.gen_pages[0].pe_inst.u_pe_page/pe_col_inst[0].u_pe_col/pe_inst[0].u_pe_6/W_reg[9:0]' of 'bmsWIDEDFFRSE' unit is dangling and will be cleaned.
W: Public-4008: Instance 'genblk1.gen_pages[0].pe_inst.u_pe_page/pe_col_inst[0].u_pe_col/pe_inst[0].u_pe_6/mult_result_reg[18:0]' of 'bmsWIDEDFFRSE' unit is dangling and will be cleaned.
W: Public-4008: Instance 'genblk1.gen_pages[0].pe_inst.u_pe_page/pe_col_inst[0].u_pe_col/pe_inst[0].u_pe_6/y_out[22:0]' of 'bmsWIDEDFFRSE' unit is dangling and will be cleaned.
W: Public-4008: Instance 'genblk1.gen_pages[0].pe_inst.u_pe_page/pe_col_inst[0].u_pe_col/pe_inst[0].u_pe_7/D_reg[9:0]' of 'bmsWIDEDFFRSE' unit is dangling and will be cleaned.
W: Public-4008: Instance 'genblk1.gen_pages[0].pe_inst.u_pe_page/pe_col_inst[1].u_pe_col/pe_inst[0].u_pe_7/W_reg[9:0]' of 'bmsWIDEDFFRSE' unit is dangling and will be cleaned.
W: Public-4008: Instance 'genblk1.gen_pages[0].pe_inst.u_pe_page/pe_col_inst[1].u_pe_col/pe_inst[0].u_pe_7/mult_result_reg[18:0]' of 'bmsWIDEDFFRSE' unit is dangling and will be cleaned.
W: Public-4008: Instance 'genblk1.gen_pages[0].pe_inst.u_pe_page/pe_col_inst[1].u_pe_col/pe_inst[0].u_pe_7/y_out[22:0]' of 'bmsWIDEDFFRSE' unit is dangling and will be cleaned.
W: Public-4008: Instance 'genblk1.gen_pages[0].pe_inst.u_pe_page/pe_col_inst[1].u_pe_col/pe_inst[0].u_pe_8/D_reg[9:0]' of 'bmsWIDEDFFRSE' unit is dangling and will be cleaned.
W: Public-4008: Instance 'genblk1.gen_pages[0].pe_inst.u_pe_page/pe_col_inst[1].u_pe_col/pe_inst[0].u_pe_8/W_reg[9:0]' of 'bmsWIDEDFFRSE' unit is dangling and will be cleaned.
W: Public-4008: Instance 'genblk1.gen_pages[0].pe_inst.u_pe_page/pe_col_inst[1].u_pe_col/pe_inst[0].u_pe_8/mult_result_reg[18:0]' of 'bmsWIDEDFFRSE' unit is dangling and will be cleaned.
W: Public-4008: Instance 'genblk1.gen_pages[0].pe_inst.u_pe_page/pe_col_inst[1].u_pe_col/pe_inst[0].u_pe_8/y_out[22:0]' of 'bmsWIDEDFFRSE' unit is dangling and will be cleaned.
W: Public-4008: Instance 'genblk1.gen_pages[0].pe_inst.u_pe_page/pe_col_inst[1].u_pe_col/pe_inst[0].u_pe/D_reg[9:0]' of 'bmsWIDEDFFRSE' unit is dangling and will be cleaned.
W: Public-4008: Instance 'genblk1.gen_pages[0].pe_inst.u_pe_page/pe_col_inst[1].u_pe_col/pe_inst[0].u_pe/W_reg[9:0]' of 'bmsWIDEDFFRSE' unit is dangling and will be cleaned.
W: Public-4008: Instance 'genblk1.gen_pages[0].pe_inst.u_pe_page/pe_col_inst[1].u_pe_col/pe_inst[0].u_pe/mult_result_reg[18:0]' of 'bmsWIDEDFFRSE' unit is dangling and will be cleaned.
W: Public-4008: Instance 'genblk1.gen_pages[0].pe_inst.u_pe_page/pe_col_inst[1].u_pe_col/pe_inst[0].u_pe/y_out[22:0]' of 'bmsWIDEDFFRSE' unit is dangling and will be cleaned.
W: Public-4008: Instance 'genblk1.gen_pages[0].pe_inst.u_pe_page/pe_col_inst[1].u_pe_col/pe_inst[0].u_pe_1/D_reg[9:0]' of 'bmsWIDEDFFRSE' unit is dangling and will be cleaned.
W: Public-4008: Instance 'genblk1.gen_pages[0].pe_inst.u_pe_page/pe_col_inst[1].u_pe_col/pe_inst[0].u_pe_1/W_reg[9:0]' of 'bmsWIDEDFFRSE' unit is dangling and will be cleaned.
W: Public-4008: Instance 'genblk1.gen_pages[0].pe_inst.u_pe_page/pe_col_inst[1].u_pe_col/pe_inst[0].u_pe_1/mult_result_reg[18:0]' of 'bmsWIDEDFFRSE' unit is dangling and will be cleaned.
W: Public-4008: Instance 'genblk1.gen_pages[0].pe_inst.u_pe_page/pe_col_inst[1].u_pe_col/pe_inst[0].u_pe_1/y_out[22:0]' of 'bmsWIDEDFFRSE' unit is dangling and will be cleaned.
W: Public-4008: Instance 'genblk1.gen_pages[0].pe_inst.u_pe_page/pe_col_inst[1].u_pe_col/pe_inst[0].u_pe_2/D_reg[9:0]' of 'bmsWIDEDFFRSE' unit is dangling and will be cleaned.
W: Public-4008: Instance 'genblk1.gen_pages[0].pe_inst.u_pe_page/pe_col_inst[1].u_pe_col/pe_inst[0].u_pe_2/W_reg[9:0]' of 'bmsWIDEDFFRSE' unit is dangling and will be cleaned.
W: Public-4008: Instance 'genblk1.gen_pages[0].pe_inst.u_pe_page/pe_col_inst[1].u_pe_col/pe_inst[0].u_pe_2/mult_result_reg[18:0]' of 'bmsWIDEDFFRSE' unit is dangling and will be cleaned.
W: Public-4008: Instance 'genblk1.gen_pages[0].pe_inst.u_pe_page/pe_col_inst[1].u_pe_col/pe_inst[0].u_pe_2/y_out[22:0]' of 'bmsWIDEDFFRSE' unit is dangling and will be cleaned.
W: Public-4008: Instance 'genblk1.gen_pages[0].pe_inst.u_pe_page/pe_col_inst[1].u_pe_col/pe_inst[0].u_pe_3/D_reg[9:0]' of 'bmsWIDEDFFRSE' unit is dangling and will be cleaned.
W: Public-4008: Instance 'genblk1.gen_pages[0].pe_inst.u_pe_page/pe_col_inst[1].u_pe_col/pe_inst[0].u_pe_3/W_reg[9:0]' of 'bmsWIDEDFFRSE' unit is dangling and will be cleaned.
W: Public-4008: Instance 'genblk1.gen_pages[0].pe_inst.u_pe_page/pe_col_inst[1].u_pe_col/pe_inst[0].u_pe_3/mult_result_reg[18:0]' of 'bmsWIDEDFFRSE' unit is dangling and will be cleaned.
W: Public-4008: Instance 'genblk1.gen_pages[0].pe_inst.u_pe_page/pe_col_inst[1].u_pe_col/pe_inst[0].u_pe_3/y_out[22:0]' of 'bmsWIDEDFFRSE' unit is dangling and will be cleaned.
W: Public-4008: Instance 'genblk1.gen_pages[0].pe_inst.u_pe_page/pe_col_inst[1].u_pe_col/pe_inst[0].u_pe_4/D_reg[9:0]' of 'bmsWIDEDFFRSE' unit is dangling and will be cleaned.
W: Public-4008: Instance 'genblk1.gen_pages[0].pe_inst.u_pe_page/pe_col_inst[1].u_pe_col/pe_inst[0].u_pe_4/W_reg[9:0]' of 'bmsWIDEDFFRSE' unit is dangling and will be cleaned.
W: Public-4008: Instance 'genblk1.gen_pages[0].pe_inst.u_pe_page/pe_col_inst[1].u_pe_col/pe_inst[0].u_pe_4/mult_result_reg[18:0]' of 'bmsWIDEDFFRSE' unit is dangling and will be cleaned.
W: Public-4008: Instance 'genblk1.gen_pages[0].pe_inst.u_pe_page/pe_col_inst[1].u_pe_col/pe_inst[0].u_pe_4/y_out[22:0]' of 'bmsWIDEDFFRSE' unit is dangling and will be cleaned.
W: Public-4008: Instance 'genblk1.gen_pages[0].pe_inst.u_pe_page/pe_col_inst[1].u_pe_col/pe_inst[0].u_pe_5/D_reg[9:0]' of 'bmsWIDEDFFRSE' unit is dangling and will be cleaned.
W: Public-4008: Instance 'genblk1.gen_pages[0].pe_inst.u_pe_page/pe_col_inst[1].u_pe_col/pe_inst[0].u_pe_5/W_reg[9:0]' of 'bmsWIDEDFFRSE' unit is dangling and will be cleaned.
W: Public-4008: Instance 'genblk1.gen_pages[0].pe_inst.u_pe_page/pe_col_inst[1].u_pe_col/pe_inst[0].u_pe_5/mult_result_reg[18:0]' of 'bmsWIDEDFFRSE' unit is dangling and will be cleaned.
W: Public-4008: Instance 'genblk1.gen_pages[0].pe_inst.u_pe_page/pe_col_inst[1].u_pe_col/pe_inst[0].u_pe_5/y_out[22:0]' of 'bmsWIDEDFFRSE' unit is dangling and will be cleaned.
W: Public-4008: Instance 'genblk1.gen_pages[0].pe_inst.u_pe_page/pe_col_inst[1].u_pe_col/pe_inst[0].u_pe_6/D_reg[9:0]' of 'bmsWIDEDFFRSE' unit is dangling and will be cleaned.
W: Public-4008: Instance 'genblk1.gen_pages[0].pe_inst.u_pe_page/pe_col_inst[1].u_pe_col/pe_inst[0].u_pe_6/W_reg[9:0]' of 'bmsWIDEDFFRSE' unit is dangling and will be cleaned.
W: Public-4008: Instance 'genblk1.gen_pages[0].pe_inst.u_pe_page/pe_col_inst[1].u_pe_col/pe_inst[0].u_pe_6/mult_result_reg[18:0]' of 'bmsWIDEDFFRSE' unit is dangling and will be cleaned.
W: Public-4008: Instance 'genblk1.gen_pages[0].pe_inst.u_pe_page/pe_col_inst[1].u_pe_col/pe_inst[0].u_pe_6/y_out[22:0]' of 'bmsWIDEDFFRSE' unit is dangling and will be cleaned.
W: Public-4008: Instance 'genblk1.gen_pages[0].pe_inst.u_pe_page/pe_col_inst[1].u_pe_col/pe_inst[0].u_pe_7/D_reg[9:0]' of 'bmsWIDEDFFRSE' unit is dangling and will be cleaned.
W: Public-4008: Instance 'genblk1.gen_pages[0].pe_inst.u_pe_page/u_w_manager/time_idx[8:0]' of 'bmsWIDEDFFRSE' unit is dangling and will be cleaned.
W: Public-4008: Instance 'genblk1.gen_pages[1].pe_inst.u_pe_page/d_man/D[8:0]' of 'bmsWIDEDFFRSE' unit is dangling and will be cleaned.
W: Public-4008: Instance 'genblk1.gen_pages[1].pe_inst.u_pe_page/d_man/gen_delay[0].gen_delayed.delay_pipe_1[0][8:0]' of 'bmsWIDEDFFRSE' unit is dangling and will be cleaned.
W: Public-4008: Instance 'genblk1.gen_pages[1].pe_inst.u_pe_page/d_man/gen_delay[0].gen_delayed.delay_pipe_1[1][8:0]' of 'bmsWIDEDFFRSE' unit is dangling and will be cleaned.
W: Public-4008: Instance 'genblk1.gen_pages[1].pe_inst.u_pe_page/d_man/gen_delay[0].gen_delayed.delay_pipe_2[0][8:0]' of 'bmsWIDEDFFRSE' unit is dangling and will be cleaned.
W: Public-4008: Instance 'genblk1.gen_pages[1].pe_inst.u_pe_page/d_man/gen_delay[0].gen_delayed.delay_pipe_2[1][8:0]' of 'bmsWIDEDFFRSE' unit is dangling and will be cleaned.
W: Public-4008: Instance 'genblk1.gen_pages[1].pe_inst.u_pe_page/d_man/gen_delay[0].gen_delayed.delay_pipe_2[2][8:0]' of 'bmsWIDEDFFRSE' unit is dangling and will be cleaned.
W: Public-4008: Instance 'genblk1.gen_pages[1].pe_inst.u_pe_page/d_man/gen_delay[0].gen_delayed.delay_pipe_3[0][8:0]' of 'bmsWIDEDFFRSE' unit is dangling and will be cleaned.
W: Public-4008: Instance 'genblk1.gen_pages[1].pe_inst.u_pe_page/d_man/gen_delay[0].gen_delayed.delay_pipe_3[1][8:0]' of 'bmsWIDEDFFRSE' unit is dangling and will be cleaned.
W: Public-4008: Instance 'genblk1.gen_pages[1].pe_inst.u_pe_page/d_man/gen_delay[0].gen_delayed.delay_pipe_3[2][8:0]' of 'bmsWIDEDFFRSE' unit is dangling and will be cleaned.
W: Public-4008: Instance 'genblk1.gen_pages[1].pe_inst.u_pe_page/d_man/gen_delay[0].gen_delayed.delay_pipe_3[3][8:0]' of 'bmsWIDEDFFRSE' unit is dangling and will be cleaned.
W: Public-4008: Instance 'genblk1.gen_pages[1].pe_inst.u_pe_page/d_man/gen_delay[0].gen_delayed.delay_pipe_4[0][8:0]' of 'bmsWIDEDFFRSE' unit is dangling and will be cleaned.
W: Public-4008: Instance 'genblk1.gen_pages[1].pe_inst.u_pe_page/d_man/gen_delay[0].gen_delayed.delay_pipe_4[1][8:0]' of 'bmsWIDEDFFRSE' unit is dangling and will be cleaned.
W: Public-4008: Instance 'genblk1.gen_pages[1].pe_inst.u_pe_page/d_man/gen_delay[0].gen_delayed.delay_pipe_4[2][8:0]' of 'bmsWIDEDFFRSE' unit is dangling and will be cleaned.
W: Public-4008: Instance 'genblk1.gen_pages[1].pe_inst.u_pe_page/d_man/gen_delay[0].gen_delayed.delay_pipe_4[3][8:0]' of 'bmsWIDEDFFRSE' unit is dangling and will be cleaned.
W: Public-4008: Instance 'genblk1.gen_pages[1].pe_inst.u_pe_page/d_man/gen_delay[0].gen_delayed.delay_pipe_4[4][8:0]' of 'bmsWIDEDFFRSE' unit is dangling and will be cleaned.
W: Public-4008: Instance 'genblk1.gen_pages[1].pe_inst.u_pe_page/d_man/gen_delay[0].gen_delayed.delay_pipe_5[0][8:0]' of 'bmsWIDEDFFRSE' unit is dangling and will be cleaned.
W: Public-4008: Instance 'genblk1.gen_pages[1].pe_inst.u_pe_page/d_man/gen_delay[0].gen_delayed.delay_pipe_5[1][8:0]' of 'bmsWIDEDFFRSE' unit is dangling and will be cleaned.
W: Public-4008: Instance 'genblk1.gen_pages[1].pe_inst.u_pe_page/d_man/gen_delay[0].gen_delayed.delay_pipe_5[2][8:0]' of 'bmsWIDEDFFRSE' unit is dangling and will be cleaned.
W: Public-4008: Instance 'genblk1.gen_pages[1].pe_inst.u_pe_page/d_man/gen_delay[0].gen_delayed.delay_pipe_5[3][8:0]' of 'bmsWIDEDFFRSE' unit is dangling and will be cleaned.
W: Public-4008: Instance 'genblk1.gen_pages[1].pe_inst.u_pe_page/d_man/gen_delay[0].gen_delayed.delay_pipe_5[4][8:0]' of 'bmsWIDEDFFRSE' unit is dangling and will be cleaned.
W: Public-4008: Instance 'genblk1.gen_pages[1].pe_inst.u_pe_page/d_man/gen_delay[0].gen_delayed.delay_pipe_5[5][8:0]' of 'bmsWIDEDFFRSE' unit is dangling and will be cleaned.
W: Public-4008: Instance 'genblk1.gen_pages[1].pe_inst.u_pe_page/d_man/gen_delay[0].gen_delayed.delay_pipe_6[0][8:0]' of 'bmsWIDEDFFRSE' unit is dangling and will be cleaned.
W: Public-4008: Instance 'genblk1.gen_pages[1].pe_inst.u_pe_page/d_man/gen_delay[0].gen_delayed.delay_pipe_6[1][8:0]' of 'bmsWIDEDFFRSE' unit is dangling and will be cleaned.
W: Public-4008: Instance 'genblk1.gen_pages[1].pe_inst.u_pe_page/d_man/gen_delay[0].gen_delayed.delay_pipe_6[2][8:0]' of 'bmsWIDEDFFRSE' unit is dangling and will be cleaned.
W: Public-4008: Instance 'genblk1.gen_pages[1].pe_inst.u_pe_page/d_man/gen_delay[0].gen_delayed.delay_pipe_6[3][8:0]' of 'bmsWIDEDFFRSE' unit is dangling and will be cleaned.
W: Public-4008: Instance 'genblk1.gen_pages[1].pe_inst.u_pe_page/d_man/gen_delay[0].gen_delayed.delay_pipe_6[4][8:0]' of 'bmsWIDEDFFRSE' unit is dangling and will be cleaned.
W: Public-4008: Instance 'genblk1.gen_pages[1].pe_inst.u_pe_page/d_man/gen_delay[0].gen_delayed.delay_pipe_6[5][8:0]' of 'bmsWIDEDFFRSE' unit is dangling and will be cleaned.
W: Public-4008: Instance 'genblk1.gen_pages[1].pe_inst.u_pe_page/d_man/gen_delay[0].gen_delayed.delay_pipe_6[6][8:0]' of 'bmsWIDEDFFRSE' unit is dangling and will be cleaned.
W: Public-4008: Instance 'genblk1.gen_pages[1].pe_inst.u_pe_page/d_man/gen_delay[0].gen_delayed.delay_pipe_7[0][8:0]' of 'bmsWIDEDFFRSE' unit is dangling and will be cleaned.
W: Public-4008: Instance 'genblk1.gen_pages[1].pe_inst.u_pe_page/d_man/gen_delay[0].gen_delayed.delay_pipe_7[1][8:0]' of 'bmsWIDEDFFRSE' unit is dangling and will be cleaned.
W: Public-4008: Instance 'genblk1.gen_pages[1].pe_inst.u_pe_page/d_man/gen_delay[0].gen_delayed.delay_pipe_7[2][8:0]' of 'bmsWIDEDFFRSE' unit is dangling and will be cleaned.
W: Public-4008: Instance 'genblk1.gen_pages[1].pe_inst.u_pe_page/d_man/gen_delay[0].gen_delayed.delay_pipe_7[3][8:0]' of 'bmsWIDEDFFRSE' unit is dangling and will be cleaned.
W: Public-4008: Instance 'genblk1.gen_pages[1].pe_inst.u_pe_page/d_man/gen_delay[0].gen_delayed.delay_pipe_7[4][8:0]' of 'bmsWIDEDFFRSE' unit is dangling and will be cleaned.
W: Public-4008: Instance 'genblk1.gen_pages[1].pe_inst.u_pe_page/d_man/gen_delay[0].gen_delayed.delay_pipe_7[5][8:0]' of 'bmsWIDEDFFRSE' unit is dangling and will be cleaned.
W: Public-4008: Instance 'genblk1.gen_pages[1].pe_inst.u_pe_page/d_man/gen_delay[0].gen_delayed.delay_pipe_7[6][8:0]' of 'bmsWIDEDFFRSE' unit is dangling and will be cleaned.
W: Public-4008: Instance 'genblk1.gen_pages[1].pe_inst.u_pe_page/d_man/gen_delay[0].gen_delayed.delay_pipe_7[7][8:0]' of 'bmsWIDEDFFRSE' unit is dangling and will be cleaned.
W: Public-4008: Instance 'genblk1.gen_pages[1].pe_inst.u_pe_page/d_man/gen_delay[0].gen_delayed.delay_pipe_8[0][8:0]' of 'bmsWIDEDFFRSE' unit is dangling and will be cleaned.
W: Public-4008: Instance 'genblk1.gen_pages[1].pe_inst.u_pe_page/d_man/gen_delay[0].gen_delayed.delay_pipe_8[1][8:0]' of 'bmsWIDEDFFRSE' unit is dangling and will be cleaned.
W: Public-4008: Instance 'genblk1.gen_pages[1].pe_inst.u_pe_page/d_man/gen_delay[0].gen_delayed.delay_pipe_8[2][8:0]' of 'bmsWIDEDFFRSE' unit is dangling and will be cleaned.
W: Public-4008: Instance 'genblk1.gen_pages[1].pe_inst.u_pe_page/d_man/gen_delay[0].gen_delayed.delay_pipe_8[3][8:0]' of 'bmsWIDEDFFRSE' unit is dangling and will be cleaned.
W: Public-4008: Instance 'genblk1.gen_pages[1].pe_inst.u_pe_page/d_man/gen_delay[0].gen_delayed.delay_pipe_8[4][8:0]' of 'bmsWIDEDFFRSE' unit is dangling and will be cleaned.
W: Public-4008: Instance 'genblk1.gen_pages[1].pe_inst.u_pe_page/d_man/gen_delay[0].gen_delayed.delay_pipe_8[5][8:0]' of 'bmsWIDEDFFRSE' unit is dangling and will be cleaned.
W: Public-4008: Instance 'genblk1.gen_pages[1].pe_inst.u_pe_page/d_man/gen_delay[0].gen_delayed.delay_pipe_8[6][8:0]' of 'bmsWIDEDFFRSE' unit is dangling and will be cleaned.
W: Public-4008: Instance 'genblk1.gen_pages[1].pe_inst.u_pe_page/d_man/gen_delay[0].gen_delayed.delay_pipe_8[7][8:0]' of 'bmsWIDEDFFRSE' unit is dangling and will be cleaned.
W: Public-4008: Instance 'genblk1.gen_pages[1].pe_inst.u_pe_page/d_man/gen_delay[0].gen_delayed.delay_pipe_8[8][8:0]' of 'bmsWIDEDFFRSE' unit is dangling and will be cleaned.
W: Public-4008: Instance 'genblk1.gen_pages[1].pe_inst.u_pe_page/pe_col_inst[0].u_pe_col/pe_inst[0].u_pe_7/W_reg[9:0]' of 'bmsWIDEDFFRSE' unit is dangling and will be cleaned.
W: Public-4008: Instance 'genblk1.gen_pages[1].pe_inst.u_pe_page/pe_col_inst[0].u_pe_col/pe_inst[0].u_pe_7/mult_result_reg[18:0]' of 'bmsWIDEDFFRSE' unit is dangling and will be cleaned.
W: Public-4008: Instance 'genblk1.gen_pages[1].pe_inst.u_pe_page/pe_col_inst[0].u_pe_col/pe_inst[0].u_pe_7/y_out[22:0]' of 'bmsWIDEDFFRSE' unit is dangling and will be cleaned.
W: Public-4008: Instance 'genblk1.gen_pages[1].pe_inst.u_pe_page/pe_col_inst[0].u_pe_col/pe_inst[0].u_pe_8/D_reg[9:0]' of 'bmsWIDEDFFRSE' unit is dangling and will be cleaned.
W: Public-4008: Instance 'genblk1.gen_pages[1].pe_inst.u_pe_page/pe_col_inst[0].u_pe_col/pe_inst[0].u_pe_8/W_reg[9:0]' of 'bmsWIDEDFFRSE' unit is dangling and will be cleaned.
W: Public-4008: Instance 'genblk1.gen_pages[1].pe_inst.u_pe_page/pe_col_inst[0].u_pe_col/pe_inst[0].u_pe_8/mult_result_reg[18:0]' of 'bmsWIDEDFFRSE' unit is dangling and will be cleaned.
W: Public-4008: Instance 'genblk1.gen_pages[1].pe_inst.u_pe_page/pe_col_inst[0].u_pe_col/pe_inst[0].u_pe_8/y_out[22:0]' of 'bmsWIDEDFFRSE' unit is dangling and will be cleaned.
W: Public-4008: Instance 'genblk1.gen_pages[1].pe_inst.u_pe_page/pe_col_inst[0].u_pe_col/pe_inst[0].u_pe/D_reg[9:0]' of 'bmsWIDEDFFRSE' unit is dangling and will be cleaned.
W: Public-4008: Instance 'genblk1.gen_pages[1].pe_inst.u_pe_page/pe_col_inst[0].u_pe_col/pe_inst[0].u_pe/W_reg[9:0]' of 'bmsWIDEDFFRSE' unit is dangling and will be cleaned.
W: Public-4008: Instance 'genblk1.gen_pages[1].pe_inst.u_pe_page/pe_col_inst[0].u_pe_col/pe_inst[0].u_pe/mult_result_reg[18:0]' of 'bmsWIDEDFFRSE' unit is dangling and will be cleaned.
W: Public-4008: Instance 'genblk1.gen_pages[1].pe_inst.u_pe_page/pe_col_inst[0].u_pe_col/pe_inst[0].u_pe/y_out[22:0]' of 'bmsWIDEDFFRSE' unit is dangling and will be cleaned.
W: Public-4008: Instance 'genblk1.gen_pages[1].pe_inst.u_pe_page/pe_col_inst[0].u_pe_col/pe_inst[0].u_pe_1/D_reg[9:0]' of 'bmsWIDEDFFRSE' unit is dangling and will be cleaned.
W: Public-4008: Instance 'genblk1.gen_pages[1].pe_inst.u_pe_page/pe_col_inst[0].u_pe_col/pe_inst[0].u_pe_1/W_reg[9:0]' of 'bmsWIDEDFFRSE' unit is dangling and will be cleaned.
W: Public-4008: Instance 'genblk1.gen_pages[1].pe_inst.u_pe_page/pe_col_inst[0].u_pe_col/pe_inst[0].u_pe_1/mult_result_reg[18:0]' of 'bmsWIDEDFFRSE' unit is dangling and will be cleaned.
W: Public-4008: Instance 'genblk1.gen_pages[1].pe_inst.u_pe_page/pe_col_inst[0].u_pe_col/pe_inst[0].u_pe_1/y_out[22:0]' of 'bmsWIDEDFFRSE' unit is dangling and will be cleaned.
W: Public-4008: Instance 'genblk1.gen_pages[1].pe_inst.u_pe_page/pe_col_inst[0].u_pe_col/pe_inst[0].u_pe_2/D_reg[9:0]' of 'bmsWIDEDFFRSE' unit is dangling and will be cleaned.
W: Public-4008: Instance 'genblk1.gen_pages[1].pe_inst.u_pe_page/pe_col_inst[0].u_pe_col/pe_inst[0].u_pe_2/W_reg[9:0]' of 'bmsWIDEDFFRSE' unit is dangling and will be cleaned.
W: Public-4008: Instance 'genblk1.gen_pages[1].pe_inst.u_pe_page/pe_col_inst[0].u_pe_col/pe_inst[0].u_pe_2/mult_result_reg[18:0]' of 'bmsWIDEDFFRSE' unit is dangling and will be cleaned.
W: Public-4008: Instance 'genblk1.gen_pages[1].pe_inst.u_pe_page/pe_col_inst[0].u_pe_col/pe_inst[0].u_pe_2/y_out[22:0]' of 'bmsWIDEDFFRSE' unit is dangling and will be cleaned.
W: Public-4008: Instance 'genblk1.gen_pages[1].pe_inst.u_pe_page/pe_col_inst[0].u_pe_col/pe_inst[0].u_pe_3/D_reg[9:0]' of 'bmsWIDEDFFRSE' unit is dangling and will be cleaned.
W: Public-4008: Instance 'genblk1.gen_pages[1].pe_inst.u_pe_page/pe_col_inst[0].u_pe_col/pe_inst[0].u_pe_3/W_reg[9:0]' of 'bmsWIDEDFFRSE' unit is dangling and will be cleaned.
W: Public-4008: Instance 'genblk1.gen_pages[1].pe_inst.u_pe_page/pe_col_inst[0].u_pe_col/pe_inst[0].u_pe_3/mult_result_reg[18:0]' of 'bmsWIDEDFFRSE' unit is dangling and will be cleaned.
W: Public-4008: Instance 'genblk1.gen_pages[1].pe_inst.u_pe_page/pe_col_inst[0].u_pe_col/pe_inst[0].u_pe_3/y_out[22:0]' of 'bmsWIDEDFFRSE' unit is dangling and will be cleaned.
W: Public-4008: Instance 'genblk1.gen_pages[1].pe_inst.u_pe_page/pe_col_inst[0].u_pe_col/pe_inst[0].u_pe_4/D_reg[9:0]' of 'bmsWIDEDFFRSE' unit is dangling and will be cleaned.
W: Public-4008: Instance 'genblk1.gen_pages[1].pe_inst.u_pe_page/pe_col_inst[0].u_pe_col/pe_inst[0].u_pe_4/W_reg[9:0]' of 'bmsWIDEDFFRSE' unit is dangling and will be cleaned.
W: Public-4008: Instance 'genblk1.gen_pages[1].pe_inst.u_pe_page/pe_col_inst[0].u_pe_col/pe_inst[0].u_pe_4/mult_result_reg[18:0]' of 'bmsWIDEDFFRSE' unit is dangling and will be cleaned.
W: Public-4008: Instance 'genblk1.gen_pages[1].pe_inst.u_pe_page/pe_col_inst[0].u_pe_col/pe_inst[0].u_pe_4/y_out[22:0]' of 'bmsWIDEDFFRSE' unit is dangling and will be cleaned.
W: Public-4008: Instance 'genblk1.gen_pages[1].pe_inst.u_pe_page/pe_col_inst[0].u_pe_col/pe_inst[0].u_pe_5/D_reg[9:0]' of 'bmsWIDEDFFRSE' unit is dangling and will be cleaned.
W: Public-4008: Instance 'genblk1.gen_pages[1].pe_inst.u_pe_page/pe_col_inst[0].u_pe_col/pe_inst[0].u_pe_5/W_reg[9:0]' of 'bmsWIDEDFFRSE' unit is dangling and will be cleaned.
W: Public-4008: Instance 'genblk1.gen_pages[1].pe_inst.u_pe_page/pe_col_inst[0].u_pe_col/pe_inst[0].u_pe_5/mult_result_reg[18:0]' of 'bmsWIDEDFFRSE' unit is dangling and will be cleaned.
W: Public-4008: Instance 'genblk1.gen_pages[1].pe_inst.u_pe_page/pe_col_inst[0].u_pe_col/pe_inst[0].u_pe_5/y_out[22:0]' of 'bmsWIDEDFFRSE' unit is dangling and will be cleaned.
W: Adm-4019: Unable to further flatten instance 'u_layer27'. The design is empty.
W: Public-4008: Instance 'u_extrema_finder/val_out[12:0]' of 'bmsWIDEDFFCPE' unit is dangling and will be cleaned.
W: Public-4008: Instance 'u_layer30/genblk1.gen_pages[2].pe_inst.u_pe_page/pe_col_inst[1].u_pe_col/pe_inst[0].u_pe_1/y_out[20:0]' of 'bmsWIDEDFFRSE' unit is dangling and will be cleaned.
W: Public-4008: Instance 'u_layer30/genblk1.gen_pages[2].pe_inst.u_pe_page/pe_col_inst[1].u_pe_col/pe_inst[0].u_pe_2/D_reg[9:0]' of 'bmsWIDEDFFRSE' unit is dangling and will be cleaned.
W: Public-4008: Instance 'u_layer30/genblk1.gen_pages[2].pe_inst.u_pe_page/pe_col_inst[1].u_pe_col/pe_inst[0].u_pe_2/W_reg[9:0]' of 'bmsWIDEDFFRSE' unit is dangling and will be cleaned.
W: Public-4008: Instance 'u_layer30/genblk1.gen_pages[2].pe_inst.u_pe_page/pe_col_inst[1].u_pe_col/pe_inst[0].u_pe_2/mult_result_reg[18:0]' of 'bmsWIDEDFFRSE' unit is dangling and will be cleaned.
W: Public-4008: Instance 'u_layer30/genblk1.gen_pages[2].pe_inst.u_pe_page/pe_col_inst[1].u_pe_col/pe_inst[0].u_pe_2/y_out[20:0]' of 'bmsWIDEDFFRSE' unit is dangling and will be cleaned.
W: Public-4008: Instance 'u_layer30/genblk1.gen_pages[2].pe_inst.u_pe_page/u_w_manager/time_idx[10:0]' of 'bmsWIDEDFFRSE' unit is dangling and will be cleaned.
W: Public-4008: Instance 'u_layer30/genblk1.gen_pages[2].pe_inst.u_pe_page/pe_col_inst[0].u_pe_col/pe_inst[0].u_pe/D_reg[9:0]' of 'bmsWIDEDFFRSE' unit is dangling and will be cleaned.
W: Public-4008: Instance 'u_layer30/genblk1.gen_pages[2].pe_inst.u_pe_page/pe_col_inst[0].u_pe_col/pe_inst[0].u_pe/W_reg[9:0]' of 'bmsWIDEDFFRSE' unit is dangling and will be cleaned.
W: Public-4008: Instance 'u_layer30/genblk1.gen_pages[2].pe_inst.u_pe_page/pe_col_inst[0].u_pe_col/pe_inst[0].u_pe/mult_result_reg[18:0]' of 'bmsWIDEDFFRSE' unit is dangling and will be cleaned.
W: Public-4008: Instance 'u_layer30/genblk1.gen_pages[2].pe_inst.u_pe_page/pe_col_inst[0].u_pe_col/pe_inst[0].u_pe/y_out[20:0]' of 'bmsWIDEDFFRSE' unit is dangling and will be cleaned.
W: Public-4008: Instance 'u_layer30/genblk1.gen_pages[2].pe_inst.u_pe_page/pe_col_inst[0].u_pe_col/pe_inst[0].u_pe_1/D_reg[9:0]' of 'bmsWIDEDFFRSE' unit is dangling and will be cleaned.
W: Public-4008: Instance 'u_layer30/genblk1.gen_pages[2].pe_inst.u_pe_page/pe_col_inst[0].u_pe_col/pe_inst[0].u_pe_1/W_reg[9:0]' of 'bmsWIDEDFFRSE' unit is dangling and will be cleaned.
W: Public-4008: Instance 'u_layer30/genblk1.gen_pages[2].pe_inst.u_pe_page/pe_col_inst[0].u_pe_col/pe_inst[0].u_pe_1/mult_result_reg[18:0]' of 'bmsWIDEDFFRSE' unit is dangling and will be cleaned.
W: Public-4008: Instance 'u_layer30/genblk1.gen_pages[2].pe_inst.u_pe_page/pe_col_inst[0].u_pe_col/pe_inst[0].u_pe_1/y_out[20:0]' of 'bmsWIDEDFFRSE' unit is dangling and will be cleaned.
W: Public-4008: Instance 'u_layer30/genblk1.gen_pages[2].pe_inst.u_pe_page/pe_col_inst[0].u_pe_col/pe_inst[0].u_pe_2/D_reg[9:0]' of 'bmsWIDEDFFRSE' unit is dangling and will be cleaned.
W: Public-4008: Instance 'u_layer30/genblk1.gen_pages[2].pe_inst.u_pe_page/pe_col_inst[0].u_pe_col/pe_inst[0].u_pe_2/W_reg[9:0]' of 'bmsWIDEDFFRSE' unit is dangling and will be cleaned.
W: Public-4008: Instance 'u_layer30/genblk1.gen_pages[3].pe_inst.u_pe_page/D_delay[53:27]' of 'bmsWIDEDFFRSE' unit is dangling and will be cleaned.
W: Public-4008: Instance 'u_layer30/genblk1.gen_pages[3].pe_inst.u_pe_page/pe_col_inst[0].u_pe_col/pe_inst[0].u_pe_2/mult_result_reg[18:0]' of 'bmsWIDEDFFRSE' unit is dangling and will be cleaned.
W: Public-4008: Instance 'u_layer30/genblk1.gen_pages[3].pe_inst.u_pe_page/pe_col_inst[0].u_pe_col/pe_inst[0].u_pe_2/y_out[20:0]' of 'bmsWIDEDFFRSE' unit is dangling and will be cleaned.
W: Public-4008: Instance 'u_layer30/genblk1.gen_pages[3].pe_inst.u_pe_page/pe_col_inst[1].u_pe_col/pe_inst[0].u_pe/D_reg[9:0]' of 'bmsWIDEDFFRSE' unit is dangling and will be cleaned.
W: Public-4008: Instance 'u_layer30/genblk1.gen_pages[3].pe_inst.u_pe_page/pe_col_inst[1].u_pe_col/pe_inst[0].u_pe/W_reg[9:0]' of 'bmsWIDEDFFRSE' unit is dangling and will be cleaned.
W: Public-4008: Instance 'u_layer30/genblk1.gen_pages[3].pe_inst.u_pe_page/pe_col_inst[1].u_pe_col/pe_inst[0].u_pe/mult_result_reg[18:0]' of 'bmsWIDEDFFRSE' unit is dangling and will be cleaned.
W: Public-4008: Instance 'u_layer30/genblk1.gen_pages[3].pe_inst.u_pe_page/pe_col_inst[1].u_pe_col/pe_inst[0].u_pe/y_out[20:0]' of 'bmsWIDEDFFRSE' unit is dangling and will be cleaned.
W: Public-4008: Instance 'u_layer30/genblk1.gen_pages[3].pe_inst.u_pe_page/d_man/D[8:0]' of 'bmsWIDEDFFRSE' unit is dangling and will be cleaned.
W: Public-4008: Instance 'u_layer30/genblk1.gen_pages[3].pe_inst.u_pe_page/d_man/gen_delay[0].gen_delayed.delay_pipe_1[0][8:0]' of 'bmsWIDEDFFRSE' unit is dangling and will be cleaned.
W: Public-4008: Instance 'u_layer30/genblk1.gen_pages[3].pe_inst.u_pe_page/d_man/gen_delay[0].gen_delayed.delay_pipe_1[1][8:0]' of 'bmsWIDEDFFRSE' unit is dangling and will be cleaned.
W: Public-4008: Instance 'u_layer30/genblk1.gen_pages[3].pe_inst.u_pe_page/d_man/gen_delay[0].gen_delayed.delay_pipe_2[0][8:0]' of 'bmsWIDEDFFRSE' unit is dangling and will be cleaned.
W: Public-4008: Instance 'u_layer30/genblk1.gen_pages[3].pe_inst.u_pe_page/d_man/gen_delay[0].gen_delayed.delay_pipe_2[1][8:0]' of 'bmsWIDEDFFRSE' unit is dangling and will be cleaned.
W: Public-4008: Instance 'u_layer30/genblk1.gen_pages[3].pe_inst.u_pe_page/d_man/gen_delay[0].gen_delayed.delay_pipe_2[2][8:0]' of 'bmsWIDEDFFRSE' unit is dangling and will be cleaned.
W: Public-4008: Instance 'u_layer30/genblk1.gen_pages[3].pe_inst.u_pe_page/pe_col_inst[1].u_pe_col/pe_inst[0].u_pe_1/D_reg[9:0]' of 'bmsWIDEDFFRSE' unit is dangling and will be cleaned.
W: Public-4008: Instance 'u_layer30/genblk1.gen_pages[3].pe_inst.u_pe_page/pe_col_inst[1].u_pe_col/pe_inst[0].u_pe_1/W_reg[9:0]' of 'bmsWIDEDFFRSE' unit is dangling and will be cleaned.
W: Public-4008: Instance 'u_layer30/genblk1.gen_pages[3].pe_inst.u_pe_page/pe_col_inst[1].u_pe_col/pe_inst[0].u_pe_1/mult_result_reg[18:0]' of 'bmsWIDEDFFRSE' unit is dangling and will be cleaned.
W: Public-4008: Instance 'u_layer30/genblk1.gen_pages[3].pe_inst.u_pe_page/pe_col_inst[1].u_pe_col/pe_inst[0].u_pe_1/y_out[20:0]' of 'bmsWIDEDFFRSE' unit is dangling and will be cleaned.
W: Public-4008: Instance 'u_layer30/genblk1.gen_pages[3].pe_inst.u_pe_page/pe_col_inst[1].u_pe_col/pe_inst[0].u_pe_2/D_reg[9:0]' of 'bmsWIDEDFFRSE' unit is dangling and will be cleaned.
W: Public-4008: Instance 'u_layer30/genblk1.gen_pages[3].pe_inst.u_pe_page/pe_col_inst[1].u_pe_col/pe_inst[0].u_pe_2/W_reg[9:0]' of 'bmsWIDEDFFRSE' unit is dangling and will be cleaned.
W: Public-4008: Instance 'u_layer30/genblk1.gen_pages[3].pe_inst.u_pe_page/pe_col_inst[1].u_pe_col/pe_inst[0].u_pe_2/mult_result_reg[18:0]' of 'bmsWIDEDFFRSE' unit is dangling and will be cleaned.
W: Public-4008: Instance 'u_layer30/genblk1.gen_pages[3].pe_inst.u_pe_page/pe_col_inst[1].u_pe_col/pe_inst[0].u_pe_2/y_out[20:0]' of 'bmsWIDEDFFRSE' unit is dangling and will be cleaned.
W: Public-4008: Instance 'u_layer30/genblk1.gen_pages[3].pe_inst.u_pe_page/u_w_manager/time_idx[10:0]' of 'bmsWIDEDFFRSE' unit is dangling and will be cleaned.
W: Public-4008: Instance 'u_layer30/genblk1.gen_pages[3].pe_inst.u_pe_page/pe_col_inst[0].u_pe_col/pe_inst[0].u_pe/D_reg[9:0]' of 'bmsWIDEDFFRSE' unit is dangling and will be cleaned.
W: Public-4008: Instance 'u_layer30/genblk1.gen_pages[3].pe_inst.u_pe_page/pe_col_inst[0].u_pe_col/pe_inst[0].u_pe/W_reg[9:0]' of 'bmsWIDEDFFRSE' unit is dangling and will be cleaned.
W: Public-4008: Instance 'u_layer30/genblk1.gen_pages[3].pe_inst.u_pe_page/pe_col_inst[0].u_pe_col/pe_inst[0].u_pe/mult_result_reg[18:0]' of 'bmsWIDEDFFRSE' unit is dangling and will be cleaned.
W: Public-4008: Instance 'u_layer30/genblk1.gen_pages[3].pe_inst.u_pe_page/pe_col_inst[0].u_pe_col/pe_inst[0].u_pe/y_out[20:0]' of 'bmsWIDEDFFRSE' unit is dangling and will be cleaned.
W: Public-4008: Instance 'u_layer30/genblk1.gen_pages[3].pe_inst.u_pe_page/pe_col_inst[0].u_pe_col/pe_inst[0].u_pe_1/D_reg[9:0]' of 'bmsWIDEDFFRSE' unit is dangling and will be cleaned.
W: Public-4008: Instance 'u_layer30/genblk1.gen_pages[3].pe_inst.u_pe_page/pe_col_inst[0].u_pe_col/pe_inst[0].u_pe_1/W_reg[9:0]' of 'bmsWIDEDFFRSE' unit is dangling and will be cleaned.
W: Public-4008: Instance 'u_layer30/genblk1.gen_pages[3].pe_inst.u_pe_page/pe_col_inst[0].u_pe_col/pe_inst[0].u_pe_1/mult_result_reg[18:0]' of 'bmsWIDEDFFRSE' unit is dangling and will be cleaned.
W: Public-4008: Instance 'u_layer30/genblk1.gen_pages[3].pe_inst.u_pe_page/pe_col_inst[0].u_pe_col/pe_inst[0].u_pe_1/y_out[20:0]' of 'bmsWIDEDFFRSE' unit is dangling and will be cleaned.
W: Public-4008: Instance 'u_layer30/genblk1.gen_pages[3].pe_inst.u_pe_page/pe_col_inst[0].u_pe_col/pe_inst[0].u_pe_2/D_reg[9:0]' of 'bmsWIDEDFFRSE' unit is dangling and will be cleaned.
W: Public-4008: Instance 'u_layer30/genblk1.gen_pages[3].pe_inst.u_pe_page/pe_col_inst[0].u_pe_col/pe_inst[0].u_pe_2/W_reg[9:0]' of 'bmsWIDEDFFRSE' unit is dangling and will be cleaned.
W: Public-4008: Instance 'u_layer30/u_input_layer/pp_wr_cnt[9:0]' of 'bmsWIDEDFFCPE' unit is dangling and will be cleaned.
W: Public-4008: Instance 'u_layer30/u_input_layer/data_out[8:0]' of 'bmsWIDEDFFRSE' unit is dangling and will be cleaned.
W: Public-4008: Instance 'u_layer30/u_input_layer/data_out[17:9]' of 'bmsWIDEDFFRSE' unit is dangling and will be cleaned.
W: Public-4008: Instance 'u_layer30/u_input_layer/data_out[26:18]' of 'bmsWIDEDFFRSE' unit is dangling and will be cleaned.
W: Public-4008: Instance 'u_layer30/u_input_layer/data_out[35:27]' of 'bmsWIDEDFFRSE' unit is dangling and will be cleaned.
W: Public-4008: Instance 'u_layer30/u_input_layer/data_out[44:36]' of 'bmsWIDEDFFRSE' unit is dangling and will be cleaned.
W: Public-4008: Instance 'u_layer30/u_input_layer/data_out[53:45]' of 'bmsWIDEDFFRSE' unit is dangling and will be cleaned.
W: Public-4008: Instance 'u_layer30/u_input_layer/data_out[62:54]' of 'bmsWIDEDFFRSE' unit is dangling and will be cleaned.
W: Public-4008: Instance 'u_layer30/u_input_layer/data_out[71:63]' of 'bmsWIDEDFFRSE' unit is dangling and will be cleaned.
W: Public-4008: Instance 'u_layer30/u_input_layer/data_out[80:72]' of 'bmsWIDEDFFRSE' unit is dangling and will be cleaned.
W: Public-4008: Instance 'u_layer30/u_input_layer/data_out[89:81]' of 'bmsWIDEDFFRSE' unit is dangling and will be cleaned.
W: Public-4008: Instance 'u_layer30/u_input_layer/data_out[98:90]' of 'bmsWIDEDFFRSE' unit is dangling and will be cleaned.
W: Public-4008: Instance 'u_layer30/u_input_layer/data_out[107:99]' of 'bmsWIDEDFFRSE' unit is dangling and will be cleaned.
W: Public-4008: Instance 'u_layer30/u_input_layer/data_out_valid' of 'bmsWIDEDFFCPE' unit is dangling and will be cleaned.
W: Public-4008: Instance 'u_layer30/u_input_layer/genblk3.pixel_pp_rd_active_shift_reg[2047:0]' of 'bmsWIDEDFFCPE' unit is dangling and will be cleaned.
W: Public-4008: Instance 'u_layer30/u_input_layer/genblk3.stream_valid' of 'bmsWIDEDFFCPE' unit is dangling and will be cleaned.
W: Public-4008: Instance 'u_layer30/u_input_layer/index_in[5:0]' of 'bmsWIDEDFFCPE' unit is dangling and will be cleaned.
W: Public-4008: Instance 'u_layer30/u_input_layer/index_x[4:0]' of 'bmsWIDEDFFCPE' unit is dangling and will be cleaned.
W: Public-4008: Instance 'u_layer30/u_input_layer/index_y[2:0]' of 'bmsWIDEDFFCPE' unit is dangling and will be cleaned.
W: Public-4008: Instance 'u_layer30/u_input_layer/line_buf_full' of 'bmsWIDEDFFCPE' unit is dangling and will be cleaned.
W: Public-4008: Instance 'u_layer30/u_input_layer/line_out_valid' of 'bmsWIDEDFFCPE' unit is dangling and will be cleaned.
W: Public-4008: Instance 'u_layer30/u_input_layer/new_line_out_1' of 'bmsWIDEDFFCPE' unit is dangling and will be cleaned.
W: Public-4008: Instance 'u_layer30/u_input_layer/pending_rows[1:0]' of 'bmsWIDEDFFCPE' unit is dangling and will be cleaned.
W: Public-4008: Instance 'u_layer30/u_input_layer/pixel_lb_raddr[4:0]' of 'bmsWIDEDFFCPE' unit is dangling and will be cleaned.
W: Public-4008: Instance 'u_layer30/u_input_layer/pixel_lb_waddr[4:0]' of 'bmsWIDEDFFCPE' unit is dangling and will be cleaned.
W: Public-4008: Instance 'u_layer30/u_input_layer/pixel_pp_rd_active' of 'bmsWIDEDFFCPE' unit is dangling and will be cleaned.
W: Public-4008: Instance 'u_layer30/u_input_layer/pixel_pp_rd_cnt[4:0]' of 'bmsWIDEDFFCPE' unit is dangling and will be cleaned.
W: Public-4008: Instance 'u_layer30/u_input_layer/pixel_pp_wr_cnt[4:0]' of 'bmsWIDEDFFCPE' unit is dangling and will be cleaned.
W: Public-4008: Instance 'u_layer30/u_input_layer/pp_rd_cnt_cycle[5:0]' of 'bmsWIDEDFFPATCE' unit is dangling and will be cleaned.
W: Public-4008: Instance 'u_layer30/u_input_layer/pixel_valid' of 'bmsWIDEDFFRSE' unit is dangling and will be cleaned.
W: Public-4008: Instance 'u_layer30/u_input_layer/pp_rd_cnt[9:0]' of 'bmsWIDEDFFCPE' unit is dangling and will be cleaned.
W: Public-4008: Instance 'u_layer31/u_input_layer/data_out_valid' of 'bmsWIDEDFFCPE' unit is dangling and will be cleaned.
W: Public-4008: Instance 'u_layer22/genblk1.gen_pages[1].u_max_pool2d/new_line_delay[1:0]' of 'bmsWIDEDFFCPE' unit is dangling and will be cleaned.
W: Public-4008: Instance 'u_layer22/genblk1.gen_pages[1].u_max_pool2d/valid_delay[1:0]' of 'bmsWIDEDFFCPE' unit is dangling and will be cleaned.
W: Public-4008: Instance 'u_layer25/genblk1.gen_pages[1].u_max_pool2d/new_line_delay[1:0]' of 'bmsWIDEDFFCPE' unit is dangling and will be cleaned.
W: Public-4008: Instance 'u_layer25/genblk1.gen_pages[1].u_max_pool2d/valid_delay[1:0]' of 'bmsWIDEDFFCPE' unit is dangling and will be cleaned.
W: Public-4008: Instance 'u_layer28/genblk1.gen_pages[1].u_max_pool2d/new_line_delay[1:0]' of 'bmsWIDEDFFCPE' unit is dangling and will be cleaned.
W: Public-4008: Instance 'u_layer28/genblk1.gen_pages[1].u_max_pool2d/valid_delay[1:0]' of 'bmsWIDEDFFCPE' unit is dangling and will be cleaned.
W: Public-4008: Instance 'u_layer29/u_input_layer/data_out_valid' of 'bmsWIDEDFFCPE' unit is dangling and will be cleaned.
W: Public-4008: Instance 'u_layer30/genblk1.gen_pages[0].pe_inst.u_pe_page/D_delay[53:27]' of 'bmsWIDEDFFRSE' unit is dangling and will be cleaned.
W: Public-4008: Instance 'u_layer30/genblk1.gen_pages[0].pe_inst.u_pe_page/pe_col_inst[0].u_pe_col/pe_inst[0].u_pe_2/mult_result_reg[18:0]' of 'bmsWIDEDFFRSE' unit is dangling and will be cleaned.
W: Public-4008: Instance 'u_layer30/genblk1.gen_pages[0].pe_inst.u_pe_page/pe_col_inst[0].u_pe_col/pe_inst[0].u_pe_2/y_out[20:0]' of 'bmsWIDEDFFRSE' unit is dangling and will be cleaned.
W: Public-4008: Instance 'u_layer30/genblk1.gen_pages[0].pe_inst.u_pe_page/pe_col_inst[1].u_pe_col/pe_inst[0].u_pe/D_reg[9:0]' of 'bmsWIDEDFFRSE' unit is dangling and will be cleaned.
W: Public-4008: Instance 'u_layer30/genblk1.gen_pages[0].pe_inst.u_pe_page/pe_col_inst[1].u_pe_col/pe_inst[0].u_pe/W_reg[9:0]' of 'bmsWIDEDFFRSE' unit is dangling and will be cleaned.
W: Public-4008: Instance 'u_layer30/genblk1.gen_pages[0].pe_inst.u_pe_page/pe_col_inst[1].u_pe_col/pe_inst[0].u_pe/mult_result_reg[18:0]' of 'bmsWIDEDFFRSE' unit is dangling and will be cleaned.
W: Public-4008: Instance 'u_layer30/genblk1.gen_pages[0].pe_inst.u_pe_page/pe_col_inst[1].u_pe_col/pe_inst[0].u_pe/y_out[20:0]' of 'bmsWIDEDFFRSE' unit is dangling and will be cleaned.
W: Public-4008: Instance 'u_layer30/genblk1.gen_pages[0].pe_inst.u_pe_page/d_man/D[8:0]' of 'bmsWIDEDFFRSE' unit is dangling and will be cleaned.
W: Public-4008: Instance 'u_layer30/genblk1.gen_pages[0].pe_inst.u_pe_page/d_man/gen_delay[0].gen_delayed.delay_pipe_1[0][8:0]' of 'bmsWIDEDFFRSE' unit is dangling and will be cleaned.
W: Public-4008: Instance 'u_layer30/genblk1.gen_pages[0].pe_inst.u_pe_page/d_man/gen_delay[0].gen_delayed.delay_pipe_1[1][8:0]' of 'bmsWIDEDFFRSE' unit is dangling and will be cleaned.
W: Public-4008: Instance 'u_layer30/genblk1.gen_pages[0].pe_inst.u_pe_page/d_man/gen_delay[0].gen_delayed.delay_pipe_2[0][8:0]' of 'bmsWIDEDFFRSE' unit is dangling and will be cleaned.
W: Public-4008: Instance 'u_layer30/genblk1.gen_pages[0].pe_inst.u_pe_page/d_man/gen_delay[0].gen_delayed.delay_pipe_2[1][8:0]' of 'bmsWIDEDFFRSE' unit is dangling and will be cleaned.
W: Public-4008: Instance 'u_layer30/genblk1.gen_pages[0].pe_inst.u_pe_page/d_man/gen_delay[0].gen_delayed.delay_pipe_2[2][8:0]' of 'bmsWIDEDFFRSE' unit is dangling and will be cleaned.
W: Public-4008: Instance 'u_layer30/genblk1.gen_pages[0].pe_inst.u_pe_page/pe_col_inst[1].u_pe_col/pe_inst[0].u_pe_1/D_reg[9:0]' of 'bmsWIDEDFFRSE' unit is dangling and will be cleaned.
W: Public-4008: Instance 'u_layer30/genblk1.gen_pages[0].pe_inst.u_pe_page/pe_col_inst[1].u_pe_col/pe_inst[0].u_pe_1/W_reg[9:0]' of 'bmsWIDEDFFRSE' unit is dangling and will be cleaned.
W: Public-4008: Instance 'u_layer30/genblk1.gen_pages[0].pe_inst.u_pe_page/pe_col_inst[1].u_pe_col/pe_inst[0].u_pe_1/mult_result_reg[18:0]' of 'bmsWIDEDFFRSE' unit is dangling and will be cleaned.
W: Public-4008: Instance 'u_layer30/genblk1.gen_pages[0].pe_inst.u_pe_page/pe_col_inst[1].u_pe_col/pe_inst[0].u_pe_1/y_out[20:0]' of 'bmsWIDEDFFRSE' unit is dangling and will be cleaned.
W: Public-4008: Instance 'u_layer30/genblk1.gen_pages[0].pe_inst.u_pe_page/pe_col_inst[1].u_pe_col/pe_inst[0].u_pe_2/D_reg[9:0]' of 'bmsWIDEDFFRSE' unit is dangling and will be cleaned.
W: Public-4008: Instance 'u_layer30/genblk1.gen_pages[0].pe_inst.u_pe_page/pe_col_inst[1].u_pe_col/pe_inst[0].u_pe_2/W_reg[9:0]' of 'bmsWIDEDFFRSE' unit is dangling and will be cleaned.
W: Public-4008: Instance 'u_layer30/genblk1.gen_pages[0].pe_inst.u_pe_page/pe_col_inst[1].u_pe_col/pe_inst[0].u_pe_2/mult_result_reg[18:0]' of 'bmsWIDEDFFRSE' unit is dangling and will be cleaned.
W: Public-4008: Instance 'u_layer30/genblk1.gen_pages[0].pe_inst.u_pe_page/pe_col_inst[1].u_pe_col/pe_inst[0].u_pe_2/y_out[20:0]' of 'bmsWIDEDFFRSE' unit is dangling and will be cleaned.
W: Public-4008: Instance 'u_layer30/genblk1.gen_pages[0].pe_inst.u_pe_page/u_w_manager/time_idx[10:0]' of 'bmsWIDEDFFRSE' unit is dangling and will be cleaned.
W: Public-4008: Instance 'u_layer30/genblk1.gen_pages[0].pe_inst.u_pe_page/pe_col_inst[0].u_pe_col/pe_inst[0].u_pe/D_reg[9:0]' of 'bmsWIDEDFFRSE' unit is dangling and will be cleaned.
W: Public-4008: Instance 'u_layer30/genblk1.gen_pages[0].pe_inst.u_pe_page/pe_col_inst[0].u_pe_col/pe_inst[0].u_pe/W_reg[9:0]' of 'bmsWIDEDFFRSE' unit is dangling and will be cleaned.
W: Public-4008: Instance 'u_layer30/genblk1.gen_pages[0].pe_inst.u_pe_page/pe_col_inst[0].u_pe_col/pe_inst[0].u_pe/mult_result_reg[18:0]' of 'bmsWIDEDFFRSE' unit is dangling and will be cleaned.
W: Public-4008: Instance 'u_layer30/genblk1.gen_pages[0].pe_inst.u_pe_page/pe_col_inst[0].u_pe_col/pe_inst[0].u_pe/y_out[20:0]' of 'bmsWIDEDFFRSE' unit is dangling and will be cleaned.
W: Public-4008: Instance 'u_layer30/genblk1.gen_pages[0].pe_inst.u_pe_page/pe_col_inst[0].u_pe_col/pe_inst[0].u_pe_1/D_reg[9:0]' of 'bmsWIDEDFFRSE' unit is dangling and will be cleaned.
W: Public-4008: Instance 'u_layer30/genblk1.gen_pages[0].pe_inst.u_pe_page/pe_col_inst[0].u_pe_col/pe_inst[0].u_pe_1/W_reg[9:0]' of 'bmsWIDEDFFRSE' unit is dangling and will be cleaned.
W: Public-4008: Instance 'u_layer30/genblk1.gen_pages[0].pe_inst.u_pe_page/pe_col_inst[0].u_pe_col/pe_inst[0].u_pe_1/mult_result_reg[18:0]' of 'bmsWIDEDFFRSE' unit is dangling and will be cleaned.
W: Public-4008: Instance 'u_layer30/genblk1.gen_pages[0].pe_inst.u_pe_page/pe_col_inst[0].u_pe_col/pe_inst[0].u_pe_1/y_out[20:0]' of 'bmsWIDEDFFRSE' unit is dangling and will be cleaned.
W: Public-4008: Instance 'u_layer30/genblk1.gen_pages[0].pe_inst.u_pe_page/pe_col_inst[0].u_pe_col/pe_inst[0].u_pe_2/D_reg[9:0]' of 'bmsWIDEDFFRSE' unit is dangling and will be cleaned.
W: Public-4008: Instance 'u_layer30/genblk1.gen_pages[0].pe_inst.u_pe_page/pe_col_inst[0].u_pe_col/pe_inst[0].u_pe_2/W_reg[9:0]' of 'bmsWIDEDFFRSE' unit is dangling and will be cleaned.
W: Public-4008: Instance 'u_layer30/genblk1.gen_pages[1].pe_inst.u_pe_page/D_delay[53:27]' of 'bmsWIDEDFFRSE' unit is dangling and will be cleaned.
W: Public-4008: Instance 'u_layer30/genblk1.gen_pages[1].pe_inst.u_pe_page/pe_col_inst[0].u_pe_col/pe_inst[0].u_pe_2/mult_result_reg[18:0]' of 'bmsWIDEDFFRSE' unit is dangling and will be cleaned.
W: Public-4008: Instance 'u_layer30/genblk1.gen_pages[1].pe_inst.u_pe_page/pe_col_inst[0].u_pe_col/pe_inst[0].u_pe_2/y_out[20:0]' of 'bmsWIDEDFFRSE' unit is dangling and will be cleaned.
W: Public-4008: Instance 'u_layer30/genblk1.gen_pages[1].pe_inst.u_pe_page/pe_col_inst[1].u_pe_col/pe_inst[0].u_pe/D_reg[9:0]' of 'bmsWIDEDFFRSE' unit is dangling and will be cleaned.
W: Public-4008: Instance 'u_layer30/genblk1.gen_pages[1].pe_inst.u_pe_page/pe_col_inst[1].u_pe_col/pe_inst[0].u_pe/W_reg[9:0]' of 'bmsWIDEDFFRSE' unit is dangling and will be cleaned.
W: Public-4008: Instance 'u_layer30/genblk1.gen_pages[1].pe_inst.u_pe_page/pe_col_inst[1].u_pe_col/pe_inst[0].u_pe/mult_result_reg[18:0]' of 'bmsWIDEDFFRSE' unit is dangling and will be cleaned.
W: Public-4008: Instance 'u_layer30/genblk1.gen_pages[1].pe_inst.u_pe_page/pe_col_inst[1].u_pe_col/pe_inst[0].u_pe/y_out[20:0]' of 'bmsWIDEDFFRSE' unit is dangling and will be cleaned.
W: Public-4008: Instance 'u_layer30/genblk1.gen_pages[1].pe_inst.u_pe_page/d_man/D[8:0]' of 'bmsWIDEDFFRSE' unit is dangling and will be cleaned.
W: Public-4008: Instance 'u_layer30/genblk1.gen_pages[1].pe_inst.u_pe_page/d_man/gen_delay[0].gen_delayed.delay_pipe_1[0][8:0]' of 'bmsWIDEDFFRSE' unit is dangling and will be cleaned.
W: Public-4008: Instance 'u_layer30/genblk1.gen_pages[1].pe_inst.u_pe_page/d_man/gen_delay[0].gen_delayed.delay_pipe_1[1][8:0]' of 'bmsWIDEDFFRSE' unit is dangling and will be cleaned.
W: Public-4008: Instance 'u_layer30/genblk1.gen_pages[1].pe_inst.u_pe_page/d_man/gen_delay[0].gen_delayed.delay_pipe_2[0][8:0]' of 'bmsWIDEDFFRSE' unit is dangling and will be cleaned.
W: Public-4008: Instance 'u_layer30/genblk1.gen_pages[1].pe_inst.u_pe_page/d_man/gen_delay[0].gen_delayed.delay_pipe_2[1][8:0]' of 'bmsWIDEDFFRSE' unit is dangling and will be cleaned.
W: Public-4008: Instance 'u_layer30/genblk1.gen_pages[1].pe_inst.u_pe_page/d_man/gen_delay[0].gen_delayed.delay_pipe_2[2][8:0]' of 'bmsWIDEDFFRSE' unit is dangling and will be cleaned.
W: Public-4008: Instance 'u_layer30/genblk1.gen_pages[1].pe_inst.u_pe_page/pe_col_inst[1].u_pe_col/pe_inst[0].u_pe_1/D_reg[9:0]' of 'bmsWIDEDFFRSE' unit is dangling and will be cleaned.
W: Public-4008: Instance 'u_layer30/genblk1.gen_pages[1].pe_inst.u_pe_page/pe_col_inst[1].u_pe_col/pe_inst[0].u_pe_1/W_reg[9:0]' of 'bmsWIDEDFFRSE' unit is dangling and will be cleaned.
W: Public-4008: Instance 'u_layer30/genblk1.gen_pages[1].pe_inst.u_pe_page/pe_col_inst[1].u_pe_col/pe_inst[0].u_pe_1/mult_result_reg[18:0]' of 'bmsWIDEDFFRSE' unit is dangling and will be cleaned.
W: Public-4008: Instance 'u_layer30/genblk1.gen_pages[1].pe_inst.u_pe_page/pe_col_inst[1].u_pe_col/pe_inst[0].u_pe_1/y_out[20:0]' of 'bmsWIDEDFFRSE' unit is dangling and will be cleaned.
W: Public-4008: Instance 'u_layer30/genblk1.gen_pages[1].pe_inst.u_pe_page/pe_col_inst[1].u_pe_col/pe_inst[0].u_pe_2/D_reg[9:0]' of 'bmsWIDEDFFRSE' unit is dangling and will be cleaned.
W: Public-4008: Instance 'u_layer30/genblk1.gen_pages[1].pe_inst.u_pe_page/pe_col_inst[1].u_pe_col/pe_inst[0].u_pe_2/W_reg[9:0]' of 'bmsWIDEDFFRSE' unit is dangling and will be cleaned.
W: Public-4008: Instance 'u_layer30/genblk1.gen_pages[1].pe_inst.u_pe_page/pe_col_inst[1].u_pe_col/pe_inst[0].u_pe_2/mult_result_reg[18:0]' of 'bmsWIDEDFFRSE' unit is dangling and will be cleaned.
W: Public-4008: Instance 'u_layer30/genblk1.gen_pages[1].pe_inst.u_pe_page/pe_col_inst[1].u_pe_col/pe_inst[0].u_pe_2/y_out[20:0]' of 'bmsWIDEDFFRSE' unit is dangling and will be cleaned.
W: Public-4008: Instance 'u_layer30/genblk1.gen_pages[1].pe_inst.u_pe_page/u_w_manager/time_idx[10:0]' of 'bmsWIDEDFFRSE' unit is dangling and will be cleaned.
W: Public-4008: Instance 'u_layer30/genblk1.gen_pages[1].pe_inst.u_pe_page/pe_col_inst[0].u_pe_col/pe_inst[0].u_pe/D_reg[9:0]' of 'bmsWIDEDFFRSE' unit is dangling and will be cleaned.
W: Public-4008: Instance 'u_layer30/genblk1.gen_pages[1].pe_inst.u_pe_page/pe_col_inst[0].u_pe_col/pe_inst[0].u_pe/W_reg[9:0]' of 'bmsWIDEDFFRSE' unit is dangling and will be cleaned.
W: Public-4008: Instance 'u_layer30/genblk1.gen_pages[1].pe_inst.u_pe_page/pe_col_inst[0].u_pe_col/pe_inst[0].u_pe/mult_result_reg[18:0]' of 'bmsWIDEDFFRSE' unit is dangling and will be cleaned.
W: Public-4008: Instance 'u_layer30/genblk1.gen_pages[1].pe_inst.u_pe_page/pe_col_inst[0].u_pe_col/pe_inst[0].u_pe/y_out[20:0]' of 'bmsWIDEDFFRSE' unit is dangling and will be cleaned.
W: Public-4008: Instance 'u_layer30/genblk1.gen_pages[1].pe_inst.u_pe_page/pe_col_inst[0].u_pe_col/pe_inst[0].u_pe_1/D_reg[9:0]' of 'bmsWIDEDFFRSE' unit is dangling and will be cleaned.
W: Public-4008: Instance 'u_layer30/genblk1.gen_pages[1].pe_inst.u_pe_page/pe_col_inst[0].u_pe_col/pe_inst[0].u_pe_1/W_reg[9:0]' of 'bmsWIDEDFFRSE' unit is dangling and will be cleaned.
W: Public-4008: Instance 'u_layer30/genblk1.gen_pages[1].pe_inst.u_pe_page/pe_col_inst[0].u_pe_col/pe_inst[0].u_pe_1/mult_result_reg[18:0]' of 'bmsWIDEDFFRSE' unit is dangling and will be cleaned.
W: Public-4008: Instance 'u_layer30/genblk1.gen_pages[1].pe_inst.u_pe_page/pe_col_inst[0].u_pe_col/pe_inst[0].u_pe_1/y_out[20:0]' of 'bmsWIDEDFFRSE' unit is dangling and will be cleaned.
W: Public-4008: Instance 'u_layer30/genblk1.gen_pages[1].pe_inst.u_pe_page/pe_col_inst[0].u_pe_col/pe_inst[0].u_pe_2/D_reg[9:0]' of 'bmsWIDEDFFRSE' unit is dangling and will be cleaned.
W: Public-4008: Instance 'u_layer30/genblk1.gen_pages[1].pe_inst.u_pe_page/pe_col_inst[0].u_pe_col/pe_inst[0].u_pe_2/W_reg[9:0]' of 'bmsWIDEDFFRSE' unit is dangling and will be cleaned.
W: Public-4008: Instance 'u_layer30/genblk1.gen_pages[2].pe_inst.u_pe_page/D_delay[53:27]' of 'bmsWIDEDFFRSE' unit is dangling and will be cleaned.
W: Public-4008: Instance 'u_layer30/genblk1.gen_pages[2].pe_inst.u_pe_page/pe_col_inst[0].u_pe_col/pe_inst[0].u_pe_2/mult_result_reg[18:0]' of 'bmsWIDEDFFRSE' unit is dangling and will be cleaned.
W: Public-4008: Instance 'u_layer30/genblk1.gen_pages[2].pe_inst.u_pe_page/pe_col_inst[0].u_pe_col/pe_inst[0].u_pe_2/y_out[20:0]' of 'bmsWIDEDFFRSE' unit is dangling and will be cleaned.
W: Public-4008: Instance 'u_layer30/genblk1.gen_pages[2].pe_inst.u_pe_page/pe_col_inst[1].u_pe_col/pe_inst[0].u_pe/D_reg[9:0]' of 'bmsWIDEDFFRSE' unit is dangling and will be cleaned.
W: Public-4008: Instance 'u_layer30/genblk1.gen_pages[2].pe_inst.u_pe_page/pe_col_inst[1].u_pe_col/pe_inst[0].u_pe/W_reg[9:0]' of 'bmsWIDEDFFRSE' unit is dangling and will be cleaned.
W: Public-4008: Instance 'u_layer30/genblk1.gen_pages[2].pe_inst.u_pe_page/pe_col_inst[1].u_pe_col/pe_inst[0].u_pe/mult_result_reg[18:0]' of 'bmsWIDEDFFRSE' unit is dangling and will be cleaned.
W: Public-4008: Instance 'u_layer30/genblk1.gen_pages[2].pe_inst.u_pe_page/pe_col_inst[1].u_pe_col/pe_inst[0].u_pe/y_out[20:0]' of 'bmsWIDEDFFRSE' unit is dangling and will be cleaned.
W: Public-4008: Instance 'u_layer30/genblk1.gen_pages[2].pe_inst.u_pe_page/d_man/D[8:0]' of 'bmsWIDEDFFRSE' unit is dangling and will be cleaned.
W: Public-4008: Instance 'u_layer30/genblk1.gen_pages[2].pe_inst.u_pe_page/d_man/gen_delay[0].gen_delayed.delay_pipe_1[0][8:0]' of 'bmsWIDEDFFRSE' unit is dangling and will be cleaned.
W: Public-4008: Instance 'u_layer30/genblk1.gen_pages[2].pe_inst.u_pe_page/d_man/gen_delay[0].gen_delayed.delay_pipe_1[1][8:0]' of 'bmsWIDEDFFRSE' unit is dangling and will be cleaned.
W: Public-4008: Instance 'u_layer30/genblk1.gen_pages[2].pe_inst.u_pe_page/d_man/gen_delay[0].gen_delayed.delay_pipe_2[0][8:0]' of 'bmsWIDEDFFRSE' unit is dangling and will be cleaned.
W: Public-4008: Instance 'u_layer30/genblk1.gen_pages[2].pe_inst.u_pe_page/d_man/gen_delay[0].gen_delayed.delay_pipe_2[1][8:0]' of 'bmsWIDEDFFRSE' unit is dangling and will be cleaned.
W: Public-4008: Instance 'u_layer30/genblk1.gen_pages[2].pe_inst.u_pe_page/d_man/gen_delay[0].gen_delayed.delay_pipe_2[2][8:0]' of 'bmsWIDEDFFRSE' unit is dangling and will be cleaned.
W: Public-4008: Instance 'u_layer30/genblk1.gen_pages[2].pe_inst.u_pe_page/pe_col_inst[1].u_pe_col/pe_inst[0].u_pe_1/D_reg[9:0]' of 'bmsWIDEDFFRSE' unit is dangling and will be cleaned.
W: Public-4008: Instance 'u_layer30/genblk1.gen_pages[2].pe_inst.u_pe_page/pe_col_inst[1].u_pe_col/pe_inst[0].u_pe_1/W_reg[9:0]' of 'bmsWIDEDFFRSE' unit is dangling and will be cleaned.
W: Public-4008: Instance 'u_layer30/genblk1.gen_pages[2].pe_inst.u_pe_page/pe_col_inst[1].u_pe_col/pe_inst[0].u_pe_1/mult_result_reg[18:0]' of 'bmsWIDEDFFRSE' unit is dangling and will be cleaned.
W: Public-4008: Instance 'u_input_layer/data_out_valid' of 'bmsWIDEDFFCPE' unit is dangling and will be cleaned.
W: Public-4008: Instance 'u_input_layer/data_out_valid' of 'bmsWIDEDFFCPE' unit is dangling and will be cleaned.
W: Public-4008: Instance 'u_input_layer/data_out_valid' of 'bmsWIDEDFFCPE' unit is dangling and will be cleaned.
W: Public-4008: Instance 'u_input_layer/data_out_valid' of 'bmsWIDEDFFCPE' unit is dangling and will be cleaned.
W: Public-4008: Instance 'u_input_layer/data_out_valid' of 'bmsWIDEDFFCPE' unit is dangling and will be cleaned.
W: Public-4008: Instance 'u_layer9/u_input_layer/data_out_valid' of 'bmsWIDEDFFCPE' unit is dangling and will be cleaned.
W: Public-4008: Instance 'u_layer10/u_input_layer/data_out_valid' of 'bmsWIDEDFFCPE' unit is dangling and will be cleaned.
W: Public-4008: Instance 'u_layer1/u_input_layer/data_out_valid' of 'bmsWIDEDFFCPE' unit is dangling and will be cleaned.
W: Public-4008: Instance 'u_layer3/u_input_layer/data_out_valid' of 'bmsWIDEDFFCPE' unit is dangling and will be cleaned.
W: Public-4008: Instance 'u_layer6/u_input_layer/data_out_valid' of 'bmsWIDEDFFCPE' unit is dangling and will be cleaned.
W: Public-4008: Instance 'u_layer7/u_input_layer/data_out_valid' of 'bmsWIDEDFFCPE' unit is dangling and will be cleaned.
W: Public-4008: Instance 'u_ddr_video_delay_sync/frame_start_out' of 'bmsWIDEDFFCPE' unit is dangling and will be cleaned.
W: Public-4008: Instance 'u_top_yolo/u_post_process/frame_done' of 'bmsWIDEDFFCPE' unit is dangling and will be cleaned.
