111100001111111001111100101111101111000000000111110000000001101111100010000001011
000100111111111101000000100000101011000100011000100111111111110000010010111110100
111111010111000001000010111111101000000001010110010101111110010111010011000011111
111100001000010000000000111111110110000000111000011101111010001111101000111110101
000000101000100000000010101111111111111010101111011011111100011000011011111001111
111101000111111100000010011000010110000001110111000101111011111000000111111101100
110100010000000101000011000000010110000000100000000111111011001000100010111111111
000111101000001001111111000110110010000100101111111010111110011000001011111011100
000100110000011010111111000111100001111101010110110010000000000000011000111111101
111101101111101100000110101000010101110111011000000101000000011111110001000110010
000100001000100011111100100000000101000100010111000000111111111111010001000011010
111110110111100111000000110001000111000011101110111011000000010111011111111011110
000000111111110000111100111111111110110101110000001011111101110111110010111110000
111111001000011111000011000111011101000100011000010011111110010000010100000101001
000001000000000001111101110000110100110110000111100100111011101001000101111111101
111011001000001100111100101111110001111100001111011101000001100111000111110111010
000000111110111111111110111111001001000000110111111110111111110111100111111100010
000010100000000011111100001000101000111101100111101111111111001000001011000000011
111111100000001011000101111111000000111101100000100000001000000111110110111001010
110100100111111111111011000111101001000000011111101100000100101110100110111111000
111000111111101110111000111000101011111100010111111111111100110111011100111101101
111111100111001011000001001111111110111001010111110011000010000000000011000101101
111011110000001000000111110111011111111100001000010101111111001111010110111011001
111011111111101110110100111111011000000001000000010001110001011000000101000001000
000011100111001100000010000111110100111011000000001000110111000000000010000010111
111100100000101110111110101000000100111010010111110111000010101000001111111001010
000001100001000010110101110111001011000111000111000010111011011111011011111110000
000001001110111111000000100000001100111011001110110101111100000111111100111101010
111000101000001011111011111111110000000000111000011000111111001000001011000010111
000100010111111101110101011111010011111000101111100111000101010110011110000111001
001110100111000011001001000000011110111010101000100101111111001000000111000010101
111000000111110010111110000001000010111000010000100001111110010111101101000001000
111110101111001000000011011111100010000001111000011101000001000000001111111100001
111110111110111101111010011111100100111101110111101101111010010001001111000000110
110011000111111111111101010111110110000100001110111100000010011000010100000001100
111110001111101100000010110111100111000011001111110111111101111000000011111111001
110111100111111001000011110000001001000010001000100000110100001111000100111110100
111100001111001100111010010111110001000001110111000111000111001111111001000000010
111011100000000011111101000000010010111001010111110111000001100001000100000000001
111101011111100111000000001111010000111111100000000000111111000000001001111100000
111111010000100101111100110111111101111101110000000001111101000111101011111111000
111010011110111100111100011000000000110110000000101110111110101111110100111011010
111001010111110010000001110111010000111001100000001000000010011111111100111011111
000010011000100001111110110000000111111101010111100011000010010111111100111011111
000001101000000100000010001111111000000101101000010110111111000111100010000000011
111011011111111110111111101110111100000111010111011011000000101000011111111100010
000010010000100101111110011111111000111100111111000000000011011111100110000000110
000011111111100011111100000111011101111110001000000010111110010111110000111101101
111100111000001001000001010111001010000101110000010000000000000111100101000000010
000001001111111111110011100000100001111011010000000001111110110111001011000110010
000010100111100011111110101111111000110101000111011001000001010000010100000010100
111110001000011100000110000111101101111100001110111011000000101000001111111100100
111100010111100100000111000111111000000000100000000001111101110111101110000111000
000010100101110010000001011111101011000001100000001000111000111111011101111101111
000011101111111100111111000110011011111101011111100010000011010000010001000100010
000110010000100010111100001111111000111000011000000101111011001000010101000100100
111001110000011001000010010111110111111111001111100010111010111000110010000111111
111001000000111100000000011000100010000000110001100011111101101111110010000001100
111111110000000001000000101111101000111011100000000000000010011110011100000000110
000001000111010100111110010000111100111101000111010101000010101000100001111100010
000001111000010011000010010000001001111011111000100001000110010000101111000110111
000101111000110110111011000111101011010000110000011100111110100111111011000100101
000000100000110100000010110111011100000101101000011001111001111000100010111101010
111000111111101111111001000111011110000001100111100101000010100000010101111101010
111100111000010111000011010111111001111101001000011010000011000000010111000000001
000010100111101010000011011001001010111111010111101011111111010000100000000010111
000111010000001001111101001000101010000011111111110100000010110111111010111111111
000010011000000000000011101000001110000011111000011100000001001111110111000001100
000000101000001100111101101111011110000001110111011101000001100111110000000010111
111111100000010110111100010111110001111110000001000011000101010000001110111000111
111111001111111000000011001000011011110010110000101111111000101000011011000000001
000111000111101011111110101000001101000111101111011110000001000000100000111100010
000000001111111110000000010000011100110011111000100001111110000000001101111111101
111011100111100001111111001000000111001011101000000011111100101111010111111011000
000001001000010011000000011111010110000001100000001001000011100111110001000000000
111011100111110110000100111000100111000001001111011101000101011000000100111001111
000000010111101111000001000110100111000010000111101101000010000000000111111111001
111001100000000010111111000000111111000111001000001001111100111111000110000000011
000001001111111000111010100000010001000110011000000100000001100111110010000101101
111110001001010100111001101000000111111110111001000101111011101000101101101101110
111011111111111011000011000111111110111011101000011111111111000111101101111001111
111100000000001111001000101000111111000000000110110010111100011111110111000001010
111101101111100101111101001000010001000010010110111101111011111000001011111001000
000110101111001111111001000111111101001010100000001000111110010101110110000001000
000001010111101110000010000110111011000010000111111010111101110111101010000000111
111111100001000000111001100000011000111011001111100011111110101000000010000011011
000011110111100000000010011000001110111111011000011001000101010111101010111101100
110110001000000100111101100001000100111111000110100110101100010000000011000001011
111011110111111110110011001000001100000000011111111000111110101000001100000000111
000011010000010110000011010111100001111000111111001000111111011000011111000100110
111110000001100100111010100000011010111111000000011011110111011000000001111111010
111110010000000111000101110000000001000101100000010110000010011111101001111011110
111110010110111100000101111000010110111111100111100010000000111111111100111101000
000000011000001111111010001111111011111101000000010101000010010000001001000011010
000101100111100100111001100111100001000011010111100101000000001000100111111111111
000001001000100111111101000111101011000001011111101010111101111111001000000001110
110101011000000110111111100111111110111110011111111011000001101111001010111011110
000011000111011011111111101111101110000010010111101010111110000000011101111000111
000000111000011110001011010111111010000010000111110110000101000111101101111101000
111110111111101010110111101000001000000011001000000110110011100000000011111111011
111111001000000010111111100000111101111111100111101110111101110111101101000100100
111001011111110101000001010000011011111111010000100000111111101111110000111110110
000101100000111010000001100000001100111010100111101010111110100111100011111110100
111011111000010011001010011000100010000010001000010010000001001111100111111100011
000100111000010001111011010000000100111110000000101001110110000111011111000000001
000010001111111000000010101111101000000101101111011100000001011000010001111011110
000000101000001011111111011111110000111111001111110111111100000111110111111101111
111000100001101010111111111111101101111001000000001011000010110111001010111110101
111111100110101100000001111111110100110101001001000000111110111000000101111010000
111110110000001110111101111111100111111100001111011100000000000111010000110100101
111010101000000110000011101000001001111010101111010101000001100000001001000001000
001010000000010101111101011110110101111101011111110110000001010111101011111010110
000011001111110001000110110111010011000101000000110001000000100111100111111011101
111110011111100010001011001111011011111111111111010110111111001110101101111101101
111111010111111111111011111111011001110111111111111011000010010111111111111101101
111100101000100001000010101111110001000001111111101011000000100000000100111010110
111111011111110101111110110000111011001000001111111111000100101111111101111101010
111000100000010111111011111000101111111100110000000010111101101000011000111111010
000010110111110101111011010110101001000001101000001100111101111111101010111111001
000000100000000111000000110000010110111101001111110011000010101111110101000000100
000001001111000101111101101000010110111111110111101111000010101111100000000100100
111111101110110110000101100111111100000001010111101101000011001000001110000011001
000001110111101100000001000000001001000010100000000110111101110111001000000010101
111110110000101010000001001111100110111011011000000010000010011111110011110101001
110111111000101111000111011000010010000010000111011110111111101111011001111101001
111010010001010000110111111111111111110100000111101000000001000000100001111011000
111100000000001110111011000000100000000110100111100100110100010000010010111110101
111011001111110110000001100111110111111110001111101001111101101111100001111110001
111111111000100011000000001000001101111101110111111010000001011111100010000001011
001011010110000000000001110110111011000010001111111010000010101000111011111111010
111111101111111101000000111000011101111011111000100000111100001111011010111111011
000011001001001111000001000000000000111010010000111001111010111000000000000011101
000100101111100010111101010111010100111110100111101001111100111111110000000001101
111100100000111000111100110000111110000010011000110111000111011111101000111111111
110111110000000001001000100111110100110111111000011000111011000111010000111110010
000010000000010100000011010111111111000001111110000100000001011000100001000000011
111101111000000111111010111000001010111001111111110001111100100000010110000100010
000000010111011110111011101000000100001000011110110111111011111111011011000010011
111110100000011001111110111000001001111111000000101111111100101000001101000100110
000001001111111100111101000000000001111100001111000010111111111111110000111010101
000010001111111100111101000111010010111101000111101000111110000111110011111110000
111110110111001001111111001000110000111010100111100101111010000000101001111011101
000101001000010011000001101000010111111101101110111101111101111111111111111100000
111110000111001010000000100111000101111110011000010100000000000111000001000010011
111111000000000000000010000111101111000000110000011011111110010111101111001100100
000011100111100100000000101000001001111010110000001101000011001000011011001000101
111110000111110011111100101000100000110111100111111100000000001111011000111110011
110110110111100011110100100000011100000001101111101000000001000000011101111000010
000001101111100011000001001111111011000111010000011010000000100111101000111110010
111100100000010101111000111000000111111100110000011101000010111000101100001000001
000000111111100101000000011111011000000000011000110011111101110000000111111101111
111001010111001111111011001000001000000001101111110100111101011110111110111011001
111101101000000010000010111111011011111110011000010001000000000000000001111010001
000011010110101000111011101111111001000100001110101111111110000111010100111001111
111111110111010101111011000111110000111011011111010010000011010111101101000001010
111011000111011001111000111111110100111110000000001111111110100111110001000000111
111111001111111100000111001111100101111110101011001110111100100111100110111001010
000001000110110010000011000000100100111101100000100000110101001000100010110100110
000001010110101011111110001111110101111110111000010000111111001000010111111000000
111111000111001001111111011111100101000110101000010010000011101000001101000011100
111110111111111111000101101000011110001000000111101101111110111000110111000010011
111011111000010100111011100111110000000100000001011001000110110101110011111100110
111011011000000101000101011111111011111111101000010100111011000111000011111110000
111101110000001101111001001111110011111101101111101101111011001111111100000010010
111010011111101010000101001111000001000000110000100111111111101000010111111010011
000011000000010110111100100000001101111000110111100110110001100111110001000001001
000011100111011100111111100000100001111101011000010100111001011111100110001101011
111101100111110010000010100000010111111111000000010101111000011000010101110101011
111110001000010111001011001111110000001000001111101111000010100111111100111101110
000010001111011111111110001111000010000010110111011000000011010111101111111110101
111111001000100111000000010111101011000001001111110100111111001000101110000011111
110111101000011110000011101000011000111100110000011000111101111000001101111111101
000101001110100000000010100000010111000111100000011001000010111000010101000010010
111101100111111110000011001111110110111010001111010101111110010111110110000100100
000010101111100011000101011111100110111100101111011111000110111111110110000000010
000001111000100100111010010111100100111111011111111110000000011000000100000100010
100011010000001111000100011000000000111111010111101010000000110111111000111100011
111100010111100100111101000111010010111111110000101110000100000111011111111010110
111111100000010110000001100000000010000010001111010000111100110000000000000000011
000001111111110110111100111111011010000001101101111101000000111000001010001111101
000000010000111110111110000000011101111110101000011001111010011000000000001001101
000001001000011000000111111000000110000011101000001011111010011000000001000000011
000100010000100010000011001000010111111001001000110001000000100000011100111000100
000000100000000001111110100111101100111101000111011101111001001111111000111101110
000111100000101111110111000111111100000100111000010100111110111111110010000011101
000000101000110000111010010111000110111101001111011010000111101000001100111011000
000000101000001000000000011111011001000010001111101001000001010000010011111110111
111010000000001000111101111001000011111110000000100001101101110111111110000000001
000110000111000101000010101000010101111110111111010010111110010000010001000010111
111111101111111110000010100111111011000110000111101011111110001111010000111001001
000000100111110110111000001000001110111100000000010111111010000111111011110110101
111000100111110001111000111000011001000001000001001111000000110111111010111101011
111010000111110111000000000111011000000000110000000000001000011000100011111111100
000110010000010111111101000000110010000001011000100100111000101000010000000100011
001001100111010111000101110000000000000100011110010010111111011000100101111111110
111101110000011101110111101111010100000010100000010101000110001000001110000000001
111111111000100011000010111000100100111011111110100011000001010000000011111011101
111000110111001110111100001000101000000011111110110010000010011000011110000011110
111101100000011100111111010000011011000100011111101000000011110111101110000011111
010000011111101100000001101110010100000100001111011001000001010000011010000000010
000011011111111101111011101110111110110110011111011101000010011000111110000000001
001001010111010100000001100000000100110011001111010011000010001000001000000001111
000011010000001001111110110111000010000010100111111011111111011111111110111110011
111111010000011111000111010000100001111110010111100000000000101111101101111101110
111111011111111101110111000110010001111011001000011010000001110111011100111111100
000001101000000001000010101110000111111011011000110010111110011111111101111100100
000011001111111010111101110000100101000100101000100101111110100000000000111100011
111111000000111010111010011000111110111110001000000011000000100000110100000001000
000011001111110001001001100111111010000001010000000100111011101111100011001010011
000011010000010001111111100000000100000011001000011100111011101111011101111001111
000001000000111101000110111000010010111110000000000101111011000111011111000001100
110110001111110101111000110111111111000110101000000001000110000000001011110111100
110111010000101101000000110111011000000100111000000111111111111000010011000011011
000001001111011110000010011111111000111110100000011001111100111111110001111001110
111110111001000011000000011000001000111011010111110010000000101000000000000010110
000000011111110100111110110000001011000000000111010001000010101000001101000000011
000010011000011001111100100111101010111010011111101110110011101000100100111111100
111000000111110011111110011000000111000011000000000011111011110111100100111010010
000101010000011110000011101111010011111110000111111000111111000000000011000001110
111110110111100101111100100111111010111101100111100001000000010000000110111101001
111111110111011000000001010111001111111000011010000000000001010000000000111110011
000000011111101101000011001111111000111110010111111110000101110111101000111100001
000000001000000110000000101111101110111100010000100101111110111111111111000000111
111100011111001010000001000000110011000001010111010011111110011000100001111110101
111000011001101000111110101111001101000100001111111100000000100000010110000011101
111000110000001101000100011111100011000001101111000001000011011110111111111110110
111110011111001010000011000111101111000001000000110111111011001000100011000000000
111010101111110010111011000000100010111100011111011101000111110111010111111100100
110111111111111001111110110101100000000010101111101100000001110000100111111011001
000000100000011001000101100111011110111111000110110110111011010000000001001001111
111000110000011011000010100111101111000101011000010101000000110000001100001011111
111101011111101001111110000111101001000001000111011111111010010111011101000001001
111100101111100010010001000000000000000011010111101110000110100000000001111110010
000010011000001110000101100000010000000000111110110100111110001000011010111111010
111111110000110000000011101000000101111110111000011100111111000001010100111111100
000010110000001110001000011111010110000101101111000101111101100000000011111100000
111100000000111011111101101000111010111111101111101101000000101000001100000011100
000010101000001111111111000000010110110111010111101111111100011000100011000001100
111111111000010110111011010111110001000101000000000101111110101111111100111111010
000010011000110111111110001000010010111010000111110001111001100000000011110111011
100001111111110100111000011000010001111100100111000001000010110111111011111111010
000000011111110011110111100111000001000011000001110010000100101000110100111101011
000011101111110101000000111111100111000000101001111110000001011111110100000001111
000001010000000101111011000111110100000010101001011111111101101111101110111011000
000000001000001111000001001111111111000010010000000000000000001000001100111110011
111111010111110000111111110111110110000111110111101001111110101000010110111101111
111100000000001100111111010111101101000111111000000000111011101000101101111111000
111101101000010011000011011000000110111111111111111101000001001000001011111000000
000110110000000111111011100000101010000100111111111001000011101111101110111110000
000010000111110110111101010111100000000001111000010111000011001111111111000100000
000000110000100010111010011000101010111110101111111011000000110000010110000010111
000001110111000100000000001110110011000010010111100010000100001111001111111100011
000011010111010001111010100000100001111111011000101000111100101000000001111111110
111011000111110001001011010000010001001000100111101110111111100000001100111110101
111110000000001111111110110000011100111001000111101000111110011111111000000010111
111011111111100100001011010000000100111100101111101000111101111111110101000000011
111100011000001101111010110000001010000000000000011111000010101000000001111001010
111101001000010100111011101001001111000001110000011011111100011111101111000001000
111011100111101000000011101111101110000001100111001100000010000111100111111110101
000000101111101000111111011000010111000000011111111110000101011111110011111010011
000011000000010101000001110111111000111101111111011111000001001111111101000011111
111110000000110111111101111111111111000101010111100001110110010000101011111100101
111111101000000011000001001000001111000011100000000000111111110000010110111111010
111010110000100101111011000000101000001000100111011101111010001111101010111101110
001000001111110111000010110000010110111101101000001001111101100111110010000000010
111101110001111000000000101000011101111010000000001001000010011111110000111111011
000001011111110110111101000111111010111110111111000001000000111111010101111001011
000010111000000110111101010000101010000001000111110101000010010000000000000111101
000000101111011111111101100111011010000011101111101010111100011000000101111111101
000010010000010000000100001111001110000001011000000101111111100111111111000000100
111010100000100110000111111000010001000000011111111101000001100000010100111111000
000100100000100110000101100001001000111111110110111011111100111111101101001010000
111110001111111111000101101000001111111111100001010111000000101111011011111011111
000010000000101111110011001111010000000000001111110100111100111000000110111111011
000011101111101000000001011000101010000001000000010100000001111000001000000110011
000011111001010000111001010111011001111010001111101001000000101001011110111001110
111011110000101110111101011000001110111101110111101110111100010111101000111011100
000011001110001000000100100000101011111111010000010001111111000111111000111110000
111111011000000111110111011000001100111100010111010000000101000000101101111101111
000101101111111100111101100111011101111011010000110001001111111111100110000001011
000110010111101101111110100110111101111111111111010111001110000111101010000010001
110011001000000000111101110111101001000011001111110101111110000000001111111100101
111111011111011100000010110000000100000001101111010011000101101111010000000100111
001001000111011010111001100000000011000001010111101111111100010111100111111100001
111100000000010101000011110000001101111001111111011010111110110000000000000110101
111000101000010010000000010111110111000000001111010101111110110111010010000000110
001011101000101100111110001000100100110111001111111100111001110000001100000000000
111101101111000011111011110000001100111100100000100101000010100111110110111010110
000101011000001100111100101111100010111011101111101001000010001000001001000001111
111110111000001110111111001111111001111100001111010001111101101000001011000010001
000011111111111000111001010111000000000000101000010000000011010000000101111100100
110100010000000001000110111111100010000111001000001101000101111000000001000001010
110000010111011011111110000001101111000000001000010111000010101000001001111101001
000011111111100111000011001111111111000000010111101010000010011000000101000010000
000011001000001000111111101000001011111111001000101000000000110111100001111101100
111011111000000001111000111111100110111101001111100000111111101000010110111100111
111110010111111111000000101000000001000010110000101000000011101111100011000011100
111010010111110111111111010000101101111101011000010100111100111000000011000011011
000000111111101111111100100111110001000100000111111011111110111111100111000001000
000011101111000100000101101000000001000000000000001010111111001111101110111110000
000000011111111001111111111000011101000011010111100101111101000111111010000010000
000000000000001011111010100000001010000001111000011110111111011111011010000100111
111101111111110011000111011000010011000001000000110110111110011000000011000001110
111010011001001000000101000000111011111001011000011011000001001000001111111011101
001001011000011011111111010000000000111100111111011000111110011000010011111001110
000100100111110001111110100000001010001000111111111001111110100001000100000011110
000000111000001111111110100000001111000111111000011101000000010000000010111110111
000010000111111011111011110000000101000001101111101101000001101000010111111010000
000010111111111010000010010111001011111101110000010010000001011000001001111101100
000100001000001101111101010111111111000011100111000101000110101000000111000001010
111101110111101101111111000001010010001000001000010011000000011111111110111100110
000000011000000001111010000000000010111100000111111000000011000000101001111010110
000010011111100110000011001111011110000001001000000011000001111111110000111000110
000100000111110101000010101111100010111011101110011001000000000000011000111101111
000000111000001011111001001001001001111111101000010011111110101000010001000001101
000001010110011111000001001111010001111111000111110010000110000110110010000111011
111001001111011010111011100111111100000000100111011111111101101111100001111101110
111101000111111100000001110111001111101001110000100001000001110111111110000101100
111111100110110001111110110000001111111100001111111000111101010000010000000110110
000001001111110010000010110111110001000000110110111001111100101111100110000100011
111001011111101100000000011111111001000001101000001010110110111111110000000100110
111010001000011000111000001101111100000111101000010010111111000111101111111100111
111100000111011000111111100111010010111011011111001000000011100001100110111110011
000010001111000000111100001000101001111111101000000010111101110000000010111110111
111101101111111010111010100111111110000011010001001100111110101000000111111110101
110111001111100100000100011000011010000001100111110101111010111000100000111101110
000000001111110101000010111111110001111111000111111010000111110000010001000110100
110110001111110110111001001000111001111001101001010001111110010111110110111111100
000000000111111110111110110111101101001011010000011111000000011000001010111110111
110111001001110100000000001111111110111100101001000101111110010111011100111100000
000000001000010100000000000111110111001000000000010011000010000111111110000111110
000110100111101111110101101111100000111101011000001100111111110111110111111100110
111100110000000000001010100000110101000011010000011000000000100111110010000010011
001000101000011001000001110111110000000010100111110111111100101111001000111111010
111101100111011010110110110000011111000001000111110111000001111000010011111101011
000010001111001111001000111110110100000000010111011101000010010111100001111010001
000001100000101010111001111000010000000000001111101000111101100000100001000101001
001000101000010110000010100111100000000010110110111110111101101000001011000010100
111100101000010010111101110111101100111110101111101101000001001000000101110111011
000010011001101010001101110111101010111011001000011110000100001111000001000110111
111001110110110101000100011111110011111000101000011111000000000000001110111111110
000001001000000000000100000111111100111010100111110110000010010000010010000010111
110110011000011000000000010000000001111110010000111100111111101110111100000000011
001111010000000111111110001111100100000001101110111010111001000000111101000010010
111001101000011110000101000000101110000010100000010111111101011000011101000001000
111111001000000110000001100111011000111100010111111100000010110111101110001000000
000001111110110110000000011111111000000011011000000000111001000000000000111100100
111000010111110010000001000000001010111000100000001111000000001000101110111101011
000010001000010010000101100111101111000010001000101011000001010000010011111100111
000001011000010010110110101111101101111111010000010011111110100000000011000001111
111000111000010000111010000111100100000010000111111101111110010111100110111110000
111101001000001101000010001000000100000111101000010100000011100111000111000001100
000000101111100000000101000000000011000110100000010100000001001110010100000011101
000000101110111100000010011111111010000001111111101001111110010000010111000000100
000001100111010110000111100000100110000001101000011010000000101111101001111011001
000010010111101110111011011000110010000010110000000001110100101000010101111111001
000101101000010111000001101111010110000010011000010111111001110000010001000000111
111000110000010010111110110000010100111111000001001100111110101111111010111111100
111011000000011110111111110000000000000100101111010011111111100111000010000101000
000001110111101101000000110000010000000100110000000000111110110111110010000101000
000001111000110011111110100111111011000001000000100010111101000000011111111111101
000010100111100010000010001111000001111111000111011000000011001000101011000000110
111010010000011001000010010000010001110110100111101110111100011001000111000000101
000000110000101100110111110000010000111010011111101101000000001111001111111000101
000000011111100000000001010111101000111000111001010100000000001000000000111010011
111011100000001001111111001111100001111011110111101111000101101001000110111110111
000010111000011110111110100111110000111101111111000010000100010000000011000101101
000100000111000101111110100110011111000111111111011100111100010111010001111110111
111010100000000010000100111110111101000110001000110100000001110111010110000010001
111111110000001010000010011000000100111111001111000100111010000111111010000011101
000010110111011001111011010111111101110111100111001000000011010000110010000001110
111001110001001000000001000000001110000001011000111011111110010111110101000000101
111100111000000101000101110000100000001001111111110001111101001111101111000100010
110111011111100110110110011000000011111011110000010010111100101000001111000000101
111101000111011000111110111111001000111001100000010101000011100000001001000100011
000100001111011101111011111000001011111000111111110011000001111000001011000011010
111101011000100111000111101000011101111111110111100100111000100000001111000010100
111010100111000110111111001000010101001000101001001111111101010000000000111111111
111110001000000111000110011111010001000001100000000101000001100111011100111111110
111100110001000001111110111111101101111100010000000010111111011000111010110100000
000011111001000000000100010000011101111111000000101000000010011000100110111101000
111100010000110100111110011110011011001100101000011110111111001111111100111011000
000001101001010001111111111000000110000100100000000111111101101111000100111010110
000001000111100111000100111111011100111101101111111100000100100111110110111101000
000010110001000010111110111000010101111100000000010010000101000111111011111111011
001000010111001000000100100001000010111111111111110001000001001111111001110110010
000111110111110110000001100000011111000100101010000101000000001110110101000001011
111111001001001001000010001000010110000010111000000110000010101111101110000001100
000010111111110010111110001111010110111111010111000111111100011111010001000011100
000000100001000000111100100111000111111110011000011001000000001110011100000000001
111011100000000100000010100000010101101111110110110111111010111111011011111110001
111010001111111010000011101000000010000011110110011101111110000000001100111010100
000001011000001111111101010000000101110100101000010011110100000110110110111101001
111100011110111011000100000111111110000011100111011100111100000000011000000001101
000001011000001110111111110111110101101110011000001100111110111111110110111011110
111100100111101100111111100000010111111111111111010111000010110111101000110111101
000010110111010111111101000110100101000001000111000010000011001111110011111101111
111010001111111101111100100000010010111100110110101011000101110000000101111010101
000001101000001011001001011110001101000010111000010100000010100110110011111110100
000000100000011111110011010000101110111111001000001111111011100001101010111010010
111101010111010000001000110111111100110111101000110010111110000111101010000001100
111100001111111000000001010000001001110001000000010110000001010111001110111110100
111111111110101011111110011000111111111110100111010001111101000000010000111010000
000010110110010001110110011000000100000010100000000001111000000111000000000000111
111101010000111100111011111111001110110101111000100000000010111111111011111110111
111110111000001011111101100111110010000110110111111111111010011111110110111010011
000111010111111011000011000111101101000000100111001111000011110111000100111100000
110101110111110010111101011111111110000000001111011100110111101000100000000001101
000010101111111001110100111000100011000011101111111010000001100000000101111110111
000000101111100111110011110000111100111101100111010011111011111000010010000101110
111101101000101011000101001000000011110101110111011101111100001111110011000101100
000010110000000010000000100111010011001010001000001101111110010111101101000110001
111110001110110001000001110000010010000000111111111001111111011000001101111010110
111100001110110010111110111111111100110101110000000111111101001000011000111010010
000110100000001100000010101111101111111101110111100100000010100001011011111110000
000100011111110010111100111111001010000001001000110100000010000000100000111011110
110111101111011001000101010000001010000001001000001011000100100000010101000100001
111100110000101110000100010110101001111100110111010011111111110111111011111011111
111110010000010011111010110000010101000000011111011111000100001111011110110010111
111101110111011100000000000000010010001000000000001110000010101000011010111011111
000100010001000111111110100000111100000001010111110000111110110111010010111110010
000100100000011101111010110111100110000111110000101100000000001111101010111010100
000110111111010011111100110111110010000100010000111010111101010101111010111011110
111110110001011100000111100000011011111011101001000101111111110111110111001011011
000100010000010000111111011000001110111101111111110111111001100111011110000001001
111111111111001011000000110111100101000010010111101000000010100111011110111101011
000001101111101000111010001000111001001101100111010001110111001111111000111110100
111010011000100011000100000000011101001100100111101000000101100000000010000111110
111100100111010010000011100000000110000101100000110101111100100000001100000011011
111000101111001110111011001000001100111110010111000111000001011001010101111100010
000010011111111011111101101000111111111100000101110011000011000000000010000000001
000011110000111001000001010001011011000101100111101111110101101000110110111101011
001001111000010010111011111000101000000011011111110100000000111000110011000011000
111001111000111000000101011111111000111101111111001000001001011111000011111111100
111101011000011001001001001000000010100010110111010001000100000000100001111111100
000000010000010000000111110000000000000011101001000100000101011110110011111001001
000011000111110110000001101000001001111000110000101010000100110000011000000101111
111110111000000010111111110000011100110011110000100001111001110000000001111111111
000110011001101000111101010101011110111011101000000100000100110111010111111100000
000101101001100110111110000111010000000110110001000101111111001111110111111111110
111111010000101011000001110111001000001001010000001110000010101000010101000111100
000010000000010111000000000111101010001110000000110001111010101000011010111111111
001000000111111000000000111111101111000010110000001000111110010000110010111111100
001010011000110101111110110110011010000101111111101011000100000111110101111101111
000110111000110101111111001000011101001000001001000111111100010000001000000001111
000011000000100011111001111000101100000100001111101001000000100111101101111110101
000001001111010101111011111000100000000101110111100111000000110111101111000001101
000001111111110110111110011000001010110111010111000101000010110111111011000000010
000111110111010010000110100001001111000000110000100011111110010000000101001100001
000011110110000110000010001000010100111010110000100000111110110001000010000011010
111011100111010110000001000000011001110111101001001010111100100111111110000000101
111101100000101110000101001111011110110111111111100010111110011111111000000100000
111010111000111001111111000000001101111010001000001000111110110000111000111101101
111101111000101011000001010110111000000011110000001000000100010000100001111001011
111101011000000100111101111111101011000000100111101010111101110000000010110100010
111101011000000011000000011111110010111001101111111000111110100000100111000011000
000100110000111000000110110111100111111101000111111111001011010001000111111110011
000011111111010011111110101111111111111111010000010110000100111111100110000100001
000001111000010000111101011111101100111001011000100010111111000000011000110101001
111111000111100001111100101111101111111110011000000111000011100000011010111101101
000110010000000100000001010111101100000001101000110010000000001111010001111101001
111100010111011011000000111111111100001011011000111010111001100111101110110111001
000010000111001111001001101111011001111110110111110110000111000000001011000101100
111011100111001101111101111111010000000000101000001010000001101000001100111101110
111101101111100111111111100000010011000010011111001111000100111111110110110111111
111000010000001011111111100001000000001000111110111110000010000000010011111011000
111101000111000001000000010110101010111111000101101100111011011111111011111101111
111100010111001010111100001111111011000010110111100010000000011000111110000011111
111111001000000010000010110000100011000001100000000101111100010111100011111110101
111110011111110111000000100000110100111110101000000000111101101000010111001011010
111110100111101100001000111000000001000100100111111001001000000000000011001100111
111001010111100010111111111000010110000000011111100001110111101110111100111110110
000011000000000111001100000001000110111010001111001010010110111000101000000101001
000000100000110011000100010111100101111001010111000111111101101110100011111101001
111011110000100010000001000001010110000000001111100011000001101000010011111101110
111101010111111100111011101000010011111101101000001101000011000000001100000001010
000000111000100001111010001000101010111110011101011111111110001110110011000000001
000101000001001001000011000111101111000001010111011101111100011000100100111001111
000000011000010110111010001000101100111011011111001100000100110111011110000101001
111111100111111000111110011000010100000111010000000110111010100000010111001001110
001011011001001010111111110111011011110011111111110011000010011010001110111100010
001000011000000111111110100111011000000001000001001011111101001111100110111111010
000010100000001101000101111111110101111110100111101101111010011111101101000010010
000001000000011101000000110111010000111101000111011100111100011111000101000000110
000011000111000110111001101010101000000101001000001000000010110111010100111111011
111101001110101101111100010111011100110110101111001101111100000001011001111100100
000111101111110011110110111000001000111100011111101100000101010000001100111000011
000000101000011010001001000000100100000001101111010011001010011000000001111101101
000100101000000111111010101111101010110101000000001011111010101000100011000000101
111101011000010110000000100111101110000111010000000011000001111111000101000111100
000110111111010010111010011111101100111010100000011010111111001111111101111010101
000101011001100010000100010111100000000110111000010101000100011001100001000100101
111011000111000010111100001111010111001110111000111010111011001000001110111110101
111011111000100000000101111000011010111101111111111001000001011111010010110111110
110110001111100100000001101111100100111011000111011011111010001111011011000101001
111101010111110011111010000111101110110110011000100010111111001000101000000110001
010000101000111111001010111000001111000010010111110000111101110111011110110100101
000000001110000010111010110000011010001000101111110000000011011111110101111001110
111011101000010110111001100000000000111111000000000100000010001000011001000000101
111111111000001110111101100001000100000010110111100010001000111000000010111110001
111100101110110000000000110000010101000010111111100111000000001111111010000001000
000001011000010001000101100000011110110101011000000000111101100111101000111111111
111001110111100100000001000111000011000110011111011101000011110000100101111011001
110101000000100100000100010000001001001000001000001100000010110111101000001000000
000000011001101111000000110110111010111110000111010111111011010000000101111010011
000101110111110001111101011111110101110110000111001110000000101111111010000001011
111111010111100100111011011111011110111001011010000101111110011000100101111011101
111110110111100000111110100111110010000100011000111000000010000000000101000000010
111101110000100011000000000111110001111011110111001000000110101111101011111000000
111111110001000010000110100000001011111110100000000100111111111000010111000110100
111011110111111010000001000111101011000110101000001001111101110000011011000000000
000100101111110101111111101001011100000011011111110001000011101110111010000010100
000011100000011000111100100111101100000010000111010010000101110000101010000000111
000001010111001001111100101111000111111111001111101000000010001111011001111010100
110111101000000000111101010000110100000101101110100111111100010000000110000001100
111100111000001111111101000000011011111010111000001110111111110000001100111110011
111001101000000100111110111111011001000010011000110011111110001111101101001001001
000100101110111001001001100111011010111110000111111000000000010000111010111011110
000001110111001100001010111111110100001100011111100100111011010000000001000110100
000000010000011101000111101111011101111011001111111100000001011000100001000000001
111111101111100010111010111111111110000011010110010000111101100111000011000000100
000110110111110100111011110111101101111110111110110010111000111000101011000010011
111101110001000000000001110111010000000110001110101001111110011111000001110111100
111111101111111110111000010111110010110101011000000110111101100000000111110011010
111101101000011011111110111001101000000011100000010110000101010111111111111111011
000110101111110110111101000111100100111101100110100011000110000000001000111110100
001100100000111100110100101111101010111000101000100101010100010111000011111111100
000100101110110110111101011111001110111110010111110110111101000000000010111101001
111110110001011110100110111111000010111111001010000011111110111111100111111110101
000001001111111011000001100110110111000011001111110010111110110000000011000010010
111010101111110101110111111110111101000000011001010100111100100000001001111101000
111011001111110001111110100000110000000110101000000001111010001111100111111010110
000001000110101011111101101111111111110010000000011111111100100111111011000101000
111101010000001101111100000110111100000100010000110111111111101111111010111111100
110111100000000110001011100111100001111010100110101101111111111111001011111011100
111110111111001100111000001000001110111111111110111111111111010111110010000010101
111010100000011100000001011000110111000001111111111110111110001001000111111101001
111100101111110011111001110000100111111111100111100111000000111000010100000000011
111001011111101110111001000001011001111001000000001110111110001111110110000011101
111101000111100100000000011111011111111111000000001101000011110000011111110110001
111100011111101111000111110111111000000011001111110111000010110111111111000101111
000000101000100100111111010111011100111110000000010101110010100000001110111110001
111011100111010101111100000111100001111111110111101111000000010000011101000011101
111010110000101111000010010110100100111111010110101000111100110111010100111111001
000000000110111011000001100000000101000100010000100001000001010000001110111011011
111110000000011100000011111111100011111110100111000000111100111111111011111001100
110111001111010000111010010111111010000000100110110001000100010000000001000010011
000010001000000100110111110000010101111101100000100100111001101000011000111111111
111111110000000111000001100111011110001010000111011100111011011111101110111110001
111111101000000000111111111000011000001001000111110111000001110111000011111100100
000111000111001111000010101000001101111100001000011011000000010000010111111101101
111011000111100101111110101000101100000011100111101001000001011111101100001010000
111111000000110100111011011000100000111001111001000010111101100000011100111110101
111100101111111011000001111000001110000001100111101001111101000000000001111010111
111110011000101010000001000111110011111110100000101011000100111111101011000001010
110110011000010010110100100111001010111100110111000011111111000111101000000111011
000011011000000010000010111111100110111100110000000100000010100111111001000001001
111110101000001110101111101000000101111101111110101010111101110001010110101111110
000010000000000101110110110111100111111111100111100010111111001000000100000001001
000011111111010111000010011111011111000011001000001011111111110000100000000010000
111111001000110010111110000111010101000000010111101111111110101000001010000101000
000001100000100100000011100111101101110110001000001011000101011110000111000101010
000001010111100001111110111111111011111101110111011001000100011111101010111100011
111101011111110111000001100000001101111111011001011100111111100000001110111100001
000001100111011101000100000111101011000100010111100011000000001000010001000010000
000110001000011100111111001111110001000001100111011110110101110001010110000010000
000001101111101101000000101000001001111010100000001010000000110111010101111111110
110111110111111100110101011111111010001000100001011001000011101111100011111110011
111100011111001001000000000000101111111101100000001011000011010111111011000001110
000000000111000110111001010000011101001110001111110101111010000000000111111101100
111100000111111100000011110111101100000001001111100111111110101000010010000100111
000001000111000110000010011111011011000110111000100110000001011111110001111111001
111100010111111010111110010111110110000110011001000011000000010000000100000010001
111011110111110001000101110111100010000010111000011100111110101111111001000101100
111110011000101111111111111000110101111101000111100101111101111111111011000100110
000000010111110101000011110000001010110010110110111101111111110111111101000010011
111111111000100110111111101000101011000110000000001010000000101000100001111111000
000000011110110100111000011000001101001011010000000011000000011000110111000001000
000011101111110001000011011000001101111010010111101110111110010111111101111110111
111101000001011000001000100000100011110111101000000111111111010000001001000110010
000101001111110111000000111000111011110110011111011110000000011111110110110110001
000111000001011100111101000110011110000000111000000111111111101111001100000010011
000000001000000000111100110111110100110101100000101001111000101111101011000100100
111010101000100100000100011111100010000001010000100100111111010000110001111101001
000000001000101111000011001110110011111000000000001000111110001111111110000001001
000110110111001101000000010111110101000100101000100010111101100000101111000000110
000011011111110011111101000000011111111010101111101101111101101000010001111110011
000001100110000011111110110000000001000000100000110110000011100111111000111101100
000110001000110110000010110111100110000001100000111101111001111111111111101101111
111010110000100110111110101000100101001011111000000011111101111000100010111011011
000000100111100001000111101111000010111000100111110001111011100111111001000011001
111111100111011001111110001111101001000110100001001100111100111000010010111110011
000011100110111000000000011000001111000110010001000111111110101111011011111000101
111101010000000100000001100000101001111101110000111101000010010111011100111000101
111111010101111011000100111110010011000000111111011100000000110000011110111100010
111011011111101000000010000000001110001100011111011110111000110111110111000111000
111000110111101111111111100001010000001001011000000010111100011110001111111111011
111111001000101001111111110000000100000110010000100010000001101111011000111001110
111111001000000110000100000000001101111110010111111101000011010111101001001011100
111101111000000111000010100000110000111101101111100011111100100111111111000010000
111101110111101001111101100111100001111111110111110010000100010111110011111100100
000101100000011111111110101111001100000111011000001001111101100000101111111101100
111110001111110010111110110000000011000001111000000111111101100000100000000011111
111100110000111000000101001111100100111111110110111111000001010111100011000001010
111101111000010101000010110000001011000000101000111010000001011000000011000001110
000001010000001000000000010000010111000011100111100101111110111111011001111100000
000011000000000001000001011000011000111000111111010111111011011111111001000000101
000011000000110011111101001000000000110011001001001000000001010111001100110111001
111101100111110011000100001111110100000001100000001001111110001000011110111110011
000001100111001101111100110111111100111100001000100001111010110111100001111000100
000001000111010110111110100111010011110110111000100110000100100111100100111000110
000001111000011100110110001110100000000110010000111010000110100111000111000010111
111011111000001100111100111110010001000100100111111001000100101111000001000010101
111010011111111010000000010111011111000111101000110111111110001111101001111110010
000000100111101000111111111111011100000001000000110001000000011111101101111010001
111011000111111001110111110000100101000000100111110010111101010111111011110000101
000100011111101100111001011000101001111100000111001111111001110111111111000001000
000011111111111111000000011000100011000001101000000010000000111111001110000000100
111111011111100000000001010111011000000001000111110100111110111000000010111111101
000000001111110111000101110111101010111101000000111100111111111111011110000110111
111101100110100010111110000111001011000000011000000100111001100000000100111110011
111101111111011111111011101000011011111101101111000001000010100111111101111111101
111001001111100001000101110000001110000000111111001001000000001111101000111010111
000000010111100011111111110111110110000010110000010100000010011111101000000000110
111010000111111010000000110000101100111111010000000100000010011111101011111110011
111010010000101100000011110110111111111010101000111101110111011000101101000010011
000000110000010000000101101000100010111000111000110011111110011111000100000001011
000000111111110101000010110000010101000000100110011111000011001111101011111001010
000001100111100110111001101000001000111111010111111010111110000111100100001110100
000101000111100001111100111111011111000111001111110100111011101110111111000011001
000011001000100001000011100000000000000001100111100111111100000000001010000000010
111101100111100001111111010111110001000010100000110110000010011111011111111011100
111101111110111100111011111111110000111100010111011111000100001111110001111110000
111100001000000101111001101111111111111111000001001000111000111111110101000000100
000000111000010000000001100000111000111101000110011001000010100011100111111100001
111101011110101101111101011000000100111101111000010110000110001111101101000010000
111110110000001000000000101111101101000010000111010011000000110111011010000000110
111100000111011111000000101000001101000101101111111000111111010111111111000100010
000010000000001000111001111111111010111001010111110101000000011000000100000010000
000000001111100011110101110000001110000100010111001010000000111000110101000011100
000011010111101001111111110000000111101111010000001100000110100111111111111100010
000000110111110000000100000000100000111100110000100011111110110001000110000010011
000011100111010010000000110111110001000000110001000001000000111111101011000001101
000000000000010010000010001000100110111001110111101100111101101000011011111110011
111101011000001001111011011110000111000100000111010000000010001000000111111100010
000001010000000011110100101111111010000011100000101001000101111000000101000011111
111010010111110011111111001111111011110111100111011100111101011000011100111100011
000101001000001101111100111111100111000010010111010100000001110111110111000000010
000001000111110110000000000000001001000000111111011000000000000111100111111111000
000011100000011100000010100111111111000001011111101010111111000111010100111000001
111111100000010000111100111110111100111010010111001001000010001000101001111101011
000010001111000011111001011111111101111101001000000100000010011111100000000010001
111101001000000101000011011111001111111100000000100001111100001000010011111110001
111101100111110111000011001000001001000110000111011001000001110110100110111010000
000010001000000110000011011111101100111010101000000100111100100000101000111110000
000111001111010001111000110111001111000011111000011101111110110001000110111111110
000001110000110011000110101111110010000110000000011001000100100000000011111010100
111011010000010101000011000000011011110100010111110110111100101111100101111110010
111110001111110111000001010111000011000001110000110111000111101111010010111101011
111101110001000000000100111000011101000011111000001011111010101111101101001010001
111011001000100010111111111000101010111110110111111010000001100000010100111011111
000010010000001101111111111110010111111010111111110100111011110000011001000011000
001011000000001111111111010000010001000010110001000001111010111000000000111010111
000101110000100001000010001000010010111100000000110011111011010000010101000001100
000001011111111000000010000111100011000000100000100011000110010111100111000100001
111111101001011011111110110000011001111001100111111010000000000000010011000010100
001001001111000101000001000000110000001000100111011111000010010111010010111010110
111101011000011110000000011111011100000111111000101011111011001000011010111111000
000001111000000000000101110000010010000001010110001111111111010000011101110011101
000110110111010001111001110111010010000000000111100101111100001111100111111001110
000100001000001110111101110000111001110111001111011011111101001111111111000001111
111111101000000101111110011111010101000101100000011001111111000111010101111010110
111111101111110100111111010111100011111101101111111000000001110111010110111111110
111110010000000010000010001111111001111111110000000101111100111111101111111001111
000100111000111001000101010111001010111010000111111111000011101000010101000000010
000101000111110101110101100000100010111101011000100001110011111000010110000001010
000011100000000000111110110001001011111101001001000000111110110000110100000011001
000001110111110111000000011000011000001100000001000110111111001000000111111010010
000100000000001010000001100110111111111110111111011000000101010000001100111101001
000000100010011101111111010000100110000001100000010011000001001111100001000101011
000011001000000100111000100000000000000100111000011110000100011111111110000011100
111101111000000001000000010110011100000100001111001101000100111111101010000001100
111100011111100001111100101111101101111110100000001000111011110111110010111111011
101101100000101110111001011111110110111100111111010101111011110000111110111111010
111101010000000100000010101111110111000011111111101001111111001000001100111111000
111111001111101111000001110000011000110111011111001100000000011000011010111100101
111100100111101110111011101000011111000101000000000111000010000000001001000011011
000101110111011110000010010111000101000101110111101000111110110000101000111000000
001110100111111101001011100111111010111101010000011010000010101111111001000000110
111101011001101011000001000111010011111110101110110101111111100110001111111111001
111101011111001001111100111000101111111100110110100101000001001000011100111100111
110110011000001011000010100111111110111011111111100010000101011000000110111001000
000001011000011111001011100111111111111110001000011001111110110111010001001100001
110100100000001010111011111000010010111011010000011100110010010111101000000000001
111001000000001001000100010111001000111011000111011010000000000111000010000011100
000010001000001001111100101111011101111010101111100000001001100111010111000011001
111011110000111101111010111111111011111110100000000011111000011000110010111110000
000011101111110000111111001000000110000110100000010000111100101111110111111101101
000001011000100101000010011111100010111110000000101000111100011111000001111111011
000000001000100110000000000000001110111100111110101001000101111000001110110011110
000011011111001110000001010000000000000010101111110101000010111000011011111111110
111101001111100110111101101111101100111110011111111011111110010111110111000010100
000101100111101111000110111111110100001000010111110100111111011111110110000000000
000100110000000001111000101111111011000100100111111110000010100000001110111101000
110111111111110100000100110000010101111100100000110000111100100000000001000101011
000011110111011110000110010000011101111111101000001110000000010111101000111010001
111101000000010101111011011000001010111111001000110110000000111000101000000000010
111101110110101000111111000001100010111000010000000111111110110111110011111011001
111101011111111101111101110000000001111111110110110100111111111000110000111110000
000010111111111110111110010111111110000000101111101001110101000110101011000000011
111011001111011001111110001000001001111001001111111110111100111000001001111111101
111000000111110101111001111000011110111110101110111001000000111111100110111110111
111110111000011110111100010111111011111000011111110110000101000111010111000001100
110100001111101111000010100000000111111101010001000101111110011000001110111101000
111011011111101101000011110000010011111110101001000000111110111000010111111110000
111100001111111000111100110111110110000101001111101110000000100000011011111111100
000100000111110011111101111111101110000010110111111000111100110000000100000100010
111111001000010100111010110111111000000101010111101111000110111111011001111100010
111111111000010100111100110000000110111000111000001100111110110111110000111111001
001011010111010011110111111111110101000000000111011000000011000111111111111111100
000010011111010010111100010000011000000010011111100101000001111000101110110100000
000010110000000010111100010000010100110111100111111011111111010111100111111110101
000100100111001000000010100110000001000001010111100010111100110111110000111110000
111101011110111101111011010000010111111100101111101111000101000110111111000010101
110111001111011101111011110000011001111001111000010110000001111000100011111110010
000011011111000001000100100000010101000010110111101000111100110111100111000100100
000000110111110111001011001000010100000011011000100000111101101111010100000001100
111000100000101101111110001111100010111110001111110001110100111111001101111010110
000111101111010111000010010111000011000011100000100010001000010111100000000001111
111100101001000101111100000000101111110111011111000001111111000111010101111110001
111011001111110010000000100000111011000001101000011000111101000111111100111111001
000000111000100110000000111000010110111111111000001010111010101111011001111110100
111111011000100011111010000000010111000011111111100111111100110000100011111111011
000111001111001000111111101111100000110110111111011001110111101111010011000111001
111110111000000101111101111111011011000111001111111111111111100000001110111101100
000110010000000110000001010111101001111110111000100000111111100111011001111100110
000001001000010000000110100000000110001001101111110001111101001000011101101110111
000010111000101011111100110111000100111011111000000100111001100001011100000000100
000011010000011100000010111000101011000010100000000110000010100111110101110111001
111110010000000010000010011111110110111101110110100010111110011111110111000000010
111000011000110110000011001010100101111001100000011001110111110110001100111111010
000100000111010000111000000000000010111001110111010100000110001111100011110101011
000100011000010001111101100000010111111100101111110111000001011111110100000001111
000000010111100011000001110111011011000000010000011010111111000111011110111111011
000101101000100011111011101111011100111100110111010001110011000111100110111110111
111110000110100000111100011111001000110000011000001000111011001110111111000010111
111111000000101110111111011000010010111101011000000111000101010111111111111010000
111011011000000100000000111000000110111111001111011001111101100000000001111111010
111101010000001101111011101110111000000100001110110110111101110111110110000001110
111001010111101010000000011111001001000100101000001010111110101111110110111010001
000100010000101010110100100111111111000000101110111101000011101111010000111100001
000110011111110011110101111000001101000000111111101001110110100000100100111101010
010011100111010100000000000110110111110010001111011100000000001000001100000110001
111011000000010101110100111000110001111011100110011111001001100111100001000111000
000100000110011111111101011000001111110100111111001001111110001111111011000001111
000010010111100101111101010111100111111101100111001001000011000000010100000101011
111010110110110110110111101110011100111001100000000000000000100000101001000101110
111101010110100101111101010111001011110011101000110111111101001000110011000001111
111100100000000100000010110110101100110110000111001111000011001000001001110001001
000001101111111101111110100000000010110010101111101100111101010000001000000100001
111000001000001101111101101000000110000001111111100110111110111111110010000000000
111110000111101110000011010111110000000000110000100100111000111000010001000100011
111111110000100001000100110111010011111000011111001110000010010000111010000101100
000010011111110111111111010111010011000001101000001101111111010000011010111010110
111010101111001000111101011000000111000000111000110111000011111111100001000011000
111110011000000111111011110000010110000101000000001100000010100000110000111110101
000100100000011111111110101111001011111010101000011100111110101111111111111110111
000000110111110010111001110111111110000000110001010110000001100000010110000011101
110010101111100010111101001000001010000111001000000110111010100000011000000011101
000000010110100111000101000000001100000010011000011100000001010111111000000000101
000010010111011011111111010111110011000110111111111100111011111111101000111110100
111110001111100110111111101111110100000110011111111101000011110000000010000010001
000001111000010100111100001000000011111010000000010100000100010000010000000011010
111010000111100101000001001111010011000100000001001010000010011111101011000011101
111001100111010011000000110000011100000111110000100001111101111111110110000010010
111001110000000010000000000000011110000000010111101111111010101000100101000011001
111110111111101100000000011111110100111001001111101000000001011111110100000010100
111111101110111011111101101000001000001101000000010101000000000000110001000000110
111010000111101010000001010111010001111111000111110010111011110111110111111011011
111101001000010111001101001000001111000101101000000111000101010111110001111010011
000010000111111000111001110110111101111110001111101111111111111000001100000011001
110101100000000110111111111000101110000001000111111101000000011111011111111101101
111110101111110111000101001111010110111110110000010111111110111111010001111111011
000000011001010101111000001000110010111110000000100111000010011111100011000000100
111011000111010010001011001111110010111101001111101001111110001000001110000011101
111111100000001100000100001000001100000000110000001110111011001111011110111101101
111111101000011111000100100111101000000000000111100011111110100000000110111010111
001001010110110111111110100111101011000110101000001110111111011111111101000010001
111010001001001011110110001111010111110011100000110111111111000000001001111111111
000001001000100010111111000000010100000100100000010011111100101111111101111011101
111101110000010100111000111111100011111011011000000100000001001111000110000010010
111001110000100010111101000000100100000011000111111101111110011000000000000011100
000110011110111110111101110111101000000111000000011110110101000111111111000000010
000010100111100000111011000000010110111100110111110001111111011000101110111110101
000001011111001001111111111111101100111110100111101000111110100000001001111111101
000110100111101111000001000000000010111101011000011110111011010000000100111111111
111110010111100000111101011000010000000100010000000100111111111000011000111111001
111011110111010001111101000111010010111101101111101001000011101111010111111111000
111000111111101110111111101000010000111110011000010010000011011000100101111110001
111100100111110000000001010111100001000101110000001010000010000111110110110111100
111011010110001100000101111000000111000010000111110100000100011110111100111011110
000001011000001101000000100111011110111011111111000111111101010111101011111110001
111101110000000101000000101000000100000011100000110101000011011000001110110110011
111100101111101111111011001000100100000101101001010010111111010111101101111110100
111111011000110100000010000111010000111111100111110100110111110111001010111111000
000101011000001010111110101111110100000011110000010110111111011111011110000000101
000001011111111100111101010111110010000010000000000000000010100101110111000001111
111101001000010000000001100000011100001100000111111010111101001000100110000101011
000001100000010111000001101000000111111111111000100100000010010111101010111110100
111111101111100011111101110000100100110111011111110111000000110111111110000010110
000001111111010010000011011000010100001000110000000111110101101000011110000011010
111011110000010101111101011000101011000001000110011111111101111111011000111110011
000001000000000100000001101000001101111101010000010101111100011111110100000001000
111100100111100110111001111111100100111111101000001110111101111000111011111010111
111110101000010000000000110000111010000110100111000111000100001001000010000011100
000010010000001100000111110000001110111000110111100111111010111000000100000011111
000000110000000111111101001111110010000011001000000111111101111000000101001000001
111101000000000111000100101000010011111110111111000111111100001110110000000011110
111110010111100100000101111000100110101010110111011101000111100000100110000100111
000011011001010011111011101111001010111110010000010110000010010111010001111001111
000000101111111101000101110000110010111100101111101111000100011000010111001000101
111111000111111110111111100111110011110111111000001110111001101000001100000001000
000000011001100001000011010110010001111010000000110100000011011000100101000100000
000100001000000101110010101000010111101011110111110111000001101111100001111101101
000000011000110101000000011111100110111111000000000010111110101000101000000000011
000000000000001110111111101111101101000110001000001000000010110000010100111111100
001000000000101000000011110111011010001001000111110010000011111111111100000100100
000001111110100011111110110110111101111111101111100111111110111000001111110111101
000101001111111011111111001111111111000000111000110011111111111000001100111111111
000100111000010001110101110110011111000010010000001000000000001111111001111111011
000011001000100110111110011000110101111111101000010000111011011111110110000110111
111001001111111110000010110000000101110111001110111011000010011111110111000001101
000100101111111000111111010000010111111101001000110001000001001000001000111101100
000001101110011011000011110000010001111110110000010100000000000111011001000011101
000000011111001001000011010000010111000100101001010101111101111000010010111111000
111111101111000101000010111000010000110101010111101110111111111111111011000000101
111111111111111100111101010111011111111111111111101011000000110111110000000001111
111100010111101101111110011111010000000000110111110111111101110000110100111001100
111001010000101111111110000000010101111111001111111010111001001111111000111100000
111011101111111010111011000111011111111111101110111101111101100111011101111011110
111111001111110111000000011111111011111111000000000011000001100000001000111101111
111110001111101001111101010000000010111101101000001001000110101111111000111110011
000100010111110110000000100111100011111000001000000101111111000110111111000000101
111110110111101011111010101000000101111110000000100101111110100111110011110011100
000001101111001001111111011111111001000001110111110111000000110111101110000100000
111111100111111000000001001111111010111111000001001000000001000000010001111011100
000010101111110011000111010111000111111101110000000001000010100111010000111111001
000001010111011110111000111111111011000010110000000000111101000001010000001001000
111110110111001100000000101000001101000001110111001110000000000000001101111011000
110101110000000001111110111111111111001100010111001011000001111111010110000010101
111111100000001111000001100111000111000010110110111001110111110111110100111110010
111100000111001101110111100000000101111101001000001001000000111000011110111100111
111011010111110110000010001111111000111011011111111010111110010111001100111110011
111111010111111000000000011001010110000110001000100000111101101000100010001001100
111111000111011110111111100000001010110010010111111011000100100000010011111011001
111000101111110011000001000111111010111110000111101000000100111111001111000000000
111110111000000000111100110001011000000000110000010101001000100111101001000010011
000000111111110001000111010000011011000010101111110100000010110111010100111110001
111010100000010110000011100000001001111010100000100100000000011111111011111011101
111111011000011010000000000111011100001001001111101111111110010110111001111100001
000000100111100001111101110000001010000100001110111000111110010000000000110101001
111111110001001100000001100000001110111110000000000101111011010111110001000011100
000011010000011000111101111111101110000111100111101110000000100111111001000000001
000000000000000100000001010111101110000000011000000000110111111000000101000010101
000000101110111100000000110000100000101111111111110011111101111110110100111110001
001000011000011011000100101111111110111110101001100101000001000000011001111101111
000001110111100010111110100000100110111101010111011110000000100000000110111101011
111111011111011101111101101000011111000010000111100010000010110111101100111100010
000111001000010001000000101000101000111101001000011110111100111000000110000010000
000010011000001000111111011000010011110101110000000011000010111000000001111000001
000001010111101110001000010000000101111110111000101001111111101111111011111001100
111101011111110010111101001000001100111110000000001011000001000000000101000011001
000100100000100110000001010111110110000010001111111011000000011000011001000010011
111111110111111111111010011111111011000001010000100000000010011111011000111111010
000001010000111110111101010000001011000000101000000000000000100111010010000000100
111111101111101011001010001111000011000001100111100001000001110000000010111111000
000001110111100110000000011000010010110011001111001001111100101000000001000011111
000010101111101111001001110000100101000100111000010101000000101111101000010000010
000111000111100011000001010111111101111011000000100011000001110111011100111111001
111011111001000100000011010000010110000101101111110100000111000000011010000000001
000010000000001000000001101000011101111010001111110100111101101000100111111001111
111111110111000011111110001000101011111101001000010000000100111001010111000010101
000011001000100011000100101111110100000101101111110101111100010111111011000011001
000101001111100000000010111000010110000001111111001111000011100000100011001000001
111110101111110010001101111111011111111100100000011011000010110000011010000011000
000000001000010111000101001111011001000001100111110111000110001000000100111111001
000101010000011011000010010001001010000011100111100111111111011000011111110111110
111001111000001001111011011000000000000010101111111111111001010111110101000101010
000011100111101110111101100111010110000010110000010001001100111111011100000010101
000010111000100000111110011000000001000010001111111101111100001000001100000010010
000100010111011111111000110001000001111101110111110111000100000001001110111110000
000000100000011000111111010001000001111110100000101101110110011111110011000011101
111110000111100110000001001111110000000001000111010000111110111000010001111101110
000000011111101001000010010000011100111000111000001011000000010000010000000111000
111101011111111000000100010111111101111000111000000011000100110000010010000110001
000000011111111110111100000111110110001000111010001010111100111000011000000100111
000000001000011110000011010000001011000111001111101011000000110111101100000101000
111011111000111011000100000110100010110111101111110001000001000111101101000000110
000010100000101001000000010111100100000001001110011110000000101000001010000010001
111100101000110000111111110111000111111110011000001101111110010000000011111101011
000010010000001110000001111001011011111010111001011001111011000001000000111001011
111111010111111100000100110110111010111110000111101101111010011000001011000110101
000110101111101000111011100000000111001010111111011100000011110000010111000000101
001010000000000011000101010110111100111011001000011111111111111111101111000010001
111110110000001001000010001111110011001010010111011000001000001110101011111110111
001010000000101110000011000111110000000000010000111110111100010000110111000000100
111101010111001010111101011111010110000001100000000000000010011000101000000100101
111111100001001100001001011111101110000001110000011111000000011000010000111110100
000000000001000100111010011000111111111101110000000111000000111111111000000001101
000111110111010111000010100111111000111101101111111101111001011111111011111111110
111011010000000111001101010111101100001001010000000000000100010111110010000000100
110110000111001010000010000111100100000001110111111110000001001111101111111011110
001001110000000010110111101111100001000010111110001000000000111000011010000001000
111010011111100010000000010111110000000100011000011010000000101000010000111000100
111111010001001010111110011000000100111101101000010101111100100000011110111010110
110000100000100100000101000000000111000001001000100001111111011000001100111100011
000011111111100111000001110000011101111011010111101000000000011000001111111111010
111101100000001100000110001111101101000001101111101001111111000111100010111001111
111001001000001010000000010111101010111111001000000101000000000111100100000101110
000100101001000000111100111000000010111110011000100001111001010110101100000010110
000011101000001011111111010111000110111010011000001011000001011111101000111110000
000010010000010001000010011111011011110111101000001011111100101000011000000000011
000001100111011111111110011111101100000001011000100111000001011000001100111001110
111010111111101000000100101111111101111010100000010011111101000111100001111111001
000001111000010010110110011111111110000010011111001101111110000000000111101110111
111110010000001101000000100111000101111100101110100011110110111111001011111110000
111011111111011000111110111111101100000101010111111000000010111111100111111110001
111100101000100111000000100111010111000011101111010101110111000111110111111001111
001101000000100001111101000111101110111010011000011011111111111101111011111100101
111100011000001000111101010111011000111011001111000110111100001000000101000100001
111010111111101110111010111000101101000010001000101010111101011111101010000110000
000011001000000001000110111111110101111001010000001011000001101000001101000010111
111100101111110101111101011111110001111101101000000111000100111111010111111110110
111101100111001111000010011111011110000011001000100010000010110000000001111001010
111101011000000110000011111000011111000001010111100100000000110000011011111101011
000100001111111100000000011110111000000010000111101110111100100000011001101100000
000011000111111011111000001111110100111111011110001001111100100000010100000010010
111010011111101000111000001111100011111001001111000101111010010000001001111101011
000001000000000010111110001000000110111001111111111011001011011111011100111011100
111011000111110011111010101110111011111110010111011100000010001100110101111010100
111010110110001000111100100000001010110100010111101111111100100111111001000001010
111101000111111100000000101111100010111111100000101100111110111111100100000000111
000101111111110010111111110111011101000000000000011111111010010111001001111110100
111111011111101100111111010111011011000000001111111011111000110111001010111111111
111111110111110101111111100111110100110111110111111100000000011000001100000010011
111101101111011000001000101000010101111110010111111101110110101110100101111101111
000011111000000001111000100111111101111110010000110000111011000111100001000010010
111101011000010110111101110000010101111111100110100100000000011000000000111110110
111100010111100110110110010110111100000011001000001011111111011000010101000000101
111101111111100101110110011110110111000010100111111011111010101111001100111111111
111110010111001110000011101111010111111110010111100000000001000000100000000001001
000010001111101111111110111111111111110000010111010111000010101111100011111111000
000001001110111101000000110111011110000100110111101111111111011000000000000100100
111100111111101010000101100111111010111101000000010100111110001000000111000001101
111100011000000001000110011000010100111010000111101111000000111110011110111101011
111100100000101101111011101111011100111110011111111111110111001000010100000000001
111100101111011100111101100000100001111101000111111110111111100000110010000000001
111101011111111111111010100110101101000110100111110001000001000000100010111101111
111110001000100110001001001111101011111110100000011100000000010000101101111100010
000010101111110011111110111111110010111100010001010000000010000111111011000110100
000000001000001110000000000111011011000011010000000100000100111000010010000001001
111101001000001011111000100111111100111010010111111101000010111111110011000100010
111111000000101011000001011000100111000111010000101001000100100111001100111111101
000001111110100101000010011000010111000000010111111000111110000000010111000011001
111101111000100010000011101000111110111100010000010000000000010111011101110111110
111111101110110110111110000000010011111111111000011111000000010111111010000000111
001001010111011111111110110000011111110101010111011101111100011111101010000011011
000001001000101110111111111111001000111101100000000001111111010000001010111101101
000001111111100010111011000110110011000001100111101110111000010111100101000001101
111010001111110110000010010000001011000011111000000100111010000000010110111100001
000001001111110000000000111000011101000011000000001001111111010000010010000011010
111110111000100101001000101111100011000010110111110111111111110111110110111010010
111100100000000011111100111000100100000000000111100101111111000111110011111111010
111001001111101110000010001000011111111001110001000011000010100111001111000110100
111110110000010001110001110000010000111110001111111010000001010000011111000010100
000011000000101011001001000000011011000001000000001110111100100000010000111011011
000011001111100110111110000111100011111010101110100010111101001111110101000011010
111111000000010000000011000111010001111111001000101011111010100001000110111011000
000000111000011010111110111000101010111010000001011101000011001111110011110101111
111101011000011010000110001111110110000010010111110110110100101110010000000111111
110111100000101111111010110111000000111001010000110000111110110111011001111101010
000000001000010010000000111111011111000001100111101010000100100111101111111101011
111011110000001001000010010111100011000110100000000001111101101101111010111111111
111100000000011000111111100111110110111011111111101010101111101000111101000101110
000100010111101010000001101000111101000100001000000010111000000111100100111110100
000000101111010101000010100111111110111011111001000001000001000110111111000111110
111100111000110010111001100000100101000011010000100100110100101000011111111111000
000101111111111010111110100111111101000001101111111110111110101000010100000001011
111011101111100001111001100000000100000001011000011101111111000000000001000001111
111000000111110111000101011111110001001101011111000101000100000000101110000100010
111011011110111111001110001000101001000001001000100011000011010000010011111100111
111101100111111111111101001111010101111111100000111111000010111111000000111111010
111000101110110010000011101111101100111110111111101101000011101000100010110101010
111101110000011111111101110000110011111001000111110101000010110000011100111111100
111011001001110100000001001111111110111111111000010011111111010111101011111101100
111101010111100011000000101111111010000010101000011000110010111000010010111101011
000111111001001000111111101110100011111100100111100101000001110110011001000101011
111010110000001011000100110000000110111101100001011111111110001000010011111111110
111111000111111110000101100111111101000101101111100001111101110111111111000010000
000001111111001011111100011111101001000010111111111110111111110000010010111101010
000011110000001100000100100111101100111011011001001010110111101000010000000000110
000001010000111010111100010000011110001001000000001100000010011000101111111110000
000100100111101100000110000111111001111111100111111100000000010000100100000000001
111100001111100001000000111000001011111111111000000110111110000111101100111100010
000000111111101011111111110111110001001000011110110111111111111111100111000001010
111111111111010100000010110000011101000001001000001011000101110111111011110111110
111101101001001001111011001111111101000000010111100000000100100000100100111110110
111110100111100111000100000111010001001000011000010101000000111111110110111111000
111000100111011000111101010000011101110000001000010011111111110111100011111110110
111111000000011110001010010111100111000010011110101111000011001110000110000010011
000010000000000101111011111000010111110011000110110110000001000111111110000010111
111110101000000011000010101000010110000001001111111110000011001111011010111101000
000000011111101110000110111110010001000001011111101110111110100000110000111101000
000100000000110000000000100000010111111011010000010100111001011110111101000000111
111111111111011000000000101110101010110111110000010001111110010000100011000000001
000110010000011011000010001000001000111001011111101010111011101001000101000001001
000000000000100011111001110111110000111011011000001010000001100000001001111101000
111111001111101100000001100000100100000011111001011010111101010111101011000000110
111110101000001000001001011110111101000001001111010010000100010001100101111111011
000101001001010101000001101000001100111101000000000011000010011000010101111101001
000100001111100100000000001111111001000010001111111010000100100000001011000000111
111011101000110100110101000111000111001111000000000110111111100111110010111011110
111110011001100001111110110000000011111100000000011001110010101111101001000001000
111110101000000101000010010111110101111001000111110001000000011000000101000000001
110100010000000100111110100111111110000010000110110010000011111000011000111001000
000011100111000001000010101000111100110001001111101110111101011000000100000011011
000111111111010101000000001111011011000111010001100001111111010111100110111111110
111110111000010111000100110110111111000001001111110110111110100111111101111100010
111111010111100100111111001000000010111010001111000000000001001111000011111101110
000000000000000000111000010110100111111100010000010010000010110000001001111111000
111000110111110100111011101000100001111100101111001010111100011111111101111010000
111111000000000100111111111000000011000001000111101000111111000110101010111111110
111111110000000001111100111111101001110010101111111101110110100000001110000100001
110101110111101101000001100111101101000000010111101001111100010111111101111111000
000000111111010110000000111000000110101111011111011010000000011111101001000011101
111100101111110001111001111000001101111111111000011111111010000111111000111001110
000001100111110110111011010111010110000100001111101011111110100111111100000010111
000100010110111000111110100111101110000010111001001100111100000111111100000000110
111110000000010001000011001111001101111000011111111100000000001001011110110110011
000001100111110011110100101111100000000011010111011111111110110010100110000001010
111100101111111010111100011000011010111100101111011110111100010000001001000111101
110001111111110000000001111000010110000100110111110111111111001111111100000001011
000010001110000000111111110110111000000001000110100100111010100111011111000000101
111011011101110111111100011000100000111001100111111100000001101111101100000011001
000000001111100101000000001110111011111001011000101000000001000000000011000010000
111101101000010001111111100111111101000001110000000000000011000111101101111101100
000010111000000001000100011111111110111111011000000010111001101000000111111101111
110001100111011110111100001111100110111010111111101111000010111000000001111101010
111110010111110110111010100111101101111110000000000001101101111111110011000001011
000000011111111110000000011000001111111101001111110101111111010111000110110100000
111011111001000101111101010000011110000011111111010011000100010000000111000010101
111000011000011101111110010111110111010001101111100100110101110111000010111001100
111110101111100011111111000111010010111001110010000111111110000000000000000111110
111110011000010010111101010111101001111101011111001000001001001111101000000001101
000100100111101010111011111111011110111010101000001101000001010000010010111111100
000010101111110110111101111000110101111110111111110000110010001000001110111011001
111010100110010011000010101111110101000000000000011011000000011110111000000100100
000011100000001111111110110000100010111000000110110011111000010111011100000000010
111110101000001100111101100111010001000101110110110101111000011111011111000001011
111110100111101101111110101111111000111111111111110101000100100111010001000010010
111101110111110001000001011100110101111111111000001111111010101000010000111011001
000010101111111111111110100111010000110111110110100010000010011111111000000100010
001001000000011010000000001000110000111101101111000111111010000111111111111111111
111111010001000011111011010111101100000000000111010011000011101000000000110101001
111111000111111010000111101111011111000000111000101001000100001000010001111101010
111100110111111111111111100001101001111010001000010010111110000000100001001010011
111100110111111001000011000000001010111111011000000011111100100000000001111111101
001000110111011110110110010110110101111101011111001010111110000111110111111001101
000001100000101110000000110000011010110000100000001001000011101000000000000000110
000000000111011101110000001110111000111100000000100011111011110111101100000100000
111111101000100000111010101000101000111010011000110111000000110000001111111101000
111101000000100001000011000000111000110110110111110010000111011110111001000010100
110010111111110101111110100110100111111110110111011010111110001000010111000010101
000000010111101011111100111000000100111111010000110111111100110001001011000111110
000100100111101001000001101110111010000101101000100111000100001111011101111110001
000000101000001110110111111001000010111110100110111111111001001000010000000011100
111011011000001010000100111111101101000010011111100100000010110000100001000111001
001111100000011100111111010111001111000011101000110001001000110111110000111111011
000011111111111010000011011000010000000000101000000111000011001000010101000001101
111001110000010110110010110111110001111011100110111001111011000000010101111101110
000001010111100100111110101000001001000010011000001000000001110000110000000100011
111110100111101011000011011111011001111010011111001010000000001000000010000000101
000000001111111010000000100000001101000001100110101100000010011000001110000010000
000011010110100111111010100001000111110000001000001000111011101111111111000010101
110101011110110110111100110000001010000010101111101111000010011111111011111111100
000010011000010111111111101111101011111000101001100000000011100000010000000011110
111001101000010110000110000000100111101011100111100001111110001000001110111100111
001101010111111001111011111110111011111100111111101101111101101000001010000010011
111011100000100001111101010000001100000011010000110100111111001111110011000100000
111101011000011101111111110110000111111101100000100111000000010111001001000000011
000000110000100001000011111111100001000001011111101001000101101000000011000000000
111101101111011000111101000000000111000110111111110100111111100000001000111111101
000011011000001110111110000000100100111100111111111101000000000000001101111110010
111001110111001111000010100110100111000010111000001101111001010000011101000101001
000010011000100010111011100111111101000001011111110000000010011000001111111001000
000100000111011010111100011000010001111101101001001011000001001000000110111001011
000001100111111110111110000110101111110111010000100111111100000000000011000001001
111100010000000010001000110000001100000010010010011011000000000000000011111110010
000011011110001101111001010111110011000001001111110000000001011110011101111111011
111001011111000001000010111111101000111111010000011000000000110111110001111000011
000000110111111110000100111110011011000001100000000100000000100111100111111111001
111010010111100110000101000000000100000100000000001010111110110000001010111110011
111010100111000000111010100000001011001010010111011011000001010000010001000011010
000001010000101001000000110111110100000001000111110010111111000000000011000011110
000100111111000001000111110111101111111101010000100011111010110111001100111110111
110000011000001000000011011110100110001011110111101010111111001111111101111011000
111100001001010111000001000001110100111111101110111011111101110000010100000001100
000001111000001110000111001000000010111111101111100011000111111111111011111101010
110011010111111110000010101110111010111000001000001111111111001111011001000100010
111110011000001101001101101000000101000011000000000001000000010111010111110111000
000011000000100100110110011000010111101110011111100010111111111111111101000011000
000001110000011100111110100111110011111111101111010011000000000000000100111111011
110101100111110001111010000111110000111101010000000101111001100000010110111110011
111111111000101011000001011000100010000000100111010011111100100111101000111101100
000011010111001110111100110111101101111110011111100110111110001000000100000001100
111100110000000011111111111111010000111000000111010110111011101000011101111100011
111110100111010011000001001111100110111111000001000101000000000000000110000011011
111010011000101110111110100000001111111001010000000011000101111110111110000001011
110110111000001011000010011111100111111110001000001101111111110000010101000000011
000000101111110010000001110000010100111101110000000010000100011000001011111110010
111001001111001110000010011111111100000001100000010001000100001000001000001000000
111010000000011010000001000111101000111011110110001011111010010111111001000100101
000000000000000110111111000111110011000001001111101100000010011000010000000011101
111100010111101111110111111111100101000001001000100011000101010111010000000011111
000100011111110000000110101111010001000010101111100000000100011111101100111010110
000100001000010001111100000111110100111010111111001001111111001000000010000110011
111000000000001010111111110000000001111110101000001101111111001000011010001011101
111100101111110110111111011111111100000110100111010010111000100000001100111010001
111010110000011010001011000000001010000100011000011001111000000111011101111111001
111111110111011101000000110001000100111000010000000100111100110000011100001000010
111110010000001000000011010111110010000010111000001100111110001001001000111101101
000010101000011011000110010111110111000011010110111001111111100110001001111011101
000001110111111101111111110000110100111101010000110101000000010000000010000000011
111110101111111111111100110111010010111010011000001011111100100111010111111100001
000001011000100001110110111000000100000000111000100101000011011111101111110110010
000100010000010111000000000001010010110110100111111000111101111111001101111000001
110111111000001011111011010111000110000010101111010101111111001000001000000000001
000010101111101110111111001111100010111110010000011011110111011000101101000001110
000011001111001001000000101111100001000100100001010011111101111110111100000010001
000001010000000010111110010000000001000010011111000100111011111111110110111111000
000000110000010001001011010111001010111111000111101000000001111000100010000101101
001000111111111010111100110111101011000110010000110011000100011111010011000011110
111011111000001000000001111000110001000101001000011110111011111000011000000100011
110111101000101000111000011111110010110101001000000000111101001111111101111001011
000101110000110111000100011000000000000000010111111001111111101000111100111000101
111111001111000111111110101111101000000000110111011101000000101000000100111101101
000000110111100100111111011000100101111111111101110110000011011111110111111101110
000101101111101101111110001111110110111111000111101011111100000111001100000011111
000101101000100100111011100000001011111111100111110110000101001111101011000011111
111110001111100111000000010111001001001010101000100011000010010111110010111111110
111001100000011110111111111000000001110011010111101101111110011111100011111111111
000001110000000111000011111111110001111101011000011010111100100111011100000000110
111101100000010011111100000000010010000000001000111010000001110000010110000001011
111100111000001101000110110000001110111001010000101000111111110000100100000011001
000110101111101110000101011111100111000000000000011101111101101000011011111111101
111110110000100100000011000111011001000110101000101011111110100000001111000010001
000110101000010110000011111000000000001001101000000010000010110000010000000001101
111110111000110010111011110111001010000011100111110000000001111000010110000001001
111011010000100011111000110111110011110011001111111001000101010000000100111101101
000001110000001001000010010111011011001000001000010100000010010000011101111111101
000011011000010000111101010111111100111111100000011001000000010000010010111110011
111111010000000111000010100000010111000010000111111101000001010111011100111011000
000101000111110110111011111000000110111101011110110101111111111111001010000010000
000001111000000100000001100000100010111001000000000110111101100111111101000011110
111110000111101111000100000111110000000011011000100000111111000111101110000010010
000000100111101010000011111000010011000011101000011010111100110111011101111110011
111111001111101111000100001111011111000011011000011111111101010000100100111111000
111100100001000001000111011111110000000001111000101011000000010000001100111001110
000001010000001011000101011000000100000101011111111111111101110000011011000010111
111010010111111111111111010000011110000000011110111111111110000000000101000000101
111011101000000111000010011001010000000011000111111000111010101000000010111011001
111111010000110001000101000000001111000111100111111101111110110111100110000000001
111001010000110111000001111000101101111101010111111111000010001000100001000011101
000000000000001001110111110111111110110011110111101100000010001000000010111110010
111111100000000110111001001000111100111000011000101010111011000111011000111101110
000111010111101000000000010000101111000000100111010110111111011111111011000100001
000001001111110110000110001000001011111111010000100011111111110000010100111101110
000000110111111001000010101111010000111101001111101101000000011111111000000011001
000001000000100110000000100111111001000101010000000001111100110111110110111100001
000000001000011011000000100000000010111101111111111010000001000000100011110111110
111111011000100000111111101111110010000101001000110011000011011000001001000000010
000000110111110101110101001111111001111100110000010110111001111000001000000000111
001010101000100000000000010111101100000010111111101111111110100000000011000000001
000100111000100010111110101110110010000101110000101011111111110110010101000100100
000110000111100000000000000000010010000100100000000110111111011110001101111110111
111100110110100011000001110111111100000010000111001111111110100111110010111111100
000011011111100001001001110000010001111100111111111101000001101111111110000111001
000101011111101000111011010000110010000011110000001000110011011111111010111101100
000001000111111010000100001111000110000010000000000011110110011000010100111111111
111101011000001101111110111000011011000010010000001100111101100111111101111111000
111001001000110000000010000111110011000001101110110101111111011001001011000010001
111011101000001010000011101111100001000000111111011011000000110000001011111110001
111101110000101100000001011000000011000011111000010011111101111000010000000000000
000000111111111001000011110111010110111111110111101011000000101000100001000001110
111011100000100111000000101000000001111001101111111010000110010000011000000000101
111011010000110111111011101111110001110100111000001001000011011000001001111000101
000010000000010100000001110000001100110001001000110001000010000000000000111010111
111111001000101000111100110000000010111001110000010011000000010000111100110101101
000011010111111110111111011111010001111110100111011000000011000000000001000010000
000110101110100011111110010101010001000001101000010000000010000111011010111111110
110101011111111100000101110110111011000110110000110001000001110111001101111111110
000100101000000001000010111111101101111110011111110011000000011110001100000001101
111110111111110101110010100111101011111001110000000101000000010000000101111111001
110010000000011011111100111000011110111101111000100000111110110000000111000100111
111101100000100011000100010000111001001011111111111100111100111111110110111111111
111000011111111011111001011111111010000101100000101001110010110111111101000000000
111111111110111011111111000111110011000001001111111011111111100000000001000101011
000000110111000111111111111111101100111011110111001100000000011111111011000000001
000011001111111001000101001000111110111110110111100000111101111111110100111101111
111011111110101111000000011000001110000100111001001111111110001111110010111111101
111010011000000011000010100000011111000000010000001100000000010110011011111111111
110100100000011100000000110001001111111010001000001011111110010000010101111000101
000001111000011010000011110000000110111011001000101110111111100111110011111111110
111111100111110010110111110111101011001011111000011100111111011000000111111110001
111111000001000101110111110000001100000111010000010101111001100111110011111110001
000011011111111110000100001000000001111100010000001111000000110111100011111101010
111100101001001100111111000111110101111111011000101011000101010000000111111111111
000001100111011100000011111001000000111110100000001001111111000000010000110101110
000111100110101001000010010001000101000011110001001000111111101111111100111111000
111110001111010110111101011111111010000000110000100111000001100111011111000011000
000110100111110100111101110111100010111101100111001101111110001111010011000110101
111110010000100101111111010111101010000000101111111110111111000110001000111000101
111100101000001011000000110000001011111101100111011001000001101000000000000100110
000100110111011001111111000111100001001001001110101010111111100000010110000010101
000001010000000000111111100111111001110111101111111101111111110000001001111110101
111011000111100010000011101111111100000001111111101001111001110000000110111101010
000001010000011111000010011000010111110100010111000000111110100111111011000000011
111010010111101011000011101000110101111111011111101111111111110111100111111110001
111111100110110111000000101111001110000001010110101111111111010111100100000001010
111100101111100001111101101000010011111101111110000111000100011111011110111011000
000011011000011010000101010111100110111011110000010000111010010111110001111100100
111101001000010101111011001000100111000001111000011111111100010000011001111111110
111001111110111011000101100000000111111011001000110100111111101111101111000011100
111110110111110000111111111111111101101101110111111000000000000110111100111110000
000000011111100001111100100111010011000001000111110110111100101111101000111101110
111101001111100110110100111000000111000000101111111000111110010111101111111011111
111110001000100011000000101111010011000010110000011001111110100001001000111111111
000000100111111011111111011111010001000001110111101011111000100000001011111000001
111110111110110000001001010000000010111111011000011100000000001111000000111011100
000000000111111101111110110000000011111100101111101111111001110000010011111100110
000000010000000111110101100111100110000001110000001111111010110111111110000000000
111111101111101111110101000000100101111001100111001011111110111001011101111111100
111001010001101001000010000111101100111110110000010101110011001111111101000011001
000100000000010101111110110111100010000110100000011111111110000000011100000011010
000000010000000000111101111000010000111101011111011101111110010000011011111101011
111101100110010101000111111111100011110100111111111011000000010000001100000100110
001011101000001111111110000111011000111111001000000111000010110001001000110110101
000100010111101000111110000111010100000011010111110101000100110111111011000000010
000001101000011000000100001110111111010001011111111001000011110111011001000011111
111100001000101000000001001110011010000001101110100111111111011001001000000000010
111111000111110010111111101000000001000000000111010111000110000111001101111010011
111111101111110101000000000000011001111111001111000110111001100000010100000001110
000001101000101110000010101001001001000010000000010001110111000111110010111100111
111110110111111111111011110111110110000010011000010111000010010000000011111101011
111101110111010111000001010000000001000110101000001111000000000110111110000001001
111111100000010110000010000111111100111110101000100001111100111111111001001000111
000110010000101100101110011000001011000010101000000011110100000111110101111100110
111111010110101001111011110111101011111101111000010111000101110000001100110111111
111010110111111101000001011001010111000100101111001011111110111000101011111100001
110111100111111101111010101000101110000001111111110011000000010111110101111110101
111011010111101100000000111111110111111100100000010001000010111111110110111101011
110001011111111010000010011111110010000101110111101110000010100111111111111101001
000010010001001010000000101000111001111001100110000011000111000111011011000101110
000010110000100100111100000000010100000001110111010101111101001000010110000000100
000100011111111100001000001111100000000110000111111000000010100111100010000010100
000000001111111100000000110000101010000001010000000100000001110111001100000010101
000111100111111111000110110000110001101101111110110111000001001001000010000001101
000010110111101100000100101111100000111111110000010011000101010111010001111110111
000010111000011110111110110000100001111100010000001101111111111000000101111111111
000001000111100101111101111000111000110111110111111000111100001000101101111111000
000101111000010001111100110101011011111001100111110110000011001111101000110101111
000111100001000100000101110000000111000110011111111101000011001111011010000011001
111110101111111001001000001000001000000101111110110110111011010111110010000010101
111100100000001011000000100000001110000011011001010010000001100000010001111111100
000001100000000101000001111111100010111111001001001000111101010001000110000010111
000011111000110011111110110000000001000001101000011001111001110000001011110110011
111010110001001111111110010000110010111010000001011100000101100000100001111101010
000001110001000010000000100000011010001010101000100001000001011111110100000011111
001000010000001000110110001111111010001000011000010000111101011111010011000011101
111011001111101111111100100000100111111101101000100000000000110000010011111101011
001000001111011000000010011000000110000100101000010111000101001111010011111110001
000110110101101111111001101000110101000100011111101100111111101000011101111110111
000001110110000110000000000000010000000001001111010101111001001111110010111111001
111110011001000000000000001111111100000101011000011010001000000111011110000010101
111110010000110000111111111111100100111001010111000100111101011111011100111110111
110100110000010010111111011000100111111111011000010101111111010111000101000000001
110010001000000011000011110111101011000101101111111010111001011111101010111100110
001000001111101100000011010000011001000010001110001100111011000000010010111010000
000100110111100001000111111111011011110001111000000110111100111000100101000010100
000100101110111101000101110000001011000100000000001000000001011000101100111111101
111110011000100101111110001111101111110010100000110011111010011111001101000011010
111111100000110011001001111000010011001001001111110100000101000111101111000000101
111110010000001110000001111110100111111101010000000101000001110111110100000100101
110100010000000000111100011000000110111111011111001100000010011111111001000100001
000011000111101111001100100110100110000010111000001001111111000000010101111011000
110111101001010000110111001001101010111101101000000101111011100110111101000010011
111000011111010111000110001111101010111111111111001111111101101000011110000100000
111110111111110101000000001000101101110110110111110011000000011000111101000011000
111011010111101010111110111111101000000000010110111000111110111000000110111011100
000100001110011100110100110111110010000111010111111101000110101000001010000000010
111001011001000110000000110111111010110100111000100011000001001111101011111111101
111101101111100101111001010000001100000110111000011101000111000000010101111100100
110111011110111110000011000000001101111000000000111001111101000111110000111111000
110110000000110100111111100001011000111100011111000100000011010000010000000010011
000110001111111110111100110010011011000001000000100111000100111111111001000010011
111010011111010100110111011000001110000000111000011000000100101111010110000100110
111011001000001110000000001000010001000011000000111111111110000000000001111101110
000110000111110010111001001111111111111010011111110001000010000000001101111111001
111001100111101100000011111111110100000101001111001001000000000000001110000111010
111111101111011110000010100111111110000110010111110011000000110000000110000111001
111111000000101001111110101111100100000101101000010110000000100111111010000001011
000000010000001111111011010000011001000011010111110000111011111111110010000000100
111111111110011101000010100000001010000100001000011101111101010111001101000010100
000011001111110001001000001000100001111011110110111011111010011001001000111111010
000011111111000111000000101001000100000100000000101111000001011000011111111111110
000110101000000110111010111001000100111101010000011101111011110000000111111110011
001000110000001010000000101001010100000101011000000001111011010000000100000000000
111001100000011011000001100111111001111100010001000100000010000111110111111110111
000010101000001010000011011000000111001011011000000101000010100000000001111101000
111100101111111001110011000111011100111110010111101010000001000111110101000111101
000001111000101111110101111111101100111111101000000011001000010000001000000000111
000001111111011100111110011001001011111100010111011111000000000000011100000100011
111110110000000011000101010001010001111111110111110010111011110000010011000000110
000111010111010010111010110111111111111011100111001110111011010000001000111010100
000010000111110101111111110111101000111001110111101010000000111000000011000000011
111010001111110001111101000111110000111100001111010000001000011111011110000010101
000111011000110110111110100111101010000001010111011011111110000000010100000000010
111100000110111010000011001111100100000100000111101010111000111111010101000000101
011001111000000000000000101000010011111101000111111101000000011000000010111110010
111011101000001111111001111000000010111100011111011000111001011111110000001101111
001000001000000100111110010000001100111100100000011101000100011000011100111101101
111001000000011100111010011000101000111110110001111001000000111111010001111010101
111100101111101111000110110000000000000101110000010111111110101000001100111011001
111010101111100110110100110110111111000000011111111110000000010111110011000000111
000011011000010110111111011111111111000000011000000100000100110000001100000010100
111110001000011010110101000111010100000001111000010001111100000000001001000110001
111100100000000011001000101000000110111111000111111001000010011111010001000110011
111001101110100100000001100001000010111111000000010110110110111111110001111100111
000001010000001100000001001111101000111111010111101101111110111111100000000111001
111111111000010111111111001110100111111011100000100110000111110000111101111110100
000100110000001100111110010111110101000100001000001100111111011001000011111110100
111100011111100100111001110110110111001001000001110111000000111111110011000000010
000011101000011010001001101000001101111100111000010001111100110000001001000101000
000001111111100100001011110111001010111100001111011001000011001000000000111101011
000100101000010111000001000000001110000010011111101101001010011000001100000011101
111011101111001110111111110000110010111011111111101011111101100111111111111010110
000001010000111100000001000000100110000010001000100010111110101111010010111100111
111100100000111011000010000111000011000111000000001111000010000111011111111111110
000011111111111000111101000111111010111110011111110111000001111000100101111011110
000111110000110010111011011101110000111101001000001100110111011000000110000011001
000111001111101001111111100000001011110110001111111100111011010111100001000000000
111010000111110001000111010001010110111110100000000010111111000111111000000011010
000000100000001010000000101000100110111100110000010000000001110000001011000010011
111001000111011001001011101111110111000100100001001001000011000000010101111111110
111111111111010011111110000111101100111100010111010010111101101000000011000010101
111100101111011001111001110111111010000000101111101110000001110000011000000010001
000010000000010000111100111110100111000010001000100110111010010111111101000000110
111011100000011000111101100000010000111101001110111110000110001000010001000100010
111110111000000111001010010111001010111101110000111010000010111111111101000010100
111100100000011101111101101000011110111111000111110110000000100001001010111011111
111100100111110100001010100000100001111111101111111100111110111000000111000100110
110011000111111100111111001111110110111101101111110001111101110000100001110111011
111100100101110010111011011001000001000100110111001100111100101000010001111101010
001111000111011101000010011000101100111111100000010100110101011111110011000100111
000101110001000010111000111000000110111001110000100000000010011000001110111111111
111011110111111100111100111000010011000100101000100101000010110110111100000000001
000110101111101110111111101000001101111100111111110100111100001111001001111101001
111011000000001000111001110000001011111110000000011101111111101111110011000011011
111110110111100010000010110000101010000001101000100101100110010111101010111010011
111111000111010010111000011000111110000011011000001010111110111111110111000001110
000010010000001101001001010111101011000010110000001101111100000111101101000000001
111011101000001011000101101000000111001000101111110110111001101111100100111100111
111110001111111101000001011111101111000010001000111110111101000000001101111101000
110100000111100101111110110000000111000011101110011000000000000111100000000111010
000110101000101101110111011111000101111101111000010000000000100000001001000000110
000011101000011100000011110110110000000000011000100110111010110111101001000001100
111100101111010000000010001111111001000100011111110001000000111110101010111000001
000100101000011101000011110000011000110000100111011001111100100000111011111110011
000100110000000110111101111111100010000000101001001001111111000000000010001000101
111111000000011010000010101111111100000010101000010011111011001111110101111101101
000101101000100110000100010101101011111111111111100111000010011111111101000001011
000011111000100100111111101110100010111010111000001001001000101111001000000000110
000010100000000101111010100111010011001010011111110010111111001000110101000011101
111111001001010011111001111111110000000001010111110011111111001000000110111011101
111111011000011010000010101111111010111110101000010111111110111111110110000001110
000011011111101000111100101000101001111111110111101010000001011000000111110100000
111010001111010011000100111000001110111011010111110101000101000000010110111101011
110100001111000000111001111110111010111001101111111111000000011110001001000010001
000011111000001110111110101000001110111111001110111001111101010111111101111110101
111101101110101001111100110111101101000100000111101110111110100111001000101101011
111100100000011010111110101111110001111101111111100101000011110000000111111110111
111011110110101101000100001111010001000110100111101110111000110111110111000101011
100111111111111100000000101000001101111010111000011101000000100000010110000011100
111010010111110000000100101000010010111011001111011011111100001101001011111111101
111101110000010011111111001111100010111001110000000010000011010111100100111101110
110101000000010110111111110111110111111111111111010101000010001111110010111000110
000000000000010010000111001111110111000010011111110101000010100000001001000001111
000000000111101011111001101111101000000001010111010000101111000111001100000001000
000011100111011000111110100110100110000000110000000100111110100111110011111100011
111010010111100110111010110111100001110110010111111000111111000000011100111101111
000100111111110110111000110000000101111111001111111110111110001111100101111111000
111100011111111100111110000111111001111010100000101011000000101111110111111100101
000000001111110011001000001111011110000001010111100100000001001111011010000000010
000001100000100111111100001111000000111110011000001111000111110111010111111101101
000011000000000101111110011000010101111111110000100100000000001000001001000101011
111111110000000011111100010110111001001011010000010010111110110111011110000010010
111011001000111001110011110000011100111101111111110100111100000111110100111100100
000100100111100101111010001000011111000000011110010101111011001111001110000000001
000011010111110011111101010000001011111111100111111010111011100000101000111101001
111111100110101001110100101001000111000000101000010110111110001000111010111001101
000010011110100000000010001000001000000011001111010111111111100111001010111101101
111111101110100111111101101111111001000000101000001010000010011000010000111010100
111110101000000010000000011000001010111101011111100010000001000111010100000101001
111110001111100101000001110111010001000000001111111001000100001111101001110111111
110000011000010111111101000000011001111001101000010001110111010111110100000010101
110100101000000110111110110000101011000010101000100111000000001111000101111110110
000100100111110111000100101000010011111010010001010000111011001000001010000001101
110101011111101011000011000000001100000000110000011001111111010110110011000000110
000100000111111011000001111111110110000010100110110110111110010111011010000010110
000100000000001001110011110000001110000000011111111110111111101111011110110111100
000011110111110100111100000110111000001010001000011001000001110111110000000011100
111111000000101011000011001000001101000100011111101100111011001000001000111010111
000010010000011110000000111000110011110000010000100000111000111000001100111001111
111111111111010100000001000000101101000100010111010110111010111000100101111011011
111101000111000010001100001001001001111101110000111100111101010000010001000100010
111011101000011011000001000000011110111100111111001010111111110111100011000011010
000100001110011010000011101110010010001000100111101001111011010110110001111110111
000000000111110101000010010000101111110111111111010111111011000111001110000000100
111110101000011100000000011111111101111010001000000110000001100000111110000100001
000010100000010001000011000000001010111110100000111011000000011000001111111011111
111101011000001001000010010000010001111100000001011000110111010111100001000010001
111101101000000000111101101111101110000000101110110111000000010111100100111100100
111110010000001111111101100111100001111100111000101010111111001000010101111001111
000001001000100100111110100000000101000111100000000000111111100000010011111111111
111111100001000100001001101111101111001001001000001111000001101000010111111001111
000000011000001101111010000000001011000001011111101010110101100000010111000001100
111111101111100101000100000111100111000101011001111001000001010000000100000011100
000011101111101010111001001000011011111111111001000000000010010000001110000001001
000111101001100100111110110111111110000011101111111011000010010111010101000100000
000100111111100101111011111111010010000000000000001000000101100000001100000001011
111010010111100100000011110000010111001000011000100010111110110111011011000011001
000100001000001000000110110000000100000011010111000100000001001000000001111111100
000111111111010001001100011111111010000000000000010001111101110000011110000010000
111110010000010101111000011000100100111100110110111011111110101111110101111101001
111100001111101000111111111110011001000010010111110000110111001111110111111011000
111110110000111110000011001000000111000110010000001001000100101111110010000001000
111111010001010011111011111111111111111111111111000110000011101000001101000110010
111110000111110110111111111111001011111111000111100101111110100111110001000110111
111101000000010100001000110111100111000001101111101100000010101000000010000010011
000011010000100011001000000000110100111101010000001101111111101000001000111001001
111101110000100010111110001000001111111001010000001110000001100000101000111110100
111000011000000100111110101111011101111111111000000011000000101111011110111001111
000011010001001101000011101111110100111000011111110110000000101000111001111110111
000100110000010011111000010111111111111111110111111011111100110000100111110101101
000001010000000101111100001111100110000110000111110000000101101111101100000001000
000010000111111110111100000111100110111101111111101110111110100111100111111110100
101010001000000110000010001110011100111110010111101001000011110111111100000110001
000001100000011010111101110000011101111100010000100111111011010110011010000010110
000001010111010000111011101000100101111000001000000100111111011111111010111110001
111100000000001111111000101111110000111101110001000001000001111000001000001100000
111101010111111000000001011111111111000101101000010100111111111000000011000000010
000110010111111101000101000111011110000100101111101011110010001001000010111110100
111001111000000010111110111111110010111111100111111100111111011000000001000011001
000001010111000011111111101111111111111100011111101011000100111111101110000001011
000001110000000000000000001000100101001000111111110010111101110111111111111011011
000001111000110110000011100111110100000100010001001111111110001111111110111101110
111101111000011010000000100000010010111100001111111001111111011111111011000100000
111011100111011111000000111111110110111100100000011100110111000000100111101111011
000000101111100000111101010000101000111110010001001000111110000111111010000000010
001000011111110001000010000111010101010000101000110000000001101111110011111011111
000100100000101111111011000111110000000001100111101101000001111111100100001010101
111101000111011111000110010111111110111110110001101101000001010000010001111011010
111000001000010010111111011111110011111101010001001111000000010111110101111011110
111111001000011110111110000001100101001000000111111010000000101111110101111111001
111110111111110100111111110000101001111111011000011001111101000000111101111110011
000000010000001101111111000000011110000100100000100010001000111111011100111110110
000100111000011100000000011111010100000011101111010011111100000111010111000010001
000000101000011100000001110111010011000000111111110000111101001111011010000101000
111111010000001110111110001111110010111001100000011001000000000111111001000001010
111001001111110001000000001111100010001000101101000100111100000111110111111111000
000000111111101011000100111000010011111000110000001101110110100110000100000001010
111000110000001100000011111000000111111101000111101111000000000000011101111111110
111111011111101101111111100000111001111011101111101010111111110111100110111110110
111100000111001111001000101000110101000001011111010101111101000111100011111111001
111101101110100010111111010111010001111111010111010000000100100111111101111011100
111011011000011011111101101111101100000001111000001110000101010111011100000001111
000000000000010010001000010111010101111110010000000011111100111111011110111101110
111111010001100010111001110001011010111001001111101000111101111000001001111010001
111101010111010010001001001111110000110111111000101010111100011111011001001000011
111101100111110010111101001000100010111010011111111000111110111000011100111110000
111111101111111010000010110111110011111110101000000111000011010111111011110010100
000000111111001000100111001111010011111101101111110100111110000110100100001100110
111000011001001011111110011110011100111010110000110111111101010000100010111110010
000011010111110000111111110000011011000000010000000000000001101111111100110101000
000111101111100110111110111111100010111101000000000011000011110110110000111101110
111011101111111010110111111111110101111110011111101100110100100001000111000100010
000111010111100110111011110001010100000110011000000001110110000111100100111101110
111101101111100111111011011000010101111000101000010011111110101000000110001001100
111110101000111001000011011111101011111111010111111110110011010111101111111100110
001101011111011010111110001000010010000001011000000111000001101000010101000010000
000000000111101000000101110111111101111001101111101001000000000111111010111111010
000001010111110100111110101111101010000101011000001100111101011000110000111111001
001011000000010110000011011000010001111011100000001000000000000111110111111100110
111011010111111010000001011111101010111110110001000111000011010111000001111100111
111000100111100111000110000111011000111100101000001100000001001000101000111100011
000001101111101110000011100000001101111110011111101001000000001000010000111000100
111110100000001000000100110000001011000001001111111000000010111111110011111001100
000001010000000011000111111000001110000011001000100001110011001000100011111110000
000111010001000110111101010110100001111101001111101100000000101110000000111111110
000000001000011100000010011000000100001000001001011000111111010111111000111001011
111010000111101010111101001111111111111110111111010110111110101000011100000000101
000000001000001111000011101001000011111111101000101100111111111111111111001010000
000101010111111001111010010111101111111100010001000011110101100111101011000011110
000010110000001111111111000111110110000110111111101111000100111111111110000000101
111110100110111100000000011000101001111000100111100001111101011000010111111101010
000011110000011001000011100000010001000011011000001100111110101111110111000101000
110111001111001100000001111111110101001000100111011111111011111000011010111111010
000000011111101101000011100000001001000000110111101010000111001000111000000011110
111110100000101101110101111111111001000001000110101000000001010000000001111111011
000000010000000000000000000000000000000111100111110000110111011000011011111100100
111001111111110010000001101001000000110110101000001101000100111000000100000100011
111100110000100011000101001000000010000100111111001101111000000000001100000011011
000100001111000101111111000000010010110010101110100100000001010000001110111111011
111110110000001111000100111000000010111100111000110100000011011111001100111101011
000000001111100011001000111111010101111010100000011000000011111000001100000011110
000010001000101100111110110001000111111001110000100001111010111000011111111101101
000001000000000110000000000110100000110110111111101111000000000111101000000000110
000100010000110010000000101111101001000110010001000010000010010000100010000001111
111100001000111110111110011111101011000010010000000000111100010111111011000000010
000010011000001100000100010001011011000011110001110001110100100111110100000000111
000000101000000010000110110110011111000000001111101110000010010111100010000000100
000111110000101111000000100111000110000001100111110001000110100000001010111100101
001000011000010011000000011000011011000111101000110001000010110111011101000010001
111111101001100000111011111111011101010001000000010101111111100111110110000000110
000000100000111111111000101000001001111110010111100110000001101111010000000001110
111110010111100001000001101111101011110111011111110110111111101000001101000000001
000011011111001100000100100001000011000000111001010001000000101000001110000111111
001001110110011010001000011001100111000101000111111011111111111001001011111101110
000100111111000111111111010111011011111101101000100110111010001000010111111111001
111110000001111000000011111000010011000011010111101111000010110000000010111100101
111100101000010000111110011000000000000010010110110011111101100000100111111011010
000010101000000000111111010111100001000000000000001101000101010111111100111110000
110100000111101000111011111000000011110101110111011110111100011000001100110111110
111101011000001111000010110000010000111101111111100000000000001111010110111111110
000001110000011110000000101000011011101001100111111111000000000000011111111111100
111011011111010111111111100111111000000010010111110101111111001000000010000011100
111101101111110011111101100000001110110000010000110111000010011000100011000111111
111111111111001010111111001111101110000010011000010001000000000111110101000001111
000101001111111101000000000110000111000000001000100000000100100111101100000000101
111101110000010011111011011111110011000101100000010010111101000000011101111101110
000001100000000011111110001110000001000001001000000000000110010000000011000011010
000001110000001101110100101000100011111111010111101000000000111000001001000000001
000000110111110010000100100000000001111110101000001100111011110000000100010000011
111101010111100011111111111001000100000010101111110111000001111000001100000100000
000001010111010111000001111111000000111110100110010110111010111000000111000000101
000000101110000100110111011000010110111101011111101101000110001000011110110111111
000000010000000000000000111111011110001000111000011001000010101000011010111100001
111100110111111110111110101000001111111001110000100100111111111000001000000011000
000000011111101101000101011111111011111100001010000001000011000111011111000110101
110000001111100101000000101111110101111100111111110000000101001111010010000010010
000001110000010110111111001000101001111111011000001011110011001111110010111100110
111110101000001000111100000111011010000100111000001101000001000000011000000101110
111101001000100101000000000001001000000100000111111111111011110000100000111101100
000001000000000011111100011111101000001100100001010101111110010000101111000011001
111111111111011000111111100111111001111110101000101010111100101111111100111111110
000001001111011110000001001000100101000000101000001111000110100000101011111100111
000001010111110100111110001111101000111101000000001000111010000000000000111110000
000001100111100000111110100000000100000101110000010010000011111000011111000001111
111100101000110100000011010111100000000101111111100101111101010001001010000010011
111111001111100101000010001000000001000100101111101101000111011111010100111110010
000010011000011111000111000000010110111110010001010100000001011111101110000000000
111111100111101011000001011000101100000010000000011100000011000111101000111110011
000010100000010100111101010111010101111100100000101111001001001000000111000010110
000001110000001001111101111000001110000010101110111100111100100111111100000100000
001011011111011000111100000111001011000011101111111000111011110111001101001011010
111100101000101100111100111000011001000100000000001100000001001111100110000110100
111111010111111100111101110111110110000110110000010000000001010000100111000011001
111011101000011110000010000000010100111010010110010010000000110111011011000010100
111110011111101010000010001111101101000011010111110011111110110001100011000001000
000100011111111101000110000000010000000100111111110100000000110111110000000100000
111100110111000110111110100000101010001010111111100111000010101111111000111111000
000001110111111100000010000000001010101111111111011101111010101000101111001011010
111111100111100101001000111000000000000001011000101001000000110111111011000011100
000000100001000010111101101000001101111111110111111010111010010000101111111010111
111001100000001010000111011001000000111101111000011011000001111111100010001100101
111110110111010111111101111110011111111100110111000000000111100000111110111011111
000010111000001101000010010111100010111000101111110100111110001000001111000010000
001100000000110010111101010111100101000001110001000000000110001111110100110001110
000001001001001110110111000000001000111111000000010001000100000000001110111111101
111111010111110111101111110000100011110110101000101101000001000111110010111111011
111011100000001110111110101110111010111101000111110111111111101000100001111010000
000110010111110011000010011111110011000100001000000011000001110000100111111100010
000100110111110001110110100000001001000001000000001111000010111110101111000010001
000111000110010001111010001111000011000000001000101101001101010111111111110111110
000101010000001011001001100111100010000011000000010000111111111000110100111011111
111010100111110100000000010111101001000011010111110110000110111111001000111000100
000010101000001111000100100000010011111110100000011111111101011000000111111111011
111010101111100100110011101000110000000010010111011111111111000111000011111110100
000011101111111011101110110000001111000100001000010011111111111000001010110111100
110111001111110101000111110000011011111110010101110101111100010111010111111100001
111101110111011001111101111000001001000011000110111001000111001000000101000011101
000001011101111110000111000111110111111111000000000001111010000000100001000100111
111011100101100010111101111000010010000011011110101101111110110000110000111100001
000001000000101100111100001000100101001011110000110010001000001111100110000001111
000001100111111110000000011111011110111100011111110010000100000000011010111001000
110111110000010010111011010001001110000010011110111111001010111000010010000010000
100110111000010100000101100000010001000101111000011001000101001111010001001001001
111111001111111110111101010001011011000101101111101001111111100000010000000010111
000001100111100000000001111111110001101110100000000110000100110000001010111011111
000100010111111111111111111000001010111001111111001011000011001000001011111100011
111111111001101000000011001000111111000100111000101111111101111000001100111100100
000101001111010101101111111000000111110110110111011001000110111111111101000101001
111110111111010010111111001111100001000001011000010001000001111111101100111101010
000010000111101111111110100111000000111001101111111100111110011111111011111100011
000100010000011100111100000000001011001001011111111111000001101110111111000100100
000001000001000010111100110000100111111100100111100011111100101000011001000100010
111011010111101011000011100000010010000011010110100011111111101111100111000011001
000011100000001100110111011000010010111000101000101010111011110111110001111011110
000001010000100010001000011000001110111011000000010110111011000000100000000001010
000110000111111100000011101111110001000001111111101010111110011000110110111000110
000110110000000011111011010111110101001011010111011001000000001000000001111101110
000010111110011010000011100000010100000001100000010000111010101111110001111001010
000011100000111110111101111111010011000010011000000100111110101111101010000101010
111100000110111110111001101000001001111101000001001101001000001111010101000010010
000100101111100010111100100001010110111111100111110111000001011111011010000011110
110100100111111111111100100000000110000001011000001101111111001111110000111110100
000010100001000010000100111111100110111100010000111001111101100111101100000011100
001010001111100001111001100000010110000100100000001111000011101000001110111101011
000010111000000011111000011111111011111110010111011111111111000000000100000010000
000110101110111011111111111111110111000010000111010010000011111111101010000101111
111110101111111010000010110111101101111110100111110011111011010111111110111110101
111000111111111000000001001000000101111110010000000101000010000111010010000000000
111011011000111000111100110111101010111010101111011100000011000001011100111010010
111110110000000011000010001000011111000000100110111110111110100000000010000010010
000000011111110100111100000000000000111101100001010010000100001000011010001011010
111011011111011100000010101111001111000010011000110011111111000111111001111011000
000111001000000001111101000110111100111010100111011101000011111111111000000010010
000001001000100011000110001000001100000010001111010011000010000000010111000100011
111110000000010011000100101111100110001100110111110101000100100000011110000000100
111101000111111000111100101000011010111110011000001001111111000111110101000011001
000001001110101101000001110111110001111100011111001000000000111000000011000010100
000010110000011101000000101000101001111101000111100010000000110000010101110111011
000000111111110011000001011001001000111110000111110100111110100111111011000000010
110101000111101001111110110111110111000011101001000000111100010111001110000010011
111000001111110110111101100000001111111111010110011001000000101111111100000010000
000100100000000001000001011111111101111001000000010010111100100111010110111111011
111101111111011001000110011000000110000100011000100111111101001000010101000011101
111010100000101100000000011000001011000110111000000001111000101000011111111110000
110011111111100101111110001000111110111110010111110010111110101111111010111101001
000000000111011101111111110111010101000011001000101010111101000111101111111000100
111101111000111001111110111000101011111111011001000000000000011000011000111101110
001000101000010011111110111000001100000000111000101101000001110111010001111101100
000001111111111111111011000110111000111101111000010001000100010000100011111011011
111110001000000001000000001000000110111111100110011101111011011111110000111110001
111110110000010000000010010111001011000011101000000011000000100111111001000010011
111110110000000000001011100111011101111111011111111111111110100000001110111101011
000010111111001001110111100111110011111111110000001001000011000110110100111111111
000111001111111001111101001111110101111110110000100001000100110111101011111111001
000100111000011010000001101111101011000001011000001110000000111001001100000000000
000100011000101010111011011110101011000100110111111100000110111111011011001000001
111111101111110000111110001000010000000000100000010101110010011111011111000001010
111001000111101000111100110110111100000110000111000010111111011111111011111101000
000001011111111110111000011000010101111111110111110000111000101000001110001001001
111001100111101011000010111000000111111000001111101110111100010111101101111111110
111001110111101011111110100000010101000110011111100100101111100000100001000000111
111110001000010111110110110000000101111001100111101111111111111111101001111011011
111001101111001011111101100111100111111101000000000010111110101001000101000000001
111011110000101010000010011111110101000001101000010011111100010000000110111001001
111011001111111010000001000111111011000000010000011001000000111000010010110011010
001001001111101011000001100000111001000000100111111101111010001111100011111110110
110111000111110111111100101000000110000000010000011010000101101111010011111100011
110011100000001111000001011000101010000001010000110010000001010111011111000011101
000001011000000011000011001000001001001000000000001011111100010111101100000000101
111000010000011001111100010111111100111110100000001100000001010111111000111110010
111111000111111011111100100111100111000101011111011100111101111000010101111111100
000001101111011011111001001111111101111111100000001010111101111000011011000011110
000000100111111101111010010000100100000011000111111011111101100111101100111111111
000010011111111100000010110111110001111100101111001100111000100111101010111110111
111111111000001111101100101000111000111010001111100011000011010111100010001010010
111110000111010101000100000111111011111111010110111101111111100111010010111000100
111110001111110000000011000000101001111110010111000100111011010000000100001010101
000111001000000101111110011110111111111110000111110100111011100111101010111010111
000001101110010010000000011111101110000001101111110101111100100000011010000001010
000100010000011000000101001000101110111000000111111110111101000111100011111010101
000100011001001010111101101111010101000001000000011011111110000000110001000000010
000010110111110100000011101000010010111101101000000110111111010111010100111111111
000001000000001111111101010111110011000110000000100110000100100000000110111100010
111101010111010101000000000110110111000000110001111000111010100111001000111111001
000111111111011110111111100111100111111111100000001010101010101000001110111001110
111110101000000011111110011111101001000010011000010100111110010111110001111101110
000001110001001000000010101000010000111101000000001100000001000111101011000011011
111101111000000011111111111000000010111110110111101101111010111000011011111101010
000001001111111110000001000111110111111110000010110110000000111111101000000101011
000000001000010110000001101111101011000010101111111110000000011111100000000001001
000111001000011000111110100110111000000100000000011111111010000111111100111101110
000011010111111100000011100000101110000010010111100110000010100000010011000011000
111101111000111010000100011111110000010010101111100110111100011000011110000010011
000000010111011101000010000000000000111110001111101000111111010111111011111110110
000001001000100100001000100000001111000000100001000110000000000111110101000000001
111110101111110001001010100000001111000001011111101101111110111000000111111110100
000110011000011011000000011100011000111110110111100100001000110111111011111010100
000000001000101011000010011000000010111010000111110010000000110000010100000011111
000100000000011110000010000111111110001010001111111111000000101000010111001110001
111101011111111101000110111000011010111111111111011100111100010111110001000100010
000000011111101011001001100000000001111110000111011111111000110111101100111101010
000100101000100100000011111001000101111110100000001110000000000000011001111011110
111011100111110011111110011000011001111101100111111100111111000001101100000010001
000011111000110100111111001111110010000001100000110100000000110111001001111110001
111100110111111010111110101111110011000000001000110101000001000000001100111101100
000011000111100111000100101111011110111110111110111111111100001111110010110110101
000000100000011101001100010111110011000011011111100111000110000111110111111111001
000011001111110101000000100111101001111010111111101101110100111111111110000010110
100000000111110011111110010000101100000100101111110001000011101111110000000010000
111100001111011111111111101000001010000001010000100011111001010110110110111000000
000000111000100001111101000000001101111001100000100010111100010111010100000000011
000101100000010010000000011111011101111110001000101010111101110111011011111100010
000001011000010110110100010000001101000010001111010111111101100000101001110111000
000010001111011101111110100000101110000100111111011001110110011111001100000011001
000000110111100101000001111111010000111101111000100100111101100000010010000001000
000100110111101100001000001111101101111111110000100111000001110111100010111000001
000010010111100000111110110000110100000100010111101010000100001110110111111001001
000001011111110101111010000111100111000010011001001000000011010111111110111010011
111101101000001011001001011111110010000011000111110111000010111000100011111011110
111101100111110111111111001111111101000010001000100111110101011111110110111110100
111010100111011001111100100000111111111110010000100100111101110111001101111111010
111101001111111101000010010111001100001101111111101101000001001111011111110111111
111111101000110111111010011000010100000100000111010100111011100111100110111110010
110110010111111011001001000000010011111100010000000000111100110111110000111111100
111011010111111000111000011111101101000001101000000001111101011000000010000111101
001010011111101000111001111001001010110110110000110110111110001111100001000000110
000010010111000000000101010111110110111110010000011110111110010111010111111111000
000000110000110011111111101111100100111111110111111010000010001111101101000001111
000010110111111111000000001111101111000101110111100010111110010000111010111110011
111111111000000011111011011000001100000100011000000000001001010111111000000000000
110010111111111110111101101000001110000001111111100000000011010111011010000000101
111101001111110011000100111110111111001011001111111001000001000000100110111111011
000101000111110010000011101001010001111100001000001010000100011110111101000000100
000000011000100010111100011000011100000000101110011110000011100110111010000011111
000000111000100011111110100111011110000001111111001110111101000111010011111111000
000011001111110000111110010001000000000011111111101010000000111111100000000010101
111110001111100000111111100110111101111110010111101101111101010111100100111100101
111110100111100001000100000000000100111000000111100101111101010000100001000100110
000110000111111100000001001000011100111011000111011011000000111000111100111100010
111010100001000000111011101001000101111110101111101110000001101000001100110110110
110110111111111001001000001111110110111111001111101100111100110111100100111010100
000000111000010000111111100111111110111111010111100011000001111001000000111100110
000011010111111100000000000000001000111110111000100010000110001110110001000000101
000010010111101101111000100111101001111101100111110101111010001111011101110011001
000010000001110111000001000111110010000000011111111000111100010111011100000000111
000100001111111010111100111000000110111010100111110010000101001111011010111111111
111111000111111011111001010111010001000000111111110110111001110111010110000010110
111010101111111011111101100111110000111111101000100101000011101111101111111100000
001010100000000010111111100111010001111010010111101101000000010111100110111100100
111110110111001110111001111111001100000000101000001110111110100111000010111011101
000011100000100010000000000111101111000101110111110110000000001000000100111011001
001010010000001111111000001111011101111101101110001000111101000111010110000011000
000000100111111011111100101111110110111010011111010100111101110111101101111111101
111100000111001110111011111111111000000100001111001001000010101111001101111111001
001100100000010111000101101000011010110111001000010010111011111111100010000001110
111101010111001110111101011000001010101100011000000110111100010111001100000010000
111111100001010010000000011111000000111011010000010100111100110000110000000011100
111110001111010011111011111000101101110111001111111110111111001111100000111100111
111111110000011101111001101110101110000111011001001100111111001000000110111011001
111011101000001100000100100110011110110100111110111100000010101111110010000000111
111000101111110000000010110000000101000010111000000101000100101000100111111101100
110110000111010011000001101111000100111110010110010010000000101111010011000010011
000000101111001000111110001000100110000101000111011100000000001000001100000010010
111101100111100100111011111000000010110111010000010110111101110111111100000011010
111111000111100100110101110000010111111110111111110100000001011111110111111110101
111100100000010011110100110000011110111001110111101111111111101111100111111001100
111010000110110100000011001111110011111100100111110010000001110111111010111110001
111110010111000000111001110111101010000000000000100011111111110111001101000011010
111100011110100001000001001111110011000000101111101010000001111111110010000001001
000010110110100011000010010000011101110111010111010100000001011111001001111100011
111011011000001111000000110111100010000011100000101000000010000111100101111100001
111010000110000110111100111000011010111100111111110111111001011000100010111101001
101110100111111110000000001000100001111100011111011101000000000000000101111100101
111001001000100101110101010111110101110110110001000101111101001111110000111000100
000000110111100111111011101000011001000100110110101111111110110110110100000001110
000001010110111101111110000111111111111100110111101101111100011000001000111100000
000001001111110101111100111111111100111010101000000111111111011111100101111011010
000001000110111010111011100111011100000111011110110111111110011111110010000001011
111100011000100110000011110000011101000001001000001010111001111000011001111000010
111111000111111000000111000000001100110101110111110001000001000000100000111110011
111011010111111101111011001111100110111111010111110101111100110111011000000000101
000010111111111101111011101111110000111110101111001010111001010000010011000001110
000010110000100100000010010111011001111110011000000100000000000110000001000010001
000010111111000101111110000110110000000001010111011110000010000111100000111101101
111100111111001111111100010111100110111101001000000100111111011000001000000010011
000011011111110110110111000000000110111001010110111000000001001111111100000011011
000101001000001111111110101111110011110101001000001101111101010111100001110111110
000000101000010001111101011000010101111111001111110001111001111111110000000001101
111100111111100000000000001111011110111010001000000111000100011000010000000011001
111111011110111101111010101110110001111011101000011110000000000000110101111100011
111110100111110100000010001111000001000010001111100001111100010000010000000011010
111110010111000100111101100000011110000001001001000110111101010000000110111000110
110111111000001000111110101111011010000110000111011111000010100000000010000111101
111010010111000111111111101000001110000011001000000011000010101111011101111111110
000000011000001011000000110111101111110100010111100000111001100000011010111000000
111011101000000001111110101000001111000000110000001101000011111111000100111011100
111101001111101011111010101111100101110100100111111001000011000111100110111101001
111100100111010010111100110000010011000010010000010110000001011000000000111101100
000000100111100100000000010000001010000010111000100001000001111111101010000110100
000101001000001100000011101000010101111100011111000001111111111111011110111101010
111101100110011100111101101101111100111100110111111110000010110111110010111111010
110011010111101001000010101000010110000010001111100011111111100111001100111111101
111101000111101011111101101111110010000101111000010001110110101111101000111111101
000001110000101100111010111111100000111100000111101100111100100111001110111000110
111101011000011011111010101111101011000000010000101110111100011111111101000101110
000100101000000001000000000111110001110111000111100001111100001111110010111111010
111100011111101100111101001000110011000000000000001001000000001000001100110010111
000111110111111000000101011000001001110111111000000100000010101110011011000011101
111011110111001000111110100111111110110100100000100010000000111000001101111110011
000011100111110100000001011111110100111011011111101001111111110000000111000000101
000011111000111110111000001111111101000000000000010101000001000110010001111101111
111010101111101100111001010000000011000000011000011100110110011000110100000101000
111000000111101111111100110001001110000010000111110101000000101000010001000010101
111101001111110110000001000111101011111010111111111010111111101000001011000101100
000110000111111000111100001111101011111110000111010100110010010000000110000001000
111110011111101000111001010111110011111011011000011101000100010000100011000010011
000000111000011101000110100111110001111101001000100110000011110000010011111011010
111101110111010000111101101111011111111100101000010100111100101000100001111101010
111001111111111000111000011111011011111110001111011000111101111000010011111110011
111111111111010010000000001000110101001000101000011010000011011110111011111111100
111010101110000110000011100000000001111110100000010001000010011101110000000110010
111100111111110001000001011111101011111110010111100100111111101111111010000000100
000001111000100001000011001000000001111100101000001010000011111111100101111011110
000000011000001001111101111001010110000100010000011111110010001000001101111110000
000011110000010001000001111111000001000010100000000001111100101000100011111111111
000001100111111101111101110000000001000010011000101011111111101000011100000000101
111110010111111111111101101000000110000000111111101100111101101000001111000011001
111111111110101001000100001000011100000010100000011010000001010000000010001110011
000000001111111000000001101000010111000000000000100011111111110000000011000000110
000000000111100000000000001111011000000001100111110101000010001000100111111011010
111010010111101100111111000000100010111111100111101001000001011000110000000010110
000110111000110000111110100000001001000000001111010011111111100111110010111111011
111111001111010100000011000111110110111011011001100011000010000000001010111011110
111010111111111001111110100111101111111100011111110110000101001001000101111000110
000010011000001100111000011000001010111011000110001010000010011000010000000101011
000100011111111010111111101111000110000101111111101100111000010000001101111111011
110111111000001000000010101111010101001110111000100010000000011111101100000001110
000001101000010100000111010111011010000010010111110000000001001110011001111111000
000001011000011100111111011111101101101100000111011111000011011000110001000001000
000000010000011110000100100000010000111110010000000010000010010111011101111110101
111111000000001101000011011000101011000101110111111011111110111111100111000111010
111000111000000111111010011000011100111101011000100001111100001001000001111111110
000001001111110111111110100101111101111111101000011010000100110111110000111111100
000100101000011101111000111000001001000001101000001001000011101000001111000000101
000001000111101100001000101000010011111111101111110010111110110000010010000010111
111110011111010010111101110000101010001011000001010011111110000000000011000000110
111101000111111011000111011111110111000011011000001101000000011000100101111111010
000001110000011111111111101111011111111111101000010001000001010000011010110101101
000000001001110011000101100000000111000010001000101110000010111000001111111101110
111100010000011110111100111111100101001101011000011111111111111000001010111001011
111111010001011010110111110000011000000101100000001000000010100111000100000101000
000001110000011000000101110111110000111100010111100011000011011111111101111101011
000101011000110010000010101000100001111101101000100111111110010111101111000110010
000100000110111101000011001000110010000010110000000011000001110111001110111001101
000111011110101001000010101000100101000001000000111111111101111111100011000010010
000000001001010000000100101000001100000000001000000010111110110111101101000011010
000010110111110101111110011111110111111011101111101011111100110000010000000100010
000011111001010010000000010110110100000000010111111111000010011111001100000111001
110100011000100111111110100000010100000001100111011000111000110111101011110111100
111100011111101100111101001000010001000010100110110011111100001000100011111111111
000010101000100001000010001111100000111010111000000110000001011111101101111101101
000001011111011110000010000000000011000000101111101000111111101000100101000000001
000011001000000010111101110111101001101110010000001000111100001000001111000010101
111100011111110011111000011000001100111101111000000000000011000000000111111000010
000011100111110000000101101111100010000011000000011001111111111111110001000000110
111011100000001011111100110111111100111011111110110011000001000111111111111001100
000000110000000111001000010110111100111010010000000110000100010000010011111110100
001000000111111110111011011000100000000100011000010101000011011000101100110010001
111110000110011000111111111000001000111111000000000011000000110111001111111100100
110110111111101101000010010111101010110111101000010000000001111111100010001000111
111110110111101110111011000111101001111111111110110110000010101110110110111010110
000010100110110111110101001000001100000000100000001101110111110111000001000111111
111101111000100100000000010000010110000000100111110001111011011111110000111001010
111110100000001101111101101111010001111110001111110110111111101001010110001001101
111101111110010111000100000000000100111011111000110000111100010111100111000010001
110110010000000000000000010000000000111111010111000011111001010111011010000010000
000001110000010111000001001000010001000000001000000001000001011111100101111101001
111111000111110001111011000111110110111101010111000101000010110000011010111101011
110101100001100101000101000000001110000000011111111000111011011111001001111111010
111110110000011001000001010000011100000110000000011101111110000111111110111011101
000001101000001010000001001111110011111010000111001111111101111111010111110111000
111110010111001001111110001000000110111001100000001000110011110000010111111100010
001001000000000111111011011000001000111000010000000110111011010000000100111100101
000110010000000001111111010110111110000100001000101100000000100111010110000010101
111101110000011011000000111111010000110110011111100101111101000110101010111100001
111101100000000110111101111000000101000110111001111000000101101111010010111001001
000001100111111100000011000111101110111010000000011111000000011111100101111000000
111110011000001100111100110111110001111000110000011010111001000000101011111110101
111010111000000101000010010111011111111010101111101100110111001000000001000000011
000011000111010001110111101000000001111101111111001000111010101111101100000101000
000100010111100101000110111111000101111011101111111010000000110111101110000011110
111111000000011111000100111111100011111101100000010001000110100111110100101011011
000010010111100111001001000111111000111111101111010001000000011111110110000000111
111100001111001000111100011111001000111110010111011001000100000111010111000010100
111011111000011111000000101111110011000101101111001100000010110000101001000010110
111000101000111011000111101000100001000101100111100100111101000001010101000111101
111100100111100101111011110111111111000001010000000101111100001111110111000001001
111010111000010101001110001111111001000010000110100101111101011110101001000001111
000110001111011101001011000000011001111001011110110010000010000000001101000100111
111110011111010001000010111111110011000101001111011111111001010001100100000111000
110111100111101111000010100000000110000100110000010000000011011000000000111100100
111111001000111111111010101000010010111011111001011001000100010111100110111101010
111001010001000110000110100111100011111001011111010000111110010000111101000000010
000000000111101011000000100000101101000000100101010110000100011000001000111111111
111110011000001101000010010000101101111100110000000010000001011110011001001111111
111001000111110001000001100000111101000010110000110111110101010111001101000011110
000010010000100000111100110111000110111111000000000000000011011111100100111100000
000100100000110001111101010111110010000111001000011001111101001111101001111110011
111111001000101111111010100111100101111110000000111011110111100001101111000110000
111111101000011101111000010000011110110100101000111011111110001000011110111111011
000001111111001000000011100111101101000000001111110111000000111000010000111010011
000101110000001101111100100000011011000100101000100011111111011111100111111100100
000011000000010010000010010000000100000100111111011011000010110000010010111101101
000000100111101010000001111000101110000101000111100110111111110111110011111110111
111100000111111101111011100111101011000011000000010111000000111111110111110110101
000100110000000011110000100000010000000001010000010100111011101111110010111101001
000010111111100100000001011111110100111010110000000111000010110000001111000000000
000011011000000111000111001000101011111110111000010011000000100111011100111111111
111111001000001101111111011000000010000000001111011011000010011110101101111110111
111011110111110110111100001111111110111010001000001011111100110111110100111001011
111010101000001110000110011111011011000110100111001000000100110111100000000100011
000000100110000010000000011111101000000010010000001110111110000111100010000011111
111010010000000001111101000111111011000100001111010111110010000111101110000110011
000111001111111110000000100111010101111111001000001001000000100111011111000010010
000001011000011101111101011111001110110111110000010101111010001110111111000001011
111100111110111011111111111111111101000010101111110000111111111000011011111111111
000001001000011111000011101000010101000010001000110001111110011000111111000010110
000000110000000111111111101111000100111110010000010101111111011000010101111001100
111111111111111001110100110111000001000000011111010110000101100000000101111111000
111101001000001100111110010000010001000010010000100010000011011111001111000000010
000100100111110011111010100000000110000011111111110110000010111000001000111100011
000001000111000110000010000000000000000010000111000011000010111000000100111011110
111010000111000111000001010000100010111000101000011110111100010111101011000100010
111101000111111101000010001000110001111110000111000000111010000000010001111101010
111111111000110011000010011111010011000000110000110101000010101111101000110110110
111010111111111000000000100000001110111001100111101110111111100110101001000111100
110000100000000000111101101110100100100111011000111010111110110000010101111110110
000000010000010000000011101111110000000010010111101111000001001111110011111111010
111101100000100010000001001000011111000011010000010110000010001110010001111111011
111010000111100110000000111000011010111101000111111000110111000000111100000100010
111101111111101001111010001000100010000110010000000001110111011111110011111111100
000011010001000010000010100111111100110111000000010011000000111000100101000111010
000001110001011011000100100111111101000010001111010111111000011000000101111110111
000010100000110100111110001111100111111001101000000000111110111000001111000001000
000010001110111010000001000000000001111110100000101101000000111000010010000000110
000101111000000010111100000111011000000100100111110100111101101000011111000000111
111101100000011111001000100000101111110110110000000111000001111000001101111111000
111110010111111100000000101111101001000010010000101100000100111111011001110111011
101111110101010011000111010111100011000001011000000111000011111000000110111010011
111101111000001100000010100000001001111101001111101010111111011000011101111101010
000110111000011110000001110111110000000010101111101100000010100111110010110101110
000001101000011000000001111000011101001001001000011101111010011000001110111110010
000001011001000111000000011110110101111111110111111111110110100111011010000000000
111100110111111110000000111111110100000111000001100011000001100111101011111100110
000101001111111101111101001111111101000000000000000010111100100110001111000010100
111110000111010100000000101000110011001000010000100001111101010111111101001011000
000101000000000101000111110111111001111111001000111111111011011000000000111111011
111111001111110011111101011000001010000101110111111010000010011000100101111011110
000001100111001010000001000000011001000000011111111000110101011000100110111110011
111110100000010110000000100000101110000100110110010000000001000111010101000011100
111110001111100010000001000000000000000111010111110101111110110000001100111110101
000000011111100110111110111000010110000100110111111100000101100001010000111011011
111111100000101100110100101000001000111111100110110001000010101000010100111111111
000010101000100010000001110000011110000101011111101010111000100000001001000100000
111001111000000011111111010000010100111111101111111111000010111000000010000011111
111101000000101111001010000000001110000100001111010011000001000110101111000110101
000100111110111111000001010000001001101101110111001111000101001000001101000000111
000100010001001111000011000111110101000000010000010000000001010111101011000000101
000000001111101101001000100111110011111111101111111101000011011111101111001001111
111111111000101110111101100000100000111011111111110100111010100000100000000000101
111110111000011000111110101110000100111000010000010110000001011000000111000001000
000111110000101011110100111111100111111101010000010111000011110000100001000001001
111111001001010111000000100111101100000010000000010001111100110001010011000100101
111111101000001001000111101001000010000011010001111100111000100000000111111111100
000000011000001111001000001110110101000011011111100011000011101000001011000000000
000110110111111100111110100110111001111100110000000010000101001000011101110110101
000100101000101000111111011000011100000110011000101110000101011111111100000001001
000000011001110110110110011111101001010011010000110011111110101111110101111111100
000100000001100000111111010000101000111101101111111110000000101111010000000110001
000001111111100011111111011111010111111011101111110110000001001111111001000001001
000101001111111011000001011000100111000001101000101010000001010000000011000011000
001001111110001100000011011001001100000100010111110110111110110000010010000010111
000100110111100010000000110111110100000010111111010110111011111111110010000001100
111100001000000100000011111000110101000000010111101100000001111000000100111101001
000000100000001100111111000111100100111110111111000000111110000000011010000001110
111111011111100000111101101101111111111100100000010101000001011111111011111100011
110111001000000000111110001000010100111110111111101011110011101000000010110101001
110101000111111000111011011000010010111111110110100001111100011111010101111110100
000000101000010101000000111111110100110010001000000101000001110111101000000001100
111100110110111101000011010111101110000000100000001000111111100000001001111100010
000010110111101001111111011111111100101110000000010010000000000111110010111100101
111110100111101100111011010000001011111111100000010111111111010000000000110111110
000010110111011001110110011110111111000001111111110001111010111111111000000001011
111110110000101000111100110111110011000100110000010111111011110111010011110100111
111111000000000111001001110101100000111110101111111010000110111111110001000001111
000111010111111100110100011000010000000001010000000010111101001001110100111100010
111101101110101010000011111000000010111111111000010000111101110000100100001000000
111000010111101100000010000000110001000011101111010000111100000111000001000000110
000000111000001101000001011111001101000010000110000011000000001000011100111101111
111111010110011100110000111000001111111110101000000110000010000111001110111011000
111000101000001100000000110000000100000011111000100000000001100111001010000001010
111110100000000101111110000000011010000001010000001000111101000111100110111100110
111110111111010000000011110111111000111110000000000101111111111111111110111101110
110011000111101000000000111111100000111111101111001011110110100111010101111101111
000001100000001110111100001111101110000000000111111010111111011000001001111111010
111110001111101010111101100000000001000010010111110010000001001000000000111100010
111001000000100110000010011001000011000001110111010001111111111111110110111100001
000000110000010000000010100000001011001101000000001101111111011111111101111100010
000001011111011111001100010111111011111111111010101111000010000111100110111100100
111111001000000110111001001111111001111101010001000110000010000111101100110001000
000010111000001100111101110111110010111111011000010101111111101000001101111011011
000010001000000110111110000111110000111111100111011010000001011111110001000010111
000000101000101011000010111000001100000011000111101000000000101110111101000000101
000010010111011001000101110000011011000100001000011001111110010101001110111100000
000001110000011010000011100111010110000000001101111110000001100111010110000100001
111101101111101111111101101000000110111111100111100101000000110111101011000010000
000000001000001010000000100110001001111101010111110000111111001111101100000000011
110111101000111100000111111000010110110110010111000101101110101000000001000011000
001010011000011101111110001111101100110100100000000011111011010000100001001011101
111110011001101100000100100000001110111100111111111101111110001000000101000000110
000001011111101110010011100111101010000010011111101110000000100000001000111110111
000101110000111101001000101111100110000011111110111100000010010000001100000100000
000010001111100111000011010111011111000010100111111010000001100001000010000001101
111010010000100000111101010000000111000001011000011110111101000111000111000000011
000010000001011000111101111000001000111101000000101011000101101000000110111111111
001001101000000101000101101000100101111001101110111011111001100111100000110101110
000000111000000110111010010111111100000001001111000100000011011000000100000001001
000000001000100101111011000111101100111010110000000101000111001000000010111111010
100111000111101100000101000111111111000101000111100001111111101000000100111101101
111110011110111000111110110110111110111111111001001101111101111110110011111011110
000000000111010110000000101111101011111000111000110010111101010111101001111100000
001000001111011010111111100111111100111011110111010001111110000000000101001110011
111111000000110011000011111000100010000100011000000111000011000000010010000111101
111111110000111010001101010000101000000101000111100111101111001111110100000001010
000010000111110001000000001111000111000000011000001010111011110000010101110110110
111100001111101111000110100111011010111100111000011000111110000000001111111001100
000010101000000011111001101000110111000100011000000011000011001000011100111100011
000101011000100010111001000111011110000001001001001000000100000000000110111110011
000100011111010101000101000111100000000010101111110101000010110111100001000011000
000010000000010110111110110000101110000001011111111000110110000111110111000011000
111010111000000110111011100000110010111101111111101110111101111111110111111001000
000110110111010010000100011111111001001001100111101101111111110111111001111101110
111011001000001100110111001000000000000001000111101111111111111111101110111010011
111010101111111110111000110000010011111011011001010111111110100000000100111000000
