000000001011100100011111100100
111111111000010101100000011001
111100011111110100100000001001
111110101011110100011111110111
111101110100011111111110011111
000010010111101110100000011011
110101011111101111100000011010
111110101011110111110001000000
000010110100001100111111001011
111111110011110010101111101101
111110001111110101010001010101
111100000000010000011111110110
111101111011101100000000010111
111011011011111110000000001010
000010101111111010101111100000
111001010100000101001110101101
111110000111111101011111101011
000000111111111011111111100000
111101100100000111000000010010
111011101100001110100001000110
000011101100100101111110110010
000011110111111011101110110110
111001001000000011111111000001
111110100111111010010001011001
000011110011111011101111011011
000010101111110010010000110101
000001100111110010111111111011
000010001111011110110001001111
111111001000000010001111111011
000010011111110111111110001010
111111000100000011101111111110
111111111111100011010000010010
000001001111100011001111111100
111110011000010001100001001001
000100011111110000010000101111
111111101000001001100001001111
111001010111111111010000100011
111110001100000110010000100111
111010010011111001001111101010
000011111111110011011111101111
111011011000000101010000001110
111010011011111011111111111111
111111100000001100000010000100
000000011000001100010000001000
000001110000001001001111011111
000010000111111110110000000010
111110010011111001111110110100
111010000111101001111111001010
000001011111111001010000100110
000100101011111010010000110110
111010111011111000000000101100
111010000100001011001111011000
000100011011111001011110110010
111101111011110111001110011100
000000011011110001011111001010
111101101100000000111110111111
111111101100000010110000000001
111111110000000010010000011100
000001101000000101011110111010
111110110111110000111111000000
000000001000110001101111100111
000110011100000011001110100101
111100001111110101101111111111
111110000111111011011101101110
111110111011110011110000011000
111101010111110000000000100101
111111101011111111011111010011
000100000111111100110000000100
111110111100001001010000000001
111011010111110100010000001100
000010110111110100110000111010
000000100100000111101111010001
000001010000001001000000001010
000100110111101000111111111101
000000110111101110010000111111
000100001111111001010000110010
111111111100010001100001100111
000010110100000011110000001000
111100110100001110101111000111
111110100000000011000000111110
111001101111111110011111101100
111001000111111101000000100010
000100010000000011110000100110
000101011000001000010000001001
111111101000000000100000110001
000010010000001111100001011110
000010101100001001110000010011
111101001111111110111111111100
110100001100000011010000100010
000001011100100100001111101111
000001011100010100001110110010
001001011111111101111110100111
111110101011111101011111001100
111111011111101110110000000110
000011001100011100010000010100
000000100100000010100000000000
000000001011111101011111100000
111100011011101101011111101111
000000110000001100001110010011
000000100011101101010000010010
111100000111100011111111000100
111101111111110010000000010111
000011000011110110100001000010
000000010000001001011101110010
000001100111101110000000000101
000110110111011100100000001100
000000100100001101111111111010
000000100011111011101111100101
000001100011111001100001001001
000001111100110011001111110010
111111001011110100111110011111
000001101000001000100001100101
000010000011111001100000010000
111110000100001101000000001100
111111000011110001001110110110
000001111000000100111110010100
000000110000000010110000010101
111011000100001001000001101011
111011001011101111011111111010
111111011111111101000001000110
000001101011111101100000000000
000011001100000010110000101011
111111101100000000110000000110
111110110011111110110000011000
000011001111100100001111010111
000000010111110010111111001001
111110000000000011011111011010
000100100100000000010001000100
111001001011111010010000001110
000100101100001001111111011100
111111111000000001100000010100
111101011111111111000000001000
111011001100001100110000001111
000010100111110100011111101111
001000000011110100011110110110
000100001000011001000000011011
111101011111110011110000001100
000011010100010010001111111001
111100001011101001111111111111
000010111011111011000001001101
111101010000011000110000100000
111010100000010110000000010101
000000110111110010100000000011
001100011100010100000000000101
111000110100000000100000100101
000011000111101000100000111110
000000110100000011101111110101
111111001011111000100000000111
000010110111110111110001000100
111011101100011110011111011100
110111011100001011110000011100
000101101000010000011111110011
111111010000000000101111100000
000110001100000010111111001010
111110110100000011011111001010
111111011100011011010000000110
001000001000001011110000011000
001000001100010001101111000011
000010010000010111000001001101
000000110000000100000000011001
000110111100100110000000001110
000100101011110001110000001111
000001010111101110010000110110
111111001111111110100000100000
111011111000010101101111111011
111110110000001000010000011100
111111011111111011010000010111
111100111111111100100000001111
111011110111110000000001000010
000010111100100111010000000000
000101001000010000110001100101
000101111000000110100000000111
000010000111110000011111110100
111111001011011111011111010010
000000000100100100111111101001
000011100011111100011111011001
000001000100001110110000010000
111111011100000000111111110000
111101001011111000110000101001
000100011000001111011111100111
111100011011100011001111101111
111100110000000111111111101110
111100001000100001100000010010
111011111011101011100000001010
111111111100000100001111110000
001011110111101011101111011100
000001000100000101001111011001
111111100000010001101111110111
111111110011110101011111100010
000111000000000011101111111010
111111011100000111100000101010
000010001100001001111110111100
000110110100000010001111101111
000110110011111001100001111001
000010101100001100101111111100
000010101000000101000000100110
000001001011111011011110100100
111111010000000000101111110111
000001010111110000100000101111
000100110111100110110000001000
000001101100001101101111101010
111111001000000010110000001011
000111111111111100110000000100
111011110000010001000000001100
000000000100010010000000010011
000000010011101100010000001100
111001100111111100100000100000
000010001111101010110000000100
111101010100001000101111111000
111101100000010011111111000010
111110101111101000010000111011
001110001111111000111111001000
111101100100001001110000001000
111101001100000011000000110100
111110011100000000010000100011
111100010111110100000000010011
000000010000100010111111011110
000111100111110001010001100100
001000010011101011011111011010
000110000100010000010000001101
111010111100001000001111010000
000100011011100100010000000101
111100010000000000101111111010
111101111100110100101110101011
111100100100000111010000011111
000011011111101110100000001011
000001100011110001101111101000
111110001011100001000000111111
000010000000000011111111100100
110101110100000010101110110001
111111110100010011000000111011
000011000111110010001111110110
000000100000000100100000011011
111111110111100011000001001010
111111010111110110010000000111
111111111000001011001111101111
111100100111110111111111101011
000000000011110110010001000100
111101110000101011000000100101
111100000100000111111111111001
000111011000001111000000011110
111101101011101110011111100111
000001001011111011111110101000
111110101011110111000000011010
111111001000010001000000001000
000011010100001011101111110010
000010101011110101110000000011
000000100011011000110000010010
000100110011100000010000100000
111001001000010000111111101100
111001110000000000111111111000
000000010000001011001111110000
000010100011110110100000000001
000100001111111100100000001110
111001000000000011000001100000
111101001111110111000000000011
000011110011110111101111111110
000001101100010100100000011100
111111111000001111000000110000
001111011011111111000000100011
000000010111110000000001101011
000000100000000101101111011111
111000111011111100000001011011
000011110000000001101111101100
111111111100011011010000110100
111101000000000111100001100011
111111100111111001110000011010
000001111111110101001111101110
111110011000001001010000110000
000011110011100010111111001001
111100011111101101010001110001
000000100100000100110000001011
000010010111111101011111111000
000011011000000011100001100111
000101011100001101000001011001
111101101011101111110000011110
000111011100000000100001000011
111110001000001000111111001101
000100011111110101011111000011
000000011111111000001111100101
000011110111111111010000101111
111111011011111001010000100010
000001101011110010011110111011
111101001011101111101111111000
000010010011110111110000111001
000111011111111011100001011100
111100011111101101110000001011
000001111000001100000000111110
111100000000001111110000110111
111011001111101010100000011110
110111001011110100100000010011
000010100100010101101111100010
111011011000000001100000000011
000001010111110111110000010100
000011010100010000000001000100
111111000111111101000000100000
000000001100001111110000100011
111111011000000000111111010011
000000000111100010011111100110
111110001011100111110000001101
000001010000000001010000110101
111101111100000110010000001100
000001000000010111000000010111
000010011000001101010001011100
000000011000010101100000001100
111100101011111101001111011000
000011001000000000010001010101
111011111100000000111111100101
110101110000000110010001010111
000100110111111011101111000000
000100001100000010101111101111
000000110111111001101111110100
000100001000000110111111101100
000010010100001111111111110110
111110101011101101100010001001
111100110000000100001111110010
000001001111110000100000000100
000011000111111111110000001010
000001000111111111100001001000
111101000011101100001110010100
111110100100001101001111101001
111111100111111110101111101000
000000100011110110001111111111
111101010000010110100000010010
111111001011111000001111110010
000011100011111101000000100011
111111000011111010110000011011
000001100000000000101111000101
000000000011110100110000011100
000011111100000000011111100101
111010110100010100010000001110
111111010100000110110001111011
000100001100000000010000100101
111111000011111001101111111010
111111111111110101010001000010
111100110111101010100000010110
111011001000000110011111110110
110111101011101010011111001010
000100011011111010111111101110
001100111011111110110000000101
111110110011110001110001010001
111110100011100011100000101011
111110011111101000010000101101
111011100000000011110001001111
001000111111101001110001010011
000001001100010100011111000000
111111010000011010011101111100
000011100111110111010000001010
111101101011110110001111110100
000011011000000000000000010111
111101110011101110100000001011
111101110100010011110000011100
111111100000000001111111111101
111101000100000110110000001010
111101101100000110111111010011
111110000000001010011111011101
000001010011111000001111111101
000011110100000110110000011101
000000001000000001111111000100
111100000100000111010011000011
000100011000010111101110011000
111010100100011011011111111000
111110010011100111111111101111
000000001100000101000000001100
111110011100000010010000011110
111100011011111111011111111011
111100101000000100110000011111
111001011100000001101111001011
000001001100000110000001100000
000001101011110011010001000010
000010110000001001011111111111
000000011000011011110000101100
111110010111101111010000011101
111110100100001101100000110010
111101001100000111001111001011
111111010000000001110000000000
111101000100001100100000010000
111101100111111100100000100010
000010111011111111110001000111
000100110111110011010000111110
111101000100000010000000010010
000001000100001010110000111111
000011111011110011100000001100
111111010011111101110000010110
111100000011110101001111101011
111111010000001100100000011011
111101000000000101001111100000
110101100000001101000000001110
111111001111111010110000101000
111101010100000001001111111011
000000111011100111111111101110
111110100111110100110000100101
111110000111111010010000011100
000010101100001111111111111100
000000101000000111001111010011
111101111100000000001111100010
000001110011111100011111010100
000010010100001101101110111101
111101110100001010101111010110
000011000011111001110000101100
000001001100001000110000010111
000001101111100010101111100001
111110110011110110111111000011
111111011011110101101110010100
111011101100000111001110111010
000000000011110001101111011111
111111000100000010001110111111
000000010111111000010001001001
111111001011101010111111100111
111100110011111101010000110101
000001101000001101101111000100
111110110011111101111111000101
000000011000000010101110101100
111110111100001001000000011000
000001001011110100110000011100
000001110011110110101111011011
000001010111111101001111011100
000011000011101100000000110010
111110101100000000101111000001
111111100100000011001111001001
111011111000001100001111111101
000001011000001011000000111000
000010001000000010010000011000
111100101111111001010000100011
111100110011110111101110110101
000010010000000110011111111010
111111010111100101000000001101
111110110100000010010000001011
000010111100000011100000101100
111111111111111110011110100110
111110100011110101101110111010
111111100100000010011111011100
111110000111110110011111010011
000000111111111011011111101100
000000001100000010010000100110
000001110100000001010000010000
111101101100010010111110101111
000011010100000110100000100100
111111101100001001110000110111
111111100111101011000001011001
000010001111101011000000011110
111111101011111110101110111011
000000111111111001111111111000
111111101011101111010000111001
000010000000000110000000010010
000010011111110110101111111011
000010011111101111110000000001
111101011100000000001111101111
000010100111110101001111111101
000100100111101110100000010100
000000100000001101001111100011
000001100000001111111111001111
111111111100000100000000100101
000000111011110110000001001111
000010110111101101001111111010
000000100000000011101111001010
000000010111101101010000001100
111111011111110011111111100101
111101011111110101111110110011
111101100011111011001111101100
111111101111111111110000000001
111111110011110011101111011011
000000100111111011101111001101
000000110111110110011111001100
111111011111111011011111110010
000010111000001010100000010101
000000010000000111010001000001
111011010011111000101111101111
111111010111111110011111100101
111101101111111100101111011101
000000111111111110001111011000
000100000000001010101111000010
111111010011111010110000001010
111110100100001000010000100100
111111001011110110011110110110
111010101011111110011111001010
000010111000000100110000001100
111101010000000000101110110011
000010100100001000100000001010
111101101100001001111111110110
000001110000000111101111110001
000000111000010110101111010001
000000000100001011111111110010
111101110011111000100000010101
111100111011111101010000000000
000000101100000101010000000100
111111110011110100001111011110
111111001011111101001111001011
000000010111111100001111111010
110110000100000101110001000001
000011010011110100000000010010
000010100111110111101111100110
111110110011111011111110000010
111111110011111011000000000110
111111110100001100101110111010
000011010100001111010000100000
111110011011111111100000101011
000001010100001011010000011101
000001100100000110111111000111
000000111111111110010001100001
111101000111101000100001001001
000001000000000000011111110000
000010100011110111010001100010
000001011100010000111110111000
000000011011110111100000011111
111010000111111001000000100011
111110111000000100010000100110
000000101111110011010000011010
111001101111110011101110001100
000000000111111010001111010101
000101110111111001111111000011
111111101111110110010000011010
111111011111101010010000000010
111101100000000110100000000010
000011110100001101001111011001
000010101000000001111111001010
111110000100011110011110100100
111111100011011010101111110001
111001111100000010000000110010
000010000100010000111111101000
111101110111101001010000010100
111110010000001111110001001101
111111000100001110111111110010
111110010100001010010000010000
000001010000001110101111001110
111001000000000101001111110111
000000100111110010100000111010
000000000100000000110001000001
000000000011100100110000101111
111110100100010011111110111100
111111101000000011001111110101
000000110011111101101111010011
111111100011100101111111101000
111100010111111000110000010011
111110001111110111101111110011
000010100011110100111111100001
111110110011101101110000001001
000010111111111100100001001000
000011001100010000111111000011
000011001111111000111101110100
111100010000000100010000011001
000100001011101111011111110101
111100111011110111011111111010
111101101011111110011111000110
000001011000010111000000010001
000010001111110101001110011011
000010010100000010001111001111
111011000011011111000000000001
111111110011110110111111011101
111110111000001000101111010011
111110011011111000010001110111
000001001011111000011111011111
000101000100000110110001001010
000000010111101101110000010110
111110110111110000101111011101
000101111100001100011110110101
111110000111111110001110010000
111111010011101101011111101000
111101101011100111011111101010
000010100111110011011111111011
000010010011110010011110110010
111100110111111000111111001111
000000010000001010100000100101
111101111011101011010000000011
111010110000001010101110011001
111110111000000011000000010100
111101110111101010101111111110
000010000011110010101111111011
000010010100000001010000010010
000100111000001011111111010111
111010001100000001111111000100
000000110100001100010000100100
111110000000000010010000011100
111101010111101111101111101100
111101101011100111000000001110
000010011000001101011111011110
000001100100000001001111111111
111111001011111100001111010001
000000111000000111101111110011
000001100011111001101110111110
111110010111111110001111010001
111111101111101111001111010111
000000110111111110100000010111
111110110111011111101111001111
111111111100000101000000000000
000000011100001100100000010110
111111011000000111011110011110
111110110111110101100000000001
000001000011101111000000000011
111101001011101001011111101000
111011011111110011110000110011
000010111111110101110000001101
000000100011111001111111100000
000000111011110101011111110001
000001001111111110000000000110
000010000000010011101111011111
111110111100000010110000000100
000000100100000111011111011001
000000000011111110110000111000
111111101100000001011111111100
111010010011111011110001101010
000000111111111000000001110001
000010010100000001100000100111
111111001011111001000001000000
111111001111111011000001100101
000001010100001011001111011110
111110101100000000000000111000
111100110000000011001111110010
000011001100000001101111011010
000000100100000111000000110000
111101111000000010100000010001
000010000000010010001110111010
111111010000001001010000111010
111110011100000101000001000010
111111010100000100111111010011
000010010111111101011110101101
111101111011110111000001110000
000010000000000111100001110000
111101110100000101111111100111
111011011100010001110000111111
111110010000000001011111011110
111101011000011101100000001100
000010000011101110000000100001
111100111000010111010000101110
000001100011111110001111100100
000000001000001101001110111001
111101010111101111000000011101
111011110100000111101111110001
000000111100000000100000000100
000001000111111011010000000110
111000100111110000010000100000
111110001111111001011110111110
000001111011110010110000001000
000010010100000100011111110111
000010101011111011100000101111
111000010111110101010000100110
000100101000011110000000101001
000000101100010000001111110011
111001000111101110001111111111
111110011011101111101111010010
111100111011111101001111110001
000001011011111001100000000100
111100110111111110110000100001
111111011000001001111111100101
000010011100000110111111101100
000000010000011011010001010100
000000110011010010100000001011
000001100100000100000000001110
111110110000000001101111010001
000010011111110001111111110000
111100110100001001110000000101
111111001000010111110000010010
111101001100000101110000010111
000011100000010001011111011111
111100101111101110101110111101
111101001011101110011111101000
000101111100001010010000001001
111110111100001100111111110101
111110000000001011101111101100
111111011000001000011111111010
111001100111100110111110101110
000011001011110100100000011001
111110011011110100001111110001
000000010000000000100000100011
000100100111111010110000100101
000001110000000101101111111000
000010110011110111011110110011
000010101000000101011111111101
000000111000000100001111110000
111111010100001010011111110000
000000010000000000010000011010
111100101100000001101111010000
111010000111111001111111010101
111101010100000100110001000101
111111110011100111001111001000
000001011100000001001110110011
111010011000001111100000100001
111101111111111001011111101101
111111011111110010010000001110
111001010111101111100000011000
111110100011100111011111111111
000100111111110011011110111110
000001000111111010101111100010
111110011011111000111110011010
000101100011101110111111010100
111010111100100101010000110011
111101010111100101010000100110
111001101000000110000000111011
000000011000000101100000101111
000000100111111000011111111010
111111100000010000111110101111
111110111111110000011110101001
111111011000000011011111001011
000110001011111011101111010001
111101111111111010011111100110
111100011111111010011110111100
111111100111110000111111001010
111001100111110000010000101110
111101111111111100001110111011
111111110011101011111110010111
000000001011111010011111100101
000000101011110010000000100111
111111001111111100110000100110
111101110011110011010000000111
111011100000000001111111001001
000000000011110000111111011110
000001100011101010101111001101
111110110111011001100001000100
000000100011111110111111011110
000000001100101111011111011100
111101010100000101101110111100
000000110100000100001111011100
111011111111110010110000000001
111101111011101110000000111001
111010011000001001110000011101
111100111000001011001111011010
111101111100000010011110111100
111110011000001110110000110001
000000010111111111111111111001
111101011011111101111111110101
111011001000010100111111011100
000010001011111100111111101111
111110000011110101101111010101
110101100011110001001110111011
000000000111101010000000001001
111100001100001010111111110010
000000100000000110000001000110
111100110111101100111111011011
111100010000010101101111001110
000011111000010101011111100111
000001100111111101110000111111
111101001011110101101111011001
111101100100101100101111010111
111111101000000000000000110001
000010101011101101100000110101
111101101111110000011110101010
111111000011110010101111001000
111100110111100000011111110101
000011001111011110110000000011
111010111000000110010000011101
111011110111111010110000011101
000101111111111001001111101100
111111001100000001111111100010
000001000111110100111111101011
000011000000000111010000011110
111100101111101001100000001101
000111000100011111101111010001
001011000111110100001111010001
000010111011110100100001011001
111100111000111100010000000111
111111001111111100111111111011
111101111100011110111111001100
000001101000000001100000000100
000000000111110100101111001000
000010000011101110100001010100
111110110000001010001110101000
000000011000001111111110111111
111111110011011011100000000001
111111010100001110111110111111
000100101000000101111111100111
111111101011110010101111010101
111111010011101111101111000101
000001011100000100101111011001
000010111011101100100000010101
111000001111111000101111001110
111101101000001000011110101111
000110011100100110010000000011
000100011111100101101111111000
111000111111010001010000001101
111100010100000010001111000000
000011000000001001100000111110
000001000100010001000000111001
000011000100001011100010011010
111111001000001001110001000000
000111100100011110000000011101
111001110100000101011111101110
111010110100000110000000001000
000010101000001101001111010000
111101100100001101010000100000
111101101011111111000000000101
111100101100000111110000110000
000000100111011101110000111010
111010101100010111110000000001
000000000100001001110000100110
000001010111110111100000000011
000101101011110110100010101010
111111101011111101001111110101
000001010100001001011111000001
111100001000001001110001111010
000000101111101101100010001001
001000111100001110010001011110
111101001000000011110000000100
000001001011111100011111101111
111101000000011000111111111001
111111010111011000101110100111
000000111100010101001111111100
111101101011111110101111111010
111110111000010001001110111111
000001011011101011111111000100
111111000011110001010000101110
111100010111110101011111110101
111110011000001001000000111101
111111110111101100011111001001
111101001011101111100000010110
111101110000000110110001100100
111010111011101110110000010100
111110101100011100101111010110
111110011100001101111111110010
000001100011110010000000100111
000011111111101101000000110110
111110011000000101011111110001
000000010000010010110000000110
111011110100010001100000111101
000001100000001111010001111110
111011101100010000000001101010
111110111100100000111111011111
000001100000000010110010010110
111011000111110000100000001011
000010010000100101101111000000
000001100100000010111111110111
000011000111110110000000001101
111111000011111001010010011100
000000001111111100110001011001
000010110000000000000000110110
111110000111111011111110111010
000001000011110001110000010111
111000111000011000110000100010
000011011100000000101111010000
000011110100000001010010001100
000000000100000001100001010000
000101100000001010010000010010
000001000100001111110010010111
000000001011110110101110011011
111111001111110000000000001101
111110001111101110101111010010
111011001111111011011111101101
000011101011111001011111101000
111110011111110000001101111000
000011011100000010101111000011
000010011011110010000000110011
000011010011100011000001101111
000001001111101100111110100110
000001100000001110010000011011
000100110000000001000000000110
000000011111110001111110011011
000000000011101000100010000110
111001001111100111101111100001
000010110100001010101110111100
000001110100000000100001010010
000010100000001010101111101010
111011111100001100010001101110
000001100111110010110000011111
000010000000001111110000001011
111111100100000011111111011100
111101101100010101011111111111
111101101111101011110000101000
111010011111110101011111000111
111111011111110000111111111001
111110111011111000100000001001
111111010100000011110010010111
000011111011111000000000111111
111100011000010101111111101110
000000110100011100001111101100
000000110111101000110000110000
111111100100010001110000110001
000001111100001011111111100001
111111010000001100010000111000
111101010111101111011111100100
000000111011101110111111110101
111111101000001000010001001000
000100111011110100011111011111
000000011100011000010001000000
111110000100000010011110101100
111110110111111011001111011100
000001100100000001001111010000
111111001100001010010000000010
000010110000001011100000001000
000011000100011101111111110001
000000111111110001000001000001
000000011011111011110000110010
111111110100010110100000011101
000010100000011010001110100001
111101010100001011110001100001
111100110111111000000000010100
111111000100001001111111000100
000000100000000001110000010101
111111000111110110101111100000
000000000000011000111111110001
000010101100000101001111100110
000011001100010001001111101000
111010110011101100000000110110
000000001111111010101111110100
000010100000000000010001011000
111101100011111010100000000110
111011101000001100000001101100
111111010111101111001110111101
111101010111111111000000110100
000000110111100010010000001110
000001111011101100101111011010
000100010000000001000000010010
000001011100011001001111010110
000000101100011111010000101100
111111101100011010000000000100
111110101100010010110001001000
000000100000001000000000001011
111101010011110110000000010101
111110111100001101010001000001
111111011100000100101111110111
111111110111111000001111011110
111110100111101110010001010111
000011101100000111011111101100
111101101111111110111110100101
000010100100011101001111100001
000100000111111110011111100110
000001000000100101101111010100
111111010111111111111111100100
000001111000000110011111111011
111110000100001000100000111110
000111101111010101010001000000
111110011100001001010000110111
000100101100001100100000010100
111111101111101110111111010110
000001011100001100110000110000
000010110111101001010000000110
000001101011110011000000010110
111111000111110011001111110010
111110101011111010110000011010
111110100111011111000000111000
111111100111101101101111101010
000000010000001110100000000111
111110011000000111000000000010
111111000000000111101111010101
000000011100001111000000101100
000000101011101000111111011111
000110011111111001011110110011
111110101111110110000000000110
000000100111100101100000101011
111111001100001011001111111000
111111110000010101010000100011
111110000000000000010001001111
111011000011111101110000100111
111110000000001000010000100111
111111111000000101100001000111
000001000100000001000000010010
111110010000100100110000000111
111111101111111100100001101001
000011111000001001110000011111
000001011011110001010000001001
111111101111111011100000000010
000000111111110001010000100110
000000000011110101111111111110
000010101011111011000000010011
111111100100010011100000001001
000000010100011000100000011000
111111100111100011010000000110
111110111100010010010000101101
000001011100000111100000000000
000010011000001000001111010101
000011110111110000100000110100
000010111111110000000000011110
000010110100000101100000011001
000000000011111000010000001000
111101011111111000100000011101
000010010000010011000000101111
000000011111110110010000100110
000000000100101010001111110110
111111101100010010111111111000
111010010011111001110000010010
000010000100001000000001000001
000101101111111010010000101101
000001000111101110100000010010
000101000100000111001111111101
000010011000010111100000100111
000000010111111011100000100110
111100001011101010101111101101
111111101100001111100000001110
000010101100101010111111010001
111101110100010001110000001010
000011100011110010100000001001
000011100000000110010000011011
111111010011111111100000010001
000001000111110111011110110000
000000111111111000111111010010
000101011111110010101111111011
000000011000001000011111010011
111111100100011000100000100001
000010111011111000010000010010
000011100100100011101111101011
000101010100001101100000010100
000101110111111010000000100010
111111001000100111110000100110
000001010100001000010000000101
000101100011111011011111101111
000000000000010100110000001101
111111010000011000000000011001
000001000111110011100000100101
000110000011110001101111111010
000011000011101101111110111100
000001010011101110000000010111
111101010100000101100000101001
000010001111100111100000111101
000110110100000110011111110110
111011101100000101010000011111
000010101100000101111111111010
111111111011110011101111110111
000000011000110100010000000000
111111011000001110101111010001
000100010000010000011111110111
000000101000101100000000111100
000011100000000011011111101110
111111110000010011110000101111
000011000111100111110000101001
000001111000000001000000010001
000010011100000001010000101011
111110000111101101000000111110
111110011100000011010000000011
111110011011110111110000011111
000011000000010011010000000011
000001101100000000110000010100
000001001011101100110000011101
000011111111100111101111110011
111110011011111000000000010100
000000100100011100110000110010
000001101111101010110000101100
000010001011110011110000011011
000110001011111000011111110100
000010110100001011111111110100
111111110111110010110000000110
111110101000011011000000010010
000000010100010011101110010011
000100110000000010001111111111
000011000100000110010001000101
111110101100010011010001011001
000001010100000101100000000000
111101011100011010100000101011
111110011100001001010000101110
000100001000000111101111101101
000010000000010010101111001111
111110110000011111100001100001
000110111011101011010001011110
000010111100001101100010100011
000010010100010000100000111111
111111110000001100000001000011
000011100000000100100000000101
000001011000010110110000100011
000000110000010000011110111100
000101110011111010110000010101
000010011111101111110000010011
000100101100001100010000111101
000001110100001000000000100101
000001111100000101000000001100
111110111011111100111111110110
000101011000000010000001011110
000000101100000010000001010011
000001101100010001110000000110
111111111100000101110001111010
000000100100000101111111110011
000010000011111110110000110111
000010001000010000110010000010
000000000100100010100000001111
000011011100000111001111000110
000010001000000100010000000111
111110010000000010000000111101
111101100011111110000000101010
000000011000000011010000001111
000101100000101011001111101001
000011100100010101110000110101
000010110011111100101111110001
111111101100001010011111110110
000000000100001110100000100110
000011101000010100100000000010
000011010111111001000000110011
000000100111110100101111011111
000001110111110111000000000111
000001011100010010110010001101
000010000111111011110000011001
000010101000011000110000100110
111010001100000101101111111100
000110000100010010111111110001
111110110000001010101111110111
000001110000010011100001001100
000100011100110100010001011101
000010000100010001111111010000
111110011000001111000001001010
111110111100000100011111101001
111111001000001101110001001011
000101110011110000100000110101
111111111100000011001110111111
000011000000011010010001010111
000000000111111100000001000001
000001111100010100100000010110
000011010100100011010000000000
111101111111111111111111001011
000001010000010010100001011111
000001010000000000111111111110
000001001100000111000000000000
000000010011110001110000011000
000100100011110000010000000101
000011101011111110011111100010
000010111000000011100000010000
000011001111111101110000011000
000000101100011011101111110101
111100101000000011011111110001
000001110111110011110000001110
000010100011111101110000100111
000010010111110011011111011111
000001011000001101110000101110
000010111011101010010001110010
111110110111110010100001010010
000001010011111001111111110101
111110110100000100100000011110
000000101100010010111111001010
000000010111110101100001101110
000000010000010101010001000000
000011001000011101011111101000
111111101000000100001111000000
000010100100000000110000101001
000000101000000011100001000110
000010000000000101111111111101
000010111011111110011111010101
000001010100000110010001000011
111111011011111100010001011110
111101101000001101010000000011
000001001000011101111111111110
000001001111110111111111111111
000011101100001000001111100011
000001001100000011001111110001
111111011011101111010000111110
000010000000000010001111011010
000000101011110000010000100001
111110011111111100101111111001
000011110000001100111111001100
111111011100000011010000011111
111111111111110011010000100111
111110011011110011000000011011
111110010000010000100000001011
000000000100011000110000001100
111110110011111111110001111000
111101011100011100100000000001
000001000000010110100000110100
000010101011111111000001011010
111111101000001010011110110101
000001101100001110000001000001
111111010100010000101111000100
000101111100000000001110110001
000101111111110010110000000001
000010111111110000010000001011
000100001111111010100000100111
000100110100001110010000011110
111110100100000001010000010000
000000000100010000110000101111
111110011111110000001110110100
000011011100000101010000111001
000001101111110111100000011101
000011000000000001000000101100
000001010111111101100000001001
000000101111010111110000010110
000010100000010000011110110010
110101011011110100010000101110
111110010000001010101111000101
111100000000001101110000000101
000000100011101100111111001101
000000111000001001111111010111
111110110011110010111111111100
000000111000010000100000101111
111100011011111010100000010001
000001101000001000110000000100
000010010000000100110000000100
111110111000010011011111010000
111110100100001001110000100101
000111000011101100100000001010
000000001111111100010000010010
000011000111111000001111110101
111110001000001010111111100101
000010001100000011111111101101
111111111100010100110000011111
000000011111111110000000001010
000000110100001000010000000100
111111011100001101010000011100
111100011100010111110001100001
000001001011110000101110100000
001000111000000101001111001010
111000101011110111100001010001
111110000111111100101111110101
111111110011110010011111000000
001000001100001101000000110101
111010111100000101001111100110
111111001100011001010000001001
111010101011110001000000011100
111101000111111111010001100000
000011100100001111000000011110
111011011100001111011111011011
111101001000000101010001001011
001000001111111000111111100101
000010001100011100000001100100
000010111111110111010000010000
001101100100001010001111100111
111111111011110100110001010000
000001011111111001000000011101
111110101100001000110000011010
111111011000011000011111010011
111100101100001010011111110000
001001100111110000000001100010
111101110000010011111111110111
110011110100000011101111011100
001011101011111101000000100111
000010111011111110110000011010
111100011011110110111110110001
000011000000001110110000000011
111111001111110010111111010010
111110011011111010100000001100
111100100111111001001111111001
111110100011100110010000000001
111100011111111010101111001000
111001010000010000111111011111
111110100011110110111111011011
000011010011111000111111000111
000000100000000000101111011101
000010001011110011101111111101
001000100111111000010000010111
000101100111110000111111010111
111110000111110001001111111110
000000110100000001100001010000
111110111000000001001111010011
111111111111111001000001001000
110111100111100001011111110010
111011010000010010010000110000
111111001111111100110000000100
000101011100000110110000000100
000000101011111011000001000110
000000110011101010101111101100
000111011100100010000001110001
111010001111110000100000000111
111110011100111000010000111101
111110000100000110101111001110
000101111011110100111111011001
111100110011110000100000011001
111111011111101100100000100001
000100111000000111101111110011
111000001111111000001110000011
111111010000000000001111110111
000000001011011011111111111001
111000000100000001101111001111
110011101000010000011111010011
111100111111011011010000000010
000100001111111110010000000101
111011110000000011111111110101
000001100011111001111111011101
111111110011110100101111010010
111101101000001110111111110111
111111100111100100100000101000
111111110100000000100000101011
111001111111111000011111100110
000010010111111010100000000101
111110010011111010001111010011
111101101111101011000000000011
000001101011111000100000011010
110101111100001111110000000110
000100001011101010001110110001
001010111000001110011111000111
111111110011111010011111101101
000011000011100011001111101010
000001100000000011001111010011
111010001011110110010000101110
000100100100001000100000100100
000011101000001111000001100101
111111000011111000101111100111
111011101000000001011110111111
000000010100000100001111101100
000001010011110110001111010001
111111000100011011010001010101
000001100000000110111111011000
001011110011110110001111000001
111000000111101111001111110000
000110110111110100011111101110
000110010000010111010000011000
111001100011111100110000101001
001011101100001000110000010000
111111111100001100011111010101
000011101111110110011110011010
000011011000000110010000001100
111100001111110001000000111110
000000111011111100111111010111
110100011000000010110000110101
111110001111110100100000111110
111110010011111011010000010110
000010000000001011100000010011
111111100100001010010000100100
111111011100000100111111010100
000000001100000010111111101011
000110101100000011101111001011
111110100011110001010000010000
111111010100010000010000011010
000110011100000000010000110101
111100110100001010010001001000
000010111011111000011111101010
111110100000000111011111100001
111011010111111100110010011110
111111011011110001101111100101
111111100111101001001111011110
111011000111111000000000000111
000011001111111101011111011000
000011001111100001110000000011
000000111000001111110000100001
111111001111110000101111110110
111100010100011011000000000011
111111010000001011101111101100
111101000111111000000001000010
000100010011111011011111001010
111110001011111101100000000011
111011101011101010000000000100
000011011111111111101111100100
111101011000001110101111100000
111111000011110110101111111011
111111001111101110110000001110
000011000111111111100000101010
111101111011110100011111010101
000010100011110011110000100010
000011000100001011100000101111
111011010100010111001111110011
111100011100011100001111100111
000000011000000011100000011110
000101010111111100110000101100
111101011111111111100000101110
111100111000000000000000011111
000000111100000011101111110000
000011011111111100110001000100
000010111000010001101110111011
000000001011111011100000010101
000001000111110011011111011111
111110010000000111011111011001
111100111100001110010000101101
000100001100010011001111011011
000000111000010011100001001110
000000000100001010000000001101
000010101000001001100000110111
111111111000000010111111000000
000010110111110110001111011010
000111110000011000110001000100
111110101111111101100000011110
111111011011010111000010000101
111110110011111001010000000111
000010100100010001001111010011
111101101111101001100010000111
000100011100001001000000110010
000000001011110000001111110000
111101011000000010100000000001
000010001100010011000000110100
000001010100010110010000011000
000100011000001100101110100011
000011110011111011100001000000
000000101100001000011111101100
000000100000010010111111111010
111010101111101100001111111001
111101000111110110000000101101
111101011011110110101111111011
111100011111110111011111001101
000010001011111111111111010101
000010011000000011110000100111
000010001011110100011111011010
000010011111111100010001000100
000001110000000011101111011011
000011100100001000100000100010
000001001011111110100001110000
000001000100000101001111101010
000011001100010000010000111010
111111111011100111101111100010
111111111100010001000001001001
111111100100001101101111011100
000000111111110110111111101011
000000010000000100000000111110
000101111100000101010000001010
111110111111111010100000011111
111100110111111101001111110011
111011011011110000111111100000
000001001000000100110001100011
111101100100000011111111110101
111011111000001100001111110001
111100001000010001110001100000
000101001000000010001111101111
111111100011111011100000110011
111101010100010000011111111001
000000101011111001110000110110
000000111111111111010000001100
111110110100011001111111100000
111101011011110011000000011000
001000000011111010100000001000
000000101100000110010000010111
000001010100001011011111111110
111110011000001101000001001000
000010111111111101011111001111
000000110011111001010000000011
111100100111110000010000000011
111100011011110011011111000010
000100000011111100011110101001
111101010000000001110000111111
111101101111101111001111000100
111100100100011111011111111000
111110001000000001010000111010
111101111000001011110000010001
111011010000011001011111010101
111110011111111101101111100010
000110111011110101011111110110
111111100000010111100000000000
111101010100011001111111000011
000011111000000111011111011110
000101100000000001010000010010
000010100011110011110000110010
000000101000000000101111111011
111110000100001001101111001110
111111001111111001001111101010
000000001100001001101111001000
111100100100011001011111100000
111010011000001000100000101010
000010001011101100000000010100
111111111011101010111111111011
000010000111110000110001001110
000010011011111010111110011011
000001111100001101100000001100
111101111000000011100001001101
000010101000000101100000000101
111001111111110111100001000000
000000101000000101101111010001
000000111011110101111111000011
111111110000000110001111011011
000001110011110010111101111100
000001011111110101100000110101
111110011111101000010000001110
000001100011110111111111101000
000000110100000101001110100001
111110001111100001111111111101
111111100011111001100000001010
000001011011111101111111011000
111111100011111010100001000101
000100100111110001111111001001
111101110000001000000000011000
000000101011111000110000110000
111110110111111001010001010010
000001001111100100011111111100
111111101000001001110000000010
000001010011110001101110110001
111111111111111101010011101000
000001100000001111011111100011
000001111000101011101111101100
111101001100000011101111110101
111111010111101101111111110001
111101001111110110000000000010
111101100100001111001111100011
000010000111110011101111001000
111101111000000100010000100111
111011010111111001110001010000
000000011000000101000000010010
111101101000000000011110100011
000001011000001011100000001001
111111011111101100000000001000
111100011111111001000000001011
000001111000000010000000101100
111101110111110000111111001011
111100001111101100001111111110
000001011100010000001111111111
000001110111110001110000000101
000001011011111011110000110101
111101011111111110010000010110
111110101011110011111111110010
111101010100000001000000111101
000100011000000000111111100000
111111011100001010110000101011
000000011000000110001111100111
000000011011101101101111111010
000101011111110101011111110001
001000001100001101111111100011
111110100011111111001111101000
111010101000000011100000110101
111111000011110010000011001011
000000000100010000011111111001
111101111000010100001111011110
000000111111110110011111010101
000000001011101110000011000111
000010001100000000111111100111
111111011011110100011111111100
111111110000000001000001101010
000110111111110001101110111110
000000000111111110111111100101
000010101111111001001110111010
111100010011111011010000111001
000001011000010000111111011111
000100011111111000010000011001
111011111000000111100001010101
000001110111111110110000001011
000000000100010011011111011011
000000010111111100000000000111
111011111000000100010001011010
000001100000000101101101111010
111100010111101110001111010100
000011011100010101101110011110
000011001100000101001111011001
110100011111110010000000011001
111101000111111100001111110110
000011110111111001101111101101
000101110000001101111110111000
111101101000000111010001100011
111101100111111111111111101111
000001101100010011110000010011
111100111111101100100000000001
000101001000000110100000000010
111100001000000100110000000000
111101010011110100101111100000
000010100100000111100000100011
111111011000000001111111111111
111101100100000000100000000111
000000011011101111111111001011
111101110011101110111110101100
000001010111110111010000001010
001000000011101000000001000110
000001010011110001101111101110
111100101100001010001111111011
111111010100000100111110010101
111110001011111000111111010000
000001001111101100001111100110
000000100100000011110001101100
000011110100010001110000000001
111110111000010010110001101001
111011011000001111011111100010
000011001011111111100000000111
111101101111111011110000011110
111111011100000001100000111001
000000010000000011110001101110
000000101111111010011110000100
111111011011111000110001001101
000000101111110111001111011100
000001001111110100000000111001
000010100111101000001111010100
111111110100011100011101010010
111111011111111001001111011000
000010000000000100001110010001
000000101011011100111111101101
110111011111101010001110100110
111111011100000000000010000101
111110111111111000000001000010
000101010011111010111110001111
000010000100001100110000000000
000001100011110101010000001100
000101010100010100111111000011
000100001000000000101111001101
000110100000000010000000011010
111110100000000010001110011001
111100111000000001001111001100
000001000100000011101111110001
111110101000011001001110111111
111111100111111101111111000100
000010110000010010100000011000
111101000100010001011111101100
111110010011101100101111100000
111100011000001100100000000000
111011110000010000001111011111
111110111011111011101111111111
000001111011111100110000010000
000010110100000111000000011111
000010011100001101111111101010
000000000111111010111111011010
111101111111111101000000000101
111110001111111000000000100000
000001001011101101100000101001
111100100100010000110000001110
000011000100000011101111100010
111100111111111000011111100011
111100111111111110001111111010
000001001011110111000000000100
111100101100100000101110110111
000001101000000010000000110011
111110011100000101110000010000
111101000100010000110000010110
111001111100000101100000101100
111110001100000101001110001010
111110101111110001111111111111
111110010111101111110000010011
111111101100001110101111100100
110111101000001010101111010100
111111001111110111011111110110
000001010100000101011111110101
111010000100001011000000101001
111111011011110010001111110001
000011010000001011110000110101
000000110100001011011111010010
000100000111111011101110110101
000010000000000011011111101100
111000000000001001001110000111
000001100000001101111111110011
111110100011111111011111000001
111111100111110110110001000101
000011010111110110100000111011
111111010000000000110000111100
111110010111111101110000010010
000000101111110011100000110001
111110111011111100010000100011
111110110111110101100000011101
111011111111110100100010000100
111111010011110100000000110000
110101001100100000101110111101
000001010011111010100000100001
000000100111111010101111011011
111110110100000001110000110111
000000111100000010011111000000
111101011011110010111111101111
000000011111110100111111001010
000010011111100111001111111100
111100101111110101010000110110
000100001011110001000000001101
111101010100010110101111110000
111100110111110111111111101011
000010001111111001011111110000
111101001000000101111111010111
111011111111111100000000001010
111100110000001110010000111111
000001100011100011101111111110
111111001011101100010000101001
111010101111110000011111011110
111001010111110011001111111111
000001110000001111010000011010
110101011000000011010001101101
000010100011111000101110100000
000011000000010100111111100100
111110110111111000011111101011
111111001000001100001110100101
111101011111110110001111111010
000001011011101111100001001011
000000101100001000010000110000
000010000011110111011111011100
000010010100000001000001100011
000011011000001100000000100111
111101010100001101001111100100
111110010000000110110000010011
111110001111111010101111111111
111110100100001101101110010110
111110011100001010001110111000
111110100000000011011111111100
111101101000001110101111101001
000000010100000100000000000010
111111111000010000110000011110
111101101100010001001111101110
000000010100010000100000010000
000011111011111101010000111000
000011001111110010001111111000
000001110100010101100001000101
111011110111110110101111001010
111110111100001101101111011000
111101101100000011101111100000
000001001100001100100000001100
111100100000000011001111010000
111110000011111100010000011100
111101110100000101100001000101
111110111011111111000000111001
000010000111111100100000001010
111101001000001001011111110100
111011110000001110101111110110
000010110011110000000000000001
000010011100000101011111011001
111011110111111111001111101101
000000001111101101011111101010
111100101111111101001111111011
111011010100100100011111101101
111101100100000001110000000001
000011101100000111110000011100
111110010000001111111111001100
000100100111111010111111100110
111111111011111101110000100101
000100110011110001100000000010
111011010000000111111110111110
000100011111101100001111110011
000011001011111110110001001011
111110101011111010000000000110
000010110111110110110000011000
000011101111111001101110100001
111110111011110101101111101110
000010101111110000110000001101
000100010100011011000000100001
000010000000001000001111011111
000010110000000101011110110011
000000100111101110001110100010
000000010111111101110000110001
000011010111011111010000001100
111111000011110111111111111010
000100000111100101010001000000
000000101111111110101111111010
000010001111101010110000111001
111100011100000010110000100000
111110101111111010110000100100
000001101100010100101111110001
111101101000010000010001001001
111111011011110111001111100110
111111111100010111111111110111
111101101000001000110000011011
000110001100001110010000000000
000110000000001001010001100100
000000100011110010010000101101
111111111100011101001111111000
111101101111110010101111101001
000000001011111111101111100000
111101001111110011010000001110
000000011011110011111110110000
000110011111110010000000000100
000001111011101111000000100011
111111001000000101110000001101
000001111111111010011111101000
111111011111110011010000000011
111111100111101101001111100000
000100101000000011000000100010
000001111011110011000000111101
000000111000011000100000001111
000010101000001010110000001110
111110110111110100010000001000
000000110000100111010000011000
000101011100001100011111011100
000011001011111011011111011101
111110001100010110011111010010
111110100100000010111111011011
000010110011110111101111000111
000000010111111001000000010110
000001100111101110110000111100
000010011000001001101111000101
111111001000011001000000001110
000010101000001010001111100111
000100011100000010000000000010
000011011100101000000000001101
000010111000010000101111010001
000100101111111000000001110101
000010010000011000101111100101
000010110000110011010000101111
000001111011111110011111111101
111100000000001000001111011001
000001110100000101100000110110
000010000100000000101110111011
000000111000000001010000000010
000010111011110101000000000110
000001000011111111010000110111
111110111111100010110000010001
000001000000010110000000010000
000010101100001100010000110010
000010000111111111010000011100
111100011100000001101111110110
111101100011111100000001111100
000000011111111001000000011100
000011101100000101110000011100
000011000100010111000000011001
000011010100001100011111110100
111101100000001000110001010101
111110010011110110110001101101
000101000100000110100001000110
000000010000100001111110111110
111111110011111011100000101001
111111101100000110010010001100
000010001100010001101111001110
111111100000010101000000101111
111111000000011001000001010100
000000010111111110110000001011
001000001000011100010000011001
000010000011111010000001110101
000000000100000111110001001011
000000010100010101010000010101
000000000111110111101111111001
111111000011111110101111101011
000000111011110001001111010111
000000010111101111110001100000
000100011100000111001111110100
000010110100011010000000001011
000000100111111010110000110001
000011011100011101000000011001
111101011000001010001111100010
111111010100010001010000010010
000010110100000111000000011111
111010101000001011001111111100
111111011111101111000000010111
111100111111111101110000111100
111110010111111000000001101100
111110110000000000110000001111
000101100000011000011111111010
000101101000001000110001000001
111111001000001111001111101101
000111100111101100000001110000
111111111011111001010000001101
111011111000001001110000100111
000000101111100110001111111010
000100100011110000110010001011
000100000100011011000000111110
111111001100001010100001100101
000101001100000011010000011011
111001110100000011001111011010
111011000111110110101111110001
111001110111111100011111100101
000100110100001001110001010010
000100101111110100001111111011
111110110100010110100000010010
000011011000000110011111011110
111111011100001011010000101110
111100010100000100111111110100
111111110000000000110000001101
000001011011000010100000101010
111111100100001000110000001111
001110000100010011010000010101
111100110011111111101111010000
111101011000010000100000100100
111010001000000101001111010100
111010101111111001110000000010
111100110011100111001111000100
111111100011111010110000000101
000111001011010010100000100000
000101000000000101001111101100
000101101000000011011111111001
111001000111111101011111000101
000010000000001100011111110101
000000101111111001011111001101
000010010011110110010000011000
000010010011101111001110111111
111111111111110001110000011101
111111110011110110110000000001
000010111011111000110000001011
111011011000001000001111110011
000101001111111011101110111000
111110001011101010100000100110
111100001100000110101111101001
000111011011111101110000000110
110111001011111111101111100111
000100111111110111110000001111
000000000100010001001111011111
000010100111100100101111110100
111101101111111100110000110101
001101110011101110010000001001
111101100000010011110000100111
000010000111101111000000000110
111101100111101101100000010101
000001100100000000111111100110
000111100100010011011111101100
000001010100001001000000001111
111011100011110111101111101011
111111011100000010000000111110
111111110111110101111111100111
110110111111111000010000011101
111111000111110101110001001110
111011110011111010000001100010
000100110111111000000001001010
000001110011111100110000000000
111100100100000011011111101000
111100110011111101001111111101
000000100100001101101111000011
000010010111101101000000110010
111110000000000001011111100100
111110110100000111011111111110
000101010100011010100000010011
111110111111101010000000000101
110110011011110110010000011111
000000100111111010010000001011
111101100011111111100000101010
111001001011110110011111011011
111100101011110001000000001110
111110011000001001000000000100
000000010111110111000000011110
111011001000000011110000001001
000001000100010000100000001001
111101111000000000111111101000
111100010011111001110000001011
111101001111110111001111100000
000000100111101100011111100100
111111011000000111000000100110
000001101100010100011111000100
111111111011101010000000100110
111000101100000000000000000010
000100001111111000000000110011
111111000000000111010000011101
111110000111111011011111110111
111100110111110011001111111001
000100010111101100011111101111
000100010000000011011111110101
111001100011101010111111111110
111011100100001101100000000010
111110000100000001001111001111
111100110100000110010000010100
000001000111110101011111001101
111110111011100111011111100101
111101110011101001111111000100
111111011000000100101111011010
001111010011110000000000100000
111101101111100010001111001101
000000110100010000111110111111
111101111011011100101111001110
000001010111100001111110110000
000001110011110100100000100000
000000110111110000000000000001
000101010111110110001111100011
111011100000000001101111010011
000011000000001111110000000101
000000101000000011110000010100
111101101111011110011111011110
111101001111111000011110110011
000110010100000000011111011011
000110011100000011001110101111
000010010100001111101111111100
111101011111101111011110111111
111101010100011001110000101010
000010111011101000101111001001
111101110011111110111111000011
111111011100000000100000110111
111100001011100001011111111010
000000001000000011011111111001
000100000111111010110000011000
110101101011110100100000100101
000001001100000111110000101011
000010100111101111110000100011
111011010100000010101111111101
000001010100000110101111011100
111011101011110010011111101101
111101010100011001010000100111
000011100000000001000000000110
111001000000001011000000101110
111011000011110101111111110010
111110011011101011011111010110
000000001000001111111111110000
001010001000000111100000010011
110001100100000010001111101110
110111000111011110001111100110
110110001111111011001111001101
001011111011110101100000011000
000010111011111001000000011100
000010000000001101100000010110
001010101000001110011111101100
000010000000000011000000111100
000000001100000100001110100001
111111001100010110100000001001
111001001111100011111111101100
111100100111111011000000011100
000011100011111010101111110101
000001101011110010111110010011
111111111011100001011111101000
111111110100001001100000101011
111110010111110111101111111010
111111110011110111100001000100
111101111100000010001111111010
111100011011111011000000111100
111111010011100011010001101011
111111010100000001110001011010
111111111100000010001110111100
000000000111100001100001000000
111101001011111010101111100110
111100010111110001001111111100
111011010100000010000000010001
000001000000001110100000101111
000011001000001010101111111100
000001100100000000111111010101
000000011111011101001111101110
000011011100001100111111101011
111011000111110101110000101011
000000000111111010101111000110
111111001100000000100000111111
111111010011110000001111011010
000000000000010110001110111110
000001111111100011011111000010
111110110011101010100000001001
111011111100001101001110101110
111110101011111010101110100001
111110110011111111010000111001
000000110000010001010000010101
000010101111111110100000010000
111101111100001110010000010011
000001001011101111111111100111
111111000111110100011110100101
111101111111111011000000100101
000011000000001111110000000011
000010001011111100011111010001
111101010100010011101111011101
000001010000010000001111010100
111110101111101001011101110111
111110011100001000011111011010
111111110000000000101111100001
000001101000011001001111010110
111111101100000010010000110001
000000001111111110101111110000
111101011111111110000000101101
000001010011100101111111010011
111011111100000011010000110110
000011100111111010010000111111
111110011100000111011111000100
000000111111100111001111000110
111101011100001110000000101011
111111001000010101101111100010
111111110111101100110000100001
111111010111110010101111010110
111111001000001011011111101101
000001111100000100100000000011
000011001100000011101111101111
111110010100000100011111001100
111110100111110111011111000011
111111001111111110110000010110
111101011011101101111111011100
000000011000000000011111000101
111110100100001011111110100101
111111101011111111111110101110
000100110100000010010000100100
000100001100001110101111011111
111111010111101110101111001110
000100010100010010011111101010
000001111011111100000000011000
000001110011110000000000010100
000001110000001001111111010010
000010000111101101101111010001
111111111100000001001111110101
111100110000000101000000010010
000011100100010100110000101110
111101111000000001011111010111
111011110111110000110000100110
111001111111010100000000011111
000000110111101110101111001101
111110100111101000111110100100
000001000011110101010000001111
111111001011110101110000010001
000100001111111000010000011001
111010001100010110111111100101
111110101000011010001111101001
000010101011111010110000011011
111101100000000010101111010001
111110111000000101011111110101
000010010111011011100000010001
111111100111111110110000110101
111101111100000111100000101011
000100100100010000010000010000
000011000011110100001111111011
000010010011110001101110000011
000000011011111011110000010010
000100110000001110101111010100
000001101011111010001111011100
000000100011111010010000011000
000000001100001101101110100010
000001101011111010110000000000
000000111111111000110000000110
111011111111111110101111000100
000000010011101101110001000010
000001100111110111110000111011
111011001011111011100000001010
111110110011100001001110010101
000011001000011110011111011001
111111010111111011111111101001
111111100111110000001101110111
111111100000000011111110100010
000001010111110100101111000010
111100001100000000111111100101
000100011100010101011110111111
000001110111101110011111101010
000010111100000010100000000110
111100100111110101010000001111
000001001000010001101111110111
111110001011111101000001111001
000010011000001001001111100100
111110011000000101111111110111
000101000000001011001110110101
111000100000000001001111011010
000001110111101111111111101000
111110001000000011010000000000
111110101000000001000001010000
000100000011111100111111101100
111110000111111101111111000001
111111101100000011101111111100
111111011100001011000000000011
000000001011111111010000111001
000011100100001101100000000000
111101110000000011010000001100
000000001100001000000000110110
111000111011111101010000000011
111010100000000001000001001101
000011110000001000011111010111
111111100100001010111110111111
000010101011101101111111110011
111010010000001100100000111010
000000100011110011001111100110
111110011111111101110000001100
111110001011110010000001000100
000001011111111010101111110010
000100111011110001010000101000
111011001000011000111111011011
111101110000001100111110111111
000011000000000100100000000101
111010101111111000000000110101
000000111011110010101110100001
000011111111110011000000001011
111101000111111011001101111011
111011011111101101001111001001
000111001011101101000000000001
111101010111111010110000000001
001000010011111101110001010011
111110111111110101010001010010
111101000000011000111111111100
111110010100100100110000100000
110111001100000011011111111111
111111011100000111000000111001
111110111100010011010000001001
111101110011111100110000010011
111100100100010101011111111010
000010011100001111111111111000
111110101111111110001111101010
000001001011111010110000011010
000000111111111011010000010010
000000010111000100010010000111
000010100000001011100000001011
000000100100001010011111010010
000000010100010001000000111001
111100110111101011101111101010
111011101100010101000000010110
000000100000001101001111100000
000000111100000101111110101000
000011101011100100000001011011
111111100000010011111111101000
111110000100001011111111110010
001010100000000011111111000011
111010000000001100101111010101
000010000111111000000000101100
111110101111111001100000010110
000010100000000110001111100000
000000111111101100110000111101
111011100111111110101110111001
000000010111111111011111101110
000001111011111111111110110101
111110010111110111000000010000
111111101111110000001111010111
000000010000001101011111000010
111101101100001011010000111011
000010000011110101101101110001
111011001000001011010000001000
111010110011101011011111001010
111111100100010000001111001100
000000001111110111001111011110
111101010111111100111111100011
111110010000001011100000000110
111110110000001001100000011100
111110101000001110111111110100
111100000100001010111110111010
111110001100001000011110111010
000011111011101101101111110100
000100101000010111010000110000
000011101100010101101111011001
000100001000001111101111001011
000001000100000001010001010100
111111100111111001000000010001
000001111000001001110000101100
000000111011111111000000101001
111100001000000011000000010100
000001010011111100001111011010
111101111111110000010001010001
111100100111110111110000001001
000010011000001100100001001001
111111110000010000100000001100
111101010100000101101111011111
000000001100011010001111110001
000000110011110101001111100010
111110100100001111000001100101
111110000111110000010000001010
000001101100000011100000110001
111111010100000001110000111101
000011100100000101110001000001
111110010000001000110001001000
111100001011111101111111111100
000010100011111101110000110001
000001100111110101101111100100
111110101100001101101111010011
111101110011110100101111000001
000010100111110101101111011001
000010010100001100101110111111
000100010000000001000000110100
111111001011101111101110111011
111010100000001101110000111000
000001110011111100000001010001
111100111000000001011110101111
000011000100000001011111101000
111011110011111101100000000000
111100010000000011010000010101
111111010100000010011111011111
111111011111111110001110111101
111100101100000100011111100010
000111000111110000001111010111
111101110111110001100010000000
000010001000000010100000100001
111111000000001110111111011100
000000001111101101110001111001
111100010011101100101110101001
111100010100000100111111101011
111100010100011111011111000001
000010100111101001000000001010
000110111100011001000000100111
111010110000010100110000011101
000011010100001001110000111000
000000000100000011011111100111
000001001111110100000000000010
000010000111100111010000001001
110111110011111101101111001000
111001000000001111101111110101
001001000111110001100000010101
000010101000001010000000000111
000000001011111110111110111011
000100001011110010010000010101
000001011000001111110000100110
111010110100001000001111100100
000100110000000101000000101011
111100111011101011111111000111
111101110000000110111111011111
111011101100001000100001110110
000000100000000001010000110011
111101000100010101101111000011
111111100000001010100000011100
111010111111101111101111010011
111110100000000110000000100111
000011101111111111011110100100
000000101000011011010001100010
000010110100101110001110011001
111011111000001010110000101111
001100101000001100011110101111
000010010000001000001111100010
001100000011101010100000100010
000000010000001010111110011000
000000001000000011000001001100
000110001111111101101110110000
000010111100000000100000100000
111110011111111101011111111001
111000001111110100001111101010
000101110100000101010000000101
111100000000001001000000001011
111101101111101000110000000000
111101111100000100000000111100
111010001000000011100001011000
000011100011110001111111110000
000111111111111110101111100100
110111001000000111001111111001
111001110011111101010001001111
000001001011101110111111001110
111110110011111111010000010001
111101010011110101110001111100
111001101000001110100001000010
000001100100000000101111101111
000100101000000011001111101101
111011111000000011001110111110
111111111000001011100000010100
000010101111110101010000101010
000011101011111011000000010011
000111001000000000000000110100
111110011000011011010000011111
000000011000001000000000010101
000000100111111001000000000100
111101111111100110110000010010
000001011000000011101111011010
111110110100000000000000101101
111111100000000010001111100111
111100110100011011001111011101
000111000000001011111111011011
111111110000011011110000010110
000001010011110111000000000111
000010100011111100001111110000
111101111000001100011111011000
000000000100000101011110111101
000010001011111000101110010011
000100011100100010101111011010
000000010000100001010000101001
000001101111111000011111000001
000101000011110001011111110001
000110011100001011111110100100
110110010100000000101111110101
111111110011011101110000000011
111111100000010011110000101111
111111001011110111011110100010
000001000011111111111111001101
111011100000001110000001010010
111111100100001111110000010111
000010101100001101111111010100
000100000011011000010000101000
111101101100000111100000110010
111101010011110110110000011001
000110011100101011001111010000
111101101000001001001111010010
000001001011111001001111100001
000001011011110100001111110100
111110011111111110101111011010
111110001111111010111111110111
000011010111111011110000101001
110101100100010100011110101110
111101110100010001001111111001
000011110100011100010000001110
000000111111110100101110100100
000000111111100100011110111110
000001100000000101010000100010
111111100011101000000000010011
111110111111111100010000101101
111101111111100011111111001111
000000010000010000000001000100
000000111111100110011111101001
000010001011110100100000010000
111110111100001110010001010110
111101100011111111100001010110
000011010000000110111110110110
111011100000101011001111001001
111110101111111010101111110110
000010111111111001000000000011
000011000100000010000000111000
000000000000001100101111000110
000011100111110100101111110001
111110000000000001010000001111
111111000011111001110000000001
111111110100001111100001001011
111110100011111000011111011111
000010110111111101001111101001
000001111000000010101111100011
111010011111111011111111111010
000000111000010010110001110010
000011101000001111100000011001
000111100000010000010000110001
111111110011111110001111111011
111111110011101111111111000111
000100010100010011010000101101
000101000000000001001111101011
000010100000001000010000010100
000100001100000110001111101001
111101010011111110111111101010
111011100100000001101111100110
000010100100001110100000111010
000111100011111000000000100011
000100011100000010110000101010
000001101011111000010000001111
111101111011101001000000001011
111111111000000111000000110000
111100010000000000000000111101
000000000111100111001111011110
000011010111110011101111011011
111011010000001000111111100100
000111110111110000011111110000
000001111111111100010000100010
000101001100000001010000100010
111100000000001010111110110010
111110110111100011000000010110
111111001000001101000000011010
111101010100001110111111001101
000110010000000010101111010101
000100000100001101101101101010
000010001100000001001111111110
000101111100001000101111100111
000010101011100001011110011010
000101011111111000010000101111
111100101000001111100000000101
000100010000001011010000000011
000101011011110101100001010001
000000110111111011011110110101
111010100111101011011111010101
111111101011100000011111111011
000001011100011010111111111110
111101110011110000101111101010
000010011000000011000000011111
111110110111110111001111110001
111111110111111000001111111101
000100111111110100001111001101
000010001011101110100001000100
111011101111100100101111010110
111101111000010100100000100011
111100010111111110000000000010
111111101000001110011111110000
000111100000000111110000101000
111111101111111000011110101011
111111000000001110011111000000
000000111100000110111110111001
000000010000001001101111110000
000101001011111000011111111110
000110000100001001100000011101
000010111100000010010000010100
000010100000010010010000100001
000111110011111000001110101110
000011011111100110001111111100
111100101000000111111110011011
111100111000001111000000111011
001010011000000110001110101011
111111100100010101001111100011
000101011111110010111111110000
000001000000000111010000000101
000001001111111000100000000110
111110001000000000110000100010
111110010111111101100000110110
111110011100001001110000011001
000010110011101000111111101001
000011000100000001010000011000
111011001100001111010001001100
111001000111100101001111111110
000010111011111100000000101101
110111111011110010010000101110
111010100111110001110001011000
111110110000010100111111010001
111101000111101000110000111000
000010101111111001010000100101
110000010000001101100000000100
000010110000000000100000010101
111011001000010100110000000111
000010100011100010000001010001
001001101111101110111111011011
111111100111111010010000101111
000010100111110110000001000111
111111111100000000101111000010
000100101000000100011111010000
000011010111110000010000001111
000010110011111100110000100001
111101110111111110001111100110
111110110100000001111111101100
111111110100001110001111101110
111110110000001101101111000110
111100000111110110000000001100
111111011000011101101111101110
000010100011111101111111001101
000011010111111101010000010111
000010100111101101010000100110
000010101011101010001111110010
111101000000011110011111000010
111011100000000111010000011011
000000110011110101000000101011
111111101000000100010001001111
111111000000001001100000011011
000000000011110110010000011001
111011110000010010001111100100
000001111000000111101111001011
000000101011110111100000001100
000011010111110101001111101101
001011000100001010001111100110
000110110011110010000000011101
000011011100000110101111110111
000001010100000000010000010110
000100001000001101111110110000
000011010011101101000000110001
000010100100000011110001001110
000010000000000100111111111011
111110110011100110001101011100
000001100000000110000000000110
111000111100001001110000010101
111011110100001111111111011101
001101100100010001011111100000
111001111000000111011111111101
000100101000010010101111100000
000001001100001110101111100010
000100101100001101001110011101
001100011011111111011111010000
000011000011111010000000101001
111100101000011001101111111010
000010011111110111000000110010
111101110000010101101110100010
111111111011111000011111011011
111111000111111011001111010110
111010011111111001011111110001
000001011011111000111110110100
111110111111101111101110111100
111101001011110111011111111110
111001011000000111010000100000
000010101000010111111111001010
111110100111111101100000001111
111110110111101111010010011000
000001001000000011110000000101
111101010000100010011111110010
111011101000010011000000101101
000000101011110110000000100001
111100110100010100101111111001
000001001011111110110000100100
111101010011111000100001010101
000001001111111100000000010011
111101101011110111111111010101
000011000000001010001110101011
000001010111111101110000011001
000001011100000110011110111111
000011001011101110001111110110
000001000100001011100000000110
111011111111101101100001100000
111100110100000010000001001100
000010101100001100010000100000
000001000000001010110000101010
111111111111101111101111111100
000011000011111000101111100110
111100000000000010011111011011
111101110000010001010000001101
000000101100000000011111011110
111101100000001111001110110001
111101111100001101001111011110
000010111100000010001111100100
111110011011111000010000011101
111111011111110001100001100001
111101111100010001100001010000
110111100111110011000000011011
111111111100001001011111101100
111111001100000011100000010010
111110110011111010010000011000
111110001011111100001111100000
111011100011111011100000001010
111110011111111011001111011101
111110010000001000101111000011
111011111011111011110000001010
000100000111110111101110101100
000001011100000100001110111110
111010001000001111100001001101
000000010100011010001111101001
000001000000001101111111011000
000000101111111100010001010001
111000010111111011011111001111
111100111011110001100000100011
111100100111111110001111001010
111110100000010001011110110000
111100110100000001011111011111
111101101100000110111111110001
111100110011111101001111000001
111010011100010100100001101100
111111100011111100110000010100
111100111100011010011110001010
000010111011111101011111001110
000001000000001100110000101001
000010100111101010111111000011
000001110000000010001111010110
111010110011010110011110011111
000011011111100101101111000000
000101100100000111110000011000
000001001011111111001111110111
110111111111110011011110010100
000000011100011011111111101111
111111101011110101000000000010
000001001111111000001110101101
000011000100000010111110101111
111110001011101111011110100001
111101100100001111101111011100
111000110011111011000001000111
000010111011101111111111010101
000001001000000100110000000101
000000011111111010010000100010
111110100111110101001110100101
111110001111110010110000010010
111001100111110101111111111011
111111110100010100101110111111
111101110000000010100000101101
111010011111101101001110011101
000000100000001001111111110101
111110000011111010001111001111
000001010011110010000001000101
111100100000010101011110111010
000000111111101101001111110000
111100011011111101111110111001
111110001100000111110011001100
000000110011100000001110100101
000010010100011010111111010011
000100010100000010011111111101
111110110111110110001111111010
111101000100001001110000001100
111011111111111100010000011101
000000110111111010011110101001
111101101011101101011110110010
000010111000001000001111010010
000011100111111100111110101110
111010100111110011000000100110
000010101100000000110000011111
111110000100001011100000111010
000011111011111100001111101000
111110110100000110100000011000
111111000100010101101110100010
111101111000010000011111110111
000000100011011101101110111101
000001000011110111000000011100
111101111100001010111111011110
000000100000001110010000110001
111011111111101001101111010100
111110101111101110101101111110
000001000011111011111111111110
111000001011111101011111110101
000000111111101111010000001111
000000000111100010010001010010
111100011111111011001111111100
000011011011101110100000111010
111110100111111110011111110001
111110001000010110000000011011
111010100000010000010001010010
000010111011111001001111001111
111110010111100011011110111111
111111101011110011110001000110
000000000011110001111110101000
111110000011101111101110111000
111100011000000011100000001100
000011100111101101101110110111
111101010011111111011111101111
111110000000000110010000100110
000000001000001011001111101110
111100100100001010010000000001
111011100011110100000000011100
000000000100000001100000000110
111101011011110011001111101010
111111111100001101010000001001
111111001011111110011111101110
111000000000000111101110100101
000000001011111010011111111010
000000010011101000010000000000
000101011000000010010000001110
111101010100001100111111111001
000001011000001101110000000110
000000100000011110010001000111
000000011111100110001110111100
111110001111111110101111011000
000001110000100001000000010100
000011100100000110101111000001
111011101111110010101111110011
111011001000000110101111101000
111101001111111000010000100110
000000001011111110011111010011
000000011100000011101111010100
111101110111101000011111000001
111111001000010001001111001111
111110000000001110000000001001
111100010000000010011111110111
111010110011100101010000110010
000000111000000010101111011101
111111000100011111011111111001
111101001011110111101111011001
000011111111110111010000011010
111110111000000100110000000001
111010111111101010101111111010
111100110100001010010000011111
000011000111011101111111011010
000100100000000011001111110101
000000010100001001111111010110
111110100000001100000000001001
000100110111111000100000010000
000000011100100100001111010010
111100101111111011101111111001
110111100100000101001111111111
111100011111111101111111011111
111110000100011111100000000101
111010010000100011100000011010
111100110111111111010001100000
111111001111101110101111101101
111111100000010110101111100110
111100011111110001000000110000
111011111111101111011111101110
000100000111110100000000111001
111100111100010000001111110001
000001000111101011000000000010
111101100011110000101111101001
111110100111100111110000101010
111110011011101000010001010010
000000000111100011001111010001
111101000011100101101111100000
000010100100010111000000001100
111111010100010010111111101000
111001110011100110011111101001
111100010011101111010000000100
111101011011110010001111100111
111011011111101110011111011001
000000000000010100111111011010
111101011111111001100000101011
000000011011111000010000011001
000000100100001001111111101100
111111010011110010001111001011
000010001011110110110000011001
000011000011110111001111100010
111011011111110010110000000001
111110111100000001000000101011
111011011011101001010000010010
111100111000000010000001010011
111101011100000101111111110011
111111110000010011000001001101
111110110100010110001111111111
000000001111100010001111011100
000001000011101100011111110111
000000111011101010101110100111
000011100011110110010000001101
000000111111101111110000001011
000000101111110000101111010011
111011111011110000001111100010
000101011111110001111111011011
111111011100000010010000000000
111111101111110010001111110110
111110010111110111010000111001
111001100011111111011111011100
000010010111101111101110111000
000100011111111000011111001111
000101000100001110101111111101
111101100000000111110001000100
111010100000000100111111100100
111100110100000001101111100111
111011001111110010010000001101
111110000111111000111111100101
111011011000011000011111110111
111110001000010111111111101100
110101111100001111000001011111
111001100111111000010000101010
111011100111110101010001100001
111101110100100001010000010000
000011011111101101000000000011
111011110100010000110000110110
000000110000001010011111110111
000001001111110001101111111100
000001100100100110101111001000
000001000100001000000001000010
111110011000010001010000111100
111110011011011100001111100001
111110100000000111001111001010
000101011011110001001111001110
111011001000001010010000010001
000011100000000101000000001101
000100011111110010100000000111
000011000100001010000000101011
000001100000001000010000100001
000011010000000001010001100000
111110111111111100000000110111
000010000100010010011110101011
000101000011110010011110100001
111000000111110100001111011111
111101010100000111001110101110
000001010111111111010000011000
001010110000001000001111011010
111111100000010101111111101111
000001110000001010101110010010
000100111000001001001110011111
000010011000001110111111100100
111101111011111101110000001010
001010000111111110110000001011
000100101100000101110000101010
000011001000001000101110001010
111101100000000011011110100000
111110101111111111011111101111
111011111100010000010000010000
111101100011110111110000110101
000110010111110110001111010000
000010001111110100110000111101
000010010000001111110000110010
111101000011110001101111010010
111111101000000001111111000001
110011001011100111001111110010
111011101100001001100000110101
110110000011111101100001000011
000010001011101001111101111011
000010010011110110011101111010
110011011000001100011110000001
111110111000000010001101110001
010011100111111011011111001100
000101000100010100010000000101
000001010011111101111111001010
000100101011111011001110111111
111110011011110110111111101001
000100001011111110001111110110
000110011000000010101111011011
000000100011111100100001001010
111110111011111100110000000100
000101001111110110101111011111
000001101011110110111111111000
110010100000000011001111111100
111000100100011001101110010110
111111110111110001011110100100
000001101000000101100000000010
111110011100001100001111100101
001001010111110101010000110110
000000001111101001011101001111
111111101100011010010001000111
111110011100001010110000001101
000111110000001010110000100000
001011011111110010100000100000
000001111111101010101111100001
000001001111111110001111111011
110110111011110011011111000101
000000010111111110000000111000
000001011000001001010000000110
111110001111110110000000110001
111111011111111011001110100111
000011110111111111111111101100
000011010111110111010000001011
111101111000001010011111010010
111110100000100110010001000001
111011100000000001100001001001
000001111011111001101111000000
000101101011101000101110100000
111100011100001000000000010000
110110010111101011000000110100
111111110011101111011101111001
111110111100001101101111000110
111100111000011001101111010100
000000010111110001110000011110
000101000011111011000001101100
000100010100000001000000000101
000011111011101000111110111110
111100110111101110011111001101
110011100000000100100000101111
111010111000010001000001010010
000001000011110101111111001010
001001011000000111101111001111
111010000000010111111111010110
111100111100010001011110011101
000010110011111001001111101001
111110100100000100010000001111
000001100100000110111111111010
000010010011111111011111110111
000001010100000001000001011011
000010011011111101000000000000
111010100100011000000000101101
000100011000001100010000011010
111111101011110111010001110111
111010111011111101011111110011
111010001000000000101111101100
000000000000010001000000100100
110100111111111110000000110011
111101010011110110000000110000
111000001011111011001111011011
111110011100000000001110110111
000011101011110100111111110101
000001010111111001100000110000
111010010011111010101111110010
000101001111110100011111101001
111101111011111100101110110001
111001100100000000100001011101
111110101111111001111111101110
111110110011111010111111010110
111100001011111110011111001111
000001110100000100001111101101
000000001100000000111111100000
000101000011111110001111101011
111101011100011110110000011001
000110100011011110000000000100
000101001000000010101111110010
111101001011101000110000001011
000010010100000100110000001000
111110001111101100111111110101
111100101011111000101111011110
111000000100000001110000010110
111111101100011011010000010000
111101010000000010110001000001
000101100111111010010000100010
111111010100010100111110011111
111101111000001011111111101111
111111101011101101001111100001
111011111100000010010000000111
111111011011110101000000010100
111100110011110100110000100010
111101100000000101111111001110
000010010111101010111111111110
000001000000001010110000111001
000111110100001011000000000001
000010010000011000101110111101
111111011111111000000000110100
110110111111011100111111100101
111111101100000001011110110100
000100101000011000101111101010
000000110111101111110000101100
000011000100010111001111111111
000001100111111111011111101000
111110001100111010010000001000
111111010100000010110001000111
111110101000000010000000110101
111101101100001111001111101101
000000000000001010110000000111
000101100111111101001111001011
111101001111111000011111000001
111110111111110101100000101000
000001001111111001111111101110
000000101000010100001111111101
000000001011011001000000001011
000000110100000101101111100010
000101011100001011010000010111
000000100000010101010000100010
000010000111101111101111101000
111100101100010101000001010010
000000010111111100111111001101
000100000100000011101111111001
111101100000000100101110010010
111011011000001100001111111011
000001111111101011000000001100
111110011011110101010001000101
111111101011101111001111010101
111110001011101001011110010011
000001011111111000101111110111
111101011011011011000000111001
111110100111111010000001010100
111110101100010111000000101100
111101011011101001011111101100
000000101111101111000000001010
111111001100010001000000101111
000100101111110011000000100001
000000101011110010011111000011
111111110100100000100000100101
000001000011100010110000001100
111010011100001011011111101001
111110101111111000110001000101
111110001100010101100000100011
000010001100100110001111100010
111101011011111101110000101010
111000011011101011001111010110
000001010100000001010000011101
000000010011111100111111110100
000101111100111001010000101000
111111100011100111000000001100
111101001111111001001111000001
000001100111111101101111111100
111110100000001010010001000101
000010011111111111000000001110
111101001001010111001111111001
111100110000010011110000101101
111010001000010100111111111101
111111100011110011110001001110
111110100111111111101111111010
000011101011110011000001001011
000000101011110110110000011101
000010000000100111100000000101
111101101111110110000000111001
111111111111101011011111110011
000001111000101000100000101110
111110111111111111110000000001
111000011000011001011111110010
000000111111110111111111101000
111111010011101110101111101011
000001100111100111011110011011
000100001100011110010000000001
001000010100000101100000000101
111101000100001011111111011000
111010110000011011001111111000
111101011111110101011111100111
111111111100000101011111010101
000011010100000000000000011001
000001011111110111111111001011
111111101111110010110000101101
111011111111111000001111111110
000000010011100111000000011111
000010000111110010111111001010
111110111000010100001111110000
000000110100000001111111011000
111111010111111101001111101100
000010000000011100111111001101
111111011111111010001111110110
000100100111100110010000001011
111111001111111110011111101110
000011110000000110101110111101
111111101011110000111111100010
000010011100000011110001011101
000010110111111111010000000101
000001100000001000100000000011
111101101100011000010001100010
111100101100000010101110010100
111101111000010000000000101100
000010011011110111000001000010
111110001000011110101111100000
111101110000000011000000010011
111110011011110111110001001101
111101001000000110111111101101
000001000100000111110001000110
000000010000000110011110110111
111111001111111110101111011011
111100001000011010011111011111
111111111111101110111110101010
111110001100001101100000100111
000001011100000000000000001101
000010001111110001110000001111
000111110100010100100000101110
000101100100000011011110111111
111101110111111100010001001111
000000011011111110000000100011
000010011000000011101110111111
000000111011110110001111100011
000001000011110010110001001011
001010110111110001001111111011
110011100011110000110000010110
000010100000001000100000000111
000011110011111001010000010011
000010100111111101010000010001
111101101100011100111111011110
000000001011111001001111100111
000110101111111110110000111100
111011110100000000001111111001
000110010111111000110000010110
111111110011100111101110101001
111100001011111010101110000011
111101110011101001111111110011
111111101100001000010000001010
111010011011011101110000000000
000001100100001011100000001110
000111100111110110111111110000
000001001111110100011111101110
111101111111111011111111011101
000000011111111000001110110100
111111010100001000010000100100
111110100100000100101111000100
000000100111111101011111111000
111000110111101111111111100110
111111000100000001011111001100
111111110000010111101111101000
000010000100001010000000010101
000101100011110000101111101011
111111101000000011011111101100
111110100111100001010000001111
111110010100001000111111111011
111111010000001101000000011100
111100111111111001000000000001
111111011000100001010001001100
000011100111110111110001110110
001110011100000001010000001011
000101011111101010000000000010
111100110111111100000000000100
000110000000000001000000011011
111111000111101110111110001101
001000010011110011111111101100
000111010011101000101111100100
111100011011110100011111111100
111101101011110110111111111111
000110100100010011011111101101
000011010000000010010000110011
001100110111111010011111100001
111110001000000010101111111000
111110001100000001110000100011
111110110011101001011111101111
000000111011110000100000000111
111011110100000101001110111100
000000010100010000110000011010
111111101111110110111111111011
111110101000010101001111010101
111100110000001001001110010010
111110011100000001101111100011
111111110111111011001110101010
000101100011110000000000011010
111111011111100110101111111011
000000111100001100011111101010
000000000111110110111111001001
111110011011110001100000100111
000001010111110010011111011000
111111111111111100100000001000
111110101011110001001111100111
000001100100010000010000011001
111011100100001110011111111110
111010000100000001000000010100
001111000111111111110000100101
000010011011110010010000011001
111011011000000000101111111100
000001100100000011101110110000
000100100011111111001110110000
000110110011110110111111011010
111111010011110010000000001101
111011101111101011011111010010
110000011011111111110000000010
000000111011110010100000101110
111110111011101010001111010001
000010011000000000011111010001
111011000100001111001111001000
111111100111101101111111001010
110111101000000111001111101000
111100110100000101100000000111
111000110100000010011111100011
111101011000010100001111101110
000010000111110100000000101001
000110111011111110111111111010
111111100100000100000001000111
000001100011111001000000010100
000011011011110111111111010011
111111000000001100101110110010
000001100011111000000000101001
111011000111110100111111110010
000011010111110111101111111100
111100010111111111111111101001
000001011100010010011111001011
000001010000000001101110111110
000001011111101011000000010010
000000100000000000011111101001
000101000000001001100000010111
000101110011111000101111010000
000111100011111101011110110010
111111111000001010110000000101
000001001011100101011110111110
111011011100000000011111110111
111110001100000001010001000100
111011100111111101001111111100
111100001111111110000000111100
111110100011101100000000110011
000000100100000111100001011100
111100110100001011110000000001
111111100011111000110000001001
001110111111110101010000010011
000011101100010011100000001010
000000110011110011000000001100
000110100000000011110000010000
000000001111100110011111111001
000100000011111111001111110011
000001111000000000011111100001
000001011100001110101111101111
000011001111110100001111111101
111101011000100001011111111100
001010111100000101100000101100
000111101111110100111111010101
111110111011111101010010000111
000010000011111010011111111111
000100001000010011011111101011
111101110111110010100000010001
111111101000001011100001010101
111101011111111111011110111100
000000100000001000010000011010
111100000111111001111111100101
000001000000010000011111100101
000001101111111100000000111001
000000111111111111000001111011
000010000100001111001111110100
111110010000010110100010110101
000011101011101011100001000010
000001011000010010000000101100
000001001100001111100000011110
000000011011101101000000110111
111011011100000111000000001111
000010110011110000100000001011
000010101100000100000000010101
000010110111111010111111001011
111111101011111000010000110000
000000100011110010110000111101
111110101011111111100000101110
111101110100001110100001101111
111101100000001001001111110110
111110101100001011111111010101
000000111000000011100000011110
000010100011100010001111011001
000001100100000100000000111000
000000011011111000111111100011
000010000011111000010000000110
000001111000000111010000010100
000010000111110100011110100111
111111010100000000000000011100
000000011011110010110000100011
111110101000000011101111101010
111101100000001110100000001000
111111010011111110010000111011
000001001000001101111110111111
000101010000001000000000111000
000001101000000011100001101101
111101001111111011101111100000
000001100000010001000000100001
000000110100001010001111010101
111111101111111011101111000001
000001001000000000001111011011
111110000100000111000000011110
111100010100001011100001000000
000101011011111010111111111001
111100110011110001010000101010
000011110000001011001111010110
000001011000001001101111001110
000000000111111001011111011111
000001010000010010000000100011
111011110100000001110000110001
111101101000011111001111110010
111010011111111000111110111111
000010100000000100010000010100
000000111111110110001111100110
111111000011111111111110111110
111011100111110101100000011010
111101010111111101011111011100
000001001100000000011111101000
111100110111111100000000111001
111110110000000110100000000010
111110101100000111101111101010
000010101100000011100000011110
000010010111101111110000000100
111111100000010110101110111011
000001101011110010110000110010
000001011100010011100000001001
111001011100001010001111111101
111111110100010010001111110111
000110001111111001010000111001
000100001100010001100000001000
111111001111110100110000111010
000010000000000101001111100111
000011010011111110011111011001
111110110000001010101111110110
000010111111110110001111011011
111111111111110001011111010110
000010001111110011000000101010
111101101111101001010001001100
111110001111101101110000011101
111111000000000011101111111100
111100101011111010101111111010
111011011011110101001111101001
000000110111111010110001000111
000000100100000111110000110111
000000001000010011011111111111
000100111100010001100001000010
111010110011111111100001011110
111111100111111100110000110010
111010101100001000010001010001
111110111111101011011111110011
000100001100010100000000010101
000010100000010011001111111001
111110100011101110100001010010
111110000000000011111111011001
000001110100010010000000000101
111101001111111101011111110001
000110000100001010100000101000
000010001011110101110001000111
000111100100001100000001001101
111100011000010101001111010001
000000001100010001001111110010
000010101111111000011111111000
111101110000000011000001000010
111110101100000010011111000011
000000100100010000001111100101
111110101000001001000000100111
000001100111101111001111100100
000000001111110011101111011000
111010011111110010001111011001
111100011100001010001111011110
000101000011110011101111110001
111010111100000100010001110000
111110011100001010000000000000
000101001100010101011110111111
000011000000000000111111010001
000010100111111011110000101000
000001000111111011000000101001
000100110000001011000000110010
000101001111101111100000001101
111111101100010101010000111011
000111011011101111000001001111
000010100100001001010000111011
000000110011001001101111000110
111110111111111011110000111011
001011100000001001001111111011
001000110011111101010001000000
000001111011111100110001010001
111111000111111010000000111010
111110011000001011100000100101
111111100111111110100001000000
111101101011101010010001000110
111011011100001001010001001100
000001111111111000010000001010
000111001000010000000000001011
000100001011111110101111100001
000001001000000110101111000111
000011001000011001111111111010
000011100100000100000001001010
111011100000000000100000000010
000000100000010000101111101001
000110000100010101011111111000
000101010100000010010000110001
111001111111111111000001011011
111110010100000100000001011011
111111000100000001001111100101
111101010100100010011111111010
000100100011101111100000010101
111111110100000011000001100010
000111101000000001101111000100
000011111100010110010000111001
111101101111111000010000111111
111101110100001110100000011010
111100111111110011001111100100
111011011111110011011111011001
000110011011111111111111000111
000010111111111010100000110110
000011010000000001100000001000
111110110000000010000000101011
111110011100010110010001000001
000011111000011001100000110111
111100010100010010101110111011
000000110100001010011110111101
111011110100000111000000110111
000010001011111010001111001110
000000110111111111010000110001
001001000011111110000000000000
111111011011111001010000000111
111101110011111111111111110000
000010110011011101111111101101
111111010100001111000001000001
000010001011111110010000001110
000010110100001110111111110010
000110010011111100110001000101
111111001000100111000000000011
000011011100100010010000011110
000000001000011110101111001101
111111101011110011110000110011
000000010000101001011111111010
000010111100010100101111000011
110110101111111111001111110010
111110111000010010110000100000
111110001100011101010000111001
111101110100000101010000100001
111100011000000000110000111000
111110101000000100010000110101
000000011100001100100000011000
000010010100001000100000010001
111110011100010000111111101110
111110110011110111000000100010
000001011000100111010000010110
111110110111111001000000100010
110110110100000110010000111010
000000011011111100001111110100
111010100111111101100000011010
000001010100001001110000101110
000000010100010001011111010010
111101010000011100001111000101
000000111100000010001111100100
111110101100000110101111110101
000010010100000110100000100000
000010101000000000001111100000
111001101111111110111111010001
111111011000011001100000100111
000000110111110101100000010011
111100000011010110101111110111
000001011100010100111111100000
001000110100010000110000000011
111100001100010001111111101011
111100010011111100000001011011
111000111100010100110000110101
111111111000000101010001101001
000010100011110011101111100101
000010001000001111011111101010
000001100100010000001111011101
000101010011111011000000101101
111110000111101100011111101100
000011001011111101100000101101
000001010011111101101111111100
000000111000000111010001010011
000110111011101010111111011000
111111010111111001001111011101
000011100011111110010000100101
111110011011111010001111101000
110111100011111000101111110101
000001100000010010000000110101
000001111000000100111111111111
000010100011101011010000111110
111011100011111001111111100010
111110101100011110100000110001
111011111000001001101111001101
111010001011111111101111011100
000010101100000100100000111101
000000001011110110111111101001
000000101000000110011111111010
000010111100001111011111000000
000100001100010101110000010001
000000111100100001011111101000
000001001000010010111111011010
111001000111111001011111010000
111101101111111010100000010010
000101000011110000101111001000
000010111000001111010000010011
000100000100000000110000110010
111010010111101000001111011011
000001100011100110110000000110
111100011111111000011111111100
000010011100000001001111100110
000001101111100001001111010001
000010011111111101010000001010
111111010100001001110000111110
111100100011101001010000111000
111111011011111010010001100011
111100101111111000000000101111
000000010100010111100000110100
000000001111111010110000110101
000000001100000001100001110011
111111101100000011001111111000
111101101011111110100000100000
111111101111111110010000111000
111010000011100101110001011110
000010010111110110101111010001
000011011111101110100001001010
111111101100000001100000011111
111100010111111011010000001101
000001011111111001010000011010
000011001111110010001111100011
111100100111101111010001000010
000011001111111001011111110101
000000100000001011111110111100
111100011000000011111111111110
111101011000000010100000000100
111101011100010001100001011001
000010000011110110110000001110
111011111000001001010000001100
111110111111111000100001000100
111101101100001100000001000001
111111010100000100110010000111
111101011111110011110000110100
000010001100001010110000101011
111001011100001000010001000011
111011011011100111100000010111
000010001100010010000000011001
000000001100001010101111111000
000100100011111111010001101001
111111100000010101111110100100
000011011011101111100000111110
000000000100000101010001110100
111100111111111101110000100001
000100100100011010000000001000
000000100011110011111111011010
001100011000001110110000000111
000000101011111101101111100001
000001110111111001010000001001
000010011000001010110000000100
111110100100100110000001000101
000011110100001010101110101100
000101010000000100111110011111
000011010011111111101110110000
111001101000000000100000001011
000001010011110101011111111000
000011000111110011000000111101
111100111111101000000000100010
111010101000000100010000100111
000001010011111010010001111100
000011110111101101010010001100
000000111111100101110001000010
111110011011101011001111010101
000011001000001001100010010100
111110100100000000001111100111
000000100111010101111111110010
111111110000010000000000001011
000000100000001110101111100100
111110010000001110001111111010
000001011100000010100000111011
111110101100001100100000000100
000001110011111111110000001100
111111000000001000000000111111
111111000011111010101111110101
000000010011110011101111010111
000001111111101111111111000111
000010100000001100110000000100
111111000000000011001111101111
111101101000010100000001000000
000001101011111000100001010100
000001001011011000110000010111
111111010000001101101111100101
111110110111111101011111110011
000011001100001101110000100111
111111011000000110000000000010
000001100000001100100000101101
000000100100010001100000101110
000011000111111110110001100011
000001010111110001000000011101
111011111011111001100000000011
000010100100000001010000000000
000010001011101111101111100111
000101010111110101000000101100
111110101100001010111111011100
000010001000001001100000101110
000100010100000110000000101111
000001000011110110100000011011
000000111111111010101111010110
000001111100001011111111111101
000010010111110101010000110010
111110111000000000011111100111
000001010011110111111111001001
111100100011110101010000011100
111011011000010101010000101010
111110001111111000000000010100
111101000000010011000000000111
111110101011111101011111101001
000100000111100111011111100010
111010100100010101000000000110
111100111000011000100000101011
111101001100010000101111000110
000100110011111100101111011110
000000111100001101100001001100
000010100000010110000000110111
000011001000001000000000100011
000110111111110100110000110111
000001100000000100010000001100
000001101111110010110000011101
000100001100010010010001110100
111101010100000000100000100100
000001010011101100111111111111
111111001111101101010000010001
111101110000000111001111000010
000011100011111011010000000010
111011110100001010000000101001
111011101111110101100001000010
000011000011100101010000010000
000010111011111111010001010001
111110100011111101110000011110
000001001100000010010001010011
000001101011111000111111010111
111111100011101000000000000001
000001001011111101110001111110
111101111100000111011111101100
111100011011110100001111001100
111111111100010000101111100010
000010011100001100110000010001
111101100000000101110000011011
111111010011111110011111110100
111110011111111110011110110001
000000010000001111000001100010
000011011011110110111110110011
111101000100011010100001101010
111110001100001000101110110001
111011000111111011001110100111
111101111000001000001110110101
111101110100001011111111011110
111101010011110101011111110010
000100010000000011001111001000
111100110011101111111111001101
000010011111101000101111011101
111110101000000111101111110011
111011010111110000000000101110
111100110011110001011111100110
000010011011110110111111100100
111101100111111111001111100110
111110001111110000110000111111
111101111100010010100000100110
000000100000000101100000000011
111111011000001001011111001001
111100110100000001011111101011
111111010111110010001110110100
000001110000001100111110100110
000010000011110011101111100010
111101001100000110011111111110
000001011100001011111110111110
111111001111101101100000011101
000100001011111101011110100100
000010011111110100010000101010
111100111111100010000001110111
111100011111101101101111110111
000001110111110111101111001101
111111000011110000011111101000
000001101111111000110001001111
000010100100010000100000000111
111110111011111110100000100100
000010111100001100111111000000
111010110011101110010000011110
000001110000001000111111010011
111111100111110111101111000111
111111011011110111000001001111
111100101100000110100000000001
111111000100001100010000101100
111111100011111010110000100101
111110110011110100111111001010
111010000111110001101110011101
000001010111110100000001111100
111110100011111101111111100011
111110001100000001000000110111
000010100000011000001111100101
000011110111001100000000111000
111111010100010010001111111001
000001100011101010010000010000
111111111100000100011111110110
111110111111111000010000100101
000011100011101011110000011111
111110101111111100010000010010
111010010000000000001111001000
000001100100001110000000011000
000010110100000101010001101010
000011100111111100110000001011
111110010111101000101111100101
111101100100001010110000000000
111100111111111011101111101101
111111111100000111001110110000
111101010000000010110000101101
000000111011110110110001110010
111110011011111001110000001111
000011100000000101001110111101
111101001011100111000001010000
111100110000010001101110111101
111111111011110011011111100111
111101101111101111100000010000
111000110100000110100000010010
111101011100000001001101100100
000000010000000010000000101101
000010010000100101110000110000
111101000111111101001111101101
111110101111111110001110011110
000001010000001010100000001010
111100001111111100000000001101
000000111000000101101111111001
000010000011110110110000010101
111101101111111110011111111110
111011001111110011101111100010
111011100000001101110000000100
111110101000010011000000111101
111111010000000110111111001010
000011000011111000001111011100
111001111100001111110000101111
000011101000001010010000001111
111100100100000010111110101011
111011110111110000000000010010
111111001111100000111111100101
111111111000000001011110110101
111111101000010001111111000110
000011000100001001001111110110
000100001011111011000000011110
111101010111111101000001100000
000011010000000000100000011110
000001010011111100011111110100
111110011100001001111111010101
000100000011111011011111111100
000001011000010011010000111101
000010001100001110111111111001
000001100100000111001111110000
111111011111111000110000011001
000000100111111100100000110100
111110101011111001001111011111
000000000111111101011111111111
000010001011110011100000001010
000001001000000101110000001101
000000011100000010111111100110
111110111100001001000001011001
111010011100001111100000010011
111101111100001011000000111000
000000101000001101100000111010
111101011111111110110000111010
111101011100010000110000010001
111110010011110100001110111001
111101010000000010011110110011
111110000100001111001111011110
000011110100011000111111000000
111011001000001110001111100100
111111000000011000101111000001
000001100011101101101111000110
000011110111101011111111110001
111100001111111011000000000111
111101110011111011111111010100
000000110100000100011111101100
111111110111101001101110100100
111100001100101011100000011110
110110110011101111111111011000
001001010011110111011111010111
000100101100000110110000011000
000010110111101100100000010110
000011001011100110111111010001
000000011100010010100000011101
111001010100011100100000010001
000101000000000101000000100101
000000000011110010000000001010
111111101111110110100000000101
000000010111111000011110101111
000000100000000011010001100001
111100011011111110010000110111
111101011000001011110001011011
000000000011110110010000010101
110110101100011000001111101101
111011011111100110011111111100
000001001011101100111111111010
111110000111111011001111001101
111110011011101110101111111111
111011000000000011010000111110
000011011100000010110000000101
000111011111100000100000001001
111101001000001011111110100010
111111010111110110001111111001
000100000100011010001111001110
111110111000011001110000000010
000000011011111010011111100001
111101111100010010100000110110
000101100011111001101111110101
000000010100001001101111100010
000000010111110011010000011010
111110011100010010101111010010
111100000000001001010000011010
000001011111101001001110101010
111110100111110000010000000101
110111110000011101000000001001
000010010000000101100000010111
111100011111111010110000110000
111010000000001000001110011111
111110111000001001010001001001
111100101111111111011110100010
000010011011111010010000001010
000001111111111011010000011111
111101101011011010101111000000
000001001011101000001111100001
111001110100000110111111001110
111011001111110000010000011000
000101100111110010010000010110
000011101100000010011110010010
111110111000001101110000100000
111001110100100100101111010001
111111001000010100001111100000
111100001111110101110000101111
000011100011111001011111100100
000000001100100111011111100111
000001111111111001101111100100
000111111011101100101111010100
111110010111111101100000001000
000001011000010111110000000001
111110111100000001111111010100
111100110100000001011111100110
111110110100000100001111011100
000000000111110100110000110110
111110110111101101101111111110
001001000111111000101111110101
111101111011111001101111100111
000011000111011101111111011000
000010010000010001000000011110
111111100100010000101111111011
000001011000001100111111110010
111100011111111101011111010101
111110010000001110001111010101
111101101000001100011111000111
000010100011110011101110111100
111011110011111100010000001001
111111011111100101101111101110
111011100111101011110000011010
111110111100001101101110111011
111100011000000000101111111111
000101110111110011101111110010
111100100100000111101111000111
111110110100000100101111110011
000100011000000101010000100010
000000001111110000000000110110
000001000100011100101110111001
111011001100011010101111101010
111010110000000101101110101010
000010001000011001100000100011
000001011100000101100001001111
000010001111110110001111100110
111110011100001101011110100111
111010100011101111001111110000
000101000000000111101111110010
111100101111110110001110111110
111110110111100000100000100111
111111011100000011000000000010
111001111111110111000000010001
000000011100001000110000101111
000001010011100111101111011011
111011110111101011100000000111
110101000011100101011110111000
111011010100000000000000101111
111101110111111110001111010010
111011110111010011001110100100
000101010111111100110001100010
111100101100000101011110110001
000100111111101111110000000000
111010101011111011100000101010
110101100111111111001111101011
001000101100000010001111110010
111110010100001000001111101010
110111101100001011111111111011
000101011100001010001111110111
111100110000010101000000100001
000011011000000001100001000010
000010100100001100010000010001
000001101100000010010000100110
111101110011101101000000000001
000001011111111110110000000101
001100000011111010100000010110
111011000011111100011111001011
000011001000000000101111001110
000001000011111101110010101011
000110001011101100111111001111
111110101111110110111111010110
000001000000000010100010001000
111111011100000000111111011001
000010101011111000011111010100
111111110100000110101111111010
000100000011110001101111001100
111111100011110100011111110101
111110110000000000100000100111
000100111011110010000000111010
000101110111110010111111111110
000011010000000101101110101000
000100011111110001001111101000
000001010000000100101111111100
000011111111110110110001000010
000011110011111101100000011000
000010101111110101110000100001
111110001000011010000000011010
000011100000010000111110001101
111001110100000110110001111010
000001001000000111100000000111
111110100100001101011111001100
000011011000010100100001011100
000000011011111000110000000101
000000100011111111011111111110
000101000100000111011111100101
111111101011111010101111110111
111111001000000011000000000011
000001100000000011001111000001
000000111000001100110000000001
000001110111100100101111010010
111001100011111111001111110100
000110111100010001111111100110
000000111000000000111111110111
000011010100010001011111110111
111110111011111110111111110001
000001101011110110111110111010
111111101011101101101111001111
000011010011110011111111100000
111111101011110010100000110010
111110001011101011111111100010
000010101000000100010000000000
000000100100000110100000001001
111111111111110010110000111001
000011011111111111011110100010
000001111011111000110001111111
000000001100001111010000010000
000000100011110010000000101101
000010010100001011000001011110
000001110000000100111111101010
000000011000000100100001111110
000001001011111010010000110010
000110100011111101011110110000
111111001011110100000001010110
111110100000000011010000011101
000011110011111000001110100000
000001101100001101010000000001
111111001111111111111111001111
000001010111110110100000011111
000011101011111100111110111010
000000101000000111000011100011
000000001011110111010000100101
111111010000010001101111000010
001001111100000000011111111011
000000100000000000011111000101
111110100000001000100000101011
111100111000001100110000001010
000000100111111000110000100100
000010001100001010100001000011
000010001000010010011110111110
000100011000000100100000001011
111100011111101111010001100101
111111110111101101100000010001
000000111000010101000001000000
000001000111110110111111010111
111101111011110111010010001010
000010111111111100100001110001
000001110011110010100001011100
111111111111110111100001110001
000010010100001010000000001010
000100011111110011010001001111
000010101000000101010001100000
000100001011110000001111111100
000100000011101110010000101000
000001001100000101011111100110
000100011000000011100000000010
000000010000010011100000110000
000011010100000011100001110001
111111100011111001010010000011
000000000100000111110000100010
000010000000001110000001101010
000101101000001101010010000001
111101101100000111000000110010
111100111011110111001111101100
111100010100001000011111111011
000001111011101111000001100011
111110100100000011111111110101
000010100000000101101111111100
000001001100000010000000010000
111010010100000101111111100100
111110111100000010101111001011
000101010011111010010001011110
000010110111111111001111100111
000010111000001000011111010100
000100111011111110011111010001
111111101011101111001111101001
000011100100001101000000000000
000001100111111010110000010000
000001101000001011100001000001
000011100100000000000000011111
000001011000010001001111001100
000011101111111110111111110100
000010001111110111110000010011
000100011111111111101110010110
001000110100000110100001010110
111111101100010010100001100010
000111100011101010111111101001
111110100100001000100001000111
000101101011111101000000100101
000111001111110110111111101110
000011100100001111011111010011
000111110000001111001111110100
111111111111110100111101101110
111111100100010000011111011100
111100000100000011111111010101
111010000000000000101111111111
000101110011110010001111101100
111101100111111110101111001011
000001011011100011100000011001
111111000011100111110000010011
111011010000010011000000011110
000100010011010001101111100011
000001100011101001110000011100
111101101111111010011110101111
111011111011110110000000000010
111101010011100100100000001110
111000110111111101000000000010
111101111111100000100000001110
111110011000010110101111111001
111100010111111001010000000101
001101111011110000101111110110
000001101111110101101111101111
111101011011100010100000000101
111111101000010100011110011000
111100000111110110110000100101
111111101111011110111111011010
000000000000001111101110100110
110001111011111010101111110100
111100011011011011010000111011
111101110011011100001111110101
111101100111110110100001000101
000000001100011101101111010111
000000111111100110101111110000
111101000011111100000000001001
111100111011111011000000000100
000000010011111110011111100111
111101001111110111000001100010
111111001000001111111111001101
111111110000010110001111110100
111101011011000011110000000000
000100010111100010010000000000
111010010011111111000001000001
111101001111110110101111110001
000001000001001000000000000011
000001101011111010010000101100
000100100100010100110000001010
111100001100101000001111101110
000001110111110010001111111000
000011011111101001010000001010
000011010011100111111111010101
111101111000010100000000010001
111100000011111100000000000001
000000111111111110010000000000
000011111000101110011111111010
000010001011110010010000011011
001000101011100110011111110001
000100110000000001110000011001
000011010011111000010000001101
111110111111110101011111100001
000111011100100011100000001010
111111001000010111001111011011
000000011011011110011111110001
000101000100000010010000000100
111111101100000111100000100101
111110101111110100111111101011
111100100000000110111111000111
111110101000000000110000110010
000011101111100001000000100001
111110010011110010001111101101
000001000000100000100000100100
111111001111100100101111001001
001101100100001110110000001111
111110100000000000010000101111
001000011000000100000000001111
111110001011111101000000111100
000011000111001110001111101000
111111000000110010111111011111
111110101011111101110000011110
001111100011111110001111000100
000000011000000000010000000011
000000000100000010110000000000
110100010111111100110001011001
111100101100011101001111010000
111100111101010010100000000100
111100110111110111011111011001
000111110000000111111111011000
111101101011111110001111110000
000001101011101101101111111000
000001011100000000000000110101
000000000000001111111111000101
000101011100110010100000011110
111010100011111101100000001000
001001000100010000001111111000
000000110111111001100000010011
111111011011111001011111111011
000011010111111110111110110000
000010001100001001100000001100
111110000111011110110001000010
111110100111110100010001010111
111111000000010011001111010011
111001110000011001000000000100
000001100011111110100000100010
000001110111100111110000000111
000111010011110100111111101110
111100100011111010111111111110
111001111100001011011111101001
000001000111111000010001010110
000010011000001100010000001000
111101111100000110111111100010
111010100000100101001111100110
000010101011011111000000001010
111110001111011111100001110101
111100101011101111111111001111
000000010000000101111111010110
111110011011111100101111010111
000001100100001101110000100110
000010100000100001110001111111
111111010011011101110000100101
001001100000010111010000010010
111100100100001010001111001111
111111000100011010010000001001
111011001011111111010000011100
111111111111111110100000000011
000011011100000111001111000100
111111110011110100011111100011
000010110011101110110000100110
111000100011010010100000001110
111110010000001000010000000000
111110001100001010111110111000
000110000000000110010000011000
000111010100001111110000010110
000000010011110100110000001101
000001001011110110010000001000
111101111100110010111111110011
000001101000000110110000101011
111100111000010001011111110000
111110110111101101111111001110
000001010111111101100000110111
111101110011111010101110110110
000001111011100011100000101001
111101001111110111100001010000
111110001100000101000000010100
000011011011111100001111001011
000000110011111001111111101110
000001000011111011110000011111
000001010100000010111111010100
111111010111111000110000000000
000011110000001011111111100101
001000010100000110110000001111
000000000100101011101111101111
000000100100000110010001100101
000001011111111000011111111001
000000000111111101101111011010
000101110000000000000000011110
111110010100011101010000011111
111100011011110100001111101000
000001101011111010100000110010
111110000011111110100001001101
000001111011110111111110001000
111110110011110111000000110000
111100111100001111111111101110
000000000111101011110000000001
000010111011110100001111110110
111111010111111010111111110101
111110000000100011110000010000
111101110100000001011111010111
000010100100010100100000011011
000010100100001000011111011100
000010000011110110100000100011
111010011111101111110000001001
000010001100010001001111111011
111110010100010000100001001100
000000111000010101000001000011
111110000011110100101111110011
000101010100001001110000100101
111110100000000101101111010010
000000001000011111110000001010
111100011100001001110000010101
000101000100110011101110111100
111111100111101110001111010101
000001000111100010000000001001
000011000000000110001111000110
111010111011110001111110111011
111100000000010011010000100101
111101011100001001110000001010
111101101111111100101111110110
000000000000000001110000001010
111100011100000110110000101011
111110010011111000010000001000
111001010111110010111111011111
111110001100010001001111001001
000011010011111100100001010100
000000000111111000101111010110
111011010111101010000000001010
111100110111111010110000001101
000000110111111011000000000110
111101010000000001000000001011
111101110000000110100000001001
111110001000000011100001011010
111101010111110011111111010110
000000000000001000110001100011
111100101100000110100000011001
000010101111111000111111010101
111111001111101001010001000100
111110010000001101111111111111
111011101100000010011111101100
000001110011101001000000110001
000000110100011001111111111010
111100010011101000010000011110
111110110100000100110000011110
111110010011100100001111001001
000001100111100010110001000110
111101011100001010111111011100
111110001111110111111111100000
000011100111111001000000001100
111110000000001110011111101011
000000100011111011111111111010
111101011111101100100000000010
111111001111101010111111100110
111111101111111101110000100001
000010000111111100000000000001
000010011111111110101111111001
000011100111110100000000011011
111011111000001001111111011101
111110010011111001001111011110
111110011111110010000000000110
000000010111111000111111011011
111111010011111010010000100110
111011111100001001011111101001
000000101111111111100000010101
000000110011111001011110111011
111101111111111101111111110110
000001001111101111111111110010
111110110011110110011111110111
000001011011110001011111001110
111110100100001111111111011110
000000000011111111010000100010
000100010100001011010000100011
111111011111110111010000010111
111111010111101101010000001011
000010001000000100101111010100
111110101000100100000000001001
111110001100001011101111110001
000001111111111010101111011111
000001101000001011110000001001
111111010000110011011111101010
111111010011110111111110100111
000101011100001101000000100000
111101101000100010000000000101
000000001011111100011111110001
000001011000000010101111000110
111111001000010000100000010010
000000110111111010011111101010
000001110011111011011111100110
